file,sweep,set,factor,value,n_prc,n_tsk,n_frq,u_mand_factor,u_opt_factor,rho,xi,U_M,U_O,B,H,J,e_mand_fmax,e_full_fmax,e_mand_min,feasible,donate_ok,seed,redraws,model,status,model_feasible,utility,energy,util_per_energy,runtime,gap,error
u_mand_factor\set00\u_mand_factor_0.1.py,u_mand_factor,0,u_mand_factor,0.1,2,8,5,0.1,0.5,0.7,0.6,0.2,0.9,70.840003,80,29,18.399999,101.200005,8.817142,1,0,1000,0,ilp_v2,optimal,1,269.727721,70.623375,3.819241,0.0214,0.0,
u_mand_factor\set00\u_mand_factor_0.1.py,u_mand_factor,0,u_mand_factor,0.1,2,8,5,0.1,0.5,0.7,0.6,0.2,0.9,70.840003,80,29,18.399999,101.200005,8.817142,1,0,1000,0,heuristic_v5b,solved,1,269.727721,70.583105,3.82142,0.0109,,
u_mand_factor\set00\u_mand_factor_0.1.py,u_mand_factor,0,u_mand_factor,0.1,2,8,5,0.1,0.5,0.7,0.6,0.2,0.9,70.840003,80,29,18.399999,101.200005,8.817142,1,0,1000,0,heuristic_v7,solved,1,269.727721,70.583105,3.82142,0.0973,,
u_mand_factor\set00\u_mand_factor_0.2.py,u_mand_factor,0,u_mand_factor,0.2,2,8,5,0.2,0.5,0.7,0.6,0.4,0.8,77.280001,80,29,36.800005,110.400001,17.634288,1,0,1000,0,ilp_v2,optimal,1,235.719363,75.892585,3.10596,0.0192,0.0,
u_mand_factor\set00\u_mand_factor_0.2.py,u_mand_factor,0,u_mand_factor,0.2,2,8,5,0.2,0.5,0.7,0.6,0.4,0.8,77.280001,80,29,36.800005,110.400001,17.634288,1,0,1000,0,heuristic_v5b,solved,1,235.719363,77.141785,3.055664,0.0108,,
u_mand_factor\set00\u_mand_factor_0.2.py,u_mand_factor,0,u_mand_factor,0.2,2,8,5,0.2,0.5,0.7,0.6,0.4,0.8,77.280001,80,29,36.800005,110.400001,17.634288,1,0,1000,0,heuristic_v7,solved,1,235.719363,77.141785,3.055664,0.1634,,
u_mand_factor\set00\u_mand_factor_0.3.py,u_mand_factor,0,u_mand_factor,0.3,2,8,5,0.3,0.5,0.7,0.6,0.6,0.7,83.719998,80,29,55.199995,119.599997,26.451426,1,1,1000,0,ilp_v2,optimal,1,203.729585,83.429738,2.44193,0.0184,0.0,
u_mand_factor\set00\u_mand_factor_0.3.py,u_mand_factor,0,u_mand_factor,0.3,2,8,5,0.3,0.5,0.7,0.6,0.6,0.7,83.719998,80,29,55.199995,119.599997,26.451426,1,1,1000,0,heuristic_v5b,solved,1,203.729585,83.47845,2.440505,0.0128,,
u_mand_factor\set00\u_mand_factor_0.3.py,u_mand_factor,0,u_mand_factor,0.3,2,8,5,0.3,0.5,0.7,0.6,0.6,0.7,83.719998,80,29,55.199995,119.599997,26.451426,1,1,1000,0,heuristic_v7,solved,1,203.729585,83.47845,2.440505,0.1673,,
u_mand_factor\set00\u_mand_factor_0.4.py,u_mand_factor,0,u_mand_factor,0.4,2,8,5,0.4,0.5,0.7,0.6,0.8,0.6,90.160002,80,29,73.6,128.800002,35.268571,1,1,1000,0,ilp_v2,optimal,1,172.250096,89.390297,1.926944,0.0231,0.0,
u_mand_factor\set00\u_mand_factor_0.4.py,u_mand_factor,0,u_mand_factor,0.4,2,8,5,0.4,0.5,0.7,0.6,0.8,0.6,90.160002,80,29,73.6,128.800002,35.268571,1,1,1000,0,heuristic_v5b,solved,1,165.925743,89.764718,1.848452,0.0164,,
u_mand_factor\set00\u_mand_factor_0.4.py,u_mand_factor,0,u_mand_factor,0.4,2,8,5,0.4,0.5,0.7,0.6,0.8,0.6,90.160002,80,29,73.6,128.800002,35.268571,1,1,1000,0,heuristic_v7,solved,1,172.250096,90.13639,1.910994,0.1359,,
u_mand_factor\set00\u_mand_factor_0.5.py,u_mand_factor,0,u_mand_factor,0.5,2,8,5,0.5,0.5,0.7,0.6,1.0,0.5,96.600007,80,29,91.999999,138.00001,44.085714,1,1,1000,0,ilp_v2,optimal,1,140.718686,96.578499,1.457039,0.0503,0.0,
u_mand_factor\set00\u_mand_factor_0.5.py,u_mand_factor,0,u_mand_factor,0.5,2,8,5,0.5,0.5,0.7,0.6,1.0,0.5,96.600007,80,29,91.999999,138.00001,44.085714,1,1,1000,0,heuristic_v5b,solved,1,131.914051,95.76214,1.377518,0.015,,
u_mand_factor\set00\u_mand_factor_0.5.py,u_mand_factor,0,u_mand_factor,0.5,2,8,5,0.5,0.5,0.7,0.6,1.0,0.5,96.600007,80,29,91.999999,138.00001,44.085714,1,1,1000,0,heuristic_v7,solved,1,142.485857,96.082744,1.482949,0.1113,,
u_mand_factor\set00\u_mand_factor_0.6.py,u_mand_factor,0,u_mand_factor,0.6,2,8,5,0.6,0.5,0.7,0.6,1.2,0.4,103.039996,80,29,110.399999,147.199994,52.902857,1,1,1000,0,ilp_v2,optimal,1,105.258351,103.015438,1.021773,0.5024,0.0,
u_mand_factor\set00\u_mand_factor_0.6.py,u_mand_factor,0,u_mand_factor,0.6,2,8,5,0.6,0.5,0.7,0.6,1.2,0.4,103.039996,80,29,110.399999,147.199994,52.902857,1,1,1000,0,heuristic_v5b,solved,1,102.682714,102.482438,1.001954,0.0176,,
u_mand_factor\set00\u_mand_factor_0.6.py,u_mand_factor,0,u_mand_factor,0.6,2,8,5,0.6,0.5,0.7,0.6,1.2,0.4,103.039996,80,29,110.399999,147.199994,52.902857,1,1,1000,0,heuristic_v7,solved,1,109.931288,102.825593,1.069104,0.2777,,
u_mand_factor\set00\u_mand_factor_0.7.py,u_mand_factor,0,u_mand_factor,0.7,2,8,5,0.7,0.5,0.7,0.6,1.4,0.3,109.480003,80,29,128.799994,156.400005,61.719997,1,1,1000,0,ilp_v2,optimal,1,61.13621,109.479015,0.558429,0.5985,0.0,
u_mand_factor\set00\u_mand_factor_0.7.py,u_mand_factor,0,u_mand_factor,0.7,2,8,5,0.7,0.5,0.7,0.6,1.4,0.3,109.480003,80,29,128.799994,156.400005,61.719997,1,1,1000,0,heuristic_v5b,solved,1,41.131847,109.084574,0.377064,0.0285,,
u_mand_factor\set00\u_mand_factor_0.7.py,u_mand_factor,0,u_mand_factor,0.7,2,8,5,0.7,0.5,0.7,0.6,1.4,0.3,109.480003,80,29,128.799994,156.400005,61.719997,1,1,1000,0,heuristic_v7,solved,1,67.666471,108.954322,0.621054,0.2993,,
u_mand_factor\set00\u_mand_factor_0.8.py,u_mand_factor,0,u_mand_factor,0.8,2,8,5,0.8,0.5,0.7,0.6,1.6,0.2,115.920003,80,29,147.200002,165.600005,70.537144,1,1,1000,0,ilp_v2,optimal,1,-0.0,115.902959,-0.0,0.0549,0.0,
u_mand_factor\set00\u_mand_factor_0.8.py,u_mand_factor,0,u_mand_factor,0.8,2,8,5,0.8,0.5,0.7,0.6,1.6,0.2,115.920003,80,29,147.200002,165.600005,70.537144,1,1,1000,0,heuristic_v5b,infeasible,0,,122.424255,,0.0285,,over budget: E=122.4243 > B=115.9200
u_mand_factor\set00\u_mand_factor_0.8.py,u_mand_factor,0,u_mand_factor,0.8,2,8,5,0.8,0.5,0.7,0.6,1.6,0.2,115.920003,80,29,147.200002,165.600005,70.537144,1,1,1000,0,heuristic_v7,solved,1,19.284102,115.906534,0.166376,0.5627,,
u_mand_factor\set00\u_mand_factor_0.9.py,u_mand_factor,0,u_mand_factor,0.9,2,8,5,0.9,0.5,0.7,0.6,1.8,0.1,122.360007,80,29,165.600003,174.80001,79.354287,1,1,1000,0,ilp_v2,infeasible,0,,,,0.0122,,
u_mand_factor\set00\u_mand_factor_0.9.py,u_mand_factor,0,u_mand_factor,0.9,2,8,5,0.9,0.5,0.7,0.6,1.8,0.1,122.360007,80,29,165.600003,174.80001,79.354287,1,1,1000,0,heuristic_v5b,infeasible,0,,141.490937,,0.0373,,over budget: E=141.4909 > B=122.3600
u_mand_factor\set00\u_mand_factor_0.9.py,u_mand_factor,0,u_mand_factor,0.9,2,8,5,0.9,0.5,0.7,0.6,1.8,0.1,122.360007,80,29,165.600003,174.80001,79.354287,1,1,1000,0,heuristic_v7,infeasible,0,,141.296447,,0.2971,,over budget: E=141.2964 > B=122.3600
u_mand_factor\set01\u_mand_factor_0.1.py,u_mand_factor,1,u_mand_factor,0.1,2,8,5,0.1,0.5,0.7,0.6,0.2,0.9,70.840001,80,23,18.400005,101.200001,8.573335,1,0,1001,0,ilp_v2,optimal,1,241.298617,70.14062,3.440212,0.0077,0.0,
u_mand_factor\set01\u_mand_factor_0.1.py,u_mand_factor,1,u_mand_factor,0.1,2,8,5,0.1,0.5,0.7,0.6,0.2,0.9,70.840001,80,23,18.400005,101.200001,8.573335,1,0,1001,0,heuristic_v5b,solved,1,241.298617,66.923782,3.605574,0.0044,,
u_mand_factor\set01\u_mand_factor_0.1.py,u_mand_factor,1,u_mand_factor,0.1,2,8,5,0.1,0.5,0.7,0.6,0.2,0.9,70.840001,80,23,18.400005,101.200001,8.573335,1,0,1001,0,heuristic_v7,solved,1,241.298617,66.923782,3.605574,0.0372,,
u_mand_factor\set01\u_mand_factor_0.2.py,u_mand_factor,1,u_mand_factor,0.2,2,8,5,0.2,0.5,0.7,0.6,0.4,0.8,77.279998,80,23,36.799997,110.399998,17.146665,1,0,1001,0,ilp_v2,optimal,1,221.710296,75.237343,2.946812,0.0073,0.0,
u_mand_factor\set01\u_mand_factor_0.2.py,u_mand_factor,1,u_mand_factor,0.2,2,8,5,0.2,0.5,0.7,0.6,0.4,0.8,77.279998,80,23,36.799997,110.399998,17.146665,1,0,1001,0,heuristic_v5b,solved,1,221.710296,74.400645,2.979951,0.0045,,
u_mand_factor\set01\u_mand_factor_0.2.py,u_mand_factor,1,u_mand_factor,0.2,2,8,5,0.2,0.5,0.7,0.6,0.4,0.8,77.279998,80,23,36.799997,110.399998,17.146665,1,0,1001,0,heuristic_v7,solved,1,221.710296,74.400645,2.979951,0.0426,,
u_mand_factor\set01\u_mand_factor_0.3.py,u_mand_factor,1,u_mand_factor,0.3,2,8,5,0.3,0.5,0.7,0.6,0.6,0.7,83.720006,80,23,55.200001,119.600009,25.720001,1,1,1001,0,ilp_v2,optimal,1,196.563907,83.538563,2.352972,0.0547,0.0,
u_mand_factor\set01\u_mand_factor_0.3.py,u_mand_factor,1,u_mand_factor,0.3,2,8,5,0.3,0.5,0.7,0.6,0.6,0.7,83.720006,80,23,55.200001,119.600009,25.720001,1,1,1001,0,heuristic_v5b,solved,1,144.070494,82.102288,1.754768,0.0043,,
u_mand_factor\set01\u_mand_factor_0.3.py,u_mand_factor,1,u_mand_factor,0.3,2,8,5,0.3,0.5,0.7,0.6,0.6,0.7,83.720006,80,23,55.200001,119.600009,25.720001,1,1,1001,0,heuristic_v7,solved,1,182.707224,83.668513,2.183703,0.0657,,
u_mand_factor\set01\u_mand_factor_0.4.py,u_mand_factor,1,u_mand_factor,0.4,2,8,5,0.4,0.5,0.7,0.6,0.8,0.6,90.159998,80,23,73.599998,128.799998,34.293332,1,1,1001,0,ilp_v2,optimal,1,159.595748,90.135339,1.770623,0.0872,0.0,
u_mand_factor\set01\u_mand_factor_0.4.py,u_mand_factor,1,u_mand_factor,0.4,2,8,5,0.4,0.5,0.7,0.6,0.8,0.6,90.159998,80,23,73.599998,128.799998,34.293332,1,1,1001,0,heuristic_v5b,solved,1,151.955411,90.106671,1.686395,0.0076,,
u_mand_factor\set01\u_mand_factor_0.4.py,u_mand_factor,1,u_mand_factor,0.4,2,8,5,0.4,0.5,0.7,0.6,0.8,0.6,90.159998,80,23,73.599998,128.799998,34.293332,1,1,1001,0,heuristic_v7,solved,1,152.644365,90.151178,1.693204,0.1144,,
u_mand_factor\set01\u_mand_factor_0.5.py,u_mand_factor,1,u_mand_factor,0.5,2,8,5,0.5,0.5,0.7,0.6,1.0,0.5,96.600004,80,23,92.000007,138.000006,42.86667,1,1,1001,0,ilp_v2,optimal,1,114.794519,96.587475,1.188503,0.0297,0.0,
u_mand_factor\set01\u_mand_factor_0.5.py,u_mand_factor,1,u_mand_factor,0.5,2,8,5,0.5,0.5,0.7,0.6,1.0,0.5,96.600004,80,23,92.000007,138.000006,42.86667,1,1,1001,0,heuristic_v5b,solved,1,107.978499,96.521497,1.118699,0.0065,,
u_mand_factor\set01\u_mand_factor_0.5.py,u_mand_factor,1,u_mand_factor,0.5,2,8,5,0.5,0.5,0.7,0.6,1.0,0.5,96.600004,80,23,92.000007,138.000006,42.86667,1,1,1001,0,heuristic_v7,solved,1,107.978499,96.091277,1.123708,0.0698,,
u_mand_factor\set01\u_mand_factor_0.6.py,u_mand_factor,1,u_mand_factor,0.6,2,8,5,0.6,0.5,0.7,0.6,1.2,0.4,103.039999,80,23,110.4,147.199999,51.44,1,1,1001,0,ilp_v2,optimal,1,78.120246,103.030106,0.758227,0.0539,0.0,
u_mand_factor\set01\u_mand_factor_0.6.py,u_mand_factor,1,u_mand_factor,0.6,2,8,5,0.6,0.5,0.7,0.6,1.2,0.4,103.039999,80,23,110.4,147.199999,51.44,1,1,1001,0,heuristic_v5b,solved,1,58.745465,102.490274,0.573181,0.0055,,
u_mand_factor\set01\u_mand_factor_0.6.py,u_mand_factor,1,u_mand_factor,0.6,2,8,5,0.6,0.5,0.7,0.6,1.2,0.4,103.039999,80,23,110.4,147.199999,51.44,1,1,1001,0,heuristic_v7,solved,1,70.396346,103.02992,0.683261,0.0965,,
u_mand_factor\set01\u_mand_factor_0.7.py,u_mand_factor,1,u_mand_factor,0.7,2,8,5,0.7,0.5,0.7,0.6,1.4,0.3,109.480001,80,23,128.800001,156.400001,60.013334,1,1,1001,0,ilp_v2,optimal,1,38.022755,109.475683,0.347317,0.3334,0.0,
u_mand_factor\set01\u_mand_factor_0.7.py,u_mand_factor,1,u_mand_factor,0.7,2,8,5,0.7,0.5,0.7,0.6,1.4,0.3,109.480001,80,23,128.800001,156.400001,60.013334,1,1,1001,0,heuristic_v5b,infeasible,0,,109.574481,,0.0152,,over budget: E=109.5745 > B=109.4800
u_mand_factor\set01\u_mand_factor_0.7.py,u_mand_factor,1,u_mand_factor,0.7,2,8,5,0.7,0.5,0.7,0.6,1.4,0.3,109.480001,80,23,128.800001,156.400001,60.013334,1,1,1001,0,heuristic_v7,solved,1,31.187073,109.450255,0.284943,0.1625,,
u_mand_factor\set01\u_mand_factor_0.8.py,u_mand_factor,1,u_mand_factor,0.8,2,8,5,0.8,0.5,0.7,0.6,1.6,0.2,115.920003,80,23,147.200003,165.600005,68.586668,1,1,1001,0,ilp_v2,infeasible,0,,,,0.0068,,
u_mand_factor\set01\u_mand_factor_0.8.py,u_mand_factor,1,u_mand_factor,0.8,2,8,5,0.8,0.5,0.7,0.6,1.6,0.2,115.920003,80,23,147.200003,165.600005,68.586668,1,1,1001,0,heuristic_v5b,infeasible,0,,118.589547,,0.0136,,over budget: E=118.5895 > B=115.9200
u_mand_factor\set01\u_mand_factor_0.8.py,u_mand_factor,1,u_mand_factor,0.8,2,8,5,0.8,0.5,0.7,0.6,1.6,0.2,115.920003,80,23,147.200003,165.600005,68.586668,1,1,1001,0,heuristic_v7,infeasible,0,,118.344624,,0.0833,,over budget: E=118.3446 > B=115.9200
u_mand_factor\set01\u_mand_factor_0.9.py,u_mand_factor,1,u_mand_factor,0.9,2,8,5,0.9,0.5,0.7,0.6,1.8,0.1,122.359998,80,23,165.600002,174.799998,77.160001,1,1,1001,0,ilp_v2,infeasible,0,,,,0.0151,,
u_mand_factor\set01\u_mand_factor_0.9.py,u_mand_factor,1,u_mand_factor,0.9,2,8,5,0.9,0.5,0.7,0.6,1.8,0.1,122.359998,80,23,165.600002,174.799998,77.160001,1,1,1001,0,heuristic_v5b,infeasible,0,,,,0.0,,
u_mand_factor\set01\u_mand_factor_0.9.py,u_mand_factor,1,u_mand_factor,0.9,2,8,5,0.9,0.5,0.7,0.6,1.8,0.1,122.359998,80,23,165.600002,174.799998,77.160001,1,1,1001,0,heuristic_v7,infeasible,0,,,,0.0,,
u_mand_factor\set02\u_mand_factor_0.1.py,u_mand_factor,2,u_mand_factor,0.1,2,8,5,0.1,0.5,0.7,0.6,0.2,0.9,70.839998,80,30,18.400002,101.199998,8.560001,1,0,1002,0,ilp_v2,optimal,1,231.076153,64.253358,3.596328,0.0207,0.0,
u_mand_factor\set02\u_mand_factor_0.1.py,u_mand_factor,2,u_mand_factor,0.1,2,8,5,0.1,0.5,0.7,0.6,0.2,0.9,70.839998,80,30,18.400002,101.199998,8.560001,1,0,1002,0,heuristic_v5b,solved,1,231.076153,67.734957,3.411476,0.0079,,
u_mand_factor\set02\u_mand_factor_0.1.py,u_mand_factor,2,u_mand_factor,0.1,2,8,5,0.1,0.5,0.7,0.6,0.2,0.9,70.839998,80,30,18.400002,101.199998,8.560001,1,0,1002,0,heuristic_v7,solved,1,231.076153,67.734957,3.411476,0.1211,,
u_mand_factor\set02\u_mand_factor_0.2.py,u_mand_factor,2,u_mand_factor,0.2,2,8,5,0.2,0.5,0.7,0.6,0.4,0.8,77.280002,80,30,36.8,110.400002,17.12,1,0,1002,0,ilp_v2,optimal,1,195.99357,71.384685,2.745597,0.0174,0.0,
u_mand_factor\set02\u_mand_factor_0.2.py,u_mand_factor,2,u_mand_factor,0.2,2,8,5,0.2,0.5,0.7,0.6,0.4,0.8,77.280002,80,30,36.8,110.400002,17.12,1,0,1002,0,heuristic_v5b,solved,1,195.99357,75.649283,2.590819,0.0084,,
u_mand_factor\set02\u_mand_factor_0.2.py,u_mand_factor,2,u_mand_factor,0.2,2,8,5,0.2,0.5,0.7,0.6,0.4,0.8,77.280002,80,30,36.8,110.400002,17.12,1,0,1002,0,heuristic_v7,solved,1,195.99357,75.649283,2.590819,0.105,,
u_mand_factor\set02\u_mand_factor_0.3.py,u_mand_factor,2,u_mand_factor,0.3,2,8,5,0.3,0.5,0.7,0.6,0.6,0.7,83.719992,80,30,55.200001,119.599988,25.680001,1,1,1002,0,ilp_v2,optimal,1,149.213423,82.079365,1.817916,0.0161,0.0,
u_mand_factor\set02\u_mand_factor_0.3.py,u_mand_factor,2,u_mand_factor,0.3,2,8,5,0.3,0.5,0.7,0.6,0.6,0.7,83.719992,80,30,55.200001,119.599988,25.680001,1,1,1002,0,heuristic_v5b,solved,1,149.213423,81.571173,1.829242,0.0117,,
u_mand_factor\set02\u_mand_factor_0.3.py,u_mand_factor,2,u_mand_factor,0.3,2,8,5,0.3,0.5,0.7,0.6,0.6,0.7,83.719992,80,30,55.200001,119.599988,25.680001,1,1,1002,0,heuristic_v7,solved,1,149.213423,80.455197,1.854615,0.1759,,
u_mand_factor\set02\u_mand_factor_0.4.py,u_mand_factor,2,u_mand_factor,0.4,2,8,5,0.4,0.5,0.7,0.6,0.8,0.6,90.160004,80,30,73.599997,128.800006,34.239998,1,1,1002,0,ilp_v2,optimal,1,139.307634,89.945117,1.548807,0.0205,0.0,
u_mand_factor\set02\u_mand_factor_0.4.py,u_mand_factor,2,u_mand_factor,0.4,2,8,5,0.4,0.5,0.7,0.6,0.8,0.6,90.160004,80,30,73.599997,128.800006,34.239998,1,1,1002,0,heuristic_v5b,solved,1,138.930722,90.072967,1.542424,0.0115,,
u_mand_factor\set02\u_mand_factor_0.4.py,u_mand_factor,2,u_mand_factor,0.4,2,8,5,0.4,0.5,0.7,0.6,0.8,0.6,90.160004,80,30,73.599997,128.800006,34.239998,1,1,1002,0,heuristic_v7,solved,1,139.307634,88.290977,1.577824,0.3092,,
u_mand_factor\set02\u_mand_factor_0.5.py,u_mand_factor,2,u_mand_factor,0.5,2,8,5,0.5,0.5,0.7,0.6,1.0,0.5,96.599995,80,30,91.999999,137.999993,42.799999,1,1,1002,0,ilp_v2,optimal,1,127.864154,96.53101,1.324591,0.0744,0.0,
u_mand_factor\set02\u_mand_factor_0.5.py,u_mand_factor,2,u_mand_factor,0.5,2,8,5,0.5,0.5,0.7,0.6,1.0,0.5,96.599995,80,30,91.999999,137.999993,42.799999,1,1,1002,0,heuristic_v5b,solved,1,122.524191,94.951821,1.290383,0.0155,,
u_mand_factor\set02\u_mand_factor_0.5.py,u_mand_factor,2,u_mand_factor,0.5,2,8,5,0.5,0.5,0.7,0.6,1.0,0.5,96.599995,80,30,91.999999,137.999993,42.799999,1,1,1002,0,heuristic_v7,solved,1,126.136734,94.835749,1.330055,0.1368,,
u_mand_factor\set02\u_mand_factor_0.6.py,u_mand_factor,2,u_mand_factor,0.6,2,8,5,0.6,0.5,0.7,0.6,1.2,0.4,103.039989,80,30,110.399998,147.199984,51.359999,1,1,1002,0,ilp_v2,optimal,1,95.724607,103.032751,0.92907,2.1187,9.5e-05,
u_mand_factor\set02\u_mand_factor_0.6.py,u_mand_factor,2,u_mand_factor,0.6,2,8,5,0.6,0.5,0.7,0.6,1.2,0.4,103.039989,80,30,110.399998,147.199984,51.359999,1,1,1002,0,heuristic_v5b,solved,1,89.02915,101.091099,0.880682,0.0198,,
u_mand_factor\set02\u_mand_factor_0.6.py,u_mand_factor,2,u_mand_factor,0.6,2,8,5,0.6,0.5,0.7,0.6,1.2,0.4,103.039989,80,30,110.399998,147.199984,51.359999,1,1,1002,0,heuristic_v7,solved,1,92.13904,102.787124,0.896406,0.3087,,
u_mand_factor\set02\u_mand_factor_0.7.py,u_mand_factor,2,u_mand_factor,0.7,2,8,5,0.7,0.5,0.7,0.6,1.4,0.3,109.48001,80,30,128.799998,156.400014,59.919999,1,1,1002,0,ilp_v2,optimal,1,51.628985,109.479501,0.471586,0.1656,0.0,
u_mand_factor\set02\u_mand_factor_0.7.py,u_mand_factor,2,u_mand_factor,0.7,2,8,5,0.7,0.5,0.7,0.6,1.4,0.3,109.48001,80,30,128.799998,156.400014,59.919999,1,1,1002,0,heuristic_v5b,solved,1,22.212826,109.072029,0.203653,0.0265,,
u_mand_factor\set02\u_mand_factor_0.7.py,u_mand_factor,2,u_mand_factor,0.7,2,8,5,0.7,0.5,0.7,0.6,1.4,0.3,109.48001,80,30,128.799998,156.400014,59.919999,1,1,1002,0,heuristic_v7,solved,1,57.977838,109.45443,0.529698,0.5589,,
u_mand_factor\set02\u_mand_factor_0.8.py,u_mand_factor,2,u_mand_factor,0.8,2,8,5,0.8,0.5,0.7,0.6,1.6,0.2,115.920013,80,30,147.199999,165.600018,68.479999,1,1,1002,0,ilp_v2,optimal,1,4.265125,115.918371,0.036794,1.1301,0.0,
u_mand_factor\set02\u_mand_factor_0.8.py,u_mand_factor,2,u_mand_factor,0.8,2,8,5,0.8,0.5,0.7,0.6,1.6,0.2,115.920013,80,30,147.199999,165.600018,68.479999,1,1,1002,0,heuristic_v5b,solved,1,3.734254,115.911477,0.032216,0.0918,,
u_mand_factor\set02\u_mand_factor_0.8.py,u_mand_factor,2,u_mand_factor,0.8,2,8,5,0.8,0.5,0.7,0.6,1.6,0.2,115.920013,80,30,147.199999,165.600018,68.479999,1,1,1002,0,heuristic_v7,solved,1,4.102178,115.899067,0.035394,0.4671,,
u_mand_factor\set02\u_mand_factor_0.9.py,u_mand_factor,2,u_mand_factor,0.9,2,8,5,0.9,0.5,0.7,0.6,1.8,0.1,122.359999,80,30,165.600003,174.799999,77.040002,1,1,1002,0,ilp_v2,infeasible,0,,,,0.0266,,
u_mand_factor\set02\u_mand_factor_0.9.py,u_mand_factor,2,u_mand_factor,0.9,2,8,5,0.9,0.5,0.7,0.6,1.8,0.1,122.359999,80,30,165.600003,174.799999,77.040002,1,1,1002,0,heuristic_v5b,infeasible,0,,,,0.0,,
u_mand_factor\set02\u_mand_factor_0.9.py,u_mand_factor,2,u_mand_factor,0.9,2,8,5,0.9,0.5,0.7,0.6,1.8,0.1,122.359999,80,30,165.600003,174.799999,77.040002,1,1,1002,0,heuristic_v7,infeasible,0,,,,0.0,,
u_mand_factor\set03\u_mand_factor_0.1.py,u_mand_factor,3,u_mand_factor,0.1,2,8,5,0.1,0.5,0.7,0.6,0.2,0.9,70.839997,80,27,18.399999,101.199995,8.573333,1,0,1003,0,ilp_v2,optimal,1,235.991183,58.649376,4.023763,0.0135,0.0,
u_mand_factor\set03\u_mand_factor_0.1.py,u_mand_factor,3,u_mand_factor,0.1,2,8,5,0.1,0.5,0.7,0.6,0.2,0.9,70.839997,80,27,18.399999,101.199995,8.573333,1,0,1003,0,heuristic_v5b,solved,1,235.991183,69.101688,3.415129,0.0061,,
u_mand_factor\set03\u_mand_factor_0.1.py,u_mand_factor,3,u_mand_factor,0.1,2,8,5,0.1,0.5,0.7,0.6,0.2,0.9,70.839997,80,27,18.399999,101.199995,8.573333,1,0,1003,0,heuristic_v7,solved,1,235.991183,69.101688,3.415129,0.188,,
u_mand_factor\set03\u_mand_factor_0.2.py,u_mand_factor,3,u_mand_factor,0.2,2,8,5,0.2,0.5,0.7,0.6,0.4,0.8,77.279998,80,27,36.799992,110.399997,17.146663,1,0,1003,0,ilp_v2,optimal,1,199.11193,73.358492,2.714232,0.016,0.0,
u_mand_factor\set03\u_mand_factor_0.2.py,u_mand_factor,3,u_mand_factor,0.2,2,8,5,0.2,0.5,0.7,0.6,0.4,0.8,77.279998,80,27,36.799992,110.399997,17.146663,1,0,1003,0,heuristic_v5b,solved,1,199.11193,76.997901,2.58594,0.0087,,
u_mand_factor\set03\u_mand_factor_0.2.py,u_mand_factor,3,u_mand_factor,0.2,2,8,5,0.2,0.5,0.7,0.6,0.4,0.8,77.279998,80,27,36.799992,110.399997,17.146663,1,0,1003,0,heuristic_v7,solved,1,199.11193,73.596391,2.705458,0.1379,,
u_mand_factor\set03\u_mand_factor_0.3.py,u_mand_factor,3,u_mand_factor,0.3,2,8,5,0.3,0.5,0.7,0.6,0.6,0.7,83.72,80,27,55.199999,119.6,25.719999,1,1,1003,0,ilp_v2,optimal,1,175.867909,83.694459,2.101309,0.0152,0.0,
u_mand_factor\set03\u_mand_factor_0.3.py,u_mand_factor,3,u_mand_factor,0.3,2,8,5,0.3,0.5,0.7,0.6,0.6,0.7,83.72,80,27,55.199999,119.6,25.719999,1,1,1003,0,heuristic_v5b,solved,1,175.867909,80.71769,2.178803,0.0084,,
u_mand_factor\set03\u_mand_factor_0.3.py,u_mand_factor,3,u_mand_factor,0.3,2,8,5,0.3,0.5,0.7,0.6,0.6,0.7,83.72,80,27,55.199999,119.6,25.719999,1,1,1003,0,heuristic_v7,solved,1,175.867909,83.132464,2.115514,0.1171,,
u_mand_factor\set03\u_mand_factor_0.4.py,u_mand_factor,3,u_mand_factor,0.4,2,8,5,0.4,0.5,0.7,0.6,0.8,0.6,90.160009,80,27,73.600006,128.800013,34.293336,1,1,1003,0,ilp_v2,optimal,1,150.398871,89.976693,1.671531,0.0212,0.0,
u_mand_factor\set03\u_mand_factor_0.4.py,u_mand_factor,3,u_mand_factor,0.4,2,8,5,0.4,0.5,0.7,0.6,0.8,0.6,90.160009,80,27,73.600006,128.800013,34.293336,1,1,1003,0,heuristic_v5b,solved,1,139.198123,88.558232,1.571826,0.0086,,
u_mand_factor\set03\u_mand_factor_0.4.py,u_mand_factor,3,u_mand_factor,0.4,2,8,5,0.4,0.5,0.7,0.6,0.8,0.6,90.160009,80,27,73.600006,128.800013,34.293336,1,1,1003,0,heuristic_v7,solved,1,150.398871,83.038842,1.811187,0.0773,,
u_mand_factor\set03\u_mand_factor_0.5.py,u_mand_factor,3,u_mand_factor,0.5,2,8,5,0.5,0.5,0.7,0.6,1.0,0.5,96.6,80,27,92.000005,138.0,42.866669,1,1,1003,0,ilp_v2,optimal,1,126.749218,96.575703,1.312434,0.0412,0.0,
u_mand_factor\set03\u_mand_factor_0.5.py,u_mand_factor,3,u_mand_factor,0.5,2,8,5,0.5,0.5,0.7,0.6,1.0,0.5,96.6,80,27,92.000005,138.0,42.866669,1,1,1003,0,heuristic_v5b,solved,1,118.533754,94.983939,1.247935,0.0106,,
u_mand_factor\set03\u_mand_factor_0.5.py,u_mand_factor,3,u_mand_factor,0.5,2,8,5,0.5,0.5,0.7,0.6,1.0,0.5,96.6,80,27,92.000005,138.0,42.866669,1,1,1003,0,heuristic_v7,solved,1,124.840385,96.596577,1.292389,0.1147,,
u_mand_factor\set03\u_mand_factor_0.6.py,u_mand_factor,3,u_mand_factor,0.6,2,8,5,0.6,0.5,0.7,0.6,1.2,0.4,103.039998,80,27,110.399999,147.199998,51.439999,1,1,1003,0,ilp_v2,optimal,1,90.854441,103.036262,0.881772,0.7147,2.7e-05,
u_mand_factor\set03\u_mand_factor_0.6.py,u_mand_factor,3,u_mand_factor,0.6,2,8,5,0.6,0.5,0.7,0.6,1.2,0.4,103.039998,80,27,110.399999,147.199998,51.439999,1,1,1003,0,heuristic_v5b,solved,1,89.001003,102.772597,0.865999,0.0206,,
u_mand_factor\set03\u_mand_factor_0.6.py,u_mand_factor,3,u_mand_factor,0.6,2,8,5,0.6,0.5,0.7,0.6,1.2,0.4,103.039998,80,27,110.399999,147.199998,51.439999,1,1,1003,0,heuristic_v7,solved,1,89.543047,103.016093,0.869214,0.2367,,
u_mand_factor\set03\u_mand_factor_0.7.py,u_mand_factor,3,u_mand_factor,0.7,2,8,5,0.7,0.5,0.7,0.6,1.4,0.3,109.480005,80,27,128.799997,156.400007,60.013332,1,1,1003,0,ilp_v2,optimal,1,51.560499,109.451274,0.471082,0.2918,0.0,
u_mand_factor\set03\u_mand_factor_0.7.py,u_mand_factor,3,u_mand_factor,0.7,2,8,5,0.7,0.5,0.7,0.6,1.4,0.3,109.480005,80,27,128.799997,156.400007,60.013332,1,1,1003,0,heuristic_v5b,solved,1,45.527748,109.477703,0.415863,0.0123,,
u_mand_factor\set03\u_mand_factor_0.7.py,u_mand_factor,3,u_mand_factor,0.7,2,8,5,0.7,0.5,0.7,0.6,1.4,0.3,109.480005,80,27,128.799997,156.400007,60.013332,1,1,1003,0,heuristic_v7,solved,1,47.647329,109.455459,0.435312,0.3709,,
u_mand_factor\set03\u_mand_factor_0.8.py,u_mand_factor,3,u_mand_factor,0.8,2,8,5,0.8,0.5,0.7,0.6,1.6,0.2,115.919992,80,27,147.199999,165.599988,68.586666,1,1,1003,0,ilp_v2,infeasible,0,,,,0.0143,,
u_mand_factor\set03\u_mand_factor_0.8.py,u_mand_factor,3,u_mand_factor,0.8,2,8,5,0.8,0.5,0.7,0.6,1.6,0.2,115.919992,80,27,147.199999,165.599988,68.586666,1,1,1003,0,heuristic_v5b,infeasible,0,,118.645654,,0.0323,,over budget: E=118.6457 > B=115.9200
u_mand_factor\set03\u_mand_factor_0.8.py,u_mand_factor,3,u_mand_factor,0.8,2,8,5,0.8,0.5,0.7,0.6,1.6,0.2,115.919992,80,27,147.199999,165.599988,68.586666,1,1,1003,0,heuristic_v7,solved,1,2.942686,115.918534,0.025386,0.3587,,
u_mand_factor\set03\u_mand_factor_0.9.py,u_mand_factor,3,u_mand_factor,0.9,2,8,5,0.9,0.5,0.7,0.6,1.8,0.1,122.360006,80,27,165.599995,174.800009,77.159998,1,1,1003,0,ilp_v2,infeasible,0,,,,0.0177,,
u_mand_factor\set03\u_mand_factor_0.9.py,u_mand_factor,3,u_mand_factor,0.9,2,8,5,0.9,0.5,0.7,0.6,1.8,0.1,122.360006,80,27,165.599995,174.800009,77.159998,1,1,1003,0,heuristic_v5b,infeasible,0,,149.39841,,0.0321,,over budget: E=149.3984 > B=122.3600
u_mand_factor\set03\u_mand_factor_0.9.py,u_mand_factor,3,u_mand_factor,0.9,2,8,5,0.9,0.5,0.7,0.6,1.8,0.1,122.360006,80,27,165.599995,174.800009,77.159998,1,1,1003,0,heuristic_v7,infeasible,0,,149.89869,,0.2518,,over budget: E=149.8987 > B=122.3600
u_mand_factor\set04\u_mand_factor_0.1.py,u_mand_factor,4,u_mand_factor,0.1,2,8,5,0.1,0.5,0.7,0.6,0.2,0.9,70.840009,80,33,18.400001,101.200013,8.817143,1,0,1004,0,ilp_v2,optimal,1,204.299234,62.877953,3.249139,0.0208,0.0,
u_mand_factor\set04\u_mand_factor_0.1.py,u_mand_factor,4,u_mand_factor,0.1,2,8,5,0.1,0.5,0.7,0.6,0.2,0.9,70.840009,80,33,18.400001,101.200013,8.817143,1,0,1004,0,heuristic_v5b,solved,1,204.299234,67.100008,3.044698,0.0108,,
u_mand_factor\set04\u_mand_factor_0.1.py,u_mand_factor,4,u_mand_factor,0.1,2,8,5,0.1,0.5,0.7,0.6,0.2,0.9,70.840009,80,33,18.400001,101.200013,8.817143,1,0,1004,0,heuristic_v7,solved,1,204.299234,67.100008,3.044698,0.149,,
u_mand_factor\set04\u_mand_factor_0.2.py,u_mand_factor,4,u_mand_factor,0.2,2,8,5,0.2,0.5,0.7,0.6,0.4,0.8,77.280002,80,33,36.799998,110.400003,17.634285,1,0,1004,0,ilp_v2,optimal,1,182.388335,65.360454,2.7905,0.0249,0.0,
u_mand_factor\set04\u_mand_factor_0.2.py,u_mand_factor,4,u_mand_factor,0.2,2,8,5,0.2,0.5,0.7,0.6,0.4,0.8,77.280002,80,33,36.799998,110.400003,17.634285,1,0,1004,0,heuristic_v5b,solved,1,182.388335,73.200002,2.491644,0.0108,,
u_mand_factor\set04\u_mand_factor_0.2.py,u_mand_factor,4,u_mand_factor,0.2,2,8,5,0.2,0.5,0.7,0.6,0.4,0.8,77.280002,80,33,36.799998,110.400003,17.634285,1,0,1004,0,heuristic_v7,solved,1,182.388335,73.200002,2.491644,0.3907,,
u_mand_factor\set04\u_mand_factor_0.3.py,u_mand_factor,4,u_mand_factor,0.3,2,8,5,0.3,0.5,0.7,0.6,0.6,0.7,83.719986,80,33,55.199995,119.59998,26.451426,1,1,1004,0,ilp_v2,optimal,1,158.443841,78.914508,2.007791,0.0224,0.0,
u_mand_factor\set04\u_mand_factor_0.3.py,u_mand_factor,4,u_mand_factor,0.3,2,8,5,0.3,0.5,0.7,0.6,0.6,0.7,83.719986,80,33,55.199995,119.59998,26.451426,1,1,1004,0,heuristic_v5b,solved,1,158.443841,79.299987,1.998031,0.0105,,
u_mand_factor\set04\u_mand_factor_0.3.py,u_mand_factor,4,u_mand_factor,0.3,2,8,5,0.3,0.5,0.7,0.6,0.6,0.7,83.719986,80,33,55.199995,119.59998,26.451426,1,1,1004,0,heuristic_v7,solved,1,158.443841,79.299987,1.998031,0.3443,,
u_mand_factor\set04\u_mand_factor_0.4.py,u_mand_factor,4,u_mand_factor,0.4,2,8,5,0.4,0.5,0.7,0.6,0.8,0.6,90.159994,80,33,73.600001,128.799992,35.268572,1,1,1004,0,ilp_v2,optimal,1,136.653499,87.9835,1.553172,0.0245,0.0,
u_mand_factor\set04\u_mand_factor_0.4.py,u_mand_factor,4,u_mand_factor,0.4,2,8,5,0.4,0.5,0.7,0.6,0.8,0.6,90.159994,80,33,73.600001,128.799992,35.268572,1,1,1004,0,heuristic_v5b,solved,1,133.162218,89.856176,1.481948,0.0094,,
u_mand_factor\set04\u_mand_factor_0.4.py,u_mand_factor,4,u_mand_factor,0.4,2,8,5,0.4,0.5,0.7,0.6,0.8,0.6,90.159994,80,33,73.600001,128.799992,35.268572,1,1,1004,0,heuristic_v7,solved,1,136.653499,85.399995,1.600158,0.2147,,
u_mand_factor\set04\u_mand_factor_0.5.py,u_mand_factor,4,u_mand_factor,0.5,2,8,5,0.5,0.5,0.7,0.6,1.0,0.5,96.6,80,33,92.000002,138.0,44.085715,1,1,1004,0,ilp_v2,optimal,1,113.626008,96.5946,1.176318,0.2145,0.0,
u_mand_factor\set04\u_mand_factor_0.5.py,u_mand_factor,4,u_mand_factor,0.5,2,8,5,0.5,0.5,0.7,0.6,1.0,0.5,96.6,80,33,92.000002,138.0,44.085715,1,1,1004,0,heuristic_v5b,solved,1,114.395521,96.30438,1.187854,0.0165,,
u_mand_factor\set04\u_mand_factor_0.5.py,u_mand_factor,4,u_mand_factor,0.5,2,8,5,0.5,0.5,0.7,0.6,1.0,0.5,96.6,80,33,92.000002,138.0,44.085715,1,1,1004,0,heuristic_v7,solved,1,114.395521,96.30438,1.187854,0.313,,
u_mand_factor\set04\u_mand_factor_0.6.py,u_mand_factor,4,u_mand_factor,0.6,2,8,5,0.6,0.5,0.7,0.6,1.2,0.4,103.039987,80,33,110.399999,147.199982,52.902857,1,1,1004,0,ilp_v2,optimal,1,86.236042,102.965419,0.837524,0.2995,0.0,
u_mand_factor\set04\u_mand_factor_0.6.py,u_mand_factor,4,u_mand_factor,0.6,2,8,5,0.6,0.5,0.7,0.6,1.2,0.4,103.039987,80,33,110.399999,147.199982,52.902857,1,1,1004,0,heuristic_v5b,solved,1,83.495173,102.0331,0.818315,0.0174,,
u_mand_factor\set04\u_mand_factor_0.6.py,u_mand_factor,4,u_mand_factor,0.6,2,8,5,0.6,0.5,0.7,0.6,1.2,0.4,103.039987,80,33,110.399999,147.199982,52.902857,1,1,1004,0,heuristic_v7,solved,1,85.544941,102.908443,0.831272,0.329,,
u_mand_factor\set04\u_mand_factor_0.7.py,u_mand_factor,4,u_mand_factor,0.7,2,8,5,0.7,0.5,0.7,0.6,1.4,0.3,109.480002,80,33,128.799995,156.400003,61.719998,1,1,1004,0,ilp_v2,optimal,1,55.345135,109.47973,0.505529,0.3667,8.1e-05,
u_mand_factor\set04\u_mand_factor_0.7.py,u_mand_factor,4,u_mand_factor,0.7,2,8,5,0.7,0.5,0.7,0.6,1.4,0.3,109.480002,80,33,128.799995,156.400003,61.719998,1,1,1004,0,heuristic_v5b,solved,1,45.920253,109.471527,0.419472,0.0198,,
u_mand_factor\set04\u_mand_factor_0.7.py,u_mand_factor,4,u_mand_factor,0.7,2,8,5,0.7,0.5,0.7,0.6,1.4,0.3,109.480002,80,33,128.799995,156.400003,61.719998,1,1,1004,0,heuristic_v7,solved,1,49.858356,109.474832,0.455432,0.5309,,
u_mand_factor\set04\u_mand_factor_0.8.py,u_mand_factor,4,u_mand_factor,0.8,2,8,5,0.8,0.5,0.7,0.6,1.6,0.2,115.920007,80,33,147.200001,165.60001,70.537143,1,1,1004,0,ilp_v2,optimal,1,9.036765,115.919915,0.077957,6.4551,0.0,
u_mand_factor\set04\u_mand_factor_0.8.py,u_mand_factor,4,u_mand_factor,0.8,2,8,5,0.8,0.5,0.7,0.6,1.6,0.2,115.920007,80,33,147.200001,165.60001,70.537143,1,1,1004,0,heuristic_v5b,solved,1,8.093824,115.919462,0.069823,0.0335,,
u_mand_factor\set04\u_mand_factor_0.8.py,u_mand_factor,4,u_mand_factor,0.8,2,8,5,0.8,0.5,0.7,0.6,1.6,0.2,115.920007,80,33,147.200001,165.60001,70.537143,1,1,1004,0,heuristic_v7,solved,1,8.093824,115.919462,0.069823,0.5579,,
u_mand_factor\set04\u_mand_factor_0.9.py,u_mand_factor,4,u_mand_factor,0.9,2,8,5,0.9,0.5,0.7,0.6,1.8,0.1,122.360001,80,33,165.599997,174.800001,79.354284,1,1,1004,0,ilp_v2,infeasible,0,,,,0.0282,,
u_mand_factor\set04\u_mand_factor_0.9.py,u_mand_factor,4,u_mand_factor,0.9,2,8,5,0.9,0.5,0.7,0.6,1.8,0.1,122.360001,80,33,165.599997,174.800001,79.354284,1,1,1004,0,heuristic_v5b,infeasible,0,,,,0.0,,
u_mand_factor\set04\u_mand_factor_0.9.py,u_mand_factor,4,u_mand_factor,0.9,2,8,5,0.9,0.5,0.7,0.6,1.8,0.1,122.360001,80,33,165.599997,174.800001,79.354284,1,1,1004,0,heuristic_v7,infeasible,0,,,,0.0,,
u_mand_factor\set05\u_mand_factor_0.1.py,u_mand_factor,5,u_mand_factor,0.1,2,8,5,0.1,0.5,0.7,0.6,0.2,0.9,70.840005,80,30,18.399999,101.200007,9.759999,1,0,1005,0,ilp_v2,optimal,1,204.010403,53.680004,3.800492,0.0121,0.0,
u_mand_factor\set05\u_mand_factor_0.1.py,u_mand_factor,5,u_mand_factor,0.1,2,8,5,0.1,0.5,0.7,0.6,0.2,0.9,70.840005,80,30,18.399999,101.200007,9.759999,1,0,1005,0,heuristic_v5b,solved,1,204.010403,70.754971,2.883337,0.0133,,
u_mand_factor\set05\u_mand_factor_0.1.py,u_mand_factor,5,u_mand_factor,0.1,2,8,5,0.1,0.5,0.7,0.6,0.2,0.9,70.840005,80,30,18.399999,101.200007,9.759999,1,0,1005,0,heuristic_v7,solved,1,204.010403,70.754971,2.883337,0.1962,,
u_mand_factor\set05\u_mand_factor_0.2.py,u_mand_factor,5,u_mand_factor,0.2,2,8,5,0.2,0.5,0.7,0.6,0.4,0.8,77.279998,80,30,36.800003,110.399998,19.520002,1,0,1005,0,ilp_v2,optimal,1,149.510432,72.214806,2.070357,0.0166,0.0,
u_mand_factor\set05\u_mand_factor_0.2.py,u_mand_factor,5,u_mand_factor,0.2,2,8,5,0.2,0.5,0.7,0.6,0.4,0.8,77.279998,80,30,36.800003,110.399998,19.520002,1,0,1005,0,heuristic_v5b,solved,1,149.510432,77.229038,1.935935,0.0123,,
u_mand_factor\set05\u_mand_factor_0.2.py,u_mand_factor,5,u_mand_factor,0.2,2,8,5,0.2,0.5,0.7,0.6,0.4,0.8,77.279998,80,30,36.800003,110.399998,19.520002,1,0,1005,0,heuristic_v7,solved,1,149.510432,77.229038,1.935935,0.1979,,
u_mand_factor\set05\u_mand_factor_0.3.py,u_mand_factor,5,u_mand_factor,0.3,2,8,5,0.3,0.5,0.7,0.6,0.6,0.7,83.720002,80,30,55.200002,119.600002,29.280001,1,1,1005,0,ilp_v2,optimal,1,139.46754,83.486656,1.670537,0.02,0.0,
u_mand_factor\set05\u_mand_factor_0.3.py,u_mand_factor,5,u_mand_factor,0.3,2,8,5,0.3,0.5,0.7,0.6,0.6,0.7,83.720002,80,30,55.200002,119.600002,29.280001,1,1,1005,0,heuristic_v5b,solved,1,139.46754,83.585111,1.668569,0.012,,
u_mand_factor\set05\u_mand_factor_0.3.py,u_mand_factor,5,u_mand_factor,0.3,2,8,5,0.3,0.5,0.7,0.6,0.6,0.7,83.720002,80,30,55.200002,119.600002,29.280001,1,1,1005,0,heuristic_v7,solved,1,139.46754,83.585111,1.668569,0.1975,,
u_mand_factor\set05\u_mand_factor_0.4.py,u_mand_factor,5,u_mand_factor,0.4,2,8,5,0.4,0.5,0.7,0.6,0.8,0.6,90.159999,80,30,73.600001,128.799999,39.040001,1,1,1005,0,ilp_v2,optimal,1,124.82805,90.111707,1.385259,0.0189,0.0,
u_mand_factor\set05\u_mand_factor_0.4.py,u_mand_factor,5,u_mand_factor,0.4,2,8,5,0.4,0.5,0.7,0.6,0.8,0.6,90.159999,80,30,73.600001,128.799999,39.040001,1,1,1005,0,heuristic_v5b,solved,1,124.82805,90.152628,1.38463,0.0132,,
u_mand_factor\set05\u_mand_factor_0.4.py,u_mand_factor,5,u_mand_factor,0.4,2,8,5,0.4,0.5,0.7,0.6,0.8,0.6,90.159999,80,30,73.600001,128.799999,39.040001,1,1,1005,0,heuristic_v7,solved,1,124.82805,90.152628,1.38463,0.1184,,
u_mand_factor\set05\u_mand_factor_0.5.py,u_mand_factor,5,u_mand_factor,0.5,2,8,5,0.5,0.5,0.7,0.6,1.0,0.5,96.600003,80,30,92.000001,138.000005,48.800001,1,1,1005,0,ilp_v2,optimal,1,106.33217,96.598133,1.100768,0.1853,3e-06,
u_mand_factor\set05\u_mand_factor_0.5.py,u_mand_factor,5,u_mand_factor,0.5,2,8,5,0.5,0.5,0.7,0.6,1.0,0.5,96.600003,80,30,92.000001,138.000005,48.800001,1,1,1005,0,heuristic_v5b,solved,1,96.178763,95.793273,1.004024,0.0301,,
u_mand_factor\set05\u_mand_factor_0.5.py,u_mand_factor,5,u_mand_factor,0.5,2,8,5,0.5,0.5,0.7,0.6,1.0,0.5,96.600003,80,30,92.000001,138.000005,48.800001,1,1,1005,0,heuristic_v7,solved,1,110.181859,95.620551,1.152282,0.2468,,
u_mand_factor\set05\u_mand_factor_0.6.py,u_mand_factor,5,u_mand_factor,0.6,2,8,5,0.6,0.5,0.7,0.6,1.2,0.4,103.040006,80,30,110.400003,147.200008,58.560002,1,1,1005,0,ilp_v2,optimal,1,84.229463,103.035932,0.817477,0.4594,9.8e-05,
u_mand_factor\set05\u_mand_factor_0.6.py,u_mand_factor,5,u_mand_factor,0.6,2,8,5,0.6,0.5,0.7,0.6,1.2,0.4,103.040006,80,30,110.400003,147.200008,58.560002,1,1,1005,0,heuristic_v5b,solved,1,71.753825,102.967278,0.69686,0.0173,,
u_mand_factor\set05\u_mand_factor_0.6.py,u_mand_factor,5,u_mand_factor,0.6,2,8,5,0.6,0.5,0.7,0.6,1.2,0.4,103.040006,80,30,110.400003,147.200008,58.560002,1,1,1005,0,heuristic_v7,solved,1,91.048563,102.10017,0.891757,0.3151,,
u_mand_factor\set05\u_mand_factor_0.7.py,u_mand_factor,5,u_mand_factor,0.7,2,8,5,0.7,0.5,0.7,0.6,1.4,0.3,109.480007,80,30,128.800003,156.40001,68.320002,1,1,1005,0,ilp_v2,optimal,1,26.55265,109.476609,0.242542,0.0468,0.0,
u_mand_factor\set05\u_mand_factor_0.7.py,u_mand_factor,5,u_mand_factor,0.7,2,8,5,0.7,0.5,0.7,0.6,1.4,0.3,109.480007,80,30,128.800003,156.40001,68.320002,1,1,1005,0,heuristic_v5b,solved,1,12.208741,109.455264,0.111541,0.0292,,
u_mand_factor\set05\u_mand_factor_0.7.py,u_mand_factor,5,u_mand_factor,0.7,2,8,5,0.7,0.5,0.7,0.6,1.4,0.3,109.480007,80,30,128.800003,156.40001,68.320002,1,1,1005,0,heuristic_v7,solved,1,60.984995,109.477473,0.557055,0.4536,,
u_mand_factor\set05\u_mand_factor_0.8.py,u_mand_factor,5,u_mand_factor,0.8,2,8,5,0.8,0.5,0.7,0.6,1.6,0.2,115.919994,80,30,147.200003,165.599992,78.080002,1,1,1005,0,ilp_v2,infeasible,0,,,,0.0199,,
u_mand_factor\set05\u_mand_factor_0.8.py,u_mand_factor,5,u_mand_factor,0.8,2,8,5,0.8,0.5,0.7,0.6,1.6,0.2,115.919994,80,30,147.200003,165.599992,78.080002,1,1,1005,0,heuristic_v5b,infeasible,0,,124.405239,,0.0409,,over budget: E=124.4052 > B=115.9200
u_mand_factor\set05\u_mand_factor_0.8.py,u_mand_factor,5,u_mand_factor,0.8,2,8,5,0.8,0.5,0.7,0.6,1.6,0.2,115.919994,80,30,147.200003,165.599992,78.080002,1,1,1005,0,heuristic_v7,solved,1,13.738783,115.909541,0.11853,0.3875,,
u_mand_factor\set05\u_mand_factor_0.9.py,u_mand_factor,5,u_mand_factor,0.9,2,8,5,0.9,0.5,0.7,0.6,1.8,0.1,122.360006,80,30,165.599994,174.800008,87.839997,1,1,1005,0,ilp_v2,infeasible,0,,,,0.029,,
u_mand_factor\set05\u_mand_factor_0.9.py,u_mand_factor,5,u_mand_factor,0.9,2,8,5,0.9,0.5,0.7,0.6,1.8,0.1,122.360006,80,30,165.599994,174.800008,87.839997,1,1,1005,0,heuristic_v5b,infeasible,0,,,,0.0,,
u_mand_factor\set05\u_mand_factor_0.9.py,u_mand_factor,5,u_mand_factor,0.9,2,8,5,0.9,0.5,0.7,0.6,1.8,0.1,122.360006,80,30,165.599994,174.800008,87.839997,1,1,1005,0,heuristic_v7,infeasible,0,,,,0.0,,
u_mand_factor\set06\u_mand_factor_0.1.py,u_mand_factor,6,u_mand_factor,0.1,2,8,5,0.1,0.5,0.7,0.6,0.2,0.9,70.839994,80,31,18.400002,101.199992,8.573334,1,0,1006,0,ilp_v2,optimal,1,327.085932,55.422646,5.901666,0.0121,0.0,
u_mand_factor\set06\u_mand_factor_0.1.py,u_mand_factor,6,u_mand_factor,0.1,2,8,5,0.1,0.5,0.7,0.6,0.2,0.9,70.839994,80,31,18.400002,101.199992,8.573334,1,0,1006,0,heuristic_v5b,solved,1,327.085932,66.262595,4.936208,0.0054,,
u_mand_factor\set06\u_mand_factor_0.1.py,u_mand_factor,6,u_mand_factor,0.1,2,8,5,0.1,0.5,0.7,0.6,0.2,0.9,70.839994,80,31,18.400002,101.199992,8.573334,1,0,1006,0,heuristic_v7,solved,1,327.085932,66.481149,4.91998,0.0941,,
u_mand_factor\set06\u_mand_factor_0.2.py,u_mand_factor,6,u_mand_factor,0.2,2,8,5,0.2,0.5,0.7,0.6,0.4,0.8,77.279997,80,31,36.799997,110.399995,17.146665,1,0,1006,0,ilp_v2,optimal,1,282.644709,77.278333,3.65749,0.0174,6.2e-05,
u_mand_factor\set06\u_mand_factor_0.2.py,u_mand_factor,6,u_mand_factor,0.2,2,8,5,0.2,0.5,0.7,0.6,0.4,0.8,77.279997,80,31,36.799997,110.399995,17.146665,1,0,1006,0,heuristic_v5b,solved,1,256.33071,76.062735,3.369991,0.0101,,
u_mand_factor\set06\u_mand_factor_0.2.py,u_mand_factor,6,u_mand_factor,0.2,2,8,5,0.2,0.5,0.7,0.6,0.4,0.8,77.279997,80,31,36.799997,110.399995,17.146665,1,0,1006,0,heuristic_v7,solved,1,284.967192,62.713844,4.543928,0.0833,,
u_mand_factor\set06\u_mand_factor_0.3.py,u_mand_factor,6,u_mand_factor,0.3,2,8,5,0.3,0.5,0.7,0.6,0.6,0.7,83.719998,80,31,55.200001,119.599998,25.720001,1,1,1006,0,ilp_v2,optimal,1,242.368849,83.715952,2.895133,0.0277,5.2e-05,
u_mand_factor\set06\u_mand_factor_0.3.py,u_mand_factor,6,u_mand_factor,0.3,2,8,5,0.3,0.5,0.7,0.6,0.6,0.7,83.719998,80,31,55.200001,119.599998,25.720001,1,1,1006,0,heuristic_v5b,solved,1,229.02511,82.979764,2.760012,0.0128,,
u_mand_factor\set06\u_mand_factor_0.3.py,u_mand_factor,6,u_mand_factor,0.3,2,8,5,0.3,0.5,0.7,0.6,0.6,0.7,83.719998,80,31,55.200001,119.599998,25.720001,1,1,1006,0,heuristic_v7,solved,1,229.02511,82.979764,2.760012,0.1605,,
u_mand_factor\set06\u_mand_factor_0.4.py,u_mand_factor,6,u_mand_factor,0.4,2,8,5,0.4,0.5,0.7,0.6,0.8,0.6,90.160003,80,31,73.600005,128.800005,34.293335,1,1,1006,0,ilp_v2,optimal,1,209.119477,90.159255,2.319445,0.194,9.3e-05,
u_mand_factor\set06\u_mand_factor_0.4.py,u_mand_factor,6,u_mand_factor,0.4,2,8,5,0.4,0.5,0.7,0.6,0.8,0.6,90.160003,80,31,73.600005,128.800005,34.293335,1,1,1006,0,heuristic_v5b,solved,1,182.822173,90.145528,2.028078,0.0221,,
u_mand_factor\set06\u_mand_factor_0.4.py,u_mand_factor,6,u_mand_factor,0.4,2,8,5,0.4,0.5,0.7,0.6,0.8,0.6,90.160003,80,31,73.600005,128.800005,34.293335,1,1,1006,0,heuristic_v7,solved,1,202.326376,83.58089,2.420725,0.1597,,
u_mand_factor\set06\u_mand_factor_0.5.py,u_mand_factor,6,u_mand_factor,0.5,2,8,5,0.5,0.5,0.7,0.6,1.0,0.5,96.599995,80,31,91.999998,137.999993,42.866666,1,1,1006,0,ilp_v2,optimal,1,161.749993,94.433718,1.712842,0.0218,3.6e-05,
u_mand_factor\set06\u_mand_factor_0.5.py,u_mand_factor,6,u_mand_factor,0.5,2,8,5,0.5,0.5,0.7,0.6,1.0,0.5,96.599995,80,31,91.999998,137.999993,42.866666,1,1,1006,0,heuristic_v5b,solved,1,140.424402,96.443807,1.456023,0.0144,,
u_mand_factor\set06\u_mand_factor_0.5.py,u_mand_factor,6,u_mand_factor,0.5,2,8,5,0.5,0.5,0.7,0.6,1.0,0.5,96.599995,80,31,91.999998,137.999993,42.866666,1,1,1006,0,heuristic_v7,solved,1,158.170136,96.295786,1.642545,0.1381,,
u_mand_factor\set06\u_mand_factor_0.6.py,u_mand_factor,6,u_mand_factor,0.6,2,8,5,0.6,0.5,0.7,0.6,1.2,0.4,103.040011,80,31,110.400007,147.200016,51.440003,1,1,1006,0,ilp_v2,optimal,1,105.484973,103.038585,1.023742,0.2447,0.0,
u_mand_factor\set06\u_mand_factor_0.6.py,u_mand_factor,6,u_mand_factor,0.6,2,8,5,0.6,0.5,0.7,0.6,1.2,0.4,103.040011,80,31,110.400007,147.200016,51.440003,1,1,1006,0,heuristic_v5b,solved,1,101.273804,103.037717,0.982881,0.0408,,
u_mand_factor\set06\u_mand_factor_0.6.py,u_mand_factor,6,u_mand_factor,0.6,2,8,5,0.6,0.5,0.7,0.6,1.2,0.4,103.040011,80,31,110.400007,147.200016,51.440003,1,1,1006,0,heuristic_v7,solved,1,112.519897,103.030774,1.0921,0.1721,,
u_mand_factor\set06\u_mand_factor_0.7.py,u_mand_factor,6,u_mand_factor,0.7,2,8,5,0.7,0.5,0.7,0.6,1.4,0.3,109.479992,80,31,128.799995,156.399988,60.013331,1,1,1006,0,ilp_v2,optimal,1,56.96297,109.452996,0.520433,0.4058,0.0,
u_mand_factor\set06\u_mand_factor_0.7.py,u_mand_factor,6,u_mand_factor,0.7,2,8,5,0.7,0.5,0.7,0.6,1.4,0.3,109.479992,80,31,128.799995,156.399988,60.013331,1,1,1006,0,heuristic_v5b,solved,1,40.153483,109.457168,0.366842,0.0177,,
u_mand_factor\set06\u_mand_factor_0.7.py,u_mand_factor,6,u_mand_factor,0.7,2,8,5,0.7,0.5,0.7,0.6,1.4,0.3,109.479992,80,31,128.799995,156.399988,60.013331,1,1,1006,0,heuristic_v7,solved,1,52.791128,109.47981,0.4822,0.259,,
u_mand_factor\set06\u_mand_factor_0.8.py,u_mand_factor,6,u_mand_factor,0.8,2,8,5,0.8,0.5,0.7,0.6,1.6,0.2,115.920002,80,31,147.2,165.600002,68.586667,1,1,1006,0,ilp_v2,infeasible,0,,,,0.0249,,
u_mand_factor\set06\u_mand_factor_0.8.py,u_mand_factor,6,u_mand_factor,0.8,2,8,5,0.8,0.5,0.7,0.6,1.6,0.2,115.920002,80,31,147.2,165.600002,68.586667,1,1,1006,0,heuristic_v5b,infeasible,0,,,,0.0,,
u_mand_factor\set06\u_mand_factor_0.8.py,u_mand_factor,6,u_mand_factor,0.8,2,8,5,0.8,0.5,0.7,0.6,1.6,0.2,115.920002,80,31,147.2,165.600002,68.586667,1,1,1006,0,heuristic_v7,infeasible,0,,,,0.0,,
u_mand_factor\set06\u_mand_factor_0.9.py,u_mand_factor,6,u_mand_factor,0.9,2,8,5,0.9,0.5,0.7,0.6,1.8,0.1,122.359997,80,31,165.600005,174.799995,77.160002,1,1,1006,0,ilp_v2,infeasible,0,,,,0.0266,,
u_mand_factor\set06\u_mand_factor_0.9.py,u_mand_factor,6,u_mand_factor,0.9,2,8,5,0.9,0.5,0.7,0.6,1.8,0.1,122.359997,80,31,165.600005,174.799995,77.160002,1,1,1006,0,heuristic_v5b,infeasible,0,,,,0.0,,
u_mand_factor\set06\u_mand_factor_0.9.py,u_mand_factor,6,u_mand_factor,0.9,2,8,5,0.9,0.5,0.7,0.6,1.8,0.1,122.359997,80,31,165.600005,174.799995,77.160002,1,1,1006,0,heuristic_v7,infeasible,0,,,,0.0,,
u_mand_factor\set07\u_mand_factor_0.1.py,u_mand_factor,7,u_mand_factor,0.1,2,8,5,0.1,0.5,0.7,0.6,0.2,0.9,70.840007,80,35,18.399995,101.20001,8.559998,1,0,1007,0,ilp_v2,optimal,1,216.776503,70.581954,3.071274,0.0275,0.0,
u_mand_factor\set07\u_mand_factor_0.1.py,u_mand_factor,7,u_mand_factor,0.1,2,8,5,0.1,0.5,0.7,0.6,0.2,0.9,70.840007,80,35,18.399995,101.20001,8.559998,1,0,1007,0,heuristic_v5b,solved,1,203.446347,69.00057,2.948473,0.0169,,
u_mand_factor\set07\u_mand_factor_0.1.py,u_mand_factor,7,u_mand_factor,0.1,2,8,5,0.1,0.5,0.7,0.6,0.2,0.9,70.840007,80,35,18.399995,101.20001,8.559998,1,0,1007,0,heuristic_v7,solved,1,216.776503,69.988222,3.097328,0.4334,,
u_mand_factor\set07\u_mand_factor_0.2.py,u_mand_factor,7,u_mand_factor,0.2,2,8,5,0.2,0.5,0.7,0.6,0.4,0.8,77.280008,80,35,36.800007,110.400011,17.120003,1,0,1007,0,ilp_v2,optimal,1,163.589776,76.401159,2.141195,0.0208,0.0,
u_mand_factor\set07\u_mand_factor_0.2.py,u_mand_factor,7,u_mand_factor,0.2,2,8,5,0.2,0.5,0.7,0.6,0.4,0.8,77.280008,80,35,36.800007,110.400011,17.120003,1,0,1007,0,heuristic_v5b,solved,1,163.589776,75.32512,2.171782,0.0144,,
u_mand_factor\set07\u_mand_factor_0.2.py,u_mand_factor,7,u_mand_factor,0.2,2,8,5,0.2,0.5,0.7,0.6,0.4,0.8,77.280008,80,35,36.800007,110.400011,17.120003,1,0,1007,0,heuristic_v7,solved,1,163.589776,75.32512,2.171782,0.6761,,
u_mand_factor\set07\u_mand_factor_0.3.py,u_mand_factor,7,u_mand_factor,0.3,2,8,5,0.3,0.5,0.7,0.6,0.6,0.7,83.719991,80,35,55.199994,119.599987,25.679997,1,1,1007,0,ilp_v2,optimal,1,144.849082,83.389168,1.737025,0.024,0.0,
u_mand_factor\set07\u_mand_factor_0.3.py,u_mand_factor,7,u_mand_factor,0.3,2,8,5,0.3,0.5,0.7,0.6,0.6,0.7,83.719991,80,35,55.199994,119.599987,25.679997,1,1,1007,0,heuristic_v5b,solved,1,139.370564,82.049401,1.698618,0.0136,,
u_mand_factor\set07\u_mand_factor_0.3.py,u_mand_factor,7,u_mand_factor,0.3,2,8,5,0.3,0.5,0.7,0.6,0.6,0.7,83.719991,80,35,55.199994,119.599987,25.679997,1,1,1007,0,heuristic_v7,solved,1,144.849082,81.976479,1.766959,0.4164,,
u_mand_factor\set07\u_mand_factor_0.4.py,u_mand_factor,7,u_mand_factor,0.4,2,8,5,0.4,0.5,0.7,0.6,0.8,0.6,90.159998,80,35,73.599999,128.799998,34.239999,1,1,1007,0,ilp_v2,optimal,1,128.451291,89.432094,1.4363,0.0278,0.0,
u_mand_factor\set07\u_mand_factor_0.4.py,u_mand_factor,7,u_mand_factor,0.4,2,8,5,0.4,0.5,0.7,0.6,0.8,0.6,90.159998,80,35,73.599999,128.799998,34.239999,1,1,1007,0,heuristic_v5b,solved,1,124.081996,90.108906,1.377023,0.0159,,
u_mand_factor\set07\u_mand_factor_0.4.py,u_mand_factor,7,u_mand_factor,0.4,2,8,5,0.4,0.5,0.7,0.6,0.8,0.6,90.159998,80,35,73.599999,128.799998,34.239999,1,1,1007,0,heuristic_v7,solved,1,124.081996,87.885666,1.411857,0.5127,,
u_mand_factor\set07\u_mand_factor_0.5.py,u_mand_factor,7,u_mand_factor,0.5,2,8,5,0.5,0.5,0.7,0.6,1.0,0.5,96.6,80,35,91.999999,138.0,42.799999,1,1,1007,0,ilp_v2,optimal,1,107.539924,96.599769,1.113252,0.1621,1e-05,
u_mand_factor\set07\u_mand_factor_0.5.py,u_mand_factor,7,u_mand_factor,0.5,2,8,5,0.5,0.5,0.7,0.6,1.0,0.5,96.6,80,35,91.999999,138.0,42.799999,1,1,1007,0,heuristic_v5b,solved,1,98.136578,94.660361,1.036723,0.0226,,
u_mand_factor\set07\u_mand_factor_0.5.py,u_mand_factor,7,u_mand_factor,0.5,2,8,5,0.5,0.5,0.7,0.6,1.0,0.5,96.6,80,35,91.999999,138.0,42.799999,1,1,1007,0,heuristic_v7,solved,1,104.947943,95.268383,1.101603,0.3043,,
u_mand_factor\set07\u_mand_factor_0.6.py,u_mand_factor,7,u_mand_factor,0.6,2,8,5,0.6,0.5,0.7,0.6,1.2,0.4,103.039999,80,35,110.400006,147.199999,51.360003,1,1,1007,0,ilp_v2,optimal,1,80.960078,103.034504,0.785757,1.1328,1e-06,
u_mand_factor\set07\u_mand_factor_0.6.py,u_mand_factor,7,u_mand_factor,0.6,2,8,5,0.6,0.5,0.7,0.6,1.2,0.4,103.039999,80,35,110.400006,147.199999,51.360003,1,1,1007,0,heuristic_v5b,solved,1,69.990531,101.897877,0.686869,0.028,,
u_mand_factor\set07\u_mand_factor_0.6.py,u_mand_factor,7,u_mand_factor,0.6,2,8,5,0.6,0.5,0.7,0.6,1.2,0.4,103.039999,80,35,110.400006,147.199999,51.360003,1,1,1007,0,heuristic_v7,solved,1,70.866677,102.527896,0.691194,0.2341,,
u_mand_factor\set07\u_mand_factor_0.7.py,u_mand_factor,7,u_mand_factor,0.7,2,8,5,0.7,0.5,0.7,0.6,1.4,0.3,109.479994,80,35,128.800001,156.399992,59.920001,1,1,1007,0,ilp_v2,optimal,1,58.543117,109.478715,0.534744,0.0936,5.8e-05,
u_mand_factor\set07\u_mand_factor_0.7.py,u_mand_factor,7,u_mand_factor,0.7,2,8,5,0.7,0.5,0.7,0.6,1.4,0.3,109.479994,80,35,128.800001,156.399992,59.920001,1,1,1007,0,heuristic_v5b,solved,1,46.392857,109.479435,0.423759,0.1034,,
u_mand_factor\set07\u_mand_factor_0.7.py,u_mand_factor,7,u_mand_factor,0.7,2,8,5,0.7,0.5,0.7,0.6,1.4,0.3,109.479994,80,35,128.800001,156.399992,59.920001,1,1,1007,0,heuristic_v7,solved,1,49.429578,108.939247,0.453735,0.9105,,
u_mand_factor\set07\u_mand_factor_0.8.py,u_mand_factor,7,u_mand_factor,0.8,2,8,5,0.8,0.5,0.7,0.6,1.6,0.2,115.920008,80,35,147.200001,165.600011,68.480001,1,1,1007,0,ilp_v2,optimal,1,11.398183,115.918151,0.09833,0.3209,0.0,
u_mand_factor\set07\u_mand_factor_0.8.py,u_mand_factor,7,u_mand_factor,0.8,2,8,5,0.8,0.5,0.7,0.6,1.6,0.2,115.920008,80,35,147.200001,165.600011,68.480001,1,1,1007,0,heuristic_v5b,infeasible,0,,120.046462,,0.0546,,over budget: E=120.0465 > B=115.9200
u_mand_factor\set07\u_mand_factor_0.8.py,u_mand_factor,7,u_mand_factor,0.8,2,8,5,0.8,0.5,0.7,0.6,1.6,0.2,115.920008,80,35,147.200001,165.600011,68.480001,1,1,1007,0,heuristic_v7,solved,1,12.282887,115.9199,0.10596,3.273,,
u_mand_factor\set07\u_mand_factor_0.9.py,u_mand_factor,7,u_mand_factor,0.9,2,8,5,0.9,0.5,0.7,0.6,1.8,0.1,122.359981,80,35,165.599991,174.799974,77.039996,1,1,1007,0,ilp_v2,infeasible,0,,,,0.02,,
u_mand_factor\set07\u_mand_factor_0.9.py,u_mand_factor,7,u_mand_factor,0.9,2,8,5,0.9,0.5,0.7,0.6,1.8,0.1,122.359981,80,35,165.599991,174.799974,77.039996,1,1,1007,0,heuristic_v5b,infeasible,0,,144.34542,,0.0586,,over budget: E=144.3454 > B=122.3600
u_mand_factor\set07\u_mand_factor_0.9.py,u_mand_factor,7,u_mand_factor,0.9,2,8,5,0.9,0.5,0.7,0.6,1.8,0.1,122.359981,80,35,165.599991,174.799974,77.039996,1,1,1007,0,heuristic_v7,infeasible,0,,144.292872,,0.5143,,over budget: E=144.2929 > B=122.3600
u_mand_factor\set08\u_mand_factor_0.1.py,u_mand_factor,8,u_mand_factor,0.1,2,8,5,0.1,0.5,0.7,0.6,0.2,0.9,70.839995,80,37,18.399991,101.199993,8.817138,1,0,1008,0,ilp_v2,optimal,1,214.477899,64.614563,3.319343,0.0287,0.0,
u_mand_factor\set08\u_mand_factor_0.1.py,u_mand_factor,8,u_mand_factor,0.1,2,8,5,0.1,0.5,0.7,0.6,0.2,0.9,70.839995,80,37,18.399991,101.199993,8.817138,1,0,1008,0,heuristic_v5b,solved,1,214.477899,69.793051,3.073055,0.0113,,
u_mand_factor\set08\u_mand_factor_0.1.py,u_mand_factor,8,u_mand_factor,0.1,2,8,5,0.1,0.5,0.7,0.6,0.2,0.9,70.839995,80,37,18.399991,101.199993,8.817138,1,0,1008,0,heuristic_v7,solved,1,214.477899,69.793051,3.073055,0.4191,,
u_mand_factor\set08\u_mand_factor_0.2.py,u_mand_factor,8,u_mand_factor,0.2,2,8,5,0.2,0.5,0.7,0.6,0.4,0.8,77.280005,80,37,36.800006,110.400007,17.634288,1,0,1008,0,ilp_v2,optimal,1,180.264955,66.806955,2.698296,0.0343,0.0,
u_mand_factor\set08\u_mand_factor_0.2.py,u_mand_factor,8,u_mand_factor,0.2,2,8,5,0.2,0.5,0.7,0.6,0.4,0.8,77.280005,80,37,36.800006,110.400007,17.634288,1,0,1008,0,heuristic_v5b,solved,1,180.264955,72.877453,2.473535,0.0145,,
u_mand_factor\set08\u_mand_factor_0.2.py,u_mand_factor,8,u_mand_factor,0.2,2,8,5,0.2,0.5,0.7,0.6,0.4,0.8,77.280005,80,37,36.800006,110.400007,17.634288,1,0,1008,0,heuristic_v7,solved,1,180.264955,72.877453,2.473535,0.4151,,
u_mand_factor\set08\u_mand_factor_0.3.py,u_mand_factor,8,u_mand_factor,0.3,2,8,5,0.3,0.5,0.7,0.6,0.6,0.7,83.720005,80,37,55.199997,119.600007,26.451427,1,1,1008,0,ilp_v2,optimal,1,157.317634,83.607339,1.881625,0.0297,0.0,
u_mand_factor\set08\u_mand_factor_0.3.py,u_mand_factor,8,u_mand_factor,0.3,2,8,5,0.3,0.5,0.7,0.6,0.6,0.7,83.720005,80,37,55.199997,119.600007,26.451427,1,1,1008,0,heuristic_v5b,solved,1,157.317634,83.060139,1.894021,0.015,,
u_mand_factor\set08\u_mand_factor_0.3.py,u_mand_factor,8,u_mand_factor,0.3,2,8,5,0.3,0.5,0.7,0.6,0.6,0.7,83.720005,80,37,55.199997,119.600007,26.451427,1,1,1008,0,heuristic_v7,solved,1,157.317634,80.485346,1.954612,0.232,,
u_mand_factor\set08\u_mand_factor_0.4.py,u_mand_factor,8,u_mand_factor,0.4,2,8,5,0.4,0.5,0.7,0.6,0.8,0.6,90.160011,80,37,73.600002,128.800016,35.268573,1,1,1008,0,ilp_v2,optimal,1,134.870963,89.921935,1.499867,0.0472,0.0,
u_mand_factor\set08\u_mand_factor_0.4.py,u_mand_factor,8,u_mand_factor,0.4,2,8,5,0.4,0.5,0.7,0.6,0.8,0.6,90.160011,80,37,73.600002,128.800016,35.268573,1,1,1008,0,heuristic_v5b,solved,1,129.991936,90.117782,1.442467,0.0193,,
u_mand_factor\set08\u_mand_factor_0.4.py,u_mand_factor,8,u_mand_factor,0.4,2,8,5,0.4,0.5,0.7,0.6,0.8,0.6,90.160011,80,37,73.600002,128.800016,35.268573,1,1,1008,0,heuristic_v7,solved,1,134.870963,89.433347,1.508061,0.5677,,
u_mand_factor\set08\u_mand_factor_0.5.py,u_mand_factor,8,u_mand_factor,0.5,2,8,5,0.5,0.5,0.7,0.6,1.0,0.5,96.600002,80,37,91.999995,138.000003,44.085712,1,1,1008,0,ilp_v2,optimal,1,107.367397,96.594969,1.111522,2.9491,8.8e-05,
u_mand_factor\set08\u_mand_factor_0.5.py,u_mand_factor,8,u_mand_factor,0.5,2,8,5,0.5,0.5,0.7,0.6,1.0,0.5,96.600002,80,37,91.999995,138.000003,44.085712,1,1,1008,0,heuristic_v5b,solved,1,96.2234,96.590027,0.996204,0.0215,,
u_mand_factor\set08\u_mand_factor_0.5.py,u_mand_factor,8,u_mand_factor,0.5,2,8,5,0.5,0.5,0.7,0.6,1.0,0.5,96.600002,80,37,91.999995,138.000003,44.085712,1,1,1008,0,heuristic_v7,solved,1,108.161944,96.596384,1.119731,0.3159,,
u_mand_factor\set08\u_mand_factor_0.6.py,u_mand_factor,8,u_mand_factor,0.6,2,8,5,0.6,0.5,0.7,0.6,1.2,0.4,103.040002,80,37,110.400006,147.200003,52.90286,1,1,1008,0,ilp_v2,optimal,1,79.208852,103.038041,0.768734,12.4775,9.3e-05,
u_mand_factor\set08\u_mand_factor_0.6.py,u_mand_factor,8,u_mand_factor,0.6,2,8,5,0.6,0.5,0.7,0.6,1.2,0.4,103.040002,80,37,110.400006,147.200003,52.90286,1,1,1008,0,heuristic_v5b,solved,1,69.431937,102.878108,0.674895,0.0535,,
u_mand_factor\set08\u_mand_factor_0.6.py,u_mand_factor,8,u_mand_factor,0.6,2,8,5,0.6,0.5,0.7,0.6,1.2,0.4,103.040002,80,37,110.400006,147.200003,52.90286,1,1,1008,0,heuristic_v7,solved,1,78.371196,102.300059,0.766091,0.8246,,
u_mand_factor\set08\u_mand_factor_0.7.py,u_mand_factor,8,u_mand_factor,0.7,2,8,5,0.7,0.5,0.7,0.6,1.4,0.3,109.479995,80,37,128.799997,156.399993,61.719998,1,1,1008,0,ilp_v2,optimal,1,46.558123,109.472826,0.425294,0.8047,0.0,
u_mand_factor\set08\u_mand_factor_0.7.py,u_mand_factor,8,u_mand_factor,0.7,2,8,5,0.7,0.5,0.7,0.6,1.4,0.3,109.479995,80,37,128.799997,156.399993,61.719998,1,1,1008,0,heuristic_v5b,solved,1,30.123752,109.469752,0.275179,0.0379,,
u_mand_factor\set08\u_mand_factor_0.7.py,u_mand_factor,8,u_mand_factor,0.7,2,8,5,0.7,0.5,0.7,0.6,1.4,0.3,109.479995,80,37,128.799997,156.399993,61.719998,1,1,1008,0,heuristic_v7,solved,1,40.780224,109.478801,0.372494,1.3453,,
u_mand_factor\set08\u_mand_factor_0.8.py,u_mand_factor,8,u_mand_factor,0.8,2,8,5,0.8,0.5,0.7,0.6,1.6,0.2,115.920002,80,37,147.200001,165.600003,70.537143,1,1,1008,0,ilp_v2,optimal,1,0.977434,115.919866,0.008432,0.3184,0.0,
u_mand_factor\set08\u_mand_factor_0.8.py,u_mand_factor,8,u_mand_factor,0.8,2,8,5,0.8,0.5,0.7,0.6,1.6,0.2,115.920002,80,37,147.200001,165.600003,70.537143,1,1,1008,0,heuristic_v5b,infeasible,0,,120.014234,,0.0792,,over budget: E=120.0142 > B=115.9200
u_mand_factor\set08\u_mand_factor_0.8.py,u_mand_factor,8,u_mand_factor,0.8,2,8,5,0.8,0.5,0.7,0.6,1.6,0.2,115.920002,80,37,147.200001,165.600003,70.537143,1,1,1008,0,heuristic_v7,solved,1,3.574978,115.846042,0.03086,0.7786,,
u_mand_factor\set08\u_mand_factor_0.9.py,u_mand_factor,8,u_mand_factor,0.9,2,8,5,0.9,0.5,0.7,0.6,1.8,0.1,122.359999,80,37,165.600002,174.799999,79.354287,1,1,1008,0,ilp_v2,infeasible,0,,,,0.0172,,
u_mand_factor\set08\u_mand_factor_0.9.py,u_mand_factor,8,u_mand_factor,0.9,2,8,5,0.9,0.5,0.7,0.6,1.8,0.1,122.359999,80,37,165.600002,174.799999,79.354287,1,1,1008,0,heuristic_v5b,infeasible,0,,149.390715,,0.0934,,over budget: E=149.3907 > B=122.3600
u_mand_factor\set08\u_mand_factor_0.9.py,u_mand_factor,8,u_mand_factor,0.9,2,8,5,0.9,0.5,0.7,0.6,1.8,0.1,122.359999,80,37,165.600002,174.799999,79.354287,1,1,1008,0,heuristic_v7,infeasible,0,,149.515264,,0.6313,,over budget: E=149.5153 > B=122.3600
u_mand_factor\set09\u_mand_factor_0.1.py,u_mand_factor,9,u_mand_factor,0.1,2,8,5,0.1,0.5,0.7,0.6,0.2,0.9,70.839998,80,29,18.399998,101.199998,8.559999,1,0,1009,0,ilp_v2,optimal,1,222.711889,69.486944,3.20509,0.0154,0.0,
u_mand_factor\set09\u_mand_factor_0.1.py,u_mand_factor,9,u_mand_factor,0.1,2,8,5,0.1,0.5,0.7,0.6,0.2,0.9,70.839998,80,29,18.399998,101.199998,8.559999,1,0,1009,0,heuristic_v5b,solved,1,222.711889,68.902526,3.232275,0.0064,,
u_mand_factor\set09\u_mand_factor_0.1.py,u_mand_factor,9,u_mand_factor,0.1,2,8,5,0.1,0.5,0.7,0.6,0.2,0.9,70.839998,80,29,18.399998,101.199998,8.559999,1,0,1009,0,heuristic_v7,solved,1,222.711889,68.902526,3.232275,0.2333,,
u_mand_factor\set09\u_mand_factor_0.2.py,u_mand_factor,9,u_mand_factor,0.2,2,8,5,0.2,0.5,0.7,0.6,0.4,0.8,77.279996,80,29,36.799995,110.399994,17.119998,1,0,1009,0,ilp_v2,optimal,1,179.66679,76.946031,2.334971,0.022,0.0,
u_mand_factor\set09\u_mand_factor_0.2.py,u_mand_factor,9,u_mand_factor,0.2,2,8,5,0.2,0.5,0.7,0.6,0.4,0.8,77.279996,80,29,36.799995,110.399994,17.119998,1,0,1009,0,heuristic_v5b,solved,1,175.514948,76.907128,2.282168,0.0115,,
u_mand_factor\set09\u_mand_factor_0.2.py,u_mand_factor,9,u_mand_factor,0.2,2,8,5,0.2,0.5,0.7,0.6,0.4,0.8,77.279996,80,29,36.799995,110.399994,17.119998,1,0,1009,0,heuristic_v7,solved,1,179.66679,75.456335,2.38107,0.2196,,
u_mand_factor\set09\u_mand_factor_0.3.py,u_mand_factor,9,u_mand_factor,0.3,2,8,5,0.3,0.5,0.7,0.6,0.6,0.7,83.720003,80,29,55.200002,119.600005,25.680001,1,1,1009,0,ilp_v2,optimal,1,155.919128,82.399346,1.892237,0.0208,0.0,
u_mand_factor\set09\u_mand_factor_0.3.py,u_mand_factor,9,u_mand_factor,0.3,2,8,5,0.3,0.5,0.7,0.6,0.6,0.7,83.720003,80,29,55.200002,119.600005,25.680001,1,1,1009,0,heuristic_v5b,solved,1,155.919128,81.763613,1.90695,0.008,,
u_mand_factor\set09\u_mand_factor_0.3.py,u_mand_factor,9,u_mand_factor,0.3,2,8,5,0.3,0.5,0.7,0.6,0.6,0.7,83.720003,80,29,55.200002,119.600005,25.680001,1,1,1009,0,heuristic_v7,solved,1,155.919128,81.763613,1.90695,0.4696,,
u_mand_factor\set09\u_mand_factor_0.4.py,u_mand_factor,9,u_mand_factor,0.4,2,8,5,0.4,0.5,0.7,0.6,0.8,0.6,90.159993,80,29,73.600006,128.79999,34.240003,1,1,1009,0,ilp_v2,optimal,1,136.792493,90.003593,1.519856,0.0547,0.0,
u_mand_factor\set09\u_mand_factor_0.4.py,u_mand_factor,9,u_mand_factor,0.4,2,8,5,0.4,0.5,0.7,0.6,0.8,0.6,90.159993,80,29,73.600006,128.79999,34.240003,1,1,1009,0,heuristic_v5b,solved,1,129.457342,90.065814,1.437364,0.0129,,
u_mand_factor\set09\u_mand_factor_0.4.py,u_mand_factor,9,u_mand_factor,0.4,2,8,5,0.4,0.5,0.7,0.6,0.8,0.6,90.159993,80,29,73.600006,128.79999,34.240003,1,1,1009,0,heuristic_v7,solved,1,137.850782,89.268687,1.544223,0.4041,,
u_mand_factor\set09\u_mand_factor_0.5.py,u_mand_factor,9,u_mand_factor,0.5,2,8,5,0.5,0.5,0.7,0.6,1.0,0.5,96.599997,80,29,91.999999,137.999995,42.799999,1,1,1009,0,ilp_v2,optimal,1,115.16313,96.596393,1.192209,0.0447,0.0,
u_mand_factor\set09\u_mand_factor_0.5.py,u_mand_factor,9,u_mand_factor,0.5,2,8,5,0.5,0.5,0.7,0.6,1.0,0.5,96.599997,80,29,91.999999,137.999995,42.799999,1,1,1009,0,heuristic_v5b,solved,1,98.232889,96.113456,1.022051,0.0244,,
u_mand_factor\set09\u_mand_factor_0.5.py,u_mand_factor,9,u_mand_factor,0.5,2,8,5,0.5,0.5,0.7,0.6,1.0,0.5,96.599997,80,29,91.999999,137.999995,42.799999,1,1,1009,0,heuristic_v7,solved,1,115.16313,96.137709,1.197898,0.2042,,
u_mand_factor\set09\u_mand_factor_0.6.py,u_mand_factor,9,u_mand_factor,0.6,2,8,5,0.6,0.5,0.7,0.6,1.2,0.4,103.039995,80,29,110.399997,147.199993,51.359998,1,1,1009,0,ilp_v2,optimal,1,83.476381,103.031514,0.810202,0.1342,0.0,
u_mand_factor\set09\u_mand_factor_0.6.py,u_mand_factor,9,u_mand_factor,0.6,2,8,5,0.6,0.5,0.7,0.6,1.2,0.4,103.039995,80,29,110.399997,147.199993,51.359998,1,1,1009,0,heuristic_v5b,solved,1,59.10687,102.373562,0.577365,0.0142,,
u_mand_factor\set09\u_mand_factor_0.6.py,u_mand_factor,9,u_mand_factor,0.6,2,8,5,0.6,0.5,0.7,0.6,1.2,0.4,103.039995,80,29,110.399997,147.199993,51.359998,1,1,1009,0,heuristic_v7,solved,1,82.714017,102.966783,0.803308,0.6026,,
u_mand_factor\set09\u_mand_factor_0.7.py,u_mand_factor,9,u_mand_factor,0.7,2,8,5,0.7,0.5,0.7,0.6,1.4,0.3,109.480004,80,29,128.800003,156.400006,59.920002,1,1,1009,0,ilp_v2,optimal,1,41.597243,109.473997,0.379974,0.2704,0.0,
u_mand_factor\set09\u_mand_factor_0.7.py,u_mand_factor,9,u_mand_factor,0.7,2,8,5,0.7,0.5,0.7,0.6,1.4,0.3,109.480004,80,29,128.800003,156.400006,59.920002,1,1,1009,0,heuristic_v5b,solved,1,29.819729,108.81697,0.274036,0.0618,,
u_mand_factor\set09\u_mand_factor_0.7.py,u_mand_factor,9,u_mand_factor,0.7,2,8,5,0.7,0.5,0.7,0.6,1.4,0.3,109.480004,80,29,128.800003,156.400006,59.920002,1,1,1009,0,heuristic_v7,solved,1,45.502473,109.460141,0.415699,0.6476,,
u_mand_factor\set09\u_mand_factor_0.8.py,u_mand_factor,9,u_mand_factor,0.8,2,8,5,0.8,0.5,0.7,0.6,1.6,0.2,115.919995,80,29,147.199999,165.599993,68.479999,1,1,1009,0,ilp_v2,infeasible,0,,,,0.0151,,
u_mand_factor\set09\u_mand_factor_0.8.py,u_mand_factor,9,u_mand_factor,0.8,2,8,5,0.8,0.5,0.7,0.6,1.6,0.2,115.919995,80,29,147.199999,165.599993,68.479999,1,1,1009,0,heuristic_v5b,infeasible,0,,118.722737,,0.0238,,over budget: E=118.7227 > B=115.9200
u_mand_factor\set09\u_mand_factor_0.8.py,u_mand_factor,9,u_mand_factor,0.8,2,8,5,0.8,0.5,0.7,0.6,1.6,0.2,115.919995,80,29,147.199999,165.599993,68.479999,1,1,1009,0,heuristic_v7,infeasible,0,,120.15284,,0.1653,,over budget: E=120.1528 > B=115.9200
u_mand_factor\set09\u_mand_factor_0.9.py,u_mand_factor,9,u_mand_factor,0.9,2,8,5,0.9,0.5,0.7,0.6,1.8,0.1,122.360003,80,29,165.599999,174.800005,77.039999,1,1,1009,0,ilp_v2,infeasible,0,,,,0.0118,,
u_mand_factor\set09\u_mand_factor_0.9.py,u_mand_factor,9,u_mand_factor,0.9,2,8,5,0.9,0.5,0.7,0.6,1.8,0.1,122.360003,80,29,165.599999,174.800005,77.039999,1,1,1009,0,heuristic_v5b,infeasible,0,,152.115964,,0.031,,over budget: E=152.1160 > B=122.3600
u_mand_factor\set09\u_mand_factor_0.9.py,u_mand_factor,9,u_mand_factor,0.9,2,8,5,0.9,0.5,0.7,0.6,1.8,0.1,122.360003,80,29,165.599999,174.800005,77.039999,1,1,1009,0,heuristic_v7,infeasible,0,,152.314721,,0.2571,,over budget: E=152.3147 > B=122.3600
u_mand_factor\set10\u_mand_factor_0.1.py,u_mand_factor,10,u_mand_factor,0.1,2,8,5,0.1,0.5,0.7,0.6,0.2,0.9,70.840004,80,25,18.4,101.200006,8.573333,1,0,1010,0,ilp_v2,optimal,1,234.006259,65.036324,3.598086,0.0103,0.0,
u_mand_factor\set10\u_mand_factor_0.1.py,u_mand_factor,10,u_mand_factor,0.1,2,8,5,0.1,0.5,0.7,0.6,0.2,0.9,70.840004,80,25,18.4,101.200006,8.573333,1,0,1010,0,heuristic_v5b,solved,1,234.006259,66.730737,3.506724,0.0056,,
u_mand_factor\set10\u_mand_factor_0.1.py,u_mand_factor,10,u_mand_factor,0.1,2,8,5,0.1,0.5,0.7,0.6,0.2,0.9,70.840004,80,25,18.4,101.200006,8.573333,1,0,1010,0,heuristic_v7,solved,1,234.006259,66.730737,3.506724,0.0744,,
u_mand_factor\set10\u_mand_factor_0.2.py,u_mand_factor,10,u_mand_factor,0.2,2,8,5,0.2,0.5,0.7,0.6,0.4,0.8,77.279996,80,25,36.799995,110.399994,17.146665,1,0,1010,0,ilp_v2,optimal,1,233.292887,77.083992,3.026476,0.0119,0.0,
u_mand_factor\set10\u_mand_factor_0.2.py,u_mand_factor,10,u_mand_factor,0.2,2,8,5,0.2,0.5,0.7,0.6,0.4,0.8,77.279996,80,25,36.799995,110.399994,17.146665,1,0,1010,0,heuristic_v5b,solved,1,233.292887,73.199996,3.187061,0.0059,,
u_mand_factor\set10\u_mand_factor_0.2.py,u_mand_factor,10,u_mand_factor,0.2,2,8,5,0.2,0.5,0.7,0.6,0.4,0.8,77.279996,80,25,36.799995,110.399994,17.146665,1,0,1010,0,heuristic_v7,solved,1,233.292887,73.199996,3.187061,0.0635,,
u_mand_factor\set10\u_mand_factor_0.3.py,u_mand_factor,10,u_mand_factor,0.3,2,8,5,0.3,0.5,0.7,0.6,0.6,0.7,83.720001,80,25,55.199995,119.600001,25.719998,1,1,1010,0,ilp_v2,optimal,1,201.615007,83.035299,2.428064,0.0125,0.0,
u_mand_factor\set10\u_mand_factor_0.3.py,u_mand_factor,10,u_mand_factor,0.3,2,8,5,0.3,0.5,0.7,0.6,0.6,0.7,83.720001,80,25,55.199995,119.600001,25.719998,1,1,1010,0,heuristic_v5b,solved,1,188.662378,83.719601,2.253503,0.0072,,
u_mand_factor\set10\u_mand_factor_0.3.py,u_mand_factor,10,u_mand_factor,0.3,2,8,5,0.3,0.5,0.7,0.6,0.6,0.7,83.720001,80,25,55.199995,119.600001,25.719998,1,1,1010,0,heuristic_v7,solved,1,201.615007,79.300001,2.542434,0.0581,,
u_mand_factor\set10\u_mand_factor_0.4.py,u_mand_factor,10,u_mand_factor,0.4,2,8,5,0.4,0.5,0.7,0.6,0.8,0.6,90.160003,80,25,73.600003,128.800005,34.293335,1,1,1010,0,ilp_v2,optimal,1,163.436694,90.158964,1.812761,0.2023,4.3e-05,
u_mand_factor\set10\u_mand_factor_0.4.py,u_mand_factor,10,u_mand_factor,0.4,2,8,5,0.4,0.5,0.7,0.6,0.8,0.6,90.160003,80,25,73.600003,128.800005,34.293335,1,1,1010,0,heuristic_v5b,solved,1,165.171005,89.869199,1.837904,0.0075,,
u_mand_factor\set10\u_mand_factor_0.4.py,u_mand_factor,10,u_mand_factor,0.4,2,8,5,0.4,0.5,0.7,0.6,0.8,0.6,90.160003,80,25,73.600003,128.800005,34.293335,1,1,1010,0,heuristic_v7,solved,1,165.171005,89.869199,1.837904,0.0758,,
u_mand_factor\set10\u_mand_factor_0.5.py,u_mand_factor,10,u_mand_factor,0.5,2,8,5,0.5,0.5,0.7,0.6,1.0,0.5,96.600004,80,25,92.0,138.000006,42.866667,1,1,1010,0,ilp_v2,optimal,1,124.754652,96.592105,1.291562,0.0314,0.0,
u_mand_factor\set10\u_mand_factor_0.5.py,u_mand_factor,10,u_mand_factor,0.5,2,8,5,0.5,0.5,0.7,0.6,1.0,0.5,96.600004,80,25,92.0,138.000006,42.866667,1,1,1010,0,heuristic_v5b,solved,1,115.179668,96.528207,1.193223,0.006,,
u_mand_factor\set10\u_mand_factor_0.5.py,u_mand_factor,10,u_mand_factor,0.5,2,8,5,0.5,0.5,0.7,0.6,1.0,0.5,96.600004,80,25,92.0,138.000006,42.866667,1,1,1010,0,heuristic_v7,solved,1,131.181315,96.430278,1.360375,0.0552,,
u_mand_factor\set10\u_mand_factor_0.6.py,u_mand_factor,10,u_mand_factor,0.6,2,8,5,0.6,0.5,0.7,0.6,1.2,0.4,103.039997,80,25,110.399994,147.199995,51.439997,1,1,1010,0,ilp_v2,optimal,1,83.283706,103.036915,0.80829,0.1343,0.0,
u_mand_factor\set10\u_mand_factor_0.6.py,u_mand_factor,10,u_mand_factor,0.6,2,8,5,0.6,0.5,0.7,0.6,1.2,0.4,103.039997,80,25,110.399994,147.199995,51.439997,1,1,1010,0,heuristic_v5b,solved,1,88.633746,103.025964,0.860305,0.0125,,
u_mand_factor\set10\u_mand_factor_0.6.py,u_mand_factor,10,u_mand_factor,0.6,2,8,5,0.6,0.5,0.7,0.6,1.2,0.4,103.039997,80,25,110.399994,147.199995,51.439997,1,1,1010,0,heuristic_v7,solved,1,88.633746,103.025964,0.860305,0.1672,,
u_mand_factor\set10\u_mand_factor_0.7.py,u_mand_factor,10,u_mand_factor,0.7,2,8,5,0.7,0.5,0.7,0.6,1.4,0.3,109.479996,80,25,128.799997,156.399994,60.013332,1,1,1010,0,ilp_v2,optimal,1,45.490991,109.476617,0.415532,0.0777,0.0,
u_mand_factor\set10\u_mand_factor_0.7.py,u_mand_factor,10,u_mand_factor,0.7,2,8,5,0.7,0.5,0.7,0.6,1.4,0.3,109.479996,80,25,128.799997,156.399994,60.013332,1,1,1010,0,heuristic_v5b,solved,1,47.726891,108.443995,0.440106,0.0083,,
u_mand_factor\set10\u_mand_factor_0.7.py,u_mand_factor,10,u_mand_factor,0.7,2,8,5,0.7,0.5,0.7,0.6,1.4,0.3,109.479996,80,25,128.799997,156.399994,60.013332,1,1,1010,0,heuristic_v7,solved,1,53.04248,109.442117,0.484662,0.1356,,
u_mand_factor\set10\u_mand_factor_0.8.py,u_mand_factor,10,u_mand_factor,0.8,2,8,5,0.8,0.5,0.7,0.6,1.6,0.2,115.919998,80,25,147.199995,165.599997,68.586665,1,1,1010,0,ilp_v2,optimal,1,11.437961,115.901434,0.098687,0.0653,0.0,
u_mand_factor\set10\u_mand_factor_0.8.py,u_mand_factor,10,u_mand_factor,0.8,2,8,5,0.8,0.5,0.7,0.6,1.6,0.2,115.919998,80,25,147.199995,165.599997,68.586665,1,1,1010,0,heuristic_v5b,solved,1,9.215191,115.914803,0.0795,0.0297,,
u_mand_factor\set10\u_mand_factor_0.8.py,u_mand_factor,10,u_mand_factor,0.8,2,8,5,0.8,0.5,0.7,0.6,1.6,0.2,115.919998,80,25,147.199995,165.599997,68.586665,1,1,1010,0,heuristic_v7,solved,1,9.377252,115.915028,0.080898,0.2242,,
u_mand_factor\set10\u_mand_factor_0.9.py,u_mand_factor,10,u_mand_factor,0.9,2,8,5,0.9,0.5,0.7,0.6,1.8,0.1,122.360002,80,25,165.599998,174.800002,77.159999,1,1,1010,0,ilp_v2,infeasible,0,,,,0.0063,,
u_mand_factor\set10\u_mand_factor_0.9.py,u_mand_factor,10,u_mand_factor,0.9,2,8,5,0.9,0.5,0.7,0.6,1.8,0.1,122.360002,80,25,165.599998,174.800002,77.159999,1,1,1010,0,heuristic_v5b,infeasible,0,,147.592246,,0.014,,over budget: E=147.5922 > B=122.3600
u_mand_factor\set10\u_mand_factor_0.9.py,u_mand_factor,10,u_mand_factor,0.9,2,8,5,0.9,0.5,0.7,0.6,1.8,0.1,122.360002,80,25,165.599998,174.800002,77.159999,1,1,1010,0,heuristic_v7,infeasible,0,,147.277856,,0.1258,,over budget: E=147.2779 > B=122.3600
u_mand_factor\set11\u_mand_factor_0.1.py,u_mand_factor,11,u_mand_factor,0.1,2,8,5,0.1,0.5,0.7,0.6,0.2,0.9,70.840006,80,23,18.400002,101.200008,8.560001,1,0,1011,0,ilp_v2,optimal,1,195.848375,67.774514,2.889705,0.0109,0.0,
u_mand_factor\set11\u_mand_factor_0.1.py,u_mand_factor,11,u_mand_factor,0.1,2,8,5,0.1,0.5,0.7,0.6,0.2,0.9,70.840006,80,23,18.400002,101.200008,8.560001,1,0,1011,0,heuristic_v5b,solved,1,195.848375,70.641583,2.772423,0.0044,,
u_mand_factor\set11\u_mand_factor_0.1.py,u_mand_factor,11,u_mand_factor,0.1,2,8,5,0.1,0.5,0.7,0.6,0.2,0.9,70.840006,80,23,18.400002,101.200008,8.560001,1,0,1011,0,heuristic_v7,solved,1,195.848375,70.641583,2.772423,0.0743,,
u_mand_factor\set11\u_mand_factor_0.2.py,u_mand_factor,11,u_mand_factor,0.2,2,8,5,0.2,0.5,0.7,0.6,0.4,0.8,77.279998,80,23,36.799998,110.399997,17.119999,1,0,1011,0,ilp_v2,optimal,1,182.16647,76.563334,2.379291,0.0247,0.0,
u_mand_factor\set11\u_mand_factor_0.2.py,u_mand_factor,11,u_mand_factor,0.2,2,8,5,0.2,0.5,0.7,0.6,0.4,0.8,77.279998,80,23,36.799998,110.399997,17.119999,1,0,1011,0,heuristic_v5b,solved,1,180.870481,77.113182,2.34552,0.0035,,
u_mand_factor\set11\u_mand_factor_0.2.py,u_mand_factor,11,u_mand_factor,0.2,2,8,5,0.2,0.5,0.7,0.6,0.4,0.8,77.279998,80,23,36.799998,110.399997,17.119999,1,0,1011,0,heuristic_v7,solved,1,182.16647,76.81855,2.371386,0.0605,,
u_mand_factor\set11\u_mand_factor_0.3.py,u_mand_factor,11,u_mand_factor,0.3,2,8,5,0.3,0.5,0.7,0.6,0.6,0.7,83.719998,80,23,55.200001,119.599997,25.680001,1,1,1011,0,ilp_v2,optimal,1,162.996299,83.234333,1.958282,0.017,5.6e-05,
u_mand_factor\set11\u_mand_factor_0.3.py,u_mand_factor,11,u_mand_factor,0.3,2,8,5,0.3,0.5,0.7,0.6,0.6,0.7,83.719998,80,23,55.200001,119.599997,25.680001,1,1,1011,0,heuristic_v5b,solved,1,162.350408,83.674832,1.940254,0.0059,,
u_mand_factor\set11\u_mand_factor_0.3.py,u_mand_factor,11,u_mand_factor,0.3,2,8,5,0.3,0.5,0.7,0.6,0.6,0.7,83.719998,80,23,55.200001,119.599997,25.680001,1,1,1011,0,heuristic_v7,solved,1,162.350408,83.674832,1.940254,0.1119,,
u_mand_factor\set11\u_mand_factor_0.4.py,u_mand_factor,11,u_mand_factor,0.4,2,8,5,0.4,0.5,0.7,0.6,0.8,0.6,90.160004,80,23,73.600003,128.800006,34.240002,1,1,1011,0,ilp_v2,optimal,1,139.822025,90.15414,1.550922,0.2437,0.0,
u_mand_factor\set11\u_mand_factor_0.4.py,u_mand_factor,11,u_mand_factor,0.4,2,8,5,0.4,0.5,0.7,0.6,0.8,0.6,90.160004,80,23,73.600003,128.800006,34.240002,1,1,1011,0,heuristic_v5b,solved,1,107.755983,88.650391,1.215516,0.0046,,
u_mand_factor\set11\u_mand_factor_0.4.py,u_mand_factor,11,u_mand_factor,0.4,2,8,5,0.4,0.5,0.7,0.6,0.8,0.6,90.160004,80,23,73.600003,128.800006,34.240002,1,1,1011,0,heuristic_v7,solved,1,127.312621,90.100206,1.413011,0.1019,,
u_mand_factor\set11\u_mand_factor_0.5.py,u_mand_factor,11,u_mand_factor,0.5,2,8,5,0.5,0.5,0.7,0.6,1.0,0.5,96.599995,80,23,91.999994,137.999993,42.799997,1,1,1011,0,ilp_v2,optimal,1,103.081467,96.56191,1.067517,0.3186,0.0,
u_mand_factor\set11\u_mand_factor_0.5.py,u_mand_factor,11,u_mand_factor,0.5,2,8,5,0.5,0.5,0.7,0.6,1.0,0.5,96.599995,80,23,91.999994,137.999993,42.799997,1,1,1011,0,heuristic_v5b,solved,1,85.134948,96.561712,0.881664,0.0052,,
u_mand_factor\set11\u_mand_factor_0.5.py,u_mand_factor,11,u_mand_factor,0.5,2,8,5,0.5,0.5,0.7,0.6,1.0,0.5,96.599995,80,23,91.999994,137.999993,42.799997,1,1,1011,0,heuristic_v7,solved,1,85.134948,96.561712,0.881664,0.0654,,
u_mand_factor\set11\u_mand_factor_0.6.py,u_mand_factor,11,u_mand_factor,0.6,2,8,5,0.6,0.5,0.7,0.6,1.2,0.4,103.040002,80,23,110.399999,147.200002,51.359999,1,1,1011,0,ilp_v2,optimal,1,65.163929,103.036075,0.632438,0.0612,0.0,
u_mand_factor\set11\u_mand_factor_0.6.py,u_mand_factor,11,u_mand_factor,0.6,2,8,5,0.6,0.5,0.7,0.6,1.2,0.4,103.040002,80,23,110.399999,147.200002,51.359999,1,1,1011,0,heuristic_v5b,solved,1,24.141087,100.777275,0.239549,0.0064,,
u_mand_factor\set11\u_mand_factor_0.6.py,u_mand_factor,11,u_mand_factor,0.6,2,8,5,0.6,0.5,0.7,0.6,1.2,0.4,103.040002,80,23,110.399999,147.200002,51.359999,1,1,1011,0,heuristic_v7,solved,1,49.707955,103.022925,0.482494,0.1202,,
u_mand_factor\set11\u_mand_factor_0.7.py,u_mand_factor,11,u_mand_factor,0.7,2,8,5,0.7,0.5,0.7,0.6,1.4,0.3,109.479997,80,23,128.800001,156.399995,59.920001,1,1,1011,0,ilp_v2,optimal,1,30.451686,109.474638,0.278162,0.1363,0.0,
u_mand_factor\set11\u_mand_factor_0.7.py,u_mand_factor,11,u_mand_factor,0.7,2,8,5,0.7,0.5,0.7,0.6,1.4,0.3,109.479997,80,23,128.800001,156.399995,59.920001,1,1,1011,0,heuristic_v5b,solved,1,24.075817,109.351068,0.22017,0.0085,,
u_mand_factor\set11\u_mand_factor_0.7.py,u_mand_factor,11,u_mand_factor,0.7,2,8,5,0.7,0.5,0.7,0.6,1.4,0.3,109.479997,80,23,128.800001,156.399995,59.920001,1,1,1011,0,heuristic_v7,solved,1,24.075817,109.351068,0.22017,0.0901,,
u_mand_factor\set11\u_mand_factor_0.8.py,u_mand_factor,11,u_mand_factor,0.8,2,8,5,0.8,0.5,0.7,0.6,1.6,0.2,115.920004,80,23,147.199999,165.600006,68.479999,1,1,1011,0,ilp_v2,infeasible,0,,,,0.0072,,
u_mand_factor\set11\u_mand_factor_0.8.py,u_mand_factor,11,u_mand_factor,0.8,2,8,5,0.8,0.5,0.7,0.6,1.6,0.2,115.920004,80,23,147.199999,165.600006,68.479999,1,1,1011,0,heuristic_v5b,infeasible,0,,127.023979,,0.015,,over budget: E=127.0240 > B=115.9200
u_mand_factor\set11\u_mand_factor_0.8.py,u_mand_factor,11,u_mand_factor,0.8,2,8,5,0.8,0.5,0.7,0.6,1.6,0.2,115.920004,80,23,147.199999,165.600006,68.479999,1,1,1011,0,heuristic_v7,infeasible,0,,127.017346,,0.1025,,over budget: E=127.0173 > B=115.9200
u_mand_factor\set11\u_mand_factor_0.9.py,u_mand_factor,11,u_mand_factor,0.9,2,8,5,0.9,0.5,0.7,0.6,1.8,0.1,122.360001,80,23,165.6,174.800001,77.04,1,1,1011,0,ilp_v2,infeasible,0,,,,0.0058,,
u_mand_factor\set11\u_mand_factor_0.9.py,u_mand_factor,11,u_mand_factor,0.9,2,8,5,0.9,0.5,0.7,0.6,1.8,0.1,122.360001,80,23,165.6,174.800001,77.04,1,1,1011,0,heuristic_v5b,infeasible,0,,154.500168,,0.01,,over budget: E=154.5002 > B=122.3600
u_mand_factor\set11\u_mand_factor_0.9.py,u_mand_factor,11,u_mand_factor,0.9,2,8,5,0.9,0.5,0.7,0.6,1.8,0.1,122.360001,80,23,165.6,174.800001,77.04,1,1,1011,0,heuristic_v7,infeasible,0,,156.90215,,0.1109,,over budget: E=156.9021 > B=122.3600
u_mand_factor\set12\u_mand_factor_0.1.py,u_mand_factor,12,u_mand_factor,0.1,2,8,5,0.1,0.5,0.7,0.6,0.2,0.9,70.840005,80,24,18.399999,101.200007,8.559999,1,0,1012,0,ilp_v2,optimal,1,214.277687,62.636737,3.420959,0.0113,0.0,
u_mand_factor\set12\u_mand_factor_0.1.py,u_mand_factor,12,u_mand_factor,0.1,2,8,5,0.1,0.5,0.7,0.6,0.2,0.9,70.840005,80,24,18.399999,101.200007,8.559999,1,0,1012,0,heuristic_v5b,solved,1,214.277687,68.551142,3.125808,0.0043,,
u_mand_factor\set12\u_mand_factor_0.1.py,u_mand_factor,12,u_mand_factor,0.1,2,8,5,0.1,0.5,0.7,0.6,0.2,0.9,70.840005,80,24,18.399999,101.200007,8.559999,1,0,1012,0,heuristic_v7,solved,1,214.277687,65.414495,3.275691,0.0888,,
u_mand_factor\set12\u_mand_factor_0.2.py,u_mand_factor,12,u_mand_factor,0.2,2,8,5,0.2,0.5,0.7,0.6,0.4,0.8,77.280002,80,24,36.799999,110.400002,17.119999,1,0,1012,0,ilp_v2,optimal,1,138.932526,63.210749,2.197926,0.0154,0.0,
u_mand_factor\set12\u_mand_factor_0.2.py,u_mand_factor,12,u_mand_factor,0.2,2,8,5,0.2,0.5,0.7,0.6,0.4,0.8,77.280002,80,24,36.799999,110.400002,17.119999,1,0,1012,0,heuristic_v5b,solved,1,138.932526,75.36057,1.843571,0.0067,,
u_mand_factor\set12\u_mand_factor_0.2.py,u_mand_factor,12,u_mand_factor,0.2,2,8,5,0.2,0.5,0.7,0.6,0.4,0.8,77.280002,80,24,36.799999,110.400002,17.119999,1,0,1012,0,heuristic_v7,solved,1,138.932526,75.36057,1.843571,0.0729,,
u_mand_factor\set12\u_mand_factor_0.3.py,u_mand_factor,12,u_mand_factor,0.3,2,8,5,0.3,0.5,0.7,0.6,0.6,0.7,83.72,80,24,55.199999,119.6,25.679999,1,1,1012,0,ilp_v2,optimal,1,125.15183,81.332774,1.538763,0.0185,0.0,
u_mand_factor\set12\u_mand_factor_0.3.py,u_mand_factor,12,u_mand_factor,0.3,2,8,5,0.3,0.5,0.7,0.6,0.6,0.7,83.72,80,24,55.199999,119.6,25.679999,1,1,1012,0,heuristic_v5b,solved,1,125.15183,73.334151,1.706597,0.0056,,
u_mand_factor\set12\u_mand_factor_0.3.py,u_mand_factor,12,u_mand_factor,0.3,2,8,5,0.3,0.5,0.7,0.6,0.6,0.7,83.72,80,24,55.199999,119.6,25.679999,1,1,1012,0,heuristic_v7,solved,1,125.15183,73.334151,1.706597,0.1872,,
u_mand_factor\set12\u_mand_factor_0.4.py,u_mand_factor,12,u_mand_factor,0.4,2,8,5,0.4,0.5,0.7,0.6,0.8,0.6,90.159996,80,24,73.600002,128.799994,34.240001,1,1,1012,0,ilp_v2,optimal,1,117.528401,90.150219,1.303695,0.0975,0.0,
u_mand_factor\set12\u_mand_factor_0.4.py,u_mand_factor,12,u_mand_factor,0.4,2,8,5,0.4,0.5,0.7,0.6,0.8,0.6,90.159996,80,24,73.600002,128.799994,34.240001,1,1,1012,0,heuristic_v5b,solved,1,107.038838,89.81282,1.191799,0.0041,,
u_mand_factor\set12\u_mand_factor_0.4.py,u_mand_factor,12,u_mand_factor,0.4,2,8,5,0.4,0.5,0.7,0.6,0.8,0.6,90.159996,80,24,73.600002,128.799994,34.240001,1,1,1012,0,heuristic_v7,solved,1,119.108332,90.099325,1.321967,0.195,,
u_mand_factor\set12\u_mand_factor_0.5.py,u_mand_factor,12,u_mand_factor,0.5,2,8,5,0.5,0.5,0.7,0.6,1.0,0.5,96.600005,80,24,91.999998,138.000007,42.799999,1,1,1012,0,ilp_v2,optimal,1,105.607029,96.456963,1.094862,0.1145,0.0,
u_mand_factor\set12\u_mand_factor_0.5.py,u_mand_factor,12,u_mand_factor,0.5,2,8,5,0.5,0.5,0.7,0.6,1.0,0.5,96.600005,80,24,91.999998,138.000007,42.799999,1,1,1012,0,heuristic_v5b,solved,1,99.15918,96.414417,1.028468,0.0081,,
u_mand_factor\set12\u_mand_factor_0.5.py,u_mand_factor,12,u_mand_factor,0.5,2,8,5,0.5,0.5,0.7,0.6,1.0,0.5,96.600005,80,24,91.999998,138.000007,42.799999,1,1,1012,0,heuristic_v7,solved,1,107.989404,96.398778,1.120236,0.2599,,
u_mand_factor\set12\u_mand_factor_0.6.py,u_mand_factor,12,u_mand_factor,0.6,2,8,5,0.6,0.5,0.7,0.6,1.2,0.4,103.040002,80,24,110.400001,147.200003,51.360001,1,1,1012,0,ilp_v2,optimal,1,79.600746,103.039198,0.772529,0.0649,0.0,
u_mand_factor\set12\u_mand_factor_0.6.py,u_mand_factor,12,u_mand_factor,0.6,2,8,5,0.6,0.5,0.7,0.6,1.2,0.4,103.040002,80,24,110.400001,147.200003,51.360001,1,1,1012,0,heuristic_v5b,solved,1,74.321987,103.027141,0.721383,0.0143,,
u_mand_factor\set12\u_mand_factor_0.6.py,u_mand_factor,12,u_mand_factor,0.6,2,8,5,0.6,0.5,0.7,0.6,1.2,0.4,103.040002,80,24,110.400001,147.200003,51.360001,1,1,1012,0,heuristic_v7,solved,1,77.715568,102.984569,0.754633,0.2939,,
u_mand_factor\set12\u_mand_factor_0.7.py,u_mand_factor,12,u_mand_factor,0.7,2,8,5,0.7,0.5,0.7,0.6,1.4,0.3,109.480005,80,24,128.8,156.400007,59.92,1,1,1012,0,ilp_v2,optimal,1,38.589974,109.444988,0.352597,0.192,0.0,
u_mand_factor\set12\u_mand_factor_0.7.py,u_mand_factor,12,u_mand_factor,0.7,2,8,5,0.7,0.5,0.7,0.6,1.4,0.3,109.480005,80,24,128.8,156.400007,59.92,1,1,1012,0,heuristic_v5b,solved,1,34.289853,109.431882,0.313344,0.0607,,
u_mand_factor\set12\u_mand_factor_0.7.py,u_mand_factor,12,u_mand_factor,0.7,2,8,5,0.7,0.5,0.7,0.6,1.4,0.3,109.480005,80,24,128.8,156.400007,59.92,1,1,1012,0,heuristic_v7,solved,1,34.289853,109.431882,0.313344,0.527,,
u_mand_factor\set12\u_mand_factor_0.8.py,u_mand_factor,12,u_mand_factor,0.8,2,8,5,0.8,0.5,0.7,0.6,1.6,0.2,115.920005,80,24,147.200003,165.600007,68.480002,1,1,1012,0,ilp_v2,infeasible,0,,,,0.0119,,
u_mand_factor\set12\u_mand_factor_0.8.py,u_mand_factor,12,u_mand_factor,0.8,2,8,5,0.8,0.5,0.7,0.6,1.6,0.2,115.920005,80,24,147.200003,165.600007,68.480002,1,1,1012,0,heuristic_v5b,infeasible,0,,122.897034,,0.0182,,over budget: E=122.8970 > B=115.9200
u_mand_factor\set12\u_mand_factor_0.8.py,u_mand_factor,12,u_mand_factor,0.8,2,8,5,0.8,0.5,0.7,0.6,1.6,0.2,115.920005,80,24,147.200003,165.600007,68.480002,1,1,1012,0,heuristic_v7,infeasible,0,,129.414555,,0.1562,,over budget: E=129.4146 > B=115.9200
u_mand_factor\set12\u_mand_factor_0.9.py,u_mand_factor,12,u_mand_factor,0.9,2,8,5,0.9,0.5,0.7,0.6,1.8,0.1,122.359994,80,24,165.599998,174.799992,77.039999,1,1,1012,0,ilp_v2,infeasible,0,,,,0.0084,,
u_mand_factor\set12\u_mand_factor_0.9.py,u_mand_factor,12,u_mand_factor,0.9,2,8,5,0.9,0.5,0.7,0.6,1.8,0.1,122.359994,80,24,165.599998,174.799992,77.039999,1,1,1012,0,heuristic_v5b,infeasible,0,,153.358212,,0.019,,over budget: E=153.3582 > B=122.3600
u_mand_factor\set12\u_mand_factor_0.9.py,u_mand_factor,12,u_mand_factor,0.9,2,8,5,0.9,0.5,0.7,0.6,1.8,0.1,122.359994,80,24,165.599998,174.799992,77.039999,1,1,1012,0,heuristic_v7,infeasible,0,,154.269127,,0.167,,over budget: E=154.2691 > B=122.3600
u_mand_factor\set13\u_mand_factor_0.1.py,u_mand_factor,13,u_mand_factor,0.1,2,8,5,0.1,0.5,0.7,0.6,0.2,0.9,70.839988,80,29,18.399998,101.199983,8.559999,1,0,1013,0,ilp_v2,optimal,1,205.385913,68.880211,2.981784,0.0213,0.0,
u_mand_factor\set13\u_mand_factor_0.1.py,u_mand_factor,13,u_mand_factor,0.1,2,8,5,0.1,0.5,0.7,0.6,0.2,0.9,70.839988,80,29,18.399998,101.199983,8.559999,1,0,1013,0,heuristic_v5b,solved,1,205.385913,70.162042,2.927308,0.011,,
u_mand_factor\set13\u_mand_factor_0.1.py,u_mand_factor,13,u_mand_factor,0.1,2,8,5,0.1,0.5,0.7,0.6,0.2,0.9,70.839988,80,29,18.399998,101.199983,8.559999,1,0,1013,0,heuristic_v7,solved,1,205.385913,70.162042,2.927308,0.1057,,
u_mand_factor\set13\u_mand_factor_0.2.py,u_mand_factor,13,u_mand_factor,0.2,2,8,5,0.2,0.5,0.7,0.6,0.4,0.8,77.28001,80,29,36.800006,110.400015,17.120003,1,0,1013,0,ilp_v2,optimal,1,152.692804,77.095934,1.980556,0.0723,0.0,
u_mand_factor\set13\u_mand_factor_0.2.py,u_mand_factor,13,u_mand_factor,0.2,2,8,5,0.2,0.5,0.7,0.6,0.4,0.8,77.28001,80,29,36.800006,110.400015,17.120003,1,0,1013,0,heuristic_v5b,solved,1,154.253979,77.218319,1.997635,0.0132,,
u_mand_factor\set13\u_mand_factor_0.2.py,u_mand_factor,13,u_mand_factor,0.2,2,8,5,0.2,0.5,0.7,0.6,0.4,0.8,77.28001,80,29,36.800006,110.400015,17.120003,1,0,1013,0,heuristic_v7,solved,1,154.253979,77.218319,1.997635,0.1486,,
u_mand_factor\set13\u_mand_factor_0.3.py,u_mand_factor,13,u_mand_factor,0.3,2,8,5,0.3,0.5,0.7,0.6,0.6,0.7,83.72,80,29,55.199994,119.6,25.679997,1,1,1013,0,ilp_v2,optimal,1,141.641344,83.719642,1.691853,0.157,0.0,
u_mand_factor\set13\u_mand_factor_0.3.py,u_mand_factor,13,u_mand_factor,0.3,2,8,5,0.3,0.5,0.7,0.6,0.6,0.7,83.72,80,29,55.199994,119.6,25.679997,1,1,1013,0,heuristic_v5b,solved,1,139.689449,83.353767,1.675862,0.0153,,
u_mand_factor\set13\u_mand_factor_0.3.py,u_mand_factor,13,u_mand_factor,0.3,2,8,5,0.3,0.5,0.7,0.6,0.6,0.7,83.72,80,29,55.199994,119.6,25.679997,1,1,1013,0,heuristic_v7,solved,1,139.689449,83.353767,1.675862,0.3843,,
u_mand_factor\set13\u_mand_factor_0.4.py,u_mand_factor,13,u_mand_factor,0.4,2,8,5,0.4,0.5,0.7,0.6,0.8,0.6,90.159998,80,29,73.6,128.799997,34.24,1,1,1013,0,ilp_v2,optimal,1,133.585525,89.61007,1.490742,0.0146,0.0,
u_mand_factor\set13\u_mand_factor_0.4.py,u_mand_factor,13,u_mand_factor,0.4,2,8,5,0.4,0.5,0.7,0.6,0.8,0.6,90.159998,80,29,73.6,128.799997,34.24,1,1,1013,0,heuristic_v5b,solved,1,124.950147,90.015335,1.388098,0.0111,,
u_mand_factor\set13\u_mand_factor_0.4.py,u_mand_factor,13,u_mand_factor,0.4,2,8,5,0.4,0.5,0.7,0.6,0.8,0.6,90.159998,80,29,73.6,128.799997,34.24,1,1,1013,0,heuristic_v7,solved,1,133.585525,90.124973,1.482225,0.2057,,
u_mand_factor\set13\u_mand_factor_0.5.py,u_mand_factor,13,u_mand_factor,0.5,2,8,5,0.5,0.5,0.7,0.6,1.0,0.5,96.600001,80,29,91.999998,138.000001,42.799999,1,1,1013,0,ilp_v2,optimal,1,116.734282,96.496297,1.209728,0.0566,0.0,
u_mand_factor\set13\u_mand_factor_0.5.py,u_mand_factor,13,u_mand_factor,0.5,2,8,5,0.5,0.5,0.7,0.6,1.0,0.5,96.600001,80,29,91.999998,138.000001,42.799999,1,1,1013,0,heuristic_v5b,solved,1,98.553597,96.439758,1.021919,0.0153,,
u_mand_factor\set13\u_mand_factor_0.5.py,u_mand_factor,13,u_mand_factor,0.5,2,8,5,0.5,0.5,0.7,0.6,1.0,0.5,96.600001,80,29,91.999998,138.000001,42.799999,1,1,1013,0,heuristic_v7,solved,1,116.533507,96.583121,1.206562,0.2003,,
u_mand_factor\set13\u_mand_factor_0.6.py,u_mand_factor,13,u_mand_factor,0.6,2,8,5,0.6,0.5,0.7,0.6,1.2,0.4,103.039998,80,29,110.400001,147.199997,51.360001,1,1,1013,0,ilp_v2,optimal,1,87.499022,103.024183,0.849306,0.2282,0.0,
u_mand_factor\set13\u_mand_factor_0.6.py,u_mand_factor,13,u_mand_factor,0.6,2,8,5,0.6,0.5,0.7,0.6,1.2,0.4,103.039998,80,29,110.400001,147.199997,51.360001,1,1,1013,0,heuristic_v5b,solved,1,64.199166,102.971771,0.623464,0.0198,,
u_mand_factor\set13\u_mand_factor_0.6.py,u_mand_factor,13,u_mand_factor,0.6,2,8,5,0.6,0.5,0.7,0.6,1.2,0.4,103.039998,80,29,110.400001,147.199997,51.360001,1,1,1013,0,heuristic_v7,solved,1,83.640371,103.035123,0.811766,0.2867,,
u_mand_factor\set13\u_mand_factor_0.7.py,u_mand_factor,13,u_mand_factor,0.7,2,8,5,0.7,0.5,0.7,0.6,1.4,0.3,109.479994,80,29,128.800001,156.399991,59.920001,1,1,1013,0,ilp_v2,optimal,1,50.554653,109.478358,0.461778,1.693,4.4e-05,
u_mand_factor\set13\u_mand_factor_0.7.py,u_mand_factor,13,u_mand_factor,0.7,2,8,5,0.7,0.5,0.7,0.6,1.4,0.3,109.479994,80,29,128.800001,156.399991,59.920001,1,1,1013,0,heuristic_v5b,solved,1,46.146279,109.402812,0.421802,0.0354,,
u_mand_factor\set13\u_mand_factor_0.7.py,u_mand_factor,13,u_mand_factor,0.7,2,8,5,0.7,0.5,0.7,0.6,1.4,0.3,109.479994,80,29,128.800001,156.399991,59.920001,1,1,1013,0,heuristic_v7,solved,1,46.146279,109.402812,0.421802,0.8914,,
u_mand_factor\set13\u_mand_factor_0.8.py,u_mand_factor,13,u_mand_factor,0.8,2,8,5,0.8,0.5,0.7,0.6,1.6,0.2,115.920003,80,29,147.199999,165.600005,68.479999,1,1,1013,0,ilp_v2,optimal,1,8.899478,115.912877,0.076777,0.2893,0.0,
u_mand_factor\set13\u_mand_factor_0.8.py,u_mand_factor,13,u_mand_factor,0.8,2,8,5,0.8,0.5,0.7,0.6,1.6,0.2,115.920003,80,29,147.199999,165.600005,68.479999,1,1,1013,0,heuristic_v5b,solved,1,7.727254,115.867841,0.06669,0.0373,,
u_mand_factor\set13\u_mand_factor_0.8.py,u_mand_factor,13,u_mand_factor,0.8,2,8,5,0.8,0.5,0.7,0.6,1.6,0.2,115.920003,80,29,147.199999,165.600005,68.479999,1,1,1013,0,heuristic_v7,solved,1,8.346611,115.89384,0.072019,1.0281,,
u_mand_factor\set13\u_mand_factor_0.9.py,u_mand_factor,13,u_mand_factor,0.9,2,8,5,0.9,0.5,0.7,0.6,1.8,0.1,122.359998,80,29,165.599999,174.799998,77.039999,1,1,1013,0,ilp_v2,infeasible,0,,,,0.0165,,
u_mand_factor\set13\u_mand_factor_0.9.py,u_mand_factor,13,u_mand_factor,0.9,2,8,5,0.9,0.5,0.7,0.6,1.8,0.1,122.359998,80,29,165.599999,174.799998,77.039999,1,1,1013,0,heuristic_v5b,infeasible,0,,143.048501,,0.0435,,over budget: E=143.0485 > B=122.3600
u_mand_factor\set13\u_mand_factor_0.9.py,u_mand_factor,13,u_mand_factor,0.9,2,8,5,0.9,0.5,0.7,0.6,1.8,0.1,122.359998,80,29,165.599999,174.799998,77.039999,1,1,1013,0,heuristic_v7,infeasible,0,,141.22422,,0.2445,,over budget: E=141.2242 > B=122.3600
u_mand_factor\set14\u_mand_factor_0.1.py,u_mand_factor,14,u_mand_factor,0.1,2,8,5,0.1,0.5,0.7,0.6,0.2,0.9,70.84,80,22,18.4,101.2,8.573333,1,0,1014,0,ilp_v2,optimal,1,201.728203,64.531872,3.126024,0.0085,0.0,
u_mand_factor\set14\u_mand_factor_0.1.py,u_mand_factor,14,u_mand_factor,0.1,2,8,5,0.1,0.5,0.7,0.6,0.2,0.9,70.84,80,22,18.4,101.2,8.573333,1,0,1014,0,heuristic_v5b,solved,1,198.54273,69.932461,2.839064,0.0036,,
u_mand_factor\set14\u_mand_factor_0.1.py,u_mand_factor,14,u_mand_factor,0.1,2,8,5,0.1,0.5,0.7,0.6,0.2,0.9,70.84,80,22,18.4,101.2,8.573333,1,0,1014,0,heuristic_v7,solved,1,201.728203,70.370455,2.866661,0.0303,,
u_mand_factor\set14\u_mand_factor_0.2.py,u_mand_factor,14,u_mand_factor,0.2,2,8,5,0.2,0.5,0.7,0.6,0.4,0.8,77.280001,80,22,36.800001,110.400001,17.146667,1,0,1014,0,ilp_v2,optimal,1,195.531678,75.542938,2.588352,0.0088,0.0,
u_mand_factor\set14\u_mand_factor_0.2.py,u_mand_factor,14,u_mand_factor,0.2,2,8,5,0.2,0.5,0.7,0.6,0.4,0.8,77.280001,80,22,36.800001,110.400001,17.146667,1,0,1014,0,heuristic_v5b,solved,1,195.531678,67.611429,2.891991,0.004,,
u_mand_factor\set14\u_mand_factor_0.2.py,u_mand_factor,14,u_mand_factor,0.2,2,8,5,0.2,0.5,0.7,0.6,0.4,0.8,77.280001,80,22,36.800001,110.400001,17.146667,1,0,1014,0,heuristic_v7,solved,1,195.531678,67.611429,2.891991,0.042,,
u_mand_factor\set14\u_mand_factor_0.3.py,u_mand_factor,14,u_mand_factor,0.3,2,8,5,0.3,0.5,0.7,0.6,0.6,0.7,83.719999,80,22,55.200001,119.599999,25.720001,1,1,1014,0,ilp_v2,optimal,1,180.081148,80.742582,2.230312,0.009,0.0,
u_mand_factor\set14\u_mand_factor_0.3.py,u_mand_factor,14,u_mand_factor,0.3,2,8,5,0.3,0.5,0.7,0.6,0.6,0.7,83.719999,80,22,55.200001,119.599999,25.720001,1,1,1014,0,heuristic_v5b,solved,1,180.081148,83.599644,2.15409,0.0048,,
u_mand_factor\set14\u_mand_factor_0.3.py,u_mand_factor,14,u_mand_factor,0.3,2,8,5,0.3,0.5,0.7,0.6,0.6,0.7,83.719999,80,22,55.200001,119.599999,25.720001,1,1,1014,0,heuristic_v7,solved,1,180.081148,71.926534,2.503682,0.0368,,
u_mand_factor\set14\u_mand_factor_0.4.py,u_mand_factor,14,u_mand_factor,0.4,2,8,5,0.4,0.5,0.7,0.6,0.8,0.6,90.160006,80,22,73.599999,128.800008,34.293333,1,1,1014,0,ilp_v2,optimal,1,147.585512,89.908632,1.641505,0.0103,0.0,
u_mand_factor\set14\u_mand_factor_0.4.py,u_mand_factor,14,u_mand_factor,0.4,2,8,5,0.4,0.5,0.7,0.6,0.8,0.6,90.160006,80,22,73.599999,128.800008,34.293333,1,1,1014,0,heuristic_v5b,solved,1,107.229714,90.08144,1.190364,0.0052,,
u_mand_factor\set14\u_mand_factor_0.4.py,u_mand_factor,14,u_mand_factor,0.4,2,8,5,0.4,0.5,0.7,0.6,0.8,0.6,90.160006,80,22,73.599999,128.800008,34.293333,1,1,1014,0,heuristic_v7,solved,1,147.585512,81.819995,1.803783,0.0396,,
u_mand_factor\set14\u_mand_factor_0.5.py,u_mand_factor,14,u_mand_factor,0.5,2,8,5,0.5,0.5,0.7,0.6,1.0,0.5,96.600002,80,22,92.000003,138.000002,42.866668,1,1,1014,0,ilp_v2,optimal,1,115.189989,96.391034,1.195028,0.0462,0.0,
u_mand_factor\set14\u_mand_factor_0.5.py,u_mand_factor,14,u_mand_factor,0.5,2,8,5,0.5,0.5,0.7,0.6,1.0,0.5,96.600002,80,22,92.000003,138.000002,42.866668,1,1,1014,0,heuristic_v5b,solved,1,62.570439,96.522851,0.648245,0.0068,,
u_mand_factor\set14\u_mand_factor_0.5.py,u_mand_factor,14,u_mand_factor,0.5,2,8,5,0.5,0.5,0.7,0.6,1.0,0.5,96.600002,80,22,92.000003,138.000002,42.866668,1,1,1014,0,heuristic_v7,solved,1,114.473505,95.435552,1.199485,0.0549,,
u_mand_factor\set14\u_mand_factor_0.6.py,u_mand_factor,14,u_mand_factor,0.6,2,8,5,0.6,0.5,0.7,0.6,1.2,0.4,103.040002,80,22,110.400001,147.200003,51.440001,1,1,1014,0,ilp_v2,optimal,1,83.891033,102.965156,0.814752,0.0568,5.8e-05,
u_mand_factor\set14\u_mand_factor_0.6.py,u_mand_factor,14,u_mand_factor,0.6,2,8,5,0.6,0.5,0.7,0.6,1.2,0.4,103.040002,80,22,110.400001,147.200003,51.440001,1,1,1014,0,heuristic_v5b,solved,1,25.112687,102.850245,0.244167,0.0058,,
u_mand_factor\set14\u_mand_factor_0.6.py,u_mand_factor,14,u_mand_factor,0.6,2,8,5,0.6,0.5,0.7,0.6,1.2,0.4,103.040002,80,22,110.400001,147.200003,51.440001,1,1,1014,0,heuristic_v7,solved,1,76.053452,103.029123,0.738174,0.0839,,
u_mand_factor\set14\u_mand_factor_0.7.py,u_mand_factor,14,u_mand_factor,0.7,2,8,5,0.7,0.5,0.7,0.6,1.4,0.3,109.479996,80,22,128.8,156.399994,60.013333,1,1,1014,0,ilp_v2,optimal,1,48.728477,109.455733,0.445189,0.0836,0.0,
u_mand_factor\set14\u_mand_factor_0.7.py,u_mand_factor,14,u_mand_factor,0.7,2,8,5,0.7,0.5,0.7,0.6,1.4,0.3,109.479996,80,22,128.8,156.399994,60.013333,1,1,1014,0,heuristic_v5b,solved,1,44.741091,109.364709,0.4091,0.0043,,
u_mand_factor\set14\u_mand_factor_0.7.py,u_mand_factor,14,u_mand_factor,0.7,2,8,5,0.7,0.5,0.7,0.6,1.4,0.3,109.479996,80,22,128.8,156.399994,60.013333,1,1,1014,0,heuristic_v7,solved,1,45.051819,109.348819,0.412001,0.0764,,
u_mand_factor\set14\u_mand_factor_0.8.py,u_mand_factor,14,u_mand_factor,0.8,2,8,5,0.8,0.5,0.7,0.6,1.6,0.2,115.919999,80,22,147.199999,165.599999,68.586666,1,1,1014,0,ilp_v2,infeasible,0,,,,0.0072,,
u_mand_factor\set14\u_mand_factor_0.8.py,u_mand_factor,14,u_mand_factor,0.8,2,8,5,0.8,0.5,0.7,0.6,1.6,0.2,115.919999,80,22,147.199999,165.599999,68.586666,1,1,1014,0,heuristic_v5b,solved,1,1.597259,115.29201,0.013854,0.0055,,
u_mand_factor\set14\u_mand_factor_0.8.py,u_mand_factor,14,u_mand_factor,0.8,2,8,5,0.8,0.5,0.7,0.6,1.6,0.2,115.919999,80,22,147.199999,165.599999,68.586666,1,1,1014,0,heuristic_v7,solved,1,1.977852,115.918469,0.017062,0.121,,
u_mand_factor\set14\u_mand_factor_0.9.py,u_mand_factor,14,u_mand_factor,0.9,2,8,5,0.9,0.5,0.7,0.6,1.8,0.1,122.36,80,22,165.600005,174.8,77.160002,1,1,1014,0,ilp_v2,infeasible,0,,,,0.0054,,
u_mand_factor\set14\u_mand_factor_0.9.py,u_mand_factor,14,u_mand_factor,0.9,2,8,5,0.9,0.5,0.7,0.6,1.8,0.1,122.36,80,22,165.600005,174.8,77.160002,1,1,1014,0,heuristic_v5b,infeasible,0,,149.184872,,0.0083,,over budget: E=149.1849 > B=122.3600
u_mand_factor\set14\u_mand_factor_0.9.py,u_mand_factor,14,u_mand_factor,0.9,2,8,5,0.9,0.5,0.7,0.6,1.8,0.1,122.36,80,22,165.600005,174.8,77.160002,1,1,1014,0,heuristic_v7,infeasible,0,,149.764986,,0.0864,,over budget: E=149.7650 > B=122.3600
u_mand_factor\set15\u_mand_factor_0.1.py,u_mand_factor,15,u_mand_factor,0.1,2,8,5,0.1,0.5,0.7,0.6,0.2,0.9,70.840001,80,21,18.4,101.200001,8.8,1,0,1015,0,ilp_v2,optimal,1,265.398872,59.172977,4.485136,0.01,0.0,
u_mand_factor\set15\u_mand_factor_0.1.py,u_mand_factor,15,u_mand_factor,0.1,2,8,5,0.1,0.5,0.7,0.6,0.2,0.9,70.840001,80,21,18.4,101.200001,8.8,1,0,1015,0,heuristic_v5b,solved,1,265.398872,67.548257,3.929026,0.0041,,
u_mand_factor\set15\u_mand_factor_0.1.py,u_mand_factor,15,u_mand_factor,0.1,2,8,5,0.1,0.5,0.7,0.6,0.2,0.9,70.840001,80,21,18.4,101.200001,8.8,1,0,1015,0,heuristic_v7,solved,1,265.398872,67.548257,3.929026,0.0697,,
u_mand_factor\set15\u_mand_factor_0.2.py,u_mand_factor,15,u_mand_factor,0.2,2,8,5,0.2,0.5,0.7,0.6,0.4,0.8,77.279998,80,21,36.8,110.399998,17.6,1,0,1015,0,ilp_v2,optimal,1,197.963718,64.076566,3.089487,0.0091,0.0,
u_mand_factor\set15\u_mand_factor_0.2.py,u_mand_factor,15,u_mand_factor,0.2,2,8,5,0.2,0.5,0.7,0.6,0.4,0.8,77.279998,80,21,36.8,110.399998,17.6,1,0,1015,0,heuristic_v5b,solved,1,197.963718,67.611427,2.927962,0.0032,,
u_mand_factor\set15\u_mand_factor_0.2.py,u_mand_factor,15,u_mand_factor,0.2,2,8,5,0.2,0.5,0.7,0.6,0.4,0.8,77.279998,80,21,36.8,110.399998,17.6,1,0,1015,0,heuristic_v7,solved,1,197.963718,67.611427,2.927962,0.0413,,
u_mand_factor\set15\u_mand_factor_0.3.py,u_mand_factor,15,u_mand_factor,0.3,2,8,5,0.3,0.5,0.7,0.6,0.6,0.7,83.720006,80,21,55.199994,119.600009,26.399997,1,1,1015,0,ilp_v2,optimal,1,180.189984,81.532854,2.210029,0.0235,0.0,
u_mand_factor\set15\u_mand_factor_0.3.py,u_mand_factor,15,u_mand_factor,0.3,2,8,5,0.3,0.5,0.7,0.6,0.6,0.7,83.720006,80,21,55.199994,119.600009,26.399997,1,1,1015,0,heuristic_v5b,solved,1,182.474416,83.717766,2.179638,0.0039,,
u_mand_factor\set15\u_mand_factor_0.3.py,u_mand_factor,15,u_mand_factor,0.3,2,8,5,0.3,0.5,0.7,0.6,0.6,0.7,83.720006,80,21,55.199994,119.600009,26.399997,1,1,1015,0,heuristic_v7,solved,1,182.474416,83.717766,2.179638,0.0597,,
u_mand_factor\set15\u_mand_factor_0.4.py,u_mand_factor,15,u_mand_factor,0.4,2,8,5,0.4,0.5,0.7,0.6,0.8,0.6,90.159994,80,21,73.600003,128.799992,35.200002,1,1,1015,0,ilp_v2,optimal,1,164.717145,90.117443,1.827805,0.0294,0.0,
u_mand_factor\set15\u_mand_factor_0.4.py,u_mand_factor,15,u_mand_factor,0.4,2,8,5,0.4,0.5,0.7,0.6,0.8,0.6,90.159994,80,21,73.600003,128.799992,35.200002,1,1,1015,0,heuristic_v5b,solved,1,144.487572,90.158033,1.602603,0.0153,,
u_mand_factor\set15\u_mand_factor_0.4.py,u_mand_factor,15,u_mand_factor,0.4,2,8,5,0.4,0.5,0.7,0.6,0.8,0.6,90.159994,80,21,73.600003,128.799992,35.200002,1,1,1015,0,heuristic_v7,solved,1,151.331719,90.108496,1.679439,0.1996,,
u_mand_factor\set15\u_mand_factor_0.5.py,u_mand_factor,15,u_mand_factor,0.5,2,8,5,0.5,0.5,0.7,0.6,1.0,0.5,96.600006,80,21,92.000002,138.000008,44.000001,1,1,1015,0,ilp_v2,optimal,1,132.137895,96.591963,1.368001,0.0638,0.0,
u_mand_factor\set15\u_mand_factor_0.5.py,u_mand_factor,15,u_mand_factor,0.5,2,8,5,0.5,0.5,0.7,0.6,1.0,0.5,96.600006,80,21,92.000002,138.000008,44.000001,1,1,1015,0,heuristic_v5b,solved,1,132.650634,96.519402,1.374342,0.007,,
u_mand_factor\set15\u_mand_factor_0.5.py,u_mand_factor,15,u_mand_factor,0.5,2,8,5,0.5,0.5,0.7,0.6,1.0,0.5,96.600006,80,21,92.000002,138.000008,44.000001,1,1,1015,0,heuristic_v7,solved,1,152.3314,94.337064,1.614757,0.1404,,
u_mand_factor\set15\u_mand_factor_0.6.py,u_mand_factor,15,u_mand_factor,0.6,2,8,5,0.6,0.5,0.7,0.6,1.2,0.4,103.040006,80,21,110.400003,147.200008,52.800002,1,1,1015,0,ilp_v2,optimal,1,112.905206,102.992507,1.096247,0.0421,0.0,
u_mand_factor\set15\u_mand_factor_0.6.py,u_mand_factor,15,u_mand_factor,0.6,2,8,5,0.6,0.5,0.7,0.6,1.2,0.4,103.040006,80,21,110.400003,147.200008,52.800002,1,1,1015,0,heuristic_v5b,solved,1,108.924598,103.026797,1.057245,0.0111,,
u_mand_factor\set15\u_mand_factor_0.6.py,u_mand_factor,15,u_mand_factor,0.6,2,8,5,0.6,0.5,0.7,0.6,1.2,0.4,103.040006,80,21,110.400003,147.200008,52.800002,1,1,1015,0,heuristic_v7,solved,1,108.924598,103.026797,1.057245,0.1432,,
u_mand_factor\set15\u_mand_factor_0.7.py,u_mand_factor,15,u_mand_factor,0.7,2,8,5,0.7,0.5,0.7,0.6,1.4,0.3,109.480002,80,21,128.800003,156.400002,61.600002,1,1,1015,0,ilp_v2,optimal,1,63.674455,109.459849,0.581715,0.0499,0.0,
u_mand_factor\set15\u_mand_factor_0.7.py,u_mand_factor,15,u_mand_factor,0.7,2,8,5,0.7,0.5,0.7,0.6,1.4,0.3,109.480002,80,21,128.800003,156.400002,61.600002,1,1,1015,0,heuristic_v5b,solved,1,34.13826,108.776482,0.313839,0.0057,,
u_mand_factor\set15\u_mand_factor_0.7.py,u_mand_factor,15,u_mand_factor,0.7,2,8,5,0.7,0.5,0.7,0.6,1.4,0.3,109.480002,80,21,128.800003,156.400002,61.600002,1,1,1015,0,heuristic_v7,solved,1,60.134335,109.202678,0.550667,0.1318,,
u_mand_factor\set15\u_mand_factor_0.8.py,u_mand_factor,15,u_mand_factor,0.8,2,8,5,0.8,0.5,0.7,0.6,1.6,0.2,115.919994,80,21,147.199994,165.599991,70.399997,1,1,1015,0,ilp_v2,optimal,1,4.133509,115.902366,0.035664,0.254,0.0,
u_mand_factor\set15\u_mand_factor_0.8.py,u_mand_factor,15,u_mand_factor,0.8,2,8,5,0.8,0.5,0.7,0.6,1.6,0.2,115.919994,80,21,147.199994,165.599991,70.399997,1,1,1015,0,heuristic_v5b,solved,1,1.880404,115.909336,0.016223,0.0101,,
u_mand_factor\set15\u_mand_factor_0.8.py,u_mand_factor,15,u_mand_factor,0.8,2,8,5,0.8,0.5,0.7,0.6,1.6,0.2,115.919994,80,21,147.199994,165.599991,70.399997,1,1,1015,0,heuristic_v7,solved,1,3.88647,115.875503,0.03354,0.0987,,
u_mand_factor\set15\u_mand_factor_0.9.py,u_mand_factor,15,u_mand_factor,0.9,2,8,5,0.9,0.5,0.7,0.6,1.8,0.1,122.359994,80,21,165.599998,174.799991,79.199999,1,1,1015,0,ilp_v2,infeasible,0,,,,0.008,,
u_mand_factor\set15\u_mand_factor_0.9.py,u_mand_factor,15,u_mand_factor,0.9,2,8,5,0.9,0.5,0.7,0.6,1.8,0.1,122.359994,80,21,165.599998,174.799991,79.199999,1,1,1015,0,heuristic_v5b,infeasible,0,,149.455962,,0.0134,,over budget: E=149.4560 > B=122.3600
u_mand_factor\set15\u_mand_factor_0.9.py,u_mand_factor,15,u_mand_factor,0.9,2,8,5,0.9,0.5,0.7,0.6,1.8,0.1,122.359994,80,21,165.599998,174.799991,79.199999,1,1,1015,0,heuristic_v7,infeasible,0,,149.455962,,0.0881,,over budget: E=149.4560 > B=122.3600
u_mand_factor\set16\u_mand_factor_0.1.py,u_mand_factor,16,u_mand_factor,0.1,2,8,5,0.1,0.5,0.7,0.6,0.2,0.9,70.840001,80,34,18.400007,101.200001,9.20364,1,0,1016,0,ilp_v2,optimal,1,238.568316,69.339653,3.440576,0.0156,0.0,
u_mand_factor\set16\u_mand_factor_0.1.py,u_mand_factor,16,u_mand_factor,0.1,2,8,5,0.1,0.5,0.7,0.6,0.2,0.9,70.840001,80,34,18.400007,101.200001,9.20364,1,0,1016,0,heuristic_v5b,solved,1,238.568316,70.206737,3.398083,0.0205,,
u_mand_factor\set16\u_mand_factor_0.1.py,u_mand_factor,16,u_mand_factor,0.1,2,8,5,0.1,0.5,0.7,0.6,0.2,0.9,70.840001,80,34,18.400007,101.200001,9.20364,1,0,1016,0,heuristic_v7,solved,1,238.568316,70.206737,3.398083,0.6793,,
u_mand_factor\set16\u_mand_factor_0.2.py,u_mand_factor,16,u_mand_factor,0.2,2,8,5,0.2,0.5,0.7,0.6,0.4,0.8,77.279996,80,34,36.800009,110.399994,18.407277,1,0,1016,0,ilp_v2,optimal,1,238.203779,66.479651,3.583108,0.0199,0.0,
u_mand_factor\set16\u_mand_factor_0.2.py,u_mand_factor,16,u_mand_factor,0.2,2,8,5,0.2,0.5,0.7,0.6,0.4,0.8,77.279996,80,34,36.800009,110.399994,18.407277,1,0,1016,0,heuristic_v5b,solved,1,238.203779,76.091084,3.130508,0.0208,,
u_mand_factor\set16\u_mand_factor_0.2.py,u_mand_factor,16,u_mand_factor,0.2,2,8,5,0.2,0.5,0.7,0.6,0.4,0.8,77.279996,80,34,36.800009,110.399994,18.407277,1,0,1016,0,heuristic_v7,solved,1,238.203779,76.091084,3.130508,0.3636,,
u_mand_factor\set16\u_mand_factor_0.3.py,u_mand_factor,16,u_mand_factor,0.3,2,8,5,0.3,0.5,0.7,0.6,0.6,0.7,83.719999,80,34,55.199998,119.599999,27.610908,1,1,1016,0,ilp_v2,optimal,1,189.687847,79.919431,2.373488,0.019,0.0,
u_mand_factor\set16\u_mand_factor_0.3.py,u_mand_factor,16,u_mand_factor,0.3,2,8,5,0.3,0.5,0.7,0.6,0.6,0.7,83.719999,80,34,55.199998,119.599999,27.610908,1,1,1016,0,heuristic_v5b,solved,1,189.687847,82.500601,2.29923,0.0206,,
u_mand_factor\set16\u_mand_factor_0.3.py,u_mand_factor,16,u_mand_factor,0.3,2,8,5,0.3,0.5,0.7,0.6,0.6,0.7,83.719999,80,34,55.199998,119.599999,27.610908,1,1,1016,0,heuristic_v7,solved,1,189.687847,82.172095,2.308422,0.3058,,
u_mand_factor\set16\u_mand_factor_0.4.py,u_mand_factor,16,u_mand_factor,0.4,2,8,5,0.4,0.5,0.7,0.6,0.8,0.6,90.160011,80,34,73.600005,128.800016,36.814548,1,1,1016,0,ilp_v2,optimal,1,159.070339,90.129858,1.764902,0.0226,0.0,
u_mand_factor\set16\u_mand_factor_0.4.py,u_mand_factor,16,u_mand_factor,0.4,2,8,5,0.4,0.5,0.7,0.6,0.8,0.6,90.160011,80,34,73.600005,128.800016,36.814548,1,1,1016,0,heuristic_v5b,solved,1,158.050847,90.107475,1.754026,0.0221,,
u_mand_factor\set16\u_mand_factor_0.4.py,u_mand_factor,16,u_mand_factor,0.4,2,8,5,0.4,0.5,0.7,0.6,0.8,0.6,90.160011,80,34,73.600005,128.800016,36.814548,1,1,1016,0,heuristic_v7,solved,1,159.070339,90.152307,1.764462,0.2022,,
u_mand_factor\set16\u_mand_factor_0.5.py,u_mand_factor,16,u_mand_factor,0.5,2,8,5,0.5,0.5,0.7,0.6,1.0,0.5,96.599998,80,34,91.999997,137.999998,46.01818,1,1,1016,0,ilp_v2,optimal,1,131.897754,96.548273,1.366133,0.0321,0.0,
u_mand_factor\set16\u_mand_factor_0.5.py,u_mand_factor,16,u_mand_factor,0.5,2,8,5,0.5,0.5,0.7,0.6,1.0,0.5,96.599998,80,34,91.999997,137.999998,46.01818,1,1,1016,0,heuristic_v5b,solved,1,123.358976,96.594435,1.277082,0.0555,,
u_mand_factor\set16\u_mand_factor_0.5.py,u_mand_factor,16,u_mand_factor,0.5,2,8,5,0.5,0.5,0.7,0.6,1.0,0.5,96.599998,80,34,91.999997,137.999998,46.01818,1,1,1016,0,heuristic_v7,solved,1,131.897754,96.575858,1.365743,0.2605,,
u_mand_factor\set16\u_mand_factor_0.6.py,u_mand_factor,16,u_mand_factor,0.6,2,8,5,0.6,0.5,0.7,0.6,1.2,0.4,103.039998,80,34,110.4,147.199997,55.221818,1,1,1016,0,ilp_v2,optimal,1,97.515661,103.013173,0.946633,0.19,0.0,
u_mand_factor\set16\u_mand_factor_0.6.py,u_mand_factor,16,u_mand_factor,0.6,2,8,5,0.6,0.5,0.7,0.6,1.2,0.4,103.039998,80,34,110.4,147.199997,55.221818,1,1,1016,0,heuristic_v5b,solved,1,81.905583,103.025488,0.795003,0.0624,,
u_mand_factor\set16\u_mand_factor_0.6.py,u_mand_factor,16,u_mand_factor,0.6,2,8,5,0.6,0.5,0.7,0.6,1.2,0.4,103.039998,80,34,110.4,147.199997,55.221818,1,1,1016,0,heuristic_v7,solved,1,97.089554,102.915082,0.943395,0.8962,,
u_mand_factor\set16\u_mand_factor_0.7.py,u_mand_factor,16,u_mand_factor,0.7,2,8,5,0.7,0.5,0.7,0.6,1.4,0.3,109.479998,80,34,128.799998,156.399998,64.425453,1,1,1016,0,ilp_v2,optimal,1,58.384563,109.434493,0.533512,0.2602,0.0,
u_mand_factor\set16\u_mand_factor_0.7.py,u_mand_factor,16,u_mand_factor,0.7,2,8,5,0.7,0.5,0.7,0.6,1.4,0.3,109.479998,80,34,128.799998,156.399998,64.425453,1,1,1016,0,heuristic_v5b,solved,1,34.936352,109.180907,0.319986,0.0355,,
u_mand_factor\set16\u_mand_factor_0.7.py,u_mand_factor,16,u_mand_factor,0.7,2,8,5,0.7,0.5,0.7,0.6,1.4,0.3,109.479998,80,34,128.799998,156.399998,64.425453,1,1,1016,0,heuristic_v7,solved,1,59.100207,109.445318,0.539998,0.8927,,
u_mand_factor\set16\u_mand_factor_0.8.py,u_mand_factor,16,u_mand_factor,0.8,2,8,5,0.8,0.5,0.7,0.6,1.6,0.2,115.919998,80,34,147.199995,165.599997,73.629089,1,1,1016,0,ilp_v2,infeasible,0,,,,0.0358,,
u_mand_factor\set16\u_mand_factor_0.8.py,u_mand_factor,16,u_mand_factor,0.8,2,8,5,0.8,0.5,0.7,0.6,1.6,0.2,115.919998,80,34,147.199995,165.599997,73.629089,1,1,1016,0,heuristic_v5b,infeasible,0,,,,0.0,,
u_mand_factor\set16\u_mand_factor_0.8.py,u_mand_factor,16,u_mand_factor,0.8,2,8,5,0.8,0.5,0.7,0.6,1.6,0.2,115.919998,80,34,147.199995,165.599997,73.629089,1,1,1016,0,heuristic_v7,infeasible,0,,,,0.0,,
u_mand_factor\set16\u_mand_factor_0.9.py,u_mand_factor,16,u_mand_factor,0.9,2,8,5,0.9,0.5,0.7,0.6,1.8,0.1,122.360002,80,34,165.599998,174.800002,82.832726,1,1,1016,0,ilp_v2,infeasible,0,,,,0.0334,,
u_mand_factor\set16\u_mand_factor_0.9.py,u_mand_factor,16,u_mand_factor,0.9,2,8,5,0.9,0.5,0.7,0.6,1.8,0.1,122.360002,80,34,165.599998,174.800002,82.832726,1,1,1016,0,heuristic_v5b,infeasible,0,,,,0.0,,
u_mand_factor\set16\u_mand_factor_0.9.py,u_mand_factor,16,u_mand_factor,0.9,2,8,5,0.9,0.5,0.7,0.6,1.8,0.1,122.360002,80,34,165.599998,174.800002,82.832726,1,1,1016,0,heuristic_v7,infeasible,0,,,,0.0,,
u_mand_factor\set17\u_mand_factor_0.1.py,u_mand_factor,17,u_mand_factor,0.1,2,8,5,0.1,0.5,0.7,0.6,0.2,0.9,70.840008,80,29,18.400006,101.200012,8.573336,1,0,1017,0,ilp_v2,optimal,1,175.596127,67.735899,2.592364,0.0184,0.0,
u_mand_factor\set17\u_mand_factor_0.1.py,u_mand_factor,17,u_mand_factor,0.1,2,8,5,0.1,0.5,0.7,0.6,0.2,0.9,70.840008,80,29,18.400006,101.200012,8.573336,1,0,1017,0,heuristic_v5b,solved,1,175.596127,70.78564,2.480674,0.0128,,
u_mand_factor\set17\u_mand_factor_0.1.py,u_mand_factor,17,u_mand_factor,0.1,2,8,5,0.1,0.5,0.7,0.6,0.2,0.9,70.840008,80,29,18.400006,101.200012,8.573336,1,0,1017,0,heuristic_v7,solved,1,175.596127,70.78564,2.480674,0.1307,,
u_mand_factor\set17\u_mand_factor_0.2.py,u_mand_factor,17,u_mand_factor,0.2,2,8,5,0.2,0.5,0.7,0.6,0.4,0.8,77.280009,80,29,36.799999,110.400013,17.146666,1,0,1017,0,ilp_v2,optimal,1,132.546805,69.523644,1.9065,0.021,0.0,
u_mand_factor\set17\u_mand_factor_0.2.py,u_mand_factor,17,u_mand_factor,0.2,2,8,5,0.2,0.5,0.7,0.6,0.4,0.8,77.280009,80,29,36.799999,110.400013,17.146666,1,0,1017,0,heuristic_v5b,solved,1,132.546805,73.498242,1.803401,0.0082,,
u_mand_factor\set17\u_mand_factor_0.2.py,u_mand_factor,17,u_mand_factor,0.2,2,8,5,0.2,0.5,0.7,0.6,0.4,0.8,77.280009,80,29,36.799999,110.400013,17.146666,1,0,1017,0,heuristic_v7,solved,1,132.546805,73.498242,1.803401,0.1197,,
u_mand_factor\set17\u_mand_factor_0.3.py,u_mand_factor,17,u_mand_factor,0.3,2,8,5,0.3,0.5,0.7,0.6,0.6,0.7,83.720002,80,29,55.200002,119.600003,25.720001,1,1,1017,0,ilp_v2,optimal,1,105.584249,73.896212,1.428818,0.0193,0.0,
u_mand_factor\set17\u_mand_factor_0.3.py,u_mand_factor,17,u_mand_factor,0.3,2,8,5,0.3,0.5,0.7,0.6,0.6,0.7,83.720002,80,29,55.200002,119.600003,25.720001,1,1,1017,0,heuristic_v5b,solved,1,105.584249,77.97448,1.354087,0.01,,
u_mand_factor\set17\u_mand_factor_0.3.py,u_mand_factor,17,u_mand_factor,0.3,2,8,5,0.3,0.5,0.7,0.6,0.6,0.7,83.720002,80,29,55.200002,119.600003,25.720001,1,1,1017,0,heuristic_v7,solved,1,105.584249,77.97448,1.354087,0.2201,,
u_mand_factor\set17\u_mand_factor_0.4.py,u_mand_factor,17,u_mand_factor,0.4,2,8,5,0.4,0.5,0.7,0.6,0.8,0.6,90.160006,80,29,73.6,128.800009,34.293333,1,1,1017,0,ilp_v2,optimal,1,88.830637,90.156313,0.985296,0.0428,8.7e-05,
u_mand_factor\set17\u_mand_factor_0.4.py,u_mand_factor,17,u_mand_factor,0.4,2,8,5,0.4,0.5,0.7,0.6,0.8,0.6,90.160006,80,29,73.6,128.800009,34.293333,1,1,1017,0,heuristic_v5b,solved,1,87.408995,90.041445,0.970764,0.0182,,
u_mand_factor\set17\u_mand_factor_0.4.py,u_mand_factor,17,u_mand_factor,0.4,2,8,5,0.4,0.5,0.7,0.6,0.8,0.6,90.160006,80,29,73.6,128.800009,34.293333,1,1,1017,0,heuristic_v7,solved,1,89.102402,89.796426,0.992271,0.45,,
u_mand_factor\set17\u_mand_factor_0.5.py,u_mand_factor,17,u_mand_factor,0.5,2,8,5,0.5,0.5,0.7,0.6,1.0,0.5,96.599998,80,29,92.000003,137.999998,42.866668,1,1,1017,0,ilp_v2,optimal,1,86.735775,96.59644,0.897919,0.077,0.0,
u_mand_factor\set17\u_mand_factor_0.5.py,u_mand_factor,17,u_mand_factor,0.5,2,8,5,0.5,0.5,0.7,0.6,1.0,0.5,96.599998,80,29,92.000003,137.999998,42.866668,1,1,1017,0,heuristic_v5b,solved,1,79.927301,96.588626,0.827502,0.0305,,
u_mand_factor\set17\u_mand_factor_0.5.py,u_mand_factor,17,u_mand_factor,0.5,2,8,5,0.5,0.5,0.7,0.6,1.0,0.5,96.599998,80,29,92.000003,137.999998,42.866668,1,1,1017,0,heuristic_v7,solved,1,83.446585,96.573872,0.86407,0.42,,
u_mand_factor\set17\u_mand_factor_0.6.py,u_mand_factor,17,u_mand_factor,0.6,2,8,5,0.6,0.5,0.7,0.6,1.2,0.4,103.040005,80,29,110.400005,147.200007,51.440002,1,1,1017,0,ilp_v2,optimal,1,65.060007,103.030811,0.631462,0.0693,0.0,
u_mand_factor\set17\u_mand_factor_0.6.py,u_mand_factor,17,u_mand_factor,0.6,2,8,5,0.6,0.5,0.7,0.6,1.2,0.4,103.040005,80,29,110.400005,147.200007,51.440002,1,1,1017,0,heuristic_v5b,solved,1,59.489821,102.997738,0.577584,0.0152,,
u_mand_factor\set17\u_mand_factor_0.6.py,u_mand_factor,17,u_mand_factor,0.6,2,8,5,0.6,0.5,0.7,0.6,1.2,0.4,103.040005,80,29,110.400005,147.200007,51.440002,1,1,1017,0,heuristic_v7,solved,1,62.453257,102.901734,0.606921,0.6846,,
u_mand_factor\set17\u_mand_factor_0.7.py,u_mand_factor,17,u_mand_factor,0.7,2,8,5,0.7,0.5,0.7,0.6,1.4,0.3,109.480004,80,29,128.800005,156.400006,60.013335,1,1,1017,0,ilp_v2,optimal,1,34.103802,109.472434,0.311529,7.8206,8.8e-05,
u_mand_factor\set17\u_mand_factor_0.7.py,u_mand_factor,17,u_mand_factor,0.7,2,8,5,0.7,0.5,0.7,0.6,1.4,0.3,109.480004,80,29,128.800005,156.400006,60.013335,1,1,1017,0,heuristic_v5b,solved,1,32.05429,109.474093,0.292803,0.0892,,
u_mand_factor\set17\u_mand_factor_0.7.py,u_mand_factor,17,u_mand_factor,0.7,2,8,5,0.7,0.5,0.7,0.6,1.4,0.3,109.480004,80,29,128.800005,156.400006,60.013335,1,1,1017,0,heuristic_v7,solved,1,32.05429,109.474093,0.292803,0.7368,,
u_mand_factor\set17\u_mand_factor_0.8.py,u_mand_factor,17,u_mand_factor,0.8,2,8,5,0.8,0.5,0.7,0.6,1.6,0.2,115.91999,80,29,147.199997,165.599986,68.586665,1,1,1017,0,ilp_v2,infeasible,0,,,,0.0175,,
u_mand_factor\set17\u_mand_factor_0.8.py,u_mand_factor,17,u_mand_factor,0.8,2,8,5,0.8,0.5,0.7,0.6,1.6,0.2,115.91999,80,29,147.199997,165.599986,68.586665,1,1,1017,0,heuristic_v5b,infeasible,0,,118.185661,,0.0256,,over budget: E=118.1857 > B=115.9200
u_mand_factor\set17\u_mand_factor_0.8.py,u_mand_factor,17,u_mand_factor,0.8,2,8,5,0.8,0.5,0.7,0.6,1.6,0.2,115.91999,80,29,147.199997,165.599986,68.586665,1,1,1017,0,heuristic_v7,infeasible,0,,118.574872,,0.216,,over budget: E=118.5749 > B=115.9200
u_mand_factor\set17\u_mand_factor_0.9.py,u_mand_factor,17,u_mand_factor,0.9,2,8,5,0.9,0.5,0.7,0.6,1.8,0.1,122.359999,80,29,165.600006,174.799999,77.160003,1,1,1017,0,ilp_v2,infeasible,0,,,,0.0122,,
u_mand_factor\set17\u_mand_factor_0.9.py,u_mand_factor,17,u_mand_factor,0.9,2,8,5,0.9,0.5,0.7,0.6,1.8,0.1,122.359999,80,29,165.600006,174.799999,77.160003,1,1,1017,0,heuristic_v5b,infeasible,0,,151.854537,,0.0307,,over budget: E=151.8545 > B=122.3600
u_mand_factor\set17\u_mand_factor_0.9.py,u_mand_factor,17,u_mand_factor,0.9,2,8,5,0.9,0.5,0.7,0.6,1.8,0.1,122.359999,80,29,165.600006,174.799999,77.160003,1,1,1017,0,heuristic_v7,infeasible,0,,151.929612,,0.2149,,over budget: E=151.9296 > B=122.3600
u_mand_factor\set18\u_mand_factor_0.1.py,u_mand_factor,18,u_mand_factor,0.1,2,8,5,0.1,0.5,0.7,0.6,0.2,0.9,70.839998,80,26,18.400002,101.199998,8.817144,1,0,1018,0,ilp_v2,optimal,1,260.764403,68.983982,3.780072,0.0335,0.0,
u_mand_factor\set18\u_mand_factor_0.1.py,u_mand_factor,18,u_mand_factor,0.1,2,8,5,0.1,0.5,0.7,0.6,0.2,0.9,70.839998,80,26,18.400002,101.199998,8.817144,1,0,1018,0,heuristic_v5b,solved,1,260.764403,70.804306,3.682889,0.0067,,
u_mand_factor\set18\u_mand_factor_0.1.py,u_mand_factor,18,u_mand_factor,0.1,2,8,5,0.1,0.5,0.7,0.6,0.2,0.9,70.839998,80,26,18.400002,101.199998,8.817144,1,0,1018,0,heuristic_v7,solved,1,260.764403,70.804306,3.682889,0.1461,,
u_mand_factor\set18\u_mand_factor_0.2.py,u_mand_factor,18,u_mand_factor,0.2,2,8,5,0.2,0.5,0.7,0.6,0.4,0.8,77.280002,80,26,36.799993,110.400003,17.634282,1,0,1018,0,ilp_v2,optimal,1,181.217739,67.549871,2.682725,0.0132,0.0,
u_mand_factor\set18\u_mand_factor_0.2.py,u_mand_factor,18,u_mand_factor,0.2,2,8,5,0.2,0.5,0.7,0.6,0.4,0.8,77.280002,80,26,36.799993,110.400003,17.634282,1,0,1018,0,heuristic_v5b,solved,1,179.212584,76.673134,2.337358,0.0071,,
u_mand_factor\set18\u_mand_factor_0.2.py,u_mand_factor,18,u_mand_factor,0.2,2,8,5,0.2,0.5,0.7,0.6,0.4,0.8,77.280002,80,26,36.799993,110.400003,17.634282,1,0,1018,0,heuristic_v7,solved,1,181.217739,77.233724,2.346355,0.1034,,
u_mand_factor\set18\u_mand_factor_0.3.py,u_mand_factor,18,u_mand_factor,0.3,2,8,5,0.3,0.5,0.7,0.6,0.6,0.7,83.72,80,26,55.200002,119.6,26.45143,1,1,1018,0,ilp_v2,optimal,1,185.5934,83.611846,2.219702,0.0156,0.0,
u_mand_factor\set18\u_mand_factor_0.3.py,u_mand_factor,18,u_mand_factor,0.3,2,8,5,0.3,0.5,0.7,0.6,0.6,0.7,83.72,80,26,55.200002,119.6,26.45143,1,1,1018,0,heuristic_v5b,solved,1,184.234516,82.568634,2.231289,0.0074,,
u_mand_factor\set18\u_mand_factor_0.3.py,u_mand_factor,18,u_mand_factor,0.3,2,8,5,0.3,0.5,0.7,0.6,0.6,0.7,83.72,80,26,55.200002,119.6,26.45143,1,1,1018,0,heuristic_v7,solved,1,185.5934,83.666648,2.218248,0.1281,,
u_mand_factor\set18\u_mand_factor_0.4.py,u_mand_factor,18,u_mand_factor,0.4,2,8,5,0.4,0.5,0.7,0.6,0.8,0.6,90.159993,80,26,73.6,128.79999,35.268571,1,1,1018,0,ilp_v2,optimal,1,178.76954,89.974943,1.986881,0.0242,0.0,
u_mand_factor\set18\u_mand_factor_0.4.py,u_mand_factor,18,u_mand_factor,0.4,2,8,5,0.4,0.5,0.7,0.6,0.8,0.6,90.159993,80,26,73.6,128.79999,35.268571,1,1,1018,0,heuristic_v5b,solved,1,171.798301,89.987973,1.909125,0.0087,,
u_mand_factor\set18\u_mand_factor_0.4.py,u_mand_factor,18,u_mand_factor,0.4,2,8,5,0.4,0.5,0.7,0.6,0.8,0.6,90.159993,80,26,73.6,128.79999,35.268571,1,1,1018,0,heuristic_v7,solved,1,178.76954,90.066997,1.984851,0.0813,,
u_mand_factor\set18\u_mand_factor_0.5.py,u_mand_factor,18,u_mand_factor,0.5,2,8,5,0.5,0.5,0.7,0.6,1.0,0.5,96.599998,80,26,91.999995,137.999997,44.085712,1,1,1018,0,ilp_v2,optimal,1,150.733122,96.503231,1.561949,0.0185,0.0,
u_mand_factor\set18\u_mand_factor_0.5.py,u_mand_factor,18,u_mand_factor,0.5,2,8,5,0.5,0.5,0.7,0.6,1.0,0.5,96.599998,80,26,91.999995,137.999997,44.085712,1,1,1018,0,heuristic_v5b,solved,1,138.649119,95.78598,1.447489,0.0134,,
u_mand_factor\set18\u_mand_factor_0.5.py,u_mand_factor,18,u_mand_factor,0.5,2,8,5,0.5,0.5,0.7,0.6,1.0,0.5,96.599998,80,26,91.999995,137.999997,44.085712,1,1,1018,0,heuristic_v7,solved,1,150.733122,96.531201,1.561496,0.0855,,
u_mand_factor\set18\u_mand_factor_0.6.py,u_mand_factor,18,u_mand_factor,0.6,2,8,5,0.6,0.5,0.7,0.6,1.2,0.4,103.040006,80,26,110.400002,147.200009,52.902858,1,1,1018,0,ilp_v2,optimal,1,114.994711,103.031065,1.116117,0.1612,0.0,
u_mand_factor\set18\u_mand_factor_0.6.py,u_mand_factor,18,u_mand_factor,0.6,2,8,5,0.6,0.5,0.7,0.6,1.2,0.4,103.040006,80,26,110.400002,147.200009,52.902858,1,1,1018,0,heuristic_v5b,solved,1,98.16164,102.963086,0.953367,0.0133,,
u_mand_factor\set18\u_mand_factor_0.6.py,u_mand_factor,18,u_mand_factor,0.6,2,8,5,0.6,0.5,0.7,0.6,1.2,0.4,103.040006,80,26,110.400002,147.200009,52.902858,1,1,1018,0,heuristic_v7,solved,1,115.431637,102.90319,1.12175,0.2623,,
u_mand_factor\set18\u_mand_factor_0.7.py,u_mand_factor,18,u_mand_factor,0.7,2,8,5,0.7,0.5,0.7,0.6,1.4,0.3,109.480012,80,26,128.800006,156.400017,61.720003,1,1,1018,0,ilp_v2,optimal,1,70.400107,109.423564,0.643372,0.1822,0.0,
u_mand_factor\set18\u_mand_factor_0.7.py,u_mand_factor,18,u_mand_factor,0.7,2,8,5,0.7,0.5,0.7,0.6,1.4,0.3,109.480012,80,26,128.800006,156.400017,61.720003,1,1,1018,0,heuristic_v5b,solved,1,50.196894,109.433062,0.4587,0.0156,,
u_mand_factor\set18\u_mand_factor_0.7.py,u_mand_factor,18,u_mand_factor,0.7,2,8,5,0.7,0.5,0.7,0.6,1.4,0.3,109.480012,80,26,128.800006,156.400017,61.720003,1,1,1018,0,heuristic_v7,solved,1,72.431669,109.275809,0.662834,0.3587,,
u_mand_factor\set18\u_mand_factor_0.8.py,u_mand_factor,18,u_mand_factor,0.8,2,8,5,0.8,0.5,0.7,0.6,1.6,0.2,115.919995,80,26,147.200001,165.599993,70.537143,1,1,1018,0,ilp_v2,optimal,1,0.056223,115.901658,0.000485,0.0822,0.0,
u_mand_factor\set18\u_mand_factor_0.8.py,u_mand_factor,18,u_mand_factor,0.8,2,8,5,0.8,0.5,0.7,0.6,1.6,0.2,115.919995,80,26,147.200001,165.599993,70.537143,1,1,1018,0,heuristic_v5b,solved,1,17.297693,115.911577,0.149232,0.014,,
u_mand_factor\set18\u_mand_factor_0.8.py,u_mand_factor,18,u_mand_factor,0.8,2,8,5,0.8,0.5,0.7,0.6,1.6,0.2,115.919995,80,26,147.200001,165.599993,70.537143,1,1,1018,0,heuristic_v7,solved,1,20.560203,115.878807,0.177428,0.2254,,
u_mand_factor\set18\u_mand_factor_0.9.py,u_mand_factor,18,u_mand_factor,0.9,2,8,5,0.9,0.5,0.7,0.6,1.8,0.1,122.360002,80,26,165.599998,174.800003,79.354285,1,1,1018,0,ilp_v2,infeasible,0,,,,0.0189,,
u_mand_factor\set18\u_mand_factor_0.9.py,u_mand_factor,18,u_mand_factor,0.9,2,8,5,0.9,0.5,0.7,0.6,1.8,0.1,122.360002,80,26,165.599998,174.800003,79.354285,1,1,1018,0,heuristic_v5b,infeasible,0,,,,0.0,,
u_mand_factor\set18\u_mand_factor_0.9.py,u_mand_factor,18,u_mand_factor,0.9,2,8,5,0.9,0.5,0.7,0.6,1.8,0.1,122.360002,80,26,165.599998,174.800003,79.354285,1,1,1018,0,heuristic_v7,infeasible,0,,,,0.0,,
u_mand_factor\set19\u_mand_factor_0.1.py,u_mand_factor,19,u_mand_factor,0.1,2,8,5,0.1,0.5,0.7,0.6,0.2,0.9,70.839996,80,23,18.399998,101.199994,8.573332,1,0,1019,0,ilp_v2,optimal,1,253.172676,70.810299,3.575365,0.0508,9.1e-05,
u_mand_factor\set19\u_mand_factor_0.1.py,u_mand_factor,19,u_mand_factor,0.1,2,8,5,0.1,0.5,0.7,0.6,0.2,0.9,70.839996,80,23,18.399998,101.199994,8.573332,1,0,1019,0,heuristic_v5b,solved,1,232.924915,68.874132,3.381893,0.0056,,
u_mand_factor\set19\u_mand_factor_0.1.py,u_mand_factor,19,u_mand_factor,0.1,2,8,5,0.1,0.5,0.7,0.6,0.2,0.9,70.839996,80,23,18.399998,101.199994,8.573332,1,0,1019,0,heuristic_v7,solved,1,260.646581,68.781297,3.789498,0.1373,,
u_mand_factor\set19\u_mand_factor_0.2.py,u_mand_factor,19,u_mand_factor,0.2,2,8,5,0.2,0.5,0.7,0.6,0.4,0.8,77.279998,80,23,36.800002,110.399997,17.146668,1,0,1019,0,ilp_v2,optimal,1,217.771384,75.130953,2.898557,0.0143,0.0,
u_mand_factor\set19\u_mand_factor_0.2.py,u_mand_factor,19,u_mand_factor,0.2,2,8,5,0.2,0.5,0.7,0.6,0.4,0.8,77.279998,80,23,36.800002,110.399997,17.146668,1,0,1019,0,heuristic_v5b,solved,1,217.771384,76.051516,2.863472,0.0055,,
u_mand_factor\set19\u_mand_factor_0.2.py,u_mand_factor,19,u_mand_factor,0.2,2,8,5,0.2,0.5,0.7,0.6,0.4,0.8,77.279998,80,23,36.800002,110.399997,17.146668,1,0,1019,0,heuristic_v7,solved,1,217.771384,76.368337,2.851593,0.3042,,
u_mand_factor\set19\u_mand_factor_0.3.py,u_mand_factor,19,u_mand_factor,0.3,2,8,5,0.3,0.5,0.7,0.6,0.6,0.7,83.720014,80,23,55.200002,119.60002,25.720001,1,1,1019,0,ilp_v2,optimal,1,193.604738,83.348669,2.322829,0.0267,0.0,
u_mand_factor\set19\u_mand_factor_0.3.py,u_mand_factor,19,u_mand_factor,0.3,2,8,5,0.3,0.5,0.7,0.6,0.6,0.7,83.720014,80,23,55.200002,119.60002,25.720001,1,1,1019,0,heuristic_v5b,solved,1,179.751024,83.194271,2.160618,0.0068,,
u_mand_factor\set19\u_mand_factor_0.3.py,u_mand_factor,19,u_mand_factor,0.3,2,8,5,0.3,0.5,0.7,0.6,0.6,0.7,83.720014,80,23,55.200002,119.60002,25.720001,1,1,1019,0,heuristic_v7,solved,1,194.871009,83.639759,2.329885,0.165,,
u_mand_factor\set19\u_mand_factor_0.4.py,u_mand_factor,19,u_mand_factor,0.4,2,8,5,0.4,0.5,0.7,0.6,0.8,0.6,90.160004,80,23,73.600003,128.800006,34.293335,1,1,1019,0,ilp_v2,optimal,1,162.989053,90.073498,1.809512,0.1961,0.0,
u_mand_factor\set19\u_mand_factor_0.4.py,u_mand_factor,19,u_mand_factor,0.4,2,8,5,0.4,0.5,0.7,0.6,0.8,0.6,90.160004,80,23,73.600003,128.800006,34.293335,1,1,1019,0,heuristic_v5b,solved,1,144.324937,90.04554,1.602799,0.0137,,
u_mand_factor\set19\u_mand_factor_0.4.py,u_mand_factor,19,u_mand_factor,0.4,2,8,5,0.4,0.5,0.7,0.6,0.8,0.6,90.160004,80,23,73.600003,128.800006,34.293335,1,1,1019,0,heuristic_v7,solved,1,159.487524,89.816868,1.775697,0.1777,,
u_mand_factor\set19\u_mand_factor_0.5.py,u_mand_factor,19,u_mand_factor,0.5,2,8,5,0.5,0.5,0.7,0.6,1.0,0.5,96.600002,80,23,91.999999,138.000003,42.866666,1,1,1019,0,ilp_v2,optimal,1,124.448093,96.597718,1.288313,0.0592,4.8e-05,
u_mand_factor\set19\u_mand_factor_0.5.py,u_mand_factor,19,u_mand_factor,0.5,2,8,5,0.5,0.5,0.7,0.6,1.0,0.5,96.600002,80,23,91.999999,138.000003,42.866666,1,1,1019,0,heuristic_v5b,solved,1,104.039419,95.031798,1.094785,0.0202,,
u_mand_factor\set19\u_mand_factor_0.5.py,u_mand_factor,19,u_mand_factor,0.5,2,8,5,0.5,0.5,0.7,0.6,1.0,0.5,96.600002,80,23,91.999999,138.000003,42.866666,1,1,1019,0,heuristic_v7,solved,1,117.876937,96.30725,1.223967,0.1525,,
u_mand_factor\set19\u_mand_factor_0.6.py,u_mand_factor,19,u_mand_factor,0.6,2,8,5,0.6,0.5,0.7,0.6,1.2,0.4,103.040005,80,23,110.400001,147.200007,51.440001,1,1,1019,0,ilp_v2,optimal,1,77.755792,103.012056,0.754822,0.4578,0.0,
u_mand_factor\set19\u_mand_factor_0.6.py,u_mand_factor,19,u_mand_factor,0.6,2,8,5,0.6,0.5,0.7,0.6,1.2,0.4,103.040005,80,23,110.400001,147.200007,51.440001,1,1,1019,0,heuristic_v5b,solved,1,70.519563,103.014485,0.68456,0.0222,,
u_mand_factor\set19\u_mand_factor_0.6.py,u_mand_factor,19,u_mand_factor,0.6,2,8,5,0.6,0.5,0.7,0.6,1.2,0.4,103.040005,80,23,110.400001,147.200007,51.440001,1,1,1019,0,heuristic_v7,solved,1,72.696394,103.035143,0.70555,0.2625,,
u_mand_factor\set19\u_mand_factor_0.7.py,u_mand_factor,19,u_mand_factor,0.7,2,8,5,0.7,0.5,0.7,0.6,1.4,0.3,109.479995,80,23,128.799998,156.399993,60.013332,1,1,1019,0,ilp_v2,optimal,1,33.614059,109.466693,0.307071,0.1233,0.0,
u_mand_factor\set19\u_mand_factor_0.7.py,u_mand_factor,19,u_mand_factor,0.7,2,8,5,0.7,0.5,0.7,0.6,1.4,0.3,109.479995,80,23,128.799998,156.399993,60.013332,1,1,1019,0,heuristic_v5b,solved,1,29.000331,109.473245,0.264908,0.0679,,
u_mand_factor\set19\u_mand_factor_0.7.py,u_mand_factor,19,u_mand_factor,0.7,2,8,5,0.7,0.5,0.7,0.6,1.4,0.3,109.479995,80,23,128.799998,156.399993,60.013332,1,1,1019,0,heuristic_v7,solved,1,29.000331,109.473245,0.264908,0.5055,,
u_mand_factor\set19\u_mand_factor_0.8.py,u_mand_factor,19,u_mand_factor,0.8,2,8,5,0.8,0.5,0.7,0.6,1.6,0.2,115.919996,80,23,147.199994,165.599994,68.586664,1,1,1019,0,ilp_v2,infeasible,0,,,,0.009,,
u_mand_factor\set19\u_mand_factor_0.8.py,u_mand_factor,19,u_mand_factor,0.8,2,8,5,0.8,0.5,0.7,0.6,1.6,0.2,115.919996,80,23,147.199994,165.599994,68.586664,1,1,1019,0,heuristic_v5b,infeasible,0,,126.617553,,0.0178,,over budget: E=126.6176 > B=115.9200
u_mand_factor\set19\u_mand_factor_0.8.py,u_mand_factor,19,u_mand_factor,0.8,2,8,5,0.8,0.5,0.7,0.6,1.6,0.2,115.919996,80,23,147.199994,165.599994,68.586664,1,1,1019,0,heuristic_v7,infeasible,0,,126.617553,,0.1436,,over budget: E=126.6176 > B=115.9200
u_mand_factor\set19\u_mand_factor_0.9.py,u_mand_factor,19,u_mand_factor,0.9,2,8,5,0.9,0.5,0.7,0.6,1.8,0.1,122.359998,80,23,165.6,174.799997,77.16,1,1,1019,0,ilp_v2,infeasible,0,,,,0.0172,,
u_mand_factor\set19\u_mand_factor_0.9.py,u_mand_factor,19,u_mand_factor,0.9,2,8,5,0.9,0.5,0.7,0.6,1.8,0.1,122.359998,80,23,165.6,174.799997,77.16,1,1,1019,0,heuristic_v5b,infeasible,0,,,,0.0,,
u_mand_factor\set19\u_mand_factor_0.9.py,u_mand_factor,19,u_mand_factor,0.9,2,8,5,0.9,0.5,0.7,0.6,1.8,0.1,122.359998,80,23,165.6,174.799997,77.16,1,1,1019,0,heuristic_v7,infeasible,0,,,,0.0,,
u_mand_factor\set20\u_mand_factor_0.1.py,u_mand_factor,20,u_mand_factor,0.1,2,8,5,0.1,0.5,0.7,0.6,0.2,0.9,70.84001,80,25,18.400003,101.200014,8.817145,1,0,1020,0,ilp_v2,optimal,1,168.949157,67.474433,2.503899,0.0151,0.0,
u_mand_factor\set20\u_mand_factor_0.1.py,u_mand_factor,20,u_mand_factor,0.1,2,8,5,0.1,0.5,0.7,0.6,0.2,0.9,70.84001,80,25,18.400003,101.200014,8.817145,1,0,1020,0,heuristic_v5b,solved,1,168.949157,65.048275,2.597289,0.0066,,
u_mand_factor\set20\u_mand_factor_0.1.py,u_mand_factor,20,u_mand_factor,0.1,2,8,5,0.1,0.5,0.7,0.6,0.2,0.9,70.84001,80,25,18.400003,101.200014,8.817145,1,0,1020,0,heuristic_v7,solved,1,168.949157,65.048275,2.597289,0.0841,,
u_mand_factor\set20\u_mand_factor_0.2.py,u_mand_factor,20,u_mand_factor,0.2,2,8,5,0.2,0.5,0.7,0.6,0.4,0.8,77.279998,80,25,36.799995,110.399997,17.634284,1,0,1020,0,ilp_v2,optimal,1,143.750176,72.435711,1.984521,0.0211,0.0,
u_mand_factor\set20\u_mand_factor_0.2.py,u_mand_factor,20,u_mand_factor,0.2,2,8,5,0.2,0.5,0.7,0.6,0.4,0.8,77.279998,80,25,36.799995,110.399997,17.634284,1,0,1020,0,heuristic_v5b,solved,1,127.865081,77.200897,1.656264,0.0605,,
u_mand_factor\set20\u_mand_factor_0.2.py,u_mand_factor,20,u_mand_factor,0.2,2,8,5,0.2,0.5,0.7,0.6,0.4,0.8,77.279998,80,25,36.799995,110.399997,17.634284,1,0,1020,0,heuristic_v7,solved,1,133.781288,77.273453,1.731271,0.931,,
u_mand_factor\set20\u_mand_factor_0.3.py,u_mand_factor,20,u_mand_factor,0.3,2,8,5,0.3,0.5,0.7,0.6,0.6,0.7,83.720005,80,25,55.200001,119.600007,26.451429,1,1,1020,0,ilp_v2,optimal,1,102.362227,83.699001,1.22298,0.0388,0.0,
u_mand_factor\set20\u_mand_factor_0.3.py,u_mand_factor,20,u_mand_factor,0.3,2,8,5,0.3,0.5,0.7,0.6,0.6,0.7,83.720005,80,25,55.200001,119.600007,26.451429,1,1,1020,0,heuristic_v5b,solved,1,98.59588,82.667378,1.192682,0.0148,,
u_mand_factor\set20\u_mand_factor_0.3.py,u_mand_factor,20,u_mand_factor,0.3,2,8,5,0.3,0.5,0.7,0.6,0.6,0.7,83.720005,80,25,55.200001,119.600007,26.451429,1,1,1020,0,heuristic_v7,solved,1,98.59588,82.667378,1.192682,0.1057,,
u_mand_factor\set20\u_mand_factor_0.4.py,u_mand_factor,20,u_mand_factor,0.4,2,8,5,0.4,0.5,0.7,0.6,0.8,0.6,90.159999,80,25,73.599999,128.799999,35.268571,1,1,1020,0,ilp_v2,optimal,1,91.390194,75.473742,1.210887,0.0218,0.0,
u_mand_factor\set20\u_mand_factor_0.4.py,u_mand_factor,20,u_mand_factor,0.4,2,8,5,0.4,0.5,0.7,0.6,0.8,0.6,90.159999,80,25,73.599999,128.799999,35.268571,1,1,1020,0,heuristic_v5b,solved,1,84.440545,90.159552,0.936568,0.0438,,
u_mand_factor\set20\u_mand_factor_0.4.py,u_mand_factor,20,u_mand_factor,0.4,2,8,5,0.4,0.5,0.7,0.6,0.8,0.6,90.159999,80,25,73.599999,128.799999,35.268571,1,1,1020,0,heuristic_v7,solved,1,91.390194,84.401254,1.082806,0.4771,,
u_mand_factor\set20\u_mand_factor_0.5.py,u_mand_factor,20,u_mand_factor,0.5,2,8,5,0.5,0.5,0.7,0.6,1.0,0.5,96.600002,80,25,92.000005,138.000003,44.085716,1,1,1020,0,ilp_v2,optimal,1,84.184524,93.508458,0.900288,0.0403,0.0,
u_mand_factor\set20\u_mand_factor_0.5.py,u_mand_factor,20,u_mand_factor,0.5,2,8,5,0.5,0.5,0.7,0.6,1.0,0.5,96.600002,80,25,92.000005,138.000003,44.085716,1,1,1020,0,heuristic_v5b,solved,1,83.089283,90.041487,0.922789,0.0105,,
u_mand_factor\set20\u_mand_factor_0.5.py,u_mand_factor,20,u_mand_factor,0.5,2,8,5,0.5,0.5,0.7,0.6,1.0,0.5,96.600002,80,25,92.000005,138.000003,44.085716,1,1,1020,0,heuristic_v7,solved,1,83.089283,90.041487,0.922789,0.4346,,
u_mand_factor\set20\u_mand_factor_0.6.py,u_mand_factor,20,u_mand_factor,0.6,2,8,5,0.6,0.5,0.7,0.6,1.2,0.4,103.040006,80,25,110.399999,147.200008,52.902857,1,1,1020,0,ilp_v2,optimal,1,63.171107,103.03855,0.613082,0.0987,0.0,
u_mand_factor\set20\u_mand_factor_0.6.py,u_mand_factor,20,u_mand_factor,0.6,2,8,5,0.6,0.5,0.7,0.6,1.2,0.4,103.040006,80,25,110.399999,147.200008,52.902857,1,1,1020,0,heuristic_v5b,solved,1,54.845219,102.962616,0.532671,0.0126,,
u_mand_factor\set20\u_mand_factor_0.6.py,u_mand_factor,20,u_mand_factor,0.6,2,8,5,0.6,0.5,0.7,0.6,1.2,0.4,103.040006,80,25,110.399999,147.200008,52.902857,1,1,1020,0,heuristic_v7,solved,1,56.902606,102.924147,0.55286,0.2659,,
u_mand_factor\set20\u_mand_factor_0.7.py,u_mand_factor,20,u_mand_factor,0.7,2,8,5,0.7,0.5,0.7,0.6,1.4,0.3,109.480002,80,25,128.800002,156.400002,61.720001,1,1,1020,0,ilp_v2,optimal,1,37.576481,109.466663,0.343269,0.134,0.0,
u_mand_factor\set20\u_mand_factor_0.7.py,u_mand_factor,20,u_mand_factor,0.7,2,8,5,0.7,0.5,0.7,0.6,1.4,0.3,109.480002,80,25,128.800002,156.400002,61.720001,1,1,1020,0,heuristic_v5b,solved,1,21.883327,109.474129,0.199895,0.0124,,
u_mand_factor\set20\u_mand_factor_0.7.py,u_mand_factor,20,u_mand_factor,0.7,2,8,5,0.7,0.5,0.7,0.6,1.4,0.3,109.480002,80,25,128.800002,156.400002,61.720001,1,1,1020,0,heuristic_v7,solved,1,35.695307,109.378001,0.326348,0.2447,,
u_mand_factor\set20\u_mand_factor_0.8.py,u_mand_factor,20,u_mand_factor,0.8,2,8,5,0.8,0.5,0.7,0.6,1.6,0.2,115.91999,80,25,147.199997,165.599986,70.537141,1,1,1020,0,ilp_v2,infeasible,0,,,,0.0143,,
u_mand_factor\set20\u_mand_factor_0.8.py,u_mand_factor,20,u_mand_factor,0.8,2,8,5,0.8,0.5,0.7,0.6,1.6,0.2,115.91999,80,25,147.199997,165.599986,70.537141,1,1,1020,0,heuristic_v5b,infeasible,0,,118.234063,,0.0172,,over budget: E=118.2341 > B=115.9200
u_mand_factor\set20\u_mand_factor_0.8.py,u_mand_factor,20,u_mand_factor,0.8,2,8,5,0.8,0.5,0.7,0.6,1.6,0.2,115.91999,80,25,147.199997,165.599986,70.537141,1,1,1020,0,heuristic_v7,infeasible,0,,121.271303,,0.1694,,over budget: E=121.2713 > B=115.9200
u_mand_factor\set20\u_mand_factor_0.9.py,u_mand_factor,20,u_mand_factor,0.9,2,8,5,0.9,0.5,0.7,0.6,1.8,0.1,122.359999,80,25,165.600002,174.799999,79.354287,1,1,1020,0,ilp_v2,infeasible,0,,,,0.0137,,
u_mand_factor\set20\u_mand_factor_0.9.py,u_mand_factor,20,u_mand_factor,0.9,2,8,5,0.9,0.5,0.7,0.6,1.8,0.1,122.359999,80,25,165.600002,174.799999,79.354287,1,1,1020,0,heuristic_v5b,infeasible,0,,153.867667,,0.0176,,over budget: E=153.8677 > B=122.3600
u_mand_factor\set20\u_mand_factor_0.9.py,u_mand_factor,20,u_mand_factor,0.9,2,8,5,0.9,0.5,0.7,0.6,1.8,0.1,122.359999,80,25,165.600002,174.799999,79.354287,1,1,1020,0,heuristic_v7,infeasible,0,,152.000056,,0.1311,,over budget: E=152.0001 > B=122.3600
u_mand_factor\set21\u_mand_factor_0.1.py,u_mand_factor,21,u_mand_factor,0.1,2,8,5,0.1,0.5,0.7,0.6,0.2,0.9,70.839998,80,20,18.399994,101.199998,8.559997,1,0,1021,0,ilp_v2,optimal,1,235.192006,61.090297,3.849908,0.0107,0.0,
u_mand_factor\set21\u_mand_factor_0.1.py,u_mand_factor,21,u_mand_factor,0.1,2,8,5,0.1,0.5,0.7,0.6,0.2,0.9,70.839998,80,20,18.399994,101.199998,8.559997,1,0,1021,0,heuristic_v5b,solved,1,235.192006,67.099998,3.505097,0.0039,,
u_mand_factor\set21\u_mand_factor_0.1.py,u_mand_factor,21,u_mand_factor,0.1,2,8,5,0.1,0.5,0.7,0.6,0.2,0.9,70.839998,80,20,18.399994,101.199998,8.559997,1,0,1021,0,heuristic_v7,solved,1,235.192006,67.099998,3.505097,0.0744,,
u_mand_factor\set21\u_mand_factor_0.2.py,u_mand_factor,21,u_mand_factor,0.2,2,8,5,0.2,0.5,0.7,0.6,0.4,0.8,77.279996,80,20,36.8,110.399994,17.12,1,0,1021,0,ilp_v2,optimal,1,255.740749,75.956395,3.366942,0.012,0.0,
u_mand_factor\set21\u_mand_factor_0.2.py,u_mand_factor,21,u_mand_factor,0.2,2,8,5,0.2,0.5,0.7,0.6,0.4,0.8,77.279996,80,20,36.8,110.399994,17.12,1,0,1021,0,heuristic_v5b,solved,1,248.569473,75.337666,3.299405,0.0071,,
u_mand_factor\set21\u_mand_factor_0.2.py,u_mand_factor,21,u_mand_factor,0.2,2,8,5,0.2,0.5,0.7,0.6,0.4,0.8,77.279996,80,20,36.8,110.399994,17.12,1,0,1021,0,heuristic_v7,solved,1,255.740749,73.199996,3.493726,0.0476,,
u_mand_factor\set21\u_mand_factor_0.3.py,u_mand_factor,21,u_mand_factor,0.3,2,8,5,0.3,0.5,0.7,0.6,0.6,0.7,83.720005,80,20,55.199995,119.600007,25.679998,1,1,1021,0,ilp_v2,optimal,1,214.771159,80.763557,2.659258,0.0135,0.0,
u_mand_factor\set21\u_mand_factor_0.3.py,u_mand_factor,21,u_mand_factor,0.3,2,8,5,0.3,0.5,0.7,0.6,0.6,0.7,83.720005,80,20,55.199995,119.600007,25.679998,1,1,1021,0,heuristic_v5b,solved,1,214.771159,83.633684,2.567998,0.0044,,
u_mand_factor\set21\u_mand_factor_0.3.py,u_mand_factor,21,u_mand_factor,0.3,2,8,5,0.3,0.5,0.7,0.6,0.6,0.7,83.720005,80,20,55.199995,119.600007,25.679998,1,1,1021,0,heuristic_v7,solved,1,214.771159,83.578423,2.569696,0.0578,,
u_mand_factor\set21\u_mand_factor_0.4.py,u_mand_factor,21,u_mand_factor,0.4,2,8,5,0.4,0.5,0.7,0.6,0.8,0.6,90.160001,80,20,73.600001,128.800001,34.240001,1,1,1021,0,ilp_v2,optimal,1,168.883129,90.141252,1.873539,0.1996,0.0,
u_mand_factor\set21\u_mand_factor_0.4.py,u_mand_factor,21,u_mand_factor,0.4,2,8,5,0.4,0.5,0.7,0.6,0.8,0.6,90.160001,80,20,73.600001,128.800001,34.240001,1,1,1021,0,heuristic_v5b,solved,1,133.179275,90.134085,1.477568,0.008,,
u_mand_factor\set21\u_mand_factor_0.4.py,u_mand_factor,21,u_mand_factor,0.4,2,8,5,0.4,0.5,0.7,0.6,0.8,0.6,90.160001,80,20,73.600001,128.800001,34.240001,1,1,1021,0,heuristic_v7,solved,1,173.878174,85.400001,2.036044,0.1043,,
u_mand_factor\set21\u_mand_factor_0.5.py,u_mand_factor,21,u_mand_factor,0.5,2,8,5,0.5,0.5,0.7,0.6,1.0,0.5,96.599992,80,20,91.999994,137.999989,42.799997,1,1,1021,0,ilp_v2,optimal,1,122.184937,96.582399,1.265085,0.8075,0.0,
u_mand_factor\set21\u_mand_factor_0.5.py,u_mand_factor,21,u_mand_factor,0.5,2,8,5,0.5,0.5,0.7,0.6,1.0,0.5,96.599992,80,20,91.999994,137.999989,42.799997,1,1,1021,0,heuristic_v5b,solved,1,116.664368,96.573179,1.208041,0.0064,,
u_mand_factor\set21\u_mand_factor_0.5.py,u_mand_factor,21,u_mand_factor,0.5,2,8,5,0.5,0.5,0.7,0.6,1.0,0.5,96.599992,80,20,91.999994,137.999989,42.799997,1,1,1021,0,heuristic_v7,solved,1,134.216297,93.385059,1.437235,0.0377,,
u_mand_factor\set21\u_mand_factor_0.6.py,u_mand_factor,21,u_mand_factor,0.6,2,8,5,0.6,0.5,0.7,0.6,1.2,0.4,103.040002,80,20,110.4,147.200002,51.36,1,1,1021,0,ilp_v2,optimal,1,83.524832,102.917929,0.811567,0.0912,0.0,
u_mand_factor\set21\u_mand_factor_0.6.py,u_mand_factor,21,u_mand_factor,0.6,2,8,5,0.6,0.5,0.7,0.6,1.2,0.4,103.040002,80,20,110.4,147.200002,51.36,1,1,1021,0,heuristic_v5b,solved,1,63.446367,102.170293,0.620986,0.0057,,
u_mand_factor\set21\u_mand_factor_0.6.py,u_mand_factor,21,u_mand_factor,0.6,2,8,5,0.6,0.5,0.7,0.6,1.2,0.4,103.040002,80,20,110.4,147.200002,51.36,1,1,1021,0,heuristic_v7,solved,1,94.253964,102.505357,0.919503,0.1015,,
u_mand_factor\set21\u_mand_factor_0.7.py,u_mand_factor,21,u_mand_factor,0.7,2,8,5,0.7,0.5,0.7,0.6,1.4,0.3,109.479998,80,20,128.799997,156.399997,59.919998,1,1,1021,0,ilp_v2,optimal,1,48.450169,109.353936,0.443058,0.0659,0.0,
u_mand_factor\set21\u_mand_factor_0.7.py,u_mand_factor,21,u_mand_factor,0.7,2,8,5,0.7,0.5,0.7,0.6,1.4,0.3,109.479998,80,20,128.799997,156.399997,59.919998,1,1,1021,0,heuristic_v5b,solved,1,56.48237,109.469705,0.515963,0.0063,,
u_mand_factor\set21\u_mand_factor_0.7.py,u_mand_factor,21,u_mand_factor,0.7,2,8,5,0.7,0.5,0.7,0.6,1.4,0.3,109.479998,80,20,128.799997,156.399997,59.919998,1,1,1021,0,heuristic_v7,solved,1,56.946028,109.4635,0.520228,0.2649,,
u_mand_factor\set21\u_mand_factor_0.8.py,u_mand_factor,21,u_mand_factor,0.8,2,8,5,0.8,0.5,0.7,0.6,1.6,0.2,115.919998,80,20,147.200003,165.599998,68.480002,1,1,1021,0,ilp_v2,infeasible,0,,,,0.0133,,
u_mand_factor\set21\u_mand_factor_0.8.py,u_mand_factor,21,u_mand_factor,0.8,2,8,5,0.8,0.5,0.7,0.6,1.6,0.2,115.919998,80,20,147.200003,165.599998,68.480002,1,1,1021,0,heuristic_v5b,solved,1,10.33592,115.91931,0.089165,0.0165,,
u_mand_factor\set21\u_mand_factor_0.8.py,u_mand_factor,21,u_mand_factor,0.8,2,8,5,0.8,0.5,0.7,0.6,1.6,0.2,115.919998,80,20,147.200003,165.599998,68.480002,1,1,1021,0,heuristic_v7,solved,1,10.928818,115.916087,0.094282,0.1381,,
u_mand_factor\set21\u_mand_factor_0.9.py,u_mand_factor,21,u_mand_factor,0.9,2,8,5,0.9,0.5,0.7,0.6,1.8,0.1,122.360002,80,20,165.599997,174.800002,77.039998,1,1,1021,0,ilp_v2,infeasible,0,,,,0.0062,,
u_mand_factor\set21\u_mand_factor_0.9.py,u_mand_factor,21,u_mand_factor,0.9,2,8,5,0.9,0.5,0.7,0.6,1.8,0.1,122.360002,80,20,165.599997,174.800002,77.039998,1,1,1021,0,heuristic_v5b,infeasible,0,,147.474272,,0.0081,,over budget: E=147.4743 > B=122.3600
u_mand_factor\set21\u_mand_factor_0.9.py,u_mand_factor,21,u_mand_factor,0.9,2,8,5,0.9,0.5,0.7,0.6,1.8,0.1,122.360002,80,20,165.599997,174.800002,77.039998,1,1,1021,0,heuristic_v7,infeasible,0,,147.55041,,0.0884,,over budget: E=147.5504 > B=122.3600
u_mand_factor\set22\u_mand_factor_0.1.py,u_mand_factor,22,u_mand_factor,0.1,2,8,5,0.1,0.5,0.7,0.6,0.2,0.9,70.84,80,30,18.399999,101.2,8.559999,1,0,1022,0,ilp_v2,optimal,1,224.680194,68.451272,3.282338,0.0153,0.0,
u_mand_factor\set22\u_mand_factor_0.1.py,u_mand_factor,22,u_mand_factor,0.1,2,8,5,0.1,0.5,0.7,0.6,0.2,0.9,70.84,80,30,18.399999,101.2,8.559999,1,0,1022,0,heuristic_v5b,solved,1,224.680194,67.991027,3.304557,0.0077,,
u_mand_factor\set22\u_mand_factor_0.1.py,u_mand_factor,22,u_mand_factor,0.1,2,8,5,0.1,0.5,0.7,0.6,0.2,0.9,70.84,80,30,18.399999,101.2,8.559999,1,0,1022,0,heuristic_v7,solved,1,224.680194,67.991027,3.304557,0.2634,,
u_mand_factor\set22\u_mand_factor_0.2.py,u_mand_factor,22,u_mand_factor,0.2,2,8,5,0.2,0.5,0.7,0.6,0.4,0.8,77.279997,80,30,36.799993,110.399995,17.119997,1,0,1022,0,ilp_v2,optimal,1,168.063448,73.835196,2.276197,0.0165,0.0,
u_mand_factor\set22\u_mand_factor_0.2.py,u_mand_factor,22,u_mand_factor,0.2,2,8,5,0.2,0.5,0.7,0.6,0.4,0.8,77.279997,80,30,36.799993,110.399995,17.119997,1,0,1022,0,heuristic_v5b,solved,1,159.912261,77.25496,2.069929,0.0094,,
u_mand_factor\set22\u_mand_factor_0.2.py,u_mand_factor,22,u_mand_factor,0.2,2,8,5,0.2,0.5,0.7,0.6,0.4,0.8,77.279997,80,30,36.799993,110.399995,17.119997,1,0,1022,0,heuristic_v7,solved,1,168.063448,76.320805,2.202066,0.1282,,
u_mand_factor\set22\u_mand_factor_0.3.py,u_mand_factor,22,u_mand_factor,0.3,2,8,5,0.3,0.5,0.7,0.6,0.6,0.7,83.719992,80,30,55.199992,119.599988,25.679996,1,1,1022,0,ilp_v2,optimal,1,156.190311,83.47739,1.871049,0.0168,0.0,
u_mand_factor\set22\u_mand_factor_0.3.py,u_mand_factor,22,u_mand_factor,0.3,2,8,5,0.3,0.5,0.7,0.6,0.6,0.7,83.719992,80,30,55.199992,119.599988,25.679996,1,1,1022,0,heuristic_v5b,solved,1,148.869132,82.88149,1.796169,0.0202,,
u_mand_factor\set22\u_mand_factor_0.3.py,u_mand_factor,22,u_mand_factor,0.3,2,8,5,0.3,0.5,0.7,0.6,0.6,0.7,83.719992,80,30,55.199992,119.599988,25.679996,1,1,1022,0,heuristic_v7,solved,1,156.190311,83.613422,1.868005,0.1265,,
u_mand_factor\set22\u_mand_factor_0.4.py,u_mand_factor,22,u_mand_factor,0.4,2,8,5,0.4,0.5,0.7,0.6,0.8,0.6,90.160006,80,30,73.600005,128.800008,34.240002,1,1,1022,0,ilp_v2,optimal,1,136.088532,90.15098,1.509562,0.3442,4.7e-05,
u_mand_factor\set22\u_mand_factor_0.4.py,u_mand_factor,22,u_mand_factor,0.4,2,8,5,0.4,0.5,0.7,0.6,0.8,0.6,90.160006,80,30,73.600005,128.800008,34.240002,1,1,1022,0,heuristic_v5b,solved,1,132.679944,89.297411,1.485821,0.0171,,
u_mand_factor\set22\u_mand_factor_0.4.py,u_mand_factor,22,u_mand_factor,0.4,2,8,5,0.4,0.5,0.7,0.6,0.8,0.6,90.160006,80,30,73.600005,128.800008,34.240002,1,1,1022,0,heuristic_v7,solved,1,138.595691,89.642688,1.54609,0.3636,,
u_mand_factor\set22\u_mand_factor_0.5.py,u_mand_factor,22,u_mand_factor,0.5,2,8,5,0.5,0.5,0.7,0.6,1.0,0.5,96.600005,80,30,91.999999,138.000007,42.799999,1,1,1022,0,ilp_v2,optimal,1,107.910957,96.560558,1.117547,0.1602,0.0,
u_mand_factor\set22\u_mand_factor_0.5.py,u_mand_factor,22,u_mand_factor,0.5,2,8,5,0.5,0.5,0.7,0.6,1.0,0.5,96.600005,80,30,91.999999,138.000007,42.799999,1,1,1022,0,heuristic_v5b,solved,1,109.017035,96.363472,1.131311,0.0333,,
u_mand_factor\set22\u_mand_factor_0.5.py,u_mand_factor,22,u_mand_factor,0.5,2,8,5,0.5,0.5,0.7,0.6,1.0,0.5,96.600005,80,30,91.999999,138.000007,42.799999,1,1,1022,0,heuristic_v7,solved,1,110.431857,96.396557,1.1456,0.2478,,
u_mand_factor\set22\u_mand_factor_0.6.py,u_mand_factor,22,u_mand_factor,0.6,2,8,5,0.6,0.5,0.7,0.6,1.2,0.4,103.040002,80,30,110.400002,147.200002,51.360001,1,1,1022,0,ilp_v2,optimal,1,76.254904,103.022899,0.740174,1.6901,0.0,
u_mand_factor\set22\u_mand_factor_0.6.py,u_mand_factor,22,u_mand_factor,0.6,2,8,5,0.6,0.5,0.7,0.6,1.2,0.4,103.040002,80,30,110.400002,147.200002,51.360001,1,1,1022,0,heuristic_v5b,solved,1,72.623518,102.447972,0.708882,0.0217,,
u_mand_factor\set22\u_mand_factor_0.6.py,u_mand_factor,22,u_mand_factor,0.6,2,8,5,0.6,0.5,0.7,0.6,1.2,0.4,103.040002,80,30,110.400002,147.200002,51.360001,1,1,1022,0,heuristic_v7,solved,1,78.431985,103.035307,0.761215,0.3963,,
u_mand_factor\set22\u_mand_factor_0.7.py,u_mand_factor,22,u_mand_factor,0.7,2,8,5,0.7,0.5,0.7,0.6,1.4,0.3,109.480001,80,30,128.800006,156.400001,59.920003,1,1,1022,0,ilp_v2,optimal,1,34.687571,109.477257,0.316847,0.1472,0.0,
u_mand_factor\set22\u_mand_factor_0.7.py,u_mand_factor,22,u_mand_factor,0.7,2,8,5,0.7,0.5,0.7,0.6,1.4,0.3,109.480001,80,30,128.800006,156.400001,59.920003,1,1,1022,0,heuristic_v5b,solved,1,20.41209,109.443429,0.186508,0.0455,,
u_mand_factor\set22\u_mand_factor_0.7.py,u_mand_factor,22,u_mand_factor,0.7,2,8,5,0.7,0.5,0.7,0.6,1.4,0.3,109.480001,80,30,128.800006,156.400001,59.920003,1,1,1022,0,heuristic_v7,solved,1,36.696442,109.205213,0.336032,0.4739,,
u_mand_factor\set22\u_mand_factor_0.8.py,u_mand_factor,22,u_mand_factor,0.8,2,8,5,0.8,0.5,0.7,0.6,1.6,0.2,115.919993,80,30,147.199999,165.59999,68.479999,1,1,1022,0,ilp_v2,infeasible,0,,,,0.0156,,
u_mand_factor\set22\u_mand_factor_0.8.py,u_mand_factor,22,u_mand_factor,0.8,2,8,5,0.8,0.5,0.7,0.6,1.6,0.2,115.919993,80,30,147.199999,165.59999,68.479999,1,1,1022,0,heuristic_v5b,infeasible,0,,122.971171,,0.0432,,over budget: E=122.9712 > B=115.9200
u_mand_factor\set22\u_mand_factor_0.8.py,u_mand_factor,22,u_mand_factor,0.8,2,8,5,0.8,0.5,0.7,0.6,1.6,0.2,115.919993,80,30,147.199999,165.59999,68.479999,1,1,1022,0,heuristic_v7,infeasible,0,,121.533076,,0.2643,,over budget: E=121.5331 > B=115.9200
u_mand_factor\set22\u_mand_factor_0.9.py,u_mand_factor,22,u_mand_factor,0.9,2,8,5,0.9,0.5,0.7,0.6,1.8,0.1,122.360002,80,30,165.599995,174.800002,77.039998,1,1,1022,0,ilp_v2,infeasible,0,,,,0.0097,,
u_mand_factor\set22\u_mand_factor_0.9.py,u_mand_factor,22,u_mand_factor,0.9,2,8,5,0.9,0.5,0.7,0.6,1.8,0.1,122.360002,80,30,165.599995,174.800002,77.039998,1,1,1022,0,heuristic_v5b,infeasible,0,,153.611453,,0.0308,,over budget: E=153.6115 > B=122.3600
u_mand_factor\set22\u_mand_factor_0.9.py,u_mand_factor,22,u_mand_factor,0.9,2,8,5,0.9,0.5,0.7,0.6,1.8,0.1,122.360002,80,30,165.599995,174.800002,77.039998,1,1,1022,0,heuristic_v7,infeasible,0,,153.148728,,0.1755,,over budget: E=153.1487 > B=122.3600
u_mand_factor\set23\u_mand_factor_0.1.py,u_mand_factor,23,u_mand_factor,0.1,2,8,5,0.1,0.5,0.7,0.6,0.2,0.9,70.840005,80,28,18.399997,101.200007,8.559998,1,0,1023,0,ilp_v2,optimal,1,234.115274,62.220223,3.762688,0.0152,0.0,
u_mand_factor\set23\u_mand_factor_0.1.py,u_mand_factor,23,u_mand_factor,0.1,2,8,5,0.1,0.5,0.7,0.6,0.2,0.9,70.840005,80,28,18.399997,101.200007,8.559998,1,0,1023,0,heuristic_v5b,solved,1,234.115274,69.851875,3.351596,0.0124,,
u_mand_factor\set23\u_mand_factor_0.1.py,u_mand_factor,23,u_mand_factor,0.1,2,8,5,0.1,0.5,0.7,0.6,0.2,0.9,70.840005,80,28,18.399997,101.200007,8.559998,1,0,1023,0,heuristic_v7,solved,1,234.115274,69.851875,3.351596,0.1369,,
u_mand_factor\set23\u_mand_factor_0.2.py,u_mand_factor,23,u_mand_factor,0.2,2,8,5,0.2,0.5,0.7,0.6,0.4,0.8,77.279999,80,28,36.8,110.399999,17.12,1,0,1023,0,ilp_v2,optimal,1,209.869407,72.196697,2.906911,0.0164,0.0,
u_mand_factor\set23\u_mand_factor_0.2.py,u_mand_factor,23,u_mand_factor,0.2,2,8,5,0.2,0.5,0.7,0.6,0.4,0.8,77.279999,80,28,36.8,110.399999,17.12,1,0,1023,0,heuristic_v5b,solved,1,209.869407,76.126287,2.756859,0.0106,,
u_mand_factor\set23\u_mand_factor_0.2.py,u_mand_factor,23,u_mand_factor,0.2,2,8,5,0.2,0.5,0.7,0.6,0.4,0.8,77.279999,80,28,36.8,110.399999,17.12,1,0,1023,0,heuristic_v7,solved,1,209.869407,76.126287,2.756859,0.1268,,
u_mand_factor\set23\u_mand_factor_0.3.py,u_mand_factor,23,u_mand_factor,0.3,2,8,5,0.3,0.5,0.7,0.6,0.6,0.7,83.720002,80,28,55.199998,119.600003,25.679999,1,1,1023,0,ilp_v2,optimal,1,192.293149,79.960692,2.404846,0.0175,0.0,
u_mand_factor\set23\u_mand_factor_0.3.py,u_mand_factor,23,u_mand_factor,0.3,2,8,5,0.3,0.5,0.7,0.6,0.6,0.7,83.720002,80,28,55.199998,119.600003,25.679999,1,1,1023,0,heuristic_v5b,solved,1,172.152522,83.098546,2.071667,0.0105,,
u_mand_factor\set23\u_mand_factor_0.3.py,u_mand_factor,23,u_mand_factor,0.3,2,8,5,0.3,0.5,0.7,0.6,0.6,0.7,83.720002,80,28,55.199998,119.600003,25.679999,1,1,1023,0,heuristic_v7,solved,1,192.293149,83.709359,2.297152,0.1196,,
u_mand_factor\set23\u_mand_factor_0.4.py,u_mand_factor,23,u_mand_factor,0.4,2,8,5,0.4,0.5,0.7,0.6,0.8,0.6,90.16001,80,28,73.600002,128.800015,34.240001,1,1,1023,0,ilp_v2,optimal,1,166.234011,89.735452,1.85249,0.0239,0.0,
u_mand_factor\set23\u_mand_factor_0.4.py,u_mand_factor,23,u_mand_factor,0.4,2,8,5,0.4,0.5,0.7,0.6,0.8,0.6,90.16001,80,28,73.600002,128.800015,34.240001,1,1,1023,0,heuristic_v5b,solved,1,148.983965,89.754165,1.659911,0.0108,,
u_mand_factor\set23\u_mand_factor_0.4.py,u_mand_factor,23,u_mand_factor,0.4,2,8,5,0.4,0.5,0.7,0.6,0.8,0.6,90.16001,80,28,73.600002,128.800015,34.240001,1,1,1023,0,heuristic_v7,solved,1,166.234011,88.283818,1.88295,0.1342,,
u_mand_factor\set23\u_mand_factor_0.5.py,u_mand_factor,23,u_mand_factor,0.5,2,8,5,0.5,0.5,0.7,0.6,1.0,0.5,96.600006,80,28,91.999999,138.000008,42.799999,1,1,1023,0,ilp_v2,optimal,1,136.875143,96.563291,1.417466,0.5088,0.0,
u_mand_factor\set23\u_mand_factor_0.5.py,u_mand_factor,23,u_mand_factor,0.5,2,8,5,0.5,0.5,0.7,0.6,1.0,0.5,96.600006,80,28,91.999999,138.000008,42.799999,1,1,1023,0,heuristic_v5b,solved,1,102.928454,96.13169,1.070703,0.0136,,
u_mand_factor\set23\u_mand_factor_0.5.py,u_mand_factor,23,u_mand_factor,0.5,2,8,5,0.5,0.5,0.7,0.6,1.0,0.5,96.600006,80,28,91.999999,138.000008,42.799999,1,1,1023,0,heuristic_v7,solved,1,137.55442,96.554951,1.424623,0.1726,,
u_mand_factor\set23\u_mand_factor_0.6.py,u_mand_factor,23,u_mand_factor,0.6,2,8,5,0.6,0.5,0.7,0.6,1.2,0.4,103.039996,80,28,110.399995,147.199994,51.359998,1,1,1023,0,ilp_v2,optimal,1,104.085642,103.033854,1.010208,0.0625,7e-05,
u_mand_factor\set23\u_mand_factor_0.6.py,u_mand_factor,23,u_mand_factor,0.6,2,8,5,0.6,0.5,0.7,0.6,1.2,0.4,103.039996,80,28,110.399995,147.199994,51.359998,1,1,1023,0,heuristic_v5b,solved,1,78.84635,100.84612,0.781848,0.0168,,
u_mand_factor\set23\u_mand_factor_0.6.py,u_mand_factor,23,u_mand_factor,0.6,2,8,5,0.6,0.5,0.7,0.6,1.2,0.4,103.039996,80,28,110.399995,147.199994,51.359998,1,1,1023,0,heuristic_v7,solved,1,97.617262,102.945636,0.948241,0.3039,,
u_mand_factor\set23\u_mand_factor_0.7.py,u_mand_factor,23,u_mand_factor,0.7,2,8,5,0.7,0.5,0.7,0.6,1.4,0.3,109.479998,80,28,128.799999,156.399998,59.919999,1,1,1023,0,ilp_v2,optimal,1,57.609335,109.477189,0.526222,0.2454,0.0,
u_mand_factor\set23\u_mand_factor_0.7.py,u_mand_factor,23,u_mand_factor,0.7,2,8,5,0.7,0.5,0.7,0.6,1.4,0.3,109.479998,80,28,128.799999,156.399998,59.919999,1,1,1023,0,heuristic_v5b,solved,1,37.330442,109.194653,0.341871,0.0224,,
u_mand_factor\set23\u_mand_factor_0.7.py,u_mand_factor,23,u_mand_factor,0.7,2,8,5,0.7,0.5,0.7,0.6,1.4,0.3,109.479998,80,28,128.799999,156.399998,59.919999,1,1,1023,0,heuristic_v7,solved,1,57.377386,109.479707,0.524092,0.4477,,
u_mand_factor\set23\u_mand_factor_0.8.py,u_mand_factor,23,u_mand_factor,0.8,2,8,5,0.8,0.5,0.7,0.6,1.6,0.2,115.920003,80,28,147.199998,165.600005,68.479999,1,1,1023,0,ilp_v2,optimal,1,14.854029,115.908767,0.128153,0.2539,0.0,
u_mand_factor\set23\u_mand_factor_0.8.py,u_mand_factor,23,u_mand_factor,0.8,2,8,5,0.8,0.5,0.7,0.6,1.6,0.2,115.920003,80,28,147.199998,165.600005,68.479999,1,1,1023,0,heuristic_v5b,solved,1,12.797198,115.917256,0.110399,0.0373,,
u_mand_factor\set23\u_mand_factor_0.8.py,u_mand_factor,23,u_mand_factor,0.8,2,8,5,0.8,0.5,0.7,0.6,1.6,0.2,115.920003,80,28,147.199998,165.600005,68.479999,1,1,1023,0,heuristic_v7,solved,1,14.836503,115.914478,0.127995,0.3567,,
u_mand_factor\set23\u_mand_factor_0.9.py,u_mand_factor,23,u_mand_factor,0.9,2,8,5,0.9,0.5,0.7,0.6,1.8,0.1,122.359998,80,28,165.600002,174.799998,77.040001,1,1,1023,0,ilp_v2,infeasible,0,,,,0.0247,,
u_mand_factor\set23\u_mand_factor_0.9.py,u_mand_factor,23,u_mand_factor,0.9,2,8,5,0.9,0.5,0.7,0.6,1.8,0.1,122.359998,80,28,165.600002,174.799998,77.040001,1,1,1023,0,heuristic_v5b,infeasible,0,,,,0.0,,
u_mand_factor\set23\u_mand_factor_0.9.py,u_mand_factor,23,u_mand_factor,0.9,2,8,5,0.9,0.5,0.7,0.6,1.8,0.1,122.359998,80,28,165.600002,174.799998,77.040001,1,1,1023,0,heuristic_v7,infeasible,0,,,,0.0,,
u_mand_factor\set24\u_mand_factor_0.1.py,u_mand_factor,24,u_mand_factor,0.1,2,8,5,0.1,0.5,0.7,0.6,0.2,0.9,70.83999,80,21,18.399995,101.199986,9.203634,1,0,1024,0,ilp_v2,optimal,1,285.386925,63.238495,4.512867,0.0052,0.0,
u_mand_factor\set24\u_mand_factor_0.1.py,u_mand_factor,24,u_mand_factor,0.1,2,8,5,0.1,0.5,0.7,0.6,0.2,0.9,70.83999,80,21,18.399995,101.199986,9.203634,1,0,1024,0,heuristic_v5b,solved,1,285.386925,64.965484,4.392901,0.0025,,
u_mand_factor\set24\u_mand_factor_0.1.py,u_mand_factor,24,u_mand_factor,0.1,2,8,5,0.1,0.5,0.7,0.6,0.2,0.9,70.83999,80,21,18.399995,101.199986,9.203634,1,0,1024,0,heuristic_v7,solved,1,285.386925,64.965484,4.392901,0.0417,,
u_mand_factor\set24\u_mand_factor_0.2.py,u_mand_factor,24,u_mand_factor,0.2,2,8,5,0.2,0.5,0.7,0.6,0.4,0.8,77.280006,80,21,36.800005,110.400008,18.407275,1,0,1024,0,ilp_v2,optimal,1,228.767467,74.591751,3.066927,0.0085,0.0,
u_mand_factor\set24\u_mand_factor_0.2.py,u_mand_factor,24,u_mand_factor,0.2,2,8,5,0.2,0.5,0.7,0.6,0.4,0.8,77.280006,80,21,36.800005,110.400008,18.407275,1,0,1024,0,heuristic_v5b,solved,1,228.767467,73.744502,3.102163,0.0033,,
u_mand_factor\set24\u_mand_factor_0.2.py,u_mand_factor,24,u_mand_factor,0.2,2,8,5,0.2,0.5,0.7,0.6,0.4,0.8,77.280006,80,21,36.800005,110.400008,18.407275,1,0,1024,0,heuristic_v7,solved,1,228.767467,73.744502,3.102163,0.035,,
u_mand_factor\set24\u_mand_factor_0.3.py,u_mand_factor,24,u_mand_factor,0.3,2,8,5,0.3,0.5,0.7,0.6,0.6,0.7,83.719998,80,21,55.2,119.599998,27.610909,1,1,1024,0,ilp_v2,optimal,1,195.400623,83.715673,2.334098,0.0144,0.0,
u_mand_factor\set24\u_mand_factor_0.3.py,u_mand_factor,24,u_mand_factor,0.3,2,8,5,0.3,0.5,0.7,0.6,0.6,0.7,83.719998,80,21,55.2,119.599998,27.610909,1,1,1024,0,heuristic_v5b,solved,1,187.054385,83.608329,2.23727,0.0034,,
u_mand_factor\set24\u_mand_factor_0.3.py,u_mand_factor,24,u_mand_factor,0.3,2,8,5,0.3,0.5,0.7,0.6,0.6,0.7,83.719998,80,21,55.2,119.599998,27.610909,1,1,1024,0,heuristic_v7,solved,1,195.400623,80.232441,2.435432,0.0355,,
u_mand_factor\set24\u_mand_factor_0.4.py,u_mand_factor,24,u_mand_factor,0.4,2,8,5,0.4,0.5,0.7,0.6,0.8,0.6,90.159995,80,21,73.599999,128.799993,36.814545,1,1,1024,0,ilp_v2,optimal,1,174.665064,90.057692,1.93948,0.0105,0.0,
u_mand_factor\set24\u_mand_factor_0.4.py,u_mand_factor,24,u_mand_factor,0.4,2,8,5,0.4,0.5,0.7,0.6,0.8,0.6,90.159995,80,21,73.599999,128.799993,36.814545,1,1,1024,0,heuristic_v5b,solved,1,168.438736,88.753224,1.897832,0.0035,,
u_mand_factor\set24\u_mand_factor_0.4.py,u_mand_factor,24,u_mand_factor,0.4,2,8,5,0.4,0.5,0.7,0.6,0.8,0.6,90.159995,80,21,73.599999,128.799993,36.814545,1,1,1024,0,heuristic_v7,solved,1,171.5519,90.127779,1.90343,0.0588,,
u_mand_factor\set24\u_mand_factor_0.5.py,u_mand_factor,24,u_mand_factor,0.5,2,8,5,0.5,0.5,0.7,0.6,1.0,0.5,96.600001,80,21,91.999998,138.000001,46.018181,1,1,1024,0,ilp_v2,optimal,1,150.670228,96.598865,1.559752,0.1948,0.0,
u_mand_factor\set24\u_mand_factor_0.5.py,u_mand_factor,24,u_mand_factor,0.5,2,8,5,0.5,0.5,0.7,0.6,1.0,0.5,96.600001,80,21,91.999998,138.000001,46.018181,1,1,1024,0,heuristic_v5b,solved,1,121.308861,94.216779,1.287551,0.0036,,
u_mand_factor\set24\u_mand_factor_0.5.py,u_mand_factor,24,u_mand_factor,0.5,2,8,5,0.5,0.5,0.7,0.6,1.0,0.5,96.600001,80,21,91.999998,138.000001,46.018181,1,1,1024,0,heuristic_v7,solved,1,149.969364,96.577387,1.552841,0.0583,,
u_mand_factor\set24\u_mand_factor_0.6.py,u_mand_factor,24,u_mand_factor,0.6,2,8,5,0.6,0.5,0.7,0.6,1.2,0.4,103.04,80,21,110.400001,147.2,55.221819,1,1,1024,0,ilp_v2,optimal,1,106.85751,103.009415,1.037357,0.1082,0.0,
u_mand_factor\set24\u_mand_factor_0.6.py,u_mand_factor,24,u_mand_factor,0.6,2,8,5,0.6,0.5,0.7,0.6,1.2,0.4,103.04,80,21,110.400001,147.2,55.221819,1,1,1024,0,heuristic_v5b,solved,1,85.568986,100.128668,0.85459,0.0049,,
u_mand_factor\set24\u_mand_factor_0.6.py,u_mand_factor,24,u_mand_factor,0.6,2,8,5,0.6,0.5,0.7,0.6,1.2,0.4,103.04,80,21,110.400001,147.2,55.221819,1,1,1024,0,heuristic_v7,solved,1,98.844294,102.098656,0.968125,0.0798,,
u_mand_factor\set24\u_mand_factor_0.7.py,u_mand_factor,24,u_mand_factor,0.7,2,8,5,0.7,0.5,0.7,0.6,1.4,0.3,109.480001,80,21,128.799998,156.400001,64.425453,1,1,1024,0,ilp_v2,optimal,1,52.560498,109.47765,0.480103,0.2446,0.0,
u_mand_factor\set24\u_mand_factor_0.7.py,u_mand_factor,24,u_mand_factor,0.7,2,8,5,0.7,0.5,0.7,0.6,1.4,0.3,109.480001,80,21,128.799998,156.400001,64.425453,1,1,1024,0,heuristic_v5b,solved,1,48.086806,109.449304,0.439352,0.004,,
u_mand_factor\set24\u_mand_factor_0.7.py,u_mand_factor,24,u_mand_factor,0.7,2,8,5,0.7,0.5,0.7,0.6,1.4,0.3,109.480001,80,21,128.799998,156.400001,64.425453,1,1,1024,0,heuristic_v7,solved,1,48.086806,109.449304,0.439352,0.067,,
u_mand_factor\set24\u_mand_factor_0.8.py,u_mand_factor,24,u_mand_factor,0.8,2,8,5,0.8,0.5,0.7,0.6,1.6,0.2,115.91999,80,21,147.199995,165.599985,73.629089,1,1,1024,0,ilp_v2,infeasible,0,,,,0.0052,,
u_mand_factor\set24\u_mand_factor_0.8.py,u_mand_factor,24,u_mand_factor,0.8,2,8,5,0.8,0.5,0.7,0.6,1.6,0.2,115.91999,80,21,147.199995,165.599985,73.629089,1,1,1024,0,heuristic_v5b,infeasible,0,,117.886703,,0.0057,,over budget: E=117.8867 > B=115.9200
u_mand_factor\set24\u_mand_factor_0.8.py,u_mand_factor,24,u_mand_factor,0.8,2,8,5,0.8,0.5,0.7,0.6,1.6,0.2,115.91999,80,21,147.199995,165.599985,73.629089,1,1,1024,0,heuristic_v7,infeasible,0,,119.893172,,0.0488,,over budget: E=119.8932 > B=115.9200
u_mand_factor\set24\u_mand_factor_0.9.py,u_mand_factor,24,u_mand_factor,0.9,2,8,5,0.9,0.5,0.7,0.6,1.8,0.1,122.360006,80,21,165.600002,174.800009,82.832728,1,1,1024,0,ilp_v2,infeasible,0,,,,0.0081,,
u_mand_factor\set24\u_mand_factor_0.9.py,u_mand_factor,24,u_mand_factor,0.9,2,8,5,0.9,0.5,0.7,0.6,1.8,0.1,122.360006,80,21,165.600002,174.800009,82.832728,1,1,1024,0,heuristic_v5b,infeasible,0,,151.03643,,0.0068,,over budget: E=151.0364 > B=122.3600
u_mand_factor\set24\u_mand_factor_0.9.py,u_mand_factor,24,u_mand_factor,0.9,2,8,5,0.9,0.5,0.7,0.6,1.8,0.1,122.360006,80,21,165.600002,174.800009,82.832728,1,1,1024,0,heuristic_v7,infeasible,0,,150.988903,,0.0491,,over budget: E=150.9889 > B=122.3600
u_mand_factor\set25\u_mand_factor_0.1.py,u_mand_factor,25,u_mand_factor,0.1,2,8,5,0.1,0.5,0.7,0.6,0.2,0.9,70.840002,80,23,18.399999,101.200002,8.573333,1,0,1025,0,ilp_v2,optimal,1,195.837973,61.936991,3.16189,0.0083,0.0,
u_mand_factor\set25\u_mand_factor_0.1.py,u_mand_factor,25,u_mand_factor,0.1,2,8,5,0.1,0.5,0.7,0.6,0.2,0.9,70.840002,80,23,18.399999,101.200002,8.573333,1,0,1025,0,heuristic_v5b,solved,1,195.837973,63.003614,3.108361,0.0054,,
u_mand_factor\set25\u_mand_factor_0.1.py,u_mand_factor,25,u_mand_factor,0.1,2,8,5,0.1,0.5,0.7,0.6,0.2,0.9,70.840002,80,23,18.399999,101.200002,8.573333,1,0,1025,0,heuristic_v7,solved,1,195.837973,63.003614,3.108361,0.0851,,
u_mand_factor\set25\u_mand_factor_0.2.py,u_mand_factor,25,u_mand_factor,0.2,2,8,5,0.2,0.5,0.7,0.6,0.4,0.8,77.279998,80,23,36.800003,110.399998,17.146668,1,0,1025,0,ilp_v2,optimal,1,208.157206,76.959235,2.704772,0.012,0.0,
u_mand_factor\set25\u_mand_factor_0.2.py,u_mand_factor,25,u_mand_factor,0.2,2,8,5,0.2,0.5,0.7,0.6,0.4,0.8,77.279998,80,23,36.800003,110.399998,17.146668,1,0,1025,0,heuristic_v5b,solved,1,208.157206,75.252781,2.766106,0.0047,,
u_mand_factor\set25\u_mand_factor_0.2.py,u_mand_factor,25,u_mand_factor,0.2,2,8,5,0.2,0.5,0.7,0.6,0.4,0.8,77.279998,80,23,36.800003,110.399998,17.146668,1,0,1025,0,heuristic_v7,solved,1,208.157206,75.252781,2.766106,0.0584,,
u_mand_factor\set25\u_mand_factor_0.3.py,u_mand_factor,25,u_mand_factor,0.3,2,8,5,0.3,0.5,0.7,0.6,0.6,0.7,83.720003,80,23,55.200001,119.600005,25.720001,1,1,1025,0,ilp_v2,optimal,1,174.866109,83.526181,2.093548,0.0262,0.0,
u_mand_factor\set25\u_mand_factor_0.3.py,u_mand_factor,25,u_mand_factor,0.3,2,8,5,0.3,0.5,0.7,0.6,0.6,0.7,83.720003,80,23,55.200001,119.600005,25.720001,1,1,1025,0,heuristic_v5b,solved,1,171.301368,83.625435,2.048436,0.0043,,
u_mand_factor\set25\u_mand_factor_0.3.py,u_mand_factor,25,u_mand_factor,0.3,2,8,5,0.3,0.5,0.7,0.6,0.6,0.7,83.720003,80,23,55.200001,119.600005,25.720001,1,1,1025,0,heuristic_v7,solved,1,181.639963,83.564119,2.17366,0.0627,,
u_mand_factor\set25\u_mand_factor_0.4.py,u_mand_factor,25,u_mand_factor,0.4,2,8,5,0.4,0.5,0.7,0.6,0.8,0.6,90.159996,80,23,73.599997,128.799994,34.293332,1,1,1025,0,ilp_v2,optimal,1,135.577233,89.908897,1.50794,0.1144,0.0,
u_mand_factor\set25\u_mand_factor_0.4.py,u_mand_factor,25,u_mand_factor,0.4,2,8,5,0.4,0.5,0.7,0.6,0.8,0.6,90.159996,80,23,73.599997,128.799994,34.293332,1,1,1025,0,heuristic_v5b,solved,1,127.567611,87.179671,1.463272,0.0047,,
u_mand_factor\set25\u_mand_factor_0.4.py,u_mand_factor,25,u_mand_factor,0.4,2,8,5,0.4,0.5,0.7,0.6,0.8,0.6,90.159996,80,23,73.599997,128.799994,34.293332,1,1,1025,0,heuristic_v7,solved,1,127.567611,87.179671,1.463272,0.0763,,
u_mand_factor\set25\u_mand_factor_0.5.py,u_mand_factor,25,u_mand_factor,0.5,2,8,5,0.5,0.5,0.7,0.6,1.0,0.5,96.6,80,23,91.999995,138.0,42.866665,1,1,1025,0,ilp_v2,optimal,1,106.427422,96.509575,1.102765,0.0382,0.0,
u_mand_factor\set25\u_mand_factor_0.5.py,u_mand_factor,25,u_mand_factor,0.5,2,8,5,0.5,0.5,0.7,0.6,1.0,0.5,96.6,80,23,91.999995,138.0,42.866665,1,1,1025,0,heuristic_v5b,solved,1,95.565565,96.027785,0.995187,0.0048,,
u_mand_factor\set25\u_mand_factor_0.5.py,u_mand_factor,25,u_mand_factor,0.5,2,8,5,0.5,0.5,0.7,0.6,1.0,0.5,96.6,80,23,91.999995,138.0,42.866665,1,1,1025,0,heuristic_v7,solved,1,106.177668,96.581874,1.099354,0.088,,
u_mand_factor\set25\u_mand_factor_0.6.py,u_mand_factor,25,u_mand_factor,0.6,2,8,5,0.6,0.5,0.7,0.6,1.2,0.4,103.040009,80,23,110.400007,147.200013,51.440003,1,1,1025,0,ilp_v2,optimal,1,74.380564,103.020929,0.721995,0.0371,0.0,
u_mand_factor\set25\u_mand_factor_0.6.py,u_mand_factor,25,u_mand_factor,0.6,2,8,5,0.6,0.5,0.7,0.6,1.2,0.4,103.040009,80,23,110.400007,147.200013,51.440003,1,1,1025,0,heuristic_v5b,solved,1,57.481334,103.027828,0.55792,0.0153,,
u_mand_factor\set25\u_mand_factor_0.6.py,u_mand_factor,25,u_mand_factor,0.6,2,8,5,0.6,0.5,0.7,0.6,1.2,0.4,103.040009,80,23,110.400007,147.200013,51.440003,1,1,1025,0,heuristic_v7,solved,1,70.149098,103.024395,0.680898,0.1279,,
u_mand_factor\set25\u_mand_factor_0.7.py,u_mand_factor,25,u_mand_factor,0.7,2,8,5,0.7,0.5,0.7,0.6,1.4,0.3,109.480004,80,23,128.799999,156.400006,60.013333,1,1,1025,0,ilp_v2,optimal,1,33.910607,109.469097,0.309773,0.1128,0.0,
u_mand_factor\set25\u_mand_factor_0.7.py,u_mand_factor,25,u_mand_factor,0.7,2,8,5,0.7,0.5,0.7,0.6,1.4,0.3,109.480004,80,23,128.799999,156.400006,60.013333,1,1,1025,0,heuristic_v5b,solved,1,29.573138,109.471782,0.270144,0.0257,,
u_mand_factor\set25\u_mand_factor_0.7.py,u_mand_factor,25,u_mand_factor,0.7,2,8,5,0.7,0.5,0.7,0.6,1.4,0.3,109.480004,80,23,128.799999,156.400006,60.013333,1,1,1025,0,heuristic_v7,solved,1,37.409328,109.411604,0.341914,0.1714,,
u_mand_factor\set25\u_mand_factor_0.8.py,u_mand_factor,25,u_mand_factor,0.8,2,8,5,0.8,0.5,0.7,0.6,1.6,0.2,115.920002,80,23,147.200001,165.600003,68.586667,1,1,1025,0,ilp_v2,infeasible,0,,,,0.0096,,
u_mand_factor\set25\u_mand_factor_0.8.py,u_mand_factor,25,u_mand_factor,0.8,2,8,5,0.8,0.5,0.7,0.6,1.6,0.2,115.920002,80,23,147.200001,165.600003,68.586667,1,1,1025,0,heuristic_v5b,infeasible,0,,120.989178,,0.0126,,over budget: E=120.9892 > B=115.9200
u_mand_factor\set25\u_mand_factor_0.8.py,u_mand_factor,25,u_mand_factor,0.8,2,8,5,0.8,0.5,0.7,0.6,1.6,0.2,115.920002,80,23,147.200001,165.600003,68.586667,1,1,1025,0,heuristic_v7,infeasible,0,,122.065478,,0.1008,,over budget: E=122.0655 > B=115.9200
u_mand_factor\set25\u_mand_factor_0.9.py,u_mand_factor,25,u_mand_factor,0.9,2,8,5,0.9,0.5,0.7,0.6,1.8,0.1,122.359995,80,23,165.599997,174.799993,77.159998,1,1,1025,0,ilp_v2,infeasible,0,,,,0.015,,
u_mand_factor\set25\u_mand_factor_0.9.py,u_mand_factor,25,u_mand_factor,0.9,2,8,5,0.9,0.5,0.7,0.6,1.8,0.1,122.359995,80,23,165.599997,174.799993,77.159998,1,1,1025,0,heuristic_v5b,infeasible,0,,,,0.0,,
u_mand_factor\set25\u_mand_factor_0.9.py,u_mand_factor,25,u_mand_factor,0.9,2,8,5,0.9,0.5,0.7,0.6,1.8,0.1,122.359995,80,23,165.599997,174.799993,77.159998,1,1,1025,0,heuristic_v7,infeasible,0,,,,0.0,,
u_mand_factor\set26\u_mand_factor_0.1.py,u_mand_factor,26,u_mand_factor,0.1,2,8,5,0.1,0.5,0.7,0.6,0.2,0.9,70.840001,80,27,18.399999,101.200001,8.799999,1,0,1026,0,ilp_v2,optimal,1,287.570742,53.858922,5.339333,0.0133,0.0,
u_mand_factor\set26\u_mand_factor_0.1.py,u_mand_factor,26,u_mand_factor,0.1,2,8,5,0.1,0.5,0.7,0.6,0.2,0.9,70.840001,80,27,18.399999,101.200001,8.799999,1,0,1026,0,heuristic_v5b,solved,1,287.570742,70.533018,4.077108,0.0081,,
u_mand_factor\set26\u_mand_factor_0.1.py,u_mand_factor,26,u_mand_factor,0.1,2,8,5,0.1,0.5,0.7,0.6,0.2,0.9,70.840001,80,27,18.399999,101.200001,8.799999,1,0,1026,0,heuristic_v7,solved,1,287.570742,70.533018,4.077108,0.4765,,
u_mand_factor\set26\u_mand_factor_0.2.py,u_mand_factor,26,u_mand_factor,0.2,2,8,5,0.2,0.5,0.7,0.6,0.4,0.8,77.279997,80,27,36.800002,110.399995,17.600001,1,0,1026,0,ilp_v2,optimal,1,247.7248,77.175976,3.209869,0.0154,0.0,
u_mand_factor\set26\u_mand_factor_0.2.py,u_mand_factor,26,u_mand_factor,0.2,2,8,5,0.2,0.5,0.7,0.6,0.4,0.8,77.279997,80,27,36.800002,110.399995,17.600001,1,0,1026,0,heuristic_v5b,solved,1,247.7248,76.596671,3.234146,0.0076,,
u_mand_factor\set26\u_mand_factor_0.2.py,u_mand_factor,26,u_mand_factor,0.2,2,8,5,0.2,0.5,0.7,0.6,0.4,0.8,77.279997,80,27,36.800002,110.399995,17.600001,1,0,1026,0,heuristic_v7,solved,1,247.7248,76.596671,3.234146,0.1151,,
u_mand_factor\set26\u_mand_factor_0.3.py,u_mand_factor,26,u_mand_factor,0.3,2,8,5,0.3,0.5,0.7,0.6,0.6,0.7,83.719987,80,27,55.199992,119.599982,26.399996,1,1,1026,0,ilp_v2,optimal,1,235.897763,81.296809,2.901685,0.0147,0.0,
u_mand_factor\set26\u_mand_factor_0.3.py,u_mand_factor,26,u_mand_factor,0.3,2,8,5,0.3,0.5,0.7,0.6,0.6,0.7,83.719987,80,27,55.199992,119.599982,26.399996,1,1,1026,0,heuristic_v5b,solved,1,235.897763,83.430657,2.827471,0.0079,,
u_mand_factor\set26\u_mand_factor_0.3.py,u_mand_factor,26,u_mand_factor,0.3,2,8,5,0.3,0.5,0.7,0.6,0.6,0.7,83.719987,80,27,55.199992,119.599982,26.399996,1,1,1026,0,heuristic_v7,solved,1,235.897763,83.430657,2.827471,0.0736,,
u_mand_factor\set26\u_mand_factor_0.4.py,u_mand_factor,26,u_mand_factor,0.4,2,8,5,0.4,0.5,0.7,0.6,0.8,0.6,90.160006,80,27,73.600001,128.800008,35.200001,1,1,1026,0,ilp_v2,optimal,1,205.634601,89.547506,2.296374,0.0169,0.0,
u_mand_factor\set26\u_mand_factor_0.4.py,u_mand_factor,26,u_mand_factor,0.4,2,8,5,0.4,0.5,0.7,0.6,0.8,0.6,90.160006,80,27,73.600001,128.800008,35.200001,1,1,1026,0,heuristic_v5b,solved,1,202.708088,90.136287,2.248907,0.0098,,
u_mand_factor\set26\u_mand_factor_0.4.py,u_mand_factor,26,u_mand_factor,0.4,2,8,5,0.4,0.5,0.7,0.6,0.8,0.6,90.160006,80,27,73.600001,128.800008,35.200001,1,1,1026,0,heuristic_v7,solved,1,205.634601,88.054099,2.335321,0.0892,,
u_mand_factor\set26\u_mand_factor_0.5.py,u_mand_factor,26,u_mand_factor,0.5,2,8,5,0.5,0.5,0.7,0.6,1.0,0.5,96.599998,80,27,92.000007,137.999998,44.000003,1,1,1026,0,ilp_v2,optimal,1,163.111978,96.585855,1.688777,0.889,0.0,
u_mand_factor\set26\u_mand_factor_0.5.py,u_mand_factor,26,u_mand_factor,0.5,2,8,5,0.5,0.5,0.7,0.6,1.0,0.5,96.599998,80,27,92.000007,137.999998,44.000003,1,1,1026,0,heuristic_v5b,solved,1,151.778217,95.496894,1.589352,0.0355,,
u_mand_factor\set26\u_mand_factor_0.5.py,u_mand_factor,26,u_mand_factor,0.5,2,8,5,0.5,0.5,0.7,0.6,1.0,0.5,96.599998,80,27,92.000007,137.999998,44.000003,1,1,1026,0,heuristic_v7,solved,1,159.455549,96.342038,1.655098,0.2325,,
u_mand_factor\set26\u_mand_factor_0.6.py,u_mand_factor,26,u_mand_factor,0.6,2,8,5,0.6,0.5,0.7,0.6,1.2,0.4,103.040002,80,27,110.400005,147.200003,52.800002,1,1,1026,0,ilp_v2,optimal,1,114.892012,102.97568,1.11572,0.1738,2.2e-05,
u_mand_factor\set26\u_mand_factor_0.6.py,u_mand_factor,26,u_mand_factor,0.6,2,8,5,0.6,0.5,0.7,0.6,1.2,0.4,103.040002,80,27,110.400005,147.200003,52.800002,1,1,1026,0,heuristic_v5b,solved,1,104.951877,103.015311,1.018799,0.0494,,
u_mand_factor\set26\u_mand_factor_0.6.py,u_mand_factor,26,u_mand_factor,0.6,2,8,5,0.6,0.5,0.7,0.6,1.2,0.4,103.040002,80,27,110.400005,147.200003,52.800002,1,1,1026,0,heuristic_v7,solved,1,109.401744,102.943903,1.062732,0.349,,
u_mand_factor\set26\u_mand_factor_0.7.py,u_mand_factor,26,u_mand_factor,0.7,2,8,5,0.7,0.5,0.7,0.6,1.4,0.3,109.480004,80,27,128.800003,156.400006,61.600002,1,1,1026,0,ilp_v2,time_limit,1,57.866811,109.473162,0.528594,30.0354,0.004027,
u_mand_factor\set26\u_mand_factor_0.7.py,u_mand_factor,26,u_mand_factor,0.7,2,8,5,0.7,0.5,0.7,0.6,1.4,0.3,109.480004,80,27,128.800003,156.400006,61.600002,1,1,1026,0,heuristic_v5b,solved,1,50.251751,109.479741,0.459005,0.0264,,
u_mand_factor\set26\u_mand_factor_0.7.py,u_mand_factor,26,u_mand_factor,0.7,2,8,5,0.7,0.5,0.7,0.6,1.4,0.3,109.480004,80,27,128.800003,156.400006,61.600002,1,1,1026,0,heuristic_v7,solved,1,54.129238,109.436407,0.494618,0.4418,,
u_mand_factor\set26\u_mand_factor_0.8.py,u_mand_factor,26,u_mand_factor,0.8,2,8,5,0.8,0.5,0.7,0.6,1.6,0.2,115.920005,80,27,147.2,165.600007,70.4,1,1,1026,0,ilp_v2,infeasible,0,,,,0.015,,
u_mand_factor\set26\u_mand_factor_0.8.py,u_mand_factor,26,u_mand_factor,0.8,2,8,5,0.8,0.5,0.7,0.6,1.6,0.2,115.920005,80,27,147.2,165.600007,70.4,1,1,1026,0,heuristic_v5b,infeasible,0,,118.476572,,0.0273,,over budget: E=118.4766 > B=115.9200
u_mand_factor\set26\u_mand_factor_0.8.py,u_mand_factor,26,u_mand_factor,0.8,2,8,5,0.8,0.5,0.7,0.6,1.6,0.2,115.920005,80,27,147.2,165.600007,70.4,1,1,1026,0,heuristic_v7,infeasible,0,,118.953741,,0.2581,,over budget: E=118.9537 > B=115.9200
u_mand_factor\set26\u_mand_factor_0.9.py,u_mand_factor,26,u_mand_factor,0.9,2,8,5,0.9,0.5,0.7,0.6,1.8,0.1,122.360003,80,27,165.6,174.800005,79.2,1,1,1026,0,ilp_v2,infeasible,0,,,,0.0111,,
u_mand_factor\set26\u_mand_factor_0.9.py,u_mand_factor,26,u_mand_factor,0.9,2,8,5,0.9,0.5,0.7,0.6,1.8,0.1,122.360003,80,27,165.6,174.800005,79.2,1,1,1026,0,heuristic_v5b,infeasible,0,,151.731041,,0.0309,,over budget: E=151.7310 > B=122.3600
u_mand_factor\set26\u_mand_factor_0.9.py,u_mand_factor,26,u_mand_factor,0.9,2,8,5,0.9,0.5,0.7,0.6,1.8,0.1,122.360003,80,27,165.6,174.800005,79.2,1,1,1026,0,heuristic_v7,infeasible,0,,151.731041,,0.1883,,over budget: E=151.7310 > B=122.3600
u_mand_factor\set27\u_mand_factor_0.1.py,u_mand_factor,27,u_mand_factor,0.1,2,8,5,0.1,0.5,0.7,0.6,0.2,0.9,70.840001,80,40,18.400001,101.200001,8.817143,1,0,1027,0,ilp_v2,optimal,1,248.906324,65.316383,3.810779,0.0289,0.0,
u_mand_factor\set27\u_mand_factor_0.1.py,u_mand_factor,27,u_mand_factor,0.1,2,8,5,0.1,0.5,0.7,0.6,0.2,0.9,70.840001,80,40,18.400001,101.200001,8.817143,1,0,1027,0,heuristic_v5b,solved,1,248.906324,70.592537,3.525958,0.0163,,
u_mand_factor\set27\u_mand_factor_0.1.py,u_mand_factor,27,u_mand_factor,0.1,2,8,5,0.1,0.5,0.7,0.6,0.2,0.9,70.840001,80,40,18.400001,101.200001,8.817143,1,0,1027,0,heuristic_v7,solved,1,248.906324,70.592537,3.525958,0.2283,,
u_mand_factor\set27\u_mand_factor_0.2.py,u_mand_factor,27,u_mand_factor,0.2,2,8,5,0.2,0.5,0.7,0.6,0.4,0.8,77.279995,80,40,36.800003,110.399993,17.634287,1,0,1027,0,ilp_v2,optimal,1,196.609013,71.120824,2.764437,0.0266,0.0,
u_mand_factor\set27\u_mand_factor_0.2.py,u_mand_factor,27,u_mand_factor,0.2,2,8,5,0.2,0.5,0.7,0.6,0.4,0.8,77.279995,80,40,36.800003,110.399993,17.634287,1,0,1027,0,heuristic_v5b,solved,1,196.609013,77.123778,2.549266,0.0138,,
u_mand_factor\set27\u_mand_factor_0.2.py,u_mand_factor,27,u_mand_factor,0.2,2,8,5,0.2,0.5,0.7,0.6,0.4,0.8,77.279995,80,40,36.800003,110.399993,17.634287,1,0,1027,0,heuristic_v7,solved,1,196.609013,77.123778,2.549266,0.3982,,
u_mand_factor\set27\u_mand_factor_0.3.py,u_mand_factor,27,u_mand_factor,0.3,2,8,5,0.3,0.5,0.7,0.6,0.6,0.7,83.720007,80,40,55.199999,119.60001,26.451428,1,1,1027,0,ilp_v2,optimal,1,176.508365,74.358603,2.373745,0.0286,0.0,
u_mand_factor\set27\u_mand_factor_0.3.py,u_mand_factor,27,u_mand_factor,0.3,2,8,5,0.3,0.5,0.7,0.6,0.6,0.7,83.720007,80,40,55.199999,119.60001,26.451428,1,1,1027,0,heuristic_v5b,solved,1,176.508365,81.851299,2.156452,0.0143,,
u_mand_factor\set27\u_mand_factor_0.3.py,u_mand_factor,27,u_mand_factor,0.3,2,8,5,0.3,0.5,0.7,0.6,0.6,0.7,83.720007,80,40,55.199999,119.60001,26.451428,1,1,1027,0,heuristic_v7,solved,1,176.508365,81.851299,2.156452,0.2742,,
u_mand_factor\set27\u_mand_factor_0.4.py,u_mand_factor,27,u_mand_factor,0.4,2,8,5,0.4,0.5,0.7,0.6,0.8,0.6,90.16001,80,40,73.599993,128.800014,35.268568,1,1,1027,0,ilp_v2,optimal,1,152.910505,89.53385,1.707851,0.0286,0.0,
u_mand_factor\set27\u_mand_factor_0.4.py,u_mand_factor,27,u_mand_factor,0.4,2,8,5,0.4,0.5,0.7,0.6,0.8,0.6,90.16001,80,40,73.599993,128.800014,35.268568,1,1,1027,0,heuristic_v5b,solved,1,149.03643,88.394279,1.686042,0.0279,,
u_mand_factor\set27\u_mand_factor_0.4.py,u_mand_factor,27,u_mand_factor,0.4,2,8,5,0.4,0.5,0.7,0.6,0.8,0.6,90.16001,80,40,73.599993,128.800014,35.268568,1,1,1027,0,heuristic_v7,solved,1,151.416396,89.707818,1.687884,0.382,,
u_mand_factor\set27\u_mand_factor_0.5.py,u_mand_factor,27,u_mand_factor,0.5,2,8,5,0.5,0.5,0.7,0.6,1.0,0.5,96.600006,80,40,92.000005,138.000008,44.085716,1,1,1027,0,ilp_v2,optimal,1,128.39607,96.597502,1.329186,0.3168,8e-05,
u_mand_factor\set27\u_mand_factor_0.5.py,u_mand_factor,27,u_mand_factor,0.5,2,8,5,0.5,0.5,0.7,0.6,1.0,0.5,96.600006,80,40,92.000005,138.000008,44.085716,1,1,1027,0,heuristic_v5b,solved,1,124.836501,95.729196,1.304059,0.052,,
u_mand_factor\set27\u_mand_factor_0.5.py,u_mand_factor,27,u_mand_factor,0.5,2,8,5,0.5,0.5,0.7,0.6,1.0,0.5,96.600006,80,40,92.000005,138.000008,44.085716,1,1,1027,0,heuristic_v7,solved,1,124.836501,95.729196,1.304059,0.5107,,
u_mand_factor\set27\u_mand_factor_0.6.py,u_mand_factor,27,u_mand_factor,0.6,2,8,5,0.6,0.5,0.7,0.6,1.2,0.4,103.03999,80,40,110.400006,147.199985,52.90286,1,1,1027,0,ilp_v2,time_limit,1,98.475743,103.03764,0.955726,30.0258,0.000216,
u_mand_factor\set27\u_mand_factor_0.6.py,u_mand_factor,27,u_mand_factor,0.6,2,8,5,0.6,0.5,0.7,0.6,1.2,0.4,103.03999,80,40,110.400006,147.199985,52.90286,1,1,1027,0,heuristic_v5b,solved,1,89.328582,102.985804,0.867387,0.0388,,
u_mand_factor\set27\u_mand_factor_0.6.py,u_mand_factor,27,u_mand_factor,0.6,2,8,5,0.6,0.5,0.7,0.6,1.2,0.4,103.03999,80,40,110.400006,147.199985,52.90286,1,1,1027,0,heuristic_v7,solved,1,95.177376,103.021722,0.923857,0.8518,,
u_mand_factor\set27\u_mand_factor_0.7.py,u_mand_factor,27,u_mand_factor,0.7,2,8,5,0.7,0.5,0.7,0.6,1.4,0.3,109.48,80,40,128.799999,156.4,61.719999,1,1,1027,0,ilp_v2,optimal,1,56.550028,109.465278,0.516602,6.8994,8.2e-05,
u_mand_factor\set27\u_mand_factor_0.7.py,u_mand_factor,27,u_mand_factor,0.7,2,8,5,0.7,0.5,0.7,0.6,1.4,0.3,109.48,80,40,128.799999,156.4,61.719999,1,1,1027,0,heuristic_v5b,solved,1,50.715595,109.479323,0.463244,0.0779,,
u_mand_factor\set27\u_mand_factor_0.7.py,u_mand_factor,27,u_mand_factor,0.7,2,8,5,0.7,0.5,0.7,0.6,1.4,0.3,109.48,80,40,128.799999,156.4,61.719999,1,1,1027,0,heuristic_v7,solved,1,53.914179,109.448402,0.492599,0.4758,,
u_mand_factor\set27\u_mand_factor_0.8.py,u_mand_factor,27,u_mand_factor,0.8,2,8,5,0.8,0.5,0.7,0.6,1.6,0.2,115.920006,80,40,147.200005,165.600009,70.537145,1,1,1027,0,ilp_v2,optimal,1,1.512679,115.919101,0.013049,1.0756,0.0,
u_mand_factor\set27\u_mand_factor_0.8.py,u_mand_factor,27,u_mand_factor,0.8,2,8,5,0.8,0.5,0.7,0.6,1.6,0.2,115.920006,80,40,147.200005,165.600009,70.537145,1,1,1027,0,heuristic_v5b,infeasible,0,,118.457831,,0.0839,,over budget: E=118.4578 > B=115.9200
u_mand_factor\set27\u_mand_factor_0.8.py,u_mand_factor,27,u_mand_factor,0.8,2,8,5,0.8,0.5,0.7,0.6,1.6,0.2,115.920006,80,40,147.200005,165.600009,70.537145,1,1,1027,0,heuristic_v7,solved,1,3.885681,115.918074,0.033521,0.8893,,
u_mand_factor\set27\u_mand_factor_0.9.py,u_mand_factor,27,u_mand_factor,0.9,2,8,5,0.9,0.5,0.7,0.6,1.8,0.1,122.359991,80,40,165.599993,174.799987,79.354282,1,1,1027,0,ilp_v2,infeasible,0,,,,0.0214,,
u_mand_factor\set27\u_mand_factor_0.9.py,u_mand_factor,27,u_mand_factor,0.9,2,8,5,0.9,0.5,0.7,0.6,1.8,0.1,122.359991,80,40,165.599993,174.799987,79.354282,1,1,1027,0,heuristic_v5b,infeasible,0,,149.690337,,0.0847,,over budget: E=149.6903 > B=122.3600
u_mand_factor\set27\u_mand_factor_0.9.py,u_mand_factor,27,u_mand_factor,0.9,2,8,5,0.9,0.5,0.7,0.6,1.8,0.1,122.359991,80,40,165.599993,174.799987,79.354282,1,1,1027,0,heuristic_v7,infeasible,0,,149.291435,,0.3834,,over budget: E=149.2914 > B=122.3600
u_mand_factor\set28\u_mand_factor_0.1.py,u_mand_factor,28,u_mand_factor,0.1,2,8,5,0.1,0.5,0.7,0.6,0.2,0.9,70.839998,80,23,18.399998,101.199997,8.799999,1,0,1028,0,ilp_v2,optimal,1,219.274477,62.215069,3.524459,0.0123,0.0,
u_mand_factor\set28\u_mand_factor_0.1.py,u_mand_factor,28,u_mand_factor,0.1,2,8,5,0.1,0.5,0.7,0.6,0.2,0.9,70.839998,80,23,18.399998,101.199997,8.799999,1,0,1028,0,heuristic_v5b,solved,1,219.274477,70.045335,3.130465,0.0038,,
u_mand_factor\set28\u_mand_factor_0.1.py,u_mand_factor,28,u_mand_factor,0.1,2,8,5,0.1,0.5,0.7,0.6,0.2,0.9,70.839998,80,23,18.399998,101.199997,8.799999,1,0,1028,0,heuristic_v7,solved,1,219.274477,70.045335,3.130465,0.1015,,
u_mand_factor\set28\u_mand_factor_0.2.py,u_mand_factor,28,u_mand_factor,0.2,2,8,5,0.2,0.5,0.7,0.6,0.4,0.8,77.279998,80,23,36.8,110.399998,17.6,1,0,1028,0,ilp_v2,optimal,1,149.988578,77.184873,1.943238,0.0335,0.0,
u_mand_factor\set28\u_mand_factor_0.2.py,u_mand_factor,28,u_mand_factor,0.2,2,8,5,0.2,0.5,0.7,0.6,0.4,0.8,77.279998,80,23,36.8,110.399998,17.6,1,0,1028,0,heuristic_v5b,solved,1,147.923991,77.271982,1.914329,0.0051,,
u_mand_factor\set28\u_mand_factor_0.2.py,u_mand_factor,28,u_mand_factor,0.2,2,8,5,0.2,0.5,0.7,0.6,0.4,0.8,77.279998,80,23,36.8,110.399998,17.6,1,0,1028,0,heuristic_v7,solved,1,150.730508,75.950265,1.984595,0.0894,,
u_mand_factor\set28\u_mand_factor_0.3.py,u_mand_factor,28,u_mand_factor,0.3,2,8,5,0.3,0.5,0.7,0.6,0.6,0.7,83.719998,80,23,55.199995,119.599998,26.399998,1,1,1028,0,ilp_v2,optimal,1,117.817245,83.477135,1.411371,0.0288,0.0,
u_mand_factor\set28\u_mand_factor_0.3.py,u_mand_factor,28,u_mand_factor,0.3,2,8,5,0.3,0.5,0.7,0.6,0.6,0.7,83.719998,80,23,55.199995,119.599998,26.399998,1,1,1028,0,heuristic_v5b,solved,1,121.250833,82.947067,1.461786,0.0055,,
u_mand_factor\set28\u_mand_factor_0.3.py,u_mand_factor,28,u_mand_factor,0.3,2,8,5,0.3,0.5,0.7,0.6,0.6,0.7,83.719998,80,23,55.199995,119.599998,26.399998,1,1,1028,0,heuristic_v7,solved,1,121.250833,82.947067,1.461786,0.163,,
u_mand_factor\set28\u_mand_factor_0.4.py,u_mand_factor,28,u_mand_factor,0.4,2,8,5,0.4,0.5,0.7,0.6,0.8,0.6,90.160004,80,23,73.600001,128.800006,35.200001,1,1,1028,0,ilp_v2,optimal,1,96.282946,89.956935,1.070323,0.0183,0.0,
u_mand_factor\set28\u_mand_factor_0.4.py,u_mand_factor,28,u_mand_factor,0.4,2,8,5,0.4,0.5,0.7,0.6,0.8,0.6,90.160004,80,23,73.600001,128.800006,35.200001,1,1,1028,0,heuristic_v5b,solved,1,100.897222,89.760336,1.124074,0.0061,,
u_mand_factor\set28\u_mand_factor_0.4.py,u_mand_factor,28,u_mand_factor,0.4,2,8,5,0.4,0.5,0.7,0.6,0.8,0.6,90.160004,80,23,73.600001,128.800006,35.200001,1,1,1028,0,heuristic_v7,solved,1,103.251284,89.754182,1.150379,0.0932,,
u_mand_factor\set28\u_mand_factor_0.5.py,u_mand_factor,28,u_mand_factor,0.5,2,8,5,0.5,0.5,0.7,0.6,1.0,0.5,96.599995,80,23,91.999995,137.999993,43.999998,1,1,1028,0,ilp_v2,optimal,1,80.305377,96.52484,0.831966,0.0773,0.0,
u_mand_factor\set28\u_mand_factor_0.5.py,u_mand_factor,28,u_mand_factor,0.5,2,8,5,0.5,0.5,0.7,0.6,1.0,0.5,96.599995,80,23,91.999995,137.999993,43.999998,1,1,1028,0,heuristic_v5b,solved,1,78.187547,96.331145,0.811654,0.0058,,
u_mand_factor\set28\u_mand_factor_0.5.py,u_mand_factor,28,u_mand_factor,0.5,2,8,5,0.5,0.5,0.7,0.6,1.0,0.5,96.599995,80,23,91.999995,137.999993,43.999998,1,1,1028,0,heuristic_v7,solved,1,91.093022,96.52702,0.943705,0.0968,,
u_mand_factor\set28\u_mand_factor_0.6.py,u_mand_factor,28,u_mand_factor,0.6,2,8,5,0.6,0.5,0.7,0.6,1.2,0.4,103.040001,80,23,110.4,147.200001,52.8,1,1,1028,0,ilp_v2,optimal,1,64.799873,103.027159,0.628959,0.1031,0.0,
u_mand_factor\set28\u_mand_factor_0.6.py,u_mand_factor,28,u_mand_factor,0.6,2,8,5,0.6,0.5,0.7,0.6,1.2,0.4,103.040001,80,23,110.4,147.200001,52.8,1,1,1028,0,heuristic_v5b,solved,1,49.17712,102.957197,0.477646,0.006,,
u_mand_factor\set28\u_mand_factor_0.6.py,u_mand_factor,28,u_mand_factor,0.6,2,8,5,0.6,0.5,0.7,0.6,1.2,0.4,103.040001,80,23,110.4,147.200001,52.8,1,1,1028,0,heuristic_v7,solved,1,71.468192,102.448177,0.697603,0.0755,,
u_mand_factor\set28\u_mand_factor_0.7.py,u_mand_factor,28,u_mand_factor,0.7,2,8,5,0.7,0.5,0.7,0.6,1.4,0.3,109.48,80,23,128.8,156.4,61.6,1,1,1028,0,ilp_v2,optimal,1,39.068792,109.466537,0.356902,0.161,0.0,
u_mand_factor\set28\u_mand_factor_0.7.py,u_mand_factor,28,u_mand_factor,0.7,2,8,5,0.7,0.5,0.7,0.6,1.4,0.3,109.48,80,23,128.8,156.4,61.6,1,1,1028,0,heuristic_v5b,solved,1,40.211767,109.202712,0.36823,0.0084,,
u_mand_factor\set28\u_mand_factor_0.7.py,u_mand_factor,28,u_mand_factor,0.7,2,8,5,0.7,0.5,0.7,0.6,1.4,0.3,109.48,80,23,128.8,156.4,61.6,1,1,1028,0,heuristic_v7,solved,1,57.593207,109.14502,0.527676,0.1403,,
u_mand_factor\set28\u_mand_factor_0.8.py,u_mand_factor,28,u_mand_factor,0.8,2,8,5,0.8,0.5,0.7,0.6,1.6,0.2,115.920009,80,23,147.2,165.600013,70.4,1,1,1028,0,ilp_v2,optimal,1,0.288879,115.918602,0.002492,0.1595,0.0,
u_mand_factor\set28\u_mand_factor_0.8.py,u_mand_factor,28,u_mand_factor,0.8,2,8,5,0.8,0.5,0.7,0.6,1.6,0.2,115.920009,80,23,147.2,165.600013,70.4,1,1,1028,0,heuristic_v5b,infeasible,0,,116.271675,,0.0155,,over budget: E=116.2717 > B=115.9200
u_mand_factor\set28\u_mand_factor_0.8.py,u_mand_factor,28,u_mand_factor,0.8,2,8,5,0.8,0.5,0.7,0.6,1.6,0.2,115.920009,80,23,147.2,165.600013,70.4,1,1,1028,0,heuristic_v7,infeasible,0,,116.271675,,0.1258,,over budget: E=116.2717 > B=115.9200
u_mand_factor\set28\u_mand_factor_0.9.py,u_mand_factor,28,u_mand_factor,0.9,2,8,5,0.9,0.5,0.7,0.6,1.8,0.1,122.36,80,23,165.600002,174.8,79.200001,1,1,1028,0,ilp_v2,infeasible,0,,,,0.0189,,
u_mand_factor\set28\u_mand_factor_0.9.py,u_mand_factor,28,u_mand_factor,0.9,2,8,5,0.9,0.5,0.7,0.6,1.8,0.1,122.36,80,23,165.600002,174.8,79.200001,1,1,1028,0,heuristic_v5b,infeasible,0,,,,0.0,,
u_mand_factor\set28\u_mand_factor_0.9.py,u_mand_factor,28,u_mand_factor,0.9,2,8,5,0.9,0.5,0.7,0.6,1.8,0.1,122.36,80,23,165.600002,174.8,79.200001,1,1,1028,0,heuristic_v7,infeasible,0,,,,0.0,,
u_mand_factor\set29\u_mand_factor_0.1.py,u_mand_factor,29,u_mand_factor,0.1,2,8,5,0.1,0.5,0.7,0.6,0.2,0.9,70.84,80,21,18.399998,101.2,8.799999,1,0,1029,0,ilp_v2,optimal,1,210.693643,69.520796,3.030656,0.0073,0.0,
u_mand_factor\set29\u_mand_factor_0.1.py,u_mand_factor,29,u_mand_factor,0.1,2,8,5,0.1,0.5,0.7,0.6,0.2,0.9,70.84,80,21,18.399998,101.2,8.799999,1,0,1029,0,heuristic_v5b,solved,1,210.693643,69.151773,3.046829,0.0036,,
u_mand_factor\set29\u_mand_factor_0.1.py,u_mand_factor,29,u_mand_factor,0.1,2,8,5,0.1,0.5,0.7,0.6,0.2,0.9,70.84,80,21,18.399998,101.2,8.799999,1,0,1029,0,heuristic_v7,solved,1,210.693643,69.151773,3.046829,0.0319,,
u_mand_factor\set29\u_mand_factor_0.2.py,u_mand_factor,29,u_mand_factor,0.2,2,8,5,0.2,0.5,0.7,0.6,0.4,0.8,77.279994,80,21,36.799997,110.399991,17.599998,1,0,1029,0,ilp_v2,optimal,1,202.447038,75.267962,2.689684,0.0091,0.0,
u_mand_factor\set29\u_mand_factor_0.2.py,u_mand_factor,29,u_mand_factor,0.2,2,8,5,0.2,0.5,0.7,0.6,0.4,0.8,77.279994,80,21,36.799997,110.399991,17.599998,1,0,1029,0,heuristic_v5b,solved,1,202.447038,75.250014,2.690326,0.0038,,
u_mand_factor\set29\u_mand_factor_0.2.py,u_mand_factor,29,u_mand_factor,0.2,2,8,5,0.2,0.5,0.7,0.6,0.4,0.8,77.279994,80,21,36.799997,110.399991,17.599998,1,0,1029,0,heuristic_v7,solved,1,202.447038,75.250014,2.690326,0.0361,,
u_mand_factor\set29\u_mand_factor_0.3.py,u_mand_factor,29,u_mand_factor,0.3,2,8,5,0.3,0.5,0.7,0.6,0.6,0.7,83.720008,80,21,55.200005,119.600011,26.400002,1,1,1029,0,ilp_v2,optimal,1,165.95813,80.800906,2.053914,0.0087,0.0,
u_mand_factor\set29\u_mand_factor_0.3.py,u_mand_factor,29,u_mand_factor,0.3,2,8,5,0.3,0.5,0.7,0.6,0.6,0.7,83.720008,80,21,55.200005,119.600011,26.400002,1,1,1029,0,heuristic_v5b,solved,1,165.95813,83.115075,1.996727,0.0038,,
u_mand_factor\set29\u_mand_factor_0.3.py,u_mand_factor,29,u_mand_factor,0.3,2,8,5,0.3,0.5,0.7,0.6,0.6,0.7,83.720008,80,21,55.200005,119.600011,26.400002,1,1,1029,0,heuristic_v7,solved,1,165.95813,83.115075,1.996727,0.046,,
u_mand_factor\set29\u_mand_factor_0.4.py,u_mand_factor,29,u_mand_factor,0.4,2,8,5,0.4,0.5,0.7,0.6,0.8,0.6,90.16,80,21,73.600001,128.8,35.200001,1,1,1029,0,ilp_v2,optimal,1,130.753254,90.151748,1.450368,0.0197,0.0,
u_mand_factor\set29\u_mand_factor_0.4.py,u_mand_factor,29,u_mand_factor,0.4,2,8,5,0.4,0.5,0.7,0.6,0.8,0.6,90.16,80,21,73.600001,128.8,35.200001,1,1,1029,0,heuristic_v5b,solved,1,130.753254,87.566303,1.493191,0.0039,,
u_mand_factor\set29\u_mand_factor_0.4.py,u_mand_factor,29,u_mand_factor,0.4,2,8,5,0.4,0.5,0.7,0.6,0.8,0.6,90.16,80,21,73.600001,128.8,35.200001,1,1,1029,0,heuristic_v7,solved,1,130.753254,87.566303,1.493191,0.0333,,
u_mand_factor\set29\u_mand_factor_0.5.py,u_mand_factor,29,u_mand_factor,0.5,2,8,5,0.5,0.5,0.7,0.6,1.0,0.5,96.600003,80,21,91.999999,138.000005,43.999999,1,1,1029,0,ilp_v2,optimal,1,102.655544,94.692541,1.084093,0.0114,0.0,
u_mand_factor\set29\u_mand_factor_0.5.py,u_mand_factor,29,u_mand_factor,0.5,2,8,5,0.5,0.5,0.7,0.6,1.0,0.5,96.600003,80,21,91.999999,138.000005,43.999999,1,1,1029,0,heuristic_v5b,solved,1,108.730962,95.86094,1.134257,0.004,,
u_mand_factor\set29\u_mand_factor_0.5.py,u_mand_factor,29,u_mand_factor,0.5,2,8,5,0.5,0.5,0.7,0.6,1.0,0.5,96.600003,80,21,91.999999,138.000005,43.999999,1,1,1029,0,heuristic_v7,solved,1,108.730962,95.86094,1.134257,0.0291,,
u_mand_factor\set29\u_mand_factor_0.6.py,u_mand_factor,29,u_mand_factor,0.6,2,8,5,0.6,0.5,0.7,0.6,1.2,0.4,103.039998,80,21,110.399998,147.199997,52.799999,1,1,1029,0,ilp_v2,optimal,1,76.867486,102.968836,0.746512,0.0116,0.0,
u_mand_factor\set29\u_mand_factor_0.6.py,u_mand_factor,29,u_mand_factor,0.6,2,8,5,0.6,0.5,0.7,0.6,1.2,0.4,103.039998,80,21,110.399998,147.199997,52.799999,1,1,1029,0,heuristic_v5b,solved,1,82.124429,101.047427,0.812732,0.0041,,
u_mand_factor\set29\u_mand_factor_0.6.py,u_mand_factor,29,u_mand_factor,0.6,2,8,5,0.6,0.5,0.7,0.6,1.2,0.4,103.039998,80,21,110.399998,147.199997,52.799999,1,1,1029,0,heuristic_v7,solved,1,82.124429,101.047427,0.812732,0.0507,,
u_mand_factor\set29\u_mand_factor_0.7.py,u_mand_factor,29,u_mand_factor,0.7,2,8,5,0.7,0.5,0.7,0.6,1.4,0.3,109.48,80,21,128.8,156.4,61.6,1,1,1029,0,ilp_v2,optimal,1,38.099207,109.479259,0.348004,0.3297,0.0,
u_mand_factor\set29\u_mand_factor_0.7.py,u_mand_factor,29,u_mand_factor,0.7,2,8,5,0.7,0.5,0.7,0.6,1.4,0.3,109.48,80,21,128.8,156.4,61.6,1,1,1029,0,heuristic_v5b,solved,1,50.730956,108.159881,0.469037,0.0047,,
u_mand_factor\set29\u_mand_factor_0.7.py,u_mand_factor,29,u_mand_factor,0.7,2,8,5,0.7,0.5,0.7,0.6,1.4,0.3,109.48,80,21,128.8,156.4,61.6,1,1,1029,0,heuristic_v7,solved,1,50.730956,108.159881,0.469037,0.0658,,
u_mand_factor\set29\u_mand_factor_0.8.py,u_mand_factor,29,u_mand_factor,0.8,2,8,5,0.8,0.5,0.7,0.6,1.6,0.2,115.919999,80,21,147.199998,165.599999,70.399999,1,1,1029,0,ilp_v2,infeasible,0,,,,0.0061,,
u_mand_factor\set29\u_mand_factor_0.8.py,u_mand_factor,29,u_mand_factor,0.8,2,8,5,0.8,0.5,0.7,0.6,1.6,0.2,115.919999,80,21,147.199998,165.599999,70.399999,1,1,1029,0,heuristic_v5b,solved,1,11.123645,115.917978,0.095961,0.0047,,
u_mand_factor\set29\u_mand_factor_0.8.py,u_mand_factor,29,u_mand_factor,0.8,2,8,5,0.8,0.5,0.7,0.6,1.6,0.2,115.919999,80,21,147.199998,165.599999,70.399999,1,1,1029,0,heuristic_v7,solved,1,11.123645,115.917978,0.095961,0.0983,,
u_mand_factor\set29\u_mand_factor_0.9.py,u_mand_factor,29,u_mand_factor,0.9,2,8,5,0.9,0.5,0.7,0.6,1.8,0.1,122.360005,80,21,165.6,174.800007,79.2,1,1,1029,0,ilp_v2,infeasible,0,,,,0.0167,,
u_mand_factor\set29\u_mand_factor_0.9.py,u_mand_factor,29,u_mand_factor,0.9,2,8,5,0.9,0.5,0.7,0.6,1.8,0.1,122.360005,80,21,165.6,174.800007,79.2,1,1,1029,0,heuristic_v5b,infeasible,0,,,,0.0,,
u_mand_factor\set29\u_mand_factor_0.9.py,u_mand_factor,29,u_mand_factor,0.9,2,8,5,0.9,0.5,0.7,0.6,1.8,0.1,122.360005,80,21,165.6,174.800007,79.2,1,1,1029,0,heuristic_v7,infeasible,0,,,,0.0,,
u_mand_factor\set30\u_mand_factor_0.1.py,u_mand_factor,30,u_mand_factor,0.1,2,8,5,0.1,0.5,0.7,0.6,0.2,0.9,70.840001,80,26,18.400002,101.200001,8.560001,1,0,1030,0,ilp_v2,optimal,1,197.276683,65.695437,3.002898,0.016,0.0,
u_mand_factor\set30\u_mand_factor_0.1.py,u_mand_factor,30,u_mand_factor,0.1,2,8,5,0.1,0.5,0.7,0.6,0.2,0.9,70.840001,80,26,18.400002,101.200001,8.560001,1,0,1030,0,heuristic_v5b,solved,1,197.276683,66.759123,2.955052,0.01,,
u_mand_factor\set30\u_mand_factor_0.1.py,u_mand_factor,30,u_mand_factor,0.1,2,8,5,0.1,0.5,0.7,0.6,0.2,0.9,70.840001,80,26,18.400002,101.200001,8.560001,1,0,1030,0,heuristic_v7,solved,1,197.276683,66.759123,2.955052,0.0905,,
u_mand_factor\set30\u_mand_factor_0.2.py,u_mand_factor,30,u_mand_factor,0.2,2,8,5,0.2,0.5,0.7,0.6,0.4,0.8,77.28,80,26,36.799999,110.4,17.119999,1,0,1030,0,ilp_v2,optimal,1,182.789173,67.506045,2.707745,0.0221,0.0,
u_mand_factor\set30\u_mand_factor_0.2.py,u_mand_factor,30,u_mand_factor,0.2,2,8,5,0.2,0.5,0.7,0.6,0.4,0.8,77.28,80,26,36.799999,110.4,17.119999,1,0,1030,0,heuristic_v5b,solved,1,182.789173,73.2,2.49712,0.0086,,
u_mand_factor\set30\u_mand_factor_0.2.py,u_mand_factor,30,u_mand_factor,0.2,2,8,5,0.2,0.5,0.7,0.6,0.4,0.8,77.28,80,26,36.799999,110.4,17.119999,1,0,1030,0,heuristic_v7,solved,1,182.789173,73.2,2.49712,0.0784,,
u_mand_factor\set30\u_mand_factor_0.3.py,u_mand_factor,30,u_mand_factor,0.3,2,8,5,0.3,0.5,0.7,0.6,0.6,0.7,83.719999,80,26,55.200003,119.599999,25.680002,1,1,1030,0,ilp_v2,optimal,1,160.916498,79.689457,2.019295,0.0164,0.0,
u_mand_factor\set30\u_mand_factor_0.3.py,u_mand_factor,30,u_mand_factor,0.3,2,8,5,0.3,0.5,0.7,0.6,0.6,0.7,83.719999,80,26,55.200003,119.599999,25.680002,1,1,1030,0,heuristic_v5b,solved,1,150.237726,82.621964,1.818375,0.0077,,
u_mand_factor\set30\u_mand_factor_0.3.py,u_mand_factor,30,u_mand_factor,0.3,2,8,5,0.3,0.5,0.7,0.6,0.6,0.7,83.719999,80,26,55.200003,119.599999,25.680002,1,1,1030,0,heuristic_v7,solved,1,160.916498,79.299999,2.029212,0.1178,,
u_mand_factor\set30\u_mand_factor_0.4.py,u_mand_factor,30,u_mand_factor,0.4,2,8,5,0.4,0.5,0.7,0.6,0.8,0.6,90.160005,80,26,73.600003,128.800007,34.240002,1,1,1030,0,ilp_v2,optimal,1,137.815488,83.366581,1.653126,0.0172,0.0,
u_mand_factor\set30\u_mand_factor_0.4.py,u_mand_factor,30,u_mand_factor,0.4,2,8,5,0.4,0.5,0.7,0.6,0.8,0.6,90.160005,80,26,73.600003,128.800007,34.240002,1,1,1030,0,heuristic_v5b,solved,1,137.815488,85.400005,1.613764,0.0097,,
u_mand_factor\set30\u_mand_factor_0.4.py,u_mand_factor,30,u_mand_factor,0.4,2,8,5,0.4,0.5,0.7,0.6,0.8,0.6,90.160005,80,26,73.600003,128.800007,34.240002,1,1,1030,0,heuristic_v7,solved,1,137.815488,85.400005,1.613764,0.2601,,
u_mand_factor\set30\u_mand_factor_0.5.py,u_mand_factor,30,u_mand_factor,0.5,2,8,5,0.5,0.5,0.7,0.6,1.0,0.5,96.6,80,26,91.999999,138.0,42.799999,1,1,1030,0,ilp_v2,optimal,1,108.008934,96.542345,1.118773,0.0221,0.0,
u_mand_factor\set30\u_mand_factor_0.5.py,u_mand_factor,30,u_mand_factor,0.5,2,8,5,0.5,0.5,0.7,0.6,1.0,0.5,96.6,80,26,91.999999,138.0,42.799999,1,1,1030,0,heuristic_v5b,solved,1,102.209018,96.557775,1.058527,0.0112,,
u_mand_factor\set30\u_mand_factor_0.5.py,u_mand_factor,30,u_mand_factor,0.5,2,8,5,0.5,0.5,0.7,0.6,1.0,0.5,96.6,80,26,91.999999,138.0,42.799999,1,1,1030,0,heuristic_v7,solved,1,108.9153,95.628373,1.138943,0.1271,,
u_mand_factor\set30\u_mand_factor_0.6.py,u_mand_factor,30,u_mand_factor,0.6,2,8,5,0.6,0.5,0.7,0.6,1.2,0.4,103.039997,80,26,110.399994,147.199995,51.359997,1,1,1030,0,ilp_v2,optimal,1,63.47233,103.002188,0.616223,0.1792,0.0,
u_mand_factor\set30\u_mand_factor_0.6.py,u_mand_factor,30,u_mand_factor,0.6,2,8,5,0.6,0.5,0.7,0.6,1.2,0.4,103.039997,80,26,110.399994,147.199995,51.359997,1,1,1030,0,heuristic_v5b,solved,1,65.187352,99.858352,0.652798,0.0113,,
u_mand_factor\set30\u_mand_factor_0.6.py,u_mand_factor,30,u_mand_factor,0.6,2,8,5,0.6,0.5,0.7,0.6,1.2,0.4,103.039997,80,26,110.399994,147.199995,51.359997,1,1,1030,0,heuristic_v7,solved,1,75.327012,102.299151,0.736341,0.1051,,
u_mand_factor\set30\u_mand_factor_0.7.py,u_mand_factor,30,u_mand_factor,0.7,2,8,5,0.7,0.5,0.7,0.6,1.4,0.3,109.479998,80,26,128.799998,156.399997,59.919999,1,1,1030,0,ilp_v2,optimal,1,43.120025,109.469803,0.393899,0.3508,0.0,
u_mand_factor\set30\u_mand_factor_0.7.py,u_mand_factor,30,u_mand_factor,0.7,2,8,5,0.7,0.5,0.7,0.6,1.4,0.3,109.479998,80,26,128.799998,156.399997,59.919999,1,1,1030,0,heuristic_v5b,solved,1,41.974258,108.602207,0.386495,0.016,,
u_mand_factor\set30\u_mand_factor_0.7.py,u_mand_factor,30,u_mand_factor,0.7,2,8,5,0.7,0.5,0.7,0.6,1.4,0.3,109.479998,80,26,128.799998,156.399997,59.919999,1,1,1030,0,heuristic_v7,solved,1,41.974258,108.602207,0.386495,0.1878,,
u_mand_factor\set30\u_mand_factor_0.8.py,u_mand_factor,30,u_mand_factor,0.8,2,8,5,0.8,0.5,0.7,0.6,1.6,0.2,115.920008,80,26,147.2,165.600012,68.48,1,1,1030,0,ilp_v2,infeasible,0,,,,0.0148,,
u_mand_factor\set30\u_mand_factor_0.8.py,u_mand_factor,30,u_mand_factor,0.8,2,8,5,0.8,0.5,0.7,0.6,1.6,0.2,115.920008,80,26,147.2,165.600012,68.48,1,1,1030,0,heuristic_v5b,solved,1,7.210795,115.914705,0.062208,0.0282,,
u_mand_factor\set30\u_mand_factor_0.8.py,u_mand_factor,30,u_mand_factor,0.8,2,8,5,0.8,0.5,0.7,0.6,1.6,0.2,115.920008,80,26,147.2,165.600012,68.48,1,1,1030,0,heuristic_v7,solved,1,8.404305,115.919595,0.072501,0.2772,,
u_mand_factor\set30\u_mand_factor_0.9.py,u_mand_factor,30,u_mand_factor,0.9,2,8,5,0.9,0.5,0.7,0.6,1.8,0.1,122.359999,80,26,165.600001,174.799999,77.040001,1,1,1030,0,ilp_v2,infeasible,0,,,,0.0105,,
u_mand_factor\set30\u_mand_factor_0.9.py,u_mand_factor,30,u_mand_factor,0.9,2,8,5,0.9,0.5,0.7,0.6,1.8,0.1,122.359999,80,26,165.600001,174.799999,77.040001,1,1,1030,0,heuristic_v5b,infeasible,0,,148.15357,,0.0325,,over budget: E=148.1536 > B=122.3600
u_mand_factor\set30\u_mand_factor_0.9.py,u_mand_factor,30,u_mand_factor,0.9,2,8,5,0.9,0.5,0.7,0.6,1.8,0.1,122.359999,80,26,165.600001,174.799999,77.040001,1,1,1030,0,heuristic_v7,infeasible,0,,148.15357,,0.2576,,over budget: E=148.1536 > B=122.3600
u_mand_factor\set31\u_mand_factor_0.1.py,u_mand_factor,31,u_mand_factor,0.1,2,8,5,0.1,0.5,0.7,0.6,0.2,0.9,70.840006,80,29,18.399995,101.200008,9.439998,1,0,1031,0,ilp_v2,optimal,1,236.977624,67.313492,3.520507,0.021,0.0,
u_mand_factor\set31\u_mand_factor_0.1.py,u_mand_factor,31,u_mand_factor,0.1,2,8,5,0.1,0.5,0.7,0.6,0.2,0.9,70.840006,80,29,18.399995,101.200008,9.439998,1,0,1031,0,heuristic_v5b,solved,1,236.977624,69.979934,3.386365,0.0117,,
u_mand_factor\set31\u_mand_factor_0.1.py,u_mand_factor,31,u_mand_factor,0.1,2,8,5,0.1,0.5,0.7,0.6,0.2,0.9,70.840006,80,29,18.399995,101.200008,9.439998,1,0,1031,0,heuristic_v7,solved,1,236.977624,69.979934,3.386365,0.2456,,
u_mand_factor\set31\u_mand_factor_0.2.py,u_mand_factor,31,u_mand_factor,0.2,2,8,5,0.2,0.5,0.7,0.6,0.4,0.8,77.280002,80,29,36.800005,110.400003,18.880002,1,0,1031,0,ilp_v2,optimal,1,220.873629,68.117813,3.242524,0.0165,0.0,
u_mand_factor\set31\u_mand_factor_0.2.py,u_mand_factor,31,u_mand_factor,0.2,2,8,5,0.2,0.5,0.7,0.6,0.4,0.8,77.280002,80,29,36.800005,110.400003,18.880002,1,0,1031,0,heuristic_v5b,solved,1,220.873629,76.084823,2.902992,0.0073,,
u_mand_factor\set31\u_mand_factor_0.2.py,u_mand_factor,31,u_mand_factor,0.2,2,8,5,0.2,0.5,0.7,0.6,0.4,0.8,77.280002,80,29,36.800005,110.400003,18.880002,1,0,1031,0,heuristic_v7,solved,1,220.873629,76.084823,2.902992,0.1319,,
u_mand_factor\set31\u_mand_factor_0.3.py,u_mand_factor,31,u_mand_factor,0.3,2,8,5,0.3,0.5,0.7,0.6,0.6,0.7,83.72001,80,29,55.200002,119.600015,28.320001,1,1,1031,0,ilp_v2,optimal,1,229.64757,82.178294,2.794504,0.0168,0.0,
u_mand_factor\set31\u_mand_factor_0.3.py,u_mand_factor,31,u_mand_factor,0.3,2,8,5,0.3,0.5,0.7,0.6,0.6,0.7,83.72001,80,29,55.200002,119.600015,28.320001,1,1,1031,0,heuristic_v5b,solved,1,228.235482,83.339896,2.73861,0.0101,,
u_mand_factor\set31\u_mand_factor_0.3.py,u_mand_factor,31,u_mand_factor,0.3,2,8,5,0.3,0.5,0.7,0.6,0.6,0.7,83.72001,80,29,55.200002,119.600015,28.320001,1,1,1031,0,heuristic_v7,solved,1,229.64757,83.589619,2.747322,0.156,,
u_mand_factor\set31\u_mand_factor_0.4.py,u_mand_factor,31,u_mand_factor,0.4,2,8,5,0.4,0.5,0.7,0.6,0.8,0.6,90.159999,80,29,73.600002,128.799999,37.760001,1,1,1031,0,ilp_v2,optimal,1,197.712331,88.489543,2.234302,0.0177,0.0,
u_mand_factor\set31\u_mand_factor_0.4.py,u_mand_factor,31,u_mand_factor,0.4,2,8,5,0.4,0.5,0.7,0.6,0.8,0.6,90.159999,80,29,73.600002,128.799999,37.760001,1,1,1031,0,heuristic_v5b,solved,1,166.113529,89.678668,1.852319,0.0105,,
u_mand_factor\set31\u_mand_factor_0.4.py,u_mand_factor,31,u_mand_factor,0.4,2,8,5,0.4,0.5,0.7,0.6,0.8,0.6,90.159999,80,29,73.600002,128.799999,37.760001,1,1,1031,0,heuristic_v7,solved,1,197.712331,88.994856,2.221615,0.3465,,
u_mand_factor\set31\u_mand_factor_0.5.py,u_mand_factor,31,u_mand_factor,0.5,2,8,5,0.5,0.5,0.7,0.6,1.0,0.5,96.599992,80,29,91.999997,137.999988,47.199998,1,1,1031,0,ilp_v2,optimal,1,163.724756,96.574058,1.695329,0.0255,0.0,
u_mand_factor\set31\u_mand_factor_0.5.py,u_mand_factor,31,u_mand_factor,0.5,2,8,5,0.5,0.5,0.7,0.6,1.0,0.5,96.599992,80,29,91.999997,137.999988,47.199998,1,1,1031,0,heuristic_v5b,solved,1,113.990394,96.163269,1.185384,0.0119,,
u_mand_factor\set31\u_mand_factor_0.5.py,u_mand_factor,31,u_mand_factor,0.5,2,8,5,0.5,0.5,0.7,0.6,1.0,0.5,96.599992,80,29,91.999997,137.999988,47.199998,1,1,1031,0,heuristic_v7,solved,1,163.724756,96.382388,1.6987,0.1238,,
u_mand_factor\set31\u_mand_factor_0.6.py,u_mand_factor,31,u_mand_factor,0.6,2,8,5,0.6,0.5,0.7,0.6,1.2,0.4,103.039998,80,29,110.399998,147.199998,56.639999,1,1,1031,0,ilp_v2,optimal,1,116.837496,103.019824,1.134126,0.2819,5e-05,
u_mand_factor\set31\u_mand_factor_0.6.py,u_mand_factor,31,u_mand_factor,0.6,2,8,5,0.6,0.5,0.7,0.6,1.2,0.4,103.039998,80,29,110.399998,147.199998,56.639999,1,1,1031,0,heuristic_v5b,solved,1,74.081285,102.901119,0.719927,0.0178,,
u_mand_factor\set31\u_mand_factor_0.6.py,u_mand_factor,31,u_mand_factor,0.6,2,8,5,0.6,0.5,0.7,0.6,1.2,0.4,103.039998,80,29,110.399998,147.199998,56.639999,1,1,1031,0,heuristic_v7,solved,1,116.424809,103.009038,1.130239,0.4045,,
u_mand_factor\set31\u_mand_factor_0.7.py,u_mand_factor,31,u_mand_factor,0.7,2,8,5,0.7,0.5,0.7,0.6,1.4,0.3,109.479997,80,29,128.799998,156.399995,66.079999,1,1,1031,0,ilp_v2,optimal,1,62.668305,109.447417,0.572588,0.366,0.0,
u_mand_factor\set31\u_mand_factor_0.7.py,u_mand_factor,31,u_mand_factor,0.7,2,8,5,0.7,0.5,0.7,0.6,1.4,0.3,109.479997,80,29,128.799998,156.399995,66.079999,1,1,1031,0,heuristic_v5b,solved,1,54.641118,109.353841,0.499673,0.0125,,
u_mand_factor\set31\u_mand_factor_0.7.py,u_mand_factor,31,u_mand_factor,0.7,2,8,5,0.7,0.5,0.7,0.6,1.4,0.3,109.479997,80,29,128.799998,156.399995,66.079999,1,1,1031,0,heuristic_v7,solved,1,59.424999,109.396377,0.543208,0.2425,,
u_mand_factor\set31\u_mand_factor_0.8.py,u_mand_factor,31,u_mand_factor,0.8,2,8,5,0.8,0.5,0.7,0.6,1.6,0.2,115.919988,80,29,147.199994,165.599983,75.519997,1,1,1031,0,ilp_v2,optimal,1,19.614662,115.9126,0.169219,0.3573,0.0,
u_mand_factor\set31\u_mand_factor_0.8.py,u_mand_factor,31,u_mand_factor,0.8,2,8,5,0.8,0.5,0.7,0.6,1.6,0.2,115.919988,80,29,147.199994,165.599983,75.519997,1,1,1031,0,heuristic_v5b,solved,1,13.286054,115.907545,0.114626,0.1167,,
u_mand_factor\set31\u_mand_factor_0.8.py,u_mand_factor,31,u_mand_factor,0.8,2,8,5,0.8,0.5,0.7,0.6,1.6,0.2,115.919988,80,29,147.199994,165.599983,75.519997,1,1,1031,0,heuristic_v7,solved,1,19.079882,115.887578,0.164641,1.0611,,
u_mand_factor\set31\u_mand_factor_0.9.py,u_mand_factor,31,u_mand_factor,0.9,2,8,5,0.9,0.5,0.7,0.6,1.8,0.1,122.359998,80,29,165.59999,174.799997,84.959995,1,1,1031,0,ilp_v2,infeasible,0,,,,0.0278,,
u_mand_factor\set31\u_mand_factor_0.9.py,u_mand_factor,31,u_mand_factor,0.9,2,8,5,0.9,0.5,0.7,0.6,1.8,0.1,122.359998,80,29,165.59999,174.799997,84.959995,1,1,1031,0,heuristic_v5b,infeasible,0,,,,0.0,,
u_mand_factor\set31\u_mand_factor_0.9.py,u_mand_factor,31,u_mand_factor,0.9,2,8,5,0.9,0.5,0.7,0.6,1.8,0.1,122.359998,80,29,165.59999,174.799997,84.959995,1,1,1031,0,heuristic_v7,infeasible,0,,,,0.0,,
u_mand_factor\set32\u_mand_factor_0.1.py,u_mand_factor,32,u_mand_factor,0.1,2,8,5,0.1,0.5,0.7,0.6,0.2,0.9,70.840008,80,26,18.399999,101.200012,8.559999,1,0,1032,0,ilp_v2,optimal,1,247.323212,58.553518,4.223883,0.0152,0.0,
u_mand_factor\set32\u_mand_factor_0.1.py,u_mand_factor,32,u_mand_factor,0.1,2,8,5,0.1,0.5,0.7,0.6,0.2,0.9,70.840008,80,26,18.399999,101.200012,8.559999,1,0,1032,0,heuristic_v5b,solved,1,247.323212,70.764186,3.495034,0.0067,,
u_mand_factor\set32\u_mand_factor_0.1.py,u_mand_factor,32,u_mand_factor,0.1,2,8,5,0.1,0.5,0.7,0.6,0.2,0.9,70.840008,80,26,18.399999,101.200012,8.559999,1,0,1032,0,heuristic_v7,solved,1,247.323212,70.764186,3.495034,0.1486,,
u_mand_factor\set32\u_mand_factor_0.2.py,u_mand_factor,32,u_mand_factor,0.2,2,8,5,0.2,0.5,0.7,0.6,0.4,0.8,77.280001,80,26,36.800002,110.400001,17.120001,1,0,1032,0,ilp_v2,optimal,1,213.448987,77.241742,2.763389,0.0179,0.0,
u_mand_factor\set32\u_mand_factor_0.2.py,u_mand_factor,32,u_mand_factor,0.2,2,8,5,0.2,0.5,0.7,0.6,0.4,0.8,77.280001,80,26,36.800002,110.400001,17.120001,1,0,1032,0,heuristic_v5b,solved,1,213.448987,77.118,2.767823,0.0079,,
u_mand_factor\set32\u_mand_factor_0.2.py,u_mand_factor,32,u_mand_factor,0.2,2,8,5,0.2,0.5,0.7,0.6,0.4,0.8,77.280001,80,26,36.800002,110.400001,17.120001,1,0,1032,0,heuristic_v7,solved,1,213.448987,77.118,2.767823,0.3688,,
u_mand_factor\set32\u_mand_factor_0.3.py,u_mand_factor,32,u_mand_factor,0.3,2,8,5,0.3,0.5,0.7,0.6,0.6,0.7,83.720004,80,26,55.200002,119.600006,25.680001,1,1,1032,0,ilp_v2,optimal,1,200.327664,83.054698,2.411997,0.0178,0.0,
u_mand_factor\set32\u_mand_factor_0.3.py,u_mand_factor,32,u_mand_factor,0.3,2,8,5,0.3,0.5,0.7,0.6,0.6,0.7,83.720004,80,26,55.200002,119.600006,25.680001,1,1,1032,0,heuristic_v5b,solved,1,200.327664,83.623473,2.395591,0.0073,,
u_mand_factor\set32\u_mand_factor_0.3.py,u_mand_factor,32,u_mand_factor,0.3,2,8,5,0.3,0.5,0.7,0.6,0.6,0.7,83.720004,80,26,55.200002,119.600006,25.680001,1,1,1032,0,heuristic_v7,solved,1,200.327664,83.623473,2.395591,0.2899,,
u_mand_factor\set32\u_mand_factor_0.4.py,u_mand_factor,32,u_mand_factor,0.4,2,8,5,0.4,0.5,0.7,0.6,0.8,0.6,90.160005,80,26,73.600006,128.800007,34.240003,1,1,1032,0,ilp_v2,optimal,1,179.006699,90.155997,1.985522,0.0219,0.0,
u_mand_factor\set32\u_mand_factor_0.4.py,u_mand_factor,32,u_mand_factor,0.4,2,8,5,0.4,0.5,0.7,0.6,0.8,0.6,90.160005,80,26,73.600006,128.800007,34.240003,1,1,1032,0,heuristic_v5b,solved,1,176.510733,89.554583,1.970985,0.0083,,
u_mand_factor\set32\u_mand_factor_0.4.py,u_mand_factor,32,u_mand_factor,0.4,2,8,5,0.4,0.5,0.7,0.6,0.8,0.6,90.160005,80,26,73.600006,128.800007,34.240003,1,1,1032,0,heuristic_v7,solved,1,179.006699,90.07157,1.987383,0.2292,,
u_mand_factor\set32\u_mand_factor_0.5.py,u_mand_factor,32,u_mand_factor,0.5,2,8,5,0.5,0.5,0.7,0.6,1.0,0.5,96.600005,80,26,92.000001,138.000007,42.800001,1,1,1032,0,ilp_v2,optimal,1,142.130404,96.592933,1.471437,0.1253,0.0,
u_mand_factor\set32\u_mand_factor_0.5.py,u_mand_factor,32,u_mand_factor,0.5,2,8,5,0.5,0.5,0.7,0.6,1.0,0.5,96.600005,80,26,92.000001,138.000007,42.800001,1,1,1032,0,heuristic_v5b,solved,1,132.219854,96.375777,1.37192,0.0117,,
u_mand_factor\set32\u_mand_factor_0.5.py,u_mand_factor,32,u_mand_factor,0.5,2,8,5,0.5,0.5,0.7,0.6,1.0,0.5,96.600005,80,26,92.000001,138.000007,42.800001,1,1,1032,0,heuristic_v7,solved,1,148.756403,95.956989,1.55024,0.1462,,
u_mand_factor\set32\u_mand_factor_0.6.py,u_mand_factor,32,u_mand_factor,0.6,2,8,5,0.6,0.5,0.7,0.6,1.2,0.4,103.040005,80,26,110.400005,147.200007,51.360002,1,1,1032,0,ilp_v2,optimal,1,101.632511,103.025952,0.986475,0.1052,0.0,
u_mand_factor\set32\u_mand_factor_0.6.py,u_mand_factor,32,u_mand_factor,0.6,2,8,5,0.6,0.5,0.7,0.6,1.2,0.4,103.040005,80,26,110.400005,147.200007,51.360002,1,1,1032,0,heuristic_v5b,solved,1,89.619676,102.594415,0.873534,0.0304,,
u_mand_factor\set32\u_mand_factor_0.6.py,u_mand_factor,32,u_mand_factor,0.6,2,8,5,0.6,0.5,0.7,0.6,1.2,0.4,103.040005,80,26,110.400005,147.200007,51.360002,1,1,1032,0,heuristic_v7,solved,1,112.008754,102.744537,1.090167,0.2447,,
u_mand_factor\set32\u_mand_factor_0.7.py,u_mand_factor,32,u_mand_factor,0.7,2,8,5,0.7,0.5,0.7,0.6,1.4,0.3,109.480002,80,26,128.800006,156.400003,59.920003,1,1,1032,0,ilp_v2,optimal,1,48.654103,109.468051,0.444459,0.1777,0.0,
u_mand_factor\set32\u_mand_factor_0.7.py,u_mand_factor,32,u_mand_factor,0.7,2,8,5,0.7,0.5,0.7,0.6,1.4,0.3,109.480002,80,26,128.800006,156.400003,59.920003,1,1,1032,0,heuristic_v5b,solved,1,41.107021,109.121117,0.37671,0.0565,,
u_mand_factor\set32\u_mand_factor_0.7.py,u_mand_factor,32,u_mand_factor,0.7,2,8,5,0.7,0.5,0.7,0.6,1.4,0.3,109.480002,80,26,128.800006,156.400003,59.920003,1,1,1032,0,heuristic_v7,solved,1,71.606682,109.434735,0.654332,0.6955,,
u_mand_factor\set32\u_mand_factor_0.8.py,u_mand_factor,32,u_mand_factor,0.8,2,8,5,0.8,0.5,0.7,0.6,1.6,0.2,115.919998,80,26,147.199994,165.599998,68.479997,1,1,1032,0,ilp_v2,optimal,1,10.126994,115.918837,0.087363,0.239,0.0,
u_mand_factor\set32\u_mand_factor_0.8.py,u_mand_factor,32,u_mand_factor,0.8,2,8,5,0.8,0.5,0.7,0.6,1.6,0.2,115.919998,80,26,147.199994,165.599998,68.479997,1,1,1032,0,heuristic_v5b,solved,1,16.746643,115.125762,0.145464,0.052,,
u_mand_factor\set32\u_mand_factor_0.8.py,u_mand_factor,32,u_mand_factor,0.8,2,8,5,0.8,0.5,0.7,0.6,1.6,0.2,115.919998,80,26,147.199994,165.599998,68.479997,1,1,1032,0,heuristic_v7,solved,1,16.746643,115.125762,0.145464,0.4658,,
u_mand_factor\set32\u_mand_factor_0.9.py,u_mand_factor,32,u_mand_factor,0.9,2,8,5,0.9,0.5,0.7,0.6,1.8,0.1,122.359995,80,26,165.599994,174.799993,77.039997,1,1,1032,0,ilp_v2,infeasible,0,,,,0.0133,,
u_mand_factor\set32\u_mand_factor_0.9.py,u_mand_factor,32,u_mand_factor,0.9,2,8,5,0.9,0.5,0.7,0.6,1.8,0.1,122.359995,80,26,165.599994,174.799993,77.039997,1,1,1032,0,heuristic_v5b,infeasible,0,,146.460472,,0.0207,,over budget: E=146.4605 > B=122.3600
u_mand_factor\set32\u_mand_factor_0.9.py,u_mand_factor,32,u_mand_factor,0.9,2,8,5,0.9,0.5,0.7,0.6,1.8,0.1,122.359995,80,26,165.599994,174.799993,77.039997,1,1,1032,0,heuristic_v7,infeasible,0,,146.204113,,0.2234,,over budget: E=146.2041 > B=122.3600
u_mand_factor\set33\u_mand_factor_0.1.py,u_mand_factor,33,u_mand_factor,0.1,2,8,5,0.1,0.5,0.7,0.6,0.2,0.9,70.840002,80,36,18.4,101.200003,8.573333,1,0,1033,0,ilp_v2,optimal,1,218.595633,63.658403,3.433885,0.0196,0.0,
u_mand_factor\set33\u_mand_factor_0.1.py,u_mand_factor,33,u_mand_factor,0.1,2,8,5,0.1,0.5,0.7,0.6,0.2,0.9,70.840002,80,36,18.4,101.200003,8.573333,1,0,1033,0,heuristic_v5b,solved,1,218.595633,70.775427,3.088581,0.0137,,
u_mand_factor\set33\u_mand_factor_0.1.py,u_mand_factor,33,u_mand_factor,0.1,2,8,5,0.1,0.5,0.7,0.6,0.2,0.9,70.840002,80,36,18.4,101.200003,8.573333,1,0,1033,0,heuristic_v7,solved,1,218.595633,70.775427,3.088581,0.3893,,
u_mand_factor\set33\u_mand_factor_0.2.py,u_mand_factor,33,u_mand_factor,0.2,2,8,5,0.2,0.5,0.7,0.6,0.4,0.8,77.279997,80,36,36.79999,110.399995,17.146662,1,0,1033,0,ilp_v2,optimal,1,199.786487,77.240166,2.586562,0.0337,1.8e-05,
u_mand_factor\set33\u_mand_factor_0.2.py,u_mand_factor,33,u_mand_factor,0.2,2,8,5,0.2,0.5,0.7,0.6,0.4,0.8,77.279997,80,36,36.79999,110.399995,17.146662,1,0,1033,0,heuristic_v5b,solved,1,200.533254,77.169845,2.598596,0.0151,,
u_mand_factor\set33\u_mand_factor_0.2.py,u_mand_factor,33,u_mand_factor,0.2,2,8,5,0.2,0.5,0.7,0.6,0.4,0.8,77.279997,80,36,36.79999,110.399995,17.146662,1,0,1033,0,heuristic_v7,solved,1,200.533254,77.169845,2.598596,0.2672,,
u_mand_factor\set33\u_mand_factor_0.3.py,u_mand_factor,33,u_mand_factor,0.3,2,8,5,0.3,0.5,0.7,0.6,0.6,0.7,83.720002,80,36,55.200013,119.600003,25.720006,1,1,1033,0,ilp_v2,optimal,1,159.621237,83.712518,1.906779,0.0624,0.0,
u_mand_factor\set33\u_mand_factor_0.3.py,u_mand_factor,33,u_mand_factor,0.3,2,8,5,0.3,0.5,0.7,0.6,0.6,0.7,83.720002,80,36,55.200013,119.600003,25.720006,1,1,1033,0,heuristic_v5b,solved,1,162.968901,83.437554,1.953184,0.0172,,
u_mand_factor\set33\u_mand_factor_0.3.py,u_mand_factor,33,u_mand_factor,0.3,2,8,5,0.3,0.5,0.7,0.6,0.6,0.7,83.720002,80,36,55.200013,119.600003,25.720006,1,1,1033,0,heuristic_v7,solved,1,162.968901,83.437554,1.953184,0.1633,,
u_mand_factor\set33\u_mand_factor_0.4.py,u_mand_factor,33,u_mand_factor,0.4,2,8,5,0.4,0.5,0.7,0.6,0.8,0.6,90.160005,80,36,73.599997,128.800007,34.293332,1,1,1033,0,ilp_v2,optimal,1,136.884235,90.092337,1.519377,0.0391,0.0,
u_mand_factor\set33\u_mand_factor_0.4.py,u_mand_factor,33,u_mand_factor,0.4,2,8,5,0.4,0.5,0.7,0.6,0.8,0.6,90.160005,80,36,73.599997,128.800007,34.293332,1,1,1033,0,heuristic_v5b,solved,1,127.95174,89.641279,1.427375,0.0331,,
u_mand_factor\set33\u_mand_factor_0.4.py,u_mand_factor,33,u_mand_factor,0.4,2,8,5,0.4,0.5,0.7,0.6,0.8,0.6,90.160005,80,36,73.599997,128.800007,34.293332,1,1,1033,0,heuristic_v7,solved,1,140.961715,89.992237,1.566376,0.2019,,
u_mand_factor\set33\u_mand_factor_0.5.py,u_mand_factor,33,u_mand_factor,0.5,2,8,5,0.5,0.5,0.7,0.6,1.0,0.5,96.6,80,36,91.999998,138.0,42.866666,1,1,1033,0,ilp_v2,optimal,1,110.574094,96.556083,1.14518,0.0383,0.0,
u_mand_factor\set33\u_mand_factor_0.5.py,u_mand_factor,33,u_mand_factor,0.5,2,8,5,0.5,0.5,0.7,0.6,1.0,0.5,96.6,80,36,91.999998,138.0,42.866666,1,1,1033,0,heuristic_v5b,solved,1,99.306947,96.34118,1.030784,0.034,,
u_mand_factor\set33\u_mand_factor_0.5.py,u_mand_factor,33,u_mand_factor,0.5,2,8,5,0.5,0.5,0.7,0.6,1.0,0.5,96.6,80,36,91.999998,138.0,42.866666,1,1,1033,0,heuristic_v7,solved,1,121.724512,96.431087,1.262295,0.2305,,
u_mand_factor\set33\u_mand_factor_0.6.py,u_mand_factor,33,u_mand_factor,0.6,2,8,5,0.6,0.5,0.7,0.6,1.2,0.4,103.03999,80,36,110.399986,147.199986,51.439994,1,1,1033,0,ilp_v2,optimal,1,65.663904,103.030995,0.637322,0.0859,0.0,
u_mand_factor\set33\u_mand_factor_0.6.py,u_mand_factor,33,u_mand_factor,0.6,2,8,5,0.6,0.5,0.7,0.6,1.2,0.4,103.03999,80,36,110.399986,147.199986,51.439994,1,1,1033,0,heuristic_v5b,solved,1,51.605472,102.953856,0.501249,0.0195,,
u_mand_factor\set33\u_mand_factor_0.6.py,u_mand_factor,33,u_mand_factor,0.6,2,8,5,0.6,0.5,0.7,0.6,1.2,0.4,103.03999,80,36,110.399986,147.199986,51.439994,1,1,1033,0,heuristic_v7,solved,1,92.539218,103.033923,0.898143,0.3445,,
u_mand_factor\set33\u_mand_factor_0.7.py,u_mand_factor,33,u_mand_factor,0.7,2,8,5,0.7,0.5,0.7,0.6,1.4,0.3,109.480001,80,36,128.8,156.400001,60.013333,1,1,1033,0,ilp_v2,optimal,1,0.592907,109.450549,0.005417,0.0198,0.0,
u_mand_factor\set33\u_mand_factor_0.7.py,u_mand_factor,33,u_mand_factor,0.7,2,8,5,0.7,0.5,0.7,0.6,1.4,0.3,109.480001,80,36,128.8,156.400001,60.013333,1,1,1033,0,heuristic_v5b,solved,1,13.396338,109.476108,0.122368,0.0354,,
u_mand_factor\set33\u_mand_factor_0.7.py,u_mand_factor,33,u_mand_factor,0.7,2,8,5,0.7,0.5,0.7,0.6,1.4,0.3,109.480001,80,36,128.8,156.400001,60.013333,1,1,1033,0,heuristic_v7,solved,1,55.870131,109.454606,0.510441,0.7266,,
u_mand_factor\set33\u_mand_factor_0.8.py,u_mand_factor,33,u_mand_factor,0.8,2,8,5,0.8,0.5,0.7,0.6,1.6,0.2,115.920015,80,36,147.200009,165.600022,68.586671,1,1,1033,0,ilp_v2,infeasible,0,,,,0.018,,
u_mand_factor\set33\u_mand_factor_0.8.py,u_mand_factor,33,u_mand_factor,0.8,2,8,5,0.8,0.5,0.7,0.6,1.6,0.2,115.920015,80,36,147.200009,165.600022,68.586671,1,1,1033,0,heuristic_v5b,infeasible,0,,123.492964,,0.0566,,over budget: E=123.4930 > B=115.9200
u_mand_factor\set33\u_mand_factor_0.8.py,u_mand_factor,33,u_mand_factor,0.8,2,8,5,0.8,0.5,0.7,0.6,1.6,0.2,115.920015,80,36,147.200009,165.600022,68.586671,1,1,1033,0,heuristic_v7,solved,1,15.116272,115.918352,0.130404,0.3912,,
u_mand_factor\set33\u_mand_factor_0.9.py,u_mand_factor,33,u_mand_factor,0.9,2,8,5,0.9,0.5,0.7,0.6,1.8,0.1,122.360001,80,36,165.599999,174.800001,77.159999,1,1,1033,0,ilp_v2,infeasible,0,,,,0.0336,,
u_mand_factor\set33\u_mand_factor_0.9.py,u_mand_factor,33,u_mand_factor,0.9,2,8,5,0.9,0.5,0.7,0.6,1.8,0.1,122.360001,80,36,165.599999,174.800001,77.159999,1,1,1033,0,heuristic_v5b,infeasible,0,,,,0.0,,
u_mand_factor\set33\u_mand_factor_0.9.py,u_mand_factor,33,u_mand_factor,0.9,2,8,5,0.9,0.5,0.7,0.6,1.8,0.1,122.360001,80,36,165.599999,174.800001,77.159999,1,1,1033,0,heuristic_v7,infeasible,0,,,,0.0,,
u_mand_factor\set34\u_mand_factor_0.1.py,u_mand_factor,34,u_mand_factor,0.1,2,8,5,0.1,0.5,0.7,0.6,0.2,0.9,70.840001,80,29,18.400001,101.200001,8.817143,1,0,1034,0,ilp_v2,optimal,1,193.452034,69.509166,2.783115,0.013,0.0,
u_mand_factor\set34\u_mand_factor_0.1.py,u_mand_factor,34,u_mand_factor,0.1,2,8,5,0.1,0.5,0.7,0.6,0.2,0.9,70.840001,80,29,18.400001,101.200001,8.817143,1,0,1034,0,heuristic_v5b,solved,1,193.452034,70.213829,2.755184,0.0093,,
u_mand_factor\set34\u_mand_factor_0.1.py,u_mand_factor,34,u_mand_factor,0.1,2,8,5,0.1,0.5,0.7,0.6,0.2,0.9,70.840001,80,29,18.400001,101.200001,8.817143,1,0,1034,0,heuristic_v7,solved,1,193.452034,70.76563,2.7337,0.2773,,
u_mand_factor\set34\u_mand_factor_0.2.py,u_mand_factor,34,u_mand_factor,0.2,2,8,5,0.2,0.5,0.7,0.6,0.4,0.8,77.280008,80,29,36.8,110.400011,17.634286,1,0,1034,0,ilp_v2,optimal,1,216.370342,76.73017,2.819886,0.0171,0.0,
u_mand_factor\set34\u_mand_factor_0.2.py,u_mand_factor,34,u_mand_factor,0.2,2,8,5,0.2,0.5,0.7,0.6,0.4,0.8,77.280008,80,29,36.8,110.400011,17.634286,1,0,1034,0,heuristic_v5b,solved,1,200.245317,76.832172,2.606269,0.0109,,
u_mand_factor\set34\u_mand_factor_0.2.py,u_mand_factor,34,u_mand_factor,0.2,2,8,5,0.2,0.5,0.7,0.6,0.4,0.8,77.280008,80,29,36.8,110.400011,17.634286,1,0,1034,0,heuristic_v7,solved,1,216.370342,77.111022,2.805959,0.1026,,
u_mand_factor\set34\u_mand_factor_0.3.py,u_mand_factor,34,u_mand_factor,0.3,2,8,5,0.3,0.5,0.7,0.6,0.6,0.7,83.720003,80,29,55.199995,119.600005,26.451426,1,1,1034,0,ilp_v2,optimal,1,180.453575,83.309065,2.166074,0.0182,0.0,
u_mand_factor\set34\u_mand_factor_0.3.py,u_mand_factor,34,u_mand_factor,0.3,2,8,5,0.3,0.5,0.7,0.6,0.6,0.7,83.720003,80,29,55.199995,119.600005,26.451426,1,1,1034,0,heuristic_v5b,solved,1,162.124616,83.421425,1.943441,0.0082,,
u_mand_factor\set34\u_mand_factor_0.3.py,u_mand_factor,34,u_mand_factor,0.3,2,8,5,0.3,0.5,0.7,0.6,0.6,0.7,83.720003,80,29,55.199995,119.600005,26.451426,1,1,1034,0,heuristic_v7,solved,1,162.124616,83.421425,1.943441,0.2313,,
u_mand_factor\set34\u_mand_factor_0.4.py,u_mand_factor,34,u_mand_factor,0.4,2,8,5,0.4,0.5,0.7,0.6,0.8,0.6,90.160012,80,29,73.600003,128.800017,35.268573,1,1,1034,0,ilp_v2,optimal,1,137.806047,89.579329,1.538369,0.0205,0.0,
u_mand_factor\set34\u_mand_factor_0.4.py,u_mand_factor,34,u_mand_factor,0.4,2,8,5,0.4,0.5,0.7,0.6,0.8,0.6,90.160012,80,29,73.600003,128.800017,35.268573,1,1,1034,0,heuristic_v5b,solved,1,127.941429,87.487809,1.462392,0.0071,,
u_mand_factor\set34\u_mand_factor_0.4.py,u_mand_factor,34,u_mand_factor,0.4,2,8,5,0.4,0.5,0.7,0.6,0.8,0.6,90.160012,80,29,73.600003,128.800017,35.268573,1,1,1034,0,heuristic_v7,solved,1,145.2448,89.322377,1.626074,0.1616,,
u_mand_factor\set34\u_mand_factor_0.5.py,u_mand_factor,34,u_mand_factor,0.5,2,8,5,0.5,0.5,0.7,0.6,1.0,0.5,96.599997,80,29,92.000003,137.999995,44.085716,1,1,1034,0,ilp_v2,optimal,1,105.861273,96.560914,1.096316,0.0171,0.0,
u_mand_factor\set34\u_mand_factor_0.5.py,u_mand_factor,34,u_mand_factor,0.5,2,8,5,0.5,0.5,0.7,0.6,1.0,0.5,96.599997,80,29,92.000003,137.999995,44.085716,1,1,1034,0,heuristic_v5b,solved,1,92.214292,96.139394,0.959173,0.0076,,
u_mand_factor\set34\u_mand_factor_0.5.py,u_mand_factor,34,u_mand_factor,0.5,2,8,5,0.5,0.5,0.7,0.6,1.0,0.5,96.599997,80,29,92.000003,137.999995,44.085716,1,1,1034,0,heuristic_v7,solved,1,101.512733,96.545381,1.051451,0.1522,,
u_mand_factor\set34\u_mand_factor_0.6.py,u_mand_factor,34,u_mand_factor,0.6,2,8,5,0.6,0.5,0.7,0.6,1.2,0.4,103.039996,80,29,110.399997,147.199994,52.902855,1,1,1034,0,ilp_v2,optimal,1,76.389871,100.87341,0.757285,0.018,0.0,
u_mand_factor\set34\u_mand_factor_0.6.py,u_mand_factor,34,u_mand_factor,0.6,2,8,5,0.6,0.5,0.7,0.6,1.2,0.4,103.039996,80,29,110.399997,147.199994,52.902855,1,1,1034,0,heuristic_v5b,solved,1,39.868753,102.940918,0.387297,0.0237,,
u_mand_factor\set34\u_mand_factor_0.6.py,u_mand_factor,34,u_mand_factor,0.6,2,8,5,0.6,0.5,0.7,0.6,1.2,0.4,103.039996,80,29,110.399997,147.199994,52.902855,1,1,1034,0,heuristic_v7,solved,1,76.389871,102.432248,0.74576,0.2,,
u_mand_factor\set34\u_mand_factor_0.7.py,u_mand_factor,34,u_mand_factor,0.7,2,8,5,0.7,0.5,0.7,0.6,1.4,0.3,109.479999,80,29,128.800001,156.399999,61.720001,1,1,1034,0,ilp_v2,optimal,1,27.298866,109.471077,0.249371,0.2337,6.3e-05,
u_mand_factor\set34\u_mand_factor_0.7.py,u_mand_factor,34,u_mand_factor,0.7,2,8,5,0.7,0.5,0.7,0.6,1.4,0.3,109.479999,80,29,128.800001,156.399999,61.720001,1,1,1034,0,heuristic_v5b,solved,1,12.237788,109.466433,0.111795,0.0548,,
u_mand_factor\set34\u_mand_factor_0.7.py,u_mand_factor,34,u_mand_factor,0.7,2,8,5,0.7,0.5,0.7,0.6,1.4,0.3,109.479999,80,29,128.800001,156.399999,61.720001,1,1,1034,0,heuristic_v7,solved,1,46.918463,108.966145,0.430578,0.2355,,
u_mand_factor\set34\u_mand_factor_0.8.py,u_mand_factor,34,u_mand_factor,0.8,2,8,5,0.8,0.5,0.7,0.6,1.6,0.2,115.920006,80,29,147.2,165.600008,70.537143,1,1,1034,0,ilp_v2,infeasible,0,,,,0.0096,,
u_mand_factor\set34\u_mand_factor_0.8.py,u_mand_factor,34,u_mand_factor,0.8,2,8,5,0.8,0.5,0.7,0.6,1.6,0.2,115.920006,80,29,147.2,165.600008,70.537143,1,1,1034,0,heuristic_v5b,infeasible,0,,125.262707,,0.0427,,over budget: E=125.2627 > B=115.9200
u_mand_factor\set34\u_mand_factor_0.8.py,u_mand_factor,34,u_mand_factor,0.8,2,8,5,0.8,0.5,0.7,0.6,1.6,0.2,115.920006,80,29,147.2,165.600008,70.537143,1,1,1034,0,heuristic_v7,solved,1,19.273832,115.909124,0.166284,0.6211,,
u_mand_factor\set34\u_mand_factor_0.9.py,u_mand_factor,34,u_mand_factor,0.9,2,8,5,0.9,0.5,0.7,0.6,1.8,0.1,122.359998,80,29,165.599999,174.799997,79.354285,1,1,1034,0,ilp_v2,infeasible,0,,,,0.0089,,
u_mand_factor\set34\u_mand_factor_0.9.py,u_mand_factor,34,u_mand_factor,0.9,2,8,5,0.9,0.5,0.7,0.6,1.8,0.1,122.359998,80,29,165.599999,174.799997,79.354285,1,1,1034,0,heuristic_v5b,infeasible,0,,143.011199,,0.0148,,over budget: E=143.0112 > B=122.3600
u_mand_factor\set34\u_mand_factor_0.9.py,u_mand_factor,34,u_mand_factor,0.9,2,8,5,0.9,0.5,0.7,0.6,1.8,0.1,122.359998,80,29,165.599999,174.799997,79.354285,1,1,1034,0,heuristic_v7,infeasible,0,,143.080746,,0.3312,,over budget: E=143.0807 > B=122.3600
u_mand_factor\set35\u_mand_factor_0.1.py,u_mand_factor,35,u_mand_factor,0.1,2,8,5,0.1,0.5,0.7,0.6,0.2,0.9,70.840001,80,36,18.399995,101.200001,8.559998,1,0,1035,0,ilp_v2,optimal,1,225.472043,69.80708,3.229931,0.0212,0.0,
u_mand_factor\set35\u_mand_factor_0.1.py,u_mand_factor,35,u_mand_factor,0.1,2,8,5,0.1,0.5,0.7,0.6,0.2,0.9,70.840001,80,36,18.399995,101.200001,8.559998,1,0,1035,0,heuristic_v5b,solved,1,223.507946,70.810573,3.156421,0.0166,,
u_mand_factor\set35\u_mand_factor_0.1.py,u_mand_factor,35,u_mand_factor,0.1,2,8,5,0.1,0.5,0.7,0.6,0.2,0.9,70.840001,80,36,18.399995,101.200001,8.559998,1,0,1035,0,heuristic_v7,solved,1,225.472043,70.590324,3.194093,0.2426,,
u_mand_factor\set35\u_mand_factor_0.2.py,u_mand_factor,35,u_mand_factor,0.2,2,8,5,0.2,0.5,0.7,0.6,0.4,0.8,77.279998,80,36,36.800006,110.399998,17.120003,1,0,1035,0,ilp_v2,optimal,1,272.807444,69.730456,3.912314,0.0169,0.0,
u_mand_factor\set35\u_mand_factor_0.2.py,u_mand_factor,35,u_mand_factor,0.2,2,8,5,0.2,0.5,0.7,0.6,0.4,0.8,77.279998,80,36,36.800006,110.399998,17.120003,1,0,1035,0,heuristic_v5b,solved,1,272.807444,75.894737,3.59455,0.0226,,
u_mand_factor\set35\u_mand_factor_0.2.py,u_mand_factor,35,u_mand_factor,0.2,2,8,5,0.2,0.5,0.7,0.6,0.4,0.8,77.279998,80,36,36.800006,110.399998,17.120003,1,0,1035,0,heuristic_v7,solved,1,272.807444,75.894737,3.59455,0.3469,,
u_mand_factor\set35\u_mand_factor_0.3.py,u_mand_factor,35,u_mand_factor,0.3,2,8,5,0.3,0.5,0.7,0.6,0.6,0.7,83.720003,80,36,55.199997,119.600005,25.679998,1,1,1035,0,ilp_v2,optimal,1,229.847027,79.159964,2.903577,0.02,0.0,
u_mand_factor\set35\u_mand_factor_0.3.py,u_mand_factor,35,u_mand_factor,0.3,2,8,5,0.3,0.5,0.7,0.6,0.6,0.7,83.720003,80,36,55.199997,119.600005,25.679998,1,1,1035,0,heuristic_v5b,solved,1,225.082262,82.991362,2.712117,0.0197,,
u_mand_factor\set35\u_mand_factor_0.3.py,u_mand_factor,35,u_mand_factor,0.3,2,8,5,0.3,0.5,0.7,0.6,0.6,0.7,83.720003,80,36,55.199997,119.600005,25.679998,1,1,1035,0,heuristic_v7,solved,1,229.847027,83.666528,2.74718,0.2241,,
u_mand_factor\set35\u_mand_factor_0.4.py,u_mand_factor,35,u_mand_factor,0.4,2,8,5,0.4,0.5,0.7,0.6,0.8,0.6,90.159998,80,36,73.6,128.799998,34.24,1,1,1035,0,ilp_v2,optimal,1,184.74949,88.599519,2.08522,0.0229,0.0,
u_mand_factor\set35\u_mand_factor_0.4.py,u_mand_factor,35,u_mand_factor,0.4,2,8,5,0.4,0.5,0.7,0.6,0.8,0.6,90.159998,80,36,73.6,128.799998,34.24,1,1,1035,0,heuristic_v5b,solved,1,170.678257,87.432987,1.952104,0.0432,,
u_mand_factor\set35\u_mand_factor_0.4.py,u_mand_factor,35,u_mand_factor,0.4,2,8,5,0.4,0.5,0.7,0.6,0.8,0.6,90.159998,80,36,73.6,128.799998,34.24,1,1,1035,0,heuristic_v7,solved,1,184.74949,89.588923,2.062191,0.2491,,
u_mand_factor\set35\u_mand_factor_0.5.py,u_mand_factor,35,u_mand_factor,0.5,2,8,5,0.5,0.5,0.7,0.6,1.0,0.5,96.599999,80,36,92.000003,137.999999,42.800002,1,1,1035,0,ilp_v2,optimal,1,139.726331,96.594387,1.446526,0.0371,0.0,
u_mand_factor\set35\u_mand_factor_0.5.py,u_mand_factor,35,u_mand_factor,0.5,2,8,5,0.5,0.5,0.7,0.6,1.0,0.5,96.599999,80,36,92.000003,137.999999,42.800002,1,1,1035,0,heuristic_v5b,solved,1,133.257012,96.31069,1.383616,0.0247,,
u_mand_factor\set35\u_mand_factor_0.5.py,u_mand_factor,35,u_mand_factor,0.5,2,8,5,0.5,0.5,0.7,0.6,1.0,0.5,96.599999,80,36,92.000003,137.999999,42.800002,1,1,1035,0,heuristic_v7,solved,1,141.951201,96.295531,1.47412,0.2376,,
u_mand_factor\set35\u_mand_factor_0.6.py,u_mand_factor,35,u_mand_factor,0.6,2,8,5,0.6,0.5,0.7,0.6,1.2,0.4,103.040002,80,36,110.400005,147.200002,51.360002,1,1,1035,0,ilp_v2,optimal,1,99.218441,103.024209,0.963059,0.0562,0.0,
u_mand_factor\set35\u_mand_factor_0.6.py,u_mand_factor,35,u_mand_factor,0.6,2,8,5,0.6,0.5,0.7,0.6,1.2,0.4,103.040002,80,36,110.400005,147.200002,51.360002,1,1,1035,0,heuristic_v5b,solved,1,92.423115,102.920338,0.898006,0.0275,,
u_mand_factor\set35\u_mand_factor_0.6.py,u_mand_factor,35,u_mand_factor,0.6,2,8,5,0.6,0.5,0.7,0.6,1.2,0.4,103.040002,80,36,110.400005,147.200002,51.360002,1,1,1035,0,heuristic_v7,solved,1,99.807097,101.913852,0.979328,0.6532,,
u_mand_factor\set35\u_mand_factor_0.7.py,u_mand_factor,35,u_mand_factor,0.7,2,8,5,0.7,0.5,0.7,0.6,1.4,0.3,109.48001,80,36,128.800005,156.400014,59.920002,1,1,1035,0,ilp_v2,optimal,1,26.068651,109.476136,0.238122,0.237,0.0,
u_mand_factor\set35\u_mand_factor_0.7.py,u_mand_factor,35,u_mand_factor,0.7,2,8,5,0.7,0.5,0.7,0.6,1.4,0.3,109.48001,80,36,128.800005,156.400014,59.920002,1,1,1035,0,heuristic_v5b,solved,1,44.059097,109.464905,0.402495,0.0351,,
u_mand_factor\set35\u_mand_factor_0.7.py,u_mand_factor,35,u_mand_factor,0.7,2,8,5,0.7,0.5,0.7,0.6,1.4,0.3,109.48001,80,36,128.800005,156.400014,59.920002,1,1,1035,0,heuristic_v7,solved,1,58.050351,109.41092,0.530572,0.5128,,
u_mand_factor\set35\u_mand_factor_0.8.py,u_mand_factor,35,u_mand_factor,0.8,2,8,5,0.8,0.5,0.7,0.6,1.6,0.2,115.919986,80,36,147.199997,165.59998,68.479998,1,1,1035,0,ilp_v2,optimal,1,4.847642,115.916261,0.04182,0.2244,0.0,
u_mand_factor\set35\u_mand_factor_0.8.py,u_mand_factor,35,u_mand_factor,0.8,2,8,5,0.8,0.5,0.7,0.6,1.6,0.2,115.919986,80,36,147.199997,165.59998,68.479998,1,1,1035,0,heuristic_v5b,infeasible,0,,118.402741,,0.0534,,over budget: E=118.4027 > B=115.9200
u_mand_factor\set35\u_mand_factor_0.8.py,u_mand_factor,35,u_mand_factor,0.8,2,8,5,0.8,0.5,0.7,0.6,1.6,0.2,115.919986,80,36,147.199997,165.59998,68.479998,1,1,1035,0,heuristic_v7,solved,1,19.248028,115.912053,0.166057,0.6595,,
u_mand_factor\set35\u_mand_factor_0.9.py,u_mand_factor,35,u_mand_factor,0.9,2,8,5,0.9,0.5,0.7,0.6,1.8,0.1,122.360006,80,36,165.599994,174.800008,77.039997,1,1,1035,0,ilp_v2,infeasible,0,,,,0.0313,,
u_mand_factor\set35\u_mand_factor_0.9.py,u_mand_factor,35,u_mand_factor,0.9,2,8,5,0.9,0.5,0.7,0.6,1.8,0.1,122.360006,80,36,165.599994,174.800008,77.039997,1,1,1035,0,heuristic_v5b,infeasible,0,,,,0.0,,
u_mand_factor\set35\u_mand_factor_0.9.py,u_mand_factor,35,u_mand_factor,0.9,2,8,5,0.9,0.5,0.7,0.6,1.8,0.1,122.360006,80,36,165.599994,174.800008,77.039997,1,1,1035,0,heuristic_v7,infeasible,0,,,,0.0,,
u_mand_factor\set36\u_mand_factor_0.1.py,u_mand_factor,36,u_mand_factor,0.1,2,8,5,0.1,0.5,0.7,0.6,0.2,0.9,70.840003,80,34,18.400006,101.200005,8.817146,1,0,1036,0,ilp_v2,optimal,1,241.236126,70.767256,3.408866,0.0266,0.0,
u_mand_factor\set36\u_mand_factor_0.1.py,u_mand_factor,36,u_mand_factor,0.1,2,8,5,0.1,0.5,0.7,0.6,0.2,0.9,70.840003,80,34,18.400006,101.200005,8.817146,1,0,1036,0,heuristic_v5b,solved,1,241.236126,70.804461,3.407075,0.0165,,
u_mand_factor\set36\u_mand_factor_0.1.py,u_mand_factor,36,u_mand_factor,0.1,2,8,5,0.1,0.5,0.7,0.6,0.2,0.9,70.840003,80,34,18.400006,101.200005,8.817146,1,0,1036,0,heuristic_v7,solved,1,241.236126,70.804461,3.407075,0.1954,,
u_mand_factor\set36\u_mand_factor_0.2.py,u_mand_factor,36,u_mand_factor,0.2,2,8,5,0.2,0.5,0.7,0.6,0.4,0.8,77.280001,80,34,36.800001,110.400001,17.634286,1,0,1036,0,ilp_v2,optimal,1,146.434543,73.775797,1.984859,0.0202,0.0,
u_mand_factor\set36\u_mand_factor_0.2.py,u_mand_factor,36,u_mand_factor,0.2,2,8,5,0.2,0.5,0.7,0.6,0.4,0.8,77.280001,80,34,36.800001,110.400001,17.634286,1,0,1036,0,heuristic_v5b,solved,1,141.197732,74.655734,1.891318,0.017,,
u_mand_factor\set36\u_mand_factor_0.2.py,u_mand_factor,36,u_mand_factor,0.2,2,8,5,0.2,0.5,0.7,0.6,0.4,0.8,77.280001,80,34,36.800001,110.400001,17.634286,1,0,1036,0,heuristic_v7,solved,1,146.434543,77.197531,1.896881,0.2355,,
u_mand_factor\set36\u_mand_factor_0.3.py,u_mand_factor,36,u_mand_factor,0.3,2,8,5,0.3,0.5,0.7,0.6,0.6,0.7,83.719999,80,34,55.199995,119.599999,26.451426,1,1,1036,0,ilp_v2,optimal,1,113.062197,83.429277,1.355186,0.0214,0.0,
u_mand_factor\set36\u_mand_factor_0.3.py,u_mand_factor,36,u_mand_factor,0.3,2,8,5,0.3,0.5,0.7,0.6,0.6,0.7,83.719999,80,34,55.199995,119.599999,26.451426,1,1,1036,0,heuristic_v5b,solved,1,113.062197,83.626474,1.35199,0.0158,,
u_mand_factor\set36\u_mand_factor_0.3.py,u_mand_factor,36,u_mand_factor,0.3,2,8,5,0.3,0.5,0.7,0.6,0.6,0.7,83.719999,80,34,55.199995,119.599999,26.451426,1,1,1036,0,heuristic_v7,solved,1,113.062197,83.626474,1.35199,0.2062,,
u_mand_factor\set36\u_mand_factor_0.4.py,u_mand_factor,36,u_mand_factor,0.4,2,8,5,0.4,0.5,0.7,0.6,0.8,0.6,90.16001,80,34,73.6,128.800015,35.268571,1,1,1036,0,ilp_v2,optimal,1,91.914703,88.54161,1.038096,0.0236,0.0,
u_mand_factor\set36\u_mand_factor_0.4.py,u_mand_factor,36,u_mand_factor,0.4,2,8,5,0.4,0.5,0.7,0.6,0.8,0.6,90.16001,80,34,73.6,128.800015,35.268571,1,1,1036,0,heuristic_v5b,solved,1,91.914703,90.156163,1.019505,0.0172,,
u_mand_factor\set36\u_mand_factor_0.4.py,u_mand_factor,36,u_mand_factor,0.4,2,8,5,0.4,0.5,0.7,0.6,0.8,0.6,90.16001,80,34,73.6,128.800015,35.268571,1,1,1036,0,heuristic_v7,solved,1,91.914703,90.156163,1.019505,0.498,,
u_mand_factor\set36\u_mand_factor_0.5.py,u_mand_factor,36,u_mand_factor,0.5,2,8,5,0.5,0.5,0.7,0.6,1.0,0.5,96.600002,80,34,92.000006,138.000002,44.085717,1,1,1036,0,ilp_v2,optimal,1,81.730817,96.588767,0.846173,0.0239,0.0,
u_mand_factor\set36\u_mand_factor_0.5.py,u_mand_factor,36,u_mand_factor,0.5,2,8,5,0.5,0.5,0.7,0.6,1.0,0.5,96.600002,80,34,92.000006,138.000002,44.085717,1,1,1036,0,heuristic_v5b,solved,1,70.712662,96.590571,0.732087,0.0179,,
u_mand_factor\set36\u_mand_factor_0.5.py,u_mand_factor,36,u_mand_factor,0.5,2,8,5,0.5,0.5,0.7,0.6,1.0,0.5,96.600002,80,34,92.000006,138.000002,44.085717,1,1,1036,0,heuristic_v7,solved,1,81.730817,96.521731,0.846761,0.2358,,
u_mand_factor\set36\u_mand_factor_0.6.py,u_mand_factor,36,u_mand_factor,0.6,2,8,5,0.6,0.5,0.7,0.6,1.2,0.4,103.039998,80,34,110.400003,147.199998,52.902859,1,1,1036,0,ilp_v2,optimal,1,69.289506,103.02293,0.672564,0.3868,0.0,
u_mand_factor\set36\u_mand_factor_0.6.py,u_mand_factor,36,u_mand_factor,0.6,2,8,5,0.6,0.5,0.7,0.6,1.2,0.4,103.039998,80,34,110.400003,147.199998,52.902859,1,1,1036,0,heuristic_v5b,solved,1,58.980953,103.009094,0.57258,0.0305,,
u_mand_factor\set36\u_mand_factor_0.6.py,u_mand_factor,36,u_mand_factor,0.6,2,8,5,0.6,0.5,0.7,0.6,1.2,0.4,103.039998,80,34,110.400003,147.199998,52.902859,1,1,1036,0,heuristic_v7,solved,1,68.493599,102.890665,0.665693,0.5386,,
u_mand_factor\set36\u_mand_factor_0.7.py,u_mand_factor,36,u_mand_factor,0.7,2,8,5,0.7,0.5,0.7,0.6,1.4,0.3,109.479998,80,34,128.799993,156.399998,61.719997,1,1,1036,0,ilp_v2,optimal,1,54.271301,109.474134,0.495745,0.386,0.0,
u_mand_factor\set36\u_mand_factor_0.7.py,u_mand_factor,36,u_mand_factor,0.7,2,8,5,0.7,0.5,0.7,0.6,1.4,0.3,109.479998,80,34,128.799993,156.399998,61.719997,1,1,1036,0,heuristic_v5b,solved,1,35.613723,109.44842,0.325393,0.0361,,
u_mand_factor\set36\u_mand_factor_0.7.py,u_mand_factor,36,u_mand_factor,0.7,2,8,5,0.7,0.5,0.7,0.6,1.4,0.3,109.479998,80,34,128.799993,156.399998,61.719997,1,1,1036,0,heuristic_v7,solved,1,48.710846,109.459794,0.445011,0.5508,,
u_mand_factor\set36\u_mand_factor_0.8.py,u_mand_factor,36,u_mand_factor,0.8,2,8,5,0.8,0.5,0.7,0.6,1.6,0.2,115.920002,80,34,147.199999,165.600003,70.537142,1,1,1036,0,ilp_v2,optimal,1,22.451005,115.917602,0.193681,0.7221,4.2e-05,
u_mand_factor\set36\u_mand_factor_0.8.py,u_mand_factor,36,u_mand_factor,0.8,2,8,5,0.8,0.5,0.7,0.6,1.6,0.2,115.920002,80,34,147.199999,165.600003,70.537142,1,1,1036,0,heuristic_v5b,solved,1,17.612763,115.840227,0.152044,0.079,,
u_mand_factor\set36\u_mand_factor_0.8.py,u_mand_factor,36,u_mand_factor,0.8,2,8,5,0.8,0.5,0.7,0.6,1.6,0.2,115.920002,80,34,147.199999,165.600003,70.537142,1,1,1036,0,heuristic_v7,solved,1,19.38867,115.891129,0.167301,0.975,,
u_mand_factor\set36\u_mand_factor_0.9.py,u_mand_factor,36,u_mand_factor,0.9,2,8,5,0.9,0.5,0.7,0.6,1.8,0.1,122.359996,80,34,165.599997,174.799994,79.354284,1,1,1036,0,ilp_v2,infeasible,0,,,,0.0192,,
u_mand_factor\set36\u_mand_factor_0.9.py,u_mand_factor,36,u_mand_factor,0.9,2,8,5,0.9,0.5,0.7,0.6,1.8,0.1,122.359996,80,34,165.599997,174.799994,79.354284,1,1,1036,0,heuristic_v5b,infeasible,0,,144.91912,,0.0495,,over budget: E=144.9191 > B=122.3600
u_mand_factor\set36\u_mand_factor_0.9.py,u_mand_factor,36,u_mand_factor,0.9,2,8,5,0.9,0.5,0.7,0.6,1.8,0.1,122.359996,80,34,165.599997,174.799994,79.354284,1,1,1036,0,heuristic_v7,infeasible,0,,143.260725,,0.4671,,over budget: E=143.2607 > B=122.3600
u_mand_factor\set37\u_mand_factor_0.1.py,u_mand_factor,37,u_mand_factor,0.1,2,8,5,0.1,0.5,0.7,0.6,0.2,0.9,70.839996,80,35,18.399991,101.199994,8.817138,1,0,1037,0,ilp_v2,optimal,1,223.689818,66.690719,3.354137,0.0256,0.0,
u_mand_factor\set37\u_mand_factor_0.1.py,u_mand_factor,37,u_mand_factor,0.1,2,8,5,0.1,0.5,0.7,0.6,0.2,0.9,70.839996,80,35,18.399991,101.199994,8.817138,1,0,1037,0,heuristic_v5b,solved,1,223.689818,70.73725,3.162263,0.015,,
u_mand_factor\set37\u_mand_factor_0.1.py,u_mand_factor,37,u_mand_factor,0.1,2,8,5,0.1,0.5,0.7,0.6,0.2,0.9,70.839996,80,35,18.399991,101.199994,8.817138,1,0,1037,0,heuristic_v7,solved,1,223.689818,70.73725,3.162263,0.3217,,
u_mand_factor\set37\u_mand_factor_0.2.py,u_mand_factor,37,u_mand_factor,0.2,2,8,5,0.2,0.5,0.7,0.6,0.4,0.8,77.279993,80,35,36.800009,110.39999,17.63429,1,0,1037,0,ilp_v2,optimal,1,197.5174,76.316044,2.58815,0.0219,0.0,
u_mand_factor\set37\u_mand_factor_0.2.py,u_mand_factor,37,u_mand_factor,0.2,2,8,5,0.2,0.5,0.7,0.6,0.4,0.8,77.279993,80,35,36.800009,110.39999,17.63429,1,0,1037,0,heuristic_v5b,solved,1,196.58062,77.056823,2.551112,0.0218,,
u_mand_factor\set37\u_mand_factor_0.2.py,u_mand_factor,37,u_mand_factor,0.2,2,8,5,0.2,0.5,0.7,0.6,0.4,0.8,77.279993,80,35,36.800009,110.39999,17.63429,1,0,1037,0,heuristic_v7,solved,1,197.5174,77.118209,2.561229,0.3385,,
u_mand_factor\set37\u_mand_factor_0.3.py,u_mand_factor,37,u_mand_factor,0.3,2,8,5,0.3,0.5,0.7,0.6,0.6,0.7,83.719995,80,35,55.200006,119.599993,26.451431,1,1,1037,0,ilp_v2,optimal,1,163.973148,83.719183,1.958609,0.1546,5e-05,
u_mand_factor\set37\u_mand_factor_0.3.py,u_mand_factor,37,u_mand_factor,0.3,2,8,5,0.3,0.5,0.7,0.6,0.6,0.7,83.719995,80,35,55.200006,119.599993,26.451431,1,1,1037,0,heuristic_v5b,solved,1,117.255316,83.645265,1.401817,0.0271,,
u_mand_factor\set37\u_mand_factor_0.3.py,u_mand_factor,37,u_mand_factor,0.3,2,8,5,0.3,0.5,0.7,0.6,0.6,0.7,83.719995,80,35,55.200006,119.599993,26.451431,1,1,1037,0,heuristic_v7,solved,1,117.255316,83.592382,1.402703,0.2157,,
u_mand_factor\set37\u_mand_factor_0.4.py,u_mand_factor,37,u_mand_factor,0.4,2,8,5,0.4,0.5,0.7,0.6,0.8,0.6,90.159997,80,35,73.599997,128.799995,35.26857,1,1,1037,0,ilp_v2,optimal,1,141.778877,90.154558,1.57262,0.3324,0.0,
u_mand_factor\set37\u_mand_factor_0.4.py,u_mand_factor,37,u_mand_factor,0.4,2,8,5,0.4,0.5,0.7,0.6,0.8,0.6,90.159997,80,35,73.599997,128.799995,35.26857,1,1,1037,0,heuristic_v5b,solved,1,107.786194,89.926757,1.1986,0.0306,,
u_mand_factor\set37\u_mand_factor_0.4.py,u_mand_factor,37,u_mand_factor,0.4,2,8,5,0.4,0.5,0.7,0.6,0.8,0.6,90.159997,80,35,73.599997,128.799995,35.26857,1,1,1037,0,heuristic_v7,solved,1,139.386122,90.14814,1.54619,0.5358,,
u_mand_factor\set37\u_mand_factor_0.5.py,u_mand_factor,37,u_mand_factor,0.5,2,8,5,0.5,0.5,0.7,0.6,1.0,0.5,96.60001,80,35,92.000008,138.000015,44.085718,1,1,1037,0,ilp_v2,optimal,1,112.896047,96.408875,1.171013,0.1571,0.0,
u_mand_factor\set37\u_mand_factor_0.5.py,u_mand_factor,37,u_mand_factor,0.5,2,8,5,0.5,0.5,0.7,0.6,1.0,0.5,96.60001,80,35,92.000008,138.000015,44.085718,1,1,1037,0,heuristic_v5b,solved,1,104.662868,96.269556,1.087186,0.0342,,
u_mand_factor\set37\u_mand_factor_0.5.py,u_mand_factor,37,u_mand_factor,0.5,2,8,5,0.5,0.5,0.7,0.6,1.0,0.5,96.60001,80,35,92.000008,138.000015,44.085718,1,1,1037,0,heuristic_v7,solved,1,115.238313,96.471911,1.194527,0.3475,,
u_mand_factor\set37\u_mand_factor_0.6.py,u_mand_factor,37,u_mand_factor,0.6,2,8,5,0.6,0.5,0.7,0.6,1.2,0.4,103.040013,80,35,110.400003,147.200018,52.902859,1,1,1037,0,ilp_v2,optimal,1,88.162703,102.877887,0.856965,0.0363,0.0,
u_mand_factor\set37\u_mand_factor_0.6.py,u_mand_factor,37,u_mand_factor,0.6,2,8,5,0.6,0.5,0.7,0.6,1.2,0.4,103.040013,80,35,110.400003,147.200018,52.902859,1,1,1037,0,heuristic_v5b,solved,1,84.858055,102.712489,0.826171,0.0246,,
u_mand_factor\set37\u_mand_factor_0.6.py,u_mand_factor,37,u_mand_factor,0.6,2,8,5,0.6,0.5,0.7,0.6,1.2,0.4,103.040013,80,35,110.400003,147.200018,52.902859,1,1,1037,0,heuristic_v7,solved,1,84.858055,102.712489,0.826171,0.411,,
u_mand_factor\set37\u_mand_factor_0.7.py,u_mand_factor,37,u_mand_factor,0.7,2,8,5,0.7,0.5,0.7,0.6,1.4,0.3,109.480005,80,35,128.799997,156.400007,61.719998,1,1,1037,0,ilp_v2,optimal,1,53.100359,109.479916,0.485024,0.2953,8.8e-05,
u_mand_factor\set37\u_mand_factor_0.7.py,u_mand_factor,37,u_mand_factor,0.7,2,8,5,0.7,0.5,0.7,0.6,1.4,0.3,109.480005,80,35,128.799997,156.400007,61.719998,1,1,1037,0,heuristic_v5b,solved,1,28.450127,108.624886,0.261912,0.0567,,
u_mand_factor\set37\u_mand_factor_0.7.py,u_mand_factor,37,u_mand_factor,0.7,2,8,5,0.7,0.5,0.7,0.6,1.4,0.3,109.480005,80,35,128.799997,156.400007,61.719998,1,1,1037,0,heuristic_v7,solved,1,52.207286,109.330525,0.477518,0.5407,,
u_mand_factor\set37\u_mand_factor_0.8.py,u_mand_factor,37,u_mand_factor,0.8,2,8,5,0.8,0.5,0.7,0.6,1.6,0.2,115.91998,80,35,147.199988,165.599971,70.537137,1,1,1037,0,ilp_v2,infeasible,0,,,,0.0225,,
u_mand_factor\set37\u_mand_factor_0.8.py,u_mand_factor,37,u_mand_factor,0.8,2,8,5,0.8,0.5,0.7,0.6,1.6,0.2,115.91998,80,35,147.199988,165.599971,70.537137,1,1,1037,0,heuristic_v5b,infeasible,0,,119.959665,,0.0657,,over budget: E=119.9597 > B=115.9200
u_mand_factor\set37\u_mand_factor_0.8.py,u_mand_factor,37,u_mand_factor,0.8,2,8,5,0.8,0.5,0.7,0.6,1.6,0.2,115.91998,80,35,147.199988,165.599971,70.537137,1,1,1037,0,heuristic_v7,infeasible,0,,116.663426,,0.4117,,over budget: E=116.6634 > B=115.9200
u_mand_factor\set37\u_mand_factor_0.9.py,u_mand_factor,37,u_mand_factor,0.9,2,8,5,0.9,0.5,0.7,0.6,1.8,0.1,122.360006,80,35,165.600007,174.800008,79.354289,1,1,1037,0,ilp_v2,infeasible,0,,,,0.0311,,
u_mand_factor\set37\u_mand_factor_0.9.py,u_mand_factor,37,u_mand_factor,0.9,2,8,5,0.9,0.5,0.7,0.6,1.8,0.1,122.360006,80,35,165.600007,174.800008,79.354289,1,1,1037,0,heuristic_v5b,infeasible,0,,,,0.0,,
u_mand_factor\set37\u_mand_factor_0.9.py,u_mand_factor,37,u_mand_factor,0.9,2,8,5,0.9,0.5,0.7,0.6,1.8,0.1,122.360006,80,35,165.600007,174.800008,79.354289,1,1,1037,0,heuristic_v7,infeasible,0,,,,0.0,,
u_mand_factor\set38\u_mand_factor_0.1.py,u_mand_factor,38,u_mand_factor,0.1,2,8,5,0.1,0.5,0.7,0.6,0.2,0.9,70.840008,80,26,18.400006,101.200012,8.560003,1,0,1038,0,ilp_v2,optimal,1,277.327148,68.100465,4.072324,0.0125,0.0,
u_mand_factor\set38\u_mand_factor_0.1.py,u_mand_factor,38,u_mand_factor,0.1,2,8,5,0.1,0.5,0.7,0.6,0.2,0.9,70.840008,80,26,18.400006,101.200012,8.560003,1,0,1038,0,heuristic_v5b,solved,1,277.327148,67.275546,4.122258,0.0089,,
u_mand_factor\set38\u_mand_factor_0.1.py,u_mand_factor,38,u_mand_factor,0.1,2,8,5,0.1,0.5,0.7,0.6,0.2,0.9,70.840008,80,26,18.400006,101.200012,8.560003,1,0,1038,0,heuristic_v7,solved,1,277.327148,69.270105,4.003562,0.0841,,
u_mand_factor\set38\u_mand_factor_0.2.py,u_mand_factor,38,u_mand_factor,0.2,2,8,5,0.2,0.5,0.7,0.6,0.4,0.8,77.280007,80,26,36.800002,110.40001,17.120001,1,0,1038,0,ilp_v2,optimal,1,197.477679,77.113542,2.560869,0.1019,0.0,
u_mand_factor\set38\u_mand_factor_0.2.py,u_mand_factor,38,u_mand_factor,0.2,2,8,5,0.2,0.5,0.7,0.6,0.4,0.8,77.280007,80,26,36.800002,110.40001,17.120001,1,0,1038,0,heuristic_v5b,solved,1,203.488838,77.223427,2.635066,0.0173,,
u_mand_factor\set38\u_mand_factor_0.2.py,u_mand_factor,38,u_mand_factor,0.2,2,8,5,0.2,0.5,0.7,0.6,0.4,0.8,77.280007,80,26,36.800002,110.40001,17.120001,1,0,1038,0,heuristic_v7,solved,1,213.502176,75.180082,2.839877,0.128,,
u_mand_factor\set38\u_mand_factor_0.3.py,u_mand_factor,38,u_mand_factor,0.3,2,8,5,0.3,0.5,0.7,0.6,0.6,0.7,83.719993,80,26,55.199999,119.59999,25.679999,1,1,1038,0,ilp_v2,optimal,1,170.23793,83.553644,2.037469,0.073,0.0,
u_mand_factor\set38\u_mand_factor_0.3.py,u_mand_factor,38,u_mand_factor,0.3,2,8,5,0.3,0.5,0.7,0.6,0.6,0.7,83.719993,80,26,55.199999,119.59999,25.679999,1,1,1038,0,heuristic_v5b,solved,1,181.687687,82.264908,2.208569,0.0092,,
u_mand_factor\set38\u_mand_factor_0.3.py,u_mand_factor,38,u_mand_factor,0.3,2,8,5,0.3,0.5,0.7,0.6,0.6,0.7,83.719993,80,26,55.199999,119.59999,25.679999,1,1,1038,0,heuristic_v7,solved,1,185.102625,82.621512,2.240368,0.2206,,
u_mand_factor\set38\u_mand_factor_0.4.py,u_mand_factor,38,u_mand_factor,0.4,2,8,5,0.4,0.5,0.7,0.6,0.8,0.6,90.160004,80,26,73.599999,128.800006,34.239999,1,1,1038,0,ilp_v2,optimal,1,148.139945,90.116589,1.64387,0.081,0.0,
u_mand_factor\set38\u_mand_factor_0.4.py,u_mand_factor,38,u_mand_factor,0.4,2,8,5,0.4,0.5,0.7,0.6,0.8,0.6,90.160004,80,26,73.599999,128.800006,34.239999,1,1,1038,0,heuristic_v5b,solved,1,165.735886,89.843637,1.844715,0.0081,,
u_mand_factor\set38\u_mand_factor_0.4.py,u_mand_factor,38,u_mand_factor,0.4,2,8,5,0.4,0.5,0.7,0.6,0.8,0.6,90.160004,80,26,73.599999,128.800006,34.239999,1,1,1038,0,heuristic_v7,solved,1,165.735886,89.843637,1.844715,0.1539,,
u_mand_factor\set38\u_mand_factor_0.5.py,u_mand_factor,38,u_mand_factor,0.5,2,8,5,0.5,0.5,0.7,0.6,1.0,0.5,96.600007,80,26,91.999997,138.00001,42.799998,1,1,1038,0,ilp_v2,optimal,1,104.763812,96.369467,1.087106,0.069,0.0,
u_mand_factor\set38\u_mand_factor_0.5.py,u_mand_factor,38,u_mand_factor,0.5,2,8,5,0.5,0.5,0.7,0.6,1.0,0.5,96.600007,80,26,91.999997,138.00001,42.799998,1,1,1038,0,heuristic_v5b,solved,1,126.12576,96.544104,1.306406,0.021,,
u_mand_factor\set38\u_mand_factor_0.5.py,u_mand_factor,38,u_mand_factor,0.5,2,8,5,0.5,0.5,0.7,0.6,1.0,0.5,96.600007,80,26,91.999997,138.00001,42.799998,1,1,1038,0,heuristic_v7,solved,1,131.015343,96.452302,1.358343,0.2466,,
u_mand_factor\set38\u_mand_factor_0.6.py,u_mand_factor,38,u_mand_factor,0.6,2,8,5,0.6,0.5,0.7,0.6,1.2,0.4,103.040004,80,26,110.400001,147.200006,51.360001,1,1,1038,0,ilp_v2,optimal,1,46.57621,102.991787,0.452232,0.0332,0.0,
u_mand_factor\set38\u_mand_factor_0.6.py,u_mand_factor,38,u_mand_factor,0.6,2,8,5,0.6,0.5,0.7,0.6,1.2,0.4,103.040004,80,26,110.400001,147.200006,51.360001,1,1,1038,0,heuristic_v5b,solved,1,74.831109,103.012876,0.726425,0.0203,,
u_mand_factor\set38\u_mand_factor_0.6.py,u_mand_factor,38,u_mand_factor,0.6,2,8,5,0.6,0.5,0.7,0.6,1.2,0.4,103.040004,80,26,110.400001,147.200006,51.360001,1,1,1038,0,heuristic_v7,solved,1,84.554023,102.872849,0.821928,0.4173,,
u_mand_factor\set38\u_mand_factor_0.7.py,u_mand_factor,38,u_mand_factor,0.7,2,8,5,0.7,0.5,0.7,0.6,1.4,0.3,109.480006,80,26,128.800008,156.400008,59.920004,1,1,1038,0,ilp_v2,infeasible,0,,,,0.0098,,
u_mand_factor\set38\u_mand_factor_0.7.py,u_mand_factor,38,u_mand_factor,0.7,2,8,5,0.7,0.5,0.7,0.6,1.4,0.3,109.480006,80,26,128.800008,156.400008,59.920004,1,1,1038,0,heuristic_v5b,solved,1,33.470827,109.470139,0.305753,0.025,,
u_mand_factor\set38\u_mand_factor_0.7.py,u_mand_factor,38,u_mand_factor,0.7,2,8,5,0.7,0.5,0.7,0.6,1.4,0.3,109.480006,80,26,128.800008,156.400008,59.920004,1,1,1038,0,heuristic_v7,solved,1,34.104799,109.456965,0.311582,0.2253,,
u_mand_factor\set38\u_mand_factor_0.8.py,u_mand_factor,38,u_mand_factor,0.8,2,8,5,0.8,0.5,0.7,0.6,1.6,0.2,115.919998,80,26,147.199999,165.599997,68.479999,1,1,1038,0,ilp_v2,infeasible,0,,,,0.0084,,
u_mand_factor\set38\u_mand_factor_0.8.py,u_mand_factor,38,u_mand_factor,0.8,2,8,5,0.8,0.5,0.7,0.6,1.6,0.2,115.919998,80,26,147.199999,165.599997,68.479999,1,1,1038,0,heuristic_v5b,infeasible,0,,124.222148,,0.0303,,over budget: E=124.2221 > B=115.9200
u_mand_factor\set38\u_mand_factor_0.8.py,u_mand_factor,38,u_mand_factor,0.8,2,8,5,0.8,0.5,0.7,0.6,1.6,0.2,115.919998,80,26,147.199999,165.599997,68.479999,1,1,1038,0,heuristic_v7,infeasible,0,,128.019716,,0.2122,,over budget: E=128.0197 > B=115.9200
u_mand_factor\set38\u_mand_factor_0.9.py,u_mand_factor,38,u_mand_factor,0.9,2,8,5,0.9,0.5,0.7,0.6,1.8,0.1,122.359996,80,26,165.599995,174.799994,77.039998,1,1,1038,0,ilp_v2,infeasible,0,,,,0.0091,,
u_mand_factor\set38\u_mand_factor_0.9.py,u_mand_factor,38,u_mand_factor,0.9,2,8,5,0.9,0.5,0.7,0.6,1.8,0.1,122.359996,80,26,165.599995,174.799994,77.039998,1,1,1038,0,heuristic_v5b,infeasible,0,,152.029356,,0.0216,,over budget: E=152.0294 > B=122.3600
u_mand_factor\set38\u_mand_factor_0.9.py,u_mand_factor,38,u_mand_factor,0.9,2,8,5,0.9,0.5,0.7,0.6,1.8,0.1,122.359996,80,26,165.599995,174.799994,77.039998,1,1,1038,0,heuristic_v7,infeasible,0,,151.722588,,0.2025,,over budget: E=151.7226 > B=122.3600
u_mand_factor\set39\u_mand_factor_0.1.py,u_mand_factor,39,u_mand_factor,0.1,2,8,5,0.1,0.5,0.7,0.6,0.2,0.9,70.84,80,36,18.399997,101.2,8.559998,1,0,1039,0,ilp_v2,optimal,1,205.283361,67.882807,3.024085,0.0184,0.0,
u_mand_factor\set39\u_mand_factor_0.1.py,u_mand_factor,39,u_mand_factor,0.1,2,8,5,0.1,0.5,0.7,0.6,0.2,0.9,70.84,80,36,18.399997,101.2,8.559998,1,0,1039,0,heuristic_v5b,solved,1,205.283361,70.641422,2.905991,0.0179,,
u_mand_factor\set39\u_mand_factor_0.1.py,u_mand_factor,39,u_mand_factor,0.1,2,8,5,0.1,0.5,0.7,0.6,0.2,0.9,70.84,80,36,18.399997,101.2,8.559998,1,0,1039,0,heuristic_v7,solved,1,205.283361,70.641422,2.905991,0.2187,,
u_mand_factor\set39\u_mand_factor_0.2.py,u_mand_factor,39,u_mand_factor,0.2,2,8,5,0.2,0.5,0.7,0.6,0.4,0.8,77.279995,80,36,36.799998,110.399993,17.119999,1,0,1039,0,ilp_v2,optimal,1,158.516354,75.73855,2.092941,0.0275,0.0,
u_mand_factor\set39\u_mand_factor_0.2.py,u_mand_factor,39,u_mand_factor,0.2,2,8,5,0.2,0.5,0.7,0.6,0.4,0.8,77.279995,80,36,36.799998,110.399993,17.119999,1,0,1039,0,heuristic_v5b,solved,1,158.516354,76.885303,2.061725,0.0158,,
u_mand_factor\set39\u_mand_factor_0.2.py,u_mand_factor,39,u_mand_factor,0.2,2,8,5,0.2,0.5,0.7,0.6,0.4,0.8,77.279995,80,36,36.799998,110.399993,17.119999,1,0,1039,0,heuristic_v7,solved,1,158.516354,76.885303,2.061725,0.1663,,
u_mand_factor\set39\u_mand_factor_0.3.py,u_mand_factor,39,u_mand_factor,0.3,2,8,5,0.3,0.5,0.7,0.6,0.6,0.7,83.719985,80,36,55.199994,119.599978,25.679997,1,1,1039,0,ilp_v2,optimal,1,137.063363,82.110563,1.669254,0.0237,0.0,
u_mand_factor\set39\u_mand_factor_0.3.py,u_mand_factor,39,u_mand_factor,0.3,2,8,5,0.3,0.5,0.7,0.6,0.6,0.7,83.719985,80,36,55.199994,119.599978,25.679997,1,1,1039,0,heuristic_v5b,solved,1,136.892959,83.648479,1.636527,0.0168,,
u_mand_factor\set39\u_mand_factor_0.3.py,u_mand_factor,39,u_mand_factor,0.3,2,8,5,0.3,0.5,0.7,0.6,0.6,0.7,83.719985,80,36,55.199994,119.599978,25.679997,1,1,1039,0,heuristic_v7,solved,1,137.063363,83.699053,1.637574,0.2904,,
u_mand_factor\set39\u_mand_factor_0.4.py,u_mand_factor,39,u_mand_factor,0.4,2,8,5,0.4,0.5,0.7,0.6,0.8,0.6,90.160008,80,36,73.60001,128.800012,34.240005,1,1,1039,0,ilp_v2,optimal,1,118.993462,90.060387,1.321263,0.0249,0.0,
u_mand_factor\set39\u_mand_factor_0.4.py,u_mand_factor,39,u_mand_factor,0.4,2,8,5,0.4,0.5,0.7,0.6,0.8,0.6,90.160008,80,36,73.60001,128.800012,34.240005,1,1,1039,0,heuristic_v5b,solved,1,118.993462,89.423267,1.330677,0.0204,,
u_mand_factor\set39\u_mand_factor_0.4.py,u_mand_factor,39,u_mand_factor,0.4,2,8,5,0.4,0.5,0.7,0.6,0.8,0.6,90.160008,80,36,73.60001,128.800012,34.240005,1,1,1039,0,heuristic_v7,solved,1,118.993462,90.019393,1.321865,0.3157,,
u_mand_factor\set39\u_mand_factor_0.5.py,u_mand_factor,39,u_mand_factor,0.5,2,8,5,0.5,0.5,0.7,0.6,1.0,0.5,96.599998,80,36,91.999989,137.999997,42.799995,1,1,1039,0,ilp_v2,optimal,1,98.829655,96.474866,1.024408,2.1337,2.3e-05,
u_mand_factor\set39\u_mand_factor_0.5.py,u_mand_factor,39,u_mand_factor,0.5,2,8,5,0.5,0.5,0.7,0.6,1.0,0.5,96.599998,80,36,91.999989,137.999997,42.799995,1,1,1039,0,heuristic_v5b,solved,1,96.233104,96.596162,0.996241,0.0278,,
u_mand_factor\set39\u_mand_factor_0.5.py,u_mand_factor,39,u_mand_factor,0.5,2,8,5,0.5,0.5,0.7,0.6,1.0,0.5,96.599998,80,36,91.999989,137.999997,42.799995,1,1,1039,0,heuristic_v7,solved,1,101.974904,96.572673,1.05594,0.2618,,
u_mand_factor\set39\u_mand_factor_0.6.py,u_mand_factor,39,u_mand_factor,0.6,2,8,5,0.6,0.5,0.7,0.6,1.2,0.4,103.039987,80,36,110.400003,147.199982,51.360002,1,1,1039,0,ilp_v2,optimal,1,74.142514,103.033253,0.719598,1.0563,0.0,
u_mand_factor\set39\u_mand_factor_0.6.py,u_mand_factor,39,u_mand_factor,0.6,2,8,5,0.6,0.5,0.7,0.6,1.2,0.4,103.039987,80,36,110.400003,147.199982,51.360002,1,1,1039,0,heuristic_v5b,solved,1,65.649377,103.038128,0.637137,0.0558,,
u_mand_factor\set39\u_mand_factor_0.6.py,u_mand_factor,39,u_mand_factor,0.6,2,8,5,0.6,0.5,0.7,0.6,1.2,0.4,103.039987,80,36,110.400003,147.199982,51.360002,1,1,1039,0,heuristic_v7,solved,1,79.806007,103.022127,0.774649,0.853,,
u_mand_factor\set39\u_mand_factor_0.7.py,u_mand_factor,39,u_mand_factor,0.7,2,8,5,0.7,0.5,0.7,0.6,1.4,0.3,109.479993,80,36,128.799995,156.39999,59.919998,1,1,1039,0,ilp_v2,optimal,1,47.772986,109.427618,0.436572,0.3776,7.2e-05,
u_mand_factor\set39\u_mand_factor_0.7.py,u_mand_factor,39,u_mand_factor,0.7,2,8,5,0.7,0.5,0.7,0.6,1.4,0.3,109.479993,80,36,128.799995,156.39999,59.919998,1,1,1039,0,heuristic_v5b,solved,1,46.020226,109.3798,0.420738,0.0394,,
u_mand_factor\set39\u_mand_factor_0.7.py,u_mand_factor,39,u_mand_factor,0.7,2,8,5,0.7,0.5,0.7,0.6,1.4,0.3,109.479993,80,36,128.799995,156.39999,59.919998,1,1,1039,0,heuristic_v7,solved,1,49.725195,109.456321,0.454293,0.7749,,
u_mand_factor\set39\u_mand_factor_0.8.py,u_mand_factor,39,u_mand_factor,0.8,2,8,5,0.8,0.5,0.7,0.6,1.6,0.2,115.920002,80,36,147.200001,165.600003,68.480001,1,1,1039,0,ilp_v2,optimal,1,9.826085,115.919078,0.084767,3.0846,0.0,
u_mand_factor\set39\u_mand_factor_0.8.py,u_mand_factor,39,u_mand_factor,0.8,2,8,5,0.8,0.5,0.7,0.6,1.6,0.2,115.920002,80,36,147.200001,165.600003,68.480001,1,1,1039,0,heuristic_v5b,solved,1,13.081863,115.801576,0.112968,0.0952,,
u_mand_factor\set39\u_mand_factor_0.8.py,u_mand_factor,39,u_mand_factor,0.8,2,8,5,0.8,0.5,0.7,0.6,1.6,0.2,115.920002,80,36,147.200001,165.600003,68.480001,1,1,1039,0,heuristic_v7,solved,1,14.866037,115.713933,0.128472,0.8943,,
u_mand_factor\set39\u_mand_factor_0.9.py,u_mand_factor,39,u_mand_factor,0.9,2,8,5,0.9,0.5,0.7,0.6,1.8,0.1,122.359989,80,36,165.599998,174.799984,77.039999,1,1,1039,0,ilp_v2,infeasible,0,,,,0.0129,,
u_mand_factor\set39\u_mand_factor_0.9.py,u_mand_factor,39,u_mand_factor,0.9,2,8,5,0.9,0.5,0.7,0.6,1.8,0.1,122.359989,80,36,165.599998,174.799984,77.039999,1,1,1039,0,heuristic_v5b,infeasible,0,,142.803798,,0.0359,,over budget: E=142.8038 > B=122.3600
u_mand_factor\set39\u_mand_factor_0.9.py,u_mand_factor,39,u_mand_factor,0.9,2,8,5,0.9,0.5,0.7,0.6,1.8,0.1,122.359989,80,36,165.599998,174.799984,77.039999,1,1,1039,0,heuristic_v7,infeasible,0,,144.219043,,0.3256,,over budget: E=144.2190 > B=122.3600
u_mand_factor\set40\u_mand_factor_0.1.py,u_mand_factor,40,u_mand_factor,0.1,2,8,5,0.1,0.5,0.7,0.6,0.2,0.9,70.840006,80,29,18.400001,101.200008,8.560001,1,0,1040,0,ilp_v2,optimal,1,233.195176,68.149975,3.421794,0.02,0.0,
u_mand_factor\set40\u_mand_factor_0.1.py,u_mand_factor,40,u_mand_factor,0.1,2,8,5,0.1,0.5,0.7,0.6,0.2,0.9,70.840006,80,29,18.400001,101.200008,8.560001,1,0,1040,0,heuristic_v5b,solved,1,233.195176,70.038119,3.329547,0.0096,,
u_mand_factor\set40\u_mand_factor_0.1.py,u_mand_factor,40,u_mand_factor,0.1,2,8,5,0.1,0.5,0.7,0.6,0.2,0.9,70.840006,80,29,18.400001,101.200008,8.560001,1,0,1040,0,heuristic_v7,solved,1,233.195176,70.038119,3.329547,0.1651,,
u_mand_factor\set40\u_mand_factor_0.2.py,u_mand_factor,40,u_mand_factor,0.2,2,8,5,0.2,0.5,0.7,0.6,0.4,0.8,77.279999,80,29,36.799998,110.399999,17.119999,1,0,1040,0,ilp_v2,optimal,1,187.732138,73.09207,2.568434,0.0198,0.0,
u_mand_factor\set40\u_mand_factor_0.2.py,u_mand_factor,40,u_mand_factor,0.2,2,8,5,0.2,0.5,0.7,0.6,0.4,0.8,77.279999,80,29,36.799998,110.399999,17.119999,1,0,1040,0,heuristic_v5b,solved,1,187.732138,76.474045,2.454848,0.0136,,
u_mand_factor\set40\u_mand_factor_0.2.py,u_mand_factor,40,u_mand_factor,0.2,2,8,5,0.2,0.5,0.7,0.6,0.4,0.8,77.279999,80,29,36.799998,110.399999,17.119999,1,0,1040,0,heuristic_v7,solved,1,187.732138,77.238987,2.430536,0.389,,
u_mand_factor\set40\u_mand_factor_0.3.py,u_mand_factor,40,u_mand_factor,0.3,2,8,5,0.3,0.5,0.7,0.6,0.6,0.7,83.719988,80,29,55.199999,119.599983,25.679999,1,1,1040,0,ilp_v2,optimal,1,171.897114,82.962928,2.071975,0.0299,0.0,
u_mand_factor\set40\u_mand_factor_0.3.py,u_mand_factor,40,u_mand_factor,0.3,2,8,5,0.3,0.5,0.7,0.6,0.6,0.7,83.719988,80,29,55.199999,119.599983,25.679999,1,1,1040,0,heuristic_v5b,solved,1,160.828131,78.776,2.041588,0.0126,,
u_mand_factor\set40\u_mand_factor_0.3.py,u_mand_factor,40,u_mand_factor,0.3,2,8,5,0.3,0.5,0.7,0.6,0.6,0.7,83.719988,80,29,55.199999,119.599983,25.679999,1,1,1040,0,heuristic_v7,solved,1,171.897114,83.365844,2.061961,0.1667,,
u_mand_factor\set40\u_mand_factor_0.4.py,u_mand_factor,40,u_mand_factor,0.4,2,8,5,0.4,0.5,0.7,0.6,0.8,0.6,90.159997,80,29,73.600002,128.799995,34.240001,1,1,1040,0,ilp_v2,optimal,1,155.887624,90.105041,1.730066,0.1125,0.0,
u_mand_factor\set40\u_mand_factor_0.4.py,u_mand_factor,40,u_mand_factor,0.4,2,8,5,0.4,0.5,0.7,0.6,0.8,0.6,90.159997,80,29,73.600002,128.799995,34.240001,1,1,1040,0,heuristic_v5b,solved,1,136.063267,89.575958,1.518971,0.013,,
u_mand_factor\set40\u_mand_factor_0.4.py,u_mand_factor,40,u_mand_factor,0.4,2,8,5,0.4,0.5,0.7,0.6,0.8,0.6,90.159997,80,29,73.600002,128.799995,34.240001,1,1,1040,0,heuristic_v7,solved,1,156.478133,89.901157,1.740557,0.1632,,
u_mand_factor\set40\u_mand_factor_0.5.py,u_mand_factor,40,u_mand_factor,0.5,2,8,5,0.5,0.5,0.7,0.6,1.0,0.5,96.599994,80,29,92.000003,137.999991,42.800002,1,1,1040,0,ilp_v2,optimal,1,133.750384,96.598407,1.384602,0.2357,0.0,
u_mand_factor\set40\u_mand_factor_0.5.py,u_mand_factor,40,u_mand_factor,0.5,2,8,5,0.5,0.5,0.7,0.6,1.0,0.5,96.599994,80,29,92.000003,137.999991,42.800002,1,1,1040,0,heuristic_v5b,solved,1,129.896674,96.137199,1.351159,0.0283,,
u_mand_factor\set40\u_mand_factor_0.5.py,u_mand_factor,40,u_mand_factor,0.5,2,8,5,0.5,0.5,0.7,0.6,1.0,0.5,96.599994,80,29,92.000003,137.999991,42.800002,1,1,1040,0,heuristic_v7,solved,1,129.896674,96.137199,1.351159,0.1733,,
u_mand_factor\set40\u_mand_factor_0.6.py,u_mand_factor,40,u_mand_factor,0.6,2,8,5,0.6,0.5,0.7,0.6,1.2,0.4,103.040006,80,29,110.4,147.200009,51.36,1,1,1040,0,ilp_v2,optimal,1,94.929979,103.039953,0.921293,0.6765,8.9e-05,
u_mand_factor\set40\u_mand_factor_0.6.py,u_mand_factor,40,u_mand_factor,0.6,2,8,5,0.6,0.5,0.7,0.6,1.2,0.4,103.040006,80,29,110.4,147.200009,51.36,1,1,1040,0,heuristic_v5b,solved,1,65.398756,103.011963,0.634866,0.0168,,
u_mand_factor\set40\u_mand_factor_0.6.py,u_mand_factor,40,u_mand_factor,0.6,2,8,5,0.6,0.5,0.7,0.6,1.2,0.4,103.040006,80,29,110.4,147.200009,51.36,1,1,1040,0,heuristic_v7,solved,1,96.916534,102.613401,0.944482,0.3011,,
u_mand_factor\set40\u_mand_factor_0.7.py,u_mand_factor,40,u_mand_factor,0.7,2,8,5,0.7,0.5,0.7,0.6,1.4,0.3,109.480005,80,29,128.800001,156.400007,59.920001,1,1,1040,0,ilp_v2,optimal,1,50.430919,109.470033,0.460682,0.1484,0.0,
u_mand_factor\set40\u_mand_factor_0.7.py,u_mand_factor,40,u_mand_factor,0.7,2,8,5,0.7,0.5,0.7,0.6,1.4,0.3,109.480005,80,29,128.800001,156.400007,59.920001,1,1,1040,0,heuristic_v5b,solved,1,31.168537,108.81038,0.286448,0.0198,,
u_mand_factor\set40\u_mand_factor_0.7.py,u_mand_factor,40,u_mand_factor,0.7,2,8,5,0.7,0.5,0.7,0.6,1.4,0.3,109.480005,80,29,128.800001,156.400007,59.920001,1,1,1040,0,heuristic_v7,solved,1,50.545892,109.433621,0.461886,0.2582,,
u_mand_factor\set40\u_mand_factor_0.8.py,u_mand_factor,40,u_mand_factor,0.8,2,8,5,0.8,0.5,0.7,0.6,1.6,0.2,115.919998,80,29,147.2,165.599998,68.48,1,1,1040,0,ilp_v2,infeasible,0,,,,0.0294,,
u_mand_factor\set40\u_mand_factor_0.8.py,u_mand_factor,40,u_mand_factor,0.8,2,8,5,0.8,0.5,0.7,0.6,1.6,0.2,115.919998,80,29,147.2,165.599998,68.48,1,1,1040,0,heuristic_v5b,infeasible,0,,,,0.0,,
u_mand_factor\set40\u_mand_factor_0.8.py,u_mand_factor,40,u_mand_factor,0.8,2,8,5,0.8,0.5,0.7,0.6,1.6,0.2,115.919998,80,29,147.2,165.599998,68.48,1,1,1040,0,heuristic_v7,infeasible,0,,,,0.0,,
u_mand_factor\set40\u_mand_factor_0.9.py,u_mand_factor,40,u_mand_factor,0.9,2,8,5,0.9,0.5,0.7,0.6,1.8,0.1,122.359997,80,29,165.599999,174.799995,77.039999,1,1,1040,0,ilp_v2,infeasible,0,,,,0.0278,,
u_mand_factor\set40\u_mand_factor_0.9.py,u_mand_factor,40,u_mand_factor,0.9,2,8,5,0.9,0.5,0.7,0.6,1.8,0.1,122.359997,80,29,165.599999,174.799995,77.039999,1,1,1040,0,heuristic_v5b,infeasible,0,,,,0.0,,
u_mand_factor\set40\u_mand_factor_0.9.py,u_mand_factor,40,u_mand_factor,0.9,2,8,5,0.9,0.5,0.7,0.6,1.8,0.1,122.359997,80,29,165.599999,174.799995,77.039999,1,1,1040,0,heuristic_v7,infeasible,0,,,,0.0,,
u_mand_factor\set41\u_mand_factor_0.1.py,u_mand_factor,41,u_mand_factor,0.1,2,8,5,0.1,0.5,0.7,0.6,0.2,0.9,70.840001,80,36,18.399998,101.200001,8.559999,1,0,1041,0,ilp_v2,optimal,1,186.923074,62.66958,2.982676,0.027,0.0,
u_mand_factor\set41\u_mand_factor_0.1.py,u_mand_factor,41,u_mand_factor,0.1,2,8,5,0.1,0.5,0.7,0.6,0.2,0.9,70.840001,80,36,18.399998,101.200001,8.559999,1,0,1041,0,heuristic_v5b,solved,1,186.923074,69.348412,2.69542,0.017,,
u_mand_factor\set41\u_mand_factor_0.1.py,u_mand_factor,41,u_mand_factor,0.1,2,8,5,0.1,0.5,0.7,0.6,0.2,0.9,70.840001,80,36,18.399998,101.200001,8.559999,1,0,1041,0,heuristic_v7,solved,1,186.923074,69.348412,2.69542,0.5236,,
u_mand_factor\set41\u_mand_factor_0.2.py,u_mand_factor,41,u_mand_factor,0.2,2,8,5,0.2,0.5,0.7,0.6,0.4,0.8,77.28,80,36,36.799999,110.4,17.119999,1,0,1041,0,ilp_v2,optimal,1,211.843716,68.706717,3.083304,0.0298,0.0,
u_mand_factor\set41\u_mand_factor_0.2.py,u_mand_factor,41,u_mand_factor,0.2,2,8,5,0.2,0.5,0.7,0.6,0.4,0.8,77.28,80,36,36.799999,110.4,17.119999,1,0,1041,0,heuristic_v5b,solved,1,211.843716,73.914482,2.866065,0.0155,,
u_mand_factor\set41\u_mand_factor_0.2.py,u_mand_factor,41,u_mand_factor,0.2,2,8,5,0.2,0.5,0.7,0.6,0.4,0.8,77.28,80,36,36.799999,110.4,17.119999,1,0,1041,0,heuristic_v7,solved,1,211.843716,73.914482,2.866065,0.2993,,
u_mand_factor\set41\u_mand_factor_0.3.py,u_mand_factor,41,u_mand_factor,0.3,2,8,5,0.3,0.5,0.7,0.6,0.6,0.7,83.720002,80,36,55.199997,119.600002,25.679998,1,1,1041,0,ilp_v2,optimal,1,165.52927,81.454412,2.032171,0.0308,0.0,
u_mand_factor\set41\u_mand_factor_0.3.py,u_mand_factor,41,u_mand_factor,0.3,2,8,5,0.3,0.5,0.7,0.6,0.6,0.7,83.720002,80,36,55.199997,119.600002,25.679998,1,1,1041,0,heuristic_v5b,solved,1,165.52927,82.326749,2.010638,0.0146,,
u_mand_factor\set41\u_mand_factor_0.3.py,u_mand_factor,41,u_mand_factor,0.3,2,8,5,0.3,0.5,0.7,0.6,0.6,0.7,83.720002,80,36,55.199997,119.600002,25.679998,1,1,1041,0,heuristic_v7,solved,1,165.52927,82.326749,2.010638,0.9634,,
u_mand_factor\set41\u_mand_factor_0.4.py,u_mand_factor,41,u_mand_factor,0.4,2,8,5,0.4,0.5,0.7,0.6,0.8,0.6,90.16001,80,36,73.600013,128.800015,34.240006,1,1,1041,0,ilp_v2,optimal,1,126.996697,90.136521,1.408937,0.0756,0.0,
u_mand_factor\set41\u_mand_factor_0.4.py,u_mand_factor,41,u_mand_factor,0.4,2,8,5,0.4,0.5,0.7,0.6,0.8,0.6,90.16001,80,36,73.600013,128.800015,34.240006,1,1,1041,0,heuristic_v5b,solved,1,122.692043,90.083307,1.361984,0.0247,,
u_mand_factor\set41\u_mand_factor_0.4.py,u_mand_factor,41,u_mand_factor,0.4,2,8,5,0.4,0.5,0.7,0.6,0.8,0.6,90.16001,80,36,73.600013,128.800015,34.240006,1,1,1041,0,heuristic_v7,solved,1,126.996697,89.8605,1.413265,1.0075,,
u_mand_factor\set41\u_mand_factor_0.5.py,u_mand_factor,41,u_mand_factor,0.5,2,8,5,0.5,0.5,0.7,0.6,1.0,0.5,96.599981,80,36,91.999995,137.999974,42.799998,1,1,1041,0,ilp_v2,time_limit,1,92.809416,96.5785,0.960974,30.024,0.000513,
u_mand_factor\set41\u_mand_factor_0.5.py,u_mand_factor,41,u_mand_factor,0.5,2,8,5,0.5,0.5,0.7,0.6,1.0,0.5,96.599981,80,36,91.999995,137.999974,42.799998,1,1,1041,0,heuristic_v5b,solved,1,94.391361,96.580094,0.977338,0.0568,,
u_mand_factor\set41\u_mand_factor_0.5.py,u_mand_factor,41,u_mand_factor,0.5,2,8,5,0.5,0.5,0.7,0.6,1.0,0.5,96.599981,80,36,91.999995,137.999974,42.799998,1,1,1041,0,heuristic_v7,solved,1,94.391361,96.580094,0.977338,0.3792,,
u_mand_factor\set41\u_mand_factor_0.6.py,u_mand_factor,41,u_mand_factor,0.6,2,8,5,0.6,0.5,0.7,0.6,1.2,0.4,103.040006,80,36,110.399999,147.200009,51.359999,1,1,1041,0,ilp_v2,optimal,1,65.488028,103.017309,0.635699,0.4661,2.8e-05,
u_mand_factor\set41\u_mand_factor_0.6.py,u_mand_factor,41,u_mand_factor,0.6,2,8,5,0.6,0.5,0.7,0.6,1.2,0.4,103.040006,80,36,110.399999,147.200009,51.359999,1,1,1041,0,heuristic_v5b,solved,1,57.045922,102.980425,0.553949,0.0785,,
u_mand_factor\set41\u_mand_factor_0.6.py,u_mand_factor,41,u_mand_factor,0.6,2,8,5,0.6,0.5,0.7,0.6,1.2,0.4,103.040006,80,36,110.399999,147.200009,51.359999,1,1,1041,0,heuristic_v7,solved,1,66.138046,103.014782,0.642025,1.3034,,
u_mand_factor\set41\u_mand_factor_0.7.py,u_mand_factor,41,u_mand_factor,0.7,2,8,5,0.7,0.5,0.7,0.6,1.4,0.3,109.479998,80,36,128.800006,156.399998,59.920003,1,1,1041,0,ilp_v2,optimal,1,36.317604,109.452539,0.331811,1.8217,0.0,
u_mand_factor\set41\u_mand_factor_0.7.py,u_mand_factor,41,u_mand_factor,0.7,2,8,5,0.7,0.5,0.7,0.6,1.4,0.3,109.479998,80,36,128.800006,156.399998,59.920003,1,1,1041,0,heuristic_v5b,solved,1,31.73682,109.475905,0.289898,0.0875,,
u_mand_factor\set41\u_mand_factor_0.7.py,u_mand_factor,41,u_mand_factor,0.7,2,8,5,0.7,0.5,0.7,0.6,1.4,0.3,109.479998,80,36,128.800006,156.399998,59.920003,1,1,1041,0,heuristic_v7,solved,1,34.082508,109.458091,0.311375,1.6857,,
u_mand_factor\set41\u_mand_factor_0.8.py,u_mand_factor,41,u_mand_factor,0.8,2,8,5,0.8,0.5,0.7,0.6,1.6,0.2,115.919994,80,36,147.199997,165.599992,68.479998,1,1,1041,0,ilp_v2,infeasible,0,,,,0.025,,
u_mand_factor\set41\u_mand_factor_0.8.py,u_mand_factor,41,u_mand_factor,0.8,2,8,5,0.8,0.5,0.7,0.6,1.6,0.2,115.919994,80,36,147.199997,165.599992,68.479998,1,1,1041,0,heuristic_v5b,infeasible,0,,118.615443,,0.0754,,over budget: E=118.6154 > B=115.9200
u_mand_factor\set41\u_mand_factor_0.8.py,u_mand_factor,41,u_mand_factor,0.8,2,8,5,0.8,0.5,0.7,0.6,1.6,0.2,115.919994,80,36,147.199997,165.599992,68.479998,1,1,1041,0,heuristic_v7,infeasible,0,,118.2268,,0.222,,over budget: E=118.2268 > B=115.9200
u_mand_factor\set41\u_mand_factor_0.9.py,u_mand_factor,41,u_mand_factor,0.9,2,8,5,0.9,0.5,0.7,0.6,1.8,0.1,122.359986,80,36,165.599992,174.79998,77.039996,1,1,1041,0,ilp_v2,infeasible,0,,,,0.0153,,
u_mand_factor\set41\u_mand_factor_0.9.py,u_mand_factor,41,u_mand_factor,0.9,2,8,5,0.9,0.5,0.7,0.6,1.8,0.1,122.359986,80,36,165.599992,174.79998,77.039996,1,1,1041,0,heuristic_v5b,infeasible,0,,151.22774,,0.0776,,over budget: E=151.2277 > B=122.3600
u_mand_factor\set41\u_mand_factor_0.9.py,u_mand_factor,41,u_mand_factor,0.9,2,8,5,0.9,0.5,0.7,0.6,1.8,0.1,122.359986,80,36,165.599992,174.79998,77.039996,1,1,1041,0,heuristic_v7,infeasible,0,,151.946476,,0.3818,,over budget: E=151.9465 > B=122.3600
u_mand_factor\set42\u_mand_factor_0.1.py,u_mand_factor,42,u_mand_factor,0.1,2,8,5,0.1,0.5,0.7,0.6,0.2,0.9,70.839998,80,23,18.399998,101.199998,8.559999,1,0,1042,0,ilp_v2,optimal,1,192.798824,69.435519,2.77666,0.0121,0.0,
u_mand_factor\set42\u_mand_factor_0.1.py,u_mand_factor,42,u_mand_factor,0.1,2,8,5,0.1,0.5,0.7,0.6,0.2,0.9,70.839998,80,23,18.399998,101.199998,8.559999,1,0,1042,0,heuristic_v5b,solved,1,192.798824,69.517016,2.773405,0.0041,,
u_mand_factor\set42\u_mand_factor_0.1.py,u_mand_factor,42,u_mand_factor,0.1,2,8,5,0.1,0.5,0.7,0.6,0.2,0.9,70.839998,80,23,18.399998,101.199998,8.559999,1,0,1042,0,heuristic_v7,solved,1,192.798824,69.517016,2.773405,0.0827,,
u_mand_factor\set42\u_mand_factor_0.2.py,u_mand_factor,42,u_mand_factor,0.2,2,8,5,0.2,0.5,0.7,0.6,0.4,0.8,77.279996,80,23,36.799994,110.399994,17.119997,1,0,1042,0,ilp_v2,optimal,1,179.01545,73.158856,2.446942,0.0116,0.0,
u_mand_factor\set42\u_mand_factor_0.2.py,u_mand_factor,42,u_mand_factor,0.2,2,8,5,0.2,0.5,0.7,0.6,0.4,0.8,77.279996,80,23,36.799994,110.399994,17.119997,1,0,1042,0,heuristic_v5b,solved,1,177.703921,75.779389,2.345017,0.0054,,
u_mand_factor\set42\u_mand_factor_0.2.py,u_mand_factor,42,u_mand_factor,0.2,2,8,5,0.2,0.5,0.7,0.6,0.4,0.8,77.279996,80,23,36.799994,110.399994,17.119997,1,0,1042,0,heuristic_v7,solved,1,179.01545,76.239182,2.348077,0.0765,,
u_mand_factor\set42\u_mand_factor_0.3.py,u_mand_factor,42,u_mand_factor,0.3,2,8,5,0.3,0.5,0.7,0.6,0.6,0.7,83.72,80,23,55.200001,119.6,25.680001,1,1,1042,0,ilp_v2,optimal,1,155.286117,83.684007,1.855625,0.0416,0.0,
u_mand_factor\set42\u_mand_factor_0.3.py,u_mand_factor,42,u_mand_factor,0.3,2,8,5,0.3,0.5,0.7,0.6,0.6,0.7,83.72,80,23,55.200001,119.6,25.680001,1,1,1042,0,heuristic_v5b,solved,1,152.992679,82.50188,1.854414,0.0058,,
u_mand_factor\set42\u_mand_factor_0.3.py,u_mand_factor,42,u_mand_factor,0.3,2,8,5,0.3,0.5,0.7,0.6,0.6,0.7,83.72,80,23,55.200001,119.6,25.680001,1,1,1042,0,heuristic_v7,solved,1,155.286117,83.038577,1.870048,0.1637,,
u_mand_factor\set42\u_mand_factor_0.4.py,u_mand_factor,42,u_mand_factor,0.4,2,8,5,0.4,0.5,0.7,0.6,0.8,0.6,90.160005,80,23,73.600001,128.800007,34.240001,1,1,1042,0,ilp_v2,optimal,1,126.972289,90.126066,1.40883,0.1044,0.0,
u_mand_factor\set42\u_mand_factor_0.4.py,u_mand_factor,42,u_mand_factor,0.4,2,8,5,0.4,0.5,0.7,0.6,0.8,0.6,90.160005,80,23,73.600001,128.800007,34.240001,1,1,1042,0,heuristic_v5b,solved,1,119.301348,90.089446,1.324254,0.0079,,
u_mand_factor\set42\u_mand_factor_0.4.py,u_mand_factor,42,u_mand_factor,0.4,2,8,5,0.4,0.5,0.7,0.6,0.8,0.6,90.160005,80,23,73.600001,128.800007,34.240001,1,1,1042,0,heuristic_v7,solved,1,119.301348,90.089446,1.324254,0.1239,,
u_mand_factor\set42\u_mand_factor_0.5.py,u_mand_factor,42,u_mand_factor,0.5,2,8,5,0.5,0.5,0.7,0.6,1.0,0.5,96.600004,80,23,92.000002,138.000006,42.800001,1,1,1042,0,ilp_v2,optimal,1,97.516852,96.588717,1.009609,0.0214,0.0,
u_mand_factor\set42\u_mand_factor_0.5.py,u_mand_factor,42,u_mand_factor,0.5,2,8,5,0.5,0.5,0.7,0.6,1.0,0.5,96.600004,80,23,92.000002,138.000006,42.800001,1,1,1042,0,heuristic_v5b,solved,1,89.545636,96.318413,0.929683,0.0067,,
u_mand_factor\set42\u_mand_factor_0.5.py,u_mand_factor,42,u_mand_factor,0.5,2,8,5,0.5,0.5,0.7,0.6,1.0,0.5,96.600004,80,23,92.000002,138.000006,42.800001,1,1,1042,0,heuristic_v7,solved,1,93.216367,96.575217,0.96522,0.1899,,
u_mand_factor\set42\u_mand_factor_0.6.py,u_mand_factor,42,u_mand_factor,0.6,2,8,5,0.6,0.5,0.7,0.6,1.2,0.4,103.039993,80,23,110.399995,147.19999,51.359998,1,1,1042,0,ilp_v2,optimal,1,63.479406,102.997278,0.616321,0.2714,0.0,
u_mand_factor\set42\u_mand_factor_0.6.py,u_mand_factor,42,u_mand_factor,0.6,2,8,5,0.6,0.5,0.7,0.6,1.2,0.4,103.039993,80,23,110.399995,147.19999,51.359998,1,1,1042,0,heuristic_v5b,solved,1,52.78285,103.024957,0.512331,0.0187,,
u_mand_factor\set42\u_mand_factor_0.6.py,u_mand_factor,42,u_mand_factor,0.6,2,8,5,0.6,0.5,0.7,0.6,1.2,0.4,103.039993,80,23,110.399995,147.19999,51.359998,1,1,1042,0,heuristic_v7,solved,1,56.124794,102.980707,0.545003,0.2626,,
u_mand_factor\set42\u_mand_factor_0.7.py,u_mand_factor,42,u_mand_factor,0.7,2,8,5,0.7,0.5,0.7,0.6,1.4,0.3,109.480001,80,23,128.800006,156.400001,59.920003,1,1,1042,0,ilp_v2,optimal,1,26.00249,109.460271,0.237552,0.3841,0.0,
u_mand_factor\set42\u_mand_factor_0.7.py,u_mand_factor,42,u_mand_factor,0.7,2,8,5,0.7,0.5,0.7,0.6,1.4,0.3,109.480001,80,23,128.800006,156.400001,59.920003,1,1,1042,0,heuristic_v5b,solved,1,23.154935,109.456018,0.211546,0.045,,
u_mand_factor\set42\u_mand_factor_0.7.py,u_mand_factor,42,u_mand_factor,0.7,2,8,5,0.7,0.5,0.7,0.6,1.4,0.3,109.480001,80,23,128.800006,156.400001,59.920003,1,1,1042,0,heuristic_v7,solved,1,25.102024,109.451846,0.229343,0.2686,,
u_mand_factor\set42\u_mand_factor_0.8.py,u_mand_factor,42,u_mand_factor,0.8,2,8,5,0.8,0.5,0.7,0.6,1.6,0.2,115.92001,80,23,147.200003,165.600015,68.480002,1,1,1042,0,ilp_v2,infeasible,0,,,,0.0144,,
u_mand_factor\set42\u_mand_factor_0.8.py,u_mand_factor,42,u_mand_factor,0.8,2,8,5,0.8,0.5,0.7,0.6,1.6,0.2,115.92001,80,23,147.200003,165.600015,68.480002,1,1,1042,0,heuristic_v5b,infeasible,0,,125.480078,,0.0116,,over budget: E=125.4801 > B=115.9200
u_mand_factor\set42\u_mand_factor_0.8.py,u_mand_factor,42,u_mand_factor,0.8,2,8,5,0.8,0.5,0.7,0.6,1.6,0.2,115.92001,80,23,147.200003,165.600015,68.480002,1,1,1042,0,heuristic_v7,infeasible,0,,125.457539,,0.1649,,over budget: E=125.4575 > B=115.9200
u_mand_factor\set42\u_mand_factor_0.9.py,u_mand_factor,42,u_mand_factor,0.9,2,8,5,0.9,0.5,0.7,0.6,1.8,0.1,122.359998,80,23,165.599995,174.799998,77.039998,1,1,1042,0,ilp_v2,infeasible,0,,,,0.008,,
u_mand_factor\set42\u_mand_factor_0.9.py,u_mand_factor,42,u_mand_factor,0.9,2,8,5,0.9,0.5,0.7,0.6,1.8,0.1,122.359998,80,23,165.599995,174.799998,77.039998,1,1,1042,0,heuristic_v5b,infeasible,0,,154.791775,,0.0172,,over budget: E=154.7918 > B=122.3600
u_mand_factor\set42\u_mand_factor_0.9.py,u_mand_factor,42,u_mand_factor,0.9,2,8,5,0.9,0.5,0.7,0.6,1.8,0.1,122.359998,80,23,165.599995,174.799998,77.039998,1,1,1042,0,heuristic_v7,infeasible,0,,154.663083,,0.1778,,over budget: E=154.6631 > B=122.3600
u_mand_factor\set43\u_mand_factor_0.1.py,u_mand_factor,43,u_mand_factor,0.1,2,8,5,0.1,0.5,0.7,0.6,0.2,0.9,70.839994,80,31,18.399998,101.199992,8.573332,1,0,1043,0,ilp_v2,optimal,1,185.061278,67.075223,2.759011,0.0203,0.0,
u_mand_factor\set43\u_mand_factor_0.1.py,u_mand_factor,43,u_mand_factor,0.1,2,8,5,0.1,0.5,0.7,0.6,0.2,0.9,70.839994,80,31,18.399998,101.199992,8.573332,1,0,1043,0,heuristic_v5b,solved,1,185.061278,70.358334,2.630268,0.0117,,
u_mand_factor\set43\u_mand_factor_0.1.py,u_mand_factor,43,u_mand_factor,0.1,2,8,5,0.1,0.5,0.7,0.6,0.2,0.9,70.839994,80,31,18.399998,101.199992,8.573332,1,0,1043,0,heuristic_v7,solved,1,185.061278,70.358334,2.630268,0.1363,,
u_mand_factor\set43\u_mand_factor_0.2.py,u_mand_factor,43,u_mand_factor,0.2,2,8,5,0.2,0.5,0.7,0.6,0.4,0.8,77.279995,80,31,36.799997,110.399993,17.146665,1,0,1043,0,ilp_v2,optimal,1,180.925488,76.288777,2.371587,0.0208,0.0,
u_mand_factor\set43\u_mand_factor_0.2.py,u_mand_factor,43,u_mand_factor,0.2,2,8,5,0.2,0.5,0.7,0.6,0.4,0.8,77.279995,80,31,36.799997,110.399993,17.146665,1,0,1043,0,heuristic_v5b,solved,1,180.925488,73.199995,2.47166,0.0111,,
u_mand_factor\set43\u_mand_factor_0.2.py,u_mand_factor,43,u_mand_factor,0.2,2,8,5,0.2,0.5,0.7,0.6,0.4,0.8,77.279995,80,31,36.799997,110.399993,17.146665,1,0,1043,0,heuristic_v7,solved,1,180.925488,73.199995,2.47166,0.1851,,
u_mand_factor\set43\u_mand_factor_0.3.py,u_mand_factor,43,u_mand_factor,0.3,2,8,5,0.3,0.5,0.7,0.6,0.6,0.7,83.720002,80,31,55.199997,119.600003,25.719998,1,1,1043,0,ilp_v2,optimal,1,152.705211,83.057263,1.838553,0.0189,0.0,
u_mand_factor\set43\u_mand_factor_0.3.py,u_mand_factor,43,u_mand_factor,0.3,2,8,5,0.3,0.5,0.7,0.6,0.6,0.7,83.720002,80,31,55.199997,119.600003,25.719998,1,1,1043,0,heuristic_v5b,solved,1,142.919712,81.298827,1.757955,0.0134,,
u_mand_factor\set43\u_mand_factor_0.3.py,u_mand_factor,43,u_mand_factor,0.3,2,8,5,0.3,0.5,0.7,0.6,0.6,0.7,83.720002,80,31,55.199997,119.600003,25.719998,1,1,1043,0,heuristic_v7,solved,1,152.705211,79.300002,1.925665,0.1087,,
u_mand_factor\set43\u_mand_factor_0.4.py,u_mand_factor,43,u_mand_factor,0.4,2,8,5,0.4,0.5,0.7,0.6,0.8,0.6,90.160005,80,31,73.600008,128.800007,34.293337,1,1,1043,0,ilp_v2,optimal,1,131.413263,88.480268,1.485227,0.0232,0.0,
u_mand_factor\set43\u_mand_factor_0.4.py,u_mand_factor,43,u_mand_factor,0.4,2,8,5,0.4,0.5,0.7,0.6,0.8,0.6,90.160005,80,31,73.600008,128.800007,34.293337,1,1,1043,0,heuristic_v5b,solved,1,131.413263,89.933247,1.461231,0.0136,,
u_mand_factor\set43\u_mand_factor_0.4.py,u_mand_factor,43,u_mand_factor,0.4,2,8,5,0.4,0.5,0.7,0.6,0.8,0.6,90.160005,80,31,73.600008,128.800007,34.293337,1,1,1043,0,heuristic_v7,solved,1,131.413263,89.822406,1.463034,0.1325,,
u_mand_factor\set43\u_mand_factor_0.5.py,u_mand_factor,43,u_mand_factor,0.5,2,8,5,0.5,0.5,0.7,0.6,1.0,0.5,96.599996,80,31,91.999994,137.999994,42.866664,1,1,1043,0,ilp_v2,optimal,1,104.317124,96.530672,1.080663,0.0268,0.0,
u_mand_factor\set43\u_mand_factor_0.5.py,u_mand_factor,43,u_mand_factor,0.5,2,8,5,0.5,0.5,0.7,0.6,1.0,0.5,96.599996,80,31,91.999994,137.999994,42.866664,1,1,1043,0,heuristic_v5b,solved,1,100.738393,95.448579,1.055421,0.0109,,
u_mand_factor\set43\u_mand_factor_0.5.py,u_mand_factor,43,u_mand_factor,0.5,2,8,5,0.5,0.5,0.7,0.6,1.0,0.5,96.599996,80,31,91.999994,137.999994,42.866664,1,1,1043,0,heuristic_v7,solved,1,101.049937,94.938438,1.064373,0.1592,,
u_mand_factor\set43\u_mand_factor_0.6.py,u_mand_factor,43,u_mand_factor,0.6,2,8,5,0.6,0.5,0.7,0.6,1.2,0.4,103.04,80,31,110.400002,147.2,51.440001,1,1,1043,0,ilp_v2,optimal,1,73.752506,103.028105,0.715848,2.5754,0.0,
u_mand_factor\set43\u_mand_factor_0.6.py,u_mand_factor,43,u_mand_factor,0.6,2,8,5,0.6,0.5,0.7,0.6,1.2,0.4,103.04,80,31,110.400002,147.2,51.440001,1,1,1043,0,heuristic_v5b,solved,1,56.699612,102.583042,0.552719,0.0237,,
u_mand_factor\set43\u_mand_factor_0.6.py,u_mand_factor,43,u_mand_factor,0.6,2,8,5,0.6,0.5,0.7,0.6,1.2,0.4,103.04,80,31,110.400002,147.2,51.440001,1,1,1043,0,heuristic_v7,solved,1,73.68676,102.989826,0.715476,0.3742,,
u_mand_factor\set43\u_mand_factor_0.7.py,u_mand_factor,43,u_mand_factor,0.7,2,8,5,0.7,0.5,0.7,0.6,1.4,0.3,109.479994,80,31,128.8,156.399992,60.013333,1,1,1043,0,ilp_v2,optimal,1,45.006951,109.451398,0.411205,0.3927,0.0,
u_mand_factor\set43\u_mand_factor_0.7.py,u_mand_factor,43,u_mand_factor,0.7,2,8,5,0.7,0.5,0.7,0.6,1.4,0.3,109.479994,80,31,128.8,156.399992,60.013333,1,1,1043,0,heuristic_v5b,solved,1,32.883256,109.279156,0.300911,0.0363,,
u_mand_factor\set43\u_mand_factor_0.7.py,u_mand_factor,43,u_mand_factor,0.7,2,8,5,0.7,0.5,0.7,0.6,1.4,0.3,109.479994,80,31,128.8,156.399992,60.013333,1,1,1043,0,heuristic_v7,solved,1,38.499259,108.889429,0.353563,0.3783,,
u_mand_factor\set43\u_mand_factor_0.8.py,u_mand_factor,43,u_mand_factor,0.8,2,8,5,0.8,0.5,0.7,0.6,1.6,0.2,115.920007,80,31,147.199998,165.60001,68.586666,1,1,1043,0,ilp_v2,optimal,1,8.745084,115.917025,0.075443,0.344,0.0,
u_mand_factor\set43\u_mand_factor_0.8.py,u_mand_factor,43,u_mand_factor,0.8,2,8,5,0.8,0.5,0.7,0.6,1.6,0.2,115.920007,80,31,147.199998,165.60001,68.586666,1,1,1043,0,heuristic_v5b,infeasible,0,,117.552154,,0.0436,,over budget: E=117.5522 > B=115.9200
u_mand_factor\set43\u_mand_factor_0.8.py,u_mand_factor,43,u_mand_factor,0.8,2,8,5,0.8,0.5,0.7,0.6,1.6,0.2,115.920007,80,31,147.199998,165.60001,68.586666,1,1,1043,0,heuristic_v7,solved,1,7.072115,115.787583,0.061078,0.347,,
u_mand_factor\set43\u_mand_factor_0.9.py,u_mand_factor,43,u_mand_factor,0.9,2,8,5,0.9,0.5,0.7,0.6,1.8,0.1,122.359985,80,31,165.599992,174.799978,77.159996,1,1,1043,0,ilp_v2,infeasible,0,,,,0.0109,,
u_mand_factor\set43\u_mand_factor_0.9.py,u_mand_factor,43,u_mand_factor,0.9,2,8,5,0.9,0.5,0.7,0.6,1.8,0.1,122.359985,80,31,165.599992,174.799978,77.159996,1,1,1043,0,heuristic_v5b,infeasible,0,,147.678852,,0.0458,,over budget: E=147.6789 > B=122.3600
u_mand_factor\set43\u_mand_factor_0.9.py,u_mand_factor,43,u_mand_factor,0.9,2,8,5,0.9,0.5,0.7,0.6,1.8,0.1,122.359985,80,31,165.599992,174.799978,77.159996,1,1,1043,0,heuristic_v7,infeasible,0,,147.431894,,0.3201,,over budget: E=147.4319 > B=122.3600
u_mand_factor\set44\u_mand_factor_0.1.py,u_mand_factor,44,u_mand_factor,0.1,2,8,5,0.1,0.5,0.7,0.6,0.2,0.9,70.83999,80,31,18.399995,101.199986,8.573331,1,0,1044,0,ilp_v2,optimal,1,187.681725,68.067396,2.757293,0.0165,0.0,
u_mand_factor\set44\u_mand_factor_0.1.py,u_mand_factor,44,u_mand_factor,0.1,2,8,5,0.1,0.5,0.7,0.6,0.2,0.9,70.83999,80,31,18.399995,101.199986,8.573331,1,0,1044,0,heuristic_v5b,solved,1,187.681725,70.567186,2.659618,0.0082,,
u_mand_factor\set44\u_mand_factor_0.1.py,u_mand_factor,44,u_mand_factor,0.1,2,8,5,0.1,0.5,0.7,0.6,0.2,0.9,70.83999,80,31,18.399995,101.199986,8.573331,1,0,1044,0,heuristic_v7,solved,1,187.681725,70.567186,2.659618,0.2294,,
u_mand_factor\set44\u_mand_factor_0.2.py,u_mand_factor,44,u_mand_factor,0.2,2,8,5,0.2,0.5,0.7,0.6,0.4,0.8,77.280004,80,31,36.799998,110.400006,17.146666,1,0,1044,0,ilp_v2,optimal,1,167.765266,69.745193,2.405403,0.0148,0.0,
u_mand_factor\set44\u_mand_factor_0.2.py,u_mand_factor,44,u_mand_factor,0.2,2,8,5,0.2,0.5,0.7,0.6,0.4,0.8,77.280004,80,31,36.799998,110.400006,17.146666,1,0,1044,0,heuristic_v5b,solved,1,167.765266,76.491805,2.193245,0.0076,,
u_mand_factor\set44\u_mand_factor_0.2.py,u_mand_factor,44,u_mand_factor,0.2,2,8,5,0.2,0.5,0.7,0.6,0.4,0.8,77.280004,80,31,36.799998,110.400006,17.146666,1,0,1044,0,heuristic_v7,solved,1,167.765266,76.491805,2.193245,0.1323,,
u_mand_factor\set44\u_mand_factor_0.3.py,u_mand_factor,44,u_mand_factor,0.3,2,8,5,0.3,0.5,0.7,0.6,0.6,0.7,83.720001,80,31,55.199999,119.600001,25.719999,1,1,1044,0,ilp_v2,optimal,1,144.267379,83.140422,1.735225,0.0198,0.0,
u_mand_factor\set44\u_mand_factor_0.3.py,u_mand_factor,44,u_mand_factor,0.3,2,8,5,0.3,0.5,0.7,0.6,0.6,0.7,83.720001,80,31,55.199999,119.600001,25.719999,1,1,1044,0,heuristic_v5b,solved,1,144.267379,82.370642,1.751442,0.0088,,
u_mand_factor\set44\u_mand_factor_0.3.py,u_mand_factor,44,u_mand_factor,0.3,2,8,5,0.3,0.5,0.7,0.6,0.6,0.7,83.720001,80,31,55.199999,119.600001,25.719999,1,1,1044,0,heuristic_v7,solved,1,144.267379,82.370642,1.751442,0.1235,,
u_mand_factor\set44\u_mand_factor_0.4.py,u_mand_factor,44,u_mand_factor,0.4,2,8,5,0.4,0.5,0.7,0.6,0.8,0.6,90.160005,80,31,73.600001,128.800007,34.293334,1,1,1044,0,ilp_v2,optimal,1,124.716862,89.746714,1.389654,0.02,0.0,
u_mand_factor\set44\u_mand_factor_0.4.py,u_mand_factor,44,u_mand_factor,0.4,2,8,5,0.4,0.5,0.7,0.6,0.8,0.6,90.160005,80,31,73.600001,128.800007,34.293334,1,1,1044,0,heuristic_v5b,solved,1,124.716862,90.008191,1.385617,0.0095,,
u_mand_factor\set44\u_mand_factor_0.4.py,u_mand_factor,44,u_mand_factor,0.4,2,8,5,0.4,0.5,0.7,0.6,0.8,0.6,90.160005,80,31,73.600001,128.800007,34.293334,1,1,1044,0,heuristic_v7,solved,1,124.716862,90.008191,1.385617,0.1458,,
u_mand_factor\set44\u_mand_factor_0.5.py,u_mand_factor,44,u_mand_factor,0.5,2,8,5,0.5,0.5,0.7,0.6,1.0,0.5,96.599997,80,31,92.000001,137.999995,42.866667,1,1,1044,0,ilp_v2,optimal,1,105.191854,96.496734,1.090108,0.0556,0.0,
u_mand_factor\set44\u_mand_factor_0.5.py,u_mand_factor,44,u_mand_factor,0.5,2,8,5,0.5,0.5,0.7,0.6,1.0,0.5,96.599997,80,31,92.000001,137.999995,42.866667,1,1,1044,0,heuristic_v5b,solved,1,102.96492,96.597232,1.06592,0.0123,,
u_mand_factor\set44\u_mand_factor_0.5.py,u_mand_factor,44,u_mand_factor,0.5,2,8,5,0.5,0.5,0.7,0.6,1.0,0.5,96.599997,80,31,92.000001,137.999995,42.866667,1,1,1044,0,heuristic_v7,solved,1,104.564602,96.585472,1.082612,0.1829,,
u_mand_factor\set44\u_mand_factor_0.6.py,u_mand_factor,44,u_mand_factor,0.6,2,8,5,0.6,0.5,0.7,0.6,1.2,0.4,103.039993,80,31,110.399997,147.19999,51.439998,1,1,1044,0,ilp_v2,optimal,1,81.420739,102.877861,0.791431,1.1071,8e-05,
u_mand_factor\set44\u_mand_factor_0.6.py,u_mand_factor,44,u_mand_factor,0.6,2,8,5,0.6,0.5,0.7,0.6,1.2,0.4,103.039993,80,31,110.399997,147.19999,51.439998,1,1,1044,0,heuristic_v5b,solved,1,68.950993,102.762679,0.670973,0.035,,
u_mand_factor\set44\u_mand_factor_0.6.py,u_mand_factor,44,u_mand_factor,0.6,2,8,5,0.6,0.5,0.7,0.6,1.2,0.4,103.039993,80,31,110.399997,147.19999,51.439998,1,1,1044,0,heuristic_v7,solved,1,76.062934,103.026938,0.738282,0.4244,,
u_mand_factor\set44\u_mand_factor_0.7.py,u_mand_factor,44,u_mand_factor,0.7,2,8,5,0.7,0.5,0.7,0.6,1.4,0.3,109.480002,80,31,128.800005,156.400002,60.013335,1,1,1044,0,ilp_v2,optimal,1,50.44505,109.4726,0.460801,0.2714,0.0,
u_mand_factor\set44\u_mand_factor_0.7.py,u_mand_factor,44,u_mand_factor,0.7,2,8,5,0.7,0.5,0.7,0.6,1.4,0.3,109.480002,80,31,128.800005,156.400002,60.013335,1,1,1044,0,heuristic_v5b,solved,1,51.10925,109.454303,0.466946,0.0774,,
u_mand_factor\set44\u_mand_factor_0.7.py,u_mand_factor,44,u_mand_factor,0.7,2,8,5,0.7,0.5,0.7,0.6,1.4,0.3,109.480002,80,31,128.800005,156.400002,60.013335,1,1,1044,0,heuristic_v7,solved,1,51.10925,109.454303,0.466946,0.4296,,
u_mand_factor\set44\u_mand_factor_0.8.py,u_mand_factor,44,u_mand_factor,0.8,2,8,5,0.8,0.5,0.7,0.6,1.6,0.2,115.920007,80,31,147.200002,165.60001,68.586668,1,1,1044,0,ilp_v2,optimal,1,17.417418,115.89493,0.150286,0.2311,0.0,
u_mand_factor\set44\u_mand_factor_0.8.py,u_mand_factor,44,u_mand_factor,0.8,2,8,5,0.8,0.5,0.7,0.6,1.6,0.2,115.920007,80,31,147.200002,165.60001,68.586668,1,1,1044,0,heuristic_v5b,infeasible,0,,116.045894,,0.035,,over budget: E=116.0459 > B=115.9200
u_mand_factor\set44\u_mand_factor_0.8.py,u_mand_factor,44,u_mand_factor,0.8,2,8,5,0.8,0.5,0.7,0.6,1.6,0.2,115.920007,80,31,147.200002,165.60001,68.586668,1,1,1044,0,heuristic_v7,solved,1,15.659257,115.906626,0.135102,0.372,,
u_mand_factor\set44\u_mand_factor_0.9.py,u_mand_factor,44,u_mand_factor,0.9,2,8,5,0.9,0.5,0.7,0.6,1.8,0.1,122.359986,80,31,165.599993,174.79998,77.159997,1,1,1044,0,ilp_v2,infeasible,0,,,,0.0124,,
u_mand_factor\set44\u_mand_factor_0.9.py,u_mand_factor,44,u_mand_factor,0.9,2,8,5,0.9,0.5,0.7,0.6,1.8,0.1,122.359986,80,31,165.599993,174.79998,77.159997,1,1,1044,0,heuristic_v5b,infeasible,0,,146.272993,,0.04,,over budget: E=146.2730 > B=122.3600
u_mand_factor\set44\u_mand_factor_0.9.py,u_mand_factor,44,u_mand_factor,0.9,2,8,5,0.9,0.5,0.7,0.6,1.8,0.1,122.359986,80,31,165.599993,174.79998,77.159997,1,1,1044,0,heuristic_v7,infeasible,0,,143.488564,,0.2411,,over budget: E=143.4886 > B=122.3600
u_mand_factor\set45\u_mand_factor_0.1.py,u_mand_factor,45,u_mand_factor,0.1,2,8,5,0.1,0.5,0.7,0.6,0.2,0.9,70.840004,80,26,18.400002,101.200006,9.440001,1,0,1045,0,ilp_v2,optimal,1,261.374721,70.812296,3.691092,0.0206,0.0,
u_mand_factor\set45\u_mand_factor_0.1.py,u_mand_factor,45,u_mand_factor,0.1,2,8,5,0.1,0.5,0.7,0.6,0.2,0.9,70.840004,80,26,18.400002,101.200006,9.440001,1,0,1045,0,heuristic_v5b,solved,1,261.374721,70.720927,3.695861,0.0114,,
u_mand_factor\set45\u_mand_factor_0.1.py,u_mand_factor,45,u_mand_factor,0.1,2,8,5,0.1,0.5,0.7,0.6,0.2,0.9,70.840004,80,26,18.400002,101.200006,9.440001,1,0,1045,0,heuristic_v7,solved,1,261.374721,70.720927,3.695861,0.0985,,
u_mand_factor\set45\u_mand_factor_0.2.py,u_mand_factor,45,u_mand_factor,0.2,2,8,5,0.2,0.5,0.7,0.6,0.4,0.8,77.279994,80,26,36.799999,110.399992,18.879999,1,0,1045,0,ilp_v2,optimal,1,251.561175,76.609048,3.283701,0.0126,0.0,
u_mand_factor\set45\u_mand_factor_0.2.py,u_mand_factor,45,u_mand_factor,0.2,2,8,5,0.2,0.5,0.7,0.6,0.4,0.8,77.279994,80,26,36.799999,110.399992,18.879999,1,0,1045,0,heuristic_v5b,solved,1,251.561175,77.00316,3.266894,0.0079,,
u_mand_factor\set45\u_mand_factor_0.2.py,u_mand_factor,45,u_mand_factor,0.2,2,8,5,0.2,0.5,0.7,0.6,0.4,0.8,77.279994,80,26,36.799999,110.399992,18.879999,1,0,1045,0,heuristic_v7,solved,1,251.561175,77.00316,3.266894,0.0755,,
u_mand_factor\set45\u_mand_factor_0.3.py,u_mand_factor,45,u_mand_factor,0.3,2,8,5,0.3,0.5,0.7,0.6,0.6,0.7,83.720004,80,26,55.200002,119.600006,28.320001,1,1,1045,0,ilp_v2,optimal,1,210.241578,83.708999,2.511577,0.1279,7.9e-05,
u_mand_factor\set45\u_mand_factor_0.3.py,u_mand_factor,45,u_mand_factor,0.3,2,8,5,0.3,0.5,0.7,0.6,0.6,0.7,83.720004,80,26,55.200002,119.600006,28.320001,1,1,1045,0,heuristic_v5b,solved,1,214.622896,83.308113,2.576254,0.0094,,
u_mand_factor\set45\u_mand_factor_0.3.py,u_mand_factor,45,u_mand_factor,0.3,2,8,5,0.3,0.5,0.7,0.6,0.6,0.7,83.720004,80,26,55.200002,119.600006,28.320001,1,1,1045,0,heuristic_v7,solved,1,214.622896,83.308113,2.576254,0.1122,,
u_mand_factor\set45\u_mand_factor_0.4.py,u_mand_factor,45,u_mand_factor,0.4,2,8,5,0.4,0.5,0.7,0.6,0.8,0.6,90.159996,80,26,73.599994,128.799994,37.759997,1,1,1045,0,ilp_v2,optimal,1,167.098004,90.111491,1.854347,0.0769,0.0,
u_mand_factor\set45\u_mand_factor_0.4.py,u_mand_factor,45,u_mand_factor,0.4,2,8,5,0.4,0.5,0.7,0.6,0.8,0.6,90.159996,80,26,73.599994,128.799994,37.759997,1,1,1045,0,heuristic_v5b,solved,1,171.888346,90.101427,1.907721,0.0135,,
u_mand_factor\set45\u_mand_factor_0.4.py,u_mand_factor,45,u_mand_factor,0.4,2,8,5,0.4,0.5,0.7,0.6,0.8,0.6,90.159996,80,26,73.599994,128.799994,37.759997,1,1,1045,0,heuristic_v7,solved,1,176.092151,89.592163,1.965486,0.1242,,
u_mand_factor\set45\u_mand_factor_0.5.py,u_mand_factor,45,u_mand_factor,0.5,2,8,5,0.5,0.5,0.7,0.6,1.0,0.5,96.600001,80,26,92.000005,138.000001,47.200002,1,1,1045,0,ilp_v2,optimal,1,128.13765,96.596234,1.326528,0.0227,0.0,
u_mand_factor\set45\u_mand_factor_0.5.py,u_mand_factor,45,u_mand_factor,0.5,2,8,5,0.5,0.5,0.7,0.6,1.0,0.5,96.600001,80,26,92.000005,138.000001,47.200002,1,1,1045,0,heuristic_v5b,solved,1,117.136569,96.442982,1.214568,0.0106,,
u_mand_factor\set45\u_mand_factor_0.5.py,u_mand_factor,45,u_mand_factor,0.5,2,8,5,0.5,0.5,0.7,0.6,1.0,0.5,96.600001,80,26,92.000005,138.000001,47.200002,1,1,1045,0,heuristic_v7,solved,1,130.969092,96.248855,1.360734,0.146,,
u_mand_factor\set45\u_mand_factor_0.6.py,u_mand_factor,45,u_mand_factor,0.6,2,8,5,0.6,0.5,0.7,0.6,1.2,0.4,103.039999,80,26,110.400002,147.199999,56.640001,1,1,1045,0,ilp_v2,optimal,1,86.51046,103.03395,0.839631,0.471,0.0,
u_mand_factor\set45\u_mand_factor_0.6.py,u_mand_factor,45,u_mand_factor,0.6,2,8,5,0.6,0.5,0.7,0.6,1.2,0.4,103.039999,80,26,110.400002,147.199999,56.640001,1,1,1045,0,heuristic_v5b,solved,1,73.325478,102.815055,0.713178,0.0114,,
u_mand_factor\set45\u_mand_factor_0.6.py,u_mand_factor,45,u_mand_factor,0.6,2,8,5,0.6,0.5,0.7,0.6,1.2,0.4,103.039999,80,26,110.400002,147.199999,56.640001,1,1,1045,0,heuristic_v7,solved,1,106.385181,102.977605,1.03309,0.1849,,
u_mand_factor\set45\u_mand_factor_0.7.py,u_mand_factor,45,u_mand_factor,0.7,2,8,5,0.7,0.5,0.7,0.6,1.4,0.3,109.479998,80,26,128.799995,156.399997,66.079998,1,1,1045,0,ilp_v2,optimal,1,43.634882,109.445044,0.398692,0.0396,0.0,
u_mand_factor\set45\u_mand_factor_0.7.py,u_mand_factor,45,u_mand_factor,0.7,2,8,5,0.7,0.5,0.7,0.6,1.4,0.3,109.479998,80,26,128.799995,156.399997,66.079998,1,1,1045,0,heuristic_v5b,solved,1,23.078593,109.474727,0.210812,0.022,,
u_mand_factor\set45\u_mand_factor_0.7.py,u_mand_factor,45,u_mand_factor,0.7,2,8,5,0.7,0.5,0.7,0.6,1.4,0.3,109.479998,80,26,128.799995,156.399997,66.079998,1,1,1045,0,heuristic_v7,solved,1,65.184989,109.356275,0.596079,0.2175,,
u_mand_factor\set45\u_mand_factor_0.8.py,u_mand_factor,45,u_mand_factor,0.8,2,8,5,0.8,0.5,0.7,0.6,1.6,0.2,115.919995,80,26,147.199995,165.599993,75.519998,1,1,1045,0,ilp_v2,infeasible,0,,,,0.008,,
u_mand_factor\set45\u_mand_factor_0.8.py,u_mand_factor,45,u_mand_factor,0.8,2,8,5,0.8,0.5,0.7,0.6,1.6,0.2,115.919995,80,26,147.199995,165.599993,75.519998,1,1,1045,0,heuristic_v5b,infeasible,0,,126.83011,,0.0343,,over budget: E=126.8301 > B=115.9200
u_mand_factor\set45\u_mand_factor_0.8.py,u_mand_factor,45,u_mand_factor,0.8,2,8,5,0.8,0.5,0.7,0.6,1.6,0.2,115.919995,80,26,147.199995,165.599993,75.519998,1,1,1045,0,heuristic_v7,solved,1,19.641174,115.888476,0.169483,0.3103,,
u_mand_factor\set45\u_mand_factor_0.9.py,u_mand_factor,45,u_mand_factor,0.9,2,8,5,0.9,0.5,0.7,0.6,1.8,0.1,122.360002,80,26,165.600003,174.800003,84.960002,1,1,1045,0,ilp_v2,infeasible,0,,,,0.024,,
u_mand_factor\set45\u_mand_factor_0.9.py,u_mand_factor,45,u_mand_factor,0.9,2,8,5,0.9,0.5,0.7,0.6,1.8,0.1,122.360002,80,26,165.600003,174.800003,84.960002,1,1,1045,0,heuristic_v5b,infeasible,0,,,,0.0,,
u_mand_factor\set45\u_mand_factor_0.9.py,u_mand_factor,45,u_mand_factor,0.9,2,8,5,0.9,0.5,0.7,0.6,1.8,0.1,122.360002,80,26,165.600003,174.800003,84.960002,1,1,1045,0,heuristic_v7,infeasible,0,,,,0.0,,
u_mand_factor\set46\u_mand_factor_0.1.py,u_mand_factor,46,u_mand_factor,0.1,2,8,5,0.1,0.5,0.7,0.6,0.2,0.9,70.840001,80,33,18.399997,101.200001,8.817141,1,0,1046,0,ilp_v2,optimal,1,200.663491,70.443013,2.848593,0.0169,0.0,
u_mand_factor\set46\u_mand_factor_0.1.py,u_mand_factor,46,u_mand_factor,0.1,2,8,5,0.1,0.5,0.7,0.6,0.2,0.9,70.840001,80,33,18.399997,101.200001,8.817141,1,0,1046,0,heuristic_v5b,solved,1,200.663491,67.100001,2.990514,0.0113,,
u_mand_factor\set46\u_mand_factor_0.1.py,u_mand_factor,46,u_mand_factor,0.1,2,8,5,0.1,0.5,0.7,0.6,0.2,0.9,70.840001,80,33,18.399997,101.200001,8.817141,1,0,1046,0,heuristic_v7,solved,1,200.663491,67.100001,2.990514,0.1112,,
u_mand_factor\set46\u_mand_factor_0.2.py,u_mand_factor,46,u_mand_factor,0.2,2,8,5,0.2,0.5,0.7,0.6,0.4,0.8,77.280004,80,33,36.800002,110.400006,17.634287,1,0,1046,0,ilp_v2,optimal,1,158.299973,74.148276,2.134911,0.0152,0.0,
u_mand_factor\set46\u_mand_factor_0.2.py,u_mand_factor,46,u_mand_factor,0.2,2,8,5,0.2,0.5,0.7,0.6,0.4,0.8,77.280004,80,33,36.800002,110.400006,17.634287,1,0,1046,0,heuristic_v5b,solved,1,158.299973,77.220706,2.049968,0.0142,,
u_mand_factor\set46\u_mand_factor_0.2.py,u_mand_factor,46,u_mand_factor,0.2,2,8,5,0.2,0.5,0.7,0.6,0.4,0.8,77.280004,80,33,36.800002,110.400006,17.634287,1,0,1046,0,heuristic_v7,solved,1,158.299973,77.181685,2.051004,0.1231,,
u_mand_factor\set46\u_mand_factor_0.3.py,u_mand_factor,46,u_mand_factor,0.3,2,8,5,0.3,0.5,0.7,0.6,0.6,0.7,83.72,80,33,55.199999,119.6,26.451428,1,1,1046,0,ilp_v2,optimal,1,141.519267,83.688399,1.691026,0.0377,0.0,
u_mand_factor\set46\u_mand_factor_0.3.py,u_mand_factor,46,u_mand_factor,0.3,2,8,5,0.3,0.5,0.7,0.6,0.6,0.7,83.72,80,33,55.199999,119.6,26.451428,1,1,1046,0,heuristic_v5b,solved,1,142.355452,83.573777,1.703351,0.0116,,
u_mand_factor\set46\u_mand_factor_0.3.py,u_mand_factor,46,u_mand_factor,0.3,2,8,5,0.3,0.5,0.7,0.6,0.6,0.7,83.72,80,33,55.199999,119.6,26.451428,1,1,1046,0,heuristic_v7,solved,1,144.034803,79.3,1.816328,0.1032,,
u_mand_factor\set46\u_mand_factor_0.4.py,u_mand_factor,46,u_mand_factor,0.4,2,8,5,0.4,0.5,0.7,0.6,0.8,0.6,90.160002,80,33,73.599993,128.800002,35.268568,1,1,1046,0,ilp_v2,optimal,1,125.163068,90.056101,1.389834,0.0978,0.0,
u_mand_factor\set46\u_mand_factor_0.4.py,u_mand_factor,46,u_mand_factor,0.4,2,8,5,0.4,0.5,0.7,0.6,0.8,0.6,90.160002,80,33,73.599993,128.800002,35.268568,1,1,1046,0,heuristic_v5b,solved,1,127.715829,90.131424,1.416996,0.0127,,
u_mand_factor\set46\u_mand_factor_0.4.py,u_mand_factor,46,u_mand_factor,0.4,2,8,5,0.4,0.5,0.7,0.6,0.8,0.6,90.160002,80,33,73.599993,128.800002,35.268568,1,1,1046,0,heuristic_v7,solved,1,129.94566,85.400002,1.521612,0.1565,,
u_mand_factor\set46\u_mand_factor_0.5.py,u_mand_factor,46,u_mand_factor,0.5,2,8,5,0.5,0.5,0.7,0.6,1.0,0.5,96.600004,80,33,92.0,138.000006,44.085714,1,1,1046,0,ilp_v2,optimal,1,101.526555,96.584858,1.051164,0.0399,0.0,
u_mand_factor\set46\u_mand_factor_0.5.py,u_mand_factor,46,u_mand_factor,0.5,2,8,5,0.5,0.5,0.7,0.6,1.0,0.5,96.600004,80,33,92.0,138.000006,44.085714,1,1,1046,0,heuristic_v5b,solved,1,110.069722,96.557298,1.139942,0.0147,,
u_mand_factor\set46\u_mand_factor_0.5.py,u_mand_factor,46,u_mand_factor,0.5,2,8,5,0.5,0.5,0.7,0.6,1.0,0.5,96.600004,80,33,92.0,138.000006,44.085714,1,1,1046,0,heuristic_v7,solved,1,110.069722,96.557298,1.139942,0.1535,,
u_mand_factor\set46\u_mand_factor_0.6.py,u_mand_factor,46,u_mand_factor,0.6,2,8,5,0.6,0.5,0.7,0.6,1.2,0.4,103.040002,80,33,110.400001,147.200002,52.902858,1,1,1046,0,ilp_v2,optimal,1,70.103295,103.038602,0.68036,0.1009,0.0,
u_mand_factor\set46\u_mand_factor_0.6.py,u_mand_factor,46,u_mand_factor,0.6,2,8,5,0.6,0.5,0.7,0.6,1.2,0.4,103.040002,80,33,110.400001,147.200002,52.902858,1,1,1046,0,heuristic_v5b,solved,1,78.430217,103.011067,0.761377,0.017,,
u_mand_factor\set46\u_mand_factor_0.6.py,u_mand_factor,46,u_mand_factor,0.6,2,8,5,0.6,0.5,0.7,0.6,1.2,0.4,103.040002,80,33,110.400001,147.200002,52.902858,1,1,1046,0,heuristic_v7,solved,1,80.769364,102.820828,0.785535,0.2293,,
u_mand_factor\set46\u_mand_factor_0.7.py,u_mand_factor,46,u_mand_factor,0.7,2,8,5,0.7,0.5,0.7,0.6,1.4,0.3,109.479999,80,33,128.799998,156.399999,61.719999,1,1,1046,0,ilp_v2,optimal,1,31.316238,109.477785,0.286051,0.17,0.0,
u_mand_factor\set46\u_mand_factor_0.7.py,u_mand_factor,46,u_mand_factor,0.7,2,8,5,0.7,0.5,0.7,0.6,1.4,0.3,109.479999,80,33,128.799998,156.399999,61.719999,1,1,1046,0,heuristic_v5b,solved,1,48.973389,109.075293,0.448987,0.0265,,
u_mand_factor\set46\u_mand_factor_0.7.py,u_mand_factor,46,u_mand_factor,0.7,2,8,5,0.7,0.5,0.7,0.6,1.4,0.3,109.479999,80,33,128.799998,156.399999,61.719999,1,1,1046,0,heuristic_v7,solved,1,50.629663,109.422535,0.462699,0.3233,,
u_mand_factor\set46\u_mand_factor_0.8.py,u_mand_factor,46,u_mand_factor,0.8,2,8,5,0.8,0.5,0.7,0.6,1.6,0.2,115.919998,80,33,147.200006,165.599998,70.537146,1,1,1046,0,ilp_v2,infeasible,0,,,,0.0337,,
u_mand_factor\set46\u_mand_factor_0.8.py,u_mand_factor,46,u_mand_factor,0.8,2,8,5,0.8,0.5,0.7,0.6,1.6,0.2,115.919998,80,33,147.200006,165.599998,70.537146,1,1,1046,0,heuristic_v5b,infeasible,0,,,,0.0,,
u_mand_factor\set46\u_mand_factor_0.8.py,u_mand_factor,46,u_mand_factor,0.8,2,8,5,0.8,0.5,0.7,0.6,1.6,0.2,115.919998,80,33,147.200006,165.599998,70.537146,1,1,1046,0,heuristic_v7,infeasible,0,,,,0.0,,
u_mand_factor\set46\u_mand_factor_0.9.py,u_mand_factor,46,u_mand_factor,0.9,2,8,5,0.9,0.5,0.7,0.6,1.8,0.1,122.360007,80,33,165.600002,174.80001,79.354287,1,1,1046,0,ilp_v2,infeasible,0,,,,0.0114,,
u_mand_factor\set46\u_mand_factor_0.9.py,u_mand_factor,46,u_mand_factor,0.9,2,8,5,0.9,0.5,0.7,0.6,1.8,0.1,122.360007,80,33,165.600002,174.80001,79.354287,1,1,1046,0,heuristic_v5b,infeasible,0,,146.27035,,0.0354,,over budget: E=146.2703 > B=122.3600
u_mand_factor\set46\u_mand_factor_0.9.py,u_mand_factor,46,u_mand_factor,0.9,2,8,5,0.9,0.5,0.7,0.6,1.8,0.1,122.360007,80,33,165.600002,174.80001,79.354287,1,1,1046,0,heuristic_v7,infeasible,0,,147.818444,,0.3458,,over budget: E=147.8184 > B=122.3600
u_mand_factor\set47\u_mand_factor_0.1.py,u_mand_factor,47,u_mand_factor,0.1,2,8,5,0.1,0.5,0.7,0.6,0.2,0.9,70.840002,80,26,18.4,101.200003,8.8,1,0,1047,0,ilp_v2,optimal,1,221.647611,70.438498,3.146683,0.0265,0.0,
u_mand_factor\set47\u_mand_factor_0.1.py,u_mand_factor,47,u_mand_factor,0.1,2,8,5,0.1,0.5,0.7,0.6,0.2,0.9,70.840002,80,26,18.4,101.200003,8.8,1,0,1047,0,heuristic_v5b,solved,1,221.647611,70.594039,3.13975,0.005,,
u_mand_factor\set47\u_mand_factor_0.1.py,u_mand_factor,47,u_mand_factor,0.1,2,8,5,0.1,0.5,0.7,0.6,0.2,0.9,70.840002,80,26,18.4,101.200003,8.8,1,0,1047,0,heuristic_v7,solved,1,221.647611,70.594039,3.13975,0.0483,,
u_mand_factor\set47\u_mand_factor_0.2.py,u_mand_factor,47,u_mand_factor,0.2,2,8,5,0.2,0.5,0.7,0.6,0.4,0.8,77.280004,80,26,36.8,110.400006,17.6,1,0,1047,0,ilp_v2,optimal,1,175.38656,76.804769,2.283537,0.0143,0.0,
u_mand_factor\set47\u_mand_factor_0.2.py,u_mand_factor,47,u_mand_factor,0.2,2,8,5,0.2,0.5,0.7,0.6,0.4,0.8,77.280004,80,26,36.8,110.400006,17.6,1,0,1047,0,heuristic_v5b,solved,1,170.709397,76.965058,2.218012,0.0079,,
u_mand_factor\set47\u_mand_factor_0.2.py,u_mand_factor,47,u_mand_factor,0.2,2,8,5,0.2,0.5,0.7,0.6,0.4,0.8,77.280004,80,26,36.8,110.400006,17.6,1,0,1047,0,heuristic_v7,solved,1,175.38656,76.872812,2.281516,0.1598,,
u_mand_factor\set47\u_mand_factor_0.3.py,u_mand_factor,47,u_mand_factor,0.3,2,8,5,0.3,0.5,0.7,0.6,0.6,0.7,83.720002,80,26,55.200005,119.600003,26.400002,1,1,1047,0,ilp_v2,optimal,1,155.310644,83.642029,1.856849,0.0979,0.0,
u_mand_factor\set47\u_mand_factor_0.3.py,u_mand_factor,47,u_mand_factor,0.3,2,8,5,0.3,0.5,0.7,0.6,0.6,0.7,83.720002,80,26,55.200005,119.600003,26.400002,1,1,1047,0,heuristic_v5b,solved,1,149.608621,83.284241,1.796362,0.007,,
u_mand_factor\set47\u_mand_factor_0.3.py,u_mand_factor,47,u_mand_factor,0.3,2,8,5,0.3,0.5,0.7,0.6,0.6,0.7,83.720002,80,26,55.200005,119.600003,26.400002,1,1,1047,0,heuristic_v7,solved,1,161.446094,83.137509,1.941916,0.1503,,
u_mand_factor\set47\u_mand_factor_0.4.py,u_mand_factor,47,u_mand_factor,0.4,2,8,5,0.4,0.5,0.7,0.6,0.8,0.6,90.160004,80,26,73.6,128.800006,35.2,1,1,1047,0,ilp_v2,optimal,1,129.902126,90.114703,1.44152,0.3597,0.0,
u_mand_factor\set47\u_mand_factor_0.4.py,u_mand_factor,47,u_mand_factor,0.4,2,8,5,0.4,0.5,0.7,0.6,0.8,0.6,90.160004,80,26,73.6,128.800006,35.2,1,1,1047,0,heuristic_v5b,solved,1,125.485683,90.01908,1.39399,0.0142,,
u_mand_factor\set47\u_mand_factor_0.4.py,u_mand_factor,47,u_mand_factor,0.4,2,8,5,0.4,0.5,0.7,0.6,0.8,0.6,90.160004,80,26,73.6,128.800006,35.2,1,1,1047,0,heuristic_v7,solved,1,139.87818,89.341945,1.56565,0.3172,,
u_mand_factor\set47\u_mand_factor_0.5.py,u_mand_factor,47,u_mand_factor,0.5,2,8,5,0.5,0.5,0.7,0.6,1.0,0.5,96.600003,80,26,92.000005,138.000005,44.000002,1,1,1047,0,ilp_v2,optimal,1,104.773016,96.436047,1.086451,0.017,0.0,
u_mand_factor\set47\u_mand_factor_0.5.py,u_mand_factor,47,u_mand_factor,0.5,2,8,5,0.5,0.5,0.7,0.6,1.0,0.5,96.600003,80,26,92.000005,138.000005,44.000002,1,1,1047,0,heuristic_v5b,solved,1,94.737997,96.519303,0.981545,0.0137,,
u_mand_factor\set47\u_mand_factor_0.5.py,u_mand_factor,47,u_mand_factor,0.5,2,8,5,0.5,0.5,0.7,0.6,1.0,0.5,96.600003,80,26,92.000005,138.000005,44.000002,1,1,1047,0,heuristic_v7,solved,1,112.195533,96.357467,1.164368,0.1547,,
u_mand_factor\set47\u_mand_factor_0.6.py,u_mand_factor,47,u_mand_factor,0.6,2,8,5,0.6,0.5,0.7,0.6,1.2,0.4,103.040005,80,26,110.4,147.200007,52.8,1,1,1047,0,ilp_v2,optimal,1,72.928731,103.020081,0.707908,0.0596,0.0,
u_mand_factor\set47\u_mand_factor_0.6.py,u_mand_factor,47,u_mand_factor,0.6,2,8,5,0.6,0.5,0.7,0.6,1.2,0.4,103.040005,80,26,110.4,147.200007,52.8,1,1,1047,0,heuristic_v5b,solved,1,55.727815,102.710423,0.542572,0.0084,,
u_mand_factor\set47\u_mand_factor_0.6.py,u_mand_factor,47,u_mand_factor,0.6,2,8,5,0.6,0.5,0.7,0.6,1.2,0.4,103.040005,80,26,110.4,147.200007,52.8,1,1,1047,0,heuristic_v7,solved,1,74.291194,103.035198,0.721027,0.1519,,
u_mand_factor\set47\u_mand_factor_0.7.py,u_mand_factor,47,u_mand_factor,0.7,2,8,5,0.7,0.5,0.7,0.6,1.4,0.3,109.479994,80,26,128.799994,156.399991,61.599997,1,1,1047,0,ilp_v2,optimal,1,32.177051,109.466008,0.293946,0.05,0.0,
u_mand_factor\set47\u_mand_factor_0.7.py,u_mand_factor,47,u_mand_factor,0.7,2,8,5,0.7,0.5,0.7,0.6,1.4,0.3,109.479994,80,26,128.799994,156.399991,61.599997,1,1,1047,0,heuristic_v5b,solved,1,32.599947,109.359352,0.298099,0.0095,,
u_mand_factor\set47\u_mand_factor_0.7.py,u_mand_factor,47,u_mand_factor,0.7,2,8,5,0.7,0.5,0.7,0.6,1.4,0.3,109.479994,80,26,128.799994,156.399991,61.599997,1,1,1047,0,heuristic_v7,solved,1,41.322175,109.391284,0.377747,0.151,,
u_mand_factor\set47\u_mand_factor_0.8.py,u_mand_factor,47,u_mand_factor,0.8,2,8,5,0.8,0.5,0.7,0.6,1.6,0.2,115.92,80,26,147.199999,165.6,70.399999,1,1,1047,0,ilp_v2,infeasible,0,,,,0.0128,,
u_mand_factor\set47\u_mand_factor_0.8.py,u_mand_factor,47,u_mand_factor,0.8,2,8,5,0.8,0.5,0.7,0.6,1.6,0.2,115.92,80,26,147.199999,165.6,70.399999,1,1,1047,0,heuristic_v5b,infeasible,0,,119.717447,,0.0104,,over budget: E=119.7174 > B=115.9200
u_mand_factor\set47\u_mand_factor_0.8.py,u_mand_factor,47,u_mand_factor,0.8,2,8,5,0.8,0.5,0.7,0.6,1.6,0.2,115.92,80,26,147.199999,165.6,70.399999,1,1,1047,0,heuristic_v7,infeasible,0,,119.456937,,0.1436,,over budget: E=119.4569 > B=115.9200
u_mand_factor\set47\u_mand_factor_0.9.py,u_mand_factor,47,u_mand_factor,0.9,2,8,5,0.9,0.5,0.7,0.6,1.8,0.1,122.360006,80,26,165.6,174.800008,79.2,1,1,1047,0,ilp_v2,infeasible,0,,,,0.0099,,
u_mand_factor\set47\u_mand_factor_0.9.py,u_mand_factor,47,u_mand_factor,0.9,2,8,5,0.9,0.5,0.7,0.6,1.8,0.1,122.360006,80,26,165.6,174.800008,79.2,1,1,1047,0,heuristic_v5b,infeasible,0,,153.262378,,0.0255,,over budget: E=153.2624 > B=122.3600
u_mand_factor\set47\u_mand_factor_0.9.py,u_mand_factor,47,u_mand_factor,0.9,2,8,5,0.9,0.5,0.7,0.6,1.8,0.1,122.360006,80,26,165.6,174.800008,79.2,1,1,1047,0,heuristic_v7,infeasible,0,,151.526927,,0.1018,,over budget: E=151.5269 > B=122.3600
u_mand_factor\set48\u_mand_factor_0.1.py,u_mand_factor,48,u_mand_factor,0.1,2,8,5,0.1,0.5,0.7,0.6,0.2,0.9,70.840008,80,30,18.400005,101.200011,8.560002,1,0,1048,0,ilp_v2,optimal,1,237.043758,70.828491,3.346729,0.06,0.0,
u_mand_factor\set48\u_mand_factor_0.1.py,u_mand_factor,48,u_mand_factor,0.1,2,8,5,0.1,0.5,0.7,0.6,0.2,0.9,70.840008,80,30,18.400005,101.200011,8.560002,1,0,1048,0,heuristic_v5b,solved,1,240.946678,68.148402,3.535617,0.0085,,
u_mand_factor\set48\u_mand_factor_0.1.py,u_mand_factor,48,u_mand_factor,0.1,2,8,5,0.1,0.5,0.7,0.6,0.2,0.9,70.840008,80,30,18.400005,101.200011,8.560002,1,0,1048,0,heuristic_v7,solved,1,240.946678,68.148402,3.535617,0.1528,,
u_mand_factor\set48\u_mand_factor_0.2.py,u_mand_factor,48,u_mand_factor,0.2,2,8,5,0.2,0.5,0.7,0.6,0.4,0.8,77.27999,80,30,36.799992,110.399985,17.119996,1,0,1048,0,ilp_v2,optimal,1,166.167921,76.093319,2.183739,0.0212,0.0,
u_mand_factor\set48\u_mand_factor_0.2.py,u_mand_factor,48,u_mand_factor,0.2,2,8,5,0.2,0.5,0.7,0.6,0.4,0.8,77.27999,80,30,36.799992,110.399985,17.119996,1,0,1048,0,heuristic_v5b,solved,1,161.704947,76.75317,2.106818,0.0149,,
u_mand_factor\set48\u_mand_factor_0.2.py,u_mand_factor,48,u_mand_factor,0.2,2,8,5,0.2,0.5,0.7,0.6,0.4,0.8,77.27999,80,30,36.799992,110.399985,17.119996,1,0,1048,0,heuristic_v7,solved,1,166.167921,73.692907,2.25487,0.4259,,
u_mand_factor\set48\u_mand_factor_0.3.py,u_mand_factor,48,u_mand_factor,0.3,2,8,5,0.3,0.5,0.7,0.6,0.6,0.7,83.719994,80,30,55.199992,119.599991,25.679996,1,1,1048,0,ilp_v2,optimal,1,152.876834,83.660709,1.827343,0.0396,7.5e-05,
u_mand_factor\set48\u_mand_factor_0.3.py,u_mand_factor,48,u_mand_factor,0.3,2,8,5,0.3,0.5,0.7,0.6,0.6,0.7,83.719994,80,30,55.199992,119.599991,25.679996,1,1,1048,0,heuristic_v5b,solved,1,146.313109,82.011418,1.784058,0.0182,,
u_mand_factor\set48\u_mand_factor_0.3.py,u_mand_factor,48,u_mand_factor,0.3,2,8,5,0.3,0.5,0.7,0.6,0.6,0.7,83.719994,80,30,55.199992,119.599991,25.679996,1,1,1048,0,heuristic_v7,solved,1,152.208013,83.655041,1.819472,0.2343,,
u_mand_factor\set48\u_mand_factor_0.4.py,u_mand_factor,48,u_mand_factor,0.4,2,8,5,0.4,0.5,0.7,0.6,0.8,0.6,90.159987,80,30,73.599993,128.799982,34.239997,1,1,1048,0,ilp_v2,optimal,1,138.910298,90.154554,1.540802,0.0584,0.0,
u_mand_factor\set48\u_mand_factor_0.4.py,u_mand_factor,48,u_mand_factor,0.4,2,8,5,0.4,0.5,0.7,0.6,0.8,0.6,90.159987,80,30,73.599993,128.799982,34.239997,1,1,1048,0,heuristic_v5b,solved,1,134.146636,90.084126,1.489126,0.021,,
u_mand_factor\set48\u_mand_factor_0.4.py,u_mand_factor,48,u_mand_factor,0.4,2,8,5,0.4,0.5,0.7,0.6,0.8,0.6,90.159987,80,30,73.599993,128.799982,34.239997,1,1,1048,0,heuristic_v7,solved,1,137.112521,89.99393,1.523575,0.6265,,
u_mand_factor\set48\u_mand_factor_0.5.py,u_mand_factor,48,u_mand_factor,0.5,2,8,5,0.5,0.5,0.7,0.6,1.0,0.5,96.600007,80,30,92.000009,138.00001,42.800004,1,1,1048,0,ilp_v2,optimal,1,119.598328,96.579686,1.238338,0.1729,0.0,
u_mand_factor\set48\u_mand_factor_0.5.py,u_mand_factor,48,u_mand_factor,0.5,2,8,5,0.5,0.5,0.7,0.6,1.0,0.5,96.600007,80,30,92.000009,138.00001,42.800004,1,1,1048,0,heuristic_v5b,solved,1,115.399825,96.586794,1.194779,0.0688,,
u_mand_factor\set48\u_mand_factor_0.5.py,u_mand_factor,48,u_mand_factor,0.5,2,8,5,0.5,0.5,0.7,0.6,1.0,0.5,96.600007,80,30,92.000009,138.00001,42.800004,1,1,1048,0,heuristic_v7,solved,1,115.399825,96.586794,1.194779,0.4434,,
u_mand_factor\set48\u_mand_factor_0.6.py,u_mand_factor,48,u_mand_factor,0.6,2,8,5,0.6,0.5,0.7,0.6,1.2,0.4,103.039998,80,30,110.399999,147.199998,51.359999,1,1,1048,0,ilp_v2,optimal,1,69.622884,103.033446,0.675731,0.2993,0.0,
u_mand_factor\set48\u_mand_factor_0.6.py,u_mand_factor,48,u_mand_factor,0.6,2,8,5,0.6,0.5,0.7,0.6,1.2,0.4,103.039998,80,30,110.399999,147.199998,51.359999,1,1,1048,0,heuristic_v5b,solved,1,65.90419,103.032547,0.639644,0.1356,,
u_mand_factor\set48\u_mand_factor_0.6.py,u_mand_factor,48,u_mand_factor,0.6,2,8,5,0.6,0.5,0.7,0.6,1.2,0.4,103.039998,80,30,110.399999,147.199998,51.359999,1,1,1048,0,heuristic_v7,solved,1,66.814669,103.036378,0.648457,0.6398,,
u_mand_factor\set48\u_mand_factor_0.7.py,u_mand_factor,48,u_mand_factor,0.7,2,8,5,0.7,0.5,0.7,0.6,1.4,0.3,109.479998,80,30,128.800001,156.399998,59.920001,1,1,1048,0,ilp_v2,optimal,1,22.509661,109.436036,0.205688,0.504,0.0,
u_mand_factor\set48\u_mand_factor_0.7.py,u_mand_factor,48,u_mand_factor,0.7,2,8,5,0.7,0.5,0.7,0.6,1.4,0.3,109.479998,80,30,128.800001,156.399998,59.920001,1,1,1048,0,heuristic_v5b,solved,1,21.54078,109.476559,0.196762,0.0378,,
u_mand_factor\set48\u_mand_factor_0.7.py,u_mand_factor,48,u_mand_factor,0.7,2,8,5,0.7,0.5,0.7,0.6,1.4,0.3,109.479998,80,30,128.800001,156.399998,59.920001,1,1,1048,0,heuristic_v7,solved,1,21.54078,109.476559,0.196762,0.3161,,
u_mand_factor\set48\u_mand_factor_0.8.py,u_mand_factor,48,u_mand_factor,0.8,2,8,5,0.8,0.5,0.7,0.6,1.6,0.2,115.919996,80,30,147.200006,165.599994,68.480003,1,1,1048,0,ilp_v2,infeasible,0,,,,0.014,,
u_mand_factor\set48\u_mand_factor_0.8.py,u_mand_factor,48,u_mand_factor,0.8,2,8,5,0.8,0.5,0.7,0.6,1.6,0.2,115.919996,80,30,147.200006,165.599994,68.480003,1,1,1048,0,heuristic_v5b,infeasible,0,,128.112488,,0.032,,over budget: E=128.1125 > B=115.9200
u_mand_factor\set48\u_mand_factor_0.8.py,u_mand_factor,48,u_mand_factor,0.8,2,8,5,0.8,0.5,0.7,0.6,1.6,0.2,115.919996,80,30,147.200006,165.599994,68.480003,1,1,1048,0,heuristic_v7,infeasible,0,,128.792819,,0.2807,,over budget: E=128.7928 > B=115.9200
u_mand_factor\set48\u_mand_factor_0.9.py,u_mand_factor,48,u_mand_factor,0.9,2,8,5,0.9,0.5,0.7,0.6,1.8,0.1,122.360005,80,30,165.600001,174.800007,77.040001,1,1,1048,0,ilp_v2,infeasible,0,,,,0.0102,,
u_mand_factor\set48\u_mand_factor_0.9.py,u_mand_factor,48,u_mand_factor,0.9,2,8,5,0.9,0.5,0.7,0.6,1.8,0.1,122.360005,80,30,165.600001,174.800007,77.040001,1,1,1048,0,heuristic_v5b,infeasible,0,,156.777981,,0.042,,over budget: E=156.7780 > B=122.3600
u_mand_factor\set48\u_mand_factor_0.9.py,u_mand_factor,48,u_mand_factor,0.9,2,8,5,0.9,0.5,0.7,0.6,1.8,0.1,122.360005,80,30,165.600001,174.800007,77.040001,1,1,1048,0,heuristic_v7,infeasible,0,,156.420447,,0.3133,,over budget: E=156.4204 > B=122.3600
u_mand_factor\set49\u_mand_factor_0.1.py,u_mand_factor,49,u_mand_factor,0.1,2,8,5,0.1,0.5,0.7,0.6,0.2,0.9,70.840009,80,24,18.4,101.200013,9.44,1,0,1049,0,ilp_v2,optimal,1,229.688822,66.2431,3.467362,0.0124,0.0,
u_mand_factor\set49\u_mand_factor_0.1.py,u_mand_factor,49,u_mand_factor,0.1,2,8,5,0.1,0.5,0.7,0.6,0.2,0.9,70.840009,80,24,18.4,101.200013,9.44,1,0,1049,0,heuristic_v5b,solved,1,229.688822,70.754467,3.24628,0.0058,,
u_mand_factor\set49\u_mand_factor_0.1.py,u_mand_factor,49,u_mand_factor,0.1,2,8,5,0.1,0.5,0.7,0.6,0.2,0.9,70.840009,80,24,18.4,101.200013,9.44,1,0,1049,0,heuristic_v7,solved,1,229.688822,70.754467,3.24628,0.0877,,
u_mand_factor\set49\u_mand_factor_0.2.py,u_mand_factor,49,u_mand_factor,0.2,2,8,5,0.2,0.5,0.7,0.6,0.4,0.8,77.279992,80,24,36.799994,110.399988,18.879997,1,0,1049,0,ilp_v2,optimal,1,274.403931,77.159631,3.556315,0.0152,0.0,
u_mand_factor\set49\u_mand_factor_0.2.py,u_mand_factor,49,u_mand_factor,0.2,2,8,5,0.2,0.5,0.7,0.6,0.4,0.8,77.279992,80,24,36.799994,110.399988,18.879997,1,0,1049,0,heuristic_v5b,solved,1,264.059019,76.765614,3.439809,0.0057,,
u_mand_factor\set49\u_mand_factor_0.2.py,u_mand_factor,49,u_mand_factor,0.2,2,8,5,0.2,0.5,0.7,0.6,0.4,0.8,77.279992,80,24,36.799994,110.399988,18.879997,1,0,1049,0,heuristic_v7,solved,1,274.403931,77.184766,3.555157,0.0589,,
u_mand_factor\set49\u_mand_factor_0.3.py,u_mand_factor,49,u_mand_factor,0.3,2,8,5,0.3,0.5,0.7,0.6,0.6,0.7,83.719994,80,24,55.199994,119.599992,28.319997,1,1,1049,0,ilp_v2,optimal,1,240.426565,83.663842,2.873721,0.022,0.0,
u_mand_factor\set49\u_mand_factor_0.3.py,u_mand_factor,49,u_mand_factor,0.3,2,8,5,0.3,0.5,0.7,0.6,0.6,0.7,83.719994,80,24,55.199994,119.599992,28.319997,1,1,1049,0,heuristic_v5b,solved,1,222.127454,83.563129,2.658199,0.0076,,
u_mand_factor\set49\u_mand_factor_0.3.py,u_mand_factor,49,u_mand_factor,0.3,2,8,5,0.3,0.5,0.7,0.6,0.6,0.7,83.719994,80,24,55.199994,119.599992,28.319997,1,1,1049,0,heuristic_v7,solved,1,240.426565,83.400506,2.882795,0.0585,,
u_mand_factor\set49\u_mand_factor_0.4.py,u_mand_factor,49,u_mand_factor,0.4,2,8,5,0.4,0.5,0.7,0.6,0.8,0.6,90.159998,80,24,73.600005,128.799998,37.760002,1,1,1049,0,ilp_v2,optimal,1,191.002877,89.530716,2.133378,0.1588,0.0,
u_mand_factor\set49\u_mand_factor_0.4.py,u_mand_factor,49,u_mand_factor,0.4,2,8,5,0.4,0.5,0.7,0.6,0.8,0.6,90.159998,80,24,73.600005,128.799998,37.760002,1,1,1049,0,heuristic_v5b,solved,1,185.503053,89.944094,2.062426,0.0134,,
u_mand_factor\set49\u_mand_factor_0.4.py,u_mand_factor,49,u_mand_factor,0.4,2,8,5,0.4,0.5,0.7,0.6,0.8,0.6,90.159998,80,24,73.600005,128.799998,37.760002,1,1,1049,0,heuristic_v7,solved,1,205.516036,90.087491,2.281294,0.1038,,
u_mand_factor\set49\u_mand_factor_0.5.py,u_mand_factor,49,u_mand_factor,0.5,2,8,5,0.5,0.5,0.7,0.6,1.0,0.5,96.600007,80,24,92.000007,138.00001,47.200004,1,1,1049,0,ilp_v2,optimal,1,134.053434,96.574347,1.388085,0.3637,0.0,
u_mand_factor\set49\u_mand_factor_0.5.py,u_mand_factor,49,u_mand_factor,0.5,2,8,5,0.5,0.5,0.7,0.6,1.0,0.5,96.600007,80,24,92.000007,138.00001,47.200004,1,1,1049,0,heuristic_v5b,solved,1,127.463649,96.595156,1.319566,0.0146,,
u_mand_factor\set49\u_mand_factor_0.5.py,u_mand_factor,49,u_mand_factor,0.5,2,8,5,0.5,0.5,0.7,0.6,1.0,0.5,96.600007,80,24,92.000007,138.00001,47.200004,1,1,1049,0,heuristic_v7,solved,1,171.176685,96.56649,1.77263,0.0967,,
u_mand_factor\set49\u_mand_factor_0.6.py,u_mand_factor,49,u_mand_factor,0.6,2,8,5,0.6,0.5,0.7,0.6,1.2,0.4,103.039996,80,24,110.399998,147.199994,56.639999,1,1,1049,0,ilp_v2,optimal,1,81.215184,103.025953,0.788298,2.3072,0.0,
u_mand_factor\set49\u_mand_factor_0.6.py,u_mand_factor,49,u_mand_factor,0.6,2,8,5,0.6,0.5,0.7,0.6,1.2,0.4,103.039996,80,24,110.399998,147.199994,56.639999,1,1,1049,0,heuristic_v5b,solved,1,77.439522,102.912115,0.752482,0.0192,,
u_mand_factor\set49\u_mand_factor_0.6.py,u_mand_factor,49,u_mand_factor,0.6,2,8,5,0.6,0.5,0.7,0.6,1.2,0.4,103.039996,80,24,110.399998,147.199994,56.639999,1,1,1049,0,heuristic_v7,solved,1,129.288422,102.630074,1.259752,0.193,,
u_mand_factor\set49\u_mand_factor_0.7.py,u_mand_factor,49,u_mand_factor,0.7,2,8,5,0.7,0.5,0.7,0.6,1.4,0.3,109.479998,80,24,128.799999,156.399998,66.079999,1,1,1049,0,ilp_v2,optimal,1,31.158076,109.457568,0.284659,0.2487,0.0,
u_mand_factor\set49\u_mand_factor_0.7.py,u_mand_factor,49,u_mand_factor,0.7,2,8,5,0.7,0.5,0.7,0.6,1.4,0.3,109.479998,80,24,128.799999,156.399998,66.079999,1,1,1049,0,heuristic_v5b,solved,1,68.30653,109.475537,0.623943,0.013,,
u_mand_factor\set49\u_mand_factor_0.7.py,u_mand_factor,49,u_mand_factor,0.7,2,8,5,0.7,0.5,0.7,0.6,1.4,0.3,109.479998,80,24,128.799999,156.399998,66.079999,1,1,1049,0,heuristic_v7,solved,1,77.27152,109.349981,0.706644,0.1788,,
u_mand_factor\set49\u_mand_factor_0.8.py,u_mand_factor,49,u_mand_factor,0.8,2,8,5,0.8,0.5,0.7,0.6,1.6,0.2,115.920002,80,24,147.199998,165.600003,75.519999,1,1,1049,0,ilp_v2,infeasible,0,,,,0.0111,,
u_mand_factor\set49\u_mand_factor_0.8.py,u_mand_factor,49,u_mand_factor,0.8,2,8,5,0.8,0.5,0.7,0.6,1.6,0.2,115.920002,80,24,147.199998,165.600003,75.519999,1,1,1049,0,heuristic_v5b,infeasible,0,,120.181146,,0.0167,,over budget: E=120.1811 > B=115.9200
u_mand_factor\set49\u_mand_factor_0.8.py,u_mand_factor,49,u_mand_factor,0.8,2,8,5,0.8,0.5,0.7,0.6,1.6,0.2,115.920002,80,24,147.199998,165.600003,75.519999,1,1,1049,0,heuristic_v7,solved,1,18.165057,115.81212,0.156849,0.216,,
u_mand_factor\set49\u_mand_factor_0.9.py,u_mand_factor,49,u_mand_factor,0.9,2,8,5,0.9,0.5,0.7,0.6,1.8,0.1,122.35999,80,24,165.599995,174.799986,84.959998,1,1,1049,0,ilp_v2,infeasible,0,,,,0.0171,,
u_mand_factor\set49\u_mand_factor_0.9.py,u_mand_factor,49,u_mand_factor,0.9,2,8,5,0.9,0.5,0.7,0.6,1.8,0.1,122.35999,80,24,165.599995,174.799986,84.959998,1,1,1049,0,heuristic_v5b,infeasible,0,,,,0.0,,
u_mand_factor\set49\u_mand_factor_0.9.py,u_mand_factor,49,u_mand_factor,0.9,2,8,5,0.9,0.5,0.7,0.6,1.8,0.1,122.35999,80,24,165.599995,174.799986,84.959998,1,1,1049,0,heuristic_v7,infeasible,0,,,,0.0,,
u_mand_factor\set50\u_mand_factor_0.1.py,u_mand_factor,50,u_mand_factor,0.1,2,8,5,0.1,0.5,0.7,0.6,0.2,0.9,70.84,80,36,18.400003,101.2,9.203638,1,0,1050,0,ilp_v2,optimal,1,159.150397,69.488255,2.290321,0.0235,0.0,
u_mand_factor\set50\u_mand_factor_0.1.py,u_mand_factor,50,u_mand_factor,0.1,2,8,5,0.1,0.5,0.7,0.6,0.2,0.9,70.84,80,36,18.400003,101.2,9.203638,1,0,1050,0,heuristic_v5b,solved,1,159.150397,68.223961,2.332764,0.0143,,
u_mand_factor\set50\u_mand_factor_0.1.py,u_mand_factor,50,u_mand_factor,0.1,2,8,5,0.1,0.5,0.7,0.6,0.2,0.9,70.84,80,36,18.400003,101.2,9.203638,1,0,1050,0,heuristic_v7,solved,1,159.150397,69.135622,2.302003,0.507,,
u_mand_factor\set50\u_mand_factor_0.2.py,u_mand_factor,50,u_mand_factor,0.2,2,8,5,0.2,0.5,0.7,0.6,0.4,0.8,77.279996,80,36,36.799999,110.399994,18.407272,1,0,1050,0,ilp_v2,optimal,1,138.199159,68.449909,2.018982,0.0233,0.0,
u_mand_factor\set50\u_mand_factor_0.2.py,u_mand_factor,50,u_mand_factor,0.2,2,8,5,0.2,0.5,0.7,0.6,0.4,0.8,77.279996,80,36,36.799999,110.399994,18.407272,1,0,1050,0,heuristic_v5b,solved,1,137.879437,73.891912,1.865961,0.0192,,
u_mand_factor\set50\u_mand_factor_0.2.py,u_mand_factor,50,u_mand_factor,0.2,2,8,5,0.2,0.5,0.7,0.6,0.4,0.8,77.279996,80,36,36.799999,110.399994,18.407272,1,0,1050,0,heuristic_v7,solved,1,138.199159,76.915381,1.796769,0.496,,
u_mand_factor\set50\u_mand_factor_0.3.py,u_mand_factor,50,u_mand_factor,0.3,2,8,5,0.3,0.5,0.7,0.6,0.6,0.7,83.719991,80,36,55.200003,119.599987,27.610911,1,1,1050,0,ilp_v2,optimal,1,114.410654,75.856128,1.508259,0.0229,0.0,
u_mand_factor\set50\u_mand_factor_0.3.py,u_mand_factor,50,u_mand_factor,0.3,2,8,5,0.3,0.5,0.7,0.6,0.6,0.7,83.719991,80,36,55.200003,119.599987,27.610911,1,1,1050,0,heuristic_v5b,solved,1,111.960124,83.42899,1.341981,0.0163,,
u_mand_factor\set50\u_mand_factor_0.3.py,u_mand_factor,50,u_mand_factor,0.3,2,8,5,0.3,0.5,0.7,0.6,0.6,0.7,83.719991,80,36,55.200003,119.599987,27.610911,1,1,1050,0,heuristic_v7,solved,1,114.410654,81.969793,1.395766,0.4521,,
u_mand_factor\set50\u_mand_factor_0.4.py,u_mand_factor,50,u_mand_factor,0.4,2,8,5,0.4,0.5,0.7,0.6,0.8,0.6,90.159993,80,36,73.599997,128.79999,36.814544,1,1,1050,0,ilp_v2,optimal,1,102.191954,90.069639,1.134588,0.0234,0.0,
u_mand_factor\set50\u_mand_factor_0.4.py,u_mand_factor,50,u_mand_factor,0.4,2,8,5,0.4,0.5,0.7,0.6,0.8,0.6,90.159993,80,36,73.599997,128.79999,36.814544,1,1,1050,0,heuristic_v5b,solved,1,98.230614,90.069666,1.090607,0.0205,,
u_mand_factor\set50\u_mand_factor_0.4.py,u_mand_factor,50,u_mand_factor,0.4,2,8,5,0.4,0.5,0.7,0.6,0.8,0.6,90.159993,80,36,73.599997,128.79999,36.814544,1,1,1050,0,heuristic_v7,solved,1,98.230614,90.069666,1.090607,0.7132,,
u_mand_factor\set50\u_mand_factor_0.5.py,u_mand_factor,50,u_mand_factor,0.5,2,8,5,0.5,0.5,0.7,0.6,1.0,0.5,96.599997,80,36,91.999998,137.999995,46.018181,1,1,1050,0,ilp_v2,optimal,1,85.691996,96.441203,0.888541,0.0794,0.0,
u_mand_factor\set50\u_mand_factor_0.5.py,u_mand_factor,50,u_mand_factor,0.5,2,8,5,0.5,0.5,0.7,0.6,1.0,0.5,96.599997,80,36,91.999998,137.999995,46.018181,1,1,1050,0,heuristic_v5b,solved,1,83.133958,96.595773,0.860638,0.0211,,
u_mand_factor\set50\u_mand_factor_0.5.py,u_mand_factor,50,u_mand_factor,0.5,2,8,5,0.5,0.5,0.7,0.6,1.0,0.5,96.599997,80,36,91.999998,137.999995,46.018181,1,1,1050,0,heuristic_v7,solved,1,84.421454,96.455066,0.875241,0.2552,,
u_mand_factor\set50\u_mand_factor_0.6.py,u_mand_factor,50,u_mand_factor,0.6,2,8,5,0.6,0.5,0.7,0.6,1.2,0.4,103.039986,80,36,110.399999,147.19998,55.221818,1,1,1050,0,ilp_v2,optimal,1,64.677824,103.034921,0.627727,0.4171,0.0,
u_mand_factor\set50\u_mand_factor_0.6.py,u_mand_factor,50,u_mand_factor,0.6,2,8,5,0.6,0.5,0.7,0.6,1.2,0.4,103.039986,80,36,110.399999,147.19998,55.221818,1,1,1050,0,heuristic_v5b,solved,1,59.713346,102.898862,0.580311,0.0582,,
u_mand_factor\set50\u_mand_factor_0.6.py,u_mand_factor,50,u_mand_factor,0.6,2,8,5,0.6,0.5,0.7,0.6,1.2,0.4,103.039986,80,36,110.399999,147.19998,55.221818,1,1,1050,0,heuristic_v7,solved,1,63.116285,102.927737,0.61321,0.8799,,
u_mand_factor\set50\u_mand_factor_0.7.py,u_mand_factor,50,u_mand_factor,0.7,2,8,5,0.7,0.5,0.7,0.6,1.4,0.3,109.480008,80,36,128.800003,156.400012,64.425456,1,1,1050,0,ilp_v2,optimal,1,33.443237,109.465327,0.305514,0.293,0.0,
u_mand_factor\set50\u_mand_factor_0.7.py,u_mand_factor,50,u_mand_factor,0.7,2,8,5,0.7,0.5,0.7,0.6,1.4,0.3,109.480008,80,36,128.800003,156.400012,64.425456,1,1,1050,0,heuristic_v5b,solved,1,35.580536,109.47552,0.325009,0.1313,,
u_mand_factor\set50\u_mand_factor_0.7.py,u_mand_factor,50,u_mand_factor,0.7,2,8,5,0.7,0.5,0.7,0.6,1.4,0.3,109.480008,80,36,128.800003,156.400012,64.425456,1,1,1050,0,heuristic_v7,solved,1,38.109877,109.360654,0.348479,1.0884,,
u_mand_factor\set50\u_mand_factor_0.8.py,u_mand_factor,50,u_mand_factor,0.8,2,8,5,0.8,0.5,0.7,0.6,1.6,0.2,115.920003,80,36,147.199992,165.600005,73.629087,1,1,1050,0,ilp_v2,optimal,1,9.743672,115.898806,0.084071,0.3781,0.0,
u_mand_factor\set50\u_mand_factor_0.8.py,u_mand_factor,50,u_mand_factor,0.8,2,8,5,0.8,0.5,0.7,0.6,1.6,0.2,115.920003,80,36,147.199992,165.600005,73.629087,1,1,1050,0,heuristic_v5b,solved,1,4.068471,115.91694,0.035098,0.0333,,
u_mand_factor\set50\u_mand_factor_0.8.py,u_mand_factor,50,u_mand_factor,0.8,2,8,5,0.8,0.5,0.7,0.6,1.6,0.2,115.920003,80,36,147.199992,165.600005,73.629087,1,1,1050,0,heuristic_v7,solved,1,8.105344,115.912684,0.069926,1.0196,,
u_mand_factor\set50\u_mand_factor_0.9.py,u_mand_factor,50,u_mand_factor,0.9,2,8,5,0.9,0.5,0.7,0.6,1.8,0.1,122.360006,80,36,165.599999,174.800008,82.832727,1,1,1050,0,ilp_v2,infeasible,0,,,,0.0254,,
u_mand_factor\set50\u_mand_factor_0.9.py,u_mand_factor,50,u_mand_factor,0.9,2,8,5,0.9,0.5,0.7,0.6,1.8,0.1,122.360006,80,36,165.599999,174.800008,82.832727,1,1,1050,0,heuristic_v5b,infeasible,0,,147.655747,,0.0897,,over budget: E=147.6557 > B=122.3600
u_mand_factor\set50\u_mand_factor_0.9.py,u_mand_factor,50,u_mand_factor,0.9,2,8,5,0.9,0.5,0.7,0.6,1.8,0.1,122.360006,80,36,165.599999,174.800008,82.832727,1,1,1050,0,heuristic_v7,infeasible,0,,147.634214,,0.5855,,over budget: E=147.6342 > B=122.3600
u_mand_factor\set51\u_mand_factor_0.1.py,u_mand_factor,51,u_mand_factor,0.1,2,8,5,0.1,0.5,0.7,0.6,0.2,0.9,70.840004,80,34,18.399994,101.200006,8.799997,1,0,1051,0,ilp_v2,optimal,1,200.727747,66.614039,3.013295,0.0136,0.0,
u_mand_factor\set51\u_mand_factor_0.1.py,u_mand_factor,51,u_mand_factor,0.1,2,8,5,0.1,0.5,0.7,0.6,0.2,0.9,70.840004,80,34,18.399994,101.200006,8.799997,1,0,1051,0,heuristic_v5b,solved,1,200.727747,69.602994,2.883895,0.01,,
u_mand_factor\set51\u_mand_factor_0.1.py,u_mand_factor,51,u_mand_factor,0.1,2,8,5,0.1,0.5,0.7,0.6,0.2,0.9,70.840004,80,34,18.399994,101.200006,8.799997,1,0,1051,0,heuristic_v7,solved,1,200.727747,69.602994,2.883895,0.0952,,
u_mand_factor\set51\u_mand_factor_0.2.py,u_mand_factor,51,u_mand_factor,0.2,2,8,5,0.2,0.5,0.7,0.6,0.4,0.8,77.279998,80,34,36.800003,110.399997,17.600002,1,0,1051,0,ilp_v2,optimal,1,188.507576,71.92783,2.620788,0.0152,0.0,
u_mand_factor\set51\u_mand_factor_0.2.py,u_mand_factor,51,u_mand_factor,0.2,2,8,5,0.2,0.5,0.7,0.6,0.4,0.8,77.279998,80,34,36.800003,110.399997,17.600002,1,0,1051,0,heuristic_v5b,solved,1,188.507576,76.134361,2.475986,0.01,,
u_mand_factor\set51\u_mand_factor_0.2.py,u_mand_factor,51,u_mand_factor,0.2,2,8,5,0.2,0.5,0.7,0.6,0.4,0.8,77.279998,80,34,36.800003,110.399997,17.600002,1,0,1051,0,heuristic_v7,solved,1,188.507576,76.134361,2.475986,0.1051,,
u_mand_factor\set51\u_mand_factor_0.3.py,u_mand_factor,51,u_mand_factor,0.3,2,8,5,0.3,0.5,0.7,0.6,0.6,0.7,83.719993,80,34,55.199995,119.59999,26.399998,1,1,1051,0,ilp_v2,optimal,1,165.955516,82.596389,2.009235,0.0181,0.0,
u_mand_factor\set51\u_mand_factor_0.3.py,u_mand_factor,51,u_mand_factor,0.3,2,8,5,0.3,0.5,0.7,0.6,0.6,0.7,83.719993,80,34,55.199995,119.59999,26.399998,1,1,1051,0,heuristic_v5b,solved,1,149.939931,83.711342,1.791154,0.0135,,
u_mand_factor\set51\u_mand_factor_0.3.py,u_mand_factor,51,u_mand_factor,0.3,2,8,5,0.3,0.5,0.7,0.6,0.6,0.7,83.719993,80,34,55.199995,119.59999,26.399998,1,1,1051,0,heuristic_v7,solved,1,165.955516,82.384507,2.014402,0.1567,,
u_mand_factor\set51\u_mand_factor_0.4.py,u_mand_factor,51,u_mand_factor,0.4,2,8,5,0.4,0.5,0.7,0.6,0.8,0.6,90.159991,80,34,73.599991,128.799987,35.199996,1,1,1051,0,ilp_v2,optimal,1,138.415015,89.545989,1.545742,0.0202,0.0,
u_mand_factor\set51\u_mand_factor_0.4.py,u_mand_factor,51,u_mand_factor,0.4,2,8,5,0.4,0.5,0.7,0.6,0.8,0.6,90.159991,80,34,73.599991,128.799987,35.199996,1,1,1051,0,heuristic_v5b,solved,1,138.415015,89.182921,1.552035,0.0143,,
u_mand_factor\set51\u_mand_factor_0.4.py,u_mand_factor,51,u_mand_factor,0.4,2,8,5,0.4,0.5,0.7,0.6,0.8,0.6,90.159991,80,34,73.599991,128.799987,35.199996,1,1,1051,0,heuristic_v7,solved,1,138.415015,89.182921,1.552035,0.2438,,
u_mand_factor\set51\u_mand_factor_0.5.py,u_mand_factor,51,u_mand_factor,0.5,2,8,5,0.5,0.5,0.7,0.6,1.0,0.5,96.599998,80,34,91.999988,137.999997,43.999994,1,1,1051,0,ilp_v2,optimal,1,107.803909,95.830925,1.124939,0.0372,0.0,
u_mand_factor\set51\u_mand_factor_0.5.py,u_mand_factor,51,u_mand_factor,0.5,2,8,5,0.5,0.5,0.7,0.6,1.0,0.5,96.599998,80,34,91.999988,137.999997,43.999994,1,1,1051,0,heuristic_v5b,solved,1,103.932996,96.057065,1.081992,0.0164,,
u_mand_factor\set51\u_mand_factor_0.5.py,u_mand_factor,51,u_mand_factor,0.5,2,8,5,0.5,0.5,0.7,0.6,1.0,0.5,96.599998,80,34,91.999988,137.999997,43.999994,1,1,1051,0,heuristic_v7,solved,1,103.932996,96.057065,1.081992,0.1561,,
u_mand_factor\set51\u_mand_factor_0.6.py,u_mand_factor,51,u_mand_factor,0.6,2,8,5,0.6,0.5,0.7,0.6,1.2,0.4,103.039996,80,34,110.400003,147.199994,52.800002,1,1,1051,0,ilp_v2,optimal,1,77.85446,103.035482,0.755608,0.3352,0.0,
u_mand_factor\set51\u_mand_factor_0.6.py,u_mand_factor,51,u_mand_factor,0.6,2,8,5,0.6,0.5,0.7,0.6,1.2,0.4,103.039996,80,34,110.400003,147.199994,52.800002,1,1,1051,0,heuristic_v5b,solved,1,60.664501,103.031037,0.588798,0.0228,,
u_mand_factor\set51\u_mand_factor_0.6.py,u_mand_factor,51,u_mand_factor,0.6,2,8,5,0.6,0.5,0.7,0.6,1.2,0.4,103.039996,80,34,110.400003,147.199994,52.800002,1,1,1051,0,heuristic_v7,solved,1,73.483667,99.17296,0.740965,0.3055,,
u_mand_factor\set51\u_mand_factor_0.7.py,u_mand_factor,51,u_mand_factor,0.7,2,8,5,0.7,0.5,0.7,0.6,1.4,0.3,109.479997,80,34,128.799994,156.399995,61.599997,1,1,1051,0,ilp_v2,optimal,1,48.394238,109.471135,0.442073,0.1092,0.0,
u_mand_factor\set51\u_mand_factor_0.7.py,u_mand_factor,51,u_mand_factor,0.7,2,8,5,0.7,0.5,0.7,0.6,1.4,0.3,109.479997,80,34,128.799994,156.399995,61.599997,1,1,1051,0,heuristic_v5b,solved,1,39.333952,108.674297,0.361943,0.027,,
u_mand_factor\set51\u_mand_factor_0.7.py,u_mand_factor,51,u_mand_factor,0.7,2,8,5,0.7,0.5,0.7,0.6,1.4,0.3,109.479997,80,34,128.799994,156.399995,61.599997,1,1,1051,0,heuristic_v7,solved,1,40.798359,109.281123,0.373334,0.3866,,
u_mand_factor\set51\u_mand_factor_0.8.py,u_mand_factor,51,u_mand_factor,0.8,2,8,5,0.8,0.5,0.7,0.6,1.6,0.2,115.920015,80,34,147.200005,165.600022,70.400002,1,1,1051,0,ilp_v2,infeasible,0,,,,0.0145,,
u_mand_factor\set51\u_mand_factor_0.8.py,u_mand_factor,51,u_mand_factor,0.8,2,8,5,0.8,0.5,0.7,0.6,1.6,0.2,115.920015,80,34,147.200005,165.600022,70.400002,1,1,1051,0,heuristic_v5b,infeasible,0,,118.719075,,0.0286,,over budget: E=118.7191 > B=115.9200
u_mand_factor\set51\u_mand_factor_0.8.py,u_mand_factor,51,u_mand_factor,0.8,2,8,5,0.8,0.5,0.7,0.6,1.6,0.2,115.920015,80,34,147.200005,165.600022,70.400002,1,1,1051,0,heuristic_v7,infeasible,0,,118.608206,,0.359,,over budget: E=118.6082 > B=115.9200
u_mand_factor\set51\u_mand_factor_0.9.py,u_mand_factor,51,u_mand_factor,0.9,2,8,5,0.9,0.5,0.7,0.6,1.8,0.1,122.360001,80,34,165.6,174.800001,79.2,1,1,1051,0,ilp_v2,infeasible,0,,,,0.0122,,
u_mand_factor\set51\u_mand_factor_0.9.py,u_mand_factor,51,u_mand_factor,0.9,2,8,5,0.9,0.5,0.7,0.6,1.8,0.1,122.360001,80,34,165.6,174.800001,79.2,1,1,1051,0,heuristic_v5b,infeasible,0,,151.007623,,0.0458,,over budget: E=151.0076 > B=122.3600
u_mand_factor\set51\u_mand_factor_0.9.py,u_mand_factor,51,u_mand_factor,0.9,2,8,5,0.9,0.5,0.7,0.6,1.8,0.1,122.360001,80,34,165.6,174.800001,79.2,1,1,1051,0,heuristic_v7,infeasible,0,,150.956721,,0.2388,,over budget: E=150.9567 > B=122.3600
u_mand_factor\set52\u_mand_factor_0.1.py,u_mand_factor,52,u_mand_factor,0.1,2,8,5,0.1,0.5,0.7,0.6,0.2,0.9,70.839998,80,23,18.399992,101.199997,8.559996,1,0,1052,0,ilp_v2,optimal,1,163.645431,70.544823,2.319737,0.0104,0.0,
u_mand_factor\set52\u_mand_factor_0.1.py,u_mand_factor,52,u_mand_factor,0.1,2,8,5,0.1,0.5,0.7,0.6,0.2,0.9,70.839998,80,23,18.399992,101.199997,8.559996,1,0,1052,0,heuristic_v5b,solved,1,163.645431,70.313803,2.327359,0.0054,,
u_mand_factor\set52\u_mand_factor_0.1.py,u_mand_factor,52,u_mand_factor,0.1,2,8,5,0.1,0.5,0.7,0.6,0.2,0.9,70.839998,80,23,18.399992,101.199997,8.559996,1,0,1052,0,heuristic_v7,solved,1,163.645431,70.313803,2.327359,0.0523,,
u_mand_factor\set52\u_mand_factor_0.2.py,u_mand_factor,52,u_mand_factor,0.2,2,8,5,0.2,0.5,0.7,0.6,0.4,0.8,77.280002,80,23,36.800005,110.400003,17.120002,1,0,1052,0,ilp_v2,optimal,1,212.158907,77.046622,2.753643,0.0108,0.0,
u_mand_factor\set52\u_mand_factor_0.2.py,u_mand_factor,52,u_mand_factor,0.2,2,8,5,0.2,0.5,0.7,0.6,0.4,0.8,77.280002,80,23,36.800005,110.400003,17.120002,1,0,1052,0,heuristic_v5b,solved,1,208.535726,77.082673,2.705352,0.0048,,
u_mand_factor\set52\u_mand_factor_0.2.py,u_mand_factor,52,u_mand_factor,0.2,2,8,5,0.2,0.5,0.7,0.6,0.4,0.8,77.280002,80,23,36.800005,110.400003,17.120002,1,0,1052,0,heuristic_v7,solved,1,212.158907,77.18816,2.748594,0.1498,,
u_mand_factor\set52\u_mand_factor_0.3.py,u_mand_factor,52,u_mand_factor,0.3,2,8,5,0.3,0.5,0.7,0.6,0.6,0.7,83.71999,80,23,55.199997,119.599986,25.679998,1,1,1052,0,ilp_v2,optimal,1,170.501459,83.299661,2.046845,0.0105,0.0,
u_mand_factor\set52\u_mand_factor_0.3.py,u_mand_factor,52,u_mand_factor,0.3,2,8,5,0.3,0.5,0.7,0.6,0.6,0.7,83.71999,80,23,55.199997,119.599986,25.679998,1,1,1052,0,heuristic_v5b,solved,1,170.501459,83.634273,2.038655,0.0047,,
u_mand_factor\set52\u_mand_factor_0.3.py,u_mand_factor,52,u_mand_factor,0.3,2,8,5,0.3,0.5,0.7,0.6,0.6,0.7,83.71999,80,23,55.199997,119.599986,25.679998,1,1,1052,0,heuristic_v7,solved,1,170.501459,83.634273,2.038655,0.1429,,
u_mand_factor\set52\u_mand_factor_0.4.py,u_mand_factor,52,u_mand_factor,0.4,2,8,5,0.4,0.5,0.7,0.6,0.8,0.6,90.159998,80,23,73.600001,128.799998,34.240001,1,1,1052,0,ilp_v2,optimal,1,120.230249,90.130439,1.333958,0.0207,0.0,
u_mand_factor\set52\u_mand_factor_0.4.py,u_mand_factor,52,u_mand_factor,0.4,2,8,5,0.4,0.5,0.7,0.6,0.8,0.6,90.159998,80,23,73.600001,128.799998,34.240001,1,1,1052,0,heuristic_v5b,solved,1,117.857119,89.581742,1.315638,0.0049,,
u_mand_factor\set52\u_mand_factor_0.4.py,u_mand_factor,52,u_mand_factor,0.4,2,8,5,0.4,0.5,0.7,0.6,0.8,0.6,90.159998,80,23,73.600001,128.799998,34.240001,1,1,1052,0,heuristic_v7,solved,1,122.380882,89.797409,1.362855,0.0802,,
u_mand_factor\set52\u_mand_factor_0.5.py,u_mand_factor,52,u_mand_factor,0.5,2,8,5,0.5,0.5,0.7,0.6,1.0,0.5,96.600004,80,23,91.999998,138.000006,42.799999,1,1,1052,0,ilp_v2,optimal,1,82.390548,96.575535,0.85312,0.0501,0.0,
u_mand_factor\set52\u_mand_factor_0.5.py,u_mand_factor,52,u_mand_factor,0.5,2,8,5,0.5,0.5,0.7,0.6,1.0,0.5,96.600004,80,23,91.999998,138.000006,42.799999,1,1,1052,0,heuristic_v5b,solved,1,81.875217,96.091403,0.852056,0.0083,,
u_mand_factor\set52\u_mand_factor_0.5.py,u_mand_factor,52,u_mand_factor,0.5,2,8,5,0.5,0.5,0.7,0.6,1.0,0.5,96.600004,80,23,91.999998,138.000006,42.799999,1,1,1052,0,heuristic_v7,solved,1,89.145885,95.996347,0.928638,0.06,,
u_mand_factor\set52\u_mand_factor_0.6.py,u_mand_factor,52,u_mand_factor,0.6,2,8,5,0.6,0.5,0.7,0.6,1.2,0.4,103.039998,80,23,110.400002,147.199997,51.360001,1,1,1052,0,ilp_v2,optimal,1,25.844908,103.030274,0.250848,0.1299,0.0,
u_mand_factor\set52\u_mand_factor_0.6.py,u_mand_factor,52,u_mand_factor,0.6,2,8,5,0.6,0.5,0.7,0.6,1.2,0.4,103.039998,80,23,110.400002,147.199997,51.360001,1,1,1052,0,heuristic_v5b,solved,1,35.699857,101.336801,0.352289,0.0088,,
u_mand_factor\set52\u_mand_factor_0.6.py,u_mand_factor,52,u_mand_factor,0.6,2,8,5,0.6,0.5,0.7,0.6,1.2,0.4,103.039998,80,23,110.400002,147.199997,51.360001,1,1,1052,0,heuristic_v7,solved,1,63.609829,102.873623,0.61833,0.098,,
u_mand_factor\set52\u_mand_factor_0.7.py,u_mand_factor,52,u_mand_factor,0.7,2,8,5,0.7,0.5,0.7,0.6,1.4,0.3,109.480006,80,23,128.799998,156.400008,59.919999,1,1,1052,0,ilp_v2,optimal,1,31.057658,109.460492,0.283734,0.2127,0.0,
u_mand_factor\set52\u_mand_factor_0.7.py,u_mand_factor,52,u_mand_factor,0.7,2,8,5,0.7,0.5,0.7,0.6,1.4,0.3,109.480006,80,23,128.799998,156.400008,59.919999,1,1,1052,0,heuristic_v5b,solved,1,20.578647,109.157902,0.188522,0.0098,,
u_mand_factor\set52\u_mand_factor_0.7.py,u_mand_factor,52,u_mand_factor,0.7,2,8,5,0.7,0.5,0.7,0.6,1.4,0.3,109.480006,80,23,128.799998,156.400008,59.919999,1,1,1052,0,heuristic_v7,solved,1,36.806572,108.208503,0.340145,0.1723,,
u_mand_factor\set52\u_mand_factor_0.8.py,u_mand_factor,52,u_mand_factor,0.8,2,8,5,0.8,0.5,0.7,0.6,1.6,0.2,115.920002,80,23,147.200001,165.600003,68.480001,1,1,1052,0,ilp_v2,infeasible,0,,,,0.0095,,
u_mand_factor\set52\u_mand_factor_0.8.py,u_mand_factor,52,u_mand_factor,0.8,2,8,5,0.8,0.5,0.7,0.6,1.6,0.2,115.920002,80,23,147.200001,165.600003,68.480001,1,1,1052,0,heuristic_v5b,infeasible,0,,118.399384,,0.0119,,over budget: E=118.3994 > B=115.9200
u_mand_factor\set52\u_mand_factor_0.8.py,u_mand_factor,52,u_mand_factor,0.8,2,8,5,0.8,0.5,0.7,0.6,1.6,0.2,115.920002,80,23,147.200001,165.600003,68.480001,1,1,1052,0,heuristic_v7,solved,1,11.400154,115.236951,0.098928,0.1629,,
u_mand_factor\set52\u_mand_factor_0.9.py,u_mand_factor,52,u_mand_factor,0.9,2,8,5,0.9,0.5,0.7,0.6,1.8,0.1,122.359996,80,23,165.6,174.799994,77.04,1,1,1052,0,ilp_v2,infeasible,0,,,,0.0089,,
u_mand_factor\set52\u_mand_factor_0.9.py,u_mand_factor,52,u_mand_factor,0.9,2,8,5,0.9,0.5,0.7,0.6,1.8,0.1,122.359996,80,23,165.6,174.799994,77.04,1,1,1052,0,heuristic_v5b,infeasible,0,,149.141503,,0.014,,over budget: E=149.1415 > B=122.3600
u_mand_factor\set52\u_mand_factor_0.9.py,u_mand_factor,52,u_mand_factor,0.9,2,8,5,0.9,0.5,0.7,0.6,1.8,0.1,122.359996,80,23,165.6,174.799994,77.04,1,1,1052,0,heuristic_v7,infeasible,0,,145.362366,,0.118,,over budget: E=145.3624 > B=122.3600
u_mand_factor\set53\u_mand_factor_0.1.py,u_mand_factor,53,u_mand_factor,0.1,2,8,5,0.1,0.5,0.7,0.6,0.2,0.9,70.840006,80,24,18.400008,101.200008,9.20364,1,0,1053,0,ilp_v2,optimal,1,253.949948,68.026434,3.733107,0.008,0.0,
u_mand_factor\set53\u_mand_factor_0.1.py,u_mand_factor,53,u_mand_factor,0.1,2,8,5,0.1,0.5,0.7,0.6,0.2,0.9,70.840006,80,24,18.400008,101.200008,9.20364,1,0,1053,0,heuristic_v5b,solved,1,253.949948,70.770029,3.588383,0.0059,,
u_mand_factor\set53\u_mand_factor_0.1.py,u_mand_factor,53,u_mand_factor,0.1,2,8,5,0.1,0.5,0.7,0.6,0.2,0.9,70.840006,80,24,18.400008,101.200008,9.20364,1,0,1053,0,heuristic_v7,solved,1,253.949948,70.770029,3.588383,0.0714,,
u_mand_factor\set53\u_mand_factor_0.2.py,u_mand_factor,53,u_mand_factor,0.2,2,8,5,0.2,0.5,0.7,0.6,0.4,0.8,77.279998,80,24,36.799998,110.399998,18.407272,1,0,1053,0,ilp_v2,optimal,1,179.670058,75.394733,2.383058,0.0078,0.0,
u_mand_factor\set53\u_mand_factor_0.2.py,u_mand_factor,53,u_mand_factor,0.2,2,8,5,0.2,0.5,0.7,0.6,0.4,0.8,77.279998,80,24,36.799998,110.399998,18.407272,1,0,1053,0,heuristic_v5b,solved,1,154.541893,77.121736,2.003869,0.0088,,
u_mand_factor\set53\u_mand_factor_0.2.py,u_mand_factor,53,u_mand_factor,0.2,2,8,5,0.2,0.5,0.7,0.6,0.4,0.8,77.279998,80,24,36.799998,110.399998,18.407272,1,0,1053,0,heuristic_v7,solved,1,154.541893,77.121736,2.003869,0.068,,
u_mand_factor\set53\u_mand_factor_0.3.py,u_mand_factor,53,u_mand_factor,0.3,2,8,5,0.3,0.5,0.7,0.6,0.6,0.7,83.719999,80,24,55.2,119.599999,27.610909,1,1,1053,0,ilp_v2,optimal,1,161.670095,81.008665,1.995714,0.008,0.0,
u_mand_factor\set53\u_mand_factor_0.3.py,u_mand_factor,53,u_mand_factor,0.3,2,8,5,0.3,0.5,0.7,0.6,0.6,0.7,83.719999,80,24,55.2,119.599999,27.610909,1,1,1053,0,heuristic_v5b,solved,1,139.381827,83.570444,1.667836,0.0099,,
u_mand_factor\set53\u_mand_factor_0.3.py,u_mand_factor,53,u_mand_factor,0.3,2,8,5,0.3,0.5,0.7,0.6,0.6,0.7,83.719999,80,24,55.2,119.599999,27.610909,1,1,1053,0,heuristic_v7,solved,1,139.381827,83.570444,1.667836,0.0786,,
u_mand_factor\set53\u_mand_factor_0.4.py,u_mand_factor,53,u_mand_factor,0.4,2,8,5,0.4,0.5,0.7,0.6,0.8,0.6,90.160002,80,24,73.600001,128.800002,36.814546,1,1,1053,0,ilp_v2,optimal,1,144.110259,89.865605,1.60362,0.0108,0.0,
u_mand_factor\set53\u_mand_factor_0.4.py,u_mand_factor,53,u_mand_factor,0.4,2,8,5,0.4,0.5,0.7,0.6,0.8,0.6,90.160002,80,24,73.600001,128.800002,36.814546,1,1,1053,0,heuristic_v5b,solved,1,127.043662,89.67462,1.416718,0.0056,,
u_mand_factor\set53\u_mand_factor_0.4.py,u_mand_factor,53,u_mand_factor,0.4,2,8,5,0.4,0.5,0.7,0.6,0.8,0.6,90.160002,80,24,73.600001,128.800002,36.814546,1,1,1053,0,heuristic_v7,solved,1,144.110259,89.906666,1.602887,0.1471,,
u_mand_factor\set53\u_mand_factor_0.5.py,u_mand_factor,53,u_mand_factor,0.5,2,8,5,0.5,0.5,0.7,0.6,1.0,0.5,96.6,80,24,91.999998,138.0,46.018181,1,1,1053,0,ilp_v2,optimal,1,121.024983,96.59758,1.252878,0.115,0.0,
u_mand_factor\set53\u_mand_factor_0.5.py,u_mand_factor,53,u_mand_factor,0.5,2,8,5,0.5,0.5,0.7,0.6,1.0,0.5,96.6,80,24,91.999998,138.0,46.018181,1,1,1053,0,heuristic_v5b,solved,1,106.19636,96.508345,1.100385,0.0067,,
u_mand_factor\set53\u_mand_factor_0.5.py,u_mand_factor,53,u_mand_factor,0.5,2,8,5,0.5,0.5,0.7,0.6,1.0,0.5,96.6,80,24,91.999998,138.0,46.018181,1,1,1053,0,heuristic_v7,solved,1,114.904993,96.235762,1.193995,0.0821,,
u_mand_factor\set53\u_mand_factor_0.6.py,u_mand_factor,53,u_mand_factor,0.6,2,8,5,0.6,0.5,0.7,0.6,1.2,0.4,103.039995,80,24,110.399994,147.199993,55.221815,1,1,1053,0,ilp_v2,optimal,1,104.735784,103.034038,1.016516,0.0332,9.8e-05,
u_mand_factor\set53\u_mand_factor_0.6.py,u_mand_factor,53,u_mand_factor,0.6,2,8,5,0.6,0.5,0.7,0.6,1.2,0.4,103.039995,80,24,110.399994,147.199993,55.221815,1,1,1053,0,heuristic_v5b,solved,1,94.013882,102.885973,0.913768,0.0098,,
u_mand_factor\set53\u_mand_factor_0.6.py,u_mand_factor,53,u_mand_factor,0.6,2,8,5,0.6,0.5,0.7,0.6,1.2,0.4,103.039995,80,24,110.399994,147.199993,55.221815,1,1,1053,0,heuristic_v7,solved,1,100.815864,102.974728,0.979035,0.1525,,
u_mand_factor\set53\u_mand_factor_0.7.py,u_mand_factor,53,u_mand_factor,0.7,2,8,5,0.7,0.5,0.7,0.6,1.4,0.3,109.480006,80,24,128.800007,156.400009,64.425458,1,1,1053,0,ilp_v2,optimal,1,73.659174,109.46826,0.672882,0.1701,6e-05,
u_mand_factor\set53\u_mand_factor_0.7.py,u_mand_factor,53,u_mand_factor,0.7,2,8,5,0.7,0.5,0.7,0.6,1.4,0.3,109.480006,80,24,128.800007,156.400009,64.425458,1,1,1053,0,heuristic_v5b,solved,1,40.083679,109.241725,0.366926,0.0122,,
u_mand_factor\set53\u_mand_factor_0.7.py,u_mand_factor,53,u_mand_factor,0.7,2,8,5,0.7,0.5,0.7,0.6,1.4,0.3,109.480006,80,24,128.800007,156.400009,64.425458,1,1,1053,0,heuristic_v7,solved,1,70.401121,109.155224,0.644963,0.1954,,
u_mand_factor\set53\u_mand_factor_0.8.py,u_mand_factor,53,u_mand_factor,0.8,2,8,5,0.8,0.5,0.7,0.6,1.6,0.2,115.919998,80,24,147.2,165.599997,73.629091,1,1,1053,0,ilp_v2,optimal,1,8.162691,115.918288,0.070418,0.3892,0.0,
u_mand_factor\set53\u_mand_factor_0.8.py,u_mand_factor,53,u_mand_factor,0.8,2,8,5,0.8,0.5,0.7,0.6,1.6,0.2,115.919998,80,24,147.2,165.599997,73.629091,1,1,1053,0,heuristic_v5b,solved,1,3.770493,115.919253,0.032527,0.0468,,
u_mand_factor\set53\u_mand_factor_0.8.py,u_mand_factor,53,u_mand_factor,0.8,2,8,5,0.8,0.5,0.7,0.6,1.6,0.2,115.919998,80,24,147.2,165.599997,73.629091,1,1,1053,0,heuristic_v7,solved,1,21.583651,115.886163,0.186249,0.3237,,
u_mand_factor\set53\u_mand_factor_0.9.py,u_mand_factor,53,u_mand_factor,0.9,2,8,5,0.9,0.5,0.7,0.6,1.8,0.1,122.359995,80,24,165.599997,174.799993,82.832726,1,1,1053,0,ilp_v2,infeasible,0,,,,0.0127,,
u_mand_factor\set53\u_mand_factor_0.9.py,u_mand_factor,53,u_mand_factor,0.9,2,8,5,0.9,0.5,0.7,0.6,1.8,0.1,122.359995,80,24,165.599997,174.799993,82.832726,1,1,1053,0,heuristic_v5b,infeasible,0,,141.986914,,0.018,,over budget: E=141.9869 > B=122.3600
u_mand_factor\set53\u_mand_factor_0.9.py,u_mand_factor,53,u_mand_factor,0.9,2,8,5,0.9,0.5,0.7,0.6,1.8,0.1,122.359995,80,24,165.599997,174.799993,82.832726,1,1,1053,0,heuristic_v7,infeasible,0,,141.986914,,0.1839,,over budget: E=141.9869 > B=122.3600
u_mand_factor\set54\u_mand_factor_0.1.py,u_mand_factor,54,u_mand_factor,0.1,2,8,5,0.1,0.5,0.7,0.6,0.2,0.9,70.840002,80,24,18.399997,101.200002,8.817141,1,0,1054,0,ilp_v2,optimal,1,237.193782,70.319996,3.373063,0.0166,0.0,
u_mand_factor\set54\u_mand_factor_0.1.py,u_mand_factor,54,u_mand_factor,0.1,2,8,5,0.1,0.5,0.7,0.6,0.2,0.9,70.840002,80,24,18.399997,101.200002,8.817141,1,0,1054,0,heuristic_v5b,solved,1,237.193782,67.100002,3.53493,0.0061,,
u_mand_factor\set54\u_mand_factor_0.1.py,u_mand_factor,54,u_mand_factor,0.1,2,8,5,0.1,0.5,0.7,0.6,0.2,0.9,70.840002,80,24,18.399997,101.200002,8.817141,1,0,1054,0,heuristic_v7,solved,1,237.193782,67.100002,3.53493,0.1078,,
u_mand_factor\set54\u_mand_factor_0.2.py,u_mand_factor,54,u_mand_factor,0.2,2,8,5,0.2,0.5,0.7,0.6,0.4,0.8,77.28001,80,24,36.800001,110.400014,17.634286,1,0,1054,0,ilp_v2,optimal,1,244.316143,77.252119,3.162582,0.016,0.0,
u_mand_factor\set54\u_mand_factor_0.2.py,u_mand_factor,54,u_mand_factor,0.2,2,8,5,0.2,0.5,0.7,0.6,0.4,0.8,77.28001,80,24,36.800001,110.400014,17.634286,1,0,1054,0,heuristic_v5b,solved,1,244.316143,73.200009,3.337652,0.008,,
u_mand_factor\set54\u_mand_factor_0.2.py,u_mand_factor,54,u_mand_factor,0.2,2,8,5,0.2,0.5,0.7,0.6,0.4,0.8,77.28001,80,24,36.800001,110.400014,17.634286,1,0,1054,0,heuristic_v7,solved,1,244.316143,73.200009,3.337652,0.1041,,
u_mand_factor\set54\u_mand_factor_0.3.py,u_mand_factor,54,u_mand_factor,0.3,2,8,5,0.3,0.5,0.7,0.6,0.6,0.7,83.720001,80,24,55.200002,119.600001,26.45143,1,1,1054,0,ilp_v2,optimal,1,201.673785,83.698363,2.409531,0.036,0.0,
u_mand_factor\set54\u_mand_factor_0.3.py,u_mand_factor,54,u_mand_factor,0.3,2,8,5,0.3,0.5,0.7,0.6,0.6,0.7,83.720001,80,24,55.200002,119.600001,26.45143,1,1,1054,0,heuristic_v5b,solved,1,201.741681,79.300001,2.544031,0.0071,,
u_mand_factor\set54\u_mand_factor_0.3.py,u_mand_factor,54,u_mand_factor,0.3,2,8,5,0.3,0.5,0.7,0.6,0.6,0.7,83.720001,80,24,55.200002,119.600001,26.45143,1,1,1054,0,heuristic_v7,solved,1,201.741681,79.300001,2.544031,0.085,,
u_mand_factor\set54\u_mand_factor_0.4.py,u_mand_factor,54,u_mand_factor,0.4,2,8,5,0.4,0.5,0.7,0.6,0.8,0.6,90.160002,80,24,73.599998,128.800003,35.26857,1,1,1054,0,ilp_v2,optimal,1,160.446836,90.158673,1.779605,0.0687,9.6e-05,
u_mand_factor\set54\u_mand_factor_0.4.py,u_mand_factor,54,u_mand_factor,0.4,2,8,5,0.4,0.5,0.7,0.6,0.8,0.6,90.160002,80,24,73.599998,128.800003,35.26857,1,1,1054,0,heuristic_v5b,solved,1,168.092933,89.355933,1.881161,0.0075,,
u_mand_factor\set54\u_mand_factor_0.4.py,u_mand_factor,54,u_mand_factor,0.4,2,8,5,0.4,0.5,0.7,0.6,0.8,0.6,90.160002,80,24,73.599998,128.800003,35.26857,1,1,1054,0,heuristic_v7,solved,1,168.092933,89.355933,1.881161,0.0944,,
u_mand_factor\set54\u_mand_factor_0.5.py,u_mand_factor,54,u_mand_factor,0.5,2,8,5,0.5,0.5,0.7,0.6,1.0,0.5,96.600008,80,24,92.000001,138.000011,44.085715,1,1,1054,0,ilp_v2,optimal,1,117.458306,96.598836,1.215939,0.2389,7.2e-05,
u_mand_factor\set54\u_mand_factor_0.5.py,u_mand_factor,54,u_mand_factor,0.5,2,8,5,0.5,0.5,0.7,0.6,1.0,0.5,96.600008,80,24,92.000001,138.000011,44.085715,1,1,1054,0,heuristic_v5b,solved,1,136.923692,96.287713,1.422027,0.0104,,
u_mand_factor\set54\u_mand_factor_0.5.py,u_mand_factor,54,u_mand_factor,0.5,2,8,5,0.5,0.5,0.7,0.6,1.0,0.5,96.600008,80,24,92.000001,138.000011,44.085715,1,1,1054,0,heuristic_v7,solved,1,139.31799,95.732513,1.455284,0.0861,,
u_mand_factor\set54\u_mand_factor_0.6.py,u_mand_factor,54,u_mand_factor,0.6,2,8,5,0.6,0.5,0.7,0.6,1.2,0.4,103.039996,80,24,110.4,147.199994,52.902857,1,1,1054,0,ilp_v2,optimal,1,72.814171,103.017613,0.706813,0.807,0.0,
u_mand_factor\set54\u_mand_factor_0.6.py,u_mand_factor,54,u_mand_factor,0.6,2,8,5,0.6,0.5,0.7,0.6,1.2,0.4,103.039996,80,24,110.4,147.199994,52.902857,1,1,1054,0,heuristic_v5b,solved,1,100.658729,102.906706,0.978155,0.0146,,
u_mand_factor\set54\u_mand_factor_0.6.py,u_mand_factor,54,u_mand_factor,0.6,2,8,5,0.6,0.5,0.7,0.6,1.2,0.4,103.039996,80,24,110.4,147.199994,52.902857,1,1,1054,0,heuristic_v7,solved,1,101.816546,103.020821,0.98831,0.1738,,
u_mand_factor\set54\u_mand_factor_0.7.py,u_mand_factor,54,u_mand_factor,0.7,2,8,5,0.7,0.5,0.7,0.6,1.4,0.3,109.480002,80,24,128.800001,156.400003,61.720001,1,1,1054,0,ilp_v2,optimal,1,57.233324,109.444164,0.522945,1.0031,0.0,
u_mand_factor\set54\u_mand_factor_0.7.py,u_mand_factor,54,u_mand_factor,0.7,2,8,5,0.7,0.5,0.7,0.6,1.4,0.3,109.480002,80,24,128.800001,156.400003,61.720001,1,1,1054,0,heuristic_v5b,solved,1,46.179585,109.462708,0.421875,0.013,,
u_mand_factor\set54\u_mand_factor_0.7.py,u_mand_factor,54,u_mand_factor,0.7,2,8,5,0.7,0.5,0.7,0.6,1.4,0.3,109.480002,80,24,128.800001,156.400003,61.720001,1,1,1054,0,heuristic_v7,solved,1,56.542661,109.451493,0.5166,0.157,,
u_mand_factor\set54\u_mand_factor_0.8.py,u_mand_factor,54,u_mand_factor,0.8,2,8,5,0.8,0.5,0.7,0.6,1.6,0.2,115.920004,80,24,147.200001,165.600006,70.537143,1,1,1054,0,ilp_v2,optimal,1,11.244527,115.91664,0.097005,0.137,0.0,
u_mand_factor\set54\u_mand_factor_0.8.py,u_mand_factor,54,u_mand_factor,0.8,2,8,5,0.8,0.5,0.7,0.6,1.6,0.2,115.920004,80,24,147.200001,165.600006,70.537143,1,1,1054,0,heuristic_v5b,solved,1,8.315035,115.919594,0.071731,0.0191,,
u_mand_factor\set54\u_mand_factor_0.8.py,u_mand_factor,54,u_mand_factor,0.8,2,8,5,0.8,0.5,0.7,0.6,1.6,0.2,115.920004,80,24,147.200001,165.600006,70.537143,1,1,1054,0,heuristic_v7,solved,1,10.900375,115.909118,0.094042,0.1468,,
u_mand_factor\set54\u_mand_factor_0.9.py,u_mand_factor,54,u_mand_factor,0.9,2,8,5,0.9,0.5,0.7,0.6,1.8,0.1,122.360002,80,24,165.600002,174.800003,79.354287,1,1,1054,0,ilp_v2,infeasible,0,,,,0.0079,,
u_mand_factor\set54\u_mand_factor_0.9.py,u_mand_factor,54,u_mand_factor,0.9,2,8,5,0.9,0.5,0.7,0.6,1.8,0.1,122.360002,80,24,165.600002,174.800003,79.354287,1,1,1054,0,heuristic_v5b,infeasible,0,,148.170157,,0.0127,,over budget: E=148.1702 > B=122.3600
u_mand_factor\set54\u_mand_factor_0.9.py,u_mand_factor,54,u_mand_factor,0.9,2,8,5,0.9,0.5,0.7,0.6,1.8,0.1,122.360002,80,24,165.600002,174.800003,79.354287,1,1,1054,0,heuristic_v7,infeasible,0,,148.835489,,0.1013,,over budget: E=148.8355 > B=122.3600
u_mand_factor\set55\u_mand_factor_0.1.py,u_mand_factor,55,u_mand_factor,0.1,2,8,5,0.1,0.5,0.7,0.6,0.2,0.9,70.84,80,19,18.399997,101.2,8.817141,1,0,1055,0,ilp_v2,optimal,1,245.348483,69.530692,3.528636,0.0084,0.0,
u_mand_factor\set55\u_mand_factor_0.1.py,u_mand_factor,55,u_mand_factor,0.1,2,8,5,0.1,0.5,0.7,0.6,0.2,0.9,70.84,80,19,18.399997,101.2,8.817141,1,0,1055,0,heuristic_v5b,solved,1,245.348483,69.907508,3.509616,0.0037,,
u_mand_factor\set55\u_mand_factor_0.1.py,u_mand_factor,55,u_mand_factor,0.1,2,8,5,0.1,0.5,0.7,0.6,0.2,0.9,70.84,80,19,18.399997,101.2,8.817141,1,0,1055,0,heuristic_v7,solved,1,245.348483,69.907508,3.509616,0.0313,,
u_mand_factor\set55\u_mand_factor_0.2.py,u_mand_factor,55,u_mand_factor,0.2,2,8,5,0.2,0.5,0.7,0.6,0.4,0.8,77.279997,80,19,36.800001,110.399995,17.634286,1,0,1055,0,ilp_v2,optimal,1,228.546109,66.380634,3.442964,0.0076,0.0,
u_mand_factor\set55\u_mand_factor_0.2.py,u_mand_factor,55,u_mand_factor,0.2,2,8,5,0.2,0.5,0.7,0.6,0.4,0.8,77.279997,80,19,36.800001,110.399995,17.634286,1,0,1055,0,heuristic_v5b,solved,1,228.546109,77.161213,2.96193,0.0035,,
u_mand_factor\set55\u_mand_factor_0.2.py,u_mand_factor,55,u_mand_factor,0.2,2,8,5,0.2,0.5,0.7,0.6,0.4,0.8,77.279997,80,19,36.800001,110.399995,17.634286,1,0,1055,0,heuristic_v7,solved,1,228.546109,77.161213,2.96193,0.0447,,
u_mand_factor\set55\u_mand_factor_0.3.py,u_mand_factor,55,u_mand_factor,0.3,2,8,5,0.3,0.5,0.7,0.6,0.6,0.7,83.719999,80,19,55.199999,119.599999,26.451428,1,1,1055,0,ilp_v2,optimal,1,195.170353,82.437965,2.367481,0.008,0.0,
u_mand_factor\set55\u_mand_factor_0.3.py,u_mand_factor,55,u_mand_factor,0.3,2,8,5,0.3,0.5,0.7,0.6,0.6,0.7,83.719999,80,19,55.199999,119.599999,26.451428,1,1,1055,0,heuristic_v5b,solved,1,195.170353,83.527058,2.336612,0.0032,,
u_mand_factor\set55\u_mand_factor_0.3.py,u_mand_factor,55,u_mand_factor,0.3,2,8,5,0.3,0.5,0.7,0.6,0.6,0.7,83.719999,80,19,55.199999,119.599999,26.451428,1,1,1055,0,heuristic_v7,solved,1,195.170353,83.527058,2.336612,0.0538,,
u_mand_factor\set55\u_mand_factor_0.4.py,u_mand_factor,55,u_mand_factor,0.4,2,8,5,0.4,0.5,0.7,0.6,0.8,0.6,90.159999,80,19,73.600003,128.799999,35.268573,1,1,1055,0,ilp_v2,optimal,1,159.793299,90.079687,1.77391,0.0083,0.0,
u_mand_factor\set55\u_mand_factor_0.4.py,u_mand_factor,55,u_mand_factor,0.4,2,8,5,0.4,0.5,0.7,0.6,0.8,0.6,90.159999,80,19,73.600003,128.799999,35.268573,1,1,1055,0,heuristic_v5b,solved,1,159.793299,90.045507,1.774584,0.0032,,
u_mand_factor\set55\u_mand_factor_0.4.py,u_mand_factor,55,u_mand_factor,0.4,2,8,5,0.4,0.5,0.7,0.6,0.8,0.6,90.159999,80,19,73.600003,128.799999,35.268573,1,1,1055,0,heuristic_v7,solved,1,159.793299,90.045507,1.774584,0.0361,,
u_mand_factor\set55\u_mand_factor_0.5.py,u_mand_factor,55,u_mand_factor,0.5,2,8,5,0.5,0.5,0.7,0.6,1.0,0.5,96.600003,80,19,92.0,138.000005,44.085714,1,1,1055,0,ilp_v2,optimal,1,128.248839,94.661284,1.354818,0.0083,0.0,
u_mand_factor\set55\u_mand_factor_0.5.py,u_mand_factor,55,u_mand_factor,0.5,2,8,5,0.5,0.5,0.7,0.6,1.0,0.5,96.600003,80,19,92.0,138.000005,44.085714,1,1,1055,0,heuristic_v5b,solved,1,128.248839,96.524346,1.328668,0.0036,,
u_mand_factor\set55\u_mand_factor_0.5.py,u_mand_factor,55,u_mand_factor,0.5,2,8,5,0.5,0.5,0.7,0.6,1.0,0.5,96.600003,80,19,92.0,138.000005,44.085714,1,1,1055,0,heuristic_v7,solved,1,128.248839,96.524346,1.328668,0.0266,,
u_mand_factor\set55\u_mand_factor_0.6.py,u_mand_factor,55,u_mand_factor,0.6,2,8,5,0.6,0.5,0.7,0.6,1.2,0.4,103.039994,80,19,110.399997,147.199991,52.902855,1,1,1055,0,ilp_v2,optimal,1,95.697065,102.92779,0.92975,0.1893,0.0,
u_mand_factor\set55\u_mand_factor_0.6.py,u_mand_factor,55,u_mand_factor,0.6,2,8,5,0.6,0.5,0.7,0.6,1.2,0.4,103.039994,80,19,110.399997,147.199991,52.902855,1,1,1055,0,heuristic_v5b,solved,1,60.179642,102.430583,0.587516,0.0059,,
u_mand_factor\set55\u_mand_factor_0.6.py,u_mand_factor,55,u_mand_factor,0.6,2,8,5,0.6,0.5,0.7,0.6,1.2,0.4,103.039994,80,19,110.399997,147.199991,52.902855,1,1,1055,0,heuristic_v7,solved,1,86.246401,102.890193,0.838237,0.0506,,
u_mand_factor\set55\u_mand_factor_0.7.py,u_mand_factor,55,u_mand_factor,0.7,2,8,5,0.7,0.5,0.7,0.6,1.4,0.3,109.479998,80,19,128.8,156.399997,61.72,1,1,1055,0,ilp_v2,optimal,1,54.398303,109.419193,0.497155,0.1564,0.0,
u_mand_factor\set55\u_mand_factor_0.7.py,u_mand_factor,55,u_mand_factor,0.7,2,8,5,0.7,0.5,0.7,0.6,1.4,0.3,109.479998,80,19,128.8,156.399997,61.72,1,1,1055,0,heuristic_v5b,solved,1,19.928419,108.701176,0.183332,0.0105,,
u_mand_factor\set55\u_mand_factor_0.7.py,u_mand_factor,55,u_mand_factor,0.7,2,8,5,0.7,0.5,0.7,0.6,1.4,0.3,109.479998,80,19,128.8,156.399997,61.72,1,1,1055,0,heuristic_v7,solved,1,52.74926,109.307567,0.482576,0.0769,,
u_mand_factor\set55\u_mand_factor_0.8.py,u_mand_factor,55,u_mand_factor,0.8,2,8,5,0.8,0.5,0.7,0.6,1.6,0.2,115.919998,80,19,147.199997,165.599998,70.537141,1,1,1055,0,ilp_v2,optimal,1,4.466792,115.915717,0.038535,0.0656,0.0,
u_mand_factor\set55\u_mand_factor_0.8.py,u_mand_factor,55,u_mand_factor,0.8,2,8,5,0.8,0.5,0.7,0.6,1.6,0.2,115.919998,80,19,147.199997,165.599998,70.537141,1,1,1055,0,heuristic_v5b,solved,1,11.516176,115.736423,0.099503,0.0064,,
u_mand_factor\set55\u_mand_factor_0.8.py,u_mand_factor,55,u_mand_factor,0.8,2,8,5,0.8,0.5,0.7,0.6,1.6,0.2,115.919998,80,19,147.199997,165.599998,70.537141,1,1,1055,0,heuristic_v7,solved,1,11.516176,115.736423,0.099503,0.1014,,
u_mand_factor\set55\u_mand_factor_0.9.py,u_mand_factor,55,u_mand_factor,0.9,2,8,5,0.9,0.5,0.7,0.6,1.8,0.1,122.360004,80,19,165.600003,174.800006,79.354287,1,1,1055,0,ilp_v2,infeasible,0,,,,0.0179,,
u_mand_factor\set55\u_mand_factor_0.9.py,u_mand_factor,55,u_mand_factor,0.9,2,8,5,0.9,0.5,0.7,0.6,1.8,0.1,122.360004,80,19,165.600003,174.800006,79.354287,1,1,1055,0,heuristic_v5b,infeasible,0,,,,0.0,,
u_mand_factor\set55\u_mand_factor_0.9.py,u_mand_factor,55,u_mand_factor,0.9,2,8,5,0.9,0.5,0.7,0.6,1.8,0.1,122.360004,80,19,165.600003,174.800006,79.354287,1,1,1055,0,heuristic_v7,infeasible,0,,,,0.0,,
u_mand_factor\set56\u_mand_factor_0.1.py,u_mand_factor,56,u_mand_factor,0.1,2,8,5,0.1,0.5,0.7,0.6,0.2,0.9,70.839998,80,29,18.400002,101.199998,8.560001,1,0,1056,0,ilp_v2,optimal,1,185.87425,70.53255,2.635297,0.0793,9.6e-05,
u_mand_factor\set56\u_mand_factor_0.1.py,u_mand_factor,56,u_mand_factor,0.1,2,8,5,0.1,0.5,0.7,0.6,0.2,0.9,70.839998,80,29,18.400002,101.199998,8.560001,1,0,1056,0,heuristic_v5b,solved,1,185.788909,68.845707,2.698627,0.0127,,
u_mand_factor\set56\u_mand_factor_0.1.py,u_mand_factor,56,u_mand_factor,0.1,2,8,5,0.1,0.5,0.7,0.6,0.2,0.9,70.839998,80,29,18.400002,101.199998,8.560001,1,0,1056,0,heuristic_v7,solved,1,189.923509,67.175714,2.827264,0.3158,,
u_mand_factor\set56\u_mand_factor_0.2.py,u_mand_factor,56,u_mand_factor,0.2,2,8,5,0.2,0.5,0.7,0.6,0.4,0.8,77.279996,80,29,36.799998,110.399994,17.119999,1,0,1056,0,ilp_v2,optimal,1,189.233885,76.930015,2.459819,0.0478,0.0,
u_mand_factor\set56\u_mand_factor_0.2.py,u_mand_factor,56,u_mand_factor,0.2,2,8,5,0.2,0.5,0.7,0.6,0.4,0.8,77.279996,80,29,36.799998,110.399994,17.119999,1,0,1056,0,heuristic_v5b,solved,1,178.335748,77.08559,2.313477,0.0093,,
u_mand_factor\set56\u_mand_factor_0.2.py,u_mand_factor,56,u_mand_factor,0.2,2,8,5,0.2,0.5,0.7,0.6,0.4,0.8,77.279996,80,29,36.799998,110.399994,17.119999,1,0,1056,0,heuristic_v7,solved,1,189.233885,76.261569,2.481379,0.1458,,
u_mand_factor\set56\u_mand_factor_0.3.py,u_mand_factor,56,u_mand_factor,0.3,2,8,5,0.3,0.5,0.7,0.6,0.6,0.7,83.719995,80,29,55.200001,119.599993,25.680001,1,1,1056,0,ilp_v2,optimal,1,156.804067,83.5636,1.876464,0.0302,0.0,
u_mand_factor\set56\u_mand_factor_0.3.py,u_mand_factor,56,u_mand_factor,0.3,2,8,5,0.3,0.5,0.7,0.6,0.6,0.7,83.719995,80,29,55.200001,119.599993,25.680001,1,1,1056,0,heuristic_v5b,solved,1,156.596569,83.627519,1.872548,0.0101,,
u_mand_factor\set56\u_mand_factor_0.3.py,u_mand_factor,56,u_mand_factor,0.3,2,8,5,0.3,0.5,0.7,0.6,0.6,0.7,83.719995,80,29,55.200001,119.599993,25.680001,1,1,1056,0,heuristic_v7,solved,1,162.15463,83.686119,1.937653,0.251,,
u_mand_factor\set56\u_mand_factor_0.4.py,u_mand_factor,56,u_mand_factor,0.4,2,8,5,0.4,0.5,0.7,0.6,0.8,0.6,90.160004,80,29,73.599998,128.800006,34.239999,1,1,1056,0,ilp_v2,optimal,1,129.75046,90.147122,1.439319,0.2742,2.2e-05,
u_mand_factor\set56\u_mand_factor_0.4.py,u_mand_factor,56,u_mand_factor,0.4,2,8,5,0.4,0.5,0.7,0.6,0.8,0.6,90.160004,80,29,73.599998,128.800006,34.239999,1,1,1056,0,heuristic_v5b,solved,1,130.276579,90.075472,1.446305,0.0137,,
u_mand_factor\set56\u_mand_factor_0.4.py,u_mand_factor,56,u_mand_factor,0.4,2,8,5,0.4,0.5,0.7,0.6,0.8,0.6,90.160004,80,29,73.599998,128.800006,34.239999,1,1,1056,0,heuristic_v7,solved,1,136.387238,90.15422,1.512821,0.291,,
u_mand_factor\set56\u_mand_factor_0.5.py,u_mand_factor,56,u_mand_factor,0.5,2,8,5,0.5,0.5,0.7,0.6,1.0,0.5,96.600003,80,29,92.000006,138.000005,42.800003,1,1,1056,0,ilp_v2,optimal,1,104.389301,96.346672,1.083476,0.1345,0.0,
u_mand_factor\set56\u_mand_factor_0.5.py,u_mand_factor,56,u_mand_factor,0.5,2,8,5,0.5,0.5,0.7,0.6,1.0,0.5,96.600003,80,29,92.000006,138.000005,42.800003,1,1,1056,0,heuristic_v5b,solved,1,70.810876,96.050757,0.737224,0.017,,
u_mand_factor\set56\u_mand_factor_0.5.py,u_mand_factor,56,u_mand_factor,0.5,2,8,5,0.5,0.5,0.7,0.6,1.0,0.5,96.600003,80,29,92.000006,138.000005,42.800003,1,1,1056,0,heuristic_v7,solved,1,109.886378,96.011795,1.144509,0.3588,,
u_mand_factor\set56\u_mand_factor_0.6.py,u_mand_factor,56,u_mand_factor,0.6,2,8,5,0.6,0.5,0.7,0.6,1.2,0.4,103.040001,80,29,110.400003,147.200001,51.360002,1,1,1056,0,ilp_v2,optimal,1,70.175863,103.039294,0.681059,0.027,2e-05,
u_mand_factor\set56\u_mand_factor_0.6.py,u_mand_factor,56,u_mand_factor,0.6,2,8,5,0.6,0.5,0.7,0.6,1.2,0.4,103.040001,80,29,110.400003,147.200001,51.360002,1,1,1056,0,heuristic_v5b,solved,1,26.27035,102.29096,0.25682,0.0335,,
u_mand_factor\set56\u_mand_factor_0.6.py,u_mand_factor,56,u_mand_factor,0.6,2,8,5,0.6,0.5,0.7,0.6,1.2,0.4,103.040001,80,29,110.400003,147.200001,51.360002,1,1,1056,0,heuristic_v7,solved,1,56.353538,102.470753,0.549948,0.4573,,
u_mand_factor\set56\u_mand_factor_0.7.py,u_mand_factor,56,u_mand_factor,0.7,2,8,5,0.7,0.5,0.7,0.6,1.4,0.3,109.480001,80,29,128.800003,156.400001,59.920002,1,1,1056,0,ilp_v2,optimal,1,17.348248,109.452263,0.158501,0.1648,0.0,
u_mand_factor\set56\u_mand_factor_0.7.py,u_mand_factor,56,u_mand_factor,0.7,2,8,5,0.7,0.5,0.7,0.6,1.4,0.3,109.480001,80,29,128.800003,156.400001,59.920002,1,1,1056,0,heuristic_v5b,solved,1,1.922206,109.478815,0.017558,0.0405,,
u_mand_factor\set56\u_mand_factor_0.7.py,u_mand_factor,56,u_mand_factor,0.7,2,8,5,0.7,0.5,0.7,0.6,1.4,0.3,109.480001,80,29,128.800003,156.400001,59.920002,1,1,1056,0,heuristic_v7,solved,1,19.749496,108.567741,0.181909,0.6309,,
u_mand_factor\set56\u_mand_factor_0.8.py,u_mand_factor,56,u_mand_factor,0.8,2,8,5,0.8,0.5,0.7,0.6,1.6,0.2,115.92,80,29,147.200001,165.6,68.480001,1,1,1056,0,ilp_v2,infeasible,0,,,,0.0107,,
u_mand_factor\set56\u_mand_factor_0.8.py,u_mand_factor,56,u_mand_factor,0.8,2,8,5,0.8,0.5,0.7,0.6,1.6,0.2,115.92,80,29,147.200001,165.6,68.480001,1,1,1056,0,heuristic_v5b,infeasible,0,,128.444587,,0.0337,,over budget: E=128.4446 > B=115.9200
u_mand_factor\set56\u_mand_factor_0.8.py,u_mand_factor,56,u_mand_factor,0.8,2,8,5,0.8,0.5,0.7,0.6,1.6,0.2,115.92,80,29,147.200001,165.6,68.480001,1,1,1056,0,heuristic_v7,infeasible,0,,125.84875,,0.2411,,over budget: E=125.8488 > B=115.9200
u_mand_factor\set56\u_mand_factor_0.9.py,u_mand_factor,56,u_mand_factor,0.9,2,8,5,0.9,0.5,0.7,0.6,1.8,0.1,122.360006,80,29,165.600002,174.800009,77.040001,1,1,1056,0,ilp_v2,infeasible,0,,,,0.0243,,
u_mand_factor\set56\u_mand_factor_0.9.py,u_mand_factor,56,u_mand_factor,0.9,2,8,5,0.9,0.5,0.7,0.6,1.8,0.1,122.360006,80,29,165.600002,174.800009,77.040001,1,1,1056,0,heuristic_v5b,infeasible,0,,,,0.0,,
u_mand_factor\set56\u_mand_factor_0.9.py,u_mand_factor,56,u_mand_factor,0.9,2,8,5,0.9,0.5,0.7,0.6,1.8,0.1,122.360006,80,29,165.600002,174.800009,77.040001,1,1,1056,0,heuristic_v7,infeasible,0,,,,0.0,,
u_mand_factor\set57\u_mand_factor_0.1.py,u_mand_factor,57,u_mand_factor,0.1,2,8,5,0.1,0.5,0.7,0.6,0.2,0.9,70.839994,80,26,18.399994,101.199991,8.559997,1,0,1057,0,ilp_v2,optimal,1,259.985118,69.157095,3.759341,0.0071,0.0,
u_mand_factor\set57\u_mand_factor_0.1.py,u_mand_factor,57,u_mand_factor,0.1,2,8,5,0.1,0.5,0.7,0.6,0.2,0.9,70.839994,80,26,18.399994,101.199991,8.559997,1,0,1057,0,heuristic_v5b,solved,1,259.985118,60.580926,4.291534,0.0072,,
u_mand_factor\set57\u_mand_factor_0.1.py,u_mand_factor,57,u_mand_factor,0.1,2,8,5,0.1,0.5,0.7,0.6,0.2,0.9,70.839994,80,26,18.399994,101.199991,8.559997,1,0,1057,0,heuristic_v7,solved,1,259.985118,60.580926,4.291534,0.0651,,
u_mand_factor\set57\u_mand_factor_0.2.py,u_mand_factor,57,u_mand_factor,0.2,2,8,5,0.2,0.5,0.7,0.6,0.4,0.8,77.279998,80,26,36.800001,110.399997,17.120001,1,0,1057,0,ilp_v2,optimal,1,231.329869,77.264102,2.994015,0.0497,0.0,
u_mand_factor\set57\u_mand_factor_0.2.py,u_mand_factor,57,u_mand_factor,0.2,2,8,5,0.2,0.5,0.7,0.6,0.4,0.8,77.279998,80,26,36.800001,110.399997,17.120001,1,0,1057,0,heuristic_v5b,solved,1,221.915608,76.992755,2.882292,0.0067,,
u_mand_factor\set57\u_mand_factor_0.2.py,u_mand_factor,57,u_mand_factor,0.2,2,8,5,0.2,0.5,0.7,0.6,0.4,0.8,77.279998,80,26,36.800001,110.399997,17.120001,1,0,1057,0,heuristic_v7,solved,1,232.411171,76.129119,3.052855,0.1008,,
u_mand_factor\set57\u_mand_factor_0.3.py,u_mand_factor,57,u_mand_factor,0.3,2,8,5,0.3,0.5,0.7,0.6,0.6,0.7,83.720002,80,26,55.199991,119.600002,25.679996,1,1,1057,0,ilp_v2,optimal,1,207.023868,83.71061,2.47309,0.0363,8.3e-05,
u_mand_factor\set57\u_mand_factor_0.3.py,u_mand_factor,57,u_mand_factor,0.3,2,8,5,0.3,0.5,0.7,0.6,0.6,0.7,83.720002,80,26,55.199991,119.600002,25.679996,1,1,1057,0,heuristic_v5b,solved,1,203.944508,83.654354,2.437943,0.0164,,
u_mand_factor\set57\u_mand_factor_0.3.py,u_mand_factor,57,u_mand_factor,0.3,2,8,5,0.3,0.5,0.7,0.6,0.6,0.7,83.720002,80,26,55.199991,119.600002,25.679996,1,1,1057,0,heuristic_v7,solved,1,209.845225,83.463143,2.514226,0.2504,,
u_mand_factor\set57\u_mand_factor_0.4.py,u_mand_factor,57,u_mand_factor,0.4,2,8,5,0.4,0.5,0.7,0.6,0.8,0.6,90.159999,80,26,73.599995,128.799999,34.239998,1,1,1057,0,ilp_v2,optimal,1,159.131228,90.152924,1.765126,0.0902,0.0,
u_mand_factor\set57\u_mand_factor_0.4.py,u_mand_factor,57,u_mand_factor,0.4,2,8,5,0.4,0.5,0.7,0.6,0.8,0.6,90.159999,80,26,73.599995,128.799999,34.239998,1,1,1057,0,heuristic_v5b,solved,1,159.671905,89.612143,1.781811,0.0086,,
u_mand_factor\set57\u_mand_factor_0.4.py,u_mand_factor,57,u_mand_factor,0.4,2,8,5,0.4,0.5,0.7,0.6,0.8,0.6,90.159999,80,26,73.599995,128.799999,34.239998,1,1,1057,0,heuristic_v7,solved,1,163.571333,89.460434,1.828421,0.1164,,
u_mand_factor\set57\u_mand_factor_0.5.py,u_mand_factor,57,u_mand_factor,0.5,2,8,5,0.5,0.5,0.7,0.6,1.0,0.5,96.599999,80,26,91.999997,137.999999,42.799998,1,1,1057,0,ilp_v2,optimal,1,111.105976,96.593013,1.150249,0.0749,0.0,
u_mand_factor\set57\u_mand_factor_0.5.py,u_mand_factor,57,u_mand_factor,0.5,2,8,5,0.5,0.5,0.7,0.6,1.0,0.5,96.599999,80,26,91.999997,137.999999,42.799998,1,1,1057,0,heuristic_v5b,solved,1,113.009187,96.436138,1.171855,0.0066,,
u_mand_factor\set57\u_mand_factor_0.5.py,u_mand_factor,57,u_mand_factor,0.5,2,8,5,0.5,0.5,0.7,0.6,1.0,0.5,96.599999,80,26,91.999997,137.999999,42.799998,1,1,1057,0,heuristic_v7,solved,1,116.295068,95.998005,1.211432,0.0769,,
u_mand_factor\set57\u_mand_factor_0.6.py,u_mand_factor,57,u_mand_factor,0.6,2,8,5,0.6,0.5,0.7,0.6,1.2,0.4,103.040002,80,26,110.400003,147.200003,51.360002,1,1,1057,0,ilp_v2,optimal,1,98.014089,103.036061,0.95126,0.1674,0.0,
u_mand_factor\set57\u_mand_factor_0.6.py,u_mand_factor,57,u_mand_factor,0.6,2,8,5,0.6,0.5,0.7,0.6,1.2,0.4,103.040002,80,26,110.400003,147.200003,51.360002,1,1,1057,0,heuristic_v5b,solved,1,105.058582,102.845581,1.021518,0.0095,,
u_mand_factor\set57\u_mand_factor_0.6.py,u_mand_factor,57,u_mand_factor,0.6,2,8,5,0.6,0.5,0.7,0.6,1.2,0.4,103.040002,80,26,110.400003,147.200003,51.360002,1,1,1057,0,heuristic_v7,solved,1,106.121285,102.59109,1.03441,0.1518,,
u_mand_factor\set57\u_mand_factor_0.7.py,u_mand_factor,57,u_mand_factor,0.7,2,8,5,0.7,0.5,0.7,0.6,1.4,0.3,109.480005,80,26,128.800002,156.400007,59.920001,1,1,1057,0,ilp_v2,optimal,1,55.883494,109.473786,0.510474,0.2015,0.0,
u_mand_factor\set57\u_mand_factor_0.7.py,u_mand_factor,57,u_mand_factor,0.7,2,8,5,0.7,0.5,0.7,0.6,1.4,0.3,109.480005,80,26,128.800002,156.400007,59.920001,1,1,1057,0,heuristic_v5b,solved,1,33.835301,109.259225,0.309679,0.0137,,
u_mand_factor\set57\u_mand_factor_0.7.py,u_mand_factor,57,u_mand_factor,0.7,2,8,5,0.7,0.5,0.7,0.6,1.4,0.3,109.480005,80,26,128.800002,156.400007,59.920001,1,1,1057,0,heuristic_v7,solved,1,58.503726,109.335415,0.535085,0.1618,,
u_mand_factor\set57\u_mand_factor_0.8.py,u_mand_factor,57,u_mand_factor,0.8,2,8,5,0.8,0.5,0.7,0.6,1.6,0.2,115.920005,80,26,147.200003,165.600007,68.480002,1,1,1057,0,ilp_v2,infeasible,0,,,,0.0104,,
u_mand_factor\set57\u_mand_factor_0.8.py,u_mand_factor,57,u_mand_factor,0.8,2,8,5,0.8,0.5,0.7,0.6,1.6,0.2,115.920005,80,26,147.200003,165.600007,68.480002,1,1,1057,0,heuristic_v5b,solved,1,7.941337,115.911879,0.068512,0.0211,,
u_mand_factor\set57\u_mand_factor_0.8.py,u_mand_factor,57,u_mand_factor,0.8,2,8,5,0.8,0.5,0.7,0.6,1.6,0.2,115.920005,80,26,147.200003,165.600007,68.480002,1,1,1057,0,heuristic_v7,solved,1,8.007305,115.916954,0.069078,0.3573,,
u_mand_factor\set57\u_mand_factor_0.9.py,u_mand_factor,57,u_mand_factor,0.9,2,8,5,0.9,0.5,0.7,0.6,1.8,0.1,122.360006,80,26,165.600003,174.800008,77.040002,1,1,1057,0,ilp_v2,infeasible,0,,,,0.0102,,
u_mand_factor\set57\u_mand_factor_0.9.py,u_mand_factor,57,u_mand_factor,0.9,2,8,5,0.9,0.5,0.7,0.6,1.8,0.1,122.360006,80,26,165.600003,174.800008,77.040002,1,1,1057,0,heuristic_v5b,infeasible,0,,146.224297,,0.0251,,over budget: E=146.2243 > B=122.3600
u_mand_factor\set57\u_mand_factor_0.9.py,u_mand_factor,57,u_mand_factor,0.9,2,8,5,0.9,0.5,0.7,0.6,1.8,0.1,122.360006,80,26,165.600003,174.800008,77.040002,1,1,1057,0,heuristic_v7,infeasible,0,,147.472929,,0.1947,,over budget: E=147.4729 > B=122.3600
u_mand_factor\set58\u_mand_factor_0.1.py,u_mand_factor,58,u_mand_factor,0.1,2,8,5,0.1,0.5,0.7,0.6,0.2,0.9,70.83999,80,39,18.4,101.199986,8.56,1,0,1058,0,ilp_v2,optimal,1,218.134076,67.99375,3.208149,0.0218,0.0,
u_mand_factor\set58\u_mand_factor_0.1.py,u_mand_factor,58,u_mand_factor,0.1,2,8,5,0.1,0.5,0.7,0.6,0.2,0.9,70.83999,80,39,18.4,101.199986,8.56,1,0,1058,0,heuristic_v5b,solved,1,217.57301,70.731397,3.076046,0.0176,,
u_mand_factor\set58\u_mand_factor_0.1.py,u_mand_factor,58,u_mand_factor,0.1,2,8,5,0.1,0.5,0.7,0.6,0.2,0.9,70.83999,80,39,18.4,101.199986,8.56,1,0,1058,0,heuristic_v7,solved,1,218.134076,69.398666,3.143203,1.447,,
u_mand_factor\set58\u_mand_factor_0.2.py,u_mand_factor,58,u_mand_factor,0.2,2,8,5,0.2,0.5,0.7,0.6,0.4,0.8,77.279998,80,39,36.79999,110.399997,17.119995,1,0,1058,0,ilp_v2,optimal,1,233.496918,76.972726,3.033502,0.0515,0.0,
u_mand_factor\set58\u_mand_factor_0.2.py,u_mand_factor,58,u_mand_factor,0.2,2,8,5,0.2,0.5,0.7,0.6,0.4,0.8,77.279998,80,39,36.79999,110.399997,17.119995,1,0,1058,0,heuristic_v5b,solved,1,219.580149,77.279551,2.841375,0.0328,,
u_mand_factor\set58\u_mand_factor_0.2.py,u_mand_factor,58,u_mand_factor,0.2,2,8,5,0.2,0.5,0.7,0.6,0.4,0.8,77.279998,80,39,36.79999,110.399997,17.119995,1,0,1058,0,heuristic_v7,solved,1,230.907642,77.272994,2.988206,1.177,,
u_mand_factor\set58\u_mand_factor_0.3.py,u_mand_factor,58,u_mand_factor,0.3,2,8,5,0.3,0.5,0.7,0.6,0.6,0.7,83.719999,80,39,55.19999,119.599999,25.679995,1,1,1058,0,ilp_v2,optimal,1,198.121993,83.716263,2.366589,0.3051,6.4e-05,
u_mand_factor\set58\u_mand_factor_0.3.py,u_mand_factor,58,u_mand_factor,0.3,2,8,5,0.3,0.5,0.7,0.6,0.6,0.7,83.719999,80,39,55.19999,119.599999,25.679995,1,1,1058,0,heuristic_v5b,solved,1,181.22608,83.717054,2.164745,0.1289,,
u_mand_factor\set58\u_mand_factor_0.3.py,u_mand_factor,58,u_mand_factor,0.3,2,8,5,0.3,0.5,0.7,0.6,0.6,0.7,83.719999,80,39,55.19999,119.599999,25.679995,1,1,1058,0,heuristic_v7,solved,1,196.5679,83.71438,2.348078,1.127,,
u_mand_factor\set58\u_mand_factor_0.4.py,u_mand_factor,58,u_mand_factor,0.4,2,8,5,0.4,0.5,0.7,0.6,0.8,0.6,90.160004,80,39,73.599997,128.800006,34.239998,1,1,1058,0,ilp_v2,optimal,1,157.105666,90.135371,1.742997,0.5298,0.0,
u_mand_factor\set58\u_mand_factor_0.4.py,u_mand_factor,58,u_mand_factor,0.4,2,8,5,0.4,0.5,0.7,0.6,0.8,0.6,90.160004,80,39,73.599997,128.800006,34.239998,1,1,1058,0,heuristic_v5b,solved,1,146.326423,90.136602,1.623385,0.1434,,
u_mand_factor\set58\u_mand_factor_0.4.py,u_mand_factor,58,u_mand_factor,0.4,2,8,5,0.4,0.5,0.7,0.6,0.8,0.6,90.160004,80,39,73.599997,128.800006,34.239998,1,1,1058,0,heuristic_v7,solved,1,152.544825,90.134499,1.692413,1.3816,,
u_mand_factor\set58\u_mand_factor_0.5.py,u_mand_factor,58,u_mand_factor,0.5,2,8,5,0.5,0.5,0.7,0.6,1.0,0.5,96.600007,80,39,92.000012,138.00001,42.800005,1,1,1058,0,ilp_v2,optimal,1,119.001336,96.595443,1.231956,0.3157,4.8e-05,
u_mand_factor\set58\u_mand_factor_0.5.py,u_mand_factor,58,u_mand_factor,0.5,2,8,5,0.5,0.5,0.7,0.6,1.0,0.5,96.600007,80,39,92.000012,138.00001,42.800005,1,1,1058,0,heuristic_v5b,solved,1,91.974108,96.593939,0.952173,0.165,,
u_mand_factor\set58\u_mand_factor_0.5.py,u_mand_factor,58,u_mand_factor,0.5,2,8,5,0.5,0.5,0.7,0.6,1.0,0.5,96.600007,80,39,92.000012,138.00001,42.800005,1,1,1058,0,heuristic_v7,solved,1,114.0258,96.503028,1.181577,2.35,,
u_mand_factor\set58\u_mand_factor_0.6.py,u_mand_factor,58,u_mand_factor,0.6,2,8,5,0.6,0.5,0.7,0.6,1.2,0.4,103.040002,80,39,110.400005,147.200002,51.360002,1,1,1058,0,ilp_v2,optimal,1,77.222543,103.027761,0.749531,4.1566,0.0,
u_mand_factor\set58\u_mand_factor_0.6.py,u_mand_factor,58,u_mand_factor,0.6,2,8,5,0.6,0.5,0.7,0.6,1.2,0.4,103.040002,80,39,110.400005,147.200002,51.360002,1,1,1058,0,heuristic_v5b,solved,1,41.518454,101.081999,0.41074,0.0906,,
u_mand_factor\set58\u_mand_factor_0.6.py,u_mand_factor,58,u_mand_factor,0.6,2,8,5,0.6,0.5,0.7,0.6,1.2,0.4,103.040002,80,39,110.400005,147.200002,51.360002,1,1,1058,0,heuristic_v7,solved,1,66.622871,102.970907,0.647007,1.5414,,
u_mand_factor\set58\u_mand_factor_0.7.py,u_mand_factor,58,u_mand_factor,0.7,2,8,5,0.7,0.5,0.7,0.6,1.4,0.3,109.479996,80,39,128.800005,156.399994,59.920002,1,1,1058,0,ilp_v2,optimal,1,23.601141,109.478293,0.215578,0.4659,0.0,
u_mand_factor\set58\u_mand_factor_0.7.py,u_mand_factor,58,u_mand_factor,0.7,2,8,5,0.7,0.5,0.7,0.6,1.4,0.3,109.479996,80,39,128.800005,156.399994,59.920002,1,1,1058,0,heuristic_v5b,solved,1,22.757068,109.464097,0.207895,0.1077,,
u_mand_factor\set58\u_mand_factor_0.7.py,u_mand_factor,58,u_mand_factor,0.7,2,8,5,0.7,0.5,0.7,0.6,1.4,0.3,109.479996,80,39,128.800005,156.399994,59.920002,1,1,1058,0,heuristic_v7,solved,1,23.201233,109.429209,0.21202,1.3,,
u_mand_factor\set58\u_mand_factor_0.8.py,u_mand_factor,58,u_mand_factor,0.8,2,8,5,0.8,0.5,0.7,0.6,1.6,0.2,115.919995,80,39,147.200001,165.599993,68.480001,1,1,1058,0,ilp_v2,infeasible,0,,,,0.0182,,
u_mand_factor\set58\u_mand_factor_0.8.py,u_mand_factor,58,u_mand_factor,0.8,2,8,5,0.8,0.5,0.7,0.6,1.6,0.2,115.919995,80,39,147.200001,165.599993,68.480001,1,1,1058,0,heuristic_v5b,infeasible,0,,130.204407,,0.0531,,over budget: E=130.2044 > B=115.9200
u_mand_factor\set58\u_mand_factor_0.8.py,u_mand_factor,58,u_mand_factor,0.8,2,8,5,0.8,0.5,0.7,0.6,1.6,0.2,115.919995,80,39,147.200001,165.599993,68.480001,1,1,1058,0,heuristic_v7,infeasible,0,,132.008452,,0.4809,,over budget: E=132.0085 > B=115.9200
u_mand_factor\set58\u_mand_factor_0.9.py,u_mand_factor,58,u_mand_factor,0.9,2,8,5,0.9,0.5,0.7,0.6,1.8,0.1,122.359998,80,39,165.600005,174.799998,77.040002,1,1,1058,0,ilp_v2,infeasible,0,,,,0.0358,,
u_mand_factor\set58\u_mand_factor_0.9.py,u_mand_factor,58,u_mand_factor,0.9,2,8,5,0.9,0.5,0.7,0.6,1.8,0.1,122.359998,80,39,165.600005,174.799998,77.040002,1,1,1058,0,heuristic_v5b,infeasible,0,,,,0.0,,
u_mand_factor\set58\u_mand_factor_0.9.py,u_mand_factor,58,u_mand_factor,0.9,2,8,5,0.9,0.5,0.7,0.6,1.8,0.1,122.359998,80,39,165.600005,174.799998,77.040002,1,1,1058,0,heuristic_v7,infeasible,0,,,,0.0,,
u_mand_factor\set59\u_mand_factor_0.1.py,u_mand_factor,59,u_mand_factor,0.1,2,8,5,0.1,0.5,0.7,0.6,0.2,0.9,70.839994,80,34,18.400002,101.199992,8.573334,1,0,1059,0,ilp_v2,optimal,1,180.007679,65.929425,2.730309,0.0144,0.0,
u_mand_factor\set59\u_mand_factor_0.1.py,u_mand_factor,59,u_mand_factor,0.1,2,8,5,0.1,0.5,0.7,0.6,0.2,0.9,70.839994,80,34,18.400002,101.199992,8.573334,1,0,1059,0,heuristic_v5b,solved,1,180.007679,67.099995,2.682678,0.0106,,
u_mand_factor\set59\u_mand_factor_0.1.py,u_mand_factor,59,u_mand_factor,0.1,2,8,5,0.1,0.5,0.7,0.6,0.2,0.9,70.839994,80,34,18.400002,101.199992,8.573334,1,0,1059,0,heuristic_v7,solved,1,180.007679,67.099995,2.682678,0.2287,,
u_mand_factor\set59\u_mand_factor_0.2.py,u_mand_factor,59,u_mand_factor,0.2,2,8,5,0.2,0.5,0.7,0.6,0.4,0.8,77.279997,80,34,36.800001,110.399995,17.146667,1,0,1059,0,ilp_v2,optimal,1,161.9876,75.723011,2.139212,0.0144,0.0,
u_mand_factor\set59\u_mand_factor_0.2.py,u_mand_factor,59,u_mand_factor,0.2,2,8,5,0.2,0.5,0.7,0.6,0.4,0.8,77.279997,80,34,36.800001,110.399995,17.146667,1,0,1059,0,heuristic_v5b,solved,1,161.9876,73.199997,2.212945,0.0112,,
u_mand_factor\set59\u_mand_factor_0.2.py,u_mand_factor,59,u_mand_factor,0.2,2,8,5,0.2,0.5,0.7,0.6,0.4,0.8,77.279997,80,34,36.800001,110.399995,17.146667,1,0,1059,0,heuristic_v7,solved,1,161.9876,73.199997,2.212945,0.1606,,
u_mand_factor\set59\u_mand_factor_0.3.py,u_mand_factor,59,u_mand_factor,0.3,2,8,5,0.3,0.5,0.7,0.6,0.6,0.7,83.720002,80,34,55.200003,119.600003,25.720002,1,1,1059,0,ilp_v2,optimal,1,140.285063,83.336213,1.683363,0.0171,0.0,
u_mand_factor\set59\u_mand_factor_0.3.py,u_mand_factor,59,u_mand_factor,0.3,2,8,5,0.3,0.5,0.7,0.6,0.6,0.7,83.720002,80,34,55.200003,119.600003,25.720002,1,1,1059,0,heuristic_v5b,solved,1,140.285063,79.300002,1.769042,0.0144,,
u_mand_factor\set59\u_mand_factor_0.3.py,u_mand_factor,59,u_mand_factor,0.3,2,8,5,0.3,0.5,0.7,0.6,0.6,0.7,83.720002,80,34,55.200003,119.600003,25.720002,1,1,1059,0,heuristic_v7,solved,1,140.285063,79.300002,1.769042,0.1679,,
u_mand_factor\set59\u_mand_factor_0.4.py,u_mand_factor,59,u_mand_factor,0.4,2,8,5,0.4,0.5,0.7,0.6,0.8,0.6,90.160004,80,34,73.600005,128.800006,34.293335,1,1,1059,0,ilp_v2,optimal,1,118.367901,88.075641,1.343935,0.0203,0.0,
u_mand_factor\set59\u_mand_factor_0.4.py,u_mand_factor,59,u_mand_factor,0.4,2,8,5,0.4,0.5,0.7,0.6,0.8,0.6,90.160004,80,34,73.600005,128.800006,34.293335,1,1,1059,0,heuristic_v5b,solved,1,114.77531,89.998884,1.275297,0.0133,,
u_mand_factor\set59\u_mand_factor_0.4.py,u_mand_factor,59,u_mand_factor,0.4,2,8,5,0.4,0.5,0.7,0.6,0.8,0.6,90.160004,80,34,73.600005,128.800006,34.293335,1,1,1059,0,heuristic_v7,solved,1,118.367901,89.533051,1.322058,0.2421,,
u_mand_factor\set59\u_mand_factor_0.5.py,u_mand_factor,59,u_mand_factor,0.5,2,8,5,0.5,0.5,0.7,0.6,1.0,0.5,96.6,80,34,91.999998,138.0,42.866666,1,1,1059,0,ilp_v2,optimal,1,99.436763,96.586313,1.029512,0.0272,0.0,
u_mand_factor\set59\u_mand_factor_0.5.py,u_mand_factor,59,u_mand_factor,0.5,2,8,5,0.5,0.5,0.7,0.6,1.0,0.5,96.6,80,34,91.999998,138.0,42.866666,1,1,1059,0,heuristic_v5b,solved,1,90.616926,96.521018,0.938831,0.0177,,
u_mand_factor\set59\u_mand_factor_0.5.py,u_mand_factor,59,u_mand_factor,0.5,2,8,5,0.5,0.5,0.7,0.6,1.0,0.5,96.6,80,34,91.999998,138.0,42.866666,1,1,1059,0,heuristic_v7,solved,1,99.436763,96.36025,1.031927,0.1381,,
u_mand_factor\set59\u_mand_factor_0.6.py,u_mand_factor,59,u_mand_factor,0.6,2,8,5,0.6,0.5,0.7,0.6,1.2,0.4,103.040002,80,34,110.399988,147.200003,51.439995,1,1,1059,0,ilp_v2,optimal,1,57.078212,103.037574,0.553955,0.6676,4.3e-05,
u_mand_factor\set59\u_mand_factor_0.6.py,u_mand_factor,59,u_mand_factor,0.6,2,8,5,0.6,0.5,0.7,0.6,1.2,0.4,103.040002,80,34,110.399988,147.200003,51.439995,1,1,1059,0,heuristic_v5b,solved,1,64.627682,102.986822,0.627534,0.0632,,
u_mand_factor\set59\u_mand_factor_0.6.py,u_mand_factor,59,u_mand_factor,0.6,2,8,5,0.6,0.5,0.7,0.6,1.2,0.4,103.040002,80,34,110.399988,147.200003,51.439995,1,1,1059,0,heuristic_v7,solved,1,71.876689,102.93709,0.698258,0.5123,,
u_mand_factor\set59\u_mand_factor_0.7.py,u_mand_factor,59,u_mand_factor,0.7,2,8,5,0.7,0.5,0.7,0.6,1.4,0.3,109.479997,80,34,128.800001,156.399995,60.013334,1,1,1059,0,ilp_v2,optimal,1,43.181837,109.4756,0.394443,0.5144,6.7e-05,
u_mand_factor\set59\u_mand_factor_0.7.py,u_mand_factor,59,u_mand_factor,0.7,2,8,5,0.7,0.5,0.7,0.6,1.4,0.3,109.479997,80,34,128.800001,156.399995,60.013334,1,1,1059,0,heuristic_v5b,solved,1,40.087269,109.444946,0.366278,0.2524,,
u_mand_factor\set59\u_mand_factor_0.7.py,u_mand_factor,59,u_mand_factor,0.7,2,8,5,0.7,0.5,0.7,0.6,1.4,0.3,109.479997,80,34,128.800001,156.399995,60.013334,1,1,1059,0,heuristic_v7,solved,1,41.547781,109.354608,0.379936,1.1085,,
u_mand_factor\set59\u_mand_factor_0.8.py,u_mand_factor,59,u_mand_factor,0.8,2,8,5,0.8,0.5,0.7,0.6,1.6,0.2,115.91999,80,34,147.199999,165.599985,68.586666,1,1,1059,0,ilp_v2,optimal,1,10.407625,115.91898,0.089784,1.0094,0.0,
u_mand_factor\set59\u_mand_factor_0.8.py,u_mand_factor,59,u_mand_factor,0.8,2,8,5,0.8,0.5,0.7,0.6,1.6,0.2,115.91999,80,34,147.199999,165.599985,68.586666,1,1,1059,0,heuristic_v5b,solved,1,2.406218,115.860833,0.020768,0.1475,,
u_mand_factor\set59\u_mand_factor_0.8.py,u_mand_factor,59,u_mand_factor,0.8,2,8,5,0.8,0.5,0.7,0.6,1.6,0.2,115.91999,80,34,147.199999,165.599985,68.586666,1,1,1059,0,heuristic_v7,solved,1,6.525316,115.703221,0.056397,0.5906,,
u_mand_factor\set59\u_mand_factor_0.9.py,u_mand_factor,59,u_mand_factor,0.9,2,8,5,0.9,0.5,0.7,0.6,1.8,0.1,122.360007,80,34,165.6,174.80001,77.16,1,1,1059,0,ilp_v2,infeasible,0,,,,0.0108,,
u_mand_factor\set59\u_mand_factor_0.9.py,u_mand_factor,59,u_mand_factor,0.9,2,8,5,0.9,0.5,0.7,0.6,1.8,0.1,122.360007,80,34,165.6,174.80001,77.16,1,1,1059,0,heuristic_v5b,infeasible,0,,148.199039,,0.0696,,over budget: E=148.1990 > B=122.3600
u_mand_factor\set59\u_mand_factor_0.9.py,u_mand_factor,59,u_mand_factor,0.9,2,8,5,0.9,0.5,0.7,0.6,1.8,0.1,122.360007,80,34,165.6,174.80001,77.16,1,1,1059,0,heuristic_v7,infeasible,0,,147.759975,,0.5627,,over budget: E=147.7600 > B=122.3600
u_mand_factor\set60\u_mand_factor_0.1.py,u_mand_factor,60,u_mand_factor,0.1,2,8,5,0.1,0.5,0.7,0.6,0.2,0.9,70.840004,80,33,18.399998,101.200006,8.573332,1,0,1060,0,ilp_v2,optimal,1,188.234389,66.952653,2.811455,0.0147,0.0,
u_mand_factor\set60\u_mand_factor_0.1.py,u_mand_factor,60,u_mand_factor,0.1,2,8,5,0.1,0.5,0.7,0.6,0.2,0.9,70.840004,80,33,18.399998,101.200006,8.573332,1,0,1060,0,heuristic_v5b,solved,1,188.234389,70.039979,2.687528,0.0116,,
u_mand_factor\set60\u_mand_factor_0.1.py,u_mand_factor,60,u_mand_factor,0.1,2,8,5,0.1,0.5,0.7,0.6,0.2,0.9,70.840004,80,33,18.399998,101.200006,8.573332,1,0,1060,0,heuristic_v7,solved,1,188.234389,70.039979,2.687528,0.1249,,
u_mand_factor\set60\u_mand_factor_0.2.py,u_mand_factor,60,u_mand_factor,0.2,2,8,5,0.2,0.5,0.7,0.6,0.4,0.8,77.279996,80,33,36.800005,110.399994,17.146669,1,0,1060,0,ilp_v2,optimal,1,145.98932,74.556806,1.958095,0.0167,0.0,
u_mand_factor\set60\u_mand_factor_0.2.py,u_mand_factor,60,u_mand_factor,0.2,2,8,5,0.2,0.5,0.7,0.6,0.4,0.8,77.279996,80,33,36.800005,110.399994,17.146669,1,0,1060,0,heuristic_v5b,solved,1,123.111935,77.106854,1.596641,0.0158,,
u_mand_factor\set60\u_mand_factor_0.2.py,u_mand_factor,60,u_mand_factor,0.2,2,8,5,0.2,0.5,0.7,0.6,0.4,0.8,77.279996,80,33,36.800005,110.399994,17.146669,1,0,1060,0,heuristic_v7,solved,1,123.111935,77.106854,1.596641,0.1354,,
u_mand_factor\set60\u_mand_factor_0.3.py,u_mand_factor,60,u_mand_factor,0.3,2,8,5,0.3,0.5,0.7,0.6,0.6,0.7,83.719999,80,33,55.200002,119.599999,25.720001,1,1,1060,0,ilp_v2,optimal,1,115.396493,83.553348,1.381112,0.0238,0.0,
u_mand_factor\set60\u_mand_factor_0.3.py,u_mand_factor,60,u_mand_factor,0.3,2,8,5,0.3,0.5,0.7,0.6,0.6,0.7,83.719999,80,33,55.200002,119.599999,25.720001,1,1,1060,0,heuristic_v5b,solved,1,92.247203,83.441037,1.105538,0.0148,,
u_mand_factor\set60\u_mand_factor_0.3.py,u_mand_factor,60,u_mand_factor,0.3,2,8,5,0.3,0.5,0.7,0.6,0.6,0.7,83.719999,80,33,55.200002,119.599999,25.720001,1,1,1060,0,heuristic_v7,solved,1,92.247203,83.441037,1.105538,0.1259,,
u_mand_factor\set60\u_mand_factor_0.4.py,u_mand_factor,60,u_mand_factor,0.4,2,8,5,0.4,0.5,0.7,0.6,0.8,0.6,90.159997,80,33,73.599991,128.799995,34.293329,1,1,1060,0,ilp_v2,optimal,1,88.762667,79.804847,1.112247,0.0169,0.0,
u_mand_factor\set60\u_mand_factor_0.4.py,u_mand_factor,60,u_mand_factor,0.4,2,8,5,0.4,0.5,0.7,0.6,0.8,0.6,90.159997,80,33,73.599991,128.799995,34.293329,1,1,1060,0,heuristic_v5b,solved,1,88.762667,90.036058,0.985857,0.0144,,
u_mand_factor\set60\u_mand_factor_0.4.py,u_mand_factor,60,u_mand_factor,0.4,2,8,5,0.4,0.5,0.7,0.6,0.8,0.6,90.159997,80,33,73.599991,128.799995,34.293329,1,1,1060,0,heuristic_v7,solved,1,119.45913,89.58776,1.333431,0.1502,,
u_mand_factor\set60\u_mand_factor_0.5.py,u_mand_factor,60,u_mand_factor,0.5,2,8,5,0.5,0.5,0.7,0.6,1.0,0.5,96.600006,80,33,91.999998,138.000008,42.866666,1,1,1060,0,ilp_v2,optimal,1,80.902264,96.569047,0.837766,0.1928,0.0,
u_mand_factor\set60\u_mand_factor_0.5.py,u_mand_factor,60,u_mand_factor,0.5,2,8,5,0.5,0.5,0.7,0.6,1.0,0.5,96.600006,80,33,91.999998,138.000008,42.866666,1,1,1060,0,heuristic_v5b,solved,1,82.371897,96.421217,0.854292,0.0159,,
u_mand_factor\set60\u_mand_factor_0.5.py,u_mand_factor,60,u_mand_factor,0.5,2,8,5,0.5,0.5,0.7,0.6,1.0,0.5,96.600006,80,33,91.999998,138.000008,42.866666,1,1,1060,0,heuristic_v7,solved,1,94.722981,95.681781,0.989979,0.1868,,
u_mand_factor\set60\u_mand_factor_0.6.py,u_mand_factor,60,u_mand_factor,0.6,2,8,5,0.6,0.5,0.7,0.6,1.2,0.4,103.039998,80,33,110.399995,147.199997,51.439998,1,1,1060,0,ilp_v2,optimal,1,67.379469,103.008572,0.654115,0.0462,0.0,
u_mand_factor\set60\u_mand_factor_0.6.py,u_mand_factor,60,u_mand_factor,0.6,2,8,5,0.6,0.5,0.7,0.6,1.2,0.4,103.039998,80,33,110.399995,147.199997,51.439998,1,1,1060,0,heuristic_v5b,solved,1,36.061364,102.645596,0.351319,0.02,,
u_mand_factor\set60\u_mand_factor_0.6.py,u_mand_factor,60,u_mand_factor,0.6,2,8,5,0.6,0.5,0.7,0.6,1.2,0.4,103.039998,80,33,110.399995,147.199997,51.439998,1,1,1060,0,heuristic_v7,solved,1,79.168617,103.039234,0.768335,0.4701,,
u_mand_factor\set60\u_mand_factor_0.7.py,u_mand_factor,60,u_mand_factor,0.7,2,8,5,0.7,0.5,0.7,0.6,1.4,0.3,109.479995,80,33,128.799993,156.399993,60.01333,1,1,1060,0,ilp_v2,optimal,1,55.90943,109.479188,0.510685,0.2208,0.0,
u_mand_factor\set60\u_mand_factor_0.7.py,u_mand_factor,60,u_mand_factor,0.7,2,8,5,0.7,0.5,0.7,0.6,1.4,0.3,109.479995,80,33,128.799993,156.399993,60.01333,1,1,1060,0,heuristic_v5b,solved,1,46.147306,109.474302,0.421536,0.0279,,
u_mand_factor\set60\u_mand_factor_0.7.py,u_mand_factor,60,u_mand_factor,0.7,2,8,5,0.7,0.5,0.7,0.6,1.4,0.3,109.479995,80,33,128.799993,156.399993,60.01333,1,1,1060,0,heuristic_v7,solved,1,49.137332,109.230015,0.449852,0.3688,,
u_mand_factor\set60\u_mand_factor_0.8.py,u_mand_factor,60,u_mand_factor,0.8,2,8,5,0.8,0.5,0.7,0.6,1.6,0.2,115.919991,80,33,147.199995,165.599987,68.586665,1,1,1060,0,ilp_v2,infeasible,0,,,,0.0166,,
u_mand_factor\set60\u_mand_factor_0.8.py,u_mand_factor,60,u_mand_factor,0.8,2,8,5,0.8,0.5,0.7,0.6,1.6,0.2,115.919991,80,33,147.199995,165.599987,68.586665,1,1,1060,0,heuristic_v5b,solved,1,9.150085,115.919776,0.078935,0.0405,,
u_mand_factor\set60\u_mand_factor_0.8.py,u_mand_factor,60,u_mand_factor,0.8,2,8,5,0.8,0.5,0.7,0.6,1.6,0.2,115.919991,80,33,147.199995,165.599987,68.586665,1,1,1060,0,heuristic_v7,solved,1,16.457034,115.898936,0.141995,0.325,,
u_mand_factor\set60\u_mand_factor_0.9.py,u_mand_factor,60,u_mand_factor,0.9,2,8,5,0.9,0.5,0.7,0.6,1.8,0.1,122.359998,80,33,165.599998,174.799997,77.159999,1,1,1060,0,ilp_v2,infeasible,0,,,,0.0292,,
u_mand_factor\set60\u_mand_factor_0.9.py,u_mand_factor,60,u_mand_factor,0.9,2,8,5,0.9,0.5,0.7,0.6,1.8,0.1,122.359998,80,33,165.599998,174.799997,77.159999,1,1,1060,0,heuristic_v5b,infeasible,0,,,,0.0,,
u_mand_factor\set60\u_mand_factor_0.9.py,u_mand_factor,60,u_mand_factor,0.9,2,8,5,0.9,0.5,0.7,0.6,1.8,0.1,122.359998,80,33,165.599998,174.799997,77.159999,1,1,1060,0,heuristic_v7,infeasible,0,,,,0.0,,
u_mand_factor\set61\u_mand_factor_0.1.py,u_mand_factor,61,u_mand_factor,0.1,2,8,5,0.1,0.5,0.7,0.6,0.2,0.9,70.839988,80,36,18.399998,101.199983,8.559999,1,0,1061,0,ilp_v2,optimal,1,262.250603,65.726745,3.990014,0.0221,0.0,
u_mand_factor\set61\u_mand_factor_0.1.py,u_mand_factor,61,u_mand_factor,0.1,2,8,5,0.1,0.5,0.7,0.6,0.2,0.9,70.839988,80,36,18.399998,101.199983,8.559999,1,0,1061,0,heuristic_v5b,solved,1,262.250603,70.287785,3.731098,0.0118,,
u_mand_factor\set61\u_mand_factor_0.1.py,u_mand_factor,61,u_mand_factor,0.1,2,8,5,0.1,0.5,0.7,0.6,0.2,0.9,70.839988,80,36,18.399998,101.199983,8.559999,1,0,1061,0,heuristic_v7,solved,1,262.250603,70.287785,3.731098,0.1581,,
u_mand_factor\set61\u_mand_factor_0.2.py,u_mand_factor,61,u_mand_factor,0.2,2,8,5,0.2,0.5,0.7,0.6,0.4,0.8,77.279998,80,36,36.799997,110.399998,17.119998,1,0,1061,0,ilp_v2,optimal,1,221.854763,77.199137,2.873798,0.0408,0.0,
u_mand_factor\set61\u_mand_factor_0.2.py,u_mand_factor,61,u_mand_factor,0.2,2,8,5,0.2,0.5,0.7,0.6,0.4,0.8,77.279998,80,36,36.799997,110.399998,17.119998,1,0,1061,0,heuristic_v5b,solved,1,216.770684,76.902039,2.81879,0.014,,
u_mand_factor\set61\u_mand_factor_0.2.py,u_mand_factor,61,u_mand_factor,0.2,2,8,5,0.2,0.5,0.7,0.6,0.4,0.8,77.279998,80,36,36.799997,110.399998,17.119998,1,0,1061,0,heuristic_v7,solved,1,222.227311,75.119531,2.958316,0.1337,,
u_mand_factor\set61\u_mand_factor_0.3.py,u_mand_factor,61,u_mand_factor,0.3,2,8,5,0.3,0.5,0.7,0.6,0.6,0.7,83.719995,80,36,55.199994,119.599993,25.679997,1,1,1061,0,ilp_v2,optimal,1,200.978681,83.364311,2.410848,0.0391,0.0,
u_mand_factor\set61\u_mand_factor_0.3.py,u_mand_factor,61,u_mand_factor,0.3,2,8,5,0.3,0.5,0.7,0.6,0.6,0.7,83.719995,80,36,55.199994,119.599993,25.679997,1,1,1061,0,heuristic_v5b,solved,1,203.162987,83.078352,2.445438,0.0127,,
u_mand_factor\set61\u_mand_factor_0.3.py,u_mand_factor,61,u_mand_factor,0.3,2,8,5,0.3,0.5,0.7,0.6,0.6,0.7,83.719995,80,36,55.199994,119.599993,25.679997,1,1,1061,0,heuristic_v7,solved,1,203.162987,83.078352,2.445438,0.2095,,
u_mand_factor\set61\u_mand_factor_0.4.py,u_mand_factor,61,u_mand_factor,0.4,2,8,5,0.4,0.5,0.7,0.6,0.8,0.6,90.160001,80,36,73.599999,128.800001,34.239999,1,1,1061,0,ilp_v2,optimal,1,172.175707,90.149006,1.909901,0.0589,0.0,
u_mand_factor\set61\u_mand_factor_0.4.py,u_mand_factor,61,u_mand_factor,0.4,2,8,5,0.4,0.5,0.7,0.6,0.8,0.6,90.160001,80,36,73.599999,128.800001,34.239999,1,1,1061,0,heuristic_v5b,solved,1,178.708661,89.518354,1.996335,0.0136,,
u_mand_factor\set61\u_mand_factor_0.4.py,u_mand_factor,61,u_mand_factor,0.4,2,8,5,0.4,0.5,0.7,0.6,0.8,0.6,90.160001,80,36,73.599999,128.800001,34.239999,1,1,1061,0,heuristic_v7,solved,1,178.708661,89.518354,1.996335,0.2484,,
u_mand_factor\set61\u_mand_factor_0.5.py,u_mand_factor,61,u_mand_factor,0.5,2,8,5,0.5,0.5,0.7,0.6,1.0,0.5,96.599989,80,36,92.000006,137.999984,42.800003,1,1,1061,0,ilp_v2,optimal,1,128.052032,96.595383,1.325654,0.2239,0.0,
u_mand_factor\set61\u_mand_factor_0.5.py,u_mand_factor,61,u_mand_factor,0.5,2,8,5,0.5,0.5,0.7,0.6,1.0,0.5,96.599989,80,36,92.000006,137.999984,42.800003,1,1,1061,0,heuristic_v5b,solved,1,139.566724,95.13304,1.467069,0.0347,,
u_mand_factor\set61\u_mand_factor_0.5.py,u_mand_factor,61,u_mand_factor,0.5,2,8,5,0.5,0.5,0.7,0.6,1.0,0.5,96.599989,80,36,92.000006,137.999984,42.800003,1,1,1061,0,heuristic_v7,solved,1,144.793474,95.8679,1.510344,0.2742,,
u_mand_factor\set61\u_mand_factor_0.6.py,u_mand_factor,61,u_mand_factor,0.6,2,8,5,0.6,0.5,0.7,0.6,1.2,0.4,103.040006,80,36,110.400005,147.200008,51.360002,1,1,1061,0,ilp_v2,optimal,1,80.630365,103.033575,0.782564,0.4414,0.0,
u_mand_factor\set61\u_mand_factor_0.6.py,u_mand_factor,61,u_mand_factor,0.6,2,8,5,0.6,0.5,0.7,0.6,1.2,0.4,103.040006,80,36,110.400005,147.200008,51.360002,1,1,1061,0,heuristic_v5b,solved,1,94.320418,103.021866,0.915538,0.0385,,
u_mand_factor\set61\u_mand_factor_0.6.py,u_mand_factor,61,u_mand_factor,0.6,2,8,5,0.6,0.5,0.7,0.6,1.2,0.4,103.040006,80,36,110.400005,147.200008,51.360002,1,1,1061,0,heuristic_v7,solved,1,104.620389,102.150985,1.024174,0.4867,,
u_mand_factor\set61\u_mand_factor_0.7.py,u_mand_factor,61,u_mand_factor,0.7,2,8,5,0.7,0.5,0.7,0.6,1.4,0.3,109.479991,80,36,128.799994,156.399987,59.919997,1,1,1061,0,ilp_v2,optimal,1,24.254511,109.474639,0.221554,0.1133,0.0,
u_mand_factor\set61\u_mand_factor_0.7.py,u_mand_factor,61,u_mand_factor,0.7,2,8,5,0.7,0.5,0.7,0.6,1.4,0.3,109.479991,80,36,128.799994,156.399987,59.919997,1,1,1061,0,heuristic_v5b,solved,1,55.143159,109.467158,0.503742,0.0174,,
u_mand_factor\set61\u_mand_factor_0.7.py,u_mand_factor,61,u_mand_factor,0.7,2,8,5,0.7,0.5,0.7,0.6,1.4,0.3,109.479991,80,36,128.799994,156.399987,59.919997,1,1,1061,0,heuristic_v7,solved,1,57.760057,109.431525,0.527819,0.5365,,
u_mand_factor\set61\u_mand_factor_0.8.py,u_mand_factor,61,u_mand_factor,0.8,2,8,5,0.8,0.5,0.7,0.6,1.6,0.2,115.920002,80,36,147.200001,165.600002,68.480001,1,1,1061,0,ilp_v2,infeasible,0,,,,0.0202,,
u_mand_factor\set61\u_mand_factor_0.8.py,u_mand_factor,61,u_mand_factor,0.8,2,8,5,0.8,0.5,0.7,0.6,1.6,0.2,115.920002,80,36,147.200001,165.600002,68.480001,1,1,1061,0,heuristic_v5b,infeasible,0,,121.913068,,0.0376,,over budget: E=121.9131 > B=115.9200
u_mand_factor\set61\u_mand_factor_0.8.py,u_mand_factor,61,u_mand_factor,0.8,2,8,5,0.8,0.5,0.7,0.6,1.6,0.2,115.920002,80,36,147.200001,165.600002,68.480001,1,1,1061,0,heuristic_v7,solved,1,3.85854,115.895348,0.033293,0.5115,,
u_mand_factor\set61\u_mand_factor_0.9.py,u_mand_factor,61,u_mand_factor,0.9,2,8,5,0.9,0.5,0.7,0.6,1.8,0.1,122.360006,80,36,165.600006,174.800008,77.040003,1,1,1061,0,ilp_v2,infeasible,0,,,,0.0121,,
u_mand_factor\set61\u_mand_factor_0.9.py,u_mand_factor,61,u_mand_factor,0.9,2,8,5,0.9,0.5,0.7,0.6,1.8,0.1,122.360006,80,36,165.600006,174.800008,77.040003,1,1,1061,0,heuristic_v5b,infeasible,0,,151.005882,,0.0587,,over budget: E=151.0059 > B=122.3600
u_mand_factor\set61\u_mand_factor_0.9.py,u_mand_factor,61,u_mand_factor,0.9,2,8,5,0.9,0.5,0.7,0.6,1.8,0.1,122.360006,80,36,165.600006,174.800008,77.040003,1,1,1061,0,heuristic_v7,infeasible,0,,151.005882,,0.3628,,over budget: E=151.0059 > B=122.3600
u_mand_factor\set62\u_mand_factor_0.1.py,u_mand_factor,62,u_mand_factor,0.1,2,8,5,0.1,0.5,0.7,0.6,0.2,0.9,70.84001,80,40,18.400011,101.200015,8.573339,1,0,1062,0,ilp_v2,optimal,1,185.123856,56.109623,3.299325,0.0303,0.0,
u_mand_factor\set62\u_mand_factor_0.1.py,u_mand_factor,62,u_mand_factor,0.1,2,8,5,0.1,0.5,0.7,0.6,0.2,0.9,70.84001,80,40,18.400011,101.200015,8.573339,1,0,1062,0,heuristic_v5b,solved,1,185.123856,70.100618,2.640831,0.0209,,
u_mand_factor\set62\u_mand_factor_0.1.py,u_mand_factor,62,u_mand_factor,0.1,2,8,5,0.1,0.5,0.7,0.6,0.2,0.9,70.84001,80,40,18.400011,101.200015,8.573339,1,0,1062,0,heuristic_v7,solved,1,185.123856,70.100618,2.640831,0.364,,
u_mand_factor\set62\u_mand_factor_0.2.py,u_mand_factor,62,u_mand_factor,0.2,2,8,5,0.2,0.5,0.7,0.6,0.4,0.8,77.279995,80,40,36.799993,110.399993,17.146663,1,0,1062,0,ilp_v2,optimal,1,184.943298,74.158065,2.493907,0.0277,0.0,
u_mand_factor\set62\u_mand_factor_0.2.py,u_mand_factor,62,u_mand_factor,0.2,2,8,5,0.2,0.5,0.7,0.6,0.4,0.8,77.279995,80,40,36.799993,110.399993,17.146663,1,0,1062,0,heuristic_v5b,solved,1,184.943298,74.173557,2.493386,0.0217,,
u_mand_factor\set62\u_mand_factor_0.2.py,u_mand_factor,62,u_mand_factor,0.2,2,8,5,0.2,0.5,0.7,0.6,0.4,0.8,77.279995,80,40,36.799993,110.399993,17.146663,1,0,1062,0,heuristic_v7,solved,1,184.943298,74.173557,2.493386,0.571,,
u_mand_factor\set62\u_mand_factor_0.3.py,u_mand_factor,62,u_mand_factor,0.3,2,8,5,0.3,0.5,0.7,0.6,0.6,0.7,83.720008,80,40,55.2,119.600011,25.72,1,1,1062,0,ilp_v2,optimal,1,138.731806,83.649515,1.658489,0.0349,0.0,
u_mand_factor\set62\u_mand_factor_0.3.py,u_mand_factor,62,u_mand_factor,0.3,2,8,5,0.3,0.5,0.7,0.6,0.6,0.7,83.720008,80,40,55.2,119.600011,25.72,1,1,1062,0,heuristic_v5b,solved,1,138.731806,81.812235,1.695734,0.0198,,
u_mand_factor\set62\u_mand_factor_0.3.py,u_mand_factor,62,u_mand_factor,0.3,2,8,5,0.3,0.5,0.7,0.6,0.6,0.7,83.720008,80,40,55.2,119.600011,25.72,1,1,1062,0,heuristic_v7,solved,1,138.731806,81.812235,1.695734,0.6292,,
u_mand_factor\set62\u_mand_factor_0.4.py,u_mand_factor,62,u_mand_factor,0.4,2,8,5,0.4,0.5,0.7,0.6,0.8,0.6,90.159996,80,40,73.600002,128.799994,34.293334,1,1,1062,0,ilp_v2,optimal,1,116.98548,89.925639,1.300914,0.0361,0.0,
u_mand_factor\set62\u_mand_factor_0.4.py,u_mand_factor,62,u_mand_factor,0.4,2,8,5,0.4,0.5,0.7,0.6,0.8,0.6,90.159996,80,40,73.600002,128.799994,34.293334,1,1,1062,0,heuristic_v5b,solved,1,116.98548,89.289629,1.31018,0.0197,,
u_mand_factor\set62\u_mand_factor_0.4.py,u_mand_factor,62,u_mand_factor,0.4,2,8,5,0.4,0.5,0.7,0.6,0.8,0.6,90.159996,80,40,73.600002,128.799994,34.293334,1,1,1062,0,heuristic_v7,solved,1,116.98548,87.668035,1.334414,0.7982,,
u_mand_factor\set62\u_mand_factor_0.5.py,u_mand_factor,62,u_mand_factor,0.5,2,8,5,0.5,0.5,0.7,0.6,1.0,0.5,96.599994,80,40,92.000002,137.999992,42.866668,1,1,1062,0,ilp_v2,optimal,1,97.487885,96.493981,1.0103,0.0453,0.0,
u_mand_factor\set62\u_mand_factor_0.5.py,u_mand_factor,62,u_mand_factor,0.5,2,8,5,0.5,0.5,0.7,0.6,1.0,0.5,96.599994,80,40,92.000002,137.999992,42.866668,1,1,1062,0,heuristic_v5b,solved,1,93.940691,95.434756,0.984345,0.0312,,
u_mand_factor\set62\u_mand_factor_0.5.py,u_mand_factor,62,u_mand_factor,0.5,2,8,5,0.5,0.5,0.7,0.6,1.0,0.5,96.599994,80,40,92.000002,137.999992,42.866668,1,1,1062,0,heuristic_v7,solved,1,96.601086,96.578282,1.000236,0.3637,,
u_mand_factor\set62\u_mand_factor_0.6.py,u_mand_factor,62,u_mand_factor,0.6,2,8,5,0.6,0.5,0.7,0.6,1.2,0.4,103.040001,80,40,110.400005,147.200001,51.440002,1,1,1062,0,ilp_v2,optimal,1,71.143733,103.039471,0.690451,1.9021,0.0001,
u_mand_factor\set62\u_mand_factor_0.6.py,u_mand_factor,62,u_mand_factor,0.6,2,8,5,0.6,0.5,0.7,0.6,1.2,0.4,103.040001,80,40,110.400005,147.200001,51.440002,1,1,1062,0,heuristic_v5b,solved,1,68.477279,103.027915,0.664648,0.0335,,
u_mand_factor\set62\u_mand_factor_0.6.py,u_mand_factor,62,u_mand_factor,0.6,2,8,5,0.6,0.5,0.7,0.6,1.2,0.4,103.040001,80,40,110.400005,147.200001,51.440002,1,1,1062,0,heuristic_v7,solved,1,70.602474,103.01713,0.685347,0.703,,
u_mand_factor\set62\u_mand_factor_0.7.py,u_mand_factor,62,u_mand_factor,0.7,2,8,5,0.7,0.5,0.7,0.6,1.4,0.3,109.480004,80,40,128.799997,156.400006,60.013332,1,1,1062,0,ilp_v2,optimal,1,44.395483,109.479545,0.405514,16.3939,8.6e-05,
u_mand_factor\set62\u_mand_factor_0.7.py,u_mand_factor,62,u_mand_factor,0.7,2,8,5,0.7,0.5,0.7,0.6,1.4,0.3,109.480004,80,40,128.799997,156.400006,60.013332,1,1,1062,0,heuristic_v5b,solved,1,40.321774,109.466611,0.368348,0.281,,
u_mand_factor\set62\u_mand_factor_0.7.py,u_mand_factor,62,u_mand_factor,0.7,2,8,5,0.7,0.5,0.7,0.6,1.4,0.3,109.480004,80,40,128.799997,156.400006,60.013332,1,1,1062,0,heuristic_v7,solved,1,40.784282,109.477596,0.372535,3.9776,,
u_mand_factor\set62\u_mand_factor_0.8.py,u_mand_factor,62,u_mand_factor,0.8,2,8,5,0.8,0.5,0.7,0.6,1.6,0.2,115.919995,80,40,147.200006,165.599993,68.586669,1,1,1062,0,ilp_v2,optimal,1,3.824001,115.914044,0.03299,0.1701,0.0,
u_mand_factor\set62\u_mand_factor_0.8.py,u_mand_factor,62,u_mand_factor,0.8,2,8,5,0.8,0.5,0.7,0.6,1.6,0.2,115.919995,80,40,147.200006,165.599993,68.586669,1,1,1062,0,heuristic_v5b,solved,1,3.013843,115.620018,0.026067,0.0972,,
u_mand_factor\set62\u_mand_factor_0.8.py,u_mand_factor,62,u_mand_factor,0.8,2,8,5,0.8,0.5,0.7,0.6,1.6,0.2,115.919995,80,40,147.200006,165.599993,68.586669,1,1,1062,0,heuristic_v7,solved,1,3.220559,115.66228,0.027845,1.2237,,
u_mand_factor\set62\u_mand_factor_0.9.py,u_mand_factor,62,u_mand_factor,0.9,2,8,5,0.9,0.5,0.7,0.6,1.8,0.1,122.360006,80,40,165.600005,174.800008,77.160002,1,1,1062,0,ilp_v2,infeasible,0,,,,0.02,,
u_mand_factor\set62\u_mand_factor_0.9.py,u_mand_factor,62,u_mand_factor,0.9,2,8,5,0.9,0.5,0.7,0.6,1.8,0.1,122.360006,80,40,165.600005,174.800008,77.160002,1,1,1062,0,heuristic_v5b,infeasible,0,,149.361314,,0.1197,,over budget: E=149.3613 > B=122.3600
u_mand_factor\set62\u_mand_factor_0.9.py,u_mand_factor,62,u_mand_factor,0.9,2,8,5,0.9,0.5,0.7,0.6,1.8,0.1,122.360006,80,40,165.600005,174.800008,77.160002,1,1,1062,0,heuristic_v7,infeasible,0,,149.0212,,0.6695,,over budget: E=149.0212 > B=122.3600
u_mand_factor\set63\u_mand_factor_0.1.py,u_mand_factor,63,u_mand_factor,0.1,2,8,5,0.1,0.5,0.7,0.6,0.2,0.9,70.840008,80,21,18.400005,101.200011,8.560002,1,0,1063,0,ilp_v2,optimal,1,226.612265,68.896051,3.289191,0.01,0.0,
u_mand_factor\set63\u_mand_factor_0.1.py,u_mand_factor,63,u_mand_factor,0.1,2,8,5,0.1,0.5,0.7,0.6,0.2,0.9,70.840008,80,21,18.400005,101.200011,8.560002,1,0,1063,0,heuristic_v5b,solved,1,226.612265,67.782999,3.343202,0.0033,,
u_mand_factor\set63\u_mand_factor_0.1.py,u_mand_factor,63,u_mand_factor,0.1,2,8,5,0.1,0.5,0.7,0.6,0.2,0.9,70.840008,80,21,18.400005,101.200011,8.560002,1,0,1063,0,heuristic_v7,solved,1,226.612265,67.782999,3.343202,0.0512,,
u_mand_factor\set63\u_mand_factor_0.2.py,u_mand_factor,63,u_mand_factor,0.2,2,8,5,0.2,0.5,0.7,0.6,0.4,0.8,77.27999,80,21,36.799994,110.399986,17.119997,1,0,1063,0,ilp_v2,optimal,1,206.036434,59.364416,3.470706,0.0111,5.1e-05,
u_mand_factor\set63\u_mand_factor_0.2.py,u_mand_factor,63,u_mand_factor,0.2,2,8,5,0.2,0.5,0.7,0.6,0.4,0.8,77.27999,80,21,36.799994,110.399986,17.119997,1,0,1063,0,heuristic_v5b,solved,1,166.872554,76.392976,2.184397,0.0077,,
u_mand_factor\set63\u_mand_factor_0.2.py,u_mand_factor,63,u_mand_factor,0.2,2,8,5,0.2,0.5,0.7,0.6,0.4,0.8,77.27999,80,21,36.799994,110.399986,17.119997,1,0,1063,0,heuristic_v7,solved,1,224.204246,70.204096,3.193606,0.0957,,
u_mand_factor\set63\u_mand_factor_0.3.py,u_mand_factor,63,u_mand_factor,0.3,2,8,5,0.3,0.5,0.7,0.6,0.6,0.7,83.720004,80,21,55.200002,119.600006,25.680001,1,1,1063,0,ilp_v2,optimal,1,180.949008,83.686364,2.162228,0.2065,0.0,
u_mand_factor\set63\u_mand_factor_0.3.py,u_mand_factor,63,u_mand_factor,0.3,2,8,5,0.3,0.5,0.7,0.6,0.6,0.7,83.720004,80,21,55.200002,119.600006,25.680001,1,1,1063,0,heuristic_v5b,solved,1,149.057978,83.717543,1.780487,0.0063,,
u_mand_factor\set63\u_mand_factor_0.3.py,u_mand_factor,63,u_mand_factor,0.3,2,8,5,0.3,0.5,0.7,0.6,0.6,0.7,83.720004,80,21,55.200002,119.600006,25.680001,1,1,1063,0,heuristic_v7,solved,1,192.482909,73.245718,2.627907,0.1152,,
u_mand_factor\set63\u_mand_factor_0.4.py,u_mand_factor,63,u_mand_factor,0.4,2,8,5,0.4,0.5,0.7,0.6,0.8,0.6,90.159999,80,21,73.600005,128.799999,34.240002,1,1,1063,0,ilp_v2,optimal,1,149.359723,90.066284,1.658331,0.0185,0.0,
u_mand_factor\set63\u_mand_factor_0.4.py,u_mand_factor,63,u_mand_factor,0.4,2,8,5,0.4,0.5,0.7,0.6,0.8,0.6,90.159999,80,21,73.600005,128.799999,34.240002,1,1,1063,0,heuristic_v5b,solved,1,127.946204,90.063869,1.420616,0.0067,,
u_mand_factor\set63\u_mand_factor_0.4.py,u_mand_factor,63,u_mand_factor,0.4,2,8,5,0.4,0.5,0.7,0.6,0.8,0.6,90.159999,80,21,73.600005,128.799999,34.240002,1,1,1063,0,heuristic_v7,solved,1,146.720441,90.150211,1.627511,0.2152,,
u_mand_factor\set63\u_mand_factor_0.5.py,u_mand_factor,63,u_mand_factor,0.5,2,8,5,0.5,0.5,0.7,0.6,1.0,0.5,96.599999,80,21,91.999999,137.999999,42.799999,1,1,1063,0,ilp_v2,optimal,1,116.14416,96.545839,1.202995,0.0292,0.0,
u_mand_factor\set63\u_mand_factor_0.5.py,u_mand_factor,63,u_mand_factor,0.5,2,8,5,0.5,0.5,0.7,0.6,1.0,0.5,96.599999,80,21,91.999999,137.999999,42.799999,1,1,1063,0,heuristic_v5b,solved,1,97.210012,96.575739,1.006568,0.0056,,
u_mand_factor\set63\u_mand_factor_0.5.py,u_mand_factor,63,u_mand_factor,0.5,2,8,5,0.5,0.5,0.7,0.6,1.0,0.5,96.599999,80,21,91.999999,137.999999,42.799999,1,1,1063,0,heuristic_v7,solved,1,116.508899,96.530557,1.206964,0.1264,,
u_mand_factor\set63\u_mand_factor_0.6.py,u_mand_factor,63,u_mand_factor,0.6,2,8,5,0.6,0.5,0.7,0.6,1.2,0.4,103.039998,80,21,110.399998,147.199998,51.359999,1,1,1063,0,ilp_v2,optimal,1,83.383629,103.024925,0.809354,0.0353,0.0,
u_mand_factor\set63\u_mand_factor_0.6.py,u_mand_factor,63,u_mand_factor,0.6,2,8,5,0.6,0.5,0.7,0.6,1.2,0.4,103.039998,80,21,110.399998,147.199998,51.359999,1,1,1063,0,heuristic_v5b,solved,1,82.800047,103.032659,0.803629,0.0159,,
u_mand_factor\set63\u_mand_factor_0.6.py,u_mand_factor,63,u_mand_factor,0.6,2,8,5,0.6,0.5,0.7,0.6,1.2,0.4,103.039998,80,21,110.399998,147.199998,51.359999,1,1,1063,0,heuristic_v7,solved,1,82.800047,103.032659,0.803629,0.1148,,
u_mand_factor\set63\u_mand_factor_0.7.py,u_mand_factor,63,u_mand_factor,0.7,2,8,5,0.7,0.5,0.7,0.6,1.4,0.3,109.480009,80,21,128.800002,156.400013,59.920001,1,1,1063,0,ilp_v2,optimal,1,38.759009,109.475396,0.354043,0.1614,0.0,
u_mand_factor\set63\u_mand_factor_0.7.py,u_mand_factor,63,u_mand_factor,0.7,2,8,5,0.7,0.5,0.7,0.6,1.4,0.3,109.480009,80,21,128.800002,156.400013,59.920001,1,1,1063,0,heuristic_v5b,solved,1,45.178317,109.475507,0.41268,0.0079,,
u_mand_factor\set63\u_mand_factor_0.7.py,u_mand_factor,63,u_mand_factor,0.7,2,8,5,0.7,0.5,0.7,0.6,1.4,0.3,109.480009,80,21,128.800002,156.400013,59.920001,1,1,1063,0,heuristic_v7,solved,1,52.550868,109.175159,0.481345,0.1851,,
u_mand_factor\set63\u_mand_factor_0.8.py,u_mand_factor,63,u_mand_factor,0.8,2,8,5,0.8,0.5,0.7,0.6,1.6,0.2,115.919995,80,21,147.199998,165.599993,68.479999,1,1,1063,0,ilp_v2,optimal,1,3.829659,115.892809,0.033045,0.0321,0.0,
u_mand_factor\set63\u_mand_factor_0.8.py,u_mand_factor,63,u_mand_factor,0.8,2,8,5,0.8,0.5,0.7,0.6,1.6,0.2,115.919995,80,21,147.199998,165.599993,68.479999,1,1,1063,0,heuristic_v5b,solved,1,3.1324,115.908927,0.027025,0.0136,,
u_mand_factor\set63\u_mand_factor_0.8.py,u_mand_factor,63,u_mand_factor,0.8,2,8,5,0.8,0.5,0.7,0.6,1.6,0.2,115.919995,80,21,147.199998,165.599993,68.479999,1,1,1063,0,heuristic_v7,solved,1,3.1324,115.908927,0.027025,0.1075,,
u_mand_factor\set63\u_mand_factor_0.9.py,u_mand_factor,63,u_mand_factor,0.9,2,8,5,0.9,0.5,0.7,0.6,1.8,0.1,122.360001,80,21,165.600003,174.800001,77.040002,1,1,1063,0,ilp_v2,infeasible,0,,,,0.0096,,
u_mand_factor\set63\u_mand_factor_0.9.py,u_mand_factor,63,u_mand_factor,0.9,2,8,5,0.9,0.5,0.7,0.6,1.8,0.1,122.360001,80,21,165.600003,174.800001,77.040002,1,1,1063,0,heuristic_v5b,infeasible,0,,149.903552,,0.0123,,over budget: E=149.9036 > B=122.3600
u_mand_factor\set63\u_mand_factor_0.9.py,u_mand_factor,63,u_mand_factor,0.9,2,8,5,0.9,0.5,0.7,0.6,1.8,0.1,122.360001,80,21,165.600003,174.800001,77.040002,1,1,1063,0,heuristic_v7,infeasible,0,,149.991719,,0.1188,,over budget: E=149.9917 > B=122.3600
u_mand_factor\set64\u_mand_factor_0.1.py,u_mand_factor,64,u_mand_factor,0.1,2,8,5,0.1,0.5,0.7,0.6,0.2,0.9,70.840003,80,32,18.399999,101.200005,8.573333,1,0,1064,0,ilp_v2,optimal,1,205.865986,70.32036,2.927545,0.017,0.0,
u_mand_factor\set64\u_mand_factor_0.1.py,u_mand_factor,64,u_mand_factor,0.1,2,8,5,0.1,0.5,0.7,0.6,0.2,0.9,70.840003,80,32,18.399999,101.200005,8.573333,1,0,1064,0,heuristic_v5b,solved,1,199.565164,70.39531,2.834921,0.0101,,
u_mand_factor\set64\u_mand_factor_0.1.py,u_mand_factor,64,u_mand_factor,0.1,2,8,5,0.1,0.5,0.7,0.6,0.2,0.9,70.840003,80,32,18.399999,101.200005,8.573333,1,0,1064,0,heuristic_v7,solved,1,205.865986,69.3988,2.96642,0.1433,,
u_mand_factor\set64\u_mand_factor_0.2.py,u_mand_factor,64,u_mand_factor,0.2,2,8,5,0.2,0.5,0.7,0.6,0.4,0.8,77.280001,80,32,36.800003,110.400001,17.146668,1,0,1064,0,ilp_v2,optimal,1,205.862011,76.274136,2.698975,0.0134,0.0,
u_mand_factor\set64\u_mand_factor_0.2.py,u_mand_factor,64,u_mand_factor,0.2,2,8,5,0.2,0.5,0.7,0.6,0.4,0.8,77.280001,80,32,36.800003,110.400001,17.146668,1,0,1064,0,heuristic_v5b,solved,1,202.421128,77.04432,2.627334,0.0106,,
u_mand_factor\set64\u_mand_factor_0.2.py,u_mand_factor,64,u_mand_factor,0.2,2,8,5,0.2,0.5,0.7,0.6,0.4,0.8,77.280001,80,32,36.800003,110.400001,17.146668,1,0,1064,0,heuristic_v7,solved,1,205.862011,77.16939,2.667664,0.0963,,
u_mand_factor\set64\u_mand_factor_0.3.py,u_mand_factor,64,u_mand_factor,0.3,2,8,5,0.3,0.5,0.7,0.6,0.6,0.7,83.720011,80,32,55.200007,119.600016,25.720003,1,1,1064,0,ilp_v2,optimal,1,171.402918,83.694576,2.047957,0.0335,0.0,
u_mand_factor\set64\u_mand_factor_0.3.py,u_mand_factor,64,u_mand_factor,0.3,2,8,5,0.3,0.5,0.7,0.6,0.6,0.7,83.720011,80,32,55.200007,119.600016,25.720003,1,1,1064,0,heuristic_v5b,solved,1,152.280275,83.098921,1.832518,0.0097,,
u_mand_factor\set64\u_mand_factor_0.3.py,u_mand_factor,64,u_mand_factor,0.3,2,8,5,0.3,0.5,0.7,0.6,0.6,0.7,83.720011,80,32,55.200007,119.600016,25.720003,1,1,1064,0,heuristic_v7,solved,1,171.402918,82.485047,2.077988,0.1962,,
u_mand_factor\set64\u_mand_factor_0.4.py,u_mand_factor,64,u_mand_factor,0.4,2,8,5,0.4,0.5,0.7,0.6,0.8,0.6,90.160001,80,32,73.599997,128.800001,34.293332,1,1,1064,0,ilp_v2,optimal,1,134.399381,90.154521,1.490767,0.0306,0.0,
u_mand_factor\set64\u_mand_factor_0.4.py,u_mand_factor,64,u_mand_factor,0.4,2,8,5,0.4,0.5,0.7,0.6,0.8,0.6,90.160001,80,32,73.599997,128.800001,34.293332,1,1,1064,0,heuristic_v5b,solved,1,110.355724,90.054515,1.225432,0.0202,,
u_mand_factor\set64\u_mand_factor_0.4.py,u_mand_factor,64,u_mand_factor,0.4,2,8,5,0.4,0.5,0.7,0.6,0.8,0.6,90.160001,80,32,73.599997,128.800001,34.293332,1,1,1064,0,heuristic_v7,solved,1,138.999114,89.938014,1.545499,0.1211,,
u_mand_factor\set64\u_mand_factor_0.5.py,u_mand_factor,64,u_mand_factor,0.5,2,8,5,0.5,0.5,0.7,0.6,1.0,0.5,96.600001,80,32,92.000003,138.000001,42.866668,1,1,1064,0,ilp_v2,optimal,1,100.08823,96.598238,1.036129,0.1238,6.6e-05,
u_mand_factor\set64\u_mand_factor_0.5.py,u_mand_factor,64,u_mand_factor,0.5,2,8,5,0.5,0.5,0.7,0.6,1.0,0.5,96.600001,80,32,92.000003,138.000001,42.866668,1,1,1064,0,heuristic_v5b,solved,1,84.181752,96.499392,0.872355,0.0388,,
u_mand_factor\set64\u_mand_factor_0.5.py,u_mand_factor,64,u_mand_factor,0.5,2,8,5,0.5,0.5,0.7,0.6,1.0,0.5,96.600001,80,32,92.000003,138.000001,42.866668,1,1,1064,0,heuristic_v7,solved,1,111.161051,95.806768,1.160263,0.1756,,
u_mand_factor\set64\u_mand_factor_0.6.py,u_mand_factor,64,u_mand_factor,0.6,2,8,5,0.6,0.5,0.7,0.6,1.2,0.4,103.039993,80,32,110.399999,147.19999,51.439999,1,1,1064,0,ilp_v2,optimal,1,66.340089,103.039168,0.643834,0.096,0.0,
u_mand_factor\set64\u_mand_factor_0.6.py,u_mand_factor,64,u_mand_factor,0.6,2,8,5,0.6,0.5,0.7,0.6,1.2,0.4,103.039993,80,32,110.399999,147.19999,51.439999,1,1,1064,0,heuristic_v5b,solved,1,32.143994,102.998392,0.312082,0.0112,,
u_mand_factor\set64\u_mand_factor_0.6.py,u_mand_factor,64,u_mand_factor,0.6,2,8,5,0.6,0.5,0.7,0.6,1.2,0.4,103.039993,80,32,110.399999,147.19999,51.439999,1,1,1064,0,heuristic_v7,solved,1,79.083763,102.750254,0.76967,0.346,,
u_mand_factor\set64\u_mand_factor_0.7.py,u_mand_factor,64,u_mand_factor,0.7,2,8,5,0.7,0.5,0.7,0.6,1.4,0.3,109.480001,80,32,128.799998,156.400001,60.013332,1,1,1064,0,ilp_v2,optimal,1,27.477071,109.47782,0.250983,0.1141,0.0,
u_mand_factor\set64\u_mand_factor_0.7.py,u_mand_factor,64,u_mand_factor,0.7,2,8,5,0.7,0.5,0.7,0.6,1.4,0.3,109.480001,80,32,128.799998,156.400001,60.013332,1,1,1064,0,heuristic_v5b,solved,1,1.207112,109.471886,0.011027,0.0759,,
u_mand_factor\set64\u_mand_factor_0.7.py,u_mand_factor,64,u_mand_factor,0.7,2,8,5,0.7,0.5,0.7,0.6,1.4,0.3,109.480001,80,32,128.799998,156.400001,60.013332,1,1,1064,0,heuristic_v7,solved,1,42.882788,109.292215,0.392368,0.4897,,
u_mand_factor\set64\u_mand_factor_0.8.py,u_mand_factor,64,u_mand_factor,0.8,2,8,5,0.8,0.5,0.7,0.6,1.6,0.2,115.919998,80,32,147.200001,165.599998,68.586667,1,1,1064,0,ilp_v2,infeasible,0,,,,0.0124,,
u_mand_factor\set64\u_mand_factor_0.8.py,u_mand_factor,64,u_mand_factor,0.8,2,8,5,0.8,0.5,0.7,0.6,1.6,0.2,115.919998,80,32,147.200001,165.599998,68.586667,1,1,1064,0,heuristic_v5b,infeasible,0,,125.799955,,0.0314,,over budget: E=125.8000 > B=115.9200
u_mand_factor\set64\u_mand_factor_0.8.py,u_mand_factor,64,u_mand_factor,0.8,2,8,5,0.8,0.5,0.7,0.6,1.6,0.2,115.919998,80,32,147.200001,165.599998,68.586667,1,1,1064,0,heuristic_v7,solved,1,2.987852,115.88382,0.025783,0.3086,,
u_mand_factor\set64\u_mand_factor_0.9.py,u_mand_factor,64,u_mand_factor,0.9,2,8,5,0.9,0.5,0.7,0.6,1.8,0.1,122.360001,80,32,165.600001,174.800001,77.160001,1,1,1064,0,ilp_v2,infeasible,0,,,,0.0274,,
u_mand_factor\set64\u_mand_factor_0.9.py,u_mand_factor,64,u_mand_factor,0.9,2,8,5,0.9,0.5,0.7,0.6,1.8,0.1,122.360001,80,32,165.600001,174.800001,77.160001,1,1,1064,0,heuristic_v5b,infeasible,0,,,,0.0,,
u_mand_factor\set64\u_mand_factor_0.9.py,u_mand_factor,64,u_mand_factor,0.9,2,8,5,0.9,0.5,0.7,0.6,1.8,0.1,122.360001,80,32,165.600001,174.800001,77.160001,1,1,1064,0,heuristic_v7,infeasible,0,,,,0.0,,
u_mand_factor\set65\u_mand_factor_0.1.py,u_mand_factor,65,u_mand_factor,0.1,2,8,5,0.1,0.5,0.7,0.6,0.2,0.9,70.840013,80,25,18.400003,101.200018,8.573335,1,0,1065,0,ilp_v2,optimal,1,238.471274,68.573785,3.477587,0.0129,0.0,
u_mand_factor\set65\u_mand_factor_0.1.py,u_mand_factor,65,u_mand_factor,0.1,2,8,5,0.1,0.5,0.7,0.6,0.2,0.9,70.840013,80,25,18.400003,101.200018,8.573335,1,0,1065,0,heuristic_v5b,solved,1,238.471274,70.685633,3.373688,0.0078,,
u_mand_factor\set65\u_mand_factor_0.1.py,u_mand_factor,65,u_mand_factor,0.1,2,8,5,0.1,0.5,0.7,0.6,0.2,0.9,70.840013,80,25,18.400003,101.200018,8.573335,1,0,1065,0,heuristic_v7,solved,1,238.471274,70.685633,3.373688,0.1283,,
u_mand_factor\set65\u_mand_factor_0.2.py,u_mand_factor,65,u_mand_factor,0.2,2,8,5,0.2,0.5,0.7,0.6,0.4,0.8,77.28,80,25,36.800002,110.4,17.146668,1,0,1065,0,ilp_v2,optimal,1,176.94496,68.740226,2.574111,0.015,0.0,
u_mand_factor\set65\u_mand_factor_0.2.py,u_mand_factor,65,u_mand_factor,0.2,2,8,5,0.2,0.5,0.7,0.6,0.4,0.8,77.28,80,25,36.800002,110.4,17.146668,1,0,1065,0,heuristic_v5b,solved,1,176.94496,77.259434,2.29027,0.0089,,
u_mand_factor\set65\u_mand_factor_0.2.py,u_mand_factor,65,u_mand_factor,0.2,2,8,5,0.2,0.5,0.7,0.6,0.4,0.8,77.28,80,25,36.800002,110.4,17.146668,1,0,1065,0,heuristic_v7,solved,1,176.94496,77.259434,2.29027,0.256,,
u_mand_factor\set65\u_mand_factor_0.3.py,u_mand_factor,65,u_mand_factor,0.3,2,8,5,0.3,0.5,0.7,0.6,0.6,0.7,83.72,80,25,55.199997,119.6,25.719998,1,1,1065,0,ilp_v2,optimal,1,176.550848,80.038071,2.205836,0.015,0.0,
u_mand_factor\set65\u_mand_factor_0.3.py,u_mand_factor,65,u_mand_factor,0.3,2,8,5,0.3,0.5,0.7,0.6,0.6,0.7,83.72,80,25,55.199997,119.6,25.719998,1,1,1065,0,heuristic_v5b,solved,1,176.550848,83.595429,2.111968,0.0075,,
u_mand_factor\set65\u_mand_factor_0.3.py,u_mand_factor,65,u_mand_factor,0.3,2,8,5,0.3,0.5,0.7,0.6,0.6,0.7,83.72,80,25,55.199997,119.6,25.719998,1,1,1065,0,heuristic_v7,solved,1,176.550848,83.595429,2.111968,0.1209,,
u_mand_factor\set65\u_mand_factor_0.4.py,u_mand_factor,65,u_mand_factor,0.4,2,8,5,0.4,0.5,0.7,0.6,0.8,0.6,90.160002,80,25,73.600003,128.800002,34.293335,1,1,1065,0,ilp_v2,optimal,1,158.480766,89.947516,1.761925,0.0147,0.0,
u_mand_factor\set65\u_mand_factor_0.4.py,u_mand_factor,65,u_mand_factor,0.4,2,8,5,0.4,0.5,0.7,0.6,0.8,0.6,90.160002,80,25,73.600003,128.800002,34.293335,1,1,1065,0,heuristic_v5b,solved,1,151.676585,89.527332,1.694193,0.009,,
u_mand_factor\set65\u_mand_factor_0.4.py,u_mand_factor,65,u_mand_factor,0.4,2,8,5,0.4,0.5,0.7,0.6,0.8,0.6,90.160002,80,25,73.600003,128.800002,34.293335,1,1,1065,0,heuristic_v7,solved,1,158.480766,89.247378,1.775747,0.392,,
u_mand_factor\set65\u_mand_factor_0.5.py,u_mand_factor,65,u_mand_factor,0.5,2,8,5,0.5,0.5,0.7,0.6,1.0,0.5,96.600006,80,25,91.999999,138.000008,42.866666,1,1,1065,0,ilp_v2,optimal,1,131.985529,96.597051,1.366352,1.7835,9.6e-05,
u_mand_factor\set65\u_mand_factor_0.5.py,u_mand_factor,65,u_mand_factor,0.5,2,8,5,0.5,0.5,0.7,0.6,1.0,0.5,96.600006,80,25,91.999999,138.000008,42.866666,1,1,1065,0,heuristic_v5b,solved,1,130.133163,96.547791,1.347863,0.0241,,
u_mand_factor\set65\u_mand_factor_0.5.py,u_mand_factor,65,u_mand_factor,0.5,2,8,5,0.5,0.5,0.7,0.6,1.0,0.5,96.600006,80,25,91.999999,138.000008,42.866666,1,1,1065,0,heuristic_v7,solved,1,132.952319,96.588843,1.376477,0.1981,,
u_mand_factor\set65\u_mand_factor_0.6.py,u_mand_factor,65,u_mand_factor,0.6,2,8,5,0.6,0.5,0.7,0.6,1.2,0.4,103.040002,80,25,110.400006,147.200003,51.440003,1,1,1065,0,ilp_v2,optimal,1,95.669195,103.031509,0.928543,0.1693,0.0,
u_mand_factor\set65\u_mand_factor_0.6.py,u_mand_factor,65,u_mand_factor,0.6,2,8,5,0.6,0.5,0.7,0.6,1.2,0.4,103.040002,80,25,110.400006,147.200003,51.440003,1,1,1065,0,heuristic_v5b,solved,1,83.120664,102.868726,0.808027,0.0093,,
u_mand_factor\set65\u_mand_factor_0.6.py,u_mand_factor,65,u_mand_factor,0.6,2,8,5,0.6,0.5,0.7,0.6,1.2,0.4,103.040002,80,25,110.400006,147.200003,51.440003,1,1,1065,0,heuristic_v7,solved,1,98.660099,103.025564,0.957627,0.25,,
u_mand_factor\set65\u_mand_factor_0.7.py,u_mand_factor,65,u_mand_factor,0.7,2,8,5,0.7,0.5,0.7,0.6,1.4,0.3,109.480001,80,25,128.800005,156.400001,60.013335,1,1,1065,0,ilp_v2,optimal,1,52.833437,109.46446,0.482654,0.4088,0.0,
u_mand_factor\set65\u_mand_factor_0.7.py,u_mand_factor,65,u_mand_factor,0.7,2,8,5,0.7,0.5,0.7,0.6,1.4,0.3,109.480001,80,25,128.800005,156.400001,60.013335,1,1,1065,0,heuristic_v5b,solved,1,52.845632,109.478241,0.482704,0.0183,,
u_mand_factor\set65\u_mand_factor_0.7.py,u_mand_factor,65,u_mand_factor,0.7,2,8,5,0.7,0.5,0.7,0.6,1.4,0.3,109.480001,80,25,128.800005,156.400001,60.013335,1,1,1065,0,heuristic_v7,solved,1,52.845632,109.478241,0.482704,0.4051,,
u_mand_factor\set65\u_mand_factor_0.8.py,u_mand_factor,65,u_mand_factor,0.8,2,8,5,0.8,0.5,0.7,0.6,1.6,0.2,115.920006,80,25,147.199994,165.600008,68.586664,1,1,1065,0,ilp_v2,optimal,1,7.970034,115.857926,0.068791,0.5534,0.0,
u_mand_factor\set65\u_mand_factor_0.8.py,u_mand_factor,65,u_mand_factor,0.8,2,8,5,0.8,0.5,0.7,0.6,1.6,0.2,115.920006,80,25,147.199994,165.600008,68.586664,1,1,1065,0,heuristic_v5b,solved,1,5.676167,115.905179,0.048973,0.0144,,
u_mand_factor\set65\u_mand_factor_0.8.py,u_mand_factor,65,u_mand_factor,0.8,2,8,5,0.8,0.5,0.7,0.6,1.6,0.2,115.920006,80,25,147.199994,165.600008,68.586664,1,1,1065,0,heuristic_v7,solved,1,12.463384,115.919561,0.107518,0.4066,,
u_mand_factor\set65\u_mand_factor_0.9.py,u_mand_factor,65,u_mand_factor,0.9,2,8,5,0.9,0.5,0.7,0.6,1.8,0.1,122.36,80,25,165.600002,174.8,77.160001,1,1,1065,0,ilp_v2,infeasible,0,,,,0.0171,,
u_mand_factor\set65\u_mand_factor_0.9.py,u_mand_factor,65,u_mand_factor,0.9,2,8,5,0.9,0.5,0.7,0.6,1.8,0.1,122.36,80,25,165.600002,174.8,77.160001,1,1,1065,0,heuristic_v5b,infeasible,0,,147.271988,,0.0269,,over budget: E=147.2720 > B=122.3600
u_mand_factor\set65\u_mand_factor_0.9.py,u_mand_factor,65,u_mand_factor,0.9,2,8,5,0.9,0.5,0.7,0.6,1.8,0.1,122.36,80,25,165.600002,174.8,77.160001,1,1,1065,0,heuristic_v7,infeasible,0,,145.74654,,0.2141,,over budget: E=145.7465 > B=122.3600
u_mand_factor\set66\u_mand_factor_0.1.py,u_mand_factor,66,u_mand_factor,0.1,2,8,5,0.1,0.5,0.7,0.6,0.2,0.9,70.840003,80,30,18.4,101.200005,10.452308,1,0,1066,0,ilp_v2,optimal,1,188.599246,57.487695,3.280689,0.0097,0.0,
u_mand_factor\set66\u_mand_factor_0.1.py,u_mand_factor,66,u_mand_factor,0.1,2,8,5,0.1,0.5,0.7,0.6,0.2,0.9,70.840003,80,30,18.4,101.200005,10.452308,1,0,1066,0,heuristic_v5b,solved,1,188.599246,70.1964,2.686737,0.0103,,
u_mand_factor\set66\u_mand_factor_0.1.py,u_mand_factor,66,u_mand_factor,0.1,2,8,5,0.1,0.5,0.7,0.6,0.2,0.9,70.840003,80,30,18.4,101.200005,10.452308,1,0,1066,0,heuristic_v7,solved,1,188.599246,70.1964,2.686737,0.1194,,
u_mand_factor\set66\u_mand_factor_0.2.py,u_mand_factor,66,u_mand_factor,0.2,2,8,5,0.2,0.5,0.7,0.6,0.4,0.8,77.280002,80,30,36.8,110.400003,20.904615,1,0,1066,0,ilp_v2,optimal,1,184.610925,62.713848,2.943703,0.0098,0.0,
u_mand_factor\set66\u_mand_factor_0.2.py,u_mand_factor,66,u_mand_factor,0.2,2,8,5,0.2,0.5,0.7,0.6,0.4,0.8,77.280002,80,30,36.8,110.400003,20.904615,1,0,1066,0,heuristic_v5b,solved,1,184.610925,76.379842,2.417011,0.0111,,
u_mand_factor\set66\u_mand_factor_0.2.py,u_mand_factor,66,u_mand_factor,0.2,2,8,5,0.2,0.5,0.7,0.6,0.4,0.8,77.280002,80,30,36.8,110.400003,20.904615,1,0,1066,0,heuristic_v7,solved,1,184.610925,76.379842,2.417011,0.1545,,
u_mand_factor\set66\u_mand_factor_0.3.py,u_mand_factor,66,u_mand_factor,0.3,2,8,5,0.3,0.5,0.7,0.6,0.6,0.7,83.719999,80,30,55.199997,119.599999,31.356921,1,1,1066,0,ilp_v2,optimal,1,157.68446,71.610578,2.201972,0.0103,0.0,
u_mand_factor\set66\u_mand_factor_0.3.py,u_mand_factor,66,u_mand_factor,0.3,2,8,5,0.3,0.5,0.7,0.6,0.6,0.7,83.719999,80,30,55.199997,119.599999,31.356921,1,1,1066,0,heuristic_v5b,solved,1,157.68446,82.980706,1.900254,0.0095,,
u_mand_factor\set66\u_mand_factor_0.3.py,u_mand_factor,66,u_mand_factor,0.3,2,8,5,0.3,0.5,0.7,0.6,0.6,0.7,83.719999,80,30,55.199997,119.599999,31.356921,1,1,1066,0,heuristic_v7,solved,1,157.68446,82.980706,1.900254,0.1334,,
u_mand_factor\set66\u_mand_factor_0.4.py,u_mand_factor,66,u_mand_factor,0.4,2,8,5,0.4,0.5,0.7,0.6,0.8,0.6,90.159994,80,30,73.600001,128.799992,41.809231,1,1,1066,0,ilp_v2,optimal,1,131.796944,86.662328,1.52081,0.0184,0.0,
u_mand_factor\set66\u_mand_factor_0.4.py,u_mand_factor,66,u_mand_factor,0.4,2,8,5,0.4,0.5,0.7,0.6,0.8,0.6,90.159994,80,30,73.600001,128.799992,41.809231,1,1,1066,0,heuristic_v5b,solved,1,123.941769,89.58076,1.383576,0.0123,,
u_mand_factor\set66\u_mand_factor_0.4.py,u_mand_factor,66,u_mand_factor,0.4,2,8,5,0.4,0.5,0.7,0.6,0.8,0.6,90.159994,80,30,73.600001,128.799992,41.809231,1,1,1066,0,heuristic_v7,solved,1,131.796944,90.15756,1.461851,0.17,,
u_mand_factor\set66\u_mand_factor_0.5.py,u_mand_factor,66,u_mand_factor,0.5,2,8,5,0.5,0.5,0.7,0.6,1.0,0.5,96.599991,80,30,91.999997,137.999987,52.261537,1,1,1066,0,ilp_v2,optimal,1,106.146018,96.56851,1.099178,0.02,0.0,
u_mand_factor\set66\u_mand_factor_0.5.py,u_mand_factor,66,u_mand_factor,0.5,2,8,5,0.5,0.5,0.7,0.6,1.0,0.5,96.599991,80,30,91.999997,137.999987,52.261537,1,1,1066,0,heuristic_v5b,solved,1,94.902296,96.369292,0.984777,0.0114,,
u_mand_factor\set66\u_mand_factor_0.5.py,u_mand_factor,66,u_mand_factor,0.5,2,8,5,0.5,0.5,0.7,0.6,1.0,0.5,96.599991,80,30,91.999997,137.999987,52.261537,1,1,1066,0,heuristic_v7,solved,1,106.146018,96.414342,1.100936,0.0883,,
u_mand_factor\set66\u_mand_factor_0.6.py,u_mand_factor,66,u_mand_factor,0.6,2,8,5,0.6,0.5,0.7,0.6,1.2,0.4,103.040001,80,30,110.400006,147.200001,62.713849,1,1,1066,0,ilp_v2,optimal,1,75.133126,103.038788,0.729173,0.4701,6.7e-05,
u_mand_factor\set66\u_mand_factor_0.6.py,u_mand_factor,66,u_mand_factor,0.6,2,8,5,0.6,0.5,0.7,0.6,1.2,0.4,103.040001,80,30,110.400006,147.200001,62.713849,1,1,1066,0,heuristic_v5b,solved,1,69.638302,102.846994,0.677106,0.0189,,
u_mand_factor\set66\u_mand_factor_0.6.py,u_mand_factor,66,u_mand_factor,0.6,2,8,5,0.6,0.5,0.7,0.6,1.2,0.4,103.040001,80,30,110.400006,147.200001,62.713849,1,1,1066,0,heuristic_v7,solved,1,70.092451,102.645378,0.68286,0.224,,
u_mand_factor\set66\u_mand_factor_0.7.py,u_mand_factor,66,u_mand_factor,0.7,2,8,5,0.7,0.5,0.7,0.6,1.4,0.3,109.480006,80,30,128.799997,156.400009,73.166152,1,1,1066,0,ilp_v2,optimal,1,43.121161,109.479073,0.393876,1.2955,0.0,
u_mand_factor\set66\u_mand_factor_0.7.py,u_mand_factor,66,u_mand_factor,0.7,2,8,5,0.7,0.5,0.7,0.6,1.4,0.3,109.480006,80,30,128.799997,156.400009,73.166152,1,1,1066,0,heuristic_v5b,solved,1,33.523699,109.11518,0.307232,0.0272,,
u_mand_factor\set66\u_mand_factor_0.7.py,u_mand_factor,66,u_mand_factor,0.7,2,8,5,0.7,0.5,0.7,0.6,1.4,0.3,109.480006,80,30,128.799997,156.400009,73.166152,1,1,1066,0,heuristic_v7,solved,1,42.694948,109.476018,0.389994,0.3051,,
u_mand_factor\set66\u_mand_factor_0.8.py,u_mand_factor,66,u_mand_factor,0.8,2,8,5,0.8,0.5,0.7,0.6,1.6,0.2,115.920005,80,30,147.200005,165.600007,83.618464,1,1,1066,0,ilp_v2,optimal,1,12.147944,115.915347,0.1048,0.3366,2.8e-05,
u_mand_factor\set66\u_mand_factor_0.8.py,u_mand_factor,66,u_mand_factor,0.8,2,8,5,0.8,0.5,0.7,0.6,1.6,0.2,115.920005,80,30,147.200005,165.600007,83.618464,1,1,1066,0,heuristic_v5b,solved,1,8.288849,115.87171,0.071535,0.0492,,
u_mand_factor\set66\u_mand_factor_0.8.py,u_mand_factor,66,u_mand_factor,0.8,2,8,5,0.8,0.5,0.7,0.6,1.6,0.2,115.920005,80,30,147.200005,165.600007,83.618464,1,1,1066,0,heuristic_v7,solved,1,12.069343,115.915699,0.104122,0.434,,
u_mand_factor\set66\u_mand_factor_0.9.py,u_mand_factor,66,u_mand_factor,0.9,2,8,5,0.9,0.5,0.7,0.6,1.8,0.1,122.36,80,30,165.599999,174.8,94.070769,1,1,1066,0,ilp_v2,infeasible,0,,,,0.0149,,
u_mand_factor\set66\u_mand_factor_0.9.py,u_mand_factor,66,u_mand_factor,0.9,2,8,5,0.9,0.5,0.7,0.6,1.8,0.1,122.36,80,30,165.599999,174.8,94.070769,1,1,1066,0,heuristic_v5b,infeasible,0,,144.334433,,0.0321,,over budget: E=144.3344 > B=122.3600
u_mand_factor\set66\u_mand_factor_0.9.py,u_mand_factor,66,u_mand_factor,0.9,2,8,5,0.9,0.5,0.7,0.6,1.8,0.1,122.36,80,30,165.599999,174.8,94.070769,1,1,1066,0,heuristic_v7,infeasible,0,,141.883563,,0.2813,,over budget: E=141.8836 > B=122.3600
u_mand_factor\set67\u_mand_factor_0.1.py,u_mand_factor,67,u_mand_factor,0.1,2,8,5,0.1,0.5,0.7,0.6,0.2,0.9,70.839999,80,23,18.399998,101.199999,8.559999,1,0,1067,0,ilp_v2,optimal,1,168.789895,70.695787,2.387552,0.0121,0.0,
u_mand_factor\set67\u_mand_factor_0.1.py,u_mand_factor,67,u_mand_factor,0.1,2,8,5,0.1,0.5,0.7,0.6,0.2,0.9,70.839999,80,23,18.399998,101.199999,8.559999,1,0,1067,0,heuristic_v5b,solved,1,168.789895,68.339007,2.469891,0.0047,,
u_mand_factor\set67\u_mand_factor_0.1.py,u_mand_factor,67,u_mand_factor,0.1,2,8,5,0.1,0.5,0.7,0.6,0.2,0.9,70.839999,80,23,18.399998,101.199999,8.559999,1,0,1067,0,heuristic_v7,solved,1,168.789895,69.699206,2.42169,0.0476,,
u_mand_factor\set67\u_mand_factor_0.2.py,u_mand_factor,67,u_mand_factor,0.2,2,8,5,0.2,0.5,0.7,0.6,0.4,0.8,77.280003,80,23,36.800001,110.400005,17.120001,1,0,1067,0,ilp_v2,optimal,1,152.512459,68.313522,2.232537,0.0121,0.0,
u_mand_factor\set67\u_mand_factor_0.2.py,u_mand_factor,67,u_mand_factor,0.2,2,8,5,0.2,0.5,0.7,0.6,0.4,0.8,77.280003,80,23,36.800001,110.400005,17.120001,1,0,1067,0,heuristic_v5b,solved,1,152.512459,75.102387,2.030727,0.0052,,
u_mand_factor\set67\u_mand_factor_0.2.py,u_mand_factor,67,u_mand_factor,0.2,2,8,5,0.2,0.5,0.7,0.6,0.4,0.8,77.280003,80,23,36.800001,110.400005,17.120001,1,0,1067,0,heuristic_v7,solved,1,165.724968,77.264907,2.144893,0.0462,,
u_mand_factor\set67\u_mand_factor_0.3.py,u_mand_factor,67,u_mand_factor,0.3,2,8,5,0.3,0.5,0.7,0.6,0.6,0.7,83.720006,80,23,55.199999,119.600009,25.679999,1,1,1067,0,ilp_v2,optimal,1,116.267675,83.310207,1.395599,0.0106,0.0,
u_mand_factor\set67\u_mand_factor_0.3.py,u_mand_factor,67,u_mand_factor,0.3,2,8,5,0.3,0.5,0.7,0.6,0.6,0.7,83.720006,80,23,55.199999,119.600009,25.679999,1,1,1067,0,heuristic_v5b,solved,1,116.267675,83.115029,1.398877,0.0045,,
u_mand_factor\set67\u_mand_factor_0.3.py,u_mand_factor,67,u_mand_factor,0.3,2,8,5,0.3,0.5,0.7,0.6,0.6,0.7,83.720006,80,23,55.199999,119.600009,25.679999,1,1,1067,0,heuristic_v7,solved,1,124.030895,83.540973,1.484671,0.0639,,
u_mand_factor\set67\u_mand_factor_0.4.py,u_mand_factor,67,u_mand_factor,0.4,2,8,5,0.4,0.5,0.7,0.6,0.8,0.6,90.16,80,23,73.599998,128.8,34.239999,1,1,1067,0,ilp_v2,optimal,1,80.407573,89.978193,0.893634,0.0576,0.0,
u_mand_factor\set67\u_mand_factor_0.4.py,u_mand_factor,67,u_mand_factor,0.4,2,8,5,0.4,0.5,0.7,0.6,0.8,0.6,90.16,80,23,73.599998,128.8,34.239999,1,1,1067,0,heuristic_v5b,solved,1,87.805466,89.014457,0.986418,0.0045,,
u_mand_factor\set67\u_mand_factor_0.4.py,u_mand_factor,67,u_mand_factor,0.4,2,8,5,0.4,0.5,0.7,0.6,0.8,0.6,90.16,80,23,73.599998,128.8,34.239999,1,1,1067,0,heuristic_v7,solved,1,87.805466,89.014457,0.986418,0.0514,,
u_mand_factor\set67\u_mand_factor_0.5.py,u_mand_factor,67,u_mand_factor,0.5,2,8,5,0.5,0.5,0.7,0.6,1.0,0.5,96.600001,80,23,92.0,138.000001,42.8,1,1,1067,0,ilp_v2,optimal,1,57.70105,92.741186,0.622173,0.0114,0.0,
u_mand_factor\set67\u_mand_factor_0.5.py,u_mand_factor,67,u_mand_factor,0.5,2,8,5,0.5,0.5,0.7,0.6,1.0,0.5,96.600001,80,23,92.0,138.000001,42.8,1,1,1067,0,heuristic_v5b,solved,1,47.818104,96.266363,0.496727,0.0078,,
u_mand_factor\set67\u_mand_factor_0.5.py,u_mand_factor,67,u_mand_factor,0.5,2,8,5,0.5,0.5,0.7,0.6,1.0,0.5,96.600001,80,23,92.0,138.000001,42.8,1,1,1067,0,heuristic_v7,solved,1,68.658091,92.309126,0.743784,0.0516,,
u_mand_factor\set67\u_mand_factor_0.6.py,u_mand_factor,67,u_mand_factor,0.6,2,8,5,0.6,0.5,0.7,0.6,1.2,0.4,103.040001,80,23,110.399999,147.200001,51.359999,1,1,1067,0,ilp_v2,optimal,1,38.218654,102.462868,0.373,0.0955,0.0,
u_mand_factor\set67\u_mand_factor_0.6.py,u_mand_factor,67,u_mand_factor,0.6,2,8,5,0.6,0.5,0.7,0.6,1.2,0.4,103.040001,80,23,110.399999,147.200001,51.359999,1,1,1067,0,heuristic_v5b,solved,1,35.865405,102.118703,0.351213,0.0058,,
u_mand_factor\set67\u_mand_factor_0.6.py,u_mand_factor,67,u_mand_factor,0.6,2,8,5,0.6,0.5,0.7,0.6,1.2,0.4,103.040001,80,23,110.399999,147.200001,51.359999,1,1,1067,0,heuristic_v7,solved,1,48.03164,102.80033,0.467232,0.0491,,
u_mand_factor\set67\u_mand_factor_0.7.py,u_mand_factor,67,u_mand_factor,0.7,2,8,5,0.7,0.5,0.7,0.6,1.4,0.3,109.480006,80,23,128.800005,156.400009,59.920002,1,1,1067,0,ilp_v2,optimal,1,31.03222,109.479542,0.283452,0.291,0.0,
u_mand_factor\set67\u_mand_factor_0.7.py,u_mand_factor,67,u_mand_factor,0.7,2,8,5,0.7,0.5,0.7,0.6,1.4,0.3,109.480006,80,23,128.800005,156.400009,59.920002,1,1,1067,0,heuristic_v5b,solved,1,26.50075,109.2832,0.242496,0.01,,
u_mand_factor\set67\u_mand_factor_0.7.py,u_mand_factor,67,u_mand_factor,0.7,2,8,5,0.7,0.5,0.7,0.6,1.4,0.3,109.480006,80,23,128.800005,156.400009,59.920002,1,1,1067,0,heuristic_v7,solved,1,29.124198,109.346538,0.266348,0.1501,,
u_mand_factor\set67\u_mand_factor_0.8.py,u_mand_factor,67,u_mand_factor,0.8,2,8,5,0.8,0.5,0.7,0.6,1.6,0.2,115.919997,80,23,147.2,165.599995,68.48,1,1,1067,0,ilp_v2,infeasible,0,,,,0.0107,,
u_mand_factor\set67\u_mand_factor_0.8.py,u_mand_factor,67,u_mand_factor,0.8,2,8,5,0.8,0.5,0.7,0.6,1.6,0.2,115.919997,80,23,147.2,165.599995,68.48,1,1,1067,0,heuristic_v5b,infeasible,0,,123.132115,,0.0147,,over budget: E=123.1321 > B=115.9200
u_mand_factor\set67\u_mand_factor_0.8.py,u_mand_factor,67,u_mand_factor,0.8,2,8,5,0.8,0.5,0.7,0.6,1.6,0.2,115.919997,80,23,147.2,165.599995,68.48,1,1,1067,0,heuristic_v7,infeasible,0,,121.456556,,0.1098,,over budget: E=121.4566 > B=115.9200
u_mand_factor\set67\u_mand_factor_0.9.py,u_mand_factor,67,u_mand_factor,0.9,2,8,5,0.9,0.5,0.7,0.6,1.8,0.1,122.359996,80,23,165.599993,174.799994,77.039997,1,1,1067,0,ilp_v2,infeasible,0,,,,0.0179,,
u_mand_factor\set67\u_mand_factor_0.9.py,u_mand_factor,67,u_mand_factor,0.9,2,8,5,0.9,0.5,0.7,0.6,1.8,0.1,122.359996,80,23,165.599993,174.799994,77.039997,1,1,1067,0,heuristic_v5b,infeasible,0,,,,0.0,,
u_mand_factor\set67\u_mand_factor_0.9.py,u_mand_factor,67,u_mand_factor,0.9,2,8,5,0.9,0.5,0.7,0.6,1.8,0.1,122.359996,80,23,165.599993,174.799994,77.039997,1,1,1067,0,heuristic_v7,infeasible,0,,,,0.0,,
u_mand_factor\set68\u_mand_factor_0.1.py,u_mand_factor,68,u_mand_factor,0.1,2,8,5,0.1,0.5,0.7,0.6,0.2,0.9,70.840008,80,30,18.400001,101.200011,8.573334,1,0,1068,0,ilp_v2,optimal,1,199.432817,70.231162,2.839663,0.0174,0.0,
u_mand_factor\set68\u_mand_factor_0.1.py,u_mand_factor,68,u_mand_factor,0.1,2,8,5,0.1,0.5,0.7,0.6,0.2,0.9,70.840008,80,30,18.400001,101.200011,8.573334,1,0,1068,0,heuristic_v5b,solved,1,199.432817,67.326688,2.962166,0.0096,,
u_mand_factor\set68\u_mand_factor_0.1.py,u_mand_factor,68,u_mand_factor,0.1,2,8,5,0.1,0.5,0.7,0.6,0.2,0.9,70.840008,80,30,18.400001,101.200011,8.573334,1,0,1068,0,heuristic_v7,solved,1,199.432817,67.326688,2.962166,0.2026,,
u_mand_factor\set68\u_mand_factor_0.2.py,u_mand_factor,68,u_mand_factor,0.2,2,8,5,0.2,0.5,0.7,0.6,0.4,0.8,77.27999,80,30,36.79999,110.399986,17.146662,1,0,1068,0,ilp_v2,optimal,1,155.743828,77.166095,2.018294,0.0964,0.0,
u_mand_factor\set68\u_mand_factor_0.2.py,u_mand_factor,68,u_mand_factor,0.2,2,8,5,0.2,0.5,0.7,0.6,0.4,0.8,77.27999,80,30,36.79999,110.399986,17.146662,1,0,1068,0,heuristic_v5b,solved,1,160.525033,76.605819,2.095468,0.0094,,
u_mand_factor\set68\u_mand_factor_0.2.py,u_mand_factor,68,u_mand_factor,0.2,2,8,5,0.2,0.5,0.7,0.6,0.4,0.8,77.27999,80,30,36.79999,110.399986,17.146662,1,0,1068,0,heuristic_v7,solved,1,162.148291,72.821719,2.226647,0.157,,
u_mand_factor\set68\u_mand_factor_0.3.py,u_mand_factor,68,u_mand_factor,0.3,2,8,5,0.3,0.5,0.7,0.6,0.6,0.7,83.720006,80,30,55.2,119.600008,25.72,1,1,1068,0,ilp_v2,optimal,1,118.437519,83.689126,1.415208,0.071,0.0,
u_mand_factor\set68\u_mand_factor_0.3.py,u_mand_factor,68,u_mand_factor,0.3,2,8,5,0.3,0.5,0.7,0.6,0.6,0.7,83.720006,80,30,55.2,119.600008,25.72,1,1,1068,0,heuristic_v5b,solved,1,122.813641,82.01535,1.497447,0.0137,,
u_mand_factor\set68\u_mand_factor_0.3.py,u_mand_factor,68,u_mand_factor,0.3,2,8,5,0.3,0.5,0.7,0.6,0.6,0.7,83.720006,80,30,55.2,119.600008,25.72,1,1,1068,0,heuristic_v7,solved,1,129.598473,83.629588,1.549673,0.1816,,
u_mand_factor\set68\u_mand_factor_0.4.py,u_mand_factor,68,u_mand_factor,0.4,2,8,5,0.4,0.5,0.7,0.6,0.8,0.6,90.159997,80,30,73.599999,128.799995,34.293333,1,1,1068,0,ilp_v2,optimal,1,110.403056,90.147513,1.224693,0.0814,0.0,
u_mand_factor\set68\u_mand_factor_0.4.py,u_mand_factor,68,u_mand_factor,0.4,2,8,5,0.4,0.5,0.7,0.6,0.8,0.6,90.159997,80,30,73.599999,128.799995,34.293333,1,1,1068,0,heuristic_v5b,solved,1,116.150001,86.991936,1.335181,0.0178,,
u_mand_factor\set68\u_mand_factor_0.4.py,u_mand_factor,68,u_mand_factor,0.4,2,8,5,0.4,0.5,0.7,0.6,0.8,0.6,90.159997,80,30,73.599999,128.799995,34.293333,1,1,1068,0,heuristic_v7,solved,1,121.509148,90.14474,1.347934,0.2274,,
u_mand_factor\set68\u_mand_factor_0.5.py,u_mand_factor,68,u_mand_factor,0.5,2,8,5,0.5,0.5,0.7,0.6,1.0,0.5,96.59999,80,30,92.000006,137.999986,42.866669,1,1,1068,0,ilp_v2,optimal,1,94.075981,96.12247,0.97871,0.0245,0.0,
u_mand_factor\set68\u_mand_factor_0.5.py,u_mand_factor,68,u_mand_factor,0.5,2,8,5,0.5,0.5,0.7,0.6,1.0,0.5,96.59999,80,30,92.000006,137.999986,42.866669,1,1,1068,0,heuristic_v5b,solved,1,97.579395,96.404072,1.012192,0.0183,,
u_mand_factor\set68\u_mand_factor_0.5.py,u_mand_factor,68,u_mand_factor,0.5,2,8,5,0.5,0.5,0.7,0.6,1.0,0.5,96.59999,80,30,92.000006,137.999986,42.866669,1,1,1068,0,heuristic_v7,solved,1,98.85819,96.259621,1.026995,0.3051,,
u_mand_factor\set68\u_mand_factor_0.6.py,u_mand_factor,68,u_mand_factor,0.6,2,8,5,0.6,0.5,0.7,0.6,1.2,0.4,103.040003,80,30,110.399997,147.200005,51.439998,1,1,1068,0,ilp_v2,optimal,1,91.883866,103.03913,0.891738,0.2994,5.3e-05,
u_mand_factor\set68\u_mand_factor_0.6.py,u_mand_factor,68,u_mand_factor,0.6,2,8,5,0.6,0.5,0.7,0.6,1.2,0.4,103.040003,80,30,110.399997,147.200005,51.439998,1,1,1068,0,heuristic_v5b,solved,1,57.569244,102.912331,0.559401,0.0348,,
u_mand_factor\set68\u_mand_factor_0.6.py,u_mand_factor,68,u_mand_factor,0.6,2,8,5,0.6,0.5,0.7,0.6,1.2,0.4,103.040003,80,30,110.399997,147.200005,51.439998,1,1,1068,0,heuristic_v7,solved,1,79.861779,102.885285,0.776222,0.2519,,
u_mand_factor\set68\u_mand_factor_0.7.py,u_mand_factor,68,u_mand_factor,0.7,2,8,5,0.7,0.5,0.7,0.6,1.4,0.3,109.480002,80,30,128.800005,156.400003,60.013335,1,1,1068,0,ilp_v2,optimal,1,56.297964,109.479946,0.514231,1.327,7.2e-05,
u_mand_factor\set68\u_mand_factor_0.7.py,u_mand_factor,68,u_mand_factor,0.7,2,8,5,0.7,0.5,0.7,0.6,1.4,0.3,109.480002,80,30,128.800005,156.400003,60.013335,1,1,1068,0,heuristic_v5b,solved,1,44.673638,109.426311,0.408253,0.0435,,
u_mand_factor\set68\u_mand_factor_0.7.py,u_mand_factor,68,u_mand_factor,0.7,2,8,5,0.7,0.5,0.7,0.6,1.4,0.3,109.480002,80,30,128.800005,156.400003,60.013335,1,1,1068,0,heuristic_v7,solved,1,45.006642,107.483308,0.418731,0.3926,,
u_mand_factor\set68\u_mand_factor_0.8.py,u_mand_factor,68,u_mand_factor,0.8,2,8,5,0.8,0.5,0.7,0.6,1.6,0.2,115.92,80,30,147.200001,165.6,68.586667,1,1,1068,0,ilp_v2,infeasible,0,,,,0.0109,,
u_mand_factor\set68\u_mand_factor_0.8.py,u_mand_factor,68,u_mand_factor,0.8,2,8,5,0.8,0.5,0.7,0.6,1.6,0.2,115.92,80,30,147.200001,165.6,68.586667,1,1,1068,0,heuristic_v5b,infeasible,0,,116.51871,,0.0305,,over budget: E=116.5187 > B=115.9200
u_mand_factor\set68\u_mand_factor_0.8.py,u_mand_factor,68,u_mand_factor,0.8,2,8,5,0.8,0.5,0.7,0.6,1.6,0.2,115.92,80,30,147.200001,165.6,68.586667,1,1,1068,0,heuristic_v7,solved,1,1.729436,115.908721,0.014921,1.003,,
u_mand_factor\set68\u_mand_factor_0.9.py,u_mand_factor,68,u_mand_factor,0.9,2,8,5,0.9,0.5,0.7,0.6,1.8,0.1,122.360003,80,30,165.600003,174.800005,77.160002,1,1,1068,0,ilp_v2,infeasible,0,,,,0.018,,
u_mand_factor\set68\u_mand_factor_0.9.py,u_mand_factor,68,u_mand_factor,0.9,2,8,5,0.9,0.5,0.7,0.6,1.8,0.1,122.360003,80,30,165.600003,174.800005,77.160002,1,1,1068,0,heuristic_v5b,infeasible,0,,149.443988,,0.0459,,over budget: E=149.4440 > B=122.3600
u_mand_factor\set68\u_mand_factor_0.9.py,u_mand_factor,68,u_mand_factor,0.9,2,8,5,0.9,0.5,0.7,0.6,1.8,0.1,122.360003,80,30,165.600003,174.800005,77.160002,1,1,1068,0,heuristic_v7,infeasible,0,,149.488436,,0.2778,,over budget: E=149.4884 > B=122.3600
u_mand_factor\set69\u_mand_factor_0.1.py,u_mand_factor,69,u_mand_factor,0.1,2,8,5,0.1,0.5,0.7,0.6,0.2,0.9,70.839994,80,36,18.399999,101.199991,8.559999,1,0,1069,0,ilp_v2,optimal,1,249.44857,57.22803,4.358853,0.0213,0.0,
u_mand_factor\set69\u_mand_factor_0.1.py,u_mand_factor,69,u_mand_factor,0.1,2,8,5,0.1,0.5,0.7,0.6,0.2,0.9,70.839994,80,36,18.399999,101.199991,8.559999,1,0,1069,0,heuristic_v5b,solved,1,249.44857,67.099994,3.717565,0.0171,,
u_mand_factor\set69\u_mand_factor_0.1.py,u_mand_factor,69,u_mand_factor,0.1,2,8,5,0.1,0.5,0.7,0.6,0.2,0.9,70.839994,80,36,18.399999,101.199991,8.559999,1,0,1069,0,heuristic_v7,solved,1,249.44857,67.099994,3.717565,0.2778,,
u_mand_factor\set69\u_mand_factor_0.2.py,u_mand_factor,69,u_mand_factor,0.2,2,8,5,0.2,0.5,0.7,0.6,0.4,0.8,77.280013,80,36,36.800008,110.400018,17.120004,1,0,1069,0,ilp_v2,optimal,1,197.907196,73.45076,2.69442,0.0186,0.0,
u_mand_factor\set69\u_mand_factor_0.2.py,u_mand_factor,69,u_mand_factor,0.2,2,8,5,0.2,0.5,0.7,0.6,0.4,0.8,77.280013,80,36,36.800008,110.400018,17.120004,1,0,1069,0,heuristic_v5b,solved,1,197.907196,73.982085,2.675069,0.0099,,
u_mand_factor\set69\u_mand_factor_0.2.py,u_mand_factor,69,u_mand_factor,0.2,2,8,5,0.2,0.5,0.7,0.6,0.4,0.8,77.280013,80,36,36.800008,110.400018,17.120004,1,0,1069,0,heuristic_v7,solved,1,197.907196,73.200012,2.70365,0.1076,,
u_mand_factor\set69\u_mand_factor_0.3.py,u_mand_factor,69,u_mand_factor,0.3,2,8,5,0.3,0.5,0.7,0.6,0.6,0.7,83.720006,80,36,55.200007,119.600008,25.680003,1,1,1069,0,ilp_v2,optimal,1,191.97925,83.279088,2.305252,0.0193,0.0,
u_mand_factor\set69\u_mand_factor_0.3.py,u_mand_factor,69,u_mand_factor,0.3,2,8,5,0.3,0.5,0.7,0.6,0.6,0.7,83.720006,80,36,55.200007,119.600008,25.680003,1,1,1069,0,heuristic_v5b,solved,1,191.97925,79.300005,2.420924,0.0105,,
u_mand_factor\set69\u_mand_factor_0.3.py,u_mand_factor,69,u_mand_factor,0.3,2,8,5,0.3,0.5,0.7,0.6,0.6,0.7,83.720006,80,36,55.200007,119.600008,25.680003,1,1,1069,0,heuristic_v7,solved,1,191.97925,79.300005,2.420924,0.453,,
u_mand_factor\set69\u_mand_factor_0.4.py,u_mand_factor,69,u_mand_factor,0.4,2,8,5,0.4,0.5,0.7,0.6,0.8,0.6,90.160001,80,36,73.599998,128.800001,34.239999,1,1,1069,0,ilp_v2,optimal,1,168.505272,90.130638,1.869567,0.0249,0.0,
u_mand_factor\set69\u_mand_factor_0.4.py,u_mand_factor,69,u_mand_factor,0.4,2,8,5,0.4,0.5,0.7,0.6,0.8,0.6,90.160001,80,36,73.599998,128.800001,34.239999,1,1,1069,0,heuristic_v5b,solved,1,168.505272,87.944983,1.916031,0.0114,,
u_mand_factor\set69\u_mand_factor_0.4.py,u_mand_factor,69,u_mand_factor,0.4,2,8,5,0.4,0.5,0.7,0.6,0.8,0.6,90.160001,80,36,73.599998,128.800001,34.239999,1,1,1069,0,heuristic_v7,solved,1,168.505272,87.944983,1.916031,0.1747,,
u_mand_factor\set69\u_mand_factor_0.5.py,u_mand_factor,69,u_mand_factor,0.5,2,8,5,0.5,0.5,0.7,0.6,1.0,0.5,96.600001,80,36,92.000001,138.000001,42.800001,1,1,1069,0,ilp_v2,optimal,1,137.295501,96.534801,1.422238,0.0337,0.0,
u_mand_factor\set69\u_mand_factor_0.5.py,u_mand_factor,69,u_mand_factor,0.5,2,8,5,0.5,0.5,0.7,0.6,1.0,0.5,96.600001,80,36,92.000001,138.000001,42.800001,1,1,1069,0,heuristic_v5b,solved,1,137.295501,96.587032,1.421469,0.023,,
u_mand_factor\set69\u_mand_factor_0.5.py,u_mand_factor,69,u_mand_factor,0.5,2,8,5,0.5,0.5,0.7,0.6,1.0,0.5,96.600001,80,36,92.000001,138.000001,42.800001,1,1,1069,0,heuristic_v7,solved,1,140.473058,95.332956,1.473499,0.3496,,
u_mand_factor\set69\u_mand_factor_0.6.py,u_mand_factor,69,u_mand_factor,0.6,2,8,5,0.6,0.5,0.7,0.6,1.2,0.4,103.039996,80,36,110.400001,147.199994,51.360001,1,1,1069,0,ilp_v2,optimal,1,99.08577,103.006039,0.961941,0.1598,0.0,
u_mand_factor\set69\u_mand_factor_0.6.py,u_mand_factor,69,u_mand_factor,0.6,2,8,5,0.6,0.5,0.7,0.6,1.2,0.4,103.039996,80,36,110.400001,147.199994,51.360001,1,1,1069,0,heuristic_v5b,solved,1,91.985959,102.622115,0.896356,0.0616,,
u_mand_factor\set69\u_mand_factor_0.6.py,u_mand_factor,69,u_mand_factor,0.6,2,8,5,0.6,0.5,0.7,0.6,1.2,0.4,103.039996,80,36,110.400001,147.199994,51.360001,1,1,1069,0,heuristic_v7,solved,1,105.475264,102.685895,1.027164,0.887,,
u_mand_factor\set69\u_mand_factor_0.7.py,u_mand_factor,69,u_mand_factor,0.7,2,8,5,0.7,0.5,0.7,0.6,1.4,0.3,109.480001,80,36,128.800009,156.400001,59.920004,1,1,1069,0,ilp_v2,optimal,1,41.947687,109.473678,0.383176,0.0866,0.0,
u_mand_factor\set69\u_mand_factor_0.7.py,u_mand_factor,69,u_mand_factor,0.7,2,8,5,0.7,0.5,0.7,0.6,1.4,0.3,109.480001,80,36,128.800009,156.400001,59.920004,1,1,1069,0,heuristic_v5b,solved,1,40.827605,109.307316,0.373512,0.0419,,
u_mand_factor\set69\u_mand_factor_0.7.py,u_mand_factor,69,u_mand_factor,0.7,2,8,5,0.7,0.5,0.7,0.6,1.4,0.3,109.480001,80,36,128.800009,156.400001,59.920004,1,1,1069,0,heuristic_v7,solved,1,60.645397,109.374427,0.554475,1.0141,,
u_mand_factor\set69\u_mand_factor_0.8.py,u_mand_factor,69,u_mand_factor,0.8,2,8,5,0.8,0.5,0.7,0.6,1.6,0.2,115.919997,80,36,147.199993,165.599995,68.479997,1,1,1069,0,ilp_v2,infeasible,0,,,,0.021,,
u_mand_factor\set69\u_mand_factor_0.8.py,u_mand_factor,69,u_mand_factor,0.8,2,8,5,0.8,0.5,0.7,0.6,1.6,0.2,115.919997,80,36,147.199993,165.599995,68.479997,1,1,1069,0,heuristic_v5b,infeasible,0,,119.848573,,0.0407,,over budget: E=119.8486 > B=115.9200
u_mand_factor\set69\u_mand_factor_0.8.py,u_mand_factor,69,u_mand_factor,0.8,2,8,5,0.8,0.5,0.7,0.6,1.6,0.2,115.919997,80,36,147.199993,165.599995,68.479997,1,1,1069,0,heuristic_v7,solved,1,11.422892,115.904276,0.098555,0.4489,,
u_mand_factor\set69\u_mand_factor_0.9.py,u_mand_factor,69,u_mand_factor,0.9,2,8,5,0.9,0.5,0.7,0.6,1.8,0.1,122.360002,80,36,165.59999,174.800003,77.039995,1,1,1069,0,ilp_v2,infeasible,0,,,,0.0346,,
u_mand_factor\set69\u_mand_factor_0.9.py,u_mand_factor,69,u_mand_factor,0.9,2,8,5,0.9,0.5,0.7,0.6,1.8,0.1,122.360002,80,36,165.59999,174.800003,77.039995,1,1,1069,0,heuristic_v5b,infeasible,0,,,,0.0,,
u_mand_factor\set69\u_mand_factor_0.9.py,u_mand_factor,69,u_mand_factor,0.9,2,8,5,0.9,0.5,0.7,0.6,1.8,0.1,122.360002,80,36,165.59999,174.800003,77.039995,1,1,1069,0,heuristic_v7,infeasible,0,,,,0.0,,
u_mand_factor\set70\u_mand_factor_0.1.py,u_mand_factor,70,u_mand_factor,0.1,2,8,5,0.1,0.5,0.7,0.6,0.2,0.9,70.840001,80,32,18.399998,101.200001,8.817142,1,0,1070,0,ilp_v2,optimal,1,258.619248,69.707407,3.710068,0.0217,0.0,
u_mand_factor\set70\u_mand_factor_0.1.py,u_mand_factor,70,u_mand_factor,0.1,2,8,5,0.1,0.5,0.7,0.6,0.2,0.9,70.840001,80,32,18.399998,101.200001,8.817142,1,0,1070,0,heuristic_v5b,solved,1,258.619248,67.475126,3.832809,0.0095,,
u_mand_factor\set70\u_mand_factor_0.1.py,u_mand_factor,70,u_mand_factor,0.1,2,8,5,0.1,0.5,0.7,0.6,0.2,0.9,70.840001,80,32,18.399998,101.200001,8.817142,1,0,1070,0,heuristic_v7,solved,1,258.619248,67.475126,3.832809,0.1993,,
u_mand_factor\set70\u_mand_factor_0.2.py,u_mand_factor,70,u_mand_factor,0.2,2,8,5,0.2,0.5,0.7,0.6,0.4,0.8,77.279998,80,32,36.800001,110.399998,17.634286,1,0,1070,0,ilp_v2,optimal,1,222.252499,77.264561,2.876513,0.0274,0.0,
u_mand_factor\set70\u_mand_factor_0.2.py,u_mand_factor,70,u_mand_factor,0.2,2,8,5,0.2,0.5,0.7,0.6,0.4,0.8,77.279998,80,32,36.800001,110.399998,17.634286,1,0,1070,0,heuristic_v5b,solved,1,221.181646,76.857499,2.877815,0.0136,,
u_mand_factor\set70\u_mand_factor_0.2.py,u_mand_factor,70,u_mand_factor,0.2,2,8,5,0.2,0.5,0.7,0.6,0.4,0.8,77.279998,80,32,36.800001,110.399998,17.634286,1,0,1070,0,heuristic_v7,solved,1,222.252499,76.353781,2.910825,0.2304,,
u_mand_factor\set70\u_mand_factor_0.3.py,u_mand_factor,70,u_mand_factor,0.3,2,8,5,0.3,0.5,0.7,0.6,0.6,0.7,83.720001,80,32,55.199999,119.600001,26.451428,1,1,1070,0,ilp_v2,optimal,1,200.278747,83.656065,2.394073,0.0634,0.0,
u_mand_factor\set70\u_mand_factor_0.3.py,u_mand_factor,70,u_mand_factor,0.3,2,8,5,0.3,0.5,0.7,0.6,0.6,0.7,83.720001,80,32,55.199999,119.600001,26.451428,1,1,1070,0,heuristic_v5b,solved,1,197.93448,83.641025,2.366476,0.037,,
u_mand_factor\set70\u_mand_factor_0.3.py,u_mand_factor,70,u_mand_factor,0.3,2,8,5,0.3,0.5,0.7,0.6,0.6,0.7,83.720001,80,32,55.199999,119.600001,26.451428,1,1,1070,0,heuristic_v7,solved,1,201.473862,83.012221,2.427039,0.2815,,
u_mand_factor\set70\u_mand_factor_0.4.py,u_mand_factor,70,u_mand_factor,0.4,2,8,5,0.4,0.5,0.7,0.6,0.8,0.6,90.159998,80,32,73.599995,128.799997,35.268569,1,1,1070,0,ilp_v2,optimal,1,168.05691,90.153616,1.864117,0.0549,5.1e-05,
u_mand_factor\set70\u_mand_factor_0.4.py,u_mand_factor,70,u_mand_factor,0.4,2,8,5,0.4,0.5,0.7,0.6,0.8,0.6,90.159998,80,32,73.599995,128.799997,35.268569,1,1,1070,0,heuristic_v5b,solved,1,157.727792,90.128739,1.750028,0.0251,,
u_mand_factor\set70\u_mand_factor_0.4.py,u_mand_factor,70,u_mand_factor,0.4,2,8,5,0.4,0.5,0.7,0.6,0.8,0.6,90.159998,80,32,73.599995,128.799997,35.268569,1,1,1070,0,heuristic_v7,solved,1,176.135906,88.311049,1.994495,0.2851,,
u_mand_factor\set70\u_mand_factor_0.5.py,u_mand_factor,70,u_mand_factor,0.5,2,8,5,0.5,0.5,0.7,0.6,1.0,0.5,96.599998,80,32,91.999994,137.999998,44.085712,1,1,1070,0,ilp_v2,optimal,1,128.266443,96.598161,1.327835,0.1264,4.9e-05,
u_mand_factor\set70\u_mand_factor_0.5.py,u_mand_factor,70,u_mand_factor,0.5,2,8,5,0.5,0.5,0.7,0.6,1.0,0.5,96.599998,80,32,91.999994,137.999998,44.085712,1,1,1070,0,heuristic_v5b,solved,1,128.891347,96.357423,1.337638,0.0231,,
u_mand_factor\set70\u_mand_factor_0.5.py,u_mand_factor,70,u_mand_factor,0.5,2,8,5,0.5,0.5,0.7,0.6,1.0,0.5,96.599998,80,32,91.999994,137.999998,44.085712,1,1,1070,0,heuristic_v7,solved,1,143.667616,96.596385,1.487298,0.3302,,
u_mand_factor\set70\u_mand_factor_0.6.py,u_mand_factor,70,u_mand_factor,0.6,2,8,5,0.6,0.5,0.7,0.6,1.2,0.4,103.040001,80,32,110.400005,147.200001,52.902859,1,1,1070,0,ilp_v2,optimal,1,82.992001,103.038848,0.805444,0.2156,9.9e-05,
u_mand_factor\set70\u_mand_factor_0.6.py,u_mand_factor,70,u_mand_factor,0.6,2,8,5,0.6,0.5,0.7,0.6,1.2,0.4,103.040001,80,32,110.400005,147.200001,52.902859,1,1,1070,0,heuristic_v5b,solved,1,58.189073,102.655284,0.56684,0.0161,,
u_mand_factor\set70\u_mand_factor_0.6.py,u_mand_factor,70,u_mand_factor,0.6,2,8,5,0.6,0.5,0.7,0.6,1.2,0.4,103.040001,80,32,110.400005,147.200001,52.902859,1,1,1070,0,heuristic_v7,solved,1,98.846788,103.039838,0.959307,0.3943,,
u_mand_factor\set70\u_mand_factor_0.7.py,u_mand_factor,70,u_mand_factor,0.7,2,8,5,0.7,0.5,0.7,0.6,1.4,0.3,109.479996,80,32,128.800005,156.399994,61.720002,1,1,1070,0,ilp_v2,optimal,1,27.995664,109.475877,0.255724,0.3398,0.0,
u_mand_factor\set70\u_mand_factor_0.7.py,u_mand_factor,70,u_mand_factor,0.7,2,8,5,0.7,0.5,0.7,0.6,1.4,0.3,109.479996,80,32,128.800005,156.399994,61.720002,1,1,1070,0,heuristic_v5b,solved,1,18.262142,108.835417,0.167796,0.0217,,
u_mand_factor\set70\u_mand_factor_0.7.py,u_mand_factor,70,u_mand_factor,0.7,2,8,5,0.7,0.5,0.7,0.6,1.4,0.3,109.479996,80,32,128.800005,156.399994,61.720002,1,1,1070,0,heuristic_v7,solved,1,37.46263,109.473911,0.342206,0.2816,,
u_mand_factor\set70\u_mand_factor_0.8.py,u_mand_factor,70,u_mand_factor,0.8,2,8,5,0.8,0.5,0.7,0.6,1.6,0.2,115.920004,80,32,147.200002,165.600006,70.537144,1,1,1070,0,ilp_v2,infeasible,0,,,,0.013,,
u_mand_factor\set70\u_mand_factor_0.8.py,u_mand_factor,70,u_mand_factor,0.8,2,8,5,0.8,0.5,0.7,0.6,1.6,0.2,115.920004,80,32,147.200002,165.600006,70.537144,1,1,1070,0,heuristic_v5b,infeasible,0,,124.171277,,0.0535,,over budget: E=124.1713 > B=115.9200
u_mand_factor\set70\u_mand_factor_0.8.py,u_mand_factor,70,u_mand_factor,0.8,2,8,5,0.8,0.5,0.7,0.6,1.6,0.2,115.920004,80,32,147.200002,165.600006,70.537144,1,1,1070,0,heuristic_v7,infeasible,0,,126.189427,,0.4167,,over budget: E=126.1894 > B=115.9200
u_mand_factor\set70\u_mand_factor_0.9.py,u_mand_factor,70,u_mand_factor,0.9,2,8,5,0.9,0.5,0.7,0.6,1.8,0.1,122.36,80,32,165.599994,174.8,79.354283,1,1,1070,0,ilp_v2,infeasible,0,,,,0.0311,,
u_mand_factor\set70\u_mand_factor_0.9.py,u_mand_factor,70,u_mand_factor,0.9,2,8,5,0.9,0.5,0.7,0.6,1.8,0.1,122.36,80,32,165.599994,174.8,79.354283,1,1,1070,0,heuristic_v5b,infeasible,0,,,,0.0,,
u_mand_factor\set70\u_mand_factor_0.9.py,u_mand_factor,70,u_mand_factor,0.9,2,8,5,0.9,0.5,0.7,0.6,1.8,0.1,122.36,80,32,165.599994,174.8,79.354283,1,1,1070,0,heuristic_v7,infeasible,0,,,,0.0,,
u_mand_factor\set71\u_mand_factor_0.1.py,u_mand_factor,71,u_mand_factor,0.1,2,8,5,0.1,0.5,0.7,0.6,0.2,0.9,70.83999,80,36,18.399992,101.199986,8.817139,1,0,1071,0,ilp_v2,optimal,1,168.448489,60.295709,2.793706,0.0313,0.0,
u_mand_factor\set71\u_mand_factor_0.1.py,u_mand_factor,71,u_mand_factor,0.1,2,8,5,0.1,0.5,0.7,0.6,0.2,0.9,70.83999,80,36,18.399992,101.199986,8.817139,1,0,1071,0,heuristic_v5b,solved,1,168.448489,70.433142,2.391608,0.017,,
u_mand_factor\set71\u_mand_factor_0.1.py,u_mand_factor,71,u_mand_factor,0.1,2,8,5,0.1,0.5,0.7,0.6,0.2,0.9,70.83999,80,36,18.399992,101.199986,8.817139,1,0,1071,0,heuristic_v7,solved,1,168.448489,70.433142,2.391608,0.2423,,
u_mand_factor\set71\u_mand_factor_0.2.py,u_mand_factor,71,u_mand_factor,0.2,2,8,5,0.2,0.5,0.7,0.6,0.4,0.8,77.280002,80,36,36.800006,110.400003,17.634288,1,0,1071,0,ilp_v2,optimal,1,170.770242,77.050197,2.21635,0.0312,0.0,
u_mand_factor\set71\u_mand_factor_0.2.py,u_mand_factor,71,u_mand_factor,0.2,2,8,5,0.2,0.5,0.7,0.6,0.4,0.8,77.280002,80,36,36.800006,110.400003,17.634288,1,0,1071,0,heuristic_v5b,solved,1,170.770242,76.922227,2.220038,0.0153,,
u_mand_factor\set71\u_mand_factor_0.2.py,u_mand_factor,71,u_mand_factor,0.2,2,8,5,0.2,0.5,0.7,0.6,0.4,0.8,77.280002,80,36,36.800006,110.400003,17.634288,1,0,1071,0,heuristic_v7,solved,1,170.770242,76.922227,2.220038,0.3075,,
u_mand_factor\set71\u_mand_factor_0.3.py,u_mand_factor,71,u_mand_factor,0.3,2,8,5,0.3,0.5,0.7,0.6,0.6,0.7,83.719994,80,36,55.199997,119.599991,26.451427,1,1,1071,0,ilp_v2,optimal,1,135.506018,77.113866,1.75722,0.0315,0.0,
u_mand_factor\set71\u_mand_factor_0.3.py,u_mand_factor,71,u_mand_factor,0.3,2,8,5,0.3,0.5,0.7,0.6,0.6,0.7,83.719994,80,36,55.199997,119.599991,26.451427,1,1,1071,0,heuristic_v5b,solved,1,135.506018,83.330252,1.626132,0.0191,,
u_mand_factor\set71\u_mand_factor_0.3.py,u_mand_factor,71,u_mand_factor,0.3,2,8,5,0.3,0.5,0.7,0.6,0.6,0.7,83.719994,80,36,55.199997,119.599991,26.451427,1,1,1071,0,heuristic_v7,solved,1,135.506018,83.330252,1.626132,0.2509,,
u_mand_factor\set71\u_mand_factor_0.4.py,u_mand_factor,71,u_mand_factor,0.4,2,8,5,0.4,0.5,0.7,0.6,0.8,0.6,90.159996,80,36,73.600001,128.799994,35.268572,1,1,1071,0,ilp_v2,optimal,1,107.769403,90.012242,1.197275,0.0298,0.0,
u_mand_factor\set71\u_mand_factor_0.4.py,u_mand_factor,71,u_mand_factor,0.4,2,8,5,0.4,0.5,0.7,0.6,0.8,0.6,90.159996,80,36,73.600001,128.799994,35.268572,1,1,1071,0,heuristic_v5b,solved,1,107.769403,89.929925,1.198371,0.0208,,
u_mand_factor\set71\u_mand_factor_0.4.py,u_mand_factor,71,u_mand_factor,0.4,2,8,5,0.4,0.5,0.7,0.6,0.8,0.6,90.159996,80,36,73.600001,128.799994,35.268572,1,1,1071,0,heuristic_v7,solved,1,107.769403,89.929925,1.198371,0.2628,,
u_mand_factor\set71\u_mand_factor_0.5.py,u_mand_factor,71,u_mand_factor,0.5,2,8,5,0.5,0.5,0.7,0.6,1.0,0.5,96.600005,80,36,91.999993,138.000007,44.085711,1,1,1071,0,ilp_v2,optimal,1,87.639555,96.576518,0.907462,0.2528,0.0,
u_mand_factor\set71\u_mand_factor_0.5.py,u_mand_factor,71,u_mand_factor,0.5,2,8,5,0.5,0.5,0.7,0.6,1.0,0.5,96.600005,80,36,91.999993,138.000007,44.085711,1,1,1071,0,heuristic_v5b,solved,1,83.833266,96.501751,0.868723,0.0384,,
u_mand_factor\set71\u_mand_factor_0.5.py,u_mand_factor,71,u_mand_factor,0.5,2,8,5,0.5,0.5,0.7,0.6,1.0,0.5,96.600005,80,36,91.999993,138.000007,44.085711,1,1,1071,0,heuristic_v7,solved,1,87.406254,96.470187,0.906044,0.4781,,
u_mand_factor\set71\u_mand_factor_0.6.py,u_mand_factor,71,u_mand_factor,0.6,2,8,5,0.6,0.5,0.7,0.6,1.2,0.4,103.040002,80,36,110.400005,147.200002,52.902859,1,1,1071,0,ilp_v2,optimal,1,62.846218,103.013698,0.610076,0.5034,5e-06,
u_mand_factor\set71\u_mand_factor_0.6.py,u_mand_factor,71,u_mand_factor,0.6,2,8,5,0.6,0.5,0.7,0.6,1.2,0.4,103.040002,80,36,110.400005,147.200002,52.902859,1,1,1071,0,heuristic_v5b,solved,1,61.348125,102.98497,0.5957,0.0366,,
u_mand_factor\set71\u_mand_factor_0.6.py,u_mand_factor,71,u_mand_factor,0.6,2,8,5,0.6,0.5,0.7,0.6,1.2,0.4,103.040002,80,36,110.400005,147.200002,52.902859,1,1,1071,0,heuristic_v7,solved,1,63.857039,103.037652,0.619745,0.643,,
u_mand_factor\set71\u_mand_factor_0.7.py,u_mand_factor,71,u_mand_factor,0.7,2,8,5,0.7,0.5,0.7,0.6,1.4,0.3,109.479993,80,36,128.799994,156.39999,61.719997,1,1,1071,0,ilp_v2,optimal,1,34.516433,109.476006,0.315288,0.4385,0.0,
u_mand_factor\set71\u_mand_factor_0.7.py,u_mand_factor,71,u_mand_factor,0.7,2,8,5,0.7,0.5,0.7,0.6,1.4,0.3,109.479993,80,36,128.799994,156.39999,61.719997,1,1,1071,0,heuristic_v5b,solved,1,35.370554,109.464543,0.323123,0.0486,,
u_mand_factor\set71\u_mand_factor_0.7.py,u_mand_factor,71,u_mand_factor,0.7,2,8,5,0.7,0.5,0.7,0.6,1.4,0.3,109.479993,80,36,128.799994,156.39999,61.719997,1,1,1071,0,heuristic_v7,solved,1,37.518181,109.369584,0.34304,0.7834,,
u_mand_factor\set71\u_mand_factor_0.8.py,u_mand_factor,71,u_mand_factor,0.8,2,8,5,0.8,0.5,0.7,0.6,1.6,0.2,115.920001,80,36,147.199992,165.600001,70.537139,1,1,1071,0,ilp_v2,optimal,1,3.712493,115.915428,0.032028,0.6982,0.0,
u_mand_factor\set71\u_mand_factor_0.8.py,u_mand_factor,71,u_mand_factor,0.8,2,8,5,0.8,0.5,0.7,0.6,1.6,0.2,115.920001,80,36,147.199992,165.600001,70.537139,1,1,1071,0,heuristic_v5b,infeasible,0,,120.781769,,0.0768,,over budget: E=120.7818 > B=115.9200
u_mand_factor\set71\u_mand_factor_0.8.py,u_mand_factor,71,u_mand_factor,0.8,2,8,5,0.8,0.5,0.7,0.6,1.6,0.2,115.920001,80,36,147.199992,165.600001,70.537139,1,1,1071,0,heuristic_v7,solved,1,8.871617,115.915733,0.076535,0.9485,,
u_mand_factor\set71\u_mand_factor_0.9.py,u_mand_factor,71,u_mand_factor,0.9,2,8,5,0.9,0.5,0.7,0.6,1.8,0.1,122.360012,80,36,165.600003,174.800017,79.354287,1,1,1071,0,ilp_v2,infeasible,0,,,,0.0363,,
u_mand_factor\set71\u_mand_factor_0.9.py,u_mand_factor,71,u_mand_factor,0.9,2,8,5,0.9,0.5,0.7,0.6,1.8,0.1,122.360012,80,36,165.600003,174.800017,79.354287,1,1,1071,0,heuristic_v5b,infeasible,0,,,,0.0,,
u_mand_factor\set71\u_mand_factor_0.9.py,u_mand_factor,71,u_mand_factor,0.9,2,8,5,0.9,0.5,0.7,0.6,1.8,0.1,122.360012,80,36,165.600003,174.800017,79.354287,1,1,1071,0,heuristic_v7,infeasible,0,,,,0.0,,
u_mand_factor\set72\u_mand_factor_0.1.py,u_mand_factor,72,u_mand_factor,0.1,2,8,5,0.1,0.5,0.7,0.6,0.2,0.9,70.839993,80,30,18.399997,101.19999,9.439998,1,0,1072,0,ilp_v2,optimal,1,204.096627,65.420582,3.119762,0.0222,0.0,
u_mand_factor\set72\u_mand_factor_0.1.py,u_mand_factor,72,u_mand_factor,0.1,2,8,5,0.1,0.5,0.7,0.6,0.2,0.9,70.839993,80,30,18.399997,101.19999,9.439998,1,0,1072,0,heuristic_v5b,solved,1,204.096627,70.433169,2.897735,0.0129,,
u_mand_factor\set72\u_mand_factor_0.1.py,u_mand_factor,72,u_mand_factor,0.1,2,8,5,0.1,0.5,0.7,0.6,0.2,0.9,70.839993,80,30,18.399997,101.19999,9.439998,1,0,1072,0,heuristic_v7,solved,1,204.096627,70.433169,2.897735,0.1878,,
u_mand_factor\set72\u_mand_factor_0.2.py,u_mand_factor,72,u_mand_factor,0.2,2,8,5,0.2,0.5,0.7,0.6,0.4,0.8,77.28,80,30,36.800005,110.4,18.880002,1,0,1072,0,ilp_v2,optimal,1,189.000101,74.527453,2.53598,0.0182,0.0,
u_mand_factor\set72\u_mand_factor_0.2.py,u_mand_factor,72,u_mand_factor,0.2,2,8,5,0.2,0.5,0.7,0.6,0.4,0.8,77.28,80,30,36.800005,110.4,18.880002,1,0,1072,0,heuristic_v5b,solved,1,189.000101,76.242734,2.478926,0.0112,,
u_mand_factor\set72\u_mand_factor_0.2.py,u_mand_factor,72,u_mand_factor,0.2,2,8,5,0.2,0.5,0.7,0.6,0.4,0.8,77.28,80,30,36.800005,110.4,18.880002,1,0,1072,0,heuristic_v7,solved,1,189.000101,76.242734,2.478926,0.1857,,
u_mand_factor\set72\u_mand_factor_0.3.py,u_mand_factor,72,u_mand_factor,0.3,2,8,5,0.3,0.5,0.7,0.6,0.6,0.7,83.720005,80,30,55.199999,119.600007,28.319999,1,1,1072,0,ilp_v2,optimal,1,161.20634,75.683669,2.130002,0.0223,0.0,
u_mand_factor\set72\u_mand_factor_0.3.py,u_mand_factor,72,u_mand_factor,0.3,2,8,5,0.3,0.5,0.7,0.6,0.6,0.7,83.720005,80,30,55.199999,119.600007,28.319999,1,1,1072,0,heuristic_v5b,solved,1,159.484482,83.717642,1.905028,0.0148,,
u_mand_factor\set72\u_mand_factor_0.3.py,u_mand_factor,72,u_mand_factor,0.3,2,8,5,0.3,0.5,0.7,0.6,0.6,0.7,83.720005,80,30,55.199999,119.600007,28.319999,1,1,1072,0,heuristic_v7,solved,1,161.20634,83.49514,1.930727,0.2165,,
u_mand_factor\set72\u_mand_factor_0.4.py,u_mand_factor,72,u_mand_factor,0.4,2,8,5,0.4,0.5,0.7,0.6,0.8,0.6,90.159994,80,30,73.599995,128.799991,37.759998,1,1,1072,0,ilp_v2,optimal,1,136.345486,90.151018,1.512412,0.0309,0.0,
u_mand_factor\set72\u_mand_factor_0.4.py,u_mand_factor,72,u_mand_factor,0.4,2,8,5,0.4,0.5,0.7,0.6,0.8,0.6,90.159994,80,30,73.599995,128.799991,37.759998,1,1,1072,0,heuristic_v5b,solved,1,130.285262,90.10458,1.445934,0.0275,,
u_mand_factor\set72\u_mand_factor_0.4.py,u_mand_factor,72,u_mand_factor,0.4,2,8,5,0.4,0.5,0.7,0.6,0.8,0.6,90.159994,80,30,73.599995,128.799991,37.759998,1,1,1072,0,heuristic_v7,solved,1,136.345486,90.152238,1.512392,0.1592,,
u_mand_factor\set72\u_mand_factor_0.5.py,u_mand_factor,72,u_mand_factor,0.5,2,8,5,0.5,0.5,0.7,0.6,1.0,0.5,96.600001,80,30,92.000006,138.000001,47.200003,1,1,1072,0,ilp_v2,optimal,1,110.702012,96.573572,1.146297,0.9717,0.0,
u_mand_factor\set72\u_mand_factor_0.5.py,u_mand_factor,72,u_mand_factor,0.5,2,8,5,0.5,0.5,0.7,0.6,1.0,0.5,96.600001,80,30,92.000006,138.000001,47.200003,1,1,1072,0,heuristic_v5b,solved,1,98.469516,96.524769,1.020148,0.0267,,
u_mand_factor\set72\u_mand_factor_0.5.py,u_mand_factor,72,u_mand_factor,0.5,2,8,5,0.5,0.5,0.7,0.6,1.0,0.5,96.600001,80,30,92.000006,138.000001,47.200003,1,1,1072,0,heuristic_v7,solved,1,110.56164,96.423629,1.146624,0.2456,,
u_mand_factor\set72\u_mand_factor_0.6.py,u_mand_factor,72,u_mand_factor,0.6,2,8,5,0.6,0.5,0.7,0.6,1.2,0.4,103.039998,80,30,110.4,147.199997,56.64,1,1,1072,0,ilp_v2,optimal,1,82.871961,103.033728,0.804319,1.7045,0.0,
u_mand_factor\set72\u_mand_factor_0.6.py,u_mand_factor,72,u_mand_factor,0.6,2,8,5,0.6,0.5,0.7,0.6,1.2,0.4,103.039998,80,30,110.4,147.199997,56.64,1,1,1072,0,heuristic_v5b,solved,1,58.986396,102.97623,0.572816,0.0366,,
u_mand_factor\set72\u_mand_factor_0.6.py,u_mand_factor,72,u_mand_factor,0.6,2,8,5,0.6,0.5,0.7,0.6,1.2,0.4,103.039998,80,30,110.4,147.199997,56.64,1,1,1072,0,heuristic_v7,solved,1,79.566764,103.024751,0.772307,0.4112,,
u_mand_factor\set72\u_mand_factor_0.7.py,u_mand_factor,72,u_mand_factor,0.7,2,8,5,0.7,0.5,0.7,0.6,1.4,0.3,109.479995,80,30,128.799997,156.399993,66.079998,1,1,1072,0,ilp_v2,optimal,1,49.00893,109.466548,0.447707,0.7316,0.0,
u_mand_factor\set72\u_mand_factor_0.7.py,u_mand_factor,72,u_mand_factor,0.7,2,8,5,0.7,0.5,0.7,0.6,1.4,0.3,109.479995,80,30,128.799997,156.399993,66.079998,1,1,1072,0,heuristic_v5b,solved,1,23.998145,109.463876,0.219233,0.0859,,
u_mand_factor\set72\u_mand_factor_0.7.py,u_mand_factor,72,u_mand_factor,0.7,2,8,5,0.7,0.5,0.7,0.6,1.4,0.3,109.479995,80,30,128.799997,156.399993,66.079998,1,1,1072,0,heuristic_v7,solved,1,43.584825,109.453884,0.398203,0.5341,,
u_mand_factor\set72\u_mand_factor_0.8.py,u_mand_factor,72,u_mand_factor,0.8,2,8,5,0.8,0.5,0.7,0.6,1.6,0.2,115.919998,80,30,147.199993,165.599997,75.519996,1,1,1072,0,ilp_v2,optimal,1,2.049384,115.915981,0.01768,0.178,0.0,
u_mand_factor\set72\u_mand_factor_0.8.py,u_mand_factor,72,u_mand_factor,0.8,2,8,5,0.8,0.5,0.7,0.6,1.6,0.2,115.919998,80,30,147.199993,165.599997,75.519996,1,1,1072,0,heuristic_v5b,infeasible,0,,127.187638,,0.0442,,over budget: E=127.1876 > B=115.9200
u_mand_factor\set72\u_mand_factor_0.8.py,u_mand_factor,72,u_mand_factor,0.8,2,8,5,0.8,0.5,0.7,0.6,1.6,0.2,115.919998,80,30,147.199993,165.599997,75.519996,1,1,1072,0,heuristic_v7,solved,1,2.370283,115.728916,0.020481,0.4848,,
u_mand_factor\set72\u_mand_factor_0.9.py,u_mand_factor,72,u_mand_factor,0.9,2,8,5,0.9,0.5,0.7,0.6,1.8,0.1,122.360002,80,30,165.600008,174.800002,84.960004,1,1,1072,0,ilp_v2,infeasible,0,,,,0.0285,,
u_mand_factor\set72\u_mand_factor_0.9.py,u_mand_factor,72,u_mand_factor,0.9,2,8,5,0.9,0.5,0.7,0.6,1.8,0.1,122.360002,80,30,165.600008,174.800002,84.960004,1,1,1072,0,heuristic_v5b,infeasible,0,,,,0.0,,
u_mand_factor\set72\u_mand_factor_0.9.py,u_mand_factor,72,u_mand_factor,0.9,2,8,5,0.9,0.5,0.7,0.6,1.8,0.1,122.360002,80,30,165.600008,174.800002,84.960004,1,1,1072,0,heuristic_v7,infeasible,0,,,,0.0,,
u_mand_factor\set73\u_mand_factor_0.1.py,u_mand_factor,73,u_mand_factor,0.1,2,8,5,0.1,0.5,0.7,0.6,0.2,0.9,70.839998,80,29,18.399992,101.199997,9.203632,1,0,1073,0,ilp_v2,optimal,1,236.533288,68.766322,3.439668,0.0126,0.0,
u_mand_factor\set73\u_mand_factor_0.1.py,u_mand_factor,73,u_mand_factor,0.1,2,8,5,0.1,0.5,0.7,0.6,0.2,0.9,70.839998,80,29,18.399992,101.199997,9.203632,1,0,1073,0,heuristic_v5b,solved,1,236.533288,69.855026,3.38606,0.0083,,
u_mand_factor\set73\u_mand_factor_0.1.py,u_mand_factor,73,u_mand_factor,0.1,2,8,5,0.1,0.5,0.7,0.6,0.2,0.9,70.839998,80,29,18.399992,101.199997,9.203632,1,0,1073,0,heuristic_v7,solved,1,236.533288,69.855026,3.38606,0.1154,,
u_mand_factor\set73\u_mand_factor_0.2.py,u_mand_factor,73,u_mand_factor,0.2,2,8,5,0.2,0.5,0.7,0.6,0.4,0.8,77.280002,80,29,36.800006,110.400003,18.407276,1,0,1073,0,ilp_v2,optimal,1,241.12137,76.168523,3.16563,0.0142,0.0,
u_mand_factor\set73\u_mand_factor_0.2.py,u_mand_factor,73,u_mand_factor,0.2,2,8,5,0.2,0.5,0.7,0.6,0.4,0.8,77.280002,80,29,36.800006,110.400003,18.407276,1,0,1073,0,heuristic_v5b,solved,1,241.12137,77.172946,3.124429,0.0111,,
u_mand_factor\set73\u_mand_factor_0.2.py,u_mand_factor,73,u_mand_factor,0.2,2,8,5,0.2,0.5,0.7,0.6,0.4,0.8,77.280002,80,29,36.800006,110.400003,18.407276,1,0,1073,0,heuristic_v7,solved,1,241.12137,77.172946,3.124429,0.1254,,
u_mand_factor\set73\u_mand_factor_0.3.py,u_mand_factor,73,u_mand_factor,0.3,2,8,5,0.3,0.5,0.7,0.6,0.6,0.7,83.720002,80,29,55.199997,119.600003,27.610907,1,1,1073,0,ilp_v2,optimal,1,193.416511,83.642005,2.312433,0.0325,5e-05,
u_mand_factor\set73\u_mand_factor_0.3.py,u_mand_factor,73,u_mand_factor,0.3,2,8,5,0.3,0.5,0.7,0.6,0.6,0.7,83.720002,80,29,55.199997,119.600003,27.610907,1,1,1073,0,heuristic_v5b,solved,1,194.626544,83.362472,2.334702,0.0084,,
u_mand_factor\set73\u_mand_factor_0.3.py,u_mand_factor,73,u_mand_factor,0.3,2,8,5,0.3,0.5,0.7,0.6,0.6,0.7,83.720002,80,29,55.199997,119.600003,27.610907,1,1,1073,0,heuristic_v7,solved,1,194.626544,83.362472,2.334702,0.1046,,
u_mand_factor\set73\u_mand_factor_0.4.py,u_mand_factor,73,u_mand_factor,0.4,2,8,5,0.4,0.5,0.7,0.6,0.8,0.6,90.160002,80,29,73.600006,128.800002,36.814548,1,1,1073,0,ilp_v2,optimal,1,144.107045,90.156641,1.598407,0.0357,3e-05,
u_mand_factor\set73\u_mand_factor_0.4.py,u_mand_factor,73,u_mand_factor,0.4,2,8,5,0.4,0.5,0.7,0.6,0.8,0.6,90.160002,80,29,73.600006,128.800002,36.814548,1,1,1073,0,heuristic_v5b,solved,1,153.840229,88.532246,1.737675,0.0078,,
u_mand_factor\set73\u_mand_factor_0.4.py,u_mand_factor,73,u_mand_factor,0.4,2,8,5,0.4,0.5,0.7,0.6,0.8,0.6,90.160002,80,29,73.600006,128.800002,36.814548,1,1,1073,0,heuristic_v7,solved,1,153.840229,88.532246,1.737675,0.1291,,
u_mand_factor\set73\u_mand_factor_0.5.py,u_mand_factor,73,u_mand_factor,0.5,2,8,5,0.5,0.5,0.7,0.6,1.0,0.5,96.600004,80,29,91.999997,138.000006,46.01818,1,1,1073,0,ilp_v2,optimal,1,110.256106,96.522416,1.142285,0.1913,0.0,
u_mand_factor\set73\u_mand_factor_0.5.py,u_mand_factor,73,u_mand_factor,0.5,2,8,5,0.5,0.5,0.7,0.6,1.0,0.5,96.600004,80,29,91.999997,138.000006,46.01818,1,1,1073,0,heuristic_v5b,solved,1,127.440409,96.275725,1.323702,0.012,,
u_mand_factor\set73\u_mand_factor_0.5.py,u_mand_factor,73,u_mand_factor,0.5,2,8,5,0.5,0.5,0.7,0.6,1.0,0.5,96.600004,80,29,91.999997,138.000006,46.01818,1,1,1073,0,heuristic_v7,solved,1,127.440409,96.275725,1.323702,0.0978,,
u_mand_factor\set73\u_mand_factor_0.6.py,u_mand_factor,73,u_mand_factor,0.6,2,8,5,0.6,0.5,0.7,0.6,1.2,0.4,103.039998,80,29,110.399998,147.199998,55.221817,1,1,1073,0,ilp_v2,optimal,1,70.591677,101.779794,0.693573,0.0183,0.0,
u_mand_factor\set73\u_mand_factor_0.6.py,u_mand_factor,73,u_mand_factor,0.6,2,8,5,0.6,0.5,0.7,0.6,1.2,0.4,103.039998,80,29,110.399998,147.199998,55.221817,1,1,1073,0,heuristic_v5b,solved,1,87.45278,103.033058,0.848784,0.0272,,
u_mand_factor\set73\u_mand_factor_0.6.py,u_mand_factor,73,u_mand_factor,0.6,2,8,5,0.6,0.5,0.7,0.6,1.2,0.4,103.039998,80,29,110.399998,147.199998,55.221817,1,1,1073,0,heuristic_v7,solved,1,87.45278,103.033058,0.848784,0.3898,,
u_mand_factor\set73\u_mand_factor_0.7.py,u_mand_factor,73,u_mand_factor,0.7,2,8,5,0.7,0.5,0.7,0.6,1.4,0.3,109.480005,80,29,128.800001,156.400007,64.425455,1,1,1073,0,ilp_v2,optimal,1,38.304909,109.469413,0.349914,0.0559,0.0,
u_mand_factor\set73\u_mand_factor_0.7.py,u_mand_factor,73,u_mand_factor,0.7,2,8,5,0.7,0.5,0.7,0.6,1.4,0.3,109.480005,80,29,128.800001,156.400007,64.425455,1,1,1073,0,heuristic_v5b,solved,1,53.420319,109.447063,0.488093,0.0123,,
u_mand_factor\set73\u_mand_factor_0.7.py,u_mand_factor,73,u_mand_factor,0.7,2,8,5,0.7,0.5,0.7,0.6,1.4,0.3,109.480005,80,29,128.800001,156.400007,64.425455,1,1,1073,0,heuristic_v7,solved,1,55.992989,109.335826,0.512119,0.2051,,
u_mand_factor\set73\u_mand_factor_0.8.py,u_mand_factor,73,u_mand_factor,0.8,2,8,5,0.8,0.5,0.7,0.6,1.6,0.2,115.919998,80,29,147.199994,165.599998,73.629088,1,1,1073,0,ilp_v2,optimal,1,21.881347,115.917125,0.188767,0.3495,6.5e-05,
u_mand_factor\set73\u_mand_factor_0.8.py,u_mand_factor,73,u_mand_factor,0.8,2,8,5,0.8,0.5,0.7,0.6,1.6,0.2,115.919998,80,29,147.199994,165.599998,73.629088,1,1,1073,0,heuristic_v5b,solved,1,14.785164,115.789601,0.12769,0.0469,,
u_mand_factor\set73\u_mand_factor_0.8.py,u_mand_factor,73,u_mand_factor,0.8,2,8,5,0.8,0.5,0.7,0.6,1.6,0.2,115.919998,80,29,147.199994,165.599998,73.629088,1,1,1073,0,heuristic_v7,solved,1,20.715589,115.851316,0.178812,0.5617,,
u_mand_factor\set73\u_mand_factor_0.9.py,u_mand_factor,73,u_mand_factor,0.9,2,8,5,0.9,0.5,0.7,0.6,1.8,0.1,122.360009,80,29,165.600007,174.800013,82.832731,1,1,1073,0,ilp_v2,infeasible,0,,,,0.0154,,
u_mand_factor\set73\u_mand_factor_0.9.py,u_mand_factor,73,u_mand_factor,0.9,2,8,5,0.9,0.5,0.7,0.6,1.8,0.1,122.360009,80,29,165.600007,174.800013,82.832731,1,1,1073,0,heuristic_v5b,infeasible,0,,144.368962,,0.0321,,over budget: E=144.3690 > B=122.3600
u_mand_factor\set73\u_mand_factor_0.9.py,u_mand_factor,73,u_mand_factor,0.9,2,8,5,0.9,0.5,0.7,0.6,1.8,0.1,122.360009,80,29,165.600007,174.800013,82.832731,1,1,1073,0,heuristic_v7,infeasible,0,,143.168845,,0.238,,over budget: E=143.1688 > B=122.3600
u_mand_factor\set74\u_mand_factor_0.1.py,u_mand_factor,74,u_mand_factor,0.1,2,8,5,0.1,0.5,0.7,0.6,0.2,0.9,70.839999,80,36,18.39999,101.199999,8.559995,1,0,1074,0,ilp_v2,optimal,1,170.880668,58.0915,2.941578,0.0162,0.0,
u_mand_factor\set74\u_mand_factor_0.1.py,u_mand_factor,74,u_mand_factor,0.1,2,8,5,0.1,0.5,0.7,0.6,0.2,0.9,70.839999,80,36,18.39999,101.199999,8.559995,1,0,1074,0,heuristic_v5b,solved,1,170.880668,70.775848,2.414392,0.014,,
u_mand_factor\set74\u_mand_factor_0.1.py,u_mand_factor,74,u_mand_factor,0.1,2,8,5,0.1,0.5,0.7,0.6,0.2,0.9,70.839999,80,36,18.39999,101.199999,8.559995,1,0,1074,0,heuristic_v7,solved,1,170.880668,70.775848,2.414392,0.2941,,
u_mand_factor\set74\u_mand_factor_0.2.py,u_mand_factor,74,u_mand_factor,0.2,2,8,5,0.2,0.5,0.7,0.6,0.4,0.8,77.279999,80,36,36.800001,110.399999,17.120001,1,0,1074,0,ilp_v2,optimal,1,140.643909,77.222553,1.82128,0.0177,0.0,
u_mand_factor\set74\u_mand_factor_0.2.py,u_mand_factor,74,u_mand_factor,0.2,2,8,5,0.2,0.5,0.7,0.6,0.4,0.8,77.279999,80,36,36.800001,110.399999,17.120001,1,0,1074,0,heuristic_v5b,solved,1,140.643909,77.145784,1.823093,0.013,,
u_mand_factor\set74\u_mand_factor_0.2.py,u_mand_factor,74,u_mand_factor,0.2,2,8,5,0.2,0.5,0.7,0.6,0.4,0.8,77.279999,80,36,36.800001,110.399999,17.120001,1,0,1074,0,heuristic_v7,solved,1,140.643909,77.145784,1.823093,0.1818,,
u_mand_factor\set74\u_mand_factor_0.3.py,u_mand_factor,74,u_mand_factor,0.3,2,8,5,0.3,0.5,0.7,0.6,0.6,0.7,83.720004,80,36,55.199997,119.600006,25.679998,1,1,1074,0,ilp_v2,optimal,1,133.833917,79.727585,1.67864,0.0179,0.0,
u_mand_factor\set74\u_mand_factor_0.3.py,u_mand_factor,74,u_mand_factor,0.3,2,8,5,0.3,0.5,0.7,0.6,0.6,0.7,83.720004,80,36,55.199997,119.600006,25.679998,1,1,1074,0,heuristic_v5b,solved,1,129.74517,83.677421,1.55054,0.016,,
u_mand_factor\set74\u_mand_factor_0.3.py,u_mand_factor,74,u_mand_factor,0.3,2,8,5,0.3,0.5,0.7,0.6,0.6,0.7,83.720004,80,36,55.199997,119.600006,25.679998,1,1,1074,0,heuristic_v7,solved,1,133.833917,83.397183,1.604777,0.2001,,
u_mand_factor\set74\u_mand_factor_0.4.py,u_mand_factor,74,u_mand_factor,0.4,2,8,5,0.4,0.5,0.7,0.6,0.8,0.6,90.159995,80,36,73.599999,128.799993,34.239999,1,1,1074,0,ilp_v2,optimal,1,118.88602,90.119785,1.3192,0.0225,0.0,
u_mand_factor\set74\u_mand_factor_0.4.py,u_mand_factor,74,u_mand_factor,0.4,2,8,5,0.4,0.5,0.7,0.6,0.8,0.6,90.159995,80,36,73.599999,128.799993,34.239999,1,1,1074,0,heuristic_v5b,solved,1,99.479495,86.311207,1.152568,0.009,,
u_mand_factor\set74\u_mand_factor_0.4.py,u_mand_factor,74,u_mand_factor,0.4,2,8,5,0.4,0.5,0.7,0.6,0.8,0.6,90.159995,80,36,73.599999,128.799993,34.239999,1,1,1074,0,heuristic_v7,solved,1,118.88602,86.55695,1.373501,0.2466,,
u_mand_factor\set74\u_mand_factor_0.5.py,u_mand_factor,74,u_mand_factor,0.5,2,8,5,0.5,0.5,0.7,0.6,1.0,0.5,96.599996,80,36,91.999998,137.999994,42.799999,1,1,1074,0,ilp_v2,optimal,1,99.071685,96.539236,1.026232,0.0365,0.0,
u_mand_factor\set74\u_mand_factor_0.5.py,u_mand_factor,74,u_mand_factor,0.5,2,8,5,0.5,0.5,0.7,0.6,1.0,0.5,96.599996,80,36,91.999998,137.999994,42.799999,1,1,1074,0,heuristic_v5b,solved,1,80.097253,96.285649,0.831871,0.0269,,
u_mand_factor\set74\u_mand_factor_0.5.py,u_mand_factor,74,u_mand_factor,0.5,2,8,5,0.5,0.5,0.7,0.6,1.0,0.5,96.599996,80,36,91.999998,137.999994,42.799999,1,1,1074,0,heuristic_v7,solved,1,99.071685,96.39189,1.027801,0.1264,,
u_mand_factor\set74\u_mand_factor_0.6.py,u_mand_factor,74,u_mand_factor,0.6,2,8,5,0.6,0.5,0.7,0.6,1.2,0.4,103.039985,80,36,110.399991,147.199978,51.359996,1,1,1074,0,ilp_v2,optimal,1,75.086281,103.037642,0.728727,0.3804,3.5e-05,
u_mand_factor\set74\u_mand_factor_0.6.py,u_mand_factor,74,u_mand_factor,0.6,2,8,5,0.6,0.5,0.7,0.6,1.2,0.4,103.039985,80,36,110.399991,147.199978,51.359996,1,1,1074,0,heuristic_v5b,solved,1,51.582568,102.509988,0.503196,0.0166,,
u_mand_factor\set74\u_mand_factor_0.6.py,u_mand_factor,74,u_mand_factor,0.6,2,8,5,0.6,0.5,0.7,0.6,1.2,0.4,103.039985,80,36,110.399991,147.199978,51.359996,1,1,1074,0,heuristic_v7,solved,1,74.409216,102.80555,0.723786,0.4198,,
u_mand_factor\set74\u_mand_factor_0.7.py,u_mand_factor,74,u_mand_factor,0.7,2,8,5,0.7,0.5,0.7,0.6,1.4,0.3,109.480013,80,36,128.800003,156.400018,59.920002,1,1,1074,0,ilp_v2,optimal,1,43.993935,109.477947,0.401852,0.2632,7.6e-05,
u_mand_factor\set74\u_mand_factor_0.7.py,u_mand_factor,74,u_mand_factor,0.7,2,8,5,0.7,0.5,0.7,0.6,1.4,0.3,109.480013,80,36,128.800003,156.400018,59.920002,1,1,1074,0,heuristic_v5b,solved,1,22.357606,109.256805,0.204634,0.0235,,
u_mand_factor\set74\u_mand_factor_0.7.py,u_mand_factor,74,u_mand_factor,0.7,2,8,5,0.7,0.5,0.7,0.6,1.4,0.3,109.480013,80,36,128.800003,156.400018,59.920002,1,1,1074,0,heuristic_v7,solved,1,42.485337,109.38606,0.388398,0.4139,,
u_mand_factor\set74\u_mand_factor_0.8.py,u_mand_factor,74,u_mand_factor,0.8,2,8,5,0.8,0.5,0.7,0.6,1.6,0.2,115.920009,80,36,147.200003,165.600013,68.480002,1,1,1074,0,ilp_v2,optimal,1,11.337395,115.917649,0.097806,12.5565,6.5e-05,
u_mand_factor\set74\u_mand_factor_0.8.py,u_mand_factor,74,u_mand_factor,0.8,2,8,5,0.8,0.5,0.7,0.6,1.6,0.2,115.920009,80,36,147.200003,165.600013,68.480002,1,1,1074,0,heuristic_v5b,infeasible,0,,121.509421,,0.1107,,over budget: E=121.5094 > B=115.9200
u_mand_factor\set74\u_mand_factor_0.8.py,u_mand_factor,74,u_mand_factor,0.8,2,8,5,0.8,0.5,0.7,0.6,1.6,0.2,115.920009,80,36,147.200003,165.600013,68.480002,1,1,1074,0,heuristic_v7,solved,1,10.887887,115.834858,0.093995,1.2413,,
u_mand_factor\set74\u_mand_factor_0.9.py,u_mand_factor,74,u_mand_factor,0.9,2,8,5,0.9,0.5,0.7,0.6,1.8,0.1,122.360009,80,36,165.600006,174.800013,77.040003,1,1,1074,0,ilp_v2,infeasible,0,,,,0.0169,,
u_mand_factor\set74\u_mand_factor_0.9.py,u_mand_factor,74,u_mand_factor,0.9,2,8,5,0.9,0.5,0.7,0.6,1.8,0.1,122.360009,80,36,165.600006,174.800013,77.040003,1,1,1074,0,heuristic_v5b,infeasible,0,,145.170177,,0.0522,,over budget: E=145.1702 > B=122.3600
u_mand_factor\set74\u_mand_factor_0.9.py,u_mand_factor,74,u_mand_factor,0.9,2,8,5,0.9,0.5,0.7,0.6,1.8,0.1,122.360009,80,36,165.600006,174.800013,77.040003,1,1,1074,0,heuristic_v7,infeasible,0,,145.544657,,0.6026,,over budget: E=145.5447 > B=122.3600
u_mand_factor\set75\u_mand_factor_0.1.py,u_mand_factor,75,u_mand_factor,0.1,2,8,5,0.1,0.5,0.7,0.6,0.2,0.9,70.840003,80,31,18.400006,101.200005,8.573336,1,0,1075,0,ilp_v2,optimal,1,161.059773,66.623609,2.417458,0.0195,0.0,
u_mand_factor\set75\u_mand_factor_0.1.py,u_mand_factor,75,u_mand_factor,0.1,2,8,5,0.1,0.5,0.7,0.6,0.2,0.9,70.840003,80,31,18.400006,101.200005,8.573336,1,0,1075,0,heuristic_v5b,solved,1,161.059773,68.477096,2.352024,0.0098,,
u_mand_factor\set75\u_mand_factor_0.1.py,u_mand_factor,75,u_mand_factor,0.1,2,8,5,0.1,0.5,0.7,0.6,0.2,0.9,70.840003,80,31,18.400006,101.200005,8.573336,1,0,1075,0,heuristic_v7,solved,1,161.059773,68.477096,2.352024,0.3156,,
u_mand_factor\set75\u_mand_factor_0.2.py,u_mand_factor,75,u_mand_factor,0.2,2,8,5,0.2,0.5,0.7,0.6,0.4,0.8,77.28,80,31,36.799995,110.4,17.146665,1,0,1075,0,ilp_v2,optimal,1,156.776307,76.733812,2.043119,0.0274,0.0,
u_mand_factor\set75\u_mand_factor_0.2.py,u_mand_factor,75,u_mand_factor,0.2,2,8,5,0.2,0.5,0.7,0.6,0.4,0.8,77.28,80,31,36.799995,110.4,17.146665,1,0,1075,0,heuristic_v5b,solved,1,155.073081,75.23727,2.061121,0.0116,,
u_mand_factor\set75\u_mand_factor_0.2.py,u_mand_factor,75,u_mand_factor,0.2,2,8,5,0.2,0.5,0.7,0.6,0.4,0.8,77.28,80,31,36.799995,110.4,17.146665,1,0,1075,0,heuristic_v7,solved,1,156.776307,76.798834,2.041389,0.2008,,
u_mand_factor\set75\u_mand_factor_0.3.py,u_mand_factor,75,u_mand_factor,0.3,2,8,5,0.3,0.5,0.7,0.6,0.6,0.7,83.720002,80,31,55.199998,119.600003,25.719999,1,1,1075,0,ilp_v2,optimal,1,130.968782,83.484111,1.568787,0.0306,0.0,
u_mand_factor\set75\u_mand_factor_0.3.py,u_mand_factor,75,u_mand_factor,0.3,2,8,5,0.3,0.5,0.7,0.6,0.6,0.7,83.720002,80,31,55.199998,119.600003,25.719999,1,1,1075,0,heuristic_v5b,solved,1,121.507752,82.983002,1.464249,0.0155,,
u_mand_factor\set75\u_mand_factor_0.3.py,u_mand_factor,75,u_mand_factor,0.3,2,8,5,0.3,0.5,0.7,0.6,0.6,0.7,83.720002,80,31,55.199998,119.600003,25.719999,1,1,1075,0,heuristic_v7,solved,1,129.160321,81.392198,1.586888,0.2182,,
u_mand_factor\set75\u_mand_factor_0.4.py,u_mand_factor,75,u_mand_factor,0.4,2,8,5,0.4,0.5,0.7,0.6,0.8,0.6,90.159994,80,31,73.600001,128.799991,34.293334,1,1,1075,0,ilp_v2,optimal,1,104.388608,90.145753,1.157998,0.1337,9.2e-05,
u_mand_factor\set75\u_mand_factor_0.4.py,u_mand_factor,75,u_mand_factor,0.4,2,8,5,0.4,0.5,0.7,0.6,0.8,0.6,90.159994,80,31,73.600001,128.799991,34.293334,1,1,1075,0,heuristic_v5b,solved,1,99.295642,88.872794,1.117278,0.0127,,
u_mand_factor\set75\u_mand_factor_0.4.py,u_mand_factor,75,u_mand_factor,0.4,2,8,5,0.4,0.5,0.7,0.6,0.8,0.6,90.159994,80,31,73.600001,128.799991,34.293334,1,1,1075,0,heuristic_v7,solved,1,99.295642,88.872794,1.117278,0.3102,,
u_mand_factor\set75\u_mand_factor_0.5.py,u_mand_factor,75,u_mand_factor,0.5,2,8,5,0.5,0.5,0.7,0.6,1.0,0.5,96.599989,80,31,91.999998,137.999984,42.866666,1,1,1075,0,ilp_v2,optimal,1,82.452111,96.561916,0.853878,0.2543,0.0,
u_mand_factor\set75\u_mand_factor_0.5.py,u_mand_factor,75,u_mand_factor,0.5,2,8,5,0.5,0.5,0.7,0.6,1.0,0.5,96.599989,80,31,91.999998,137.999984,42.866666,1,1,1075,0,heuristic_v5b,solved,1,83.879757,96.533483,0.868919,0.0142,,
u_mand_factor\set75\u_mand_factor_0.5.py,u_mand_factor,75,u_mand_factor,0.5,2,8,5,0.5,0.5,0.7,0.6,1.0,0.5,96.599989,80,31,91.999998,137.999984,42.866666,1,1,1075,0,heuristic_v7,solved,1,84.061217,96.358584,0.872379,0.1766,,
u_mand_factor\set75\u_mand_factor_0.6.py,u_mand_factor,75,u_mand_factor,0.6,2,8,5,0.6,0.5,0.7,0.6,1.2,0.4,103.040005,80,31,110.399997,147.200007,51.439998,1,1,1075,0,ilp_v2,optimal,1,59.534255,103.032102,0.577822,0.3999,0.0,
u_mand_factor\set75\u_mand_factor_0.6.py,u_mand_factor,75,u_mand_factor,0.6,2,8,5,0.6,0.5,0.7,0.6,1.2,0.4,103.040005,80,31,110.399997,147.200007,51.439998,1,1,1075,0,heuristic_v5b,solved,1,61.81867,103.029658,0.600008,0.0189,,
u_mand_factor\set75\u_mand_factor_0.6.py,u_mand_factor,75,u_mand_factor,0.6,2,8,5,0.6,0.5,0.7,0.6,1.2,0.4,103.040005,80,31,110.399997,147.200007,51.439998,1,1,1075,0,heuristic_v7,solved,1,61.81867,103.029658,0.600008,0.3243,,
u_mand_factor\set75\u_mand_factor_0.7.py,u_mand_factor,75,u_mand_factor,0.7,2,8,5,0.7,0.5,0.7,0.6,1.4,0.3,109.480006,80,31,128.800005,156.400008,60.013335,1,1,1075,0,ilp_v2,optimal,1,25.494254,109.479562,0.232868,0.1273,6.1e-05,
u_mand_factor\set75\u_mand_factor_0.7.py,u_mand_factor,75,u_mand_factor,0.7,2,8,5,0.7,0.5,0.7,0.6,1.4,0.3,109.480006,80,31,128.800005,156.400008,60.013335,1,1,1075,0,heuristic_v5b,solved,1,32.821455,109.47931,0.299796,0.0295,,
u_mand_factor\set75\u_mand_factor_0.7.py,u_mand_factor,75,u_mand_factor,0.7,2,8,5,0.7,0.5,0.7,0.6,1.4,0.3,109.480006,80,31,128.800005,156.400008,60.013335,1,1,1075,0,heuristic_v7,solved,1,35.615809,109.448834,0.325411,0.4603,,
u_mand_factor\set75\u_mand_factor_0.8.py,u_mand_factor,75,u_mand_factor,0.8,2,8,5,0.8,0.5,0.7,0.6,1.6,0.2,115.920002,80,31,147.2,165.600002,68.586667,1,1,1075,0,ilp_v2,optimal,1,2.791592,115.903577,0.024085,0.3107,0.0,
u_mand_factor\set75\u_mand_factor_0.8.py,u_mand_factor,75,u_mand_factor,0.8,2,8,5,0.8,0.5,0.7,0.6,1.6,0.2,115.920002,80,31,147.2,165.600002,68.586667,1,1,1075,0,heuristic_v5b,solved,1,2.309789,115.90366,0.019929,0.0466,,
u_mand_factor\set75\u_mand_factor_0.8.py,u_mand_factor,75,u_mand_factor,0.8,2,8,5,0.8,0.5,0.7,0.6,1.6,0.2,115.920002,80,31,147.2,165.600002,68.586667,1,1,1075,0,heuristic_v7,solved,1,2.680999,115.883709,0.023135,0.4109,,
u_mand_factor\set75\u_mand_factor_0.9.py,u_mand_factor,75,u_mand_factor,0.9,2,8,5,0.9,0.5,0.7,0.6,1.8,0.1,122.359998,80,31,165.599997,174.799998,77.159998,1,1,1075,0,ilp_v2,infeasible,0,,,,0.0141,,
u_mand_factor\set75\u_mand_factor_0.9.py,u_mand_factor,75,u_mand_factor,0.9,2,8,5,0.9,0.5,0.7,0.6,1.8,0.1,122.359998,80,31,165.599997,174.799998,77.159998,1,1,1075,0,heuristic_v5b,infeasible,0,,150.945863,,0.0529,,over budget: E=150.9459 > B=122.3600
u_mand_factor\set75\u_mand_factor_0.9.py,u_mand_factor,75,u_mand_factor,0.9,2,8,5,0.9,0.5,0.7,0.6,1.8,0.1,122.359998,80,31,165.599997,174.799998,77.159998,1,1,1075,0,heuristic_v7,infeasible,0,,150.270586,,0.2391,,over budget: E=150.2706 > B=122.3600
u_mand_factor\set76\u_mand_factor_0.1.py,u_mand_factor,76,u_mand_factor,0.1,2,8,5,0.1,0.5,0.7,0.6,0.2,0.9,70.839996,80,32,18.399998,101.199994,8.559999,1,0,1076,0,ilp_v2,optimal,1,189.19268,66.991765,2.824118,0.0164,0.0,
u_mand_factor\set76\u_mand_factor_0.1.py,u_mand_factor,76,u_mand_factor,0.1,2,8,5,0.1,0.5,0.7,0.6,0.2,0.9,70.839996,80,32,18.399998,101.199994,8.559999,1,0,1076,0,heuristic_v5b,solved,1,189.19268,69.439619,2.724564,0.0073,,
u_mand_factor\set76\u_mand_factor_0.1.py,u_mand_factor,76,u_mand_factor,0.1,2,8,5,0.1,0.5,0.7,0.6,0.2,0.9,70.839996,80,32,18.399998,101.199994,8.559999,1,0,1076,0,heuristic_v7,solved,1,189.19268,69.685091,2.714966,0.1131,,
u_mand_factor\set76\u_mand_factor_0.2.py,u_mand_factor,76,u_mand_factor,0.2,2,8,5,0.2,0.5,0.7,0.6,0.4,0.8,77.279998,80,32,36.799995,110.399998,17.119998,1,0,1076,0,ilp_v2,optimal,1,191.347712,75.50976,2.534079,0.015,0.0,
u_mand_factor\set76\u_mand_factor_0.2.py,u_mand_factor,76,u_mand_factor,0.2,2,8,5,0.2,0.5,0.7,0.6,0.4,0.8,77.279998,80,32,36.799995,110.399998,17.119998,1,0,1076,0,heuristic_v5b,solved,1,181.522994,77.119311,2.353794,0.0122,,
u_mand_factor\set76\u_mand_factor_0.2.py,u_mand_factor,76,u_mand_factor,0.2,2,8,5,0.2,0.5,0.7,0.6,0.4,0.8,77.279998,80,32,36.799995,110.399998,17.119998,1,0,1076,0,heuristic_v7,solved,1,191.347712,75.858727,2.522422,0.1514,,
u_mand_factor\set76\u_mand_factor_0.3.py,u_mand_factor,76,u_mand_factor,0.3,2,8,5,0.3,0.5,0.7,0.6,0.6,0.7,83.720006,80,32,55.200012,119.600008,25.680005,1,1,1076,0,ilp_v2,optimal,1,157.550705,83.604175,1.884484,0.0167,0.0,
u_mand_factor\set76\u_mand_factor_0.3.py,u_mand_factor,76,u_mand_factor,0.3,2,8,5,0.3,0.5,0.7,0.6,0.6,0.7,83.720006,80,32,55.200012,119.600008,25.680005,1,1,1076,0,heuristic_v5b,solved,1,154.486539,83.692531,1.845882,0.009,,
u_mand_factor\set76\u_mand_factor_0.3.py,u_mand_factor,76,u_mand_factor,0.3,2,8,5,0.3,0.5,0.7,0.6,0.6,0.7,83.720006,80,32,55.200012,119.600008,25.680005,1,1,1076,0,heuristic_v7,solved,1,157.550705,81.500557,1.933124,0.134,,
u_mand_factor\set76\u_mand_factor_0.4.py,u_mand_factor,76,u_mand_factor,0.4,2,8,5,0.4,0.5,0.7,0.6,0.8,0.6,90.159997,80,32,73.599998,128.799995,34.239999,1,1,1076,0,ilp_v2,optimal,1,122.220863,90.132962,1.356006,0.1177,0.0,
u_mand_factor\set76\u_mand_factor_0.4.py,u_mand_factor,76,u_mand_factor,0.4,2,8,5,0.4,0.5,0.7,0.6,0.8,0.6,90.159997,80,32,73.599998,128.799995,34.239999,1,1,1076,0,heuristic_v5b,solved,1,115.149738,90.137382,1.277491,0.0115,,
u_mand_factor\set76\u_mand_factor_0.4.py,u_mand_factor,76,u_mand_factor,0.4,2,8,5,0.4,0.5,0.7,0.6,0.8,0.6,90.159997,80,32,73.599998,128.799995,34.239999,1,1,1076,0,heuristic_v7,solved,1,123.532864,89.418089,1.38152,0.1872,,
u_mand_factor\set76\u_mand_factor_0.5.py,u_mand_factor,76,u_mand_factor,0.5,2,8,5,0.5,0.5,0.7,0.6,1.0,0.5,96.599995,80,32,91.999995,137.999993,42.799998,1,1,1076,0,ilp_v2,optimal,1,86.023906,96.550509,0.890973,0.2295,4.9e-05,
u_mand_factor\set76\u_mand_factor_0.5.py,u_mand_factor,76,u_mand_factor,0.5,2,8,5,0.5,0.5,0.7,0.6,1.0,0.5,96.599995,80,32,91.999995,137.999993,42.799998,1,1,1076,0,heuristic_v5b,solved,1,79.572739,96.137407,0.827698,0.0291,,
u_mand_factor\set76\u_mand_factor_0.5.py,u_mand_factor,76,u_mand_factor,0.5,2,8,5,0.5,0.5,0.7,0.6,1.0,0.5,96.599995,80,32,91.999995,137.999993,42.799998,1,1,1076,0,heuristic_v7,solved,1,90.948659,96.43787,0.94308,0.1881,,
u_mand_factor\set76\u_mand_factor_0.6.py,u_mand_factor,76,u_mand_factor,0.6,2,8,5,0.6,0.5,0.7,0.6,1.2,0.4,103.03999,80,32,110.399992,147.199985,51.359996,1,1,1076,0,ilp_v2,optimal,1,54.733569,102.976042,0.531518,0.2494,0.0,
u_mand_factor\set76\u_mand_factor_0.6.py,u_mand_factor,76,u_mand_factor,0.6,2,8,5,0.6,0.5,0.7,0.6,1.2,0.4,103.03999,80,32,110.399992,147.199985,51.359996,1,1,1076,0,heuristic_v5b,solved,1,49.919847,103.0118,0.484603,0.0126,,
u_mand_factor\set76\u_mand_factor_0.6.py,u_mand_factor,76,u_mand_factor,0.6,2,8,5,0.6,0.5,0.7,0.6,1.2,0.4,103.03999,80,32,110.399992,147.199985,51.359996,1,1,1076,0,heuristic_v7,solved,1,57.308426,102.832476,0.557299,0.3425,,
u_mand_factor\set76\u_mand_factor_0.7.py,u_mand_factor,76,u_mand_factor,0.7,2,8,5,0.7,0.5,0.7,0.6,1.4,0.3,109.479996,80,32,128.799995,156.399994,59.919998,1,1,1076,0,ilp_v2,optimal,1,28.073321,109.479253,0.256426,0.1314,0.0,
u_mand_factor\set76\u_mand_factor_0.7.py,u_mand_factor,76,u_mand_factor,0.7,2,8,5,0.7,0.5,0.7,0.6,1.4,0.3,109.479996,80,32,128.799995,156.399994,59.919998,1,1,1076,0,heuristic_v5b,solved,1,30.270243,109.422327,0.276637,0.0153,,
u_mand_factor\set76\u_mand_factor_0.7.py,u_mand_factor,76,u_mand_factor,0.7,2,8,5,0.7,0.5,0.7,0.6,1.4,0.3,109.479996,80,32,128.799995,156.399994,59.919998,1,1,1076,0,heuristic_v7,solved,1,30.671486,108.812562,0.281874,0.3882,,
u_mand_factor\set76\u_mand_factor_0.8.py,u_mand_factor,76,u_mand_factor,0.8,2,8,5,0.8,0.5,0.7,0.6,1.6,0.2,115.920002,80,32,147.200001,165.600003,68.480001,1,1,1076,0,ilp_v2,infeasible,0,,,,0.0145,,
u_mand_factor\set76\u_mand_factor_0.8.py,u_mand_factor,76,u_mand_factor,0.8,2,8,5,0.8,0.5,0.7,0.6,1.6,0.2,115.920002,80,32,147.200001,165.600003,68.480001,1,1,1076,0,heuristic_v5b,infeasible,0,,117.823927,,0.0253,,over budget: E=117.8239 > B=115.9200
u_mand_factor\set76\u_mand_factor_0.8.py,u_mand_factor,76,u_mand_factor,0.8,2,8,5,0.8,0.5,0.7,0.6,1.6,0.2,115.920002,80,32,147.200001,165.600003,68.480001,1,1,1076,0,heuristic_v7,infeasible,0,,122.766032,,0.236,,over budget: E=122.7660 > B=115.9200
u_mand_factor\set76\u_mand_factor_0.9.py,u_mand_factor,76,u_mand_factor,0.9,2,8,5,0.9,0.5,0.7,0.6,1.8,0.1,122.360001,80,32,165.600002,174.800001,77.040001,1,1,1076,0,ilp_v2,infeasible,0,,,,0.0286,,
u_mand_factor\set76\u_mand_factor_0.9.py,u_mand_factor,76,u_mand_factor,0.9,2,8,5,0.9,0.5,0.7,0.6,1.8,0.1,122.360001,80,32,165.600002,174.800001,77.040001,1,1,1076,0,heuristic_v5b,infeasible,0,,,,0.0,,
u_mand_factor\set76\u_mand_factor_0.9.py,u_mand_factor,76,u_mand_factor,0.9,2,8,5,0.9,0.5,0.7,0.6,1.8,0.1,122.360001,80,32,165.600002,174.800001,77.040001,1,1,1076,0,heuristic_v7,infeasible,0,,,,0.0,,
u_mand_factor\set77\u_mand_factor_0.1.py,u_mand_factor,77,u_mand_factor,0.1,2,8,5,0.1,0.5,0.7,0.6,0.2,0.9,70.839996,80,23,18.4,101.199994,8.573333,1,0,1077,0,ilp_v2,optimal,1,274.901704,68.548064,4.01035,0.0082,0.0,
u_mand_factor\set77\u_mand_factor_0.1.py,u_mand_factor,77,u_mand_factor,0.1,2,8,5,0.1,0.5,0.7,0.6,0.2,0.9,70.839996,80,23,18.4,101.199994,8.573333,1,0,1077,0,heuristic_v5b,solved,1,274.901704,70.837387,3.880743,0.0048,,
u_mand_factor\set77\u_mand_factor_0.1.py,u_mand_factor,77,u_mand_factor,0.1,2,8,5,0.1,0.5,0.7,0.6,0.2,0.9,70.839996,80,23,18.4,101.199994,8.573333,1,0,1077,0,heuristic_v7,solved,1,274.901704,70.837387,3.880743,0.0485,,
u_mand_factor\set77\u_mand_factor_0.2.py,u_mand_factor,77,u_mand_factor,0.2,2,8,5,0.2,0.5,0.7,0.6,0.4,0.8,77.28,80,23,36.800003,110.4,17.146668,1,0,1077,0,ilp_v2,optimal,1,213.349006,76.577656,2.786048,0.0079,0.0,
u_mand_factor\set77\u_mand_factor_0.2.py,u_mand_factor,77,u_mand_factor,0.2,2,8,5,0.2,0.5,0.7,0.6,0.4,0.8,77.28,80,23,36.800003,110.4,17.146668,1,0,1077,0,heuristic_v5b,solved,1,213.349006,77.07433,2.768094,0.0041,,
u_mand_factor\set77\u_mand_factor_0.2.py,u_mand_factor,77,u_mand_factor,0.2,2,8,5,0.2,0.5,0.7,0.6,0.4,0.8,77.28,80,23,36.800003,110.4,17.146668,1,0,1077,0,heuristic_v7,solved,1,213.349006,77.07433,2.768094,0.0523,,
u_mand_factor\set77\u_mand_factor_0.3.py,u_mand_factor,77,u_mand_factor,0.3,2,8,5,0.3,0.5,0.7,0.6,0.6,0.7,83.719995,80,23,55.199994,119.599993,25.719997,1,1,1077,0,ilp_v2,optimal,1,202.890643,83.671879,2.424837,0.0163,0.0,
u_mand_factor\set77\u_mand_factor_0.3.py,u_mand_factor,77,u_mand_factor,0.3,2,8,5,0.3,0.5,0.7,0.6,0.6,0.7,83.719995,80,23,55.199994,119.599993,25.719997,1,1,1077,0,heuristic_v5b,solved,1,202.890643,83.448198,2.431336,0.0045,,
u_mand_factor\set77\u_mand_factor_0.3.py,u_mand_factor,77,u_mand_factor,0.3,2,8,5,0.3,0.5,0.7,0.6,0.6,0.7,83.719995,80,23,55.199994,119.599993,25.719997,1,1,1077,0,heuristic_v7,solved,1,202.890643,83.448198,2.431336,0.0811,,
u_mand_factor\set77\u_mand_factor_0.4.py,u_mand_factor,77,u_mand_factor,0.4,2,8,5,0.4,0.5,0.7,0.6,0.8,0.6,90.159993,80,23,73.599998,128.79999,34.293332,1,1,1077,0,ilp_v2,optimal,1,182.52206,89.730101,2.034123,0.0139,0.0,
u_mand_factor\set77\u_mand_factor_0.4.py,u_mand_factor,77,u_mand_factor,0.4,2,8,5,0.4,0.5,0.7,0.6,0.8,0.6,90.159993,80,23,73.599998,128.79999,34.293332,1,1,1077,0,heuristic_v5b,solved,1,185.622146,90.108087,2.059994,0.0038,,
u_mand_factor\set77\u_mand_factor_0.4.py,u_mand_factor,77,u_mand_factor,0.4,2,8,5,0.4,0.5,0.7,0.6,0.8,0.6,90.159993,80,23,73.599998,128.79999,34.293332,1,1,1077,0,heuristic_v7,solved,1,185.622146,90.108087,2.059994,0.0683,,
u_mand_factor\set77\u_mand_factor_0.5.py,u_mand_factor,77,u_mand_factor,0.5,2,8,5,0.5,0.5,0.7,0.6,1.0,0.5,96.599996,80,23,91.999998,137.999994,42.866666,1,1,1077,0,ilp_v2,optimal,1,148.395312,96.364638,1.539935,0.0308,0.0,
u_mand_factor\set77\u_mand_factor_0.5.py,u_mand_factor,77,u_mand_factor,0.5,2,8,5,0.5,0.5,0.7,0.6,1.0,0.5,96.599996,80,23,91.999998,137.999994,42.866666,1,1,1077,0,heuristic_v5b,solved,1,150.688168,96.489268,1.561709,0.0036,,
u_mand_factor\set77\u_mand_factor_0.5.py,u_mand_factor,77,u_mand_factor,0.5,2,8,5,0.5,0.5,0.7,0.6,1.0,0.5,96.599996,80,23,91.999998,137.999994,42.866666,1,1,1077,0,heuristic_v7,solved,1,156.392572,96.362698,1.622958,0.0661,,
u_mand_factor\set77\u_mand_factor_0.6.py,u_mand_factor,77,u_mand_factor,0.6,2,8,5,0.6,0.5,0.7,0.6,1.2,0.4,103.040002,80,23,110.400001,147.200002,51.440001,1,1,1077,0,ilp_v2,optimal,1,101.986085,103.01798,0.989983,0.1288,0.0,
u_mand_factor\set77\u_mand_factor_0.6.py,u_mand_factor,77,u_mand_factor,0.6,2,8,5,0.6,0.5,0.7,0.6,1.2,0.4,103.040002,80,23,110.400001,147.200002,51.440001,1,1,1077,0,heuristic_v5b,solved,1,97.835997,102.781757,0.951881,0.0081,,
u_mand_factor\set77\u_mand_factor_0.6.py,u_mand_factor,77,u_mand_factor,0.6,2,8,5,0.6,0.5,0.7,0.6,1.2,0.4,103.040002,80,23,110.400001,147.200002,51.440001,1,1,1077,0,heuristic_v7,solved,1,109.246359,102.792933,1.062781,0.1097,,
u_mand_factor\set77\u_mand_factor_0.7.py,u_mand_factor,77,u_mand_factor,0.7,2,8,5,0.7,0.5,0.7,0.6,1.4,0.3,109.479998,80,23,128.799999,156.399998,60.013333,1,1,1077,0,ilp_v2,optimal,1,47.65408,109.453335,0.435383,0.0877,0.0,
u_mand_factor\set77\u_mand_factor_0.7.py,u_mand_factor,77,u_mand_factor,0.7,2,8,5,0.7,0.5,0.7,0.6,1.4,0.3,109.479998,80,23,128.799999,156.399998,60.013333,1,1,1077,0,heuristic_v5b,solved,1,42.506254,109.456711,0.388338,0.0051,,
u_mand_factor\set77\u_mand_factor_0.7.py,u_mand_factor,77,u_mand_factor,0.7,2,8,5,0.7,0.5,0.7,0.6,1.4,0.3,109.479998,80,23,128.799999,156.399998,60.013333,1,1,1077,0,heuristic_v7,solved,1,72.546037,109.442171,0.662871,0.1007,,
u_mand_factor\set77\u_mand_factor_0.8.py,u_mand_factor,77,u_mand_factor,0.8,2,8,5,0.8,0.5,0.7,0.6,1.6,0.2,115.920002,80,23,147.200007,165.600003,68.58667,1,1,1077,0,ilp_v2,infeasible,0,,,,0.0058,,
u_mand_factor\set77\u_mand_factor_0.8.py,u_mand_factor,77,u_mand_factor,0.8,2,8,5,0.8,0.5,0.7,0.6,1.6,0.2,115.920002,80,23,147.200007,165.600003,68.58667,1,1,1077,0,heuristic_v5b,infeasible,0,,119.501296,,0.0107,,over budget: E=119.5013 > B=115.9200
u_mand_factor\set77\u_mand_factor_0.8.py,u_mand_factor,77,u_mand_factor,0.8,2,8,5,0.8,0.5,0.7,0.6,1.6,0.2,115.920002,80,23,147.200007,165.600003,68.58667,1,1,1077,0,heuristic_v7,solved,1,18.093958,115.910919,0.156102,0.1762,,
u_mand_factor\set77\u_mand_factor_0.9.py,u_mand_factor,77,u_mand_factor,0.9,2,8,5,0.9,0.5,0.7,0.6,1.8,0.1,122.36,80,23,165.599998,174.8,77.159999,1,1,1077,0,ilp_v2,infeasible,0,,,,0.0174,,
u_mand_factor\set77\u_mand_factor_0.9.py,u_mand_factor,77,u_mand_factor,0.9,2,8,5,0.9,0.5,0.7,0.6,1.8,0.1,122.36,80,23,165.599998,174.8,77.159999,1,1,1077,0,heuristic_v5b,infeasible,0,,,,0.0,,
u_mand_factor\set77\u_mand_factor_0.9.py,u_mand_factor,77,u_mand_factor,0.9,2,8,5,0.9,0.5,0.7,0.6,1.8,0.1,122.36,80,23,165.599998,174.8,77.159999,1,1,1077,0,heuristic_v7,infeasible,0,,,,0.0,,
u_mand_factor\set78\u_mand_factor_0.1.py,u_mand_factor,78,u_mand_factor,0.1,2,8,5,0.1,0.5,0.7,0.6,0.2,0.9,70.839994,80,27,18.399997,101.199992,8.559998,1,0,1078,0,ilp_v2,optimal,1,284.116149,65.199661,4.357632,0.0121,0.0,
u_mand_factor\set78\u_mand_factor_0.1.py,u_mand_factor,78,u_mand_factor,0.1,2,8,5,0.1,0.5,0.7,0.6,0.2,0.9,70.839994,80,27,18.399997,101.199992,8.559998,1,0,1078,0,heuristic_v5b,solved,1,275.297407,64.831975,4.246321,0.0077,,
u_mand_factor\set78\u_mand_factor_0.1.py,u_mand_factor,78,u_mand_factor,0.1,2,8,5,0.1,0.5,0.7,0.6,0.2,0.9,70.839994,80,27,18.399997,101.199992,8.559998,1,0,1078,0,heuristic_v7,solved,1,284.116149,70.71108,4.017986,0.1543,,
u_mand_factor\set78\u_mand_factor_0.2.py,u_mand_factor,78,u_mand_factor,0.2,2,8,5,0.2,0.5,0.7,0.6,0.4,0.8,77.279999,80,27,36.799995,110.399999,17.119998,1,0,1078,0,ilp_v2,optimal,1,274.672291,75.11304,3.656786,0.0149,0.0,
u_mand_factor\set78\u_mand_factor_0.2.py,u_mand_factor,78,u_mand_factor,0.2,2,8,5,0.2,0.5,0.7,0.6,0.4,0.8,77.279999,80,27,36.799995,110.399999,17.119998,1,0,1078,0,heuristic_v5b,solved,1,270.426467,77.237708,3.501223,0.015,,
u_mand_factor\set78\u_mand_factor_0.2.py,u_mand_factor,78,u_mand_factor,0.2,2,8,5,0.2,0.5,0.7,0.6,0.4,0.8,77.279999,80,27,36.799995,110.399999,17.119998,1,0,1078,0,heuristic_v7,solved,1,274.672291,62.4773,4.396353,0.2253,,
u_mand_factor\set78\u_mand_factor_0.3.py,u_mand_factor,78,u_mand_factor,0.3,2,8,5,0.3,0.5,0.7,0.6,0.6,0.7,83.719998,80,27,55.199993,119.599997,25.679997,1,1,1078,0,ilp_v2,optimal,1,232.985441,75.773388,3.074766,0.0185,9.4e-05,
u_mand_factor\set78\u_mand_factor_0.3.py,u_mand_factor,78,u_mand_factor,0.3,2,8,5,0.3,0.5,0.7,0.6,0.6,0.7,83.719998,80,27,55.199993,119.599997,25.679997,1,1,1078,0,heuristic_v5b,solved,1,231.90761,83.713143,2.770265,0.0082,,
u_mand_factor\set78\u_mand_factor_0.3.py,u_mand_factor,78,u_mand_factor,0.3,2,8,5,0.3,0.5,0.7,0.6,0.6,0.7,83.719998,80,27,55.199993,119.599997,25.679997,1,1,1078,0,heuristic_v7,solved,1,237.497067,77.847294,3.050807,0.1344,,
u_mand_factor\set78\u_mand_factor_0.4.py,u_mand_factor,78,u_mand_factor,0.4,2,8,5,0.4,0.5,0.7,0.6,0.8,0.6,90.159994,80,27,73.600001,128.799991,34.240001,1,1,1078,0,ilp_v2,optimal,1,187.763184,90.120469,2.083469,0.0325,0.0,
u_mand_factor\set78\u_mand_factor_0.4.py,u_mand_factor,78,u_mand_factor,0.4,2,8,5,0.4,0.5,0.7,0.6,0.8,0.6,90.159994,80,27,73.600001,128.799991,34.240001,1,1,1078,0,heuristic_v5b,solved,1,180.536627,84.75627,2.130068,0.0075,,
u_mand_factor\set78\u_mand_factor_0.4.py,u_mand_factor,78,u_mand_factor,0.4,2,8,5,0.4,0.5,0.7,0.6,0.8,0.6,90.159994,80,27,73.600001,128.799991,34.240001,1,1,1078,0,heuristic_v7,solved,1,180.536627,82.98393,2.175561,0.1466,,
u_mand_factor\set78\u_mand_factor_0.5.py,u_mand_factor,78,u_mand_factor,0.5,2,8,5,0.5,0.5,0.7,0.6,1.0,0.5,96.599994,80,27,91.999999,137.999991,42.799999,1,1,1078,0,ilp_v2,optimal,1,142.339871,96.036191,1.482148,0.023,0.0,
u_mand_factor\set78\u_mand_factor_0.5.py,u_mand_factor,78,u_mand_factor,0.5,2,8,5,0.5,0.5,0.7,0.6,1.0,0.5,96.599994,80,27,91.999999,137.999991,42.799999,1,1,1078,0,heuristic_v5b,solved,1,142.339871,95.931011,1.483773,0.0078,,
u_mand_factor\set78\u_mand_factor_0.5.py,u_mand_factor,78,u_mand_factor,0.5,2,8,5,0.5,0.5,0.7,0.6,1.0,0.5,96.599994,80,27,91.999999,137.999991,42.799999,1,1,1078,0,heuristic_v7,solved,1,142.339871,95.931011,1.483773,0.1433,,
u_mand_factor\set78\u_mand_factor_0.6.py,u_mand_factor,78,u_mand_factor,0.6,2,8,5,0.6,0.5,0.7,0.6,1.2,0.4,103.039993,80,27,110.399998,147.19999,51.359999,1,1,1078,0,ilp_v2,optimal,1,92.540623,102.999057,0.898461,0.1293,0.0,
u_mand_factor\set78\u_mand_factor_0.6.py,u_mand_factor,78,u_mand_factor,0.6,2,8,5,0.6,0.5,0.7,0.6,1.2,0.4,103.039993,80,27,110.399998,147.19999,51.359999,1,1,1078,0,heuristic_v5b,solved,1,94.726639,102.848376,0.921032,0.0442,,
u_mand_factor\set78\u_mand_factor_0.6.py,u_mand_factor,78,u_mand_factor,0.6,2,8,5,0.6,0.5,0.7,0.6,1.2,0.4,103.039993,80,27,110.399998,147.19999,51.359999,1,1,1078,0,heuristic_v7,solved,1,96.43577,103.032188,0.935977,0.2944,,
u_mand_factor\set78\u_mand_factor_0.7.py,u_mand_factor,78,u_mand_factor,0.7,2,8,5,0.7,0.5,0.7,0.6,1.4,0.3,109.480006,80,27,128.800006,156.400008,59.920003,1,1,1078,0,ilp_v2,optimal,1,44.705152,109.477531,0.40835,0.2375,0.0,
u_mand_factor\set78\u_mand_factor_0.7.py,u_mand_factor,78,u_mand_factor,0.7,2,8,5,0.7,0.5,0.7,0.6,1.4,0.3,109.480006,80,27,128.800006,156.400008,59.920003,1,1,1078,0,heuristic_v5b,solved,1,42.174174,109.467388,0.385267,0.0162,,
u_mand_factor\set78\u_mand_factor_0.7.py,u_mand_factor,78,u_mand_factor,0.7,2,8,5,0.7,0.5,0.7,0.6,1.4,0.3,109.480006,80,27,128.800006,156.400008,59.920003,1,1,1078,0,heuristic_v7,solved,1,42.174174,109.467388,0.385267,0.306,,
u_mand_factor\set78\u_mand_factor_0.8.py,u_mand_factor,78,u_mand_factor,0.8,2,8,5,0.8,0.5,0.7,0.6,1.6,0.2,115.920007,80,27,147.200003,165.60001,68.480002,1,1,1078,0,ilp_v2,infeasible,0,,,,0.0157,,
u_mand_factor\set78\u_mand_factor_0.8.py,u_mand_factor,78,u_mand_factor,0.8,2,8,5,0.8,0.5,0.7,0.6,1.6,0.2,115.920007,80,27,147.200003,165.60001,68.480002,1,1,1078,0,heuristic_v5b,infeasible,0,,122.626444,,0.039,,over budget: E=122.6264 > B=115.9200
u_mand_factor\set78\u_mand_factor_0.8.py,u_mand_factor,78,u_mand_factor,0.8,2,8,5,0.8,0.5,0.7,0.6,1.6,0.2,115.920007,80,27,147.200003,165.60001,68.480002,1,1,1078,0,heuristic_v7,infeasible,0,,122.678568,,0.3259,,over budget: E=122.6786 > B=115.9200
u_mand_factor\set78\u_mand_factor_0.9.py,u_mand_factor,78,u_mand_factor,0.9,2,8,5,0.9,0.5,0.7,0.6,1.8,0.1,122.36,80,27,165.600003,174.8,77.040002,1,1,1078,0,ilp_v2,infeasible,0,,,,0.0284,,
u_mand_factor\set78\u_mand_factor_0.9.py,u_mand_factor,78,u_mand_factor,0.9,2,8,5,0.9,0.5,0.7,0.6,1.8,0.1,122.36,80,27,165.600003,174.8,77.040002,1,1,1078,0,heuristic_v5b,infeasible,0,,,,0.0,,
u_mand_factor\set78\u_mand_factor_0.9.py,u_mand_factor,78,u_mand_factor,0.9,2,8,5,0.9,0.5,0.7,0.6,1.8,0.1,122.36,80,27,165.600003,174.8,77.040002,1,1,1078,0,heuristic_v7,infeasible,0,,,,0.0,,
u_mand_factor\set79\u_mand_factor_0.1.py,u_mand_factor,79,u_mand_factor,0.1,2,8,5,0.1,0.5,0.7,0.6,0.2,0.9,70.839992,80,20,18.399998,101.199988,8.559999,1,0,1079,0,ilp_v2,optimal,1,186.96869,68.377645,2.734354,0.0102,0.0,
u_mand_factor\set79\u_mand_factor_0.1.py,u_mand_factor,79,u_mand_factor,0.1,2,8,5,0.1,0.5,0.7,0.6,0.2,0.9,70.839992,80,20,18.399998,101.199988,8.559999,1,0,1079,0,heuristic_v5b,solved,1,177.730901,65.36556,2.71903,0.0044,,
u_mand_factor\set79\u_mand_factor_0.1.py,u_mand_factor,79,u_mand_factor,0.1,2,8,5,0.1,0.5,0.7,0.6,0.2,0.9,70.839992,80,20,18.399998,101.199988,8.559999,1,0,1079,0,heuristic_v7,solved,1,186.96869,67.816878,2.756964,0.1035,,
u_mand_factor\set79\u_mand_factor_0.2.py,u_mand_factor,79,u_mand_factor,0.2,2,8,5,0.2,0.5,0.7,0.6,0.4,0.8,77.28,80,20,36.8,110.4,17.12,1,0,1079,0,ilp_v2,optimal,1,194.477797,75.792184,2.565935,0.0142,0.0,
u_mand_factor\set79\u_mand_factor_0.2.py,u_mand_factor,79,u_mand_factor,0.2,2,8,5,0.2,0.5,0.7,0.6,0.4,0.8,77.28,80,20,36.8,110.4,17.12,1,0,1079,0,heuristic_v5b,solved,1,194.477797,67.611429,2.876404,0.0044,,
u_mand_factor\set79\u_mand_factor_0.2.py,u_mand_factor,79,u_mand_factor,0.2,2,8,5,0.2,0.5,0.7,0.6,0.4,0.8,77.28,80,20,36.8,110.4,17.12,1,0,1079,0,heuristic_v7,solved,1,194.477797,77.142054,2.521035,0.0933,,
u_mand_factor\set79\u_mand_factor_0.3.py,u_mand_factor,79,u_mand_factor,0.3,2,8,5,0.3,0.5,0.7,0.6,0.6,0.7,83.719999,80,20,55.199997,119.599999,25.679998,1,1,1079,0,ilp_v2,optimal,1,149.826407,82.14664,1.82389,0.0109,0.0,
u_mand_factor\set79\u_mand_factor_0.3.py,u_mand_factor,79,u_mand_factor,0.3,2,8,5,0.3,0.5,0.7,0.6,0.6,0.7,83.719999,80,20,55.199997,119.599999,25.679998,1,1,1079,0,heuristic_v5b,solved,1,135.834427,78.157698,1.737953,0.0047,,
u_mand_factor\set79\u_mand_factor_0.3.py,u_mand_factor,79,u_mand_factor,0.3,2,8,5,0.3,0.5,0.7,0.6,0.6,0.7,83.719999,80,20,55.199997,119.599999,25.679998,1,1,1079,0,heuristic_v7,solved,1,149.826407,83.646598,1.791184,0.0515,,
u_mand_factor\set79\u_mand_factor_0.4.py,u_mand_factor,79,u_mand_factor,0.4,2,8,5,0.4,0.5,0.7,0.6,0.8,0.6,90.160002,80,20,73.6,128.800003,34.24,1,1,1079,0,ilp_v2,optimal,1,129.484118,89.911867,1.440123,0.0116,0.0,
u_mand_factor\set79\u_mand_factor_0.4.py,u_mand_factor,79,u_mand_factor,0.4,2,8,5,0.4,0.5,0.7,0.6,0.8,0.6,90.160002,80,20,73.6,128.800003,34.24,1,1,1079,0,heuristic_v5b,solved,1,129.484118,86.507762,1.496792,0.004,,
u_mand_factor\set79\u_mand_factor_0.4.py,u_mand_factor,79,u_mand_factor,0.4,2,8,5,0.4,0.5,0.7,0.6,0.8,0.6,90.160002,80,20,73.6,128.800003,34.24,1,1,1079,0,heuristic_v7,solved,1,129.484118,86.507762,1.496792,0.042,,
u_mand_factor\set79\u_mand_factor_0.5.py,u_mand_factor,79,u_mand_factor,0.5,2,8,5,0.5,0.5,0.7,0.6,1.0,0.5,96.599998,80,20,91.999999,137.999998,42.799999,1,1,1079,0,ilp_v2,optimal,1,98.857125,96.599426,1.023372,0.0164,0.0,
u_mand_factor\set79\u_mand_factor_0.5.py,u_mand_factor,79,u_mand_factor,0.5,2,8,5,0.5,0.5,0.7,0.6,1.0,0.5,96.599998,80,20,91.999999,137.999998,42.799999,1,1,1079,0,heuristic_v5b,solved,1,98.857125,89.447963,1.105191,0.0041,,
u_mand_factor\set79\u_mand_factor_0.5.py,u_mand_factor,79,u_mand_factor,0.5,2,8,5,0.5,0.5,0.7,0.6,1.0,0.5,96.599998,80,20,91.999999,137.999998,42.799999,1,1,1079,0,heuristic_v7,solved,1,98.857125,89.447963,1.105191,0.0511,,
u_mand_factor\set79\u_mand_factor_0.6.py,u_mand_factor,79,u_mand_factor,0.6,2,8,5,0.6,0.5,0.7,0.6,1.2,0.4,103.040006,80,20,110.400001,147.200008,51.360001,1,1,1079,0,ilp_v2,optimal,1,67.038646,102.626771,0.653228,0.0309,0.0,
u_mand_factor\set79\u_mand_factor_0.6.py,u_mand_factor,79,u_mand_factor,0.6,2,8,5,0.6,0.5,0.7,0.6,1.2,0.4,103.040006,80,20,110.400001,147.200008,51.360001,1,1,1079,0,heuristic_v5b,solved,1,67.623154,101.641775,0.665309,0.0042,,
u_mand_factor\set79\u_mand_factor_0.6.py,u_mand_factor,79,u_mand_factor,0.6,2,8,5,0.6,0.5,0.7,0.6,1.2,0.4,103.040006,80,20,110.400001,147.200008,51.360001,1,1,1079,0,heuristic_v7,solved,1,68.596397,101.927176,0.672994,0.0637,,
u_mand_factor\set79\u_mand_factor_0.7.py,u_mand_factor,79,u_mand_factor,0.7,2,8,5,0.7,0.5,0.7,0.6,1.4,0.3,109.480002,80,20,128.800001,156.400002,59.920001,1,1,1079,0,ilp_v2,optimal,1,29.836995,109.476142,0.272543,0.3004,0.0,
u_mand_factor\set79\u_mand_factor_0.7.py,u_mand_factor,79,u_mand_factor,0.7,2,8,5,0.7,0.5,0.7,0.6,1.4,0.3,109.480002,80,20,128.800001,156.400002,59.920001,1,1,1079,0,heuristic_v5b,solved,1,33.079822,108.928983,0.303682,0.0058,,
u_mand_factor\set79\u_mand_factor_0.7.py,u_mand_factor,79,u_mand_factor,0.7,2,8,5,0.7,0.5,0.7,0.6,1.4,0.3,109.480002,80,20,128.800001,156.400002,59.920001,1,1,1079,0,heuristic_v7,solved,1,35.921772,106.220669,0.338181,0.0892,,
u_mand_factor\set79\u_mand_factor_0.8.py,u_mand_factor,79,u_mand_factor,0.8,2,8,5,0.8,0.5,0.7,0.6,1.6,0.2,115.920002,80,20,147.200001,165.600002,68.480001,1,1,1079,0,ilp_v2,infeasible,0,,,,0.0061,,
u_mand_factor\set79\u_mand_factor_0.8.py,u_mand_factor,79,u_mand_factor,0.8,2,8,5,0.8,0.5,0.7,0.6,1.6,0.2,115.920002,80,20,147.200001,165.600002,68.480001,1,1,1079,0,heuristic_v5b,solved,1,2.884877,115.543165,0.024968,0.0088,,
u_mand_factor\set79\u_mand_factor_0.8.py,u_mand_factor,79,u_mand_factor,0.8,2,8,5,0.8,0.5,0.7,0.6,1.6,0.2,115.920002,80,20,147.200001,165.600002,68.480001,1,1,1079,0,heuristic_v7,solved,1,2.884877,115.543165,0.024968,0.1167,,
u_mand_factor\set79\u_mand_factor_0.9.py,u_mand_factor,79,u_mand_factor,0.9,2,8,5,0.9,0.5,0.7,0.6,1.8,0.1,122.359995,80,20,165.6,174.799993,77.04,1,1,1079,0,ilp_v2,infeasible,0,,,,0.0064,,
u_mand_factor\set79\u_mand_factor_0.9.py,u_mand_factor,79,u_mand_factor,0.9,2,8,5,0.9,0.5,0.7,0.6,1.8,0.1,122.359995,80,20,165.6,174.799993,77.04,1,1,1079,0,heuristic_v5b,infeasible,0,,149.222196,,0.0084,,over budget: E=149.2222 > B=122.3600
u_mand_factor\set79\u_mand_factor_0.9.py,u_mand_factor,79,u_mand_factor,0.9,2,8,5,0.9,0.5,0.7,0.6,1.8,0.1,122.359995,80,20,165.6,174.799993,77.04,1,1,1079,0,heuristic_v7,infeasible,0,,149.294367,,0.0667,,over budget: E=149.2944 > B=122.3600
u_mand_factor\set80\u_mand_factor_0.1.py,u_mand_factor,80,u_mand_factor,0.1,2,8,5,0.1,0.5,0.7,0.6,0.2,0.9,70.839994,80,25,18.399998,101.199992,8.799999,1,0,1080,0,ilp_v2,optimal,1,206.231467,70.811378,2.912406,0.0099,0.0,
u_mand_factor\set80\u_mand_factor_0.1.py,u_mand_factor,80,u_mand_factor,0.1,2,8,5,0.1,0.5,0.7,0.6,0.2,0.9,70.839994,80,25,18.399998,101.199992,8.799999,1,0,1080,0,heuristic_v5b,solved,1,206.231467,70.28445,2.93424,0.0067,,
u_mand_factor\set80\u_mand_factor_0.1.py,u_mand_factor,80,u_mand_factor,0.1,2,8,5,0.1,0.5,0.7,0.6,0.2,0.9,70.839994,80,25,18.399998,101.199992,8.799999,1,0,1080,0,heuristic_v7,solved,1,206.231467,70.28445,2.93424,0.1215,,
u_mand_factor\set80\u_mand_factor_0.2.py,u_mand_factor,80,u_mand_factor,0.2,2,8,5,0.2,0.5,0.7,0.6,0.4,0.8,77.280007,80,25,36.800005,110.40001,17.600002,1,0,1080,0,ilp_v2,optimal,1,172.995106,73.038344,2.368552,0.0113,0.0,
u_mand_factor\set80\u_mand_factor_0.2.py,u_mand_factor,80,u_mand_factor,0.2,2,8,5,0.2,0.5,0.7,0.6,0.4,0.8,77.280007,80,25,36.800005,110.40001,17.600002,1,0,1080,0,heuristic_v5b,solved,1,172.995106,74.622476,2.318271,0.0084,,
u_mand_factor\set80\u_mand_factor_0.2.py,u_mand_factor,80,u_mand_factor,0.2,2,8,5,0.2,0.5,0.7,0.6,0.4,0.8,77.280007,80,25,36.800005,110.40001,17.600002,1,0,1080,0,heuristic_v7,solved,1,172.995106,74.622476,2.318271,0.0943,,
u_mand_factor\set80\u_mand_factor_0.3.py,u_mand_factor,80,u_mand_factor,0.3,2,8,5,0.3,0.5,0.7,0.6,0.6,0.7,83.720001,80,25,55.200002,119.600001,26.400001,1,1,1080,0,ilp_v2,optimal,1,147.209161,83.235063,1.768596,0.014,0.0,
u_mand_factor\set80\u_mand_factor_0.3.py,u_mand_factor,80,u_mand_factor,0.3,2,8,5,0.3,0.5,0.7,0.6,0.6,0.7,83.720001,80,25,55.200002,119.600001,26.400001,1,1,1080,0,heuristic_v5b,solved,1,147.209161,83.622215,1.760407,0.008,,
u_mand_factor\set80\u_mand_factor_0.3.py,u_mand_factor,80,u_mand_factor,0.3,2,8,5,0.3,0.5,0.7,0.6,0.6,0.7,83.720001,80,25,55.200002,119.600001,26.400001,1,1,1080,0,heuristic_v7,solved,1,147.209161,83.622215,1.760407,0.1349,,
u_mand_factor\set80\u_mand_factor_0.4.py,u_mand_factor,80,u_mand_factor,0.4,2,8,5,0.4,0.5,0.7,0.6,0.8,0.6,90.159998,80,25,73.599998,128.799998,35.199999,1,1,1080,0,ilp_v2,optimal,1,130.640304,89.504637,1.459593,0.0137,0.0,
u_mand_factor\set80\u_mand_factor_0.4.py,u_mand_factor,80,u_mand_factor,0.4,2,8,5,0.4,0.5,0.7,0.6,0.8,0.6,90.159998,80,25,73.599998,128.799998,35.199999,1,1,1080,0,heuristic_v5b,solved,1,130.640304,88.779831,1.471509,0.0065,,
u_mand_factor\set80\u_mand_factor_0.4.py,u_mand_factor,80,u_mand_factor,0.4,2,8,5,0.4,0.5,0.7,0.6,0.8,0.6,90.159998,80,25,73.599998,128.799998,35.199999,1,1,1080,0,heuristic_v7,solved,1,130.640304,88.779831,1.471509,0.1263,,
u_mand_factor\set80\u_mand_factor_0.5.py,u_mand_factor,80,u_mand_factor,0.5,2,8,5,0.5,0.5,0.7,0.6,1.0,0.5,96.600006,80,25,92.000008,138.000009,44.000004,1,1,1080,0,ilp_v2,optimal,1,109.239359,96.592634,1.130928,0.0351,0.0,
u_mand_factor\set80\u_mand_factor_0.5.py,u_mand_factor,80,u_mand_factor,0.5,2,8,5,0.5,0.5,0.7,0.6,1.0,0.5,96.600006,80,25,92.000008,138.000009,44.000004,1,1,1080,0,heuristic_v5b,solved,1,100.528062,96.401514,1.042806,0.0073,,
u_mand_factor\set80\u_mand_factor_0.5.py,u_mand_factor,80,u_mand_factor,0.5,2,8,5,0.5,0.5,0.7,0.6,1.0,0.5,96.600006,80,25,92.000008,138.000009,44.000004,1,1,1080,0,heuristic_v7,solved,1,109.239359,96.515692,1.13183,0.1053,,
u_mand_factor\set80\u_mand_factor_0.6.py,u_mand_factor,80,u_mand_factor,0.6,2,8,5,0.6,0.5,0.7,0.6,1.2,0.4,103.040005,80,25,110.400005,147.200007,52.800002,1,1,1080,0,ilp_v2,optimal,1,80.9742,103.021588,0.785993,0.4691,0.0,
u_mand_factor\set80\u_mand_factor_0.6.py,u_mand_factor,80,u_mand_factor,0.6,2,8,5,0.6,0.5,0.7,0.6,1.2,0.4,103.040005,80,25,110.400005,147.200007,52.800002,1,1,1080,0,heuristic_v5b,solved,1,76.890928,102.773959,0.748156,0.0148,,
u_mand_factor\set80\u_mand_factor_0.6.py,u_mand_factor,80,u_mand_factor,0.6,2,8,5,0.6,0.5,0.7,0.6,1.2,0.4,103.040005,80,25,110.400005,147.200007,52.800002,1,1,1080,0,heuristic_v7,solved,1,78.94361,103.004875,0.766407,0.1662,,
u_mand_factor\set80\u_mand_factor_0.7.py,u_mand_factor,80,u_mand_factor,0.7,2,8,5,0.7,0.5,0.7,0.6,1.4,0.3,109.479998,80,25,128.799993,156.399997,61.599997,1,1,1080,0,ilp_v2,optimal,1,48.511287,109.345487,0.443651,0.3094,0.0,
u_mand_factor\set80\u_mand_factor_0.7.py,u_mand_factor,80,u_mand_factor,0.7,2,8,5,0.7,0.5,0.7,0.6,1.4,0.3,109.479998,80,25,128.799993,156.399997,61.599997,1,1,1080,0,heuristic_v5b,solved,1,47.21814,109.416707,0.431544,0.0171,,
u_mand_factor\set80\u_mand_factor_0.7.py,u_mand_factor,80,u_mand_factor,0.7,2,8,5,0.7,0.5,0.7,0.6,1.4,0.3,109.479998,80,25,128.799993,156.399997,61.599997,1,1,1080,0,heuristic_v7,solved,1,48.030124,109.01345,0.440589,0.3199,,
u_mand_factor\set80\u_mand_factor_0.8.py,u_mand_factor,80,u_mand_factor,0.8,2,8,5,0.8,0.5,0.7,0.6,1.6,0.2,115.92,80,25,147.200005,165.6,70.400002,1,1,1080,0,ilp_v2,optimal,1,5.256314,115.916547,0.045346,0.2072,0.0,
u_mand_factor\set80\u_mand_factor_0.8.py,u_mand_factor,80,u_mand_factor,0.8,2,8,5,0.8,0.5,0.7,0.6,1.6,0.2,115.92,80,25,147.200005,165.6,70.400002,1,1,1080,0,heuristic_v5b,solved,1,4.714991,115.863585,0.040694,0.0161,,
u_mand_factor\set80\u_mand_factor_0.8.py,u_mand_factor,80,u_mand_factor,0.8,2,8,5,0.8,0.5,0.7,0.6,1.6,0.2,115.92,80,25,147.200005,165.6,70.400002,1,1,1080,0,heuristic_v7,solved,1,10.868616,115.909771,0.093768,0.2354,,
u_mand_factor\set80\u_mand_factor_0.9.py,u_mand_factor,80,u_mand_factor,0.9,2,8,5,0.9,0.5,0.7,0.6,1.8,0.1,122.360006,80,25,165.600002,174.800009,79.200001,1,1,1080,0,ilp_v2,infeasible,0,,,,0.0192,,
u_mand_factor\set80\u_mand_factor_0.9.py,u_mand_factor,80,u_mand_factor,0.9,2,8,5,0.9,0.5,0.7,0.6,1.8,0.1,122.360006,80,25,165.600002,174.800009,79.200001,1,1,1080,0,heuristic_v5b,infeasible,0,,,,0.0,,
u_mand_factor\set80\u_mand_factor_0.9.py,u_mand_factor,80,u_mand_factor,0.9,2,8,5,0.9,0.5,0.7,0.6,1.8,0.1,122.360006,80,25,165.600002,174.800009,79.200001,1,1,1080,0,heuristic_v7,infeasible,0,,,,0.0,,
u_mand_factor\set81\u_mand_factor_0.1.py,u_mand_factor,81,u_mand_factor,0.1,2,8,5,0.1,0.5,0.7,0.6,0.2,0.9,70.840001,80,24,18.400002,101.200001,8.800001,1,0,1081,0,ilp_v2,optimal,1,223.227908,63.281544,3.527536,0.01,0.0,
u_mand_factor\set81\u_mand_factor_0.1.py,u_mand_factor,81,u_mand_factor,0.1,2,8,5,0.1,0.5,0.7,0.6,0.2,0.9,70.840001,80,24,18.400002,101.200001,8.800001,1,0,1081,0,heuristic_v5b,solved,1,223.227908,67.100001,3.326794,0.0039,,
u_mand_factor\set81\u_mand_factor_0.1.py,u_mand_factor,81,u_mand_factor,0.1,2,8,5,0.1,0.5,0.7,0.6,0.2,0.9,70.840001,80,24,18.400002,101.200001,8.800001,1,0,1081,0,heuristic_v7,solved,1,223.227908,67.100001,3.326794,0.0988,,
u_mand_factor\set81\u_mand_factor_0.2.py,u_mand_factor,81,u_mand_factor,0.2,2,8,5,0.2,0.5,0.7,0.6,0.4,0.8,77.279994,80,24,36.800001,110.399991,17.600001,1,0,1081,0,ilp_v2,optimal,1,215.673412,77.096416,2.797451,0.0096,0.0,
u_mand_factor\set81\u_mand_factor_0.2.py,u_mand_factor,81,u_mand_factor,0.2,2,8,5,0.2,0.5,0.7,0.6,0.4,0.8,77.279994,80,24,36.800001,110.399991,17.600001,1,0,1081,0,heuristic_v5b,solved,1,192.466763,66.41143,2.898097,0.005,,
u_mand_factor\set81\u_mand_factor_0.2.py,u_mand_factor,81,u_mand_factor,0.2,2,8,5,0.2,0.5,0.7,0.6,0.4,0.8,77.279994,80,24,36.800001,110.399991,17.600001,1,0,1081,0,heuristic_v7,solved,1,215.673412,73.199994,2.946358,0.0515,,
u_mand_factor\set81\u_mand_factor_0.3.py,u_mand_factor,81,u_mand_factor,0.3,2,8,5,0.3,0.5,0.7,0.6,0.6,0.7,83.720001,80,24,55.200005,119.600001,26.400002,1,1,1081,0,ilp_v2,optimal,1,168.674905,83.719629,2.014759,0.0567,2.9e-05,
u_mand_factor\set81\u_mand_factor_0.3.py,u_mand_factor,81,u_mand_factor,0.3,2,8,5,0.3,0.5,0.7,0.6,0.6,0.7,83.720001,80,24,55.200005,119.600001,26.400002,1,1,1081,0,heuristic_v5b,solved,1,160.336794,72.898931,2.19944,0.0049,,
u_mand_factor\set81\u_mand_factor_0.3.py,u_mand_factor,81,u_mand_factor,0.3,2,8,5,0.3,0.5,0.7,0.6,0.6,0.7,83.720001,80,24,55.200005,119.600001,26.400002,1,1,1081,0,heuristic_v7,solved,1,182.218797,79.300001,2.297841,0.0674,,
u_mand_factor\set81\u_mand_factor_0.4.py,u_mand_factor,81,u_mand_factor,0.4,2,8,5,0.4,0.5,0.7,0.6,0.8,0.6,90.159998,80,24,73.599999,128.799998,35.199999,1,1,1081,0,ilp_v2,optimal,1,133.375838,88.46106,1.507735,0.0124,0.0,
u_mand_factor\set81\u_mand_factor_0.4.py,u_mand_factor,81,u_mand_factor,0.4,2,8,5,0.4,0.5,0.7,0.6,0.8,0.6,90.159998,80,24,73.599999,128.799998,35.199999,1,1,1081,0,heuristic_v5b,solved,1,131.353231,90.018519,1.45918,0.0126,,
u_mand_factor\set81\u_mand_factor_0.4.py,u_mand_factor,81,u_mand_factor,0.4,2,8,5,0.4,0.5,0.7,0.6,0.8,0.6,90.159998,80,24,73.599999,128.799998,35.199999,1,1,1081,0,heuristic_v7,solved,1,133.375838,79.098863,1.686192,0.1359,,
u_mand_factor\set81\u_mand_factor_0.5.py,u_mand_factor,81,u_mand_factor,0.5,2,8,5,0.5,0.5,0.7,0.6,1.0,0.5,96.600007,80,24,92.000001,138.00001,44.000001,1,1,1081,0,ilp_v2,optimal,1,105.960021,96.59617,1.096938,0.0769,0.0,
u_mand_factor\set81\u_mand_factor_0.5.py,u_mand_factor,81,u_mand_factor,0.5,2,8,5,0.5,0.5,0.7,0.6,1.0,0.5,96.600007,80,24,92.000001,138.00001,44.000001,1,1,1081,0,heuristic_v5b,solved,1,101.080084,96.598966,1.046389,0.0126,,
u_mand_factor\set81\u_mand_factor_0.5.py,u_mand_factor,81,u_mand_factor,0.5,2,8,5,0.5,0.5,0.7,0.6,1.0,0.5,96.600007,80,24,92.000001,138.00001,44.000001,1,1,1081,0,heuristic_v7,solved,1,117.671369,93.799898,1.254494,0.0702,,
u_mand_factor\set81\u_mand_factor_0.6.py,u_mand_factor,81,u_mand_factor,0.6,2,8,5,0.6,0.5,0.7,0.6,1.2,0.4,103.040006,80,24,110.400001,147.200009,52.800001,1,1,1081,0,ilp_v2,optimal,1,72.384808,103.032051,0.702547,0.1013,0.0,
u_mand_factor\set81\u_mand_factor_0.6.py,u_mand_factor,81,u_mand_factor,0.6,2,8,5,0.6,0.5,0.7,0.6,1.2,0.4,103.040006,80,24,110.400001,147.200009,52.800001,1,1,1081,0,heuristic_v5b,solved,1,46.495259,101.880969,0.456368,0.0136,,
u_mand_factor\set81\u_mand_factor_0.6.py,u_mand_factor,81,u_mand_factor,0.6,2,8,5,0.6,0.5,0.7,0.6,1.2,0.4,103.040006,80,24,110.400001,147.200009,52.800001,1,1,1081,0,heuristic_v7,solved,1,88.112588,102.845975,0.856743,0.1099,,
u_mand_factor\set81\u_mand_factor_0.7.py,u_mand_factor,81,u_mand_factor,0.7,2,8,5,0.7,0.5,0.7,0.6,1.4,0.3,109.480003,80,24,128.800005,156.400005,61.600002,1,1,1081,0,ilp_v2,optimal,1,54.041753,109.465368,0.493688,0.0852,0.0,
u_mand_factor\set81\u_mand_factor_0.7.py,u_mand_factor,81,u_mand_factor,0.7,2,8,5,0.7,0.5,0.7,0.6,1.4,0.3,109.480003,80,24,128.800005,156.400005,61.600002,1,1,1081,0,heuristic_v5b,solved,1,40.507394,109.433966,0.370154,0.0157,,
u_mand_factor\set81\u_mand_factor_0.7.py,u_mand_factor,81,u_mand_factor,0.7,2,8,5,0.7,0.5,0.7,0.6,1.4,0.3,109.480003,80,24,128.800005,156.400005,61.600002,1,1,1081,0,heuristic_v7,solved,1,52.135161,109.466005,0.476268,0.2496,,
u_mand_factor\set81\u_mand_factor_0.8.py,u_mand_factor,81,u_mand_factor,0.8,2,8,5,0.8,0.5,0.7,0.6,1.6,0.2,115.92,80,24,147.199999,165.6,70.399999,1,1,1081,0,ilp_v2,optimal,1,9.425942,115.892124,0.081334,0.1803,0.0,
u_mand_factor\set81\u_mand_factor_0.8.py,u_mand_factor,81,u_mand_factor,0.8,2,8,5,0.8,0.5,0.7,0.6,1.6,0.2,115.92,80,24,147.199999,165.6,70.399999,1,1,1081,0,heuristic_v5b,infeasible,0,,119.970682,,0.027,,over budget: E=119.9707 > B=115.9200
u_mand_factor\set81\u_mand_factor_0.8.py,u_mand_factor,81,u_mand_factor,0.8,2,8,5,0.8,0.5,0.7,0.6,1.6,0.2,115.92,80,24,147.199999,165.6,70.399999,1,1,1081,0,heuristic_v7,solved,1,8.886624,115.31022,0.077067,0.165,,
u_mand_factor\set81\u_mand_factor_0.9.py,u_mand_factor,81,u_mand_factor,0.9,2,8,5,0.9,0.5,0.7,0.6,1.8,0.1,122.360003,80,24,165.600001,174.800005,79.200001,1,1,1081,0,ilp_v2,infeasible,0,,,,0.018,,
u_mand_factor\set81\u_mand_factor_0.9.py,u_mand_factor,81,u_mand_factor,0.9,2,8,5,0.9,0.5,0.7,0.6,1.8,0.1,122.360003,80,24,165.600001,174.800005,79.200001,1,1,1081,0,heuristic_v5b,infeasible,0,,,,0.0,,
u_mand_factor\set81\u_mand_factor_0.9.py,u_mand_factor,81,u_mand_factor,0.9,2,8,5,0.9,0.5,0.7,0.6,1.8,0.1,122.360003,80,24,165.600001,174.800005,79.200001,1,1,1081,0,heuristic_v7,infeasible,0,,,,0.0,,
u_mand_factor\set82\u_mand_factor_0.1.py,u_mand_factor,82,u_mand_factor,0.1,2,8,5,0.1,0.5,0.7,0.6,0.2,0.9,70.839997,80,35,18.399992,101.199995,8.57333,1,0,1082,0,ilp_v2,optimal,1,233.93635,64.686435,3.616467,0.0188,0.0,
u_mand_factor\set82\u_mand_factor_0.1.py,u_mand_factor,82,u_mand_factor,0.1,2,8,5,0.1,0.5,0.7,0.6,0.2,0.9,70.839997,80,35,18.399992,101.199995,8.57333,1,0,1082,0,heuristic_v5b,solved,1,233.93635,70.219029,3.331524,0.0171,,
u_mand_factor\set82\u_mand_factor_0.1.py,u_mand_factor,82,u_mand_factor,0.1,2,8,5,0.1,0.5,0.7,0.6,0.2,0.9,70.839997,80,35,18.399992,101.199995,8.57333,1,0,1082,0,heuristic_v7,solved,1,233.93635,70.219029,3.331524,0.4873,,
u_mand_factor\set82\u_mand_factor_0.2.py,u_mand_factor,82,u_mand_factor,0.2,2,8,5,0.2,0.5,0.7,0.6,0.4,0.8,77.280014,80,35,36.800006,110.40002,17.146669,1,0,1082,0,ilp_v2,optimal,1,194.894167,75.22107,2.590952,0.0187,0.0,
u_mand_factor\set82\u_mand_factor_0.2.py,u_mand_factor,82,u_mand_factor,0.2,2,8,5,0.2,0.5,0.7,0.6,0.4,0.8,77.280014,80,35,36.800006,110.40002,17.146669,1,0,1082,0,heuristic_v5b,solved,1,128.006355,77.262385,1.656775,0.0192,,
u_mand_factor\set82\u_mand_factor_0.2.py,u_mand_factor,82,u_mand_factor,0.2,2,8,5,0.2,0.5,0.7,0.6,0.4,0.8,77.280014,80,35,36.800006,110.40002,17.146669,1,0,1082,0,heuristic_v7,solved,1,128.006355,77.262385,1.656775,0.1628,,
u_mand_factor\set82\u_mand_factor_0.3.py,u_mand_factor,82,u_mand_factor,0.3,2,8,5,0.3,0.5,0.7,0.6,0.6,0.7,83.72,80,35,55.199995,119.6,25.719998,1,1,1082,0,ilp_v2,optimal,1,184.784358,83.671203,2.208458,0.0287,0.0,
u_mand_factor\set82\u_mand_factor_0.3.py,u_mand_factor,82,u_mand_factor,0.3,2,8,5,0.3,0.5,0.7,0.6,0.6,0.7,83.72,80,35,55.199995,119.6,25.719998,1,1,1082,0,heuristic_v5b,solved,1,184.784358,83.57812,2.210918,0.0117,,
u_mand_factor\set82\u_mand_factor_0.3.py,u_mand_factor,82,u_mand_factor,0.3,2,8,5,0.3,0.5,0.7,0.6,0.6,0.7,83.72,80,35,55.199995,119.6,25.719998,1,1,1082,0,heuristic_v7,solved,1,184.784358,83.57812,2.210918,0.5215,,
u_mand_factor\set82\u_mand_factor_0.4.py,u_mand_factor,82,u_mand_factor,0.4,2,8,5,0.4,0.5,0.7,0.6,0.8,0.6,90.159994,80,35,73.600006,128.799992,34.293336,1,1,1082,0,ilp_v2,optimal,1,164.103718,90.088427,1.821585,0.0248,0.0,
u_mand_factor\set82\u_mand_factor_0.4.py,u_mand_factor,82,u_mand_factor,0.4,2,8,5,0.4,0.5,0.7,0.6,0.8,0.6,90.159994,80,35,73.600006,128.799992,34.293336,1,1,1082,0,heuristic_v5b,solved,1,160.170893,90.125915,1.77719,0.0272,,
u_mand_factor\set82\u_mand_factor_0.4.py,u_mand_factor,82,u_mand_factor,0.4,2,8,5,0.4,0.5,0.7,0.6,0.8,0.6,90.159994,80,35,73.600006,128.799992,34.293336,1,1,1082,0,heuristic_v7,solved,1,164.103718,87.982435,1.865187,0.539,,
u_mand_factor\set82\u_mand_factor_0.5.py,u_mand_factor,82,u_mand_factor,0.5,2,8,5,0.5,0.5,0.7,0.6,1.0,0.5,96.600007,80,35,92.000005,138.00001,42.866669,1,1,1082,0,ilp_v2,optimal,1,129.557037,96.596335,1.341221,0.3282,0.0,
u_mand_factor\set82\u_mand_factor_0.5.py,u_mand_factor,82,u_mand_factor,0.5,2,8,5,0.5,0.5,0.7,0.6,1.0,0.5,96.600007,80,35,92.000005,138.00001,42.866669,1,1,1082,0,heuristic_v5b,solved,1,125.3605,96.537579,1.298567,0.0436,,
u_mand_factor\set82\u_mand_factor_0.5.py,u_mand_factor,82,u_mand_factor,0.5,2,8,5,0.5,0.5,0.7,0.6,1.0,0.5,96.600007,80,35,92.000005,138.00001,42.866669,1,1,1082,0,heuristic_v7,solved,1,136.680413,96.432304,1.417372,0.4721,,
u_mand_factor\set82\u_mand_factor_0.6.py,u_mand_factor,82,u_mand_factor,0.6,2,8,5,0.6,0.5,0.7,0.6,1.2,0.4,103.040006,80,35,110.400009,147.200009,51.440004,1,1,1082,0,ilp_v2,optimal,1,89.520713,103.037061,0.868821,0.11,0.0,
u_mand_factor\set82\u_mand_factor_0.6.py,u_mand_factor,82,u_mand_factor,0.6,2,8,5,0.6,0.5,0.7,0.6,1.2,0.4,103.040006,80,35,110.400009,147.200009,51.440004,1,1,1082,0,heuristic_v5b,solved,1,84.517908,103.039734,0.820246,0.0474,,
u_mand_factor\set82\u_mand_factor_0.6.py,u_mand_factor,82,u_mand_factor,0.6,2,8,5,0.6,0.5,0.7,0.6,1.2,0.4,103.040006,80,35,110.400009,147.200009,51.440004,1,1,1082,0,heuristic_v7,solved,1,99.403253,103.007934,0.965006,0.673,,
u_mand_factor\set82\u_mand_factor_0.7.py,u_mand_factor,82,u_mand_factor,0.7,2,8,5,0.7,0.5,0.7,0.6,1.4,0.3,109.479989,80,35,128.799993,156.399984,60.01333,1,1,1082,0,ilp_v2,optimal,1,61.563186,109.460292,0.562425,0.1339,0.0,
u_mand_factor\set82\u_mand_factor_0.7.py,u_mand_factor,82,u_mand_factor,0.7,2,8,5,0.7,0.5,0.7,0.6,1.4,0.3,109.479989,80,35,128.799993,156.399984,60.01333,1,1,1082,0,heuristic_v5b,solved,1,54.720542,109.474071,0.499849,0.4825,,
u_mand_factor\set82\u_mand_factor_0.7.py,u_mand_factor,82,u_mand_factor,0.7,2,8,5,0.7,0.5,0.7,0.6,1.4,0.3,109.479989,80,35,128.799993,156.399984,60.01333,1,1,1082,0,heuristic_v7,solved,1,56.861354,109.467332,0.519437,1.8113,,
u_mand_factor\set82\u_mand_factor_0.8.py,u_mand_factor,82,u_mand_factor,0.8,2,8,5,0.8,0.5,0.7,0.6,1.6,0.2,115.920003,80,35,147.199993,165.600005,68.586663,1,1,1082,0,ilp_v2,infeasible,0,,,,0.0188,,
u_mand_factor\set82\u_mand_factor_0.8.py,u_mand_factor,82,u_mand_factor,0.8,2,8,5,0.8,0.5,0.7,0.6,1.6,0.2,115.920003,80,35,147.199993,165.600005,68.586663,1,1,1082,0,heuristic_v5b,infeasible,0,,122.472958,,0.034,,over budget: E=122.4730 > B=115.9200
u_mand_factor\set82\u_mand_factor_0.8.py,u_mand_factor,82,u_mand_factor,0.8,2,8,5,0.8,0.5,0.7,0.6,1.6,0.2,115.920003,80,35,147.199993,165.600005,68.586663,1,1,1082,0,heuristic_v7,solved,1,14.415208,115.900252,0.124376,1.4155,,
u_mand_factor\set82\u_mand_factor_0.9.py,u_mand_factor,82,u_mand_factor,0.9,2,8,5,0.9,0.5,0.7,0.6,1.8,0.1,122.359994,80,35,165.600002,174.799992,77.160001,1,1,1082,0,ilp_v2,infeasible,0,,,,0.0331,,
u_mand_factor\set82\u_mand_factor_0.9.py,u_mand_factor,82,u_mand_factor,0.9,2,8,5,0.9,0.5,0.7,0.6,1.8,0.1,122.359994,80,35,165.600002,174.799992,77.160001,1,1,1082,0,heuristic_v5b,infeasible,0,,,,0.0,,
u_mand_factor\set82\u_mand_factor_0.9.py,u_mand_factor,82,u_mand_factor,0.9,2,8,5,0.9,0.5,0.7,0.6,1.8,0.1,122.359994,80,35,165.600002,174.799992,77.160001,1,1,1082,0,heuristic_v7,infeasible,0,,,,0.0,,
u_mand_factor\set83\u_mand_factor_0.1.py,u_mand_factor,83,u_mand_factor,0.1,2,8,5,0.1,0.5,0.7,0.6,0.2,0.9,70.840005,80,26,18.400003,101.200007,8.573335,1,0,1083,0,ilp_v2,optimal,1,206.631548,63.871362,3.23512,0.0093,0.0,
u_mand_factor\set83\u_mand_factor_0.1.py,u_mand_factor,83,u_mand_factor,0.1,2,8,5,0.1,0.5,0.7,0.6,0.2,0.9,70.840005,80,26,18.400003,101.200007,8.573335,1,0,1083,0,heuristic_v5b,solved,1,206.631548,68.811644,3.002857,0.0078,,
u_mand_factor\set83\u_mand_factor_0.1.py,u_mand_factor,83,u_mand_factor,0.1,2,8,5,0.1,0.5,0.7,0.6,0.2,0.9,70.840005,80,26,18.400003,101.200007,8.573335,1,0,1083,0,heuristic_v7,solved,1,206.631548,68.811644,3.002857,0.0429,,
u_mand_factor\set83\u_mand_factor_0.2.py,u_mand_factor,83,u_mand_factor,0.2,2,8,5,0.2,0.5,0.7,0.6,0.4,0.8,77.279998,80,26,36.800001,110.399997,17.146667,1,0,1083,0,ilp_v2,optimal,1,206.806995,76.844704,2.691233,0.0122,0.0,
u_mand_factor\set83\u_mand_factor_0.2.py,u_mand_factor,83,u_mand_factor,0.2,2,8,5,0.2,0.5,0.7,0.6,0.4,0.8,77.279998,80,26,36.800001,110.399997,17.146667,1,0,1083,0,heuristic_v5b,solved,1,206.806995,77.274539,2.676263,0.0058,,
u_mand_factor\set83\u_mand_factor_0.2.py,u_mand_factor,83,u_mand_factor,0.2,2,8,5,0.2,0.5,0.7,0.6,0.4,0.8,77.279998,80,26,36.800001,110.399997,17.146667,1,0,1083,0,heuristic_v7,solved,1,206.806995,77.274539,2.676263,0.1015,,
u_mand_factor\set83\u_mand_factor_0.3.py,u_mand_factor,83,u_mand_factor,0.3,2,8,5,0.3,0.5,0.7,0.6,0.6,0.7,83.719999,80,26,55.200007,119.599999,25.720003,1,1,1083,0,ilp_v2,optimal,1,171.185439,82.045127,2.086479,0.0139,0.0,
u_mand_factor\set83\u_mand_factor_0.3.py,u_mand_factor,83,u_mand_factor,0.3,2,8,5,0.3,0.5,0.7,0.6,0.6,0.7,83.719999,80,26,55.200007,119.599999,25.720003,1,1,1083,0,heuristic_v5b,solved,1,163.899981,82.422942,1.988524,0.0057,,
u_mand_factor\set83\u_mand_factor_0.3.py,u_mand_factor,83,u_mand_factor,0.3,2,8,5,0.3,0.5,0.7,0.6,0.6,0.7,83.719999,80,26,55.200007,119.599999,25.720003,1,1,1083,0,heuristic_v7,solved,1,171.185439,82.575774,2.073071,0.0963,,
u_mand_factor\set83\u_mand_factor_0.4.py,u_mand_factor,83,u_mand_factor,0.4,2,8,5,0.4,0.5,0.7,0.6,0.8,0.6,90.159999,80,26,73.599995,128.799999,34.293331,1,1,1083,0,ilp_v2,optimal,1,133.759245,90.156631,1.483632,0.0134,0.0,
u_mand_factor\set83\u_mand_factor_0.4.py,u_mand_factor,83,u_mand_factor,0.4,2,8,5,0.4,0.5,0.7,0.6,0.8,0.6,90.159999,80,26,73.599995,128.799999,34.293331,1,1,1083,0,heuristic_v5b,solved,1,133.759245,90.119062,1.48425,0.0051,,
u_mand_factor\set83\u_mand_factor_0.4.py,u_mand_factor,83,u_mand_factor,0.4,2,8,5,0.4,0.5,0.7,0.6,0.8,0.6,90.159999,80,26,73.599995,128.799999,34.293331,1,1,1083,0,heuristic_v7,solved,1,133.759245,88.739031,1.507333,0.1054,,
u_mand_factor\set83\u_mand_factor_0.5.py,u_mand_factor,83,u_mand_factor,0.5,2,8,5,0.5,0.5,0.7,0.6,1.0,0.5,96.600002,80,26,92.000007,138.000003,42.86667,1,1,1083,0,ilp_v2,optimal,1,106.73969,96.09929,1.110723,0.1614,9.9e-05,
u_mand_factor\set83\u_mand_factor_0.5.py,u_mand_factor,83,u_mand_factor,0.5,2,8,5,0.5,0.5,0.7,0.6,1.0,0.5,96.600002,80,26,92.000007,138.000003,42.86667,1,1,1083,0,heuristic_v5b,solved,1,88.918222,95.741744,0.92873,0.0069,,
u_mand_factor\set83\u_mand_factor_0.5.py,u_mand_factor,83,u_mand_factor,0.5,2,8,5,0.5,0.5,0.7,0.6,1.0,0.5,96.600002,80,26,92.000007,138.000003,42.86667,1,1,1083,0,heuristic_v7,solved,1,106.384587,96.524411,1.102152,0.0838,,
u_mand_factor\set83\u_mand_factor_0.6.py,u_mand_factor,83,u_mand_factor,0.6,2,8,5,0.6,0.5,0.7,0.6,1.2,0.4,103.040002,80,26,110.400001,147.200002,51.440001,1,1,1083,0,ilp_v2,optimal,1,78.987945,103.01008,0.766798,0.0509,0.0,
u_mand_factor\set83\u_mand_factor_0.6.py,u_mand_factor,83,u_mand_factor,0.6,2,8,5,0.6,0.5,0.7,0.6,1.2,0.4,103.040002,80,26,110.400001,147.200002,51.440001,1,1,1083,0,heuristic_v5b,solved,1,54.827298,102.10131,0.536989,0.0255,,
u_mand_factor\set83\u_mand_factor_0.6.py,u_mand_factor,83,u_mand_factor,0.6,2,8,5,0.6,0.5,0.7,0.6,1.2,0.4,103.040002,80,26,110.400001,147.200002,51.440001,1,1,1083,0,heuristic_v7,solved,1,77.542375,102.886961,0.753666,0.1997,,
u_mand_factor\set83\u_mand_factor_0.7.py,u_mand_factor,83,u_mand_factor,0.7,2,8,5,0.7,0.5,0.7,0.6,1.4,0.3,109.479996,80,26,128.800002,156.399994,60.013334,1,1,1083,0,ilp_v2,optimal,1,37.822371,109.464604,0.345521,0.5511,0.0,
u_mand_factor\set83\u_mand_factor_0.7.py,u_mand_factor,83,u_mand_factor,0.7,2,8,5,0.7,0.5,0.7,0.6,1.4,0.3,109.479996,80,26,128.800002,156.399994,60.013334,1,1,1083,0,heuristic_v5b,solved,1,16.222421,109.476776,0.148181,0.0087,,
u_mand_factor\set83\u_mand_factor_0.7.py,u_mand_factor,83,u_mand_factor,0.7,2,8,5,0.7,0.5,0.7,0.6,1.4,0.3,109.479996,80,26,128.800002,156.399994,60.013334,1,1,1083,0,heuristic_v7,solved,1,39.195804,109.301661,0.358602,0.1638,,
u_mand_factor\set83\u_mand_factor_0.8.py,u_mand_factor,83,u_mand_factor,0.8,2,8,5,0.8,0.5,0.7,0.6,1.6,0.2,115.920001,80,26,147.200002,165.600001,68.586668,1,1,1083,0,ilp_v2,infeasible,0,,,,0.0115,,
u_mand_factor\set83\u_mand_factor_0.8.py,u_mand_factor,83,u_mand_factor,0.8,2,8,5,0.8,0.5,0.7,0.6,1.6,0.2,115.920001,80,26,147.200002,165.600001,68.586668,1,1,1083,0,heuristic_v5b,infeasible,0,,119.893662,,0.021,,over budget: E=119.8937 > B=115.9200
u_mand_factor\set83\u_mand_factor_0.8.py,u_mand_factor,83,u_mand_factor,0.8,2,8,5,0.8,0.5,0.7,0.6,1.6,0.2,115.920001,80,26,147.200002,165.600001,68.586668,1,1,1083,0,heuristic_v7,infeasible,0,,119.448747,,0.1283,,over budget: E=119.4487 > B=115.9200
u_mand_factor\set83\u_mand_factor_0.9.py,u_mand_factor,83,u_mand_factor,0.9,2,8,5,0.9,0.5,0.7,0.6,1.8,0.1,122.359995,80,26,165.599997,174.799993,77.159998,1,1,1083,0,ilp_v2,infeasible,0,,,,0.0193,,
u_mand_factor\set83\u_mand_factor_0.9.py,u_mand_factor,83,u_mand_factor,0.9,2,8,5,0.9,0.5,0.7,0.6,1.8,0.1,122.359995,80,26,165.599997,174.799993,77.159998,1,1,1083,0,heuristic_v5b,infeasible,0,,,,0.0,,
u_mand_factor\set83\u_mand_factor_0.9.py,u_mand_factor,83,u_mand_factor,0.9,2,8,5,0.9,0.5,0.7,0.6,1.8,0.1,122.359995,80,26,165.599997,174.799993,77.159998,1,1,1083,0,heuristic_v7,infeasible,0,,,,0.0,,
u_mand_factor\set84\u_mand_factor_0.1.py,u_mand_factor,84,u_mand_factor,0.1,2,8,5,0.1,0.5,0.7,0.6,0.2,0.9,70.840008,80,32,18.4,101.200012,9.44,1,0,1084,0,ilp_v2,optimal,1,174.956999,70.483434,2.482243,0.0209,0.0,
u_mand_factor\set84\u_mand_factor_0.1.py,u_mand_factor,84,u_mand_factor,0.1,2,8,5,0.1,0.5,0.7,0.6,0.2,0.9,70.840008,80,32,18.4,101.200012,9.44,1,0,1084,0,heuristic_v5b,solved,1,174.956999,70.743903,2.473104,0.0128,,
u_mand_factor\set84\u_mand_factor_0.1.py,u_mand_factor,84,u_mand_factor,0.1,2,8,5,0.1,0.5,0.7,0.6,0.2,0.9,70.840008,80,32,18.4,101.200012,9.44,1,0,1084,0,heuristic_v7,solved,1,174.956999,70.743903,2.473104,0.1344,,
u_mand_factor\set84\u_mand_factor_0.2.py,u_mand_factor,84,u_mand_factor,0.2,2,8,5,0.2,0.5,0.7,0.6,0.4,0.8,77.280002,80,32,36.800009,110.400003,18.880005,1,0,1084,0,ilp_v2,optimal,1,177.915739,76.463397,2.326809,0.0276,0.0,
u_mand_factor\set84\u_mand_factor_0.2.py,u_mand_factor,84,u_mand_factor,0.2,2,8,5,0.2,0.5,0.7,0.6,0.4,0.8,77.280002,80,32,36.800009,110.400003,18.880005,1,0,1084,0,heuristic_v5b,solved,1,177.915739,77.070824,2.308471,0.0203,,
u_mand_factor\set84\u_mand_factor_0.2.py,u_mand_factor,84,u_mand_factor,0.2,2,8,5,0.2,0.5,0.7,0.6,0.4,0.8,77.280002,80,32,36.800009,110.400003,18.880005,1,0,1084,0,heuristic_v7,solved,1,177.915739,77.070824,2.308471,0.1766,,
u_mand_factor\set84\u_mand_factor_0.3.py,u_mand_factor,84,u_mand_factor,0.3,2,8,5,0.3,0.5,0.7,0.6,0.6,0.7,83.720003,80,32,55.200009,119.600005,28.320005,1,1,1084,0,ilp_v2,optimal,1,141.460573,83.43978,1.695361,0.0535,0.0,
u_mand_factor\set84\u_mand_factor_0.3.py,u_mand_factor,84,u_mand_factor,0.3,2,8,5,0.3,0.5,0.7,0.6,0.6,0.7,83.720003,80,32,55.200009,119.600005,28.320005,1,1,1084,0,heuristic_v5b,solved,1,125.277804,83.633282,1.497942,0.014,,
u_mand_factor\set84\u_mand_factor_0.3.py,u_mand_factor,84,u_mand_factor,0.3,2,8,5,0.3,0.5,0.7,0.6,0.6,0.7,83.720003,80,32,55.200009,119.600005,28.320005,1,1,1084,0,heuristic_v7,solved,1,144.211426,82.969569,1.738124,0.201,,
u_mand_factor\set84\u_mand_factor_0.4.py,u_mand_factor,84,u_mand_factor,0.4,2,8,5,0.4,0.5,0.7,0.6,0.8,0.6,90.159996,80,32,73.599991,128.799994,37.759995,1,1,1084,0,ilp_v2,optimal,1,116.253794,90.105946,1.29019,0.0425,0.0,
u_mand_factor\set84\u_mand_factor_0.4.py,u_mand_factor,84,u_mand_factor,0.4,2,8,5,0.4,0.5,0.7,0.6,0.8,0.6,90.159996,80,32,73.599991,128.799994,37.759995,1,1,1084,0,heuristic_v5b,solved,1,101.24048,89.919142,1.125906,0.0164,,
u_mand_factor\set84\u_mand_factor_0.4.py,u_mand_factor,84,u_mand_factor,0.4,2,8,5,0.4,0.5,0.7,0.6,0.8,0.6,90.159996,80,32,73.599991,128.799994,37.759995,1,1,1084,0,heuristic_v7,solved,1,120.004446,89.086885,1.34705,0.1952,,
u_mand_factor\set84\u_mand_factor_0.5.py,u_mand_factor,84,u_mand_factor,0.5,2,8,5,0.5,0.5,0.7,0.6,1.0,0.5,96.599995,80,32,91.999998,137.999993,47.199999,1,1,1084,0,ilp_v2,optimal,1,89.429282,96.573812,0.92602,0.1943,0.0,
u_mand_factor\set84\u_mand_factor_0.5.py,u_mand_factor,84,u_mand_factor,0.5,2,8,5,0.5,0.5,0.7,0.6,1.0,0.5,96.599995,80,32,91.999998,137.999993,47.199999,1,1,1084,0,heuristic_v5b,solved,1,68.175215,96.336423,0.707678,0.0253,,
u_mand_factor\set84\u_mand_factor_0.5.py,u_mand_factor,84,u_mand_factor,0.5,2,8,5,0.5,0.5,0.7,0.6,1.0,0.5,96.599995,80,32,91.999998,137.999993,47.199999,1,1,1084,0,heuristic_v7,solved,1,87.967053,94.726738,0.92864,0.184,,
u_mand_factor\set84\u_mand_factor_0.6.py,u_mand_factor,84,u_mand_factor,0.6,2,8,5,0.6,0.5,0.7,0.6,1.2,0.4,103.039997,80,32,110.400002,147.199995,56.640001,1,1,1084,0,ilp_v2,optimal,1,65.93194,103.028902,0.639936,0.0754,0.0,
u_mand_factor\set84\u_mand_factor_0.6.py,u_mand_factor,84,u_mand_factor,0.6,2,8,5,0.6,0.5,0.7,0.6,1.2,0.4,103.039997,80,32,110.400002,147.199995,56.640001,1,1,1084,0,heuristic_v5b,solved,1,57.477684,102.612177,0.560145,0.0299,,
u_mand_factor\set84\u_mand_factor_0.6.py,u_mand_factor,84,u_mand_factor,0.6,2,8,5,0.6,0.5,0.7,0.6,1.2,0.4,103.039997,80,32,110.400002,147.199995,56.640001,1,1,1084,0,heuristic_v7,solved,1,70.826375,103.010839,0.687562,0.3997,,
u_mand_factor\set84\u_mand_factor_0.7.py,u_mand_factor,84,u_mand_factor,0.7,2,8,5,0.7,0.5,0.7,0.6,1.4,0.3,109.480005,80,32,128.800002,156.400007,66.080001,1,1,1084,0,ilp_v2,optimal,1,34.054134,109.461068,0.311107,0.2631,0.0,
u_mand_factor\set84\u_mand_factor_0.7.py,u_mand_factor,84,u_mand_factor,0.7,2,8,5,0.7,0.5,0.7,0.6,1.4,0.3,109.480005,80,32,128.800002,156.400007,66.080001,1,1,1084,0,heuristic_v5b,solved,1,26.094122,109.114443,0.239145,0.0263,,
u_mand_factor\set84\u_mand_factor_0.7.py,u_mand_factor,84,u_mand_factor,0.7,2,8,5,0.7,0.5,0.7,0.6,1.4,0.3,109.480005,80,32,128.800002,156.400007,66.080001,1,1,1084,0,heuristic_v7,solved,1,47.460618,109.386542,0.43388,0.3984,,
u_mand_factor\set84\u_mand_factor_0.8.py,u_mand_factor,84,u_mand_factor,0.8,2,8,5,0.8,0.5,0.7,0.6,1.6,0.2,115.920003,80,32,147.200007,165.600005,75.520004,1,1,1084,0,ilp_v2,infeasible,0,,,,0.0309,,
u_mand_factor\set84\u_mand_factor_0.8.py,u_mand_factor,84,u_mand_factor,0.8,2,8,5,0.8,0.5,0.7,0.6,1.6,0.2,115.920003,80,32,147.200007,165.600005,75.520004,1,1,1084,0,heuristic_v5b,infeasible,0,,,,0.0,,
u_mand_factor\set84\u_mand_factor_0.8.py,u_mand_factor,84,u_mand_factor,0.8,2,8,5,0.8,0.5,0.7,0.6,1.6,0.2,115.920003,80,32,147.200007,165.600005,75.520004,1,1,1084,0,heuristic_v7,infeasible,0,,,,0.0,,
u_mand_factor\set84\u_mand_factor_0.9.py,u_mand_factor,84,u_mand_factor,0.9,2,8,5,0.9,0.5,0.7,0.6,1.8,0.1,122.360001,80,32,165.600002,174.800001,84.960001,1,1,1084,0,ilp_v2,infeasible,0,,,,0.0315,,
u_mand_factor\set84\u_mand_factor_0.9.py,u_mand_factor,84,u_mand_factor,0.9,2,8,5,0.9,0.5,0.7,0.6,1.8,0.1,122.360001,80,32,165.600002,174.800001,84.960001,1,1,1084,0,heuristic_v5b,infeasible,0,,,,0.0,,
u_mand_factor\set84\u_mand_factor_0.9.py,u_mand_factor,84,u_mand_factor,0.9,2,8,5,0.9,0.5,0.7,0.6,1.8,0.1,122.360001,80,32,165.600002,174.800001,84.960001,1,1,1084,0,heuristic_v7,infeasible,0,,,,0.0,,
u_mand_factor\set85\u_mand_factor_0.1.py,u_mand_factor,85,u_mand_factor,0.1,2,8,5,0.1,0.5,0.7,0.6,0.2,0.9,70.839994,80,37,18.399995,101.199991,13.239997,1,0,1085,0,ilp_v2,optimal,1,171.848691,70.816723,2.426668,0.0328,0.0,
u_mand_factor\set85\u_mand_factor_0.1.py,u_mand_factor,85,u_mand_factor,0.1,2,8,5,0.1,0.5,0.7,0.6,0.2,0.9,70.839994,80,37,18.399995,101.199991,13.239997,1,0,1085,0,heuristic_v5b,solved,1,171.848691,70.816723,2.426668,0.0319,,
u_mand_factor\set85\u_mand_factor_0.1.py,u_mand_factor,85,u_mand_factor,0.1,2,8,5,0.1,0.5,0.7,0.6,0.2,0.9,70.839994,80,37,18.399995,101.199991,13.239997,1,0,1085,0,heuristic_v7,solved,1,171.848691,70.816723,2.426668,0.2788,,
u_mand_factor\set85\u_mand_factor_0.2.py,u_mand_factor,85,u_mand_factor,0.2,2,8,5,0.2,0.5,0.7,0.6,0.4,0.8,77.280002,80,37,36.799993,110.400003,26.479995,1,0,1085,0,ilp_v2,optimal,1,163.655845,77.270595,2.117958,0.0366,0.0,
u_mand_factor\set85\u_mand_factor_0.2.py,u_mand_factor,85,u_mand_factor,0.2,2,8,5,0.2,0.5,0.7,0.6,0.4,0.8,77.280002,80,37,36.799993,110.400003,26.479995,1,0,1085,0,heuristic_v5b,solved,1,163.655845,77.270595,2.117958,0.0334,,
u_mand_factor\set85\u_mand_factor_0.2.py,u_mand_factor,85,u_mand_factor,0.2,2,8,5,0.2,0.5,0.7,0.6,0.4,0.8,77.280002,80,37,36.799993,110.400003,26.479995,1,0,1085,0,heuristic_v7,solved,1,163.655845,77.270595,2.117958,0.3892,,
u_mand_factor\set85\u_mand_factor_0.3.py,u_mand_factor,85,u_mand_factor,0.3,2,8,5,0.3,0.5,0.7,0.6,0.6,0.7,83.720004,80,37,55.200005,119.600006,39.720003,1,1,1085,0,ilp_v2,optimal,1,132.343329,83.702963,1.581107,0.0322,0.0,
u_mand_factor\set85\u_mand_factor_0.3.py,u_mand_factor,85,u_mand_factor,0.3,2,8,5,0.3,0.5,0.7,0.6,0.6,0.7,83.720004,80,37,55.200005,119.600006,39.720003,1,1,1085,0,heuristic_v5b,solved,1,132.343329,83.702963,1.581107,0.0378,,
u_mand_factor\set85\u_mand_factor_0.3.py,u_mand_factor,85,u_mand_factor,0.3,2,8,5,0.3,0.5,0.7,0.6,0.6,0.7,83.720004,80,37,55.200005,119.600006,39.720003,1,1,1085,0,heuristic_v7,solved,1,132.343329,83.702963,1.581107,0.4394,,
u_mand_factor\set85\u_mand_factor_0.4.py,u_mand_factor,85,u_mand_factor,0.4,2,8,5,0.4,0.5,0.7,0.6,0.8,0.6,90.159995,80,37,73.600001,128.799993,52.960001,1,1,1085,0,ilp_v2,optimal,1,108.885542,90.146299,1.207876,0.0371,0.0,
u_mand_factor\set85\u_mand_factor_0.4.py,u_mand_factor,85,u_mand_factor,0.4,2,8,5,0.4,0.5,0.7,0.6,0.8,0.6,90.159995,80,37,73.600001,128.799993,52.960001,1,1,1085,0,heuristic_v5b,solved,1,102.360461,90.148982,1.135459,0.0369,,
u_mand_factor\set85\u_mand_factor_0.4.py,u_mand_factor,85,u_mand_factor,0.4,2,8,5,0.4,0.5,0.7,0.6,0.8,0.6,90.159995,80,37,73.600001,128.799993,52.960001,1,1,1085,0,heuristic_v7,solved,1,102.360461,90.148982,1.135459,0.3305,,
u_mand_factor\set85\u_mand_factor_0.5.py,u_mand_factor,85,u_mand_factor,0.5,2,8,5,0.5,0.5,0.7,0.6,1.0,0.5,96.599997,80,37,91.999997,137.999995,66.199998,1,1,1085,0,ilp_v2,optimal,1,92.520328,96.5528,0.958236,0.0376,0.0,
u_mand_factor\set85\u_mand_factor_0.5.py,u_mand_factor,85,u_mand_factor,0.5,2,8,5,0.5,0.5,0.7,0.6,1.0,0.5,96.599997,80,37,91.999997,137.999995,66.199998,1,1,1085,0,heuristic_v5b,solved,1,90.468247,96.54411,0.937066,0.0292,,
u_mand_factor\set85\u_mand_factor_0.5.py,u_mand_factor,85,u_mand_factor,0.5,2,8,5,0.5,0.5,0.7,0.6,1.0,0.5,96.599997,80,37,91.999997,137.999995,66.199998,1,1,1085,0,heuristic_v7,solved,1,92.485343,96.524698,0.958152,0.2372,,
u_mand_factor\set85\u_mand_factor_0.6.py,u_mand_factor,85,u_mand_factor,0.6,2,8,5,0.6,0.5,0.7,0.6,1.2,0.4,103.039997,80,37,110.399994,147.199995,79.439996,1,1,1085,0,ilp_v2,optimal,1,73.099588,102.985913,0.709802,0.0617,0.0,
u_mand_factor\set85\u_mand_factor_0.6.py,u_mand_factor,85,u_mand_factor,0.6,2,8,5,0.6,0.5,0.7,0.6,1.2,0.4,103.039997,80,37,110.399994,147.199995,79.439996,1,1,1085,0,heuristic_v5b,solved,1,68.342944,103.02424,0.663368,0.057,,
u_mand_factor\set85\u_mand_factor_0.6.py,u_mand_factor,85,u_mand_factor,0.6,2,8,5,0.6,0.5,0.7,0.6,1.2,0.4,103.039997,80,37,110.399994,147.199995,79.439996,1,1,1085,0,heuristic_v7,solved,1,73.085595,102.974673,0.709743,0.3711,,
u_mand_factor\set85\u_mand_factor_0.7.py,u_mand_factor,85,u_mand_factor,0.7,2,8,5,0.7,0.5,0.7,0.6,1.4,0.3,109.479985,80,37,128.799997,156.399978,92.679998,1,1,1085,0,ilp_v2,optimal,1,50.347509,109.479072,0.459882,0.6258,2.1e-05,
u_mand_factor\set85\u_mand_factor_0.7.py,u_mand_factor,85,u_mand_factor,0.7,2,8,5,0.7,0.5,0.7,0.6,1.4,0.3,109.479985,80,37,128.799997,156.399978,92.679998,1,1,1085,0,heuristic_v5b,solved,1,40.577401,109.41523,0.370857,0.0587,,
u_mand_factor\set85\u_mand_factor_0.7.py,u_mand_factor,85,u_mand_factor,0.7,2,8,5,0.7,0.5,0.7,0.6,1.4,0.3,109.479985,80,37,128.799997,156.399978,92.679998,1,1,1085,0,heuristic_v7,solved,1,46.859151,108.86622,0.430429,0.7454,,
u_mand_factor\set85\u_mand_factor_0.8.py,u_mand_factor,85,u_mand_factor,0.8,2,8,5,0.8,0.5,0.7,0.6,1.6,0.2,115.919997,80,37,147.200001,165.599995,105.920001,1,1,1085,0,ilp_v2,optimal,1,20.934588,115.918936,0.180597,0.3647,0.0,
u_mand_factor\set85\u_mand_factor_0.8.py,u_mand_factor,85,u_mand_factor,0.8,2,8,5,0.8,0.5,0.7,0.6,1.6,0.2,115.919997,80,37,147.200001,165.599995,105.920001,1,1,1085,0,heuristic_v5b,solved,1,11.224244,115.894244,0.096849,0.0897,,
u_mand_factor\set85\u_mand_factor_0.8.py,u_mand_factor,85,u_mand_factor,0.8,2,8,5,0.8,0.5,0.7,0.6,1.6,0.2,115.919997,80,37,147.200001,165.599995,105.920001,1,1,1085,0,heuristic_v7,solved,1,17.555726,115.901336,0.151471,0.7143,,
u_mand_factor\set85\u_mand_factor_0.9.py,u_mand_factor,85,u_mand_factor,0.9,2,8,5,0.9,0.5,0.7,0.6,1.8,0.1,122.359995,80,37,165.599997,174.799993,119.159998,1,1,1085,0,ilp_v2,infeasible,0,,,,0.0121,,
u_mand_factor\set85\u_mand_factor_0.9.py,u_mand_factor,85,u_mand_factor,0.9,2,8,5,0.9,0.5,0.7,0.6,1.8,0.1,122.359995,80,37,165.599997,174.799993,119.159998,1,1,1085,0,heuristic_v5b,infeasible,0,,142.531973,,0.0372,,over budget: E=142.5320 > B=122.3600
u_mand_factor\set85\u_mand_factor_0.9.py,u_mand_factor,85,u_mand_factor,0.9,2,8,5,0.9,0.5,0.7,0.6,1.8,0.1,122.359995,80,37,165.599997,174.799993,119.159998,1,1,1085,0,heuristic_v7,infeasible,0,,141.595044,,0.2713,,over budget: E=141.5950 > B=122.3600
u_mand_factor\set86\u_mand_factor_0.1.py,u_mand_factor,86,u_mand_factor,0.1,2,8,5,0.1,0.5,0.7,0.6,0.2,0.9,70.840006,80,26,18.400007,101.200008,9.760004,1,0,1086,0,ilp_v2,optimal,1,302.374464,53.680004,5.632907,0.0074,0.0,
u_mand_factor\set86\u_mand_factor_0.1.py,u_mand_factor,86,u_mand_factor,0.1,2,8,5,0.1,0.5,0.7,0.6,0.2,0.9,70.840006,80,26,18.400007,101.200008,9.760004,1,0,1086,0,heuristic_v5b,solved,1,302.374464,70.745309,4.274127,0.0087,,
u_mand_factor\set86\u_mand_factor_0.1.py,u_mand_factor,86,u_mand_factor,0.1,2,8,5,0.1,0.5,0.7,0.6,0.2,0.9,70.840006,80,26,18.400007,101.200008,9.760004,1,0,1086,0,heuristic_v7,solved,1,302.374464,70.745309,4.274127,0.1328,,
u_mand_factor\set86\u_mand_factor_0.2.py,u_mand_factor,86,u_mand_factor,0.2,2,8,5,0.2,0.5,0.7,0.6,0.4,0.8,77.280002,80,26,36.800001,110.400003,19.520001,1,0,1086,0,ilp_v2,optimal,1,281.905702,70.392868,4.004748,0.014,0.0,
u_mand_factor\set86\u_mand_factor_0.2.py,u_mand_factor,86,u_mand_factor,0.2,2,8,5,0.2,0.5,0.7,0.6,0.4,0.8,77.280002,80,26,36.800001,110.400003,19.520001,1,0,1086,0,heuristic_v5b,solved,1,281.905702,77.23224,3.650104,0.0083,,
u_mand_factor\set86\u_mand_factor_0.2.py,u_mand_factor,86,u_mand_factor,0.2,2,8,5,0.2,0.5,0.7,0.6,0.4,0.8,77.280002,80,26,36.800001,110.400003,19.520001,1,0,1086,0,heuristic_v7,solved,1,281.905702,77.23224,3.650104,0.1065,,
u_mand_factor\set86\u_mand_factor_0.3.py,u_mand_factor,86,u_mand_factor,0.3,2,8,5,0.3,0.5,0.7,0.6,0.6,0.7,83.720005,80,26,55.200003,119.600007,29.280002,1,1,1086,0,ilp_v2,optimal,1,250.219041,82.913218,3.017843,0.0127,0.0,
u_mand_factor\set86\u_mand_factor_0.3.py,u_mand_factor,86,u_mand_factor,0.3,2,8,5,0.3,0.5,0.7,0.6,0.6,0.7,83.720005,80,26,55.200003,119.600007,29.280002,1,1,1086,0,heuristic_v5b,solved,1,250.219041,83.717106,2.988864,0.0107,,
u_mand_factor\set86\u_mand_factor_0.3.py,u_mand_factor,86,u_mand_factor,0.3,2,8,5,0.3,0.5,0.7,0.6,0.6,0.7,83.720005,80,26,55.200003,119.600007,29.280002,1,1,1086,0,heuristic_v7,solved,1,250.219041,83.717106,2.988864,0.1207,,
u_mand_factor\set86\u_mand_factor_0.4.py,u_mand_factor,86,u_mand_factor,0.4,2,8,5,0.4,0.5,0.7,0.6,0.8,0.6,90.159998,80,26,73.599998,128.799997,39.039999,1,1,1086,0,ilp_v2,optimal,1,215.410897,86.559965,2.488574,0.0143,0.0,
u_mand_factor\set86\u_mand_factor_0.4.py,u_mand_factor,86,u_mand_factor,0.4,2,8,5,0.4,0.5,0.7,0.6,0.8,0.6,90.159998,80,26,73.599998,128.799997,39.039999,1,1,1086,0,heuristic_v5b,solved,1,215.410897,90.060956,2.391834,0.0075,,
u_mand_factor\set86\u_mand_factor_0.4.py,u_mand_factor,86,u_mand_factor,0.4,2,8,5,0.4,0.5,0.7,0.6,0.8,0.6,90.159998,80,26,73.599998,128.799997,39.039999,1,1,1086,0,heuristic_v7,solved,1,215.410897,90.060956,2.391834,0.1185,,
u_mand_factor\set86\u_mand_factor_0.5.py,u_mand_factor,86,u_mand_factor,0.5,2,8,5,0.5,0.5,0.7,0.6,1.0,0.5,96.600002,80,26,92.000006,138.000002,48.800003,1,1,1086,0,ilp_v2,optimal,1,179.686056,96.048896,1.870777,0.0171,0.0,
u_mand_factor\set86\u_mand_factor_0.5.py,u_mand_factor,86,u_mand_factor,0.5,2,8,5,0.5,0.5,0.7,0.6,1.0,0.5,96.600002,80,26,92.000006,138.000002,48.800003,1,1,1086,0,heuristic_v5b,solved,1,146.404535,96.560216,1.516199,0.0093,,
u_mand_factor\set86\u_mand_factor_0.5.py,u_mand_factor,86,u_mand_factor,0.5,2,8,5,0.5,0.5,0.7,0.6,1.0,0.5,96.600002,80,26,92.000006,138.000002,48.800003,1,1,1086,0,heuristic_v7,solved,1,172.857486,96.516189,1.790969,0.1019,,
u_mand_factor\set86\u_mand_factor_0.6.py,u_mand_factor,86,u_mand_factor,0.6,2,8,5,0.6,0.5,0.7,0.6,1.2,0.4,103.039993,80,26,110.4,147.19999,58.56,1,1,1086,0,ilp_v2,optimal,1,136.747999,102.95949,1.328173,0.0745,2.2e-05,
u_mand_factor\set86\u_mand_factor_0.6.py,u_mand_factor,86,u_mand_factor,0.6,2,8,5,0.6,0.5,0.7,0.6,1.2,0.4,103.039993,80,26,110.4,147.19999,58.56,1,1,1086,0,heuristic_v5b,solved,1,119.555179,103.038023,1.160302,0.0085,,
u_mand_factor\set86\u_mand_factor_0.6.py,u_mand_factor,86,u_mand_factor,0.6,2,8,5,0.6,0.5,0.7,0.6,1.2,0.4,103.039993,80,26,110.4,147.19999,58.56,1,1,1086,0,heuristic_v7,solved,1,128.734182,102.910136,1.250938,0.2506,,
u_mand_factor\set86\u_mand_factor_0.7.py,u_mand_factor,86,u_mand_factor,0.7,2,8,5,0.7,0.5,0.7,0.6,1.4,0.3,109.479998,80,26,128.799998,156.399998,68.319999,1,1,1086,0,ilp_v2,optimal,1,80.549037,109.473843,0.735783,0.4574,0.0,
u_mand_factor\set86\u_mand_factor_0.7.py,u_mand_factor,86,u_mand_factor,0.7,2,8,5,0.7,0.5,0.7,0.6,1.4,0.3,109.479998,80,26,128.799998,156.399998,68.319999,1,1,1086,0,heuristic_v5b,solved,1,38.613068,109.426929,0.352866,0.0132,,
u_mand_factor\set86\u_mand_factor_0.7.py,u_mand_factor,86,u_mand_factor,0.7,2,8,5,0.7,0.5,0.7,0.6,1.4,0.3,109.479998,80,26,128.799998,156.399998,68.319999,1,1,1086,0,heuristic_v7,solved,1,76.275369,109.455913,0.696859,0.3761,,
u_mand_factor\set86\u_mand_factor_0.8.py,u_mand_factor,86,u_mand_factor,0.8,2,8,5,0.8,0.5,0.7,0.6,1.6,0.2,115.919999,80,26,147.199993,165.599999,78.079996,1,1,1086,0,ilp_v2,optimal,1,11.500807,115.910741,0.099221,0.1741,0.0,
u_mand_factor\set86\u_mand_factor_0.8.py,u_mand_factor,86,u_mand_factor,0.8,2,8,5,0.8,0.5,0.7,0.6,1.6,0.2,115.919999,80,26,147.199993,165.599999,78.079996,1,1,1086,0,heuristic_v5b,solved,1,17.720584,115.745391,0.1531,0.0339,,
u_mand_factor\set86\u_mand_factor_0.8.py,u_mand_factor,86,u_mand_factor,0.8,2,8,5,0.8,0.5,0.7,0.6,1.6,0.2,115.919999,80,26,147.199993,165.599999,78.079996,1,1,1086,0,heuristic_v7,solved,1,19.01093,115.899696,0.164029,0.2596,,
u_mand_factor\set86\u_mand_factor_0.9.py,u_mand_factor,86,u_mand_factor,0.9,2,8,5,0.9,0.5,0.7,0.6,1.8,0.1,122.360001,80,26,165.600003,174.800001,87.840002,1,1,1086,0,ilp_v2,infeasible,0,,,,0.0174,,
u_mand_factor\set86\u_mand_factor_0.9.py,u_mand_factor,86,u_mand_factor,0.9,2,8,5,0.9,0.5,0.7,0.6,1.8,0.1,122.360001,80,26,165.600003,174.800001,87.840002,1,1,1086,0,heuristic_v5b,infeasible,0,,,,0.0,,
u_mand_factor\set86\u_mand_factor_0.9.py,u_mand_factor,86,u_mand_factor,0.9,2,8,5,0.9,0.5,0.7,0.6,1.8,0.1,122.360001,80,26,165.600003,174.800001,87.840002,1,1,1086,0,heuristic_v7,infeasible,0,,,,0.0,,
u_mand_factor\set87\u_mand_factor_0.1.py,u_mand_factor,87,u_mand_factor,0.1,2,8,5,0.1,0.5,0.7,0.6,0.2,0.9,70.84,80,33,18.399995,101.2,8.573331,1,0,1087,0,ilp_v2,optimal,1,226.476344,66.430218,3.409237,0.0183,0.0,
u_mand_factor\set87\u_mand_factor_0.1.py,u_mand_factor,87,u_mand_factor,0.1,2,8,5,0.1,0.5,0.7,0.6,0.2,0.9,70.84,80,33,18.399995,101.2,8.573331,1,0,1087,0,heuristic_v5b,solved,1,226.476344,69.911099,3.239491,0.0124,,
u_mand_factor\set87\u_mand_factor_0.1.py,u_mand_factor,87,u_mand_factor,0.1,2,8,5,0.1,0.5,0.7,0.6,0.2,0.9,70.84,80,33,18.399995,101.2,8.573331,1,0,1087,0,heuristic_v7,solved,1,226.476344,69.911099,3.239491,0.2713,,
u_mand_factor\set87\u_mand_factor_0.2.py,u_mand_factor,87,u_mand_factor,0.2,2,8,5,0.2,0.5,0.7,0.6,0.4,0.8,77.28001,80,33,36.800007,110.400015,17.14667,1,0,1087,0,ilp_v2,optimal,1,220.395815,75.727895,2.910365,0.0203,0.0,
u_mand_factor\set87\u_mand_factor_0.2.py,u_mand_factor,87,u_mand_factor,0.2,2,8,5,0.2,0.5,0.7,0.6,0.4,0.8,77.28001,80,33,36.800007,110.400015,17.14667,1,0,1087,0,heuristic_v5b,solved,1,220.395815,75.701728,2.911371,0.0138,,
u_mand_factor\set87\u_mand_factor_0.2.py,u_mand_factor,87,u_mand_factor,0.2,2,8,5,0.2,0.5,0.7,0.6,0.4,0.8,77.28001,80,33,36.800007,110.400015,17.14667,1,0,1087,0,heuristic_v7,solved,1,220.395815,75.701728,2.911371,0.2306,,
u_mand_factor\set87\u_mand_factor_0.3.py,u_mand_factor,87,u_mand_factor,0.3,2,8,5,0.3,0.5,0.7,0.6,0.6,0.7,83.719998,80,33,55.199994,119.599997,25.719997,1,1,1087,0,ilp_v2,optimal,1,191.426255,83.710598,2.286762,0.0511,0.0,
u_mand_factor\set87\u_mand_factor_0.3.py,u_mand_factor,87,u_mand_factor,0.3,2,8,5,0.3,0.5,0.7,0.6,0.6,0.7,83.719998,80,33,55.199994,119.599997,25.719997,1,1,1087,0,heuristic_v5b,solved,1,178.402951,83.353372,2.140321,0.0147,,
u_mand_factor\set87\u_mand_factor_0.3.py,u_mand_factor,87,u_mand_factor,0.3,2,8,5,0.3,0.5,0.7,0.6,0.6,0.7,83.719998,80,33,55.199994,119.599997,25.719997,1,1,1087,0,heuristic_v7,solved,1,191.426255,83.273727,2.298759,0.2196,,
u_mand_factor\set87\u_mand_factor_0.4.py,u_mand_factor,87,u_mand_factor,0.4,2,8,5,0.4,0.5,0.7,0.6,0.8,0.6,90.160003,80,33,73.600003,128.800005,34.293335,1,1,1087,0,ilp_v2,optimal,1,161.608087,90.158517,1.792488,0.1294,9.8e-05,
u_mand_factor\set87\u_mand_factor_0.4.py,u_mand_factor,87,u_mand_factor,0.4,2,8,5,0.4,0.5,0.7,0.6,0.8,0.6,90.160003,80,33,73.600003,128.800005,34.293335,1,1,1087,0,heuristic_v5b,solved,1,141.576652,89.062834,1.589627,0.0157,,
u_mand_factor\set87\u_mand_factor_0.4.py,u_mand_factor,87,u_mand_factor,0.4,2,8,5,0.4,0.5,0.7,0.6,0.8,0.6,90.160003,80,33,73.600003,128.800005,34.293335,1,1,1087,0,heuristic_v7,solved,1,157.463128,89.957433,1.750418,0.2807,,
u_mand_factor\set87\u_mand_factor_0.5.py,u_mand_factor,87,u_mand_factor,0.5,2,8,5,0.5,0.5,0.7,0.6,1.0,0.5,96.599994,80,33,91.999992,137.999992,42.866663,1,1,1087,0,ilp_v2,optimal,1,128.565504,96.567399,1.331355,0.3122,0.0,
u_mand_factor\set87\u_mand_factor_0.5.py,u_mand_factor,87,u_mand_factor,0.5,2,8,5,0.5,0.5,0.7,0.6,1.0,0.5,96.599994,80,33,91.999992,137.999992,42.866663,1,1,1087,0,heuristic_v5b,solved,1,103.554167,96.504694,1.073048,0.0208,,
u_mand_factor\set87\u_mand_factor_0.5.py,u_mand_factor,87,u_mand_factor,0.5,2,8,5,0.5,0.5,0.7,0.6,1.0,0.5,96.599994,80,33,91.999992,137.999992,42.866663,1,1,1087,0,heuristic_v7,solved,1,121.538422,96.585228,1.258354,0.2916,,
u_mand_factor\set87\u_mand_factor_0.6.py,u_mand_factor,87,u_mand_factor,0.6,2,8,5,0.6,0.5,0.7,0.6,1.2,0.4,103.040002,80,33,110.400008,147.200003,51.440004,1,1,1087,0,ilp_v2,optimal,1,85.309058,103.030763,0.827996,0.8776,0.0,
u_mand_factor\set87\u_mand_factor_0.6.py,u_mand_factor,87,u_mand_factor,0.6,2,8,5,0.6,0.5,0.7,0.6,1.2,0.4,103.040002,80,33,110.400008,147.200003,51.440004,1,1,1087,0,heuristic_v5b,solved,1,71.287636,103.036467,0.691868,0.0593,,
u_mand_factor\set87\u_mand_factor_0.6.py,u_mand_factor,87,u_mand_factor,0.6,2,8,5,0.6,0.5,0.7,0.6,1.2,0.4,103.040002,80,33,110.400008,147.200003,51.440004,1,1,1087,0,heuristic_v7,solved,1,80.778418,103.011,0.784173,0.994,,
u_mand_factor\set87\u_mand_factor_0.7.py,u_mand_factor,87,u_mand_factor,0.7,2,8,5,0.7,0.5,0.7,0.6,1.4,0.3,109.480006,80,33,128.799995,156.400008,60.013331,1,1,1087,0,ilp_v2,optimal,1,33.686472,109.468045,0.307729,0.4077,0.0,
u_mand_factor\set87\u_mand_factor_0.7.py,u_mand_factor,87,u_mand_factor,0.7,2,8,5,0.7,0.5,0.7,0.6,1.4,0.3,109.480006,80,33,128.799995,156.400008,60.013331,1,1,1087,0,heuristic_v5b,solved,1,32.026508,109.470302,0.292559,0.0819,,
u_mand_factor\set87\u_mand_factor_0.7.py,u_mand_factor,87,u_mand_factor,0.7,2,8,5,0.7,0.5,0.7,0.6,1.4,0.3,109.480006,80,33,128.799995,156.400008,60.013331,1,1,1087,0,heuristic_v7,solved,1,38.335363,109.479597,0.35016,1.086,,
u_mand_factor\set87\u_mand_factor_0.8.py,u_mand_factor,87,u_mand_factor,0.8,2,8,5,0.8,0.5,0.7,0.6,1.6,0.2,115.919993,80,33,147.2,165.59999,68.586667,1,1,1087,0,ilp_v2,infeasible,0,,,,0.0192,,
u_mand_factor\set87\u_mand_factor_0.8.py,u_mand_factor,87,u_mand_factor,0.8,2,8,5,0.8,0.5,0.7,0.6,1.6,0.2,115.919993,80,33,147.2,165.59999,68.586667,1,1,1087,0,heuristic_v5b,infeasible,0,,119.721272,,0.0319,,over budget: E=119.7213 > B=115.9200
u_mand_factor\set87\u_mand_factor_0.8.py,u_mand_factor,87,u_mand_factor,0.8,2,8,5,0.8,0.5,0.7,0.6,1.6,0.2,115.919993,80,33,147.2,165.59999,68.586667,1,1,1087,0,heuristic_v7,infeasible,0,,125.602786,,0.3235,,over budget: E=125.6028 > B=115.9200
u_mand_factor\set87\u_mand_factor_0.9.py,u_mand_factor,87,u_mand_factor,0.9,2,8,5,0.9,0.5,0.7,0.6,1.8,0.1,122.360006,80,33,165.600002,174.800009,77.160001,1,1,1087,0,ilp_v2,infeasible,0,,,,0.0286,,
u_mand_factor\set87\u_mand_factor_0.9.py,u_mand_factor,87,u_mand_factor,0.9,2,8,5,0.9,0.5,0.7,0.6,1.8,0.1,122.360006,80,33,165.600002,174.800009,77.160001,1,1,1087,0,heuristic_v5b,infeasible,0,,,,0.0,,
u_mand_factor\set87\u_mand_factor_0.9.py,u_mand_factor,87,u_mand_factor,0.9,2,8,5,0.9,0.5,0.7,0.6,1.8,0.1,122.360006,80,33,165.600002,174.800009,77.160001,1,1,1087,0,heuristic_v7,infeasible,0,,,,0.0,,
u_mand_factor\set88\u_mand_factor_0.1.py,u_mand_factor,88,u_mand_factor,0.1,2,8,5,0.1,0.5,0.7,0.6,0.2,0.9,70.840006,80,25,18.400002,101.200009,9.203638,1,0,1088,0,ilp_v2,optimal,1,165.689105,63.749949,2.599047,0.0096,0.0,
u_mand_factor\set88\u_mand_factor_0.1.py,u_mand_factor,88,u_mand_factor,0.1,2,8,5,0.1,0.5,0.7,0.6,0.2,0.9,70.840006,80,25,18.400002,101.200009,9.203638,1,0,1088,0,heuristic_v5b,solved,1,165.689105,70.812038,2.339844,0.0071,,
u_mand_factor\set88\u_mand_factor_0.1.py,u_mand_factor,88,u_mand_factor,0.1,2,8,5,0.1,0.5,0.7,0.6,0.2,0.9,70.840006,80,25,18.400002,101.200009,9.203638,1,0,1088,0,heuristic_v7,solved,1,165.689105,70.812038,2.339844,0.1189,,
u_mand_factor\set88\u_mand_factor_0.2.py,u_mand_factor,88,u_mand_factor,0.2,2,8,5,0.2,0.5,0.7,0.6,0.4,0.8,77.280001,80,25,36.800001,110.400001,18.407273,1,0,1088,0,ilp_v2,optimal,1,138.235036,72.359452,1.910394,0.0148,0.0,
u_mand_factor\set88\u_mand_factor_0.2.py,u_mand_factor,88,u_mand_factor,0.2,2,8,5,0.2,0.5,0.7,0.6,0.4,0.8,77.280001,80,25,36.800001,110.400001,18.407273,1,0,1088,0,heuristic_v5b,solved,1,138.235036,77.105844,1.792796,0.0066,,
u_mand_factor\set88\u_mand_factor_0.2.py,u_mand_factor,88,u_mand_factor,0.2,2,8,5,0.2,0.5,0.7,0.6,0.4,0.8,77.280001,80,25,36.800001,110.400001,18.407273,1,0,1088,0,heuristic_v7,solved,1,138.235036,77.105844,1.792796,0.1291,,
u_mand_factor\set88\u_mand_factor_0.3.py,u_mand_factor,88,u_mand_factor,0.3,2,8,5,0.3,0.5,0.7,0.6,0.6,0.7,83.720004,80,25,55.200008,119.600006,27.610913,1,1,1088,0,ilp_v2,optimal,1,121.0534,82.752907,1.46283,0.0146,0.0,
u_mand_factor\set88\u_mand_factor_0.3.py,u_mand_factor,88,u_mand_factor,0.3,2,8,5,0.3,0.5,0.7,0.6,0.6,0.7,83.720004,80,25,55.200008,119.600006,27.610913,1,1,1088,0,heuristic_v5b,solved,1,121.0534,83.675914,1.446693,0.0076,,
u_mand_factor\set88\u_mand_factor_0.3.py,u_mand_factor,88,u_mand_factor,0.3,2,8,5,0.3,0.5,0.7,0.6,0.6,0.7,83.720004,80,25,55.200008,119.600006,27.610913,1,1,1088,0,heuristic_v7,solved,1,121.0534,83.675914,1.446693,0.1607,,
u_mand_factor\set88\u_mand_factor_0.4.py,u_mand_factor,88,u_mand_factor,0.4,2,8,5,0.4,0.5,0.7,0.6,0.8,0.6,90.159998,80,25,73.599995,128.799998,36.814543,1,1,1088,0,ilp_v2,optimal,1,103.179871,89.849972,1.148357,0.0178,0.0,
u_mand_factor\set88\u_mand_factor_0.4.py,u_mand_factor,88,u_mand_factor,0.4,2,8,5,0.4,0.5,0.7,0.6,0.8,0.6,90.159998,80,25,73.599995,128.799998,36.814543,1,1,1088,0,heuristic_v5b,solved,1,103.179871,90.085636,1.145353,0.0076,,
u_mand_factor\set88\u_mand_factor_0.4.py,u_mand_factor,88,u_mand_factor,0.4,2,8,5,0.4,0.5,0.7,0.6,0.8,0.6,90.159998,80,25,73.599995,128.799998,36.814543,1,1,1088,0,heuristic_v7,solved,1,103.179871,90.085636,1.145353,0.0769,,
u_mand_factor\set88\u_mand_factor_0.5.py,u_mand_factor,88,u_mand_factor,0.5,2,8,5,0.5,0.5,0.7,0.6,1.0,0.5,96.599994,80,25,91.999998,137.999992,46.018181,1,1,1088,0,ilp_v2,optimal,1,85.865986,96.445163,0.890309,0.1455,0.0,
u_mand_factor\set88\u_mand_factor_0.5.py,u_mand_factor,88,u_mand_factor,0.5,2,8,5,0.5,0.5,0.7,0.6,1.0,0.5,96.599994,80,25,91.999998,137.999992,46.018181,1,1,1088,0,heuristic_v5b,solved,1,82.817405,96.591256,0.857401,0.0087,,
u_mand_factor\set88\u_mand_factor_0.5.py,u_mand_factor,88,u_mand_factor,0.5,2,8,5,0.5,0.5,0.7,0.6,1.0,0.5,96.599994,80,25,91.999998,137.999992,46.018181,1,1,1088,0,heuristic_v7,solved,1,86.435428,96.548405,0.895255,0.0892,,
u_mand_factor\set88\u_mand_factor_0.6.py,u_mand_factor,88,u_mand_factor,0.6,2,8,5,0.6,0.5,0.7,0.6,1.2,0.4,103.040002,80,25,110.399999,147.200002,55.221818,1,1,1088,0,ilp_v2,optimal,1,64.405876,103.004268,0.625274,0.3019,0.0,
u_mand_factor\set88\u_mand_factor_0.6.py,u_mand_factor,88,u_mand_factor,0.6,2,8,5,0.6,0.5,0.7,0.6,1.2,0.4,103.040002,80,25,110.399999,147.200002,55.221818,1,1,1088,0,heuristic_v5b,solved,1,59.48017,103.037862,0.577265,0.0122,,
u_mand_factor\set88\u_mand_factor_0.6.py,u_mand_factor,88,u_mand_factor,0.6,2,8,5,0.6,0.5,0.7,0.6,1.2,0.4,103.040002,80,25,110.399999,147.200002,55.221818,1,1,1088,0,heuristic_v7,solved,1,66.406662,103.020659,0.644596,0.1989,,
u_mand_factor\set88\u_mand_factor_0.7.py,u_mand_factor,88,u_mand_factor,0.7,2,8,5,0.7,0.5,0.7,0.6,1.4,0.3,109.479995,80,25,128.800001,156.399993,64.425455,1,1,1088,0,ilp_v2,optimal,1,38.853529,109.472456,0.354916,0.2864,0.0,
u_mand_factor\set88\u_mand_factor_0.7.py,u_mand_factor,88,u_mand_factor,0.7,2,8,5,0.7,0.5,0.7,0.6,1.4,0.3,109.479995,80,25,128.800001,156.399993,64.425455,1,1,1088,0,heuristic_v5b,solved,1,26.197627,109.476596,0.239299,0.0293,,
u_mand_factor\set88\u_mand_factor_0.7.py,u_mand_factor,88,u_mand_factor,0.7,2,8,5,0.7,0.5,0.7,0.6,1.4,0.3,109.479995,80,25,128.800001,156.399993,64.425455,1,1,1088,0,heuristic_v7,solved,1,38.472933,109.444364,0.35153,0.2499,,
u_mand_factor\set88\u_mand_factor_0.8.py,u_mand_factor,88,u_mand_factor,0.8,2,8,5,0.8,0.5,0.7,0.6,1.6,0.2,115.919998,80,25,147.200001,165.599998,73.629091,1,1,1088,0,ilp_v2,optimal,1,8.448591,115.904133,0.072893,0.3256,0.0,
u_mand_factor\set88\u_mand_factor_0.8.py,u_mand_factor,88,u_mand_factor,0.8,2,8,5,0.8,0.5,0.7,0.6,1.6,0.2,115.919998,80,25,147.200001,165.599998,73.629091,1,1,1088,0,heuristic_v5b,solved,1,6.610636,115.593487,0.057189,0.0178,,
u_mand_factor\set88\u_mand_factor_0.8.py,u_mand_factor,88,u_mand_factor,0.8,2,8,5,0.8,0.5,0.7,0.6,1.6,0.2,115.919998,80,25,147.200001,165.599998,73.629091,1,1,1088,0,heuristic_v7,solved,1,10.790779,115.87842,0.093122,0.2736,,
u_mand_factor\set88\u_mand_factor_0.9.py,u_mand_factor,88,u_mand_factor,0.9,2,8,5,0.9,0.5,0.7,0.6,1.8,0.1,122.359998,80,25,165.600009,174.799998,82.832732,1,1,1088,0,ilp_v2,infeasible,0,,,,0.013,,
u_mand_factor\set88\u_mand_factor_0.9.py,u_mand_factor,88,u_mand_factor,0.9,2,8,5,0.9,0.5,0.7,0.6,1.8,0.1,122.359998,80,25,165.600009,174.799998,82.832732,1,1,1088,0,heuristic_v5b,infeasible,0,,148.500046,,0.0179,,over budget: E=148.5000 > B=122.3600
u_mand_factor\set88\u_mand_factor_0.9.py,u_mand_factor,88,u_mand_factor,0.9,2,8,5,0.9,0.5,0.7,0.6,1.8,0.1,122.359998,80,25,165.600009,174.799998,82.832732,1,1,1088,0,heuristic_v7,infeasible,0,,145.917967,,0.1337,,over budget: E=145.9180 > B=122.3600
u_mand_factor\set89\u_mand_factor_0.1.py,u_mand_factor,89,u_mand_factor,0.1,2,8,5,0.1,0.5,0.7,0.6,0.2,0.9,70.839998,80,37,18.399998,101.199997,9.203635,1,0,1089,0,ilp_v2,optimal,1,239.036701,67.455367,3.543628,0.014,0.0,
u_mand_factor\set89\u_mand_factor_0.1.py,u_mand_factor,89,u_mand_factor,0.1,2,8,5,0.1,0.5,0.7,0.6,0.2,0.9,70.839998,80,37,18.399998,101.199997,9.203635,1,0,1089,0,heuristic_v5b,solved,1,239.036701,61.977141,3.856853,0.009,,
u_mand_factor\set89\u_mand_factor_0.1.py,u_mand_factor,89,u_mand_factor,0.1,2,8,5,0.1,0.5,0.7,0.6,0.2,0.9,70.839998,80,37,18.399998,101.199997,9.203635,1,0,1089,0,heuristic_v7,solved,1,239.036701,61.977141,3.856853,0.1286,,
u_mand_factor\set89\u_mand_factor_0.2.py,u_mand_factor,89,u_mand_factor,0.2,2,8,5,0.2,0.5,0.7,0.6,0.4,0.8,77.279994,80,37,36.799999,110.399992,18.407272,1,0,1089,0,ilp_v2,optimal,1,221.02938,77.253393,2.861096,0.0347,5.4e-05,
u_mand_factor\set89\u_mand_factor_0.2.py,u_mand_factor,89,u_mand_factor,0.2,2,8,5,0.2,0.5,0.7,0.6,0.4,0.8,77.279994,80,37,36.799999,110.399992,18.407272,1,0,1089,0,heuristic_v5b,solved,1,172.076346,75.669709,2.274045,0.0177,,
u_mand_factor\set89\u_mand_factor_0.2.py,u_mand_factor,89,u_mand_factor,0.2,2,8,5,0.2,0.5,0.7,0.6,0.4,0.8,77.279994,80,37,36.799999,110.399992,18.407272,1,0,1089,0,heuristic_v7,solved,1,231.307739,73.612341,3.142241,0.2115,,
u_mand_factor\set89\u_mand_factor_0.3.py,u_mand_factor,89,u_mand_factor,0.3,2,8,5,0.3,0.5,0.7,0.6,0.6,0.7,83.720006,80,37,55.200006,119.600008,27.610912,1,1,1089,0,ilp_v2,optimal,1,172.114133,83.716985,2.055905,0.0605,0.0,
u_mand_factor\set89\u_mand_factor_0.3.py,u_mand_factor,89,u_mand_factor,0.3,2,8,5,0.3,0.5,0.7,0.6,0.6,0.7,83.720006,80,37,55.200006,119.600008,27.610912,1,1,1089,0,heuristic_v5b,solved,1,142.042176,78.583877,1.807523,0.0093,,
u_mand_factor\set89\u_mand_factor_0.3.py,u_mand_factor,89,u_mand_factor,0.3,2,8,5,0.3,0.5,0.7,0.6,0.6,0.7,83.720006,80,37,55.200006,119.600008,27.610912,1,1,1089,0,heuristic_v7,solved,1,142.042176,78.583877,1.807523,0.1429,,
u_mand_factor\set89\u_mand_factor_0.4.py,u_mand_factor,89,u_mand_factor,0.4,2,8,5,0.4,0.5,0.7,0.6,0.8,0.6,90.15999,80,37,73.599997,128.799986,36.814544,1,1,1089,0,ilp_v2,optimal,1,127.526452,90.151819,1.414574,0.0319,6.9e-05,
u_mand_factor\set89\u_mand_factor_0.4.py,u_mand_factor,89,u_mand_factor,0.4,2,8,5,0.4,0.5,0.7,0.6,0.8,0.6,90.15999,80,37,73.599997,128.799986,36.814544,1,1,1089,0,heuristic_v5b,solved,1,112.841235,89.09283,1.266558,0.0083,,
u_mand_factor\set89\u_mand_factor_0.4.py,u_mand_factor,89,u_mand_factor,0.4,2,8,5,0.4,0.5,0.7,0.6,0.8,0.6,90.15999,80,37,73.599997,128.799986,36.814544,1,1,1089,0,heuristic_v7,solved,1,112.841235,87.966079,1.282781,0.292,,
u_mand_factor\set89\u_mand_factor_0.5.py,u_mand_factor,89,u_mand_factor,0.5,2,8,5,0.5,0.5,0.7,0.6,1.0,0.5,96.599995,80,37,91.999993,137.999993,46.018178,1,1,1089,0,ilp_v2,optimal,1,84.833201,96.471928,0.879356,0.0277,0.0,
u_mand_factor\set89\u_mand_factor_0.5.py,u_mand_factor,89,u_mand_factor,0.5,2,8,5,0.5,0.5,0.7,0.6,1.0,0.5,96.599995,80,37,91.999993,137.999993,46.018178,1,1,1089,0,heuristic_v5b,solved,1,88.069579,96.359394,0.91397,0.0122,,
u_mand_factor\set89\u_mand_factor_0.5.py,u_mand_factor,89,u_mand_factor,0.5,2,8,5,0.5,0.5,0.7,0.6,1.0,0.5,96.599995,80,37,91.999993,137.999993,46.018178,1,1,1089,0,heuristic_v7,solved,1,88.378631,76.54162,1.154648,0.146,,
u_mand_factor\set89\u_mand_factor_0.6.py,u_mand_factor,89,u_mand_factor,0.6,2,8,5,0.6,0.5,0.7,0.6,1.2,0.4,103.039999,80,37,110.4,147.199999,55.221818,1,1,1089,0,ilp_v2,optimal,1,90.028586,103.03867,0.873736,0.0872,5e-05,
u_mand_factor\set89\u_mand_factor_0.6.py,u_mand_factor,89,u_mand_factor,0.6,2,8,5,0.6,0.5,0.7,0.6,1.2,0.4,103.039999,80,37,110.4,147.199999,55.221818,1,1,1089,0,heuristic_v5b,solved,1,58.719968,102.091398,0.575171,0.0143,,
u_mand_factor\set89\u_mand_factor_0.6.py,u_mand_factor,89,u_mand_factor,0.6,2,8,5,0.6,0.5,0.7,0.6,1.2,0.4,103.039999,80,37,110.4,147.199999,55.221818,1,1,1089,0,heuristic_v7,solved,1,79.015636,102.678214,0.769546,0.2383,,
u_mand_factor\set89\u_mand_factor_0.7.py,u_mand_factor,89,u_mand_factor,0.7,2,8,5,0.7,0.5,0.7,0.6,1.4,0.3,109.479993,80,37,128.799995,156.39999,64.425452,1,1,1089,0,ilp_v2,optimal,1,15.293316,109.479915,0.139691,0.1117,0.0,
u_mand_factor\set89\u_mand_factor_0.7.py,u_mand_factor,89,u_mand_factor,0.7,2,8,5,0.7,0.5,0.7,0.6,1.4,0.3,109.479993,80,37,128.799995,156.39999,64.425452,1,1,1089,0,heuristic_v5b,solved,1,11.741278,109.221833,0.107499,0.0228,,
u_mand_factor\set89\u_mand_factor_0.7.py,u_mand_factor,89,u_mand_factor,0.7,2,8,5,0.7,0.5,0.7,0.6,1.4,0.3,109.479993,80,37,128.799995,156.39999,64.425452,1,1,1089,0,heuristic_v7,solved,1,55.394151,109.461852,0.506059,0.3223,,
u_mand_factor\set89\u_mand_factor_0.8.py,u_mand_factor,89,u_mand_factor,0.8,2,8,5,0.8,0.5,0.7,0.6,1.6,0.2,115.919995,80,37,147.199998,165.599993,73.62909,1,1,1089,0,ilp_v2,infeasible,0,,,,0.0142,,
u_mand_factor\set89\u_mand_factor_0.8.py,u_mand_factor,89,u_mand_factor,0.8,2,8,5,0.8,0.5,0.7,0.6,1.6,0.2,115.919995,80,37,147.199998,165.599993,73.62909,1,1,1089,0,heuristic_v5b,infeasible,0,,117.726405,,0.0409,,over budget: E=117.7264 > B=115.9200
u_mand_factor\set89\u_mand_factor_0.8.py,u_mand_factor,89,u_mand_factor,0.8,2,8,5,0.8,0.5,0.7,0.6,1.6,0.2,115.919995,80,37,147.199998,165.599993,73.62909,1,1,1089,0,heuristic_v7,infeasible,0,,116.835614,,0.4359,,over budget: E=116.8356 > B=115.9200
u_mand_factor\set89\u_mand_factor_0.9.py,u_mand_factor,89,u_mand_factor,0.9,2,8,5,0.9,0.5,0.7,0.6,1.8,0.1,122.360002,80,37,165.600002,174.800003,82.832728,1,1,1089,0,ilp_v2,infeasible,0,,,,0.0301,,
u_mand_factor\set89\u_mand_factor_0.9.py,u_mand_factor,89,u_mand_factor,0.9,2,8,5,0.9,0.5,0.7,0.6,1.8,0.1,122.360002,80,37,165.600002,174.800003,82.832728,1,1,1089,0,heuristic_v5b,infeasible,0,,,,0.0,,
u_mand_factor\set89\u_mand_factor_0.9.py,u_mand_factor,89,u_mand_factor,0.9,2,8,5,0.9,0.5,0.7,0.6,1.8,0.1,122.360002,80,37,165.600002,174.800003,82.832728,1,1,1089,0,heuristic_v7,infeasible,0,,,,0.0,,
u_mand_factor\set90\u_mand_factor_0.1.py,u_mand_factor,90,u_mand_factor,0.1,2,8,5,0.1,0.5,0.7,0.6,0.2,0.9,70.839996,80,40,18.39999,101.199994,8.559995,1,0,1090,0,ilp_v2,optimal,1,237.706023,61.128053,3.888657,0.0359,0.0,
u_mand_factor\set90\u_mand_factor_0.1.py,u_mand_factor,90,u_mand_factor,0.1,2,8,5,0.1,0.5,0.7,0.6,0.2,0.9,70.839996,80,40,18.39999,101.199994,8.559995,1,0,1090,0,heuristic_v5b,solved,1,237.706023,70.49789,3.371818,0.0194,,
u_mand_factor\set90\u_mand_factor_0.1.py,u_mand_factor,90,u_mand_factor,0.1,2,8,5,0.1,0.5,0.7,0.6,0.2,0.9,70.839996,80,40,18.39999,101.199994,8.559995,1,0,1090,0,heuristic_v7,solved,1,237.706023,70.49789,3.371818,0.9846,,
u_mand_factor\set90\u_mand_factor_0.2.py,u_mand_factor,90,u_mand_factor,0.2,2,8,5,0.2,0.5,0.7,0.6,0.4,0.8,77.280003,80,40,36.800006,110.400005,17.120003,1,0,1090,0,ilp_v2,optimal,1,212.181201,74.385139,2.852468,0.0354,0.0,
u_mand_factor\set90\u_mand_factor_0.2.py,u_mand_factor,90,u_mand_factor,0.2,2,8,5,0.2,0.5,0.7,0.6,0.4,0.8,77.280003,80,40,36.800006,110.400005,17.120003,1,0,1090,0,heuristic_v5b,solved,1,208.167982,77.24585,2.694876,0.0233,,
u_mand_factor\set90\u_mand_factor_0.2.py,u_mand_factor,90,u_mand_factor,0.2,2,8,5,0.2,0.5,0.7,0.6,0.4,0.8,77.280003,80,40,36.800006,110.400005,17.120003,1,0,1090,0,heuristic_v7,solved,1,212.181201,77.015026,2.755062,0.6501,,
u_mand_factor\set90\u_mand_factor_0.3.py,u_mand_factor,90,u_mand_factor,0.3,2,8,5,0.3,0.5,0.7,0.6,0.6,0.7,83.719992,80,40,55.199995,119.599988,25.679998,1,1,1090,0,ilp_v2,optimal,1,195.889949,83.709078,2.340128,0.0416,0.0,
u_mand_factor\set90\u_mand_factor_0.3.py,u_mand_factor,90,u_mand_factor,0.3,2,8,5,0.3,0.5,0.7,0.6,0.6,0.7,83.719992,80,40,55.199995,119.599988,25.679998,1,1,1090,0,heuristic_v5b,solved,1,185.356824,83.584897,2.217588,0.0345,,
u_mand_factor\set90\u_mand_factor_0.3.py,u_mand_factor,90,u_mand_factor,0.3,2,8,5,0.3,0.5,0.7,0.6,0.6,0.7,83.719992,80,40,55.199995,119.599988,25.679998,1,1,1090,0,heuristic_v7,solved,1,195.889949,82.888953,2.363282,0.5847,,
u_mand_factor\set90\u_mand_factor_0.4.py,u_mand_factor,90,u_mand_factor,0.4,2,8,5,0.4,0.5,0.7,0.6,0.8,0.6,90.160002,80,40,73.600002,128.800002,34.240001,1,1,1090,0,ilp_v2,optimal,1,166.772752,90.145076,1.850048,0.1035,5.4e-05,
u_mand_factor\set90\u_mand_factor_0.4.py,u_mand_factor,90,u_mand_factor,0.4,2,8,5,0.4,0.5,0.7,0.6,0.8,0.6,90.160002,80,40,73.600002,128.800002,34.240001,1,1,1090,0,heuristic_v5b,solved,1,163.878688,89.993172,1.821012,0.0234,,
u_mand_factor\set90\u_mand_factor_0.4.py,u_mand_factor,90,u_mand_factor,0.4,2,8,5,0.4,0.5,0.7,0.6,0.8,0.6,90.160002,80,40,73.600002,128.800002,34.240001,1,1,1090,0,heuristic_v7,solved,1,168.424151,89.03173,1.891732,0.5804,,
u_mand_factor\set90\u_mand_factor_0.5.py,u_mand_factor,90,u_mand_factor,0.5,2,8,5,0.5,0.5,0.7,0.6,1.0,0.5,96.599997,80,40,92.0,137.999995,42.8,1,1,1090,0,ilp_v2,optimal,1,128.111907,96.471383,1.327978,0.347,0.0,
u_mand_factor\set90\u_mand_factor_0.5.py,u_mand_factor,90,u_mand_factor,0.5,2,8,5,0.5,0.5,0.7,0.6,1.0,0.5,96.599997,80,40,92.0,137.999995,42.8,1,1,1090,0,heuristic_v5b,solved,1,112.920281,96.283406,1.172791,0.2263,,
u_mand_factor\set90\u_mand_factor_0.5.py,u_mand_factor,90,u_mand_factor,0.5,2,8,5,0.5,0.5,0.7,0.6,1.0,0.5,96.599997,80,40,92.0,137.999995,42.8,1,1,1090,0,heuristic_v7,solved,1,128.935259,96.466421,1.336582,1.1788,,
u_mand_factor\set90\u_mand_factor_0.6.py,u_mand_factor,90,u_mand_factor,0.6,2,8,5,0.6,0.5,0.7,0.6,1.2,0.4,103.040004,80,40,110.400007,147.200006,51.360003,1,1,1090,0,ilp_v2,optimal,1,92.060754,102.97025,0.894052,0.3642,0.0,
u_mand_factor\set90\u_mand_factor_0.6.py,u_mand_factor,90,u_mand_factor,0.6,2,8,5,0.6,0.5,0.7,0.6,1.2,0.4,103.040004,80,40,110.400007,147.200006,51.360003,1,1,1090,0,heuristic_v5b,solved,1,52.219608,102.885004,0.507553,0.0596,,
u_mand_factor\set90\u_mand_factor_0.6.py,u_mand_factor,90,u_mand_factor,0.6,2,8,5,0.6,0.5,0.7,0.6,1.2,0.4,103.040004,80,40,110.400007,147.200006,51.360003,1,1,1090,0,heuristic_v7,solved,1,93.062509,103.025494,0.903296,2.5772,,
u_mand_factor\set90\u_mand_factor_0.7.py,u_mand_factor,90,u_mand_factor,0.7,2,8,5,0.7,0.5,0.7,0.6,1.4,0.3,109.479989,80,40,128.799997,156.399984,59.919998,1,1,1090,0,ilp_v2,optimal,1,49.776921,109.465191,0.454728,1.184,0.0,
u_mand_factor\set90\u_mand_factor_0.7.py,u_mand_factor,90,u_mand_factor,0.7,2,8,5,0.7,0.5,0.7,0.6,1.4,0.3,109.479989,80,40,128.799997,156.399984,59.919998,1,1,1090,0,heuristic_v5b,solved,1,33.847245,109.009262,0.310499,0.0683,,
u_mand_factor\set90\u_mand_factor_0.7.py,u_mand_factor,90,u_mand_factor,0.7,2,8,5,0.7,0.5,0.7,0.6,1.4,0.3,109.479989,80,40,128.799997,156.399984,59.919998,1,1,1090,0,heuristic_v7,solved,1,47.251661,109.43154,0.431792,1.9964,,
u_mand_factor\set90\u_mand_factor_0.8.py,u_mand_factor,90,u_mand_factor,0.8,2,8,5,0.8,0.5,0.7,0.6,1.6,0.2,115.919992,80,40,147.200003,165.599988,68.480002,1,1,1090,0,ilp_v2,infeasible,0,,,,0.0401,,
u_mand_factor\set90\u_mand_factor_0.8.py,u_mand_factor,90,u_mand_factor,0.8,2,8,5,0.8,0.5,0.7,0.6,1.6,0.2,115.919992,80,40,147.200003,165.599988,68.480002,1,1,1090,0,heuristic_v5b,infeasible,0,,119.768225,,0.0982,,over budget: E=119.7682 > B=115.9200
u_mand_factor\set90\u_mand_factor_0.8.py,u_mand_factor,90,u_mand_factor,0.8,2,8,5,0.8,0.5,0.7,0.6,1.6,0.2,115.919992,80,40,147.200003,165.599988,68.480002,1,1,1090,0,heuristic_v7,infeasible,0,,119.768225,,1.0294,,over budget: E=119.7682 > B=115.9200
u_mand_factor\set90\u_mand_factor_0.9.py,u_mand_factor,90,u_mand_factor,0.9,2,8,5,0.9,0.5,0.7,0.6,1.8,0.1,122.360001,80,40,165.6,174.800001,77.04,1,1,1090,0,ilp_v2,infeasible,0,,,,0.0949,,
u_mand_factor\set90\u_mand_factor_0.9.py,u_mand_factor,90,u_mand_factor,0.9,2,8,5,0.9,0.5,0.7,0.6,1.8,0.1,122.360001,80,40,165.6,174.800001,77.04,1,1,1090,0,heuristic_v5b,infeasible,0,,,,0.0,,
u_mand_factor\set90\u_mand_factor_0.9.py,u_mand_factor,90,u_mand_factor,0.9,2,8,5,0.9,0.5,0.7,0.6,1.8,0.1,122.360001,80,40,165.6,174.800001,77.04,1,1,1090,0,heuristic_v7,infeasible,0,,,,0.0,,
u_mand_factor\set91\u_mand_factor_0.1.py,u_mand_factor,91,u_mand_factor,0.1,2,8,5,0.1,0.5,0.7,0.6,0.2,0.9,70.84,80,27,18.399998,101.2,8.799999,1,0,1091,0,ilp_v2,optimal,1,182.288587,62.650707,2.909601,0.0296,0.0,
u_mand_factor\set91\u_mand_factor_0.1.py,u_mand_factor,91,u_mand_factor,0.1,2,8,5,0.1,0.5,0.7,0.6,0.2,0.9,70.84,80,27,18.399998,101.2,8.799999,1,0,1091,0,heuristic_v5b,solved,1,182.288587,70.586011,2.582503,0.015,,
u_mand_factor\set91\u_mand_factor_0.1.py,u_mand_factor,91,u_mand_factor,0.1,2,8,5,0.1,0.5,0.7,0.6,0.2,0.9,70.84,80,27,18.399998,101.2,8.799999,1,0,1091,0,heuristic_v7,solved,1,182.288587,70.586011,2.582503,0.1536,,
u_mand_factor\set91\u_mand_factor_0.2.py,u_mand_factor,91,u_mand_factor,0.2,2,8,5,0.2,0.5,0.7,0.6,0.4,0.8,77.279997,80,27,36.799999,110.399995,17.599999,1,0,1091,0,ilp_v2,optimal,1,178.410824,76.686348,2.3265,0.0265,0.0,
u_mand_factor\set91\u_mand_factor_0.2.py,u_mand_factor,91,u_mand_factor,0.2,2,8,5,0.2,0.5,0.7,0.6,0.4,0.8,77.279997,80,27,36.799999,110.399995,17.599999,1,0,1091,0,heuristic_v5b,solved,1,178.410824,77.175003,2.31177,0.0128,,
u_mand_factor\set91\u_mand_factor_0.2.py,u_mand_factor,91,u_mand_factor,0.2,2,8,5,0.2,0.5,0.7,0.6,0.4,0.8,77.279997,80,27,36.799999,110.399995,17.599999,1,0,1091,0,heuristic_v7,solved,1,178.410824,77.175003,2.31177,0.1581,,
u_mand_factor\set91\u_mand_factor_0.3.py,u_mand_factor,91,u_mand_factor,0.3,2,8,5,0.3,0.5,0.7,0.6,0.6,0.7,83.719994,80,27,55.199994,119.599991,26.399997,1,1,1091,0,ilp_v2,optimal,1,150.819341,81.52298,1.850022,0.0268,0.0,
u_mand_factor\set91\u_mand_factor_0.3.py,u_mand_factor,91,u_mand_factor,0.3,2,8,5,0.3,0.5,0.7,0.6,0.6,0.7,83.719994,80,27,55.199994,119.599991,26.399997,1,1,1091,0,heuristic_v5b,solved,1,150.819341,83.251046,1.811621,0.0104,,
u_mand_factor\set91\u_mand_factor_0.3.py,u_mand_factor,91,u_mand_factor,0.3,2,8,5,0.3,0.5,0.7,0.6,0.6,0.7,83.719994,80,27,55.199994,119.599991,26.399997,1,1,1091,0,heuristic_v7,solved,1,150.819341,83.251046,1.811621,0.1829,,
u_mand_factor\set91\u_mand_factor_0.4.py,u_mand_factor,91,u_mand_factor,0.4,2,8,5,0.4,0.5,0.7,0.6,0.8,0.6,90.159999,80,27,73.599997,128.799999,35.199998,1,1,1091,0,ilp_v2,optimal,1,128.227152,89.630929,1.430613,0.04,0.0,
u_mand_factor\set91\u_mand_factor_0.4.py,u_mand_factor,91,u_mand_factor,0.4,2,8,5,0.4,0.5,0.7,0.6,0.8,0.6,90.159999,80,27,73.599997,128.799999,35.199998,1,1,1091,0,heuristic_v5b,solved,1,129.280877,89.713155,1.441047,0.0112,,
u_mand_factor\set91\u_mand_factor_0.4.py,u_mand_factor,91,u_mand_factor,0.4,2,8,5,0.4,0.5,0.7,0.6,0.8,0.6,90.159999,80,27,73.599997,128.799999,35.199998,1,1,1091,0,heuristic_v7,solved,1,129.280877,89.713155,1.441047,0.1403,,
u_mand_factor\set91\u_mand_factor_0.5.py,u_mand_factor,91,u_mand_factor,0.5,2,8,5,0.5,0.5,0.7,0.6,1.0,0.5,96.599991,80,27,91.999995,137.999987,43.999998,1,1,1091,0,ilp_v2,optimal,1,98.231528,96.599343,1.016896,0.1587,4.2e-05,
u_mand_factor\set91\u_mand_factor_0.5.py,u_mand_factor,91,u_mand_factor,0.5,2,8,5,0.5,0.5,0.7,0.6,1.0,0.5,96.599991,80,27,91.999995,137.999987,43.999998,1,1,1091,0,heuristic_v5b,solved,1,98.364426,96.298728,1.021451,0.014,,
u_mand_factor\set91\u_mand_factor_0.5.py,u_mand_factor,91,u_mand_factor,0.5,2,8,5,0.5,0.5,0.7,0.6,1.0,0.5,96.599991,80,27,91.999995,137.999987,43.999998,1,1,1091,0,heuristic_v7,solved,1,98.364426,96.298728,1.021451,0.1605,,
u_mand_factor\set91\u_mand_factor_0.6.py,u_mand_factor,91,u_mand_factor,0.6,2,8,5,0.6,0.5,0.7,0.6,1.2,0.4,103.040002,80,27,110.399998,147.200003,52.799999,1,1,1091,0,ilp_v2,optimal,1,65.664711,103.024597,0.637369,0.3735,0.0,
u_mand_factor\set91\u_mand_factor_0.6.py,u_mand_factor,91,u_mand_factor,0.6,2,8,5,0.6,0.5,0.7,0.6,1.2,0.4,103.040002,80,27,110.399998,147.200003,52.799999,1,1,1091,0,heuristic_v5b,solved,1,63.916054,102.953529,0.620824,0.0142,,
u_mand_factor\set91\u_mand_factor_0.6.py,u_mand_factor,91,u_mand_factor,0.6,2,8,5,0.6,0.5,0.7,0.6,1.2,0.4,103.040002,80,27,110.399998,147.200003,52.799999,1,1,1091,0,heuristic_v7,solved,1,71.524979,102.946131,0.694781,0.2539,,
u_mand_factor\set91\u_mand_factor_0.7.py,u_mand_factor,91,u_mand_factor,0.7,2,8,5,0.7,0.5,0.7,0.6,1.4,0.3,109.479998,80,27,128.799997,156.399998,61.599998,1,1,1091,0,ilp_v2,optimal,1,32.782773,109.479658,0.299442,0.5954,4.8e-05,
u_mand_factor\set91\u_mand_factor_0.7.py,u_mand_factor,91,u_mand_factor,0.7,2,8,5,0.7,0.5,0.7,0.6,1.4,0.3,109.479998,80,27,128.799997,156.399998,61.599998,1,1,1091,0,heuristic_v5b,solved,1,34.805887,109.406602,0.318133,0.0342,,
u_mand_factor\set91\u_mand_factor_0.7.py,u_mand_factor,91,u_mand_factor,0.7,2,8,5,0.7,0.5,0.7,0.6,1.4,0.3,109.479998,80,27,128.799997,156.399998,61.599998,1,1,1091,0,heuristic_v7,solved,1,34.805887,109.406602,0.318133,0.2618,,
u_mand_factor\set91\u_mand_factor_0.8.py,u_mand_factor,91,u_mand_factor,0.8,2,8,5,0.8,0.5,0.7,0.6,1.6,0.2,115.920006,80,27,147.199997,165.600009,70.399998,1,1,1091,0,ilp_v2,infeasible,0,,,,0.0155,,
u_mand_factor\set91\u_mand_factor_0.8.py,u_mand_factor,91,u_mand_factor,0.8,2,8,5,0.8,0.5,0.7,0.6,1.6,0.2,115.920006,80,27,147.199997,165.600009,70.399998,1,1,1091,0,heuristic_v5b,infeasible,0,,117.180174,,0.0196,,over budget: E=117.1802 > B=115.9200
u_mand_factor\set91\u_mand_factor_0.8.py,u_mand_factor,91,u_mand_factor,0.8,2,8,5,0.8,0.5,0.7,0.6,1.6,0.2,115.920006,80,27,147.199997,165.600009,70.399998,1,1,1091,0,heuristic_v7,infeasible,0,,122.266935,,0.2242,,over budget: E=122.2669 > B=115.9200
u_mand_factor\set91\u_mand_factor_0.9.py,u_mand_factor,91,u_mand_factor,0.9,2,8,5,0.9,0.5,0.7,0.6,1.8,0.1,122.360001,80,27,165.600001,174.800001,79.200001,1,1,1091,0,ilp_v2,infeasible,0,,,,0.0236,,
u_mand_factor\set91\u_mand_factor_0.9.py,u_mand_factor,91,u_mand_factor,0.9,2,8,5,0.9,0.5,0.7,0.6,1.8,0.1,122.360001,80,27,165.600001,174.800001,79.200001,1,1,1091,0,heuristic_v5b,infeasible,0,,152.432406,,0.0515,,over budget: E=152.4324 > B=122.3600
u_mand_factor\set91\u_mand_factor_0.9.py,u_mand_factor,91,u_mand_factor,0.9,2,8,5,0.9,0.5,0.7,0.6,1.8,0.1,122.360001,80,27,165.600001,174.800001,79.200001,1,1,1091,0,heuristic_v7,infeasible,0,,145.36714,,0.2176,,over budget: E=145.3671 > B=122.3600
u_mand_factor\set92\u_mand_factor_0.1.py,u_mand_factor,92,u_mand_factor,0.1,2,8,5,0.1,0.5,0.7,0.6,0.2,0.9,70.840006,80,28,18.400006,101.200009,8.573336,1,0,1092,0,ilp_v2,optimal,1,255.51319,59.452697,4.297756,0.03,0.0,
u_mand_factor\set92\u_mand_factor_0.1.py,u_mand_factor,92,u_mand_factor,0.1,2,8,5,0.1,0.5,0.7,0.6,0.2,0.9,70.840006,80,28,18.400006,101.200009,8.573336,1,0,1092,0,heuristic_v5b,solved,1,255.51319,68.039396,3.755371,0.0125,,
u_mand_factor\set92\u_mand_factor_0.1.py,u_mand_factor,92,u_mand_factor,0.1,2,8,5,0.1,0.5,0.7,0.6,0.2,0.9,70.840006,80,28,18.400006,101.200009,8.573336,1,0,1092,0,heuristic_v7,solved,1,255.51319,68.039396,3.755371,0.1681,,
u_mand_factor\set92\u_mand_factor_0.2.py,u_mand_factor,92,u_mand_factor,0.2,2,8,5,0.2,0.5,0.7,0.6,0.4,0.8,77.280006,80,28,36.799995,110.400009,17.146665,1,0,1092,0,ilp_v2,optimal,1,229.615701,67.256751,3.414017,0.0262,0.0,
u_mand_factor\set92\u_mand_factor_0.2.py,u_mand_factor,92,u_mand_factor,0.2,2,8,5,0.2,0.5,0.7,0.6,0.4,0.8,77.280006,80,28,36.799995,110.400009,17.146665,1,0,1092,0,heuristic_v5b,solved,1,229.615701,73.384197,3.128953,0.0113,,
u_mand_factor\set92\u_mand_factor_0.2.py,u_mand_factor,92,u_mand_factor,0.2,2,8,5,0.2,0.5,0.7,0.6,0.4,0.8,77.280006,80,28,36.799995,110.400009,17.146665,1,0,1092,0,heuristic_v7,solved,1,229.615701,73.384197,3.128953,0.1363,,
u_mand_factor\set92\u_mand_factor_0.3.py,u_mand_factor,92,u_mand_factor,0.3,2,8,5,0.3,0.5,0.7,0.6,0.6,0.7,83.719998,80,28,55.200005,119.599998,25.720002,1,1,1092,0,ilp_v2,optimal,1,206.032663,79.320606,2.597467,0.0269,0.0,
u_mand_factor\set92\u_mand_factor_0.3.py,u_mand_factor,92,u_mand_factor,0.3,2,8,5,0.3,0.5,0.7,0.6,0.6,0.7,83.719998,80,28,55.200005,119.599998,25.720002,1,1,1092,0,heuristic_v5b,solved,1,206.032663,80.235232,2.567858,0.0138,,
u_mand_factor\set92\u_mand_factor_0.3.py,u_mand_factor,92,u_mand_factor,0.3,2,8,5,0.3,0.5,0.7,0.6,0.6,0.7,83.719998,80,28,55.200005,119.599998,25.720002,1,1,1092,0,heuristic_v7,solved,1,206.032663,80.235232,2.567858,0.1823,,
u_mand_factor\set92\u_mand_factor_0.4.py,u_mand_factor,92,u_mand_factor,0.4,2,8,5,0.4,0.5,0.7,0.6,0.8,0.6,90.159998,80,28,73.599999,128.799998,34.293333,1,1,1092,0,ilp_v2,optimal,1,175.762208,90.127178,1.950158,0.0316,0.0,
u_mand_factor\set92\u_mand_factor_0.4.py,u_mand_factor,92,u_mand_factor,0.4,2,8,5,0.4,0.5,0.7,0.6,0.8,0.6,90.159998,80,28,73.599999,128.799998,34.293333,1,1,1092,0,heuristic_v5b,solved,1,175.762208,84.019696,2.091917,0.0079,,
u_mand_factor\set92\u_mand_factor_0.4.py,u_mand_factor,92,u_mand_factor,0.4,2,8,5,0.4,0.5,0.7,0.6,0.8,0.6,90.159998,80,28,73.599999,128.799998,34.293333,1,1,1092,0,heuristic_v7,solved,1,175.762208,89.159394,1.971326,0.1908,,
u_mand_factor\set92\u_mand_factor_0.5.py,u_mand_factor,92,u_mand_factor,0.5,2,8,5,0.5,0.5,0.7,0.6,1.0,0.5,96.599994,80,28,91.999991,137.999992,42.866662,1,1,1092,0,ilp_v2,optimal,1,143.524109,96.478339,1.48763,0.0438,0.0,
u_mand_factor\set92\u_mand_factor_0.5.py,u_mand_factor,92,u_mand_factor,0.5,2,8,5,0.5,0.5,0.7,0.6,1.0,0.5,96.599994,80,28,91.999991,137.999992,42.866662,1,1,1092,0,heuristic_v5b,solved,1,141.027716,96.099679,1.467515,0.0159,,
u_mand_factor\set92\u_mand_factor_0.5.py,u_mand_factor,92,u_mand_factor,0.5,2,8,5,0.5,0.5,0.7,0.6,1.0,0.5,96.599994,80,28,91.999991,137.999992,42.866662,1,1,1092,0,heuristic_v7,solved,1,141.027716,96.099679,1.467515,0.1836,,
u_mand_factor\set92\u_mand_factor_0.6.py,u_mand_factor,92,u_mand_factor,0.6,2,8,5,0.6,0.5,0.7,0.6,1.2,0.4,103.040001,80,28,110.399994,147.200001,51.439997,1,1,1092,0,ilp_v2,optimal,1,101.946599,103.018835,0.989592,0.1884,2e-06,
u_mand_factor\set92\u_mand_factor_0.6.py,u_mand_factor,92,u_mand_factor,0.6,2,8,5,0.6,0.5,0.7,0.6,1.2,0.4,103.040001,80,28,110.399994,147.200001,51.439997,1,1,1092,0,heuristic_v5b,solved,1,93.720797,103.001382,0.909898,0.0344,,
u_mand_factor\set92\u_mand_factor_0.6.py,u_mand_factor,92,u_mand_factor,0.6,2,8,5,0.6,0.5,0.7,0.6,1.2,0.4,103.040001,80,28,110.399994,147.200001,51.439997,1,1,1092,0,heuristic_v7,solved,1,102.389194,103.005191,0.99402,0.4655,,
u_mand_factor\set92\u_mand_factor_0.7.py,u_mand_factor,92,u_mand_factor,0.7,2,8,5,0.7,0.5,0.7,0.6,1.4,0.3,109.48,80,28,128.800003,156.4,60.013335,1,1,1092,0,ilp_v2,optimal,1,59.306995,109.468346,0.541773,0.5881,0.0,
u_mand_factor\set92\u_mand_factor_0.7.py,u_mand_factor,92,u_mand_factor,0.7,2,8,5,0.7,0.5,0.7,0.6,1.4,0.3,109.48,80,28,128.800003,156.4,60.013335,1,1,1092,0,heuristic_v5b,solved,1,51.266895,109.312866,0.468992,0.0285,,
u_mand_factor\set92\u_mand_factor_0.7.py,u_mand_factor,92,u_mand_factor,0.7,2,8,5,0.7,0.5,0.7,0.6,1.4,0.3,109.48,80,28,128.800003,156.4,60.013335,1,1,1092,0,heuristic_v7,solved,1,56.781365,109.439543,0.518838,0.5947,,
u_mand_factor\set92\u_mand_factor_0.8.py,u_mand_factor,92,u_mand_factor,0.8,2,8,5,0.8,0.5,0.7,0.6,1.6,0.2,115.919994,80,28,147.199999,165.599992,68.586666,1,1,1092,0,ilp_v2,infeasible,0,,,,0.0225,,
u_mand_factor\set92\u_mand_factor_0.8.py,u_mand_factor,92,u_mand_factor,0.8,2,8,5,0.8,0.5,0.7,0.6,1.6,0.2,115.919994,80,28,147.199999,165.599992,68.586666,1,1,1092,0,heuristic_v5b,infeasible,0,,118.786324,,0.0327,,over budget: E=118.7863 > B=115.9200
u_mand_factor\set92\u_mand_factor_0.8.py,u_mand_factor,92,u_mand_factor,0.8,2,8,5,0.8,0.5,0.7,0.6,1.6,0.2,115.919994,80,28,147.199999,165.599992,68.586666,1,1,1092,0,heuristic_v7,solved,1,3.65355,115.896074,0.031524,0.5293,,
u_mand_factor\set92\u_mand_factor_0.9.py,u_mand_factor,92,u_mand_factor,0.9,2,8,5,0.9,0.5,0.7,0.6,1.8,0.1,122.36,80,28,165.6,174.8,77.16,1,1,1092,0,ilp_v2,infeasible,0,,,,0.0225,,
u_mand_factor\set92\u_mand_factor_0.9.py,u_mand_factor,92,u_mand_factor,0.9,2,8,5,0.9,0.5,0.7,0.6,1.8,0.1,122.36,80,28,165.6,174.8,77.16,1,1,1092,0,heuristic_v5b,infeasible,0,,150.607188,,0.0179,,over budget: E=150.6072 > B=122.3600
u_mand_factor\set92\u_mand_factor_0.9.py,u_mand_factor,92,u_mand_factor,0.9,2,8,5,0.9,0.5,0.7,0.6,1.8,0.1,122.36,80,28,165.6,174.8,77.16,1,1,1092,0,heuristic_v7,infeasible,0,,150.352677,,0.1922,,over budget: E=150.3527 > B=122.3600
u_mand_factor\set93\u_mand_factor_0.1.py,u_mand_factor,93,u_mand_factor,0.1,2,8,5,0.1,0.5,0.7,0.6,0.2,0.9,70.839995,80,29,18.399994,101.199993,9.203633,1,0,1093,0,ilp_v2,optimal,1,241.753564,68.950339,3.506198,0.0254,0.0,
u_mand_factor\set93\u_mand_factor_0.1.py,u_mand_factor,93,u_mand_factor,0.1,2,8,5,0.1,0.5,0.7,0.6,0.2,0.9,70.839995,80,29,18.399994,101.199993,9.203633,1,0,1093,0,heuristic_v5b,solved,1,241.753564,70.711838,3.418856,0.0142,,
u_mand_factor\set93\u_mand_factor_0.1.py,u_mand_factor,93,u_mand_factor,0.1,2,8,5,0.1,0.5,0.7,0.6,0.2,0.9,70.839995,80,29,18.399994,101.199993,9.203633,1,0,1093,0,heuristic_v7,solved,1,241.753564,70.711838,3.418856,0.1786,,
u_mand_factor\set93\u_mand_factor_0.2.py,u_mand_factor,93,u_mand_factor,0.2,2,8,5,0.2,0.5,0.7,0.6,0.4,0.8,77.28,80,29,36.799997,110.4,18.407271,1,0,1093,0,ilp_v2,optimal,1,205.700823,64.564915,3.185954,0.017,0.0,
u_mand_factor\set93\u_mand_factor_0.2.py,u_mand_factor,93,u_mand_factor,0.2,2,8,5,0.2,0.5,0.7,0.6,0.4,0.8,77.28,80,29,36.799997,110.4,18.407271,1,0,1093,0,heuristic_v5b,solved,1,205.700823,77.00512,2.671262,0.0156,,
u_mand_factor\set93\u_mand_factor_0.2.py,u_mand_factor,93,u_mand_factor,0.2,2,8,5,0.2,0.5,0.7,0.6,0.4,0.8,77.28,80,29,36.799997,110.4,18.407271,1,0,1093,0,heuristic_v7,solved,1,205.700823,77.04988,2.66971,0.4228,,
u_mand_factor\set93\u_mand_factor_0.3.py,u_mand_factor,93,u_mand_factor,0.3,2,8,5,0.3,0.5,0.7,0.6,0.6,0.7,83.720002,80,29,55.199999,119.600002,27.610909,1,1,1093,0,ilp_v2,optimal,1,185.092594,77.764343,2.380173,0.021,0.0,
u_mand_factor\set93\u_mand_factor_0.3.py,u_mand_factor,93,u_mand_factor,0.3,2,8,5,0.3,0.5,0.7,0.6,0.6,0.7,83.720002,80,29,55.199999,119.600002,27.610909,1,1,1093,0,heuristic_v5b,solved,1,185.092594,83.548776,2.215384,0.0203,,
u_mand_factor\set93\u_mand_factor_0.3.py,u_mand_factor,93,u_mand_factor,0.3,2,8,5,0.3,0.5,0.7,0.6,0.6,0.7,83.720002,80,29,55.199999,119.600002,27.610909,1,1,1093,0,heuristic_v7,solved,1,185.092594,83.548776,2.215384,0.2203,,
u_mand_factor\set93\u_mand_factor_0.4.py,u_mand_factor,93,u_mand_factor,0.4,2,8,5,0.4,0.5,0.7,0.6,0.8,0.6,90.159994,80,29,73.599993,128.799992,36.814542,1,1,1093,0,ilp_v2,optimal,1,157.840815,89.970975,1.754353,0.0606,0.0,
u_mand_factor\set93\u_mand_factor_0.4.py,u_mand_factor,93,u_mand_factor,0.4,2,8,5,0.4,0.5,0.7,0.6,0.8,0.6,90.159994,80,29,73.599993,128.799992,36.814542,1,1,1093,0,heuristic_v5b,solved,1,156.497861,90.106319,1.736813,0.0174,,
u_mand_factor\set93\u_mand_factor_0.4.py,u_mand_factor,93,u_mand_factor,0.4,2,8,5,0.4,0.5,0.7,0.6,0.8,0.6,90.159994,80,29,73.599993,128.799992,36.814542,1,1,1093,0,heuristic_v7,solved,1,160.836255,89.965572,1.787753,0.3459,,
u_mand_factor\set93\u_mand_factor_0.5.py,u_mand_factor,93,u_mand_factor,0.5,2,8,5,0.5,0.5,0.7,0.6,1.0,0.5,96.599994,80,29,92.000007,137.999992,46.018185,1,1,1093,0,ilp_v2,optimal,1,126.566526,96.486034,1.31176,0.0371,0.0,
u_mand_factor\set93\u_mand_factor_0.5.py,u_mand_factor,93,u_mand_factor,0.5,2,8,5,0.5,0.5,0.7,0.6,1.0,0.5,96.599994,80,29,92.000007,137.999992,46.018185,1,1,1093,0,heuristic_v5b,solved,1,113.435179,96.19059,1.179275,0.0364,,
u_mand_factor\set93\u_mand_factor_0.5.py,u_mand_factor,93,u_mand_factor,0.5,2,8,5,0.5,0.5,0.7,0.6,1.0,0.5,96.599994,80,29,92.000007,137.999992,46.018185,1,1,1093,0,heuristic_v7,solved,1,135.642509,96.35633,1.407718,0.2775,,
u_mand_factor\set93\u_mand_factor_0.6.py,u_mand_factor,93,u_mand_factor,0.6,2,8,5,0.6,0.5,0.7,0.6,1.2,0.4,103.039999,80,29,110.399999,147.199999,55.221818,1,1,1093,0,ilp_v2,optimal,1,90.253633,102.98712,0.876358,6.2068,0.0,
u_mand_factor\set93\u_mand_factor_0.6.py,u_mand_factor,93,u_mand_factor,0.6,2,8,5,0.6,0.5,0.7,0.6,1.2,0.4,103.039999,80,29,110.399999,147.199999,55.221818,1,1,1093,0,heuristic_v5b,solved,1,77.479306,102.912667,0.752865,0.1451,,
u_mand_factor\set93\u_mand_factor_0.6.py,u_mand_factor,93,u_mand_factor,0.6,2,8,5,0.6,0.5,0.7,0.6,1.2,0.4,103.039999,80,29,110.399999,147.199999,55.221818,1,1,1093,0,heuristic_v7,solved,1,101.754424,102.742135,0.990387,0.5132,,
u_mand_factor\set93\u_mand_factor_0.7.py,u_mand_factor,93,u_mand_factor,0.7,2,8,5,0.7,0.5,0.7,0.6,1.4,0.3,109.480002,80,29,128.800001,156.400003,64.425455,1,1,1093,0,ilp_v2,optimal,1,67.690229,109.458208,0.618412,0.67,9.1e-05,
u_mand_factor\set93\u_mand_factor_0.7.py,u_mand_factor,93,u_mand_factor,0.7,2,8,5,0.7,0.5,0.7,0.6,1.4,0.3,109.480002,80,29,128.800001,156.400003,64.425455,1,1,1093,0,heuristic_v5b,solved,1,59.369406,109.472956,0.54232,0.1235,,
u_mand_factor\set93\u_mand_factor_0.7.py,u_mand_factor,93,u_mand_factor,0.7,2,8,5,0.7,0.5,0.7,0.6,1.4,0.3,109.480002,80,29,128.800001,156.400003,64.425455,1,1,1093,0,heuristic_v7,solved,1,59.77711,109.452408,0.546147,0.7266,,
u_mand_factor\set93\u_mand_factor_0.8.py,u_mand_factor,93,u_mand_factor,0.8,2,8,5,0.8,0.5,0.7,0.6,1.6,0.2,115.920001,80,29,147.200002,165.600001,73.629092,1,1,1093,0,ilp_v2,optimal,1,18.219159,115.916045,0.157175,2.9235,0.0,
u_mand_factor\set93\u_mand_factor_0.8.py,u_mand_factor,93,u_mand_factor,0.8,2,8,5,0.8,0.5,0.7,0.6,1.6,0.2,115.920001,80,29,147.200002,165.600001,73.629092,1,1,1093,0,heuristic_v5b,solved,1,13.446641,115.728498,0.116191,0.0892,,
u_mand_factor\set93\u_mand_factor_0.8.py,u_mand_factor,93,u_mand_factor,0.8,2,8,5,0.8,0.5,0.7,0.6,1.6,0.2,115.920001,80,29,147.200002,165.600001,73.629092,1,1,1093,0,heuristic_v7,solved,1,16.183063,115.918164,0.139608,0.5224,,
u_mand_factor\set93\u_mand_factor_0.9.py,u_mand_factor,93,u_mand_factor,0.9,2,8,5,0.9,0.5,0.7,0.6,1.8,0.1,122.360002,80,29,165.6,174.800002,82.832727,1,1,1093,0,ilp_v2,infeasible,0,,,,0.0171,,
u_mand_factor\set93\u_mand_factor_0.9.py,u_mand_factor,93,u_mand_factor,0.9,2,8,5,0.9,0.5,0.7,0.6,1.8,0.1,122.360002,80,29,165.6,174.800002,82.832727,1,1,1093,0,heuristic_v5b,infeasible,0,,145.188734,,0.0241,,over budget: E=145.1887 > B=122.3600
u_mand_factor\set93\u_mand_factor_0.9.py,u_mand_factor,93,u_mand_factor,0.9,2,8,5,0.9,0.5,0.7,0.6,1.8,0.1,122.360002,80,29,165.6,174.800002,82.832727,1,1,1093,0,heuristic_v7,infeasible,0,,145.171552,,0.3524,,over budget: E=145.1716 > B=122.3600
u_mand_factor\set94\u_mand_factor_0.1.py,u_mand_factor,94,u_mand_factor,0.1,2,8,5,0.1,0.5,0.7,0.6,0.2,0.9,70.840002,80,27,18.399999,101.200002,9.203636,1,0,1094,0,ilp_v2,optimal,1,191.87228,70.770705,2.711182,0.0219,0.0,
u_mand_factor\set94\u_mand_factor_0.1.py,u_mand_factor,94,u_mand_factor,0.1,2,8,5,0.1,0.5,0.7,0.6,0.2,0.9,70.840002,80,27,18.399999,101.200002,9.203636,1,0,1094,0,heuristic_v5b,solved,1,191.87228,70.827051,2.709025,0.0127,,
u_mand_factor\set94\u_mand_factor_0.1.py,u_mand_factor,94,u_mand_factor,0.1,2,8,5,0.1,0.5,0.7,0.6,0.2,0.9,70.840002,80,27,18.399999,101.200002,9.203636,1,0,1094,0,heuristic_v7,solved,1,191.87228,70.827051,2.709025,0.1726,,
u_mand_factor\set94\u_mand_factor_0.2.py,u_mand_factor,94,u_mand_factor,0.2,2,8,5,0.2,0.5,0.7,0.6,0.4,0.8,77.279998,80,27,36.800001,110.399998,18.407273,1,0,1094,0,ilp_v2,optimal,1,142.518485,76.819599,1.855236,0.0674,6.4e-05,
u_mand_factor\set94\u_mand_factor_0.2.py,u_mand_factor,94,u_mand_factor,0.2,2,8,5,0.2,0.5,0.7,0.6,0.4,0.8,77.279998,80,27,36.800001,110.399998,18.407273,1,0,1094,0,heuristic_v5b,solved,1,147.088432,77.126284,1.907112,0.0173,,
u_mand_factor\set94\u_mand_factor_0.2.py,u_mand_factor,94,u_mand_factor,0.2,2,8,5,0.2,0.5,0.7,0.6,0.4,0.8,77.279998,80,27,36.800001,110.399998,18.407273,1,0,1094,0,heuristic_v7,solved,1,147.088432,77.126284,1.907112,0.322,,
u_mand_factor\set94\u_mand_factor_0.3.py,u_mand_factor,94,u_mand_factor,0.3,2,8,5,0.3,0.5,0.7,0.6,0.6,0.7,83.720003,80,27,55.200001,119.600005,27.61091,1,1,1094,0,ilp_v2,optimal,1,116.688325,83.119264,1.403866,0.0339,0.0,
u_mand_factor\set94\u_mand_factor_0.3.py,u_mand_factor,94,u_mand_factor,0.3,2,8,5,0.3,0.5,0.7,0.6,0.6,0.7,83.720003,80,27,55.200001,119.600005,27.61091,1,1,1094,0,heuristic_v5b,solved,1,124.727711,83.195478,1.499213,0.0103,,
u_mand_factor\set94\u_mand_factor_0.3.py,u_mand_factor,94,u_mand_factor,0.3,2,8,5,0.3,0.5,0.7,0.6,0.6,0.7,83.720003,80,27,55.200001,119.600005,27.61091,1,1,1094,0,heuristic_v7,solved,1,124.727711,83.195478,1.499213,0.275,,
u_mand_factor\set94\u_mand_factor_0.4.py,u_mand_factor,94,u_mand_factor,0.4,2,8,5,0.4,0.5,0.7,0.6,0.8,0.6,90.160002,80,27,73.600002,128.800002,36.814547,1,1,1094,0,ilp_v2,optimal,1,96.205338,89.732419,1.072136,0.0258,0.0,
u_mand_factor\set94\u_mand_factor_0.4.py,u_mand_factor,94,u_mand_factor,0.4,2,8,5,0.4,0.5,0.7,0.6,0.8,0.6,90.160002,80,27,73.600002,128.800002,36.814547,1,1,1094,0,heuristic_v5b,solved,1,108.768026,90.071109,1.20758,0.0153,,
u_mand_factor\set94\u_mand_factor_0.4.py,u_mand_factor,94,u_mand_factor,0.4,2,8,5,0.4,0.5,0.7,0.6,0.8,0.6,90.160002,80,27,73.600002,128.800002,36.814547,1,1,1094,0,heuristic_v7,solved,1,108.768026,90.071109,1.20758,0.3103,,
u_mand_factor\set94\u_mand_factor_0.5.py,u_mand_factor,94,u_mand_factor,0.5,2,8,5,0.5,0.5,0.7,0.6,1.0,0.5,96.600002,80,27,92.000002,138.000002,46.018183,1,1,1094,0,ilp_v2,optimal,1,76.976781,96.192308,0.800238,0.0321,0.0,
u_mand_factor\set94\u_mand_factor_0.5.py,u_mand_factor,94,u_mand_factor,0.5,2,8,5,0.5,0.5,0.7,0.6,1.0,0.5,96.600002,80,27,92.000002,138.000002,46.018183,1,1,1094,0,heuristic_v5b,solved,1,83.167305,96.344434,0.863229,0.0227,,
u_mand_factor\set94\u_mand_factor_0.5.py,u_mand_factor,94,u_mand_factor,0.5,2,8,5,0.5,0.5,0.7,0.6,1.0,0.5,96.600002,80,27,92.000002,138.000002,46.018183,1,1,1094,0,heuristic_v7,solved,1,92.80834,96.374276,0.962999,0.2037,,
u_mand_factor\set94\u_mand_factor_0.6.py,u_mand_factor,94,u_mand_factor,0.6,2,8,5,0.6,0.5,0.7,0.6,1.2,0.4,103.039994,80,27,110.399995,147.199992,55.221816,1,1,1094,0,ilp_v2,optimal,1,67.184685,102.996298,0.652302,0.164,0.0,
u_mand_factor\set94\u_mand_factor_0.6.py,u_mand_factor,94,u_mand_factor,0.6,2,8,5,0.6,0.5,0.7,0.6,1.2,0.4,103.039994,80,27,110.399995,147.199992,55.221816,1,1,1094,0,heuristic_v5b,solved,1,81.075069,102.692241,0.789496,0.0316,,
u_mand_factor\set94\u_mand_factor_0.6.py,u_mand_factor,94,u_mand_factor,0.6,2,8,5,0.6,0.5,0.7,0.6,1.2,0.4,103.039994,80,27,110.399995,147.199992,55.221816,1,1,1094,0,heuristic_v7,solved,1,85.284743,102.80291,0.829595,0.4297,,
u_mand_factor\set94\u_mand_factor_0.7.py,u_mand_factor,94,u_mand_factor,0.7,2,8,5,0.7,0.5,0.7,0.6,1.4,0.3,109.479998,80,27,128.799997,156.399998,64.425453,1,1,1094,0,ilp_v2,optimal,1,43.99058,109.448647,0.401929,0.6011,0.0,
u_mand_factor\set94\u_mand_factor_0.7.py,u_mand_factor,94,u_mand_factor,0.7,2,8,5,0.7,0.5,0.7,0.6,1.4,0.3,109.479998,80,27,128.799997,156.399998,64.425453,1,1,1094,0,heuristic_v5b,solved,1,51.547118,109.476925,0.470849,0.0619,,
u_mand_factor\set94\u_mand_factor_0.7.py,u_mand_factor,94,u_mand_factor,0.7,2,8,5,0.7,0.5,0.7,0.6,1.4,0.3,109.479998,80,27,128.799997,156.399998,64.425453,1,1,1094,0,heuristic_v7,solved,1,51.547118,109.476925,0.470849,0.4609,,
u_mand_factor\set94\u_mand_factor_0.8.py,u_mand_factor,94,u_mand_factor,0.8,2,8,5,0.8,0.5,0.7,0.6,1.6,0.2,115.919994,80,27,147.199995,165.599992,73.629089,1,1,1094,0,ilp_v2,infeasible,0,,,,0.0181,,
u_mand_factor\set94\u_mand_factor_0.8.py,u_mand_factor,94,u_mand_factor,0.8,2,8,5,0.8,0.5,0.7,0.6,1.6,0.2,115.919994,80,27,147.199995,165.599992,73.629089,1,1,1094,0,heuristic_v5b,solved,1,12.638258,115.750525,0.109185,0.0558,,
u_mand_factor\set94\u_mand_factor_0.8.py,u_mand_factor,94,u_mand_factor,0.8,2,8,5,0.8,0.5,0.7,0.6,1.6,0.2,115.919994,80,27,147.199995,165.599992,73.629089,1,1,1094,0,heuristic_v7,solved,1,12.80338,115.764192,0.110599,0.361,,
u_mand_factor\set94\u_mand_factor_0.9.py,u_mand_factor,94,u_mand_factor,0.9,2,8,5,0.9,0.5,0.7,0.6,1.8,0.1,122.359998,80,27,165.599998,174.799998,82.832726,1,1,1094,0,ilp_v2,infeasible,0,,,,0.0159,,
u_mand_factor\set94\u_mand_factor_0.9.py,u_mand_factor,94,u_mand_factor,0.9,2,8,5,0.9,0.5,0.7,0.6,1.8,0.1,122.359998,80,27,165.599998,174.799998,82.832726,1,1,1094,0,heuristic_v5b,infeasible,0,,144.227439,,0.0138,,over budget: E=144.2274 > B=122.3600
u_mand_factor\set94\u_mand_factor_0.9.py,u_mand_factor,94,u_mand_factor,0.9,2,8,5,0.9,0.5,0.7,0.6,1.8,0.1,122.359998,80,27,165.599998,174.799998,82.832726,1,1,1094,0,heuristic_v7,infeasible,0,,143.303085,,0.349,,over budget: E=143.3031 > B=122.3600
u_mand_factor\set95\u_mand_factor_0.1.py,u_mand_factor,95,u_mand_factor,0.1,2,8,5,0.1,0.5,0.7,0.6,0.2,0.9,70.840005,80,23,18.399998,101.200007,8.573332,1,0,1095,0,ilp_v2,optimal,1,246.516715,70.303942,3.506442,0.0106,0.0,
u_mand_factor\set95\u_mand_factor_0.1.py,u_mand_factor,95,u_mand_factor,0.1,2,8,5,0.1,0.5,0.7,0.6,0.2,0.9,70.840005,80,23,18.399998,101.200007,8.573332,1,0,1095,0,heuristic_v5b,solved,1,246.516715,67.100005,3.67387,0.0048,,
u_mand_factor\set95\u_mand_factor_0.1.py,u_mand_factor,95,u_mand_factor,0.1,2,8,5,0.1,0.5,0.7,0.6,0.2,0.9,70.840005,80,23,18.399998,101.200007,8.573332,1,0,1095,0,heuristic_v7,solved,1,246.516715,67.100005,3.67387,0.1063,,
u_mand_factor\set95\u_mand_factor_0.2.py,u_mand_factor,95,u_mand_factor,0.2,2,8,5,0.2,0.5,0.7,0.6,0.4,0.8,77.279999,80,23,36.799998,110.399999,17.146666,1,0,1095,0,ilp_v2,optimal,1,211.522085,74.973594,2.821288,0.021,0.0,
u_mand_factor\set95\u_mand_factor_0.2.py,u_mand_factor,95,u_mand_factor,0.2,2,8,5,0.2,0.5,0.7,0.6,0.4,0.8,77.279999,80,23,36.799998,110.399999,17.146666,1,0,1095,0,heuristic_v5b,solved,1,211.522085,73.199999,2.889646,0.0049,,
u_mand_factor\set95\u_mand_factor_0.2.py,u_mand_factor,95,u_mand_factor,0.2,2,8,5,0.2,0.5,0.7,0.6,0.4,0.8,77.279999,80,23,36.799998,110.399999,17.146666,1,0,1095,0,heuristic_v7,solved,1,211.522085,73.199999,2.889646,0.0879,,
u_mand_factor\set95\u_mand_factor_0.3.py,u_mand_factor,95,u_mand_factor,0.3,2,8,5,0.3,0.5,0.7,0.6,0.6,0.7,83.720005,80,23,55.200005,119.600007,25.720002,1,1,1095,0,ilp_v2,optimal,1,190.691685,77.447181,2.462216,0.0128,0.0,
u_mand_factor\set95\u_mand_factor_0.3.py,u_mand_factor,95,u_mand_factor,0.3,2,8,5,0.3,0.5,0.7,0.6,0.6,0.7,83.720005,80,23,55.200005,119.600007,25.720002,1,1,1095,0,heuristic_v5b,solved,1,176.236352,81.35398,2.16629,0.0059,,
u_mand_factor\set95\u_mand_factor_0.3.py,u_mand_factor,95,u_mand_factor,0.3,2,8,5,0.3,0.5,0.7,0.6,0.6,0.7,83.720005,80,23,55.200005,119.600007,25.720002,1,1,1095,0,heuristic_v7,solved,1,190.691685,79.300005,2.404687,0.1056,,
u_mand_factor\set95\u_mand_factor_0.4.py,u_mand_factor,95,u_mand_factor,0.4,2,8,5,0.4,0.5,0.7,0.6,0.8,0.6,90.160007,80,23,73.600006,128.80001,34.293336,1,1,1095,0,ilp_v2,optimal,1,161.045973,90.074752,1.787915,0.0124,0.0,
u_mand_factor\set95\u_mand_factor_0.4.py,u_mand_factor,95,u_mand_factor,0.4,2,8,5,0.4,0.5,0.7,0.6,0.8,0.6,90.160007,80,23,73.600006,128.80001,34.293336,1,1,1095,0,heuristic_v5b,solved,1,148.00189,89.483589,1.653956,0.0064,,
u_mand_factor\set95\u_mand_factor_0.4.py,u_mand_factor,95,u_mand_factor,0.4,2,8,5,0.4,0.5,0.7,0.6,0.8,0.6,90.160007,80,23,73.600006,128.80001,34.293336,1,1,1095,0,heuristic_v7,solved,1,161.045973,85.400007,1.885784,0.1048,,
u_mand_factor\set95\u_mand_factor_0.5.py,u_mand_factor,95,u_mand_factor,0.5,2,8,5,0.5,0.5,0.7,0.6,1.0,0.5,96.599994,80,23,91.999997,137.999991,42.866665,1,1,1095,0,ilp_v2,optimal,1,135.48932,96.141567,1.409269,0.0409,0.0,
u_mand_factor\set95\u_mand_factor_0.5.py,u_mand_factor,95,u_mand_factor,0.5,2,8,5,0.5,0.5,0.7,0.6,1.0,0.5,96.599994,80,23,91.999997,137.999991,42.866665,1,1,1095,0,heuristic_v5b,solved,1,98.706189,94.323868,1.04646,0.011,,
u_mand_factor\set95\u_mand_factor_0.5.py,u_mand_factor,95,u_mand_factor,0.5,2,8,5,0.5,0.5,0.7,0.6,1.0,0.5,96.599994,80,23,91.999997,137.999991,42.866665,1,1,1095,0,heuristic_v7,solved,1,129.477443,95.964003,1.349229,0.1506,,
u_mand_factor\set95\u_mand_factor_0.6.py,u_mand_factor,95,u_mand_factor,0.6,2,8,5,0.6,0.5,0.7,0.6,1.2,0.4,103.040003,80,23,110.399998,147.200005,51.439999,1,1,1095,0,ilp_v2,optimal,1,97.455203,103.031959,0.945874,0.3913,0.0,
u_mand_factor\set95\u_mand_factor_0.6.py,u_mand_factor,95,u_mand_factor,0.6,2,8,5,0.6,0.5,0.7,0.6,1.2,0.4,103.040003,80,23,110.399998,147.200005,51.439999,1,1,1095,0,heuristic_v5b,solved,1,75.853996,101.828446,0.74492,0.0133,,
u_mand_factor\set95\u_mand_factor_0.6.py,u_mand_factor,95,u_mand_factor,0.6,2,8,5,0.6,0.5,0.7,0.6,1.2,0.4,103.040003,80,23,110.399998,147.200005,51.439999,1,1,1095,0,heuristic_v7,solved,1,95.866946,102.96493,0.931064,0.2009,,
u_mand_factor\set95\u_mand_factor_0.7.py,u_mand_factor,95,u_mand_factor,0.7,2,8,5,0.7,0.5,0.7,0.6,1.4,0.3,109.479998,80,23,128.799995,156.399997,60.013331,1,1,1095,0,ilp_v2,optimal,1,60.695731,109.479837,0.554401,0.2252,0.0,
u_mand_factor\set95\u_mand_factor_0.7.py,u_mand_factor,95,u_mand_factor,0.7,2,8,5,0.7,0.5,0.7,0.6,1.4,0.3,109.479998,80,23,128.799995,156.399997,60.013331,1,1,1095,0,heuristic_v5b,solved,1,34.094228,109.069083,0.312593,0.0147,,
u_mand_factor\set95\u_mand_factor_0.7.py,u_mand_factor,95,u_mand_factor,0.7,2,8,5,0.7,0.5,0.7,0.6,1.4,0.3,109.479998,80,23,128.799995,156.399997,60.013331,1,1,1095,0,heuristic_v7,solved,1,58.564364,109.03271,0.537127,0.1822,,
u_mand_factor\set95\u_mand_factor_0.8.py,u_mand_factor,95,u_mand_factor,0.8,2,8,5,0.8,0.5,0.7,0.6,1.6,0.2,115.920001,80,23,147.200003,165.600001,68.586668,1,1,1095,0,ilp_v2,optimal,1,13.734733,115.884661,0.118521,0.4737,0.0,
u_mand_factor\set95\u_mand_factor_0.8.py,u_mand_factor,95,u_mand_factor,0.8,2,8,5,0.8,0.5,0.7,0.6,1.6,0.2,115.920001,80,23,147.200003,165.600001,68.586668,1,1,1095,0,heuristic_v5b,infeasible,0,,116.088403,,0.0317,,over budget: E=116.0884 > B=115.9200
u_mand_factor\set95\u_mand_factor_0.8.py,u_mand_factor,95,u_mand_factor,0.8,2,8,5,0.8,0.5,0.7,0.6,1.6,0.2,115.920001,80,23,147.200003,165.600001,68.586668,1,1,1095,0,heuristic_v7,solved,1,10.315247,115.904605,0.088998,0.3122,,
u_mand_factor\set95\u_mand_factor_0.9.py,u_mand_factor,95,u_mand_factor,0.9,2,8,5,0.9,0.5,0.7,0.6,1.8,0.1,122.360006,80,23,165.600002,174.800008,77.160001,1,1,1095,0,ilp_v2,infeasible,0,,,,0.0066,,
u_mand_factor\set95\u_mand_factor_0.9.py,u_mand_factor,95,u_mand_factor,0.9,2,8,5,0.9,0.5,0.7,0.6,1.8,0.1,122.360006,80,23,165.600002,174.800008,77.160001,1,1,1095,0,heuristic_v5b,infeasible,0,,144.508372,,0.0354,,over budget: E=144.5084 > B=122.3600
u_mand_factor\set95\u_mand_factor_0.9.py,u_mand_factor,95,u_mand_factor,0.9,2,8,5,0.9,0.5,0.7,0.6,1.8,0.1,122.360006,80,23,165.600002,174.800008,77.160001,1,1,1095,0,heuristic_v7,infeasible,0,,145.385215,,0.1888,,over budget: E=145.3852 > B=122.3600
u_mand_factor\set96\u_mand_factor_0.1.py,u_mand_factor,96,u_mand_factor,0.1,2,8,5,0.1,0.5,0.7,0.6,0.2,0.9,70.840006,80,28,18.400008,101.200009,8.817147,1,0,1096,0,ilp_v2,optimal,1,266.231481,62.623603,4.251296,0.0233,0.0,
u_mand_factor\set96\u_mand_factor_0.1.py,u_mand_factor,96,u_mand_factor,0.1,2,8,5,0.1,0.5,0.7,0.6,0.2,0.9,70.840006,80,28,18.400008,101.200009,8.817147,1,0,1096,0,heuristic_v5b,solved,1,266.231481,70.635809,3.769072,0.0116,,
u_mand_factor\set96\u_mand_factor_0.1.py,u_mand_factor,96,u_mand_factor,0.1,2,8,5,0.1,0.5,0.7,0.6,0.2,0.9,70.840006,80,28,18.400008,101.200009,8.817147,1,0,1096,0,heuristic_v7,solved,1,266.231481,70.635809,3.769072,0.1508,,
u_mand_factor\set96\u_mand_factor_0.2.py,u_mand_factor,96,u_mand_factor,0.2,2,8,5,0.2,0.5,0.7,0.6,0.4,0.8,77.280001,80,28,36.799998,110.400001,17.634285,1,0,1096,0,ilp_v2,optimal,1,212.204937,64.018013,3.314769,0.0209,0.0,
u_mand_factor\set96\u_mand_factor_0.2.py,u_mand_factor,96,u_mand_factor,0.2,2,8,5,0.2,0.5,0.7,0.6,0.4,0.8,77.280001,80,28,36.799998,110.400001,17.634285,1,0,1096,0,heuristic_v5b,solved,1,212.204937,77.195136,2.748942,0.0135,,
u_mand_factor\set96\u_mand_factor_0.2.py,u_mand_factor,96,u_mand_factor,0.2,2,8,5,0.2,0.5,0.7,0.6,0.4,0.8,77.280001,80,28,36.799998,110.400001,17.634285,1,0,1096,0,heuristic_v7,solved,1,212.204937,77.195136,2.748942,0.2192,,
u_mand_factor\set96\u_mand_factor_0.3.py,u_mand_factor,96,u_mand_factor,0.3,2,8,5,0.3,0.5,0.7,0.6,0.6,0.7,83.720012,80,28,55.200008,119.600017,26.451432,1,1,1096,0,ilp_v2,optimal,1,199.430212,82.946818,2.404314,0.0168,0.0,
u_mand_factor\set96\u_mand_factor_0.3.py,u_mand_factor,96,u_mand_factor,0.3,2,8,5,0.3,0.5,0.7,0.6,0.6,0.7,83.720012,80,28,55.200008,119.600017,26.451432,1,1,1096,0,heuristic_v5b,solved,1,199.430212,83.483278,2.388864,0.0073,,
u_mand_factor\set96\u_mand_factor_0.3.py,u_mand_factor,96,u_mand_factor,0.3,2,8,5,0.3,0.5,0.7,0.6,0.6,0.7,83.720012,80,28,55.200008,119.600017,26.451432,1,1,1096,0,heuristic_v7,solved,1,199.430212,83.483278,2.388864,0.1247,,
u_mand_factor\set96\u_mand_factor_0.4.py,u_mand_factor,96,u_mand_factor,0.4,2,8,5,0.4,0.5,0.7,0.6,0.8,0.6,90.159997,80,28,73.599995,128.799995,35.268569,1,1,1096,0,ilp_v2,optimal,1,178.203341,87.950289,2.026183,0.0178,0.0,
u_mand_factor\set96\u_mand_factor_0.4.py,u_mand_factor,96,u_mand_factor,0.4,2,8,5,0.4,0.5,0.7,0.6,0.8,0.6,90.159997,80,28,73.599995,128.799995,35.268569,1,1,1096,0,heuristic_v5b,solved,1,178.203341,90.042845,1.979095,0.0091,,
u_mand_factor\set96\u_mand_factor_0.4.py,u_mand_factor,96,u_mand_factor,0.4,2,8,5,0.4,0.5,0.7,0.6,0.8,0.6,90.159997,80,28,73.599995,128.799995,35.268569,1,1,1096,0,heuristic_v7,solved,1,178.203341,90.120772,1.977384,0.1351,,
u_mand_factor\set96\u_mand_factor_0.5.py,u_mand_factor,96,u_mand_factor,0.5,2,8,5,0.5,0.5,0.7,0.6,1.0,0.5,96.600002,80,28,92.000003,138.000003,44.085716,1,1,1096,0,ilp_v2,optimal,1,147.300752,96.563009,1.525437,0.2072,0.0,
u_mand_factor\set96\u_mand_factor_0.5.py,u_mand_factor,96,u_mand_factor,0.5,2,8,5,0.5,0.5,0.7,0.6,1.0,0.5,96.600002,80,28,92.000003,138.000003,44.085716,1,1,1096,0,heuristic_v5b,solved,1,143.188228,96.542733,1.483159,0.0148,,
u_mand_factor\set96\u_mand_factor_0.5.py,u_mand_factor,96,u_mand_factor,0.5,2,8,5,0.5,0.5,0.7,0.6,1.0,0.5,96.600002,80,28,92.000003,138.000003,44.085716,1,1,1096,0,heuristic_v7,solved,1,148.502777,96.481742,1.53918,0.1542,,
u_mand_factor\set96\u_mand_factor_0.6.py,u_mand_factor,96,u_mand_factor,0.6,2,8,5,0.6,0.5,0.7,0.6,1.2,0.4,103.039995,80,28,110.4,147.199993,52.902857,1,1,1096,0,ilp_v2,optimal,1,109.230747,103.02057,1.060281,0.0363,0.0,
u_mand_factor\set96\u_mand_factor_0.6.py,u_mand_factor,96,u_mand_factor,0.6,2,8,5,0.6,0.5,0.7,0.6,1.2,0.4,103.039995,80,28,110.4,147.199993,52.902857,1,1,1096,0,heuristic_v5b,solved,1,108.076939,102.978659,1.049508,0.0332,,
u_mand_factor\set96\u_mand_factor_0.6.py,u_mand_factor,96,u_mand_factor,0.6,2,8,5,0.6,0.5,0.7,0.6,1.2,0.4,103.039995,80,28,110.4,147.199993,52.902857,1,1,1096,0,heuristic_v7,solved,1,111.573807,103.027599,1.082951,0.2269,,
u_mand_factor\set96\u_mand_factor_0.7.py,u_mand_factor,96,u_mand_factor,0.7,2,8,5,0.7,0.5,0.7,0.6,1.4,0.3,109.48001,80,28,128.800002,156.400015,61.720001,1,1,1096,0,ilp_v2,optimal,1,60.313072,109.479577,0.550907,0.0223,0.0,
u_mand_factor\set96\u_mand_factor_0.7.py,u_mand_factor,96,u_mand_factor,0.7,2,8,5,0.7,0.5,0.7,0.6,1.4,0.3,109.48001,80,28,128.800002,156.400015,61.720001,1,1,1096,0,heuristic_v5b,solved,1,57.493901,109.192111,0.526539,0.0082,,
u_mand_factor\set96\u_mand_factor_0.7.py,u_mand_factor,96,u_mand_factor,0.7,2,8,5,0.7,0.5,0.7,0.6,1.4,0.3,109.48001,80,28,128.800002,156.400015,61.720001,1,1,1096,0,heuristic_v7,solved,1,60.313072,109.146264,0.552589,0.2092,,
u_mand_factor\set96\u_mand_factor_0.8.py,u_mand_factor,96,u_mand_factor,0.8,2,8,5,0.8,0.5,0.7,0.6,1.6,0.2,115.920006,80,28,147.200002,165.600009,70.537144,1,1,1096,0,ilp_v2,optimal,1,11.336341,115.918314,0.097796,0.0937,0.0,
u_mand_factor\set96\u_mand_factor_0.8.py,u_mand_factor,96,u_mand_factor,0.8,2,8,5,0.8,0.5,0.7,0.6,1.6,0.2,115.920006,80,28,147.200002,165.600009,70.537144,1,1,1096,0,heuristic_v5b,solved,1,16.714318,115.346419,0.144905,0.0514,,
u_mand_factor\set96\u_mand_factor_0.8.py,u_mand_factor,96,u_mand_factor,0.8,2,8,5,0.8,0.5,0.7,0.6,1.6,0.2,115.920006,80,28,147.200002,165.600009,70.537144,1,1,1096,0,heuristic_v7,solved,1,17.621888,115.558584,0.152493,0.4271,,
u_mand_factor\set96\u_mand_factor_0.9.py,u_mand_factor,96,u_mand_factor,0.9,2,8,5,0.9,0.5,0.7,0.6,1.8,0.1,122.360002,80,28,165.599999,174.800003,79.354285,1,1,1096,0,ilp_v2,infeasible,0,,,,0.0094,,
u_mand_factor\set96\u_mand_factor_0.9.py,u_mand_factor,96,u_mand_factor,0.9,2,8,5,0.9,0.5,0.7,0.6,1.8,0.1,122.360002,80,28,165.599999,174.800003,79.354285,1,1,1096,0,heuristic_v5b,infeasible,0,,145.295387,,0.024,,over budget: E=145.2954 > B=122.3600
u_mand_factor\set96\u_mand_factor_0.9.py,u_mand_factor,96,u_mand_factor,0.9,2,8,5,0.9,0.5,0.7,0.6,1.8,0.1,122.360002,80,28,165.599999,174.800003,79.354285,1,1,1096,0,heuristic_v7,infeasible,0,,148.766118,,0.3408,,over budget: E=148.7661 > B=122.3600
u_mand_factor\set97\u_mand_factor_0.1.py,u_mand_factor,97,u_mand_factor,0.1,2,8,5,0.1,0.5,0.7,0.6,0.2,0.9,70.840008,80,24,18.400002,101.200011,8.817144,1,0,1097,0,ilp_v2,optimal,1,224.877564,62.500536,3.59801,0.0242,0.0,
u_mand_factor\set97\u_mand_factor_0.1.py,u_mand_factor,97,u_mand_factor,0.1,2,8,5,0.1,0.5,0.7,0.6,0.2,0.9,70.840008,80,24,18.400002,101.200011,8.817144,1,0,1097,0,heuristic_v5b,solved,1,224.877564,66.748616,3.369022,0.0136,,
u_mand_factor\set97\u_mand_factor_0.1.py,u_mand_factor,97,u_mand_factor,0.1,2,8,5,0.1,0.5,0.7,0.6,0.2,0.9,70.840008,80,24,18.400002,101.200011,8.817144,1,0,1097,0,heuristic_v7,solved,1,224.877564,66.748616,3.369022,0.171,,
u_mand_factor\set97\u_mand_factor_0.2.py,u_mand_factor,97,u_mand_factor,0.2,2,8,5,0.2,0.5,0.7,0.6,0.4,0.8,77.279997,80,24,36.799999,110.399995,17.634285,1,0,1097,0,ilp_v2,optimal,1,181.095864,76.517309,2.366731,0.0131,0.0,
u_mand_factor\set97\u_mand_factor_0.2.py,u_mand_factor,97,u_mand_factor,0.2,2,8,5,0.2,0.5,0.7,0.6,0.4,0.8,77.279997,80,24,36.799999,110.399995,17.634285,1,0,1097,0,heuristic_v5b,solved,1,181.095864,73.47505,2.464726,0.006,,
u_mand_factor\set97\u_mand_factor_0.2.py,u_mand_factor,97,u_mand_factor,0.2,2,8,5,0.2,0.5,0.7,0.6,0.4,0.8,77.279997,80,24,36.799999,110.399995,17.634285,1,0,1097,0,heuristic_v7,solved,1,181.095864,73.47505,2.464726,0.1607,,
u_mand_factor\set97\u_mand_factor_0.3.py,u_mand_factor,97,u_mand_factor,0.3,2,8,5,0.3,0.5,0.7,0.6,0.6,0.7,83.719999,80,24,55.200006,119.599999,26.451431,1,1,1097,0,ilp_v2,optimal,1,164.470292,81.712837,2.012784,0.0216,0.0,
u_mand_factor\set97\u_mand_factor_0.3.py,u_mand_factor,97,u_mand_factor,0.3,2,8,5,0.3,0.5,0.7,0.6,0.6,0.7,83.719999,80,24,55.200006,119.599999,26.451431,1,1,1097,0,heuristic_v5b,solved,1,164.470292,80.201497,2.050713,0.0109,,
u_mand_factor\set97\u_mand_factor_0.3.py,u_mand_factor,97,u_mand_factor,0.3,2,8,5,0.3,0.5,0.7,0.6,0.6,0.7,83.719999,80,24,55.200006,119.599999,26.451431,1,1,1097,0,heuristic_v7,solved,1,164.470292,80.201497,2.050713,0.1258,,
u_mand_factor\set97\u_mand_factor_0.4.py,u_mand_factor,97,u_mand_factor,0.4,2,8,5,0.4,0.5,0.7,0.6,0.8,0.6,90.159998,80,24,73.600005,128.799997,35.268574,1,1,1097,0,ilp_v2,optimal,1,150.29571,90.1527,1.667124,0.0814,0.0,
u_mand_factor\set97\u_mand_factor_0.4.py,u_mand_factor,97,u_mand_factor,0.4,2,8,5,0.4,0.5,0.7,0.6,0.8,0.6,90.159998,80,24,73.600005,128.799997,35.268574,1,1,1097,0,heuristic_v5b,solved,1,150.29571,89.486356,1.679538,0.0084,,
u_mand_factor\set97\u_mand_factor_0.4.py,u_mand_factor,97,u_mand_factor,0.4,2,8,5,0.4,0.5,0.7,0.6,0.8,0.6,90.159998,80,24,73.600005,128.799997,35.268574,1,1,1097,0,heuristic_v7,solved,1,150.29571,89.486356,1.679538,0.1323,,
u_mand_factor\set97\u_mand_factor_0.5.py,u_mand_factor,97,u_mand_factor,0.5,2,8,5,0.5,0.5,0.7,0.6,1.0,0.5,96.600007,80,24,92.000007,138.00001,44.085718,1,1,1097,0,ilp_v2,optimal,1,125.152954,96.399622,1.298272,0.0859,0.0,
u_mand_factor\set97\u_mand_factor_0.5.py,u_mand_factor,97,u_mand_factor,0.5,2,8,5,0.5,0.5,0.7,0.6,1.0,0.5,96.600007,80,24,92.000007,138.00001,44.085718,1,1,1097,0,heuristic_v5b,solved,1,118.900925,96.355798,1.233978,0.0161,,
u_mand_factor\set97\u_mand_factor_0.5.py,u_mand_factor,97,u_mand_factor,0.5,2,8,5,0.5,0.5,0.7,0.6,1.0,0.5,96.600007,80,24,92.000007,138.00001,44.085718,1,1,1097,0,heuristic_v7,solved,1,126.564232,96.502142,1.311517,0.1971,,
u_mand_factor\set97\u_mand_factor_0.6.py,u_mand_factor,97,u_mand_factor,0.6,2,8,5,0.6,0.5,0.7,0.6,1.2,0.4,103.03999,80,24,110.399995,147.199985,52.902855,1,1,1097,0,ilp_v2,optimal,1,89.571077,103.039257,0.869291,18.0126,5.7e-05,
u_mand_factor\set97\u_mand_factor_0.6.py,u_mand_factor,97,u_mand_factor,0.6,2,8,5,0.6,0.5,0.7,0.6,1.2,0.4,103.03999,80,24,110.399995,147.199985,52.902855,1,1,1097,0,heuristic_v5b,solved,1,86.960341,103.029697,0.844032,0.0407,,
u_mand_factor\set97\u_mand_factor_0.6.py,u_mand_factor,97,u_mand_factor,0.6,2,8,5,0.6,0.5,0.7,0.6,1.2,0.4,103.03999,80,24,110.399995,147.199985,52.902855,1,1,1097,0,heuristic_v7,solved,1,87.214456,103.012716,0.846638,0.2967,,
u_mand_factor\set97\u_mand_factor_0.7.py,u_mand_factor,97,u_mand_factor,0.7,2,8,5,0.7,0.5,0.7,0.6,1.4,0.3,109.479997,80,24,128.800001,156.399995,61.720001,1,1,1097,0,ilp_v2,optimal,1,49.372742,109.47861,0.450981,7.3009,9.3e-05,
u_mand_factor\set97\u_mand_factor_0.7.py,u_mand_factor,97,u_mand_factor,0.7,2,8,5,0.7,0.5,0.7,0.6,1.4,0.3,109.479997,80,24,128.800001,156.399995,61.720001,1,1,1097,0,heuristic_v5b,solved,1,42.03443,109.447948,0.384059,0.1111,,
u_mand_factor\set97\u_mand_factor_0.7.py,u_mand_factor,97,u_mand_factor,0.7,2,8,5,0.7,0.5,0.7,0.6,1.4,0.3,109.479997,80,24,128.800001,156.399995,61.720001,1,1,1097,0,heuristic_v7,solved,1,47.193976,109.464953,0.431133,0.2981,,
u_mand_factor\set97\u_mand_factor_0.8.py,u_mand_factor,97,u_mand_factor,0.8,2,8,5,0.8,0.5,0.7,0.6,1.6,0.2,115.919999,80,24,147.199995,165.599999,70.537141,1,1,1097,0,ilp_v2,optimal,1,3.388415,115.917635,0.029231,0.3716,0.0,
u_mand_factor\set97\u_mand_factor_0.8.py,u_mand_factor,97,u_mand_factor,0.8,2,8,5,0.8,0.5,0.7,0.6,1.6,0.2,115.919999,80,24,147.199995,165.599999,70.537141,1,1,1097,0,heuristic_v5b,infeasible,0,,119.483448,,0.0386,,over budget: E=119.4834 > B=115.9200
u_mand_factor\set97\u_mand_factor_0.8.py,u_mand_factor,97,u_mand_factor,0.8,2,8,5,0.8,0.5,0.7,0.6,1.6,0.2,115.919999,80,24,147.199995,165.599999,70.537141,1,1,1097,0,heuristic_v7,solved,1,3.528839,115.899549,0.030447,0.1899,,
u_mand_factor\set97\u_mand_factor_0.9.py,u_mand_factor,97,u_mand_factor,0.9,2,8,5,0.9,0.5,0.7,0.6,1.8,0.1,122.359998,80,24,165.599995,174.799997,79.354284,1,1,1097,0,ilp_v2,infeasible,0,,,,0.0093,,
u_mand_factor\set97\u_mand_factor_0.9.py,u_mand_factor,97,u_mand_factor,0.9,2,8,5,0.9,0.5,0.7,0.6,1.8,0.1,122.359998,80,24,165.599995,174.799997,79.354284,1,1,1097,0,heuristic_v5b,infeasible,0,,149.485555,,0.0204,,over budget: E=149.4856 > B=122.3600
u_mand_factor\set97\u_mand_factor_0.9.py,u_mand_factor,97,u_mand_factor,0.9,2,8,5,0.9,0.5,0.7,0.6,1.8,0.1,122.359998,80,24,165.599995,174.799997,79.354284,1,1,1097,0,heuristic_v7,infeasible,0,,149.666401,,0.196,,over budget: E=149.6664 > B=122.3600
u_mand_factor\set98\u_mand_factor_0.1.py,u_mand_factor,98,u_mand_factor,0.1,2,8,5,0.1,0.5,0.7,0.6,0.2,0.9,70.83999,80,36,18.399995,101.199986,8.559998,1,0,1098,0,ilp_v2,optimal,1,240.353775,66.637175,3.606902,0.0185,0.0,
u_mand_factor\set98\u_mand_factor_0.1.py,u_mand_factor,98,u_mand_factor,0.1,2,8,5,0.1,0.5,0.7,0.6,0.2,0.9,70.83999,80,36,18.399995,101.199986,8.559998,1,0,1098,0,heuristic_v5b,solved,1,227.162543,67.43251,3.368739,0.0201,,
u_mand_factor\set98\u_mand_factor_0.1.py,u_mand_factor,98,u_mand_factor,0.1,2,8,5,0.1,0.5,0.7,0.6,0.2,0.9,70.83999,80,36,18.399995,101.199986,8.559998,1,0,1098,0,heuristic_v7,solved,1,240.353775,70.253252,3.421248,0.1928,,
u_mand_factor\set98\u_mand_factor_0.2.py,u_mand_factor,98,u_mand_factor,0.2,2,8,5,0.2,0.5,0.7,0.6,0.4,0.8,77.279987,80,36,36.799995,110.399982,17.119998,1,0,1098,0,ilp_v2,optimal,1,215.087689,75.10507,2.863824,0.0188,0.0,
u_mand_factor\set98\u_mand_factor_0.2.py,u_mand_factor,98,u_mand_factor,0.2,2,8,5,0.2,0.5,0.7,0.6,0.4,0.8,77.279987,80,36,36.799995,110.399982,17.119998,1,0,1098,0,heuristic_v5b,solved,1,215.087689,73.199988,2.938357,0.011,,
u_mand_factor\set98\u_mand_factor_0.2.py,u_mand_factor,98,u_mand_factor,0.2,2,8,5,0.2,0.5,0.7,0.6,0.4,0.8,77.279987,80,36,36.799995,110.399982,17.119998,1,0,1098,0,heuristic_v7,solved,1,215.087689,73.199988,2.938357,0.1722,,
u_mand_factor\set98\u_mand_factor_0.3.py,u_mand_factor,98,u_mand_factor,0.3,2,8,5,0.3,0.5,0.7,0.6,0.6,0.7,83.720002,80,36,55.200005,119.600003,25.680002,1,1,1098,0,ilp_v2,optimal,1,187.499897,83.707792,2.239934,0.021,0.0,
u_mand_factor\set98\u_mand_factor_0.3.py,u_mand_factor,98,u_mand_factor,0.3,2,8,5,0.3,0.5,0.7,0.6,0.6,0.7,83.720002,80,36,55.200005,119.600003,25.680002,1,1,1098,0,heuristic_v5b,solved,1,176.544089,83.266403,2.120232,0.0103,,
u_mand_factor\set98\u_mand_factor_0.3.py,u_mand_factor,98,u_mand_factor,0.3,2,8,5,0.3,0.5,0.7,0.6,0.6,0.7,83.720002,80,36,55.200005,119.600003,25.680002,1,1,1098,0,heuristic_v7,solved,1,187.499897,83.527725,2.244762,0.1497,,
u_mand_factor\set98\u_mand_factor_0.4.py,u_mand_factor,98,u_mand_factor,0.4,2,8,5,0.4,0.5,0.7,0.6,0.8,0.6,90.160002,80,36,73.600001,128.800003,34.240001,1,1,1098,0,ilp_v2,optimal,1,155.34394,90.130105,1.723552,0.1323,0.0,
u_mand_factor\set98\u_mand_factor_0.4.py,u_mand_factor,98,u_mand_factor,0.4,2,8,5,0.4,0.5,0.7,0.6,0.8,0.6,90.160002,80,36,73.600001,128.800003,34.240001,1,1,1098,0,heuristic_v5b,solved,1,158.755396,85.400002,1.858962,0.0156,,
u_mand_factor\set98\u_mand_factor_0.4.py,u_mand_factor,98,u_mand_factor,0.4,2,8,5,0.4,0.5,0.7,0.6,0.8,0.6,90.160002,80,36,73.600001,128.800003,34.240001,1,1,1098,0,heuristic_v7,solved,1,158.755396,85.400002,1.858962,0.1238,,
u_mand_factor\set98\u_mand_factor_0.5.py,u_mand_factor,98,u_mand_factor,0.5,2,8,5,0.5,0.5,0.7,0.6,1.0,0.5,96.599995,80,36,92.0,137.999993,42.8,1,1,1098,0,ilp_v2,optimal,1,122.769625,96.5403,1.271693,0.0394,0.0,
u_mand_factor\set98\u_mand_factor_0.5.py,u_mand_factor,98,u_mand_factor,0.5,2,8,5,0.5,0.5,0.7,0.6,1.0,0.5,96.599995,80,36,92.0,137.999993,42.8,1,1,1098,0,heuristic_v5b,solved,1,132.233864,96.536487,1.369781,0.018,,
u_mand_factor\set98\u_mand_factor_0.5.py,u_mand_factor,98,u_mand_factor,0.5,2,8,5,0.5,0.5,0.7,0.6,1.0,0.5,96.599995,80,36,92.0,137.999993,42.8,1,1,1098,0,heuristic_v7,solved,1,132.233864,96.536487,1.369781,0.1587,,
u_mand_factor\set98\u_mand_factor_0.6.py,u_mand_factor,98,u_mand_factor,0.6,2,8,5,0.6,0.5,0.7,0.6,1.2,0.4,103.039999,80,36,110.399997,147.199999,51.359998,1,1,1098,0,ilp_v2,optimal,1,88.254513,103.011493,0.856744,0.2334,6.3e-05,
u_mand_factor\set98\u_mand_factor_0.6.py,u_mand_factor,98,u_mand_factor,0.6,2,8,5,0.6,0.5,0.7,0.6,1.2,0.4,103.039999,80,36,110.399997,147.199999,51.359998,1,1,1098,0,heuristic_v5b,solved,1,94.855173,102.221504,0.927938,0.0367,,
u_mand_factor\set98\u_mand_factor_0.6.py,u_mand_factor,98,u_mand_factor,0.6,2,8,5,0.6,0.5,0.7,0.6,1.2,0.4,103.039999,80,36,110.399997,147.199999,51.359998,1,1,1098,0,heuristic_v7,solved,1,96.759058,102.939872,0.939957,0.3879,,
u_mand_factor\set98\u_mand_factor_0.7.py,u_mand_factor,98,u_mand_factor,0.7,2,8,5,0.7,0.5,0.7,0.6,1.4,0.3,109.479992,80,36,128.799987,156.399988,59.919994,1,1,1098,0,ilp_v2,optimal,1,51.967229,109.465875,0.474735,0.3739,0.0,
u_mand_factor\set98\u_mand_factor_0.7.py,u_mand_factor,98,u_mand_factor,0.7,2,8,5,0.7,0.5,0.7,0.6,1.4,0.3,109.479992,80,36,128.799987,156.399988,59.919994,1,1,1098,0,heuristic_v5b,solved,1,55.381922,108.783165,0.509104,0.045,,
u_mand_factor\set98\u_mand_factor_0.7.py,u_mand_factor,98,u_mand_factor,0.7,2,8,5,0.7,0.5,0.7,0.6,1.4,0.3,109.479992,80,36,128.799987,156.399988,59.919994,1,1,1098,0,heuristic_v7,solved,1,60.259294,109.407796,0.550777,0.4501,,
u_mand_factor\set98\u_mand_factor_0.8.py,u_mand_factor,98,u_mand_factor,0.8,2,8,5,0.8,0.5,0.7,0.6,1.6,0.2,115.919994,80,36,147.199992,165.599992,68.479996,1,1,1098,0,ilp_v2,infeasible,0,,,,0.017,,
u_mand_factor\set98\u_mand_factor_0.8.py,u_mand_factor,98,u_mand_factor,0.8,2,8,5,0.8,0.5,0.7,0.6,1.6,0.2,115.919994,80,36,147.199992,165.599992,68.479996,1,1,1098,0,heuristic_v5b,solved,1,10.523753,115.913122,0.09079,0.0339,,
u_mand_factor\set98\u_mand_factor_0.8.py,u_mand_factor,98,u_mand_factor,0.8,2,8,5,0.8,0.5,0.7,0.6,1.6,0.2,115.919994,80,36,147.199992,165.599992,68.479996,1,1,1098,0,heuristic_v7,solved,1,11.286127,115.625526,0.097609,0.4748,,
u_mand_factor\set98\u_mand_factor_0.9.py,u_mand_factor,98,u_mand_factor,0.9,2,8,5,0.9,0.5,0.7,0.6,1.8,0.1,122.359994,80,36,165.600001,174.799992,77.040001,1,1,1098,0,ilp_v2,infeasible,0,,,,0.0489,,
u_mand_factor\set98\u_mand_factor_0.9.py,u_mand_factor,98,u_mand_factor,0.9,2,8,5,0.9,0.5,0.7,0.6,1.8,0.1,122.359994,80,36,165.600001,174.799992,77.040001,1,1,1098,0,heuristic_v5b,infeasible,0,,,,0.0,,
u_mand_factor\set98\u_mand_factor_0.9.py,u_mand_factor,98,u_mand_factor,0.9,2,8,5,0.9,0.5,0.7,0.6,1.8,0.1,122.359994,80,36,165.600001,174.799992,77.040001,1,1,1098,0,heuristic_v7,infeasible,0,,,,0.0,,
u_mand_factor\set99\u_mand_factor_0.1.py,u_mand_factor,99,u_mand_factor,0.1,2,8,5,0.1,0.5,0.7,0.6,0.2,0.9,70.839996,80,33,18.400005,101.199994,8.573335,1,0,1099,0,ilp_v2,optimal,1,211.989397,68.32057,3.102863,0.0209,0.0,
u_mand_factor\set99\u_mand_factor_0.1.py,u_mand_factor,99,u_mand_factor,0.1,2,8,5,0.1,0.5,0.7,0.6,0.2,0.9,70.839996,80,33,18.400005,101.199994,8.573335,1,0,1099,0,heuristic_v5b,solved,1,211.989397,70.817117,2.993477,0.0175,,
u_mand_factor\set99\u_mand_factor_0.1.py,u_mand_factor,99,u_mand_factor,0.1,2,8,5,0.1,0.5,0.7,0.6,0.2,0.9,70.839996,80,33,18.400005,101.199994,8.573335,1,0,1099,0,heuristic_v7,solved,1,211.989397,70.817117,2.993477,0.2702,,
u_mand_factor\set99\u_mand_factor_0.2.py,u_mand_factor,99,u_mand_factor,0.2,2,8,5,0.2,0.5,0.7,0.6,0.4,0.8,77.280012,80,33,36.8,110.400017,17.146667,1,0,1099,0,ilp_v2,optimal,1,216.309355,77.086319,2.806067,0.0328,0.0,
u_mand_factor\set99\u_mand_factor_0.2.py,u_mand_factor,99,u_mand_factor,0.2,2,8,5,0.2,0.5,0.7,0.6,0.4,0.8,77.280012,80,33,36.8,110.400017,17.146667,1,0,1099,0,heuristic_v5b,solved,1,216.309355,77.265949,2.799543,0.0191,,
u_mand_factor\set99\u_mand_factor_0.2.py,u_mand_factor,99,u_mand_factor,0.2,2,8,5,0.2,0.5,0.7,0.6,0.4,0.8,77.280012,80,33,36.8,110.400017,17.146667,1,0,1099,0,heuristic_v7,solved,1,216.309355,77.265949,2.799543,0.3715,,
u_mand_factor\set99\u_mand_factor_0.3.py,u_mand_factor,99,u_mand_factor,0.3,2,8,5,0.3,0.5,0.7,0.6,0.6,0.7,83.720006,80,33,55.200009,119.600009,25.720004,1,1,1099,0,ilp_v2,optimal,1,185.284443,80.878538,2.290898,0.0236,0.0,
u_mand_factor\set99\u_mand_factor_0.3.py,u_mand_factor,99,u_mand_factor,0.3,2,8,5,0.3,0.5,0.7,0.6,0.6,0.7,83.720006,80,33,55.200009,119.600009,25.720004,1,1,1099,0,heuristic_v5b,solved,1,185.284443,83.601,2.216295,0.0126,,
u_mand_factor\set99\u_mand_factor_0.3.py,u_mand_factor,99,u_mand_factor,0.3,2,8,5,0.3,0.5,0.7,0.6,0.6,0.7,83.720006,80,33,55.200009,119.600009,25.720004,1,1,1099,0,heuristic_v7,solved,1,185.284443,83.601,2.216295,0.7426,,
u_mand_factor\set99\u_mand_factor_0.4.py,u_mand_factor,99,u_mand_factor,0.4,2,8,5,0.4,0.5,0.7,0.6,0.8,0.6,90.159998,80,33,73.599995,128.799998,34.293331,1,1,1099,0,ilp_v2,optimal,1,150.699091,90.0761,1.67302,0.0285,0.0,
u_mand_factor\set99\u_mand_factor_0.4.py,u_mand_factor,99,u_mand_factor,0.4,2,8,5,0.4,0.5,0.7,0.6,0.8,0.6,90.159998,80,33,73.599995,128.799998,34.293331,1,1,1099,0,heuristic_v5b,solved,1,150.699091,89.99293,1.674566,0.0161,,
u_mand_factor\set99\u_mand_factor_0.4.py,u_mand_factor,99,u_mand_factor,0.4,2,8,5,0.4,0.5,0.7,0.6,0.8,0.6,90.159998,80,33,73.599995,128.799998,34.293331,1,1,1099,0,heuristic_v7,solved,1,150.699091,89.99293,1.674566,0.4854,,
u_mand_factor\set99\u_mand_factor_0.5.py,u_mand_factor,99,u_mand_factor,0.5,2,8,5,0.5,0.5,0.7,0.6,1.0,0.5,96.59999,80,33,91.999999,137.999985,42.866666,1,1,1099,0,ilp_v2,optimal,1,119.601454,96.366159,1.241115,0.0444,0.0,
u_mand_factor\set99\u_mand_factor_0.5.py,u_mand_factor,99,u_mand_factor,0.5,2,8,5,0.5,0.5,0.7,0.6,1.0,0.5,96.59999,80,33,91.999999,137.999985,42.866666,1,1,1099,0,heuristic_v5b,solved,1,119.601454,96.384859,1.240874,0.0209,,
u_mand_factor\set99\u_mand_factor_0.5.py,u_mand_factor,99,u_mand_factor,0.5,2,8,5,0.5,0.5,0.7,0.6,1.0,0.5,96.59999,80,33,91.999999,137.999985,42.866666,1,1,1099,0,heuristic_v7,solved,1,119.601454,96.384859,1.240874,0.2166,,
u_mand_factor\set99\u_mand_factor_0.6.py,u_mand_factor,99,u_mand_factor,0.6,2,8,5,0.6,0.5,0.7,0.6,1.2,0.4,103.040006,80,33,110.399998,147.200009,51.439999,1,1,1099,0,ilp_v2,optimal,1,83.352282,103.028934,0.809018,0.3287,0.0,
u_mand_factor\set99\u_mand_factor_0.6.py,u_mand_factor,99,u_mand_factor,0.6,2,8,5,0.6,0.5,0.7,0.6,1.2,0.4,103.040006,80,33,110.399998,147.200009,51.439999,1,1,1099,0,heuristic_v5b,solved,1,81.207357,99.421066,0.816802,0.0301,,
u_mand_factor\set99\u_mand_factor_0.6.py,u_mand_factor,99,u_mand_factor,0.6,2,8,5,0.6,0.5,0.7,0.6,1.2,0.4,103.040006,80,33,110.399998,147.200009,51.439999,1,1,1099,0,heuristic_v7,solved,1,83.147636,102.986568,0.807364,0.9372,,
u_mand_factor\set99\u_mand_factor_0.7.py,u_mand_factor,99,u_mand_factor,0.7,2,8,5,0.7,0.5,0.7,0.6,1.4,0.3,109.480012,80,33,128.800012,156.400017,60.013339,1,1,1099,0,ilp_v2,optimal,1,55.884738,109.459101,0.510554,0.5541,0.0,
u_mand_factor\set99\u_mand_factor_0.7.py,u_mand_factor,99,u_mand_factor,0.7,2,8,5,0.7,0.5,0.7,0.6,1.4,0.3,109.480012,80,33,128.800012,156.400017,60.013339,1,1,1099,0,heuristic_v5b,solved,1,45.657761,109.424669,0.417253,0.1086,,
u_mand_factor\set99\u_mand_factor_0.7.py,u_mand_factor,99,u_mand_factor,0.7,2,8,5,0.7,0.5,0.7,0.6,1.4,0.3,109.480012,80,33,128.800012,156.400017,60.013339,1,1,1099,0,heuristic_v7,solved,1,45.657761,109.424669,0.417253,1.817,,
u_mand_factor\set99\u_mand_factor_0.8.py,u_mand_factor,99,u_mand_factor,0.8,2,8,5,0.8,0.5,0.7,0.6,1.6,0.2,115.920002,80,33,147.200001,165.600003,68.586667,1,1,1099,0,ilp_v2,infeasible,0,,,,0.0232,,
u_mand_factor\set99\u_mand_factor_0.8.py,u_mand_factor,99,u_mand_factor,0.8,2,8,5,0.8,0.5,0.7,0.6,1.6,0.2,115.920002,80,33,147.200001,165.600003,68.586667,1,1,1099,0,heuristic_v5b,solved,1,5.157634,115.636846,0.044602,0.0397,,
u_mand_factor\set99\u_mand_factor_0.8.py,u_mand_factor,99,u_mand_factor,0.8,2,8,5,0.8,0.5,0.7,0.6,1.6,0.2,115.920002,80,33,147.200001,165.600003,68.586667,1,1,1099,0,heuristic_v7,solved,1,17.847272,115.9093,0.153976,3.1666,,
u_mand_factor\set99\u_mand_factor_0.9.py,u_mand_factor,99,u_mand_factor,0.9,2,8,5,0.9,0.5,0.7,0.6,1.8,0.1,122.360002,80,33,165.600007,174.800003,77.160003,1,1,1099,0,ilp_v2,infeasible,0,,,,0.0359,,
u_mand_factor\set99\u_mand_factor_0.9.py,u_mand_factor,99,u_mand_factor,0.9,2,8,5,0.9,0.5,0.7,0.6,1.8,0.1,122.360002,80,33,165.600007,174.800003,77.160003,1,1,1099,0,heuristic_v5b,infeasible,0,,,,0.0,,
u_mand_factor\set99\u_mand_factor_0.9.py,u_mand_factor,99,u_mand_factor,0.9,2,8,5,0.9,0.5,0.7,0.6,1.8,0.1,122.360002,80,33,165.600007,174.800003,77.160003,1,1,1099,0,heuristic_v7,infeasible,0,,,,0.0,,
