file,sweep,set,factor,value,n_prc,n_tsk,n_frq,u_mand_factor,u_opt_factor,rho,xi,U_M,U_O,B,H,J,e_mand_fmax,e_full_fmax,e_mand_min,feasible,donate_ok,seed,redraws,model,status,model_feasible,utility,energy,util_per_energy,runtime,gap,error
u_mand_factor\set00\u_mand_factor_0.1.py,u_mand_factor,0,u_mand_factor,0.1,2,8,5,0.1,0.5,0.7,0.6,0.2,0.9,70.840003,80,29,18.399999,101.200005,8.817142,1,0,1000,0,heuristic_v4,solved,1,269.727721,70.583105,3.82142,0.0147,,
u_mand_factor\set00\u_mand_factor_0.1.py,u_mand_factor,0,u_mand_factor,0.1,2,8,5,0.1,0.5,0.7,0.6,0.2,0.9,70.840003,80,29,18.399999,101.200005,8.817142,1,0,1000,0,heuristic_v3,solved,1,269.727721,70.583105,3.82142,0.0123,,
u_mand_factor\set00\u_mand_factor_0.2.py,u_mand_factor,0,u_mand_factor,0.2,2,8,5,0.2,0.5,0.7,0.6,0.4,0.8,77.280001,80,29,36.800005,110.400001,17.634288,1,0,1000,0,heuristic_v4,solved,1,235.719363,77.141785,3.055664,0.0141,,
u_mand_factor\set00\u_mand_factor_0.2.py,u_mand_factor,0,u_mand_factor,0.2,2,8,5,0.2,0.5,0.7,0.6,0.4,0.8,77.280001,80,29,36.800005,110.400001,17.634288,1,0,1000,0,heuristic_v3,solved,1,235.719363,77.141785,3.055664,0.014,,
u_mand_factor\set00\u_mand_factor_0.3.py,u_mand_factor,0,u_mand_factor,0.3,2,8,5,0.3,0.5,0.7,0.6,0.6,0.7,83.719998,80,29,55.199995,119.599997,26.451426,1,1,1000,0,heuristic_v4,solved,1,203.729585,83.47845,2.440505,0.0161,,
u_mand_factor\set00\u_mand_factor_0.3.py,u_mand_factor,0,u_mand_factor,0.3,2,8,5,0.3,0.5,0.7,0.6,0.6,0.7,83.719998,80,29,55.199995,119.599997,26.451426,1,1,1000,0,heuristic_v3,solved,1,203.729585,83.47845,2.440505,0.0148,,
u_mand_factor\set00\u_mand_factor_0.4.py,u_mand_factor,0,u_mand_factor,0.4,2,8,5,0.4,0.5,0.7,0.6,0.8,0.6,90.160002,80,29,73.6,128.800002,35.268571,1,1,1000,0,heuristic_v4,solved,1,169.748785,89.683332,1.892757,0.0168,,
u_mand_factor\set00\u_mand_factor_0.4.py,u_mand_factor,0,u_mand_factor,0.4,2,8,5,0.4,0.5,0.7,0.6,0.8,0.6,90.160002,80,29,73.6,128.800002,35.268571,1,1,1000,0,heuristic_v3,solved,1,166.810279,90.003784,1.85337,0.0156,,
u_mand_factor\set00\u_mand_factor_0.5.py,u_mand_factor,0,u_mand_factor,0.5,2,8,5,0.5,0.5,0.7,0.6,1.0,0.5,96.600007,80,29,91.999999,138.00001,44.085714,1,1,1000,0,heuristic_v4,solved,1,131.509054,96.023023,1.369558,0.0156,,
u_mand_factor\set00\u_mand_factor_0.5.py,u_mand_factor,0,u_mand_factor,0.5,2,8,5,0.5,0.5,0.7,0.6,1.0,0.5,96.600007,80,29,91.999999,138.00001,44.085714,1,1,1000,0,heuristic_v3,solved,1,131.232467,96.402782,1.361293,0.0151,,
u_mand_factor\set00\u_mand_factor_0.6.py,u_mand_factor,0,u_mand_factor,0.6,2,8,5,0.6,0.5,0.7,0.6,1.2,0.4,103.039996,80,29,110.399999,147.199994,52.902857,1,1,1000,0,heuristic_v4,solved,1,94.830614,102.585255,0.924408,0.0206,,
u_mand_factor\set00\u_mand_factor_0.6.py,u_mand_factor,0,u_mand_factor,0.6,2,8,5,0.6,0.5,0.7,0.6,1.2,0.4,103.039996,80,29,110.399999,147.199994,52.902857,1,1,1000,0,heuristic_v3,solved,1,94.461727,102.483552,0.921726,0.0154,,
u_mand_factor\set00\u_mand_factor_0.7.py,u_mand_factor,0,u_mand_factor,0.7,2,8,5,0.7,0.5,0.7,0.6,1.4,0.3,109.480003,80,29,128.799994,156.400005,61.719997,1,1,1000,0,heuristic_v4,solved,1,57.225992,109.264423,0.523739,0.0406,,
u_mand_factor\set00\u_mand_factor_0.7.py,u_mand_factor,0,u_mand_factor,0.7,2,8,5,0.7,0.5,0.7,0.6,1.4,0.3,109.480003,80,29,128.799994,156.400005,61.719997,1,1,1000,0,heuristic_v3,solved,1,56.329786,109.26221,0.515547,0.0192,,
u_mand_factor\set00\u_mand_factor_0.8.py,u_mand_factor,0,u_mand_factor,0.8,2,8,5,0.8,0.5,0.7,0.6,1.6,0.2,115.920003,80,29,147.200002,165.600005,70.537144,1,1,1000,0,heuristic_v4,infeasible,0,,116.265436,,0.0387,,over budget: E=116.2654 > B=115.9200
u_mand_factor\set00\u_mand_factor_0.8.py,u_mand_factor,0,u_mand_factor,0.8,2,8,5,0.8,0.5,0.7,0.6,1.6,0.2,115.920003,80,29,147.200002,165.600005,70.537144,1,1,1000,0,heuristic_v3,infeasible,0,,116.265436,,0.0397,,over budget: E=116.2654 > B=115.9200
u_mand_factor\set00\u_mand_factor_0.9.py,u_mand_factor,0,u_mand_factor,0.9,2,8,5,0.9,0.5,0.7,0.6,1.8,0.1,122.360007,80,29,165.600003,174.80001,79.354287,1,1,1000,0,heuristic_v4,infeasible,0,,141.296447,,0.0396,,over budget: E=141.2964 > B=122.3600
u_mand_factor\set00\u_mand_factor_0.9.py,u_mand_factor,0,u_mand_factor,0.9,2,8,5,0.9,0.5,0.7,0.6,1.8,0.1,122.360007,80,29,165.600003,174.80001,79.354287,1,1,1000,0,heuristic_v3,infeasible,0,,141.296447,,0.0378,,over budget: E=141.2964 > B=122.3600
u_mand_factor\set01\u_mand_factor_0.1.py,u_mand_factor,1,u_mand_factor,0.1,2,8,5,0.1,0.5,0.7,0.6,0.2,0.9,70.840001,80,23,18.400005,101.200001,8.573335,1,0,1001,0,heuristic_v4,solved,1,223.596122,65.131323,3.433004,0.0045,,
u_mand_factor\set01\u_mand_factor_0.1.py,u_mand_factor,1,u_mand_factor,0.1,2,8,5,0.1,0.5,0.7,0.6,0.2,0.9,70.840001,80,23,18.400005,101.200001,8.573335,1,0,1001,0,heuristic_v3,solved,1,215.596424,67.980089,3.171464,0.0037,,
u_mand_factor\set01\u_mand_factor_0.2.py,u_mand_factor,1,u_mand_factor,0.2,2,8,5,0.2,0.5,0.7,0.6,0.4,0.8,77.279998,80,23,36.799997,110.399998,17.146665,1,0,1001,0,heuristic_v4,solved,1,216.586651,75.738194,2.859675,0.0041,,
u_mand_factor\set01\u_mand_factor_0.2.py,u_mand_factor,1,u_mand_factor,0.2,2,8,5,0.2,0.5,0.7,0.6,0.4,0.8,77.279998,80,23,36.799997,110.399998,17.146665,1,0,1001,0,heuristic_v3,solved,1,216.586651,75.738194,2.859675,0.004,,
u_mand_factor\set01\u_mand_factor_0.3.py,u_mand_factor,1,u_mand_factor,0.3,2,8,5,0.3,0.5,0.7,0.6,0.6,0.7,83.720006,80,23,55.200001,119.600009,25.720001,1,1,1001,0,heuristic_v4,solved,1,171.500524,83.530577,2.053147,0.0047,,
u_mand_factor\set01\u_mand_factor_0.3.py,u_mand_factor,1,u_mand_factor,0.3,2,8,5,0.3,0.5,0.7,0.6,0.6,0.7,83.720006,80,23,55.200001,119.600009,25.720001,1,1,1001,0,heuristic_v3,solved,1,171.500524,83.530577,2.053147,0.0035,,
u_mand_factor\set01\u_mand_factor_0.4.py,u_mand_factor,1,u_mand_factor,0.4,2,8,5,0.4,0.5,0.7,0.6,0.8,0.6,90.159998,80,23,73.599998,128.799998,34.293332,1,1,1001,0,heuristic_v4,solved,1,142.366766,89.643347,1.588146,0.0031,,
u_mand_factor\set01\u_mand_factor_0.4.py,u_mand_factor,1,u_mand_factor,0.4,2,8,5,0.4,0.5,0.7,0.6,0.8,0.6,90.159998,80,23,73.599998,128.799998,34.293332,1,1,1001,0,heuristic_v3,solved,1,142.366766,89.643347,1.588146,0.0036,,
u_mand_factor\set01\u_mand_factor_0.5.py,u_mand_factor,1,u_mand_factor,0.5,2,8,5,0.5,0.5,0.7,0.6,1.0,0.5,96.600004,80,23,92.000007,138.000006,42.86667,1,1,1001,0,heuristic_v4,solved,1,107.978499,96.091277,1.123708,0.0061,,
u_mand_factor\set01\u_mand_factor_0.5.py,u_mand_factor,1,u_mand_factor,0.5,2,8,5,0.5,0.5,0.7,0.6,1.0,0.5,96.600004,80,23,92.000007,138.000006,42.86667,1,1,1001,0,heuristic_v3,solved,1,101.991185,96.476483,1.057161,0.0051,,
u_mand_factor\set01\u_mand_factor_0.6.py,u_mand_factor,1,u_mand_factor,0.6,2,8,5,0.6,0.5,0.7,0.6,1.2,0.4,103.039999,80,23,110.4,147.199999,51.44,1,1,1001,0,heuristic_v4,solved,1,58.745465,101.684189,0.577725,0.0051,,
u_mand_factor\set01\u_mand_factor_0.6.py,u_mand_factor,1,u_mand_factor,0.6,2,8,5,0.6,0.5,0.7,0.6,1.2,0.4,103.039999,80,23,110.4,147.199999,51.44,1,1,1001,0,heuristic_v3,solved,1,58.745465,101.684189,0.577725,0.0041,,
u_mand_factor\set01\u_mand_factor_0.7.py,u_mand_factor,1,u_mand_factor,0.7,2,8,5,0.7,0.5,0.7,0.6,1.4,0.3,109.480001,80,23,128.800001,156.400001,60.013334,1,1,1001,0,heuristic_v4,solved,1,31.187073,109.450255,0.284943,0.0243,,
u_mand_factor\set01\u_mand_factor_0.7.py,u_mand_factor,1,u_mand_factor,0.7,2,8,5,0.7,0.5,0.7,0.6,1.4,0.3,109.480001,80,23,128.800001,156.400001,60.013334,1,1,1001,0,heuristic_v3,solved,1,30.909398,109.463471,0.282372,0.0143,,
u_mand_factor\set01\u_mand_factor_0.8.py,u_mand_factor,1,u_mand_factor,0.8,2,8,5,0.8,0.5,0.7,0.6,1.6,0.2,115.920003,80,23,147.200003,165.600005,68.586668,1,1,1001,0,heuristic_v4,infeasible,0,,118.344624,,0.0055,,over budget: E=118.3446 > B=115.9200
u_mand_factor\set01\u_mand_factor_0.8.py,u_mand_factor,1,u_mand_factor,0.8,2,8,5,0.8,0.5,0.7,0.6,1.6,0.2,115.920003,80,23,147.200003,165.600005,68.586668,1,1,1001,0,heuristic_v3,infeasible,0,,118.344624,,0.0056,,over budget: E=118.3446 > B=115.9200
u_mand_factor\set01\u_mand_factor_0.9.py,u_mand_factor,1,u_mand_factor,0.9,2,8,5,0.9,0.5,0.7,0.6,1.8,0.1,122.359998,80,23,165.600002,174.799998,77.160001,1,1,1001,0,heuristic_v4,infeasible,0,,,,0.0,,
u_mand_factor\set01\u_mand_factor_0.9.py,u_mand_factor,1,u_mand_factor,0.9,2,8,5,0.9,0.5,0.7,0.6,1.8,0.1,122.359998,80,23,165.600002,174.799998,77.160001,1,1,1001,0,heuristic_v3,infeasible,0,,,,0.0,,
u_mand_factor\set02\u_mand_factor_0.1.py,u_mand_factor,2,u_mand_factor,0.1,2,8,5,0.1,0.5,0.7,0.6,0.2,0.9,70.839998,80,30,18.400002,101.199998,8.560001,1,0,1002,0,heuristic_v4,solved,1,231.076153,67.734957,3.411476,0.0085,,
u_mand_factor\set02\u_mand_factor_0.1.py,u_mand_factor,2,u_mand_factor,0.1,2,8,5,0.1,0.5,0.7,0.6,0.2,0.9,70.839998,80,30,18.400002,101.199998,8.560001,1,0,1002,0,heuristic_v3,solved,1,231.076153,67.734957,3.411476,0.0073,,
u_mand_factor\set02\u_mand_factor_0.2.py,u_mand_factor,2,u_mand_factor,0.2,2,8,5,0.2,0.5,0.7,0.6,0.4,0.8,77.280002,80,30,36.8,110.400002,17.12,1,0,1002,0,heuristic_v4,solved,1,195.99357,75.649283,2.590819,0.0085,,
u_mand_factor\set02\u_mand_factor_0.2.py,u_mand_factor,2,u_mand_factor,0.2,2,8,5,0.2,0.5,0.7,0.6,0.4,0.8,77.280002,80,30,36.8,110.400002,17.12,1,0,1002,0,heuristic_v3,solved,1,195.99357,75.649283,2.590819,0.0077,,
u_mand_factor\set02\u_mand_factor_0.3.py,u_mand_factor,2,u_mand_factor,0.3,2,8,5,0.3,0.5,0.7,0.6,0.6,0.7,83.719992,80,30,55.200001,119.599988,25.680001,1,1,1002,0,heuristic_v4,solved,1,149.213423,80.455197,1.854615,0.0104,,
u_mand_factor\set02\u_mand_factor_0.3.py,u_mand_factor,2,u_mand_factor,0.3,2,8,5,0.3,0.5,0.7,0.6,0.6,0.7,83.719992,80,30,55.200001,119.599988,25.680001,1,1,1002,0,heuristic_v3,solved,1,149.213423,80.455197,1.854615,0.0122,,
u_mand_factor\set02\u_mand_factor_0.4.py,u_mand_factor,2,u_mand_factor,0.4,2,8,5,0.4,0.5,0.7,0.6,0.8,0.6,90.160004,80,30,73.599997,128.800006,34.239998,1,1,1002,0,heuristic_v4,solved,1,139.307634,88.290977,1.577824,0.0097,,
u_mand_factor\set02\u_mand_factor_0.4.py,u_mand_factor,2,u_mand_factor,0.4,2,8,5,0.4,0.5,0.7,0.6,0.8,0.6,90.160004,80,30,73.599997,128.800006,34.239998,1,1,1002,0,heuristic_v3,solved,1,139.307634,88.290977,1.577824,0.0087,,
u_mand_factor\set02\u_mand_factor_0.5.py,u_mand_factor,2,u_mand_factor,0.5,2,8,5,0.5,0.5,0.7,0.6,1.0,0.5,96.599995,80,30,91.999999,137.999993,42.799999,1,1,1002,0,heuristic_v4,solved,1,124.356308,93.90015,1.324346,0.011,,
u_mand_factor\set02\u_mand_factor_0.5.py,u_mand_factor,2,u_mand_factor,0.5,2,8,5,0.5,0.5,0.7,0.6,1.0,0.5,96.599995,80,30,91.999999,137.999993,42.799999,1,1,1002,0,heuristic_v3,solved,1,123.089333,94.911338,1.296888,0.0115,,
u_mand_factor\set02\u_mand_factor_0.6.py,u_mand_factor,2,u_mand_factor,0.6,2,8,5,0.6,0.5,0.7,0.6,1.2,0.4,103.039989,80,30,110.399998,147.199984,51.359999,1,1,1002,0,heuristic_v4,solved,1,88.235159,102.712821,0.859047,0.0158,,
u_mand_factor\set02\u_mand_factor_0.6.py,u_mand_factor,2,u_mand_factor,0.6,2,8,5,0.6,0.5,0.7,0.6,1.2,0.4,103.039989,80,30,110.399998,147.199984,51.359999,1,1,1002,0,heuristic_v3,solved,1,85.405858,103.026473,0.82897,0.0146,,
u_mand_factor\set02\u_mand_factor_0.7.py,u_mand_factor,2,u_mand_factor,0.7,2,8,5,0.7,0.5,0.7,0.6,1.4,0.3,109.48001,80,30,128.799998,156.400014,59.919999,1,1,1002,0,heuristic_v4,solved,1,45.452784,109.476443,0.415183,0.0147,,
u_mand_factor\set02\u_mand_factor_0.7.py,u_mand_factor,2,u_mand_factor,0.7,2,8,5,0.7,0.5,0.7,0.6,1.4,0.3,109.48001,80,30,128.799998,156.400014,59.919999,1,1,1002,0,heuristic_v3,solved,1,45.452784,109.476443,0.415183,0.0159,,
u_mand_factor\set02\u_mand_factor_0.8.py,u_mand_factor,2,u_mand_factor,0.8,2,8,5,0.8,0.5,0.7,0.6,1.6,0.2,115.920013,80,30,147.199999,165.600018,68.479999,1,1,1002,0,heuristic_v4,solved,1,2.513169,115.904466,0.021683,0.0621,,
u_mand_factor\set02\u_mand_factor_0.8.py,u_mand_factor,2,u_mand_factor,0.8,2,8,5,0.8,0.5,0.7,0.6,1.6,0.2,115.920013,80,30,147.199999,165.600018,68.479999,1,1,1002,0,heuristic_v3,solved,1,2.513169,115.904466,0.021683,0.0568,,
u_mand_factor\set02\u_mand_factor_0.9.py,u_mand_factor,2,u_mand_factor,0.9,2,8,5,0.9,0.5,0.7,0.6,1.8,0.1,122.359999,80,30,165.600003,174.799999,77.040002,1,1,1002,0,heuristic_v4,infeasible,0,,,,0.0,,
u_mand_factor\set02\u_mand_factor_0.9.py,u_mand_factor,2,u_mand_factor,0.9,2,8,5,0.9,0.5,0.7,0.6,1.8,0.1,122.359999,80,30,165.600003,174.799999,77.040002,1,1,1002,0,heuristic_v3,infeasible,0,,,,0.0,,
u_mand_factor\set03\u_mand_factor_0.1.py,u_mand_factor,3,u_mand_factor,0.1,2,8,5,0.1,0.5,0.7,0.6,0.2,0.9,70.839997,80,27,18.399999,101.199995,8.573333,1,0,1003,0,heuristic_v4,solved,1,235.991183,69.101688,3.415129,0.0077,,
u_mand_factor\set03\u_mand_factor_0.1.py,u_mand_factor,3,u_mand_factor,0.1,2,8,5,0.1,0.5,0.7,0.6,0.2,0.9,70.839997,80,27,18.399999,101.199995,8.573333,1,0,1003,0,heuristic_v3,solved,1,235.991183,69.101688,3.415129,0.0074,,
u_mand_factor\set03\u_mand_factor_0.2.py,u_mand_factor,3,u_mand_factor,0.2,2,8,5,0.2,0.5,0.7,0.6,0.4,0.8,77.279998,80,27,36.799992,110.399997,17.146663,1,0,1003,0,heuristic_v4,solved,1,199.11193,73.596391,2.705458,0.0098,,
u_mand_factor\set03\u_mand_factor_0.2.py,u_mand_factor,3,u_mand_factor,0.2,2,8,5,0.2,0.5,0.7,0.6,0.4,0.8,77.279998,80,27,36.799992,110.399997,17.146663,1,0,1003,0,heuristic_v3,solved,1,199.11193,73.596391,2.705458,0.0089,,
u_mand_factor\set03\u_mand_factor_0.3.py,u_mand_factor,3,u_mand_factor,0.3,2,8,5,0.3,0.5,0.7,0.6,0.6,0.7,83.72,80,27,55.199999,119.6,25.719999,1,1,1003,0,heuristic_v4,solved,1,175.867909,83.132464,2.115514,0.0079,,
u_mand_factor\set03\u_mand_factor_0.3.py,u_mand_factor,3,u_mand_factor,0.3,2,8,5,0.3,0.5,0.7,0.6,0.6,0.7,83.72,80,27,55.199999,119.6,25.719999,1,1,1003,0,heuristic_v3,solved,1,175.867909,83.132464,2.115514,0.0079,,
u_mand_factor\set03\u_mand_factor_0.4.py,u_mand_factor,3,u_mand_factor,0.4,2,8,5,0.4,0.5,0.7,0.6,0.8,0.6,90.160009,80,27,73.600006,128.800013,34.293336,1,1,1003,0,heuristic_v4,solved,1,150.398871,83.038842,1.811187,0.0097,,
u_mand_factor\set03\u_mand_factor_0.4.py,u_mand_factor,3,u_mand_factor,0.4,2,8,5,0.4,0.5,0.7,0.6,0.8,0.6,90.160009,80,27,73.600006,128.800013,34.293336,1,1,1003,0,heuristic_v3,solved,1,150.398871,83.038842,1.811187,0.0091,,
u_mand_factor\set03\u_mand_factor_0.5.py,u_mand_factor,3,u_mand_factor,0.5,2,8,5,0.5,0.5,0.7,0.6,1.0,0.5,96.6,80,27,92.000005,138.0,42.866669,1,1,1003,0,heuristic_v4,solved,1,118.533754,95.125971,1.246071,0.0109,,
u_mand_factor\set03\u_mand_factor_0.5.py,u_mand_factor,3,u_mand_factor,0.5,2,8,5,0.5,0.5,0.7,0.6,1.0,0.5,96.6,80,27,92.000005,138.0,42.866669,1,1,1003,0,heuristic_v3,solved,1,117.062263,94.4215,1.239784,0.0081,,
u_mand_factor\set03\u_mand_factor_0.6.py,u_mand_factor,3,u_mand_factor,0.6,2,8,5,0.6,0.5,0.7,0.6,1.2,0.4,103.039998,80,27,110.399999,147.199998,51.439999,1,1,1003,0,heuristic_v4,solved,1,86.121223,102.901645,0.836928,0.0313,,
u_mand_factor\set03\u_mand_factor_0.6.py,u_mand_factor,3,u_mand_factor,0.6,2,8,5,0.6,0.5,0.7,0.6,1.2,0.4,103.039998,80,27,110.399999,147.199998,51.439999,1,1,1003,0,heuristic_v3,solved,1,85.965008,102.932997,0.835155,0.0122,,
u_mand_factor\set03\u_mand_factor_0.7.py,u_mand_factor,3,u_mand_factor,0.7,2,8,5,0.7,0.5,0.7,0.6,1.4,0.3,109.480005,80,27,128.799997,156.400007,60.013332,1,1,1003,0,heuristic_v4,solved,1,47.07094,109.101623,0.431441,0.0215,,
u_mand_factor\set03\u_mand_factor_0.7.py,u_mand_factor,3,u_mand_factor,0.7,2,8,5,0.7,0.5,0.7,0.6,1.4,0.3,109.480005,80,27,128.799997,156.400007,60.013332,1,1,1003,0,heuristic_v3,solved,1,46.76306,108.962003,0.429169,0.0092,,
u_mand_factor\set03\u_mand_factor_0.8.py,u_mand_factor,3,u_mand_factor,0.8,2,8,5,0.8,0.5,0.7,0.6,1.6,0.2,115.919992,80,27,147.199999,165.599988,68.586666,1,1,1003,0,heuristic_v4,infeasible,0,,117.949402,,0.0256,,over budget: E=117.9494 > B=115.9200
u_mand_factor\set03\u_mand_factor_0.8.py,u_mand_factor,3,u_mand_factor,0.8,2,8,5,0.8,0.5,0.7,0.6,1.6,0.2,115.919992,80,27,147.199999,165.599988,68.586666,1,1,1003,0,heuristic_v3,infeasible,0,,117.949402,,0.026,,over budget: E=117.9494 > B=115.9200
u_mand_factor\set03\u_mand_factor_0.9.py,u_mand_factor,3,u_mand_factor,0.9,2,8,5,0.9,0.5,0.7,0.6,1.8,0.1,122.360006,80,27,165.599995,174.800009,77.159998,1,1,1003,0,heuristic_v4,infeasible,0,,149.89869,,0.0361,,over budget: E=149.8987 > B=122.3600
u_mand_factor\set03\u_mand_factor_0.9.py,u_mand_factor,3,u_mand_factor,0.9,2,8,5,0.9,0.5,0.7,0.6,1.8,0.1,122.360006,80,27,165.599995,174.800009,77.159998,1,1,1003,0,heuristic_v3,infeasible,0,,149.89869,,0.0361,,over budget: E=149.8987 > B=122.3600
u_mand_factor\set04\u_mand_factor_0.1.py,u_mand_factor,4,u_mand_factor,0.1,2,8,5,0.1,0.5,0.7,0.6,0.2,0.9,70.840009,80,33,18.400001,101.200013,8.817143,1,0,1004,0,heuristic_v4,solved,1,204.299234,67.100008,3.044698,0.0132,,
u_mand_factor\set04\u_mand_factor_0.1.py,u_mand_factor,4,u_mand_factor,0.1,2,8,5,0.1,0.5,0.7,0.6,0.2,0.9,70.840009,80,33,18.400001,101.200013,8.817143,1,0,1004,0,heuristic_v3,solved,1,204.299234,67.100008,3.044698,0.0124,,
u_mand_factor\set04\u_mand_factor_0.2.py,u_mand_factor,4,u_mand_factor,0.2,2,8,5,0.2,0.5,0.7,0.6,0.4,0.8,77.280002,80,33,36.799998,110.400003,17.634285,1,0,1004,0,heuristic_v4,solved,1,182.388335,73.200002,2.491644,0.0122,,
u_mand_factor\set04\u_mand_factor_0.2.py,u_mand_factor,4,u_mand_factor,0.2,2,8,5,0.2,0.5,0.7,0.6,0.4,0.8,77.280002,80,33,36.799998,110.400003,17.634285,1,0,1004,0,heuristic_v3,solved,1,182.388335,73.200002,2.491644,0.0124,,
u_mand_factor\set04\u_mand_factor_0.3.py,u_mand_factor,4,u_mand_factor,0.3,2,8,5,0.3,0.5,0.7,0.6,0.6,0.7,83.719986,80,33,55.199995,119.59998,26.451426,1,1,1004,0,heuristic_v4,solved,1,158.443841,79.299987,1.998031,0.0114,,
u_mand_factor\set04\u_mand_factor_0.3.py,u_mand_factor,4,u_mand_factor,0.3,2,8,5,0.3,0.5,0.7,0.6,0.6,0.7,83.719986,80,33,55.199995,119.59998,26.451426,1,1,1004,0,heuristic_v3,solved,1,158.443841,79.299987,1.998031,0.0111,,
u_mand_factor\set04\u_mand_factor_0.4.py,u_mand_factor,4,u_mand_factor,0.4,2,8,5,0.4,0.5,0.7,0.6,0.8,0.6,90.159994,80,33,73.600001,128.799992,35.268572,1,1,1004,0,heuristic_v4,solved,1,133.162218,89.952851,1.480356,0.0131,,
u_mand_factor\set04\u_mand_factor_0.4.py,u_mand_factor,4,u_mand_factor,0.4,2,8,5,0.4,0.5,0.7,0.6,0.8,0.6,90.159994,80,33,73.600001,128.799992,35.268572,1,1,1004,0,heuristic_v3,solved,1,132.725729,89.644658,1.480576,0.0124,,
u_mand_factor\set04\u_mand_factor_0.5.py,u_mand_factor,4,u_mand_factor,0.5,2,8,5,0.5,0.5,0.7,0.6,1.0,0.5,96.6,80,33,92.000002,138.0,44.085715,1,1,1004,0,heuristic_v4,solved,1,102.329435,96.421209,1.061275,0.0137,,
u_mand_factor\set04\u_mand_factor_0.5.py,u_mand_factor,4,u_mand_factor,0.5,2,8,5,0.5,0.5,0.7,0.6,1.0,0.5,96.6,80,33,92.000002,138.0,44.085715,1,1,1004,0,heuristic_v3,solved,1,102.221423,96.342269,1.061024,0.0123,,
u_mand_factor\set04\u_mand_factor_0.6.py,u_mand_factor,4,u_mand_factor,0.6,2,8,5,0.6,0.5,0.7,0.6,1.2,0.4,103.039987,80,33,110.399999,147.199982,52.902857,1,1,1004,0,heuristic_v4,solved,1,78.083011,102.953996,0.758426,0.0185,,
u_mand_factor\set04\u_mand_factor_0.6.py,u_mand_factor,4,u_mand_factor,0.6,2,8,5,0.6,0.5,0.7,0.6,1.2,0.4,103.039987,80,33,110.399999,147.199982,52.902857,1,1,1004,0,heuristic_v3,solved,1,78.031828,102.931087,0.758098,0.0139,,
u_mand_factor\set04\u_mand_factor_0.7.py,u_mand_factor,4,u_mand_factor,0.7,2,8,5,0.7,0.5,0.7,0.6,1.4,0.3,109.480002,80,33,128.799995,156.400003,61.719998,1,1,1004,0,heuristic_v4,solved,1,49.639911,109.455076,0.453519,0.0294,,
u_mand_factor\set04\u_mand_factor_0.7.py,u_mand_factor,4,u_mand_factor,0.7,2,8,5,0.7,0.5,0.7,0.6,1.4,0.3,109.480002,80,33,128.799995,156.400003,61.719998,1,1,1004,0,heuristic_v3,solved,1,49.433244,109.466818,0.451582,0.0187,,
u_mand_factor\set04\u_mand_factor_0.8.py,u_mand_factor,4,u_mand_factor,0.8,2,8,5,0.8,0.5,0.7,0.6,1.6,0.2,115.920007,80,33,147.200001,165.60001,70.537143,1,1,1004,0,heuristic_v4,solved,1,8.077973,115.918569,0.069687,0.1618,,
u_mand_factor\set04\u_mand_factor_0.8.py,u_mand_factor,4,u_mand_factor,0.8,2,8,5,0.8,0.5,0.7,0.6,1.6,0.2,115.920007,80,33,147.200001,165.60001,70.537143,1,1,1004,0,heuristic_v3,solved,1,8.011019,115.918512,0.069109,0.0442,,
u_mand_factor\set04\u_mand_factor_0.9.py,u_mand_factor,4,u_mand_factor,0.9,2,8,5,0.9,0.5,0.7,0.6,1.8,0.1,122.360001,80,33,165.599997,174.800001,79.354284,1,1,1004,0,heuristic_v4,infeasible,0,,,,0.0,,
u_mand_factor\set04\u_mand_factor_0.9.py,u_mand_factor,4,u_mand_factor,0.9,2,8,5,0.9,0.5,0.7,0.6,1.8,0.1,122.360001,80,33,165.599997,174.800001,79.354284,1,1,1004,0,heuristic_v3,infeasible,0,,,,0.0,,
u_mand_factor\set05\u_mand_factor_0.1.py,u_mand_factor,5,u_mand_factor,0.1,2,8,5,0.1,0.5,0.7,0.6,0.2,0.9,70.840005,80,30,18.399999,101.200007,9.759999,1,0,1005,0,heuristic_v4,solved,1,204.010403,70.754971,2.883337,0.012,,
u_mand_factor\set05\u_mand_factor_0.1.py,u_mand_factor,5,u_mand_factor,0.1,2,8,5,0.1,0.5,0.7,0.6,0.2,0.9,70.840005,80,30,18.399999,101.200007,9.759999,1,0,1005,0,heuristic_v3,solved,1,204.010403,70.754971,2.883337,0.0124,,
u_mand_factor\set05\u_mand_factor_0.2.py,u_mand_factor,5,u_mand_factor,0.2,2,8,5,0.2,0.5,0.7,0.6,0.4,0.8,77.279998,80,30,36.800003,110.399998,19.520002,1,0,1005,0,heuristic_v4,solved,1,149.510432,77.229038,1.935935,0.014,,
u_mand_factor\set05\u_mand_factor_0.2.py,u_mand_factor,5,u_mand_factor,0.2,2,8,5,0.2,0.5,0.7,0.6,0.4,0.8,77.279998,80,30,36.800003,110.399998,19.520002,1,0,1005,0,heuristic_v3,solved,1,149.510432,77.229038,1.935935,0.0131,,
u_mand_factor\set05\u_mand_factor_0.3.py,u_mand_factor,5,u_mand_factor,0.3,2,8,5,0.3,0.5,0.7,0.6,0.6,0.7,83.720002,80,30,55.200002,119.600002,29.280001,1,1,1005,0,heuristic_v4,solved,1,139.46754,83.585111,1.668569,0.0121,,
u_mand_factor\set05\u_mand_factor_0.3.py,u_mand_factor,5,u_mand_factor,0.3,2,8,5,0.3,0.5,0.7,0.6,0.6,0.7,83.720002,80,30,55.200002,119.600002,29.280001,1,1,1005,0,heuristic_v3,solved,1,139.46754,83.585111,1.668569,0.0122,,
u_mand_factor\set05\u_mand_factor_0.4.py,u_mand_factor,5,u_mand_factor,0.4,2,8,5,0.4,0.5,0.7,0.6,0.8,0.6,90.159999,80,30,73.600001,128.799999,39.040001,1,1,1005,0,heuristic_v4,solved,1,117.847692,89.757346,1.312959,0.0106,,
u_mand_factor\set05\u_mand_factor_0.4.py,u_mand_factor,5,u_mand_factor,0.4,2,8,5,0.4,0.5,0.7,0.6,0.8,0.6,90.159999,80,30,73.600001,128.799999,39.040001,1,1,1005,0,heuristic_v3,solved,1,117.847692,89.757346,1.312959,0.0118,,
u_mand_factor\set05\u_mand_factor_0.5.py,u_mand_factor,5,u_mand_factor,0.5,2,8,5,0.5,0.5,0.7,0.6,1.0,0.5,96.600003,80,30,92.000001,138.000005,48.800001,1,1,1005,0,heuristic_v4,solved,1,98.444893,96.002722,1.025439,0.023,,
u_mand_factor\set05\u_mand_factor_0.5.py,u_mand_factor,5,u_mand_factor,0.5,2,8,5,0.5,0.5,0.7,0.6,1.0,0.5,96.600003,80,30,92.000001,138.000005,48.800001,1,1,1005,0,heuristic_v3,solved,1,98.444893,96.002722,1.025439,0.0153,,
u_mand_factor\set05\u_mand_factor_0.6.py,u_mand_factor,5,u_mand_factor,0.6,2,8,5,0.6,0.5,0.7,0.6,1.2,0.4,103.040006,80,30,110.400003,147.200008,58.560002,1,1,1005,0,heuristic_v4,solved,1,80.861361,103.011869,0.784971,0.0192,,
u_mand_factor\set05\u_mand_factor_0.6.py,u_mand_factor,5,u_mand_factor,0.6,2,8,5,0.6,0.5,0.7,0.6,1.2,0.4,103.040006,80,30,110.400003,147.200008,58.560002,1,1,1005,0,heuristic_v3,solved,1,80.861361,103.011869,0.784971,0.0168,,
u_mand_factor\set05\u_mand_factor_0.7.py,u_mand_factor,5,u_mand_factor,0.7,2,8,5,0.7,0.5,0.7,0.6,1.4,0.3,109.480007,80,30,128.800003,156.40001,68.320002,1,1,1005,0,heuristic_v4,solved,1,23.642672,108.977876,0.216949,0.0274,,
u_mand_factor\set05\u_mand_factor_0.7.py,u_mand_factor,5,u_mand_factor,0.7,2,8,5,0.7,0.5,0.7,0.6,1.4,0.3,109.480007,80,30,128.800003,156.40001,68.320002,1,1,1005,0,heuristic_v3,solved,1,23.539572,109.118071,0.215726,0.0228,,
u_mand_factor\set05\u_mand_factor_0.8.py,u_mand_factor,5,u_mand_factor,0.8,2,8,5,0.8,0.5,0.7,0.6,1.6,0.2,115.919994,80,30,147.200003,165.599992,78.080002,1,1,1005,0,heuristic_v4,infeasible,0,,120.122863,,0.0347,,over budget: E=120.1229 > B=115.9200
u_mand_factor\set05\u_mand_factor_0.8.py,u_mand_factor,5,u_mand_factor,0.8,2,8,5,0.8,0.5,0.7,0.6,1.6,0.2,115.919994,80,30,147.200003,165.599992,78.080002,1,1,1005,0,heuristic_v3,infeasible,0,,120.122863,,0.0346,,over budget: E=120.1229 > B=115.9200
u_mand_factor\set05\u_mand_factor_0.9.py,u_mand_factor,5,u_mand_factor,0.9,2,8,5,0.9,0.5,0.7,0.6,1.8,0.1,122.360006,80,30,165.599994,174.800008,87.839997,1,1,1005,0,heuristic_v4,infeasible,0,,,,0.0,,
u_mand_factor\set05\u_mand_factor_0.9.py,u_mand_factor,5,u_mand_factor,0.9,2,8,5,0.9,0.5,0.7,0.6,1.8,0.1,122.360006,80,30,165.599994,174.800008,87.839997,1,1,1005,0,heuristic_v3,infeasible,0,,,,0.0,,
u_mand_factor\set06\u_mand_factor_0.1.py,u_mand_factor,6,u_mand_factor,0.1,2,8,5,0.1,0.5,0.7,0.6,0.2,0.9,70.839994,80,31,18.400002,101.199992,8.573334,1,0,1006,0,heuristic_v4,solved,1,327.085932,66.481149,4.91998,0.0048,,
u_mand_factor\set06\u_mand_factor_0.1.py,u_mand_factor,6,u_mand_factor,0.1,2,8,5,0.1,0.5,0.7,0.6,0.2,0.9,70.839994,80,31,18.400002,101.199992,8.573334,1,0,1006,0,heuristic_v3,solved,1,327.085932,66.481149,4.91998,0.0051,,
u_mand_factor\set06\u_mand_factor_0.2.py,u_mand_factor,6,u_mand_factor,0.2,2,8,5,0.2,0.5,0.7,0.6,0.4,0.8,77.279997,80,31,36.799997,110.399995,17.146665,1,0,1006,0,heuristic_v4,solved,1,256.33071,76.062735,3.369991,0.0099,,
u_mand_factor\set06\u_mand_factor_0.2.py,u_mand_factor,6,u_mand_factor,0.2,2,8,5,0.2,0.5,0.7,0.6,0.4,0.8,77.279997,80,31,36.799997,110.399995,17.146665,1,0,1006,0,heuristic_v3,solved,1,256.33071,76.062735,3.369991,0.0088,,
u_mand_factor\set06\u_mand_factor_0.3.py,u_mand_factor,6,u_mand_factor,0.3,2,8,5,0.3,0.5,0.7,0.6,0.6,0.7,83.719998,80,31,55.200001,119.599998,25.720001,1,1,1006,0,heuristic_v4,solved,1,229.02511,82.979764,2.760012,0.0113,,
u_mand_factor\set06\u_mand_factor_0.3.py,u_mand_factor,6,u_mand_factor,0.3,2,8,5,0.3,0.5,0.7,0.6,0.6,0.7,83.719998,80,31,55.200001,119.599998,25.720001,1,1,1006,0,heuristic_v3,solved,1,229.02511,82.979764,2.760012,0.011,,
u_mand_factor\set06\u_mand_factor_0.4.py,u_mand_factor,6,u_mand_factor,0.4,2,8,5,0.4,0.5,0.7,0.6,0.8,0.6,90.160003,80,31,73.600005,128.800005,34.293335,1,1,1006,0,heuristic_v4,solved,1,198.182652,89.243602,2.220693,0.0126,,
u_mand_factor\set06\u_mand_factor_0.4.py,u_mand_factor,6,u_mand_factor,0.4,2,8,5,0.4,0.5,0.7,0.6,0.8,0.6,90.160003,80,31,73.600005,128.800005,34.293335,1,1,1006,0,heuristic_v3,solved,1,198.182652,89.243602,2.220693,0.0119,,
u_mand_factor\set06\u_mand_factor_0.5.py,u_mand_factor,6,u_mand_factor,0.5,2,8,5,0.5,0.5,0.7,0.6,1.0,0.5,96.599995,80,31,91.999998,137.999993,42.866666,1,1,1006,0,heuristic_v4,solved,1,140.424402,96.443807,1.456023,0.0153,,
u_mand_factor\set06\u_mand_factor_0.5.py,u_mand_factor,6,u_mand_factor,0.5,2,8,5,0.5,0.5,0.7,0.6,1.0,0.5,96.599995,80,31,91.999998,137.999993,42.866666,1,1,1006,0,heuristic_v3,solved,1,140.424402,96.443807,1.456023,0.0152,,
u_mand_factor\set06\u_mand_factor_0.6.py,u_mand_factor,6,u_mand_factor,0.6,2,8,5,0.6,0.5,0.7,0.6,1.2,0.4,103.040011,80,31,110.400007,147.200016,51.440003,1,1,1006,0,heuristic_v4,solved,1,101.243649,103.036567,0.982599,0.0278,,
u_mand_factor\set06\u_mand_factor_0.6.py,u_mand_factor,6,u_mand_factor,0.6,2,8,5,0.6,0.5,0.7,0.6,1.2,0.4,103.040011,80,31,110.400007,147.200016,51.440003,1,1,1006,0,heuristic_v3,solved,1,100.844227,103.013493,0.978942,0.0163,,
u_mand_factor\set06\u_mand_factor_0.7.py,u_mand_factor,6,u_mand_factor,0.7,2,8,5,0.7,0.5,0.7,0.6,1.4,0.3,109.479992,80,31,128.799995,156.399988,60.013331,1,1,1006,0,heuristic_v4,solved,1,52.730497,109.470382,0.481687,0.0139,,
u_mand_factor\set06\u_mand_factor_0.7.py,u_mand_factor,6,u_mand_factor,0.7,2,8,5,0.7,0.5,0.7,0.6,1.4,0.3,109.479992,80,31,128.799995,156.399988,60.013331,1,1,1006,0,heuristic_v3,solved,1,52.730497,109.470382,0.481687,0.0142,,
u_mand_factor\set06\u_mand_factor_0.8.py,u_mand_factor,6,u_mand_factor,0.8,2,8,5,0.8,0.5,0.7,0.6,1.6,0.2,115.920002,80,31,147.2,165.600002,68.586667,1,1,1006,0,heuristic_v4,infeasible,0,,,,0.0,,
u_mand_factor\set06\u_mand_factor_0.8.py,u_mand_factor,6,u_mand_factor,0.8,2,8,5,0.8,0.5,0.7,0.6,1.6,0.2,115.920002,80,31,147.2,165.600002,68.586667,1,1,1006,0,heuristic_v3,infeasible,0,,,,0.0,,
u_mand_factor\set06\u_mand_factor_0.9.py,u_mand_factor,6,u_mand_factor,0.9,2,8,5,0.9,0.5,0.7,0.6,1.8,0.1,122.359997,80,31,165.600005,174.799995,77.160002,1,1,1006,0,heuristic_v4,infeasible,0,,,,0.0,,
u_mand_factor\set06\u_mand_factor_0.9.py,u_mand_factor,6,u_mand_factor,0.9,2,8,5,0.9,0.5,0.7,0.6,1.8,0.1,122.359997,80,31,165.600005,174.799995,77.160002,1,1,1006,0,heuristic_v3,infeasible,0,,,,0.0,,
u_mand_factor\set07\u_mand_factor_0.1.py,u_mand_factor,7,u_mand_factor,0.1,2,8,5,0.1,0.5,0.7,0.6,0.2,0.9,70.840007,80,35,18.399995,101.20001,8.559998,1,0,1007,0,heuristic_v4,solved,1,216.776503,69.988222,3.097328,0.0154,,
u_mand_factor\set07\u_mand_factor_0.1.py,u_mand_factor,7,u_mand_factor,0.1,2,8,5,0.1,0.5,0.7,0.6,0.2,0.9,70.840007,80,35,18.399995,101.20001,8.559998,1,0,1007,0,heuristic_v3,solved,1,216.776503,69.988222,3.097328,0.0142,,
u_mand_factor\set07\u_mand_factor_0.2.py,u_mand_factor,7,u_mand_factor,0.2,2,8,5,0.2,0.5,0.7,0.6,0.4,0.8,77.280008,80,35,36.800007,110.400011,17.120003,1,0,1007,0,heuristic_v4,solved,1,163.589776,75.32512,2.171782,0.0161,,
u_mand_factor\set07\u_mand_factor_0.2.py,u_mand_factor,7,u_mand_factor,0.2,2,8,5,0.2,0.5,0.7,0.6,0.4,0.8,77.280008,80,35,36.800007,110.400011,17.120003,1,0,1007,0,heuristic_v3,solved,1,163.589776,75.32512,2.171782,0.0152,,
u_mand_factor\set07\u_mand_factor_0.3.py,u_mand_factor,7,u_mand_factor,0.3,2,8,5,0.3,0.5,0.7,0.6,0.6,0.7,83.719991,80,35,55.199994,119.599987,25.679997,1,1,1007,0,heuristic_v4,solved,1,139.370564,81.789989,1.704005,0.0144,,
u_mand_factor\set07\u_mand_factor_0.3.py,u_mand_factor,7,u_mand_factor,0.3,2,8,5,0.3,0.5,0.7,0.6,0.6,0.7,83.719991,80,35,55.199994,119.599987,25.679997,1,1,1007,0,heuristic_v3,solved,1,135.330036,83.048538,1.629529,0.0148,,
u_mand_factor\set07\u_mand_factor_0.4.py,u_mand_factor,7,u_mand_factor,0.4,2,8,5,0.4,0.5,0.7,0.6,0.8,0.6,90.159998,80,35,73.599999,128.799998,34.239999,1,1,1007,0,heuristic_v4,solved,1,124.081996,87.885666,1.411857,0.0158,,
u_mand_factor\set07\u_mand_factor_0.4.py,u_mand_factor,7,u_mand_factor,0.4,2,8,5,0.4,0.5,0.7,0.6,0.8,0.6,90.159998,80,35,73.599999,128.799998,34.239999,1,1,1007,0,heuristic_v3,solved,1,119.56452,89.312449,1.338722,0.0154,,
u_mand_factor\set07\u_mand_factor_0.5.py,u_mand_factor,7,u_mand_factor,0.5,2,8,5,0.5,0.5,0.7,0.6,1.0,0.5,96.6,80,35,91.999999,138.0,42.799999,1,1,1007,0,heuristic_v4,solved,1,101.528186,92.667719,1.095615,0.0247,,
u_mand_factor\set07\u_mand_factor_0.5.py,u_mand_factor,7,u_mand_factor,0.5,2,8,5,0.5,0.5,0.7,0.6,1.0,0.5,96.6,80,35,91.999999,138.0,42.799999,1,1,1007,0,heuristic_v3,solved,1,92.734793,94.603868,0.980243,0.0181,,
u_mand_factor\set07\u_mand_factor_0.6.py,u_mand_factor,7,u_mand_factor,0.6,2,8,5,0.6,0.5,0.7,0.6,1.2,0.4,103.039999,80,35,110.400006,147.199999,51.360003,1,1,1007,0,heuristic_v4,solved,1,70.866677,102.527896,0.691194,0.0242,,
u_mand_factor\set07\u_mand_factor_0.6.py,u_mand_factor,7,u_mand_factor,0.6,2,8,5,0.6,0.5,0.7,0.6,1.2,0.4,103.039999,80,35,110.400006,147.199999,51.360003,1,1,1007,0,heuristic_v3,solved,1,62.430546,102.848766,0.607013,0.0242,,
u_mand_factor\set07\u_mand_factor_0.7.py,u_mand_factor,7,u_mand_factor,0.7,2,8,5,0.7,0.5,0.7,0.6,1.4,0.3,109.479994,80,35,128.800001,156.399992,59.920001,1,1,1007,0,heuristic_v4,solved,1,42.382856,109.479408,0.387131,0.3657,,
u_mand_factor\set07\u_mand_factor_0.7.py,u_mand_factor,7,u_mand_factor,0.7,2,8,5,0.7,0.5,0.7,0.6,1.4,0.3,109.479994,80,35,128.800001,156.399992,59.920001,1,1,1007,0,heuristic_v3,solved,1,41.76412,109.477938,0.381484,0.0765,,
u_mand_factor\set07\u_mand_factor_0.8.py,u_mand_factor,7,u_mand_factor,0.8,2,8,5,0.8,0.5,0.7,0.6,1.6,0.2,115.920008,80,35,147.200001,165.600011,68.480001,1,1,1007,0,heuristic_v4,solved,1,9.923891,115.919631,0.08561,0.2403,,
u_mand_factor\set07\u_mand_factor_0.8.py,u_mand_factor,7,u_mand_factor,0.8,2,8,5,0.8,0.5,0.7,0.6,1.6,0.2,115.920008,80,35,147.200001,165.600011,68.480001,1,1,1007,0,heuristic_v3,solved,1,9.571133,115.918128,0.082568,0.0717,,
u_mand_factor\set07\u_mand_factor_0.9.py,u_mand_factor,7,u_mand_factor,0.9,2,8,5,0.9,0.5,0.7,0.6,1.8,0.1,122.359981,80,35,165.599991,174.799974,77.039996,1,1,1007,0,heuristic_v4,infeasible,0,,144.292872,,0.0701,,over budget: E=144.2929 > B=122.3600
u_mand_factor\set07\u_mand_factor_0.9.py,u_mand_factor,7,u_mand_factor,0.9,2,8,5,0.9,0.5,0.7,0.6,1.8,0.1,122.359981,80,35,165.599991,174.799974,77.039996,1,1,1007,0,heuristic_v3,infeasible,0,,144.292872,,0.0755,,over budget: E=144.2929 > B=122.3600
u_mand_factor\set08\u_mand_factor_0.1.py,u_mand_factor,8,u_mand_factor,0.1,2,8,5,0.1,0.5,0.7,0.6,0.2,0.9,70.839995,80,37,18.399991,101.199993,8.817138,1,0,1008,0,heuristic_v4,solved,1,214.477899,69.793051,3.073055,0.0118,,
u_mand_factor\set08\u_mand_factor_0.1.py,u_mand_factor,8,u_mand_factor,0.1,2,8,5,0.1,0.5,0.7,0.6,0.2,0.9,70.839995,80,37,18.399991,101.199993,8.817138,1,0,1008,0,heuristic_v3,solved,1,214.477899,69.793051,3.073055,0.0153,,
u_mand_factor\set08\u_mand_factor_0.2.py,u_mand_factor,8,u_mand_factor,0.2,2,8,5,0.2,0.5,0.7,0.6,0.4,0.8,77.280005,80,37,36.800006,110.400007,17.634288,1,0,1008,0,heuristic_v4,solved,1,180.264955,72.877453,2.473535,0.0159,,
u_mand_factor\set08\u_mand_factor_0.2.py,u_mand_factor,8,u_mand_factor,0.2,2,8,5,0.2,0.5,0.7,0.6,0.4,0.8,77.280005,80,37,36.800006,110.400007,17.634288,1,0,1008,0,heuristic_v3,solved,1,180.264955,72.877453,2.473535,0.0161,,
u_mand_factor\set08\u_mand_factor_0.3.py,u_mand_factor,8,u_mand_factor,0.3,2,8,5,0.3,0.5,0.7,0.6,0.6,0.7,83.720005,80,37,55.199997,119.600007,26.451427,1,1,1008,0,heuristic_v4,solved,1,157.317634,80.485346,1.954612,0.0163,,
u_mand_factor\set08\u_mand_factor_0.3.py,u_mand_factor,8,u_mand_factor,0.3,2,8,5,0.3,0.5,0.7,0.6,0.6,0.7,83.720005,80,37,55.199997,119.600007,26.451427,1,1,1008,0,heuristic_v3,solved,1,157.317634,80.485346,1.954612,0.0161,,
u_mand_factor\set08\u_mand_factor_0.4.py,u_mand_factor,8,u_mand_factor,0.4,2,8,5,0.4,0.5,0.7,0.6,0.8,0.6,90.160011,80,37,73.600002,128.800016,35.268573,1,1,1008,0,heuristic_v4,solved,1,129.991936,90.117782,1.442467,0.0202,,
u_mand_factor\set08\u_mand_factor_0.4.py,u_mand_factor,8,u_mand_factor,0.4,2,8,5,0.4,0.5,0.7,0.6,0.8,0.6,90.160011,80,37,73.600002,128.800016,35.268573,1,1,1008,0,heuristic_v3,solved,1,129.991936,90.117782,1.442467,0.0252,,
u_mand_factor\set08\u_mand_factor_0.5.py,u_mand_factor,8,u_mand_factor,0.5,2,8,5,0.5,0.5,0.7,0.6,1.0,0.5,96.600002,80,37,91.999995,138.000003,44.085712,1,1,1008,0,heuristic_v4,solved,1,99.89137,96.566603,1.03443,0.0205,,
u_mand_factor\set08\u_mand_factor_0.5.py,u_mand_factor,8,u_mand_factor,0.5,2,8,5,0.5,0.5,0.7,0.6,1.0,0.5,96.600002,80,37,91.999995,138.000003,44.085712,1,1,1008,0,heuristic_v3,solved,1,99.577189,96.543209,1.031426,0.0161,,
u_mand_factor\set08\u_mand_factor_0.6.py,u_mand_factor,8,u_mand_factor,0.6,2,8,5,0.6,0.5,0.7,0.6,1.2,0.4,103.040002,80,37,110.400006,147.200003,52.90286,1,1,1008,0,heuristic_v4,solved,1,72.471306,102.988388,0.703684,0.0439,,
u_mand_factor\set08\u_mand_factor_0.6.py,u_mand_factor,8,u_mand_factor,0.6,2,8,5,0.6,0.5,0.7,0.6,1.2,0.4,103.040002,80,37,110.400006,147.200003,52.90286,1,1,1008,0,heuristic_v3,solved,1,71.533077,103.039393,0.69423,0.0261,,
u_mand_factor\set08\u_mand_factor_0.7.py,u_mand_factor,8,u_mand_factor,0.7,2,8,5,0.7,0.5,0.7,0.6,1.4,0.3,109.479995,80,37,128.799997,156.399993,61.719998,1,1,1008,0,heuristic_v4,solved,1,36.220257,108.899351,0.332603,0.1829,,
u_mand_factor\set08\u_mand_factor_0.7.py,u_mand_factor,8,u_mand_factor,0.7,2,8,5,0.7,0.5,0.7,0.6,1.4,0.3,109.479995,80,37,128.799997,156.399993,61.719998,1,1,1008,0,heuristic_v3,solved,1,35.189546,108.853368,0.323275,0.018,,
u_mand_factor\set08\u_mand_factor_0.8.py,u_mand_factor,8,u_mand_factor,0.8,2,8,5,0.8,0.5,0.7,0.6,1.6,0.2,115.920002,80,37,147.200001,165.600003,70.537143,1,1,1008,0,heuristic_v4,solved,1,0.264781,115.918332,0.002284,0.0459,,
u_mand_factor\set08\u_mand_factor_0.8.py,u_mand_factor,8,u_mand_factor,0.8,2,8,5,0.8,0.5,0.7,0.6,1.6,0.2,115.920002,80,37,147.200001,165.600003,70.537143,1,1,1008,0,heuristic_v3,solved,1,0.264781,115.918332,0.002284,0.0425,,
u_mand_factor\set08\u_mand_factor_0.9.py,u_mand_factor,8,u_mand_factor,0.9,2,8,5,0.9,0.5,0.7,0.6,1.8,0.1,122.359999,80,37,165.600002,174.799999,79.354287,1,1,1008,0,heuristic_v4,infeasible,0,,149.515264,,0.0589,,over budget: E=149.5153 > B=122.3600
u_mand_factor\set08\u_mand_factor_0.9.py,u_mand_factor,8,u_mand_factor,0.9,2,8,5,0.9,0.5,0.7,0.6,1.8,0.1,122.359999,80,37,165.600002,174.799999,79.354287,1,1,1008,0,heuristic_v3,infeasible,0,,149.515264,,0.0596,,over budget: E=149.5153 > B=122.3600
u_mand_factor\set09\u_mand_factor_0.1.py,u_mand_factor,9,u_mand_factor,0.1,2,8,5,0.1,0.5,0.7,0.6,0.2,0.9,70.839998,80,29,18.399998,101.199998,8.559999,1,0,1009,0,heuristic_v4,solved,1,222.711889,68.902526,3.232275,0.0069,,
u_mand_factor\set09\u_mand_factor_0.1.py,u_mand_factor,9,u_mand_factor,0.1,2,8,5,0.1,0.5,0.7,0.6,0.2,0.9,70.839998,80,29,18.399998,101.199998,8.559999,1,0,1009,0,heuristic_v3,solved,1,222.711889,68.902526,3.232275,0.0069,,
u_mand_factor\set09\u_mand_factor_0.2.py,u_mand_factor,9,u_mand_factor,0.2,2,8,5,0.2,0.5,0.7,0.6,0.4,0.8,77.279996,80,29,36.799995,110.399994,17.119998,1,0,1009,0,heuristic_v4,solved,1,176.422689,77.034748,2.29017,0.0078,,
u_mand_factor\set09\u_mand_factor_0.2.py,u_mand_factor,9,u_mand_factor,0.2,2,8,5,0.2,0.5,0.7,0.6,0.4,0.8,77.279996,80,29,36.799995,110.399994,17.119998,1,0,1009,0,heuristic_v3,solved,1,176.422689,77.034748,2.29017,0.0131,,
u_mand_factor\set09\u_mand_factor_0.3.py,u_mand_factor,9,u_mand_factor,0.3,2,8,5,0.3,0.5,0.7,0.6,0.6,0.7,83.720003,80,29,55.200002,119.600005,25.680001,1,1,1009,0,heuristic_v4,solved,1,152.693866,83.614716,1.82616,0.0089,,
u_mand_factor\set09\u_mand_factor_0.3.py,u_mand_factor,9,u_mand_factor,0.3,2,8,5,0.3,0.5,0.7,0.6,0.6,0.7,83.720003,80,29,55.200002,119.600005,25.680001,1,1,1009,0,heuristic_v3,solved,1,152.693866,83.614716,1.82616,0.0074,,
u_mand_factor\set09\u_mand_factor_0.4.py,u_mand_factor,9,u_mand_factor,0.4,2,8,5,0.4,0.5,0.7,0.6,0.8,0.6,90.159993,80,29,73.600006,128.79999,34.240003,1,1,1009,0,heuristic_v4,solved,1,135.734203,89.923089,1.509448,0.0258,,
u_mand_factor\set09\u_mand_factor_0.4.py,u_mand_factor,9,u_mand_factor,0.4,2,8,5,0.4,0.5,0.7,0.6,0.8,0.6,90.159993,80,29,73.600006,128.79999,34.240003,1,1,1009,0,heuristic_v3,solved,1,135.029135,90.136938,1.498044,0.0108,,
u_mand_factor\set09\u_mand_factor_0.5.py,u_mand_factor,9,u_mand_factor,0.5,2,8,5,0.5,0.5,0.7,0.6,1.0,0.5,96.599997,80,29,91.999999,137.999995,42.799999,1,1,1009,0,heuristic_v4,solved,1,109.133645,96.518767,1.130699,0.0265,,
u_mand_factor\set09\u_mand_factor_0.5.py,u_mand_factor,9,u_mand_factor,0.5,2,8,5,0.5,0.5,0.7,0.6,1.0,0.5,96.599997,80,29,91.999999,137.999995,42.799999,1,1,1009,0,heuristic_v3,solved,1,107.844647,96.591683,1.1165,0.0143,,
u_mand_factor\set09\u_mand_factor_0.6.py,u_mand_factor,9,u_mand_factor,0.6,2,8,5,0.6,0.5,0.7,0.6,1.2,0.4,103.039995,80,29,110.399997,147.199993,51.359998,1,1,1009,0,heuristic_v4,solved,1,82.714017,102.966783,0.803308,0.0468,,
u_mand_factor\set09\u_mand_factor_0.6.py,u_mand_factor,9,u_mand_factor,0.6,2,8,5,0.6,0.5,0.7,0.6,1.2,0.4,103.039995,80,29,110.399997,147.199993,51.359998,1,1,1009,0,heuristic_v3,solved,1,73.349998,102.978618,0.712284,0.0116,,
u_mand_factor\set09\u_mand_factor_0.7.py,u_mand_factor,9,u_mand_factor,0.7,2,8,5,0.7,0.5,0.7,0.6,1.4,0.3,109.480004,80,29,128.800003,156.400006,59.920002,1,1,1009,0,heuristic_v4,solved,1,32.996903,108.841594,0.303164,0.0396,,
u_mand_factor\set09\u_mand_factor_0.7.py,u_mand_factor,9,u_mand_factor,0.7,2,8,5,0.7,0.5,0.7,0.6,1.4,0.3,109.480004,80,29,128.800003,156.400006,59.920002,1,1,1009,0,heuristic_v3,solved,1,32.376519,108.867152,0.297395,0.0115,,
u_mand_factor\set09\u_mand_factor_0.8.py,u_mand_factor,9,u_mand_factor,0.8,2,8,5,0.8,0.5,0.7,0.6,1.6,0.2,115.919995,80,29,147.199999,165.599993,68.479999,1,1,1009,0,heuristic_v4,infeasible,0,,120.15284,,0.0305,,over budget: E=120.1528 > B=115.9200
u_mand_factor\set09\u_mand_factor_0.8.py,u_mand_factor,9,u_mand_factor,0.8,2,8,5,0.8,0.5,0.7,0.6,1.6,0.2,115.919995,80,29,147.199999,165.599993,68.479999,1,1,1009,0,heuristic_v3,infeasible,0,,120.15284,,0.028,,over budget: E=120.1528 > B=115.9200
u_mand_factor\set09\u_mand_factor_0.9.py,u_mand_factor,9,u_mand_factor,0.9,2,8,5,0.9,0.5,0.7,0.6,1.8,0.1,122.360003,80,29,165.599999,174.800005,77.039999,1,1,1009,0,heuristic_v4,infeasible,0,,152.314721,,0.0359,,over budget: E=152.3147 > B=122.3600
u_mand_factor\set09\u_mand_factor_0.9.py,u_mand_factor,9,u_mand_factor,0.9,2,8,5,0.9,0.5,0.7,0.6,1.8,0.1,122.360003,80,29,165.599999,174.800005,77.039999,1,1,1009,0,heuristic_v3,infeasible,0,,152.314721,,0.0349,,over budget: E=152.3147 > B=122.3600
u_mand_factor\set10\u_mand_factor_0.1.py,u_mand_factor,10,u_mand_factor,0.1,2,8,5,0.1,0.5,0.7,0.6,0.2,0.9,70.840004,80,25,18.4,101.200006,8.573333,1,0,1010,0,heuristic_v4,solved,1,234.006259,66.730737,3.506724,0.0052,,
u_mand_factor\set10\u_mand_factor_0.1.py,u_mand_factor,10,u_mand_factor,0.1,2,8,5,0.1,0.5,0.7,0.6,0.2,0.9,70.840004,80,25,18.4,101.200006,8.573333,1,0,1010,0,heuristic_v3,solved,1,234.006259,66.730737,3.506724,0.0052,,
u_mand_factor\set10\u_mand_factor_0.2.py,u_mand_factor,10,u_mand_factor,0.2,2,8,5,0.2,0.5,0.7,0.6,0.4,0.8,77.279996,80,25,36.799995,110.399994,17.146665,1,0,1010,0,heuristic_v4,solved,1,233.292887,73.199996,3.187061,0.0044,,
u_mand_factor\set10\u_mand_factor_0.2.py,u_mand_factor,10,u_mand_factor,0.2,2,8,5,0.2,0.5,0.7,0.6,0.4,0.8,77.279996,80,25,36.799995,110.399994,17.146665,1,0,1010,0,heuristic_v3,solved,1,233.292887,73.199996,3.187061,0.0056,,
u_mand_factor\set10\u_mand_factor_0.3.py,u_mand_factor,10,u_mand_factor,0.3,2,8,5,0.3,0.5,0.7,0.6,0.6,0.7,83.720001,80,25,55.199995,119.600001,25.719998,1,1,1010,0,heuristic_v4,solved,1,199.684506,83.51486,2.391006,0.0059,,
u_mand_factor\set10\u_mand_factor_0.3.py,u_mand_factor,10,u_mand_factor,0.3,2,8,5,0.3,0.5,0.7,0.6,0.6,0.7,83.720001,80,25,55.199995,119.600001,25.719998,1,1,1010,0,heuristic_v3,solved,1,193.960541,83.535584,2.321891,0.006,,
u_mand_factor\set10\u_mand_factor_0.4.py,u_mand_factor,10,u_mand_factor,0.4,2,8,5,0.4,0.5,0.7,0.6,0.8,0.6,90.160003,80,25,73.600003,128.800005,34.293335,1,1,1010,0,heuristic_v4,solved,1,151.721478,89.024275,1.704271,0.0041,,
u_mand_factor\set10\u_mand_factor_0.4.py,u_mand_factor,10,u_mand_factor,0.4,2,8,5,0.4,0.5,0.7,0.6,0.8,0.6,90.160003,80,25,73.600003,128.800005,34.293335,1,1,1010,0,heuristic_v3,solved,1,151.721478,89.024275,1.704271,0.004,,
u_mand_factor\set10\u_mand_factor_0.5.py,u_mand_factor,10,u_mand_factor,0.5,2,8,5,0.5,0.5,0.7,0.6,1.0,0.5,96.600004,80,25,92.0,138.000006,42.866667,1,1,1010,0,heuristic_v4,solved,1,109.625114,95.925852,1.142811,0.0057,,
u_mand_factor\set10\u_mand_factor_0.5.py,u_mand_factor,10,u_mand_factor,0.5,2,8,5,0.5,0.5,0.7,0.6,1.0,0.5,96.600004,80,25,92.0,138.000006,42.866667,1,1,1010,0,heuristic_v3,solved,1,109.625114,95.925852,1.142811,0.0047,,
u_mand_factor\set10\u_mand_factor_0.6.py,u_mand_factor,10,u_mand_factor,0.6,2,8,5,0.6,0.5,0.7,0.6,1.2,0.4,103.039997,80,25,110.399994,147.199995,51.439997,1,1,1010,0,heuristic_v4,solved,1,72.872705,102.978851,0.707647,0.0088,,
u_mand_factor\set10\u_mand_factor_0.6.py,u_mand_factor,10,u_mand_factor,0.6,2,8,5,0.6,0.5,0.7,0.6,1.2,0.4,103.039997,80,25,110.399994,147.199995,51.439997,1,1,1010,0,heuristic_v3,solved,1,72.872705,102.978851,0.707647,0.0068,,
u_mand_factor\set10\u_mand_factor_0.7.py,u_mand_factor,10,u_mand_factor,0.7,2,8,5,0.7,0.5,0.7,0.6,1.4,0.3,109.479996,80,25,128.799997,156.399994,60.013332,1,1,1010,0,heuristic_v4,solved,1,38.495244,109.476786,0.351629,0.0071,,
u_mand_factor\set10\u_mand_factor_0.7.py,u_mand_factor,10,u_mand_factor,0.7,2,8,5,0.7,0.5,0.7,0.6,1.4,0.3,109.479996,80,25,128.799997,156.399994,60.013332,1,1,1010,0,heuristic_v3,solved,1,38.495244,109.476786,0.351629,0.0063,,
u_mand_factor\set10\u_mand_factor_0.8.py,u_mand_factor,10,u_mand_factor,0.8,2,8,5,0.8,0.5,0.7,0.6,1.6,0.2,115.919998,80,25,147.199995,165.599997,68.586665,1,1,1010,0,heuristic_v4,solved,1,9.110099,115.901413,0.078602,0.0111,,
u_mand_factor\set10\u_mand_factor_0.8.py,u_mand_factor,10,u_mand_factor,0.8,2,8,5,0.8,0.5,0.7,0.6,1.6,0.2,115.919998,80,25,147.199995,165.599997,68.586665,1,1,1010,0,heuristic_v3,solved,1,8.923508,115.891091,0.076999,0.0065,,
u_mand_factor\set10\u_mand_factor_0.9.py,u_mand_factor,10,u_mand_factor,0.9,2,8,5,0.9,0.5,0.7,0.6,1.8,0.1,122.360002,80,25,165.599998,174.800002,77.159999,1,1,1010,0,heuristic_v4,infeasible,0,,147.277856,,0.0153,,over budget: E=147.2779 > B=122.3600
u_mand_factor\set10\u_mand_factor_0.9.py,u_mand_factor,10,u_mand_factor,0.9,2,8,5,0.9,0.5,0.7,0.6,1.8,0.1,122.360002,80,25,165.599998,174.800002,77.159999,1,1,1010,0,heuristic_v3,infeasible,0,,147.277856,,0.0133,,over budget: E=147.2779 > B=122.3600
u_mand_factor\set11\u_mand_factor_0.1.py,u_mand_factor,11,u_mand_factor,0.1,2,8,5,0.1,0.5,0.7,0.6,0.2,0.9,70.840006,80,23,18.400002,101.200008,8.560001,1,0,1011,0,heuristic_v4,solved,1,195.848375,70.641583,2.772423,0.0043,,
u_mand_factor\set11\u_mand_factor_0.1.py,u_mand_factor,11,u_mand_factor,0.1,2,8,5,0.1,0.5,0.7,0.6,0.2,0.9,70.840006,80,23,18.400002,101.200008,8.560001,1,0,1011,0,heuristic_v3,solved,1,195.848375,70.641583,2.772423,0.0049,,
u_mand_factor\set11\u_mand_factor_0.2.py,u_mand_factor,11,u_mand_factor,0.2,2,8,5,0.2,0.5,0.7,0.6,0.4,0.8,77.279998,80,23,36.799998,110.399997,17.119999,1,0,1011,0,heuristic_v4,solved,1,180.870481,77.113182,2.34552,0.0038,,
u_mand_factor\set11\u_mand_factor_0.2.py,u_mand_factor,11,u_mand_factor,0.2,2,8,5,0.2,0.5,0.7,0.6,0.4,0.8,77.279998,80,23,36.799998,110.399997,17.119999,1,0,1011,0,heuristic_v3,solved,1,180.870481,77.113182,2.34552,0.0035,,
u_mand_factor\set11\u_mand_factor_0.3.py,u_mand_factor,11,u_mand_factor,0.3,2,8,5,0.3,0.5,0.7,0.6,0.6,0.7,83.719998,80,23,55.200001,119.599997,25.680001,1,1,1011,0,heuristic_v4,solved,1,162.350408,83.674832,1.940254,0.0051,,
u_mand_factor\set11\u_mand_factor_0.3.py,u_mand_factor,11,u_mand_factor,0.3,2,8,5,0.3,0.5,0.7,0.6,0.6,0.7,83.719998,80,23,55.200001,119.599997,25.680001,1,1,1011,0,heuristic_v3,solved,1,162.157478,83.563801,1.940523,0.0041,,
u_mand_factor\set11\u_mand_factor_0.4.py,u_mand_factor,11,u_mand_factor,0.4,2,8,5,0.4,0.5,0.7,0.6,0.8,0.6,90.160004,80,23,73.600003,128.800006,34.240002,1,1,1011,0,heuristic_v4,solved,1,125.920176,90.120104,1.397248,0.0058,,
u_mand_factor\set11\u_mand_factor_0.4.py,u_mand_factor,11,u_mand_factor,0.4,2,8,5,0.4,0.5,0.7,0.6,0.8,0.6,90.160004,80,23,73.600003,128.800006,34.240002,1,1,1011,0,heuristic_v3,solved,1,125.920176,90.120104,1.397248,0.0048,,
u_mand_factor\set11\u_mand_factor_0.5.py,u_mand_factor,11,u_mand_factor,0.5,2,8,5,0.5,0.5,0.7,0.6,1.0,0.5,96.599995,80,23,91.999994,137.999993,42.799997,1,1,1011,0,heuristic_v4,solved,1,82.389643,95.858433,0.859493,0.0065,,
u_mand_factor\set11\u_mand_factor_0.5.py,u_mand_factor,11,u_mand_factor,0.5,2,8,5,0.5,0.5,0.7,0.6,1.0,0.5,96.599995,80,23,91.999994,137.999993,42.799997,1,1,1011,0,heuristic_v3,solved,1,82.292363,95.71683,0.859748,0.0038,,
u_mand_factor\set11\u_mand_factor_0.6.py,u_mand_factor,11,u_mand_factor,0.6,2,8,5,0.6,0.5,0.7,0.6,1.2,0.4,103.040002,80,23,110.399999,147.200002,51.359999,1,1,1011,0,heuristic_v4,solved,1,40.315653,102.310498,0.394052,0.0091,,
u_mand_factor\set11\u_mand_factor_0.6.py,u_mand_factor,11,u_mand_factor,0.6,2,8,5,0.6,0.5,0.7,0.6,1.2,0.4,103.040002,80,23,110.399999,147.200002,51.359999,1,1,1011,0,heuristic_v3,solved,1,40.014896,102.186213,0.391588,0.0054,,
u_mand_factor\set11\u_mand_factor_0.7.py,u_mand_factor,11,u_mand_factor,0.7,2,8,5,0.7,0.5,0.7,0.6,1.4,0.3,109.479997,80,23,128.800001,156.399995,59.920001,1,1,1011,0,heuristic_v4,solved,1,20.735461,109.478272,0.189403,0.0078,,
u_mand_factor\set11\u_mand_factor_0.7.py,u_mand_factor,11,u_mand_factor,0.7,2,8,5,0.7,0.5,0.7,0.6,1.4,0.3,109.479997,80,23,128.800001,156.399995,59.920001,1,1,1011,0,heuristic_v3,solved,1,20.735461,109.478272,0.189403,0.0082,,
u_mand_factor\set11\u_mand_factor_0.8.py,u_mand_factor,11,u_mand_factor,0.8,2,8,5,0.8,0.5,0.7,0.6,1.6,0.2,115.920004,80,23,147.199999,165.600006,68.479999,1,1,1011,0,heuristic_v4,infeasible,0,,127.017346,,0.0131,,over budget: E=127.0173 > B=115.9200
u_mand_factor\set11\u_mand_factor_0.8.py,u_mand_factor,11,u_mand_factor,0.8,2,8,5,0.8,0.5,0.7,0.6,1.6,0.2,115.920004,80,23,147.199999,165.600006,68.479999,1,1,1011,0,heuristic_v3,infeasible,0,,127.017346,,0.0131,,over budget: E=127.0173 > B=115.9200
u_mand_factor\set11\u_mand_factor_0.9.py,u_mand_factor,11,u_mand_factor,0.9,2,8,5,0.9,0.5,0.7,0.6,1.8,0.1,122.360001,80,23,165.6,174.800001,77.04,1,1,1011,0,heuristic_v4,infeasible,0,,156.90215,,0.0139,,over budget: E=156.9021 > B=122.3600
u_mand_factor\set11\u_mand_factor_0.9.py,u_mand_factor,11,u_mand_factor,0.9,2,8,5,0.9,0.5,0.7,0.6,1.8,0.1,122.360001,80,23,165.6,174.800001,77.04,1,1,1011,0,heuristic_v3,infeasible,0,,156.90215,,0.0139,,over budget: E=156.9021 > B=122.3600
u_mand_factor\set12\u_mand_factor_0.1.py,u_mand_factor,12,u_mand_factor,0.1,2,8,5,0.1,0.5,0.7,0.6,0.2,0.9,70.840005,80,24,18.399999,101.200007,8.559999,1,0,1012,0,heuristic_v4,solved,1,214.277687,65.414495,3.275691,0.0046,,
u_mand_factor\set12\u_mand_factor_0.1.py,u_mand_factor,12,u_mand_factor,0.1,2,8,5,0.1,0.5,0.7,0.6,0.2,0.9,70.840005,80,24,18.399999,101.200007,8.559999,1,0,1012,0,heuristic_v3,solved,1,214.277687,65.414495,3.275691,0.0046,,
u_mand_factor\set12\u_mand_factor_0.2.py,u_mand_factor,12,u_mand_factor,0.2,2,8,5,0.2,0.5,0.7,0.6,0.4,0.8,77.280002,80,24,36.799999,110.400002,17.119999,1,0,1012,0,heuristic_v4,solved,1,138.932526,75.36057,1.843571,0.0086,,
u_mand_factor\set12\u_mand_factor_0.2.py,u_mand_factor,12,u_mand_factor,0.2,2,8,5,0.2,0.5,0.7,0.6,0.4,0.8,77.280002,80,24,36.799999,110.400002,17.119999,1,0,1012,0,heuristic_v3,solved,1,138.932526,75.36057,1.843571,0.0083,,
u_mand_factor\set12\u_mand_factor_0.3.py,u_mand_factor,12,u_mand_factor,0.3,2,8,5,0.3,0.5,0.7,0.6,0.6,0.7,83.72,80,24,55.199999,119.6,25.679999,1,1,1012,0,heuristic_v4,solved,1,125.15183,73.334151,1.706597,0.0075,,
u_mand_factor\set12\u_mand_factor_0.3.py,u_mand_factor,12,u_mand_factor,0.3,2,8,5,0.3,0.5,0.7,0.6,0.6,0.7,83.72,80,24,55.199999,119.6,25.679999,1,1,1012,0,heuristic_v3,solved,1,125.15183,73.334151,1.706597,0.0064,,
u_mand_factor\set12\u_mand_factor_0.4.py,u_mand_factor,12,u_mand_factor,0.4,2,8,5,0.4,0.5,0.7,0.6,0.8,0.6,90.159996,80,24,73.600002,128.799994,34.240001,1,1,1012,0,heuristic_v4,solved,1,116.969207,90.115017,1.297999,0.0167,,
u_mand_factor\set12\u_mand_factor_0.4.py,u_mand_factor,12,u_mand_factor,0.4,2,8,5,0.4,0.5,0.7,0.6,0.8,0.6,90.159996,80,24,73.600002,128.799994,34.240001,1,1,1012,0,heuristic_v3,solved,1,113.666385,90.091635,1.261675,0.0082,,
u_mand_factor\set12\u_mand_factor_0.5.py,u_mand_factor,12,u_mand_factor,0.5,2,8,5,0.5,0.5,0.7,0.6,1.0,0.5,96.600005,80,24,91.999998,138.000007,42.799999,1,1,1012,0,heuristic_v4,solved,1,89.121249,96.552654,0.923033,0.0543,,
u_mand_factor\set12\u_mand_factor_0.5.py,u_mand_factor,12,u_mand_factor,0.5,2,8,5,0.5,0.5,0.7,0.6,1.0,0.5,96.600005,80,24,91.999998,138.000007,42.799999,1,1,1012,0,heuristic_v3,solved,1,84.54479,96.569447,0.875482,0.0169,,
u_mand_factor\set12\u_mand_factor_0.6.py,u_mand_factor,12,u_mand_factor,0.6,2,8,5,0.6,0.5,0.7,0.6,1.2,0.4,103.040002,80,24,110.400001,147.200003,51.360001,1,1,1012,0,heuristic_v4,solved,1,77.715568,102.984569,0.754633,0.0149,,
u_mand_factor\set12\u_mand_factor_0.6.py,u_mand_factor,12,u_mand_factor,0.6,2,8,5,0.6,0.5,0.7,0.6,1.2,0.4,103.040002,80,24,110.400001,147.200003,51.360001,1,1,1012,0,heuristic_v3,solved,1,72.713774,100.241189,0.725388,0.0074,,
u_mand_factor\set12\u_mand_factor_0.7.py,u_mand_factor,12,u_mand_factor,0.7,2,8,5,0.7,0.5,0.7,0.6,1.4,0.3,109.480005,80,24,128.8,156.400007,59.92,1,1,1012,0,heuristic_v4,solved,1,34.289853,109.431882,0.313344,0.0598,,
u_mand_factor\set12\u_mand_factor_0.7.py,u_mand_factor,12,u_mand_factor,0.7,2,8,5,0.7,0.5,0.7,0.6,1.4,0.3,109.480005,80,24,128.8,156.400007,59.92,1,1,1012,0,heuristic_v3,solved,1,33.359023,109.463638,0.30475,0.0175,,
u_mand_factor\set12\u_mand_factor_0.8.py,u_mand_factor,12,u_mand_factor,0.8,2,8,5,0.8,0.5,0.7,0.6,1.6,0.2,115.920005,80,24,147.200003,165.600007,68.480002,1,1,1012,0,heuristic_v4,infeasible,0,,129.414555,,0.024,,over budget: E=129.4146 > B=115.9200
u_mand_factor\set12\u_mand_factor_0.8.py,u_mand_factor,12,u_mand_factor,0.8,2,8,5,0.8,0.5,0.7,0.6,1.6,0.2,115.920005,80,24,147.200003,165.600007,68.480002,1,1,1012,0,heuristic_v3,infeasible,0,,129.414555,,0.0245,,over budget: E=129.4146 > B=115.9200
u_mand_factor\set12\u_mand_factor_0.9.py,u_mand_factor,12,u_mand_factor,0.9,2,8,5,0.9,0.5,0.7,0.6,1.8,0.1,122.359994,80,24,165.599998,174.799992,77.039999,1,1,1012,0,heuristic_v4,infeasible,0,,154.269127,,0.019,,over budget: E=154.2691 > B=122.3600
u_mand_factor\set12\u_mand_factor_0.9.py,u_mand_factor,12,u_mand_factor,0.9,2,8,5,0.9,0.5,0.7,0.6,1.8,0.1,122.359994,80,24,165.599998,174.799992,77.039999,1,1,1012,0,heuristic_v3,infeasible,0,,154.269127,,0.0243,,over budget: E=154.2691 > B=122.3600
u_mand_factor\set13\u_mand_factor_0.1.py,u_mand_factor,13,u_mand_factor,0.1,2,8,5,0.1,0.5,0.7,0.6,0.2,0.9,70.839988,80,29,18.399998,101.199983,8.559999,1,0,1013,0,heuristic_v4,solved,1,205.385913,70.162042,2.927308,0.0159,,
u_mand_factor\set13\u_mand_factor_0.1.py,u_mand_factor,13,u_mand_factor,0.1,2,8,5,0.1,0.5,0.7,0.6,0.2,0.9,70.839988,80,29,18.399998,101.199983,8.559999,1,0,1013,0,heuristic_v3,solved,1,205.385913,70.162042,2.927308,0.0176,,
u_mand_factor\set13\u_mand_factor_0.2.py,u_mand_factor,13,u_mand_factor,0.2,2,8,5,0.2,0.5,0.7,0.6,0.4,0.8,77.28001,80,29,36.800006,110.400015,17.120003,1,0,1013,0,heuristic_v4,solved,1,133.404576,76.941262,1.73385,0.0107,,
u_mand_factor\set13\u_mand_factor_0.2.py,u_mand_factor,13,u_mand_factor,0.2,2,8,5,0.2,0.5,0.7,0.6,0.4,0.8,77.28001,80,29,36.800006,110.400015,17.120003,1,0,1013,0,heuristic_v3,solved,1,133.404576,76.941262,1.73385,0.0114,,
u_mand_factor\set13\u_mand_factor_0.3.py,u_mand_factor,13,u_mand_factor,0.3,2,8,5,0.3,0.5,0.7,0.6,0.6,0.7,83.72,80,29,55.199994,119.6,25.679997,1,1,1013,0,heuristic_v4,solved,1,134.34202,83.704719,1.604952,0.0165,,
u_mand_factor\set13\u_mand_factor_0.3.py,u_mand_factor,13,u_mand_factor,0.3,2,8,5,0.3,0.5,0.7,0.6,0.6,0.7,83.72,80,29,55.199994,119.6,25.679997,1,1,1013,0,heuristic_v3,solved,1,134.34202,83.704719,1.604952,0.0166,,
u_mand_factor\set13\u_mand_factor_0.4.py,u_mand_factor,13,u_mand_factor,0.4,2,8,5,0.4,0.5,0.7,0.6,0.8,0.6,90.159998,80,29,73.6,128.799997,34.24,1,1,1013,0,heuristic_v4,solved,1,133.585525,90.124973,1.482225,0.0138,,
u_mand_factor\set13\u_mand_factor_0.4.py,u_mand_factor,13,u_mand_factor,0.4,2,8,5,0.4,0.5,0.7,0.6,0.8,0.6,90.159998,80,29,73.6,128.799997,34.24,1,1,1013,0,heuristic_v3,solved,1,133.585525,90.124973,1.482225,0.0129,,
u_mand_factor\set13\u_mand_factor_0.5.py,u_mand_factor,13,u_mand_factor,0.5,2,8,5,0.5,0.5,0.7,0.6,1.0,0.5,96.600001,80,29,91.999998,138.000001,42.799999,1,1,1013,0,heuristic_v4,solved,1,101.114271,96.55351,1.047236,0.0212,,
u_mand_factor\set13\u_mand_factor_0.5.py,u_mand_factor,13,u_mand_factor,0.5,2,8,5,0.5,0.5,0.7,0.6,1.0,0.5,96.600001,80,29,91.999998,138.000001,42.799999,1,1,1013,0,heuristic_v3,solved,1,101.114271,96.55351,1.047236,0.0204,,
u_mand_factor\set13\u_mand_factor_0.6.py,u_mand_factor,13,u_mand_factor,0.6,2,8,5,0.6,0.5,0.7,0.6,1.2,0.4,103.039998,80,29,110.400001,147.199997,51.360001,1,1,1013,0,heuristic_v4,solved,1,81.096507,103.005098,0.787306,0.0154,,
u_mand_factor\set13\u_mand_factor_0.6.py,u_mand_factor,13,u_mand_factor,0.6,2,8,5,0.6,0.5,0.7,0.6,1.2,0.4,103.039998,80,29,110.400001,147.199997,51.360001,1,1,1013,0,heuristic_v3,solved,1,80.971726,103.022116,0.785964,0.0155,,
u_mand_factor\set13\u_mand_factor_0.7.py,u_mand_factor,13,u_mand_factor,0.7,2,8,5,0.7,0.5,0.7,0.6,1.4,0.3,109.479994,80,29,128.800001,156.399991,59.920001,1,1,1013,0,heuristic_v4,solved,1,44.889,109.471179,0.410053,0.1251,,
u_mand_factor\set13\u_mand_factor_0.7.py,u_mand_factor,13,u_mand_factor,0.7,2,8,5,0.7,0.5,0.7,0.6,1.4,0.3,109.479994,80,29,128.800001,156.399991,59.920001,1,1,1013,0,heuristic_v3,solved,1,43.864956,109.466833,0.400715,0.0301,,
u_mand_factor\set13\u_mand_factor_0.8.py,u_mand_factor,13,u_mand_factor,0.8,2,8,5,0.8,0.5,0.7,0.6,1.6,0.2,115.920003,80,29,147.199999,165.600005,68.479999,1,1,1013,0,heuristic_v4,solved,1,7.294181,115.911078,0.062929,0.1067,,
u_mand_factor\set13\u_mand_factor_0.8.py,u_mand_factor,13,u_mand_factor,0.8,2,8,5,0.8,0.5,0.7,0.6,1.6,0.2,115.920003,80,29,147.199999,165.600005,68.479999,1,1,1013,0,heuristic_v3,solved,1,7.268407,115.903207,0.062711,0.0245,,
u_mand_factor\set13\u_mand_factor_0.9.py,u_mand_factor,13,u_mand_factor,0.9,2,8,5,0.9,0.5,0.7,0.6,1.8,0.1,122.359998,80,29,165.599999,174.799998,77.039999,1,1,1013,0,heuristic_v4,infeasible,0,,141.22422,,0.0374,,over budget: E=141.2242 > B=122.3600
u_mand_factor\set13\u_mand_factor_0.9.py,u_mand_factor,13,u_mand_factor,0.9,2,8,5,0.9,0.5,0.7,0.6,1.8,0.1,122.359998,80,29,165.599999,174.799998,77.039999,1,1,1013,0,heuristic_v3,infeasible,0,,141.22422,,0.0259,,over budget: E=141.2242 > B=122.3600
u_mand_factor\set14\u_mand_factor_0.1.py,u_mand_factor,14,u_mand_factor,0.1,2,8,5,0.1,0.5,0.7,0.6,0.2,0.9,70.84,80,22,18.4,101.2,8.573333,1,0,1014,0,heuristic_v4,solved,1,201.728203,70.370455,2.866661,0.0026,,
u_mand_factor\set14\u_mand_factor_0.1.py,u_mand_factor,14,u_mand_factor,0.1,2,8,5,0.1,0.5,0.7,0.6,0.2,0.9,70.84,80,22,18.4,101.2,8.573333,1,0,1014,0,heuristic_v3,solved,1,201.728203,70.370455,2.866661,0.0026,,
u_mand_factor\set14\u_mand_factor_0.2.py,u_mand_factor,14,u_mand_factor,0.2,2,8,5,0.2,0.5,0.7,0.6,0.4,0.8,77.280001,80,22,36.800001,110.400001,17.146667,1,0,1014,0,heuristic_v4,solved,1,195.531678,67.611429,2.891991,0.0033,,
u_mand_factor\set14\u_mand_factor_0.2.py,u_mand_factor,14,u_mand_factor,0.2,2,8,5,0.2,0.5,0.7,0.6,0.4,0.8,77.280001,80,22,36.800001,110.400001,17.146667,1,0,1014,0,heuristic_v3,solved,1,195.531678,67.611429,2.891991,0.0032,,
u_mand_factor\set14\u_mand_factor_0.3.py,u_mand_factor,14,u_mand_factor,0.3,2,8,5,0.3,0.5,0.7,0.6,0.6,0.7,83.719999,80,22,55.200001,119.599999,25.720001,1,1,1014,0,heuristic_v4,solved,1,180.081148,71.926534,2.503682,0.0036,,
u_mand_factor\set14\u_mand_factor_0.3.py,u_mand_factor,14,u_mand_factor,0.3,2,8,5,0.3,0.5,0.7,0.6,0.6,0.7,83.719999,80,22,55.200001,119.599999,25.720001,1,1,1014,0,heuristic_v3,solved,1,180.081148,71.926534,2.503682,0.0036,,
u_mand_factor\set14\u_mand_factor_0.4.py,u_mand_factor,14,u_mand_factor,0.4,2,8,5,0.4,0.5,0.7,0.6,0.8,0.6,90.160006,80,22,73.599999,128.800008,34.293333,1,1,1014,0,heuristic_v4,solved,1,147.585512,81.819995,1.803783,0.0029,,
u_mand_factor\set14\u_mand_factor_0.4.py,u_mand_factor,14,u_mand_factor,0.4,2,8,5,0.4,0.5,0.7,0.6,0.8,0.6,90.160006,80,22,73.599999,128.800008,34.293333,1,1,1014,0,heuristic_v3,solved,1,147.585512,81.819995,1.803783,0.003,,
u_mand_factor\set14\u_mand_factor_0.5.py,u_mand_factor,14,u_mand_factor,0.5,2,8,5,0.5,0.5,0.7,0.6,1.0,0.5,96.600002,80,22,92.000003,138.000002,42.866668,1,1,1014,0,heuristic_v4,solved,1,114.473505,95.435552,1.199485,0.0036,,
u_mand_factor\set14\u_mand_factor_0.5.py,u_mand_factor,14,u_mand_factor,0.5,2,8,5,0.5,0.5,0.7,0.6,1.0,0.5,96.600002,80,22,92.000003,138.000002,42.866668,1,1,1014,0,heuristic_v3,solved,1,114.473505,95.435552,1.199485,0.0033,,
u_mand_factor\set14\u_mand_factor_0.6.py,u_mand_factor,14,u_mand_factor,0.6,2,8,5,0.6,0.5,0.7,0.6,1.2,0.4,103.040002,80,22,110.400001,147.200003,51.440001,1,1,1014,0,heuristic_v4,solved,1,76.053452,103.029123,0.738174,0.0047,,
u_mand_factor\set14\u_mand_factor_0.6.py,u_mand_factor,14,u_mand_factor,0.6,2,8,5,0.6,0.5,0.7,0.6,1.2,0.4,103.040002,80,22,110.400001,147.200003,51.440001,1,1,1014,0,heuristic_v3,solved,1,76.053452,103.029123,0.738174,0.0041,,
u_mand_factor\set14\u_mand_factor_0.7.py,u_mand_factor,14,u_mand_factor,0.7,2,8,5,0.7,0.5,0.7,0.6,1.4,0.3,109.479996,80,22,128.8,156.399994,60.013333,1,1,1014,0,heuristic_v4,solved,1,44.605191,109.45804,0.407509,0.0041,,
u_mand_factor\set14\u_mand_factor_0.7.py,u_mand_factor,14,u_mand_factor,0.7,2,8,5,0.7,0.5,0.7,0.6,1.4,0.3,109.479996,80,22,128.8,156.399994,60.013333,1,1,1014,0,heuristic_v3,solved,1,44.605191,109.45804,0.407509,0.0041,,
u_mand_factor\set14\u_mand_factor_0.8.py,u_mand_factor,14,u_mand_factor,0.8,2,8,5,0.8,0.5,0.7,0.6,1.6,0.2,115.919999,80,22,147.199999,165.599999,68.586666,1,1,1014,0,heuristic_v4,infeasible,0,,118.193982,,0.0088,,over budget: E=118.1940 > B=115.9200
u_mand_factor\set14\u_mand_factor_0.8.py,u_mand_factor,14,u_mand_factor,0.8,2,8,5,0.8,0.5,0.7,0.6,1.6,0.2,115.919999,80,22,147.199999,165.599999,68.586666,1,1,1014,0,heuristic_v3,infeasible,0,,118.193982,,0.0091,,over budget: E=118.1940 > B=115.9200
u_mand_factor\set14\u_mand_factor_0.9.py,u_mand_factor,14,u_mand_factor,0.9,2,8,5,0.9,0.5,0.7,0.6,1.8,0.1,122.36,80,22,165.600005,174.8,77.160002,1,1,1014,0,heuristic_v4,infeasible,0,,149.764986,,0.015,,over budget: E=149.7650 > B=122.3600
u_mand_factor\set14\u_mand_factor_0.9.py,u_mand_factor,14,u_mand_factor,0.9,2,8,5,0.9,0.5,0.7,0.6,1.8,0.1,122.36,80,22,165.600005,174.8,77.160002,1,1,1014,0,heuristic_v3,infeasible,0,,149.764986,,0.0122,,over budget: E=149.7650 > B=122.3600
u_mand_factor\set15\u_mand_factor_0.1.py,u_mand_factor,15,u_mand_factor,0.1,2,8,5,0.1,0.5,0.7,0.6,0.2,0.9,70.840001,80,21,18.4,101.200001,8.8,1,0,1015,0,heuristic_v4,solved,1,265.398872,67.548257,3.929026,0.0038,,
u_mand_factor\set15\u_mand_factor_0.1.py,u_mand_factor,15,u_mand_factor,0.1,2,8,5,0.1,0.5,0.7,0.6,0.2,0.9,70.840001,80,21,18.4,101.200001,8.8,1,0,1015,0,heuristic_v3,solved,1,265.398872,67.548257,3.929026,0.0037,,
u_mand_factor\set15\u_mand_factor_0.2.py,u_mand_factor,15,u_mand_factor,0.2,2,8,5,0.2,0.5,0.7,0.6,0.4,0.8,77.279998,80,21,36.8,110.399998,17.6,1,0,1015,0,heuristic_v4,solved,1,195.478692,76.966865,2.539777,0.0047,,
u_mand_factor\set15\u_mand_factor_0.2.py,u_mand_factor,15,u_mand_factor,0.2,2,8,5,0.2,0.5,0.7,0.6,0.4,0.8,77.279998,80,21,36.8,110.399998,17.6,1,0,1015,0,heuristic_v3,solved,1,195.478692,76.966865,2.539777,0.0044,,
u_mand_factor\set15\u_mand_factor_0.3.py,u_mand_factor,15,u_mand_factor,0.3,2,8,5,0.3,0.5,0.7,0.6,0.6,0.7,83.720006,80,21,55.199994,119.600009,26.399997,1,1,1015,0,heuristic_v4,solved,1,178.762848,83.634609,2.137427,0.0044,,
u_mand_factor\set15\u_mand_factor_0.3.py,u_mand_factor,15,u_mand_factor,0.3,2,8,5,0.3,0.5,0.7,0.6,0.6,0.7,83.720006,80,21,55.199994,119.600009,26.399997,1,1,1015,0,heuristic_v3,solved,1,178.762848,83.634609,2.137427,0.0036,,
u_mand_factor\set15\u_mand_factor_0.4.py,u_mand_factor,15,u_mand_factor,0.4,2,8,5,0.4,0.5,0.7,0.6,0.8,0.6,90.159994,80,21,73.600003,128.799992,35.200002,1,1,1015,0,heuristic_v4,solved,1,144.487572,90.158033,1.602603,0.0151,,
u_mand_factor\set15\u_mand_factor_0.4.py,u_mand_factor,15,u_mand_factor,0.4,2,8,5,0.4,0.5,0.7,0.6,0.8,0.6,90.159994,80,21,73.600003,128.799992,35.200002,1,1,1015,0,heuristic_v3,solved,1,134.145896,90.125663,1.488432,0.0066,,
u_mand_factor\set15\u_mand_factor_0.5.py,u_mand_factor,15,u_mand_factor,0.5,2,8,5,0.5,0.5,0.7,0.6,1.0,0.5,96.600006,80,21,92.000002,138.000008,44.000001,1,1,1015,0,heuristic_v4,solved,1,115.696352,96.516717,1.198718,0.0071,,
u_mand_factor\set15\u_mand_factor_0.5.py,u_mand_factor,15,u_mand_factor,0.5,2,8,5,0.5,0.5,0.7,0.6,1.0,0.5,96.600006,80,21,92.000002,138.000008,44.000001,1,1,1015,0,heuristic_v3,solved,1,115.201715,96.338839,1.195797,0.0057,,
u_mand_factor\set15\u_mand_factor_0.6.py,u_mand_factor,15,u_mand_factor,0.6,2,8,5,0.6,0.5,0.7,0.6,1.2,0.4,103.040006,80,21,110.400003,147.200008,52.800002,1,1,1015,0,heuristic_v4,solved,1,107.268858,102.374205,1.047811,0.0048,,
u_mand_factor\set15\u_mand_factor_0.6.py,u_mand_factor,15,u_mand_factor,0.6,2,8,5,0.6,0.5,0.7,0.6,1.2,0.4,103.040006,80,21,110.400003,147.200008,52.800002,1,1,1015,0,heuristic_v3,solved,1,105.775182,102.528278,1.031668,0.0043,,
u_mand_factor\set15\u_mand_factor_0.7.py,u_mand_factor,15,u_mand_factor,0.7,2,8,5,0.7,0.5,0.7,0.6,1.4,0.3,109.480002,80,21,128.800003,156.400002,61.600002,1,1,1015,0,heuristic_v4,solved,1,55.924563,109.058948,0.512792,0.0171,,
u_mand_factor\set15\u_mand_factor_0.7.py,u_mand_factor,15,u_mand_factor,0.7,2,8,5,0.7,0.5,0.7,0.6,1.4,0.3,109.480002,80,21,128.800003,156.400002,61.600002,1,1,1015,0,heuristic_v3,solved,1,54.550257,109.448025,0.498412,0.0057,,
u_mand_factor\set15\u_mand_factor_0.8.py,u_mand_factor,15,u_mand_factor,0.8,2,8,5,0.8,0.5,0.7,0.6,1.6,0.2,115.919994,80,21,147.199994,165.599991,70.399997,1,1,1015,0,heuristic_v4,solved,1,3.88647,115.875503,0.03354,0.0046,,
u_mand_factor\set15\u_mand_factor_0.8.py,u_mand_factor,15,u_mand_factor,0.8,2,8,5,0.8,0.5,0.7,0.6,1.6,0.2,115.919994,80,21,147.199994,165.599991,70.399997,1,1,1015,0,heuristic_v3,solved,1,3.88647,115.875503,0.03354,0.0044,,
u_mand_factor\set15\u_mand_factor_0.9.py,u_mand_factor,15,u_mand_factor,0.9,2,8,5,0.9,0.5,0.7,0.6,1.8,0.1,122.359994,80,21,165.599998,174.799991,79.199999,1,1,1015,0,heuristic_v4,infeasible,0,,149.455962,,0.0111,,over budget: E=149.4560 > B=122.3600
u_mand_factor\set15\u_mand_factor_0.9.py,u_mand_factor,15,u_mand_factor,0.9,2,8,5,0.9,0.5,0.7,0.6,1.8,0.1,122.359994,80,21,165.599998,174.799991,79.199999,1,1,1015,0,heuristic_v3,infeasible,0,,149.455962,,0.0097,,over budget: E=149.4560 > B=122.3600
u_mand_factor\set16\u_mand_factor_0.1.py,u_mand_factor,16,u_mand_factor,0.1,2,8,5,0.1,0.5,0.7,0.6,0.2,0.9,70.840001,80,34,18.400007,101.200001,9.20364,1,0,1016,0,heuristic_v4,solved,1,238.568316,70.206737,3.398083,0.0189,,
u_mand_factor\set16\u_mand_factor_0.1.py,u_mand_factor,16,u_mand_factor,0.1,2,8,5,0.1,0.5,0.7,0.6,0.2,0.9,70.840001,80,34,18.400007,101.200001,9.20364,1,0,1016,0,heuristic_v3,solved,1,238.568316,70.206737,3.398083,0.0174,,
u_mand_factor\set16\u_mand_factor_0.2.py,u_mand_factor,16,u_mand_factor,0.2,2,8,5,0.2,0.5,0.7,0.6,0.4,0.8,77.279996,80,34,36.800009,110.399994,18.407277,1,0,1016,0,heuristic_v4,solved,1,238.203779,76.091084,3.130508,0.02,,
u_mand_factor\set16\u_mand_factor_0.2.py,u_mand_factor,16,u_mand_factor,0.2,2,8,5,0.2,0.5,0.7,0.6,0.4,0.8,77.279996,80,34,36.800009,110.399994,18.407277,1,0,1016,0,heuristic_v3,solved,1,238.203779,76.091084,3.130508,0.0194,,
u_mand_factor\set16\u_mand_factor_0.3.py,u_mand_factor,16,u_mand_factor,0.3,2,8,5,0.3,0.5,0.7,0.6,0.6,0.7,83.719999,80,34,55.199998,119.599999,27.610908,1,1,1016,0,heuristic_v4,solved,1,189.143731,83.665901,2.260703,0.0221,,
u_mand_factor\set16\u_mand_factor_0.3.py,u_mand_factor,16,u_mand_factor,0.3,2,8,5,0.3,0.5,0.7,0.6,0.6,0.7,83.719999,80,34,55.199998,119.599999,27.610908,1,1,1016,0,heuristic_v3,solved,1,189.143731,83.665901,2.260703,0.0229,,
u_mand_factor\set16\u_mand_factor_0.4.py,u_mand_factor,16,u_mand_factor,0.4,2,8,5,0.4,0.5,0.7,0.6,0.8,0.6,90.160011,80,34,73.600005,128.800016,36.814548,1,1,1016,0,heuristic_v4,solved,1,154.113711,90.051763,1.71139,0.0279,,
u_mand_factor\set16\u_mand_factor_0.4.py,u_mand_factor,16,u_mand_factor,0.4,2,8,5,0.4,0.5,0.7,0.6,0.8,0.6,90.160011,80,34,73.600005,128.800016,36.814548,1,1,1016,0,heuristic_v3,solved,1,153.878402,90.03644,1.709068,0.0209,,
u_mand_factor\set16\u_mand_factor_0.5.py,u_mand_factor,16,u_mand_factor,0.5,2,8,5,0.5,0.5,0.7,0.6,1.0,0.5,96.599998,80,34,91.999997,137.999998,46.01818,1,1,1016,0,heuristic_v4,solved,1,124.100119,96.587977,1.28484,0.03,,
u_mand_factor\set16\u_mand_factor_0.5.py,u_mand_factor,16,u_mand_factor,0.5,2,8,5,0.5,0.5,0.7,0.6,1.0,0.5,96.599998,80,34,91.999997,137.999998,46.01818,1,1,1016,0,heuristic_v3,solved,1,123.904026,96.575207,1.28298,0.027,,
u_mand_factor\set16\u_mand_factor_0.6.py,u_mand_factor,16,u_mand_factor,0.6,2,8,5,0.6,0.5,0.7,0.6,1.2,0.4,103.039998,80,34,110.4,147.199997,55.221818,1,1,1016,0,heuristic_v4,solved,1,91.317512,103.025678,0.886357,0.0539,,
u_mand_factor\set16\u_mand_factor_0.6.py,u_mand_factor,16,u_mand_factor,0.6,2,8,5,0.6,0.5,0.7,0.6,1.2,0.4,103.039998,80,34,110.4,147.199997,55.221818,1,1,1016,0,heuristic_v3,solved,1,90.9641,102.801017,0.884856,0.0234,,
u_mand_factor\set16\u_mand_factor_0.7.py,u_mand_factor,16,u_mand_factor,0.7,2,8,5,0.7,0.5,0.7,0.6,1.4,0.3,109.479998,80,34,128.799998,156.399998,64.425453,1,1,1016,0,heuristic_v4,solved,1,57.845222,109.374914,0.528871,0.0341,,
u_mand_factor\set16\u_mand_factor_0.7.py,u_mand_factor,16,u_mand_factor,0.7,2,8,5,0.7,0.5,0.7,0.6,1.4,0.3,109.479998,80,34,128.799998,156.399998,64.425453,1,1,1016,0,heuristic_v3,solved,1,57.845222,109.374914,0.528871,0.0276,,
u_mand_factor\set16\u_mand_factor_0.8.py,u_mand_factor,16,u_mand_factor,0.8,2,8,5,0.8,0.5,0.7,0.6,1.6,0.2,115.919998,80,34,147.199995,165.599997,73.629089,1,1,1016,0,heuristic_v4,infeasible,0,,,,0.0,,
u_mand_factor\set16\u_mand_factor_0.8.py,u_mand_factor,16,u_mand_factor,0.8,2,8,5,0.8,0.5,0.7,0.6,1.6,0.2,115.919998,80,34,147.199995,165.599997,73.629089,1,1,1016,0,heuristic_v3,infeasible,0,,,,0.0,,
u_mand_factor\set16\u_mand_factor_0.9.py,u_mand_factor,16,u_mand_factor,0.9,2,8,5,0.9,0.5,0.7,0.6,1.8,0.1,122.360002,80,34,165.599998,174.800002,82.832726,1,1,1016,0,heuristic_v4,infeasible,0,,,,0.0,,
u_mand_factor\set16\u_mand_factor_0.9.py,u_mand_factor,16,u_mand_factor,0.9,2,8,5,0.9,0.5,0.7,0.6,1.8,0.1,122.360002,80,34,165.599998,174.800002,82.832726,1,1,1016,0,heuristic_v3,infeasible,0,,,,0.0,,
u_mand_factor\set17\u_mand_factor_0.1.py,u_mand_factor,17,u_mand_factor,0.1,2,8,5,0.1,0.5,0.7,0.6,0.2,0.9,70.840008,80,29,18.400006,101.200012,8.573336,1,0,1017,0,heuristic_v4,solved,1,174.269518,69.204159,2.518194,0.0115,,
u_mand_factor\set17\u_mand_factor_0.1.py,u_mand_factor,17,u_mand_factor,0.1,2,8,5,0.1,0.5,0.7,0.6,0.2,0.9,70.840008,80,29,18.400006,101.200012,8.573336,1,0,1017,0,heuristic_v3,solved,1,174.269518,69.204159,2.518194,0.011,,
u_mand_factor\set17\u_mand_factor_0.2.py,u_mand_factor,17,u_mand_factor,0.2,2,8,5,0.2,0.5,0.7,0.6,0.4,0.8,77.280009,80,29,36.799999,110.400013,17.146666,1,0,1017,0,heuristic_v4,solved,1,132.546805,73.498242,1.803401,0.0095,,
u_mand_factor\set17\u_mand_factor_0.2.py,u_mand_factor,17,u_mand_factor,0.2,2,8,5,0.2,0.5,0.7,0.6,0.4,0.8,77.280009,80,29,36.799999,110.400013,17.146666,1,0,1017,0,heuristic_v3,solved,1,132.546805,73.498242,1.803401,0.0093,,
u_mand_factor\set17\u_mand_factor_0.3.py,u_mand_factor,17,u_mand_factor,0.3,2,8,5,0.3,0.5,0.7,0.6,0.6,0.7,83.720002,80,29,55.200002,119.600003,25.720001,1,1,1017,0,heuristic_v4,solved,1,105.584249,77.97448,1.354087,0.0099,,
u_mand_factor\set17\u_mand_factor_0.3.py,u_mand_factor,17,u_mand_factor,0.3,2,8,5,0.3,0.5,0.7,0.6,0.6,0.7,83.720002,80,29,55.200002,119.600003,25.720001,1,1,1017,0,heuristic_v3,solved,1,105.584249,77.97448,1.354087,0.0093,,
u_mand_factor\set17\u_mand_factor_0.4.py,u_mand_factor,17,u_mand_factor,0.4,2,8,5,0.4,0.5,0.7,0.6,0.8,0.6,90.160006,80,29,73.6,128.800009,34.293333,1,1,1017,0,heuristic_v4,solved,1,88.217996,89.813048,0.98224,0.0169,,
u_mand_factor\set17\u_mand_factor_0.4.py,u_mand_factor,17,u_mand_factor,0.4,2,8,5,0.4,0.5,0.7,0.6,0.8,0.6,90.160006,80,29,73.6,128.800009,34.293333,1,1,1017,0,heuristic_v3,solved,1,88.217996,89.813048,0.98224,0.018,,
u_mand_factor\set17\u_mand_factor_0.5.py,u_mand_factor,17,u_mand_factor,0.5,2,8,5,0.5,0.5,0.7,0.6,1.0,0.5,96.599998,80,29,92.000003,137.999998,42.866668,1,1,1017,0,heuristic_v4,solved,1,79.927301,96.588626,0.827502,0.0294,,
u_mand_factor\set17\u_mand_factor_0.5.py,u_mand_factor,17,u_mand_factor,0.5,2,8,5,0.5,0.5,0.7,0.6,1.0,0.5,96.599998,80,29,92.000003,137.999998,42.866668,1,1,1017,0,heuristic_v3,solved,1,76.897965,96.523304,0.796678,0.023,,
u_mand_factor\set17\u_mand_factor_0.6.py,u_mand_factor,17,u_mand_factor,0.6,2,8,5,0.6,0.5,0.7,0.6,1.2,0.4,103.040005,80,29,110.400005,147.200007,51.440002,1,1,1017,0,heuristic_v4,solved,1,54.691997,103.013944,0.530918,0.0847,,
u_mand_factor\set17\u_mand_factor_0.6.py,u_mand_factor,17,u_mand_factor,0.6,2,8,5,0.6,0.5,0.7,0.6,1.2,0.4,103.040005,80,29,110.400005,147.200007,51.440002,1,1,1017,0,heuristic_v3,solved,1,50.59554,103.021927,0.491114,0.0276,,
u_mand_factor\set17\u_mand_factor_0.7.py,u_mand_factor,17,u_mand_factor,0.7,2,8,5,0.7,0.5,0.7,0.6,1.4,0.3,109.480004,80,29,128.800005,156.400006,60.013335,1,1,1017,0,heuristic_v4,solved,1,30.287852,109.457364,0.276709,0.0341,,
u_mand_factor\set17\u_mand_factor_0.7.py,u_mand_factor,17,u_mand_factor,0.7,2,8,5,0.7,0.5,0.7,0.6,1.4,0.3,109.480004,80,29,128.800005,156.400006,60.013335,1,1,1017,0,heuristic_v3,solved,1,29.731297,109.42845,0.271696,0.0152,,
u_mand_factor\set17\u_mand_factor_0.8.py,u_mand_factor,17,u_mand_factor,0.8,2,8,5,0.8,0.5,0.7,0.6,1.6,0.2,115.91999,80,29,147.199997,165.599986,68.586665,1,1,1017,0,heuristic_v4,infeasible,0,,118.574872,,0.0333,,over budget: E=118.5749 > B=115.9200
u_mand_factor\set17\u_mand_factor_0.8.py,u_mand_factor,17,u_mand_factor,0.8,2,8,5,0.8,0.5,0.7,0.6,1.6,0.2,115.91999,80,29,147.199997,165.599986,68.586665,1,1,1017,0,heuristic_v3,infeasible,0,,118.574872,,0.0245,,over budget: E=118.5749 > B=115.9200
u_mand_factor\set17\u_mand_factor_0.9.py,u_mand_factor,17,u_mand_factor,0.9,2,8,5,0.9,0.5,0.7,0.6,1.8,0.1,122.359999,80,29,165.600006,174.799999,77.160003,1,1,1017,0,heuristic_v4,infeasible,0,,151.929612,,0.0319,,over budget: E=151.9296 > B=122.3600
u_mand_factor\set17\u_mand_factor_0.9.py,u_mand_factor,17,u_mand_factor,0.9,2,8,5,0.9,0.5,0.7,0.6,1.8,0.1,122.359999,80,29,165.600006,174.799999,77.160003,1,1,1017,0,heuristic_v3,infeasible,0,,151.929612,,0.0298,,over budget: E=151.9296 > B=122.3600
u_mand_factor\set18\u_mand_factor_0.1.py,u_mand_factor,18,u_mand_factor,0.1,2,8,5,0.1,0.5,0.7,0.6,0.2,0.9,70.839998,80,26,18.400002,101.199998,8.817144,1,0,1018,0,heuristic_v4,solved,1,260.764403,70.804306,3.682889,0.0073,,
u_mand_factor\set18\u_mand_factor_0.1.py,u_mand_factor,18,u_mand_factor,0.1,2,8,5,0.1,0.5,0.7,0.6,0.2,0.9,70.839998,80,26,18.400002,101.199998,8.817144,1,0,1018,0,heuristic_v3,solved,1,260.764403,70.804306,3.682889,0.0063,,
u_mand_factor\set18\u_mand_factor_0.2.py,u_mand_factor,18,u_mand_factor,0.2,2,8,5,0.2,0.5,0.7,0.6,0.4,0.8,77.280002,80,26,36.799993,110.400003,17.634282,1,0,1018,0,heuristic_v4,solved,1,181.217739,77.233724,2.346355,0.008,,
u_mand_factor\set18\u_mand_factor_0.2.py,u_mand_factor,18,u_mand_factor,0.2,2,8,5,0.2,0.5,0.7,0.6,0.4,0.8,77.280002,80,26,36.799993,110.400003,17.634282,1,0,1018,0,heuristic_v3,solved,1,181.217739,77.233724,2.346355,0.0082,,
u_mand_factor\set18\u_mand_factor_0.3.py,u_mand_factor,18,u_mand_factor,0.3,2,8,5,0.3,0.5,0.7,0.6,0.6,0.7,83.72,80,26,55.200002,119.6,26.45143,1,1,1018,0,heuristic_v4,solved,1,185.5934,83.666648,2.218248,0.0081,,
u_mand_factor\set18\u_mand_factor_0.3.py,u_mand_factor,18,u_mand_factor,0.3,2,8,5,0.3,0.5,0.7,0.6,0.6,0.7,83.72,80,26,55.200002,119.6,26.45143,1,1,1018,0,heuristic_v3,solved,1,185.5934,83.666648,2.218248,0.0082,,
u_mand_factor\set18\u_mand_factor_0.4.py,u_mand_factor,18,u_mand_factor,0.4,2,8,5,0.4,0.5,0.7,0.6,0.8,0.6,90.159993,80,26,73.6,128.79999,35.268571,1,1,1018,0,heuristic_v4,solved,1,178.76954,90.066997,1.984851,0.0098,,
u_mand_factor\set18\u_mand_factor_0.4.py,u_mand_factor,18,u_mand_factor,0.4,2,8,5,0.4,0.5,0.7,0.6,0.8,0.6,90.159993,80,26,73.6,128.79999,35.268571,1,1,1018,0,heuristic_v3,solved,1,178.76954,90.066997,1.984851,0.0091,,
u_mand_factor\set18\u_mand_factor_0.5.py,u_mand_factor,18,u_mand_factor,0.5,2,8,5,0.5,0.5,0.7,0.6,1.0,0.5,96.599998,80,26,91.999995,137.999997,44.085712,1,1,1018,0,heuristic_v4,solved,1,149.900194,95.822,1.564361,0.0125,,
u_mand_factor\set18\u_mand_factor_0.5.py,u_mand_factor,18,u_mand_factor,0.5,2,8,5,0.5,0.5,0.7,0.6,1.0,0.5,96.599998,80,26,91.999995,137.999997,44.085712,1,1,1018,0,heuristic_v3,solved,1,148.88297,95.948519,1.551696,0.0105,,
u_mand_factor\set18\u_mand_factor_0.6.py,u_mand_factor,18,u_mand_factor,0.6,2,8,5,0.6,0.5,0.7,0.6,1.2,0.4,103.040006,80,26,110.400002,147.200009,52.902858,1,1,1018,0,heuristic_v4,solved,1,106.007246,102.422318,1.035001,0.0234,,
u_mand_factor\set18\u_mand_factor_0.6.py,u_mand_factor,18,u_mand_factor,0.6,2,8,5,0.6,0.5,0.7,0.6,1.2,0.4,103.040006,80,26,110.400002,147.200009,52.902858,1,1,1018,0,heuristic_v3,solved,1,104.313127,102.636536,1.016335,0.0107,,
u_mand_factor\set18\u_mand_factor_0.7.py,u_mand_factor,18,u_mand_factor,0.7,2,8,5,0.7,0.5,0.7,0.6,1.4,0.3,109.480012,80,26,128.800006,156.400017,61.720003,1,1,1018,0,heuristic_v4,solved,1,64.350289,109.301192,0.588743,0.0159,,
u_mand_factor\set18\u_mand_factor_0.7.py,u_mand_factor,18,u_mand_factor,0.7,2,8,5,0.7,0.5,0.7,0.6,1.4,0.3,109.480012,80,26,128.800006,156.400017,61.720003,1,1,1018,0,heuristic_v3,solved,1,63.488272,109.23863,0.581189,0.0131,,
u_mand_factor\set18\u_mand_factor_0.8.py,u_mand_factor,18,u_mand_factor,0.8,2,8,5,0.8,0.5,0.7,0.6,1.6,0.2,115.919995,80,26,147.200001,165.599993,70.537143,1,1,1018,0,heuristic_v4,infeasible,0,,116.109862,,0.017,,over budget: E=116.1099 > B=115.9200
u_mand_factor\set18\u_mand_factor_0.8.py,u_mand_factor,18,u_mand_factor,0.8,2,8,5,0.8,0.5,0.7,0.6,1.6,0.2,115.919995,80,26,147.200001,165.599993,70.537143,1,1,1018,0,heuristic_v3,infeasible,0,,116.109862,,0.0189,,over budget: E=116.1099 > B=115.9200
u_mand_factor\set18\u_mand_factor_0.9.py,u_mand_factor,18,u_mand_factor,0.9,2,8,5,0.9,0.5,0.7,0.6,1.8,0.1,122.360002,80,26,165.599998,174.800003,79.354285,1,1,1018,0,heuristic_v4,infeasible,0,,,,0.0,,
u_mand_factor\set18\u_mand_factor_0.9.py,u_mand_factor,18,u_mand_factor,0.9,2,8,5,0.9,0.5,0.7,0.6,1.8,0.1,122.360002,80,26,165.599998,174.800003,79.354285,1,1,1018,0,heuristic_v3,infeasible,0,,,,0.0,,
u_mand_factor\set19\u_mand_factor_0.1.py,u_mand_factor,19,u_mand_factor,0.1,2,8,5,0.1,0.5,0.7,0.6,0.2,0.9,70.839996,80,23,18.399998,101.199994,8.573332,1,0,1019,0,heuristic_v4,solved,1,232.924915,68.874132,3.381893,0.0061,,
u_mand_factor\set19\u_mand_factor_0.1.py,u_mand_factor,19,u_mand_factor,0.1,2,8,5,0.1,0.5,0.7,0.6,0.2,0.9,70.839996,80,23,18.399998,101.199994,8.573332,1,0,1019,0,heuristic_v3,solved,1,232.924915,68.874132,3.381893,0.0058,,
u_mand_factor\set19\u_mand_factor_0.2.py,u_mand_factor,19,u_mand_factor,0.2,2,8,5,0.2,0.5,0.7,0.6,0.4,0.8,77.279998,80,23,36.800002,110.399997,17.146668,1,0,1019,0,heuristic_v4,solved,1,217.771384,76.368337,2.851593,0.0076,,
u_mand_factor\set19\u_mand_factor_0.2.py,u_mand_factor,19,u_mand_factor,0.2,2,8,5,0.2,0.5,0.7,0.6,0.4,0.8,77.279998,80,23,36.800002,110.399997,17.146668,1,0,1019,0,heuristic_v3,solved,1,211.523197,71.897549,2.942008,0.0063,,
u_mand_factor\set19\u_mand_factor_0.3.py,u_mand_factor,19,u_mand_factor,0.3,2,8,5,0.3,0.5,0.7,0.6,0.6,0.7,83.720014,80,23,55.200002,119.60002,25.720001,1,1,1019,0,heuristic_v4,solved,1,179.751024,83.194271,2.160618,0.0068,,
u_mand_factor\set19\u_mand_factor_0.3.py,u_mand_factor,19,u_mand_factor,0.3,2,8,5,0.3,0.5,0.7,0.6,0.6,0.7,83.720014,80,23,55.200002,119.60002,25.720001,1,1,1019,0,heuristic_v3,solved,1,179.660919,83.518867,2.151142,0.0063,,
u_mand_factor\set19\u_mand_factor_0.4.py,u_mand_factor,19,u_mand_factor,0.4,2,8,5,0.4,0.5,0.7,0.6,0.8,0.6,90.160004,80,23,73.600003,128.800006,34.293335,1,1,1019,0,heuristic_v4,solved,1,144.324937,90.04554,1.602799,0.0116,,
u_mand_factor\set19\u_mand_factor_0.4.py,u_mand_factor,19,u_mand_factor,0.4,2,8,5,0.4,0.5,0.7,0.6,0.8,0.6,90.160004,80,23,73.600003,128.800006,34.293335,1,1,1019,0,heuristic_v3,solved,1,141.154381,89.324132,1.580249,0.0074,,
u_mand_factor\set19\u_mand_factor_0.5.py,u_mand_factor,19,u_mand_factor,0.5,2,8,5,0.5,0.5,0.7,0.6,1.0,0.5,96.600002,80,23,91.999999,138.000003,42.866666,1,1,1019,0,heuristic_v4,solved,1,104.039419,95.031798,1.094785,0.0207,,
u_mand_factor\set19\u_mand_factor_0.5.py,u_mand_factor,19,u_mand_factor,0.5,2,8,5,0.5,0.5,0.7,0.6,1.0,0.5,96.600002,80,23,91.999999,138.000003,42.866666,1,1,1019,0,heuristic_v3,solved,1,100.821634,94.752288,1.064055,0.0066,,
u_mand_factor\set19\u_mand_factor_0.6.py,u_mand_factor,19,u_mand_factor,0.6,2,8,5,0.6,0.5,0.7,0.6,1.2,0.4,103.040005,80,23,110.400001,147.200007,51.440001,1,1,1019,0,heuristic_v4,solved,1,70.519563,103.014485,0.68456,0.0196,,
u_mand_factor\set19\u_mand_factor_0.6.py,u_mand_factor,19,u_mand_factor,0.6,2,8,5,0.6,0.5,0.7,0.6,1.2,0.4,103.040005,80,23,110.400001,147.200007,51.440001,1,1,1019,0,heuristic_v3,solved,1,68.230532,102.984539,0.662532,0.0112,,
u_mand_factor\set19\u_mand_factor_0.7.py,u_mand_factor,19,u_mand_factor,0.7,2,8,5,0.7,0.5,0.7,0.6,1.4,0.3,109.479995,80,23,128.799998,156.399993,60.013332,1,1,1019,0,heuristic_v4,solved,1,29.000331,109.473245,0.264908,0.0618,,
u_mand_factor\set19\u_mand_factor_0.7.py,u_mand_factor,19,u_mand_factor,0.7,2,8,5,0.7,0.5,0.7,0.6,1.4,0.3,109.479995,80,23,128.799998,156.399993,60.013332,1,1,1019,0,heuristic_v3,solved,1,26.580002,109.479373,0.242785,0.0212,,
u_mand_factor\set19\u_mand_factor_0.8.py,u_mand_factor,19,u_mand_factor,0.8,2,8,5,0.8,0.5,0.7,0.6,1.6,0.2,115.919996,80,23,147.199994,165.599994,68.586664,1,1,1019,0,heuristic_v4,infeasible,0,,126.617553,,0.017,,over budget: E=126.6176 > B=115.9200
u_mand_factor\set19\u_mand_factor_0.8.py,u_mand_factor,19,u_mand_factor,0.8,2,8,5,0.8,0.5,0.7,0.6,1.6,0.2,115.919996,80,23,147.199994,165.599994,68.586664,1,1,1019,0,heuristic_v3,infeasible,0,,126.617553,,0.0195,,over budget: E=126.6176 > B=115.9200
u_mand_factor\set19\u_mand_factor_0.9.py,u_mand_factor,19,u_mand_factor,0.9,2,8,5,0.9,0.5,0.7,0.6,1.8,0.1,122.359998,80,23,165.6,174.799997,77.16,1,1,1019,0,heuristic_v4,infeasible,0,,,,0.0,,
u_mand_factor\set19\u_mand_factor_0.9.py,u_mand_factor,19,u_mand_factor,0.9,2,8,5,0.9,0.5,0.7,0.6,1.8,0.1,122.359998,80,23,165.6,174.799997,77.16,1,1,1019,0,heuristic_v3,infeasible,0,,,,0.0,,
u_mand_factor\set20\u_mand_factor_0.1.py,u_mand_factor,20,u_mand_factor,0.1,2,8,5,0.1,0.5,0.7,0.6,0.2,0.9,70.84001,80,25,18.400003,101.200014,8.817145,1,0,1020,0,heuristic_v4,solved,1,168.949157,65.048275,2.597289,0.0067,,
u_mand_factor\set20\u_mand_factor_0.1.py,u_mand_factor,20,u_mand_factor,0.1,2,8,5,0.1,0.5,0.7,0.6,0.2,0.9,70.84001,80,25,18.400003,101.200014,8.817145,1,0,1020,0,heuristic_v3,solved,1,168.949157,65.048275,2.597289,0.0062,,
u_mand_factor\set20\u_mand_factor_0.2.py,u_mand_factor,20,u_mand_factor,0.2,2,8,5,0.2,0.5,0.7,0.6,0.4,0.8,77.279998,80,25,36.799995,110.399997,17.634284,1,0,1020,0,heuristic_v4,solved,1,130.839913,77.217119,1.694442,0.0539,,
u_mand_factor\set20\u_mand_factor_0.2.py,u_mand_factor,20,u_mand_factor,0.2,2,8,5,0.2,0.5,0.7,0.6,0.4,0.8,77.279998,80,25,36.799995,110.399997,17.634284,1,0,1020,0,heuristic_v3,solved,1,124.197282,77.27943,1.60712,0.013,,
u_mand_factor\set20\u_mand_factor_0.3.py,u_mand_factor,20,u_mand_factor,0.3,2,8,5,0.3,0.5,0.7,0.6,0.6,0.7,83.720005,80,25,55.200001,119.600007,26.451429,1,1,1020,0,heuristic_v4,solved,1,98.59588,82.667378,1.192682,0.0124,,
u_mand_factor\set20\u_mand_factor_0.3.py,u_mand_factor,20,u_mand_factor,0.3,2,8,5,0.3,0.5,0.7,0.6,0.6,0.7,83.720005,80,25,55.200001,119.600007,26.451429,1,1,1020,0,heuristic_v3,solved,1,98.59588,82.667378,1.192682,0.0135,,
u_mand_factor\set20\u_mand_factor_0.4.py,u_mand_factor,20,u_mand_factor,0.4,2,8,5,0.4,0.5,0.7,0.6,0.8,0.6,90.159999,80,25,73.599999,128.799999,35.268571,1,1,1020,0,heuristic_v4,solved,1,82.054935,90.143259,0.910273,0.0379,,
u_mand_factor\set20\u_mand_factor_0.4.py,u_mand_factor,20,u_mand_factor,0.4,2,8,5,0.4,0.5,0.7,0.6,0.8,0.6,90.159999,80,25,73.599999,128.799999,35.268571,1,1,1020,0,heuristic_v3,solved,1,81.245923,90.114974,0.901581,0.0144,,
u_mand_factor\set20\u_mand_factor_0.5.py,u_mand_factor,20,u_mand_factor,0.5,2,8,5,0.5,0.5,0.7,0.6,1.0,0.5,96.600002,80,25,92.000005,138.000003,44.085716,1,1,1020,0,heuristic_v4,solved,1,68.603453,96.590126,0.710253,0.0743,,
u_mand_factor\set20\u_mand_factor_0.5.py,u_mand_factor,20,u_mand_factor,0.5,2,8,5,0.5,0.5,0.7,0.6,1.0,0.5,96.600002,80,25,92.000005,138.000003,44.085716,1,1,1020,0,heuristic_v3,solved,1,68.451528,96.597661,0.708625,0.0242,,
u_mand_factor\set20\u_mand_factor_0.6.py,u_mand_factor,20,u_mand_factor,0.6,2,8,5,0.6,0.5,0.7,0.6,1.2,0.4,103.040006,80,25,110.399999,147.200008,52.902857,1,1,1020,0,heuristic_v4,solved,1,56.902606,102.924147,0.55286,0.0241,,
u_mand_factor\set20\u_mand_factor_0.6.py,u_mand_factor,20,u_mand_factor,0.6,2,8,5,0.6,0.5,0.7,0.6,1.2,0.4,103.040006,80,25,110.399999,147.200008,52.902857,1,1,1020,0,heuristic_v3,solved,1,56.79913,102.947496,0.551729,0.0119,,
u_mand_factor\set20\u_mand_factor_0.7.py,u_mand_factor,20,u_mand_factor,0.7,2,8,5,0.7,0.5,0.7,0.6,1.4,0.3,109.480002,80,25,128.800002,156.400002,61.720001,1,1,1020,0,heuristic_v4,solved,1,32.416481,109.457262,0.296157,0.023,,
u_mand_factor\set20\u_mand_factor_0.7.py,u_mand_factor,20,u_mand_factor,0.7,2,8,5,0.7,0.5,0.7,0.6,1.4,0.3,109.480002,80,25,128.800002,156.400002,61.720001,1,1,1020,0,heuristic_v3,solved,1,29.258568,108.892593,0.268692,0.0066,,
u_mand_factor\set20\u_mand_factor_0.8.py,u_mand_factor,20,u_mand_factor,0.8,2,8,5,0.8,0.5,0.7,0.6,1.6,0.2,115.91999,80,25,147.199997,165.599986,70.537141,1,1,1020,0,heuristic_v4,infeasible,0,,121.271303,,0.0231,,over budget: E=121.2713 > B=115.9200
u_mand_factor\set20\u_mand_factor_0.8.py,u_mand_factor,20,u_mand_factor,0.8,2,8,5,0.8,0.5,0.7,0.6,1.6,0.2,115.91999,80,25,147.199997,165.599986,70.537141,1,1,1020,0,heuristic_v3,infeasible,0,,121.271303,,0.0255,,over budget: E=121.2713 > B=115.9200
u_mand_factor\set20\u_mand_factor_0.9.py,u_mand_factor,20,u_mand_factor,0.9,2,8,5,0.9,0.5,0.7,0.6,1.8,0.1,122.359999,80,25,165.600002,174.799999,79.354287,1,1,1020,0,heuristic_v4,infeasible,0,,152.000056,,0.0128,,over budget: E=152.0001 > B=122.3600
u_mand_factor\set20\u_mand_factor_0.9.py,u_mand_factor,20,u_mand_factor,0.9,2,8,5,0.9,0.5,0.7,0.6,1.8,0.1,122.359999,80,25,165.600002,174.799999,79.354287,1,1,1020,0,heuristic_v3,infeasible,0,,152.000056,,0.0133,,over budget: E=152.0001 > B=122.3600
u_mand_factor\set21\u_mand_factor_0.1.py,u_mand_factor,21,u_mand_factor,0.1,2,8,5,0.1,0.5,0.7,0.6,0.2,0.9,70.839998,80,20,18.399994,101.199998,8.559997,1,0,1021,0,heuristic_v4,solved,1,235.192006,67.099998,3.505097,0.0041,,
u_mand_factor\set21\u_mand_factor_0.1.py,u_mand_factor,21,u_mand_factor,0.1,2,8,5,0.1,0.5,0.7,0.6,0.2,0.9,70.839998,80,20,18.399994,101.199998,8.559997,1,0,1021,0,heuristic_v3,solved,1,235.192006,67.099998,3.505097,0.004,,
u_mand_factor\set21\u_mand_factor_0.2.py,u_mand_factor,21,u_mand_factor,0.2,2,8,5,0.2,0.5,0.7,0.6,0.4,0.8,77.279996,80,20,36.8,110.399994,17.12,1,0,1021,0,heuristic_v4,solved,1,255.740749,73.199996,3.493726,0.0038,,
u_mand_factor\set21\u_mand_factor_0.2.py,u_mand_factor,21,u_mand_factor,0.2,2,8,5,0.2,0.5,0.7,0.6,0.4,0.8,77.279996,80,20,36.8,110.399994,17.12,1,0,1021,0,heuristic_v3,solved,1,255.740749,73.199996,3.493726,0.0035,,
u_mand_factor\set21\u_mand_factor_0.3.py,u_mand_factor,21,u_mand_factor,0.3,2,8,5,0.3,0.5,0.7,0.6,0.6,0.7,83.720005,80,20,55.199995,119.600007,25.679998,1,1,1021,0,heuristic_v4,solved,1,214.771159,83.578423,2.569696,0.0041,,
u_mand_factor\set21\u_mand_factor_0.3.py,u_mand_factor,21,u_mand_factor,0.3,2,8,5,0.3,0.5,0.7,0.6,0.6,0.7,83.720005,80,20,55.199995,119.600007,25.679998,1,1,1021,0,heuristic_v3,solved,1,214.771159,83.578423,2.569696,0.0039,,
u_mand_factor\set21\u_mand_factor_0.4.py,u_mand_factor,21,u_mand_factor,0.4,2,8,5,0.4,0.5,0.7,0.6,0.8,0.6,90.160001,80,20,73.600001,128.800001,34.240001,1,1,1021,0,heuristic_v4,solved,1,152.81586,89.976844,1.698391,0.0069,,
u_mand_factor\set21\u_mand_factor_0.4.py,u_mand_factor,21,u_mand_factor,0.4,2,8,5,0.4,0.5,0.7,0.6,0.8,0.6,90.160001,80,20,73.600001,128.800001,34.240001,1,1,1021,0,heuristic_v3,solved,1,152.81586,89.976844,1.698391,0.0071,,
u_mand_factor\set21\u_mand_factor_0.5.py,u_mand_factor,21,u_mand_factor,0.5,2,8,5,0.5,0.5,0.7,0.6,1.0,0.5,96.599992,80,20,91.999994,137.999989,42.799997,1,1,1021,0,heuristic_v4,solved,1,116.275598,96.428696,1.205819,0.0059,,
u_mand_factor\set21\u_mand_factor_0.5.py,u_mand_factor,21,u_mand_factor,0.5,2,8,5,0.5,0.5,0.7,0.6,1.0,0.5,96.599992,80,20,91.999994,137.999989,42.799997,1,1,1021,0,heuristic_v3,solved,1,116.275598,96.428696,1.205819,0.0066,,
u_mand_factor\set21\u_mand_factor_0.6.py,u_mand_factor,21,u_mand_factor,0.6,2,8,5,0.6,0.5,0.7,0.6,1.2,0.4,103.040002,80,20,110.4,147.200002,51.36,1,1,1021,0,heuristic_v4,solved,1,64.097355,102.528824,0.625164,0.0048,,
u_mand_factor\set21\u_mand_factor_0.6.py,u_mand_factor,21,u_mand_factor,0.6,2,8,5,0.6,0.5,0.7,0.6,1.2,0.4,103.040002,80,20,110.4,147.200002,51.36,1,1,1021,0,heuristic_v3,solved,1,64.097355,102.528824,0.625164,0.0046,,
u_mand_factor\set21\u_mand_factor_0.7.py,u_mand_factor,21,u_mand_factor,0.7,2,8,5,0.7,0.5,0.7,0.6,1.4,0.3,109.479998,80,20,128.799997,156.399997,59.919998,1,1,1021,0,heuristic_v4,solved,1,33.536276,108.49045,0.309117,0.0075,,
u_mand_factor\set21\u_mand_factor_0.7.py,u_mand_factor,21,u_mand_factor,0.7,2,8,5,0.7,0.5,0.7,0.6,1.4,0.3,109.479998,80,20,128.799997,156.399997,59.919998,1,1,1021,0,heuristic_v3,solved,1,33.532146,108.487327,0.309088,0.0044,,
u_mand_factor\set21\u_mand_factor_0.8.py,u_mand_factor,21,u_mand_factor,0.8,2,8,5,0.8,0.5,0.7,0.6,1.6,0.2,115.919998,80,20,147.200003,165.599998,68.480002,1,1,1021,0,heuristic_v4,infeasible,0,,120.429222,,0.0124,,over budget: E=120.4292 > B=115.9200
u_mand_factor\set21\u_mand_factor_0.8.py,u_mand_factor,21,u_mand_factor,0.8,2,8,5,0.8,0.5,0.7,0.6,1.6,0.2,115.919998,80,20,147.200003,165.599998,68.480002,1,1,1021,0,heuristic_v3,infeasible,0,,120.429222,,0.0123,,over budget: E=120.4292 > B=115.9200
u_mand_factor\set21\u_mand_factor_0.9.py,u_mand_factor,21,u_mand_factor,0.9,2,8,5,0.9,0.5,0.7,0.6,1.8,0.1,122.360002,80,20,165.599997,174.800002,77.039998,1,1,1021,0,heuristic_v4,infeasible,0,,147.55041,,0.0098,,over budget: E=147.5504 > B=122.3600
u_mand_factor\set21\u_mand_factor_0.9.py,u_mand_factor,21,u_mand_factor,0.9,2,8,5,0.9,0.5,0.7,0.6,1.8,0.1,122.360002,80,20,165.599997,174.800002,77.039998,1,1,1021,0,heuristic_v3,infeasible,0,,147.55041,,0.0101,,over budget: E=147.5504 > B=122.3600
u_mand_factor\set22\u_mand_factor_0.1.py,u_mand_factor,22,u_mand_factor,0.1,2,8,5,0.1,0.5,0.7,0.6,0.2,0.9,70.84,80,30,18.399999,101.2,8.559999,1,0,1022,0,heuristic_v4,solved,1,223.41974,70.51896,3.168222,0.0103,,
u_mand_factor\set22\u_mand_factor_0.1.py,u_mand_factor,22,u_mand_factor,0.1,2,8,5,0.1,0.5,0.7,0.6,0.2,0.9,70.84,80,30,18.399999,101.2,8.559999,1,0,1022,0,heuristic_v3,solved,1,221.237238,70.297813,3.147143,0.008,,
u_mand_factor\set22\u_mand_factor_0.2.py,u_mand_factor,22,u_mand_factor,0.2,2,8,5,0.2,0.5,0.7,0.6,0.4,0.8,77.279997,80,30,36.799993,110.399995,17.119997,1,0,1022,0,heuristic_v4,solved,1,168.063448,76.320805,2.202066,0.0081,,
u_mand_factor\set22\u_mand_factor_0.2.py,u_mand_factor,22,u_mand_factor,0.2,2,8,5,0.2,0.5,0.7,0.6,0.4,0.8,77.279997,80,30,36.799993,110.399995,17.119997,1,0,1022,0,heuristic_v3,solved,1,168.063448,76.320805,2.202066,0.0085,,
u_mand_factor\set22\u_mand_factor_0.3.py,u_mand_factor,22,u_mand_factor,0.3,2,8,5,0.3,0.5,0.7,0.6,0.6,0.7,83.719992,80,30,55.199992,119.599988,25.679996,1,1,1022,0,heuristic_v4,solved,1,156.055298,83.54128,1.868002,0.0092,,
u_mand_factor\set22\u_mand_factor_0.3.py,u_mand_factor,22,u_mand_factor,0.3,2,8,5,0.3,0.5,0.7,0.6,0.6,0.7,83.719992,80,30,55.199992,119.599988,25.679996,1,1,1022,0,heuristic_v3,solved,1,154.851383,83.2655,1.85973,0.0084,,
u_mand_factor\set22\u_mand_factor_0.4.py,u_mand_factor,22,u_mand_factor,0.4,2,8,5,0.4,0.5,0.7,0.6,0.8,0.6,90.160006,80,30,73.600005,128.800008,34.240002,1,1,1022,0,heuristic_v4,solved,1,130.305078,89.368803,1.45806,0.0235,,
u_mand_factor\set22\u_mand_factor_0.4.py,u_mand_factor,22,u_mand_factor,0.4,2,8,5,0.4,0.5,0.7,0.6,0.8,0.6,90.160006,80,30,73.600005,128.800008,34.240002,1,1,1022,0,heuristic_v3,solved,1,126.055864,89.629348,1.406413,0.0103,,
u_mand_factor\set22\u_mand_factor_0.5.py,u_mand_factor,22,u_mand_factor,0.5,2,8,5,0.5,0.5,0.7,0.6,1.0,0.5,96.600005,80,30,91.999999,138.000007,42.799999,1,1,1022,0,heuristic_v4,solved,1,95.40935,96.568538,0.987996,0.0225,,
u_mand_factor\set22\u_mand_factor_0.5.py,u_mand_factor,22,u_mand_factor,0.5,2,8,5,0.5,0.5,0.7,0.6,1.0,0.5,96.600005,80,30,91.999999,138.000007,42.799999,1,1,1022,0,heuristic_v3,solved,1,86.524999,96.106054,0.900307,0.0092,,
u_mand_factor\set22\u_mand_factor_0.6.py,u_mand_factor,22,u_mand_factor,0.6,2,8,5,0.6,0.5,0.7,0.6,1.2,0.4,103.040002,80,30,110.400002,147.200002,51.360001,1,1,1022,0,heuristic_v4,solved,1,57.200713,101.982298,0.560889,0.0141,,
u_mand_factor\set22\u_mand_factor_0.6.py,u_mand_factor,22,u_mand_factor,0.6,2,8,5,0.6,0.5,0.7,0.6,1.2,0.4,103.040002,80,30,110.400002,147.200002,51.360001,1,1,1022,0,heuristic_v3,solved,1,56.85578,101.977366,0.557533,0.0103,,
u_mand_factor\set22\u_mand_factor_0.7.py,u_mand_factor,22,u_mand_factor,0.7,2,8,5,0.7,0.5,0.7,0.6,1.4,0.3,109.480001,80,30,128.800006,156.400001,59.920003,1,1,1022,0,heuristic_v4,solved,1,15.004249,109.090808,0.137539,0.0121,,
u_mand_factor\set22\u_mand_factor_0.7.py,u_mand_factor,22,u_mand_factor,0.7,2,8,5,0.7,0.5,0.7,0.6,1.4,0.3,109.480001,80,30,128.800006,156.400001,59.920003,1,1,1022,0,heuristic_v3,solved,1,15.004249,109.090808,0.137539,0.0063,,
u_mand_factor\set22\u_mand_factor_0.8.py,u_mand_factor,22,u_mand_factor,0.8,2,8,5,0.8,0.5,0.7,0.6,1.6,0.2,115.919993,80,30,147.199999,165.59999,68.479999,1,1,1022,0,heuristic_v4,infeasible,0,,121.533076,,0.0319,,over budget: E=121.5331 > B=115.9200
u_mand_factor\set22\u_mand_factor_0.8.py,u_mand_factor,22,u_mand_factor,0.8,2,8,5,0.8,0.5,0.7,0.6,1.6,0.2,115.919993,80,30,147.199999,165.59999,68.479999,1,1,1022,0,heuristic_v3,infeasible,0,,121.533076,,0.0307,,over budget: E=121.5331 > B=115.9200
u_mand_factor\set22\u_mand_factor_0.9.py,u_mand_factor,22,u_mand_factor,0.9,2,8,5,0.9,0.5,0.7,0.6,1.8,0.1,122.360002,80,30,165.599995,174.800002,77.039998,1,1,1022,0,heuristic_v4,infeasible,0,,153.148728,,0.0274,,over budget: E=153.1487 > B=122.3600
u_mand_factor\set22\u_mand_factor_0.9.py,u_mand_factor,22,u_mand_factor,0.9,2,8,5,0.9,0.5,0.7,0.6,1.8,0.1,122.360002,80,30,165.599995,174.800002,77.039998,1,1,1022,0,heuristic_v3,infeasible,0,,153.148728,,0.0271,,over budget: E=153.1487 > B=122.3600
u_mand_factor\set23\u_mand_factor_0.1.py,u_mand_factor,23,u_mand_factor,0.1,2,8,5,0.1,0.5,0.7,0.6,0.2,0.9,70.840005,80,28,18.399997,101.200007,8.559998,1,0,1023,0,heuristic_v4,solved,1,234.115274,69.851875,3.351596,0.0143,,
u_mand_factor\set23\u_mand_factor_0.1.py,u_mand_factor,23,u_mand_factor,0.1,2,8,5,0.1,0.5,0.7,0.6,0.2,0.9,70.840005,80,28,18.399997,101.200007,8.559998,1,0,1023,0,heuristic_v3,solved,1,234.115274,69.851875,3.351596,0.0139,,
u_mand_factor\set23\u_mand_factor_0.2.py,u_mand_factor,23,u_mand_factor,0.2,2,8,5,0.2,0.5,0.7,0.6,0.4,0.8,77.279999,80,28,36.8,110.399999,17.12,1,0,1023,0,heuristic_v4,solved,1,209.869407,76.126287,2.756859,0.0157,,
u_mand_factor\set23\u_mand_factor_0.2.py,u_mand_factor,23,u_mand_factor,0.2,2,8,5,0.2,0.5,0.7,0.6,0.4,0.8,77.279999,80,28,36.8,110.399999,17.12,1,0,1023,0,heuristic_v3,solved,1,209.869407,76.126287,2.756859,0.0136,,
u_mand_factor\set23\u_mand_factor_0.3.py,u_mand_factor,23,u_mand_factor,0.3,2,8,5,0.3,0.5,0.7,0.6,0.6,0.7,83.720002,80,28,55.199998,119.600003,25.679999,1,1,1023,0,heuristic_v4,solved,1,192.293149,83.709359,2.297152,0.0108,,
u_mand_factor\set23\u_mand_factor_0.3.py,u_mand_factor,23,u_mand_factor,0.3,2,8,5,0.3,0.5,0.7,0.6,0.6,0.7,83.720002,80,28,55.199998,119.600003,25.679999,1,1,1023,0,heuristic_v3,solved,1,192.293149,83.709359,2.297152,0.0102,,
u_mand_factor\set23\u_mand_factor_0.4.py,u_mand_factor,23,u_mand_factor,0.4,2,8,5,0.4,0.5,0.7,0.6,0.8,0.6,90.16001,80,28,73.600002,128.800015,34.240001,1,1,1023,0,heuristic_v4,solved,1,166.234011,88.283818,1.88295,0.0132,,
u_mand_factor\set23\u_mand_factor_0.4.py,u_mand_factor,23,u_mand_factor,0.4,2,8,5,0.4,0.5,0.7,0.6,0.8,0.6,90.16001,80,28,73.600002,128.800015,34.240001,1,1,1023,0,heuristic_v3,solved,1,166.234011,88.283818,1.88295,0.0145,,
u_mand_factor\set23\u_mand_factor_0.5.py,u_mand_factor,23,u_mand_factor,0.5,2,8,5,0.5,0.5,0.7,0.6,1.0,0.5,96.600006,80,28,91.999999,138.000008,42.799999,1,1,1023,0,heuristic_v4,solved,1,124.156409,96.138638,1.291431,0.0139,,
u_mand_factor\set23\u_mand_factor_0.5.py,u_mand_factor,23,u_mand_factor,0.5,2,8,5,0.5,0.5,0.7,0.6,1.0,0.5,96.600006,80,28,91.999999,138.000008,42.799999,1,1,1023,0,heuristic_v3,solved,1,124.156409,96.138638,1.291431,0.0204,,
u_mand_factor\set23\u_mand_factor_0.6.py,u_mand_factor,23,u_mand_factor,0.6,2,8,5,0.6,0.5,0.7,0.6,1.2,0.4,103.039996,80,28,110.399995,147.199994,51.359998,1,1,1023,0,heuristic_v4,solved,1,80.662528,102.426697,0.787515,0.0154,,
u_mand_factor\set23\u_mand_factor_0.6.py,u_mand_factor,23,u_mand_factor,0.6,2,8,5,0.6,0.5,0.7,0.6,1.2,0.4,103.039996,80,28,110.399995,147.199994,51.359998,1,1,1023,0,heuristic_v3,solved,1,80.662528,102.426697,0.787515,0.014,,
u_mand_factor\set23\u_mand_factor_0.7.py,u_mand_factor,23,u_mand_factor,0.7,2,8,5,0.7,0.5,0.7,0.6,1.4,0.3,109.479998,80,28,128.799999,156.399998,59.919999,1,1,1023,0,heuristic_v4,solved,1,41.923567,109.095129,0.384284,0.0169,,
u_mand_factor\set23\u_mand_factor_0.7.py,u_mand_factor,23,u_mand_factor,0.7,2,8,5,0.7,0.5,0.7,0.6,1.4,0.3,109.479998,80,28,128.799999,156.399998,59.919999,1,1,1023,0,heuristic_v3,solved,1,41.923567,109.095129,0.384284,0.0172,,
u_mand_factor\set23\u_mand_factor_0.8.py,u_mand_factor,23,u_mand_factor,0.8,2,8,5,0.8,0.5,0.7,0.6,1.6,0.2,115.920003,80,28,147.199998,165.600005,68.479999,1,1,1023,0,heuristic_v4,solved,1,12.797198,115.917256,0.110399,0.0413,,
u_mand_factor\set23\u_mand_factor_0.8.py,u_mand_factor,23,u_mand_factor,0.8,2,8,5,0.8,0.5,0.7,0.6,1.6,0.2,115.920003,80,28,147.199998,165.600005,68.479999,1,1,1023,0,heuristic_v3,solved,1,12.739318,115.906064,0.109911,0.0314,,
u_mand_factor\set23\u_mand_factor_0.9.py,u_mand_factor,23,u_mand_factor,0.9,2,8,5,0.9,0.5,0.7,0.6,1.8,0.1,122.359998,80,28,165.600002,174.799998,77.040001,1,1,1023,0,heuristic_v4,infeasible,0,,,,0.0,,
u_mand_factor\set23\u_mand_factor_0.9.py,u_mand_factor,23,u_mand_factor,0.9,2,8,5,0.9,0.5,0.7,0.6,1.8,0.1,122.359998,80,28,165.600002,174.799998,77.040001,1,1,1023,0,heuristic_v3,infeasible,0,,,,0.0,,
u_mand_factor\set24\u_mand_factor_0.1.py,u_mand_factor,24,u_mand_factor,0.1,2,8,5,0.1,0.5,0.7,0.6,0.2,0.9,70.83999,80,21,18.399995,101.199986,9.203634,1,0,1024,0,heuristic_v4,solved,1,285.386925,64.965484,4.392901,0.0024,,
u_mand_factor\set24\u_mand_factor_0.1.py,u_mand_factor,24,u_mand_factor,0.1,2,8,5,0.1,0.5,0.7,0.6,0.2,0.9,70.83999,80,21,18.399995,101.199986,9.203634,1,0,1024,0,heuristic_v3,solved,1,285.386925,64.965484,4.392901,0.0023,,
u_mand_factor\set24\u_mand_factor_0.2.py,u_mand_factor,24,u_mand_factor,0.2,2,8,5,0.2,0.5,0.7,0.6,0.4,0.8,77.280006,80,21,36.800005,110.400008,18.407275,1,0,1024,0,heuristic_v4,solved,1,228.767467,73.744502,3.102163,0.0038,,
u_mand_factor\set24\u_mand_factor_0.2.py,u_mand_factor,24,u_mand_factor,0.2,2,8,5,0.2,0.5,0.7,0.6,0.4,0.8,77.280006,80,21,36.800005,110.400008,18.407275,1,0,1024,0,heuristic_v3,solved,1,228.767467,73.744502,3.102163,0.0032,,
u_mand_factor\set24\u_mand_factor_0.3.py,u_mand_factor,24,u_mand_factor,0.3,2,8,5,0.3,0.5,0.7,0.6,0.6,0.7,83.719998,80,21,55.2,119.599998,27.610909,1,1,1024,0,heuristic_v4,solved,1,182.767202,82.512857,2.215015,0.0055,,
u_mand_factor\set24\u_mand_factor_0.3.py,u_mand_factor,24,u_mand_factor,0.3,2,8,5,0.3,0.5,0.7,0.6,0.6,0.7,83.719998,80,21,55.2,119.599998,27.610909,1,1,1024,0,heuristic_v3,solved,1,182.539074,82.454565,2.213814,0.0076,,
u_mand_factor\set24\u_mand_factor_0.4.py,u_mand_factor,24,u_mand_factor,0.4,2,8,5,0.4,0.5,0.7,0.6,0.8,0.6,90.159995,80,21,73.599999,128.799993,36.814545,1,1,1024,0,heuristic_v4,solved,1,171.5519,90.127779,1.90343,0.0072,,
u_mand_factor\set24\u_mand_factor_0.4.py,u_mand_factor,24,u_mand_factor,0.4,2,8,5,0.4,0.5,0.7,0.6,0.8,0.6,90.159995,80,21,73.599999,128.799993,36.814545,1,1,1024,0,heuristic_v3,solved,1,171.5519,90.127779,1.90343,0.0037,,
u_mand_factor\set24\u_mand_factor_0.5.py,u_mand_factor,24,u_mand_factor,0.5,2,8,5,0.5,0.5,0.7,0.6,1.0,0.5,96.600001,80,21,91.999998,138.000001,46.018181,1,1,1024,0,heuristic_v4,solved,1,149.969364,96.577387,1.552841,0.0049,,
u_mand_factor\set24\u_mand_factor_0.5.py,u_mand_factor,24,u_mand_factor,0.5,2,8,5,0.5,0.5,0.7,0.6,1.0,0.5,96.600001,80,21,91.999998,138.000001,46.018181,1,1,1024,0,heuristic_v3,solved,1,149.969364,96.577387,1.552841,0.0049,,
u_mand_factor\set24\u_mand_factor_0.6.py,u_mand_factor,24,u_mand_factor,0.6,2,8,5,0.6,0.5,0.7,0.6,1.2,0.4,103.04,80,21,110.400001,147.2,55.221819,1,1,1024,0,heuristic_v4,solved,1,81.111826,102.562155,0.790855,0.0043,,
u_mand_factor\set24\u_mand_factor_0.6.py,u_mand_factor,24,u_mand_factor,0.6,2,8,5,0.6,0.5,0.7,0.6,1.2,0.4,103.04,80,21,110.400001,147.2,55.221819,1,1,1024,0,heuristic_v3,solved,1,80.776742,102.323591,0.789424,0.003,,
u_mand_factor\set24\u_mand_factor_0.7.py,u_mand_factor,24,u_mand_factor,0.7,2,8,5,0.7,0.5,0.7,0.6,1.4,0.3,109.480001,80,21,128.799998,156.400001,64.425453,1,1,1024,0,heuristic_v4,solved,1,36.2221,109.208104,0.33168,0.0077,,
u_mand_factor\set24\u_mand_factor_0.7.py,u_mand_factor,24,u_mand_factor,0.7,2,8,5,0.7,0.5,0.7,0.6,1.4,0.3,109.480001,80,21,128.799998,156.400001,64.425453,1,1,1024,0,heuristic_v3,solved,1,36.169341,109.164721,0.331328,0.0065,,
u_mand_factor\set24\u_mand_factor_0.8.py,u_mand_factor,24,u_mand_factor,0.8,2,8,5,0.8,0.5,0.7,0.6,1.6,0.2,115.91999,80,21,147.199995,165.599985,73.629089,1,1,1024,0,heuristic_v4,infeasible,0,,119.893172,,0.0053,,over budget: E=119.8932 > B=115.9200
u_mand_factor\set24\u_mand_factor_0.8.py,u_mand_factor,24,u_mand_factor,0.8,2,8,5,0.8,0.5,0.7,0.6,1.6,0.2,115.91999,80,21,147.199995,165.599985,73.629089,1,1,1024,0,heuristic_v3,infeasible,0,,119.893172,,0.0054,,over budget: E=119.8932 > B=115.9200
u_mand_factor\set24\u_mand_factor_0.9.py,u_mand_factor,24,u_mand_factor,0.9,2,8,5,0.9,0.5,0.7,0.6,1.8,0.1,122.360006,80,21,165.600002,174.800009,82.832728,1,1,1024,0,heuristic_v4,infeasible,0,,150.988903,,0.0077,,over budget: E=150.9889 > B=122.3600
u_mand_factor\set24\u_mand_factor_0.9.py,u_mand_factor,24,u_mand_factor,0.9,2,8,5,0.9,0.5,0.7,0.6,1.8,0.1,122.360006,80,21,165.600002,174.800009,82.832728,1,1,1024,0,heuristic_v3,infeasible,0,,150.988903,,0.008,,over budget: E=150.9889 > B=122.3600
u_mand_factor\set25\u_mand_factor_0.1.py,u_mand_factor,25,u_mand_factor,0.1,2,8,5,0.1,0.5,0.7,0.6,0.2,0.9,70.840002,80,23,18.399999,101.200002,8.573333,1,0,1025,0,heuristic_v4,solved,1,195.837973,63.003614,3.108361,0.0051,,
u_mand_factor\set25\u_mand_factor_0.1.py,u_mand_factor,25,u_mand_factor,0.1,2,8,5,0.1,0.5,0.7,0.6,0.2,0.9,70.840002,80,23,18.399999,101.200002,8.573333,1,0,1025,0,heuristic_v3,solved,1,195.837973,63.003614,3.108361,0.0052,,
u_mand_factor\set25\u_mand_factor_0.2.py,u_mand_factor,25,u_mand_factor,0.2,2,8,5,0.2,0.5,0.7,0.6,0.4,0.8,77.279998,80,23,36.800003,110.399998,17.146668,1,0,1025,0,heuristic_v4,solved,1,197.368021,75.698013,2.607308,0.005,,
u_mand_factor\set25\u_mand_factor_0.2.py,u_mand_factor,25,u_mand_factor,0.2,2,8,5,0.2,0.5,0.7,0.6,0.4,0.8,77.279998,80,23,36.800003,110.399998,17.146668,1,0,1025,0,heuristic_v3,solved,1,197.368021,75.698013,2.607308,0.0049,,
u_mand_factor\set25\u_mand_factor_0.3.py,u_mand_factor,25,u_mand_factor,0.3,2,8,5,0.3,0.5,0.7,0.6,0.6,0.7,83.720003,80,23,55.200001,119.600005,25.720001,1,1,1025,0,heuristic_v4,solved,1,166.24862,82.906294,2.005259,0.005,,
u_mand_factor\set25\u_mand_factor_0.3.py,u_mand_factor,25,u_mand_factor,0.3,2,8,5,0.3,0.5,0.7,0.6,0.6,0.7,83.720003,80,23,55.200001,119.600005,25.720001,1,1,1025,0,heuristic_v3,solved,1,166.24862,82.906294,2.005259,0.0043,,
u_mand_factor\set25\u_mand_factor_0.4.py,u_mand_factor,25,u_mand_factor,0.4,2,8,5,0.4,0.5,0.7,0.6,0.8,0.6,90.159996,80,23,73.599997,128.799994,34.293332,1,1,1025,0,heuristic_v4,solved,1,127.567611,87.179671,1.463272,0.0053,,
u_mand_factor\set25\u_mand_factor_0.4.py,u_mand_factor,25,u_mand_factor,0.4,2,8,5,0.4,0.5,0.7,0.6,0.8,0.6,90.159996,80,23,73.599997,128.799994,34.293332,1,1,1025,0,heuristic_v3,solved,1,127.567611,87.179671,1.463272,0.0046,,
u_mand_factor\set25\u_mand_factor_0.5.py,u_mand_factor,25,u_mand_factor,0.5,2,8,5,0.5,0.5,0.7,0.6,1.0,0.5,96.6,80,23,91.999995,138.0,42.866665,1,1,1025,0,heuristic_v4,solved,1,103.634432,96.562189,1.07324,0.0079,,
u_mand_factor\set25\u_mand_factor_0.5.py,u_mand_factor,25,u_mand_factor,0.5,2,8,5,0.5,0.5,0.7,0.6,1.0,0.5,96.6,80,23,91.999995,138.0,42.866665,1,1,1025,0,heuristic_v3,solved,1,103.039275,96.484796,1.067933,0.0069,,
u_mand_factor\set25\u_mand_factor_0.6.py,u_mand_factor,25,u_mand_factor,0.6,2,8,5,0.6,0.5,0.7,0.6,1.2,0.4,103.040009,80,23,110.400007,147.200013,51.440003,1,1,1025,0,heuristic_v4,solved,1,63.659435,103.020929,0.617927,0.0231,,
u_mand_factor\set25\u_mand_factor_0.6.py,u_mand_factor,25,u_mand_factor,0.6,2,8,5,0.6,0.5,0.7,0.6,1.2,0.4,103.040009,80,23,110.400007,147.200013,51.440003,1,1,1025,0,heuristic_v3,solved,1,62.861462,103.028516,0.610137,0.0085,,
u_mand_factor\set25\u_mand_factor_0.7.py,u_mand_factor,25,u_mand_factor,0.7,2,8,5,0.7,0.5,0.7,0.6,1.4,0.3,109.480004,80,23,128.799999,156.400006,60.013333,1,1,1025,0,heuristic_v4,solved,1,21.223768,109.410909,0.193982,0.0091,,
u_mand_factor\set25\u_mand_factor_0.7.py,u_mand_factor,25,u_mand_factor,0.7,2,8,5,0.7,0.5,0.7,0.6,1.4,0.3,109.480004,80,23,128.799999,156.400006,60.013333,1,1,1025,0,heuristic_v3,solved,1,21.223768,109.410909,0.193982,0.0081,,
u_mand_factor\set25\u_mand_factor_0.8.py,u_mand_factor,25,u_mand_factor,0.8,2,8,5,0.8,0.5,0.7,0.6,1.6,0.2,115.920002,80,23,147.200001,165.600003,68.586667,1,1,1025,0,heuristic_v4,infeasible,0,,122.065478,,0.0103,,over budget: E=122.0655 > B=115.9200
u_mand_factor\set25\u_mand_factor_0.8.py,u_mand_factor,25,u_mand_factor,0.8,2,8,5,0.8,0.5,0.7,0.6,1.6,0.2,115.920002,80,23,147.200001,165.600003,68.586667,1,1,1025,0,heuristic_v3,infeasible,0,,122.065478,,0.0132,,over budget: E=122.0655 > B=115.9200
u_mand_factor\set25\u_mand_factor_0.9.py,u_mand_factor,25,u_mand_factor,0.9,2,8,5,0.9,0.5,0.7,0.6,1.8,0.1,122.359995,80,23,165.599997,174.799993,77.159998,1,1,1025,0,heuristic_v4,infeasible,0,,,,0.0,,
u_mand_factor\set25\u_mand_factor_0.9.py,u_mand_factor,25,u_mand_factor,0.9,2,8,5,0.9,0.5,0.7,0.6,1.8,0.1,122.359995,80,23,165.599997,174.799993,77.159998,1,1,1025,0,heuristic_v3,infeasible,0,,,,0.0,,
u_mand_factor\set26\u_mand_factor_0.1.py,u_mand_factor,26,u_mand_factor,0.1,2,8,5,0.1,0.5,0.7,0.6,0.2,0.9,70.840001,80,27,18.399999,101.200001,8.799999,1,0,1026,0,heuristic_v4,solved,1,287.570742,70.533018,4.077108,0.0088,,
u_mand_factor\set26\u_mand_factor_0.1.py,u_mand_factor,26,u_mand_factor,0.1,2,8,5,0.1,0.5,0.7,0.6,0.2,0.9,70.840001,80,27,18.399999,101.200001,8.799999,1,0,1026,0,heuristic_v3,solved,1,287.570742,70.533018,4.077108,0.0128,,
u_mand_factor\set26\u_mand_factor_0.2.py,u_mand_factor,26,u_mand_factor,0.2,2,8,5,0.2,0.5,0.7,0.6,0.4,0.8,77.279997,80,27,36.800002,110.399995,17.600001,1,0,1026,0,heuristic_v4,solved,1,247.7248,76.596671,3.234146,0.0084,,
u_mand_factor\set26\u_mand_factor_0.2.py,u_mand_factor,26,u_mand_factor,0.2,2,8,5,0.2,0.5,0.7,0.6,0.4,0.8,77.279997,80,27,36.800002,110.399995,17.600001,1,0,1026,0,heuristic_v3,solved,1,247.7248,76.596671,3.234146,0.0088,,
u_mand_factor\set26\u_mand_factor_0.3.py,u_mand_factor,26,u_mand_factor,0.3,2,8,5,0.3,0.5,0.7,0.6,0.6,0.7,83.719987,80,27,55.199992,119.599982,26.399996,1,1,1026,0,heuristic_v4,solved,1,235.897763,83.430657,2.827471,0.0086,,
u_mand_factor\set26\u_mand_factor_0.3.py,u_mand_factor,26,u_mand_factor,0.3,2,8,5,0.3,0.5,0.7,0.6,0.6,0.7,83.719987,80,27,55.199992,119.599982,26.399996,1,1,1026,0,heuristic_v3,solved,1,235.897763,83.430657,2.827471,0.0096,,
u_mand_factor\set26\u_mand_factor_0.4.py,u_mand_factor,26,u_mand_factor,0.4,2,8,5,0.4,0.5,0.7,0.6,0.8,0.6,90.160006,80,27,73.600001,128.800008,35.200001,1,1,1026,0,heuristic_v4,solved,1,205.634601,88.054099,2.335321,0.01,,
u_mand_factor\set26\u_mand_factor_0.4.py,u_mand_factor,26,u_mand_factor,0.4,2,8,5,0.4,0.5,0.7,0.6,0.8,0.6,90.160006,80,27,73.600001,128.800008,35.200001,1,1,1026,0,heuristic_v3,solved,1,205.634601,88.054099,2.335321,0.0098,,
u_mand_factor\set26\u_mand_factor_0.5.py,u_mand_factor,26,u_mand_factor,0.5,2,8,5,0.5,0.5,0.7,0.6,1.0,0.5,96.599998,80,27,92.000007,137.999998,44.000003,1,1,1026,0,heuristic_v4,solved,1,159.455549,96.342038,1.655098,0.0227,,
u_mand_factor\set26\u_mand_factor_0.5.py,u_mand_factor,26,u_mand_factor,0.5,2,8,5,0.5,0.5,0.7,0.6,1.0,0.5,96.599998,80,27,92.000007,137.999998,44.000003,1,1,1026,0,heuristic_v3,solved,1,152.531608,96.439981,1.581622,0.0173,,
u_mand_factor\set26\u_mand_factor_0.6.py,u_mand_factor,26,u_mand_factor,0.6,2,8,5,0.6,0.5,0.7,0.6,1.2,0.4,103.040002,80,27,110.400005,147.200003,52.800002,1,1,1026,0,heuristic_v4,solved,1,106.328783,102.923641,1.033084,0.0238,,
u_mand_factor\set26\u_mand_factor_0.6.py,u_mand_factor,26,u_mand_factor,0.6,2,8,5,0.6,0.5,0.7,0.6,1.2,0.4,103.040002,80,27,110.400005,147.200003,52.800002,1,1,1026,0,heuristic_v3,solved,1,102.934658,102.805266,1.001259,0.0102,,
u_mand_factor\set26\u_mand_factor_0.7.py,u_mand_factor,26,u_mand_factor,0.7,2,8,5,0.7,0.5,0.7,0.6,1.4,0.3,109.480004,80,27,128.800003,156.400006,61.600002,1,1,1026,0,heuristic_v4,solved,1,52.467564,109.469202,0.479291,0.0461,,
u_mand_factor\set26\u_mand_factor_0.7.py,u_mand_factor,26,u_mand_factor,0.7,2,8,5,0.7,0.5,0.7,0.6,1.4,0.3,109.480004,80,27,128.800003,156.400006,61.600002,1,1,1026,0,heuristic_v3,solved,1,48.297817,108.467802,0.445273,0.0086,,
u_mand_factor\set26\u_mand_factor_0.8.py,u_mand_factor,26,u_mand_factor,0.8,2,8,5,0.8,0.5,0.7,0.6,1.6,0.2,115.920005,80,27,147.2,165.600007,70.4,1,1,1026,0,heuristic_v4,infeasible,0,,118.953741,,0.0465,,over budget: E=118.9537 > B=115.9200
u_mand_factor\set26\u_mand_factor_0.8.py,u_mand_factor,26,u_mand_factor,0.8,2,8,5,0.8,0.5,0.7,0.6,1.6,0.2,115.920005,80,27,147.2,165.600007,70.4,1,1,1026,0,heuristic_v3,infeasible,0,,118.953741,,0.0428,,over budget: E=118.9537 > B=115.9200
u_mand_factor\set26\u_mand_factor_0.9.py,u_mand_factor,26,u_mand_factor,0.9,2,8,5,0.9,0.5,0.7,0.6,1.8,0.1,122.360003,80,27,165.6,174.800005,79.2,1,1,1026,0,heuristic_v4,infeasible,0,,151.731041,,0.0403,,over budget: E=151.7310 > B=122.3600
u_mand_factor\set26\u_mand_factor_0.9.py,u_mand_factor,26,u_mand_factor,0.9,2,8,5,0.9,0.5,0.7,0.6,1.8,0.1,122.360003,80,27,165.6,174.800005,79.2,1,1,1026,0,heuristic_v3,infeasible,0,,151.731041,,0.039,,over budget: E=151.7310 > B=122.3600
u_mand_factor\set27\u_mand_factor_0.1.py,u_mand_factor,27,u_mand_factor,0.1,2,8,5,0.1,0.5,0.7,0.6,0.2,0.9,70.840001,80,40,18.400001,101.200001,8.817143,1,0,1027,0,heuristic_v4,solved,1,248.906324,70.592537,3.525958,0.0185,,
u_mand_factor\set27\u_mand_factor_0.1.py,u_mand_factor,27,u_mand_factor,0.1,2,8,5,0.1,0.5,0.7,0.6,0.2,0.9,70.840001,80,40,18.400001,101.200001,8.817143,1,0,1027,0,heuristic_v3,solved,1,248.906324,70.592537,3.525958,0.0178,,
u_mand_factor\set27\u_mand_factor_0.2.py,u_mand_factor,27,u_mand_factor,0.2,2,8,5,0.2,0.5,0.7,0.6,0.4,0.8,77.279995,80,40,36.800003,110.399993,17.634287,1,0,1027,0,heuristic_v4,solved,1,196.609013,77.123778,2.549266,0.0164,,
u_mand_factor\set27\u_mand_factor_0.2.py,u_mand_factor,27,u_mand_factor,0.2,2,8,5,0.2,0.5,0.7,0.6,0.4,0.8,77.279995,80,40,36.800003,110.399993,17.634287,1,0,1027,0,heuristic_v3,solved,1,196.609013,77.123778,2.549266,0.015,,
u_mand_factor\set27\u_mand_factor_0.3.py,u_mand_factor,27,u_mand_factor,0.3,2,8,5,0.3,0.5,0.7,0.6,0.6,0.7,83.720007,80,40,55.199999,119.60001,26.451428,1,1,1027,0,heuristic_v4,solved,1,176.508365,81.851299,2.156452,0.016,,
u_mand_factor\set27\u_mand_factor_0.3.py,u_mand_factor,27,u_mand_factor,0.3,2,8,5,0.3,0.5,0.7,0.6,0.6,0.7,83.720007,80,40,55.199999,119.60001,26.451428,1,1,1027,0,heuristic_v3,solved,1,176.508365,81.851299,2.156452,0.0165,,
u_mand_factor\set27\u_mand_factor_0.4.py,u_mand_factor,27,u_mand_factor,0.4,2,8,5,0.4,0.5,0.7,0.6,0.8,0.6,90.16001,80,40,73.599993,128.800014,35.268568,1,1,1027,0,heuristic_v4,solved,1,145.537961,90.107966,1.615151,0.019,,
u_mand_factor\set27\u_mand_factor_0.4.py,u_mand_factor,27,u_mand_factor,0.4,2,8,5,0.4,0.5,0.7,0.6,0.8,0.6,90.16001,80,40,73.599993,128.800014,35.268568,1,1,1027,0,heuristic_v3,solved,1,143.930436,90.121615,1.597069,0.0142,,
u_mand_factor\set27\u_mand_factor_0.5.py,u_mand_factor,27,u_mand_factor,0.5,2,8,5,0.5,0.5,0.7,0.6,1.0,0.5,96.600006,80,40,92.000005,138.000008,44.085716,1,1,1027,0,heuristic_v4,solved,1,123.570953,96.425978,1.281511,0.0633,,
u_mand_factor\set27\u_mand_factor_0.5.py,u_mand_factor,27,u_mand_factor,0.5,2,8,5,0.5,0.5,0.7,0.6,1.0,0.5,96.600006,80,40,92.000005,138.000008,44.085716,1,1,1027,0,heuristic_v3,solved,1,118.570317,94.019554,1.261124,0.0205,,
u_mand_factor\set27\u_mand_factor_0.6.py,u_mand_factor,27,u_mand_factor,0.6,2,8,5,0.6,0.5,0.7,0.6,1.2,0.4,103.03999,80,40,110.400006,147.199985,52.90286,1,1,1027,0,heuristic_v4,solved,1,88.299459,102.994525,0.857322,0.0257,,
u_mand_factor\set27\u_mand_factor_0.6.py,u_mand_factor,27,u_mand_factor,0.6,2,8,5,0.6,0.5,0.7,0.6,1.2,0.4,103.03999,80,40,110.400006,147.199985,52.90286,1,1,1027,0,heuristic_v3,solved,1,88.299459,102.994525,0.857322,0.0237,,
u_mand_factor\set27\u_mand_factor_0.7.py,u_mand_factor,27,u_mand_factor,0.7,2,8,5,0.7,0.5,0.7,0.6,1.4,0.3,109.48,80,40,128.799999,156.4,61.719999,1,1,1027,0,heuristic_v4,solved,1,49.75336,108.40745,0.458948,0.0626,,
u_mand_factor\set27\u_mand_factor_0.7.py,u_mand_factor,27,u_mand_factor,0.7,2,8,5,0.7,0.5,0.7,0.6,1.4,0.3,109.48,80,40,128.799999,156.4,61.719999,1,1,1027,0,heuristic_v3,solved,1,49.004766,107.787726,0.454641,0.0182,,
u_mand_factor\set27\u_mand_factor_0.8.py,u_mand_factor,27,u_mand_factor,0.8,2,8,5,0.8,0.5,0.7,0.6,1.6,0.2,115.920006,80,40,147.200005,165.600009,70.537145,1,1,1027,0,heuristic_v4,solved,1,1.446834,115.912757,0.012482,0.0371,,
u_mand_factor\set27\u_mand_factor_0.8.py,u_mand_factor,27,u_mand_factor,0.8,2,8,5,0.8,0.5,0.7,0.6,1.6,0.2,115.920006,80,40,147.200005,165.600009,70.537145,1,1,1027,0,heuristic_v3,solved,1,1.446834,115.912757,0.012482,0.0392,,
u_mand_factor\set27\u_mand_factor_0.9.py,u_mand_factor,27,u_mand_factor,0.9,2,8,5,0.9,0.5,0.7,0.6,1.8,0.1,122.359991,80,40,165.599993,174.799987,79.354282,1,1,1027,0,heuristic_v4,infeasible,0,,149.291435,,0.0511,,over budget: E=149.2914 > B=122.3600
u_mand_factor\set27\u_mand_factor_0.9.py,u_mand_factor,27,u_mand_factor,0.9,2,8,5,0.9,0.5,0.7,0.6,1.8,0.1,122.359991,80,40,165.599993,174.799987,79.354282,1,1,1027,0,heuristic_v3,infeasible,0,,149.291435,,0.0525,,over budget: E=149.2914 > B=122.3600
u_mand_factor\set28\u_mand_factor_0.1.py,u_mand_factor,28,u_mand_factor,0.1,2,8,5,0.1,0.5,0.7,0.6,0.2,0.9,70.839998,80,23,18.399998,101.199997,8.799999,1,0,1028,0,heuristic_v4,solved,1,219.274477,70.045335,3.130465,0.0038,,
u_mand_factor\set28\u_mand_factor_0.1.py,u_mand_factor,28,u_mand_factor,0.1,2,8,5,0.1,0.5,0.7,0.6,0.2,0.9,70.839998,80,23,18.399998,101.199997,8.799999,1,0,1028,0,heuristic_v3,solved,1,219.274477,70.045335,3.130465,0.0036,,
u_mand_factor\set28\u_mand_factor_0.2.py,u_mand_factor,28,u_mand_factor,0.2,2,8,5,0.2,0.5,0.7,0.6,0.4,0.8,77.279998,80,23,36.8,110.399998,17.6,1,0,1028,0,heuristic_v4,solved,1,146.79534,76.876526,1.909495,0.0069,,
u_mand_factor\set28\u_mand_factor_0.2.py,u_mand_factor,28,u_mand_factor,0.2,2,8,5,0.2,0.5,0.7,0.6,0.4,0.8,77.279998,80,23,36.8,110.399998,17.6,1,0,1028,0,heuristic_v3,solved,1,146.73896,76.814483,1.910303,0.0055,,
u_mand_factor\set28\u_mand_factor_0.3.py,u_mand_factor,28,u_mand_factor,0.3,2,8,5,0.3,0.5,0.7,0.6,0.6,0.7,83.719998,80,23,55.199995,119.599998,26.399998,1,1,1028,0,heuristic_v4,solved,1,110.646708,83.626117,1.323112,0.0103,,
u_mand_factor\set28\u_mand_factor_0.3.py,u_mand_factor,28,u_mand_factor,0.3,2,8,5,0.3,0.5,0.7,0.6,0.6,0.7,83.719998,80,23,55.199995,119.599998,26.399998,1,1,1028,0,heuristic_v3,solved,1,109.264529,83.637072,1.306413,0.0062,,
u_mand_factor\set28\u_mand_factor_0.4.py,u_mand_factor,28,u_mand_factor,0.4,2,8,5,0.4,0.5,0.7,0.6,0.8,0.6,90.160004,80,23,73.600001,128.800006,35.200001,1,1,1028,0,heuristic_v4,solved,1,87.443938,90.119664,0.970309,0.0094,,
u_mand_factor\set28\u_mand_factor_0.4.py,u_mand_factor,28,u_mand_factor,0.4,2,8,5,0.4,0.5,0.7,0.6,0.8,0.6,90.160004,80,23,73.600001,128.800006,35.200001,1,1,1028,0,heuristic_v3,solved,1,86.209691,89.628887,0.961852,0.0055,,
u_mand_factor\set28\u_mand_factor_0.5.py,u_mand_factor,28,u_mand_factor,0.5,2,8,5,0.5,0.5,0.7,0.6,1.0,0.5,96.599995,80,23,91.999995,137.999993,43.999998,1,1,1028,0,heuristic_v4,solved,1,73.968332,96.57628,0.765906,0.0119,,
u_mand_factor\set28\u_mand_factor_0.5.py,u_mand_factor,28,u_mand_factor,0.5,2,8,5,0.5,0.5,0.7,0.6,1.0,0.5,96.599995,80,23,91.999995,137.999993,43.999998,1,1,1028,0,heuristic_v3,solved,1,63.209181,95.573488,0.661367,0.0042,,
u_mand_factor\set28\u_mand_factor_0.6.py,u_mand_factor,28,u_mand_factor,0.6,2,8,5,0.6,0.5,0.7,0.6,1.2,0.4,103.040001,80,23,110.4,147.200001,52.8,1,1,1028,0,heuristic_v4,solved,1,53.75002,103.034959,0.521668,0.0086,,
u_mand_factor\set28\u_mand_factor_0.6.py,u_mand_factor,28,u_mand_factor,0.6,2,8,5,0.6,0.5,0.7,0.6,1.2,0.4,103.040001,80,23,110.4,147.200001,52.8,1,1,1028,0,heuristic_v3,solved,1,53.074583,102.986573,0.515354,0.0053,,
u_mand_factor\set28\u_mand_factor_0.7.py,u_mand_factor,28,u_mand_factor,0.7,2,8,5,0.7,0.5,0.7,0.6,1.4,0.3,109.48,80,23,128.8,156.4,61.6,1,1,1028,0,heuristic_v4,solved,1,38.748968,109.269262,0.354619,0.0083,,
u_mand_factor\set28\u_mand_factor_0.7.py,u_mand_factor,28,u_mand_factor,0.7,2,8,5,0.7,0.5,0.7,0.6,1.4,0.3,109.48,80,23,128.8,156.4,61.6,1,1,1028,0,heuristic_v3,solved,1,38.730567,109.261768,0.354475,0.0073,,
u_mand_factor\set28\u_mand_factor_0.8.py,u_mand_factor,28,u_mand_factor,0.8,2,8,5,0.8,0.5,0.7,0.6,1.6,0.2,115.920009,80,23,147.2,165.600013,70.4,1,1,1028,0,heuristic_v4,infeasible,0,,116.271675,,0.0137,,over budget: E=116.2717 > B=115.9200
u_mand_factor\set28\u_mand_factor_0.8.py,u_mand_factor,28,u_mand_factor,0.8,2,8,5,0.8,0.5,0.7,0.6,1.6,0.2,115.920009,80,23,147.2,165.600013,70.4,1,1,1028,0,heuristic_v3,infeasible,0,,116.271675,,0.0136,,over budget: E=116.2717 > B=115.9200
u_mand_factor\set28\u_mand_factor_0.9.py,u_mand_factor,28,u_mand_factor,0.9,2,8,5,0.9,0.5,0.7,0.6,1.8,0.1,122.36,80,23,165.600002,174.8,79.200001,1,1,1028,0,heuristic_v4,infeasible,0,,,,0.0,,
u_mand_factor\set28\u_mand_factor_0.9.py,u_mand_factor,28,u_mand_factor,0.9,2,8,5,0.9,0.5,0.7,0.6,1.8,0.1,122.36,80,23,165.600002,174.8,79.200001,1,1,1028,0,heuristic_v3,infeasible,0,,,,0.0,,
u_mand_factor\set29\u_mand_factor_0.1.py,u_mand_factor,29,u_mand_factor,0.1,2,8,5,0.1,0.5,0.7,0.6,0.2,0.9,70.84,80,21,18.399998,101.2,8.799999,1,0,1029,0,heuristic_v4,solved,1,210.693643,69.151773,3.046829,0.0043,,
u_mand_factor\set29\u_mand_factor_0.1.py,u_mand_factor,29,u_mand_factor,0.1,2,8,5,0.1,0.5,0.7,0.6,0.2,0.9,70.84,80,21,18.399998,101.2,8.799999,1,0,1029,0,heuristic_v3,solved,1,210.693643,69.151773,3.046829,0.0026,,
u_mand_factor\set29\u_mand_factor_0.2.py,u_mand_factor,29,u_mand_factor,0.2,2,8,5,0.2,0.5,0.7,0.6,0.4,0.8,77.279994,80,21,36.799997,110.399991,17.599998,1,0,1029,0,heuristic_v4,solved,1,202.447038,75.250014,2.690326,0.0034,,
u_mand_factor\set29\u_mand_factor_0.2.py,u_mand_factor,29,u_mand_factor,0.2,2,8,5,0.2,0.5,0.7,0.6,0.4,0.8,77.279994,80,21,36.799997,110.399991,17.599998,1,0,1029,0,heuristic_v3,solved,1,202.447038,75.250014,2.690326,0.0028,,
u_mand_factor\set29\u_mand_factor_0.3.py,u_mand_factor,29,u_mand_factor,0.3,2,8,5,0.3,0.5,0.7,0.6,0.6,0.7,83.720008,80,21,55.200005,119.600011,26.400002,1,1,1029,0,heuristic_v4,solved,1,165.95813,83.115075,1.996727,0.0038,,
u_mand_factor\set29\u_mand_factor_0.3.py,u_mand_factor,29,u_mand_factor,0.3,2,8,5,0.3,0.5,0.7,0.6,0.6,0.7,83.720008,80,21,55.200005,119.600011,26.400002,1,1,1029,0,heuristic_v3,solved,1,165.95813,83.115075,1.996727,0.0031,,
u_mand_factor\set29\u_mand_factor_0.4.py,u_mand_factor,29,u_mand_factor,0.4,2,8,5,0.4,0.5,0.7,0.6,0.8,0.6,90.16,80,21,73.600001,128.8,35.200001,1,1,1029,0,heuristic_v4,solved,1,124.501663,89.366544,1.393157,0.0035,,
u_mand_factor\set29\u_mand_factor_0.4.py,u_mand_factor,29,u_mand_factor,0.4,2,8,5,0.4,0.5,0.7,0.6,0.8,0.6,90.16,80,21,73.600001,128.8,35.200001,1,1,1029,0,heuristic_v3,solved,1,124.501663,89.366544,1.393157,0.0031,,
u_mand_factor\set29\u_mand_factor_0.5.py,u_mand_factor,29,u_mand_factor,0.5,2,8,5,0.5,0.5,0.7,0.6,1.0,0.5,96.600003,80,21,91.999999,138.000005,43.999999,1,1,1029,0,heuristic_v4,solved,1,96.084366,95.727753,1.003725,0.0026,,
u_mand_factor\set29\u_mand_factor_0.5.py,u_mand_factor,29,u_mand_factor,0.5,2,8,5,0.5,0.5,0.7,0.6,1.0,0.5,96.600003,80,21,91.999999,138.000005,43.999999,1,1,1029,0,heuristic_v3,solved,1,96.084366,95.727753,1.003725,0.0025,,
u_mand_factor\set29\u_mand_factor_0.6.py,u_mand_factor,29,u_mand_factor,0.6,2,8,5,0.6,0.5,0.7,0.6,1.2,0.4,103.039998,80,21,110.399998,147.199997,52.799999,1,1,1029,0,heuristic_v4,solved,1,35.414235,102.249422,0.346351,0.0036,,
u_mand_factor\set29\u_mand_factor_0.6.py,u_mand_factor,29,u_mand_factor,0.6,2,8,5,0.6,0.5,0.7,0.6,1.2,0.4,103.039998,80,21,110.399998,147.199997,52.799999,1,1,1029,0,heuristic_v3,solved,1,35.414235,102.249422,0.346351,0.0035,,
u_mand_factor\set29\u_mand_factor_0.7.py,u_mand_factor,29,u_mand_factor,0.7,2,8,5,0.7,0.5,0.7,0.6,1.4,0.3,109.48,80,21,128.8,156.4,61.6,1,1,1029,0,heuristic_v4,solved,1,22.617968,108.176471,0.209084,0.0076,,
u_mand_factor\set29\u_mand_factor_0.7.py,u_mand_factor,29,u_mand_factor,0.7,2,8,5,0.7,0.5,0.7,0.6,1.4,0.3,109.48,80,21,128.8,156.4,61.6,1,1,1029,0,heuristic_v3,solved,1,22.617968,108.176471,0.209084,0.0039,,
u_mand_factor\set29\u_mand_factor_0.8.py,u_mand_factor,29,u_mand_factor,0.8,2,8,5,0.8,0.5,0.7,0.6,1.6,0.2,115.919999,80,21,147.199998,165.599999,70.399999,1,1,1029,0,heuristic_v4,infeasible,0,,121.462604,,0.0118,,over budget: E=121.4626 > B=115.9200
u_mand_factor\set29\u_mand_factor_0.8.py,u_mand_factor,29,u_mand_factor,0.8,2,8,5,0.8,0.5,0.7,0.6,1.6,0.2,115.919999,80,21,147.199998,165.599999,70.399999,1,1,1029,0,heuristic_v3,infeasible,0,,121.462604,,0.0109,,over budget: E=121.4626 > B=115.9200
u_mand_factor\set29\u_mand_factor_0.9.py,u_mand_factor,29,u_mand_factor,0.9,2,8,5,0.9,0.5,0.7,0.6,1.8,0.1,122.360005,80,21,165.6,174.800007,79.2,1,1,1029,0,heuristic_v4,infeasible,0,,,,0.0,,
u_mand_factor\set29\u_mand_factor_0.9.py,u_mand_factor,29,u_mand_factor,0.9,2,8,5,0.9,0.5,0.7,0.6,1.8,0.1,122.360005,80,21,165.6,174.800007,79.2,1,1,1029,0,heuristic_v3,infeasible,0,,,,0.0,,
u_mand_factor\set30\u_mand_factor_0.1.py,u_mand_factor,30,u_mand_factor,0.1,2,8,5,0.1,0.5,0.7,0.6,0.2,0.9,70.840001,80,26,18.400002,101.200001,8.560001,1,0,1030,0,heuristic_v4,solved,1,197.276683,66.759123,2.955052,0.0075,,
u_mand_factor\set30\u_mand_factor_0.1.py,u_mand_factor,30,u_mand_factor,0.1,2,8,5,0.1,0.5,0.7,0.6,0.2,0.9,70.840001,80,26,18.400002,101.200001,8.560001,1,0,1030,0,heuristic_v3,solved,1,197.276683,66.759123,2.955052,0.0074,,
u_mand_factor\set30\u_mand_factor_0.2.py,u_mand_factor,30,u_mand_factor,0.2,2,8,5,0.2,0.5,0.7,0.6,0.4,0.8,77.28,80,26,36.799999,110.4,17.119999,1,0,1030,0,heuristic_v4,solved,1,182.789173,73.2,2.49712,0.007,,
u_mand_factor\set30\u_mand_factor_0.2.py,u_mand_factor,30,u_mand_factor,0.2,2,8,5,0.2,0.5,0.7,0.6,0.4,0.8,77.28,80,26,36.799999,110.4,17.119999,1,0,1030,0,heuristic_v3,solved,1,182.789173,73.2,2.49712,0.006,,
u_mand_factor\set30\u_mand_factor_0.3.py,u_mand_factor,30,u_mand_factor,0.3,2,8,5,0.3,0.5,0.7,0.6,0.6,0.7,83.719999,80,26,55.200003,119.599999,25.680002,1,1,1030,0,heuristic_v4,solved,1,160.916498,79.299999,2.029212,0.0065,,
u_mand_factor\set30\u_mand_factor_0.3.py,u_mand_factor,30,u_mand_factor,0.3,2,8,5,0.3,0.5,0.7,0.6,0.6,0.7,83.719999,80,26,55.200003,119.599999,25.680002,1,1,1030,0,heuristic_v3,solved,1,160.916498,79.299999,2.029212,0.006,,
u_mand_factor\set30\u_mand_factor_0.4.py,u_mand_factor,30,u_mand_factor,0.4,2,8,5,0.4,0.5,0.7,0.6,0.8,0.6,90.160005,80,26,73.600003,128.800007,34.240002,1,1,1030,0,heuristic_v4,solved,1,137.815488,85.400005,1.613764,0.0069,,
u_mand_factor\set30\u_mand_factor_0.4.py,u_mand_factor,30,u_mand_factor,0.4,2,8,5,0.4,0.5,0.7,0.6,0.8,0.6,90.160005,80,26,73.600003,128.800007,34.240002,1,1,1030,0,heuristic_v3,solved,1,137.815488,85.400005,1.613764,0.0068,,
u_mand_factor\set30\u_mand_factor_0.5.py,u_mand_factor,30,u_mand_factor,0.5,2,8,5,0.5,0.5,0.7,0.6,1.0,0.5,96.6,80,26,91.999999,138.0,42.799999,1,1,1030,0,heuristic_v4,solved,1,102.209018,96.557775,1.058527,0.0077,,
u_mand_factor\set30\u_mand_factor_0.5.py,u_mand_factor,30,u_mand_factor,0.5,2,8,5,0.5,0.5,0.7,0.6,1.0,0.5,96.6,80,26,91.999999,138.0,42.799999,1,1,1030,0,heuristic_v3,solved,1,102.209018,96.557775,1.058527,0.0072,,
u_mand_factor\set30\u_mand_factor_0.6.py,u_mand_factor,30,u_mand_factor,0.6,2,8,5,0.6,0.5,0.7,0.6,1.2,0.4,103.039997,80,26,110.399994,147.199995,51.359997,1,1,1030,0,heuristic_v4,solved,1,51.265047,103.019143,0.497626,0.0155,,
u_mand_factor\set30\u_mand_factor_0.6.py,u_mand_factor,30,u_mand_factor,0.6,2,8,5,0.6,0.5,0.7,0.6,1.2,0.4,103.039997,80,26,110.399994,147.199995,51.359997,1,1,1030,0,heuristic_v3,solved,1,51.177554,102.997326,0.496882,0.013,,
u_mand_factor\set30\u_mand_factor_0.7.py,u_mand_factor,30,u_mand_factor,0.7,2,8,5,0.7,0.5,0.7,0.6,1.4,0.3,109.479998,80,26,128.799998,156.399997,59.919999,1,1,1030,0,heuristic_v4,solved,1,34.789131,109.410108,0.31797,0.0084,,
u_mand_factor\set30\u_mand_factor_0.7.py,u_mand_factor,30,u_mand_factor,0.7,2,8,5,0.7,0.5,0.7,0.6,1.4,0.3,109.479998,80,26,128.799998,156.399997,59.919999,1,1,1030,0,heuristic_v3,solved,1,34.789131,109.410108,0.31797,0.0065,,
u_mand_factor\set30\u_mand_factor_0.8.py,u_mand_factor,30,u_mand_factor,0.8,2,8,5,0.8,0.5,0.7,0.6,1.6,0.2,115.920008,80,26,147.2,165.600012,68.48,1,1,1030,0,heuristic_v4,infeasible,0,,120.740095,,0.0282,,over budget: E=120.7401 > B=115.9200
u_mand_factor\set30\u_mand_factor_0.8.py,u_mand_factor,30,u_mand_factor,0.8,2,8,5,0.8,0.5,0.7,0.6,1.6,0.2,115.920008,80,26,147.2,165.600012,68.48,1,1,1030,0,heuristic_v3,infeasible,0,,120.740095,,0.0276,,over budget: E=120.7401 > B=115.9200
u_mand_factor\set30\u_mand_factor_0.9.py,u_mand_factor,30,u_mand_factor,0.9,2,8,5,0.9,0.5,0.7,0.6,1.8,0.1,122.359999,80,26,165.600001,174.799999,77.040001,1,1,1030,0,heuristic_v4,infeasible,0,,148.15357,,0.0289,,over budget: E=148.1536 > B=122.3600
u_mand_factor\set30\u_mand_factor_0.9.py,u_mand_factor,30,u_mand_factor,0.9,2,8,5,0.9,0.5,0.7,0.6,1.8,0.1,122.359999,80,26,165.600001,174.799999,77.040001,1,1,1030,0,heuristic_v3,infeasible,0,,148.15357,,0.034,,over budget: E=148.1536 > B=122.3600
u_mand_factor\set31\u_mand_factor_0.1.py,u_mand_factor,31,u_mand_factor,0.1,2,8,5,0.1,0.5,0.7,0.6,0.2,0.9,70.840006,80,29,18.399995,101.200008,9.439998,1,0,1031,0,heuristic_v4,solved,1,236.977624,69.979934,3.386365,0.0161,,
u_mand_factor\set31\u_mand_factor_0.1.py,u_mand_factor,31,u_mand_factor,0.1,2,8,5,0.1,0.5,0.7,0.6,0.2,0.9,70.840006,80,29,18.399995,101.200008,9.439998,1,0,1031,0,heuristic_v3,solved,1,236.977624,69.979934,3.386365,0.0115,,
u_mand_factor\set31\u_mand_factor_0.2.py,u_mand_factor,31,u_mand_factor,0.2,2,8,5,0.2,0.5,0.7,0.6,0.4,0.8,77.280002,80,29,36.800005,110.400003,18.880002,1,0,1031,0,heuristic_v4,solved,1,220.873629,76.084823,2.902992,0.0085,,
u_mand_factor\set31\u_mand_factor_0.2.py,u_mand_factor,31,u_mand_factor,0.2,2,8,5,0.2,0.5,0.7,0.6,0.4,0.8,77.280002,80,29,36.800005,110.400003,18.880002,1,0,1031,0,heuristic_v3,solved,1,220.873629,76.084823,2.902992,0.0081,,
u_mand_factor\set31\u_mand_factor_0.3.py,u_mand_factor,31,u_mand_factor,0.3,2,8,5,0.3,0.5,0.7,0.6,0.6,0.7,83.72001,80,29,55.200002,119.600015,28.320001,1,1,1031,0,heuristic_v4,solved,1,229.64757,83.589619,2.747322,0.0091,,
u_mand_factor\set31\u_mand_factor_0.3.py,u_mand_factor,31,u_mand_factor,0.3,2,8,5,0.3,0.5,0.7,0.6,0.6,0.7,83.72001,80,29,55.200002,119.600015,28.320001,1,1,1031,0,heuristic_v3,solved,1,229.64757,83.589619,2.747322,0.0087,,
u_mand_factor\set31\u_mand_factor_0.4.py,u_mand_factor,31,u_mand_factor,0.4,2,8,5,0.4,0.5,0.7,0.6,0.8,0.6,90.159999,80,29,73.600002,128.799999,37.760001,1,1,1031,0,heuristic_v4,solved,1,197.712331,88.994856,2.221615,0.0091,,
u_mand_factor\set31\u_mand_factor_0.4.py,u_mand_factor,31,u_mand_factor,0.4,2,8,5,0.4,0.5,0.7,0.6,0.8,0.6,90.159999,80,29,73.600002,128.799999,37.760001,1,1,1031,0,heuristic_v3,solved,1,197.712331,88.994856,2.221615,0.0123,,
u_mand_factor\set31\u_mand_factor_0.5.py,u_mand_factor,31,u_mand_factor,0.5,2,8,5,0.5,0.5,0.7,0.6,1.0,0.5,96.599992,80,29,91.999997,137.999988,47.199998,1,1,1031,0,heuristic_v4,solved,1,163.724756,96.382388,1.6987,0.0126,,
u_mand_factor\set31\u_mand_factor_0.5.py,u_mand_factor,31,u_mand_factor,0.5,2,8,5,0.5,0.5,0.7,0.6,1.0,0.5,96.599992,80,29,91.999997,137.999988,47.199998,1,1,1031,0,heuristic_v3,solved,1,163.724756,96.382388,1.6987,0.0131,,
u_mand_factor\set31\u_mand_factor_0.6.py,u_mand_factor,31,u_mand_factor,0.6,2,8,5,0.6,0.5,0.7,0.6,1.2,0.4,103.039998,80,29,110.399998,147.199998,56.639999,1,1,1031,0,heuristic_v4,solved,1,114.70773,103.032808,1.113313,0.0257,,
u_mand_factor\set31\u_mand_factor_0.6.py,u_mand_factor,31,u_mand_factor,0.6,2,8,5,0.6,0.5,0.7,0.6,1.2,0.4,103.039998,80,29,110.399998,147.199998,56.639999,1,1,1031,0,heuristic_v3,solved,1,114.146357,103.017591,1.108028,0.0134,,
u_mand_factor\set31\u_mand_factor_0.7.py,u_mand_factor,31,u_mand_factor,0.7,2,8,5,0.7,0.5,0.7,0.6,1.4,0.3,109.479997,80,29,128.799998,156.399995,66.079999,1,1,1031,0,heuristic_v4,solved,1,59.424999,109.396377,0.543208,0.0247,,
u_mand_factor\set31\u_mand_factor_0.7.py,u_mand_factor,31,u_mand_factor,0.7,2,8,5,0.7,0.5,0.7,0.6,1.4,0.3,109.479997,80,29,128.799998,156.399995,66.079999,1,1,1031,0,heuristic_v3,solved,1,57.696634,109.416015,0.527314,0.0143,,
u_mand_factor\set31\u_mand_factor_0.8.py,u_mand_factor,31,u_mand_factor,0.8,2,8,5,0.8,0.5,0.7,0.6,1.6,0.2,115.919988,80,29,147.199994,165.599983,75.519997,1,1,1031,0,heuristic_v4,solved,1,17.279895,115.90638,0.149085,0.1084,,
u_mand_factor\set31\u_mand_factor_0.8.py,u_mand_factor,31,u_mand_factor,0.8,2,8,5,0.8,0.5,0.7,0.6,1.6,0.2,115.919988,80,29,147.199994,165.599983,75.519997,1,1,1031,0,heuristic_v3,solved,1,14.057073,115.895361,0.121291,0.0136,,
u_mand_factor\set31\u_mand_factor_0.9.py,u_mand_factor,31,u_mand_factor,0.9,2,8,5,0.9,0.5,0.7,0.6,1.8,0.1,122.359998,80,29,165.59999,174.799997,84.959995,1,1,1031,0,heuristic_v4,infeasible,0,,,,0.0,,
u_mand_factor\set31\u_mand_factor_0.9.py,u_mand_factor,31,u_mand_factor,0.9,2,8,5,0.9,0.5,0.7,0.6,1.8,0.1,122.359998,80,29,165.59999,174.799997,84.959995,1,1,1031,0,heuristic_v3,infeasible,0,,,,0.0,,
u_mand_factor\set32\u_mand_factor_0.1.py,u_mand_factor,32,u_mand_factor,0.1,2,8,5,0.1,0.5,0.7,0.6,0.2,0.9,70.840008,80,26,18.399999,101.200012,8.559999,1,0,1032,0,heuristic_v4,solved,1,247.323212,70.764186,3.495034,0.0074,,
u_mand_factor\set32\u_mand_factor_0.1.py,u_mand_factor,32,u_mand_factor,0.1,2,8,5,0.1,0.5,0.7,0.6,0.2,0.9,70.840008,80,26,18.399999,101.200012,8.559999,1,0,1032,0,heuristic_v3,solved,1,247.323212,70.764186,3.495034,0.0073,,
u_mand_factor\set32\u_mand_factor_0.2.py,u_mand_factor,32,u_mand_factor,0.2,2,8,5,0.2,0.5,0.7,0.6,0.4,0.8,77.280001,80,26,36.800002,110.400001,17.120001,1,0,1032,0,heuristic_v4,solved,1,213.448987,77.118,2.767823,0.0089,,
u_mand_factor\set32\u_mand_factor_0.2.py,u_mand_factor,32,u_mand_factor,0.2,2,8,5,0.2,0.5,0.7,0.6,0.4,0.8,77.280001,80,26,36.800002,110.400001,17.120001,1,0,1032,0,heuristic_v3,solved,1,213.448987,77.118,2.767823,0.0069,,
u_mand_factor\set32\u_mand_factor_0.3.py,u_mand_factor,32,u_mand_factor,0.3,2,8,5,0.3,0.5,0.7,0.6,0.6,0.7,83.720004,80,26,55.200002,119.600006,25.680001,1,1,1032,0,heuristic_v4,solved,1,197.583529,83.5072,2.366066,0.0077,,
u_mand_factor\set32\u_mand_factor_0.3.py,u_mand_factor,32,u_mand_factor,0.3,2,8,5,0.3,0.5,0.7,0.6,0.6,0.7,83.720004,80,26,55.200002,119.600006,25.680001,1,1,1032,0,heuristic_v3,solved,1,197.583529,83.5072,2.366066,0.0084,,
u_mand_factor\set32\u_mand_factor_0.4.py,u_mand_factor,32,u_mand_factor,0.4,2,8,5,0.4,0.5,0.7,0.6,0.8,0.6,90.160005,80,26,73.600006,128.800007,34.240003,1,1,1032,0,heuristic_v4,solved,1,172.683751,89.507265,1.929271,0.017,,
u_mand_factor\set32\u_mand_factor_0.4.py,u_mand_factor,32,u_mand_factor,0.4,2,8,5,0.4,0.5,0.7,0.6,0.8,0.6,90.160005,80,26,73.600006,128.800007,34.240003,1,1,1032,0,heuristic_v3,solved,1,163.869991,89.228062,1.83653,0.0087,,
u_mand_factor\set32\u_mand_factor_0.5.py,u_mand_factor,32,u_mand_factor,0.5,2,8,5,0.5,0.5,0.7,0.6,1.0,0.5,96.600005,80,26,92.000001,138.000007,42.800001,1,1,1032,0,heuristic_v4,solved,1,134.15985,95.901788,1.39893,0.034,,
u_mand_factor\set32\u_mand_factor_0.5.py,u_mand_factor,32,u_mand_factor,0.5,2,8,5,0.5,0.5,0.7,0.6,1.0,0.5,96.600005,80,26,92.000001,138.000007,42.800001,1,1,1032,0,heuristic_v3,solved,1,119.62578,95.379545,1.254208,0.0099,,
u_mand_factor\set32\u_mand_factor_0.6.py,u_mand_factor,32,u_mand_factor,0.6,2,8,5,0.6,0.5,0.7,0.6,1.2,0.4,103.040005,80,26,110.400005,147.200007,51.360002,1,1,1032,0,heuristic_v4,solved,1,89.976755,102.984657,0.873691,0.0232,,
u_mand_factor\set32\u_mand_factor_0.6.py,u_mand_factor,32,u_mand_factor,0.6,2,8,5,0.6,0.5,0.7,0.6,1.2,0.4,103.040005,80,26,110.400005,147.200007,51.360002,1,1,1032,0,heuristic_v3,solved,1,81.691385,102.961351,0.793418,0.0143,,
u_mand_factor\set32\u_mand_factor_0.7.py,u_mand_factor,32,u_mand_factor,0.7,2,8,5,0.7,0.5,0.7,0.6,1.4,0.3,109.480002,80,26,128.800006,156.400003,59.920003,1,1,1032,0,heuristic_v4,solved,1,43.89424,109.154804,0.402128,0.0201,,
u_mand_factor\set32\u_mand_factor_0.7.py,u_mand_factor,32,u_mand_factor,0.7,2,8,5,0.7,0.5,0.7,0.6,1.4,0.3,109.480002,80,26,128.800006,156.400003,59.920003,1,1,1032,0,heuristic_v3,solved,1,43.880171,109.1491,0.40202,0.0131,,
u_mand_factor\set32\u_mand_factor_0.8.py,u_mand_factor,32,u_mand_factor,0.8,2,8,5,0.8,0.5,0.7,0.6,1.6,0.2,115.919998,80,26,147.199994,165.599998,68.479997,1,1,1032,0,heuristic_v4,solved,1,8.837785,115.907635,0.076249,0.0177,,
u_mand_factor\set32\u_mand_factor_0.8.py,u_mand_factor,32,u_mand_factor,0.8,2,8,5,0.8,0.5,0.7,0.6,1.6,0.2,115.919998,80,26,147.199994,165.599998,68.479997,1,1,1032,0,heuristic_v3,solved,1,8.837785,115.907635,0.076249,0.0159,,
u_mand_factor\set32\u_mand_factor_0.9.py,u_mand_factor,32,u_mand_factor,0.9,2,8,5,0.9,0.5,0.7,0.6,1.8,0.1,122.359995,80,26,165.599994,174.799993,77.039997,1,1,1032,0,heuristic_v4,infeasible,0,,146.204113,,0.0252,,over budget: E=146.2041 > B=122.3600
u_mand_factor\set32\u_mand_factor_0.9.py,u_mand_factor,32,u_mand_factor,0.9,2,8,5,0.9,0.5,0.7,0.6,1.8,0.1,122.359995,80,26,165.599994,174.799993,77.039997,1,1,1032,0,heuristic_v3,infeasible,0,,146.204113,,0.0306,,over budget: E=146.2041 > B=122.3600
u_mand_factor\set33\u_mand_factor_0.1.py,u_mand_factor,33,u_mand_factor,0.1,2,8,5,0.1,0.5,0.7,0.6,0.2,0.9,70.840002,80,36,18.4,101.200003,8.573333,1,0,1033,0,heuristic_v4,solved,1,218.595633,70.775427,3.088581,0.013,,
u_mand_factor\set33\u_mand_factor_0.1.py,u_mand_factor,33,u_mand_factor,0.1,2,8,5,0.1,0.5,0.7,0.6,0.2,0.9,70.840002,80,36,18.4,101.200003,8.573333,1,0,1033,0,heuristic_v3,solved,1,218.595633,70.775427,3.088581,0.0148,,
u_mand_factor\set33\u_mand_factor_0.2.py,u_mand_factor,33,u_mand_factor,0.2,2,8,5,0.2,0.5,0.7,0.6,0.4,0.8,77.279997,80,36,36.79999,110.399995,17.146662,1,0,1033,0,heuristic_v4,solved,1,196.111026,77.261115,2.538289,0.0125,,
u_mand_factor\set33\u_mand_factor_0.2.py,u_mand_factor,33,u_mand_factor,0.2,2,8,5,0.2,0.5,0.7,0.6,0.4,0.8,77.279997,80,36,36.79999,110.399995,17.146662,1,0,1033,0,heuristic_v3,solved,1,196.111026,77.261115,2.538289,0.0134,,
u_mand_factor\set33\u_mand_factor_0.3.py,u_mand_factor,33,u_mand_factor,0.3,2,8,5,0.3,0.5,0.7,0.6,0.6,0.7,83.720002,80,36,55.200013,119.600003,25.720006,1,1,1033,0,heuristic_v4,solved,1,154.810676,83.666591,1.850328,0.019,,
u_mand_factor\set33\u_mand_factor_0.3.py,u_mand_factor,33,u_mand_factor,0.3,2,8,5,0.3,0.5,0.7,0.6,0.6,0.7,83.720002,80,36,55.200013,119.600003,25.720006,1,1,1033,0,heuristic_v3,solved,1,154.47911,83.645554,1.84683,0.0175,,
u_mand_factor\set33\u_mand_factor_0.4.py,u_mand_factor,33,u_mand_factor,0.4,2,8,5,0.4,0.5,0.7,0.6,0.8,0.6,90.160005,80,36,73.599997,128.800007,34.293332,1,1,1033,0,heuristic_v4,solved,1,135.416984,89.826028,1.507547,0.0319,,
u_mand_factor\set33\u_mand_factor_0.4.py,u_mand_factor,33,u_mand_factor,0.4,2,8,5,0.4,0.5,0.7,0.6,0.8,0.6,90.160005,80,36,73.599997,128.800007,34.293332,1,1,1033,0,heuristic_v3,solved,1,133.277856,90.104705,1.479144,0.0243,,
u_mand_factor\set33\u_mand_factor_0.5.py,u_mand_factor,33,u_mand_factor,0.5,2,8,5,0.5,0.5,0.7,0.6,1.0,0.5,96.6,80,36,91.999998,138.0,42.866666,1,1,1033,0,heuristic_v4,solved,1,100.293213,96.068355,1.043978,0.0173,,
u_mand_factor\set33\u_mand_factor_0.5.py,u_mand_factor,33,u_mand_factor,0.5,2,8,5,0.5,0.5,0.7,0.6,1.0,0.5,96.6,80,36,91.999998,138.0,42.866666,1,1,1033,0,heuristic_v3,solved,1,100.293213,96.068355,1.043978,0.0181,,
u_mand_factor\set33\u_mand_factor_0.6.py,u_mand_factor,33,u_mand_factor,0.6,2,8,5,0.6,0.5,0.7,0.6,1.2,0.4,103.03999,80,36,110.399986,147.199986,51.439994,1,1,1033,0,heuristic_v4,solved,1,48.328952,102.815005,0.470057,0.02,,
u_mand_factor\set33\u_mand_factor_0.6.py,u_mand_factor,33,u_mand_factor,0.6,2,8,5,0.6,0.5,0.7,0.6,1.2,0.4,103.03999,80,36,110.399986,147.199986,51.439994,1,1,1033,0,heuristic_v3,solved,1,48.328952,102.815005,0.470057,0.017,,
u_mand_factor\set33\u_mand_factor_0.7.py,u_mand_factor,33,u_mand_factor,0.7,2,8,5,0.7,0.5,0.7,0.6,1.4,0.3,109.480001,80,36,128.8,156.400001,60.013333,1,1,1033,0,heuristic_v4,solved,1,0.592907,109.475634,0.005416,0.0513,,
u_mand_factor\set33\u_mand_factor_0.7.py,u_mand_factor,33,u_mand_factor,0.7,2,8,5,0.7,0.5,0.7,0.6,1.4,0.3,109.480001,80,36,128.8,156.400001,60.013333,1,1,1033,0,heuristic_v3,solved,1,0.592907,109.475634,0.005416,0.0568,,
u_mand_factor\set33\u_mand_factor_0.8.py,u_mand_factor,33,u_mand_factor,0.8,2,8,5,0.8,0.5,0.7,0.6,1.6,0.2,115.920015,80,36,147.200009,165.600022,68.586671,1,1,1033,0,heuristic_v4,infeasible,0,,119.197539,,0.0349,,over budget: E=119.1975 > B=115.9200
u_mand_factor\set33\u_mand_factor_0.8.py,u_mand_factor,33,u_mand_factor,0.8,2,8,5,0.8,0.5,0.7,0.6,1.6,0.2,115.920015,80,36,147.200009,165.600022,68.586671,1,1,1033,0,heuristic_v3,infeasible,0,,119.197539,,0.0342,,over budget: E=119.1975 > B=115.9200
u_mand_factor\set33\u_mand_factor_0.9.py,u_mand_factor,33,u_mand_factor,0.9,2,8,5,0.9,0.5,0.7,0.6,1.8,0.1,122.360001,80,36,165.599999,174.800001,77.159999,1,1,1033,0,heuristic_v4,infeasible,0,,,,0.0,,
u_mand_factor\set33\u_mand_factor_0.9.py,u_mand_factor,33,u_mand_factor,0.9,2,8,5,0.9,0.5,0.7,0.6,1.8,0.1,122.360001,80,36,165.599999,174.800001,77.159999,1,1,1033,0,heuristic_v3,infeasible,0,,,,0.0,,
u_mand_factor\set34\u_mand_factor_0.1.py,u_mand_factor,34,u_mand_factor,0.1,2,8,5,0.1,0.5,0.7,0.6,0.2,0.9,70.840001,80,29,18.400001,101.200001,8.817143,1,0,1034,0,heuristic_v4,solved,1,181.230683,70.612291,2.56656,0.0099,,
u_mand_factor\set34\u_mand_factor_0.1.py,u_mand_factor,34,u_mand_factor,0.1,2,8,5,0.1,0.5,0.7,0.6,0.2,0.9,70.840001,80,29,18.400001,101.200001,8.817143,1,0,1034,0,heuristic_v3,solved,1,181.230683,70.612291,2.56656,0.0099,,
u_mand_factor\set34\u_mand_factor_0.2.py,u_mand_factor,34,u_mand_factor,0.2,2,8,5,0.2,0.5,0.7,0.6,0.4,0.8,77.280008,80,29,36.8,110.400011,17.634286,1,0,1034,0,heuristic_v4,solved,1,216.370342,77.111022,2.805959,0.0081,,
u_mand_factor\set34\u_mand_factor_0.2.py,u_mand_factor,34,u_mand_factor,0.2,2,8,5,0.2,0.5,0.7,0.6,0.4,0.8,77.280008,80,29,36.8,110.400011,17.634286,1,0,1034,0,heuristic_v3,solved,1,216.370342,77.111022,2.805959,0.0074,,
u_mand_factor\set34\u_mand_factor_0.3.py,u_mand_factor,34,u_mand_factor,0.3,2,8,5,0.3,0.5,0.7,0.6,0.6,0.7,83.720003,80,29,55.199995,119.600005,26.451426,1,1,1034,0,heuristic_v4,solved,1,162.124616,83.421425,1.943441,0.0097,,
u_mand_factor\set34\u_mand_factor_0.3.py,u_mand_factor,34,u_mand_factor,0.3,2,8,5,0.3,0.5,0.7,0.6,0.6,0.7,83.720003,80,29,55.199995,119.600005,26.451426,1,1,1034,0,heuristic_v3,solved,1,162.124616,83.421425,1.943441,0.0098,,
u_mand_factor\set34\u_mand_factor_0.4.py,u_mand_factor,34,u_mand_factor,0.4,2,8,5,0.4,0.5,0.7,0.6,0.8,0.6,90.160012,80,29,73.600003,128.800017,35.268573,1,1,1034,0,heuristic_v4,solved,1,137.806047,87.699377,1.571346,0.0073,,
u_mand_factor\set34\u_mand_factor_0.4.py,u_mand_factor,34,u_mand_factor,0.4,2,8,5,0.4,0.5,0.7,0.6,0.8,0.6,90.160012,80,29,73.600003,128.800017,35.268573,1,1,1034,0,heuristic_v3,solved,1,127.941429,87.487809,1.462392,0.0071,,
u_mand_factor\set34\u_mand_factor_0.5.py,u_mand_factor,34,u_mand_factor,0.5,2,8,5,0.5,0.5,0.7,0.6,1.0,0.5,96.599997,80,29,92.000003,137.999995,44.085716,1,1,1034,0,heuristic_v4,solved,1,92.214292,96.139394,0.959173,0.008,,
u_mand_factor\set34\u_mand_factor_0.5.py,u_mand_factor,34,u_mand_factor,0.5,2,8,5,0.5,0.5,0.7,0.6,1.0,0.5,96.599997,80,29,92.000003,137.999995,44.085716,1,1,1034,0,heuristic_v3,solved,1,82.176907,96.599705,0.850695,0.0068,,
u_mand_factor\set34\u_mand_factor_0.6.py,u_mand_factor,34,u_mand_factor,0.6,2,8,5,0.6,0.5,0.7,0.6,1.2,0.4,103.039996,80,29,110.399997,147.199994,52.902855,1,1,1034,0,heuristic_v4,solved,1,76.389871,102.432248,0.74576,0.0114,,
u_mand_factor\set34\u_mand_factor_0.6.py,u_mand_factor,34,u_mand_factor,0.6,2,8,5,0.6,0.5,0.7,0.6,1.2,0.4,103.039996,80,29,110.399997,147.199994,52.902855,1,1,1034,0,heuristic_v3,solved,1,62.573354,102.947179,0.60782,0.0078,,
u_mand_factor\set34\u_mand_factor_0.7.py,u_mand_factor,34,u_mand_factor,0.7,2,8,5,0.7,0.5,0.7,0.6,1.4,0.3,109.479999,80,29,128.800001,156.399999,61.720001,1,1,1034,0,heuristic_v4,solved,1,13.749471,108.988699,0.126155,0.0296,,
u_mand_factor\set34\u_mand_factor_0.7.py,u_mand_factor,34,u_mand_factor,0.7,2,8,5,0.7,0.5,0.7,0.6,1.4,0.3,109.479999,80,29,128.800001,156.399999,61.720001,1,1,1034,0,heuristic_v3,solved,1,13.546895,108.942016,0.12435,0.0171,,
u_mand_factor\set34\u_mand_factor_0.8.py,u_mand_factor,34,u_mand_factor,0.8,2,8,5,0.8,0.5,0.7,0.6,1.6,0.2,115.920006,80,29,147.2,165.600008,70.537143,1,1,1034,0,heuristic_v4,infeasible,0,,126.260016,,0.0361,,over budget: E=126.2600 > B=115.9200
u_mand_factor\set34\u_mand_factor_0.8.py,u_mand_factor,34,u_mand_factor,0.8,2,8,5,0.8,0.5,0.7,0.6,1.6,0.2,115.920006,80,29,147.2,165.600008,70.537143,1,1,1034,0,heuristic_v3,infeasible,0,,126.260016,,0.0369,,over budget: E=126.2600 > B=115.9200
u_mand_factor\set34\u_mand_factor_0.9.py,u_mand_factor,34,u_mand_factor,0.9,2,8,5,0.9,0.5,0.7,0.6,1.8,0.1,122.359998,80,29,165.599999,174.799997,79.354285,1,1,1034,0,heuristic_v4,infeasible,0,,143.080746,,0.0354,,over budget: E=143.0807 > B=122.3600
u_mand_factor\set34\u_mand_factor_0.9.py,u_mand_factor,34,u_mand_factor,0.9,2,8,5,0.9,0.5,0.7,0.6,1.8,0.1,122.359998,80,29,165.599999,174.799997,79.354285,1,1,1034,0,heuristic_v3,infeasible,0,,143.080746,,0.0336,,over budget: E=143.0807 > B=122.3600
u_mand_factor\set35\u_mand_factor_0.1.py,u_mand_factor,35,u_mand_factor,0.1,2,8,5,0.1,0.5,0.7,0.6,0.2,0.9,70.840001,80,36,18.399995,101.200001,8.559998,1,0,1035,0,heuristic_v4,solved,1,223.507946,70.810573,3.156421,0.0171,,
u_mand_factor\set35\u_mand_factor_0.1.py,u_mand_factor,35,u_mand_factor,0.1,2,8,5,0.1,0.5,0.7,0.6,0.2,0.9,70.840001,80,36,18.399995,101.200001,8.559998,1,0,1035,0,heuristic_v3,solved,1,223.507946,70.810573,3.156421,0.0171,,
u_mand_factor\set35\u_mand_factor_0.2.py,u_mand_factor,35,u_mand_factor,0.2,2,8,5,0.2,0.5,0.7,0.6,0.4,0.8,77.279998,80,36,36.800006,110.399998,17.120003,1,0,1035,0,heuristic_v4,solved,1,272.807444,75.894737,3.59455,0.0205,,
u_mand_factor\set35\u_mand_factor_0.2.py,u_mand_factor,35,u_mand_factor,0.2,2,8,5,0.2,0.5,0.7,0.6,0.4,0.8,77.279998,80,36,36.800006,110.399998,17.120003,1,0,1035,0,heuristic_v3,solved,1,272.807444,75.894737,3.59455,0.021,,
u_mand_factor\set35\u_mand_factor_0.3.py,u_mand_factor,35,u_mand_factor,0.3,2,8,5,0.3,0.5,0.7,0.6,0.6,0.7,83.720003,80,36,55.199997,119.600005,25.679998,1,1,1035,0,heuristic_v4,solved,1,229.847027,83.666528,2.74718,0.0176,,
u_mand_factor\set35\u_mand_factor_0.3.py,u_mand_factor,35,u_mand_factor,0.3,2,8,5,0.3,0.5,0.7,0.6,0.6,0.7,83.720003,80,36,55.199997,119.600005,25.679998,1,1,1035,0,heuristic_v3,solved,1,229.847027,83.666528,2.74718,0.0205,,
u_mand_factor\set35\u_mand_factor_0.4.py,u_mand_factor,35,u_mand_factor,0.4,2,8,5,0.4,0.5,0.7,0.6,0.8,0.6,90.159998,80,36,73.6,128.799998,34.24,1,1,1035,0,heuristic_v4,solved,1,183.860418,90.031583,2.042177,0.0204,,
u_mand_factor\set35\u_mand_factor_0.4.py,u_mand_factor,35,u_mand_factor,0.4,2,8,5,0.4,0.5,0.7,0.6,0.8,0.6,90.159998,80,36,73.6,128.799998,34.24,1,1,1035,0,heuristic_v3,solved,1,183.860418,90.031583,2.042177,0.0188,,
u_mand_factor\set35\u_mand_factor_0.5.py,u_mand_factor,35,u_mand_factor,0.5,2,8,5,0.5,0.5,0.7,0.6,1.0,0.5,96.599999,80,36,92.000003,137.999999,42.800002,1,1,1035,0,heuristic_v4,solved,1,134.326363,96.457624,1.392595,0.0264,,
u_mand_factor\set35\u_mand_factor_0.5.py,u_mand_factor,35,u_mand_factor,0.5,2,8,5,0.5,0.5,0.7,0.6,1.0,0.5,96.599999,80,36,92.000003,137.999999,42.800002,1,1,1035,0,heuristic_v3,solved,1,131.546457,96.367697,1.365047,0.0204,,
u_mand_factor\set35\u_mand_factor_0.6.py,u_mand_factor,35,u_mand_factor,0.6,2,8,5,0.6,0.5,0.7,0.6,1.2,0.4,103.040002,80,36,110.400005,147.200002,51.360002,1,1,1035,0,heuristic_v4,solved,1,81.82416,102.979387,0.794568,0.0388,,
u_mand_factor\set35\u_mand_factor_0.6.py,u_mand_factor,35,u_mand_factor,0.6,2,8,5,0.6,0.5,0.7,0.6,1.2,0.4,103.040002,80,36,110.400005,147.200002,51.360002,1,1,1035,0,heuristic_v3,solved,1,78.899377,102.996187,0.766042,0.0257,,
u_mand_factor\set35\u_mand_factor_0.7.py,u_mand_factor,35,u_mand_factor,0.7,2,8,5,0.7,0.5,0.7,0.6,1.4,0.3,109.48001,80,36,128.800005,156.400014,59.920002,1,1,1035,0,heuristic_v4,solved,1,19.676458,109.462633,0.179755,0.0662,,
u_mand_factor\set35\u_mand_factor_0.7.py,u_mand_factor,35,u_mand_factor,0.7,2,8,5,0.7,0.5,0.7,0.6,1.4,0.3,109.48001,80,36,128.800005,156.400014,59.920002,1,1,1035,0,heuristic_v3,solved,1,19.676458,109.462633,0.179755,0.0591,,
u_mand_factor\set35\u_mand_factor_0.8.py,u_mand_factor,35,u_mand_factor,0.8,2,8,5,0.8,0.5,0.7,0.6,1.6,0.2,115.919986,80,36,147.199997,165.59998,68.479998,1,1,1035,0,heuristic_v4,solved,1,3.778316,115.915923,0.032595,0.0391,,
u_mand_factor\set35\u_mand_factor_0.8.py,u_mand_factor,35,u_mand_factor,0.8,2,8,5,0.8,0.5,0.7,0.6,1.6,0.2,115.919986,80,36,147.199997,165.59998,68.479998,1,1,1035,0,heuristic_v3,solved,1,3.745318,115.899683,0.032315,0.0354,,
u_mand_factor\set35\u_mand_factor_0.9.py,u_mand_factor,35,u_mand_factor,0.9,2,8,5,0.9,0.5,0.7,0.6,1.8,0.1,122.360006,80,36,165.599994,174.800008,77.039997,1,1,1035,0,heuristic_v4,infeasible,0,,,,0.0,,
u_mand_factor\set35\u_mand_factor_0.9.py,u_mand_factor,35,u_mand_factor,0.9,2,8,5,0.9,0.5,0.7,0.6,1.8,0.1,122.360006,80,36,165.599994,174.800008,77.039997,1,1,1035,0,heuristic_v3,infeasible,0,,,,0.0,,
u_mand_factor\set36\u_mand_factor_0.1.py,u_mand_factor,36,u_mand_factor,0.1,2,8,5,0.1,0.5,0.7,0.6,0.2,0.9,70.840003,80,34,18.400006,101.200005,8.817146,1,0,1036,0,heuristic_v4,solved,1,241.236126,70.804461,3.407075,0.0178,,
u_mand_factor\set36\u_mand_factor_0.1.py,u_mand_factor,36,u_mand_factor,0.1,2,8,5,0.1,0.5,0.7,0.6,0.2,0.9,70.840003,80,34,18.400006,101.200005,8.817146,1,0,1036,0,heuristic_v3,solved,1,241.236126,70.804461,3.407075,0.0179,,
u_mand_factor\set36\u_mand_factor_0.2.py,u_mand_factor,36,u_mand_factor,0.2,2,8,5,0.2,0.5,0.7,0.6,0.4,0.8,77.280001,80,34,36.800001,110.400001,17.634286,1,0,1036,0,heuristic_v4,solved,1,146.434543,77.197531,1.896881,0.0174,,
u_mand_factor\set36\u_mand_factor_0.2.py,u_mand_factor,36,u_mand_factor,0.2,2,8,5,0.2,0.5,0.7,0.6,0.4,0.8,77.280001,80,34,36.800001,110.400001,17.634286,1,0,1036,0,heuristic_v3,solved,1,146.434543,77.197531,1.896881,0.0172,,
u_mand_factor\set36\u_mand_factor_0.3.py,u_mand_factor,36,u_mand_factor,0.3,2,8,5,0.3,0.5,0.7,0.6,0.6,0.7,83.719999,80,34,55.199995,119.599999,26.451426,1,1,1036,0,heuristic_v4,solved,1,113.062197,83.626474,1.35199,0.0148,,
u_mand_factor\set36\u_mand_factor_0.3.py,u_mand_factor,36,u_mand_factor,0.3,2,8,5,0.3,0.5,0.7,0.6,0.6,0.7,83.719999,80,34,55.199995,119.599999,26.451426,1,1,1036,0,heuristic_v3,solved,1,113.062197,83.626474,1.35199,0.0154,,
u_mand_factor\set36\u_mand_factor_0.4.py,u_mand_factor,36,u_mand_factor,0.4,2,8,5,0.4,0.5,0.7,0.6,0.8,0.6,90.16001,80,34,73.6,128.800015,35.268571,1,1,1036,0,heuristic_v4,solved,1,91.914703,90.156163,1.019505,0.0176,,
u_mand_factor\set36\u_mand_factor_0.4.py,u_mand_factor,36,u_mand_factor,0.4,2,8,5,0.4,0.5,0.7,0.6,0.8,0.6,90.16001,80,34,73.6,128.800015,35.268571,1,1,1036,0,heuristic_v3,solved,1,91.914703,90.156163,1.019505,0.0166,,
u_mand_factor\set36\u_mand_factor_0.5.py,u_mand_factor,36,u_mand_factor,0.5,2,8,5,0.5,0.5,0.7,0.6,1.0,0.5,96.600002,80,34,92.000006,138.000002,44.085717,1,1,1036,0,heuristic_v4,solved,1,81.730817,96.521731,0.846761,0.0175,,
u_mand_factor\set36\u_mand_factor_0.5.py,u_mand_factor,36,u_mand_factor,0.5,2,8,5,0.5,0.5,0.7,0.6,1.0,0.5,96.600002,80,34,92.000006,138.000002,44.085717,1,1,1036,0,heuristic_v3,solved,1,81.730817,96.521731,0.846761,0.016,,
u_mand_factor\set36\u_mand_factor_0.6.py,u_mand_factor,36,u_mand_factor,0.6,2,8,5,0.6,0.5,0.7,0.6,1.2,0.4,103.039998,80,34,110.400003,147.199998,52.902859,1,1,1036,0,heuristic_v4,solved,1,68.493599,102.890665,0.665693,0.0205,,
u_mand_factor\set36\u_mand_factor_0.6.py,u_mand_factor,36,u_mand_factor,0.6,2,8,5,0.6,0.5,0.7,0.6,1.2,0.4,103.039998,80,34,110.400003,147.199998,52.902859,1,1,1036,0,heuristic_v3,solved,1,68.493599,102.890665,0.665693,0.0214,,
u_mand_factor\set36\u_mand_factor_0.7.py,u_mand_factor,36,u_mand_factor,0.7,2,8,5,0.7,0.5,0.7,0.6,1.4,0.3,109.479998,80,34,128.799993,156.399998,61.719997,1,1,1036,0,heuristic_v4,solved,1,46.837951,109.479423,0.427824,0.0898,,
u_mand_factor\set36\u_mand_factor_0.7.py,u_mand_factor,36,u_mand_factor,0.7,2,8,5,0.7,0.5,0.7,0.6,1.4,0.3,109.479998,80,34,128.799993,156.399998,61.719997,1,1,1036,0,heuristic_v3,solved,1,45.982352,109.463651,0.42007,0.057,,
u_mand_factor\set36\u_mand_factor_0.8.py,u_mand_factor,36,u_mand_factor,0.8,2,8,5,0.8,0.5,0.7,0.6,1.6,0.2,115.920002,80,34,147.199999,165.600003,70.537142,1,1,1036,0,heuristic_v4,solved,1,18.570199,115.918389,0.160201,0.053,,
u_mand_factor\set36\u_mand_factor_0.8.py,u_mand_factor,36,u_mand_factor,0.8,2,8,5,0.8,0.5,0.7,0.6,1.6,0.2,115.920002,80,34,147.199999,165.600003,70.537142,1,1,1036,0,heuristic_v3,solved,1,17.846545,115.909246,0.15397,0.0199,,
u_mand_factor\set36\u_mand_factor_0.9.py,u_mand_factor,36,u_mand_factor,0.9,2,8,5,0.9,0.5,0.7,0.6,1.8,0.1,122.359996,80,34,165.599997,174.799994,79.354284,1,1,1036,0,heuristic_v4,infeasible,0,,143.260725,,0.0688,,over budget: E=143.2607 > B=122.3600
u_mand_factor\set36\u_mand_factor_0.9.py,u_mand_factor,36,u_mand_factor,0.9,2,8,5,0.9,0.5,0.7,0.6,1.8,0.1,122.359996,80,34,165.599997,174.799994,79.354284,1,1,1036,0,heuristic_v3,infeasible,0,,143.260725,,0.0719,,over budget: E=143.2607 > B=122.3600
u_mand_factor\set37\u_mand_factor_0.1.py,u_mand_factor,37,u_mand_factor,0.1,2,8,5,0.1,0.5,0.7,0.6,0.2,0.9,70.839996,80,35,18.399991,101.199994,8.817138,1,0,1037,0,heuristic_v4,solved,1,223.689818,70.73725,3.162263,0.0173,,
u_mand_factor\set37\u_mand_factor_0.1.py,u_mand_factor,37,u_mand_factor,0.1,2,8,5,0.1,0.5,0.7,0.6,0.2,0.9,70.839996,80,35,18.399991,101.199994,8.817138,1,0,1037,0,heuristic_v3,solved,1,223.689818,70.73725,3.162263,0.0166,,
u_mand_factor\set37\u_mand_factor_0.2.py,u_mand_factor,37,u_mand_factor,0.2,2,8,5,0.2,0.5,0.7,0.6,0.4,0.8,77.279993,80,35,36.800009,110.39999,17.63429,1,0,1037,0,heuristic_v4,solved,1,197.5174,77.118209,2.561229,0.0208,,
u_mand_factor\set37\u_mand_factor_0.2.py,u_mand_factor,37,u_mand_factor,0.2,2,8,5,0.2,0.5,0.7,0.6,0.4,0.8,77.279993,80,35,36.800009,110.39999,17.63429,1,0,1037,0,heuristic_v3,solved,1,197.5174,77.118209,2.561229,0.0213,,
u_mand_factor\set37\u_mand_factor_0.3.py,u_mand_factor,37,u_mand_factor,0.3,2,8,5,0.3,0.5,0.7,0.6,0.6,0.7,83.719995,80,35,55.200006,119.599993,26.451431,1,1,1037,0,heuristic_v4,solved,1,117.255316,83.592382,1.402703,0.0241,,
u_mand_factor\set37\u_mand_factor_0.3.py,u_mand_factor,37,u_mand_factor,0.3,2,8,5,0.3,0.5,0.7,0.6,0.6,0.7,83.719995,80,35,55.200006,119.599993,26.451431,1,1,1037,0,heuristic_v3,solved,1,117.255316,83.592382,1.402703,0.0241,,
u_mand_factor\set37\u_mand_factor_0.4.py,u_mand_factor,37,u_mand_factor,0.4,2,8,5,0.4,0.5,0.7,0.6,0.8,0.6,90.159997,80,35,73.599997,128.799995,35.26857,1,1,1037,0,heuristic_v4,solved,1,139.386122,90.14814,1.54619,0.0313,,
u_mand_factor\set37\u_mand_factor_0.4.py,u_mand_factor,37,u_mand_factor,0.4,2,8,5,0.4,0.5,0.7,0.6,0.8,0.6,90.159997,80,35,73.599997,128.799995,35.26857,1,1,1037,0,heuristic_v3,solved,1,138.76245,89.858871,1.544227,0.027,,
u_mand_factor\set37\u_mand_factor_0.5.py,u_mand_factor,37,u_mand_factor,0.5,2,8,5,0.5,0.5,0.7,0.6,1.0,0.5,96.60001,80,35,92.000008,138.000015,44.085718,1,1,1037,0,heuristic_v4,solved,1,107.651406,96.399235,1.116725,0.0234,,
u_mand_factor\set37\u_mand_factor_0.5.py,u_mand_factor,37,u_mand_factor,0.5,2,8,5,0.5,0.5,0.7,0.6,1.0,0.5,96.60001,80,35,92.000008,138.000015,44.085718,1,1,1037,0,heuristic_v3,solved,1,107.651406,96.399235,1.116725,0.0209,,
u_mand_factor\set37\u_mand_factor_0.6.py,u_mand_factor,37,u_mand_factor,0.6,2,8,5,0.6,0.5,0.7,0.6,1.2,0.4,103.040013,80,35,110.400003,147.200018,52.902859,1,1,1037,0,heuristic_v4,solved,1,84.661562,102.855114,0.823115,0.023,,
u_mand_factor\set37\u_mand_factor_0.6.py,u_mand_factor,37,u_mand_factor,0.6,2,8,5,0.6,0.5,0.7,0.6,1.2,0.4,103.040013,80,35,110.400003,147.200018,52.902859,1,1,1037,0,heuristic_v3,solved,1,84.661562,102.855114,0.823115,0.0227,,
u_mand_factor\set37\u_mand_factor_0.7.py,u_mand_factor,37,u_mand_factor,0.7,2,8,5,0.7,0.5,0.7,0.6,1.4,0.3,109.480005,80,35,128.799997,156.400007,61.719998,1,1,1037,0,heuristic_v4,solved,1,49.540695,109.381685,0.452916,0.0336,,
u_mand_factor\set37\u_mand_factor_0.7.py,u_mand_factor,37,u_mand_factor,0.7,2,8,5,0.7,0.5,0.7,0.6,1.4,0.3,109.480005,80,35,128.799997,156.400007,61.719998,1,1,1037,0,heuristic_v3,solved,1,49.540695,109.381685,0.452916,0.0323,,
u_mand_factor\set37\u_mand_factor_0.8.py,u_mand_factor,37,u_mand_factor,0.8,2,8,5,0.8,0.5,0.7,0.6,1.6,0.2,115.91998,80,35,147.199988,165.599971,70.537137,1,1,1037,0,heuristic_v4,infeasible,0,,116.663426,,0.0441,,over budget: E=116.6634 > B=115.9200
u_mand_factor\set37\u_mand_factor_0.8.py,u_mand_factor,37,u_mand_factor,0.8,2,8,5,0.8,0.5,0.7,0.6,1.6,0.2,115.91998,80,35,147.199988,165.599971,70.537137,1,1,1037,0,heuristic_v3,infeasible,0,,116.663426,,0.051,,over budget: E=116.6634 > B=115.9200
u_mand_factor\set37\u_mand_factor_0.9.py,u_mand_factor,37,u_mand_factor,0.9,2,8,5,0.9,0.5,0.7,0.6,1.8,0.1,122.360006,80,35,165.600007,174.800008,79.354289,1,1,1037,0,heuristic_v4,infeasible,0,,,,0.0,,
u_mand_factor\set37\u_mand_factor_0.9.py,u_mand_factor,37,u_mand_factor,0.9,2,8,5,0.9,0.5,0.7,0.6,1.8,0.1,122.360006,80,35,165.600007,174.800008,79.354289,1,1,1037,0,heuristic_v3,infeasible,0,,,,0.0,,
u_mand_factor\set38\u_mand_factor_0.1.py,u_mand_factor,38,u_mand_factor,0.1,2,8,5,0.1,0.5,0.7,0.6,0.2,0.9,70.840008,80,26,18.400006,101.200012,8.560003,1,0,1038,0,heuristic_v4,solved,1,277.327148,69.270105,4.003562,0.0085,,
u_mand_factor\set38\u_mand_factor_0.1.py,u_mand_factor,38,u_mand_factor,0.1,2,8,5,0.1,0.5,0.7,0.6,0.2,0.9,70.840008,80,26,18.400006,101.200012,8.560003,1,0,1038,0,heuristic_v3,solved,1,277.327148,69.270105,4.003562,0.0085,,
u_mand_factor\set38\u_mand_factor_0.2.py,u_mand_factor,38,u_mand_factor,0.2,2,8,5,0.2,0.5,0.7,0.6,0.4,0.8,77.280007,80,26,36.800002,110.40001,17.120001,1,0,1038,0,heuristic_v4,solved,1,193.543119,75.139351,2.575789,0.0155,,
u_mand_factor\set38\u_mand_factor_0.2.py,u_mand_factor,38,u_mand_factor,0.2,2,8,5,0.2,0.5,0.7,0.6,0.4,0.8,77.280007,80,26,36.800002,110.40001,17.120001,1,0,1038,0,heuristic_v3,solved,1,181.965799,74.313407,2.448627,0.0065,,
u_mand_factor\set38\u_mand_factor_0.3.py,u_mand_factor,38,u_mand_factor,0.3,2,8,5,0.3,0.5,0.7,0.6,0.6,0.7,83.719993,80,26,55.199999,119.59999,25.679999,1,1,1038,0,heuristic_v4,solved,1,167.452053,81.436487,2.056229,0.0132,,
u_mand_factor\set38\u_mand_factor_0.3.py,u_mand_factor,38,u_mand_factor,0.3,2,8,5,0.3,0.5,0.7,0.6,0.6,0.7,83.719993,80,26,55.199999,119.59999,25.679999,1,1,1038,0,heuristic_v3,solved,1,158.607864,82.692197,1.918051,0.0087,,
u_mand_factor\set38\u_mand_factor_0.4.py,u_mand_factor,38,u_mand_factor,0.4,2,8,5,0.4,0.5,0.7,0.6,0.8,0.6,90.160004,80,26,73.599999,128.800006,34.239999,1,1,1038,0,heuristic_v4,solved,1,119.284861,89.955116,1.326049,0.0132,,
u_mand_factor\set38\u_mand_factor_0.4.py,u_mand_factor,38,u_mand_factor,0.4,2,8,5,0.4,0.5,0.7,0.6,0.8,0.6,90.160004,80,26,73.599999,128.800006,34.239999,1,1,1038,0,heuristic_v3,solved,1,117.916016,90.158996,1.307867,0.0115,,
u_mand_factor\set38\u_mand_factor_0.5.py,u_mand_factor,38,u_mand_factor,0.5,2,8,5,0.5,0.5,0.7,0.6,1.0,0.5,96.600007,80,26,91.999997,138.00001,42.799998,1,1,1038,0,heuristic_v4,solved,1,90.158519,96.558308,0.933721,0.0139,,
u_mand_factor\set38\u_mand_factor_0.5.py,u_mand_factor,38,u_mand_factor,0.5,2,8,5,0.5,0.5,0.7,0.6,1.0,0.5,96.600007,80,26,91.999997,138.00001,42.799998,1,1,1038,0,heuristic_v3,solved,1,89.730222,96.599396,0.92889,0.013,,
u_mand_factor\set38\u_mand_factor_0.6.py,u_mand_factor,38,u_mand_factor,0.6,2,8,5,0.6,0.5,0.7,0.6,1.2,0.4,103.040004,80,26,110.400001,147.200006,51.360001,1,1,1038,0,heuristic_v4,solved,1,44.600404,103.012278,0.432962,0.0314,,
u_mand_factor\set38\u_mand_factor_0.6.py,u_mand_factor,38,u_mand_factor,0.6,2,8,5,0.6,0.5,0.7,0.6,1.2,0.4,103.040004,80,26,110.400001,147.200006,51.360001,1,1,1038,0,heuristic_v3,solved,1,40.578355,103.031236,0.393845,0.0158,,
u_mand_factor\set38\u_mand_factor_0.7.py,u_mand_factor,38,u_mand_factor,0.7,2,8,5,0.7,0.5,0.7,0.6,1.4,0.3,109.480006,80,26,128.800008,156.400008,59.920004,1,1,1038,0,heuristic_v4,infeasible,0,,110.476614,,0.0149,,over budget: E=110.4766 > B=109.4800
u_mand_factor\set38\u_mand_factor_0.7.py,u_mand_factor,38,u_mand_factor,0.7,2,8,5,0.7,0.5,0.7,0.6,1.4,0.3,109.480006,80,26,128.800008,156.400008,59.920004,1,1,1038,0,heuristic_v3,infeasible,0,,110.476614,,0.0138,,over budget: E=110.4766 > B=109.4800
u_mand_factor\set38\u_mand_factor_0.8.py,u_mand_factor,38,u_mand_factor,0.8,2,8,5,0.8,0.5,0.7,0.6,1.6,0.2,115.919998,80,26,147.199999,165.599997,68.479999,1,1,1038,0,heuristic_v4,infeasible,0,,128.019716,,0.0314,,over budget: E=128.0197 > B=115.9200
u_mand_factor\set38\u_mand_factor_0.8.py,u_mand_factor,38,u_mand_factor,0.8,2,8,5,0.8,0.5,0.7,0.6,1.6,0.2,115.919998,80,26,147.199999,165.599997,68.479999,1,1,1038,0,heuristic_v3,infeasible,0,,128.019716,,0.0302,,over budget: E=128.0197 > B=115.9200
u_mand_factor\set38\u_mand_factor_0.9.py,u_mand_factor,38,u_mand_factor,0.9,2,8,5,0.9,0.5,0.7,0.6,1.8,0.1,122.359996,80,26,165.599995,174.799994,77.039998,1,1,1038,0,heuristic_v4,infeasible,0,,151.722588,,0.0211,,over budget: E=151.7226 > B=122.3600
u_mand_factor\set38\u_mand_factor_0.9.py,u_mand_factor,38,u_mand_factor,0.9,2,8,5,0.9,0.5,0.7,0.6,1.8,0.1,122.359996,80,26,165.599995,174.799994,77.039998,1,1,1038,0,heuristic_v3,infeasible,0,,151.722588,,0.0218,,over budget: E=151.7226 > B=122.3600
u_mand_factor\set39\u_mand_factor_0.1.py,u_mand_factor,39,u_mand_factor,0.1,2,8,5,0.1,0.5,0.7,0.6,0.2,0.9,70.84,80,36,18.399997,101.2,8.559998,1,0,1039,0,heuristic_v4,solved,1,205.283361,70.641422,2.905991,0.0179,,
u_mand_factor\set39\u_mand_factor_0.1.py,u_mand_factor,39,u_mand_factor,0.1,2,8,5,0.1,0.5,0.7,0.6,0.2,0.9,70.84,80,36,18.399997,101.2,8.559998,1,0,1039,0,heuristic_v3,solved,1,205.283361,70.641422,2.905991,0.018,,
u_mand_factor\set39\u_mand_factor_0.2.py,u_mand_factor,39,u_mand_factor,0.2,2,8,5,0.2,0.5,0.7,0.6,0.4,0.8,77.279995,80,36,36.799998,110.399993,17.119999,1,0,1039,0,heuristic_v4,solved,1,158.516354,76.885303,2.061725,0.0167,,
u_mand_factor\set39\u_mand_factor_0.2.py,u_mand_factor,39,u_mand_factor,0.2,2,8,5,0.2,0.5,0.7,0.6,0.4,0.8,77.279995,80,36,36.799998,110.399993,17.119999,1,0,1039,0,heuristic_v3,solved,1,158.516354,76.885303,2.061725,0.0171,,
u_mand_factor\set39\u_mand_factor_0.3.py,u_mand_factor,39,u_mand_factor,0.3,2,8,5,0.3,0.5,0.7,0.6,0.6,0.7,83.719985,80,36,55.199994,119.599978,25.679997,1,1,1039,0,heuristic_v4,solved,1,137.063363,83.699053,1.637574,0.0168,,
u_mand_factor\set39\u_mand_factor_0.3.py,u_mand_factor,39,u_mand_factor,0.3,2,8,5,0.3,0.5,0.7,0.6,0.6,0.7,83.719985,80,36,55.199994,119.599978,25.679997,1,1,1039,0,heuristic_v3,solved,1,137.063363,83.699053,1.637574,0.0164,,
u_mand_factor\set39\u_mand_factor_0.4.py,u_mand_factor,39,u_mand_factor,0.4,2,8,5,0.4,0.5,0.7,0.6,0.8,0.6,90.160008,80,36,73.60001,128.800012,34.240005,1,1,1039,0,heuristic_v4,solved,1,118.993462,90.019393,1.321865,0.0185,,
u_mand_factor\set39\u_mand_factor_0.4.py,u_mand_factor,39,u_mand_factor,0.4,2,8,5,0.4,0.5,0.7,0.6,0.8,0.6,90.160008,80,36,73.60001,128.800012,34.240005,1,1,1039,0,heuristic_v3,solved,1,118.993462,90.019393,1.321865,0.0183,,
u_mand_factor\set39\u_mand_factor_0.5.py,u_mand_factor,39,u_mand_factor,0.5,2,8,5,0.5,0.5,0.7,0.6,1.0,0.5,96.599998,80,36,91.999989,137.999997,42.799995,1,1,1039,0,heuristic_v4,solved,1,95.38856,96.58544,0.987608,0.0265,,
u_mand_factor\set39\u_mand_factor_0.5.py,u_mand_factor,39,u_mand_factor,0.5,2,8,5,0.5,0.5,0.7,0.6,1.0,0.5,96.599998,80,36,91.999989,137.999997,42.799995,1,1,1039,0,heuristic_v3,solved,1,94.1749,96.404475,0.976873,0.0182,,
u_mand_factor\set39\u_mand_factor_0.6.py,u_mand_factor,39,u_mand_factor,0.6,2,8,5,0.6,0.5,0.7,0.6,1.2,0.4,103.039987,80,36,110.400003,147.199982,51.360002,1,1,1039,0,heuristic_v4,solved,1,71.024638,102.905833,0.690191,0.0241,,
u_mand_factor\set39\u_mand_factor_0.6.py,u_mand_factor,39,u_mand_factor,0.6,2,8,5,0.6,0.5,0.7,0.6,1.2,0.4,103.039987,80,36,110.400003,147.199982,51.360002,1,1,1039,0,heuristic_v3,solved,1,71.024638,102.905833,0.690191,0.0233,,
u_mand_factor\set39\u_mand_factor_0.7.py,u_mand_factor,39,u_mand_factor,0.7,2,8,5,0.7,0.5,0.7,0.6,1.4,0.3,109.479993,80,36,128.799995,156.39999,59.919998,1,1,1039,0,heuristic_v4,solved,1,43.473407,109.476478,0.397103,0.0508,,
u_mand_factor\set39\u_mand_factor_0.7.py,u_mand_factor,39,u_mand_factor,0.7,2,8,5,0.7,0.5,0.7,0.6,1.4,0.3,109.479993,80,36,128.799995,156.39999,59.919998,1,1,1039,0,heuristic_v3,solved,1,42.964092,109.360283,0.392867,0.0318,,
u_mand_factor\set39\u_mand_factor_0.8.py,u_mand_factor,39,u_mand_factor,0.8,2,8,5,0.8,0.5,0.7,0.6,1.6,0.2,115.920002,80,36,147.200001,165.600003,68.480001,1,1,1039,0,heuristic_v4,solved,1,9.049635,115.914248,0.078072,0.163,,
u_mand_factor\set39\u_mand_factor_0.8.py,u_mand_factor,39,u_mand_factor,0.8,2,8,5,0.8,0.5,0.7,0.6,1.6,0.2,115.920002,80,36,147.200001,165.600003,68.480001,1,1,1039,0,heuristic_v3,solved,1,8.630971,115.836361,0.07451,0.0591,,
u_mand_factor\set39\u_mand_factor_0.9.py,u_mand_factor,39,u_mand_factor,0.9,2,8,5,0.9,0.5,0.7,0.6,1.8,0.1,122.359989,80,36,165.599998,174.799984,77.039999,1,1,1039,0,heuristic_v4,infeasible,0,,144.219043,,0.0323,,over budget: E=144.2190 > B=122.3600
u_mand_factor\set39\u_mand_factor_0.9.py,u_mand_factor,39,u_mand_factor,0.9,2,8,5,0.9,0.5,0.7,0.6,1.8,0.1,122.359989,80,36,165.599998,174.799984,77.039999,1,1,1039,0,heuristic_v3,infeasible,0,,144.219043,,0.0334,,over budget: E=144.2190 > B=122.3600
u_mand_factor\set40\u_mand_factor_0.1.py,u_mand_factor,40,u_mand_factor,0.1,2,8,5,0.1,0.5,0.7,0.6,0.2,0.9,70.840006,80,29,18.400001,101.200008,8.560001,1,0,1040,0,heuristic_v4,solved,1,233.195176,70.038119,3.329547,0.0098,,
u_mand_factor\set40\u_mand_factor_0.1.py,u_mand_factor,40,u_mand_factor,0.1,2,8,5,0.1,0.5,0.7,0.6,0.2,0.9,70.840006,80,29,18.400001,101.200008,8.560001,1,0,1040,0,heuristic_v3,solved,1,233.195176,70.038119,3.329547,0.0096,,
u_mand_factor\set40\u_mand_factor_0.2.py,u_mand_factor,40,u_mand_factor,0.2,2,8,5,0.2,0.5,0.7,0.6,0.4,0.8,77.279999,80,29,36.799998,110.399999,17.119999,1,0,1040,0,heuristic_v4,solved,1,187.732138,77.238987,2.430536,0.0115,,
u_mand_factor\set40\u_mand_factor_0.2.py,u_mand_factor,40,u_mand_factor,0.2,2,8,5,0.2,0.5,0.7,0.6,0.4,0.8,77.279999,80,29,36.799998,110.399999,17.119999,1,0,1040,0,heuristic_v3,solved,1,187.732138,77.238987,2.430536,0.0124,,
u_mand_factor\set40\u_mand_factor_0.3.py,u_mand_factor,40,u_mand_factor,0.3,2,8,5,0.3,0.5,0.7,0.6,0.6,0.7,83.719988,80,29,55.199999,119.599983,25.679999,1,1,1040,0,heuristic_v4,solved,1,166.362622,83.076014,2.002535,0.0102,,
u_mand_factor\set40\u_mand_factor_0.3.py,u_mand_factor,40,u_mand_factor,0.3,2,8,5,0.3,0.5,0.7,0.6,0.6,0.7,83.719988,80,29,55.199999,119.599983,25.679999,1,1,1040,0,heuristic_v3,solved,1,166.362622,83.076014,2.002535,0.0103,,
u_mand_factor\set40\u_mand_factor_0.4.py,u_mand_factor,40,u_mand_factor,0.4,2,8,5,0.4,0.5,0.7,0.6,0.8,0.6,90.159997,80,29,73.600002,128.799995,34.240001,1,1,1040,0,heuristic_v4,solved,1,146.301585,90.004722,1.625488,0.0119,,
u_mand_factor\set40\u_mand_factor_0.4.py,u_mand_factor,40,u_mand_factor,0.4,2,8,5,0.4,0.5,0.7,0.6,0.8,0.6,90.159997,80,29,73.600002,128.799995,34.240001,1,1,1040,0,heuristic_v3,solved,1,146.301585,90.004722,1.625488,0.0113,,
u_mand_factor\set40\u_mand_factor_0.5.py,u_mand_factor,40,u_mand_factor,0.5,2,8,5,0.5,0.5,0.7,0.6,1.0,0.5,96.599994,80,29,92.000003,137.999991,42.800002,1,1,1040,0,heuristic_v4,solved,1,117.002216,96.35704,1.214257,0.0128,,
u_mand_factor\set40\u_mand_factor_0.5.py,u_mand_factor,40,u_mand_factor,0.5,2,8,5,0.5,0.5,0.7,0.6,1.0,0.5,96.599994,80,29,92.000003,137.999991,42.800002,1,1,1040,0,heuristic_v3,solved,1,108.841898,96.25722,1.13074,0.0106,,
u_mand_factor\set40\u_mand_factor_0.6.py,u_mand_factor,40,u_mand_factor,0.6,2,8,5,0.6,0.5,0.7,0.6,1.2,0.4,103.040006,80,29,110.4,147.200009,51.36,1,1,1040,0,heuristic_v4,solved,1,79.985266,102.848379,0.777701,0.0114,,
u_mand_factor\set40\u_mand_factor_0.6.py,u_mand_factor,40,u_mand_factor,0.6,2,8,5,0.6,0.5,0.7,0.6,1.2,0.4,103.040006,80,29,110.4,147.200009,51.36,1,1,1040,0,heuristic_v3,solved,1,79.985266,102.848379,0.777701,0.0127,,
u_mand_factor\set40\u_mand_factor_0.7.py,u_mand_factor,40,u_mand_factor,0.7,2,8,5,0.7,0.5,0.7,0.6,1.4,0.3,109.480005,80,29,128.800001,156.400007,59.920001,1,1,1040,0,heuristic_v4,solved,1,42.037363,109.386885,0.3843,0.016,,
u_mand_factor\set40\u_mand_factor_0.7.py,u_mand_factor,40,u_mand_factor,0.7,2,8,5,0.7,0.5,0.7,0.6,1.4,0.3,109.480005,80,29,128.800001,156.400007,59.920001,1,1,1040,0,heuristic_v3,solved,1,42.037363,109.386885,0.3843,0.0161,,
u_mand_factor\set40\u_mand_factor_0.8.py,u_mand_factor,40,u_mand_factor,0.8,2,8,5,0.8,0.5,0.7,0.6,1.6,0.2,115.919998,80,29,147.2,165.599998,68.48,1,1,1040,0,heuristic_v4,infeasible,0,,,,0.0,,
u_mand_factor\set40\u_mand_factor_0.8.py,u_mand_factor,40,u_mand_factor,0.8,2,8,5,0.8,0.5,0.7,0.6,1.6,0.2,115.919998,80,29,147.2,165.599998,68.48,1,1,1040,0,heuristic_v3,infeasible,0,,,,0.0,,
u_mand_factor\set40\u_mand_factor_0.9.py,u_mand_factor,40,u_mand_factor,0.9,2,8,5,0.9,0.5,0.7,0.6,1.8,0.1,122.359997,80,29,165.599999,174.799995,77.039999,1,1,1040,0,heuristic_v4,infeasible,0,,,,0.0,,
u_mand_factor\set40\u_mand_factor_0.9.py,u_mand_factor,40,u_mand_factor,0.9,2,8,5,0.9,0.5,0.7,0.6,1.8,0.1,122.359997,80,29,165.599999,174.799995,77.039999,1,1,1040,0,heuristic_v3,infeasible,0,,,,0.0,,
u_mand_factor\set41\u_mand_factor_0.1.py,u_mand_factor,41,u_mand_factor,0.1,2,8,5,0.1,0.5,0.7,0.6,0.2,0.9,70.840001,80,36,18.399998,101.200001,8.559999,1,0,1041,0,heuristic_v4,solved,1,186.923074,69.348412,2.69542,0.0172,,
u_mand_factor\set41\u_mand_factor_0.1.py,u_mand_factor,41,u_mand_factor,0.1,2,8,5,0.1,0.5,0.7,0.6,0.2,0.9,70.840001,80,36,18.399998,101.200001,8.559999,1,0,1041,0,heuristic_v3,solved,1,186.923074,69.348412,2.69542,0.0159,,
u_mand_factor\set41\u_mand_factor_0.2.py,u_mand_factor,41,u_mand_factor,0.2,2,8,5,0.2,0.5,0.7,0.6,0.4,0.8,77.28,80,36,36.799999,110.4,17.119999,1,0,1041,0,heuristic_v4,solved,1,211.843716,73.914482,2.866065,0.0153,,
u_mand_factor\set41\u_mand_factor_0.2.py,u_mand_factor,41,u_mand_factor,0.2,2,8,5,0.2,0.5,0.7,0.6,0.4,0.8,77.28,80,36,36.799999,110.4,17.119999,1,0,1041,0,heuristic_v3,solved,1,211.843716,73.914482,2.866065,0.0159,,
u_mand_factor\set41\u_mand_factor_0.3.py,u_mand_factor,41,u_mand_factor,0.3,2,8,5,0.3,0.5,0.7,0.6,0.6,0.7,83.720002,80,36,55.199997,119.600002,25.679998,1,1,1041,0,heuristic_v4,solved,1,165.52927,82.326749,2.010638,0.0161,,
u_mand_factor\set41\u_mand_factor_0.3.py,u_mand_factor,41,u_mand_factor,0.3,2,8,5,0.3,0.5,0.7,0.6,0.6,0.7,83.720002,80,36,55.199997,119.600002,25.679998,1,1,1041,0,heuristic_v3,solved,1,165.52927,82.326749,2.010638,0.0156,,
u_mand_factor\set41\u_mand_factor_0.4.py,u_mand_factor,41,u_mand_factor,0.4,2,8,5,0.4,0.5,0.7,0.6,0.8,0.6,90.16001,80,36,73.600013,128.800015,34.240006,1,1,1041,0,heuristic_v4,solved,1,124.552315,90.156561,1.381511,0.0265,,
u_mand_factor\set41\u_mand_factor_0.4.py,u_mand_factor,41,u_mand_factor,0.4,2,8,5,0.4,0.5,0.7,0.6,0.8,0.6,90.16001,80,36,73.600013,128.800015,34.240006,1,1,1041,0,heuristic_v3,solved,1,124.552315,90.156561,1.381511,0.0286,,
u_mand_factor\set41\u_mand_factor_0.5.py,u_mand_factor,41,u_mand_factor,0.5,2,8,5,0.5,0.5,0.7,0.6,1.0,0.5,96.599981,80,36,91.999995,137.999974,42.799998,1,1,1041,0,heuristic_v4,solved,1,90.048074,96.230875,0.93575,0.0247,,
u_mand_factor\set41\u_mand_factor_0.5.py,u_mand_factor,41,u_mand_factor,0.5,2,8,5,0.5,0.5,0.7,0.6,1.0,0.5,96.599981,80,36,91.999995,137.999974,42.799998,1,1,1041,0,heuristic_v3,solved,1,89.898452,95.994218,0.936499,0.0192,,
u_mand_factor\set41\u_mand_factor_0.6.py,u_mand_factor,41,u_mand_factor,0.6,2,8,5,0.6,0.5,0.7,0.6,1.2,0.4,103.040006,80,36,110.399999,147.200009,51.359999,1,1,1041,0,heuristic_v4,solved,1,59.043245,103.039118,0.573018,0.0999,,
u_mand_factor\set41\u_mand_factor_0.6.py,u_mand_factor,41,u_mand_factor,0.6,2,8,5,0.6,0.5,0.7,0.6,1.2,0.4,103.040006,80,36,110.399999,147.200009,51.359999,1,1,1041,0,heuristic_v3,solved,1,51.79761,102.803101,0.503853,0.019,,
u_mand_factor\set41\u_mand_factor_0.7.py,u_mand_factor,41,u_mand_factor,0.7,2,8,5,0.7,0.5,0.7,0.6,1.4,0.3,109.479998,80,36,128.800006,156.399998,59.920003,1,1,1041,0,heuristic_v4,solved,1,22.82016,109.09443,0.209178,0.047,,
u_mand_factor\set41\u_mand_factor_0.7.py,u_mand_factor,41,u_mand_factor,0.7,2,8,5,0.7,0.5,0.7,0.6,1.4,0.3,109.479998,80,36,128.800006,156.399998,59.920003,1,1,1041,0,heuristic_v3,solved,1,22.71077,109.2168,0.207942,0.0177,,
u_mand_factor\set41\u_mand_factor_0.8.py,u_mand_factor,41,u_mand_factor,0.8,2,8,5,0.8,0.5,0.7,0.6,1.6,0.2,115.919994,80,36,147.199997,165.599992,68.479998,1,1,1041,0,heuristic_v4,infeasible,0,,118.2268,,0.0263,,over budget: E=118.2268 > B=115.9200
u_mand_factor\set41\u_mand_factor_0.8.py,u_mand_factor,41,u_mand_factor,0.8,2,8,5,0.8,0.5,0.7,0.6,1.6,0.2,115.919994,80,36,147.199997,165.599992,68.479998,1,1,1041,0,heuristic_v3,infeasible,0,,118.2268,,0.0233,,over budget: E=118.2268 > B=115.9200
u_mand_factor\set41\u_mand_factor_0.9.py,u_mand_factor,41,u_mand_factor,0.9,2,8,5,0.9,0.5,0.7,0.6,1.8,0.1,122.359986,80,36,165.599992,174.79998,77.039996,1,1,1041,0,heuristic_v4,infeasible,0,,151.946476,,0.0727,,over budget: E=151.9465 > B=122.3600
u_mand_factor\set41\u_mand_factor_0.9.py,u_mand_factor,41,u_mand_factor,0.9,2,8,5,0.9,0.5,0.7,0.6,1.8,0.1,122.359986,80,36,165.599992,174.79998,77.039996,1,1,1041,0,heuristic_v3,infeasible,0,,151.946476,,0.0732,,over budget: E=151.9465 > B=122.3600
u_mand_factor\set42\u_mand_factor_0.1.py,u_mand_factor,42,u_mand_factor,0.1,2,8,5,0.1,0.5,0.7,0.6,0.2,0.9,70.839998,80,23,18.399998,101.199998,8.559999,1,0,1042,0,heuristic_v4,solved,1,192.798824,69.517016,2.773405,0.0046,,
u_mand_factor\set42\u_mand_factor_0.1.py,u_mand_factor,42,u_mand_factor,0.1,2,8,5,0.1,0.5,0.7,0.6,0.2,0.9,70.839998,80,23,18.399998,101.199998,8.559999,1,0,1042,0,heuristic_v3,solved,1,192.798824,69.517016,2.773405,0.0076,,
u_mand_factor\set42\u_mand_factor_0.2.py,u_mand_factor,42,u_mand_factor,0.2,2,8,5,0.2,0.5,0.7,0.6,0.4,0.8,77.279996,80,23,36.799994,110.399994,17.119997,1,0,1042,0,heuristic_v4,solved,1,179.01545,76.239182,2.348077,0.0055,,
u_mand_factor\set42\u_mand_factor_0.2.py,u_mand_factor,42,u_mand_factor,0.2,2,8,5,0.2,0.5,0.7,0.6,0.4,0.8,77.279996,80,23,36.799994,110.399994,17.119997,1,0,1042,0,heuristic_v3,solved,1,179.01545,76.239182,2.348077,0.0048,,
u_mand_factor\set42\u_mand_factor_0.3.py,u_mand_factor,42,u_mand_factor,0.3,2,8,5,0.3,0.5,0.7,0.6,0.6,0.7,83.72,80,23,55.200001,119.6,25.680001,1,1,1042,0,heuristic_v4,solved,1,153.686637,82.853046,1.85493,0.0049,,
u_mand_factor\set42\u_mand_factor_0.3.py,u_mand_factor,42,u_mand_factor,0.3,2,8,5,0.3,0.5,0.7,0.6,0.6,0.7,83.72,80,23,55.200001,119.6,25.680001,1,1,1042,0,heuristic_v3,solved,1,153.686637,82.853046,1.85493,0.0048,,
u_mand_factor\set42\u_mand_factor_0.4.py,u_mand_factor,42,u_mand_factor,0.4,2,8,5,0.4,0.5,0.7,0.6,0.8,0.6,90.160005,80,23,73.600001,128.800007,34.240001,1,1,1042,0,heuristic_v4,solved,1,117.053495,88.843454,1.317525,0.0119,,
u_mand_factor\set42\u_mand_factor_0.4.py,u_mand_factor,42,u_mand_factor,0.4,2,8,5,0.4,0.5,0.7,0.6,0.8,0.6,90.160005,80,23,73.600001,128.800007,34.240001,1,1,1042,0,heuristic_v3,solved,1,115.309231,88.882833,1.297317,0.009,,
u_mand_factor\set42\u_mand_factor_0.5.py,u_mand_factor,42,u_mand_factor,0.5,2,8,5,0.5,0.5,0.7,0.6,1.0,0.5,96.600004,80,23,92.000002,138.000006,42.800001,1,1,1042,0,heuristic_v4,solved,1,84.154242,96.550998,0.871604,0.0128,,
u_mand_factor\set42\u_mand_factor_0.5.py,u_mand_factor,42,u_mand_factor,0.5,2,8,5,0.5,0.5,0.7,0.6,1.0,0.5,96.600004,80,23,92.000002,138.000006,42.800001,1,1,1042,0,heuristic_v3,solved,1,83.3778,96.557633,0.863503,0.0095,,
u_mand_factor\set42\u_mand_factor_0.6.py,u_mand_factor,42,u_mand_factor,0.6,2,8,5,0.6,0.5,0.7,0.6,1.2,0.4,103.039993,80,23,110.399995,147.19999,51.359998,1,1,1042,0,heuristic_v4,solved,1,53.799321,102.112991,0.526861,0.0074,,
u_mand_factor\set42\u_mand_factor_0.6.py,u_mand_factor,42,u_mand_factor,0.6,2,8,5,0.6,0.5,0.7,0.6,1.2,0.4,103.039993,80,23,110.399995,147.19999,51.359998,1,1,1042,0,heuristic_v3,solved,1,52.367437,102.144822,0.512678,0.005,,
u_mand_factor\set42\u_mand_factor_0.7.py,u_mand_factor,42,u_mand_factor,0.7,2,8,5,0.7,0.5,0.7,0.6,1.4,0.3,109.480001,80,23,128.800006,156.400001,59.920003,1,1,1042,0,heuristic_v4,solved,1,22.722708,109.455273,0.207598,0.0144,,
u_mand_factor\set42\u_mand_factor_0.7.py,u_mand_factor,42,u_mand_factor,0.7,2,8,5,0.7,0.5,0.7,0.6,1.4,0.3,109.480001,80,23,128.800006,156.400001,59.920003,1,1,1042,0,heuristic_v3,solved,1,21.599877,109.476922,0.197301,0.0095,,
u_mand_factor\set42\u_mand_factor_0.8.py,u_mand_factor,42,u_mand_factor,0.8,2,8,5,0.8,0.5,0.7,0.6,1.6,0.2,115.92001,80,23,147.200003,165.600015,68.480002,1,1,1042,0,heuristic_v4,infeasible,0,,125.457539,,0.0151,,over budget: E=125.4575 > B=115.9200
u_mand_factor\set42\u_mand_factor_0.8.py,u_mand_factor,42,u_mand_factor,0.8,2,8,5,0.8,0.5,0.7,0.6,1.6,0.2,115.92001,80,23,147.200003,165.600015,68.480002,1,1,1042,0,heuristic_v3,infeasible,0,,125.457539,,0.0154,,over budget: E=125.4575 > B=115.9200
u_mand_factor\set42\u_mand_factor_0.9.py,u_mand_factor,42,u_mand_factor,0.9,2,8,5,0.9,0.5,0.7,0.6,1.8,0.1,122.359998,80,23,165.599995,174.799998,77.039998,1,1,1042,0,heuristic_v4,infeasible,0,,154.663083,,0.0141,,over budget: E=154.6631 > B=122.3600
u_mand_factor\set42\u_mand_factor_0.9.py,u_mand_factor,42,u_mand_factor,0.9,2,8,5,0.9,0.5,0.7,0.6,1.8,0.1,122.359998,80,23,165.599995,174.799998,77.039998,1,1,1042,0,heuristic_v3,infeasible,0,,154.663083,,0.0145,,over budget: E=154.6631 > B=122.3600
u_mand_factor\set43\u_mand_factor_0.1.py,u_mand_factor,43,u_mand_factor,0.1,2,8,5,0.1,0.5,0.7,0.6,0.2,0.9,70.839994,80,31,18.399998,101.199992,8.573332,1,0,1043,0,heuristic_v4,solved,1,185.061278,70.358334,2.630268,0.009,,
u_mand_factor\set43\u_mand_factor_0.1.py,u_mand_factor,43,u_mand_factor,0.1,2,8,5,0.1,0.5,0.7,0.6,0.2,0.9,70.839994,80,31,18.399998,101.199992,8.573332,1,0,1043,0,heuristic_v3,solved,1,185.061278,70.358334,2.630268,0.0101,,
u_mand_factor\set43\u_mand_factor_0.2.py,u_mand_factor,43,u_mand_factor,0.2,2,8,5,0.2,0.5,0.7,0.6,0.4,0.8,77.279995,80,31,36.799997,110.399993,17.146665,1,0,1043,0,heuristic_v4,solved,1,180.925488,73.199995,2.47166,0.0084,,
u_mand_factor\set43\u_mand_factor_0.2.py,u_mand_factor,43,u_mand_factor,0.2,2,8,5,0.2,0.5,0.7,0.6,0.4,0.8,77.279995,80,31,36.799997,110.399993,17.146665,1,0,1043,0,heuristic_v3,solved,1,180.925488,73.199995,2.47166,0.0087,,
u_mand_factor\set43\u_mand_factor_0.3.py,u_mand_factor,43,u_mand_factor,0.3,2,8,5,0.3,0.5,0.7,0.6,0.6,0.7,83.720002,80,31,55.199997,119.600003,25.719998,1,1,1043,0,heuristic_v4,solved,1,152.705211,79.300002,1.925665,0.0104,,
u_mand_factor\set43\u_mand_factor_0.3.py,u_mand_factor,43,u_mand_factor,0.3,2,8,5,0.3,0.5,0.7,0.6,0.6,0.7,83.720002,80,31,55.199997,119.600003,25.719998,1,1,1043,0,heuristic_v3,solved,1,152.705211,79.300002,1.925665,0.0096,,
u_mand_factor\set43\u_mand_factor_0.4.py,u_mand_factor,43,u_mand_factor,0.4,2,8,5,0.4,0.5,0.7,0.6,0.8,0.6,90.160005,80,31,73.600008,128.800007,34.293337,1,1,1043,0,heuristic_v4,solved,1,131.413263,89.822406,1.463034,0.0098,,
u_mand_factor\set43\u_mand_factor_0.4.py,u_mand_factor,43,u_mand_factor,0.4,2,8,5,0.4,0.5,0.7,0.6,0.8,0.6,90.160005,80,31,73.600008,128.800007,34.293337,1,1,1043,0,heuristic_v3,solved,1,131.413263,89.822406,1.463034,0.0105,,
u_mand_factor\set43\u_mand_factor_0.5.py,u_mand_factor,43,u_mand_factor,0.5,2,8,5,0.5,0.5,0.7,0.6,1.0,0.5,96.599996,80,31,91.999994,137.999994,42.866664,1,1,1043,0,heuristic_v4,solved,1,100.471181,96.315266,1.043149,0.0136,,
u_mand_factor\set43\u_mand_factor_0.5.py,u_mand_factor,43,u_mand_factor,0.5,2,8,5,0.5,0.5,0.7,0.6,1.0,0.5,96.599996,80,31,91.999994,137.999994,42.866664,1,1,1043,0,heuristic_v3,solved,1,100.471181,96.315266,1.043149,0.0119,,
u_mand_factor\set43\u_mand_factor_0.6.py,u_mand_factor,43,u_mand_factor,0.6,2,8,5,0.6,0.5,0.7,0.6,1.2,0.4,103.04,80,31,110.400002,147.2,51.440001,1,1,1043,0,heuristic_v4,solved,1,66.657961,102.925895,0.647631,0.0167,,
u_mand_factor\set43\u_mand_factor_0.6.py,u_mand_factor,43,u_mand_factor,0.6,2,8,5,0.6,0.5,0.7,0.6,1.2,0.4,103.04,80,31,110.400002,147.2,51.440001,1,1,1043,0,heuristic_v3,solved,1,64.867829,103.030303,0.6296,0.0107,,
u_mand_factor\set43\u_mand_factor_0.7.py,u_mand_factor,43,u_mand_factor,0.7,2,8,5,0.7,0.5,0.7,0.6,1.4,0.3,109.479994,80,31,128.8,156.399992,60.013333,1,1,1043,0,heuristic_v4,solved,1,34.720785,109.196068,0.317967,0.0285,,
u_mand_factor\set43\u_mand_factor_0.7.py,u_mand_factor,43,u_mand_factor,0.7,2,8,5,0.7,0.5,0.7,0.6,1.4,0.3,109.479994,80,31,128.8,156.399992,60.013333,1,1,1043,0,heuristic_v3,solved,1,33.061318,109.208117,0.302737,0.011,,
u_mand_factor\set43\u_mand_factor_0.8.py,u_mand_factor,43,u_mand_factor,0.8,2,8,5,0.8,0.5,0.7,0.6,1.6,0.2,115.920007,80,31,147.199998,165.60001,68.586666,1,1,1043,0,heuristic_v4,solved,1,6.952881,115.899221,0.059991,0.0172,,
u_mand_factor\set43\u_mand_factor_0.8.py,u_mand_factor,43,u_mand_factor,0.8,2,8,5,0.8,0.5,0.7,0.6,1.6,0.2,115.920007,80,31,147.199998,165.60001,68.586666,1,1,1043,0,heuristic_v3,solved,1,6.85757,115.655114,0.059293,0.01,,
u_mand_factor\set43\u_mand_factor_0.9.py,u_mand_factor,43,u_mand_factor,0.9,2,8,5,0.9,0.5,0.7,0.6,1.8,0.1,122.359985,80,31,165.599992,174.799978,77.159996,1,1,1043,0,heuristic_v4,infeasible,0,,147.431894,,0.0334,,over budget: E=147.4319 > B=122.3600
u_mand_factor\set43\u_mand_factor_0.9.py,u_mand_factor,43,u_mand_factor,0.9,2,8,5,0.9,0.5,0.7,0.6,1.8,0.1,122.359985,80,31,165.599992,174.799978,77.159996,1,1,1043,0,heuristic_v3,infeasible,0,,147.431894,,0.0367,,over budget: E=147.4319 > B=122.3600
u_mand_factor\set44\u_mand_factor_0.1.py,u_mand_factor,44,u_mand_factor,0.1,2,8,5,0.1,0.5,0.7,0.6,0.2,0.9,70.83999,80,31,18.399995,101.199986,8.573331,1,0,1044,0,heuristic_v4,solved,1,187.681725,70.567186,2.659618,0.0098,,
u_mand_factor\set44\u_mand_factor_0.1.py,u_mand_factor,44,u_mand_factor,0.1,2,8,5,0.1,0.5,0.7,0.6,0.2,0.9,70.83999,80,31,18.399995,101.199986,8.573331,1,0,1044,0,heuristic_v3,solved,1,187.681725,70.567186,2.659618,0.009,,
u_mand_factor\set44\u_mand_factor_0.2.py,u_mand_factor,44,u_mand_factor,0.2,2,8,5,0.2,0.5,0.7,0.6,0.4,0.8,77.280004,80,31,36.799998,110.400006,17.146666,1,0,1044,0,heuristic_v4,solved,1,167.765266,76.491805,2.193245,0.0078,,
u_mand_factor\set44\u_mand_factor_0.2.py,u_mand_factor,44,u_mand_factor,0.2,2,8,5,0.2,0.5,0.7,0.6,0.4,0.8,77.280004,80,31,36.799998,110.400006,17.146666,1,0,1044,0,heuristic_v3,solved,1,167.765266,76.491805,2.193245,0.008,,
u_mand_factor\set44\u_mand_factor_0.3.py,u_mand_factor,44,u_mand_factor,0.3,2,8,5,0.3,0.5,0.7,0.6,0.6,0.7,83.720001,80,31,55.199999,119.600001,25.719999,1,1,1044,0,heuristic_v4,solved,1,144.267379,82.370642,1.751442,0.0083,,
u_mand_factor\set44\u_mand_factor_0.3.py,u_mand_factor,44,u_mand_factor,0.3,2,8,5,0.3,0.5,0.7,0.6,0.6,0.7,83.720001,80,31,55.199999,119.600001,25.719999,1,1,1044,0,heuristic_v3,solved,1,144.267379,82.370642,1.751442,0.0087,,
u_mand_factor\set44\u_mand_factor_0.4.py,u_mand_factor,44,u_mand_factor,0.4,2,8,5,0.4,0.5,0.7,0.6,0.8,0.6,90.160005,80,31,73.600001,128.800007,34.293334,1,1,1044,0,heuristic_v4,solved,1,124.716862,90.008191,1.385617,0.01,,
u_mand_factor\set44\u_mand_factor_0.4.py,u_mand_factor,44,u_mand_factor,0.4,2,8,5,0.4,0.5,0.7,0.6,0.8,0.6,90.160005,80,31,73.600001,128.800007,34.293334,1,1,1044,0,heuristic_v3,solved,1,124.716862,90.008191,1.385617,0.0097,,
u_mand_factor\set44\u_mand_factor_0.5.py,u_mand_factor,44,u_mand_factor,0.5,2,8,5,0.5,0.5,0.7,0.6,1.0,0.5,96.599997,80,31,92.000001,137.999995,42.866667,1,1,1044,0,heuristic_v4,solved,1,104.564602,96.585472,1.082612,0.0159,,
u_mand_factor\set44\u_mand_factor_0.5.py,u_mand_factor,44,u_mand_factor,0.5,2,8,5,0.5,0.5,0.7,0.6,1.0,0.5,96.599997,80,31,92.000001,137.999995,42.866667,1,1,1044,0,heuristic_v3,solved,1,104.417848,96.516428,1.081866,0.0148,,
u_mand_factor\set44\u_mand_factor_0.6.py,u_mand_factor,44,u_mand_factor,0.6,2,8,5,0.6,0.5,0.7,0.6,1.2,0.4,103.039993,80,31,110.399997,147.19999,51.439998,1,1,1044,0,heuristic_v4,solved,1,76.062934,103.026938,0.738282,0.0274,,
u_mand_factor\set44\u_mand_factor_0.6.py,u_mand_factor,44,u_mand_factor,0.6,2,8,5,0.6,0.5,0.7,0.6,1.2,0.4,103.039993,80,31,110.399997,147.19999,51.439998,1,1,1044,0,heuristic_v3,solved,1,75.286792,102.989964,0.731011,0.0136,,
u_mand_factor\set44\u_mand_factor_0.7.py,u_mand_factor,44,u_mand_factor,0.7,2,8,5,0.7,0.5,0.7,0.6,1.4,0.3,109.480002,80,31,128.800005,156.400002,60.013335,1,1,1044,0,heuristic_v4,solved,1,46.843878,109.355957,0.428361,0.0241,,
u_mand_factor\set44\u_mand_factor_0.7.py,u_mand_factor,44,u_mand_factor,0.7,2,8,5,0.7,0.5,0.7,0.6,1.4,0.3,109.480002,80,31,128.800005,156.400002,60.013335,1,1,1044,0,heuristic_v3,solved,1,45.557186,109.327727,0.416703,0.0128,,
u_mand_factor\set44\u_mand_factor_0.8.py,u_mand_factor,44,u_mand_factor,0.8,2,8,5,0.8,0.5,0.7,0.6,1.6,0.2,115.920007,80,31,147.200002,165.60001,68.586668,1,1,1044,0,heuristic_v4,solved,1,15.659257,115.906626,0.135102,0.0315,,
u_mand_factor\set44\u_mand_factor_0.8.py,u_mand_factor,44,u_mand_factor,0.8,2,8,5,0.8,0.5,0.7,0.6,1.6,0.2,115.920007,80,31,147.200002,165.60001,68.586668,1,1,1044,0,heuristic_v3,solved,1,15.082719,115.883549,0.130154,0.0127,,
u_mand_factor\set44\u_mand_factor_0.9.py,u_mand_factor,44,u_mand_factor,0.9,2,8,5,0.9,0.5,0.7,0.6,1.8,0.1,122.359986,80,31,165.599993,174.79998,77.159997,1,1,1044,0,heuristic_v4,infeasible,0,,143.488564,,0.0253,,over budget: E=143.4886 > B=122.3600
u_mand_factor\set44\u_mand_factor_0.9.py,u_mand_factor,44,u_mand_factor,0.9,2,8,5,0.9,0.5,0.7,0.6,1.8,0.1,122.359986,80,31,165.599993,174.79998,77.159997,1,1,1044,0,heuristic_v3,infeasible,0,,143.488564,,0.0245,,over budget: E=143.4886 > B=122.3600
u_mand_factor\set45\u_mand_factor_0.1.py,u_mand_factor,45,u_mand_factor,0.1,2,8,5,0.1,0.5,0.7,0.6,0.2,0.9,70.840004,80,26,18.400002,101.200006,9.440001,1,0,1045,0,heuristic_v4,solved,1,256.885561,70.750087,3.630887,0.0112,,
u_mand_factor\set45\u_mand_factor_0.1.py,u_mand_factor,45,u_mand_factor,0.1,2,8,5,0.1,0.5,0.7,0.6,0.2,0.9,70.840004,80,26,18.400002,101.200006,9.440001,1,0,1045,0,heuristic_v3,solved,1,256.885561,70.750087,3.630887,0.0125,,
u_mand_factor\set45\u_mand_factor_0.2.py,u_mand_factor,45,u_mand_factor,0.2,2,8,5,0.2,0.5,0.7,0.6,0.4,0.8,77.279994,80,26,36.799999,110.399992,18.879999,1,0,1045,0,heuristic_v4,solved,1,243.014176,76.894057,3.160377,0.0093,,
u_mand_factor\set45\u_mand_factor_0.2.py,u_mand_factor,45,u_mand_factor,0.2,2,8,5,0.2,0.5,0.7,0.6,0.4,0.8,77.279994,80,26,36.799999,110.399992,18.879999,1,0,1045,0,heuristic_v3,solved,1,242.625319,76.315156,3.179255,0.0085,,
u_mand_factor\set45\u_mand_factor_0.3.py,u_mand_factor,45,u_mand_factor,0.3,2,8,5,0.3,0.5,0.7,0.6,0.6,0.7,83.720004,80,26,55.200002,119.600006,28.320001,1,1,1045,0,heuristic_v4,solved,1,190.727884,83.60582,2.281275,0.0118,,
u_mand_factor\set45\u_mand_factor_0.3.py,u_mand_factor,45,u_mand_factor,0.3,2,8,5,0.3,0.5,0.7,0.6,0.6,0.7,83.720004,80,26,55.200002,119.600006,28.320001,1,1,1045,0,heuristic_v3,solved,1,190.727884,83.60582,2.281275,0.0116,,
u_mand_factor\set45\u_mand_factor_0.4.py,u_mand_factor,45,u_mand_factor,0.4,2,8,5,0.4,0.5,0.7,0.6,0.8,0.6,90.159996,80,26,73.599994,128.799994,37.759997,1,1,1045,0,heuristic_v4,solved,1,158.732763,89.994021,1.763815,0.0097,,
u_mand_factor\set45\u_mand_factor_0.4.py,u_mand_factor,45,u_mand_factor,0.4,2,8,5,0.4,0.5,0.7,0.6,0.8,0.6,90.159996,80,26,73.599994,128.799994,37.759997,1,1,1045,0,heuristic_v3,solved,1,158.732763,89.994021,1.763815,0.0096,,
u_mand_factor\set45\u_mand_factor_0.5.py,u_mand_factor,45,u_mand_factor,0.5,2,8,5,0.5,0.5,0.7,0.6,1.0,0.5,96.600001,80,26,92.000005,138.000001,47.200002,1,1,1045,0,heuristic_v4,solved,1,120.31484,96.355341,1.248658,0.0112,,
u_mand_factor\set45\u_mand_factor_0.5.py,u_mand_factor,45,u_mand_factor,0.5,2,8,5,0.5,0.5,0.7,0.6,1.0,0.5,96.600001,80,26,92.000005,138.000001,47.200002,1,1,1045,0,heuristic_v3,solved,1,120.31484,96.355341,1.248658,0.0105,,
u_mand_factor\set45\u_mand_factor_0.6.py,u_mand_factor,45,u_mand_factor,0.6,2,8,5,0.6,0.5,0.7,0.6,1.2,0.4,103.039999,80,26,110.400002,147.199999,56.640001,1,1,1045,0,heuristic_v4,solved,1,80.554192,102.86376,0.783115,0.012,,
u_mand_factor\set45\u_mand_factor_0.6.py,u_mand_factor,45,u_mand_factor,0.6,2,8,5,0.6,0.5,0.7,0.6,1.2,0.4,103.039999,80,26,110.400002,147.199999,56.640001,1,1,1045,0,heuristic_v3,solved,1,80.554192,102.86376,0.783115,0.0114,,
u_mand_factor\set45\u_mand_factor_0.7.py,u_mand_factor,45,u_mand_factor,0.7,2,8,5,0.7,0.5,0.7,0.6,1.4,0.3,109.479998,80,26,128.799995,156.399997,66.079998,1,1,1045,0,heuristic_v4,solved,1,41.145753,109.459058,0.375901,0.0262,,
u_mand_factor\set45\u_mand_factor_0.7.py,u_mand_factor,45,u_mand_factor,0.7,2,8,5,0.7,0.5,0.7,0.6,1.4,0.3,109.479998,80,26,128.799995,156.399997,66.079998,1,1,1045,0,heuristic_v3,solved,1,39.892279,109.353333,0.364802,0.0211,,
u_mand_factor\set45\u_mand_factor_0.8.py,u_mand_factor,45,u_mand_factor,0.8,2,8,5,0.8,0.5,0.7,0.6,1.6,0.2,115.919995,80,26,147.199995,165.599993,75.519998,1,1,1045,0,heuristic_v4,infeasible,0,,128.024329,,0.0291,,over budget: E=128.0243 > B=115.9200
u_mand_factor\set45\u_mand_factor_0.8.py,u_mand_factor,45,u_mand_factor,0.8,2,8,5,0.8,0.5,0.7,0.6,1.6,0.2,115.919995,80,26,147.199995,165.599993,75.519998,1,1,1045,0,heuristic_v3,infeasible,0,,128.024329,,0.0298,,over budget: E=128.0243 > B=115.9200
u_mand_factor\set45\u_mand_factor_0.9.py,u_mand_factor,45,u_mand_factor,0.9,2,8,5,0.9,0.5,0.7,0.6,1.8,0.1,122.360002,80,26,165.600003,174.800003,84.960002,1,1,1045,0,heuristic_v4,infeasible,0,,,,0.0,,
u_mand_factor\set45\u_mand_factor_0.9.py,u_mand_factor,45,u_mand_factor,0.9,2,8,5,0.9,0.5,0.7,0.6,1.8,0.1,122.360002,80,26,165.600003,174.800003,84.960002,1,1,1045,0,heuristic_v3,infeasible,0,,,,0.0,,
u_mand_factor\set46\u_mand_factor_0.1.py,u_mand_factor,46,u_mand_factor,0.1,2,8,5,0.1,0.5,0.7,0.6,0.2,0.9,70.840001,80,33,18.399997,101.200001,8.817141,1,0,1046,0,heuristic_v4,solved,1,200.663491,67.100001,2.990514,0.011,,
u_mand_factor\set46\u_mand_factor_0.1.py,u_mand_factor,46,u_mand_factor,0.1,2,8,5,0.1,0.5,0.7,0.6,0.2,0.9,70.840001,80,33,18.399997,101.200001,8.817141,1,0,1046,0,heuristic_v3,solved,1,200.663491,67.100001,2.990514,0.0102,,
u_mand_factor\set46\u_mand_factor_0.2.py,u_mand_factor,46,u_mand_factor,0.2,2,8,5,0.2,0.5,0.7,0.6,0.4,0.8,77.280004,80,33,36.800002,110.400006,17.634287,1,0,1046,0,heuristic_v4,solved,1,156.287995,77.248656,2.023181,0.0149,,
u_mand_factor\set46\u_mand_factor_0.2.py,u_mand_factor,46,u_mand_factor,0.2,2,8,5,0.2,0.5,0.7,0.6,0.4,0.8,77.280004,80,33,36.800002,110.400006,17.634287,1,0,1046,0,heuristic_v3,solved,1,156.287995,77.248656,2.023181,0.014,,
u_mand_factor\set46\u_mand_factor_0.3.py,u_mand_factor,46,u_mand_factor,0.3,2,8,5,0.3,0.5,0.7,0.6,0.6,0.7,83.72,80,33,55.199999,119.6,26.451428,1,1,1046,0,heuristic_v4,solved,1,129.407371,83.63903,1.547213,0.0112,,
u_mand_factor\set46\u_mand_factor_0.3.py,u_mand_factor,46,u_mand_factor,0.3,2,8,5,0.3,0.5,0.7,0.6,0.6,0.7,83.72,80,33,55.199999,119.6,26.451428,1,1,1046,0,heuristic_v3,solved,1,129.407371,83.63903,1.547213,0.0111,,
u_mand_factor\set46\u_mand_factor_0.4.py,u_mand_factor,46,u_mand_factor,0.4,2,8,5,0.4,0.5,0.7,0.6,0.8,0.6,90.160002,80,33,73.599993,128.800002,35.268568,1,1,1046,0,heuristic_v4,solved,1,113.20301,90.081613,1.256672,0.011,,
u_mand_factor\set46\u_mand_factor_0.4.py,u_mand_factor,46,u_mand_factor,0.4,2,8,5,0.4,0.5,0.7,0.6,0.8,0.6,90.160002,80,33,73.599993,128.800002,35.268568,1,1,1046,0,heuristic_v3,solved,1,113.20301,90.081613,1.256672,0.012,,
u_mand_factor\set46\u_mand_factor_0.5.py,u_mand_factor,46,u_mand_factor,0.5,2,8,5,0.5,0.5,0.7,0.6,1.0,0.5,96.600004,80,33,92.0,138.000006,44.085714,1,1,1046,0,heuristic_v4,solved,1,91.467078,95.595834,0.95681,0.0147,,
u_mand_factor\set46\u_mand_factor_0.5.py,u_mand_factor,46,u_mand_factor,0.5,2,8,5,0.5,0.5,0.7,0.6,1.0,0.5,96.600004,80,33,92.0,138.000006,44.085714,1,1,1046,0,heuristic_v3,solved,1,91.201878,95.697839,0.953019,0.0131,,
u_mand_factor\set46\u_mand_factor_0.6.py,u_mand_factor,46,u_mand_factor,0.6,2,8,5,0.6,0.5,0.7,0.6,1.2,0.4,103.040002,80,33,110.400001,147.200002,52.902858,1,1,1046,0,heuristic_v4,solved,1,62.212493,102.815714,0.605087,0.0172,,
u_mand_factor\set46\u_mand_factor_0.6.py,u_mand_factor,46,u_mand_factor,0.6,2,8,5,0.6,0.5,0.7,0.6,1.2,0.4,103.040002,80,33,110.400001,147.200002,52.902858,1,1,1046,0,heuristic_v3,solved,1,62.074642,102.741285,0.604184,0.0139,,
u_mand_factor\set46\u_mand_factor_0.7.py,u_mand_factor,46,u_mand_factor,0.7,2,8,5,0.7,0.5,0.7,0.6,1.4,0.3,109.479999,80,33,128.799998,156.399999,61.719999,1,1,1046,0,heuristic_v4,solved,1,27.181111,109.258761,0.248777,0.0235,,
u_mand_factor\set46\u_mand_factor_0.7.py,u_mand_factor,46,u_mand_factor,0.7,2,8,5,0.7,0.5,0.7,0.6,1.4,0.3,109.479999,80,33,128.799998,156.399999,61.719999,1,1,1046,0,heuristic_v3,solved,1,27.172125,109.444052,0.248274,0.0227,,
u_mand_factor\set46\u_mand_factor_0.8.py,u_mand_factor,46,u_mand_factor,0.8,2,8,5,0.8,0.5,0.7,0.6,1.6,0.2,115.919998,80,33,147.200006,165.599998,70.537146,1,1,1046,0,heuristic_v4,infeasible,0,,,,0.0,,
u_mand_factor\set46\u_mand_factor_0.8.py,u_mand_factor,46,u_mand_factor,0.8,2,8,5,0.8,0.5,0.7,0.6,1.6,0.2,115.919998,80,33,147.200006,165.599998,70.537146,1,1,1046,0,heuristic_v3,infeasible,0,,,,0.0,,
u_mand_factor\set46\u_mand_factor_0.9.py,u_mand_factor,46,u_mand_factor,0.9,2,8,5,0.9,0.5,0.7,0.6,1.8,0.1,122.360007,80,33,165.600002,174.80001,79.354287,1,1,1046,0,heuristic_v4,infeasible,0,,147.818444,,0.0336,,over budget: E=147.8184 > B=122.3600
u_mand_factor\set46\u_mand_factor_0.9.py,u_mand_factor,46,u_mand_factor,0.9,2,8,5,0.9,0.5,0.7,0.6,1.8,0.1,122.360007,80,33,165.600002,174.80001,79.354287,1,1,1046,0,heuristic_v3,infeasible,0,,147.818444,,0.0338,,over budget: E=147.8184 > B=122.3600
u_mand_factor\set47\u_mand_factor_0.1.py,u_mand_factor,47,u_mand_factor,0.1,2,8,5,0.1,0.5,0.7,0.6,0.2,0.9,70.840002,80,26,18.4,101.200003,8.8,1,0,1047,0,heuristic_v4,solved,1,218.855057,70.823043,3.090167,0.0048,,
u_mand_factor\set47\u_mand_factor_0.1.py,u_mand_factor,47,u_mand_factor,0.1,2,8,5,0.1,0.5,0.7,0.6,0.2,0.9,70.840002,80,26,18.4,101.200003,8.8,1,0,1047,0,heuristic_v3,solved,1,218.673276,70.772478,3.089807,0.0039,,
u_mand_factor\set47\u_mand_factor_0.2.py,u_mand_factor,47,u_mand_factor,0.2,2,8,5,0.2,0.5,0.7,0.6,0.4,0.8,77.280004,80,26,36.8,110.400006,17.6,1,0,1047,0,heuristic_v4,solved,1,175.38656,76.872812,2.281516,0.0043,,
u_mand_factor\set47\u_mand_factor_0.2.py,u_mand_factor,47,u_mand_factor,0.2,2,8,5,0.2,0.5,0.7,0.6,0.4,0.8,77.280004,80,26,36.8,110.400006,17.6,1,0,1047,0,heuristic_v3,solved,1,175.38656,76.872812,2.281516,0.0045,,
u_mand_factor\set47\u_mand_factor_0.3.py,u_mand_factor,47,u_mand_factor,0.3,2,8,5,0.3,0.5,0.7,0.6,0.6,0.7,83.720002,80,26,55.200005,119.600003,26.400002,1,1,1047,0,heuristic_v4,solved,1,141.686309,83.717356,1.692436,0.0042,,
u_mand_factor\set47\u_mand_factor_0.3.py,u_mand_factor,47,u_mand_factor,0.3,2,8,5,0.3,0.5,0.7,0.6,0.6,0.7,83.720002,80,26,55.200005,119.600003,26.400002,1,1,1047,0,heuristic_v3,solved,1,141.686309,83.717356,1.692436,0.0043,,
u_mand_factor\set47\u_mand_factor_0.4.py,u_mand_factor,47,u_mand_factor,0.4,2,8,5,0.4,0.5,0.7,0.6,0.8,0.6,90.160004,80,26,73.6,128.800006,35.2,1,1,1047,0,heuristic_v4,solved,1,113.503067,89.898502,1.262569,0.0068,,
u_mand_factor\set47\u_mand_factor_0.4.py,u_mand_factor,47,u_mand_factor,0.4,2,8,5,0.4,0.5,0.7,0.6,0.8,0.6,90.160004,80,26,73.6,128.800006,35.2,1,1,1047,0,heuristic_v3,solved,1,113.472811,89.736786,1.264507,0.0049,,
u_mand_factor\set47\u_mand_factor_0.5.py,u_mand_factor,47,u_mand_factor,0.5,2,8,5,0.5,0.5,0.7,0.6,1.0,0.5,96.600003,80,26,92.000005,138.000005,44.000002,1,1,1047,0,heuristic_v4,solved,1,92.183502,96.558991,0.954686,0.0071,,
u_mand_factor\set47\u_mand_factor_0.5.py,u_mand_factor,47,u_mand_factor,0.5,2,8,5,0.5,0.5,0.7,0.6,1.0,0.5,96.600003,80,26,92.000005,138.000005,44.000002,1,1,1047,0,heuristic_v3,solved,1,92.071688,96.509623,0.954016,0.0055,,
u_mand_factor\set47\u_mand_factor_0.6.py,u_mand_factor,47,u_mand_factor,0.6,2,8,5,0.6,0.5,0.7,0.6,1.2,0.4,103.040005,80,26,110.4,147.200007,52.8,1,1,1047,0,heuristic_v4,solved,1,46.296078,101.893279,0.454359,0.0074,,
u_mand_factor\set47\u_mand_factor_0.6.py,u_mand_factor,47,u_mand_factor,0.6,2,8,5,0.6,0.5,0.7,0.6,1.2,0.4,103.040005,80,26,110.4,147.200007,52.8,1,1,1047,0,heuristic_v3,solved,1,46.254098,101.792292,0.454397,0.0048,,
u_mand_factor\set47\u_mand_factor_0.7.py,u_mand_factor,47,u_mand_factor,0.7,2,8,5,0.7,0.5,0.7,0.6,1.4,0.3,109.479994,80,26,128.799994,156.399991,61.599997,1,1,1047,0,heuristic_v4,solved,1,20.726279,109.194056,0.189811,0.0053,,
u_mand_factor\set47\u_mand_factor_0.7.py,u_mand_factor,47,u_mand_factor,0.7,2,8,5,0.7,0.5,0.7,0.6,1.4,0.3,109.479994,80,26,128.799994,156.399991,61.599997,1,1,1047,0,heuristic_v3,solved,1,20.726279,109.194056,0.189811,0.0067,,
u_mand_factor\set47\u_mand_factor_0.8.py,u_mand_factor,47,u_mand_factor,0.8,2,8,5,0.8,0.5,0.7,0.6,1.6,0.2,115.92,80,26,147.199999,165.6,70.399999,1,1,1047,0,heuristic_v4,infeasible,0,,119.456937,,0.0146,,over budget: E=119.4569 > B=115.9200
u_mand_factor\set47\u_mand_factor_0.8.py,u_mand_factor,47,u_mand_factor,0.8,2,8,5,0.8,0.5,0.7,0.6,1.6,0.2,115.92,80,26,147.199999,165.6,70.399999,1,1,1047,0,heuristic_v3,infeasible,0,,119.456937,,0.0138,,over budget: E=119.4569 > B=115.9200
u_mand_factor\set47\u_mand_factor_0.9.py,u_mand_factor,47,u_mand_factor,0.9,2,8,5,0.9,0.5,0.7,0.6,1.8,0.1,122.360006,80,26,165.6,174.800008,79.2,1,1,1047,0,heuristic_v4,infeasible,0,,151.526927,,0.0092,,over budget: E=151.5269 > B=122.3600
u_mand_factor\set47\u_mand_factor_0.9.py,u_mand_factor,47,u_mand_factor,0.9,2,8,5,0.9,0.5,0.7,0.6,1.8,0.1,122.360006,80,26,165.6,174.800008,79.2,1,1,1047,0,heuristic_v3,infeasible,0,,151.526927,,0.0085,,over budget: E=151.5269 > B=122.3600
u_mand_factor\set48\u_mand_factor_0.1.py,u_mand_factor,48,u_mand_factor,0.1,2,8,5,0.1,0.5,0.7,0.6,0.2,0.9,70.840008,80,30,18.400005,101.200011,8.560002,1,0,1048,0,heuristic_v4,solved,1,229.770926,70.820506,3.244412,0.018,,
u_mand_factor\set48\u_mand_factor_0.1.py,u_mand_factor,48,u_mand_factor,0.1,2,8,5,0.1,0.5,0.7,0.6,0.2,0.9,70.840008,80,30,18.400005,101.200011,8.560002,1,0,1048,0,heuristic_v3,solved,1,229.770926,70.820506,3.244412,0.0186,,
u_mand_factor\set48\u_mand_factor_0.2.py,u_mand_factor,48,u_mand_factor,0.2,2,8,5,0.2,0.5,0.7,0.6,0.4,0.8,77.27999,80,30,36.799992,110.399985,17.119996,1,0,1048,0,heuristic_v4,solved,1,163.936434,72.913558,2.248367,0.0121,,
u_mand_factor\set48\u_mand_factor_0.2.py,u_mand_factor,48,u_mand_factor,0.2,2,8,5,0.2,0.5,0.7,0.6,0.4,0.8,77.27999,80,30,36.799992,110.399985,17.119996,1,0,1048,0,heuristic_v3,solved,1,163.936434,72.913558,2.248367,0.0104,,
u_mand_factor\set48\u_mand_factor_0.3.py,u_mand_factor,48,u_mand_factor,0.3,2,8,5,0.3,0.5,0.7,0.6,0.6,0.7,83.719994,80,30,55.199992,119.599991,25.679996,1,1,1048,0,heuristic_v4,solved,1,150.068276,83.10334,1.805803,0.0169,,
u_mand_factor\set48\u_mand_factor_0.3.py,u_mand_factor,48,u_mand_factor,0.3,2,8,5,0.3,0.5,0.7,0.6,0.6,0.7,83.719994,80,30,55.199992,119.599991,25.679996,1,1,1048,0,heuristic_v3,solved,1,149.219926,80.537981,1.85279,0.0089,,
u_mand_factor\set48\u_mand_factor_0.4.py,u_mand_factor,48,u_mand_factor,0.4,2,8,5,0.4,0.5,0.7,0.6,0.8,0.6,90.159987,80,30,73.599993,128.799982,34.239997,1,1,1048,0,heuristic_v4,solved,1,136.96699,89.963408,1.522474,0.0152,,
u_mand_factor\set48\u_mand_factor_0.4.py,u_mand_factor,48,u_mand_factor,0.4,2,8,5,0.4,0.5,0.7,0.6,0.8,0.6,90.159987,80,30,73.599993,128.799982,34.239997,1,1,1048,0,heuristic_v3,solved,1,136.96699,89.963408,1.522474,0.0141,,
u_mand_factor\set48\u_mand_factor_0.5.py,u_mand_factor,48,u_mand_factor,0.5,2,8,5,0.5,0.5,0.7,0.6,1.0,0.5,96.600007,80,30,92.000009,138.00001,42.800004,1,1,1048,0,heuristic_v4,solved,1,97.425202,96.461916,1.009986,0.0194,,
u_mand_factor\set48\u_mand_factor_0.5.py,u_mand_factor,48,u_mand_factor,0.5,2,8,5,0.5,0.5,0.7,0.6,1.0,0.5,96.600007,80,30,92.000009,138.00001,42.800004,1,1,1048,0,heuristic_v3,solved,1,96.68136,96.542653,1.001437,0.0146,,
u_mand_factor\set48\u_mand_factor_0.6.py,u_mand_factor,48,u_mand_factor,0.6,2,8,5,0.6,0.5,0.7,0.6,1.2,0.4,103.039998,80,30,110.399999,147.199998,51.359999,1,1,1048,0,heuristic_v4,solved,1,45.070684,102.677161,0.438955,0.022,,
u_mand_factor\set48\u_mand_factor_0.6.py,u_mand_factor,48,u_mand_factor,0.6,2,8,5,0.6,0.5,0.7,0.6,1.2,0.4,103.039998,80,30,110.399999,147.199998,51.359999,1,1,1048,0,heuristic_v3,solved,1,44.923014,102.764995,0.437143,0.0107,,
u_mand_factor\set48\u_mand_factor_0.7.py,u_mand_factor,48,u_mand_factor,0.7,2,8,5,0.7,0.5,0.7,0.6,1.4,0.3,109.479998,80,30,128.800001,156.399998,59.920001,1,1,1048,0,heuristic_v4,solved,1,11.419358,108.880319,0.10488,0.0243,,
u_mand_factor\set48\u_mand_factor_0.7.py,u_mand_factor,48,u_mand_factor,0.7,2,8,5,0.7,0.5,0.7,0.6,1.4,0.3,109.479998,80,30,128.800001,156.399998,59.920001,1,1,1048,0,heuristic_v3,solved,1,11.160286,108.880239,0.102501,0.0087,,
u_mand_factor\set48\u_mand_factor_0.8.py,u_mand_factor,48,u_mand_factor,0.8,2,8,5,0.8,0.5,0.7,0.6,1.6,0.2,115.919996,80,30,147.200006,165.599994,68.480003,1,1,1048,0,heuristic_v4,infeasible,0,,128.792819,,0.0357,,over budget: E=128.7928 > B=115.9200
u_mand_factor\set48\u_mand_factor_0.8.py,u_mand_factor,48,u_mand_factor,0.8,2,8,5,0.8,0.5,0.7,0.6,1.6,0.2,115.919996,80,30,147.200006,165.599994,68.480003,1,1,1048,0,heuristic_v3,infeasible,0,,128.792819,,0.0353,,over budget: E=128.7928 > B=115.9200
u_mand_factor\set48\u_mand_factor_0.9.py,u_mand_factor,48,u_mand_factor,0.9,2,8,5,0.9,0.5,0.7,0.6,1.8,0.1,122.360005,80,30,165.600001,174.800007,77.040001,1,1,1048,0,heuristic_v4,infeasible,0,,156.420447,,0.0457,,over budget: E=156.4204 > B=122.3600
u_mand_factor\set48\u_mand_factor_0.9.py,u_mand_factor,48,u_mand_factor,0.9,2,8,5,0.9,0.5,0.7,0.6,1.8,0.1,122.360005,80,30,165.600001,174.800007,77.040001,1,1,1048,0,heuristic_v3,infeasible,0,,156.420447,,0.0453,,over budget: E=156.4204 > B=122.3600
u_mand_factor\set49\u_mand_factor_0.1.py,u_mand_factor,49,u_mand_factor,0.1,2,8,5,0.1,0.5,0.7,0.6,0.2,0.9,70.840009,80,24,18.4,101.200013,9.44,1,0,1049,0,heuristic_v4,solved,1,229.688822,70.754467,3.24628,0.0065,,
u_mand_factor\set49\u_mand_factor_0.1.py,u_mand_factor,49,u_mand_factor,0.1,2,8,5,0.1,0.5,0.7,0.6,0.2,0.9,70.840009,80,24,18.4,101.200013,9.44,1,0,1049,0,heuristic_v3,solved,1,229.688822,70.754467,3.24628,0.0064,,
u_mand_factor\set49\u_mand_factor_0.2.py,u_mand_factor,49,u_mand_factor,0.2,2,8,5,0.2,0.5,0.7,0.6,0.4,0.8,77.279992,80,24,36.799994,110.399988,18.879997,1,0,1049,0,heuristic_v4,solved,1,274.403931,77.184766,3.555157,0.0065,,
u_mand_factor\set49\u_mand_factor_0.2.py,u_mand_factor,49,u_mand_factor,0.2,2,8,5,0.2,0.5,0.7,0.6,0.4,0.8,77.279992,80,24,36.799994,110.399988,18.879997,1,0,1049,0,heuristic_v3,solved,1,274.403931,77.184766,3.555157,0.006,,
u_mand_factor\set49\u_mand_factor_0.3.py,u_mand_factor,49,u_mand_factor,0.3,2,8,5,0.3,0.5,0.7,0.6,0.6,0.7,83.719994,80,24,55.199994,119.599992,28.319997,1,1,1049,0,heuristic_v4,solved,1,227.634439,83.409827,2.729108,0.0049,,
u_mand_factor\set49\u_mand_factor_0.3.py,u_mand_factor,49,u_mand_factor,0.3,2,8,5,0.3,0.5,0.7,0.6,0.6,0.7,83.719994,80,24,55.199994,119.599992,28.319997,1,1,1049,0,heuristic_v3,solved,1,227.634439,83.409827,2.729108,0.0046,,
u_mand_factor\set49\u_mand_factor_0.4.py,u_mand_factor,49,u_mand_factor,0.4,2,8,5,0.4,0.5,0.7,0.6,0.8,0.6,90.159998,80,24,73.600005,128.799998,37.760002,1,1,1049,0,heuristic_v4,solved,1,177.647945,89.600178,1.982674,0.0121,,
u_mand_factor\set49\u_mand_factor_0.4.py,u_mand_factor,49,u_mand_factor,0.4,2,8,5,0.4,0.5,0.7,0.6,0.8,0.6,90.159998,80,24,73.600005,128.799998,37.760002,1,1,1049,0,heuristic_v3,solved,1,176.07403,90.098234,1.954245,0.0061,,
u_mand_factor\set49\u_mand_factor_0.5.py,u_mand_factor,49,u_mand_factor,0.5,2,8,5,0.5,0.5,0.7,0.6,1.0,0.5,96.600007,80,24,92.000007,138.00001,47.200004,1,1,1049,0,heuristic_v4,solved,1,123.841614,96.505358,1.283262,0.0068,,
u_mand_factor\set49\u_mand_factor_0.5.py,u_mand_factor,49,u_mand_factor,0.5,2,8,5,0.5,0.5,0.7,0.6,1.0,0.5,96.600007,80,24,92.000007,138.00001,47.200004,1,1,1049,0,heuristic_v3,solved,1,123.841614,96.505358,1.283262,0.007,,
u_mand_factor\set49\u_mand_factor_0.6.py,u_mand_factor,49,u_mand_factor,0.6,2,8,5,0.6,0.5,0.7,0.6,1.2,0.4,103.039996,80,24,110.399998,147.199994,56.639999,1,1,1049,0,heuristic_v4,solved,1,68.553166,102.699255,0.667514,0.0086,,
u_mand_factor\set49\u_mand_factor_0.6.py,u_mand_factor,49,u_mand_factor,0.6,2,8,5,0.6,0.5,0.7,0.6,1.2,0.4,103.039996,80,24,110.399998,147.199994,56.639999,1,1,1049,0,heuristic_v3,solved,1,68.553166,102.699255,0.667514,0.0068,,
u_mand_factor\set49\u_mand_factor_0.7.py,u_mand_factor,49,u_mand_factor,0.7,2,8,5,0.7,0.5,0.7,0.6,1.4,0.3,109.479998,80,24,128.799999,156.399998,66.079999,1,1,1049,0,heuristic_v4,solved,1,25.64779,109.409818,0.234419,0.0077,,
u_mand_factor\set49\u_mand_factor_0.7.py,u_mand_factor,49,u_mand_factor,0.7,2,8,5,0.7,0.5,0.7,0.6,1.4,0.3,109.479998,80,24,128.799999,156.399998,66.079999,1,1,1049,0,heuristic_v3,solved,1,25.64779,109.409818,0.234419,0.0078,,
u_mand_factor\set49\u_mand_factor_0.8.py,u_mand_factor,49,u_mand_factor,0.8,2,8,5,0.8,0.5,0.7,0.6,1.6,0.2,115.920002,80,24,147.199998,165.600003,75.519999,1,1,1049,0,heuristic_v4,infeasible,0,,117.240274,,0.0144,,over budget: E=117.2403 > B=115.9200
u_mand_factor\set49\u_mand_factor_0.8.py,u_mand_factor,49,u_mand_factor,0.8,2,8,5,0.8,0.5,0.7,0.6,1.6,0.2,115.920002,80,24,147.199998,165.600003,75.519999,1,1,1049,0,heuristic_v3,infeasible,0,,117.240274,,0.0139,,over budget: E=117.2403 > B=115.9200
u_mand_factor\set49\u_mand_factor_0.9.py,u_mand_factor,49,u_mand_factor,0.9,2,8,5,0.9,0.5,0.7,0.6,1.8,0.1,122.35999,80,24,165.599995,174.799986,84.959998,1,1,1049,0,heuristic_v4,infeasible,0,,,,0.0,,
u_mand_factor\set49\u_mand_factor_0.9.py,u_mand_factor,49,u_mand_factor,0.9,2,8,5,0.9,0.5,0.7,0.6,1.8,0.1,122.35999,80,24,165.599995,174.799986,84.959998,1,1,1049,0,heuristic_v3,infeasible,0,,,,0.0,,
u_mand_factor\set50\u_mand_factor_0.1.py,u_mand_factor,50,u_mand_factor,0.1,2,8,5,0.1,0.5,0.7,0.6,0.2,0.9,70.84,80,36,18.400003,101.2,9.203638,1,0,1050,0,heuristic_v4,solved,1,159.150397,69.135622,2.302003,0.0146,,
u_mand_factor\set50\u_mand_factor_0.1.py,u_mand_factor,50,u_mand_factor,0.1,2,8,5,0.1,0.5,0.7,0.6,0.2,0.9,70.84,80,36,18.400003,101.2,9.203638,1,0,1050,0,heuristic_v3,solved,1,159.150397,69.135622,2.302003,0.0183,,
u_mand_factor\set50\u_mand_factor_0.2.py,u_mand_factor,50,u_mand_factor,0.2,2,8,5,0.2,0.5,0.7,0.6,0.4,0.8,77.279996,80,36,36.799999,110.399994,18.407272,1,0,1050,0,heuristic_v4,solved,1,138.199159,76.915381,1.796769,0.0148,,
u_mand_factor\set50\u_mand_factor_0.2.py,u_mand_factor,50,u_mand_factor,0.2,2,8,5,0.2,0.5,0.7,0.6,0.4,0.8,77.279996,80,36,36.799999,110.399994,18.407272,1,0,1050,0,heuristic_v3,solved,1,138.199159,76.915381,1.796769,0.0144,,
u_mand_factor\set50\u_mand_factor_0.3.py,u_mand_factor,50,u_mand_factor,0.3,2,8,5,0.3,0.5,0.7,0.6,0.6,0.7,83.719991,80,36,55.200003,119.599987,27.610911,1,1,1050,0,heuristic_v4,solved,1,114.410654,81.969793,1.395766,0.0144,,
u_mand_factor\set50\u_mand_factor_0.3.py,u_mand_factor,50,u_mand_factor,0.3,2,8,5,0.3,0.5,0.7,0.6,0.6,0.7,83.719991,80,36,55.200003,119.599987,27.610911,1,1,1050,0,heuristic_v3,solved,1,114.410654,81.969793,1.395766,0.0135,,
u_mand_factor\set50\u_mand_factor_0.4.py,u_mand_factor,50,u_mand_factor,0.4,2,8,5,0.4,0.5,0.7,0.6,0.8,0.6,90.159993,80,36,73.599997,128.79999,36.814544,1,1,1050,0,heuristic_v4,solved,1,97.359267,88.950914,1.094528,0.0185,,
u_mand_factor\set50\u_mand_factor_0.4.py,u_mand_factor,50,u_mand_factor,0.4,2,8,5,0.4,0.5,0.7,0.6,0.8,0.6,90.159993,80,36,73.599997,128.79999,36.814544,1,1,1050,0,heuristic_v3,solved,1,97.359267,88.950914,1.094528,0.0163,,
u_mand_factor\set50\u_mand_factor_0.5.py,u_mand_factor,50,u_mand_factor,0.5,2,8,5,0.5,0.5,0.7,0.6,1.0,0.5,96.599997,80,36,91.999998,137.999995,46.018181,1,1,1050,0,heuristic_v4,solved,1,82.521249,95.731589,0.862006,0.0205,,
u_mand_factor\set50\u_mand_factor_0.5.py,u_mand_factor,50,u_mand_factor,0.5,2,8,5,0.5,0.5,0.7,0.6,1.0,0.5,96.599997,80,36,91.999998,137.999995,46.018181,1,1,1050,0,heuristic_v3,solved,1,82.521249,95.731589,0.862006,0.0163,,
u_mand_factor\set50\u_mand_factor_0.6.py,u_mand_factor,50,u_mand_factor,0.6,2,8,5,0.6,0.5,0.7,0.6,1.2,0.4,103.039986,80,36,110.399999,147.19998,55.221818,1,1,1050,0,heuristic_v4,solved,1,63.116285,102.927737,0.61321,0.0566,,
u_mand_factor\set50\u_mand_factor_0.6.py,u_mand_factor,50,u_mand_factor,0.6,2,8,5,0.6,0.5,0.7,0.6,1.2,0.4,103.039986,80,36,110.399999,147.19998,55.221818,1,1,1050,0,heuristic_v3,solved,1,60.195067,103.027122,0.584264,0.02,,
u_mand_factor\set50\u_mand_factor_0.7.py,u_mand_factor,50,u_mand_factor,0.7,2,8,5,0.7,0.5,0.7,0.6,1.4,0.3,109.480008,80,36,128.800003,156.400012,64.425456,1,1,1050,0,heuristic_v4,solved,1,28.603133,109.125405,0.262113,0.076,,
u_mand_factor\set50\u_mand_factor_0.7.py,u_mand_factor,50,u_mand_factor,0.7,2,8,5,0.7,0.5,0.7,0.6,1.4,0.3,109.480008,80,36,128.800003,156.400012,64.425456,1,1,1050,0,heuristic_v3,solved,1,28.04881,108.725662,0.257978,0.0219,,
u_mand_factor\set50\u_mand_factor_0.8.py,u_mand_factor,50,u_mand_factor,0.8,2,8,5,0.8,0.5,0.7,0.6,1.6,0.2,115.920003,80,36,147.199992,165.600005,73.629087,1,1,1050,0,heuristic_v4,solved,1,8.105344,115.912684,0.069926,0.0829,,
u_mand_factor\set50\u_mand_factor_0.8.py,u_mand_factor,50,u_mand_factor,0.8,2,8,5,0.8,0.5,0.7,0.6,1.6,0.2,115.920003,80,36,147.199992,165.600005,73.629087,1,1,1050,0,heuristic_v3,solved,1,6.502428,115.909729,0.056099,0.0152,,
u_mand_factor\set50\u_mand_factor_0.9.py,u_mand_factor,50,u_mand_factor,0.9,2,8,5,0.9,0.5,0.7,0.6,1.8,0.1,122.360006,80,36,165.599999,174.800008,82.832727,1,1,1050,0,heuristic_v4,infeasible,0,,147.634214,,0.0884,,over budget: E=147.6342 > B=122.3600
u_mand_factor\set50\u_mand_factor_0.9.py,u_mand_factor,50,u_mand_factor,0.9,2,8,5,0.9,0.5,0.7,0.6,1.8,0.1,122.360006,80,36,165.599999,174.800008,82.832727,1,1,1050,0,heuristic_v3,infeasible,0,,147.634214,,0.0929,,over budget: E=147.6342 > B=122.3600
u_mand_factor\set51\u_mand_factor_0.1.py,u_mand_factor,51,u_mand_factor,0.1,2,8,5,0.1,0.5,0.7,0.6,0.2,0.9,70.840004,80,34,18.399994,101.200006,8.799997,1,0,1051,0,heuristic_v4,solved,1,200.727747,69.602994,2.883895,0.011,,
u_mand_factor\set51\u_mand_factor_0.1.py,u_mand_factor,51,u_mand_factor,0.1,2,8,5,0.1,0.5,0.7,0.6,0.2,0.9,70.840004,80,34,18.399994,101.200006,8.799997,1,0,1051,0,heuristic_v3,solved,1,200.727747,69.602994,2.883895,0.0105,,
u_mand_factor\set51\u_mand_factor_0.2.py,u_mand_factor,51,u_mand_factor,0.2,2,8,5,0.2,0.5,0.7,0.6,0.4,0.8,77.279998,80,34,36.800003,110.399997,17.600002,1,0,1051,0,heuristic_v4,solved,1,188.507576,76.134361,2.475986,0.0119,,
u_mand_factor\set51\u_mand_factor_0.2.py,u_mand_factor,51,u_mand_factor,0.2,2,8,5,0.2,0.5,0.7,0.6,0.4,0.8,77.279998,80,34,36.800003,110.399997,17.600002,1,0,1051,0,heuristic_v3,solved,1,188.507576,76.134361,2.475986,0.0136,,
u_mand_factor\set51\u_mand_factor_0.3.py,u_mand_factor,51,u_mand_factor,0.3,2,8,5,0.3,0.5,0.7,0.6,0.6,0.7,83.719993,80,34,55.199995,119.59999,26.399998,1,1,1051,0,heuristic_v4,solved,1,165.955516,82.384507,2.014402,0.013,,
u_mand_factor\set51\u_mand_factor_0.3.py,u_mand_factor,51,u_mand_factor,0.3,2,8,5,0.3,0.5,0.7,0.6,0.6,0.7,83.719993,80,34,55.199995,119.59999,26.399998,1,1,1051,0,heuristic_v3,solved,1,165.955516,82.384507,2.014402,0.0127,,
u_mand_factor\set51\u_mand_factor_0.4.py,u_mand_factor,51,u_mand_factor,0.4,2,8,5,0.4,0.5,0.7,0.6,0.8,0.6,90.159991,80,34,73.599991,128.799987,35.199996,1,1,1051,0,heuristic_v4,solved,1,135.820475,90.025978,1.508681,0.0153,,
u_mand_factor\set51\u_mand_factor_0.4.py,u_mand_factor,51,u_mand_factor,0.4,2,8,5,0.4,0.5,0.7,0.6,0.8,0.6,90.159991,80,34,73.599991,128.799987,35.199996,1,1,1051,0,heuristic_v3,solved,1,135.820475,90.025978,1.508681,0.0151,,
u_mand_factor\set51\u_mand_factor_0.5.py,u_mand_factor,51,u_mand_factor,0.5,2,8,5,0.5,0.5,0.7,0.6,1.0,0.5,96.599998,80,34,91.999988,137.999997,43.999994,1,1,1051,0,heuristic_v4,solved,1,103.932996,96.057065,1.081992,0.0133,,
u_mand_factor\set51\u_mand_factor_0.5.py,u_mand_factor,51,u_mand_factor,0.5,2,8,5,0.5,0.5,0.7,0.6,1.0,0.5,96.599998,80,34,91.999988,137.999997,43.999994,1,1,1051,0,heuristic_v3,solved,1,103.932996,96.057065,1.081992,0.0133,,
u_mand_factor\set51\u_mand_factor_0.6.py,u_mand_factor,51,u_mand_factor,0.6,2,8,5,0.6,0.5,0.7,0.6,1.2,0.4,103.039996,80,34,110.400003,147.199994,52.800002,1,1,1051,0,heuristic_v4,solved,1,61.138162,101.935199,0.599775,0.0196,,
u_mand_factor\set51\u_mand_factor_0.6.py,u_mand_factor,51,u_mand_factor,0.6,2,8,5,0.6,0.5,0.7,0.6,1.2,0.4,103.039996,80,34,110.400003,147.199994,52.800002,1,1,1051,0,heuristic_v3,solved,1,61.138162,101.935199,0.599775,0.0129,,
u_mand_factor\set51\u_mand_factor_0.7.py,u_mand_factor,51,u_mand_factor,0.7,2,8,5,0.7,0.5,0.7,0.6,1.4,0.3,109.479997,80,34,128.799994,156.399995,61.599997,1,1,1051,0,heuristic_v4,solved,1,30.996207,108.089312,0.286765,0.025,,
u_mand_factor\set51\u_mand_factor_0.7.py,u_mand_factor,51,u_mand_factor,0.7,2,8,5,0.7,0.5,0.7,0.6,1.4,0.3,109.479997,80,34,128.799994,156.399995,61.599997,1,1,1051,0,heuristic_v3,solved,1,30.996207,108.089312,0.286765,0.0136,,
u_mand_factor\set51\u_mand_factor_0.8.py,u_mand_factor,51,u_mand_factor,0.8,2,8,5,0.8,0.5,0.7,0.6,1.6,0.2,115.920015,80,34,147.200005,165.600022,70.400002,1,1,1051,0,heuristic_v4,infeasible,0,,118.608206,,0.0457,,over budget: E=118.6082 > B=115.9200
u_mand_factor\set51\u_mand_factor_0.8.py,u_mand_factor,51,u_mand_factor,0.8,2,8,5,0.8,0.5,0.7,0.6,1.6,0.2,115.920015,80,34,147.200005,165.600022,70.400002,1,1,1051,0,heuristic_v3,infeasible,0,,118.608206,,0.0443,,over budget: E=118.6082 > B=115.9200
u_mand_factor\set51\u_mand_factor_0.9.py,u_mand_factor,51,u_mand_factor,0.9,2,8,5,0.9,0.5,0.7,0.6,1.8,0.1,122.360001,80,34,165.6,174.800001,79.2,1,1,1051,0,heuristic_v4,infeasible,0,,150.956721,,0.0387,,over budget: E=150.9567 > B=122.3600
u_mand_factor\set51\u_mand_factor_0.9.py,u_mand_factor,51,u_mand_factor,0.9,2,8,5,0.9,0.5,0.7,0.6,1.8,0.1,122.360001,80,34,165.6,174.800001,79.2,1,1,1051,0,heuristic_v3,infeasible,0,,150.956721,,0.0387,,over budget: E=150.9567 > B=122.3600
u_mand_factor\set52\u_mand_factor_0.1.py,u_mand_factor,52,u_mand_factor,0.1,2,8,5,0.1,0.5,0.7,0.6,0.2,0.9,70.839998,80,23,18.399992,101.199997,8.559996,1,0,1052,0,heuristic_v4,solved,1,158.767435,70.667,2.246698,0.0056,,
u_mand_factor\set52\u_mand_factor_0.1.py,u_mand_factor,52,u_mand_factor,0.1,2,8,5,0.1,0.5,0.7,0.6,0.2,0.9,70.839998,80,23,18.399992,101.199997,8.559996,1,0,1052,0,heuristic_v3,solved,1,158.767435,70.667,2.246698,0.0053,,
u_mand_factor\set52\u_mand_factor_0.2.py,u_mand_factor,52,u_mand_factor,0.2,2,8,5,0.2,0.5,0.7,0.6,0.4,0.8,77.280002,80,23,36.800005,110.400003,17.120002,1,0,1052,0,heuristic_v4,solved,1,212.158907,77.18816,2.748594,0.0054,,
u_mand_factor\set52\u_mand_factor_0.2.py,u_mand_factor,52,u_mand_factor,0.2,2,8,5,0.2,0.5,0.7,0.6,0.4,0.8,77.280002,80,23,36.800005,110.400003,17.120002,1,0,1052,0,heuristic_v3,solved,1,212.158907,77.18816,2.748594,0.005,,
u_mand_factor\set52\u_mand_factor_0.3.py,u_mand_factor,52,u_mand_factor,0.3,2,8,5,0.3,0.5,0.7,0.6,0.6,0.7,83.71999,80,23,55.199997,119.599986,25.679998,1,1,1052,0,heuristic_v4,solved,1,170.501459,83.634273,2.038655,0.0053,,
u_mand_factor\set52\u_mand_factor_0.3.py,u_mand_factor,52,u_mand_factor,0.3,2,8,5,0.3,0.5,0.7,0.6,0.6,0.7,83.71999,80,23,55.199997,119.599986,25.679998,1,1,1052,0,heuristic_v3,solved,1,170.501459,83.634273,2.038655,0.0055,,
u_mand_factor\set52\u_mand_factor_0.4.py,u_mand_factor,52,u_mand_factor,0.4,2,8,5,0.4,0.5,0.7,0.6,0.8,0.6,90.159998,80,23,73.600001,128.799998,34.240001,1,1,1052,0,heuristic_v4,solved,1,119.686299,89.744318,1.333637,0.0056,,
u_mand_factor\set52\u_mand_factor_0.4.py,u_mand_factor,52,u_mand_factor,0.4,2,8,5,0.4,0.5,0.7,0.6,0.8,0.6,90.159998,80,23,73.600001,128.799998,34.240001,1,1,1052,0,heuristic_v3,solved,1,119.615436,89.67095,1.333937,0.0053,,
u_mand_factor\set52\u_mand_factor_0.5.py,u_mand_factor,52,u_mand_factor,0.5,2,8,5,0.5,0.5,0.7,0.6,1.0,0.5,96.600004,80,23,91.999998,138.000006,42.799999,1,1,1052,0,heuristic_v4,solved,1,80.574342,94.941959,0.848669,0.0059,,
u_mand_factor\set52\u_mand_factor_0.5.py,u_mand_factor,52,u_mand_factor,0.5,2,8,5,0.5,0.5,0.7,0.6,1.0,0.5,96.600004,80,23,91.999998,138.000006,42.799999,1,1,1052,0,heuristic_v3,solved,1,80.574342,94.941959,0.848669,0.0054,,
u_mand_factor\set52\u_mand_factor_0.6.py,u_mand_factor,52,u_mand_factor,0.6,2,8,5,0.6,0.5,0.7,0.6,1.2,0.4,103.039998,80,23,110.400002,147.199997,51.360001,1,1,1052,0,heuristic_v4,solved,1,17.48684,102.576984,0.170475,0.0099,,
u_mand_factor\set52\u_mand_factor_0.6.py,u_mand_factor,52,u_mand_factor,0.6,2,8,5,0.6,0.5,0.7,0.6,1.2,0.4,103.039998,80,23,110.400002,147.199997,51.360001,1,1,1052,0,heuristic_v3,solved,1,17.48684,102.576984,0.170475,0.0075,,
u_mand_factor\set52\u_mand_factor_0.7.py,u_mand_factor,52,u_mand_factor,0.7,2,8,5,0.7,0.5,0.7,0.6,1.4,0.3,109.480006,80,23,128.799998,156.400008,59.919999,1,1,1052,0,heuristic_v4,solved,1,23.840726,109.249308,0.218223,0.0095,,
u_mand_factor\set52\u_mand_factor_0.7.py,u_mand_factor,52,u_mand_factor,0.7,2,8,5,0.7,0.5,0.7,0.6,1.4,0.3,109.480006,80,23,128.799998,156.400008,59.919999,1,1,1052,0,heuristic_v3,solved,1,23.840726,109.249308,0.218223,0.0078,,
u_mand_factor\set52\u_mand_factor_0.8.py,u_mand_factor,52,u_mand_factor,0.8,2,8,5,0.8,0.5,0.7,0.6,1.6,0.2,115.920002,80,23,147.200001,165.600003,68.480001,1,1,1052,0,heuristic_v4,infeasible,0,,116.724203,,0.0095,,over budget: E=116.7242 > B=115.9200
u_mand_factor\set52\u_mand_factor_0.8.py,u_mand_factor,52,u_mand_factor,0.8,2,8,5,0.8,0.5,0.7,0.6,1.6,0.2,115.920002,80,23,147.200001,165.600003,68.480001,1,1,1052,0,heuristic_v3,infeasible,0,,116.724203,,0.0093,,over budget: E=116.7242 > B=115.9200
u_mand_factor\set52\u_mand_factor_0.9.py,u_mand_factor,52,u_mand_factor,0.9,2,8,5,0.9,0.5,0.7,0.6,1.8,0.1,122.359996,80,23,165.6,174.799994,77.04,1,1,1052,0,heuristic_v4,infeasible,0,,145.362366,,0.0145,,over budget: E=145.3624 > B=122.3600
u_mand_factor\set52\u_mand_factor_0.9.py,u_mand_factor,52,u_mand_factor,0.9,2,8,5,0.9,0.5,0.7,0.6,1.8,0.1,122.359996,80,23,165.6,174.799994,77.04,1,1,1052,0,heuristic_v3,infeasible,0,,145.362366,,0.0146,,over budget: E=145.3624 > B=122.3600
u_mand_factor\set53\u_mand_factor_0.1.py,u_mand_factor,53,u_mand_factor,0.1,2,8,5,0.1,0.5,0.7,0.6,0.2,0.9,70.840006,80,24,18.400008,101.200008,9.20364,1,0,1053,0,heuristic_v4,solved,1,253.949948,70.770029,3.588383,0.0053,,
u_mand_factor\set53\u_mand_factor_0.1.py,u_mand_factor,53,u_mand_factor,0.1,2,8,5,0.1,0.5,0.7,0.6,0.2,0.9,70.840006,80,24,18.400008,101.200008,9.20364,1,0,1053,0,heuristic_v3,solved,1,253.949948,70.770029,3.588383,0.0052,,
u_mand_factor\set53\u_mand_factor_0.2.py,u_mand_factor,53,u_mand_factor,0.2,2,8,5,0.2,0.5,0.7,0.6,0.4,0.8,77.279998,80,24,36.799998,110.399998,18.407272,1,0,1053,0,heuristic_v4,solved,1,136.103027,72.688108,1.872425,0.0055,,
u_mand_factor\set53\u_mand_factor_0.2.py,u_mand_factor,53,u_mand_factor,0.2,2,8,5,0.2,0.5,0.7,0.6,0.4,0.8,77.279998,80,24,36.799998,110.399998,18.407272,1,0,1053,0,heuristic_v3,solved,1,136.103027,72.688108,1.872425,0.0051,,
u_mand_factor\set53\u_mand_factor_0.3.py,u_mand_factor,53,u_mand_factor,0.3,2,8,5,0.3,0.5,0.7,0.6,0.6,0.7,83.719999,80,24,55.2,119.599999,27.610909,1,1,1053,0,heuristic_v4,solved,1,104.327722,83.323241,1.252084,0.0054,,
u_mand_factor\set53\u_mand_factor_0.3.py,u_mand_factor,53,u_mand_factor,0.3,2,8,5,0.3,0.5,0.7,0.6,0.6,0.7,83.719999,80,24,55.2,119.599999,27.610909,1,1,1053,0,heuristic_v3,solved,1,104.327722,83.323241,1.252084,0.0055,,
u_mand_factor\set53\u_mand_factor_0.4.py,u_mand_factor,53,u_mand_factor,0.4,2,8,5,0.4,0.5,0.7,0.6,0.8,0.6,90.160002,80,24,73.600001,128.800002,36.814546,1,1,1053,0,heuristic_v4,solved,1,127.043662,89.67462,1.416718,0.0056,,
u_mand_factor\set53\u_mand_factor_0.4.py,u_mand_factor,53,u_mand_factor,0.4,2,8,5,0.4,0.5,0.7,0.6,0.8,0.6,90.160002,80,24,73.600001,128.800002,36.814546,1,1,1053,0,heuristic_v3,solved,1,127.043662,89.67462,1.416718,0.0058,,
u_mand_factor\set53\u_mand_factor_0.5.py,u_mand_factor,53,u_mand_factor,0.5,2,8,5,0.5,0.5,0.7,0.6,1.0,0.5,96.6,80,24,91.999998,138.0,46.018181,1,1,1053,0,heuristic_v4,solved,1,114.904993,96.235762,1.193995,0.0064,,
u_mand_factor\set53\u_mand_factor_0.5.py,u_mand_factor,53,u_mand_factor,0.5,2,8,5,0.5,0.5,0.7,0.6,1.0,0.5,96.6,80,24,91.999998,138.0,46.018181,1,1,1053,0,heuristic_v3,solved,1,114.904993,96.235762,1.193995,0.0061,,
u_mand_factor\set53\u_mand_factor_0.6.py,u_mand_factor,53,u_mand_factor,0.6,2,8,5,0.6,0.5,0.7,0.6,1.2,0.4,103.039995,80,24,110.399994,147.199993,55.221815,1,1,1053,0,heuristic_v4,solved,1,89.441431,102.99527,0.868403,0.0083,,
u_mand_factor\set53\u_mand_factor_0.6.py,u_mand_factor,53,u_mand_factor,0.6,2,8,5,0.6,0.5,0.7,0.6,1.2,0.4,103.039995,80,24,110.399994,147.199993,55.221815,1,1,1053,0,heuristic_v3,solved,1,89.441431,102.99527,0.868403,0.0077,,
u_mand_factor\set53\u_mand_factor_0.7.py,u_mand_factor,53,u_mand_factor,0.7,2,8,5,0.7,0.5,0.7,0.6,1.4,0.3,109.480006,80,24,128.800007,156.400009,64.425458,1,1,1053,0,heuristic_v4,solved,1,68.912036,109.478505,0.629457,0.0412,,
u_mand_factor\set53\u_mand_factor_0.7.py,u_mand_factor,53,u_mand_factor,0.7,2,8,5,0.7,0.5,0.7,0.6,1.4,0.3,109.480006,80,24,128.800007,156.400009,64.425458,1,1,1053,0,heuristic_v3,solved,1,68.899216,109.476575,0.629351,0.0188,,
u_mand_factor\set53\u_mand_factor_0.8.py,u_mand_factor,53,u_mand_factor,0.8,2,8,5,0.8,0.5,0.7,0.6,1.6,0.2,115.919998,80,24,147.2,165.599997,73.629091,1,1,1053,0,heuristic_v4,solved,1,3.770493,115.919253,0.032527,0.0434,,
u_mand_factor\set53\u_mand_factor_0.8.py,u_mand_factor,53,u_mand_factor,0.8,2,8,5,0.8,0.5,0.7,0.6,1.6,0.2,115.919998,80,24,147.2,165.599997,73.629091,1,1,1053,0,heuristic_v3,solved,1,3.7638,115.919741,0.032469,0.0249,,
u_mand_factor\set53\u_mand_factor_0.9.py,u_mand_factor,53,u_mand_factor,0.9,2,8,5,0.9,0.5,0.7,0.6,1.8,0.1,122.359995,80,24,165.599997,174.799993,82.832726,1,1,1053,0,heuristic_v4,infeasible,0,,141.986914,,0.0154,,over budget: E=141.9869 > B=122.3600
u_mand_factor\set53\u_mand_factor_0.9.py,u_mand_factor,53,u_mand_factor,0.9,2,8,5,0.9,0.5,0.7,0.6,1.8,0.1,122.359995,80,24,165.599997,174.799993,82.832726,1,1,1053,0,heuristic_v3,infeasible,0,,141.986914,,0.015,,over budget: E=141.9869 > B=122.3600
u_mand_factor\set54\u_mand_factor_0.1.py,u_mand_factor,54,u_mand_factor,0.1,2,8,5,0.1,0.5,0.7,0.6,0.2,0.9,70.840002,80,24,18.399997,101.200002,8.817141,1,0,1054,0,heuristic_v4,solved,1,237.193782,67.100002,3.53493,0.0058,,
u_mand_factor\set54\u_mand_factor_0.1.py,u_mand_factor,54,u_mand_factor,0.1,2,8,5,0.1,0.5,0.7,0.6,0.2,0.9,70.840002,80,24,18.399997,101.200002,8.817141,1,0,1054,0,heuristic_v3,solved,1,237.193782,67.100002,3.53493,0.0057,,
u_mand_factor\set54\u_mand_factor_0.2.py,u_mand_factor,54,u_mand_factor,0.2,2,8,5,0.2,0.5,0.7,0.6,0.4,0.8,77.28001,80,24,36.800001,110.400014,17.634286,1,0,1054,0,heuristic_v4,solved,1,239.297957,77.006584,3.1075,0.0064,,
u_mand_factor\set54\u_mand_factor_0.2.py,u_mand_factor,54,u_mand_factor,0.2,2,8,5,0.2,0.5,0.7,0.6,0.4,0.8,77.28001,80,24,36.800001,110.400014,17.634286,1,0,1054,0,heuristic_v3,solved,1,239.297957,77.006584,3.1075,0.0055,,
u_mand_factor\set54\u_mand_factor_0.3.py,u_mand_factor,54,u_mand_factor,0.3,2,8,5,0.3,0.5,0.7,0.6,0.6,0.7,83.720001,80,24,55.200002,119.600001,26.45143,1,1,1054,0,heuristic_v4,solved,1,196.746269,83.614222,2.353024,0.0064,,
u_mand_factor\set54\u_mand_factor_0.3.py,u_mand_factor,54,u_mand_factor,0.3,2,8,5,0.3,0.5,0.7,0.6,0.6,0.7,83.720001,80,24,55.200002,119.600001,26.45143,1,1,1054,0,heuristic_v3,solved,1,196.746269,83.614222,2.353024,0.0068,,
u_mand_factor\set54\u_mand_factor_0.4.py,u_mand_factor,54,u_mand_factor,0.4,2,8,5,0.4,0.5,0.7,0.6,0.8,0.6,90.160002,80,24,73.599998,128.800003,35.26857,1,1,1054,0,heuristic_v4,solved,1,154.133859,90.111597,1.710477,0.0099,,
u_mand_factor\set54\u_mand_factor_0.4.py,u_mand_factor,54,u_mand_factor,0.4,2,8,5,0.4,0.5,0.7,0.6,0.8,0.6,90.160002,80,24,73.599998,128.800003,35.26857,1,1,1054,0,heuristic_v3,solved,1,147.622926,89.892977,1.642208,0.0118,,
u_mand_factor\set54\u_mand_factor_0.5.py,u_mand_factor,54,u_mand_factor,0.5,2,8,5,0.5,0.5,0.7,0.6,1.0,0.5,96.600008,80,24,92.000001,138.000011,44.085715,1,1,1054,0,heuristic_v4,solved,1,111.919428,96.520057,1.159546,0.0122,,
u_mand_factor\set54\u_mand_factor_0.5.py,u_mand_factor,54,u_mand_factor,0.5,2,8,5,0.5,0.5,0.7,0.6,1.0,0.5,96.600008,80,24,92.000001,138.000011,44.085715,1,1,1054,0,heuristic_v3,solved,1,107.819894,96.066809,1.122343,0.0088,,
u_mand_factor\set54\u_mand_factor_0.6.py,u_mand_factor,54,u_mand_factor,0.6,2,8,5,0.6,0.5,0.7,0.6,1.2,0.4,103.039996,80,24,110.4,147.199994,52.902857,1,1,1054,0,heuristic_v4,solved,1,64.561067,103.033947,0.6266,0.0055,,
u_mand_factor\set54\u_mand_factor_0.6.py,u_mand_factor,54,u_mand_factor,0.6,2,8,5,0.6,0.5,0.7,0.6,1.2,0.4,103.039996,80,24,110.4,147.199994,52.902857,1,1,1054,0,heuristic_v3,solved,1,64.561067,103.033947,0.6266,0.0058,,
u_mand_factor\set54\u_mand_factor_0.7.py,u_mand_factor,54,u_mand_factor,0.7,2,8,5,0.7,0.5,0.7,0.6,1.4,0.3,109.480002,80,24,128.800001,156.400003,61.720001,1,1,1054,0,heuristic_v4,solved,1,55.749814,109.207603,0.510494,0.0294,,
u_mand_factor\set54\u_mand_factor_0.7.py,u_mand_factor,54,u_mand_factor,0.7,2,8,5,0.7,0.5,0.7,0.6,1.4,0.3,109.480002,80,24,128.800001,156.400003,61.720001,1,1,1054,0,heuristic_v3,solved,1,50.600051,109.300677,0.462944,0.0072,,
u_mand_factor\set54\u_mand_factor_0.8.py,u_mand_factor,54,u_mand_factor,0.8,2,8,5,0.8,0.5,0.7,0.6,1.6,0.2,115.920004,80,24,147.200001,165.600006,70.537143,1,1,1054,0,heuristic_v4,solved,1,10.073303,115.818727,0.086975,0.0068,,
u_mand_factor\set54\u_mand_factor_0.8.py,u_mand_factor,54,u_mand_factor,0.8,2,8,5,0.8,0.5,0.7,0.6,1.6,0.2,115.920004,80,24,147.200001,165.600006,70.537143,1,1,1054,0,heuristic_v3,solved,1,9.995995,115.780682,0.086336,0.0045,,
u_mand_factor\set54\u_mand_factor_0.9.py,u_mand_factor,54,u_mand_factor,0.9,2,8,5,0.9,0.5,0.7,0.6,1.8,0.1,122.360002,80,24,165.600002,174.800003,79.354287,1,1,1054,0,heuristic_v4,infeasible,0,,148.835489,,0.0093,,over budget: E=148.8355 > B=122.3600
u_mand_factor\set54\u_mand_factor_0.9.py,u_mand_factor,54,u_mand_factor,0.9,2,8,5,0.9,0.5,0.7,0.6,1.8,0.1,122.360002,80,24,165.600002,174.800003,79.354287,1,1,1054,0,heuristic_v3,infeasible,0,,148.835489,,0.013,,over budget: E=148.8355 > B=122.3600
u_mand_factor\set55\u_mand_factor_0.1.py,u_mand_factor,55,u_mand_factor,0.1,2,8,5,0.1,0.5,0.7,0.6,0.2,0.9,70.84,80,19,18.399997,101.2,8.817141,1,0,1055,0,heuristic_v4,solved,1,245.348483,69.907508,3.509616,0.0034,,
u_mand_factor\set55\u_mand_factor_0.1.py,u_mand_factor,55,u_mand_factor,0.1,2,8,5,0.1,0.5,0.7,0.6,0.2,0.9,70.84,80,19,18.399997,101.2,8.817141,1,0,1055,0,heuristic_v3,solved,1,245.348483,69.907508,3.509616,0.0035,,
u_mand_factor\set55\u_mand_factor_0.2.py,u_mand_factor,55,u_mand_factor,0.2,2,8,5,0.2,0.5,0.7,0.6,0.4,0.8,77.279997,80,19,36.800001,110.399995,17.634286,1,0,1055,0,heuristic_v4,solved,1,228.546109,77.161213,2.96193,0.0029,,
u_mand_factor\set55\u_mand_factor_0.2.py,u_mand_factor,55,u_mand_factor,0.2,2,8,5,0.2,0.5,0.7,0.6,0.4,0.8,77.279997,80,19,36.800001,110.399995,17.634286,1,0,1055,0,heuristic_v3,solved,1,228.546109,77.161213,2.96193,0.003,,
u_mand_factor\set55\u_mand_factor_0.3.py,u_mand_factor,55,u_mand_factor,0.3,2,8,5,0.3,0.5,0.7,0.6,0.6,0.7,83.719999,80,19,55.199999,119.599999,26.451428,1,1,1055,0,heuristic_v4,solved,1,195.170353,83.527058,2.336612,0.0035,,
u_mand_factor\set55\u_mand_factor_0.3.py,u_mand_factor,55,u_mand_factor,0.3,2,8,5,0.3,0.5,0.7,0.6,0.6,0.7,83.719999,80,19,55.199999,119.599999,26.451428,1,1,1055,0,heuristic_v3,solved,1,195.170353,83.527058,2.336612,0.0036,,
u_mand_factor\set55\u_mand_factor_0.4.py,u_mand_factor,55,u_mand_factor,0.4,2,8,5,0.4,0.5,0.7,0.6,0.8,0.6,90.159999,80,19,73.600003,128.799999,35.268573,1,1,1055,0,heuristic_v4,solved,1,159.793299,90.045507,1.774584,0.0037,,
u_mand_factor\set55\u_mand_factor_0.4.py,u_mand_factor,55,u_mand_factor,0.4,2,8,5,0.4,0.5,0.7,0.6,0.8,0.6,90.159999,80,19,73.600003,128.799999,35.268573,1,1,1055,0,heuristic_v3,solved,1,159.793299,90.045507,1.774584,0.0035,,
u_mand_factor\set55\u_mand_factor_0.5.py,u_mand_factor,55,u_mand_factor,0.5,2,8,5,0.5,0.5,0.7,0.6,1.0,0.5,96.600003,80,19,92.0,138.000005,44.085714,1,1,1055,0,heuristic_v4,solved,1,128.248839,96.524346,1.328668,0.0031,,
u_mand_factor\set55\u_mand_factor_0.5.py,u_mand_factor,55,u_mand_factor,0.5,2,8,5,0.5,0.5,0.7,0.6,1.0,0.5,96.600003,80,19,92.0,138.000005,44.085714,1,1,1055,0,heuristic_v3,solved,1,128.248839,96.524346,1.328668,0.0028,,
u_mand_factor\set55\u_mand_factor_0.6.py,u_mand_factor,55,u_mand_factor,0.6,2,8,5,0.6,0.5,0.7,0.6,1.2,0.4,103.039994,80,19,110.399997,147.199991,52.902855,1,1,1055,0,heuristic_v4,solved,1,86.246401,102.890193,0.838237,0.0028,,
u_mand_factor\set55\u_mand_factor_0.6.py,u_mand_factor,55,u_mand_factor,0.6,2,8,5,0.6,0.5,0.7,0.6,1.2,0.4,103.039994,80,19,110.399997,147.199991,52.902855,1,1,1055,0,heuristic_v3,solved,1,86.246401,102.890193,0.838237,0.0027,,
u_mand_factor\set55\u_mand_factor_0.7.py,u_mand_factor,55,u_mand_factor,0.7,2,8,5,0.7,0.5,0.7,0.6,1.4,0.3,109.479998,80,19,128.8,156.399997,61.72,1,1,1055,0,heuristic_v4,solved,1,47.955089,109.362329,0.438497,0.0035,,
u_mand_factor\set55\u_mand_factor_0.7.py,u_mand_factor,55,u_mand_factor,0.7,2,8,5,0.7,0.5,0.7,0.6,1.4,0.3,109.479998,80,19,128.8,156.399997,61.72,1,1,1055,0,heuristic_v3,solved,1,47.955089,109.362329,0.438497,0.0029,,
u_mand_factor\set55\u_mand_factor_0.8.py,u_mand_factor,55,u_mand_factor,0.8,2,8,5,0.8,0.5,0.7,0.6,1.6,0.2,115.919998,80,19,147.199997,165.599998,70.537141,1,1,1055,0,heuristic_v4,solved,1,3.65025,115.913036,0.031491,0.0062,,
u_mand_factor\set55\u_mand_factor_0.8.py,u_mand_factor,55,u_mand_factor,0.8,2,8,5,0.8,0.5,0.7,0.6,1.6,0.2,115.919998,80,19,147.199997,165.599998,70.537141,1,1,1055,0,heuristic_v3,solved,1,3.65025,115.913036,0.031491,0.0064,,
u_mand_factor\set55\u_mand_factor_0.9.py,u_mand_factor,55,u_mand_factor,0.9,2,8,5,0.9,0.5,0.7,0.6,1.8,0.1,122.360004,80,19,165.600003,174.800006,79.354287,1,1,1055,0,heuristic_v4,infeasible,0,,,,0.0,,
u_mand_factor\set55\u_mand_factor_0.9.py,u_mand_factor,55,u_mand_factor,0.9,2,8,5,0.9,0.5,0.7,0.6,1.8,0.1,122.360004,80,19,165.600003,174.800006,79.354287,1,1,1055,0,heuristic_v3,infeasible,0,,,,0.0,,
u_mand_factor\set56\u_mand_factor_0.1.py,u_mand_factor,56,u_mand_factor,0.1,2,8,5,0.1,0.5,0.7,0.6,0.2,0.9,70.839998,80,29,18.400002,101.199998,8.560001,1,0,1056,0,heuristic_v4,solved,1,182.792836,70.472088,2.593833,0.0163,,
u_mand_factor\set56\u_mand_factor_0.1.py,u_mand_factor,56,u_mand_factor,0.1,2,8,5,0.1,0.5,0.7,0.6,0.2,0.9,70.839998,80,29,18.400002,101.199998,8.560001,1,0,1056,0,heuristic_v3,solved,1,178.168119,70.045064,2.543621,0.009,,
u_mand_factor\set56\u_mand_factor_0.2.py,u_mand_factor,56,u_mand_factor,0.2,2,8,5,0.2,0.5,0.7,0.6,0.4,0.8,77.279996,80,29,36.799998,110.399994,17.119999,1,0,1056,0,heuristic_v4,solved,1,189.233885,76.261569,2.481379,0.0086,,
u_mand_factor\set56\u_mand_factor_0.2.py,u_mand_factor,56,u_mand_factor,0.2,2,8,5,0.2,0.5,0.7,0.6,0.4,0.8,77.279996,80,29,36.799998,110.399994,17.119999,1,0,1056,0,heuristic_v3,solved,1,189.233885,76.261569,2.481379,0.0087,,
u_mand_factor\set56\u_mand_factor_0.3.py,u_mand_factor,56,u_mand_factor,0.3,2,8,5,0.3,0.5,0.7,0.6,0.6,0.7,83.719995,80,29,55.200001,119.599993,25.680001,1,1,1056,0,heuristic_v4,solved,1,155.852139,83.719049,1.861609,0.0083,,
u_mand_factor\set56\u_mand_factor_0.3.py,u_mand_factor,56,u_mand_factor,0.3,2,8,5,0.3,0.5,0.7,0.6,0.6,0.7,83.719995,80,29,55.200001,119.599993,25.680001,1,1,1056,0,heuristic_v3,solved,1,154.659274,83.465694,1.852968,0.0069,,
u_mand_factor\set56\u_mand_factor_0.4.py,u_mand_factor,56,u_mand_factor,0.4,2,8,5,0.4,0.5,0.7,0.6,0.8,0.6,90.160004,80,29,73.599998,128.800006,34.239999,1,1,1056,0,heuristic_v4,solved,1,127.765352,90.157391,1.417137,0.0213,,
u_mand_factor\set56\u_mand_factor_0.4.py,u_mand_factor,56,u_mand_factor,0.4,2,8,5,0.4,0.5,0.7,0.6,0.8,0.6,90.160004,80,29,73.599998,128.800006,34.239999,1,1,1056,0,heuristic_v3,solved,1,123.761898,89.902919,1.376617,0.0098,,
u_mand_factor\set56\u_mand_factor_0.5.py,u_mand_factor,56,u_mand_factor,0.5,2,8,5,0.5,0.5,0.7,0.6,1.0,0.5,96.600003,80,29,92.000006,138.000005,42.800003,1,1,1056,0,heuristic_v4,solved,1,68.668884,96.424187,0.712154,0.0145,,
u_mand_factor\set56\u_mand_factor_0.5.py,u_mand_factor,56,u_mand_factor,0.5,2,8,5,0.5,0.5,0.7,0.6,1.0,0.5,96.600003,80,29,92.000006,138.000005,42.800003,1,1,1056,0,heuristic_v3,solved,1,66.507357,96.408725,0.689848,0.0088,,
u_mand_factor\set56\u_mand_factor_0.6.py,u_mand_factor,56,u_mand_factor,0.6,2,8,5,0.6,0.5,0.7,0.6,1.2,0.4,103.040001,80,29,110.400003,147.200001,51.360002,1,1,1056,0,heuristic_v4,solved,1,26.246095,102.263618,0.256651,0.0276,,
u_mand_factor\set56\u_mand_factor_0.6.py,u_mand_factor,56,u_mand_factor,0.6,2,8,5,0.6,0.5,0.7,0.6,1.2,0.4,103.040001,80,29,110.400003,147.200001,51.360002,1,1,1056,0,heuristic_v3,solved,1,23.810862,101.765179,0.233978,0.0093,,
u_mand_factor\set56\u_mand_factor_0.7.py,u_mand_factor,56,u_mand_factor,0.7,2,8,5,0.7,0.5,0.7,0.6,1.4,0.3,109.480001,80,29,128.800003,156.400001,59.920002,1,1,1056,0,heuristic_v4,solved,1,8.702761,108.823414,0.079971,0.0544,,
u_mand_factor\set56\u_mand_factor_0.7.py,u_mand_factor,56,u_mand_factor,0.7,2,8,5,0.7,0.5,0.7,0.6,1.4,0.3,109.480001,80,29,128.800003,156.400001,59.920002,1,1,1056,0,heuristic_v3,solved,1,6.627644,108.8096,0.06091,0.0113,,
u_mand_factor\set56\u_mand_factor_0.8.py,u_mand_factor,56,u_mand_factor,0.8,2,8,5,0.8,0.5,0.7,0.6,1.6,0.2,115.92,80,29,147.200001,165.6,68.480001,1,1,1056,0,heuristic_v4,infeasible,0,,125.84875,,0.0262,,over budget: E=125.8488 > B=115.9200
u_mand_factor\set56\u_mand_factor_0.8.py,u_mand_factor,56,u_mand_factor,0.8,2,8,5,0.8,0.5,0.7,0.6,1.6,0.2,115.92,80,29,147.200001,165.6,68.480001,1,1,1056,0,heuristic_v3,infeasible,0,,125.84875,,0.028,,over budget: E=125.8488 > B=115.9200
u_mand_factor\set56\u_mand_factor_0.9.py,u_mand_factor,56,u_mand_factor,0.9,2,8,5,0.9,0.5,0.7,0.6,1.8,0.1,122.360006,80,29,165.600002,174.800009,77.040001,1,1,1056,0,heuristic_v4,infeasible,0,,,,0.0,,
u_mand_factor\set56\u_mand_factor_0.9.py,u_mand_factor,56,u_mand_factor,0.9,2,8,5,0.9,0.5,0.7,0.6,1.8,0.1,122.360006,80,29,165.600002,174.800009,77.040001,1,1,1056,0,heuristic_v3,infeasible,0,,,,0.0,,
u_mand_factor\set57\u_mand_factor_0.1.py,u_mand_factor,57,u_mand_factor,0.1,2,8,5,0.1,0.5,0.7,0.6,0.2,0.9,70.839994,80,26,18.399994,101.199991,8.559997,1,0,1057,0,heuristic_v4,solved,1,259.985118,60.580926,4.291534,0.0068,,
u_mand_factor\set57\u_mand_factor_0.1.py,u_mand_factor,57,u_mand_factor,0.1,2,8,5,0.1,0.5,0.7,0.6,0.2,0.9,70.839994,80,26,18.399994,101.199991,8.559997,1,0,1057,0,heuristic_v3,solved,1,259.985118,60.580926,4.291534,0.0068,,
u_mand_factor\set57\u_mand_factor_0.2.py,u_mand_factor,57,u_mand_factor,0.2,2,8,5,0.2,0.5,0.7,0.6,0.4,0.8,77.279998,80,26,36.800001,110.399997,17.120001,1,0,1057,0,heuristic_v4,solved,1,225.898831,75.751566,2.982101,0.0058,,
u_mand_factor\set57\u_mand_factor_0.2.py,u_mand_factor,57,u_mand_factor,0.2,2,8,5,0.2,0.5,0.7,0.6,0.4,0.8,77.279998,80,26,36.800001,110.399997,17.120001,1,0,1057,0,heuristic_v3,solved,1,225.898831,75.751566,2.982101,0.0055,,
u_mand_factor\set57\u_mand_factor_0.3.py,u_mand_factor,57,u_mand_factor,0.3,2,8,5,0.3,0.5,0.7,0.6,0.6,0.7,83.720002,80,26,55.199991,119.600002,25.679996,1,1,1057,0,heuristic_v4,solved,1,200.740195,83.717972,2.397815,0.0306,,
u_mand_factor\set57\u_mand_factor_0.3.py,u_mand_factor,57,u_mand_factor,0.3,2,8,5,0.3,0.5,0.7,0.6,0.6,0.7,83.720002,80,26,55.199991,119.600002,25.679996,1,1,1057,0,heuristic_v3,solved,1,200.425287,83.692552,2.39478,0.0185,,
u_mand_factor\set57\u_mand_factor_0.4.py,u_mand_factor,57,u_mand_factor,0.4,2,8,5,0.4,0.5,0.7,0.6,0.8,0.6,90.159999,80,26,73.599995,128.799999,34.239998,1,1,1057,0,heuristic_v4,solved,1,157.088545,90.158394,1.742362,0.0131,,
u_mand_factor\set57\u_mand_factor_0.4.py,u_mand_factor,57,u_mand_factor,0.4,2,8,5,0.4,0.5,0.7,0.6,0.8,0.6,90.159999,80,26,73.599995,128.799999,34.239998,1,1,1057,0,heuristic_v3,solved,1,157.088545,90.158394,1.742362,0.0136,,
u_mand_factor\set57\u_mand_factor_0.5.py,u_mand_factor,57,u_mand_factor,0.5,2,8,5,0.5,0.5,0.7,0.6,1.0,0.5,96.599999,80,26,91.999997,137.999999,42.799998,1,1,1057,0,heuristic_v4,solved,1,93.060803,95.124203,0.978308,0.007,,
u_mand_factor\set57\u_mand_factor_0.5.py,u_mand_factor,57,u_mand_factor,0.5,2,8,5,0.5,0.5,0.7,0.6,1.0,0.5,96.599999,80,26,91.999997,137.999999,42.799998,1,1,1057,0,heuristic_v3,solved,1,93.060803,95.124203,0.978308,0.0057,,
u_mand_factor\set57\u_mand_factor_0.6.py,u_mand_factor,57,u_mand_factor,0.6,2,8,5,0.6,0.5,0.7,0.6,1.2,0.4,103.040002,80,26,110.400003,147.200003,51.360002,1,1,1057,0,heuristic_v4,solved,1,79.86765,101.999844,0.783017,0.011,,
u_mand_factor\set57\u_mand_factor_0.6.py,u_mand_factor,57,u_mand_factor,0.6,2,8,5,0.6,0.5,0.7,0.6,1.2,0.4,103.040002,80,26,110.400003,147.200003,51.360002,1,1,1057,0,heuristic_v3,solved,1,79.86765,101.999844,0.783017,0.0092,,
u_mand_factor\set57\u_mand_factor_0.7.py,u_mand_factor,57,u_mand_factor,0.7,2,8,5,0.7,0.5,0.7,0.6,1.4,0.3,109.480005,80,26,128.800002,156.400007,59.920001,1,1,1057,0,heuristic_v4,solved,1,41.165912,109.458731,0.376086,0.0116,,
u_mand_factor\set57\u_mand_factor_0.7.py,u_mand_factor,57,u_mand_factor,0.7,2,8,5,0.7,0.5,0.7,0.6,1.4,0.3,109.480005,80,26,128.800002,156.400007,59.920001,1,1,1057,0,heuristic_v3,solved,1,41.093026,109.469321,0.375384,0.0102,,
u_mand_factor\set57\u_mand_factor_0.8.py,u_mand_factor,57,u_mand_factor,0.8,2,8,5,0.8,0.5,0.7,0.6,1.6,0.2,115.920005,80,26,147.200003,165.600007,68.480002,1,1,1057,0,heuristic_v4,infeasible,0,,118.518222,,0.0204,,over budget: E=118.5182 > B=115.9200
u_mand_factor\set57\u_mand_factor_0.8.py,u_mand_factor,57,u_mand_factor,0.8,2,8,5,0.8,0.5,0.7,0.6,1.6,0.2,115.920005,80,26,147.200003,165.600007,68.480002,1,1,1057,0,heuristic_v3,infeasible,0,,118.518222,,0.0202,,over budget: E=118.5182 > B=115.9200
u_mand_factor\set57\u_mand_factor_0.9.py,u_mand_factor,57,u_mand_factor,0.9,2,8,5,0.9,0.5,0.7,0.6,1.8,0.1,122.360006,80,26,165.600003,174.800008,77.040002,1,1,1057,0,heuristic_v4,infeasible,0,,147.472929,,0.0247,,over budget: E=147.4729 > B=122.3600
u_mand_factor\set57\u_mand_factor_0.9.py,u_mand_factor,57,u_mand_factor,0.9,2,8,5,0.9,0.5,0.7,0.6,1.8,0.1,122.360006,80,26,165.600003,174.800008,77.040002,1,1,1057,0,heuristic_v3,infeasible,0,,147.472929,,0.0238,,over budget: E=147.4729 > B=122.3600
u_mand_factor\set58\u_mand_factor_0.1.py,u_mand_factor,58,u_mand_factor,0.1,2,8,5,0.1,0.5,0.7,0.6,0.2,0.9,70.83999,80,39,18.4,101.199986,8.56,1,0,1058,0,heuristic_v4,solved,1,218.134076,69.398666,3.143203,0.0165,,
u_mand_factor\set58\u_mand_factor_0.1.py,u_mand_factor,58,u_mand_factor,0.1,2,8,5,0.1,0.5,0.7,0.6,0.2,0.9,70.83999,80,39,18.4,101.199986,8.56,1,0,1058,0,heuristic_v3,solved,1,218.134076,69.398666,3.143203,0.0177,,
u_mand_factor\set58\u_mand_factor_0.2.py,u_mand_factor,58,u_mand_factor,0.2,2,8,5,0.2,0.5,0.7,0.6,0.4,0.8,77.279998,80,39,36.79999,110.399997,17.119995,1,0,1058,0,heuristic_v4,solved,1,225.776151,77.108324,2.928039,0.0161,,
u_mand_factor\set58\u_mand_factor_0.2.py,u_mand_factor,58,u_mand_factor,0.2,2,8,5,0.2,0.5,0.7,0.6,0.4,0.8,77.279998,80,39,36.79999,110.399997,17.119995,1,0,1058,0,heuristic_v3,solved,1,225.397372,77.07251,2.924485,0.0136,,
u_mand_factor\set58\u_mand_factor_0.3.py,u_mand_factor,58,u_mand_factor,0.3,2,8,5,0.3,0.5,0.7,0.6,0.6,0.7,83.719999,80,39,55.19999,119.599999,25.679995,1,1,1058,0,heuristic_v4,solved,1,187.237944,83.718368,2.236522,0.1376,,
u_mand_factor\set58\u_mand_factor_0.3.py,u_mand_factor,58,u_mand_factor,0.3,2,8,5,0.3,0.5,0.7,0.6,0.6,0.7,83.719999,80,39,55.19999,119.599999,25.679995,1,1,1058,0,heuristic_v3,solved,1,184.45591,83.688744,2.204071,0.044,,
u_mand_factor\set58\u_mand_factor_0.4.py,u_mand_factor,58,u_mand_factor,0.4,2,8,5,0.4,0.5,0.7,0.6,0.8,0.6,90.160004,80,39,73.599997,128.800006,34.239998,1,1,1058,0,heuristic_v4,solved,1,152.544825,90.134499,1.692413,0.2621,,
u_mand_factor\set58\u_mand_factor_0.4.py,u_mand_factor,58,u_mand_factor,0.4,2,8,5,0.4,0.5,0.7,0.6,0.8,0.6,90.160004,80,39,73.599997,128.800006,34.239998,1,1,1058,0,heuristic_v3,solved,1,146.548043,90.121516,1.626116,0.0593,,
u_mand_factor\set58\u_mand_factor_0.5.py,u_mand_factor,58,u_mand_factor,0.5,2,8,5,0.5,0.5,0.7,0.6,1.0,0.5,96.600007,80,39,92.000012,138.00001,42.800005,1,1,1058,0,heuristic_v4,solved,1,113.055063,96.597531,1.170372,0.2047,,
u_mand_factor\set58\u_mand_factor_0.5.py,u_mand_factor,58,u_mand_factor,0.5,2,8,5,0.5,0.5,0.7,0.6,1.0,0.5,96.600007,80,39,92.000012,138.00001,42.800005,1,1,1058,0,heuristic_v3,solved,1,107.17451,96.587817,1.109607,0.0419,,
u_mand_factor\set58\u_mand_factor_0.6.py,u_mand_factor,58,u_mand_factor,0.6,2,8,5,0.6,0.5,0.7,0.6,1.2,0.4,103.040002,80,39,110.400005,147.200002,51.360002,1,1,1058,0,heuristic_v4,solved,1,66.622871,102.970907,0.647007,0.1833,,
u_mand_factor\set58\u_mand_factor_0.6.py,u_mand_factor,58,u_mand_factor,0.6,2,8,5,0.6,0.5,0.7,0.6,1.2,0.4,103.040002,80,39,110.400005,147.200002,51.360002,1,1,1058,0,heuristic_v3,solved,1,62.542557,103.035564,0.607,0.0268,,
u_mand_factor\set58\u_mand_factor_0.7.py,u_mand_factor,58,u_mand_factor,0.7,2,8,5,0.7,0.5,0.7,0.6,1.4,0.3,109.479996,80,39,128.800005,156.399994,59.920002,1,1,1058,0,heuristic_v4,solved,1,21.844498,109.467058,0.199553,0.125,,
u_mand_factor\set58\u_mand_factor_0.7.py,u_mand_factor,58,u_mand_factor,0.7,2,8,5,0.7,0.5,0.7,0.6,1.4,0.3,109.479996,80,39,128.800005,156.399994,59.920002,1,1,1058,0,heuristic_v3,solved,1,20.974981,109.441508,0.191655,0.0815,,
u_mand_factor\set58\u_mand_factor_0.8.py,u_mand_factor,58,u_mand_factor,0.8,2,8,5,0.8,0.5,0.7,0.6,1.6,0.2,115.919995,80,39,147.200001,165.599993,68.480001,1,1,1058,0,heuristic_v4,infeasible,0,,132.008452,,0.0551,,over budget: E=132.0085 > B=115.9200
u_mand_factor\set58\u_mand_factor_0.8.py,u_mand_factor,58,u_mand_factor,0.8,2,8,5,0.8,0.5,0.7,0.6,1.6,0.2,115.919995,80,39,147.200001,165.599993,68.480001,1,1,1058,0,heuristic_v3,infeasible,0,,132.008452,,0.0604,,over budget: E=132.0085 > B=115.9200
u_mand_factor\set58\u_mand_factor_0.9.py,u_mand_factor,58,u_mand_factor,0.9,2,8,5,0.9,0.5,0.7,0.6,1.8,0.1,122.359998,80,39,165.600005,174.799998,77.040002,1,1,1058,0,heuristic_v4,infeasible,0,,,,0.0,,
u_mand_factor\set58\u_mand_factor_0.9.py,u_mand_factor,58,u_mand_factor,0.9,2,8,5,0.9,0.5,0.7,0.6,1.8,0.1,122.359998,80,39,165.600005,174.799998,77.040002,1,1,1058,0,heuristic_v3,infeasible,0,,,,0.0,,
u_mand_factor\set59\u_mand_factor_0.1.py,u_mand_factor,59,u_mand_factor,0.1,2,8,5,0.1,0.5,0.7,0.6,0.2,0.9,70.839994,80,34,18.400002,101.199992,8.573334,1,0,1059,0,heuristic_v4,solved,1,180.007679,67.099995,2.682678,0.0115,,
u_mand_factor\set59\u_mand_factor_0.1.py,u_mand_factor,59,u_mand_factor,0.1,2,8,5,0.1,0.5,0.7,0.6,0.2,0.9,70.839994,80,34,18.400002,101.199992,8.573334,1,0,1059,0,heuristic_v3,solved,1,180.007679,67.099995,2.682678,0.0106,,
u_mand_factor\set59\u_mand_factor_0.2.py,u_mand_factor,59,u_mand_factor,0.2,2,8,5,0.2,0.5,0.7,0.6,0.4,0.8,77.279997,80,34,36.800001,110.399995,17.146667,1,0,1059,0,heuristic_v4,solved,1,161.9876,73.199997,2.212945,0.0111,,
u_mand_factor\set59\u_mand_factor_0.2.py,u_mand_factor,59,u_mand_factor,0.2,2,8,5,0.2,0.5,0.7,0.6,0.4,0.8,77.279997,80,34,36.800001,110.399995,17.146667,1,0,1059,0,heuristic_v3,solved,1,161.9876,73.199997,2.212945,0.0105,,
u_mand_factor\set59\u_mand_factor_0.3.py,u_mand_factor,59,u_mand_factor,0.3,2,8,5,0.3,0.5,0.7,0.6,0.6,0.7,83.720002,80,34,55.200003,119.600003,25.720002,1,1,1059,0,heuristic_v4,solved,1,140.285063,79.300002,1.769042,0.0117,,
u_mand_factor\set59\u_mand_factor_0.3.py,u_mand_factor,59,u_mand_factor,0.3,2,8,5,0.3,0.5,0.7,0.6,0.6,0.7,83.720002,80,34,55.200003,119.600003,25.720002,1,1,1059,0,heuristic_v3,solved,1,140.285063,79.300002,1.769042,0.011,,
u_mand_factor\set59\u_mand_factor_0.4.py,u_mand_factor,59,u_mand_factor,0.4,2,8,5,0.4,0.5,0.7,0.6,0.8,0.6,90.160004,80,34,73.600005,128.800006,34.293335,1,1,1059,0,heuristic_v4,solved,1,118.367901,89.533051,1.322058,0.0093,,
u_mand_factor\set59\u_mand_factor_0.4.py,u_mand_factor,59,u_mand_factor,0.4,2,8,5,0.4,0.5,0.7,0.6,0.8,0.6,90.160004,80,34,73.600005,128.800006,34.293335,1,1,1059,0,heuristic_v3,solved,1,118.367901,89.533051,1.322058,0.0092,,
u_mand_factor\set59\u_mand_factor_0.5.py,u_mand_factor,59,u_mand_factor,0.5,2,8,5,0.5,0.5,0.7,0.6,1.0,0.5,96.6,80,34,91.999998,138.0,42.866666,1,1,1059,0,heuristic_v4,solved,1,97.067054,95.094744,1.02074,0.013,,
u_mand_factor\set59\u_mand_factor_0.5.py,u_mand_factor,59,u_mand_factor,0.5,2,8,5,0.5,0.5,0.7,0.6,1.0,0.5,96.6,80,34,91.999998,138.0,42.866666,1,1,1059,0,heuristic_v3,solved,1,95.194512,94.617873,1.006094,0.0108,,
u_mand_factor\set59\u_mand_factor_0.6.py,u_mand_factor,59,u_mand_factor,0.6,2,8,5,0.6,0.5,0.7,0.6,1.2,0.4,103.040002,80,34,110.399988,147.200003,51.439995,1,1,1059,0,heuristic_v4,solved,1,54.180512,103.032509,0.525858,0.0234,,
u_mand_factor\set59\u_mand_factor_0.6.py,u_mand_factor,59,u_mand_factor,0.6,2,8,5,0.6,0.5,0.7,0.6,1.2,0.4,103.040002,80,34,110.399988,147.200003,51.439995,1,1,1059,0,heuristic_v3,solved,1,52.610701,103.017429,0.510697,0.0176,,
u_mand_factor\set59\u_mand_factor_0.7.py,u_mand_factor,59,u_mand_factor,0.7,2,8,5,0.7,0.5,0.7,0.6,1.4,0.3,109.479997,80,34,128.800001,156.399995,60.013334,1,1,1059,0,heuristic_v4,solved,1,34.889222,109.393217,0.318934,0.0126,,
u_mand_factor\set59\u_mand_factor_0.7.py,u_mand_factor,59,u_mand_factor,0.7,2,8,5,0.7,0.5,0.7,0.6,1.4,0.3,109.479997,80,34,128.800001,156.399995,60.013334,1,1,1059,0,heuristic_v3,solved,1,34.889222,109.393217,0.318934,0.0112,,
u_mand_factor\set59\u_mand_factor_0.8.py,u_mand_factor,59,u_mand_factor,0.8,2,8,5,0.8,0.5,0.7,0.6,1.6,0.2,115.91999,80,34,147.199999,165.599985,68.586666,1,1,1059,0,heuristic_v4,solved,1,6.016999,115.911271,0.05191,0.0452,,
u_mand_factor\set59\u_mand_factor_0.8.py,u_mand_factor,59,u_mand_factor,0.8,2,8,5,0.8,0.5,0.7,0.6,1.6,0.2,115.91999,80,34,147.199999,165.599985,68.586666,1,1,1059,0,heuristic_v3,solved,1,5.718989,115.911578,0.049339,0.0352,,
u_mand_factor\set59\u_mand_factor_0.9.py,u_mand_factor,59,u_mand_factor,0.9,2,8,5,0.9,0.5,0.7,0.6,1.8,0.1,122.360007,80,34,165.6,174.80001,77.16,1,1,1059,0,heuristic_v4,infeasible,0,,147.759975,,0.0628,,over budget: E=147.7600 > B=122.3600
u_mand_factor\set59\u_mand_factor_0.9.py,u_mand_factor,59,u_mand_factor,0.9,2,8,5,0.9,0.5,0.7,0.6,1.8,0.1,122.360007,80,34,165.6,174.80001,77.16,1,1,1059,0,heuristic_v3,infeasible,0,,147.759975,,0.0643,,over budget: E=147.7600 > B=122.3600
u_mand_factor\set60\u_mand_factor_0.1.py,u_mand_factor,60,u_mand_factor,0.1,2,8,5,0.1,0.5,0.7,0.6,0.2,0.9,70.840004,80,33,18.399998,101.200006,8.573332,1,0,1060,0,heuristic_v4,solved,1,188.234389,70.039979,2.687528,0.0106,,
u_mand_factor\set60\u_mand_factor_0.1.py,u_mand_factor,60,u_mand_factor,0.1,2,8,5,0.1,0.5,0.7,0.6,0.2,0.9,70.840004,80,33,18.399998,101.200006,8.573332,1,0,1060,0,heuristic_v3,solved,1,188.234389,70.039979,2.687528,0.0107,,
u_mand_factor\set60\u_mand_factor_0.2.py,u_mand_factor,60,u_mand_factor,0.2,2,8,5,0.2,0.5,0.7,0.6,0.4,0.8,77.279996,80,33,36.800005,110.399994,17.146669,1,0,1060,0,heuristic_v4,solved,1,123.111935,77.106854,1.596641,0.0135,,
u_mand_factor\set60\u_mand_factor_0.2.py,u_mand_factor,60,u_mand_factor,0.2,2,8,5,0.2,0.5,0.7,0.6,0.4,0.8,77.279996,80,33,36.800005,110.399994,17.146669,1,0,1060,0,heuristic_v3,solved,1,123.111935,77.106854,1.596641,0.0131,,
u_mand_factor\set60\u_mand_factor_0.3.py,u_mand_factor,60,u_mand_factor,0.3,2,8,5,0.3,0.5,0.7,0.6,0.6,0.7,83.719999,80,33,55.200002,119.599999,25.720001,1,1,1060,0,heuristic_v4,solved,1,92.247203,83.441037,1.105538,0.0128,,
u_mand_factor\set60\u_mand_factor_0.3.py,u_mand_factor,60,u_mand_factor,0.3,2,8,5,0.3,0.5,0.7,0.6,0.6,0.7,83.719999,80,33,55.200002,119.599999,25.720001,1,1,1060,0,heuristic_v3,solved,1,92.247203,83.441037,1.105538,0.0128,,
u_mand_factor\set60\u_mand_factor_0.4.py,u_mand_factor,60,u_mand_factor,0.4,2,8,5,0.4,0.5,0.7,0.6,0.8,0.6,90.159997,80,33,73.599991,128.799995,34.293329,1,1,1060,0,heuristic_v4,solved,1,88.762667,90.036058,0.985857,0.0083,,
u_mand_factor\set60\u_mand_factor_0.4.py,u_mand_factor,60,u_mand_factor,0.4,2,8,5,0.4,0.5,0.7,0.6,0.8,0.6,90.159997,80,33,73.599991,128.799995,34.293329,1,1,1060,0,heuristic_v3,solved,1,88.762667,90.036058,0.985857,0.0078,,
u_mand_factor\set60\u_mand_factor_0.5.py,u_mand_factor,60,u_mand_factor,0.5,2,8,5,0.5,0.5,0.7,0.6,1.0,0.5,96.600006,80,33,91.999998,138.000008,42.866666,1,1,1060,0,heuristic_v4,solved,1,70.804027,95.747428,0.739488,0.018,,
u_mand_factor\set60\u_mand_factor_0.5.py,u_mand_factor,60,u_mand_factor,0.5,2,8,5,0.5,0.5,0.7,0.6,1.0,0.5,96.600006,80,33,91.999998,138.000008,42.866666,1,1,1060,0,heuristic_v3,solved,1,70.428604,95.96404,0.733906,0.0125,,
u_mand_factor\set60\u_mand_factor_0.6.py,u_mand_factor,60,u_mand_factor,0.6,2,8,5,0.6,0.5,0.7,0.6,1.2,0.4,103.039998,80,33,110.399995,147.199997,51.439998,1,1,1060,0,heuristic_v4,solved,1,53.835531,103.028993,0.522528,0.0176,,
u_mand_factor\set60\u_mand_factor_0.6.py,u_mand_factor,60,u_mand_factor,0.6,2,8,5,0.6,0.5,0.7,0.6,1.2,0.4,103.039998,80,33,110.399995,147.199997,51.439998,1,1,1060,0,heuristic_v3,solved,1,53.835531,103.028993,0.522528,0.016,,
u_mand_factor\set60\u_mand_factor_0.7.py,u_mand_factor,60,u_mand_factor,0.7,2,8,5,0.7,0.5,0.7,0.6,1.4,0.3,109.479995,80,33,128.799993,156.399993,60.01333,1,1,1060,0,heuristic_v4,solved,1,46.147306,109.474302,0.421536,0.0229,,
u_mand_factor\set60\u_mand_factor_0.7.py,u_mand_factor,60,u_mand_factor,0.7,2,8,5,0.7,0.5,0.7,0.6,1.4,0.3,109.479995,80,33,128.799993,156.399993,60.01333,1,1,1060,0,heuristic_v3,solved,1,46.146145,109.395671,0.421828,0.0208,,
u_mand_factor\set60\u_mand_factor_0.8.py,u_mand_factor,60,u_mand_factor,0.8,2,8,5,0.8,0.5,0.7,0.6,1.6,0.2,115.919991,80,33,147.199995,165.599987,68.586665,1,1,1060,0,heuristic_v4,infeasible,0,,120.045296,,0.0456,,over budget: E=120.0453 > B=115.9200
u_mand_factor\set60\u_mand_factor_0.8.py,u_mand_factor,60,u_mand_factor,0.8,2,8,5,0.8,0.5,0.7,0.6,1.6,0.2,115.919991,80,33,147.199995,165.599987,68.586665,1,1,1060,0,heuristic_v3,infeasible,0,,120.045296,,0.0491,,over budget: E=120.0453 > B=115.9200
u_mand_factor\set60\u_mand_factor_0.9.py,u_mand_factor,60,u_mand_factor,0.9,2,8,5,0.9,0.5,0.7,0.6,1.8,0.1,122.359998,80,33,165.599998,174.799997,77.159999,1,1,1060,0,heuristic_v4,infeasible,0,,,,0.0,,
u_mand_factor\set60\u_mand_factor_0.9.py,u_mand_factor,60,u_mand_factor,0.9,2,8,5,0.9,0.5,0.7,0.6,1.8,0.1,122.359998,80,33,165.599998,174.799997,77.159999,1,1,1060,0,heuristic_v3,infeasible,0,,,,0.0,,
u_mand_factor\set61\u_mand_factor_0.1.py,u_mand_factor,61,u_mand_factor,0.1,2,8,5,0.1,0.5,0.7,0.6,0.2,0.9,70.839988,80,36,18.399998,101.199983,8.559999,1,0,1061,0,heuristic_v4,solved,1,262.250603,70.287785,3.731098,0.0159,,
u_mand_factor\set61\u_mand_factor_0.1.py,u_mand_factor,61,u_mand_factor,0.1,2,8,5,0.1,0.5,0.7,0.6,0.2,0.9,70.839988,80,36,18.399998,101.199983,8.559999,1,0,1061,0,heuristic_v3,solved,1,262.250603,70.287785,3.731098,0.0147,,
u_mand_factor\set61\u_mand_factor_0.2.py,u_mand_factor,61,u_mand_factor,0.2,2,8,5,0.2,0.5,0.7,0.6,0.4,0.8,77.279998,80,36,36.799997,110.399998,17.119998,1,0,1061,0,heuristic_v4,solved,1,211.894574,75.908989,2.791429,0.0142,,
u_mand_factor\set61\u_mand_factor_0.2.py,u_mand_factor,61,u_mand_factor,0.2,2,8,5,0.2,0.5,0.7,0.6,0.4,0.8,77.279998,80,36,36.799997,110.399998,17.119998,1,0,1061,0,heuristic_v3,solved,1,211.894574,75.908989,2.791429,0.0123,,
u_mand_factor\set61\u_mand_factor_0.3.py,u_mand_factor,61,u_mand_factor,0.3,2,8,5,0.3,0.5,0.7,0.6,0.6,0.7,83.719995,80,36,55.199994,119.599993,25.679997,1,1,1061,0,heuristic_v4,solved,1,192.722546,83.405397,2.310672,0.0217,,
u_mand_factor\set61\u_mand_factor_0.3.py,u_mand_factor,61,u_mand_factor,0.3,2,8,5,0.3,0.5,0.7,0.6,0.6,0.7,83.719995,80,36,55.199994,119.599993,25.679997,1,1,1061,0,heuristic_v3,solved,1,192.575697,83.42833,2.308277,0.0166,,
u_mand_factor\set61\u_mand_factor_0.4.py,u_mand_factor,61,u_mand_factor,0.4,2,8,5,0.4,0.5,0.7,0.6,0.8,0.6,90.160001,80,36,73.599999,128.800001,34.239999,1,1,1061,0,heuristic_v4,solved,1,161.933488,89.776443,1.803741,0.0179,,
u_mand_factor\set61\u_mand_factor_0.4.py,u_mand_factor,61,u_mand_factor,0.4,2,8,5,0.4,0.5,0.7,0.6,0.8,0.6,90.160001,80,36,73.599999,128.800001,34.239999,1,1,1061,0,heuristic_v3,solved,1,158.052478,89.962893,1.756863,0.0128,,
u_mand_factor\set61\u_mand_factor_0.5.py,u_mand_factor,61,u_mand_factor,0.5,2,8,5,0.5,0.5,0.7,0.6,1.0,0.5,96.599989,80,36,92.000006,137.999984,42.800003,1,1,1061,0,heuristic_v4,solved,1,119.796694,96.581458,1.240369,0.0205,,
u_mand_factor\set61\u_mand_factor_0.5.py,u_mand_factor,61,u_mand_factor,0.5,2,8,5,0.5,0.5,0.7,0.6,1.0,0.5,96.599989,80,36,92.000006,137.999984,42.800003,1,1,1061,0,heuristic_v3,solved,1,117.385471,96.444671,1.217128,0.0194,,
u_mand_factor\set61\u_mand_factor_0.6.py,u_mand_factor,61,u_mand_factor,0.6,2,8,5,0.6,0.5,0.7,0.6,1.2,0.4,103.040006,80,36,110.400005,147.200008,51.360002,1,1,1061,0,heuristic_v4,solved,1,67.636272,101.367356,0.667239,0.0472,,
u_mand_factor\set61\u_mand_factor_0.6.py,u_mand_factor,61,u_mand_factor,0.6,2,8,5,0.6,0.5,0.7,0.6,1.2,0.4,103.040006,80,36,110.400005,147.200008,51.360002,1,1,1061,0,heuristic_v3,solved,1,66.927052,101.1481,0.661674,0.0132,,
u_mand_factor\set61\u_mand_factor_0.7.py,u_mand_factor,61,u_mand_factor,0.7,2,8,5,0.7,0.5,0.7,0.6,1.4,0.3,109.479991,80,36,128.799994,156.399987,59.919997,1,1,1061,0,heuristic_v4,solved,1,23.214942,109.473846,0.212059,0.1004,,
u_mand_factor\set61\u_mand_factor_0.7.py,u_mand_factor,61,u_mand_factor,0.7,2,8,5,0.7,0.5,0.7,0.6,1.4,0.3,109.479991,80,36,128.799994,156.399987,59.919997,1,1,1061,0,heuristic_v3,solved,1,21.848675,109.464067,0.199597,0.0452,,
u_mand_factor\set61\u_mand_factor_0.8.py,u_mand_factor,61,u_mand_factor,0.8,2,8,5,0.8,0.5,0.7,0.6,1.6,0.2,115.920002,80,36,147.200001,165.600002,68.480001,1,1,1061,0,heuristic_v4,infeasible,0,,117.731943,,0.0181,,over budget: E=117.7319 > B=115.9200
u_mand_factor\set61\u_mand_factor_0.8.py,u_mand_factor,61,u_mand_factor,0.8,2,8,5,0.8,0.5,0.7,0.6,1.6,0.2,115.920002,80,36,147.200001,165.600002,68.480001,1,1,1061,0,heuristic_v3,infeasible,0,,117.731943,,0.0194,,over budget: E=117.7319 > B=115.9200
u_mand_factor\set61\u_mand_factor_0.9.py,u_mand_factor,61,u_mand_factor,0.9,2,8,5,0.9,0.5,0.7,0.6,1.8,0.1,122.360006,80,36,165.600006,174.800008,77.040003,1,1,1061,0,heuristic_v4,infeasible,0,,151.005882,,0.061,,over budget: E=151.0059 > B=122.3600
u_mand_factor\set61\u_mand_factor_0.9.py,u_mand_factor,61,u_mand_factor,0.9,2,8,5,0.9,0.5,0.7,0.6,1.8,0.1,122.360006,80,36,165.600006,174.800008,77.040003,1,1,1061,0,heuristic_v3,infeasible,0,,151.005882,,0.0599,,over budget: E=151.0059 > B=122.3600
u_mand_factor\set62\u_mand_factor_0.1.py,u_mand_factor,62,u_mand_factor,0.1,2,8,5,0.1,0.5,0.7,0.6,0.2,0.9,70.84001,80,40,18.400011,101.200015,8.573339,1,0,1062,0,heuristic_v4,solved,1,185.123856,70.100618,2.640831,0.0215,,
u_mand_factor\set62\u_mand_factor_0.1.py,u_mand_factor,62,u_mand_factor,0.1,2,8,5,0.1,0.5,0.7,0.6,0.2,0.9,70.84001,80,40,18.400011,101.200015,8.573339,1,0,1062,0,heuristic_v3,solved,1,185.123856,70.100618,2.640831,0.0225,,
u_mand_factor\set62\u_mand_factor_0.2.py,u_mand_factor,62,u_mand_factor,0.2,2,8,5,0.2,0.5,0.7,0.6,0.4,0.8,77.279995,80,40,36.799993,110.399993,17.146663,1,0,1062,0,heuristic_v4,solved,1,184.943298,74.173557,2.493386,0.0226,,
u_mand_factor\set62\u_mand_factor_0.2.py,u_mand_factor,62,u_mand_factor,0.2,2,8,5,0.2,0.5,0.7,0.6,0.4,0.8,77.279995,80,40,36.799993,110.399993,17.146663,1,0,1062,0,heuristic_v3,solved,1,184.943298,74.173557,2.493386,0.0232,,
u_mand_factor\set62\u_mand_factor_0.3.py,u_mand_factor,62,u_mand_factor,0.3,2,8,5,0.3,0.5,0.7,0.6,0.6,0.7,83.720008,80,40,55.2,119.600011,25.72,1,1,1062,0,heuristic_v4,solved,1,138.731806,81.812235,1.695734,0.0229,,
u_mand_factor\set62\u_mand_factor_0.3.py,u_mand_factor,62,u_mand_factor,0.3,2,8,5,0.3,0.5,0.7,0.6,0.6,0.7,83.720008,80,40,55.2,119.600011,25.72,1,1,1062,0,heuristic_v3,solved,1,138.731806,81.812235,1.695734,0.0202,,
u_mand_factor\set62\u_mand_factor_0.4.py,u_mand_factor,62,u_mand_factor,0.4,2,8,5,0.4,0.5,0.7,0.6,0.8,0.6,90.159996,80,40,73.600002,128.799994,34.293334,1,1,1062,0,heuristic_v4,solved,1,116.98548,87.668035,1.334414,0.0229,,
u_mand_factor\set62\u_mand_factor_0.4.py,u_mand_factor,62,u_mand_factor,0.4,2,8,5,0.4,0.5,0.7,0.6,0.8,0.6,90.159996,80,40,73.600002,128.799994,34.293334,1,1,1062,0,heuristic_v3,solved,1,116.98548,87.668035,1.334414,0.0205,,
u_mand_factor\set62\u_mand_factor_0.5.py,u_mand_factor,62,u_mand_factor,0.5,2,8,5,0.5,0.5,0.7,0.6,1.0,0.5,96.599994,80,40,92.000002,137.999992,42.866668,1,1,1062,0,heuristic_v4,solved,1,96.601086,96.578282,1.000236,0.0331,,
u_mand_factor\set62\u_mand_factor_0.5.py,u_mand_factor,62,u_mand_factor,0.5,2,8,5,0.5,0.5,0.7,0.6,1.0,0.5,96.599994,80,40,92.000002,137.999992,42.866668,1,1,1062,0,heuristic_v3,solved,1,96.601086,96.578282,1.000236,0.0352,,
u_mand_factor\set62\u_mand_factor_0.6.py,u_mand_factor,62,u_mand_factor,0.6,2,8,5,0.6,0.5,0.7,0.6,1.2,0.4,103.040001,80,40,110.400005,147.200001,51.440002,1,1,1062,0,heuristic_v4,solved,1,67.037812,102.04227,0.656961,0.0411,,
u_mand_factor\set62\u_mand_factor_0.6.py,u_mand_factor,62,u_mand_factor,0.6,2,8,5,0.6,0.5,0.7,0.6,1.2,0.4,103.040001,80,40,110.400005,147.200001,51.440002,1,1,1062,0,heuristic_v3,solved,1,67.037812,102.04227,0.656961,0.0221,,
u_mand_factor\set62\u_mand_factor_0.7.py,u_mand_factor,62,u_mand_factor,0.7,2,8,5,0.7,0.5,0.7,0.6,1.4,0.3,109.480004,80,40,128.799997,156.400006,60.013332,1,1,1062,0,heuristic_v4,solved,1,39.954368,109.463265,0.365003,0.2352,,
u_mand_factor\set62\u_mand_factor_0.7.py,u_mand_factor,62,u_mand_factor,0.7,2,8,5,0.7,0.5,0.7,0.6,1.4,0.3,109.480004,80,40,128.799997,156.400006,60.013332,1,1,1062,0,heuristic_v3,solved,1,35.623953,108.480796,0.328389,0.0243,,
u_mand_factor\set62\u_mand_factor_0.8.py,u_mand_factor,62,u_mand_factor,0.8,2,8,5,0.8,0.5,0.7,0.6,1.6,0.2,115.919995,80,40,147.200006,165.599993,68.586669,1,1,1062,0,heuristic_v4,solved,1,3.055829,115.91586,0.026362,0.0414,,
u_mand_factor\set62\u_mand_factor_0.8.py,u_mand_factor,62,u_mand_factor,0.8,2,8,5,0.8,0.5,0.7,0.6,1.6,0.2,115.919995,80,40,147.200006,165.599993,68.586669,1,1,1062,0,heuristic_v3,solved,1,2.97212,115.916728,0.02564,0.033,,
u_mand_factor\set62\u_mand_factor_0.9.py,u_mand_factor,62,u_mand_factor,0.9,2,8,5,0.9,0.5,0.7,0.6,1.8,0.1,122.360006,80,40,165.600005,174.800008,77.160002,1,1,1062,0,heuristic_v4,infeasible,0,,149.0212,,0.0399,,over budget: E=149.0212 > B=122.3600
u_mand_factor\set62\u_mand_factor_0.9.py,u_mand_factor,62,u_mand_factor,0.9,2,8,5,0.9,0.5,0.7,0.6,1.8,0.1,122.360006,80,40,165.600005,174.800008,77.160002,1,1,1062,0,heuristic_v3,infeasible,0,,149.0212,,0.0374,,over budget: E=149.0212 > B=122.3600
u_mand_factor\set63\u_mand_factor_0.1.py,u_mand_factor,63,u_mand_factor,0.1,2,8,5,0.1,0.5,0.7,0.6,0.2,0.9,70.840008,80,21,18.400005,101.200011,8.560002,1,0,1063,0,heuristic_v4,solved,1,226.612265,67.782999,3.343202,0.0032,,
u_mand_factor\set63\u_mand_factor_0.1.py,u_mand_factor,63,u_mand_factor,0.1,2,8,5,0.1,0.5,0.7,0.6,0.2,0.9,70.840008,80,21,18.400005,101.200011,8.560002,1,0,1063,0,heuristic_v3,solved,1,226.612265,67.782999,3.343202,0.0031,,
u_mand_factor\set63\u_mand_factor_0.2.py,u_mand_factor,63,u_mand_factor,0.2,2,8,5,0.2,0.5,0.7,0.6,0.4,0.8,77.27999,80,21,36.799994,110.399986,17.119997,1,0,1063,0,heuristic_v4,solved,1,166.872554,76.392976,2.184397,0.0065,,
u_mand_factor\set63\u_mand_factor_0.2.py,u_mand_factor,63,u_mand_factor,0.2,2,8,5,0.2,0.5,0.7,0.6,0.4,0.8,77.27999,80,21,36.799994,110.399986,17.119997,1,0,1063,0,heuristic_v3,solved,1,166.872554,76.392976,2.184397,0.0065,,
u_mand_factor\set63\u_mand_factor_0.3.py,u_mand_factor,63,u_mand_factor,0.3,2,8,5,0.3,0.5,0.7,0.6,0.6,0.7,83.720004,80,21,55.200002,119.600006,25.680001,1,1,1063,0,heuristic_v4,solved,1,149.057978,83.717543,1.780487,0.0062,,
u_mand_factor\set63\u_mand_factor_0.3.py,u_mand_factor,63,u_mand_factor,0.3,2,8,5,0.3,0.5,0.7,0.6,0.6,0.7,83.720004,80,21,55.200002,119.600006,25.680001,1,1,1063,0,heuristic_v3,solved,1,149.057978,83.717543,1.780487,0.0064,,
u_mand_factor\set63\u_mand_factor_0.4.py,u_mand_factor,63,u_mand_factor,0.4,2,8,5,0.4,0.5,0.7,0.6,0.8,0.6,90.159999,80,21,73.600005,128.799999,34.240002,1,1,1063,0,heuristic_v4,solved,1,145.996843,90.154264,1.619411,0.0131,,
u_mand_factor\set63\u_mand_factor_0.4.py,u_mand_factor,63,u_mand_factor,0.4,2,8,5,0.4,0.5,0.7,0.6,0.8,0.6,90.159999,80,21,73.600005,128.799999,34.240002,1,1,1063,0,heuristic_v3,solved,1,145.14875,90.102217,1.610934,0.0091,,
u_mand_factor\set63\u_mand_factor_0.5.py,u_mand_factor,63,u_mand_factor,0.5,2,8,5,0.5,0.5,0.7,0.6,1.0,0.5,96.599999,80,21,91.999999,137.999999,42.799999,1,1,1063,0,heuristic_v4,solved,1,115.722845,96.555766,1.198508,0.0084,,
u_mand_factor\set63\u_mand_factor_0.5.py,u_mand_factor,63,u_mand_factor,0.5,2,8,5,0.5,0.5,0.7,0.6,1.0,0.5,96.599999,80,21,91.999999,137.999999,42.799999,1,1,1063,0,heuristic_v3,solved,1,114.992714,96.327043,1.193774,0.0062,,
u_mand_factor\set63\u_mand_factor_0.6.py,u_mand_factor,63,u_mand_factor,0.6,2,8,5,0.6,0.5,0.7,0.6,1.2,0.4,103.039998,80,21,110.399998,147.199998,51.359999,1,1,1063,0,heuristic_v4,solved,1,81.286948,102.927502,0.78975,0.0044,,
u_mand_factor\set63\u_mand_factor_0.6.py,u_mand_factor,63,u_mand_factor,0.6,2,8,5,0.6,0.5,0.7,0.6,1.2,0.4,103.039998,80,21,110.399998,147.199998,51.359999,1,1,1063,0,heuristic_v3,solved,1,81.286948,102.927502,0.78975,0.0044,,
u_mand_factor\set63\u_mand_factor_0.7.py,u_mand_factor,63,u_mand_factor,0.7,2,8,5,0.7,0.5,0.7,0.6,1.4,0.3,109.480009,80,21,128.800002,156.400013,59.920001,1,1,1063,0,heuristic_v4,solved,1,27.165428,109.338389,0.248453,0.0096,,
u_mand_factor\set63\u_mand_factor_0.7.py,u_mand_factor,63,u_mand_factor,0.7,2,8,5,0.7,0.5,0.7,0.6,1.4,0.3,109.480009,80,21,128.800002,156.400013,59.920001,1,1,1063,0,heuristic_v3,solved,1,26.862192,109.468543,0.245387,0.0102,,
u_mand_factor\set63\u_mand_factor_0.8.py,u_mand_factor,63,u_mand_factor,0.8,2,8,5,0.8,0.5,0.7,0.6,1.6,0.2,115.919995,80,21,147.199998,165.599993,68.479999,1,1,1063,0,heuristic_v4,solved,1,0.0,113.942157,0.0,0.002,,
u_mand_factor\set63\u_mand_factor_0.8.py,u_mand_factor,63,u_mand_factor,0.8,2,8,5,0.8,0.5,0.7,0.6,1.6,0.2,115.919995,80,21,147.199998,165.599993,68.479999,1,1,1063,0,heuristic_v3,solved,1,0.0,113.942157,0.0,0.002,,
u_mand_factor\set63\u_mand_factor_0.9.py,u_mand_factor,63,u_mand_factor,0.9,2,8,5,0.9,0.5,0.7,0.6,1.8,0.1,122.360001,80,21,165.600003,174.800001,77.040002,1,1,1063,0,heuristic_v4,infeasible,0,,149.991719,,0.0126,,over budget: E=149.9917 > B=122.3600
u_mand_factor\set63\u_mand_factor_0.9.py,u_mand_factor,63,u_mand_factor,0.9,2,8,5,0.9,0.5,0.7,0.6,1.8,0.1,122.360001,80,21,165.600003,174.800001,77.040002,1,1,1063,0,heuristic_v3,infeasible,0,,149.991719,,0.0123,,over budget: E=149.9917 > B=122.3600
u_mand_factor\set64\u_mand_factor_0.1.py,u_mand_factor,64,u_mand_factor,0.1,2,8,5,0.1,0.5,0.7,0.6,0.2,0.9,70.840003,80,32,18.399999,101.200005,8.573333,1,0,1064,0,heuristic_v4,solved,1,205.865986,69.3988,2.96642,0.0097,,
u_mand_factor\set64\u_mand_factor_0.1.py,u_mand_factor,64,u_mand_factor,0.1,2,8,5,0.1,0.5,0.7,0.6,0.2,0.9,70.840003,80,32,18.399999,101.200005,8.573333,1,0,1064,0,heuristic_v3,solved,1,205.865986,69.3988,2.96642,0.0097,,
u_mand_factor\set64\u_mand_factor_0.2.py,u_mand_factor,64,u_mand_factor,0.2,2,8,5,0.2,0.5,0.7,0.6,0.4,0.8,77.280001,80,32,36.800003,110.400001,17.146668,1,0,1064,0,heuristic_v4,solved,1,205.862011,77.16939,2.667664,0.0088,,
u_mand_factor\set64\u_mand_factor_0.2.py,u_mand_factor,64,u_mand_factor,0.2,2,8,5,0.2,0.5,0.7,0.6,0.4,0.8,77.280001,80,32,36.800003,110.400001,17.146668,1,0,1064,0,heuristic_v3,solved,1,205.862011,77.16939,2.667664,0.0097,,
u_mand_factor\set64\u_mand_factor_0.3.py,u_mand_factor,64,u_mand_factor,0.3,2,8,5,0.3,0.5,0.7,0.6,0.6,0.7,83.720011,80,32,55.200007,119.600016,25.720003,1,1,1064,0,heuristic_v4,solved,1,161.369438,83.553082,1.93134,0.0142,,
u_mand_factor\set64\u_mand_factor_0.3.py,u_mand_factor,64,u_mand_factor,0.3,2,8,5,0.3,0.5,0.7,0.6,0.6,0.7,83.720011,80,32,55.200007,119.600016,25.720003,1,1,1064,0,heuristic_v3,solved,1,161.369438,83.553082,1.93134,0.0134,,
u_mand_factor\set64\u_mand_factor_0.4.py,u_mand_factor,64,u_mand_factor,0.4,2,8,5,0.4,0.5,0.7,0.6,0.8,0.6,90.160001,80,32,73.599997,128.800001,34.293332,1,1,1064,0,heuristic_v4,solved,1,124.013445,89.869359,1.37993,0.0203,,
u_mand_factor\set64\u_mand_factor_0.4.py,u_mand_factor,64,u_mand_factor,0.4,2,8,5,0.4,0.5,0.7,0.6,0.8,0.6,90.160001,80,32,73.599997,128.800001,34.293332,1,1,1064,0,heuristic_v3,solved,1,116.502785,89.700224,1.298801,0.0106,,
u_mand_factor\set64\u_mand_factor_0.5.py,u_mand_factor,64,u_mand_factor,0.5,2,8,5,0.5,0.5,0.7,0.6,1.0,0.5,96.600001,80,32,92.000003,138.000001,42.866668,1,1,1064,0,heuristic_v4,solved,1,92.102852,96.579528,0.953648,0.0201,,
u_mand_factor\set64\u_mand_factor_0.5.py,u_mand_factor,64,u_mand_factor,0.5,2,8,5,0.5,0.5,0.7,0.6,1.0,0.5,96.600001,80,32,92.000003,138.000001,42.866668,1,1,1064,0,heuristic_v3,solved,1,84.920767,96.588996,0.879197,0.0111,,
u_mand_factor\set64\u_mand_factor_0.6.py,u_mand_factor,64,u_mand_factor,0.6,2,8,5,0.6,0.5,0.7,0.6,1.2,0.4,103.039993,80,32,110.399999,147.19999,51.439999,1,1,1064,0,heuristic_v4,solved,1,45.858054,102.068665,0.449286,0.048,,
u_mand_factor\set64\u_mand_factor_0.6.py,u_mand_factor,64,u_mand_factor,0.6,2,8,5,0.6,0.5,0.7,0.6,1.2,0.4,103.039993,80,32,110.399999,147.19999,51.439999,1,1,1064,0,heuristic_v3,solved,1,44.56354,101.664791,0.438338,0.0124,,
u_mand_factor\set64\u_mand_factor_0.7.py,u_mand_factor,64,u_mand_factor,0.7,2,8,5,0.7,0.5,0.7,0.6,1.4,0.3,109.480001,80,32,128.799998,156.400001,60.013332,1,1,1064,0,heuristic_v4,solved,1,20.883654,109.266338,0.191126,0.0177,,
u_mand_factor\set64\u_mand_factor_0.7.py,u_mand_factor,64,u_mand_factor,0.7,2,8,5,0.7,0.5,0.7,0.6,1.4,0.3,109.480001,80,32,128.799998,156.400001,60.013332,1,1,1064,0,heuristic_v3,solved,1,20.883654,109.266338,0.191126,0.0148,,
u_mand_factor\set64\u_mand_factor_0.8.py,u_mand_factor,64,u_mand_factor,0.8,2,8,5,0.8,0.5,0.7,0.6,1.6,0.2,115.919998,80,32,147.200001,165.599998,68.586667,1,1,1064,0,heuristic_v4,infeasible,0,,119.156339,,0.0185,,over budget: E=119.1563 > B=115.9200
u_mand_factor\set64\u_mand_factor_0.8.py,u_mand_factor,64,u_mand_factor,0.8,2,8,5,0.8,0.5,0.7,0.6,1.6,0.2,115.919998,80,32,147.200001,165.599998,68.586667,1,1,1064,0,heuristic_v3,infeasible,0,,119.156339,,0.0185,,over budget: E=119.1563 > B=115.9200
u_mand_factor\set64\u_mand_factor_0.9.py,u_mand_factor,64,u_mand_factor,0.9,2,8,5,0.9,0.5,0.7,0.6,1.8,0.1,122.360001,80,32,165.600001,174.800001,77.160001,1,1,1064,0,heuristic_v4,infeasible,0,,,,0.0,,
u_mand_factor\set64\u_mand_factor_0.9.py,u_mand_factor,64,u_mand_factor,0.9,2,8,5,0.9,0.5,0.7,0.6,1.8,0.1,122.360001,80,32,165.600001,174.800001,77.160001,1,1,1064,0,heuristic_v3,infeasible,0,,,,0.0,,
u_mand_factor\set65\u_mand_factor_0.1.py,u_mand_factor,65,u_mand_factor,0.1,2,8,5,0.1,0.5,0.7,0.6,0.2,0.9,70.840013,80,25,18.400003,101.200018,8.573335,1,0,1065,0,heuristic_v4,solved,1,238.471274,70.685633,3.373688,0.0083,,
u_mand_factor\set65\u_mand_factor_0.1.py,u_mand_factor,65,u_mand_factor,0.1,2,8,5,0.1,0.5,0.7,0.6,0.2,0.9,70.840013,80,25,18.400003,101.200018,8.573335,1,0,1065,0,heuristic_v3,solved,1,238.471274,70.685633,3.373688,0.0089,,
u_mand_factor\set65\u_mand_factor_0.2.py,u_mand_factor,65,u_mand_factor,0.2,2,8,5,0.2,0.5,0.7,0.6,0.4,0.8,77.28,80,25,36.800002,110.4,17.146668,1,0,1065,0,heuristic_v4,solved,1,176.94496,77.259434,2.29027,0.0098,,
u_mand_factor\set65\u_mand_factor_0.2.py,u_mand_factor,65,u_mand_factor,0.2,2,8,5,0.2,0.5,0.7,0.6,0.4,0.8,77.28,80,25,36.800002,110.4,17.146668,1,0,1065,0,heuristic_v3,solved,1,176.94496,77.259434,2.29027,0.0097,,
u_mand_factor\set65\u_mand_factor_0.3.py,u_mand_factor,65,u_mand_factor,0.3,2,8,5,0.3,0.5,0.7,0.6,0.6,0.7,83.72,80,25,55.199997,119.6,25.719998,1,1,1065,0,heuristic_v4,solved,1,176.550848,83.595429,2.111968,0.0076,,
u_mand_factor\set65\u_mand_factor_0.3.py,u_mand_factor,65,u_mand_factor,0.3,2,8,5,0.3,0.5,0.7,0.6,0.6,0.7,83.72,80,25,55.199997,119.6,25.719998,1,1,1065,0,heuristic_v3,solved,1,176.550848,83.595429,2.111968,0.0071,,
u_mand_factor\set65\u_mand_factor_0.4.py,u_mand_factor,65,u_mand_factor,0.4,2,8,5,0.4,0.5,0.7,0.6,0.8,0.6,90.160002,80,25,73.600003,128.800002,34.293335,1,1,1065,0,heuristic_v4,solved,1,148.73135,90.063528,1.651405,0.0081,,
u_mand_factor\set65\u_mand_factor_0.4.py,u_mand_factor,65,u_mand_factor,0.4,2,8,5,0.4,0.5,0.7,0.6,0.8,0.6,90.160002,80,25,73.600003,128.800002,34.293335,1,1,1065,0,heuristic_v3,solved,1,148.73135,90.063528,1.651405,0.0075,,
u_mand_factor\set65\u_mand_factor_0.5.py,u_mand_factor,65,u_mand_factor,0.5,2,8,5,0.5,0.5,0.7,0.6,1.0,0.5,96.600006,80,25,91.999999,138.000008,42.866666,1,1,1065,0,heuristic_v4,solved,1,126.19237,96.584074,1.306555,0.0103,,
u_mand_factor\set65\u_mand_factor_0.5.py,u_mand_factor,65,u_mand_factor,0.5,2,8,5,0.5,0.5,0.7,0.6,1.0,0.5,96.600006,80,25,91.999999,138.000008,42.866666,1,1,1065,0,heuristic_v3,solved,1,126.189991,96.583042,1.306544,0.0088,,
u_mand_factor\set65\u_mand_factor_0.6.py,u_mand_factor,65,u_mand_factor,0.6,2,8,5,0.6,0.5,0.7,0.6,1.2,0.4,103.040002,80,25,110.400006,147.200003,51.440003,1,1,1065,0,heuristic_v4,solved,1,78.364717,102.973484,0.761018,0.0078,,
u_mand_factor\set65\u_mand_factor_0.6.py,u_mand_factor,65,u_mand_factor,0.6,2,8,5,0.6,0.5,0.7,0.6,1.2,0.4,103.040002,80,25,110.400006,147.200003,51.440003,1,1,1065,0,heuristic_v3,solved,1,78.364717,102.973484,0.761018,0.0079,,
u_mand_factor\set65\u_mand_factor_0.7.py,u_mand_factor,65,u_mand_factor,0.7,2,8,5,0.7,0.5,0.7,0.6,1.4,0.3,109.480001,80,25,128.800005,156.400001,60.013335,1,1,1065,0,heuristic_v4,solved,1,42.865622,108.962445,0.393398,0.0159,,
u_mand_factor\set65\u_mand_factor_0.7.py,u_mand_factor,65,u_mand_factor,0.7,2,8,5,0.7,0.5,0.7,0.6,1.4,0.3,109.480001,80,25,128.800005,156.400001,60.013335,1,1,1065,0,heuristic_v3,solved,1,42.691879,108.972987,0.391766,0.0085,,
u_mand_factor\set65\u_mand_factor_0.8.py,u_mand_factor,65,u_mand_factor,0.8,2,8,5,0.8,0.5,0.7,0.6,1.6,0.2,115.920006,80,25,147.199994,165.600008,68.586664,1,1,1065,0,heuristic_v4,solved,1,6.039468,115.779449,0.052164,0.0264,,
u_mand_factor\set65\u_mand_factor_0.8.py,u_mand_factor,65,u_mand_factor,0.8,2,8,5,0.8,0.5,0.7,0.6,1.6,0.2,115.920006,80,25,147.199994,165.600008,68.586664,1,1,1065,0,heuristic_v3,solved,1,5.210659,115.895321,0.04496,0.0078,,
u_mand_factor\set65\u_mand_factor_0.9.py,u_mand_factor,65,u_mand_factor,0.9,2,8,5,0.9,0.5,0.7,0.6,1.8,0.1,122.36,80,25,165.600002,174.8,77.160001,1,1,1065,0,heuristic_v4,infeasible,0,,145.74654,,0.023,,over budget: E=145.7465 > B=122.3600
u_mand_factor\set65\u_mand_factor_0.9.py,u_mand_factor,65,u_mand_factor,0.9,2,8,5,0.9,0.5,0.7,0.6,1.8,0.1,122.36,80,25,165.600002,174.8,77.160001,1,1,1065,0,heuristic_v3,infeasible,0,,145.74654,,0.0229,,over budget: E=145.7465 > B=122.3600
u_mand_factor\set66\u_mand_factor_0.1.py,u_mand_factor,66,u_mand_factor,0.1,2,8,5,0.1,0.5,0.7,0.6,0.2,0.9,70.840003,80,30,18.4,101.200005,10.452308,1,0,1066,0,heuristic_v4,solved,1,188.599246,70.1964,2.686737,0.0105,,
u_mand_factor\set66\u_mand_factor_0.1.py,u_mand_factor,66,u_mand_factor,0.1,2,8,5,0.1,0.5,0.7,0.6,0.2,0.9,70.840003,80,30,18.4,101.200005,10.452308,1,0,1066,0,heuristic_v3,solved,1,188.599246,70.1964,2.686737,0.0113,,
u_mand_factor\set66\u_mand_factor_0.2.py,u_mand_factor,66,u_mand_factor,0.2,2,8,5,0.2,0.5,0.7,0.6,0.4,0.8,77.280002,80,30,36.8,110.400003,20.904615,1,0,1066,0,heuristic_v4,solved,1,184.610925,76.379842,2.417011,0.0118,,
u_mand_factor\set66\u_mand_factor_0.2.py,u_mand_factor,66,u_mand_factor,0.2,2,8,5,0.2,0.5,0.7,0.6,0.4,0.8,77.280002,80,30,36.8,110.400003,20.904615,1,0,1066,0,heuristic_v3,solved,1,184.610925,76.379842,2.417011,0.0116,,
u_mand_factor\set66\u_mand_factor_0.3.py,u_mand_factor,66,u_mand_factor,0.3,2,8,5,0.3,0.5,0.7,0.6,0.6,0.7,83.719999,80,30,55.199997,119.599999,31.356921,1,1,1066,0,heuristic_v4,solved,1,157.68446,82.980706,1.900254,0.0108,,
u_mand_factor\set66\u_mand_factor_0.3.py,u_mand_factor,66,u_mand_factor,0.3,2,8,5,0.3,0.5,0.7,0.6,0.6,0.7,83.719999,80,30,55.199997,119.599999,31.356921,1,1,1066,0,heuristic_v3,solved,1,157.68446,82.980706,1.900254,0.0088,,
u_mand_factor\set66\u_mand_factor_0.4.py,u_mand_factor,66,u_mand_factor,0.4,2,8,5,0.4,0.5,0.7,0.6,0.8,0.6,90.159994,80,30,73.600001,128.799992,41.809231,1,1,1066,0,heuristic_v4,solved,1,131.796944,90.15756,1.461851,0.01,,
u_mand_factor\set66\u_mand_factor_0.4.py,u_mand_factor,66,u_mand_factor,0.4,2,8,5,0.4,0.5,0.7,0.6,0.8,0.6,90.159994,80,30,73.600001,128.799992,41.809231,1,1,1066,0,heuristic_v3,solved,1,131.796944,90.15756,1.461851,0.0104,,
u_mand_factor\set66\u_mand_factor_0.5.py,u_mand_factor,66,u_mand_factor,0.5,2,8,5,0.5,0.5,0.7,0.6,1.0,0.5,96.599991,80,30,91.999997,137.999987,52.261537,1,1,1066,0,heuristic_v4,solved,1,106.146018,96.414342,1.100936,0.0112,,
u_mand_factor\set66\u_mand_factor_0.5.py,u_mand_factor,66,u_mand_factor,0.5,2,8,5,0.5,0.5,0.7,0.6,1.0,0.5,96.599991,80,30,91.999997,137.999987,52.261537,1,1,1066,0,heuristic_v3,solved,1,105.355928,96.104096,1.096269,0.01,,
u_mand_factor\set66\u_mand_factor_0.6.py,u_mand_factor,66,u_mand_factor,0.6,2,8,5,0.6,0.5,0.7,0.6,1.2,0.4,103.040001,80,30,110.400006,147.200001,62.713849,1,1,1066,0,heuristic_v4,solved,1,70.092451,102.645378,0.68286,0.0145,,
u_mand_factor\set66\u_mand_factor_0.6.py,u_mand_factor,66,u_mand_factor,0.6,2,8,5,0.6,0.5,0.7,0.6,1.2,0.4,103.040001,80,30,110.400006,147.200001,62.713849,1,1,1066,0,heuristic_v3,solved,1,70.092451,102.645378,0.68286,0.0149,,
u_mand_factor\set66\u_mand_factor_0.7.py,u_mand_factor,66,u_mand_factor,0.7,2,8,5,0.7,0.5,0.7,0.6,1.4,0.3,109.480006,80,30,128.799997,156.400009,73.166152,1,1,1066,0,heuristic_v4,solved,1,33.523699,109.11518,0.307232,0.0204,,
u_mand_factor\set66\u_mand_factor_0.7.py,u_mand_factor,66,u_mand_factor,0.7,2,8,5,0.7,0.5,0.7,0.6,1.4,0.3,109.480006,80,30,128.799997,156.400009,73.166152,1,1,1066,0,heuristic_v3,solved,1,33.523699,109.11518,0.307232,0.0201,,
u_mand_factor\set66\u_mand_factor_0.8.py,u_mand_factor,66,u_mand_factor,0.8,2,8,5,0.8,0.5,0.7,0.6,1.6,0.2,115.920005,80,30,147.200005,165.600007,83.618464,1,1,1066,0,heuristic_v4,solved,1,11.767661,115.896862,0.101536,0.0246,,
u_mand_factor\set66\u_mand_factor_0.8.py,u_mand_factor,66,u_mand_factor,0.8,2,8,5,0.8,0.5,0.7,0.6,1.6,0.2,115.920005,80,30,147.200005,165.600007,83.618464,1,1,1066,0,heuristic_v3,solved,1,11.767661,115.896862,0.101536,0.0207,,
u_mand_factor\set66\u_mand_factor_0.9.py,u_mand_factor,66,u_mand_factor,0.9,2,8,5,0.9,0.5,0.7,0.6,1.8,0.1,122.36,80,30,165.599999,174.8,94.070769,1,1,1066,0,heuristic_v4,infeasible,0,,141.883563,,0.0211,,over budget: E=141.8836 > B=122.3600
u_mand_factor\set66\u_mand_factor_0.9.py,u_mand_factor,66,u_mand_factor,0.9,2,8,5,0.9,0.5,0.7,0.6,1.8,0.1,122.36,80,30,165.599999,174.8,94.070769,1,1,1066,0,heuristic_v3,infeasible,0,,141.883563,,0.0217,,over budget: E=141.8836 > B=122.3600
u_mand_factor\set67\u_mand_factor_0.1.py,u_mand_factor,67,u_mand_factor,0.1,2,8,5,0.1,0.5,0.7,0.6,0.2,0.9,70.839999,80,23,18.399998,101.199999,8.559999,1,0,1067,0,heuristic_v4,solved,1,168.789895,69.699206,2.42169,0.004,,
u_mand_factor\set67\u_mand_factor_0.1.py,u_mand_factor,67,u_mand_factor,0.1,2,8,5,0.1,0.5,0.7,0.6,0.2,0.9,70.839999,80,23,18.399998,101.199999,8.559999,1,0,1067,0,heuristic_v3,solved,1,168.789895,69.699206,2.42169,0.0043,,
u_mand_factor\set67\u_mand_factor_0.2.py,u_mand_factor,67,u_mand_factor,0.2,2,8,5,0.2,0.5,0.7,0.6,0.4,0.8,77.280003,80,23,36.800001,110.400005,17.120001,1,0,1067,0,heuristic_v4,solved,1,152.512459,75.102387,2.030727,0.0042,,
u_mand_factor\set67\u_mand_factor_0.2.py,u_mand_factor,67,u_mand_factor,0.2,2,8,5,0.2,0.5,0.7,0.6,0.4,0.8,77.280003,80,23,36.800001,110.400005,17.120001,1,0,1067,0,heuristic_v3,solved,1,152.512459,75.102387,2.030727,0.0039,,
u_mand_factor\set67\u_mand_factor_0.3.py,u_mand_factor,67,u_mand_factor,0.3,2,8,5,0.3,0.5,0.7,0.6,0.6,0.7,83.720006,80,23,55.199999,119.600009,25.679999,1,1,1067,0,heuristic_v4,solved,1,116.267675,83.566076,1.391326,0.0056,,
u_mand_factor\set67\u_mand_factor_0.3.py,u_mand_factor,67,u_mand_factor,0.3,2,8,5,0.3,0.5,0.7,0.6,0.6,0.7,83.720006,80,23,55.199999,119.600009,25.679999,1,1,1067,0,heuristic_v3,solved,1,102.778288,82.860005,1.240385,0.0033,,
u_mand_factor\set67\u_mand_factor_0.4.py,u_mand_factor,67,u_mand_factor,0.4,2,8,5,0.4,0.5,0.7,0.6,0.8,0.6,90.16,80,23,73.599998,128.8,34.239999,1,1,1067,0,heuristic_v4,solved,1,61.940934,89.016285,0.695838,0.0029,,
u_mand_factor\set67\u_mand_factor_0.4.py,u_mand_factor,67,u_mand_factor,0.4,2,8,5,0.4,0.5,0.7,0.6,0.8,0.6,90.16,80,23,73.599998,128.8,34.239999,1,1,1067,0,heuristic_v3,solved,1,61.940934,89.016285,0.695838,0.0025,,
u_mand_factor\set67\u_mand_factor_0.5.py,u_mand_factor,67,u_mand_factor,0.5,2,8,5,0.5,0.5,0.7,0.6,1.0,0.5,96.600001,80,23,92.0,138.000001,42.8,1,1,1067,0,heuristic_v4,solved,1,57.70105,95.554308,0.603856,0.0046,,
u_mand_factor\set67\u_mand_factor_0.5.py,u_mand_factor,67,u_mand_factor,0.5,2,8,5,0.5,0.5,0.7,0.6,1.0,0.5,96.600001,80,23,92.0,138.000001,42.8,1,1,1067,0,heuristic_v3,solved,1,52.068856,93.12866,0.559107,0.0038,,
u_mand_factor\set67\u_mand_factor_0.6.py,u_mand_factor,67,u_mand_factor,0.6,2,8,5,0.6,0.5,0.7,0.6,1.2,0.4,103.040001,80,23,110.399999,147.200001,51.359999,1,1,1067,0,heuristic_v4,solved,1,30.788617,100.962574,0.304951,0.0048,,
u_mand_factor\set67\u_mand_factor_0.6.py,u_mand_factor,67,u_mand_factor,0.6,2,8,5,0.6,0.5,0.7,0.6,1.2,0.4,103.040001,80,23,110.399999,147.200001,51.359999,1,1,1067,0,heuristic_v3,solved,1,30.788617,100.962574,0.304951,0.0041,,
u_mand_factor\set67\u_mand_factor_0.7.py,u_mand_factor,67,u_mand_factor,0.7,2,8,5,0.7,0.5,0.7,0.6,1.4,0.3,109.480006,80,23,128.800005,156.400009,59.920002,1,1,1067,0,heuristic_v4,solved,1,28.983886,109.409669,0.264912,0.0102,,
u_mand_factor\set67\u_mand_factor_0.7.py,u_mand_factor,67,u_mand_factor,0.7,2,8,5,0.7,0.5,0.7,0.6,1.4,0.3,109.480006,80,23,128.800005,156.400009,59.920002,1,1,1067,0,heuristic_v3,solved,1,27.814624,109.411756,0.25422,0.0068,,
u_mand_factor\set67\u_mand_factor_0.8.py,u_mand_factor,67,u_mand_factor,0.8,2,8,5,0.8,0.5,0.7,0.6,1.6,0.2,115.919997,80,23,147.2,165.599995,68.48,1,1,1067,0,heuristic_v4,infeasible,0,,121.456556,,0.0102,,over budget: E=121.4566 > B=115.9200
u_mand_factor\set67\u_mand_factor_0.8.py,u_mand_factor,67,u_mand_factor,0.8,2,8,5,0.8,0.5,0.7,0.6,1.6,0.2,115.919997,80,23,147.2,165.599995,68.48,1,1,1067,0,heuristic_v3,infeasible,0,,121.456556,,0.01,,over budget: E=121.4566 > B=115.9200
u_mand_factor\set67\u_mand_factor_0.9.py,u_mand_factor,67,u_mand_factor,0.9,2,8,5,0.9,0.5,0.7,0.6,1.8,0.1,122.359996,80,23,165.599993,174.799994,77.039997,1,1,1067,0,heuristic_v4,infeasible,0,,,,0.0,,
u_mand_factor\set67\u_mand_factor_0.9.py,u_mand_factor,67,u_mand_factor,0.9,2,8,5,0.9,0.5,0.7,0.6,1.8,0.1,122.359996,80,23,165.599993,174.799994,77.039997,1,1,1067,0,heuristic_v3,infeasible,0,,,,0.0,,
u_mand_factor\set68\u_mand_factor_0.1.py,u_mand_factor,68,u_mand_factor,0.1,2,8,5,0.1,0.5,0.7,0.6,0.2,0.9,70.840008,80,30,18.400001,101.200011,8.573334,1,0,1068,0,heuristic_v4,solved,1,199.432817,67.326688,2.962166,0.0101,,
u_mand_factor\set68\u_mand_factor_0.1.py,u_mand_factor,68,u_mand_factor,0.1,2,8,5,0.1,0.5,0.7,0.6,0.2,0.9,70.840008,80,30,18.400001,101.200011,8.573334,1,0,1068,0,heuristic_v3,solved,1,199.432817,67.326688,2.962166,0.0107,,
u_mand_factor\set68\u_mand_factor_0.2.py,u_mand_factor,68,u_mand_factor,0.2,2,8,5,0.2,0.5,0.7,0.6,0.4,0.8,77.27999,80,30,36.79999,110.399986,17.146662,1,0,1068,0,heuristic_v4,solved,1,141.167585,77.198506,1.828631,0.0116,,
u_mand_factor\set68\u_mand_factor_0.2.py,u_mand_factor,68,u_mand_factor,0.2,2,8,5,0.2,0.5,0.7,0.6,0.4,0.8,77.27999,80,30,36.79999,110.399986,17.146662,1,0,1068,0,heuristic_v3,solved,1,141.167585,77.198506,1.828631,0.0111,,
u_mand_factor\set68\u_mand_factor_0.3.py,u_mand_factor,68,u_mand_factor,0.3,2,8,5,0.3,0.5,0.7,0.6,0.6,0.7,83.720006,80,30,55.2,119.600008,25.72,1,1,1068,0,heuristic_v4,solved,1,110.547676,83.640033,1.321708,0.0103,,
u_mand_factor\set68\u_mand_factor_0.3.py,u_mand_factor,68,u_mand_factor,0.3,2,8,5,0.3,0.5,0.7,0.6,0.6,0.7,83.720006,80,30,55.2,119.600008,25.72,1,1,1068,0,heuristic_v3,solved,1,102.922944,83.571991,1.231548,0.0094,,
u_mand_factor\set68\u_mand_factor_0.4.py,u_mand_factor,68,u_mand_factor,0.4,2,8,5,0.4,0.5,0.7,0.6,0.8,0.6,90.159997,80,30,73.599999,128.799995,34.293333,1,1,1068,0,heuristic_v4,solved,1,97.528008,89.409954,1.090796,0.021,,
u_mand_factor\set68\u_mand_factor_0.4.py,u_mand_factor,68,u_mand_factor,0.4,2,8,5,0.4,0.5,0.7,0.6,0.8,0.6,90.159997,80,30,73.599999,128.799995,34.293333,1,1,1068,0,heuristic_v3,solved,1,90.98262,87.785756,1.036417,0.0111,,
u_mand_factor\set68\u_mand_factor_0.5.py,u_mand_factor,68,u_mand_factor,0.5,2,8,5,0.5,0.5,0.7,0.6,1.0,0.5,96.59999,80,30,92.000006,137.999986,42.866669,1,1,1068,0,heuristic_v4,solved,1,64.600608,96.391295,0.670191,0.0129,,
u_mand_factor\set68\u_mand_factor_0.5.py,u_mand_factor,68,u_mand_factor,0.5,2,8,5,0.5,0.5,0.7,0.6,1.0,0.5,96.59999,80,30,92.000006,137.999986,42.866669,1,1,1068,0,heuristic_v3,solved,1,64.600608,96.391295,0.670191,0.0121,,
u_mand_factor\set68\u_mand_factor_0.6.py,u_mand_factor,68,u_mand_factor,0.6,2,8,5,0.6,0.5,0.7,0.6,1.2,0.4,103.040003,80,30,110.399997,147.200005,51.439998,1,1,1068,0,heuristic_v4,solved,1,79.098474,101.755742,0.777337,0.0206,,
u_mand_factor\set68\u_mand_factor_0.6.py,u_mand_factor,68,u_mand_factor,0.6,2,8,5,0.6,0.5,0.7,0.6,1.2,0.4,103.040003,80,30,110.399997,147.200005,51.439998,1,1,1068,0,heuristic_v3,solved,1,78.446942,101.966684,0.769339,0.0099,,
u_mand_factor\set68\u_mand_factor_0.7.py,u_mand_factor,68,u_mand_factor,0.7,2,8,5,0.7,0.5,0.7,0.6,1.4,0.3,109.480002,80,30,128.800005,156.400003,60.013335,1,1,1068,0,heuristic_v4,solved,1,45.006642,107.483308,0.418731,0.0304,,
u_mand_factor\set68\u_mand_factor_0.7.py,u_mand_factor,68,u_mand_factor,0.7,2,8,5,0.7,0.5,0.7,0.6,1.4,0.3,109.480002,80,30,128.800005,156.400003,60.013335,1,1,1068,0,heuristic_v3,solved,1,38.473942,108.574148,0.354356,0.0099,,
u_mand_factor\set68\u_mand_factor_0.8.py,u_mand_factor,68,u_mand_factor,0.8,2,8,5,0.8,0.5,0.7,0.6,1.6,0.2,115.92,80,30,147.200001,165.6,68.586667,1,1,1068,0,heuristic_v4,infeasible,0,,123.563856,,0.0332,,over budget: E=123.5639 > B=115.9200
u_mand_factor\set68\u_mand_factor_0.8.py,u_mand_factor,68,u_mand_factor,0.8,2,8,5,0.8,0.5,0.7,0.6,1.6,0.2,115.92,80,30,147.200001,165.6,68.586667,1,1,1068,0,heuristic_v3,infeasible,0,,123.563856,,0.0335,,over budget: E=123.5639 > B=115.9200
u_mand_factor\set68\u_mand_factor_0.9.py,u_mand_factor,68,u_mand_factor,0.9,2,8,5,0.9,0.5,0.7,0.6,1.8,0.1,122.360003,80,30,165.600003,174.800005,77.160002,1,1,1068,0,heuristic_v4,infeasible,0,,149.488436,,0.0366,,over budget: E=149.4884 > B=122.3600
u_mand_factor\set68\u_mand_factor_0.9.py,u_mand_factor,68,u_mand_factor,0.9,2,8,5,0.9,0.5,0.7,0.6,1.8,0.1,122.360003,80,30,165.600003,174.800005,77.160002,1,1,1068,0,heuristic_v3,infeasible,0,,149.488436,,0.0412,,over budget: E=149.4884 > B=122.3600
u_mand_factor\set69\u_mand_factor_0.1.py,u_mand_factor,69,u_mand_factor,0.1,2,8,5,0.1,0.5,0.7,0.6,0.2,0.9,70.839994,80,36,18.399999,101.199991,8.559999,1,0,1069,0,heuristic_v4,solved,1,249.44857,67.099994,3.717565,0.0141,,
u_mand_factor\set69\u_mand_factor_0.1.py,u_mand_factor,69,u_mand_factor,0.1,2,8,5,0.1,0.5,0.7,0.6,0.2,0.9,70.839994,80,36,18.399999,101.199991,8.559999,1,0,1069,0,heuristic_v3,solved,1,249.44857,67.099994,3.717565,0.0133,,
u_mand_factor\set69\u_mand_factor_0.2.py,u_mand_factor,69,u_mand_factor,0.2,2,8,5,0.2,0.5,0.7,0.6,0.4,0.8,77.280013,80,36,36.800008,110.400018,17.120004,1,0,1069,0,heuristic_v4,solved,1,197.907196,73.200012,2.70365,0.0084,,
u_mand_factor\set69\u_mand_factor_0.2.py,u_mand_factor,69,u_mand_factor,0.2,2,8,5,0.2,0.5,0.7,0.6,0.4,0.8,77.280013,80,36,36.800008,110.400018,17.120004,1,0,1069,0,heuristic_v3,solved,1,197.907196,73.200012,2.70365,0.0085,,
u_mand_factor\set69\u_mand_factor_0.3.py,u_mand_factor,69,u_mand_factor,0.3,2,8,5,0.3,0.5,0.7,0.6,0.6,0.7,83.720006,80,36,55.200007,119.600008,25.680003,1,1,1069,0,heuristic_v4,solved,1,191.97925,79.300005,2.420924,0.0108,,
u_mand_factor\set69\u_mand_factor_0.3.py,u_mand_factor,69,u_mand_factor,0.3,2,8,5,0.3,0.5,0.7,0.6,0.6,0.7,83.720006,80,36,55.200007,119.600008,25.680003,1,1,1069,0,heuristic_v3,solved,1,191.97925,79.300005,2.420924,0.0107,,
u_mand_factor\set69\u_mand_factor_0.4.py,u_mand_factor,69,u_mand_factor,0.4,2,8,5,0.4,0.5,0.7,0.6,0.8,0.6,90.160001,80,36,73.599998,128.800001,34.239999,1,1,1069,0,heuristic_v4,solved,1,167.234249,90.117303,1.85574,0.0215,,
u_mand_factor\set69\u_mand_factor_0.4.py,u_mand_factor,69,u_mand_factor,0.4,2,8,5,0.4,0.5,0.7,0.6,0.8,0.6,90.160001,80,36,73.599998,128.800001,34.239999,1,1,1069,0,heuristic_v3,solved,1,162.556744,90.006774,1.80605,0.0168,,
u_mand_factor\set69\u_mand_factor_0.5.py,u_mand_factor,69,u_mand_factor,0.5,2,8,5,0.5,0.5,0.7,0.6,1.0,0.5,96.600001,80,36,92.000001,138.000001,42.800001,1,1,1069,0,heuristic_v4,solved,1,132.698578,96.550371,1.374397,0.0563,,
u_mand_factor\set69\u_mand_factor_0.5.py,u_mand_factor,69,u_mand_factor,0.5,2,8,5,0.5,0.5,0.7,0.6,1.0,0.5,96.600001,80,36,92.000001,138.000001,42.800001,1,1,1069,0,heuristic_v3,solved,1,123.123195,96.470262,1.276281,0.0224,,
u_mand_factor\set69\u_mand_factor_0.6.py,u_mand_factor,69,u_mand_factor,0.6,2,8,5,0.6,0.5,0.7,0.6,1.2,0.4,103.039996,80,36,110.400001,147.199994,51.360001,1,1,1069,0,heuristic_v4,solved,1,89.095473,102.980263,0.86517,0.0464,,
u_mand_factor\set69\u_mand_factor_0.6.py,u_mand_factor,69,u_mand_factor,0.6,2,8,5,0.6,0.5,0.7,0.6,1.2,0.4,103.039996,80,36,110.400001,147.199994,51.360001,1,1,1069,0,heuristic_v3,solved,1,79.644797,102.398133,0.777795,0.0157,,
u_mand_factor\set69\u_mand_factor_0.7.py,u_mand_factor,69,u_mand_factor,0.7,2,8,5,0.7,0.5,0.7,0.6,1.4,0.3,109.480001,80,36,128.800009,156.400001,59.920004,1,1,1069,0,heuristic_v4,solved,1,39.182501,109.474683,0.357914,0.1465,,
u_mand_factor\set69\u_mand_factor_0.7.py,u_mand_factor,69,u_mand_factor,0.7,2,8,5,0.7,0.5,0.7,0.6,1.4,0.3,109.480001,80,36,128.800009,156.400001,59.920004,1,1,1069,0,heuristic_v3,solved,1,34.214581,109.368212,0.312838,0.0718,,
u_mand_factor\set69\u_mand_factor_0.8.py,u_mand_factor,69,u_mand_factor,0.8,2,8,5,0.8,0.5,0.7,0.6,1.6,0.2,115.919997,80,36,147.199993,165.599995,68.479997,1,1,1069,0,heuristic_v4,infeasible,0,,118.990212,,0.0316,,over budget: E=118.9902 > B=115.9200
u_mand_factor\set69\u_mand_factor_0.8.py,u_mand_factor,69,u_mand_factor,0.8,2,8,5,0.8,0.5,0.7,0.6,1.6,0.2,115.919997,80,36,147.199993,165.599995,68.479997,1,1,1069,0,heuristic_v3,infeasible,0,,118.990212,,0.0294,,over budget: E=118.9902 > B=115.9200
u_mand_factor\set69\u_mand_factor_0.9.py,u_mand_factor,69,u_mand_factor,0.9,2,8,5,0.9,0.5,0.7,0.6,1.8,0.1,122.360002,80,36,165.59999,174.800003,77.039995,1,1,1069,0,heuristic_v4,infeasible,0,,,,0.0,,
u_mand_factor\set69\u_mand_factor_0.9.py,u_mand_factor,69,u_mand_factor,0.9,2,8,5,0.9,0.5,0.7,0.6,1.8,0.1,122.360002,80,36,165.59999,174.800003,77.039995,1,1,1069,0,heuristic_v3,infeasible,0,,,,0.0,,
u_mand_factor\set70\u_mand_factor_0.1.py,u_mand_factor,70,u_mand_factor,0.1,2,8,5,0.1,0.5,0.7,0.6,0.2,0.9,70.840001,80,32,18.399998,101.200001,8.817142,1,0,1070,0,heuristic_v4,solved,1,239.256743,67.609217,3.538818,0.0117,,
u_mand_factor\set70\u_mand_factor_0.1.py,u_mand_factor,70,u_mand_factor,0.1,2,8,5,0.1,0.5,0.7,0.6,0.2,0.9,70.840001,80,32,18.399998,101.200001,8.817142,1,0,1070,0,heuristic_v3,solved,1,239.256743,67.609217,3.538818,0.0116,,
u_mand_factor\set70\u_mand_factor_0.2.py,u_mand_factor,70,u_mand_factor,0.2,2,8,5,0.2,0.5,0.7,0.6,0.4,0.8,77.279998,80,32,36.800001,110.399998,17.634286,1,0,1070,0,heuristic_v4,solved,1,222.252499,76.353781,2.910825,0.0131,,
u_mand_factor\set70\u_mand_factor_0.2.py,u_mand_factor,70,u_mand_factor,0.2,2,8,5,0.2,0.5,0.7,0.6,0.4,0.8,77.279998,80,32,36.800001,110.399998,17.634286,1,0,1070,0,heuristic_v3,solved,1,222.252499,76.353781,2.910825,0.0149,,
u_mand_factor\set70\u_mand_factor_0.3.py,u_mand_factor,70,u_mand_factor,0.3,2,8,5,0.3,0.5,0.7,0.6,0.6,0.7,83.720001,80,32,55.199999,119.600001,26.451428,1,1,1070,0,heuristic_v4,solved,1,198.678952,83.606372,2.376361,0.0324,,
u_mand_factor\set70\u_mand_factor_0.3.py,u_mand_factor,70,u_mand_factor,0.3,2,8,5,0.3,0.5,0.7,0.6,0.6,0.7,83.720001,80,32,55.199999,119.600001,26.451428,1,1,1070,0,heuristic_v3,solved,1,197.06031,83.551067,2.358561,0.018,,
u_mand_factor\set70\u_mand_factor_0.4.py,u_mand_factor,70,u_mand_factor,0.4,2,8,5,0.4,0.5,0.7,0.6,0.8,0.6,90.159998,80,32,73.599995,128.799997,35.268569,1,1,1070,0,heuristic_v4,solved,1,162.583754,90.158758,1.803305,0.054,,
u_mand_factor\set70\u_mand_factor_0.4.py,u_mand_factor,70,u_mand_factor,0.4,2,8,5,0.4,0.5,0.7,0.6,0.8,0.6,90.159998,80,32,73.599995,128.799997,35.268569,1,1,1070,0,heuristic_v3,solved,1,161.594391,90.115418,1.793194,0.028,,
u_mand_factor\set70\u_mand_factor_0.5.py,u_mand_factor,70,u_mand_factor,0.5,2,8,5,0.5,0.5,0.7,0.6,1.0,0.5,96.599998,80,32,91.999994,137.999998,44.085712,1,1,1070,0,heuristic_v4,solved,1,125.771154,96.562803,1.30248,0.0214,,
u_mand_factor\set70\u_mand_factor_0.5.py,u_mand_factor,70,u_mand_factor,0.5,2,8,5,0.5,0.5,0.7,0.6,1.0,0.5,96.599998,80,32,91.999994,137.999998,44.085712,1,1,1070,0,heuristic_v3,solved,1,125.150695,96.55094,1.296214,0.0171,,
u_mand_factor\set70\u_mand_factor_0.6.py,u_mand_factor,70,u_mand_factor,0.6,2,8,5,0.6,0.5,0.7,0.6,1.2,0.4,103.040001,80,32,110.400005,147.200001,52.902859,1,1,1070,0,heuristic_v4,solved,1,43.395293,102.72533,0.42244,0.0143,,
u_mand_factor\set70\u_mand_factor_0.6.py,u_mand_factor,70,u_mand_factor,0.6,2,8,5,0.6,0.5,0.7,0.6,1.2,0.4,103.040001,80,32,110.400005,147.200001,52.902859,1,1,1070,0,heuristic_v3,solved,1,43.395293,102.72533,0.42244,0.0132,,
u_mand_factor\set70\u_mand_factor_0.7.py,u_mand_factor,70,u_mand_factor,0.7,2,8,5,0.7,0.5,0.7,0.6,1.4,0.3,109.479996,80,32,128.800005,156.399994,61.720002,1,1,1070,0,heuristic_v4,solved,1,15.93587,109.386444,0.145684,0.0149,,
u_mand_factor\set70\u_mand_factor_0.7.py,u_mand_factor,70,u_mand_factor,0.7,2,8,5,0.7,0.5,0.7,0.6,1.4,0.3,109.479996,80,32,128.800005,156.399994,61.720002,1,1,1070,0,heuristic_v3,solved,1,15.93587,109.386444,0.145684,0.0126,,
u_mand_factor\set70\u_mand_factor_0.8.py,u_mand_factor,70,u_mand_factor,0.8,2,8,5,0.8,0.5,0.7,0.6,1.6,0.2,115.920004,80,32,147.200002,165.600006,70.537144,1,1,1070,0,heuristic_v4,infeasible,0,,126.189427,,0.0459,,over budget: E=126.1894 > B=115.9200
u_mand_factor\set70\u_mand_factor_0.8.py,u_mand_factor,70,u_mand_factor,0.8,2,8,5,0.8,0.5,0.7,0.6,1.6,0.2,115.920004,80,32,147.200002,165.600006,70.537144,1,1,1070,0,heuristic_v3,infeasible,0,,126.189427,,0.0557,,over budget: E=126.1894 > B=115.9200
u_mand_factor\set70\u_mand_factor_0.9.py,u_mand_factor,70,u_mand_factor,0.9,2,8,5,0.9,0.5,0.7,0.6,1.8,0.1,122.36,80,32,165.599994,174.8,79.354283,1,1,1070,0,heuristic_v4,infeasible,0,,,,0.0,,
u_mand_factor\set70\u_mand_factor_0.9.py,u_mand_factor,70,u_mand_factor,0.9,2,8,5,0.9,0.5,0.7,0.6,1.8,0.1,122.36,80,32,165.599994,174.8,79.354283,1,1,1070,0,heuristic_v3,infeasible,0,,,,0.0,,
u_mand_factor\set71\u_mand_factor_0.1.py,u_mand_factor,71,u_mand_factor,0.1,2,8,5,0.1,0.5,0.7,0.6,0.2,0.9,70.83999,80,36,18.399992,101.199986,8.817139,1,0,1071,0,heuristic_v4,solved,1,168.448489,70.433142,2.391608,0.0294,,
u_mand_factor\set71\u_mand_factor_0.1.py,u_mand_factor,71,u_mand_factor,0.1,2,8,5,0.1,0.5,0.7,0.6,0.2,0.9,70.83999,80,36,18.399992,101.199986,8.817139,1,0,1071,0,heuristic_v3,solved,1,168.448489,70.433142,2.391608,0.0205,,
u_mand_factor\set71\u_mand_factor_0.2.py,u_mand_factor,71,u_mand_factor,0.2,2,8,5,0.2,0.5,0.7,0.6,0.4,0.8,77.280002,80,36,36.800006,110.400003,17.634288,1,0,1071,0,heuristic_v4,solved,1,170.770242,76.922227,2.220038,0.0185,,
u_mand_factor\set71\u_mand_factor_0.2.py,u_mand_factor,71,u_mand_factor,0.2,2,8,5,0.2,0.5,0.7,0.6,0.4,0.8,77.280002,80,36,36.800006,110.400003,17.634288,1,0,1071,0,heuristic_v3,solved,1,170.770242,76.922227,2.220038,0.0165,,
u_mand_factor\set71\u_mand_factor_0.3.py,u_mand_factor,71,u_mand_factor,0.3,2,8,5,0.3,0.5,0.7,0.6,0.6,0.7,83.719994,80,36,55.199997,119.599991,26.451427,1,1,1071,0,heuristic_v4,solved,1,135.506018,83.330252,1.626132,0.02,,
u_mand_factor\set71\u_mand_factor_0.3.py,u_mand_factor,71,u_mand_factor,0.3,2,8,5,0.3,0.5,0.7,0.6,0.6,0.7,83.719994,80,36,55.199997,119.599991,26.451427,1,1,1071,0,heuristic_v3,solved,1,135.506018,83.330252,1.626132,0.02,,
u_mand_factor\set71\u_mand_factor_0.4.py,u_mand_factor,71,u_mand_factor,0.4,2,8,5,0.4,0.5,0.7,0.6,0.8,0.6,90.159996,80,36,73.600001,128.799994,35.268572,1,1,1071,0,heuristic_v4,solved,1,107.769403,89.929925,1.198371,0.0248,,
u_mand_factor\set71\u_mand_factor_0.4.py,u_mand_factor,71,u_mand_factor,0.4,2,8,5,0.4,0.5,0.7,0.6,0.8,0.6,90.159996,80,36,73.600001,128.799994,35.268572,1,1,1071,0,heuristic_v3,solved,1,107.769403,89.929925,1.198371,0.0233,,
u_mand_factor\set71\u_mand_factor_0.5.py,u_mand_factor,71,u_mand_factor,0.5,2,8,5,0.5,0.5,0.7,0.6,1.0,0.5,96.600005,80,36,91.999993,138.000007,44.085711,1,1,1071,0,heuristic_v4,solved,1,85.617509,96.587939,0.88642,0.0376,,
u_mand_factor\set71\u_mand_factor_0.5.py,u_mand_factor,71,u_mand_factor,0.5,2,8,5,0.5,0.5,0.7,0.6,1.0,0.5,96.600005,80,36,91.999993,138.000007,44.085711,1,1,1071,0,heuristic_v3,solved,1,85.367718,96.515593,0.884497,0.0316,,
u_mand_factor\set71\u_mand_factor_0.6.py,u_mand_factor,71,u_mand_factor,0.6,2,8,5,0.6,0.5,0.7,0.6,1.2,0.4,103.040002,80,36,110.400005,147.200002,52.902859,1,1,1071,0,heuristic_v4,solved,1,61.454285,103.030855,0.596465,0.0419,,
u_mand_factor\set71\u_mand_factor_0.6.py,u_mand_factor,71,u_mand_factor,0.6,2,8,5,0.6,0.5,0.7,0.6,1.2,0.4,103.040002,80,36,110.400005,147.200002,52.902859,1,1,1071,0,heuristic_v3,solved,1,61.348125,102.921191,0.596069,0.0348,,
u_mand_factor\set71\u_mand_factor_0.7.py,u_mand_factor,71,u_mand_factor,0.7,2,8,5,0.7,0.5,0.7,0.6,1.4,0.3,109.479993,80,36,128.799994,156.39999,61.719997,1,1,1071,0,heuristic_v4,solved,1,32.679586,109.260748,0.299097,0.0705,,
u_mand_factor\set71\u_mand_factor_0.7.py,u_mand_factor,71,u_mand_factor,0.7,2,8,5,0.7,0.5,0.7,0.6,1.4,0.3,109.479993,80,36,128.799994,156.39999,61.719997,1,1,1071,0,heuristic_v3,solved,1,30.510619,109.428967,0.278817,0.0354,,
u_mand_factor\set71\u_mand_factor_0.8.py,u_mand_factor,71,u_mand_factor,0.8,2,8,5,0.8,0.5,0.7,0.6,1.6,0.2,115.920001,80,36,147.199992,165.600001,70.537139,1,1,1071,0,heuristic_v4,solved,1,3.183916,115.917088,0.027467,0.0435,,
u_mand_factor\set71\u_mand_factor_0.8.py,u_mand_factor,71,u_mand_factor,0.8,2,8,5,0.8,0.5,0.7,0.6,1.6,0.2,115.920001,80,36,147.199992,165.600001,70.537139,1,1,1071,0,heuristic_v3,solved,1,2.789659,115.887527,0.024072,0.0336,,
u_mand_factor\set71\u_mand_factor_0.9.py,u_mand_factor,71,u_mand_factor,0.9,2,8,5,0.9,0.5,0.7,0.6,1.8,0.1,122.360012,80,36,165.600003,174.800017,79.354287,1,1,1071,0,heuristic_v4,infeasible,0,,,,0.0,,
u_mand_factor\set71\u_mand_factor_0.9.py,u_mand_factor,71,u_mand_factor,0.9,2,8,5,0.9,0.5,0.7,0.6,1.8,0.1,122.360012,80,36,165.600003,174.800017,79.354287,1,1,1071,0,heuristic_v3,infeasible,0,,,,0.0,,
u_mand_factor\set72\u_mand_factor_0.1.py,u_mand_factor,72,u_mand_factor,0.1,2,8,5,0.1,0.5,0.7,0.6,0.2,0.9,70.839993,80,30,18.399997,101.19999,9.439998,1,0,1072,0,heuristic_v4,solved,1,204.096627,70.433169,2.897735,0.0149,,
u_mand_factor\set72\u_mand_factor_0.1.py,u_mand_factor,72,u_mand_factor,0.1,2,8,5,0.1,0.5,0.7,0.6,0.2,0.9,70.839993,80,30,18.399997,101.19999,9.439998,1,0,1072,0,heuristic_v3,solved,1,204.096627,70.433169,2.897735,0.0151,,
u_mand_factor\set72\u_mand_factor_0.2.py,u_mand_factor,72,u_mand_factor,0.2,2,8,5,0.2,0.5,0.7,0.6,0.4,0.8,77.28,80,30,36.800005,110.4,18.880002,1,0,1072,0,heuristic_v4,solved,1,189.000101,76.242734,2.478926,0.013,,
u_mand_factor\set72\u_mand_factor_0.2.py,u_mand_factor,72,u_mand_factor,0.2,2,8,5,0.2,0.5,0.7,0.6,0.4,0.8,77.28,80,30,36.800005,110.4,18.880002,1,0,1072,0,heuristic_v3,solved,1,189.000101,76.242734,2.478926,0.0122,,
u_mand_factor\set72\u_mand_factor_0.3.py,u_mand_factor,72,u_mand_factor,0.3,2,8,5,0.3,0.5,0.7,0.6,0.6,0.7,83.720005,80,30,55.199999,119.600007,28.319999,1,1,1072,0,heuristic_v4,solved,1,161.20634,83.49514,1.930727,0.0152,,
u_mand_factor\set72\u_mand_factor_0.3.py,u_mand_factor,72,u_mand_factor,0.3,2,8,5,0.3,0.5,0.7,0.6,0.6,0.7,83.720005,80,30,55.199999,119.600007,28.319999,1,1,1072,0,heuristic_v3,solved,1,157.211582,81.707505,1.924078,0.0135,,
u_mand_factor\set72\u_mand_factor_0.4.py,u_mand_factor,72,u_mand_factor,0.4,2,8,5,0.4,0.5,0.7,0.6,0.8,0.6,90.159994,80,30,73.599995,128.799991,37.759998,1,1,1072,0,heuristic_v4,solved,1,134.394423,90.000714,1.49326,0.0254,,
u_mand_factor\set72\u_mand_factor_0.4.py,u_mand_factor,72,u_mand_factor,0.4,2,8,5,0.4,0.5,0.7,0.6,0.8,0.6,90.159994,80,30,73.599995,128.799991,37.759998,1,1,1072,0,heuristic_v3,solved,1,132.061185,90.159783,1.464746,0.016,,
u_mand_factor\set72\u_mand_factor_0.5.py,u_mand_factor,72,u_mand_factor,0.5,2,8,5,0.5,0.5,0.7,0.6,1.0,0.5,96.600001,80,30,92.000006,138.000001,47.200003,1,1,1072,0,heuristic_v4,solved,1,106.99139,96.592843,1.107653,0.0246,,
u_mand_factor\set72\u_mand_factor_0.5.py,u_mand_factor,72,u_mand_factor,0.5,2,8,5,0.5,0.5,0.7,0.6,1.0,0.5,96.600001,80,30,92.000006,138.000001,47.200003,1,1,1072,0,heuristic_v3,solved,1,104.067755,96.585161,1.077471,0.0307,,
u_mand_factor\set72\u_mand_factor_0.6.py,u_mand_factor,72,u_mand_factor,0.6,2,8,5,0.6,0.5,0.7,0.6,1.2,0.4,103.039998,80,30,110.4,147.199997,56.64,1,1,1072,0,heuristic_v4,solved,1,78.44413,103.019572,0.761449,0.0501,,
u_mand_factor\set72\u_mand_factor_0.6.py,u_mand_factor,72,u_mand_factor,0.6,2,8,5,0.6,0.5,0.7,0.6,1.2,0.4,103.039998,80,30,110.4,147.199997,56.64,1,1,1072,0,heuristic_v3,solved,1,71.332564,102.995712,0.692578,0.0199,,
u_mand_factor\set72\u_mand_factor_0.7.py,u_mand_factor,72,u_mand_factor,0.7,2,8,5,0.7,0.5,0.7,0.6,1.4,0.3,109.479995,80,30,128.799997,156.399993,66.079998,1,1,1072,0,heuristic_v4,solved,1,42.149174,109.431945,0.385163,0.0388,,
u_mand_factor\set72\u_mand_factor_0.7.py,u_mand_factor,72,u_mand_factor,0.7,2,8,5,0.7,0.5,0.7,0.6,1.4,0.3,109.479995,80,30,128.799997,156.399993,66.079998,1,1,1072,0,heuristic_v3,solved,1,39.404664,109.287819,0.360559,0.0214,,
u_mand_factor\set72\u_mand_factor_0.8.py,u_mand_factor,72,u_mand_factor,0.8,2,8,5,0.8,0.5,0.7,0.6,1.6,0.2,115.919998,80,30,147.199993,165.599997,75.519996,1,1,1072,0,heuristic_v4,solved,1,1.97424,115.909815,0.017033,0.0342,,
u_mand_factor\set72\u_mand_factor_0.8.py,u_mand_factor,72,u_mand_factor,0.8,2,8,5,0.8,0.5,0.7,0.6,1.6,0.2,115.919998,80,30,147.199993,165.599997,75.519996,1,1,1072,0,heuristic_v3,solved,1,1.859137,115.912177,0.016039,0.029,,
u_mand_factor\set72\u_mand_factor_0.9.py,u_mand_factor,72,u_mand_factor,0.9,2,8,5,0.9,0.5,0.7,0.6,1.8,0.1,122.360002,80,30,165.600008,174.800002,84.960004,1,1,1072,0,heuristic_v4,infeasible,0,,,,0.0,,
u_mand_factor\set72\u_mand_factor_0.9.py,u_mand_factor,72,u_mand_factor,0.9,2,8,5,0.9,0.5,0.7,0.6,1.8,0.1,122.360002,80,30,165.600008,174.800002,84.960004,1,1,1072,0,heuristic_v3,infeasible,0,,,,0.0,,
u_mand_factor\set73\u_mand_factor_0.1.py,u_mand_factor,73,u_mand_factor,0.1,2,8,5,0.1,0.5,0.7,0.6,0.2,0.9,70.839998,80,29,18.399992,101.199997,9.203632,1,0,1073,0,heuristic_v4,solved,1,236.533288,69.855026,3.38606,0.0123,,
u_mand_factor\set73\u_mand_factor_0.1.py,u_mand_factor,73,u_mand_factor,0.1,2,8,5,0.1,0.5,0.7,0.6,0.2,0.9,70.839998,80,29,18.399992,101.199997,9.203632,1,0,1073,0,heuristic_v3,solved,1,236.533288,69.855026,3.38606,0.0108,,
u_mand_factor\set73\u_mand_factor_0.2.py,u_mand_factor,73,u_mand_factor,0.2,2,8,5,0.2,0.5,0.7,0.6,0.4,0.8,77.280002,80,29,36.800006,110.400003,18.407276,1,0,1073,0,heuristic_v4,solved,1,241.12137,77.172946,3.124429,0.0101,,
u_mand_factor\set73\u_mand_factor_0.2.py,u_mand_factor,73,u_mand_factor,0.2,2,8,5,0.2,0.5,0.7,0.6,0.4,0.8,77.280002,80,29,36.800006,110.400003,18.407276,1,0,1073,0,heuristic_v3,solved,1,241.12137,77.172946,3.124429,0.0105,,
u_mand_factor\set73\u_mand_factor_0.3.py,u_mand_factor,73,u_mand_factor,0.3,2,8,5,0.3,0.5,0.7,0.6,0.6,0.7,83.720002,80,29,55.199997,119.600003,27.610907,1,1,1073,0,heuristic_v4,solved,1,187.456851,83.446679,2.246427,0.0095,,
u_mand_factor\set73\u_mand_factor_0.3.py,u_mand_factor,73,u_mand_factor,0.3,2,8,5,0.3,0.5,0.7,0.6,0.6,0.7,83.720002,80,29,55.199997,119.600003,27.610907,1,1,1073,0,heuristic_v3,solved,1,187.456851,83.446679,2.246427,0.0096,,
u_mand_factor\set73\u_mand_factor_0.4.py,u_mand_factor,73,u_mand_factor,0.4,2,8,5,0.4,0.5,0.7,0.6,0.8,0.6,90.160002,80,29,73.600006,128.800002,36.814548,1,1,1073,0,heuristic_v4,solved,1,133.141251,89.868368,1.481514,0.0121,,
u_mand_factor\set73\u_mand_factor_0.4.py,u_mand_factor,73,u_mand_factor,0.4,2,8,5,0.4,0.5,0.7,0.6,0.8,0.6,90.160002,80,29,73.600006,128.800002,36.814548,1,1,1073,0,heuristic_v3,solved,1,133.141251,89.868368,1.481514,0.0101,,
u_mand_factor\set73\u_mand_factor_0.5.py,u_mand_factor,73,u_mand_factor,0.5,2,8,5,0.5,0.5,0.7,0.6,1.0,0.5,96.600004,80,29,91.999997,138.000006,46.01818,1,1,1073,0,heuristic_v4,solved,1,102.158652,96.531221,1.058296,0.0148,,
u_mand_factor\set73\u_mand_factor_0.5.py,u_mand_factor,73,u_mand_factor,0.5,2,8,5,0.5,0.5,0.7,0.6,1.0,0.5,96.600004,80,29,91.999997,138.000006,46.01818,1,1,1073,0,heuristic_v3,solved,1,102.158652,96.531221,1.058296,0.0139,,
u_mand_factor\set73\u_mand_factor_0.6.py,u_mand_factor,73,u_mand_factor,0.6,2,8,5,0.6,0.5,0.7,0.6,1.2,0.4,103.039998,80,29,110.399998,147.199998,55.221817,1,1,1073,0,heuristic_v4,solved,1,63.163358,102.934109,0.613629,0.0225,,
u_mand_factor\set73\u_mand_factor_0.6.py,u_mand_factor,73,u_mand_factor,0.6,2,8,5,0.6,0.5,0.7,0.6,1.2,0.4,103.039998,80,29,110.399998,147.199998,55.221817,1,1,1073,0,heuristic_v3,solved,1,62.782426,102.695833,0.611343,0.0153,,
u_mand_factor\set73\u_mand_factor_0.7.py,u_mand_factor,73,u_mand_factor,0.7,2,8,5,0.7,0.5,0.7,0.6,1.4,0.3,109.480005,80,29,128.800001,156.400007,64.425455,1,1,1073,0,heuristic_v4,solved,1,28.789439,109.223371,0.263583,0.0254,,
u_mand_factor\set73\u_mand_factor_0.7.py,u_mand_factor,73,u_mand_factor,0.7,2,8,5,0.7,0.5,0.7,0.6,1.4,0.3,109.480005,80,29,128.800001,156.400007,64.425455,1,1,1073,0,heuristic_v3,solved,1,28.789439,109.223371,0.263583,0.0197,,
u_mand_factor\set73\u_mand_factor_0.8.py,u_mand_factor,73,u_mand_factor,0.8,2,8,5,0.8,0.5,0.7,0.6,1.6,0.2,115.919998,80,29,147.199994,165.599998,73.629088,1,1,1073,0,heuristic_v4,solved,1,20.715589,115.851316,0.178812,0.0559,,
u_mand_factor\set73\u_mand_factor_0.8.py,u_mand_factor,73,u_mand_factor,0.8,2,8,5,0.8,0.5,0.7,0.6,1.6,0.2,115.919998,80,29,147.199994,165.599998,73.629088,1,1,1073,0,heuristic_v3,solved,1,20.577819,115.805183,0.177693,0.028,,
u_mand_factor\set73\u_mand_factor_0.9.py,u_mand_factor,73,u_mand_factor,0.9,2,8,5,0.9,0.5,0.7,0.6,1.8,0.1,122.360009,80,29,165.600007,174.800013,82.832731,1,1,1073,0,heuristic_v4,infeasible,0,,143.168845,,0.0324,,over budget: E=143.1688 > B=122.3600
u_mand_factor\set73\u_mand_factor_0.9.py,u_mand_factor,73,u_mand_factor,0.9,2,8,5,0.9,0.5,0.7,0.6,1.8,0.1,122.360009,80,29,165.600007,174.800013,82.832731,1,1,1073,0,heuristic_v3,infeasible,0,,143.168845,,0.0291,,over budget: E=143.1688 > B=122.3600
u_mand_factor\set74\u_mand_factor_0.1.py,u_mand_factor,74,u_mand_factor,0.1,2,8,5,0.1,0.5,0.7,0.6,0.2,0.9,70.839999,80,36,18.39999,101.199999,8.559995,1,0,1074,0,heuristic_v4,solved,1,170.880668,70.775848,2.414392,0.0144,,
u_mand_factor\set74\u_mand_factor_0.1.py,u_mand_factor,74,u_mand_factor,0.1,2,8,5,0.1,0.5,0.7,0.6,0.2,0.9,70.839999,80,36,18.39999,101.199999,8.559995,1,0,1074,0,heuristic_v3,solved,1,170.880668,70.775848,2.414392,0.0142,,
u_mand_factor\set74\u_mand_factor_0.2.py,u_mand_factor,74,u_mand_factor,0.2,2,8,5,0.2,0.5,0.7,0.6,0.4,0.8,77.279999,80,36,36.800001,110.399999,17.120001,1,0,1074,0,heuristic_v4,solved,1,140.643909,77.145784,1.823093,0.0142,,
u_mand_factor\set74\u_mand_factor_0.2.py,u_mand_factor,74,u_mand_factor,0.2,2,8,5,0.2,0.5,0.7,0.6,0.4,0.8,77.279999,80,36,36.800001,110.399999,17.120001,1,0,1074,0,heuristic_v3,solved,1,140.643909,77.145784,1.823093,0.0153,,
u_mand_factor\set74\u_mand_factor_0.3.py,u_mand_factor,74,u_mand_factor,0.3,2,8,5,0.3,0.5,0.7,0.6,0.6,0.7,83.720004,80,36,55.199997,119.600006,25.679998,1,1,1074,0,heuristic_v4,solved,1,133.833917,83.397183,1.604777,0.0137,,
u_mand_factor\set74\u_mand_factor_0.3.py,u_mand_factor,74,u_mand_factor,0.3,2,8,5,0.3,0.5,0.7,0.6,0.6,0.7,83.720004,80,36,55.199997,119.600006,25.679998,1,1,1074,0,heuristic_v3,solved,1,133.833917,83.397183,1.604777,0.0135,,
u_mand_factor\set74\u_mand_factor_0.4.py,u_mand_factor,74,u_mand_factor,0.4,2,8,5,0.4,0.5,0.7,0.6,0.8,0.6,90.159995,80,36,73.599999,128.799993,34.239999,1,1,1074,0,heuristic_v4,solved,1,118.88602,86.55695,1.373501,0.0112,,
u_mand_factor\set74\u_mand_factor_0.4.py,u_mand_factor,74,u_mand_factor,0.4,2,8,5,0.4,0.5,0.7,0.6,0.8,0.6,90.159995,80,36,73.599999,128.799993,34.239999,1,1,1074,0,heuristic_v3,solved,1,118.88602,86.55695,1.373501,0.011,,
u_mand_factor\set74\u_mand_factor_0.5.py,u_mand_factor,74,u_mand_factor,0.5,2,8,5,0.5,0.5,0.7,0.6,1.0,0.5,96.599996,80,36,91.999998,137.999994,42.799999,1,1,1074,0,heuristic_v4,solved,1,99.071685,96.39189,1.027801,0.0173,,
u_mand_factor\set74\u_mand_factor_0.5.py,u_mand_factor,74,u_mand_factor,0.5,2,8,5,0.5,0.5,0.7,0.6,1.0,0.5,96.599996,80,36,91.999998,137.999994,42.799999,1,1,1074,0,heuristic_v3,solved,1,99.071685,96.39189,1.027801,0.016,,
u_mand_factor\set74\u_mand_factor_0.6.py,u_mand_factor,74,u_mand_factor,0.6,2,8,5,0.6,0.5,0.7,0.6,1.2,0.4,103.039985,80,36,110.399991,147.199978,51.359996,1,1,1074,0,heuristic_v4,solved,1,74.058898,103.00274,0.718999,0.045,,
u_mand_factor\set74\u_mand_factor_0.6.py,u_mand_factor,74,u_mand_factor,0.6,2,8,5,0.6,0.5,0.7,0.6,1.2,0.4,103.039985,80,36,110.399991,147.199978,51.359996,1,1,1074,0,heuristic_v3,solved,1,74.053072,103.000928,0.718955,0.0285,,
u_mand_factor\set74\u_mand_factor_0.7.py,u_mand_factor,74,u_mand_factor,0.7,2,8,5,0.7,0.5,0.7,0.6,1.4,0.3,109.480013,80,36,128.800003,156.400018,59.920002,1,1,1074,0,heuristic_v4,solved,1,38.686983,107.941669,0.358406,0.0263,,
u_mand_factor\set74\u_mand_factor_0.7.py,u_mand_factor,74,u_mand_factor,0.7,2,8,5,0.7,0.5,0.7,0.6,1.4,0.3,109.480013,80,36,128.800003,156.400018,59.920002,1,1,1074,0,heuristic_v3,solved,1,38.686983,107.941669,0.358406,0.0165,,
u_mand_factor\set74\u_mand_factor_0.8.py,u_mand_factor,74,u_mand_factor,0.8,2,8,5,0.8,0.5,0.7,0.6,1.6,0.2,115.920009,80,36,147.200003,165.600013,68.480002,1,1,1074,0,heuristic_v4,solved,1,10.345768,115.919952,0.089249,0.1329,,
u_mand_factor\set74\u_mand_factor_0.8.py,u_mand_factor,74,u_mand_factor,0.8,2,8,5,0.8,0.5,0.7,0.6,1.6,0.2,115.920009,80,36,147.200003,165.600013,68.480002,1,1,1074,0,heuristic_v3,solved,1,10.344003,115.918956,0.089235,0.0847,,
u_mand_factor\set74\u_mand_factor_0.9.py,u_mand_factor,74,u_mand_factor,0.9,2,8,5,0.9,0.5,0.7,0.6,1.8,0.1,122.360009,80,36,165.600006,174.800013,77.040003,1,1,1074,0,heuristic_v4,infeasible,0,,145.544657,,0.1002,,over budget: E=145.5447 > B=122.3600
u_mand_factor\set74\u_mand_factor_0.9.py,u_mand_factor,74,u_mand_factor,0.9,2,8,5,0.9,0.5,0.7,0.6,1.8,0.1,122.360009,80,36,165.600006,174.800013,77.040003,1,1,1074,0,heuristic_v3,infeasible,0,,145.544657,,0.111,,over budget: E=145.5447 > B=122.3600
u_mand_factor\set75\u_mand_factor_0.1.py,u_mand_factor,75,u_mand_factor,0.1,2,8,5,0.1,0.5,0.7,0.6,0.2,0.9,70.840003,80,31,18.400006,101.200005,8.573336,1,0,1075,0,heuristic_v4,solved,1,161.059773,68.477096,2.352024,0.0116,,
u_mand_factor\set75\u_mand_factor_0.1.py,u_mand_factor,75,u_mand_factor,0.1,2,8,5,0.1,0.5,0.7,0.6,0.2,0.9,70.840003,80,31,18.400006,101.200005,8.573336,1,0,1075,0,heuristic_v3,solved,1,161.059773,68.477096,2.352024,0.0125,,
u_mand_factor\set75\u_mand_factor_0.2.py,u_mand_factor,75,u_mand_factor,0.2,2,8,5,0.2,0.5,0.7,0.6,0.4,0.8,77.28,80,31,36.799995,110.4,17.146665,1,0,1075,0,heuristic_v4,solved,1,149.963403,77.124403,1.944435,0.0125,,
u_mand_factor\set75\u_mand_factor_0.2.py,u_mand_factor,75,u_mand_factor,0.2,2,8,5,0.2,0.5,0.7,0.6,0.4,0.8,77.28,80,31,36.799995,110.4,17.146665,1,0,1075,0,heuristic_v3,solved,1,149.963403,77.124403,1.944435,0.0119,,
u_mand_factor\set75\u_mand_factor_0.3.py,u_mand_factor,75,u_mand_factor,0.3,2,8,5,0.3,0.5,0.7,0.6,0.6,0.7,83.720002,80,31,55.199998,119.600003,25.719999,1,1,1075,0,heuristic_v4,solved,1,125.543399,83.60381,1.501647,0.0153,,
u_mand_factor\set75\u_mand_factor_0.3.py,u_mand_factor,75,u_mand_factor,0.3,2,8,5,0.3,0.5,0.7,0.6,0.6,0.7,83.720002,80,31,55.199998,119.600003,25.719999,1,1,1075,0,heuristic_v3,solved,1,125.543399,83.60381,1.501647,0.0146,,
u_mand_factor\set75\u_mand_factor_0.4.py,u_mand_factor,75,u_mand_factor,0.4,2,8,5,0.4,0.5,0.7,0.6,0.8,0.6,90.159994,80,31,73.600001,128.799991,34.293334,1,1,1075,0,heuristic_v4,solved,1,94.105758,87.897547,1.07063,0.0228,,
u_mand_factor\set75\u_mand_factor_0.4.py,u_mand_factor,75,u_mand_factor,0.4,2,8,5,0.4,0.5,0.7,0.6,0.8,0.6,90.159994,80,31,73.600001,128.799991,34.293334,1,1,1075,0,heuristic_v3,solved,1,94.105758,87.897547,1.07063,0.021,,
u_mand_factor\set75\u_mand_factor_0.5.py,u_mand_factor,75,u_mand_factor,0.5,2,8,5,0.5,0.5,0.7,0.6,1.0,0.5,96.599989,80,31,91.999998,137.999984,42.866666,1,1,1075,0,heuristic_v4,solved,1,74.138798,96.067302,0.771738,0.0237,,
u_mand_factor\set75\u_mand_factor_0.5.py,u_mand_factor,75,u_mand_factor,0.5,2,8,5,0.5,0.5,0.7,0.6,1.0,0.5,96.599989,80,31,91.999998,137.999984,42.866666,1,1,1075,0,heuristic_v3,solved,1,73.558072,95.754992,0.76819,0.0144,,
u_mand_factor\set75\u_mand_factor_0.6.py,u_mand_factor,75,u_mand_factor,0.6,2,8,5,0.6,0.5,0.7,0.6,1.2,0.4,103.040005,80,31,110.399997,147.200007,51.439998,1,1,1075,0,heuristic_v4,solved,1,54.375605,102.687729,0.529524,0.0594,,
u_mand_factor\set75\u_mand_factor_0.6.py,u_mand_factor,75,u_mand_factor,0.6,2,8,5,0.6,0.5,0.7,0.6,1.2,0.4,103.040005,80,31,110.399997,147.200007,51.439998,1,1,1075,0,heuristic_v3,solved,1,53.716815,102.6497,0.523302,0.0176,,
u_mand_factor\set75\u_mand_factor_0.7.py,u_mand_factor,75,u_mand_factor,0.7,2,8,5,0.7,0.5,0.7,0.6,1.4,0.3,109.480006,80,31,128.800005,156.400008,60.013335,1,1,1075,0,heuristic_v4,solved,1,24.27344,109.478966,0.221718,0.0481,,
u_mand_factor\set75\u_mand_factor_0.7.py,u_mand_factor,75,u_mand_factor,0.7,2,8,5,0.7,0.5,0.7,0.6,1.4,0.3,109.480006,80,31,128.800005,156.400008,60.013335,1,1,1075,0,heuristic_v3,solved,1,24.261332,109.472092,0.221621,0.0312,,
u_mand_factor\set75\u_mand_factor_0.8.py,u_mand_factor,75,u_mand_factor,0.8,2,8,5,0.8,0.5,0.7,0.6,1.6,0.2,115.920002,80,31,147.2,165.600002,68.586667,1,1,1075,0,heuristic_v4,solved,1,2.146412,115.881718,0.018522,0.0252,,
u_mand_factor\set75\u_mand_factor_0.8.py,u_mand_factor,75,u_mand_factor,0.8,2,8,5,0.8,0.5,0.7,0.6,1.6,0.2,115.920002,80,31,147.2,165.600002,68.586667,1,1,1075,0,heuristic_v3,solved,1,2.025579,115.898197,0.017477,0.0202,,
u_mand_factor\set75\u_mand_factor_0.9.py,u_mand_factor,75,u_mand_factor,0.9,2,8,5,0.9,0.5,0.7,0.6,1.8,0.1,122.359998,80,31,165.599997,174.799998,77.159998,1,1,1075,0,heuristic_v4,infeasible,0,,150.270586,,0.0509,,over budget: E=150.2706 > B=122.3600
u_mand_factor\set75\u_mand_factor_0.9.py,u_mand_factor,75,u_mand_factor,0.9,2,8,5,0.9,0.5,0.7,0.6,1.8,0.1,122.359998,80,31,165.599997,174.799998,77.159998,1,1,1075,0,heuristic_v3,infeasible,0,,150.270586,,0.0532,,over budget: E=150.2706 > B=122.3600
u_mand_factor\set76\u_mand_factor_0.1.py,u_mand_factor,76,u_mand_factor,0.1,2,8,5,0.1,0.5,0.7,0.6,0.2,0.9,70.839996,80,32,18.399998,101.199994,8.559999,1,0,1076,0,heuristic_v4,solved,1,189.19268,69.685091,2.714966,0.0099,,
u_mand_factor\set76\u_mand_factor_0.1.py,u_mand_factor,76,u_mand_factor,0.1,2,8,5,0.1,0.5,0.7,0.6,0.2,0.9,70.839996,80,32,18.399998,101.199994,8.559999,1,0,1076,0,heuristic_v3,solved,1,189.19268,69.685091,2.714966,0.0095,,
u_mand_factor\set76\u_mand_factor_0.2.py,u_mand_factor,76,u_mand_factor,0.2,2,8,5,0.2,0.5,0.7,0.6,0.4,0.8,77.279998,80,32,36.799995,110.399998,17.119998,1,0,1076,0,heuristic_v4,solved,1,191.347712,75.858727,2.522422,0.0099,,
u_mand_factor\set76\u_mand_factor_0.2.py,u_mand_factor,76,u_mand_factor,0.2,2,8,5,0.2,0.5,0.7,0.6,0.4,0.8,77.279998,80,32,36.799995,110.399998,17.119998,1,0,1076,0,heuristic_v3,solved,1,191.347712,75.858727,2.522422,0.0093,,
u_mand_factor\set76\u_mand_factor_0.3.py,u_mand_factor,76,u_mand_factor,0.3,2,8,5,0.3,0.5,0.7,0.6,0.6,0.7,83.720006,80,32,55.200012,119.600008,25.680005,1,1,1076,0,heuristic_v4,solved,1,154.476679,80.436684,1.920475,0.0103,,
u_mand_factor\set76\u_mand_factor_0.3.py,u_mand_factor,76,u_mand_factor,0.3,2,8,5,0.3,0.5,0.7,0.6,0.6,0.7,83.720006,80,32,55.200012,119.600008,25.680005,1,1,1076,0,heuristic_v3,solved,1,154.476679,80.436684,1.920475,0.0103,,
u_mand_factor\set76\u_mand_factor_0.4.py,u_mand_factor,76,u_mand_factor,0.4,2,8,5,0.4,0.5,0.7,0.6,0.8,0.6,90.159997,80,32,73.599998,128.799995,34.239999,1,1,1076,0,heuristic_v4,solved,1,118.703641,88.790195,1.3369,0.0146,,
u_mand_factor\set76\u_mand_factor_0.4.py,u_mand_factor,76,u_mand_factor,0.4,2,8,5,0.4,0.5,0.7,0.6,0.8,0.6,90.159997,80,32,73.599998,128.799995,34.239999,1,1,1076,0,heuristic_v3,solved,1,118.703641,88.790195,1.3369,0.0125,,
u_mand_factor\set76\u_mand_factor_0.5.py,u_mand_factor,76,u_mand_factor,0.5,2,8,5,0.5,0.5,0.7,0.6,1.0,0.5,96.599995,80,32,91.999995,137.999993,42.799998,1,1,1076,0,heuristic_v4,solved,1,83.971425,96.298544,0.871991,0.0207,,
u_mand_factor\set76\u_mand_factor_0.5.py,u_mand_factor,76,u_mand_factor,0.5,2,8,5,0.5,0.5,0.7,0.6,1.0,0.5,96.599995,80,32,91.999995,137.999993,42.799998,1,1,1076,0,heuristic_v3,solved,1,81.677365,96.545018,0.846003,0.0127,,
u_mand_factor\set76\u_mand_factor_0.6.py,u_mand_factor,76,u_mand_factor,0.6,2,8,5,0.6,0.5,0.7,0.6,1.2,0.4,103.03999,80,32,110.399992,147.199985,51.359996,1,1,1076,0,heuristic_v4,solved,1,47.133756,102.919794,0.457966,0.015,,
u_mand_factor\set76\u_mand_factor_0.6.py,u_mand_factor,76,u_mand_factor,0.6,2,8,5,0.6,0.5,0.7,0.6,1.2,0.4,103.03999,80,32,110.399992,147.199985,51.359996,1,1,1076,0,heuristic_v3,solved,1,47.133756,102.919794,0.457966,0.0147,,
u_mand_factor\set76\u_mand_factor_0.7.py,u_mand_factor,76,u_mand_factor,0.7,2,8,5,0.7,0.5,0.7,0.6,1.4,0.3,109.479996,80,32,128.799995,156.399994,59.919998,1,1,1076,0,heuristic_v4,solved,1,24.313361,109.279585,0.222488,0.0238,,
u_mand_factor\set76\u_mand_factor_0.7.py,u_mand_factor,76,u_mand_factor,0.7,2,8,5,0.7,0.5,0.7,0.6,1.4,0.3,109.479996,80,32,128.799995,156.399994,59.919998,1,1,1076,0,heuristic_v3,solved,1,24.254223,109.246603,0.222014,0.017,,
u_mand_factor\set76\u_mand_factor_0.8.py,u_mand_factor,76,u_mand_factor,0.8,2,8,5,0.8,0.5,0.7,0.6,1.6,0.2,115.920002,80,32,147.200001,165.600003,68.480001,1,1,1076,0,heuristic_v4,infeasible,0,,122.766032,,0.0328,,over budget: E=122.7660 > B=115.9200
u_mand_factor\set76\u_mand_factor_0.8.py,u_mand_factor,76,u_mand_factor,0.8,2,8,5,0.8,0.5,0.7,0.6,1.6,0.2,115.920002,80,32,147.200001,165.600003,68.480001,1,1,1076,0,heuristic_v3,infeasible,0,,122.766032,,0.0507,,over budget: E=122.7660 > B=115.9200
u_mand_factor\set76\u_mand_factor_0.9.py,u_mand_factor,76,u_mand_factor,0.9,2,8,5,0.9,0.5,0.7,0.6,1.8,0.1,122.360001,80,32,165.600002,174.800001,77.040001,1,1,1076,0,heuristic_v4,infeasible,0,,,,0.0,,
u_mand_factor\set76\u_mand_factor_0.9.py,u_mand_factor,76,u_mand_factor,0.9,2,8,5,0.9,0.5,0.7,0.6,1.8,0.1,122.360001,80,32,165.600002,174.800001,77.040001,1,1,1076,0,heuristic_v3,infeasible,0,,,,0.0,,
u_mand_factor\set77\u_mand_factor_0.1.py,u_mand_factor,77,u_mand_factor,0.1,2,8,5,0.1,0.5,0.7,0.6,0.2,0.9,70.839996,80,23,18.4,101.199994,8.573333,1,0,1077,0,heuristic_v4,solved,1,274.901704,70.837387,3.880743,0.005,,
u_mand_factor\set77\u_mand_factor_0.1.py,u_mand_factor,77,u_mand_factor,0.1,2,8,5,0.1,0.5,0.7,0.6,0.2,0.9,70.839996,80,23,18.4,101.199994,8.573333,1,0,1077,0,heuristic_v3,solved,1,274.901704,70.837387,3.880743,0.0049,,
u_mand_factor\set77\u_mand_factor_0.2.py,u_mand_factor,77,u_mand_factor,0.2,2,8,5,0.2,0.5,0.7,0.6,0.4,0.8,77.28,80,23,36.800003,110.4,17.146668,1,0,1077,0,heuristic_v4,solved,1,213.349006,77.07433,2.768094,0.0045,,
u_mand_factor\set77\u_mand_factor_0.2.py,u_mand_factor,77,u_mand_factor,0.2,2,8,5,0.2,0.5,0.7,0.6,0.4,0.8,77.28,80,23,36.800003,110.4,17.146668,1,0,1077,0,heuristic_v3,solved,1,213.349006,77.07433,2.768094,0.0043,,
u_mand_factor\set77\u_mand_factor_0.3.py,u_mand_factor,77,u_mand_factor,0.3,2,8,5,0.3,0.5,0.7,0.6,0.6,0.7,83.719995,80,23,55.199994,119.599993,25.719997,1,1,1077,0,heuristic_v4,solved,1,189.856304,82.222005,2.309069,0.0062,,
u_mand_factor\set77\u_mand_factor_0.3.py,u_mand_factor,77,u_mand_factor,0.3,2,8,5,0.3,0.5,0.7,0.6,0.6,0.7,83.719995,80,23,55.199994,119.599993,25.719997,1,1,1077,0,heuristic_v3,solved,1,179.449464,80.201116,2.237493,0.0044,,
u_mand_factor\set77\u_mand_factor_0.4.py,u_mand_factor,77,u_mand_factor,0.4,2,8,5,0.4,0.5,0.7,0.6,0.8,0.6,90.159993,80,23,73.599998,128.79999,34.293332,1,1,1077,0,heuristic_v4,solved,1,171.695908,89.941089,1.908982,0.009,,
u_mand_factor\set77\u_mand_factor_0.4.py,u_mand_factor,77,u_mand_factor,0.4,2,8,5,0.4,0.5,0.7,0.6,0.8,0.6,90.159993,80,23,73.599998,128.79999,34.293332,1,1,1077,0,heuristic_v3,solved,1,165.766191,89.926765,1.843347,0.0051,,
u_mand_factor\set77\u_mand_factor_0.5.py,u_mand_factor,77,u_mand_factor,0.5,2,8,5,0.5,0.5,0.7,0.6,1.0,0.5,96.599996,80,23,91.999998,137.999994,42.866666,1,1,1077,0,heuristic_v4,solved,1,134.732129,95.937367,1.404376,0.0188,,
u_mand_factor\set77\u_mand_factor_0.5.py,u_mand_factor,77,u_mand_factor,0.5,2,8,5,0.5,0.5,0.7,0.6,1.0,0.5,96.599996,80,23,91.999998,137.999994,42.866666,1,1,1077,0,heuristic_v3,solved,1,130.995773,96.223048,1.361376,0.0081,,
u_mand_factor\set77\u_mand_factor_0.6.py,u_mand_factor,77,u_mand_factor,0.6,2,8,5,0.6,0.5,0.7,0.6,1.2,0.4,103.040002,80,23,110.400001,147.200002,51.440001,1,1,1077,0,heuristic_v4,solved,1,79.611015,102.787045,0.774524,0.0113,,
u_mand_factor\set77\u_mand_factor_0.6.py,u_mand_factor,77,u_mand_factor,0.6,2,8,5,0.6,0.5,0.7,0.6,1.2,0.4,103.040002,80,23,110.400001,147.200002,51.440001,1,1,1077,0,heuristic_v3,solved,1,77.459363,102.938892,0.752479,0.0073,,
u_mand_factor\set77\u_mand_factor_0.7.py,u_mand_factor,77,u_mand_factor,0.7,2,8,5,0.7,0.5,0.7,0.6,1.4,0.3,109.479998,80,23,128.799999,156.399998,60.013333,1,1,1077,0,heuristic_v4,solved,1,30.998837,109.377787,0.283411,0.0082,,
u_mand_factor\set77\u_mand_factor_0.7.py,u_mand_factor,77,u_mand_factor,0.7,2,8,5,0.7,0.5,0.7,0.6,1.4,0.3,109.479998,80,23,128.799999,156.399998,60.013333,1,1,1077,0,heuristic_v3,solved,1,30.998837,109.377787,0.283411,0.0096,,
u_mand_factor\set77\u_mand_factor_0.8.py,u_mand_factor,77,u_mand_factor,0.8,2,8,5,0.8,0.5,0.7,0.6,1.6,0.2,115.920002,80,23,147.200007,165.600003,68.58667,1,1,1077,0,heuristic_v4,infeasible,0,,123.38539,,0.0256,,over budget: E=123.3854 > B=115.9200
u_mand_factor\set77\u_mand_factor_0.8.py,u_mand_factor,77,u_mand_factor,0.8,2,8,5,0.8,0.5,0.7,0.6,1.6,0.2,115.920002,80,23,147.200007,165.600003,68.58667,1,1,1077,0,heuristic_v3,infeasible,0,,123.38539,,0.0219,,over budget: E=123.3854 > B=115.9200
u_mand_factor\set77\u_mand_factor_0.9.py,u_mand_factor,77,u_mand_factor,0.9,2,8,5,0.9,0.5,0.7,0.6,1.8,0.1,122.36,80,23,165.599998,174.8,77.159999,1,1,1077,0,heuristic_v4,infeasible,0,,,,0.0,,
u_mand_factor\set77\u_mand_factor_0.9.py,u_mand_factor,77,u_mand_factor,0.9,2,8,5,0.9,0.5,0.7,0.6,1.8,0.1,122.36,80,23,165.599998,174.8,77.159999,1,1,1077,0,heuristic_v3,infeasible,0,,,,0.0,,
u_mand_factor\set78\u_mand_factor_0.1.py,u_mand_factor,78,u_mand_factor,0.1,2,8,5,0.1,0.5,0.7,0.6,0.2,0.9,70.839994,80,27,18.399997,101.199992,8.559998,1,0,1078,0,heuristic_v4,solved,1,284.116149,70.71108,4.017986,0.0095,,
u_mand_factor\set78\u_mand_factor_0.1.py,u_mand_factor,78,u_mand_factor,0.1,2,8,5,0.1,0.5,0.7,0.6,0.2,0.9,70.839994,80,27,18.399997,101.199992,8.559998,1,0,1078,0,heuristic_v3,solved,1,280.160967,67.956957,4.122624,0.0083,,
u_mand_factor\set78\u_mand_factor_0.2.py,u_mand_factor,78,u_mand_factor,0.2,2,8,5,0.2,0.5,0.7,0.6,0.4,0.8,77.279999,80,27,36.799995,110.399999,17.119998,1,0,1078,0,heuristic_v4,solved,1,270.426467,77.237708,3.501223,0.0147,,
u_mand_factor\set78\u_mand_factor_0.2.py,u_mand_factor,78,u_mand_factor,0.2,2,8,5,0.2,0.5,0.7,0.6,0.4,0.8,77.279999,80,27,36.799995,110.399999,17.119998,1,0,1078,0,heuristic_v3,solved,1,270.426467,77.237708,3.501223,0.0146,,
u_mand_factor\set78\u_mand_factor_0.3.py,u_mand_factor,78,u_mand_factor,0.3,2,8,5,0.3,0.5,0.7,0.6,0.6,0.7,83.719998,80,27,55.199993,119.599997,25.679997,1,1,1078,0,heuristic_v4,solved,1,231.90761,83.713654,2.770248,0.0117,,
u_mand_factor\set78\u_mand_factor_0.3.py,u_mand_factor,78,u_mand_factor,0.3,2,8,5,0.3,0.5,0.7,0.6,0.6,0.7,83.719998,80,27,55.199993,119.599997,25.679997,1,1,1078,0,heuristic_v3,solved,1,231.90761,83.713654,2.770248,0.0116,,
u_mand_factor\set78\u_mand_factor_0.4.py,u_mand_factor,78,u_mand_factor,0.4,2,8,5,0.4,0.5,0.7,0.6,0.8,0.6,90.159994,80,27,73.600001,128.799991,34.240001,1,1,1078,0,heuristic_v4,solved,1,180.536627,82.98393,2.175561,0.0092,,
u_mand_factor\set78\u_mand_factor_0.4.py,u_mand_factor,78,u_mand_factor,0.4,2,8,5,0.4,0.5,0.7,0.6,0.8,0.6,90.159994,80,27,73.600001,128.799991,34.240001,1,1,1078,0,heuristic_v3,solved,1,180.536627,82.98393,2.175561,0.0085,,
u_mand_factor\set78\u_mand_factor_0.5.py,u_mand_factor,78,u_mand_factor,0.5,2,8,5,0.5,0.5,0.7,0.6,1.0,0.5,96.599994,80,27,91.999999,137.999991,42.799999,1,1,1078,0,heuristic_v4,solved,1,137.787401,96.588739,1.426537,0.0202,,
u_mand_factor\set78\u_mand_factor_0.5.py,u_mand_factor,78,u_mand_factor,0.5,2,8,5,0.5,0.5,0.7,0.6,1.0,0.5,96.599994,80,27,91.999999,137.999991,42.799999,1,1,1078,0,heuristic_v3,solved,1,136.811538,96.471375,1.418157,0.0163,,
u_mand_factor\set78\u_mand_factor_0.6.py,u_mand_factor,78,u_mand_factor,0.6,2,8,5,0.6,0.5,0.7,0.6,1.2,0.4,103.039993,80,27,110.399998,147.19999,51.359999,1,1,1078,0,heuristic_v4,solved,1,89.824314,102.898573,0.87294,0.0096,,
u_mand_factor\set78\u_mand_factor_0.6.py,u_mand_factor,78,u_mand_factor,0.6,2,8,5,0.6,0.5,0.7,0.6,1.2,0.4,103.039993,80,27,110.399998,147.19999,51.359999,1,1,1078,0,heuristic_v3,solved,1,89.824314,102.898573,0.87294,0.0086,,
u_mand_factor\set78\u_mand_factor_0.7.py,u_mand_factor,78,u_mand_factor,0.7,2,8,5,0.7,0.5,0.7,0.6,1.4,0.3,109.480006,80,27,128.800006,156.400008,59.920003,1,1,1078,0,heuristic_v4,solved,1,41.909248,109.293336,0.383457,0.0361,,
u_mand_factor\set78\u_mand_factor_0.7.py,u_mand_factor,78,u_mand_factor,0.7,2,8,5,0.7,0.5,0.7,0.6,1.4,0.3,109.480006,80,27,128.800006,156.400008,59.920003,1,1,1078,0,heuristic_v3,solved,1,39.340307,109.152705,0.360415,0.0096,,
u_mand_factor\set78\u_mand_factor_0.8.py,u_mand_factor,78,u_mand_factor,0.8,2,8,5,0.8,0.5,0.7,0.6,1.6,0.2,115.920007,80,27,147.200003,165.60001,68.480002,1,1,1078,0,heuristic_v4,infeasible,0,,122.678568,,0.0366,,over budget: E=122.6786 > B=115.9200
u_mand_factor\set78\u_mand_factor_0.8.py,u_mand_factor,78,u_mand_factor,0.8,2,8,5,0.8,0.5,0.7,0.6,1.6,0.2,115.920007,80,27,147.200003,165.60001,68.480002,1,1,1078,0,heuristic_v3,infeasible,0,,122.678568,,0.0361,,over budget: E=122.6786 > B=115.9200
u_mand_factor\set78\u_mand_factor_0.9.py,u_mand_factor,78,u_mand_factor,0.9,2,8,5,0.9,0.5,0.7,0.6,1.8,0.1,122.36,80,27,165.600003,174.8,77.040002,1,1,1078,0,heuristic_v4,infeasible,0,,,,0.0,,
u_mand_factor\set78\u_mand_factor_0.9.py,u_mand_factor,78,u_mand_factor,0.9,2,8,5,0.9,0.5,0.7,0.6,1.8,0.1,122.36,80,27,165.600003,174.8,77.040002,1,1,1078,0,heuristic_v3,infeasible,0,,,,0.0,,
u_mand_factor\set79\u_mand_factor_0.1.py,u_mand_factor,79,u_mand_factor,0.1,2,8,5,0.1,0.5,0.7,0.6,0.2,0.9,70.839992,80,20,18.399998,101.199988,8.559999,1,0,1079,0,heuristic_v4,solved,1,186.96869,67.816878,2.756964,0.0048,,
u_mand_factor\set79\u_mand_factor_0.1.py,u_mand_factor,79,u_mand_factor,0.1,2,8,5,0.1,0.5,0.7,0.6,0.2,0.9,70.839992,80,20,18.399998,101.199988,8.559999,1,0,1079,0,heuristic_v3,solved,1,186.96869,67.816878,2.756964,0.0046,,
u_mand_factor\set79\u_mand_factor_0.2.py,u_mand_factor,79,u_mand_factor,0.2,2,8,5,0.2,0.5,0.7,0.6,0.4,0.8,77.28,80,20,36.8,110.4,17.12,1,0,1079,0,heuristic_v4,solved,1,194.477797,77.142054,2.521035,0.005,,
u_mand_factor\set79\u_mand_factor_0.2.py,u_mand_factor,79,u_mand_factor,0.2,2,8,5,0.2,0.5,0.7,0.6,0.4,0.8,77.28,80,20,36.8,110.4,17.12,1,0,1079,0,heuristic_v3,solved,1,194.477797,77.142054,2.521035,0.0053,,
u_mand_factor\set79\u_mand_factor_0.3.py,u_mand_factor,79,u_mand_factor,0.3,2,8,5,0.3,0.5,0.7,0.6,0.6,0.7,83.719999,80,20,55.199997,119.599999,25.679998,1,1,1079,0,heuristic_v4,solved,1,149.826407,83.646598,1.791184,0.0046,,
u_mand_factor\set79\u_mand_factor_0.3.py,u_mand_factor,79,u_mand_factor,0.3,2,8,5,0.3,0.5,0.7,0.6,0.6,0.7,83.719999,80,20,55.199997,119.599999,25.679998,1,1,1079,0,heuristic_v3,solved,1,149.826407,83.646598,1.791184,0.0048,,
u_mand_factor\set79\u_mand_factor_0.4.py,u_mand_factor,79,u_mand_factor,0.4,2,8,5,0.4,0.5,0.7,0.6,0.8,0.6,90.160002,80,20,73.6,128.800003,34.24,1,1,1079,0,heuristic_v4,solved,1,106.091728,80.754091,1.313763,0.0058,,
u_mand_factor\set79\u_mand_factor_0.4.py,u_mand_factor,79,u_mand_factor,0.4,2,8,5,0.4,0.5,0.7,0.6,0.8,0.6,90.160002,80,20,73.6,128.800003,34.24,1,1,1079,0,heuristic_v3,solved,1,100.000163,81.289606,1.230172,0.0041,,
u_mand_factor\set79\u_mand_factor_0.5.py,u_mand_factor,79,u_mand_factor,0.5,2,8,5,0.5,0.5,0.7,0.6,1.0,0.5,96.599998,80,20,91.999999,137.999998,42.799999,1,1,1079,0,heuristic_v4,solved,1,83.38328,96.575413,0.863401,0.0056,,
u_mand_factor\set79\u_mand_factor_0.5.py,u_mand_factor,79,u_mand_factor,0.5,2,8,5,0.5,0.5,0.7,0.6,1.0,0.5,96.599998,80,20,91.999999,137.999998,42.799999,1,1,1079,0,heuristic_v3,solved,1,83.38328,96.575413,0.863401,0.0053,,
u_mand_factor\set79\u_mand_factor_0.6.py,u_mand_factor,79,u_mand_factor,0.6,2,8,5,0.6,0.5,0.7,0.6,1.2,0.4,103.040006,80,20,110.400001,147.200008,51.360001,1,1,1079,0,heuristic_v4,solved,1,50.080536,102.017683,0.490901,0.0065,,
u_mand_factor\set79\u_mand_factor_0.6.py,u_mand_factor,79,u_mand_factor,0.6,2,8,5,0.6,0.5,0.7,0.6,1.2,0.4,103.040006,80,20,110.400001,147.200008,51.360001,1,1,1079,0,heuristic_v3,solved,1,50.080536,102.017683,0.490901,0.0054,,
u_mand_factor\set79\u_mand_factor_0.7.py,u_mand_factor,79,u_mand_factor,0.7,2,8,5,0.7,0.5,0.7,0.6,1.4,0.3,109.480002,80,20,128.800001,156.400002,59.920001,1,1,1079,0,heuristic_v4,solved,1,25.38428,108.667651,0.233596,0.0059,,
u_mand_factor\set79\u_mand_factor_0.7.py,u_mand_factor,79,u_mand_factor,0.7,2,8,5,0.7,0.5,0.7,0.6,1.4,0.3,109.480002,80,20,128.800001,156.400002,59.920001,1,1,1079,0,heuristic_v3,solved,1,25.38428,108.667651,0.233596,0.0044,,
u_mand_factor\set79\u_mand_factor_0.8.py,u_mand_factor,79,u_mand_factor,0.8,2,8,5,0.8,0.5,0.7,0.6,1.6,0.2,115.920002,80,20,147.200001,165.600002,68.480001,1,1,1079,0,heuristic_v4,infeasible,0,,125.679364,,0.0129,,over budget: E=125.6794 > B=115.9200
u_mand_factor\set79\u_mand_factor_0.8.py,u_mand_factor,79,u_mand_factor,0.8,2,8,5,0.8,0.5,0.7,0.6,1.6,0.2,115.920002,80,20,147.200001,165.600002,68.480001,1,1,1079,0,heuristic_v3,infeasible,0,,125.679364,,0.0125,,over budget: E=125.6794 > B=115.9200
u_mand_factor\set79\u_mand_factor_0.9.py,u_mand_factor,79,u_mand_factor,0.9,2,8,5,0.9,0.5,0.7,0.6,1.8,0.1,122.359995,80,20,165.6,174.799993,77.04,1,1,1079,0,heuristic_v4,infeasible,0,,149.294367,,0.0121,,over budget: E=149.2944 > B=122.3600
u_mand_factor\set79\u_mand_factor_0.9.py,u_mand_factor,79,u_mand_factor,0.9,2,8,5,0.9,0.5,0.7,0.6,1.8,0.1,122.359995,80,20,165.6,174.799993,77.04,1,1,1079,0,heuristic_v3,infeasible,0,,149.294367,,0.0129,,over budget: E=149.2944 > B=122.3600
u_mand_factor\set80\u_mand_factor_0.1.py,u_mand_factor,80,u_mand_factor,0.1,2,8,5,0.1,0.5,0.7,0.6,0.2,0.9,70.839994,80,25,18.399998,101.199992,8.799999,1,0,1080,0,heuristic_v4,solved,1,206.231467,70.28445,2.93424,0.0078,,
u_mand_factor\set80\u_mand_factor_0.1.py,u_mand_factor,80,u_mand_factor,0.1,2,8,5,0.1,0.5,0.7,0.6,0.2,0.9,70.839994,80,25,18.399998,101.199992,8.799999,1,0,1080,0,heuristic_v3,solved,1,206.231467,70.28445,2.93424,0.0075,,
u_mand_factor\set80\u_mand_factor_0.2.py,u_mand_factor,80,u_mand_factor,0.2,2,8,5,0.2,0.5,0.7,0.6,0.4,0.8,77.280007,80,25,36.800005,110.40001,17.600002,1,0,1080,0,heuristic_v4,solved,1,172.995106,74.622476,2.318271,0.0085,,
u_mand_factor\set80\u_mand_factor_0.2.py,u_mand_factor,80,u_mand_factor,0.2,2,8,5,0.2,0.5,0.7,0.6,0.4,0.8,77.280007,80,25,36.800005,110.40001,17.600002,1,0,1080,0,heuristic_v3,solved,1,172.995106,74.622476,2.318271,0.0083,,
u_mand_factor\set80\u_mand_factor_0.3.py,u_mand_factor,80,u_mand_factor,0.3,2,8,5,0.3,0.5,0.7,0.6,0.6,0.7,83.720001,80,25,55.200002,119.600001,26.400001,1,1,1080,0,heuristic_v4,solved,1,147.209161,83.622215,1.760407,0.0075,,
u_mand_factor\set80\u_mand_factor_0.3.py,u_mand_factor,80,u_mand_factor,0.3,2,8,5,0.3,0.5,0.7,0.6,0.6,0.7,83.720001,80,25,55.200002,119.600001,26.400001,1,1,1080,0,heuristic_v3,solved,1,147.209161,83.622215,1.760407,0.0074,,
u_mand_factor\set80\u_mand_factor_0.4.py,u_mand_factor,80,u_mand_factor,0.4,2,8,5,0.4,0.5,0.7,0.6,0.8,0.6,90.159998,80,25,73.599998,128.799998,35.199999,1,1,1080,0,heuristic_v4,solved,1,130.640304,88.779831,1.471509,0.0079,,
u_mand_factor\set80\u_mand_factor_0.4.py,u_mand_factor,80,u_mand_factor,0.4,2,8,5,0.4,0.5,0.7,0.6,0.8,0.6,90.159998,80,25,73.599998,128.799998,35.199999,1,1,1080,0,heuristic_v3,solved,1,130.640304,88.779831,1.471509,0.0108,,
u_mand_factor\set80\u_mand_factor_0.5.py,u_mand_factor,80,u_mand_factor,0.5,2,8,5,0.5,0.5,0.7,0.6,1.0,0.5,96.600006,80,25,92.000008,138.000009,44.000004,1,1,1080,0,heuristic_v4,solved,1,100.528062,96.401514,1.042806,0.01,,
u_mand_factor\set80\u_mand_factor_0.5.py,u_mand_factor,80,u_mand_factor,0.5,2,8,5,0.5,0.5,0.7,0.6,1.0,0.5,96.600006,80,25,92.000008,138.000009,44.000004,1,1,1080,0,heuristic_v3,solved,1,100.528062,96.401514,1.042806,0.0099,,
u_mand_factor\set80\u_mand_factor_0.6.py,u_mand_factor,80,u_mand_factor,0.6,2,8,5,0.6,0.5,0.7,0.6,1.2,0.4,103.040005,80,25,110.400005,147.200007,52.800002,1,1,1080,0,heuristic_v4,solved,1,76.890928,102.773959,0.748156,0.018,,
u_mand_factor\set80\u_mand_factor_0.6.py,u_mand_factor,80,u_mand_factor,0.6,2,8,5,0.6,0.5,0.7,0.6,1.2,0.4,103.040005,80,25,110.400005,147.200007,52.800002,1,1,1080,0,heuristic_v3,solved,1,76.6863,102.955667,0.744848,0.0136,,
u_mand_factor\set80\u_mand_factor_0.7.py,u_mand_factor,80,u_mand_factor,0.7,2,8,5,0.7,0.5,0.7,0.6,1.4,0.3,109.479998,80,25,128.799993,156.399997,61.599997,1,1,1080,0,heuristic_v4,solved,1,47.21814,109.416707,0.431544,0.0195,,
u_mand_factor\set80\u_mand_factor_0.7.py,u_mand_factor,80,u_mand_factor,0.7,2,8,5,0.7,0.5,0.7,0.6,1.4,0.3,109.479998,80,25,128.799993,156.399997,61.599997,1,1,1080,0,heuristic_v3,solved,1,45.431547,109.442691,0.415117,0.0158,,
u_mand_factor\set80\u_mand_factor_0.8.py,u_mand_factor,80,u_mand_factor,0.8,2,8,5,0.8,0.5,0.7,0.6,1.6,0.2,115.92,80,25,147.200005,165.6,70.400002,1,1,1080,0,heuristic_v4,solved,1,4.714991,115.863585,0.040694,0.0243,,
u_mand_factor\set80\u_mand_factor_0.8.py,u_mand_factor,80,u_mand_factor,0.8,2,8,5,0.8,0.5,0.7,0.6,1.6,0.2,115.92,80,25,147.200005,165.6,70.400002,1,1,1080,0,heuristic_v3,solved,1,4.714991,115.863585,0.040694,0.0218,,
u_mand_factor\set80\u_mand_factor_0.9.py,u_mand_factor,80,u_mand_factor,0.9,2,8,5,0.9,0.5,0.7,0.6,1.8,0.1,122.360006,80,25,165.600002,174.800009,79.200001,1,1,1080,0,heuristic_v4,infeasible,0,,,,0.0,,
u_mand_factor\set80\u_mand_factor_0.9.py,u_mand_factor,80,u_mand_factor,0.9,2,8,5,0.9,0.5,0.7,0.6,1.8,0.1,122.360006,80,25,165.600002,174.800009,79.200001,1,1,1080,0,heuristic_v3,infeasible,0,,,,0.0,,
u_mand_factor\set81\u_mand_factor_0.1.py,u_mand_factor,81,u_mand_factor,0.1,2,8,5,0.1,0.5,0.7,0.6,0.2,0.9,70.840001,80,24,18.400002,101.200001,8.800001,1,0,1081,0,heuristic_v4,solved,1,223.227908,67.100001,3.326794,0.005,,
u_mand_factor\set81\u_mand_factor_0.1.py,u_mand_factor,81,u_mand_factor,0.1,2,8,5,0.1,0.5,0.7,0.6,0.2,0.9,70.840001,80,24,18.400002,101.200001,8.800001,1,0,1081,0,heuristic_v3,solved,1,223.227908,67.100001,3.326794,0.0052,,
u_mand_factor\set81\u_mand_factor_0.2.py,u_mand_factor,81,u_mand_factor,0.2,2,8,5,0.2,0.5,0.7,0.6,0.4,0.8,77.279994,80,24,36.800001,110.399991,17.600001,1,0,1081,0,heuristic_v4,solved,1,192.466763,66.41143,2.898097,0.006,,
u_mand_factor\set81\u_mand_factor_0.2.py,u_mand_factor,81,u_mand_factor,0.2,2,8,5,0.2,0.5,0.7,0.6,0.4,0.8,77.279994,80,24,36.800001,110.399991,17.600001,1,0,1081,0,heuristic_v3,solved,1,192.466763,66.41143,2.898097,0.0064,,
u_mand_factor\set81\u_mand_factor_0.3.py,u_mand_factor,81,u_mand_factor,0.3,2,8,5,0.3,0.5,0.7,0.6,0.6,0.7,83.720001,80,24,55.200005,119.600001,26.400002,1,1,1081,0,heuristic_v4,solved,1,160.336794,83.701751,1.915573,0.007,,
u_mand_factor\set81\u_mand_factor_0.3.py,u_mand_factor,81,u_mand_factor,0.3,2,8,5,0.3,0.5,0.7,0.6,0.6,0.7,83.720001,80,24,55.200005,119.600001,26.400002,1,1,1081,0,heuristic_v3,solved,1,160.336794,83.701751,1.915573,0.0064,,
u_mand_factor\set81\u_mand_factor_0.4.py,u_mand_factor,81,u_mand_factor,0.4,2,8,5,0.4,0.5,0.7,0.6,0.8,0.6,90.159998,80,24,73.599999,128.799998,35.199999,1,1,1081,0,heuristic_v4,solved,1,131.353231,90.018519,1.45918,0.0156,,
u_mand_factor\set81\u_mand_factor_0.4.py,u_mand_factor,81,u_mand_factor,0.4,2,8,5,0.4,0.5,0.7,0.6,0.8,0.6,90.159998,80,24,73.599999,128.799998,35.199999,1,1,1081,0,heuristic_v3,solved,1,131.255603,89.990405,1.458551,0.0093,,
u_mand_factor\set81\u_mand_factor_0.5.py,u_mand_factor,81,u_mand_factor,0.5,2,8,5,0.5,0.5,0.7,0.6,1.0,0.5,96.600007,80,24,92.000001,138.00001,44.000001,1,1,1081,0,heuristic_v4,solved,1,101.080084,96.598966,1.046389,0.0171,,
u_mand_factor\set81\u_mand_factor_0.5.py,u_mand_factor,81,u_mand_factor,0.5,2,8,5,0.5,0.5,0.7,0.6,1.0,0.5,96.600007,80,24,92.000001,138.00001,44.000001,1,1,1081,0,heuristic_v3,solved,1,100.682288,96.524047,1.04308,0.0144,,
u_mand_factor\set81\u_mand_factor_0.6.py,u_mand_factor,81,u_mand_factor,0.6,2,8,5,0.6,0.5,0.7,0.6,1.2,0.4,103.040006,80,24,110.400001,147.200009,52.800001,1,1,1081,0,heuristic_v4,solved,1,46.495259,101.880969,0.456368,0.016,,
u_mand_factor\set81\u_mand_factor_0.6.py,u_mand_factor,81,u_mand_factor,0.6,2,8,5,0.6,0.5,0.7,0.6,1.2,0.4,103.040006,80,24,110.400001,147.200009,52.800001,1,1,1081,0,heuristic_v3,solved,1,45.737931,101.828376,0.449167,0.0061,,
u_mand_factor\set81\u_mand_factor_0.7.py,u_mand_factor,81,u_mand_factor,0.7,2,8,5,0.7,0.5,0.7,0.6,1.4,0.3,109.480003,80,24,128.800005,156.400005,61.600002,1,1,1081,0,heuristic_v4,solved,1,48.162657,109.47298,0.43995,0.0245,,
u_mand_factor\set81\u_mand_factor_0.7.py,u_mand_factor,81,u_mand_factor,0.7,2,8,5,0.7,0.5,0.7,0.6,1.4,0.3,109.480003,80,24,128.800005,156.400005,61.600002,1,1,1081,0,heuristic_v3,solved,1,46.9847,109.467826,0.42921,0.0146,,
u_mand_factor\set81\u_mand_factor_0.8.py,u_mand_factor,81,u_mand_factor,0.8,2,8,5,0.8,0.5,0.7,0.6,1.6,0.2,115.92,80,24,147.199999,165.6,70.399999,1,1,1081,0,heuristic_v4,solved,1,6.988571,115.888002,0.060305,0.0142,,
u_mand_factor\set81\u_mand_factor_0.8.py,u_mand_factor,81,u_mand_factor,0.8,2,8,5,0.8,0.5,0.7,0.6,1.6,0.2,115.92,80,24,147.199999,165.6,70.399999,1,1,1081,0,heuristic_v3,solved,1,6.404045,115.661489,0.055369,0.0068,,
u_mand_factor\set81\u_mand_factor_0.9.py,u_mand_factor,81,u_mand_factor,0.9,2,8,5,0.9,0.5,0.7,0.6,1.8,0.1,122.360003,80,24,165.600001,174.800005,79.200001,1,1,1081,0,heuristic_v4,infeasible,0,,,,0.0,,
u_mand_factor\set81\u_mand_factor_0.9.py,u_mand_factor,81,u_mand_factor,0.9,2,8,5,0.9,0.5,0.7,0.6,1.8,0.1,122.360003,80,24,165.600001,174.800005,79.200001,1,1,1081,0,heuristic_v3,infeasible,0,,,,0.0,,
u_mand_factor\set82\u_mand_factor_0.1.py,u_mand_factor,82,u_mand_factor,0.1,2,8,5,0.1,0.5,0.7,0.6,0.2,0.9,70.839997,80,35,18.399992,101.199995,8.57333,1,0,1082,0,heuristic_v4,solved,1,233.93635,70.219029,3.331524,0.0186,,
u_mand_factor\set82\u_mand_factor_0.1.py,u_mand_factor,82,u_mand_factor,0.1,2,8,5,0.1,0.5,0.7,0.6,0.2,0.9,70.839997,80,35,18.399992,101.199995,8.57333,1,0,1082,0,heuristic_v3,solved,1,233.93635,70.219029,3.331524,0.0226,,
u_mand_factor\set82\u_mand_factor_0.2.py,u_mand_factor,82,u_mand_factor,0.2,2,8,5,0.2,0.5,0.7,0.6,0.4,0.8,77.280014,80,35,36.800006,110.40002,17.146669,1,0,1082,0,heuristic_v4,solved,1,128.006355,77.262385,1.656775,0.024,,
u_mand_factor\set82\u_mand_factor_0.2.py,u_mand_factor,82,u_mand_factor,0.2,2,8,5,0.2,0.5,0.7,0.6,0.4,0.8,77.280014,80,35,36.800006,110.40002,17.146669,1,0,1082,0,heuristic_v3,solved,1,128.006355,77.262385,1.656775,0.0212,,
u_mand_factor\set82\u_mand_factor_0.3.py,u_mand_factor,82,u_mand_factor,0.3,2,8,5,0.3,0.5,0.7,0.6,0.6,0.7,83.72,80,35,55.199995,119.6,25.719998,1,1,1082,0,heuristic_v4,solved,1,183.978563,83.600291,2.200693,0.0162,,
u_mand_factor\set82\u_mand_factor_0.3.py,u_mand_factor,82,u_mand_factor,0.3,2,8,5,0.3,0.5,0.7,0.6,0.6,0.7,83.72,80,35,55.199995,119.6,25.719998,1,1,1082,0,heuristic_v3,solved,1,183.837739,83.714379,2.196011,0.0256,,
u_mand_factor\set82\u_mand_factor_0.4.py,u_mand_factor,82,u_mand_factor,0.4,2,8,5,0.4,0.5,0.7,0.6,0.8,0.6,90.159994,80,35,73.600006,128.799992,34.293336,1,1,1082,0,heuristic_v4,solved,1,160.742372,90.088481,1.784272,0.04,,
u_mand_factor\set82\u_mand_factor_0.4.py,u_mand_factor,82,u_mand_factor,0.4,2,8,5,0.4,0.5,0.7,0.6,0.8,0.6,90.159994,80,35,73.600006,128.799992,34.293336,1,1,1082,0,heuristic_v3,solved,1,156.695948,90.154225,1.738088,0.0176,,
u_mand_factor\set82\u_mand_factor_0.5.py,u_mand_factor,82,u_mand_factor,0.5,2,8,5,0.5,0.5,0.7,0.6,1.0,0.5,96.600007,80,35,92.000005,138.00001,42.866669,1,1,1082,0,heuristic_v4,solved,1,127.3339,96.580266,1.318426,0.0484,,
u_mand_factor\set82\u_mand_factor_0.5.py,u_mand_factor,82,u_mand_factor,0.5,2,8,5,0.5,0.5,0.7,0.6,1.0,0.5,96.600007,80,35,92.000005,138.00001,42.866669,1,1,1082,0,heuristic_v3,solved,1,123.864126,96.234042,1.287113,0.0326,,
u_mand_factor\set82\u_mand_factor_0.6.py,u_mand_factor,82,u_mand_factor,0.6,2,8,5,0.6,0.5,0.7,0.6,1.2,0.4,103.040006,80,35,110.400009,147.200009,51.440004,1,1,1082,0,heuristic_v4,solved,1,85.571236,103.035717,0.830501,0.0867,,
u_mand_factor\set82\u_mand_factor_0.6.py,u_mand_factor,82,u_mand_factor,0.6,2,8,5,0.6,0.5,0.7,0.6,1.2,0.4,103.040006,80,35,110.400009,147.200009,51.440004,1,1,1082,0,heuristic_v3,solved,1,83.005289,103.037379,0.805584,0.0297,,
u_mand_factor\set82\u_mand_factor_0.7.py,u_mand_factor,82,u_mand_factor,0.7,2,8,5,0.7,0.5,0.7,0.6,1.4,0.3,109.479989,80,35,128.799993,156.399984,60.01333,1,1,1082,0,heuristic_v4,solved,1,56.861354,109.467332,0.519437,0.1299,,
u_mand_factor\set82\u_mand_factor_0.7.py,u_mand_factor,82,u_mand_factor,0.7,2,8,5,0.7,0.5,0.7,0.6,1.4,0.3,109.479989,80,35,128.799993,156.399984,60.01333,1,1,1082,0,heuristic_v3,solved,1,54.907088,109.432099,0.501746,0.0378,,
u_mand_factor\set82\u_mand_factor_0.8.py,u_mand_factor,82,u_mand_factor,0.8,2,8,5,0.8,0.5,0.7,0.6,1.6,0.2,115.920003,80,35,147.199993,165.600005,68.586663,1,1,1082,0,heuristic_v4,infeasible,0,,121.125466,,0.0485,,over budget: E=121.1255 > B=115.9200
u_mand_factor\set82\u_mand_factor_0.8.py,u_mand_factor,82,u_mand_factor,0.8,2,8,5,0.8,0.5,0.7,0.6,1.6,0.2,115.920003,80,35,147.199993,165.600005,68.586663,1,1,1082,0,heuristic_v3,infeasible,0,,121.125466,,0.0602,,over budget: E=121.1255 > B=115.9200
u_mand_factor\set82\u_mand_factor_0.9.py,u_mand_factor,82,u_mand_factor,0.9,2,8,5,0.9,0.5,0.7,0.6,1.8,0.1,122.359994,80,35,165.600002,174.799992,77.160001,1,1,1082,0,heuristic_v4,infeasible,0,,,,0.0,,
u_mand_factor\set82\u_mand_factor_0.9.py,u_mand_factor,82,u_mand_factor,0.9,2,8,5,0.9,0.5,0.7,0.6,1.8,0.1,122.359994,80,35,165.600002,174.799992,77.160001,1,1,1082,0,heuristic_v3,infeasible,0,,,,0.0,,
u_mand_factor\set83\u_mand_factor_0.1.py,u_mand_factor,83,u_mand_factor,0.1,2,8,5,0.1,0.5,0.7,0.6,0.2,0.9,70.840005,80,26,18.400003,101.200007,8.573335,1,0,1083,0,heuristic_v4,solved,1,206.631548,68.811644,3.002857,0.0052,,
u_mand_factor\set83\u_mand_factor_0.1.py,u_mand_factor,83,u_mand_factor,0.1,2,8,5,0.1,0.5,0.7,0.6,0.2,0.9,70.840005,80,26,18.400003,101.200007,8.573335,1,0,1083,0,heuristic_v3,solved,1,206.631548,68.811644,3.002857,0.005,,
u_mand_factor\set83\u_mand_factor_0.2.py,u_mand_factor,83,u_mand_factor,0.2,2,8,5,0.2,0.5,0.7,0.6,0.4,0.8,77.279998,80,26,36.800001,110.399997,17.146667,1,0,1083,0,heuristic_v4,solved,1,206.806995,77.274539,2.676263,0.0052,,
u_mand_factor\set83\u_mand_factor_0.2.py,u_mand_factor,83,u_mand_factor,0.2,2,8,5,0.2,0.5,0.7,0.6,0.4,0.8,77.279998,80,26,36.800001,110.399997,17.146667,1,0,1083,0,heuristic_v3,solved,1,206.806995,77.274539,2.676263,0.005,,
u_mand_factor\set83\u_mand_factor_0.3.py,u_mand_factor,83,u_mand_factor,0.3,2,8,5,0.3,0.5,0.7,0.6,0.6,0.7,83.719999,80,26,55.200007,119.599999,25.720003,1,1,1083,0,heuristic_v4,solved,1,171.185439,82.575774,2.073071,0.0055,,
u_mand_factor\set83\u_mand_factor_0.3.py,u_mand_factor,83,u_mand_factor,0.3,2,8,5,0.3,0.5,0.7,0.6,0.6,0.7,83.719999,80,26,55.200007,119.599999,25.720003,1,1,1083,0,heuristic_v3,solved,1,171.185439,82.575774,2.073071,0.0053,,
u_mand_factor\set83\u_mand_factor_0.4.py,u_mand_factor,83,u_mand_factor,0.4,2,8,5,0.4,0.5,0.7,0.6,0.8,0.6,90.159999,80,26,73.599995,128.799999,34.293331,1,1,1083,0,heuristic_v4,solved,1,133.759245,88.739031,1.507333,0.0063,,
u_mand_factor\set83\u_mand_factor_0.4.py,u_mand_factor,83,u_mand_factor,0.4,2,8,5,0.4,0.5,0.7,0.6,0.8,0.6,90.159999,80,26,73.599995,128.799999,34.293331,1,1,1083,0,heuristic_v3,solved,1,133.759245,88.739031,1.507333,0.0059,,
u_mand_factor\set83\u_mand_factor_0.5.py,u_mand_factor,83,u_mand_factor,0.5,2,8,5,0.5,0.5,0.7,0.6,1.0,0.5,96.600002,80,26,92.000007,138.000003,42.86667,1,1,1083,0,heuristic_v4,solved,1,103.551288,96.59491,1.072016,0.0075,,
u_mand_factor\set83\u_mand_factor_0.5.py,u_mand_factor,83,u_mand_factor,0.5,2,8,5,0.5,0.5,0.7,0.6,1.0,0.5,96.600002,80,26,92.000007,138.000003,42.86667,1,1,1083,0,heuristic_v3,solved,1,103.19619,96.3732,1.070798,0.0064,,
u_mand_factor\set83\u_mand_factor_0.6.py,u_mand_factor,83,u_mand_factor,0.6,2,8,5,0.6,0.5,0.7,0.6,1.2,0.4,103.040002,80,26,110.400001,147.200002,51.440001,1,1,1083,0,heuristic_v4,solved,1,65.040839,102.866992,0.632281,0.0116,,
u_mand_factor\set83\u_mand_factor_0.6.py,u_mand_factor,83,u_mand_factor,0.6,2,8,5,0.6,0.5,0.7,0.6,1.2,0.4,103.040002,80,26,110.400001,147.200002,51.440001,1,1,1083,0,heuristic_v3,solved,1,65.040839,102.866992,0.632281,0.0109,,
u_mand_factor\set83\u_mand_factor_0.7.py,u_mand_factor,83,u_mand_factor,0.7,2,8,5,0.7,0.5,0.7,0.6,1.4,0.3,109.479996,80,26,128.800002,156.399994,60.013334,1,1,1083,0,heuristic_v4,solved,1,34.141505,109.101544,0.312933,0.0114,,
u_mand_factor\set83\u_mand_factor_0.7.py,u_mand_factor,83,u_mand_factor,0.7,2,8,5,0.7,0.5,0.7,0.6,1.4,0.3,109.479996,80,26,128.800002,156.399994,60.013334,1,1,1083,0,heuristic_v3,solved,1,31.120132,109.402098,0.284456,0.0067,,
u_mand_factor\set83\u_mand_factor_0.8.py,u_mand_factor,83,u_mand_factor,0.8,2,8,5,0.8,0.5,0.7,0.6,1.6,0.2,115.920001,80,26,147.200002,165.600001,68.586668,1,1,1083,0,heuristic_v4,infeasible,0,,119.448747,,0.0185,,over budget: E=119.4487 > B=115.9200
u_mand_factor\set83\u_mand_factor_0.8.py,u_mand_factor,83,u_mand_factor,0.8,2,8,5,0.8,0.5,0.7,0.6,1.6,0.2,115.920001,80,26,147.200002,165.600001,68.586668,1,1,1083,0,heuristic_v3,infeasible,0,,119.448747,,0.0181,,over budget: E=119.4487 > B=115.9200
u_mand_factor\set83\u_mand_factor_0.9.py,u_mand_factor,83,u_mand_factor,0.9,2,8,5,0.9,0.5,0.7,0.6,1.8,0.1,122.359995,80,26,165.599997,174.799993,77.159998,1,1,1083,0,heuristic_v4,infeasible,0,,,,0.0,,
u_mand_factor\set83\u_mand_factor_0.9.py,u_mand_factor,83,u_mand_factor,0.9,2,8,5,0.9,0.5,0.7,0.6,1.8,0.1,122.359995,80,26,165.599997,174.799993,77.159998,1,1,1083,0,heuristic_v3,infeasible,0,,,,0.0,,
u_mand_factor\set84\u_mand_factor_0.1.py,u_mand_factor,84,u_mand_factor,0.1,2,8,5,0.1,0.5,0.7,0.6,0.2,0.9,70.840008,80,32,18.4,101.200012,9.44,1,0,1084,0,heuristic_v4,solved,1,174.956999,70.743903,2.473104,0.015,,
u_mand_factor\set84\u_mand_factor_0.1.py,u_mand_factor,84,u_mand_factor,0.1,2,8,5,0.1,0.5,0.7,0.6,0.2,0.9,70.840008,80,32,18.4,101.200012,9.44,1,0,1084,0,heuristic_v3,solved,1,174.956999,70.743903,2.473104,0.0136,,
u_mand_factor\set84\u_mand_factor_0.2.py,u_mand_factor,84,u_mand_factor,0.2,2,8,5,0.2,0.5,0.7,0.6,0.4,0.8,77.280002,80,32,36.800009,110.400003,18.880005,1,0,1084,0,heuristic_v4,solved,1,177.915739,77.070824,2.308471,0.0195,,
u_mand_factor\set84\u_mand_factor_0.2.py,u_mand_factor,84,u_mand_factor,0.2,2,8,5,0.2,0.5,0.7,0.6,0.4,0.8,77.280002,80,32,36.800009,110.400003,18.880005,1,0,1084,0,heuristic_v3,solved,1,177.915739,77.070824,2.308471,0.0187,,
u_mand_factor\set84\u_mand_factor_0.3.py,u_mand_factor,84,u_mand_factor,0.3,2,8,5,0.3,0.5,0.7,0.6,0.6,0.7,83.720003,80,32,55.200009,119.600005,28.320005,1,1,1084,0,heuristic_v4,solved,1,126.653231,83.656436,1.513969,0.0166,,
u_mand_factor\set84\u_mand_factor_0.3.py,u_mand_factor,84,u_mand_factor,0.3,2,8,5,0.3,0.5,0.7,0.6,0.6,0.7,83.720003,80,32,55.200009,119.600005,28.320005,1,1,1084,0,heuristic_v3,solved,1,126.653231,83.656436,1.513969,0.0162,,
u_mand_factor\set84\u_mand_factor_0.4.py,u_mand_factor,84,u_mand_factor,0.4,2,8,5,0.4,0.5,0.7,0.6,0.8,0.6,90.159996,80,32,73.599991,128.799994,37.759995,1,1,1084,0,heuristic_v4,solved,1,104.918358,88.523256,1.185207,0.0218,,
u_mand_factor\set84\u_mand_factor_0.4.py,u_mand_factor,84,u_mand_factor,0.4,2,8,5,0.4,0.5,0.7,0.6,0.8,0.6,90.159996,80,32,73.599991,128.799994,37.759995,1,1,1084,0,heuristic_v3,solved,1,101.840539,88.799793,1.146856,0.0139,,
u_mand_factor\set84\u_mand_factor_0.5.py,u_mand_factor,84,u_mand_factor,0.5,2,8,5,0.5,0.5,0.7,0.6,1.0,0.5,96.599995,80,32,91.999998,137.999993,47.199999,1,1,1084,0,heuristic_v4,solved,1,77.937912,96.520728,0.807473,0.0176,,
u_mand_factor\set84\u_mand_factor_0.5.py,u_mand_factor,84,u_mand_factor,0.5,2,8,5,0.5,0.5,0.7,0.6,1.0,0.5,96.599995,80,32,91.999998,137.999993,47.199999,1,1,1084,0,heuristic_v3,solved,1,77.937912,96.520728,0.807473,0.0158,,
u_mand_factor\set84\u_mand_factor_0.6.py,u_mand_factor,84,u_mand_factor,0.6,2,8,5,0.6,0.5,0.7,0.6,1.2,0.4,103.039997,80,32,110.400002,147.199995,56.640001,1,1,1084,0,heuristic_v4,solved,1,56.122964,102.998776,0.54489,0.025,,
u_mand_factor\set84\u_mand_factor_0.6.py,u_mand_factor,84,u_mand_factor,0.6,2,8,5,0.6,0.5,0.7,0.6,1.2,0.4,103.039997,80,32,110.400002,147.199995,56.640001,1,1,1084,0,heuristic_v3,solved,1,53.97124,102.765709,0.525187,0.0309,,
u_mand_factor\set84\u_mand_factor_0.7.py,u_mand_factor,84,u_mand_factor,0.7,2,8,5,0.7,0.5,0.7,0.6,1.4,0.3,109.480005,80,32,128.800002,156.400007,66.080001,1,1,1084,0,heuristic_v4,solved,1,26.774161,109.393999,0.24475,0.0276,,
u_mand_factor\set84\u_mand_factor_0.7.py,u_mand_factor,84,u_mand_factor,0.7,2,8,5,0.7,0.5,0.7,0.6,1.4,0.3,109.480005,80,32,128.800002,156.400007,66.080001,1,1,1084,0,heuristic_v3,solved,1,26.774161,109.393999,0.24475,0.0269,,
u_mand_factor\set84\u_mand_factor_0.8.py,u_mand_factor,84,u_mand_factor,0.8,2,8,5,0.8,0.5,0.7,0.6,1.6,0.2,115.920003,80,32,147.200007,165.600005,75.520004,1,1,1084,0,heuristic_v4,infeasible,0,,,,0.0,,
u_mand_factor\set84\u_mand_factor_0.8.py,u_mand_factor,84,u_mand_factor,0.8,2,8,5,0.8,0.5,0.7,0.6,1.6,0.2,115.920003,80,32,147.200007,165.600005,75.520004,1,1,1084,0,heuristic_v3,infeasible,0,,,,0.0,,
u_mand_factor\set84\u_mand_factor_0.9.py,u_mand_factor,84,u_mand_factor,0.9,2,8,5,0.9,0.5,0.7,0.6,1.8,0.1,122.360001,80,32,165.600002,174.800001,84.960001,1,1,1084,0,heuristic_v4,infeasible,0,,,,0.0,,
u_mand_factor\set84\u_mand_factor_0.9.py,u_mand_factor,84,u_mand_factor,0.9,2,8,5,0.9,0.5,0.7,0.6,1.8,0.1,122.360001,80,32,165.600002,174.800001,84.960001,1,1,1084,0,heuristic_v3,infeasible,0,,,,0.0,,
u_mand_factor\set85\u_mand_factor_0.1.py,u_mand_factor,85,u_mand_factor,0.1,2,8,5,0.1,0.5,0.7,0.6,0.2,0.9,70.839994,80,37,18.399995,101.199991,13.239997,1,0,1085,0,heuristic_v4,solved,1,171.848691,70.816723,2.426668,0.0341,,
u_mand_factor\set85\u_mand_factor_0.1.py,u_mand_factor,85,u_mand_factor,0.1,2,8,5,0.1,0.5,0.7,0.6,0.2,0.9,70.839994,80,37,18.399995,101.199991,13.239997,1,0,1085,0,heuristic_v3,solved,1,171.657646,70.663267,2.429234,0.0284,,
u_mand_factor\set85\u_mand_factor_0.2.py,u_mand_factor,85,u_mand_factor,0.2,2,8,5,0.2,0.5,0.7,0.6,0.4,0.8,77.280002,80,37,36.799993,110.400003,26.479995,1,0,1085,0,heuristic_v4,solved,1,163.655845,77.270595,2.117958,0.0368,,
u_mand_factor\set85\u_mand_factor_0.2.py,u_mand_factor,85,u_mand_factor,0.2,2,8,5,0.2,0.5,0.7,0.6,0.4,0.8,77.280002,80,37,36.799993,110.400003,26.479995,1,0,1085,0,heuristic_v3,solved,1,163.566183,77.198575,2.118772,0.0252,,
u_mand_factor\set85\u_mand_factor_0.3.py,u_mand_factor,85,u_mand_factor,0.3,2,8,5,0.3,0.5,0.7,0.6,0.6,0.7,83.720004,80,37,55.200005,119.600006,39.720003,1,1,1085,0,heuristic_v4,solved,1,132.343329,83.702963,1.581107,0.042,,
u_mand_factor\set85\u_mand_factor_0.3.py,u_mand_factor,85,u_mand_factor,0.3,2,8,5,0.3,0.5,0.7,0.6,0.6,0.7,83.720004,80,37,55.200005,119.600006,39.720003,1,1,1085,0,heuristic_v3,solved,1,132.194736,83.583607,1.581587,0.0304,,
u_mand_factor\set85\u_mand_factor_0.4.py,u_mand_factor,85,u_mand_factor,0.4,2,8,5,0.4,0.5,0.7,0.6,0.8,0.6,90.159995,80,37,73.600001,128.799993,52.960001,1,1,1085,0,heuristic_v4,solved,1,102.360461,90.148982,1.135459,0.0379,,
u_mand_factor\set85\u_mand_factor_0.4.py,u_mand_factor,85,u_mand_factor,0.4,2,8,5,0.4,0.5,0.7,0.6,0.8,0.6,90.159995,80,37,73.600001,128.799993,52.960001,1,1,1085,0,heuristic_v3,solved,1,102.360461,90.148982,1.135459,0.0455,,
u_mand_factor\set85\u_mand_factor_0.5.py,u_mand_factor,85,u_mand_factor,0.5,2,8,5,0.5,0.5,0.7,0.6,1.0,0.5,96.599997,80,37,91.999997,137.999995,66.199998,1,1,1085,0,heuristic_v4,solved,1,92.485343,96.524698,0.958152,0.035,,
u_mand_factor\set85\u_mand_factor_0.5.py,u_mand_factor,85,u_mand_factor,0.5,2,8,5,0.5,0.5,0.7,0.6,1.0,0.5,96.599997,80,37,91.999997,137.999995,66.199998,1,1,1085,0,heuristic_v3,solved,1,92.458907,96.503464,0.958089,0.0344,,
u_mand_factor\set85\u_mand_factor_0.6.py,u_mand_factor,85,u_mand_factor,0.6,2,8,5,0.6,0.5,0.7,0.6,1.2,0.4,103.039997,80,37,110.399994,147.199995,79.439996,1,1,1085,0,heuristic_v4,solved,1,73.085595,102.974673,0.709743,0.0407,,
u_mand_factor\set85\u_mand_factor_0.6.py,u_mand_factor,85,u_mand_factor,0.6,2,8,5,0.6,0.5,0.7,0.6,1.2,0.4,103.039997,80,37,110.399994,147.199995,79.439996,1,1,1085,0,heuristic_v3,solved,1,73.085595,102.974673,0.709743,0.0314,,
u_mand_factor\set85\u_mand_factor_0.7.py,u_mand_factor,85,u_mand_factor,0.7,2,8,5,0.7,0.5,0.7,0.6,1.4,0.3,109.479985,80,37,128.799997,156.399978,92.679998,1,1,1085,0,heuristic_v4,solved,1,46.859151,108.86622,0.430429,0.058,,
u_mand_factor\set85\u_mand_factor_0.7.py,u_mand_factor,85,u_mand_factor,0.7,2,8,5,0.7,0.5,0.7,0.6,1.4,0.3,109.479985,80,37,128.799997,156.399978,92.679998,1,1,1085,0,heuristic_v3,solved,1,42.273875,109.478624,0.386138,0.0397,,
u_mand_factor\set85\u_mand_factor_0.8.py,u_mand_factor,85,u_mand_factor,0.8,2,8,5,0.8,0.5,0.7,0.6,1.6,0.2,115.919997,80,37,147.200001,165.599995,105.920001,1,1,1085,0,heuristic_v4,solved,1,17.555726,115.901336,0.151471,0.097,,
u_mand_factor\set85\u_mand_factor_0.8.py,u_mand_factor,85,u_mand_factor,0.8,2,8,5,0.8,0.5,0.7,0.6,1.6,0.2,115.919997,80,37,147.200001,165.599995,105.920001,1,1,1085,0,heuristic_v3,solved,1,15.984497,115.88225,0.137937,0.0478,,
u_mand_factor\set85\u_mand_factor_0.9.py,u_mand_factor,85,u_mand_factor,0.9,2,8,5,0.9,0.5,0.7,0.6,1.8,0.1,122.359995,80,37,165.599997,174.799993,119.159998,1,1,1085,0,heuristic_v4,infeasible,0,,141.595044,,0.0602,,over budget: E=141.5950 > B=122.3600
u_mand_factor\set85\u_mand_factor_0.9.py,u_mand_factor,85,u_mand_factor,0.9,2,8,5,0.9,0.5,0.7,0.6,1.8,0.1,122.359995,80,37,165.599997,174.799993,119.159998,1,1,1085,0,heuristic_v3,infeasible,0,,141.595044,,0.0515,,over budget: E=141.5950 > B=122.3600
u_mand_factor\set86\u_mand_factor_0.1.py,u_mand_factor,86,u_mand_factor,0.1,2,8,5,0.1,0.5,0.7,0.6,0.2,0.9,70.840006,80,26,18.400007,101.200008,9.760004,1,0,1086,0,heuristic_v4,solved,1,302.374464,70.745309,4.274127,0.0091,,
u_mand_factor\set86\u_mand_factor_0.1.py,u_mand_factor,86,u_mand_factor,0.1,2,8,5,0.1,0.5,0.7,0.6,0.2,0.9,70.840006,80,26,18.400007,101.200008,9.760004,1,0,1086,0,heuristic_v3,solved,1,302.374464,70.745309,4.274127,0.0093,,
u_mand_factor\set86\u_mand_factor_0.2.py,u_mand_factor,86,u_mand_factor,0.2,2,8,5,0.2,0.5,0.7,0.6,0.4,0.8,77.280002,80,26,36.800001,110.400003,19.520001,1,0,1086,0,heuristic_v4,solved,1,281.905702,77.23224,3.650104,0.0096,,
u_mand_factor\set86\u_mand_factor_0.2.py,u_mand_factor,86,u_mand_factor,0.2,2,8,5,0.2,0.5,0.7,0.6,0.4,0.8,77.280002,80,26,36.800001,110.400003,19.520001,1,0,1086,0,heuristic_v3,solved,1,281.905702,77.23224,3.650104,0.0097,,
u_mand_factor\set86\u_mand_factor_0.3.py,u_mand_factor,86,u_mand_factor,0.3,2,8,5,0.3,0.5,0.7,0.6,0.6,0.7,83.720005,80,26,55.200003,119.600007,29.280002,1,1,1086,0,heuristic_v4,solved,1,250.219041,83.717106,2.988864,0.0088,,
u_mand_factor\set86\u_mand_factor_0.3.py,u_mand_factor,86,u_mand_factor,0.3,2,8,5,0.3,0.5,0.7,0.6,0.6,0.7,83.720005,80,26,55.200003,119.600007,29.280002,1,1,1086,0,heuristic_v3,solved,1,250.219041,83.717106,2.988864,0.0086,,
u_mand_factor\set86\u_mand_factor_0.4.py,u_mand_factor,86,u_mand_factor,0.4,2,8,5,0.4,0.5,0.7,0.6,0.8,0.6,90.159998,80,26,73.599998,128.799997,39.039999,1,1,1086,0,heuristic_v4,solved,1,215.410897,90.060956,2.391834,0.0109,,
u_mand_factor\set86\u_mand_factor_0.4.py,u_mand_factor,86,u_mand_factor,0.4,2,8,5,0.4,0.5,0.7,0.6,0.8,0.6,90.159998,80,26,73.599998,128.799997,39.039999,1,1,1086,0,heuristic_v3,solved,1,215.410897,90.060956,2.391834,0.0095,,
u_mand_factor\set86\u_mand_factor_0.5.py,u_mand_factor,86,u_mand_factor,0.5,2,8,5,0.5,0.5,0.7,0.6,1.0,0.5,96.600002,80,26,92.000006,138.000002,48.800003,1,1,1086,0,heuristic_v4,solved,1,172.857486,96.516189,1.790969,0.0089,,
u_mand_factor\set86\u_mand_factor_0.5.py,u_mand_factor,86,u_mand_factor,0.5,2,8,5,0.5,0.5,0.7,0.6,1.0,0.5,96.600002,80,26,92.000006,138.000002,48.800003,1,1,1086,0,heuristic_v3,solved,1,172.857486,96.516189,1.790969,0.0113,,
u_mand_factor\set86\u_mand_factor_0.6.py,u_mand_factor,86,u_mand_factor,0.6,2,8,5,0.6,0.5,0.7,0.6,1.2,0.4,103.039993,80,26,110.4,147.19999,58.56,1,1,1086,0,heuristic_v4,solved,1,128.734182,102.910136,1.250938,0.0132,,
u_mand_factor\set86\u_mand_factor_0.6.py,u_mand_factor,86,u_mand_factor,0.6,2,8,5,0.6,0.5,0.7,0.6,1.2,0.4,103.039993,80,26,110.4,147.19999,58.56,1,1,1086,0,heuristic_v3,solved,1,127.0119,102.995439,1.23318,0.0104,,
u_mand_factor\set86\u_mand_factor_0.7.py,u_mand_factor,86,u_mand_factor,0.7,2,8,5,0.7,0.5,0.7,0.6,1.4,0.3,109.479998,80,26,128.799998,156.399998,68.319999,1,1,1086,0,heuristic_v4,solved,1,75.229204,109.428517,0.687473,0.0178,,
u_mand_factor\set86\u_mand_factor_0.7.py,u_mand_factor,86,u_mand_factor,0.7,2,8,5,0.7,0.5,0.7,0.6,1.4,0.3,109.479998,80,26,128.799998,156.399998,68.319999,1,1,1086,0,heuristic_v3,solved,1,74.546263,109.476503,0.680934,0.0136,,
u_mand_factor\set86\u_mand_factor_0.8.py,u_mand_factor,86,u_mand_factor,0.8,2,8,5,0.8,0.5,0.7,0.6,1.6,0.2,115.919999,80,26,147.199993,165.599999,78.079996,1,1,1086,0,heuristic_v4,solved,1,9.04014,115.913742,0.07799,0.0334,,
u_mand_factor\set86\u_mand_factor_0.8.py,u_mand_factor,86,u_mand_factor,0.8,2,8,5,0.8,0.5,0.7,0.6,1.6,0.2,115.919999,80,26,147.199993,165.599999,78.079996,1,1,1086,0,heuristic_v3,solved,1,9.032712,115.917619,0.077924,0.0229,,
u_mand_factor\set86\u_mand_factor_0.9.py,u_mand_factor,86,u_mand_factor,0.9,2,8,5,0.9,0.5,0.7,0.6,1.8,0.1,122.360001,80,26,165.600003,174.800001,87.840002,1,1,1086,0,heuristic_v4,infeasible,0,,,,0.0,,
u_mand_factor\set86\u_mand_factor_0.9.py,u_mand_factor,86,u_mand_factor,0.9,2,8,5,0.9,0.5,0.7,0.6,1.8,0.1,122.360001,80,26,165.600003,174.800001,87.840002,1,1,1086,0,heuristic_v3,infeasible,0,,,,0.0,,
u_mand_factor\set87\u_mand_factor_0.1.py,u_mand_factor,87,u_mand_factor,0.1,2,8,5,0.1,0.5,0.7,0.6,0.2,0.9,70.84,80,33,18.399995,101.2,8.573331,1,0,1087,0,heuristic_v4,solved,1,226.476344,69.911099,3.239491,0.0164,,
u_mand_factor\set87\u_mand_factor_0.1.py,u_mand_factor,87,u_mand_factor,0.1,2,8,5,0.1,0.5,0.7,0.6,0.2,0.9,70.84,80,33,18.399995,101.2,8.573331,1,0,1087,0,heuristic_v3,solved,1,226.476344,69.911099,3.239491,0.0166,,
u_mand_factor\set87\u_mand_factor_0.2.py,u_mand_factor,87,u_mand_factor,0.2,2,8,5,0.2,0.5,0.7,0.6,0.4,0.8,77.28001,80,33,36.800007,110.400015,17.14667,1,0,1087,0,heuristic_v4,solved,1,207.260686,76.762813,2.700014,0.0185,,
u_mand_factor\set87\u_mand_factor_0.2.py,u_mand_factor,87,u_mand_factor,0.2,2,8,5,0.2,0.5,0.7,0.6,0.4,0.8,77.28001,80,33,36.800007,110.400015,17.14667,1,0,1087,0,heuristic_v3,solved,1,197.947467,76.843777,2.575973,0.0169,,
u_mand_factor\set87\u_mand_factor_0.3.py,u_mand_factor,87,u_mand_factor,0.3,2,8,5,0.3,0.5,0.7,0.6,0.6,0.7,83.719998,80,33,55.199994,119.599997,25.719997,1,1,1087,0,heuristic_v4,solved,1,178.402951,83.130291,2.146064,0.0201,,
u_mand_factor\set87\u_mand_factor_0.3.py,u_mand_factor,87,u_mand_factor,0.3,2,8,5,0.3,0.5,0.7,0.6,0.6,0.7,83.719998,80,33,55.199994,119.599997,25.719997,1,1,1087,0,heuristic_v3,solved,1,169.08957,82.099723,2.059563,0.0168,,
u_mand_factor\set87\u_mand_factor_0.4.py,u_mand_factor,87,u_mand_factor,0.4,2,8,5,0.4,0.5,0.7,0.6,0.8,0.6,90.160003,80,33,73.600003,128.800005,34.293335,1,1,1087,0,heuristic_v4,solved,1,140.532109,90.062593,1.560383,0.0175,,
u_mand_factor\set87\u_mand_factor_0.4.py,u_mand_factor,87,u_mand_factor,0.4,2,8,5,0.4,0.5,0.7,0.6,0.8,0.6,90.160003,80,33,73.600003,128.800005,34.293335,1,1,1087,0,heuristic_v3,solved,1,133.838965,89.937365,1.488135,0.0151,,
u_mand_factor\set87\u_mand_factor_0.5.py,u_mand_factor,87,u_mand_factor,0.5,2,8,5,0.5,0.5,0.7,0.6,1.0,0.5,96.599994,80,33,91.999992,137.999992,42.866663,1,1,1087,0,heuristic_v4,solved,1,102.714121,96.571359,1.063609,0.0228,,
u_mand_factor\set87\u_mand_factor_0.5.py,u_mand_factor,87,u_mand_factor,0.5,2,8,5,0.5,0.5,0.7,0.6,1.0,0.5,96.599994,80,33,91.999992,137.999992,42.866663,1,1,1087,0,heuristic_v3,solved,1,95.137066,96.579198,0.985068,0.0178,,
u_mand_factor\set87\u_mand_factor_0.6.py,u_mand_factor,87,u_mand_factor,0.6,2,8,5,0.6,0.5,0.7,0.6,1.2,0.4,103.040002,80,33,110.400008,147.200003,51.440004,1,1,1087,0,heuristic_v4,solved,1,68.139431,103.036515,0.661313,0.1127,,
u_mand_factor\set87\u_mand_factor_0.6.py,u_mand_factor,87,u_mand_factor,0.6,2,8,5,0.6,0.5,0.7,0.6,1.2,0.4,103.040002,80,33,110.400008,147.200003,51.440004,1,1,1087,0,heuristic_v3,solved,1,67.762386,103.007712,0.657838,0.0337,,
u_mand_factor\set87\u_mand_factor_0.7.py,u_mand_factor,87,u_mand_factor,0.7,2,8,5,0.7,0.5,0.7,0.6,1.4,0.3,109.480006,80,33,128.799995,156.400008,60.013331,1,1,1087,0,heuristic_v4,solved,1,29.190589,109.47785,0.266635,0.0397,,
u_mand_factor\set87\u_mand_factor_0.7.py,u_mand_factor,87,u_mand_factor,0.7,2,8,5,0.7,0.5,0.7,0.6,1.4,0.3,109.480006,80,33,128.799995,156.400008,60.013331,1,1,1087,0,heuristic_v3,solved,1,29.153083,109.464184,0.266325,0.0269,,
u_mand_factor\set87\u_mand_factor_0.8.py,u_mand_factor,87,u_mand_factor,0.8,2,8,5,0.8,0.5,0.7,0.6,1.6,0.2,115.919993,80,33,147.2,165.59999,68.586667,1,1,1087,0,heuristic_v4,infeasible,0,,125.602786,,0.0402,,over budget: E=125.6028 > B=115.9200
u_mand_factor\set87\u_mand_factor_0.8.py,u_mand_factor,87,u_mand_factor,0.8,2,8,5,0.8,0.5,0.7,0.6,1.6,0.2,115.919993,80,33,147.2,165.59999,68.586667,1,1,1087,0,heuristic_v3,infeasible,0,,125.602786,,0.0503,,over budget: E=125.6028 > B=115.9200
u_mand_factor\set87\u_mand_factor_0.9.py,u_mand_factor,87,u_mand_factor,0.9,2,8,5,0.9,0.5,0.7,0.6,1.8,0.1,122.360006,80,33,165.600002,174.800009,77.160001,1,1,1087,0,heuristic_v4,infeasible,0,,,,0.0,,
u_mand_factor\set87\u_mand_factor_0.9.py,u_mand_factor,87,u_mand_factor,0.9,2,8,5,0.9,0.5,0.7,0.6,1.8,0.1,122.360006,80,33,165.600002,174.800009,77.160001,1,1,1087,0,heuristic_v3,infeasible,0,,,,0.0,,
u_mand_factor\set88\u_mand_factor_0.1.py,u_mand_factor,88,u_mand_factor,0.1,2,8,5,0.1,0.5,0.7,0.6,0.2,0.9,70.840006,80,25,18.400002,101.200009,9.203638,1,0,1088,0,heuristic_v4,solved,1,165.689105,70.812038,2.339844,0.0098,,
u_mand_factor\set88\u_mand_factor_0.1.py,u_mand_factor,88,u_mand_factor,0.1,2,8,5,0.1,0.5,0.7,0.6,0.2,0.9,70.840006,80,25,18.400002,101.200009,9.203638,1,0,1088,0,heuristic_v3,solved,1,165.689105,70.812038,2.339844,0.0094,,
u_mand_factor\set88\u_mand_factor_0.2.py,u_mand_factor,88,u_mand_factor,0.2,2,8,5,0.2,0.5,0.7,0.6,0.4,0.8,77.280001,80,25,36.800001,110.400001,18.407273,1,0,1088,0,heuristic_v4,solved,1,138.235036,77.105844,1.792796,0.0089,,
u_mand_factor\set88\u_mand_factor_0.2.py,u_mand_factor,88,u_mand_factor,0.2,2,8,5,0.2,0.5,0.7,0.6,0.4,0.8,77.280001,80,25,36.800001,110.400001,18.407273,1,0,1088,0,heuristic_v3,solved,1,138.235036,77.105844,1.792796,0.0084,,
u_mand_factor\set88\u_mand_factor_0.3.py,u_mand_factor,88,u_mand_factor,0.3,2,8,5,0.3,0.5,0.7,0.6,0.6,0.7,83.720004,80,25,55.200008,119.600006,27.610913,1,1,1088,0,heuristic_v4,solved,1,121.0534,83.675914,1.446693,0.0082,,
u_mand_factor\set88\u_mand_factor_0.3.py,u_mand_factor,88,u_mand_factor,0.3,2,8,5,0.3,0.5,0.7,0.6,0.6,0.7,83.720004,80,25,55.200008,119.600006,27.610913,1,1,1088,0,heuristic_v3,solved,1,121.0534,83.675914,1.446693,0.0085,,
u_mand_factor\set88\u_mand_factor_0.4.py,u_mand_factor,88,u_mand_factor,0.4,2,8,5,0.4,0.5,0.7,0.6,0.8,0.6,90.159998,80,25,73.599995,128.799998,36.814543,1,1,1088,0,heuristic_v4,solved,1,95.966936,90.085135,1.065292,0.0062,,
u_mand_factor\set88\u_mand_factor_0.4.py,u_mand_factor,88,u_mand_factor,0.4,2,8,5,0.4,0.5,0.7,0.6,0.8,0.6,90.159998,80,25,73.599995,128.799998,36.814543,1,1,1088,0,heuristic_v3,solved,1,95.966936,90.085135,1.065292,0.0061,,
u_mand_factor\set88\u_mand_factor_0.5.py,u_mand_factor,88,u_mand_factor,0.5,2,8,5,0.5,0.5,0.7,0.6,1.0,0.5,96.599994,80,25,91.999998,137.999992,46.018181,1,1,1088,0,heuristic_v4,solved,1,80.61701,96.503792,0.835377,0.0127,,
u_mand_factor\set88\u_mand_factor_0.5.py,u_mand_factor,88,u_mand_factor,0.5,2,8,5,0.5,0.5,0.7,0.6,1.0,0.5,96.599994,80,25,91.999998,137.999992,46.018181,1,1,1088,0,heuristic_v3,solved,1,80.61701,96.503792,0.835377,0.0103,,
u_mand_factor\set88\u_mand_factor_0.6.py,u_mand_factor,88,u_mand_factor,0.6,2,8,5,0.6,0.5,0.7,0.6,1.2,0.4,103.040002,80,25,110.399999,147.200002,55.221818,1,1,1088,0,heuristic_v4,solved,1,58.390456,102.996329,0.566918,0.0173,,
u_mand_factor\set88\u_mand_factor_0.6.py,u_mand_factor,88,u_mand_factor,0.6,2,8,5,0.6,0.5,0.7,0.6,1.2,0.4,103.040002,80,25,110.399999,147.200002,55.221818,1,1,1088,0,heuristic_v3,solved,1,58.364448,102.98663,0.566719,0.0092,,
u_mand_factor\set88\u_mand_factor_0.7.py,u_mand_factor,88,u_mand_factor,0.7,2,8,5,0.7,0.5,0.7,0.6,1.4,0.3,109.479995,80,25,128.800001,156.399993,64.425455,1,1,1088,0,heuristic_v4,solved,1,33.981798,109.47899,0.310396,0.0172,,
u_mand_factor\set88\u_mand_factor_0.7.py,u_mand_factor,88,u_mand_factor,0.7,2,8,5,0.7,0.5,0.7,0.6,1.4,0.3,109.479995,80,25,128.800001,156.399993,64.425455,1,1,1088,0,heuristic_v3,solved,1,33.020091,109.3883,0.301861,0.0124,,
u_mand_factor\set88\u_mand_factor_0.8.py,u_mand_factor,88,u_mand_factor,0.8,2,8,5,0.8,0.5,0.7,0.6,1.6,0.2,115.919998,80,25,147.200001,165.599998,73.629091,1,1,1088,0,heuristic_v4,solved,1,6.818047,115.906064,0.058824,0.0278,,
u_mand_factor\set88\u_mand_factor_0.8.py,u_mand_factor,88,u_mand_factor,0.8,2,8,5,0.8,0.5,0.7,0.6,1.6,0.2,115.919998,80,25,147.200001,165.599998,73.629091,1,1,1088,0,heuristic_v3,solved,1,6.707639,115.904518,0.057872,0.0224,,
u_mand_factor\set88\u_mand_factor_0.9.py,u_mand_factor,88,u_mand_factor,0.9,2,8,5,0.9,0.5,0.7,0.6,1.8,0.1,122.359998,80,25,165.600009,174.799998,82.832732,1,1,1088,0,heuristic_v4,infeasible,0,,145.917967,,0.0196,,over budget: E=145.9180 > B=122.3600
u_mand_factor\set88\u_mand_factor_0.9.py,u_mand_factor,88,u_mand_factor,0.9,2,8,5,0.9,0.5,0.7,0.6,1.8,0.1,122.359998,80,25,165.600009,174.799998,82.832732,1,1,1088,0,heuristic_v3,infeasible,0,,145.917967,,0.0204,,over budget: E=145.9180 > B=122.3600
u_mand_factor\set89\u_mand_factor_0.1.py,u_mand_factor,89,u_mand_factor,0.1,2,8,5,0.1,0.5,0.7,0.6,0.2,0.9,70.839998,80,37,18.399998,101.199997,9.203635,1,0,1089,0,heuristic_v4,solved,1,239.036701,61.977141,3.856853,0.01,,
u_mand_factor\set89\u_mand_factor_0.1.py,u_mand_factor,89,u_mand_factor,0.1,2,8,5,0.1,0.5,0.7,0.6,0.2,0.9,70.839998,80,37,18.399998,101.199997,9.203635,1,0,1089,0,heuristic_v3,solved,1,239.036701,61.977141,3.856853,0.0098,,
u_mand_factor\set89\u_mand_factor_0.2.py,u_mand_factor,89,u_mand_factor,0.2,2,8,5,0.2,0.5,0.7,0.6,0.4,0.8,77.279994,80,37,36.799999,110.399992,18.407272,1,0,1089,0,heuristic_v4,solved,1,172.076346,75.669709,2.274045,0.0202,,
u_mand_factor\set89\u_mand_factor_0.2.py,u_mand_factor,89,u_mand_factor,0.2,2,8,5,0.2,0.5,0.7,0.6,0.4,0.8,77.279994,80,37,36.799999,110.399992,18.407272,1,0,1089,0,heuristic_v3,solved,1,172.076346,75.669709,2.274045,0.0207,,
u_mand_factor\set89\u_mand_factor_0.3.py,u_mand_factor,89,u_mand_factor,0.3,2,8,5,0.3,0.5,0.7,0.6,0.6,0.7,83.720006,80,37,55.200006,119.600008,27.610912,1,1,1089,0,heuristic_v4,solved,1,142.042176,78.583877,1.807523,0.0107,,
u_mand_factor\set89\u_mand_factor_0.3.py,u_mand_factor,89,u_mand_factor,0.3,2,8,5,0.3,0.5,0.7,0.6,0.6,0.7,83.720006,80,37,55.200006,119.600008,27.610912,1,1,1089,0,heuristic_v3,solved,1,142.042176,78.583877,1.807523,0.0106,,
u_mand_factor\set89\u_mand_factor_0.4.py,u_mand_factor,89,u_mand_factor,0.4,2,8,5,0.4,0.5,0.7,0.6,0.8,0.6,90.15999,80,37,73.599997,128.799986,36.814544,1,1,1089,0,heuristic_v4,solved,1,112.841235,87.966079,1.282781,0.0082,,
u_mand_factor\set89\u_mand_factor_0.4.py,u_mand_factor,89,u_mand_factor,0.4,2,8,5,0.4,0.5,0.7,0.6,0.8,0.6,90.15999,80,37,73.599997,128.799986,36.814544,1,1,1089,0,heuristic_v3,solved,1,112.841235,87.966079,1.282781,0.0081,,
u_mand_factor\set89\u_mand_factor_0.5.py,u_mand_factor,89,u_mand_factor,0.5,2,8,5,0.5,0.5,0.7,0.6,1.0,0.5,96.599995,80,37,91.999993,137.999993,46.018178,1,1,1089,0,heuristic_v4,solved,1,83.346882,96.495713,0.863737,0.028,,
u_mand_factor\set89\u_mand_factor_0.5.py,u_mand_factor,89,u_mand_factor,0.5,2,8,5,0.5,0.5,0.7,0.6,1.0,0.5,96.599995,80,37,91.999993,137.999993,46.018178,1,1,1089,0,heuristic_v3,solved,1,82.868832,96.488046,0.858851,0.0176,,
u_mand_factor\set89\u_mand_factor_0.6.py,u_mand_factor,89,u_mand_factor,0.6,2,8,5,0.6,0.5,0.7,0.6,1.2,0.4,103.039999,80,37,110.4,147.199999,55.221818,1,1,1089,0,heuristic_v4,solved,1,57.170267,103.028316,0.554899,0.0144,,
u_mand_factor\set89\u_mand_factor_0.6.py,u_mand_factor,89,u_mand_factor,0.6,2,8,5,0.6,0.5,0.7,0.6,1.2,0.4,103.039999,80,37,110.4,147.199999,55.221818,1,1,1089,0,heuristic_v3,solved,1,57.170267,103.028316,0.554899,0.0143,,
u_mand_factor\set89\u_mand_factor_0.7.py,u_mand_factor,89,u_mand_factor,0.7,2,8,5,0.7,0.5,0.7,0.6,1.4,0.3,109.479993,80,37,128.799995,156.39999,64.425452,1,1,1089,0,heuristic_v4,solved,1,13.51357,109.414107,0.123508,0.0318,,
u_mand_factor\set89\u_mand_factor_0.7.py,u_mand_factor,89,u_mand_factor,0.7,2,8,5,0.7,0.5,0.7,0.6,1.4,0.3,109.479993,80,37,128.799995,156.39999,64.425452,1,1,1089,0,heuristic_v3,solved,1,13.51357,109.414107,0.123508,0.0298,,
u_mand_factor\set89\u_mand_factor_0.8.py,u_mand_factor,89,u_mand_factor,0.8,2,8,5,0.8,0.5,0.7,0.6,1.6,0.2,115.919995,80,37,147.199998,165.599993,73.62909,1,1,1089,0,heuristic_v4,infeasible,0,,116.835614,,0.04,,over budget: E=116.8356 > B=115.9200
u_mand_factor\set89\u_mand_factor_0.8.py,u_mand_factor,89,u_mand_factor,0.8,2,8,5,0.8,0.5,0.7,0.6,1.6,0.2,115.919995,80,37,147.199998,165.599993,73.62909,1,1,1089,0,heuristic_v3,infeasible,0,,116.835614,,0.0419,,over budget: E=116.8356 > B=115.9200
u_mand_factor\set89\u_mand_factor_0.9.py,u_mand_factor,89,u_mand_factor,0.9,2,8,5,0.9,0.5,0.7,0.6,1.8,0.1,122.360002,80,37,165.600002,174.800003,82.832728,1,1,1089,0,heuristic_v4,infeasible,0,,,,0.0,,
u_mand_factor\set89\u_mand_factor_0.9.py,u_mand_factor,89,u_mand_factor,0.9,2,8,5,0.9,0.5,0.7,0.6,1.8,0.1,122.360002,80,37,165.600002,174.800003,82.832728,1,1,1089,0,heuristic_v3,infeasible,0,,,,0.0,,
u_mand_factor\set90\u_mand_factor_0.1.py,u_mand_factor,90,u_mand_factor,0.1,2,8,5,0.1,0.5,0.7,0.6,0.2,0.9,70.839996,80,40,18.39999,101.199994,8.559995,1,0,1090,0,heuristic_v4,solved,1,237.706023,70.49789,3.371818,0.0227,,
u_mand_factor\set90\u_mand_factor_0.1.py,u_mand_factor,90,u_mand_factor,0.1,2,8,5,0.1,0.5,0.7,0.6,0.2,0.9,70.839996,80,40,18.39999,101.199994,8.559995,1,0,1090,0,heuristic_v3,solved,1,237.706023,70.49789,3.371818,0.0218,,
u_mand_factor\set90\u_mand_factor_0.2.py,u_mand_factor,90,u_mand_factor,0.2,2,8,5,0.2,0.5,0.7,0.6,0.4,0.8,77.280003,80,40,36.800006,110.400005,17.120003,1,0,1090,0,heuristic_v4,solved,1,212.181201,77.015026,2.755062,0.0231,,
u_mand_factor\set90\u_mand_factor_0.2.py,u_mand_factor,90,u_mand_factor,0.2,2,8,5,0.2,0.5,0.7,0.6,0.4,0.8,77.280003,80,40,36.800006,110.400005,17.120003,1,0,1090,0,heuristic_v3,solved,1,212.181201,77.015026,2.755062,0.0207,,
u_mand_factor\set90\u_mand_factor_0.3.py,u_mand_factor,90,u_mand_factor,0.3,2,8,5,0.3,0.5,0.7,0.6,0.6,0.7,83.719992,80,40,55.199995,119.599988,25.679998,1,1,1090,0,heuristic_v4,solved,1,195.889949,82.888953,2.363282,0.0228,,
u_mand_factor\set90\u_mand_factor_0.3.py,u_mand_factor,90,u_mand_factor,0.3,2,8,5,0.3,0.5,0.7,0.6,0.6,0.7,83.719992,80,40,55.199995,119.599988,25.679998,1,1,1090,0,heuristic_v3,solved,1,195.889949,82.888953,2.363282,0.0223,,
u_mand_factor\set90\u_mand_factor_0.4.py,u_mand_factor,90,u_mand_factor,0.4,2,8,5,0.4,0.5,0.7,0.6,0.8,0.6,90.160002,80,40,73.600002,128.800002,34.240001,1,1,1090,0,heuristic_v4,solved,1,161.932118,90.145388,1.796344,0.0303,,
u_mand_factor\set90\u_mand_factor_0.4.py,u_mand_factor,90,u_mand_factor,0.4,2,8,5,0.4,0.5,0.7,0.6,0.8,0.6,90.160002,80,40,73.600002,128.800002,34.240001,1,1,1090,0,heuristic_v3,solved,1,159.486965,90.122728,1.769664,0.0284,,
u_mand_factor\set90\u_mand_factor_0.5.py,u_mand_factor,90,u_mand_factor,0.5,2,8,5,0.5,0.5,0.7,0.6,1.0,0.5,96.599997,80,40,92.0,137.999995,42.8,1,1,1090,0,heuristic_v4,solved,1,126.388171,96.59764,1.308398,0.1473,,
u_mand_factor\set90\u_mand_factor_0.5.py,u_mand_factor,90,u_mand_factor,0.5,2,8,5,0.5,0.5,0.7,0.6,1.0,0.5,96.599997,80,40,92.0,137.999995,42.8,1,1,1090,0,heuristic_v3,solved,1,117.089877,96.470721,1.213735,0.033,,
u_mand_factor\set90\u_mand_factor_0.6.py,u_mand_factor,90,u_mand_factor,0.6,2,8,5,0.6,0.5,0.7,0.6,1.2,0.4,103.040004,80,40,110.400007,147.200006,51.360003,1,1,1090,0,heuristic_v4,solved,1,74.034579,102.797556,0.720198,0.1906,,
u_mand_factor\set90\u_mand_factor_0.6.py,u_mand_factor,90,u_mand_factor,0.6,2,8,5,0.6,0.5,0.7,0.6,1.2,0.4,103.040004,80,40,110.400007,147.200006,51.360003,1,1,1090,0,heuristic_v3,solved,1,67.966768,102.709054,0.661741,0.0386,,
u_mand_factor\set90\u_mand_factor_0.7.py,u_mand_factor,90,u_mand_factor,0.7,2,8,5,0.7,0.5,0.7,0.6,1.4,0.3,109.479989,80,40,128.799997,156.399984,59.919998,1,1,1090,0,heuristic_v4,solved,1,40.946097,107.98465,0.379184,0.2159,,
u_mand_factor\set90\u_mand_factor_0.7.py,u_mand_factor,90,u_mand_factor,0.7,2,8,5,0.7,0.5,0.7,0.6,1.4,0.3,109.479989,80,40,128.799997,156.399984,59.919998,1,1,1090,0,heuristic_v3,solved,1,38.733194,108.16968,0.358078,0.0356,,
u_mand_factor\set90\u_mand_factor_0.8.py,u_mand_factor,90,u_mand_factor,0.8,2,8,5,0.8,0.5,0.7,0.6,1.6,0.2,115.919992,80,40,147.200003,165.599988,68.480002,1,1,1090,0,heuristic_v4,infeasible,0,,119.768225,,0.0573,,over budget: E=119.7682 > B=115.9200
u_mand_factor\set90\u_mand_factor_0.8.py,u_mand_factor,90,u_mand_factor,0.8,2,8,5,0.8,0.5,0.7,0.6,1.6,0.2,115.919992,80,40,147.200003,165.599988,68.480002,1,1,1090,0,heuristic_v3,infeasible,0,,119.768225,,0.0606,,over budget: E=119.7682 > B=115.9200
u_mand_factor\set90\u_mand_factor_0.9.py,u_mand_factor,90,u_mand_factor,0.9,2,8,5,0.9,0.5,0.7,0.6,1.8,0.1,122.360001,80,40,165.6,174.800001,77.04,1,1,1090,0,heuristic_v4,infeasible,0,,,,0.0,,
u_mand_factor\set90\u_mand_factor_0.9.py,u_mand_factor,90,u_mand_factor,0.9,2,8,5,0.9,0.5,0.7,0.6,1.8,0.1,122.360001,80,40,165.6,174.800001,77.04,1,1,1090,0,heuristic_v3,infeasible,0,,,,0.0,,
u_mand_factor\set91\u_mand_factor_0.1.py,u_mand_factor,91,u_mand_factor,0.1,2,8,5,0.1,0.5,0.7,0.6,0.2,0.9,70.84,80,27,18.399998,101.2,8.799999,1,0,1091,0,heuristic_v4,solved,1,182.288587,70.586011,2.582503,0.0074,,
u_mand_factor\set91\u_mand_factor_0.1.py,u_mand_factor,91,u_mand_factor,0.1,2,8,5,0.1,0.5,0.7,0.6,0.2,0.9,70.84,80,27,18.399998,101.2,8.799999,1,0,1091,0,heuristic_v3,solved,1,182.288587,70.586011,2.582503,0.0079,,
u_mand_factor\set91\u_mand_factor_0.2.py,u_mand_factor,91,u_mand_factor,0.2,2,8,5,0.2,0.5,0.7,0.6,0.4,0.8,77.279997,80,27,36.799999,110.399995,17.599999,1,0,1091,0,heuristic_v4,solved,1,178.410824,77.175003,2.31177,0.0084,,
u_mand_factor\set91\u_mand_factor_0.2.py,u_mand_factor,91,u_mand_factor,0.2,2,8,5,0.2,0.5,0.7,0.6,0.4,0.8,77.279997,80,27,36.799999,110.399995,17.599999,1,0,1091,0,heuristic_v3,solved,1,178.410824,77.175003,2.31177,0.0077,,
u_mand_factor\set91\u_mand_factor_0.3.py,u_mand_factor,91,u_mand_factor,0.3,2,8,5,0.3,0.5,0.7,0.6,0.6,0.7,83.719994,80,27,55.199994,119.599991,26.399997,1,1,1091,0,heuristic_v4,solved,1,145.848077,83.705197,1.742402,0.0095,,
u_mand_factor\set91\u_mand_factor_0.3.py,u_mand_factor,91,u_mand_factor,0.3,2,8,5,0.3,0.5,0.7,0.6,0.6,0.7,83.719994,80,27,55.199994,119.599991,26.399997,1,1,1091,0,heuristic_v3,solved,1,145.848077,83.705197,1.742402,0.0089,,
u_mand_factor\set91\u_mand_factor_0.4.py,u_mand_factor,91,u_mand_factor,0.4,2,8,5,0.4,0.5,0.7,0.6,0.8,0.6,90.159999,80,27,73.599997,128.799999,35.199998,1,1,1091,0,heuristic_v4,solved,1,118.45937,89.199184,1.328032,0.0095,,
u_mand_factor\set91\u_mand_factor_0.4.py,u_mand_factor,91,u_mand_factor,0.4,2,8,5,0.4,0.5,0.7,0.6,0.8,0.6,90.159999,80,27,73.599997,128.799999,35.199998,1,1,1091,0,heuristic_v3,solved,1,117.371292,88.996577,1.318829,0.0074,,
u_mand_factor\set91\u_mand_factor_0.5.py,u_mand_factor,91,u_mand_factor,0.5,2,8,5,0.5,0.5,0.7,0.6,1.0,0.5,96.599991,80,27,91.999995,137.999987,43.999998,1,1,1091,0,heuristic_v4,solved,1,86.457434,96.533672,0.895619,0.0091,,
u_mand_factor\set91\u_mand_factor_0.5.py,u_mand_factor,91,u_mand_factor,0.5,2,8,5,0.5,0.5,0.7,0.6,1.0,0.5,96.599991,80,27,91.999995,137.999987,43.999998,1,1,1091,0,heuristic_v3,solved,1,86.457434,96.533672,0.895619,0.0096,,
u_mand_factor\set91\u_mand_factor_0.6.py,u_mand_factor,91,u_mand_factor,0.6,2,8,5,0.6,0.5,0.7,0.6,1.2,0.4,103.040002,80,27,110.399998,147.200003,52.799999,1,1,1091,0,heuristic_v4,solved,1,59.907617,102.918654,0.582087,0.0139,,
u_mand_factor\set91\u_mand_factor_0.6.py,u_mand_factor,91,u_mand_factor,0.6,2,8,5,0.6,0.5,0.7,0.6,1.2,0.4,103.040002,80,27,110.399998,147.200003,52.799999,1,1,1091,0,heuristic_v3,solved,1,58.568704,102.551485,0.571115,0.0092,,
u_mand_factor\set91\u_mand_factor_0.7.py,u_mand_factor,91,u_mand_factor,0.7,2,8,5,0.7,0.5,0.7,0.6,1.4,0.3,109.479998,80,27,128.799997,156.399998,61.599998,1,1,1091,0,heuristic_v4,solved,1,27.158174,109.00949,0.249136,0.0121,,
u_mand_factor\set91\u_mand_factor_0.7.py,u_mand_factor,91,u_mand_factor,0.7,2,8,5,0.7,0.5,0.7,0.6,1.4,0.3,109.479998,80,27,128.799997,156.399998,61.599998,1,1,1091,0,heuristic_v3,solved,1,27.158174,109.00949,0.249136,0.0102,,
u_mand_factor\set91\u_mand_factor_0.8.py,u_mand_factor,91,u_mand_factor,0.8,2,8,5,0.8,0.5,0.7,0.6,1.6,0.2,115.920006,80,27,147.199997,165.600009,70.399998,1,1,1091,0,heuristic_v4,infeasible,0,,122.266935,,0.0213,,over budget: E=122.2669 > B=115.9200
u_mand_factor\set91\u_mand_factor_0.8.py,u_mand_factor,91,u_mand_factor,0.8,2,8,5,0.8,0.5,0.7,0.6,1.6,0.2,115.920006,80,27,147.199997,165.600009,70.399998,1,1,1091,0,heuristic_v3,infeasible,0,,122.266935,,0.0233,,over budget: E=122.2669 > B=115.9200
u_mand_factor\set91\u_mand_factor_0.9.py,u_mand_factor,91,u_mand_factor,0.9,2,8,5,0.9,0.5,0.7,0.6,1.8,0.1,122.360001,80,27,165.600001,174.800001,79.200001,1,1,1091,0,heuristic_v4,infeasible,0,,145.36714,,0.0259,,over budget: E=145.3671 > B=122.3600
u_mand_factor\set91\u_mand_factor_0.9.py,u_mand_factor,91,u_mand_factor,0.9,2,8,5,0.9,0.5,0.7,0.6,1.8,0.1,122.360001,80,27,165.600001,174.800001,79.200001,1,1,1091,0,heuristic_v3,infeasible,0,,145.36714,,0.0261,,over budget: E=145.3671 > B=122.3600
u_mand_factor\set92\u_mand_factor_0.1.py,u_mand_factor,92,u_mand_factor,0.1,2,8,5,0.1,0.5,0.7,0.6,0.2,0.9,70.840006,80,28,18.400006,101.200009,8.573336,1,0,1092,0,heuristic_v4,solved,1,255.51319,68.039396,3.755371,0.0096,,
u_mand_factor\set92\u_mand_factor_0.1.py,u_mand_factor,92,u_mand_factor,0.1,2,8,5,0.1,0.5,0.7,0.6,0.2,0.9,70.840006,80,28,18.400006,101.200009,8.573336,1,0,1092,0,heuristic_v3,solved,1,255.51319,68.039396,3.755371,0.009,,
u_mand_factor\set92\u_mand_factor_0.2.py,u_mand_factor,92,u_mand_factor,0.2,2,8,5,0.2,0.5,0.7,0.6,0.4,0.8,77.280006,80,28,36.799995,110.400009,17.146665,1,0,1092,0,heuristic_v4,solved,1,229.615701,73.384197,3.128953,0.0095,,
u_mand_factor\set92\u_mand_factor_0.2.py,u_mand_factor,92,u_mand_factor,0.2,2,8,5,0.2,0.5,0.7,0.6,0.4,0.8,77.280006,80,28,36.799995,110.400009,17.146665,1,0,1092,0,heuristic_v3,solved,1,229.615701,73.384197,3.128953,0.0125,,
u_mand_factor\set92\u_mand_factor_0.3.py,u_mand_factor,92,u_mand_factor,0.3,2,8,5,0.3,0.5,0.7,0.6,0.6,0.7,83.719998,80,28,55.200005,119.599998,25.720002,1,1,1092,0,heuristic_v4,solved,1,206.032663,80.235232,2.567858,0.0099,,
u_mand_factor\set92\u_mand_factor_0.3.py,u_mand_factor,92,u_mand_factor,0.3,2,8,5,0.3,0.5,0.7,0.6,0.6,0.7,83.719998,80,28,55.200005,119.599998,25.720002,1,1,1092,0,heuristic_v3,solved,1,206.032663,80.235232,2.567858,0.0076,,
u_mand_factor\set92\u_mand_factor_0.4.py,u_mand_factor,92,u_mand_factor,0.4,2,8,5,0.4,0.5,0.7,0.6,0.8,0.6,90.159998,80,28,73.599999,128.799998,34.293333,1,1,1092,0,heuristic_v4,solved,1,175.762208,89.159394,1.971326,0.0093,,
u_mand_factor\set92\u_mand_factor_0.4.py,u_mand_factor,92,u_mand_factor,0.4,2,8,5,0.4,0.5,0.7,0.6,0.8,0.6,90.159998,80,28,73.599999,128.799998,34.293333,1,1,1092,0,heuristic_v3,solved,1,175.762208,89.159394,1.971326,0.0092,,
u_mand_factor\set92\u_mand_factor_0.5.py,u_mand_factor,92,u_mand_factor,0.5,2,8,5,0.5,0.5,0.7,0.6,1.0,0.5,96.599994,80,28,91.999991,137.999992,42.866662,1,1,1092,0,heuristic_v4,solved,1,140.195718,96.249954,1.45658,0.0094,,
u_mand_factor\set92\u_mand_factor_0.5.py,u_mand_factor,92,u_mand_factor,0.5,2,8,5,0.5,0.5,0.7,0.6,1.0,0.5,96.599994,80,28,91.999991,137.999992,42.866662,1,1,1092,0,heuristic_v3,solved,1,140.195718,96.249954,1.45658,0.0082,,
u_mand_factor\set92\u_mand_factor_0.6.py,u_mand_factor,92,u_mand_factor,0.6,2,8,5,0.6,0.5,0.7,0.6,1.2,0.4,103.040001,80,28,110.399994,147.200001,51.439997,1,1,1092,0,heuristic_v4,solved,1,93.173988,103.008783,0.904525,0.0341,,
u_mand_factor\set92\u_mand_factor_0.6.py,u_mand_factor,92,u_mand_factor,0.6,2,8,5,0.6,0.5,0.7,0.6,1.2,0.4,103.040001,80,28,110.399994,147.200001,51.439997,1,1,1092,0,heuristic_v3,solved,1,92.873378,102.978748,0.901869,0.0148,,
u_mand_factor\set92\u_mand_factor_0.7.py,u_mand_factor,92,u_mand_factor,0.7,2,8,5,0.7,0.5,0.7,0.6,1.4,0.3,109.48,80,28,128.800003,156.4,60.013335,1,1,1092,0,heuristic_v4,solved,1,54.145721,108.922737,0.497102,0.0452,,
u_mand_factor\set92\u_mand_factor_0.7.py,u_mand_factor,92,u_mand_factor,0.7,2,8,5,0.7,0.5,0.7,0.6,1.4,0.3,109.48,80,28,128.800003,156.4,60.013335,1,1,1092,0,heuristic_v3,solved,1,52.868498,108.127132,0.488948,0.021,,
u_mand_factor\set92\u_mand_factor_0.8.py,u_mand_factor,92,u_mand_factor,0.8,2,8,5,0.8,0.5,0.7,0.6,1.6,0.2,115.919994,80,28,147.199999,165.599992,68.586666,1,1,1092,0,heuristic_v4,infeasible,0,,118.24398,,0.0269,,over budget: E=118.2440 > B=115.9200
u_mand_factor\set92\u_mand_factor_0.8.py,u_mand_factor,92,u_mand_factor,0.8,2,8,5,0.8,0.5,0.7,0.6,1.6,0.2,115.919994,80,28,147.199999,165.599992,68.586666,1,1,1092,0,heuristic_v3,infeasible,0,,118.24398,,0.027,,over budget: E=118.2440 > B=115.9200
u_mand_factor\set92\u_mand_factor_0.9.py,u_mand_factor,92,u_mand_factor,0.9,2,8,5,0.9,0.5,0.7,0.6,1.8,0.1,122.36,80,28,165.6,174.8,77.16,1,1,1092,0,heuristic_v4,infeasible,0,,150.352677,,0.0228,,over budget: E=150.3527 > B=122.3600
u_mand_factor\set92\u_mand_factor_0.9.py,u_mand_factor,92,u_mand_factor,0.9,2,8,5,0.9,0.5,0.7,0.6,1.8,0.1,122.36,80,28,165.6,174.8,77.16,1,1,1092,0,heuristic_v3,infeasible,0,,150.352677,,0.0223,,over budget: E=150.3527 > B=122.3600
u_mand_factor\set93\u_mand_factor_0.1.py,u_mand_factor,93,u_mand_factor,0.1,2,8,5,0.1,0.5,0.7,0.6,0.2,0.9,70.839995,80,29,18.399994,101.199993,9.203633,1,0,1093,0,heuristic_v4,solved,1,241.753564,70.711838,3.418856,0.0139,,
u_mand_factor\set93\u_mand_factor_0.1.py,u_mand_factor,93,u_mand_factor,0.1,2,8,5,0.1,0.5,0.7,0.6,0.2,0.9,70.839995,80,29,18.399994,101.199993,9.203633,1,0,1093,0,heuristic_v3,solved,1,241.753564,70.711838,3.418856,0.0137,,
u_mand_factor\set93\u_mand_factor_0.2.py,u_mand_factor,93,u_mand_factor,0.2,2,8,5,0.2,0.5,0.7,0.6,0.4,0.8,77.28,80,29,36.799997,110.4,18.407271,1,0,1093,0,heuristic_v4,solved,1,205.700823,77.04988,2.66971,0.0163,,
u_mand_factor\set93\u_mand_factor_0.2.py,u_mand_factor,93,u_mand_factor,0.2,2,8,5,0.2,0.5,0.7,0.6,0.4,0.8,77.28,80,29,36.799997,110.4,18.407271,1,0,1093,0,heuristic_v3,solved,1,205.700823,77.04988,2.66971,0.0178,,
u_mand_factor\set93\u_mand_factor_0.3.py,u_mand_factor,93,u_mand_factor,0.3,2,8,5,0.3,0.5,0.7,0.6,0.6,0.7,83.720002,80,29,55.199999,119.600002,27.610909,1,1,1093,0,heuristic_v4,solved,1,185.092594,83.548776,2.215384,0.0139,,
u_mand_factor\set93\u_mand_factor_0.3.py,u_mand_factor,93,u_mand_factor,0.3,2,8,5,0.3,0.5,0.7,0.6,0.6,0.7,83.720002,80,29,55.199999,119.600002,27.610909,1,1,1093,0,heuristic_v3,solved,1,185.092594,83.548776,2.215384,0.0133,,
u_mand_factor\set93\u_mand_factor_0.4.py,u_mand_factor,93,u_mand_factor,0.4,2,8,5,0.4,0.5,0.7,0.6,0.8,0.6,90.159994,80,29,73.599993,128.799992,36.814542,1,1,1093,0,heuristic_v4,solved,1,144.701122,89.891027,1.609739,0.0179,,
u_mand_factor\set93\u_mand_factor_0.4.py,u_mand_factor,93,u_mand_factor,0.4,2,8,5,0.4,0.5,0.7,0.6,0.8,0.6,90.159994,80,29,73.599993,128.799992,36.814542,1,1,1093,0,heuristic_v3,solved,1,142.829864,90.022113,1.586609,0.0136,,
u_mand_factor\set93\u_mand_factor_0.5.py,u_mand_factor,93,u_mand_factor,0.5,2,8,5,0.5,0.5,0.7,0.6,1.0,0.5,96.599994,80,29,92.000007,137.999992,46.018185,1,1,1093,0,heuristic_v4,solved,1,103.697092,96.472436,1.074888,0.0257,,
u_mand_factor\set93\u_mand_factor_0.5.py,u_mand_factor,93,u_mand_factor,0.5,2,8,5,0.5,0.5,0.7,0.6,1.0,0.5,96.599994,80,29,92.000007,137.999992,46.018185,1,1,1093,0,heuristic_v3,solved,1,99.023505,96.517782,1.025961,0.026,,
u_mand_factor\set93\u_mand_factor_0.6.py,u_mand_factor,93,u_mand_factor,0.6,2,8,5,0.6,0.5,0.7,0.6,1.2,0.4,103.039999,80,29,110.399999,147.199999,55.221818,1,1,1093,0,heuristic_v4,solved,1,64.867383,102.850029,0.630699,0.0282,,
u_mand_factor\set93\u_mand_factor_0.6.py,u_mand_factor,93,u_mand_factor,0.6,2,8,5,0.6,0.5,0.7,0.6,1.2,0.4,103.039999,80,29,110.399999,147.199999,55.221818,1,1,1093,0,heuristic_v3,solved,1,61.612224,102.923854,0.598619,0.0141,,
u_mand_factor\set93\u_mand_factor_0.7.py,u_mand_factor,93,u_mand_factor,0.7,2,8,5,0.7,0.5,0.7,0.6,1.4,0.3,109.480002,80,29,128.800001,156.400003,64.425455,1,1,1093,0,heuristic_v4,solved,1,58.334562,109.259259,0.53391,0.0237,,
u_mand_factor\set93\u_mand_factor_0.7.py,u_mand_factor,93,u_mand_factor,0.7,2,8,5,0.7,0.5,0.7,0.6,1.4,0.3,109.480002,80,29,128.800001,156.400003,64.425455,1,1,1093,0,heuristic_v3,solved,1,56.720337,109.418604,0.518379,0.0131,,
u_mand_factor\set93\u_mand_factor_0.8.py,u_mand_factor,93,u_mand_factor,0.8,2,8,5,0.8,0.5,0.7,0.6,1.6,0.2,115.920001,80,29,147.200002,165.600001,73.629092,1,1,1093,0,heuristic_v4,solved,1,16.063249,115.915879,0.138577,0.0349,,
u_mand_factor\set93\u_mand_factor_0.8.py,u_mand_factor,93,u_mand_factor,0.8,2,8,5,0.8,0.5,0.7,0.6,1.6,0.2,115.920001,80,29,147.200002,165.600001,73.629092,1,1,1093,0,heuristic_v3,solved,1,15.536078,115.868828,0.134083,0.0185,,
u_mand_factor\set93\u_mand_factor_0.9.py,u_mand_factor,93,u_mand_factor,0.9,2,8,5,0.9,0.5,0.7,0.6,1.8,0.1,122.360002,80,29,165.6,174.800002,82.832727,1,1,1093,0,heuristic_v4,infeasible,0,,145.171552,,0.0396,,over budget: E=145.1716 > B=122.3600
u_mand_factor\set93\u_mand_factor_0.9.py,u_mand_factor,93,u_mand_factor,0.9,2,8,5,0.9,0.5,0.7,0.6,1.8,0.1,122.360002,80,29,165.6,174.800002,82.832727,1,1,1093,0,heuristic_v3,infeasible,0,,145.171552,,0.0345,,over budget: E=145.1716 > B=122.3600
u_mand_factor\set94\u_mand_factor_0.1.py,u_mand_factor,94,u_mand_factor,0.1,2,8,5,0.1,0.5,0.7,0.6,0.2,0.9,70.840002,80,27,18.399999,101.200002,9.203636,1,0,1094,0,heuristic_v4,solved,1,191.87228,70.827051,2.709025,0.0135,,
u_mand_factor\set94\u_mand_factor_0.1.py,u_mand_factor,94,u_mand_factor,0.1,2,8,5,0.1,0.5,0.7,0.6,0.2,0.9,70.840002,80,27,18.399999,101.200002,9.203636,1,0,1094,0,heuristic_v3,solved,1,191.87228,70.827051,2.709025,0.0127,,
u_mand_factor\set94\u_mand_factor_0.2.py,u_mand_factor,94,u_mand_factor,0.2,2,8,5,0.2,0.5,0.7,0.6,0.4,0.8,77.279998,80,27,36.800001,110.399998,18.407273,1,0,1094,0,heuristic_v4,solved,1,140.552802,77.005671,1.825227,0.0146,,
u_mand_factor\set94\u_mand_factor_0.2.py,u_mand_factor,94,u_mand_factor,0.2,2,8,5,0.2,0.5,0.7,0.6,0.4,0.8,77.279998,80,27,36.800001,110.399998,18.407273,1,0,1094,0,heuristic_v3,solved,1,134.890781,76.617153,1.760582,0.0135,,
u_mand_factor\set94\u_mand_factor_0.3.py,u_mand_factor,94,u_mand_factor,0.3,2,8,5,0.3,0.5,0.7,0.6,0.6,0.7,83.720003,80,27,55.200001,119.600005,27.61091,1,1,1094,0,heuristic_v4,solved,1,109.61649,83.317306,1.315651,0.0145,,
u_mand_factor\set94\u_mand_factor_0.3.py,u_mand_factor,94,u_mand_factor,0.3,2,8,5,0.3,0.5,0.7,0.6,0.6,0.7,83.720003,80,27,55.200001,119.600005,27.61091,1,1,1094,0,heuristic_v3,solved,1,98.4585,83.584968,1.177945,0.0128,,
u_mand_factor\set94\u_mand_factor_0.4.py,u_mand_factor,94,u_mand_factor,0.4,2,8,5,0.4,0.5,0.7,0.6,0.8,0.6,90.160002,80,27,73.600002,128.800002,36.814547,1,1,1094,0,heuristic_v4,solved,1,96.205338,88.985489,1.081135,0.0182,,
u_mand_factor\set94\u_mand_factor_0.4.py,u_mand_factor,94,u_mand_factor,0.4,2,8,5,0.4,0.5,0.7,0.6,0.8,0.6,90.160002,80,27,73.600002,128.800002,36.814547,1,1,1094,0,heuristic_v3,solved,1,83.630483,89.183068,0.937739,0.0151,,
u_mand_factor\set94\u_mand_factor_0.5.py,u_mand_factor,94,u_mand_factor,0.5,2,8,5,0.5,0.5,0.7,0.6,1.0,0.5,96.600002,80,27,92.000002,138.000002,46.018183,1,1,1094,0,heuristic_v4,solved,1,72.885132,96.358908,0.756392,0.024,,
u_mand_factor\set94\u_mand_factor_0.5.py,u_mand_factor,94,u_mand_factor,0.5,2,8,5,0.5,0.5,0.7,0.6,1.0,0.5,96.600002,80,27,92.000002,138.000002,46.018183,1,1,1094,0,heuristic_v3,solved,1,65.431013,96.575644,0.677511,0.0231,,
u_mand_factor\set94\u_mand_factor_0.6.py,u_mand_factor,94,u_mand_factor,0.6,2,8,5,0.6,0.5,0.7,0.6,1.2,0.4,103.039994,80,27,110.399995,147.199992,55.221816,1,1,1094,0,heuristic_v4,solved,1,65.049983,102.986827,0.631634,0.0333,,
u_mand_factor\set94\u_mand_factor_0.6.py,u_mand_factor,94,u_mand_factor,0.6,2,8,5,0.6,0.5,0.7,0.6,1.2,0.4,103.039994,80,27,110.399995,147.199992,55.221816,1,1,1094,0,heuristic_v3,solved,1,63.660057,102.964226,0.618274,0.0214,,
u_mand_factor\set94\u_mand_factor_0.7.py,u_mand_factor,94,u_mand_factor,0.7,2,8,5,0.7,0.5,0.7,0.6,1.4,0.3,109.479998,80,27,128.799997,156.399998,64.425453,1,1,1094,0,heuristic_v4,solved,1,42.061646,109.444269,0.38432,0.0287,,
u_mand_factor\set94\u_mand_factor_0.7.py,u_mand_factor,94,u_mand_factor,0.7,2,8,5,0.7,0.5,0.7,0.6,1.4,0.3,109.479998,80,27,128.799997,156.399998,64.425453,1,1,1094,0,heuristic_v3,solved,1,41.966613,109.384812,0.38366,0.0263,,
u_mand_factor\set94\u_mand_factor_0.8.py,u_mand_factor,94,u_mand_factor,0.8,2,8,5,0.8,0.5,0.7,0.6,1.6,0.2,115.919994,80,27,147.199995,165.599992,73.629089,1,1,1094,0,heuristic_v4,infeasible,0,,117.41519,,0.0282,,over budget: E=117.4152 > B=115.9200
u_mand_factor\set94\u_mand_factor_0.8.py,u_mand_factor,94,u_mand_factor,0.8,2,8,5,0.8,0.5,0.7,0.6,1.6,0.2,115.919994,80,27,147.199995,165.599992,73.629089,1,1,1094,0,heuristic_v3,infeasible,0,,117.41519,,0.0211,,over budget: E=117.4152 > B=115.9200
u_mand_factor\set94\u_mand_factor_0.9.py,u_mand_factor,94,u_mand_factor,0.9,2,8,5,0.9,0.5,0.7,0.6,1.8,0.1,122.359998,80,27,165.599998,174.799998,82.832726,1,1,1094,0,heuristic_v4,infeasible,0,,143.303085,,0.0451,,over budget: E=143.3031 > B=122.3600
u_mand_factor\set94\u_mand_factor_0.9.py,u_mand_factor,94,u_mand_factor,0.9,2,8,5,0.9,0.5,0.7,0.6,1.8,0.1,122.359998,80,27,165.599998,174.799998,82.832726,1,1,1094,0,heuristic_v3,infeasible,0,,143.303085,,0.044,,over budget: E=143.3031 > B=122.3600
u_mand_factor\set95\u_mand_factor_0.1.py,u_mand_factor,95,u_mand_factor,0.1,2,8,5,0.1,0.5,0.7,0.6,0.2,0.9,70.840005,80,23,18.399998,101.200007,8.573332,1,0,1095,0,heuristic_v4,solved,1,246.516715,67.100005,3.67387,0.0066,,
u_mand_factor\set95\u_mand_factor_0.1.py,u_mand_factor,95,u_mand_factor,0.1,2,8,5,0.1,0.5,0.7,0.6,0.2,0.9,70.840005,80,23,18.399998,101.200007,8.573332,1,0,1095,0,heuristic_v3,solved,1,246.516715,67.100005,3.67387,0.0061,,
u_mand_factor\set95\u_mand_factor_0.2.py,u_mand_factor,95,u_mand_factor,0.2,2,8,5,0.2,0.5,0.7,0.6,0.4,0.8,77.279999,80,23,36.799998,110.399999,17.146666,1,0,1095,0,heuristic_v4,solved,1,211.522085,73.199999,2.889646,0.0066,,
u_mand_factor\set95\u_mand_factor_0.2.py,u_mand_factor,95,u_mand_factor,0.2,2,8,5,0.2,0.5,0.7,0.6,0.4,0.8,77.279999,80,23,36.799998,110.399999,17.146666,1,0,1095,0,heuristic_v3,solved,1,211.522085,73.199999,2.889646,0.0062,,
u_mand_factor\set95\u_mand_factor_0.3.py,u_mand_factor,95,u_mand_factor,0.3,2,8,5,0.3,0.5,0.7,0.6,0.6,0.7,83.720005,80,23,55.200005,119.600007,25.720002,1,1,1095,0,heuristic_v4,solved,1,190.691685,79.300005,2.404687,0.0074,,
u_mand_factor\set95\u_mand_factor_0.3.py,u_mand_factor,95,u_mand_factor,0.3,2,8,5,0.3,0.5,0.7,0.6,0.6,0.7,83.720005,80,23,55.200005,119.600007,25.720002,1,1,1095,0,heuristic_v3,solved,1,190.691685,79.300005,2.404687,0.007,,
u_mand_factor\set95\u_mand_factor_0.4.py,u_mand_factor,95,u_mand_factor,0.4,2,8,5,0.4,0.5,0.7,0.6,0.8,0.6,90.160007,80,23,73.600006,128.80001,34.293336,1,1,1095,0,heuristic_v4,solved,1,148.00189,88.303067,1.676067,0.0068,,
u_mand_factor\set95\u_mand_factor_0.4.py,u_mand_factor,95,u_mand_factor,0.4,2,8,5,0.4,0.5,0.7,0.6,0.8,0.6,90.160007,80,23,73.600006,128.80001,34.293336,1,1,1095,0,heuristic_v3,solved,1,148.00189,88.303067,1.676067,0.0058,,
u_mand_factor\set95\u_mand_factor_0.5.py,u_mand_factor,95,u_mand_factor,0.5,2,8,5,0.5,0.5,0.7,0.6,1.0,0.5,96.599994,80,23,91.999997,137.999991,42.866665,1,1,1095,0,heuristic_v4,solved,1,129.477443,95.964003,1.349229,0.0105,,
u_mand_factor\set95\u_mand_factor_0.5.py,u_mand_factor,95,u_mand_factor,0.5,2,8,5,0.5,0.5,0.7,0.6,1.0,0.5,96.599994,80,23,91.999997,137.999991,42.866665,1,1,1095,0,heuristic_v3,solved,1,128.674799,96.169406,1.338001,0.01,,
u_mand_factor\set95\u_mand_factor_0.6.py,u_mand_factor,95,u_mand_factor,0.6,2,8,5,0.6,0.5,0.7,0.6,1.2,0.4,103.040003,80,23,110.399998,147.200005,51.439999,1,1,1095,0,heuristic_v4,solved,1,95.866946,102.96493,0.931064,0.0157,,
u_mand_factor\set95\u_mand_factor_0.6.py,u_mand_factor,95,u_mand_factor,0.6,2,8,5,0.6,0.5,0.7,0.6,1.2,0.4,103.040003,80,23,110.399998,147.200005,51.439999,1,1,1095,0,heuristic_v3,solved,1,92.329981,103.006156,0.896354,0.0093,,
u_mand_factor\set95\u_mand_factor_0.7.py,u_mand_factor,95,u_mand_factor,0.7,2,8,5,0.7,0.5,0.7,0.6,1.4,0.3,109.479998,80,23,128.799995,156.399997,60.013331,1,1,1095,0,heuristic_v4,solved,1,43.568018,108.219692,0.402589,0.011,,
u_mand_factor\set95\u_mand_factor_0.7.py,u_mand_factor,95,u_mand_factor,0.7,2,8,5,0.7,0.5,0.7,0.6,1.4,0.3,109.479998,80,23,128.799995,156.399997,60.013331,1,1,1095,0,heuristic_v3,solved,1,43.568018,108.219692,0.402589,0.0093,,
u_mand_factor\set95\u_mand_factor_0.8.py,u_mand_factor,95,u_mand_factor,0.8,2,8,5,0.8,0.5,0.7,0.6,1.6,0.2,115.920001,80,23,147.200003,165.600001,68.586668,1,1,1095,0,heuristic_v4,solved,1,10.166057,115.515734,0.088006,0.0224,,
u_mand_factor\set95\u_mand_factor_0.8.py,u_mand_factor,95,u_mand_factor,0.8,2,8,5,0.8,0.5,0.7,0.6,1.6,0.2,115.920001,80,23,147.200003,165.600001,68.586668,1,1,1095,0,heuristic_v3,solved,1,8.722119,115.25185,0.075679,0.0086,,
u_mand_factor\set95\u_mand_factor_0.9.py,u_mand_factor,95,u_mand_factor,0.9,2,8,5,0.9,0.5,0.7,0.6,1.8,0.1,122.360006,80,23,165.600002,174.800008,77.160001,1,1,1095,0,heuristic_v4,infeasible,0,,145.385215,,0.016,,over budget: E=145.3852 > B=122.3600
u_mand_factor\set95\u_mand_factor_0.9.py,u_mand_factor,95,u_mand_factor,0.9,2,8,5,0.9,0.5,0.7,0.6,1.8,0.1,122.360006,80,23,165.600002,174.800008,77.160001,1,1,1095,0,heuristic_v3,infeasible,0,,145.385215,,0.0158,,over budget: E=145.3852 > B=122.3600
u_mand_factor\set96\u_mand_factor_0.1.py,u_mand_factor,96,u_mand_factor,0.1,2,8,5,0.1,0.5,0.7,0.6,0.2,0.9,70.840006,80,28,18.400008,101.200009,8.817147,1,0,1096,0,heuristic_v4,solved,1,266.231481,70.635809,3.769072,0.0074,,
u_mand_factor\set96\u_mand_factor_0.1.py,u_mand_factor,96,u_mand_factor,0.1,2,8,5,0.1,0.5,0.7,0.6,0.2,0.9,70.840006,80,28,18.400008,101.200009,8.817147,1,0,1096,0,heuristic_v3,solved,1,266.231481,70.635809,3.769072,0.0072,,
u_mand_factor\set96\u_mand_factor_0.2.py,u_mand_factor,96,u_mand_factor,0.2,2,8,5,0.2,0.5,0.7,0.6,0.4,0.8,77.280001,80,28,36.799998,110.400001,17.634285,1,0,1096,0,heuristic_v4,solved,1,212.204937,77.195136,2.748942,0.007,,
u_mand_factor\set96\u_mand_factor_0.2.py,u_mand_factor,96,u_mand_factor,0.2,2,8,5,0.2,0.5,0.7,0.6,0.4,0.8,77.280001,80,28,36.799998,110.400001,17.634285,1,0,1096,0,heuristic_v3,solved,1,212.204937,77.195136,2.748942,0.0074,,
u_mand_factor\set96\u_mand_factor_0.3.py,u_mand_factor,96,u_mand_factor,0.3,2,8,5,0.3,0.5,0.7,0.6,0.6,0.7,83.720012,80,28,55.200008,119.600017,26.451432,1,1,1096,0,heuristic_v4,solved,1,199.430212,83.483278,2.388864,0.0075,,
u_mand_factor\set96\u_mand_factor_0.3.py,u_mand_factor,96,u_mand_factor,0.3,2,8,5,0.3,0.5,0.7,0.6,0.6,0.7,83.720012,80,28,55.200008,119.600017,26.451432,1,1,1096,0,heuristic_v3,solved,1,199.430212,83.483278,2.388864,0.0145,,
u_mand_factor\set96\u_mand_factor_0.4.py,u_mand_factor,96,u_mand_factor,0.4,2,8,5,0.4,0.5,0.7,0.6,0.8,0.6,90.159997,80,28,73.599995,128.799995,35.268569,1,1,1096,0,heuristic_v4,solved,1,178.203341,90.120772,1.977384,0.0174,,
u_mand_factor\set96\u_mand_factor_0.4.py,u_mand_factor,96,u_mand_factor,0.4,2,8,5,0.4,0.5,0.7,0.6,0.8,0.6,90.159997,80,28,73.599995,128.799995,35.268569,1,1,1096,0,heuristic_v3,solved,1,178.203341,90.120772,1.977384,0.0103,,
u_mand_factor\set96\u_mand_factor_0.5.py,u_mand_factor,96,u_mand_factor,0.5,2,8,5,0.5,0.5,0.7,0.6,1.0,0.5,96.600002,80,28,92.000003,138.000003,44.085716,1,1,1096,0,heuristic_v4,solved,1,141.263857,96.59784,1.462391,0.0243,,
u_mand_factor\set96\u_mand_factor_0.5.py,u_mand_factor,96,u_mand_factor,0.5,2,8,5,0.5,0.5,0.7,0.6,1.0,0.5,96.600002,80,28,92.000003,138.000003,44.085716,1,1,1096,0,heuristic_v3,solved,1,141.174314,96.563942,1.461978,0.0161,,
u_mand_factor\set96\u_mand_factor_0.6.py,u_mand_factor,96,u_mand_factor,0.6,2,8,5,0.6,0.5,0.7,0.6,1.2,0.4,103.039995,80,28,110.4,147.199993,52.902857,1,1,1096,0,heuristic_v4,solved,1,80.417361,100.767661,0.798047,0.0089,,
u_mand_factor\set96\u_mand_factor_0.6.py,u_mand_factor,96,u_mand_factor,0.6,2,8,5,0.6,0.5,0.7,0.6,1.2,0.4,103.039995,80,28,110.4,147.199993,52.902857,1,1,1096,0,heuristic_v3,solved,1,80.417361,100.767661,0.798047,0.0087,,
u_mand_factor\set96\u_mand_factor_0.7.py,u_mand_factor,96,u_mand_factor,0.7,2,8,5,0.7,0.5,0.7,0.6,1.4,0.3,109.48001,80,28,128.800002,156.400015,61.720001,1,1,1096,0,heuristic_v4,solved,1,54.578744,108.924934,0.501067,0.023,,
u_mand_factor\set96\u_mand_factor_0.7.py,u_mand_factor,96,u_mand_factor,0.7,2,8,5,0.7,0.5,0.7,0.6,1.4,0.3,109.48001,80,28,128.800002,156.400015,61.720001,1,1,1096,0,heuristic_v3,solved,1,54.525015,108.85878,0.500878,0.0108,,
u_mand_factor\set96\u_mand_factor_0.8.py,u_mand_factor,96,u_mand_factor,0.8,2,8,5,0.8,0.5,0.7,0.6,1.6,0.2,115.920006,80,28,147.200002,165.600009,70.537144,1,1,1096,0,heuristic_v4,solved,1,9.565909,115.400841,0.082893,0.0189,,
u_mand_factor\set96\u_mand_factor_0.8.py,u_mand_factor,96,u_mand_factor,0.8,2,8,5,0.8,0.5,0.7,0.6,1.6,0.2,115.920006,80,28,147.200002,165.600009,70.537144,1,1,1096,0,heuristic_v3,solved,1,9.565909,115.400841,0.082893,0.0155,,
u_mand_factor\set96\u_mand_factor_0.9.py,u_mand_factor,96,u_mand_factor,0.9,2,8,5,0.9,0.5,0.7,0.6,1.8,0.1,122.360002,80,28,165.599999,174.800003,79.354285,1,1,1096,0,heuristic_v4,infeasible,0,,148.766118,,0.0438,,over budget: E=148.7661 > B=122.3600
u_mand_factor\set96\u_mand_factor_0.9.py,u_mand_factor,96,u_mand_factor,0.9,2,8,5,0.9,0.5,0.7,0.6,1.8,0.1,122.360002,80,28,165.599999,174.800003,79.354285,1,1,1096,0,heuristic_v3,infeasible,0,,148.766118,,0.0383,,over budget: E=148.7661 > B=122.3600
u_mand_factor\set97\u_mand_factor_0.1.py,u_mand_factor,97,u_mand_factor,0.1,2,8,5,0.1,0.5,0.7,0.6,0.2,0.9,70.840008,80,24,18.400002,101.200011,8.817144,1,0,1097,0,heuristic_v4,solved,1,224.877564,66.748616,3.369022,0.0067,,
u_mand_factor\set97\u_mand_factor_0.1.py,u_mand_factor,97,u_mand_factor,0.1,2,8,5,0.1,0.5,0.7,0.6,0.2,0.9,70.840008,80,24,18.400002,101.200011,8.817144,1,0,1097,0,heuristic_v3,solved,1,224.877564,66.748616,3.369022,0.007,,
u_mand_factor\set97\u_mand_factor_0.2.py,u_mand_factor,97,u_mand_factor,0.2,2,8,5,0.2,0.5,0.7,0.6,0.4,0.8,77.279997,80,24,36.799999,110.399995,17.634285,1,0,1097,0,heuristic_v4,solved,1,181.095864,73.47505,2.464726,0.0065,,
u_mand_factor\set97\u_mand_factor_0.2.py,u_mand_factor,97,u_mand_factor,0.2,2,8,5,0.2,0.5,0.7,0.6,0.4,0.8,77.279997,80,24,36.799999,110.399995,17.634285,1,0,1097,0,heuristic_v3,solved,1,181.095864,73.47505,2.464726,0.007,,
u_mand_factor\set97\u_mand_factor_0.3.py,u_mand_factor,97,u_mand_factor,0.3,2,8,5,0.3,0.5,0.7,0.6,0.6,0.7,83.719999,80,24,55.200006,119.599999,26.451431,1,1,1097,0,heuristic_v4,solved,1,164.470292,80.201497,2.050713,0.0061,,
u_mand_factor\set97\u_mand_factor_0.3.py,u_mand_factor,97,u_mand_factor,0.3,2,8,5,0.3,0.5,0.7,0.6,0.6,0.7,83.719999,80,24,55.200006,119.599999,26.451431,1,1,1097,0,heuristic_v3,solved,1,164.470292,80.201497,2.050713,0.0059,,
u_mand_factor\set97\u_mand_factor_0.4.py,u_mand_factor,97,u_mand_factor,0.4,2,8,5,0.4,0.5,0.7,0.6,0.8,0.6,90.159998,80,24,73.600005,128.799997,35.268574,1,1,1097,0,heuristic_v4,solved,1,145.893799,90.053758,1.620075,0.0091,,
u_mand_factor\set97\u_mand_factor_0.4.py,u_mand_factor,97,u_mand_factor,0.4,2,8,5,0.4,0.5,0.7,0.6,0.8,0.6,90.159998,80,24,73.600005,128.799997,35.268574,1,1,1097,0,heuristic_v3,solved,1,142.788298,90.12925,1.584261,0.0078,,
u_mand_factor\set97\u_mand_factor_0.5.py,u_mand_factor,97,u_mand_factor,0.5,2,8,5,0.5,0.5,0.7,0.6,1.0,0.5,96.600007,80,24,92.000007,138.00001,44.085718,1,1,1097,0,heuristic_v4,solved,1,121.678088,96.544513,1.260331,0.0084,,
u_mand_factor\set97\u_mand_factor_0.5.py,u_mand_factor,97,u_mand_factor,0.5,2,8,5,0.5,0.5,0.7,0.6,1.0,0.5,96.600007,80,24,92.000007,138.00001,44.085718,1,1,1097,0,heuristic_v3,solved,1,120.376502,96.203548,1.251269,0.0075,,
u_mand_factor\set97\u_mand_factor_0.6.py,u_mand_factor,97,u_mand_factor,0.6,2,8,5,0.6,0.5,0.7,0.6,1.2,0.4,103.03999,80,24,110.399995,147.199985,52.902855,1,1,1097,0,heuristic_v4,solved,1,80.683042,103.031707,0.783089,0.021,,
u_mand_factor\set97\u_mand_factor_0.6.py,u_mand_factor,97,u_mand_factor,0.6,2,8,5,0.6,0.5,0.7,0.6,1.2,0.4,103.03999,80,24,110.399995,147.199985,52.902855,1,1,1097,0,heuristic_v3,solved,1,79.360354,102.615462,0.773376,0.0089,,
u_mand_factor\set97\u_mand_factor_0.7.py,u_mand_factor,97,u_mand_factor,0.7,2,8,5,0.7,0.5,0.7,0.6,1.4,0.3,109.479997,80,24,128.800001,156.399995,61.720001,1,1,1097,0,heuristic_v4,solved,1,47.193976,109.464953,0.431133,0.0158,,
u_mand_factor\set97\u_mand_factor_0.7.py,u_mand_factor,97,u_mand_factor,0.7,2,8,5,0.7,0.5,0.7,0.6,1.4,0.3,109.479997,80,24,128.800001,156.399995,61.720001,1,1,1097,0,heuristic_v3,solved,1,46.41009,109.401658,0.424217,0.008,,
u_mand_factor\set97\u_mand_factor_0.8.py,u_mand_factor,97,u_mand_factor,0.8,2,8,5,0.8,0.5,0.7,0.6,1.6,0.2,115.919999,80,24,147.199995,165.599999,70.537141,1,1,1097,0,heuristic_v4,solved,1,1.916886,115.135665,0.016649,0.0086,,
u_mand_factor\set97\u_mand_factor_0.8.py,u_mand_factor,97,u_mand_factor,0.8,2,8,5,0.8,0.5,0.7,0.6,1.6,0.2,115.919999,80,24,147.199995,165.599999,70.537141,1,1,1097,0,heuristic_v3,solved,1,1.916886,115.135665,0.016649,0.0056,,
u_mand_factor\set97\u_mand_factor_0.9.py,u_mand_factor,97,u_mand_factor,0.9,2,8,5,0.9,0.5,0.7,0.6,1.8,0.1,122.359998,80,24,165.599995,174.799997,79.354284,1,1,1097,0,heuristic_v4,infeasible,0,,149.666401,,0.0198,,over budget: E=149.6664 > B=122.3600
u_mand_factor\set97\u_mand_factor_0.9.py,u_mand_factor,97,u_mand_factor,0.9,2,8,5,0.9,0.5,0.7,0.6,1.8,0.1,122.359998,80,24,165.599995,174.799997,79.354284,1,1,1097,0,heuristic_v3,infeasible,0,,149.666401,,0.0184,,over budget: E=149.6664 > B=122.3600
u_mand_factor\set98\u_mand_factor_0.1.py,u_mand_factor,98,u_mand_factor,0.1,2,8,5,0.1,0.5,0.7,0.6,0.2,0.9,70.83999,80,36,18.399995,101.199986,8.559998,1,0,1098,0,heuristic_v4,solved,1,240.353775,70.253252,3.421248,0.0149,,
u_mand_factor\set98\u_mand_factor_0.1.py,u_mand_factor,98,u_mand_factor,0.1,2,8,5,0.1,0.5,0.7,0.6,0.2,0.9,70.83999,80,36,18.399995,101.199986,8.559998,1,0,1098,0,heuristic_v3,solved,1,240.353775,70.253252,3.421248,0.0144,,
u_mand_factor\set98\u_mand_factor_0.2.py,u_mand_factor,98,u_mand_factor,0.2,2,8,5,0.2,0.5,0.7,0.6,0.4,0.8,77.279987,80,36,36.799995,110.399982,17.119998,1,0,1098,0,heuristic_v4,solved,1,215.087689,73.199988,2.938357,0.0188,,
u_mand_factor\set98\u_mand_factor_0.2.py,u_mand_factor,98,u_mand_factor,0.2,2,8,5,0.2,0.5,0.7,0.6,0.4,0.8,77.279987,80,36,36.799995,110.399982,17.119998,1,0,1098,0,heuristic_v3,solved,1,215.087689,73.199988,2.938357,0.0129,,
u_mand_factor\set98\u_mand_factor_0.3.py,u_mand_factor,98,u_mand_factor,0.3,2,8,5,0.3,0.5,0.7,0.6,0.6,0.7,83.720002,80,36,55.200005,119.600003,25.680002,1,1,1098,0,heuristic_v4,solved,1,176.544089,81.47418,2.166872,0.0115,,
u_mand_factor\set98\u_mand_factor_0.3.py,u_mand_factor,98,u_mand_factor,0.3,2,8,5,0.3,0.5,0.7,0.6,0.6,0.7,83.720002,80,36,55.200005,119.600003,25.680002,1,1,1098,0,heuristic_v3,solved,1,176.544089,81.47418,2.166872,0.0111,,
u_mand_factor\set98\u_mand_factor_0.4.py,u_mand_factor,98,u_mand_factor,0.4,2,8,5,0.4,0.5,0.7,0.6,0.8,0.6,90.160002,80,36,73.600001,128.800003,34.240001,1,1,1098,0,heuristic_v4,solved,1,148.235889,89.383357,1.658428,0.0112,,
u_mand_factor\set98\u_mand_factor_0.4.py,u_mand_factor,98,u_mand_factor,0.4,2,8,5,0.4,0.5,0.7,0.6,0.8,0.6,90.160002,80,36,73.600001,128.800003,34.240001,1,1,1098,0,heuristic_v3,solved,1,140.713953,85.902771,1.638061,0.0098,,
u_mand_factor\set98\u_mand_factor_0.5.py,u_mand_factor,98,u_mand_factor,0.5,2,8,5,0.5,0.5,0.7,0.6,1.0,0.5,96.599995,80,36,92.0,137.999993,42.8,1,1,1098,0,heuristic_v4,solved,1,115.803361,96.004055,1.206234,0.0136,,
u_mand_factor\set98\u_mand_factor_0.5.py,u_mand_factor,98,u_mand_factor,0.5,2,8,5,0.5,0.5,0.7,0.6,1.0,0.5,96.599995,80,36,92.0,137.999993,42.8,1,1,1098,0,heuristic_v3,solved,1,115.803361,96.004055,1.206234,0.0125,,
u_mand_factor\set98\u_mand_factor_0.6.py,u_mand_factor,98,u_mand_factor,0.6,2,8,5,0.6,0.5,0.7,0.6,1.2,0.4,103.039999,80,36,110.399997,147.199999,51.359998,1,1,1098,0,heuristic_v4,solved,1,71.162307,102.176686,0.696463,0.016,,
u_mand_factor\set98\u_mand_factor_0.6.py,u_mand_factor,98,u_mand_factor,0.6,2,8,5,0.6,0.5,0.7,0.6,1.2,0.4,103.039999,80,36,110.399997,147.199999,51.359998,1,1,1098,0,heuristic_v3,solved,1,71.162307,102.176686,0.696463,0.0135,,
u_mand_factor\set98\u_mand_factor_0.7.py,u_mand_factor,98,u_mand_factor,0.7,2,8,5,0.7,0.5,0.7,0.6,1.4,0.3,109.479992,80,36,128.799987,156.399988,59.919994,1,1,1098,0,heuristic_v4,solved,1,40.161187,109.002825,0.368442,0.0204,,
u_mand_factor\set98\u_mand_factor_0.7.py,u_mand_factor,98,u_mand_factor,0.7,2,8,5,0.7,0.5,0.7,0.6,1.4,0.3,109.479992,80,36,128.799987,156.399988,59.919994,1,1,1098,0,heuristic_v3,solved,1,40.161187,109.002825,0.368442,0.0136,,
u_mand_factor\set98\u_mand_factor_0.8.py,u_mand_factor,98,u_mand_factor,0.8,2,8,5,0.8,0.5,0.7,0.6,1.6,0.2,115.919994,80,36,147.199992,165.599992,68.479996,1,1,1098,0,heuristic_v4,infeasible,0,,117.072399,,0.0312,,over budget: E=117.0724 > B=115.9200
u_mand_factor\set98\u_mand_factor_0.8.py,u_mand_factor,98,u_mand_factor,0.8,2,8,5,0.8,0.5,0.7,0.6,1.6,0.2,115.919994,80,36,147.199992,165.599992,68.479996,1,1,1098,0,heuristic_v3,infeasible,0,,117.072399,,0.0322,,over budget: E=117.0724 > B=115.9200
u_mand_factor\set98\u_mand_factor_0.9.py,u_mand_factor,98,u_mand_factor,0.9,2,8,5,0.9,0.5,0.7,0.6,1.8,0.1,122.359994,80,36,165.600001,174.799992,77.040001,1,1,1098,0,heuristic_v4,infeasible,0,,,,0.0,,
u_mand_factor\set98\u_mand_factor_0.9.py,u_mand_factor,98,u_mand_factor,0.9,2,8,5,0.9,0.5,0.7,0.6,1.8,0.1,122.359994,80,36,165.600001,174.799992,77.040001,1,1,1098,0,heuristic_v3,infeasible,0,,,,0.0,,
u_mand_factor\set99\u_mand_factor_0.1.py,u_mand_factor,99,u_mand_factor,0.1,2,8,5,0.1,0.5,0.7,0.6,0.2,0.9,70.839996,80,33,18.400005,101.199994,8.573335,1,0,1099,0,heuristic_v4,solved,1,211.989397,70.817117,2.993477,0.0184,,
u_mand_factor\set99\u_mand_factor_0.1.py,u_mand_factor,99,u_mand_factor,0.1,2,8,5,0.1,0.5,0.7,0.6,0.2,0.9,70.839996,80,33,18.400005,101.199994,8.573335,1,0,1099,0,heuristic_v3,solved,1,211.989397,70.817117,2.993477,0.0186,,
u_mand_factor\set99\u_mand_factor_0.2.py,u_mand_factor,99,u_mand_factor,0.2,2,8,5,0.2,0.5,0.7,0.6,0.4,0.8,77.280012,80,33,36.8,110.400017,17.146667,1,0,1099,0,heuristic_v4,solved,1,174.562967,77.255355,2.259558,0.0196,,
u_mand_factor\set99\u_mand_factor_0.2.py,u_mand_factor,99,u_mand_factor,0.2,2,8,5,0.2,0.5,0.7,0.6,0.4,0.8,77.280012,80,33,36.8,110.400017,17.146667,1,0,1099,0,heuristic_v3,solved,1,174.562967,77.255355,2.259558,0.0194,,
u_mand_factor\set99\u_mand_factor_0.3.py,u_mand_factor,99,u_mand_factor,0.3,2,8,5,0.3,0.5,0.7,0.6,0.6,0.7,83.720006,80,33,55.200009,119.600009,25.720004,1,1,1099,0,heuristic_v4,solved,1,185.284443,83.601,2.216295,0.0144,,
u_mand_factor\set99\u_mand_factor_0.3.py,u_mand_factor,99,u_mand_factor,0.3,2,8,5,0.3,0.5,0.7,0.6,0.6,0.7,83.720006,80,33,55.200009,119.600009,25.720004,1,1,1099,0,heuristic_v3,solved,1,185.284443,83.601,2.216295,0.0136,,
u_mand_factor\set99\u_mand_factor_0.4.py,u_mand_factor,99,u_mand_factor,0.4,2,8,5,0.4,0.5,0.7,0.6,0.8,0.6,90.159998,80,33,73.599995,128.799998,34.293331,1,1,1099,0,heuristic_v4,solved,1,150.699091,89.99293,1.674566,0.0183,,
u_mand_factor\set99\u_mand_factor_0.4.py,u_mand_factor,99,u_mand_factor,0.4,2,8,5,0.4,0.5,0.7,0.6,0.8,0.6,90.159998,80,33,73.599995,128.799998,34.293331,1,1,1099,0,heuristic_v3,solved,1,150.699091,89.99293,1.674566,0.0171,,
u_mand_factor\set99\u_mand_factor_0.5.py,u_mand_factor,99,u_mand_factor,0.5,2,8,5,0.5,0.5,0.7,0.6,1.0,0.5,96.59999,80,33,91.999999,137.999985,42.866666,1,1,1099,0,heuristic_v4,solved,1,119.601454,96.384859,1.240874,0.0227,,
u_mand_factor\set99\u_mand_factor_0.5.py,u_mand_factor,99,u_mand_factor,0.5,2,8,5,0.5,0.5,0.7,0.6,1.0,0.5,96.59999,80,33,91.999999,137.999985,42.866666,1,1,1099,0,heuristic_v3,solved,1,119.601454,96.384859,1.240874,0.025,,
u_mand_factor\set99\u_mand_factor_0.6.py,u_mand_factor,99,u_mand_factor,0.6,2,8,5,0.6,0.5,0.7,0.6,1.2,0.4,103.040006,80,33,110.399998,147.200009,51.439999,1,1,1099,0,heuristic_v4,solved,1,81.207357,99.748411,0.814122,0.025,,
u_mand_factor\set99\u_mand_factor_0.6.py,u_mand_factor,99,u_mand_factor,0.6,2,8,5,0.6,0.5,0.7,0.6,1.2,0.4,103.040006,80,33,110.399998,147.200009,51.439999,1,1,1099,0,heuristic_v3,solved,1,79.574686,102.884017,0.773441,0.0251,,
u_mand_factor\set99\u_mand_factor_0.7.py,u_mand_factor,99,u_mand_factor,0.7,2,8,5,0.7,0.5,0.7,0.6,1.4,0.3,109.480012,80,33,128.800012,156.400017,60.013339,1,1,1099,0,heuristic_v4,solved,1,44.594615,109.339544,0.407854,0.2155,,
u_mand_factor\set99\u_mand_factor_0.7.py,u_mand_factor,99,u_mand_factor,0.7,2,8,5,0.7,0.5,0.7,0.6,1.4,0.3,109.480012,80,33,128.800012,156.400017,60.013339,1,1,1099,0,heuristic_v3,solved,1,41.510271,109.431665,0.379326,0.0654,,
u_mand_factor\set99\u_mand_factor_0.8.py,u_mand_factor,99,u_mand_factor,0.8,2,8,5,0.8,0.5,0.7,0.6,1.6,0.2,115.920002,80,33,147.200001,165.600003,68.586667,1,1,1099,0,heuristic_v4,infeasible,0,,118.589957,,0.0312,,over budget: E=118.5900 > B=115.9200
u_mand_factor\set99\u_mand_factor_0.8.py,u_mand_factor,99,u_mand_factor,0.8,2,8,5,0.8,0.5,0.7,0.6,1.6,0.2,115.920002,80,33,147.200001,165.600003,68.586667,1,1,1099,0,heuristic_v3,infeasible,0,,118.589957,,0.0289,,over budget: E=118.5900 > B=115.9200
u_mand_factor\set99\u_mand_factor_0.9.py,u_mand_factor,99,u_mand_factor,0.9,2,8,5,0.9,0.5,0.7,0.6,1.8,0.1,122.360002,80,33,165.600007,174.800003,77.160003,1,1,1099,0,heuristic_v4,infeasible,0,,,,0.0,,
u_mand_factor\set99\u_mand_factor_0.9.py,u_mand_factor,99,u_mand_factor,0.9,2,8,5,0.9,0.5,0.7,0.6,1.8,0.1,122.360002,80,33,165.600007,174.800003,77.160003,1,1,1099,0,heuristic_v3,infeasible,0,,,,0.0,,
