file,sweep,set,factor,value,n_prc,n_tsk,n_frq,u_mand_factor,u_opt_factor,rho,xi,U_M,U_O,B,H,J,e_mand_fmax,e_full_fmax,e_mand_min,feasible,donate_ok,seed,redraws,model,status,model_feasible,utility,energy,util_per_energy,runtime,gap,error
u_mand_factor\set00\u_mand_factor_0.1.py,u_mand_factor,0,u_mand_factor,0.1,2,8,5,0.1,0.5,0.7,0.6,0.2,0.9,70.840003,80,29,18.399999,101.200005,8.817142,1,0,1000,0,ilp_v4,optimal,1,269.727721,62.616351,4.307624,0.3227,0.0,
u_mand_factor\set00\u_mand_factor_0.2.py,u_mand_factor,0,u_mand_factor,0.2,2,8,5,0.2,0.5,0.7,0.6,0.4,0.8,77.280001,80,29,36.800005,110.400001,17.634288,1,0,1000,0,ilp_v4,optimal,1,235.719363,76.526301,3.08024,0.3235,0.0,
u_mand_factor\set00\u_mand_factor_0.3.py,u_mand_factor,0,u_mand_factor,0.3,2,8,5,0.3,0.5,0.7,0.6,0.6,0.7,83.719998,80,29,55.199995,119.599997,26.451426,1,1,1000,0,ilp_v4,optimal,1,203.729585,76.187303,2.674062,0.3355,0.0,
u_mand_factor\set00\u_mand_factor_0.4.py,u_mand_factor,0,u_mand_factor,0.4,2,8,5,0.4,0.5,0.7,0.6,0.8,0.6,90.160002,80,29,73.6,128.800002,35.268571,1,1,1000,0,ilp_v4,optimal,1,172.250096,89.483608,1.924935,0.5034,0.0,
u_mand_factor\set00\u_mand_factor_0.5.py,u_mand_factor,0,u_mand_factor,0.5,2,8,5,0.5,0.5,0.7,0.6,1.0,0.5,96.600007,80,29,91.999999,138.00001,44.085714,1,1,1000,0,ilp_v4,optimal,1,142.485857,96.478375,1.476868,0.4321,0.0,
u_mand_factor\set00\u_mand_factor_0.6.py,u_mand_factor,0,u_mand_factor,0.6,2,8,5,0.6,0.5,0.7,0.6,1.2,0.4,103.039996,80,29,110.399999,147.199994,52.902857,1,1,1000,0,ilp_v4,optimal,1,111.132873,102.925713,1.079739,1.1371,0.0,
u_mand_factor\set00\u_mand_factor_0.7.py,u_mand_factor,0,u_mand_factor,0.7,2,8,5,0.7,0.5,0.7,0.6,1.4,0.3,109.480003,80,29,128.799994,156.400005,61.719997,1,1,1000,0,ilp_v4,optimal,1,71.035584,109.473674,0.648883,2.5327,0.0,
u_mand_factor\set00\u_mand_factor_0.8.py,u_mand_factor,0,u_mand_factor,0.8,2,8,5,0.8,0.5,0.7,0.6,1.6,0.2,115.920003,80,29,147.200002,165.600005,70.537144,1,1,1000,0,ilp_v4,optimal,1,-0.0,115.902959,-0.0,0.2167,0.0,
u_mand_factor\set00\u_mand_factor_0.9.py,u_mand_factor,0,u_mand_factor,0.9,2,8,5,0.9,0.5,0.7,0.6,1.8,0.1,122.360007,80,29,165.600003,174.80001,79.354287,1,1,1000,0,ilp_v4,infeasible,0,,,,0.1263,,
u_mand_factor\set01\u_mand_factor_0.1.py,u_mand_factor,1,u_mand_factor,0.1,2,8,5,0.1,0.5,0.7,0.6,0.2,0.9,70.840001,80,23,18.400005,101.200001,8.573335,1,0,1001,0,ilp_v4,optimal,1,241.298617,70.05222,3.444553,0.0914,0.0,
u_mand_factor\set01\u_mand_factor_0.2.py,u_mand_factor,1,u_mand_factor,0.2,2,8,5,0.2,0.5,0.7,0.6,0.4,0.8,77.279998,80,23,36.799997,110.399998,17.146665,1,0,1001,0,ilp_v4,optimal,1,221.710296,75.288394,2.944814,0.2221,0.0,
u_mand_factor\set01\u_mand_factor_0.3.py,u_mand_factor,1,u_mand_factor,0.3,2,8,5,0.3,0.5,0.7,0.6,0.6,0.7,83.720006,80,23,55.200001,119.600009,25.720001,1,1,1001,0,ilp_v4,optimal,1,196.563907,83.622408,2.350613,0.2905,0.0,
u_mand_factor\set01\u_mand_factor_0.4.py,u_mand_factor,1,u_mand_factor,0.4,2,8,5,0.4,0.5,0.7,0.6,0.8,0.6,90.159998,80,23,73.599998,128.799998,34.293332,1,1,1001,0,ilp_v4,optimal,1,156.551648,90.155992,1.736453,0.4146,0.0,
u_mand_factor\set01\u_mand_factor_0.5.py,u_mand_factor,1,u_mand_factor,0.5,2,8,5,0.5,0.5,0.7,0.6,1.0,0.5,96.600004,80,23,92.000007,138.000006,42.86667,1,1,1001,0,ilp_v4,optimal,1,114.794519,96.587475,1.188503,0.2057,0.0,
u_mand_factor\set01\u_mand_factor_0.6.py,u_mand_factor,1,u_mand_factor,0.6,2,8,5,0.6,0.5,0.7,0.6,1.2,0.4,103.039999,80,23,110.4,147.199999,51.44,1,1,1001,0,ilp_v4,optimal,1,78.120246,103.017793,0.758318,0.4207,0.0,
u_mand_factor\set01\u_mand_factor_0.7.py,u_mand_factor,1,u_mand_factor,0.7,2,8,5,0.7,0.5,0.7,0.6,1.4,0.3,109.480001,80,23,128.800001,156.400001,60.013334,1,1,1001,0,ilp_v4,optimal,1,38.022755,109.475683,0.347317,0.9401,0.0,
u_mand_factor\set01\u_mand_factor_0.8.py,u_mand_factor,1,u_mand_factor,0.8,2,8,5,0.8,0.5,0.7,0.6,1.6,0.2,115.920003,80,23,147.200003,165.600005,68.586668,1,1,1001,0,ilp_v4,infeasible,0,,,,0.0327,,
u_mand_factor\set01\u_mand_factor_0.9.py,u_mand_factor,1,u_mand_factor,0.9,2,8,5,0.9,0.5,0.7,0.6,1.8,0.1,122.359998,80,23,165.600002,174.799998,77.160001,1,1,1001,0,ilp_v4,infeasible,0,,,,0.055,,
u_mand_factor\set02\u_mand_factor_0.1.py,u_mand_factor,2,u_mand_factor,0.1,2,8,5,0.1,0.5,0.7,0.6,0.2,0.9,70.839998,80,30,18.400002,101.199998,8.560001,1,0,1002,0,ilp_v4,optimal,1,231.076153,61.85153,3.735981,0.2101,0.0,
u_mand_factor\set02\u_mand_factor_0.2.py,u_mand_factor,2,u_mand_factor,0.2,2,8,5,0.2,0.5,0.7,0.6,0.4,0.8,77.280002,80,30,36.8,110.400002,17.12,1,0,1002,0,ilp_v4,optimal,1,195.99357,63.937043,3.065415,0.2235,0.0,
u_mand_factor\set02\u_mand_factor_0.3.py,u_mand_factor,2,u_mand_factor,0.3,2,8,5,0.3,0.5,0.7,0.6,0.6,0.7,83.719992,80,30,55.200001,119.599988,25.680001,1,1,1002,0,ilp_v4,optimal,1,149.213423,80.01851,1.864736,0.305,0.0,
u_mand_factor\set02\u_mand_factor_0.4.py,u_mand_factor,2,u_mand_factor,0.4,2,8,5,0.4,0.5,0.7,0.6,0.8,0.6,90.160004,80,30,73.599997,128.800006,34.239998,1,1,1002,0,ilp_v4,optimal,1,139.307634,89.542734,1.555767,0.3089,0.0,
u_mand_factor\set02\u_mand_factor_0.5.py,u_mand_factor,2,u_mand_factor,0.5,2,8,5,0.5,0.5,0.7,0.6,1.0,0.5,96.599995,80,30,91.999999,137.999993,42.799999,1,1,1002,0,ilp_v4,optimal,1,127.968851,96.516646,1.325873,0.7999,0.0,
u_mand_factor\set02\u_mand_factor_0.6.py,u_mand_factor,2,u_mand_factor,0.6,2,8,5,0.6,0.5,0.7,0.6,1.2,0.4,103.039989,80,30,110.399998,147.199984,51.359999,1,1,1002,0,ilp_v4,optimal,1,95.724607,103.035592,0.929044,1.2995,9.5e-05,
u_mand_factor\set02\u_mand_factor_0.7.py,u_mand_factor,2,u_mand_factor,0.7,2,8,5,0.7,0.5,0.7,0.6,1.4,0.3,109.48001,80,30,128.799998,156.400014,59.919999,1,1,1002,0,ilp_v4,optimal,1,61.633972,109.472821,0.563007,1.7358,4.1e-05,
u_mand_factor\set02\u_mand_factor_0.8.py,u_mand_factor,2,u_mand_factor,0.8,2,8,5,0.8,0.5,0.7,0.6,1.6,0.2,115.920013,80,30,147.199999,165.600018,68.479999,1,1,1002,0,ilp_v4,optimal,1,4.315541,115.919392,0.037229,3.9072,0.0,
u_mand_factor\set02\u_mand_factor_0.9.py,u_mand_factor,2,u_mand_factor,0.9,2,8,5,0.9,0.5,0.7,0.6,1.8,0.1,122.359999,80,30,165.600003,174.799999,77.040002,1,1,1002,0,ilp_v4,infeasible,0,,,,0.102,,
u_mand_factor\set03\u_mand_factor_0.1.py,u_mand_factor,3,u_mand_factor,0.1,2,8,5,0.1,0.5,0.7,0.6,0.2,0.9,70.839997,80,27,18.399999,101.199995,8.573333,1,0,1003,0,ilp_v4,optimal,1,235.991183,57.10229,4.13278,0.1619,0.0,
u_mand_factor\set03\u_mand_factor_0.2.py,u_mand_factor,3,u_mand_factor,0.2,2,8,5,0.2,0.5,0.7,0.6,0.4,0.8,77.279998,80,27,36.799992,110.399997,17.146663,1,0,1003,0,ilp_v4,optimal,1,199.11193,75.862122,2.624655,0.1981,0.0,
u_mand_factor\set03\u_mand_factor_0.3.py,u_mand_factor,3,u_mand_factor,0.3,2,8,5,0.3,0.5,0.7,0.6,0.6,0.7,83.72,80,27,55.199999,119.6,25.719999,1,1,1003,0,ilp_v4,optimal,1,175.867909,81.213367,2.165504,0.1737,0.0,
u_mand_factor\set03\u_mand_factor_0.4.py,u_mand_factor,3,u_mand_factor,0.4,2,8,5,0.4,0.5,0.7,0.6,0.8,0.6,90.160009,80,27,73.600006,128.800013,34.293336,1,1,1003,0,ilp_v4,optimal,1,150.398871,87.446802,1.71989,0.2024,0.0,
u_mand_factor\set03\u_mand_factor_0.5.py,u_mand_factor,3,u_mand_factor,0.5,2,8,5,0.5,0.5,0.7,0.6,1.0,0.5,96.6,80,27,92.000005,138.0,42.866669,1,1,1003,0,ilp_v4,optimal,1,126.749218,96.59135,1.312221,0.3164,0.0,
u_mand_factor\set03\u_mand_factor_0.6.py,u_mand_factor,3,u_mand_factor,0.6,2,8,5,0.6,0.5,0.7,0.6,1.2,0.4,103.039998,80,27,110.399999,147.199998,51.439999,1,1,1003,0,ilp_v4,optimal,1,90.854441,103.036262,0.881772,1.8333,2.7e-05,
u_mand_factor\set03\u_mand_factor_0.7.py,u_mand_factor,3,u_mand_factor,0.7,2,8,5,0.7,0.5,0.7,0.6,1.4,0.3,109.480005,80,27,128.799997,156.400007,60.013332,1,1,1003,0,ilp_v4,optimal,1,51.372535,109.467158,0.469296,1.7985,0.0,
u_mand_factor\set03\u_mand_factor_0.8.py,u_mand_factor,3,u_mand_factor,0.8,2,8,5,0.8,0.5,0.7,0.6,1.6,0.2,115.919992,80,27,147.199999,165.599988,68.586666,1,1,1003,0,ilp_v4,infeasible,0,,,,0.0977,,
u_mand_factor\set03\u_mand_factor_0.9.py,u_mand_factor,3,u_mand_factor,0.9,2,8,5,0.9,0.5,0.7,0.6,1.8,0.1,122.360006,80,27,165.599995,174.800009,77.159998,1,1,1003,0,ilp_v4,infeasible,0,,,,0.1039,,
u_mand_factor\set04\u_mand_factor_0.1.py,u_mand_factor,4,u_mand_factor,0.1,2,8,5,0.1,0.5,0.7,0.6,0.2,0.9,70.840009,80,33,18.400001,101.200013,8.817143,1,0,1004,0,ilp_v4,optimal,1,204.299234,68.725197,2.972698,0.292,0.0,
u_mand_factor\set04\u_mand_factor_0.2.py,u_mand_factor,4,u_mand_factor,0.2,2,8,5,0.2,0.5,0.7,0.6,0.4,0.8,77.280002,80,33,36.799998,110.400003,17.634285,1,0,1004,0,ilp_v4,optimal,1,182.388335,77.074141,2.366401,0.3137,0.0,
u_mand_factor\set04\u_mand_factor_0.3.py,u_mand_factor,4,u_mand_factor,0.3,2,8,5,0.3,0.5,0.7,0.6,0.6,0.7,83.719986,80,33,55.199995,119.59998,26.451426,1,1,1004,0,ilp_v4,optimal,1,158.443841,83.671334,1.893645,0.3175,0.0,
u_mand_factor\set04\u_mand_factor_0.4.py,u_mand_factor,4,u_mand_factor,0.4,2,8,5,0.4,0.5,0.7,0.6,0.8,0.6,90.159994,80,33,73.600001,128.799992,35.268572,1,1,1004,0,ilp_v4,optimal,1,136.653499,89.364459,1.529171,0.3178,0.0,
u_mand_factor\set04\u_mand_factor_0.5.py,u_mand_factor,4,u_mand_factor,0.5,2,8,5,0.5,0.5,0.7,0.6,1.0,0.5,96.6,80,33,92.000002,138.0,44.085715,1,1,1004,0,ilp_v4,optimal,1,115.850221,96.121504,1.205248,0.8344,0.0,
u_mand_factor\set04\u_mand_factor_0.6.py,u_mand_factor,4,u_mand_factor,0.6,2,8,5,0.6,0.5,0.7,0.6,1.2,0.4,103.039987,80,33,110.399999,147.199982,52.902857,1,1,1004,0,ilp_v4,optimal,1,88.936696,103.038445,0.863141,2.0265,0.0,
u_mand_factor\set04\u_mand_factor_0.7.py,u_mand_factor,4,u_mand_factor,0.7,2,8,5,0.7,0.5,0.7,0.6,1.4,0.3,109.480002,80,33,128.799995,156.400003,61.719998,1,1,1004,0,ilp_v4,optimal,1,55.390543,109.479848,0.505943,1.6855,7.3e-05,
u_mand_factor\set04\u_mand_factor_0.8.py,u_mand_factor,4,u_mand_factor,0.8,2,8,5,0.8,0.5,0.7,0.6,1.6,0.2,115.920007,80,33,147.200001,165.60001,70.537143,1,1,1004,0,ilp_v4,optimal,1,9.258772,115.895491,0.079889,4.1116,0.0,
u_mand_factor\set04\u_mand_factor_0.9.py,u_mand_factor,4,u_mand_factor,0.9,2,8,5,0.9,0.5,0.7,0.6,1.8,0.1,122.360001,80,33,165.599997,174.800001,79.354284,1,1,1004,0,ilp_v4,infeasible,0,,,,0.1227,,
u_mand_factor\set05\u_mand_factor_0.1.py,u_mand_factor,5,u_mand_factor,0.1,2,8,5,0.1,0.5,0.7,0.6,0.2,0.9,70.840005,80,30,18.399999,101.200007,9.759999,1,0,1005,0,ilp_v4,optimal,1,204.010403,53.680004,3.800492,0.3633,0.0,
u_mand_factor\set05\u_mand_factor_0.2.py,u_mand_factor,5,u_mand_factor,0.2,2,8,5,0.2,0.5,0.7,0.6,0.4,0.8,77.279998,80,30,36.800003,110.399998,19.520002,1,0,1005,0,ilp_v4,optimal,1,149.510432,67.424202,2.217459,0.4255,0.0,
u_mand_factor\set05\u_mand_factor_0.3.py,u_mand_factor,5,u_mand_factor,0.3,2,8,5,0.3,0.5,0.7,0.6,0.6,0.7,83.720002,80,30,55.200002,119.600002,29.280001,1,1,1005,0,ilp_v4,optimal,1,139.46754,81.577306,1.709636,0.3512,0.0,
u_mand_factor\set05\u_mand_factor_0.4.py,u_mand_factor,5,u_mand_factor,0.4,2,8,5,0.4,0.5,0.7,0.6,0.8,0.6,90.159999,80,30,73.600001,128.799999,39.040001,1,1,1005,0,ilp_v4,optimal,1,124.82805,89.994686,1.38706,0.442,0.0,
u_mand_factor\set05\u_mand_factor_0.5.py,u_mand_factor,5,u_mand_factor,0.5,2,8,5,0.5,0.5,0.7,0.6,1.0,0.5,96.600003,80,30,92.000001,138.000005,48.800001,1,1,1005,0,ilp_v4,optimal,1,110.181859,96.59748,1.140629,0.9896,0.0,
u_mand_factor\set05\u_mand_factor_0.6.py,u_mand_factor,5,u_mand_factor,0.6,2,8,5,0.6,0.5,0.7,0.6,1.2,0.4,103.040006,80,30,110.400003,147.200008,58.560002,1,1,1005,0,ilp_v4,optimal,1,93.139141,103.026165,0.904034,6.8212,0.0001,
u_mand_factor\set05\u_mand_factor_0.7.py,u_mand_factor,5,u_mand_factor,0.7,2,8,5,0.7,0.5,0.7,0.6,1.4,0.3,109.480007,80,30,128.800003,156.40001,68.320002,1,1,1005,0,ilp_v4,optimal,1,63.358543,109.465358,0.5788,1.8706,0.0,
u_mand_factor\set05\u_mand_factor_0.8.py,u_mand_factor,5,u_mand_factor,0.8,2,8,5,0.8,0.5,0.7,0.6,1.6,0.2,115.919994,80,30,147.200003,165.599992,78.080002,1,1,1005,0,ilp_v4,infeasible,0,,,,0.1257,,
u_mand_factor\set05\u_mand_factor_0.9.py,u_mand_factor,5,u_mand_factor,0.9,2,8,5,0.9,0.5,0.7,0.6,1.8,0.1,122.360006,80,30,165.599994,174.800008,87.839997,1,1,1005,0,ilp_v4,infeasible,0,,,,0.0992,,
u_mand_factor\set06\u_mand_factor_0.1.py,u_mand_factor,6,u_mand_factor,0.1,2,8,5,0.1,0.5,0.7,0.6,0.2,0.9,70.839994,80,31,18.400002,101.199992,8.573334,1,0,1006,0,ilp_v4,optimal,1,327.085932,53.00984,6.170287,0.1378,0.0,
u_mand_factor\set06\u_mand_factor_0.2.py,u_mand_factor,6,u_mand_factor,0.2,2,8,5,0.2,0.5,0.7,0.6,0.4,0.8,77.279997,80,31,36.799997,110.399995,17.146665,1,0,1006,0,ilp_v4,optimal,1,284.967192,71.681058,3.975488,0.2114,0.0,
u_mand_factor\set06\u_mand_factor_0.3.py,u_mand_factor,6,u_mand_factor,0.3,2,8,5,0.3,0.5,0.7,0.6,0.6,0.7,83.719998,80,31,55.200001,119.599998,25.720001,1,1,1006,0,ilp_v4,optimal,1,258.230799,80.266604,3.217164,0.3969,0.0,
u_mand_factor\set06\u_mand_factor_0.4.py,u_mand_factor,6,u_mand_factor,0.4,2,8,5,0.4,0.5,0.7,0.6,0.8,0.6,90.160003,80,31,73.600005,128.800005,34.293335,1,1,1006,0,ilp_v4,optimal,1,224.392971,85.9986,2.609263,0.1879,3e-05,
u_mand_factor\set06\u_mand_factor_0.5.py,u_mand_factor,6,u_mand_factor,0.5,2,8,5,0.5,0.5,0.7,0.6,1.0,0.5,96.599995,80,31,91.999998,137.999993,42.866666,1,1,1006,0,ilp_v4,optimal,1,160.482699,96.30803,1.666348,0.608,0.0,
u_mand_factor\set06\u_mand_factor_0.6.py,u_mand_factor,6,u_mand_factor,0.6,2,8,5,0.6,0.5,0.7,0.6,1.2,0.4,103.040011,80,31,110.400007,147.200016,51.440003,1,1,1006,0,ilp_v4,optimal,1,117.294294,103.039917,1.138338,1.2251,7.8e-05,
u_mand_factor\set06\u_mand_factor_0.7.py,u_mand_factor,6,u_mand_factor,0.7,2,8,5,0.7,0.5,0.7,0.6,1.4,0.3,109.479992,80,31,128.799995,156.399988,60.013331,1,1,1006,0,ilp_v4,optimal,1,57.11261,109.478183,0.52168,1.2828,0.0,
u_mand_factor\set06\u_mand_factor_0.8.py,u_mand_factor,6,u_mand_factor,0.8,2,8,5,0.8,0.5,0.7,0.6,1.6,0.2,115.920002,80,31,147.2,165.600002,68.586667,1,1,1006,0,ilp_v4,infeasible,0,,,,0.1136,,
u_mand_factor\set06\u_mand_factor_0.9.py,u_mand_factor,6,u_mand_factor,0.9,2,8,5,0.9,0.5,0.7,0.6,1.8,0.1,122.359997,80,31,165.600005,174.799995,77.160002,1,1,1006,0,ilp_v4,infeasible,0,,,,0.1134,,
u_mand_factor\set07\u_mand_factor_0.1.py,u_mand_factor,7,u_mand_factor,0.1,2,8,5,0.1,0.5,0.7,0.6,0.2,0.9,70.840007,80,35,18.399995,101.20001,8.559998,1,0,1007,0,ilp_v4,optimal,1,216.776503,70.581954,3.071274,0.3708,0.0,
u_mand_factor\set07\u_mand_factor_0.2.py,u_mand_factor,7,u_mand_factor,0.2,2,8,5,0.2,0.5,0.7,0.6,0.4,0.8,77.280008,80,35,36.800007,110.400011,17.120003,1,0,1007,0,ilp_v4,optimal,1,163.589776,76.942559,2.126129,0.3925,0.0,
u_mand_factor\set07\u_mand_factor_0.3.py,u_mand_factor,7,u_mand_factor,0.3,2,8,5,0.3,0.5,0.7,0.6,0.6,0.7,83.719991,80,35,55.199994,119.599987,25.679997,1,1,1007,0,ilp_v4,optimal,1,144.849082,80.312273,1.803573,0.3702,0.0,
u_mand_factor\set07\u_mand_factor_0.4.py,u_mand_factor,7,u_mand_factor,0.4,2,8,5,0.4,0.5,0.7,0.6,0.8,0.6,90.159998,80,35,73.599999,128.799998,34.239999,1,1,1007,0,ilp_v4,optimal,1,128.451291,89.744384,1.431302,0.5177,0.0,
u_mand_factor\set07\u_mand_factor_0.5.py,u_mand_factor,7,u_mand_factor,0.5,2,8,5,0.5,0.5,0.7,0.6,1.0,0.5,96.6,80,35,91.999999,138.0,42.799999,1,1,1007,0,ilp_v4,optimal,1,105.956808,96.59382,1.096932,1.4657,8.7e-05,
u_mand_factor\set07\u_mand_factor_0.6.py,u_mand_factor,7,u_mand_factor,0.6,2,8,5,0.6,0.5,0.7,0.6,1.2,0.4,103.039999,80,35,110.400006,147.199999,51.360003,1,1,1007,0,ilp_v4,optimal,1,80.915414,103.000315,0.785584,1.4099,0.0,
u_mand_factor\set07\u_mand_factor_0.7.py,u_mand_factor,7,u_mand_factor,0.7,2,8,5,0.7,0.5,0.7,0.6,1.4,0.3,109.479994,80,35,128.800001,156.399992,59.920001,1,1,1007,0,ilp_v4,optimal,1,55.047479,109.479959,0.502809,4.7932,0.0,
u_mand_factor\set07\u_mand_factor_0.8.py,u_mand_factor,7,u_mand_factor,0.8,2,8,5,0.8,0.5,0.7,0.6,1.6,0.2,115.920008,80,35,147.200001,165.600011,68.480001,1,1,1007,0,ilp_v4,optimal,1,15.702894,115.919136,0.135464,7.0042,0.0,
u_mand_factor\set07\u_mand_factor_0.9.py,u_mand_factor,7,u_mand_factor,0.9,2,8,5,0.9,0.5,0.7,0.6,1.8,0.1,122.359981,80,35,165.599991,174.799974,77.039996,1,1,1007,0,ilp_v4,infeasible,0,,,,0.2105,,
u_mand_factor\set08\u_mand_factor_0.1.py,u_mand_factor,8,u_mand_factor,0.1,2,8,5,0.1,0.5,0.7,0.6,0.2,0.9,70.839995,80,37,18.399991,101.199993,8.817138,1,0,1008,0,ilp_v4,optimal,1,214.477899,70.714106,3.033029,0.2797,0.0,
u_mand_factor\set08\u_mand_factor_0.2.py,u_mand_factor,8,u_mand_factor,0.2,2,8,5,0.2,0.5,0.7,0.6,0.4,0.8,77.280005,80,37,36.800006,110.400007,17.634288,1,0,1008,0,ilp_v4,optimal,1,180.264955,76.812227,2.346826,0.3926,0.0,
u_mand_factor\set08\u_mand_factor_0.3.py,u_mand_factor,8,u_mand_factor,0.3,2,8,5,0.3,0.5,0.7,0.6,0.6,0.7,83.720005,80,37,55.199997,119.600007,26.451427,1,1,1008,0,ilp_v4,optimal,1,157.317634,83.607339,1.881625,0.426,0.0,
u_mand_factor\set08\u_mand_factor_0.4.py,u_mand_factor,8,u_mand_factor,0.4,2,8,5,0.4,0.5,0.7,0.6,0.8,0.6,90.160011,80,37,73.600002,128.800016,35.268573,1,1,1008,0,ilp_v4,optimal,1,134.870963,90.126422,1.496464,0.5548,0.0,
u_mand_factor\set08\u_mand_factor_0.5.py,u_mand_factor,8,u_mand_factor,0.5,2,8,5,0.5,0.5,0.7,0.6,1.0,0.5,96.600002,80,37,91.999995,138.000003,44.085712,1,1,1008,0,ilp_v4,optimal,1,112.577443,96.589127,1.165529,2.002,0.0,
u_mand_factor\set08\u_mand_factor_0.6.py,u_mand_factor,8,u_mand_factor,0.6,2,8,5,0.6,0.5,0.7,0.6,1.2,0.4,103.040002,80,37,110.400006,147.200003,52.90286,1,1,1008,0,ilp_v4,optimal,1,82.146578,103.030957,0.7973,3.772,8.5e-05,
u_mand_factor\set08\u_mand_factor_0.7.py,u_mand_factor,8,u_mand_factor,0.7,2,8,5,0.7,0.5,0.7,0.6,1.4,0.3,109.479995,80,37,128.799997,156.399993,61.719998,1,1,1008,0,ilp_v4,time_limit,1,47.934654,109.478855,0.437844,34.6093,0.001083,
u_mand_factor\set08\u_mand_factor_0.8.py,u_mand_factor,8,u_mand_factor,0.8,2,8,5,0.8,0.5,0.7,0.6,1.6,0.2,115.920002,80,37,147.200001,165.600003,70.537143,1,1,1008,0,ilp_v4,optimal,1,3.919005,115.919932,0.033808,4.8286,0.0,
u_mand_factor\set08\u_mand_factor_0.9.py,u_mand_factor,8,u_mand_factor,0.9,2,8,5,0.9,0.5,0.7,0.6,1.8,0.1,122.359999,80,37,165.600002,174.799999,79.354287,1,1,1008,0,ilp_v4,infeasible,0,,,,0.2091,,
u_mand_factor\set09\u_mand_factor_0.1.py,u_mand_factor,9,u_mand_factor,0.1,2,8,5,0.1,0.5,0.7,0.6,0.2,0.9,70.839998,80,29,18.399998,101.199998,8.559999,1,0,1009,0,ilp_v4,optimal,1,222.711889,63.039514,3.532893,0.227,0.0,
u_mand_factor\set09\u_mand_factor_0.2.py,u_mand_factor,9,u_mand_factor,0.2,2,8,5,0.2,0.5,0.7,0.6,0.4,0.8,77.279996,80,29,36.799995,110.399994,17.119998,1,0,1009,0,ilp_v4,optimal,1,179.66679,67.860292,2.647598,0.2003,0.0,
u_mand_factor\set09\u_mand_factor_0.3.py,u_mand_factor,9,u_mand_factor,0.3,2,8,5,0.3,0.5,0.7,0.6,0.6,0.7,83.720003,80,29,55.200002,119.600005,25.680001,1,1,1009,0,ilp_v4,optimal,1,155.919128,82.811698,1.882815,0.4227,0.0,
u_mand_factor\set09\u_mand_factor_0.4.py,u_mand_factor,9,u_mand_factor,0.4,2,8,5,0.4,0.5,0.7,0.6,0.8,0.6,90.159993,80,29,73.600006,128.79999,34.240003,1,1,1009,0,ilp_v4,optimal,1,137.850782,89.950464,1.532519,0.5177,0.0,
u_mand_factor\set09\u_mand_factor_0.5.py,u_mand_factor,9,u_mand_factor,0.5,2,8,5,0.5,0.5,0.7,0.6,1.0,0.5,96.599997,80,29,91.999999,137.999995,42.799999,1,1,1009,0,ilp_v4,optimal,1,116.242459,96.535233,1.204145,0.9302,0.0,
u_mand_factor\set09\u_mand_factor_0.6.py,u_mand_factor,9,u_mand_factor,0.6,2,8,5,0.6,0.5,0.7,0.6,1.2,0.4,103.039995,80,29,110.399997,147.199993,51.359998,1,1,1009,0,ilp_v4,optimal,1,83.476381,103.031514,0.810202,1.9872,0.0,
u_mand_factor\set09\u_mand_factor_0.7.py,u_mand_factor,9,u_mand_factor,0.7,2,8,5,0.7,0.5,0.7,0.6,1.4,0.3,109.480004,80,29,128.800003,156.400006,59.920002,1,1,1009,0,ilp_v4,optimal,1,50.979057,109.479081,0.465651,7.5951,9.7e-05,
u_mand_factor\set09\u_mand_factor_0.8.py,u_mand_factor,9,u_mand_factor,0.8,2,8,5,0.8,0.5,0.7,0.6,1.6,0.2,115.919995,80,29,147.199999,165.599993,68.479999,1,1,1009,0,ilp_v4,infeasible,0,,,,0.0957,,
u_mand_factor\set09\u_mand_factor_0.9.py,u_mand_factor,9,u_mand_factor,0.9,2,8,5,0.9,0.5,0.7,0.6,1.8,0.1,122.360003,80,29,165.599999,174.800005,77.039999,1,1,1009,0,ilp_v4,infeasible,0,,,,0.1008,,
u_mand_factor\set10\u_mand_factor_0.1.py,u_mand_factor,10,u_mand_factor,0.1,2,8,5,0.1,0.5,0.7,0.6,0.2,0.9,70.840004,80,25,18.4,101.200006,8.573333,1,0,1010,0,ilp_v4,optimal,1,234.006259,65.557633,3.569474,0.1333,0.0,
u_mand_factor\set10\u_mand_factor_0.2.py,u_mand_factor,10,u_mand_factor,0.2,2,8,5,0.2,0.5,0.7,0.6,0.4,0.8,77.279996,80,25,36.799995,110.399994,17.146665,1,0,1010,0,ilp_v4,optimal,1,233.292887,77.083992,3.026476,0.141,0.0,
u_mand_factor\set10\u_mand_factor_0.3.py,u_mand_factor,10,u_mand_factor,0.3,2,8,5,0.3,0.5,0.7,0.6,0.6,0.7,83.720001,80,25,55.199995,119.600001,25.719998,1,1,1010,0,ilp_v4,optimal,1,201.615007,76.308439,2.642106,0.1418,0.0,
u_mand_factor\set10\u_mand_factor_0.4.py,u_mand_factor,10,u_mand_factor,0.4,2,8,5,0.4,0.5,0.7,0.6,0.8,0.6,90.160003,80,25,73.600003,128.800005,34.293335,1,1,1010,0,ilp_v4,optimal,1,165.171005,83.156246,1.986273,0.1395,0.0,
u_mand_factor\set10\u_mand_factor_0.5.py,u_mand_factor,10,u_mand_factor,0.5,2,8,5,0.5,0.5,0.7,0.6,1.0,0.5,96.600004,80,25,92.0,138.000006,42.866667,1,1,1010,0,ilp_v4,optimal,1,131.181315,96.421783,1.360495,0.1573,0.0,
u_mand_factor\set10\u_mand_factor_0.6.py,u_mand_factor,10,u_mand_factor,0.6,2,8,5,0.6,0.5,0.7,0.6,1.2,0.4,103.039997,80,25,110.399994,147.199995,51.439997,1,1,1010,0,ilp_v4,optimal,1,93.644135,103.039697,0.908816,1.2333,0.0,
u_mand_factor\set10\u_mand_factor_0.7.py,u_mand_factor,10,u_mand_factor,0.7,2,8,5,0.7,0.5,0.7,0.6,1.4,0.3,109.479996,80,25,128.799997,156.399994,60.013332,1,1,1010,0,ilp_v4,optimal,1,58.952664,109.4752,0.538502,0.6198,0.0,
u_mand_factor\set10\u_mand_factor_0.8.py,u_mand_factor,10,u_mand_factor,0.8,2,8,5,0.8,0.5,0.7,0.6,1.6,0.2,115.919998,80,25,147.199995,165.599997,68.586665,1,1,1010,0,ilp_v4,optimal,1,11.129218,115.89502,0.096028,0.8404,0.0,
u_mand_factor\set10\u_mand_factor_0.9.py,u_mand_factor,10,u_mand_factor,0.9,2,8,5,0.9,0.5,0.7,0.6,1.8,0.1,122.360002,80,25,165.599998,174.800002,77.159999,1,1,1010,0,ilp_v4,infeasible,0,,,,0.052,,
u_mand_factor\set11\u_mand_factor_0.1.py,u_mand_factor,11,u_mand_factor,0.1,2,8,5,0.1,0.5,0.7,0.6,0.2,0.9,70.840006,80,23,18.400002,101.200008,8.560001,1,0,1011,0,ilp_v4,optimal,1,195.848375,67.774514,2.889705,0.1012,0.0,
u_mand_factor\set11\u_mand_factor_0.2.py,u_mand_factor,11,u_mand_factor,0.2,2,8,5,0.2,0.5,0.7,0.6,0.4,0.8,77.279998,80,23,36.799998,110.399997,17.119999,1,0,1011,0,ilp_v4,optimal,1,183.462459,76.811742,2.388469,0.1802,0.0,
u_mand_factor\set11\u_mand_factor_0.3.py,u_mand_factor,11,u_mand_factor,0.3,2,8,5,0.3,0.5,0.7,0.6,0.6,0.7,83.719998,80,23,55.200001,119.599997,25.680001,1,1,1011,0,ilp_v4,optimal,1,162.996299,83.203584,1.959006,0.2756,0.0,
u_mand_factor\set11\u_mand_factor_0.4.py,u_mand_factor,11,u_mand_factor,0.4,2,8,5,0.4,0.5,0.7,0.6,0.8,0.6,90.160004,80,23,73.600003,128.800006,34.240002,1,1,1011,0,ilp_v4,optimal,1,142.891376,90.159519,1.584873,0.7114,5.5e-05,
u_mand_factor\set11\u_mand_factor_0.5.py,u_mand_factor,11,u_mand_factor,0.5,2,8,5,0.5,0.5,0.7,0.6,1.0,0.5,96.599995,80,23,91.999994,137.999993,42.799997,1,1,1011,0,ilp_v4,optimal,1,104.65136,96.525843,1.08418,0.8642,0.0,
u_mand_factor\set11\u_mand_factor_0.6.py,u_mand_factor,11,u_mand_factor,0.6,2,8,5,0.6,0.5,0.7,0.6,1.2,0.4,103.040002,80,23,110.399999,147.200002,51.359999,1,1,1011,0,ilp_v4,optimal,1,70.361061,103.038674,0.682861,1.9388,4.1e-05,
u_mand_factor\set11\u_mand_factor_0.7.py,u_mand_factor,11,u_mand_factor,0.7,2,8,5,0.7,0.5,0.7,0.6,1.4,0.3,109.479997,80,23,128.800001,156.399995,59.920001,1,1,1011,0,ilp_v4,optimal,1,34.571302,109.462939,0.315827,0.5885,0.0,
u_mand_factor\set11\u_mand_factor_0.8.py,u_mand_factor,11,u_mand_factor,0.8,2,8,5,0.8,0.5,0.7,0.6,1.6,0.2,115.920004,80,23,147.199999,165.600006,68.479999,1,1,1011,0,ilp_v4,infeasible,0,,,,0.042,,
u_mand_factor\set11\u_mand_factor_0.9.py,u_mand_factor,11,u_mand_factor,0.9,2,8,5,0.9,0.5,0.7,0.6,1.8,0.1,122.360001,80,23,165.6,174.800001,77.04,1,1,1011,0,ilp_v4,infeasible,0,,,,0.04,,
u_mand_factor\set12\u_mand_factor_0.1.py,u_mand_factor,12,u_mand_factor,0.1,2,8,5,0.1,0.5,0.7,0.6,0.2,0.9,70.840005,80,24,18.399999,101.200007,8.559999,1,0,1012,0,ilp_v4,optimal,1,214.277687,66.477335,3.223319,0.1052,0.0,
u_mand_factor\set12\u_mand_factor_0.2.py,u_mand_factor,12,u_mand_factor,0.2,2,8,5,0.2,0.5,0.7,0.6,0.4,0.8,77.280002,80,24,36.799999,110.400002,17.119999,1,0,1012,0,ilp_v4,optimal,1,138.932526,63.210749,2.197926,0.177,0.0,
u_mand_factor\set12\u_mand_factor_0.3.py,u_mand_factor,12,u_mand_factor,0.3,2,8,5,0.3,0.5,0.7,0.6,0.6,0.7,83.72,80,24,55.199999,119.6,25.679999,1,1,1012,0,ilp_v4,optimal,1,125.15183,81.965903,1.526877,0.1701,0.0,
u_mand_factor\set12\u_mand_factor_0.4.py,u_mand_factor,12,u_mand_factor,0.4,2,8,5,0.4,0.5,0.7,0.6,0.8,0.6,90.159996,80,24,73.600002,128.799994,34.240001,1,1,1012,0,ilp_v4,optimal,1,119.108332,89.776638,1.326719,0.4038,0.0,
u_mand_factor\set12\u_mand_factor_0.5.py,u_mand_factor,12,u_mand_factor,0.5,2,8,5,0.5,0.5,0.7,0.6,1.0,0.5,96.600005,80,24,91.999998,138.000007,42.799999,1,1,1012,0,ilp_v4,optimal,1,108.240249,96.233842,1.124763,1.1111,0.0,
u_mand_factor\set12\u_mand_factor_0.6.py,u_mand_factor,12,u_mand_factor,0.6,2,8,5,0.6,0.5,0.7,0.6,1.2,0.4,103.040002,80,24,110.400001,147.200003,51.360001,1,1,1012,0,ilp_v4,optimal,1,79.600746,103.039198,0.772529,0.9188,0.0,
u_mand_factor\set12\u_mand_factor_0.7.py,u_mand_factor,12,u_mand_factor,0.7,2,8,5,0.7,0.5,0.7,0.6,1.4,0.3,109.480005,80,24,128.8,156.400007,59.92,1,1,1012,0,ilp_v4,optimal,1,38.204844,109.29952,0.349543,2.1688,0.0,
u_mand_factor\set12\u_mand_factor_0.8.py,u_mand_factor,12,u_mand_factor,0.8,2,8,5,0.8,0.5,0.7,0.6,1.6,0.2,115.920005,80,24,147.200003,165.600007,68.480002,1,1,1012,0,ilp_v4,infeasible,0,,,,0.0993,,
u_mand_factor\set12\u_mand_factor_0.9.py,u_mand_factor,12,u_mand_factor,0.9,2,8,5,0.9,0.5,0.7,0.6,1.8,0.1,122.359994,80,24,165.599998,174.799992,77.039999,1,1,1012,0,ilp_v4,infeasible,0,,,,0.0612,,
u_mand_factor\set13\u_mand_factor_0.1.py,u_mand_factor,13,u_mand_factor,0.1,2,8,5,0.1,0.5,0.7,0.6,0.2,0.9,70.839988,80,29,18.399998,101.199983,8.559999,1,0,1013,0,ilp_v4,optimal,1,205.385913,70.079193,2.930769,0.2664,0.0,
u_mand_factor\set13\u_mand_factor_0.2.py,u_mand_factor,13,u_mand_factor,0.2,2,8,5,0.2,0.5,0.7,0.6,0.4,0.8,77.28001,80,29,36.800006,110.400015,17.120003,1,0,1013,0,ilp_v4,optimal,1,154.253979,73.519957,2.098124,0.4966,0.0,
u_mand_factor\set13\u_mand_factor_0.3.py,u_mand_factor,13,u_mand_factor,0.3,2,8,5,0.3,0.5,0.7,0.6,0.6,0.7,83.72,80,29,55.199994,119.6,25.679997,1,1,1013,0,ilp_v4,optimal,1,140.379911,83.719592,1.676787,0.7712,0.0,
u_mand_factor\set13\u_mand_factor_0.4.py,u_mand_factor,13,u_mand_factor,0.4,2,8,5,0.4,0.5,0.7,0.6,0.8,0.6,90.159998,80,29,73.6,128.799997,34.24,1,1,1013,0,ilp_v4,optimal,1,133.585525,89.61007,1.490742,0.3741,0.0,
u_mand_factor\set13\u_mand_factor_0.5.py,u_mand_factor,13,u_mand_factor,0.5,2,8,5,0.5,0.5,0.7,0.6,1.0,0.5,96.600001,80,29,91.999998,138.000001,42.799999,1,1,1013,0,ilp_v4,optimal,1,116.80922,96.583399,1.209413,1.0565,0.0,
u_mand_factor\set13\u_mand_factor_0.6.py,u_mand_factor,13,u_mand_factor,0.6,2,8,5,0.6,0.5,0.7,0.6,1.2,0.4,103.039998,80,29,110.400001,147.199997,51.360001,1,1,1013,0,ilp_v4,optimal,1,87.507475,102.979946,0.849753,1.2119,6.9e-05,
u_mand_factor\set13\u_mand_factor_0.7.py,u_mand_factor,13,u_mand_factor,0.7,2,8,5,0.7,0.5,0.7,0.6,1.4,0.3,109.479994,80,29,128.800001,156.399991,59.920001,1,1,1013,0,ilp_v4,optimal,1,50.547444,109.476157,0.461721,9.596,0.0001,
u_mand_factor\set13\u_mand_factor_0.8.py,u_mand_factor,13,u_mand_factor,0.8,2,8,5,0.8,0.5,0.7,0.6,1.6,0.2,115.920003,80,29,147.199999,165.600005,68.479999,1,1,1013,0,ilp_v4,optimal,1,8.893802,115.899298,0.076737,6.2678,0.0,
u_mand_factor\set13\u_mand_factor_0.9.py,u_mand_factor,13,u_mand_factor,0.9,2,8,5,0.9,0.5,0.7,0.6,1.8,0.1,122.359998,80,29,165.599999,174.799998,77.039999,1,1,1013,0,ilp_v4,infeasible,0,,,,0.1024,,
u_mand_factor\set14\u_mand_factor_0.1.py,u_mand_factor,14,u_mand_factor,0.1,2,8,5,0.1,0.5,0.7,0.6,0.2,0.9,70.84,80,22,18.4,101.2,8.573333,1,0,1014,0,ilp_v4,optimal,1,201.728203,64.531872,3.126024,0.0619,0.0,
u_mand_factor\set14\u_mand_factor_0.2.py,u_mand_factor,14,u_mand_factor,0.2,2,8,5,0.2,0.5,0.7,0.6,0.4,0.8,77.280001,80,22,36.800001,110.400001,17.146667,1,0,1014,0,ilp_v4,optimal,1,195.531678,75.542938,2.588352,0.0764,0.0,
u_mand_factor\set14\u_mand_factor_0.3.py,u_mand_factor,14,u_mand_factor,0.3,2,8,5,0.3,0.5,0.7,0.6,0.6,0.7,83.719999,80,22,55.200001,119.599999,25.720001,1,1,1014,0,ilp_v4,optimal,1,180.081148,80.742582,2.230312,0.0877,0.0,
u_mand_factor\set14\u_mand_factor_0.4.py,u_mand_factor,14,u_mand_factor,0.4,2,8,5,0.4,0.5,0.7,0.6,0.8,0.6,90.160006,80,22,73.599999,128.800008,34.293333,1,1,1014,0,ilp_v4,optimal,1,147.585512,89.908632,1.641505,0.0784,0.0,
u_mand_factor\set14\u_mand_factor_0.5.py,u_mand_factor,14,u_mand_factor,0.5,2,8,5,0.5,0.5,0.7,0.6,1.0,0.5,96.600002,80,22,92.000003,138.000002,42.866668,1,1,1014,0,ilp_v4,optimal,1,115.189989,96.391034,1.195028,0.1822,0.0,
u_mand_factor\set14\u_mand_factor_0.6.py,u_mand_factor,14,u_mand_factor,0.6,2,8,5,0.6,0.5,0.7,0.6,1.2,0.4,103.040002,80,22,110.400001,147.200003,51.440001,1,1,1014,0,ilp_v4,optimal,1,83.891033,102.965156,0.814752,0.2,5.8e-05,
u_mand_factor\set14\u_mand_factor_0.7.py,u_mand_factor,14,u_mand_factor,0.7,2,8,5,0.7,0.5,0.7,0.6,1.4,0.3,109.479996,80,22,128.8,156.399994,60.013333,1,1,1014,0,ilp_v4,optimal,1,49.05214,109.448378,0.448176,0.3747,0.0,
u_mand_factor\set14\u_mand_factor_0.8.py,u_mand_factor,14,u_mand_factor,0.8,2,8,5,0.8,0.5,0.7,0.6,1.6,0.2,115.919999,80,22,147.199999,165.599999,68.586666,1,1,1014,0,ilp_v4,infeasible,0,,,,0.0383,,
u_mand_factor\set14\u_mand_factor_0.9.py,u_mand_factor,14,u_mand_factor,0.9,2,8,5,0.9,0.5,0.7,0.6,1.8,0.1,122.36,80,22,165.600005,174.8,77.160002,1,1,1014,0,ilp_v4,infeasible,0,,,,0.0405,,
u_mand_factor\set15\u_mand_factor_0.1.py,u_mand_factor,15,u_mand_factor,0.1,2,8,5,0.1,0.5,0.7,0.6,0.2,0.9,70.840001,80,21,18.4,101.200001,8.8,1,0,1015,0,ilp_v4,optimal,1,265.398872,64.010815,4.146157,0.0794,0.0,
u_mand_factor\set15\u_mand_factor_0.2.py,u_mand_factor,15,u_mand_factor,0.2,2,8,5,0.2,0.5,0.7,0.6,0.4,0.8,77.279998,80,21,36.8,110.399998,17.6,1,0,1015,0,ilp_v4,optimal,1,197.963718,75.325639,2.628105,0.0783,0.0,
u_mand_factor\set15\u_mand_factor_0.3.py,u_mand_factor,15,u_mand_factor,0.3,2,8,5,0.3,0.5,0.7,0.6,0.6,0.7,83.720006,80,21,55.199994,119.600009,26.399997,1,1,1015,0,ilp_v4,optimal,1,182.474416,83.293346,2.190744,0.1955,0.0,
u_mand_factor\set15\u_mand_factor_0.4.py,u_mand_factor,15,u_mand_factor,0.4,2,8,5,0.4,0.5,0.7,0.6,0.8,0.6,90.159994,80,21,73.600003,128.799992,35.200002,1,1,1015,0,ilp_v4,optimal,1,167.016756,89.813612,1.859593,0.3779,0.0,
u_mand_factor\set15\u_mand_factor_0.5.py,u_mand_factor,15,u_mand_factor,0.5,2,8,5,0.5,0.5,0.7,0.6,1.0,0.5,96.600006,80,21,92.000002,138.000008,44.000001,1,1,1015,0,ilp_v4,optimal,1,156.948461,96.45477,1.627172,0.3345,0.0,
u_mand_factor\set15\u_mand_factor_0.6.py,u_mand_factor,15,u_mand_factor,0.6,2,8,5,0.6,0.5,0.7,0.6,1.2,0.4,103.040006,80,21,110.400003,147.200008,52.800002,1,1,1015,0,ilp_v4,optimal,1,113.531508,102.955989,1.102719,0.5117,0.0,
u_mand_factor\set15\u_mand_factor_0.7.py,u_mand_factor,15,u_mand_factor,0.7,2,8,5,0.7,0.5,0.7,0.6,1.4,0.3,109.480002,80,21,128.800003,156.400002,61.600002,1,1,1015,0,ilp_v4,optimal,1,62.853671,109.457265,0.57423,1.7763,0.0,
u_mand_factor\set15\u_mand_factor_0.8.py,u_mand_factor,15,u_mand_factor,0.8,2,8,5,0.8,0.5,0.7,0.6,1.6,0.2,115.919994,80,21,147.199994,165.599991,70.399997,1,1,1015,0,ilp_v4,optimal,1,4.148209,115.919459,0.035785,0.5949,0.0,
u_mand_factor\set15\u_mand_factor_0.9.py,u_mand_factor,15,u_mand_factor,0.9,2,8,5,0.9,0.5,0.7,0.6,1.8,0.1,122.359994,80,21,165.599998,174.799991,79.199999,1,1,1015,0,ilp_v4,infeasible,0,,,,0.054,,
u_mand_factor\set16\u_mand_factor_0.1.py,u_mand_factor,16,u_mand_factor,0.1,2,8,5,0.1,0.5,0.7,0.6,0.2,0.9,70.840001,80,34,18.400007,101.200001,9.20364,1,0,1016,0,ilp_v4,optimal,1,238.568316,69.339653,3.440576,0.4906,0.0,
u_mand_factor\set16\u_mand_factor_0.2.py,u_mand_factor,16,u_mand_factor,0.2,2,8,5,0.2,0.5,0.7,0.6,0.4,0.8,77.279996,80,34,36.800009,110.399994,18.407277,1,0,1016,0,ilp_v4,optimal,1,238.203779,66.029768,3.607521,0.4779,0.0,
u_mand_factor\set16\u_mand_factor_0.3.py,u_mand_factor,16,u_mand_factor,0.3,2,8,5,0.3,0.5,0.7,0.6,0.6,0.7,83.719999,80,34,55.199998,119.599999,27.610908,1,1,1016,0,ilp_v4,optimal,1,189.687847,83.602141,2.268935,0.5317,0.0,
u_mand_factor\set16\u_mand_factor_0.4.py,u_mand_factor,16,u_mand_factor,0.4,2,8,5,0.4,0.5,0.7,0.6,0.8,0.6,90.160011,80,34,73.600005,128.800016,36.814548,1,1,1016,0,ilp_v4,optimal,1,159.070339,88.360764,1.800237,0.5379,0.0,
u_mand_factor\set16\u_mand_factor_0.5.py,u_mand_factor,16,u_mand_factor,0.5,2,8,5,0.5,0.5,0.7,0.6,1.0,0.5,96.599998,80,34,91.999997,137.999998,46.01818,1,1,1016,0,ilp_v4,optimal,1,131.897754,96.114761,1.372294,1.057,0.0,
u_mand_factor\set16\u_mand_factor_0.6.py,u_mand_factor,16,u_mand_factor,0.6,2,8,5,0.6,0.5,0.7,0.6,1.2,0.4,103.039998,80,34,110.4,147.199997,55.221818,1,1,1016,0,ilp_v4,optimal,1,98.543279,103.039006,0.956369,5.8045,9.1e-05,
u_mand_factor\set16\u_mand_factor_0.7.py,u_mand_factor,16,u_mand_factor,0.7,2,8,5,0.7,0.5,0.7,0.6,1.4,0.3,109.479998,80,34,128.799998,156.399998,64.425453,1,1,1016,0,ilp_v4,optimal,1,59.404427,109.47949,0.542608,8.5162,2.8e-05,
u_mand_factor\set16\u_mand_factor_0.8.py,u_mand_factor,16,u_mand_factor,0.8,2,8,5,0.8,0.5,0.7,0.6,1.6,0.2,115.919998,80,34,147.199995,165.599997,73.629089,1,1,1016,0,ilp_v4,infeasible,0,,,,0.1436,,
u_mand_factor\set16\u_mand_factor_0.9.py,u_mand_factor,16,u_mand_factor,0.9,2,8,5,0.9,0.5,0.7,0.6,1.8,0.1,122.360002,80,34,165.599998,174.800002,82.832726,1,1,1016,0,ilp_v4,infeasible,0,,,,0.1699,,
u_mand_factor\set17\u_mand_factor_0.1.py,u_mand_factor,17,u_mand_factor,0.1,2,8,5,0.1,0.5,0.7,0.6,0.2,0.9,70.840008,80,29,18.400006,101.200012,8.573336,1,0,1017,0,ilp_v4,optimal,1,175.596127,58.242692,3.014904,0.2806,0.0,
u_mand_factor\set17\u_mand_factor_0.2.py,u_mand_factor,17,u_mand_factor,0.2,2,8,5,0.2,0.5,0.7,0.6,0.4,0.8,77.280009,80,29,36.799999,110.400013,17.146666,1,0,1017,0,ilp_v4,optimal,1,132.546805,69.903463,1.896141,0.2294,0.0,
u_mand_factor\set17\u_mand_factor_0.3.py,u_mand_factor,17,u_mand_factor,0.3,2,8,5,0.3,0.5,0.7,0.6,0.6,0.7,83.720002,80,29,55.200002,119.600003,25.720001,1,1,1017,0,ilp_v4,optimal,1,105.584249,73.570418,1.435145,0.2946,0.0,
u_mand_factor\set17\u_mand_factor_0.4.py,u_mand_factor,17,u_mand_factor,0.4,2,8,5,0.4,0.5,0.7,0.6,0.8,0.6,90.160006,80,29,73.6,128.800009,34.293333,1,1,1017,0,ilp_v4,optimal,1,89.313922,90.158344,0.990634,0.9944,0.0,
u_mand_factor\set17\u_mand_factor_0.5.py,u_mand_factor,17,u_mand_factor,0.5,2,8,5,0.5,0.5,0.7,0.6,1.0,0.5,96.599998,80,29,92.000003,137.999998,42.866668,1,1,1017,0,ilp_v4,optimal,1,84.982729,96.519916,0.880468,1.0764,0.0,
u_mand_factor\set17\u_mand_factor_0.6.py,u_mand_factor,17,u_mand_factor,0.6,2,8,5,0.6,0.5,0.7,0.6,1.2,0.4,103.040005,80,29,110.400005,147.200007,51.440002,1,1,1017,0,ilp_v4,optimal,1,64.822044,103.036264,0.629119,2.9922,0.0,
u_mand_factor\set17\u_mand_factor_0.7.py,u_mand_factor,17,u_mand_factor,0.7,2,8,5,0.7,0.5,0.7,0.6,1.4,0.3,109.480004,80,29,128.800005,156.400006,60.013335,1,1,1017,0,ilp_v4,optimal,1,34.100327,109.479741,0.311476,27.6492,9.7e-05,
u_mand_factor\set17\u_mand_factor_0.8.py,u_mand_factor,17,u_mand_factor,0.8,2,8,5,0.8,0.5,0.7,0.6,1.6,0.2,115.91999,80,29,147.199997,165.599986,68.586665,1,1,1017,0,ilp_v4,infeasible,0,,,,0.103,,
u_mand_factor\set17\u_mand_factor_0.9.py,u_mand_factor,17,u_mand_factor,0.9,2,8,5,0.9,0.5,0.7,0.6,1.8,0.1,122.359999,80,29,165.600006,174.799999,77.160003,1,1,1017,0,ilp_v4,infeasible,0,,,,0.1075,,
u_mand_factor\set18\u_mand_factor_0.1.py,u_mand_factor,18,u_mand_factor,0.1,2,8,5,0.1,0.5,0.7,0.6,0.2,0.9,70.839998,80,26,18.400002,101.199998,8.817144,1,0,1018,0,ilp_v4,optimal,1,260.764403,67.57909,3.858655,0.2345,0.0,
u_mand_factor\set18\u_mand_factor_0.2.py,u_mand_factor,18,u_mand_factor,0.2,2,8,5,0.2,0.5,0.7,0.6,0.4,0.8,77.280002,80,26,36.799993,110.400003,17.634282,1,0,1018,0,ilp_v4,optimal,1,181.217739,69.806526,2.596,0.2227,0.0,
u_mand_factor\set18\u_mand_factor_0.3.py,u_mand_factor,18,u_mand_factor,0.3,2,8,5,0.3,0.5,0.7,0.6,0.6,0.7,83.72,80,26,55.200002,119.6,26.45143,1,1,1018,0,ilp_v4,optimal,1,185.5934,82.701162,2.244145,0.2305,0.0,
u_mand_factor\set18\u_mand_factor_0.4.py,u_mand_factor,18,u_mand_factor,0.4,2,8,5,0.4,0.5,0.7,0.6,0.8,0.6,90.159993,80,26,73.6,128.79999,35.268571,1,1,1018,0,ilp_v4,optimal,1,178.76954,89.974943,1.986881,0.4489,0.0,
u_mand_factor\set18\u_mand_factor_0.5.py,u_mand_factor,18,u_mand_factor,0.5,2,8,5,0.5,0.5,0.7,0.6,1.0,0.5,96.599998,80,26,91.999995,137.999997,44.085712,1,1,1018,0,ilp_v4,optimal,1,150.733122,96.556461,1.561088,0.5585,0.0,
u_mand_factor\set18\u_mand_factor_0.6.py,u_mand_factor,18,u_mand_factor,0.6,2,8,5,0.6,0.5,0.7,0.6,1.2,0.4,103.040006,80,26,110.400002,147.200009,52.902858,1,1,1018,0,ilp_v4,optimal,1,118.318178,102.908472,1.149742,0.8831,0.0,
u_mand_factor\set18\u_mand_factor_0.7.py,u_mand_factor,18,u_mand_factor,0.7,2,8,5,0.7,0.5,0.7,0.6,1.4,0.3,109.480012,80,26,128.800006,156.400017,61.720003,1,1,1018,0,ilp_v4,optimal,1,74.29395,109.462431,0.678716,1.5806,0.0,
u_mand_factor\set18\u_mand_factor_0.8.py,u_mand_factor,18,u_mand_factor,0.8,2,8,5,0.8,0.5,0.7,0.6,1.6,0.2,115.919995,80,26,147.200001,165.599993,70.537143,1,1,1018,0,ilp_v4,optimal,1,0.056223,115.901658,0.000485,0.2172,0.0,
u_mand_factor\set18\u_mand_factor_0.9.py,u_mand_factor,18,u_mand_factor,0.9,2,8,5,0.9,0.5,0.7,0.6,1.8,0.1,122.360002,80,26,165.599998,174.800003,79.354285,1,1,1018,0,ilp_v4,infeasible,0,,,,0.0712,,
u_mand_factor\set19\u_mand_factor_0.1.py,u_mand_factor,19,u_mand_factor,0.1,2,8,5,0.1,0.5,0.7,0.6,0.2,0.9,70.839996,80,23,18.399998,101.199994,8.573332,1,0,1019,0,ilp_v4,optimal,1,260.646581,66.036794,3.94699,0.1428,0.0,
u_mand_factor\set19\u_mand_factor_0.2.py,u_mand_factor,19,u_mand_factor,0.2,2,8,5,0.2,0.5,0.7,0.6,0.4,0.8,77.279998,80,23,36.800002,110.399997,17.146668,1,0,1019,0,ilp_v4,optimal,1,217.771384,74.59996,2.919189,0.1855,0.0,
u_mand_factor\set19\u_mand_factor_0.3.py,u_mand_factor,19,u_mand_factor,0.3,2,8,5,0.3,0.5,0.7,0.6,0.6,0.7,83.720014,80,23,55.200002,119.60002,25.720001,1,1,1019,0,ilp_v4,optimal,1,194.871009,83.394452,2.336738,0.4338,0.0,
u_mand_factor\set19\u_mand_factor_0.4.py,u_mand_factor,19,u_mand_factor,0.4,2,8,5,0.4,0.5,0.7,0.6,0.8,0.6,90.160004,80,23,73.600003,128.800006,34.293335,1,1,1019,0,ilp_v4,optimal,1,166.112521,90.141533,1.842797,0.7139,2.4e-05,
u_mand_factor\set19\u_mand_factor_0.5.py,u_mand_factor,19,u_mand_factor,0.5,2,8,5,0.5,0.5,0.7,0.6,1.0,0.5,96.600002,80,23,91.999999,138.000003,42.866666,1,1,1019,0,ilp_v4,optimal,1,129.789298,96.587954,1.343742,2.6064,0.0,
u_mand_factor\set19\u_mand_factor_0.6.py,u_mand_factor,19,u_mand_factor,0.6,2,8,5,0.6,0.5,0.7,0.6,1.2,0.4,103.040005,80,23,110.400001,147.200007,51.440001,1,1,1019,0,ilp_v4,optimal,1,82.775913,103.0265,0.803443,1.3856,0.0,
u_mand_factor\set19\u_mand_factor_0.7.py,u_mand_factor,19,u_mand_factor,0.7,2,8,5,0.7,0.5,0.7,0.6,1.4,0.3,109.479995,80,23,128.799998,156.399993,60.013332,1,1,1019,0,ilp_v4,optimal,1,35.379665,109.475747,0.323174,2.6287,0.0,
u_mand_factor\set19\u_mand_factor_0.8.py,u_mand_factor,19,u_mand_factor,0.8,2,8,5,0.8,0.5,0.7,0.6,1.6,0.2,115.919996,80,23,147.199994,165.599994,68.586664,1,1,1019,0,ilp_v4,infeasible,0,,,,0.0962,,
u_mand_factor\set19\u_mand_factor_0.9.py,u_mand_factor,19,u_mand_factor,0.9,2,8,5,0.9,0.5,0.7,0.6,1.8,0.1,122.359998,80,23,165.6,174.799997,77.16,1,1,1019,0,ilp_v4,infeasible,0,,,,0.0556,,
u_mand_factor\set20\u_mand_factor_0.1.py,u_mand_factor,20,u_mand_factor,0.1,2,8,5,0.1,0.5,0.7,0.6,0.2,0.9,70.84001,80,25,18.400003,101.200014,8.817145,1,0,1020,0,ilp_v4,optimal,1,168.949157,61.496041,2.747318,0.2561,0.0,
u_mand_factor\set20\u_mand_factor_0.2.py,u_mand_factor,20,u_mand_factor,0.2,2,8,5,0.2,0.5,0.7,0.6,0.4,0.8,77.279998,80,25,36.799995,110.399997,17.634284,1,0,1020,0,ilp_v4,optimal,1,146.746857,76.951607,1.907002,2.1719,0.0,
u_mand_factor\set20\u_mand_factor_0.3.py,u_mand_factor,20,u_mand_factor,0.3,2,8,5,0.3,0.5,0.7,0.6,0.6,0.7,83.720005,80,25,55.200001,119.600007,26.451429,1,1,1020,0,ilp_v4,optimal,1,102.362227,83.699001,1.22298,0.4404,0.0,
u_mand_factor\set20\u_mand_factor_0.4.py,u_mand_factor,20,u_mand_factor,0.4,2,8,5,0.4,0.5,0.7,0.6,0.8,0.6,90.159999,80,25,73.599999,128.799999,35.268571,1,1,1020,0,ilp_v4,optimal,1,91.390194,80.599677,1.133878,2.1925,0.0,
u_mand_factor\set20\u_mand_factor_0.5.py,u_mand_factor,20,u_mand_factor,0.5,2,8,5,0.5,0.5,0.7,0.6,1.0,0.5,96.600002,80,25,92.000005,138.000003,44.085716,1,1,1020,0,ilp_v4,optimal,1,84.184524,96.422988,0.873075,3.291,0.0,
u_mand_factor\set20\u_mand_factor_0.6.py,u_mand_factor,20,u_mand_factor,0.6,2,8,5,0.6,0.5,0.7,0.6,1.2,0.4,103.040006,80,25,110.399999,147.200008,52.902857,1,1,1020,0,ilp_v4,optimal,1,63.927261,103.02399,0.620508,0.951,0.0,
u_mand_factor\set20\u_mand_factor_0.7.py,u_mand_factor,20,u_mand_factor,0.7,2,8,5,0.7,0.5,0.7,0.6,1.4,0.3,109.480002,80,25,128.800002,156.400002,61.720001,1,1,1020,0,ilp_v4,optimal,1,38.328094,109.465689,0.350138,2.1083,0.0,
u_mand_factor\set20\u_mand_factor_0.8.py,u_mand_factor,20,u_mand_factor,0.8,2,8,5,0.8,0.5,0.7,0.6,1.6,0.2,115.91999,80,25,147.199997,165.599986,70.537141,1,1,1020,0,ilp_v4,infeasible,0,,,,0.1159,,
u_mand_factor\set20\u_mand_factor_0.9.py,u_mand_factor,20,u_mand_factor,0.9,2,8,5,0.9,0.5,0.7,0.6,1.8,0.1,122.359999,80,25,165.600002,174.799999,79.354287,1,1,1020,0,ilp_v4,infeasible,0,,,,0.0641,,
u_mand_factor\set21\u_mand_factor_0.1.py,u_mand_factor,21,u_mand_factor,0.1,2,8,5,0.1,0.5,0.7,0.6,0.2,0.9,70.839998,80,20,18.399994,101.199998,8.559997,1,0,1021,0,ilp_v4,optimal,1,235.192006,69.778398,3.370556,0.0973,0.0,
u_mand_factor\set21\u_mand_factor_0.2.py,u_mand_factor,21,u_mand_factor,0.2,2,8,5,0.2,0.5,0.7,0.6,0.4,0.8,77.279996,80,20,36.8,110.399994,17.12,1,0,1021,0,ilp_v4,optimal,1,255.740749,70.967929,3.60361,0.1188,0.0,
u_mand_factor\set21\u_mand_factor_0.3.py,u_mand_factor,21,u_mand_factor,0.3,2,8,5,0.3,0.5,0.7,0.6,0.6,0.7,83.720005,80,20,55.199995,119.600007,25.679998,1,1,1021,0,ilp_v4,optimal,1,214.771159,82.186072,2.613231,0.1186,0.0,
u_mand_factor\set21\u_mand_factor_0.4.py,u_mand_factor,21,u_mand_factor,0.4,2,8,5,0.4,0.5,0.7,0.6,0.8,0.6,90.160001,80,20,73.600001,128.800001,34.240001,1,1,1021,0,ilp_v4,optimal,1,173.878174,89.77128,1.936902,0.1159,0.0,
u_mand_factor\set21\u_mand_factor_0.5.py,u_mand_factor,21,u_mand_factor,0.5,2,8,5,0.5,0.5,0.7,0.6,1.0,0.5,96.599992,80,20,91.999994,137.999989,42.799997,1,1,1021,0,ilp_v4,optimal,1,134.216297,96.568339,1.389858,0.1501,0.0,
u_mand_factor\set21\u_mand_factor_0.6.py,u_mand_factor,21,u_mand_factor,0.6,2,8,5,0.6,0.5,0.7,0.6,1.2,0.4,103.040002,80,20,110.4,147.200002,51.36,1,1,1021,0,ilp_v4,optimal,1,95.137391,102.857925,0.92494,0.2913,0.0,
u_mand_factor\set21\u_mand_factor_0.7.py,u_mand_factor,21,u_mand_factor,0.7,2,8,5,0.7,0.5,0.7,0.6,1.4,0.3,109.479998,80,20,128.799997,156.399997,59.919998,1,1,1021,0,ilp_v4,optimal,1,57.886449,109.369044,0.529276,0.6403,0.0,
u_mand_factor\set21\u_mand_factor_0.8.py,u_mand_factor,21,u_mand_factor,0.8,2,8,5,0.8,0.5,0.7,0.6,1.6,0.2,115.919998,80,20,147.200003,165.599998,68.480002,1,1,1021,0,ilp_v4,infeasible,0,,,,0.0729,,
u_mand_factor\set21\u_mand_factor_0.9.py,u_mand_factor,21,u_mand_factor,0.9,2,8,5,0.9,0.5,0.7,0.6,1.8,0.1,122.360002,80,20,165.599997,174.800002,77.039998,1,1,1021,0,ilp_v4,infeasible,0,,,,0.043,,
u_mand_factor\set22\u_mand_factor_0.1.py,u_mand_factor,22,u_mand_factor,0.1,2,8,5,0.1,0.5,0.7,0.6,0.2,0.9,70.84,80,30,18.399999,101.2,8.559999,1,0,1022,0,ilp_v4,optimal,1,224.680194,61.227951,3.669569,0.2596,0.0,
u_mand_factor\set22\u_mand_factor_0.2.py,u_mand_factor,22,u_mand_factor,0.2,2,8,5,0.2,0.5,0.7,0.6,0.4,0.8,77.279997,80,30,36.799993,110.399995,17.119997,1,0,1022,0,ilp_v4,optimal,1,168.063448,75.280367,2.2325,0.2767,0.0,
u_mand_factor\set22\u_mand_factor_0.3.py,u_mand_factor,22,u_mand_factor,0.3,2,8,5,0.3,0.5,0.7,0.6,0.6,0.7,83.719992,80,30,55.199992,119.599988,25.679996,1,1,1022,0,ilp_v4,optimal,1,156.190311,78.34601,1.993596,0.2761,0.0,
u_mand_factor\set22\u_mand_factor_0.4.py,u_mand_factor,22,u_mand_factor,0.4,2,8,5,0.4,0.5,0.7,0.6,0.8,0.6,90.160006,80,30,73.600005,128.800008,34.240002,1,1,1022,0,ilp_v4,optimal,1,140.597789,90.142805,1.559723,0.6939,0.0,
u_mand_factor\set22\u_mand_factor_0.5.py,u_mand_factor,22,u_mand_factor,0.5,2,8,5,0.5,0.5,0.7,0.6,1.0,0.5,96.600005,80,30,91.999999,138.000007,42.799999,1,1,1022,0,ilp_v4,optimal,1,112.119489,96.448173,1.162484,1.3753,0.0,
u_mand_factor\set22\u_mand_factor_0.6.py,u_mand_factor,22,u_mand_factor,0.6,2,8,5,0.6,0.5,0.7,0.6,1.2,0.4,103.040002,80,30,110.400002,147.200002,51.360001,1,1,1022,0,ilp_v4,time_limit,1,80.01215,103.032098,0.776575,30.9537,0.000735,
u_mand_factor\set22\u_mand_factor_0.7.py,u_mand_factor,22,u_mand_factor,0.7,2,8,5,0.7,0.5,0.7,0.6,1.4,0.3,109.480001,80,30,128.800006,156.400001,59.920003,1,1,1022,0,ilp_v4,optimal,1,40.126645,109.440947,0.366651,1.4867,0.0,
u_mand_factor\set22\u_mand_factor_0.8.py,u_mand_factor,22,u_mand_factor,0.8,2,8,5,0.8,0.5,0.7,0.6,1.6,0.2,115.919993,80,30,147.199999,165.59999,68.479999,1,1,1022,0,ilp_v4,infeasible,0,,,,0.1106,,
u_mand_factor\set22\u_mand_factor_0.9.py,u_mand_factor,22,u_mand_factor,0.9,2,8,5,0.9,0.5,0.7,0.6,1.8,0.1,122.360002,80,30,165.599995,174.800002,77.039998,1,1,1022,0,ilp_v4,infeasible,0,,,,0.0877,,
u_mand_factor\set23\u_mand_factor_0.1.py,u_mand_factor,23,u_mand_factor,0.1,2,8,5,0.1,0.5,0.7,0.6,0.2,0.9,70.840005,80,28,18.399997,101.200007,8.559998,1,0,1023,0,ilp_v4,optimal,1,234.115274,62.024497,3.774561,0.3247,0.0,
u_mand_factor\set23\u_mand_factor_0.2.py,u_mand_factor,23,u_mand_factor,0.2,2,8,5,0.2,0.5,0.7,0.6,0.4,0.8,77.279999,80,28,36.8,110.399999,17.12,1,0,1023,0,ilp_v4,optimal,1,209.869407,76.676164,2.737088,0.3181,0.0,
u_mand_factor\set23\u_mand_factor_0.3.py,u_mand_factor,23,u_mand_factor,0.3,2,8,5,0.3,0.5,0.7,0.6,0.6,0.7,83.720002,80,28,55.199998,119.600003,25.679999,1,1,1023,0,ilp_v4,optimal,1,192.293149,81.27634,2.365918,0.2282,0.0,
u_mand_factor\set23\u_mand_factor_0.4.py,u_mand_factor,23,u_mand_factor,0.4,2,8,5,0.4,0.5,0.7,0.6,0.8,0.6,90.16001,80,28,73.600002,128.800015,34.240001,1,1,1023,0,ilp_v4,optimal,1,166.234011,90.093438,1.845129,0.3005,0.0,
u_mand_factor\set23\u_mand_factor_0.5.py,u_mand_factor,23,u_mand_factor,0.5,2,8,5,0.5,0.5,0.7,0.6,1.0,0.5,96.600006,80,28,91.999999,138.000008,42.799999,1,1,1023,0,ilp_v4,optimal,1,138.515873,96.596458,1.433964,0.7118,0.0,
u_mand_factor\set23\u_mand_factor_0.6.py,u_mand_factor,23,u_mand_factor,0.6,2,8,5,0.6,0.5,0.7,0.6,1.2,0.4,103.039996,80,28,110.399995,147.199994,51.359998,1,1,1023,0,ilp_v4,optimal,1,105.751326,103.039594,1.026317,1.1818,8e-05,
u_mand_factor\set23\u_mand_factor_0.7.py,u_mand_factor,23,u_mand_factor,0.7,2,8,5,0.7,0.5,0.7,0.6,1.4,0.3,109.479998,80,28,128.799999,156.399998,59.919999,1,1,1023,0,ilp_v4,optimal,1,64.910319,109.479435,0.5929,1.0436,0.0,
u_mand_factor\set23\u_mand_factor_0.8.py,u_mand_factor,23,u_mand_factor,0.8,2,8,5,0.8,0.5,0.7,0.6,1.6,0.2,115.920003,80,28,147.199998,165.600005,68.479999,1,1,1023,0,ilp_v4,optimal,1,16.946909,115.91542,0.146201,2.9437,0.0,
u_mand_factor\set23\u_mand_factor_0.9.py,u_mand_factor,23,u_mand_factor,0.9,2,8,5,0.9,0.5,0.7,0.6,1.8,0.1,122.359998,80,28,165.600002,174.799998,77.040001,1,1,1023,0,ilp_v4,infeasible,0,,,,0.1288,,
u_mand_factor\set24\u_mand_factor_0.1.py,u_mand_factor,24,u_mand_factor,0.1,2,8,5,0.1,0.5,0.7,0.6,0.2,0.9,70.83999,80,21,18.399995,101.199986,9.203634,1,0,1024,0,ilp_v4,optimal,1,285.386925,59.972662,4.758617,0.0612,0.0,
u_mand_factor\set24\u_mand_factor_0.2.py,u_mand_factor,24,u_mand_factor,0.2,2,8,5,0.2,0.5,0.7,0.6,0.4,0.8,77.280006,80,21,36.800005,110.400008,18.407275,1,0,1024,0,ilp_v4,optimal,1,228.767467,75.954286,3.01191,0.08,0.0,
u_mand_factor\set24\u_mand_factor_0.3.py,u_mand_factor,24,u_mand_factor,0.3,2,8,5,0.3,0.5,0.7,0.6,0.6,0.7,83.719998,80,21,55.2,119.599998,27.610909,1,1,1024,0,ilp_v4,optimal,1,195.400623,82.99172,2.354459,0.1044,0.0,
u_mand_factor\set24\u_mand_factor_0.4.py,u_mand_factor,24,u_mand_factor,0.4,2,8,5,0.4,0.5,0.7,0.6,0.8,0.6,90.159995,80,21,73.599999,128.799993,36.814545,1,1,1024,0,ilp_v4,optimal,1,174.665064,87.952817,1.985895,0.223,0.0,
u_mand_factor\set24\u_mand_factor_0.5.py,u_mand_factor,24,u_mand_factor,0.5,2,8,5,0.5,0.5,0.7,0.6,1.0,0.5,96.600001,80,21,91.999998,138.000001,46.018181,1,1,1024,0,ilp_v4,optimal,1,151.218741,96.597788,1.565447,0.4423,0.0,
u_mand_factor\set24\u_mand_factor_0.6.py,u_mand_factor,24,u_mand_factor,0.6,2,8,5,0.6,0.5,0.7,0.6,1.2,0.4,103.04,80,21,110.400001,147.2,55.221819,1,1,1024,0,ilp_v4,optimal,1,106.987247,103.032579,1.038383,1.5237,0.0,
u_mand_factor\set24\u_mand_factor_0.7.py,u_mand_factor,24,u_mand_factor,0.7,2,8,5,0.7,0.5,0.7,0.6,1.4,0.3,109.480001,80,21,128.799998,156.400001,64.425453,1,1,1024,0,ilp_v4,optimal,1,54.222798,109.429133,0.495506,0.5684,0.0,
u_mand_factor\set24\u_mand_factor_0.8.py,u_mand_factor,24,u_mand_factor,0.8,2,8,5,0.8,0.5,0.7,0.6,1.6,0.2,115.91999,80,21,147.199995,165.599985,73.629089,1,1,1024,0,ilp_v4,infeasible,0,,,,0.036,,
u_mand_factor\set24\u_mand_factor_0.9.py,u_mand_factor,24,u_mand_factor,0.9,2,8,5,0.9,0.5,0.7,0.6,1.8,0.1,122.360006,80,21,165.600002,174.800009,82.832728,1,1,1024,0,ilp_v4,infeasible,0,,,,0.0542,,
u_mand_factor\set25\u_mand_factor_0.1.py,u_mand_factor,25,u_mand_factor,0.1,2,8,5,0.1,0.5,0.7,0.6,0.2,0.9,70.840002,80,23,18.399999,101.200002,8.573333,1,0,1025,0,ilp_v4,optimal,1,195.837973,65.097373,3.008385,0.1521,0.0,
u_mand_factor\set25\u_mand_factor_0.2.py,u_mand_factor,25,u_mand_factor,0.2,2,8,5,0.2,0.5,0.7,0.6,0.4,0.8,77.279998,80,23,36.800003,110.399998,17.146668,1,0,1025,0,ilp_v4,optimal,1,208.157206,76.84115,2.708929,0.1336,0.0,
u_mand_factor\set25\u_mand_factor_0.3.py,u_mand_factor,25,u_mand_factor,0.3,2,8,5,0.3,0.5,0.7,0.6,0.6,0.7,83.720003,80,23,55.200001,119.600005,25.720001,1,1,1025,0,ilp_v4,optimal,1,181.639963,82.852253,2.192336,0.1645,0.0,
u_mand_factor\set25\u_mand_factor_0.4.py,u_mand_factor,25,u_mand_factor,0.4,2,8,5,0.4,0.5,0.7,0.6,0.8,0.6,90.159996,80,23,73.599997,128.799994,34.293332,1,1,1025,0,ilp_v4,optimal,1,144.407736,90.137386,1.602085,0.4473,0.0,
u_mand_factor\set25\u_mand_factor_0.5.py,u_mand_factor,25,u_mand_factor,0.5,2,8,5,0.5,0.5,0.7,0.6,1.0,0.5,96.6,80,23,91.999995,138.0,42.866665,1,1,1025,0,ilp_v4,optimal,1,109.800682,96.595899,1.136701,1.2002,0.0,
u_mand_factor\set25\u_mand_factor_0.6.py,u_mand_factor,25,u_mand_factor,0.6,2,8,5,0.6,0.5,0.7,0.6,1.2,0.4,103.040009,80,23,110.400007,147.200013,51.440003,1,1,1025,0,ilp_v4,optimal,1,75.516876,103.028111,0.732974,0.6435,5.7e-05,
u_mand_factor\set25\u_mand_factor_0.7.py,u_mand_factor,25,u_mand_factor,0.7,2,8,5,0.7,0.5,0.7,0.6,1.4,0.3,109.480004,80,23,128.799999,156.400006,60.013333,1,1,1025,0,ilp_v4,optimal,1,38.359748,109.16487,0.351393,0.5243,0.0,
u_mand_factor\set25\u_mand_factor_0.8.py,u_mand_factor,25,u_mand_factor,0.8,2,8,5,0.8,0.5,0.7,0.6,1.6,0.2,115.920002,80,23,147.200001,165.600003,68.586667,1,1,1025,0,ilp_v4,infeasible,0,,,,0.0448,,
u_mand_factor\set25\u_mand_factor_0.9.py,u_mand_factor,25,u_mand_factor,0.9,2,8,5,0.9,0.5,0.7,0.6,1.8,0.1,122.359995,80,23,165.599997,174.799993,77.159998,1,1,1025,0,ilp_v4,infeasible,0,,,,0.042,,
u_mand_factor\set26\u_mand_factor_0.1.py,u_mand_factor,26,u_mand_factor,0.1,2,8,5,0.1,0.5,0.7,0.6,0.2,0.9,70.840001,80,27,18.399999,101.200001,8.799999,1,0,1026,0,ilp_v4,optimal,1,287.570742,53.858922,5.339333,0.2097,0.0,
u_mand_factor\set26\u_mand_factor_0.2.py,u_mand_factor,26,u_mand_factor,0.2,2,8,5,0.2,0.5,0.7,0.6,0.4,0.8,77.279997,80,27,36.800002,110.399995,17.600001,1,0,1026,0,ilp_v4,optimal,1,247.7248,77.175976,3.209869,0.2043,0.0,
u_mand_factor\set26\u_mand_factor_0.3.py,u_mand_factor,26,u_mand_factor,0.3,2,8,5,0.3,0.5,0.7,0.6,0.6,0.7,83.719987,80,27,55.199992,119.599982,26.399996,1,1,1026,0,ilp_v4,optimal,1,235.897763,81.296809,2.901685,0.2142,0.0,
u_mand_factor\set26\u_mand_factor_0.4.py,u_mand_factor,26,u_mand_factor,0.4,2,8,5,0.4,0.5,0.7,0.6,0.8,0.6,90.160006,80,27,73.600001,128.800008,35.200001,1,1,1026,0,ilp_v4,optimal,1,205.634601,89.547506,2.296374,0.2851,0.0,
u_mand_factor\set26\u_mand_factor_0.5.py,u_mand_factor,26,u_mand_factor,0.5,2,8,5,0.5,0.5,0.7,0.6,1.0,0.5,96.599998,80,27,92.000007,137.999998,44.000003,1,1,1026,0,ilp_v4,optimal,1,163.111978,96.585855,1.688777,1.8796,0.0,
u_mand_factor\set26\u_mand_factor_0.6.py,u_mand_factor,26,u_mand_factor,0.6,2,8,5,0.6,0.5,0.7,0.6,1.2,0.4,103.040002,80,27,110.400005,147.200003,52.800002,1,1,1026,0,ilp_v4,optimal,1,114.813317,102.970931,1.115007,2.4304,0.0,
u_mand_factor\set26\u_mand_factor_0.7.py,u_mand_factor,26,u_mand_factor,0.7,2,8,5,0.7,0.5,0.7,0.6,1.4,0.3,109.480004,80,27,128.800003,156.400006,61.600002,1,1,1026,0,ilp_v4,optimal,1,57.866811,109.465391,0.528631,22.2053,9.4e-05,
u_mand_factor\set26\u_mand_factor_0.8.py,u_mand_factor,26,u_mand_factor,0.8,2,8,5,0.8,0.5,0.7,0.6,1.6,0.2,115.920005,80,27,147.2,165.600007,70.4,1,1,1026,0,ilp_v4,infeasible,0,,,,0.1915,,
u_mand_factor\set26\u_mand_factor_0.9.py,u_mand_factor,26,u_mand_factor,0.9,2,8,5,0.9,0.5,0.7,0.6,1.8,0.1,122.360003,80,27,165.6,174.800005,79.2,1,1,1026,0,ilp_v4,infeasible,0,,,,0.1639,,
u_mand_factor\set27\u_mand_factor_0.1.py,u_mand_factor,27,u_mand_factor,0.1,2,8,5,0.1,0.5,0.7,0.6,0.2,0.9,70.840001,80,40,18.400001,101.200001,8.817143,1,0,1027,0,ilp_v4,optimal,1,248.906324,70.391977,3.536004,0.6383,0.0,
u_mand_factor\set27\u_mand_factor_0.2.py,u_mand_factor,27,u_mand_factor,0.2,2,8,5,0.2,0.5,0.7,0.6,0.4,0.8,77.279995,80,40,36.800003,110.399993,17.634287,1,0,1027,0,ilp_v4,optimal,1,196.609013,71.120824,2.764437,0.6148,0.0,
u_mand_factor\set27\u_mand_factor_0.3.py,u_mand_factor,27,u_mand_factor,0.3,2,8,5,0.3,0.5,0.7,0.6,0.6,0.7,83.720007,80,40,55.199999,119.60001,26.451428,1,1,1027,0,ilp_v4,optimal,1,176.508365,74.358603,2.373745,0.6167,0.0,
u_mand_factor\set27\u_mand_factor_0.4.py,u_mand_factor,27,u_mand_factor,0.4,2,8,5,0.4,0.5,0.7,0.6,0.8,0.6,90.16001,80,40,73.599993,128.800014,35.268568,1,1,1027,0,ilp_v4,optimal,1,146.53997,89.778231,1.632244,0.642,0.0,
u_mand_factor\set27\u_mand_factor_0.5.py,u_mand_factor,27,u_mand_factor,0.5,2,8,5,0.5,0.5,0.7,0.6,1.0,0.5,96.600006,80,40,92.000005,138.000008,44.085716,1,1,1027,0,ilp_v4,optimal,1,128.481773,96.595836,1.330096,3.2736,0.0,
u_mand_factor\set27\u_mand_factor_0.6.py,u_mand_factor,27,u_mand_factor,0.6,2,8,5,0.6,0.5,0.7,0.6,1.2,0.4,103.03999,80,40,110.400006,147.199985,52.90286,1,1,1027,0,ilp_v4,optimal,1,97.614466,103.036529,0.947377,4.8223,1.9e-05,
u_mand_factor\set27\u_mand_factor_0.7.py,u_mand_factor,27,u_mand_factor,0.7,2,8,5,0.7,0.5,0.7,0.6,1.4,0.3,109.48,80,40,128.799999,156.4,61.719999,1,1,1027,0,ilp_v4,time_limit,1,56.547915,109.478971,0.516519,35.0476,0.000372,
u_mand_factor\set27\u_mand_factor_0.8.py,u_mand_factor,27,u_mand_factor,0.8,2,8,5,0.8,0.5,0.7,0.6,1.6,0.2,115.920006,80,40,147.200005,165.600009,70.537145,1,1,1027,0,ilp_v4,optimal,1,4.120135,115.917363,0.035544,8.9105,1e-06,
u_mand_factor\set27\u_mand_factor_0.9.py,u_mand_factor,27,u_mand_factor,0.9,2,8,5,0.9,0.5,0.7,0.6,1.8,0.1,122.359991,80,40,165.599993,174.799987,79.354282,1,1,1027,0,ilp_v4,infeasible,0,,,,0.2296,,
u_mand_factor\set28\u_mand_factor_0.1.py,u_mand_factor,28,u_mand_factor,0.1,2,8,5,0.1,0.5,0.7,0.6,0.2,0.9,70.839998,80,23,18.399998,101.199997,8.799999,1,0,1028,0,ilp_v4,optimal,1,219.274477,63.561012,3.449827,0.138,0.0,
u_mand_factor\set28\u_mand_factor_0.2.py,u_mand_factor,28,u_mand_factor,0.2,2,8,5,0.2,0.5,0.7,0.6,0.4,0.8,77.279998,80,23,36.8,110.399998,17.6,1,0,1028,0,ilp_v4,optimal,1,150.730508,75.335675,2.000785,0.1569,0.0,
u_mand_factor\set28\u_mand_factor_0.3.py,u_mand_factor,28,u_mand_factor,0.3,2,8,5,0.3,0.5,0.7,0.6,0.6,0.7,83.719998,80,23,55.199995,119.599998,26.399998,1,1,1028,0,ilp_v4,optimal,1,122.744833,80.780458,1.519487,0.3545,0.0,
u_mand_factor\set28\u_mand_factor_0.4.py,u_mand_factor,28,u_mand_factor,0.4,2,8,5,0.4,0.5,0.7,0.6,0.8,0.6,90.160004,80,23,73.600001,128.800006,35.200001,1,1,1028,0,ilp_v4,optimal,1,105.084025,84.69967,1.240666,0.4145,0.0,
u_mand_factor\set28\u_mand_factor_0.5.py,u_mand_factor,28,u_mand_factor,0.5,2,8,5,0.5,0.5,0.7,0.6,1.0,0.5,96.599995,80,23,91.999995,137.999993,43.999998,1,1,1028,0,ilp_v4,optimal,1,92.316685,96.578256,0.955874,0.4794,0.0,
u_mand_factor\set28\u_mand_factor_0.6.py,u_mand_factor,28,u_mand_factor,0.6,2,8,5,0.6,0.5,0.7,0.6,1.2,0.4,103.040001,80,23,110.4,147.200001,52.8,1,1,1028,0,ilp_v4,optimal,1,77.335578,102.893101,0.751611,0.4243,0.0,
u_mand_factor\set28\u_mand_factor_0.7.py,u_mand_factor,28,u_mand_factor,0.7,2,8,5,0.7,0.5,0.7,0.6,1.4,0.3,109.48,80,23,128.8,156.4,61.6,1,1,1028,0,ilp_v4,optimal,1,64.679351,109.466072,0.590862,0.7816,0.0,
u_mand_factor\set28\u_mand_factor_0.8.py,u_mand_factor,28,u_mand_factor,0.8,2,8,5,0.8,0.5,0.7,0.6,1.6,0.2,115.920009,80,23,147.2,165.600013,70.4,1,1,1028,0,ilp_v4,optimal,1,0.288879,115.918602,0.002492,0.4155,0.0,
u_mand_factor\set28\u_mand_factor_0.9.py,u_mand_factor,28,u_mand_factor,0.9,2,8,5,0.9,0.5,0.7,0.6,1.8,0.1,122.36,80,23,165.600002,174.8,79.200001,1,1,1028,0,ilp_v4,infeasible,0,,,,0.0467,,
u_mand_factor\set29\u_mand_factor_0.1.py,u_mand_factor,29,u_mand_factor,0.1,2,8,5,0.1,0.5,0.7,0.6,0.2,0.9,70.84,80,21,18.399998,101.2,8.799999,1,0,1029,0,ilp_v4,optimal,1,210.693643,61.851142,3.406463,0.0679,0.0,
u_mand_factor\set29\u_mand_factor_0.2.py,u_mand_factor,29,u_mand_factor,0.2,2,8,5,0.2,0.5,0.7,0.6,0.4,0.8,77.279994,80,21,36.799997,110.399991,17.599998,1,0,1029,0,ilp_v4,optimal,1,202.447038,63.082789,3.209228,0.0758,0.0,
u_mand_factor\set29\u_mand_factor_0.3.py,u_mand_factor,29,u_mand_factor,0.3,2,8,5,0.3,0.5,0.7,0.6,0.6,0.7,83.720008,80,21,55.200005,119.600011,26.400002,1,1,1029,0,ilp_v4,optimal,1,165.95813,74.036347,2.241576,0.0728,0.0,
u_mand_factor\set29\u_mand_factor_0.4.py,u_mand_factor,29,u_mand_factor,0.4,2,8,5,0.4,0.5,0.7,0.6,0.8,0.6,90.16,80,21,73.600001,128.8,35.200001,1,1,1029,0,ilp_v4,optimal,1,130.753254,89.559603,1.459958,0.1093,0.0,
u_mand_factor\set29\u_mand_factor_0.5.py,u_mand_factor,29,u_mand_factor,0.5,2,8,5,0.5,0.5,0.7,0.6,1.0,0.5,96.600003,80,21,91.999999,138.000005,43.999999,1,1,1029,0,ilp_v4,optimal,1,108.730962,96.450333,1.127326,0.1597,0.0,
u_mand_factor\set29\u_mand_factor_0.6.py,u_mand_factor,29,u_mand_factor,0.6,2,8,5,0.6,0.5,0.7,0.6,1.2,0.4,103.039998,80,21,110.399998,147.199997,52.799999,1,1,1029,0,ilp_v4,optimal,1,82.124429,102.003244,0.805116,0.1538,0.0,
u_mand_factor\set29\u_mand_factor_0.7.py,u_mand_factor,29,u_mand_factor,0.7,2,8,5,0.7,0.5,0.7,0.6,1.4,0.3,109.48,80,21,128.8,156.4,61.6,1,1,1029,0,ilp_v4,optimal,1,56.951647,109.468809,0.520255,0.5075,0.0,
u_mand_factor\set29\u_mand_factor_0.8.py,u_mand_factor,29,u_mand_factor,0.8,2,8,5,0.8,0.5,0.7,0.6,1.6,0.2,115.919999,80,21,147.199998,165.599999,70.399999,1,1,1029,0,ilp_v4,infeasible,0,,,,0.0527,,
u_mand_factor\set29\u_mand_factor_0.9.py,u_mand_factor,29,u_mand_factor,0.9,2,8,5,0.9,0.5,0.7,0.6,1.8,0.1,122.360005,80,21,165.6,174.800007,79.2,1,1,1029,0,ilp_v4,infeasible,0,,,,0.0351,,
u_mand_factor\set30\u_mand_factor_0.1.py,u_mand_factor,30,u_mand_factor,0.1,2,8,5,0.1,0.5,0.7,0.6,0.2,0.9,70.840001,80,26,18.400002,101.200001,8.560001,1,0,1030,0,ilp_v4,optimal,1,197.276683,63.269198,3.118053,0.203,0.0,
u_mand_factor\set30\u_mand_factor_0.2.py,u_mand_factor,30,u_mand_factor,0.2,2,8,5,0.2,0.5,0.7,0.6,0.4,0.8,77.28,80,26,36.799999,110.4,17.119999,1,0,1030,0,ilp_v4,optimal,1,182.789173,67.506045,2.707745,0.2274,0.0,
u_mand_factor\set30\u_mand_factor_0.3.py,u_mand_factor,30,u_mand_factor,0.3,2,8,5,0.3,0.5,0.7,0.6,0.6,0.7,83.719999,80,26,55.200003,119.599999,25.680002,1,1,1030,0,ilp_v4,optimal,1,160.916498,79.689457,2.019295,0.1757,0.0,
u_mand_factor\set30\u_mand_factor_0.4.py,u_mand_factor,30,u_mand_factor,0.4,2,8,5,0.4,0.5,0.7,0.6,0.8,0.6,90.160005,80,26,73.600003,128.800007,34.240002,1,1,1030,0,ilp_v4,optimal,1,137.815488,88.095576,1.564386,0.1983,0.0,
u_mand_factor\set30\u_mand_factor_0.5.py,u_mand_factor,30,u_mand_factor,0.5,2,8,5,0.5,0.5,0.7,0.6,1.0,0.5,96.6,80,26,91.999999,138.0,42.799999,1,1,1030,0,ilp_v4,optimal,1,111.364102,96.478218,1.154293,0.4011,0.0,
u_mand_factor\set30\u_mand_factor_0.6.py,u_mand_factor,30,u_mand_factor,0.6,2,8,5,0.6,0.5,0.7,0.6,1.2,0.4,103.039997,80,26,110.399994,147.199995,51.359997,1,1,1030,0,ilp_v4,optimal,1,83.095089,103.038253,0.806449,0.8171,0.0,
u_mand_factor\set30\u_mand_factor_0.7.py,u_mand_factor,30,u_mand_factor,0.7,2,8,5,0.7,0.5,0.7,0.6,1.4,0.3,109.479998,80,26,128.799998,156.399997,59.919999,1,1,1030,0,ilp_v4,optimal,1,49.635903,109.45343,0.453489,1.264,0.0,
u_mand_factor\set30\u_mand_factor_0.8.py,u_mand_factor,30,u_mand_factor,0.8,2,8,5,0.8,0.5,0.7,0.6,1.6,0.2,115.920008,80,26,147.2,165.600012,68.48,1,1,1030,0,ilp_v4,infeasible,0,,,,0.1049,,
u_mand_factor\set30\u_mand_factor_0.9.py,u_mand_factor,30,u_mand_factor,0.9,2,8,5,0.9,0.5,0.7,0.6,1.8,0.1,122.359999,80,26,165.600001,174.799999,77.040001,1,1,1030,0,ilp_v4,infeasible,0,,,,0.102,,
u_mand_factor\set31\u_mand_factor_0.1.py,u_mand_factor,31,u_mand_factor,0.1,2,8,5,0.1,0.5,0.7,0.6,0.2,0.9,70.840006,80,29,18.399995,101.200008,9.439998,1,0,1031,0,ilp_v4,optimal,1,236.977624,67.227371,3.525017,0.2665,0.0,
u_mand_factor\set31\u_mand_factor_0.2.py,u_mand_factor,31,u_mand_factor,0.2,2,8,5,0.2,0.5,0.7,0.6,0.4,0.8,77.280002,80,29,36.800005,110.400003,18.880002,1,0,1031,0,ilp_v4,optimal,1,220.873629,75.722745,2.916873,0.2041,0.0,
u_mand_factor\set31\u_mand_factor_0.3.py,u_mand_factor,31,u_mand_factor,0.3,2,8,5,0.3,0.5,0.7,0.6,0.6,0.7,83.72001,80,29,55.200002,119.600015,28.320001,1,1,1031,0,ilp_v4,optimal,1,229.64757,81.169974,2.829218,0.2458,0.0,
u_mand_factor\set31\u_mand_factor_0.4.py,u_mand_factor,31,u_mand_factor,0.4,2,8,5,0.4,0.5,0.7,0.6,0.8,0.6,90.159999,80,29,73.600002,128.799999,37.760001,1,1,1031,0,ilp_v4,optimal,1,197.712331,89.785344,2.202056,0.2489,0.0,
u_mand_factor\set31\u_mand_factor_0.5.py,u_mand_factor,31,u_mand_factor,0.5,2,8,5,0.5,0.5,0.7,0.6,1.0,0.5,96.599992,80,29,91.999997,137.999988,47.199998,1,1,1031,0,ilp_v4,optimal,1,163.724756,96.329643,1.69963,0.3109,0.0,
u_mand_factor\set31\u_mand_factor_0.6.py,u_mand_factor,31,u_mand_factor,0.6,2,8,5,0.6,0.5,0.7,0.6,1.2,0.4,103.039998,80,29,110.399998,147.199998,56.639999,1,1,1031,0,ilp_v4,optimal,1,117.289712,103.014132,1.138579,2.077,0.0,
u_mand_factor\set31\u_mand_factor_0.7.py,u_mand_factor,31,u_mand_factor,0.7,2,8,5,0.7,0.5,0.7,0.6,1.4,0.3,109.479997,80,29,128.799998,156.399995,66.079999,1,1,1031,0,ilp_v4,optimal,1,62.604064,109.478886,0.571837,1.8292,0.0,
u_mand_factor\set31\u_mand_factor_0.8.py,u_mand_factor,31,u_mand_factor,0.8,2,8,5,0.8,0.5,0.7,0.6,1.6,0.2,115.919988,80,29,147.199994,165.599983,75.519997,1,1,1031,0,ilp_v4,optimal,1,21.696888,115.919145,0.187173,4.124,0.0,
u_mand_factor\set31\u_mand_factor_0.9.py,u_mand_factor,31,u_mand_factor,0.9,2,8,5,0.9,0.5,0.7,0.6,1.8,0.1,122.359998,80,29,165.59999,174.799997,84.959995,1,1,1031,0,ilp_v4,infeasible,0,,,,0.0898,,
u_mand_factor\set32\u_mand_factor_0.1.py,u_mand_factor,32,u_mand_factor,0.1,2,8,5,0.1,0.5,0.7,0.6,0.2,0.9,70.840008,80,26,18.399999,101.200012,8.559999,1,0,1032,0,ilp_v4,optimal,1,247.323212,70.297712,3.518226,0.1754,0.0,
u_mand_factor\set32\u_mand_factor_0.2.py,u_mand_factor,32,u_mand_factor,0.2,2,8,5,0.2,0.5,0.7,0.6,0.4,0.8,77.280001,80,26,36.800002,110.400001,17.120001,1,0,1032,0,ilp_v4,optimal,1,213.448987,76.832022,2.778125,0.1888,0.0,
u_mand_factor\set32\u_mand_factor_0.3.py,u_mand_factor,32,u_mand_factor,0.3,2,8,5,0.3,0.5,0.7,0.6,0.6,0.7,83.720004,80,26,55.200002,119.600006,25.680001,1,1,1032,0,ilp_v4,optimal,1,200.327664,82.792387,2.419639,0.2093,0.0,
u_mand_factor\set32\u_mand_factor_0.4.py,u_mand_factor,32,u_mand_factor,0.4,2,8,5,0.4,0.5,0.7,0.6,0.8,0.6,90.160005,80,26,73.600006,128.800007,34.240003,1,1,1032,0,ilp_v4,optimal,1,179.006699,89.958233,1.989887,0.5781,0.0,
u_mand_factor\set32\u_mand_factor_0.5.py,u_mand_factor,32,u_mand_factor,0.5,2,8,5,0.5,0.5,0.7,0.6,1.0,0.5,96.600005,80,26,92.000001,138.000007,42.800001,1,1,1032,0,ilp_v4,optimal,1,148.756403,96.160093,1.546966,1.1681,0.0,
u_mand_factor\set32\u_mand_factor_0.6.py,u_mand_factor,32,u_mand_factor,0.6,2,8,5,0.6,0.5,0.7,0.6,1.2,0.4,103.040005,80,26,110.400005,147.200007,51.360002,1,1,1032,0,ilp_v4,optimal,1,114.875357,103.034812,1.114918,1.3238,0.0,
u_mand_factor\set32\u_mand_factor_0.7.py,u_mand_factor,32,u_mand_factor,0.7,2,8,5,0.7,0.5,0.7,0.6,1.4,0.3,109.480002,80,26,128.800006,156.400003,59.920003,1,1,1032,0,ilp_v4,optimal,1,74.907934,109.437083,0.684484,1.5828,0.0,
u_mand_factor\set32\u_mand_factor_0.8.py,u_mand_factor,32,u_mand_factor,0.8,2,8,5,0.8,0.5,0.7,0.6,1.6,0.2,115.919998,80,26,147.199994,165.599998,68.479997,1,1,1032,0,ilp_v4,optimal,1,19.110869,115.910752,0.164876,2.0424,0.0,
u_mand_factor\set32\u_mand_factor_0.9.py,u_mand_factor,32,u_mand_factor,0.9,2,8,5,0.9,0.5,0.7,0.6,1.8,0.1,122.359995,80,26,165.599994,174.799993,77.039997,1,1,1032,0,ilp_v4,infeasible,0,,,,0.1006,,
u_mand_factor\set33\u_mand_factor_0.1.py,u_mand_factor,33,u_mand_factor,0.1,2,8,5,0.1,0.5,0.7,0.6,0.2,0.9,70.840002,80,36,18.4,101.200003,8.573333,1,0,1033,0,ilp_v4,optimal,1,218.595633,70.392471,3.105384,0.3529,0.0,
u_mand_factor\set33\u_mand_factor_0.2.py,u_mand_factor,33,u_mand_factor,0.2,2,8,5,0.2,0.5,0.7,0.6,0.4,0.8,77.279997,80,36,36.79999,110.399995,17.146662,1,0,1033,0,ilp_v4,optimal,1,200.533254,75.920972,2.641342,0.4171,0.0,
u_mand_factor\set33\u_mand_factor_0.3.py,u_mand_factor,33,u_mand_factor,0.3,2,8,5,0.3,0.5,0.7,0.6,0.6,0.7,83.720002,80,36,55.200013,119.600003,25.720006,1,1,1033,0,ilp_v4,optimal,1,162.968901,80.036079,2.036193,0.4258,0.0,
u_mand_factor\set33\u_mand_factor_0.4.py,u_mand_factor,33,u_mand_factor,0.4,2,8,5,0.4,0.5,0.7,0.6,0.8,0.6,90.160005,80,36,73.599997,128.800007,34.293332,1,1,1033,0,ilp_v4,optimal,1,140.961715,89.10257,1.582016,1.0226,0.0,
u_mand_factor\set33\u_mand_factor_0.5.py,u_mand_factor,33,u_mand_factor,0.5,2,8,5,0.5,0.5,0.7,0.6,1.0,0.5,96.6,80,36,91.999998,138.0,42.866666,1,1,1033,0,ilp_v4,optimal,1,121.724512,96.42178,1.262417,1.1023,0.0,
u_mand_factor\set33\u_mand_factor_0.6.py,u_mand_factor,33,u_mand_factor,0.6,2,8,5,0.6,0.5,0.7,0.6,1.2,0.4,103.03999,80,36,110.399986,147.199986,51.439994,1,1,1033,0,ilp_v4,optimal,1,88.821148,103.031899,0.862074,1.7177,6.4e-05,
u_mand_factor\set33\u_mand_factor_0.7.py,u_mand_factor,33,u_mand_factor,0.7,2,8,5,0.7,0.5,0.7,0.6,1.4,0.3,109.480001,80,36,128.8,156.400001,60.013333,1,1,1033,0,ilp_v4,optimal,1,54.334098,109.479593,0.496294,2.8721,0.0,
u_mand_factor\set33\u_mand_factor_0.8.py,u_mand_factor,33,u_mand_factor,0.8,2,8,5,0.8,0.5,0.7,0.6,1.6,0.2,115.920015,80,36,147.200009,165.600022,68.586671,1,1,1033,0,ilp_v4,infeasible,0,,,,0.1283,,
u_mand_factor\set33\u_mand_factor_0.9.py,u_mand_factor,33,u_mand_factor,0.9,2,8,5,0.9,0.5,0.7,0.6,1.8,0.1,122.360001,80,36,165.599999,174.800001,77.159999,1,1,1033,0,ilp_v4,infeasible,0,,,,0.147,,
u_mand_factor\set34\u_mand_factor_0.1.py,u_mand_factor,34,u_mand_factor,0.1,2,8,5,0.1,0.5,0.7,0.6,0.2,0.9,70.840001,80,29,18.400001,101.200001,8.817143,1,0,1034,0,ilp_v4,optimal,1,193.452034,69.839593,2.769948,0.2508,0.0,
u_mand_factor\set34\u_mand_factor_0.2.py,u_mand_factor,34,u_mand_factor,0.2,2,8,5,0.2,0.5,0.7,0.6,0.4,0.8,77.280008,80,29,36.8,110.400011,17.634286,1,0,1034,0,ilp_v4,optimal,1,216.370342,76.73017,2.819886,0.2288,0.0,
u_mand_factor\set34\u_mand_factor_0.3.py,u_mand_factor,34,u_mand_factor,0.3,2,8,5,0.3,0.5,0.7,0.6,0.6,0.7,83.720003,80,29,55.199995,119.600005,26.451426,1,1,1034,0,ilp_v4,optimal,1,180.453575,83.582073,2.158999,0.5945,0.0,
u_mand_factor\set34\u_mand_factor_0.4.py,u_mand_factor,34,u_mand_factor,0.4,2,8,5,0.4,0.5,0.7,0.6,0.8,0.6,90.160012,80,29,73.600003,128.800017,35.268573,1,1,1034,0,ilp_v4,optimal,1,145.2448,90.081562,1.61237,0.2973,0.0,
u_mand_factor\set34\u_mand_factor_0.5.py,u_mand_factor,34,u_mand_factor,0.5,2,8,5,0.5,0.5,0.7,0.6,1.0,0.5,96.599997,80,29,92.000003,137.999995,44.085716,1,1,1034,0,ilp_v4,optimal,1,112.631492,96.58201,1.166175,0.6379,5e-05,
u_mand_factor\set34\u_mand_factor_0.6.py,u_mand_factor,34,u_mand_factor,0.6,2,8,5,0.6,0.5,0.7,0.6,1.2,0.4,103.039996,80,29,110.399997,147.199994,52.902855,1,1,1034,0,ilp_v4,optimal,1,76.389871,101.194304,0.754883,0.6197,0.0,
u_mand_factor\set34\u_mand_factor_0.7.py,u_mand_factor,34,u_mand_factor,0.7,2,8,5,0.7,0.5,0.7,0.6,1.4,0.3,109.479999,80,29,128.800001,156.399999,61.720001,1,1,1034,0,ilp_v4,optimal,1,46.918463,108.949621,0.430644,1.1504,0.0,
u_mand_factor\set34\u_mand_factor_0.8.py,u_mand_factor,34,u_mand_factor,0.8,2,8,5,0.8,0.5,0.7,0.6,1.6,0.2,115.920006,80,29,147.2,165.600008,70.537143,1,1,1034,0,ilp_v4,infeasible,0,,,,0.1177,,
u_mand_factor\set34\u_mand_factor_0.9.py,u_mand_factor,34,u_mand_factor,0.9,2,8,5,0.9,0.5,0.7,0.6,1.8,0.1,122.359998,80,29,165.599999,174.799997,79.354285,1,1,1034,0,ilp_v4,infeasible,0,,,,0.1155,,
u_mand_factor\set35\u_mand_factor_0.1.py,u_mand_factor,35,u_mand_factor,0.1,2,8,5,0.1,0.5,0.7,0.6,0.2,0.9,70.840001,80,36,18.399995,101.200001,8.559998,1,0,1035,0,ilp_v4,optimal,1,225.472043,68.890884,3.272886,0.4254,0.0,
u_mand_factor\set35\u_mand_factor_0.2.py,u_mand_factor,35,u_mand_factor,0.2,2,8,5,0.2,0.5,0.7,0.6,0.4,0.8,77.279998,80,36,36.800006,110.399998,17.120003,1,0,1035,0,ilp_v4,optimal,1,272.807444,75.737212,3.602026,0.527,0.0,
u_mand_factor\set35\u_mand_factor_0.3.py,u_mand_factor,35,u_mand_factor,0.3,2,8,5,0.3,0.5,0.7,0.6,0.6,0.7,83.720003,80,36,55.199997,119.600005,25.679998,1,1,1035,0,ilp_v4,optimal,1,229.847027,82.706751,2.77906,0.437,0.0,
u_mand_factor\set35\u_mand_factor_0.4.py,u_mand_factor,35,u_mand_factor,0.4,2,8,5,0.4,0.5,0.7,0.6,0.8,0.6,90.159998,80,36,73.6,128.799998,34.24,1,1,1035,0,ilp_v4,optimal,1,184.74949,90.023167,2.052244,0.5168,0.0,
u_mand_factor\set35\u_mand_factor_0.5.py,u_mand_factor,35,u_mand_factor,0.5,2,8,5,0.5,0.5,0.7,0.6,1.0,0.5,96.599999,80,36,92.000003,137.999999,42.800002,1,1,1035,0,ilp_v4,optimal,1,141.951201,96.572523,1.469892,1.2155,0.0,
u_mand_factor\set35\u_mand_factor_0.6.py,u_mand_factor,35,u_mand_factor,0.6,2,8,5,0.6,0.5,0.7,0.6,1.2,0.4,103.040002,80,36,110.400005,147.200002,51.360002,1,1,1035,0,ilp_v4,optimal,1,104.783176,103.005061,1.017262,2.0433,0.0,
u_mand_factor\set35\u_mand_factor_0.7.py,u_mand_factor,35,u_mand_factor,0.7,2,8,5,0.7,0.5,0.7,0.6,1.4,0.3,109.48001,80,36,128.800005,156.400014,59.920002,1,1,1035,0,ilp_v4,optimal,1,55.665143,109.473866,0.508479,2.8087,0.0,
u_mand_factor\set35\u_mand_factor_0.8.py,u_mand_factor,35,u_mand_factor,0.8,2,8,5,0.8,0.5,0.7,0.6,1.6,0.2,115.919986,80,36,147.199997,165.59998,68.479998,1,1,1035,0,ilp_v4,optimal,1,21.394663,115.90568,0.184587,4.1541,0.0,
u_mand_factor\set35\u_mand_factor_0.9.py,u_mand_factor,35,u_mand_factor,0.9,2,8,5,0.9,0.5,0.7,0.6,1.8,0.1,122.360006,80,36,165.599994,174.800008,77.039997,1,1,1035,0,ilp_v4,infeasible,0,,,,0.1908,,
u_mand_factor\set36\u_mand_factor_0.1.py,u_mand_factor,36,u_mand_factor,0.1,2,8,5,0.1,0.5,0.7,0.6,0.2,0.9,70.840003,80,34,18.400006,101.200005,8.817146,1,0,1036,0,ilp_v4,optimal,1,241.236126,63.148068,3.820166,0.4145,0.0,
u_mand_factor\set36\u_mand_factor_0.2.py,u_mand_factor,36,u_mand_factor,0.2,2,8,5,0.2,0.5,0.7,0.6,0.4,0.8,77.280001,80,34,36.800001,110.400001,17.634286,1,0,1036,0,ilp_v4,optimal,1,146.434543,76.506292,1.91402,0.4303,0.0,
u_mand_factor\set36\u_mand_factor_0.3.py,u_mand_factor,36,u_mand_factor,0.3,2,8,5,0.3,0.5,0.7,0.6,0.6,0.7,83.719999,80,34,55.199995,119.599999,26.451426,1,1,1036,0,ilp_v4,optimal,1,113.062197,82.271969,1.374249,0.4056,0.0,
u_mand_factor\set36\u_mand_factor_0.4.py,u_mand_factor,36,u_mand_factor,0.4,2,8,5,0.4,0.5,0.7,0.6,0.8,0.6,90.16001,80,34,73.6,128.800015,35.268571,1,1,1036,0,ilp_v4,optimal,1,91.914703,89.860815,1.022856,0.4625,0.0,
u_mand_factor\set36\u_mand_factor_0.5.py,u_mand_factor,36,u_mand_factor,0.5,2,8,5,0.5,0.5,0.7,0.6,1.0,0.5,96.600002,80,34,92.000006,138.000002,44.085717,1,1,1036,0,ilp_v4,optimal,1,81.730817,96.588767,0.846173,0.4811,0.0,
u_mand_factor\set36\u_mand_factor_0.6.py,u_mand_factor,36,u_mand_factor,0.6,2,8,5,0.6,0.5,0.7,0.6,1.2,0.4,103.039998,80,34,110.400003,147.199998,52.902859,1,1,1036,0,ilp_v4,optimal,1,69.289506,103.02293,0.672564,1.3979,0.0,
u_mand_factor\set36\u_mand_factor_0.7.py,u_mand_factor,36,u_mand_factor,0.7,2,8,5,0.7,0.5,0.7,0.6,1.4,0.3,109.479998,80,34,128.799993,156.399998,61.719997,1,1,1036,0,ilp_v4,optimal,1,54.111496,109.471996,0.494295,1.5037,0.0,
u_mand_factor\set36\u_mand_factor_0.8.py,u_mand_factor,36,u_mand_factor,0.8,2,8,5,0.8,0.5,0.7,0.6,1.6,0.2,115.920002,80,34,147.199999,165.600003,70.537142,1,1,1036,0,ilp_v4,optimal,1,22.451002,115.916759,0.193682,4.1424,0.0,
u_mand_factor\set36\u_mand_factor_0.9.py,u_mand_factor,36,u_mand_factor,0.9,2,8,5,0.9,0.5,0.7,0.6,1.8,0.1,122.359996,80,34,165.599997,174.799994,79.354284,1,1,1036,0,ilp_v4,infeasible,0,,,,0.206,,
u_mand_factor\set37\u_mand_factor_0.1.py,u_mand_factor,37,u_mand_factor,0.1,2,8,5,0.1,0.5,0.7,0.6,0.2,0.9,70.839996,80,35,18.399991,101.199994,8.817138,1,0,1037,0,ilp_v4,optimal,1,223.689818,61.667643,3.627345,0.4181,0.0,
u_mand_factor\set37\u_mand_factor_0.2.py,u_mand_factor,37,u_mand_factor,0.2,2,8,5,0.2,0.5,0.7,0.6,0.4,0.8,77.279993,80,35,36.800009,110.39999,17.63429,1,0,1037,0,ilp_v4,optimal,1,197.5174,76.316044,2.58815,0.5292,0.0,
u_mand_factor\set37\u_mand_factor_0.3.py,u_mand_factor,37,u_mand_factor,0.3,2,8,5,0.3,0.5,0.7,0.6,0.6,0.7,83.719995,80,35,55.200006,119.599993,26.451431,1,1,1037,0,ilp_v4,optimal,1,161.982722,83.713377,1.934968,0.6959,0.0,
u_mand_factor\set37\u_mand_factor_0.4.py,u_mand_factor,37,u_mand_factor,0.4,2,8,5,0.4,0.5,0.7,0.6,0.8,0.6,90.159997,80,35,73.599997,128.799995,35.26857,1,1,1037,0,ilp_v4,optimal,1,143.300423,89.93941,1.5933,1.5082,0.0,
u_mand_factor\set37\u_mand_factor_0.5.py,u_mand_factor,37,u_mand_factor,0.5,2,8,5,0.5,0.5,0.7,0.6,1.0,0.5,96.60001,80,35,92.000008,138.000015,44.085718,1,1,1037,0,ilp_v4,optimal,1,117.508867,96.435073,1.218528,1.044,0.0,
u_mand_factor\set37\u_mand_factor_0.6.py,u_mand_factor,37,u_mand_factor,0.6,2,8,5,0.6,0.5,0.7,0.6,1.2,0.4,103.040013,80,35,110.400003,147.200018,52.902859,1,1,1037,0,ilp_v4,optimal,1,88.162703,102.914092,0.856663,1.2161,0.0,
u_mand_factor\set37\u_mand_factor_0.7.py,u_mand_factor,37,u_mand_factor,0.7,2,8,5,0.7,0.5,0.7,0.6,1.4,0.3,109.480005,80,35,128.799997,156.400007,61.719998,1,1,1037,0,ilp_v4,optimal,1,55.870162,109.475592,0.510344,2.0533,3.5e-05,
u_mand_factor\set37\u_mand_factor_0.8.py,u_mand_factor,37,u_mand_factor,0.8,2,8,5,0.8,0.5,0.7,0.6,1.6,0.2,115.91998,80,35,147.199988,165.599971,70.537137,1,1,1037,0,ilp_v4,infeasible,0,,,,0.1547,,
u_mand_factor\set37\u_mand_factor_0.9.py,u_mand_factor,37,u_mand_factor,0.9,2,8,5,0.9,0.5,0.7,0.6,1.8,0.1,122.360006,80,35,165.600007,174.800008,79.354289,1,1,1037,0,ilp_v4,infeasible,0,,,,0.1678,,
u_mand_factor\set38\u_mand_factor_0.1.py,u_mand_factor,38,u_mand_factor,0.1,2,8,5,0.1,0.5,0.7,0.6,0.2,0.9,70.840008,80,26,18.400006,101.200012,8.560003,1,0,1038,0,ilp_v4,optimal,1,277.327148,69.859898,3.969762,0.2023,0.0,
u_mand_factor\set38\u_mand_factor_0.2.py,u_mand_factor,38,u_mand_factor,0.2,2,8,5,0.2,0.5,0.7,0.6,0.4,0.8,77.280007,80,26,36.800002,110.40001,17.120001,1,0,1038,0,ilp_v4,optimal,1,217.436737,76.616296,2.837996,0.2415,0.0,
u_mand_factor\set38\u_mand_factor_0.3.py,u_mand_factor,38,u_mand_factor,0.3,2,8,5,0.3,0.5,0.7,0.6,0.6,0.7,83.719993,80,26,55.199999,119.59999,25.679999,1,1,1038,0,ilp_v4,optimal,1,188.397698,83.086154,2.267498,0.4645,0.0,
u_mand_factor\set38\u_mand_factor_0.4.py,u_mand_factor,38,u_mand_factor,0.4,2,8,5,0.4,0.5,0.7,0.6,0.8,0.6,90.160004,80,26,73.599999,128.800006,34.239999,1,1,1038,0,ilp_v4,optimal,1,165.813652,90.151014,1.839288,0.9476,0.0,
u_mand_factor\set38\u_mand_factor_0.5.py,u_mand_factor,38,u_mand_factor,0.5,2,8,5,0.5,0.5,0.7,0.6,1.0,0.5,96.600007,80,26,91.999997,138.00001,42.799998,1,1,1038,0,ilp_v4,optimal,1,133.294791,96.145248,1.38639,26.1006,6.7e-05,
u_mand_factor\set38\u_mand_factor_0.6.py,u_mand_factor,38,u_mand_factor,0.6,2,8,5,0.6,0.5,0.7,0.6,1.2,0.4,103.040004,80,26,110.400001,147.200006,51.360001,1,1,1038,0,ilp_v4,optimal,1,87.59377,103.035641,0.850131,1.6738,0.0,
u_mand_factor\set38\u_mand_factor_0.7.py,u_mand_factor,38,u_mand_factor,0.7,2,8,5,0.7,0.5,0.7,0.6,1.4,0.3,109.480006,80,26,128.800008,156.400008,59.920004,1,1,1038,0,ilp_v4,infeasible,0,,,,0.0585,,
u_mand_factor\set38\u_mand_factor_0.8.py,u_mand_factor,38,u_mand_factor,0.8,2,8,5,0.8,0.5,0.7,0.6,1.6,0.2,115.919998,80,26,147.199999,165.599997,68.479999,1,1,1038,0,ilp_v4,infeasible,0,,,,0.093,,
u_mand_factor\set38\u_mand_factor_0.9.py,u_mand_factor,38,u_mand_factor,0.9,2,8,5,0.9,0.5,0.7,0.6,1.8,0.1,122.359996,80,26,165.599995,174.799994,77.039998,1,1,1038,0,ilp_v4,infeasible,0,,,,0.0663,,
u_mand_factor\set39\u_mand_factor_0.1.py,u_mand_factor,39,u_mand_factor,0.1,2,8,5,0.1,0.5,0.7,0.6,0.2,0.9,70.84,80,36,18.399997,101.2,8.559998,1,0,1039,0,ilp_v4,optimal,1,205.283361,70.016985,2.931908,0.4404,0.0,
u_mand_factor\set39\u_mand_factor_0.2.py,u_mand_factor,39,u_mand_factor,0.2,2,8,5,0.2,0.5,0.7,0.6,0.4,0.8,77.279995,80,36,36.799998,110.399993,17.119999,1,0,1039,0,ilp_v4,optimal,1,158.516354,75.896971,2.088573,0.3848,0.0,
u_mand_factor\set39\u_mand_factor_0.3.py,u_mand_factor,39,u_mand_factor,0.3,2,8,5,0.3,0.5,0.7,0.6,0.6,0.7,83.719985,80,36,55.199994,119.599978,25.679997,1,1,1039,0,ilp_v4,optimal,1,137.063363,83.656596,1.638405,0.4018,0.0,
u_mand_factor\set39\u_mand_factor_0.4.py,u_mand_factor,39,u_mand_factor,0.4,2,8,5,0.4,0.5,0.7,0.6,0.8,0.6,90.160008,80,36,73.60001,128.800012,34.240005,1,1,1039,0,ilp_v4,optimal,1,118.993462,89.580481,1.328341,0.4758,0.0,
u_mand_factor\set39\u_mand_factor_0.5.py,u_mand_factor,39,u_mand_factor,0.5,2,8,5,0.5,0.5,0.7,0.6,1.0,0.5,96.599998,80,36,91.999989,137.999997,42.799995,1,1,1039,0,ilp_v4,optimal,1,102.258913,96.549013,1.05914,0.6204,0.0,
u_mand_factor\set39\u_mand_factor_0.6.py,u_mand_factor,39,u_mand_factor,0.6,2,8,5,0.6,0.5,0.7,0.6,1.2,0.4,103.039987,80,36,110.400003,147.199982,51.360002,1,1,1039,0,ilp_v4,optimal,1,80.12041,103.032576,0.777622,3.2681,0.0,
u_mand_factor\set39\u_mand_factor_0.7.py,u_mand_factor,39,u_mand_factor,0.7,2,8,5,0.7,0.5,0.7,0.6,1.4,0.3,109.479993,80,36,128.799995,156.39999,59.919998,1,1,1039,0,ilp_v4,optimal,1,52.272989,109.479894,0.477467,10.088,8.3e-05,
u_mand_factor\set39\u_mand_factor_0.8.py,u_mand_factor,39,u_mand_factor,0.8,2,8,5,0.8,0.5,0.7,0.6,1.6,0.2,115.920002,80,36,147.200001,165.600003,68.480001,1,1,1039,0,ilp_v4,optimal,1,15.242573,115.918316,0.131494,6.084,0.0,
u_mand_factor\set39\u_mand_factor_0.9.py,u_mand_factor,39,u_mand_factor,0.9,2,8,5,0.9,0.5,0.7,0.6,1.8,0.1,122.359989,80,36,165.599998,174.799984,77.039999,1,1,1039,0,ilp_v4,infeasible,0,,,,0.1186,,
u_mand_factor\set40\u_mand_factor_0.1.py,u_mand_factor,40,u_mand_factor,0.1,2,8,5,0.1,0.5,0.7,0.6,0.2,0.9,70.840006,80,29,18.400001,101.200008,8.560001,1,0,1040,0,ilp_v4,optimal,1,233.195176,68.138898,3.42235,0.2422,0.0,
u_mand_factor\set40\u_mand_factor_0.2.py,u_mand_factor,40,u_mand_factor,0.2,2,8,5,0.2,0.5,0.7,0.6,0.4,0.8,77.279999,80,29,36.799998,110.399999,17.119999,1,0,1040,0,ilp_v4,optimal,1,187.732138,76.702953,2.447522,0.2757,0.0,
u_mand_factor\set40\u_mand_factor_0.3.py,u_mand_factor,40,u_mand_factor,0.3,2,8,5,0.3,0.5,0.7,0.6,0.6,0.7,83.719988,80,29,55.199999,119.599983,25.679999,1,1,1040,0,ilp_v4,optimal,1,171.897114,82.132682,2.09292,0.471,0.0,
u_mand_factor\set40\u_mand_factor_0.4.py,u_mand_factor,40,u_mand_factor,0.4,2,8,5,0.4,0.5,0.7,0.6,0.8,0.6,90.159997,80,29,73.600002,128.799995,34.240001,1,1,1040,0,ilp_v4,optimal,1,156.478133,88.819218,1.76176,0.4814,0.0,
u_mand_factor\set40\u_mand_factor_0.5.py,u_mand_factor,40,u_mand_factor,0.5,2,8,5,0.5,0.5,0.7,0.6,1.0,0.5,96.599994,80,29,92.000003,137.999991,42.800002,1,1,1040,0,ilp_v4,optimal,1,136.535976,96.583318,1.41366,5.187,8.8e-05,
u_mand_factor\set40\u_mand_factor_0.6.py,u_mand_factor,40,u_mand_factor,0.6,2,8,5,0.6,0.5,0.7,0.6,1.2,0.4,103.040006,80,29,110.4,147.200009,51.36,1,1,1040,0,ilp_v4,optimal,1,105.303037,103.038853,1.021974,1.0343,7.5e-05,
u_mand_factor\set40\u_mand_factor_0.7.py,u_mand_factor,40,u_mand_factor,0.7,2,8,5,0.7,0.5,0.7,0.6,1.4,0.3,109.480005,80,29,128.800001,156.400007,59.920001,1,1,1040,0,ilp_v4,optimal,1,64.408042,109.478369,0.588318,1.8325,7.7e-05,
u_mand_factor\set40\u_mand_factor_0.8.py,u_mand_factor,40,u_mand_factor,0.8,2,8,5,0.8,0.5,0.7,0.6,1.6,0.2,115.919998,80,29,147.2,165.599998,68.48,1,1,1040,0,ilp_v4,infeasible,0,,,,0.1114,,
u_mand_factor\set40\u_mand_factor_0.9.py,u_mand_factor,40,u_mand_factor,0.9,2,8,5,0.9,0.5,0.7,0.6,1.8,0.1,122.359997,80,29,165.599999,174.799995,77.039999,1,1,1040,0,ilp_v4,infeasible,0,,,,0.0974,,
u_mand_factor\set41\u_mand_factor_0.1.py,u_mand_factor,41,u_mand_factor,0.1,2,8,5,0.1,0.5,0.7,0.6,0.2,0.9,70.840001,80,36,18.399998,101.200001,8.559999,1,0,1041,0,ilp_v4,optimal,1,186.923074,67.231503,2.78029,0.4145,0.0,
u_mand_factor\set41\u_mand_factor_0.2.py,u_mand_factor,41,u_mand_factor,0.2,2,8,5,0.2,0.5,0.7,0.6,0.4,0.8,77.28,80,36,36.799999,110.4,17.119999,1,0,1041,0,ilp_v4,optimal,1,211.843716,76.375049,2.773729,0.3891,0.0,
u_mand_factor\set41\u_mand_factor_0.3.py,u_mand_factor,41,u_mand_factor,0.3,2,8,5,0.3,0.5,0.7,0.6,0.6,0.7,83.720002,80,36,55.199997,119.600002,25.679998,1,1,1041,0,ilp_v4,optimal,1,165.52927,81.793388,2.023749,0.4519,0.0,
u_mand_factor\set41\u_mand_factor_0.4.py,u_mand_factor,41,u_mand_factor,0.4,2,8,5,0.4,0.5,0.7,0.6,0.8,0.6,90.16001,80,36,73.600013,128.800015,34.240006,1,1,1041,0,ilp_v4,optimal,1,127.607793,90.060783,1.416907,0.9228,0.0,
u_mand_factor\set41\u_mand_factor_0.5.py,u_mand_factor,41,u_mand_factor,0.5,2,8,5,0.5,0.5,0.7,0.6,1.0,0.5,96.599981,80,36,91.999995,137.999974,42.799998,1,1,1041,0,ilp_v4,optimal,1,94.601552,96.509179,0.980234,4.0505,8.3e-05,
u_mand_factor\set41\u_mand_factor_0.6.py,u_mand_factor,41,u_mand_factor,0.6,2,8,5,0.6,0.5,0.7,0.6,1.2,0.4,103.040006,80,36,110.399999,147.200009,51.359999,1,1,1041,0,ilp_v4,optimal,1,67.154852,103.005167,0.651956,5.408,1.7e-05,
u_mand_factor\set41\u_mand_factor_0.7.py,u_mand_factor,41,u_mand_factor,0.7,2,8,5,0.7,0.5,0.7,0.6,1.4,0.3,109.479998,80,36,128.800006,156.399998,59.920003,1,1,1041,0,ilp_v4,optimal,1,36.686522,109.469748,0.335129,4.8678,0.0,
u_mand_factor\set41\u_mand_factor_0.8.py,u_mand_factor,41,u_mand_factor,0.8,2,8,5,0.8,0.5,0.7,0.6,1.6,0.2,115.919994,80,36,147.199997,165.599992,68.479998,1,1,1041,0,ilp_v4,infeasible,0,,,,0.1145,,
u_mand_factor\set41\u_mand_factor_0.9.py,u_mand_factor,41,u_mand_factor,0.9,2,8,5,0.9,0.5,0.7,0.6,1.8,0.1,122.359986,80,36,165.599992,174.79998,77.039996,1,1,1041,0,ilp_v4,infeasible,0,,,,0.2178,,
u_mand_factor\set42\u_mand_factor_0.1.py,u_mand_factor,42,u_mand_factor,0.1,2,8,5,0.1,0.5,0.7,0.6,0.2,0.9,70.839998,80,23,18.399998,101.199998,8.559999,1,0,1042,0,ilp_v4,optimal,1,192.798824,69.435519,2.77666,0.1092,0.0,
u_mand_factor\set42\u_mand_factor_0.2.py,u_mand_factor,42,u_mand_factor,0.2,2,8,5,0.2,0.5,0.7,0.6,0.4,0.8,77.279996,80,23,36.799994,110.399994,17.119997,1,0,1042,0,ilp_v4,optimal,1,179.01545,73.158856,2.446942,0.1397,0.0,
u_mand_factor\set42\u_mand_factor_0.3.py,u_mand_factor,42,u_mand_factor,0.3,2,8,5,0.3,0.5,0.7,0.6,0.6,0.7,83.72,80,23,55.200001,119.6,25.680001,1,1,1042,0,ilp_v4,optimal,1,155.286117,83.50101,1.859691,0.161,0.0,
u_mand_factor\set42\u_mand_factor_0.4.py,u_mand_factor,42,u_mand_factor,0.4,2,8,5,0.4,0.5,0.7,0.6,0.8,0.6,90.160005,80,23,73.600001,128.800007,34.240001,1,1,1042,0,ilp_v4,optimal,1,127.974341,89.989702,1.4221,0.427,0.0,
u_mand_factor\set42\u_mand_factor_0.5.py,u_mand_factor,42,u_mand_factor,0.5,2,8,5,0.5,0.5,0.7,0.6,1.0,0.5,96.600004,80,23,92.000002,138.000006,42.800001,1,1,1042,0,ilp_v4,optimal,1,97.296787,96.557635,1.007655,0.5084,0.0,
u_mand_factor\set42\u_mand_factor_0.6.py,u_mand_factor,42,u_mand_factor,0.6,2,8,5,0.6,0.5,0.7,0.6,1.2,0.4,103.039993,80,23,110.399995,147.19999,51.359998,1,1,1042,0,ilp_v4,optimal,1,63.479406,103.032414,0.616111,0.6742,0.0,
u_mand_factor\set42\u_mand_factor_0.7.py,u_mand_factor,42,u_mand_factor,0.7,2,8,5,0.7,0.5,0.7,0.6,1.4,0.3,109.480001,80,23,128.800006,156.400001,59.920003,1,1,1042,0,ilp_v4,optimal,1,25.986795,109.474747,0.237377,1.386,0.0,
u_mand_factor\set42\u_mand_factor_0.8.py,u_mand_factor,42,u_mand_factor,0.8,2,8,5,0.8,0.5,0.7,0.6,1.6,0.2,115.92001,80,23,147.200003,165.600015,68.480002,1,1,1042,0,ilp_v4,infeasible,0,,,,0.0599,,
u_mand_factor\set42\u_mand_factor_0.9.py,u_mand_factor,42,u_mand_factor,0.9,2,8,5,0.9,0.5,0.7,0.6,1.8,0.1,122.359998,80,23,165.599995,174.799998,77.039998,1,1,1042,0,ilp_v4,infeasible,0,,,,0.0488,,
u_mand_factor\set43\u_mand_factor_0.1.py,u_mand_factor,43,u_mand_factor,0.1,2,8,5,0.1,0.5,0.7,0.6,0.2,0.9,70.839994,80,31,18.399998,101.199992,8.573332,1,0,1043,0,ilp_v4,optimal,1,185.061278,67.075223,2.759011,0.2231,0.0,
u_mand_factor\set43\u_mand_factor_0.2.py,u_mand_factor,43,u_mand_factor,0.2,2,8,5,0.2,0.5,0.7,0.6,0.4,0.8,77.279995,80,31,36.799997,110.399993,17.146665,1,0,1043,0,ilp_v4,optimal,1,180.925488,76.288777,2.371587,0.2201,0.0,
u_mand_factor\set43\u_mand_factor_0.3.py,u_mand_factor,43,u_mand_factor,0.3,2,8,5,0.3,0.5,0.7,0.6,0.6,0.7,83.720002,80,31,55.199997,119.600003,25.719998,1,1,1043,0,ilp_v4,optimal,1,152.705211,83.057263,1.838553,0.2343,0.0,
u_mand_factor\set43\u_mand_factor_0.4.py,u_mand_factor,43,u_mand_factor,0.4,2,8,5,0.4,0.5,0.7,0.6,0.8,0.6,90.160005,80,31,73.600008,128.800007,34.293337,1,1,1043,0,ilp_v4,optimal,1,131.413263,88.480268,1.485227,0.2479,0.0,
u_mand_factor\set43\u_mand_factor_0.5.py,u_mand_factor,43,u_mand_factor,0.5,2,8,5,0.5,0.5,0.7,0.6,1.0,0.5,96.599996,80,31,91.999994,137.999994,42.866664,1,1,1043,0,ilp_v4,optimal,1,104.317124,96.591215,1.079986,0.6436,0.0,
u_mand_factor\set43\u_mand_factor_0.6.py,u_mand_factor,43,u_mand_factor,0.6,2,8,5,0.6,0.5,0.7,0.6,1.2,0.4,103.04,80,31,110.400002,147.2,51.440001,1,1,1043,0,ilp_v4,optimal,1,75.300843,103.023413,0.73091,12.4335,9.5e-05,
u_mand_factor\set43\u_mand_factor_0.7.py,u_mand_factor,43,u_mand_factor,0.7,2,8,5,0.7,0.5,0.7,0.6,1.4,0.3,109.479994,80,31,128.8,156.399992,60.013333,1,1,1043,0,ilp_v4,optimal,1,46.831839,109.467468,0.427815,2.0885,0.0,
u_mand_factor\set43\u_mand_factor_0.8.py,u_mand_factor,43,u_mand_factor,0.8,2,8,5,0.8,0.5,0.7,0.6,1.6,0.2,115.920007,80,31,147.199998,165.60001,68.586666,1,1,1043,0,ilp_v4,optimal,1,9.959701,115.887601,0.085943,1.4226,0.0,
u_mand_factor\set43\u_mand_factor_0.9.py,u_mand_factor,43,u_mand_factor,0.9,2,8,5,0.9,0.5,0.7,0.6,1.8,0.1,122.359985,80,31,165.599992,174.799978,77.159996,1,1,1043,0,ilp_v4,infeasible,0,,,,0.1197,,
u_mand_factor\set44\u_mand_factor_0.1.py,u_mand_factor,44,u_mand_factor,0.1,2,8,5,0.1,0.5,0.7,0.6,0.2,0.9,70.83999,80,31,18.399995,101.199986,8.573331,1,0,1044,0,ilp_v4,optimal,1,187.681725,68.067396,2.757293,0.2206,0.0,
u_mand_factor\set44\u_mand_factor_0.2.py,u_mand_factor,44,u_mand_factor,0.2,2,8,5,0.2,0.5,0.7,0.6,0.4,0.8,77.280004,80,31,36.799998,110.400006,17.146666,1,0,1044,0,ilp_v4,optimal,1,167.765266,69.745193,2.405403,0.1999,0.0,
u_mand_factor\set44\u_mand_factor_0.3.py,u_mand_factor,44,u_mand_factor,0.3,2,8,5,0.3,0.5,0.7,0.6,0.6,0.7,83.720001,80,31,55.199999,119.600001,25.719999,1,1,1044,0,ilp_v4,optimal,1,144.267379,83.140422,1.735225,0.2335,0.0,
u_mand_factor\set44\u_mand_factor_0.4.py,u_mand_factor,44,u_mand_factor,0.4,2,8,5,0.4,0.5,0.7,0.6,0.8,0.6,90.160005,80,31,73.600001,128.800007,34.293334,1,1,1044,0,ilp_v4,optimal,1,124.716862,89.746714,1.389654,0.2588,0.0,
u_mand_factor\set44\u_mand_factor_0.5.py,u_mand_factor,44,u_mand_factor,0.5,2,8,5,0.5,0.5,0.7,0.6,1.0,0.5,96.599997,80,31,92.000001,137.999995,42.866667,1,1,1044,0,ilp_v4,optimal,1,105.191854,96.381424,1.091412,0.6756,0.0,
u_mand_factor\set44\u_mand_factor_0.6.py,u_mand_factor,44,u_mand_factor,0.6,2,8,5,0.6,0.5,0.7,0.6,1.2,0.4,103.039993,80,31,110.399997,147.19999,51.439998,1,1,1044,0,ilp_v4,optimal,1,81.420739,103.017954,0.790355,1.5634,0.0,
u_mand_factor\set44\u_mand_factor_0.7.py,u_mand_factor,44,u_mand_factor,0.7,2,8,5,0.7,0.5,0.7,0.6,1.4,0.3,109.480002,80,31,128.800005,156.400002,60.013335,1,1,1044,0,ilp_v4,optimal,1,53.761173,109.390708,0.49146,2.9827,0.0,
u_mand_factor\set44\u_mand_factor_0.8.py,u_mand_factor,44,u_mand_factor,0.8,2,8,5,0.8,0.5,0.7,0.6,1.6,0.2,115.920007,80,31,147.200002,165.60001,68.586668,1,1,1044,0,ilp_v4,optimal,1,17.417418,115.89493,0.150286,1.3158,0.0,
u_mand_factor\set44\u_mand_factor_0.9.py,u_mand_factor,44,u_mand_factor,0.9,2,8,5,0.9,0.5,0.7,0.6,1.8,0.1,122.359986,80,31,165.599993,174.79998,77.159997,1,1,1044,0,ilp_v4,infeasible,0,,,,0.104,,
u_mand_factor\set45\u_mand_factor_0.1.py,u_mand_factor,45,u_mand_factor,0.1,2,8,5,0.1,0.5,0.7,0.6,0.2,0.9,70.840004,80,26,18.400002,101.200006,9.440001,1,0,1045,0,ilp_v4,optimal,1,261.374721,70.733306,3.695214,0.2631,0.0,
u_mand_factor\set45\u_mand_factor_0.2.py,u_mand_factor,45,u_mand_factor,0.2,2,8,5,0.2,0.5,0.7,0.6,0.4,0.8,77.279994,80,26,36.799999,110.399992,18.879999,1,0,1045,0,ilp_v4,optimal,1,251.561175,76.994086,3.267279,0.1972,0.0,
u_mand_factor\set45\u_mand_factor_0.3.py,u_mand_factor,45,u_mand_factor,0.3,2,8,5,0.3,0.5,0.7,0.6,0.6,0.7,83.720004,80,26,55.200002,119.600006,28.320001,1,1,1045,0,ilp_v4,optimal,1,214.622896,83.546122,2.568915,0.5078,0.0,
u_mand_factor\set45\u_mand_factor_0.4.py,u_mand_factor,45,u_mand_factor,0.4,2,8,5,0.4,0.5,0.7,0.6,0.8,0.6,90.159996,80,26,73.599994,128.799994,37.759997,1,1,1045,0,ilp_v4,optimal,1,179.201604,90.144434,1.987939,0.3827,2.1e-05,
u_mand_factor\set45\u_mand_factor_0.5.py,u_mand_factor,45,u_mand_factor,0.5,2,8,5,0.5,0.5,0.7,0.6,1.0,0.5,96.600001,80,26,92.000005,138.000001,47.200002,1,1,1045,0,ilp_v4,optimal,1,138.351114,96.56512,1.432723,0.3371,0.0,
u_mand_factor\set45\u_mand_factor_0.6.py,u_mand_factor,45,u_mand_factor,0.6,2,8,5,0.6,0.5,0.7,0.6,1.2,0.4,103.039999,80,26,110.400002,147.199999,56.640001,1,1,1045,0,ilp_v4,optimal,1,109.253148,103.019862,1.060506,0.7447,2.4e-05,
u_mand_factor\set45\u_mand_factor_0.7.py,u_mand_factor,45,u_mand_factor,0.7,2,8,5,0.7,0.5,0.7,0.6,1.4,0.3,109.479998,80,26,128.799995,156.399997,66.079998,1,1,1045,0,ilp_v4,optimal,1,68.937546,109.452655,0.629839,1.5312,0.0,
u_mand_factor\set45\u_mand_factor_0.8.py,u_mand_factor,45,u_mand_factor,0.8,2,8,5,0.8,0.5,0.7,0.6,1.6,0.2,115.919995,80,26,147.199995,165.599993,75.519998,1,1,1045,0,ilp_v4,infeasible,0,,,,0.1136,,
u_mand_factor\set45\u_mand_factor_0.9.py,u_mand_factor,45,u_mand_factor,0.9,2,8,5,0.9,0.5,0.7,0.6,1.8,0.1,122.360002,80,26,165.600003,174.800003,84.960002,1,1,1045,0,ilp_v4,infeasible,0,,,,0.0678,,
u_mand_factor\set46\u_mand_factor_0.1.py,u_mand_factor,46,u_mand_factor,0.1,2,8,5,0.1,0.5,0.7,0.6,0.2,0.9,70.840001,80,33,18.399997,101.200001,8.817141,1,0,1046,0,ilp_v4,optimal,1,200.663491,68.18595,2.942886,0.2575,0.0,
u_mand_factor\set46\u_mand_factor_0.2.py,u_mand_factor,46,u_mand_factor,0.2,2,8,5,0.2,0.5,0.7,0.6,0.4,0.8,77.280004,80,33,36.800002,110.400006,17.634287,1,0,1046,0,ilp_v4,optimal,1,158.299973,76.749691,2.062549,0.2813,0.0,
u_mand_factor\set46\u_mand_factor_0.3.py,u_mand_factor,46,u_mand_factor,0.3,2,8,5,0.3,0.5,0.7,0.6,0.6,0.7,83.72,80,33,55.199999,119.6,26.451428,1,1,1046,0,ilp_v4,optimal,1,144.034803,80.505539,1.789129,0.2511,0.0,
u_mand_factor\set46\u_mand_factor_0.4.py,u_mand_factor,46,u_mand_factor,0.4,2,8,5,0.4,0.5,0.7,0.6,0.8,0.6,90.160002,80,33,73.599993,128.800002,35.268568,1,1,1046,0,ilp_v4,optimal,1,129.94566,89.88398,1.445704,0.3221,0.0,
u_mand_factor\set46\u_mand_factor_0.5.py,u_mand_factor,46,u_mand_factor,0.5,2,8,5,0.5,0.5,0.7,0.6,1.0,0.5,96.600004,80,33,92.0,138.000006,44.085714,1,1,1046,0,ilp_v4,optimal,1,110.719994,96.542673,1.14685,0.711,0.0,
u_mand_factor\set46\u_mand_factor_0.6.py,u_mand_factor,46,u_mand_factor,0.6,2,8,5,0.6,0.5,0.7,0.6,1.2,0.4,103.040002,80,33,110.400001,147.200002,52.902858,1,1,1046,0,ilp_v4,optimal,1,84.88644,102.975765,0.824334,1.255,0.0,
u_mand_factor\set46\u_mand_factor_0.7.py,u_mand_factor,46,u_mand_factor,0.7,2,8,5,0.7,0.5,0.7,0.6,1.4,0.3,109.479999,80,33,128.799998,156.399999,61.719999,1,1,1046,0,ilp_v4,optimal,1,54.801602,109.466284,0.500625,1.8524,0.0,
u_mand_factor\set46\u_mand_factor_0.8.py,u_mand_factor,46,u_mand_factor,0.8,2,8,5,0.8,0.5,0.7,0.6,1.6,0.2,115.919998,80,33,147.200006,165.599998,70.537146,1,1,1046,0,ilp_v4,infeasible,0,,,,0.137,,
u_mand_factor\set46\u_mand_factor_0.9.py,u_mand_factor,46,u_mand_factor,0.9,2,8,5,0.9,0.5,0.7,0.6,1.8,0.1,122.360007,80,33,165.600002,174.80001,79.354287,1,1,1046,0,ilp_v4,infeasible,0,,,,0.1063,,
u_mand_factor\set47\u_mand_factor_0.1.py,u_mand_factor,47,u_mand_factor,0.1,2,8,5,0.1,0.5,0.7,0.6,0.2,0.9,70.840002,80,26,18.4,101.200003,8.8,1,0,1047,0,ilp_v4,optimal,1,221.647611,57.664039,3.843775,0.1157,0.0,
u_mand_factor\set47\u_mand_factor_0.2.py,u_mand_factor,47,u_mand_factor,0.2,2,8,5,0.2,0.5,0.7,0.6,0.4,0.8,77.280004,80,26,36.8,110.400006,17.6,1,0,1047,0,ilp_v4,optimal,1,175.38656,76.804769,2.283537,0.1308,0.0,
u_mand_factor\set47\u_mand_factor_0.3.py,u_mand_factor,47,u_mand_factor,0.3,2,8,5,0.3,0.5,0.7,0.6,0.6,0.7,83.720002,80,26,55.200005,119.600003,26.400002,1,1,1047,0,ilp_v4,optimal,1,161.446094,81.066791,1.991519,0.2413,0.0,
u_mand_factor\set47\u_mand_factor_0.4.py,u_mand_factor,47,u_mand_factor,0.4,2,8,5,0.4,0.5,0.7,0.6,0.8,0.6,90.160004,80,26,73.6,128.800006,35.2,1,1,1047,0,ilp_v4,optimal,1,139.87818,89.668177,1.559953,0.402,0.0,
u_mand_factor\set47\u_mand_factor_0.5.py,u_mand_factor,47,u_mand_factor,0.5,2,8,5,0.5,0.5,0.7,0.6,1.0,0.5,96.600003,80,26,92.000005,138.000005,44.000002,1,1,1047,0,ilp_v4,optimal,1,114.586125,96.596258,1.186238,1.4696,0.0,
u_mand_factor\set47\u_mand_factor_0.6.py,u_mand_factor,47,u_mand_factor,0.6,2,8,5,0.6,0.5,0.7,0.6,1.2,0.4,103.040005,80,26,110.4,147.200007,52.8,1,1,1047,0,ilp_v4,optimal,1,84.72775,102.986137,0.82271,0.6446,0.0,
u_mand_factor\set47\u_mand_factor_0.7.py,u_mand_factor,47,u_mand_factor,0.7,2,8,5,0.7,0.5,0.7,0.6,1.4,0.3,109.479994,80,26,128.799994,156.399991,61.599997,1,1,1047,0,ilp_v4,optimal,1,49.001154,109.476205,0.447596,1.1708,0.0,
u_mand_factor\set47\u_mand_factor_0.8.py,u_mand_factor,47,u_mand_factor,0.8,2,8,5,0.8,0.5,0.7,0.6,1.6,0.2,115.92,80,26,147.199999,165.6,70.399999,1,1,1047,0,ilp_v4,infeasible,0,,,,0.0619,,
u_mand_factor\set47\u_mand_factor_0.9.py,u_mand_factor,47,u_mand_factor,0.9,2,8,5,0.9,0.5,0.7,0.6,1.8,0.1,122.360006,80,26,165.6,174.800008,79.2,1,1,1047,0,ilp_v4,infeasible,0,,,,0.0319,,
u_mand_factor\set48\u_mand_factor_0.1.py,u_mand_factor,48,u_mand_factor,0.1,2,8,5,0.1,0.5,0.7,0.6,0.2,0.9,70.840008,80,30,18.400005,101.200011,8.560002,1,0,1048,0,ilp_v4,optimal,1,240.946678,66.513877,3.622502,0.2858,0.0,
u_mand_factor\set48\u_mand_factor_0.2.py,u_mand_factor,48,u_mand_factor,0.2,2,8,5,0.2,0.5,0.7,0.6,0.4,0.8,77.27999,80,30,36.799992,110.399985,17.119996,1,0,1048,0,ilp_v4,optimal,1,166.167921,76.616379,2.16883,0.5272,0.0,
u_mand_factor\set48\u_mand_factor_0.3.py,u_mand_factor,48,u_mand_factor,0.3,2,8,5,0.3,0.5,0.7,0.6,0.6,0.7,83.719994,80,30,55.199992,119.599991,25.679996,1,1,1048,0,ilp_v4,optimal,1,154.802231,83.678703,1.84996,1.6844,0.0,
u_mand_factor\set48\u_mand_factor_0.4.py,u_mand_factor,48,u_mand_factor,0.4,2,8,5,0.4,0.5,0.7,0.6,0.8,0.6,90.159987,80,30,73.599993,128.799982,34.239997,1,1,1048,0,ilp_v4,optimal,1,139.727526,90.152342,1.549905,0.9653,0.0,
u_mand_factor\set48\u_mand_factor_0.5.py,u_mand_factor,48,u_mand_factor,0.5,2,8,5,0.5,0.5,0.7,0.6,1.0,0.5,96.600007,80,30,92.000009,138.00001,42.800004,1,1,1048,0,ilp_v4,optimal,1,120.65287,96.576691,1.249296,3.9153,0.0,
u_mand_factor\set48\u_mand_factor_0.6.py,u_mand_factor,48,u_mand_factor,0.6,2,8,5,0.6,0.5,0.7,0.6,1.2,0.4,103.039998,80,30,110.399999,147.199998,51.359999,1,1,1048,0,ilp_v4,optimal,1,69.622884,103.037219,0.675706,2.7312,0.0,
u_mand_factor\set48\u_mand_factor_0.7.py,u_mand_factor,48,u_mand_factor,0.7,2,8,5,0.7,0.5,0.7,0.6,1.4,0.3,109.479998,80,30,128.800001,156.399998,59.920001,1,1,1048,0,ilp_v4,optimal,1,22.509661,109.453326,0.205655,2.0099,0.0,
u_mand_factor\set48\u_mand_factor_0.8.py,u_mand_factor,48,u_mand_factor,0.8,2,8,5,0.8,0.5,0.7,0.6,1.6,0.2,115.919996,80,30,147.200006,165.599994,68.480003,1,1,1048,0,ilp_v4,infeasible,0,,,,0.1302,,
u_mand_factor\set48\u_mand_factor_0.9.py,u_mand_factor,48,u_mand_factor,0.9,2,8,5,0.9,0.5,0.7,0.6,1.8,0.1,122.360005,80,30,165.600001,174.800007,77.040001,1,1,1048,0,ilp_v4,infeasible,0,,,,0.139,,
u_mand_factor\set49\u_mand_factor_0.1.py,u_mand_factor,49,u_mand_factor,0.1,2,8,5,0.1,0.5,0.7,0.6,0.2,0.9,70.840009,80,24,18.4,101.200013,9.44,1,0,1049,0,ilp_v4,optimal,1,229.688822,67.152647,3.420399,0.1506,0.0,
u_mand_factor\set49\u_mand_factor_0.2.py,u_mand_factor,49,u_mand_factor,0.2,2,8,5,0.2,0.5,0.7,0.6,0.4,0.8,77.279992,80,24,36.799994,110.399988,18.879997,1,0,1049,0,ilp_v4,optimal,1,274.403931,75.793757,3.620403,0.1539,0.0,
u_mand_factor\set49\u_mand_factor_0.3.py,u_mand_factor,49,u_mand_factor,0.3,2,8,5,0.3,0.5,0.7,0.6,0.6,0.7,83.719994,80,24,55.199994,119.599992,28.319997,1,1,1049,0,ilp_v4,optimal,1,240.426565,81.559508,2.947867,0.1453,0.0,
u_mand_factor\set49\u_mand_factor_0.4.py,u_mand_factor,49,u_mand_factor,0.4,2,8,5,0.4,0.5,0.7,0.6,0.8,0.6,90.159998,80,24,73.600005,128.799998,37.760002,1,1,1049,0,ilp_v4,optimal,1,205.516036,89.719626,2.290647,0.4464,0.0,
u_mand_factor\set49\u_mand_factor_0.5.py,u_mand_factor,49,u_mand_factor,0.5,2,8,5,0.5,0.5,0.7,0.6,1.0,0.5,96.600007,80,24,92.000007,138.00001,47.200004,1,1,1049,0,ilp_v4,optimal,1,171.176685,95.776995,1.787242,0.4769,0.0,
u_mand_factor\set49\u_mand_factor_0.6.py,u_mand_factor,49,u_mand_factor,0.6,2,8,5,0.6,0.5,0.7,0.6,1.2,0.4,103.039996,80,24,110.399998,147.199994,56.639999,1,1,1049,0,ilp_v4,optimal,1,124.604695,102.979314,1.209997,1.1794,0.0,
u_mand_factor\set49\u_mand_factor_0.7.py,u_mand_factor,49,u_mand_factor,0.7,2,8,5,0.7,0.5,0.7,0.6,1.4,0.3,109.479998,80,24,128.799999,156.399998,66.079999,1,1,1049,0,ilp_v4,optimal,1,69.822828,109.459945,0.637885,0.8379,0.0,
u_mand_factor\set49\u_mand_factor_0.8.py,u_mand_factor,49,u_mand_factor,0.8,2,8,5,0.8,0.5,0.7,0.6,1.6,0.2,115.920002,80,24,147.199998,165.600003,75.519999,1,1,1049,0,ilp_v4,infeasible,0,,,,0.0712,,
u_mand_factor\set49\u_mand_factor_0.9.py,u_mand_factor,49,u_mand_factor,0.9,2,8,5,0.9,0.5,0.7,0.6,1.8,0.1,122.35999,80,24,165.599995,174.799986,84.959998,1,1,1049,0,ilp_v4,infeasible,0,,,,0.0397,,
u_mand_factor\set50\u_mand_factor_0.1.py,u_mand_factor,50,u_mand_factor,0.1,2,8,5,0.1,0.5,0.7,0.6,0.2,0.9,70.84,80,36,18.400003,101.2,9.203638,1,0,1050,0,ilp_v4,optimal,1,159.150397,67.201728,2.368249,0.3388,0.0,
u_mand_factor\set50\u_mand_factor_0.2.py,u_mand_factor,50,u_mand_factor,0.2,2,8,5,0.2,0.5,0.7,0.6,0.4,0.8,77.279996,80,36,36.799999,110.399994,18.407272,1,0,1050,0,ilp_v4,optimal,1,138.199159,68.449909,2.018982,0.3705,0.0,
u_mand_factor\set50\u_mand_factor_0.3.py,u_mand_factor,50,u_mand_factor,0.3,2,8,5,0.3,0.5,0.7,0.6,0.6,0.7,83.719991,80,36,55.200003,119.599987,27.610911,1,1,1050,0,ilp_v4,optimal,1,114.410654,75.856128,1.508259,0.3845,0.0,
u_mand_factor\set50\u_mand_factor_0.4.py,u_mand_factor,50,u_mand_factor,0.4,2,8,5,0.4,0.5,0.7,0.6,0.8,0.6,90.159993,80,36,73.599997,128.79999,36.814544,1,1,1050,0,ilp_v4,optimal,1,102.191954,90.069639,1.134588,0.5153,0.0,
u_mand_factor\set50\u_mand_factor_0.5.py,u_mand_factor,50,u_mand_factor,0.5,2,8,5,0.5,0.5,0.7,0.6,1.0,0.5,96.599997,80,36,91.999998,137.999995,46.018181,1,1,1050,0,ilp_v4,optimal,1,88.221866,96.599042,0.913279,1.1975,0.0,
u_mand_factor\set50\u_mand_factor_0.6.py,u_mand_factor,50,u_mand_factor,0.6,2,8,5,0.6,0.5,0.7,0.6,1.2,0.4,103.039986,80,36,110.399999,147.19998,55.221818,1,1,1050,0,ilp_v4,optimal,1,65.38432,103.037167,0.63457,3.4799,8.6e-05,
u_mand_factor\set50\u_mand_factor_0.7.py,u_mand_factor,50,u_mand_factor,0.7,2,8,5,0.7,0.5,0.7,0.6,1.4,0.3,109.480008,80,36,128.800003,156.400012,64.425456,1,1,1050,0,ilp_v4,optimal,1,40.483356,109.479354,0.369781,13.3047,5.5e-05,
u_mand_factor\set50\u_mand_factor_0.8.py,u_mand_factor,50,u_mand_factor,0.8,2,8,5,0.8,0.5,0.7,0.6,1.6,0.2,115.920003,80,36,147.199992,165.600005,73.629087,1,1,1050,0,ilp_v4,optimal,1,10.368229,115.913649,0.089448,7.168,0.0,
u_mand_factor\set50\u_mand_factor_0.9.py,u_mand_factor,50,u_mand_factor,0.9,2,8,5,0.9,0.5,0.7,0.6,1.8,0.1,122.360006,80,36,165.599999,174.800008,82.832727,1,1,1050,0,ilp_v4,infeasible,0,,,,0.2587,,
u_mand_factor\set51\u_mand_factor_0.1.py,u_mand_factor,51,u_mand_factor,0.1,2,8,5,0.1,0.5,0.7,0.6,0.2,0.9,70.840004,80,34,18.399994,101.200006,8.799997,1,0,1051,0,ilp_v4,optimal,1,200.727747,63.552038,3.158479,0.239,0.0,
u_mand_factor\set51\u_mand_factor_0.2.py,u_mand_factor,51,u_mand_factor,0.2,2,8,5,0.2,0.5,0.7,0.6,0.4,0.8,77.279998,80,34,36.800003,110.399997,17.600002,1,0,1051,0,ilp_v4,optimal,1,188.507576,71.13284,2.650078,0.2575,0.0,
u_mand_factor\set51\u_mand_factor_0.3.py,u_mand_factor,51,u_mand_factor,0.3,2,8,5,0.3,0.5,0.7,0.6,0.6,0.7,83.719993,80,34,55.199995,119.59999,26.399998,1,1,1051,0,ilp_v4,optimal,1,165.955516,82.596389,2.009235,0.2991,0.0,
u_mand_factor\set51\u_mand_factor_0.4.py,u_mand_factor,51,u_mand_factor,0.4,2,8,5,0.4,0.5,0.7,0.6,0.8,0.6,90.159991,80,34,73.599991,128.799987,35.199996,1,1,1051,0,ilp_v4,optimal,1,138.415015,88.606212,1.562137,0.3725,0.0,
u_mand_factor\set51\u_mand_factor_0.5.py,u_mand_factor,51,u_mand_factor,0.5,2,8,5,0.5,0.5,0.7,0.6,1.0,0.5,96.599998,80,34,91.999988,137.999997,43.999994,1,1,1051,0,ilp_v4,optimal,1,107.803909,96.556796,1.116482,0.3914,0.0,
u_mand_factor\set51\u_mand_factor_0.6.py,u_mand_factor,51,u_mand_factor,0.6,2,8,5,0.6,0.5,0.7,0.6,1.2,0.4,103.039996,80,34,110.400003,147.199994,52.800002,1,1,1051,0,ilp_v4,optimal,1,77.913528,103.035194,0.756184,1.1639,0.0,
u_mand_factor\set51\u_mand_factor_0.7.py,u_mand_factor,51,u_mand_factor,0.7,2,8,5,0.7,0.5,0.7,0.6,1.4,0.3,109.479997,80,34,128.799994,156.399995,61.599997,1,1,1051,0,ilp_v4,optimal,1,48.394238,109.452674,0.442148,1.8863,0.0,
u_mand_factor\set51\u_mand_factor_0.8.py,u_mand_factor,51,u_mand_factor,0.8,2,8,5,0.8,0.5,0.7,0.6,1.6,0.2,115.920015,80,34,147.200005,165.600022,70.400002,1,1,1051,0,ilp_v4,infeasible,0,,,,0.1415,,
u_mand_factor\set51\u_mand_factor_0.9.py,u_mand_factor,51,u_mand_factor,0.9,2,8,5,0.9,0.5,0.7,0.6,1.8,0.1,122.360001,80,34,165.6,174.800001,79.2,1,1,1051,0,ilp_v4,infeasible,0,,,,0.113,,
u_mand_factor\set52\u_mand_factor_0.1.py,u_mand_factor,52,u_mand_factor,0.1,2,8,5,0.1,0.5,0.7,0.6,0.2,0.9,70.839998,80,23,18.399992,101.199997,8.559996,1,0,1052,0,ilp_v4,optimal,1,163.645431,70.289036,2.328179,0.2211,0.0,
u_mand_factor\set52\u_mand_factor_0.2.py,u_mand_factor,52,u_mand_factor,0.2,2,8,5,0.2,0.5,0.7,0.6,0.4,0.8,77.280002,80,23,36.800005,110.400003,17.120002,1,0,1052,0,ilp_v4,optimal,1,212.158907,77.046622,2.753643,0.1125,0.0,
u_mand_factor\set52\u_mand_factor_0.3.py,u_mand_factor,52,u_mand_factor,0.3,2,8,5,0.3,0.5,0.7,0.6,0.6,0.7,83.71999,80,23,55.199997,119.599986,25.679998,1,1,1052,0,ilp_v4,optimal,1,170.501459,83.299661,2.046845,0.1163,0.0,
u_mand_factor\set52\u_mand_factor_0.4.py,u_mand_factor,52,u_mand_factor,0.4,2,8,5,0.4,0.5,0.7,0.6,0.8,0.6,90.159998,80,23,73.600001,128.799998,34.240001,1,1,1052,0,ilp_v4,optimal,1,122.380882,89.934831,1.360773,0.24,0.0,
u_mand_factor\set52\u_mand_factor_0.5.py,u_mand_factor,52,u_mand_factor,0.5,2,8,5,0.5,0.5,0.7,0.6,1.0,0.5,96.600004,80,23,91.999998,138.000006,42.799999,1,1,1052,0,ilp_v4,optimal,1,89.145885,96.541804,0.923392,0.2933,0.0,
u_mand_factor\set52\u_mand_factor_0.6.py,u_mand_factor,52,u_mand_factor,0.6,2,8,5,0.6,0.5,0.7,0.6,1.2,0.4,103.039998,80,23,110.400002,147.199997,51.360001,1,1,1052,0,ilp_v4,optimal,1,56.25769,102.956613,0.546421,0.8776,0.0,
u_mand_factor\set52\u_mand_factor_0.7.py,u_mand_factor,52,u_mand_factor,0.7,2,8,5,0.7,0.5,0.7,0.6,1.4,0.3,109.480006,80,23,128.799998,156.400008,59.919999,1,1,1052,0,ilp_v4,optimal,1,42.101155,109.209018,0.38551,0.6489,0.0,
u_mand_factor\set52\u_mand_factor_0.8.py,u_mand_factor,52,u_mand_factor,0.8,2,8,5,0.8,0.5,0.7,0.6,1.6,0.2,115.920002,80,23,147.200001,165.600003,68.480001,1,1,1052,0,ilp_v4,infeasible,0,,,,0.045,,
u_mand_factor\set52\u_mand_factor_0.9.py,u_mand_factor,52,u_mand_factor,0.9,2,8,5,0.9,0.5,0.7,0.6,1.8,0.1,122.359996,80,23,165.6,174.799994,77.04,1,1,1052,0,ilp_v4,infeasible,0,,,,0.0545,,
u_mand_factor\set53\u_mand_factor_0.1.py,u_mand_factor,53,u_mand_factor,0.1,2,8,5,0.1,0.5,0.7,0.6,0.2,0.9,70.840006,80,24,18.400008,101.200008,9.20364,1,0,1053,0,ilp_v4,optimal,1,253.949948,63.194366,4.018554,0.1428,0.0,
u_mand_factor\set53\u_mand_factor_0.2.py,u_mand_factor,53,u_mand_factor,0.2,2,8,5,0.2,0.5,0.7,0.6,0.4,0.8,77.279998,80,24,36.799998,110.399998,18.407272,1,0,1053,0,ilp_v4,optimal,1,179.670058,75.819937,2.369694,0.1916,0.0,
u_mand_factor\set53\u_mand_factor_0.3.py,u_mand_factor,53,u_mand_factor,0.3,2,8,5,0.3,0.5,0.7,0.6,0.6,0.7,83.719999,80,24,55.2,119.599999,27.610909,1,1,1053,0,ilp_v4,optimal,1,161.670095,80.203576,2.015747,0.2202,0.0,
u_mand_factor\set53\u_mand_factor_0.4.py,u_mand_factor,53,u_mand_factor,0.4,2,8,5,0.4,0.5,0.7,0.6,0.8,0.6,90.160002,80,24,73.600001,128.800002,36.814546,1,1,1053,0,ilp_v4,optimal,1,144.110259,90.063924,1.600089,0.1469,0.0,
u_mand_factor\set53\u_mand_factor_0.5.py,u_mand_factor,53,u_mand_factor,0.5,2,8,5,0.5,0.5,0.7,0.6,1.0,0.5,96.6,80,24,91.999998,138.0,46.018181,1,1,1053,0,ilp_v4,optimal,1,123.868984,96.49516,1.283681,0.4835,0.0,
u_mand_factor\set53\u_mand_factor_0.6.py,u_mand_factor,53,u_mand_factor,0.6,2,8,5,0.6,0.5,0.7,0.6,1.2,0.4,103.039995,80,24,110.399994,147.199993,55.221815,1,1,1053,0,ilp_v4,optimal,1,118.763709,103.026163,1.152753,0.6813,0.0,
u_mand_factor\set53\u_mand_factor_0.7.py,u_mand_factor,53,u_mand_factor,0.7,2,8,5,0.7,0.5,0.7,0.6,1.4,0.3,109.480006,80,24,128.800007,156.400009,64.425458,1,1,1053,0,ilp_v4,optimal,1,73.965626,109.477246,0.675626,1.8467,0.0001,
u_mand_factor\set53\u_mand_factor_0.8.py,u_mand_factor,53,u_mand_factor,0.8,2,8,5,0.8,0.5,0.7,0.6,1.6,0.2,115.919998,80,24,147.2,165.599997,73.629091,1,1,1053,0,ilp_v4,optimal,1,21.863331,115.915227,0.188615,6.7841,0.0,
u_mand_factor\set53\u_mand_factor_0.9.py,u_mand_factor,53,u_mand_factor,0.9,2,8,5,0.9,0.5,0.7,0.6,1.8,0.1,122.359995,80,24,165.599997,174.799993,82.832726,1,1,1053,0,ilp_v4,infeasible,0,,,,0.0789,,
u_mand_factor\set54\u_mand_factor_0.1.py,u_mand_factor,54,u_mand_factor,0.1,2,8,5,0.1,0.5,0.7,0.6,0.2,0.9,70.840002,80,24,18.399997,101.200002,8.817141,1,0,1054,0,ilp_v4,optimal,1,237.193782,69.735479,3.401336,0.1928,0.0,
u_mand_factor\set54\u_mand_factor_0.2.py,u_mand_factor,54,u_mand_factor,0.2,2,8,5,0.2,0.5,0.7,0.6,0.4,0.8,77.28001,80,24,36.800001,110.400014,17.634286,1,0,1054,0,ilp_v4,optimal,1,244.316143,73.501536,3.32396,0.1686,0.0,
u_mand_factor\set54\u_mand_factor_0.3.py,u_mand_factor,54,u_mand_factor,0.3,2,8,5,0.3,0.5,0.7,0.6,0.6,0.7,83.720001,80,24,55.200002,119.600001,26.45143,1,1,1054,0,ilp_v4,optimal,1,201.741681,83.26073,2.423011,0.1878,0.0,
u_mand_factor\set54\u_mand_factor_0.4.py,u_mand_factor,54,u_mand_factor,0.4,2,8,5,0.4,0.5,0.7,0.6,0.8,0.6,90.160002,80,24,73.599998,128.800003,35.26857,1,1,1054,0,ilp_v4,optimal,1,168.092933,89.793657,1.871991,0.2047,0.0,
u_mand_factor\set54\u_mand_factor_0.5.py,u_mand_factor,54,u_mand_factor,0.5,2,8,5,0.5,0.5,0.7,0.6,1.0,0.5,96.600008,80,24,92.000001,138.000011,44.085715,1,1,1054,0,ilp_v4,optimal,1,139.31799,96.387958,1.445388,0.4107,0.0,
u_mand_factor\set54\u_mand_factor_0.6.py,u_mand_factor,54,u_mand_factor,0.6,2,8,5,0.6,0.5,0.7,0.6,1.2,0.4,103.039996,80,24,110.4,147.199994,52.902857,1,1,1054,0,ilp_v4,optimal,1,104.06265,102.982476,1.010489,0.5237,9e-05,
u_mand_factor\set54\u_mand_factor_0.7.py,u_mand_factor,54,u_mand_factor,0.7,2,8,5,0.7,0.5,0.7,0.6,1.4,0.3,109.480002,80,24,128.800001,156.400003,61.720001,1,1,1054,0,ilp_v4,optimal,1,57.233323,109.470027,0.522822,5.3824,8e-05,
u_mand_factor\set54\u_mand_factor_0.8.py,u_mand_factor,54,u_mand_factor,0.8,2,8,5,0.8,0.5,0.7,0.6,1.6,0.2,115.920004,80,24,147.200001,165.600006,70.537143,1,1,1054,0,ilp_v4,optimal,1,11.244527,115.903033,0.097017,1.3996,0.0,
u_mand_factor\set54\u_mand_factor_0.9.py,u_mand_factor,54,u_mand_factor,0.9,2,8,5,0.9,0.5,0.7,0.6,1.8,0.1,122.360002,80,24,165.600002,174.800003,79.354287,1,1,1054,0,ilp_v4,infeasible,0,,,,0.0413,,
u_mand_factor\set55\u_mand_factor_0.1.py,u_mand_factor,55,u_mand_factor,0.1,2,8,5,0.1,0.5,0.7,0.6,0.2,0.9,70.84,80,19,18.399997,101.2,8.817141,1,0,1055,0,ilp_v4,optimal,1,245.348483,66.726919,3.676904,0.0663,0.0,
u_mand_factor\set55\u_mand_factor_0.2.py,u_mand_factor,55,u_mand_factor,0.2,2,8,5,0.2,0.5,0.7,0.6,0.4,0.8,77.279997,80,19,36.800001,110.399995,17.634286,1,0,1055,0,ilp_v4,optimal,1,228.546109,69.947127,3.267412,0.0638,0.0,
u_mand_factor\set55\u_mand_factor_0.3.py,u_mand_factor,55,u_mand_factor,0.3,2,8,5,0.3,0.5,0.7,0.6,0.6,0.7,83.719999,80,19,55.199999,119.599999,26.451428,1,1,1055,0,ilp_v4,optimal,1,195.170353,72.648503,2.686502,0.0669,0.0,
u_mand_factor\set55\u_mand_factor_0.4.py,u_mand_factor,55,u_mand_factor,0.4,2,8,5,0.4,0.5,0.7,0.6,0.8,0.6,90.159999,80,19,73.600003,128.799999,35.268573,1,1,1055,0,ilp_v4,optimal,1,159.793299,87.7093,1.821851,0.07,0.0,
u_mand_factor\set55\u_mand_factor_0.5.py,u_mand_factor,55,u_mand_factor,0.5,2,8,5,0.5,0.5,0.7,0.6,1.0,0.5,96.600003,80,19,92.0,138.000005,44.085714,1,1,1055,0,ilp_v4,optimal,1,128.248839,96.578275,1.327926,0.0611,0.0,
u_mand_factor\set55\u_mand_factor_0.6.py,u_mand_factor,55,u_mand_factor,0.6,2,8,5,0.6,0.5,0.7,0.6,1.2,0.4,103.039994,80,19,110.399997,147.199991,52.902855,1,1,1055,0,ilp_v4,optimal,1,95.697065,102.92779,0.92975,0.3737,0.0,
u_mand_factor\set55\u_mand_factor_0.7.py,u_mand_factor,55,u_mand_factor,0.7,2,8,5,0.7,0.5,0.7,0.6,1.4,0.3,109.479998,80,19,128.8,156.399997,61.72,1,1,1055,0,ilp_v4,optimal,1,56.571035,109.477805,0.516735,0.2759,0.0,
u_mand_factor\set55\u_mand_factor_0.8.py,u_mand_factor,55,u_mand_factor,0.8,2,8,5,0.8,0.5,0.7,0.6,1.6,0.2,115.919998,80,19,147.199997,165.599998,70.537141,1,1,1055,0,ilp_v4,optimal,1,13.272779,115.793584,0.114624,0.9273,0.0,
u_mand_factor\set55\u_mand_factor_0.9.py,u_mand_factor,55,u_mand_factor,0.9,2,8,5,0.9,0.5,0.7,0.6,1.8,0.1,122.360004,80,19,165.600003,174.800006,79.354287,1,1,1055,0,ilp_v4,infeasible,0,,,,0.0464,,
u_mand_factor\set56\u_mand_factor_0.1.py,u_mand_factor,56,u_mand_factor,0.1,2,8,5,0.1,0.5,0.7,0.6,0.2,0.9,70.839998,80,29,18.400002,101.199998,8.560001,1,0,1056,0,ilp_v4,optimal,1,189.923509,69.663527,2.726298,0.4511,0.0,
u_mand_factor\set56\u_mand_factor_0.2.py,u_mand_factor,56,u_mand_factor,0.2,2,8,5,0.2,0.5,0.7,0.6,0.4,0.8,77.279996,80,29,36.799998,110.399994,17.119999,1,0,1056,0,ilp_v4,optimal,1,189.233885,76.930015,2.459819,0.2968,0.0,
u_mand_factor\set56\u_mand_factor_0.3.py,u_mand_factor,56,u_mand_factor,0.3,2,8,5,0.3,0.5,0.7,0.6,0.6,0.7,83.719995,80,29,55.200001,119.599993,25.680001,1,1,1056,0,ilp_v4,optimal,1,162.15463,83.185014,1.949325,0.3995,0.0,
u_mand_factor\set56\u_mand_factor_0.4.py,u_mand_factor,56,u_mand_factor,0.4,2,8,5,0.4,0.5,0.7,0.6,0.8,0.6,90.160004,80,29,73.599998,128.800006,34.239999,1,1,1056,0,ilp_v4,optimal,1,136.652975,90.15449,1.515764,0.9809,9.6e-05,
u_mand_factor\set56\u_mand_factor_0.5.py,u_mand_factor,56,u_mand_factor,0.5,2,8,5,0.5,0.5,0.7,0.6,1.0,0.5,96.600003,80,29,92.000006,138.000005,42.800003,1,1,1056,0,ilp_v4,optimal,1,110.970879,96.599895,1.148768,1.6189,3.8e-05,
u_mand_factor\set56\u_mand_factor_0.6.py,u_mand_factor,56,u_mand_factor,0.6,2,8,5,0.6,0.5,0.7,0.6,1.2,0.4,103.040001,80,29,110.400003,147.200001,51.360002,1,1,1056,0,ilp_v4,optimal,1,83.20437,103.005577,0.807766,1.2853,0.0,
u_mand_factor\set56\u_mand_factor_0.7.py,u_mand_factor,56,u_mand_factor,0.7,2,8,5,0.7,0.5,0.7,0.6,1.4,0.3,109.480001,80,29,128.800003,156.400001,59.920002,1,1,1056,0,ilp_v4,optimal,1,32.967555,109.471924,0.301151,1.9482,0.0,
u_mand_factor\set56\u_mand_factor_0.8.py,u_mand_factor,56,u_mand_factor,0.8,2,8,5,0.8,0.5,0.7,0.6,1.6,0.2,115.92,80,29,147.200001,165.6,68.480001,1,1,1056,0,ilp_v4,infeasible,0,,,,0.0974,,
u_mand_factor\set56\u_mand_factor_0.9.py,u_mand_factor,56,u_mand_factor,0.9,2,8,5,0.9,0.5,0.7,0.6,1.8,0.1,122.360006,80,29,165.600002,174.800009,77.040001,1,1,1056,0,ilp_v4,infeasible,0,,,,0.0867,,
u_mand_factor\set57\u_mand_factor_0.1.py,u_mand_factor,57,u_mand_factor,0.1,2,8,5,0.1,0.5,0.7,0.6,0.2,0.9,70.839994,80,26,18.399994,101.199991,8.559997,1,0,1057,0,ilp_v4,optimal,1,259.985118,62.845241,4.13691,0.1689,0.0,
u_mand_factor\set57\u_mand_factor_0.2.py,u_mand_factor,57,u_mand_factor,0.2,2,8,5,0.2,0.5,0.7,0.6,0.4,0.8,77.279998,80,26,36.800001,110.399997,17.120001,1,0,1057,0,ilp_v4,optimal,1,232.411171,76.762543,3.027664,0.1596,0.0,
u_mand_factor\set57\u_mand_factor_0.3.py,u_mand_factor,57,u_mand_factor,0.3,2,8,5,0.3,0.5,0.7,0.6,0.6,0.7,83.720002,80,26,55.199991,119.600002,25.679996,1,1,1057,0,ilp_v4,optimal,1,210.875048,83.714409,2.518982,0.8236,9.3e-05,
u_mand_factor\set57\u_mand_factor_0.4.py,u_mand_factor,57,u_mand_factor,0.4,2,8,5,0.4,0.5,0.7,0.6,0.8,0.6,90.159999,80,26,73.599995,128.799999,34.239998,1,1,1057,0,ilp_v4,optimal,1,182.442278,90.159521,2.02355,0.333,5e-05,
u_mand_factor\set57\u_mand_factor_0.5.py,u_mand_factor,57,u_mand_factor,0.5,2,8,5,0.5,0.5,0.7,0.6,1.0,0.5,96.599999,80,26,91.999997,137.999999,42.799998,1,1,1057,0,ilp_v4,optimal,1,141.476769,96.599555,1.46457,0.4496,4.1e-05,
u_mand_factor\set57\u_mand_factor_0.6.py,u_mand_factor,57,u_mand_factor,0.6,2,8,5,0.6,0.5,0.7,0.6,1.2,0.4,103.040002,80,26,110.400003,147.200003,51.360002,1,1,1057,0,ilp_v4,optimal,1,115.076751,103.038167,1.116836,0.7282,0.0,
u_mand_factor\set57\u_mand_factor_0.7.py,u_mand_factor,57,u_mand_factor,0.7,2,8,5,0.7,0.5,0.7,0.6,1.4,0.3,109.480005,80,26,128.800002,156.400007,59.920001,1,1,1057,0,ilp_v4,optimal,1,59.608387,109.475722,0.54449,1.6479,0.0,
u_mand_factor\set57\u_mand_factor_0.8.py,u_mand_factor,57,u_mand_factor,0.8,2,8,5,0.8,0.5,0.7,0.6,1.6,0.2,115.920005,80,26,147.200003,165.600007,68.480002,1,1,1057,0,ilp_v4,infeasible,0,,,,0.08,,
u_mand_factor\set57\u_mand_factor_0.9.py,u_mand_factor,57,u_mand_factor,0.9,2,8,5,0.9,0.5,0.7,0.6,1.8,0.1,122.360006,80,26,165.600003,174.800008,77.040002,1,1,1057,0,ilp_v4,infeasible,0,,,,0.0911,,
u_mand_factor\set58\u_mand_factor_0.1.py,u_mand_factor,58,u_mand_factor,0.1,2,8,5,0.1,0.5,0.7,0.6,0.2,0.9,70.83999,80,39,18.4,101.199986,8.56,1,0,1058,0,ilp_v4,optimal,1,218.134076,67.99375,3.208149,0.5179,0.0,
u_mand_factor\set58\u_mand_factor_0.2.py,u_mand_factor,58,u_mand_factor,0.2,2,8,5,0.2,0.5,0.7,0.6,0.4,0.8,77.279998,80,39,36.79999,110.399997,17.119995,1,0,1058,0,ilp_v4,optimal,1,233.496918,77.268892,3.021875,1.2242,0.0,
u_mand_factor\set58\u_mand_factor_0.3.py,u_mand_factor,58,u_mand_factor,0.3,2,8,5,0.3,0.5,0.7,0.6,0.6,0.7,83.719999,80,39,55.19999,119.599999,25.679995,1,1,1058,0,ilp_v4,optimal,1,198.497561,83.708014,2.371309,4.034,8.4e-05,
u_mand_factor\set58\u_mand_factor_0.4.py,u_mand_factor,58,u_mand_factor,0.4,2,8,5,0.4,0.5,0.7,0.6,0.8,0.6,90.160004,80,39,73.599997,128.800006,34.239998,1,1,1058,0,ilp_v4,optimal,1,158.812145,90.141143,1.761816,7.4398,5.4e-05,
u_mand_factor\set58\u_mand_factor_0.5.py,u_mand_factor,58,u_mand_factor,0.5,2,8,5,0.5,0.5,0.7,0.6,1.0,0.5,96.600007,80,39,92.000012,138.00001,42.800005,1,1,1058,0,ilp_v4,optimal,1,118.834451,96.593276,1.230256,10.3926,0.0,
u_mand_factor\set58\u_mand_factor_0.6.py,u_mand_factor,58,u_mand_factor,0.6,2,8,5,0.6,0.5,0.7,0.6,1.2,0.4,103.040002,80,39,110.400005,147.200002,51.360002,1,1,1058,0,ilp_v4,optimal,1,77.240828,103.037048,0.749641,15.0708,3.1e-05,
u_mand_factor\set58\u_mand_factor_0.7.py,u_mand_factor,58,u_mand_factor,0.7,2,8,5,0.7,0.5,0.7,0.6,1.4,0.3,109.479996,80,39,128.800005,156.399994,59.920002,1,1,1058,0,ilp_v4,optimal,1,23.997024,109.476304,0.219198,6.4071,0.0,
u_mand_factor\set58\u_mand_factor_0.8.py,u_mand_factor,58,u_mand_factor,0.8,2,8,5,0.8,0.5,0.7,0.6,1.6,0.2,115.919995,80,39,147.200001,165.599993,68.480001,1,1,1058,0,ilp_v4,infeasible,0,,,,0.2145,,
u_mand_factor\set58\u_mand_factor_0.9.py,u_mand_factor,58,u_mand_factor,0.9,2,8,5,0.9,0.5,0.7,0.6,1.8,0.1,122.359998,80,39,165.600005,174.799998,77.040002,1,1,1058,0,ilp_v4,infeasible,0,,,,0.2325,,
u_mand_factor\set59\u_mand_factor_0.1.py,u_mand_factor,59,u_mand_factor,0.1,2,8,5,0.1,0.5,0.7,0.6,0.2,0.9,70.839994,80,34,18.400002,101.199992,8.573334,1,0,1059,0,ilp_v4,optimal,1,180.007679,59.300898,3.035497,0.2525,0.0,
u_mand_factor\set59\u_mand_factor_0.2.py,u_mand_factor,59,u_mand_factor,0.2,2,8,5,0.2,0.5,0.7,0.6,0.4,0.8,77.279997,80,34,36.800001,110.399995,17.146667,1,0,1059,0,ilp_v4,optimal,1,161.9876,72.968294,2.219972,0.2667,0.0,
u_mand_factor\set59\u_mand_factor_0.3.py,u_mand_factor,59,u_mand_factor,0.3,2,8,5,0.3,0.5,0.7,0.6,0.6,0.7,83.720002,80,34,55.200003,119.600003,25.720002,1,1,1059,0,ilp_v4,optimal,1,140.285063,83.307132,1.68395,0.3095,0.0,
u_mand_factor\set59\u_mand_factor_0.4.py,u_mand_factor,59,u_mand_factor,0.4,2,8,5,0.4,0.5,0.7,0.6,0.8,0.6,90.160004,80,34,73.600005,128.800006,34.293335,1,1,1059,0,ilp_v4,optimal,1,118.367901,88.075641,1.343935,0.2514,0.0,
u_mand_factor\set59\u_mand_factor_0.5.py,u_mand_factor,59,u_mand_factor,0.5,2,8,5,0.5,0.5,0.7,0.6,1.0,0.5,96.6,80,34,91.999998,138.0,42.866666,1,1,1059,0,ilp_v4,optimal,1,99.436763,96.587117,1.029503,0.4461,0.0,
u_mand_factor\set59\u_mand_factor_0.6.py,u_mand_factor,59,u_mand_factor,0.6,2,8,5,0.6,0.5,0.7,0.6,1.2,0.4,103.040002,80,34,110.399988,147.200003,51.439995,1,1,1059,0,ilp_v4,optimal,1,75.975986,103.039783,0.737346,2.1113,1.2e-05,
u_mand_factor\set59\u_mand_factor_0.7.py,u_mand_factor,59,u_mand_factor,0.7,2,8,5,0.7,0.5,0.7,0.6,1.4,0.3,109.479997,80,34,128.800001,156.399995,60.013334,1,1,1059,0,ilp_v4,optimal,1,45.589309,109.478735,0.416422,9.2215,0.0,
u_mand_factor\set59\u_mand_factor_0.8.py,u_mand_factor,59,u_mand_factor,0.8,2,8,5,0.8,0.5,0.7,0.6,1.6,0.2,115.91999,80,34,147.199999,165.599985,68.586666,1,1,1059,0,ilp_v4,optimal,1,10.401266,115.919094,0.089729,4.0522,0.0,
u_mand_factor\set59\u_mand_factor_0.9.py,u_mand_factor,59,u_mand_factor,0.9,2,8,5,0.9,0.5,0.7,0.6,1.8,0.1,122.360007,80,34,165.6,174.80001,77.16,1,1,1059,0,ilp_v4,infeasible,0,,,,0.2422,,
u_mand_factor\set60\u_mand_factor_0.1.py,u_mand_factor,60,u_mand_factor,0.1,2,8,5,0.1,0.5,0.7,0.6,0.2,0.9,70.840004,80,33,18.399998,101.200006,8.573332,1,0,1060,0,ilp_v4,optimal,1,188.234389,66.23873,2.841757,0.3029,0.0,
u_mand_factor\set60\u_mand_factor_0.2.py,u_mand_factor,60,u_mand_factor,0.2,2,8,5,0.2,0.5,0.7,0.6,0.4,0.8,77.279996,80,33,36.800005,110.399994,17.146669,1,0,1060,0,ilp_v4,optimal,1,163.106193,73.033846,2.233296,0.4289,0.0,
u_mand_factor\set60\u_mand_factor_0.3.py,u_mand_factor,60,u_mand_factor,0.3,2,8,5,0.3,0.5,0.7,0.6,0.6,0.7,83.719999,80,33,55.200002,119.599999,25.720001,1,1,1060,0,ilp_v4,optimal,1,121.497939,83.716957,1.451294,0.481,7.2e-05,
u_mand_factor\set60\u_mand_factor_0.4.py,u_mand_factor,60,u_mand_factor,0.4,2,8,5,0.4,0.5,0.7,0.6,0.8,0.6,90.159997,80,33,73.599991,128.799995,34.293329,1,1,1060,0,ilp_v4,optimal,1,106.321557,87.689865,1.212473,0.3531,0.0,
u_mand_factor\set60\u_mand_factor_0.5.py,u_mand_factor,60,u_mand_factor,0.5,2,8,5,0.5,0.5,0.7,0.6,1.0,0.5,96.600006,80,33,91.999998,138.000008,42.866666,1,1,1060,0,ilp_v4,optimal,1,91.731165,96.591686,0.94968,0.4762,0.0,
u_mand_factor\set60\u_mand_factor_0.6.py,u_mand_factor,60,u_mand_factor,0.6,2,8,5,0.6,0.5,0.7,0.6,1.2,0.4,103.039998,80,33,110.399995,147.199997,51.439998,1,1,1060,0,ilp_v4,optimal,1,72.91866,102.953572,0.708267,1.7482,0.0,
u_mand_factor\set60\u_mand_factor_0.7.py,u_mand_factor,60,u_mand_factor,0.7,2,8,5,0.7,0.5,0.7,0.6,1.4,0.3,109.479995,80,33,128.799993,156.399993,60.01333,1,1,1060,0,ilp_v4,optimal,1,53.637691,109.473347,0.489961,1.9846,0.0,
u_mand_factor\set60\u_mand_factor_0.8.py,u_mand_factor,60,u_mand_factor,0.8,2,8,5,0.8,0.5,0.7,0.6,1.6,0.2,115.919991,80,33,147.199995,165.599987,68.586665,1,1,1060,0,ilp_v4,infeasible,0,,,,0.1735,,
u_mand_factor\set60\u_mand_factor_0.9.py,u_mand_factor,60,u_mand_factor,0.9,2,8,5,0.9,0.5,0.7,0.6,1.8,0.1,122.359998,80,33,165.599998,174.799997,77.159999,1,1,1060,0,ilp_v4,infeasible,0,,,,0.112,,
u_mand_factor\set61\u_mand_factor_0.1.py,u_mand_factor,61,u_mand_factor,0.1,2,8,5,0.1,0.5,0.7,0.6,0.2,0.9,70.839988,80,36,18.399998,101.199983,8.559999,1,0,1061,0,ilp_v4,optimal,1,262.250603,65.326445,4.014463,0.3098,0.0,
u_mand_factor\set61\u_mand_factor_0.2.py,u_mand_factor,61,u_mand_factor,0.2,2,8,5,0.2,0.5,0.7,0.6,0.4,0.8,77.279998,80,36,36.799997,110.399998,17.119998,1,0,1061,0,ilp_v4,optimal,1,222.227311,65.766615,3.379029,0.2904,0.0,
u_mand_factor\set61\u_mand_factor_0.3.py,u_mand_factor,61,u_mand_factor,0.3,2,8,5,0.3,0.5,0.7,0.6,0.6,0.7,83.719995,80,36,55.199994,119.599993,25.679997,1,1,1061,0,ilp_v4,optimal,1,203.162987,80.352683,2.528391,0.3029,0.0,
u_mand_factor\set61\u_mand_factor_0.4.py,u_mand_factor,61,u_mand_factor,0.4,2,8,5,0.4,0.5,0.7,0.6,0.8,0.6,90.160001,80,36,73.599999,128.800001,34.239999,1,1,1061,0,ilp_v4,optimal,1,178.708661,88.08979,2.02871,0.6438,0.0,
u_mand_factor\set61\u_mand_factor_0.5.py,u_mand_factor,61,u_mand_factor,0.5,2,8,5,0.5,0.5,0.7,0.6,1.0,0.5,96.599989,80,36,92.000006,137.999984,42.800003,1,1,1061,0,ilp_v4,optimal,1,152.279071,96.567951,1.576911,1.0531,0.0,
u_mand_factor\set61\u_mand_factor_0.6.py,u_mand_factor,61,u_mand_factor,0.6,2,8,5,0.6,0.5,0.7,0.6,1.2,0.4,103.040006,80,36,110.400005,147.200008,51.360002,1,1,1061,0,ilp_v4,optimal,1,113.348719,103.006811,1.1004,1.669,0.0,
u_mand_factor\set61\u_mand_factor_0.7.py,u_mand_factor,61,u_mand_factor,0.7,2,8,5,0.7,0.5,0.7,0.6,1.4,0.3,109.479991,80,36,128.799994,156.399987,59.919997,1,1,1061,0,ilp_v4,optimal,1,59.592483,109.478587,0.54433,3.592,5.4e-05,
u_mand_factor\set61\u_mand_factor_0.8.py,u_mand_factor,61,u_mand_factor,0.8,2,8,5,0.8,0.5,0.7,0.6,1.6,0.2,115.920002,80,36,147.200001,165.600002,68.480001,1,1,1061,0,ilp_v4,infeasible,0,,,,0.0813,,
u_mand_factor\set61\u_mand_factor_0.9.py,u_mand_factor,61,u_mand_factor,0.9,2,8,5,0.9,0.5,0.7,0.6,1.8,0.1,122.360006,80,36,165.600006,174.800008,77.040003,1,1,1061,0,ilp_v4,infeasible,0,,,,0.1736,,
u_mand_factor\set62\u_mand_factor_0.1.py,u_mand_factor,62,u_mand_factor,0.1,2,8,5,0.1,0.5,0.7,0.6,0.2,0.9,70.84001,80,40,18.400011,101.200015,8.573339,1,0,1062,0,ilp_v4,optimal,1,185.123856,56.109623,3.299325,0.5265,0.0,
u_mand_factor\set62\u_mand_factor_0.2.py,u_mand_factor,62,u_mand_factor,0.2,2,8,5,0.2,0.5,0.7,0.6,0.4,0.8,77.279995,80,40,36.799993,110.399993,17.146663,1,0,1062,0,ilp_v4,optimal,1,184.943298,69.802886,2.649508,0.5367,0.0,
u_mand_factor\set62\u_mand_factor_0.3.py,u_mand_factor,62,u_mand_factor,0.3,2,8,5,0.3,0.5,0.7,0.6,0.6,0.7,83.720008,80,40,55.2,119.600011,25.72,1,1,1062,0,ilp_v4,optimal,1,138.731806,83.649515,1.658489,0.5227,0.0,
u_mand_factor\set62\u_mand_factor_0.4.py,u_mand_factor,62,u_mand_factor,0.4,2,8,5,0.4,0.5,0.7,0.6,0.8,0.6,90.159996,80,40,73.600002,128.799994,34.293334,1,1,1062,0,ilp_v4,optimal,1,116.98548,89.925639,1.300914,0.6322,0.0,
u_mand_factor\set62\u_mand_factor_0.5.py,u_mand_factor,62,u_mand_factor,0.5,2,8,5,0.5,0.5,0.7,0.6,1.0,0.5,96.599994,80,40,92.000002,137.999992,42.866668,1,1,1062,0,ilp_v4,optimal,1,97.487885,96.59209,1.009274,1.8043,0.0,
u_mand_factor\set62\u_mand_factor_0.6.py,u_mand_factor,62,u_mand_factor,0.6,2,8,5,0.6,0.5,0.7,0.6,1.2,0.4,103.040001,80,40,110.400005,147.200001,51.440002,1,1,1062,0,ilp_v4,optimal,1,71.140475,103.039645,0.690418,7.3777,9.1e-05,
u_mand_factor\set62\u_mand_factor_0.7.py,u_mand_factor,62,u_mand_factor,0.7,2,8,5,0.7,0.5,0.7,0.6,1.4,0.3,109.480004,80,40,128.799997,156.400006,60.013332,1,1,1062,0,ilp_v4,optimal,1,44.395633,109.477622,0.405522,25.3437,8.9e-05,
u_mand_factor\set62\u_mand_factor_0.8.py,u_mand_factor,62,u_mand_factor,0.8,2,8,5,0.8,0.5,0.7,0.6,1.6,0.2,115.919995,80,40,147.200006,165.599993,68.586669,1,1,1062,0,ilp_v4,time_limit,1,3.845867,115.919503,0.033177,32.8934,0.000169,
u_mand_factor\set62\u_mand_factor_0.9.py,u_mand_factor,62,u_mand_factor,0.9,2,8,5,0.9,0.5,0.7,0.6,1.8,0.1,122.360006,80,40,165.600005,174.800008,77.160002,1,1,1062,0,ilp_v4,infeasible,0,,,,0.1284,,
u_mand_factor\set63\u_mand_factor_0.1.py,u_mand_factor,63,u_mand_factor,0.1,2,8,5,0.1,0.5,0.7,0.6,0.2,0.9,70.840008,80,21,18.400005,101.200011,8.560002,1,0,1063,0,ilp_v4,optimal,1,226.612265,59.928767,3.78136,0.0697,0.0,
u_mand_factor\set63\u_mand_factor_0.2.py,u_mand_factor,63,u_mand_factor,0.2,2,8,5,0.2,0.5,0.7,0.6,0.4,0.8,77.27999,80,21,36.799994,110.399986,17.119997,1,0,1063,0,ilp_v4,optimal,1,206.394552,59.406166,3.474295,0.1573,8.8e-05,
u_mand_factor\set63\u_mand_factor_0.3.py,u_mand_factor,63,u_mand_factor,0.3,2,8,5,0.3,0.5,0.7,0.6,0.6,0.7,83.720004,80,21,55.200002,119.600006,25.680001,1,1,1063,0,ilp_v4,optimal,1,180.949008,83.686364,2.162228,0.4497,0.0,
u_mand_factor\set63\u_mand_factor_0.4.py,u_mand_factor,63,u_mand_factor,0.4,2,8,5,0.4,0.5,0.7,0.6,0.8,0.6,90.159999,80,21,73.600005,128.799999,34.240002,1,1,1063,0,ilp_v4,optimal,1,149.359723,89.882773,1.661717,0.7841,0.0,
u_mand_factor\set63\u_mand_factor_0.5.py,u_mand_factor,63,u_mand_factor,0.5,2,8,5,0.5,0.5,0.7,0.6,1.0,0.5,96.599999,80,21,91.999999,137.999999,42.799999,1,1,1063,0,ilp_v4,optimal,1,116.508899,96.361963,1.209076,0.3611,0.0,
u_mand_factor\set63\u_mand_factor_0.6.py,u_mand_factor,63,u_mand_factor,0.6,2,8,5,0.6,0.5,0.7,0.6,1.2,0.4,103.039998,80,21,110.399998,147.199998,51.359999,1,1,1063,0,ilp_v4,optimal,1,83.271107,103.03817,0.808158,0.5791,0.0,
u_mand_factor\set63\u_mand_factor_0.7.py,u_mand_factor,63,u_mand_factor,0.7,2,8,5,0.7,0.5,0.7,0.6,1.4,0.3,109.480009,80,21,128.800002,156.400013,59.920001,1,1,1063,0,ilp_v4,optimal,1,51.822238,109.469558,0.473394,0.7834,0.0,
u_mand_factor\set63\u_mand_factor_0.8.py,u_mand_factor,63,u_mand_factor,0.8,2,8,5,0.8,0.5,0.7,0.6,1.6,0.2,115.919995,80,21,147.199998,165.599993,68.479999,1,1,1063,0,ilp_v4,optimal,1,3.67404,115.903292,0.031699,0.7286,0.0,
u_mand_factor\set63\u_mand_factor_0.9.py,u_mand_factor,63,u_mand_factor,0.9,2,8,5,0.9,0.5,0.7,0.6,1.8,0.1,122.360001,80,21,165.600003,174.800001,77.040002,1,1,1063,0,ilp_v4,infeasible,0,,,,0.0596,,
u_mand_factor\set64\u_mand_factor_0.1.py,u_mand_factor,64,u_mand_factor,0.1,2,8,5,0.1,0.5,0.7,0.6,0.2,0.9,70.840003,80,32,18.399999,101.200005,8.573333,1,0,1064,0,ilp_v4,optimal,1,205.865986,56.314594,3.655642,0.2493,0.0,
u_mand_factor\set64\u_mand_factor_0.2.py,u_mand_factor,64,u_mand_factor,0.2,2,8,5,0.2,0.5,0.7,0.6,0.4,0.8,77.280001,80,32,36.800003,110.400001,17.146668,1,0,1064,0,ilp_v4,optimal,1,205.862011,70.04407,2.939036,0.2313,0.0,
u_mand_factor\set64\u_mand_factor_0.3.py,u_mand_factor,64,u_mand_factor,0.3,2,8,5,0.3,0.5,0.7,0.6,0.6,0.7,83.720011,80,32,55.200007,119.600016,25.720003,1,1,1064,0,ilp_v4,optimal,1,171.402918,78.501289,2.183441,0.5455,0.0,
u_mand_factor\set64\u_mand_factor_0.4.py,u_mand_factor,64,u_mand_factor,0.4,2,8,5,0.4,0.5,0.7,0.6,0.8,0.6,90.160001,80,32,73.599997,128.800001,34.293332,1,1,1064,0,ilp_v4,optimal,1,138.999114,88.976172,1.562206,0.5764,0.0,
u_mand_factor\set64\u_mand_factor_0.5.py,u_mand_factor,64,u_mand_factor,0.5,2,8,5,0.5,0.5,0.7,0.6,1.0,0.5,96.600001,80,32,92.000003,138.000001,42.866668,1,1,1064,0,ilp_v4,optimal,1,111.887884,96.41627,1.160467,0.868,0.0,
u_mand_factor\set64\u_mand_factor_0.6.py,u_mand_factor,64,u_mand_factor,0.6,2,8,5,0.6,0.5,0.7,0.6,1.2,0.4,103.039993,80,32,110.399999,147.19999,51.439999,1,1,1064,0,ilp_v4,optimal,1,82.490778,102.728129,0.803001,1.3768,0.0,
u_mand_factor\set64\u_mand_factor_0.7.py,u_mand_factor,64,u_mand_factor,0.7,2,8,5,0.7,0.5,0.7,0.6,1.4,0.3,109.480001,80,32,128.799998,156.400001,60.013332,1,1,1064,0,ilp_v4,optimal,1,48.141024,109.465242,0.439784,1.227,0.0,
u_mand_factor\set64\u_mand_factor_0.8.py,u_mand_factor,64,u_mand_factor,0.8,2,8,5,0.8,0.5,0.7,0.6,1.6,0.2,115.919998,80,32,147.200001,165.599998,68.586667,1,1,1064,0,ilp_v4,infeasible,0,,,,0.0805,,
u_mand_factor\set64\u_mand_factor_0.9.py,u_mand_factor,64,u_mand_factor,0.9,2,8,5,0.9,0.5,0.7,0.6,1.8,0.1,122.360001,80,32,165.600001,174.800001,77.160001,1,1,1064,0,ilp_v4,infeasible,0,,,,0.1148,,
u_mand_factor\set65\u_mand_factor_0.1.py,u_mand_factor,65,u_mand_factor,0.1,2,8,5,0.1,0.5,0.7,0.6,0.2,0.9,70.840013,80,25,18.400003,101.200018,8.573335,1,0,1065,0,ilp_v4,optimal,1,238.471274,70.610341,3.377285,0.2111,0.0,
u_mand_factor\set65\u_mand_factor_0.2.py,u_mand_factor,65,u_mand_factor,0.2,2,8,5,0.2,0.5,0.7,0.6,0.4,0.8,77.28,80,25,36.800002,110.4,17.146668,1,0,1065,0,ilp_v4,optimal,1,176.94496,76.607221,2.309769,0.2488,0.0,
u_mand_factor\set65\u_mand_factor_0.3.py,u_mand_factor,65,u_mand_factor,0.3,2,8,5,0.3,0.5,0.7,0.6,0.6,0.7,83.72,80,25,55.199997,119.6,25.719998,1,1,1065,0,ilp_v4,optimal,1,176.550848,83.572016,2.112559,0.1955,0.0,
u_mand_factor\set65\u_mand_factor_0.4.py,u_mand_factor,65,u_mand_factor,0.4,2,8,5,0.4,0.5,0.7,0.6,0.8,0.6,90.160002,80,25,73.600003,128.800002,34.293335,1,1,1065,0,ilp_v4,optimal,1,158.480766,89.518012,1.770379,0.2404,0.0,
u_mand_factor\set65\u_mand_factor_0.5.py,u_mand_factor,65,u_mand_factor,0.5,2,8,5,0.5,0.5,0.7,0.6,1.0,0.5,96.600006,80,25,91.999999,138.000008,42.866666,1,1,1065,0,ilp_v4,optimal,1,133.248718,96.591588,1.379506,3.4433,9.9e-05,
u_mand_factor\set65\u_mand_factor_0.6.py,u_mand_factor,65,u_mand_factor,0.6,2,8,5,0.6,0.5,0.7,0.6,1.2,0.4,103.040002,80,25,110.400006,147.200003,51.440003,1,1,1065,0,ilp_v4,optimal,1,103.973808,103.033732,1.009124,1.8163,9.7e-05,
u_mand_factor\set65\u_mand_factor_0.7.py,u_mand_factor,65,u_mand_factor,0.7,2,8,5,0.7,0.5,0.7,0.6,1.4,0.3,109.480001,80,25,128.800005,156.400001,60.013335,1,1,1065,0,ilp_v4,optimal,1,63.96879,109.476309,0.584316,2.098,0.0,
u_mand_factor\set65\u_mand_factor_0.8.py,u_mand_factor,65,u_mand_factor,0.8,2,8,5,0.8,0.5,0.7,0.6,1.6,0.2,115.920006,80,25,147.199994,165.600008,68.586664,1,1,1065,0,ilp_v4,optimal,1,15.952629,115.902698,0.137638,1.8903,0.0,
u_mand_factor\set65\u_mand_factor_0.9.py,u_mand_factor,65,u_mand_factor,0.9,2,8,5,0.9,0.5,0.7,0.6,1.8,0.1,122.36,80,25,165.600002,174.8,77.160001,1,1,1065,0,ilp_v4,infeasible,0,,,,0.0776,,
u_mand_factor\set66\u_mand_factor_0.1.py,u_mand_factor,66,u_mand_factor,0.1,2,8,5,0.1,0.5,0.7,0.6,0.2,0.9,70.840003,80,30,18.4,101.200005,10.452308,1,0,1066,0,ilp_v4,optimal,1,188.599246,57.487695,3.280689,0.2673,0.0,
u_mand_factor\set66\u_mand_factor_0.2.py,u_mand_factor,66,u_mand_factor,0.2,2,8,5,0.2,0.5,0.7,0.6,0.4,0.8,77.280002,80,30,36.8,110.400003,20.904615,1,0,1066,0,ilp_v4,optimal,1,184.610925,62.713848,2.943703,0.2805,0.0,
u_mand_factor\set66\u_mand_factor_0.3.py,u_mand_factor,66,u_mand_factor,0.3,2,8,5,0.3,0.5,0.7,0.6,0.6,0.7,83.719999,80,30,55.199997,119.599999,31.356921,1,1,1066,0,ilp_v4,optimal,1,157.68446,78.698413,2.003655,0.2499,0.0,
u_mand_factor\set66\u_mand_factor_0.4.py,u_mand_factor,66,u_mand_factor,0.4,2,8,5,0.4,0.5,0.7,0.6,0.8,0.6,90.159994,80,30,73.600001,128.799992,41.809231,1,1,1066,0,ilp_v4,optimal,1,131.796944,89.893259,1.466149,0.2892,0.0,
u_mand_factor\set66\u_mand_factor_0.5.py,u_mand_factor,66,u_mand_factor,0.5,2,8,5,0.5,0.5,0.7,0.6,1.0,0.5,96.599991,80,30,91.999997,137.999987,52.261537,1,1,1066,0,ilp_v4,optimal,1,106.146018,96.039696,1.105231,0.3168,0.0,
u_mand_factor\set66\u_mand_factor_0.6.py,u_mand_factor,66,u_mand_factor,0.6,2,8,5,0.6,0.5,0.7,0.6,1.2,0.4,103.040001,80,30,110.400006,147.200001,62.713849,1,1,1066,0,ilp_v4,optimal,1,75.106208,103.023799,0.729018,1.1289,0.0,
u_mand_factor\set66\u_mand_factor_0.7.py,u_mand_factor,66,u_mand_factor,0.7,2,8,5,0.7,0.5,0.7,0.6,1.4,0.3,109.480006,80,30,128.799997,156.400009,73.166152,1,1,1066,0,ilp_v4,optimal,1,43.113671,109.471983,0.393833,1.1877,0.0,
u_mand_factor\set66\u_mand_factor_0.8.py,u_mand_factor,66,u_mand_factor,0.8,2,8,5,0.8,0.5,0.7,0.6,1.6,0.2,115.920005,80,30,147.200005,165.600007,83.618464,1,1,1066,0,ilp_v4,optimal,1,12.175355,115.918675,0.105034,7.324,0.0,
u_mand_factor\set66\u_mand_factor_0.9.py,u_mand_factor,66,u_mand_factor,0.9,2,8,5,0.9,0.5,0.7,0.6,1.8,0.1,122.36,80,30,165.599999,174.8,94.070769,1,1,1066,0,ilp_v4,infeasible,0,,,,0.1048,,
u_mand_factor\set67\u_mand_factor_0.1.py,u_mand_factor,67,u_mand_factor,0.1,2,8,5,0.1,0.5,0.7,0.6,0.2,0.9,70.839999,80,23,18.399998,101.199999,8.559999,1,0,1067,0,ilp_v4,optimal,1,168.789895,67.824721,2.488619,0.1089,0.0,
u_mand_factor\set67\u_mand_factor_0.2.py,u_mand_factor,67,u_mand_factor,0.2,2,8,5,0.2,0.5,0.7,0.6,0.4,0.8,77.280003,80,23,36.800001,110.400005,17.120001,1,0,1067,0,ilp_v4,optimal,1,165.724968,77.198161,2.146748,0.1337,0.0,
u_mand_factor\set67\u_mand_factor_0.3.py,u_mand_factor,67,u_mand_factor,0.3,2,8,5,0.3,0.5,0.7,0.6,0.6,0.7,83.720006,80,23,55.199999,119.600009,25.679999,1,1,1067,0,ilp_v4,optimal,1,127.665057,83.718441,1.524934,0.254,0.0,
u_mand_factor\set67\u_mand_factor_0.4.py,u_mand_factor,67,u_mand_factor,0.4,2,8,5,0.4,0.5,0.7,0.6,0.8,0.6,90.16,80,23,73.599998,128.8,34.239999,1,1,1067,0,ilp_v4,optimal,1,91.115467,90.158444,1.010615,0.304,0.0,
u_mand_factor\set67\u_mand_factor_0.5.py,u_mand_factor,67,u_mand_factor,0.5,2,8,5,0.5,0.5,0.7,0.6,1.0,0.5,96.600001,80,23,92.0,138.000001,42.8,1,1,1067,0,ilp_v4,optimal,1,68.658091,91.695476,0.748762,0.1198,0.0,
u_mand_factor\set67\u_mand_factor_0.6.py,u_mand_factor,67,u_mand_factor,0.6,2,8,5,0.6,0.5,0.7,0.6,1.2,0.4,103.040001,80,23,110.399999,147.200001,51.359999,1,1,1067,0,ilp_v4,optimal,1,50.967874,103.024053,0.494718,0.4528,0.0,
u_mand_factor\set67\u_mand_factor_0.7.py,u_mand_factor,67,u_mand_factor,0.7,2,8,5,0.7,0.5,0.7,0.6,1.4,0.3,109.480006,80,23,128.800005,156.400009,59.920002,1,1,1067,0,ilp_v4,optimal,1,31.942572,109.470838,0.291791,1.0074,0.0,
u_mand_factor\set67\u_mand_factor_0.8.py,u_mand_factor,67,u_mand_factor,0.8,2,8,5,0.8,0.5,0.7,0.6,1.6,0.2,115.919997,80,23,147.2,165.599995,68.48,1,1,1067,0,ilp_v4,infeasible,0,,,,0.0543,,
u_mand_factor\set67\u_mand_factor_0.9.py,u_mand_factor,67,u_mand_factor,0.9,2,8,5,0.9,0.5,0.7,0.6,1.8,0.1,122.359996,80,23,165.599993,174.799994,77.039997,1,1,1067,0,ilp_v4,infeasible,0,,,,0.0488,,
u_mand_factor\set68\u_mand_factor_0.1.py,u_mand_factor,68,u_mand_factor,0.1,2,8,5,0.1,0.5,0.7,0.6,0.2,0.9,70.840008,80,30,18.400001,101.200011,8.573334,1,0,1068,0,ilp_v4,optimal,1,199.432817,57.038054,3.496487,0.296,0.0,
u_mand_factor\set68\u_mand_factor_0.2.py,u_mand_factor,68,u_mand_factor,0.2,2,8,5,0.2,0.5,0.7,0.6,0.4,0.8,77.27999,80,30,36.79999,110.399986,17.146662,1,0,1068,0,ilp_v4,optimal,1,162.148291,73.300387,2.212107,0.5353,0.0,
u_mand_factor\set68\u_mand_factor_0.3.py,u_mand_factor,68,u_mand_factor,0.3,2,8,5,0.3,0.5,0.7,0.6,0.6,0.7,83.720006,80,30,55.2,119.600008,25.72,1,1,1068,0,ilp_v4,optimal,1,129.598473,81.355352,1.592993,0.4379,0.0,
u_mand_factor\set68\u_mand_factor_0.4.py,u_mand_factor,68,u_mand_factor,0.4,2,8,5,0.4,0.5,0.7,0.6,0.8,0.6,90.159997,80,30,73.599999,128.799995,34.293333,1,1,1068,0,ilp_v4,optimal,1,123.32554,89.184951,1.382807,0.5658,0.0,
u_mand_factor\set68\u_mand_factor_0.5.py,u_mand_factor,68,u_mand_factor,0.5,2,8,5,0.5,0.5,0.7,0.6,1.0,0.5,96.59999,80,30,92.000006,137.999986,42.866669,1,1,1068,0,ilp_v4,optimal,1,113.521599,96.59264,1.175261,0.6418,0.0,
u_mand_factor\set68\u_mand_factor_0.6.py,u_mand_factor,68,u_mand_factor,0.6,2,8,5,0.6,0.5,0.7,0.6,1.2,0.4,103.040003,80,30,110.399997,147.200005,51.439998,1,1,1068,0,ilp_v4,optimal,1,92.190441,103.021631,0.894865,2.9036,0.0,
u_mand_factor\set68\u_mand_factor_0.7.py,u_mand_factor,68,u_mand_factor,0.7,2,8,5,0.7,0.5,0.7,0.6,1.4,0.3,109.480002,80,30,128.800005,156.400003,60.013335,1,1,1068,0,ilp_v4,optimal,1,56.285596,109.478639,0.514124,3.0984,8.3e-05,
u_mand_factor\set68\u_mand_factor_0.8.py,u_mand_factor,68,u_mand_factor,0.8,2,8,5,0.8,0.5,0.7,0.6,1.6,0.2,115.92,80,30,147.200001,165.6,68.586667,1,1,1068,0,ilp_v4,infeasible,0,,,,0.1231,,
u_mand_factor\set68\u_mand_factor_0.9.py,u_mand_factor,68,u_mand_factor,0.9,2,8,5,0.9,0.5,0.7,0.6,1.8,0.1,122.360003,80,30,165.600003,174.800005,77.160002,1,1,1068,0,ilp_v4,infeasible,0,,,,0.1372,,
u_mand_factor\set69\u_mand_factor_0.1.py,u_mand_factor,69,u_mand_factor,0.1,2,8,5,0.1,0.5,0.7,0.6,0.2,0.9,70.839994,80,36,18.399999,101.199991,8.559999,1,0,1069,0,ilp_v4,optimal,1,249.44857,55.531599,4.492011,0.349,0.0,
u_mand_factor\set69\u_mand_factor_0.2.py,u_mand_factor,69,u_mand_factor,0.2,2,8,5,0.2,0.5,0.7,0.6,0.4,0.8,77.280013,80,36,36.800008,110.400018,17.120004,1,0,1069,0,ilp_v4,optimal,1,197.907196,68.116565,2.90542,0.2629,0.0,
u_mand_factor\set69\u_mand_factor_0.3.py,u_mand_factor,69,u_mand_factor,0.3,2,8,5,0.3,0.5,0.7,0.6,0.6,0.7,83.720006,80,36,55.200007,119.600008,25.680003,1,1,1069,0,ilp_v4,optimal,1,191.97925,75.149847,2.554619,0.3274,0.0,
u_mand_factor\set69\u_mand_factor_0.4.py,u_mand_factor,69,u_mand_factor,0.4,2,8,5,0.4,0.5,0.7,0.6,0.8,0.6,90.160001,80,36,73.599998,128.800001,34.239999,1,1,1069,0,ilp_v4,optimal,1,168.505272,89.622574,1.880166,0.3934,0.0,
u_mand_factor\set69\u_mand_factor_0.5.py,u_mand_factor,69,u_mand_factor,0.5,2,8,5,0.5,0.5,0.7,0.6,1.0,0.5,96.600001,80,36,92.000001,138.000001,42.800001,1,1,1069,0,ilp_v4,optimal,1,140.473058,96.540069,1.455075,1.4201,0.0,
u_mand_factor\set69\u_mand_factor_0.6.py,u_mand_factor,69,u_mand_factor,0.6,2,8,5,0.6,0.5,0.7,0.6,1.2,0.4,103.039996,80,36,110.400001,147.199994,51.360001,1,1,1069,0,ilp_v4,optimal,1,106.60689,103.006028,1.034958,2.188,0.0,
u_mand_factor\set69\u_mand_factor_0.7.py,u_mand_factor,69,u_mand_factor,0.7,2,8,5,0.7,0.5,0.7,0.6,1.4,0.3,109.480001,80,36,128.800009,156.400001,59.920004,1,1,1069,0,ilp_v4,optimal,1,55.371455,109.472579,0.505802,5.3641,0.0,
u_mand_factor\set69\u_mand_factor_0.8.py,u_mand_factor,69,u_mand_factor,0.8,2,8,5,0.8,0.5,0.7,0.6,1.6,0.2,115.919997,80,36,147.199993,165.599995,68.479997,1,1,1069,0,ilp_v4,infeasible,0,,,,0.1089,,
u_mand_factor\set69\u_mand_factor_0.9.py,u_mand_factor,69,u_mand_factor,0.9,2,8,5,0.9,0.5,0.7,0.6,1.8,0.1,122.360002,80,36,165.59999,174.800003,77.039995,1,1,1069,0,ilp_v4,infeasible,0,,,,0.1844,,
u_mand_factor\set70\u_mand_factor_0.1.py,u_mand_factor,70,u_mand_factor,0.1,2,8,5,0.1,0.5,0.7,0.6,0.2,0.9,70.840001,80,32,18.399998,101.200001,8.817142,1,0,1070,0,ilp_v4,optimal,1,258.619248,68.337349,3.78445,0.2632,0.0,
u_mand_factor\set70\u_mand_factor_0.2.py,u_mand_factor,70,u_mand_factor,0.2,2,8,5,0.2,0.5,0.7,0.6,0.4,0.8,77.279998,80,32,36.800001,110.399998,17.634286,1,0,1070,0,ilp_v4,optimal,1,222.252499,75.277524,2.952442,0.3261,0.0,
u_mand_factor\set70\u_mand_factor_0.3.py,u_mand_factor,70,u_mand_factor,0.3,2,8,5,0.3,0.5,0.7,0.6,0.6,0.7,83.720001,80,32,55.199999,119.600001,26.451428,1,1,1070,0,ilp_v4,optimal,1,201.473862,80.321484,2.508343,0.4001,0.0,
u_mand_factor\set70\u_mand_factor_0.4.py,u_mand_factor,70,u_mand_factor,0.4,2,8,5,0.4,0.5,0.7,0.6,0.8,0.6,90.159998,80,32,73.599995,128.799997,35.268569,1,1,1070,0,ilp_v4,optimal,1,176.135906,90.086356,1.95519,0.7354,0.0,
u_mand_factor\set70\u_mand_factor_0.5.py,u_mand_factor,70,u_mand_factor,0.5,2,8,5,0.5,0.5,0.7,0.6,1.0,0.5,96.599998,80,32,91.999994,137.999998,44.085712,1,1,1070,0,ilp_v4,optimal,1,146.043011,96.560649,1.512449,2.1348,5.1e-05,
u_mand_factor\set70\u_mand_factor_0.6.py,u_mand_factor,70,u_mand_factor,0.6,2,8,5,0.6,0.5,0.7,0.6,1.2,0.4,103.040001,80,32,110.400005,147.200001,52.902859,1,1,1070,0,ilp_v4,optimal,1,102.551779,103.039451,0.995267,11.3858,9.7e-05,
u_mand_factor\set70\u_mand_factor_0.7.py,u_mand_factor,70,u_mand_factor,0.7,2,8,5,0.7,0.5,0.7,0.6,1.4,0.3,109.479996,80,32,128.800005,156.399994,61.720002,1,1,1070,0,ilp_v4,optimal,1,42.423217,109.477158,0.387507,1.8888,0.0,
u_mand_factor\set70\u_mand_factor_0.8.py,u_mand_factor,70,u_mand_factor,0.8,2,8,5,0.8,0.5,0.7,0.6,1.6,0.2,115.920004,80,32,147.200002,165.600006,70.537144,1,1,1070,0,ilp_v4,infeasible,0,,,,0.1778,,
u_mand_factor\set70\u_mand_factor_0.9.py,u_mand_factor,70,u_mand_factor,0.9,2,8,5,0.9,0.5,0.7,0.6,1.8,0.1,122.36,80,32,165.599994,174.8,79.354283,1,1,1070,0,ilp_v4,infeasible,0,,,,0.1367,,
u_mand_factor\set71\u_mand_factor_0.1.py,u_mand_factor,71,u_mand_factor,0.1,2,8,5,0.1,0.5,0.7,0.6,0.2,0.9,70.83999,80,36,18.399992,101.199986,8.817139,1,0,1071,0,ilp_v4,optimal,1,168.448489,62.805908,2.682048,0.5093,0.0,
u_mand_factor\set71\u_mand_factor_0.2.py,u_mand_factor,71,u_mand_factor,0.2,2,8,5,0.2,0.5,0.7,0.6,0.4,0.8,77.280002,80,36,36.800006,110.400003,17.634288,1,0,1071,0,ilp_v4,optimal,1,170.770242,71.778707,2.379121,0.4587,0.0,
u_mand_factor\set71\u_mand_factor_0.3.py,u_mand_factor,71,u_mand_factor,0.3,2,8,5,0.3,0.5,0.7,0.6,0.6,0.7,83.719994,80,36,55.199997,119.599991,26.451427,1,1,1071,0,ilp_v4,optimal,1,135.506018,83.42015,1.62438,0.5037,0.0,
u_mand_factor\set71\u_mand_factor_0.4.py,u_mand_factor,71,u_mand_factor,0.4,2,8,5,0.4,0.5,0.7,0.6,0.8,0.6,90.159996,80,36,73.600001,128.799994,35.268572,1,1,1071,0,ilp_v4,optimal,1,107.769403,89.646244,1.202163,0.6856,0.0,
u_mand_factor\set71\u_mand_factor_0.5.py,u_mand_factor,71,u_mand_factor,0.5,2,8,5,0.5,0.5,0.7,0.6,1.0,0.5,96.600005,80,36,91.999993,138.000007,44.085711,1,1,1071,0,ilp_v4,optimal,1,88.638132,96.55094,0.918045,1.5,0.0,
u_mand_factor\set71\u_mand_factor_0.6.py,u_mand_factor,71,u_mand_factor,0.6,2,8,5,0.6,0.5,0.7,0.6,1.2,0.4,103.040002,80,36,110.400005,147.200002,52.902859,1,1,1071,0,ilp_v4,optimal,1,64.451343,103.009399,0.625684,6.6094,0.0,
u_mand_factor\set71\u_mand_factor_0.7.py,u_mand_factor,71,u_mand_factor,0.7,2,8,5,0.7,0.5,0.7,0.6,1.4,0.3,109.479993,80,36,128.799994,156.39999,61.719997,1,1,1071,0,ilp_v4,optimal,1,38.300508,109.4749,0.349857,11.1043,0.0,
u_mand_factor\set71\u_mand_factor_0.8.py,u_mand_factor,71,u_mand_factor,0.8,2,8,5,0.8,0.5,0.7,0.6,1.6,0.2,115.920001,80,36,147.199992,165.600001,70.537139,1,1,1071,0,ilp_v4,optimal,1,9.606007,115.920005,0.082868,5.7666,0.0,
u_mand_factor\set71\u_mand_factor_0.9.py,u_mand_factor,71,u_mand_factor,0.9,2,8,5,0.9,0.5,0.7,0.6,1.8,0.1,122.360012,80,36,165.600003,174.800017,79.354287,1,1,1071,0,ilp_v4,infeasible,0,,,,0.1621,,
u_mand_factor\set72\u_mand_factor_0.1.py,u_mand_factor,72,u_mand_factor,0.1,2,8,5,0.1,0.5,0.7,0.6,0.2,0.9,70.839993,80,30,18.399997,101.19999,9.439998,1,0,1072,0,ilp_v4,optimal,1,204.096627,55.464019,3.679802,0.3093,0.0,
u_mand_factor\set72\u_mand_factor_0.2.py,u_mand_factor,72,u_mand_factor,0.2,2,8,5,0.2,0.5,0.7,0.6,0.4,0.8,77.28,80,30,36.800005,110.4,18.880002,1,0,1072,0,ilp_v4,optimal,1,189.000101,74.678756,2.530842,0.2898,0.0,
u_mand_factor\set72\u_mand_factor_0.3.py,u_mand_factor,72,u_mand_factor,0.3,2,8,5,0.3,0.5,0.7,0.6,0.6,0.7,83.720005,80,30,55.199999,119.600007,28.319999,1,1,1072,0,ilp_v4,optimal,1,161.20634,83.169408,1.938289,0.3025,0.0,
u_mand_factor\set72\u_mand_factor_0.4.py,u_mand_factor,72,u_mand_factor,0.4,2,8,5,0.4,0.5,0.7,0.6,0.8,0.6,90.159994,80,30,73.599995,128.799991,37.759998,1,1,1072,0,ilp_v4,optimal,1,136.345486,89.635347,1.521113,0.3207,0.0,
u_mand_factor\set72\u_mand_factor_0.5.py,u_mand_factor,72,u_mand_factor,0.5,2,8,5,0.5,0.5,0.7,0.6,1.0,0.5,96.600001,80,30,92.000006,138.000001,47.200003,1,1,1072,0,ilp_v4,optimal,1,111.995347,96.410701,1.161649,1.1107,0.0,
u_mand_factor\set72\u_mand_factor_0.6.py,u_mand_factor,72,u_mand_factor,0.6,2,8,5,0.6,0.5,0.7,0.6,1.2,0.4,103.039998,80,30,110.4,147.199997,56.64,1,1,1072,0,ilp_v4,optimal,1,83.51252,103.005857,0.810755,6.7262,0.0,
u_mand_factor\set72\u_mand_factor_0.7.py,u_mand_factor,72,u_mand_factor,0.7,2,8,5,0.7,0.5,0.7,0.6,1.4,0.3,109.479995,80,30,128.799997,156.399993,66.079998,1,1,1072,0,ilp_v4,optimal,1,49.061633,109.47965,0.448135,2.7639,0.0,
u_mand_factor\set72\u_mand_factor_0.8.py,u_mand_factor,72,u_mand_factor,0.8,2,8,5,0.8,0.5,0.7,0.6,1.6,0.2,115.919998,80,30,147.199993,165.599997,75.519996,1,1,1072,0,ilp_v4,optimal,1,2.845663,115.915537,0.024549,1.4792,0.0,
u_mand_factor\set72\u_mand_factor_0.9.py,u_mand_factor,72,u_mand_factor,0.9,2,8,5,0.9,0.5,0.7,0.6,1.8,0.1,122.360002,80,30,165.600008,174.800002,84.960004,1,1,1072,0,ilp_v4,infeasible,0,,,,0.0934,,
u_mand_factor\set73\u_mand_factor_0.1.py,u_mand_factor,73,u_mand_factor,0.1,2,8,5,0.1,0.5,0.7,0.6,0.2,0.9,70.839998,80,29,18.399992,101.199997,9.203632,1,0,1073,0,ilp_v4,optimal,1,236.533288,57.232303,4.132863,0.2386,0.0,
u_mand_factor\set73\u_mand_factor_0.2.py,u_mand_factor,73,u_mand_factor,0.2,2,8,5,0.2,0.5,0.7,0.6,0.4,0.8,77.280002,80,29,36.800006,110.400003,18.407276,1,0,1073,0,ilp_v4,optimal,1,241.12137,74.400495,3.240857,0.2233,0.0,
u_mand_factor\set73\u_mand_factor_0.3.py,u_mand_factor,73,u_mand_factor,0.3,2,8,5,0.3,0.5,0.7,0.6,0.6,0.7,83.720002,80,29,55.199997,119.600003,27.610907,1,1,1073,0,ilp_v4,optimal,1,194.626544,82.143664,2.369343,0.2024,0.0,
u_mand_factor\set73\u_mand_factor_0.4.py,u_mand_factor,73,u_mand_factor,0.4,2,8,5,0.4,0.5,0.7,0.6,0.8,0.6,90.160002,80,29,73.600006,128.800002,36.814548,1,1,1073,0,ilp_v4,optimal,1,153.840229,89.009942,1.728349,0.2209,0.0,
u_mand_factor\set73\u_mand_factor_0.5.py,u_mand_factor,73,u_mand_factor,0.5,2,8,5,0.5,0.5,0.7,0.6,1.0,0.5,96.600004,80,29,91.999997,138.000006,46.01818,1,1,1073,0,ilp_v4,optimal,1,127.440409,96.550362,1.319937,0.2998,0.0,
u_mand_factor\set73\u_mand_factor_0.6.py,u_mand_factor,73,u_mand_factor,0.6,2,8,5,0.6,0.5,0.7,0.6,1.2,0.4,103.039998,80,29,110.399998,147.199998,55.221817,1,1,1073,0,ilp_v4,optimal,1,95.329117,99.806957,0.955135,0.842,0.0,
u_mand_factor\set73\u_mand_factor_0.7.py,u_mand_factor,73,u_mand_factor,0.7,2,8,5,0.7,0.5,0.7,0.6,1.4,0.3,109.480005,80,29,128.800001,156.400007,64.425455,1,1,1073,0,ilp_v4,optimal,1,57.908673,109.281487,0.529904,0.9934,0.0,
u_mand_factor\set73\u_mand_factor_0.8.py,u_mand_factor,73,u_mand_factor,0.8,2,8,5,0.8,0.5,0.7,0.6,1.6,0.2,115.919998,80,29,147.199994,165.599998,73.629088,1,1,1073,0,ilp_v4,optimal,1,21.821901,115.914901,0.188258,2.1639,6e-05,
u_mand_factor\set73\u_mand_factor_0.9.py,u_mand_factor,73,u_mand_factor,0.9,2,8,5,0.9,0.5,0.7,0.6,1.8,0.1,122.360009,80,29,165.600007,174.800013,82.832731,1,1,1073,0,ilp_v4,infeasible,0,,,,0.0931,,
u_mand_factor\set74\u_mand_factor_0.1.py,u_mand_factor,74,u_mand_factor,0.1,2,8,5,0.1,0.5,0.7,0.6,0.2,0.9,70.839999,80,36,18.39999,101.199999,8.559995,1,0,1074,0,ilp_v4,optimal,1,170.880668,67.578878,2.528611,0.3085,0.0,
u_mand_factor\set74\u_mand_factor_0.2.py,u_mand_factor,74,u_mand_factor,0.2,2,8,5,0.2,0.5,0.7,0.6,0.4,0.8,77.279999,80,36,36.800001,110.399999,17.120001,1,0,1074,0,ilp_v4,optimal,1,140.643909,76.621486,1.835568,0.2884,0.0,
u_mand_factor\set74\u_mand_factor_0.3.py,u_mand_factor,74,u_mand_factor,0.3,2,8,5,0.3,0.5,0.7,0.6,0.6,0.7,83.720004,80,36,55.199997,119.600006,25.679998,1,1,1074,0,ilp_v4,optimal,1,133.833917,83.429821,1.60415,0.2839,0.0,
u_mand_factor\set74\u_mand_factor_0.4.py,u_mand_factor,74,u_mand_factor,0.4,2,8,5,0.4,0.5,0.7,0.6,0.8,0.6,90.159995,80,36,73.599999,128.799993,34.239999,1,1,1074,0,ilp_v4,optimal,1,118.88602,87.246067,1.362652,0.2604,0.0,
u_mand_factor\set74\u_mand_factor_0.5.py,u_mand_factor,74,u_mand_factor,0.5,2,8,5,0.5,0.5,0.7,0.6,1.0,0.5,96.599996,80,36,91.999998,137.999994,42.799999,1,1,1074,0,ilp_v4,optimal,1,99.071685,96.516167,1.026478,0.3677,0.0,
u_mand_factor\set74\u_mand_factor_0.6.py,u_mand_factor,74,u_mand_factor,0.6,2,8,5,0.6,0.5,0.7,0.6,1.2,0.4,103.039985,80,36,110.399991,147.199978,51.359996,1,1,1074,0,ilp_v4,optimal,1,75.084452,103.039915,0.728693,0.8001,7.4e-05,
u_mand_factor\set74\u_mand_factor_0.7.py,u_mand_factor,74,u_mand_factor,0.7,2,8,5,0.7,0.5,0.7,0.6,1.4,0.3,109.480013,80,36,128.800003,156.400018,59.920002,1,1,1074,0,ilp_v4,optimal,1,45.071413,109.468202,0.411731,2.1554,0.0,
u_mand_factor\set74\u_mand_factor_0.8.py,u_mand_factor,74,u_mand_factor,0.8,2,8,5,0.8,0.5,0.7,0.6,1.6,0.2,115.920009,80,36,147.200003,165.600013,68.480002,1,1,1074,0,ilp_v4,optimal,1,11.337395,115.916012,0.097807,8.9335,7e-06,
u_mand_factor\set74\u_mand_factor_0.9.py,u_mand_factor,74,u_mand_factor,0.9,2,8,5,0.9,0.5,0.7,0.6,1.8,0.1,122.360009,80,36,165.600006,174.800013,77.040003,1,1,1074,0,ilp_v4,infeasible,0,,,,0.2431,,
u_mand_factor\set75\u_mand_factor_0.1.py,u_mand_factor,75,u_mand_factor,0.1,2,8,5,0.1,0.5,0.7,0.6,0.2,0.9,70.840003,80,31,18.400006,101.200005,8.573336,1,0,1075,0,ilp_v4,optimal,1,161.059773,66.150616,2.434743,0.2341,0.0,
u_mand_factor\set75\u_mand_factor_0.2.py,u_mand_factor,75,u_mand_factor,0.2,2,8,5,0.2,0.5,0.7,0.6,0.4,0.8,77.28,80,31,36.799995,110.4,17.146665,1,0,1075,0,ilp_v4,optimal,1,156.776307,72.687533,2.156853,0.5998,0.0,
u_mand_factor\set75\u_mand_factor_0.3.py,u_mand_factor,75,u_mand_factor,0.3,2,8,5,0.3,0.5,0.7,0.6,0.6,0.7,83.720002,80,31,55.199998,119.600003,25.719999,1,1,1075,0,ilp_v4,optimal,1,130.968782,82.654281,1.584537,0.5451,0.0,
u_mand_factor\set75\u_mand_factor_0.4.py,u_mand_factor,75,u_mand_factor,0.4,2,8,5,0.4,0.5,0.7,0.6,0.8,0.6,90.159994,80,31,73.600001,128.799991,34.293334,1,1,1075,0,ilp_v4,optimal,1,106.216285,90.157912,1.178114,0.6778,0.0,
u_mand_factor\set75\u_mand_factor_0.5.py,u_mand_factor,75,u_mand_factor,0.5,2,8,5,0.5,0.5,0.7,0.6,1.0,0.5,96.599989,80,31,91.999998,137.999984,42.866666,1,1,1075,0,ilp_v4,optimal,1,89.267786,96.598819,0.924108,1.2719,2.5e-05,
u_mand_factor\set75\u_mand_factor_0.6.py,u_mand_factor,75,u_mand_factor,0.6,2,8,5,0.6,0.5,0.7,0.6,1.2,0.4,103.040005,80,31,110.399997,147.200007,51.439998,1,1,1075,0,ilp_v4,optimal,1,65.644628,103.039957,0.637079,1.6459,7.5e-05,
u_mand_factor\set75\u_mand_factor_0.7.py,u_mand_factor,75,u_mand_factor,0.7,2,8,5,0.7,0.5,0.7,0.6,1.4,0.3,109.480006,80,31,128.800005,156.400008,60.013335,1,1,1075,0,ilp_v4,optimal,1,38.64194,109.470374,0.35299,3.4917,1.3e-05,
u_mand_factor\set75\u_mand_factor_0.8.py,u_mand_factor,75,u_mand_factor,0.8,2,8,5,0.8,0.5,0.7,0.6,1.6,0.2,115.920002,80,31,147.2,165.600002,68.586667,1,1,1075,0,ilp_v4,optimal,1,2.826784,115.91203,0.024387,2.0529,0.0,
u_mand_factor\set75\u_mand_factor_0.9.py,u_mand_factor,75,u_mand_factor,0.9,2,8,5,0.9,0.5,0.7,0.6,1.8,0.1,122.359998,80,31,165.599997,174.799998,77.159998,1,1,1075,0,ilp_v4,infeasible,0,,,,0.1592,,
u_mand_factor\set76\u_mand_factor_0.1.py,u_mand_factor,76,u_mand_factor,0.1,2,8,5,0.1,0.5,0.7,0.6,0.2,0.9,70.839996,80,32,18.399998,101.199994,8.559999,1,0,1076,0,ilp_v4,optimal,1,189.19268,63.078832,2.999305,0.2106,0.0,
u_mand_factor\set76\u_mand_factor_0.2.py,u_mand_factor,76,u_mand_factor,0.2,2,8,5,0.2,0.5,0.7,0.6,0.4,0.8,77.279998,80,32,36.799995,110.399998,17.119998,1,0,1076,0,ilp_v4,optimal,1,191.347712,73.218506,2.613379,0.2327,0.0,
u_mand_factor\set76\u_mand_factor_0.3.py,u_mand_factor,76,u_mand_factor,0.3,2,8,5,0.3,0.5,0.7,0.6,0.6,0.7,83.720006,80,32,55.200012,119.600008,25.680005,1,1,1076,0,ilp_v4,optimal,1,157.550705,83.621335,1.884097,0.4665,0.0,
u_mand_factor\set76\u_mand_factor_0.4.py,u_mand_factor,76,u_mand_factor,0.4,2,8,5,0.4,0.5,0.7,0.6,0.8,0.6,90.159997,80,32,73.599998,128.799995,34.239999,1,1,1076,0,ilp_v4,optimal,1,124.783977,90.127439,1.384528,0.5621,0.0,
u_mand_factor\set76\u_mand_factor_0.5.py,u_mand_factor,76,u_mand_factor,0.5,2,8,5,0.5,0.5,0.7,0.6,1.0,0.5,96.599995,80,32,91.999995,137.999993,42.799998,1,1,1076,0,ilp_v4,optimal,1,92.444981,96.587938,0.957107,1.1954,2.4e-05,
u_mand_factor\set76\u_mand_factor_0.6.py,u_mand_factor,76,u_mand_factor,0.6,2,8,5,0.6,0.5,0.7,0.6,1.2,0.4,103.03999,80,32,110.399992,147.199985,51.359996,1,1,1076,0,ilp_v4,optimal,1,60.566253,103.036648,0.587813,28.9329,9.6e-05,
u_mand_factor\set76\u_mand_factor_0.7.py,u_mand_factor,76,u_mand_factor,0.7,2,8,5,0.7,0.5,0.7,0.6,1.4,0.3,109.479996,80,32,128.799995,156.399994,59.919998,1,1,1076,0,ilp_v4,optimal,1,32.798551,109.447417,0.299674,25.7807,0.0,
u_mand_factor\set76\u_mand_factor_0.8.py,u_mand_factor,76,u_mand_factor,0.8,2,8,5,0.8,0.5,0.7,0.6,1.6,0.2,115.920002,80,32,147.200001,165.600003,68.480001,1,1,1076,0,ilp_v4,infeasible,0,,,,0.3048,,
u_mand_factor\set76\u_mand_factor_0.9.py,u_mand_factor,76,u_mand_factor,0.9,2,8,5,0.9,0.5,0.7,0.6,1.8,0.1,122.360001,80,32,165.600002,174.800001,77.040001,1,1,1076,0,ilp_v4,infeasible,0,,,,0.3288,,
u_mand_factor\set77\u_mand_factor_0.1.py,u_mand_factor,77,u_mand_factor,0.1,2,8,5,0.1,0.5,0.7,0.6,0.2,0.9,70.839996,80,23,18.4,101.199994,8.573333,1,0,1077,0,ilp_v4,optimal,1,274.901704,66.417986,4.138965,0.2707,0.0,
u_mand_factor\set77\u_mand_factor_0.2.py,u_mand_factor,77,u_mand_factor,0.2,2,8,5,0.2,0.5,0.7,0.6,0.4,0.8,77.28,80,23,36.800003,110.4,17.146668,1,0,1077,0,ilp_v4,optimal,1,213.349006,77.18134,2.764256,0.2651,0.0,
u_mand_factor\set77\u_mand_factor_0.3.py,u_mand_factor,77,u_mand_factor,0.3,2,8,5,0.3,0.5,0.7,0.6,0.6,0.7,83.719995,80,23,55.199994,119.599993,25.719997,1,1,1077,0,ilp_v4,optimal,1,202.890643,83.070385,2.442394,0.2991,0.0,
u_mand_factor\set77\u_mand_factor_0.4.py,u_mand_factor,77,u_mand_factor,0.4,2,8,5,0.4,0.5,0.7,0.6,0.8,0.6,90.159993,80,23,73.599998,128.79999,34.293332,1,1,1077,0,ilp_v4,optimal,1,185.622146,89.177201,2.081498,0.3362,0.0,
u_mand_factor\set77\u_mand_factor_0.5.py,u_mand_factor,77,u_mand_factor,0.5,2,8,5,0.5,0.5,0.7,0.6,1.0,0.5,96.599996,80,23,91.999998,137.999994,42.866666,1,1,1077,0,ilp_v4,optimal,1,156.392572,96.493026,1.620766,0.803,0.0,
u_mand_factor\set77\u_mand_factor_0.6.py,u_mand_factor,77,u_mand_factor,0.6,2,8,5,0.6,0.5,0.7,0.6,1.2,0.4,103.040002,80,23,110.400001,147.200002,51.440001,1,1,1077,0,ilp_v4,optimal,1,124.097949,103.031332,1.204468,1.0669,9.4e-05,
u_mand_factor\set77\u_mand_factor_0.7.py,u_mand_factor,77,u_mand_factor,0.7,2,8,5,0.7,0.5,0.7,0.6,1.4,0.3,109.479998,80,23,128.799999,156.399998,60.013333,1,1,1077,0,ilp_v4,optimal,1,80.027571,109.470865,0.73104,1.5752,0.0,
u_mand_factor\set77\u_mand_factor_0.8.py,u_mand_factor,77,u_mand_factor,0.8,2,8,5,0.8,0.5,0.7,0.6,1.6,0.2,115.920002,80,23,147.200007,165.600003,68.58667,1,1,1077,0,ilp_v4,infeasible,0,,,,0.1645,,
u_mand_factor\set77\u_mand_factor_0.9.py,u_mand_factor,77,u_mand_factor,0.9,2,8,5,0.9,0.5,0.7,0.6,1.8,0.1,122.36,80,23,165.599998,174.8,77.159999,1,1,1077,0,ilp_v4,infeasible,0,,,,0.1093,,
u_mand_factor\set78\u_mand_factor_0.1.py,u_mand_factor,78,u_mand_factor,0.1,2,8,5,0.1,0.5,0.7,0.6,0.2,0.9,70.839994,80,27,18.399997,101.199992,8.559998,1,0,1078,0,ilp_v4,optimal,1,284.116149,67.017425,4.239437,0.4901,0.0,
u_mand_factor\set78\u_mand_factor_0.2.py,u_mand_factor,78,u_mand_factor,0.2,2,8,5,0.2,0.5,0.7,0.6,0.4,0.8,77.279999,80,27,36.799995,110.399999,17.119998,1,0,1078,0,ilp_v4,optimal,1,274.672291,75.749549,3.626058,0.6259,0.0,
u_mand_factor\set78\u_mand_factor_0.3.py,u_mand_factor,78,u_mand_factor,0.3,2,8,5,0.3,0.5,0.7,0.6,0.6,0.7,83.719998,80,27,55.199993,119.599997,25.679997,1,1,1078,0,ilp_v4,optimal,1,237.497067,75.350563,3.151895,0.6091,0.0,
u_mand_factor\set78\u_mand_factor_0.4.py,u_mand_factor,78,u_mand_factor,0.4,2,8,5,0.4,0.5,0.7,0.6,0.8,0.6,90.159994,80,27,73.600001,128.799991,34.240001,1,1,1078,0,ilp_v4,optimal,1,186.175586,90.076835,2.066853,1.2892,0.0,
u_mand_factor\set78\u_mand_factor_0.5.py,u_mand_factor,78,u_mand_factor,0.5,2,8,5,0.5,0.5,0.7,0.6,1.0,0.5,96.599994,80,27,91.999999,137.999991,42.799999,1,1,1078,0,ilp_v4,optimal,1,142.339871,95.678103,1.487695,1.7089,0.0,
u_mand_factor\set78\u_mand_factor_0.6.py,u_mand_factor,78,u_mand_factor,0.6,2,8,5,0.6,0.5,0.7,0.6,1.2,0.4,103.039993,80,27,110.399998,147.19999,51.359999,1,1,1078,0,ilp_v4,optimal,1,97.473832,102.924039,0.947046,3.0761,0.0,
u_mand_factor\set78\u_mand_factor_0.7.py,u_mand_factor,78,u_mand_factor,0.7,2,8,5,0.7,0.5,0.7,0.6,1.4,0.3,109.480006,80,27,128.800006,156.400008,59.920003,1,1,1078,0,ilp_v4,optimal,1,44.705152,109.477531,0.40835,1.7848,0.0,
u_mand_factor\set78\u_mand_factor_0.8.py,u_mand_factor,78,u_mand_factor,0.8,2,8,5,0.8,0.5,0.7,0.6,1.6,0.2,115.920007,80,27,147.200003,165.60001,68.480002,1,1,1078,0,ilp_v4,infeasible,0,,,,0.2873,,
u_mand_factor\set78\u_mand_factor_0.9.py,u_mand_factor,78,u_mand_factor,0.9,2,8,5,0.9,0.5,0.7,0.6,1.8,0.1,122.36,80,27,165.600003,174.8,77.040002,1,1,1078,0,ilp_v4,infeasible,0,,,,0.196,,
u_mand_factor\set79\u_mand_factor_0.1.py,u_mand_factor,79,u_mand_factor,0.1,2,8,5,0.1,0.5,0.7,0.6,0.2,0.9,70.839992,80,20,18.399998,101.199988,8.559999,1,0,1079,0,ilp_v4,optimal,1,186.96869,69.343761,2.696258,0.2399,0.0,
u_mand_factor\set79\u_mand_factor_0.2.py,u_mand_factor,79,u_mand_factor,0.2,2,8,5,0.2,0.5,0.7,0.6,0.4,0.8,77.28,80,20,36.8,110.4,17.12,1,0,1079,0,ilp_v4,optimal,1,194.477797,74.075399,2.625403,0.2406,0.0,
u_mand_factor\set79\u_mand_factor_0.3.py,u_mand_factor,79,u_mand_factor,0.3,2,8,5,0.3,0.5,0.7,0.6,0.6,0.7,83.719999,80,20,55.199997,119.599999,25.679998,1,1,1079,0,ilp_v4,optimal,1,149.826407,83.325158,1.798093,0.2825,0.0,
u_mand_factor\set79\u_mand_factor_0.4.py,u_mand_factor,79,u_mand_factor,0.4,2,8,5,0.4,0.5,0.7,0.6,0.8,0.6,90.160002,80,20,73.6,128.800003,34.24,1,1,1079,0,ilp_v4,optimal,1,129.484118,88.685159,1.460043,0.2408,0.0,
u_mand_factor\set79\u_mand_factor_0.5.py,u_mand_factor,79,u_mand_factor,0.5,2,8,5,0.5,0.5,0.7,0.6,1.0,0.5,96.599998,80,20,91.999999,137.999998,42.799999,1,1,1079,0,ilp_v4,optimal,1,107.660416,96.584571,1.114675,0.7041,9.5e-05,
u_mand_factor\set79\u_mand_factor_0.6.py,u_mand_factor,79,u_mand_factor,0.6,2,8,5,0.6,0.5,0.7,0.6,1.2,0.4,103.040006,80,20,110.400001,147.200008,51.360001,1,1,1079,0,ilp_v4,optimal,1,74.805019,102.684155,0.728496,0.6004,0.0,
u_mand_factor\set79\u_mand_factor_0.7.py,u_mand_factor,79,u_mand_factor,0.7,2,8,5,0.7,0.5,0.7,0.6,1.4,0.3,109.480002,80,20,128.800001,156.400002,59.920001,1,1,1079,0,ilp_v4,optimal,1,44.592072,109.479935,0.407308,1.682,0.0,
u_mand_factor\set79\u_mand_factor_0.8.py,u_mand_factor,79,u_mand_factor,0.8,2,8,5,0.8,0.5,0.7,0.6,1.6,0.2,115.920002,80,20,147.200001,165.600002,68.480001,1,1,1079,0,ilp_v4,infeasible,0,,,,0.1166,,
u_mand_factor\set79\u_mand_factor_0.9.py,u_mand_factor,79,u_mand_factor,0.9,2,8,5,0.9,0.5,0.7,0.6,1.8,0.1,122.359995,80,20,165.6,174.799993,77.04,1,1,1079,0,ilp_v4,infeasible,0,,,,0.109,,
u_mand_factor\set80\u_mand_factor_0.1.py,u_mand_factor,80,u_mand_factor,0.1,2,8,5,0.1,0.5,0.7,0.6,0.2,0.9,70.839994,80,25,18.399998,101.199992,8.799999,1,0,1080,0,ilp_v4,optimal,1,206.231467,70.46641,2.926663,0.5071,0.0,
u_mand_factor\set80\u_mand_factor_0.2.py,u_mand_factor,80,u_mand_factor,0.2,2,8,5,0.2,0.5,0.7,0.6,0.4,0.8,77.280007,80,25,36.800005,110.40001,17.600002,1,0,1080,0,ilp_v4,optimal,1,172.995106,73.038344,2.368552,0.5789,0.0,
u_mand_factor\set80\u_mand_factor_0.3.py,u_mand_factor,80,u_mand_factor,0.3,2,8,5,0.3,0.5,0.7,0.6,0.6,0.7,83.720001,80,25,55.200002,119.600001,26.400001,1,1,1080,0,ilp_v4,optimal,1,147.209161,83.528932,1.762373,0.5593,0.0,
u_mand_factor\set80\u_mand_factor_0.4.py,u_mand_factor,80,u_mand_factor,0.4,2,8,5,0.4,0.5,0.7,0.6,0.8,0.6,90.159998,80,25,73.599998,128.799998,35.199999,1,1,1080,0,ilp_v4,optimal,1,130.640304,89.504637,1.459593,0.6078,0.0,
u_mand_factor\set80\u_mand_factor_0.5.py,u_mand_factor,80,u_mand_factor,0.5,2,8,5,0.5,0.5,0.7,0.6,1.0,0.5,96.600006,80,25,92.000008,138.000009,44.000004,1,1,1080,0,ilp_v4,optimal,1,109.239359,96.5858,1.131008,1.2625,0.0,
u_mand_factor\set80\u_mand_factor_0.6.py,u_mand_factor,80,u_mand_factor,0.6,2,8,5,0.6,0.5,0.7,0.6,1.2,0.4,103.040005,80,25,110.400005,147.200007,52.800002,1,1,1080,0,ilp_v4,optimal,1,82.123562,103.025851,0.797116,1.8393,0.0,
u_mand_factor\set80\u_mand_factor_0.7.py,u_mand_factor,80,u_mand_factor,0.7,2,8,5,0.7,0.5,0.7,0.6,1.4,0.3,109.479998,80,25,128.799993,156.399997,61.599997,1,1,1080,0,ilp_v4,optimal,1,48.625151,109.479251,0.444149,3.477,0.0,
u_mand_factor\set80\u_mand_factor_0.8.py,u_mand_factor,80,u_mand_factor,0.8,2,8,5,0.8,0.5,0.7,0.6,1.6,0.2,115.92,80,25,147.200005,165.6,70.400002,1,1,1080,0,ilp_v4,optimal,1,11.125933,115.917899,0.095981,2.3472,0.0,
u_mand_factor\set80\u_mand_factor_0.9.py,u_mand_factor,80,u_mand_factor,0.9,2,8,5,0.9,0.5,0.7,0.6,1.8,0.1,122.360006,80,25,165.600002,174.800009,79.200001,1,1,1080,0,ilp_v4,infeasible,0,,,,0.1362,,
u_mand_factor\set81\u_mand_factor_0.1.py,u_mand_factor,81,u_mand_factor,0.1,2,8,5,0.1,0.5,0.7,0.6,0.2,0.9,70.840001,80,24,18.400002,101.200001,8.800001,1,0,1081,0,ilp_v4,optimal,1,223.227908,58.959731,3.786108,0.3026,0.0,
u_mand_factor\set81\u_mand_factor_0.2.py,u_mand_factor,81,u_mand_factor,0.2,2,8,5,0.2,0.5,0.7,0.6,0.4,0.8,77.279994,80,24,36.800001,110.399991,17.600001,1,0,1081,0,ilp_v4,optimal,1,215.673412,70.748484,3.048453,0.3045,0.0,
u_mand_factor\set81\u_mand_factor_0.3.py,u_mand_factor,81,u_mand_factor,0.3,2,8,5,0.3,0.5,0.7,0.6,0.6,0.7,83.720001,80,24,55.200005,119.600001,26.400002,1,1,1081,0,ilp_v4,optimal,1,182.218797,82.865501,2.198971,0.5858,0.0,
u_mand_factor\set81\u_mand_factor_0.4.py,u_mand_factor,81,u_mand_factor,0.4,2,8,5,0.4,0.5,0.7,0.6,0.8,0.6,90.159998,80,24,73.599999,128.799998,35.199999,1,1,1081,0,ilp_v4,optimal,1,137.253509,90.153883,1.522436,1.2167,0.0,
u_mand_factor\set81\u_mand_factor_0.5.py,u_mand_factor,81,u_mand_factor,0.5,2,8,5,0.5,0.5,0.7,0.6,1.0,0.5,96.600007,80,24,92.000001,138.00001,44.000001,1,1,1081,0,ilp_v4,optimal,1,129.191264,96.320626,1.341263,0.6348,0.0,
u_mand_factor\set81\u_mand_factor_0.6.py,u_mand_factor,81,u_mand_factor,0.6,2,8,5,0.6,0.5,0.7,0.6,1.2,0.4,103.040006,80,24,110.400001,147.200009,52.800001,1,1,1081,0,ilp_v4,optimal,1,97.128903,102.981935,0.943164,1.0735,0.0,
u_mand_factor\set81\u_mand_factor_0.7.py,u_mand_factor,81,u_mand_factor,0.7,2,8,5,0.7,0.5,0.7,0.6,1.4,0.3,109.480003,80,24,128.800005,156.400005,61.600002,1,1,1081,0,ilp_v4,optimal,1,57.139243,109.453827,0.52204,1.6973,0.0,
u_mand_factor\set81\u_mand_factor_0.8.py,u_mand_factor,81,u_mand_factor,0.8,2,8,5,0.8,0.5,0.7,0.6,1.6,0.2,115.92,80,24,147.199999,165.6,70.399999,1,1,1081,0,ilp_v4,optimal,1,11.669752,115.89422,0.100693,1.4505,0.0,
u_mand_factor\set81\u_mand_factor_0.9.py,u_mand_factor,81,u_mand_factor,0.9,2,8,5,0.9,0.5,0.7,0.6,1.8,0.1,122.360003,80,24,165.600001,174.800005,79.200001,1,1,1081,0,ilp_v4,infeasible,0,,,,0.0452,,
u_mand_factor\set82\u_mand_factor_0.1.py,u_mand_factor,82,u_mand_factor,0.1,2,8,5,0.1,0.5,0.7,0.6,0.2,0.9,70.839997,80,35,18.399992,101.199995,8.57333,1,0,1082,0,ilp_v4,optimal,1,233.93635,70.627747,3.312244,0.4414,0.0,
u_mand_factor\set82\u_mand_factor_0.2.py,u_mand_factor,82,u_mand_factor,0.2,2,8,5,0.2,0.5,0.7,0.6,0.4,0.8,77.280014,80,35,36.800006,110.40002,17.146669,1,0,1082,0,ilp_v4,optimal,1,194.894167,69.313138,2.811793,0.6781,0.0,
u_mand_factor\set82\u_mand_factor_0.3.py,u_mand_factor,82,u_mand_factor,0.3,2,8,5,0.3,0.5,0.7,0.6,0.6,0.7,83.72,80,35,55.199995,119.6,25.719998,1,1,1082,0,ilp_v4,optimal,1,184.784358,81.188726,2.275985,0.6945,0.0,
u_mand_factor\set82\u_mand_factor_0.4.py,u_mand_factor,82,u_mand_factor,0.4,2,8,5,0.4,0.5,0.7,0.6,0.8,0.6,90.159994,80,35,73.600006,128.799992,34.293336,1,1,1082,0,ilp_v4,optimal,1,164.103718,90.106551,1.821219,1.6292,0.0,
u_mand_factor\set82\u_mand_factor_0.5.py,u_mand_factor,82,u_mand_factor,0.5,2,8,5,0.5,0.5,0.7,0.6,1.0,0.5,96.600007,80,35,92.000005,138.00001,42.866669,1,1,1082,0,ilp_v4,optimal,1,137.255981,96.524745,1.421977,3.1217,0.0,
u_mand_factor\set82\u_mand_factor_0.6.py,u_mand_factor,82,u_mand_factor,0.6,2,8,5,0.6,0.5,0.7,0.6,1.2,0.4,103.040006,80,35,110.400009,147.200009,51.440004,1,1,1082,0,ilp_v4,optimal,1,101.455018,103.027051,0.984742,3.041,0.0,
u_mand_factor\set82\u_mand_factor_0.7.py,u_mand_factor,82,u_mand_factor,0.7,2,8,5,0.7,0.5,0.7,0.6,1.4,0.3,109.479989,80,35,128.799993,156.399984,60.01333,1,1,1082,0,ilp_v4,optimal,1,61.659734,109.477195,0.56322,8.1092,0.0,
u_mand_factor\set82\u_mand_factor_0.8.py,u_mand_factor,82,u_mand_factor,0.8,2,8,5,0.8,0.5,0.7,0.6,1.6,0.2,115.920003,80,35,147.199993,165.600005,68.586663,1,1,1082,0,ilp_v4,infeasible,0,,,,0.16,,
u_mand_factor\set82\u_mand_factor_0.9.py,u_mand_factor,82,u_mand_factor,0.9,2,8,5,0.9,0.5,0.7,0.6,1.8,0.1,122.359994,80,35,165.600002,174.799992,77.160001,1,1,1082,0,ilp_v4,infeasible,0,,,,0.1586,,
u_mand_factor\set83\u_mand_factor_0.1.py,u_mand_factor,83,u_mand_factor,0.1,2,8,5,0.1,0.5,0.7,0.6,0.2,0.9,70.840005,80,26,18.400003,101.200007,8.573335,1,0,1083,0,ilp_v4,optimal,1,206.631548,61.817269,3.342619,0.1132,0.0,
u_mand_factor\set83\u_mand_factor_0.2.py,u_mand_factor,83,u_mand_factor,0.2,2,8,5,0.2,0.5,0.7,0.6,0.4,0.8,77.279998,80,26,36.800001,110.399997,17.146667,1,0,1083,0,ilp_v4,optimal,1,206.806995,76.416874,2.7063,0.1221,0.0,
u_mand_factor\set83\u_mand_factor_0.3.py,u_mand_factor,83,u_mand_factor,0.3,2,8,5,0.3,0.5,0.7,0.6,0.6,0.7,83.719999,80,26,55.200007,119.599999,25.720003,1,1,1083,0,ilp_v4,optimal,1,171.185439,81.191204,2.108423,0.1436,0.0,
u_mand_factor\set83\u_mand_factor_0.4.py,u_mand_factor,83,u_mand_factor,0.4,2,8,5,0.4,0.5,0.7,0.6,0.8,0.6,90.159999,80,26,73.599995,128.799999,34.293331,1,1,1083,0,ilp_v4,optimal,1,133.759245,90.124925,1.484154,0.1899,0.0,
u_mand_factor\set83\u_mand_factor_0.5.py,u_mand_factor,83,u_mand_factor,0.5,2,8,5,0.5,0.5,0.7,0.6,1.0,0.5,96.600002,80,26,92.000007,138.000003,42.86667,1,1,1083,0,ilp_v4,optimal,1,106.739685,96.167322,1.109937,2.1627,0.0,
u_mand_factor\set83\u_mand_factor_0.6.py,u_mand_factor,83,u_mand_factor,0.6,2,8,5,0.6,0.5,0.7,0.6,1.2,0.4,103.040002,80,26,110.400001,147.200002,51.440001,1,1,1083,0,ilp_v4,optimal,1,81.23101,102.885952,0.789525,0.6219,0.0,
u_mand_factor\set83\u_mand_factor_0.7.py,u_mand_factor,83,u_mand_factor,0.7,2,8,5,0.7,0.5,0.7,0.6,1.4,0.3,109.479996,80,26,128.800002,156.399994,60.013334,1,1,1083,0,ilp_v4,time_limit,1,42.586946,109.458362,0.38907,30.8171,0.000454,
u_mand_factor\set83\u_mand_factor_0.8.py,u_mand_factor,83,u_mand_factor,0.8,2,8,5,0.8,0.5,0.7,0.6,1.6,0.2,115.920001,80,26,147.200002,165.600001,68.586668,1,1,1083,0,ilp_v4,infeasible,0,,,,0.0686,,
u_mand_factor\set83\u_mand_factor_0.9.py,u_mand_factor,83,u_mand_factor,0.9,2,8,5,0.9,0.5,0.7,0.6,1.8,0.1,122.359995,80,26,165.599997,174.799993,77.159998,1,1,1083,0,ilp_v4,infeasible,0,,,,0.0824,,
u_mand_factor\set84\u_mand_factor_0.1.py,u_mand_factor,84,u_mand_factor,0.1,2,8,5,0.1,0.5,0.7,0.6,0.2,0.9,70.840008,80,32,18.4,101.200012,9.44,1,0,1084,0,ilp_v4,optimal,1,174.956999,69.162141,2.529664,0.3407,0.0,
u_mand_factor\set84\u_mand_factor_0.2.py,u_mand_factor,84,u_mand_factor,0.2,2,8,5,0.2,0.5,0.7,0.6,0.4,0.8,77.280002,80,32,36.800009,110.400003,18.880005,1,0,1084,0,ilp_v4,optimal,1,177.915739,76.691828,2.319879,0.4306,0.0,
u_mand_factor\set84\u_mand_factor_0.3.py,u_mand_factor,84,u_mand_factor,0.3,2,8,5,0.3,0.5,0.7,0.6,0.6,0.7,83.720003,80,32,55.200009,119.600005,28.320005,1,1,1084,0,ilp_v4,optimal,1,144.211426,76.982203,1.873309,0.345,0.0,
u_mand_factor\set84\u_mand_factor_0.4.py,u_mand_factor,84,u_mand_factor,0.4,2,8,5,0.4,0.5,0.7,0.6,0.8,0.6,90.159996,80,32,73.599991,128.799994,37.759995,1,1,1084,0,ilp_v4,optimal,1,120.004446,86.723778,1.383755,0.335,0.0,
u_mand_factor\set84\u_mand_factor_0.5.py,u_mand_factor,84,u_mand_factor,0.5,2,8,5,0.5,0.5,0.7,0.6,1.0,0.5,96.599995,80,32,91.999998,137.999993,47.199999,1,1,1084,0,ilp_v4,optimal,1,95.88078,96.210056,0.996578,0.8416,0.0,
u_mand_factor\set84\u_mand_factor_0.6.py,u_mand_factor,84,u_mand_factor,0.6,2,8,5,0.6,0.5,0.7,0.6,1.2,0.4,103.039997,80,32,110.400002,147.199995,56.640001,1,1,1084,0,ilp_v4,optimal,1,72.968799,103.039274,0.708165,1.604,5.8e-05,
u_mand_factor\set84\u_mand_factor_0.7.py,u_mand_factor,84,u_mand_factor,0.7,2,8,5,0.7,0.5,0.7,0.6,1.4,0.3,109.480005,80,32,128.800002,156.400007,66.080001,1,1,1084,0,ilp_v4,optimal,1,48.966861,109.479578,0.447269,4.0881,8.6e-05,
u_mand_factor\set84\u_mand_factor_0.8.py,u_mand_factor,84,u_mand_factor,0.8,2,8,5,0.8,0.5,0.7,0.6,1.6,0.2,115.920003,80,32,147.200007,165.600005,75.520004,1,1,1084,0,ilp_v4,infeasible,0,,,,0.1349,,
u_mand_factor\set84\u_mand_factor_0.9.py,u_mand_factor,84,u_mand_factor,0.9,2,8,5,0.9,0.5,0.7,0.6,1.8,0.1,122.360001,80,32,165.600002,174.800001,84.960001,1,1,1084,0,ilp_v4,infeasible,0,,,,0.1547,,
u_mand_factor\set85\u_mand_factor_0.1.py,u_mand_factor,85,u_mand_factor,0.1,2,8,5,0.1,0.5,0.7,0.6,0.2,0.9,70.839994,80,37,18.399995,101.199991,13.239997,1,0,1085,0,ilp_v4,optimal,1,171.848691,70.816723,2.426668,0.7914,0.0,
u_mand_factor\set85\u_mand_factor_0.2.py,u_mand_factor,85,u_mand_factor,0.2,2,8,5,0.2,0.5,0.7,0.6,0.4,0.8,77.280002,80,37,36.799993,110.400003,26.479995,1,0,1085,0,ilp_v4,optimal,1,163.655845,77.270595,2.117958,0.8911,0.0,
u_mand_factor\set85\u_mand_factor_0.3.py,u_mand_factor,85,u_mand_factor,0.3,2,8,5,0.3,0.5,0.7,0.6,0.6,0.7,83.720004,80,37,55.200005,119.600006,39.720003,1,1,1085,0,ilp_v4,optimal,1,132.343329,83.702963,1.581107,1.0087,0.0,
u_mand_factor\set85\u_mand_factor_0.4.py,u_mand_factor,85,u_mand_factor,0.4,2,8,5,0.4,0.5,0.7,0.6,0.8,0.6,90.159995,80,37,73.600001,128.799993,52.960001,1,1,1085,0,ilp_v4,optimal,1,108.885542,90.146299,1.207876,0.9887,0.0,
u_mand_factor\set85\u_mand_factor_0.5.py,u_mand_factor,85,u_mand_factor,0.5,2,8,5,0.5,0.5,0.7,0.6,1.0,0.5,96.599997,80,37,91.999997,137.999995,66.199998,1,1,1085,0,ilp_v4,optimal,1,92.520328,96.5528,0.958236,0.8453,0.0,
u_mand_factor\set85\u_mand_factor_0.6.py,u_mand_factor,85,u_mand_factor,0.6,2,8,5,0.6,0.5,0.7,0.6,1.2,0.4,103.039997,80,37,110.399994,147.199995,79.439996,1,1,1085,0,ilp_v4,optimal,1,73.099588,102.985913,0.709802,0.889,0.0,
u_mand_factor\set85\u_mand_factor_0.7.py,u_mand_factor,85,u_mand_factor,0.7,2,8,5,0.7,0.5,0.7,0.6,1.4,0.3,109.479985,80,37,128.799997,156.399978,92.679998,1,1,1085,0,ilp_v4,optimal,1,50.657572,109.478762,0.462716,3.6581,7.3e-05,
u_mand_factor\set85\u_mand_factor_0.8.py,u_mand_factor,85,u_mand_factor,0.8,2,8,5,0.8,0.5,0.7,0.6,1.6,0.2,115.919997,80,37,147.200001,165.599995,105.920001,1,1,1085,0,ilp_v4,optimal,1,20.934588,115.918936,0.180597,2.9468,0.0,
u_mand_factor\set85\u_mand_factor_0.9.py,u_mand_factor,85,u_mand_factor,0.9,2,8,5,0.9,0.5,0.7,0.6,1.8,0.1,122.359995,80,37,165.599997,174.799993,119.159998,1,1,1085,0,ilp_v4,infeasible,0,,,,0.2077,,
u_mand_factor\set86\u_mand_factor_0.1.py,u_mand_factor,86,u_mand_factor,0.1,2,8,5,0.1,0.5,0.7,0.6,0.2,0.9,70.840006,80,26,18.400007,101.200008,9.760004,1,0,1086,0,ilp_v4,optimal,1,302.374464,66.024068,4.579761,0.2094,0.0,
u_mand_factor\set86\u_mand_factor_0.2.py,u_mand_factor,86,u_mand_factor,0.2,2,8,5,0.2,0.5,0.7,0.6,0.4,0.8,77.280002,80,26,36.800001,110.400003,19.520001,1,0,1086,0,ilp_v4,optimal,1,281.905702,74.405221,3.788789,0.1937,0.0,
u_mand_factor\set86\u_mand_factor_0.3.py,u_mand_factor,86,u_mand_factor,0.3,2,8,5,0.3,0.5,0.7,0.6,0.6,0.7,83.720005,80,26,55.200003,119.600007,29.280002,1,1,1086,0,ilp_v4,optimal,1,250.219041,82.913218,3.017843,0.2012,0.0,
u_mand_factor\set86\u_mand_factor_0.4.py,u_mand_factor,86,u_mand_factor,0.4,2,8,5,0.4,0.5,0.7,0.6,0.8,0.6,90.159998,80,26,73.599998,128.799997,39.039999,1,1,1086,0,ilp_v4,optimal,1,215.410897,86.559965,2.488574,0.22,0.0,
u_mand_factor\set86\u_mand_factor_0.5.py,u_mand_factor,86,u_mand_factor,0.5,2,8,5,0.5,0.5,0.7,0.6,1.0,0.5,96.600002,80,26,92.000006,138.000002,48.800003,1,1,1086,0,ilp_v4,optimal,1,179.686056,96.048896,1.870777,0.2172,0.0,
u_mand_factor\set86\u_mand_factor_0.6.py,u_mand_factor,86,u_mand_factor,0.6,2,8,5,0.6,0.5,0.7,0.6,1.2,0.4,103.039993,80,26,110.4,147.19999,58.56,1,1,1086,0,ilp_v4,optimal,1,136.578513,103.002675,1.325971,1.1259,0.0,
u_mand_factor\set86\u_mand_factor_0.7.py,u_mand_factor,86,u_mand_factor,0.7,2,8,5,0.7,0.5,0.7,0.6,1.4,0.3,109.479998,80,26,128.799998,156.399998,68.319999,1,1,1086,0,ilp_v4,optimal,1,80.861767,109.47453,0.738635,1.3754,1.1e-05,
u_mand_factor\set86\u_mand_factor_0.8.py,u_mand_factor,86,u_mand_factor,0.8,2,8,5,0.8,0.5,0.7,0.6,1.6,0.2,115.919999,80,26,147.199993,165.599999,78.079996,1,1,1086,0,ilp_v4,optimal,1,21.099794,115.919175,0.182022,1.4416,0.0,
u_mand_factor\set86\u_mand_factor_0.9.py,u_mand_factor,86,u_mand_factor,0.9,2,8,5,0.9,0.5,0.7,0.6,1.8,0.1,122.360001,80,26,165.600003,174.800001,87.840002,1,1,1086,0,ilp_v4,infeasible,0,,,,0.0761,,
u_mand_factor\set87\u_mand_factor_0.1.py,u_mand_factor,87,u_mand_factor,0.1,2,8,5,0.1,0.5,0.7,0.6,0.2,0.9,70.84,80,33,18.399995,101.2,8.573331,1,0,1087,0,ilp_v4,optimal,1,226.476344,63.788855,3.550406,0.4949,0.0,
u_mand_factor\set87\u_mand_factor_0.2.py,u_mand_factor,87,u_mand_factor,0.2,2,8,5,0.2,0.5,0.7,0.6,0.4,0.8,77.28001,80,33,36.800007,110.400015,17.14667,1,0,1087,0,ilp_v4,optimal,1,220.395815,75.532019,2.917912,0.6207,0.0,
u_mand_factor\set87\u_mand_factor_0.3.py,u_mand_factor,87,u_mand_factor,0.3,2,8,5,0.3,0.5,0.7,0.6,0.6,0.7,83.719998,80,33,55.199994,119.599997,25.719997,1,1,1087,0,ilp_v4,optimal,1,191.426255,83.052166,2.304892,0.3702,0.0,
u_mand_factor\set87\u_mand_factor_0.4.py,u_mand_factor,87,u_mand_factor,0.4,2,8,5,0.4,0.5,0.7,0.6,0.8,0.6,90.160003,80,33,73.600003,128.800005,34.293335,1,1,1087,0,ilp_v4,optimal,1,164.938755,90.149115,1.829621,1.255,9e-05,
u_mand_factor\set87\u_mand_factor_0.5.py,u_mand_factor,87,u_mand_factor,0.5,2,8,5,0.5,0.5,0.7,0.6,1.0,0.5,96.599994,80,33,91.999992,137.999992,42.866663,1,1,1087,0,ilp_v4,optimal,1,132.760208,96.584379,1.374552,2.1098,0.0,
u_mand_factor\set87\u_mand_factor_0.6.py,u_mand_factor,87,u_mand_factor,0.6,2,8,5,0.6,0.5,0.7,0.6,1.2,0.4,103.040002,80,33,110.400008,147.200003,51.440004,1,1,1087,0,ilp_v4,optimal,1,93.976456,103.029442,0.912132,7.5048,0.0,
u_mand_factor\set87\u_mand_factor_0.7.py,u_mand_factor,87,u_mand_factor,0.7,2,8,5,0.7,0.5,0.7,0.6,1.4,0.3,109.480006,80,33,128.799995,156.400008,60.013331,1,1,1087,0,ilp_v4,optimal,1,49.757188,109.478226,0.454494,5.7161,0.0,
u_mand_factor\set87\u_mand_factor_0.8.py,u_mand_factor,87,u_mand_factor,0.8,2,8,5,0.8,0.5,0.7,0.6,1.6,0.2,115.919993,80,33,147.2,165.59999,68.586667,1,1,1087,0,ilp_v4,infeasible,0,,,,0.1864,,
u_mand_factor\set87\u_mand_factor_0.9.py,u_mand_factor,87,u_mand_factor,0.9,2,8,5,0.9,0.5,0.7,0.6,1.8,0.1,122.360006,80,33,165.600002,174.800009,77.160001,1,1,1087,0,ilp_v4,infeasible,0,,,,0.1285,,
u_mand_factor\set88\u_mand_factor_0.1.py,u_mand_factor,88,u_mand_factor,0.1,2,8,5,0.1,0.5,0.7,0.6,0.2,0.9,70.840006,80,25,18.400002,101.200009,9.203638,1,0,1088,0,ilp_v4,optimal,1,165.689105,63.749949,2.599047,0.2125,0.0,
u_mand_factor\set88\u_mand_factor_0.2.py,u_mand_factor,88,u_mand_factor,0.2,2,8,5,0.2,0.5,0.7,0.6,0.4,0.8,77.280001,80,25,36.800001,110.400001,18.407273,1,0,1088,0,ilp_v4,optimal,1,138.235036,72.359452,1.910394,0.2083,0.0,
u_mand_factor\set88\u_mand_factor_0.3.py,u_mand_factor,88,u_mand_factor,0.3,2,8,5,0.3,0.5,0.7,0.6,0.6,0.7,83.720004,80,25,55.200008,119.600006,27.610913,1,1,1088,0,ilp_v4,optimal,1,121.0534,82.752907,1.46283,0.2009,0.0,
u_mand_factor\set88\u_mand_factor_0.4.py,u_mand_factor,88,u_mand_factor,0.4,2,8,5,0.4,0.5,0.7,0.6,0.8,0.6,90.159998,80,25,73.599995,128.799998,36.814543,1,1,1088,0,ilp_v4,optimal,1,103.179871,89.023863,1.159014,0.3368,0.0,
u_mand_factor\set88\u_mand_factor_0.5.py,u_mand_factor,88,u_mand_factor,0.5,2,8,5,0.5,0.5,0.7,0.6,1.0,0.5,96.599994,80,25,91.999998,137.999992,46.018181,1,1,1088,0,ilp_v4,optimal,1,86.435428,96.555748,0.895187,0.6158,0.0,
u_mand_factor\set88\u_mand_factor_0.6.py,u_mand_factor,88,u_mand_factor,0.6,2,8,5,0.6,0.5,0.7,0.6,1.2,0.4,103.040002,80,25,110.399999,147.200002,55.221818,1,1,1088,0,ilp_v4,optimal,1,66.46576,103.037737,0.645062,0.9382,7.2e-05,
u_mand_factor\set88\u_mand_factor_0.7.py,u_mand_factor,88,u_mand_factor,0.7,2,8,5,0.7,0.5,0.7,0.6,1.4,0.3,109.479995,80,25,128.800001,156.399993,64.425455,1,1,1088,0,ilp_v4,optimal,1,40.896241,109.449004,0.373656,1.0948,0.0,
u_mand_factor\set88\u_mand_factor_0.8.py,u_mand_factor,88,u_mand_factor,0.8,2,8,5,0.8,0.5,0.7,0.6,1.6,0.2,115.919998,80,25,147.200001,165.599998,73.629091,1,1,1088,0,ilp_v4,optimal,1,12.413109,115.914161,0.107089,1.5785,0.0,
u_mand_factor\set88\u_mand_factor_0.9.py,u_mand_factor,88,u_mand_factor,0.9,2,8,5,0.9,0.5,0.7,0.6,1.8,0.1,122.359998,80,25,165.600009,174.799998,82.832732,1,1,1088,0,ilp_v4,infeasible,0,,,,0.0758,,
u_mand_factor\set89\u_mand_factor_0.1.py,u_mand_factor,89,u_mand_factor,0.1,2,8,5,0.1,0.5,0.7,0.6,0.2,0.9,70.839998,80,37,18.399998,101.199997,9.203635,1,0,1089,0,ilp_v4,optimal,1,239.036701,60.49765,3.951173,0.2363,0.0,
u_mand_factor\set89\u_mand_factor_0.2.py,u_mand_factor,89,u_mand_factor,0.2,2,8,5,0.2,0.5,0.7,0.6,0.4,0.8,77.279994,80,37,36.799999,110.399992,18.407272,1,0,1089,0,ilp_v4,optimal,1,231.307739,65.858412,3.512197,0.5133,0.0,
u_mand_factor\set89\u_mand_factor_0.3.py,u_mand_factor,89,u_mand_factor,0.3,2,8,5,0.3,0.5,0.7,0.6,0.6,0.7,83.720006,80,37,55.200006,119.600008,27.610912,1,1,1089,0,ilp_v4,optimal,1,192.646801,68.593669,2.808522,0.4207,0.0,
u_mand_factor\set89\u_mand_factor_0.4.py,u_mand_factor,89,u_mand_factor,0.4,2,8,5,0.4,0.5,0.7,0.6,0.8,0.6,90.15999,80,37,73.599997,128.799986,36.814544,1,1,1089,0,ilp_v4,optimal,1,145.084923,90.13898,1.609569,0.4219,0.0,
u_mand_factor\set89\u_mand_factor_0.5.py,u_mand_factor,89,u_mand_factor,0.5,2,8,5,0.5,0.5,0.7,0.6,1.0,0.5,96.599995,80,37,91.999993,137.999993,46.018178,1,1,1089,0,ilp_v4,optimal,1,116.76796,96.579145,1.209039,0.8431,0.0,
u_mand_factor\set89\u_mand_factor_0.6.py,u_mand_factor,89,u_mand_factor,0.6,2,8,5,0.6,0.5,0.7,0.6,1.2,0.4,103.039999,80,37,110.4,147.199999,55.221818,1,1,1089,0,ilp_v4,optimal,1,91.17509,103.032803,0.884913,0.9425,0.0,
u_mand_factor\set89\u_mand_factor_0.7.py,u_mand_factor,89,u_mand_factor,0.7,2,8,5,0.7,0.5,0.7,0.6,1.4,0.3,109.479993,80,37,128.799995,156.39999,64.425452,1,1,1089,0,ilp_v4,optimal,1,55.232485,109.477179,0.504511,1.937,0.0,
u_mand_factor\set89\u_mand_factor_0.8.py,u_mand_factor,89,u_mand_factor,0.8,2,8,5,0.8,0.5,0.7,0.6,1.6,0.2,115.919995,80,37,147.199998,165.599993,73.62909,1,1,1089,0,ilp_v4,infeasible,0,,,,0.1334,,
u_mand_factor\set89\u_mand_factor_0.9.py,u_mand_factor,89,u_mand_factor,0.9,2,8,5,0.9,0.5,0.7,0.6,1.8,0.1,122.360002,80,37,165.600002,174.800003,82.832728,1,1,1089,0,ilp_v4,infeasible,0,,,,0.2406,,
u_mand_factor\set90\u_mand_factor_0.1.py,u_mand_factor,90,u_mand_factor,0.1,2,8,5,0.1,0.5,0.7,0.6,0.2,0.9,70.839996,80,40,18.39999,101.199994,8.559995,1,0,1090,0,ilp_v4,optimal,1,237.706023,66.384631,3.580739,0.5385,0.0,
u_mand_factor\set90\u_mand_factor_0.2.py,u_mand_factor,90,u_mand_factor,0.2,2,8,5,0.2,0.5,0.7,0.6,0.4,0.8,77.280003,80,40,36.800006,110.400005,17.120003,1,0,1090,0,ilp_v4,optimal,1,212.181201,74.901382,2.832808,0.4868,0.0,
u_mand_factor\set90\u_mand_factor_0.3.py,u_mand_factor,90,u_mand_factor,0.3,2,8,5,0.3,0.5,0.7,0.6,0.6,0.7,83.719992,80,40,55.199995,119.599988,25.679998,1,1,1090,0,ilp_v4,optimal,1,195.889949,83.709078,2.340128,0.6277,0.0,
u_mand_factor\set90\u_mand_factor_0.4.py,u_mand_factor,90,u_mand_factor,0.4,2,8,5,0.4,0.5,0.7,0.6,0.8,0.6,90.160002,80,40,73.600002,128.800002,34.240001,1,1,1090,0,ilp_v4,optimal,1,167.455458,90.042635,1.859735,2.1976,0.0,
u_mand_factor\set90\u_mand_factor_0.5.py,u_mand_factor,90,u_mand_factor,0.5,2,8,5,0.5,0.5,0.7,0.6,1.0,0.5,96.599997,80,40,92.0,137.999995,42.8,1,1,1090,0,ilp_v4,optimal,1,131.021441,96.594157,1.356412,4.5861,5.9e-05,
u_mand_factor\set90\u_mand_factor_0.6.py,u_mand_factor,90,u_mand_factor,0.6,2,8,5,0.6,0.5,0.7,0.6,1.2,0.4,103.040004,80,40,110.400007,147.200006,51.360003,1,1,1090,0,ilp_v4,optimal,1,94.185148,103.035957,0.9141,9.2744,0.0,
u_mand_factor\set90\u_mand_factor_0.7.py,u_mand_factor,90,u_mand_factor,0.7,2,8,5,0.7,0.5,0.7,0.6,1.4,0.3,109.479989,80,40,128.799997,156.399984,59.919998,1,1,1090,0,ilp_v4,optimal,1,51.602691,109.478531,0.47135,7.5376,0.0,
u_mand_factor\set90\u_mand_factor_0.8.py,u_mand_factor,90,u_mand_factor,0.8,2,8,5,0.8,0.5,0.7,0.6,1.6,0.2,115.919992,80,40,147.200003,165.599988,68.480002,1,1,1090,0,ilp_v4,infeasible,0,,,,0.226,,
u_mand_factor\set90\u_mand_factor_0.9.py,u_mand_factor,90,u_mand_factor,0.9,2,8,5,0.9,0.5,0.7,0.6,1.8,0.1,122.360001,80,40,165.6,174.800001,77.04,1,1,1090,0,ilp_v4,infeasible,0,,,,0.2251,,
u_mand_factor\set91\u_mand_factor_0.1.py,u_mand_factor,91,u_mand_factor,0.1,2,8,5,0.1,0.5,0.7,0.6,0.2,0.9,70.84,80,27,18.399998,101.2,8.799999,1,0,1091,0,ilp_v4,optimal,1,182.288587,58.02242,3.141692,0.2128,0.0,
u_mand_factor\set91\u_mand_factor_0.2.py,u_mand_factor,91,u_mand_factor,0.2,2,8,5,0.2,0.5,0.7,0.6,0.4,0.8,77.279997,80,27,36.799999,110.399995,17.599999,1,0,1091,0,ilp_v4,optimal,1,178.410824,76.569918,2.330038,0.212,0.0,
u_mand_factor\set91\u_mand_factor_0.3.py,u_mand_factor,91,u_mand_factor,0.3,2,8,5,0.3,0.5,0.7,0.6,0.6,0.7,83.719994,80,27,55.199994,119.599991,26.399997,1,1,1091,0,ilp_v4,optimal,1,150.819341,81.002888,1.861901,0.2409,0.0,
u_mand_factor\set91\u_mand_factor_0.4.py,u_mand_factor,91,u_mand_factor,0.4,2,8,5,0.4,0.5,0.7,0.6,0.8,0.6,90.159999,80,27,73.599997,128.799999,35.199998,1,1,1091,0,ilp_v4,optimal,1,129.280877,89.93613,1.437474,0.5282,0.0,
u_mand_factor\set91\u_mand_factor_0.5.py,u_mand_factor,91,u_mand_factor,0.5,2,8,5,0.5,0.5,0.7,0.6,1.0,0.5,96.599991,80,27,91.999995,137.999987,43.999998,1,1,1091,0,ilp_v4,optimal,1,102.810717,95.955207,1.071445,0.8375,0.0,
u_mand_factor\set91\u_mand_factor_0.6.py,u_mand_factor,91,u_mand_factor,0.6,2,8,5,0.6,0.5,0.7,0.6,1.2,0.4,103.040002,80,27,110.399998,147.200003,52.799999,1,1,1091,0,ilp_v4,optimal,1,79.281421,103.016573,0.769599,0.907,7.8e-05,
u_mand_factor\set91\u_mand_factor_0.7.py,u_mand_factor,91,u_mand_factor,0.7,2,8,5,0.7,0.5,0.7,0.6,1.4,0.3,109.479998,80,27,128.799997,156.399998,61.599998,1,1,1091,0,ilp_v4,optimal,1,46.940426,109.475513,0.428776,1.3356,0.0,
u_mand_factor\set91\u_mand_factor_0.8.py,u_mand_factor,91,u_mand_factor,0.8,2,8,5,0.8,0.5,0.7,0.6,1.6,0.2,115.920006,80,27,147.199997,165.600009,70.399998,1,1,1091,0,ilp_v4,infeasible,0,,,,0.0957,,
u_mand_factor\set91\u_mand_factor_0.9.py,u_mand_factor,91,u_mand_factor,0.9,2,8,5,0.9,0.5,0.7,0.6,1.8,0.1,122.360001,80,27,165.600001,174.800001,79.200001,1,1,1091,0,ilp_v4,infeasible,0,,,,0.1202,,
u_mand_factor\set92\u_mand_factor_0.1.py,u_mand_factor,92,u_mand_factor,0.1,2,8,5,0.1,0.5,0.7,0.6,0.2,0.9,70.840006,80,28,18.400006,101.200009,8.573336,1,0,1092,0,ilp_v4,optimal,1,255.51319,63.496478,4.024053,0.2263,0.0,
u_mand_factor\set92\u_mand_factor_0.2.py,u_mand_factor,92,u_mand_factor,0.2,2,8,5,0.2,0.5,0.7,0.6,0.4,0.8,77.280006,80,28,36.799995,110.400009,17.146665,1,0,1092,0,ilp_v4,optimal,1,229.615701,74.714527,3.07324,0.2496,0.0,
u_mand_factor\set92\u_mand_factor_0.3.py,u_mand_factor,92,u_mand_factor,0.3,2,8,5,0.3,0.5,0.7,0.6,0.6,0.7,83.719998,80,28,55.200005,119.599998,25.720002,1,1,1092,0,ilp_v4,optimal,1,206.032663,79.941056,2.577307,0.2444,0.0,
u_mand_factor\set92\u_mand_factor_0.4.py,u_mand_factor,92,u_mand_factor,0.4,2,8,5,0.4,0.5,0.7,0.6,0.8,0.6,90.159998,80,28,73.599999,128.799998,34.293333,1,1,1092,0,ilp_v4,optimal,1,175.762208,89.582045,1.962025,0.2833,0.0,
u_mand_factor\set92\u_mand_factor_0.5.py,u_mand_factor,92,u_mand_factor,0.5,2,8,5,0.5,0.5,0.7,0.6,1.0,0.5,96.599994,80,28,91.999991,137.999992,42.866662,1,1,1092,0,ilp_v4,optimal,1,143.524109,96.478339,1.48763,0.4305,0.0,
u_mand_factor\set92\u_mand_factor_0.6.py,u_mand_factor,92,u_mand_factor,0.6,2,8,5,0.6,0.5,0.7,0.6,1.2,0.4,103.040001,80,28,110.399994,147.200001,51.439997,1,1,1092,0,ilp_v4,optimal,1,103.272757,103.000938,1.002639,1.8592,9e-06,
u_mand_factor\set92\u_mand_factor_0.7.py,u_mand_factor,92,u_mand_factor,0.7,2,8,5,0.7,0.5,0.7,0.6,1.4,0.3,109.48,80,28,128.800003,156.4,60.013335,1,1,1092,0,ilp_v4,optimal,1,59.306995,109.468346,0.541773,2.2869,0.0,
u_mand_factor\set92\u_mand_factor_0.8.py,u_mand_factor,92,u_mand_factor,0.8,2,8,5,0.8,0.5,0.7,0.6,1.6,0.2,115.919994,80,28,147.199999,165.599992,68.586666,1,1,1092,0,ilp_v4,infeasible,0,,,,0.115,,
u_mand_factor\set92\u_mand_factor_0.9.py,u_mand_factor,92,u_mand_factor,0.9,2,8,5,0.9,0.5,0.7,0.6,1.8,0.1,122.36,80,28,165.6,174.8,77.16,1,1,1092,0,ilp_v4,infeasible,0,,,,0.086,,
u_mand_factor\set93\u_mand_factor_0.1.py,u_mand_factor,93,u_mand_factor,0.1,2,8,5,0.1,0.5,0.7,0.6,0.2,0.9,70.839995,80,29,18.399994,101.199993,9.203633,1,0,1093,0,ilp_v4,optimal,1,241.753564,65.428306,3.694938,0.3643,0.0,
u_mand_factor\set93\u_mand_factor_0.2.py,u_mand_factor,93,u_mand_factor,0.2,2,8,5,0.2,0.5,0.7,0.6,0.4,0.8,77.28,80,29,36.799997,110.4,18.407271,1,0,1093,0,ilp_v4,optimal,1,205.700823,72.079814,2.853792,0.4541,0.0,
u_mand_factor\set93\u_mand_factor_0.3.py,u_mand_factor,93,u_mand_factor,0.3,2,8,5,0.3,0.5,0.7,0.6,0.6,0.7,83.720002,80,29,55.199999,119.600002,27.610909,1,1,1093,0,ilp_v4,optimal,1,185.092594,78.628509,2.354014,0.4686,0.0,
u_mand_factor\set93\u_mand_factor_0.4.py,u_mand_factor,93,u_mand_factor,0.4,2,8,5,0.4,0.5,0.7,0.6,0.8,0.6,90.159994,80,29,73.599993,128.799992,36.814542,1,1,1093,0,ilp_v4,optimal,1,160.836255,89.674183,1.793563,0.373,0.0,
u_mand_factor\set93\u_mand_factor_0.5.py,u_mand_factor,93,u_mand_factor,0.5,2,8,5,0.5,0.5,0.7,0.6,1.0,0.5,96.599994,80,29,92.000007,137.999992,46.018185,1,1,1093,0,ilp_v4,optimal,1,135.642509,96.185525,1.410217,0.5738,0.0,
u_mand_factor\set93\u_mand_factor_0.6.py,u_mand_factor,93,u_mand_factor,0.6,2,8,5,0.6,0.5,0.7,0.6,1.2,0.4,103.039999,80,29,110.399999,147.199999,55.221818,1,1,1093,0,ilp_v4,optimal,1,103.556333,102.791061,1.007445,1.275,0.0,
u_mand_factor\set93\u_mand_factor_0.7.py,u_mand_factor,93,u_mand_factor,0.7,2,8,5,0.7,0.5,0.7,0.6,1.4,0.3,109.480002,80,29,128.800001,156.400003,64.425455,1,1,1093,0,ilp_v4,optimal,1,67.071269,109.467464,0.612705,2.5325,0.0,
u_mand_factor\set93\u_mand_factor_0.8.py,u_mand_factor,93,u_mand_factor,0.8,2,8,5,0.8,0.5,0.7,0.6,1.6,0.2,115.920001,80,29,147.200002,165.600001,73.629092,1,1,1093,0,ilp_v4,optimal,1,18.21916,115.916045,0.157175,4.0944,0.0,
u_mand_factor\set93\u_mand_factor_0.9.py,u_mand_factor,93,u_mand_factor,0.9,2,8,5,0.9,0.5,0.7,0.6,1.8,0.1,122.360002,80,29,165.6,174.800002,82.832727,1,1,1093,0,ilp_v4,infeasible,0,,,,0.1285,,
u_mand_factor\set94\u_mand_factor_0.1.py,u_mand_factor,94,u_mand_factor,0.1,2,8,5,0.1,0.5,0.7,0.6,0.2,0.9,70.840002,80,27,18.399999,101.200002,9.203636,1,0,1094,0,ilp_v4,optimal,1,191.87228,68.313793,2.80869,0.3986,0.0,
u_mand_factor\set94\u_mand_factor_0.2.py,u_mand_factor,94,u_mand_factor,0.2,2,8,5,0.2,0.5,0.7,0.6,0.4,0.8,77.279998,80,27,36.800001,110.399998,18.407273,1,0,1094,0,ilp_v4,optimal,1,147.088432,73.676519,1.996409,0.3272,0.0,
u_mand_factor\set94\u_mand_factor_0.3.py,u_mand_factor,94,u_mand_factor,0.3,2,8,5,0.3,0.5,0.7,0.6,0.6,0.7,83.720003,80,27,55.200001,119.600005,27.61091,1,1,1094,0,ilp_v4,optimal,1,124.727711,81.226599,1.535553,0.3793,0.0,
u_mand_factor\set94\u_mand_factor_0.4.py,u_mand_factor,94,u_mand_factor,0.4,2,8,5,0.4,0.5,0.7,0.6,0.8,0.6,90.160002,80,27,73.600002,128.800002,36.814547,1,1,1094,0,ilp_v4,optimal,1,108.768026,86.211288,1.261645,0.7997,0.0,
u_mand_factor\set94\u_mand_factor_0.5.py,u_mand_factor,94,u_mand_factor,0.5,2,8,5,0.5,0.5,0.7,0.6,1.0,0.5,96.600002,80,27,92.000002,138.000002,46.018183,1,1,1094,0,ilp_v4,optimal,1,92.80834,96.475073,0.961993,0.9694,0.0,
u_mand_factor\set94\u_mand_factor_0.6.py,u_mand_factor,94,u_mand_factor,0.6,2,8,5,0.6,0.5,0.7,0.6,1.2,0.4,103.039994,80,27,110.399995,147.199992,55.221816,1,1,1094,0,ilp_v4,optimal,1,85.006079,102.96747,0.825562,1.7238,0.0,
u_mand_factor\set94\u_mand_factor_0.7.py,u_mand_factor,94,u_mand_factor,0.7,2,8,5,0.7,0.5,0.7,0.6,1.4,0.3,109.479998,80,27,128.799997,156.399998,64.425453,1,1,1094,0,ilp_v4,optimal,1,55.057492,109.47709,0.502913,2.4664,0.0,
u_mand_factor\set94\u_mand_factor_0.8.py,u_mand_factor,94,u_mand_factor,0.8,2,8,5,0.8,0.5,0.7,0.6,1.6,0.2,115.919994,80,27,147.199995,165.599992,73.629089,1,1,1094,0,ilp_v4,infeasible,0,,,,0.0672,,
u_mand_factor\set94\u_mand_factor_0.9.py,u_mand_factor,94,u_mand_factor,0.9,2,8,5,0.9,0.5,0.7,0.6,1.8,0.1,122.359998,80,27,165.599998,174.799998,82.832726,1,1,1094,0,ilp_v4,infeasible,0,,,,0.1574,,
u_mand_factor\set95\u_mand_factor_0.1.py,u_mand_factor,95,u_mand_factor,0.1,2,8,5,0.1,0.5,0.7,0.6,0.2,0.9,70.840005,80,23,18.399998,101.200007,8.573332,1,0,1095,0,ilp_v4,optimal,1,246.516715,68.324615,3.608022,0.1527,0.0,
u_mand_factor\set95\u_mand_factor_0.2.py,u_mand_factor,95,u_mand_factor,0.2,2,8,5,0.2,0.5,0.7,0.6,0.4,0.8,77.279999,80,23,36.799998,110.399999,17.146666,1,0,1095,0,ilp_v4,optimal,1,211.522085,74.973594,2.821288,0.1411,0.0,
u_mand_factor\set95\u_mand_factor_0.3.py,u_mand_factor,95,u_mand_factor,0.3,2,8,5,0.3,0.5,0.7,0.6,0.6,0.7,83.720005,80,23,55.200005,119.600007,25.720002,1,1,1095,0,ilp_v4,optimal,1,190.691685,77.447181,2.462216,0.1724,0.0,
u_mand_factor\set95\u_mand_factor_0.4.py,u_mand_factor,95,u_mand_factor,0.4,2,8,5,0.4,0.5,0.7,0.6,0.8,0.6,90.160007,80,23,73.600006,128.80001,34.293336,1,1,1095,0,ilp_v4,optimal,1,161.045973,89.262667,1.804181,0.1735,0.0,
u_mand_factor\set95\u_mand_factor_0.5.py,u_mand_factor,95,u_mand_factor,0.5,2,8,5,0.5,0.5,0.7,0.6,1.0,0.5,96.599994,80,23,91.999997,137.999991,42.866665,1,1,1095,0,ilp_v4,optimal,1,137.910593,96.564272,1.428174,0.3987,0.0,
u_mand_factor\set95\u_mand_factor_0.6.py,u_mand_factor,95,u_mand_factor,0.6,2,8,5,0.6,0.5,0.7,0.6,1.2,0.4,103.040003,80,23,110.399998,147.200005,51.439999,1,1,1095,0,ilp_v4,optimal,1,97.455203,103.031959,0.945874,0.9641,0.0,
u_mand_factor\set95\u_mand_factor_0.7.py,u_mand_factor,95,u_mand_factor,0.7,2,8,5,0.7,0.5,0.7,0.6,1.4,0.3,109.479998,80,23,128.799995,156.399997,60.013331,1,1,1095,0,ilp_v4,optimal,1,59.63766,109.479827,0.544737,1.0248,0.0,
u_mand_factor\set95\u_mand_factor_0.8.py,u_mand_factor,95,u_mand_factor,0.8,2,8,5,0.8,0.5,0.7,0.6,1.6,0.2,115.920001,80,23,147.200003,165.600001,68.586668,1,1,1095,0,ilp_v4,optimal,1,13.754228,115.910319,0.118663,1.0705,0.0,
u_mand_factor\set95\u_mand_factor_0.9.py,u_mand_factor,95,u_mand_factor,0.9,2,8,5,0.9,0.5,0.7,0.6,1.8,0.1,122.360006,80,23,165.600002,174.800008,77.160001,1,1,1095,0,ilp_v4,infeasible,0,,,,0.0584,,
u_mand_factor\set96\u_mand_factor_0.1.py,u_mand_factor,96,u_mand_factor,0.1,2,8,5,0.1,0.5,0.7,0.6,0.2,0.9,70.840006,80,28,18.400008,101.200009,8.817147,1,0,1096,0,ilp_v4,optimal,1,266.231481,57.771179,4.608379,0.2318,0.0,
u_mand_factor\set96\u_mand_factor_0.2.py,u_mand_factor,96,u_mand_factor,0.2,2,8,5,0.2,0.5,0.7,0.6,0.4,0.8,77.280001,80,28,36.799998,110.400001,17.634285,1,0,1096,0,ilp_v4,optimal,1,212.204937,64.018013,3.314769,0.1778,0.0,
u_mand_factor\set96\u_mand_factor_0.3.py,u_mand_factor,96,u_mand_factor,0.3,2,8,5,0.3,0.5,0.7,0.6,0.6,0.7,83.720012,80,28,55.200008,119.600017,26.451432,1,1,1096,0,ilp_v4,optimal,1,199.430212,77.592018,2.570241,0.1964,0.0,
u_mand_factor\set96\u_mand_factor_0.4.py,u_mand_factor,96,u_mand_factor,0.4,2,8,5,0.4,0.5,0.7,0.6,0.8,0.6,90.159997,80,28,73.599995,128.799995,35.268569,1,1,1096,0,ilp_v4,optimal,1,178.203341,87.640096,2.033354,0.1908,0.0,
u_mand_factor\set96\u_mand_factor_0.5.py,u_mand_factor,96,u_mand_factor,0.5,2,8,5,0.5,0.5,0.7,0.6,1.0,0.5,96.600002,80,28,92.000003,138.000003,44.085716,1,1,1096,0,ilp_v4,optimal,1,148.502777,96.577368,1.537656,0.3135,0.0,
u_mand_factor\set96\u_mand_factor_0.6.py,u_mand_factor,96,u_mand_factor,0.6,2,8,5,0.6,0.5,0.7,0.6,1.2,0.4,103.039995,80,28,110.4,147.199993,52.902857,1,1,1096,0,ilp_v4,optimal,1,114.038841,103.005499,1.107114,0.7587,8.6e-05,
u_mand_factor\set96\u_mand_factor_0.7.py,u_mand_factor,96,u_mand_factor,0.7,2,8,5,0.7,0.5,0.7,0.6,1.4,0.3,109.48001,80,28,128.800002,156.400015,61.720001,1,1,1096,0,ilp_v4,optimal,1,64.234605,109.479955,0.586725,1.1788,0.0,
u_mand_factor\set96\u_mand_factor_0.8.py,u_mand_factor,96,u_mand_factor,0.8,2,8,5,0.8,0.5,0.7,0.6,1.6,0.2,115.920006,80,28,147.200002,165.600009,70.537144,1,1,1096,0,ilp_v4,optimal,1,18.642631,115.828307,0.160951,1.3984,0.0,
u_mand_factor\set96\u_mand_factor_0.9.py,u_mand_factor,96,u_mand_factor,0.9,2,8,5,0.9,0.5,0.7,0.6,1.8,0.1,122.360002,80,28,165.599999,174.800003,79.354285,1,1,1096,0,ilp_v4,infeasible,0,,,,0.1019,,
u_mand_factor\set97\u_mand_factor_0.1.py,u_mand_factor,97,u_mand_factor,0.1,2,8,5,0.1,0.5,0.7,0.6,0.2,0.9,70.840008,80,24,18.400002,101.200011,8.817144,1,0,1097,0,ilp_v4,optimal,1,224.877564,60.492974,3.717416,0.2029,0.0,
u_mand_factor\set97\u_mand_factor_0.2.py,u_mand_factor,97,u_mand_factor,0.2,2,8,5,0.2,0.5,0.7,0.6,0.4,0.8,77.279997,80,24,36.799999,110.399995,17.634285,1,0,1097,0,ilp_v4,optimal,1,181.095864,73.46591,2.465033,0.1457,0.0,
u_mand_factor\set97\u_mand_factor_0.3.py,u_mand_factor,97,u_mand_factor,0.3,2,8,5,0.3,0.5,0.7,0.6,0.6,0.7,83.719999,80,24,55.200006,119.599999,26.451431,1,1,1097,0,ilp_v4,optimal,1,164.470292,81.154695,2.026627,0.1551,0.0,
u_mand_factor\set97\u_mand_factor_0.4.py,u_mand_factor,97,u_mand_factor,0.4,2,8,5,0.4,0.5,0.7,0.6,0.8,0.6,90.159998,80,24,73.600005,128.799997,35.268574,1,1,1097,0,ilp_v4,optimal,1,150.29571,89.600282,1.677402,0.4618,0.0,
u_mand_factor\set97\u_mand_factor_0.5.py,u_mand_factor,97,u_mand_factor,0.5,2,8,5,0.5,0.5,0.7,0.6,1.0,0.5,96.600007,80,24,92.000007,138.00001,44.085718,1,1,1097,0,ilp_v4,optimal,1,127.210028,96.591109,1.316995,0.5587,9.1e-05,
u_mand_factor\set97\u_mand_factor_0.6.py,u_mand_factor,97,u_mand_factor,0.6,2,8,5,0.6,0.5,0.7,0.6,1.2,0.4,103.03999,80,24,110.399995,147.199985,52.902855,1,1,1097,0,ilp_v4,optimal,1,90.26399,103.038199,0.876025,1.1644,0.0,
u_mand_factor\set97\u_mand_factor_0.7.py,u_mand_factor,97,u_mand_factor,0.7,2,8,5,0.7,0.5,0.7,0.6,1.4,0.3,109.479997,80,24,128.800001,156.399995,61.720001,1,1,1097,0,ilp_v4,optimal,1,49.434262,109.479232,0.45154,3.6828,0.0,
u_mand_factor\set97\u_mand_factor_0.8.py,u_mand_factor,97,u_mand_factor,0.8,2,8,5,0.8,0.5,0.7,0.6,1.6,0.2,115.919999,80,24,147.199995,165.599999,70.537141,1,1,1097,0,ilp_v4,optimal,1,3.44168,115.888518,0.029698,1.1194,0.0,
u_mand_factor\set97\u_mand_factor_0.9.py,u_mand_factor,97,u_mand_factor,0.9,2,8,5,0.9,0.5,0.7,0.6,1.8,0.1,122.359998,80,24,165.599995,174.799997,79.354284,1,1,1097,0,ilp_v4,infeasible,0,,,,0.0749,,
u_mand_factor\set98\u_mand_factor_0.1.py,u_mand_factor,98,u_mand_factor,0.1,2,8,5,0.1,0.5,0.7,0.6,0.2,0.9,70.83999,80,36,18.399995,101.199986,8.559998,1,0,1098,0,ilp_v4,optimal,1,240.353775,66.469291,3.616012,0.3979,0.0,
u_mand_factor\set98\u_mand_factor_0.2.py,u_mand_factor,98,u_mand_factor,0.2,2,8,5,0.2,0.5,0.7,0.6,0.4,0.8,77.279987,80,36,36.799995,110.399982,17.119998,1,0,1098,0,ilp_v4,optimal,1,215.087689,76.175289,2.823589,0.3396,0.0,
u_mand_factor\set98\u_mand_factor_0.3.py,u_mand_factor,98,u_mand_factor,0.3,2,8,5,0.3,0.5,0.7,0.6,0.6,0.7,83.720002,80,36,55.200005,119.600003,25.680002,1,1,1098,0,ilp_v4,optimal,1,187.499897,83.470788,2.246294,0.3962,0.0,
u_mand_factor\set98\u_mand_factor_0.4.py,u_mand_factor,98,u_mand_factor,0.4,2,8,5,0.4,0.5,0.7,0.6,0.8,0.6,90.160002,80,36,73.600001,128.800003,34.240001,1,1,1098,0,ilp_v4,optimal,1,158.755396,89.759527,1.768675,0.2865,0.0,
u_mand_factor\set98\u_mand_factor_0.5.py,u_mand_factor,98,u_mand_factor,0.5,2,8,5,0.5,0.5,0.7,0.6,1.0,0.5,96.599995,80,36,92.0,137.999993,42.8,1,1,1098,0,ilp_v4,optimal,1,132.233864,95.388897,1.386261,0.3672,0.0,
u_mand_factor\set98\u_mand_factor_0.6.py,u_mand_factor,98,u_mand_factor,0.6,2,8,5,0.6,0.5,0.7,0.6,1.2,0.4,103.039999,80,36,110.399997,147.199999,51.359998,1,1,1098,0,ilp_v4,optimal,1,98.382768,103.012206,0.955059,1.3776,0.0,
u_mand_factor\set98\u_mand_factor_0.7.py,u_mand_factor,98,u_mand_factor,0.7,2,8,5,0.7,0.5,0.7,0.6,1.4,0.3,109.479992,80,36,128.799987,156.399988,59.919994,1,1,1098,0,ilp_v4,optimal,1,61.019797,109.4428,0.55755,1.6373,0.0,
u_mand_factor\set98\u_mand_factor_0.8.py,u_mand_factor,98,u_mand_factor,0.8,2,8,5,0.8,0.5,0.7,0.6,1.6,0.2,115.919994,80,36,147.199992,165.599992,68.479996,1,1,1098,0,ilp_v4,infeasible,0,,,,0.1874,,
u_mand_factor\set98\u_mand_factor_0.9.py,u_mand_factor,98,u_mand_factor,0.9,2,8,5,0.9,0.5,0.7,0.6,1.8,0.1,122.359994,80,36,165.600001,174.799992,77.040001,1,1,1098,0,ilp_v4,infeasible,0,,,,0.2241,,
u_mand_factor\set99\u_mand_factor_0.1.py,u_mand_factor,99,u_mand_factor,0.1,2,8,5,0.1,0.5,0.7,0.6,0.2,0.9,70.839996,80,33,18.400005,101.199994,8.573335,1,0,1099,0,ilp_v4,optimal,1,211.989397,61.548862,3.444246,0.4954,0.0,
u_mand_factor\set99\u_mand_factor_0.2.py,u_mand_factor,99,u_mand_factor,0.2,2,8,5,0.2,0.5,0.7,0.6,0.4,0.8,77.280012,80,33,36.8,110.400017,17.146667,1,0,1099,0,ilp_v4,optimal,1,216.309355,74.195224,2.915408,0.6146,0.0,
u_mand_factor\set99\u_mand_factor_0.3.py,u_mand_factor,99,u_mand_factor,0.3,2,8,5,0.3,0.5,0.7,0.6,0.6,0.7,83.720006,80,33,55.200009,119.600009,25.720004,1,1,1099,0,ilp_v4,optimal,1,185.284443,82.848476,2.236425,0.3861,0.0,
u_mand_factor\set99\u_mand_factor_0.4.py,u_mand_factor,99,u_mand_factor,0.4,2,8,5,0.4,0.5,0.7,0.6,0.8,0.6,90.159998,80,33,73.599995,128.799998,34.293331,1,1,1099,0,ilp_v4,optimal,1,150.699091,87.939104,1.713676,0.4973,0.0,
u_mand_factor\set99\u_mand_factor_0.5.py,u_mand_factor,99,u_mand_factor,0.5,2,8,5,0.5,0.5,0.7,0.6,1.0,0.5,96.59999,80,33,91.999999,137.999985,42.866666,1,1,1099,0,ilp_v4,optimal,1,119.601454,96.366159,1.241115,0.8462,0.0,
u_mand_factor\set99\u_mand_factor_0.6.py,u_mand_factor,99,u_mand_factor,0.6,2,8,5,0.6,0.5,0.7,0.6,1.2,0.4,103.040006,80,33,110.399998,147.200009,51.439999,1,1,1099,0,ilp_v4,optimal,1,82.133196,103.024708,0.797218,1.3821,0.0,
u_mand_factor\set99\u_mand_factor_0.7.py,u_mand_factor,99,u_mand_factor,0.7,2,8,5,0.7,0.5,0.7,0.6,1.4,0.3,109.480012,80,33,128.800012,156.400017,60.013339,1,1,1099,0,ilp_v4,optimal,1,56.146538,109.407378,0.513188,7.7018,0.0,
u_mand_factor\set99\u_mand_factor_0.8.py,u_mand_factor,99,u_mand_factor,0.8,2,8,5,0.8,0.5,0.7,0.6,1.6,0.2,115.920002,80,33,147.200001,165.600003,68.586667,1,1,1099,0,ilp_v4,infeasible,0,,,,0.1525,,
u_mand_factor\set99\u_mand_factor_0.9.py,u_mand_factor,99,u_mand_factor,0.9,2,8,5,0.9,0.5,0.7,0.6,1.8,0.1,122.360002,80,33,165.600007,174.800003,77.160003,1,1,1099,0,ilp_v4,infeasible,0,,,,0.1713,,
