file,sweep,set,factor,value,n_prc,n_tsk,n_frq,u_mand_factor,u_opt_factor,rho,xi,U_M,U_O,B,H,J,e_mand_fmax,e_full_fmax,e_mand_min,feasible,donate_ok,seed,redraws,model,status,model_feasible,utility,energy,util_per_energy,runtime,gap,error,runtime_best,runtime_worst,repeats,censored,nondeterministic
n_tsk\set00\n_tsk_4.py,n_tsk,0,n_tsk,4,2,4,5,0.5,0.5,0.7,0.6,1.0,0.5,48.300005,40,11,45.999999,69.000007,22.042857,1,1,1000,0,ilp_v2,optimal,1,28.486685,47.853268,0.595292,0.089512,0.0,,0.089512,0.145846,3,0,0
n_tsk\set00\n_tsk_4.py,n_tsk,0,n_tsk,4,2,4,5,0.5,0.5,0.7,0.6,1.0,0.5,48.300005,40,11,45.999999,69.000007,22.042857,1,1,1000,0,ilp_v3,optimal,1,28.726481,48.207094,0.595897,0.033265,0.0,,0.033265,0.038264,3,0,0
n_tsk\set00\n_tsk_4.py,n_tsk,0,n_tsk,4,2,4,5,0.5,0.5,0.7,0.6,1.0,0.5,48.300005,40,11,45.999999,69.000007,22.042857,1,1,1000,0,ilp_v4,optimal,1,30.746305,48.187375,0.638057,0.067872,0.0,,0.067872,0.074178,3,0,0
n_tsk\set00\n_tsk_4.py,n_tsk,0,n_tsk,4,2,4,5,0.5,0.5,0.7,0.6,1.0,0.5,48.300005,40,11,45.999999,69.000007,22.042857,1,1,1000,0,greedy_sps_baseline,solved,1,3.305498,48.107162,0.068711,0.000945,,,0.000945,0.001945,3,0,0
n_tsk\set00\n_tsk_6.py,n_tsk,0,n_tsk,6,2,6,5,0.5,0.5,0.7,0.6,1.0,0.5,48.299998,40,17,46.000002,68.999997,22.042858,1,1,1000,0,ilp_v2,optimal,1,51.45993,48.188679,1.067884,0.020914,0.0,,0.020914,0.023085,3,0,0
n_tsk\set00\n_tsk_6.py,n_tsk,0,n_tsk,6,2,6,5,0.5,0.5,0.7,0.6,1.0,0.5,48.299998,40,17,46.000002,68.999997,22.042858,1,1,1000,0,ilp_v3,optimal,1,61.812957,48.230884,1.281605,0.075173,0.0,,0.075173,0.088182,3,0,0
n_tsk\set00\n_tsk_6.py,n_tsk,0,n_tsk,6,2,6,5,0.5,0.5,0.7,0.6,1.0,0.5,48.299998,40,17,46.000002,68.999997,22.042858,1,1,1000,0,ilp_v4,optimal,1,68.970128,48.274738,1.4287,0.104634,0.0,,0.104634,0.120991,3,0,0
n_tsk\set00\n_tsk_6.py,n_tsk,0,n_tsk,6,2,6,5,0.5,0.5,0.7,0.6,1.0,0.5,48.299998,40,17,46.000002,68.999997,22.042858,1,1,1000,0,greedy_sps_baseline,solved,1,8.464835,48.286882,0.175303,0.001039,,,0.001039,0.001159,3,0,0
n_tsk\set00\n_tsk_8.py,n_tsk,0,n_tsk,8,2,8,5,0.5,0.5,0.7,0.6,1.0,0.5,48.300002,40,20,45.999999,69.000003,22.042857,1,1,1000,0,ilp_v2,optimal,1,71.126256,48.294227,1.472769,0.038204,0.0,,0.038204,0.039657,3,0,0
n_tsk\set00\n_tsk_8.py,n_tsk,0,n_tsk,8,2,8,5,0.5,0.5,0.7,0.6,1.0,0.5,48.300002,40,20,45.999999,69.000003,22.042857,1,1,1000,0,ilp_v3,optimal,1,69.150238,48.290899,1.431952,0.019236,0.0,,0.019236,0.021317,3,0,0
n_tsk\set00\n_tsk_8.py,n_tsk,0,n_tsk,8,2,8,5,0.5,0.5,0.7,0.6,1.0,0.5,48.300002,40,20,45.999999,69.000003,22.042857,1,1,1000,0,ilp_v4,optimal,1,71.242923,48.163079,1.479202,0.154366,0.0,,0.154366,0.161865,3,0,0
n_tsk\set00\n_tsk_8.py,n_tsk,0,n_tsk,8,2,8,5,0.5,0.5,0.7,0.6,1.0,0.5,48.300002,40,20,45.999999,69.000003,22.042857,1,1,1000,0,greedy_sps_baseline,solved,1,8.843885,48.286905,0.183153,0.001465,,,0.001465,0.002085,3,0,0
n_tsk\set00\n_tsk_10.py,n_tsk,0,n_tsk,10,2,10,5,0.5,0.5,0.7,0.6,1.0,0.5,48.299998,40,28,46.0,68.999997,22.042857,1,1,1000,0,ilp_v2,optimal,1,76.619149,48.299471,1.586335,0.189551,0.0,,0.189551,0.202118,3,0,0
n_tsk\set00\n_tsk_10.py,n_tsk,0,n_tsk,10,2,10,5,0.5,0.5,0.7,0.6,1.0,0.5,48.299998,40,28,46.0,68.999997,22.042857,1,1,1000,0,ilp_v3,optimal,1,80.067166,48.25333,1.659309,0.012477,0.0,,0.012477,0.01314,3,0,0
n_tsk\set00\n_tsk_10.py,n_tsk,0,n_tsk,10,2,10,5,0.5,0.5,0.7,0.6,1.0,0.5,48.299998,40,28,46.0,68.999997,22.042857,1,1,1000,0,ilp_v4,optimal,1,80.067166,47.688804,1.678951,0.25195,0.0,,0.25195,0.281936,3,0,0
n_tsk\set00\n_tsk_10.py,n_tsk,0,n_tsk,10,2,10,5,0.5,0.5,0.7,0.6,1.0,0.5,48.299998,40,28,46.0,68.999997,22.042857,1,1,1000,0,greedy_sps_baseline,solved,1,8.945504,48.279991,0.185284,0.006514,,,0.006514,0.006826,3,0,0
n_tsk\set00\n_tsk_12.py,n_tsk,0,n_tsk,12,2,12,5,0.5,0.5,0.7,0.6,1.0,0.5,48.299998,40,33,45.999994,68.999997,22.042854,1,1,1000,0,ilp_v2,optimal,1,79.393402,48.291131,1.644058,0.015052,0.0,,0.015052,0.015306,3,0,0
n_tsk\set00\n_tsk_12.py,n_tsk,0,n_tsk,12,2,12,5,0.5,0.5,0.7,0.6,1.0,0.5,48.299998,40,33,45.999994,68.999997,22.042854,1,1,1000,0,ilp_v3,optimal,1,79.393402,48.284043,1.644299,0.017622,0.0,,0.017622,0.017718,3,0,0
n_tsk\set00\n_tsk_12.py,n_tsk,0,n_tsk,12,2,12,5,0.5,0.5,0.7,0.6,1.0,0.5,48.299998,40,33,45.999994,68.999997,22.042854,1,1,1000,0,ilp_v4,optimal,1,79.393402,48.175478,1.648004,0.177574,0.0,,0.177574,0.182447,3,0,0
n_tsk\set00\n_tsk_12.py,n_tsk,0,n_tsk,12,2,12,5,0.5,0.5,0.7,0.6,1.0,0.5,48.299998,40,33,45.999994,68.999997,22.042854,1,1,1000,0,greedy_sps_baseline,solved,1,9.153072,48.281461,0.189577,0.019625,,,0.019625,0.023471,3,0,0
n_tsk\set00\n_tsk_16.py,n_tsk,0,n_tsk,16,2,16,5,0.5,0.5,0.7,0.6,1.0,0.5,48.300007,40,42,46.000008,69.00001,22.042861,1,1,1000,0,ilp_v2,optimal,1,57.597873,48.206986,1.194803,0.021283,0.0,,0.021283,0.02256,3,0,0
n_tsk\set00\n_tsk_16.py,n_tsk,0,n_tsk,16,2,16,5,0.5,0.5,0.7,0.6,1.0,0.5,48.300007,40,42,46.000008,69.00001,22.042861,1,1,1000,0,ilp_v3,optimal,1,61.466366,48.25943,1.273665,0.017055,0.0,,0.017055,0.017417,3,0,0
n_tsk\set00\n_tsk_16.py,n_tsk,0,n_tsk,16,2,16,5,0.5,0.5,0.7,0.6,1.0,0.5,48.300007,40,42,46.000008,69.00001,22.042861,1,1,1000,0,ilp_v4,optimal,1,61.466366,48.279393,1.273139,0.302981,0.0,,0.302981,0.304215,3,0,0
n_tsk\set00\n_tsk_16.py,n_tsk,0,n_tsk,16,2,16,5,0.5,0.5,0.7,0.6,1.0,0.5,48.300007,40,42,46.000008,69.00001,22.042861,1,1,1000,0,greedy_sps_baseline,solved,1,9.66666,48.289794,0.20018,0.014369,,,0.014369,0.014904,3,0,0
n_tsk\set00\n_tsk_20.py,n_tsk,0,n_tsk,20,2,20,5,0.5,0.5,0.7,0.6,1.0,0.5,48.300005,40,50,46.000009,69.000007,22.042862,1,1,1000,0,ilp_v2,optimal,1,68.007286,47.979757,1.417416,0.018257,0.0,,0.018257,0.02018,3,0,0
n_tsk\set00\n_tsk_20.py,n_tsk,0,n_tsk,20,2,20,5,0.5,0.5,0.7,0.6,1.0,0.5,48.300005,40,50,46.000009,69.000007,22.042862,1,1,1000,0,ilp_v3,optimal,1,67.862901,48.292732,1.40524,0.12899,2e-05,,0.12899,0.137609,3,0,0
n_tsk\set00\n_tsk_20.py,n_tsk,0,n_tsk,20,2,20,5,0.5,0.5,0.7,0.6,1.0,0.5,48.300005,40,50,46.000009,69.000007,22.042862,1,1,1000,0,ilp_v4,optimal,1,68.007286,48.236382,1.409875,0.451413,0.0,,0.451413,0.467527,3,0,0
n_tsk\set00\n_tsk_20.py,n_tsk,0,n_tsk,20,2,20,5,0.5,0.5,0.7,0.6,1.0,0.5,48.300005,40,50,46.000009,69.000007,22.042862,1,1,1000,0,greedy_sps_baseline,solved,1,9.56809,48.253024,0.19829,0.028681,,,0.028681,0.030045,3,0,0
n_tsk\set00\n_tsk_26.py,n_tsk,0,n_tsk,26,2,26,5,0.5,0.5,0.7,0.6,1.0,0.5,48.299995,40,64,46.000012,68.999993,22.042863,1,1,1000,0,ilp_v2,optimal,1,66.634496,48.278254,1.380218,0.038296,0.0,,0.038296,0.041941,3,0,0
n_tsk\set00\n_tsk_26.py,n_tsk,0,n_tsk,26,2,26,5,0.5,0.5,0.7,0.6,1.0,0.5,48.299995,40,64,46.000012,68.999993,22.042863,1,1,1000,0,ilp_v3,optimal,1,66.4675,48.293669,1.376319,0.037499,0.0,,0.037499,0.039776,3,0,0
n_tsk\set00\n_tsk_26.py,n_tsk,0,n_tsk,26,2,26,5,0.5,0.5,0.7,0.6,1.0,0.5,48.299995,40,64,46.000012,68.999993,22.042863,1,1,1000,0,ilp_v4,optimal,1,66.634496,48.29052,1.379867,0.674139,0.0,,0.674139,0.740369,3,0,0
n_tsk\set00\n_tsk_26.py,n_tsk,0,n_tsk,26,2,26,5,0.5,0.5,0.7,0.6,1.0,0.5,48.299995,40,64,46.000012,68.999993,22.042863,1,1,1000,0,greedy_sps_baseline,solved,1,9.77403,48.299949,0.202361,0.044098,,,0.044098,0.045021,3,0,0
n_tsk\set01\n_tsk_4.py,n_tsk,1,n_tsk,4,2,4,5,0.5,0.5,0.7,0.6,1.0,0.5,48.299999,40,11,46.000002,68.999999,21.433334,1,1,1001,0,ilp_v2,optimal,1,55.71619,48.225756,1.15532,0.028681,0.0,,0.028681,0.031636,3,0,0
n_tsk\set01\n_tsk_4.py,n_tsk,1,n_tsk,4,2,4,5,0.5,0.5,0.7,0.6,1.0,0.5,48.299999,40,11,46.000002,68.999999,21.433334,1,1,1001,0,ilp_v3,optimal,1,54.794232,48.272247,1.135108,0.069208,0.0,,0.069208,0.071467,3,0,0
n_tsk\set01\n_tsk_4.py,n_tsk,1,n_tsk,4,2,4,5,0.5,0.5,0.7,0.6,1.0,0.5,48.299999,40,11,46.000002,68.999999,21.433334,1,1,1001,0,ilp_v4,optimal,1,55.71619,48.225756,1.15532,0.044895,0.0,,0.044895,0.050562,3,0,0
n_tsk\set01\n_tsk_4.py,n_tsk,1,n_tsk,4,2,4,5,0.5,0.5,0.7,0.6,1.0,0.5,48.299999,40,11,46.000002,68.999999,21.433334,1,1,1001,0,greedy_sps_baseline,solved,1,7.782797,47.902118,0.162473,0.000688,,,0.000688,0.000792,3,0,0
n_tsk\set01\n_tsk_6.py,n_tsk,1,n_tsk,6,2,6,5,0.5,0.5,0.7,0.6,1.0,0.5,48.300002,40,14,46.000001,69.000003,21.433334,1,1,1001,0,ilp_v2,optimal,1,69.306832,48.238691,1.436748,0.012397,0.0,,0.012397,0.013557,3,0,0
n_tsk\set01\n_tsk_6.py,n_tsk,1,n_tsk,6,2,6,5,0.5,0.5,0.7,0.6,1.0,0.5,48.300002,40,14,46.000001,69.000003,21.433334,1,1,1001,0,ilp_v3,optimal,1,69.066418,48.295546,1.430078,0.069001,0.0,,0.069001,0.073425,3,0,0
n_tsk\set01\n_tsk_6.py,n_tsk,1,n_tsk,6,2,6,5,0.5,0.5,0.7,0.6,1.0,0.5,48.300002,40,14,46.000001,69.000003,21.433334,1,1,1001,0,ilp_v4,optimal,1,68.629975,48.292803,1.421122,0.169458,0.0,,0.169458,0.187909,3,0,0
n_tsk\set01\n_tsk_6.py,n_tsk,1,n_tsk,6,2,6,5,0.5,0.5,0.7,0.6,1.0,0.5,48.300002,40,14,46.000001,69.000003,21.433334,1,1,1001,0,greedy_sps_baseline,solved,1,9.05842,48.286801,0.187596,0.002231,,,0.002231,0.002354,3,0,0
n_tsk\set01\n_tsk_8.py,n_tsk,1,n_tsk,8,2,8,5,0.5,0.5,0.7,0.6,1.0,0.5,48.299996,40,17,45.999995,68.999994,21.433331,1,1,1001,0,ilp_v2,optimal,1,48.012029,48.28877,0.994269,0.038104,0.0,,0.038104,0.041283,3,0,0
n_tsk\set01\n_tsk_8.py,n_tsk,1,n_tsk,8,2,8,5,0.5,0.5,0.7,0.6,1.0,0.5,48.299996,40,17,45.999995,68.999994,21.433331,1,1,1001,0,ilp_v3,optimal,1,47.008628,48.283496,0.973596,0.090661,0.0,,0.090661,0.092234,3,0,0
n_tsk\set01\n_tsk_8.py,n_tsk,1,n_tsk,8,2,8,5,0.5,0.5,0.7,0.6,1.0,0.5,48.299996,40,17,45.999995,68.999994,21.433331,1,1,1001,0,ilp_v4,optimal,1,49.954334,48.256381,1.035186,0.261236,0.0,,0.261236,0.275647,3,0,0
n_tsk\set01\n_tsk_8.py,n_tsk,1,n_tsk,8,2,8,5,0.5,0.5,0.7,0.6,1.0,0.5,48.299996,40,17,45.999995,68.999994,21.433331,1,1,1001,0,greedy_sps_baseline,solved,1,6.707704,48.296297,0.138887,0.002319,,,0.002319,0.002392,3,0,0
n_tsk\set01\n_tsk_10.py,n_tsk,1,n_tsk,10,2,10,5,0.5,0.5,0.7,0.6,1.0,0.5,48.299995,40,20,45.999995,68.999993,21.433331,1,1,1001,0,ilp_v2,optimal,1,53.723926,48.178777,1.115095,0.015031,0.0,,0.015031,0.015688,3,0,0
n_tsk\set01\n_tsk_10.py,n_tsk,1,n_tsk,10,2,10,5,0.5,0.5,0.7,0.6,1.0,0.5,48.299995,40,20,45.999995,68.999993,21.433331,1,1,1001,0,ilp_v3,optimal,1,54.36614,48.286345,1.125911,0.027362,0.0,,0.027362,0.031179,3,0,0
n_tsk\set01\n_tsk_10.py,n_tsk,1,n_tsk,10,2,10,5,0.5,0.5,0.7,0.6,1.0,0.5,48.299995,40,20,45.999995,68.999993,21.433331,1,1,1001,0,ilp_v4,optimal,1,54.314594,48.292276,1.124706,0.191955,7.1e-05,,0.191955,0.199384,3,0,0
n_tsk\set01\n_tsk_10.py,n_tsk,1,n_tsk,10,2,10,5,0.5,0.5,0.7,0.6,1.0,0.5,48.299995,40,20,45.999995,68.999993,21.433331,1,1,1001,0,greedy_sps_baseline,solved,1,7.7013,48.281171,0.159509,0.002076,,,0.002076,0.002234,3,0,0
n_tsk\set01\n_tsk_12.py,n_tsk,1,n_tsk,12,2,12,5,0.5,0.5,0.7,0.6,1.0,0.5,48.299996,40,25,45.999998,68.999994,21.433332,1,1,1001,0,ilp_v2,optimal,1,61.175013,48.297275,1.266635,0.207344,6.8e-05,,0.207344,0.216217,3,0,0
n_tsk\set01\n_tsk_12.py,n_tsk,1,n_tsk,12,2,12,5,0.5,0.5,0.7,0.6,1.0,0.5,48.299996,40,25,45.999998,68.999994,21.433332,1,1,1001,0,ilp_v3,optimal,1,61.166073,48.297923,1.266433,0.403359,0.0,,0.403359,0.448452,3,0,0
n_tsk\set01\n_tsk_12.py,n_tsk,1,n_tsk,12,2,12,5,0.5,0.5,0.7,0.6,1.0,0.5,48.299996,40,25,45.999998,68.999994,21.433332,1,1,1001,0,ilp_v4,optimal,1,61.175673,48.29871,1.266611,0.437172,5.7e-05,,0.437172,0.445229,3,0,0
n_tsk\set01\n_tsk_12.py,n_tsk,1,n_tsk,12,2,12,5,0.5,0.5,0.7,0.6,1.0,0.5,48.299996,40,25,45.999998,68.999994,21.433332,1,1,1001,0,greedy_sps_baseline,solved,1,8.72085,48.292246,0.180585,0.002064,,,0.002064,0.003042,3,0,0
n_tsk\set01\n_tsk_16.py,n_tsk,1,n_tsk,16,2,16,5,0.5,0.5,0.7,0.6,1.0,0.5,48.300002,40,35,46.000001,69.000002,21.433334,1,1,1001,0,ilp_v2,optimal,1,56.031069,48.286426,1.16039,0.156051,0.0,,0.156051,0.162704,3,0,0
n_tsk\set01\n_tsk_16.py,n_tsk,1,n_tsk,16,2,16,5,0.5,0.5,0.7,0.6,1.0,0.5,48.300002,40,35,46.000001,69.000002,21.433334,1,1,1001,0,ilp_v3,optimal,1,56.064119,48.295341,1.16086,0.083298,2.8e-05,,0.083298,0.09639,3,0,0
n_tsk\set01\n_tsk_16.py,n_tsk,1,n_tsk,16,2,16,5,0.5,0.5,0.7,0.6,1.0,0.5,48.300002,40,35,46.000001,69.000002,21.433334,1,1,1001,0,ilp_v4,optimal,1,56.031069,48.299347,1.160079,1.678711,9.7e-05,,1.678711,1.802586,3,0,0
n_tsk\set01\n_tsk_16.py,n_tsk,1,n_tsk,16,2,16,5,0.5,0.5,0.7,0.6,1.0,0.5,48.300002,40,35,46.000001,69.000002,21.433334,1,1,1001,0,greedy_sps_baseline,solved,1,9.766257,48.28695,0.202255,0.004998,,,0.004998,0.005324,3,0,0
n_tsk\set01\n_tsk_20.py,n_tsk,1,n_tsk,20,2,20,5,0.5,0.5,0.7,0.6,1.0,0.5,48.300002,40,40,46.000001,69.000003,21.433334,1,1,1001,0,ilp_v2,optimal,1,58.497479,48.299005,1.211153,0.2872,0.0,,0.2872,0.303546,3,0,0
n_tsk\set01\n_tsk_20.py,n_tsk,1,n_tsk,20,2,20,5,0.5,0.5,0.7,0.6,1.0,0.5,48.300002,40,40,46.000001,69.000003,21.433334,1,1,1001,0,ilp_v3,optimal,1,58.497479,48.298578,1.211164,0.207313,0.0,,0.207313,0.220541,3,0,0
n_tsk\set01\n_tsk_20.py,n_tsk,1,n_tsk,20,2,20,5,0.5,0.5,0.7,0.6,1.0,0.5,48.300002,40,40,46.000001,69.000003,21.433334,1,1,1001,0,ilp_v4,optimal,1,58.489486,48.297756,1.211019,1.524794,7.6e-05,,1.524794,1.58337,3,0,0
n_tsk\set01\n_tsk_20.py,n_tsk,1,n_tsk,20,2,20,5,0.5,0.5,0.7,0.6,1.0,0.5,48.300002,40,40,46.000001,69.000003,21.433334,1,1,1001,0,greedy_sps_baseline,solved,1,9.169349,48.297938,0.18985,0.014642,,,0.014642,0.014782,3,0,0
n_tsk\set01\n_tsk_26.py,n_tsk,1,n_tsk,26,2,26,5,0.5,0.5,0.7,0.6,1.0,0.5,48.299994,40,49,45.999999,68.999991,21.433333,1,1,1001,0,ilp_v2,optimal,1,49.217347,48.299554,1.019002,0.807144,9.6e-05,,0.807144,0.833804,3,0,0
n_tsk\set01\n_tsk_26.py,n_tsk,1,n_tsk,26,2,26,5,0.5,0.5,0.7,0.6,1.0,0.5,48.299994,40,49,45.999999,68.999991,21.433333,1,1,1001,0,ilp_v3,optimal,1,49.217347,48.299592,1.019001,0.707268,9.6e-05,,0.707268,0.718124,3,0,0
n_tsk\set01\n_tsk_26.py,n_tsk,1,n_tsk,26,2,26,5,0.5,0.5,0.7,0.6,1.0,0.5,48.299994,40,49,45.999999,68.999991,21.433333,1,1,1001,0,ilp_v4,optimal,1,49.217347,48.29997,1.018993,3.909646,9.6e-05,,3.909646,4.020884,3,0,0
n_tsk\set01\n_tsk_26.py,n_tsk,1,n_tsk,26,2,26,5,0.5,0.5,0.7,0.6,1.0,0.5,48.299994,40,49,45.999999,68.999991,21.433333,1,1,1001,0,greedy_sps_baseline,solved,1,9.079391,48.298606,0.187985,0.010038,,,0.010038,0.010253,3,0,0
n_tsk\set02\n_tsk_4.py,n_tsk,2,n_tsk,4,2,4,5,0.5,0.5,0.7,0.6,1.0,0.5,48.299998,40,9,46.0,68.999997,21.4,1,1,1002,0,ilp_v2,optimal,1,57.645259,48.219681,1.195472,0.009405,0.0,,0.009405,0.009659,3,0,0
n_tsk\set02\n_tsk_4.py,n_tsk,2,n_tsk,4,2,4,5,0.5,0.5,0.7,0.6,1.0,0.5,48.299998,40,9,46.0,68.999997,21.4,1,1,1002,0,ilp_v3,optimal,1,55.531587,48.295655,1.149826,0.013935,6.7e-05,,0.013935,0.01482,3,0,0
n_tsk\set02\n_tsk_4.py,n_tsk,2,n_tsk,4,2,4,5,0.5,0.5,0.7,0.6,1.0,0.5,48.299998,40,9,46.0,68.999997,21.4,1,1,1002,0,ilp_v4,optimal,1,57.056627,47.822248,1.193098,0.063531,0.0,,0.063531,0.065729,3,0,0
n_tsk\set02\n_tsk_4.py,n_tsk,2,n_tsk,4,2,4,5,0.5,0.5,0.7,0.6,1.0,0.5,48.299998,40,9,46.0,68.999997,21.4,1,1,1002,0,greedy_sps_baseline,solved,1,3.565285,48.244515,0.0739,0.000974,,,0.000974,0.001092,3,0,0
n_tsk\set02\n_tsk_6.py,n_tsk,2,n_tsk,6,2,6,5,0.5,0.5,0.7,0.6,1.0,0.5,48.299997,40,15,45.999998,68.999995,21.399999,1,1,1002,0,ilp_v2,optimal,1,62.099523,48.28193,1.286186,0.022481,0.0,,0.022481,0.022947,3,0,0
n_tsk\set02\n_tsk_6.py,n_tsk,2,n_tsk,6,2,6,5,0.5,0.5,0.7,0.6,1.0,0.5,48.299997,40,15,45.999998,68.999995,21.399999,1,1,1002,0,ilp_v3,optimal,1,63.022592,48.293918,1.30498,0.019458,9.2e-05,,0.019458,0.020988,3,0,0
n_tsk\set02\n_tsk_6.py,n_tsk,2,n_tsk,6,2,6,5,0.5,0.5,0.7,0.6,1.0,0.5,48.299997,40,15,45.999998,68.999995,21.399999,1,1,1002,0,ilp_v4,optimal,1,62.56012,48.132713,1.299742,0.127888,0.0,,0.127888,0.131155,3,0,0
n_tsk\set02\n_tsk_6.py,n_tsk,2,n_tsk,6,2,6,5,0.5,0.5,0.7,0.6,1.0,0.5,48.299997,40,15,45.999998,68.999995,21.399999,1,1,1002,0,greedy_sps_baseline,solved,1,8.571109,48.242518,0.177667,0.001317,,,0.001317,0.001703,3,0,0
n_tsk\set02\n_tsk_8.py,n_tsk,2,n_tsk,8,2,8,5,0.5,0.5,0.7,0.6,1.0,0.5,48.299998,40,17,46.000001,68.999997,21.400001,1,1,1002,0,ilp_v2,optimal,1,63.33673,48.288352,1.311636,0.134547,0.0,,0.134547,0.141594,3,0,0
n_tsk\set02\n_tsk_8.py,n_tsk,2,n_tsk,8,2,8,5,0.5,0.5,0.7,0.6,1.0,0.5,48.299998,40,17,46.000001,68.999997,21.400001,1,1,1002,0,ilp_v3,optimal,1,66.562627,48.283081,1.378591,0.020681,0.0,,0.020681,0.021155,3,0,0
n_tsk\set02\n_tsk_8.py,n_tsk,2,n_tsk,8,2,8,5,0.5,0.5,0.7,0.6,1.0,0.5,48.299998,40,17,46.000001,68.999997,21.400001,1,1,1002,0,ilp_v4,optimal,1,65.841957,48.19872,1.366052,0.22088,0.0,,0.22088,0.234387,3,0,0
n_tsk\set02\n_tsk_8.py,n_tsk,2,n_tsk,8,2,8,5,0.5,0.5,0.7,0.6,1.0,0.5,48.299998,40,17,46.000001,68.999997,21.400001,1,1,1002,0,greedy_sps_baseline,solved,1,9.085883,48.263857,0.188254,0.004556,,,0.004556,0.005292,3,0,0
n_tsk\set02\n_tsk_10.py,n_tsk,2,n_tsk,10,2,10,5,0.5,0.5,0.7,0.6,1.0,0.5,48.300002,40,22,45.999998,69.000003,21.399999,1,1,1002,0,ilp_v2,optimal,1,54.086062,48.298362,1.119832,0.029608,0.0,,0.029608,0.040605,3,0,0
n_tsk\set02\n_tsk_10.py,n_tsk,2,n_tsk,10,2,10,5,0.5,0.5,0.7,0.6,1.0,0.5,48.300002,40,22,45.999998,69.000003,21.399999,1,1,1002,0,ilp_v3,optimal,1,55.481383,48.245602,1.149978,0.011317,0.0,,0.011317,0.012567,3,0,0
n_tsk\set02\n_tsk_10.py,n_tsk,2,n_tsk,10,2,10,5,0.5,0.5,0.7,0.6,1.0,0.5,48.300002,40,22,45.999998,69.000003,21.399999,1,1,1002,0,ilp_v4,optimal,1,54.899307,48.299594,1.136641,0.196321,0.0,,0.196321,0.210732,3,0,0
n_tsk\set02\n_tsk_10.py,n_tsk,2,n_tsk,10,2,10,5,0.5,0.5,0.7,0.6,1.0,0.5,48.300002,40,22,45.999998,69.000003,21.399999,1,1,1002,0,greedy_sps_baseline,solved,1,9.609577,48.293506,0.198983,0.001336,,,0.001336,0.001544,3,0,0
n_tsk\set02\n_tsk_12.py,n_tsk,2,n_tsk,12,2,12,5,0.5,0.5,0.7,0.6,1.0,0.5,48.300001,40,25,46.0,69.000001,21.4,1,1,1002,0,ilp_v2,optimal,1,71.334065,48.290922,1.477173,0.196724,0.0,,0.196724,0.199964,3,0,0
n_tsk\set02\n_tsk_12.py,n_tsk,2,n_tsk,12,2,12,5,0.5,0.5,0.7,0.6,1.0,0.5,48.300001,40,25,46.0,69.000001,21.4,1,1,1002,0,ilp_v3,optimal,1,73.212592,48.298661,1.515831,0.017611,9.9e-05,,0.017611,0.018034,3,0,0
n_tsk\set02\n_tsk_12.py,n_tsk,2,n_tsk,12,2,12,5,0.5,0.5,0.7,0.6,1.0,0.5,48.300001,40,25,46.0,69.000001,21.4,1,1,1002,0,ilp_v4,optimal,1,73.219843,48.299055,1.515968,0.12837,0.0,,0.12837,0.138305,3,0,0
n_tsk\set02\n_tsk_12.py,n_tsk,2,n_tsk,12,2,12,5,0.5,0.5,0.7,0.6,1.0,0.5,48.300001,40,25,46.0,69.000001,21.4,1,1,1002,0,greedy_sps_baseline,solved,1,9.446687,48.26804,0.195713,0.001305,,,0.001305,0.001469,3,0,0
n_tsk\set02\n_tsk_16.py,n_tsk,2,n_tsk,16,2,16,5,0.5,0.5,0.7,0.6,1.0,0.5,48.300003,40,38,46.0,69.000005,21.4,1,1,1002,0,ilp_v2,optimal,1,70.260085,48.298804,1.454696,0.046205,9e-05,,0.046205,0.052332,3,0,0
n_tsk\set02\n_tsk_16.py,n_tsk,2,n_tsk,16,2,16,5,0.5,0.5,0.7,0.6,1.0,0.5,48.300003,40,38,46.0,69.000005,21.4,1,1,1002,0,ilp_v3,optimal,1,71.647621,48.26057,1.4846,0.029337,0.0,,0.029337,0.032544,3,0,0
n_tsk\set02\n_tsk_16.py,n_tsk,2,n_tsk,16,2,16,5,0.5,0.5,0.7,0.6,1.0,0.5,48.300003,40,38,46.0,69.000005,21.4,1,1,1002,0,ilp_v4,optimal,1,71.647621,48.277835,1.484069,0.421063,0.0,,0.421063,0.455709,3,0,0
n_tsk\set02\n_tsk_16.py,n_tsk,2,n_tsk,16,2,16,5,0.5,0.5,0.7,0.6,1.0,0.5,48.300003,40,38,46.0,69.000005,21.4,1,1,1002,0,greedy_sps_baseline,solved,1,9.407778,48.296606,0.194792,0.009243,,,0.009243,0.010358,3,0,0
n_tsk\set02\n_tsk_20.py,n_tsk,2,n_tsk,20,2,20,5,0.5,0.5,0.7,0.6,1.0,0.5,48.299997,40,49,46.000008,68.999995,21.400004,1,1,1002,0,ilp_v2,optimal,1,67.137005,48.281774,1.390525,0.065791,0.0,,0.065791,0.072681,3,0,0
n_tsk\set02\n_tsk_20.py,n_tsk,2,n_tsk,20,2,20,5,0.5,0.5,0.7,0.6,1.0,0.5,48.299997,40,49,46.000008,68.999995,21.400004,1,1,1002,0,ilp_v3,optimal,1,66.969565,48.29762,1.386602,0.126737,9.5e-05,,0.126737,0.130613,3,0,0
n_tsk\set02\n_tsk_20.py,n_tsk,2,n_tsk,20,2,20,5,0.5,0.5,0.7,0.6,1.0,0.5,48.299997,40,49,46.000008,68.999995,21.400004,1,1,1002,0,ilp_v4,optimal,1,67.137005,48.296829,1.390091,0.951529,0.0,,0.951529,1.020227,3,0,0
n_tsk\set02\n_tsk_20.py,n_tsk,2,n_tsk,20,2,20,5,0.5,0.5,0.7,0.6,1.0,0.5,48.299997,40,49,46.000008,68.999995,21.400004,1,1,1002,0,greedy_sps_baseline,solved,1,9.438428,48.295274,0.195432,0.028538,,,0.028538,0.031195,3,0,0
n_tsk\set02\n_tsk_26.py,n_tsk,2,n_tsk,26,2,26,5,0.5,0.5,0.7,0.6,1.0,0.5,48.30001,40,62,46.000003,69.000015,21.400002,1,1,1002,0,ilp_v2,optimal,1,69.918698,48.291345,1.447852,0.025657,0.0,,0.025657,0.026879,3,0,0
n_tsk\set02\n_tsk_26.py,n_tsk,2,n_tsk,26,2,26,5,0.5,0.5,0.7,0.6,1.0,0.5,48.30001,40,62,46.000003,69.000015,21.400002,1,1,1002,0,ilp_v3,optimal,1,69.918698,48.276257,1.448304,0.05651,0.0,,0.05651,0.060386,3,0,0
n_tsk\set02\n_tsk_26.py,n_tsk,2,n_tsk,26,2,26,5,0.5,0.5,0.7,0.6,1.0,0.5,48.30001,40,62,46.000003,69.000015,21.400002,1,1,1002,0,ilp_v4,optimal,1,69.918698,48.291345,1.447852,0.458795,0.0,,0.458795,0.463915,3,0,0
n_tsk\set02\n_tsk_26.py,n_tsk,2,n_tsk,26,2,26,5,0.5,0.5,0.7,0.6,1.0,0.5,48.30001,40,62,46.000003,69.000015,21.400002,1,1,1002,0,greedy_sps_baseline,solved,1,9.65843,48.298543,0.199974,0.032514,,,0.032514,0.035697,3,0,0
n_tsk\set03\n_tsk_4.py,n_tsk,3,n_tsk,4,2,4,5,0.5,0.5,0.7,0.6,1.0,0.5,48.299999,40,8,45.999999,68.999999,21.433333,1,1,1003,0,ilp_v2,optimal,1,45.265478,48.058773,0.941878,0.026247,0.0,,0.026247,0.029541,3,0,0
n_tsk\set03\n_tsk_4.py,n_tsk,3,n_tsk,4,2,4,5,0.5,0.5,0.7,0.6,1.0,0.5,48.299999,40,8,45.999999,68.999999,21.433333,1,1,1003,0,ilp_v3,optimal,1,44.842028,47.593311,0.942192,0.011155,0.0,,0.011155,0.01386,3,0,0
n_tsk\set03\n_tsk_4.py,n_tsk,3,n_tsk,4,2,4,5,0.5,0.5,0.7,0.6,1.0,0.5,48.299999,40,8,45.999999,68.999999,21.433333,1,1,1003,0,ilp_v4,optimal,1,45.265478,48.058773,0.941878,0.035038,0.0,,0.035038,0.036009,3,0,0
n_tsk\set03\n_tsk_4.py,n_tsk,3,n_tsk,4,2,4,5,0.5,0.5,0.7,0.6,1.0,0.5,48.299999,40,8,45.999999,68.999999,21.433333,1,1,1003,0,greedy_sps_baseline,solved,1,7.603281,48.16801,0.157849,0.000455,,,0.000455,0.000564,3,0,0
n_tsk\set03\n_tsk_6.py,n_tsk,3,n_tsk,6,2,6,5,0.5,0.5,0.7,0.6,1.0,0.5,48.299999,40,12,46.0,68.999999,21.433333,1,1,1003,0,ilp_v2,optimal,1,40.889651,48.292486,0.846708,0.02102,0.0,,0.02102,0.023099,3,0,0
n_tsk\set03\n_tsk_6.py,n_tsk,3,n_tsk,6,2,6,5,0.5,0.5,0.7,0.6,1.0,0.5,48.299999,40,12,46.0,68.999999,21.433333,1,1,1003,0,ilp_v3,optimal,1,47.277419,48.181454,0.981237,0.015406,0.0,,0.015406,0.016301,3,0,0
n_tsk\set03\n_tsk_6.py,n_tsk,3,n_tsk,6,2,6,5,0.5,0.5,0.7,0.6,1.0,0.5,48.299999,40,12,46.0,68.999999,21.433333,1,1,1003,0,ilp_v4,optimal,1,54.250039,48.165857,1.126317,0.059676,0.0,,0.059676,0.066622,3,0,0
n_tsk\set03\n_tsk_6.py,n_tsk,3,n_tsk,6,2,6,5,0.5,0.5,0.7,0.6,1.0,0.5,48.299999,40,12,46.0,68.999999,21.433333,1,1,1003,0,greedy_sps_baseline,solved,1,7.023618,48.050698,0.146171,0.000592,,,0.000592,0.00073,3,0,0
n_tsk\set03\n_tsk_8.py,n_tsk,3,n_tsk,8,2,8,5,0.5,0.5,0.7,0.6,1.0,0.5,48.299998,40,17,45.999999,68.999998,21.433333,1,1,1003,0,ilp_v2,optimal,1,50.983063,48.116611,1.059573,0.030628,0.0,,0.030628,0.03134,3,0,0
n_tsk\set03\n_tsk_8.py,n_tsk,3,n_tsk,8,2,8,5,0.5,0.5,0.7,0.6,1.0,0.5,48.299998,40,17,45.999999,68.999998,21.433333,1,1,1003,0,ilp_v3,optimal,1,57.583713,48.204717,1.194566,0.030992,0.0,,0.030992,0.033246,3,0,0
n_tsk\set03\n_tsk_8.py,n_tsk,3,n_tsk,8,2,8,5,0.5,0.5,0.7,0.6,1.0,0.5,48.299998,40,17,45.999999,68.999998,21.433333,1,1,1003,0,ilp_v4,optimal,1,60.976652,48.254713,1.263641,0.062292,0.0,,0.062292,0.068149,3,0,0
n_tsk\set03\n_tsk_8.py,n_tsk,3,n_tsk,8,2,8,5,0.5,0.5,0.7,0.6,1.0,0.5,48.299998,40,17,45.999999,68.999998,21.433333,1,1,1003,0,greedy_sps_baseline,solved,1,8.059653,48.285709,0.166916,0.002348,,,0.002348,0.00271,3,0,0
n_tsk\set03\n_tsk_10.py,n_tsk,3,n_tsk,10,2,10,5,0.5,0.5,0.7,0.6,1.0,0.5,48.299994,40,23,46.000002,68.999991,21.433334,1,1,1003,0,ilp_v2,optimal,1,59.393503,48.299811,1.229684,0.102064,8.2e-05,,0.102064,0.107625,3,0,0
n_tsk\set03\n_tsk_10.py,n_tsk,3,n_tsk,10,2,10,5,0.5,0.5,0.7,0.6,1.0,0.5,48.299994,40,23,46.000002,68.999991,21.433334,1,1,1003,0,ilp_v3,optimal,1,62.320649,48.286843,1.290634,0.048409,0.0,,0.048409,0.049988,3,0,0
n_tsk\set03\n_tsk_10.py,n_tsk,3,n_tsk,10,2,10,5,0.5,0.5,0.7,0.6,1.0,0.5,48.299994,40,23,46.000002,68.999991,21.433334,1,1,1003,0,ilp_v4,optimal,1,61.519039,48.299353,1.273703,0.31824,8.9e-05,,0.31824,0.34272,3,0,0
n_tsk\set03\n_tsk_10.py,n_tsk,3,n_tsk,10,2,10,5,0.5,0.5,0.7,0.6,1.0,0.5,48.299994,40,23,46.000002,68.999991,21.433334,1,1,1003,0,greedy_sps_baseline,solved,1,7.722896,48.298845,0.159898,0.002518,,,0.002518,0.002721,3,0,0
n_tsk\set03\n_tsk_12.py,n_tsk,3,n_tsk,12,2,12,5,0.5,0.5,0.7,0.6,1.0,0.5,48.299994,40,26,46.000001,68.999991,21.433334,1,1,1003,0,ilp_v2,optimal,1,63.348664,48.29919,1.311589,0.224121,9e-05,,0.224121,0.253053,3,0,0
n_tsk\set03\n_tsk_12.py,n_tsk,3,n_tsk,12,2,12,5,0.5,0.5,0.7,0.6,1.0,0.5,48.299994,40,26,46.000001,68.999991,21.433334,1,1,1003,0,ilp_v3,optimal,1,75.711436,48.281793,1.568116,0.073403,0.0,,0.073403,0.086101,3,0,0
n_tsk\set03\n_tsk_12.py,n_tsk,3,n_tsk,12,2,12,5,0.5,0.5,0.7,0.6,1.0,0.5,48.299994,40,26,46.000001,68.999991,21.433334,1,1,1003,0,ilp_v4,optimal,1,75.501142,48.297664,1.563246,0.340168,8.3e-05,,0.340168,0.351347,3,0,0
n_tsk\set03\n_tsk_12.py,n_tsk,3,n_tsk,12,2,12,5,0.5,0.5,0.7,0.6,1.0,0.5,48.299994,40,26,46.000001,68.999991,21.433334,1,1,1003,0,greedy_sps_baseline,solved,1,8.549824,48.297122,0.177026,0.005017,,,0.005017,0.005182,3,0,0
n_tsk\set03\n_tsk_16.py,n_tsk,3,n_tsk,16,2,16,5,0.5,0.5,0.7,0.6,1.0,0.5,48.300008,40,35,46.000009,69.000011,21.433338,1,1,1003,0,ilp_v2,optimal,1,63.648433,48.295208,1.317904,0.057913,0.0,,0.057913,0.0617,3,0,0
n_tsk\set03\n_tsk_16.py,n_tsk,3,n_tsk,16,2,16,5,0.5,0.5,0.7,0.6,1.0,0.5,48.300008,40,35,46.000009,69.000011,21.433338,1,1,1003,0,ilp_v3,optimal,1,63.648433,48.277723,1.318381,0.033704,0.0,,0.033704,0.038964,3,0,0
n_tsk\set03\n_tsk_16.py,n_tsk,3,n_tsk,16,2,16,5,0.5,0.5,0.7,0.6,1.0,0.5,48.300008,40,35,46.000009,69.000011,21.433338,1,1,1003,0,ilp_v4,optimal,1,63.872311,48.258034,1.323558,0.36483,0.0,,0.36483,0.365556,3,0,0
n_tsk\set03\n_tsk_16.py,n_tsk,3,n_tsk,16,2,16,5,0.5,0.5,0.7,0.6,1.0,0.5,48.300008,40,35,46.000009,69.000011,21.433338,1,1,1003,0,greedy_sps_baseline,solved,1,9.691344,48.299178,0.200652,0.004002,,,0.004002,0.004274,3,0,0
n_tsk\set03\n_tsk_20.py,n_tsk,3,n_tsk,20,2,20,5,0.5,0.5,0.7,0.6,1.0,0.5,48.300003,40,40,46.000003,69.000005,21.433335,1,1,1003,0,ilp_v2,optimal,1,60.74409,48.278575,1.2582,0.034117,0.0,,0.034117,0.037203,3,0,0
n_tsk\set03\n_tsk_20.py,n_tsk,3,n_tsk,20,2,20,5,0.5,0.5,0.7,0.6,1.0,0.5,48.300003,40,40,46.000003,69.000005,21.433335,1,1,1003,0,ilp_v3,optimal,1,60.74409,48.296376,1.257736,0.018009,0.0,,0.018009,0.018204,3,0,0
n_tsk\set03\n_tsk_20.py,n_tsk,3,n_tsk,20,2,20,5,0.5,0.5,0.7,0.6,1.0,0.5,48.300003,40,40,46.000003,69.000005,21.433335,1,1,1003,0,ilp_v4,optimal,1,60.74409,48.267133,1.258498,0.534143,0.0,,0.534143,0.578919,3,0,0
n_tsk\set03\n_tsk_20.py,n_tsk,3,n_tsk,20,2,20,5,0.5,0.5,0.7,0.6,1.0,0.5,48.300003,40,40,46.000003,69.000005,21.433335,1,1,1003,0,greedy_sps_baseline,solved,1,9.343679,48.282545,0.193521,0.012637,,,0.012637,0.01347,3,0,0
n_tsk\set03\n_tsk_26.py,n_tsk,3,n_tsk,26,2,26,5,0.5,0.5,0.7,0.6,1.0,0.5,48.299991,40,52,45.999998,68.999987,21.433332,1,1,1003,0,ilp_v2,optimal,1,74.794515,48.297829,1.54861,0.137738,7.5e-05,,0.137738,0.15103,3,0,0
n_tsk\set03\n_tsk_26.py,n_tsk,3,n_tsk,26,2,26,5,0.5,0.5,0.7,0.6,1.0,0.5,48.299991,40,52,45.999998,68.999987,21.433332,1,1,1003,0,ilp_v3,optimal,1,76.004087,48.299587,1.573597,0.085267,3.7e-05,,0.085267,0.089837,3,0,0
n_tsk\set03\n_tsk_26.py,n_tsk,3,n_tsk,26,2,26,5,0.5,0.5,0.7,0.6,1.0,0.5,48.299991,40,52,45.999998,68.999987,21.433332,1,1,1003,0,ilp_v4,optimal,1,76.275374,48.262483,1.580428,0.93668,0.0,,0.93668,0.963982,3,0,0
n_tsk\set03\n_tsk_26.py,n_tsk,3,n_tsk,26,2,26,5,0.5,0.5,0.7,0.6,1.0,0.5,48.299991,40,52,45.999998,68.999987,21.433332,1,1,1003,0,greedy_sps_baseline,solved,1,9.502696,48.299108,0.196747,0.024871,,,0.024871,0.027684,3,0,0
n_tsk\set04\n_tsk_4.py,n_tsk,4,n_tsk,4,2,4,5,0.5,0.5,0.7,0.6,1.0,0.5,48.300002,40,11,46.000001,69.000002,22.042858,1,1,1004,0,ilp_v2,optimal,1,53.145724,48.299137,1.100345,0.006043,0.0,,0.006043,0.007729,3,0,0
n_tsk\set04\n_tsk_4.py,n_tsk,4,n_tsk,4,2,4,5,0.5,0.5,0.7,0.6,1.0,0.5,48.300002,40,11,46.000001,69.000002,22.042858,1,1,1004,0,ilp_v3,optimal,1,53.145724,48.202959,1.102541,0.012219,0.0,,0.012219,0.013512,3,0,0
n_tsk\set04\n_tsk_4.py,n_tsk,4,n_tsk,4,2,4,5,0.5,0.5,0.7,0.6,1.0,0.5,48.300002,40,11,46.000001,69.000002,22.042858,1,1,1004,0,ilp_v4,optimal,1,53.556161,45.43759,1.178675,0.037153,0.0,,0.037153,0.038108,3,0,0
n_tsk\set04\n_tsk_4.py,n_tsk,4,n_tsk,4,2,4,5,0.5,0.5,0.7,0.6,1.0,0.5,48.300002,40,11,46.000001,69.000002,22.042858,1,1,1004,0,greedy_sps_baseline,solved,1,7.285219,48.284257,0.150882,0.000512,,,0.000512,0.00061,3,0,0
n_tsk\set04\n_tsk_6.py,n_tsk,4,n_tsk,6,2,6,5,0.5,0.5,0.7,0.6,1.0,0.5,48.3,40,14,46.000002,69.0,22.042858,1,1,1004,0,ilp_v2,optimal,1,50.481935,48.034627,1.050949,0.007079,0.0,,0.007079,0.008121,3,0,0
n_tsk\set04\n_tsk_6.py,n_tsk,4,n_tsk,6,2,6,5,0.5,0.5,0.7,0.6,1.0,0.5,48.3,40,14,46.000002,69.0,22.042858,1,1,1004,0,ilp_v3,optimal,1,46.832578,48.298458,0.96965,0.127726,0.0,,0.127726,0.158279,3,0,0
n_tsk\set04\n_tsk_6.py,n_tsk,4,n_tsk,6,2,6,5,0.5,0.5,0.7,0.6,1.0,0.5,48.3,40,14,46.000002,69.0,22.042858,1,1,1004,0,ilp_v4,optimal,1,50.481935,48.034627,1.050949,0.02823,0.0,,0.02823,0.030848,3,0,0
n_tsk\set04\n_tsk_6.py,n_tsk,4,n_tsk,6,2,6,5,0.5,0.5,0.7,0.6,1.0,0.5,48.3,40,14,46.000002,69.0,22.042858,1,1,1004,0,greedy_sps_baseline,solved,1,6.995651,48.168207,0.145234,0.001124,,,0.001124,0.001364,3,0,0
n_tsk\set04\n_tsk_8.py,n_tsk,4,n_tsk,8,2,8,5,0.5,0.5,0.7,0.6,1.0,0.5,48.299998,40,19,45.999994,68.999997,22.042854,1,1,1004,0,ilp_v2,optimal,1,61.286097,48.280011,1.269389,0.022037,0.0,,0.022037,0.025317,3,0,0
n_tsk\set04\n_tsk_8.py,n_tsk,4,n_tsk,8,2,8,5,0.5,0.5,0.7,0.6,1.0,0.5,48.299998,40,19,45.999994,68.999997,22.042854,1,1,1004,0,ilp_v3,optimal,1,59.697766,48.299964,1.23598,0.149603,0.0,,0.149603,0.159297,3,0,0
n_tsk\set04\n_tsk_8.py,n_tsk,4,n_tsk,8,2,8,5,0.5,0.5,0.7,0.6,1.0,0.5,48.299998,40,19,45.999994,68.999997,22.042854,1,1,1004,0,ilp_v4,optimal,1,61.286097,48.280011,1.269389,0.081005,0.0,,0.081005,0.086195,3,0,0
n_tsk\set04\n_tsk_8.py,n_tsk,4,n_tsk,8,2,8,5,0.5,0.5,0.7,0.6,1.0,0.5,48.299998,40,19,45.999994,68.999997,22.042854,1,1,1004,0,greedy_sps_baseline,solved,1,6.88383,48.296524,0.142533,0.002871,,,0.002871,0.002941,3,0,0
n_tsk\set04\n_tsk_10.py,n_tsk,4,n_tsk,10,2,10,5,0.5,0.5,0.7,0.6,1.0,0.5,48.3,40,24,46.0,69.0,22.042857,1,1,1004,0,ilp_v2,optimal,1,57.865625,48.043566,1.204441,0.031798,0.0,,0.031798,0.032616,3,0,0
n_tsk\set04\n_tsk_10.py,n_tsk,4,n_tsk,10,2,10,5,0.5,0.5,0.7,0.6,1.0,0.5,48.3,40,24,46.0,69.0,22.042857,1,1,1004,0,ilp_v3,optimal,1,59.203757,48.280014,1.226258,0.034186,0.0,,0.034186,0.034967,3,0,0
n_tsk\set04\n_tsk_10.py,n_tsk,4,n_tsk,10,2,10,5,0.5,0.5,0.7,0.6,1.0,0.5,48.3,40,24,46.0,69.0,22.042857,1,1,1004,0,ilp_v4,optimal,1,59.203757,47.863173,1.236938,0.203225,0.0,,0.203225,0.217026,3,0,0
n_tsk\set04\n_tsk_10.py,n_tsk,4,n_tsk,10,2,10,5,0.5,0.5,0.7,0.6,1.0,0.5,48.3,40,24,46.0,69.0,22.042857,1,1,1004,0,greedy_sps_baseline,solved,1,7.897641,48.296551,0.163524,0.005367,,,0.005367,0.005688,3,0,0
n_tsk\set04\n_tsk_12.py,n_tsk,4,n_tsk,12,2,12,5,0.5,0.5,0.7,0.6,1.0,0.5,48.300003,40,27,46.000003,69.000005,22.042859,1,1,1004,0,ilp_v2,optimal,1,43.550908,48.29932,0.901688,0.111763,8e-06,,0.111763,0.114372,3,0,0
n_tsk\set04\n_tsk_12.py,n_tsk,4,n_tsk,12,2,12,5,0.5,0.5,0.7,0.6,1.0,0.5,48.300003,40,27,46.000003,69.000005,22.042859,1,1,1004,0,ilp_v3,optimal,1,53.282548,48.239984,1.104531,0.038803,6.9e-05,,0.038803,0.042068,3,0,0
n_tsk\set04\n_tsk_12.py,n_tsk,4,n_tsk,12,2,12,5,0.5,0.5,0.7,0.6,1.0,0.5,48.300003,40,27,46.000003,69.000005,22.042859,1,1,1004,0,ilp_v4,optimal,1,54.189529,48.245023,1.123215,0.230953,0.0,,0.230953,0.242847,3,0,0
n_tsk\set04\n_tsk_12.py,n_tsk,4,n_tsk,12,2,12,5,0.5,0.5,0.7,0.6,1.0,0.5,48.300003,40,27,46.000003,69.000005,22.042859,1,1,1004,0,greedy_sps_baseline,solved,1,8.962615,48.297756,0.18557,0.010556,,,0.010556,0.011898,3,0,0
n_tsk\set04\n_tsk_16.py,n_tsk,4,n_tsk,16,2,16,5,0.5,0.5,0.7,0.6,1.0,0.5,48.299998,40,37,46.000002,68.999997,22.042858,1,1,1004,0,ilp_v2,optimal,1,63.663436,48.291644,1.318312,0.019492,0.0,,0.019492,0.021869,3,0,0
n_tsk\set04\n_tsk_16.py,n_tsk,4,n_tsk,16,2,16,5,0.5,0.5,0.7,0.6,1.0,0.5,48.299998,40,37,46.000002,68.999997,22.042858,1,1,1004,0,ilp_v3,optimal,1,63.663436,48.004497,1.326197,0.017923,0.0,,0.017923,0.01948,3,0,0
n_tsk\set04\n_tsk_16.py,n_tsk,4,n_tsk,16,2,16,5,0.5,0.5,0.7,0.6,1.0,0.5,48.299998,40,37,46.000002,68.999997,22.042858,1,1,1004,0,ilp_v4,optimal,1,63.663436,48.230429,1.319985,0.477171,0.0,,0.477171,0.489106,3,0,0
n_tsk\set04\n_tsk_16.py,n_tsk,4,n_tsk,16,2,16,5,0.5,0.5,0.7,0.6,1.0,0.5,48.299998,40,37,46.000002,68.999997,22.042858,1,1,1004,0,greedy_sps_baseline,solved,1,9.416609,48.287443,0.195012,0.004917,,,0.004917,0.005439,3,0,0
n_tsk\set04\n_tsk_20.py,n_tsk,4,n_tsk,20,2,20,5,0.5,0.5,0.7,0.6,1.0,0.5,48.300007,40,50,46.000002,69.00001,22.042858,1,1,1004,0,ilp_v2,optimal,1,51.52714,47.999318,1.073497,0.021415,0.0,,0.021415,0.022184,3,0,0
n_tsk\set04\n_tsk_20.py,n_tsk,4,n_tsk,20,2,20,5,0.5,0.5,0.7,0.6,1.0,0.5,48.300007,40,50,46.000002,69.00001,22.042858,1,1,1004,0,ilp_v3,optimal,1,51.52714,48.298579,1.066846,0.024641,0.0,,0.024641,0.030222,3,0,0
n_tsk\set04\n_tsk_20.py,n_tsk,4,n_tsk,20,2,20,5,0.5,0.5,0.7,0.6,1.0,0.5,48.300007,40,50,46.000002,69.00001,22.042858,1,1,1004,0,ilp_v4,optimal,1,51.52714,48.257591,1.067752,0.395922,0.0,,0.395922,0.41824,3,0,0
n_tsk\set04\n_tsk_20.py,n_tsk,4,n_tsk,20,2,20,5,0.5,0.5,0.7,0.6,1.0,0.5,48.300007,40,50,46.000002,69.00001,22.042858,1,1,1004,0,greedy_sps_baseline,solved,1,8.979187,48.298941,0.185909,0.034215,,,0.034215,0.037843,3,0,0
n_tsk\set04\n_tsk_26.py,n_tsk,4,n_tsk,26,2,26,5,0.5,0.5,0.7,0.6,1.0,0.5,48.300001,40,67,46.000002,69.000001,22.042858,1,1,1004,0,ilp_v2,optimal,1,48.523223,48.227767,1.006126,0.033575,0.0,,0.033575,0.039181,3,0,0
n_tsk\set04\n_tsk_26.py,n_tsk,4,n_tsk,26,2,26,5,0.5,0.5,0.7,0.6,1.0,0.5,48.300001,40,67,46.000002,69.000001,22.042858,1,1,1004,0,ilp_v3,optimal,1,48.523223,48.161973,1.007501,0.066254,0.0,,0.066254,0.077826,3,0,0
n_tsk\set04\n_tsk_26.py,n_tsk,4,n_tsk,26,2,26,5,0.5,0.5,0.7,0.6,1.0,0.5,48.300001,40,67,46.000002,69.000001,22.042858,1,1,1004,0,ilp_v4,optimal,1,48.523223,47.730684,1.016604,0.592571,0.0,,0.592571,0.606554,3,0,0
n_tsk\set04\n_tsk_26.py,n_tsk,4,n_tsk,26,2,26,5,0.5,0.5,0.7,0.6,1.0,0.5,48.300001,40,67,46.000002,69.000001,22.042858,1,1,1004,0,greedy_sps_baseline,solved,1,8.93622,48.299648,0.185016,0.069196,,,0.069196,0.071739,3,0,0
n_tsk\set05\n_tsk_4.py,n_tsk,5,n_tsk,4,2,4,5,0.5,0.5,0.7,0.6,1.0,0.5,48.300002,40,9,46.000001,69.000002,24.400001,1,1,1005,0,ilp_v2,optimal,1,60.976383,48.26024,1.263491,0.021157,0.0,,0.021157,0.022892,3,0,0
n_tsk\set05\n_tsk_4.py,n_tsk,5,n_tsk,4,2,4,5,0.5,0.5,0.7,0.6,1.0,0.5,48.300002,40,9,46.000001,69.000002,24.400001,1,1,1005,0,ilp_v3,optimal,1,60.439603,47.652286,1.268346,0.006512,0.0,,0.006512,0.00744,3,0,0
n_tsk\set05\n_tsk_4.py,n_tsk,5,n_tsk,4,2,4,5,0.5,0.5,0.7,0.6,1.0,0.5,48.300002,40,9,46.000001,69.000002,24.400001,1,1,1005,0,ilp_v4,optimal,1,60.976383,48.171144,1.265828,0.03465,0.0,,0.03465,0.035622,3,0,0
n_tsk\set05\n_tsk_4.py,n_tsk,5,n_tsk,4,2,4,5,0.5,0.5,0.7,0.6,1.0,0.5,48.300002,40,9,46.000001,69.000002,24.400001,1,1,1005,0,greedy_sps_baseline,solved,1,5.681648,48.25774,0.117735,0.000709,,,0.000709,0.000919,3,0,0
n_tsk\set05\n_tsk_6.py,n_tsk,5,n_tsk,6,2,6,5,0.5,0.5,0.7,0.6,1.0,0.5,48.299994,40,11,45.999999,68.999992,24.399999,1,1,1005,0,ilp_v2,optimal,1,61.593424,48.248379,1.276591,0.041881,0.0,,0.041881,0.044723,3,0,0
n_tsk\set05\n_tsk_6.py,n_tsk,5,n_tsk,6,2,6,5,0.5,0.5,0.7,0.6,1.0,0.5,48.299994,40,11,45.999999,68.999992,24.399999,1,1,1005,0,ilp_v3,optimal,1,73.546475,48.26412,1.523833,0.024861,0.0,,0.024861,0.026276,3,0,0
n_tsk\set05\n_tsk_6.py,n_tsk,5,n_tsk,6,2,6,5,0.5,0.5,0.7,0.6,1.0,0.5,48.299994,40,11,45.999999,68.999992,24.399999,1,1,1005,0,ilp_v4,optimal,1,74.40423,48.298313,1.540514,0.061226,0.0,,0.061226,0.06751,3,0,0
n_tsk\set05\n_tsk_6.py,n_tsk,5,n_tsk,6,2,6,5,0.5,0.5,0.7,0.6,1.0,0.5,48.299994,40,11,45.999999,68.999992,24.399999,1,1,1005,0,greedy_sps_baseline,solved,1,9.451885,48.266874,0.195826,0.00062,,,0.00062,0.000771,3,0,0
n_tsk\set05\n_tsk_8.py,n_tsk,5,n_tsk,8,2,8,5,0.5,0.5,0.7,0.6,1.0,0.5,48.300005,40,17,46.000005,69.000007,24.400002,1,1,1005,0,ilp_v2,optimal,1,37.014617,48.191783,0.768069,0.015053,0.0,,0.015053,0.017215,3,0,0
n_tsk\set05\n_tsk_8.py,n_tsk,5,n_tsk,8,2,8,5,0.5,0.5,0.7,0.6,1.0,0.5,48.300005,40,17,46.000005,69.000007,24.400002,1,1,1005,0,ilp_v3,optimal,1,44.802451,48.278807,0.927994,0.01728,0.0,,0.01728,0.021748,3,0,0
n_tsk\set05\n_tsk_8.py,n_tsk,5,n_tsk,8,2,8,5,0.5,0.5,0.7,0.6,1.0,0.5,48.300005,40,17,46.000005,69.000007,24.400002,1,1,1005,0,ilp_v4,optimal,1,44.802451,48.280873,0.927954,0.052126,0.0,,0.052126,0.054311,3,0,0
n_tsk\set05\n_tsk_8.py,n_tsk,5,n_tsk,8,2,8,5,0.5,0.5,0.7,0.6,1.0,0.5,48.300005,40,17,46.000005,69.000007,24.400002,1,1,1005,0,greedy_sps_baseline,solved,1,8.71654,48.29866,0.180472,0.00188,,,0.00188,0.00229,3,0,0
n_tsk\set05\n_tsk_10.py,n_tsk,5,n_tsk,10,2,10,5,0.5,0.5,0.7,0.6,1.0,0.5,48.29999,40,22,46.000001,68.999985,24.400001,1,1,1005,0,ilp_v2,optimal,1,30.766713,48.292851,0.637086,0.077731,0.0,,0.077731,0.080416,3,0,0
n_tsk\set05\n_tsk_10.py,n_tsk,5,n_tsk,10,2,10,5,0.5,0.5,0.7,0.6,1.0,0.5,48.29999,40,22,46.000001,68.999985,24.400001,1,1,1005,0,ilp_v3,optimal,1,31.983793,48.297545,0.662224,0.016561,0.0,,0.016561,0.017264,3,0,0
n_tsk\set05\n_tsk_10.py,n_tsk,5,n_tsk,10,2,10,5,0.5,0.5,0.7,0.6,1.0,0.5,48.29999,40,22,46.000001,68.999985,24.400001,1,1,1005,0,ilp_v4,optimal,1,31.983793,48.286547,0.662375,0.2256,0.0,,0.2256,0.256447,3,0,0
n_tsk\set05\n_tsk_10.py,n_tsk,5,n_tsk,10,2,10,5,0.5,0.5,0.7,0.6,1.0,0.5,48.29999,40,22,46.000001,68.999985,24.400001,1,1,1005,0,greedy_sps_baseline,solved,1,6.245373,48.292065,0.129325,0.01364,,,0.01364,0.0144,3,0,0
n_tsk\set05\n_tsk_12.py,n_tsk,5,n_tsk,12,2,12,5,0.5,0.5,0.7,0.6,1.0,0.5,48.299998,40,26,46.000002,68.999997,24.400001,1,1,1005,0,ilp_v2,optimal,1,56.140041,48.292611,1.162498,0.219321,0.0,,0.219321,0.223697,3,0,0
n_tsk\set05\n_tsk_12.py,n_tsk,5,n_tsk,12,2,12,5,0.5,0.5,0.7,0.6,1.0,0.5,48.299998,40,26,46.000002,68.999997,24.400001,1,1,1005,0,ilp_v3,optimal,1,59.262291,48.294034,1.227114,0.035086,0.0,,0.035086,0.038074,3,0,0
n_tsk\set05\n_tsk_12.py,n_tsk,5,n_tsk,12,2,12,5,0.5,0.5,0.7,0.6,1.0,0.5,48.299998,40,26,46.000002,68.999997,24.400001,1,1,1005,0,ilp_v4,optimal,1,59.262291,48.291819,1.22717,0.384142,0.0,,0.384142,0.405086,3,0,0
n_tsk\set05\n_tsk_12.py,n_tsk,5,n_tsk,12,2,12,5,0.5,0.5,0.7,0.6,1.0,0.5,48.299998,40,26,46.000002,68.999997,24.400001,1,1,1005,0,greedy_sps_baseline,solved,1,9.121695,48.283899,0.188918,0.005028,,,0.005028,0.005457,3,0,0
n_tsk\set05\n_tsk_16.py,n_tsk,5,n_tsk,16,2,16,5,0.5,0.5,0.7,0.6,1.0,0.5,48.300005,40,36,46.000002,69.000007,24.400001,1,1,1005,0,ilp_v2,optimal,1,48.059174,48.241103,0.996229,0.021438,0.0,,0.021438,0.022085,3,0,0
n_tsk\set05\n_tsk_16.py,n_tsk,5,n_tsk,16,2,16,5,0.5,0.5,0.7,0.6,1.0,0.5,48.300005,40,36,46.000002,69.000007,24.400001,1,1,1005,0,ilp_v3,optimal,1,48.059174,48.096491,0.999224,0.016281,0.0,,0.016281,0.016552,3,0,0
n_tsk\set05\n_tsk_16.py,n_tsk,5,n_tsk,16,2,16,5,0.5,0.5,0.7,0.6,1.0,0.5,48.300005,40,36,46.000002,69.000007,24.400001,1,1,1005,0,ilp_v4,optimal,1,48.059174,47.897959,1.003366,0.275918,0.0,,0.275918,0.28129,3,0,0
n_tsk\set05\n_tsk_16.py,n_tsk,5,n_tsk,16,2,16,5,0.5,0.5,0.7,0.6,1.0,0.5,48.300005,40,36,46.000002,69.000007,24.400001,1,1,1005,0,greedy_sps_baseline,solved,1,9.209044,48.299288,0.190666,0.004954,,,0.004954,0.005773,3,0,0
n_tsk\set05\n_tsk_20.py,n_tsk,5,n_tsk,20,2,20,5,0.5,0.5,0.7,0.6,1.0,0.5,48.299994,40,47,46.000002,68.999991,24.400001,1,1,1005,0,ilp_v2,optimal,1,52.649195,47.974416,1.097443,0.018635,0.0,,0.018635,0.020503,3,0,0
n_tsk\set05\n_tsk_20.py,n_tsk,5,n_tsk,20,2,20,5,0.5,0.5,0.7,0.6,1.0,0.5,48.299994,40,47,46.000002,68.999991,24.400001,1,1,1005,0,ilp_v3,optimal,1,52.649195,48.243164,1.09133,0.030677,0.0,,0.030677,0.034543,3,0,0
n_tsk\set05\n_tsk_20.py,n_tsk,5,n_tsk,20,2,20,5,0.5,0.5,0.7,0.6,1.0,0.5,48.299994,40,47,46.000002,68.999991,24.400001,1,1,1005,0,ilp_v4,optimal,1,52.649195,47.974416,1.097443,0.476989,0.0,,0.476989,0.503731,3,0,0
n_tsk\set05\n_tsk_20.py,n_tsk,5,n_tsk,20,2,20,5,0.5,0.5,0.7,0.6,1.0,0.5,48.299994,40,47,46.000002,68.999991,24.400001,1,1,1005,0,greedy_sps_baseline,solved,1,8.53307,48.297771,0.176676,0.01853,,,0.01853,0.020435,3,0,0
n_tsk\set05\n_tsk_26.py,n_tsk,5,n_tsk,26,2,26,5,0.5,0.5,0.7,0.6,1.0,0.5,48.300012,40,65,46.0,69.000017,24.4,1,1,1005,0,ilp_v2,optimal,1,57.414146,48.268366,1.189478,0.02396,0.0,,0.02396,0.024662,3,0,0
n_tsk\set05\n_tsk_26.py,n_tsk,5,n_tsk,26,2,26,5,0.5,0.5,0.7,0.6,1.0,0.5,48.300012,40,65,46.0,69.000017,24.4,1,1,1005,0,ilp_v3,optimal,1,57.414146,48.235655,1.190284,0.024415,0.0,,0.024415,0.026155,3,0,0
n_tsk\set05\n_tsk_26.py,n_tsk,5,n_tsk,26,2,26,5,0.5,0.5,0.7,0.6,1.0,0.5,48.300012,40,65,46.0,69.000017,24.4,1,1,1005,0,ilp_v4,optimal,1,57.414146,48.268366,1.189478,0.6763,0.0,,0.6763,0.724123,3,0,0
n_tsk\set05\n_tsk_26.py,n_tsk,5,n_tsk,26,2,26,5,0.5,0.5,0.7,0.6,1.0,0.5,48.300012,40,65,46.0,69.000017,24.4,1,1,1005,0,greedy_sps_baseline,solved,1,8.176003,48.296334,0.169288,0.021236,,,0.021236,0.023079,3,0,0
n_tsk\set06\n_tsk_4.py,n_tsk,6,n_tsk,4,2,4,5,0.5,0.5,0.7,0.6,1.0,0.5,48.300002,40,8,46.0,69.000003,21.433333,1,1,1006,0,ilp_v2,optimal,1,37.872984,48.140353,0.78672,0.006486,0.0,,0.006486,0.007635,3,0,0
n_tsk\set06\n_tsk_4.py,n_tsk,6,n_tsk,4,2,4,5,0.5,0.5,0.7,0.6,1.0,0.5,48.300002,40,8,46.0,69.000003,21.433333,1,1,1006,0,ilp_v3,optimal,1,26.698832,47.584511,0.561082,0.015698,0.0,,0.015698,0.016433,3,0,0
n_tsk\set06\n_tsk_4.py,n_tsk,6,n_tsk,4,2,4,5,0.5,0.5,0.7,0.6,1.0,0.5,48.300002,40,8,46.0,69.000003,21.433333,1,1,1006,0,ilp_v4,optimal,1,38.974486,48.222534,0.808221,0.025343,0.0,,0.025343,0.026254,3,0,0
n_tsk\set06\n_tsk_4.py,n_tsk,6,n_tsk,4,2,4,5,0.5,0.5,0.7,0.6,1.0,0.5,48.300002,40,8,46.0,69.000003,21.433333,1,1,1006,0,greedy_sps_baseline,solved,1,2.203004,48.26444,0.045644,0.000401,,,0.000401,0.00051,3,0,0
n_tsk\set06\n_tsk_6.py,n_tsk,6,n_tsk,6,2,6,5,0.5,0.5,0.7,0.6,1.0,0.5,48.300002,40,11,46.0,69.000002,21.433333,1,1,1006,0,ilp_v2,optimal,1,37.14252,48.272047,0.769442,0.041747,0.0,,0.041747,0.045688,3,0,0
n_tsk\set06\n_tsk_6.py,n_tsk,6,n_tsk,6,2,6,5,0.5,0.5,0.7,0.6,1.0,0.5,48.300002,40,11,46.0,69.000002,21.433333,1,1,1006,0,ilp_v3,optimal,1,55.500195,48.256161,1.150116,0.04046,0.0,,0.04046,0.042944,3,0,0
n_tsk\set06\n_tsk_6.py,n_tsk,6,n_tsk,6,2,6,5,0.5,0.5,0.7,0.6,1.0,0.5,48.300002,40,11,46.0,69.000002,21.433333,1,1,1006,0,ilp_v4,optimal,1,56.308425,48.204474,1.168116,0.046026,0.0,,0.046026,0.050864,3,0,0
n_tsk\set06\n_tsk_6.py,n_tsk,6,n_tsk,6,2,6,5,0.5,0.5,0.7,0.6,1.0,0.5,48.300002,40,11,46.0,69.000002,21.433333,1,1,1006,0,greedy_sps_baseline,solved,1,8.47283,48.298947,0.175425,0.000716,,,0.000716,0.000845,3,0,0
n_tsk\set06\n_tsk_8.py,n_tsk,6,n_tsk,8,2,8,5,0.5,0.5,0.7,0.6,1.0,0.5,48.299995,40,19,45.999997,68.999993,21.433332,1,1,1006,0,ilp_v2,optimal,1,37.170644,48.299379,0.769588,0.066193,0.0,,0.066193,0.074027,3,0,0
n_tsk\set06\n_tsk_8.py,n_tsk,6,n_tsk,8,2,8,5,0.5,0.5,0.7,0.6,1.0,0.5,48.299995,40,19,45.999997,68.999993,21.433332,1,1,1006,0,ilp_v3,optimal,1,53.479506,48.143887,1.110827,0.135058,0.0,,0.135058,0.146663,3,0,0
n_tsk\set06\n_tsk_8.py,n_tsk,6,n_tsk,8,2,8,5,0.5,0.5,0.7,0.6,1.0,0.5,48.299995,40,19,45.999997,68.999993,21.433332,1,1,1006,0,ilp_v4,optimal,1,56.996268,48.298351,1.180087,0.230734,0.0,,0.230734,0.252074,3,0,0
n_tsk\set06\n_tsk_8.py,n_tsk,6,n_tsk,8,2,8,5,0.5,0.5,0.7,0.6,1.0,0.5,48.299995,40,19,45.999997,68.999993,21.433332,1,1,1006,0,greedy_sps_baseline,solved,1,9.17687,48.282671,0.190066,0.005133,,,0.005133,0.005705,3,0,0
n_tsk\set06\n_tsk_10.py,n_tsk,6,n_tsk,10,2,10,5,0.5,0.5,0.7,0.6,1.0,0.5,48.300002,40,22,46.0,69.000003,21.433333,1,1,1006,0,ilp_v2,optimal,1,63.592035,48.2857,1.316995,0.156666,0.0,,0.156666,0.16811,3,0,0
n_tsk\set06\n_tsk_10.py,n_tsk,6,n_tsk,10,2,10,5,0.5,0.5,0.7,0.6,1.0,0.5,48.300002,40,22,46.0,69.000003,21.433333,1,1,1006,0,ilp_v3,optimal,1,68.266769,48.299181,1.413415,0.110718,0.0,,0.110718,0.114242,3,0,0
n_tsk\set06\n_tsk_10.py,n_tsk,6,n_tsk,10,2,10,5,0.5,0.5,0.7,0.6,1.0,0.5,48.300002,40,22,46.0,69.000003,21.433333,1,1,1006,0,ilp_v4,optimal,1,68.023217,48.234306,1.410266,0.410984,0.0,,0.410984,0.433906,3,0,0
n_tsk\set06\n_tsk_10.py,n_tsk,6,n_tsk,10,2,10,5,0.5,0.5,0.7,0.6,1.0,0.5,48.300002,40,22,46.0,69.000003,21.433333,1,1,1006,0,greedy_sps_baseline,solved,1,7.887688,48.282282,0.163366,0.006751,,,0.006751,0.006919,3,0,0
n_tsk\set06\n_tsk_12.py,n_tsk,6,n_tsk,12,2,12,5,0.5,0.5,0.7,0.6,1.0,0.5,48.299996,40,27,45.999993,68.999994,21.43333,1,1,1006,0,ilp_v2,optimal,1,63.355031,48.298653,1.311735,0.067138,9.1e-05,,0.067138,0.072184,3,0,0
n_tsk\set06\n_tsk_12.py,n_tsk,6,n_tsk,12,2,12,5,0.5,0.5,0.7,0.6,1.0,0.5,48.299996,40,27,45.999993,68.999994,21.43333,1,1,1006,0,ilp_v3,optimal,1,63.21719,48.294737,1.308987,0.151389,7.6e-05,,0.151389,0.160633,3,0,0
n_tsk\set06\n_tsk_12.py,n_tsk,6,n_tsk,12,2,12,5,0.5,0.5,0.7,0.6,1.0,0.5,48.299996,40,27,45.999993,68.999994,21.43333,1,1,1006,0,ilp_v4,optimal,1,63.352692,48.296015,1.311758,0.317585,7.6e-05,,0.317585,0.329196,3,0,0
n_tsk\set06\n_tsk_12.py,n_tsk,6,n_tsk,12,2,12,5,0.5,0.5,0.7,0.6,1.0,0.5,48.299996,40,27,45.999993,68.999994,21.43333,1,1,1006,0,greedy_sps_baseline,solved,1,6.276618,48.287375,0.129985,0.015003,,,0.015003,0.016655,3,0,0
n_tsk\set06\n_tsk_16.py,n_tsk,6,n_tsk,16,2,16,5,0.5,0.5,0.7,0.6,1.0,0.5,48.300001,40,38,45.999997,69.000001,21.433332,1,1,1006,0,ilp_v2,optimal,1,55.262546,48.299514,1.144164,0.078555,9.1e-05,,0.078555,0.084366,3,0,0
n_tsk\set06\n_tsk_16.py,n_tsk,6,n_tsk,16,2,16,5,0.5,0.5,0.7,0.6,1.0,0.5,48.300001,40,38,45.999997,69.000001,21.433332,1,1,1006,0,ilp_v3,optimal,1,59.596388,48.296997,1.233956,0.185783,0.0,,0.185783,0.204074,3,0,0
n_tsk\set06\n_tsk_16.py,n_tsk,6,n_tsk,16,2,16,5,0.5,0.5,0.7,0.6,1.0,0.5,48.300001,40,38,45.999997,69.000001,21.433332,1,1,1006,0,ilp_v4,optimal,1,59.570767,48.298649,1.233384,0.969442,5.2e-05,,0.969442,0.987266,3,0,0
n_tsk\set06\n_tsk_16.py,n_tsk,6,n_tsk,16,2,16,5,0.5,0.5,0.7,0.6,1.0,0.5,48.300001,40,38,45.999997,69.000001,21.433332,1,1,1006,0,greedy_sps_baseline,solved,1,8.969933,48.290598,0.185749,0.017711,,,0.017711,0.018097,3,0,0
n_tsk\set06\n_tsk_20.py,n_tsk,6,n_tsk,20,2,20,5,0.5,0.5,0.7,0.6,1.0,0.5,48.30001,40,50,46.000007,69.000015,21.433337,1,1,1006,0,ilp_v2,optimal,1,57.181727,48.299202,1.183906,0.319293,1.8e-05,,0.319293,0.330273,3,0,0
n_tsk\set06\n_tsk_20.py,n_tsk,6,n_tsk,20,2,20,5,0.5,0.5,0.7,0.6,1.0,0.5,48.30001,40,50,46.000007,69.000015,21.433337,1,1,1006,0,ilp_v3,optimal,1,57.18175,48.299875,1.18389,0.674285,8.3e-05,,0.674285,0.681143,3,0,0
n_tsk\set06\n_tsk_20.py,n_tsk,6,n_tsk,20,2,20,5,0.5,0.5,0.7,0.6,1.0,0.5,48.30001,40,50,46.000007,69.000015,21.433337,1,1,1006,0,ilp_v4,optimal,1,57.18175,48.29955,1.183898,1.771407,1.8e-05,,1.771407,1.922586,3,0,0
n_tsk\set06\n_tsk_20.py,n_tsk,6,n_tsk,20,2,20,5,0.5,0.5,0.7,0.6,1.0,0.5,48.30001,40,50,46.000007,69.000015,21.433337,1,1,1006,0,greedy_sps_baseline,solved,1,9.781771,48.298972,0.202525,0.029467,,,0.029467,0.033205,3,0,0
n_tsk\set06\n_tsk_26.py,n_tsk,6,n_tsk,26,2,26,5,0.5,0.5,0.7,0.6,1.0,0.5,48.299994,40,64,46.000002,68.999992,21.433334,1,1,1006,0,ilp_v2,optimal,1,70.735286,48.299714,1.464507,0.188001,4.1e-05,,0.188001,0.198309,3,0,0
n_tsk\set06\n_tsk_26.py,n_tsk,6,n_tsk,26,2,26,5,0.5,0.5,0.7,0.6,1.0,0.5,48.299994,40,64,46.000002,68.999992,21.433334,1,1,1006,0,ilp_v3,optimal,1,70.735286,48.299937,1.464501,0.165624,5.1e-05,,0.165624,0.182947,3,0,0
n_tsk\set06\n_tsk_26.py,n_tsk,6,n_tsk,26,2,26,5,0.5,0.5,0.7,0.6,1.0,0.5,48.299994,40,64,46.000002,68.999992,21.433334,1,1,1006,0,ilp_v4,optimal,1,70.733523,48.299368,1.464481,2.676739,6.6e-05,,2.676739,2.809732,3,0,0
n_tsk\set06\n_tsk_26.py,n_tsk,6,n_tsk,26,2,26,5,0.5,0.5,0.7,0.6,1.0,0.5,48.299994,40,64,46.000002,68.999992,21.433334,1,1,1006,0,greedy_sps_baseline,solved,1,9.706078,48.299702,0.200955,0.053578,,,0.053578,0.059905,3,0,0
n_tsk\set07\n_tsk_4.py,n_tsk,7,n_tsk,4,2,4,5,0.5,0.5,0.7,0.6,1.0,0.5,48.300002,40,8,46.0,69.000002,21.4,1,1,1007,0,ilp_v2,optimal,1,77.622727,47.87978,1.621201,0.006603,0.0,,0.006603,0.007128,3,0,0
n_tsk\set07\n_tsk_4.py,n_tsk,7,n_tsk,4,2,4,5,0.5,0.5,0.7,0.6,1.0,0.5,48.300002,40,8,46.0,69.000002,21.4,1,1,1007,0,ilp_v3,optimal,1,65.338551,48.1185,1.357868,0.042575,0.0,,0.042575,0.047111,3,0,0
n_tsk\set07\n_tsk_4.py,n_tsk,7,n_tsk,4,2,4,5,0.5,0.5,0.7,0.6,1.0,0.5,48.300002,40,8,46.0,69.000002,21.4,1,1,1007,0,ilp_v4,optimal,1,81.066269,47.989063,1.689266,0.024554,0.0,,0.024554,0.027011,3,0,0
n_tsk\set07\n_tsk_4.py,n_tsk,7,n_tsk,4,2,4,5,0.5,0.5,0.7,0.6,1.0,0.5,48.300002,40,8,46.0,69.000002,21.4,1,1,1007,0,greedy_sps_baseline,solved,1,9.018172,48.252144,0.186897,0.000455,,,0.000455,0.00052,3,0,0
n_tsk\set07\n_tsk_6.py,n_tsk,7,n_tsk,6,2,6,5,0.5,0.5,0.7,0.6,1.0,0.5,48.299999,40,13,45.999999,68.999999,21.399999,1,1,1007,0,ilp_v2,optimal,1,61.103508,48.242018,1.266603,0.046376,0.0,,0.046376,0.050273,3,0,0
n_tsk\set07\n_tsk_6.py,n_tsk,7,n_tsk,6,2,6,5,0.5,0.5,0.7,0.6,1.0,0.5,48.299999,40,13,45.999999,68.999999,21.399999,1,1,1007,0,ilp_v3,optimal,1,64.527294,47.959614,1.345451,0.006626,0.0,,0.006626,0.007157,3,0,0
n_tsk\set07\n_tsk_6.py,n_tsk,7,n_tsk,6,2,6,5,0.5,0.5,0.7,0.6,1.0,0.5,48.299999,40,13,45.999999,68.999999,21.399999,1,1,1007,0,ilp_v4,optimal,1,64.461681,48.293994,1.334776,0.033623,0.0,,0.033623,0.037829,3,0,0
n_tsk\set07\n_tsk_6.py,n_tsk,7,n_tsk,6,2,6,5,0.5,0.5,0.7,0.6,1.0,0.5,48.299999,40,13,45.999999,68.999999,21.399999,1,1,1007,0,greedy_sps_baseline,solved,1,5.740635,48.293267,0.11887,0.000768,,,0.000768,0.000889,3,0,0
n_tsk\set07\n_tsk_8.py,n_tsk,7,n_tsk,8,2,8,5,0.5,0.5,0.7,0.6,1.0,0.5,48.299997,40,18,45.999999,68.999995,21.399999,1,1,1007,0,ilp_v2,optimal,1,47.621986,48.281824,0.986334,0.049863,0.0,,0.049863,0.054756,3,0,0
n_tsk\set07\n_tsk_8.py,n_tsk,7,n_tsk,8,2,8,5,0.5,0.5,0.7,0.6,1.0,0.5,48.299997,40,18,45.999999,68.999995,21.399999,1,1,1007,0,ilp_v3,optimal,1,44.382909,48.084681,0.923016,0.02627,0.0,,0.02627,0.027075,3,0,0
n_tsk\set07\n_tsk_8.py,n_tsk,7,n_tsk,8,2,8,5,0.5,0.5,0.7,0.6,1.0,0.5,48.299997,40,18,45.999999,68.999995,21.399999,1,1,1007,0,ilp_v4,optimal,1,49.742159,48.294904,1.029967,0.105649,5.7e-05,,0.105649,0.113166,3,0,0
n_tsk\set07\n_tsk_8.py,n_tsk,7,n_tsk,8,2,8,5,0.5,0.5,0.7,0.6,1.0,0.5,48.299997,40,18,45.999999,68.999995,21.399999,1,1,1007,0,greedy_sps_baseline,solved,1,7.16461,48.290793,0.148364,0.003398,,,0.003398,0.003992,3,0,0
n_tsk\set07\n_tsk_10.py,n_tsk,7,n_tsk,10,2,10,5,0.5,0.5,0.7,0.6,1.0,0.5,48.299998,40,23,45.999999,68.999997,21.399999,1,1,1007,0,ilp_v2,optimal,1,68.344219,48.272414,1.415803,0.080272,9e-05,,0.080272,0.088551,3,0,0
n_tsk\set07\n_tsk_10.py,n_tsk,7,n_tsk,10,2,10,5,0.5,0.5,0.7,0.6,1.0,0.5,48.299998,40,23,45.999999,68.999997,21.399999,1,1,1007,0,ilp_v3,optimal,1,72.998143,47.739218,1.529102,0.012958,0.0,,0.012958,0.013056,3,0,0
n_tsk\set07\n_tsk_10.py,n_tsk,7,n_tsk,10,2,10,5,0.5,0.5,0.7,0.6,1.0,0.5,48.299998,40,23,45.999999,68.999997,21.399999,1,1,1007,0,ilp_v4,optimal,1,72.998143,47.480341,1.537439,0.2613,0.0,,0.2613,0.292515,3,0,0
n_tsk\set07\n_tsk_10.py,n_tsk,7,n_tsk,10,2,10,5,0.5,0.5,0.7,0.6,1.0,0.5,48.299998,40,23,45.999999,68.999997,21.399999,1,1,1007,0,greedy_sps_baseline,solved,1,9.541436,48.257932,0.197717,0.002333,,,0.002333,0.002559,3,0,0
n_tsk\set07\n_tsk_12.py,n_tsk,7,n_tsk,12,2,12,5,0.5,0.5,0.7,0.6,1.0,0.5,48.299998,40,28,45.999997,68.999998,21.399998,1,1,1007,0,ilp_v2,optimal,1,56.869853,48.289595,1.177683,0.157345,7.4e-05,,0.157345,0.199042,3,0,0
n_tsk\set07\n_tsk_12.py,n_tsk,7,n_tsk,12,2,12,5,0.5,0.5,0.7,0.6,1.0,0.5,48.299998,40,28,45.999997,68.999998,21.399998,1,1,1007,0,ilp_v3,optimal,1,57.700124,47.933031,1.203765,0.018649,0.0,,0.018649,0.019635,3,0,0
n_tsk\set07\n_tsk_12.py,n_tsk,7,n_tsk,12,2,12,5,0.5,0.5,0.7,0.6,1.0,0.5,48.299998,40,28,45.999997,68.999998,21.399998,1,1,1007,0,ilp_v4,optimal,1,57.700124,47.520109,1.214225,0.37719,0.0,,0.37719,0.394695,3,0,0
n_tsk\set07\n_tsk_12.py,n_tsk,7,n_tsk,12,2,12,5,0.5,0.5,0.7,0.6,1.0,0.5,48.299998,40,28,45.999997,68.999998,21.399998,1,1,1007,0,greedy_sps_baseline,solved,1,8.85803,48.29817,0.183403,0.00412,,,0.00412,0.004684,3,0,0
n_tsk\set07\n_tsk_16.py,n_tsk,7,n_tsk,16,2,16,5,0.5,0.5,0.7,0.6,1.0,0.5,48.299995,40,37,45.999994,68.999993,21.399997,1,1,1007,0,ilp_v2,optimal,1,67.314995,48.173995,1.397331,0.020083,0.0,,0.020083,0.022201,3,0,0
n_tsk\set07\n_tsk_16.py,n_tsk,7,n_tsk,16,2,16,5,0.5,0.5,0.7,0.6,1.0,0.5,48.299995,40,37,45.999994,68.999993,21.399997,1,1,1007,0,ilp_v3,optimal,1,67.314995,47.908196,1.405083,0.01534,0.0,,0.01534,0.017005,3,0,0
n_tsk\set07\n_tsk_16.py,n_tsk,7,n_tsk,16,2,16,5,0.5,0.5,0.7,0.6,1.0,0.5,48.299995,40,37,45.999994,68.999993,21.399997,1,1,1007,0,ilp_v4,optimal,1,67.314995,48.1989,1.396609,0.271128,0.0,,0.271128,0.279649,3,0,0
n_tsk\set07\n_tsk_16.py,n_tsk,7,n_tsk,16,2,16,5,0.5,0.5,0.7,0.6,1.0,0.5,48.299995,40,37,45.999994,68.999993,21.399997,1,1,1007,0,greedy_sps_baseline,solved,1,8.567866,48.295558,0.177405,0.010985,,,0.010985,0.011464,3,0,0
n_tsk\set07\n_tsk_20.py,n_tsk,7,n_tsk,20,2,20,5,0.5,0.5,0.7,0.6,1.0,0.5,48.300002,40,47,46.000003,69.000002,21.400002,1,1,1007,0,ilp_v2,optimal,1,44.699867,48.120957,0.928906,0.019498,0.0,,0.019498,0.021355,3,0,0
n_tsk\set07\n_tsk_20.py,n_tsk,7,n_tsk,20,2,20,5,0.5,0.5,0.7,0.6,1.0,0.5,48.300002,40,47,46.000003,69.000002,21.400002,1,1,1007,0,ilp_v3,optimal,1,44.356492,48.27735,0.918785,0.025129,0.0,,0.025129,0.027929,3,0,0
n_tsk\set07\n_tsk_20.py,n_tsk,7,n_tsk,20,2,20,5,0.5,0.5,0.7,0.6,1.0,0.5,48.300002,40,47,46.000003,69.000002,21.400002,1,1,1007,0,ilp_v4,optimal,1,44.699867,47.922148,0.93276,0.392734,0.0,,0.392734,0.400055,3,0,0
n_tsk\set07\n_tsk_20.py,n_tsk,7,n_tsk,20,2,20,5,0.5,0.5,0.7,0.6,1.0,0.5,48.300002,40,47,46.000003,69.000002,21.400002,1,1,1007,0,greedy_sps_baseline,solved,1,7.56178,48.273104,0.156646,0.068026,,,0.068026,0.072272,3,0,0
n_tsk\set07\n_tsk_26.py,n_tsk,7,n_tsk,26,2,26,5,0.5,0.5,0.7,0.6,1.0,0.5,48.300007,40,66,46.000003,69.00001,21.400002,1,1,1007,0,ilp_v2,optimal,1,56.342537,48.216068,1.168543,0.029245,0.0,,0.029245,0.031064,3,0,0
n_tsk\set07\n_tsk_26.py,n_tsk,7,n_tsk,26,2,26,5,0.5,0.5,0.7,0.6,1.0,0.5,48.300007,40,66,46.000003,69.00001,21.400002,1,1,1007,0,ilp_v3,optimal,1,56.342537,48.297303,1.166577,0.027814,0.0,,0.027814,0.028092,3,0,0
n_tsk\set07\n_tsk_26.py,n_tsk,7,n_tsk,26,2,26,5,0.5,0.5,0.7,0.6,1.0,0.5,48.300007,40,66,46.000003,69.00001,21.400002,1,1,1007,0,ilp_v4,optimal,1,56.342537,48.290616,1.166739,0.72038,0.0,,0.72038,0.801238,3,0,0
n_tsk\set07\n_tsk_26.py,n_tsk,7,n_tsk,26,2,26,5,0.5,0.5,0.7,0.6,1.0,0.5,48.300007,40,66,46.000003,69.00001,21.400002,1,1,1007,0,greedy_sps_baseline,solved,1,8.58601,48.299899,0.177765,0.112043,,,0.112043,0.116739,3,0,0
n_tsk\set08\n_tsk_4.py,n_tsk,8,n_tsk,4,2,4,5,0.5,0.5,0.7,0.6,1.0,0.5,48.299998,40,8,46.0,68.999997,22.042857,1,1,1008,0,ilp_v2,optimal,1,65.827121,47.784074,1.377595,0.010173,0.0,,0.010173,0.011359,3,0,0
n_tsk\set08\n_tsk_4.py,n_tsk,8,n_tsk,4,2,4,5,0.5,0.5,0.7,0.6,1.0,0.5,48.299998,40,8,46.0,68.999997,22.042857,1,1,1008,0,ilp_v3,optimal,1,40.520058,47.399154,0.854869,0.008648,0.0,,0.008648,0.008713,3,0,0
n_tsk\set08\n_tsk_4.py,n_tsk,8,n_tsk,4,2,4,5,0.5,0.5,0.7,0.6,1.0,0.5,48.299998,40,8,46.0,68.999997,22.042857,1,1,1008,0,ilp_v4,optimal,1,65.827121,48.211203,1.365391,0.019206,0.0,,0.019206,0.020972,3,0,0
n_tsk\set08\n_tsk_4.py,n_tsk,8,n_tsk,4,2,4,5,0.5,0.5,0.7,0.6,1.0,0.5,48.299998,40,8,46.0,68.999997,22.042857,1,1,1008,0,greedy_sps_baseline,solved,1,6.448768,47.864822,0.134729,0.000812,,,0.000812,0.000905,3,0,0
n_tsk\set08\n_tsk_6.py,n_tsk,8,n_tsk,6,2,6,5,0.5,0.5,0.7,0.6,1.0,0.5,48.299998,40,13,45.999998,68.999997,22.042856,1,1,1008,0,ilp_v2,optimal,1,43.050641,48.110927,0.89482,0.025818,0.0,,0.025818,0.027089,3,0,0
n_tsk\set08\n_tsk_6.py,n_tsk,8,n_tsk,6,2,6,5,0.5,0.5,0.7,0.6,1.0,0.5,48.299998,40,13,45.999998,68.999997,22.042856,1,1,1008,0,ilp_v3,optimal,1,43.050641,48.110927,0.89482,0.026068,0.0,,0.026068,0.028493,3,0,0
n_tsk\set08\n_tsk_6.py,n_tsk,8,n_tsk,6,2,6,5,0.5,0.5,0.7,0.6,1.0,0.5,48.299998,40,13,45.999998,68.999997,22.042856,1,1,1008,0,ilp_v4,optimal,1,46.171932,48.299199,0.955956,0.033133,7.2e-05,,0.033133,0.035013,3,0,0
n_tsk\set08\n_tsk_6.py,n_tsk,8,n_tsk,6,2,6,5,0.5,0.5,0.7,0.6,1.0,0.5,48.299998,40,13,45.999998,68.999997,22.042856,1,1,1008,0,greedy_sps_baseline,solved,1,2.547443,47.210382,0.053959,0.001317,,,0.001317,0.001452,3,0,0
n_tsk\set08\n_tsk_8.py,n_tsk,8,n_tsk,8,2,8,5,0.5,0.5,0.7,0.6,1.0,0.5,48.299998,40,15,45.999998,68.999997,22.042856,1,1,1008,0,ilp_v2,optimal,1,48.331586,48.295749,1.000742,0.094533,0.0,,0.094533,0.095933,3,0,0
n_tsk\set08\n_tsk_8.py,n_tsk,8,n_tsk,8,2,8,5,0.5,0.5,0.7,0.6,1.0,0.5,48.299998,40,15,45.999998,68.999997,22.042856,1,1,1008,0,ilp_v3,optimal,1,50.463294,48.256446,1.045732,0.019714,0.0,,0.019714,0.021331,3,0,0
n_tsk\set08\n_tsk_8.py,n_tsk,8,n_tsk,8,2,8,5,0.5,0.5,0.7,0.6,1.0,0.5,48.299998,40,15,45.999998,68.999997,22.042856,1,1,1008,0,ilp_v4,optimal,1,59.169218,48.279066,1.225567,0.147402,0.0,,0.147402,0.157527,3,0,0
n_tsk\set08\n_tsk_8.py,n_tsk,8,n_tsk,8,2,8,5,0.5,0.5,0.7,0.6,1.0,0.5,48.299998,40,15,45.999998,68.999997,22.042856,1,1,1008,0,greedy_sps_baseline,solved,1,8.63735,48.222784,0.179113,0.001353,,,0.001353,0.001456,3,0,0
n_tsk\set08\n_tsk_10.py,n_tsk,8,n_tsk,10,2,10,5,0.5,0.5,0.7,0.6,1.0,0.5,48.299997,40,20,45.999995,68.999995,22.042855,1,1,1008,0,ilp_v2,optimal,1,60.533717,48.291573,1.253505,0.09756,0.0,,0.09756,0.098473,3,0,0
n_tsk\set08\n_tsk_10.py,n_tsk,8,n_tsk,10,2,10,5,0.5,0.5,0.7,0.6,1.0,0.5,48.299997,40,20,45.999995,68.999995,22.042855,1,1,1008,0,ilp_v3,optimal,1,60.513753,48.287059,1.253209,0.080392,0.0,,0.080392,0.08576,3,0,0
n_tsk\set08\n_tsk_10.py,n_tsk,8,n_tsk,10,2,10,5,0.5,0.5,0.7,0.6,1.0,0.5,48.299997,40,20,45.999995,68.999995,22.042855,1,1,1008,0,ilp_v4,optimal,1,61.30985,48.291931,1.269567,0.212735,0.0,,0.212735,0.226143,3,0,0
n_tsk\set08\n_tsk_10.py,n_tsk,8,n_tsk,10,2,10,5,0.5,0.5,0.7,0.6,1.0,0.5,48.299997,40,20,45.999995,68.999995,22.042855,1,1,1008,0,greedy_sps_baseline,solved,1,9.193943,48.281568,0.190423,0.000948,,,0.000948,0.001118,3,0,0
n_tsk\set08\n_tsk_12.py,n_tsk,8,n_tsk,12,2,12,5,0.5,0.5,0.7,0.6,1.0,0.5,48.299998,40,23,46.000001,68.999998,22.042858,1,1,1008,0,ilp_v2,optimal,1,45.678531,48.294949,0.945824,0.296479,0.0,,0.296479,0.306551,3,0,0
n_tsk\set08\n_tsk_12.py,n_tsk,8,n_tsk,12,2,12,5,0.5,0.5,0.7,0.6,1.0,0.5,48.299998,40,23,46.000001,68.999998,22.042858,1,1,1008,0,ilp_v3,optimal,1,48.200517,48.288121,0.998186,0.065563,0.0,,0.065563,0.083764,3,0,0
n_tsk\set08\n_tsk_12.py,n_tsk,8,n_tsk,12,2,12,5,0.5,0.5,0.7,0.6,1.0,0.5,48.299998,40,23,46.000001,68.999998,22.042858,1,1,1008,0,ilp_v4,optimal,1,48.316341,48.286943,1.000609,0.249819,0.0,,0.249819,0.271904,3,0,0
n_tsk\set08\n_tsk_12.py,n_tsk,8,n_tsk,12,2,12,5,0.5,0.5,0.7,0.6,1.0,0.5,48.299998,40,23,46.000001,68.999998,22.042858,1,1,1008,0,greedy_sps_baseline,solved,1,8.822641,48.294748,0.182683,0.00343,,,0.00343,0.003558,3,0,0
n_tsk\set08\n_tsk_16.py,n_tsk,8,n_tsk,16,2,16,5,0.5,0.5,0.7,0.6,1.0,0.5,48.300005,40,32,46.000005,69.000007,22.042859,1,1,1008,0,ilp_v2,optimal,1,52.258353,48.299909,1.081956,0.074927,0.0,,0.074927,0.083484,3,0,0
n_tsk\set08\n_tsk_16.py,n_tsk,8,n_tsk,16,2,16,5,0.5,0.5,0.7,0.6,1.0,0.5,48.300005,40,32,46.000005,69.000007,22.042859,1,1,1008,0,ilp_v3,optimal,1,60.154196,48.296017,1.245531,0.034817,0.0,,0.034817,0.037212,3,0,0
n_tsk\set08\n_tsk_16.py,n_tsk,8,n_tsk,16,2,16,5,0.5,0.5,0.7,0.6,1.0,0.5,48.300005,40,32,46.000005,69.000007,22.042859,1,1,1008,0,ilp_v4,optimal,1,60.154196,48.260495,1.246448,0.52008,0.0,,0.52008,0.53138,3,0,0
n_tsk\set08\n_tsk_16.py,n_tsk,8,n_tsk,16,2,16,5,0.5,0.5,0.7,0.6,1.0,0.5,48.300005,40,32,46.000005,69.000007,22.042859,1,1,1008,0,greedy_sps_baseline,solved,1,9.670576,48.292601,0.20025,0.002989,,,0.002989,0.004203,3,0,0
n_tsk\set08\n_tsk_20.py,n_tsk,8,n_tsk,20,2,20,5,0.5,0.5,0.7,0.6,1.0,0.5,48.300006,40,43,46.0,69.000008,22.042857,1,1,1008,0,ilp_v2,optimal,1,55.656123,48.277081,1.152848,0.036466,0.0,,0.036466,0.038052,3,0,0
n_tsk\set08\n_tsk_20.py,n_tsk,8,n_tsk,20,2,20,5,0.5,0.5,0.7,0.6,1.0,0.5,48.300006,40,43,46.0,69.000008,22.042857,1,1,1008,0,ilp_v3,optimal,1,55.327326,48.299642,1.145502,0.172373,1.4e-05,,0.172373,0.208419,3,0,0
n_tsk\set08\n_tsk_20.py,n_tsk,8,n_tsk,20,2,20,5,0.5,0.5,0.7,0.6,1.0,0.5,48.300006,40,43,46.0,69.000008,22.042857,1,1,1008,0,ilp_v4,optimal,1,55.656123,48.277081,1.152848,0.359622,0.0,,0.359622,0.392856,3,0,0
n_tsk\set08\n_tsk_20.py,n_tsk,8,n_tsk,20,2,20,5,0.5,0.5,0.7,0.6,1.0,0.5,48.300006,40,43,46.0,69.000008,22.042857,1,1,1008,0,greedy_sps_baseline,solved,1,8.900672,48.29402,0.184302,0.011761,,,0.011761,0.012388,3,0,0
n_tsk\set08\n_tsk_26.py,n_tsk,8,n_tsk,26,2,26,5,0.5,0.5,0.7,0.6,1.0,0.5,48.299986,40,64,45.999992,68.999979,22.042853,1,1,1008,0,ilp_v2,optimal,1,53.316429,48.28139,1.104285,0.051606,0.0,,0.051606,0.05506,3,0,0
n_tsk\set08\n_tsk_26.py,n_tsk,8,n_tsk,26,2,26,5,0.5,0.5,0.7,0.6,1.0,0.5,48.299986,40,64,45.999992,68.999979,22.042853,1,1,1008,0,ilp_v3,optimal,1,52.921758,48.29899,1.095711,0.035905,2.9e-05,,0.035905,0.066658,3,0,0
n_tsk\set08\n_tsk_26.py,n_tsk,8,n_tsk,26,2,26,5,0.5,0.5,0.7,0.6,1.0,0.5,48.299986,40,64,45.999992,68.999979,22.042853,1,1,1008,0,ilp_v4,optimal,1,53.316429,48.297324,1.103921,1.110436,0.0,,1.110436,1.181181,3,0,0
n_tsk\set08\n_tsk_26.py,n_tsk,8,n_tsk,26,2,26,5,0.5,0.5,0.7,0.6,1.0,0.5,48.299986,40,64,45.999992,68.999979,22.042853,1,1,1008,0,greedy_sps_baseline,solved,1,9.328784,48.299978,0.193143,0.05657,,,0.05657,0.060282,3,0,0
n_tsk\set09\n_tsk_4.py,n_tsk,9,n_tsk,4,2,4,5,0.5,0.5,0.7,0.6,1.0,0.5,48.3,40,11,46.000001,69.0,21.400001,1,1,1009,0,ilp_v2,optimal,1,68.803796,48.278717,1.425137,0.04658,0.0,,0.04658,0.048799,3,0,0
n_tsk\set09\n_tsk_4.py,n_tsk,9,n_tsk,4,2,4,5,0.5,0.5,0.7,0.6,1.0,0.5,48.3,40,11,46.000001,69.0,21.400001,1,1,1009,0,ilp_v3,optimal,1,69.185582,48.242608,1.434118,0.071952,0.0,,0.071952,0.076089,3,0,0
n_tsk\set09\n_tsk_4.py,n_tsk,9,n_tsk,4,2,4,5,0.5,0.5,0.7,0.6,1.0,0.5,48.3,40,11,46.000001,69.0,21.400001,1,1,1009,0,ilp_v4,optimal,1,76.35905,48.028382,1.589873,0.049827,0.0,,0.049827,0.053385,3,0,0
n_tsk\set09\n_tsk_4.py,n_tsk,9,n_tsk,4,2,4,5,0.5,0.5,0.7,0.6,1.0,0.5,48.3,40,11,46.000001,69.0,21.400001,1,1,1009,0,greedy_sps_baseline,solved,1,9.602315,48.286749,0.19886,0.000838,,,0.000838,0.000964,3,0,0
n_tsk\set09\n_tsk_6.py,n_tsk,9,n_tsk,6,2,6,5,0.5,0.5,0.7,0.6,1.0,0.5,48.3,40,16,46.000003,69.0,21.400002,1,1,1009,0,ilp_v2,optimal,1,46.790518,48.255772,0.969636,0.76797,0.0,,0.76797,0.857918,3,0,0
n_tsk\set09\n_tsk_6.py,n_tsk,9,n_tsk,6,2,6,5,0.5,0.5,0.7,0.6,1.0,0.5,48.3,40,16,46.000003,69.0,21.400002,1,1,1009,0,ilp_v3,optimal,1,46.790518,48.295129,0.968846,0.164593,0.0,,0.164593,0.171888,3,0,0
n_tsk\set09\n_tsk_6.py,n_tsk,9,n_tsk,6,2,6,5,0.5,0.5,0.7,0.6,1.0,0.5,48.3,40,16,46.000003,69.0,21.400002,1,1,1009,0,ilp_v4,optimal,1,46.790518,48.281016,0.969129,0.322418,0.0,,0.322418,0.331974,3,0,0
n_tsk\set09\n_tsk_6.py,n_tsk,9,n_tsk,6,2,6,5,0.5,0.5,0.7,0.6,1.0,0.5,48.3,40,16,46.000003,69.0,21.400002,1,1,1009,0,greedy_sps_baseline,solved,1,6.82976,48.292614,0.141425,0.001154,,,0.001154,0.001318,3,0,0
n_tsk\set09\n_tsk_8.py,n_tsk,9,n_tsk,8,2,8,5,0.5,0.5,0.7,0.6,1.0,0.5,48.3,40,22,45.999999,69.0,21.399999,1,1,1009,0,ilp_v2,optimal,1,58.121236,48.107887,1.208144,0.028666,0.0,,0.028666,0.031961,3,0,0
n_tsk\set09\n_tsk_8.py,n_tsk,9,n_tsk,8,2,8,5,0.5,0.5,0.7,0.6,1.0,0.5,48.3,40,22,45.999999,69.0,21.399999,1,1,1009,0,ilp_v3,optimal,1,55.180971,48.238165,1.143928,0.095424,0.0,,0.095424,0.103858,3,0,0
n_tsk\set09\n_tsk_8.py,n_tsk,9,n_tsk,8,2,8,5,0.5,0.5,0.7,0.6,1.0,0.5,48.3,40,22,45.999999,69.0,21.399999,1,1,1009,0,ilp_v4,optimal,1,58.121236,48.107393,1.208156,0.256567,0.0,,0.256567,0.274044,3,0,0
n_tsk\set09\n_tsk_8.py,n_tsk,9,n_tsk,8,2,8,5,0.5,0.5,0.7,0.6,1.0,0.5,48.3,40,22,45.999999,69.0,21.399999,1,1,1009,0,greedy_sps_baseline,solved,1,8.559481,48.160419,0.177729,0.006493,,,0.006493,0.007154,3,0,0
n_tsk\set09\n_tsk_10.py,n_tsk,9,n_tsk,10,2,10,5,0.5,0.5,0.7,0.6,1.0,0.5,48.300008,40,30,46.000003,69.000011,21.400002,1,1,1009,0,ilp_v2,optimal,1,54.578951,48.299978,1.13,0.414097,7.2e-05,,0.414097,0.497199,3,0,0
n_tsk\set09\n_tsk_10.py,n_tsk,9,n_tsk,10,2,10,5,0.5,0.5,0.7,0.6,1.0,0.5,48.300008,40,30,46.000003,69.000011,21.400002,1,1,1009,0,ilp_v3,optimal,1,53.516479,48.298592,1.108034,0.181589,9.1e-05,,0.181589,0.194629,3,0,0
n_tsk\set09\n_tsk_10.py,n_tsk,9,n_tsk,10,2,10,5,0.5,0.5,0.7,0.6,1.0,0.5,48.300008,40,30,46.000003,69.000011,21.400002,1,1,1009,0,ilp_v4,optimal,1,54.578951,48.295988,1.130093,1.217331,1.2e-05,,1.217331,1.259239,3,0,0
n_tsk\set09\n_tsk_10.py,n_tsk,9,n_tsk,10,2,10,5,0.5,0.5,0.7,0.6,1.0,0.5,48.300008,40,30,46.000003,69.000011,21.400002,1,1,1009,0,greedy_sps_baseline,solved,1,8.490736,48.298579,0.175797,0.003065,,,0.003065,0.003309,3,0,0
n_tsk\set09\n_tsk_12.py,n_tsk,9,n_tsk,12,2,12,5,0.5,0.5,0.7,0.6,1.0,0.5,48.299997,40,38,45.999998,68.999995,21.399999,1,1,1009,0,ilp_v2,optimal,1,54.433621,48.273714,1.127604,0.168977,0.0,,0.168977,0.177447,3,0,0
n_tsk\set09\n_tsk_12.py,n_tsk,9,n_tsk,12,2,12,5,0.5,0.5,0.7,0.6,1.0,0.5,48.299997,40,38,45.999998,68.999995,21.399999,1,1,1009,0,ilp_v3,optimal,1,55.481395,48.296631,1.148763,0.069063,0.0,,0.069063,0.0832,3,0,0
n_tsk\set09\n_tsk_12.py,n_tsk,9,n_tsk,12,2,12,5,0.5,0.5,0.7,0.6,1.0,0.5,48.299997,40,38,45.999998,68.999995,21.399999,1,1,1009,0,ilp_v4,optimal,1,55.481395,48.29992,1.148685,1.584138,0.0,,1.584138,1.650001,3,0,0
n_tsk\set09\n_tsk_12.py,n_tsk,9,n_tsk,12,2,12,5,0.5,0.5,0.7,0.6,1.0,0.5,48.299997,40,38,45.999998,68.999995,21.399999,1,1,1009,0,greedy_sps_baseline,solved,1,9.675292,48.270187,0.20044,0.011385,,,0.011385,0.011584,3,0,0
n_tsk\set09\n_tsk_16.py,n_tsk,9,n_tsk,16,2,16,5,0.5,0.5,0.7,0.6,1.0,0.5,48.299997,40,46,46.000002,68.999995,21.400001,1,1,1009,0,ilp_v2,optimal,1,62.926481,48.298988,1.302853,0.235088,0.0,,0.235088,0.2859,3,0,0
n_tsk\set09\n_tsk_16.py,n_tsk,9,n_tsk,16,2,16,5,0.5,0.5,0.7,0.6,1.0,0.5,48.299997,40,46,46.000002,68.999995,21.400001,1,1,1009,0,ilp_v3,optimal,1,62.926481,48.298822,1.302857,0.870774,0.0,,0.870774,0.878856,3,0,0
n_tsk\set09\n_tsk_16.py,n_tsk,9,n_tsk,16,2,16,5,0.5,0.5,0.7,0.6,1.0,0.5,48.299997,40,46,46.000002,68.999995,21.400001,1,1,1009,0,ilp_v4,optimal,1,62.926481,48.297895,1.302882,3.22935,1.4e-05,,3.22935,3.269091,3,0,0
n_tsk\set09\n_tsk_16.py,n_tsk,9,n_tsk,16,2,16,5,0.5,0.5,0.7,0.6,1.0,0.5,48.299997,40,46,46.000002,68.999995,21.400001,1,1,1009,0,greedy_sps_baseline,solved,1,8.871855,48.294994,0.183701,0.025295,,,0.025295,0.029957,3,0,0
n_tsk\set09\n_tsk_20.py,n_tsk,9,n_tsk,20,2,20,5,0.5,0.5,0.7,0.6,1.0,0.5,48.300013,40,56,46.000002,69.000018,21.400001,1,1,1009,0,ilp_v2,optimal,1,54.017831,48.272492,1.119019,0.046913,0.0,,0.046913,0.048367,3,0,0
n_tsk\set09\n_tsk_20.py,n_tsk,9,n_tsk,20,2,20,5,0.5,0.5,0.7,0.6,1.0,0.5,48.300013,40,56,46.000002,69.000018,21.400001,1,1,1009,0,ilp_v3,optimal,1,54.017831,48.260311,1.119301,0.042554,0.0,,0.042554,0.046605,3,0,0
n_tsk\set09\n_tsk_20.py,n_tsk,9,n_tsk,20,2,20,5,0.5,0.5,0.7,0.6,1.0,0.5,48.300013,40,56,46.000002,69.000018,21.400001,1,1,1009,0,ilp_v4,optimal,1,54.017831,48.291803,1.118571,2.100336,0.0,,2.100336,2.247398,3,0,0
n_tsk\set09\n_tsk_20.py,n_tsk,9,n_tsk,20,2,20,5,0.5,0.5,0.7,0.6,1.0,0.5,48.300013,40,56,46.000002,69.000018,21.400001,1,1,1009,0,greedy_sps_baseline,solved,1,9.235685,48.294155,0.191238,0.029841,,,0.029841,0.032833,3,0,0
n_tsk\set09\n_tsk_26.py,n_tsk,9,n_tsk,26,2,26,5,0.5,0.5,0.7,0.6,1.0,0.5,48.299999,40,70,45.999994,68.999999,21.399997,1,1,1009,0,ilp_v2,optimal,1,58.874144,48.296181,1.219023,0.296888,0.0,,0.296888,0.320927,3,0,0
n_tsk\set09\n_tsk_26.py,n_tsk,9,n_tsk,26,2,26,5,0.5,0.5,0.7,0.6,1.0,0.5,48.299999,40,70,45.999994,68.999999,21.399997,1,1,1009,0,ilp_v3,optimal,1,59.744748,48.299332,1.236968,0.072901,9.2e-05,,0.072901,0.077277,3,0,0
n_tsk\set09\n_tsk_26.py,n_tsk,9,n_tsk,26,2,26,5,0.5,0.5,0.7,0.6,1.0,0.5,48.299999,40,70,45.999994,68.999999,21.399997,1,1,1009,0,ilp_v4,optimal,1,59.744748,48.294988,1.23708,6.07163,7.8e-05,,6.07163,6.366814,3,0,0
n_tsk\set09\n_tsk_26.py,n_tsk,9,n_tsk,26,2,26,5,0.5,0.5,0.7,0.6,1.0,0.5,48.299999,40,70,45.999994,68.999999,21.399997,1,1,1009,0,greedy_sps_baseline,solved,1,9.108422,48.299487,0.188582,0.087694,,,0.087694,0.096951,3,0,0
n_tsk\set00\n_tsk_4.py,n_tsk,0,n_tsk,4,2,4,5,0.5,0.5,0.7,0.6,1.0,0.5,48.300005,40,11,45.999999,69.000007,22.042857,1,1,1000,0,heuristic_v3,solved,1,22.866266,48.062392,0.475762,0.001826,,,0.001826,0.007998,3,0,0
n_tsk\set00\n_tsk_6.py,n_tsk,0,n_tsk,6,2,6,5,0.5,0.5,0.7,0.6,1.0,0.5,48.299998,40,17,46.000002,68.999997,22.042858,1,1,1000,0,heuristic_v3,solved,1,42.131876,47.952274,0.878621,0.002663,,,0.002663,0.003231,3,0,0
n_tsk\set00\n_tsk_8.py,n_tsk,0,n_tsk,8,2,8,5,0.5,0.5,0.7,0.6,1.0,0.5,48.300002,40,20,45.999999,69.000003,22.042857,1,1,1000,0,heuristic_v3,solved,1,67.049796,48.247202,1.389714,0.003214,,,0.003214,0.003964,3,0,0
n_tsk\set00\n_tsk_10.py,n_tsk,0,n_tsk,10,2,10,5,0.5,0.5,0.7,0.6,1.0,0.5,48.299998,40,28,46.0,68.999997,22.042857,1,1,1000,0,heuristic_v3,solved,1,70.620616,48.173647,1.46596,0.004244,,,0.004244,0.005527,3,0,0
n_tsk\set00\n_tsk_12.py,n_tsk,0,n_tsk,12,2,12,5,0.5,0.5,0.7,0.6,1.0,0.5,48.299998,40,33,45.999994,68.999997,22.042854,1,1,1000,0,heuristic_v3,solved,1,77.752232,48.110199,1.616128,0.005676,,,0.005676,0.006114,3,0,0
n_tsk\set00\n_tsk_16.py,n_tsk,0,n_tsk,16,2,16,5,0.5,0.5,0.7,0.6,1.0,0.5,48.300007,40,42,46.000008,69.00001,22.042861,1,1,1000,0,heuristic_v3,solved,1,53.321356,48.249678,1.105113,0.010685,,,0.010685,0.011585,3,0,0
n_tsk\set00\n_tsk_20.py,n_tsk,0,n_tsk,20,2,20,5,0.5,0.5,0.7,0.6,1.0,0.5,48.300005,40,50,46.000009,69.000007,22.042862,1,1,1000,0,heuristic_v3,solved,1,66.299404,48.257345,1.373872,0.014964,,,0.014964,0.017564,3,0,0
n_tsk\set00\n_tsk_26.py,n_tsk,0,n_tsk,26,2,26,5,0.5,0.5,0.7,0.6,1.0,0.5,48.299995,40,64,46.000012,68.999993,22.042863,1,1,1000,0,heuristic_v3,solved,1,63.099063,48.264169,1.307369,0.023516,,,0.023516,0.024574,3,0,0
n_tsk\set01\n_tsk_4.py,n_tsk,1,n_tsk,4,2,4,5,0.5,0.5,0.7,0.6,1.0,0.5,48.299999,40,11,46.000002,68.999999,21.433334,1,1,1001,0,heuristic_v3,solved,1,48.017916,47.158733,1.018219,0.001162,,,0.001162,0.001501,3,0,0
n_tsk\set01\n_tsk_6.py,n_tsk,1,n_tsk,6,2,6,5,0.5,0.5,0.7,0.6,1.0,0.5,48.300002,40,14,46.000001,69.000003,21.433334,1,1,1001,0,heuristic_v3,solved,1,56.143113,48.29754,1.162442,0.002286,,,0.002286,0.002456,3,0,0
n_tsk\set01\n_tsk_8.py,n_tsk,1,n_tsk,8,2,8,5,0.5,0.5,0.7,0.6,1.0,0.5,48.299996,40,17,45.999995,68.999994,21.433331,1,1,1001,0,heuristic_v3,solved,1,40.59906,48.291436,0.840709,0.001894,,,0.001894,0.002147,3,0,0
n_tsk\set01\n_tsk_10.py,n_tsk,1,n_tsk,10,2,10,5,0.5,0.5,0.7,0.6,1.0,0.5,48.299995,40,20,45.999995,68.999993,21.433331,1,1,1001,0,heuristic_v3,solved,1,49.686215,48.202484,1.030781,0.002191,,,0.002191,0.003156,3,0,0
n_tsk\set01\n_tsk_12.py,n_tsk,1,n_tsk,12,2,12,5,0.5,0.5,0.7,0.6,1.0,0.5,48.299996,40,25,45.999998,68.999994,21.433332,1,1,1001,0,heuristic_v3,solved,1,52.628393,47.87639,1.099256,0.00327,,,0.00327,0.003436,3,0,0
n_tsk\set01\n_tsk_16.py,n_tsk,1,n_tsk,16,2,16,5,0.5,0.5,0.7,0.6,1.0,0.5,48.300002,40,35,46.000001,69.000002,21.433334,1,1,1001,0,heuristic_v3,solved,1,48.804625,48.194841,1.012652,0.007397,,,0.007397,0.010998,3,0,0
n_tsk\set01\n_tsk_20.py,n_tsk,1,n_tsk,20,2,20,5,0.5,0.5,0.7,0.6,1.0,0.5,48.300002,40,40,46.000001,69.000003,21.433334,1,1,1001,0,heuristic_v3,solved,1,51.017984,48.266691,1.057002,0.007667,,,0.007667,0.008275,3,0,0
n_tsk\set01\n_tsk_26.py,n_tsk,1,n_tsk,26,2,26,5,0.5,0.5,0.7,0.6,1.0,0.5,48.299994,40,49,45.999999,68.999991,21.433333,1,1,1001,0,heuristic_v3,solved,1,43.935348,48.287587,0.909868,0.019168,,,0.019168,0.021403,3,0,0
n_tsk\set02\n_tsk_4.py,n_tsk,2,n_tsk,4,2,4,5,0.5,0.5,0.7,0.6,1.0,0.5,48.299998,40,9,46.0,68.999997,21.4,1,1,1002,0,heuristic_v3,solved,1,45.193199,45.095642,1.002163,0.000798,,,0.000798,0.001117,3,0,0
n_tsk\set02\n_tsk_6.py,n_tsk,2,n_tsk,6,2,6,5,0.5,0.5,0.7,0.6,1.0,0.5,48.299997,40,15,45.999998,68.999995,21.399999,1,1,1002,0,heuristic_v3,solved,1,59.353278,48.268639,1.229645,0.002024,,,0.002024,0.002549,3,0,0
n_tsk\set02\n_tsk_8.py,n_tsk,2,n_tsk,8,2,8,5,0.5,0.5,0.7,0.6,1.0,0.5,48.299998,40,17,46.000001,68.999997,21.400001,1,1,1002,0,heuristic_v3,solved,1,60.176652,48.216512,1.248051,0.002692,,,0.002692,0.003078,3,0,0
n_tsk\set02\n_tsk_10.py,n_tsk,2,n_tsk,10,2,10,5,0.5,0.5,0.7,0.6,1.0,0.5,48.300002,40,22,45.999998,69.000003,21.399999,1,1,1002,0,heuristic_v3,solved,1,53.558542,48.279656,1.10934,0.002857,,,0.002857,0.003493,3,0,0
n_tsk\set02\n_tsk_12.py,n_tsk,2,n_tsk,12,2,12,5,0.5,0.5,0.7,0.6,1.0,0.5,48.300001,40,25,46.0,69.000001,21.4,1,1,1002,0,heuristic_v3,solved,1,64.658762,48.284385,1.339124,0.003142,,,0.003142,0.003736,3,0,0
n_tsk\set02\n_tsk_16.py,n_tsk,2,n_tsk,16,2,16,5,0.5,0.5,0.7,0.6,1.0,0.5,48.300003,40,38,46.0,69.000005,21.4,1,1,1002,0,heuristic_v3,solved,1,67.25495,48.25782,1.393659,0.006035,,,0.006035,0.007435,3,0,0
n_tsk\set02\n_tsk_20.py,n_tsk,2,n_tsk,20,2,20,5,0.5,0.5,0.7,0.6,1.0,0.5,48.299997,40,49,46.000008,68.999995,21.400004,1,1,1002,0,heuristic_v3,solved,1,65.968505,48.148614,1.370102,0.008729,,,0.008729,0.009527,3,0,0
n_tsk\set02\n_tsk_26.py,n_tsk,2,n_tsk,26,2,26,5,0.5,0.5,0.7,0.6,1.0,0.5,48.30001,40,62,46.000003,69.000015,21.400002,1,1,1002,0,heuristic_v3,solved,1,68.557836,48.26196,1.420536,0.015319,,,0.015319,0.016144,3,0,0
n_tsk\set03\n_tsk_4.py,n_tsk,3,n_tsk,4,2,4,5,0.5,0.5,0.7,0.6,1.0,0.5,48.299999,40,8,45.999999,68.999999,21.433333,1,1,1003,0,heuristic_v3,solved,1,40.268897,44.895391,0.896949,0.000853,,,0.000853,0.000986,3,0,0
n_tsk\set03\n_tsk_6.py,n_tsk,3,n_tsk,6,2,6,5,0.5,0.5,0.7,0.6,1.0,0.5,48.299999,40,12,46.0,68.999999,21.433333,1,1,1003,0,heuristic_v3,solved,1,36.060941,48.240246,0.747528,0.001652,,,0.001652,0.002795,3,0,0
n_tsk\set03\n_tsk_8.py,n_tsk,3,n_tsk,8,2,8,5,0.5,0.5,0.7,0.6,1.0,0.5,48.299998,40,17,45.999999,68.999998,21.433333,1,1,1003,0,heuristic_v3,solved,1,33.653685,47.376448,0.710346,0.001576,,,0.001576,0.002678,3,0,0
n_tsk\set03\n_tsk_10.py,n_tsk,3,n_tsk,10,2,10,5,0.5,0.5,0.7,0.6,1.0,0.5,48.299994,40,23,46.000002,68.999991,21.433334,1,1,1003,0,heuristic_v3,solved,1,55.587286,48.24689,1.152142,0.002988,,,0.002988,0.003176,3,0,0
n_tsk\set03\n_tsk_12.py,n_tsk,3,n_tsk,12,2,12,5,0.5,0.5,0.7,0.6,1.0,0.5,48.299994,40,26,46.000001,68.999991,21.433334,1,1,1003,0,heuristic_v3,solved,1,59.180305,48.298943,1.225292,0.004777,,,0.004777,0.005851,3,0,0
n_tsk\set03\n_tsk_16.py,n_tsk,3,n_tsk,16,2,16,5,0.5,0.5,0.7,0.6,1.0,0.5,48.300008,40,35,46.000009,69.000011,21.433338,1,1,1003,0,heuristic_v3,solved,1,63.266034,48.292013,1.310072,0.00533,,,0.00533,0.005791,3,0,0
n_tsk\set03\n_tsk_20.py,n_tsk,3,n_tsk,20,2,20,5,0.5,0.5,0.7,0.6,1.0,0.5,48.300003,40,40,46.000003,69.000005,21.433335,1,1,1003,0,heuristic_v3,solved,1,60.588183,48.283363,1.254846,0.006714,,,0.006714,0.008609,3,0,0
n_tsk\set03\n_tsk_26.py,n_tsk,3,n_tsk,26,2,26,5,0.5,0.5,0.7,0.6,1.0,0.5,48.299991,40,52,45.999998,68.999987,21.433332,1,1,1003,0,heuristic_v3,solved,1,72.506641,48.239082,1.503068,0.016896,,,0.016896,0.018011,3,0,0
n_tsk\set04\n_tsk_4.py,n_tsk,4,n_tsk,4,2,4,5,0.5,0.5,0.7,0.6,1.0,0.5,48.300002,40,11,46.000001,69.000002,22.042858,1,1,1004,0,heuristic_v3,solved,1,44.89498,48.099888,0.93337,0.001644,,,0.001644,0.001846,3,0,0
n_tsk\set04\n_tsk_6.py,n_tsk,4,n_tsk,6,2,6,5,0.5,0.5,0.7,0.6,1.0,0.5,48.3,40,14,46.000002,69.0,22.042858,1,1,1004,0,heuristic_v3,solved,1,50.481935,48.288182,1.04543,0.001263,,,0.001263,0.001845,3,0,0
n_tsk\set04\n_tsk_8.py,n_tsk,4,n_tsk,8,2,8,5,0.5,0.5,0.7,0.6,1.0,0.5,48.299998,40,19,45.999994,68.999997,22.042854,1,1,1004,0,heuristic_v3,solved,1,58.267033,48.248447,1.207646,0.002829,,,0.002829,0.003498,3,0,0
n_tsk\set04\n_tsk_10.py,n_tsk,4,n_tsk,10,2,10,5,0.5,0.5,0.7,0.6,1.0,0.5,48.3,40,24,46.0,69.0,22.042857,1,1,1004,0,heuristic_v3,solved,1,55.461573,48.252821,1.149395,0.003674,,,0.003674,0.003923,3,0,0
n_tsk\set04\n_tsk_12.py,n_tsk,4,n_tsk,12,2,12,5,0.5,0.5,0.7,0.6,1.0,0.5,48.300003,40,27,46.000003,69.000005,22.042859,1,1,1004,0,heuristic_v3,solved,1,41.152438,48.278758,0.852392,0.012403,,,0.012403,0.013044,3,0,0
n_tsk\set04\n_tsk_16.py,n_tsk,4,n_tsk,16,2,16,5,0.5,0.5,0.7,0.6,1.0,0.5,48.299998,40,37,46.000002,68.999997,22.042858,1,1,1004,0,heuristic_v3,solved,1,62.499727,47.53098,1.314926,0.006352,,,0.006352,0.007667,3,0,0
n_tsk\set04\n_tsk_20.py,n_tsk,4,n_tsk,20,2,20,5,0.5,0.5,0.7,0.6,1.0,0.5,48.300007,40,50,46.000002,69.00001,22.042858,1,1,1004,0,heuristic_v3,solved,1,51.52714,48.273084,1.067409,0.010943,,,0.010943,0.011821,3,0,0
n_tsk\set04\n_tsk_26.py,n_tsk,4,n_tsk,26,2,26,5,0.5,0.5,0.7,0.6,1.0,0.5,48.300001,40,67,46.000002,69.000001,22.042858,1,1,1004,0,heuristic_v3,solved,1,47.744713,48.237563,0.989783,0.017831,,,0.017831,0.019234,3,0,0
n_tsk\set05\n_tsk_4.py,n_tsk,5,n_tsk,4,2,4,5,0.5,0.5,0.7,0.6,1.0,0.5,48.300002,40,9,46.000001,69.000002,24.400001,1,1,1005,0,heuristic_v3,solved,1,54.63512,48.202897,1.133441,0.001092,,,0.001092,0.001666,3,0,0
n_tsk\set05\n_tsk_6.py,n_tsk,5,n_tsk,6,2,6,5,0.5,0.5,0.7,0.6,1.0,0.5,48.299994,40,11,45.999999,68.999992,24.399999,1,1,1005,0,heuristic_v3,solved,1,50.527192,48.28113,1.046521,0.001497,,,0.001497,0.00175,3,0,0
n_tsk\set05\n_tsk_8.py,n_tsk,5,n_tsk,8,2,8,5,0.5,0.5,0.7,0.6,1.0,0.5,48.300005,40,17,46.000005,69.000007,24.400002,1,1,1005,0,heuristic_v3,solved,1,29.34129,47.901102,0.612539,0.002578,,,0.002578,0.003571,3,0,0
n_tsk\set05\n_tsk_10.py,n_tsk,5,n_tsk,10,2,10,5,0.5,0.5,0.7,0.6,1.0,0.5,48.29999,40,22,46.000001,68.999985,24.400001,1,1,1005,0,heuristic_v3,solved,1,27.230298,48.154091,0.565483,0.003058,,,0.003058,0.003286,3,0,0
n_tsk\set05\n_tsk_12.py,n_tsk,5,n_tsk,12,2,12,5,0.5,0.5,0.7,0.6,1.0,0.5,48.299998,40,26,46.000002,68.999997,24.400001,1,1,1005,0,heuristic_v3,solved,1,51.117147,48.276912,1.058832,0.006183,,,0.006183,0.007052,3,0,0
n_tsk\set05\n_tsk_16.py,n_tsk,5,n_tsk,16,2,16,5,0.5,0.5,0.7,0.6,1.0,0.5,48.300005,40,36,46.000002,69.000007,24.400001,1,1,1005,0,heuristic_v3,solved,1,47.733224,48.290456,0.988461,0.009604,,,0.009604,0.010607,3,0,0
n_tsk\set05\n_tsk_20.py,n_tsk,5,n_tsk,20,2,20,5,0.5,0.5,0.7,0.6,1.0,0.5,48.299994,40,47,46.000002,68.999991,24.400001,1,1,1005,0,heuristic_v3,solved,1,52.649195,47.740554,1.102819,0.013441,,,0.013441,0.014006,3,0,0
n_tsk\set05\n_tsk_26.py,n_tsk,5,n_tsk,26,2,26,5,0.5,0.5,0.7,0.6,1.0,0.5,48.300012,40,65,46.0,69.000017,24.4,1,1,1005,0,heuristic_v3,solved,1,57.414146,48.252982,1.189857,0.020863,,,0.020863,0.02321,3,0,0
n_tsk\set06\n_tsk_4.py,n_tsk,6,n_tsk,4,2,4,5,0.5,0.5,0.7,0.6,1.0,0.5,48.300002,40,8,46.0,69.000003,21.433333,1,1,1006,0,heuristic_v3,solved,1,22.214182,47.353329,0.469116,0.000824,,,0.000824,0.000987,3,0,0
n_tsk\set06\n_tsk_6.py,n_tsk,6,n_tsk,6,2,6,5,0.5,0.5,0.7,0.6,1.0,0.5,48.300002,40,11,46.0,69.000002,21.433333,1,1,1006,0,heuristic_v3,solved,1,33.86845,48.143564,0.703489,0.001211,,,0.001211,0.001659,3,0,0
n_tsk\set06\n_tsk_8.py,n_tsk,6,n_tsk,8,2,8,5,0.5,0.5,0.7,0.6,1.0,0.5,48.299995,40,19,45.999997,68.999993,21.433332,1,1,1006,0,heuristic_v3,solved,1,34.029023,48.277851,0.704858,0.004005,,,0.004005,0.004926,3,0,0
n_tsk\set06\n_tsk_10.py,n_tsk,6,n_tsk,10,2,10,5,0.5,0.5,0.7,0.6,1.0,0.5,48.300002,40,22,46.0,69.000003,21.433333,1,1,1006,0,heuristic_v3,solved,1,60.696027,48.235259,1.258333,0.003468,,,0.003468,0.003774,3,0,0
n_tsk\set06\n_tsk_12.py,n_tsk,6,n_tsk,12,2,12,5,0.5,0.5,0.7,0.6,1.0,0.5,48.299996,40,27,45.999993,68.999994,21.43333,1,1,1006,0,heuristic_v3,solved,1,58.912986,46.931657,1.255293,0.00338,,,0.00338,0.004012,3,0,0
n_tsk\set06\n_tsk_16.py,n_tsk,6,n_tsk,16,2,16,5,0.5,0.5,0.7,0.6,1.0,0.5,48.300001,40,38,45.999997,69.000001,21.433332,1,1,1006,0,heuristic_v3,solved,1,48.274326,48.034481,1.004993,0.00626,,,0.00626,0.006782,3,0,0
n_tsk\set06\n_tsk_20.py,n_tsk,6,n_tsk,20,2,20,5,0.5,0.5,0.7,0.6,1.0,0.5,48.30001,40,50,46.000007,69.000015,21.433337,1,1,1006,0,heuristic_v3,solved,1,56.457444,48.034934,1.175341,0.009325,,,0.009325,0.010153,3,0,0
n_tsk\set06\n_tsk_26.py,n_tsk,6,n_tsk,26,2,26,5,0.5,0.5,0.7,0.6,1.0,0.5,48.299994,40,64,46.000002,68.999992,21.433334,1,1,1006,0,heuristic_v3,solved,1,67.253294,48.299196,1.392431,0.028139,,,0.028139,0.02942,3,0,0
n_tsk\set07\n_tsk_4.py,n_tsk,7,n_tsk,4,2,4,5,0.5,0.5,0.7,0.6,1.0,0.5,48.300002,40,8,46.0,69.000002,21.4,1,1,1007,0,heuristic_v3,solved,1,70.804654,47.92044,1.477546,0.00107,,,0.00107,0.00162,3,0,0
n_tsk\set07\n_tsk_6.py,n_tsk,7,n_tsk,6,2,6,5,0.5,0.5,0.7,0.6,1.0,0.5,48.299999,40,13,45.999999,68.999999,21.399999,1,1,1007,0,heuristic_v3,solved,1,36.545911,47.632999,0.767239,0.001894,,,0.001894,0.002249,3,0,0
n_tsk\set07\n_tsk_8.py,n_tsk,7,n_tsk,8,2,8,5,0.5,0.5,0.7,0.6,1.0,0.5,48.299997,40,18,45.999999,68.999995,21.399999,1,1,1007,0,heuristic_v3,solved,1,44.754651,47.135356,0.949492,0.002512,,,0.002512,0.002667,3,0,0
n_tsk\set07\n_tsk_10.py,n_tsk,7,n_tsk,10,2,10,5,0.5,0.5,0.7,0.6,1.0,0.5,48.299998,40,23,45.999999,68.999997,21.399999,1,1,1007,0,heuristic_v3,solved,1,64.751372,47.912651,1.351446,0.004764,,,0.004764,0.00587,3,0,0
n_tsk\set07\n_tsk_12.py,n_tsk,7,n_tsk,12,2,12,5,0.5,0.5,0.7,0.6,1.0,0.5,48.299998,40,28,45.999997,68.999998,21.399998,1,1,1007,0,heuristic_v3,solved,1,54.473771,48.295812,1.127919,0.006401,,,0.006401,0.008648,3,0,0
n_tsk\set07\n_tsk_16.py,n_tsk,7,n_tsk,16,2,16,5,0.5,0.5,0.7,0.6,1.0,0.5,48.299995,40,37,45.999994,68.999993,21.399997,1,1,1007,0,heuristic_v3,solved,1,67.314995,48.18391,1.397043,0.008586,,,0.008586,0.009598,3,0,0
n_tsk\set07\n_tsk_20.py,n_tsk,7,n_tsk,20,2,20,5,0.5,0.5,0.7,0.6,1.0,0.5,48.300002,40,47,46.000003,69.000002,21.400002,1,1,1007,0,heuristic_v3,solved,1,43.167485,47.755029,0.903936,0.012832,,,0.012832,0.013239,3,0,0
n_tsk\set07\n_tsk_26.py,n_tsk,7,n_tsk,26,2,26,5,0.5,0.5,0.7,0.6,1.0,0.5,48.300007,40,66,46.000003,69.00001,21.400002,1,1,1007,0,heuristic_v3,solved,1,56.342537,47.016276,1.198362,0.023472,,,0.023472,0.025026,3,0,0
n_tsk\set08\n_tsk_4.py,n_tsk,8,n_tsk,4,2,4,5,0.5,0.5,0.7,0.6,1.0,0.5,48.299998,40,8,46.0,68.999997,22.042857,1,1,1008,0,heuristic_v3,solved,1,52.947522,43.576218,1.215055,0.000666,,,0.000666,0.001371,3,0,0
n_tsk\set08\n_tsk_6.py,n_tsk,8,n_tsk,6,2,6,5,0.5,0.5,0.7,0.6,1.0,0.5,48.299998,40,13,45.999998,68.999997,22.042856,1,1,1008,0,heuristic_v3,solved,1,37.61053,44.469027,0.845769,0.000903,,,0.000903,0.001004,3,0,0
n_tsk\set08\n_tsk_8.py,n_tsk,8,n_tsk,8,2,8,5,0.5,0.5,0.7,0.6,1.0,0.5,48.299998,40,15,45.999998,68.999997,22.042856,1,1,1008,0,heuristic_v3,solved,1,45.093301,48.106583,0.937362,0.001676,,,0.001676,0.001843,3,0,0
n_tsk\set08\n_tsk_10.py,n_tsk,8,n_tsk,10,2,10,5,0.5,0.5,0.7,0.6,1.0,0.5,48.299997,40,20,45.999995,68.999995,22.042855,1,1,1008,0,heuristic_v3,solved,1,59.305437,48.275456,1.22848,0.003286,,,0.003286,0.003327,3,0,0
n_tsk\set08\n_tsk_12.py,n_tsk,8,n_tsk,12,2,12,5,0.5,0.5,0.7,0.6,1.0,0.5,48.299998,40,23,46.000001,68.999998,22.042858,1,1,1008,0,heuristic_v3,solved,1,42.438107,48.020466,0.88375,0.003763,,,0.003763,0.004305,3,0,0
n_tsk\set08\n_tsk_16.py,n_tsk,8,n_tsk,16,2,16,5,0.5,0.5,0.7,0.6,1.0,0.5,48.300005,40,32,46.000005,69.000007,22.042859,1,1,1008,0,heuristic_v3,solved,1,48.239309,48.289177,0.998967,0.009668,,,0.009668,0.010218,3,0,0
n_tsk\set08\n_tsk_20.py,n_tsk,8,n_tsk,20,2,20,5,0.5,0.5,0.7,0.6,1.0,0.5,48.300006,40,43,46.0,69.000008,22.042857,1,1,1008,0,heuristic_v3,solved,1,55.635714,48.268797,1.152623,0.00793,,,0.00793,0.008885,3,0,0
n_tsk\set08\n_tsk_26.py,n_tsk,8,n_tsk,26,2,26,5,0.5,0.5,0.7,0.6,1.0,0.5,48.299986,40,64,45.999992,68.999979,22.042853,1,1,1008,0,heuristic_v3,solved,1,52.356812,48.298334,1.084029,0.016538,,,0.016538,0.017432,3,0,0
n_tsk\set09\n_tsk_4.py,n_tsk,9,n_tsk,4,2,4,5,0.5,0.5,0.7,0.6,1.0,0.5,48.3,40,11,46.000001,69.0,21.400001,1,1,1009,0,heuristic_v3,solved,1,66.028446,48.160187,1.371017,0.001528,,,0.001528,0.00195,3,0,0
n_tsk\set09\n_tsk_6.py,n_tsk,9,n_tsk,6,2,6,5,0.5,0.5,0.7,0.6,1.0,0.5,48.3,40,16,46.000003,69.0,21.400002,1,1,1009,0,heuristic_v3,solved,1,45.969178,48.25673,0.952596,0.00288,,,0.00288,0.003234,3,0,0
n_tsk\set09\n_tsk_8.py,n_tsk,9,n_tsk,8,2,8,5,0.5,0.5,0.7,0.6,1.0,0.5,48.3,40,22,45.999999,69.0,21.399999,1,1,1009,0,heuristic_v3,solved,1,53.531509,48.272961,1.108934,0.003432,,,0.003432,0.004326,3,0,0
n_tsk\set09\n_tsk_10.py,n_tsk,9,n_tsk,10,2,10,5,0.5,0.5,0.7,0.6,1.0,0.5,48.300008,40,30,46.000003,69.000011,21.400002,1,1,1009,0,heuristic_v3,solved,1,52.845013,48.291688,1.094288,0.005388,,,0.005388,0.006063,3,0,0
n_tsk\set09\n_tsk_12.py,n_tsk,9,n_tsk,12,2,12,5,0.5,0.5,0.7,0.6,1.0,0.5,48.299997,40,38,45.999998,68.999995,21.399999,1,1,1009,0,heuristic_v3,solved,1,49.702758,48.294523,1.029159,0.010234,,,0.010234,0.011422,3,0,0
n_tsk\set09\n_tsk_16.py,n_tsk,9,n_tsk,16,2,16,5,0.5,0.5,0.7,0.6,1.0,0.5,48.299997,40,46,46.000002,68.999995,21.400001,1,1,1009,0,heuristic_v3,solved,1,59.613741,48.291549,1.234455,0.020415,,,0.020415,0.021549,3,0,0
n_tsk\set09\n_tsk_20.py,n_tsk,9,n_tsk,20,2,20,5,0.5,0.5,0.7,0.6,1.0,0.5,48.300013,40,56,46.000002,69.000018,21.400001,1,1,1009,0,heuristic_v3,solved,1,52.714413,48.208744,1.093462,0.012226,,,0.012226,0.013395,3,0,0
n_tsk\set09\n_tsk_26.py,n_tsk,9,n_tsk,26,2,26,5,0.5,0.5,0.7,0.6,1.0,0.5,48.299999,40,70,45.999994,68.999999,21.399997,1,1,1009,0,heuristic_v3,solved,1,56.712639,48.290385,1.174409,0.022943,,,0.022943,0.025408,3,0,0
n_tsk\set00\n_tsk_4.py,n_tsk,0,n_tsk,4,2,4,5,0.5,0.5,0.7,0.6,1.0,0.5,48.300005,40,11,45.999999,69.000007,22.042857,1,1,1000,0,heuristic_v4,solved,1,22.866266,48.062392,0.475762,0.001885,,,0.001885,0.005335,3,0,0
n_tsk\set00\n_tsk_6.py,n_tsk,0,n_tsk,6,2,6,5,0.5,0.5,0.7,0.6,1.0,0.5,48.299998,40,17,46.000002,68.999997,22.042858,1,1,1000,0,heuristic_v4,solved,1,45.722364,47.754955,0.957437,0.00396,,,0.00396,0.004163,3,0,0
n_tsk\set00\n_tsk_8.py,n_tsk,0,n_tsk,8,2,8,5,0.5,0.5,0.7,0.6,1.0,0.5,48.300002,40,20,45.999999,69.000003,22.042857,1,1,1000,0,heuristic_v4,solved,1,67.049796,48.247202,1.389714,0.00342,,,0.00342,0.004049,3,0,0
n_tsk\set00\n_tsk_10.py,n_tsk,0,n_tsk,10,2,10,5,0.5,0.5,0.7,0.6,1.0,0.5,48.299998,40,28,46.0,68.999997,22.042857,1,1,1000,0,heuristic_v4,solved,1,70.620616,48.173647,1.46596,0.00474,,,0.00474,0.00578,3,0,0
n_tsk\set00\n_tsk_12.py,n_tsk,0,n_tsk,12,2,12,5,0.5,0.5,0.7,0.6,1.0,0.5,48.299998,40,33,45.999994,68.999997,22.042854,1,1,1000,0,heuristic_v4,solved,1,77.761116,48.111926,1.616254,0.00778,,,0.00778,0.008194,3,0,0
n_tsk\set00\n_tsk_16.py,n_tsk,0,n_tsk,16,2,16,5,0.5,0.5,0.7,0.6,1.0,0.5,48.300007,40,42,46.000008,69.00001,22.042861,1,1,1000,0,heuristic_v4,solved,1,54.396468,48.238727,1.127651,0.017258,,,0.017258,0.018634,3,0,0
n_tsk\set00\n_tsk_20.py,n_tsk,0,n_tsk,20,2,20,5,0.5,0.5,0.7,0.6,1.0,0.5,48.300005,40,50,46.000009,69.000007,22.042862,1,1,1000,0,heuristic_v4,solved,1,66.299404,48.257345,1.373872,0.015706,,,0.015706,0.016654,3,0,0
n_tsk\set00\n_tsk_26.py,n_tsk,0,n_tsk,26,2,26,5,0.5,0.5,0.7,0.6,1.0,0.5,48.299995,40,64,46.000012,68.999993,22.042863,1,1,1000,0,heuristic_v4,solved,1,64.240154,48.275651,1.330695,0.03638,,,0.03638,0.037181,3,0,0
n_tsk\set01\n_tsk_4.py,n_tsk,1,n_tsk,4,2,4,5,0.5,0.5,0.7,0.6,1.0,0.5,48.299999,40,11,46.000002,68.999999,21.433334,1,1,1001,0,heuristic_v4,solved,1,48.017916,47.158733,1.018219,0.001294,,,0.001294,0.001861,3,0,0
n_tsk\set01\n_tsk_6.py,n_tsk,1,n_tsk,6,2,6,5,0.5,0.5,0.7,0.6,1.0,0.5,48.300002,40,14,46.000001,69.000003,21.433334,1,1,1001,0,heuristic_v4,solved,1,56.143113,48.29754,1.162442,0.002488,,,0.002488,0.002603,3,0,0
n_tsk\set01\n_tsk_8.py,n_tsk,1,n_tsk,8,2,8,5,0.5,0.5,0.7,0.6,1.0,0.5,48.299996,40,17,45.999995,68.999994,21.433331,1,1,1001,0,heuristic_v4,solved,1,43.350608,48.281646,0.897869,0.003893,,,0.003893,0.004329,3,0,0
n_tsk\set01\n_tsk_10.py,n_tsk,1,n_tsk,10,2,10,5,0.5,0.5,0.7,0.6,1.0,0.5,48.299995,40,20,45.999995,68.999993,21.433331,1,1,1001,0,heuristic_v4,solved,1,50.861168,48.232789,1.054494,0.004336,,,0.004336,0.004394,3,0,0
n_tsk\set01\n_tsk_12.py,n_tsk,1,n_tsk,12,2,12,5,0.5,0.5,0.7,0.6,1.0,0.5,48.299996,40,25,45.999998,68.999994,21.433332,1,1,1001,0,heuristic_v4,solved,1,53.07168,48.219306,1.100631,0.004356,,,0.004356,0.004679,3,0,0
n_tsk\set01\n_tsk_16.py,n_tsk,1,n_tsk,16,2,16,5,0.5,0.5,0.7,0.6,1.0,0.5,48.300002,40,35,46.000001,69.000002,21.433334,1,1,1001,0,heuristic_v4,solved,1,52.769156,48.292526,1.092698,0.016399,,,0.016399,0.017829,3,0,0
n_tsk\set01\n_tsk_20.py,n_tsk,1,n_tsk,20,2,20,5,0.5,0.5,0.7,0.6,1.0,0.5,48.300002,40,40,46.000001,69.000003,21.433334,1,1,1001,0,heuristic_v4,solved,1,52.469293,48.142523,1.089874,0.015277,,,0.015277,0.017168,3,0,0
n_tsk\set01\n_tsk_26.py,n_tsk,1,n_tsk,26,2,26,5,0.5,0.5,0.7,0.6,1.0,0.5,48.299994,40,49,45.999999,68.999991,21.433333,1,1,1001,0,heuristic_v4,solved,1,46.775497,48.295338,0.96853,0.040749,,,0.040749,0.042578,3,0,0
n_tsk\set02\n_tsk_4.py,n_tsk,2,n_tsk,4,2,4,5,0.5,0.5,0.7,0.6,1.0,0.5,48.299998,40,9,46.0,68.999997,21.4,1,1,1002,0,heuristic_v4,solved,1,45.193199,45.095642,1.002163,0.000888,,,0.000888,0.001278,3,0,0
n_tsk\set02\n_tsk_6.py,n_tsk,2,n_tsk,6,2,6,5,0.5,0.5,0.7,0.6,1.0,0.5,48.299997,40,15,45.999998,68.999995,21.399999,1,1,1002,0,heuristic_v4,solved,1,59.353278,48.268639,1.229645,0.002132,,,0.002132,0.003151,3,0,0
n_tsk\set02\n_tsk_8.py,n_tsk,2,n_tsk,8,2,8,5,0.5,0.5,0.7,0.6,1.0,0.5,48.299998,40,17,46.000001,68.999997,21.400001,1,1,1002,0,heuristic_v4,solved,1,61.321093,48.255808,1.270751,0.005661,,,0.005661,0.005916,3,0,0
n_tsk\set02\n_tsk_10.py,n_tsk,2,n_tsk,10,2,10,5,0.5,0.5,0.7,0.6,1.0,0.5,48.300002,40,22,45.999998,69.000003,21.399999,1,1,1002,0,heuristic_v4,solved,1,53.558542,48.279656,1.10934,0.003095,,,0.003095,0.003537,3,0,0
n_tsk\set02\n_tsk_12.py,n_tsk,2,n_tsk,12,2,12,5,0.5,0.5,0.7,0.6,1.0,0.5,48.300001,40,25,46.0,69.000001,21.4,1,1,1002,0,heuristic_v4,solved,1,66.314732,48.253042,1.374312,0.003533,,,0.003533,0.004029,3,0,0
n_tsk\set02\n_tsk_16.py,n_tsk,2,n_tsk,16,2,16,5,0.5,0.5,0.7,0.6,1.0,0.5,48.300003,40,38,46.0,69.000005,21.4,1,1,1002,0,heuristic_v4,solved,1,67.417206,48.251788,1.397196,0.008366,,,0.008366,0.008969,3,0,0
n_tsk\set02\n_tsk_20.py,n_tsk,2,n_tsk,20,2,20,5,0.5,0.5,0.7,0.6,1.0,0.5,48.299997,40,49,46.000008,68.999995,21.400004,1,1,1002,0,heuristic_v4,solved,1,65.968505,48.148614,1.370102,0.009177,,,0.009177,0.009734,3,0,0
n_tsk\set02\n_tsk_26.py,n_tsk,2,n_tsk,26,2,26,5,0.5,0.5,0.7,0.6,1.0,0.5,48.30001,40,62,46.000003,69.000015,21.400002,1,1,1002,0,heuristic_v4,solved,1,69.417939,48.237714,1.43908,0.01675,,,0.01675,0.019475,3,0,0
n_tsk\set03\n_tsk_4.py,n_tsk,3,n_tsk,4,2,4,5,0.5,0.5,0.7,0.6,1.0,0.5,48.299999,40,8,45.999999,68.999999,21.433333,1,1,1003,0,heuristic_v4,solved,1,44.738335,47.976263,0.93251,0.001105,,,0.001105,0.001289,3,0,0
n_tsk\set03\n_tsk_6.py,n_tsk,3,n_tsk,6,2,6,5,0.5,0.5,0.7,0.6,1.0,0.5,48.299999,40,12,46.0,68.999999,21.433333,1,1,1003,0,heuristic_v4,solved,1,37.41043,48.016259,0.77912,0.002282,,,0.002282,0.002478,3,0,0
n_tsk\set03\n_tsk_8.py,n_tsk,3,n_tsk,8,2,8,5,0.5,0.5,0.7,0.6,1.0,0.5,48.299998,40,17,45.999999,68.999998,21.433333,1,1,1003,0,heuristic_v4,solved,1,39.622134,48.195369,0.822115,0.001859,,,0.001859,0.001989,3,0,0
n_tsk\set03\n_tsk_10.py,n_tsk,3,n_tsk,10,2,10,5,0.5,0.5,0.7,0.6,1.0,0.5,48.299994,40,23,46.000002,68.999991,21.433334,1,1,1003,0,heuristic_v4,solved,1,55.639529,48.24749,1.153211,0.003401,,,0.003401,0.004116,3,0,0
n_tsk\set03\n_tsk_12.py,n_tsk,3,n_tsk,12,2,12,5,0.5,0.5,0.7,0.6,1.0,0.5,48.299994,40,26,46.000001,68.999991,21.433334,1,1,1003,0,heuristic_v4,solved,1,60.033301,48.295849,1.243032,0.006212,,,0.006212,0.006735,3,0,0
n_tsk\set03\n_tsk_16.py,n_tsk,3,n_tsk,16,2,16,5,0.5,0.5,0.7,0.6,1.0,0.5,48.300008,40,35,46.000009,69.000011,21.433338,1,1,1003,0,heuristic_v4,solved,1,63.266034,48.292013,1.310072,0.00595,,,0.00595,0.006521,3,0,0
n_tsk\set03\n_tsk_20.py,n_tsk,3,n_tsk,20,2,20,5,0.5,0.5,0.7,0.6,1.0,0.5,48.300003,40,40,46.000003,69.000005,21.433335,1,1,1003,0,heuristic_v4,solved,1,60.625875,48.291924,1.255404,0.007969,,,0.007969,0.008519,3,0,0
n_tsk\set03\n_tsk_26.py,n_tsk,3,n_tsk,26,2,26,5,0.5,0.5,0.7,0.6,1.0,0.5,48.299991,40,52,45.999998,68.999987,21.433332,1,1,1003,0,heuristic_v4,solved,1,74.451046,48.18656,1.545058,0.04748,,,0.04748,0.051659,3,0,0
n_tsk\set04\n_tsk_4.py,n_tsk,4,n_tsk,4,2,4,5,0.5,0.5,0.7,0.6,1.0,0.5,48.300002,40,11,46.000001,69.000002,22.042858,1,1,1004,0,heuristic_v4,solved,1,44.89498,48.099888,0.93337,0.001765,,,0.001765,0.002049,3,0,0
n_tsk\set04\n_tsk_6.py,n_tsk,4,n_tsk,6,2,6,5,0.5,0.5,0.7,0.6,1.0,0.5,48.3,40,14,46.000002,69.0,22.042858,1,1,1004,0,heuristic_v4,solved,1,50.481935,48.288182,1.04543,0.00131,,,0.00131,0.001409,3,0,0
n_tsk\set04\n_tsk_8.py,n_tsk,4,n_tsk,8,2,8,5,0.5,0.5,0.7,0.6,1.0,0.5,48.299998,40,19,45.999994,68.999997,22.042854,1,1,1004,0,heuristic_v4,solved,1,58.267033,48.248447,1.207646,0.003045,,,0.003045,0.003293,3,0,0
n_tsk\set04\n_tsk_10.py,n_tsk,4,n_tsk,10,2,10,5,0.5,0.5,0.7,0.6,1.0,0.5,48.3,40,24,46.0,69.0,22.042857,1,1,1004,0,heuristic_v4,solved,1,56.85833,48.113526,1.181754,0.004408,,,0.004408,0.004549,3,0,0
n_tsk\set04\n_tsk_12.py,n_tsk,4,n_tsk,12,2,12,5,0.5,0.5,0.7,0.6,1.0,0.5,48.300003,40,27,46.000003,69.000005,22.042859,1,1,1004,0,heuristic_v4,solved,1,41.736711,48.299518,0.864123,0.025699,,,0.025699,0.027937,3,0,0
n_tsk\set04\n_tsk_16.py,n_tsk,4,n_tsk,16,2,16,5,0.5,0.5,0.7,0.6,1.0,0.5,48.299998,40,37,46.000002,68.999997,22.042858,1,1,1004,0,heuristic_v4,solved,1,63.436721,47.582256,1.333201,0.007469,,,0.007469,0.008234,3,0,0
n_tsk\set04\n_tsk_20.py,n_tsk,4,n_tsk,20,2,20,5,0.5,0.5,0.7,0.6,1.0,0.5,48.300007,40,50,46.000002,69.00001,22.042858,1,1,1004,0,heuristic_v4,solved,1,51.52714,48.273084,1.067409,0.011451,,,0.011451,0.012423,3,0,0
n_tsk\set04\n_tsk_26.py,n_tsk,4,n_tsk,26,2,26,5,0.5,0.5,0.7,0.6,1.0,0.5,48.300001,40,67,46.000002,69.000001,22.042858,1,1,1004,0,heuristic_v4,solved,1,48.178676,48.277369,0.997956,0.025669,,,0.025669,0.026982,3,0,0
n_tsk\set05\n_tsk_4.py,n_tsk,5,n_tsk,4,2,4,5,0.5,0.5,0.7,0.6,1.0,0.5,48.300002,40,9,46.000001,69.000002,24.400001,1,1,1005,0,heuristic_v4,solved,1,60.439603,48.051367,1.257812,0.001194,,,0.001194,0.001343,3,0,0
n_tsk\set05\n_tsk_6.py,n_tsk,5,n_tsk,6,2,6,5,0.5,0.5,0.7,0.6,1.0,0.5,48.299994,40,11,45.999999,68.999992,24.399999,1,1,1005,0,heuristic_v4,solved,1,50.527192,48.28113,1.046521,0.001521,,,0.001521,0.002121,3,0,0
n_tsk\set05\n_tsk_8.py,n_tsk,5,n_tsk,8,2,8,5,0.5,0.5,0.7,0.6,1.0,0.5,48.300005,40,17,46.000005,69.000007,24.400002,1,1,1005,0,heuristic_v4,solved,1,31.09627,47.973817,0.648193,0.004581,,,0.004581,0.005963,3,0,0
n_tsk\set05\n_tsk_10.py,n_tsk,5,n_tsk,10,2,10,5,0.5,0.5,0.7,0.6,1.0,0.5,48.29999,40,22,46.000001,68.999985,24.400001,1,1,1005,0,heuristic_v4,solved,1,28.068604,48.202402,0.582307,0.003631,,,0.003631,0.003769,3,0,0
n_tsk\set05\n_tsk_12.py,n_tsk,5,n_tsk,12,2,12,5,0.5,0.5,0.7,0.6,1.0,0.5,48.299998,40,26,46.000002,68.999997,24.400001,1,1,1005,0,heuristic_v4,solved,1,51.162127,48.279464,1.059708,0.007147,,,0.007147,0.007892,3,0,0
n_tsk\set05\n_tsk_16.py,n_tsk,5,n_tsk,16,2,16,5,0.5,0.5,0.7,0.6,1.0,0.5,48.300005,40,36,46.000002,69.000007,24.400001,1,1,1005,0,heuristic_v4,solved,1,47.735951,48.292114,0.988483,0.010432,,,0.010432,0.011384,3,0,0
n_tsk\set05\n_tsk_20.py,n_tsk,5,n_tsk,20,2,20,5,0.5,0.5,0.7,0.6,1.0,0.5,48.299994,40,47,46.000002,68.999991,24.400001,1,1,1005,0,heuristic_v4,solved,1,52.649195,47.740554,1.102819,0.0136,,,0.0136,0.014123,3,0,0
n_tsk\set05\n_tsk_26.py,n_tsk,5,n_tsk,26,2,26,5,0.5,0.5,0.7,0.6,1.0,0.5,48.300012,40,65,46.0,69.000017,24.4,1,1,1005,0,heuristic_v4,solved,1,57.414146,48.252982,1.189857,0.020884,,,0.020884,0.021814,3,0,0
n_tsk\set06\n_tsk_4.py,n_tsk,6,n_tsk,4,2,4,5,0.5,0.5,0.7,0.6,1.0,0.5,48.300002,40,8,46.0,69.000003,21.433333,1,1,1006,0,heuristic_v4,solved,1,22.214182,47.353329,0.469116,0.000857,,,0.000857,0.00096,3,0,0
n_tsk\set06\n_tsk_6.py,n_tsk,6,n_tsk,6,2,6,5,0.5,0.5,0.7,0.6,1.0,0.5,48.300002,40,11,46.0,69.000002,21.433333,1,1,1006,0,heuristic_v4,solved,1,34.416611,48.285046,0.71278,0.001544,,,0.001544,0.001811,3,0,0
n_tsk\set06\n_tsk_8.py,n_tsk,6,n_tsk,8,2,8,5,0.5,0.5,0.7,0.6,1.0,0.5,48.299995,40,19,45.999997,68.999993,21.433332,1,1,1006,0,heuristic_v4,solved,1,34.029023,48.277851,0.704858,0.004232,,,0.004232,0.004494,3,0,0
n_tsk\set06\n_tsk_10.py,n_tsk,6,n_tsk,10,2,10,5,0.5,0.5,0.7,0.6,1.0,0.5,48.300002,40,22,46.0,69.000003,21.433333,1,1,1006,0,heuristic_v4,solved,1,61.824827,48.236236,1.281709,0.006256,,,0.006256,0.007076,3,0,0
n_tsk\set06\n_tsk_12.py,n_tsk,6,n_tsk,12,2,12,5,0.5,0.5,0.7,0.6,1.0,0.5,48.299996,40,27,45.999993,68.999994,21.43333,1,1,1006,0,heuristic_v4,solved,1,59.007668,47.0577,1.253943,0.004686,,,0.004686,0.005411,3,0,0
n_tsk\set06\n_tsk_16.py,n_tsk,6,n_tsk,16,2,16,5,0.5,0.5,0.7,0.6,1.0,0.5,48.300001,40,38,45.999997,69.000001,21.433332,1,1,1006,0,heuristic_v4,solved,1,49.27282,48.152799,1.02326,0.020869,,,0.020869,0.02175,3,0,0
n_tsk\set06\n_tsk_20.py,n_tsk,6,n_tsk,20,2,20,5,0.5,0.5,0.7,0.6,1.0,0.5,48.30001,40,50,46.000007,69.000015,21.433337,1,1,1006,0,heuristic_v4,solved,1,56.815763,48.075115,1.181812,0.023126,,,0.023126,0.026884,3,0,0
n_tsk\set06\n_tsk_26.py,n_tsk,6,n_tsk,26,2,26,5,0.5,0.5,0.7,0.6,1.0,0.5,48.299994,40,64,46.000002,68.999992,21.433334,1,1,1006,0,heuristic_v4,solved,1,69.276777,48.299102,1.434328,0.084698,,,0.084698,0.085289,3,0,0
n_tsk\set07\n_tsk_4.py,n_tsk,7,n_tsk,4,2,4,5,0.5,0.5,0.7,0.6,1.0,0.5,48.300002,40,8,46.0,69.000002,21.4,1,1,1007,0,heuristic_v4,solved,1,77.622727,47.87978,1.621201,0.001371,,,0.001371,0.001522,3,0,0
n_tsk\set07\n_tsk_6.py,n_tsk,7,n_tsk,6,2,6,5,0.5,0.5,0.7,0.6,1.0,0.5,48.299999,40,13,45.999999,68.999999,21.399999,1,1,1007,0,heuristic_v4,solved,1,36.545911,47.632999,0.767239,0.002062,,,0.002062,0.002653,3,0,0
n_tsk\set07\n_tsk_8.py,n_tsk,7,n_tsk,8,2,8,5,0.5,0.5,0.7,0.6,1.0,0.5,48.299997,40,18,45.999999,68.999995,21.399999,1,1,1007,0,heuristic_v4,solved,1,46.308841,48.29088,0.958956,0.003137,,,0.003137,0.003648,3,0,0
n_tsk\set07\n_tsk_10.py,n_tsk,7,n_tsk,10,2,10,5,0.5,0.5,0.7,0.6,1.0,0.5,48.299998,40,23,45.999999,68.999997,21.399999,1,1,1007,0,heuristic_v4,solved,1,67.905103,48.209123,1.408553,0.007223,,,0.007223,0.007577,3,0,0
n_tsk\set07\n_tsk_12.py,n_tsk,7,n_tsk,12,2,12,5,0.5,0.5,0.7,0.6,1.0,0.5,48.299998,40,28,45.999997,68.999998,21.399998,1,1,1007,0,heuristic_v4,solved,1,56.412518,48.223822,1.169806,0.007483,,,0.007483,0.008186,3,0,0
n_tsk\set07\n_tsk_16.py,n_tsk,7,n_tsk,16,2,16,5,0.5,0.5,0.7,0.6,1.0,0.5,48.299995,40,37,45.999994,68.999993,21.399997,1,1,1007,0,heuristic_v4,solved,1,67.314995,48.18391,1.397043,0.009018,,,0.009018,0.009669,3,0,0
n_tsk\set07\n_tsk_20.py,n_tsk,7,n_tsk,20,2,20,5,0.5,0.5,0.7,0.6,1.0,0.5,48.300002,40,47,46.000003,69.000002,21.400002,1,1,1007,0,heuristic_v4,solved,1,43.167485,47.755029,0.903936,0.014994,,,0.014994,0.01549,3,0,0
n_tsk\set07\n_tsk_26.py,n_tsk,7,n_tsk,26,2,26,5,0.5,0.5,0.7,0.6,1.0,0.5,48.300007,40,66,46.000003,69.00001,21.400002,1,1,1007,0,heuristic_v4,solved,1,56.342537,47.016276,1.198362,0.024363,,,0.024363,0.025981,3,0,0
n_tsk\set08\n_tsk_4.py,n_tsk,8,n_tsk,4,2,4,5,0.5,0.5,0.7,0.6,1.0,0.5,48.299998,40,8,46.0,68.999997,22.042857,1,1,1008,0,heuristic_v4,solved,1,52.947522,43.576218,1.215055,0.000727,,,0.000727,0.000883,3,0,0
n_tsk\set08\n_tsk_6.py,n_tsk,8,n_tsk,6,2,6,5,0.5,0.5,0.7,0.6,1.0,0.5,48.299998,40,13,45.999998,68.999997,22.042856,1,1,1008,0,heuristic_v4,solved,1,37.61053,44.469027,0.845769,0.001087,,,0.001087,0.001206,3,0,0
n_tsk\set08\n_tsk_8.py,n_tsk,8,n_tsk,8,2,8,5,0.5,0.5,0.7,0.6,1.0,0.5,48.299998,40,15,45.999998,68.999997,22.042856,1,1,1008,0,heuristic_v4,solved,1,45.093301,48.106583,0.937362,0.00177,,,0.00177,0.001841,3,0,0
n_tsk\set08\n_tsk_10.py,n_tsk,8,n_tsk,10,2,10,5,0.5,0.5,0.7,0.6,1.0,0.5,48.299997,40,20,45.999995,68.999995,22.042855,1,1,1008,0,heuristic_v4,solved,1,59.384003,48.241883,1.230964,0.003832,,,0.003832,0.004355,3,0,0
n_tsk\set08\n_tsk_12.py,n_tsk,8,n_tsk,12,2,12,5,0.5,0.5,0.7,0.6,1.0,0.5,48.299998,40,23,46.000001,68.999998,22.042858,1,1,1008,0,heuristic_v4,solved,1,44.281919,47.786225,0.926667,0.005681,,,0.005681,0.006986,3,0,0
n_tsk\set08\n_tsk_16.py,n_tsk,8,n_tsk,16,2,16,5,0.5,0.5,0.7,0.6,1.0,0.5,48.300005,40,32,46.000005,69.000007,22.042859,1,1,1008,0,heuristic_v4,solved,1,48.498084,48.294694,1.004211,0.011969,,,0.011969,0.013043,3,0,0
n_tsk\set08\n_tsk_20.py,n_tsk,8,n_tsk,20,2,20,5,0.5,0.5,0.7,0.6,1.0,0.5,48.300006,40,43,46.0,69.000008,22.042857,1,1,1008,0,heuristic_v4,solved,1,55.635714,48.268797,1.152623,0.007948,,,0.007948,0.008879,3,0,0
n_tsk\set08\n_tsk_26.py,n_tsk,8,n_tsk,26,2,26,5,0.5,0.5,0.7,0.6,1.0,0.5,48.299986,40,64,45.999992,68.999979,22.042853,1,1,1008,0,heuristic_v4,solved,1,52.356812,48.298334,1.084029,0.018593,,,0.018593,0.021259,3,0,0
n_tsk\set09\n_tsk_4.py,n_tsk,9,n_tsk,4,2,4,5,0.5,0.5,0.7,0.6,1.0,0.5,48.3,40,11,46.000001,69.0,21.400001,1,1,1009,0,heuristic_v4,solved,1,66.028446,48.160187,1.371017,0.001587,,,0.001587,0.001752,3,0,0
n_tsk\set09\n_tsk_6.py,n_tsk,9,n_tsk,6,2,6,5,0.5,0.5,0.7,0.6,1.0,0.5,48.3,40,16,46.000003,69.0,21.400002,1,1,1009,0,heuristic_v4,solved,1,46.001592,48.265682,0.953091,0.003701,,,0.003701,0.003995,3,0,0
n_tsk\set09\n_tsk_8.py,n_tsk,9,n_tsk,8,2,8,5,0.5,0.5,0.7,0.6,1.0,0.5,48.3,40,22,45.999999,69.0,21.399999,1,1,1009,0,heuristic_v4,solved,1,53.531509,48.272961,1.108934,0.003722,,,0.003722,0.003755,3,0,0
n_tsk\set09\n_tsk_10.py,n_tsk,9,n_tsk,10,2,10,5,0.5,0.5,0.7,0.6,1.0,0.5,48.300008,40,30,46.000003,69.000011,21.400002,1,1,1009,0,heuristic_v4,solved,1,53.398266,48.299985,1.105554,0.008946,,,0.008946,0.010832,3,0,0
n_tsk\set09\n_tsk_12.py,n_tsk,9,n_tsk,12,2,12,5,0.5,0.5,0.7,0.6,1.0,0.5,48.299997,40,38,45.999998,68.999995,21.399999,1,1,1009,0,heuristic_v4,solved,1,53.074175,48.281949,1.099255,0.036512,,,0.036512,0.03747,3,0,0
n_tsk\set09\n_tsk_16.py,n_tsk,9,n_tsk,16,2,16,5,0.5,0.5,0.7,0.6,1.0,0.5,48.299997,40,46,46.000002,68.999995,21.400001,1,1,1009,0,heuristic_v4,solved,1,59.95022,48.298964,1.241232,0.023036,,,0.023036,0.025424,3,0,0
n_tsk\set09\n_tsk_20.py,n_tsk,9,n_tsk,20,2,20,5,0.5,0.5,0.7,0.6,1.0,0.5,48.300013,40,56,46.000002,69.000018,21.400001,1,1,1009,0,heuristic_v4,solved,1,53.540838,47.965292,1.116241,0.034917,,,0.034917,0.035846,3,0,0
n_tsk\set09\n_tsk_26.py,n_tsk,9,n_tsk,26,2,26,5,0.5,0.5,0.7,0.6,1.0,0.5,48.299999,40,70,45.999994,68.999999,21.399997,1,1,1009,0,heuristic_v4,solved,1,57.685778,48.298032,1.194371,0.130527,,,0.130527,0.139142,3,0,0
n_tsk\set00\n_tsk_4.py,n_tsk,0,n_tsk,4,2,4,5,0.5,0.5,0.7,0.6,1.0,0.5,48.300005,40,11,45.999999,69.000007,22.042857,1,1,1000,0,heuristic_v5a,solved,1,23.591694,47.730931,0.494264,0.002798,,,0.002798,0.006537,3,0,0
n_tsk\set00\n_tsk_6.py,n_tsk,0,n_tsk,6,2,6,5,0.5,0.5,0.7,0.6,1.0,0.5,48.299998,40,17,46.000002,68.999997,22.042858,1,1,1000,0,heuristic_v5a,solved,1,53.555074,47.929883,1.117363,0.002498,,,0.002498,0.002636,3,0,0
n_tsk\set00\n_tsk_8.py,n_tsk,0,n_tsk,8,2,8,5,0.5,0.5,0.7,0.6,1.0,0.5,48.300002,40,20,45.999999,69.000003,22.042857,1,1,1000,0,heuristic_v5a,solved,1,60.354797,47.648153,1.266677,0.005098,,,0.005098,0.005548,3,0,0
n_tsk\set00\n_tsk_10.py,n_tsk,0,n_tsk,10,2,10,5,0.5,0.5,0.7,0.6,1.0,0.5,48.299998,40,28,46.0,68.999997,22.042857,1,1,1000,0,heuristic_v5a,solved,1,78.858488,48.16701,1.637189,0.005024,,,0.005024,0.005622,3,0,0
n_tsk\set00\n_tsk_12.py,n_tsk,0,n_tsk,12,2,12,5,0.5,0.5,0.7,0.6,1.0,0.5,48.299998,40,33,45.999994,68.999997,22.042854,1,1,1000,0,heuristic_v5a,solved,1,79.393402,48.036936,1.652757,0.00577,,,0.00577,0.006993,3,0,0
n_tsk\set00\n_tsk_16.py,n_tsk,0,n_tsk,16,2,16,5,0.5,0.5,0.7,0.6,1.0,0.5,48.300007,40,42,46.000008,69.00001,22.042861,1,1,1000,0,heuristic_v5a,solved,1,52.182657,48.2611,1.081257,0.013634,,,0.013634,0.014908,3,0,0
n_tsk\set00\n_tsk_20.py,n_tsk,0,n_tsk,20,2,20,5,0.5,0.5,0.7,0.6,1.0,0.5,48.300005,40,50,46.000009,69.000007,22.042862,1,1,1000,0,heuristic_v5a,solved,1,66.299404,48.257345,1.373872,0.018021,,,0.018021,0.01906,3,0,0
n_tsk\set00\n_tsk_26.py,n_tsk,0,n_tsk,26,2,26,5,0.5,0.5,0.7,0.6,1.0,0.5,48.299995,40,64,46.000012,68.999993,22.042863,1,1,1000,0,heuristic_v5a,solved,1,64.40715,48.22332,1.335602,0.035971,,,0.035971,0.037944,3,0,0
n_tsk\set01\n_tsk_4.py,n_tsk,1,n_tsk,4,2,4,5,0.5,0.5,0.7,0.6,1.0,0.5,48.299999,40,11,46.000002,68.999999,21.433334,1,1,1001,0,heuristic_v5a,solved,1,45.16792,48.29345,0.93528,0.001909,,,0.001909,0.002324,3,0,0
n_tsk\set01\n_tsk_6.py,n_tsk,1,n_tsk,6,2,6,5,0.5,0.5,0.7,0.6,1.0,0.5,48.300002,40,14,46.000001,69.000003,21.433334,1,1,1001,0,heuristic_v5a,solved,1,58.827927,47.993662,1.225744,0.004423,,,0.004423,0.005028,3,0,0
n_tsk\set01\n_tsk_8.py,n_tsk,1,n_tsk,8,2,8,5,0.5,0.5,0.7,0.6,1.0,0.5,48.299996,40,17,45.999995,68.999994,21.433331,1,1,1001,0,heuristic_v5a,solved,1,43.350608,48.281646,0.897869,0.004142,,,0.004142,0.004502,3,0,0
n_tsk\set01\n_tsk_10.py,n_tsk,1,n_tsk,10,2,10,5,0.5,0.5,0.7,0.6,1.0,0.5,48.299995,40,20,45.999995,68.999993,21.433331,1,1,1001,0,heuristic_v5a,solved,1,53.723926,48.159769,1.115535,0.003494,,,0.003494,0.004235,3,0,0
n_tsk\set01\n_tsk_12.py,n_tsk,1,n_tsk,12,2,12,5,0.5,0.5,0.7,0.6,1.0,0.5,48.299996,40,25,45.999998,68.999994,21.433332,1,1,1001,0,heuristic_v5a,solved,1,55.212368,48.298941,1.143138,0.006548,,,0.006548,0.006822,3,0,0
n_tsk\set01\n_tsk_16.py,n_tsk,1,n_tsk,16,2,16,5,0.5,0.5,0.7,0.6,1.0,0.5,48.300002,40,35,46.000001,69.000002,21.433334,1,1,1001,0,heuristic_v5a,solved,1,51.387249,48.298353,1.063954,0.02042,,,0.02042,0.021821,3,0,0
n_tsk\set01\n_tsk_20.py,n_tsk,1,n_tsk,20,2,20,5,0.5,0.5,0.7,0.6,1.0,0.5,48.300002,40,40,46.000001,69.000003,21.433334,1,1,1001,0,heuristic_v5a,solved,1,51.26219,48.298319,1.061366,0.026947,,,0.026947,0.028751,3,0,0
n_tsk\set01\n_tsk_26.py,n_tsk,1,n_tsk,26,2,26,5,0.5,0.5,0.7,0.6,1.0,0.5,48.299994,40,49,45.999999,68.999991,21.433333,1,1,1001,0,heuristic_v5a,solved,1,47.41262,48.287653,0.981879,0.093744,,,0.093744,0.094661,3,0,0
n_tsk\set02\n_tsk_4.py,n_tsk,2,n_tsk,4,2,4,5,0.5,0.5,0.7,0.6,1.0,0.5,48.299998,40,9,46.0,68.999997,21.4,1,1,1002,0,heuristic_v5a,solved,1,54.195576,47.970807,1.129762,0.001036,,,0.001036,0.001296,3,0,0
n_tsk\set02\n_tsk_6.py,n_tsk,2,n_tsk,6,2,6,5,0.5,0.5,0.7,0.6,1.0,0.5,48.299997,40,15,45.999998,68.999995,21.399999,1,1,1002,0,heuristic_v5a,solved,1,62.010037,46.423644,1.335743,0.001926,,,0.001926,0.002564,3,0,0
n_tsk\set02\n_tsk_8.py,n_tsk,2,n_tsk,8,2,8,5,0.5,0.5,0.7,0.6,1.0,0.5,48.299998,40,17,46.000001,68.999997,21.400001,1,1,1002,0,heuristic_v5a,solved,1,61.321093,48.255808,1.270751,0.006142,,,0.006142,0.006313,3,0,0
n_tsk\set02\n_tsk_10.py,n_tsk,2,n_tsk,10,2,10,5,0.5,0.5,0.7,0.6,1.0,0.5,48.300002,40,22,45.999998,69.000003,21.399999,1,1,1002,0,heuristic_v5a,solved,1,53.154614,47.416038,1.121026,0.002914,,,0.002914,0.003295,3,0,0
n_tsk\set02\n_tsk_12.py,n_tsk,2,n_tsk,12,2,12,5,0.5,0.5,0.7,0.6,1.0,0.5,48.300001,40,25,46.0,69.000001,21.4,1,1,1002,0,heuristic_v5a,solved,1,66.649326,48.263238,1.380954,0.003666,,,0.003666,0.004344,3,0,0
n_tsk\set02\n_tsk_16.py,n_tsk,2,n_tsk,16,2,16,5,0.5,0.5,0.7,0.6,1.0,0.5,48.300003,40,38,46.0,69.000005,21.4,1,1,1002,0,heuristic_v5a,solved,1,68.840728,48.290043,1.425568,0.008598,,,0.008598,0.008985,3,0,0
n_tsk\set02\n_tsk_20.py,n_tsk,2,n_tsk,20,2,20,5,0.5,0.5,0.7,0.6,1.0,0.5,48.299997,40,49,46.000008,68.999995,21.400004,1,1,1002,0,heuristic_v5a,solved,1,65.554528,48.261882,1.358309,0.023192,,,0.023192,0.025429,3,0,0
n_tsk\set02\n_tsk_26.py,n_tsk,2,n_tsk,26,2,26,5,0.5,0.5,0.7,0.6,1.0,0.5,48.30001,40,62,46.000003,69.000015,21.400002,1,1,1002,0,heuristic_v5a,solved,1,69.240778,48.265146,1.434592,0.018616,,,0.018616,0.019668,3,0,0
n_tsk\set03\n_tsk_4.py,n_tsk,3,n_tsk,4,2,4,5,0.5,0.5,0.7,0.6,1.0,0.5,48.299999,40,8,45.999999,68.999999,21.433333,1,1,1003,0,heuristic_v5a,solved,1,32.933085,47.759668,0.689558,0.000942,,,0.000942,0.001207,3,0,0
n_tsk\set03\n_tsk_6.py,n_tsk,3,n_tsk,6,2,6,5,0.5,0.5,0.7,0.6,1.0,0.5,48.299999,40,12,46.0,68.999999,21.433333,1,1,1003,0,heuristic_v5a,solved,1,40.854834,47.935613,0.852286,0.001913,,,0.001913,0.002049,3,0,0
n_tsk\set03\n_tsk_8.py,n_tsk,3,n_tsk,8,2,8,5,0.5,0.5,0.7,0.6,1.0,0.5,48.299998,40,17,45.999999,68.999998,21.433333,1,1,1003,0,heuristic_v5a,solved,1,42.709919,48.22908,0.885564,0.003512,,,0.003512,0.004063,3,0,0
n_tsk\set03\n_tsk_10.py,n_tsk,3,n_tsk,10,2,10,5,0.5,0.5,0.7,0.6,1.0,0.5,48.299994,40,23,46.000002,68.999991,21.433334,1,1,1003,0,heuristic_v5a,solved,1,51.859116,48.268284,1.074393,0.004476,,,0.004476,0.005129,3,0,0
n_tsk\set03\n_tsk_12.py,n_tsk,3,n_tsk,12,2,12,5,0.5,0.5,0.7,0.6,1.0,0.5,48.299994,40,26,46.000001,68.999991,21.433334,1,1,1003,0,heuristic_v5a,solved,1,64.438359,48.286801,1.334492,0.004829,,,0.004829,0.00578,3,0,0
n_tsk\set03\n_tsk_16.py,n_tsk,3,n_tsk,16,2,16,5,0.5,0.5,0.7,0.6,1.0,0.5,48.300008,40,35,46.000009,69.000011,21.433338,1,1,1003,0,heuristic_v5a,solved,1,59.628915,48.25837,1.235618,0.008376,,,0.008376,0.009149,3,0,0
n_tsk\set03\n_tsk_20.py,n_tsk,3,n_tsk,20,2,20,5,0.5,0.5,0.7,0.6,1.0,0.5,48.300003,40,40,46.000003,69.000005,21.433335,1,1,1003,0,heuristic_v5a,solved,1,58.965233,48.28481,1.221196,0.008314,,,0.008314,0.009178,3,0,0
n_tsk\set03\n_tsk_26.py,n_tsk,3,n_tsk,26,2,26,5,0.5,0.5,0.7,0.6,1.0,0.5,48.299991,40,52,45.999998,68.999987,21.433332,1,1,1003,0,heuristic_v5a,solved,1,72.960727,48.295788,1.510706,0.018509,,,0.018509,0.01983,3,0,0
n_tsk\set04\n_tsk_4.py,n_tsk,4,n_tsk,4,2,4,5,0.5,0.5,0.7,0.6,1.0,0.5,48.300002,40,11,46.000001,69.000002,22.042858,1,1,1004,0,heuristic_v5a,solved,1,44.89498,48.099888,0.93337,0.001422,,,0.001422,0.002175,3,0,0
n_tsk\set04\n_tsk_6.py,n_tsk,4,n_tsk,6,2,6,5,0.5,0.5,0.7,0.6,1.0,0.5,48.3,40,14,46.000002,69.0,22.042858,1,1,1004,0,heuristic_v5a,solved,1,47.777685,47.74383,1.000709,0.001493,,,0.001493,0.001646,3,0,0
n_tsk\set04\n_tsk_8.py,n_tsk,4,n_tsk,8,2,8,5,0.5,0.5,0.7,0.6,1.0,0.5,48.299998,40,19,45.999994,68.999997,22.042854,1,1,1004,0,heuristic_v5a,solved,1,58.267033,48.248447,1.207646,0.003127,,,0.003127,0.004194,3,0,0
n_tsk\set04\n_tsk_10.py,n_tsk,4,n_tsk,10,2,10,5,0.5,0.5,0.7,0.6,1.0,0.5,48.3,40,24,46.0,69.0,22.042857,1,1,1004,0,heuristic_v5a,solved,1,56.85833,48.113526,1.181754,0.004605,,,0.004605,0.005225,3,0,0
n_tsk\set04\n_tsk_12.py,n_tsk,4,n_tsk,12,2,12,5,0.5,0.5,0.7,0.6,1.0,0.5,48.300003,40,27,46.000003,69.000005,22.042859,1,1,1004,0,heuristic_v5a,solved,1,41.246643,48.25234,0.854811,0.009173,,,0.009173,0.010066,3,0,0
n_tsk\set04\n_tsk_16.py,n_tsk,4,n_tsk,16,2,16,5,0.5,0.5,0.7,0.6,1.0,0.5,48.299998,40,37,46.000002,68.999997,22.042858,1,1,1004,0,heuristic_v5a,solved,1,62.838966,48.297548,1.30108,0.01,,,0.01,0.011661,3,0,0
n_tsk\set04\n_tsk_20.py,n_tsk,4,n_tsk,20,2,20,5,0.5,0.5,0.7,0.6,1.0,0.5,48.300007,40,50,46.000002,69.00001,22.042858,1,1,1004,0,heuristic_v5a,solved,1,51.52714,46.084374,1.118104,0.011277,,,0.011277,0.011814,3,0,0
n_tsk\set04\n_tsk_26.py,n_tsk,4,n_tsk,26,2,26,5,0.5,0.5,0.7,0.6,1.0,0.5,48.300001,40,67,46.000002,69.000001,22.042858,1,1,1004,0,heuristic_v5a,solved,1,48.178676,48.277369,0.997956,0.028319,,,0.028319,0.031952,3,0,0
n_tsk\set05\n_tsk_4.py,n_tsk,5,n_tsk,4,2,4,5,0.5,0.5,0.7,0.6,1.0,0.5,48.300002,40,9,46.000001,69.000002,24.400001,1,1,1005,0,heuristic_v5a,solved,1,60.439603,45.400842,1.331244,0.001064,,,0.001064,0.001165,3,0,0
n_tsk\set05\n_tsk_6.py,n_tsk,5,n_tsk,6,2,6,5,0.5,0.5,0.7,0.6,1.0,0.5,48.299994,40,11,45.999999,68.999992,24.399999,1,1,1005,0,heuristic_v5a,solved,1,64.514684,48.219478,1.337938,0.001623,,,0.001623,0.001685,3,0,0
n_tsk\set05\n_tsk_8.py,n_tsk,5,n_tsk,8,2,8,5,0.5,0.5,0.7,0.6,1.0,0.5,48.300005,40,17,46.000005,69.000007,24.400002,1,1,1005,0,heuristic_v5a,solved,1,44.802451,48.289968,0.92778,0.002356,,,0.002356,0.00272,3,0,0
n_tsk\set05\n_tsk_10.py,n_tsk,5,n_tsk,10,2,10,5,0.5,0.5,0.7,0.6,1.0,0.5,48.29999,40,22,46.000001,68.999985,24.400001,1,1,1005,0,heuristic_v5a,solved,1,29.741123,48.21144,0.616889,0.00364,,,0.00364,0.004547,3,0,0
n_tsk\set05\n_tsk_12.py,n_tsk,5,n_tsk,12,2,12,5,0.5,0.5,0.7,0.6,1.0,0.5,48.299998,40,26,46.000002,68.999997,24.400001,1,1,1005,0,heuristic_v5a,solved,1,51.423206,48.275013,1.065214,0.007208,,,0.007208,0.007514,3,0,0
n_tsk\set05\n_tsk_16.py,n_tsk,5,n_tsk,16,2,16,5,0.5,0.5,0.7,0.6,1.0,0.5,48.300005,40,36,46.000002,69.000007,24.400001,1,1,1005,0,heuristic_v5a,solved,1,46.368094,48.202811,0.961938,0.012623,,,0.012623,0.013446,3,0,0
n_tsk\set05\n_tsk_20.py,n_tsk,5,n_tsk,20,2,20,5,0.5,0.5,0.7,0.6,1.0,0.5,48.299994,40,47,46.000002,68.999991,24.400001,1,1,1005,0,heuristic_v5a,solved,1,52.649195,47.740554,1.102819,0.014501,,,0.014501,0.015588,3,0,0
n_tsk\set05\n_tsk_26.py,n_tsk,5,n_tsk,26,2,26,5,0.5,0.5,0.7,0.6,1.0,0.5,48.300012,40,65,46.0,69.000017,24.4,1,1,1005,0,heuristic_v5a,solved,1,56.55176,48.259992,1.171815,0.024585,,,0.024585,0.025846,3,0,0
n_tsk\set06\n_tsk_4.py,n_tsk,6,n_tsk,4,2,4,5,0.5,0.5,0.7,0.6,1.0,0.5,48.300002,40,8,46.0,69.000003,21.433333,1,1,1006,0,heuristic_v5a,solved,1,22.214182,47.353329,0.469116,0.001043,,,0.001043,0.001515,3,0,0
n_tsk\set06\n_tsk_6.py,n_tsk,6,n_tsk,6,2,6,5,0.5,0.5,0.7,0.6,1.0,0.5,48.300002,40,11,46.0,69.000002,21.433333,1,1,1006,0,heuristic_v5a,solved,1,35.289868,47.929587,0.736286,0.001971,,,0.001971,0.002049,3,0,0
n_tsk\set06\n_tsk_8.py,n_tsk,6,n_tsk,8,2,8,5,0.5,0.5,0.7,0.6,1.0,0.5,48.299995,40,19,45.999997,68.999993,21.433332,1,1,1006,0,heuristic_v5a,solved,1,43.462716,48.257218,0.900647,0.003205,,,0.003205,0.003569,3,0,0
n_tsk\set06\n_tsk_10.py,n_tsk,6,n_tsk,10,2,10,5,0.5,0.5,0.7,0.6,1.0,0.5,48.300002,40,22,46.0,69.000003,21.433333,1,1,1006,0,heuristic_v5a,solved,1,64.290935,48.069633,1.337454,0.006986,,,0.006986,0.007896,3,0,0
n_tsk\set06\n_tsk_12.py,n_tsk,6,n_tsk,12,2,12,5,0.5,0.5,0.7,0.6,1.0,0.5,48.299996,40,27,45.999993,68.999994,21.43333,1,1,1006,0,heuristic_v5a,solved,1,57.831453,45.85566,1.261163,0.004002,,,0.004002,0.004667,3,0,0
n_tsk\set06\n_tsk_16.py,n_tsk,6,n_tsk,16,2,16,5,0.5,0.5,0.7,0.6,1.0,0.5,48.300001,40,38,45.999997,69.000001,21.433332,1,1,1006,0,heuristic_v5a,solved,1,50.741252,48.068426,1.055605,0.01461,,,0.01461,0.015062,3,0,0
n_tsk\set06\n_tsk_20.py,n_tsk,6,n_tsk,20,2,20,5,0.5,0.5,0.7,0.6,1.0,0.5,48.30001,40,50,46.000007,69.000015,21.433337,1,1,1006,0,heuristic_v5a,solved,1,53.828554,48.299028,1.114485,0.03071,,,0.03071,0.03303,3,0,0
n_tsk\set06\n_tsk_26.py,n_tsk,6,n_tsk,26,2,26,5,0.5,0.5,0.7,0.6,1.0,0.5,48.299994,40,64,46.000002,68.999992,21.433334,1,1,1006,0,heuristic_v5a,solved,1,69.246545,48.278921,1.434302,0.049059,,,0.049059,0.052674,3,0,0
n_tsk\set07\n_tsk_4.py,n_tsk,7,n_tsk,4,2,4,5,0.5,0.5,0.7,0.6,1.0,0.5,48.300002,40,8,46.0,69.000002,21.4,1,1,1007,0,heuristic_v5a,solved,1,77.622727,47.87978,1.621201,0.001368,,,0.001368,0.001503,3,0,0
n_tsk\set07\n_tsk_6.py,n_tsk,7,n_tsk,6,2,6,5,0.5,0.5,0.7,0.6,1.0,0.5,48.299999,40,13,45.999999,68.999999,21.399999,1,1,1007,0,heuristic_v5a,solved,1,52.934208,48.27737,1.09646,0.001748,,,0.001748,0.002439,3,0,0
n_tsk\set07\n_tsk_8.py,n_tsk,7,n_tsk,8,2,8,5,0.5,0.5,0.7,0.6,1.0,0.5,48.299997,40,18,45.999999,68.999995,21.399999,1,1,1007,0,heuristic_v5a,solved,1,45.052095,48.04891,0.93763,0.003443,,,0.003443,0.003515,3,0,0
n_tsk\set07\n_tsk_10.py,n_tsk,7,n_tsk,10,2,10,5,0.5,0.5,0.7,0.6,1.0,0.5,48.299998,40,23,45.999999,68.999997,21.399999,1,1,1007,0,heuristic_v5a,solved,1,72.998143,47.082512,1.55043,0.004723,,,0.004723,0.005284,3,0,0
n_tsk\set07\n_tsk_12.py,n_tsk,7,n_tsk,12,2,12,5,0.5,0.5,0.7,0.6,1.0,0.5,48.299998,40,28,45.999997,68.999998,21.399998,1,1,1007,0,heuristic_v5a,solved,1,56.063154,48.295538,1.160835,0.008476,,,0.008476,0.009984,3,0,0
n_tsk\set07\n_tsk_16.py,n_tsk,7,n_tsk,16,2,16,5,0.5,0.5,0.7,0.6,1.0,0.5,48.299995,40,37,45.999994,68.999993,21.399997,1,1,1007,0,heuristic_v5a,solved,1,66.494299,48.221832,1.378925,0.009801,,,0.009801,0.010244,3,0,0
n_tsk\set07\n_tsk_20.py,n_tsk,7,n_tsk,20,2,20,5,0.5,0.5,0.7,0.6,1.0,0.5,48.300002,40,47,46.000003,69.000002,21.400002,1,1,1007,0,heuristic_v5a,solved,1,44.699867,47.103017,0.948981,0.013766,,,0.013766,0.01621,3,0,0
n_tsk\set07\n_tsk_26.py,n_tsk,7,n_tsk,26,2,26,5,0.5,0.5,0.7,0.6,1.0,0.5,48.300007,40,66,46.000003,69.00001,21.400002,1,1,1007,0,heuristic_v5a,solved,1,56.342537,47.651909,1.182377,0.026032,,,0.026032,0.027367,3,0,0
n_tsk\set08\n_tsk_4.py,n_tsk,8,n_tsk,4,2,4,5,0.5,0.5,0.7,0.6,1.0,0.5,48.299998,40,8,46.0,68.999997,22.042857,1,1,1008,0,heuristic_v5a,solved,1,52.947522,48.235666,1.097684,0.000811,,,0.000811,0.000954,3,0,0
n_tsk\set08\n_tsk_6.py,n_tsk,8,n_tsk,6,2,6,5,0.5,0.5,0.7,0.6,1.0,0.5,48.299998,40,13,45.999998,68.999997,22.042856,1,1,1008,0,heuristic_v5a,solved,1,41.730712,48.279838,0.864351,0.0016,,,0.0016,0.00172,3,0,0
n_tsk\set08\n_tsk_8.py,n_tsk,8,n_tsk,8,2,8,5,0.5,0.5,0.7,0.6,1.0,0.5,48.299998,40,15,45.999998,68.999997,22.042856,1,1,1008,0,heuristic_v5a,solved,1,57.650159,48.144128,1.197449,0.001772,,,0.001772,0.002267,3,0,0
n_tsk\set08\n_tsk_10.py,n_tsk,8,n_tsk,10,2,10,5,0.5,0.5,0.7,0.6,1.0,0.5,48.299997,40,20,45.999995,68.999995,22.042855,1,1,1008,0,heuristic_v5a,solved,1,59.384003,48.241883,1.230964,0.00385,,,0.00385,0.004095,3,0,0
n_tsk\set08\n_tsk_12.py,n_tsk,8,n_tsk,12,2,12,5,0.5,0.5,0.7,0.6,1.0,0.5,48.299998,40,23,46.000001,68.999998,22.042858,1,1,1008,0,heuristic_v5a,solved,1,43.522062,48.234659,0.902299,0.005126,,,0.005126,0.006075,3,0,0
n_tsk\set08\n_tsk_16.py,n_tsk,8,n_tsk,16,2,16,5,0.5,0.5,0.7,0.6,1.0,0.5,48.300005,40,32,46.000005,69.000007,22.042859,1,1,1008,0,heuristic_v5a,solved,1,48.498084,48.294694,1.004211,0.012747,,,0.012747,0.014642,3,0,0
n_tsk\set08\n_tsk_20.py,n_tsk,8,n_tsk,20,2,20,5,0.5,0.5,0.7,0.6,1.0,0.5,48.300006,40,43,46.0,69.000008,22.042857,1,1,1008,0,heuristic_v5a,solved,1,55.018087,48.284409,1.139459,0.00897,,,0.00897,0.009461,3,0,0
n_tsk\set08\n_tsk_26.py,n_tsk,8,n_tsk,26,2,26,5,0.5,0.5,0.7,0.6,1.0,0.5,48.299986,40,64,45.999992,68.999979,22.042853,1,1,1008,0,heuristic_v5a,solved,1,53.22716,48.291941,1.102196,0.018635,,,0.018635,0.020133,3,0,0
n_tsk\set09\n_tsk_4.py,n_tsk,9,n_tsk,4,2,4,5,0.5,0.5,0.7,0.6,1.0,0.5,48.3,40,11,46.000001,69.0,21.400001,1,1,1009,0,heuristic_v5a,solved,1,72.901921,47.701223,1.528303,0.00171,,,0.00171,0.001817,3,0,0
n_tsk\set09\n_tsk_6.py,n_tsk,9,n_tsk,6,2,6,5,0.5,0.5,0.7,0.6,1.0,0.5,48.3,40,16,46.000003,69.0,21.400002,1,1,1009,0,heuristic_v5a,solved,1,46.45018,48.078653,0.966129,0.002251,,,0.002251,0.002704,3,0,0
n_tsk\set09\n_tsk_8.py,n_tsk,9,n_tsk,8,2,8,5,0.5,0.5,0.7,0.6,1.0,0.5,48.3,40,22,45.999999,69.0,21.399999,1,1,1009,0,heuristic_v5a,solved,1,54.610838,47.062011,1.160402,0.004074,,,0.004074,0.004519,3,0,0
n_tsk\set09\n_tsk_10.py,n_tsk,9,n_tsk,10,2,10,5,0.5,0.5,0.7,0.6,1.0,0.5,48.300008,40,30,46.000003,69.000011,21.400002,1,1,1009,0,heuristic_v5a,solved,1,53.398266,48.299985,1.105554,0.009391,,,0.009391,0.010318,3,0,0
n_tsk\set09\n_tsk_12.py,n_tsk,9,n_tsk,12,2,12,5,0.5,0.5,0.7,0.6,1.0,0.5,48.299997,40,38,45.999998,68.999995,21.399999,1,1,1009,0,heuristic_v5a,solved,1,52.103337,48.186005,1.081296,0.047036,,,0.047036,0.049315,3,0,0
n_tsk\set09\n_tsk_16.py,n_tsk,9,n_tsk,16,2,16,5,0.5,0.5,0.7,0.6,1.0,0.5,48.299997,40,46,46.000002,68.999995,21.400001,1,1,1009,0,heuristic_v5a,solved,1,59.95022,48.298964,1.241232,0.02366,,,0.02366,0.024577,3,0,0
n_tsk\set09\n_tsk_20.py,n_tsk,9,n_tsk,20,2,20,5,0.5,0.5,0.7,0.6,1.0,0.5,48.300013,40,56,46.000002,69.000018,21.400001,1,1,1009,0,heuristic_v5a,solved,1,53.046296,48.298102,1.09831,0.016224,,,0.016224,0.016739,3,0,0
n_tsk\set09\n_tsk_26.py,n_tsk,9,n_tsk,26,2,26,5,0.5,0.5,0.7,0.6,1.0,0.5,48.299999,40,70,45.999994,68.999999,21.399997,1,1,1009,0,heuristic_v5a,solved,1,56.066045,48.294586,1.160918,0.115886,,,0.115886,0.117454,3,0,0
n_tsk\set00\n_tsk_4.py,n_tsk,0,n_tsk,4,2,4,5,0.5,0.5,0.7,0.6,1.0,0.5,48.300005,40,11,45.999999,69.000007,22.042857,1,1,1000,0,heuristic_v5b,solved,1,23.591694,47.730931,0.494264,0.002716,,,0.002716,0.007147,3,0,0
n_tsk\set00\n_tsk_6.py,n_tsk,0,n_tsk,6,2,6,5,0.5,0.5,0.7,0.6,1.0,0.5,48.299998,40,17,46.000002,68.999997,22.042858,1,1,1000,0,heuristic_v5b,solved,1,53.555074,47.929883,1.117363,0.002578,,,0.002578,0.00346,3,0,0
n_tsk\set00\n_tsk_8.py,n_tsk,0,n_tsk,8,2,8,5,0.5,0.5,0.7,0.6,1.0,0.5,48.300002,40,20,45.999999,69.000003,22.042857,1,1,1000,0,heuristic_v5b,solved,1,60.354797,47.648153,1.266677,0.005217,,,0.005217,0.005637,3,0,0
n_tsk\set00\n_tsk_10.py,n_tsk,0,n_tsk,10,2,10,5,0.5,0.5,0.7,0.6,1.0,0.5,48.299998,40,28,46.0,68.999997,22.042857,1,1,1000,0,heuristic_v5b,solved,1,72.775937,48.258274,1.508051,0.005591,,,0.005591,0.005843,3,0,0
n_tsk\set00\n_tsk_12.py,n_tsk,0,n_tsk,12,2,12,5,0.5,0.5,0.7,0.6,1.0,0.5,48.299998,40,33,45.999994,68.999997,22.042854,1,1,1000,0,heuristic_v5b,solved,1,79.393402,48.211659,1.646768,0.007098,,,0.007098,0.007283,3,0,0
n_tsk\set00\n_tsk_16.py,n_tsk,0,n_tsk,16,2,16,5,0.5,0.5,0.7,0.6,1.0,0.5,48.300007,40,42,46.000008,69.00001,22.042861,1,1,1000,0,heuristic_v5b,solved,1,53.514817,48.244524,1.109241,0.017363,,,0.017363,0.017637,3,0,0
n_tsk\set00\n_tsk_20.py,n_tsk,0,n_tsk,20,2,20,5,0.5,0.5,0.7,0.6,1.0,0.5,48.300005,40,50,46.000009,69.000007,22.042862,1,1,1000,0,heuristic_v5b,solved,1,64.700894,48.298607,1.339602,0.022587,,,0.022587,0.024514,3,0,0
n_tsk\set00\n_tsk_26.py,n_tsk,0,n_tsk,26,2,26,5,0.5,0.5,0.7,0.6,1.0,0.5,48.299995,40,64,46.000012,68.999993,22.042863,1,1,1000,0,heuristic_v5b,solved,1,64.40715,48.22332,1.335602,0.035048,,,0.035048,0.037559,3,0,0
n_tsk\set01\n_tsk_4.py,n_tsk,1,n_tsk,4,2,4,5,0.5,0.5,0.7,0.6,1.0,0.5,48.299999,40,11,46.000002,68.999999,21.433334,1,1,1001,0,heuristic_v5b,solved,1,45.16792,48.29345,0.93528,0.002007,,,0.002007,0.002212,3,0,0
n_tsk\set01\n_tsk_6.py,n_tsk,1,n_tsk,6,2,6,5,0.5,0.5,0.7,0.6,1.0,0.5,48.300002,40,14,46.000001,69.000003,21.433334,1,1,1001,0,heuristic_v5b,solved,1,58.827927,47.993662,1.225744,0.004676,,,0.004676,0.005176,3,0,0
n_tsk\set01\n_tsk_8.py,n_tsk,1,n_tsk,8,2,8,5,0.5,0.5,0.7,0.6,1.0,0.5,48.299996,40,17,45.999995,68.999994,21.433331,1,1,1001,0,heuristic_v5b,solved,1,43.350608,48.281646,0.897869,0.004363,,,0.004363,0.004688,3,0,0
n_tsk\set01\n_tsk_10.py,n_tsk,1,n_tsk,10,2,10,5,0.5,0.5,0.7,0.6,1.0,0.5,48.299995,40,20,45.999995,68.999993,21.433331,1,1,1001,0,heuristic_v5b,solved,1,53.723926,48.161527,1.115495,0.003255,,,0.003255,0.004029,3,0,0
n_tsk\set01\n_tsk_12.py,n_tsk,1,n_tsk,12,2,12,5,0.5,0.5,0.7,0.6,1.0,0.5,48.299996,40,25,45.999998,68.999994,21.433332,1,1,1001,0,heuristic_v5b,solved,1,52.90352,48.299684,1.095318,0.005086,,,0.005086,0.005441,3,0,0
n_tsk\set01\n_tsk_16.py,n_tsk,1,n_tsk,16,2,16,5,0.5,0.5,0.7,0.6,1.0,0.5,48.300002,40,35,46.000001,69.000002,21.433334,1,1,1001,0,heuristic_v5b,solved,1,51.387249,48.298353,1.063954,0.02098,,,0.02098,0.022847,3,0,0
n_tsk\set01\n_tsk_20.py,n_tsk,1,n_tsk,20,2,20,5,0.5,0.5,0.7,0.6,1.0,0.5,48.300002,40,40,46.000001,69.000003,21.433334,1,1,1001,0,heuristic_v5b,solved,1,52.270359,48.0491,1.087853,0.032569,,,0.032569,0.034143,3,0,0
n_tsk\set01\n_tsk_26.py,n_tsk,1,n_tsk,26,2,26,5,0.5,0.5,0.7,0.6,1.0,0.5,48.299994,40,49,45.999999,68.999991,21.433333,1,1,1001,0,heuristic_v5b,solved,1,47.41262,48.287653,0.981879,0.093169,,,0.093169,0.096215,3,0,0
n_tsk\set02\n_tsk_4.py,n_tsk,2,n_tsk,4,2,4,5,0.5,0.5,0.7,0.6,1.0,0.5,48.299998,40,9,46.0,68.999997,21.4,1,1,1002,0,heuristic_v5b,solved,1,54.195576,47.970807,1.129762,0.001404,,,0.001404,0.001483,3,0,0
n_tsk\set02\n_tsk_6.py,n_tsk,2,n_tsk,6,2,6,5,0.5,0.5,0.7,0.6,1.0,0.5,48.299997,40,15,45.999998,68.999995,21.399999,1,1,1002,0,heuristic_v5b,solved,1,56.307932,48.287965,1.166086,0.005024,,,0.005024,0.006256,3,0,0
n_tsk\set02\n_tsk_8.py,n_tsk,2,n_tsk,8,2,8,5,0.5,0.5,0.7,0.6,1.0,0.5,48.299998,40,17,46.000001,68.999997,21.400001,1,1,1002,0,heuristic_v5b,solved,1,61.321093,48.255808,1.270751,0.005937,,,0.005937,0.006385,3,0,0
n_tsk\set02\n_tsk_10.py,n_tsk,2,n_tsk,10,2,10,5,0.5,0.5,0.7,0.6,1.0,0.5,48.300002,40,22,45.999998,69.000003,21.399999,1,1,1002,0,heuristic_v5b,solved,1,53.154614,47.416038,1.121026,0.002923,,,0.002923,0.003557,3,0,0
n_tsk\set02\n_tsk_12.py,n_tsk,2,n_tsk,12,2,12,5,0.5,0.5,0.7,0.6,1.0,0.5,48.300001,40,25,46.0,69.000001,21.4,1,1,1002,0,heuristic_v5b,solved,1,66.649326,48.263238,1.380954,0.003854,,,0.003854,0.004862,3,0,0
n_tsk\set02\n_tsk_16.py,n_tsk,2,n_tsk,16,2,16,5,0.5,0.5,0.7,0.6,1.0,0.5,48.300003,40,38,46.0,69.000005,21.4,1,1,1002,0,heuristic_v5b,solved,1,69.076074,48.278263,1.43079,0.008349,,,0.008349,0.00871,3,0,0
n_tsk\set02\n_tsk_20.py,n_tsk,2,n_tsk,20,2,20,5,0.5,0.5,0.7,0.6,1.0,0.5,48.299997,40,49,46.000008,68.999995,21.400004,1,1,1002,0,heuristic_v5b,solved,1,65.554528,48.261882,1.358309,0.02474,,,0.02474,0.026098,3,0,0
n_tsk\set02\n_tsk_26.py,n_tsk,2,n_tsk,26,2,26,5,0.5,0.5,0.7,0.6,1.0,0.5,48.30001,40,62,46.000003,69.000015,21.400002,1,1,1002,0,heuristic_v5b,solved,1,69.240778,48.265146,1.434592,0.019087,,,0.019087,0.019665,3,0,0
n_tsk\set03\n_tsk_4.py,n_tsk,3,n_tsk,4,2,4,5,0.5,0.5,0.7,0.6,1.0,0.5,48.299999,40,8,45.999999,68.999999,21.433333,1,1,1003,0,heuristic_v5b,solved,1,32.933085,47.759668,0.689558,0.000972,,,0.000972,0.001122,3,0,0
n_tsk\set03\n_tsk_6.py,n_tsk,3,n_tsk,6,2,6,5,0.5,0.5,0.7,0.6,1.0,0.5,48.299999,40,12,46.0,68.999999,21.433333,1,1,1003,0,heuristic_v5b,solved,1,40.854834,47.935613,0.852286,0.001987,,,0.001987,0.002431,3,0,0
n_tsk\set03\n_tsk_8.py,n_tsk,3,n_tsk,8,2,8,5,0.5,0.5,0.7,0.6,1.0,0.5,48.299998,40,17,45.999999,68.999998,21.433333,1,1,1003,0,heuristic_v5b,solved,1,30.207471,47.932203,0.630212,0.002032,,,0.002032,0.002154,3,0,0
n_tsk\set03\n_tsk_10.py,n_tsk,3,n_tsk,10,2,10,5,0.5,0.5,0.7,0.6,1.0,0.5,48.299994,40,23,46.000002,68.999991,21.433334,1,1,1003,0,heuristic_v5b,solved,1,61.715426,48.224749,1.279746,0.00348,,,0.00348,0.005204,3,0,0
n_tsk\set03\n_tsk_12.py,n_tsk,3,n_tsk,12,2,12,5,0.5,0.5,0.7,0.6,1.0,0.5,48.299994,40,26,46.000001,68.999991,21.433334,1,1,1003,0,heuristic_v5b,solved,1,66.2644,44.84726,1.477557,0.005311,,,0.005311,0.006967,3,0,0
n_tsk\set03\n_tsk_16.py,n_tsk,3,n_tsk,16,2,16,5,0.5,0.5,0.7,0.6,1.0,0.5,48.300008,40,35,46.000009,69.000011,21.433338,1,1,1003,0,heuristic_v5b,solved,1,62.527051,47.977363,1.303262,0.007147,,,0.007147,0.007533,3,0,0
n_tsk\set03\n_tsk_20.py,n_tsk,3,n_tsk,20,2,20,5,0.5,0.5,0.7,0.6,1.0,0.5,48.300003,40,40,46.000003,69.000005,21.433335,1,1,1003,0,heuristic_v5b,solved,1,58.965233,48.28481,1.221196,0.008881,,,0.008881,0.009714,3,0,0
n_tsk\set03\n_tsk_26.py,n_tsk,3,n_tsk,26,2,26,5,0.5,0.5,0.7,0.6,1.0,0.5,48.299991,40,52,45.999998,68.999987,21.433332,1,1,1003,0,heuristic_v5b,solved,1,72.960727,48.295788,1.510706,0.020702,,,0.020702,0.022108,3,0,0
n_tsk\set04\n_tsk_4.py,n_tsk,4,n_tsk,4,2,4,5,0.5,0.5,0.7,0.6,1.0,0.5,48.300002,40,11,46.000001,69.000002,22.042858,1,1,1004,0,heuristic_v5b,solved,1,44.89498,48.099888,0.93337,0.001564,,,0.001564,0.001757,3,0,0
n_tsk\set04\n_tsk_6.py,n_tsk,4,n_tsk,6,2,6,5,0.5,0.5,0.7,0.6,1.0,0.5,48.3,40,14,46.000002,69.0,22.042858,1,1,1004,0,heuristic_v5b,solved,1,47.777685,47.74383,1.000709,0.001582,,,0.001582,0.001834,3,0,0
n_tsk\set04\n_tsk_8.py,n_tsk,4,n_tsk,8,2,8,5,0.5,0.5,0.7,0.6,1.0,0.5,48.299998,40,19,45.999994,68.999997,22.042854,1,1,1004,0,heuristic_v5b,solved,1,58.267033,48.248447,1.207646,0.003355,,,0.003355,0.003799,3,0,0
n_tsk\set04\n_tsk_10.py,n_tsk,4,n_tsk,10,2,10,5,0.5,0.5,0.7,0.6,1.0,0.5,48.3,40,24,46.0,69.0,22.042857,1,1,1004,0,heuristic_v5b,solved,1,56.85833,48.113526,1.181754,0.004908,,,0.004908,0.00543,3,0,0
n_tsk\set04\n_tsk_12.py,n_tsk,4,n_tsk,12,2,12,5,0.5,0.5,0.7,0.6,1.0,0.5,48.300003,40,27,46.000003,69.000005,22.042859,1,1,1004,0,heuristic_v5b,solved,1,41.246643,48.25234,0.854811,0.009341,,,0.009341,0.010355,3,0,0
n_tsk\set04\n_tsk_16.py,n_tsk,4,n_tsk,16,2,16,5,0.5,0.5,0.7,0.6,1.0,0.5,48.299998,40,37,46.000002,68.999997,22.042858,1,1,1004,0,heuristic_v5b,solved,1,57.442171,48.254951,1.190389,0.026005,,,0.026005,0.027324,3,0,0
n_tsk\set04\n_tsk_20.py,n_tsk,4,n_tsk,20,2,20,5,0.5,0.5,0.7,0.6,1.0,0.5,48.300007,40,50,46.000002,69.00001,22.042858,1,1,1004,0,heuristic_v5b,solved,1,51.52714,46.084374,1.118104,0.011045,,,0.011045,0.011784,3,0,0
n_tsk\set04\n_tsk_26.py,n_tsk,4,n_tsk,26,2,26,5,0.5,0.5,0.7,0.6,1.0,0.5,48.300001,40,67,46.000002,69.000001,22.042858,1,1,1004,0,heuristic_v5b,solved,1,48.178676,48.277369,0.997956,0.027645,,,0.027645,0.031149,3,0,0
n_tsk\set05\n_tsk_4.py,n_tsk,5,n_tsk,4,2,4,5,0.5,0.5,0.7,0.6,1.0,0.5,48.300002,40,9,46.000001,69.000002,24.400001,1,1,1005,0,heuristic_v5b,solved,1,60.439603,45.400842,1.331244,0.001313,,,0.001313,0.001917,3,0,0
n_tsk\set05\n_tsk_6.py,n_tsk,5,n_tsk,6,2,6,5,0.5,0.5,0.7,0.6,1.0,0.5,48.299994,40,11,45.999999,68.999992,24.399999,1,1,1005,0,heuristic_v5b,solved,1,64.514684,48.219478,1.337938,0.001609,,,0.001609,0.001752,3,0,0
n_tsk\set05\n_tsk_8.py,n_tsk,5,n_tsk,8,2,8,5,0.5,0.5,0.7,0.6,1.0,0.5,48.300005,40,17,46.000005,69.000007,24.400002,1,1,1005,0,heuristic_v5b,solved,1,44.802451,48.289968,0.92778,0.00237,,,0.00237,0.002547,3,0,0
n_tsk\set05\n_tsk_10.py,n_tsk,5,n_tsk,10,2,10,5,0.5,0.5,0.7,0.6,1.0,0.5,48.29999,40,22,46.000001,68.999985,24.400001,1,1,1005,0,heuristic_v5b,solved,1,29.741123,48.21144,0.616889,0.003573,,,0.003573,0.00395,3,0,0
n_tsk\set05\n_tsk_12.py,n_tsk,5,n_tsk,12,2,12,5,0.5,0.5,0.7,0.6,1.0,0.5,48.299998,40,26,46.000002,68.999997,24.400001,1,1,1005,0,heuristic_v5b,solved,1,51.423206,48.275013,1.065214,0.007283,,,0.007283,0.007715,3,0,0
n_tsk\set05\n_tsk_16.py,n_tsk,5,n_tsk,16,2,16,5,0.5,0.5,0.7,0.6,1.0,0.5,48.300005,40,36,46.000002,69.000007,24.400001,1,1,1005,0,heuristic_v5b,solved,1,46.368094,48.202811,0.961938,0.012521,,,0.012521,0.014904,3,0,0
n_tsk\set05\n_tsk_20.py,n_tsk,5,n_tsk,20,2,20,5,0.5,0.5,0.7,0.6,1.0,0.5,48.299994,40,47,46.000002,68.999991,24.400001,1,1,1005,0,heuristic_v5b,solved,1,52.649195,47.740554,1.102819,0.014542,,,0.014542,0.014962,3,0,0
n_tsk\set05\n_tsk_26.py,n_tsk,5,n_tsk,26,2,26,5,0.5,0.5,0.7,0.6,1.0,0.5,48.300012,40,65,46.0,69.000017,24.4,1,1,1005,0,heuristic_v5b,solved,1,55.708636,48.274764,1.153991,0.034445,,,0.034445,0.034793,3,0,0
n_tsk\set06\n_tsk_4.py,n_tsk,6,n_tsk,4,2,4,5,0.5,0.5,0.7,0.6,1.0,0.5,48.300002,40,8,46.0,69.000003,21.433333,1,1,1006,0,heuristic_v5b,solved,1,26.687251,46.493588,0.573999,0.001176,,,0.001176,0.001304,3,0,0
n_tsk\set06\n_tsk_6.py,n_tsk,6,n_tsk,6,2,6,5,0.5,0.5,0.7,0.6,1.0,0.5,48.300002,40,11,46.0,69.000002,21.433333,1,1,1006,0,heuristic_v5b,solved,1,35.289868,47.929587,0.736286,0.002087,,,0.002087,0.002792,3,0,0
n_tsk\set06\n_tsk_8.py,n_tsk,6,n_tsk,8,2,8,5,0.5,0.5,0.7,0.6,1.0,0.5,48.299995,40,19,45.999997,68.999993,21.433332,1,1,1006,0,heuristic_v5b,solved,1,41.529908,47.07502,0.882207,0.00354,,,0.00354,0.003621,3,0,0
n_tsk\set06\n_tsk_10.py,n_tsk,6,n_tsk,10,2,10,5,0.5,0.5,0.7,0.6,1.0,0.5,48.300002,40,22,46.0,69.000003,21.433333,1,1,1006,0,heuristic_v5b,solved,1,63.920877,48.273914,1.324129,0.007502,,,0.007502,0.008828,3,0,0
n_tsk\set06\n_tsk_12.py,n_tsk,6,n_tsk,12,2,12,5,0.5,0.5,0.7,0.6,1.0,0.5,48.299996,40,27,45.999993,68.999994,21.43333,1,1,1006,0,heuristic_v5b,solved,1,59.39316,48.238517,1.231239,0.007772,,,0.007772,0.008966,3,0,0
n_tsk\set06\n_tsk_16.py,n_tsk,6,n_tsk,16,2,16,5,0.5,0.5,0.7,0.6,1.0,0.5,48.300001,40,38,45.999997,69.000001,21.433332,1,1,1006,0,heuristic_v5b,solved,1,52.702706,48.228759,1.092765,0.010949,,,0.010949,0.011127,3,0,0
n_tsk\set06\n_tsk_20.py,n_tsk,6,n_tsk,20,2,20,5,0.5,0.5,0.7,0.6,1.0,0.5,48.30001,40,50,46.000007,69.000015,21.433337,1,1,1006,0,heuristic_v5b,solved,1,53.828554,48.299028,1.114485,0.031542,,,0.031542,0.032044,3,0,0
n_tsk\set06\n_tsk_26.py,n_tsk,6,n_tsk,26,2,26,5,0.5,0.5,0.7,0.6,1.0,0.5,48.299994,40,64,46.000002,68.999992,21.433334,1,1,1006,0,heuristic_v5b,solved,1,69.246545,48.278921,1.434302,0.052055,,,0.052055,0.059038,3,0,0
n_tsk\set07\n_tsk_4.py,n_tsk,7,n_tsk,4,2,4,5,0.5,0.5,0.7,0.6,1.0,0.5,48.300002,40,8,46.0,69.000002,21.4,1,1,1007,0,heuristic_v5b,solved,1,77.622727,47.87978,1.621201,0.001564,,,0.001564,0.001893,3,0,0
n_tsk\set07\n_tsk_6.py,n_tsk,7,n_tsk,6,2,6,5,0.5,0.5,0.7,0.6,1.0,0.5,48.299999,40,13,45.999999,68.999999,21.399999,1,1,1007,0,heuristic_v5b,solved,1,52.934208,48.27737,1.09646,0.002338,,,0.002338,0.003193,3,0,0
n_tsk\set07\n_tsk_8.py,n_tsk,7,n_tsk,8,2,8,5,0.5,0.5,0.7,0.6,1.0,0.5,48.299997,40,18,45.999999,68.999995,21.399999,1,1,1007,0,heuristic_v5b,solved,1,36.148657,47.88991,0.754828,0.004476,,,0.004476,0.005294,3,0,0
n_tsk\set07\n_tsk_10.py,n_tsk,7,n_tsk,10,2,10,5,0.5,0.5,0.7,0.6,1.0,0.5,48.299998,40,23,45.999999,68.999997,21.399999,1,1,1007,0,heuristic_v5b,solved,1,71.166893,48.239567,1.47528,0.007056,,,0.007056,0.007427,3,0,0
n_tsk\set07\n_tsk_12.py,n_tsk,7,n_tsk,12,2,12,5,0.5,0.5,0.7,0.6,1.0,0.5,48.299998,40,28,45.999997,68.999998,21.399998,1,1,1007,0,heuristic_v5b,solved,1,56.063154,48.295538,1.160835,0.010293,,,0.010293,0.011131,3,0,0
n_tsk\set07\n_tsk_16.py,n_tsk,7,n_tsk,16,2,16,5,0.5,0.5,0.7,0.6,1.0,0.5,48.299995,40,37,45.999994,68.999993,21.399997,1,1,1007,0,heuristic_v5b,solved,1,66.494299,48.221832,1.378925,0.012291,,,0.012291,0.014502,3,0,0
n_tsk\set07\n_tsk_20.py,n_tsk,7,n_tsk,20,2,20,5,0.5,0.5,0.7,0.6,1.0,0.5,48.300002,40,47,46.000003,69.000002,21.400002,1,1,1007,0,heuristic_v5b,solved,1,44.699867,47.103017,0.948981,0.017207,,,0.017207,0.018225,3,0,0
n_tsk\set07\n_tsk_26.py,n_tsk,7,n_tsk,26,2,26,5,0.5,0.5,0.7,0.6,1.0,0.5,48.300007,40,66,46.000003,69.00001,21.400002,1,1,1007,0,heuristic_v5b,solved,1,56.342537,47.688236,1.181477,0.030522,,,0.030522,0.033487,3,0,0
n_tsk\set08\n_tsk_4.py,n_tsk,8,n_tsk,4,2,4,5,0.5,0.5,0.7,0.6,1.0,0.5,48.299998,40,8,46.0,68.999997,22.042857,1,1,1008,0,heuristic_v5b,solved,1,52.947522,48.235666,1.097684,0.001004,,,0.001004,0.001145,3,0,0
n_tsk\set08\n_tsk_6.py,n_tsk,8,n_tsk,6,2,6,5,0.5,0.5,0.7,0.6,1.0,0.5,48.299998,40,13,45.999998,68.999997,22.042856,1,1,1008,0,heuristic_v5b,solved,1,41.730712,48.279838,0.864351,0.001997,,,0.001997,0.00264,3,0,0
n_tsk\set08\n_tsk_8.py,n_tsk,8,n_tsk,8,2,8,5,0.5,0.5,0.7,0.6,1.0,0.5,48.299998,40,15,45.999998,68.999997,22.042856,1,1,1008,0,heuristic_v5b,solved,1,57.650159,48.144128,1.197449,0.002391,,,0.002391,0.002904,3,0,0
n_tsk\set08\n_tsk_10.py,n_tsk,8,n_tsk,10,2,10,5,0.5,0.5,0.7,0.6,1.0,0.5,48.299997,40,20,45.999995,68.999995,22.042855,1,1,1008,0,heuristic_v5b,solved,1,59.384003,48.241883,1.230964,0.004982,,,0.004982,0.005187,3,0,0
n_tsk\set08\n_tsk_12.py,n_tsk,8,n_tsk,12,2,12,5,0.5,0.5,0.7,0.6,1.0,0.5,48.299998,40,23,46.000001,68.999998,22.042858,1,1,1008,0,heuristic_v5b,solved,1,42.277417,48.160218,0.877849,0.007023,,,0.007023,0.007193,3,0,0
n_tsk\set08\n_tsk_16.py,n_tsk,8,n_tsk,16,2,16,5,0.5,0.5,0.7,0.6,1.0,0.5,48.300005,40,32,46.000005,69.000007,22.042859,1,1,1008,0,heuristic_v5b,solved,1,48.498084,48.294694,1.004211,0.015177,,,0.015177,0.016329,3,0,0
n_tsk\set08\n_tsk_20.py,n_tsk,8,n_tsk,20,2,20,5,0.5,0.5,0.7,0.6,1.0,0.5,48.300006,40,43,46.0,69.000008,22.042857,1,1,1008,0,heuristic_v5b,solved,1,55.018087,48.284409,1.139459,0.010123,,,0.010123,0.011538,3,0,0
n_tsk\set08\n_tsk_26.py,n_tsk,8,n_tsk,26,2,26,5,0.5,0.5,0.7,0.6,1.0,0.5,48.299986,40,64,45.999992,68.999979,22.042853,1,1,1008,0,heuristic_v5b,solved,1,53.22716,48.291941,1.102196,0.02291,,,0.02291,0.024896,3,0,0
n_tsk\set09\n_tsk_4.py,n_tsk,9,n_tsk,4,2,4,5,0.5,0.5,0.7,0.6,1.0,0.5,48.3,40,11,46.000001,69.0,21.400001,1,1,1009,0,heuristic_v5b,solved,1,61.306616,48.075182,1.275224,0.002641,,,0.002641,0.002828,3,0,0
n_tsk\set09\n_tsk_6.py,n_tsk,9,n_tsk,6,2,6,5,0.5,0.5,0.7,0.6,1.0,0.5,48.3,40,16,46.000003,69.0,21.400002,1,1,1009,0,heuristic_v5b,solved,1,46.45018,48.078653,0.966129,0.002781,,,0.002781,0.003875,3,0,0
n_tsk\set09\n_tsk_8.py,n_tsk,9,n_tsk,8,2,8,5,0.5,0.5,0.7,0.6,1.0,0.5,48.3,40,22,45.999999,69.0,21.399999,1,1,1009,0,heuristic_v5b,solved,1,54.610838,47.062011,1.160402,0.004593,,,0.004593,0.005636,3,0,0
n_tsk\set09\n_tsk_10.py,n_tsk,9,n_tsk,10,2,10,5,0.5,0.5,0.7,0.6,1.0,0.5,48.300008,40,30,46.000003,69.000011,21.400002,1,1,1009,0,heuristic_v5b,solved,1,53.398266,48.299985,1.105554,0.01118,,,0.01118,0.012007,3,0,0
n_tsk\set09\n_tsk_12.py,n_tsk,9,n_tsk,12,2,12,5,0.5,0.5,0.7,0.6,1.0,0.5,48.299997,40,38,45.999998,68.999995,21.399999,1,1,1009,0,heuristic_v5b,solved,1,52.103337,48.186005,1.081296,0.051668,,,0.051668,0.065473,3,0,0
n_tsk\set09\n_tsk_16.py,n_tsk,9,n_tsk,16,2,16,5,0.5,0.5,0.7,0.6,1.0,0.5,48.299997,40,46,46.000002,68.999995,21.400001,1,1,1009,0,heuristic_v5b,solved,1,59.95022,48.298964,1.241232,0.026762,,,0.026762,0.028073,3,0,0
n_tsk\set09\n_tsk_20.py,n_tsk,9,n_tsk,20,2,20,5,0.5,0.5,0.7,0.6,1.0,0.5,48.300013,40,56,46.000002,69.000018,21.400001,1,1,1009,0,heuristic_v5b,solved,1,53.046296,48.298102,1.09831,0.016434,,,0.016434,0.017946,3,0,0
n_tsk\set09\n_tsk_26.py,n_tsk,9,n_tsk,26,2,26,5,0.5,0.5,0.7,0.6,1.0,0.5,48.299999,40,70,45.999994,68.999999,21.399997,1,1,1009,0,heuristic_v5b,solved,1,55.610727,48.291673,1.151559,0.141534,,,0.141534,0.146048,3,0,0
n_tsk\set00\n_tsk_4.py,n_tsk,0,n_tsk,4,2,4,5,0.5,0.5,0.7,0.6,1.0,0.5,48.300005,40,11,45.999999,69.000007,22.042857,1,1,1000,0,heuristic_claudeoptimal,solved,1,26.905716,47.965536,0.560938,0.005494,,,0.005494,0.011609,3,0,0
n_tsk\set00\n_tsk_6.py,n_tsk,0,n_tsk,6,2,6,5,0.5,0.5,0.7,0.6,1.0,0.5,48.299998,40,17,46.000002,68.999997,22.042858,1,1,1000,0,heuristic_claudeoptimal,solved,1,46.895906,48.073953,0.975495,0.009918,,,0.009918,0.01172,3,0,0
n_tsk\set00\n_tsk_8.py,n_tsk,0,n_tsk,8,2,8,5,0.5,0.5,0.7,0.6,1.0,0.5,48.300002,40,20,45.999999,69.000003,22.042857,1,1,1000,0,heuristic_claudeoptimal,solved,1,67.049796,48.247202,1.389714,0.0093,,,0.0093,0.009646,3,0,0
n_tsk\set00\n_tsk_10.py,n_tsk,0,n_tsk,10,2,10,5,0.5,0.5,0.7,0.6,1.0,0.5,48.299998,40,28,46.0,68.999997,22.042857,1,1,1000,0,heuristic_claudeoptimal,solved,1,71.596204,48.252998,1.483767,0.016212,,,0.016212,0.016415,3,0,0
n_tsk\set00\n_tsk_12.py,n_tsk,0,n_tsk,12,2,12,5,0.5,0.5,0.7,0.6,1.0,0.5,48.299998,40,33,45.999994,68.999997,22.042854,1,1,1000,0,heuristic_claudeoptimal,solved,1,79.247931,48.293833,1.640953,0.033324,,,0.033324,0.03569,3,0,0
n_tsk\set00\n_tsk_16.py,n_tsk,0,n_tsk,16,2,16,5,0.5,0.5,0.7,0.6,1.0,0.5,48.300007,40,42,46.000008,69.00001,22.042861,1,1,1000,0,heuristic_claudeoptimal,solved,1,54.396468,48.238727,1.127651,0.033087,,,0.033087,0.036863,3,0,0
n_tsk\set00\n_tsk_20.py,n_tsk,0,n_tsk,20,2,20,5,0.5,0.5,0.7,0.6,1.0,0.5,48.300005,40,50,46.000009,69.000007,22.042862,1,1,1000,0,heuristic_claudeoptimal,solved,1,66.299404,48.257345,1.373872,0.032456,,,0.032456,0.034358,3,0,0
n_tsk\set00\n_tsk_26.py,n_tsk,0,n_tsk,26,2,26,5,0.5,0.5,0.7,0.6,1.0,0.5,48.299995,40,64,46.000012,68.999993,22.042863,1,1,1000,0,heuristic_claudeoptimal,solved,1,65.431495,48.257288,1.355888,0.082729,,,0.082729,0.083871,3,0,0
n_tsk\set01\n_tsk_4.py,n_tsk,1,n_tsk,4,2,4,5,0.5,0.5,0.7,0.6,1.0,0.5,48.299999,40,11,46.000002,68.999999,21.433334,1,1,1001,0,heuristic_claudeoptimal,solved,1,50.88118,48.070675,1.058466,0.005693,,,0.005693,0.00657,3,0,0
n_tsk\set01\n_tsk_6.py,n_tsk,1,n_tsk,6,2,6,5,0.5,0.5,0.7,0.6,1.0,0.5,48.300002,40,14,46.000001,69.000003,21.433334,1,1,1001,0,heuristic_claudeoptimal,solved,1,58.833109,47.994363,1.225834,0.024941,,,0.024941,0.0266,3,0,0
n_tsk\set01\n_tsk_8.py,n_tsk,1,n_tsk,8,2,8,5,0.5,0.5,0.7,0.6,1.0,0.5,48.299996,40,17,45.999995,68.999994,21.433331,1,1,1001,0,heuristic_claudeoptimal,solved,1,45.921308,48.285598,0.951035,0.012622,,,0.012622,0.012968,3,0,0
n_tsk\set01\n_tsk_10.py,n_tsk,1,n_tsk,10,2,10,5,0.5,0.5,0.7,0.6,1.0,0.5,48.299995,40,20,45.999995,68.999993,21.433331,1,1,1001,0,heuristic_claudeoptimal,solved,1,50.861168,48.232789,1.054494,0.023868,,,0.023868,0.025407,3,0,0
n_tsk\set01\n_tsk_12.py,n_tsk,1,n_tsk,12,2,12,5,0.5,0.5,0.7,0.6,1.0,0.5,48.299996,40,25,45.999998,68.999994,21.433332,1,1,1001,0,heuristic_claudeoptimal,solved,1,54.120665,48.299298,1.120527,0.084855,,,0.084855,0.08812,3,0,0
n_tsk\set01\n_tsk_16.py,n_tsk,1,n_tsk,16,2,16,5,0.5,0.5,0.7,0.6,1.0,0.5,48.300002,40,35,46.000001,69.000002,21.433334,1,1,1001,0,heuristic_claudeoptimal,solved,1,53.685687,48.257025,1.112495,0.043587,,,0.043587,0.045227,3,0,0
n_tsk\set01\n_tsk_20.py,n_tsk,1,n_tsk,20,2,20,5,0.5,0.5,0.7,0.6,1.0,0.5,48.300002,40,40,46.000001,69.000003,21.433334,1,1,1001,0,heuristic_claudeoptimal,solved,1,58.302391,48.293742,1.207245,0.077802,,,0.077802,0.080496,3,0,0
n_tsk\set01\n_tsk_26.py,n_tsk,1,n_tsk,26,2,26,5,0.5,0.5,0.7,0.6,1.0,0.5,48.299994,40,49,45.999999,68.999991,21.433333,1,1,1001,0,heuristic_claudeoptimal,solved,1,48.698414,48.298608,1.008278,0.585621,,,0.585621,0.63915,3,0,0
n_tsk\set02\n_tsk_4.py,n_tsk,2,n_tsk,4,2,4,5,0.5,0.5,0.7,0.6,1.0,0.5,48.299998,40,9,46.0,68.999997,21.4,1,1,1002,0,heuristic_claudeoptimal,solved,1,49.248814,48.142397,1.022982,0.002186,,,0.002186,0.003004,3,0,0
n_tsk\set02\n_tsk_6.py,n_tsk,2,n_tsk,6,2,6,5,0.5,0.5,0.7,0.6,1.0,0.5,48.299997,40,15,45.999998,68.999995,21.399999,1,1,1002,0,heuristic_claudeoptimal,solved,1,60.843318,48.178918,1.262862,0.014035,,,0.014035,0.018781,3,0,0
n_tsk\set02\n_tsk_8.py,n_tsk,2,n_tsk,8,2,8,5,0.5,0.5,0.7,0.6,1.0,0.5,48.299998,40,17,46.000001,68.999997,21.400001,1,1,1002,0,heuristic_claudeoptimal,solved,1,61.654747,48.278816,1.277056,0.01992,,,0.01992,0.022179,3,0,0
n_tsk\set02\n_tsk_10.py,n_tsk,2,n_tsk,10,2,10,5,0.5,0.5,0.7,0.6,1.0,0.5,48.300002,40,22,45.999998,69.000003,21.399999,1,1,1002,0,heuristic_claudeoptimal,solved,1,53.558542,48.279656,1.10934,0.011653,,,0.011653,0.013218,3,0,0
n_tsk\set02\n_tsk_12.py,n_tsk,2,n_tsk,12,2,12,5,0.5,0.5,0.7,0.6,1.0,0.5,48.300001,40,25,46.0,69.000001,21.4,1,1,1002,0,heuristic_claudeoptimal,solved,1,67.443402,48.29604,1.396458,0.012108,,,0.012108,0.012679,3,0,0
n_tsk\set02\n_tsk_16.py,n_tsk,2,n_tsk,16,2,16,5,0.5,0.5,0.7,0.6,1.0,0.5,48.300003,40,38,46.0,69.000005,21.4,1,1,1002,0,heuristic_claudeoptimal,solved,1,68.727603,48.291857,1.423172,0.073358,,,0.073358,0.077809,3,0,0
n_tsk\set02\n_tsk_20.py,n_tsk,2,n_tsk,20,2,20,5,0.5,0.5,0.7,0.6,1.0,0.5,48.299997,40,49,46.000008,68.999995,21.400004,1,1,1002,0,heuristic_claudeoptimal,solved,1,65.968505,48.148614,1.370102,0.02662,,,0.02662,0.028068,3,0,0
n_tsk\set02\n_tsk_26.py,n_tsk,2,n_tsk,26,2,26,5,0.5,0.5,0.7,0.6,1.0,0.5,48.30001,40,62,46.000003,69.000015,21.400002,1,1,1002,0,heuristic_claudeoptimal,solved,1,69.417939,48.237714,1.43908,0.043838,,,0.043838,0.044681,3,0,0
n_tsk\set03\n_tsk_4.py,n_tsk,3,n_tsk,4,2,4,5,0.5,0.5,0.7,0.6,1.0,0.5,48.299999,40,8,45.999999,68.999999,21.433333,1,1,1003,0,heuristic_claudeoptimal,solved,1,44.738335,47.976263,0.93251,0.001986,,,0.001986,0.002417,3,0,0
n_tsk\set03\n_tsk_6.py,n_tsk,3,n_tsk,6,2,6,5,0.5,0.5,0.7,0.6,1.0,0.5,48.299999,40,12,46.0,68.999999,21.433333,1,1,1003,0,heuristic_claudeoptimal,solved,1,38.151813,48.295806,0.789961,0.010051,,,0.010051,0.010767,3,0,0
n_tsk\set03\n_tsk_8.py,n_tsk,3,n_tsk,8,2,8,5,0.5,0.5,0.7,0.6,1.0,0.5,48.299998,40,17,45.999999,68.999998,21.433333,1,1,1003,0,heuristic_claudeoptimal,solved,1,39.622134,48.195369,0.822115,0.013711,,,0.013711,0.013859,3,0,0
n_tsk\set03\n_tsk_10.py,n_tsk,3,n_tsk,10,2,10,5,0.5,0.5,0.7,0.6,1.0,0.5,48.299994,40,23,46.000002,68.999991,21.433334,1,1,1003,0,heuristic_claudeoptimal,solved,1,56.72053,48.133784,1.178393,0.020682,,,0.020682,0.021346,3,0,0
n_tsk\set03\n_tsk_12.py,n_tsk,3,n_tsk,12,2,12,5,0.5,0.5,0.7,0.6,1.0,0.5,48.299994,40,26,46.000001,68.999991,21.433334,1,1,1003,0,heuristic_claudeoptimal,solved,1,60.033301,48.295849,1.243032,0.015055,,,0.015055,0.015563,3,0,0
n_tsk\set03\n_tsk_16.py,n_tsk,3,n_tsk,16,2,16,5,0.5,0.5,0.7,0.6,1.0,0.5,48.300008,40,35,46.000009,69.000011,21.433338,1,1,1003,0,heuristic_claudeoptimal,solved,1,63.266034,48.292013,1.310072,0.015535,,,0.015535,0.016138,3,0,0
n_tsk\set03\n_tsk_20.py,n_tsk,3,n_tsk,20,2,20,5,0.5,0.5,0.7,0.6,1.0,0.5,48.300003,40,40,46.000003,69.000005,21.433335,1,1,1003,0,heuristic_claudeoptimal,solved,1,60.625875,48.291924,1.255404,0.031921,,,0.031921,0.049907,3,0,0
n_tsk\set03\n_tsk_26.py,n_tsk,3,n_tsk,26,2,26,5,0.5,0.5,0.7,0.6,1.0,0.5,48.299991,40,52,45.999998,68.999987,21.433332,1,1,1003,0,heuristic_claudeoptimal,solved,1,74.521412,48.207941,1.545833,0.101609,,,0.101609,0.106473,3,0,0
n_tsk\set04\n_tsk_4.py,n_tsk,4,n_tsk,4,2,4,5,0.5,0.5,0.7,0.6,1.0,0.5,48.300002,40,11,46.000001,69.000002,22.042858,1,1,1004,0,heuristic_claudeoptimal,solved,1,44.89498,48.099888,0.93337,0.004765,,,0.004765,0.005566,3,0,0
n_tsk\set04\n_tsk_6.py,n_tsk,4,n_tsk,6,2,6,5,0.5,0.5,0.7,0.6,1.0,0.5,48.3,40,14,46.000002,69.0,22.042858,1,1,1004,0,heuristic_claudeoptimal,solved,1,50.481935,48.288182,1.04543,0.002936,,,0.002936,0.003944,3,0,0
n_tsk\set04\n_tsk_8.py,n_tsk,4,n_tsk,8,2,8,5,0.5,0.5,0.7,0.6,1.0,0.5,48.299998,40,19,45.999994,68.999997,22.042854,1,1,1004,0,heuristic_claudeoptimal,solved,1,59.565216,48.294467,1.233376,0.015252,,,0.015252,0.016895,3,0,0
n_tsk\set04\n_tsk_10.py,n_tsk,4,n_tsk,10,2,10,5,0.5,0.5,0.7,0.6,1.0,0.5,48.3,40,24,46.0,69.0,22.042857,1,1,1004,0,heuristic_claudeoptimal,solved,1,56.85833,48.113526,1.181754,0.007914,,,0.007914,0.008316,3,0,0
n_tsk\set04\n_tsk_12.py,n_tsk,4,n_tsk,12,2,12,5,0.5,0.5,0.7,0.6,1.0,0.5,48.300003,40,27,46.000003,69.000005,22.042859,1,1,1004,0,heuristic_claudeoptimal,solved,1,42.019033,48.299714,0.869964,0.075298,,,0.075298,0.078143,3,0,0
n_tsk\set04\n_tsk_16.py,n_tsk,4,n_tsk,16,2,16,5,0.5,0.5,0.7,0.6,1.0,0.5,48.299998,40,37,46.000002,68.999997,22.042858,1,1,1004,0,heuristic_claudeoptimal,solved,1,63.436721,47.582256,1.333201,0.020959,,,0.020959,0.0221,3,0,0
n_tsk\set04\n_tsk_20.py,n_tsk,4,n_tsk,20,2,20,5,0.5,0.5,0.7,0.6,1.0,0.5,48.300007,40,50,46.000002,69.00001,22.042858,1,1,1004,0,heuristic_claudeoptimal,solved,1,51.52714,48.273084,1.067409,0.026255,,,0.026255,0.027054,3,0,0
n_tsk\set04\n_tsk_26.py,n_tsk,4,n_tsk,26,2,26,5,0.5,0.5,0.7,0.6,1.0,0.5,48.300001,40,67,46.000002,69.000001,22.042858,1,1,1004,0,heuristic_claudeoptimal,solved,1,48.235231,48.287289,0.998922,0.053976,,,0.053976,0.05671,3,0,0
n_tsk\set05\n_tsk_4.py,n_tsk,5,n_tsk,4,2,4,5,0.5,0.5,0.7,0.6,1.0,0.5,48.300002,40,9,46.000001,69.000002,24.400001,1,1,1005,0,heuristic_claudeoptimal,solved,1,60.439603,48.051367,1.257812,0.001937,,,0.001937,0.002586,3,0,0
n_tsk\set05\n_tsk_6.py,n_tsk,5,n_tsk,6,2,6,5,0.5,0.5,0.7,0.6,1.0,0.5,48.299994,40,11,45.999999,68.999992,24.399999,1,1,1005,0,heuristic_claudeoptimal,solved,1,60.794832,48.273143,1.259392,0.011921,,,0.011921,0.012543,3,0,0
n_tsk\set05\n_tsk_8.py,n_tsk,5,n_tsk,8,2,8,5,0.5,0.5,0.7,0.6,1.0,0.5,48.300005,40,17,46.000005,69.000007,24.400002,1,1,1005,0,heuristic_claudeoptimal,solved,1,36.480671,48.163543,0.757433,0.015798,,,0.015798,0.016193,3,0,0
n_tsk\set05\n_tsk_10.py,n_tsk,5,n_tsk,10,2,10,5,0.5,0.5,0.7,0.6,1.0,0.5,48.29999,40,22,46.000001,68.999985,24.400001,1,1,1005,0,heuristic_claudeoptimal,solved,1,28.068604,48.202402,0.582307,0.011272,,,0.011272,0.01206,3,0,0
n_tsk\set05\n_tsk_12.py,n_tsk,5,n_tsk,12,2,12,5,0.5,0.5,0.7,0.6,1.0,0.5,48.299998,40,26,46.000002,68.999997,24.400001,1,1,1005,0,heuristic_claudeoptimal,solved,1,54.686292,48.172443,1.135219,0.032218,,,0.032218,0.034917,3,0,0
n_tsk\set05\n_tsk_16.py,n_tsk,5,n_tsk,16,2,16,5,0.5,0.5,0.7,0.6,1.0,0.5,48.300005,40,36,46.000002,69.000007,24.400001,1,1,1005,0,heuristic_claudeoptimal,solved,1,47.735951,48.292114,0.988483,0.026652,,,0.026652,0.029335,3,0,0
n_tsk\set05\n_tsk_20.py,n_tsk,5,n_tsk,20,2,20,5,0.5,0.5,0.7,0.6,1.0,0.5,48.299994,40,47,46.000002,68.999991,24.400001,1,1,1005,0,heuristic_claudeoptimal,solved,1,52.649195,47.740554,1.102819,0.028898,,,0.028898,0.031306,3,0,0
n_tsk\set05\n_tsk_26.py,n_tsk,5,n_tsk,26,2,26,5,0.5,0.5,0.7,0.6,1.0,0.5,48.300012,40,65,46.0,69.000017,24.4,1,1,1005,0,heuristic_claudeoptimal,solved,1,57.414146,48.252982,1.189857,0.048568,,,0.048568,0.054896,3,0,0
n_tsk\set06\n_tsk_4.py,n_tsk,6,n_tsk,4,2,4,5,0.5,0.5,0.7,0.6,1.0,0.5,48.300002,40,8,46.0,69.000003,21.433333,1,1,1006,0,heuristic_claudeoptimal,solved,1,37.277578,48.176543,0.77377,0.001962,,,0.001962,0.002102,3,0,0
n_tsk\set06\n_tsk_6.py,n_tsk,6,n_tsk,6,2,6,5,0.5,0.5,0.7,0.6,1.0,0.5,48.300002,40,11,46.0,69.000002,21.433333,1,1,1006,0,heuristic_claudeoptimal,solved,1,35.467081,48.220252,0.735523,0.008451,,,0.008451,0.008833,3,0,0
n_tsk\set06\n_tsk_8.py,n_tsk,6,n_tsk,8,2,8,5,0.5,0.5,0.7,0.6,1.0,0.5,48.299995,40,19,45.999997,68.999993,21.433332,1,1,1006,0,heuristic_claudeoptimal,solved,1,34.168157,48.282942,0.707665,0.027202,,,0.027202,0.028892,3,0,0
n_tsk\set06\n_tsk_10.py,n_tsk,6,n_tsk,10,2,10,5,0.5,0.5,0.7,0.6,1.0,0.5,48.300002,40,22,46.0,69.000003,21.433333,1,1,1006,0,heuristic_claudeoptimal,solved,1,62.739297,48.275158,1.299619,0.019784,,,0.019784,0.021066,3,0,0
n_tsk\set06\n_tsk_12.py,n_tsk,6,n_tsk,12,2,12,5,0.5,0.5,0.7,0.6,1.0,0.5,48.299996,40,27,45.999993,68.999994,21.43333,1,1,1006,0,heuristic_claudeoptimal,solved,1,62.345488,48.297591,1.290861,0.033923,,,0.033923,0.034469,3,0,0
n_tsk\set06\n_tsk_16.py,n_tsk,6,n_tsk,16,2,16,5,0.5,0.5,0.7,0.6,1.0,0.5,48.300001,40,38,45.999997,69.000001,21.433332,1,1,1006,0,heuristic_claudeoptimal,solved,1,53.762659,48.226395,1.114797,0.050233,,,0.050233,0.05304,3,0,0
n_tsk\set06\n_tsk_20.py,n_tsk,6,n_tsk,20,2,20,5,0.5,0.5,0.7,0.6,1.0,0.5,48.30001,40,50,46.000007,69.000015,21.433337,1,1,1006,0,heuristic_claudeoptimal,solved,1,56.85785,48.108371,1.18187,0.061735,,,0.061735,0.06343,3,0,0
n_tsk\set06\n_tsk_26.py,n_tsk,6,n_tsk,26,2,26,5,0.5,0.5,0.7,0.6,1.0,0.5,48.299994,40,64,46.000002,68.999992,21.433334,1,1,1006,0,heuristic_claudeoptimal,solved,1,69.547297,48.291418,1.440159,0.157231,,,0.157231,0.159259,3,0,0
n_tsk\set07\n_tsk_4.py,n_tsk,7,n_tsk,4,2,4,5,0.5,0.5,0.7,0.6,1.0,0.5,48.300002,40,8,46.0,69.000002,21.4,1,1,1007,0,heuristic_claudeoptimal,solved,1,77.622727,47.87978,1.621201,0.002932,,,0.002932,0.003879,3,0,0
n_tsk\set07\n_tsk_6.py,n_tsk,7,n_tsk,6,2,6,5,0.5,0.5,0.7,0.6,1.0,0.5,48.299999,40,13,45.999999,68.999999,21.399999,1,1,1007,0,heuristic_claudeoptimal,solved,1,36.545911,47.632999,0.767239,0.003869,,,0.003869,0.004142,3,0,0
n_tsk\set07\n_tsk_8.py,n_tsk,7,n_tsk,8,2,8,5,0.5,0.5,0.7,0.6,1.0,0.5,48.299997,40,18,45.999999,68.999995,21.399999,1,1,1007,0,heuristic_claudeoptimal,solved,1,46.308841,48.29088,0.958956,0.007562,,,0.007562,0.010194,3,0,0
n_tsk\set07\n_tsk_10.py,n_tsk,7,n_tsk,10,2,10,5,0.5,0.5,0.7,0.6,1.0,0.5,48.299998,40,23,45.999999,68.999997,21.399999,1,1,1007,0,heuristic_claudeoptimal,solved,1,67.905103,48.209123,1.408553,0.012786,,,0.012786,0.013533,3,0,0
n_tsk\set07\n_tsk_12.py,n_tsk,7,n_tsk,12,2,12,5,0.5,0.5,0.7,0.6,1.0,0.5,48.299998,40,28,45.999997,68.999998,21.399998,1,1,1007,0,heuristic_claudeoptimal,solved,1,56.762894,48.293733,1.175368,0.037478,,,0.037478,0.040163,3,0,0
n_tsk\set07\n_tsk_16.py,n_tsk,7,n_tsk,16,2,16,5,0.5,0.5,0.7,0.6,1.0,0.5,48.299995,40,37,45.999994,68.999993,21.399997,1,1,1007,0,heuristic_claudeoptimal,solved,1,67.314995,48.18391,1.397043,0.017386,,,0.017386,0.017982,3,0,0
n_tsk\set07\n_tsk_20.py,n_tsk,7,n_tsk,20,2,20,5,0.5,0.5,0.7,0.6,1.0,0.5,48.300002,40,47,46.000003,69.000002,21.400002,1,1,1007,0,heuristic_claudeoptimal,solved,1,43.167485,47.755029,0.903936,0.052617,,,0.052617,0.056654,3,0,0
n_tsk\set07\n_tsk_26.py,n_tsk,7,n_tsk,26,2,26,5,0.5,0.5,0.7,0.6,1.0,0.5,48.300007,40,66,46.000003,69.00001,21.400002,1,1,1007,0,heuristic_claudeoptimal,solved,1,56.342537,47.016276,1.198362,0.054102,,,0.054102,0.056073,3,0,0
n_tsk\set08\n_tsk_4.py,n_tsk,8,n_tsk,4,2,4,5,0.5,0.5,0.7,0.6,1.0,0.5,48.299998,40,8,46.0,68.999997,22.042857,1,1,1008,0,heuristic_claudeoptimal,solved,1,52.947522,43.576218,1.215055,0.002249,,,0.002249,0.002848,3,0,0
n_tsk\set08\n_tsk_6.py,n_tsk,8,n_tsk,6,2,6,5,0.5,0.5,0.7,0.6,1.0,0.5,48.299998,40,13,45.999998,68.999997,22.042856,1,1,1008,0,heuristic_claudeoptimal,solved,1,37.61053,44.469027,0.845769,0.003667,,,0.003667,0.004318,3,0,0
n_tsk\set08\n_tsk_8.py,n_tsk,8,n_tsk,8,2,8,5,0.5,0.5,0.7,0.6,1.0,0.5,48.299998,40,15,45.999998,68.999997,22.042856,1,1,1008,0,heuristic_claudeoptimal,solved,1,47.897642,48.013643,0.997584,0.006391,,,0.006391,0.006993,3,0,0
n_tsk\set08\n_tsk_10.py,n_tsk,8,n_tsk,10,2,10,5,0.5,0.5,0.7,0.6,1.0,0.5,48.299997,40,20,45.999995,68.999995,22.042855,1,1,1008,0,heuristic_claudeoptimal,solved,1,59.384003,48.241883,1.230964,0.014173,,,0.014173,0.015391,3,0,0
n_tsk\set08\n_tsk_12.py,n_tsk,8,n_tsk,12,2,12,5,0.5,0.5,0.7,0.6,1.0,0.5,48.299998,40,23,46.000001,68.999998,22.042858,1,1,1008,0,heuristic_claudeoptimal,solved,1,44.440366,48.253863,0.92097,0.019415,,,0.019415,0.019575,3,0,0
n_tsk\set08\n_tsk_16.py,n_tsk,8,n_tsk,16,2,16,5,0.5,0.5,0.7,0.6,1.0,0.5,48.300005,40,32,46.000005,69.000007,22.042859,1,1,1008,0,heuristic_claudeoptimal,solved,1,50.310152,48.276011,1.042136,0.15125,,,0.15125,0.151937,3,0,0
n_tsk\set08\n_tsk_20.py,n_tsk,8,n_tsk,20,2,20,5,0.5,0.5,0.7,0.6,1.0,0.5,48.300006,40,43,46.0,69.000008,22.042857,1,1,1008,0,heuristic_claudeoptimal,solved,1,55.635714,48.268797,1.152623,0.02052,,,0.02052,0.022909,3,0,0
n_tsk\set08\n_tsk_26.py,n_tsk,8,n_tsk,26,2,26,5,0.5,0.5,0.7,0.6,1.0,0.5,48.299986,40,64,45.999992,68.999979,22.042853,1,1,1008,0,heuristic_claudeoptimal,solved,1,52.356812,48.298334,1.084029,0.037146,,,0.037146,0.039007,3,0,0
n_tsk\set09\n_tsk_4.py,n_tsk,9,n_tsk,4,2,4,5,0.5,0.5,0.7,0.6,1.0,0.5,48.3,40,11,46.000001,69.0,21.400001,1,1,1009,0,heuristic_claudeoptimal,solved,1,67.559913,48.282002,1.399277,0.008367,,,0.008367,0.008661,3,0,0
n_tsk\set09\n_tsk_6.py,n_tsk,9,n_tsk,6,2,6,5,0.5,0.5,0.7,0.6,1.0,0.5,48.3,40,16,46.000003,69.0,21.400002,1,1,1009,0,heuristic_claudeoptimal,solved,1,46.129058,48.216357,0.95671,0.01021,,,0.01021,0.010363,3,0,0
n_tsk\set09\n_tsk_8.py,n_tsk,9,n_tsk,8,2,8,5,0.5,0.5,0.7,0.6,1.0,0.5,48.3,40,22,45.999999,69.0,21.399999,1,1,1009,0,heuristic_claudeoptimal,solved,1,55.690168,47.425692,1.174262,0.010853,,,0.010853,0.011367,3,0,0
n_tsk\set09\n_tsk_10.py,n_tsk,9,n_tsk,10,2,10,5,0.5,0.5,0.7,0.6,1.0,0.5,48.300008,40,30,46.000003,69.000011,21.400002,1,1,1009,0,heuristic_claudeoptimal,solved,1,53.9589,48.296024,1.117253,0.118695,,,0.118695,0.122451,3,0,0
n_tsk\set09\n_tsk_12.py,n_tsk,9,n_tsk,12,2,12,5,0.5,0.5,0.7,0.6,1.0,0.5,48.299997,40,38,45.999998,68.999995,21.399999,1,1,1009,0,heuristic_claudeoptimal,solved,1,53.646379,48.288953,1.110945,0.085326,,,0.085326,0.08902,3,0,0
n_tsk\set09\n_tsk_16.py,n_tsk,9,n_tsk,16,2,16,5,0.5,0.5,0.7,0.6,1.0,0.5,48.299997,40,46,46.000002,68.999995,21.400001,1,1,1009,0,heuristic_claudeoptimal,solved,1,62.405271,48.299924,1.292037,0.277629,,,0.277629,0.282392,3,0,0
n_tsk\set09\n_tsk_20.py,n_tsk,9,n_tsk,20,2,20,5,0.5,0.5,0.7,0.6,1.0,0.5,48.300013,40,56,46.000002,69.000018,21.400001,1,1,1009,0,heuristic_claudeoptimal,solved,1,53.540838,47.965292,1.116241,0.278114,,,0.278114,0.285375,3,0,0
n_tsk\set09\n_tsk_26.py,n_tsk,9,n_tsk,26,2,26,5,0.5,0.5,0.7,0.6,1.0,0.5,48.299999,40,70,45.999994,68.999999,21.399997,1,1,1009,0,heuristic_claudeoptimal,solved,1,58.611447,48.295214,1.213608,0.4071,,,0.4071,0.421833,3,0,0
n_tsk\set00\n_tsk_4.py,n_tsk,0,n_tsk,4,2,4,5,0.5,0.5,0.7,0.6,1.0,0.5,48.300005,40,11,45.999999,69.000007,22.042857,1,1,1000,0,heuristic_v6,solved,1,30.245548,47.936538,0.63095,0.051698,,,0.051698,0.053627,3,0,0
n_tsk\set00\n_tsk_6.py,n_tsk,0,n_tsk,6,2,6,5,0.5,0.5,0.7,0.6,1.0,0.5,48.299998,40,17,46.000002,68.999997,22.042858,1,1,1000,0,heuristic_v6,solved,1,66.040674,48.276989,1.367953,0.097449,,,0.097449,0.099382,3,0,0
n_tsk\set00\n_tsk_8.py,n_tsk,0,n_tsk,8,2,8,5,0.5,0.5,0.7,0.6,1.0,0.5,48.300002,40,20,45.999999,69.000003,22.042857,1,1,1000,0,heuristic_v6,solved,1,71.242923,48.082913,1.481668,0.140572,,,0.140572,0.154549,3,0,0
n_tsk\set00\n_tsk_10.py,n_tsk,0,n_tsk,10,2,10,5,0.5,0.5,0.7,0.6,1.0,0.5,48.299998,40,28,46.0,68.999997,22.042857,1,1,1000,0,heuristic_v6,solved,1,80.067166,48.12281,1.663809,0.27425,,,0.27425,0.288799,3,0,0
n_tsk\set00\n_tsk_12.py,n_tsk,0,n_tsk,12,2,12,5,0.5,0.5,0.7,0.6,1.0,0.5,48.299998,40,33,45.999994,68.999997,22.042854,1,1,1000,0,heuristic_v6,solved,1,79.393402,48.128237,1.649622,0.16935,,,0.16935,0.182945,3,0,0
n_tsk\set00\n_tsk_16.py,n_tsk,0,n_tsk,16,2,16,5,0.5,0.5,0.7,0.6,1.0,0.5,48.300007,40,42,46.000008,69.00001,22.042861,1,1,1000,0,heuristic_v6,solved,1,61.466366,48.150542,1.276546,0.304618,,,0.304618,0.313062,3,0,0
n_tsk\set00\n_tsk_20.py,n_tsk,0,n_tsk,20,2,20,5,0.5,0.5,0.7,0.6,1.0,0.5,48.300005,40,50,46.000009,69.000007,22.042862,1,1,1000,0,heuristic_v6,solved,1,68.007286,48.25921,1.409208,0.459999,,,0.459999,0.467318,3,0,0
n_tsk\set00\n_tsk_26.py,n_tsk,0,n_tsk,26,2,26,5,0.5,0.5,0.7,0.6,1.0,0.5,48.299995,40,64,46.000012,68.999993,22.042863,1,1,1000,0,heuristic_v6,solved,1,66.634496,48.283857,1.380057,0.682573,,,0.682573,0.726559,3,0,0
n_tsk\set01\n_tsk_4.py,n_tsk,1,n_tsk,4,2,4,5,0.5,0.5,0.7,0.6,1.0,0.5,48.299999,40,11,46.000002,68.999999,21.433334,1,1,1001,0,heuristic_v6,solved,1,55.71619,48.225756,1.15532,0.037781,,,0.037781,0.040025,3,0,0
n_tsk\set01\n_tsk_6.py,n_tsk,1,n_tsk,6,2,6,5,0.5,0.5,0.7,0.6,1.0,0.5,48.300002,40,14,46.000001,69.000003,21.433334,1,1,1001,0,heuristic_v6,solved,1,67.284482,48.068286,1.399769,0.133266,,,0.133266,0.138355,3,0,0
n_tsk\set01\n_tsk_8.py,n_tsk,1,n_tsk,8,2,8,5,0.5,0.5,0.7,0.6,1.0,0.5,48.299996,40,17,45.999995,68.999994,21.433331,1,1,1001,0,heuristic_v6,solved,1,46.39622,48.264973,0.961281,0.115459,,,0.115459,0.117197,3,0,0
n_tsk\set01\n_tsk_10.py,n_tsk,1,n_tsk,10,2,10,5,0.5,0.5,0.7,0.6,1.0,0.5,48.299995,40,20,45.999995,68.999993,21.433331,1,1,1001,0,heuristic_v6,solved,1,53.723926,48.024615,1.118675,0.130575,,,0.130575,0.134108,3,0,0
n_tsk\set01\n_tsk_12.py,n_tsk,1,n_tsk,12,2,12,5,0.5,0.5,0.7,0.6,1.0,0.5,48.299996,40,25,45.999998,68.999994,21.433332,1,1,1001,0,heuristic_v6,solved,1,55.212368,48.298941,1.143138,0.365221,,,0.365221,0.371778,3,0,0
n_tsk\set01\n_tsk_16.py,n_tsk,1,n_tsk,16,2,16,5,0.5,0.5,0.7,0.6,1.0,0.5,48.300002,40,35,46.000001,69.000002,21.433334,1,1,1001,0,heuristic_v6,solved,1,54.908949,48.232001,1.138434,1.644353,,,1.644353,1.647421,3,0,0
n_tsk\set01\n_tsk_20.py,n_tsk,1,n_tsk,20,2,20,5,0.5,0.5,0.7,0.6,1.0,0.5,48.300002,40,40,46.000001,69.000003,21.433334,1,1,1001,0,heuristic_v6,solved,1,52.573227,48.293241,1.088625,1.086044,,,1.086044,1.086849,3,0,0
n_tsk\set01\n_tsk_26.py,n_tsk,1,n_tsk,26,2,26,5,0.5,0.5,0.7,0.6,1.0,0.5,48.299994,40,49,45.999999,68.999991,21.433333,1,1,1001,0,heuristic_v6,solved,1,47.935583,48.290976,0.992641,3.36678,,,3.36678,3.389416,3,0,0
n_tsk\set02\n_tsk_4.py,n_tsk,2,n_tsk,4,2,4,5,0.5,0.5,0.7,0.6,1.0,0.5,48.299998,40,9,46.0,68.999997,21.4,1,1,1002,0,heuristic_v6,solved,1,49.568605,45.818908,1.081837,0.015731,,,0.015731,0.016952,3,0,0
n_tsk\set02\n_tsk_6.py,n_tsk,2,n_tsk,6,2,6,5,0.5,0.5,0.7,0.6,1.0,0.5,48.299997,40,15,45.999998,68.999995,21.399999,1,1,1002,0,heuristic_v6,solved,1,61.949318,47.384271,1.307381,0.088506,,,0.088506,0.09247,3,0,0
n_tsk\set02\n_tsk_8.py,n_tsk,2,n_tsk,8,2,8,5,0.5,0.5,0.7,0.6,1.0,0.5,48.299998,40,17,46.000001,68.999997,21.400001,1,1,1002,0,heuristic_v6,solved,1,65.182026,48.252235,1.35086,0.187777,,,0.187777,0.193565,3,0,0
n_tsk\set02\n_tsk_10.py,n_tsk,2,n_tsk,10,2,10,5,0.5,0.5,0.7,0.6,1.0,0.5,48.300002,40,22,45.999998,69.000003,21.399999,1,1,1002,0,heuristic_v6,solved,1,54.694301,48.228202,1.134073,0.071139,,,0.071139,0.07298,3,0,0
n_tsk\set02\n_tsk_12.py,n_tsk,2,n_tsk,12,2,12,5,0.5,0.5,0.7,0.6,1.0,0.5,48.300001,40,25,46.0,69.000001,21.4,1,1,1002,0,heuristic_v6,solved,1,72.007182,48.225598,1.493132,0.107065,,,0.107065,0.111131,3,0,0
n_tsk\set02\n_tsk_16.py,n_tsk,2,n_tsk,16,2,16,5,0.5,0.5,0.7,0.6,1.0,0.5,48.300003,40,38,46.0,69.000005,21.4,1,1,1002,0,heuristic_v6,solved,1,70.430274,47.838502,1.472251,0.401125,,,0.401125,0.407158,3,0,0
n_tsk\set02\n_tsk_20.py,n_tsk,2,n_tsk,20,2,20,5,0.5,0.5,0.7,0.6,1.0,0.5,48.299997,40,49,46.000008,68.999995,21.400004,1,1,1002,0,heuristic_v6,solved,1,67.026249,48.216701,1.390104,0.92829,,,0.92829,0.983017,3,0,0
n_tsk\set02\n_tsk_26.py,n_tsk,2,n_tsk,26,2,26,5,0.5,0.5,0.7,0.6,1.0,0.5,48.30001,40,62,46.000003,69.000015,21.400002,1,1,1002,0,heuristic_v6,solved,1,69.417939,48.237714,1.43908,0.453034,,,0.453034,0.456957,3,0,0
n_tsk\set03\n_tsk_4.py,n_tsk,3,n_tsk,4,2,4,5,0.5,0.5,0.7,0.6,1.0,0.5,48.299999,40,8,45.999999,68.999999,21.433333,1,1,1003,0,heuristic_v6,solved,1,44.738335,47.976263,0.93251,0.007885,,,0.007885,0.009128,3,0,0
n_tsk\set03\n_tsk_6.py,n_tsk,3,n_tsk,6,2,6,5,0.5,0.5,0.7,0.6,1.0,0.5,48.299999,40,12,46.0,68.999999,21.433333,1,1,1003,0,heuristic_v6,solved,1,54.250039,48.042187,1.129217,0.046923,,,0.046923,0.062799,3,0,0
n_tsk\set03\n_tsk_8.py,n_tsk,3,n_tsk,8,2,8,5,0.5,0.5,0.7,0.6,1.0,0.5,48.299998,40,17,45.999999,68.999998,21.433333,1,1,1003,0,heuristic_v6,solved,1,60.688872,48.29912,1.256521,0.050238,,,0.050238,0.054352,3,0,0
n_tsk\set03\n_tsk_10.py,n_tsk,3,n_tsk,10,2,10,5,0.5,0.5,0.7,0.6,1.0,0.5,48.299994,40,23,46.000002,68.999991,21.433334,1,1,1003,0,heuristic_v6,solved,1,60.146337,48.298049,1.245316,0.187961,,,0.187961,0.219765,3,0,0
n_tsk\set03\n_tsk_12.py,n_tsk,3,n_tsk,12,2,12,5,0.5,0.5,0.7,0.6,1.0,0.5,48.299994,40,26,46.000001,68.999991,21.433334,1,1,1003,0,heuristic_v6,solved,1,74.959921,48.199937,1.555187,0.223686,,,0.223686,0.23533,3,0,0
n_tsk\set03\n_tsk_16.py,n_tsk,3,n_tsk,16,2,16,5,0.5,0.5,0.7,0.6,1.0,0.5,48.300008,40,35,46.000009,69.000011,21.433338,1,1,1003,0,heuristic_v6,solved,1,63.648433,48.07278,1.324001,0.370208,,,0.370208,0.382331,3,0,0
n_tsk\set03\n_tsk_20.py,n_tsk,3,n_tsk,20,2,20,5,0.5,0.5,0.7,0.6,1.0,0.5,48.300003,40,40,46.000003,69.000005,21.433335,1,1,1003,0,heuristic_v6,solved,1,60.74409,48.299444,1.257656,0.570435,,,0.570435,0.596472,3,0,0
n_tsk\set03\n_tsk_26.py,n_tsk,3,n_tsk,26,2,26,5,0.5,0.5,0.7,0.6,1.0,0.5,48.299991,40,52,45.999998,68.999987,21.433332,1,1,1003,0,heuristic_v6,solved,1,76.205008,48.273425,1.578612,1.06108,,,1.06108,1.740534,3,0,0
n_tsk\set04\n_tsk_4.py,n_tsk,4,n_tsk,4,2,4,5,0.5,0.5,0.7,0.6,1.0,0.5,48.300002,40,11,46.000001,69.000002,22.042858,1,1,1004,0,heuristic_v6,solved,1,53.556161,48.112571,1.113143,0.04659,,,0.04659,0.055731,3,0,0
n_tsk\set04\n_tsk_6.py,n_tsk,4,n_tsk,6,2,6,5,0.5,0.5,0.7,0.6,1.0,0.5,48.3,40,14,46.000002,69.0,22.042858,1,1,1004,0,heuristic_v6,solved,1,50.481935,48.288182,1.04543,0.05789,,,0.05789,0.071296,3,0,0
n_tsk\set04\n_tsk_8.py,n_tsk,4,n_tsk,8,2,8,5,0.5,0.5,0.7,0.6,1.0,0.5,48.299998,40,19,45.999994,68.999997,22.042854,1,1,1004,0,heuristic_v6,solved,1,58.267033,48.248447,1.207646,0.101418,,,0.101418,0.394527,3,0,0
n_tsk\set04\n_tsk_10.py,n_tsk,4,n_tsk,10,2,10,5,0.5,0.5,0.7,0.6,1.0,0.5,48.3,40,24,46.0,69.0,22.042857,1,1,1004,0,heuristic_v6,solved,1,59.203757,48.289148,1.226026,0.26439,,,0.26439,0.590216,3,0,0
n_tsk\set04\n_tsk_12.py,n_tsk,4,n_tsk,12,2,12,5,0.5,0.5,0.7,0.6,1.0,0.5,48.300003,40,27,46.000003,69.000005,22.042859,1,1,1004,0,heuristic_v6,solved,1,54.189529,47.10318,1.150443,0.37132,,,0.37132,0.471675,3,0,0
n_tsk\set04\n_tsk_16.py,n_tsk,4,n_tsk,16,2,16,5,0.5,0.5,0.7,0.6,1.0,0.5,48.299998,40,37,46.000002,68.999997,22.042858,1,1,1004,0,heuristic_v6,solved,1,63.663436,47.747888,1.333325,1.258902,,,1.258902,1.881486,3,0,0
n_tsk\set04\n_tsk_20.py,n_tsk,4,n_tsk,20,2,20,5,0.5,0.5,0.7,0.6,1.0,0.5,48.300007,40,50,46.000002,69.00001,22.042858,1,1,1004,0,heuristic_v6,solved,1,51.52714,48.273084,1.067409,0.536503,,,0.536503,0.901381,3,0,0
n_tsk\set04\n_tsk_26.py,n_tsk,4,n_tsk,26,2,26,5,0.5,0.5,0.7,0.6,1.0,0.5,48.300001,40,67,46.000002,69.000001,22.042858,1,1,1004,0,heuristic_v6,solved,1,48.523223,48.288248,1.004866,0.618171,,,0.618171,0.631464,3,0,0
n_tsk\set05\n_tsk_4.py,n_tsk,5,n_tsk,4,2,4,5,0.5,0.5,0.7,0.6,1.0,0.5,48.300002,40,9,46.000001,69.000002,24.400001,1,1,1005,0,heuristic_v6,solved,1,60.439603,45.400842,1.331244,0.012003,,,0.012003,0.012496,3,0,0
n_tsk\set05\n_tsk_6.py,n_tsk,5,n_tsk,6,2,6,5,0.5,0.5,0.7,0.6,1.0,0.5,48.299994,40,11,45.999999,68.999992,24.399999,1,1,1005,0,heuristic_v6,solved,1,72.762868,48.263002,1.507632,0.040962,,,0.040962,0.043088,3,0,0
n_tsk\set05\n_tsk_8.py,n_tsk,5,n_tsk,8,2,8,5,0.5,0.5,0.7,0.6,1.0,0.5,48.300005,40,17,46.000005,69.000007,24.400002,1,1,1005,0,heuristic_v6,solved,1,44.802451,48.227778,0.928976,0.049968,,,0.049968,0.052407,3,0,0
n_tsk\set05\n_tsk_10.py,n_tsk,5,n_tsk,10,2,10,5,0.5,0.5,0.7,0.6,1.0,0.5,48.29999,40,22,46.000001,68.999985,24.400001,1,1,1005,0,heuristic_v6,solved,1,31.983793,48.17306,0.663935,0.206433,,,0.206433,0.22085,3,0,0
n_tsk\set05\n_tsk_12.py,n_tsk,5,n_tsk,12,2,12,5,0.5,0.5,0.7,0.6,1.0,0.5,48.299998,40,26,46.000002,68.999997,24.400001,1,1,1005,0,heuristic_v6,solved,1,59.262291,48.177548,1.230081,0.380438,,,0.380438,0.41614,3,0,0
n_tsk\set05\n_tsk_16.py,n_tsk,5,n_tsk,16,2,16,5,0.5,0.5,0.7,0.6,1.0,0.5,48.300005,40,36,46.000002,69.000007,24.400001,1,1,1005,0,heuristic_v6,solved,1,48.059174,48.261482,0.995808,0.291992,,,0.291992,0.302844,3,0,0
n_tsk\set05\n_tsk_20.py,n_tsk,5,n_tsk,20,2,20,5,0.5,0.5,0.7,0.6,1.0,0.5,48.299994,40,47,46.000002,68.999991,24.400001,1,1,1005,0,heuristic_v6,solved,1,52.649195,47.740554,1.102819,0.489137,,,0.489137,0.49828,3,0,0
n_tsk\set05\n_tsk_26.py,n_tsk,5,n_tsk,26,2,26,5,0.5,0.5,0.7,0.6,1.0,0.5,48.300012,40,65,46.0,69.000017,24.4,1,1,1005,0,heuristic_v6,solved,1,57.414146,48.252982,1.189857,0.695745,,,0.695745,0.725333,3,0,0
n_tsk\set06\n_tsk_4.py,n_tsk,6,n_tsk,4,2,4,5,0.5,0.5,0.7,0.6,1.0,0.5,48.300002,40,8,46.0,69.000003,21.433333,1,1,1006,0,heuristic_v6,solved,1,37.277578,47.899978,0.778238,0.014427,,,0.014427,0.015276,3,0,0
n_tsk\set06\n_tsk_6.py,n_tsk,6,n_tsk,6,2,6,5,0.5,0.5,0.7,0.6,1.0,0.5,48.300002,40,11,46.0,69.000002,21.433333,1,1,1006,0,heuristic_v6,solved,1,56.308425,48.204474,1.168116,0.036465,,,0.036465,0.038653,3,0,0
n_tsk\set06\n_tsk_8.py,n_tsk,6,n_tsk,8,2,8,5,0.5,0.5,0.7,0.6,1.0,0.5,48.299995,40,19,45.999997,68.999993,21.433332,1,1,1006,0,heuristic_v6,solved,1,55.627829,48.274492,1.152323,0.122994,,,0.122994,0.128136,3,0,0
n_tsk\set06\n_tsk_10.py,n_tsk,6,n_tsk,10,2,10,5,0.5,0.5,0.7,0.6,1.0,0.5,48.300002,40,22,46.0,69.000003,21.433333,1,1,1006,0,heuristic_v6,solved,1,67.991269,48.172267,1.411419,0.279571,,,0.279571,0.286321,3,0,0
n_tsk\set06\n_tsk_12.py,n_tsk,6,n_tsk,12,2,12,5,0.5,0.5,0.7,0.6,1.0,0.5,48.299996,40,27,45.999993,68.999994,21.43333,1,1,1006,0,heuristic_v6,solved,1,61.38765,48.126821,1.275539,0.247606,,,0.247606,0.262029,3,0,0
n_tsk\set06\n_tsk_16.py,n_tsk,6,n_tsk,16,2,16,5,0.5,0.5,0.7,0.6,1.0,0.5,48.300001,40,38,45.999997,69.000001,21.433332,1,1,1006,0,heuristic_v6,solved,1,59.069275,48.297958,1.223018,0.857869,,,0.857869,0.869694,3,0,0
n_tsk\set06\n_tsk_20.py,n_tsk,6,n_tsk,20,2,20,5,0.5,0.5,0.7,0.6,1.0,0.5,48.30001,40,50,46.000007,69.000015,21.433337,1,1,1006,0,heuristic_v6,solved,1,56.85785,48.085985,1.18242,1.264224,,,1.264224,1.305253,3,0,0
n_tsk\set06\n_tsk_26.py,n_tsk,6,n_tsk,26,2,26,5,0.5,0.5,0.7,0.6,1.0,0.5,48.299994,40,64,46.000002,68.999992,21.433334,1,1,1006,0,heuristic_v6,solved,1,69.963919,48.288806,1.448864,2.424966,,,2.424966,2.471159,3,0,0
n_tsk\set07\n_tsk_4.py,n_tsk,7,n_tsk,4,2,4,5,0.5,0.5,0.7,0.6,1.0,0.5,48.300002,40,8,46.0,69.000002,21.4,1,1,1007,0,heuristic_v6,solved,1,80.021178,48.031745,1.666006,0.018791,,,0.018791,0.019682,3,0,0
n_tsk\set07\n_tsk_6.py,n_tsk,7,n_tsk,6,2,6,5,0.5,0.5,0.7,0.6,1.0,0.5,48.299999,40,13,45.999999,68.999999,21.399999,1,1,1007,0,heuristic_v6,solved,1,63.62547,48.091461,1.32301,0.023244,,,0.023244,0.026043,3,0,0
n_tsk\set07\n_tsk_8.py,n_tsk,7,n_tsk,8,2,8,5,0.5,0.5,0.7,0.6,1.0,0.5,48.299997,40,18,45.999999,68.999995,21.399999,1,1,1007,0,heuristic_v6,solved,1,47.885952,48.298015,0.991468,0.083296,,,0.083296,0.084562,3,0,0
n_tsk\set07\n_tsk_10.py,n_tsk,7,n_tsk,10,2,10,5,0.5,0.5,0.7,0.6,1.0,0.5,48.299998,40,23,45.999999,68.999997,21.399999,1,1,1007,0,heuristic_v6,solved,1,72.998143,47.082512,1.55043,0.229896,,,0.229896,0.234236,3,0,0
n_tsk\set07\n_tsk_12.py,n_tsk,7,n_tsk,12,2,12,5,0.5,0.5,0.7,0.6,1.0,0.5,48.299998,40,28,45.999997,68.999998,21.399998,1,1,1007,0,heuristic_v6,solved,1,57.700124,46.345255,1.245006,0.347151,,,0.347151,0.358698,3,0,0
n_tsk\set07\n_tsk_16.py,n_tsk,7,n_tsk,16,2,16,5,0.5,0.5,0.7,0.6,1.0,0.5,48.299995,40,37,45.999994,68.999993,21.399997,1,1,1007,0,heuristic_v6,solved,1,67.314995,48.151087,1.397995,0.25891,,,0.25891,0.261991,3,0,0
n_tsk\set07\n_tsk_20.py,n_tsk,7,n_tsk,20,2,20,5,0.5,0.5,0.7,0.6,1.0,0.5,48.300002,40,47,46.000003,69.000002,21.400002,1,1,1007,0,heuristic_v6,solved,1,44.699867,47.103017,0.948981,0.37218,,,0.37218,0.386633,3,0,0
n_tsk\set07\n_tsk_26.py,n_tsk,7,n_tsk,26,2,26,5,0.5,0.5,0.7,0.6,1.0,0.5,48.300007,40,66,46.000003,69.00001,21.400002,1,1,1007,0,heuristic_v6,solved,1,56.342537,47.702429,1.181125,0.708081,,,0.708081,0.712968,3,0,0
n_tsk\set08\n_tsk_4.py,n_tsk,8,n_tsk,4,2,4,5,0.5,0.5,0.7,0.6,1.0,0.5,48.299998,40,8,46.0,68.999997,22.042857,1,1,1008,0,heuristic_v6,solved,1,52.947522,43.576218,1.215055,0.007175,,,0.007175,0.007808,3,0,0
n_tsk\set08\n_tsk_6.py,n_tsk,8,n_tsk,6,2,6,5,0.5,0.5,0.7,0.6,1.0,0.5,48.299998,40,13,45.999998,68.999997,22.042856,1,1,1008,0,heuristic_v6,solved,1,45.314814,47.961817,0.94481,0.017079,,,0.017079,0.018027,3,0,0
n_tsk\set08\n_tsk_8.py,n_tsk,8,n_tsk,8,2,8,5,0.5,0.5,0.7,0.6,1.0,0.5,48.299998,40,15,45.999998,68.999997,22.042856,1,1,1008,0,heuristic_v6,solved,1,57.650159,48.262588,1.19451,0.043209,,,0.043209,0.045079,3,0,0
n_tsk\set08\n_tsk_10.py,n_tsk,8,n_tsk,10,2,10,5,0.5,0.5,0.7,0.6,1.0,0.5,48.299997,40,20,45.999995,68.999995,22.042855,1,1,1008,0,heuristic_v6,solved,1,60.692487,48.112814,1.261462,0.177683,,,0.177683,0.180096,3,0,0
n_tsk\set08\n_tsk_12.py,n_tsk,8,n_tsk,12,2,12,5,0.5,0.5,0.7,0.6,1.0,0.5,48.299998,40,23,46.000001,68.999998,22.042858,1,1,1008,0,heuristic_v6,solved,1,48.010079,48.13951,0.997311,0.210841,,,0.210841,0.212293,3,0,0
n_tsk\set08\n_tsk_16.py,n_tsk,8,n_tsk,16,2,16,5,0.5,0.5,0.7,0.6,1.0,0.5,48.300005,40,32,46.000005,69.000007,22.042859,1,1,1008,0,heuristic_v6,solved,1,60.051969,48.268585,1.244121,0.462583,,,0.462583,0.468551,3,0,0
n_tsk\set08\n_tsk_20.py,n_tsk,8,n_tsk,20,2,20,5,0.5,0.5,0.7,0.6,1.0,0.5,48.300006,40,43,46.0,69.000008,22.042857,1,1,1008,0,heuristic_v6,solved,1,55.635714,48.268797,1.152623,0.319826,,,0.319826,0.32278,3,0,0
n_tsk\set08\n_tsk_26.py,n_tsk,8,n_tsk,26,2,26,5,0.5,0.5,0.7,0.6,1.0,0.5,48.299986,40,64,45.999992,68.999979,22.042853,1,1,1008,0,heuristic_v6,solved,1,53.17525,48.222207,1.102713,1.017371,,,1.017371,1.018168,3,0,0
n_tsk\set09\n_tsk_4.py,n_tsk,9,n_tsk,4,2,4,5,0.5,0.5,0.7,0.6,1.0,0.5,48.3,40,11,46.000001,69.0,21.400001,1,1,1009,0,heuristic_v6,solved,1,72.901921,47.701223,1.528303,0.022998,,,0.022998,0.02411,3,0,0
n_tsk\set09\n_tsk_6.py,n_tsk,9,n_tsk,6,2,6,5,0.5,0.5,0.7,0.6,1.0,0.5,48.3,40,16,46.000003,69.0,21.400002,1,1,1009,0,heuristic_v6,solved,1,46.341804,48.029338,0.964864,0.114625,,,0.114625,0.1193,3,0,0
n_tsk\set09\n_tsk_8.py,n_tsk,9,n_tsk,8,2,8,5,0.5,0.5,0.7,0.6,1.0,0.5,48.3,40,22,45.999999,69.0,21.399999,1,1,1009,0,heuristic_v6,solved,1,57.381092,48.261151,1.188971,0.217623,,,0.217623,0.220337,3,0,0
n_tsk\set09\n_tsk_10.py,n_tsk,9,n_tsk,10,2,10,5,0.5,0.5,0.7,0.6,1.0,0.5,48.300008,40,30,46.000003,69.000011,21.400002,1,1,1009,0,heuristic_v6,solved,1,54.225592,48.285729,1.123015,0.609567,,,0.609567,0.619945,3,0,0
n_tsk\set09\n_tsk_12.py,n_tsk,9,n_tsk,12,2,12,5,0.5,0.5,0.7,0.6,1.0,0.5,48.299997,40,38,45.999998,68.999995,21.399999,1,1,1009,0,heuristic_v6,solved,1,55.239485,48.222596,1.14551,1.324379,,,1.324379,1.337219,3,0,0
n_tsk\set09\n_tsk_16.py,n_tsk,9,n_tsk,16,2,16,5,0.5,0.5,0.7,0.6,1.0,0.5,48.299997,40,46,46.000002,68.999995,21.400001,1,1,1009,0,heuristic_v6,solved,1,61.954214,48.293706,1.282863,1.939959,,,1.939959,1.965653,3,0,0
n_tsk\set09\n_tsk_20.py,n_tsk,9,n_tsk,20,2,20,5,0.5,0.5,0.7,0.6,1.0,0.5,48.300013,40,56,46.000002,69.000018,21.400001,1,1,1009,0,heuristic_v6,solved,1,53.656349,48.088577,1.115782,1.952385,,,1.952385,1.962307,3,0,0
n_tsk\set09\n_tsk_26.py,n_tsk,9,n_tsk,26,2,26,5,0.5,0.5,0.7,0.6,1.0,0.5,48.299999,40,70,45.999994,68.999999,21.399997,1,1,1009,0,heuristic_v6,solved,1,59.594091,48.299909,1.233834,5.829142,,,5.829142,6.151717,3,0,0
n_tsk\set00\n_tsk_4.py,n_tsk,0,n_tsk,4,2,4,5,0.5,0.5,0.7,0.6,1.0,0.5,48.300005,40,11,45.999999,69.000007,22.042857,1,1,1000,0,heuristic_v7,solved,1,31.005181,48.299534,0.641935,0.013753,,,0.013753,0.020179,3,0,0
n_tsk\set00\n_tsk_6.py,n_tsk,0,n_tsk,6,2,6,5,0.5,0.5,0.7,0.6,1.0,0.5,48.299998,40,17,46.000002,68.999997,22.042858,1,1,1000,0,heuristic_v7,solved,1,67.850423,48.170337,1.408552,0.033337,,,0.033337,0.035112,3,0,0
n_tsk\set00\n_tsk_8.py,n_tsk,0,n_tsk,8,2,8,5,0.5,0.5,0.7,0.6,1.0,0.5,48.300002,40,20,45.999999,69.000003,22.042857,1,1,1000,0,heuristic_v7,solved,1,71.242923,48.082913,1.481668,0.026561,,,0.026561,0.02767,3,0,0
n_tsk\set00\n_tsk_10.py,n_tsk,0,n_tsk,10,2,10,5,0.5,0.5,0.7,0.6,1.0,0.5,48.299998,40,28,46.0,68.999997,22.042857,1,1,1000,0,heuristic_v7,solved,1,80.067166,48.12281,1.663809,0.04638,,,0.04638,0.048769,3,0,0
n_tsk\set00\n_tsk_12.py,n_tsk,0,n_tsk,12,2,12,5,0.5,0.5,0.7,0.6,1.0,0.5,48.299998,40,33,45.999994,68.999997,22.042854,1,1,1000,0,heuristic_v7,solved,1,79.393402,48.211659,1.646768,0.05234,,,0.05234,0.053514,3,0,0
n_tsk\set00\n_tsk_16.py,n_tsk,0,n_tsk,16,2,16,5,0.5,0.5,0.7,0.6,1.0,0.5,48.300007,40,42,46.000008,69.00001,22.042861,1,1,1000,0,heuristic_v7,solved,1,61.466366,48.150542,1.276546,0.114902,,,0.114902,0.116173,3,0,0
n_tsk\set00\n_tsk_20.py,n_tsk,0,n_tsk,20,2,20,5,0.5,0.5,0.7,0.6,1.0,0.5,48.300005,40,50,46.000009,69.000007,22.042862,1,1,1000,0,heuristic_v7,solved,1,68.007286,48.25921,1.409208,0.157404,,,0.157404,0.161357,3,0,0
n_tsk\set00\n_tsk_26.py,n_tsk,0,n_tsk,26,2,26,5,0.5,0.5,0.7,0.6,1.0,0.5,48.299995,40,64,46.000012,68.999993,22.042863,1,1,1000,0,heuristic_v7,solved,1,66.634496,48.283857,1.380057,0.35165,,,0.35165,0.360843,3,0,0
n_tsk\set01\n_tsk_4.py,n_tsk,1,n_tsk,4,2,4,5,0.5,0.5,0.7,0.6,1.0,0.5,48.299999,40,11,46.000002,68.999999,21.433334,1,1,1001,0,heuristic_v7,solved,1,54.520547,47.700575,1.142975,0.020385,,,0.020385,0.020715,3,0,0
n_tsk\set01\n_tsk_6.py,n_tsk,1,n_tsk,6,2,6,5,0.5,0.5,0.7,0.6,1.0,0.5,48.300002,40,14,46.000001,69.000003,21.433334,1,1,1001,0,heuristic_v7,solved,1,62.226182,48.225155,1.290326,0.039719,,,0.039719,0.040082,3,0,0
n_tsk\set01\n_tsk_8.py,n_tsk,1,n_tsk,8,2,8,5,0.5,0.5,0.7,0.6,1.0,0.5,48.299996,40,17,45.999995,68.999994,21.433331,1,1,1001,0,heuristic_v7,solved,1,45.865446,48.234198,0.950891,0.03888,,,0.03888,0.04147,3,0,0
n_tsk\set01\n_tsk_10.py,n_tsk,1,n_tsk,10,2,10,5,0.5,0.5,0.7,0.6,1.0,0.5,48.299995,40,20,45.999995,68.999993,21.433331,1,1,1001,0,heuristic_v7,solved,1,53.723926,48.161527,1.115495,0.035141,,,0.035141,0.043071,3,0,0
n_tsk\set01\n_tsk_12.py,n_tsk,1,n_tsk,12,2,12,5,0.5,0.5,0.7,0.6,1.0,0.5,48.299996,40,25,45.999998,68.999994,21.433332,1,1,1001,0,heuristic_v7,solved,1,54.070589,48.284377,1.119836,0.070772,,,0.070772,0.089718,3,0,0
n_tsk\set01\n_tsk_16.py,n_tsk,1,n_tsk,16,2,16,5,0.5,0.5,0.7,0.6,1.0,0.5,48.300002,40,35,46.000001,69.000002,21.433334,1,1,1001,0,heuristic_v7,solved,1,54.237392,48.274018,1.123532,0.242711,,,0.242711,0.255013,3,0,0
n_tsk\set01\n_tsk_20.py,n_tsk,1,n_tsk,20,2,20,5,0.5,0.5,0.7,0.6,1.0,0.5,48.300002,40,40,46.000001,69.000003,21.433334,1,1,1001,0,heuristic_v7,solved,1,52.469293,48.142523,1.089874,0.207203,,,0.207203,0.20938,3,0,0
n_tsk\set01\n_tsk_26.py,n_tsk,1,n_tsk,26,2,26,5,0.5,0.5,0.7,0.6,1.0,0.5,48.299994,40,49,45.999999,68.999991,21.433333,1,1,1001,0,heuristic_v7,solved,1,48.101597,48.286218,0.996177,0.903336,,,0.903336,0.942614,3,0,0
n_tsk\set02\n_tsk_4.py,n_tsk,2,n_tsk,4,2,4,5,0.5,0.5,0.7,0.6,1.0,0.5,48.299998,40,9,46.0,68.999997,21.4,1,1,1002,0,heuristic_v7,solved,1,54.195576,47.970807,1.129762,0.007517,,,0.007517,0.008171,3,0,0
n_tsk\set02\n_tsk_6.py,n_tsk,2,n_tsk,6,2,6,5,0.5,0.5,0.7,0.6,1.0,0.5,48.299997,40,15,45.999998,68.999995,21.399999,1,1,1002,0,heuristic_v7,solved,1,61.854493,47.775541,1.29469,0.04129,,,0.04129,0.045689,3,0,0
n_tsk\set02\n_tsk_8.py,n_tsk,2,n_tsk,8,2,8,5,0.5,0.5,0.7,0.6,1.0,0.5,48.299998,40,17,46.000001,68.999997,21.400001,1,1,1002,0,heuristic_v7,solved,1,61.321093,48.255808,1.270751,0.051808,,,0.051808,0.054317,3,0,0
n_tsk\set02\n_tsk_10.py,n_tsk,2,n_tsk,10,2,10,5,0.5,0.5,0.7,0.6,1.0,0.5,48.300002,40,22,45.999998,69.000003,21.399999,1,1,1002,0,heuristic_v7,solved,1,54.694301,48.228202,1.134073,0.027683,,,0.027683,0.029111,3,0,0
n_tsk\set02\n_tsk_12.py,n_tsk,2,n_tsk,12,2,12,5,0.5,0.5,0.7,0.6,1.0,0.5,48.300001,40,25,46.0,69.000001,21.4,1,1,1002,0,heuristic_v7,solved,1,72.007182,48.225598,1.493132,0.0409,,,0.0409,0.04188,3,0,0
n_tsk\set02\n_tsk_16.py,n_tsk,2,n_tsk,16,2,16,5,0.5,0.5,0.7,0.6,1.0,0.5,48.300003,40,38,46.0,69.000005,21.4,1,1,1002,0,heuristic_v7,solved,1,70.143965,48.088416,1.458646,0.10279,,,0.10279,0.106872,3,0,0
n_tsk\set02\n_tsk_20.py,n_tsk,2,n_tsk,20,2,20,5,0.5,0.5,0.7,0.6,1.0,0.5,48.299997,40,49,46.000008,68.999995,21.400004,1,1,1002,0,heuristic_v7,solved,1,66.514794,48.299578,1.37713,0.22715,,,0.22715,0.229117,3,0,0
n_tsk\set02\n_tsk_26.py,n_tsk,2,n_tsk,26,2,26,5,0.5,0.5,0.7,0.6,1.0,0.5,48.30001,40,62,46.000003,69.000015,21.400002,1,1,1002,0,heuristic_v7,solved,1,69.417939,48.237714,1.43908,0.337438,,,0.337438,0.346118,3,0,0
n_tsk\set03\n_tsk_4.py,n_tsk,3,n_tsk,4,2,4,5,0.5,0.5,0.7,0.6,1.0,0.5,48.299999,40,8,45.999999,68.999999,21.433333,1,1,1003,0,heuristic_v7,solved,1,44.738335,47.976263,0.93251,0.00687,,,0.00687,0.007593,3,0,0
n_tsk\set03\n_tsk_6.py,n_tsk,3,n_tsk,6,2,6,5,0.5,0.5,0.7,0.6,1.0,0.5,48.299999,40,12,46.0,68.999999,21.433333,1,1,1003,0,heuristic_v7,solved,1,50.08631,48.091898,1.041471,0.023012,,,0.023012,0.024478,3,0,0
n_tsk\set03\n_tsk_8.py,n_tsk,3,n_tsk,8,2,8,5,0.5,0.5,0.7,0.6,1.0,0.5,48.299998,40,17,45.999999,68.999998,21.433333,1,1,1003,0,heuristic_v7,solved,1,60.688872,48.29912,1.256521,0.028564,,,0.028564,0.030039,3,0,0
n_tsk\set03\n_tsk_10.py,n_tsk,3,n_tsk,10,2,10,5,0.5,0.5,0.7,0.6,1.0,0.5,48.299994,40,23,46.000002,68.999991,21.433334,1,1,1003,0,heuristic_v7,solved,1,61.715426,48.224749,1.279746,0.041825,,,0.041825,0.042472,3,0,0
n_tsk\set03\n_tsk_12.py,n_tsk,3,n_tsk,12,2,12,5,0.5,0.5,0.7,0.6,1.0,0.5,48.299994,40,26,46.000001,68.999991,21.433334,1,1,1003,0,heuristic_v7,solved,1,74.880788,48.299865,1.550331,0.067752,,,0.067752,0.074611,3,0,0
n_tsk\set03\n_tsk_16.py,n_tsk,3,n_tsk,16,2,16,5,0.5,0.5,0.7,0.6,1.0,0.5,48.300008,40,35,46.000009,69.000011,21.433338,1,1,1003,0,heuristic_v7,solved,1,63.648433,48.07278,1.324001,0.094656,,,0.094656,0.100466,3,0,0
n_tsk\set03\n_tsk_20.py,n_tsk,3,n_tsk,20,2,20,5,0.5,0.5,0.7,0.6,1.0,0.5,48.300003,40,40,46.000003,69.000005,21.433335,1,1,1003,0,heuristic_v7,solved,1,60.625875,48.291924,1.255404,0.153018,,,0.153018,0.156766,3,0,0
n_tsk\set03\n_tsk_26.py,n_tsk,3,n_tsk,26,2,26,5,0.5,0.5,0.7,0.6,1.0,0.5,48.299991,40,52,45.999998,68.999987,21.433332,1,1,1003,0,heuristic_v7,solved,1,76.003334,48.287427,1.573978,0.175037,,,0.175037,0.181315,3,0,0
n_tsk\set04\n_tsk_4.py,n_tsk,4,n_tsk,4,2,4,5,0.5,0.5,0.7,0.6,1.0,0.5,48.300002,40,11,46.000001,69.000002,22.042858,1,1,1004,0,heuristic_v7,solved,1,53.556161,48.112571,1.113143,0.01892,,,0.01892,0.020507,3,0,0
n_tsk\set04\n_tsk_6.py,n_tsk,4,n_tsk,6,2,6,5,0.5,0.5,0.7,0.6,1.0,0.5,48.3,40,14,46.000002,69.0,22.042858,1,1,1004,0,heuristic_v7,solved,1,50.481935,48.288182,1.04543,0.016393,,,0.016393,0.017704,3,0,0
n_tsk\set04\n_tsk_8.py,n_tsk,4,n_tsk,8,2,8,5,0.5,0.5,0.7,0.6,1.0,0.5,48.299998,40,19,45.999994,68.999997,22.042854,1,1,1004,0,heuristic_v7,solved,1,58.267033,48.248447,1.207646,0.029574,,,0.029574,0.030305,3,0,0
n_tsk\set04\n_tsk_10.py,n_tsk,4,n_tsk,10,2,10,5,0.5,0.5,0.7,0.6,1.0,0.5,48.3,40,24,46.0,69.0,22.042857,1,1,1004,0,heuristic_v7,solved,1,57.865625,48.160073,1.201527,0.05077,,,0.05077,0.051591,3,0,0
n_tsk\set04\n_tsk_12.py,n_tsk,4,n_tsk,12,2,12,5,0.5,0.5,0.7,0.6,1.0,0.5,48.300003,40,27,46.000003,69.000005,22.042859,1,1,1004,0,heuristic_v7,solved,1,54.189529,47.10318,1.150443,0.074607,,,0.074607,0.075708,3,0,0
n_tsk\set04\n_tsk_16.py,n_tsk,4,n_tsk,16,2,16,5,0.5,0.5,0.7,0.6,1.0,0.5,48.299998,40,37,46.000002,68.999997,22.042858,1,1,1004,0,heuristic_v7,solved,1,63.663436,47.747888,1.333325,0.114533,,,0.114533,0.120674,3,0,0
n_tsk\set04\n_tsk_20.py,n_tsk,4,n_tsk,20,2,20,5,0.5,0.5,0.7,0.6,1.0,0.5,48.300007,40,50,46.000002,69.00001,22.042858,1,1,1004,0,heuristic_v7,solved,1,51.52714,48.273084,1.067409,0.2882,,,0.2882,0.307003,3,0,0
n_tsk\set04\n_tsk_26.py,n_tsk,4,n_tsk,26,2,26,5,0.5,0.5,0.7,0.6,1.0,0.5,48.300001,40,67,46.000002,69.000001,22.042858,1,1,1004,0,heuristic_v7,solved,1,48.523223,48.288248,1.004866,0.30971,,,0.30971,0.315201,3,0,0
n_tsk\set05\n_tsk_4.py,n_tsk,5,n_tsk,4,2,4,5,0.5,0.5,0.7,0.6,1.0,0.5,48.300002,40,9,46.000001,69.000002,24.400001,1,1,1005,0,heuristic_v7,solved,1,60.439603,48.051367,1.257812,0.01066,,,0.01066,0.011837,3,0,0
n_tsk\set05\n_tsk_6.py,n_tsk,5,n_tsk,6,2,6,5,0.5,0.5,0.7,0.6,1.0,0.5,48.299994,40,11,45.999999,68.999992,24.399999,1,1,1005,0,heuristic_v7,solved,1,72.762868,48.263002,1.507632,0.01886,,,0.01886,0.019711,3,0,0
n_tsk\set05\n_tsk_8.py,n_tsk,5,n_tsk,8,2,8,5,0.5,0.5,0.7,0.6,1.0,0.5,48.300005,40,17,46.000005,69.000007,24.400002,1,1,1005,0,heuristic_v7,solved,1,44.802451,48.289968,0.92778,0.021006,,,0.021006,0.021934,3,0,0
n_tsk\set05\n_tsk_10.py,n_tsk,5,n_tsk,10,2,10,5,0.5,0.5,0.7,0.6,1.0,0.5,48.29999,40,22,46.000001,68.999985,24.400001,1,1,1005,0,heuristic_v7,solved,1,31.983793,48.290394,0.662322,0.048714,,,0.048714,0.050876,3,0,0
n_tsk\set05\n_tsk_12.py,n_tsk,5,n_tsk,12,2,12,5,0.5,0.5,0.7,0.6,1.0,0.5,48.299998,40,26,46.000002,68.999997,24.400001,1,1,1005,0,heuristic_v7,solved,1,59.262291,48.279924,1.227473,0.075578,,,0.075578,0.080455,3,0,0
n_tsk\set05\n_tsk_16.py,n_tsk,5,n_tsk,16,2,16,5,0.5,0.5,0.7,0.6,1.0,0.5,48.300005,40,36,46.000002,69.000007,24.400001,1,1,1005,0,heuristic_v7,solved,1,48.059174,48.261482,0.995808,0.101769,,,0.101769,0.102913,3,0,0
n_tsk\set05\n_tsk_20.py,n_tsk,5,n_tsk,20,2,20,5,0.5,0.5,0.7,0.6,1.0,0.5,48.299994,40,47,46.000002,68.999991,24.400001,1,1,1005,0,heuristic_v7,solved,1,52.649195,47.740554,1.102819,0.168164,,,0.168164,0.174088,3,0,0
n_tsk\set05\n_tsk_26.py,n_tsk,5,n_tsk,26,2,26,5,0.5,0.5,0.7,0.6,1.0,0.5,48.300012,40,65,46.0,69.000017,24.4,1,1,1005,0,heuristic_v7,solved,1,57.414146,48.252982,1.189857,0.25725,,,0.25725,0.274543,3,0,0
n_tsk\set06\n_tsk_4.py,n_tsk,6,n_tsk,4,2,4,5,0.5,0.5,0.7,0.6,1.0,0.5,48.300002,40,8,46.0,69.000003,21.433333,1,1,1006,0,heuristic_v7,solved,1,37.277578,47.899978,0.778238,0.011291,,,0.011291,0.011886,3,0,0
n_tsk\set06\n_tsk_6.py,n_tsk,6,n_tsk,6,2,6,5,0.5,0.5,0.7,0.6,1.0,0.5,48.300002,40,11,46.0,69.000002,21.433333,1,1,1006,0,heuristic_v7,solved,1,55.549176,47.999458,1.157288,0.014297,,,0.014297,0.01481,3,0,0
n_tsk\set06\n_tsk_8.py,n_tsk,6,n_tsk,8,2,8,5,0.5,0.5,0.7,0.6,1.0,0.5,48.299995,40,19,45.999997,68.999993,21.433332,1,1,1006,0,heuristic_v7,solved,1,55.509992,48.181218,1.152109,0.028461,,,0.028461,0.029258,3,0,0
n_tsk\set06\n_tsk_10.py,n_tsk,6,n_tsk,10,2,10,5,0.5,0.5,0.7,0.6,1.0,0.5,48.300002,40,22,46.0,69.000003,21.433333,1,1,1006,0,heuristic_v7,solved,1,68.266769,48.299536,1.413404,0.051503,,,0.051503,0.054386,3,0,0
n_tsk\set06\n_tsk_12.py,n_tsk,6,n_tsk,12,2,12,5,0.5,0.5,0.7,0.6,1.0,0.5,48.299996,40,27,45.999993,68.999994,21.43333,1,1,1006,0,heuristic_v7,solved,1,59.39316,48.238517,1.231239,0.070674,,,0.070674,0.071886,3,0,0
n_tsk\set06\n_tsk_16.py,n_tsk,6,n_tsk,16,2,16,5,0.5,0.5,0.7,0.6,1.0,0.5,48.300001,40,38,45.999997,69.000001,21.433332,1,1,1006,0,heuristic_v7,solved,1,57.734714,48.271176,1.196049,0.219348,,,0.219348,0.226329,3,0,0
n_tsk\set06\n_tsk_20.py,n_tsk,6,n_tsk,20,2,20,5,0.5,0.5,0.7,0.6,1.0,0.5,48.30001,40,50,46.000007,69.000015,21.433337,1,1,1006,0,heuristic_v7,solved,1,56.815763,48.075115,1.181812,0.31423,,,0.31423,0.320401,3,0,0
n_tsk\set06\n_tsk_26.py,n_tsk,6,n_tsk,26,2,26,5,0.5,0.5,0.7,0.6,1.0,0.5,48.299994,40,64,46.000002,68.999992,21.433334,1,1,1006,0,heuristic_v7,solved,1,69.981465,48.293182,1.449096,0.971725,,,0.971725,0.983683,3,0,0
n_tsk\set07\n_tsk_4.py,n_tsk,7,n_tsk,4,2,4,5,0.5,0.5,0.7,0.6,1.0,0.5,48.300002,40,8,46.0,69.000002,21.4,1,1,1007,0,heuristic_v7,solved,1,77.622727,47.87978,1.621201,0.010689,,,0.010689,0.01114,3,0,0
n_tsk\set07\n_tsk_6.py,n_tsk,7,n_tsk,6,2,6,5,0.5,0.5,0.7,0.6,1.0,0.5,48.299999,40,13,45.999999,68.999999,21.399999,1,1,1007,0,heuristic_v7,solved,1,63.62547,48.091461,1.32301,0.016059,,,0.016059,0.016122,3,0,0
n_tsk\set07\n_tsk_8.py,n_tsk,7,n_tsk,8,2,8,5,0.5,0.5,0.7,0.6,1.0,0.5,48.299997,40,18,45.999999,68.999995,21.399999,1,1,1007,0,heuristic_v7,solved,1,47.885952,48.298015,0.991468,0.042469,,,0.042469,0.046618,3,0,0
n_tsk\set07\n_tsk_10.py,n_tsk,7,n_tsk,10,2,10,5,0.5,0.5,0.7,0.6,1.0,0.5,48.299998,40,23,45.999999,68.999997,21.399999,1,1,1007,0,heuristic_v7,solved,1,72.998143,47.082512,1.55043,0.040661,,,0.040661,0.041752,3,0,0
n_tsk\set07\n_tsk_12.py,n_tsk,7,n_tsk,12,2,12,5,0.5,0.5,0.7,0.6,1.0,0.5,48.299998,40,28,45.999997,68.999998,21.399998,1,1,1007,0,heuristic_v7,solved,1,57.700124,46.494859,1.241,0.054053,,,0.054053,0.056364,3,0,0
n_tsk\set07\n_tsk_16.py,n_tsk,7,n_tsk,16,2,16,5,0.5,0.5,0.7,0.6,1.0,0.5,48.299995,40,37,45.999994,68.999993,21.399997,1,1,1007,0,heuristic_v7,solved,1,67.314995,48.18391,1.397043,0.070874,,,0.070874,0.072735,3,0,0
n_tsk\set07\n_tsk_20.py,n_tsk,7,n_tsk,20,2,20,5,0.5,0.5,0.7,0.6,1.0,0.5,48.300002,40,47,46.000003,69.000002,21.400002,1,1,1007,0,heuristic_v7,solved,1,44.699867,47.103017,0.948981,0.155181,,,0.155181,0.161702,3,0,0
n_tsk\set07\n_tsk_26.py,n_tsk,7,n_tsk,26,2,26,5,0.5,0.5,0.7,0.6,1.0,0.5,48.300007,40,66,46.000003,69.00001,21.400002,1,1,1007,0,heuristic_v7,solved,1,56.342537,47.016276,1.198362,0.304084,,,0.304084,0.310627,3,0,0
n_tsk\set08\n_tsk_4.py,n_tsk,8,n_tsk,4,2,4,5,0.5,0.5,0.7,0.6,1.0,0.5,48.299998,40,8,46.0,68.999997,22.042857,1,1,1008,0,heuristic_v7,solved,1,52.947522,43.576218,1.215055,0.006445,,,0.006445,0.007265,3,0,0
n_tsk\set08\n_tsk_6.py,n_tsk,8,n_tsk,6,2,6,5,0.5,0.5,0.7,0.6,1.0,0.5,48.299998,40,13,45.999998,68.999997,22.042856,1,1,1008,0,heuristic_v7,solved,1,45.314814,47.961817,0.94481,0.009754,,,0.009754,0.011371,3,0,0
n_tsk\set08\n_tsk_8.py,n_tsk,8,n_tsk,8,2,8,5,0.5,0.5,0.7,0.6,1.0,0.5,48.299998,40,15,45.999998,68.999997,22.042856,1,1,1008,0,heuristic_v7,solved,1,57.650159,48.144128,1.197449,0.011749,,,0.011749,0.012395,3,0,0
n_tsk\set08\n_tsk_10.py,n_tsk,8,n_tsk,10,2,10,5,0.5,0.5,0.7,0.6,1.0,0.5,48.299997,40,20,45.999995,68.999995,22.042855,1,1,1008,0,heuristic_v7,solved,1,60.673798,47.452377,1.278625,0.035409,,,0.035409,0.037118,3,0,0
n_tsk\set08\n_tsk_12.py,n_tsk,8,n_tsk,12,2,12,5,0.5,0.5,0.7,0.6,1.0,0.5,48.299998,40,23,46.000001,68.999998,22.042858,1,1,1008,0,heuristic_v7,solved,1,48.035647,48.229062,0.99599,0.055217,,,0.055217,0.058442,3,0,0
n_tsk\set08\n_tsk_16.py,n_tsk,8,n_tsk,16,2,16,5,0.5,0.5,0.7,0.6,1.0,0.5,48.300005,40,32,46.000005,69.000007,22.042859,1,1,1008,0,heuristic_v7,solved,1,59.286374,48.292238,1.227658,0.115082,,,0.115082,0.116922,3,0,0
n_tsk\set08\n_tsk_20.py,n_tsk,8,n_tsk,20,2,20,5,0.5,0.5,0.7,0.6,1.0,0.5,48.300006,40,43,46.0,69.000008,22.042857,1,1,1008,0,heuristic_v7,solved,1,55.635714,48.268797,1.152623,0.114712,,,0.114712,0.121707,3,0,0
n_tsk\set08\n_tsk_26.py,n_tsk,8,n_tsk,26,2,26,5,0.5,0.5,0.7,0.6,1.0,0.5,48.299986,40,64,45.999992,68.999979,22.042853,1,1,1008,0,heuristic_v7,solved,1,53.22716,48.291941,1.102196,0.274072,,,0.274072,0.280311,3,0,0
n_tsk\set09\n_tsk_4.py,n_tsk,9,n_tsk,4,2,4,5,0.5,0.5,0.7,0.6,1.0,0.5,48.3,40,11,46.000001,69.0,21.400001,1,1,1009,0,heuristic_v7,solved,1,72.901921,47.701223,1.528303,0.019859,,,0.019859,0.020117,3,0,0
n_tsk\set09\n_tsk_6.py,n_tsk,9,n_tsk,6,2,6,5,0.5,0.5,0.7,0.6,1.0,0.5,48.3,40,16,46.000003,69.0,21.400002,1,1,1009,0,heuristic_v7,solved,1,46.45018,48.078653,0.966129,0.034054,,,0.034054,0.035019,3,0,0
n_tsk\set09\n_tsk_8.py,n_tsk,9,n_tsk,8,2,8,5,0.5,0.5,0.7,0.6,1.0,0.5,48.3,40,22,45.999999,69.0,21.399999,1,1,1009,0,heuristic_v7,solved,1,54.610838,47.062011,1.160402,0.042385,,,0.042385,0.042871,3,0,0
n_tsk\set09\n_tsk_10.py,n_tsk,9,n_tsk,10,2,10,5,0.5,0.5,0.7,0.6,1.0,0.5,48.300008,40,30,46.000003,69.000011,21.400002,1,1,1009,0,heuristic_v7,solved,1,53.714598,48.294836,1.112222,0.13925,,,0.13925,0.155862,3,0,0
n_tsk\set09\n_tsk_12.py,n_tsk,9,n_tsk,12,2,12,5,0.5,0.5,0.7,0.6,1.0,0.5,48.299997,40,38,45.999998,68.999995,21.399999,1,1,1009,0,heuristic_v7,solved,1,54.850268,48.27274,1.136258,0.321113,,,0.321113,0.325943,3,0,0
n_tsk\set09\n_tsk_16.py,n_tsk,9,n_tsk,16,2,16,5,0.5,0.5,0.7,0.6,1.0,0.5,48.299997,40,46,46.000002,68.999995,21.400001,1,1,1009,0,heuristic_v7,solved,1,61.571315,48.180872,1.27792,0.657572,,,0.657572,0.703054,3,0,0
n_tsk\set09\n_tsk_20.py,n_tsk,9,n_tsk,20,2,20,5,0.5,0.5,0.7,0.6,1.0,0.5,48.300013,40,56,46.000002,69.000018,21.400001,1,1,1009,0,heuristic_v7,solved,1,53.541431,47.996949,1.115517,0.446775,,,0.446775,0.449293,3,0,0
n_tsk\set09\n_tsk_26.py,n_tsk,9,n_tsk,26,2,26,5,0.5,0.5,0.7,0.6,1.0,0.5,48.299999,40,70,45.999994,68.999999,21.399997,1,1,1009,0,heuristic_v7,solved,1,58.95821,48.298877,1.220695,1.653349,,,1.653349,1.688503,3,0,0
n_tsk\set00\n_tsk_4.py,n_tsk,0,n_tsk,4,2,4,5,0.5,0.5,0.7,0.6,1.0,0.5,48.300005,40,11,45.999999,69.000007,22.042857,1,1,1000,0,ilp_v1,optimal,1,31.005181,48.076698,0.644911,0.037452,0.0,,0.037452,0.081456,3,0,0
n_tsk\set00\n_tsk_6.py,n_tsk,0,n_tsk,6,2,6,5,0.5,0.5,0.7,0.6,1.0,0.5,48.299998,40,17,46.000002,68.999997,22.042858,1,1,1000,0,ilp_v1,optimal,1,68.970128,47.95367,1.438266,0.047712,0.0,,0.047712,0.049514,3,0,0
n_tsk\set00\n_tsk_8.py,n_tsk,0,n_tsk,8,2,8,5,0.5,0.5,0.7,0.6,1.0,0.5,48.300002,40,20,45.999999,69.000003,22.042857,1,1,1000,0,ilp_v1,optimal,1,71.242923,47.882899,1.487857,0.02375,0.0,,0.02375,0.027522,3,0,0
n_tsk\set00\n_tsk_10.py,n_tsk,0,n_tsk,10,2,10,5,0.5,0.5,0.7,0.6,1.0,0.5,48.299998,40,28,46.0,68.999997,22.042857,1,1,1000,0,ilp_v1,optimal,1,80.067166,48.233488,1.659991,0.023483,0.0,,0.023483,0.023848,3,0,0
n_tsk\set00\n_tsk_12.py,n_tsk,0,n_tsk,12,2,12,5,0.5,0.5,0.7,0.6,1.0,0.5,48.299998,40,33,45.999994,68.999997,22.042854,1,1,1000,0,ilp_v1,optimal,1,79.393402,48.278239,1.644497,0.035771,0.0,,0.035771,0.042468,3,0,0
n_tsk\set00\n_tsk_16.py,n_tsk,0,n_tsk,16,2,16,5,0.5,0.5,0.7,0.6,1.0,0.5,48.300007,40,42,46.000008,69.00001,22.042861,1,1,1000,0,ilp_v1,optimal,1,61.466366,48.280844,1.2731,0.054374,0.0,,0.054374,0.057254,3,0,0
n_tsk\set00\n_tsk_20.py,n_tsk,0,n_tsk,20,2,20,5,0.5,0.5,0.7,0.6,1.0,0.5,48.300005,40,50,46.000009,69.000007,22.042862,1,1,1000,0,ilp_v1,optimal,1,68.007286,47.957004,1.418089,0.060407,0.0,,0.060407,0.091463,3,0,0
n_tsk\set00\n_tsk_26.py,n_tsk,0,n_tsk,26,2,26,5,0.5,0.5,0.7,0.6,1.0,0.5,48.299995,40,64,46.000012,68.999993,22.042863,1,1,1000,0,ilp_v1,optimal,1,66.634496,48.296237,1.379704,0.093535,0.0,,0.093535,0.100714,3,0,0
n_tsk\set01\n_tsk_4.py,n_tsk,1,n_tsk,4,2,4,5,0.5,0.5,0.7,0.6,1.0,0.5,48.299999,40,11,46.000002,68.999999,21.433334,1,1,1001,0,ilp_v1,optimal,1,59.355557,48.078971,1.234543,0.068359,0.0,,0.068359,0.074852,3,0,0
n_tsk\set01\n_tsk_6.py,n_tsk,1,n_tsk,6,2,6,5,0.5,0.5,0.7,0.6,1.0,0.5,48.300002,40,14,46.000001,69.000003,21.433334,1,1,1001,0,ilp_v1,optimal,1,69.306832,48.238691,1.436748,0.271853,0.0,,0.271853,0.288812,3,0,0
n_tsk\set01\n_tsk_8.py,n_tsk,1,n_tsk,8,2,8,5,0.5,0.5,0.7,0.6,1.0,0.5,48.299996,40,17,45.999995,68.999994,21.433331,1,1,1001,0,ilp_v1,optimal,1,50.004198,48.286221,1.035579,2.126174,0.0,,2.126174,2.282306,3,0,0
n_tsk\set01\n_tsk_10.py,n_tsk,1,n_tsk,10,2,10,5,0.5,0.5,0.7,0.6,1.0,0.5,48.299995,40,20,45.999995,68.999993,21.433331,1,1,1001,0,ilp_v1,optimal,1,54.36614,48.294473,1.125722,0.627675,0.0,,0.627675,0.785786,3,0,0
n_tsk\set01\n_tsk_12.py,n_tsk,1,n_tsk,12,2,12,5,0.5,0.5,0.7,0.6,1.0,0.5,48.299996,40,25,45.999998,68.999994,21.433332,1,1,1001,0,ilp_v1,optimal,1,61.176421,48.299995,1.266593,0.475532,4.5e-05,,0.475532,0.484479,3,0,0
n_tsk\set01\n_tsk_16.py,n_tsk,1,n_tsk,16,2,16,5,0.5,0.5,0.7,0.6,1.0,0.5,48.300002,40,35,46.000001,69.000002,21.433334,1,1,1001,0,ilp_v1,optimal,1,56.064119,48.296871,1.160823,0.205493,0.0,,0.205493,0.223686,3,0,0
n_tsk\set01\n_tsk_20.py,n_tsk,1,n_tsk,20,2,20,5,0.5,0.5,0.7,0.6,1.0,0.5,48.300002,40,40,46.000001,69.000003,21.433334,1,1,1001,0,ilp_v1,optimal,1,58.497479,48.299592,1.211138,0.510357,5.4e-05,,0.510357,0.537626,3,0,0
n_tsk\set01\n_tsk_26.py,n_tsk,1,n_tsk,26,2,26,5,0.5,0.5,0.7,0.6,1.0,0.5,48.299994,40,49,45.999999,68.999991,21.433333,1,1,1001,0,ilp_v1,optimal,1,49.217347,48.297773,1.01904,3.464152,9.6e-05,,3.464152,3.53498,3,0,0
n_tsk\set02\n_tsk_4.py,n_tsk,2,n_tsk,4,2,4,5,0.5,0.5,0.7,0.6,1.0,0.5,48.299998,40,9,46.0,68.999997,21.4,1,1,1002,0,ilp_v1,optimal,1,61.700875,48.200465,1.280089,0.174492,0.0,,0.174492,0.193718,3,0,0
n_tsk\set02\n_tsk_6.py,n_tsk,2,n_tsk,6,2,6,5,0.5,0.5,0.7,0.6,1.0,0.5,48.299997,40,15,45.999998,68.999995,21.399999,1,1,1002,0,ilp_v1,optimal,1,63.389267,48.098023,1.317918,0.365457,0.0,,0.365457,0.368706,3,0,0
n_tsk\set02\n_tsk_8.py,n_tsk,2,n_tsk,8,2,8,5,0.5,0.5,0.7,0.6,1.0,0.5,48.299998,40,17,46.000001,68.999997,21.400001,1,1,1002,0,ilp_v1,optimal,1,66.763874,48.2249,1.384427,0.097435,0.0,,0.097435,0.116401,3,0,0
n_tsk\set02\n_tsk_10.py,n_tsk,2,n_tsk,10,2,10,5,0.5,0.5,0.7,0.6,1.0,0.5,48.300002,40,22,45.999998,69.000003,21.399999,1,1,1002,0,ilp_v1,optimal,1,55.481383,48.225668,1.150453,0.13301,0.0,,0.13301,0.14394,3,0,0
n_tsk\set02\n_tsk_12.py,n_tsk,2,n_tsk,12,2,12,5,0.5,0.5,0.7,0.6,1.0,0.5,48.300001,40,25,46.0,69.000001,21.4,1,1,1002,0,ilp_v1,optimal,1,73.219843,48.249535,1.517524,0.158007,0.0,,0.158007,0.167736,3,0,0
n_tsk\set02\n_tsk_16.py,n_tsk,2,n_tsk,16,2,16,5,0.5,0.5,0.7,0.6,1.0,0.5,48.300003,40,38,46.0,69.000005,21.4,1,1,1002,0,ilp_v1,optimal,1,71.647621,48.299829,1.483393,0.117904,0.0,,0.117904,0.124395,3,0,0
n_tsk\set02\n_tsk_20.py,n_tsk,2,n_tsk,20,2,20,5,0.5,0.5,0.7,0.6,1.0,0.5,48.299997,40,49,46.000008,68.999995,21.400004,1,1,1002,0,ilp_v1,optimal,1,67.137005,48.299175,1.390024,0.085465,0.0,,0.085465,0.100402,3,0,0
n_tsk\set02\n_tsk_26.py,n_tsk,2,n_tsk,26,2,26,5,0.5,0.5,0.7,0.6,1.0,0.5,48.30001,40,62,46.000003,69.000015,21.400002,1,1,1002,0,ilp_v1,optimal,1,69.918698,48.295281,1.447734,0.133133,0.0,,0.133133,0.133691,3,0,0
n_tsk\set03\n_tsk_4.py,n_tsk,3,n_tsk,4,2,4,5,0.5,0.5,0.7,0.6,1.0,0.5,48.299999,40,8,45.999999,68.999999,21.433333,1,1,1003,0,ilp_v1,optimal,1,46.461527,47.764025,0.972731,0.181686,0.0,,0.181686,0.208782,3,0,0
n_tsk\set03\n_tsk_6.py,n_tsk,3,n_tsk,6,2,6,5,0.5,0.5,0.7,0.6,1.0,0.5,48.299999,40,12,46.0,68.999999,21.433333,1,1,1003,0,ilp_v1,optimal,1,54.250039,48.089518,1.128105,0.043507,0.0,,0.043507,0.048037,3,0,0
n_tsk\set03\n_tsk_8.py,n_tsk,3,n_tsk,8,2,8,5,0.5,0.5,0.7,0.6,1.0,0.5,48.299998,40,17,45.999999,68.999998,21.433333,1,1,1003,0,ilp_v1,optimal,1,61.029927,48.293526,1.263729,0.201742,0.0,,0.201742,0.211268,3,0,0
n_tsk\set03\n_tsk_10.py,n_tsk,3,n_tsk,10,2,10,5,0.5,0.5,0.7,0.6,1.0,0.5,48.299994,40,23,46.000002,68.999991,21.433334,1,1,1003,0,ilp_v1,optimal,1,62.320649,48.287186,1.290625,0.03483,0.0,,0.03483,0.039716,3,0,0
n_tsk\set03\n_tsk_12.py,n_tsk,3,n_tsk,12,2,12,5,0.5,0.5,0.7,0.6,1.0,0.5,48.299994,40,26,46.000001,68.999991,21.433334,1,1,1003,0,ilp_v1,optimal,1,75.711436,48.294451,1.567705,0.046123,0.0,,0.046123,0.050636,3,0,0
n_tsk\set03\n_tsk_16.py,n_tsk,3,n_tsk,16,2,16,5,0.5,0.5,0.7,0.6,1.0,0.5,48.300008,40,35,46.000009,69.000011,21.433338,1,1,1003,0,ilp_v1,optimal,1,63.872311,48.293501,1.322586,0.096222,0.0,,0.096222,0.097519,3,0,0
n_tsk\set03\n_tsk_20.py,n_tsk,3,n_tsk,20,2,20,5,0.5,0.5,0.7,0.6,1.0,0.5,48.300003,40,40,46.000003,69.000005,21.433335,1,1,1003,0,ilp_v1,optimal,1,60.74409,48.265764,1.258534,0.065791,0.0,,0.065791,0.066686,3,0,0
n_tsk\set03\n_tsk_26.py,n_tsk,3,n_tsk,26,2,26,5,0.5,0.5,0.7,0.6,1.0,0.5,48.299991,40,52,45.999998,68.999987,21.433332,1,1,1003,0,ilp_v1,optimal,1,76.275374,48.272544,1.580099,0.106105,0.0,,0.106105,0.108765,3,0,0
n_tsk\set04\n_tsk_4.py,n_tsk,4,n_tsk,4,2,4,5,0.5,0.5,0.7,0.6,1.0,0.5,48.300002,40,11,46.000001,69.000002,22.042858,1,1,1004,0,ilp_v1,optimal,1,53.556161,47.021814,1.138964,0.018661,0.0,,0.018661,0.019077,3,0,0
n_tsk\set04\n_tsk_6.py,n_tsk,4,n_tsk,6,2,6,5,0.5,0.5,0.7,0.6,1.0,0.5,48.3,40,14,46.000002,69.0,22.042858,1,1,1004,0,ilp_v1,optimal,1,50.481935,48.113528,1.049225,0.017621,0.0,,0.017621,0.020249,3,0,0
n_tsk\set04\n_tsk_8.py,n_tsk,4,n_tsk,8,2,8,5,0.5,0.5,0.7,0.6,1.0,0.5,48.299998,40,19,45.999994,68.999997,22.042854,1,1,1004,0,ilp_v1,optimal,1,61.286097,48.271708,1.269607,0.026201,0.0,,0.026201,0.029728,3,0,0
n_tsk\set04\n_tsk_10.py,n_tsk,4,n_tsk,10,2,10,5,0.5,0.5,0.7,0.6,1.0,0.5,48.3,40,24,46.0,69.0,22.042857,1,1,1004,0,ilp_v1,optimal,1,59.203757,48.044761,1.232262,0.024981,0.0,,0.024981,0.027083,3,0,0
n_tsk\set04\n_tsk_12.py,n_tsk,4,n_tsk,12,2,12,5,0.5,0.5,0.7,0.6,1.0,0.5,48.300003,40,27,46.000003,69.000005,22.042859,1,1,1004,0,ilp_v1,optimal,1,54.189529,48.058313,1.127579,0.044375,0.0,,0.044375,0.046514,3,0,0
n_tsk\set04\n_tsk_16.py,n_tsk,4,n_tsk,16,2,16,5,0.5,0.5,0.7,0.6,1.0,0.5,48.299998,40,37,46.000002,68.999997,22.042858,1,1,1004,0,ilp_v1,optimal,1,63.663436,47.684501,1.335097,0.041622,0.0,,0.041622,0.043653,3,0,0
n_tsk\set04\n_tsk_20.py,n_tsk,4,n_tsk,20,2,20,5,0.5,0.5,0.7,0.6,1.0,0.5,48.300007,40,50,46.000002,69.00001,22.042858,1,1,1004,0,ilp_v1,optimal,1,51.52714,48.283898,1.06717,0.058743,0.0,,0.058743,0.061708,3,0,0
n_tsk\set04\n_tsk_26.py,n_tsk,4,n_tsk,26,2,26,5,0.5,0.5,0.7,0.6,1.0,0.5,48.300001,40,67,46.000002,69.000001,22.042858,1,1,1004,0,ilp_v1,optimal,1,48.523223,48.274716,1.005148,0.102705,0.0,,0.102705,0.106867,3,0,0
n_tsk\set05\n_tsk_4.py,n_tsk,5,n_tsk,4,2,4,5,0.5,0.5,0.7,0.6,1.0,0.5,48.300002,40,9,46.000001,69.000002,24.400001,1,1,1005,0,ilp_v1,optimal,1,62.183393,48.114786,1.292397,0.093363,0.0,,0.093363,0.100766,3,0,0
n_tsk\set05\n_tsk_6.py,n_tsk,5,n_tsk,6,2,6,5,0.5,0.5,0.7,0.6,1.0,0.5,48.299994,40,11,45.999999,68.999992,24.399999,1,1,1005,0,ilp_v1,optimal,1,74.560336,48.169276,1.547882,0.074422,0.0,,0.074422,0.078578,3,0,0
n_tsk\set05\n_tsk_8.py,n_tsk,5,n_tsk,8,2,8,5,0.5,0.5,0.7,0.6,1.0,0.5,48.300005,40,17,46.000005,69.000007,24.400002,1,1,1005,0,ilp_v1,optimal,1,44.802451,48.074401,0.93194,0.032258,0.0,,0.032258,0.034993,3,0,0
n_tsk\set05\n_tsk_10.py,n_tsk,5,n_tsk,10,2,10,5,0.5,0.5,0.7,0.6,1.0,0.5,48.29999,40,22,46.000001,68.999985,24.400001,1,1,1005,0,ilp_v1,optimal,1,31.983793,48.083113,0.665177,0.040937,0.0,,0.040937,0.044175,3,0,0
n_tsk\set05\n_tsk_12.py,n_tsk,5,n_tsk,12,2,12,5,0.5,0.5,0.7,0.6,1.0,0.5,48.299998,40,26,46.000002,68.999997,24.400001,1,1,1005,0,ilp_v1,optimal,1,59.262291,48.283444,1.227383,0.066149,0.0,,0.066149,0.069308,3,0,0
n_tsk\set05\n_tsk_16.py,n_tsk,5,n_tsk,16,2,16,5,0.5,0.5,0.7,0.6,1.0,0.5,48.300005,40,36,46.000002,69.000007,24.400001,1,1,1005,0,ilp_v1,optimal,1,48.059174,48.289607,0.995228,0.087889,0.0,,0.087889,0.089742,3,0,0
n_tsk\set05\n_tsk_20.py,n_tsk,5,n_tsk,20,2,20,5,0.5,0.5,0.7,0.6,1.0,0.5,48.299994,40,47,46.000002,68.999991,24.400001,1,1,1005,0,ilp_v1,optimal,1,52.649195,48.289644,1.090279,0.071475,0.0,,0.071475,0.073539,3,0,0
n_tsk\set05\n_tsk_26.py,n_tsk,5,n_tsk,26,2,26,5,0.5,0.5,0.7,0.6,1.0,0.5,48.300012,40,65,46.0,69.000017,24.4,1,1,1005,0,ilp_v1,optimal,1,57.414146,48.267837,1.189491,0.092473,0.0,,0.092473,0.093077,3,0,0
n_tsk\set06\n_tsk_4.py,n_tsk,6,n_tsk,4,2,4,5,0.5,0.5,0.7,0.6,1.0,0.5,48.300002,40,8,46.0,69.000003,21.433333,1,1,1006,0,ilp_v1,optimal,1,40.07599,48.115974,0.832904,0.157096,0.0,,0.157096,0.176189,3,0,0
n_tsk\set06\n_tsk_6.py,n_tsk,6,n_tsk,6,2,6,5,0.5,0.5,0.7,0.6,1.0,0.5,48.300002,40,11,46.0,69.000002,21.433333,1,1,1006,0,ilp_v1,optimal,1,56.308428,48.204474,1.168116,0.340271,0.0,,0.340271,0.363269,3,0,0
n_tsk\set06\n_tsk_8.py,n_tsk,6,n_tsk,8,2,8,5,0.5,0.5,0.7,0.6,1.0,0.5,48.299995,40,19,45.999997,68.999993,21.433332,1,1,1006,0,ilp_v1,optimal,1,57.555918,48.298385,1.191674,0.108113,9.1e-05,,0.108113,0.114882,3,0,0
n_tsk\set06\n_tsk_10.py,n_tsk,6,n_tsk,10,2,10,5,0.5,0.5,0.7,0.6,1.0,0.5,48.300002,40,22,46.0,69.000003,21.433333,1,1,1006,0,ilp_v1,optimal,1,68.296466,48.288476,1.414343,0.752044,0.0,,0.752044,0.774208,3,0,0
n_tsk\set06\n_tsk_12.py,n_tsk,6,n_tsk,12,2,12,5,0.5,0.5,0.7,0.6,1.0,0.5,48.299996,40,27,45.999993,68.999994,21.43333,1,1,1006,0,ilp_v1,optimal,1,63.363393,48.298686,1.311907,0.268498,5.4e-05,,0.268498,0.273135,3,0,0
n_tsk\set06\n_tsk_16.py,n_tsk,6,n_tsk,16,2,16,5,0.5,0.5,0.7,0.6,1.0,0.5,48.300001,40,38,45.999997,69.000001,21.433332,1,1,1006,0,ilp_v1,optimal,1,59.596388,48.298299,1.233923,1.354934,6.4e-05,,1.354934,1.383926,3,0,0
n_tsk\set06\n_tsk_20.py,n_tsk,6,n_tsk,20,2,20,5,0.5,0.5,0.7,0.6,1.0,0.5,48.30001,40,50,46.000007,69.000015,21.433337,1,1,1006,0,ilp_v1,optimal,1,57.18175,48.299538,1.183898,1.747533,8.3e-05,,1.747533,1.964413,3,0,0
n_tsk\set06\n_tsk_26.py,n_tsk,6,n_tsk,26,2,26,5,0.5,0.5,0.7,0.6,1.0,0.5,48.299994,40,64,46.000002,68.999992,21.433334,1,1,1006,0,ilp_v1,optimal,1,70.735286,48.299441,1.464516,0.981248,5.9e-05,,0.981248,1.005278,3,0,0
n_tsk\set07\n_tsk_4.py,n_tsk,7,n_tsk,4,2,4,5,0.5,0.5,0.7,0.6,1.0,0.5,48.300002,40,8,46.0,69.000002,21.4,1,1,1007,0,ilp_v1,optimal,1,81.066269,47.969024,1.689971,0.036502,0.0,,0.036502,0.038693,3,0,0
n_tsk\set07\n_tsk_6.py,n_tsk,7,n_tsk,6,2,6,5,0.5,0.5,0.7,0.6,1.0,0.5,48.299999,40,13,45.999999,68.999999,21.399999,1,1,1007,0,ilp_v1,optimal,1,64.527294,48.110313,1.341236,0.031014,0.0,,0.031014,0.033124,3,0,0
n_tsk\set07\n_tsk_8.py,n_tsk,7,n_tsk,8,2,8,5,0.5,0.5,0.7,0.6,1.0,0.5,48.299997,40,18,45.999999,68.999995,21.399999,1,1,1007,0,ilp_v1,optimal,1,49.886833,48.198173,1.035036,0.046969,0.0,,0.046969,0.051475,3,0,0
n_tsk\set07\n_tsk_10.py,n_tsk,7,n_tsk,10,2,10,5,0.5,0.5,0.7,0.6,1.0,0.5,48.299998,40,23,45.999999,68.999997,21.399999,1,1,1007,0,ilp_v1,optimal,1,72.998143,48.274263,1.512154,0.050192,0.0,,0.050192,0.05226,3,0,0
n_tsk\set07\n_tsk_12.py,n_tsk,7,n_tsk,12,2,12,5,0.5,0.5,0.7,0.6,1.0,0.5,48.299998,40,28,45.999997,68.999998,21.399998,1,1,1007,0,ilp_v1,optimal,1,57.700124,47.976148,1.202684,0.04639,0.0,,0.04639,0.049851,3,0,0
n_tsk\set07\n_tsk_16.py,n_tsk,7,n_tsk,16,2,16,5,0.5,0.5,0.7,0.6,1.0,0.5,48.299995,40,37,45.999994,68.999993,21.399997,1,1,1007,0,ilp_v1,optimal,1,67.314995,48.180306,1.397148,0.037632,0.0,,0.037632,0.043153,3,0,0
n_tsk\set07\n_tsk_20.py,n_tsk,7,n_tsk,20,2,20,5,0.5,0.5,0.7,0.6,1.0,0.5,48.300002,40,47,46.000003,69.000002,21.400002,1,1,1007,0,ilp_v1,optimal,1,44.699867,48.290692,0.925641,0.069188,0.0,,0.069188,0.075501,3,0,0
n_tsk\set07\n_tsk_26.py,n_tsk,7,n_tsk,26,2,26,5,0.5,0.5,0.7,0.6,1.0,0.5,48.300007,40,66,46.000003,69.00001,21.400002,1,1,1007,0,ilp_v1,optimal,1,56.342537,48.27207,1.167187,0.086887,0.0,,0.086887,0.092576,3,0,0
n_tsk\set08\n_tsk_4.py,n_tsk,8,n_tsk,4,2,4,5,0.5,0.5,0.7,0.6,1.0,0.5,48.299998,40,8,46.0,68.999997,22.042857,1,1,1008,0,ilp_v1,optimal,1,69.006108,48.267635,1.429656,0.174611,0.0,,0.174611,0.189883,3,0,0
n_tsk\set08\n_tsk_6.py,n_tsk,8,n_tsk,6,2,6,5,0.5,0.5,0.7,0.6,1.0,0.5,48.299998,40,13,45.999998,68.999997,22.042856,1,1,1008,0,ilp_v1,optimal,1,46.171932,48.291283,0.956113,0.260547,0.0,,0.260547,0.273947,3,0,0
n_tsk\set08\n_tsk_8.py,n_tsk,8,n_tsk,8,2,8,5,0.5,0.5,0.7,0.6,1.0,0.5,48.299998,40,15,45.999998,68.999997,22.042856,1,1,1008,0,ilp_v1,optimal,1,59.768433,48.239454,1.238995,0.065672,0.0,,0.065672,0.071591,3,0,0
n_tsk\set08\n_tsk_10.py,n_tsk,8,n_tsk,10,2,10,5,0.5,0.5,0.7,0.6,1.0,0.5,48.299997,40,20,45.999995,68.999995,22.042855,1,1,1008,0,ilp_v1,optimal,1,61.469894,48.294138,1.272823,0.093994,0.0,,0.093994,0.096202,3,0,0
n_tsk\set08\n_tsk_12.py,n_tsk,8,n_tsk,12,2,12,5,0.5,0.5,0.7,0.6,1.0,0.5,48.299998,40,23,46.000001,68.999998,22.042858,1,1,1008,0,ilp_v1,optimal,1,48.316341,48.213645,1.00213,0.055511,0.0,,0.055511,0.059467,3,0,0
n_tsk\set08\n_tsk_16.py,n_tsk,8,n_tsk,16,2,16,5,0.5,0.5,0.7,0.6,1.0,0.5,48.300005,40,32,46.000005,69.000007,22.042859,1,1,1008,0,ilp_v1,optimal,1,60.154196,48.294224,1.245577,0.047735,0.0,,0.047735,0.052676,3,0,0
n_tsk\set08\n_tsk_20.py,n_tsk,8,n_tsk,20,2,20,5,0.5,0.5,0.7,0.6,1.0,0.5,48.300006,40,43,46.0,69.000008,22.042857,1,1,1008,0,ilp_v1,optimal,1,55.656123,48.275172,1.152893,0.120498,0.0,,0.120498,0.131008,3,0,0
n_tsk\set08\n_tsk_26.py,n_tsk,8,n_tsk,26,2,26,5,0.5,0.5,0.7,0.6,1.0,0.5,48.299986,40,64,45.999992,68.999979,22.042853,1,1,1008,0,ilp_v1,optimal,1,53.316429,48.294852,1.103977,0.110103,0.0,,0.110103,0.113452,3,0,0
n_tsk\set09\n_tsk_4.py,n_tsk,9,n_tsk,4,2,4,5,0.5,0.5,0.7,0.6,1.0,0.5,48.3,40,11,46.000001,69.0,21.400001,1,1,1009,0,ilp_v1,optimal,1,76.634885,48.187724,1.59034,0.690594,0.0,,0.690594,0.743876,3,0,0
n_tsk\set09\n_tsk_6.py,n_tsk,9,n_tsk,6,2,6,5,0.5,0.5,0.7,0.6,1.0,0.5,48.3,40,16,46.000003,69.0,21.400002,1,1,1009,0,ilp_v1,optimal,1,46.931309,48.295779,0.971748,0.611643,8e-06,,0.611643,0.638804,3,0,0
n_tsk\set09\n_tsk_8.py,n_tsk,9,n_tsk,8,2,8,5,0.5,0.5,0.7,0.6,1.0,0.5,48.3,40,22,45.999999,69.0,21.399999,1,1,1009,0,ilp_v1,optimal,1,58.121236,48.076266,1.208938,0.060479,0.0,,0.060479,0.070531,3,0,0
n_tsk\set09\n_tsk_10.py,n_tsk,9,n_tsk,10,2,10,5,0.5,0.5,0.7,0.6,1.0,0.5,48.300008,40,30,46.000003,69.000011,21.400002,1,1,1009,0,ilp_v1,optimal,1,54.578951,48.297247,1.130063,7.900058,3.5e-05,,7.900058,8.197473,3,0,0
n_tsk\set09\n_tsk_12.py,n_tsk,9,n_tsk,12,2,12,5,0.5,0.5,0.7,0.6,1.0,0.5,48.299997,40,38,45.999998,68.999995,21.399999,1,1,1009,0,ilp_v1,optimal,1,55.481395,48.296081,1.148776,0.73357,2.5e-05,,0.73357,0.813121,3,0,0
n_tsk\set09\n_tsk_16.py,n_tsk,9,n_tsk,16,2,16,5,0.5,0.5,0.7,0.6,1.0,0.5,48.299997,40,46,46.000002,68.999995,21.400001,1,1,1009,0,ilp_v1,optimal,1,62.926481,48.297139,1.302903,10.05195,9.8e-05,,10.05195,10.381757,3,0,0
n_tsk\set09\n_tsk_20.py,n_tsk,9,n_tsk,20,2,20,5,0.5,0.5,0.7,0.6,1.0,0.5,48.300013,40,56,46.000002,69.000018,21.400001,1,1,1009,0,ilp_v1,optimal,1,54.017831,48.260819,1.11929,0.400529,0.0,,0.400529,0.431389,3,0,0
n_tsk\set09\n_tsk_26.py,n_tsk,9,n_tsk,26,2,26,5,0.5,0.5,0.7,0.6,1.0,0.5,48.299999,40,70,45.999994,68.999999,21.399997,1,1,1009,0,ilp_v1,optimal,1,59.744748,48.293832,1.237109,0.73425,8.1e-05,,0.73425,0.747993,3,0,0
