file,sweep,set,factor,value,n_prc,n_tsk,n_frq,u_mand_factor,u_opt_factor,rho,xi,U_M,U_O,B,H,J,e_mand_fmax,e_full_fmax,e_mand_min,feasible,donate_ok,seed,redraws,model,status,model_feasible,utility,energy,util_per_energy,runtime,gap,error,runtime_best,runtime_worst,repeats,censored,nondeterministic
rho\set00\rho_0.2.py,rho,0,rho,0.2,2,5,5,0.5,0.5,0.2,0.6,1.0,0.5,13.800001,40,13,46.000002,69.000005,22.042858,1,1,1000,0,ilp_v2,infeasible,0,,,,0.00509,,,0.00509,0.006314,3,0,0
rho\set00\rho_0.2.py,rho,0,rho,0.2,2,5,5,0.5,0.5,0.2,0.6,1.0,0.5,13.800001,40,13,46.000002,69.000005,22.042858,1,1,1000,0,ilp_v3,infeasible,0,,,,0.005086,,,0.005086,0.005645,3,0,0
rho\set00\rho_0.2.py,rho,0,rho,0.2,2,5,5,0.5,0.5,0.2,0.6,1.0,0.5,13.800001,40,13,46.000002,69.000005,22.042858,1,1,1000,0,ilp_v4,infeasible,0,,,,0.005171,,,0.005171,0.005468,3,0,0
rho\set00\rho_0.2.py,rho,0,rho,0.2,2,5,5,0.5,0.5,0.2,0.6,1.0,0.5,13.800001,40,13,46.000002,69.000005,22.042858,1,1,1000,0,greedy_sps_baseline,infeasible,0,,46.000002,,0.000613,,over budget: E=46.0000 > B=13.8000,0.000613,0.000718,3,0,0
rho\set00\rho_0.3.py,rho,0,rho,0.3,2,5,5,0.5,0.5,0.3,0.6,1.0,0.5,20.700001,40,13,46.000002,69.000005,22.042858,1,1,1000,0,ilp_v2,infeasible,0,,,,0.005009,,,0.005009,0.005415,3,0,0
rho\set00\rho_0.3.py,rho,0,rho,0.3,2,5,5,0.5,0.5,0.3,0.6,1.0,0.5,20.700001,40,13,46.000002,69.000005,22.042858,1,1,1000,0,ilp_v3,infeasible,0,,,,0.005209,,,0.005209,0.005689,3,0,0
rho\set00\rho_0.3.py,rho,0,rho,0.3,2,5,5,0.5,0.5,0.3,0.6,1.0,0.5,20.700001,40,13,46.000002,69.000005,22.042858,1,1,1000,0,ilp_v4,infeasible,0,,,,0.005099,,,0.005099,0.006449,3,0,0
rho\set00\rho_0.3.py,rho,0,rho,0.3,2,5,5,0.5,0.5,0.3,0.6,1.0,0.5,20.700001,40,13,46.000002,69.000005,22.042858,1,1,1000,0,greedy_sps_baseline,infeasible,0,,46.000002,,0.00115,,over budget: E=46.0000 > B=20.7000,0.00115,0.001272,3,0,0
rho\set00\rho_0.4.py,rho,0,rho,0.4,2,5,5,0.5,0.5,0.4,0.6,1.0,0.5,27.600002,40,13,46.000002,69.000005,22.042858,1,1,1000,0,ilp_v2,optimal,1,17.295802,27.515445,0.628585,0.01864,0.0,,0.01864,0.025636,3,0,0
rho\set00\rho_0.4.py,rho,0,rho,0.4,2,5,5,0.5,0.5,0.4,0.6,1.0,0.5,27.600002,40,13,46.000002,69.000005,22.042858,1,1,1000,0,ilp_v3,optimal,1,17.295802,27.515445,0.628585,0.02254,0.0,,0.02254,0.023788,3,0,0
rho\set00\rho_0.4.py,rho,0,rho,0.4,2,5,5,0.5,0.5,0.4,0.6,1.0,0.5,27.600002,40,13,46.000002,69.000005,22.042858,1,1,1000,0,ilp_v4,optimal,1,21.226414,27.594223,0.769234,0.282023,0.0,,0.282023,0.322355,3,0,0
rho\set00\rho_0.4.py,rho,0,rho,0.4,2,5,5,0.5,0.5,0.4,0.6,1.0,0.5,27.600002,40,13,46.000002,69.000005,22.042858,1,1,1000,0,greedy_sps_baseline,infeasible,0,,46.000002,,0.000632,,over budget: E=46.0000 > B=27.6000,0.000632,0.000844,3,0,0
rho\set00\rho_0.5.py,rho,0,rho,0.5,2,5,5,0.5,0.5,0.5,0.6,1.0,0.5,34.500002,40,13,46.000002,69.000005,22.042858,1,1,1000,0,ilp_v2,optimal,1,37.439498,34.486117,1.08564,0.193693,0.0,,0.193693,0.219809,3,0,0
rho\set00\rho_0.5.py,rho,0,rho,0.5,2,5,5,0.5,0.5,0.5,0.6,1.0,0.5,34.500002,40,13,46.000002,69.000005,22.042858,1,1,1000,0,ilp_v3,optimal,1,36.966056,34.432134,1.073592,0.171348,0.0,,0.171348,0.187361,3,0,0
rho\set00\rho_0.5.py,rho,0,rho,0.5,2,5,5,0.5,0.5,0.5,0.6,1.0,0.5,34.500002,40,13,46.000002,69.000005,22.042858,1,1,1000,0,ilp_v4,optimal,1,39.920555,34.478112,1.157852,0.366038,0.0,,0.366038,0.369751,3,0,0
rho\set00\rho_0.5.py,rho,0,rho,0.5,2,5,5,0.5,0.5,0.5,0.6,1.0,0.5,34.500002,40,13,46.000002,69.000005,22.042858,1,1,1000,0,greedy_sps_baseline,infeasible,0,,46.000002,,0.001023,,over budget: E=46.0000 > B=34.5000,0.001023,0.001192,3,0,0
rho\set00\rho_0.6.py,rho,0,rho,0.6,2,5,5,0.5,0.5,0.6,0.6,1.0,0.5,41.400003,40,13,46.000002,69.000005,22.042858,1,1,1000,0,ilp_v2,optimal,1,52.504877,41.264785,1.272389,0.074803,0.0,,0.074803,0.083388,3,0,0
rho\set00\rho_0.6.py,rho,0,rho,0.6,2,5,5,0.5,0.5,0.6,0.6,1.0,0.5,41.400003,40,13,46.000002,69.000005,22.042858,1,1,1000,0,ilp_v3,optimal,1,53.083622,41.33053,1.284368,0.214681,0.0,,0.214681,0.234824,3,0,0
rho\set00\rho_0.6.py,rho,0,rho,0.6,2,5,5,0.5,0.5,0.6,0.6,1.0,0.5,41.400003,40,13,46.000002,69.000005,22.042858,1,1,1000,0,ilp_v4,optimal,1,55.573848,41.398104,1.342425,0.566404,0.0,,0.566404,0.570012,3,0,0
rho\set00\rho_0.6.py,rho,0,rho,0.6,2,5,5,0.5,0.5,0.6,0.6,1.0,0.5,41.400003,40,13,46.000002,69.000005,22.042858,1,1,1000,0,greedy_sps_baseline,infeasible,0,,46.000002,,0.000714,,over budget: E=46.0000 > B=41.4000,0.000714,0.000869,3,0,0
rho\set00\rho_0.7.py,rho,0,rho,0.7,2,5,5,0.5,0.5,0.7,0.6,1.0,0.5,48.300003,40,13,46.000002,69.000005,22.042858,1,1,1000,0,ilp_v2,optimal,1,64.70866,48.292486,1.339932,0.04261,0.0,,0.04261,0.053067,3,0,0
rho\set00\rho_0.7.py,rho,0,rho,0.7,2,5,5,0.5,0.5,0.7,0.6,1.0,0.5,48.300003,40,13,46.000002,69.000005,22.042858,1,1,1000,0,ilp_v3,optimal,1,61.915628,47.940817,1.291501,0.087478,0.0,,0.087478,0.098399,3,0,0
rho\set00\rho_0.7.py,rho,0,rho,0.7,2,5,5,0.5,0.5,0.7,0.6,1.0,0.5,48.300003,40,13,46.000002,69.000005,22.042858,1,1,1000,0,ilp_v4,optimal,1,67.365432,47.602778,1.415158,0.10419,0.0,,0.10419,0.109684,3,0,0
rho\set00\rho_0.7.py,rho,0,rho,0.7,2,5,5,0.5,0.5,0.7,0.6,1.0,0.5,48.300003,40,13,46.000002,69.000005,22.042858,1,1,1000,0,greedy_sps_baseline,solved,1,8.364274,48.284027,0.173231,0.000995,,,0.000995,0.001501,3,0,0
rho\set00\rho_0.8.py,rho,0,rho,0.8,2,5,5,0.5,0.5,0.8,0.6,1.0,0.5,55.200004,40,13,46.000002,69.000005,22.042858,1,1,1000,0,ilp_v2,optimal,1,67.365432,54.68654,1.231847,0.009984,0.0,,0.009984,0.011179,3,0,0
rho\set00\rho_0.8.py,rho,0,rho,0.8,2,5,5,0.5,0.5,0.8,0.6,1.0,0.5,55.200004,40,13,46.000002,69.000005,22.042858,1,1,1000,0,ilp_v3,optimal,1,67.365432,52.972365,1.271709,0.010622,0.0,,0.010622,0.011672,3,0,0
rho\set00\rho_0.8.py,rho,0,rho,0.8,2,5,5,0.5,0.5,0.8,0.6,1.0,0.5,55.200004,40,13,46.000002,69.000005,22.042858,1,1,1000,0,ilp_v4,optimal,1,67.365432,54.68654,1.231847,0.035501,0.0,,0.035501,0.047574,3,0,0
rho\set00\rho_0.8.py,rho,0,rho,0.8,2,5,5,0.5,0.5,0.8,0.6,1.0,0.5,55.200004,40,13,46.000002,69.000005,22.042858,1,1,1000,0,greedy_sps_baseline,solved,1,30.670632,55.179962,0.555829,0.002467,,,0.002467,0.00266,3,0,0
rho\set00\rho_0.9.py,rho,0,rho,0.9,2,5,5,0.5,0.5,0.9,0.6,1.0,0.5,62.100004,40,13,46.000002,69.000005,22.042858,1,1,1000,0,ilp_v2,optimal,1,67.365432,59.795849,1.12659,0.01166,0.0,,0.01166,0.012377,3,0,0
rho\set00\rho_0.9.py,rho,0,rho,0.9,2,5,5,0.5,0.5,0.9,0.6,1.0,0.5,62.100004,40,13,46.000002,69.000005,22.042858,1,1,1000,0,ilp_v3,optimal,1,67.365432,55.510635,1.213559,0.00979,0.0,,0.00979,0.01386,3,0,0
rho\set00\rho_0.9.py,rho,0,rho,0.9,2,5,5,0.5,0.5,0.9,0.6,1.0,0.5,62.100004,40,13,46.000002,69.000005,22.042858,1,1,1000,0,ilp_v4,optimal,1,67.365432,59.795849,1.12659,0.0303,0.0,,0.0303,0.034675,3,0,0
rho\set00\rho_0.9.py,rho,0,rho,0.9,2,5,5,0.5,0.5,0.9,0.6,1.0,0.5,62.100004,40,13,46.000002,69.000005,22.042858,1,1,1000,0,greedy_sps_baseline,solved,1,48.815774,61.768537,0.790302,0.004684,,,0.004684,0.004921,3,0,0
rho\set00\rho_1.py,rho,0,rho,1,2,5,5,0.5,0.5,1.0,0.6,1.0,0.5,69.000005,40,13,46.000002,69.000005,22.042858,1,1,1000,0,ilp_v2,optimal,1,67.365432,69.000005,0.976311,0.006085,0.0,,0.006085,0.007319,3,0,0
rho\set00\rho_1.py,rho,0,rho,1,2,5,5,0.5,0.5,1.0,0.6,1.0,0.5,69.000005,40,13,46.000002,69.000005,22.042858,1,1,1000,0,ilp_v3,optimal,1,67.365432,69.000005,0.976311,0.007483,0.0,,0.007483,0.007721,3,0,0
rho\set00\rho_1.py,rho,0,rho,1,2,5,5,0.5,0.5,1.0,0.6,1.0,0.5,69.000005,40,13,46.000002,69.000005,22.042858,1,1,1000,0,ilp_v4,optimal,1,67.365432,69.000005,0.976311,0.01773,0.0,,0.01773,0.020986,3,0,0
rho\set00\rho_1.py,rho,0,rho,1,2,5,5,0.5,0.5,1.0,0.6,1.0,0.5,69.000005,40,13,46.000002,69.000005,22.042858,1,1,1000,0,greedy_sps_baseline,solved,1,67.365432,69.000005,0.976311,0.003212,,,0.003212,0.0053,3,0,0
rho\set01\rho_0.2.py,rho,1,rho,0.2,2,5,5,0.5,0.5,0.2,0.6,1.0,0.5,13.800002,40,13,46.000002,69.00001,21.433334,1,1,1001,0,ilp_v2,infeasible,0,,,,0.003596,,,0.003596,0.005067,3,0,0
rho\set01\rho_0.2.py,rho,1,rho,0.2,2,5,5,0.5,0.5,0.2,0.6,1.0,0.5,13.800002,40,13,46.000002,69.00001,21.433334,1,1,1001,0,ilp_v3,infeasible,0,,,,0.003641,,,0.003641,0.004705,3,0,0
rho\set01\rho_0.2.py,rho,1,rho,0.2,2,5,5,0.5,0.5,0.2,0.6,1.0,0.5,13.800002,40,13,46.000002,69.00001,21.433334,1,1,1001,0,ilp_v4,infeasible,0,,,,0.003375,,,0.003375,0.006939,3,0,0
rho\set01\rho_0.2.py,rho,1,rho,0.2,2,5,5,0.5,0.5,0.2,0.6,1.0,0.5,13.800002,40,13,46.000002,69.00001,21.433334,1,1,1001,0,greedy_sps_baseline,infeasible,0,,46.000002,,0.00078,,over budget: E=46.0000 > B=13.8000,0.00078,0.001384,3,0,0
rho\set01\rho_0.3.py,rho,1,rho,0.3,2,5,5,0.5,0.5,0.3,0.6,1.0,0.5,20.700003,40,13,46.000002,69.00001,21.433334,1,1,1001,0,ilp_v2,infeasible,0,,,,0.005925,,,0.005925,0.009063,3,0,0
rho\set01\rho_0.3.py,rho,1,rho,0.3,2,5,5,0.5,0.5,0.3,0.6,1.0,0.5,20.700003,40,13,46.000002,69.00001,21.433334,1,1,1001,0,ilp_v3,infeasible,0,,,,0.005194,,,0.005194,0.009604,3,0,0
rho\set01\rho_0.3.py,rho,1,rho,0.3,2,5,5,0.5,0.5,0.3,0.6,1.0,0.5,20.700003,40,13,46.000002,69.00001,21.433334,1,1,1001,0,ilp_v4,infeasible,0,,,,0.006256,,,0.006256,0.008144,3,0,0
rho\set01\rho_0.3.py,rho,1,rho,0.3,2,5,5,0.5,0.5,0.3,0.6,1.0,0.5,20.700003,40,13,46.000002,69.00001,21.433334,1,1,1001,0,greedy_sps_baseline,infeasible,0,,46.000002,,0.00076,,over budget: E=46.0000 > B=20.7000,0.00076,0.001437,3,0,0
rho\set01\rho_0.4.py,rho,1,rho,0.4,2,5,5,0.5,0.5,0.4,0.6,1.0,0.5,27.600004,40,13,46.000002,69.00001,21.433334,1,1,1001,0,ilp_v2,infeasible,0,,,,0.004958,,,0.004958,0.011084,3,0,0
rho\set01\rho_0.4.py,rho,1,rho,0.4,2,5,5,0.5,0.5,0.4,0.6,1.0,0.5,27.600004,40,13,46.000002,69.00001,21.433334,1,1,1001,0,ilp_v3,infeasible,0,,,,0.00439,,,0.00439,0.00867,3,0,0
rho\set01\rho_0.4.py,rho,1,rho,0.4,2,5,5,0.5,0.5,0.4,0.6,1.0,0.5,27.600004,40,13,46.000002,69.00001,21.433334,1,1,1001,0,ilp_v4,infeasible,0,,,,0.012497,,,0.012497,0.016125,3,0,0
rho\set01\rho_0.4.py,rho,1,rho,0.4,2,5,5,0.5,0.5,0.4,0.6,1.0,0.5,27.600004,40,13,46.000002,69.00001,21.433334,1,1,1001,0,greedy_sps_baseline,infeasible,0,,46.000002,,0.000594,,over budget: E=46.0000 > B=27.6000,0.000594,0.000707,3,0,0
rho\set01\rho_0.5.py,rho,1,rho,0.5,2,5,5,0.5,0.5,0.5,0.6,1.0,0.5,34.500005,40,13,46.000002,69.00001,21.433334,1,1,1001,0,ilp_v2,optimal,1,17.527291,34.499814,0.50804,0.08137,7e-05,,0.08137,0.084729,3,0,0
rho\set01\rho_0.5.py,rho,1,rho,0.5,2,5,5,0.5,0.5,0.5,0.6,1.0,0.5,34.500005,40,13,46.000002,69.00001,21.433334,1,1,1001,0,ilp_v3,optimal,1,17.527291,34.499814,0.50804,0.084445,7e-05,,0.084445,0.090774,3,0,0
rho\set01\rho_0.5.py,rho,1,rho,0.5,2,5,5,0.5,0.5,0.5,0.6,1.0,0.5,34.500005,40,13,46.000002,69.00001,21.433334,1,1,1001,0,ilp_v4,optimal,1,19.449819,34.322823,0.566673,0.205709,0.0,,0.205709,0.244157,3,0,0
rho\set01\rho_0.5.py,rho,1,rho,0.5,2,5,5,0.5,0.5,0.5,0.6,1.0,0.5,34.500005,40,13,46.000002,69.00001,21.433334,1,1,1001,0,greedy_sps_baseline,infeasible,0,,46.000002,,0.001069,,over budget: E=46.0000 > B=34.5000,0.001069,0.001954,3,0,0
rho\set01\rho_0.6.py,rho,1,rho,0.6,2,5,5,0.5,0.5,0.6,0.6,1.0,0.5,41.400006,40,13,46.000002,69.00001,21.433334,1,1,1001,0,ilp_v2,optimal,1,31.478545,41.386355,0.760602,0.033446,0.0,,0.033446,0.042206,3,0,0
rho\set01\rho_0.6.py,rho,1,rho,0.6,2,5,5,0.5,0.5,0.6,0.6,1.0,0.5,41.400006,40,13,46.000002,69.00001,21.433334,1,1,1001,0,ilp_v3,optimal,1,24.821602,41.333974,0.600513,0.088514,0.0,,0.088514,0.100745,3,0,0
rho\set01\rho_0.6.py,rho,1,rho,0.6,2,5,5,0.5,0.5,0.6,0.6,1.0,0.5,41.400006,40,13,46.000002,69.00001,21.433334,1,1,1001,0,ilp_v4,optimal,1,32.559722,41.39986,0.786469,0.247851,2.9e-05,,0.247851,0.26851,3,0,0
rho\set01\rho_0.6.py,rho,1,rho,0.6,2,5,5,0.5,0.5,0.6,0.6,1.0,0.5,41.400006,40,13,46.000002,69.00001,21.433334,1,1,1001,0,greedy_sps_baseline,infeasible,0,,46.000002,,0.00059,,over budget: E=46.0000 > B=41.4000,0.00059,0.000709,3,0,0
rho\set01\rho_0.7.py,rho,1,rho,0.7,2,5,5,0.5,0.5,0.7,0.6,1.0,0.5,48.300007,40,13,46.000002,69.00001,21.433334,1,1,1001,0,ilp_v2,optimal,1,44.434702,48.263013,0.920678,0.036954,0.0,,0.036954,0.039424,3,0,0
rho\set01\rho_0.7.py,rho,1,rho,0.7,2,5,5,0.5,0.5,0.7,0.6,1.0,0.5,48.300007,40,13,46.000002,69.00001,21.433334,1,1,1001,0,ilp_v3,optimal,1,38.281158,48.280096,0.792897,0.189381,0.0,,0.189381,0.247723,3,0,0
rho\set01\rho_0.7.py,rho,1,rho,0.7,2,5,5,0.5,0.5,0.7,0.6,1.0,0.5,48.300007,40,13,46.000002,69.00001,21.433334,1,1,1001,0,ilp_v4,optimal,1,45.172125,48.226295,0.93667,0.148051,0.0,,0.148051,0.213953,3,0,0
rho\set01\rho_0.7.py,rho,1,rho,0.7,2,5,5,0.5,0.5,0.7,0.6,1.0,0.5,48.300007,40,13,46.000002,69.00001,21.433334,1,1,1001,0,greedy_sps_baseline,solved,1,6.057065,48.182155,0.125712,0.005034,,,0.005034,0.005505,3,0,0
rho\set01\rho_0.8.py,rho,1,rho,0.8,2,5,5,0.5,0.5,0.8,0.6,1.0,0.5,55.200008,40,13,46.000002,69.00001,21.433334,1,1,1001,0,ilp_v2,optimal,1,51.059243,54.994278,0.928446,0.0131,0.0,,0.0131,0.017542,3,0,0
rho\set01\rho_0.8.py,rho,1,rho,0.8,2,5,5,0.5,0.5,0.8,0.6,1.0,0.5,55.200008,40,13,46.000002,69.00001,21.433334,1,1,1001,0,ilp_v3,optimal,1,50.48879,55.139284,0.915659,0.019734,0.0,,0.019734,0.023006,3,0,0
rho\set01\rho_0.8.py,rho,1,rho,0.8,2,5,5,0.5,0.5,0.8,0.6,1.0,0.5,55.200008,40,13,46.000002,69.00001,21.433334,1,1,1001,0,ilp_v4,optimal,1,51.059243,54.786335,0.93197,0.069691,0.0,,0.069691,0.096296,3,0,0
rho\set01\rho_0.8.py,rho,1,rho,0.8,2,5,5,0.5,0.5,0.8,0.6,1.0,0.5,55.200008,40,13,46.000002,69.00001,21.433334,1,1,1001,0,greedy_sps_baseline,solved,1,23.224445,55.058678,0.421813,0.003999,,,0.003999,0.011264,3,0,0
rho\set01\rho_0.9.py,rho,1,rho,0.9,2,5,5,0.5,0.5,0.9,0.6,1.0,0.5,62.100009,40,13,46.000002,69.00001,21.433334,1,1,1001,0,ilp_v2,optimal,1,51.059243,57.170745,0.893101,0.01156,0.0,,0.01156,0.019872,3,0,0
rho\set01\rho_0.9.py,rho,1,rho,0.9,2,5,5,0.5,0.5,0.9,0.6,1.0,0.5,62.100009,40,13,46.000002,69.00001,21.433334,1,1,1001,0,ilp_v3,optimal,1,51.059243,61.637293,0.828382,0.009721,0.0,,0.009721,0.015983,3,0,0
rho\set01\rho_0.9.py,rho,1,rho,0.9,2,5,5,0.5,0.5,0.9,0.6,1.0,0.5,62.100009,40,13,46.000002,69.00001,21.433334,1,1,1001,0,ilp_v4,optimal,1,51.059243,61.850141,0.825532,0.036897,0.0,,0.036897,0.058867,3,0,0
rho\set01\rho_0.9.py,rho,1,rho,0.9,2,5,5,0.5,0.5,0.9,0.6,1.0,0.5,62.100009,40,13,46.000002,69.00001,21.433334,1,1,1001,0,greedy_sps_baseline,solved,1,37.297825,62.024595,0.601339,0.004244,,,0.004244,0.004668,3,0,0
rho\set01\rho_1.py,rho,1,rho,1,2,5,5,0.5,0.5,1.0,0.6,1.0,0.5,69.00001,40,13,46.000002,69.00001,21.433334,1,1,1001,0,ilp_v2,optimal,1,51.059243,67.022415,0.761823,0.007615,0.0,,0.007615,0.013119,3,0,0
rho\set01\rho_1.py,rho,1,rho,1,2,5,5,0.5,0.5,1.0,0.6,1.0,0.5,69.00001,40,13,46.000002,69.00001,21.433334,1,1,1001,0,ilp_v3,optimal,1,51.059243,64.109601,0.796437,0.010109,0.0,,0.010109,0.015502,3,0,0
rho\set01\rho_1.py,rho,1,rho,1,2,5,5,0.5,0.5,1.0,0.6,1.0,0.5,69.00001,40,13,46.000002,69.00001,21.433334,1,1,1001,0,ilp_v4,optimal,1,51.059243,67.624201,0.755044,0.024929,0.0,,0.024929,0.032691,3,0,0
rho\set01\rho_1.py,rho,1,rho,1,2,5,5,0.5,0.5,1.0,0.6,1.0,0.5,69.00001,40,13,46.000002,69.00001,21.433334,1,1,1001,0,greedy_sps_baseline,solved,1,50.48879,68.577098,0.736234,0.003689,,,0.003689,0.004616,3,0,0
rho\set02\rho_0.2.py,rho,2,rho,0.2,2,5,5,0.5,0.5,0.2,0.6,1.0,0.5,13.8,40,11,46.000001,69.000001,21.400001,1,1,1002,0,ilp_v2,infeasible,0,,,,0.0038,,,0.0038,0.007607,3,0,0
rho\set02\rho_0.2.py,rho,2,rho,0.2,2,5,5,0.5,0.5,0.2,0.6,1.0,0.5,13.8,40,11,46.000001,69.000001,21.400001,1,1,1002,0,ilp_v3,infeasible,0,,,,0.002613,,,0.002613,0.005266,3,0,0
rho\set02\rho_0.2.py,rho,2,rho,0.2,2,5,5,0.5,0.5,0.2,0.6,1.0,0.5,13.8,40,11,46.000001,69.000001,21.400001,1,1,1002,0,ilp_v4,infeasible,0,,,,0.002046,,,0.002046,0.002802,3,0,0
rho\set02\rho_0.2.py,rho,2,rho,0.2,2,5,5,0.5,0.5,0.2,0.6,1.0,0.5,13.8,40,11,46.000001,69.000001,21.400001,1,1,1002,0,greedy_sps_baseline,infeasible,0,,46.000001,,0.00067,,over budget: E=46.0000 > B=13.8000,0.00067,0.000931,3,0,0
rho\set02\rho_0.3.py,rho,2,rho,0.3,2,5,5,0.5,0.5,0.3,0.6,1.0,0.5,20.7,40,11,46.000001,69.000001,21.400001,1,1,1002,0,ilp_v2,infeasible,0,,,,0.001834,,,0.001834,0.002642,3,0,0
rho\set02\rho_0.3.py,rho,2,rho,0.3,2,5,5,0.5,0.5,0.3,0.6,1.0,0.5,20.7,40,11,46.000001,69.000001,21.400001,1,1,1002,0,ilp_v3,infeasible,0,,,,0.001824,,,0.001824,0.005675,3,0,0
rho\set02\rho_0.3.py,rho,2,rho,0.3,2,5,5,0.5,0.5,0.3,0.6,1.0,0.5,20.7,40,11,46.000001,69.000001,21.400001,1,1,1002,0,ilp_v4,infeasible,0,,,,0.002484,,,0.002484,0.003852,3,0,0
rho\set02\rho_0.3.py,rho,2,rho,0.3,2,5,5,0.5,0.5,0.3,0.6,1.0,0.5,20.7,40,11,46.000001,69.000001,21.400001,1,1,1002,0,greedy_sps_baseline,infeasible,0,,46.000001,,0.000288,,over budget: E=46.0000 > B=20.7000,0.000288,0.00039,3,0,0
rho\set02\rho_0.4.py,rho,2,rho,0.4,2,5,5,0.5,0.5,0.4,0.6,1.0,0.5,27.6,40,11,46.000001,69.000001,21.400001,1,1,1002,0,ilp_v2,optimal,1,21.970879,27.598043,0.796103,0.024506,0.0,,0.024506,0.025286,3,0,0
rho\set02\rho_0.4.py,rho,2,rho,0.4,2,5,5,0.5,0.5,0.4,0.6,1.0,0.5,27.6,40,11,46.000001,69.000001,21.400001,1,1,1002,0,ilp_v3,optimal,1,21.970879,27.598043,0.796103,0.02514,0.0,,0.02514,0.026536,3,0,0
rho\set02\rho_0.4.py,rho,2,rho,0.4,2,5,5,0.5,0.5,0.4,0.6,1.0,0.5,27.6,40,11,46.000001,69.000001,21.400001,1,1,1002,0,ilp_v4,optimal,1,23.236059,27.573072,0.842708,0.084005,0.0,,0.084005,0.088561,3,0,0
rho\set02\rho_0.4.py,rho,2,rho,0.4,2,5,5,0.5,0.5,0.4,0.6,1.0,0.5,27.6,40,11,46.000001,69.000001,21.400001,1,1,1002,0,greedy_sps_baseline,infeasible,0,,46.000001,,0.000539,,over budget: E=46.0000 > B=27.6000,0.000539,0.000665,3,0,0
rho\set02\rho_0.5.py,rho,2,rho,0.5,2,5,5,0.5,0.5,0.5,0.6,1.0,0.5,34.500001,40,11,46.000001,69.000001,21.400001,1,1,1002,0,ilp_v2,optimal,1,47.305903,34.414913,1.374576,0.019371,0.0,,0.019371,0.022778,3,0,0
rho\set02\rho_0.5.py,rho,2,rho,0.5,2,5,5,0.5,0.5,0.5,0.6,1.0,0.5,34.500001,40,11,46.000001,69.000001,21.400001,1,1,1002,0,ilp_v3,optimal,1,32.914159,33.769449,0.974673,0.031876,0.0,,0.031876,0.034805,3,0,0
rho\set02\rho_0.5.py,rho,2,rho,0.5,2,5,5,0.5,0.5,0.5,0.6,1.0,0.5,34.500001,40,11,46.000001,69.000001,21.400001,1,1,1002,0,ilp_v4,optimal,1,47.305903,34.414913,1.374576,0.041278,0.0,,0.041278,0.047911,3,0,0
rho\set02\rho_0.5.py,rho,2,rho,0.5,2,5,5,0.5,0.5,0.5,0.6,1.0,0.5,34.500001,40,11,46.000001,69.000001,21.400001,1,1,1002,0,greedy_sps_baseline,infeasible,0,,46.000001,,0.000548,,over budget: E=46.0000 > B=34.5000,0.000548,0.000675,3,0,0
rho\set02\rho_0.6.py,rho,2,rho,0.6,2,5,5,0.5,0.5,0.6,0.6,1.0,0.5,41.400001,40,11,46.000001,69.000001,21.400001,1,1,1002,0,ilp_v2,optimal,1,59.788005,41.318741,1.446995,0.017875,0.0,,0.017875,0.021976,3,0,0
rho\set02\rho_0.6.py,rho,2,rho,0.6,2,5,5,0.5,0.5,0.6,0.6,1.0,0.5,41.400001,40,11,46.000001,69.000001,21.400001,1,1,1002,0,ilp_v3,optimal,1,47.305903,41.100437,1.150983,0.027282,0.0,,0.027282,0.031702,3,0,0
rho\set02\rho_0.6.py,rho,2,rho,0.6,2,5,5,0.5,0.5,0.6,0.6,1.0,0.5,41.400001,40,11,46.000001,69.000001,21.400001,1,1,1002,0,ilp_v4,optimal,1,59.788005,41.318741,1.446995,0.038261,0.0,,0.038261,0.040438,3,0,0
rho\set02\rho_0.6.py,rho,2,rho,0.6,2,5,5,0.5,0.5,0.6,0.6,1.0,0.5,41.400001,40,11,46.000001,69.000001,21.400001,1,1,1002,0,greedy_sps_baseline,infeasible,0,,46.000001,,0.000286,,over budget: E=46.0000 > B=41.4000,0.000286,0.000672,3,0,0
rho\set02\rho_0.7.py,rho,2,rho,0.7,2,5,5,0.5,0.5,0.7,0.6,1.0,0.5,48.300001,40,11,46.000001,69.000001,21.400001,1,1,1002,0,ilp_v2,optimal,1,68.404718,47.739505,1.432874,0.017202,0.0,,0.017202,0.020652,3,0,0
rho\set02\rho_0.7.py,rho,2,rho,0.7,2,5,5,0.5,0.5,0.7,0.6,1.0,0.5,48.300001,40,11,46.000001,69.000001,21.400001,1,1,1002,0,ilp_v3,optimal,1,60.599474,48.298349,1.25469,0.026518,5.8e-05,,0.026518,0.028623,3,0,0
rho\set02\rho_0.7.py,rho,2,rho,0.7,2,5,5,0.5,0.5,0.7,0.6,1.0,0.5,48.300001,40,11,46.000001,69.000001,21.400001,1,1,1002,0,ilp_v4,optimal,1,69.490474,47.197065,1.472347,0.045192,0.0,,0.045192,0.046326,3,0,0
rho\set02\rho_0.7.py,rho,2,rho,0.7,2,5,5,0.5,0.5,0.7,0.6,1.0,0.5,48.300001,40,11,46.000001,69.000001,21.400001,1,1,1002,0,greedy_sps_baseline,solved,1,8.500133,48.282551,0.17605,0.001076,,,0.001076,0.001338,3,0,0
rho\set02\rho_0.8.py,rho,2,rho,0.8,2,5,5,0.5,0.5,0.8,0.6,1.0,0.5,55.200001,40,11,46.000001,69.000001,21.400001,1,1,1002,0,ilp_v2,optimal,1,70.586681,55.103376,1.280987,0.011747,0.0,,0.011747,0.016066,3,0,0
rho\set02\rho_0.8.py,rho,2,rho,0.8,2,5,5,0.5,0.5,0.8,0.6,1.0,0.5,55.200001,40,11,46.000001,69.000001,21.400001,1,1,1002,0,ilp_v3,optimal,1,66.204897,54.04421,1.225014,0.014629,0.0,,0.014629,0.01652,3,0,0
rho\set02\rho_0.8.py,rho,2,rho,0.8,2,5,5,0.5,0.5,0.8,0.6,1.0,0.5,55.200001,40,11,46.000001,69.000001,21.400001,1,1,1002,0,ilp_v4,optimal,1,70.586681,54.6553,1.291488,0.022593,0.0,,0.022593,0.023797,3,0,0
rho\set02\rho_0.8.py,rho,2,rho,0.8,2,5,5,0.5,0.5,0.8,0.6,1.0,0.5,55.200001,40,11,46.000001,69.000001,21.400001,1,1,1002,0,greedy_sps_baseline,solved,1,31.018377,55.037104,0.56359,0.002116,,,0.002116,0.002275,3,0,0
rho\set02\rho_0.9.py,rho,2,rho,0.9,2,5,5,0.5,0.5,0.9,0.6,1.0,0.5,62.100001,40,11,46.000001,69.000001,21.400001,1,1,1002,0,ilp_v2,optimal,1,70.586681,61.641179,1.145122,0.006457,0.0,,0.006457,0.010026,3,0,0
rho\set02\rho_0.9.py,rho,2,rho,0.9,2,5,5,0.5,0.5,0.9,0.6,1.0,0.5,62.100001,40,11,46.000001,69.000001,21.400001,1,1,1002,0,ilp_v3,optimal,1,69.954091,61.543696,1.136657,0.008105,0.0,,0.008105,0.013895,3,0,0
rho\set02\rho_0.9.py,rho,2,rho,0.9,2,5,5,0.5,0.5,0.9,0.6,1.0,0.5,62.100001,40,11,46.000001,69.000001,21.400001,1,1,1002,0,ilp_v4,optimal,1,70.586681,60.619861,1.164415,0.017269,0.0,,0.017269,0.020172,3,0,0
rho\set02\rho_0.9.py,rho,2,rho,0.9,2,5,5,0.5,0.5,0.9,0.6,1.0,0.5,62.100001,40,11,46.000001,69.000001,21.400001,1,1,1002,0,greedy_sps_baseline,solved,1,56.102533,61.406027,0.913632,0.002678,,,0.002678,0.003062,3,0,0
rho\set02\rho_1.py,rho,2,rho,1,2,5,5,0.5,0.5,1.0,0.6,1.0,0.5,69.000001,40,11,46.000001,69.000001,21.400001,1,1,1002,0,ilp_v2,optimal,1,70.586681,62.911555,1.121999,0.004958,0.0,,0.004958,0.008441,3,0,0
rho\set02\rho_1.py,rho,2,rho,1,2,5,5,0.5,0.5,1.0,0.6,1.0,0.5,69.000001,40,11,46.000001,69.000001,21.400001,1,1,1002,0,ilp_v3,optimal,1,70.586681,68.976655,1.023342,0.003262,0.0,,0.003262,0.004321,3,0,0
rho\set02\rho_1.py,rho,2,rho,1,2,5,5,0.5,0.5,1.0,0.6,1.0,0.5,69.000001,40,11,46.000001,69.000001,21.400001,1,1,1002,0,ilp_v4,optimal,1,70.586681,60.680373,1.163254,0.013218,0.0,,0.013218,0.016844,3,0,0
rho\set02\rho_1.py,rho,2,rho,1,2,5,5,0.5,0.5,1.0,0.6,1.0,0.5,69.000001,40,11,46.000001,69.000001,21.400001,1,1,1002,0,greedy_sps_baseline,solved,1,69.490474,68.020484,1.021611,0.002411,,,0.002411,0.00269,3,0,0
rho\set03\rho_0.2.py,rho,3,rho,0.2,2,5,5,0.5,0.5,0.2,0.6,1.0,0.5,13.8,40,10,46.0,68.999999,21.433333,1,1,1003,0,ilp_v2,infeasible,0,,,,0.002675,,,0.002675,0.004331,3,0,0
rho\set03\rho_0.2.py,rho,3,rho,0.2,2,5,5,0.5,0.5,0.2,0.6,1.0,0.5,13.8,40,10,46.0,68.999999,21.433333,1,1,1003,0,ilp_v3,infeasible,0,,,,0.004112,,,0.004112,0.004514,3,0,0
rho\set03\rho_0.2.py,rho,3,rho,0.2,2,5,5,0.5,0.5,0.2,0.6,1.0,0.5,13.8,40,10,46.0,68.999999,21.433333,1,1,1003,0,ilp_v4,infeasible,0,,,,0.003446,,,0.003446,0.004401,3,0,0
rho\set03\rho_0.2.py,rho,3,rho,0.2,2,5,5,0.5,0.5,0.2,0.6,1.0,0.5,13.8,40,10,46.0,68.999999,21.433333,1,1,1003,0,greedy_sps_baseline,infeasible,0,,46.0,,0.000534,,over budget: E=46.0000 > B=13.8000,0.000534,0.000574,3,0,0
rho\set03\rho_0.3.py,rho,3,rho,0.3,2,5,5,0.5,0.5,0.3,0.6,1.0,0.5,20.7,40,10,46.0,68.999999,21.433333,1,1,1003,0,ilp_v2,infeasible,0,,,,0.002728,,,0.002728,0.004603,3,0,0
rho\set03\rho_0.3.py,rho,3,rho,0.3,2,5,5,0.5,0.5,0.3,0.6,1.0,0.5,20.7,40,10,46.0,68.999999,21.433333,1,1,1003,0,ilp_v3,infeasible,0,,,,0.002483,,,0.002483,0.00464,3,0,0
rho\set03\rho_0.3.py,rho,3,rho,0.3,2,5,5,0.5,0.5,0.3,0.6,1.0,0.5,20.7,40,10,46.0,68.999999,21.433333,1,1,1003,0,ilp_v4,infeasible,0,,,,0.004012,,,0.004012,0.004485,3,0,0
rho\set03\rho_0.3.py,rho,3,rho,0.3,2,5,5,0.5,0.5,0.3,0.6,1.0,0.5,20.7,40,10,46.0,68.999999,21.433333,1,1,1003,0,greedy_sps_baseline,infeasible,0,,46.0,,0.000745,,over budget: E=46.0000 > B=20.7000,0.000745,0.000906,3,0,0
rho\set03\rho_0.4.py,rho,3,rho,0.4,2,5,5,0.5,0.5,0.4,0.6,1.0,0.5,27.6,40,10,46.0,68.999999,21.433333,1,1,1003,0,ilp_v2,optimal,1,20.349986,27.579766,0.737859,0.112465,0.0,,0.112465,0.133178,3,0,0
rho\set03\rho_0.4.py,rho,3,rho,0.4,2,5,5,0.5,0.5,0.4,0.6,1.0,0.5,27.6,40,10,46.0,68.999999,21.433333,1,1,1003,0,ilp_v3,optimal,1,20.349986,27.579766,0.737859,0.125627,0.0,,0.125627,0.138593,3,0,0
rho\set03\rho_0.4.py,rho,3,rho,0.4,2,5,5,0.5,0.5,0.4,0.6,1.0,0.5,27.6,40,10,46.0,68.999999,21.433333,1,1,1003,0,ilp_v4,optimal,1,21.241627,27.59827,0.769672,0.162165,0.0,,0.162165,0.190192,3,0,0
rho\set03\rho_0.4.py,rho,3,rho,0.4,2,5,5,0.5,0.5,0.4,0.6,1.0,0.5,27.6,40,10,46.0,68.999999,21.433333,1,1,1003,0,greedy_sps_baseline,infeasible,0,,46.0,,0.000515,,over budget: E=46.0000 > B=27.6000,0.000515,0.000643,3,0,0
rho\set03\rho_0.5.py,rho,3,rho,0.5,2,5,5,0.5,0.5,0.5,0.6,1.0,0.5,34.499999,40,10,46.0,68.999999,21.433333,1,1,1003,0,ilp_v2,optimal,1,45.118351,34.492634,1.308058,0.173957,0.0,,0.173957,0.285133,3,0,0
rho\set03\rho_0.5.py,rho,3,rho,0.5,2,5,5,0.5,0.5,0.5,0.6,1.0,0.5,34.499999,40,10,46.0,68.999999,21.433333,1,1,1003,0,ilp_v3,optimal,1,44.249717,34.467412,1.283813,0.042074,0.0,,0.042074,0.059226,3,0,0
rho\set03\rho_0.5.py,rho,3,rho,0.5,2,5,5,0.5,0.5,0.5,0.6,1.0,0.5,34.499999,40,10,46.0,68.999999,21.433333,1,1,1003,0,ilp_v4,optimal,1,43.404137,34.497648,1.258177,0.158684,0.0,,0.158684,0.175941,3,0,0
rho\set03\rho_0.5.py,rho,3,rho,0.5,2,5,5,0.5,0.5,0.5,0.6,1.0,0.5,34.499999,40,10,46.0,68.999999,21.433333,1,1,1003,0,greedy_sps_baseline,infeasible,0,,46.0,,0.000758,,over budget: E=46.0000 > B=34.5000,0.000758,0.001009,3,0,0
rho\set03\rho_0.6.py,rho,3,rho,0.6,2,5,5,0.5,0.5,0.6,0.6,1.0,0.5,41.399999,40,10,46.0,68.999999,21.433333,1,1,1003,0,ilp_v2,optimal,1,59.998607,41.252872,1.45441,0.155191,0.0,,0.155191,0.185188,3,0,0
rho\set03\rho_0.6.py,rho,3,rho,0.6,2,5,5,0.5,0.5,0.6,0.6,1.0,0.5,41.399999,40,10,46.0,68.999999,21.433333,1,1,1003,0,ilp_v3,optimal,1,58.022942,41.369124,1.402566,0.10963,0.0,,0.10963,0.128329,3,0,0
rho\set03\rho_0.6.py,rho,3,rho,0.6,2,5,5,0.5,0.5,0.6,0.6,1.0,0.5,41.399999,40,10,46.0,68.999999,21.433333,1,1,1003,0,ilp_v4,optimal,1,59.700438,41.111464,1.45216,0.163112,0.0,,0.163112,0.200176,3,0,0
rho\set03\rho_0.6.py,rho,3,rho,0.6,2,5,5,0.5,0.5,0.6,0.6,1.0,0.5,41.399999,40,10,46.0,68.999999,21.433333,1,1,1003,0,greedy_sps_baseline,infeasible,0,,46.0,,0.000913,,over budget: E=46.0000 > B=41.4000,0.000913,0.001074,3,0,0
rho\set03\rho_0.7.py,rho,3,rho,0.7,2,5,5,0.5,0.5,0.7,0.6,1.0,0.5,48.299999,40,10,46.0,68.999999,21.433333,1,1,1003,0,ilp_v2,optimal,1,65.652181,48.288722,1.359576,0.029374,0.0,,0.029374,0.037517,3,0,0
rho\set03\rho_0.7.py,rho,3,rho,0.7,2,5,5,0.5,0.5,0.7,0.6,1.0,0.5,48.299999,40,10,46.0,68.999999,21.433333,1,1,1003,0,ilp_v3,optimal,1,62.894954,48.298718,1.302208,0.064749,0.0,,0.064749,0.08325,3,0,0
rho\set03\rho_0.7.py,rho,3,rho,0.7,2,5,5,0.5,0.5,0.7,0.6,1.0,0.5,48.299999,40,10,46.0,68.999999,21.433333,1,1,1003,0,ilp_v4,optimal,1,65.814743,48.274164,1.363353,0.067594,0.0,,0.067594,0.075006,3,0,0
rho\set03\rho_0.7.py,rho,3,rho,0.7,2,5,5,0.5,0.5,0.7,0.6,1.0,0.5,48.299999,40,10,46.0,68.999999,21.433333,1,1,1003,0,greedy_sps_baseline,solved,1,3.970118,48.2699,0.082248,0.001403,,,0.001403,0.001491,3,0,0
rho\set03\rho_0.8.py,rho,3,rho,0.8,2,5,5,0.5,0.5,0.8,0.6,1.0,0.5,55.199999,40,10,46.0,68.999999,21.433333,1,1,1003,0,ilp_v2,optimal,1,66.121629,54.471193,1.213883,0.011455,0.0,,0.011455,0.012285,3,0,0
rho\set03\rho_0.8.py,rho,3,rho,0.8,2,5,5,0.5,0.5,0.8,0.6,1.0,0.5,55.199999,40,10,46.0,68.999999,21.433333,1,1,1003,0,ilp_v3,optimal,1,66.121629,55.09519,1.200134,0.010642,0.0,,0.010642,0.011607,3,0,0
rho\set03\rho_0.8.py,rho,3,rho,0.8,2,5,5,0.5,0.5,0.8,0.6,1.0,0.5,55.199999,40,10,46.0,68.999999,21.433333,1,1,1003,0,ilp_v4,optimal,1,66.121629,55.151932,1.1989,0.031237,0.0,,0.031237,0.043282,3,0,0
rho\set03\rho_0.8.py,rho,3,rho,0.8,2,5,5,0.5,0.5,0.8,0.6,1.0,0.5,55.199999,40,10,46.0,68.999999,21.433333,1,1,1003,0,greedy_sps_baseline,solved,1,30.460851,55.091799,0.552911,0.00197,,,0.00197,0.002868,3,0,0
rho\set03\rho_0.9.py,rho,3,rho,0.9,2,5,5,0.5,0.5,0.9,0.6,1.0,0.5,62.099999,40,10,46.0,68.999999,21.433333,1,1,1003,0,ilp_v2,optimal,1,66.121629,52.161042,1.267644,0.011612,0.0,,0.011612,0.012857,3,0,0
rho\set03\rho_0.9.py,rho,3,rho,0.9,2,5,5,0.5,0.5,0.9,0.6,1.0,0.5,62.099999,40,10,46.0,68.999999,21.433333,1,1,1003,0,ilp_v3,optimal,1,66.121629,61.971282,1.066972,0.006716,0.0,,0.006716,0.010047,3,0,0
rho\set03\rho_0.9.py,rho,3,rho,0.9,2,5,5,0.5,0.5,0.9,0.6,1.0,0.5,62.099999,40,10,46.0,68.999999,21.433333,1,1,1003,0,ilp_v4,optimal,1,66.121629,52.161042,1.267644,0.021654,0.0,,0.021654,0.034946,3,0,0
rho\set03\rho_0.9.py,rho,3,rho,0.9,2,5,5,0.5,0.5,0.9,0.6,1.0,0.5,62.099999,40,10,46.0,68.999999,21.433333,1,1,1003,0,greedy_sps_baseline,solved,1,51.492707,62.033205,0.830083,0.001902,,,0.001902,0.002371,3,0,0
rho\set03\rho_1.py,rho,3,rho,1,2,5,5,0.5,0.5,1.0,0.6,1.0,0.5,68.999999,40,10,46.0,68.999999,21.433333,1,1,1003,0,ilp_v2,optimal,1,66.121629,68.999999,0.958284,0.005127,0.0,,0.005127,0.012127,3,0,0
rho\set03\rho_1.py,rho,3,rho,1,2,5,5,0.5,0.5,1.0,0.6,1.0,0.5,68.999999,40,10,46.0,68.999999,21.433333,1,1,1003,0,ilp_v3,optimal,1,66.121629,68.999999,0.958284,0.006775,0.0,,0.006775,0.011177,3,0,0
rho\set03\rho_1.py,rho,3,rho,1,2,5,5,0.5,0.5,1.0,0.6,1.0,0.5,68.999999,40,10,46.0,68.999999,21.433333,1,1,1003,0,ilp_v4,optimal,1,66.121629,68.999999,0.958284,0.016975,0.0,,0.016975,0.017282,3,0,0
rho\set03\rho_1.py,rho,3,rho,1,2,5,5,0.5,0.5,1.0,0.6,1.0,0.5,68.999999,40,10,46.0,68.999999,21.433333,1,1,1003,0,greedy_sps_baseline,solved,1,66.121629,68.999999,0.958284,0.003688,,,0.003688,0.003916,3,0,0
rho\set04\rho_0.2.py,rho,4,rho,0.2,2,5,5,0.5,0.5,0.2,0.6,1.0,0.5,13.8,40,13,46.000002,69.0,22.042858,1,1,1004,0,ilp_v2,infeasible,0,,,,0.00595,,,0.00595,0.006882,3,0,0
rho\set04\rho_0.2.py,rho,4,rho,0.2,2,5,5,0.5,0.5,0.2,0.6,1.0,0.5,13.8,40,13,46.000002,69.0,22.042858,1,1,1004,0,ilp_v3,infeasible,0,,,,0.003724,,,0.003724,0.006075,3,0,0
rho\set04\rho_0.2.py,rho,4,rho,0.2,2,5,5,0.5,0.5,0.2,0.6,1.0,0.5,13.8,40,13,46.000002,69.0,22.042858,1,1,1004,0,ilp_v4,infeasible,0,,,,0.005424,,,0.005424,0.005657,3,0,0
rho\set04\rho_0.2.py,rho,4,rho,0.2,2,5,5,0.5,0.5,0.2,0.6,1.0,0.5,13.8,40,13,46.000002,69.0,22.042858,1,1,1004,0,greedy_sps_baseline,infeasible,0,,46.000002,,0.000627,,over budget: E=46.0000 > B=13.8000,0.000627,0.000756,3,0,0
rho\set04\rho_0.3.py,rho,4,rho,0.3,2,5,5,0.5,0.5,0.3,0.6,1.0,0.5,20.7,40,13,46.000002,69.0,22.042858,1,1,1004,0,ilp_v2,infeasible,0,,,,0.005098,,,0.005098,0.00563,3,0,0
rho\set04\rho_0.3.py,rho,4,rho,0.3,2,5,5,0.5,0.5,0.3,0.6,1.0,0.5,20.7,40,13,46.000002,69.0,22.042858,1,1,1004,0,ilp_v3,infeasible,0,,,,0.005435,,,0.005435,0.006493,3,0,0
rho\set04\rho_0.3.py,rho,4,rho,0.3,2,5,5,0.5,0.5,0.3,0.6,1.0,0.5,20.7,40,13,46.000002,69.0,22.042858,1,1,1004,0,ilp_v4,infeasible,0,,,,0.005464,,,0.005464,0.005966,3,0,0
rho\set04\rho_0.3.py,rho,4,rho,0.3,2,5,5,0.5,0.5,0.3,0.6,1.0,0.5,20.7,40,13,46.000002,69.0,22.042858,1,1,1004,0,greedy_sps_baseline,infeasible,0,,46.000002,,0.000321,,over budget: E=46.0000 > B=20.7000,0.000321,0.000404,3,0,0
rho\set04\rho_0.4.py,rho,4,rho,0.4,2,5,5,0.5,0.5,0.4,0.6,1.0,0.5,27.6,40,13,46.000002,69.0,22.042858,1,1,1004,0,ilp_v2,optimal,1,15.315985,27.595341,0.555021,0.069971,0.0,,0.069971,0.080187,3,0,0
rho\set04\rho_0.4.py,rho,4,rho,0.4,2,5,5,0.5,0.5,0.4,0.6,1.0,0.5,27.6,40,13,46.000002,69.0,22.042858,1,1,1004,0,ilp_v3,optimal,1,19.8586,27.590977,0.71975,0.037274,0.0,,0.037274,0.039116,3,0,0
rho\set04\rho_0.4.py,rho,4,rho,0.4,2,5,5,0.5,0.5,0.4,0.6,1.0,0.5,27.6,40,13,46.000002,69.0,22.042858,1,1,1004,0,ilp_v4,optimal,1,15.988875,27.599055,0.579327,0.221865,0.0,,0.221865,0.254517,3,0,0
rho\set04\rho_0.4.py,rho,4,rho,0.4,2,5,5,0.5,0.5,0.4,0.6,1.0,0.5,27.6,40,13,46.000002,69.0,22.042858,1,1,1004,0,greedy_sps_baseline,infeasible,0,,46.000002,,0.000812,,over budget: E=46.0000 > B=27.6000,0.000812,0.001001,3,0,0
rho\set04\rho_0.5.py,rho,4,rho,0.5,2,5,5,0.5,0.5,0.5,0.6,1.0,0.5,34.5,40,13,46.000002,69.0,22.042858,1,1,1004,0,ilp_v2,optimal,1,36.207905,34.473602,1.050308,0.048671,0.0,,0.048671,0.060862,3,0,0
rho\set04\rho_0.5.py,rho,4,rho,0.5,2,5,5,0.5,0.5,0.5,0.6,1.0,0.5,34.5,40,13,46.000002,69.0,22.042858,1,1,1004,0,ilp_v3,optimal,1,41.057687,34.495851,1.190221,0.064182,0.0,,0.064182,0.066765,3,0,0
rho\set04\rho_0.5.py,rho,4,rho,0.5,2,5,5,0.5,0.5,0.5,0.6,1.0,0.5,34.5,40,13,46.000002,69.0,22.042858,1,1,1004,0,ilp_v4,optimal,1,37.19409,34.451609,1.079604,0.31368,0.0,,0.31368,0.322471,3,0,0
rho\set04\rho_0.5.py,rho,4,rho,0.5,2,5,5,0.5,0.5,0.5,0.6,1.0,0.5,34.5,40,13,46.000002,69.0,22.042858,1,1,1004,0,greedy_sps_baseline,infeasible,0,,46.000002,,0.000699,,over budget: E=46.0000 > B=34.5000,0.000699,0.000939,3,0,0
rho\set04\rho_0.6.py,rho,4,rho,0.6,2,5,5,0.5,0.5,0.6,0.6,1.0,0.5,41.4,40,13,46.000002,69.0,22.042858,1,1,1004,0,ilp_v2,optimal,1,50.12607,41.381749,1.211309,0.146699,0.0,,0.146699,0.16742,3,0,0
rho\set04\rho_0.6.py,rho,4,rho,0.6,2,5,5,0.5,0.5,0.6,0.6,1.0,0.5,41.4,40,13,46.000002,69.0,22.042858,1,1,1004,0,ilp_v3,optimal,1,50.12607,41.381749,1.211309,0.153197,0.0,,0.153197,0.169464,3,0,0
rho\set04\rho_0.6.py,rho,4,rho,0.6,2,5,5,0.5,0.5,0.6,0.6,1.0,0.5,41.4,40,13,46.000002,69.0,22.042858,1,1,1004,0,ilp_v4,optimal,1,52.778672,41.358919,1.276113,0.140812,0.0,,0.140812,0.17371,3,0,0
rho\set04\rho_0.6.py,rho,4,rho,0.6,2,5,5,0.5,0.5,0.6,0.6,1.0,0.5,41.4,40,13,46.000002,69.0,22.042858,1,1,1004,0,greedy_sps_baseline,infeasible,0,,46.000002,,0.000954,,over budget: E=46.0000 > B=41.4000,0.000954,0.001077,3,0,0
rho\set04\rho_0.7.py,rho,4,rho,0.7,2,5,5,0.5,0.5,0.7,0.6,1.0,0.5,48.3,40,13,46.000002,69.0,22.042858,1,1,1004,0,ilp_v2,optimal,1,54.907754,48.120775,1.141041,0.03325,3.6e-05,,0.03325,0.040227,3,0,0
rho\set04\rho_0.7.py,rho,4,rho,0.7,2,5,5,0.5,0.5,0.7,0.6,1.0,0.5,48.3,40,13,46.000002,69.0,22.042858,1,1,1004,0,ilp_v3,optimal,1,56.271351,47.64706,1.181004,0.017914,0.0,,0.017914,0.020822,3,0,0
rho\set04\rho_0.7.py,rho,4,rho,0.7,2,5,5,0.5,0.5,0.7,0.6,1.0,0.5,48.3,40,13,46.000002,69.0,22.042858,1,1,1004,0,ilp_v4,optimal,1,56.483065,48.270237,1.170143,0.131744,0.0,,0.131744,0.144282,3,0,0
rho\set04\rho_0.7.py,rho,4,rho,0.7,2,5,5,0.5,0.5,0.7,0.6,1.0,0.5,48.3,40,13,46.000002,69.0,22.042858,1,1,1004,0,greedy_sps_baseline,solved,1,7.79982,48.211926,0.161782,0.001286,,,0.001286,0.001434,3,0,0
rho\set04\rho_0.8.py,rho,4,rho,0.8,2,5,5,0.5,0.5,0.8,0.6,1.0,0.5,55.2,40,13,46.000002,69.0,22.042858,1,1,1004,0,ilp_v2,optimal,1,56.900624,54.572533,1.042661,0.014101,0.0,,0.014101,0.015498,3,0,0
rho\set04\rho_0.8.py,rho,4,rho,0.8,2,5,5,0.5,0.5,0.8,0.6,1.0,0.5,55.2,40,13,46.000002,69.0,22.042858,1,1,1004,0,ilp_v3,optimal,1,56.900624,55.101386,1.032653,0.018186,0.0,,0.018186,0.020365,3,0,0
rho\set04\rho_0.8.py,rho,4,rho,0.8,2,5,5,0.5,0.5,0.8,0.6,1.0,0.5,55.2,40,13,46.000002,69.0,22.042858,1,1,1004,0,ilp_v4,optimal,1,55.978206,53.949041,1.037613,0.037577,0.0,,0.037577,0.053038,3,0,0
rho\set04\rho_0.8.py,rho,4,rho,0.8,2,5,5,0.5,0.5,0.8,0.6,1.0,0.5,55.2,40,13,46.000002,69.0,22.042858,1,1,1004,0,greedy_sps_baseline,solved,1,30.335041,55.17635,0.549783,0.002114,,,0.002114,0.002801,3,0,0
rho\set04\rho_0.9.py,rho,4,rho,0.9,2,5,5,0.5,0.5,0.9,0.6,1.0,0.5,62.1,40,13,46.000002,69.0,22.042858,1,1,1004,0,ilp_v2,optimal,1,56.900624,58.674634,0.969765,0.008025,0.0,,0.008025,0.009449,3,0,0
rho\set04\rho_0.9.py,rho,4,rho,0.9,2,5,5,0.5,0.5,0.9,0.6,1.0,0.5,62.1,40,13,46.000002,69.0,22.042858,1,1,1004,0,ilp_v3,optimal,1,56.900624,58.674634,0.969765,0.00786,0.0,,0.00786,0.008203,3,0,0
rho\set04\rho_0.9.py,rho,4,rho,0.9,2,5,5,0.5,0.5,0.9,0.6,1.0,0.5,62.1,40,13,46.000002,69.0,22.042858,1,1,1004,0,ilp_v4,optimal,1,56.900624,58.674634,0.969765,0.02552,0.0,,0.02552,0.032574,3,0,0
rho\set04\rho_0.9.py,rho,4,rho,0.9,2,5,5,0.5,0.5,0.9,0.6,1.0,0.5,62.1,40,13,46.000002,69.0,22.042858,1,1,1004,0,greedy_sps_baseline,solved,1,49.556446,62.072752,0.798361,0.003573,,,0.003573,0.007063,3,0,0
rho\set04\rho_1.py,rho,4,rho,1,2,5,5,0.5,0.5,1.0,0.6,1.0,0.5,69.0,40,13,46.000002,69.0,22.042858,1,1,1004,0,ilp_v2,optimal,1,56.900624,69.0,0.824647,0.005248,0.0,,0.005248,0.005826,3,0,0
rho\set04\rho_1.py,rho,4,rho,1,2,5,5,0.5,0.5,1.0,0.6,1.0,0.5,69.0,40,13,46.000002,69.0,22.042858,1,1,1004,0,ilp_v3,optimal,1,56.900624,69.0,0.824647,0.004425,0.0,,0.004425,0.011005,3,0,0
rho\set04\rho_1.py,rho,4,rho,1,2,5,5,0.5,0.5,1.0,0.6,1.0,0.5,69.0,40,13,46.000002,69.0,22.042858,1,1,1004,0,ilp_v4,optimal,1,56.900624,69.0,0.824647,0.01905,0.0,,0.01905,0.029044,3,0,0
rho\set04\rho_1.py,rho,4,rho,1,2,5,5,0.5,0.5,1.0,0.6,1.0,0.5,69.0,40,13,46.000002,69.0,22.042858,1,1,1004,0,greedy_sps_baseline,solved,1,56.900624,69.0,0.824647,0.006968,,,0.006968,0.007601,3,0,0
rho\set05\rho_0.2.py,rho,5,rho,0.2,2,5,5,0.5,0.5,0.2,0.6,1.0,0.5,13.8,40,10,46.0,68.999998,24.4,1,1,1005,0,ilp_v2,infeasible,0,,,,0.003839,,,0.003839,0.004103,3,0,0
rho\set05\rho_0.2.py,rho,5,rho,0.2,2,5,5,0.5,0.5,0.2,0.6,1.0,0.5,13.8,40,10,46.0,68.999998,24.4,1,1,1005,0,ilp_v3,infeasible,0,,,,0.00384,,,0.00384,0.004804,3,0,0
rho\set05\rho_0.2.py,rho,5,rho,0.2,2,5,5,0.5,0.5,0.2,0.6,1.0,0.5,13.8,40,10,46.0,68.999998,24.4,1,1,1005,0,ilp_v4,infeasible,0,,,,0.004945,,,0.004945,0.005621,3,0,0
rho\set05\rho_0.2.py,rho,5,rho,0.2,2,5,5,0.5,0.5,0.2,0.6,1.0,0.5,13.8,40,10,46.0,68.999998,24.4,1,1,1005,0,greedy_sps_baseline,infeasible,0,,46.0,,0.000619,,over budget: E=46.0000 > B=13.8000,0.000619,0.000736,3,0,0
rho\set05\rho_0.3.py,rho,5,rho,0.3,2,5,5,0.5,0.5,0.3,0.6,1.0,0.5,20.699999,40,10,46.0,68.999998,24.4,1,1,1005,0,ilp_v2,infeasible,0,,,,0.003051,,,0.003051,0.003737,3,0,0
rho\set05\rho_0.3.py,rho,5,rho,0.3,2,5,5,0.5,0.5,0.3,0.6,1.0,0.5,20.699999,40,10,46.0,68.999998,24.4,1,1,1005,0,ilp_v3,infeasible,0,,,,0.003399,,,0.003399,0.00374,3,0,0
rho\set05\rho_0.3.py,rho,5,rho,0.3,2,5,5,0.5,0.5,0.3,0.6,1.0,0.5,20.699999,40,10,46.0,68.999998,24.4,1,1,1005,0,ilp_v4,infeasible,0,,,,0.00353,,,0.00353,0.00407,3,0,0
rho\set05\rho_0.3.py,rho,5,rho,0.3,2,5,5,0.5,0.5,0.3,0.6,1.0,0.5,20.699999,40,10,46.0,68.999998,24.4,1,1,1005,0,greedy_sps_baseline,infeasible,0,,46.0,,0.000508,,over budget: E=46.0000 > B=20.7000,0.000508,0.000626,3,0,0
rho\set05\rho_0.4.py,rho,5,rho,0.4,2,5,5,0.5,0.5,0.4,0.6,1.0,0.5,27.599999,40,10,46.0,68.999998,24.4,1,1,1005,0,ilp_v2,optimal,1,13.631828,27.585699,0.494163,0.019308,0.0,,0.019308,0.024807,3,0,0
rho\set05\rho_0.4.py,rho,5,rho,0.4,2,5,5,0.5,0.5,0.4,0.6,1.0,0.5,27.599999,40,10,46.0,68.999998,24.4,1,1,1005,0,ilp_v3,optimal,1,20.314479,27.446477,0.740149,0.015886,0.0,,0.015886,0.017472,3,0,0
rho\set05\rho_0.4.py,rho,5,rho,0.4,2,5,5,0.5,0.5,0.4,0.6,1.0,0.5,27.599999,40,10,46.0,68.999998,24.4,1,1,1005,0,ilp_v4,optimal,1,20.526316,27.497507,0.746479,0.060426,0.0,,0.060426,0.061984,3,0,0
rho\set05\rho_0.4.py,rho,5,rho,0.4,2,5,5,0.5,0.5,0.4,0.6,1.0,0.5,27.599999,40,10,46.0,68.999998,24.4,1,1,1005,0,greedy_sps_baseline,infeasible,0,,46.0,,0.00028,,over budget: E=46.0000 > B=27.6000,0.00028,0.00048,3,0,0
rho\set05\rho_0.5.py,rho,5,rho,0.5,2,5,5,0.5,0.5,0.5,0.6,1.0,0.5,34.499999,40,10,46.0,68.999998,24.4,1,1,1005,0,ilp_v2,optimal,1,29.723671,34.481967,0.862006,0.027942,0.0,,0.027942,0.029923,3,0,0
rho\set05\rho_0.5.py,rho,5,rho,0.5,2,5,5,0.5,0.5,0.5,0.6,1.0,0.5,34.499999,40,10,46.0,68.999998,24.4,1,1,1005,0,ilp_v3,optimal,1,35.105414,34.353263,1.021895,0.023606,0.0,,0.023606,0.026087,3,0,0
rho\set05\rho_0.5.py,rho,5,rho,0.5,2,5,5,0.5,0.5,0.5,0.6,1.0,0.5,34.499999,40,10,46.0,68.999998,24.4,1,1,1005,0,ilp_v4,optimal,1,38.395574,34.380105,1.116796,0.070567,0.0,,0.070567,0.078506,3,0,0
rho\set05\rho_0.5.py,rho,5,rho,0.5,2,5,5,0.5,0.5,0.5,0.6,1.0,0.5,34.499999,40,10,46.0,68.999998,24.4,1,1,1005,0,greedy_sps_baseline,infeasible,0,,46.0,,0.000496,,over budget: E=46.0000 > B=34.5000,0.000496,0.000689,3,0,0
rho\set05\rho_0.6.py,rho,5,rho,0.6,2,5,5,0.5,0.5,0.6,0.6,1.0,0.5,41.399999,40,10,46.0,68.999998,24.4,1,1,1005,0,ilp_v2,optimal,1,39.993595,41.372669,0.966667,0.047619,0.0,,0.047619,0.051192,3,0,0
rho\set05\rho_0.6.py,rho,5,rho,0.6,2,5,5,0.5,0.5,0.6,0.6,1.0,0.5,41.399999,40,10,46.0,68.999998,24.4,1,1,1005,0,ilp_v3,optimal,1,40.768178,41.176266,0.990089,0.01714,0.0,,0.01714,0.017893,3,0,0
rho\set05\rho_0.6.py,rho,5,rho,0.6,2,5,5,0.5,0.5,0.6,0.6,1.0,0.5,41.399999,40,10,46.0,68.999998,24.4,1,1,1005,0,ilp_v4,optimal,1,42.689186,40.751761,1.047542,0.07694,0.0,,0.07694,0.080843,3,0,0
rho\set05\rho_0.6.py,rho,5,rho,0.6,2,5,5,0.5,0.5,0.6,0.6,1.0,0.5,41.399999,40,10,46.0,68.999998,24.4,1,1,1005,0,greedy_sps_baseline,infeasible,0,,46.0,,0.000528,,over budget: E=46.0000 > B=41.4000,0.000528,0.000633,3,0,0
rho\set05\rho_0.7.py,rho,5,rho,0.7,2,5,5,0.5,0.5,0.7,0.6,1.0,0.5,48.299998,40,10,46.0,68.999998,24.4,1,1,1005,0,ilp_v2,optimal,1,48.111591,48.255135,0.997025,0.009215,0.0,,0.009215,0.009731,3,0,0
rho\set05\rho_0.7.py,rho,5,rho,0.7,2,5,5,0.5,0.5,0.7,0.6,1.0,0.5,48.299998,40,10,46.0,68.999998,24.4,1,1,1005,0,ilp_v3,optimal,1,43.997009,46.914174,0.937819,0.019482,0.0,,0.019482,0.019686,3,0,0
rho\set05\rho_0.7.py,rho,5,rho,0.7,2,5,5,0.5,0.5,0.7,0.6,1.0,0.5,48.299998,40,10,46.0,68.999998,24.4,1,1,1005,0,ilp_v4,optimal,1,48.111591,48.255135,0.997025,0.026018,0.0,,0.026018,0.039183,3,0,0
rho\set05\rho_0.7.py,rho,5,rho,0.7,2,5,5,0.5,0.5,0.7,0.6,1.0,0.5,48.299998,40,10,46.0,68.999998,24.4,1,1,1005,0,greedy_sps_baseline,solved,1,8.491537,48.040339,0.176758,0.000528,,,0.000528,0.001139,3,0,0
rho\set05\rho_0.8.py,rho,5,rho,0.8,2,5,5,0.5,0.5,0.8,0.6,1.0,0.5,55.199998,40,10,46.0,68.999998,24.4,1,1,1005,0,ilp_v2,optimal,1,48.111591,52.54291,0.915663,0.0082,0.0,,0.0082,0.010765,3,0,0
rho\set05\rho_0.8.py,rho,5,rho,0.8,2,5,5,0.5,0.5,0.8,0.6,1.0,0.5,55.199998,40,10,46.0,68.999998,24.4,1,1,1005,0,ilp_v3,optimal,1,48.111591,55.090645,0.873317,0.013457,0.0,,0.013457,0.015555,3,0,0
rho\set05\rho_0.8.py,rho,5,rho,0.8,2,5,5,0.5,0.5,0.8,0.6,1.0,0.5,55.199998,40,10,46.0,68.999998,24.4,1,1,1005,0,ilp_v4,optimal,1,48.111591,52.54291,0.915663,0.025799,0.0,,0.025799,0.027851,3,0,0
rho\set05\rho_0.8.py,rho,5,rho,0.8,2,5,5,0.5,0.5,0.8,0.6,1.0,0.5,55.199998,40,10,46.0,68.999998,24.4,1,1,1005,0,greedy_sps_baseline,solved,1,28.273423,54.722383,0.51667,0.00208,,,0.00208,0.002189,3,0,0
rho\set05\rho_0.9.py,rho,5,rho,0.9,2,5,5,0.5,0.5,0.9,0.6,1.0,0.5,62.099998,40,10,46.0,68.999998,24.4,1,1,1005,0,ilp_v2,optimal,1,48.111591,57.600755,0.83526,0.009315,0.0,,0.009315,0.010459,3,0,0
rho\set05\rho_0.9.py,rho,5,rho,0.9,2,5,5,0.5,0.5,0.9,0.6,1.0,0.5,62.099998,40,10,46.0,68.999998,24.4,1,1,1005,0,ilp_v3,optimal,1,48.111591,61.284805,0.785049,0.006637,0.0,,0.006637,0.013879,3,0,0
rho\set05\rho_0.9.py,rho,5,rho,0.9,2,5,5,0.5,0.5,0.9,0.6,1.0,0.5,62.099998,40,10,46.0,68.999998,24.4,1,1,1005,0,ilp_v4,optimal,1,48.111591,57.501768,0.836698,0.017371,0.0,,0.017371,0.020423,3,0,0
rho\set05\rho_0.9.py,rho,5,rho,0.9,2,5,5,0.5,0.5,0.9,0.6,1.0,0.5,62.099998,40,10,46.0,68.999998,24.4,1,1,1005,0,greedy_sps_baseline,solved,1,40.768178,61.133277,0.666874,0.002334,,,0.002334,0.004798,3,0,0
rho\set05\rho_1.py,rho,5,rho,1,2,5,5,0.5,0.5,1.0,0.6,1.0,0.5,68.999998,40,10,46.0,68.999998,24.4,1,1,1005,0,ilp_v2,optimal,1,48.111591,68.999998,0.697269,0.004788,0.0,,0.004788,0.005678,3,0,0
rho\set05\rho_1.py,rho,5,rho,1,2,5,5,0.5,0.5,1.0,0.6,1.0,0.5,68.999998,40,10,46.0,68.999998,24.4,1,1,1005,0,ilp_v3,optimal,1,48.111591,68.999998,0.697269,0.004703,0.0,,0.004703,0.005921,3,0,0
rho\set05\rho_1.py,rho,5,rho,1,2,5,5,0.5,0.5,1.0,0.6,1.0,0.5,68.999998,40,10,46.0,68.999998,24.4,1,1,1005,0,ilp_v4,optimal,1,48.111591,64.417644,0.74687,0.008702,0.0,,0.008702,0.014772,3,0,0
rho\set05\rho_1.py,rho,5,rho,1,2,5,5,0.5,0.5,1.0,0.6,1.0,0.5,68.999998,40,10,46.0,68.999998,24.4,1,1,1005,0,greedy_sps_baseline,solved,1,48.111591,68.999998,0.697269,0.001245,,,0.001245,0.00163,3,0,0
rho\set06\rho_0.2.py,rho,6,rho,0.2,2,5,5,0.5,0.5,0.2,0.6,1.0,0.5,13.8,40,10,46.000002,69.000002,21.433334,1,1,1006,0,ilp_v2,infeasible,0,,,,0.002079,,,0.002079,0.002782,3,0,0
rho\set06\rho_0.2.py,rho,6,rho,0.2,2,5,5,0.5,0.5,0.2,0.6,1.0,0.5,13.8,40,10,46.000002,69.000002,21.433334,1,1,1006,0,ilp_v3,infeasible,0,,,,0.002526,,,0.002526,0.00497,3,0,0
rho\set06\rho_0.2.py,rho,6,rho,0.2,2,5,5,0.5,0.5,0.2,0.6,1.0,0.5,13.8,40,10,46.000002,69.000002,21.433334,1,1,1006,0,ilp_v4,infeasible,0,,,,0.002588,,,0.002588,0.004368,3,0,0
rho\set06\rho_0.2.py,rho,6,rho,0.2,2,5,5,0.5,0.5,0.2,0.6,1.0,0.5,13.8,40,10,46.000002,69.000002,21.433334,1,1,1006,0,greedy_sps_baseline,infeasible,0,,46.000002,,0.000498,,over budget: E=46.0000 > B=13.8000,0.000498,0.000641,3,0,0
rho\set06\rho_0.3.py,rho,6,rho,0.3,2,5,5,0.5,0.5,0.3,0.6,1.0,0.5,20.700001,40,10,46.000002,69.000002,21.433334,1,1,1006,0,ilp_v2,infeasible,0,,,,0.003862,,,0.003862,0.004705,3,0,0
rho\set06\rho_0.3.py,rho,6,rho,0.3,2,5,5,0.5,0.5,0.3,0.6,1.0,0.5,20.700001,40,10,46.000002,69.000002,21.433334,1,1,1006,0,ilp_v3,infeasible,0,,,,0.002945,,,0.002945,0.003381,3,0,0
rho\set06\rho_0.3.py,rho,6,rho,0.3,2,5,5,0.5,0.5,0.3,0.6,1.0,0.5,20.700001,40,10,46.000002,69.000002,21.433334,1,1,1006,0,ilp_v4,infeasible,0,,,,0.00322,,,0.00322,0.003501,3,0,0
rho\set06\rho_0.3.py,rho,6,rho,0.3,2,5,5,0.5,0.5,0.3,0.6,1.0,0.5,20.700001,40,10,46.000002,69.000002,21.433334,1,1,1006,0,greedy_sps_baseline,infeasible,0,,46.000002,,0.000522,,over budget: E=46.0000 > B=20.7000,0.000522,0.000615,3,0,0
rho\set06\rho_0.4.py,rho,6,rho,0.4,2,5,5,0.5,0.5,0.4,0.6,1.0,0.5,27.600001,40,10,46.000002,69.000002,21.433334,1,1,1006,0,ilp_v2,optimal,1,3.095504,27.256346,0.11357,0.011899,0.0,,0.011899,0.012976,3,0,0
rho\set06\rho_0.4.py,rho,6,rho,0.4,2,5,5,0.5,0.5,0.4,0.6,1.0,0.5,27.600001,40,10,46.000002,69.000002,21.433334,1,1,1006,0,ilp_v3,optimal,1,4.182701,27.34062,0.152985,0.025677,0.0,,0.025677,0.026214,3,0,0
rho\set06\rho_0.4.py,rho,6,rho,0.4,2,5,5,0.5,0.5,0.4,0.6,1.0,0.5,27.600001,40,10,46.000002,69.000002,21.433334,1,1,1006,0,ilp_v4,optimal,1,16.108516,27.587739,0.583901,0.035011,0.0,,0.035011,0.043921,3,0,0
rho\set06\rho_0.4.py,rho,6,rho,0.4,2,5,5,0.5,0.5,0.4,0.6,1.0,0.5,27.600001,40,10,46.000002,69.000002,21.433334,1,1,1006,0,greedy_sps_baseline,infeasible,0,,46.000002,,0.000272,,over budget: E=46.0000 > B=27.6000,0.000272,0.000542,3,0,0
rho\set06\rho_0.5.py,rho,6,rho,0.5,2,5,5,0.5,0.5,0.5,0.6,1.0,0.5,34.500001,40,10,46.000002,69.000002,21.433334,1,1,1006,0,ilp_v2,optimal,1,16.108516,34.471225,0.467303,0.017345,0.0,,0.017345,0.019801,3,0,0
rho\set06\rho_0.5.py,rho,6,rho,0.5,2,5,5,0.5,0.5,0.5,0.6,1.0,0.5,34.500001,40,10,46.000002,69.000002,21.433334,1,1,1006,0,ilp_v3,optimal,1,28.221665,34.340723,0.821813,0.014555,0.0,,0.014555,0.015423,3,0,0
rho\set06\rho_0.5.py,rho,6,rho,0.5,2,5,5,0.5,0.5,0.5,0.6,1.0,0.5,34.500001,40,10,46.000002,69.000002,21.433334,1,1,1006,0,ilp_v4,optimal,1,31.919023,33.693838,0.947325,0.044662,0.0,,0.044662,0.047458,3,0,0
rho\set06\rho_0.5.py,rho,6,rho,0.5,2,5,5,0.5,0.5,0.5,0.6,1.0,0.5,34.500001,40,10,46.000002,69.000002,21.433334,1,1,1006,0,greedy_sps_baseline,infeasible,0,,46.000002,,0.000491,,over budget: E=46.0000 > B=34.5000,0.000491,0.00094,3,0,0
rho\set06\rho_0.6.py,rho,6,rho,0.6,2,5,5,0.5,0.5,0.6,0.6,1.0,0.5,41.400001,40,10,46.000002,69.000002,21.433334,1,1,1006,0,ilp_v2,optimal,1,27.169169,41.18308,0.659717,0.032108,0.0,,0.032108,0.037507,3,0,0
rho\set06\rho_0.6.py,rho,6,rho,0.6,2,5,5,0.5,0.5,0.6,0.6,1.0,0.5,41.400001,40,10,46.000002,69.000002,21.433334,1,1,1006,0,ilp_v3,optimal,1,36.551379,41.10509,0.889218,0.025128,0.0,,0.025128,0.026026,3,0,0
rho\set06\rho_0.6.py,rho,6,rho,0.6,2,5,5,0.5,0.5,0.6,0.6,1.0,0.5,41.400001,40,10,46.000002,69.000002,21.433334,1,1,1006,0,ilp_v4,optimal,1,37.166349,41.260948,0.900763,0.042383,0.0,,0.042383,0.045959,3,0,0
rho\set06\rho_0.6.py,rho,6,rho,0.6,2,5,5,0.5,0.5,0.6,0.6,1.0,0.5,41.400001,40,10,46.000002,69.000002,21.433334,1,1,1006,0,greedy_sps_baseline,infeasible,0,,46.000002,,0.000508,,over budget: E=46.0000 > B=41.4000,0.000508,0.000616,3,0,0
rho\set06\rho_0.7.py,rho,6,rho,0.7,2,5,5,0.5,0.5,0.7,0.6,1.0,0.5,48.300002,40,10,46.000002,69.000002,21.433334,1,1,1006,0,ilp_v2,optimal,1,35.543866,48.186666,0.737629,0.009938,0.0,,0.009938,0.012471,3,0,0
rho\set06\rho_0.7.py,rho,6,rho,0.7,2,5,5,0.5,0.5,0.7,0.6,1.0,0.5,48.300002,40,10,46.000002,69.000002,21.433334,1,1,1006,0,ilp_v3,optimal,1,35.676241,47.926231,0.744399,0.009604,0.0,,0.009604,0.010653,3,0,0
rho\set06\rho_0.7.py,rho,6,rho,0.7,2,5,5,0.5,0.5,0.7,0.6,1.0,0.5,48.300002,40,10,46.000002,69.000002,21.433334,1,1,1006,0,ilp_v4,optimal,1,38.970656,48.045761,0.811115,0.033916,0.0,,0.033916,0.047136,3,0,0
rho\set06\rho_0.7.py,rho,6,rho,0.7,2,5,5,0.5,0.5,0.7,0.6,1.0,0.5,48.300002,40,10,46.000002,69.000002,21.433334,1,1,1006,0,greedy_sps_baseline,solved,1,2.560218,47.783406,0.05358,0.001143,,,0.001143,0.00128,3,0,0
rho\set06\rho_0.8.py,rho,6,rho,0.8,2,5,5,0.5,0.5,0.8,0.6,1.0,0.5,55.200002,40,10,46.000002,69.000002,21.433334,1,1,1006,0,ilp_v2,optimal,1,38.861347,54.241998,0.716444,0.005453,0.0,,0.005453,0.006017,3,0,0
rho\set06\rho_0.8.py,rho,6,rho,0.8,2,5,5,0.5,0.5,0.8,0.6,1.0,0.5,55.200002,40,10,46.000002,69.000002,21.433334,1,1,1006,0,ilp_v3,optimal,1,42.996933,55.14021,0.779775,0.00443,0.0,,0.00443,0.006167,3,0,0
rho\set06\rho_0.8.py,rho,6,rho,0.8,2,5,5,0.5,0.5,0.8,0.6,1.0,0.5,55.200002,40,10,46.000002,69.000002,21.433334,1,1,1006,0,ilp_v4,optimal,1,42.996933,51.97969,0.827187,0.022727,0.0,,0.022727,0.03728,3,0,0
rho\set06\rho_0.8.py,rho,6,rho,0.8,2,5,5,0.5,0.5,0.8,0.6,1.0,0.5,55.200002,40,10,46.000002,69.000002,21.433334,1,1,1006,0,greedy_sps_baseline,solved,1,28.221665,55.069596,0.512473,0.00138,,,0.00138,0.001476,3,0,0
rho\set06\rho_0.9.py,rho,6,rho,0.9,2,5,5,0.5,0.5,0.9,0.6,1.0,0.5,62.100002,40,10,46.000002,69.000002,21.433334,1,1,1006,0,ilp_v2,optimal,1,39.679452,56.491302,0.702399,0.005427,0.0,,0.005427,0.008218,3,0,0
rho\set06\rho_0.9.py,rho,6,rho,0.9,2,5,5,0.5,0.5,0.9,0.6,1.0,0.5,62.100002,40,10,46.000002,69.000002,21.433334,1,1,1006,0,ilp_v3,optimal,1,42.996933,60.407693,0.711779,0.006702,0.0,,0.006702,0.007547,3,0,0
rho\set06\rho_0.9.py,rho,6,rho,0.9,2,5,5,0.5,0.5,0.9,0.6,1.0,0.5,62.100002,40,10,46.000002,69.000002,21.433334,1,1,1006,0,ilp_v4,optimal,1,42.996933,61.963685,0.693905,0.010406,0.0,,0.010406,0.017168,3,0,0
rho\set06\rho_0.9.py,rho,6,rho,0.9,2,5,5,0.5,0.5,0.9,0.6,1.0,0.5,62.100002,40,10,46.000002,69.000002,21.433334,1,1,1006,0,greedy_sps_baseline,solved,1,35.616381,61.175666,0.582199,0.001231,,,0.001231,0.001908,3,0,0
rho\set06\rho_1.py,rho,6,rho,1,2,5,5,0.5,0.5,1.0,0.6,1.0,0.5,69.000002,40,10,46.000002,69.000002,21.433334,1,1,1006,0,ilp_v2,optimal,1,39.679452,56.491302,0.702399,0.003752,0.0,,0.003752,0.005559,3,0,0
rho\set06\rho_1.py,rho,6,rho,1,2,5,5,0.5,0.5,1.0,0.6,1.0,0.5,69.000002,40,10,46.000002,69.000002,21.433334,1,1,1006,0,ilp_v3,optimal,1,42.996933,63.070077,0.681733,0.005008,0.0,,0.005008,0.006448,3,0,0
rho\set06\rho_1.py,rho,6,rho,1,2,5,5,0.5,0.5,1.0,0.6,1.0,0.5,69.000002,40,10,46.000002,69.000002,21.433334,1,1,1006,0,ilp_v4,optimal,1,42.996933,68.24972,0.629994,0.013066,0.0,,0.013066,0.018617,3,0,0
rho\set06\rho_1.py,rho,6,rho,1,2,5,5,0.5,0.5,1.0,0.6,1.0,0.5,69.000002,40,10,46.000002,69.000002,21.433334,1,1,1006,0,greedy_sps_baseline,solved,1,38.861347,64.391549,0.603516,0.001844,,,0.001844,0.002048,3,0,0
rho\set07\rho_0.2.py,rho,7,rho,0.2,2,5,5,0.5,0.5,0.2,0.6,1.0,0.5,13.8,40,9,45.999999,68.999998,21.399999,1,1,1007,0,ilp_v2,infeasible,0,,,,0.001537,,,0.001537,0.0029,3,0,0
rho\set07\rho_0.2.py,rho,7,rho,0.2,2,5,5,0.5,0.5,0.2,0.6,1.0,0.5,13.8,40,9,45.999999,68.999998,21.399999,1,1,1007,0,ilp_v3,infeasible,0,,,,0.001531,,,0.001531,0.002467,3,0,0
rho\set07\rho_0.2.py,rho,7,rho,0.2,2,5,5,0.5,0.5,0.2,0.6,1.0,0.5,13.8,40,9,45.999999,68.999998,21.399999,1,1,1007,0,ilp_v4,infeasible,0,,,,0.001266,,,0.001266,0.001687,3,0,0
rho\set07\rho_0.2.py,rho,7,rho,0.2,2,5,5,0.5,0.5,0.2,0.6,1.0,0.5,13.8,40,9,45.999999,68.999998,21.399999,1,1,1007,0,greedy_sps_baseline,infeasible,0,,45.999999,,0.000264,,over budget: E=46.0000 > B=13.8000,0.000264,0.000326,3,0,0
rho\set07\rho_0.3.py,rho,7,rho,0.3,2,5,5,0.5,0.5,0.3,0.6,1.0,0.5,20.699999,40,9,45.999999,68.999998,21.399999,1,1,1007,0,ilp_v2,infeasible,0,,,,0.002565,,,0.002565,0.003571,3,0,0
rho\set07\rho_0.3.py,rho,7,rho,0.3,2,5,5,0.5,0.5,0.3,0.6,1.0,0.5,20.699999,40,9,45.999999,68.999998,21.399999,1,1,1007,0,ilp_v3,infeasible,0,,,,0.002569,,,0.002569,0.003284,3,0,0
rho\set07\rho_0.3.py,rho,7,rho,0.3,2,5,5,0.5,0.5,0.3,0.6,1.0,0.5,20.699999,40,9,45.999999,68.999998,21.399999,1,1,1007,0,ilp_v4,infeasible,0,,,,0.002128,,,0.002128,0.003489,3,0,0
rho\set07\rho_0.3.py,rho,7,rho,0.3,2,5,5,0.5,0.5,0.3,0.6,1.0,0.5,20.699999,40,9,45.999999,68.999998,21.399999,1,1,1007,0,greedy_sps_baseline,infeasible,0,,45.999999,,0.00041,,over budget: E=46.0000 > B=20.7000,0.00041,0.000589,3,0,0
rho\set07\rho_0.4.py,rho,7,rho,0.4,2,5,5,0.5,0.5,0.4,0.6,1.0,0.5,27.599999,40,9,45.999999,68.999998,21.399999,1,1,1007,0,ilp_v2,infeasible,0,,,,0.002021,,,0.002021,0.003178,3,0,0
rho\set07\rho_0.4.py,rho,7,rho,0.4,2,5,5,0.5,0.5,0.4,0.6,1.0,0.5,27.599999,40,9,45.999999,68.999998,21.399999,1,1,1007,0,ilp_v3,infeasible,0,,,,0.001772,,,0.001772,0.002015,3,0,0
rho\set07\rho_0.4.py,rho,7,rho,0.4,2,5,5,0.5,0.5,0.4,0.6,1.0,0.5,27.599999,40,9,45.999999,68.999998,21.399999,1,1,1007,0,ilp_v4,infeasible,0,,,,0.003932,,,0.003932,0.006154,3,0,0
rho\set07\rho_0.4.py,rho,7,rho,0.4,2,5,5,0.5,0.5,0.4,0.6,1.0,0.5,27.599999,40,9,45.999999,68.999998,21.399999,1,1,1007,0,greedy_sps_baseline,infeasible,0,,45.999999,,0.000259,,over budget: E=46.0000 > B=27.6000,0.000259,0.000359,3,0,0
rho\set07\rho_0.5.py,rho,7,rho,0.5,2,5,5,0.5,0.5,0.5,0.6,1.0,0.5,34.499999,40,9,45.999999,68.999998,21.399999,1,1,1007,0,ilp_v2,optimal,1,7.318184,34.47434,0.212279,0.01025,0.0,,0.01025,0.013989,3,0,0
rho\set07\rho_0.5.py,rho,7,rho,0.5,2,5,5,0.5,0.5,0.5,0.6,1.0,0.5,34.499999,40,9,45.999999,68.999998,21.399999,1,1,1007,0,ilp_v3,optimal,1,14.308236,34.062743,0.420055,0.028927,0.0,,0.028927,0.032847,3,0,0
rho\set07\rho_0.5.py,rho,7,rho,0.5,2,5,5,0.5,0.5,0.5,0.6,1.0,0.5,34.499999,40,9,45.999999,68.999998,21.399999,1,1,1007,0,ilp_v4,optimal,1,15.189643,33.96142,0.447262,0.039724,0.0,,0.039724,0.040069,3,0,0
rho\set07\rho_0.5.py,rho,7,rho,0.5,2,5,5,0.5,0.5,0.5,0.6,1.0,0.5,34.499999,40,9,45.999999,68.999998,21.399999,1,1,1007,0,greedy_sps_baseline,infeasible,0,,45.999999,,0.000297,,over budget: E=46.0000 > B=34.5000,0.000297,0.000375,3,0,0
rho\set07\rho_0.6.py,rho,7,rho,0.6,2,5,5,0.5,0.5,0.6,0.6,1.0,0.5,41.399999,40,9,45.999999,68.999998,21.399999,1,1,1007,0,ilp_v2,optimal,1,15.189643,40.46826,0.375347,0.005253,0.0,,0.005253,0.005773,3,0,0
rho\set07\rho_0.6.py,rho,7,rho,0.6,2,5,5,0.5,0.5,0.6,0.6,1.0,0.5,41.399999,40,9,45.999999,68.999998,21.399999,1,1,1007,0,ilp_v3,optimal,1,22.912646,41.380263,0.55371,0.008712,0.0,,0.008712,0.010207,3,0,0
rho\set07\rho_0.6.py,rho,7,rho,0.6,2,5,5,0.5,0.5,0.6,0.6,1.0,0.5,41.399999,40,9,45.999999,68.999998,21.399999,1,1,1007,0,ilp_v4,optimal,1,21.479703,39.247859,0.547283,0.029275,0.0,,0.029275,0.029582,3,0,0
rho\set07\rho_0.6.py,rho,7,rho,0.6,2,5,5,0.5,0.5,0.6,0.6,1.0,0.5,41.399999,40,9,45.999999,68.999998,21.399999,1,1,1007,0,greedy_sps_baseline,infeasible,0,,45.999999,,0.000488,,over budget: E=46.0000 > B=41.4000,0.000488,0.000592,3,0,0
rho\set07\rho_0.7.py,rho,7,rho,0.7,2,5,5,0.5,0.5,0.7,0.6,1.0,0.5,48.299998,40,9,45.999999,68.999998,21.399999,1,1,1007,0,ilp_v2,optimal,1,20.146239,48.191351,0.418047,0.005702,0.0,,0.005702,0.008484,3,0,0
rho\set07\rho_0.7.py,rho,7,rho,0.7,2,5,5,0.5,0.5,0.7,0.6,1.0,0.5,48.299998,40,9,45.999999,68.999998,21.399999,1,1,1007,0,ilp_v3,optimal,1,26.987835,48.044104,0.56173,0.009722,0.0,,0.009722,0.01153,3,0,0
rho\set07\rho_0.7.py,rho,7,rho,0.7,2,5,5,0.5,0.5,0.7,0.6,1.0,0.5,48.299998,40,9,45.999999,68.999998,21.399999,1,1,1007,0,ilp_v4,optimal,1,26.987835,47.951085,0.56282,0.013791,0.0,,0.013791,0.018362,3,0,0
rho\set07\rho_0.7.py,rho,7,rho,0.7,2,5,5,0.5,0.5,0.7,0.6,1.0,0.5,48.299998,40,9,45.999999,68.999998,21.399999,1,1,1007,0,greedy_sps_baseline,solved,1,4.899192,48.20861,0.101625,0.000905,,,0.000905,0.001464,3,0,0
rho\set07\rho_0.8.py,rho,7,rho,0.8,2,5,5,0.5,0.5,0.8,0.6,1.0,0.5,55.199998,40,9,45.999999,68.999998,21.399999,1,1,1007,0,ilp_v2,optimal,1,21.479703,51.771805,0.414892,0.004642,0.0,,0.004642,0.0056,3,0,0
rho\set07\rho_0.8.py,rho,7,rho,0.8,2,5,5,0.5,0.5,0.8,0.6,1.0,0.5,55.199998,40,9,45.999999,68.999998,21.399999,1,1,1007,0,ilp_v3,optimal,1,30.53617,55.001506,0.555188,0.004046,0.0,,0.004046,0.004249,3,0,0
rho\set07\rho_0.8.py,rho,7,rho,0.8,2,5,5,0.5,0.5,0.8,0.6,1.0,0.5,55.199998,40,9,45.999999,68.999998,21.399999,1,1,1007,0,ilp_v4,optimal,1,30.53617,50.449441,0.605283,0.015231,0.0,,0.015231,0.02654,3,0,0
rho\set07\rho_0.8.py,rho,7,rho,0.8,2,5,5,0.5,0.5,0.8,0.6,1.0,0.5,55.199998,40,9,45.999999,68.999998,21.399999,1,1,1007,0,greedy_sps_baseline,solved,1,8.899584,50.549448,0.176057,0.00068,,,0.00068,0.000781,3,0,0
rho\set07\rho_0.9.py,rho,7,rho,0.9,2,5,5,0.5,0.5,0.9,0.6,1.0,0.5,62.099998,40,9,45.999999,68.999998,21.399999,1,1,1007,0,ilp_v2,optimal,1,22.031239,56.403847,0.390598,0.003551,0.0,,0.003551,0.007521,3,0,0
rho\set07\rho_0.9.py,rho,7,rho,0.9,2,5,5,0.5,0.5,0.9,0.6,1.0,0.5,62.099998,40,9,45.999999,68.999998,21.399999,1,1,1007,0,ilp_v3,optimal,1,30.53617,58.491813,0.522059,0.00375,0.0,,0.00375,0.005265,3,0,0
rho\set07\rho_0.9.py,rho,7,rho,0.9,2,5,5,0.5,0.5,0.9,0.6,1.0,0.5,62.099998,40,9,45.999999,68.999998,21.399999,1,1,1007,0,ilp_v4,optimal,1,30.53617,58.48507,0.522119,0.005324,0.0,,0.005324,0.00607,3,0,0
rho\set07\rho_0.9.py,rho,7,rho,0.9,2,5,5,0.5,0.5,0.9,0.6,1.0,0.5,62.099998,40,9,45.999999,68.999998,21.399999,1,1,1007,0,greedy_sps_baseline,solved,1,21.479703,60.296223,0.356236,0.000719,,,0.000719,0.000817,3,0,0
rho\set07\rho_1.py,rho,7,rho,1,2,5,5,0.5,0.5,1.0,0.6,1.0,0.5,68.999998,40,9,45.999999,68.999998,21.399999,1,1,1007,0,ilp_v2,optimal,1,22.031239,59.175561,0.372303,0.004028,0.0,,0.004028,0.007301,3,0,0
rho\set07\rho_1.py,rho,7,rho,1,2,5,5,0.5,0.5,1.0,0.6,1.0,0.5,68.999998,40,9,45.999999,68.999998,21.399999,1,1,1007,0,ilp_v3,optimal,1,30.53617,64.721654,0.471808,0.001868,0.0,,0.001868,0.00224,3,0,0
rho\set07\rho_1.py,rho,7,rho,1,2,5,5,0.5,0.5,1.0,0.6,1.0,0.5,68.999998,40,9,45.999999,68.999998,21.399999,1,1,1007,0,ilp_v4,optimal,1,30.53617,68.999998,0.442553,0.004876,0.0,,0.004876,0.007732,3,0,0
rho\set07\rho_1.py,rho,7,rho,1,2,5,5,0.5,0.5,1.0,0.6,1.0,0.5,68.999998,40,9,45.999999,68.999998,21.399999,1,1,1007,0,greedy_sps_baseline,solved,1,21.479703,60.296223,0.356236,0.001547,,,0.001547,0.002496,3,0,0
rho\set08\rho_0.2.py,rho,8,rho,0.2,2,5,5,0.5,0.5,0.2,0.6,1.0,0.5,13.800001,40,9,46.000002,69.000003,22.042858,1,1,1008,0,ilp_v2,infeasible,0,,,,0.002325,,,0.002325,0.005209,3,0,0
rho\set08\rho_0.2.py,rho,8,rho,0.2,2,5,5,0.5,0.5,0.2,0.6,1.0,0.5,13.800001,40,9,46.000002,69.000003,22.042858,1,1,1008,0,ilp_v3,infeasible,0,,,,0.001566,,,0.001566,0.001968,3,0,0
rho\set08\rho_0.2.py,rho,8,rho,0.2,2,5,5,0.5,0.5,0.2,0.6,1.0,0.5,13.800001,40,9,46.000002,69.000003,22.042858,1,1,1008,0,ilp_v4,infeasible,0,,,,0.001542,,,0.001542,0.001856,3,0,0
rho\set08\rho_0.2.py,rho,8,rho,0.2,2,5,5,0.5,0.5,0.2,0.6,1.0,0.5,13.800001,40,9,46.000002,69.000003,22.042858,1,1,1008,0,greedy_sps_baseline,infeasible,0,,46.000002,,0.000259,,over budget: E=46.0000 > B=13.8000,0.000259,0.000331,3,0,0
rho\set08\rho_0.3.py,rho,8,rho,0.3,2,5,5,0.5,0.5,0.3,0.6,1.0,0.5,20.700001,40,9,46.000002,69.000003,22.042858,1,1,1008,0,ilp_v2,infeasible,0,,,,0.002024,,,0.002024,0.003581,3,0,0
rho\set08\rho_0.3.py,rho,8,rho,0.3,2,5,5,0.5,0.5,0.3,0.6,1.0,0.5,20.700001,40,9,46.000002,69.000003,22.042858,1,1,1008,0,ilp_v3,infeasible,0,,,,0.003157,,,0.003157,0.004865,3,0,0
rho\set08\rho_0.3.py,rho,8,rho,0.3,2,5,5,0.5,0.5,0.3,0.6,1.0,0.5,20.700001,40,9,46.000002,69.000003,22.042858,1,1,1008,0,ilp_v4,infeasible,0,,,,0.003167,,,0.003167,0.003296,3,0,0
rho\set08\rho_0.3.py,rho,8,rho,0.3,2,5,5,0.5,0.5,0.3,0.6,1.0,0.5,20.700001,40,9,46.000002,69.000003,22.042858,1,1,1008,0,greedy_sps_baseline,infeasible,0,,46.000002,,0.000503,,over budget: E=46.0000 > B=20.7000,0.000503,0.00057,3,0,0
rho\set08\rho_0.4.py,rho,8,rho,0.4,2,5,5,0.5,0.5,0.4,0.6,1.0,0.5,27.600001,40,9,46.000002,69.000003,22.042858,1,1,1008,0,ilp_v2,optimal,1,14.246409,27.593856,0.516289,0.037244,0.0,,0.037244,0.043167,3,0,0
rho\set08\rho_0.4.py,rho,8,rho,0.4,2,5,5,0.5,0.5,0.4,0.6,1.0,0.5,27.600001,40,9,46.000002,69.000003,22.042858,1,1,1008,0,ilp_v3,optimal,1,10.069312,27.384001,0.367708,0.059817,0.0,,0.059817,0.061344,3,0,0
rho\set08\rho_0.4.py,rho,8,rho,0.4,2,5,5,0.5,0.5,0.4,0.6,1.0,0.5,27.600001,40,9,46.000002,69.000003,22.042858,1,1,1008,0,ilp_v4,optimal,1,10.258059,27.579622,0.371943,0.075556,0.0,,0.075556,0.079237,3,0,0
rho\set08\rho_0.4.py,rho,8,rho,0.4,2,5,5,0.5,0.5,0.4,0.6,1.0,0.5,27.600001,40,9,46.000002,69.000003,22.042858,1,1,1008,0,greedy_sps_baseline,infeasible,0,,46.000002,,0.000633,,over budget: E=46.0000 > B=27.6000,0.000633,0.00067,3,0,0
rho\set08\rho_0.5.py,rho,8,rho,0.5,2,5,5,0.5,0.5,0.5,0.6,1.0,0.5,34.500002,40,9,46.000002,69.000003,22.042858,1,1,1008,0,ilp_v2,optimal,1,30.617512,34.477817,0.888035,0.038291,0.0,,0.038291,0.042199,3,0,0
rho\set08\rho_0.5.py,rho,8,rho,0.5,2,5,5,0.5,0.5,0.5,0.6,1.0,0.5,34.500002,40,9,46.000002,69.000003,22.042858,1,1,1008,0,ilp_v3,optimal,1,25.085438,34.490789,0.727308,0.117743,0.0,,0.117743,0.126002,3,0,0
rho\set08\rho_0.5.py,rho,8,rho,0.5,2,5,5,0.5,0.5,0.5,0.6,1.0,0.5,34.500002,40,9,46.000002,69.000003,22.042858,1,1,1008,0,ilp_v4,optimal,1,31.87702,34.353545,0.927911,0.045999,0.0,,0.045999,0.059041,3,0,0
rho\set08\rho_0.5.py,rho,8,rho,0.5,2,5,5,0.5,0.5,0.5,0.6,1.0,0.5,34.500002,40,9,46.000002,69.000003,22.042858,1,1,1008,0,greedy_sps_baseline,infeasible,0,,46.000002,,0.000508,,over budget: E=46.0000 > B=34.5000,0.000508,0.000646,3,0,0
rho\set08\rho_0.6.py,rho,8,rho,0.6,2,5,5,0.5,0.5,0.6,0.6,1.0,0.5,41.400002,40,9,46.000002,69.000003,22.042858,1,1,1008,0,ilp_v2,optimal,1,38.342824,40.445596,0.94801,0.00811,0.0,,0.00811,0.01033,3,0,0
rho\set08\rho_0.6.py,rho,8,rho,0.6,2,5,5,0.5,0.5,0.6,0.6,1.0,0.5,41.400002,40,9,46.000002,69.000003,22.042858,1,1,1008,0,ilp_v3,optimal,1,28.251381,40.056401,0.70529,0.006551,0.0,,0.006551,0.011127,3,0,0
rho\set08\rho_0.6.py,rho,8,rho,0.6,2,5,5,0.5,0.5,0.6,0.6,1.0,0.5,41.400002,40,9,46.000002,69.000003,22.042858,1,1,1008,0,ilp_v4,optimal,1,38.583798,41.399388,0.93199,0.05677,0.0,,0.05677,0.063256,3,0,0
rho\set08\rho_0.6.py,rho,8,rho,0.6,2,5,5,0.5,0.5,0.6,0.6,1.0,0.5,41.400002,40,9,46.000002,69.000003,22.042858,1,1,1008,0,greedy_sps_baseline,infeasible,0,,46.000002,,0.000509,,over budget: E=46.0000 > B=41.4000,0.000509,0.00062,3,0,0
rho\set08\rho_0.7.py,rho,8,rho,0.7,2,5,5,0.5,0.5,0.7,0.6,1.0,0.5,48.300002,40,9,46.000002,69.000003,22.042858,1,1,1008,0,ilp_v2,optimal,1,38.342824,45.848775,0.836289,0.014431,0.0,,0.014431,0.014685,3,0,0
rho\set08\rho_0.7.py,rho,8,rho,0.7,2,5,5,0.5,0.5,0.7,0.6,1.0,0.5,48.300002,40,9,46.000002,69.000003,22.042858,1,1,1008,0,ilp_v3,optimal,1,38.251393,48.268652,0.792469,0.086376,0.0,,0.086376,0.092157,3,0,0
rho\set08\rho_0.7.py,rho,8,rho,0.7,2,5,5,0.5,0.5,0.7,0.6,1.0,0.5,48.300002,40,9,46.000002,69.000003,22.042858,1,1,1008,0,ilp_v4,optimal,1,43.186813,48.147754,0.896964,0.038505,0.0,,0.038505,0.039644,3,0,0
rho\set08\rho_0.7.py,rho,8,rho,0.7,2,5,5,0.5,0.5,0.7,0.6,1.0,0.5,48.300002,40,9,46.000002,69.000003,22.042858,1,1,1008,0,greedy_sps_baseline,solved,1,4.436578,48.163973,0.092114,0.001387,,,0.001387,0.001782,3,0,0
rho\set08\rho_0.8.py,rho,8,rho,0.8,2,5,5,0.5,0.5,0.8,0.6,1.0,0.5,55.200003,40,9,46.000002,69.000003,22.042858,1,1,1008,0,ilp_v2,optimal,1,43.54912,55.092924,0.790467,0.009596,0.0,,0.009596,0.010287,3,0,0
rho\set08\rho_0.8.py,rho,8,rho,0.8,2,5,5,0.5,0.5,0.8,0.6,1.0,0.5,55.200003,40,9,46.000002,69.000003,22.042858,1,1,1008,0,ilp_v3,optimal,1,43.54912,53.776642,0.809815,0.008376,0.0,,0.008376,0.00878,3,0,0
rho\set08\rho_0.8.py,rho,8,rho,0.8,2,5,5,0.5,0.5,0.8,0.6,1.0,0.5,55.200003,40,9,46.000002,69.000003,22.042858,1,1,1008,0,ilp_v4,optimal,1,43.54912,55.092924,0.790467,0.018826,0.0,,0.018826,0.019878,3,0,0
rho\set08\rho_0.8.py,rho,8,rho,0.8,2,5,5,0.5,0.5,0.8,0.6,1.0,0.5,55.200003,40,9,46.000002,69.000003,22.042858,1,1,1008,0,greedy_sps_baseline,solved,1,24.390079,54.96975,0.4437,0.00089,,,0.00089,0.001501,3,0,0
rho\set08\rho_0.9.py,rho,8,rho,0.9,2,5,5,0.5,0.5,0.9,0.6,1.0,0.5,62.100003,40,9,46.000002,69.000003,22.042858,1,1,1008,0,ilp_v2,optimal,1,43.54912,59.385584,0.733328,0.007951,0.0,,0.007951,0.009536,3,0,0
rho\set08\rho_0.9.py,rho,8,rho,0.9,2,5,5,0.5,0.5,0.9,0.6,1.0,0.5,62.100003,40,9,46.000002,69.000003,22.042858,1,1,1008,0,ilp_v3,optimal,1,43.54912,59.938084,0.726568,0.007792,0.0,,0.007792,0.009598,3,0,0
rho\set08\rho_0.9.py,rho,8,rho,0.9,2,5,5,0.5,0.5,0.9,0.6,1.0,0.5,62.100003,40,9,46.000002,69.000003,22.042858,1,1,1008,0,ilp_v4,optimal,1,43.54912,60.383517,0.721209,0.016772,0.0,,0.016772,0.02225,3,0,0
rho\set08\rho_0.9.py,rho,8,rho,0.9,2,5,5,0.5,0.5,0.9,0.6,1.0,0.5,62.100003,40,9,46.000002,69.000003,22.042858,1,1,1008,0,greedy_sps_baseline,solved,1,33.136528,60.345421,0.549114,0.00138,,,0.00138,0.001642,3,0,0
rho\set08\rho_1.py,rho,8,rho,1,2,5,5,0.5,0.5,1.0,0.6,1.0,0.5,69.000003,40,9,46.000002,69.000003,22.042858,1,1,1008,0,ilp_v2,optimal,1,43.54912,62.55927,0.696126,0.004386,0.0,,0.004386,0.005312,3,0,0
rho\set08\rho_1.py,rho,8,rho,1,2,5,5,0.5,0.5,1.0,0.6,1.0,0.5,69.000003,40,9,46.000002,69.000003,22.042858,1,1,1008,0,ilp_v3,optimal,1,43.54912,58.33859,0.746489,0.004325,0.0,,0.004325,0.004922,3,0,0
rho\set08\rho_1.py,rho,8,rho,1,2,5,5,0.5,0.5,1.0,0.6,1.0,0.5,69.000003,40,9,46.000002,69.000003,22.042858,1,1,1008,0,ilp_v4,optimal,1,43.54912,59.783405,0.728448,0.011992,0.0,,0.011992,0.015571,3,0,0
rho\set08\rho_1.py,rho,8,rho,1,2,5,5,0.5,0.5,1.0,0.6,1.0,0.5,69.000003,40,9,46.000002,69.000003,22.042858,1,1,1008,0,greedy_sps_baseline,solved,1,40.77041,66.690437,0.611338,0.002228,,,0.002228,0.003105,3,0,0
rho\set09\rho_0.2.py,rho,9,rho,0.2,2,5,5,0.5,0.5,0.2,0.6,1.0,0.5,13.8,40,12,45.999999,69.000002,21.399999,1,1,1009,0,ilp_v2,infeasible,0,,,,0.005375,,,0.005375,0.009933,3,0,0
rho\set09\rho_0.2.py,rho,9,rho,0.2,2,5,5,0.5,0.5,0.2,0.6,1.0,0.5,13.8,40,12,45.999999,69.000002,21.399999,1,1,1009,0,ilp_v3,infeasible,0,,,,0.003744,,,0.003744,0.006266,3,0,0
rho\set09\rho_0.2.py,rho,9,rho,0.2,2,5,5,0.5,0.5,0.2,0.6,1.0,0.5,13.8,40,12,45.999999,69.000002,21.399999,1,1,1009,0,ilp_v4,infeasible,0,,,,0.003339,,,0.003339,0.005497,3,0,0
rho\set09\rho_0.2.py,rho,9,rho,0.2,2,5,5,0.5,0.5,0.2,0.6,1.0,0.5,13.8,40,12,45.999999,69.000002,21.399999,1,1,1009,0,greedy_sps_baseline,infeasible,0,,45.999999,,0.000531,,over budget: E=46.0000 > B=13.8000,0.000531,0.000984,3,0,0
rho\set09\rho_0.3.py,rho,9,rho,0.3,2,5,5,0.5,0.5,0.3,0.6,1.0,0.5,20.700001,40,12,45.999999,69.000002,21.399999,1,1,1009,0,ilp_v2,infeasible,0,,,,0.004744,,,0.004744,0.007014,3,0,0
rho\set09\rho_0.3.py,rho,9,rho,0.3,2,5,5,0.5,0.5,0.3,0.6,1.0,0.5,20.700001,40,12,45.999999,69.000002,21.399999,1,1,1009,0,ilp_v3,infeasible,0,,,,0.005656,,,0.005656,0.006979,3,0,0
rho\set09\rho_0.3.py,rho,9,rho,0.3,2,5,5,0.5,0.5,0.3,0.6,1.0,0.5,20.700001,40,12,45.999999,69.000002,21.399999,1,1,1009,0,ilp_v4,infeasible,0,,,,0.005863,,,0.005863,0.005871,3,0,0
rho\set09\rho_0.3.py,rho,9,rho,0.3,2,5,5,0.5,0.5,0.3,0.6,1.0,0.5,20.700001,40,12,45.999999,69.000002,21.399999,1,1,1009,0,greedy_sps_baseline,infeasible,0,,45.999999,,0.000593,,over budget: E=46.0000 > B=20.7000,0.000593,0.000671,3,0,0
rho\set09\rho_0.4.py,rho,9,rho,0.4,2,5,5,0.5,0.5,0.4,0.6,1.0,0.5,27.600001,40,12,45.999999,69.000002,21.399999,1,1,1009,0,ilp_v2,optimal,1,10.297599,27.599066,0.373114,0.025278,0.0,,0.025278,0.032789,3,0,0
rho\set09\rho_0.4.py,rho,9,rho,0.4,2,5,5,0.5,0.5,0.4,0.6,1.0,0.5,27.600001,40,12,45.999999,69.000002,21.399999,1,1,1009,0,ilp_v3,optimal,1,10.297599,27.599066,0.373114,0.021995,0.0,,0.021995,0.023586,3,0,0
rho\set09\rho_0.4.py,rho,9,rho,0.4,2,5,5,0.5,0.5,0.4,0.6,1.0,0.5,27.600001,40,12,45.999999,69.000002,21.399999,1,1,1009,0,ilp_v4,optimal,1,19.962289,27.590303,0.723526,0.178707,0.0,,0.178707,0.1997,3,0,0
rho\set09\rho_0.4.py,rho,9,rho,0.4,2,5,5,0.5,0.5,0.4,0.6,1.0,0.5,27.600001,40,12,45.999999,69.000002,21.399999,1,1,1009,0,greedy_sps_baseline,infeasible,0,,45.999999,,0.00058,,over budget: E=46.0000 > B=27.6000,0.00058,0.000715,3,0,0
rho\set09\rho_0.5.py,rho,9,rho,0.5,2,5,5,0.5,0.5,0.5,0.6,1.0,0.5,34.500001,40,12,45.999999,69.000002,21.399999,1,1,1009,0,ilp_v2,optimal,1,35.057499,34.353191,1.020502,0.056803,0.0,,0.056803,0.061224,3,0,0
rho\set09\rho_0.5.py,rho,9,rho,0.5,2,5,5,0.5,0.5,0.5,0.6,1.0,0.5,34.500001,40,12,45.999999,69.000002,21.399999,1,1,1009,0,ilp_v3,optimal,1,35.709587,34.170121,1.045053,0.04329,0.0,,0.04329,0.044848,3,0,0
rho\set09\rho_0.5.py,rho,9,rho,0.5,2,5,5,0.5,0.5,0.5,0.6,1.0,0.5,34.500001,40,12,45.999999,69.000002,21.399999,1,1,1009,0,ilp_v4,optimal,1,38.423557,33.369951,1.151442,0.107859,0.0,,0.107859,0.141359,3,0,0
rho\set09\rho_0.5.py,rho,9,rho,0.5,2,5,5,0.5,0.5,0.5,0.6,1.0,0.5,34.500001,40,12,45.999999,69.000002,21.399999,1,1,1009,0,greedy_sps_baseline,infeasible,0,,45.999999,,0.000321,,over budget: E=46.0000 > B=34.5000,0.000321,0.000415,3,0,0
rho\set09\rho_0.6.py,rho,9,rho,0.6,2,5,5,0.5,0.5,0.6,0.6,1.0,0.5,41.400001,40,12,45.999999,69.000002,21.399999,1,1,1009,0,ilp_v2,optimal,1,38.423557,40.139744,0.957245,0.008295,0.0,,0.008295,0.013731,3,0,0
rho\set09\rho_0.6.py,rho,9,rho,0.6,2,5,5,0.5,0.5,0.6,0.6,1.0,0.5,41.400001,40,12,45.999999,69.000002,21.399999,1,1,1009,0,ilp_v3,optimal,1,38.423557,41.309666,0.930135,0.00956,0.0,,0.00956,0.0183,3,0,0
rho\set09\rho_0.6.py,rho,9,rho,0.6,2,5,5,0.5,0.5,0.6,0.6,1.0,0.5,41.400001,40,12,45.999999,69.000002,21.399999,1,1,1009,0,ilp_v4,optimal,1,38.423557,40.139744,0.957245,0.03183,0.0,,0.03183,0.046947,3,0,0
rho\set09\rho_0.6.py,rho,9,rho,0.6,2,5,5,0.5,0.5,0.6,0.6,1.0,0.5,41.400001,40,12,45.999999,69.000002,21.399999,1,1,1009,0,greedy_sps_baseline,infeasible,0,,45.999999,,0.000408,,over budget: E=46.0000 > B=41.4000,0.000408,0.000541,3,0,0
rho\set09\rho_0.7.py,rho,9,rho,0.7,2,5,5,0.5,0.5,0.7,0.6,1.0,0.5,48.300002,40,12,45.999999,69.000002,21.399999,1,1,1009,0,ilp_v2,optimal,1,52.310218,48.283964,1.083387,0.061636,0.0,,0.061636,0.067985,3,0,0
rho\set09\rho_0.7.py,rho,9,rho,0.7,2,5,5,0.5,0.5,0.7,0.6,1.0,0.5,48.300002,40,12,45.999999,69.000002,21.399999,1,1,1009,0,ilp_v3,optimal,1,52.925802,47.994873,1.102739,0.015144,0.0,,0.015144,0.015397,3,0,0
rho\set09\rho_0.7.py,rho,9,rho,0.7,2,5,5,0.5,0.5,0.7,0.6,1.0,0.5,48.300002,40,12,45.999999,69.000002,21.399999,1,1,1009,0,ilp_v4,optimal,1,52.925802,47.994873,1.102739,0.087093,0.0,,0.087093,0.113587,3,0,0
rho\set09\rho_0.7.py,rho,9,rho,0.7,2,5,5,0.5,0.5,0.7,0.6,1.0,0.5,48.300002,40,12,45.999999,69.000002,21.399999,1,1,1009,0,greedy_sps_baseline,solved,1,9.528677,48.244383,0.197509,0.002371,,,0.002371,0.003149,3,0,0
rho\set09\rho_0.8.py,rho,9,rho,0.8,2,5,5,0.5,0.5,0.8,0.6,1.0,0.5,55.200002,40,12,45.999999,69.000002,21.399999,1,1,1009,0,ilp_v2,optimal,1,59.578232,55.17422,1.07982,0.044764,0.0,,0.044764,0.048196,3,0,0
rho\set09\rho_0.8.py,rho,9,rho,0.8,2,5,5,0.5,0.5,0.8,0.6,1.0,0.5,55.200002,40,12,45.999999,69.000002,21.399999,1,1,1009,0,ilp_v3,optimal,1,59.921185,55.18802,1.085764,0.028993,0.0,,0.028993,0.030464,3,0,0
rho\set09\rho_0.8.py,rho,9,rho,0.8,2,5,5,0.5,0.5,0.8,0.6,1.0,0.5,55.200002,40,12,45.999999,69.000002,21.399999,1,1,1009,0,ilp_v4,optimal,1,62.034633,54.385932,1.140637,0.063319,0.0,,0.063319,0.078815,3,0,0
rho\set09\rho_0.8.py,rho,9,rho,0.8,2,5,5,0.5,0.5,0.8,0.6,1.0,0.5,55.200002,40,12,45.999999,69.000002,21.399999,1,1,1009,0,greedy_sps_baseline,solved,1,33.698387,55.196852,0.610513,0.002972,,,0.002972,0.003794,3,0,0
rho\set09\rho_0.9.py,rho,9,rho,0.9,2,5,5,0.5,0.5,0.9,0.6,1.0,0.5,62.100002,40,12,45.999999,69.000002,21.399999,1,1,1009,0,ilp_v2,optimal,1,62.034633,59.209987,1.047706,0.006259,0.0,,0.006259,0.008715,3,0,0
rho\set09\rho_0.9.py,rho,9,rho,0.9,2,5,5,0.5,0.5,0.9,0.6,1.0,0.5,62.100002,40,12,45.999999,69.000002,21.399999,1,1,1009,0,ilp_v3,optimal,1,62.034633,61.951117,1.001348,0.007993,0.0,,0.007993,0.013482,3,0,0
rho\set09\rho_0.9.py,rho,9,rho,0.9,2,5,5,0.5,0.5,0.9,0.6,1.0,0.5,62.100002,40,12,45.999999,69.000002,21.399999,1,1,1009,0,ilp_v4,optimal,1,62.034633,58.939743,1.052509,0.056333,0.0,,0.056333,0.076677,3,0,0
rho\set09\rho_0.9.py,rho,9,rho,0.9,2,5,5,0.5,0.5,0.9,0.6,1.0,0.5,62.100002,40,12,45.999999,69.000002,21.399999,1,1,1009,0,greedy_sps_baseline,solved,1,38.423557,57.475071,0.668526,0.0037,,,0.0037,0.005769,3,0,0
rho\set09\rho_1.py,rho,9,rho,1,2,5,5,0.5,0.5,1.0,0.6,1.0,0.5,69.000002,40,12,45.999999,69.000002,21.399999,1,1,1009,0,ilp_v2,optimal,1,62.034633,67.331698,0.921329,0.006452,0.0,,0.006452,0.01187,3,0,0
rho\set09\rho_1.py,rho,9,rho,1,2,5,5,0.5,0.5,1.0,0.6,1.0,0.5,69.000002,40,12,45.999999,69.000002,21.399999,1,1,1009,0,ilp_v3,optimal,1,62.034633,69.000002,0.899053,0.009005,0.0,,0.009005,0.013163,3,0,0
rho\set09\rho_1.py,rho,9,rho,1,2,5,5,0.5,0.5,1.0,0.6,1.0,0.5,69.000002,40,12,45.999999,69.000002,21.399999,1,1,1009,0,ilp_v4,optimal,1,62.034633,67.331698,0.921329,0.036014,0.0,,0.036014,0.037476,3,0,0
rho\set09\rho_1.py,rho,9,rho,1,2,5,5,0.5,0.5,1.0,0.6,1.0,0.5,69.000002,40,12,45.999999,69.000002,21.399999,1,1,1009,0,greedy_sps_baseline,solved,1,61.932386,68.924444,0.898555,0.006378,,,0.006378,0.006841,3,0,0
rho\set10\rho_0.2.py,rho,10,rho,0.2,2,5,5,0.5,0.5,0.2,0.6,1.0,0.5,13.8,40,11,45.999998,68.999999,21.433332,1,1,1010,0,ilp_v2,infeasible,0,,,,0.00413,,,0.00413,0.004427,3,0,0
rho\set10\rho_0.2.py,rho,10,rho,0.2,2,5,5,0.5,0.5,0.2,0.6,1.0,0.5,13.8,40,11,45.999998,68.999999,21.433332,1,1,1010,0,ilp_v3,infeasible,0,,,,0.002866,,,0.002866,0.004988,3,0,0
rho\set10\rho_0.2.py,rho,10,rho,0.2,2,5,5,0.5,0.5,0.2,0.6,1.0,0.5,13.8,40,11,45.999998,68.999999,21.433332,1,1,1010,0,ilp_v4,infeasible,0,,,,0.002844,,,0.002844,0.004982,3,0,0
rho\set10\rho_0.2.py,rho,10,rho,0.2,2,5,5,0.5,0.5,0.2,0.6,1.0,0.5,13.8,40,11,45.999998,68.999999,21.433332,1,1,1010,0,greedy_sps_baseline,infeasible,0,,45.999998,,0.000362,,over budget: E=46.0000 > B=13.8000,0.000362,0.000517,3,0,0
rho\set10\rho_0.3.py,rho,10,rho,0.3,2,5,5,0.5,0.5,0.3,0.6,1.0,0.5,20.7,40,11,45.999998,68.999999,21.433332,1,1,1010,0,ilp_v2,infeasible,0,,,,0.002599,,,0.002599,0.004476,3,0,0
rho\set10\rho_0.3.py,rho,10,rho,0.3,2,5,5,0.5,0.5,0.3,0.6,1.0,0.5,20.7,40,11,45.999998,68.999999,21.433332,1,1,1010,0,ilp_v3,infeasible,0,,,,0.002434,,,0.002434,0.002947,3,0,0
rho\set10\rho_0.3.py,rho,10,rho,0.3,2,5,5,0.5,0.5,0.3,0.6,1.0,0.5,20.7,40,11,45.999998,68.999999,21.433332,1,1,1010,0,ilp_v4,infeasible,0,,,,0.002474,,,0.002474,0.003414,3,0,0
rho\set10\rho_0.3.py,rho,10,rho,0.3,2,5,5,0.5,0.5,0.3,0.6,1.0,0.5,20.7,40,11,45.999998,68.999999,21.433332,1,1,1010,0,greedy_sps_baseline,infeasible,0,,45.999998,,0.000347,,over budget: E=46.0000 > B=20.7000,0.000347,0.000458,3,0,0
rho\set10\rho_0.4.py,rho,10,rho,0.4,2,5,5,0.5,0.5,0.4,0.6,1.0,0.5,27.6,40,11,45.999998,68.999999,21.433332,1,1,1010,0,ilp_v2,optimal,1,13.870592,27.584887,0.502833,0.033643,0.0,,0.033643,0.039407,3,0,0
rho\set10\rho_0.4.py,rho,10,rho,0.4,2,5,5,0.5,0.5,0.4,0.6,1.0,0.5,27.6,40,11,45.999998,68.999999,21.433332,1,1,1010,0,ilp_v3,optimal,1,13.870592,27.584887,0.502833,0.036225,0.0,,0.036225,0.037649,3,0,0
rho\set10\rho_0.4.py,rho,10,rho,0.4,2,5,5,0.5,0.5,0.4,0.6,1.0,0.5,27.6,40,11,45.999998,68.999999,21.433332,1,1,1010,0,ilp_v4,optimal,1,13.870592,27.584887,0.502833,0.066681,0.0,,0.066681,0.078583,3,0,0
rho\set10\rho_0.4.py,rho,10,rho,0.4,2,5,5,0.5,0.5,0.4,0.6,1.0,0.5,27.6,40,11,45.999998,68.999999,21.433332,1,1,1010,0,greedy_sps_baseline,infeasible,0,,45.999998,,0.000538,,over budget: E=46.0000 > B=27.6000,0.000538,0.000658,3,0,0
rho\set10\rho_0.5.py,rho,10,rho,0.5,2,5,5,0.5,0.5,0.5,0.6,1.0,0.5,34.499999,40,11,45.999998,68.999999,21.433332,1,1,1010,0,ilp_v2,optimal,1,36.420818,34.40927,1.058459,0.038729,0.0,,0.038729,0.040347,3,0,0
rho\set10\rho_0.5.py,rho,10,rho,0.5,2,5,5,0.5,0.5,0.5,0.6,1.0,0.5,34.499999,40,11,45.999998,68.999999,21.433332,1,1,1010,0,ilp_v3,optimal,1,30.390657,34.263804,0.886961,0.048175,0.0,,0.048175,0.051381,3,0,0
rho\set10\rho_0.5.py,rho,10,rho,0.5,2,5,5,0.5,0.5,0.5,0.6,1.0,0.5,34.499999,40,11,45.999998,68.999999,21.433332,1,1,1010,0,ilp_v4,optimal,1,36.949389,34.488117,1.071366,0.07411,0.0,,0.07411,0.085524,3,0,0
rho\set10\rho_0.5.py,rho,10,rho,0.5,2,5,5,0.5,0.5,0.5,0.6,1.0,0.5,34.499999,40,11,45.999998,68.999999,21.433332,1,1,1010,0,greedy_sps_baseline,infeasible,0,,45.999998,,0.000305,,over budget: E=46.0000 > B=34.5000,0.000305,0.000397,3,0,0
rho\set10\rho_0.6.py,rho,10,rho,0.6,2,5,5,0.5,0.5,0.6,0.6,1.0,0.5,41.399999,40,11,45.999998,68.999999,21.433332,1,1,1010,0,ilp_v2,optimal,1,47.431044,41.392853,1.145875,0.067841,0.0,,0.067841,0.075213,3,0,0
rho\set10\rho_0.6.py,rho,10,rho,0.6,2,5,5,0.5,0.5,0.6,0.6,1.0,0.5,41.399999,40,11,45.999998,68.999999,21.433332,1,1,1010,0,ilp_v3,optimal,1,45.593115,41.35907,1.102373,0.042787,0.0,,0.042787,0.048939,3,0,0
rho\set10\rho_0.6.py,rho,10,rho,0.6,2,5,5,0.5,0.5,0.6,0.6,1.0,0.5,41.399999,40,11,45.999998,68.999999,21.433332,1,1,1010,0,ilp_v4,optimal,1,47.431044,41.392853,1.145875,0.11423,0.0,,0.11423,0.127867,3,0,0
rho\set10\rho_0.6.py,rho,10,rho,0.6,2,5,5,0.5,0.5,0.6,0.6,1.0,0.5,41.399999,40,11,45.999998,68.999999,21.433332,1,1,1010,0,greedy_sps_baseline,infeasible,0,,45.999998,,0.000586,,over budget: E=46.0000 > B=41.4000,0.000586,0.000745,3,0,0
rho\set10\rho_0.7.py,rho,10,rho,0.7,2,5,5,0.5,0.5,0.7,0.6,1.0,0.5,48.299999,40,11,45.999998,68.999999,21.433332,1,1,1010,0,ilp_v2,optimal,1,53.598502,47.918585,1.118533,0.012807,0.0,,0.012807,0.013527,3,0,0
rho\set10\rho_0.7.py,rho,10,rho,0.7,2,5,5,0.5,0.5,0.7,0.6,1.0,0.5,48.299999,40,11,45.999998,68.999999,21.433332,1,1,1010,0,ilp_v3,optimal,1,43.914612,47.286674,0.928689,0.047274,0.0,,0.047274,0.059634,3,0,0
rho\set10\rho_0.7.py,rho,10,rho,0.7,2,5,5,0.5,0.5,0.7,0.6,1.0,0.5,48.299999,40,11,45.999998,68.999999,21.433332,1,1,1010,0,ilp_v4,optimal,1,53.598502,47.918585,1.118533,0.028219,0.0,,0.028219,0.0326,3,0,0
rho\set10\rho_0.7.py,rho,10,rho,0.7,2,5,5,0.5,0.5,0.7,0.6,1.0,0.5,48.299999,40,11,45.999998,68.999999,21.433332,1,1,1010,0,greedy_sps_baseline,solved,1,6.604343,48.131896,0.137213,0.0008,,,0.0008,0.001282,3,0,0
rho\set10\rho_0.8.py,rho,10,rho,0.8,2,5,5,0.5,0.5,0.8,0.6,1.0,0.5,55.199999,40,11,45.999998,68.999999,21.433332,1,1,1010,0,ilp_v2,optimal,1,53.598502,51.811429,1.034492,0.014292,0.0,,0.014292,0.018289,3,0,0
rho\set10\rho_0.8.py,rho,10,rho,0.8,2,5,5,0.5,0.5,0.8,0.6,1.0,0.5,55.199999,40,11,45.999998,68.999999,21.433332,1,1,1010,0,ilp_v3,optimal,1,51.697401,54.541508,0.947854,0.025856,0.0,,0.025856,0.027994,3,0,0
rho\set10\rho_0.8.py,rho,10,rho,0.8,2,5,5,0.5,0.5,0.8,0.6,1.0,0.5,55.199999,40,11,45.999998,68.999999,21.433332,1,1,1010,0,ilp_v4,optimal,1,53.598502,51.811429,1.034492,0.027266,0.0,,0.027266,0.028804,3,0,0
rho\set10\rho_0.8.py,rho,10,rho,0.8,2,5,5,0.5,0.5,0.8,0.6,1.0,0.5,55.199999,40,11,45.999998,68.999999,21.433332,1,1,1010,0,greedy_sps_baseline,solved,1,27.741183,55.173677,0.502797,0.001411,,,0.001411,0.001535,3,0,0
rho\set10\rho_0.9.py,rho,10,rho,0.9,2,5,5,0.5,0.5,0.9,0.6,1.0,0.5,62.099999,40,11,45.999998,68.999999,21.433332,1,1,1010,0,ilp_v2,optimal,1,53.598502,52.329625,1.024248,0.007181,0.0,,0.007181,0.010285,3,0,0
rho\set10\rho_0.9.py,rho,10,rho,0.9,2,5,5,0.5,0.5,0.9,0.6,1.0,0.5,62.099999,40,11,45.999998,68.999999,21.433332,1,1,1010,0,ilp_v3,optimal,1,53.598502,56.449006,0.949503,0.008359,0.0,,0.008359,0.011283,3,0,0
rho\set10\rho_0.9.py,rho,10,rho,0.9,2,5,5,0.5,0.5,0.9,0.6,1.0,0.5,62.099999,40,11,45.999998,68.999999,21.433332,1,1,1010,0,ilp_v4,optimal,1,53.598502,52.329625,1.024248,0.023873,0.0,,0.023873,0.025623,3,0,0
rho\set10\rho_0.9.py,rho,10,rho,0.9,2,5,5,0.5,0.5,0.9,0.6,1.0,0.5,62.099999,40,11,45.999998,68.999999,21.433332,1,1,1010,0,greedy_sps_baseline,solved,1,42.564868,61.713862,0.689713,0.00215,,,0.00215,0.003288,3,0,0
rho\set10\rho_1.py,rho,10,rho,1,2,5,5,0.5,0.5,1.0,0.6,1.0,0.5,68.999999,40,11,45.999998,68.999999,21.433332,1,1,1010,0,ilp_v2,optimal,1,53.598502,68.999999,0.77679,0.003355,0.0,,0.003355,0.006354,3,0,0
rho\set10\rho_1.py,rho,10,rho,1,2,5,5,0.5,0.5,1.0,0.6,1.0,0.5,68.999999,40,11,45.999998,68.999999,21.433332,1,1,1010,0,ilp_v3,optimal,1,51.04104,67.461985,0.75659,0.007992,0.0,,0.007992,0.009706,3,0,0
rho\set10\rho_1.py,rho,10,rho,1,2,5,5,0.5,0.5,1.0,0.6,1.0,0.5,68.999999,40,11,45.999998,68.999999,21.433332,1,1,1010,0,ilp_v4,optimal,1,53.598502,68.999999,0.77679,0.015979,0.0,,0.015979,0.016248,3,0,0
rho\set10\rho_1.py,rho,10,rho,1,2,5,5,0.5,0.5,1.0,0.6,1.0,0.5,68.999999,40,11,45.999998,68.999999,21.433332,1,1,1010,0,greedy_sps_baseline,solved,1,53.598502,68.999999,0.77679,0.003188,,,0.003188,0.003436,3,0,0
rho\set11\rho_0.2.py,rho,11,rho,0.2,2,5,5,0.5,0.5,0.2,0.6,1.0,0.5,13.8,40,10,46.000001,69.0,21.400001,1,1,1011,0,ilp_v2,infeasible,0,,,,0.002663,,,0.002663,0.00299,3,0,0
rho\set11\rho_0.2.py,rho,11,rho,0.2,2,5,5,0.5,0.5,0.2,0.6,1.0,0.5,13.8,40,10,46.000001,69.0,21.400001,1,1,1011,0,ilp_v3,infeasible,0,,,,0.002644,,,0.002644,0.003468,3,0,0
rho\set11\rho_0.2.py,rho,11,rho,0.2,2,5,5,0.5,0.5,0.2,0.6,1.0,0.5,13.8,40,10,46.000001,69.0,21.400001,1,1,1011,0,ilp_v4,infeasible,0,,,,0.00272,,,0.00272,0.003991,3,0,0
rho\set11\rho_0.2.py,rho,11,rho,0.2,2,5,5,0.5,0.5,0.2,0.6,1.0,0.5,13.8,40,10,46.000001,69.0,21.400001,1,1,1011,0,greedy_sps_baseline,infeasible,0,,46.000001,,0.00038,,over budget: E=46.0000 > B=13.8000,0.00038,0.000666,3,0,0
rho\set11\rho_0.3.py,rho,11,rho,0.3,2,5,5,0.5,0.5,0.3,0.6,1.0,0.5,20.7,40,10,46.000001,69.0,21.400001,1,1,1011,0,ilp_v2,infeasible,0,,,,0.001848,,,0.001848,0.002171,3,0,0
rho\set11\rho_0.3.py,rho,11,rho,0.3,2,5,5,0.5,0.5,0.3,0.6,1.0,0.5,20.7,40,10,46.000001,69.0,21.400001,1,1,1011,0,ilp_v3,infeasible,0,,,,0.001716,,,0.001716,0.003846,3,0,0
rho\set11\rho_0.3.py,rho,11,rho,0.3,2,5,5,0.5,0.5,0.3,0.6,1.0,0.5,20.7,40,10,46.000001,69.0,21.400001,1,1,1011,0,ilp_v4,infeasible,0,,,,0.001976,,,0.001976,0.002585,3,0,0
rho\set11\rho_0.3.py,rho,11,rho,0.3,2,5,5,0.5,0.5,0.3,0.6,1.0,0.5,20.7,40,10,46.000001,69.0,21.400001,1,1,1011,0,greedy_sps_baseline,infeasible,0,,46.000001,,0.000302,,over budget: E=46.0000 > B=20.7000,0.000302,0.000439,3,0,0
rho\set11\rho_0.4.py,rho,11,rho,0.4,2,5,5,0.5,0.5,0.4,0.6,1.0,0.5,27.6,40,10,46.000001,69.0,21.400001,1,1,1011,0,ilp_v2,infeasible,0,,,,0.003038,,,0.003038,0.004252,3,0,0
rho\set11\rho_0.4.py,rho,11,rho,0.4,2,5,5,0.5,0.5,0.4,0.6,1.0,0.5,27.6,40,10,46.000001,69.0,21.400001,1,1,1011,0,ilp_v3,infeasible,0,,,,0.003583,,,0.003583,0.003699,3,0,0
rho\set11\rho_0.4.py,rho,11,rho,0.4,2,5,5,0.5,0.5,0.4,0.6,1.0,0.5,27.6,40,10,46.000001,69.0,21.400001,1,1,1011,0,ilp_v4,infeasible,0,,,,0.005716,,,0.005716,0.008797,3,0,0
rho\set11\rho_0.4.py,rho,11,rho,0.4,2,5,5,0.5,0.5,0.4,0.6,1.0,0.5,27.6,40,10,46.000001,69.0,21.400001,1,1,1011,0,greedy_sps_baseline,infeasible,0,,46.000001,,0.000569,,over budget: E=46.0000 > B=27.6000,0.000569,0.000783,3,0,0
rho\set11\rho_0.5.py,rho,11,rho,0.5,2,5,5,0.5,0.5,0.5,0.6,1.0,0.5,34.5,40,10,46.000001,69.0,21.400001,1,1,1011,0,ilp_v2,optimal,1,11.238407,34.496511,0.325784,0.009178,0.0,,0.009178,0.009955,3,0,0
rho\set11\rho_0.5.py,rho,11,rho,0.5,2,5,5,0.5,0.5,0.5,0.6,1.0,0.5,34.5,40,10,46.000001,69.0,21.400001,1,1,1011,0,ilp_v3,optimal,1,11.238407,34.496511,0.325784,0.009163,0.0,,0.009163,0.009436,3,0,0
rho\set11\rho_0.5.py,rho,11,rho,0.5,2,5,5,0.5,0.5,0.5,0.6,1.0,0.5,34.5,40,10,46.000001,69.0,21.400001,1,1,1011,0,ilp_v4,optimal,1,28.871419,33.821571,0.853639,0.050801,0.0,,0.050801,0.056062,3,0,0
rho\set11\rho_0.5.py,rho,11,rho,0.5,2,5,5,0.5,0.5,0.5,0.6,1.0,0.5,34.5,40,10,46.000001,69.0,21.400001,1,1,1011,0,greedy_sps_baseline,infeasible,0,,46.000001,,0.000499,,over budget: E=46.0000 > B=34.5000,0.000499,0.000679,3,0,0
rho\set11\rho_0.6.py,rho,11,rho,0.6,2,5,5,0.5,0.5,0.6,0.6,1.0,0.5,41.4,40,10,46.000001,69.0,21.400001,1,1,1011,0,ilp_v2,optimal,1,25.614832,41.381033,0.618999,0.012934,0.0,,0.012934,0.015455,3,0,0
rho\set11\rho_0.6.py,rho,11,rho,0.6,2,5,5,0.5,0.5,0.6,0.6,1.0,0.5,41.4,40,10,46.000001,69.0,21.400001,1,1,1011,0,ilp_v3,optimal,1,25.614832,41.381033,0.618999,0.015509,0.0,,0.015509,0.018053,3,0,0
rho\set11\rho_0.6.py,rho,11,rho,0.6,2,5,5,0.5,0.5,0.6,0.6,1.0,0.5,41.4,40,10,46.000001,69.0,21.400001,1,1,1011,0,ilp_v4,optimal,1,41.993576,41.308366,1.016588,0.029202,0.0,,0.029202,0.031884,3,0,0
rho\set11\rho_0.6.py,rho,11,rho,0.6,2,5,5,0.5,0.5,0.6,0.6,1.0,0.5,41.4,40,10,46.000001,69.0,21.400001,1,1,1011,0,greedy_sps_baseline,infeasible,0,,46.000001,,0.000504,,over budget: E=46.0000 > B=41.4000,0.000504,0.000707,3,0,0
rho\set11\rho_0.7.py,rho,11,rho,0.7,2,5,5,0.5,0.5,0.7,0.6,1.0,0.5,48.3,40,10,46.000001,69.0,21.400001,1,1,1011,0,ilp_v2,optimal,1,36.374372,48.077219,0.756582,0.013043,0.0,,0.013043,0.014534,3,0,0
rho\set11\rho_0.7.py,rho,11,rho,0.7,2,5,5,0.5,0.5,0.7,0.6,1.0,0.5,48.3,40,10,46.000001,69.0,21.400001,1,1,1011,0,ilp_v3,optimal,1,49.01171,48.272085,1.015322,0.023027,0.0,,0.023027,0.023495,3,0,0
rho\set11\rho_0.7.py,rho,11,rho,0.7,2,5,5,0.5,0.5,0.7,0.6,1.0,0.5,48.3,40,10,46.000001,69.0,21.400001,1,1,1011,0,ilp_v4,optimal,1,48.50675,47.911528,1.012423,0.043409,0.0,,0.043409,0.044412,3,0,0
rho\set11\rho_0.7.py,rho,11,rho,0.7,2,5,5,0.5,0.5,0.7,0.6,1.0,0.5,48.3,40,10,46.000001,69.0,21.400001,1,1,1011,0,greedy_sps_baseline,solved,1,7.188212,48.127525,0.149358,0.000841,,,0.000841,0.00096,3,0,0
rho\set11\rho_0.8.py,rho,11,rho,0.8,2,5,5,0.5,0.5,0.8,0.6,1.0,0.5,55.2,40,10,46.000001,69.0,21.400001,1,1,1011,0,ilp_v2,optimal,1,45.368733,55.176572,0.822246,0.013907,0.0,,0.013907,0.015852,3,0,0
rho\set11\rho_0.8.py,rho,11,rho,0.8,2,5,5,0.5,0.5,0.8,0.6,1.0,0.5,55.2,40,10,46.000001,69.0,21.400001,1,1,1011,0,ilp_v3,optimal,1,55.249221,54.795518,1.00828,0.014808,0.0,,0.014808,0.016862,3,0,0
rho\set11\rho_0.8.py,rho,11,rho,0.8,2,5,5,0.5,0.5,0.8,0.6,1.0,0.5,55.2,40,10,46.000001,69.0,21.400001,1,1,1011,0,ilp_v4,optimal,1,55.249221,55.157476,1.001663,0.027008,0.0,,0.027008,0.027421,3,0,0
rho\set11\rho_0.8.py,rho,11,rho,0.8,2,5,5,0.5,0.5,0.8,0.6,1.0,0.5,55.2,40,10,46.000001,69.0,21.400001,1,1,1011,0,greedy_sps_baseline,solved,1,29.518742,54.621461,0.540424,0.001167,,,0.001167,0.001304,3,0,0
rho\set11\rho_0.9.py,rho,11,rho,0.9,2,5,5,0.5,0.5,0.9,0.6,1.0,0.5,62.1,40,10,46.000001,69.0,21.400001,1,1,1011,0,ilp_v2,optimal,1,46.937742,58.28168,0.80536,0.008183,0.0,,0.008183,0.008592,3,0,0
rho\set11\rho_0.9.py,rho,11,rho,0.9,2,5,5,0.5,0.5,0.9,0.6,1.0,0.5,62.1,40,10,46.000001,69.0,21.400001,1,1,1011,0,ilp_v3,optimal,1,56.81823,56.83364,0.999729,0.006816,0.0,,0.006816,0.007229,3,0,0
rho\set11\rho_0.9.py,rho,11,rho,0.9,2,5,5,0.5,0.5,0.9,0.6,1.0,0.5,62.1,40,10,46.000001,69.0,21.400001,1,1,1011,0,ilp_v4,optimal,1,56.81823,61.432176,0.924894,0.0153,0.0,,0.0153,0.015763,3,0,0
rho\set11\rho_0.9.py,rho,11,rho,0.9,2,5,5,0.5,0.5,0.9,0.6,1.0,0.5,62.1,40,10,46.000001,69.0,21.400001,1,1,1011,0,greedy_sps_baseline,solved,1,45.250163,61.158571,0.739883,0.001648,,,0.001648,0.002439,3,0,0
rho\set11\rho_1.py,rho,11,rho,1,2,5,5,0.5,0.5,1.0,0.6,1.0,0.5,69.0,40,10,46.000001,69.0,21.400001,1,1,1011,0,ilp_v2,optimal,1,46.937742,62.392098,0.752303,0.004986,0.0,,0.004986,0.008064,3,0,0
rho\set11\rho_1.py,rho,11,rho,1,2,5,5,0.5,0.5,1.0,0.6,1.0,0.5,69.0,40,10,46.000001,69.0,21.400001,1,1,1011,0,ilp_v3,optimal,1,56.81823,69.0,0.823453,0.003586,0.0,,0.003586,0.00486,3,0,0
rho\set11\rho_1.py,rho,11,rho,1,2,5,5,0.5,0.5,1.0,0.6,1.0,0.5,69.0,40,10,46.000001,69.0,21.400001,1,1,1011,0,ilp_v4,optimal,1,56.81823,69.0,0.823453,0.006589,0.0,,0.006589,0.010114,3,0,0
rho\set11\rho_1.py,rho,11,rho,1,2,5,5,0.5,0.5,1.0,0.6,1.0,0.5,69.0,40,10,46.000001,69.0,21.400001,1,1,1011,0,greedy_sps_baseline,solved,1,45.250163,61.158571,0.739883,0.001408,,,0.001408,0.001599,3,0,0
rho\set12\rho_0.2.py,rho,12,rho,0.2,2,5,5,0.5,0.5,0.2,0.6,1.0,0.5,13.8,40,11,46.000001,69.000001,21.400001,1,1,1012,0,ilp_v2,infeasible,0,,,,0.005043,,,0.005043,0.00653,3,0,0
rho\set12\rho_0.2.py,rho,12,rho,0.2,2,5,5,0.5,0.5,0.2,0.6,1.0,0.5,13.8,40,11,46.000001,69.000001,21.400001,1,1,1012,0,ilp_v3,infeasible,0,,,,0.00362,,,0.00362,0.006219,3,0,0
rho\set12\rho_0.2.py,rho,12,rho,0.2,2,5,5,0.5,0.5,0.2,0.6,1.0,0.5,13.8,40,11,46.000001,69.000001,21.400001,1,1,1012,0,ilp_v4,infeasible,0,,,,0.003725,,,0.003725,0.008045,3,0,0
rho\set12\rho_0.2.py,rho,12,rho,0.2,2,5,5,0.5,0.5,0.2,0.6,1.0,0.5,13.8,40,11,46.000001,69.000001,21.400001,1,1,1012,0,greedy_sps_baseline,infeasible,0,,46.000001,,0.000342,,over budget: E=46.0000 > B=13.8000,0.000342,0.000943,3,0,0
rho\set12\rho_0.3.py,rho,12,rho,0.3,2,5,5,0.5,0.5,0.3,0.6,1.0,0.5,20.7,40,11,46.000001,69.000001,21.400001,1,1,1012,0,ilp_v2,infeasible,0,,,,0.00291,,,0.00291,0.003596,3,0,0
rho\set12\rho_0.3.py,rho,12,rho,0.3,2,5,5,0.5,0.5,0.3,0.6,1.0,0.5,20.7,40,11,46.000001,69.000001,21.400001,1,1,1012,0,ilp_v3,infeasible,0,,,,0.004196,,,0.004196,0.006782,3,0,0
rho\set12\rho_0.3.py,rho,12,rho,0.3,2,5,5,0.5,0.5,0.3,0.6,1.0,0.5,20.7,40,11,46.000001,69.000001,21.400001,1,1,1012,0,ilp_v4,infeasible,0,,,,0.002656,,,0.002656,0.003865,3,0,0
rho\set12\rho_0.3.py,rho,12,rho,0.3,2,5,5,0.5,0.5,0.3,0.6,1.0,0.5,20.7,40,11,46.000001,69.000001,21.400001,1,1,1012,0,greedy_sps_baseline,infeasible,0,,46.000001,,0.000301,,over budget: E=46.0000 > B=20.7000,0.000301,0.000366,3,0,0
rho\set12\rho_0.4.py,rho,12,rho,0.4,2,5,5,0.5,0.5,0.4,0.6,1.0,0.5,27.6,40,11,46.000001,69.000001,21.400001,1,1,1012,0,ilp_v2,optimal,1,25.245044,27.343361,0.92326,0.011696,0.0,,0.011696,0.013141,3,0,0
rho\set12\rho_0.4.py,rho,12,rho,0.4,2,5,5,0.5,0.5,0.4,0.6,1.0,0.5,27.6,40,11,46.000001,69.000001,21.400001,1,1,1012,0,ilp_v3,optimal,1,22.201005,27.56973,0.805267,0.031176,0.0,,0.031176,0.035935,3,0,0
rho\set12\rho_0.4.py,rho,12,rho,0.4,2,5,5,0.5,0.5,0.4,0.6,1.0,0.5,27.6,40,11,46.000001,69.000001,21.400001,1,1,1012,0,ilp_v4,optimal,1,25.245044,27.343361,0.92326,0.053163,0.0,,0.053163,0.059147,3,0,0
rho\set12\rho_0.4.py,rho,12,rho,0.4,2,5,5,0.5,0.5,0.4,0.6,1.0,0.5,27.6,40,11,46.000001,69.000001,21.400001,1,1,1012,0,greedy_sps_baseline,infeasible,0,,46.000001,,0.000301,,over budget: E=46.0000 > B=27.6000,0.000301,0.000529,3,0,0
rho\set12\rho_0.5.py,rho,12,rho,0.5,2,5,5,0.5,0.5,0.5,0.6,1.0,0.5,34.500001,40,11,46.000001,69.000001,21.400001,1,1,1012,0,ilp_v2,optimal,1,32.193637,34.499246,0.933169,0.100284,0.0,,0.100284,0.103398,3,0,0
rho\set12\rho_0.5.py,rho,12,rho,0.5,2,5,5,0.5,0.5,0.5,0.6,1.0,0.5,34.500001,40,11,46.000001,69.000001,21.400001,1,1,1012,0,ilp_v3,optimal,1,34.328819,34.0732,1.007502,0.043864,0.0,,0.043864,0.044299,3,0,0
rho\set12\rho_0.5.py,rho,12,rho,0.5,2,5,5,0.5,0.5,0.5,0.6,1.0,0.5,34.500001,40,11,46.000001,69.000001,21.400001,1,1,1012,0,ilp_v4,optimal,1,33.693953,34.304204,0.982211,0.111682,0.0,,0.111682,0.125353,3,0,0
rho\set12\rho_0.5.py,rho,12,rho,0.5,2,5,5,0.5,0.5,0.5,0.6,1.0,0.5,34.500001,40,11,46.000001,69.000001,21.400001,1,1,1012,0,greedy_sps_baseline,infeasible,0,,46.000001,,0.000616,,over budget: E=46.0000 > B=34.5000,0.000616,0.000817,3,0,0
rho\set12\rho_0.6.py,rho,12,rho,0.6,2,5,5,0.5,0.5,0.6,0.6,1.0,0.5,41.400001,40,11,46.000001,69.000001,21.400001,1,1,1012,0,ilp_v2,optimal,1,40.433753,41.227211,0.980754,0.093044,0.0,,0.093044,0.102201,3,0,0
rho\set12\rho_0.6.py,rho,12,rho,0.6,2,5,5,0.5,0.5,0.6,0.6,1.0,0.5,41.400001,40,11,46.000001,69.000001,21.400001,1,1,1012,0,ilp_v3,optimal,1,42.233579,41.336207,1.021709,0.02808,0.0,,0.02808,0.029256,3,0,0
rho\set12\rho_0.6.py,rho,12,rho,0.6,2,5,5,0.5,0.5,0.6,0.6,1.0,0.5,41.400001,40,11,46.000001,69.000001,21.400001,1,1,1012,0,ilp_v4,optimal,1,40.433753,41.227211,0.980754,0.123295,0.0,,0.123295,0.126884,3,0,0
rho\set12\rho_0.6.py,rho,12,rho,0.6,2,5,5,0.5,0.5,0.6,0.6,1.0,0.5,41.400001,40,11,46.000001,69.000001,21.400001,1,1,1012,0,greedy_sps_baseline,infeasible,0,,46.000001,,0.000603,,over budget: E=46.0000 > B=41.4000,0.000603,0.000759,3,0,0
rho\set12\rho_0.7.py,rho,12,rho,0.7,2,5,5,0.5,0.5,0.7,0.6,1.0,0.5,48.300001,40,11,46.000001,69.000001,21.400001,1,1,1012,0,ilp_v2,optimal,1,48.744676,48.009892,1.015305,0.055867,0.0,,0.055867,0.058921,3,0,0
rho\set12\rho_0.7.py,rho,12,rho,0.7,2,5,5,0.5,0.5,0.7,0.6,1.0,0.5,48.300001,40,11,46.000001,69.000001,21.400001,1,1,1012,0,ilp_v3,optimal,1,45.761031,48.298357,0.947466,0.136623,0.0,,0.136623,0.144404,3,0,0
rho\set12\rho_0.7.py,rho,12,rho,0.7,2,5,5,0.5,0.5,0.7,0.6,1.0,0.5,48.300001,40,11,46.000001,69.000001,21.400001,1,1,1012,0,ilp_v4,optimal,1,48.951526,48.29449,1.013605,0.103059,0.0,,0.103059,0.115976,3,0,0
rho\set12\rho_0.7.py,rho,12,rho,0.7,2,5,5,0.5,0.5,0.7,0.6,1.0,0.5,48.300001,40,11,46.000001,69.000001,21.400001,1,1,1012,0,greedy_sps_baseline,solved,1,9.193184,48.281246,0.190409,0.001757,,,0.001757,0.001966,3,0,0
rho\set12\rho_0.8.py,rho,12,rho,0.8,2,5,5,0.5,0.5,0.8,0.6,1.0,0.5,55.200001,40,11,46.000001,69.000001,21.400001,1,1,1012,0,ilp_v2,optimal,1,56.407587,55.197109,1.02193,0.018571,0.0,,0.018571,0.019815,3,0,0
rho\set12\rho_0.8.py,rho,12,rho,0.8,2,5,5,0.5,0.5,0.8,0.6,1.0,0.5,55.200001,40,11,46.000001,69.000001,21.400001,1,1,1012,0,ilp_v3,optimal,1,51.632277,53.998198,0.956185,0.014054,0.0,,0.014054,0.014863,3,0,0
rho\set12\rho_0.8.py,rho,12,rho,0.8,2,5,5,0.5,0.5,0.8,0.6,1.0,0.5,55.200001,40,11,46.000001,69.000001,21.400001,1,1,1012,0,ilp_v4,optimal,1,56.407587,55.192307,1.022019,0.040078,0.0,,0.040078,0.056715,3,0,0
rho\set12\rho_0.8.py,rho,12,rho,0.8,2,5,5,0.5,0.5,0.8,0.6,1.0,0.5,55.200001,40,11,46.000001,69.000001,21.400001,1,1,1012,0,greedy_sps_baseline,solved,1,28.059571,53.793257,0.521619,0.004373,,,0.004373,0.004497,3,0,0
rho\set12\rho_0.9.py,rho,12,rho,0.9,2,5,5,0.5,0.5,0.9,0.6,1.0,0.5,62.100001,40,11,46.000001,69.000001,21.400001,1,1,1012,0,ilp_v2,optimal,1,56.407587,60.181086,0.937298,0.010115,0.0,,0.010115,0.013394,3,0,0
rho\set12\rho_0.9.py,rho,12,rho,0.9,2,5,5,0.5,0.5,0.9,0.6,1.0,0.5,62.100001,40,11,46.000001,69.000001,21.400001,1,1,1012,0,ilp_v3,optimal,1,51.632277,61.282624,0.842527,0.008965,0.0,,0.008965,0.016834,3,0,0
rho\set12\rho_0.9.py,rho,12,rho,0.9,2,5,5,0.5,0.5,0.9,0.6,1.0,0.5,62.100001,40,11,46.000001,69.000001,21.400001,1,1,1012,0,ilp_v4,optimal,1,56.407587,58.566039,0.963145,0.019131,0.0,,0.019131,0.023642,3,0,0
rho\set12\rho_0.9.py,rho,12,rho,0.9,2,5,5,0.5,0.5,0.9,0.6,1.0,0.5,62.100001,40,11,46.000001,69.000001,21.400001,1,1,1012,0,greedy_sps_baseline,solved,1,42.233579,61.396629,0.687881,0.004526,,,0.004526,0.005893,3,0,0
rho\set12\rho_1.py,rho,12,rho,1,2,5,5,0.5,0.5,1.0,0.6,1.0,0.5,69.000001,40,11,46.000001,69.000001,21.400001,1,1,1012,0,ilp_v2,optimal,1,56.407587,56.704108,0.994771,0.007565,0.0,,0.007565,0.008953,3,0,0
rho\set12\rho_1.py,rho,12,rho,1,2,5,5,0.5,0.5,1.0,0.6,1.0,0.5,69.000001,40,11,46.000001,69.000001,21.400001,1,1,1012,0,ilp_v3,optimal,1,56.407587,60.250264,0.936221,0.007058,0.0,,0.007058,0.011749,3,0,0
rho\set12\rho_1.py,rho,12,rho,1,2,5,5,0.5,0.5,1.0,0.6,1.0,0.5,69.000001,40,11,46.000001,69.000001,21.400001,1,1,1012,0,ilp_v4,optimal,1,56.407587,61.800096,0.912743,0.016591,0.0,,0.016591,0.027836,3,0,0
rho\set12\rho_1.py,rho,12,rho,1,2,5,5,0.5,0.5,1.0,0.6,1.0,0.5,69.000001,40,11,46.000001,69.000001,21.400001,1,1,1012,0,greedy_sps_baseline,solved,1,51.632277,66.438378,0.777145,0.002795,,,0.002795,0.003361,3,0,0
rho\set13\rho_0.2.py,rho,13,rho,0.2,2,5,5,0.5,0.5,0.2,0.6,1.0,0.5,13.800001,40,13,46.0,69.000007,21.4,1,1,1013,0,ilp_v2,infeasible,0,,,,0.003118,,,0.003118,0.003489,3,0,0
rho\set13\rho_0.2.py,rho,13,rho,0.2,2,5,5,0.5,0.5,0.2,0.6,1.0,0.5,13.800001,40,13,46.0,69.000007,21.4,1,1,1013,0,ilp_v3,infeasible,0,,,,0.002727,,,0.002727,0.003218,3,0,0
rho\set13\rho_0.2.py,rho,13,rho,0.2,2,5,5,0.5,0.5,0.2,0.6,1.0,0.5,13.800001,40,13,46.0,69.000007,21.4,1,1,1013,0,ilp_v4,infeasible,0,,,,0.002751,,,0.002751,0.004476,3,0,0
rho\set13\rho_0.2.py,rho,13,rho,0.2,2,5,5,0.5,0.5,0.2,0.6,1.0,0.5,13.800001,40,13,46.0,69.000007,21.4,1,1,1013,0,greedy_sps_baseline,infeasible,0,,46.0,,0.00032,,over budget: E=46.0000 > B=13.8000,0.00032,0.000406,3,0,0
rho\set13\rho_0.3.py,rho,13,rho,0.3,2,5,5,0.5,0.5,0.3,0.6,1.0,0.5,20.700002,40,13,46.0,69.000007,21.4,1,1,1013,0,ilp_v2,infeasible,0,,,,0.003175,,,0.003175,0.006029,3,0,0
rho\set13\rho_0.3.py,rho,13,rho,0.3,2,5,5,0.5,0.5,0.3,0.6,1.0,0.5,20.700002,40,13,46.0,69.000007,21.4,1,1,1013,0,ilp_v3,infeasible,0,,,,0.002673,,,0.002673,0.002805,3,0,0
rho\set13\rho_0.3.py,rho,13,rho,0.3,2,5,5,0.5,0.5,0.3,0.6,1.0,0.5,20.700002,40,13,46.0,69.000007,21.4,1,1,1013,0,ilp_v4,infeasible,0,,,,0.003307,,,0.003307,0.005489,3,0,0
rho\set13\rho_0.3.py,rho,13,rho,0.3,2,5,5,0.5,0.5,0.3,0.6,1.0,0.5,20.700002,40,13,46.0,69.000007,21.4,1,1,1013,0,greedy_sps_baseline,infeasible,0,,46.0,,0.000324,,over budget: E=46.0000 > B=20.7000,0.000324,0.000468,3,0,0
rho\set13\rho_0.4.py,rho,13,rho,0.4,2,5,5,0.5,0.5,0.4,0.6,1.0,0.5,27.600003,40,13,46.0,69.000007,21.4,1,1,1013,0,ilp_v2,infeasible,0,,,,0.003421,,,0.003421,0.004723,3,0,0
rho\set13\rho_0.4.py,rho,13,rho,0.4,2,5,5,0.5,0.5,0.4,0.6,1.0,0.5,27.600003,40,13,46.0,69.000007,21.4,1,1,1013,0,ilp_v3,infeasible,0,,,,0.003514,,,0.003514,0.007816,3,0,0
rho\set13\rho_0.4.py,rho,13,rho,0.4,2,5,5,0.5,0.5,0.4,0.6,1.0,0.5,27.600003,40,13,46.0,69.000007,21.4,1,1,1013,0,ilp_v4,infeasible,0,,,,0.0105,,,0.0105,0.019958,3,0,0
rho\set13\rho_0.4.py,rho,13,rho,0.4,2,5,5,0.5,0.5,0.4,0.6,1.0,0.5,27.600003,40,13,46.0,69.000007,21.4,1,1,1013,0,greedy_sps_baseline,infeasible,0,,46.0,,0.000378,,over budget: E=46.0000 > B=27.6000,0.000378,0.000512,3,0,0
rho\set13\rho_0.5.py,rho,13,rho,0.5,2,5,5,0.5,0.5,0.5,0.6,1.0,0.5,34.500003,40,13,46.0,69.000007,21.4,1,1,1013,0,ilp_v2,optimal,1,20.260563,34.493696,0.58737,0.042286,0.0,,0.042286,0.049788,3,0,0
rho\set13\rho_0.5.py,rho,13,rho,0.5,2,5,5,0.5,0.5,0.5,0.6,1.0,0.5,34.500003,40,13,46.0,69.000007,21.4,1,1,1013,0,ilp_v3,optimal,1,20.260563,34.493696,0.58737,0.039892,0.0,,0.039892,0.04669,3,0,0
rho\set13\rho_0.5.py,rho,13,rho,0.5,2,5,5,0.5,0.5,0.5,0.6,1.0,0.5,34.500003,40,13,46.0,69.000007,21.4,1,1,1013,0,ilp_v4,optimal,1,33.272939,34.412474,0.966886,0.161013,0.0,,0.161013,0.18808,3,0,0
rho\set13\rho_0.5.py,rho,13,rho,0.5,2,5,5,0.5,0.5,0.5,0.6,1.0,0.5,34.500003,40,13,46.0,69.000007,21.4,1,1,1013,0,greedy_sps_baseline,infeasible,0,,46.0,,0.000355,,over budget: E=46.0000 > B=34.5000,0.000355,0.000442,3,0,0
rho\set13\rho_0.6.py,rho,13,rho,0.6,2,5,5,0.5,0.5,0.6,0.6,1.0,0.5,41.400004,40,13,46.0,69.000007,21.4,1,1,1013,0,ilp_v2,optimal,1,34.940393,41.399372,0.843984,0.079477,0.0,,0.079477,0.085919,3,0,0
rho\set13\rho_0.6.py,rho,13,rho,0.6,2,5,5,0.5,0.5,0.6,0.6,1.0,0.5,41.400004,40,13,46.0,69.000007,21.4,1,1,1013,0,ilp_v3,optimal,1,39.590274,41.38937,0.956532,0.125558,0.0,,0.125558,0.147806,3,0,0
rho\set13\rho_0.6.py,rho,13,rho,0.6,2,5,5,0.5,0.5,0.6,0.6,1.0,0.5,41.400004,40,13,46.0,69.000007,21.4,1,1,1013,0,ilp_v4,optimal,1,49.087783,41.390461,1.185969,0.133672,0.0,,0.133672,0.147438,3,0,0
rho\set13\rho_0.6.py,rho,13,rho,0.6,2,5,5,0.5,0.5,0.6,0.6,1.0,0.5,41.400004,40,13,46.0,69.000007,21.4,1,1,1013,0,greedy_sps_baseline,infeasible,0,,46.0,,0.000317,,over budget: E=46.0000 > B=41.4000,0.000317,0.000445,3,0,0
rho\set13\rho_0.7.py,rho,13,rho,0.7,2,5,5,0.5,0.5,0.7,0.6,1.0,0.5,48.300005,40,13,46.0,69.000007,21.4,1,1,1013,0,ilp_v2,optimal,1,43.8069,48.22889,0.908312,0.036079,0.0,,0.036079,0.040687,3,0,0
rho\set13\rho_0.7.py,rho,13,rho,0.7,2,5,5,0.5,0.5,0.7,0.6,1.0,0.5,48.300005,40,13,46.0,69.000007,21.4,1,1,1013,0,ilp_v3,optimal,1,50.897773,48.001787,1.060331,0.028163,0.0,,0.028163,0.029483,3,0,0
rho\set13\rho_0.7.py,rho,13,rho,0.7,2,5,5,0.5,0.5,0.7,0.6,1.0,0.5,48.300005,40,13,46.0,69.000007,21.4,1,1,1013,0,ilp_v4,optimal,1,66.426284,48.298326,1.375333,0.23044,0.0,,0.23044,0.237978,3,0,0
rho\set13\rho_0.7.py,rho,13,rho,0.7,2,5,5,0.5,0.5,0.7,0.6,1.0,0.5,48.300005,40,13,46.0,69.000007,21.4,1,1,1013,0,greedy_sps_baseline,solved,1,8.38857,48.262873,0.17381,0.002508,,,0.002508,0.002725,3,0,0
rho\set13\rho_0.8.py,rho,13,rho,0.8,2,5,5,0.5,0.5,0.8,0.6,1.0,0.5,55.200006,40,13,46.0,69.000007,21.4,1,1,1013,0,ilp_v2,optimal,1,55.451588,55.183607,1.004856,0.014324,0.0,,0.014324,0.015993,3,0,0
rho\set13\rho_0.8.py,rho,13,rho,0.8,2,5,5,0.5,0.5,0.8,0.6,1.0,0.5,55.200006,40,13,46.0,69.000007,21.4,1,1,1013,0,ilp_v3,optimal,1,62.102992,55.181366,1.125434,0.073665,0.0,,0.073665,0.078182,3,0,0
rho\set13\rho_0.8.py,rho,13,rho,0.8,2,5,5,0.5,0.5,0.8,0.6,1.0,0.5,55.200006,40,13,46.0,69.000007,21.4,1,1,1013,0,ilp_v4,optimal,1,68.520498,55.023369,1.245298,0.05944,0.0,,0.05944,0.065468,3,0,0
rho\set13\rho_0.8.py,rho,13,rho,0.8,2,5,5,0.5,0.5,0.8,0.6,1.0,0.5,55.200006,40,13,46.0,69.000007,21.4,1,1,1013,0,greedy_sps_baseline,solved,1,31.236894,55.149717,0.566402,0.00367,,,0.00367,0.005119,3,0,0
rho\set13\rho_0.9.py,rho,13,rho,0.9,2,5,5,0.5,0.5,0.9,0.6,1.0,0.5,62.100006,40,13,46.0,69.000007,21.4,1,1,1013,0,ilp_v2,optimal,1,55.451588,59.144145,0.937567,0.011495,0.0,,0.011495,0.013267,3,0,0
rho\set13\rho_0.9.py,rho,13,rho,0.9,2,5,5,0.5,0.5,0.9,0.6,1.0,0.5,62.100006,40,13,46.0,69.000007,21.4,1,1,1013,0,ilp_v3,optimal,1,62.387636,61.623569,1.012399,0.011651,0.0,,0.011651,0.011716,3,0,0
rho\set13\rho_0.9.py,rho,13,rho,0.9,2,5,5,0.5,0.5,0.9,0.6,1.0,0.5,62.100006,40,13,46.0,69.000007,21.4,1,1,1013,0,ilp_v4,optimal,1,69.359135,55.044034,1.260066,0.053058,0.0,,0.053058,0.063928,3,0,0
rho\set13\rho_0.9.py,rho,13,rho,0.9,2,5,5,0.5,0.5,0.9,0.6,1.0,0.5,62.100006,40,13,46.0,69.000007,21.4,1,1,1013,0,greedy_sps_baseline,solved,1,52.855675,62.07289,0.85151,0.004544,,,0.004544,0.006621,3,0,0
rho\set13\rho_1.py,rho,13,rho,1,2,5,5,0.5,0.5,1.0,0.6,1.0,0.5,69.000007,40,13,46.0,69.000007,21.4,1,1,1013,0,ilp_v2,optimal,1,55.451588,63.801661,0.869125,0.005823,0.0,,0.005823,0.010263,3,0,0
rho\set13\rho_1.py,rho,13,rho,1,2,5,5,0.5,0.5,1.0,0.6,1.0,0.5,69.000007,40,13,46.0,69.000007,21.4,1,1,1013,0,ilp_v3,optimal,1,62.387636,65.90048,0.946695,0.004983,0.0,,0.004983,0.010607,3,0,0
rho\set13\rho_1.py,rho,13,rho,1,2,5,5,0.5,0.5,1.0,0.6,1.0,0.5,69.000007,40,13,46.0,69.000007,21.4,1,1,1013,0,ilp_v4,optimal,1,69.359135,69.000007,1.005205,0.018437,0.0,,0.018437,0.034935,3,0,0
rho\set13\rho_1.py,rho,13,rho,1,2,5,5,0.5,0.5,1.0,0.6,1.0,0.5,69.000007,40,13,46.0,69.000007,21.4,1,1,1013,0,greedy_sps_baseline,solved,1,55.451588,63.801661,0.869125,0.003983,,,0.003983,0.008416,3,0,0
rho\set14\rho_0.2.py,rho,14,rho,0.2,2,5,5,0.5,0.5,0.2,0.6,1.0,0.5,13.8,40,10,46.0,68.999998,21.433333,1,1,1014,0,ilp_v2,infeasible,0,,,,0.001927,,,0.001927,0.002746,3,0,0
rho\set14\rho_0.2.py,rho,14,rho,0.2,2,5,5,0.5,0.5,0.2,0.6,1.0,0.5,13.8,40,10,46.0,68.999998,21.433333,1,1,1014,0,ilp_v3,infeasible,0,,,,0.001936,,,0.001936,0.003536,3,0,0
rho\set14\rho_0.2.py,rho,14,rho,0.2,2,5,5,0.5,0.5,0.2,0.6,1.0,0.5,13.8,40,10,46.0,68.999998,21.433333,1,1,1014,0,ilp_v4,infeasible,0,,,,0.003829,,,0.003829,0.005088,3,0,0
rho\set14\rho_0.2.py,rho,14,rho,0.2,2,5,5,0.5,0.5,0.2,0.6,1.0,0.5,13.8,40,10,46.0,68.999998,21.433333,1,1,1014,0,greedy_sps_baseline,infeasible,0,,46.0,,0.000388,,over budget: E=46.0000 > B=13.8000,0.000388,0.000913,3,0,0
rho\set14\rho_0.3.py,rho,14,rho,0.3,2,5,5,0.5,0.5,0.3,0.6,1.0,0.5,20.699999,40,10,46.0,68.999998,21.433333,1,1,1014,0,ilp_v2,infeasible,0,,,,0.005178,,,0.005178,0.00583,3,0,0
rho\set14\rho_0.3.py,rho,14,rho,0.3,2,5,5,0.5,0.5,0.3,0.6,1.0,0.5,20.699999,40,10,46.0,68.999998,21.433333,1,1,1014,0,ilp_v3,infeasible,0,,,,0.003047,,,0.003047,0.005088,3,0,0
rho\set14\rho_0.3.py,rho,14,rho,0.3,2,5,5,0.5,0.5,0.3,0.6,1.0,0.5,20.699999,40,10,46.0,68.999998,21.433333,1,1,1014,0,ilp_v4,infeasible,0,,,,0.002398,,,0.002398,0.003137,3,0,0
rho\set14\rho_0.3.py,rho,14,rho,0.3,2,5,5,0.5,0.5,0.3,0.6,1.0,0.5,20.699999,40,10,46.0,68.999998,21.433333,1,1,1014,0,greedy_sps_baseline,infeasible,0,,46.0,,0.000345,,over budget: E=46.0000 > B=20.7000,0.000345,0.000679,3,0,0
rho\set14\rho_0.4.py,rho,14,rho,0.4,2,5,5,0.5,0.5,0.4,0.6,1.0,0.5,27.599999,40,10,46.0,68.999998,21.433333,1,1,1014,0,ilp_v2,optimal,1,19.494803,27.575185,0.706969,0.01865,0.0,,0.01865,0.02815,3,0,0
rho\set14\rho_0.4.py,rho,14,rho,0.4,2,5,5,0.5,0.5,0.4,0.6,1.0,0.5,27.599999,40,10,46.0,68.999998,21.433333,1,1,1014,0,ilp_v3,optimal,1,19.494803,27.575185,0.706969,0.02237,0.0,,0.02237,0.026973,3,0,0
rho\set14\rho_0.4.py,rho,14,rho,0.4,2,5,5,0.5,0.5,0.4,0.6,1.0,0.5,27.599999,40,10,46.0,68.999998,21.433333,1,1,1014,0,ilp_v4,optimal,1,19.494803,27.575185,0.706969,0.046197,0.0,,0.046197,0.048665,3,0,0
rho\set14\rho_0.4.py,rho,14,rho,0.4,2,5,5,0.5,0.5,0.4,0.6,1.0,0.5,27.599999,40,10,46.0,68.999998,21.433333,1,1,1014,0,greedy_sps_baseline,infeasible,0,,46.0,,0.000515,,over budget: E=46.0000 > B=27.6000,0.000515,0.000623,3,0,0
rho\set14\rho_0.5.py,rho,14,rho,0.5,2,5,5,0.5,0.5,0.5,0.6,1.0,0.5,34.499999,40,10,46.0,68.999998,21.433333,1,1,1014,0,ilp_v2,optimal,1,49.396052,34.46554,1.433201,0.032307,0.0,,0.032307,0.03329,3,0,0
rho\set14\rho_0.5.py,rho,14,rho,0.5,2,5,5,0.5,0.5,0.5,0.6,1.0,0.5,34.499999,40,10,46.0,68.999998,21.433333,1,1,1014,0,ilp_v3,optimal,1,49.543237,34.490278,1.436441,0.052935,0.0,,0.052935,0.055694,3,0,0
rho\set14\rho_0.5.py,rho,14,rho,0.5,2,5,5,0.5,0.5,0.5,0.6,1.0,0.5,34.499999,40,10,46.0,68.999998,21.433333,1,1,1014,0,ilp_v4,optimal,1,49.396052,34.46554,1.433201,0.068211,0.0,,0.068211,0.071101,3,0,0
rho\set14\rho_0.5.py,rho,14,rho,0.5,2,5,5,0.5,0.5,0.5,0.6,1.0,0.5,34.499999,40,10,46.0,68.999998,21.433333,1,1,1014,0,greedy_sps_baseline,infeasible,0,,46.0,,0.000539,,over budget: E=46.0000 > B=34.5000,0.000539,0.000664,3,0,0
rho\set14\rho_0.6.py,rho,14,rho,0.6,2,5,5,0.5,0.5,0.6,0.6,1.0,0.5,41.399999,40,10,46.0,68.999998,21.433333,1,1,1014,0,ilp_v2,optimal,1,57.104069,41.332648,1.381573,0.045139,0.0,,0.045139,0.048639,3,0,0
rho\set14\rho_0.6.py,rho,14,rho,0.6,2,5,5,0.5,0.5,0.6,0.6,1.0,0.5,41.399999,40,10,46.0,68.999998,21.433333,1,1,1014,0,ilp_v3,optimal,1,57.104069,41.332648,1.381573,0.044755,0.0,,0.044755,0.053126,3,0,0
rho\set14\rho_0.6.py,rho,14,rho,0.6,2,5,5,0.5,0.5,0.6,0.6,1.0,0.5,41.399999,40,10,46.0,68.999998,21.433333,1,1,1014,0,ilp_v4,optimal,1,59.293426,41.36787,1.433321,0.05306,8.1e-05,,0.05306,0.059194,3,0,0
rho\set14\rho_0.6.py,rho,14,rho,0.6,2,5,5,0.5,0.5,0.6,0.6,1.0,0.5,41.399999,40,10,46.0,68.999998,21.433333,1,1,1014,0,greedy_sps_baseline,infeasible,0,,46.0,,0.000494,,over budget: E=46.0000 > B=41.4000,0.000494,0.000748,3,0,0
rho\set14\rho_0.7.py,rho,14,rho,0.7,2,5,5,0.5,0.5,0.7,0.6,1.0,0.5,48.299998,40,10,46.0,68.999998,21.433333,1,1,1014,0,ilp_v2,optimal,1,62.107903,48.06979,1.292036,0.025328,0.0,,0.025328,0.034222,3,0,0
rho\set14\rho_0.7.py,rho,14,rho,0.7,2,5,5,0.5,0.5,0.7,0.6,1.0,0.5,48.299998,40,10,46.0,68.999998,21.433333,1,1,1014,0,ilp_v3,optimal,1,59.155238,48.27302,1.225431,0.025177,0.0,,0.025177,0.025874,3,0,0
rho\set14\rho_0.7.py,rho,14,rho,0.7,2,5,5,0.5,0.5,0.7,0.6,1.0,0.5,48.299998,40,10,46.0,68.999998,21.433333,1,1,1014,0,ilp_v4,optimal,1,62.107903,48.06979,1.292036,0.042858,0.0,,0.042858,0.045023,3,0,0
rho\set14\rho_0.7.py,rho,14,rho,0.7,2,5,5,0.5,0.5,0.7,0.6,1.0,0.5,48.299998,40,10,46.0,68.999998,21.433333,1,1,1014,0,greedy_sps_baseline,solved,1,8.991418,48.274446,0.186256,0.001168,,,0.001168,0.001328,3,0,0
rho\set14\rho_0.8.py,rho,14,rho,0.8,2,5,5,0.5,0.5,0.8,0.6,1.0,0.5,55.199998,40,10,46.0,68.999998,21.433333,1,1,1014,0,ilp_v2,optimal,1,65.505952,52.32545,1.251895,0.009308,0.0,,0.009308,0.009687,3,0,0
rho\set14\rho_0.8.py,rho,14,rho,0.8,2,5,5,0.5,0.5,0.8,0.6,1.0,0.5,55.199998,40,10,46.0,68.999998,21.433333,1,1,1014,0,ilp_v3,optimal,1,65.505952,51.391184,1.274653,0.009698,0.0,,0.009698,0.009845,3,0,0
rho\set14\rho_0.8.py,rho,14,rho,0.8,2,5,5,0.5,0.5,0.8,0.6,1.0,0.5,55.199998,40,10,46.0,68.999998,21.433333,1,1,1014,0,ilp_v4,optimal,1,65.505952,53.488119,1.224682,0.030468,0.0,,0.030468,0.03881,3,0,0
rho\set14\rho_0.8.py,rho,14,rho,0.8,2,5,5,0.5,0.5,0.8,0.6,1.0,0.5,55.199998,40,10,46.0,68.999998,21.433333,1,1,1014,0,greedy_sps_baseline,solved,1,38.038269,55.146769,0.689764,0.001005,,,0.001005,0.001696,3,0,0
rho\set14\rho_0.9.py,rho,14,rho,0.9,2,5,5,0.5,0.5,0.9,0.6,1.0,0.5,62.099998,40,10,46.0,68.999998,21.433333,1,1,1014,0,ilp_v2,optimal,1,65.505952,60.118292,1.089618,0.005202,0.0,,0.005202,0.007121,3,0,0
rho\set14\rho_0.9.py,rho,14,rho,0.9,2,5,5,0.5,0.5,0.9,0.6,1.0,0.5,62.099998,40,10,46.0,68.999998,21.433333,1,1,1014,0,ilp_v3,optimal,1,65.505952,58.902853,1.112102,0.005322,0.0,,0.005322,0.008514,3,0,0
rho\set14\rho_0.9.py,rho,14,rho,0.9,2,5,5,0.5,0.5,0.9,0.6,1.0,0.5,62.099998,40,10,46.0,68.999998,21.433333,1,1,1014,0,ilp_v4,optimal,1,65.505952,60.118292,1.089618,0.012491,0.0,,0.012491,0.012654,3,0,0
rho\set14\rho_0.9.py,rho,14,rho,0.9,2,5,5,0.5,0.5,0.9,0.6,1.0,0.5,62.099998,40,10,46.0,68.999998,21.433333,1,1,1014,0,greedy_sps_baseline,solved,1,54.461428,62.023232,0.878081,0.001517,,,0.001517,0.003885,3,0,0
rho\set14\rho_1.py,rho,14,rho,1,2,5,5,0.5,0.5,1.0,0.6,1.0,0.5,68.999998,40,10,46.0,68.999998,21.433333,1,1,1014,0,ilp_v2,optimal,1,65.505952,68.999998,0.949362,0.002828,0.0,,0.002828,0.003421,3,0,0
rho\set14\rho_1.py,rho,14,rho,1,2,5,5,0.5,0.5,1.0,0.6,1.0,0.5,68.999998,40,10,46.0,68.999998,21.433333,1,1,1014,0,ilp_v3,optimal,1,65.505952,68.999998,0.949362,0.002845,0.0,,0.002845,0.00476,3,0,0
rho\set14\rho_1.py,rho,14,rho,1,2,5,5,0.5,0.5,1.0,0.6,1.0,0.5,68.999998,40,10,46.0,68.999998,21.433333,1,1,1014,0,ilp_v4,optimal,1,65.505952,68.999998,0.949362,0.006774,0.0,,0.006774,0.012047,3,0,0
rho\set14\rho_1.py,rho,14,rho,1,2,5,5,0.5,0.5,1.0,0.6,1.0,0.5,68.999998,40,10,46.0,68.999998,21.433333,1,1,1014,0,greedy_sps_baseline,solved,1,65.505952,68.999998,0.949362,0.001707,,,0.001707,0.002804,3,0,0
rho\set15\rho_0.2.py,rho,15,rho,0.2,2,5,5,0.5,0.5,0.2,0.6,1.0,0.5,13.799999,40,11,45.999999,68.999997,21.999999,1,1,1015,0,ilp_v2,infeasible,0,,,,0.002401,,,0.002401,0.005062,3,0,0
rho\set15\rho_0.2.py,rho,15,rho,0.2,2,5,5,0.5,0.5,0.2,0.6,1.0,0.5,13.799999,40,11,45.999999,68.999997,21.999999,1,1,1015,0,ilp_v3,infeasible,0,,,,0.002459,,,0.002459,0.003884,3,0,0
rho\set15\rho_0.2.py,rho,15,rho,0.2,2,5,5,0.5,0.5,0.2,0.6,1.0,0.5,13.799999,40,11,45.999999,68.999997,21.999999,1,1,1015,0,ilp_v4,infeasible,0,,,,0.002279,,,0.002279,0.002863,3,0,0
rho\set15\rho_0.2.py,rho,15,rho,0.2,2,5,5,0.5,0.5,0.2,0.6,1.0,0.5,13.799999,40,11,45.999999,68.999997,21.999999,1,1,1015,0,greedy_sps_baseline,infeasible,0,,45.999999,,0.000279,,over budget: E=46.0000 > B=13.8000,0.000279,0.000332,3,0,0
rho\set15\rho_0.3.py,rho,15,rho,0.3,2,5,5,0.5,0.5,0.3,0.6,1.0,0.5,20.699999,40,11,45.999999,68.999997,21.999999,1,1,1015,0,ilp_v2,infeasible,0,,,,0.00243,,,0.00243,0.003753,3,0,0
rho\set15\rho_0.3.py,rho,15,rho,0.3,2,5,5,0.5,0.5,0.3,0.6,1.0,0.5,20.699999,40,11,45.999999,68.999997,21.999999,1,1,1015,0,ilp_v3,infeasible,0,,,,0.002997,,,0.002997,0.00406,3,0,0
rho\set15\rho_0.3.py,rho,15,rho,0.3,2,5,5,0.5,0.5,0.3,0.6,1.0,0.5,20.699999,40,11,45.999999,68.999997,21.999999,1,1,1015,0,ilp_v4,infeasible,0,,,,0.002921,,,0.002921,0.003305,3,0,0
rho\set15\rho_0.3.py,rho,15,rho,0.3,2,5,5,0.5,0.5,0.3,0.6,1.0,0.5,20.699999,40,11,45.999999,68.999997,21.999999,1,1,1015,0,greedy_sps_baseline,infeasible,0,,45.999999,,0.000271,,over budget: E=46.0000 > B=20.7000,0.000271,0.000381,3,0,0
rho\set15\rho_0.4.py,rho,15,rho,0.4,2,5,5,0.5,0.5,0.4,0.6,1.0,0.5,27.599999,40,11,45.999999,68.999997,21.999999,1,1,1015,0,ilp_v2,optimal,1,22.597328,27.524922,0.820977,0.067168,0.0,,0.067168,0.072529,3,0,0
rho\set15\rho_0.4.py,rho,15,rho,0.4,2,5,5,0.5,0.5,0.4,0.6,1.0,0.5,27.599999,40,11,45.999999,68.999997,21.999999,1,1,1015,0,ilp_v3,optimal,1,22.597328,27.524922,0.820977,0.06027,0.0,,0.06027,0.070968,3,0,0
rho\set15\rho_0.4.py,rho,15,rho,0.4,2,5,5,0.5,0.5,0.4,0.6,1.0,0.5,27.599999,40,11,45.999999,68.999997,21.999999,1,1,1015,0,ilp_v4,optimal,1,24.811424,27.598055,0.899028,0.083474,0.0,,0.083474,0.084887,3,0,0
rho\set15\rho_0.4.py,rho,15,rho,0.4,2,5,5,0.5,0.5,0.4,0.6,1.0,0.5,27.599999,40,11,45.999999,68.999997,21.999999,1,1,1015,0,greedy_sps_baseline,infeasible,0,,45.999999,,0.000515,,over budget: E=46.0000 > B=27.6000,0.000515,0.000635,3,0,0
rho\set15\rho_0.5.py,rho,15,rho,0.5,2,5,5,0.5,0.5,0.5,0.6,1.0,0.5,34.499998,40,11,45.999999,68.999997,21.999999,1,1,1015,0,ilp_v2,optimal,1,44.958808,34.481846,1.30384,0.051294,0.0,,0.051294,0.061953,3,0,0
rho\set15\rho_0.5.py,rho,15,rho,0.5,2,5,5,0.5,0.5,0.5,0.6,1.0,0.5,34.499998,40,11,45.999999,68.999997,21.999999,1,1,1015,0,ilp_v3,optimal,1,44.958808,34.481846,1.30384,0.048522,0.0,,0.048522,0.054102,3,0,0
rho\set15\rho_0.5.py,rho,15,rho,0.5,2,5,5,0.5,0.5,0.5,0.6,1.0,0.5,34.499998,40,11,45.999999,68.999997,21.999999,1,1,1015,0,ilp_v4,optimal,1,49.411371,34.375482,1.437402,0.168582,0.0,,0.168582,0.176014,3,0,0
rho\set15\rho_0.5.py,rho,15,rho,0.5,2,5,5,0.5,0.5,0.5,0.6,1.0,0.5,34.499998,40,11,45.999999,68.999997,21.999999,1,1,1015,0,greedy_sps_baseline,infeasible,0,,45.999999,,0.000604,,over budget: E=46.0000 > B=34.5000,0.000604,0.000838,3,0,0
rho\set15\rho_0.6.py,rho,15,rho,0.6,2,5,5,0.5,0.5,0.6,0.6,1.0,0.5,41.399998,40,11,45.999999,68.999997,21.999999,1,1,1015,0,ilp_v2,optimal,1,55.403126,38.165217,1.451665,0.017121,0.0,,0.017121,0.017253,3,0,0
rho\set15\rho_0.6.py,rho,15,rho,0.6,2,5,5,0.5,0.5,0.6,0.6,1.0,0.5,41.399998,40,11,45.999999,68.999997,21.999999,1,1,1015,0,ilp_v3,optimal,1,55.460402,41.354836,1.341086,0.115633,0.0,,0.115633,0.124487,3,0,0
rho\set15\rho_0.6.py,rho,15,rho,0.6,2,5,5,0.5,0.5,0.6,0.6,1.0,0.5,41.399998,40,11,45.999999,68.999997,21.999999,1,1,1015,0,ilp_v4,optimal,1,57.804753,41.3865,1.396706,0.158965,0.0,,0.158965,0.161593,3,0,0
rho\set15\rho_0.6.py,rho,15,rho,0.6,2,5,5,0.5,0.5,0.6,0.6,1.0,0.5,41.399998,40,11,45.999999,68.999997,21.999999,1,1,1015,0,greedy_sps_baseline,infeasible,0,,45.999999,,0.000582,,over budget: E=46.0000 > B=41.4000,0.000582,0.000719,3,0,0
rho\set15\rho_0.7.py,rho,15,rho,0.7,2,5,5,0.5,0.5,0.7,0.6,1.0,0.5,48.299998,40,11,45.999999,68.999997,21.999999,1,1,1015,0,ilp_v2,optimal,1,69.611488,47.278892,1.472359,0.012923,6.8e-05,,0.012923,0.014265,3,0,0
rho\set15\rho_0.7.py,rho,15,rho,0.7,2,5,5,0.5,0.5,0.7,0.6,1.0,0.5,48.299998,40,11,45.999999,68.999997,21.999999,1,1,1015,0,ilp_v3,optimal,1,63.679111,48.273667,1.319127,0.019813,0.0,,0.019813,0.022258,3,0,0
rho\set15\rho_0.7.py,rho,15,rho,0.7,2,5,5,0.5,0.5,0.7,0.6,1.0,0.5,48.299998,40,11,45.999999,68.999997,21.999999,1,1,1015,0,ilp_v4,optimal,1,69.611488,45.82025,1.51923,0.067684,0.0,,0.067684,0.082982,3,0,0
rho\set15\rho_0.7.py,rho,15,rho,0.7,2,5,5,0.5,0.5,0.7,0.6,1.0,0.5,48.299998,40,11,45.999999,68.999997,21.999999,1,1,1015,0,greedy_sps_baseline,solved,1,8.837376,48.257801,0.183128,0.001868,,,0.001868,0.00198,3,0,0
rho\set15\rho_0.8.py,rho,15,rho,0.8,2,5,5,0.5,0.5,0.8,0.6,1.0,0.5,55.199997,40,11,45.999999,68.999997,21.999999,1,1,1015,0,ilp_v2,optimal,1,83.819851,55.146826,1.51994,0.011142,0.0,,0.011142,0.013005,3,0,0
rho\set15\rho_0.8.py,rho,15,rho,0.8,2,5,5,0.5,0.5,0.8,0.6,1.0,0.5,55.199997,40,11,45.999999,68.999997,21.999999,1,1,1015,0,ilp_v3,optimal,1,83.312483,54.978057,1.515377,0.017974,0.0,,0.017974,0.018658,3,0,0
rho\set15\rho_0.8.py,rho,15,rho,0.8,2,5,5,0.5,0.5,0.8,0.6,1.0,0.5,55.199997,40,11,45.999999,68.999997,21.999999,1,1,1015,0,ilp_v4,optimal,1,83.819851,55.146826,1.51994,0.034355,0.0,,0.034355,0.035502,3,0,0
rho\set15\rho_0.8.py,rho,15,rho,0.8,2,5,5,0.5,0.5,0.8,0.6,1.0,0.5,55.199997,40,11,45.999999,68.999997,21.999999,1,1,1015,0,greedy_sps_baseline,solved,1,37.500986,55.183159,0.679573,0.002319,,,0.002319,0.002685,3,0,0
rho\set15\rho_0.9.py,rho,15,rho,0.9,2,5,5,0.5,0.5,0.9,0.6,1.0,0.5,62.099997,40,11,45.999999,68.999997,21.999999,1,1,1015,0,ilp_v2,optimal,1,83.819851,59.513205,1.408424,0.009087,0.0,,0.009087,0.012281,3,0,0
rho\set15\rho_0.9.py,rho,15,rho,0.9,2,5,5,0.5,0.5,0.9,0.6,1.0,0.5,62.099997,40,11,45.999999,68.999997,21.999999,1,1,1015,0,ilp_v3,optimal,1,83.819851,59.513205,1.408424,0.012119,0.0,,0.012119,0.012326,3,0,0
rho\set15\rho_0.9.py,rho,15,rho,0.9,2,5,5,0.5,0.5,0.9,0.6,1.0,0.5,62.099997,40,11,45.999999,68.999997,21.999999,1,1,1015,0,ilp_v4,optimal,1,83.819851,59.513205,1.408424,0.019211,0.0,,0.019211,0.031655,3,0,0
rho\set15\rho_0.9.py,rho,15,rho,0.9,2,5,5,0.5,0.5,0.9,0.6,1.0,0.5,62.099997,40,11,45.999999,68.999997,21.999999,1,1,1015,0,greedy_sps_baseline,solved,1,62.918504,61.622089,1.021038,0.003881,,,0.003881,0.004197,3,0,0
rho\set15\rho_1.py,rho,15,rho,1,2,5,5,0.5,0.5,1.0,0.6,1.0,0.5,68.999997,40,11,45.999999,68.999997,21.999999,1,1,1015,0,ilp_v2,optimal,1,83.819851,68.999997,1.214781,0.005161,0.0,,0.005161,0.007354,3,0,0
rho\set15\rho_1.py,rho,15,rho,1,2,5,5,0.5,0.5,1.0,0.6,1.0,0.5,68.999997,40,11,45.999999,68.999997,21.999999,1,1,1015,0,ilp_v3,optimal,1,83.819851,68.999997,1.214781,0.003676,0.0,,0.003676,0.005932,3,0,0
rho\set15\rho_1.py,rho,15,rho,1,2,5,5,0.5,0.5,1.0,0.6,1.0,0.5,68.999997,40,11,45.999999,68.999997,21.999999,1,1,1015,0,ilp_v4,optimal,1,83.819851,68.999997,1.214781,0.018508,0.0,,0.018508,0.02114,3,0,0
rho\set15\rho_1.py,rho,15,rho,1,2,5,5,0.5,0.5,1.0,0.6,1.0,0.5,68.999997,40,11,45.999999,68.999997,21.999999,1,1,1015,0,greedy_sps_baseline,solved,1,83.819851,68.999997,1.214781,0.004488,,,0.004488,0.005207,3,0,0
rho\set16\rho_0.2.py,rho,16,rho,0.2,2,5,5,0.5,0.5,0.2,0.6,1.0,0.5,13.8,40,9,45.999999,68.999998,23.00909,1,1,1016,0,ilp_v2,infeasible,0,,,,0.002848,,,0.002848,0.00498,3,0,0
rho\set16\rho_0.2.py,rho,16,rho,0.2,2,5,5,0.5,0.5,0.2,0.6,1.0,0.5,13.8,40,9,45.999999,68.999998,23.00909,1,1,1016,0,ilp_v3,infeasible,0,,,,0.003435,,,0.003435,0.004898,3,0,0
rho\set16\rho_0.2.py,rho,16,rho,0.2,2,5,5,0.5,0.5,0.2,0.6,1.0,0.5,13.8,40,9,45.999999,68.999998,23.00909,1,1,1016,0,ilp_v4,infeasible,0,,,,0.004884,,,0.004884,0.005797,3,0,0
rho\set16\rho_0.2.py,rho,16,rho,0.2,2,5,5,0.5,0.5,0.2,0.6,1.0,0.5,13.8,40,9,45.999999,68.999998,23.00909,1,1,1016,0,greedy_sps_baseline,infeasible,0,,45.999999,,0.000963,,over budget: E=46.0000 > B=13.8000,0.000963,0.00115,3,0,0
rho\set16\rho_0.3.py,rho,16,rho,0.3,2,5,5,0.5,0.5,0.3,0.6,1.0,0.5,20.699999,40,9,45.999999,68.999998,23.00909,1,1,1016,0,ilp_v2,infeasible,0,,,,0.002948,,,0.002948,0.005229,3,0,0
rho\set16\rho_0.3.py,rho,16,rho,0.3,2,5,5,0.5,0.5,0.3,0.6,1.0,0.5,20.699999,40,9,45.999999,68.999998,23.00909,1,1,1016,0,ilp_v3,infeasible,0,,,,0.00446,,,0.00446,0.005142,3,0,0
rho\set16\rho_0.3.py,rho,16,rho,0.3,2,5,5,0.5,0.5,0.3,0.6,1.0,0.5,20.699999,40,9,45.999999,68.999998,23.00909,1,1,1016,0,ilp_v4,infeasible,0,,,,0.004644,,,0.004644,0.004974,3,0,0
rho\set16\rho_0.3.py,rho,16,rho,0.3,2,5,5,0.5,0.5,0.3,0.6,1.0,0.5,20.699999,40,9,45.999999,68.999998,23.00909,1,1,1016,0,greedy_sps_baseline,infeasible,0,,45.999999,,0.00058,,over budget: E=46.0000 > B=20.7000,0.00058,0.000669,3,0,0
rho\set16\rho_0.4.py,rho,16,rho,0.4,2,5,5,0.5,0.5,0.4,0.6,1.0,0.5,27.599999,40,9,45.999999,68.999998,23.00909,1,1,1016,0,ilp_v2,optimal,1,20.13981,27.59145,0.729929,0.022252,0.0,,0.022252,0.023772,3,0,0
rho\set16\rho_0.4.py,rho,16,rho,0.4,2,5,5,0.5,0.5,0.4,0.6,1.0,0.5,27.599999,40,9,45.999999,68.999998,23.00909,1,1,1016,0,ilp_v3,optimal,1,23.29662,27.599692,0.84409,0.056617,0.0,,0.056617,0.065921,3,0,0
rho\set16\rho_0.4.py,rho,16,rho,0.4,2,5,5,0.5,0.5,0.4,0.6,1.0,0.5,27.599999,40,9,45.999999,68.999998,23.00909,1,1,1016,0,ilp_v4,optimal,1,27.196333,27.599596,0.985389,0.174415,0.0,,0.174415,0.182093,3,0,0
rho\set16\rho_0.4.py,rho,16,rho,0.4,2,5,5,0.5,0.5,0.4,0.6,1.0,0.5,27.599999,40,9,45.999999,68.999998,23.00909,1,1,1016,0,greedy_sps_baseline,infeasible,0,,45.999999,,0.000464,,over budget: E=46.0000 > B=27.6000,0.000464,0.000667,3,0,0
rho\set16\rho_0.5.py,rho,16,rho,0.5,2,5,5,0.5,0.5,0.5,0.6,1.0,0.5,34.499999,40,9,45.999999,68.999998,23.00909,1,1,1016,0,ilp_v2,optimal,1,47.886473,34.499286,1.388042,0.050668,8.6e-05,,0.050668,0.053028,3,0,0
rho\set16\rho_0.5.py,rho,16,rho,0.5,2,5,5,0.5,0.5,0.5,0.6,1.0,0.5,34.499999,40,9,45.999999,68.999998,23.00909,1,1,1016,0,ilp_v3,optimal,1,45.847039,34.498532,1.328956,0.063352,5.9e-05,,0.063352,0.066594,3,0,0
rho\set16\rho_0.5.py,rho,16,rho,0.5,2,5,5,0.5,0.5,0.5,0.6,1.0,0.5,34.499999,40,9,45.999999,68.999998,23.00909,1,1,1016,0,ilp_v4,optimal,1,47.886473,34.499286,1.388042,0.081364,8.6e-05,,0.081364,0.085868,3,0,0
rho\set16\rho_0.5.py,rho,16,rho,0.5,2,5,5,0.5,0.5,0.5,0.6,1.0,0.5,34.499999,40,9,45.999999,68.999998,23.00909,1,1,1016,0,greedy_sps_baseline,infeasible,0,,45.999999,,0.000538,,over budget: E=46.0000 > B=34.5000,0.000538,0.000683,3,0,0
rho\set16\rho_0.6.py,rho,16,rho,0.6,2,5,5,0.5,0.5,0.6,0.6,1.0,0.5,41.399999,40,9,45.999999,68.999998,23.00909,1,1,1016,0,ilp_v2,optimal,1,59.766227,41.399469,1.443647,0.067387,0.0,,0.067387,0.072909,3,0,0
rho\set16\rho_0.6.py,rho,16,rho,0.6,2,5,5,0.5,0.5,0.6,0.6,1.0,0.5,41.399999,40,9,45.999999,68.999998,23.00909,1,1,1016,0,ilp_v3,optimal,1,60.474083,41.390884,1.461048,0.080948,0.0,,0.080948,0.088313,3,0,0
rho\set16\rho_0.6.py,rho,16,rho,0.6,2,5,5,0.5,0.5,0.6,0.6,1.0,0.5,41.399999,40,9,45.999999,68.999998,23.00909,1,1,1016,0,ilp_v4,optimal,1,60.801531,41.397031,1.468741,0.092118,0.0,,0.092118,0.099896,3,0,0
rho\set16\rho_0.6.py,rho,16,rho,0.6,2,5,5,0.5,0.5,0.6,0.6,1.0,0.5,41.399999,40,9,45.999999,68.999998,23.00909,1,1,1016,0,greedy_sps_baseline,infeasible,0,,45.999999,,0.000543,,over budget: E=46.0000 > B=41.4000,0.000543,0.000685,3,0,0
rho\set16\rho_0.7.py,rho,16,rho,0.7,2,5,5,0.5,0.5,0.7,0.6,1.0,0.5,48.299998,40,9,45.999999,68.999998,23.00909,1,1,1016,0,ilp_v2,optimal,1,67.256489,48.20406,1.395245,0.042987,8e-06,,0.042987,0.049785,3,0,0
rho\set16\rho_0.7.py,rho,16,rho,0.7,2,5,5,0.5,0.5,0.7,0.6,1.0,0.5,48.299998,40,9,45.999999,68.999998,23.00909,1,1,1016,0,ilp_v3,optimal,1,68.584669,48.150334,1.424386,0.072188,0.0,,0.072188,0.077575,3,0,0
rho\set16\rho_0.7.py,rho,16,rho,0.7,2,5,5,0.5,0.5,0.7,0.6,1.0,0.5,48.299998,40,9,45.999999,68.999998,23.00909,1,1,1016,0,ilp_v4,optimal,1,70.864006,48.218042,1.469657,0.031331,0.0,,0.031331,0.047617,3,0,0
rho\set16\rho_0.7.py,rho,16,rho,0.7,2,5,5,0.5,0.5,0.7,0.6,1.0,0.5,48.299998,40,9,45.999999,68.999998,23.00909,1,1,1016,0,greedy_sps_baseline,solved,1,8.10293,48.299722,0.167763,0.001376,,,0.001376,0.001534,3,0,0
rho\set16\rho_0.8.py,rho,16,rho,0.8,2,5,5,0.5,0.5,0.8,0.6,1.0,0.5,55.199998,40,9,45.999999,68.999998,23.00909,1,1,1016,0,ilp_v2,optimal,1,70.864006,54.301007,1.305022,0.006227,0.0,,0.006227,0.007944,3,0,0
rho\set16\rho_0.8.py,rho,16,rho,0.8,2,5,5,0.5,0.5,0.8,0.6,1.0,0.5,55.199998,40,9,45.999999,68.999998,23.00909,1,1,1016,0,ilp_v3,optimal,1,70.864006,48.92557,1.448404,0.005995,0.0,,0.005995,0.01213,3,0,0
rho\set16\rho_0.8.py,rho,16,rho,0.8,2,5,5,0.5,0.5,0.8,0.6,1.0,0.5,55.199998,40,9,45.999999,68.999998,23.00909,1,1,1016,0,ilp_v4,optimal,1,70.864006,52.360443,1.353388,0.037727,0.0,,0.037727,0.040493,3,0,0
rho\set16\rho_0.8.py,rho,16,rho,0.8,2,5,5,0.5,0.5,0.8,0.6,1.0,0.5,55.199998,40,9,45.999999,68.999998,23.00909,1,1,1016,0,greedy_sps_baseline,solved,1,34.439872,55.193282,0.623987,0.002521,,,0.002521,0.002678,3,0,0
rho\set16\rho_0.9.py,rho,16,rho,0.9,2,5,5,0.5,0.5,0.9,0.6,1.0,0.5,62.099998,40,9,45.999999,68.999998,23.00909,1,1,1016,0,ilp_v2,optimal,1,70.864006,56.892235,1.245583,0.007176,0.0,,0.007176,0.008858,3,0,0
rho\set16\rho_0.9.py,rho,16,rho,0.9,2,5,5,0.5,0.5,0.9,0.6,1.0,0.5,62.099998,40,9,45.999999,68.999998,23.00909,1,1,1016,0,ilp_v3,optimal,1,70.864006,55.902747,1.26763,0.011257,0.0,,0.011257,0.012974,3,0,0
rho\set16\rho_0.9.py,rho,16,rho,0.9,2,5,5,0.5,0.5,0.9,0.6,1.0,0.5,62.099998,40,9,45.999999,68.999998,23.00909,1,1,1016,0,ilp_v4,optimal,1,70.864006,56.892235,1.245583,0.019428,0.0,,0.019428,0.021442,3,0,0
rho\set16\rho_0.9.py,rho,16,rho,0.9,2,5,5,0.5,0.5,0.9,0.6,1.0,0.5,62.099998,40,9,45.999999,68.999998,23.00909,1,1,1016,0,greedy_sps_baseline,solved,1,50.382423,60.478537,0.833063,0.003036,,,0.003036,0.003272,3,0,0
rho\set16\rho_1.py,rho,16,rho,1,2,5,5,0.5,0.5,1.0,0.6,1.0,0.5,68.999998,40,9,45.999999,68.999998,23.00909,1,1,1016,0,ilp_v2,optimal,1,70.864006,68.999998,1.027015,0.003195,0.0,,0.003195,0.005327,3,0,0
rho\set16\rho_1.py,rho,16,rho,1,2,5,5,0.5,0.5,1.0,0.6,1.0,0.5,68.999998,40,9,45.999999,68.999998,23.00909,1,1,1016,0,ilp_v3,optimal,1,70.864006,68.999998,1.027015,0.003267,0.0,,0.003267,0.003548,3,0,0
rho\set16\rho_1.py,rho,16,rho,1,2,5,5,0.5,0.5,1.0,0.6,1.0,0.5,68.999998,40,9,45.999999,68.999998,23.00909,1,1,1016,0,ilp_v4,optimal,1,70.864006,68.999998,1.027015,0.008354,0.0,,0.008354,0.014309,3,0,0
rho\set16\rho_1.py,rho,16,rho,1,2,5,5,0.5,0.5,1.0,0.6,1.0,0.5,68.999998,40,9,45.999999,68.999998,23.00909,1,1,1016,0,greedy_sps_baseline,solved,1,70.864006,68.999998,1.027015,0.003373,,,0.003373,0.004042,3,0,0
rho\set17\rho_0.2.py,rho,17,rho,0.2,2,5,5,0.5,0.5,0.2,0.6,1.0,0.5,13.800001,40,13,46.000002,69.000007,21.433334,1,1,1017,0,ilp_v2,infeasible,0,,,,0.004948,,,0.004948,0.007896,3,0,0
rho\set17\rho_0.2.py,rho,17,rho,0.2,2,5,5,0.5,0.5,0.2,0.6,1.0,0.5,13.800001,40,13,46.000002,69.000007,21.433334,1,1,1017,0,ilp_v3,infeasible,0,,,,0.006422,,,0.006422,0.007147,3,0,0
rho\set17\rho_0.2.py,rho,17,rho,0.2,2,5,5,0.5,0.5,0.2,0.6,1.0,0.5,13.800001,40,13,46.000002,69.000007,21.433334,1,1,1017,0,ilp_v4,infeasible,0,,,,0.006789,,,0.006789,0.007198,3,0,0
rho\set17\rho_0.2.py,rho,17,rho,0.2,2,5,5,0.5,0.5,0.2,0.6,1.0,0.5,13.800001,40,13,46.000002,69.000007,21.433334,1,1,1017,0,greedy_sps_baseline,infeasible,0,,46.000002,,0.000639,,over budget: E=46.0000 > B=13.8000,0.000639,0.000733,3,0,0
rho\set17\rho_0.3.py,rho,17,rho,0.3,2,5,5,0.5,0.5,0.3,0.6,1.0,0.5,20.700002,40,13,46.000002,69.000007,21.433334,1,1,1017,0,ilp_v2,infeasible,0,,,,0.007161,,,0.007161,0.008309,3,0,0
rho\set17\rho_0.3.py,rho,17,rho,0.3,2,5,5,0.5,0.5,0.3,0.6,1.0,0.5,20.700002,40,13,46.000002,69.000007,21.433334,1,1,1017,0,ilp_v3,infeasible,0,,,,0.007084,,,0.007084,0.007534,3,0,0
rho\set17\rho_0.3.py,rho,17,rho,0.3,2,5,5,0.5,0.5,0.3,0.6,1.0,0.5,20.700002,40,13,46.000002,69.000007,21.433334,1,1,1017,0,ilp_v4,infeasible,0,,,,0.007054,,,0.007054,0.01007,3,0,0
rho\set17\rho_0.3.py,rho,17,rho,0.3,2,5,5,0.5,0.5,0.3,0.6,1.0,0.5,20.700002,40,13,46.000002,69.000007,21.433334,1,1,1017,0,greedy_sps_baseline,infeasible,0,,46.000002,,0.000622,,over budget: E=46.0000 > B=20.7000,0.000622,0.000949,3,0,0
rho\set17\rho_0.4.py,rho,17,rho,0.4,2,5,5,0.5,0.5,0.4,0.6,1.0,0.5,27.600003,40,13,46.000002,69.000007,21.433334,1,1,1017,0,ilp_v2,optimal,1,10.264099,27.52331,0.372924,0.048666,0.0,,0.048666,0.056801,3,0,0
rho\set17\rho_0.4.py,rho,17,rho,0.4,2,5,5,0.5,0.5,0.4,0.6,1.0,0.5,27.600003,40,13,46.000002,69.000007,21.433334,1,1,1017,0,ilp_v3,optimal,1,9.770696,27.595744,0.354065,0.211382,0.0,,0.211382,0.281985,3,0,0
rho\set17\rho_0.4.py,rho,17,rho,0.4,2,5,5,0.5,0.5,0.4,0.6,1.0,0.5,27.600003,40,13,46.000002,69.000007,21.433334,1,1,1017,0,ilp_v4,optimal,1,10.264099,27.52331,0.372924,0.153895,0.0,,0.153895,0.18094,3,0,0
rho\set17\rho_0.4.py,rho,17,rho,0.4,2,5,5,0.5,0.5,0.4,0.6,1.0,0.5,27.600003,40,13,46.000002,69.000007,21.433334,1,1,1017,0,greedy_sps_baseline,infeasible,0,,46.000002,,0.000796,,over budget: E=46.0000 > B=27.6000,0.000796,0.001058,3,0,0
rho\set17\rho_0.5.py,rho,17,rho,0.5,2,5,5,0.5,0.5,0.5,0.6,1.0,0.5,34.500003,40,13,46.000002,69.000007,21.433334,1,1,1017,0,ilp_v2,optimal,1,19.599235,34.477819,0.568459,0.054622,0.0,,0.054622,0.05882,3,0,0
rho\set17\rho_0.5.py,rho,17,rho,0.5,2,5,5,0.5,0.5,0.5,0.6,1.0,0.5,34.500003,40,13,46.000002,69.000007,21.433334,1,1,1017,0,ilp_v3,optimal,1,19.354636,34.488221,0.561196,0.195531,0.0,,0.195531,0.238008,3,0,0
rho\set17\rho_0.5.py,rho,17,rho,0.5,2,5,5,0.5,0.5,0.5,0.6,1.0,0.5,34.500003,40,13,46.000002,69.000007,21.433334,1,1,1017,0,ilp_v4,optimal,1,20.953062,34.322037,0.610484,0.421543,0.0,,0.421543,0.639896,3,0,0
rho\set17\rho_0.5.py,rho,17,rho,0.5,2,5,5,0.5,0.5,0.5,0.6,1.0,0.5,34.500003,40,13,46.000002,69.000007,21.433334,1,1,1017,0,greedy_sps_baseline,infeasible,0,,46.000002,,0.000817,,over budget: E=46.0000 > B=34.5000,0.000817,0.001549,3,0,0
rho\set17\rho_0.6.py,rho,17,rho,0.6,2,5,5,0.5,0.5,0.6,0.6,1.0,0.5,41.400004,40,13,46.000002,69.000007,21.433334,1,1,1017,0,ilp_v2,optimal,1,24.692124,41.393468,0.596522,0.073115,0.0,,0.073115,0.089784,3,0,0
rho\set17\rho_0.6.py,rho,17,rho,0.6,2,5,5,0.5,0.5,0.6,0.6,1.0,0.5,41.400004,40,13,46.000002,69.000007,21.433334,1,1,1017,0,ilp_v3,optimal,1,24.692124,41.393468,0.596522,0.064042,0.0,,0.064042,0.068535,3,0,0
rho\set17\rho_0.6.py,rho,17,rho,0.6,2,5,5,0.5,0.5,0.6,0.6,1.0,0.5,41.400004,40,13,46.000002,69.000007,21.433334,1,1,1017,0,ilp_v4,optimal,1,25.267056,41.382348,0.610576,0.344741,0.0,,0.344741,0.397921,3,0,0
rho\set17\rho_0.6.py,rho,17,rho,0.6,2,5,5,0.5,0.5,0.6,0.6,1.0,0.5,41.400004,40,13,46.000002,69.000007,21.433334,1,1,1017,0,greedy_sps_baseline,infeasible,0,,46.000002,,0.000826,,over budget: E=46.0000 > B=41.4000,0.000826,0.000989,3,0,0
rho\set17\rho_0.7.py,rho,17,rho,0.7,2,5,5,0.5,0.5,0.7,0.6,1.0,0.5,48.300005,40,13,46.000002,69.000007,21.433334,1,1,1017,0,ilp_v2,optimal,1,29.253064,48.18032,0.607158,0.057229,0.0,,0.057229,0.064083,3,0,0
rho\set17\rho_0.7.py,rho,17,rho,0.7,2,5,5,0.5,0.5,0.7,0.6,1.0,0.5,48.300005,40,13,46.000002,69.000007,21.433334,1,1,1017,0,ilp_v3,optimal,1,28.547921,48.164902,0.592712,0.034938,0.0,,0.034938,0.046874,3,0,0
rho\set17\rho_0.7.py,rho,17,rho,0.7,2,5,5,0.5,0.5,0.7,0.6,1.0,0.5,48.300005,40,13,46.000002,69.000007,21.433334,1,1,1017,0,ilp_v4,optimal,1,29.606724,48.153686,0.614838,0.652573,0.0,,0.652573,0.668321,3,0,0
rho\set17\rho_0.7.py,rho,17,rho,0.7,2,5,5,0.5,0.5,0.7,0.6,1.0,0.5,48.300005,40,13,46.000002,69.000007,21.433334,1,1,1017,0,greedy_sps_baseline,solved,1,4.017408,48.180285,0.083383,0.003168,,,0.003168,0.005053,3,0,0
rho\set17\rho_0.8.py,rho,17,rho,0.8,2,5,5,0.5,0.5,0.8,0.6,1.0,0.5,55.200006,40,13,46.000002,69.000007,21.433334,1,1,1017,0,ilp_v2,optimal,1,31.506561,55.06724,0.572147,0.034421,0.0,,0.034421,0.055595,3,0,0
rho\set17\rho_0.8.py,rho,17,rho,0.8,2,5,5,0.5,0.5,0.8,0.6,1.0,0.5,55.200006,40,13,46.000002,69.000007,21.433334,1,1,1017,0,ilp_v3,optimal,1,31.950065,54.247115,0.588973,0.019964,0.0,,0.019964,0.025354,3,0,0
rho\set17\rho_0.8.py,rho,17,rho,0.8,2,5,5,0.5,0.5,0.8,0.6,1.0,0.5,55.200006,40,13,46.000002,69.000007,21.433334,1,1,1017,0,ilp_v4,optimal,1,31.950065,54.027532,0.591366,0.075924,0.0,,0.075924,0.099857,3,0,0
rho\set17\rho_0.8.py,rho,17,rho,0.8,2,5,5,0.5,0.5,0.8,0.6,1.0,0.5,55.200006,40,13,46.000002,69.000007,21.433334,1,1,1017,0,greedy_sps_baseline,solved,1,15.208482,55.149625,0.275768,0.004246,,,0.004246,0.006037,3,0,0
rho\set17\rho_0.9.py,rho,17,rho,0.9,2,5,5,0.5,0.5,0.9,0.6,1.0,0.5,62.100006,40,13,46.000002,69.000007,21.433334,1,1,1017,0,ilp_v2,optimal,1,31.950065,60.904521,0.524593,0.00961,0.0,,0.00961,0.019502,3,0,0
rho\set17\rho_0.9.py,rho,17,rho,0.9,2,5,5,0.5,0.5,0.9,0.6,1.0,0.5,62.100006,40,13,46.000002,69.000007,21.433334,1,1,1017,0,ilp_v3,optimal,1,31.950065,56.712544,0.563369,0.011852,0.0,,0.011852,0.016144,3,0,0
rho\set17\rho_0.9.py,rho,17,rho,0.9,2,5,5,0.5,0.5,0.9,0.6,1.0,0.5,62.100006,40,13,46.000002,69.000007,21.433334,1,1,1017,0,ilp_v4,optimal,1,31.950065,60.904521,0.524593,0.031957,0.0,,0.031957,0.046693,3,0,0
rho\set17\rho_0.9.py,rho,17,rho,0.9,2,5,5,0.5,0.5,0.9,0.6,1.0,0.5,62.100006,40,13,46.000002,69.000007,21.433334,1,1,1017,0,greedy_sps_baseline,solved,1,23.850058,61.903948,0.385275,0.003838,,,0.003838,0.004895,3,0,0
rho\set17\rho_1.py,rho,17,rho,1,2,5,5,0.5,0.5,1.0,0.6,1.0,0.5,69.000007,40,13,46.000002,69.000007,21.433334,1,1,1017,0,ilp_v2,optimal,1,31.950065,69.000007,0.463044,0.005506,0.0,,0.005506,0.005667,3,0,0
rho\set17\rho_1.py,rho,17,rho,1,2,5,5,0.5,0.5,1.0,0.6,1.0,0.5,69.000007,40,13,46.000002,69.000007,21.433334,1,1,1017,0,ilp_v3,optimal,1,31.950065,69.000007,0.463044,0.005147,0.0,,0.005147,0.005309,3,0,0
rho\set17\rho_1.py,rho,17,rho,1,2,5,5,0.5,0.5,1.0,0.6,1.0,0.5,69.000007,40,13,46.000002,69.000007,21.433334,1,1,1017,0,ilp_v4,optimal,1,31.950065,69.000007,0.463044,0.018565,0.0,,0.018565,0.022848,3,0,0
rho\set17\rho_1.py,rho,17,rho,1,2,5,5,0.5,0.5,1.0,0.6,1.0,0.5,69.000007,40,13,46.000002,69.000007,21.433334,1,1,1017,0,greedy_sps_baseline,solved,1,31.950065,69.000007,0.463044,0.005047,,,0.005047,0.010541,3,0,0
rho\set18\rho_0.2.py,rho,18,rho,0.2,2,5,5,0.5,0.5,0.2,0.6,1.0,0.5,13.800001,40,10,46.000003,69.000005,22.042859,1,1,1018,0,ilp_v2,infeasible,0,,,,0.004305,,,0.004305,0.005685,3,0,0
rho\set18\rho_0.2.py,rho,18,rho,0.2,2,5,5,0.5,0.5,0.2,0.6,1.0,0.5,13.800001,40,10,46.000003,69.000005,22.042859,1,1,1018,0,ilp_v3,infeasible,0,,,,0.003989,,,0.003989,0.004281,3,0,0
rho\set18\rho_0.2.py,rho,18,rho,0.2,2,5,5,0.5,0.5,0.2,0.6,1.0,0.5,13.800001,40,10,46.000003,69.000005,22.042859,1,1,1018,0,ilp_v4,infeasible,0,,,,0.003938,,,0.003938,0.004323,3,0,0
rho\set18\rho_0.2.py,rho,18,rho,0.2,2,5,5,0.5,0.5,0.2,0.6,1.0,0.5,13.800001,40,10,46.000003,69.000005,22.042859,1,1,1018,0,greedy_sps_baseline,infeasible,0,,46.000003,,0.000515,,over budget: E=46.0000 > B=13.8000,0.000515,0.000588,3,0,0
rho\set18\rho_0.3.py,rho,18,rho,0.3,2,5,5,0.5,0.5,0.3,0.6,1.0,0.5,20.700001,40,10,46.000003,69.000005,22.042859,1,1,1018,0,ilp_v2,infeasible,0,,,,0.003806,,,0.003806,0.00418,3,0,0
rho\set18\rho_0.3.py,rho,18,rho,0.3,2,5,5,0.5,0.5,0.3,0.6,1.0,0.5,20.700001,40,10,46.000003,69.000005,22.042859,1,1,1018,0,ilp_v3,infeasible,0,,,,0.003963,,,0.003963,0.004089,3,0,0
rho\set18\rho_0.3.py,rho,18,rho,0.3,2,5,5,0.5,0.5,0.3,0.6,1.0,0.5,20.700001,40,10,46.000003,69.000005,22.042859,1,1,1018,0,ilp_v4,infeasible,0,,,,0.004209,,,0.004209,0.004254,3,0,0
rho\set18\rho_0.3.py,rho,18,rho,0.3,2,5,5,0.5,0.5,0.3,0.6,1.0,0.5,20.700001,40,10,46.000003,69.000005,22.042859,1,1,1018,0,greedy_sps_baseline,infeasible,0,,46.000003,,0.000561,,over budget: E=46.0000 > B=20.7000,0.000561,0.00064,3,0,0
rho\set18\rho_0.4.py,rho,18,rho,0.4,2,5,5,0.5,0.5,0.4,0.6,1.0,0.5,27.600002,40,10,46.000003,69.000005,22.042859,1,1,1018,0,ilp_v2,optimal,1,8.98232,27.583732,0.325638,0.007623,0.0,,0.007623,0.011576,3,0,0
rho\set18\rho_0.4.py,rho,18,rho,0.4,2,5,5,0.5,0.5,0.4,0.6,1.0,0.5,27.600002,40,10,46.000003,69.000005,22.042859,1,1,1018,0,ilp_v3,optimal,1,8.98232,27.583732,0.325638,0.008783,0.0,,0.008783,0.011557,3,0,0
rho\set18\rho_0.4.py,rho,18,rho,0.4,2,5,5,0.5,0.5,0.4,0.6,1.0,0.5,27.600002,40,10,46.000003,69.000005,22.042859,1,1,1018,0,ilp_v4,optimal,1,18.840137,27.52577,0.684454,0.084478,0.0,,0.084478,0.092066,3,0,0
rho\set18\rho_0.4.py,rho,18,rho,0.4,2,5,5,0.5,0.5,0.4,0.6,1.0,0.5,27.600002,40,10,46.000003,69.000005,22.042859,1,1,1018,0,greedy_sps_baseline,infeasible,0,,46.000003,,0.000524,,over budget: E=46.0000 > B=27.6000,0.000524,0.00063,3,0,0
rho\set18\rho_0.5.py,rho,18,rho,0.5,2,5,5,0.5,0.5,0.5,0.6,1.0,0.5,34.500002,40,10,46.000003,69.000005,22.042859,1,1,1018,0,ilp_v2,optimal,1,28.683089,34.483559,0.83179,0.022278,0.0,,0.022278,0.024891,3,0,0
rho\set18\rho_0.5.py,rho,18,rho,0.5,2,5,5,0.5,0.5,0.5,0.6,1.0,0.5,34.500002,40,10,46.000003,69.000005,22.042859,1,1,1018,0,ilp_v3,optimal,1,27.772014,34.399803,0.807331,0.019849,0.0,,0.019849,0.021102,3,0,0
rho\set18\rho_0.5.py,rho,18,rho,0.5,2,5,5,0.5,0.5,0.5,0.6,1.0,0.5,34.500002,40,10,46.000003,69.000005,22.042859,1,1,1018,0,ilp_v4,optimal,1,40.434039,34.483764,1.172553,0.067575,0.0,,0.067575,0.073739,3,0,0
rho\set18\rho_0.5.py,rho,18,rho,0.5,2,5,5,0.5,0.5,0.5,0.6,1.0,0.5,34.500002,40,10,46.000003,69.000005,22.042859,1,1,1018,0,greedy_sps_baseline,infeasible,0,,46.000003,,0.00049,,over budget: E=46.0000 > B=34.5000,0.00049,0.000642,3,0,0
rho\set18\rho_0.6.py,rho,18,rho,0.6,2,5,5,0.5,0.5,0.6,0.6,1.0,0.5,41.400003,40,10,46.000003,69.000005,22.042859,1,1,1018,0,ilp_v2,optimal,1,45.809259,41.394486,1.106651,0.031119,0.0,,0.031119,0.032554,3,0,0
rho\set18\rho_0.6.py,rho,18,rho,0.6,2,5,5,0.5,0.5,0.6,0.6,1.0,0.5,41.400003,40,10,46.000003,69.000005,22.042859,1,1,1018,0,ilp_v3,optimal,1,45.809259,41.394486,1.106651,0.032074,0.0,,0.032074,0.035083,3,0,0
rho\set18\rho_0.6.py,rho,18,rho,0.6,2,5,5,0.5,0.5,0.6,0.6,1.0,0.5,41.400003,40,10,46.000003,69.000005,22.042859,1,1,1018,0,ilp_v4,optimal,1,58.810503,41.266871,1.425126,0.106464,0.0,,0.106464,0.110262,3,0,0
rho\set18\rho_0.6.py,rho,18,rho,0.6,2,5,5,0.5,0.5,0.6,0.6,1.0,0.5,41.400003,40,10,46.000003,69.000005,22.042859,1,1,1018,0,greedy_sps_baseline,infeasible,0,,46.000003,,0.00055,,over budget: E=46.0000 > B=41.4000,0.00055,0.000707,3,0,0
rho\set18\rho_0.7.py,rho,18,rho,0.7,2,5,5,0.5,0.5,0.7,0.6,1.0,0.5,48.300003,40,10,46.000003,69.000005,22.042859,1,1,1018,0,ilp_v2,optimal,1,58.487215,48.284449,1.211305,0.036089,0.0,,0.036089,0.046489,3,0,0
rho\set18\rho_0.7.py,rho,18,rho,0.7,2,5,5,0.5,0.5,0.7,0.6,1.0,0.5,48.300003,40,10,46.000003,69.000005,22.042859,1,1,1018,0,ilp_v3,optimal,1,51.737774,48.17859,1.073875,0.02375,0.0,,0.02375,0.032372,3,0,0
rho\set18\rho_0.7.py,rho,18,rho,0.7,2,5,5,0.5,0.5,0.7,0.6,1.0,0.5,48.300003,40,10,46.000003,69.000005,22.042859,1,1,1018,0,ilp_v4,optimal,1,69.227291,48.253242,1.434666,0.047342,0.0,,0.047342,0.062039,3,0,0
rho\set18\rho_0.7.py,rho,18,rho,0.7,2,5,5,0.5,0.5,0.7,0.6,1.0,0.5,48.300003,40,10,46.000003,69.000005,22.042859,1,1,1018,0,greedy_sps_baseline,solved,1,8.25506,48.216191,0.171209,0.0013,,,0.0013,0.001509,3,0,0
rho\set18\rho_0.8.py,rho,18,rho,0.8,2,5,5,0.5,0.5,0.8,0.6,1.0,0.5,55.200004,40,10,46.000003,69.000005,22.042859,1,1,1018,0,ilp_v2,optimal,1,66.714795,54.886648,1.215501,0.016035,0.0,,0.016035,0.016336,3,0,0
rho\set18\rho_0.8.py,rho,18,rho,0.8,2,5,5,0.5,0.5,0.8,0.6,1.0,0.5,55.200004,40,10,46.000003,69.000005,22.042859,1,1,1018,0,ilp_v3,optimal,1,57.784005,54.950758,1.05156,0.016113,0.0,,0.016113,0.016945,3,0,0
rho\set18\rho_0.8.py,rho,18,rho,0.8,2,5,5,0.5,0.5,0.8,0.6,1.0,0.5,55.200004,40,10,46.000003,69.000005,22.042859,1,1,1018,0,ilp_v4,optimal,1,69.608041,52.225229,1.332843,0.030425,0.0,,0.030425,0.048254,3,0,0
rho\set18\rho_0.8.py,rho,18,rho,0.8,2,5,5,0.5,0.5,0.8,0.6,1.0,0.5,55.200004,40,10,46.000003,69.000005,22.042859,1,1,1018,0,greedy_sps_baseline,solved,1,30.504784,55.138199,0.553242,0.000888,,,0.000888,0.001042,3,0,0
rho\set18\rho_0.9.py,rho,18,rho,0.9,2,5,5,0.5,0.5,0.9,0.6,1.0,0.5,62.100004,40,10,46.000003,69.000005,22.042859,1,1,1018,0,ilp_v2,optimal,1,69.608041,60.138441,1.157463,0.008611,0.0,,0.008611,0.011165,3,0,0
rho\set18\rho_0.9.py,rho,18,rho,0.9,2,5,5,0.5,0.5,0.9,0.6,1.0,0.5,62.100004,40,10,46.000003,69.000005,22.042859,1,1,1018,0,ilp_v3,optimal,1,69.608041,59.940772,1.16128,0.008915,0.0,,0.008915,0.009405,3,0,0
rho\set18\rho_0.9.py,rho,18,rho,0.9,2,5,5,0.5,0.5,0.9,0.6,1.0,0.5,62.100004,40,10,46.000003,69.000005,22.042859,1,1,1018,0,ilp_v4,optimal,1,69.608041,61.067914,1.139846,0.034082,0.0,,0.034082,0.037546,3,0,0
rho\set18\rho_0.9.py,rho,18,rho,0.9,2,5,5,0.5,0.5,0.9,0.6,1.0,0.5,62.100004,40,10,46.000003,69.000005,22.042859,1,1,1018,0,greedy_sps_baseline,solved,1,52.456916,61.957447,0.84666,0.001738,,,0.001738,0.001916,3,0,0
rho\set18\rho_1.py,rho,18,rho,1,2,5,5,0.5,0.5,1.0,0.6,1.0,0.5,69.000005,40,10,46.000003,69.000005,22.042859,1,1,1018,0,ilp_v2,optimal,1,69.608041,68.507638,1.016062,0.002964,0.0,,0.002964,0.00352,3,0,0
rho\set18\rho_1.py,rho,18,rho,1,2,5,5,0.5,0.5,1.0,0.6,1.0,0.5,69.000005,40,10,46.000003,69.000005,22.042859,1,1,1018,0,ilp_v3,optimal,1,69.608041,65.846948,1.057119,0.004317,0.0,,0.004317,0.005921,3,0,0
rho\set18\rho_1.py,rho,18,rho,1,2,5,5,0.5,0.5,1.0,0.6,1.0,0.5,69.000005,40,10,46.000003,69.000005,22.042859,1,1,1018,0,ilp_v4,optimal,1,69.608041,68.507638,1.016062,0.008479,0.0,,0.008479,0.016151,3,0,0
rho\set18\rho_1.py,rho,18,rho,1,2,5,5,0.5,0.5,1.0,0.6,1.0,0.5,69.000005,40,10,46.000003,69.000005,22.042859,1,1,1018,0,greedy_sps_baseline,solved,1,69.608041,69.000005,1.008812,0.001441,,,0.001441,0.001576,3,0,0
rho\set19\rho_0.2.py,rho,19,rho,0.2,2,5,5,0.5,0.5,0.2,0.6,1.0,0.5,13.8,40,9,46.0,69.0,21.433333,1,1,1019,0,ilp_v2,infeasible,0,,,,0.001689,,,0.001689,0.003059,3,0,0
rho\set19\rho_0.2.py,rho,19,rho,0.2,2,5,5,0.5,0.5,0.2,0.6,1.0,0.5,13.8,40,9,46.0,69.0,21.433333,1,1,1019,0,ilp_v3,infeasible,0,,,,0.001834,,,0.001834,0.002161,3,0,0
rho\set19\rho_0.2.py,rho,19,rho,0.2,2,5,5,0.5,0.5,0.2,0.6,1.0,0.5,13.8,40,9,46.0,69.0,21.433333,1,1,1019,0,ilp_v4,infeasible,0,,,,0.003144,,,0.003144,0.004353,3,0,0
rho\set19\rho_0.2.py,rho,19,rho,0.2,2,5,5,0.5,0.5,0.2,0.6,1.0,0.5,13.8,40,9,46.0,69.0,21.433333,1,1,1019,0,greedy_sps_baseline,infeasible,0,,46.0,,0.000501,,over budget: E=46.0000 > B=13.8000,0.000501,0.00056,3,0,0
rho\set19\rho_0.3.py,rho,19,rho,0.3,2,5,5,0.5,0.5,0.3,0.6,1.0,0.5,20.7,40,9,46.0,69.0,21.433333,1,1,1019,0,ilp_v2,infeasible,0,,,,0.001851,,,0.001851,0.002251,3,0,0
rho\set19\rho_0.3.py,rho,19,rho,0.3,2,5,5,0.5,0.5,0.3,0.6,1.0,0.5,20.7,40,9,46.0,69.0,21.433333,1,1,1019,0,ilp_v3,infeasible,0,,,,0.001681,,,0.001681,0.001772,3,0,0
rho\set19\rho_0.3.py,rho,19,rho,0.3,2,5,5,0.5,0.5,0.3,0.6,1.0,0.5,20.7,40,9,46.0,69.0,21.433333,1,1,1019,0,ilp_v4,infeasible,0,,,,0.002485,,,0.002485,0.004522,3,0,0
rho\set19\rho_0.3.py,rho,19,rho,0.3,2,5,5,0.5,0.5,0.3,0.6,1.0,0.5,20.7,40,9,46.0,69.0,21.433333,1,1,1019,0,greedy_sps_baseline,infeasible,0,,46.0,,0.000601,,over budget: E=46.0000 > B=20.7000,0.000601,0.000829,3,0,0
rho\set19\rho_0.4.py,rho,19,rho,0.4,2,5,5,0.5,0.5,0.4,0.6,1.0,0.5,27.6,40,9,46.0,69.0,21.433333,1,1,1019,0,ilp_v2,infeasible,0,,,,0.00237,,,0.00237,0.003642,3,0,0
rho\set19\rho_0.4.py,rho,19,rho,0.4,2,5,5,0.5,0.5,0.4,0.6,1.0,0.5,27.6,40,9,46.0,69.0,21.433333,1,1,1019,0,ilp_v3,optimal,1,9.147753,25.104624,0.364385,0.008434,0.0,,0.008434,0.009375,3,0,0
rho\set19\rho_0.4.py,rho,19,rho,0.4,2,5,5,0.5,0.5,0.4,0.6,1.0,0.5,27.6,40,9,46.0,69.0,21.433333,1,1,1019,0,ilp_v4,infeasible,0,,,,0.006423,,,0.006423,0.007496,3,0,0
rho\set19\rho_0.4.py,rho,19,rho,0.4,2,5,5,0.5,0.5,0.4,0.6,1.0,0.5,27.6,40,9,46.0,69.0,21.433333,1,1,1019,0,greedy_sps_baseline,infeasible,0,,46.0,,0.000495,,over budget: E=46.0000 > B=27.6000,0.000495,0.000573,3,0,0
rho\set19\rho_0.5.py,rho,19,rho,0.5,2,5,5,0.5,0.5,0.5,0.6,1.0,0.5,34.5,40,9,46.0,69.0,21.433333,1,1,1019,0,ilp_v2,infeasible,0,,,,0.001917,,,0.001917,0.002189,3,0,0
rho\set19\rho_0.5.py,rho,19,rho,0.5,2,5,5,0.5,0.5,0.5,0.6,1.0,0.5,34.5,40,9,46.0,69.0,21.433333,1,1,1019,0,ilp_v3,optimal,1,21.996028,33.84248,0.649953,0.008427,0.0,,0.008427,0.009129,3,0,0
rho\set19\rho_0.5.py,rho,19,rho,0.5,2,5,5,0.5,0.5,0.5,0.6,1.0,0.5,34.5,40,9,46.0,69.0,21.433333,1,1,1019,0,ilp_v4,infeasible,0,,,,0.007073,,,0.007073,0.008788,3,0,0
rho\set19\rho_0.5.py,rho,19,rho,0.5,2,5,5,0.5,0.5,0.5,0.6,1.0,0.5,34.5,40,9,46.0,69.0,21.433333,1,1,1019,0,greedy_sps_baseline,infeasible,0,,46.0,,0.000504,,over budget: E=46.0000 > B=34.5000,0.000504,0.000616,3,0,0
rho\set19\rho_0.6.py,rho,19,rho,0.6,2,5,5,0.5,0.5,0.6,0.6,1.0,0.5,41.4,40,9,46.0,69.0,21.433333,1,1,1019,0,ilp_v2,optimal,1,16.923935,38.693117,0.437389,0.008028,0.0,,0.008028,0.009876,3,0,0
rho\set19\rho_0.6.py,rho,19,rho,0.6,2,5,5,0.5,0.5,0.6,0.6,1.0,0.5,41.4,40,9,46.0,69.0,21.433333,1,1,1019,0,ilp_v3,optimal,1,27.585631,39.69832,0.694882,0.009458,0.0,,0.009458,0.010637,3,0,0
rho\set19\rho_0.6.py,rho,19,rho,0.6,2,5,5,0.5,0.5,0.6,0.6,1.0,0.5,41.4,40,9,46.0,69.0,21.433333,1,1,1019,0,ilp_v4,optimal,1,27.585631,39.519626,0.698024,0.033167,0.0,,0.033167,0.036431,3,0,0
rho\set19\rho_0.6.py,rho,19,rho,0.6,2,5,5,0.5,0.5,0.6,0.6,1.0,0.5,41.4,40,9,46.0,69.0,21.433333,1,1,1019,0,greedy_sps_baseline,infeasible,0,,46.0,,0.000533,,over budget: E=46.0000 > B=41.4000,0.000533,0.000655,3,0,0
rho\set19\rho_0.7.py,rho,19,rho,0.7,2,5,5,0.5,0.5,0.7,0.6,1.0,0.5,48.3,40,9,46.0,69.0,21.433333,1,1,1019,0,ilp_v2,optimal,1,27.585631,43.237225,0.638007,0.006368,0.0,,0.006368,0.009233,3,0,0
rho\set19\rho_0.7.py,rho,19,rho,0.7,2,5,5,0.5,0.5,0.7,0.6,1.0,0.5,48.3,40,9,46.0,69.0,21.433333,1,1,1019,0,ilp_v3,optimal,1,30.401264,45.248697,0.67187,0.010924,0.0,,0.010924,0.012812,3,0,0
rho\set19\rho_0.7.py,rho,19,rho,0.7,2,5,5,0.5,0.5,0.7,0.6,1.0,0.5,48.3,40,9,46.0,69.0,21.433333,1,1,1019,0,ilp_v4,optimal,1,38.247327,48.007623,0.796693,0.01873,0.0,,0.01873,0.022656,3,0,0
rho\set19\rho_0.7.py,rho,19,rho,0.7,2,5,5,0.5,0.5,0.7,0.6,1.0,0.5,48.3,40,9,46.0,69.0,21.433333,1,1,1019,0,greedy_sps_baseline,solved,1,2.743291,46.76446,0.058662,0.000929,,,0.000929,0.001129,3,0,0
rho\set19\rho_0.8.py,rho,19,rho,0.8,2,5,5,0.5,0.5,0.8,0.6,1.0,0.5,55.2,40,9,46.0,69.0,21.433333,1,1,1019,0,ilp_v2,optimal,1,38.247327,52.124532,0.733768,0.006109,0.0,,0.006109,0.008178,3,0,0
rho\set19\rho_0.8.py,rho,19,rho,0.8,2,5,5,0.5,0.5,0.8,0.6,1.0,0.5,55.2,40,9,46.0,69.0,21.433333,1,1,1019,0,ilp_v3,optimal,1,38.247327,51.85237,0.73762,0.008084,0.0,,0.008084,0.00893,3,0,0
rho\set19\rho_0.8.py,rho,19,rho,0.8,2,5,5,0.5,0.5,0.8,0.6,1.0,0.5,55.2,40,9,46.0,69.0,21.433333,1,1,1019,0,ilp_v4,optimal,1,38.247327,51.85237,0.73762,0.014108,0.0,,0.014108,0.028514,3,0,0
rho\set19\rho_0.8.py,rho,19,rho,0.8,2,5,5,0.5,0.5,0.8,0.6,1.0,0.5,55.2,40,9,46.0,69.0,21.433333,1,1,1019,0,greedy_sps_baseline,solved,1,24.066683,55.002685,0.437555,0.001524,,,0.001524,0.001808,3,0,0
rho\set19\rho_0.9.py,rho,19,rho,0.9,2,5,5,0.5,0.5,0.9,0.6,1.0,0.5,62.1,40,9,46.0,69.0,21.433333,1,1,1019,0,ilp_v2,optimal,1,39.488946,62.09812,0.635912,0.005355,0.0,,0.005355,0.009538,3,0,0
rho\set19\rho_0.9.py,rho,19,rho,0.9,2,5,5,0.5,0.5,0.9,0.6,1.0,0.5,62.1,40,9,46.0,69.0,21.433333,1,1,1019,0,ilp_v3,optimal,1,39.488946,62.09812,0.635912,0.005107,0.0,,0.005107,0.005894,3,0,0
rho\set19\rho_0.9.py,rho,19,rho,0.9,2,5,5,0.5,0.5,0.9,0.6,1.0,0.5,62.1,40,9,46.0,69.0,21.433333,1,1,1019,0,ilp_v4,optimal,1,47.82184,60.321597,0.792781,0.007284,0.0,,0.007284,0.009479,3,0,0
rho\set19\rho_0.9.py,rho,19,rho,0.9,2,5,5,0.5,0.5,0.9,0.6,1.0,0.5,62.1,40,9,46.0,69.0,21.433333,1,1,1019,0,greedy_sps_baseline,solved,1,38.247327,61.187122,0.625088,0.001275,,,0.001275,0.001426,3,0,0
rho\set19\rho_1.py,rho,19,rho,1,2,5,5,0.5,0.5,1.0,0.6,1.0,0.5,69.0,40,9,46.0,69.0,21.433333,1,1,1019,0,ilp_v2,optimal,1,45.635261,68.341742,0.667751,0.00418,0.0,,0.00418,0.004987,3,0,0
rho\set19\rho_1.py,rho,19,rho,1,2,5,5,0.5,0.5,1.0,0.6,1.0,0.5,69.0,40,9,46.0,69.0,21.433333,1,1,1019,0,ilp_v3,optimal,1,47.82184,68.929038,0.693784,0.002375,0.0,,0.002375,0.00429,3,0,0
rho\set19\rho_1.py,rho,19,rho,1,2,5,5,0.5,0.5,1.0,0.6,1.0,0.5,69.0,40,9,46.0,69.0,21.433333,1,1,1019,0,ilp_v4,optimal,1,47.82184,69.0,0.69307,0.0056,0.0,,0.0056,0.009895,3,0,0
rho\set19\rho_1.py,rho,19,rho,1,2,5,5,0.5,0.5,1.0,0.6,1.0,0.5,69.0,40,9,46.0,69.0,21.433333,1,1,1019,0,greedy_sps_baseline,solved,1,38.247327,61.187122,0.625088,0.00131,,,0.00131,0.001393,3,0,0
rho\set20\rho_0.2.py,rho,20,rho,0.2,2,5,5,0.5,0.5,0.2,0.6,1.0,0.5,13.8,40,13,45.999999,68.999998,22.042857,1,1,1020,0,ilp_v2,infeasible,0,,,,0.007065,,,0.007065,0.011235,3,0,0
rho\set20\rho_0.2.py,rho,20,rho,0.2,2,5,5,0.5,0.5,0.2,0.6,1.0,0.5,13.8,40,13,45.999999,68.999998,22.042857,1,1,1020,0,ilp_v3,infeasible,0,,,,0.006404,,,0.006404,0.007257,3,0,0
rho\set20\rho_0.2.py,rho,20,rho,0.2,2,5,5,0.5,0.5,0.2,0.6,1.0,0.5,13.8,40,13,45.999999,68.999998,22.042857,1,1,1020,0,ilp_v4,infeasible,0,,,,0.006468,,,0.006468,0.007907,3,0,0
rho\set20\rho_0.2.py,rho,20,rho,0.2,2,5,5,0.5,0.5,0.2,0.6,1.0,0.5,13.8,40,13,45.999999,68.999998,22.042857,1,1,1020,0,greedy_sps_baseline,infeasible,0,,45.999999,,0.000635,,over budget: E=46.0000 > B=13.8000,0.000635,0.00074,3,0,0
rho\set20\rho_0.3.py,rho,20,rho,0.3,2,5,5,0.5,0.5,0.3,0.6,1.0,0.5,20.699999,40,13,45.999999,68.999998,22.042857,1,1,1020,0,ilp_v2,infeasible,0,,,,0.006791,,,0.006791,0.007383,3,0,0
rho\set20\rho_0.3.py,rho,20,rho,0.3,2,5,5,0.5,0.5,0.3,0.6,1.0,0.5,20.699999,40,13,45.999999,68.999998,22.042857,1,1,1020,0,ilp_v3,infeasible,0,,,,0.006726,,,0.006726,0.007887,3,0,0
rho\set20\rho_0.3.py,rho,20,rho,0.3,2,5,5,0.5,0.5,0.3,0.6,1.0,0.5,20.699999,40,13,45.999999,68.999998,22.042857,1,1,1020,0,ilp_v4,infeasible,0,,,,0.006722,,,0.006722,0.007504,3,0,0
rho\set20\rho_0.3.py,rho,20,rho,0.3,2,5,5,0.5,0.5,0.3,0.6,1.0,0.5,20.699999,40,13,45.999999,68.999998,22.042857,1,1,1020,0,greedy_sps_baseline,infeasible,0,,45.999999,,0.000666,,over budget: E=46.0000 > B=20.7000,0.000666,0.001122,3,0,0
rho\set20\rho_0.4.py,rho,20,rho,0.4,2,5,5,0.5,0.5,0.4,0.6,1.0,0.5,27.599999,40,13,45.999999,68.999998,22.042857,1,1,1020,0,ilp_v2,optimal,1,24.575915,27.593399,0.890645,0.115493,0.0,,0.115493,0.122222,3,0,0
rho\set20\rho_0.4.py,rho,20,rho,0.4,2,5,5,0.5,0.5,0.4,0.6,1.0,0.5,27.599999,40,13,45.999999,68.999998,22.042857,1,1,1020,0,ilp_v3,optimal,1,21.252816,27.599573,0.770041,0.200766,0.0,,0.200766,0.238487,3,0,0
rho\set20\rho_0.4.py,rho,20,rho,0.4,2,5,5,0.5,0.5,0.4,0.6,1.0,0.5,27.599999,40,13,45.999999,68.999998,22.042857,1,1,1020,0,ilp_v4,optimal,1,24.542549,27.598216,0.88928,0.337433,0.0,,0.337433,0.374576,3,0,0
rho\set20\rho_0.4.py,rho,20,rho,0.4,2,5,5,0.5,0.5,0.4,0.6,1.0,0.5,27.599999,40,13,45.999999,68.999998,22.042857,1,1,1020,0,greedy_sps_baseline,infeasible,0,,45.999999,,0.000942,,over budget: E=46.0000 > B=27.6000,0.000942,0.001039,3,0,0
rho\set20\rho_0.5.py,rho,20,rho,0.5,2,5,5,0.5,0.5,0.5,0.6,1.0,0.5,34.499999,40,13,45.999999,68.999998,22.042857,1,1,1020,0,ilp_v2,optimal,1,42.672026,34.443725,1.238891,0.03959,0.0,,0.03959,0.045884,3,0,0
rho\set20\rho_0.5.py,rho,20,rho,0.5,2,5,5,0.5,0.5,0.5,0.6,1.0,0.5,34.499999,40,13,45.999999,68.999998,22.042857,1,1,1020,0,ilp_v3,optimal,1,41.36194,34.47221,1.199863,0.131132,0.0,,0.131132,0.165419,3,0,0
rho\set20\rho_0.5.py,rho,20,rho,0.5,2,5,5,0.5,0.5,0.5,0.6,1.0,0.5,34.499999,40,13,45.999999,68.999998,22.042857,1,1,1020,0,ilp_v4,optimal,1,44.416859,34.463628,1.288804,0.307442,0.0,,0.307442,0.384566,3,0,0
rho\set20\rho_0.5.py,rho,20,rho,0.5,2,5,5,0.5,0.5,0.5,0.6,1.0,0.5,34.499999,40,13,45.999999,68.999998,22.042857,1,1,1020,0,greedy_sps_baseline,infeasible,0,,45.999999,,0.00071,,over budget: E=46.0000 > B=34.5000,0.00071,0.000889,3,0,0
rho\set20\rho_0.6.py,rho,20,rho,0.6,2,5,5,0.5,0.5,0.6,0.6,1.0,0.5,41.399999,40,13,45.999999,68.999998,22.042857,1,1,1020,0,ilp_v2,optimal,1,48.814198,41.399038,1.179114,0.237915,0.0,,0.237915,0.244781,3,0,0
rho\set20\rho_0.6.py,rho,20,rho,0.6,2,5,5,0.5,0.5,0.6,0.6,1.0,0.5,41.399999,40,13,45.999999,68.999998,22.042857,1,1,1020,0,ilp_v3,optimal,1,50.779037,41.218728,1.231941,0.046713,0.0,,0.046713,0.06389,3,0,0
rho\set20\rho_0.6.py,rho,20,rho,0.6,2,5,5,0.5,0.5,0.6,0.6,1.0,0.5,41.399999,40,13,45.999999,68.999998,22.042857,1,1,1020,0,ilp_v4,optimal,1,49.077077,41.377219,1.186089,0.409356,0.0,,0.409356,0.682498,3,0,0
rho\set20\rho_0.6.py,rho,20,rho,0.6,2,5,5,0.5,0.5,0.6,0.6,1.0,0.5,41.399999,40,13,45.999999,68.999998,22.042857,1,1,1020,0,greedy_sps_baseline,infeasible,0,,45.999999,,0.001478,,over budget: E=46.0000 > B=41.4000,0.001478,0.001729,3,0,0
rho\set20\rho_0.7.py,rho,20,rho,0.7,2,5,5,0.5,0.5,0.7,0.6,1.0,0.5,48.299998,40,13,45.999999,68.999998,22.042857,1,1,1020,0,ilp_v2,optimal,1,54.862412,48.253095,1.136972,0.060995,0.0,,0.060995,0.068708,3,0,0
rho\set20\rho_0.7.py,rho,20,rho,0.7,2,5,5,0.5,0.5,0.7,0.6,1.0,0.5,48.299998,40,13,45.999999,68.999998,22.042857,1,1,1020,0,ilp_v3,optimal,1,55.967151,48.250308,1.159934,0.099082,7.2e-05,,0.099082,0.105337,3,0,0
rho\set20\rho_0.7.py,rho,20,rho,0.7,2,5,5,0.5,0.5,0.7,0.6,1.0,0.5,48.299998,40,13,45.999999,68.999998,22.042857,1,1,1020,0,ilp_v4,optimal,1,55.934362,48.291091,1.158275,0.168237,0.0,,0.168237,0.261405,3,0,0
rho\set20\rho_0.7.py,rho,20,rho,0.7,2,5,5,0.5,0.5,0.7,0.6,1.0,0.5,48.299998,40,13,45.999999,68.999998,22.042857,1,1,1020,0,greedy_sps_baseline,solved,1,8.508046,48.116547,0.176822,0.004962,,,0.004962,0.005392,3,0,0
rho\set20\rho_0.8.py,rho,20,rho,0.8,2,5,5,0.5,0.5,0.8,0.6,1.0,0.5,55.199998,40,13,45.999999,68.999998,22.042857,1,1,1020,0,ilp_v2,optimal,1,59.388999,55.188295,1.076116,0.023403,0.0,,0.023403,0.024326,3,0,0
rho\set20\rho_0.8.py,rho,20,rho,0.8,2,5,5,0.5,0.5,0.8,0.6,1.0,0.5,55.199998,40,13,45.999999,68.999998,22.042857,1,1,1020,0,ilp_v3,optimal,1,59.388999,54.064418,1.098486,0.014757,0.0,,0.014757,0.015224,3,0,0
rho\set20\rho_0.8.py,rho,20,rho,0.8,2,5,5,0.5,0.5,0.8,0.6,1.0,0.5,55.199998,40,13,45.999999,68.999998,22.042857,1,1,1020,0,ilp_v4,optimal,1,59.388999,55.188295,1.076116,0.057795,0.0,,0.057795,0.065322,3,0,0
rho\set20\rho_0.8.py,rho,20,rho,0.8,2,5,5,0.5,0.5,0.8,0.6,1.0,0.5,55.199998,40,13,45.999999,68.999998,22.042857,1,1,1020,0,greedy_sps_baseline,solved,1,33.867339,54.910798,0.61677,0.006641,,,0.006641,0.006679,3,0,0
rho\set20\rho_0.9.py,rho,20,rho,0.9,2,5,5,0.5,0.5,0.9,0.6,1.0,0.5,62.099998,40,13,45.999999,68.999998,22.042857,1,1,1020,0,ilp_v2,optimal,1,59.388999,59.108805,1.00474,0.018437,0.0,,0.018437,0.02518,3,0,0
rho\set20\rho_0.9.py,rho,20,rho,0.9,2,5,5,0.5,0.5,0.9,0.6,1.0,0.5,62.099998,40,13,45.999999,68.999998,22.042857,1,1,1020,0,ilp_v3,optimal,1,59.388999,59.643671,0.99573,0.015445,0.0,,0.015445,0.017342,3,0,0
rho\set20\rho_0.9.py,rho,20,rho,0.9,2,5,5,0.5,0.5,0.9,0.6,1.0,0.5,62.099998,40,13,45.999999,68.999998,22.042857,1,1,1020,0,ilp_v4,optimal,1,59.388999,59.108805,1.00474,0.048079,0.0,,0.048079,0.060866,3,0,0
rho\set20\rho_0.9.py,rho,20,rho,0.9,2,5,5,0.5,0.5,0.9,0.6,1.0,0.5,62.099998,40,13,45.999999,68.999998,22.042857,1,1,1020,0,greedy_sps_baseline,solved,1,47.593253,61.40608,0.775058,0.009139,,,0.009139,0.013035,3,0,0
rho\set20\rho_1.py,rho,20,rho,1,2,5,5,0.5,0.5,1.0,0.6,1.0,0.5,68.999998,40,13,45.999999,68.999998,22.042857,1,1,1020,0,ilp_v2,optimal,1,59.388999,68.999998,0.86071,0.008877,0.0,,0.008877,0.011305,3,0,0
rho\set20\rho_1.py,rho,20,rho,1,2,5,5,0.5,0.5,1.0,0.6,1.0,0.5,68.999998,40,13,45.999999,68.999998,22.042857,1,1,1020,0,ilp_v3,optimal,1,59.388999,68.999998,0.86071,0.007281,0.0,,0.007281,0.009404,3,0,0
rho\set20\rho_1.py,rho,20,rho,1,2,5,5,0.5,0.5,1.0,0.6,1.0,0.5,68.999998,40,13,45.999999,68.999998,22.042857,1,1,1020,0,ilp_v4,optimal,1,59.388999,68.999998,0.86071,0.028613,0.0,,0.028613,0.034388,3,0,0
rho\set20\rho_1.py,rho,20,rho,1,2,5,5,0.5,0.5,1.0,0.6,1.0,0.5,68.999998,40,13,45.999999,68.999998,22.042857,1,1,1020,0,greedy_sps_baseline,solved,1,59.388999,68.999998,0.86071,0.006032,,,0.006032,0.008229,3,0,0
rho\set21\rho_0.2.py,rho,21,rho,0.2,2,5,5,0.5,0.5,0.2,0.6,1.0,0.5,13.8,40,10,45.999999,69.000002,21.399999,1,1,1021,0,ilp_v2,infeasible,0,,,,0.003357,,,0.003357,0.007634,3,0,0
rho\set21\rho_0.2.py,rho,21,rho,0.2,2,5,5,0.5,0.5,0.2,0.6,1.0,0.5,13.8,40,10,45.999999,69.000002,21.399999,1,1,1021,0,ilp_v3,infeasible,0,,,,0.002401,,,0.002401,0.002784,3,0,0
rho\set21\rho_0.2.py,rho,21,rho,0.2,2,5,5,0.5,0.5,0.2,0.6,1.0,0.5,13.8,40,10,45.999999,69.000002,21.399999,1,1,1021,0,ilp_v4,infeasible,0,,,,0.004364,,,0.004364,0.005788,3,0,0
rho\set21\rho_0.2.py,rho,21,rho,0.2,2,5,5,0.5,0.5,0.2,0.6,1.0,0.5,13.8,40,10,45.999999,69.000002,21.399999,1,1,1021,0,greedy_sps_baseline,infeasible,0,,45.999999,,0.00062,,over budget: E=46.0000 > B=13.8000,0.00062,0.00089,3,0,0
rho\set21\rho_0.3.py,rho,21,rho,0.3,2,5,5,0.5,0.5,0.3,0.6,1.0,0.5,20.700001,40,10,45.999999,69.000002,21.399999,1,1,1021,0,ilp_v2,infeasible,0,,,,0.00305,,,0.00305,0.004806,3,0,0
rho\set21\rho_0.3.py,rho,21,rho,0.3,2,5,5,0.5,0.5,0.3,0.6,1.0,0.5,20.700001,40,10,45.999999,69.000002,21.399999,1,1,1021,0,ilp_v3,infeasible,0,,,,0.002399,,,0.002399,0.002809,3,0,0
rho\set21\rho_0.3.py,rho,21,rho,0.3,2,5,5,0.5,0.5,0.3,0.6,1.0,0.5,20.700001,40,10,45.999999,69.000002,21.399999,1,1,1021,0,ilp_v4,infeasible,0,,,,0.002999,,,0.002999,0.003381,3,0,0
rho\set21\rho_0.3.py,rho,21,rho,0.3,2,5,5,0.5,0.5,0.3,0.6,1.0,0.5,20.700001,40,10,45.999999,69.000002,21.399999,1,1,1021,0,greedy_sps_baseline,infeasible,0,,45.999999,,0.000324,,over budget: E=46.0000 > B=20.7000,0.000324,0.000468,3,0,0
rho\set21\rho_0.4.py,rho,21,rho,0.4,2,5,5,0.5,0.5,0.4,0.6,1.0,0.5,27.600001,40,10,45.999999,69.000002,21.399999,1,1,1021,0,ilp_v2,optimal,1,17.863505,27.5995,0.64724,0.032147,0.0,,0.032147,0.040239,3,0,0
rho\set21\rho_0.4.py,rho,21,rho,0.4,2,5,5,0.5,0.5,0.4,0.6,1.0,0.5,27.600001,40,10,45.999999,69.000002,21.399999,1,1,1021,0,ilp_v3,optimal,1,17.863505,27.5995,0.64724,0.04149,0.0,,0.04149,0.041643,3,0,0
rho\set21\rho_0.4.py,rho,21,rho,0.4,2,5,5,0.5,0.5,0.4,0.6,1.0,0.5,27.600001,40,10,45.999999,69.000002,21.399999,1,1,1021,0,ilp_v4,optimal,1,19.542858,27.592511,0.708267,0.180321,0.0,,0.180321,0.204041,3,0,0
rho\set21\rho_0.4.py,rho,21,rho,0.4,2,5,5,0.5,0.5,0.4,0.6,1.0,0.5,27.600001,40,10,45.999999,69.000002,21.399999,1,1,1021,0,greedy_sps_baseline,infeasible,0,,45.999999,,0.000558,,over budget: E=46.0000 > B=27.6000,0.000558,0.000683,3,0,0
rho\set21\rho_0.5.py,rho,21,rho,0.5,2,5,5,0.5,0.5,0.5,0.6,1.0,0.5,34.500001,40,10,45.999999,69.000002,21.399999,1,1,1021,0,ilp_v2,optimal,1,39.812445,34.377138,1.158108,0.03139,0.0,,0.03139,0.034944,3,0,0
rho\set21\rho_0.5.py,rho,21,rho,0.5,2,5,5,0.5,0.5,0.5,0.6,1.0,0.5,34.500001,40,10,45.999999,69.000002,21.399999,1,1,1021,0,ilp_v3,optimal,1,44.540078,34.499901,1.29102,0.082472,0.0,,0.082472,0.08644,3,0,0
rho\set21\rho_0.5.py,rho,21,rho,0.5,2,5,5,0.5,0.5,0.5,0.6,1.0,0.5,34.500001,40,10,45.999999,69.000002,21.399999,1,1,1021,0,ilp_v4,optimal,1,45.393479,34.482678,1.316414,0.212476,0.0,,0.212476,0.242649,3,0,0
rho\set21\rho_0.5.py,rho,21,rho,0.5,2,5,5,0.5,0.5,0.5,0.6,1.0,0.5,34.500001,40,10,45.999999,69.000002,21.399999,1,1,1021,0,greedy_sps_baseline,infeasible,0,,45.999999,,0.000516,,over budget: E=46.0000 > B=34.5000,0.000516,0.000742,3,0,0
rho\set21\rho_0.6.py,rho,21,rho,0.6,2,5,5,0.5,0.5,0.6,0.6,1.0,0.5,41.400001,40,10,45.999999,69.000002,21.399999,1,1,1021,0,ilp_v2,optimal,1,48.687698,41.381333,1.176562,0.071086,0.0,,0.071086,0.081255,3,0,0
rho\set21\rho_0.6.py,rho,21,rho,0.6,2,5,5,0.5,0.5,0.6,0.6,1.0,0.5,41.400001,40,10,45.999999,69.000002,21.399999,1,1,1021,0,ilp_v3,optimal,1,56.415033,41.289066,1.366343,0.057927,0.0,,0.057927,0.062811,3,0,0
rho\set21\rho_0.6.py,rho,21,rho,0.6,2,5,5,0.5,0.5,0.6,0.6,1.0,0.5,41.400001,40,10,45.999999,69.000002,21.399999,1,1,1021,0,ilp_v4,optimal,1,59.385226,41.235787,1.440138,0.103688,0.0,,0.103688,0.118622,3,0,0
rho\set21\rho_0.6.py,rho,21,rho,0.6,2,5,5,0.5,0.5,0.6,0.6,1.0,0.5,41.400001,40,10,45.999999,69.000002,21.399999,1,1,1021,0,greedy_sps_baseline,infeasible,0,,45.999999,,0.000706,,over budget: E=46.0000 > B=41.4000,0.000706,0.000916,3,0,0
rho\set21\rho_0.7.py,rho,21,rho,0.7,2,5,5,0.5,0.5,0.7,0.6,1.0,0.5,48.300002,40,10,45.999999,69.000002,21.399999,1,1,1021,0,ilp_v2,optimal,1,56.446703,48.246493,1.169965,0.094842,0.0,,0.094842,0.117497,3,0,0
rho\set21\rho_0.7.py,rho,21,rho,0.7,2,5,5,0.5,0.5,0.7,0.6,1.0,0.5,48.300002,40,10,45.999999,69.000002,21.399999,1,1,1021,0,ilp_v3,optimal,1,63.005865,48.201687,1.30713,0.036015,0.0,,0.036015,0.041454,3,0,0
rho\set21\rho_0.7.py,rho,21,rho,0.7,2,5,5,0.5,0.5,0.7,0.6,1.0,0.5,48.300002,40,10,45.999999,69.000002,21.399999,1,1,1021,0,ilp_v4,optimal,1,63.736382,47.084213,1.353668,0.059071,0.0,,0.059071,0.076544,3,0,0
rho\set21\rho_0.7.py,rho,21,rho,0.7,2,5,5,0.5,0.5,0.7,0.6,1.0,0.5,48.300002,40,10,45.999999,69.000002,21.399999,1,1,1021,0,greedy_sps_baseline,solved,1,9.47975,48.258646,0.196436,0.001041,,,0.001041,0.001187,3,0,0
rho\set21\rho_0.8.py,rho,21,rho,0.8,2,5,5,0.5,0.5,0.8,0.6,1.0,0.5,55.200002,40,10,45.999999,69.000002,21.399999,1,1,1021,0,ilp_v2,optimal,1,62.259955,55.107969,1.129781,0.056034,0.0,,0.056034,0.063479,3,0,0
rho\set21\rho_0.8.py,rho,21,rho,0.8,2,5,5,0.5,0.5,0.8,0.6,1.0,0.5,55.200002,40,10,45.999999,69.000002,21.399999,1,1,1021,0,ilp_v3,optimal,1,63.736382,52.145615,1.222277,0.01534,0.0,,0.01534,0.016161,3,0,0
rho\set21\rho_0.8.py,rho,21,rho,0.8,2,5,5,0.5,0.5,0.8,0.6,1.0,0.5,55.200002,40,10,45.999999,69.000002,21.399999,1,1,1021,0,ilp_v4,optimal,1,63.736382,54.887318,1.161222,0.023158,0.0,,0.023158,0.035363,3,0,0
rho\set21\rho_0.8.py,rho,21,rho,0.8,2,5,5,0.5,0.5,0.8,0.6,1.0,0.5,55.200002,40,10,45.999999,69.000002,21.399999,1,1,1021,0,greedy_sps_baseline,solved,1,38.030502,55.195025,0.68902,0.002332,,,0.002332,0.002523,3,0,0
rho\set21\rho_0.9.py,rho,21,rho,0.9,2,5,5,0.5,0.5,0.9,0.6,1.0,0.5,62.100002,40,10,45.999999,69.000002,21.399999,1,1,1021,0,ilp_v2,optimal,1,63.736382,57.89141,1.100964,0.005791,0.0,,0.005791,0.009588,3,0,0
rho\set21\rho_0.9.py,rho,21,rho,0.9,2,5,5,0.5,0.5,0.9,0.6,1.0,0.5,62.100002,40,10,45.999999,69.000002,21.399999,1,1,1021,0,ilp_v3,optimal,1,63.736382,61.702884,1.032956,0.01217,0.0,,0.01217,0.015175,3,0,0
rho\set21\rho_0.9.py,rho,21,rho,0.9,2,5,5,0.5,0.5,0.9,0.6,1.0,0.5,62.100002,40,10,45.999999,69.000002,21.399999,1,1,1021,0,ilp_v4,optimal,1,63.736382,56.28633,1.13236,0.024831,0.0,,0.024831,0.03081,3,0,0
rho\set21\rho_0.9.py,rho,21,rho,0.9,2,5,5,0.5,0.5,0.9,0.6,1.0,0.5,62.100002,40,10,45.999999,69.000002,21.399999,1,1,1021,0,greedy_sps_baseline,solved,1,53.090088,61.956597,0.856892,0.00266,,,0.00266,0.00383,3,0,0
rho\set21\rho_1.py,rho,21,rho,1,2,5,5,0.5,0.5,1.0,0.6,1.0,0.5,69.000002,40,10,45.999999,69.000002,21.399999,1,1,1021,0,ilp_v2,optimal,1,63.736382,62.897069,1.013344,0.005961,0.0,,0.005961,0.009647,3,0,0
rho\set21\rho_1.py,rho,21,rho,1,2,5,5,0.5,0.5,1.0,0.6,1.0,0.5,69.000002,40,10,45.999999,69.000002,21.399999,1,1,1021,0,ilp_v3,optimal,1,63.736382,62.200526,1.024692,0.009592,0.0,,0.009592,0.012712,3,0,0
rho\set21\rho_1.py,rho,21,rho,1,2,5,5,0.5,0.5,1.0,0.6,1.0,0.5,69.000002,40,10,45.999999,69.000002,21.399999,1,1,1021,0,ilp_v4,optimal,1,63.736382,64.420234,0.989385,0.021946,0.0,,0.021946,0.025021,3,0,0
rho\set21\rho_1.py,rho,21,rho,1,2,5,5,0.5,0.5,1.0,0.6,1.0,0.5,69.000002,40,10,45.999999,69.000002,21.399999,1,1,1021,0,greedy_sps_baseline,solved,1,62.990472,68.340514,0.921715,0.002449,,,0.002449,0.004278,3,0,0
rho\set22\rho_0.2.py,rho,22,rho,0.2,2,5,5,0.5,0.5,0.2,0.6,1.0,0.5,13.8,40,9,46.0,68.999998,21.4,1,1,1022,0,ilp_v2,infeasible,0,,,,0.002629,,,0.002629,0.004769,3,0,0
rho\set22\rho_0.2.py,rho,22,rho,0.2,2,5,5,0.5,0.5,0.2,0.6,1.0,0.5,13.8,40,9,46.0,68.999998,21.4,1,1,1022,0,ilp_v3,infeasible,0,,,,0.002584,,,0.002584,0.006486,3,0,0
rho\set22\rho_0.2.py,rho,22,rho,0.2,2,5,5,0.5,0.5,0.2,0.6,1.0,0.5,13.8,40,9,46.0,68.999998,21.4,1,1,1022,0,ilp_v4,infeasible,0,,,,0.0042,,,0.0042,0.005197,3,0,0
rho\set22\rho_0.2.py,rho,22,rho,0.2,2,5,5,0.5,0.5,0.2,0.6,1.0,0.5,13.8,40,9,46.0,68.999998,21.4,1,1,1022,0,greedy_sps_baseline,infeasible,0,,46.0,,0.000499,,over budget: E=46.0000 > B=13.8000,0.000499,0.000611,3,0,0
rho\set22\rho_0.3.py,rho,22,rho,0.3,2,5,5,0.5,0.5,0.3,0.6,1.0,0.5,20.699999,40,9,46.0,68.999998,21.4,1,1,1022,0,ilp_v2,infeasible,0,,,,0.003558,,,0.003558,0.00737,3,0,0
rho\set22\rho_0.3.py,rho,22,rho,0.3,2,5,5,0.5,0.5,0.3,0.6,1.0,0.5,20.699999,40,9,46.0,68.999998,21.4,1,1,1022,0,ilp_v3,infeasible,0,,,,0.004095,,,0.004095,0.004163,3,0,0
rho\set22\rho_0.3.py,rho,22,rho,0.3,2,5,5,0.5,0.5,0.3,0.6,1.0,0.5,20.699999,40,9,46.0,68.999998,21.4,1,1,1022,0,ilp_v4,infeasible,0,,,,0.004285,,,0.004285,0.005628,3,0,0
rho\set22\rho_0.3.py,rho,22,rho,0.3,2,5,5,0.5,0.5,0.3,0.6,1.0,0.5,20.699999,40,9,46.0,68.999998,21.4,1,1,1022,0,greedy_sps_baseline,infeasible,0,,46.0,,0.000539,,over budget: E=46.0000 > B=20.7000,0.000539,0.000755,3,0,0
rho\set22\rho_0.4.py,rho,22,rho,0.4,2,5,5,0.5,0.5,0.4,0.6,1.0,0.5,27.599999,40,9,46.0,68.999998,21.4,1,1,1022,0,ilp_v2,optimal,1,26.232925,27.48507,0.954443,0.049742,0.0,,0.049742,0.058549,3,0,0
rho\set22\rho_0.4.py,rho,22,rho,0.4,2,5,5,0.5,0.5,0.4,0.6,1.0,0.5,27.599999,40,9,46.0,68.999998,21.4,1,1,1022,0,ilp_v3,optimal,1,26.232925,27.48507,0.954443,0.048595,0.0,,0.048595,0.053824,3,0,0
rho\set22\rho_0.4.py,rho,22,rho,0.4,2,5,5,0.5,0.5,0.4,0.6,1.0,0.5,27.599999,40,9,46.0,68.999998,21.4,1,1,1022,0,ilp_v4,optimal,1,28.332634,27.583372,1.027164,0.075081,0.0,,0.075081,0.077963,3,0,0
rho\set22\rho_0.4.py,rho,22,rho,0.4,2,5,5,0.5,0.5,0.4,0.6,1.0,0.5,27.599999,40,9,46.0,68.999998,21.4,1,1,1022,0,greedy_sps_baseline,infeasible,0,,46.0,,0.00051,,over budget: E=46.0000 > B=27.6000,0.00051,0.000641,3,0,0
rho\set22\rho_0.5.py,rho,22,rho,0.5,2,5,5,0.5,0.5,0.5,0.6,1.0,0.5,34.499999,40,9,46.0,68.999998,21.4,1,1,1022,0,ilp_v2,optimal,1,45.797794,34.459944,1.329015,0.014954,0.0,,0.014954,0.015871,3,0,0
rho\set22\rho_0.5.py,rho,22,rho,0.5,2,5,5,0.5,0.5,0.5,0.6,1.0,0.5,34.499999,40,9,46.0,68.999998,21.4,1,1,1022,0,ilp_v3,optimal,1,45.681845,34.294655,1.33204,0.124823,0.0,,0.124823,0.158632,3,0,0
rho\set22\rho_0.5.py,rho,22,rho,0.5,2,5,5,0.5,0.5,0.5,0.6,1.0,0.5,34.499999,40,9,46.0,68.999998,21.4,1,1,1022,0,ilp_v4,optimal,1,45.474202,34.367085,1.323191,0.137344,0.0,,0.137344,0.140801,3,0,0
rho\set22\rho_0.5.py,rho,22,rho,0.5,2,5,5,0.5,0.5,0.5,0.6,1.0,0.5,34.499999,40,9,46.0,68.999998,21.4,1,1,1022,0,greedy_sps_baseline,infeasible,0,,46.0,,0.000988,,over budget: E=46.0000 > B=34.5000,0.000988,0.001179,3,0,0
rho\set22\rho_0.6.py,rho,22,rho,0.6,2,5,5,0.5,0.5,0.6,0.6,1.0,0.5,41.399999,40,9,46.0,68.999998,21.4,1,1,1022,0,ilp_v2,optimal,1,54.770899,41.308373,1.325903,0.057374,0.0,,0.057374,0.069586,3,0,0
rho\set22\rho_0.6.py,rho,22,rho,0.6,2,5,5,0.5,0.5,0.6,0.6,1.0,0.5,41.399999,40,9,46.0,68.999998,21.4,1,1,1022,0,ilp_v3,optimal,1,60.469391,41.290952,1.464471,0.035445,0.0,,0.035445,0.036701,3,0,0
rho\set22\rho_0.6.py,rho,22,rho,0.6,2,5,5,0.5,0.5,0.6,0.6,1.0,0.5,41.399999,40,9,46.0,68.999998,21.4,1,1,1022,0,ilp_v4,optimal,1,60.469395,41.290952,1.464471,0.077918,0.0,,0.077918,0.082493,3,0,0
rho\set22\rho_0.6.py,rho,22,rho,0.6,2,5,5,0.5,0.5,0.6,0.6,1.0,0.5,41.399999,40,9,46.0,68.999998,21.4,1,1,1022,0,greedy_sps_baseline,infeasible,0,,46.0,,0.000522,,over budget: E=46.0000 > B=41.4000,0.000522,0.000678,3,0,0
rho\set22\rho_0.7.py,rho,22,rho,0.7,2,5,5,0.5,0.5,0.7,0.6,1.0,0.5,48.299998,40,9,46.0,68.999998,21.4,1,1,1022,0,ilp_v2,optimal,1,72.579888,48.243795,1.50444,0.030344,0.0,,0.030344,0.034031,3,0,0
rho\set22\rho_0.7.py,rho,22,rho,0.7,2,5,5,0.5,0.5,0.7,0.6,1.0,0.5,48.299998,40,9,46.0,68.999998,21.4,1,1,1022,0,ilp_v3,optimal,1,71.641168,48.295484,1.483393,0.029584,0.0,,0.029584,0.032072,3,0,0
rho\set22\rho_0.7.py,rho,22,rho,0.7,2,5,5,0.5,0.5,0.7,0.6,1.0,0.5,48.299998,40,9,46.0,68.999998,21.4,1,1,1022,0,ilp_v4,optimal,1,71.693517,48.226286,1.486607,0.125732,0.0,,0.125732,0.141754,3,0,0
rho\set22\rho_0.7.py,rho,22,rho,0.7,2,5,5,0.5,0.5,0.7,0.6,1.0,0.5,48.299998,40,9,46.0,68.999998,21.4,1,1,1022,0,greedy_sps_baseline,solved,1,8.666218,48.203505,0.179784,0.001073,,,0.001073,0.00121,3,0,0
rho\set22\rho_0.8.py,rho,22,rho,0.8,2,5,5,0.5,0.5,0.8,0.6,1.0,0.5,55.199998,40,9,46.0,68.999998,21.4,1,1,1022,0,ilp_v2,optimal,1,79.692819,54.37568,1.465597,0.010739,0.0,,0.010739,0.011451,3,0,0
rho\set22\rho_0.8.py,rho,22,rho,0.8,2,5,5,0.5,0.5,0.8,0.6,1.0,0.5,55.199998,40,9,46.0,68.999998,21.4,1,1,1022,0,ilp_v3,optimal,1,79.692819,54.37568,1.465597,0.010758,0.0,,0.010758,0.01236,3,0,0
rho\set22\rho_0.8.py,rho,22,rho,0.8,2,5,5,0.5,0.5,0.8,0.6,1.0,0.5,55.199998,40,9,46.0,68.999998,21.4,1,1,1022,0,ilp_v4,optimal,1,79.692819,54.37568,1.465597,0.02722,0.0,,0.02722,0.027753,3,0,0
rho\set22\rho_0.8.py,rho,22,rho,0.8,2,5,5,0.5,0.5,0.8,0.6,1.0,0.5,55.199998,40,9,46.0,68.999998,21.4,1,1,1022,0,greedy_sps_baseline,solved,1,36.000724,55.13416,0.652966,0.00229,,,0.00229,0.00249,3,0,0
rho\set22\rho_0.9.py,rho,22,rho,0.9,2,5,5,0.5,0.5,0.9,0.6,1.0,0.5,62.099998,40,9,46.0,68.999998,21.4,1,1,1022,0,ilp_v2,optimal,1,79.692819,59.078157,1.348939,0.008278,0.0,,0.008278,0.010224,3,0,0
rho\set22\rho_0.9.py,rho,22,rho,0.9,2,5,5,0.5,0.5,0.9,0.6,1.0,0.5,62.099998,40,9,46.0,68.999998,21.4,1,1,1022,0,ilp_v3,optimal,1,79.692819,59.078157,1.348939,0.009887,0.0,,0.009887,0.010458,3,0,0
rho\set22\rho_0.9.py,rho,22,rho,0.9,2,5,5,0.5,0.5,0.9,0.6,1.0,0.5,62.099998,40,9,46.0,68.999998,21.4,1,1,1022,0,ilp_v4,optimal,1,79.692819,59.078157,1.348939,0.02005,0.0,,0.02005,0.023183,3,0,0
rho\set22\rho_0.9.py,rho,22,rho,0.9,2,5,5,0.5,0.5,0.9,0.6,1.0,0.5,62.099998,40,9,46.0,68.999998,21.4,1,1,1022,0,greedy_sps_baseline,solved,1,60.427066,62.075485,0.973445,0.002767,,,0.002767,0.004304,3,0,0
rho\set22\rho_1.py,rho,22,rho,1,2,5,5,0.5,0.5,1.0,0.6,1.0,0.5,68.999998,40,9,46.0,68.999998,21.4,1,1,1022,0,ilp_v2,optimal,1,79.692819,68.999998,1.154968,0.006406,0.0,,0.006406,0.007863,3,0,0
rho\set22\rho_1.py,rho,22,rho,1,2,5,5,0.5,0.5,1.0,0.6,1.0,0.5,68.999998,40,9,46.0,68.999998,21.4,1,1,1022,0,ilp_v3,optimal,1,79.692819,68.999998,1.154968,0.006663,0.0,,0.006663,0.00702,3,0,0
rho\set22\rho_1.py,rho,22,rho,1,2,5,5,0.5,0.5,1.0,0.6,1.0,0.5,68.999998,40,9,46.0,68.999998,21.4,1,1,1022,0,ilp_v4,optimal,1,79.692819,68.999998,1.154968,0.013773,0.0,,0.013773,0.015552,3,0,0
rho\set22\rho_1.py,rho,22,rho,1,2,5,5,0.5,0.5,1.0,0.6,1.0,0.5,68.999998,40,9,46.0,68.999998,21.4,1,1,1022,0,greedy_sps_baseline,solved,1,79.692819,68.999998,1.154968,0.001751,,,0.001751,0.002109,3,0,0
rho\set23\rho_0.2.py,rho,23,rho,0.2,2,5,5,0.5,0.5,0.2,0.6,1.0,0.5,13.8,40,13,45.999998,68.999999,21.399999,1,1,1023,0,ilp_v2,infeasible,0,,,,0.003216,,,0.003216,0.004329,3,0,0
rho\set23\rho_0.2.py,rho,23,rho,0.2,2,5,5,0.5,0.5,0.2,0.6,1.0,0.5,13.8,40,13,45.999998,68.999999,21.399999,1,1,1023,0,ilp_v3,infeasible,0,,,,0.002786,,,0.002786,0.002955,3,0,0
rho\set23\rho_0.2.py,rho,23,rho,0.2,2,5,5,0.5,0.5,0.2,0.6,1.0,0.5,13.8,40,13,45.999998,68.999999,21.399999,1,1,1023,0,ilp_v4,infeasible,0,,,,0.003337,,,0.003337,0.006413,3,0,0
rho\set23\rho_0.2.py,rho,23,rho,0.2,2,5,5,0.5,0.5,0.2,0.6,1.0,0.5,13.8,40,13,45.999998,68.999999,21.399999,1,1,1023,0,greedy_sps_baseline,infeasible,0,,45.999998,,0.000638,,over budget: E=46.0000 > B=13.8000,0.000638,0.00077,3,0,0
rho\set23\rho_0.3.py,rho,23,rho,0.3,2,5,5,0.5,0.5,0.3,0.6,1.0,0.5,20.7,40,13,45.999998,68.999999,21.399999,1,1,1023,0,ilp_v2,infeasible,0,,,,0.005208,,,0.005208,0.006418,3,0,0
rho\set23\rho_0.3.py,rho,23,rho,0.3,2,5,5,0.5,0.5,0.3,0.6,1.0,0.5,20.7,40,13,45.999998,68.999999,21.399999,1,1,1023,0,ilp_v3,infeasible,0,,,,0.005485,,,0.005485,0.005873,3,0,0
rho\set23\rho_0.3.py,rho,23,rho,0.3,2,5,5,0.5,0.5,0.3,0.6,1.0,0.5,20.7,40,13,45.999998,68.999999,21.399999,1,1,1023,0,ilp_v4,infeasible,0,,,,0.005291,,,0.005291,0.007045,3,0,0
rho\set23\rho_0.3.py,rho,23,rho,0.3,2,5,5,0.5,0.5,0.3,0.6,1.0,0.5,20.7,40,13,45.999998,68.999999,21.399999,1,1,1023,0,greedy_sps_baseline,infeasible,0,,45.999998,,0.000615,,over budget: E=46.0000 > B=20.7000,0.000615,0.000953,3,0,0
rho\set23\rho_0.4.py,rho,23,rho,0.4,2,5,5,0.5,0.5,0.4,0.6,1.0,0.5,27.6,40,13,45.999998,68.999999,21.399999,1,1,1023,0,ilp_v2,optimal,1,16.172522,27.556033,0.586896,0.0951,0.0,,0.0951,0.102556,3,0,0
rho\set23\rho_0.4.py,rho,23,rho,0.4,2,5,5,0.5,0.5,0.4,0.6,1.0,0.5,27.6,40,13,45.999998,68.999999,21.399999,1,1,1023,0,ilp_v3,optimal,1,15.989323,27.591509,0.579502,0.102243,0.0,,0.102243,0.111551,3,0,0
rho\set23\rho_0.4.py,rho,23,rho,0.4,2,5,5,0.5,0.5,0.4,0.6,1.0,0.5,27.6,40,13,45.999998,68.999999,21.399999,1,1,1023,0,ilp_v4,optimal,1,16.391783,27.59094,0.5941,0.289534,0.0,,0.289534,0.405325,3,0,0
rho\set23\rho_0.4.py,rho,23,rho,0.4,2,5,5,0.5,0.5,0.4,0.6,1.0,0.5,27.6,40,13,45.999998,68.999999,21.399999,1,1,1023,0,greedy_sps_baseline,infeasible,0,,45.999998,,0.001705,,over budget: E=46.0000 > B=27.6000,0.001705,0.001834,3,0,0
rho\set23\rho_0.5.py,rho,23,rho,0.5,2,5,5,0.5,0.5,0.5,0.6,1.0,0.5,34.499999,40,13,45.999998,68.999999,21.399999,1,1,1023,0,ilp_v2,optimal,1,36.660707,34.417418,1.065179,0.167795,0.0,,0.167795,0.195771,3,0,0
rho\set23\rho_0.5.py,rho,23,rho,0.5,2,5,5,0.5,0.5,0.5,0.6,1.0,0.5,34.499999,40,13,45.999998,68.999999,21.399999,1,1,1023,0,ilp_v3,optimal,1,40.429336,34.372848,1.1762,0.104946,0.0,,0.104946,0.115487,3,0,0
rho\set23\rho_0.5.py,rho,23,rho,0.5,2,5,5,0.5,0.5,0.5,0.6,1.0,0.5,34.499999,40,13,45.999998,68.999999,21.399999,1,1,1023,0,ilp_v4,optimal,1,43.095424,34.482615,1.249773,0.284951,0.0,,0.284951,0.332903,3,0,0
rho\set23\rho_0.5.py,rho,23,rho,0.5,2,5,5,0.5,0.5,0.5,0.6,1.0,0.5,34.499999,40,13,45.999998,68.999999,21.399999,1,1,1023,0,greedy_sps_baseline,infeasible,0,,45.999998,,0.000609,,over budget: E=46.0000 > B=34.5000,0.000609,0.000784,3,0,0
rho\set23\rho_0.6.py,rho,23,rho,0.6,2,5,5,0.5,0.5,0.6,0.6,1.0,0.5,41.399999,40,13,45.999998,68.999999,21.399999,1,1,1023,0,ilp_v2,optimal,1,51.100736,41.389578,1.234628,0.15434,0.0,,0.15434,0.230948,3,0,0
rho\set23\rho_0.6.py,rho,23,rho,0.6,2,5,5,0.5,0.5,0.6,0.6,1.0,0.5,41.399999,40,13,45.999998,68.999999,21.399999,1,1,1023,0,ilp_v3,optimal,1,53.499507,41.365604,1.293333,0.065628,0.0,,0.065628,0.071623,3,0,0
rho\set23\rho_0.6.py,rho,23,rho,0.6,2,5,5,0.5,0.5,0.6,0.6,1.0,0.5,41.399999,40,13,45.999998,68.999999,21.399999,1,1,1023,0,ilp_v4,optimal,1,55.535215,41.243334,1.346526,0.308782,0.0,,0.308782,0.369094,3,0,0
rho\set23\rho_0.6.py,rho,23,rho,0.6,2,5,5,0.5,0.5,0.6,0.6,1.0,0.5,41.399999,40,13,45.999998,68.999999,21.399999,1,1,1023,0,greedy_sps_baseline,infeasible,0,,45.999998,,0.000878,,over budget: E=46.0000 > B=41.4000,0.000878,0.001039,3,0,0
rho\set23\rho_0.7.py,rho,23,rho,0.7,2,5,5,0.5,0.5,0.7,0.6,1.0,0.5,48.299999,40,13,45.999998,68.999999,21.399999,1,1,1023,0,ilp_v2,optimal,1,63.352033,48.244638,1.313141,0.115272,0.0,,0.115272,0.127899,3,0,0
rho\set23\rho_0.7.py,rho,23,rho,0.7,2,5,5,0.5,0.5,0.7,0.6,1.0,0.5,48.299999,40,13,45.999998,68.999999,21.399999,1,1,1023,0,ilp_v3,optimal,1,63.356271,48.263653,1.312712,0.096518,2.1e-05,,0.096518,0.104547,3,0,0
rho\set23\rho_0.7.py,rho,23,rho,0.7,2,5,5,0.5,0.5,0.7,0.6,1.0,0.5,48.299999,40,13,45.999998,68.999999,21.399999,1,1,1023,0,ilp_v4,optimal,1,67.40008,48.239576,1.397195,0.126938,0.0,,0.126938,0.139907,3,0,0
rho\set23\rho_0.7.py,rho,23,rho,0.7,2,5,5,0.5,0.5,0.7,0.6,1.0,0.5,48.299999,40,13,45.999998,68.999999,21.399999,1,1,1023,0,greedy_sps_baseline,solved,1,7.456686,48.282029,0.15444,0.001453,,,0.001453,0.001573,3,0,0
rho\set23\rho_0.8.py,rho,23,rho,0.8,2,5,5,0.5,0.5,0.8,0.6,1.0,0.5,55.199999,40,13,45.999998,68.999999,21.399999,1,1,1023,0,ilp_v2,optimal,1,67.40008,54.968032,1.226169,0.010803,0.0,,0.010803,0.015151,3,0,0
rho\set23\rho_0.8.py,rho,23,rho,0.8,2,5,5,0.5,0.5,0.8,0.6,1.0,0.5,55.199999,40,13,45.999998,68.999999,21.399999,1,1,1023,0,ilp_v3,optimal,1,67.40008,54.757151,1.230891,0.013907,0.0,,0.013907,0.015529,3,0,0
rho\set23\rho_0.8.py,rho,23,rho,0.8,2,5,5,0.5,0.5,0.8,0.6,1.0,0.5,55.199999,40,13,45.999998,68.999999,21.399999,1,1,1023,0,ilp_v4,optimal,1,67.40008,55.014072,1.225143,0.038727,0.0,,0.038727,0.05572,3,0,0
rho\set23\rho_0.8.py,rho,23,rho,0.8,2,5,5,0.5,0.5,0.8,0.6,1.0,0.5,55.199999,40,13,45.999998,68.999999,21.399999,1,1,1023,0,greedy_sps_baseline,solved,1,29.797874,55.129957,0.540502,0.003491,,,0.003491,0.003661,3,0,0
rho\set23\rho_0.9.py,rho,23,rho,0.9,2,5,5,0.5,0.5,0.9,0.6,1.0,0.5,62.099999,40,13,45.999998,68.999999,21.399999,1,1,1023,0,ilp_v2,optimal,1,67.40008,61.472402,1.096428,0.011251,0.0,,0.011251,0.0121,3,0,0
rho\set23\rho_0.9.py,rho,23,rho,0.9,2,5,5,0.5,0.5,0.9,0.6,1.0,0.5,62.099999,40,13,45.999998,68.999999,21.399999,1,1,1023,0,ilp_v3,optimal,1,66.54232,55.91962,1.189964,0.012507,0.0,,0.012507,0.01484,3,0,0
rho\set23\rho_0.9.py,rho,23,rho,0.9,2,5,5,0.5,0.5,0.9,0.6,1.0,0.5,62.099999,40,13,45.999998,68.999999,21.399999,1,1,1023,0,ilp_v4,optimal,1,67.40008,54.650601,1.233291,0.026636,0.0,,0.026636,0.040509,3,0,0
rho\set23\rho_0.9.py,rho,23,rho,0.9,2,5,5,0.5,0.5,0.9,0.6,1.0,0.5,62.099999,40,13,45.999998,68.999999,21.399999,1,1,1023,0,greedy_sps_baseline,solved,1,50.990029,62.016473,0.822201,0.005179,,,0.005179,0.006082,3,0,0
rho\set23\rho_1.py,rho,23,rho,1,2,5,5,0.5,0.5,1.0,0.6,1.0,0.5,68.999999,40,13,45.999998,68.999999,21.399999,1,1,1023,0,ilp_v2,optimal,1,67.40008,68.999999,0.976813,0.00798,0.0,,0.00798,0.009948,3,0,0
rho\set23\rho_1.py,rho,23,rho,1,2,5,5,0.5,0.5,1.0,0.6,1.0,0.5,68.999999,40,13,45.999998,68.999999,21.399999,1,1,1023,0,ilp_v3,optimal,1,66.54232,68.736503,0.968078,0.007884,0.0,,0.007884,0.008029,3,0,0
rho\set23\rho_1.py,rho,23,rho,1,2,5,5,0.5,0.5,1.0,0.6,1.0,0.5,68.999999,40,13,45.999998,68.999999,21.399999,1,1,1023,0,ilp_v4,optimal,1,67.40008,68.999999,0.976813,0.023757,0.0,,0.023757,0.024396,3,0,0
rho\set23\rho_1.py,rho,23,rho,1,2,5,5,0.5,0.5,1.0,0.6,1.0,0.5,68.999999,40,13,45.999998,68.999999,21.399999,1,1,1023,0,greedy_sps_baseline,solved,1,67.40008,68.999999,0.976813,0.003965,,,0.003965,0.005599,3,0,0
rho\set24\rho_0.2.py,rho,24,rho,0.2,2,5,5,0.5,0.5,0.2,0.6,1.0,0.5,13.8,40,10,46.000001,68.999999,23.009091,1,1,1024,0,ilp_v2,infeasible,0,,,,0.002896,,,0.002896,0.004673,3,0,0
rho\set24\rho_0.2.py,rho,24,rho,0.2,2,5,5,0.5,0.5,0.2,0.6,1.0,0.5,13.8,40,10,46.000001,68.999999,23.009091,1,1,1024,0,ilp_v3,infeasible,0,,,,0.003019,,,0.003019,0.0042,3,0,0
rho\set24\rho_0.2.py,rho,24,rho,0.2,2,5,5,0.5,0.5,0.2,0.6,1.0,0.5,13.8,40,10,46.000001,68.999999,23.009091,1,1,1024,0,ilp_v4,infeasible,0,,,,0.004067,,,0.004067,0.004523,3,0,0
rho\set24\rho_0.2.py,rho,24,rho,0.2,2,5,5,0.5,0.5,0.2,0.6,1.0,0.5,13.8,40,10,46.000001,68.999999,23.009091,1,1,1024,0,greedy_sps_baseline,infeasible,0,,46.000001,,0.000306,,over budget: E=46.0000 > B=13.8000,0.000306,0.000462,3,0,0
rho\set24\rho_0.3.py,rho,24,rho,0.3,2,5,5,0.5,0.5,0.3,0.6,1.0,0.5,20.7,40,10,46.000001,68.999999,23.009091,1,1,1024,0,ilp_v2,infeasible,0,,,,0.003854,,,0.003854,0.004386,3,0,0
rho\set24\rho_0.3.py,rho,24,rho,0.3,2,5,5,0.5,0.5,0.3,0.6,1.0,0.5,20.7,40,10,46.000001,68.999999,23.009091,1,1,1024,0,ilp_v3,infeasible,0,,,,0.003881,,,0.003881,0.004854,3,0,0
rho\set24\rho_0.3.py,rho,24,rho,0.3,2,5,5,0.5,0.5,0.3,0.6,1.0,0.5,20.7,40,10,46.000001,68.999999,23.009091,1,1,1024,0,ilp_v4,infeasible,0,,,,0.003919,,,0.003919,0.004515,3,0,0
rho\set24\rho_0.3.py,rho,24,rho,0.3,2,5,5,0.5,0.5,0.3,0.6,1.0,0.5,20.7,40,10,46.000001,68.999999,23.009091,1,1,1024,0,greedy_sps_baseline,infeasible,0,,46.000001,,0.000547,,over budget: E=46.0000 > B=20.7000,0.000547,0.00072,3,0,0
rho\set24\rho_0.4.py,rho,24,rho,0.4,2,5,5,0.5,0.5,0.4,0.6,1.0,0.5,27.6,40,10,46.000001,68.999999,23.009091,1,1,1024,0,ilp_v2,optimal,1,16.554065,27.359487,0.605058,0.01811,0.0,,0.01811,0.021304,3,0,0
rho\set24\rho_0.4.py,rho,24,rho,0.4,2,5,5,0.5,0.5,0.4,0.6,1.0,0.5,27.6,40,10,46.000001,68.999999,23.009091,1,1,1024,0,ilp_v3,optimal,1,21.055689,27.592134,0.763105,0.019542,0.0,,0.019542,0.020373,3,0,0
rho\set24\rho_0.4.py,rho,24,rho,0.4,2,5,5,0.5,0.5,0.4,0.6,1.0,0.5,27.6,40,10,46.000001,68.999999,23.009091,1,1,1024,0,ilp_v4,optimal,1,28.421063,27.592556,1.030026,0.121573,0.0,,0.121573,0.127511,3,0,0
rho\set24\rho_0.4.py,rho,24,rho,0.4,2,5,5,0.5,0.5,0.4,0.6,1.0,0.5,27.6,40,10,46.000001,68.999999,23.009091,1,1,1024,0,greedy_sps_baseline,infeasible,0,,46.000001,,0.000632,,over budget: E=46.0000 > B=27.6000,0.000632,0.000708,3,0,0
rho\set24\rho_0.5.py,rho,24,rho,0.5,2,5,5,0.5,0.5,0.5,0.6,1.0,0.5,34.499999,40,10,46.000001,68.999999,23.009091,1,1,1024,0,ilp_v2,optimal,1,31.234409,34.498913,0.905374,0.075771,0.0,,0.075771,0.078603,3,0,0
rho\set24\rho_0.5.py,rho,24,rho,0.5,2,5,5,0.5,0.5,0.5,0.6,1.0,0.5,34.499999,40,10,46.000001,68.999999,23.009091,1,1,1024,0,ilp_v3,optimal,1,31.656381,34.48292,0.918031,0.026426,0.0,,0.026426,0.027538,3,0,0
rho\set24\rho_0.5.py,rho,24,rho,0.5,2,5,5,0.5,0.5,0.5,0.6,1.0,0.5,34.499999,40,10,46.000001,68.999999,23.009091,1,1,1024,0,ilp_v4,optimal,1,32.660164,33.888717,0.963747,0.032901,0.0,,0.032901,0.045406,3,0,0
rho\set24\rho_0.5.py,rho,24,rho,0.5,2,5,5,0.5,0.5,0.5,0.6,1.0,0.5,34.499999,40,10,46.000001,68.999999,23.009091,1,1,1024,0,greedy_sps_baseline,infeasible,0,,46.000001,,0.000269,,over budget: E=46.0000 > B=34.5000,0.000269,0.000366,3,0,0
rho\set24\rho_0.6.py,rho,24,rho,0.6,2,5,5,0.5,0.5,0.6,0.6,1.0,0.5,41.399999,40,10,46.000001,68.999999,23.009091,1,1,1024,0,ilp_v2,optimal,1,38.348299,40.930184,0.93692,0.075796,0.0,,0.075796,0.083562,3,0,0
rho\set24\rho_0.6.py,rho,24,rho,0.6,2,5,5,0.5,0.5,0.6,0.6,1.0,0.5,41.399999,40,10,46.000001,68.999999,23.009091,1,1,1024,0,ilp_v3,optimal,1,48.349216,41.3662,1.16881,0.030411,0.0,,0.030411,0.032297,3,0,0
rho\set24\rho_0.6.py,rho,24,rho,0.6,2,5,5,0.5,0.5,0.6,0.6,1.0,0.5,41.399999,40,10,46.000001,68.999999,23.009091,1,1,1024,0,ilp_v4,optimal,1,50.228905,41.16671,1.220134,0.053937,0.0,,0.053937,0.055528,3,0,0
rho\set24\rho_0.6.py,rho,24,rho,0.6,2,5,5,0.5,0.5,0.6,0.6,1.0,0.5,41.399999,40,10,46.000001,68.999999,23.009091,1,1,1024,0,greedy_sps_baseline,infeasible,0,,46.000001,,0.000276,,over budget: E=46.0000 > B=41.4000,0.000276,0.000398,3,0,0
rho\set24\rho_0.7.py,rho,24,rho,0.7,2,5,5,0.5,0.5,0.7,0.6,1.0,0.5,48.299999,40,10,46.000001,68.999999,23.009091,1,1,1024,0,ilp_v2,optimal,1,50.228905,47.211224,1.063919,0.008757,0.0,,0.008757,0.010234,3,0,0
rho\set24\rho_0.7.py,rho,24,rho,0.7,2,5,5,0.5,0.5,0.7,0.6,1.0,0.5,48.299999,40,10,46.000001,68.999999,23.009091,1,1,1024,0,ilp_v3,optimal,1,50.228905,47.990095,1.046651,0.008721,0.0,,0.008721,0.011129,3,0,0
rho\set24\rho_0.7.py,rho,24,rho,0.7,2,5,5,0.5,0.5,0.7,0.6,1.0,0.5,48.299999,40,10,46.000001,68.999999,23.009091,1,1,1024,0,ilp_v4,optimal,1,50.228905,45.433648,1.105544,0.027365,0.0,,0.027365,0.029053,3,0,0
rho\set24\rho_0.7.py,rho,24,rho,0.7,2,5,5,0.5,0.5,0.7,0.6,1.0,0.5,48.299999,40,10,46.000001,68.999999,23.009091,1,1,1024,0,greedy_sps_baseline,solved,1,9.617383,48.273193,0.199228,0.000582,,,0.000582,0.000819,3,0,0
rho\set24\rho_0.8.py,rho,24,rho,0.8,2,5,5,0.5,0.5,0.8,0.6,1.0,0.5,55.199999,40,10,46.000001,68.999999,23.009091,1,1,1024,0,ilp_v2,optimal,1,58.657372,54.978588,1.066913,0.044485,6.6e-05,,0.044485,0.052796,3,0,0
rho\set24\rho_0.8.py,rho,24,rho,0.8,2,5,5,0.5,0.5,0.8,0.6,1.0,0.5,55.199999,40,10,46.000001,68.999999,23.009091,1,1,1024,0,ilp_v3,optimal,1,58.836206,55.123045,1.067361,0.039797,0.0,,0.039797,0.040208,3,0,0
rho\set24\rho_0.8.py,rho,24,rho,0.8,2,5,5,0.5,0.5,0.8,0.6,1.0,0.5,55.199999,40,10,46.000001,68.999999,23.009091,1,1,1024,0,ilp_v4,optimal,1,67.797646,54.920535,1.234468,0.027227,0.0,,0.027227,0.031824,3,0,0
rho\set24\rho_0.8.py,rho,24,rho,0.8,2,5,5,0.5,0.5,0.8,0.6,1.0,0.5,55.199999,40,10,46.000001,68.999999,23.009091,1,1,1024,0,greedy_sps_baseline,solved,1,32.660164,54.761766,0.596405,0.002757,,,0.002757,0.002929,3,0,0
rho\set24\rho_0.9.py,rho,24,rho,0.9,2,5,5,0.5,0.5,0.9,0.6,1.0,0.5,62.099999,40,10,46.000001,68.999999,23.009091,1,1,1024,0,ilp_v2,optimal,1,67.797646,61.996729,1.093568,0.009049,0.0,,0.009049,0.00976,3,0,0
rho\set24\rho_0.9.py,rho,24,rho,0.9,2,5,5,0.5,0.5,0.9,0.6,1.0,0.5,62.099999,40,10,46.000001,68.999999,23.009091,1,1,1024,0,ilp_v3,optimal,1,67.252983,60.75394,1.106973,0.011076,0.0,,0.011076,0.016257,3,0,0
rho\set24\rho_0.9.py,rho,24,rho,0.9,2,5,5,0.5,0.5,0.9,0.6,1.0,0.5,62.099999,40,10,46.000001,68.999999,23.009091,1,1,1024,0,ilp_v4,optimal,1,67.797646,54.693903,1.239583,0.022361,0.0,,0.022361,0.023014,3,0,0
rho\set24\rho_0.9.py,rho,24,rho,0.9,2,5,5,0.5,0.5,0.9,0.6,1.0,0.5,62.099999,40,10,46.000001,68.999999,23.009091,1,1,1024,0,greedy_sps_baseline,solved,1,50.228905,61.880882,0.811703,0.003612,,,0.003612,0.004398,3,0,0
rho\set24\rho_1.py,rho,24,rho,1,2,5,5,0.5,0.5,1.0,0.6,1.0,0.5,68.999999,40,10,46.000001,68.999999,23.009091,1,1,1024,0,ilp_v2,optimal,1,67.797646,68.999999,0.982575,0.005415,0.0,,0.005415,0.006185,3,0,0
rho\set24\rho_1.py,rho,24,rho,1,2,5,5,0.5,0.5,1.0,0.6,1.0,0.5,68.999999,40,10,46.000001,68.999999,23.009091,1,1,1024,0,ilp_v3,optimal,1,67.252983,68.856758,0.976709,0.006029,0.0,,0.006029,0.007335,3,0,0
rho\set24\rho_1.py,rho,24,rho,1,2,5,5,0.5,0.5,1.0,0.6,1.0,0.5,68.999999,40,10,46.000001,68.999999,23.009091,1,1,1024,0,ilp_v4,optimal,1,67.797646,68.999999,0.982575,0.011075,0.0,,0.011075,0.014546,3,0,0
rho\set24\rho_1.py,rho,24,rho,1,2,5,5,0.5,0.5,1.0,0.6,1.0,0.5,68.999999,40,10,46.000001,68.999999,23.009091,1,1,1024,0,greedy_sps_baseline,solved,1,67.797646,68.999999,0.982575,0.002507,,,0.002507,0.005786,3,0,0
rho\set25\rho_0.2.py,rho,25,rho,0.2,2,5,5,0.5,0.5,0.2,0.6,1.0,0.5,13.800001,40,9,46.000001,69.000003,21.433334,1,1,1025,0,ilp_v2,infeasible,0,,,,0.002959,,,0.002959,0.004347,3,0,0
rho\set25\rho_0.2.py,rho,25,rho,0.2,2,5,5,0.5,0.5,0.2,0.6,1.0,0.5,13.800001,40,9,46.000001,69.000003,21.433334,1,1,1025,0,ilp_v3,infeasible,0,,,,0.002642,,,0.002642,0.004022,3,0,0
rho\set25\rho_0.2.py,rho,25,rho,0.2,2,5,5,0.5,0.5,0.2,0.6,1.0,0.5,13.800001,40,9,46.000001,69.000003,21.433334,1,1,1025,0,ilp_v4,infeasible,0,,,,0.003761,,,0.003761,0.004347,3,0,0
rho\set25\rho_0.2.py,rho,25,rho,0.2,2,5,5,0.5,0.5,0.2,0.6,1.0,0.5,13.800001,40,9,46.000001,69.000003,21.433334,1,1,1025,0,greedy_sps_baseline,infeasible,0,,46.000001,,0.000546,,over budget: E=46.0000 > B=13.8000,0.000546,0.000659,3,0,0
rho\set25\rho_0.3.py,rho,25,rho,0.3,2,5,5,0.5,0.5,0.3,0.6,1.0,0.5,20.700001,40,9,46.000001,69.000003,21.433334,1,1,1025,0,ilp_v2,infeasible,0,,,,0.003002,,,0.003002,0.005489,3,0,0
rho\set25\rho_0.3.py,rho,25,rho,0.3,2,5,5,0.5,0.5,0.3,0.6,1.0,0.5,20.700001,40,9,46.000001,69.000003,21.433334,1,1,1025,0,ilp_v3,infeasible,0,,,,0.002972,,,0.002972,0.004594,3,0,0
rho\set25\rho_0.3.py,rho,25,rho,0.3,2,5,5,0.5,0.5,0.3,0.6,1.0,0.5,20.700001,40,9,46.000001,69.000003,21.433334,1,1,1025,0,ilp_v4,infeasible,0,,,,0.004022,,,0.004022,0.004624,3,0,0
rho\set25\rho_0.3.py,rho,25,rho,0.3,2,5,5,0.5,0.5,0.3,0.6,1.0,0.5,20.700001,40,9,46.000001,69.000003,21.433334,1,1,1025,0,greedy_sps_baseline,infeasible,0,,46.000001,,0.000562,,over budget: E=46.0000 > B=20.7000,0.000562,0.001322,3,0,0
rho\set25\rho_0.4.py,rho,25,rho,0.4,2,5,5,0.5,0.5,0.4,0.6,1.0,0.5,27.600001,40,9,46.000001,69.000003,21.433334,1,1,1025,0,ilp_v2,infeasible,0,,,,0.003468,,,0.003468,0.003982,3,0,0
rho\set25\rho_0.4.py,rho,25,rho,0.4,2,5,5,0.5,0.5,0.4,0.6,1.0,0.5,27.600001,40,9,46.000001,69.000003,21.433334,1,1,1025,0,ilp_v3,infeasible,0,,,,0.005067,,,0.005067,0.005948,3,0,0
rho\set25\rho_0.4.py,rho,25,rho,0.4,2,5,5,0.5,0.5,0.4,0.6,1.0,0.5,27.600001,40,9,46.000001,69.000003,21.433334,1,1,1025,0,ilp_v4,infeasible,0,,,,0.005986,,,0.005986,0.010947,3,0,0
rho\set25\rho_0.4.py,rho,25,rho,0.4,2,5,5,0.5,0.5,0.4,0.6,1.0,0.5,27.600001,40,9,46.000001,69.000003,21.433334,1,1,1025,0,greedy_sps_baseline,infeasible,0,,46.000001,,0.000427,,over budget: E=46.0000 > B=27.6000,0.000427,0.00049,3,0,0
rho\set25\rho_0.5.py,rho,25,rho,0.5,2,5,5,0.5,0.5,0.5,0.6,1.0,0.5,34.500002,40,9,46.000001,69.000003,21.433334,1,1,1025,0,ilp_v2,optimal,1,22.267446,34.495303,0.645521,0.01813,0.0,,0.01813,0.021995,3,0,0
rho\set25\rho_0.5.py,rho,25,rho,0.5,2,5,5,0.5,0.5,0.5,0.6,1.0,0.5,34.500002,40,9,46.000001,69.000003,21.433334,1,1,1025,0,ilp_v3,optimal,1,36.996871,34.499868,1.072377,0.037745,0.0,,0.037745,0.042177,3,0,0
rho\set25\rho_0.5.py,rho,25,rho,0.5,2,5,5,0.5,0.5,0.5,0.6,1.0,0.5,34.500002,40,9,46.000001,69.000003,21.433334,1,1,1025,0,ilp_v4,optimal,1,37.850788,34.487249,1.09753,0.202987,0.0,,0.202987,0.219574,3,0,0
rho\set25\rho_0.5.py,rho,25,rho,0.5,2,5,5,0.5,0.5,0.5,0.6,1.0,0.5,34.500002,40,9,46.000001,69.000003,21.433334,1,1,1025,0,greedy_sps_baseline,infeasible,0,,46.000001,,0.000567,,over budget: E=46.0000 > B=34.5000,0.000567,0.000689,3,0,0
rho\set25\rho_0.6.py,rho,25,rho,0.6,2,5,5,0.5,0.5,0.6,0.6,1.0,0.5,41.400002,40,9,46.000001,69.000003,21.433334,1,1,1025,0,ilp_v2,optimal,1,40.29904,41.339317,0.974836,0.051735,0.0,,0.051735,0.057394,3,0,0
rho\set25\rho_0.6.py,rho,25,rho,0.6,2,5,5,0.5,0.5,0.6,0.6,1.0,0.5,41.400002,40,9,46.000001,69.000003,21.433334,1,1,1025,0,ilp_v3,optimal,1,55.666965,41.360653,1.345892,0.022027,4.2e-05,,0.022027,0.027366,3,0,0
rho\set25\rho_0.6.py,rho,25,rho,0.6,2,5,5,0.5,0.5,0.6,0.6,1.0,0.5,41.400002,40,9,46.000001,69.000003,21.433334,1,1,1025,0,ilp_v4,optimal,1,52.513517,40.965501,1.281896,0.080816,0.0,,0.080816,0.092399,3,0,0
rho\set25\rho_0.6.py,rho,25,rho,0.6,2,5,5,0.5,0.5,0.6,0.6,1.0,0.5,41.400002,40,9,46.000001,69.000003,21.433334,1,1,1025,0,greedy_sps_baseline,infeasible,0,,46.000001,,0.00049,,over budget: E=46.0000 > B=41.4000,0.00049,0.000626,3,0,0
rho\set25\rho_0.7.py,rho,25,rho,0.7,2,5,5,0.5,0.5,0.7,0.6,1.0,0.5,48.300002,40,9,46.000001,69.000003,21.433334,1,1,1025,0,ilp_v2,optimal,1,57.737622,48.268342,1.19618,0.022003,0.0,,0.022003,0.023723,3,0,0
rho\set25\rho_0.7.py,rho,25,rho,0.7,2,5,5,0.5,0.5,0.7,0.6,1.0,0.5,48.300002,40,9,46.000001,69.000003,21.433334,1,1,1025,0,ilp_v3,optimal,1,67.697057,48.154868,1.40582,0.073504,0.0,,0.073504,0.085137,3,0,0
rho\set25\rho_0.7.py,rho,25,rho,0.7,2,5,5,0.5,0.5,0.7,0.6,1.0,0.5,48.300002,40,9,46.000001,69.000003,21.433334,1,1,1025,0,ilp_v4,optimal,1,68.904832,48.242391,1.428305,0.129276,0.0,,0.129276,0.13427,3,0,0
rho\set25\rho_0.7.py,rho,25,rho,0.7,2,5,5,0.5,0.5,0.7,0.6,1.0,0.5,48.300002,40,9,46.000001,69.000003,21.433334,1,1,1025,0,greedy_sps_baseline,solved,1,7.330563,48.153811,0.152232,0.001498,,,0.001498,0.001745,3,0,0
rho\set25\rho_0.8.py,rho,25,rho,0.8,2,5,5,0.5,0.5,0.8,0.6,1.0,0.5,55.200003,40,9,46.000001,69.000003,21.433334,1,1,1025,0,ilp_v2,optimal,1,66.864585,54.808692,1.219963,0.013252,0.0,,0.013252,0.014023,3,0,0
rho\set25\rho_0.8.py,rho,25,rho,0.8,2,5,5,0.5,0.5,0.8,0.6,1.0,0.5,55.200003,40,9,46.000001,69.000003,21.433334,1,1,1025,0,ilp_v3,optimal,1,79.631067,54.721499,1.455206,0.008984,0.0,,0.008984,0.009421,3,0,0
rho\set25\rho_0.8.py,rho,25,rho,0.8,2,5,5,0.5,0.5,0.8,0.6,1.0,0.5,55.200003,40,9,46.000001,69.000003,21.433334,1,1,1025,0,ilp_v4,optimal,1,79.631067,54.098161,1.471974,0.025016,0.0,,0.025016,0.03606,3,0,0
rho\set25\rho_0.8.py,rho,25,rho,0.8,2,5,5,0.5,0.5,0.8,0.6,1.0,0.5,55.200003,40,9,46.000001,69.000003,21.433334,1,1,1025,0,greedy_sps_baseline,solved,1,35.285295,55.193182,0.639305,0.000842,,,0.000842,0.001727,3,0,0
rho\set25\rho_0.9.py,rho,25,rho,0.9,2,5,5,0.5,0.5,0.9,0.6,1.0,0.5,62.100003,40,9,46.000001,69.000003,21.433334,1,1,1025,0,ilp_v2,optimal,1,66.864585,54.808692,1.219963,0.006689,8.2e-05,,0.006689,0.008705,3,0,0
rho\set25\rho_0.9.py,rho,25,rho,0.9,2,5,5,0.5,0.5,0.9,0.6,1.0,0.5,62.100003,40,9,46.000001,69.000003,21.433334,1,1,1025,0,ilp_v3,optimal,1,79.631067,60.450544,1.317293,0.007545,0.0,,0.007545,0.009938,3,0,0
rho\set25\rho_0.9.py,rho,25,rho,0.9,2,5,5,0.5,0.5,0.9,0.6,1.0,0.5,62.100003,40,9,46.000001,69.000003,21.433334,1,1,1025,0,ilp_v4,optimal,1,79.631067,61.915778,1.286119,0.018378,0.0,,0.018378,0.02064,3,0,0
rho\set25\rho_0.9.py,rho,25,rho,0.9,2,5,5,0.5,0.5,0.9,0.6,1.0,0.5,62.100003,40,9,46.000001,69.000003,21.433334,1,1,1025,0,greedy_sps_baseline,solved,1,53.074253,60.270411,0.880602,0.002139,,,0.002139,0.002614,3,0,0
rho\set25\rho_1.py,rho,25,rho,1,2,5,5,0.5,0.5,1.0,0.6,1.0,0.5,69.000003,40,9,46.000001,69.000003,21.433334,1,1,1025,0,ilp_v2,optimal,1,66.864585,54.808692,1.219963,0.00545,8.2e-05,,0.00545,0.007661,3,0,0
rho\set25\rho_1.py,rho,25,rho,1,2,5,5,0.5,0.5,1.0,0.6,1.0,0.5,69.000003,40,9,46.000001,69.000003,21.433334,1,1,1025,0,ilp_v3,optimal,1,79.631067,67.174622,1.185434,0.00364,0.0,,0.00364,0.005148,3,0,0
rho\set25\rho_1.py,rho,25,rho,1,2,5,5,0.5,0.5,1.0,0.6,1.0,0.5,69.000003,40,9,46.000001,69.000003,21.433334,1,1,1025,0,ilp_v4,optimal,1,79.631067,67.174622,1.185434,0.010948,0.0,,0.010948,0.015097,3,0,0
rho\set25\rho_1.py,rho,25,rho,1,2,5,5,0.5,0.5,1.0,0.6,1.0,0.5,69.000003,40,9,46.000001,69.000003,21.433334,1,1,1025,0,greedy_sps_baseline,solved,1,63.860126,63.684319,1.002761,0.00154,,,0.00154,0.002938,3,0,0
rho\set26\rho_0.2.py,rho,26,rho,0.2,2,5,5,0.5,0.5,0.2,0.6,1.0,0.5,13.800001,40,10,46.000003,69.000005,22.000002,1,1,1026,0,ilp_v2,infeasible,0,,,,0.002562,,,0.002562,0.004278,3,0,0
rho\set26\rho_0.2.py,rho,26,rho,0.2,2,5,5,0.5,0.5,0.2,0.6,1.0,0.5,13.800001,40,10,46.000003,69.000005,22.000002,1,1,1026,0,ilp_v3,infeasible,0,,,,0.002235,,,0.002235,0.003003,3,0,0
rho\set26\rho_0.2.py,rho,26,rho,0.2,2,5,5,0.5,0.5,0.2,0.6,1.0,0.5,13.800001,40,10,46.000003,69.000005,22.000002,1,1,1026,0,ilp_v4,infeasible,0,,,,0.001906,,,0.001906,0.001994,3,0,0
rho\set26\rho_0.2.py,rho,26,rho,0.2,2,5,5,0.5,0.5,0.2,0.6,1.0,0.5,13.800001,40,10,46.000003,69.000005,22.000002,1,1,1026,0,greedy_sps_baseline,infeasible,0,,46.000003,,0.000287,,over budget: E=46.0000 > B=13.8000,0.000287,0.000357,3,0,0
rho\set26\rho_0.3.py,rho,26,rho,0.3,2,5,5,0.5,0.5,0.3,0.6,1.0,0.5,20.700001,40,10,46.000003,69.000005,22.000002,1,1,1026,0,ilp_v2,infeasible,0,,,,0.00233,,,0.00233,0.002936,3,0,0
rho\set26\rho_0.3.py,rho,26,rho,0.3,2,5,5,0.5,0.5,0.3,0.6,1.0,0.5,20.700001,40,10,46.000003,69.000005,22.000002,1,1,1026,0,ilp_v3,infeasible,0,,,,0.002141,,,0.002141,0.003651,3,0,0
rho\set26\rho_0.3.py,rho,26,rho,0.3,2,5,5,0.5,0.5,0.3,0.6,1.0,0.5,20.700001,40,10,46.000003,69.000005,22.000002,1,1,1026,0,ilp_v4,infeasible,0,,,,0.00361,,,0.00361,0.00395,3,0,0
rho\set26\rho_0.3.py,rho,26,rho,0.3,2,5,5,0.5,0.5,0.3,0.6,1.0,0.5,20.700001,40,10,46.000003,69.000005,22.000002,1,1,1026,0,greedy_sps_baseline,infeasible,0,,46.000003,,0.000685,,over budget: E=46.0000 > B=20.7000,0.000685,0.001014,3,0,0
rho\set26\rho_0.4.py,rho,26,rho,0.4,2,5,5,0.5,0.5,0.4,0.6,1.0,0.5,27.600002,40,10,46.000003,69.000005,22.000002,1,1,1026,0,ilp_v2,optimal,1,23.322419,27.596113,0.845134,0.033799,0.0,,0.033799,0.047586,3,0,0
rho\set26\rho_0.4.py,rho,26,rho,0.4,2,5,5,0.5,0.5,0.4,0.6,1.0,0.5,27.600002,40,10,46.000003,69.000005,22.000002,1,1,1026,0,ilp_v3,optimal,1,18.747175,27.591853,0.679446,0.020447,0.0,,0.020447,0.0239,3,0,0
rho\set26\rho_0.4.py,rho,26,rho,0.4,2,5,5,0.5,0.5,0.4,0.6,1.0,0.5,27.600002,40,10,46.000003,69.000005,22.000002,1,1,1026,0,ilp_v4,optimal,1,24.475439,27.427265,0.892376,0.083288,0.0,,0.083288,0.089824,3,0,0
rho\set26\rho_0.4.py,rho,26,rho,0.4,2,5,5,0.5,0.5,0.4,0.6,1.0,0.5,27.600002,40,10,46.000003,69.000005,22.000002,1,1,1026,0,greedy_sps_baseline,infeasible,0,,46.000003,,0.000491,,over budget: E=46.0000 > B=27.6000,0.000491,0.00062,3,0,0
rho\set26\rho_0.5.py,rho,26,rho,0.5,2,5,5,0.5,0.5,0.5,0.6,1.0,0.5,34.500002,40,10,46.000003,69.000005,22.000002,1,1,1026,0,ilp_v2,optimal,1,41.36278,34.484009,1.199477,0.052775,0.0,,0.052775,0.054674,3,0,0
rho\set26\rho_0.5.py,rho,26,rho,0.5,2,5,5,0.5,0.5,0.5,0.6,1.0,0.5,34.500002,40,10,46.000003,69.000005,22.000002,1,1,1026,0,ilp_v3,optimal,1,36.787536,34.311609,1.07216,0.028151,0.0,,0.028151,0.03222,3,0,0
rho\set26\rho_0.5.py,rho,26,rho,0.5,2,5,5,0.5,0.5,0.5,0.6,1.0,0.5,34.500002,40,10,46.000003,69.000005,22.000002,1,1,1026,0,ilp_v4,optimal,1,45.231206,34.30802,1.318386,0.077945,0.0,,0.077945,0.083688,3,0,0
rho\set26\rho_0.5.py,rho,26,rho,0.5,2,5,5,0.5,0.5,0.5,0.6,1.0,0.5,34.500002,40,10,46.000003,69.000005,22.000002,1,1,1026,0,greedy_sps_baseline,infeasible,0,,46.000003,,0.000514,,over budget: E=46.0000 > B=34.5000,0.000514,0.000632,3,0,0
rho\set26\rho_0.6.py,rho,26,rho,0.6,2,5,5,0.5,0.5,0.6,0.6,1.0,0.5,41.400003,40,10,46.000003,69.000005,22.000002,1,1,1026,0,ilp_v2,optimal,1,52.07614,41.346838,1.259495,0.040246,0.0,,0.040246,0.041467,3,0,0
rho\set26\rho_0.6.py,rho,26,rho,0.6,2,5,5,0.5,0.5,0.6,0.6,1.0,0.5,41.400003,40,10,46.000003,69.000005,22.000002,1,1,1026,0,ilp_v3,optimal,1,52.07614,41.346838,1.259495,0.041839,0.0,,0.041839,0.044403,3,0,0
rho\set26\rho_0.6.py,rho,26,rho,0.6,2,5,5,0.5,0.5,0.6,0.6,1.0,0.5,41.400003,40,10,46.000003,69.000005,22.000002,1,1,1026,0,ilp_v4,optimal,1,53.271616,41.388656,1.287107,0.116194,0.0,,0.116194,0.135385,3,0,0
rho\set26\rho_0.6.py,rho,26,rho,0.6,2,5,5,0.5,0.5,0.6,0.6,1.0,0.5,41.400003,40,10,46.000003,69.000005,22.000002,1,1,1026,0,greedy_sps_baseline,infeasible,0,,46.000003,,0.000597,,over budget: E=46.0000 > B=41.4000,0.000597,0.00076,3,0,0
rho\set26\rho_0.7.py,rho,26,rho,0.7,2,5,5,0.5,0.5,0.7,0.6,1.0,0.5,48.300003,40,10,46.000003,69.000005,22.000002,1,1,1026,0,ilp_v2,optimal,1,58.505273,48.21662,1.213384,0.057984,0.0,,0.057984,0.063476,3,0,0
rho\set26\rho_0.7.py,rho,26,rho,0.7,2,5,5,0.5,0.5,0.7,0.6,1.0,0.5,48.300003,40,10,46.000003,69.000005,22.000002,1,1,1026,0,ilp_v3,optimal,1,58.732747,48.260739,1.216988,0.064744,0.0,,0.064744,0.091412,3,0,0
rho\set26\rho_0.7.py,rho,26,rho,0.7,2,5,5,0.5,0.5,0.7,0.6,1.0,0.5,48.300003,40,10,46.000003,69.000005,22.000002,1,1,1026,0,ilp_v4,optimal,1,59.90999,47.936838,1.249769,0.083421,0.0,,0.083421,0.090392,3,0,0
rho\set26\rho_0.7.py,rho,26,rho,0.7,2,5,5,0.5,0.5,0.7,0.6,1.0,0.5,48.300003,40,10,46.000003,69.000005,22.000002,1,1,1026,0,greedy_sps_baseline,solved,1,6.8418,48.141086,0.14212,0.001729,,,0.001729,0.002204,3,0,0
rho\set26\rho_0.8.py,rho,26,rho,0.8,2,5,5,0.5,0.5,0.8,0.6,1.0,0.5,55.200004,40,10,46.000003,69.000005,22.000002,1,1,1026,0,ilp_v2,optimal,1,62.601171,54.447026,1.149763,0.009893,0.0,,0.009893,0.012473,3,0,0
rho\set26\rho_0.8.py,rho,26,rho,0.8,2,5,5,0.5,0.5,0.8,0.6,1.0,0.5,55.200004,40,10,46.000003,69.000005,22.000002,1,1,1026,0,ilp_v3,optimal,1,62.601171,55.122804,1.135667,0.018536,0.0,,0.018536,0.027098,3,0,0
rho\set26\rho_0.8.py,rho,26,rho,0.8,2,5,5,0.5,0.5,0.8,0.6,1.0,0.5,55.200004,40,10,46.000003,69.000005,22.000002,1,1,1026,0,ilp_v4,optimal,1,62.601171,54.709064,1.144256,0.050218,0.0,,0.050218,0.05569,3,0,0
rho\set26\rho_0.8.py,rho,26,rho,0.8,2,5,5,0.5,0.5,0.8,0.6,1.0,0.5,55.200004,40,10,46.000003,69.000005,22.000002,1,1,1026,0,greedy_sps_baseline,solved,1,32.21229,54.671789,0.589194,0.002271,,,0.002271,0.002728,3,0,0
rho\set26\rho_0.9.py,rho,26,rho,0.9,2,5,5,0.5,0.5,0.9,0.6,1.0,0.5,62.100004,40,10,46.000003,69.000005,22.000002,1,1,1026,0,ilp_v2,optimal,1,62.601171,60.403628,1.036381,0.009473,0.0,,0.009473,0.013646,3,0,0
rho\set26\rho_0.9.py,rho,26,rho,0.9,2,5,5,0.5,0.5,0.9,0.6,1.0,0.5,62.100004,40,10,46.000003,69.000005,22.000002,1,1,1026,0,ilp_v3,optimal,1,62.601171,62.073567,1.0085,0.014238,0.0,,0.014238,0.015706,3,0,0
rho\set26\rho_0.9.py,rho,26,rho,0.9,2,5,5,0.5,0.5,0.9,0.6,1.0,0.5,62.100004,40,10,46.000003,69.000005,22.000002,1,1,1026,0,ilp_v4,optimal,1,62.601171,62.073567,1.0085,0.025808,0.0,,0.025808,0.031868,3,0,0
rho\set26\rho_0.9.py,rho,26,rho,0.9,2,5,5,0.5,0.5,0.9,0.6,1.0,0.5,62.100004,40,10,46.000003,69.000005,22.000002,1,1,1026,0,greedy_sps_baseline,solved,1,52.139832,61.895147,0.84239,0.002485,,,0.002485,0.002795,3,0,0
rho\set26\rho_1.py,rho,26,rho,1,2,5,5,0.5,0.5,1.0,0.6,1.0,0.5,69.000005,40,10,46.000003,69.000005,22.000002,1,1,1026,0,ilp_v2,optimal,1,62.601171,69.000005,0.907263,0.006456,0.0,,0.006456,0.007384,3,0,0
rho\set26\rho_1.py,rho,26,rho,1,2,5,5,0.5,0.5,1.0,0.6,1.0,0.5,69.000005,40,10,46.000003,69.000005,22.000002,1,1,1026,0,ilp_v3,optimal,1,62.601171,69.000005,0.907263,0.005664,0.0,,0.005664,0.005714,3,0,0
rho\set26\rho_1.py,rho,26,rho,1,2,5,5,0.5,0.5,1.0,0.6,1.0,0.5,69.000005,40,10,46.000003,69.000005,22.000002,1,1,1026,0,ilp_v4,optimal,1,62.601171,69.000005,0.907263,0.014843,0.0,,0.014843,0.015498,3,0,0
rho\set26\rho_1.py,rho,26,rho,1,2,5,5,0.5,0.5,1.0,0.6,1.0,0.5,69.000005,40,10,46.000003,69.000005,22.000002,1,1,1026,0,greedy_sps_baseline,solved,1,62.601171,69.000005,0.907263,0.002098,,,0.002098,0.002521,3,0,0
rho\set27\rho_0.2.py,rho,27,rho,0.2,2,5,5,0.5,0.5,0.2,0.6,1.0,0.5,13.799999,40,12,45.999998,68.999995,22.042856,1,1,1027,0,ilp_v2,infeasible,0,,,,0.005084,,,0.005084,0.007523,3,0,0
rho\set27\rho_0.2.py,rho,27,rho,0.2,2,5,5,0.5,0.5,0.2,0.6,1.0,0.5,13.799999,40,12,45.999998,68.999995,22.042856,1,1,1027,0,ilp_v3,infeasible,0,,,,0.005068,,,0.005068,0.005704,3,0,0
rho\set27\rho_0.2.py,rho,27,rho,0.2,2,5,5,0.5,0.5,0.2,0.6,1.0,0.5,13.799999,40,12,45.999998,68.999995,22.042856,1,1,1027,0,ilp_v4,infeasible,0,,,,0.005555,,,0.005555,0.006471,3,0,0
rho\set27\rho_0.2.py,rho,27,rho,0.2,2,5,5,0.5,0.5,0.2,0.6,1.0,0.5,13.799999,40,12,45.999998,68.999995,22.042856,1,1,1027,0,greedy_sps_baseline,infeasible,0,,45.999998,,0.000619,,over budget: E=46.0000 > B=13.8000,0.000619,0.000725,3,0,0
rho\set27\rho_0.3.py,rho,27,rho,0.3,2,5,5,0.5,0.5,0.3,0.6,1.0,0.5,20.699999,40,12,45.999998,68.999995,22.042856,1,1,1027,0,ilp_v2,infeasible,0,,,,0.005276,,,0.005276,0.006038,3,0,0
rho\set27\rho_0.3.py,rho,27,rho,0.3,2,5,5,0.5,0.5,0.3,0.6,1.0,0.5,20.699999,40,12,45.999998,68.999995,22.042856,1,1,1027,0,ilp_v3,infeasible,0,,,,0.005314,,,0.005314,0.005576,3,0,0
rho\set27\rho_0.3.py,rho,27,rho,0.3,2,5,5,0.5,0.5,0.3,0.6,1.0,0.5,20.699999,40,12,45.999998,68.999995,22.042856,1,1,1027,0,ilp_v4,infeasible,0,,,,0.005574,,,0.005574,0.005869,3,0,0
rho\set27\rho_0.3.py,rho,27,rho,0.3,2,5,5,0.5,0.5,0.3,0.6,1.0,0.5,20.699999,40,12,45.999998,68.999995,22.042856,1,1,1027,0,greedy_sps_baseline,infeasible,0,,45.999998,,0.000618,,over budget: E=46.0000 > B=20.7000,0.000618,0.000775,3,0,0
rho\set27\rho_0.4.py,rho,27,rho,0.4,2,5,5,0.5,0.5,0.4,0.6,1.0,0.5,27.599998,40,12,45.999998,68.999995,22.042856,1,1,1027,0,ilp_v2,optimal,1,15.724072,27.595573,0.569804,0.177116,0.0,,0.177116,0.271528,3,0,0
rho\set27\rho_0.4.py,rho,27,rho,0.4,2,5,5,0.5,0.5,0.4,0.6,1.0,0.5,27.599998,40,12,45.999998,68.999995,22.042856,1,1,1027,0,ilp_v3,optimal,1,15.90959,27.598814,0.576459,0.145395,0.0,,0.145395,0.160763,3,0,0
rho\set27\rho_0.4.py,rho,27,rho,0.4,2,5,5,0.5,0.5,0.4,0.6,1.0,0.5,27.599998,40,12,45.999998,68.999995,22.042856,1,1,1027,0,ilp_v4,optimal,1,15.342546,27.58362,0.556219,0.260175,0.0,,0.260175,0.340969,3,0,0
rho\set27\rho_0.4.py,rho,27,rho,0.4,2,5,5,0.5,0.5,0.4,0.6,1.0,0.5,27.599998,40,12,45.999998,68.999995,22.042856,1,1,1027,0,greedy_sps_baseline,infeasible,0,,45.999998,,0.000774,,over budget: E=46.0000 > B=27.6000,0.000774,0.000929,3,0,0
rho\set27\rho_0.5.py,rho,27,rho,0.5,2,5,5,0.5,0.5,0.5,0.6,1.0,0.5,34.499998,40,12,45.999998,68.999995,22.042856,1,1,1027,0,ilp_v2,optimal,1,40.024713,34.200592,1.170293,0.01557,0.0,,0.01557,0.018532,3,0,0
rho\set27\rho_0.5.py,rho,27,rho,0.5,2,5,5,0.5,0.5,0.5,0.6,1.0,0.5,34.499998,40,12,45.999998,68.999995,22.042856,1,1,1027,0,ilp_v3,optimal,1,36.814396,34.499819,1.06709,0.041605,0.0,,0.041605,0.044351,3,0,0
rho\set27\rho_0.5.py,rho,27,rho,0.5,2,5,5,0.5,0.5,0.5,0.6,1.0,0.5,34.499998,40,12,45.999998,68.999995,22.042856,1,1,1027,0,ilp_v4,optimal,1,38.890625,34.491617,1.127538,0.134625,0.0,,0.134625,0.146495,3,0,0
rho\set27\rho_0.5.py,rho,27,rho,0.5,2,5,5,0.5,0.5,0.5,0.6,1.0,0.5,34.499998,40,12,45.999998,68.999995,22.042856,1,1,1027,0,greedy_sps_baseline,infeasible,0,,45.999998,,0.000643,,over budget: E=46.0000 > B=34.5000,0.000643,0.000836,3,0,0
rho\set27\rho_0.6.py,rho,27,rho,0.6,2,5,5,0.5,0.5,0.6,0.6,1.0,0.5,41.399997,40,12,45.999998,68.999995,22.042856,1,1,1027,0,ilp_v2,optimal,1,46.153749,40.446695,1.141101,0.052216,0.0,,0.052216,0.057477,3,0,0
rho\set27\rho_0.6.py,rho,27,rho,0.6,2,5,5,0.5,0.5,0.6,0.6,1.0,0.5,41.399997,40,12,45.999998,68.999995,22.042856,1,1,1027,0,ilp_v3,optimal,1,44.177376,40.668923,1.086269,0.021383,0.0,,0.021383,0.021991,3,0,0
rho\set27\rho_0.6.py,rho,27,rho,0.6,2,5,5,0.5,0.5,0.6,0.6,1.0,0.5,41.399997,40,12,45.999998,68.999995,22.042856,1,1,1027,0,ilp_v4,optimal,1,46.153749,40.446695,1.141101,0.092019,0.0,,0.092019,0.092939,3,0,0
rho\set27\rho_0.6.py,rho,27,rho,0.6,2,5,5,0.5,0.5,0.6,0.6,1.0,0.5,41.399997,40,12,45.999998,68.999995,22.042856,1,1,1027,0,greedy_sps_baseline,infeasible,0,,45.999998,,0.000682,,over budget: E=46.0000 > B=41.4000,0.000682,0.00105,3,0,0
rho\set27\rho_0.7.py,rho,27,rho,0.7,2,5,5,0.5,0.5,0.7,0.6,1.0,0.5,48.299997,40,12,45.999998,68.999995,22.042856,1,1,1027,0,ilp_v2,optimal,1,50.626355,48.236936,1.049535,0.128156,0.0,,0.128156,0.155924,3,0,0
rho\set27\rho_0.7.py,rho,27,rho,0.7,2,5,5,0.5,0.5,0.7,0.6,1.0,0.5,48.299997,40,12,45.999998,68.999995,22.042856,1,1,1027,0,ilp_v3,optimal,1,50.626355,48.247465,1.049306,0.131409,0.0,,0.131409,0.137963,3,0,0
rho\set27\rho_0.7.py,rho,27,rho,0.7,2,5,5,0.5,0.5,0.7,0.6,1.0,0.5,48.299997,40,12,45.999998,68.999995,22.042856,1,1,1027,0,ilp_v4,optimal,1,50.626355,48.236936,1.049535,0.167685,0.0,,0.167685,0.171967,3,0,0
rho\set27\rho_0.7.py,rho,27,rho,0.7,2,5,5,0.5,0.5,0.7,0.6,1.0,0.5,48.299997,40,12,45.999998,68.999995,22.042856,1,1,1027,0,greedy_sps_baseline,solved,1,8.4981,48.206622,0.176285,0.0024,,,0.0024,0.003164,3,0,0
rho\set27\rho_0.8.py,rho,27,rho,0.8,2,5,5,0.5,0.5,0.8,0.6,1.0,0.5,55.199996,40,12,45.999998,68.999995,22.042856,1,1,1027,0,ilp_v2,optimal,1,60.210239,54.576852,1.103219,0.014536,0.0,,0.014536,0.016926,3,0,0
rho\set27\rho_0.8.py,rho,27,rho,0.8,2,5,5,0.5,0.5,0.8,0.6,1.0,0.5,55.199996,40,12,45.999998,68.999995,22.042856,1,1,1027,0,ilp_v3,optimal,1,60.210239,54.710661,1.100521,0.020339,0.0,,0.020339,0.023097,3,0,0
rho\set27\rho_0.8.py,rho,27,rho,0.8,2,5,5,0.5,0.5,0.8,0.6,1.0,0.5,55.199996,40,12,45.999998,68.999995,22.042856,1,1,1027,0,ilp_v4,optimal,1,60.210239,54.576852,1.103219,0.037863,0.0,,0.037863,0.043731,3,0,0
rho\set27\rho_0.8.py,rho,27,rho,0.8,2,5,5,0.5,0.5,0.8,0.6,1.0,0.5,55.199996,40,12,45.999998,68.999995,22.042856,1,1,1027,0,greedy_sps_baseline,solved,1,29.750145,55.171105,0.539234,0.004543,,,0.004543,0.004656,3,0,0
rho\set27\rho_0.9.py,rho,27,rho,0.9,2,5,5,0.5,0.5,0.9,0.6,1.0,0.5,62.099996,40,12,45.999998,68.999995,22.042856,1,1,1027,0,ilp_v2,optimal,1,60.210239,57.90242,1.039857,0.009895,0.0,,0.009895,0.013901,3,0,0
rho\set27\rho_0.9.py,rho,27,rho,0.9,2,5,5,0.5,0.5,0.9,0.6,1.0,0.5,62.099996,40,12,45.999998,68.999995,22.042856,1,1,1027,0,ilp_v3,optimal,1,60.210239,57.555864,1.046118,0.012678,0.0,,0.012678,0.01442,3,0,0
rho\set27\rho_0.9.py,rho,27,rho,0.9,2,5,5,0.5,0.5,0.9,0.6,1.0,0.5,62.099996,40,12,45.999998,68.999995,22.042856,1,1,1027,0,ilp_v4,optimal,1,60.210239,57.90242,1.039857,0.031159,0.0,,0.031159,0.041954,3,0,0
rho\set27\rho_0.9.py,rho,27,rho,0.9,2,5,5,0.5,0.5,0.9,0.6,1.0,0.5,62.099996,40,12,45.999998,68.999995,22.042856,1,1,1027,0,greedy_sps_baseline,solved,1,45.005803,62.019915,0.725667,0.007312,,,0.007312,0.009912,3,0,0
rho\set27\rho_1.py,rho,27,rho,1,2,5,5,0.5,0.5,1.0,0.6,1.0,0.5,68.999995,40,12,45.999998,68.999995,22.042856,1,1,1027,0,ilp_v2,optimal,1,60.210239,63.867921,0.942731,0.009463,0.0,,0.009463,0.0147,3,0,0
rho\set27\rho_1.py,rho,27,rho,1,2,5,5,0.5,0.5,1.0,0.6,1.0,0.5,68.999995,40,12,45.999998,68.999995,22.042856,1,1,1027,0,ilp_v3,optimal,1,60.210239,56.300601,1.069442,0.014143,0.0,,0.014143,0.016924,3,0,0
rho\set27\rho_1.py,rho,27,rho,1,2,5,5,0.5,0.5,1.0,0.6,1.0,0.5,68.999995,40,12,45.999998,68.999995,22.042856,1,1,1027,0,ilp_v4,optimal,1,60.210239,63.867921,0.942731,0.030619,0.0,,0.030619,0.042704,3,0,0
rho\set27\rho_1.py,rho,27,rho,1,2,5,5,0.5,0.5,1.0,0.6,1.0,0.5,68.999995,40,12,45.999998,68.999995,22.042856,1,1,1027,0,greedy_sps_baseline,solved,1,59.948856,68.859886,0.870592,0.006128,,,0.006128,0.008469,3,0,0
rho\set28\rho_0.2.py,rho,28,rho,0.2,2,5,5,0.5,0.5,0.2,0.6,1.0,0.5,13.8,40,11,46.0,69.000001,22.0,1,1,1028,0,ilp_v2,infeasible,0,,,,0.005296,,,0.005296,0.005629,3,0,0
rho\set28\rho_0.2.py,rho,28,rho,0.2,2,5,5,0.5,0.5,0.2,0.6,1.0,0.5,13.8,40,11,46.0,69.000001,22.0,1,1,1028,0,ilp_v3,infeasible,0,,,,0.004356,,,0.004356,0.007696,3,0,0
rho\set28\rho_0.2.py,rho,28,rho,0.2,2,5,5,0.5,0.5,0.2,0.6,1.0,0.5,13.8,40,11,46.0,69.000001,22.0,1,1,1028,0,ilp_v4,infeasible,0,,,,0.004797,,,0.004797,0.005268,3,0,0
rho\set28\rho_0.2.py,rho,28,rho,0.2,2,5,5,0.5,0.5,0.2,0.6,1.0,0.5,13.8,40,11,46.0,69.000001,22.0,1,1,1028,0,greedy_sps_baseline,infeasible,0,,46.0,,0.000636,,over budget: E=46.0000 > B=13.8000,0.000636,0.000735,3,0,0
rho\set28\rho_0.3.py,rho,28,rho,0.3,2,5,5,0.5,0.5,0.3,0.6,1.0,0.5,20.7,40,11,46.0,69.000001,22.0,1,1,1028,0,ilp_v2,infeasible,0,,,,0.005663,,,0.005663,0.007009,3,0,0
rho\set28\rho_0.3.py,rho,28,rho,0.3,2,5,5,0.5,0.5,0.3,0.6,1.0,0.5,20.7,40,11,46.0,69.000001,22.0,1,1,1028,0,ilp_v3,infeasible,0,,,,0.00462,,,0.00462,0.006065,3,0,0
rho\set28\rho_0.3.py,rho,28,rho,0.3,2,5,5,0.5,0.5,0.3,0.6,1.0,0.5,20.7,40,11,46.0,69.000001,22.0,1,1,1028,0,ilp_v4,infeasible,0,,,,0.005429,,,0.005429,0.006558,3,0,0
rho\set28\rho_0.3.py,rho,28,rho,0.3,2,5,5,0.5,0.5,0.3,0.6,1.0,0.5,20.7,40,11,46.0,69.000001,22.0,1,1,1028,0,greedy_sps_baseline,infeasible,0,,46.0,,0.000726,,over budget: E=46.0000 > B=20.7000,0.000726,0.000908,3,0,0
rho\set28\rho_0.4.py,rho,28,rho,0.4,2,5,5,0.5,0.5,0.4,0.6,1.0,0.5,27.6,40,11,46.0,69.000001,22.0,1,1,1028,0,ilp_v2,optimal,1,12.901449,27.598279,0.467473,0.044622,0.0,,0.044622,0.055194,3,0,0
rho\set28\rho_0.4.py,rho,28,rho,0.4,2,5,5,0.5,0.5,0.4,0.6,1.0,0.5,27.6,40,11,46.0,69.000001,22.0,1,1,1028,0,ilp_v3,optimal,1,12.901449,27.598279,0.467473,0.053378,0.0,,0.053378,0.072665,3,0,0
rho\set28\rho_0.4.py,rho,28,rho,0.4,2,5,5,0.5,0.5,0.4,0.6,1.0,0.5,27.6,40,11,46.0,69.000001,22.0,1,1,1028,0,ilp_v4,optimal,1,16.153906,27.452714,0.588427,0.109463,0.0,,0.109463,0.146291,3,0,0
rho\set28\rho_0.4.py,rho,28,rho,0.4,2,5,5,0.5,0.5,0.4,0.6,1.0,0.5,27.6,40,11,46.0,69.000001,22.0,1,1,1028,0,greedy_sps_baseline,infeasible,0,,46.0,,0.000653,,over budget: E=46.0000 > B=27.6000,0.000653,0.000852,3,0,0
rho\set28\rho_0.5.py,rho,28,rho,0.5,2,5,5,0.5,0.5,0.5,0.6,1.0,0.5,34.500001,40,11,46.0,69.000001,22.0,1,1,1028,0,ilp_v2,optimal,1,22.344576,34.417639,0.649219,0.054695,0.0,,0.054695,0.059337,3,0,0
rho\set28\rho_0.5.py,rho,28,rho,0.5,2,5,5,0.5,0.5,0.5,0.6,1.0,0.5,34.500001,40,11,46.0,69.000001,22.0,1,1,1028,0,ilp_v3,optimal,1,21.275804,34.489069,0.616885,0.038842,0.0,,0.038842,0.045695,3,0,0
rho\set28\rho_0.5.py,rho,28,rho,0.5,2,5,5,0.5,0.5,0.5,0.6,1.0,0.5,34.500001,40,11,46.0,69.000001,22.0,1,1,1028,0,ilp_v4,optimal,1,28.30596,34.485163,0.820816,0.066409,0.0,,0.066409,0.075366,3,0,0
rho\set28\rho_0.5.py,rho,28,rho,0.5,2,5,5,0.5,0.5,0.5,0.6,1.0,0.5,34.500001,40,11,46.0,69.000001,22.0,1,1,1028,0,greedy_sps_baseline,infeasible,0,,46.0,,0.000756,,over budget: E=46.0000 > B=34.5000,0.000756,0.001131,3,0,0
rho\set28\rho_0.6.py,rho,28,rho,0.6,2,5,5,0.5,0.5,0.6,0.6,1.0,0.5,41.400001,40,11,46.0,69.000001,22.0,1,1,1028,0,ilp_v2,optimal,1,30.540427,41.341362,0.738738,0.047944,0.0,,0.047944,0.055372,3,0,0
rho\set28\rho_0.6.py,rho,28,rho,0.6,2,5,5,0.5,0.5,0.6,0.6,1.0,0.5,41.400001,40,11,46.0,69.000001,22.0,1,1,1028,0,ilp_v3,optimal,1,31.803875,41.16473,0.7726,0.100988,0.0,,0.100988,0.133986,3,0,0
rho\set28\rho_0.6.py,rho,28,rho,0.6,2,5,5,0.5,0.5,0.6,0.6,1.0,0.5,41.400001,40,11,46.0,69.000001,22.0,1,1,1028,0,ilp_v4,optimal,1,38.393793,41.385889,0.927703,0.163635,0.0,,0.163635,0.178552,3,0,0
rho\set28\rho_0.6.py,rho,28,rho,0.6,2,5,5,0.5,0.5,0.6,0.6,1.0,0.5,41.400001,40,11,46.0,69.000001,22.0,1,1,1028,0,greedy_sps_baseline,infeasible,0,,46.0,,0.001141,,over budget: E=46.0000 > B=41.4000,0.001141,0.00156,3,0,0
rho\set28\rho_0.7.py,rho,28,rho,0.7,2,5,5,0.5,0.5,0.7,0.6,1.0,0.5,48.300001,40,11,46.0,69.000001,22.0,1,1,1028,0,ilp_v2,optimal,1,36.329574,46.736832,0.777322,0.026977,0.0,,0.026977,0.033773,3,0,0
rho\set28\rho_0.7.py,rho,28,rho,0.7,2,5,5,0.5,0.5,0.7,0.6,1.0,0.5,48.300001,40,11,46.0,69.000001,22.0,1,1,1028,0,ilp_v3,optimal,1,39.743723,47.55344,0.83577,0.014888,0.0,,0.014888,0.016271,3,0,0
rho\set28\rho_0.7.py,rho,28,rho,0.7,2,5,5,0.5,0.5,0.7,0.6,1.0,0.5,48.300001,40,11,46.0,69.000001,22.0,1,1,1028,0,ilp_v4,optimal,1,43.198298,48.218094,0.895894,0.048075,0.0,,0.048075,0.062384,3,0,0
rho\set28\rho_0.7.py,rho,28,rho,0.7,2,5,5,0.5,0.5,0.7,0.6,1.0,0.5,48.300001,40,11,46.0,69.000001,22.0,1,1,1028,0,greedy_sps_baseline,solved,1,7.551195,48.285892,0.156385,0.001106,,,0.001106,0.001389,3,0,0
rho\set28\rho_0.8.py,rho,28,rho,0.8,2,5,5,0.5,0.5,0.8,0.6,1.0,0.5,55.200001,40,11,46.0,69.000001,22.0,1,1,1028,0,ilp_v2,optimal,1,40.610422,55.149101,0.736375,0.018116,0.0,,0.018116,0.020945,3,0,0
rho\set28\rho_0.8.py,rho,28,rho,0.8,2,5,5,0.5,0.5,0.8,0.6,1.0,0.5,55.200001,40,11,46.0,69.000001,22.0,1,1,1028,0,ilp_v3,optimal,1,39.498612,55.063388,0.71733,0.014893,0.0,,0.014893,0.016005,3,0,0
rho\set28\rho_0.8.py,rho,28,rho,0.8,2,5,5,0.5,0.5,0.8,0.6,1.0,0.5,55.200001,40,11,46.0,69.000001,22.0,1,1,1028,0,ilp_v4,optimal,1,43.198298,54.793939,0.788377,0.048293,0.0,,0.048293,0.07211,3,0,0
rho\set28\rho_0.8.py,rho,28,rho,0.8,2,5,5,0.5,0.5,0.8,0.6,1.0,0.5,55.200001,40,11,46.0,69.000001,22.0,1,1,1028,0,greedy_sps_baseline,solved,1,19.322945,55.042387,0.351056,0.003275,,,0.003275,0.003377,3,0,0
rho\set28\rho_0.9.py,rho,28,rho,0.9,2,5,5,0.5,0.5,0.9,0.6,1.0,0.5,62.100001,40,11,46.0,69.000001,22.0,1,1,1028,0,ilp_v2,optimal,1,43.198298,60.637728,0.7124,0.009548,0.0,,0.009548,0.010908,3,0,0
rho\set28\rho_0.9.py,rho,28,rho,0.9,2,5,5,0.5,0.5,0.9,0.6,1.0,0.5,62.100001,40,11,46.0,69.000001,22.0,1,1,1028,0,ilp_v3,optimal,1,43.198298,61.517524,0.702211,0.012985,0.0,,0.012985,0.024435,3,0,0
rho\set28\rho_0.9.py,rho,28,rho,0.9,2,5,5,0.5,0.5,0.9,0.6,1.0,0.5,62.100001,40,11,46.0,69.000001,22.0,1,1,1028,0,ilp_v4,optimal,1,43.198298,60.849908,0.709916,0.034504,0.0,,0.034504,0.039034,3,0,0
rho\set28\rho_0.9.py,rho,28,rho,0.9,2,5,5,0.5,0.5,0.9,0.6,1.0,0.5,62.100001,40,11,46.0,69.000001,22.0,1,1,1028,0,greedy_sps_baseline,solved,1,31.349512,62.019583,0.505478,0.002482,,,0.002482,0.002929,3,0,0
rho\set28\rho_1.py,rho,28,rho,1,2,5,5,0.5,0.5,1.0,0.6,1.0,0.5,69.000001,40,11,46.0,69.000001,22.0,1,1,1028,0,ilp_v2,optimal,1,43.198298,61.367311,0.70393,0.00612,0.0,,0.00612,0.009416,3,0,0
rho\set28\rho_1.py,rho,28,rho,1,2,5,5,0.5,0.5,1.0,0.6,1.0,0.5,69.000001,40,11,46.0,69.000001,22.0,1,1,1028,0,ilp_v3,optimal,1,43.198298,65.398465,0.66054,0.006206,0.0,,0.006206,0.007684,3,0,0
rho\set28\rho_1.py,rho,28,rho,1,2,5,5,0.5,0.5,1.0,0.6,1.0,0.5,69.000001,40,11,46.0,69.000001,22.0,1,1,1028,0,ilp_v4,optimal,1,43.198298,61.367311,0.70393,0.012229,0.0,,0.012229,0.016348,3,0,0
rho\set28\rho_1.py,rho,28,rho,1,2,5,5,0.5,0.5,1.0,0.6,1.0,0.5,69.000001,40,11,46.0,69.000001,22.0,1,1,1028,0,greedy_sps_baseline,solved,1,42.973955,68.818876,0.62445,0.002061,,,0.002061,0.002924,3,0,0
rho\set29\rho_0.2.py,rho,29,rho,0.2,2,5,5,0.5,0.5,0.2,0.6,1.0,0.5,13.8,40,9,46.000001,69.000002,22.000001,1,1,1029,0,ilp_v2,infeasible,0,,,,0.002062,,,0.002062,0.00262,3,0,0
rho\set29\rho_0.2.py,rho,29,rho,0.2,2,5,5,0.5,0.5,0.2,0.6,1.0,0.5,13.8,40,9,46.000001,69.000002,22.000001,1,1,1029,0,ilp_v3,infeasible,0,,,,0.001673,,,0.001673,0.003621,3,0,0
rho\set29\rho_0.2.py,rho,29,rho,0.2,2,5,5,0.5,0.5,0.2,0.6,1.0,0.5,13.8,40,9,46.000001,69.000002,22.000001,1,1,1029,0,ilp_v4,infeasible,0,,,,0.003646,,,0.003646,0.004852,3,0,0
rho\set29\rho_0.2.py,rho,29,rho,0.2,2,5,5,0.5,0.5,0.2,0.6,1.0,0.5,13.8,40,9,46.000001,69.000002,22.000001,1,1,1029,0,greedy_sps_baseline,infeasible,0,,46.000001,,0.000415,,over budget: E=46.0000 > B=13.8000,0.000415,0.000738,3,0,0
rho\set29\rho_0.3.py,rho,29,rho,0.3,2,5,5,0.5,0.5,0.3,0.6,1.0,0.5,20.700001,40,9,46.000001,69.000002,22.000001,1,1,1029,0,ilp_v2,infeasible,0,,,,0.00235,,,0.00235,0.002972,3,0,0
rho\set29\rho_0.3.py,rho,29,rho,0.3,2,5,5,0.5,0.5,0.3,0.6,1.0,0.5,20.700001,40,9,46.000001,69.000002,22.000001,1,1,1029,0,ilp_v3,infeasible,0,,,,0.003598,,,0.003598,0.006,3,0,0
rho\set29\rho_0.3.py,rho,29,rho,0.3,2,5,5,0.5,0.5,0.3,0.6,1.0,0.5,20.700001,40,9,46.000001,69.000002,22.000001,1,1,1029,0,ilp_v4,infeasible,0,,,,0.003641,,,0.003641,0.004276,3,0,0
rho\set29\rho_0.3.py,rho,29,rho,0.3,2,5,5,0.5,0.5,0.3,0.6,1.0,0.5,20.700001,40,9,46.000001,69.000002,22.000001,1,1,1029,0,greedy_sps_baseline,infeasible,0,,46.000001,,0.000529,,over budget: E=46.0000 > B=20.7000,0.000529,0.000656,3,0,0
rho\set29\rho_0.4.py,rho,29,rho,0.4,2,5,5,0.5,0.5,0.4,0.6,1.0,0.5,27.600001,40,9,46.000001,69.000002,22.000001,1,1,1029,0,ilp_v2,optimal,1,19.759554,27.515005,0.718137,0.012719,0.0,,0.012719,0.015246,3,0,0
rho\set29\rho_0.4.py,rho,29,rho,0.4,2,5,5,0.5,0.5,0.4,0.6,1.0,0.5,27.600001,40,9,46.000001,69.000002,22.000001,1,1,1029,0,ilp_v3,optimal,1,19.759554,27.515005,0.718137,0.014761,0.0,,0.014761,0.015013,3,0,0
rho\set29\rho_0.4.py,rho,29,rho,0.4,2,5,5,0.5,0.5,0.4,0.6,1.0,0.5,27.600001,40,9,46.000001,69.000002,22.000001,1,1,1029,0,ilp_v4,optimal,1,22.704484,27.592426,0.822852,0.059102,0.0,,0.059102,0.067248,3,0,0
rho\set29\rho_0.4.py,rho,29,rho,0.4,2,5,5,0.5,0.5,0.4,0.6,1.0,0.5,27.600001,40,9,46.000001,69.000002,22.000001,1,1,1029,0,greedy_sps_baseline,infeasible,0,,46.000001,,0.00052,,over budget: E=46.0000 > B=27.6000,0.00052,0.000935,3,0,0
rho\set29\rho_0.5.py,rho,29,rho,0.5,2,5,5,0.5,0.5,0.5,0.6,1.0,0.5,34.500001,40,9,46.000001,69.000002,22.000001,1,1,1029,0,ilp_v2,optimal,1,46.261729,34.497758,1.341007,0.029172,9.1e-05,,0.029172,0.029971,3,0,0
rho\set29\rho_0.5.py,rho,29,rho,0.5,2,5,5,0.5,0.5,0.5,0.6,1.0,0.5,34.500001,40,9,46.000001,69.000002,22.000001,1,1,1029,0,ilp_v3,optimal,1,41.103197,34.461734,1.19272,0.043617,0.0,,0.043617,0.044746,3,0,0
rho\set29\rho_0.5.py,rho,29,rho,0.5,2,5,5,0.5,0.5,0.5,0.6,1.0,0.5,34.500001,40,9,46.000001,69.000002,22.000001,1,1,1029,0,ilp_v4,optimal,1,46.261729,34.497758,1.341007,0.052201,9.1e-05,,0.052201,0.058483,3,0,0
rho\set29\rho_0.5.py,rho,29,rho,0.5,2,5,5,0.5,0.5,0.5,0.6,1.0,0.5,34.500001,40,9,46.000001,69.000002,22.000001,1,1,1029,0,greedy_sps_baseline,infeasible,0,,46.000001,,0.000506,,over budget: E=46.0000 > B=34.5000,0.000506,0.000614,3,0,0
rho\set29\rho_0.6.py,rho,29,rho,0.6,2,5,5,0.5,0.5,0.6,0.6,1.0,0.5,41.400001,40,9,46.000001,69.000002,22.000001,1,1,1029,0,ilp_v2,optimal,1,62.398046,40.722717,1.532266,0.010619,0.0,,0.010619,0.01098,3,0,0
rho\set29\rho_0.6.py,rho,29,rho,0.6,2,5,5,0.5,0.5,0.6,0.6,1.0,0.5,41.400001,40,9,46.000001,69.000002,22.000001,1,1,1029,0,ilp_v3,optimal,1,56.071878,41.258355,1.359043,0.063231,0.0,,0.063231,0.066467,3,0,0
rho\set29\rho_0.6.py,rho,29,rho,0.6,2,5,5,0.5,0.5,0.6,0.6,1.0,0.5,41.400001,40,9,46.000001,69.000002,22.000001,1,1,1029,0,ilp_v4,optimal,1,62.398046,40.722717,1.532266,0.030578,0.0,,0.030578,0.035464,3,0,0
rho\set29\rho_0.6.py,rho,29,rho,0.6,2,5,5,0.5,0.5,0.6,0.6,1.0,0.5,41.400001,40,9,46.000001,69.000002,22.000001,1,1,1029,0,greedy_sps_baseline,infeasible,0,,46.000001,,0.000299,,over budget: E=46.0000 > B=41.4000,0.000299,0.000724,3,0,0
rho\set29\rho_0.7.py,rho,29,rho,0.7,2,5,5,0.5,0.5,0.7,0.6,1.0,0.5,48.300002,40,9,46.000001,69.000002,22.000001,1,1,1029,0,ilp_v2,optimal,1,78.305799,48.140125,1.626622,0.013887,0.0,,0.013887,0.01561,3,0,0
rho\set29\rho_0.7.py,rho,29,rho,0.7,2,5,5,0.5,0.5,0.7,0.6,1.0,0.5,48.300002,40,9,46.000001,69.000002,22.000001,1,1,1029,0,ilp_v3,optimal,1,63.050708,48.244824,1.306891,0.016524,0.0,,0.016524,0.017443,3,0,0
rho\set29\rho_0.7.py,rho,29,rho,0.7,2,5,5,0.5,0.5,0.7,0.6,1.0,0.5,48.300002,40,9,46.000001,69.000002,22.000001,1,1,1029,0,ilp_v4,optimal,1,78.305799,48.257899,1.622652,0.032612,0.0,,0.032612,0.034388,3,0,0
rho\set29\rho_0.7.py,rho,29,rho,0.7,2,5,5,0.5,0.5,0.7,0.6,1.0,0.5,48.300002,40,9,46.000001,69.000002,22.000001,1,1,1029,0,greedy_sps_baseline,solved,1,6.886789,48.115481,0.14313,0.001571,,,0.001571,0.001715,3,0,0
rho\set29\rho_0.8.py,rho,29,rho,0.8,2,5,5,0.5,0.5,0.8,0.6,1.0,0.5,55.200002,40,9,46.000001,69.000002,22.000001,1,1,1029,0,ilp_v2,optimal,1,78.305799,53.666549,1.459117,0.008992,0.0,,0.008992,0.01055,3,0,0
rho\set29\rho_0.8.py,rho,29,rho,0.8,2,5,5,0.5,0.5,0.8,0.6,1.0,0.5,55.200002,40,9,46.000001,69.000002,22.000001,1,1,1029,0,ilp_v3,optimal,1,77.190115,55.185327,1.398743,0.027846,0.0,,0.027846,0.031373,3,0,0
rho\set29\rho_0.8.py,rho,29,rho,0.8,2,5,5,0.5,0.5,0.8,0.6,1.0,0.5,55.200002,40,9,46.000001,69.000002,22.000001,1,1,1029,0,ilp_v4,optimal,1,78.305799,49.721416,1.574891,0.020692,0.0,,0.020692,0.021672,3,0,0
rho\set29\rho_0.8.py,rho,29,rho,0.8,2,5,5,0.5,0.5,0.8,0.6,1.0,0.5,55.200002,40,9,46.000001,69.000002,22.000001,1,1,1029,0,greedy_sps_baseline,solved,1,32.980168,54.85051,0.601274,0.001696,,,0.001696,0.002344,3,0,0
rho\set29\rho_0.9.py,rho,29,rho,0.9,2,5,5,0.5,0.5,0.9,0.6,1.0,0.5,62.100002,40,9,46.000001,69.000002,22.000001,1,1,1029,0,ilp_v2,optimal,1,78.305799,58.354959,1.341888,0.00746,0.0,,0.00746,0.009095,3,0,0
rho\set29\rho_0.9.py,rho,29,rho,0.9,2,5,5,0.5,0.5,0.9,0.6,1.0,0.5,62.100002,40,9,46.000001,69.000002,22.000001,1,1,1029,0,ilp_v3,optimal,1,78.305799,60.683698,1.290393,0.003925,0.0,,0.003925,0.005697,3,0,0
rho\set29\rho_0.9.py,rho,29,rho,0.9,2,5,5,0.5,0.5,0.9,0.6,1.0,0.5,62.100002,40,9,46.000001,69.000002,22.000001,1,1,1029,0,ilp_v4,optimal,1,78.305799,61.747443,1.268163,0.015815,0.0,,0.015815,0.015861,3,0,0
rho\set29\rho_0.9.py,rho,29,rho,0.9,2,5,5,0.5,0.5,0.9,0.6,1.0,0.5,62.100002,40,9,46.000001,69.000002,22.000001,1,1,1029,0,greedy_sps_baseline,solved,1,61.053798,61.988912,0.984915,0.00163,,,0.00163,0.001744,3,0,0
rho\set29\rho_1.py,rho,29,rho,1,2,5,5,0.5,0.5,1.0,0.6,1.0,0.5,69.000002,40,9,46.000001,69.000002,22.000001,1,1,1029,0,ilp_v2,optimal,1,78.305799,67.326794,1.16307,0.007068,0.0,,0.007068,0.008832,3,0,0
rho\set29\rho_1.py,rho,29,rho,1,2,5,5,0.5,0.5,1.0,0.6,1.0,0.5,69.000002,40,9,46.000001,69.000002,22.000001,1,1,1029,0,ilp_v3,optimal,1,78.305799,60.683698,1.290393,0.005906,0.0,,0.005906,0.006372,3,0,0
rho\set29\rho_1.py,rho,29,rho,1,2,5,5,0.5,0.5,1.0,0.6,1.0,0.5,69.000002,40,9,46.000001,69.000002,22.000001,1,1,1029,0,ilp_v4,optimal,1,78.305799,61.747443,1.268163,0.013167,0.0,,0.013167,0.014685,3,0,0
rho\set29\rho_1.py,rho,29,rho,1,2,5,5,0.5,0.5,1.0,0.6,1.0,0.5,69.000002,40,9,46.000001,69.000002,22.000001,1,1,1029,0,greedy_sps_baseline,solved,1,77.129395,68.517543,1.125688,0.002813,,,0.002813,0.003016,3,0,0
rho\set30\rho_0.2.py,rho,30,rho,0.2,2,5,5,0.5,0.5,0.2,0.6,1.0,0.5,13.8,40,10,45.999997,69.0,21.399998,1,1,1030,0,ilp_v2,infeasible,0,,,,0.004079,,,0.004079,0.005058,3,0,0
rho\set30\rho_0.2.py,rho,30,rho,0.2,2,5,5,0.5,0.5,0.2,0.6,1.0,0.5,13.8,40,10,45.999997,69.0,21.399998,1,1,1030,0,ilp_v3,infeasible,0,,,,0.003992,,,0.003992,0.005676,3,0,0
rho\set30\rho_0.2.py,rho,30,rho,0.2,2,5,5,0.5,0.5,0.2,0.6,1.0,0.5,13.8,40,10,45.999997,69.0,21.399998,1,1,1030,0,ilp_v4,infeasible,0,,,,0.002491,,,0.002491,0.002936,3,0,0
rho\set30\rho_0.2.py,rho,30,rho,0.2,2,5,5,0.5,0.5,0.2,0.6,1.0,0.5,13.8,40,10,45.999997,69.0,21.399998,1,1,1030,0,greedy_sps_baseline,infeasible,0,,45.999997,,0.000256,,over budget: E=46.0000 > B=13.8000,0.000256,0.000355,3,0,0
rho\set30\rho_0.3.py,rho,30,rho,0.3,2,5,5,0.5,0.5,0.3,0.6,1.0,0.5,20.7,40,10,45.999997,69.0,21.399998,1,1,1030,0,ilp_v2,infeasible,0,,,,0.003528,,,0.003528,0.004145,3,0,0
rho\set30\rho_0.3.py,rho,30,rho,0.3,2,5,5,0.5,0.5,0.3,0.6,1.0,0.5,20.7,40,10,45.999997,69.0,21.399998,1,1,1030,0,ilp_v3,infeasible,0,,,,0.003331,,,0.003331,0.005786,3,0,0
rho\set30\rho_0.3.py,rho,30,rho,0.3,2,5,5,0.5,0.5,0.3,0.6,1.0,0.5,20.7,40,10,45.999997,69.0,21.399998,1,1,1030,0,ilp_v4,infeasible,0,,,,0.004469,,,0.004469,0.005762,3,0,0
rho\set30\rho_0.3.py,rho,30,rho,0.3,2,5,5,0.5,0.5,0.3,0.6,1.0,0.5,20.7,40,10,45.999997,69.0,21.399998,1,1,1030,0,greedy_sps_baseline,infeasible,0,,45.999997,,0.000507,,over budget: E=46.0000 > B=20.7000,0.000507,0.000593,3,0,0
rho\set30\rho_0.4.py,rho,30,rho,0.4,2,5,5,0.5,0.5,0.4,0.6,1.0,0.5,27.6,40,10,45.999997,69.0,21.399998,1,1,1030,0,ilp_v2,optimal,1,7.170966,27.57945,0.260011,0.031805,0.0,,0.031805,0.036314,3,0,0
rho\set30\rho_0.4.py,rho,30,rho,0.4,2,5,5,0.5,0.5,0.4,0.6,1.0,0.5,27.6,40,10,45.999997,69.0,21.399998,1,1,1030,0,ilp_v3,optimal,1,7.170966,27.57945,0.260011,0.032224,0.0,,0.032224,0.034079,3,0,0
rho\set30\rho_0.4.py,rho,30,rho,0.4,2,5,5,0.5,0.5,0.4,0.6,1.0,0.5,27.6,40,10,45.999997,69.0,21.399998,1,1,1030,0,ilp_v4,optimal,1,15.230689,27.571956,0.552398,0.084606,0.0,,0.084606,0.089735,3,0,0
rho\set30\rho_0.4.py,rho,30,rho,0.4,2,5,5,0.5,0.5,0.4,0.6,1.0,0.5,27.6,40,10,45.999997,69.0,21.399998,1,1,1030,0,greedy_sps_baseline,infeasible,0,,45.999997,,0.00027,,over budget: E=46.0000 > B=27.6000,0.00027,0.000466,3,0,0
rho\set30\rho_0.5.py,rho,30,rho,0.5,2,5,5,0.5,0.5,0.5,0.6,1.0,0.5,34.5,40,10,45.999997,69.0,21.399998,1,1,1030,0,ilp_v2,optimal,1,25.565909,34.463656,0.741822,0.037813,0.0,,0.037813,0.038106,3,0,0
rho\set30\rho_0.5.py,rho,30,rho,0.5,2,5,5,0.5,0.5,0.5,0.6,1.0,0.5,34.5,40,10,45.999997,69.0,21.399998,1,1,1030,0,ilp_v3,optimal,1,25.565909,34.463656,0.741822,0.038709,0.0,,0.038709,0.03876,3,0,0
rho\set30\rho_0.5.py,rho,30,rho,0.5,2,5,5,0.5,0.5,0.5,0.6,1.0,0.5,34.5,40,10,45.999997,69.0,21.399998,1,1,1030,0,ilp_v4,optimal,1,30.802373,34.496773,0.892906,0.062933,0.0,,0.062933,0.068846,3,0,0
rho\set30\rho_0.5.py,rho,30,rho,0.5,2,5,5,0.5,0.5,0.5,0.6,1.0,0.5,34.5,40,10,45.999997,69.0,21.399998,1,1,1030,0,greedy_sps_baseline,infeasible,0,,45.999997,,0.000518,,over budget: E=46.0000 > B=34.5000,0.000518,0.000713,3,0,0
rho\set30\rho_0.6.py,rho,30,rho,0.6,2,5,5,0.5,0.5,0.6,0.6,1.0,0.5,41.4,40,10,45.999997,69.0,21.399998,1,1,1030,0,ilp_v2,optimal,1,37.568546,41.088544,0.914331,0.008492,9.7e-05,,0.008492,0.013007,3,0,0
rho\set30\rho_0.6.py,rho,30,rho,0.6,2,5,5,0.5,0.5,0.6,0.6,1.0,0.5,41.4,40,10,45.999997,69.0,21.399998,1,1,1030,0,ilp_v3,optimal,1,37.568546,41.088544,0.914331,0.007915,9.7e-05,,0.007915,0.012618,3,0,0
rho\set30\rho_0.6.py,rho,30,rho,0.6,2,5,5,0.5,0.5,0.6,0.6,1.0,0.5,41.4,40,10,45.999997,69.0,21.399998,1,1,1030,0,ilp_v4,optimal,1,42.004448,41.396968,1.014675,0.061359,0.0,,0.061359,0.080197,3,0,0
rho\set30\rho_0.6.py,rho,30,rho,0.6,2,5,5,0.5,0.5,0.6,0.6,1.0,0.5,41.4,40,10,45.999997,69.0,21.399998,1,1,1030,0,greedy_sps_baseline,infeasible,0,,45.999997,,0.000497,,over budget: E=46.0000 > B=41.4000,0.000497,0.000627,3,0,0
rho\set30\rho_0.7.py,rho,30,rho,0.7,2,5,5,0.5,0.5,0.7,0.6,1.0,0.5,48.3,40,10,45.999997,69.0,21.399998,1,1,1030,0,ilp_v2,optimal,1,41.6385,48.070314,0.8662,0.015188,0.0,,0.015188,0.015731,3,0,0
rho\set30\rho_0.7.py,rho,30,rho,0.7,2,5,5,0.5,0.5,0.7,0.6,1.0,0.5,48.3,40,10,45.999997,69.0,21.399998,1,1,1030,0,ilp_v3,optimal,1,41.6385,48.070314,0.8662,0.010429,0.0,,0.010429,0.015063,3,0,0
rho\set30\rho_0.7.py,rho,30,rho,0.7,2,5,5,0.5,0.5,0.7,0.6,1.0,0.5,48.3,40,10,45.999997,69.0,21.399998,1,1,1030,0,ilp_v4,optimal,1,41.6385,47.946486,0.868437,0.028552,0.0,,0.028552,0.048006,3,0,0
rho\set30\rho_0.7.py,rho,30,rho,0.7,2,5,5,0.5,0.5,0.7,0.6,1.0,0.5,48.3,40,10,45.999997,69.0,21.399998,1,1,1030,0,greedy_sps_baseline,solved,1,6.6156,48.28718,0.137005,0.001313,,,0.001313,0.001872,3,0,0
rho\set30\rho_0.8.py,rho,30,rho,0.8,2,5,5,0.5,0.5,0.8,0.6,1.0,0.5,55.2,40,10,45.999997,69.0,21.399998,1,1,1030,0,ilp_v2,optimal,1,50.558311,53.591252,0.943406,0.010302,0.0,,0.010302,0.012645,3,0,0
rho\set30\rho_0.8.py,rho,30,rho,0.8,2,5,5,0.5,0.5,0.8,0.6,1.0,0.5,55.2,40,10,45.999997,69.0,21.399998,1,1,1030,0,ilp_v3,optimal,1,50.558311,53.591252,0.943406,0.010302,0.0,,0.010302,0.010865,3,0,0
rho\set30\rho_0.8.py,rho,30,rho,0.8,2,5,5,0.5,0.5,0.8,0.6,1.0,0.5,55.2,40,10,45.999997,69.0,21.399998,1,1,1030,0,ilp_v4,optimal,1,49.000518,55.186156,0.887913,0.055947,2.1e-05,,0.055947,0.078905,3,0,0
rho\set30\rho_0.8.py,rho,30,rho,0.8,2,5,5,0.5,0.5,0.8,0.6,1.0,0.5,55.2,40,10,45.999997,69.0,21.399998,1,1,1030,0,greedy_sps_baseline,solved,1,21.67561,55.15945,0.392963,0.001697,,,0.001697,0.001985,3,0,0
rho\set30\rho_0.9.py,rho,30,rho,0.9,2,5,5,0.5,0.5,0.9,0.6,1.0,0.5,62.1,40,10,45.999997,69.0,21.399998,1,1,1030,0,ilp_v2,optimal,1,51.559891,61.82486,0.833967,0.009937,0.0,,0.009937,0.013852,3,0,0
rho\set30\rho_0.9.py,rho,30,rho,0.9,2,5,5,0.5,0.5,0.9,0.6,1.0,0.5,62.1,40,10,45.999997,69.0,21.399998,1,1,1030,0,ilp_v3,optimal,1,51.559891,61.82486,0.833967,0.011306,0.0,,0.011306,0.011776,3,0,0
rho\set30\rho_0.9.py,rho,30,rho,0.9,2,5,5,0.5,0.5,0.9,0.6,1.0,0.5,62.1,40,10,45.999997,69.0,21.399998,1,1,1030,0,ilp_v4,optimal,1,51.559891,61.117974,0.843613,0.025213,0.0,,0.025213,0.031785,3,0,0
rho\set30\rho_0.9.py,rho,30,rho,0.9,2,5,5,0.5,0.5,0.9,0.6,1.0,0.5,62.1,40,10,45.999997,69.0,21.399998,1,1,1030,0,greedy_sps_baseline,solved,1,31.958434,60.04067,0.53228,0.001717,,,0.001717,0.002372,3,0,0
rho\set30\rho_1.py,rho,30,rho,1,2,5,5,0.5,0.5,1.0,0.6,1.0,0.5,69.0,40,10,45.999997,69.0,21.399998,1,1,1030,0,ilp_v2,optimal,1,51.559891,69.0,0.747245,0.002954,0.0,,0.002954,0.00428,3,0,0
rho\set30\rho_1.py,rho,30,rho,1,2,5,5,0.5,0.5,1.0,0.6,1.0,0.5,69.0,40,10,45.999997,69.0,21.399998,1,1,1030,0,ilp_v3,optimal,1,51.559891,69.0,0.747245,0.002849,0.0,,0.002849,0.003937,3,0,0
rho\set30\rho_1.py,rho,30,rho,1,2,5,5,0.5,0.5,1.0,0.6,1.0,0.5,69.0,40,10,45.999997,69.0,21.399998,1,1,1030,0,ilp_v4,optimal,1,51.559891,69.0,0.747245,0.015129,0.0,,0.015129,0.022273,3,0,0
rho\set30\rho_1.py,rho,30,rho,1,2,5,5,0.5,0.5,1.0,0.6,1.0,0.5,69.0,40,10,45.999997,69.0,21.399998,1,1,1030,0,greedy_sps_baseline,solved,1,51.559891,69.0,0.747245,0.003223,,,0.003223,0.003414,3,0,0
rho\set31\rho_0.2.py,rho,31,rho,0.2,2,5,5,0.5,0.5,0.2,0.6,1.0,0.5,13.8,40,13,46.0,68.999999,23.6,1,1,1031,0,ilp_v2,infeasible,0,,,,0.0052,,,0.0052,0.007239,3,0,0
rho\set31\rho_0.2.py,rho,31,rho,0.2,2,5,5,0.5,0.5,0.2,0.6,1.0,0.5,13.8,40,13,46.0,68.999999,23.6,1,1,1031,0,ilp_v3,infeasible,0,,,,0.002974,,,0.002974,0.004832,3,0,0
rho\set31\rho_0.2.py,rho,31,rho,0.2,2,5,5,0.5,0.5,0.2,0.6,1.0,0.5,13.8,40,13,46.0,68.999999,23.6,1,1,1031,0,ilp_v4,infeasible,0,,,,0.003046,,,0.003046,0.005032,3,0,0
rho\set31\rho_0.2.py,rho,31,rho,0.2,2,5,5,0.5,0.5,0.2,0.6,1.0,0.5,13.8,40,13,46.0,68.999999,23.6,1,1,1031,0,greedy_sps_baseline,infeasible,0,,46.0,,0.001225,,over budget: E=46.0000 > B=13.8000,0.001225,0.001347,3,0,0
rho\set31\rho_0.3.py,rho,31,rho,0.3,2,5,5,0.5,0.5,0.3,0.6,1.0,0.5,20.7,40,13,46.0,68.999999,23.6,1,1,1031,0,ilp_v2,infeasible,0,,,,0.005558,,,0.005558,0.007259,3,0,0
rho\set31\rho_0.3.py,rho,31,rho,0.3,2,5,5,0.5,0.5,0.3,0.6,1.0,0.5,20.7,40,13,46.0,68.999999,23.6,1,1,1031,0,ilp_v3,infeasible,0,,,,0.003112,,,0.003112,0.003954,3,0,0
rho\set31\rho_0.3.py,rho,31,rho,0.3,2,5,5,0.5,0.5,0.3,0.6,1.0,0.5,20.7,40,13,46.0,68.999999,23.6,1,1,1031,0,ilp_v4,infeasible,0,,,,0.003188,,,0.003188,0.003978,3,0,0
rho\set31\rho_0.3.py,rho,31,rho,0.3,2,5,5,0.5,0.5,0.3,0.6,1.0,0.5,20.7,40,13,46.0,68.999999,23.6,1,1,1031,0,greedy_sps_baseline,infeasible,0,,46.0,,0.000817,,over budget: E=46.0000 > B=20.7000,0.000817,0.001143,3,0,0
rho\set31\rho_0.4.py,rho,31,rho,0.4,2,5,5,0.5,0.5,0.4,0.6,1.0,0.5,27.6,40,13,46.0,68.999999,23.6,1,1,1031,0,ilp_v2,optimal,1,0.748229,27.556083,0.027153,0.006157,0.0,,0.006157,0.007457,3,0,0
rho\set31\rho_0.4.py,rho,31,rho,0.4,2,5,5,0.5,0.5,0.4,0.6,1.0,0.5,27.6,40,13,46.0,68.999999,23.6,1,1,1031,0,ilp_v3,optimal,1,0.748229,27.556083,0.027153,0.007407,0.0,,0.007407,0.016199,3,0,0
rho\set31\rho_0.4.py,rho,31,rho,0.4,2,5,5,0.5,0.5,0.4,0.6,1.0,0.5,27.6,40,13,46.0,68.999999,23.6,1,1,1031,0,ilp_v4,optimal,1,3.455478,27.55617,0.125398,0.165189,0.0,,0.165189,0.191009,3,0,0
rho\set31\rho_0.4.py,rho,31,rho,0.4,2,5,5,0.5,0.5,0.4,0.6,1.0,0.5,27.6,40,13,46.0,68.999999,23.6,1,1,1031,0,greedy_sps_baseline,infeasible,0,,46.0,,0.00059,,over budget: E=46.0000 > B=27.6000,0.00059,0.000774,3,0,0
rho\set31\rho_0.5.py,rho,31,rho,0.5,2,5,5,0.5,0.5,0.5,0.6,1.0,0.5,34.499999,40,13,46.0,68.999999,23.6,1,1,1031,0,ilp_v2,optimal,1,32.233861,34.495391,0.93444,0.054872,0.0,,0.054872,0.0577,3,0,0
rho\set31\rho_0.5.py,rho,31,rho,0.5,2,5,5,0.5,0.5,0.5,0.6,1.0,0.5,34.499999,40,13,46.0,68.999999,23.6,1,1,1031,0,ilp_v3,optimal,1,38.458046,34.460083,1.116017,0.08675,0.0,,0.08675,0.098323,3,0,0
rho\set31\rho_0.5.py,rho,31,rho,0.5,2,5,5,0.5,0.5,0.5,0.6,1.0,0.5,34.499999,40,13,46.0,68.999999,23.6,1,1,1031,0,ilp_v4,optimal,1,39.582126,34.440418,1.149293,0.375428,0.0,,0.375428,0.423052,3,0,0
rho\set31\rho_0.5.py,rho,31,rho,0.5,2,5,5,0.5,0.5,0.5,0.6,1.0,0.5,34.499999,40,13,46.0,68.999999,23.6,1,1,1031,0,greedy_sps_baseline,infeasible,0,,46.0,,0.000663,,over budget: E=46.0000 > B=34.5000,0.000663,0.000913,3,0,0
rho\set31\rho_0.6.py,rho,31,rho,0.6,2,5,5,0.5,0.5,0.6,0.6,1.0,0.5,41.399999,40,13,46.0,68.999999,23.6,1,1,1031,0,ilp_v2,optimal,1,48.329161,41.398057,1.167426,0.028279,0.0,,0.028279,0.031195,3,0,0
rho\set31\rho_0.6.py,rho,31,rho,0.6,2,5,5,0.5,0.5,0.6,0.6,1.0,0.5,41.399999,40,13,46.0,68.999999,23.6,1,1,1031,0,ilp_v3,optimal,1,55.148038,41.368684,1.333087,0.139418,0.0,,0.139418,0.144928,3,0,0
rho\set31\rho_0.6.py,rho,31,rho,0.6,2,5,5,0.5,0.5,0.6,0.6,1.0,0.5,41.399999,40,13,46.0,68.999999,23.6,1,1,1031,0,ilp_v4,optimal,1,66.002272,41.380948,1.594992,0.334271,0.0,,0.334271,0.36073,3,0,0
rho\set31\rho_0.6.py,rho,31,rho,0.6,2,5,5,0.5,0.5,0.6,0.6,1.0,0.5,41.399999,40,13,46.0,68.999999,23.6,1,1,1031,0,greedy_sps_baseline,infeasible,0,,46.0,,0.000755,,over budget: E=46.0000 > B=41.4000,0.000755,0.001039,3,0,0
rho\set31\rho_0.7.py,rho,31,rho,0.7,2,5,5,0.5,0.5,0.7,0.6,1.0,0.5,48.299999,40,13,46.0,68.999999,23.6,1,1,1031,0,ilp_v2,optimal,1,59.211492,48.239497,1.227448,0.024435,0.0,,0.024435,0.025233,3,0,0
rho\set31\rho_0.7.py,rho,31,rho,0.7,2,5,5,0.5,0.5,0.7,0.6,1.0,0.5,48.299999,40,13,46.0,68.999999,23.6,1,1,1031,0,ilp_v3,optimal,1,72.119937,48.28169,1.493733,0.091493,0.0,,0.091493,0.095135,3,0,0
rho\set31\rho_0.7.py,rho,31,rho,0.7,2,5,5,0.5,0.5,0.7,0.6,1.0,0.5,48.299999,40,13,46.0,68.999999,23.6,1,1,1031,0,ilp_v4,optimal,1,77.557871,47.057369,1.648156,0.113477,0.0,,0.113477,0.135642,3,0,0
rho\set31\rho_0.7.py,rho,31,rho,0.7,2,5,5,0.5,0.5,0.7,0.6,1.0,0.5,48.299999,40,13,46.0,68.999999,23.6,1,1,1031,0,greedy_sps_baseline,solved,1,8.943873,48.244982,0.185385,0.001646,,,0.001646,0.002263,3,0,0
rho\set31\rho_0.8.py,rho,31,rho,0.8,2,5,5,0.5,0.5,0.8,0.6,1.0,0.5,55.199999,40,13,46.0,68.999999,23.6,1,1,1031,0,ilp_v2,optimal,1,67.330898,55.059277,1.22288,0.069121,0.0,,0.069121,0.076528,3,0,0
rho\set31\rho_0.8.py,rho,31,rho,0.8,2,5,5,0.5,0.5,0.8,0.6,1.0,0.5,55.199999,40,13,46.0,68.999999,23.6,1,1,1031,0,ilp_v3,optimal,1,77.557871,55.138702,1.406596,0.014971,0.0,,0.014971,0.017746,3,0,0
rho\set31\rho_0.8.py,rho,31,rho,0.8,2,5,5,0.5,0.5,0.8,0.6,1.0,0.5,55.199999,40,13,46.0,68.999999,23.6,1,1,1031,0,ilp_v4,optimal,1,77.557871,52.620061,1.473922,0.062736,0.0,,0.062736,0.094126,3,0,0
rho\set31\rho_0.8.py,rho,31,rho,0.8,2,5,5,0.5,0.5,0.8,0.6,1.0,0.5,55.199999,40,13,46.0,68.999999,23.6,1,1,1031,0,greedy_sps_baseline,solved,1,33.886131,55.133885,0.614615,0.003373,,,0.003373,0.004178,3,0,0
rho\set31\rho_0.9.py,rho,31,rho,0.9,2,5,5,0.5,0.5,0.9,0.6,1.0,0.5,62.099999,40,13,46.0,68.999999,23.6,1,1,1031,0,ilp_v2,optimal,1,73.494414,60.954345,1.205729,0.015091,0.0,,0.015091,0.018527,3,0,0
rho\set31\rho_0.9.py,rho,31,rho,0.9,2,5,5,0.5,0.5,0.9,0.6,1.0,0.5,62.099999,40,13,46.0,68.999999,23.6,1,1,1031,0,ilp_v3,optimal,1,77.557871,58.768261,1.319724,0.013903,0.0,,0.013903,0.014673,3,0,0
rho\set31\rho_0.9.py,rho,31,rho,0.9,2,5,5,0.5,0.5,0.9,0.6,1.0,0.5,62.099999,40,13,46.0,68.999999,23.6,1,1,1031,0,ilp_v4,optimal,1,77.557871,61.526449,1.260561,0.083491,0.0,,0.083491,0.101093,3,0,0
rho\set31\rho_0.9.py,rho,31,rho,0.9,2,5,5,0.5,0.5,0.9,0.6,1.0,0.5,62.099999,40,13,46.0,68.999999,23.6,1,1,1031,0,greedy_sps_baseline,solved,1,56.433266,61.9067,0.911586,0.006593,,,0.006593,0.007057,3,0,0
rho\set31\rho_1.py,rho,31,rho,1,2,5,5,0.5,0.5,1.0,0.6,1.0,0.5,68.999999,40,13,46.0,68.999999,23.6,1,1,1031,0,ilp_v2,optimal,1,73.494414,67.686091,1.085813,0.012459,0.0,,0.012459,0.015031,3,0,0
rho\set31\rho_1.py,rho,31,rho,1,2,5,5,0.5,0.5,1.0,0.6,1.0,0.5,68.999999,40,13,46.0,68.999999,23.6,1,1,1031,0,ilp_v3,optimal,1,77.557871,68.999999,1.124027,0.009395,0.0,,0.009395,0.009578,3,0,0
rho\set31\rho_1.py,rho,31,rho,1,2,5,5,0.5,0.5,1.0,0.6,1.0,0.5,68.999999,40,13,46.0,68.999999,23.6,1,1,1031,0,ilp_v4,optimal,1,77.557871,68.999999,1.124027,0.059646,0.0,,0.059646,0.062112,3,0,0
rho\set31\rho_1.py,rho,31,rho,1,2,5,5,0.5,0.5,1.0,0.6,1.0,0.5,68.999999,40,13,46.0,68.999999,23.6,1,1,1031,0,greedy_sps_baseline,solved,1,59.211492,62.872996,0.941763,0.00699,,,0.00699,0.00776,3,0,0
rho\set32\rho_0.2.py,rho,32,rho,0.2,2,5,5,0.5,0.5,0.2,0.6,1.0,0.5,13.799999,40,13,45.999997,68.999995,21.399998,1,1,1032,0,ilp_v2,infeasible,0,,,,0.005556,,,0.005556,0.007101,3,0,0
rho\set32\rho_0.2.py,rho,32,rho,0.2,2,5,5,0.5,0.5,0.2,0.6,1.0,0.5,13.799999,40,13,45.999997,68.999995,21.399998,1,1,1032,0,ilp_v3,infeasible,0,,,,0.00674,,,0.00674,0.00699,3,0,0
rho\set32\rho_0.2.py,rho,32,rho,0.2,2,5,5,0.5,0.5,0.2,0.6,1.0,0.5,13.799999,40,13,45.999997,68.999995,21.399998,1,1,1032,0,ilp_v4,infeasible,0,,,,0.00583,,,0.00583,0.007334,3,0,0
rho\set32\rho_0.2.py,rho,32,rho,0.2,2,5,5,0.5,0.5,0.2,0.6,1.0,0.5,13.799999,40,13,45.999997,68.999995,21.399998,1,1,1032,0,greedy_sps_baseline,infeasible,0,,45.999997,,0.000669,,over budget: E=46.0000 > B=13.8000,0.000669,0.000783,3,0,0
rho\set32\rho_0.3.py,rho,32,rho,0.3,2,5,5,0.5,0.5,0.3,0.6,1.0,0.5,20.699999,40,13,45.999997,68.999995,21.399998,1,1,1032,0,ilp_v2,infeasible,0,,,,0.006664,,,0.006664,0.007032,3,0,0
rho\set32\rho_0.3.py,rho,32,rho,0.3,2,5,5,0.5,0.5,0.3,0.6,1.0,0.5,20.699999,40,13,45.999997,68.999995,21.399998,1,1,1032,0,ilp_v3,infeasible,0,,,,0.006223,,,0.006223,0.007973,3,0,0
rho\set32\rho_0.3.py,rho,32,rho,0.3,2,5,5,0.5,0.5,0.3,0.6,1.0,0.5,20.699999,40,13,45.999997,68.999995,21.399998,1,1,1032,0,ilp_v4,infeasible,0,,,,0.005296,,,0.005296,0.008573,3,0,0
rho\set32\rho_0.3.py,rho,32,rho,0.3,2,5,5,0.5,0.5,0.3,0.6,1.0,0.5,20.699999,40,13,45.999997,68.999995,21.399998,1,1,1032,0,greedy_sps_baseline,infeasible,0,,45.999997,,0.000712,,over budget: E=46.0000 > B=20.7000,0.000712,0.000951,3,0,0
rho\set32\rho_0.4.py,rho,32,rho,0.4,2,5,5,0.5,0.5,0.4,0.6,1.0,0.5,27.599998,40,13,45.999997,68.999995,21.399998,1,1,1032,0,ilp_v2,optimal,1,14.79142,27.579671,0.536316,0.0477,0.0,,0.0477,0.058267,3,0,0
rho\set32\rho_0.4.py,rho,32,rho,0.4,2,5,5,0.5,0.5,0.4,0.6,1.0,0.5,27.599998,40,13,45.999997,68.999995,21.399998,1,1,1032,0,ilp_v3,optimal,1,14.79142,27.579671,0.536316,0.048066,0.0,,0.048066,0.051869,3,0,0
rho\set32\rho_0.4.py,rho,32,rho,0.4,2,5,5,0.5,0.5,0.4,0.6,1.0,0.5,27.599998,40,13,45.999997,68.999995,21.399998,1,1,1032,0,ilp_v4,optimal,1,14.79142,27.579671,0.536316,0.180803,0.0,,0.180803,0.191332,3,0,0
rho\set32\rho_0.4.py,rho,32,rho,0.4,2,5,5,0.5,0.5,0.4,0.6,1.0,0.5,27.599998,40,13,45.999997,68.999995,21.399998,1,1,1032,0,greedy_sps_baseline,infeasible,0,,45.999997,,0.000614,,over budget: E=46.0000 > B=27.6000,0.000614,0.000935,3,0,0
rho\set32\rho_0.5.py,rho,32,rho,0.5,2,5,5,0.5,0.5,0.5,0.6,1.0,0.5,34.499998,40,13,45.999997,68.999995,21.399998,1,1,1032,0,ilp_v2,optimal,1,35.150261,34.435165,1.020766,0.105269,0.0,,0.105269,0.111751,3,0,0
rho\set32\rho_0.5.py,rho,32,rho,0.5,2,5,5,0.5,0.5,0.5,0.6,1.0,0.5,34.499998,40,13,45.999997,68.999995,21.399998,1,1,1032,0,ilp_v3,optimal,1,32.174131,34.485871,0.932966,0.110481,0.0,,0.110481,0.129867,3,0,0
rho\set32\rho_0.5.py,rho,32,rho,0.5,2,5,5,0.5,0.5,0.5,0.6,1.0,0.5,34.499998,40,13,45.999997,68.999995,21.399998,1,1,1032,0,ilp_v4,optimal,1,37.867998,34.49311,1.097842,0.210986,0.0,,0.210986,0.248052,3,0,0
rho\set32\rho_0.5.py,rho,32,rho,0.5,2,5,5,0.5,0.5,0.5,0.6,1.0,0.5,34.499998,40,13,45.999997,68.999995,21.399998,1,1,1032,0,greedy_sps_baseline,infeasible,0,,45.999997,,0.00064,,over budget: E=46.0000 > B=34.5000,0.00064,0.000727,3,0,0
rho\set32\rho_0.6.py,rho,32,rho,0.6,2,5,5,0.5,0.5,0.6,0.6,1.0,0.5,41.399997,40,13,45.999997,68.999995,21.399998,1,1,1032,0,ilp_v2,optimal,1,47.354856,41.185015,1.149808,0.033655,0.0,,0.033655,0.035392,3,0,0
rho\set32\rho_0.6.py,rho,32,rho,0.6,2,5,5,0.5,0.5,0.6,0.6,1.0,0.5,41.399997,40,13,45.999997,68.999995,21.399998,1,1,1032,0,ilp_v3,optimal,1,47.354856,41.185015,1.149808,0.034104,0.0,,0.034104,0.036085,3,0,0
rho\set32\rho_0.6.py,rho,32,rho,0.6,2,5,5,0.5,0.5,0.6,0.6,1.0,0.5,41.399997,40,13,45.999997,68.999995,21.399998,1,1,1032,0,ilp_v4,optimal,1,50.376991,41.292093,1.220015,0.291276,0.0,,0.291276,0.310874,3,0,0
rho\set32\rho_0.6.py,rho,32,rho,0.6,2,5,5,0.5,0.5,0.6,0.6,1.0,0.5,41.399997,40,13,45.999997,68.999995,21.399998,1,1,1032,0,greedy_sps_baseline,infeasible,0,,45.999997,,0.000672,,over budget: E=46.0000 > B=41.4000,0.000672,0.00082,3,0,0
rho\set32\rho_0.7.py,rho,32,rho,0.7,2,5,5,0.5,0.5,0.7,0.6,1.0,0.5,48.299997,40,13,45.999997,68.999995,21.399998,1,1,1032,0,ilp_v2,optimal,1,53.191784,48.289296,1.101523,0.081798,0.0,,0.081798,0.084701,3,0,0
rho\set32\rho_0.7.py,rho,32,rho,0.7,2,5,5,0.5,0.5,0.7,0.6,1.0,0.5,48.299997,40,13,45.999997,68.999995,21.399998,1,1,1032,0,ilp_v3,optimal,1,53.24586,48.289817,1.102631,0.051743,9.5e-05,,0.051743,0.067202,3,0,0
rho\set32\rho_0.7.py,rho,32,rho,0.7,2,5,5,0.5,0.5,0.7,0.6,1.0,0.5,48.299997,40,13,45.999997,68.999995,21.399998,1,1,1032,0,ilp_v4,optimal,1,53.191784,48.289296,1.101523,0.136443,0.0,,0.136443,0.147764,3,0,0
rho\set32\rho_0.7.py,rho,32,rho,0.7,2,5,5,0.5,0.5,0.7,0.6,1.0,0.5,48.299997,40,13,45.999997,68.999995,21.399998,1,1,1032,0,greedy_sps_baseline,solved,1,7.137424,48.276418,0.147845,0.001814,,,0.001814,0.001921,3,0,0
rho\set32\rho_0.8.py,rho,32,rho,0.8,2,5,5,0.5,0.5,0.8,0.6,1.0,0.5,55.199996,40,13,45.999997,68.999995,21.399998,1,1,1032,0,ilp_v2,optimal,1,56.837702,55.132892,1.030922,0.013942,0.0,,0.013942,0.018511,3,0,0
rho\set32\rho_0.8.py,rho,32,rho,0.8,2,5,5,0.5,0.5,0.8,0.6,1.0,0.5,55.199996,40,13,45.999997,68.999995,21.399998,1,1,1032,0,ilp_v3,optimal,1,55.590135,51.874231,1.071633,0.011482,0.0,,0.011482,0.015372,3,0,0
rho\set32\rho_0.8.py,rho,32,rho,0.8,2,5,5,0.5,0.5,0.8,0.6,1.0,0.5,55.199996,40,13,45.999997,68.999995,21.399998,1,1,1032,0,ilp_v4,optimal,1,56.837702,55.132892,1.030922,0.035956,0.0,,0.035956,0.046144,3,0,0
rho\set32\rho_0.8.py,rho,32,rho,0.8,2,5,5,0.5,0.5,0.8,0.6,1.0,0.5,55.199996,40,13,45.999997,68.999995,21.399998,1,1,1032,0,greedy_sps_baseline,solved,1,28.612184,55.156604,0.518744,0.003401,,,0.003401,0.003894,3,0,0
rho\set32\rho_0.9.py,rho,32,rho,0.9,2,5,5,0.5,0.5,0.9,0.6,1.0,0.5,62.099996,40,13,45.999997,68.999995,21.399998,1,1,1032,0,ilp_v2,optimal,1,56.837702,58.716077,0.968009,0.008047,0.0,,0.008047,0.009824,3,0,0
rho\set32\rho_0.9.py,rho,32,rho,0.9,2,5,5,0.5,0.5,0.9,0.6,1.0,0.5,62.099996,40,13,45.999997,68.999995,21.399998,1,1,1032,0,ilp_v3,optimal,1,56.837702,58.716077,0.968009,0.008327,0.0,,0.008327,0.010663,3,0,0
rho\set32\rho_0.9.py,rho,32,rho,0.9,2,5,5,0.5,0.5,0.9,0.6,1.0,0.5,62.099996,40,13,45.999997,68.999995,21.399998,1,1,1032,0,ilp_v4,optimal,1,56.837702,58.716077,0.968009,0.029041,0.0,,0.029041,0.052105,3,0,0
rho\set32\rho_0.9.py,rho,32,rho,0.9,2,5,5,0.5,0.5,0.9,0.6,1.0,0.5,62.099996,40,13,45.999997,68.999995,21.399998,1,1,1032,0,greedy_sps_baseline,solved,1,44.360465,61.995856,0.715539,0.00622,,,0.00622,0.007014,3,0,0
rho\set32\rho_1.py,rho,32,rho,1,2,5,5,0.5,0.5,1.0,0.6,1.0,0.5,68.999995,40,13,45.999997,68.999995,21.399998,1,1,1032,0,ilp_v2,optimal,1,56.837702,58.716077,0.968009,0.008137,0.0,,0.008137,0.010582,3,0,0
rho\set32\rho_1.py,rho,32,rho,1,2,5,5,0.5,0.5,1.0,0.6,1.0,0.5,68.999995,40,13,45.999997,68.999995,21.399998,1,1,1032,0,ilp_v3,optimal,1,56.837702,58.716077,0.968009,0.009862,0.0,,0.009862,0.013892,3,0,0
rho\set32\rho_1.py,rho,32,rho,1,2,5,5,0.5,0.5,1.0,0.6,1.0,0.5,68.999995,40,13,45.999997,68.999995,21.399998,1,1,1032,0,ilp_v4,optimal,1,56.837702,58.716077,0.968009,0.024621,0.0,,0.024621,0.029581,3,0,0
rho\set32\rho_1.py,rho,32,rho,1,2,5,5,0.5,0.5,1.0,0.6,1.0,0.5,68.999995,40,13,45.999997,68.999995,21.399998,1,1,1032,0,greedy_sps_baseline,solved,1,53.191783,66.803084,0.796247,0.004956,,,0.004956,0.006114,3,0,0
rho\set33\rho_0.2.py,rho,33,rho,0.2,2,5,5,0.5,0.5,0.2,0.6,1.0,0.5,13.800002,40,12,46.000002,69.000008,21.433334,1,1,1033,0,ilp_v2,infeasible,0,,,,0.003067,,,0.003067,0.003445,3,0,0
rho\set33\rho_0.2.py,rho,33,rho,0.2,2,5,5,0.5,0.5,0.2,0.6,1.0,0.5,13.800002,40,12,46.000002,69.000008,21.433334,1,1,1033,0,ilp_v3,infeasible,0,,,,0.002391,,,0.002391,0.004196,3,0,0
rho\set33\rho_0.2.py,rho,33,rho,0.2,2,5,5,0.5,0.5,0.2,0.6,1.0,0.5,13.800002,40,12,46.000002,69.000008,21.433334,1,1,1033,0,ilp_v4,infeasible,0,,,,0.003028,,,0.003028,0.006227,3,0,0
rho\set33\rho_0.2.py,rho,33,rho,0.2,2,5,5,0.5,0.5,0.2,0.6,1.0,0.5,13.800002,40,12,46.000002,69.000008,21.433334,1,1,1033,0,greedy_sps_baseline,infeasible,0,,46.000002,,0.00059,,over budget: E=46.0000 > B=13.8000,0.00059,0.001245,3,0,0
rho\set33\rho_0.3.py,rho,33,rho,0.3,2,5,5,0.5,0.5,0.3,0.6,1.0,0.5,20.700002,40,12,46.000002,69.000008,21.433334,1,1,1033,0,ilp_v2,infeasible,0,,,,0.00299,,,0.00299,0.004275,3,0,0
rho\set33\rho_0.3.py,rho,33,rho,0.3,2,5,5,0.5,0.5,0.3,0.6,1.0,0.5,20.700002,40,12,46.000002,69.000008,21.433334,1,1,1033,0,ilp_v3,infeasible,0,,,,0.002985,,,0.002985,0.004214,3,0,0
rho\set33\rho_0.3.py,rho,33,rho,0.3,2,5,5,0.5,0.5,0.3,0.6,1.0,0.5,20.700002,40,12,46.000002,69.000008,21.433334,1,1,1033,0,ilp_v4,infeasible,0,,,,0.002649,,,0.002649,0.003479,3,0,0
rho\set33\rho_0.3.py,rho,33,rho,0.3,2,5,5,0.5,0.5,0.3,0.6,1.0,0.5,20.700002,40,12,46.000002,69.000008,21.433334,1,1,1033,0,greedy_sps_baseline,infeasible,0,,46.000002,,0.000703,,over budget: E=46.0000 > B=20.7000,0.000703,0.000913,3,0,0
rho\set33\rho_0.4.py,rho,33,rho,0.4,2,5,5,0.5,0.5,0.4,0.6,1.0,0.5,27.600003,40,12,46.000002,69.000008,21.433334,1,1,1033,0,ilp_v2,optimal,1,16.71394,27.599672,0.605585,0.121164,0.0,,0.121164,0.124974,3,0,0
rho\set33\rho_0.4.py,rho,33,rho,0.4,2,5,5,0.5,0.5,0.4,0.6,1.0,0.5,27.600003,40,12,46.000002,69.000008,21.433334,1,1,1033,0,ilp_v3,optimal,1,16.71394,27.599672,0.605585,0.149063,0.0,,0.149063,0.162999,3,0,0
rho\set33\rho_0.4.py,rho,33,rho,0.4,2,5,5,0.5,0.5,0.4,0.6,1.0,0.5,27.600003,40,12,46.000002,69.000008,21.433334,1,1,1033,0,ilp_v4,optimal,1,16.71394,27.599672,0.605585,0.203733,0.0,,0.203733,0.214087,3,0,0
rho\set33\rho_0.4.py,rho,33,rho,0.4,2,5,5,0.5,0.5,0.4,0.6,1.0,0.5,27.600003,40,12,46.000002,69.000008,21.433334,1,1,1033,0,greedy_sps_baseline,infeasible,0,,46.000002,,0.000794,,over budget: E=46.0000 > B=27.6000,0.000794,0.000965,3,0,0
rho\set33\rho_0.5.py,rho,33,rho,0.5,2,5,5,0.5,0.5,0.5,0.6,1.0,0.5,34.500004,40,12,46.000002,69.000008,21.433334,1,1,1033,0,ilp_v2,optimal,1,29.4146,34.13066,0.861823,0.011478,0.0,,0.011478,0.016829,3,0,0
rho\set33\rho_0.5.py,rho,33,rho,0.5,2,5,5,0.5,0.5,0.5,0.6,1.0,0.5,34.500004,40,12,46.000002,69.000008,21.433334,1,1,1033,0,ilp_v3,optimal,1,29.4146,34.13066,0.861823,0.008715,0.0,,0.008715,0.010222,3,0,0
rho\set33\rho_0.5.py,rho,33,rho,0.5,2,5,5,0.5,0.5,0.5,0.6,1.0,0.5,34.500004,40,12,46.000002,69.000008,21.433334,1,1,1033,0,ilp_v4,optimal,1,28.769376,34.107594,0.843489,0.125847,0.0,,0.125847,0.165864,3,0,0
rho\set33\rho_0.5.py,rho,33,rho,0.5,2,5,5,0.5,0.5,0.5,0.6,1.0,0.5,34.500004,40,12,46.000002,69.000008,21.433334,1,1,1033,0,greedy_sps_baseline,infeasible,0,,46.000002,,0.000746,,over budget: E=46.0000 > B=34.5000,0.000746,0.000869,3,0,0
rho\set33\rho_0.6.py,rho,33,rho,0.6,2,5,5,0.5,0.5,0.6,0.6,1.0,0.5,41.400005,40,12,46.000002,69.000008,21.433334,1,1,1033,0,ilp_v2,optimal,1,33.818783,41.271258,0.819427,0.030365,0.0,,0.030365,0.032685,3,0,0
rho\set33\rho_0.6.py,rho,33,rho,0.6,2,5,5,0.5,0.5,0.6,0.6,1.0,0.5,41.400005,40,12,46.000002,69.000008,21.433334,1,1,1033,0,ilp_v3,optimal,1,31.427729,41.39483,0.759219,0.028824,0.0,,0.028824,0.030318,3,0,0
rho\set33\rho_0.6.py,rho,33,rho,0.6,2,5,5,0.5,0.5,0.6,0.6,1.0,0.5,41.400005,40,12,46.000002,69.000008,21.433334,1,1,1033,0,ilp_v4,optimal,1,33.818783,41.061184,0.823619,0.108771,0.0,,0.108771,0.111284,3,0,0
rho\set33\rho_0.6.py,rho,33,rho,0.6,2,5,5,0.5,0.5,0.6,0.6,1.0,0.5,41.400005,40,12,46.000002,69.000008,21.433334,1,1,1033,0,greedy_sps_baseline,infeasible,0,,46.000002,,0.000564,,over budget: E=46.0000 > B=41.4000,0.000564,0.000713,3,0,0
rho\set33\rho_0.7.py,rho,33,rho,0.7,2,5,5,0.5,0.5,0.7,0.6,1.0,0.5,48.300006,40,12,46.000002,69.000008,21.433334,1,1,1033,0,ilp_v2,optimal,1,35.29799,43.021177,0.820479,0.012773,0.0,,0.012773,0.013079,3,0,0
rho\set33\rho_0.7.py,rho,33,rho,0.7,2,5,5,0.5,0.5,0.7,0.6,1.0,0.5,48.300006,40,12,46.000002,69.000008,21.433334,1,1,1033,0,ilp_v3,optimal,1,35.29799,43.021177,0.820479,0.012676,0.0,,0.012676,0.01474,3,0,0
rho\set33\rho_0.7.py,rho,33,rho,0.7,2,5,5,0.5,0.5,0.7,0.6,1.0,0.5,48.300006,40,12,46.000002,69.000008,21.433334,1,1,1033,0,ilp_v4,optimal,1,38.271973,48.267468,0.792914,0.062515,0.0,,0.062515,0.075476,3,0,0
rho\set33\rho_0.7.py,rho,33,rho,0.7,2,5,5,0.5,0.5,0.7,0.6,1.0,0.5,48.300006,40,12,46.000002,69.000008,21.433334,1,1,1033,0,greedy_sps_baseline,solved,1,6.632025,48.281371,0.137362,0.001827,,,0.001827,0.004169,3,0,0
rho\set33\rho_0.8.py,rho,33,rho,0.8,2,5,5,0.5,0.5,0.8,0.6,1.0,0.5,55.200006,40,12,46.000002,69.000008,21.433334,1,1,1033,0,ilp_v2,optimal,1,38.271973,55.104305,0.694537,0.010754,0.0,,0.010754,0.017227,3,0,0
rho\set33\rho_0.8.py,rho,33,rho,0.8,2,5,5,0.5,0.5,0.8,0.6,1.0,0.5,55.200006,40,12,46.000002,69.000008,21.433334,1,1,1033,0,ilp_v3,optimal,1,37.798853,55.18859,0.684903,0.02369,0.0,,0.02369,0.027198,3,0,0
rho\set33\rho_0.8.py,rho,33,rho,0.8,2,5,5,0.5,0.5,0.8,0.6,1.0,0.5,55.200006,40,12,46.000002,69.000008,21.433334,1,1,1033,0,ilp_v4,optimal,1,38.271973,48.196232,0.794086,0.059831,0.0,,0.059831,0.065779,3,0,0
rho\set33\rho_0.8.py,rho,33,rho,0.8,2,5,5,0.5,0.5,0.8,0.6,1.0,0.5,55.200006,40,12,46.000002,69.000008,21.433334,1,1,1033,0,greedy_sps_baseline,solved,1,23.450963,55.169915,0.425068,0.003277,,,0.003277,0.004744,3,0,0
rho\set33\rho_0.9.py,rho,33,rho,0.9,2,5,5,0.5,0.5,0.9,0.6,1.0,0.5,62.100007,40,12,46.000002,69.000008,21.433334,1,1,1033,0,ilp_v2,optimal,1,38.271973,60.207846,0.635664,0.011199,0.0,,0.011199,0.012034,3,0,0
rho\set33\rho_0.9.py,rho,33,rho,0.9,2,5,5,0.5,0.5,0.9,0.6,1.0,0.5,62.100007,40,12,46.000002,69.000008,21.433334,1,1,1033,0,ilp_v3,optimal,1,38.271973,58.435827,0.65494,0.008965,0.0,,0.008965,0.013191,3,0,0
rho\set33\rho_0.9.py,rho,33,rho,0.9,2,5,5,0.5,0.5,0.9,0.6,1.0,0.5,62.100007,40,12,46.000002,69.000008,21.433334,1,1,1033,0,ilp_v4,optimal,1,38.271973,57.66413,0.663705,0.033994,0.0,,0.033994,0.034171,3,0,0
rho\set33\rho_0.9.py,rho,33,rho,0.9,2,5,5,0.5,0.5,0.9,0.6,1.0,0.5,62.100007,40,12,46.000002,69.000008,21.433334,1,1,1033,0,greedy_sps_baseline,solved,1,29.4146,59.672189,0.492937,0.00234,,,0.00234,0.002887,3,0,0
rho\set33\rho_1.py,rho,33,rho,1,2,5,5,0.5,0.5,1.0,0.6,1.0,0.5,69.000008,40,12,46.000002,69.000008,21.433334,1,1,1033,0,ilp_v2,optimal,1,38.271973,58.542606,0.653746,0.007149,0.0,,0.007149,0.008246,3,0,0
rho\set33\rho_1.py,rho,33,rho,1,2,5,5,0.5,0.5,1.0,0.6,1.0,0.5,69.000008,40,12,46.000002,69.000008,21.433334,1,1,1033,0,ilp_v3,optimal,1,38.271973,66.406002,0.576333,0.006157,0.0,,0.006157,0.007465,3,0,0
rho\set33\rho_1.py,rho,33,rho,1,2,5,5,0.5,0.5,1.0,0.6,1.0,0.5,69.000008,40,12,46.000002,69.000008,21.433334,1,1,1033,0,ilp_v4,optimal,1,38.271973,60.124371,0.636547,0.021121,0.0,,0.021121,0.026837,3,0,0
rho\set33\rho_1.py,rho,33,rho,1,2,5,5,0.5,0.5,1.0,0.6,1.0,0.5,69.000008,40,12,46.000002,69.000008,21.433334,1,1,1033,0,greedy_sps_baseline,solved,1,35.29799,65.868067,0.535889,0.003936,,,0.003936,0.004045,3,0,0
rho\set34\rho_0.2.py,rho,34,rho,0.2,2,5,5,0.5,0.5,0.2,0.6,1.0,0.5,13.8,40,13,45.999997,69.0,22.042855,1,1,1034,0,ilp_v2,infeasible,0,,,,0.003031,,,0.003031,0.00372,3,0,0
rho\set34\rho_0.2.py,rho,34,rho,0.2,2,5,5,0.5,0.5,0.2,0.6,1.0,0.5,13.8,40,13,45.999997,69.0,22.042855,1,1,1034,0,ilp_v3,infeasible,0,,,,0.003138,,,0.003138,0.006311,3,0,0
rho\set34\rho_0.2.py,rho,34,rho,0.2,2,5,5,0.5,0.5,0.2,0.6,1.0,0.5,13.8,40,13,45.999997,69.0,22.042855,1,1,1034,0,ilp_v4,infeasible,0,,,,0.003479,,,0.003479,0.006197,3,0,0
rho\set34\rho_0.2.py,rho,34,rho,0.2,2,5,5,0.5,0.5,0.2,0.6,1.0,0.5,13.8,40,13,45.999997,69.0,22.042855,1,1,1034,0,greedy_sps_baseline,infeasible,0,,45.999997,,0.000764,,over budget: E=46.0000 > B=13.8000,0.000764,0.000819,3,0,0
rho\set34\rho_0.3.py,rho,34,rho,0.3,2,5,5,0.5,0.5,0.3,0.6,1.0,0.5,20.7,40,13,45.999997,69.0,22.042855,1,1,1034,0,ilp_v2,infeasible,0,,,,0.002837,,,0.002837,0.003697,3,0,0
rho\set34\rho_0.3.py,rho,34,rho,0.3,2,5,5,0.5,0.5,0.3,0.6,1.0,0.5,20.7,40,13,45.999997,69.0,22.042855,1,1,1034,0,ilp_v3,infeasible,0,,,,0.002913,,,0.002913,0.002939,3,0,0
rho\set34\rho_0.3.py,rho,34,rho,0.3,2,5,5,0.5,0.5,0.3,0.6,1.0,0.5,20.7,40,13,45.999997,69.0,22.042855,1,1,1034,0,ilp_v4,infeasible,0,,,,0.003418,,,0.003418,0.004219,3,0,0
rho\set34\rho_0.3.py,rho,34,rho,0.3,2,5,5,0.5,0.5,0.3,0.6,1.0,0.5,20.7,40,13,45.999997,69.0,22.042855,1,1,1034,0,greedy_sps_baseline,infeasible,0,,45.999997,,0.000334,,over budget: E=46.0000 > B=20.7000,0.000334,0.000455,3,0,0
rho\set34\rho_0.4.py,rho,34,rho,0.4,2,5,5,0.5,0.5,0.4,0.6,1.0,0.5,27.6,40,13,45.999997,69.0,22.042855,1,1,1034,0,ilp_v2,infeasible,0,,,,0.005796,,,0.005796,0.009281,3,0,0
rho\set34\rho_0.4.py,rho,34,rho,0.4,2,5,5,0.5,0.5,0.4,0.6,1.0,0.5,27.6,40,13,45.999997,69.0,22.042855,1,1,1034,0,ilp_v3,infeasible,0,,,,0.006286,,,0.006286,0.006368,3,0,0
rho\set34\rho_0.4.py,rho,34,rho,0.4,2,5,5,0.5,0.5,0.4,0.6,1.0,0.5,27.6,40,13,45.999997,69.0,22.042855,1,1,1034,0,ilp_v4,infeasible,0,,,,0.01906,,,0.01906,0.019409,3,0,0
rho\set34\rho_0.4.py,rho,34,rho,0.4,2,5,5,0.5,0.5,0.4,0.6,1.0,0.5,27.6,40,13,45.999997,69.0,22.042855,1,1,1034,0,greedy_sps_baseline,infeasible,0,,45.999997,,0.000623,,over budget: E=46.0000 > B=27.6000,0.000623,0.000758,3,0,0
rho\set34\rho_0.5.py,rho,34,rho,0.5,2,5,5,0.5,0.5,0.5,0.6,1.0,0.5,34.5,40,13,45.999997,69.0,22.042855,1,1,1034,0,ilp_v2,optimal,1,23.853455,34.498437,0.691436,0.099732,0.0,,0.099732,0.106028,3,0,0
rho\set34\rho_0.5.py,rho,34,rho,0.5,2,5,5,0.5,0.5,0.5,0.6,1.0,0.5,34.5,40,13,45.999997,69.0,22.042855,1,1,1034,0,ilp_v3,optimal,1,22.665639,34.48618,0.657238,0.107606,0.0,,0.107606,0.113731,3,0,0
rho\set34\rho_0.5.py,rho,34,rho,0.5,2,5,5,0.5,0.5,0.5,0.6,1.0,0.5,34.5,40,13,45.999997,69.0,22.042855,1,1,1034,0,ilp_v4,optimal,1,23.853455,34.498437,0.691436,0.176826,0.0,,0.176826,0.195947,3,0,0
rho\set34\rho_0.5.py,rho,34,rho,0.5,2,5,5,0.5,0.5,0.5,0.6,1.0,0.5,34.5,40,13,45.999997,69.0,22.042855,1,1,1034,0,greedy_sps_baseline,infeasible,0,,45.999997,,0.000634,,over budget: E=46.0000 > B=34.5000,0.000634,0.000867,3,0,0
rho\set34\rho_0.6.py,rho,34,rho,0.6,2,5,5,0.5,0.5,0.6,0.6,1.0,0.5,41.4,40,13,45.999997,69.0,22.042855,1,1,1034,0,ilp_v2,optimal,1,55.016557,41.392443,1.329145,0.048239,2e-06,,0.048239,0.053868,3,0,0
rho\set34\rho_0.6.py,rho,34,rho,0.6,2,5,5,0.5,0.5,0.6,0.6,1.0,0.5,41.4,40,13,45.999997,69.0,22.042855,1,1,1034,0,ilp_v3,optimal,1,54.099798,41.374803,1.307554,0.063131,0.0,,0.063131,0.067018,3,0,0
rho\set34\rho_0.6.py,rho,34,rho,0.6,2,5,5,0.5,0.5,0.6,0.6,1.0,0.5,41.4,40,13,45.999997,69.0,22.042855,1,1,1034,0,ilp_v4,optimal,1,54.073914,41.395601,1.306272,0.245956,0.0,,0.245956,0.266474,3,0,0
rho\set34\rho_0.6.py,rho,34,rho,0.6,2,5,5,0.5,0.5,0.6,0.6,1.0,0.5,41.4,40,13,45.999997,69.0,22.042855,1,1,1034,0,greedy_sps_baseline,infeasible,0,,45.999997,,0.000635,,over budget: E=46.0000 > B=41.4000,0.000635,0.000785,3,0,0
rho\set34\rho_0.7.py,rho,34,rho,0.7,2,5,5,0.5,0.5,0.7,0.6,1.0,0.5,48.3,40,13,45.999997,69.0,22.042855,1,1,1034,0,ilp_v2,optimal,1,77.64771,48.201727,1.610891,0.027762,0.0,,0.027762,0.029504,3,0,0
rho\set34\rho_0.7.py,rho,34,rho,0.7,2,5,5,0.5,0.5,0.7,0.6,1.0,0.5,48.3,40,13,45.999997,69.0,22.042855,1,1,1034,0,ilp_v3,optimal,1,78.593587,48.28633,1.627657,0.044636,0.0,,0.044636,0.049064,3,0,0
rho\set34\rho_0.7.py,rho,34,rho,0.7,2,5,5,0.5,0.5,0.7,0.6,1.0,0.5,48.3,40,13,45.999997,69.0,22.042855,1,1,1034,0,ilp_v4,optimal,1,80.721511,48.279083,1.671977,0.120228,0.0,,0.120228,0.140839,3,0,0
rho\set34\rho_0.7.py,rho,34,rho,0.7,2,5,5,0.5,0.5,0.7,0.6,1.0,0.5,48.3,40,13,45.999997,69.0,22.042855,1,1,1034,0,greedy_sps_baseline,solved,1,7.954432,48.240152,0.164892,0.001898,,,0.001898,0.002062,3,0,0
rho\set34\rho_0.8.py,rho,34,rho,0.8,2,5,5,0.5,0.5,0.8,0.6,1.0,0.5,55.2,40,13,45.999997,69.0,22.042855,1,1,1034,0,ilp_v2,optimal,1,82.576295,54.149766,1.524961,0.011823,0.0,,0.011823,0.013586,3,0,0
rho\set34\rho_0.8.py,rho,34,rho,0.8,2,5,5,0.5,0.5,0.8,0.6,1.0,0.5,55.2,40,13,45.999997,69.0,22.042855,1,1,1034,0,ilp_v3,optimal,1,82.576295,49.275514,1.675808,0.012514,0.0,,0.012514,0.012995,3,0,0
rho\set34\rho_0.8.py,rho,34,rho,0.8,2,5,5,0.5,0.5,0.8,0.6,1.0,0.5,55.2,40,13,45.999997,69.0,22.042855,1,1,1034,0,ilp_v4,optimal,1,82.576295,55.187843,1.496277,0.039428,0.0,,0.039428,0.046607,3,0,0
rho\set34\rho_0.8.py,rho,34,rho,0.8,2,5,5,0.5,0.5,0.8,0.6,1.0,0.5,55.2,40,13,45.999997,69.0,22.042855,1,1,1034,0,greedy_sps_baseline,solved,1,35.635164,55.119705,0.646505,0.002421,,,0.002421,0.002846,3,0,0
rho\set34\rho_0.9.py,rho,34,rho,0.9,2,5,5,0.5,0.5,0.9,0.6,1.0,0.5,62.1,40,13,45.999997,69.0,22.042855,1,1,1034,0,ilp_v2,optimal,1,82.576295,54.065569,1.527336,0.011112,0.0,,0.011112,0.013286,3,0,0
rho\set34\rho_0.9.py,rho,34,rho,0.9,2,5,5,0.5,0.5,0.9,0.6,1.0,0.5,62.1,40,13,45.999997,69.0,22.042855,1,1,1034,0,ilp_v3,optimal,1,82.576295,59.95885,1.377216,0.008213,0.0,,0.008213,0.010964,3,0,0
rho\set34\rho_0.9.py,rho,34,rho,0.9,2,5,5,0.5,0.5,0.9,0.6,1.0,0.5,62.1,40,13,45.999997,69.0,22.042855,1,1,1034,0,ilp_v4,optimal,1,82.576295,56.304207,1.46661,0.035631,0.0,,0.035631,0.037734,3,0,0
rho\set34\rho_0.9.py,rho,34,rho,0.9,2,5,5,0.5,0.5,0.9,0.6,1.0,0.5,62.1,40,13,45.999997,69.0,22.042855,1,1,1034,0,greedy_sps_baseline,solved,1,61.739438,62.095402,0.994267,0.003022,,,0.003022,0.003109,3,0,0
rho\set34\rho_1.py,rho,34,rho,1,2,5,5,0.5,0.5,1.0,0.6,1.0,0.5,69.0,40,13,45.999997,69.0,22.042855,1,1,1034,0,ilp_v2,optimal,1,82.576295,69.0,1.196758,0.008427,0.0,,0.008427,0.010139,3,0,0
rho\set34\rho_1.py,rho,34,rho,1,2,5,5,0.5,0.5,1.0,0.6,1.0,0.5,69.0,40,13,45.999997,69.0,22.042855,1,1,1034,0,ilp_v3,optimal,1,82.576295,69.0,1.196758,0.007706,0.0,,0.007706,0.008798,3,0,0
rho\set34\rho_1.py,rho,34,rho,1,2,5,5,0.5,0.5,1.0,0.6,1.0,0.5,69.0,40,13,45.999997,69.0,22.042855,1,1,1034,0,ilp_v4,optimal,1,82.576295,69.0,1.196758,0.02429,0.0,,0.02429,0.036184,3,0,0
rho\set34\rho_1.py,rho,34,rho,1,2,5,5,0.5,0.5,1.0,0.6,1.0,0.5,69.0,40,13,45.999997,69.0,22.042855,1,1,1034,0,greedy_sps_baseline,solved,1,82.576295,69.0,1.196758,0.00402,,,0.00402,0.005264,3,0,0
rho\set35\rho_0.2.py,rho,35,rho,0.2,2,5,5,0.5,0.5,0.2,0.6,1.0,0.5,13.8,40,15,46.000001,69.000001,21.400001,1,1,1035,0,ilp_v2,infeasible,0,,,,0.004766,,,0.004766,0.00583,3,0,0
rho\set35\rho_0.2.py,rho,35,rho,0.2,2,5,5,0.5,0.5,0.2,0.6,1.0,0.5,13.8,40,15,46.000001,69.000001,21.400001,1,1,1035,0,ilp_v3,infeasible,0,,,,0.003384,,,0.003384,0.005971,3,0,0
rho\set35\rho_0.2.py,rho,35,rho,0.2,2,5,5,0.5,0.5,0.2,0.6,1.0,0.5,13.8,40,15,46.000001,69.000001,21.400001,1,1,1035,0,ilp_v4,infeasible,0,,,,0.004389,,,0.004389,0.006088,3,0,0
rho\set35\rho_0.2.py,rho,35,rho,0.2,2,5,5,0.5,0.5,0.2,0.6,1.0,0.5,13.8,40,15,46.000001,69.000001,21.400001,1,1,1035,0,greedy_sps_baseline,infeasible,0,,46.000001,,0.000688,,over budget: E=46.0000 > B=13.8000,0.000688,0.000867,3,0,0
rho\set35\rho_0.3.py,rho,35,rho,0.3,2,5,5,0.5,0.5,0.3,0.6,1.0,0.5,20.7,40,15,46.000001,69.000001,21.400001,1,1,1035,0,ilp_v2,infeasible,0,,,,0.004475,,,0.004475,0.006774,3,0,0
rho\set35\rho_0.3.py,rho,35,rho,0.3,2,5,5,0.5,0.5,0.3,0.6,1.0,0.5,20.7,40,15,46.000001,69.000001,21.400001,1,1,1035,0,ilp_v3,infeasible,0,,,,0.005705,,,0.005705,0.00649,3,0,0
rho\set35\rho_0.3.py,rho,35,rho,0.3,2,5,5,0.5,0.5,0.3,0.6,1.0,0.5,20.7,40,15,46.000001,69.000001,21.400001,1,1,1035,0,ilp_v4,infeasible,0,,,,0.003837,,,0.003837,0.00437,3,0,0
rho\set35\rho_0.3.py,rho,35,rho,0.3,2,5,5,0.5,0.5,0.3,0.6,1.0,0.5,20.7,40,15,46.000001,69.000001,21.400001,1,1,1035,0,greedy_sps_baseline,infeasible,0,,46.000001,,0.000539,,over budget: E=46.0000 > B=20.7000,0.000539,0.000729,3,0,0
rho\set35\rho_0.4.py,rho,35,rho,0.4,2,5,5,0.5,0.5,0.4,0.6,1.0,0.5,27.6,40,15,46.000001,69.000001,21.400001,1,1,1035,0,ilp_v2,optimal,1,14.796587,27.583292,0.536433,0.047912,0.0,,0.047912,0.052306,3,0,0
rho\set35\rho_0.4.py,rho,35,rho,0.4,2,5,5,0.5,0.5,0.4,0.6,1.0,0.5,27.6,40,15,46.000001,69.000001,21.400001,1,1,1035,0,ilp_v3,optimal,1,16.084304,27.584562,0.583091,0.028153,0.0,,0.028153,0.034384,3,0,0
rho\set35\rho_0.4.py,rho,35,rho,0.4,2,5,5,0.5,0.5,0.4,0.6,1.0,0.5,27.6,40,15,46.000001,69.000001,21.400001,1,1,1035,0,ilp_v4,optimal,1,19.536761,27.598762,0.707885,0.371017,0.0,,0.371017,0.402155,3,0,0
rho\set35\rho_0.4.py,rho,35,rho,0.4,2,5,5,0.5,0.5,0.4,0.6,1.0,0.5,27.6,40,15,46.000001,69.000001,21.400001,1,1,1035,0,greedy_sps_baseline,infeasible,0,,46.000001,,0.000669,,over budget: E=46.0000 > B=27.6000,0.000669,0.000766,3,0,0
rho\set35\rho_0.5.py,rho,35,rho,0.5,2,5,5,0.5,0.5,0.5,0.6,1.0,0.5,34.500001,40,15,46.000001,69.000001,21.400001,1,1,1035,0,ilp_v2,optimal,1,35.225153,34.456437,1.02231,0.13214,0.0,,0.13214,0.136524,3,0,0
rho\set35\rho_0.5.py,rho,35,rho,0.5,2,5,5,0.5,0.5,0.5,0.6,1.0,0.5,34.500001,40,15,46.000001,69.000001,21.400001,1,1,1035,0,ilp_v3,optimal,1,33.239552,34.486344,0.963847,0.027014,0.0,,0.027014,0.029496,3,0,0
rho\set35\rho_0.5.py,rho,35,rho,0.5,2,5,5,0.5,0.5,0.5,0.6,1.0,0.5,34.500001,40,15,46.000001,69.000001,21.400001,1,1,1035,0,ilp_v4,optimal,1,41.201215,34.494109,1.194442,0.280715,0.0,,0.280715,0.329208,3,0,0
rho\set35\rho_0.5.py,rho,35,rho,0.5,2,5,5,0.5,0.5,0.5,0.6,1.0,0.5,34.500001,40,15,46.000001,69.000001,21.400001,1,1,1035,0,greedy_sps_baseline,infeasible,0,,46.000001,,0.000688,,over budget: E=46.0000 > B=34.5000,0.000688,0.001069,3,0,0
rho\set35\rho_0.6.py,rho,35,rho,0.6,2,5,5,0.5,0.5,0.6,0.6,1.0,0.5,41.400001,40,15,46.000001,69.000001,21.400001,1,1,1035,0,ilp_v2,optimal,1,47.395538,41.324441,1.146913,0.044485,0.0,,0.044485,0.050727,3,0,0
rho\set35\rho_0.6.py,rho,35,rho,0.6,2,5,5,0.5,0.5,0.6,0.6,1.0,0.5,41.400001,40,15,46.000001,69.000001,21.400001,1,1,1035,0,ilp_v3,optimal,1,44.549414,41.330389,1.077885,0.072102,0.0,,0.072102,0.079933,3,0,0
rho\set35\rho_0.6.py,rho,35,rho,0.6,2,5,5,0.5,0.5,0.6,0.6,1.0,0.5,41.400001,40,15,46.000001,69.000001,21.400001,1,1,1035,0,ilp_v4,optimal,1,47.395537,41.316314,1.147139,0.22686,0.0,,0.22686,0.231403,3,0,0
rho\set35\rho_0.6.py,rho,35,rho,0.6,2,5,5,0.5,0.5,0.6,0.6,1.0,0.5,41.400001,40,15,46.000001,69.000001,21.400001,1,1,1035,0,greedy_sps_baseline,infeasible,0,,46.000001,,0.000645,,over budget: E=46.0000 > B=41.4000,0.000645,0.000847,3,0,0
rho\set35\rho_0.7.py,rho,35,rho,0.7,2,5,5,0.5,0.5,0.7,0.6,1.0,0.5,48.300001,40,15,46.000001,69.000001,21.400001,1,1,1035,0,ilp_v2,optimal,1,57.070874,48.244612,1.182948,0.105654,0.0,,0.105654,0.11116,3,0,0
rho\set35\rho_0.7.py,rho,35,rho,0.7,2,5,5,0.5,0.5,0.7,0.6,1.0,0.5,48.300001,40,15,46.000001,69.000001,21.400001,1,1,1035,0,ilp_v3,optimal,1,54.434874,47.758535,1.139794,0.017733,0.0,,0.017733,0.020098,3,0,0
rho\set35\rho_0.7.py,rho,35,rho,0.7,2,5,5,0.5,0.5,0.7,0.6,1.0,0.5,48.300001,40,15,46.000001,69.000001,21.400001,1,1,1035,0,ilp_v4,optimal,1,60.629196,48.279357,1.2558,0.092674,0.0,,0.092674,0.12076,3,0,0
rho\set35\rho_0.7.py,rho,35,rho,0.7,2,5,5,0.5,0.5,0.7,0.6,1.0,0.5,48.300001,40,15,46.000001,69.000001,21.400001,1,1,1035,0,greedy_sps_baseline,solved,1,9.469521,48.279193,0.196141,0.003571,,,0.003571,0.003693,3,0,0
rho\set35\rho_0.8.py,rho,35,rho,0.8,2,5,5,0.5,0.5,0.8,0.6,1.0,0.5,55.200001,40,15,46.000001,69.000001,21.400001,1,1,1035,0,ilp_v2,optimal,1,66.487631,55.126137,1.2061,0.023699,0.0,,0.023699,0.026933,3,0,0
rho\set35\rho_0.8.py,rho,35,rho,0.8,2,5,5,0.5,0.5,0.8,0.6,1.0,0.5,55.200001,40,15,46.000001,69.000001,21.400001,1,1,1035,0,ilp_v3,optimal,1,61.818028,55.159986,1.120704,0.040695,0.0,,0.040695,0.041582,3,0,0
rho\set35\rho_0.8.py,rho,35,rho,0.8,2,5,5,0.5,0.5,0.8,0.6,1.0,0.5,55.200001,40,15,46.000001,69.000001,21.400001,1,1,1035,0,ilp_v4,optimal,1,67.668533,50.85685,1.330569,0.087543,0.0,,0.087543,0.118811,3,0,0
rho\set35\rho_0.8.py,rho,35,rho,0.8,2,5,5,0.5,0.5,0.8,0.6,1.0,0.5,55.200001,40,15,46.000001,69.000001,21.400001,1,1,1035,0,greedy_sps_baseline,solved,1,29.258721,54.168962,0.540138,0.004757,,,0.004757,0.006632,3,0,0
rho\set35\rho_0.9.py,rho,35,rho,0.9,2,5,5,0.5,0.5,0.9,0.6,1.0,0.5,62.100001,40,15,46.000001,69.000001,21.400001,1,1,1035,0,ilp_v2,optimal,1,67.668533,61.017851,1.108996,0.013104,0.0,,0.013104,0.016637,3,0,0
rho\set35\rho_0.9.py,rho,35,rho,0.9,2,5,5,0.5,0.5,0.9,0.6,1.0,0.5,62.100001,40,15,46.000001,69.000001,21.400001,1,1,1035,0,ilp_v3,optimal,1,66.817814,58.828575,1.135805,0.014709,0.0,,0.014709,0.018955,3,0,0
rho\set35\rho_0.9.py,rho,35,rho,0.9,2,5,5,0.5,0.5,0.9,0.6,1.0,0.5,62.100001,40,15,46.000001,69.000001,21.400001,1,1,1035,0,ilp_v4,optimal,1,67.668533,61.017851,1.108996,0.039319,0.0,,0.039319,0.057753,3,0,0
rho\set35\rho_0.9.py,rho,35,rho,0.9,2,5,5,0.5,0.5,0.9,0.6,1.0,0.5,62.100001,40,15,46.000001,69.000001,21.400001,1,1,1035,0,greedy_sps_baseline,solved,1,46.473211,60.81593,0.764162,0.005041,,,0.005041,0.005416,3,0,0
rho\set35\rho_1.py,rho,35,rho,1,2,5,5,0.5,0.5,1.0,0.6,1.0,0.5,69.000001,40,15,46.000001,69.000001,21.400001,1,1,1035,0,ilp_v2,optimal,1,67.668533,67.710963,0.999373,0.006168,0.0,,0.006168,0.007236,3,0,0
rho\set35\rho_1.py,rho,35,rho,1,2,5,5,0.5,0.5,1.0,0.6,1.0,0.5,69.000001,40,15,46.000001,69.000001,21.400001,1,1,1035,0,ilp_v3,optimal,1,66.817814,67.481266,0.990168,0.0063,0.0,,0.0063,0.007459,3,0,0
rho\set35\rho_1.py,rho,35,rho,1,2,5,5,0.5,0.5,1.0,0.6,1.0,0.5,69.000001,40,15,46.000001,69.000001,21.400001,1,1,1035,0,ilp_v4,optimal,1,67.668533,67.710963,0.999373,0.029115,0.0,,0.029115,0.031574,3,0,0
rho\set35\rho_1.py,rho,35,rho,1,2,5,5,0.5,0.5,1.0,0.6,1.0,0.5,69.000001,40,15,46.000001,69.000001,21.400001,1,1,1035,0,greedy_sps_baseline,solved,1,61.051704,66.445069,0.91883,0.004837,,,0.004837,0.006962,3,0,0
rho\set36\rho_0.2.py,rho,36,rho,0.2,2,5,5,0.5,0.5,0.2,0.6,1.0,0.5,13.799999,40,15,46.000002,68.999997,22.042858,1,1,1036,0,ilp_v2,infeasible,0,,,,0.002594,,,0.002594,0.003991,3,0,0
rho\set36\rho_0.2.py,rho,36,rho,0.2,2,5,5,0.5,0.5,0.2,0.6,1.0,0.5,13.799999,40,15,46.000002,68.999997,22.042858,1,1,1036,0,ilp_v3,infeasible,0,,,,0.003787,,,0.003787,0.005601,3,0,0
rho\set36\rho_0.2.py,rho,36,rho,0.2,2,5,5,0.5,0.5,0.2,0.6,1.0,0.5,13.799999,40,15,46.000002,68.999997,22.042858,1,1,1036,0,ilp_v4,infeasible,0,,,,0.003354,,,0.003354,0.003965,3,0,0
rho\set36\rho_0.2.py,rho,36,rho,0.2,2,5,5,0.5,0.5,0.2,0.6,1.0,0.5,13.799999,40,15,46.000002,68.999997,22.042858,1,1,1036,0,greedy_sps_baseline,infeasible,0,,46.000002,,0.000349,,over budget: E=46.0000 > B=13.8000,0.000349,0.000508,3,0,0
rho\set36\rho_0.3.py,rho,36,rho,0.3,2,5,5,0.5,0.5,0.3,0.6,1.0,0.5,20.699999,40,15,46.000002,68.999997,22.042858,1,1,1036,0,ilp_v2,infeasible,0,,,,0.002913,,,0.002913,0.008496,3,0,0
rho\set36\rho_0.3.py,rho,36,rho,0.3,2,5,5,0.5,0.5,0.3,0.6,1.0,0.5,20.699999,40,15,46.000002,68.999997,22.042858,1,1,1036,0,ilp_v3,infeasible,0,,,,0.003969,,,0.003969,0.006642,3,0,0
rho\set36\rho_0.3.py,rho,36,rho,0.3,2,5,5,0.5,0.5,0.3,0.6,1.0,0.5,20.699999,40,15,46.000002,68.999997,22.042858,1,1,1036,0,ilp_v4,infeasible,0,,,,0.003842,,,0.003842,0.004235,3,0,0
rho\set36\rho_0.3.py,rho,36,rho,0.3,2,5,5,0.5,0.5,0.3,0.6,1.0,0.5,20.699999,40,15,46.000002,68.999997,22.042858,1,1,1036,0,greedy_sps_baseline,infeasible,0,,46.000002,,0.000352,,over budget: E=46.0000 > B=20.7000,0.000352,0.000437,3,0,0
rho\set36\rho_0.4.py,rho,36,rho,0.4,2,5,5,0.5,0.5,0.4,0.6,1.0,0.5,27.599999,40,15,46.000002,68.999997,22.042858,1,1,1036,0,ilp_v2,optimal,1,18.340355,27.594493,0.664638,0.036124,0.0,,0.036124,0.043195,3,0,0
rho\set36\rho_0.4.py,rho,36,rho,0.4,2,5,5,0.5,0.5,0.4,0.6,1.0,0.5,27.599999,40,15,46.000002,68.999997,22.042858,1,1,1036,0,ilp_v3,optimal,1,18.340355,27.594493,0.664638,0.040111,0.0,,0.040111,0.043348,3,0,0
rho\set36\rho_0.4.py,rho,36,rho,0.4,2,5,5,0.5,0.5,0.4,0.6,1.0,0.5,27.599999,40,15,46.000002,68.999997,22.042858,1,1,1036,0,ilp_v4,optimal,1,19.028706,27.549972,0.690698,0.31982,4.8e-05,,0.31982,0.340736,3,0,0
rho\set36\rho_0.4.py,rho,36,rho,0.4,2,5,5,0.5,0.5,0.4,0.6,1.0,0.5,27.599999,40,15,46.000002,68.999997,22.042858,1,1,1036,0,greedy_sps_baseline,infeasible,0,,46.000002,,0.00065,,over budget: E=46.0000 > B=27.6000,0.00065,0.000922,3,0,0
rho\set36\rho_0.5.py,rho,36,rho,0.5,2,5,5,0.5,0.5,0.5,0.6,1.0,0.5,34.499998,40,15,46.000002,68.999997,22.042858,1,1,1036,0,ilp_v2,optimal,1,35.666923,34.454659,1.035184,0.175501,0.0,,0.175501,0.181357,3,0,0
rho\set36\rho_0.5.py,rho,36,rho,0.5,2,5,5,0.5,0.5,0.5,0.6,1.0,0.5,34.499998,40,15,46.000002,68.999997,22.042858,1,1,1036,0,ilp_v3,optimal,1,38.351927,34.467214,1.112707,0.392273,0.0,,0.392273,0.401911,3,0,0
rho\set36\rho_0.5.py,rho,36,rho,0.5,2,5,5,0.5,0.5,0.5,0.6,1.0,0.5,34.499998,40,15,46.000002,68.999997,22.042858,1,1,1036,0,ilp_v4,optimal,1,35.273012,34.499769,1.022413,0.468956,0.0,,0.468956,0.80467,3,0,0
rho\set36\rho_0.5.py,rho,36,rho,0.5,2,5,5,0.5,0.5,0.5,0.6,1.0,0.5,34.499998,40,15,46.000002,68.999997,22.042858,1,1,1036,0,greedy_sps_baseline,infeasible,0,,46.000002,,0.000795,,over budget: E=46.0000 > B=34.5000,0.000795,0.000994,3,0,0
rho\set36\rho_0.6.py,rho,36,rho,0.6,2,5,5,0.5,0.5,0.6,0.6,1.0,0.5,41.399998,40,15,46.000002,68.999997,22.042858,1,1,1036,0,ilp_v2,optimal,1,50.799038,41.373172,1.227826,0.184251,0.0,,0.184251,0.204253,3,0,0
rho\set36\rho_0.6.py,rho,36,rho,0.6,2,5,5,0.5,0.5,0.6,0.6,1.0,0.5,41.399998,40,15,46.000002,68.999997,22.042858,1,1,1036,0,ilp_v3,optimal,1,52.437505,41.374119,1.267399,0.528071,0.0,,0.528071,0.648434,3,0,0
rho\set36\rho_0.6.py,rho,36,rho,0.6,2,5,5,0.5,0.5,0.6,0.6,1.0,0.5,41.399998,40,15,46.000002,68.999997,22.042858,1,1,1036,0,ilp_v4,optimal,1,50.142103,41.251295,1.215528,0.374194,0.0,,0.374194,0.427977,3,0,0
rho\set36\rho_0.6.py,rho,36,rho,0.6,2,5,5,0.5,0.5,0.6,0.6,1.0,0.5,41.399998,40,15,46.000002,68.999997,22.042858,1,1,1036,0,greedy_sps_baseline,infeasible,0,,46.000002,,0.000798,,over budget: E=46.0000 > B=41.4000,0.000798,0.000837,3,0,0
rho\set36\rho_0.7.py,rho,36,rho,0.7,2,5,5,0.5,0.5,0.7,0.6,1.0,0.5,48.299998,40,15,46.000002,68.999997,22.042858,1,1,1036,0,ilp_v2,optimal,1,61.031712,48.185041,1.266611,0.03496,0.0,,0.03496,0.042853,3,0,0
rho\set36\rho_0.7.py,rho,36,rho,0.7,2,5,5,0.5,0.5,0.7,0.6,1.0,0.5,48.299998,40,15,46.000002,68.999997,22.042858,1,1,1036,0,ilp_v3,optimal,1,61.031712,47.913752,1.273783,0.023266,0.0,,0.023266,0.023718,3,0,0
rho\set36\rho_0.7.py,rho,36,rho,0.7,2,5,5,0.5,0.5,0.7,0.6,1.0,0.5,48.299998,40,15,46.000002,68.999997,22.042858,1,1,1036,0,ilp_v4,optimal,1,60.390691,47.98863,1.258437,0.126668,0.0,,0.126668,0.149587,3,0,0
rho\set36\rho_0.7.py,rho,36,rho,0.7,2,5,5,0.5,0.5,0.7,0.6,1.0,0.5,48.299998,40,15,46.000002,68.999997,22.042858,1,1,1036,0,greedy_sps_baseline,solved,1,7.552691,48.207722,0.15667,0.001136,,,0.001136,0.001263,3,0,0
rho\set36\rho_0.8.py,rho,36,rho,0.8,2,5,5,0.5,0.5,0.8,0.6,1.0,0.5,55.199997,40,15,46.000002,68.999997,22.042858,1,1,1036,0,ilp_v2,optimal,1,62.483714,50.747865,1.231258,0.011594,0.0,,0.011594,0.018607,3,0,0
rho\set36\rho_0.8.py,rho,36,rho,0.8,2,5,5,0.5,0.5,0.8,0.6,1.0,0.5,55.199997,40,15,46.000002,68.999997,22.042858,1,1,1036,0,ilp_v3,optimal,1,62.483714,53.205,1.174396,0.01206,0.0,,0.01206,0.012528,3,0,0
rho\set36\rho_0.8.py,rho,36,rho,0.8,2,5,5,0.5,0.5,0.8,0.6,1.0,0.5,55.199997,40,15,46.000002,68.999997,22.042858,1,1,1036,0,ilp_v4,optimal,1,62.483714,53.704746,1.163467,0.043564,0.0,,0.043564,0.059482,3,0,0
rho\set36\rho_0.8.py,rho,36,rho,0.8,2,5,5,0.5,0.5,0.8,0.6,1.0,0.5,55.199997,40,15,46.000002,68.999997,22.042858,1,1,1036,0,greedy_sps_baseline,solved,1,26.331261,54.658049,0.481745,0.00256,,,0.00256,0.004242,3,0,0
rho\set36\rho_0.9.py,rho,36,rho,0.9,2,5,5,0.5,0.5,0.9,0.6,1.0,0.5,62.099997,40,15,46.000002,68.999997,22.042858,1,1,1036,0,ilp_v2,optimal,1,62.483714,54.281994,1.151095,0.011588,0.0,,0.011588,0.013868,3,0,0
rho\set36\rho_0.9.py,rho,36,rho,0.9,2,5,5,0.5,0.5,0.9,0.6,1.0,0.5,62.099997,40,15,46.000002,68.999997,22.042858,1,1,1036,0,ilp_v3,optimal,1,62.483714,61.311603,1.019117,0.007186,0.0,,0.007186,0.008937,3,0,0
rho\set36\rho_0.9.py,rho,36,rho,0.9,2,5,5,0.5,0.5,0.9,0.6,1.0,0.5,62.099997,40,15,46.000002,68.999997,22.042858,1,1,1036,0,ilp_v4,optimal,1,62.483714,52.582993,1.188288,0.031499,0.0,,0.031499,0.044121,3,0,0
rho\set36\rho_0.9.py,rho,36,rho,0.9,2,5,5,0.5,0.5,0.9,0.6,1.0,0.5,62.099997,40,15,46.000002,68.999997,22.042858,1,1,1036,0,greedy_sps_baseline,solved,1,46.204412,61.747887,0.748275,0.003255,,,0.003255,0.003562,3,0,0
rho\set36\rho_1.py,rho,36,rho,1,2,5,5,0.5,0.5,1.0,0.6,1.0,0.5,68.999997,40,15,46.000002,68.999997,22.042858,1,1,1036,0,ilp_v2,optimal,1,62.483714,68.999997,0.905561,0.003882,0.0,,0.003882,0.007014,3,0,0
rho\set36\rho_1.py,rho,36,rho,1,2,5,5,0.5,0.5,1.0,0.6,1.0,0.5,68.999997,40,15,46.000002,68.999997,22.042858,1,1,1036,0,ilp_v3,optimal,1,62.483714,68.999997,0.905561,0.007563,0.0,,0.007563,0.012067,3,0,0
rho\set36\rho_1.py,rho,36,rho,1,2,5,5,0.5,0.5,1.0,0.6,1.0,0.5,68.999997,40,15,46.000002,68.999997,22.042858,1,1,1036,0,ilp_v4,optimal,1,62.483714,68.999997,0.905561,0.015774,0.0,,0.015774,0.022089,3,0,0
rho\set36\rho_1.py,rho,36,rho,1,2,5,5,0.5,0.5,1.0,0.6,1.0,0.5,68.999997,40,15,46.000002,68.999997,22.042858,1,1,1036,0,greedy_sps_baseline,solved,1,62.483714,68.999997,0.905561,0.003861,,,0.003861,0.00491,3,0,0
rho\set37\rho_0.2.py,rho,37,rho,0.2,2,5,5,0.5,0.5,0.2,0.6,1.0,0.5,13.8,40,15,46.000001,68.999998,22.042858,1,1,1037,0,ilp_v2,infeasible,0,,,,0.003811,,,0.003811,0.004683,3,0,0
rho\set37\rho_0.2.py,rho,37,rho,0.2,2,5,5,0.5,0.5,0.2,0.6,1.0,0.5,13.8,40,15,46.000001,68.999998,22.042858,1,1,1037,0,ilp_v3,infeasible,0,,,,0.003441,,,0.003441,0.003828,3,0,0
rho\set37\rho_0.2.py,rho,37,rho,0.2,2,5,5,0.5,0.5,0.2,0.6,1.0,0.5,13.8,40,15,46.000001,68.999998,22.042858,1,1,1037,0,ilp_v4,infeasible,0,,,,0.003599,,,0.003599,0.004268,3,0,0
rho\set37\rho_0.2.py,rho,37,rho,0.2,2,5,5,0.5,0.5,0.2,0.6,1.0,0.5,13.8,40,15,46.000001,68.999998,22.042858,1,1,1037,0,greedy_sps_baseline,infeasible,0,,46.000001,,0.000374,,over budget: E=46.0000 > B=13.8000,0.000374,0.000472,3,0,0
rho\set37\rho_0.3.py,rho,37,rho,0.3,2,5,5,0.5,0.5,0.3,0.6,1.0,0.5,20.699999,40,15,46.000001,68.999998,22.042858,1,1,1037,0,ilp_v2,infeasible,0,,,,0.003423,,,0.003423,0.004485,3,0,0
rho\set37\rho_0.3.py,rho,37,rho,0.3,2,5,5,0.5,0.5,0.3,0.6,1.0,0.5,20.699999,40,15,46.000001,68.999998,22.042858,1,1,1037,0,ilp_v3,infeasible,0,,,,0.003496,,,0.003496,0.005292,3,0,0
rho\set37\rho_0.3.py,rho,37,rho,0.3,2,5,5,0.5,0.5,0.3,0.6,1.0,0.5,20.699999,40,15,46.000001,68.999998,22.042858,1,1,1037,0,ilp_v4,infeasible,0,,,,0.003472,,,0.003472,0.007919,3,0,0
rho\set37\rho_0.3.py,rho,37,rho,0.3,2,5,5,0.5,0.5,0.3,0.6,1.0,0.5,20.699999,40,15,46.000001,68.999998,22.042858,1,1,1037,0,greedy_sps_baseline,infeasible,0,,46.000001,,0.000847,,over budget: E=46.0000 > B=20.7000,0.000847,0.000913,3,0,0
rho\set37\rho_0.4.py,rho,37,rho,0.4,2,5,5,0.5,0.5,0.4,0.6,1.0,0.5,27.599999,40,15,46.000001,68.999998,22.042858,1,1,1037,0,ilp_v2,optimal,1,14.928676,27.598466,0.540924,0.103159,0.0,,0.103159,0.1192,3,0,0
rho\set37\rho_0.4.py,rho,37,rho,0.4,2,5,5,0.5,0.5,0.4,0.6,1.0,0.5,27.599999,40,15,46.000001,68.999998,22.042858,1,1,1037,0,ilp_v3,optimal,1,15.729129,27.581162,0.570285,0.029021,0.0,,0.029021,0.029757,3,0,0
rho\set37\rho_0.4.py,rho,37,rho,0.4,2,5,5,0.5,0.5,0.4,0.6,1.0,0.5,27.599999,40,15,46.000001,68.999998,22.042858,1,1,1037,0,ilp_v4,optimal,1,14.928676,27.598466,0.540924,0.243116,0.0,,0.243116,0.260998,3,0,0
rho\set37\rho_0.4.py,rho,37,rho,0.4,2,5,5,0.5,0.5,0.4,0.6,1.0,0.5,27.599999,40,15,46.000001,68.999998,22.042858,1,1,1037,0,greedy_sps_baseline,infeasible,0,,46.000001,,0.00088,,over budget: E=46.0000 > B=27.6000,0.00088,0.000925,3,0,0
rho\set37\rho_0.5.py,rho,37,rho,0.5,2,5,5,0.5,0.5,0.5,0.6,1.0,0.5,34.499999,40,15,46.000001,68.999998,22.042858,1,1,1037,0,ilp_v2,optimal,1,24.269192,33.85134,0.716934,0.025199,0.0,,0.025199,0.026953,3,0,0
rho\set37\rho_0.5.py,rho,37,rho,0.5,2,5,5,0.5,0.5,0.5,0.6,1.0,0.5,34.499999,40,15,46.000001,68.999998,22.042858,1,1,1037,0,ilp_v3,optimal,1,24.269192,33.114396,0.732889,0.018349,0.0,,0.018349,0.020991,3,0,0
rho\set37\rho_0.5.py,rho,37,rho,0.5,2,5,5,0.5,0.5,0.5,0.6,1.0,0.5,34.499999,40,15,46.000001,68.999998,22.042858,1,1,1037,0,ilp_v4,optimal,1,28.500649,34.495509,0.826213,0.384971,0.0,,0.384971,0.396484,3,0,0
rho\set37\rho_0.5.py,rho,37,rho,0.5,2,5,5,0.5,0.5,0.5,0.6,1.0,0.5,34.499999,40,15,46.000001,68.999998,22.042858,1,1,1037,0,greedy_sps_baseline,infeasible,0,,46.000001,,0.000871,,over budget: E=46.0000 > B=34.5000,0.000871,0.001031,3,0,0
rho\set37\rho_0.6.py,rho,37,rho,0.6,2,5,5,0.5,0.5,0.6,0.6,1.0,0.5,41.399999,40,15,46.000001,68.999998,22.042858,1,1,1037,0,ilp_v2,optimal,1,34.093123,41.389159,0.823721,0.145858,0.0,,0.145858,0.158676,3,0,0
rho\set37\rho_0.6.py,rho,37,rho,0.6,2,5,5,0.5,0.5,0.6,0.6,1.0,0.5,41.399999,40,15,46.000001,68.999998,22.042858,1,1,1037,0,ilp_v3,optimal,1,32.392289,40.011284,0.809579,0.026599,0.0,,0.026599,0.032715,3,0,0
rho\set37\rho_0.6.py,rho,37,rho,0.6,2,5,5,0.5,0.5,0.6,0.6,1.0,0.5,41.399999,40,15,46.000001,68.999998,22.042858,1,1,1037,0,ilp_v4,optimal,1,34.963634,41.343206,0.845692,0.212985,0.0,,0.212985,0.233869,3,0,0
rho\set37\rho_0.6.py,rho,37,rho,0.6,2,5,5,0.5,0.5,0.6,0.6,1.0,0.5,41.399999,40,15,46.000001,68.999998,22.042858,1,1,1037,0,greedy_sps_baseline,infeasible,0,,46.000001,,0.00068,,over budget: E=46.0000 > B=41.4000,0.00068,0.000807,3,0,0
rho\set37\rho_0.7.py,rho,37,rho,0.7,2,5,5,0.5,0.5,0.7,0.6,1.0,0.5,48.299998,40,15,46.000001,68.999998,22.042858,1,1,1037,0,ilp_v2,optimal,1,39.230459,48.299101,0.81224,0.152246,0.0,,0.152246,0.180531,3,0,0
rho\set37\rho_0.7.py,rho,37,rho,0.7,2,5,5,0.5,0.5,0.7,0.6,1.0,0.5,48.299998,40,15,46.000001,68.999998,22.042858,1,1,1037,0,ilp_v3,optimal,1,38.339285,48.16334,0.796026,0.023712,0.0,,0.023712,0.032789,3,0,0
rho\set37\rho_0.7.py,rho,37,rho,0.7,2,5,5,0.5,0.5,0.7,0.6,1.0,0.5,48.299998,40,15,46.000001,68.999998,22.042858,1,1,1037,0,ilp_v4,optimal,1,39.230459,48.299101,0.81224,0.219362,0.0,,0.219362,0.278001,3,0,0
rho\set37\rho_0.7.py,rho,37,rho,0.7,2,5,5,0.5,0.5,0.7,0.6,1.0,0.5,48.299998,40,15,46.000001,68.999998,22.042858,1,1,1037,0,greedy_sps_baseline,solved,1,8.933355,48.29999,0.184956,0.010516,,,0.010516,0.011959,3,0,0
rho\set37\rho_0.8.py,rho,37,rho,0.8,2,5,5,0.5,0.5,0.8,0.6,1.0,0.5,55.199998,40,15,46.000001,68.999998,22.042858,1,1,1037,0,ilp_v2,optimal,1,44.286281,55.0502,0.804471,0.015607,0.0,,0.015607,0.019064,3,0,0
rho\set37\rho_0.8.py,rho,37,rho,0.8,2,5,5,0.5,0.5,0.8,0.6,1.0,0.5,55.199998,40,15,46.000001,68.999998,22.042858,1,1,1037,0,ilp_v3,optimal,1,38.339285,55.033736,0.696651,0.01539,0.0,,0.01539,0.022677,3,0,0
rho\set37\rho_0.8.py,rho,37,rho,0.8,2,5,5,0.5,0.5,0.8,0.6,1.0,0.5,55.199998,40,15,46.000001,68.999998,22.042858,1,1,1037,0,ilp_v4,optimal,1,44.286281,54.341643,0.81496,0.081324,0.0,,0.081324,0.10048,3,0,0
rho\set37\rho_0.8.py,rho,37,rho,0.8,2,5,5,0.5,0.5,0.8,0.6,1.0,0.5,55.199998,40,15,46.000001,68.999998,22.042858,1,1,1037,0,greedy_sps_baseline,solved,1,16.146095,50.361966,0.320601,0.008075,,,0.008075,0.010014,3,0,0
rho\set37\rho_0.9.py,rho,37,rho,0.9,2,5,5,0.5,0.5,0.9,0.6,1.0,0.5,62.099998,40,15,46.000001,68.999998,22.042858,1,1,1037,0,ilp_v2,optimal,1,44.286281,61.103152,0.724779,0.008449,0.0,,0.008449,0.010598,3,0,0
rho\set37\rho_0.9.py,rho,37,rho,0.9,2,5,5,0.5,0.5,0.9,0.6,1.0,0.5,62.099998,40,15,46.000001,68.999998,22.042858,1,1,1037,0,ilp_v3,optimal,1,44.286281,61.747306,0.717218,0.014015,0.0,,0.014015,0.017492,3,0,0
rho\set37\rho_0.9.py,rho,37,rho,0.9,2,5,5,0.5,0.5,0.9,0.6,1.0,0.5,62.099998,40,15,46.000001,68.999998,22.042858,1,1,1037,0,ilp_v4,optimal,1,44.286281,61.103152,0.724779,0.03961,0.0,,0.03961,0.053497,3,0,0
rho\set37\rho_0.9.py,rho,37,rho,0.9,2,5,5,0.5,0.5,0.9,0.6,1.0,0.5,62.099998,40,15,46.000001,68.999998,22.042858,1,1,1037,0,greedy_sps_baseline,solved,1,32.392289,61.122275,0.529959,0.006561,,,0.006561,0.008996,3,0,0
rho\set37\rho_1.py,rho,37,rho,1,2,5,5,0.5,0.5,1.0,0.6,1.0,0.5,68.999998,40,15,46.000001,68.999998,22.042858,1,1,1037,0,ilp_v2,optimal,1,44.286281,68.999998,0.64183,0.010782,0.0,,0.010782,0.011729,3,0,0
rho\set37\rho_1.py,rho,37,rho,1,2,5,5,0.5,0.5,1.0,0.6,1.0,0.5,68.999998,40,15,46.000001,68.999998,22.042858,1,1,1037,0,ilp_v3,optimal,1,44.286281,68.999998,0.64183,0.009836,0.0,,0.009836,0.013275,3,0,0
rho\set37\rho_1.py,rho,37,rho,1,2,5,5,0.5,0.5,1.0,0.6,1.0,0.5,68.999998,40,15,46.000001,68.999998,22.042858,1,1,1037,0,ilp_v4,optimal,1,44.286281,68.999998,0.64183,0.023484,0.0,,0.023484,0.034624,3,0,0
rho\set37\rho_1.py,rho,37,rho,1,2,5,5,0.5,0.5,1.0,0.6,1.0,0.5,68.999998,40,15,46.000001,68.999998,22.042858,1,1,1037,0,greedy_sps_baseline,solved,1,44.286281,68.999998,0.64183,0.006011,,,0.006011,0.010349,3,0,0
rho\set38\rho_0.2.py,rho,38,rho,0.2,2,5,5,0.5,0.5,0.2,0.6,1.0,0.5,13.800001,40,13,46.000002,69.000006,21.400001,1,1,1038,0,ilp_v2,infeasible,0,,,,0.005237,,,0.005237,0.007551,3,0,0
rho\set38\rho_0.2.py,rho,38,rho,0.2,2,5,5,0.5,0.5,0.2,0.6,1.0,0.5,13.800001,40,13,46.000002,69.000006,21.400001,1,1,1038,0,ilp_v3,infeasible,0,,,,0.003163,,,0.003163,0.004941,3,0,0
rho\set38\rho_0.2.py,rho,38,rho,0.2,2,5,5,0.5,0.5,0.2,0.6,1.0,0.5,13.800001,40,13,46.000002,69.000006,21.400001,1,1,1038,0,ilp_v4,infeasible,0,,,,0.002961,,,0.002961,0.004603,3,0,0
rho\set38\rho_0.2.py,rho,38,rho,0.2,2,5,5,0.5,0.5,0.2,0.6,1.0,0.5,13.800001,40,13,46.000002,69.000006,21.400001,1,1,1038,0,greedy_sps_baseline,infeasible,0,,46.000002,,0.00033,,over budget: E=46.0000 > B=13.8000,0.00033,0.000445,3,0,0
rho\set38\rho_0.3.py,rho,38,rho,0.3,2,5,5,0.5,0.5,0.3,0.6,1.0,0.5,20.700002,40,13,46.000002,69.000006,21.400001,1,1,1038,0,ilp_v2,infeasible,0,,,,0.002816,,,0.002816,0.00386,3,0,0
rho\set38\rho_0.3.py,rho,38,rho,0.3,2,5,5,0.5,0.5,0.3,0.6,1.0,0.5,20.700002,40,13,46.000002,69.000006,21.400001,1,1,1038,0,ilp_v3,infeasible,0,,,,0.003031,,,0.003031,0.00489,3,0,0
rho\set38\rho_0.3.py,rho,38,rho,0.3,2,5,5,0.5,0.5,0.3,0.6,1.0,0.5,20.700002,40,13,46.000002,69.000006,21.400001,1,1,1038,0,ilp_v4,infeasible,0,,,,0.005455,,,0.005455,0.007461,3,0,0
rho\set38\rho_0.3.py,rho,38,rho,0.3,2,5,5,0.5,0.5,0.3,0.6,1.0,0.5,20.700002,40,13,46.000002,69.000006,21.400001,1,1,1038,0,greedy_sps_baseline,infeasible,0,,46.000002,,0.000629,,over budget: E=46.0000 > B=20.7000,0.000629,0.000733,3,0,0
rho\set38\rho_0.4.py,rho,38,rho,0.4,2,5,5,0.5,0.5,0.4,0.6,1.0,0.5,27.600002,40,13,46.000002,69.000006,21.400001,1,1,1038,0,ilp_v2,infeasible,0,,,,0.003016,,,0.003016,0.003913,3,0,0
rho\set38\rho_0.4.py,rho,38,rho,0.4,2,5,5,0.5,0.5,0.4,0.6,1.0,0.5,27.600002,40,13,46.000002,69.000006,21.400001,1,1,1038,0,ilp_v3,infeasible,0,,,,0.004011,,,0.004011,0.005927,3,0,0
rho\set38\rho_0.4.py,rho,38,rho,0.4,2,5,5,0.5,0.5,0.4,0.6,1.0,0.5,27.600002,40,13,46.000002,69.000006,21.400001,1,1,1038,0,ilp_v4,infeasible,0,,,,0.009256,,,0.009256,0.012242,3,0,0
rho\set38\rho_0.4.py,rho,38,rho,0.4,2,5,5,0.5,0.5,0.4,0.6,1.0,0.5,27.600002,40,13,46.000002,69.000006,21.400001,1,1,1038,0,greedy_sps_baseline,infeasible,0,,46.000002,,0.000581,,over budget: E=46.0000 > B=27.6000,0.000581,0.000791,3,0,0
rho\set38\rho_0.5.py,rho,38,rho,0.5,2,5,5,0.5,0.5,0.5,0.6,1.0,0.5,34.500003,40,13,46.000002,69.000006,21.400001,1,1,1038,0,ilp_v2,optimal,1,10.791785,34.484954,0.312942,0.046888,0.0,,0.046888,0.059748,3,0,0
rho\set38\rho_0.5.py,rho,38,rho,0.5,2,5,5,0.5,0.5,0.5,0.6,1.0,0.5,34.500003,40,13,46.000002,69.000006,21.400001,1,1,1038,0,ilp_v3,optimal,1,10.791785,34.484954,0.312942,0.057464,0.0,,0.057464,0.060375,3,0,0
rho\set38\rho_0.5.py,rho,38,rho,0.5,2,5,5,0.5,0.5,0.5,0.6,1.0,0.5,34.500003,40,13,46.000002,69.000006,21.400001,1,1,1038,0,ilp_v4,optimal,1,15.120775,34.483499,0.438493,0.222972,0.0,,0.222972,0.228259,3,0,0
rho\set38\rho_0.5.py,rho,38,rho,0.5,2,5,5,0.5,0.5,0.5,0.6,1.0,0.5,34.500003,40,13,46.000002,69.000006,21.400001,1,1,1038,0,greedy_sps_baseline,infeasible,0,,46.000002,,0.000635,,over budget: E=46.0000 > B=34.5000,0.000635,0.00074,3,0,0
rho\set38\rho_0.6.py,rho,38,rho,0.6,2,5,5,0.5,0.5,0.6,0.6,1.0,0.5,41.400003,40,13,46.000002,69.000006,21.400001,1,1,1038,0,ilp_v2,optimal,1,19.860386,41.309658,0.480769,0.048011,0.0,,0.048011,0.051516,3,0,0
rho\set38\rho_0.6.py,rho,38,rho,0.6,2,5,5,0.5,0.5,0.6,0.6,1.0,0.5,41.400003,40,13,46.000002,69.000006,21.400001,1,1,1038,0,ilp_v3,optimal,1,19.860386,41.309658,0.480769,0.052454,0.0,,0.052454,0.057187,3,0,0
rho\set38\rho_0.6.py,rho,38,rho,0.6,2,5,5,0.5,0.5,0.6,0.6,1.0,0.5,41.400003,40,13,46.000002,69.000006,21.400001,1,1,1038,0,ilp_v4,optimal,1,22.360687,41.38912,0.540255,0.136653,0.0,,0.136653,0.143543,3,0,0
rho\set38\rho_0.6.py,rho,38,rho,0.6,2,5,5,0.5,0.5,0.6,0.6,1.0,0.5,41.400003,40,13,46.000002,69.000006,21.400001,1,1,1038,0,greedy_sps_baseline,infeasible,0,,46.000002,,0.000631,,over budget: E=46.0000 > B=41.4000,0.000631,0.000752,3,0,0
rho\set38\rho_0.7.py,rho,38,rho,0.7,2,5,5,0.5,0.5,0.7,0.6,1.0,0.5,48.300004,40,13,46.000002,69.000006,21.400001,1,1,1038,0,ilp_v2,optimal,1,27.624976,48.2815,0.572165,0.024415,0.0,,0.024415,0.059253,3,0,0
rho\set38\rho_0.7.py,rho,38,rho,0.7,2,5,5,0.5,0.5,0.7,0.6,1.0,0.5,48.300004,40,13,46.000002,69.000006,21.400001,1,1,1038,0,ilp_v3,optimal,1,28.164907,47.943468,0.587461,0.037724,0.0,,0.037724,0.040046,3,0,0
rho\set38\rho_0.7.py,rho,38,rho,0.7,2,5,5,0.5,0.5,0.7,0.6,1.0,0.5,48.300004,40,13,46.000002,69.000006,21.400001,1,1,1038,0,ilp_v4,optimal,1,31.386997,47.421074,0.661879,0.1109,0.0,,0.1109,0.126068,3,0,0
rho\set38\rho_0.7.py,rho,38,rho,0.7,2,5,5,0.5,0.5,0.7,0.6,1.0,0.5,48.300004,40,13,46.000002,69.000006,21.400001,1,1,1038,0,greedy_sps_baseline,solved,1,6.318059,48.056819,0.131471,0.005243,,,0.005243,0.005413,3,0,0
rho\set38\rho_0.8.py,rho,38,rho,0.8,2,5,5,0.5,0.5,0.8,0.6,1.0,0.5,55.200005,40,13,46.000002,69.000006,21.400001,1,1,1038,0,ilp_v2,optimal,1,34.05707,54.886712,0.620498,0.014508,0.0,,0.014508,0.016686,3,0,0
rho\set38\rho_0.8.py,rho,38,rho,0.8,2,5,5,0.5,0.5,0.8,0.6,1.0,0.5,55.200005,40,13,46.000002,69.000006,21.400001,1,1,1038,0,ilp_v3,optimal,1,37.436226,55.067189,0.679828,0.024839,0.0,,0.024839,0.025905,3,0,0
rho\set38\rho_0.8.py,rho,38,rho,0.8,2,5,5,0.5,0.5,0.8,0.6,1.0,0.5,55.200005,40,13,46.000002,69.000006,21.400001,1,1,1038,0,ilp_v4,optimal,1,39.714932,54.982729,0.722316,0.081116,0.0,,0.081116,0.08996,3,0,0
rho\set38\rho_0.8.py,rho,38,rho,0.8,2,5,5,0.5,0.5,0.8,0.6,1.0,0.5,55.200005,40,13,46.000002,69.000006,21.400001,1,1,1038,0,greedy_sps_baseline,solved,1,15.822962,54.560828,0.290006,0.005939,,,0.005939,0.005979,3,0,0
rho\set38\rho_0.9.py,rho,38,rho,0.9,2,5,5,0.5,0.5,0.9,0.6,1.0,0.5,62.100005,40,13,46.000002,69.000006,21.400001,1,1,1038,0,ilp_v2,optimal,1,37.16626,59.775965,0.621759,0.015066,0.0,,0.015066,0.015668,3,0,0
rho\set38\rho_0.9.py,rho,38,rho,0.9,2,5,5,0.5,0.5,0.9,0.6,1.0,0.5,62.100005,40,13,46.000002,69.000006,21.400001,1,1,1038,0,ilp_v3,optimal,1,39.949233,62.011811,0.64422,0.024669,0.0,,0.024669,0.026918,3,0,0
rho\set38\rho_0.9.py,rho,38,rho,0.9,2,5,5,0.5,0.5,0.9,0.6,1.0,0.5,62.100005,40,13,46.000002,69.000006,21.400001,1,1,1038,0,ilp_v4,optimal,1,39.949233,60.341417,0.662053,0.038698,0.0,,0.038698,0.041538,3,0,0
rho\set38\rho_0.9.py,rho,38,rho,0.9,2,5,5,0.5,0.5,0.9,0.6,1.0,0.5,62.100005,40,13,46.000002,69.000006,21.400001,1,1,1038,0,greedy_sps_baseline,solved,1,28.164907,60.936233,0.462203,0.005895,,,0.005895,0.009507,3,0,0
rho\set38\rho_1.py,rho,38,rho,1,2,5,5,0.5,0.5,1.0,0.6,1.0,0.5,69.000006,40,13,46.000002,69.000006,21.400001,1,1,1038,0,ilp_v2,optimal,1,37.16626,67.177564,0.553254,0.004117,0.0,,0.004117,0.009655,3,0,0
rho\set38\rho_1.py,rho,38,rho,1,2,5,5,0.5,0.5,1.0,0.6,1.0,0.5,69.000006,40,13,46.000002,69.000006,21.400001,1,1,1038,0,ilp_v3,optimal,1,39.949233,69.000006,0.578974,0.003787,0.0,,0.003787,0.004182,3,0,0
rho\set38\rho_1.py,rho,38,rho,1,2,5,5,0.5,0.5,1.0,0.6,1.0,0.5,69.000006,40,13,46.000002,69.000006,21.400001,1,1,1038,0,ilp_v4,optimal,1,39.949233,69.000006,0.578974,0.015908,0.0,,0.015908,0.021346,3,0,0
rho\set38\rho_1.py,rho,38,rho,1,2,5,5,0.5,0.5,1.0,0.6,1.0,0.5,69.000006,40,13,46.000002,69.000006,21.400001,1,1,1038,0,greedy_sps_baseline,solved,1,35.785266,66.150689,0.540966,0.003672,,,0.003672,0.004307,3,0,0
rho\set39\rho_0.2.py,rho,39,rho,0.2,2,5,5,0.5,0.5,0.2,0.6,1.0,0.5,13.8,40,15,46.000001,68.999999,21.400001,1,1,1039,0,ilp_v2,infeasible,0,,,,0.003409,,,0.003409,0.0042,3,0,0
rho\set39\rho_0.2.py,rho,39,rho,0.2,2,5,5,0.5,0.5,0.2,0.6,1.0,0.5,13.8,40,15,46.000001,68.999999,21.400001,1,1,1039,0,ilp_v3,infeasible,0,,,,0.002705,,,0.002705,0.006432,3,0,0
rho\set39\rho_0.2.py,rho,39,rho,0.2,2,5,5,0.5,0.5,0.2,0.6,1.0,0.5,13.8,40,15,46.000001,68.999999,21.400001,1,1,1039,0,ilp_v4,infeasible,0,,,,0.002409,,,0.002409,0.002719,3,0,0
rho\set39\rho_0.2.py,rho,39,rho,0.2,2,5,5,0.5,0.5,0.2,0.6,1.0,0.5,13.8,40,15,46.000001,68.999999,21.400001,1,1,1039,0,greedy_sps_baseline,infeasible,0,,46.000001,,0.000344,,over budget: E=46.0000 > B=13.8000,0.000344,0.000425,3,0,0
rho\set39\rho_0.3.py,rho,39,rho,0.3,2,5,5,0.5,0.5,0.3,0.6,1.0,0.5,20.7,40,15,46.000001,68.999999,21.400001,1,1,1039,0,ilp_v2,infeasible,0,,,,0.004247,,,0.004247,0.005496,3,0,0
rho\set39\rho_0.3.py,rho,39,rho,0.3,2,5,5,0.5,0.5,0.3,0.6,1.0,0.5,20.7,40,15,46.000001,68.999999,21.400001,1,1,1039,0,ilp_v3,infeasible,0,,,,0.0023,,,0.0023,0.004456,3,0,0
rho\set39\rho_0.3.py,rho,39,rho,0.3,2,5,5,0.5,0.5,0.3,0.6,1.0,0.5,20.7,40,15,46.000001,68.999999,21.400001,1,1,1039,0,ilp_v4,infeasible,0,,,,0.002422,,,0.002422,0.003057,3,0,0
rho\set39\rho_0.3.py,rho,39,rho,0.3,2,5,5,0.5,0.5,0.3,0.6,1.0,0.5,20.7,40,15,46.000001,68.999999,21.400001,1,1,1039,0,greedy_sps_baseline,infeasible,0,,46.000001,,0.000432,,over budget: E=46.0000 > B=20.7000,0.000432,0.00074,3,0,0
rho\set39\rho_0.4.py,rho,39,rho,0.4,2,5,5,0.5,0.5,0.4,0.6,1.0,0.5,27.6,40,15,46.000001,68.999999,21.400001,1,1,1039,0,ilp_v2,optimal,1,-0.0,27.595954,-0.0,0.003092,0.0,,0.003092,0.003942,3,0,0
rho\set39\rho_0.4.py,rho,39,rho,0.4,2,5,5,0.5,0.5,0.4,0.6,1.0,0.5,27.6,40,15,46.000001,68.999999,21.400001,1,1,1039,0,ilp_v3,optimal,1,-0.0,27.595954,-0.0,0.004085,0.0,,0.004085,0.006594,3,0,0
rho\set39\rho_0.4.py,rho,39,rho,0.4,2,5,5,0.5,0.5,0.4,0.6,1.0,0.5,27.6,40,15,46.000001,68.999999,21.400001,1,1,1039,0,ilp_v4,optimal,1,1.919794,27.592879,0.069576,0.184615,0.0,,0.184615,0.230339,3,0,0
rho\set39\rho_0.4.py,rho,39,rho,0.4,2,5,5,0.5,0.5,0.4,0.6,1.0,0.5,27.6,40,15,46.000001,68.999999,21.400001,1,1,1039,0,greedy_sps_baseline,infeasible,0,,46.000001,,0.000347,,over budget: E=46.0000 > B=27.6000,0.000347,0.00044,3,0,0
rho\set39\rho_0.5.py,rho,39,rho,0.5,2,5,5,0.5,0.5,0.5,0.6,1.0,0.5,34.499999,40,15,46.000001,68.999999,21.400001,1,1,1039,0,ilp_v2,optimal,1,27.283235,34.492298,0.790995,0.145322,0.0,,0.145322,0.168645,3,0,0
rho\set39\rho_0.5.py,rho,39,rho,0.5,2,5,5,0.5,0.5,0.5,0.6,1.0,0.5,34.499999,40,15,46.000001,68.999999,21.400001,1,1,1039,0,ilp_v3,optimal,1,27.137842,34.493667,0.786749,0.021354,0.0,,0.021354,0.022051,3,0,0
rho\set39\rho_0.5.py,rho,39,rho,0.5,2,5,5,0.5,0.5,0.5,0.6,1.0,0.5,34.499999,40,15,46.000001,68.999999,21.400001,1,1,1039,0,ilp_v4,optimal,1,31.307529,34.488538,0.907766,0.275212,0.0,,0.275212,0.314705,3,0,0
rho\set39\rho_0.5.py,rho,39,rho,0.5,2,5,5,0.5,0.5,0.5,0.6,1.0,0.5,34.499999,40,15,46.000001,68.999999,21.400001,1,1,1039,0,greedy_sps_baseline,infeasible,0,,46.000001,,0.000634,,over budget: E=46.0000 > B=34.5000,0.000634,0.000984,3,0,0
rho\set39\rho_0.6.py,rho,39,rho,0.6,2,5,5,0.5,0.5,0.6,0.6,1.0,0.5,41.399999,40,15,46.000001,68.999999,21.400001,1,1,1039,0,ilp_v2,optimal,1,47.740508,41.373254,1.153898,0.037626,0.0,,0.037626,0.039933,3,0,0
rho\set39\rho_0.6.py,rho,39,rho,0.6,2,5,5,0.5,0.5,0.6,0.6,1.0,0.5,41.399999,40,15,46.000001,68.999999,21.400001,1,1,1039,0,ilp_v3,optimal,1,47.709486,41.302776,1.155116,0.08536,0.0,,0.08536,0.090761,3,0,0
rho\set39\rho_0.6.py,rho,39,rho,0.6,2,5,5,0.5,0.5,0.6,0.6,1.0,0.5,41.399999,40,15,46.000001,68.999999,21.400001,1,1,1039,0,ilp_v4,optimal,1,50.374498,41.398716,1.216813,0.154676,0.0,,0.154676,0.177091,3,0,0
rho\set39\rho_0.6.py,rho,39,rho,0.6,2,5,5,0.5,0.5,0.6,0.6,1.0,0.5,41.399999,40,15,46.000001,68.999999,21.400001,1,1,1039,0,greedy_sps_baseline,infeasible,0,,46.000001,,0.000857,,over budget: E=46.0000 > B=41.4000,0.000857,0.001004,3,0,0
rho\set39\rho_0.7.py,rho,39,rho,0.7,2,5,5,0.5,0.5,0.7,0.6,1.0,0.5,48.299999,40,15,46.000001,68.999999,21.400001,1,1,1039,0,ilp_v2,optimal,1,57.085345,47.84179,1.193211,0.021621,0.0,,0.021621,0.028002,3,0,0
rho\set39\rho_0.7.py,rho,39,rho,0.7,2,5,5,0.5,0.5,0.7,0.6,1.0,0.5,48.299999,40,15,46.000001,68.999999,21.400001,1,1,1039,0,ilp_v3,optimal,1,57.711494,48.110313,1.199566,0.020442,0.0,,0.020442,0.022244,3,0,0
rho\set39\rho_0.7.py,rho,39,rho,0.7,2,5,5,0.5,0.5,0.7,0.6,1.0,0.5,48.299999,40,15,46.000001,68.999999,21.400001,1,1,1039,0,ilp_v4,optimal,1,59.676689,48.296641,1.235628,0.107596,0.0,,0.107596,0.111755,3,0,0
rho\set39\rho_0.7.py,rho,39,rho,0.7,2,5,5,0.5,0.5,0.7,0.6,1.0,0.5,48.299999,40,15,46.000001,68.999999,21.400001,1,1,1039,0,greedy_sps_baseline,solved,1,7.422651,48.097219,0.154326,0.001801,,,0.001801,0.004298,3,0,0
rho\set39\rho_0.8.py,rho,39,rho,0.8,2,5,5,0.5,0.5,0.8,0.6,1.0,0.5,55.199999,40,15,46.000001,68.999999,21.400001,1,1,1039,0,ilp_v2,optimal,1,60.956552,54.502762,1.118412,0.010473,0.0,,0.010473,0.015194,3,0,0
rho\set39\rho_0.8.py,rho,39,rho,0.8,2,5,5,0.5,0.5,0.8,0.6,1.0,0.5,55.199999,40,15,46.000001,68.999999,21.400001,1,1,1039,0,ilp_v3,optimal,1,60.956552,54.873161,1.110863,0.017984,0.0,,0.017984,0.026677,3,0,0
rho\set39\rho_0.8.py,rho,39,rho,0.8,2,5,5,0.5,0.5,0.8,0.6,1.0,0.5,55.199999,40,15,46.000001,68.999999,21.400001,1,1,1039,0,ilp_v4,optimal,1,60.956552,54.754551,1.113269,0.052876,0.0,,0.052876,0.074311,3,0,0
rho\set39\rho_0.8.py,rho,39,rho,0.8,2,5,5,0.5,0.5,0.8,0.6,1.0,0.5,55.199999,40,15,46.000001,68.999999,21.400001,1,1,1039,0,greedy_sps_baseline,solved,1,31.264286,55.080709,0.567609,0.0022,,,0.0022,0.002291,3,0,0
rho\set39\rho_0.9.py,rho,39,rho,0.9,2,5,5,0.5,0.5,0.9,0.6,1.0,0.5,62.099999,40,15,46.000001,68.999999,21.400001,1,1,1039,0,ilp_v2,optimal,1,60.956552,61.77138,0.986809,0.006551,0.0,,0.006551,0.009096,3,0,0
rho\set39\rho_0.9.py,rho,39,rho,0.9,2,5,5,0.5,0.5,0.9,0.6,1.0,0.5,62.099999,40,15,46.000001,68.999999,21.400001,1,1,1039,0,ilp_v3,optimal,1,60.956552,58.728679,1.037935,0.00766,0.0,,0.00766,0.01066,3,0,0
rho\set39\rho_0.9.py,rho,39,rho,0.9,2,5,5,0.5,0.5,0.9,0.6,1.0,0.5,62.099999,40,15,46.000001,68.999999,21.400001,1,1,1039,0,ilp_v4,optimal,1,60.956552,58.797132,1.036727,0.036234,0.0,,0.036234,0.048855,3,0,0
rho\set39\rho_0.9.py,rho,39,rho,0.9,2,5,5,0.5,0.5,0.9,0.6,1.0,0.5,62.099999,40,15,46.000001,68.999999,21.400001,1,1,1039,0,greedy_sps_baseline,solved,1,49.660302,61.7488,0.804231,0.00483,,,0.00483,0.006991,3,0,0
rho\set39\rho_1.py,rho,39,rho,1,2,5,5,0.5,0.5,1.0,0.6,1.0,0.5,68.999999,40,15,46.000001,68.999999,21.400001,1,1,1039,0,ilp_v2,optimal,1,60.956552,68.999999,0.883428,0.006478,0.0,,0.006478,0.006921,3,0,0
rho\set39\rho_1.py,rho,39,rho,1,2,5,5,0.5,0.5,1.0,0.6,1.0,0.5,68.999999,40,15,46.000001,68.999999,21.400001,1,1,1039,0,ilp_v3,optimal,1,60.956552,68.999999,0.883428,0.006561,0.0,,0.006561,0.008416,3,0,0
rho\set39\rho_1.py,rho,39,rho,1,2,5,5,0.5,0.5,1.0,0.6,1.0,0.5,68.999999,40,15,46.000001,68.999999,21.400001,1,1,1039,0,ilp_v4,optimal,1,60.956552,68.999999,0.883428,0.012945,0.0,,0.012945,0.020592,3,0,0
rho\set39\rho_1.py,rho,39,rho,1,2,5,5,0.5,0.5,1.0,0.6,1.0,0.5,68.999999,40,15,46.000001,68.999999,21.400001,1,1,1039,0,greedy_sps_baseline,solved,1,60.956552,68.999999,0.883428,0.003337,,,0.003337,0.005181,3,0,0
rho\set40\rho_0.2.py,rho,40,rho,0.2,2,5,5,0.5,0.5,0.2,0.6,1.0,0.5,13.8,40,13,46.000001,69.0,21.400001,1,1,1040,0,ilp_v2,infeasible,0,,,,0.003322,,,0.003322,0.00393,3,0,0
rho\set40\rho_0.2.py,rho,40,rho,0.2,2,5,5,0.5,0.5,0.2,0.6,1.0,0.5,13.8,40,13,46.000001,69.0,21.400001,1,1,1040,0,ilp_v3,infeasible,0,,,,0.003777,,,0.003777,0.004616,3,0,0
rho\set40\rho_0.2.py,rho,40,rho,0.2,2,5,5,0.5,0.5,0.2,0.6,1.0,0.5,13.8,40,13,46.000001,69.0,21.400001,1,1,1040,0,ilp_v4,infeasible,0,,,,0.003254,,,0.003254,0.00345,3,0,0
rho\set40\rho_0.2.py,rho,40,rho,0.2,2,5,5,0.5,0.5,0.2,0.6,1.0,0.5,13.8,40,13,46.000001,69.0,21.400001,1,1,1040,0,greedy_sps_baseline,infeasible,0,,46.000001,,0.000336,,over budget: E=46.0000 > B=13.8000,0.000336,0.000419,3,0,0
rho\set40\rho_0.3.py,rho,40,rho,0.3,2,5,5,0.5,0.5,0.3,0.6,1.0,0.5,20.7,40,13,46.000001,69.0,21.400001,1,1,1040,0,ilp_v2,infeasible,0,,,,0.002927,,,0.002927,0.003327,3,0,0
rho\set40\rho_0.3.py,rho,40,rho,0.3,2,5,5,0.5,0.5,0.3,0.6,1.0,0.5,20.7,40,13,46.000001,69.0,21.400001,1,1,1040,0,ilp_v3,infeasible,0,,,,0.002857,,,0.002857,0.005365,3,0,0
rho\set40\rho_0.3.py,rho,40,rho,0.3,2,5,5,0.5,0.5,0.3,0.6,1.0,0.5,20.7,40,13,46.000001,69.0,21.400001,1,1,1040,0,ilp_v4,infeasible,0,,,,0.00286,,,0.00286,0.005134,3,0,0
rho\set40\rho_0.3.py,rho,40,rho,0.3,2,5,5,0.5,0.5,0.3,0.6,1.0,0.5,20.7,40,13,46.000001,69.0,21.400001,1,1,1040,0,greedy_sps_baseline,infeasible,0,,46.000001,,0.000855,,over budget: E=46.0000 > B=20.7000,0.000855,0.001165,3,0,0
rho\set40\rho_0.4.py,rho,40,rho,0.4,2,5,5,0.5,0.5,0.4,0.6,1.0,0.5,27.6,40,13,46.000001,69.0,21.400001,1,1,1040,0,ilp_v2,infeasible,0,,,,0.004815,,,0.004815,0.007159,3,0,0
rho\set40\rho_0.4.py,rho,40,rho,0.4,2,5,5,0.5,0.5,0.4,0.6,1.0,0.5,27.6,40,13,46.000001,69.0,21.400001,1,1,1040,0,ilp_v3,infeasible,0,,,,0.004366,,,0.004366,0.005028,3,0,0
rho\set40\rho_0.4.py,rho,40,rho,0.4,2,5,5,0.5,0.5,0.4,0.6,1.0,0.5,27.6,40,13,46.000001,69.0,21.400001,1,1,1040,0,ilp_v4,infeasible,0,,,,0.011735,,,0.011735,0.013682,3,0,0
rho\set40\rho_0.4.py,rho,40,rho,0.4,2,5,5,0.5,0.5,0.4,0.6,1.0,0.5,27.6,40,13,46.000001,69.0,21.400001,1,1,1040,0,greedy_sps_baseline,infeasible,0,,46.000001,,0.00032,,over budget: E=46.0000 > B=27.6000,0.00032,0.000469,3,0,0
rho\set40\rho_0.5.py,rho,40,rho,0.5,2,5,5,0.5,0.5,0.5,0.6,1.0,0.5,34.5,40,13,46.000001,69.0,21.400001,1,1,1040,0,ilp_v2,optimal,1,19.790541,34.402953,0.575257,0.02462,0.0,,0.02462,0.029325,3,0,0
rho\set40\rho_0.5.py,rho,40,rho,0.5,2,5,5,0.5,0.5,0.5,0.6,1.0,0.5,34.5,40,13,46.000001,69.0,21.400001,1,1,1040,0,ilp_v3,optimal,1,22.747038,34.494994,0.65943,0.029357,0.0,,0.029357,0.030659,3,0,0
rho\set40\rho_0.5.py,rho,40,rho,0.5,2,5,5,0.5,0.5,0.5,0.6,1.0,0.5,34.5,40,13,46.000001,69.0,21.400001,1,1,1040,0,ilp_v4,optimal,1,30.134011,34.497201,0.87352,0.257256,0.0,,0.257256,0.281665,3,0,0
rho\set40\rho_0.5.py,rho,40,rho,0.5,2,5,5,0.5,0.5,0.5,0.6,1.0,0.5,34.5,40,13,46.000001,69.0,21.400001,1,1,1040,0,greedy_sps_baseline,infeasible,0,,46.000001,,0.000669,,over budget: E=46.0000 > B=34.5000,0.000669,0.000838,3,0,0
rho\set40\rho_0.6.py,rho,40,rho,0.6,2,5,5,0.5,0.5,0.6,0.6,1.0,0.5,41.4,40,13,46.000001,69.0,21.400001,1,1,1040,0,ilp_v2,optimal,1,29.788825,41.036194,0.725916,0.018068,0.0,,0.018068,0.019177,3,0,0
rho\set40\rho_0.6.py,rho,40,rho,0.6,2,5,5,0.5,0.5,0.6,0.6,1.0,0.5,41.4,40,13,46.000001,69.0,21.400001,1,1,1040,0,ilp_v3,optimal,1,35.576656,41.329622,0.860803,0.037931,0.0,,0.037931,0.043165,3,0,0
rho\set40\rho_0.6.py,rho,40,rho,0.6,2,5,5,0.5,0.5,0.6,0.6,1.0,0.5,41.4,40,13,46.000001,69.0,21.400001,1,1,1040,0,ilp_v4,optimal,1,42.518824,41.327365,1.02883,0.171117,0.0,,0.171117,0.211547,3,0,0
rho\set40\rho_0.6.py,rho,40,rho,0.6,2,5,5,0.5,0.5,0.6,0.6,1.0,0.5,41.4,40,13,46.000001,69.0,21.400001,1,1,1040,0,greedy_sps_baseline,infeasible,0,,46.000001,,0.000607,,over budget: E=46.0000 > B=41.4000,0.000607,0.000782,3,0,0
rho\set40\rho_0.7.py,rho,40,rho,0.7,2,5,5,0.5,0.5,0.7,0.6,1.0,0.5,48.3,40,13,46.000001,69.0,21.400001,1,1,1040,0,ilp_v2,optimal,1,37.966331,47.382772,0.801269,0.049435,0.0,,0.049435,0.056769,3,0,0
rho\set40\rho_0.7.py,rho,40,rho,0.7,2,5,5,0.5,0.5,0.7,0.6,1.0,0.5,48.3,40,13,46.000001,69.0,21.400001,1,1,1040,0,ilp_v3,optimal,1,40.02346,47.561261,0.841514,0.091884,0.0,,0.091884,0.100913,3,0,0
rho\set40\rho_0.7.py,rho,40,rho,0.7,2,5,5,0.5,0.5,0.7,0.6,1.0,0.5,48.3,40,13,46.000001,69.0,21.400001,1,1,1040,0,ilp_v4,optimal,1,47.584863,48.037028,0.990587,0.136286,0.0,,0.136286,0.153634,3,0,0
rho\set40\rho_0.7.py,rho,40,rho,0.7,2,5,5,0.5,0.5,0.7,0.6,1.0,0.5,48.3,40,13,46.000001,69.0,21.400001,1,1,1040,0,greedy_sps_baseline,solved,1,6.415051,48.177548,0.133154,0.001445,,,0.001445,0.001561,3,0,0
rho\set40\rho_0.8.py,rho,40,rho,0.8,2,5,5,0.5,0.5,0.8,0.6,1.0,0.5,55.2,40,13,46.000001,69.0,21.400001,1,1,1040,0,ilp_v2,optimal,1,44.043429,53.995122,0.815693,0.05617,0.0,,0.05617,0.065028,3,0,0
rho\set40\rho_0.8.py,rho,40,rho,0.8,2,5,5,0.5,0.5,0.8,0.6,1.0,0.5,55.2,40,13,46.000001,69.0,21.400001,1,1,1040,0,ilp_v3,optimal,1,46.943322,55.169402,0.850894,0.096975,0.0,,0.096975,0.09861,3,0,0
rho\set40\rho_0.8.py,rho,40,rho,0.8,2,5,5,0.5,0.5,0.8,0.6,1.0,0.5,55.2,40,13,46.000001,69.0,21.400001,1,1,1040,0,ilp_v4,optimal,1,50.200949,53.392103,0.940232,0.057686,0.0,,0.057686,0.081059,3,0,0
rho\set40\rho_0.8.py,rho,40,rho,0.8,2,5,5,0.5,0.5,0.8,0.6,1.0,0.5,55.2,40,13,46.000001,69.0,21.400001,1,1,1040,0,greedy_sps_baseline,solved,1,23.951844,54.786398,0.437186,0.002171,,,0.002171,0.002837,3,0,0
rho\set40\rho_0.9.py,rho,40,rho,0.9,2,5,5,0.5,0.5,0.9,0.6,1.0,0.5,62.1,40,13,46.000001,69.0,21.400001,1,1,1040,0,ilp_v2,optimal,1,46.793256,60.151904,0.777918,0.007444,0.0,,0.007444,0.007768,3,0,0
rho\set40\rho_0.9.py,rho,40,rho,0.9,2,5,5,0.5,0.5,0.9,0.6,1.0,0.5,62.1,40,13,46.000001,69.0,21.400001,1,1,1040,0,ilp_v3,optimal,1,50.200949,61.071385,0.822004,0.011056,0.0,,0.011056,0.014518,3,0,0
rho\set40\rho_0.9.py,rho,40,rho,0.9,2,5,5,0.5,0.5,0.9,0.6,1.0,0.5,62.1,40,13,46.000001,69.0,21.400001,1,1,1040,0,ilp_v4,optimal,1,50.200949,60.124074,0.834956,0.027956,0.0,,0.027956,0.040491,3,0,0
rho\set40\rho_0.9.py,rho,40,rho,0.9,2,5,5,0.5,0.5,0.9,0.6,1.0,0.5,62.1,40,13,46.000001,69.0,21.400001,1,1,1040,0,greedy_sps_baseline,solved,1,37.390346,61.674739,0.606251,0.002804,,,0.002804,0.003171,3,0,0
rho\set40\rho_1.py,rho,40,rho,1,2,5,5,0.5,0.5,1.0,0.6,1.0,0.5,69.0,40,13,46.000001,69.0,21.400001,1,1,1040,0,ilp_v2,optimal,1,46.793256,66.262967,0.706175,0.006784,0.0,,0.006784,0.008003,3,0,0
rho\set40\rho_1.py,rho,40,rho,1,2,5,5,0.5,0.5,1.0,0.6,1.0,0.5,69.0,40,13,46.000001,69.0,21.400001,1,1,1040,0,ilp_v3,optimal,1,50.200949,69.0,0.72755,0.003949,0.0,,0.003949,0.004348,3,0,0
rho\set40\rho_1.py,rho,40,rho,1,2,5,5,0.5,0.5,1.0,0.6,1.0,0.5,69.0,40,13,46.000001,69.0,21.400001,1,1,1040,0,ilp_v4,optimal,1,50.200949,69.0,0.72755,0.014384,0.0,,0.014384,0.019325,3,0,0
rho\set40\rho_1.py,rho,40,rho,1,2,5,5,0.5,0.5,1.0,0.6,1.0,0.5,69.0,40,13,46.000001,69.0,21.400001,1,1,1040,0,greedy_sps_baseline,solved,1,46.44072,66.958038,0.693579,0.00366,,,0.00366,0.005254,3,0,0
rho\set41\rho_0.2.py,rho,41,rho,0.2,2,5,5,0.5,0.5,0.2,0.6,1.0,0.5,13.799997,40,15,45.999995,68.999987,21.399998,1,1,1041,0,ilp_v2,infeasible,0,,,,0.003858,,,0.003858,0.007349,3,0,0
rho\set41\rho_0.2.py,rho,41,rho,0.2,2,5,5,0.5,0.5,0.2,0.6,1.0,0.5,13.799997,40,15,45.999995,68.999987,21.399998,1,1,1041,0,ilp_v3,infeasible,0,,,,0.003421,,,0.003421,0.00496,3,0,0
rho\set41\rho_0.2.py,rho,41,rho,0.2,2,5,5,0.5,0.5,0.2,0.6,1.0,0.5,13.799997,40,15,45.999995,68.999987,21.399998,1,1,1041,0,ilp_v4,infeasible,0,,,,0.003472,,,0.003472,0.004195,3,0,0
rho\set41\rho_0.2.py,rho,41,rho,0.2,2,5,5,0.5,0.5,0.2,0.6,1.0,0.5,13.799997,40,15,45.999995,68.999987,21.399998,1,1,1041,0,greedy_sps_baseline,infeasible,0,,45.999995,,0.000352,,over budget: E=46.0000 > B=13.8000,0.000352,0.000443,3,0,0
rho\set41\rho_0.3.py,rho,41,rho,0.3,2,5,5,0.5,0.5,0.3,0.6,1.0,0.5,20.699996,40,15,45.999995,68.999987,21.399998,1,1,1041,0,ilp_v2,infeasible,0,,,,0.003864,,,0.003864,0.005607,3,0,0
rho\set41\rho_0.3.py,rho,41,rho,0.3,2,5,5,0.5,0.5,0.3,0.6,1.0,0.5,20.699996,40,15,45.999995,68.999987,21.399998,1,1,1041,0,ilp_v3,infeasible,0,,,,0.006304,,,0.006304,0.00842,3,0,0
rho\set41\rho_0.3.py,rho,41,rho,0.3,2,5,5,0.5,0.5,0.3,0.6,1.0,0.5,20.699996,40,15,45.999995,68.999987,21.399998,1,1,1041,0,ilp_v4,infeasible,0,,,,0.003883,,,0.003883,0.006593,3,0,0
rho\set41\rho_0.3.py,rho,41,rho,0.3,2,5,5,0.5,0.5,0.3,0.6,1.0,0.5,20.699996,40,15,45.999995,68.999987,21.399998,1,1,1041,0,greedy_sps_baseline,infeasible,0,,45.999995,,0.001134,,over budget: E=46.0000 > B=20.7000,0.001134,0.001373,3,0,0
rho\set41\rho_0.4.py,rho,41,rho,0.4,2,5,5,0.5,0.5,0.4,0.6,1.0,0.5,27.599995,40,15,45.999995,68.999987,21.399998,1,1,1041,0,ilp_v2,optimal,1,9.537747,27.599745,0.345574,0.137229,0.0,,0.137229,0.146529,3,0,0
rho\set41\rho_0.4.py,rho,41,rho,0.4,2,5,5,0.5,0.5,0.4,0.6,1.0,0.5,27.599995,40,15,45.999995,68.999987,21.399998,1,1,1041,0,ilp_v3,optimal,1,14.813721,27.592414,0.536877,0.297118,0.0,,0.297118,0.311073,3,0,0
rho\set41\rho_0.4.py,rho,41,rho,0.4,2,5,5,0.5,0.5,0.4,0.6,1.0,0.5,27.599995,40,15,45.999995,68.999987,21.399998,1,1,1041,0,ilp_v4,optimal,1,15.315105,27.599866,0.554898,0.34337,0.0,,0.34337,0.352427,3,0,0
rho\set41\rho_0.4.py,rho,41,rho,0.4,2,5,5,0.5,0.5,0.4,0.6,1.0,0.5,27.599995,40,15,45.999995,68.999987,21.399998,1,1,1041,0,greedy_sps_baseline,infeasible,0,,45.999995,,0.000665,,over budget: E=46.0000 > B=27.6000,0.000665,0.000881,3,0,0
rho\set41\rho_0.5.py,rho,41,rho,0.5,2,5,5,0.5,0.5,0.5,0.6,1.0,0.5,34.499994,40,15,45.999995,68.999987,21.399998,1,1,1041,0,ilp_v2,optimal,1,20.922943,34.441891,0.607485,0.108045,0.0,,0.108045,0.118531,3,0,0
rho\set41\rho_0.5.py,rho,41,rho,0.5,2,5,5,0.5,0.5,0.5,0.6,1.0,0.5,34.499994,40,15,45.999995,68.999987,21.399998,1,1,1041,0,ilp_v3,optimal,1,22.829051,34.231789,0.666896,0.018942,0.0,,0.018942,0.025247,3,0,0
rho\set41\rho_0.5.py,rho,41,rho,0.5,2,5,5,0.5,0.5,0.5,0.6,1.0,0.5,34.499994,40,15,45.999995,68.999987,21.399998,1,1,1041,0,ilp_v4,optimal,1,22.829051,34.064509,0.670171,0.141027,0.0,,0.141027,0.154442,3,0,0
rho\set41\rho_0.5.py,rho,41,rho,0.5,2,5,5,0.5,0.5,0.5,0.6,1.0,0.5,34.499994,40,15,45.999995,68.999987,21.399998,1,1,1041,0,greedy_sps_baseline,infeasible,0,,45.999995,,0.000702,,over budget: E=46.0000 > B=34.5000,0.000702,0.000835,3,0,0
rho\set41\rho_0.6.py,rho,41,rho,0.6,2,5,5,0.5,0.5,0.6,0.6,1.0,0.5,41.399992,40,15,45.999995,68.999987,21.399998,1,1,1041,0,ilp_v2,optimal,1,22.829051,37.419049,0.610092,0.017642,0.0,,0.017642,0.019763,3,0,0
rho\set41\rho_0.6.py,rho,41,rho,0.6,2,5,5,0.5,0.5,0.6,0.6,1.0,0.5,41.399992,40,15,45.999995,68.999987,21.399998,1,1,1041,0,ilp_v3,optimal,1,22.829051,37.419049,0.610092,0.022156,0.0,,0.022156,0.022624,3,0,0
rho\set41\rho_0.6.py,rho,41,rho,0.6,2,5,5,0.5,0.5,0.6,0.6,1.0,0.5,41.399992,40,15,45.999995,68.999987,21.399998,1,1,1041,0,ilp_v4,optimal,1,22.829051,37.419049,0.610092,0.069176,0.0,,0.069176,0.073036,3,0,0
rho\set41\rho_0.6.py,rho,41,rho,0.6,2,5,5,0.5,0.5,0.6,0.6,1.0,0.5,41.399992,40,15,45.999995,68.999987,21.399998,1,1,1041,0,greedy_sps_baseline,infeasible,0,,45.999995,,0.000655,,over budget: E=46.0000 > B=41.4000,0.000655,0.000773,3,0,0
rho\set41\rho_0.7.py,rho,41,rho,0.7,2,5,5,0.5,0.5,0.7,0.6,1.0,0.5,48.299991,40,15,45.999995,68.999987,21.399998,1,1,1041,0,ilp_v2,optimal,1,40.110751,48.287028,0.830673,0.147444,0.0,,0.147444,0.159747,3,0,0
rho\set41\rho_0.7.py,rho,41,rho,0.7,2,5,5,0.5,0.5,0.7,0.6,1.0,0.5,48.299991,40,15,45.999995,68.999987,21.399998,1,1,1041,0,ilp_v3,optimal,1,48.583514,48.295116,1.005972,0.108918,0.0,,0.108918,0.123773,3,0,0
rho\set41\rho_0.7.py,rho,41,rho,0.7,2,5,5,0.5,0.5,0.7,0.6,1.0,0.5,48.299991,40,15,45.999995,68.999987,21.399998,1,1,1041,0,ilp_v4,optimal,1,49.61617,48.299083,1.027269,0.316891,0.0,,0.316891,0.328124,3,0,0
rho\set41\rho_0.7.py,rho,41,rho,0.7,2,5,5,0.5,0.5,0.7,0.6,1.0,0.5,48.299991,40,15,45.999995,68.999987,21.399998,1,1,1041,0,greedy_sps_baseline,solved,1,8.561286,48.182033,0.177686,0.007655,,,0.007655,0.008058,3,0,0
rho\set41\rho_0.8.py,rho,41,rho,0.8,2,5,5,0.5,0.5,0.8,0.6,1.0,0.5,55.19999,40,15,45.999995,68.999987,21.399998,1,1,1041,0,ilp_v2,optimal,1,52.95326,55.18099,0.959629,0.01881,0.0,,0.01881,0.018865,3,0,0
rho\set41\rho_0.8.py,rho,41,rho,0.8,2,5,5,0.5,0.5,0.8,0.6,1.0,0.5,55.19999,40,15,45.999995,68.999987,21.399998,1,1,1041,0,ilp_v3,optimal,1,52.450302,55.146482,0.951109,0.062615,0.0,,0.062615,0.068026,3,0,0
rho\set41\rho_0.8.py,rho,41,rho,0.8,2,5,5,0.5,0.5,0.8,0.6,1.0,0.5,55.19999,40,15,45.999995,68.999987,21.399998,1,1,1041,0,ilp_v4,optimal,1,54.859369,54.903215,0.999201,0.086502,0.0,,0.086502,0.131427,3,0,0
rho\set41\rho_0.8.py,rho,41,rho,0.8,2,5,5,0.5,0.5,0.8,0.6,1.0,0.5,55.19999,40,15,45.999995,68.999987,21.399998,1,1,1041,0,greedy_sps_baseline,solved,1,19.194244,54.780388,0.350385,0.005908,,,0.005908,0.009359,3,0,0
rho\set41\rho_0.9.py,rho,41,rho,0.9,2,5,5,0.5,0.5,0.9,0.6,1.0,0.5,62.099989,40,15,45.999995,68.999987,21.399998,1,1,1041,0,ilp_v2,optimal,1,54.859369,58.452179,0.938534,0.008994,0.0,,0.008994,0.011909,3,0,0
rho\set41\rho_0.9.py,rho,41,rho,0.9,2,5,5,0.5,0.5,0.9,0.6,1.0,0.5,62.099989,40,15,45.999995,68.999987,21.399998,1,1,1041,0,ilp_v3,optimal,1,54.859369,60.66569,0.90429,0.008987,0.0,,0.008987,0.012099,3,0,0
rho\set41\rho_0.9.py,rho,41,rho,0.9,2,5,5,0.5,0.5,0.9,0.6,1.0,0.5,62.099989,40,15,45.999995,68.999987,21.399998,1,1,1041,0,ilp_v4,optimal,1,54.859369,59.223161,0.926316,0.104398,0.0,,0.104398,0.108759,3,0,0
rho\set41\rho_0.9.py,rho,41,rho,0.9,2,5,5,0.5,0.5,0.9,0.6,1.0,0.5,62.099989,40,15,45.999995,68.999987,21.399998,1,1,1041,0,greedy_sps_baseline,solved,1,44.267892,61.95941,0.714466,0.008827,,,0.008827,0.009393,3,0,0
rho\set41\rho_1.py,rho,41,rho,1,2,5,5,0.5,0.5,1.0,0.6,1.0,0.5,68.999987,40,15,45.999995,68.999987,21.399998,1,1,1041,0,ilp_v2,optimal,1,54.859369,59.901846,0.915821,0.009883,0.0,,0.009883,0.014187,3,0,0
rho\set41\rho_1.py,rho,41,rho,1,2,5,5,0.5,0.5,1.0,0.6,1.0,0.5,68.999987,40,15,45.999995,68.999987,21.399998,1,1,1041,0,ilp_v3,optimal,1,54.859369,61.004424,0.899269,0.009102,0.0,,0.009102,0.010523,3,0,0
rho\set41\rho_1.py,rho,41,rho,1,2,5,5,0.5,0.5,1.0,0.6,1.0,0.5,68.999987,40,15,45.999995,68.999987,21.399998,1,1,1041,0,ilp_v4,optimal,1,54.859369,64.0147,0.856981,0.038112,0.0,,0.038112,0.0478,3,0,0
rho\set41\rho_1.py,rho,41,rho,1,2,5,5,0.5,0.5,1.0,0.6,1.0,0.5,68.999987,40,15,45.999995,68.999987,21.399998,1,1,1041,0,greedy_sps_baseline,solved,1,53.950668,68.395937,0.788799,0.009747,,,0.009747,0.01248,3,0,0
rho\set42\rho_0.2.py,rho,42,rho,0.2,2,5,5,0.5,0.5,0.2,0.6,1.0,0.5,13.8,40,11,45.999998,68.999998,21.399999,1,1,1042,0,ilp_v2,infeasible,0,,,,0.002937,,,0.002937,0.003464,3,0,0
rho\set42\rho_0.2.py,rho,42,rho,0.2,2,5,5,0.5,0.5,0.2,0.6,1.0,0.5,13.8,40,11,45.999998,68.999998,21.399999,1,1,1042,0,ilp_v3,infeasible,0,,,,0.003224,,,0.003224,0.004721,3,0,0
rho\set42\rho_0.2.py,rho,42,rho,0.2,2,5,5,0.5,0.5,0.2,0.6,1.0,0.5,13.8,40,11,45.999998,68.999998,21.399999,1,1,1042,0,ilp_v4,infeasible,0,,,,0.003311,,,0.003311,0.003565,3,0,0
rho\set42\rho_0.2.py,rho,42,rho,0.2,2,5,5,0.5,0.5,0.2,0.6,1.0,0.5,13.8,40,11,45.999998,68.999998,21.399999,1,1,1042,0,greedy_sps_baseline,infeasible,0,,45.999998,,0.000387,,over budget: E=46.0000 > B=13.8000,0.000387,0.000709,3,0,0
rho\set42\rho_0.3.py,rho,42,rho,0.3,2,5,5,0.5,0.5,0.3,0.6,1.0,0.5,20.699999,40,11,45.999998,68.999998,21.399999,1,1,1042,0,ilp_v2,infeasible,0,,,,0.003871,,,0.003871,0.004274,3,0,0
rho\set42\rho_0.3.py,rho,42,rho,0.3,2,5,5,0.5,0.5,0.3,0.6,1.0,0.5,20.699999,40,11,45.999998,68.999998,21.399999,1,1,1042,0,ilp_v3,infeasible,0,,,,0.003258,,,0.003258,0.00379,3,0,0
rho\set42\rho_0.3.py,rho,42,rho,0.3,2,5,5,0.5,0.5,0.3,0.6,1.0,0.5,20.699999,40,11,45.999998,68.999998,21.399999,1,1,1042,0,ilp_v4,infeasible,0,,,,0.003683,,,0.003683,0.005515,3,0,0
rho\set42\rho_0.3.py,rho,42,rho,0.3,2,5,5,0.5,0.5,0.3,0.6,1.0,0.5,20.699999,40,11,45.999998,68.999998,21.399999,1,1,1042,0,greedy_sps_baseline,infeasible,0,,45.999998,,0.000539,,over budget: E=46.0000 > B=20.7000,0.000539,0.000672,3,0,0
rho\set42\rho_0.4.py,rho,42,rho,0.4,2,5,5,0.5,0.5,0.4,0.6,1.0,0.5,27.599999,40,11,45.999998,68.999998,21.399999,1,1,1042,0,ilp_v2,optimal,1,13.920401,27.357645,0.50883,0.043657,0.0,,0.043657,0.069566,3,0,0
rho\set42\rho_0.4.py,rho,42,rho,0.4,2,5,5,0.5,0.5,0.4,0.6,1.0,0.5,27.599999,40,11,45.999998,68.999998,21.399999,1,1,1042,0,ilp_v3,optimal,1,13.920401,27.357645,0.50883,0.034422,0.0,,0.034422,0.042116,3,0,0
rho\set42\rho_0.4.py,rho,42,rho,0.4,2,5,5,0.5,0.5,0.4,0.6,1.0,0.5,27.599999,40,11,45.999998,68.999998,21.399999,1,1,1042,0,ilp_v4,optimal,1,13.920401,27.357645,0.50883,0.064376,0.0,,0.064376,0.065292,3,0,0
rho\set42\rho_0.4.py,rho,42,rho,0.4,2,5,5,0.5,0.5,0.4,0.6,1.0,0.5,27.599999,40,11,45.999998,68.999998,21.399999,1,1,1042,0,greedy_sps_baseline,infeasible,0,,45.999998,,0.000404,,over budget: E=46.0000 > B=27.6000,0.000404,0.00063,3,0,0
rho\set42\rho_0.5.py,rho,42,rho,0.5,2,5,5,0.5,0.5,0.5,0.6,1.0,0.5,34.499999,40,11,45.999998,68.999998,21.399999,1,1,1042,0,ilp_v2,optimal,1,18.051643,34.430797,0.524288,0.021761,0.0,,0.021761,0.028201,3,0,0
rho\set42\rho_0.5.py,rho,42,rho,0.5,2,5,5,0.5,0.5,0.5,0.6,1.0,0.5,34.499999,40,11,45.999998,68.999998,21.399999,1,1,1042,0,ilp_v3,optimal,1,18.051643,34.430797,0.524288,0.021799,0.0,,0.021799,0.022214,3,0,0
rho\set42\rho_0.5.py,rho,42,rho,0.5,2,5,5,0.5,0.5,0.5,0.6,1.0,0.5,34.499999,40,11,45.999998,68.999998,21.399999,1,1,1042,0,ilp_v4,optimal,1,18.051643,34.430797,0.524288,0.053794,0.0,,0.053794,0.056786,3,0,0
rho\set42\rho_0.5.py,rho,42,rho,0.5,2,5,5,0.5,0.5,0.5,0.6,1.0,0.5,34.499999,40,11,45.999998,68.999998,21.399999,1,1,1042,0,greedy_sps_baseline,infeasible,0,,45.999998,,0.000528,,over budget: E=46.0000 > B=34.5000,0.000528,0.000844,3,0,0
rho\set42\rho_0.6.py,rho,42,rho,0.6,2,5,5,0.5,0.5,0.6,0.6,1.0,0.5,41.399999,40,11,45.999998,68.999998,21.399999,1,1,1042,0,ilp_v2,optimal,1,40.806153,41.381417,0.986098,0.054833,0.0,,0.054833,0.059478,3,0,0
rho\set42\rho_0.6.py,rho,42,rho,0.6,2,5,5,0.5,0.5,0.6,0.6,1.0,0.5,41.399999,40,11,45.999998,68.999998,21.399999,1,1,1042,0,ilp_v3,optimal,1,40.806153,41.381417,0.986098,0.055303,0.0,,0.055303,0.060156,3,0,0
rho\set42\rho_0.6.py,rho,42,rho,0.6,2,5,5,0.5,0.5,0.6,0.6,1.0,0.5,41.399999,40,11,45.999998,68.999998,21.399999,1,1,1042,0,ilp_v4,optimal,1,41.968453,41.190053,1.018898,0.063591,0.0,,0.063591,0.07911,3,0,0
rho\set42\rho_0.6.py,rho,42,rho,0.6,2,5,5,0.5,0.5,0.6,0.6,1.0,0.5,41.399999,40,11,45.999998,68.999998,21.399999,1,1,1042,0,greedy_sps_baseline,infeasible,0,,45.999998,,0.000536,,over budget: E=46.0000 > B=41.4000,0.000536,0.000658,3,0,0
rho\set42\rho_0.7.py,rho,42,rho,0.7,2,5,5,0.5,0.5,0.7,0.6,1.0,0.5,48.299998,40,11,45.999998,68.999998,21.399999,1,1,1042,0,ilp_v2,optimal,1,60.908319,48.299798,1.261047,0.017568,0.0,,0.017568,0.020445,3,0,0
rho\set42\rho_0.7.py,rho,42,rho,0.7,2,5,5,0.5,0.5,0.7,0.6,1.0,0.5,48.299998,40,11,45.999998,68.999998,21.399999,1,1,1042,0,ilp_v3,optimal,1,55.605456,48.263864,1.152114,0.014071,0.0,,0.014071,0.014304,3,0,0
rho\set42\rho_0.7.py,rho,42,rho,0.7,2,5,5,0.5,0.5,0.7,0.6,1.0,0.5,48.299998,40,11,45.999998,68.999998,21.399999,1,1,1042,0,ilp_v4,optimal,1,61.511615,48.251575,1.274811,0.070248,0.0,,0.070248,0.087343,3,0,0
rho\set42\rho_0.7.py,rho,42,rho,0.7,2,5,5,0.5,0.5,0.7,0.6,1.0,0.5,48.299998,40,11,45.999998,68.999998,21.399999,1,1,1042,0,greedy_sps_baseline,solved,1,8.676799,48.269964,0.179756,0.001639,,,0.001639,0.001899,3,0,0
rho\set42\rho_0.8.py,rho,42,rho,0.8,2,5,5,0.5,0.5,0.8,0.6,1.0,0.5,55.199998,40,11,45.999998,68.999998,21.399999,1,1,1042,0,ilp_v2,optimal,1,67.555895,55.151419,1.224917,0.033129,0.0,,0.033129,0.037506,3,0,0
rho\set42\rho_0.8.py,rho,42,rho,0.8,2,5,5,0.5,0.5,0.8,0.6,1.0,0.5,55.199998,40,11,45.999998,68.999998,21.399999,1,1,1042,0,ilp_v3,optimal,1,64.455574,54.314369,1.186713,0.018473,0.0,,0.018473,0.019105,3,0,0
rho\set42\rho_0.8.py,rho,42,rho,0.8,2,5,5,0.5,0.5,0.8,0.6,1.0,0.5,55.199998,40,11,45.999998,68.999998,21.399999,1,1,1042,0,ilp_v4,optimal,1,68.679207,54.875341,1.25155,0.057263,0.0,,0.057263,0.069132,3,0,0
rho\set42\rho_0.8.py,rho,42,rho,0.8,2,5,5,0.5,0.5,0.8,0.6,1.0,0.5,55.199998,40,11,45.999998,68.999998,21.399999,1,1,1042,0,greedy_sps_baseline,solved,1,35.748565,55.099993,0.648794,0.001468,,,0.001468,0.002694,3,0,0
rho\set42\rho_0.9.py,rho,42,rho,0.9,2,5,5,0.5,0.5,0.9,0.6,1.0,0.5,62.099998,40,11,45.999998,68.999998,21.399999,1,1,1042,0,ilp_v2,optimal,1,70.059272,61.900879,1.131798,0.008637,0.0,,0.008637,0.010664,3,0,0
rho\set42\rho_0.9.py,rho,42,rho,0.9,2,5,5,0.5,0.5,0.9,0.6,1.0,0.5,62.099998,40,11,45.999998,68.999998,21.399999,1,1,1042,0,ilp_v3,optimal,1,70.059272,62.032881,1.129389,0.005753,0.0,,0.005753,0.006852,3,0,0
rho\set42\rho_0.9.py,rho,42,rho,0.9,2,5,5,0.5,0.5,0.9,0.6,1.0,0.5,62.099998,40,11,45.999998,68.999998,21.399999,1,1,1042,0,ilp_v4,optimal,1,70.059272,61.900879,1.131798,0.015517,0.0,,0.015517,0.023193,3,0,0
rho\set42\rho_0.9.py,rho,42,rho,0.9,2,5,5,0.5,0.5,0.9,0.6,1.0,0.5,62.099998,40,11,45.999998,68.999998,21.399999,1,1,1042,0,greedy_sps_baseline,solved,1,62.920474,61.965264,1.015415,0.001329,,,0.001329,0.001648,3,0,0
rho\set42\rho_1.py,rho,42,rho,1,2,5,5,0.5,0.5,1.0,0.6,1.0,0.5,68.999998,40,11,45.999998,68.999998,21.399999,1,1,1042,0,ilp_v2,optimal,1,70.059272,68.089544,1.028928,0.004988,0.0,,0.004988,0.005106,3,0,0
rho\set42\rho_1.py,rho,42,rho,1,2,5,5,0.5,0.5,1.0,0.6,1.0,0.5,68.999998,40,11,45.999998,68.999998,21.399999,1,1,1042,0,ilp_v3,optimal,1,70.059272,68.999998,1.015352,0.002889,0.0,,0.002889,0.005615,3,0,0
rho\set42\rho_1.py,rho,42,rho,1,2,5,5,0.5,0.5,1.0,0.6,1.0,0.5,68.999998,40,11,45.999998,68.999998,21.399999,1,1,1042,0,ilp_v4,optimal,1,70.059272,68.089544,1.028928,0.010801,0.0,,0.010801,0.016159,3,0,0
rho\set42\rho_1.py,rho,42,rho,1,2,5,5,0.5,0.5,1.0,0.6,1.0,0.5,68.999998,40,11,45.999998,68.999998,21.399999,1,1,1042,0,greedy_sps_baseline,solved,1,70.059272,68.999998,1.015352,0.002414,,,0.002414,0.003637,3,0,0
rho\set43\rho_0.2.py,rho,43,rho,0.2,2,5,5,0.5,0.5,0.2,0.6,1.0,0.5,13.8,40,13,46.000001,69.000001,21.433334,1,1,1043,0,ilp_v2,infeasible,0,,,,0.002921,,,0.002921,0.005331,3,0,0
rho\set43\rho_0.2.py,rho,43,rho,0.2,2,5,5,0.5,0.5,0.2,0.6,1.0,0.5,13.8,40,13,46.000001,69.000001,21.433334,1,1,1043,0,ilp_v3,infeasible,0,,,,0.002883,,,0.002883,0.004157,3,0,0
rho\set43\rho_0.2.py,rho,43,rho,0.2,2,5,5,0.5,0.5,0.2,0.6,1.0,0.5,13.8,40,13,46.000001,69.000001,21.433334,1,1,1043,0,ilp_v4,infeasible,0,,,,0.002872,,,0.002872,0.004812,3,0,0
rho\set43\rho_0.2.py,rho,43,rho,0.2,2,5,5,0.5,0.5,0.2,0.6,1.0,0.5,13.8,40,13,46.000001,69.000001,21.433334,1,1,1043,0,greedy_sps_baseline,infeasible,0,,46.000001,,0.000318,,over budget: E=46.0000 > B=13.8000,0.000318,0.000398,3,0,0
rho\set43\rho_0.3.py,rho,43,rho,0.3,2,5,5,0.5,0.5,0.3,0.6,1.0,0.5,20.7,40,13,46.000001,69.000001,21.433334,1,1,1043,0,ilp_v2,infeasible,0,,,,0.002688,,,0.002688,0.003033,3,0,0
rho\set43\rho_0.3.py,rho,43,rho,0.3,2,5,5,0.5,0.5,0.3,0.6,1.0,0.5,20.7,40,13,46.000001,69.000001,21.433334,1,1,1043,0,ilp_v3,infeasible,0,,,,0.003861,,,0.003861,0.006823,3,0,0
rho\set43\rho_0.3.py,rho,43,rho,0.3,2,5,5,0.5,0.5,0.3,0.6,1.0,0.5,20.7,40,13,46.000001,69.000001,21.433334,1,1,1043,0,ilp_v4,infeasible,0,,,,0.004331,,,0.004331,0.005484,3,0,0
rho\set43\rho_0.3.py,rho,43,rho,0.3,2,5,5,0.5,0.5,0.3,0.6,1.0,0.5,20.7,40,13,46.000001,69.000001,21.433334,1,1,1043,0,greedy_sps_baseline,infeasible,0,,46.000001,,0.000352,,over budget: E=46.0000 > B=20.7000,0.000352,0.000405,3,0,0
rho\set43\rho_0.4.py,rho,43,rho,0.4,2,5,5,0.5,0.5,0.4,0.6,1.0,0.5,27.6,40,13,46.000001,69.000001,21.433334,1,1,1043,0,ilp_v2,optimal,1,22.325038,27.582805,0.809382,0.040566,0.0,,0.040566,0.046556,3,0,0
rho\set43\rho_0.4.py,rho,43,rho,0.4,2,5,5,0.5,0.5,0.4,0.6,1.0,0.5,27.6,40,13,46.000001,69.000001,21.433334,1,1,1043,0,ilp_v3,optimal,1,18.465586,27.5429,0.67043,0.032717,0.0,,0.032717,0.033765,3,0,0
rho\set43\rho_0.4.py,rho,43,rho,0.4,2,5,5,0.5,0.5,0.4,0.6,1.0,0.5,27.6,40,13,46.000001,69.000001,21.433334,1,1,1043,0,ilp_v4,optimal,1,21.598495,27.526207,0.784652,0.171464,0.0,,0.171464,0.1734,3,0,0
rho\set43\rho_0.4.py,rho,43,rho,0.4,2,5,5,0.5,0.5,0.4,0.6,1.0,0.5,27.6,40,13,46.000001,69.000001,21.433334,1,1,1043,0,greedy_sps_baseline,infeasible,0,,46.000001,,0.000612,,over budget: E=46.0000 > B=27.6000,0.000612,0.000751,3,0,0
rho\set43\rho_0.5.py,rho,43,rho,0.5,2,5,5,0.5,0.5,0.5,0.6,1.0,0.5,34.500001,40,13,46.000001,69.000001,21.433334,1,1,1043,0,ilp_v2,optimal,1,42.275025,34.49982,1.225369,0.023345,0.0,,0.023345,0.026754,3,0,0
rho\set43\rho_0.5.py,rho,43,rho,0.5,2,5,5,0.5,0.5,0.5,0.6,1.0,0.5,34.500001,40,13,46.000001,69.000001,21.433334,1,1,1043,0,ilp_v3,optimal,1,37.699029,34.484834,1.093206,0.040111,0.0,,0.040111,0.043613,3,0,0
rho\set43\rho_0.5.py,rho,43,rho,0.5,2,5,5,0.5,0.5,0.5,0.6,1.0,0.5,34.500001,40,13,46.000001,69.000001,21.433334,1,1,1043,0,ilp_v4,optimal,1,41.37475,34.415445,1.202215,0.200668,0.0,,0.200668,0.212644,3,0,0
rho\set43\rho_0.5.py,rho,43,rho,0.5,2,5,5,0.5,0.5,0.5,0.6,1.0,0.5,34.500001,40,13,46.000001,69.000001,21.433334,1,1,1043,0,greedy_sps_baseline,infeasible,0,,46.000001,,0.000636,,over budget: E=46.0000 > B=34.5000,0.000636,0.000755,3,0,0
rho\set43\rho_0.6.py,rho,43,rho,0.6,2,5,5,0.5,0.5,0.6,0.6,1.0,0.5,41.400001,40,13,46.000001,69.000001,21.433334,1,1,1043,0,ilp_v2,optimal,1,51.797644,41.241552,1.255958,0.034905,0.0,,0.034905,0.038071,3,0,0
rho\set43\rho_0.6.py,rho,43,rho,0.6,2,5,5,0.5,0.5,0.6,0.6,1.0,0.5,41.400001,40,13,46.000001,69.000001,21.433334,1,1,1043,0,ilp_v3,optimal,1,50.313253,41.383452,1.215782,0.01446,0.0,,0.01446,0.014764,3,0,0
rho\set43\rho_0.6.py,rho,43,rho,0.6,2,5,5,0.5,0.5,0.6,0.6,1.0,0.5,41.400001,40,13,46.000001,69.000001,21.433334,1,1,1043,0,ilp_v4,optimal,1,52.67222,41.222778,1.277746,0.131734,0.0,,0.131734,0.139203,3,0,0
rho\set43\rho_0.6.py,rho,43,rho,0.6,2,5,5,0.5,0.5,0.6,0.6,1.0,0.5,41.400001,40,13,46.000001,69.000001,21.433334,1,1,1043,0,greedy_sps_baseline,infeasible,0,,46.000001,,0.000679,,over budget: E=46.0000 > B=41.4000,0.000679,0.000864,3,0,0
rho\set43\rho_0.7.py,rho,43,rho,0.7,2,5,5,0.5,0.5,0.7,0.6,1.0,0.5,48.300001,40,13,46.000001,69.000001,21.433334,1,1,1043,0,ilp_v2,optimal,1,56.280752,47.868331,1.175741,0.030543,0.0,,0.030543,0.037112,3,0,0
rho\set43\rho_0.7.py,rho,43,rho,0.7,2,5,5,0.5,0.5,0.7,0.6,1.0,0.5,48.300001,40,13,46.000001,69.000001,21.433334,1,1,1043,0,ilp_v3,optimal,1,55.10188,48.297019,1.140896,0.033786,0.0,,0.033786,0.039321,3,0,0
rho\set43\rho_0.7.py,rho,43,rho,0.7,2,5,5,0.5,0.5,0.7,0.6,1.0,0.5,48.300001,40,13,46.000001,69.000001,21.433334,1,1,1043,0,ilp_v4,optimal,1,57.421564,48.004314,1.196175,0.093093,0.0,,0.093093,0.110792,3,0,0
rho\set43\rho_0.7.py,rho,43,rho,0.7,2,5,5,0.5,0.5,0.7,0.6,1.0,0.5,48.300001,40,13,46.000001,69.000001,21.433334,1,1,1043,0,greedy_sps_baseline,solved,1,7.494205,48.29323,0.155181,0.001705,,,0.001705,0.001919,3,0,0
rho\set43\rho_0.8.py,rho,43,rho,0.8,2,5,5,0.5,0.5,0.8,0.6,1.0,0.5,55.200001,40,13,46.000001,69.000001,21.433334,1,1,1043,0,ilp_v2,optimal,1,57.421564,54.498875,1.053628,0.01598,0.0,,0.01598,0.016845,3,0,0
rho\set43\rho_0.8.py,rho,43,rho,0.8,2,5,5,0.5,0.5,0.8,0.6,1.0,0.5,55.200001,40,13,46.000001,69.000001,21.433334,1,1,1043,0,ilp_v3,optimal,1,57.421564,54.351305,1.056489,0.025132,0.0,,0.025132,0.026295,3,0,0
rho\set43\rho_0.8.py,rho,43,rho,0.8,2,5,5,0.5,0.5,0.8,0.6,1.0,0.5,55.200001,40,13,46.000001,69.000001,21.433334,1,1,1043,0,ilp_v4,optimal,1,57.421564,54.075451,1.061879,0.071887,0.0,,0.071887,0.074449,3,0,0
rho\set43\rho_0.8.py,rho,43,rho,0.8,2,5,5,0.5,0.5,0.8,0.6,1.0,0.5,55.200001,40,13,46.000001,69.000001,21.433334,1,1,1043,0,greedy_sps_baseline,solved,1,29.906468,55.139691,0.542376,0.003684,,,0.003684,0.004201,3,0,0
rho\set43\rho_0.9.py,rho,43,rho,0.9,2,5,5,0.5,0.5,0.9,0.6,1.0,0.5,62.100001,40,13,46.000001,69.000001,21.433334,1,1,1043,0,ilp_v2,optimal,1,57.421564,52.755282,1.088451,0.014279,0.0,,0.014279,0.016724,3,0,0
rho\set43\rho_0.9.py,rho,43,rho,0.9,2,5,5,0.5,0.5,0.9,0.6,1.0,0.5,62.100001,40,13,46.000001,69.000001,21.433334,1,1,1043,0,ilp_v3,optimal,1,57.421564,60.306797,0.952157,0.013875,0.0,,0.013875,0.014798,3,0,0
rho\set43\rho_0.9.py,rho,43,rho,0.9,2,5,5,0.5,0.5,0.9,0.6,1.0,0.5,62.100001,40,13,46.000001,69.000001,21.433334,1,1,1043,0,ilp_v4,optimal,1,57.421564,57.899833,0.99174,0.034761,0.0,,0.034761,0.042498,3,0,0
rho\set43\rho_0.9.py,rho,43,rho,0.9,2,5,5,0.5,0.5,0.9,0.6,1.0,0.5,62.100001,40,13,46.000001,69.000001,21.433334,1,1,1043,0,greedy_sps_baseline,solved,1,47.651374,62.037711,0.768103,0.004787,,,0.004787,0.005052,3,0,0
rho\set43\rho_1.py,rho,43,rho,1,2,5,5,0.5,0.5,1.0,0.6,1.0,0.5,69.000001,40,13,46.000001,69.000001,21.433334,1,1,1043,0,ilp_v2,optimal,1,57.421564,63.786872,0.90021,0.012876,0.0,,0.012876,0.013359,3,0,0
rho\set43\rho_1.py,rho,43,rho,1,2,5,5,0.5,0.5,1.0,0.6,1.0,0.5,69.000001,40,13,46.000001,69.000001,21.433334,1,1,1043,0,ilp_v3,optimal,1,57.421564,61.307855,0.93661,0.012412,0.0,,0.012412,0.013468,3,0,0
rho\set43\rho_1.py,rho,43,rho,1,2,5,5,0.5,0.5,1.0,0.6,1.0,0.5,69.000001,40,13,46.000001,69.000001,21.433334,1,1,1043,0,ilp_v4,optimal,1,57.421564,57.899833,0.99174,0.029762,0.0,,0.029762,0.032236,3,0,0
rho\set43\rho_1.py,rho,43,rho,1,2,5,5,0.5,0.5,1.0,0.6,1.0,0.5,69.000001,40,13,46.000001,69.000001,21.433334,1,1,1043,0,greedy_sps_baseline,solved,1,57.011484,68.652578,0.830435,0.006178,,,0.006178,0.006922,3,0,0
rho\set44\rho_0.2.py,rho,44,rho,0.2,2,5,5,0.5,0.5,0.2,0.6,1.0,0.5,13.8,40,12,45.999999,69.0,21.433333,1,1,1044,0,ilp_v2,infeasible,0,,,,0.006682,,,0.006682,0.007241,3,0,0
rho\set44\rho_0.2.py,rho,44,rho,0.2,2,5,5,0.5,0.5,0.2,0.6,1.0,0.5,13.8,40,12,45.999999,69.0,21.433333,1,1,1044,0,ilp_v3,infeasible,0,,,,0.005981,,,0.005981,0.006974,3,0,0
rho\set44\rho_0.2.py,rho,44,rho,0.2,2,5,5,0.5,0.5,0.2,0.6,1.0,0.5,13.8,40,12,45.999999,69.0,21.433333,1,1,1044,0,ilp_v4,infeasible,0,,,,0.00661,,,0.00661,0.007809,3,0,0
rho\set44\rho_0.2.py,rho,44,rho,0.2,2,5,5,0.5,0.5,0.2,0.6,1.0,0.5,13.8,40,12,45.999999,69.0,21.433333,1,1,1044,0,greedy_sps_baseline,infeasible,0,,45.999999,,0.00078,,over budget: E=46.0000 > B=13.8000,0.00078,0.001083,3,0,0
rho\set44\rho_0.3.py,rho,44,rho,0.3,2,5,5,0.5,0.5,0.3,0.6,1.0,0.5,20.7,40,12,45.999999,69.0,21.433333,1,1,1044,0,ilp_v2,infeasible,0,,,,0.006603,,,0.006603,0.008077,3,0,0
rho\set44\rho_0.3.py,rho,44,rho,0.3,2,5,5,0.5,0.5,0.3,0.6,1.0,0.5,20.7,40,12,45.999999,69.0,21.433333,1,1,1044,0,ilp_v3,infeasible,0,,,,0.006841,,,0.006841,0.007817,3,0,0
rho\set44\rho_0.3.py,rho,44,rho,0.3,2,5,5,0.5,0.5,0.3,0.6,1.0,0.5,20.7,40,12,45.999999,69.0,21.433333,1,1,1044,0,ilp_v4,infeasible,0,,,,0.006291,,,0.006291,0.006972,3,0,0
rho\set44\rho_0.3.py,rho,44,rho,0.3,2,5,5,0.5,0.5,0.3,0.6,1.0,0.5,20.7,40,12,45.999999,69.0,21.433333,1,1,1044,0,greedy_sps_baseline,infeasible,0,,45.999999,,0.000702,,over budget: E=46.0000 > B=20.7000,0.000702,0.000849,3,0,0
rho\set44\rho_0.4.py,rho,44,rho,0.4,2,5,5,0.5,0.5,0.4,0.6,1.0,0.5,27.6,40,12,45.999999,69.0,21.433333,1,1,1044,0,ilp_v2,optimal,1,17.295503,27.567737,0.627382,0.283305,0.0,,0.283305,0.324834,3,0,0
rho\set44\rho_0.4.py,rho,44,rho,0.4,2,5,5,0.5,0.5,0.4,0.6,1.0,0.5,27.6,40,12,45.999999,69.0,21.433333,1,1,1044,0,ilp_v3,optimal,1,12.370992,27.583978,0.448485,0.06693,0.0,,0.06693,0.107701,3,0,0
rho\set44\rho_0.4.py,rho,44,rho,0.4,2,5,5,0.5,0.5,0.4,0.6,1.0,0.5,27.6,40,12,45.999999,69.0,21.433333,1,1,1044,0,ilp_v4,optimal,1,17.295503,27.567737,0.627382,0.375406,0.0,,0.375406,0.552949,3,0,0
rho\set44\rho_0.4.py,rho,44,rho,0.4,2,5,5,0.5,0.5,0.4,0.6,1.0,0.5,27.6,40,12,45.999999,69.0,21.433333,1,1,1044,0,greedy_sps_baseline,infeasible,0,,45.999999,,0.000817,,over budget: E=46.0000 > B=27.6000,0.000817,0.000957,3,0,0
rho\set44\rho_0.5.py,rho,44,rho,0.5,2,5,5,0.5,0.5,0.5,0.6,1.0,0.5,34.5,40,12,45.999999,69.0,21.433333,1,1,1044,0,ilp_v2,optimal,1,32.220142,34.441811,0.935495,0.102443,0.0,,0.102443,0.114765,3,0,0
rho\set44\rho_0.5.py,rho,44,rho,0.5,2,5,5,0.5,0.5,0.5,0.6,1.0,0.5,34.5,40,12,45.999999,69.0,21.433333,1,1,1044,0,ilp_v3,optimal,1,26.748718,34.438274,0.776715,0.201313,0.0,,0.201313,0.272958,3,0,0
rho\set44\rho_0.5.py,rho,44,rho,0.5,2,5,5,0.5,0.5,0.5,0.6,1.0,0.5,34.5,40,12,45.999999,69.0,21.433333,1,1,1044,0,ilp_v4,optimal,1,33.750996,34.49166,0.978526,0.142859,0.0,,0.142859,0.194831,3,0,0
rho\set44\rho_0.5.py,rho,44,rho,0.5,2,5,5,0.5,0.5,0.5,0.6,1.0,0.5,34.5,40,12,45.999999,69.0,21.433333,1,1,1044,0,greedy_sps_baseline,infeasible,0,,45.999999,,0.000329,,over budget: E=46.0000 > B=34.5000,0.000329,0.000488,3,0,0
rho\set44\rho_0.6.py,rho,44,rho,0.6,2,5,5,0.5,0.5,0.6,0.6,1.0,0.5,41.4,40,12,45.999999,69.0,21.433333,1,1,1044,0,ilp_v2,optimal,1,42.390494,41.370074,1.024666,0.062238,0.0,,0.062238,0.066146,3,0,0
rho\set44\rho_0.6.py,rho,44,rho,0.6,2,5,5,0.5,0.5,0.6,0.6,1.0,0.5,41.4,40,12,45.999999,69.0,21.433333,1,1,1044,0,ilp_v3,optimal,1,41.539005,41.397742,1.003412,0.02264,0.0,,0.02264,0.025101,3,0,0
rho\set44\rho_0.6.py,rho,44,rho,0.6,2,5,5,0.5,0.5,0.6,0.6,1.0,0.5,41.4,40,12,45.999999,69.0,21.433333,1,1,1044,0,ilp_v4,optimal,1,41.518922,41.355408,1.003954,0.132747,0.0,,0.132747,0.13734,3,0,0
rho\set44\rho_0.6.py,rho,44,rho,0.6,2,5,5,0.5,0.5,0.6,0.6,1.0,0.5,41.4,40,12,45.999999,69.0,21.433333,1,1,1044,0,greedy_sps_baseline,infeasible,0,,45.999999,,0.000388,,over budget: E=46.0000 > B=41.4000,0.000388,0.000924,3,0,0
rho\set44\rho_0.7.py,rho,44,rho,0.7,2,5,5,0.5,0.5,0.7,0.6,1.0,0.5,48.3,40,12,45.999999,69.0,21.433333,1,1,1044,0,ilp_v2,optimal,1,49.428184,48.255816,1.024295,0.028119,0.0,,0.028119,0.031532,3,0,0
rho\set44\rho_0.7.py,rho,44,rho,0.7,2,5,5,0.5,0.5,0.7,0.6,1.0,0.5,48.3,40,12,45.999999,69.0,21.433333,1,1,1044,0,ilp_v3,optimal,1,50.428042,48.259301,1.044939,0.030698,0.0,,0.030698,0.03309,3,0,0
rho\set44\rho_0.7.py,rho,44,rho,0.7,2,5,5,0.5,0.5,0.7,0.6,1.0,0.5,48.3,40,12,45.999999,69.0,21.433333,1,1,1044,0,ilp_v4,optimal,1,49.673643,48.27915,1.028884,0.175601,0.0,,0.175601,0.222446,3,0,0
rho\set44\rho_0.7.py,rho,44,rho,0.7,2,5,5,0.5,0.5,0.7,0.6,1.0,0.5,48.3,40,12,45.999999,69.0,21.433333,1,1,1044,0,greedy_sps_baseline,solved,1,5.816074,48.270616,0.120489,0.002447,,,0.002447,0.002601,3,0,0
rho\set44\rho_0.8.py,rho,44,rho,0.8,2,5,5,0.5,0.5,0.8,0.6,1.0,0.5,55.2,40,12,45.999999,69.0,21.433333,1,1,1044,0,ilp_v2,optimal,1,51.204497,54.653715,0.93689,0.014501,0.0,,0.014501,0.021635,3,0,0
rho\set44\rho_0.8.py,rho,44,rho,0.8,2,5,5,0.5,0.5,0.8,0.6,1.0,0.5,55.2,40,12,45.999999,69.0,21.433333,1,1,1044,0,ilp_v3,optimal,1,48.491227,53.584051,0.904956,0.025371,0.0,,0.025371,0.032267,3,0,0
rho\set44\rho_0.8.py,rho,44,rho,0.8,2,5,5,0.5,0.5,0.8,0.6,1.0,0.5,55.2,40,12,45.999999,69.0,21.433333,1,1,1044,0,ilp_v4,optimal,1,51.204497,55.011787,0.930791,0.07374,0.0,,0.07374,0.090469,3,0,0
rho\set44\rho_0.8.py,rho,44,rho,0.8,2,5,5,0.5,0.5,0.8,0.6,1.0,0.5,55.2,40,12,45.999999,69.0,21.433333,1,1,1044,0,greedy_sps_baseline,solved,1,21.118417,54.542979,0.387189,0.002244,,,0.002244,0.003542,3,0,0
rho\set44\rho_0.9.py,rho,44,rho,0.9,2,5,5,0.5,0.5,0.9,0.6,1.0,0.5,62.1,40,12,45.999999,69.0,21.433333,1,1,1044,0,ilp_v2,optimal,1,51.204497,61.523867,0.83227,0.01131,0.0,,0.01131,0.012196,3,0,0
rho\set44\rho_0.9.py,rho,44,rho,0.9,2,5,5,0.5,0.5,0.9,0.6,1.0,0.5,62.1,40,12,45.999999,69.0,21.433333,1,1,1044,0,ilp_v3,optimal,1,51.204497,58.765188,0.871341,0.010471,0.0,,0.010471,0.011728,3,0,0
rho\set44\rho_0.9.py,rho,44,rho,0.9,2,5,5,0.5,0.5,0.9,0.6,1.0,0.5,62.1,40,12,45.999999,69.0,21.433333,1,1,1044,0,ilp_v4,optimal,1,51.204497,61.523867,0.83227,0.03175,0.0,,0.03175,0.033916,3,0,0
rho\set44\rho_0.9.py,rho,44,rho,0.9,2,5,5,0.5,0.5,0.9,0.6,1.0,0.5,62.1,40,12,45.999999,69.0,21.433333,1,1,1044,0,greedy_sps_baseline,solved,1,39.36656,62.088813,0.634036,0.003691,,,0.003691,0.005535,3,0,0
rho\set44\rho_1.py,rho,44,rho,1,2,5,5,0.5,0.5,1.0,0.6,1.0,0.5,69.0,40,12,45.999999,69.0,21.433333,1,1,1044,0,ilp_v2,optimal,1,51.204497,69.0,0.742094,0.006805,0.0,,0.006805,0.008949,3,0,0
rho\set44\rho_1.py,rho,44,rho,1,2,5,5,0.5,0.5,1.0,0.6,1.0,0.5,69.0,40,12,45.999999,69.0,21.433333,1,1,1044,0,ilp_v3,optimal,1,51.204497,69.0,0.742094,0.004405,0.0,,0.004405,0.011026,3,0,0
rho\set44\rho_1.py,rho,44,rho,1,2,5,5,0.5,0.5,1.0,0.6,1.0,0.5,69.0,40,12,45.999999,69.0,21.433333,1,1,1044,0,ilp_v4,optimal,1,51.204497,69.0,0.742094,0.023253,0.0,,0.023253,0.026809,3,0,0
rho\set44\rho_1.py,rho,44,rho,1,2,5,5,0.5,0.5,1.0,0.6,1.0,0.5,69.0,40,12,45.999999,69.0,21.433333,1,1,1044,0,greedy_sps_baseline,solved,1,51.204497,69.0,0.742094,0.005133,,,0.005133,0.007396,3,0,0
rho\set45\rho_0.2.py,rho,45,rho,0.2,2,5,5,0.5,0.5,0.2,0.6,1.0,0.5,13.799999,40,11,45.999998,68.999997,23.599999,1,1,1045,0,ilp_v2,infeasible,0,,,,0.003982,,,0.003982,0.005196,3,0,0
rho\set45\rho_0.2.py,rho,45,rho,0.2,2,5,5,0.5,0.5,0.2,0.6,1.0,0.5,13.799999,40,11,45.999998,68.999997,23.599999,1,1,1045,0,ilp_v3,infeasible,0,,,,0.003506,,,0.003506,0.004051,3,0,0
rho\set45\rho_0.2.py,rho,45,rho,0.2,2,5,5,0.5,0.5,0.2,0.6,1.0,0.5,13.799999,40,11,45.999998,68.999997,23.599999,1,1,1045,0,ilp_v4,infeasible,0,,,,0.003456,,,0.003456,0.00404,3,0,0
rho\set45\rho_0.2.py,rho,45,rho,0.2,2,5,5,0.5,0.5,0.2,0.6,1.0,0.5,13.799999,40,11,45.999998,68.999997,23.599999,1,1,1045,0,greedy_sps_baseline,infeasible,0,,45.999998,,0.000511,,over budget: E=46.0000 > B=13.8000,0.000511,0.000671,3,0,0
rho\set45\rho_0.3.py,rho,45,rho,0.3,2,5,5,0.5,0.5,0.3,0.6,1.0,0.5,20.699999,40,11,45.999998,68.999997,23.599999,1,1,1045,0,ilp_v2,infeasible,0,,,,0.003925,,,0.003925,0.005045,3,0,0
rho\set45\rho_0.3.py,rho,45,rho,0.3,2,5,5,0.5,0.5,0.3,0.6,1.0,0.5,20.699999,40,11,45.999998,68.999997,23.599999,1,1,1045,0,ilp_v3,infeasible,0,,,,0.003491,,,0.003491,0.00397,3,0,0
rho\set45\rho_0.3.py,rho,45,rho,0.3,2,5,5,0.5,0.5,0.3,0.6,1.0,0.5,20.699999,40,11,45.999998,68.999997,23.599999,1,1,1045,0,ilp_v4,infeasible,0,,,,0.003708,,,0.003708,0.004101,3,0,0
rho\set45\rho_0.3.py,rho,45,rho,0.3,2,5,5,0.5,0.5,0.3,0.6,1.0,0.5,20.699999,40,11,45.999998,68.999997,23.599999,1,1,1045,0,greedy_sps_baseline,infeasible,0,,45.999998,,0.000506,,over budget: E=46.0000 > B=20.7000,0.000506,0.000575,3,0,0
rho\set45\rho_0.4.py,rho,45,rho,0.4,2,5,5,0.5,0.5,0.4,0.6,1.0,0.5,27.599999,40,11,45.999998,68.999997,23.599999,1,1,1045,0,ilp_v2,infeasible,0,,,,0.00295,,,0.00295,0.003628,3,0,0
rho\set45\rho_0.4.py,rho,45,rho,0.4,2,5,5,0.5,0.5,0.4,0.6,1.0,0.5,27.599999,40,11,45.999998,68.999997,23.599999,1,1,1045,0,ilp_v3,infeasible,0,,,,0.003236,,,0.003236,0.005508,3,0,0
rho\set45\rho_0.4.py,rho,45,rho,0.4,2,5,5,0.5,0.5,0.4,0.6,1.0,0.5,27.599999,40,11,45.999998,68.999997,23.599999,1,1,1045,0,ilp_v4,infeasible,0,,,,0.009891,,,0.009891,0.013347,3,0,0
rho\set45\rho_0.4.py,rho,45,rho,0.4,2,5,5,0.5,0.5,0.4,0.6,1.0,0.5,27.599999,40,11,45.999998,68.999997,23.599999,1,1,1045,0,greedy_sps_baseline,infeasible,0,,45.999998,,0.000334,,over budget: E=46.0000 > B=27.6000,0.000334,0.00048,3,0,0
rho\set45\rho_0.5.py,rho,45,rho,0.5,2,5,5,0.5,0.5,0.5,0.6,1.0,0.5,34.499998,40,11,45.999998,68.999997,23.599999,1,1,1045,0,ilp_v2,optimal,1,15.924536,34.498892,0.461596,0.017877,0.0,,0.017877,0.020101,3,0,0
rho\set45\rho_0.5.py,rho,45,rho,0.5,2,5,5,0.5,0.5,0.5,0.6,1.0,0.5,34.499998,40,11,45.999998,68.999997,23.599999,1,1,1045,0,ilp_v3,optimal,1,16.306884,34.498565,0.472683,0.011279,0.0,,0.011279,0.012543,3,0,0
rho\set45\rho_0.5.py,rho,45,rho,0.5,2,5,5,0.5,0.5,0.5,0.6,1.0,0.5,34.499998,40,11,45.999998,68.999997,23.599999,1,1,1045,0,ilp_v4,optimal,1,18.929036,34.469653,0.549151,0.104519,0.0,,0.104519,0.113603,3,0,0
rho\set45\rho_0.5.py,rho,45,rho,0.5,2,5,5,0.5,0.5,0.5,0.6,1.0,0.5,34.499998,40,11,45.999998,68.999997,23.599999,1,1,1045,0,greedy_sps_baseline,infeasible,0,,45.999998,,0.000516,,over budget: E=46.0000 > B=34.5000,0.000516,0.000711,3,0,0
rho\set45\rho_0.6.py,rho,45,rho,0.6,2,5,5,0.5,0.5,0.6,0.6,1.0,0.5,41.399998,40,11,45.999998,68.999997,23.599999,1,1,1045,0,ilp_v2,optimal,1,47.837173,41.325097,1.157582,0.03927,0.0,,0.03927,0.041187,3,0,0
rho\set45\rho_0.6.py,rho,45,rho,0.6,2,5,5,0.5,0.5,0.6,0.6,1.0,0.5,41.399998,40,11,45.999998,68.999997,23.599999,1,1,1045,0,ilp_v3,optimal,1,47.381492,41.33395,1.146309,0.031386,0.0,,0.031386,0.034467,3,0,0
rho\set45\rho_0.6.py,rho,45,rho,0.6,2,5,5,0.5,0.5,0.6,0.6,1.0,0.5,41.399998,40,11,45.999998,68.999997,23.599999,1,1,1045,0,ilp_v4,optimal,1,48.192066,40.872133,1.179093,0.085683,0.0,,0.085683,0.091496,3,0,0
rho\set45\rho_0.6.py,rho,45,rho,0.6,2,5,5,0.5,0.5,0.6,0.6,1.0,0.5,41.399998,40,11,45.999998,68.999997,23.599999,1,1,1045,0,greedy_sps_baseline,infeasible,0,,45.999998,,0.000736,,over budget: E=46.0000 > B=41.4000,0.000736,0.000985,3,0,0
rho\set45\rho_0.7.py,rho,45,rho,0.7,2,5,5,0.5,0.5,0.7,0.6,1.0,0.5,48.299998,40,11,45.999998,68.999997,23.599999,1,1,1045,0,ilp_v2,optimal,1,73.277451,48.291558,1.517397,0.035392,0.0,,0.035392,0.045042,3,0,0
rho\set45\rho_0.7.py,rho,45,rho,0.7,2,5,5,0.5,0.5,0.7,0.6,1.0,0.5,48.299998,40,11,45.999998,68.999997,23.599999,1,1,1045,0,ilp_v3,optimal,1,65.923901,48.281308,1.365413,0.01471,0.0,,0.01471,0.018053,3,0,0
rho\set45\rho_0.7.py,rho,45,rho,0.7,2,5,5,0.5,0.5,0.7,0.6,1.0,0.5,48.299998,40,11,45.999998,68.999997,23.599999,1,1,1045,0,ilp_v4,optimal,1,73.277451,48.291558,1.517397,0.072823,0.0,,0.072823,0.072894,3,0,0
rho\set45\rho_0.7.py,rho,45,rho,0.7,2,5,5,0.5,0.5,0.7,0.6,1.0,0.5,48.299998,40,11,45.999998,68.999997,23.599999,1,1,1045,0,greedy_sps_baseline,solved,1,9.351429,48.250478,0.19381,0.001182,,,0.001182,0.001444,3,0,0
rho\set45\rho_0.8.py,rho,45,rho,0.8,2,5,5,0.5,0.5,0.8,0.6,1.0,0.5,55.199997,40,11,45.999998,68.999997,23.599999,1,1,1045,0,ilp_v2,optimal,1,76.231676,54.796047,1.391189,0.008822,0.0,,0.008822,0.010093,3,0,0
rho\set45\rho_0.8.py,rho,45,rho,0.8,2,5,5,0.5,0.5,0.8,0.6,1.0,0.5,55.199997,40,11,45.999998,68.999997,23.599999,1,1,1045,0,ilp_v3,optimal,1,75.058836,55.155454,1.36086,0.016817,0.0,,0.016817,0.017702,3,0,0
rho\set45\rho_0.8.py,rho,45,rho,0.8,2,5,5,0.5,0.5,0.8,0.6,1.0,0.5,55.199997,40,11,45.999998,68.999997,23.599999,1,1,1045,0,ilp_v4,optimal,1,76.231676,54.796047,1.391189,0.026096,0.0,,0.026096,0.030406,3,0,0
rho\set45\rho_0.8.py,rho,45,rho,0.8,2,5,5,0.5,0.5,0.8,0.6,1.0,0.5,55.199997,40,11,45.999998,68.999997,23.599999,1,1,1045,0,greedy_sps_baseline,solved,1,33.890133,54.948193,0.616765,0.002517,,,0.002517,0.002629,3,0,0
rho\set45\rho_0.9.py,rho,45,rho,0.9,2,5,5,0.5,0.5,0.9,0.6,1.0,0.5,62.099997,40,11,45.999998,68.999997,23.599999,1,1,1045,0,ilp_v2,optimal,1,76.231676,59.999528,1.270538,0.005799,0.0,,0.005799,0.006604,3,0,0
rho\set45\rho_0.9.py,rho,45,rho,0.9,2,5,5,0.5,0.5,0.9,0.6,1.0,0.5,62.099997,40,11,45.999998,68.999997,23.599999,1,1,1045,0,ilp_v3,optimal,1,76.231676,60.623694,1.257457,0.009114,0.0,,0.009114,0.010733,3,0,0
rho\set45\rho_0.9.py,rho,45,rho,0.9,2,5,5,0.5,0.5,0.9,0.6,1.0,0.5,62.099997,40,11,45.999998,68.999997,23.599999,1,1,1045,0,ilp_v4,optimal,1,76.231676,59.999528,1.270538,0.018724,0.0,,0.018724,0.025564,3,0,0
rho\set45\rho_0.9.py,rho,45,rho,0.9,2,5,5,0.5,0.5,0.9,0.6,1.0,0.5,62.099997,40,11,45.999998,68.999997,23.599999,1,1,1045,0,greedy_sps_baseline,solved,1,56.66304,62.068764,0.912907,0.002361,,,0.002361,0.002668,3,0,0
rho\set45\rho_1.py,rho,45,rho,1,2,5,5,0.5,0.5,1.0,0.6,1.0,0.5,68.999997,40,11,45.999998,68.999997,23.599999,1,1,1045,0,ilp_v2,optimal,1,76.231676,61.199128,1.245633,0.005495,0.0,,0.005495,0.006942,3,0,0
rho\set45\rho_1.py,rho,45,rho,1,2,5,5,0.5,0.5,1.0,0.6,1.0,0.5,68.999997,40,11,45.999998,68.999997,23.599999,1,1,1045,0,ilp_v3,optimal,1,76.231676,68.999997,1.104807,0.005757,0.0,,0.005757,0.006492,3,0,0
rho\set45\rho_1.py,rho,45,rho,1,2,5,5,0.5,0.5,1.0,0.6,1.0,0.5,68.999997,40,11,45.999998,68.999997,23.599999,1,1,1045,0,ilp_v4,optimal,1,76.231676,61.199128,1.245633,0.013213,0.0,,0.013213,0.013658,3,0,0
rho\set45\rho_1.py,rho,45,rho,1,2,5,5,0.5,0.5,1.0,0.6,1.0,0.5,68.999997,40,11,45.999998,68.999997,23.599999,1,1,1045,0,greedy_sps_baseline,solved,1,76.231676,68.999997,1.104807,0.002932,,,0.002932,0.004581,3,0,0
rho\set46\rho_0.2.py,rho,46,rho,0.2,2,5,5,0.5,0.5,0.2,0.6,1.0,0.5,13.800001,40,13,46.0,69.000003,22.042857,1,1,1046,0,ilp_v2,infeasible,0,,,,0.005439,,,0.005439,0.007166,3,0,0
rho\set46\rho_0.2.py,rho,46,rho,0.2,2,5,5,0.5,0.5,0.2,0.6,1.0,0.5,13.800001,40,13,46.0,69.000003,22.042857,1,1,1046,0,ilp_v3,infeasible,0,,,,0.005516,,,0.005516,0.007794,3,0,0
rho\set46\rho_0.2.py,rho,46,rho,0.2,2,5,5,0.5,0.5,0.2,0.6,1.0,0.5,13.800001,40,13,46.0,69.000003,22.042857,1,1,1046,0,ilp_v4,infeasible,0,,,,0.006484,,,0.006484,0.006799,3,0,0
rho\set46\rho_0.2.py,rho,46,rho,0.2,2,5,5,0.5,0.5,0.2,0.6,1.0,0.5,13.800001,40,13,46.0,69.000003,22.042857,1,1,1046,0,greedy_sps_baseline,infeasible,0,,46.0,,0.000609,,over budget: E=46.0000 > B=13.8000,0.000609,0.000745,3,0,0
rho\set46\rho_0.3.py,rho,46,rho,0.3,2,5,5,0.5,0.5,0.3,0.6,1.0,0.5,20.700001,40,13,46.0,69.000003,22.042857,1,1,1046,0,ilp_v2,infeasible,0,,,,0.003573,,,0.003573,0.00744,3,0,0
rho\set46\rho_0.3.py,rho,46,rho,0.3,2,5,5,0.5,0.5,0.3,0.6,1.0,0.5,20.700001,40,13,46.0,69.000003,22.042857,1,1,1046,0,ilp_v3,infeasible,0,,,,0.006143,,,0.006143,0.008507,3,0,0
rho\set46\rho_0.3.py,rho,46,rho,0.3,2,5,5,0.5,0.5,0.3,0.6,1.0,0.5,20.700001,40,13,46.0,69.000003,22.042857,1,1,1046,0,ilp_v4,infeasible,0,,,,0.007226,,,0.007226,0.008043,3,0,0
rho\set46\rho_0.3.py,rho,46,rho,0.3,2,5,5,0.5,0.5,0.3,0.6,1.0,0.5,20.700001,40,13,46.0,69.000003,22.042857,1,1,1046,0,greedy_sps_baseline,infeasible,0,,46.0,,0.000603,,over budget: E=46.0000 > B=20.7000,0.000603,0.000779,3,0,0
rho\set46\rho_0.4.py,rho,46,rho,0.4,2,5,5,0.5,0.5,0.4,0.6,1.0,0.5,27.600001,40,13,46.0,69.000003,22.042857,1,1,1046,0,ilp_v2,optimal,1,7.725818,27.597478,0.279947,0.064008,0.0,,0.064008,0.070792,3,0,0
rho\set46\rho_0.4.py,rho,46,rho,0.4,2,5,5,0.5,0.5,0.4,0.6,1.0,0.5,27.600001,40,13,46.0,69.000003,22.042857,1,1,1046,0,ilp_v3,optimal,1,7.725818,27.597478,0.279947,0.06487,0.0,,0.06487,0.072179,3,0,0
rho\set46\rho_0.4.py,rho,46,rho,0.4,2,5,5,0.5,0.5,0.4,0.6,1.0,0.5,27.600001,40,13,46.0,69.000003,22.042857,1,1,1046,0,ilp_v4,optimal,1,9.802158,27.575072,0.355472,0.367119,0.0,,0.367119,0.393757,3,0,0
rho\set46\rho_0.4.py,rho,46,rho,0.4,2,5,5,0.5,0.5,0.4,0.6,1.0,0.5,27.600001,40,13,46.0,69.000003,22.042857,1,1,1046,0,greedy_sps_baseline,infeasible,0,,46.0,,0.000632,,over budget: E=46.0000 > B=27.6000,0.000632,0.000786,3,0,0
rho\set46\rho_0.5.py,rho,46,rho,0.5,2,5,5,0.5,0.5,0.5,0.6,1.0,0.5,34.500002,40,13,46.0,69.000003,22.042857,1,1,1046,0,ilp_v2,optimal,1,22.457296,34.485684,0.651206,0.090202,3.8e-05,,0.090202,0.090636,3,0,0
rho\set46\rho_0.5.py,rho,46,rho,0.5,2,5,5,0.5,0.5,0.5,0.6,1.0,0.5,34.500002,40,13,46.0,69.000003,22.042857,1,1,1046,0,ilp_v3,optimal,1,15.431637,34.288258,0.450056,0.093141,0.0,,0.093141,0.09871,3,0,0
rho\set46\rho_0.5.py,rho,46,rho,0.5,2,5,5,0.5,0.5,0.5,0.6,1.0,0.5,34.500002,40,13,46.0,69.000003,22.042857,1,1,1046,0,ilp_v4,optimal,1,25.739609,34.490897,0.746273,0.415688,0.0,,0.415688,0.426698,3,0,0
rho\set46\rho_0.5.py,rho,46,rho,0.5,2,5,5,0.5,0.5,0.5,0.6,1.0,0.5,34.500002,40,13,46.0,69.000003,22.042857,1,1,1046,0,greedy_sps_baseline,infeasible,0,,46.0,,0.000633,,over budget: E=46.0000 > B=34.5000,0.000633,0.000885,3,0,0
rho\set46\rho_0.6.py,rho,46,rho,0.6,2,5,5,0.5,0.5,0.6,0.6,1.0,0.5,41.400002,40,13,46.0,69.000003,22.042857,1,1,1046,0,ilp_v2,optimal,1,31.687073,40.936466,0.774055,0.013484,0.0,,0.013484,0.014513,3,0,0
rho\set46\rho_0.6.py,rho,46,rho,0.6,2,5,5,0.5,0.5,0.6,0.6,1.0,0.5,41.400002,40,13,46.0,69.000003,22.042857,1,1,1046,0,ilp_v3,optimal,1,24.40892,41.395181,0.589656,0.06594,0.0,,0.06594,0.07211,3,0,0
rho\set46\rho_0.6.py,rho,46,rho,0.6,2,5,5,0.5,0.5,0.6,0.6,1.0,0.5,41.400002,40,13,46.0,69.000003,22.042857,1,1,1046,0,ilp_v4,optimal,1,31.687073,41.04726,0.771966,0.175731,0.0,,0.175731,0.188296,3,0,0
rho\set46\rho_0.6.py,rho,46,rho,0.6,2,5,5,0.5,0.5,0.6,0.6,1.0,0.5,41.400002,40,13,46.0,69.000003,22.042857,1,1,1046,0,greedy_sps_baseline,infeasible,0,,46.0,,0.000648,,over budget: E=46.0000 > B=41.4000,0.000648,0.000798,3,0,0
rho\set46\rho_0.7.py,rho,46,rho,0.7,2,5,5,0.5,0.5,0.7,0.6,1.0,0.5,48.300002,40,13,46.0,69.000003,22.042857,1,1,1046,0,ilp_v2,optimal,1,42.176381,48.29314,0.873341,0.034153,0.0,,0.034153,0.038339,3,0,0
rho\set46\rho_0.7.py,rho,46,rho,0.7,2,5,5,0.5,0.5,0.7,0.6,1.0,0.5,48.300002,40,13,46.0,69.000003,22.042857,1,1,1046,0,ilp_v3,optimal,1,30.404526,47.676549,0.637725,0.042108,0.0,,0.042108,0.044765,3,0,0
rho\set46\rho_0.7.py,rho,46,rho,0.7,2,5,5,0.5,0.5,0.7,0.6,1.0,0.5,48.300002,40,13,46.0,69.000003,22.042857,1,1,1046,0,ilp_v4,optimal,1,45.89691,48.251949,0.951193,0.145855,0.0,,0.145855,0.164241,3,0,0
rho\set46\rho_0.7.py,rho,46,rho,0.7,2,5,5,0.5,0.5,0.7,0.6,1.0,0.5,48.300002,40,13,46.0,69.000003,22.042857,1,1,1046,0,greedy_sps_baseline,solved,1,5.8893,48.225115,0.122121,0.003641,,,0.003641,0.00503,3,0,0
rho\set46\rho_0.8.py,rho,46,rho,0.8,2,5,5,0.5,0.5,0.8,0.6,1.0,0.5,55.200003,40,13,46.0,69.000003,22.042857,1,1,1046,0,ilp_v2,optimal,1,46.783924,55.107578,0.848956,0.033981,0.0,,0.033981,0.037169,3,0,0
rho\set46\rho_0.8.py,rho,46,rho,0.8,2,5,5,0.5,0.5,0.8,0.6,1.0,0.5,55.200003,40,13,46.0,69.000003,22.042857,1,1,1046,0,ilp_v3,optimal,1,31.687073,54.655247,0.579763,0.019805,0.0,,0.019805,0.0259,3,0,0
rho\set46\rho_0.8.py,rho,46,rho,0.8,2,5,5,0.5,0.5,0.8,0.6,1.0,0.5,55.200003,40,13,46.0,69.000003,22.042857,1,1,1046,0,ilp_v4,optimal,1,46.783924,54.996865,0.850665,0.08911,0.0,,0.08911,0.097215,3,0,0
rho\set46\rho_0.8.py,rho,46,rho,0.8,2,5,5,0.5,0.5,0.8,0.6,1.0,0.5,55.200003,40,13,46.0,69.000003,22.042857,1,1,1046,0,greedy_sps_baseline,solved,1,21.119008,54.950092,0.384331,0.006632,,,0.006632,0.011202,3,0,0
rho\set46\rho_0.9.py,rho,46,rho,0.9,2,5,5,0.5,0.5,0.9,0.6,1.0,0.5,62.100003,40,13,46.0,69.000003,22.042857,1,1,1046,0,ilp_v2,optimal,1,46.783924,60.59824,0.772034,0.018133,0.0,,0.018133,0.020571,3,0,0
rho\set46\rho_0.9.py,rho,46,rho,0.9,2,5,5,0.5,0.5,0.9,0.6,1.0,0.5,62.100003,40,13,46.0,69.000003,22.042857,1,1,1046,0,ilp_v3,optimal,1,31.687073,59.82234,0.529686,0.009625,0.0,,0.009625,0.01365,3,0,0
rho\set46\rho_0.9.py,rho,46,rho,0.9,2,5,5,0.5,0.5,0.9,0.6,1.0,0.5,62.100003,40,13,46.0,69.000003,22.042857,1,1,1046,0,ilp_v4,optimal,1,46.783924,57.964482,0.807114,0.053918,0.0,,0.053918,0.05699,3,0,0
rho\set46\rho_0.9.py,rho,46,rho,0.9,2,5,5,0.5,0.5,0.9,0.6,1.0,0.5,62.100003,40,13,46.0,69.000003,22.042857,1,1,1046,0,greedy_sps_baseline,solved,1,36.646358,62.023477,0.590847,0.006469,,,0.006469,0.008525,3,0,0
rho\set46\rho_1.py,rho,46,rho,1,2,5,5,0.5,0.5,1.0,0.6,1.0,0.5,69.000003,40,13,46.0,69.000003,22.042857,1,1,1046,0,ilp_v2,optimal,1,46.783924,66.536493,0.703132,0.010578,0.0,,0.010578,0.011384,3,0,0
rho\set46\rho_1.py,rho,46,rho,1,2,5,5,0.5,0.5,1.0,0.6,1.0,0.5,69.000003,40,13,46.0,69.000003,22.042857,1,1,1046,0,ilp_v3,optimal,1,31.687073,61.70022,0.513565,0.009935,0.0,,0.009935,0.010554,3,0,0
rho\set46\rho_1.py,rho,46,rho,1,2,5,5,0.5,0.5,1.0,0.6,1.0,0.5,69.000003,40,13,46.0,69.000003,22.042857,1,1,1046,0,ilp_v4,optimal,1,46.783924,65.676855,0.712335,0.032998,0.0,,0.032998,0.034366,3,0,0
rho\set46\rho_1.py,rho,46,rho,1,2,5,5,0.5,0.5,1.0,0.6,1.0,0.5,69.000003,40,13,46.0,69.000003,22.042857,1,1,1046,0,greedy_sps_baseline,solved,1,45.701369,67.94327,0.67264,0.008137,,,0.008137,0.008528,3,0,0
rho\set47\rho_0.2.py,rho,47,rho,0.2,2,5,5,0.5,0.5,0.2,0.6,1.0,0.5,13.8,40,13,46.000002,68.999999,22.000001,1,1,1047,0,ilp_v2,infeasible,0,,,,0.00586,,,0.00586,0.007005,3,0,0
rho\set47\rho_0.2.py,rho,47,rho,0.2,2,5,5,0.5,0.5,0.2,0.6,1.0,0.5,13.8,40,13,46.000002,68.999999,22.000001,1,1,1047,0,ilp_v3,infeasible,0,,,,0.005238,,,0.005238,0.006407,3,0,0
rho\set47\rho_0.2.py,rho,47,rho,0.2,2,5,5,0.5,0.5,0.2,0.6,1.0,0.5,13.8,40,13,46.000002,68.999999,22.000001,1,1,1047,0,ilp_v4,infeasible,0,,,,0.005582,,,0.005582,0.00632,3,0,0
rho\set47\rho_0.2.py,rho,47,rho,0.2,2,5,5,0.5,0.5,0.2,0.6,1.0,0.5,13.8,40,13,46.000002,68.999999,22.000001,1,1,1047,0,greedy_sps_baseline,infeasible,0,,46.000002,,0.000366,,over budget: E=46.0000 > B=13.8000,0.000366,0.000874,3,0,0
rho\set47\rho_0.3.py,rho,47,rho,0.3,2,5,5,0.5,0.5,0.3,0.6,1.0,0.5,20.7,40,13,46.000002,68.999999,22.000001,1,1,1047,0,ilp_v2,infeasible,0,,,,0.005573,,,0.005573,0.006748,3,0,0
rho\set47\rho_0.3.py,rho,47,rho,0.3,2,5,5,0.5,0.5,0.3,0.6,1.0,0.5,20.7,40,13,46.000002,68.999999,22.000001,1,1,1047,0,ilp_v3,infeasible,0,,,,0.00581,,,0.00581,0.011496,3,0,0
rho\set47\rho_0.3.py,rho,47,rho,0.3,2,5,5,0.5,0.5,0.3,0.6,1.0,0.5,20.7,40,13,46.000002,68.999999,22.000001,1,1,1047,0,ilp_v4,infeasible,0,,,,0.004758,,,0.004758,0.007875,3,0,0
rho\set47\rho_0.3.py,rho,47,rho,0.3,2,5,5,0.5,0.5,0.3,0.6,1.0,0.5,20.7,40,13,46.000002,68.999999,22.000001,1,1,1047,0,greedy_sps_baseline,infeasible,0,,46.000002,,0.000331,,over budget: E=46.0000 > B=20.7000,0.000331,0.000548,3,0,0
rho\set47\rho_0.4.py,rho,47,rho,0.4,2,5,5,0.5,0.5,0.4,0.6,1.0,0.5,27.6,40,13,46.000002,68.999999,22.000001,1,1,1047,0,ilp_v2,optimal,1,27.815087,27.528273,1.010419,0.016723,0.0,,0.016723,0.018639,3,0,0
rho\set47\rho_0.4.py,rho,47,rho,0.4,2,5,5,0.5,0.5,0.4,0.6,1.0,0.5,27.6,40,13,46.000002,68.999999,22.000001,1,1,1047,0,ilp_v3,optimal,1,27.815087,27.588942,1.008197,0.027862,0.0,,0.027862,0.028918,3,0,0
rho\set47\rho_0.4.py,rho,47,rho,0.4,2,5,5,0.5,0.5,0.4,0.6,1.0,0.5,27.6,40,13,46.000002,68.999999,22.000001,1,1,1047,0,ilp_v4,optimal,1,27.815087,27.573613,1.008757,0.167828,0.0,,0.167828,0.187075,3,0,0
rho\set47\rho_0.4.py,rho,47,rho,0.4,2,5,5,0.5,0.5,0.4,0.6,1.0,0.5,27.6,40,13,46.000002,68.999999,22.000001,1,1,1047,0,greedy_sps_baseline,infeasible,0,,46.000002,,0.000747,,over budget: E=46.0000 > B=27.6000,0.000747,0.000929,3,0,0
rho\set47\rho_0.5.py,rho,47,rho,0.5,2,5,5,0.5,0.5,0.5,0.6,1.0,0.5,34.499999,40,13,46.000002,68.999999,22.000001,1,1,1047,0,ilp_v2,optimal,1,42.521102,34.356773,1.237634,0.056024,0.0,,0.056024,0.062942,3,0,0
rho\set47\rho_0.5.py,rho,47,rho,0.5,2,5,5,0.5,0.5,0.5,0.6,1.0,0.5,34.499999,40,13,46.000002,68.999999,22.000001,1,1,1047,0,ilp_v3,optimal,1,42.5533,34.483313,1.234026,0.068363,0.0,,0.068363,0.072288,3,0,0
rho\set47\rho_0.5.py,rho,47,rho,0.5,2,5,5,0.5,0.5,0.5,0.6,1.0,0.5,34.499999,40,13,46.000002,68.999999,22.000001,1,1,1047,0,ilp_v4,optimal,1,42.43904,34.358065,1.235199,0.196603,0.0,,0.196603,0.211634,3,0,0
rho\set47\rho_0.5.py,rho,47,rho,0.5,2,5,5,0.5,0.5,0.5,0.6,1.0,0.5,34.499999,40,13,46.000002,68.999999,22.000001,1,1,1047,0,greedy_sps_baseline,infeasible,0,,46.000002,,0.001093,,over budget: E=46.0000 > B=34.5000,0.001093,0.001396,3,0,0
rho\set47\rho_0.6.py,rho,47,rho,0.6,2,5,5,0.5,0.5,0.6,0.6,1.0,0.5,41.399999,40,13,46.000002,68.999999,22.000001,1,1,1047,0,ilp_v2,optimal,1,50.208447,41.102192,1.221552,0.087457,0.0,,0.087457,0.102108,3,0,0
rho\set47\rho_0.6.py,rho,47,rho,0.6,2,5,5,0.5,0.5,0.6,0.6,1.0,0.5,41.399999,40,13,46.000002,68.999999,22.000001,1,1,1047,0,ilp_v3,optimal,1,49.902091,41.157041,1.21248,0.172465,0.0,,0.172465,0.178568,3,0,0
rho\set47\rho_0.6.py,rho,47,rho,0.6,2,5,5,0.5,0.5,0.6,0.6,1.0,0.5,41.399999,40,13,46.000002,68.999999,22.000001,1,1,1047,0,ilp_v4,optimal,1,49.304681,41.328658,1.19299,0.235286,0.0,,0.235286,0.258138,3,0,0
rho\set47\rho_0.6.py,rho,47,rho,0.6,2,5,5,0.5,0.5,0.6,0.6,1.0,0.5,41.399999,40,13,46.000002,68.999999,22.000001,1,1,1047,0,greedy_sps_baseline,infeasible,0,,46.000002,,0.000733,,over budget: E=46.0000 > B=41.4000,0.000733,0.000963,3,0,0
rho\set47\rho_0.7.py,rho,47,rho,0.7,2,5,5,0.5,0.5,0.7,0.6,1.0,0.5,48.299999,40,13,46.000002,68.999999,22.000001,1,1,1047,0,ilp_v2,optimal,1,57.03498,48.296418,1.180936,0.1235,0.0,,0.1235,0.136187,3,0,0
rho\set47\rho_0.7.py,rho,47,rho,0.7,2,5,5,0.5,0.5,0.7,0.6,1.0,0.5,48.299999,40,13,46.000002,68.999999,22.000001,1,1,1047,0,ilp_v3,optimal,1,54.344071,48.237451,1.126595,0.406402,0.0,,0.406402,0.46623,3,0,0
rho\set47\rho_0.7.py,rho,47,rho,0.7,2,5,5,0.5,0.5,0.7,0.6,1.0,0.5,48.299999,40,13,46.000002,68.999999,22.000001,1,1,1047,0,ilp_v4,optimal,1,57.996379,48.21063,1.202979,0.114475,0.0,,0.114475,0.138532,3,0,0
rho\set47\rho_0.7.py,rho,47,rho,0.7,2,5,5,0.5,0.5,0.7,0.6,1.0,0.5,48.299999,40,13,46.000002,68.999999,22.000001,1,1,1047,0,greedy_sps_baseline,solved,1,8.767553,48.016741,0.182594,0.002794,,,0.002794,0.003578,3,0,0
rho\set47\rho_0.8.py,rho,47,rho,0.8,2,5,5,0.5,0.5,0.8,0.6,1.0,0.5,55.199999,40,13,46.000002,68.999999,22.000001,1,1,1047,0,ilp_v2,optimal,1,60.735387,53.792617,1.129065,0.024762,0.0,,0.024762,0.025395,3,0,0
rho\set47\rho_0.8.py,rho,47,rho,0.8,2,5,5,0.5,0.5,0.8,0.6,1.0,0.5,55.199999,40,13,46.000002,68.999999,22.000001,1,1,1047,0,ilp_v3,optimal,1,60.735387,54.444652,1.115544,0.025605,0.0,,0.025605,0.033669,3,0,0
rho\set47\rho_0.8.py,rho,47,rho,0.8,2,5,5,0.5,0.5,0.8,0.6,1.0,0.5,55.199999,40,13,46.000002,68.999999,22.000001,1,1,1047,0,ilp_v4,optimal,1,60.735387,53.792617,1.129065,0.06916,0.0,,0.06916,0.072697,3,0,0
rho\set47\rho_0.8.py,rho,47,rho,0.8,2,5,5,0.5,0.5,0.8,0.6,1.0,0.5,55.199999,40,13,46.000002,68.999999,22.000001,1,1,1047,0,greedy_sps_baseline,solved,1,32.969388,55.023243,0.59919,0.003715,,,0.003715,0.003892,3,0,0
rho\set47\rho_0.9.py,rho,47,rho,0.9,2,5,5,0.5,0.5,0.9,0.6,1.0,0.5,62.099999,40,13,46.000002,68.999999,22.000001,1,1,1047,0,ilp_v2,optimal,1,60.735387,61.847342,0.982021,0.013276,0.0,,0.013276,0.016296,3,0,0
rho\set47\rho_0.9.py,rho,47,rho,0.9,2,5,5,0.5,0.5,0.9,0.6,1.0,0.5,62.099999,40,13,46.000002,68.999999,22.000001,1,1,1047,0,ilp_v3,optimal,1,60.735387,59.642541,1.018323,0.013035,0.0,,0.013035,0.016343,3,0,0
rho\set47\rho_0.9.py,rho,47,rho,0.9,2,5,5,0.5,0.5,0.9,0.6,1.0,0.5,62.099999,40,13,46.000002,68.999999,22.000001,1,1,1047,0,ilp_v4,optimal,1,60.735387,61.847342,0.982021,0.037643,0.0,,0.037643,0.043897,3,0,0
rho\set47\rho_0.9.py,rho,47,rho,0.9,2,5,5,0.5,0.5,0.9,0.6,1.0,0.5,62.099999,40,13,46.000002,68.999999,22.000001,1,1,1047,0,greedy_sps_baseline,solved,1,47.293704,62.053139,0.762148,0.004122,,,0.004122,0.005771,3,0,0
rho\set47\rho_1.py,rho,47,rho,1,2,5,5,0.5,0.5,1.0,0.6,1.0,0.5,68.999999,40,13,46.000002,68.999999,22.000001,1,1,1047,0,ilp_v2,optimal,1,60.735387,68.999999,0.880223,0.008259,0.0,,0.008259,0.009707,3,0,0
rho\set47\rho_1.py,rho,47,rho,1,2,5,5,0.5,0.5,1.0,0.6,1.0,0.5,68.999999,40,13,46.000002,68.999999,22.000001,1,1,1047,0,ilp_v3,optimal,1,60.735387,68.999999,0.880223,0.007651,0.0,,0.007651,0.009081,3,0,0
rho\set47\rho_1.py,rho,47,rho,1,2,5,5,0.5,0.5,1.0,0.6,1.0,0.5,68.999999,40,13,46.000002,68.999999,22.000001,1,1,1047,0,ilp_v4,optimal,1,60.735387,68.999999,0.880223,0.02763,0.0,,0.02763,0.030806,3,0,0
rho\set47\rho_1.py,rho,47,rho,1,2,5,5,0.5,0.5,1.0,0.6,1.0,0.5,68.999999,40,13,46.000002,68.999999,22.000001,1,1,1047,0,greedy_sps_baseline,solved,1,60.735387,68.999999,0.880223,0.005364,,,0.005364,0.006189,3,0,0
rho\set48\rho_0.2.py,rho,48,rho,0.2,2,5,5,0.5,0.5,0.2,0.6,1.0,0.5,13.8,40,13,45.999997,69.000002,21.399998,1,1,1048,0,ilp_v2,infeasible,0,,,,0.004634,,,0.004634,0.006927,3,0,0
rho\set48\rho_0.2.py,rho,48,rho,0.2,2,5,5,0.5,0.5,0.2,0.6,1.0,0.5,13.8,40,13,45.999997,69.000002,21.399998,1,1,1048,0,ilp_v3,infeasible,0,,,,0.004552,,,0.004552,0.008464,3,0,0
rho\set48\rho_0.2.py,rho,48,rho,0.2,2,5,5,0.5,0.5,0.2,0.6,1.0,0.5,13.8,40,13,45.999997,69.000002,21.399998,1,1,1048,0,ilp_v4,infeasible,0,,,,0.004823,,,0.004823,0.008022,3,0,0
rho\set48\rho_0.2.py,rho,48,rho,0.2,2,5,5,0.5,0.5,0.2,0.6,1.0,0.5,13.8,40,13,45.999997,69.000002,21.399998,1,1,1048,0,greedy_sps_baseline,infeasible,0,,45.999997,,0.000793,,over budget: E=46.0000 > B=13.8000,0.000793,0.001104,3,0,0
rho\set48\rho_0.3.py,rho,48,rho,0.3,2,5,5,0.5,0.5,0.3,0.6,1.0,0.5,20.700001,40,13,45.999997,69.000002,21.399998,1,1,1048,0,ilp_v2,infeasible,0,,,,0.004484,,,0.004484,0.006738,3,0,0
rho\set48\rho_0.3.py,rho,48,rho,0.3,2,5,5,0.5,0.5,0.3,0.6,1.0,0.5,20.700001,40,13,45.999997,69.000002,21.399998,1,1,1048,0,ilp_v3,infeasible,0,,,,0.004588,,,0.004588,0.006725,3,0,0
rho\set48\rho_0.3.py,rho,48,rho,0.3,2,5,5,0.5,0.5,0.3,0.6,1.0,0.5,20.700001,40,13,45.999997,69.000002,21.399998,1,1,1048,0,ilp_v4,infeasible,0,,,,0.004765,,,0.004765,0.006438,3,0,0
rho\set48\rho_0.3.py,rho,48,rho,0.3,2,5,5,0.5,0.5,0.3,0.6,1.0,0.5,20.700001,40,13,45.999997,69.000002,21.399998,1,1,1048,0,greedy_sps_baseline,infeasible,0,,45.999997,,0.000559,,over budget: E=46.0000 > B=20.7000,0.000559,0.000979,3,0,0
rho\set48\rho_0.4.py,rho,48,rho,0.4,2,5,5,0.5,0.5,0.4,0.6,1.0,0.5,27.600001,40,13,45.999997,69.000002,21.399998,1,1,1048,0,ilp_v2,optimal,1,1.213291,27.51313,0.044099,0.008661,0.0,,0.008661,0.010366,3,0,0
rho\set48\rho_0.4.py,rho,48,rho,0.4,2,5,5,0.5,0.5,0.4,0.6,1.0,0.5,27.600001,40,13,45.999997,69.000002,21.399998,1,1,1048,0,ilp_v3,optimal,1,1.213291,27.51313,0.044099,0.008328,0.0,,0.008328,0.009295,3,0,0
rho\set48\rho_0.4.py,rho,48,rho,0.4,2,5,5,0.5,0.5,0.4,0.6,1.0,0.5,27.600001,40,13,45.999997,69.000002,21.399998,1,1,1048,0,ilp_v4,optimal,1,12.618381,27.50935,0.458694,0.191402,0.0,,0.191402,0.209994,3,0,0
rho\set48\rho_0.4.py,rho,48,rho,0.4,2,5,5,0.5,0.5,0.4,0.6,1.0,0.5,27.600001,40,13,45.999997,69.000002,21.399998,1,1,1048,0,greedy_sps_baseline,infeasible,0,,45.999997,,0.000639,,over budget: E=46.0000 > B=27.6000,0.000639,0.000893,3,0,0
rho\set48\rho_0.5.py,rho,48,rho,0.5,2,5,5,0.5,0.5,0.5,0.6,1.0,0.5,34.500001,40,13,45.999997,69.000002,21.399998,1,1,1048,0,ilp_v2,optimal,1,27.232978,34.47952,0.789831,0.035306,0.0,,0.035306,0.037104,3,0,0
rho\set48\rho_0.5.py,rho,48,rho,0.5,2,5,5,0.5,0.5,0.5,0.6,1.0,0.5,34.500001,40,13,45.999997,69.000002,21.399998,1,1,1048,0,ilp_v3,optimal,1,27.232978,34.47952,0.789831,0.036443,0.0,,0.036443,0.038168,3,0,0
rho\set48\rho_0.5.py,rho,48,rho,0.5,2,5,5,0.5,0.5,0.5,0.6,1.0,0.5,34.500001,40,13,45.999997,69.000002,21.399998,1,1,1048,0,ilp_v4,optimal,1,30.154518,34.499474,0.874057,0.349942,0.0,,0.349942,0.373809,3,0,0
rho\set48\rho_0.5.py,rho,48,rho,0.5,2,5,5,0.5,0.5,0.5,0.6,1.0,0.5,34.500001,40,13,45.999997,69.000002,21.399998,1,1,1048,0,greedy_sps_baseline,infeasible,0,,45.999997,,0.000707,,over budget: E=46.0000 > B=34.5000,0.000707,0.000859,3,0,0
rho\set48\rho_0.6.py,rho,48,rho,0.6,2,5,5,0.5,0.5,0.6,0.6,1.0,0.5,41.400001,40,13,45.999997,69.000002,21.399998,1,1,1048,0,ilp_v2,optimal,1,43.46407,40.647871,1.069283,0.225354,0.0,,0.225354,0.298403,3,0,0
rho\set48\rho_0.6.py,rho,48,rho,0.6,2,5,5,0.5,0.5,0.6,0.6,1.0,0.5,41.400001,40,13,45.999997,69.000002,21.399998,1,1,1048,0,ilp_v3,optimal,1,43.46407,40.647871,1.069283,0.330165,0.0,,0.330165,0.339488,3,0,0
rho\set48\rho_0.6.py,rho,48,rho,0.6,2,5,5,0.5,0.5,0.6,0.6,1.0,0.5,41.400001,40,13,45.999997,69.000002,21.399998,1,1,1048,0,ilp_v4,optimal,1,48.211786,41.393501,1.164719,0.177191,0.0,,0.177191,0.232721,3,0,0
rho\set48\rho_0.6.py,rho,48,rho,0.6,2,5,5,0.5,0.5,0.6,0.6,1.0,0.5,41.400001,40,13,45.999997,69.000002,21.399998,1,1,1048,0,greedy_sps_baseline,infeasible,0,,45.999997,,0.000576,,over budget: E=46.0000 > B=41.4000,0.000576,0.000782,3,0,0
rho\set48\rho_0.7.py,rho,48,rho,0.7,2,5,5,0.5,0.5,0.7,0.6,1.0,0.5,48.300002,40,13,45.999997,69.000002,21.399998,1,1,1048,0,ilp_v2,optimal,1,61.401314,48.182083,1.27436,0.059263,0.0,,0.059263,0.063828,3,0,0
rho\set48\rho_0.7.py,rho,48,rho,0.7,2,5,5,0.5,0.5,0.7,0.6,1.0,0.5,48.300002,40,13,45.999997,69.000002,21.399998,1,1,1048,0,ilp_v3,optimal,1,61.401314,48.182083,1.27436,0.06521,0.0,,0.06521,0.072176,3,0,0
rho\set48\rho_0.7.py,rho,48,rho,0.7,2,5,5,0.5,0.5,0.7,0.6,1.0,0.5,48.300002,40,13,45.999997,69.000002,21.399998,1,1,1048,0,ilp_v4,optimal,1,59.648276,48.260891,1.235955,0.127443,0.0,,0.127443,0.150423,3,0,0
rho\set48\rho_0.7.py,rho,48,rho,0.7,2,5,5,0.5,0.5,0.7,0.6,1.0,0.5,48.300002,40,13,45.999997,69.000002,21.399998,1,1,1048,0,greedy_sps_baseline,solved,1,8.49328,48.222464,0.176127,0.00155,,,0.00155,0.001786,3,0,0
rho\set48\rho_0.8.py,rho,48,rho,0.8,2,5,5,0.5,0.5,0.8,0.6,1.0,0.5,55.200002,40,13,45.999997,69.000002,21.399998,1,1,1048,0,ilp_v2,optimal,1,73.111349,53.646139,1.362845,0.037234,0.0,,0.037234,0.049283,3,0,0
rho\set48\rho_0.8.py,rho,48,rho,0.8,2,5,5,0.5,0.5,0.8,0.6,1.0,0.5,55.200002,40,13,45.999997,69.000002,21.399998,1,1,1048,0,ilp_v3,optimal,1,73.111349,53.646139,1.362845,0.040272,0.0,,0.040272,0.043031,3,0,0
rho\set48\rho_0.8.py,rho,48,rho,0.8,2,5,5,0.5,0.5,0.8,0.6,1.0,0.5,55.200002,40,13,45.999997,69.000002,21.399998,1,1,1048,0,ilp_v4,optimal,1,72.677217,54.45698,1.33458,0.11082,0.0,,0.11082,0.122442,3,0,0
rho\set48\rho_0.8.py,rho,48,rho,0.8,2,5,5,0.5,0.5,0.8,0.6,1.0,0.5,55.200002,40,13,45.999997,69.000002,21.399998,1,1,1048,0,greedy_sps_baseline,solved,1,35.840886,55.196511,0.649332,0.002664,,,0.002664,0.002838,3,0,0
rho\set48\rho_0.9.py,rho,48,rho,0.9,2,5,5,0.5,0.5,0.9,0.6,1.0,0.5,62.100002,40,13,45.999997,69.000002,21.399998,1,1,1048,0,ilp_v2,optimal,1,81.360508,61.605099,1.320678,0.023264,0.0,,0.023264,0.028713,3,0,0
rho\set48\rho_0.9.py,rho,48,rho,0.9,2,5,5,0.5,0.5,0.9,0.6,1.0,0.5,62.100002,40,13,45.999997,69.000002,21.399998,1,1,1048,0,ilp_v3,optimal,1,82.571953,60.995668,1.353735,0.014156,0.0,,0.014156,0.016638,3,0,0
rho\set48\rho_0.9.py,rho,48,rho,0.9,2,5,5,0.5,0.5,0.9,0.6,1.0,0.5,62.100002,40,13,45.999997,69.000002,21.399998,1,1,1048,0,ilp_v4,optimal,1,84.72093,61.755463,1.371877,0.079717,0.0,,0.079717,0.08358,3,0,0
rho\set48\rho_0.9.py,rho,48,rho,0.9,2,5,5,0.5,0.5,0.9,0.6,1.0,0.5,62.100002,40,13,45.999997,69.000002,21.399998,1,1,1048,0,greedy_sps_baseline,solved,1,64.348653,62.064245,1.036807,0.003244,,,0.003244,0.003795,3,0,0
rho\set48\rho_1.py,rho,48,rho,1,2,5,5,0.5,0.5,1.0,0.6,1.0,0.5,69.000002,40,13,45.999997,69.000002,21.399998,1,1,1048,0,ilp_v2,optimal,1,84.72093,65.55333,1.292397,0.011104,0.0,,0.011104,0.016596,3,0,0
rho\set48\rho_1.py,rho,48,rho,1,2,5,5,0.5,0.5,1.0,0.6,1.0,0.5,69.000002,40,13,45.999997,69.000002,21.399998,1,1,1048,0,ilp_v3,optimal,1,84.72093,65.55333,1.292397,0.010161,0.0,,0.010161,0.015557,3,0,0
rho\set48\rho_1.py,rho,48,rho,1,2,5,5,0.5,0.5,1.0,0.6,1.0,0.5,69.000002,40,13,45.999997,69.000002,21.399998,1,1,1048,0,ilp_v4,optimal,1,84.72093,65.907763,1.285447,0.02767,0.0,,0.02767,0.029983,3,0,0
rho\set48\rho_1.py,rho,48,rho,1,2,5,5,0.5,0.5,1.0,0.6,1.0,0.5,69.000002,40,13,45.999997,69.000002,21.399998,1,1,1048,0,greedy_sps_baseline,solved,1,83.60718,68.535502,1.219911,0.005615,,,0.005615,0.005886,3,0,0
rho\set49\rho_0.2.py,rho,49,rho,0.2,2,5,5,0.5,0.5,0.2,0.6,1.0,0.5,13.799999,40,11,45.999998,68.999994,23.599999,1,1,1049,0,ilp_v2,infeasible,0,,,,0.002393,,,0.002393,0.00454,3,0,0
rho\set49\rho_0.2.py,rho,49,rho,0.2,2,5,5,0.5,0.5,0.2,0.6,1.0,0.5,13.799999,40,11,45.999998,68.999994,23.599999,1,1,1049,0,ilp_v3,infeasible,0,,,,0.003886,,,0.003886,0.005669,3,0,0
rho\set49\rho_0.2.py,rho,49,rho,0.2,2,5,5,0.5,0.5,0.2,0.6,1.0,0.5,13.799999,40,11,45.999998,68.999994,23.599999,1,1,1049,0,ilp_v4,infeasible,0,,,,0.003999,,,0.003999,0.004772,3,0,0
rho\set49\rho_0.2.py,rho,49,rho,0.2,2,5,5,0.5,0.5,0.2,0.6,1.0,0.5,13.799999,40,11,45.999998,68.999994,23.599999,1,1,1049,0,greedy_sps_baseline,infeasible,0,,45.999998,,0.00059,,over budget: E=46.0000 > B=13.8000,0.00059,0.000649,3,0,0
rho\set49\rho_0.3.py,rho,49,rho,0.3,2,5,5,0.5,0.5,0.3,0.6,1.0,0.5,20.699998,40,11,45.999998,68.999994,23.599999,1,1,1049,0,ilp_v2,infeasible,0,,,,0.003477,,,0.003477,0.00419,3,0,0
rho\set49\rho_0.3.py,rho,49,rho,0.3,2,5,5,0.5,0.5,0.3,0.6,1.0,0.5,20.699998,40,11,45.999998,68.999994,23.599999,1,1,1049,0,ilp_v3,infeasible,0,,,,0.004064,,,0.004064,0.004402,3,0,0
rho\set49\rho_0.3.py,rho,49,rho,0.3,2,5,5,0.5,0.5,0.3,0.6,1.0,0.5,20.699998,40,11,45.999998,68.999994,23.599999,1,1,1049,0,ilp_v4,infeasible,0,,,,0.003897,,,0.003897,0.004326,3,0,0
rho\set49\rho_0.3.py,rho,49,rho,0.3,2,5,5,0.5,0.5,0.3,0.6,1.0,0.5,20.699998,40,11,45.999998,68.999994,23.599999,1,1,1049,0,greedy_sps_baseline,infeasible,0,,45.999998,,0.000543,,over budget: E=46.0000 > B=20.7000,0.000543,0.000719,3,0,0
rho\set49\rho_0.4.py,rho,49,rho,0.4,2,5,5,0.5,0.5,0.4,0.6,1.0,0.5,27.599998,40,11,45.999998,68.999994,23.599999,1,1,1049,0,ilp_v2,optimal,1,10.798401,27.599224,0.391257,0.014866,0.0,,0.014866,0.016858,3,0,0
rho\set49\rho_0.4.py,rho,49,rho,0.4,2,5,5,0.5,0.5,0.4,0.6,1.0,0.5,27.599998,40,11,45.999998,68.999994,23.599999,1,1,1049,0,ilp_v3,optimal,1,10.643931,27.576839,0.385974,0.020968,0.0,,0.020968,0.022645,3,0,0
rho\set49\rho_0.4.py,rho,49,rho,0.4,2,5,5,0.5,0.5,0.4,0.6,1.0,0.5,27.599998,40,11,45.999998,68.999994,23.599999,1,1,1049,0,ilp_v4,optimal,1,10.798401,27.582862,0.391489,0.132606,0.0,,0.132606,0.145325,3,0,0
rho\set49\rho_0.4.py,rho,49,rho,0.4,2,5,5,0.5,0.5,0.4,0.6,1.0,0.5,27.599998,40,11,45.999998,68.999994,23.599999,1,1,1049,0,greedy_sps_baseline,infeasible,0,,45.999998,,0.000566,,over budget: E=46.0000 > B=27.6000,0.000566,0.000765,3,0,0
rho\set49\rho_0.5.py,rho,49,rho,0.5,2,5,5,0.5,0.5,0.5,0.6,1.0,0.5,34.499997,40,11,45.999998,68.999994,23.599999,1,1,1049,0,ilp_v2,optimal,1,37.338163,33.622874,1.110499,0.015847,0.0,,0.015847,0.016373,3,0,0
rho\set49\rho_0.5.py,rho,49,rho,0.5,2,5,5,0.5,0.5,0.5,0.6,1.0,0.5,34.499997,40,11,45.999998,68.999994,23.599999,1,1,1049,0,ilp_v3,optimal,1,37.338163,34.471161,1.083171,0.018946,0.0,,0.018946,0.019597,3,0,0
rho\set49\rho_0.5.py,rho,49,rho,0.5,2,5,5,0.5,0.5,0.5,0.6,1.0,0.5,34.499997,40,11,45.999998,68.999994,23.599999,1,1,1049,0,ilp_v4,optimal,1,39.329533,34.475585,1.140794,0.075199,0.0,,0.075199,0.089269,3,0,0
rho\set49\rho_0.5.py,rho,49,rho,0.5,2,5,5,0.5,0.5,0.5,0.6,1.0,0.5,34.499997,40,11,45.999998,68.999994,23.599999,1,1,1049,0,greedy_sps_baseline,infeasible,0,,45.999998,,0.000597,,over budget: E=46.0000 > B=34.5000,0.000597,0.000691,3,0,0
rho\set49\rho_0.6.py,rho,49,rho,0.6,2,5,5,0.5,0.5,0.6,0.6,1.0,0.5,41.399997,40,11,45.999998,68.999994,23.599999,1,1,1049,0,ilp_v2,optimal,1,65.9151,41.386211,1.592683,0.068475,0.0,,0.068475,0.074833,3,0,0
rho\set49\rho_0.6.py,rho,49,rho,0.6,2,5,5,0.5,0.5,0.6,0.6,1.0,0.5,41.399997,40,11,45.999998,68.999994,23.599999,1,1,1049,0,ilp_v3,optimal,1,65.9151,41.386211,1.592683,0.075165,0.0,,0.075165,0.087841,3,0,0
rho\set49\rho_0.6.py,rho,49,rho,0.6,2,5,5,0.5,0.5,0.6,0.6,1.0,0.5,41.399997,40,11,45.999998,68.999994,23.599999,1,1,1049,0,ilp_v4,optimal,1,65.1752,41.223358,1.581026,0.229619,0.0,,0.229619,0.249179,3,0,0
rho\set49\rho_0.6.py,rho,49,rho,0.6,2,5,5,0.5,0.5,0.6,0.6,1.0,0.5,41.399997,40,11,45.999998,68.999994,23.599999,1,1,1049,0,greedy_sps_baseline,infeasible,0,,45.999998,,0.000771,,over budget: E=46.0000 > B=41.4000,0.000771,0.001106,3,0,0
rho\set49\rho_0.7.py,rho,49,rho,0.7,2,5,5,0.5,0.5,0.7,0.6,1.0,0.5,48.299996,40,11,45.999998,68.999994,23.599999,1,1,1049,0,ilp_v2,optimal,1,81.046541,48.27632,1.678805,0.109128,0.0,,0.109128,0.11351,3,0,0
rho\set49\rho_0.7.py,rho,49,rho,0.7,2,5,5,0.5,0.5,0.7,0.6,1.0,0.5,48.299996,40,11,45.999998,68.999994,23.599999,1,1,1049,0,ilp_v3,optimal,1,67.098296,48.079352,1.395574,0.019434,0.0,,0.019434,0.026605,3,0,0
rho\set49\rho_0.7.py,rho,49,rho,0.7,2,5,5,0.5,0.5,0.7,0.6,1.0,0.5,48.299996,40,11,45.999998,68.999994,23.599999,1,1,1049,0,ilp_v4,optimal,1,81.046541,48.27632,1.678805,0.129465,0.0,,0.129465,0.144071,3,0,0
rho\set49\rho_0.7.py,rho,49,rho,0.7,2,5,5,0.5,0.5,0.7,0.6,1.0,0.5,48.299996,40,11,45.999998,68.999994,23.599999,1,1,1049,0,greedy_sps_baseline,solved,1,9.363819,48.259472,0.194031,0.001578,,,0.001578,0.001864,3,0,0
rho\set49\rho_0.8.py,rho,49,rho,0.8,2,5,5,0.5,0.5,0.8,0.6,1.0,0.5,55.199995,40,11,45.999998,68.999994,23.599999,1,1,1049,0,ilp_v2,optimal,1,83.412934,50.998402,1.635599,0.010364,0.0,,0.010364,0.015161,3,0,0
rho\set49\rho_0.8.py,rho,49,rho,0.8,2,5,5,0.5,0.5,0.8,0.6,1.0,0.5,55.199995,40,11,45.999998,68.999994,23.599999,1,1,1049,0,ilp_v3,optimal,1,83.412934,51.809297,1.609999,0.009821,0.0,,0.009821,0.011513,3,0,0
rho\set49\rho_0.8.py,rho,49,rho,0.8,2,5,5,0.5,0.5,0.8,0.6,1.0,0.5,55.199995,40,11,45.999998,68.999994,23.599999,1,1,1049,0,ilp_v4,optimal,1,83.412934,50.998402,1.635599,0.035323,0.0,,0.035323,0.040591,3,0,0
rho\set49\rho_0.8.py,rho,49,rho,0.8,2,5,5,0.5,0.5,0.8,0.6,1.0,0.5,55.199995,40,11,45.999998,68.999994,23.599999,1,1,1049,0,greedy_sps_baseline,solved,1,34.97177,55.154453,0.63407,0.002547,,,0.002547,0.002898,3,0,0
rho\set49\rho_0.9.py,rho,49,rho,0.9,2,5,5,0.5,0.5,0.9,0.6,1.0,0.5,62.099995,40,11,45.999998,68.999994,23.599999,1,1,1049,0,ilp_v2,optimal,1,83.412934,56.362312,1.479942,0.010904,0.0,,0.010904,0.012905,3,0,0
rho\set49\rho_0.9.py,rho,49,rho,0.9,2,5,5,0.5,0.5,0.9,0.6,1.0,0.5,62.099995,40,11,45.999998,68.999994,23.599999,1,1,1049,0,ilp_v3,optimal,1,83.412934,56.362312,1.479942,0.009116,0.0,,0.009116,0.010591,3,0,0
rho\set49\rho_0.9.py,rho,49,rho,0.9,2,5,5,0.5,0.5,0.9,0.6,1.0,0.5,62.099995,40,11,45.999998,68.999994,23.599999,1,1,1049,0,ilp_v4,optimal,1,83.412934,56.362312,1.479942,0.025936,0.0,,0.025936,0.026621,3,0,0
rho\set49\rho_0.9.py,rho,49,rho,0.9,2,5,5,0.5,0.5,0.9,0.6,1.0,0.5,62.099995,40,11,45.999998,68.999994,23.599999,1,1,1049,0,greedy_sps_baseline,solved,1,53.6528,60.270679,0.890197,0.00274,,,0.00274,0.003626,3,0,0
rho\set49\rho_1.py,rho,49,rho,1,2,5,5,0.5,0.5,1.0,0.6,1.0,0.5,68.999994,40,11,45.999998,68.999994,23.599999,1,1,1049,0,ilp_v2,optimal,1,83.412934,60.021734,1.389712,0.009262,0.0,,0.009262,0.01144,3,0,0
rho\set49\rho_1.py,rho,49,rho,1,2,5,5,0.5,0.5,1.0,0.6,1.0,0.5,68.999994,40,11,45.999998,68.999994,23.599999,1,1,1049,0,ilp_v3,optimal,1,83.412934,66.460741,1.255071,0.006963,0.0,,0.006963,0.007703,3,0,0
rho\set49\rho_1.py,rho,49,rho,1,2,5,5,0.5,0.5,1.0,0.6,1.0,0.5,68.999994,40,11,45.999998,68.999994,23.599999,1,1,1049,0,ilp_v4,optimal,1,83.412934,60.021734,1.389712,0.019337,0.0,,0.019337,0.021452,3,0,0
rho\set49\rho_1.py,rho,49,rho,1,2,5,5,0.5,0.5,1.0,0.6,1.0,0.5,68.999994,40,11,45.999998,68.999994,23.599999,1,1,1049,0,greedy_sps_baseline,solved,1,83.048248,68.819449,1.206755,0.002778,,,0.002778,0.003221,3,0,0
rho\set50\rho_0.2.py,rho,50,rho,0.2,2,5,5,0.5,0.5,0.2,0.6,1.0,0.5,13.8,40,15,46.000003,69.000002,23.009093,1,1,1050,0,ilp_v2,infeasible,0,,,,0.009525,,,0.009525,0.013166,3,0,0
rho\set50\rho_0.2.py,rho,50,rho,0.2,2,5,5,0.5,0.5,0.2,0.6,1.0,0.5,13.8,40,15,46.000003,69.000002,23.009093,1,1,1050,0,ilp_v3,infeasible,0,,,,0.009077,,,0.009077,0.009644,3,0,0
rho\set50\rho_0.2.py,rho,50,rho,0.2,2,5,5,0.5,0.5,0.2,0.6,1.0,0.5,13.8,40,15,46.000003,69.000002,23.009093,1,1,1050,0,ilp_v4,infeasible,0,,,,0.008856,,,0.008856,0.013385,3,0,0
rho\set50\rho_0.2.py,rho,50,rho,0.2,2,5,5,0.5,0.5,0.2,0.6,1.0,0.5,13.8,40,15,46.000003,69.000002,23.009093,1,1,1050,0,greedy_sps_baseline,infeasible,0,,46.000003,,0.000803,,over budget: E=46.0000 > B=13.8000,0.000803,0.001072,3,0,0
rho\set50\rho_0.3.py,rho,50,rho,0.3,2,5,5,0.5,0.5,0.3,0.6,1.0,0.5,20.700001,40,15,46.000003,69.000002,23.009093,1,1,1050,0,ilp_v2,infeasible,0,,,,0.008913,,,0.008913,0.010229,3,0,0
rho\set50\rho_0.3.py,rho,50,rho,0.3,2,5,5,0.5,0.5,0.3,0.6,1.0,0.5,20.700001,40,15,46.000003,69.000002,23.009093,1,1,1050,0,ilp_v3,infeasible,0,,,,0.008324,,,0.008324,0.009196,3,0,0
rho\set50\rho_0.3.py,rho,50,rho,0.3,2,5,5,0.5,0.5,0.3,0.6,1.0,0.5,20.700001,40,15,46.000003,69.000002,23.009093,1,1,1050,0,ilp_v4,infeasible,0,,,,0.007799,,,0.007799,0.008376,3,0,0
rho\set50\rho_0.3.py,rho,50,rho,0.3,2,5,5,0.5,0.5,0.3,0.6,1.0,0.5,20.700001,40,15,46.000003,69.000002,23.009093,1,1,1050,0,greedy_sps_baseline,infeasible,0,,46.000003,,0.00072,,over budget: E=46.0000 > B=20.7000,0.00072,0.000783,3,0,0
rho\set50\rho_0.4.py,rho,50,rho,0.4,2,5,5,0.5,0.5,0.4,0.6,1.0,0.5,27.600001,40,15,46.000003,69.000002,23.009093,1,1,1050,0,ilp_v2,optimal,1,19.8885,27.568282,0.721427,0.249267,0.0,,0.249267,0.351655,3,0,0
rho\set50\rho_0.4.py,rho,50,rho,0.4,2,5,5,0.5,0.5,0.4,0.6,1.0,0.5,27.600001,40,15,46.000003,69.000002,23.009093,1,1,1050,0,ilp_v3,optimal,1,19.993792,27.553639,0.725632,0.09351,0.0,,0.09351,0.103845,3,0,0
rho\set50\rho_0.4.py,rho,50,rho,0.4,2,5,5,0.5,0.5,0.4,0.6,1.0,0.5,27.600001,40,15,46.000003,69.000002,23.009093,1,1,1050,0,ilp_v4,optimal,1,26.797327,27.595173,0.971087,0.956602,0.0,,0.956602,1.140315,3,0,0
rho\set50\rho_0.4.py,rho,50,rho,0.4,2,5,5,0.5,0.5,0.4,0.6,1.0,0.5,27.600001,40,15,46.000003,69.000002,23.009093,1,1,1050,0,greedy_sps_baseline,infeasible,0,,46.000003,,0.002713,,over budget: E=46.0000 > B=27.6000,0.002713,0.003694,3,0,0
rho\set50\rho_0.5.py,rho,50,rho,0.5,2,5,5,0.5,0.5,0.5,0.6,1.0,0.5,34.500001,40,15,46.000003,69.000002,23.009093,1,1,1050,0,ilp_v2,optimal,1,38.884733,34.496158,1.127219,0.140328,0.0,,0.140328,0.165197,3,0,0
rho\set50\rho_0.5.py,rho,50,rho,0.5,2,5,5,0.5,0.5,0.5,0.6,1.0,0.5,34.500001,40,15,46.000003,69.000002,23.009093,1,1,1050,0,ilp_v3,optimal,1,39.742274,34.499522,1.151966,0.536525,0.0,,0.536525,0.611617,3,0,0
rho\set50\rho_0.5.py,rho,50,rho,0.5,2,5,5,0.5,0.5,0.5,0.6,1.0,0.5,34.500001,40,15,46.000003,69.000002,23.009093,1,1,1050,0,ilp_v4,optimal,1,42.343618,34.494214,1.227557,0.620347,9e-05,,0.620347,0.775747,3,0,0
rho\set50\rho_0.5.py,rho,50,rho,0.5,2,5,5,0.5,0.5,0.5,0.6,1.0,0.5,34.500001,40,15,46.000003,69.000002,23.009093,1,1,1050,0,greedy_sps_baseline,infeasible,0,,46.000003,,0.000628,,over budget: E=46.0000 > B=34.5000,0.000628,0.000938,3,0,0
rho\set50\rho_0.6.py,rho,50,rho,0.6,2,5,5,0.5,0.5,0.6,0.6,1.0,0.5,41.400001,40,15,46.000003,69.000002,23.009093,1,1,1050,0,ilp_v2,optimal,1,49.111116,41.256931,1.190372,0.052224,0.0,,0.052224,0.064968,3,0,0
rho\set50\rho_0.6.py,rho,50,rho,0.6,2,5,5,0.5,0.5,0.6,0.6,1.0,0.5,41.400001,40,15,46.000003,69.000002,23.009093,1,1,1050,0,ilp_v3,optimal,1,49.567774,41.320886,1.199582,0.134753,0.0,,0.134753,0.142435,3,0,0
rho\set50\rho_0.6.py,rho,50,rho,0.6,2,5,5,0.5,0.5,0.6,0.6,1.0,0.5,41.400001,40,15,46.000003,69.000002,23.009093,1,1,1050,0,ilp_v4,optimal,1,53.189413,41.385169,1.285229,0.40765,0.0,,0.40765,0.438156,3,0,0
rho\set50\rho_0.6.py,rho,50,rho,0.6,2,5,5,0.5,0.5,0.6,0.6,1.0,0.5,41.400001,40,15,46.000003,69.000002,23.009093,1,1,1050,0,greedy_sps_baseline,infeasible,0,,46.000003,,0.000679,,over budget: E=46.0000 > B=41.4000,0.000679,0.000767,3,0,0
rho\set50\rho_0.7.py,rho,50,rho,0.7,2,5,5,0.5,0.5,0.7,0.6,1.0,0.5,48.300002,40,15,46.000003,69.000002,23.009093,1,1,1050,0,ilp_v2,optimal,1,54.412184,48.156063,1.129913,0.111215,0.0,,0.111215,0.118658,3,0,0
rho\set50\rho_0.7.py,rho,50,rho,0.7,2,5,5,0.5,0.5,0.7,0.6,1.0,0.5,48.300002,40,15,46.000003,69.000002,23.009093,1,1,1050,0,ilp_v3,optimal,1,55.142451,48.287717,1.141956,0.172143,0.0,,0.172143,0.261245,3,0,0
rho\set50\rho_0.7.py,rho,50,rho,0.7,2,5,5,0.5,0.5,0.7,0.6,1.0,0.5,48.300002,40,15,46.000003,69.000002,23.009093,1,1,1050,0,ilp_v4,optimal,1,57.537279,47.93695,1.20027,0.179434,0.0,,0.179434,0.233046,3,0,0
rho\set50\rho_0.7.py,rho,50,rho,0.7,2,5,5,0.5,0.5,0.7,0.6,1.0,0.5,48.300002,40,15,46.000003,69.000002,23.009093,1,1,1050,0,greedy_sps_baseline,solved,1,8.37532,48.231578,0.173648,0.002496,,,0.002496,0.002932,3,0,0
rho\set50\rho_0.8.py,rho,50,rho,0.8,2,5,5,0.5,0.5,0.8,0.6,1.0,0.5,55.200002,40,15,46.000003,69.000002,23.009093,1,1,1050,0,ilp_v2,optimal,1,57.537279,55.188791,1.042554,0.026451,0.0,,0.026451,0.028476,3,0,0
rho\set50\rho_0.8.py,rho,50,rho,0.8,2,5,5,0.5,0.5,0.8,0.6,1.0,0.5,55.200002,40,15,46.000003,69.000002,23.009093,1,1,1050,0,ilp_v3,optimal,1,57.537279,54.816128,1.049641,0.019854,0.0,,0.019854,0.027171,3,0,0
rho\set50\rho_0.8.py,rho,50,rho,0.8,2,5,5,0.5,0.5,0.8,0.6,1.0,0.5,55.200002,40,15,46.000003,69.000002,23.009093,1,1,1050,0,ilp_v4,optimal,1,57.537279,54.895396,1.048126,0.087912,0.0,,0.087912,0.10208,3,0,0
rho\set50\rho_0.8.py,rho,50,rho,0.8,2,5,5,0.5,0.5,0.8,0.6,1.0,0.5,55.200002,40,15,46.000003,69.000002,23.009093,1,1,1050,0,greedy_sps_baseline,solved,1,32.6854,55.06922,0.593533,0.00744,,,0.00744,0.008061,3,0,0
rho\set50\rho_0.9.py,rho,50,rho,0.9,2,5,5,0.5,0.5,0.9,0.6,1.0,0.5,62.100002,40,15,46.000003,69.000002,23.009093,1,1,1050,0,ilp_v2,optimal,1,57.537279,61.882156,0.929788,0.01926,0.0,,0.01926,0.020884,3,0,0
rho\set50\rho_0.9.py,rho,50,rho,0.9,2,5,5,0.5,0.5,0.9,0.6,1.0,0.5,62.100002,40,15,46.000003,69.000002,23.009093,1,1,1050,0,ilp_v3,optimal,1,57.537279,56.385082,1.020434,0.020148,0.0,,0.020148,0.020662,3,0,0
rho\set50\rho_0.9.py,rho,50,rho,0.9,2,5,5,0.5,0.5,0.9,0.6,1.0,0.5,62.100002,40,15,46.000003,69.000002,23.009093,1,1,1050,0,ilp_v4,optimal,1,57.537279,61.441685,0.936453,0.069158,0.0,,0.069158,0.078467,3,0,0
rho\set50\rho_0.9.py,rho,50,rho,0.9,2,5,5,0.5,0.5,0.9,0.6,1.0,0.5,62.100002,40,15,46.000003,69.000002,23.009093,1,1,1050,0,greedy_sps_baseline,solved,1,47.932401,62.069129,0.772242,0.005847,,,0.005847,0.011133,3,0,0
rho\set50\rho_1.py,rho,50,rho,1,2,5,5,0.5,0.5,1.0,0.6,1.0,0.5,69.000002,40,15,46.000003,69.000002,23.009093,1,1,1050,0,ilp_v2,optimal,1,57.537279,61.882156,0.929788,0.017274,0.0,,0.017274,0.023607,3,0,0
rho\set50\rho_1.py,rho,50,rho,1,2,5,5,0.5,0.5,1.0,0.6,1.0,0.5,69.000002,40,15,46.000003,69.000002,23.009093,1,1,1050,0,ilp_v3,optimal,1,57.537279,61.882156,0.929788,0.01886,0.0,,0.01886,0.021451,3,0,0
rho\set50\rho_1.py,rho,50,rho,1,2,5,5,0.5,0.5,1.0,0.6,1.0,0.5,69.000002,40,15,46.000003,69.000002,23.009093,1,1,1050,0,ilp_v4,optimal,1,57.537279,61.643063,0.933394,0.053319,0.0,,0.053319,0.057222,3,0,0
rho\set50\rho_1.py,rho,50,rho,1,2,5,5,0.5,0.5,1.0,0.6,1.0,0.5,69.000002,40,15,46.000003,69.000002,23.009093,1,1,1050,0,greedy_sps_baseline,solved,1,56.765666,68.298924,0.831136,0.012263,,,0.012263,0.013805,3,0,0
rho\set51\rho_0.2.py,rho,51,rho,0.2,2,5,5,0.5,0.5,0.2,0.6,1.0,0.5,13.8,40,11,45.999998,69.000002,21.999999,1,1,1051,0,ilp_v2,infeasible,0,,,,0.005244,,,0.005244,0.006339,3,0,0
rho\set51\rho_0.2.py,rho,51,rho,0.2,2,5,5,0.5,0.5,0.2,0.6,1.0,0.5,13.8,40,11,45.999998,69.000002,21.999999,1,1,1051,0,ilp_v3,infeasible,0,,,,0.005073,,,0.005073,0.006938,3,0,0
rho\set51\rho_0.2.py,rho,51,rho,0.2,2,5,5,0.5,0.5,0.2,0.6,1.0,0.5,13.8,40,11,45.999998,69.000002,21.999999,1,1,1051,0,ilp_v4,infeasible,0,,,,0.005183,,,0.005183,0.005816,3,0,0
rho\set51\rho_0.2.py,rho,51,rho,0.2,2,5,5,0.5,0.5,0.2,0.6,1.0,0.5,13.8,40,11,45.999998,69.000002,21.999999,1,1,1051,0,greedy_sps_baseline,infeasible,0,,45.999998,,0.000501,,over budget: E=46.0000 > B=13.8000,0.000501,0.000992,3,0,0
rho\set51\rho_0.3.py,rho,51,rho,0.3,2,5,5,0.5,0.5,0.3,0.6,1.0,0.5,20.700001,40,11,45.999998,69.000002,21.999999,1,1,1051,0,ilp_v2,infeasible,0,,,,0.002914,,,0.002914,0.003956,3,0,0
rho\set51\rho_0.3.py,rho,51,rho,0.3,2,5,5,0.5,0.5,0.3,0.6,1.0,0.5,20.700001,40,11,45.999998,69.000002,21.999999,1,1,1051,0,ilp_v3,infeasible,0,,,,0.002623,,,0.002623,0.003998,3,0,0
rho\set51\rho_0.3.py,rho,51,rho,0.3,2,5,5,0.5,0.5,0.3,0.6,1.0,0.5,20.700001,40,11,45.999998,69.000002,21.999999,1,1,1051,0,ilp_v4,infeasible,0,,,,0.002798,,,0.002798,0.004933,3,0,0
rho\set51\rho_0.3.py,rho,51,rho,0.3,2,5,5,0.5,0.5,0.3,0.6,1.0,0.5,20.700001,40,11,45.999998,69.000002,21.999999,1,1,1051,0,greedy_sps_baseline,infeasible,0,,45.999998,,0.000312,,over budget: E=46.0000 > B=20.7000,0.000312,0.000382,3,0,0
rho\set51\rho_0.4.py,rho,51,rho,0.4,2,5,5,0.5,0.5,0.4,0.6,1.0,0.5,27.600001,40,11,45.999998,69.000002,21.999999,1,1,1051,0,ilp_v2,optimal,1,17.228857,27.410705,0.628545,0.041914,0.0,,0.041914,0.046967,3,0,0
rho\set51\rho_0.4.py,rho,51,rho,0.4,2,5,5,0.5,0.5,0.4,0.6,1.0,0.5,27.600001,40,11,45.999998,69.000002,21.999999,1,1,1051,0,ilp_v3,optimal,1,16.732625,27.570419,0.606905,0.01909,0.0,,0.01909,0.020048,3,0,0
rho\set51\rho_0.4.py,rho,51,rho,0.4,2,5,5,0.5,0.5,0.4,0.6,1.0,0.5,27.600001,40,11,45.999998,69.000002,21.999999,1,1,1051,0,ilp_v4,optimal,1,17.080663,27.577285,0.619374,0.186392,0.0,,0.186392,0.203578,3,0,0
rho\set51\rho_0.4.py,rho,51,rho,0.4,2,5,5,0.5,0.5,0.4,0.6,1.0,0.5,27.600001,40,11,45.999998,69.000002,21.999999,1,1,1051,0,greedy_sps_baseline,infeasible,0,,45.999998,,0.000523,,over budget: E=46.0000 > B=27.6000,0.000523,0.000678,3,0,0
rho\set51\rho_0.5.py,rho,51,rho,0.5,2,5,5,0.5,0.5,0.5,0.6,1.0,0.5,34.500001,40,11,45.999998,69.000002,21.999999,1,1,1051,0,ilp_v2,optimal,1,34.265489,34.479514,0.993793,0.033975,0.0,,0.033975,0.037617,3,0,0
rho\set51\rho_0.5.py,rho,51,rho,0.5,2,5,5,0.5,0.5,0.5,0.6,1.0,0.5,34.500001,40,11,45.999998,69.000002,21.999999,1,1,1051,0,ilp_v3,optimal,1,26.330542,34.499934,0.763206,0.080411,0.0,,0.080411,0.085877,3,0,0
rho\set51\rho_0.5.py,rho,51,rho,0.5,2,5,5,0.5,0.5,0.5,0.6,1.0,0.5,34.500001,40,11,45.999998,69.000002,21.999999,1,1,1051,0,ilp_v4,optimal,1,33.880034,33.917654,0.998891,0.134058,0.0,,0.134058,0.142455,3,0,0
rho\set51\rho_0.5.py,rho,51,rho,0.5,2,5,5,0.5,0.5,0.5,0.6,1.0,0.5,34.500001,40,11,45.999998,69.000002,21.999999,1,1,1051,0,greedy_sps_baseline,infeasible,0,,45.999998,,0.000606,,over budget: E=46.0000 > B=34.5000,0.000606,0.000791,3,0,0
rho\set51\rho_0.6.py,rho,51,rho,0.6,2,5,5,0.5,0.5,0.6,0.6,1.0,0.5,41.400001,40,11,45.999998,69.000002,21.999999,1,1,1051,0,ilp_v2,optimal,1,43.486461,41.047555,1.059417,0.024688,0.0,,0.024688,0.027584,3,0,0
rho\set51\rho_0.6.py,rho,51,rho,0.6,2,5,5,0.5,0.5,0.6,0.6,1.0,0.5,41.400001,40,11,45.999998,69.000002,21.999999,1,1,1051,0,ilp_v3,optimal,1,34.748474,41.141686,0.844605,0.067002,0.0,,0.067002,0.079019,3,0,0
rho\set51\rho_0.6.py,rho,51,rho,0.6,2,5,5,0.5,0.5,0.6,0.6,1.0,0.5,41.400001,40,11,45.999998,69.000002,21.999999,1,1,1051,0,ilp_v4,optimal,1,42.928538,41.397397,1.036986,0.170359,0.0,,0.170359,0.18407,3,0,0
rho\set51\rho_0.6.py,rho,51,rho,0.6,2,5,5,0.5,0.5,0.6,0.6,1.0,0.5,41.400001,40,11,45.999998,69.000002,21.999999,1,1,1051,0,greedy_sps_baseline,infeasible,0,,45.999998,,0.000719,,over budget: E=46.0000 > B=41.4000,0.000719,0.000922,3,0,0
rho\set51\rho_0.7.py,rho,51,rho,0.7,2,5,5,0.5,0.5,0.7,0.6,1.0,0.5,48.300002,40,11,45.999998,69.000002,21.999999,1,1,1051,0,ilp_v2,optimal,1,50.981086,48.123795,1.059374,0.020871,0.0,,0.020871,0.022637,3,0,0
rho\set51\rho_0.7.py,rho,51,rho,0.7,2,5,5,0.5,0.5,0.7,0.6,1.0,0.5,48.300002,40,11,45.999998,69.000002,21.999999,1,1,1051,0,ilp_v3,optimal,1,50.741459,48.193297,1.052874,0.107893,0.0,,0.107893,0.143536,3,0,0
rho\set51\rho_0.7.py,rho,51,rho,0.7,2,5,5,0.5,0.5,0.7,0.6,1.0,0.5,48.300002,40,11,45.999998,69.000002,21.999999,1,1,1051,0,ilp_v4,optimal,1,50.739309,47.889116,1.059517,0.102231,0.0,,0.102231,0.117283,3,0,0
rho\set51\rho_0.7.py,rho,51,rho,0.7,2,5,5,0.5,0.5,0.7,0.6,1.0,0.5,48.300002,40,11,45.999998,69.000002,21.999999,1,1,1051,0,greedy_sps_baseline,solved,1,6.253919,48.263866,0.129578,0.001159,,,0.001159,0.00143,3,0,0
rho\set51\rho_0.8.py,rho,51,rho,0.8,2,5,5,0.5,0.5,0.8,0.6,1.0,0.5,55.200002,40,11,45.999998,69.000002,21.999999,1,1,1051,0,ilp_v2,optimal,1,52.92023,55.119237,0.960105,0.023915,0.0,,0.023915,0.036142,3,0,0
rho\set51\rho_0.8.py,rho,51,rho,0.8,2,5,5,0.5,0.5,0.8,0.6,1.0,0.5,55.200002,40,11,45.999998,69.000002,21.999999,1,1,1051,0,ilp_v3,optimal,1,49.767628,55.19483,0.901672,0.020606,0.0,,0.020606,0.022047,3,0,0
rho\set51\rho_0.8.py,rho,51,rho,0.8,2,5,5,0.5,0.5,0.8,0.6,1.0,0.5,55.200002,40,11,45.999998,69.000002,21.999999,1,1,1051,0,ilp_v4,optimal,1,54.844961,54.798187,1.000854,0.054323,0.0,,0.054323,0.069637,3,0,0
rho\set51\rho_0.8.py,rho,51,rho,0.8,2,5,5,0.5,0.5,0.8,0.6,1.0,0.5,55.200002,40,11,45.999998,69.000002,21.999999,1,1,1051,0,greedy_sps_baseline,solved,1,24.413591,54.875226,0.444893,0.002031,,,0.002031,0.003091,3,0,0
rho\set51\rho_0.9.py,rho,51,rho,0.9,2,5,5,0.5,0.5,0.9,0.6,1.0,0.5,62.100002,40,11,45.999998,69.000002,21.999999,1,1,1051,0,ilp_v2,optimal,1,54.844961,60.071948,0.912988,0.024347,0.0,,0.024347,0.028788,3,0,0
rho\set51\rho_0.9.py,rho,51,rho,0.9,2,5,5,0.5,0.5,0.9,0.6,1.0,0.5,62.100002,40,11,45.999998,69.000002,21.999999,1,1,1051,0,ilp_v3,optimal,1,55.088497,61.959203,0.889109,0.012688,0.0,,0.012688,0.013568,3,0,0
rho\set51\rho_0.9.py,rho,51,rho,0.9,2,5,5,0.5,0.5,0.9,0.6,1.0,0.5,62.100002,40,11,45.999998,69.000002,21.999999,1,1,1051,0,ilp_v4,optimal,1,55.814534,61.658158,0.905225,0.043935,0.0,,0.043935,0.045282,3,0,0
rho\set51\rho_0.9.py,rho,51,rho,0.9,2,5,5,0.5,0.5,0.9,0.6,1.0,0.5,62.100002,40,11,45.999998,69.000002,21.999999,1,1,1051,0,greedy_sps_baseline,solved,1,41.77609,61.82627,0.675701,0.005603,,,0.005603,0.006878,3,0,0
rho\set51\rho_1.py,rho,51,rho,1,2,5,5,0.5,0.5,1.0,0.6,1.0,0.5,69.000002,40,11,45.999998,69.000002,21.999999,1,1,1051,0,ilp_v2,optimal,1,55.814534,65.775293,0.848564,0.010321,0.0,,0.010321,0.013264,3,0,0
rho\set51\rho_1.py,rho,51,rho,1,2,5,5,0.5,0.5,1.0,0.6,1.0,0.5,69.000002,40,11,45.999998,69.000002,21.999999,1,1,1051,0,ilp_v3,optimal,1,55.814534,64.509826,0.86521,0.00569,0.0,,0.00569,0.010123,3,0,0
rho\set51\rho_1.py,rho,51,rho,1,2,5,5,0.5,0.5,1.0,0.6,1.0,0.5,69.000002,40,11,45.999998,69.000002,21.999999,1,1,1051,0,ilp_v4,optimal,1,55.814534,65.775293,0.848564,0.023818,0.0,,0.023818,0.027217,3,0,0
rho\set51\rho_1.py,rho,51,rho,1,2,5,5,0.5,0.5,1.0,0.6,1.0,0.5,69.000002,40,11,45.999998,69.000002,21.999999,1,1,1051,0,greedy_sps_baseline,solved,1,55.088497,68.51849,0.803995,0.005115,,,0.005115,0.005783,3,0,0
rho\set52\rho_0.2.py,rho,52,rho,0.2,2,5,5,0.5,0.5,0.2,0.6,1.0,0.5,13.8,40,11,45.999997,68.999999,21.399998,1,1,1052,0,ilp_v2,infeasible,0,,,,0.004181,,,0.004181,0.005081,3,0,0
rho\set52\rho_0.2.py,rho,52,rho,0.2,2,5,5,0.5,0.5,0.2,0.6,1.0,0.5,13.8,40,11,45.999997,68.999999,21.399998,1,1,1052,0,ilp_v3,infeasible,0,,,,0.004029,,,0.004029,0.004194,3,0,0
rho\set52\rho_0.2.py,rho,52,rho,0.2,2,5,5,0.5,0.5,0.2,0.6,1.0,0.5,13.8,40,11,45.999997,68.999999,21.399998,1,1,1052,0,ilp_v4,infeasible,0,,,,0.00474,,,0.00474,0.007613,3,0,0
rho\set52\rho_0.2.py,rho,52,rho,0.2,2,5,5,0.5,0.5,0.2,0.6,1.0,0.5,13.8,40,11,45.999997,68.999999,21.399998,1,1,1052,0,greedy_sps_baseline,infeasible,0,,45.999997,,0.00032,,over budget: E=46.0000 > B=13.8000,0.00032,0.000464,3,0,0
rho\set52\rho_0.3.py,rho,52,rho,0.3,2,5,5,0.5,0.5,0.3,0.6,1.0,0.5,20.7,40,11,45.999997,68.999999,21.399998,1,1,1052,0,ilp_v2,infeasible,0,,,,0.003384,,,0.003384,0.005457,3,0,0
rho\set52\rho_0.3.py,rho,52,rho,0.3,2,5,5,0.5,0.5,0.3,0.6,1.0,0.5,20.7,40,11,45.999997,68.999999,21.399998,1,1,1052,0,ilp_v3,infeasible,0,,,,0.004054,,,0.004054,0.005737,3,0,0
rho\set52\rho_0.3.py,rho,52,rho,0.3,2,5,5,0.5,0.5,0.3,0.6,1.0,0.5,20.7,40,11,45.999997,68.999999,21.399998,1,1,1052,0,ilp_v4,infeasible,0,,,,0.003972,,,0.003972,0.004924,3,0,0
rho\set52\rho_0.3.py,rho,52,rho,0.3,2,5,5,0.5,0.5,0.3,0.6,1.0,0.5,20.7,40,11,45.999997,68.999999,21.399998,1,1,1052,0,greedy_sps_baseline,infeasible,0,,45.999997,,0.00061,,over budget: E=46.0000 > B=20.7000,0.00061,0.000703,3,0,0
rho\set52\rho_0.4.py,rho,52,rho,0.4,2,5,5,0.5,0.5,0.4,0.6,1.0,0.5,27.6,40,11,45.999997,68.999999,21.399998,1,1,1052,0,ilp_v2,optimal,1,0.610989,27.596945,0.02214,0.006284,0.0,,0.006284,0.007763,3,0,0
rho\set52\rho_0.4.py,rho,52,rho,0.4,2,5,5,0.5,0.5,0.4,0.6,1.0,0.5,27.6,40,11,45.999997,68.999999,21.399998,1,1,1052,0,ilp_v3,optimal,1,0.610989,27.596945,0.02214,0.008302,0.0,,0.008302,0.00933,3,0,0
rho\set52\rho_0.4.py,rho,52,rho,0.4,2,5,5,0.5,0.5,0.4,0.6,1.0,0.5,27.6,40,11,45.999997,68.999999,21.399998,1,1,1052,0,ilp_v4,optimal,1,17.802295,27.592864,0.645177,0.092607,0.0,,0.092607,0.096942,3,0,0
rho\set52\rho_0.4.py,rho,52,rho,0.4,2,5,5,0.5,0.5,0.4,0.6,1.0,0.5,27.6,40,11,45.999997,68.999999,21.399998,1,1,1052,0,greedy_sps_baseline,infeasible,0,,45.999997,,0.000526,,over budget: E=46.0000 > B=27.6000,0.000526,0.000639,3,0,0
rho\set52\rho_0.5.py,rho,52,rho,0.5,2,5,5,0.5,0.5,0.5,0.6,1.0,0.5,34.499999,40,11,45.999997,68.999999,21.399998,1,1,1052,0,ilp_v2,optimal,1,30.300217,34.492107,0.878468,0.017667,0.0,,0.017667,0.019254,3,0,0
rho\set52\rho_0.5.py,rho,52,rho,0.5,2,5,5,0.5,0.5,0.5,0.6,1.0,0.5,34.499999,40,11,45.999997,68.999999,21.399998,1,1,1052,0,ilp_v3,optimal,1,30.300217,34.492107,0.878468,0.019489,0.0,,0.019489,0.020747,3,0,0
rho\set52\rho_0.5.py,rho,52,rho,0.5,2,5,5,0.5,0.5,0.5,0.6,1.0,0.5,34.499999,40,11,45.999997,68.999999,21.399998,1,1,1052,0,ilp_v4,optimal,1,27.651908,34.484256,0.801871,0.124145,0.0,,0.124145,0.12789,3,0,0
rho\set52\rho_0.5.py,rho,52,rho,0.5,2,5,5,0.5,0.5,0.5,0.6,1.0,0.5,34.499999,40,11,45.999997,68.999999,21.399998,1,1,1052,0,greedy_sps_baseline,infeasible,0,,45.999997,,0.000519,,over budget: E=46.0000 > B=34.5000,0.000519,0.000678,3,0,0
rho\set52\rho_0.6.py,rho,52,rho,0.6,2,5,5,0.5,0.5,0.6,0.6,1.0,0.5,41.399999,40,11,45.999997,68.999999,21.399998,1,1,1052,0,ilp_v2,optimal,1,38.19289,41.30291,0.924702,0.060954,0.0,,0.060954,0.067123,3,0,0
rho\set52\rho_0.6.py,rho,52,rho,0.6,2,5,5,0.5,0.5,0.6,0.6,1.0,0.5,41.399999,40,11,45.999997,68.999999,21.399998,1,1,1052,0,ilp_v3,optimal,1,37.296414,41.371663,0.901497,0.02281,0.0,,0.02281,0.024778,3,0,0
rho\set52\rho_0.6.py,rho,52,rho,0.6,2,5,5,0.5,0.5,0.6,0.6,1.0,0.5,41.399999,40,11,45.999997,68.999999,21.399998,1,1,1052,0,ilp_v4,optimal,1,38.19289,41.30291,0.924702,0.085558,0.0,,0.085558,0.0958,3,0,0
rho\set52\rho_0.6.py,rho,52,rho,0.6,2,5,5,0.5,0.5,0.6,0.6,1.0,0.5,41.399999,40,11,45.999997,68.999999,21.399998,1,1,1052,0,greedy_sps_baseline,infeasible,0,,45.999997,,0.000522,,over budget: E=46.0000 > B=41.4000,0.000522,0.000757,3,0,0
rho\set52\rho_0.7.py,rho,52,rho,0.7,2,5,5,0.5,0.5,0.7,0.6,1.0,0.5,48.299999,40,11,45.999997,68.999999,21.399998,1,1,1052,0,ilp_v2,optimal,1,43.163716,48.214774,0.895238,0.090117,0.0,,0.090117,0.098132,3,0,0
rho\set52\rho_0.7.py,rho,52,rho,0.7,2,5,5,0.5,0.5,0.7,0.6,1.0,0.5,48.299999,40,11,45.999997,68.999999,21.399998,1,1,1052,0,ilp_v3,optimal,1,43.163716,48.214774,0.895238,0.085009,0.0,,0.085009,0.093511,3,0,0
rho\set52\rho_0.7.py,rho,52,rho,0.7,2,5,5,0.5,0.5,0.7,0.6,1.0,0.5,48.299999,40,11,45.999997,68.999999,21.399998,1,1,1052,0,ilp_v4,optimal,1,45.499293,47.335086,0.961217,0.060933,0.0,,0.060933,0.066064,3,0,0
rho\set52\rho_0.7.py,rho,52,rho,0.7,2,5,5,0.5,0.5,0.7,0.6,1.0,0.5,48.299999,40,11,45.999997,68.999999,21.399998,1,1,1052,0,greedy_sps_baseline,solved,1,8.24873,48.263694,0.17091,0.001161,,,0.001161,0.001469,3,0,0
rho\set52\rho_0.8.py,rho,52,rho,0.8,2,5,5,0.5,0.5,0.8,0.6,1.0,0.5,55.199999,40,11,45.999997,68.999999,21.399998,1,1,1052,0,ilp_v2,optimal,1,47.778752,55.057943,0.86779,0.009724,0.0,,0.009724,0.01153,3,0,0
rho\set52\rho_0.8.py,rho,52,rho,0.8,2,5,5,0.5,0.5,0.8,0.6,1.0,0.5,55.199999,40,11,45.999997,68.999999,21.399998,1,1,1052,0,ilp_v3,optimal,1,47.778752,54.970788,0.869166,0.010529,0.0,,0.010529,0.012327,3,0,0
rho\set52\rho_0.8.py,rho,52,rho,0.8,2,5,5,0.5,0.5,0.8,0.6,1.0,0.5,55.199999,40,11,45.999997,68.999999,21.399998,1,1,1052,0,ilp_v4,optimal,1,47.778752,55.057943,0.86779,0.032771,0.0,,0.032771,0.033305,3,0,0
rho\set52\rho_0.8.py,rho,52,rho,0.8,2,5,5,0.5,0.5,0.8,0.6,1.0,0.5,55.199999,40,11,45.999997,68.999999,21.399998,1,1,1052,0,greedy_sps_baseline,solved,1,25.908837,55.13333,0.469931,0.002488,,,0.002488,0.002952,3,0,0
rho\set52\rho_0.9.py,rho,52,rho,0.9,2,5,5,0.5,0.5,0.9,0.6,1.0,0.5,62.099999,40,11,45.999997,68.999999,21.399998,1,1,1052,0,ilp_v2,optimal,1,47.778752,58.036756,0.82325,0.010006,0.0,,0.010006,0.011934,3,0,0
rho\set52\rho_0.9.py,rho,52,rho,0.9,2,5,5,0.5,0.5,0.9,0.6,1.0,0.5,62.099999,40,11,45.999997,68.999999,21.399998,1,1,1052,0,ilp_v3,optimal,1,47.778752,58.036756,0.82325,0.010466,0.0,,0.010466,0.012348,3,0,0
rho\set52\rho_0.9.py,rho,52,rho,0.9,2,5,5,0.5,0.5,0.9,0.6,1.0,0.5,62.099999,40,11,45.999997,68.999999,21.399998,1,1,1052,0,ilp_v4,optimal,1,47.778752,56.564644,0.844675,0.027963,0.0,,0.027963,0.030294,3,0,0
rho\set52\rho_0.9.py,rho,52,rho,0.9,2,5,5,0.5,0.5,0.9,0.6,1.0,0.5,62.099999,40,11,45.999997,68.999999,21.399998,1,1,1052,0,greedy_sps_baseline,solved,1,37.130166,61.907005,0.599773,0.00253,,,0.00253,0.004034,3,0,0
rho\set52\rho_1.py,rho,52,rho,1,2,5,5,0.5,0.5,1.0,0.6,1.0,0.5,68.999999,40,11,45.999997,68.999999,21.399998,1,1,1052,0,ilp_v2,optimal,1,47.778752,68.999999,0.692446,0.00675,0.0,,0.00675,0.00816,3,0,0
rho\set52\rho_1.py,rho,52,rho,1,2,5,5,0.5,0.5,1.0,0.6,1.0,0.5,68.999999,40,11,45.999997,68.999999,21.399998,1,1,1052,0,ilp_v3,optimal,1,47.778752,68.999999,0.692446,0.006766,0.0,,0.006766,0.007767,3,0,0
rho\set52\rho_1.py,rho,52,rho,1,2,5,5,0.5,0.5,1.0,0.6,1.0,0.5,68.999999,40,11,45.999997,68.999999,21.399998,1,1,1052,0,ilp_v4,optimal,1,47.778752,68.999999,0.692446,0.019008,0.0,,0.019008,0.020096,3,0,0
rho\set52\rho_1.py,rho,52,rho,1,2,5,5,0.5,0.5,1.0,0.6,1.0,0.5,68.999999,40,11,45.999997,68.999999,21.399998,1,1,1052,0,greedy_sps_baseline,solved,1,47.778752,68.999999,0.692446,0.003711,,,0.003711,0.004328,3,0,0
rho\set53\rho_0.2.py,rho,53,rho,0.2,2,5,5,0.5,0.5,0.2,0.6,1.0,0.5,13.8,40,9,45.999998,68.999998,23.00909,1,1,1053,0,ilp_v2,infeasible,0,,,,0.003823,,,0.003823,0.004085,3,0,0
rho\set53\rho_0.2.py,rho,53,rho,0.2,2,5,5,0.5,0.5,0.2,0.6,1.0,0.5,13.8,40,9,45.999998,68.999998,23.00909,1,1,1053,0,ilp_v3,infeasible,0,,,,0.003873,,,0.003873,0.004575,3,0,0
rho\set53\rho_0.2.py,rho,53,rho,0.2,2,5,5,0.5,0.5,0.2,0.6,1.0,0.5,13.8,40,9,45.999998,68.999998,23.00909,1,1,1053,0,ilp_v4,infeasible,0,,,,0.003619,,,0.003619,0.003992,3,0,0
rho\set53\rho_0.2.py,rho,53,rho,0.2,2,5,5,0.5,0.5,0.2,0.6,1.0,0.5,13.8,40,9,45.999998,68.999998,23.00909,1,1,1053,0,greedy_sps_baseline,infeasible,0,,45.999998,,0.000507,,over budget: E=46.0000 > B=13.8000,0.000507,0.000579,3,0,0
rho\set53\rho_0.3.py,rho,53,rho,0.3,2,5,5,0.5,0.5,0.3,0.6,1.0,0.5,20.699999,40,9,45.999998,68.999998,23.00909,1,1,1053,0,ilp_v2,infeasible,0,,,,0.003608,,,0.003608,0.004023,3,0,0
rho\set53\rho_0.3.py,rho,53,rho,0.3,2,5,5,0.5,0.5,0.3,0.6,1.0,0.5,20.699999,40,9,45.999998,68.999998,23.00909,1,1,1053,0,ilp_v3,infeasible,0,,,,0.00385,,,0.00385,0.004349,3,0,0
rho\set53\rho_0.3.py,rho,53,rho,0.3,2,5,5,0.5,0.5,0.3,0.6,1.0,0.5,20.699999,40,9,45.999998,68.999998,23.00909,1,1,1053,0,ilp_v4,infeasible,0,,,,0.003756,,,0.003756,0.004383,3,0,0
rho\set53\rho_0.3.py,rho,53,rho,0.3,2,5,5,0.5,0.5,0.3,0.6,1.0,0.5,20.699999,40,9,45.999998,68.999998,23.00909,1,1,1053,0,greedy_sps_baseline,infeasible,0,,45.999998,,0.000535,,over budget: E=46.0000 > B=20.7000,0.000535,0.00066,3,0,0
rho\set53\rho_0.4.py,rho,53,rho,0.4,2,5,5,0.5,0.5,0.4,0.6,1.0,0.5,27.599999,40,9,45.999998,68.999998,23.00909,1,1,1053,0,ilp_v2,infeasible,0,,,,0.004028,,,0.004028,0.005658,3,0,0
rho\set53\rho_0.4.py,rho,53,rho,0.4,2,5,5,0.5,0.5,0.4,0.6,1.0,0.5,27.599999,40,9,45.999998,68.999998,23.00909,1,1,1053,0,ilp_v3,infeasible,0,,,,0.004103,,,0.004103,0.005137,3,0,0
rho\set53\rho_0.4.py,rho,53,rho,0.4,2,5,5,0.5,0.5,0.4,0.6,1.0,0.5,27.599999,40,9,45.999998,68.999998,23.00909,1,1,1053,0,ilp_v4,infeasible,0,,,,0.009978,,,0.009978,0.01055,3,0,0
rho\set53\rho_0.4.py,rho,53,rho,0.4,2,5,5,0.5,0.5,0.4,0.6,1.0,0.5,27.599999,40,9,45.999998,68.999998,23.00909,1,1,1053,0,greedy_sps_baseline,infeasible,0,,45.999998,,0.000536,,over budget: E=46.0000 > B=27.6000,0.000536,0.000715,3,0,0
rho\set53\rho_0.5.py,rho,53,rho,0.5,2,5,5,0.5,0.5,0.5,0.6,1.0,0.5,34.499999,40,9,45.999998,68.999998,23.00909,1,1,1053,0,ilp_v2,optimal,1,29.686931,34.489991,0.86074,0.022905,0.0,,0.022905,0.025808,3,0,0
rho\set53\rho_0.5.py,rho,53,rho,0.5,2,5,5,0.5,0.5,0.5,0.6,1.0,0.5,34.499999,40,9,45.999998,68.999998,23.00909,1,1,1053,0,ilp_v3,optimal,1,38.030636,34.487891,1.102724,0.03856,0.0,,0.03856,0.042816,3,0,0
rho\set53\rho_0.5.py,rho,53,rho,0.5,2,5,5,0.5,0.5,0.5,0.6,1.0,0.5,34.499999,40,9,45.999998,68.999998,23.00909,1,1,1053,0,ilp_v4,optimal,1,37.617647,34.473568,1.091203,0.128952,0.0,,0.128952,0.138379,3,0,0
rho\set53\rho_0.5.py,rho,53,rho,0.5,2,5,5,0.5,0.5,0.5,0.6,1.0,0.5,34.499999,40,9,45.999998,68.999998,23.00909,1,1,1053,0,greedy_sps_baseline,infeasible,0,,45.999998,,0.000508,,over budget: E=46.0000 > B=34.5000,0.000508,0.000654,3,0,0
rho\set53\rho_0.6.py,rho,53,rho,0.6,2,5,5,0.5,0.5,0.6,0.6,1.0,0.5,41.399999,40,9,45.999998,68.999998,23.00909,1,1,1053,0,ilp_v2,optimal,1,55.348292,41.363205,1.338105,0.016337,0.0,,0.016337,0.018638,3,0,0
rho\set53\rho_0.6.py,rho,53,rho,0.6,2,5,5,0.5,0.5,0.6,0.6,1.0,0.5,41.399999,40,9,45.999998,68.999998,23.00909,1,1,1053,0,ilp_v3,optimal,1,54.164279,41.275764,1.312254,0.03231,0.0,,0.03231,0.038603,3,0,0
rho\set53\rho_0.6.py,rho,53,rho,0.6,2,5,5,0.5,0.5,0.6,0.6,1.0,0.5,41.399999,40,9,45.999998,68.999998,23.00909,1,1,1053,0,ilp_v4,optimal,1,54.164279,41.275764,1.312254,0.06981,0.0,,0.06981,0.077765,3,0,0
rho\set53\rho_0.6.py,rho,53,rho,0.6,2,5,5,0.5,0.5,0.6,0.6,1.0,0.5,41.399999,40,9,45.999998,68.999998,23.00909,1,1,1053,0,greedy_sps_baseline,infeasible,0,,45.999998,,0.000515,,over budget: E=46.0000 > B=41.4000,0.000515,0.000639,3,0,0
rho\set53\rho_0.7.py,rho,53,rho,0.7,2,5,5,0.5,0.5,0.7,0.6,1.0,0.5,48.299998,40,9,45.999998,68.999998,23.00909,1,1,1053,0,ilp_v2,optimal,1,64.005196,48.223598,1.327259,0.024982,0.0,,0.024982,0.028838,3,0,0
rho\set53\rho_0.7.py,rho,53,rho,0.7,2,5,5,0.5,0.5,0.7,0.6,1.0,0.5,48.299998,40,9,45.999998,68.999998,23.00909,1,1,1053,0,ilp_v3,optimal,1,66.7765,47.859658,1.395257,0.020161,0.0,,0.020161,0.021211,3,0,0
rho\set53\rho_0.7.py,rho,53,rho,0.7,2,5,5,0.5,0.5,0.7,0.6,1.0,0.5,48.299998,40,9,45.999998,68.999998,23.00909,1,1,1053,0,ilp_v4,optimal,1,66.7765,48.1416,1.387085,0.043867,0.0,,0.043867,0.049024,3,0,0
rho\set53\rho_0.7.py,rho,53,rho,0.7,2,5,5,0.5,0.5,0.7,0.6,1.0,0.5,48.299998,40,9,45.999998,68.999998,23.00909,1,1,1053,0,greedy_sps_baseline,solved,1,8.897999,48.287175,0.184273,0.000985,,,0.000985,0.001042,3,0,0
rho\set53\rho_0.8.py,rho,53,rho,0.8,2,5,5,0.5,0.5,0.8,0.6,1.0,0.5,55.199998,40,9,45.999998,68.999998,23.00909,1,1,1053,0,ilp_v2,optimal,1,66.7765,53.994294,1.236733,0.007667,0.0,,0.007667,0.010036,3,0,0
rho\set53\rho_0.8.py,rho,53,rho,0.8,2,5,5,0.5,0.5,0.8,0.6,1.0,0.5,55.199998,40,9,45.999998,68.999998,23.00909,1,1,1053,0,ilp_v3,optimal,1,66.7765,54.357191,1.228476,0.009498,0.0,,0.009498,0.010783,3,0,0
rho\set53\rho_0.8.py,rho,53,rho,0.8,2,5,5,0.5,0.5,0.8,0.6,1.0,0.5,55.199998,40,9,45.999998,68.999998,23.00909,1,1,1053,0,ilp_v4,optimal,1,66.7765,54.346786,1.228711,0.03785,0.0,,0.03785,0.039515,3,0,0
rho\set53\rho_0.8.py,rho,53,rho,0.8,2,5,5,0.5,0.5,0.8,0.6,1.0,0.5,55.199998,40,9,45.999998,68.999998,23.00909,1,1,1053,0,greedy_sps_baseline,solved,1,30.630175,55.193442,0.55496,0.001337,,,0.001337,0.003033,3,0,0
rho\set53\rho_0.9.py,rho,53,rho,0.9,2,5,5,0.5,0.5,0.9,0.6,1.0,0.5,62.099998,40,9,45.999998,68.999998,23.00909,1,1,1053,0,ilp_v2,optimal,1,66.7765,57.49989,1.161333,0.008512,0.0,,0.008512,0.010279,3,0,0
rho\set53\rho_0.9.py,rho,53,rho,0.9,2,5,5,0.5,0.5,0.9,0.6,1.0,0.5,62.099998,40,9,45.999998,68.999998,23.00909,1,1,1053,0,ilp_v3,optimal,1,66.7765,57.49989,1.161333,0.008326,0.0,,0.008326,0.009365,3,0,0
rho\set53\rho_0.9.py,rho,53,rho,0.9,2,5,5,0.5,0.5,0.9,0.6,1.0,0.5,62.099998,40,9,45.999998,68.999998,23.00909,1,1,1053,0,ilp_v4,optimal,1,66.7765,57.49989,1.161333,0.016566,0.0,,0.016566,0.020446,3,0,0
rho\set53\rho_0.9.py,rho,53,rho,0.9,2,5,5,0.5,0.5,0.9,0.6,1.0,0.5,62.099998,40,9,45.999998,68.999998,23.00909,1,1,1053,0,greedy_sps_baseline,solved,1,50.38257,62.094761,0.811382,0.001255,,,0.001255,0.001971,3,0,0
rho\set53\rho_1.py,rho,53,rho,1,2,5,5,0.5,0.5,1.0,0.6,1.0,0.5,68.999998,40,9,45.999998,68.999998,23.00909,1,1,1053,0,ilp_v2,optimal,1,66.7765,68.999998,0.967775,0.005287,0.0,,0.005287,0.006916,3,0,0
rho\set53\rho_1.py,rho,53,rho,1,2,5,5,0.5,0.5,1.0,0.6,1.0,0.5,68.999998,40,9,45.999998,68.999998,23.00909,1,1,1053,0,ilp_v3,optimal,1,66.7765,68.999998,0.967775,0.006363,0.0,,0.006363,0.00797,3,0,0
rho\set53\rho_1.py,rho,53,rho,1,2,5,5,0.5,0.5,1.0,0.6,1.0,0.5,68.999998,40,9,45.999998,68.999998,23.00909,1,1,1053,0,ilp_v4,optimal,1,66.7765,68.999998,0.967775,0.010754,0.0,,0.010754,0.011115,3,0,0
rho\set53\rho_1.py,rho,53,rho,1,2,5,5,0.5,0.5,1.0,0.6,1.0,0.5,68.999998,40,9,45.999998,68.999998,23.00909,1,1,1053,0,greedy_sps_baseline,solved,1,66.7765,68.999998,0.967775,0.001589,,,0.001589,0.002048,3,0,0
rho\set54\rho_0.2.py,rho,54,rho,0.2,2,5,5,0.5,0.5,0.2,0.6,1.0,0.5,13.8,40,13,45.999999,69.000001,22.042857,1,1,1054,0,ilp_v2,infeasible,0,,,,0.005002,,,0.005002,0.006501,3,0,0
rho\set54\rho_0.2.py,rho,54,rho,0.2,2,5,5,0.5,0.5,0.2,0.6,1.0,0.5,13.8,40,13,45.999999,69.000001,22.042857,1,1,1054,0,ilp_v3,infeasible,0,,,,0.005031,,,0.005031,0.006215,3,0,0
rho\set54\rho_0.2.py,rho,54,rho,0.2,2,5,5,0.5,0.5,0.2,0.6,1.0,0.5,13.8,40,13,45.999999,69.000001,22.042857,1,1,1054,0,ilp_v4,infeasible,0,,,,0.004014,,,0.004014,0.006997,3,0,0
rho\set54\rho_0.2.py,rho,54,rho,0.2,2,5,5,0.5,0.5,0.2,0.6,1.0,0.5,13.8,40,13,45.999999,69.000001,22.042857,1,1,1054,0,greedy_sps_baseline,infeasible,0,,45.999999,,0.000679,,over budget: E=46.0000 > B=13.8000,0.000679,0.001386,3,0,0
rho\set54\rho_0.3.py,rho,54,rho,0.3,2,5,5,0.5,0.5,0.3,0.6,1.0,0.5,20.7,40,13,45.999999,69.000001,22.042857,1,1,1054,0,ilp_v2,infeasible,0,,,,0.005115,,,0.005115,0.005922,3,0,0
rho\set54\rho_0.3.py,rho,54,rho,0.3,2,5,5,0.5,0.5,0.3,0.6,1.0,0.5,20.7,40,13,45.999999,69.000001,22.042857,1,1,1054,0,ilp_v3,infeasible,0,,,,0.005173,,,0.005173,0.005669,3,0,0
rho\set54\rho_0.3.py,rho,54,rho,0.3,2,5,5,0.5,0.5,0.3,0.6,1.0,0.5,20.7,40,13,45.999999,69.000001,22.042857,1,1,1054,0,ilp_v4,infeasible,0,,,,0.005365,,,0.005365,0.005938,3,0,0
rho\set54\rho_0.3.py,rho,54,rho,0.3,2,5,5,0.5,0.5,0.3,0.6,1.0,0.5,20.7,40,13,45.999999,69.000001,22.042857,1,1,1054,0,greedy_sps_baseline,infeasible,0,,45.999999,,0.00061,,over budget: E=46.0000 > B=20.7000,0.00061,0.00075,3,0,0
rho\set54\rho_0.4.py,rho,54,rho,0.4,2,5,5,0.5,0.5,0.4,0.6,1.0,0.5,27.6,40,13,45.999999,69.000001,22.042857,1,1,1054,0,ilp_v2,infeasible,0,,,,0.006862,,,0.006862,0.007114,3,0,0
rho\set54\rho_0.4.py,rho,54,rho,0.4,2,5,5,0.5,0.5,0.4,0.6,1.0,0.5,27.6,40,13,45.999999,69.000001,22.042857,1,1,1054,0,ilp_v3,infeasible,0,,,,0.007559,,,0.007559,0.00805,3,0,0
rho\set54\rho_0.4.py,rho,54,rho,0.4,2,5,5,0.5,0.5,0.4,0.6,1.0,0.5,27.6,40,13,45.999999,69.000001,22.042857,1,1,1054,0,ilp_v4,infeasible,0,,,,0.013164,,,0.013164,0.020062,3,0,0
rho\set54\rho_0.4.py,rho,54,rho,0.4,2,5,5,0.5,0.5,0.4,0.6,1.0,0.5,27.6,40,13,45.999999,69.000001,22.042857,1,1,1054,0,greedy_sps_baseline,infeasible,0,,45.999999,,0.000723,,over budget: E=46.0000 > B=27.6000,0.000723,0.001689,3,0,0
rho\set54\rho_0.5.py,rho,54,rho,0.5,2,5,5,0.5,0.5,0.5,0.6,1.0,0.5,34.500001,40,13,45.999999,69.000001,22.042857,1,1,1054,0,ilp_v2,optimal,1,25.415279,34.43787,0.738004,0.023797,0.0,,0.023797,0.033169,3,0,0
rho\set54\rho_0.5.py,rho,54,rho,0.5,2,5,5,0.5,0.5,0.5,0.6,1.0,0.5,34.500001,40,13,45.999999,69.000001,22.042857,1,1,1054,0,ilp_v3,optimal,1,32.955606,34.443645,0.956798,0.035651,0.0,,0.035651,0.040109,3,0,0
rho\set54\rho_0.5.py,rho,54,rho,0.5,2,5,5,0.5,0.5,0.5,0.6,1.0,0.5,34.500001,40,13,45.999999,69.000001,22.042857,1,1,1054,0,ilp_v4,optimal,1,36.338464,34.487011,1.053686,0.183331,0.0,,0.183331,0.199499,3,0,0
rho\set54\rho_0.5.py,rho,54,rho,0.5,2,5,5,0.5,0.5,0.5,0.6,1.0,0.5,34.500001,40,13,45.999999,69.000001,22.042857,1,1,1054,0,greedy_sps_baseline,infeasible,0,,45.999999,,0.00061,,over budget: E=46.0000 > B=34.5000,0.00061,0.000762,3,0,0
rho\set54\rho_0.6.py,rho,54,rho,0.6,2,5,5,0.5,0.5,0.6,0.6,1.0,0.5,41.400001,40,13,45.999999,69.000001,22.042857,1,1,1054,0,ilp_v2,optimal,1,35.787149,41.285196,0.866828,0.024555,0.0,,0.024555,0.02674,3,0,0
rho\set54\rho_0.6.py,rho,54,rho,0.6,2,5,5,0.5,0.5,0.6,0.6,1.0,0.5,41.400001,40,13,45.999999,69.000001,22.042857,1,1,1054,0,ilp_v3,optimal,1,50.62523,41.344284,1.22448,0.054772,0.0,,0.054772,0.058139,3,0,0
rho\set54\rho_0.6.py,rho,54,rho,0.6,2,5,5,0.5,0.5,0.6,0.6,1.0,0.5,41.400001,40,13,45.999999,69.000001,22.042857,1,1,1054,0,ilp_v4,optimal,1,58.157527,41.38953,1.405127,0.173587,0.0,,0.173587,0.187832,3,0,0
rho\set54\rho_0.6.py,rho,54,rho,0.6,2,5,5,0.5,0.5,0.6,0.6,1.0,0.5,41.400001,40,13,45.999999,69.000001,22.042857,1,1,1054,0,greedy_sps_baseline,infeasible,0,,45.999999,,0.000647,,over budget: E=46.0000 > B=41.4000,0.000647,0.0008,3,0,0
rho\set54\rho_0.7.py,rho,54,rho,0.7,2,5,5,0.5,0.5,0.7,0.6,1.0,0.5,48.300001,40,13,45.999999,69.000001,22.042857,1,1,1054,0,ilp_v2,optimal,1,45.472669,48.262026,0.942204,0.041926,0.0,,0.041926,0.064169,3,0,0
rho\set54\rho_0.7.py,rho,54,rho,0.7,2,5,5,0.5,0.5,0.7,0.6,1.0,0.5,48.300001,40,13,45.999999,69.000001,22.042857,1,1,1054,0,ilp_v3,optimal,1,64.925666,48.292099,1.344437,0.027762,0.0,,0.027762,0.027892,3,0,0
rho\set54\rho_0.7.py,rho,54,rho,0.7,2,5,5,0.5,0.5,0.7,0.6,1.0,0.5,48.300001,40,13,45.999999,69.000001,22.042857,1,1,1054,0,ilp_v4,optimal,1,67.31343,47.808605,1.407977,0.093156,0.0,,0.093156,0.106254,3,0,0
rho\set54\rho_0.7.py,rho,54,rho,0.7,2,5,5,0.5,0.5,0.7,0.6,1.0,0.5,48.300001,40,13,45.999999,69.000001,22.042857,1,1,1054,0,greedy_sps_baseline,solved,1,9.471149,48.28077,0.196168,0.003042,,,0.003042,0.003298,3,0,0
rho\set54\rho_0.8.py,rho,54,rho,0.8,2,5,5,0.5,0.5,0.8,0.6,1.0,0.5,55.200001,40,13,45.999999,69.000001,22.042857,1,1,1054,0,ilp_v2,optimal,1,55.655078,55.133613,1.009458,0.02499,0.0,,0.02499,0.032557,3,0,0
rho\set54\rho_0.8.py,rho,54,rho,0.8,2,5,5,0.5,0.5,0.8,0.6,1.0,0.5,55.200001,40,13,45.999999,69.000001,22.042857,1,1,1054,0,ilp_v3,optimal,1,66.217605,52.20922,1.268312,0.013562,0.0,,0.013562,0.015173,3,0,0
rho\set54\rho_0.8.py,rho,54,rho,0.8,2,5,5,0.5,0.5,0.8,0.6,1.0,0.5,55.200001,40,13,45.999999,69.000001,22.042857,1,1,1054,0,ilp_v4,optimal,1,67.31343,55.057744,1.222597,0.071687,0.0,,0.071687,0.079713,3,0,0
rho\set54\rho_0.8.py,rho,54,rho,0.8,2,5,5,0.5,0.5,0.8,0.6,1.0,0.5,55.200001,40,13,45.999999,69.000001,22.042857,1,1,1054,0,greedy_sps_baseline,solved,1,30.23656,55.185842,0.547904,0.004135,,,0.004135,0.004646,3,0,0
rho\set54\rho_0.9.py,rho,54,rho,0.9,2,5,5,0.5,0.5,0.9,0.6,1.0,0.5,62.100001,40,13,45.999999,69.000001,22.042857,1,1,1054,0,ilp_v2,optimal,1,58.627216,57.740182,1.015363,0.012244,0.0,,0.012244,0.015043,3,0,0
rho\set54\rho_0.9.py,rho,54,rho,0.9,2,5,5,0.5,0.5,0.9,0.6,1.0,0.5,62.100001,40,13,45.999999,69.000001,22.042857,1,1,1054,0,ilp_v3,optimal,1,67.31343,60.953141,1.104347,0.013056,0.0,,0.013056,0.014222,3,0,0
rho\set54\rho_0.9.py,rho,54,rho,0.9,2,5,5,0.5,0.5,0.9,0.6,1.0,0.5,62.100001,40,13,45.999999,69.000001,22.042857,1,1,1054,0,ilp_v4,optimal,1,67.31343,61.684297,1.091257,0.035984,0.0,,0.035984,0.040757,3,0,0
rho\set54\rho_0.9.py,rho,54,rho,0.9,2,5,5,0.5,0.5,0.9,0.6,1.0,0.5,62.100001,40,13,45.999999,69.000001,22.042857,1,1,1054,0,greedy_sps_baseline,solved,1,50.269701,62.074288,0.809831,0.003735,,,0.003735,0.004931,3,0,0
rho\set54\rho_1.py,rho,54,rho,1,2,5,5,0.5,0.5,1.0,0.6,1.0,0.5,69.000001,40,13,45.999999,69.000001,22.042857,1,1,1054,0,ilp_v2,optimal,1,58.627216,62.173737,0.942958,0.006512,0.0,,0.006512,0.008768,3,0,0
rho\set54\rho_1.py,rho,54,rho,1,2,5,5,0.5,0.5,1.0,0.6,1.0,0.5,69.000001,40,13,45.999999,69.000001,22.042857,1,1,1054,0,ilp_v3,optimal,1,67.31343,66.439772,1.01315,0.012401,0.0,,0.012401,0.017734,3,0,0
rho\set54\rho_1.py,rho,54,rho,1,2,5,5,0.5,0.5,1.0,0.6,1.0,0.5,69.000001,40,13,45.999999,69.000001,22.042857,1,1,1054,0,ilp_v4,optimal,1,67.31343,66.010389,1.01974,0.026668,0.0,,0.026668,0.030867,3,0,0
rho\set54\rho_1.py,rho,54,rho,1,2,5,5,0.5,0.5,1.0,0.6,1.0,0.5,69.000001,40,13,45.999999,69.000001,22.042857,1,1,1054,0,greedy_sps_baseline,solved,1,58.627216,65.277963,0.898117,0.0066,,,0.0066,0.008943,3,0,0
rho\set55\rho_0.2.py,rho,55,rho,0.2,2,5,5,0.5,0.5,0.2,0.6,1.0,0.5,13.800001,40,11,45.999999,69.000003,22.042857,1,1,1055,0,ilp_v2,infeasible,0,,,,0.003219,,,0.003219,0.006906,3,0,0
rho\set55\rho_0.2.py,rho,55,rho,0.2,2,5,5,0.5,0.5,0.2,0.6,1.0,0.5,13.800001,40,11,45.999999,69.000003,22.042857,1,1,1055,0,ilp_v3,infeasible,0,,,,0.003807,,,0.003807,0.004917,3,0,0
rho\set55\rho_0.2.py,rho,55,rho,0.2,2,5,5,0.5,0.5,0.2,0.6,1.0,0.5,13.800001,40,11,45.999999,69.000003,22.042857,1,1,1055,0,ilp_v4,infeasible,0,,,,0.005195,,,0.005195,0.006027,3,0,0
rho\set55\rho_0.2.py,rho,55,rho,0.2,2,5,5,0.5,0.5,0.2,0.6,1.0,0.5,13.800001,40,11,45.999999,69.000003,22.042857,1,1,1055,0,greedy_sps_baseline,infeasible,0,,45.999999,,0.00067,,over budget: E=46.0000 > B=13.8000,0.00067,0.00094,3,0,0
rho\set55\rho_0.3.py,rho,55,rho,0.3,2,5,5,0.5,0.5,0.3,0.6,1.0,0.5,20.700001,40,11,45.999999,69.000003,22.042857,1,1,1055,0,ilp_v2,infeasible,0,,,,0.003566,,,0.003566,0.005411,3,0,0
rho\set55\rho_0.3.py,rho,55,rho,0.3,2,5,5,0.5,0.5,0.3,0.6,1.0,0.5,20.700001,40,11,45.999999,69.000003,22.042857,1,1,1055,0,ilp_v3,infeasible,0,,,,0.004534,,,0.004534,0.005413,3,0,0
rho\set55\rho_0.3.py,rho,55,rho,0.3,2,5,5,0.5,0.5,0.3,0.6,1.0,0.5,20.700001,40,11,45.999999,69.000003,22.042857,1,1,1055,0,ilp_v4,infeasible,0,,,,0.004352,,,0.004352,0.005777,3,0,0
rho\set55\rho_0.3.py,rho,55,rho,0.3,2,5,5,0.5,0.5,0.3,0.6,1.0,0.5,20.700001,40,11,45.999999,69.000003,22.042857,1,1,1055,0,greedy_sps_baseline,infeasible,0,,45.999999,,0.000707,,over budget: E=46.0000 > B=20.7000,0.000707,0.000846,3,0,0
rho\set55\rho_0.4.py,rho,55,rho,0.4,2,5,5,0.5,0.5,0.4,0.6,1.0,0.5,27.600001,40,11,45.999999,69.000003,22.042857,1,1,1055,0,ilp_v2,optimal,1,24.413521,27.561281,0.885791,0.200818,0.0,,0.200818,0.279384,3,0,0
rho\set55\rho_0.4.py,rho,55,rho,0.4,2,5,5,0.5,0.5,0.4,0.6,1.0,0.5,27.600001,40,11,45.999999,69.000003,22.042857,1,1,1055,0,ilp_v3,optimal,1,24.413521,27.561281,0.885791,0.246824,0.0,,0.246824,0.262265,3,0,0
rho\set55\rho_0.4.py,rho,55,rho,0.4,2,5,5,0.5,0.5,0.4,0.6,1.0,0.5,27.600001,40,11,45.999999,69.000003,22.042857,1,1,1055,0,ilp_v4,optimal,1,24.413521,27.561281,0.885791,0.236382,0.0,,0.236382,0.26854,3,0,0
rho\set55\rho_0.4.py,rho,55,rho,0.4,2,5,5,0.5,0.5,0.4,0.6,1.0,0.5,27.600001,40,11,45.999999,69.000003,22.042857,1,1,1055,0,greedy_sps_baseline,infeasible,0,,45.999999,,0.000878,,over budget: E=46.0000 > B=27.6000,0.000878,0.000999,3,0,0
rho\set55\rho_0.5.py,rho,55,rho,0.5,2,5,5,0.5,0.5,0.5,0.6,1.0,0.5,34.500002,40,11,45.999999,69.000003,22.042857,1,1,1055,0,ilp_v2,optimal,1,47.387242,34.488005,1.374021,0.141029,0.0,,0.141029,0.161761,3,0,0
rho\set55\rho_0.5.py,rho,55,rho,0.5,2,5,5,0.5,0.5,0.5,0.6,1.0,0.5,34.500002,40,11,45.999999,69.000003,22.042857,1,1,1055,0,ilp_v3,optimal,1,46.284487,34.437826,1.344001,0.09076,0.0,,0.09076,0.102727,3,0,0
rho\set55\rho_0.5.py,rho,55,rho,0.5,2,5,5,0.5,0.5,0.5,0.6,1.0,0.5,34.500002,40,11,45.999999,69.000003,22.042857,1,1,1055,0,ilp_v4,optimal,1,47.594814,34.496237,1.37971,0.242536,0.0,,0.242536,0.296265,3,0,0
rho\set55\rho_0.5.py,rho,55,rho,0.5,2,5,5,0.5,0.5,0.5,0.6,1.0,0.5,34.500002,40,11,45.999999,69.000003,22.042857,1,1,1055,0,greedy_sps_baseline,infeasible,0,,45.999999,,0.001161,,over budget: E=46.0000 > B=34.5000,0.001161,0.001328,3,0,0
rho\set55\rho_0.6.py,rho,55,rho,0.6,2,5,5,0.5,0.5,0.6,0.6,1.0,0.5,41.400002,40,11,45.999999,69.000003,22.042857,1,1,1055,0,ilp_v2,optimal,1,65.032443,41.382673,1.57149,0.133841,0.0,,0.133841,0.138238,3,0,0
rho\set55\rho_0.6.py,rho,55,rho,0.6,2,5,5,0.5,0.5,0.6,0.6,1.0,0.5,41.400002,40,11,45.999999,69.000003,22.042857,1,1,1055,0,ilp_v3,optimal,1,62.47958,41.336566,1.511485,0.140638,0.0,,0.140638,0.160493,3,0,0
rho\set55\rho_0.6.py,rho,55,rho,0.6,2,5,5,0.5,0.5,0.6,0.6,1.0,0.5,41.400002,40,11,45.999999,69.000003,22.042857,1,1,1055,0,ilp_v4,optimal,1,66.641629,41.266206,1.61492,0.249236,0.0,,0.249236,0.270691,3,0,0
rho\set55\rho_0.6.py,rho,55,rho,0.6,2,5,5,0.5,0.5,0.6,0.6,1.0,0.5,41.400002,40,11,45.999999,69.000003,22.042857,1,1,1055,0,greedy_sps_baseline,infeasible,0,,45.999999,,0.001054,,over budget: E=46.0000 > B=41.4000,0.001054,0.001224,3,0,0
rho\set55\rho_0.7.py,rho,55,rho,0.7,2,5,5,0.5,0.5,0.7,0.6,1.0,0.5,48.300002,40,11,45.999999,69.000003,22.042857,1,1,1055,0,ilp_v2,optimal,1,77.096587,48.237891,1.598258,0.036865,0.0,,0.036865,0.047208,3,0,0
rho\set55\rho_0.7.py,rho,55,rho,0.7,2,5,5,0.5,0.5,0.7,0.6,1.0,0.5,48.300002,40,11,45.999999,69.000003,22.042857,1,1,1055,0,ilp_v3,optimal,1,73.397025,48.291754,1.519867,0.065884,0.0,,0.065884,0.076708,3,0,0
rho\set55\rho_0.7.py,rho,55,rho,0.7,2,5,5,0.5,0.5,0.7,0.6,1.0,0.5,48.300002,40,11,45.999999,69.000003,22.042857,1,1,1055,0,ilp_v4,optimal,1,80.048325,47.483327,1.68582,0.056106,0.0,,0.056106,0.086502,3,0,0
rho\set55\rho_0.7.py,rho,55,rho,0.7,2,5,5,0.5,0.5,0.7,0.6,1.0,0.5,48.300002,40,11,45.999999,69.000003,22.042857,1,1,1055,0,greedy_sps_baseline,solved,1,9.59449,48.283598,0.198711,0.001357,,,0.001357,0.001918,3,0,0
rho\set55\rho_0.8.py,rho,55,rho,0.8,2,5,5,0.5,0.5,0.8,0.6,1.0,0.5,55.200003,40,11,45.999999,69.000003,22.042857,1,1,1055,0,ilp_v2,optimal,1,80.048325,54.500615,1.46876,0.008119,0.0,,0.008119,0.011408,3,0,0
rho\set55\rho_0.8.py,rho,55,rho,0.8,2,5,5,0.5,0.5,0.8,0.6,1.0,0.5,55.200003,40,11,45.999999,69.000003,22.042857,1,1,1055,0,ilp_v3,optimal,1,79.274424,54.691874,1.449474,0.00849,0.0,,0.00849,0.009255,3,0,0
rho\set55\rho_0.8.py,rho,55,rho,0.8,2,5,5,0.5,0.5,0.8,0.6,1.0,0.5,55.200003,40,11,45.999999,69.000003,22.042857,1,1,1055,0,ilp_v4,optimal,1,80.048325,53.797546,1.487955,0.033869,0.0,,0.033869,0.035659,3,0,0
rho\set55\rho_0.8.py,rho,55,rho,0.8,2,5,5,0.5,0.5,0.8,0.6,1.0,0.5,55.200003,40,11,45.999999,69.000003,22.042857,1,1,1055,0,greedy_sps_baseline,solved,1,35.017734,55.095191,0.635586,0.002281,,,0.002281,0.002914,3,0,0
rho\set55\rho_0.9.py,rho,55,rho,0.9,2,5,5,0.5,0.5,0.9,0.6,1.0,0.5,62.100003,40,11,45.999999,69.000003,22.042857,1,1,1055,0,ilp_v2,optimal,1,80.048325,57.269159,1.397756,0.00852,0.0,,0.00852,0.011479,3,0,0
rho\set55\rho_0.9.py,rho,55,rho,0.9,2,5,5,0.5,0.5,0.9,0.6,1.0,0.5,62.100003,40,11,45.999999,69.000003,22.042857,1,1,1055,0,ilp_v3,optimal,1,80.048325,60.510201,1.32289,0.011887,0.0,,0.011887,0.013219,3,0,0
rho\set55\rho_0.9.py,rho,55,rho,0.9,2,5,5,0.5,0.5,0.9,0.6,1.0,0.5,62.100003,40,11,45.999999,69.000003,22.042857,1,1,1055,0,ilp_v4,optimal,1,80.048325,57.584719,1.390097,0.029942,0.0,,0.029942,0.033079,3,0,0
rho\set55\rho_0.9.py,rho,55,rho,0.9,2,5,5,0.5,0.5,0.9,0.6,1.0,0.5,62.100003,40,11,45.999999,69.000003,22.042857,1,1,1055,0,greedy_sps_baseline,solved,1,59.151688,61.989362,0.954223,0.002601,,,0.002601,0.00283,3,0,0
rho\set55\rho_1.py,rho,55,rho,1,2,5,5,0.5,0.5,1.0,0.6,1.0,0.5,69.000003,40,11,45.999999,69.000003,22.042857,1,1,1055,0,ilp_v2,optimal,1,80.048325,61.769645,1.295917,0.008738,0.0,,0.008738,0.010361,3,0,0
rho\set55\rho_1.py,rho,55,rho,1,2,5,5,0.5,0.5,1.0,0.6,1.0,0.5,69.000003,40,11,45.999999,69.000003,22.042857,1,1,1055,0,ilp_v3,optimal,1,80.048325,59.12014,1.353994,0.007795,0.0,,0.007795,0.010708,3,0,0
rho\set55\rho_1.py,rho,55,rho,1,2,5,5,0.5,0.5,1.0,0.6,1.0,0.5,69.000003,40,11,45.999999,69.000003,22.042857,1,1,1055,0,ilp_v4,optimal,1,80.048325,63.328802,1.264011,0.017153,0.0,,0.017153,0.019463,3,0,0
rho\set55\rho_1.py,rho,55,rho,1,2,5,5,0.5,0.5,1.0,0.6,1.0,0.5,69.000003,40,11,45.999999,69.000003,22.042857,1,1,1055,0,greedy_sps_baseline,solved,1,76.759241,67.808156,1.132006,0.003557,,,0.003557,0.00379,3,0,0
rho\set56\rho_0.2.py,rho,56,rho,0.2,2,5,5,0.5,0.5,0.2,0.6,1.0,0.5,13.8,40,10,45.999999,69.000001,21.399999,1,1,1056,0,ilp_v2,infeasible,0,,,,0.001917,,,0.001917,0.002988,3,0,0
rho\set56\rho_0.2.py,rho,56,rho,0.2,2,5,5,0.5,0.5,0.2,0.6,1.0,0.5,13.8,40,10,45.999999,69.000001,21.399999,1,1,1056,0,ilp_v3,infeasible,0,,,,0.001925,,,0.001925,0.002932,3,0,0
rho\set56\rho_0.2.py,rho,56,rho,0.2,2,5,5,0.5,0.5,0.2,0.6,1.0,0.5,13.8,40,10,45.999999,69.000001,21.399999,1,1,1056,0,ilp_v4,infeasible,0,,,,0.003137,,,0.003137,0.00444,3,0,0
rho\set56\rho_0.2.py,rho,56,rho,0.2,2,5,5,0.5,0.5,0.2,0.6,1.0,0.5,13.8,40,10,45.999999,69.000001,21.399999,1,1,1056,0,greedy_sps_baseline,infeasible,0,,45.999999,,0.000513,,over budget: E=46.0000 > B=13.8000,0.000513,0.000591,3,0,0
rho\set56\rho_0.3.py,rho,56,rho,0.3,2,5,5,0.5,0.5,0.3,0.6,1.0,0.5,20.7,40,10,45.999999,69.000001,21.399999,1,1,1056,0,ilp_v2,infeasible,0,,,,0.003918,,,0.003918,0.004369,3,0,0
rho\set56\rho_0.3.py,rho,56,rho,0.3,2,5,5,0.5,0.5,0.3,0.6,1.0,0.5,20.7,40,10,45.999999,69.000001,21.399999,1,1,1056,0,ilp_v3,infeasible,0,,,,0.004001,,,0.004001,0.004462,3,0,0
rho\set56\rho_0.3.py,rho,56,rho,0.3,2,5,5,0.5,0.5,0.3,0.6,1.0,0.5,20.7,40,10,45.999999,69.000001,21.399999,1,1,1056,0,ilp_v4,infeasible,0,,,,0.004132,,,0.004132,0.004479,3,0,0
rho\set56\rho_0.3.py,rho,56,rho,0.3,2,5,5,0.5,0.5,0.3,0.6,1.0,0.5,20.7,40,10,45.999999,69.000001,21.399999,1,1,1056,0,greedy_sps_baseline,infeasible,0,,45.999999,,0.000516,,over budget: E=46.0000 > B=20.7000,0.000516,0.000608,3,0,0
rho\set56\rho_0.4.py,rho,56,rho,0.4,2,5,5,0.5,0.5,0.4,0.6,1.0,0.5,27.6,40,10,45.999999,69.000001,21.399999,1,1,1056,0,ilp_v2,infeasible,0,,,,0.004062,,,0.004062,0.004509,3,0,0
rho\set56\rho_0.4.py,rho,56,rho,0.4,2,5,5,0.5,0.5,0.4,0.6,1.0,0.5,27.6,40,10,45.999999,69.000001,21.399999,1,1,1056,0,ilp_v3,infeasible,0,,,,0.004807,,,0.004807,0.005205,3,0,0
rho\set56\rho_0.4.py,rho,56,rho,0.4,2,5,5,0.5,0.5,0.4,0.6,1.0,0.5,27.6,40,10,45.999999,69.000001,21.399999,1,1,1056,0,ilp_v4,infeasible,0,,,,0.005276,,,0.005276,0.007354,3,0,0
rho\set56\rho_0.4.py,rho,56,rho,0.4,2,5,5,0.5,0.5,0.4,0.6,1.0,0.5,27.6,40,10,45.999999,69.000001,21.399999,1,1,1056,0,greedy_sps_baseline,infeasible,0,,45.999999,,0.000287,,over budget: E=46.0000 > B=27.6000,0.000287,0.000366,3,0,0
rho\set56\rho_0.5.py,rho,56,rho,0.5,2,5,5,0.5,0.5,0.5,0.6,1.0,0.5,34.500001,40,10,45.999999,69.000001,21.399999,1,1,1056,0,ilp_v2,optimal,1,3.233059,34.480157,0.093766,0.069755,0.0,,0.069755,0.07942,3,0,0
rho\set56\rho_0.5.py,rho,56,rho,0.5,2,5,5,0.5,0.5,0.5,0.6,1.0,0.5,34.500001,40,10,45.999999,69.000001,21.399999,1,1,1056,0,ilp_v3,optimal,1,3.233059,34.480157,0.093766,0.078344,0.0,,0.078344,0.082185,3,0,0
rho\set56\rho_0.5.py,rho,56,rho,0.5,2,5,5,0.5,0.5,0.5,0.6,1.0,0.5,34.500001,40,10,45.999999,69.000001,21.399999,1,1,1056,0,ilp_v4,optimal,1,14.816732,34.344209,0.431419,0.098935,0.0,,0.098935,0.111998,3,0,0
rho\set56\rho_0.5.py,rho,56,rho,0.5,2,5,5,0.5,0.5,0.5,0.6,1.0,0.5,34.500001,40,10,45.999999,69.000001,21.399999,1,1,1056,0,greedy_sps_baseline,infeasible,0,,45.999999,,0.000259,,over budget: E=46.0000 > B=34.5000,0.000259,0.000368,3,0,0
rho\set56\rho_0.6.py,rho,56,rho,0.6,2,5,5,0.5,0.5,0.6,0.6,1.0,0.5,41.400001,40,10,45.999999,69.000001,21.399999,1,1,1056,0,ilp_v2,optimal,1,18.405036,41.38815,0.444693,0.027301,0.0,,0.027301,0.035291,3,0,0
rho\set56\rho_0.6.py,rho,56,rho,0.6,2,5,5,0.5,0.5,0.6,0.6,1.0,0.5,41.400001,40,10,45.999999,69.000001,21.399999,1,1,1056,0,ilp_v3,optimal,1,18.405036,41.38815,0.444693,0.028865,0.0,,0.028865,0.030722,3,0,0
rho\set56\rho_0.6.py,rho,56,rho,0.6,2,5,5,0.5,0.5,0.6,0.6,1.0,0.5,41.400001,40,10,45.999999,69.000001,21.399999,1,1,1056,0,ilp_v4,optimal,1,18.58165,41.341413,0.449468,0.089381,0.0,,0.089381,0.090333,3,0,0
rho\set56\rho_0.6.py,rho,56,rho,0.6,2,5,5,0.5,0.5,0.6,0.6,1.0,0.5,41.400001,40,10,45.999999,69.000001,21.399999,1,1,1056,0,greedy_sps_baseline,infeasible,0,,45.999999,,0.000497,,over budget: E=46.0000 > B=41.4000,0.000497,0.000694,3,0,0
rho\set56\rho_0.7.py,rho,56,rho,0.7,2,5,5,0.5,0.5,0.7,0.6,1.0,0.5,48.300001,40,10,45.999999,69.000001,21.399999,1,1,1056,0,ilp_v2,optimal,1,27.887173,48.11774,0.579561,0.022725,0.0,,0.022725,0.023578,3,0,0
rho\set56\rho_0.7.py,rho,56,rho,0.7,2,5,5,0.5,0.5,0.7,0.6,1.0,0.5,48.300001,40,10,45.999999,69.000001,21.399999,1,1,1056,0,ilp_v3,optimal,1,27.887173,48.11774,0.579561,0.022034,0.0,,0.022034,0.023286,3,0,0
rho\set56\rho_0.7.py,rho,56,rho,0.7,2,5,5,0.5,0.5,0.7,0.6,1.0,0.5,48.300001,40,10,45.999999,69.000001,21.399999,1,1,1056,0,ilp_v4,optimal,1,27.887173,48.11774,0.579561,0.051146,0.0,,0.051146,0.054359,3,0,0
rho\set56\rho_0.7.py,rho,56,rho,0.7,2,5,5,0.5,0.5,0.7,0.6,1.0,0.5,48.300001,40,10,45.999999,69.000001,21.399999,1,1,1056,0,greedy_sps_baseline,solved,1,4.360933,48.224274,0.09043,0.001993,,,0.001993,0.002313,3,0,0
rho\set56\rho_0.8.py,rho,56,rho,0.8,2,5,5,0.5,0.5,0.8,0.6,1.0,0.5,55.200001,40,10,45.999999,69.000001,21.399999,1,1,1056,0,ilp_v2,optimal,1,31.704437,55.026789,0.576164,0.017613,0.0,,0.017613,0.022941,3,0,0
rho\set56\rho_0.8.py,rho,56,rho,0.8,2,5,5,0.5,0.5,0.8,0.6,1.0,0.5,55.200001,40,10,45.999999,69.000001,21.399999,1,1,1056,0,ilp_v3,optimal,1,31.704437,55.026789,0.576164,0.017933,0.0,,0.017933,0.018854,3,0,0
rho\set56\rho_0.8.py,rho,56,rho,0.8,2,5,5,0.5,0.5,0.8,0.6,1.0,0.5,55.200001,40,10,45.999999,69.000001,21.399999,1,1,1056,0,ilp_v4,optimal,1,29.846601,54.766627,0.544978,0.052315,0.0,,0.052315,0.054382,3,0,0
rho\set56\rho_0.8.py,rho,56,rho,0.8,2,5,5,0.5,0.5,0.8,0.6,1.0,0.5,55.200001,40,10,45.999999,69.000001,21.399999,1,1,1056,0,greedy_sps_baseline,solved,1,15.305399,54.774552,0.279425,0.002869,,,0.002869,0.003044,3,0,0
rho\set56\rho_0.9.py,rho,56,rho,0.9,2,5,5,0.5,0.5,0.9,0.6,1.0,0.5,62.100001,40,10,45.999999,69.000001,21.399999,1,1,1056,0,ilp_v2,optimal,1,32.014774,57.990972,0.552065,0.008845,0.0,,0.008845,0.009854,3,0,0
rho\set56\rho_0.9.py,rho,56,rho,0.9,2,5,5,0.5,0.5,0.9,0.6,1.0,0.5,62.100001,40,10,45.999999,69.000001,21.399999,1,1,1056,0,ilp_v3,optimal,1,32.014774,57.990972,0.552065,0.009236,0.0,,0.009236,0.012933,3,0,0
rho\set56\rho_0.9.py,rho,56,rho,0.9,2,5,5,0.5,0.5,0.9,0.6,1.0,0.5,62.100001,40,10,45.999999,69.000001,21.399999,1,1,1056,0,ilp_v4,optimal,1,32.014774,61.766668,0.518318,0.024971,0.0,,0.024971,0.042921,3,0,0
rho\set56\rho_0.9.py,rho,56,rho,0.9,2,5,5,0.5,0.5,0.9,0.6,1.0,0.5,62.100001,40,10,45.999999,69.000001,21.399999,1,1,1056,0,greedy_sps_baseline,solved,1,25.882906,62.08662,0.416884,0.003105,,,0.003105,0.003242,3,0,0
rho\set56\rho_1.py,rho,56,rho,1,2,5,5,0.5,0.5,1.0,0.6,1.0,0.5,69.000001,40,10,45.999999,69.000001,21.399999,1,1,1056,0,ilp_v2,optimal,1,32.014774,63.589082,0.503463,0.008527,0.0,,0.008527,0.009058,3,0,0
rho\set56\rho_1.py,rho,56,rho,1,2,5,5,0.5,0.5,1.0,0.6,1.0,0.5,69.000001,40,10,45.999999,69.000001,21.399999,1,1,1056,0,ilp_v3,optimal,1,32.014774,63.589082,0.503463,0.008604,0.0,,0.008604,0.009009,3,0,0
rho\set56\rho_1.py,rho,56,rho,1,2,5,5,0.5,0.5,1.0,0.6,1.0,0.5,69.000001,40,10,45.999999,69.000001,21.399999,1,1,1056,0,ilp_v4,optimal,1,32.014774,66.082893,0.484464,0.013516,0.0,,0.013516,0.019723,3,0,0
rho\set56\rho_1.py,rho,56,rho,1,2,5,5,0.5,0.5,1.0,0.6,1.0,0.5,69.000001,40,10,45.999999,69.000001,21.399999,1,1,1056,0,greedy_sps_baseline,solved,1,28.98867,65.588217,0.44198,0.002026,,,0.002026,0.002701,3,0,0
rho\set57\rho_0.2.py,rho,57,rho,0.2,2,5,5,0.5,0.5,0.2,0.6,1.0,0.5,13.8,40,15,46.0,68.999999,21.4,1,1,1057,0,ilp_v2,infeasible,0,,,,0.005854,,,0.005854,0.007383,3,0,0
rho\set57\rho_0.2.py,rho,57,rho,0.2,2,5,5,0.5,0.5,0.2,0.6,1.0,0.5,13.8,40,15,46.0,68.999999,21.4,1,1,1057,0,ilp_v3,infeasible,0,,,,0.003918,,,0.003918,0.007326,3,0,0
rho\set57\rho_0.2.py,rho,57,rho,0.2,2,5,5,0.5,0.5,0.2,0.6,1.0,0.5,13.8,40,15,46.0,68.999999,21.4,1,1,1057,0,ilp_v4,infeasible,0,,,,0.006161,,,0.006161,0.009541,3,0,0
rho\set57\rho_0.2.py,rho,57,rho,0.2,2,5,5,0.5,0.5,0.2,0.6,1.0,0.5,13.8,40,15,46.0,68.999999,21.4,1,1,1057,0,greedy_sps_baseline,infeasible,0,,46.0,,0.000668,,over budget: E=46.0000 > B=13.8000,0.000668,0.000866,3,0,0
rho\set57\rho_0.3.py,rho,57,rho,0.3,2,5,5,0.5,0.5,0.3,0.6,1.0,0.5,20.7,40,15,46.0,68.999999,21.4,1,1,1057,0,ilp_v2,infeasible,0,,,,0.006427,,,0.006427,0.00829,3,0,0
rho\set57\rho_0.3.py,rho,57,rho,0.3,2,5,5,0.5,0.5,0.3,0.6,1.0,0.5,20.7,40,15,46.0,68.999999,21.4,1,1,1057,0,ilp_v3,infeasible,0,,,,0.006321,,,0.006321,0.010123,3,0,0
rho\set57\rho_0.3.py,rho,57,rho,0.3,2,5,5,0.5,0.5,0.3,0.6,1.0,0.5,20.7,40,15,46.0,68.999999,21.4,1,1,1057,0,ilp_v4,infeasible,0,,,,0.006217,,,0.006217,0.006609,3,0,0
rho\set57\rho_0.3.py,rho,57,rho,0.3,2,5,5,0.5,0.5,0.3,0.6,1.0,0.5,20.7,40,15,46.0,68.999999,21.4,1,1,1057,0,greedy_sps_baseline,infeasible,0,,46.0,,0.000652,,over budget: E=46.0000 > B=20.7000,0.000652,0.000759,3,0,0
rho\set57\rho_0.4.py,rho,57,rho,0.4,2,5,5,0.5,0.5,0.4,0.6,1.0,0.5,27.6,40,15,46.0,68.999999,21.4,1,1,1057,0,ilp_v2,optimal,1,25.756271,27.584751,0.933714,0.194184,0.0,,0.194184,0.200557,3,0,0
rho\set57\rho_0.4.py,rho,57,rho,0.4,2,5,5,0.5,0.5,0.4,0.6,1.0,0.5,27.6,40,15,46.0,68.999999,21.4,1,1,1057,0,ilp_v3,optimal,1,24.327639,27.552789,0.882947,0.303215,0.0,,0.303215,0.321479,3,0,0
rho\set57\rho_0.4.py,rho,57,rho,0.4,2,5,5,0.5,0.5,0.4,0.6,1.0,0.5,27.6,40,15,46.0,68.999999,21.4,1,1,1057,0,ilp_v4,optimal,1,26.158437,27.575144,0.948624,0.334566,0.0,,0.334566,0.490998,3,0,0
rho\set57\rho_0.4.py,rho,57,rho,0.4,2,5,5,0.5,0.5,0.4,0.6,1.0,0.5,27.6,40,15,46.0,68.999999,21.4,1,1,1057,0,greedy_sps_baseline,infeasible,0,,46.0,,0.000856,,over budget: E=46.0000 > B=27.6000,0.000856,0.001005,3,0,0
rho\set57\rho_0.5.py,rho,57,rho,0.5,2,5,5,0.5,0.5,0.5,0.6,1.0,0.5,34.499999,40,15,46.0,68.999999,21.4,1,1,1057,0,ilp_v2,optimal,1,50.522785,34.484903,1.46507,0.066138,0.0,,0.066138,0.075237,3,0,0
rho\set57\rho_0.5.py,rho,57,rho,0.5,2,5,5,0.5,0.5,0.5,0.6,1.0,0.5,34.499999,40,15,46.0,68.999999,21.4,1,1,1057,0,ilp_v3,optimal,1,48.629874,34.484516,1.410194,0.271314,0.0,,0.271314,0.285571,3,0,0
rho\set57\rho_0.5.py,rho,57,rho,0.5,2,5,5,0.5,0.5,0.5,0.6,1.0,0.5,34.499999,40,15,46.0,68.999999,21.4,1,1,1057,0,ilp_v4,optimal,1,49.423513,34.473661,1.43366,0.356139,0.0,,0.356139,0.441668,3,0,0
rho\set57\rho_0.5.py,rho,57,rho,0.5,2,5,5,0.5,0.5,0.5,0.6,1.0,0.5,34.499999,40,15,46.0,68.999999,21.4,1,1,1057,0,greedy_sps_baseline,infeasible,0,,46.0,,0.001146,,over budget: E=46.0000 > B=34.5000,0.001146,0.001841,3,0,0
rho\set57\rho_0.6.py,rho,57,rho,0.6,2,5,5,0.5,0.5,0.6,0.6,1.0,0.5,41.399999,40,15,46.0,68.999999,21.4,1,1,1057,0,ilp_v2,optimal,1,60.905735,41.368542,1.472272,0.226907,0.0,,0.226907,0.329111,3,0,0
rho\set57\rho_0.6.py,rho,57,rho,0.6,2,5,5,0.5,0.5,0.6,0.6,1.0,0.5,41.399999,40,15,46.0,68.999999,21.4,1,1,1057,0,ilp_v3,optimal,1,60.846127,41.389539,1.470085,0.023641,0.0,,0.023641,0.029544,3,0,0
rho\set57\rho_0.6.py,rho,57,rho,0.6,2,5,5,0.5,0.5,0.6,0.6,1.0,0.5,41.399999,40,15,46.0,68.999999,21.4,1,1,1057,0,ilp_v4,optimal,1,60.846127,38.932567,1.562859,0.144986,0.0,,0.144986,0.194428,3,0,0
rho\set57\rho_0.6.py,rho,57,rho,0.6,2,5,5,0.5,0.5,0.6,0.6,1.0,0.5,41.399999,40,15,46.0,68.999999,21.4,1,1,1057,0,greedy_sps_baseline,infeasible,0,,46.0,,0.000737,,over budget: E=46.0000 > B=41.4000,0.000737,0.001005,3,0,0
rho\set57\rho_0.7.py,rho,57,rho,0.7,2,5,5,0.5,0.5,0.7,0.6,1.0,0.5,48.299999,40,15,46.0,68.999999,21.4,1,1,1057,0,ilp_v2,optimal,1,66.522,48.218527,1.379594,0.050076,0.0,,0.050076,0.055214,3,0,0
rho\set57\rho_0.7.py,rho,57,rho,0.7,2,5,5,0.5,0.5,0.7,0.6,1.0,0.5,48.299999,40,15,46.0,68.999999,21.4,1,1,1057,0,ilp_v3,optimal,1,64.345099,48.21542,1.334534,0.033917,0.0,,0.033917,0.043306,3,0,0
rho\set57\rho_0.7.py,rho,57,rho,0.7,2,5,5,0.5,0.5,0.7,0.6,1.0,0.5,48.299999,40,15,46.0,68.999999,21.4,1,1,1057,0,ilp_v4,optimal,1,66.522,48.238079,1.379035,0.122064,0.0,,0.122064,0.124405,3,0,0
rho\set57\rho_0.7.py,rho,57,rho,0.7,2,5,5,0.5,0.5,0.7,0.6,1.0,0.5,48.299999,40,15,46.0,68.999999,21.4,1,1,1057,0,greedy_sps_baseline,solved,1,8.871531,48.115072,0.184382,0.002405,,,0.002405,0.003311,3,0,0
rho\set57\rho_0.8.py,rho,57,rho,0.8,2,5,5,0.5,0.5,0.8,0.6,1.0,0.5,55.199999,40,15,46.0,68.999999,21.4,1,1,1057,0,ilp_v2,optimal,1,67.844072,52.706666,1.287201,0.017051,0.0,,0.017051,0.021396,3,0,0
rho\set57\rho_0.8.py,rho,57,rho,0.8,2,5,5,0.5,0.5,0.8,0.6,1.0,0.5,55.199999,40,15,46.0,68.999999,21.4,1,1,1057,0,ilp_v3,optimal,1,67.844072,54.635749,1.241752,0.015825,0.0,,0.015825,0.01691,3,0,0
rho\set57\rho_0.8.py,rho,57,rho,0.8,2,5,5,0.5,0.5,0.8,0.6,1.0,0.5,55.199999,40,15,46.0,68.999999,21.4,1,1,1057,0,ilp_v4,optimal,1,67.844072,52.706666,1.287201,0.083318,0.0,,0.083318,0.08378,3,0,0
rho\set57\rho_0.8.py,rho,57,rho,0.8,2,5,5,0.5,0.5,0.8,0.6,1.0,0.5,55.199999,40,15,46.0,68.999999,21.4,1,1,1057,0,greedy_sps_baseline,solved,1,36.012984,55.1739,0.652718,0.008107,,,0.008107,0.009831,3,0,0
rho\set57\rho_0.9.py,rho,57,rho,0.9,2,5,5,0.5,0.5,0.9,0.6,1.0,0.5,62.099999,40,15,46.0,68.999999,21.4,1,1,1057,0,ilp_v2,optimal,1,67.844072,58.648059,1.1568,0.015886,0.0,,0.015886,0.018956,3,0,0
rho\set57\rho_0.9.py,rho,57,rho,0.9,2,5,5,0.5,0.5,0.9,0.6,1.0,0.5,62.099999,40,15,46.0,68.999999,21.4,1,1,1057,0,ilp_v3,optimal,1,65.592151,55.849983,1.174435,0.03113,0.0,,0.03113,0.031993,3,0,0
rho\set57\rho_0.9.py,rho,57,rho,0.9,2,5,5,0.5,0.5,0.9,0.6,1.0,0.5,62.099999,40,15,46.0,68.999999,21.4,1,1,1057,0,ilp_v4,optimal,1,67.844072,56.61582,1.198324,0.075365,0.0,,0.075365,0.090938,3,0,0
rho\set57\rho_0.9.py,rho,57,rho,0.9,2,5,5,0.5,0.5,0.9,0.6,1.0,0.5,62.099999,40,15,46.0,68.999999,21.4,1,1,1057,0,greedy_sps_baseline,solved,1,60.846127,62.052798,0.980554,0.009663,,,0.009663,0.013659,3,0,0
rho\set57\rho_1.py,rho,57,rho,1,2,5,5,0.5,0.5,1.0,0.6,1.0,0.5,68.999999,40,15,46.0,68.999999,21.4,1,1,1057,0,ilp_v2,optimal,1,67.844072,68.999999,0.983247,0.010997,0.0,,0.010997,0.012153,3,0,0
rho\set57\rho_1.py,rho,57,rho,1,2,5,5,0.5,0.5,1.0,0.6,1.0,0.5,68.999999,40,15,46.0,68.999999,21.4,1,1,1057,0,ilp_v3,optimal,1,67.844072,68.999999,0.983247,0.008467,0.0,,0.008467,0.010841,3,0,0
rho\set57\rho_1.py,rho,57,rho,1,2,5,5,0.5,0.5,1.0,0.6,1.0,0.5,68.999999,40,15,46.0,68.999999,21.4,1,1,1057,0,ilp_v4,optimal,1,67.844072,68.999999,0.983247,0.032693,0.0,,0.032693,0.035677,3,0,0
rho\set57\rho_1.py,rho,57,rho,1,2,5,5,0.5,0.5,1.0,0.6,1.0,0.5,68.999999,40,15,46.0,68.999999,21.4,1,1,1057,0,greedy_sps_baseline,solved,1,67.844072,68.999999,0.983247,0.007984,,,0.007984,0.010949,3,0,0
rho\set58\rho_0.2.py,rho,58,rho,0.2,2,5,5,0.5,0.5,0.2,0.6,1.0,0.5,13.8,40,15,46.000001,69.0,21.400001,1,1,1058,0,ilp_v2,infeasible,0,,,,0.006079,,,0.006079,0.007243,3,0,0
rho\set58\rho_0.2.py,rho,58,rho,0.2,2,5,5,0.5,0.5,0.2,0.6,1.0,0.5,13.8,40,15,46.000001,69.0,21.400001,1,1,1058,0,ilp_v3,infeasible,0,,,,0.006476,,,0.006476,0.0076,3,0,0
rho\set58\rho_0.2.py,rho,58,rho,0.2,2,5,5,0.5,0.5,0.2,0.6,1.0,0.5,13.8,40,15,46.000001,69.0,21.400001,1,1,1058,0,ilp_v4,infeasible,0,,,,0.005837,,,0.005837,0.010047,3,0,0
rho\set58\rho_0.2.py,rho,58,rho,0.2,2,5,5,0.5,0.5,0.2,0.6,1.0,0.5,13.8,40,15,46.000001,69.0,21.400001,1,1,1058,0,greedy_sps_baseline,infeasible,0,,46.000001,,0.000525,,over budget: E=46.0000 > B=13.8000,0.000525,0.000623,3,0,0
rho\set58\rho_0.3.py,rho,58,rho,0.3,2,5,5,0.5,0.5,0.3,0.6,1.0,0.5,20.7,40,15,46.000001,69.0,21.400001,1,1,1058,0,ilp_v2,infeasible,0,,,,0.006266,,,0.006266,0.007255,3,0,0
rho\set58\rho_0.3.py,rho,58,rho,0.3,2,5,5,0.5,0.5,0.3,0.6,1.0,0.5,20.7,40,15,46.000001,69.0,21.400001,1,1,1058,0,ilp_v3,infeasible,0,,,,0.006321,,,0.006321,0.007719,3,0,0
rho\set58\rho_0.3.py,rho,58,rho,0.3,2,5,5,0.5,0.5,0.3,0.6,1.0,0.5,20.7,40,15,46.000001,69.0,21.400001,1,1,1058,0,ilp_v4,infeasible,0,,,,0.005795,,,0.005795,0.008053,3,0,0
rho\set58\rho_0.3.py,rho,58,rho,0.3,2,5,5,0.5,0.5,0.3,0.6,1.0,0.5,20.7,40,15,46.000001,69.0,21.400001,1,1,1058,0,greedy_sps_baseline,infeasible,0,,46.000001,,0.000653,,over budget: E=46.0000 > B=20.7000,0.000653,0.000761,3,0,0
rho\set58\rho_0.4.py,rho,58,rho,0.4,2,5,5,0.5,0.5,0.4,0.6,1.0,0.5,27.6,40,15,46.000001,69.0,21.400001,1,1,1058,0,ilp_v2,optimal,1,3.606964,27.596627,0.130703,0.050285,0.0,,0.050285,0.056095,3,0,0
rho\set58\rho_0.4.py,rho,58,rho,0.4,2,5,5,0.5,0.5,0.4,0.6,1.0,0.5,27.6,40,15,46.000001,69.0,21.400001,1,1,1058,0,ilp_v3,optimal,1,3.606964,27.596627,0.130703,0.051583,0.0,,0.051583,0.053369,3,0,0
rho\set58\rho_0.4.py,rho,58,rho,0.4,2,5,5,0.5,0.5,0.4,0.6,1.0,0.5,27.6,40,15,46.000001,69.0,21.400001,1,1,1058,0,ilp_v4,optimal,1,7.44276,27.594828,0.269716,0.52954,0.0,,0.52954,0.647187,3,0,0
rho\set58\rho_0.4.py,rho,58,rho,0.4,2,5,5,0.5,0.5,0.4,0.6,1.0,0.5,27.6,40,15,46.000001,69.0,21.400001,1,1,1058,0,greedy_sps_baseline,infeasible,0,,46.000001,,0.001462,,over budget: E=46.0000 > B=27.6000,0.001462,0.001815,3,0,0
rho\set58\rho_0.5.py,rho,58,rho,0.5,2,5,5,0.5,0.5,0.5,0.6,1.0,0.5,34.5,40,15,46.000001,69.0,21.400001,1,1,1058,0,ilp_v2,optimal,1,13.120408,34.2521,0.383054,0.354123,0.0,,0.354123,0.396956,3,0,0
rho\set58\rho_0.5.py,rho,58,rho,0.5,2,5,5,0.5,0.5,0.5,0.6,1.0,0.5,34.5,40,15,46.000001,69.0,21.400001,1,1,1058,0,ilp_v3,optimal,1,13.120408,34.2521,0.383054,0.357749,0.0,,0.357749,0.414471,3,0,0
rho\set58\rho_0.5.py,rho,58,rho,0.5,2,5,5,0.5,0.5,0.5,0.6,1.0,0.5,34.5,40,15,46.000001,69.0,21.400001,1,1,1058,0,ilp_v4,optimal,1,15.252322,34.447725,0.442767,0.202146,0.0,,0.202146,0.263638,3,0,0
rho\set58\rho_0.5.py,rho,58,rho,0.5,2,5,5,0.5,0.5,0.5,0.6,1.0,0.5,34.5,40,15,46.000001,69.0,21.400001,1,1,1058,0,greedy_sps_baseline,infeasible,0,,46.000001,,0.000649,,over budget: E=46.0000 > B=34.5000,0.000649,0.00082,3,0,0
rho\set58\rho_0.6.py,rho,58,rho,0.6,2,5,5,0.5,0.5,0.6,0.6,1.0,0.5,41.4,40,15,46.000001,69.0,21.400001,1,1,1058,0,ilp_v2,optimal,1,21.999899,41.33575,0.532224,0.234706,0.0,,0.234706,0.299399,3,0,0
rho\set58\rho_0.6.py,rho,58,rho,0.6,2,5,5,0.5,0.5,0.6,0.6,1.0,0.5,41.4,40,15,46.000001,69.0,21.400001,1,1,1058,0,ilp_v3,optimal,1,21.999899,41.33575,0.532224,0.244242,0.0,,0.244242,0.255132,3,0,0
rho\set58\rho_0.6.py,rho,58,rho,0.6,2,5,5,0.5,0.5,0.6,0.6,1.0,0.5,41.4,40,15,46.000001,69.0,21.400001,1,1,1058,0,ilp_v4,optimal,1,24.390746,41.371509,0.589554,0.298819,0.0,,0.298819,0.313456,3,0,0
rho\set58\rho_0.6.py,rho,58,rho,0.6,2,5,5,0.5,0.5,0.6,0.6,1.0,0.5,41.4,40,15,46.000001,69.0,21.400001,1,1,1058,0,greedy_sps_baseline,infeasible,0,,46.000001,,0.000659,,over budget: E=46.0000 > B=41.4000,0.000659,0.000796,3,0,0
rho\set58\rho_0.7.py,rho,58,rho,0.7,2,5,5,0.5,0.5,0.7,0.6,1.0,0.5,48.3,40,15,46.000001,69.0,21.400001,1,1,1058,0,ilp_v2,optimal,1,29.272527,48.260428,0.606553,0.18435,0.0,,0.18435,0.233019,3,0,0
rho\set58\rho_0.7.py,rho,58,rho,0.7,2,5,5,0.5,0.5,0.7,0.6,1.0,0.5,48.3,40,15,46.000001,69.0,21.400001,1,1,1058,0,ilp_v3,optimal,1,32.551912,48.28531,0.674158,0.2972,0.0,,0.2972,0.34096,3,0,0
rho\set58\rho_0.7.py,rho,58,rho,0.7,2,5,5,0.5,0.5,0.7,0.6,1.0,0.5,48.3,40,15,46.000001,69.0,21.400001,1,1,1058,0,ilp_v4,optimal,1,32.165697,48.291231,0.666077,1.541856,0.0,,1.541856,1.633372,3,0,0
rho\set58\rho_0.7.py,rho,58,rho,0.7,2,5,5,0.5,0.5,0.7,0.6,1.0,0.5,48.3,40,15,46.000001,69.0,21.400001,1,1,1058,0,greedy_sps_baseline,solved,1,5.967493,48.268301,0.123632,0.006474,,,0.006474,0.019,3,0,0
rho\set58\rho_0.8.py,rho,58,rho,0.8,2,5,5,0.5,0.5,0.8,0.6,1.0,0.5,55.2,40,15,46.000001,69.0,21.400001,1,1,1058,0,ilp_v2,optimal,1,36.206374,55.126008,0.656793,0.050837,0.0,,0.050837,0.061982,3,0,0
rho\set58\rho_0.8.py,rho,58,rho,0.8,2,5,5,0.5,0.5,0.8,0.6,1.0,0.5,55.2,40,15,46.000001,69.0,21.400001,1,1,1058,0,ilp_v3,optimal,1,35.983184,55.020454,0.653996,0.165138,0.0,,0.165138,0.172508,3,0,0
rho\set58\rho_0.8.py,rho,58,rho,0.8,2,5,5,0.5,0.5,0.8,0.6,1.0,0.5,55.2,40,15,46.000001,69.0,21.400001,1,1,1058,0,ilp_v4,optimal,1,39.448609,55.157974,0.715193,0.24135,0.0,,0.24135,0.273851,3,0,0
rho\set58\rho_0.8.py,rho,58,rho,0.8,2,5,5,0.5,0.5,0.8,0.6,1.0,0.5,55.2,40,15,46.000001,69.0,21.400001,1,1,1058,0,greedy_sps_baseline,solved,1,19.114813,55.010768,0.347474,0.007477,,,0.007477,0.007857,3,0,0
rho\set58\rho_0.9.py,rho,58,rho,0.9,2,5,5,0.5,0.5,0.9,0.6,1.0,0.5,62.1,40,15,46.000001,69.0,21.400001,1,1,1058,0,ilp_v2,optimal,1,43.033259,61.247446,0.702613,0.014326,0.0,,0.014326,0.020574,3,0,0
rho\set58\rho_0.9.py,rho,58,rho,0.9,2,5,5,0.5,0.5,0.9,0.6,1.0,0.5,62.1,40,15,46.000001,69.0,21.400001,1,1,1058,0,ilp_v3,optimal,1,43.033259,61.827709,0.696019,0.010679,0.0,,0.010679,0.01309,3,0,0
rho\set58\rho_0.9.py,rho,58,rho,0.9,2,5,5,0.5,0.5,0.9,0.6,1.0,0.5,62.1,40,15,46.000001,69.0,21.400001,1,1,1058,0,ilp_v4,optimal,1,42.465322,61.98881,0.685048,0.146829,0.0,,0.146829,0.149686,3,0,0
rho\set58\rho_0.9.py,rho,58,rho,0.9,2,5,5,0.5,0.5,0.9,0.6,1.0,0.5,62.1,40,15,46.000001,69.0,21.400001,1,1,1058,0,greedy_sps_baseline,solved,1,32.684677,62.026637,0.526946,0.009246,,,0.009246,0.009528,3,0,0
rho\set58\rho_1.py,rho,58,rho,1,2,5,5,0.5,0.5,1.0,0.6,1.0,0.5,69.0,40,15,46.000001,69.0,21.400001,1,1,1058,0,ilp_v2,optimal,1,43.033259,69.0,0.62367,0.009715,0.0,,0.009715,0.011019,3,0,0
rho\set58\rho_1.py,rho,58,rho,1,2,5,5,0.5,0.5,1.0,0.6,1.0,0.5,69.0,40,15,46.000001,69.0,21.400001,1,1,1058,0,ilp_v3,optimal,1,41.248556,68.067094,0.605998,0.00587,0.0,,0.00587,0.010235,3,0,0
rho\set58\rho_1.py,rho,58,rho,1,2,5,5,0.5,0.5,1.0,0.6,1.0,0.5,69.0,40,15,46.000001,69.0,21.400001,1,1,1058,0,ilp_v4,optimal,1,43.033259,67.302071,0.639405,0.026914,0.0,,0.026914,0.035081,3,0,0
rho\set58\rho_1.py,rho,58,rho,1,2,5,5,0.5,0.5,1.0,0.6,1.0,0.5,69.0,40,15,46.000001,69.0,21.400001,1,1,1058,0,greedy_sps_baseline,solved,1,43.033259,69.0,0.62367,0.007558,,,0.007558,0.010966,3,0,0
rho\set59\rho_0.2.py,rho,59,rho,0.2,2,5,5,0.5,0.5,0.2,0.6,1.0,0.5,13.799999,40,10,45.999999,68.999993,21.433333,1,1,1059,0,ilp_v2,infeasible,0,,,,0.002864,,,0.002864,0.004061,3,0,0
rho\set59\rho_0.2.py,rho,59,rho,0.2,2,5,5,0.5,0.5,0.2,0.6,1.0,0.5,13.799999,40,10,45.999999,68.999993,21.433333,1,1,1059,0,ilp_v3,infeasible,0,,,,0.002922,,,0.002922,0.003371,3,0,0
rho\set59\rho_0.2.py,rho,59,rho,0.2,2,5,5,0.5,0.5,0.2,0.6,1.0,0.5,13.799999,40,10,45.999999,68.999993,21.433333,1,1,1059,0,ilp_v4,infeasible,0,,,,0.00283,,,0.00283,0.003856,3,0,0
rho\set59\rho_0.2.py,rho,59,rho,0.2,2,5,5,0.5,0.5,0.2,0.6,1.0,0.5,13.799999,40,10,45.999999,68.999993,21.433333,1,1,1059,0,greedy_sps_baseline,infeasible,0,,45.999999,,0.000284,,over budget: E=46.0000 > B=13.8000,0.000284,0.000391,3,0,0
rho\set59\rho_0.3.py,rho,59,rho,0.3,2,5,5,0.5,0.5,0.3,0.6,1.0,0.5,20.699998,40,10,45.999999,68.999993,21.433333,1,1,1059,0,ilp_v2,infeasible,0,,,,0.003475,,,0.003475,0.006174,3,0,0
rho\set59\rho_0.3.py,rho,59,rho,0.3,2,5,5,0.5,0.5,0.3,0.6,1.0,0.5,20.699998,40,10,45.999999,68.999993,21.433333,1,1,1059,0,ilp_v3,infeasible,0,,,,0.003535,,,0.003535,0.003876,3,0,0
rho\set59\rho_0.3.py,rho,59,rho,0.3,2,5,5,0.5,0.5,0.3,0.6,1.0,0.5,20.699998,40,10,45.999999,68.999993,21.433333,1,1,1059,0,ilp_v4,infeasible,0,,,,0.003334,,,0.003334,0.004533,3,0,0
rho\set59\rho_0.3.py,rho,59,rho,0.3,2,5,5,0.5,0.5,0.3,0.6,1.0,0.5,20.699998,40,10,45.999999,68.999993,21.433333,1,1,1059,0,greedy_sps_baseline,infeasible,0,,45.999999,,0.000288,,over budget: E=46.0000 > B=20.7000,0.000288,0.000445,3,0,0
rho\set59\rho_0.4.py,rho,59,rho,0.4,2,5,5,0.5,0.5,0.4,0.6,1.0,0.5,27.599997,40,10,45.999999,68.999993,21.433333,1,1,1059,0,ilp_v2,optimal,1,7.30485,27.599044,0.264678,0.018929,6e-06,,0.018929,0.02144,3,0,0
rho\set59\rho_0.4.py,rho,59,rho,0.4,2,5,5,0.5,0.5,0.4,0.6,1.0,0.5,27.599997,40,10,45.999999,68.999993,21.433333,1,1,1059,0,ilp_v3,optimal,1,7.30485,27.599044,0.264678,0.024836,6e-06,,0.024836,0.027498,3,0,0
rho\set59\rho_0.4.py,rho,59,rho,0.4,2,5,5,0.5,0.5,0.4,0.6,1.0,0.5,27.599997,40,10,45.999999,68.999993,21.433333,1,1,1059,0,ilp_v4,optimal,1,11.391289,27.582438,0.412991,0.064206,0.0,,0.064206,0.096401,3,0,0
rho\set59\rho_0.4.py,rho,59,rho,0.4,2,5,5,0.5,0.5,0.4,0.6,1.0,0.5,27.599997,40,10,45.999999,68.999993,21.433333,1,1,1059,0,greedy_sps_baseline,infeasible,0,,45.999999,,0.000515,,over budget: E=46.0000 > B=27.6000,0.000515,0.000716,3,0,0
rho\set59\rho_0.5.py,rho,59,rho,0.5,2,5,5,0.5,0.5,0.5,0.6,1.0,0.5,34.499997,40,10,45.999999,68.999993,21.433333,1,1,1059,0,ilp_v2,optimal,1,31.202537,34.499387,0.904437,0.071035,0.0,,0.071035,0.082301,3,0,0
rho\set59\rho_0.5.py,rho,59,rho,0.5,2,5,5,0.5,0.5,0.5,0.6,1.0,0.5,34.499997,40,10,45.999999,68.999993,21.433333,1,1,1059,0,ilp_v3,optimal,1,31.440642,34.402121,0.913916,0.032263,0.0,,0.032263,0.033026,3,0,0
rho\set59\rho_0.5.py,rho,59,rho,0.5,2,5,5,0.5,0.5,0.5,0.6,1.0,0.5,34.499997,40,10,45.999999,68.999993,21.433333,1,1,1059,0,ilp_v4,optimal,1,36.237068,34.463726,1.051455,0.25169,0.0,,0.25169,0.296206,3,0,0
rho\set59\rho_0.5.py,rho,59,rho,0.5,2,5,5,0.5,0.5,0.5,0.6,1.0,0.5,34.499997,40,10,45.999999,68.999993,21.433333,1,1,1059,0,greedy_sps_baseline,infeasible,0,,45.999999,,0.000517,,over budget: E=46.0000 > B=34.5000,0.000517,0.000615,3,0,0
rho\set59\rho_0.6.py,rho,59,rho,0.6,2,5,5,0.5,0.5,0.6,0.6,1.0,0.5,41.399996,40,10,45.999999,68.999993,21.433333,1,1,1059,0,ilp_v2,optimal,1,51.7169,41.284321,1.252701,0.017523,4.8e-05,,0.017523,0.018421,3,0,0
rho\set59\rho_0.6.py,rho,59,rho,0.6,2,5,5,0.5,0.5,0.6,0.6,1.0,0.5,41.399996,40,10,45.999999,68.999993,21.433333,1,1,1059,0,ilp_v3,optimal,1,52.859153,41.245044,1.281588,0.019036,0.0,,0.019036,0.019265,3,0,0
rho\set59\rho_0.6.py,rho,59,rho,0.6,2,5,5,0.5,0.5,0.6,0.6,1.0,0.5,41.399996,40,10,45.999999,68.999993,21.433333,1,1,1059,0,ilp_v4,optimal,1,52.625851,41.391805,1.271408,0.171913,0.0,,0.171913,0.178375,3,0,0
rho\set59\rho_0.6.py,rho,59,rho,0.6,2,5,5,0.5,0.5,0.6,0.6,1.0,0.5,41.399996,40,10,45.999999,68.999993,21.433333,1,1,1059,0,greedy_sps_baseline,infeasible,0,,45.999999,,0.000514,,over budget: E=46.0000 > B=41.4000,0.000514,0.000606,3,0,0
rho\set59\rho_0.7.py,rho,59,rho,0.7,2,5,5,0.5,0.5,0.7,0.6,1.0,0.5,48.299995,40,10,45.999999,68.999993,21.433333,1,1,1059,0,ilp_v2,optimal,1,59.708604,48.294348,1.236348,0.011077,0.0,,0.011077,0.011859,3,0,0
rho\set59\rho_0.7.py,rho,59,rho,0.7,2,5,5,0.5,0.5,0.7,0.6,1.0,0.5,48.299995,40,10,45.999999,68.999993,21.433333,1,1,1059,0,ilp_v3,optimal,1,58.443818,47.462411,1.231371,0.019199,0.0,,0.019199,0.020272,3,0,0
rho\set59\rho_0.7.py,rho,59,rho,0.7,2,5,5,0.5,0.5,0.7,0.6,1.0,0.5,48.299995,40,10,45.999999,68.999993,21.433333,1,1,1059,0,ilp_v4,optimal,1,65.049411,47.085426,1.381519,0.051791,0.0,,0.051791,0.072186,3,0,0
rho\set59\rho_0.7.py,rho,59,rho,0.7,2,5,5,0.5,0.5,0.7,0.6,1.0,0.5,48.299995,40,10,45.999999,68.999993,21.433333,1,1,1059,0,greedy_sps_baseline,solved,1,7.264083,48.289814,0.150427,0.001414,,,0.001414,0.001549,3,0,0
rho\set59\rho_0.8.py,rho,59,rho,0.8,2,5,5,0.5,0.5,0.8,0.6,1.0,0.5,55.199994,40,10,45.999999,68.999993,21.433333,1,1,1059,0,ilp_v2,optimal,1,65.049411,54.537121,1.192755,0.010658,0.0,,0.010658,0.011891,3,0,0
rho\set59\rho_0.8.py,rho,59,rho,0.8,2,5,5,0.5,0.5,0.8,0.6,1.0,0.5,55.199994,40,10,45.999999,68.999993,21.433333,1,1,1059,0,ilp_v3,optimal,1,65.049411,54.15188,1.20124,0.009519,0.0,,0.009519,0.011144,3,0,0
rho\set59\rho_0.8.py,rho,59,rho,0.8,2,5,5,0.5,0.5,0.8,0.6,1.0,0.5,55.199994,40,10,45.999999,68.999993,21.433333,1,1,1059,0,ilp_v4,optimal,1,65.049411,53.381024,1.218587,0.021191,0.0,,0.021191,0.021934,3,0,0
rho\set59\rho_0.8.py,rho,59,rho,0.8,2,5,5,0.5,0.5,0.8,0.6,1.0,0.5,55.199994,40,10,45.999999,68.999993,21.433333,1,1,1059,0,greedy_sps_baseline,solved,1,30.284195,55.137153,0.549252,0.001187,,,0.001187,0.0012,3,0,0
rho\set59\rho_0.9.py,rho,59,rho,0.9,2,5,5,0.5,0.5,0.9,0.6,1.0,0.5,62.099994,40,10,45.999999,68.999993,21.433333,1,1,1059,0,ilp_v2,optimal,1,65.049411,58.460925,1.112699,0.00457,0.0,,0.00457,0.005607,3,0,0
rho\set59\rho_0.9.py,rho,59,rho,0.9,2,5,5,0.5,0.5,0.9,0.6,1.0,0.5,62.099994,40,10,45.999999,68.999993,21.433333,1,1,1059,0,ilp_v3,optimal,1,65.049411,58.650558,1.109101,0.011109,0.0,,0.011109,0.012455,3,0,0
rho\set59\rho_0.9.py,rho,59,rho,0.9,2,5,5,0.5,0.5,0.9,0.6,1.0,0.5,62.099994,40,10,45.999999,68.999993,21.433333,1,1,1059,0,ilp_v4,optimal,1,65.049411,61.757113,1.05331,0.020094,0.0,,0.020094,0.027539,3,0,0
rho\set59\rho_0.9.py,rho,59,rho,0.9,2,5,5,0.5,0.5,0.9,0.6,1.0,0.5,62.099994,40,10,45.999999,68.999993,21.433333,1,1,1059,0,greedy_sps_baseline,solved,1,49.95994,62.060125,0.805025,0.0024,,,0.0024,0.002614,3,0,0
rho\set59\rho_1.py,rho,59,rho,1,2,5,5,0.5,0.5,1.0,0.6,1.0,0.5,68.999993,40,10,45.999999,68.999993,21.433333,1,1,1059,0,ilp_v2,optimal,1,65.049411,58.460925,1.112699,0.006851,0.0,,0.006851,0.008303,3,0,0
rho\set59\rho_1.py,rho,59,rho,1,2,5,5,0.5,0.5,1.0,0.6,1.0,0.5,68.999993,40,10,45.999999,68.999993,21.433333,1,1,1059,0,ilp_v3,optimal,1,65.049411,66.134481,0.983593,0.005256,0.0,,0.005256,0.00613,3,0,0
rho\set59\rho_1.py,rho,59,rho,1,2,5,5,0.5,0.5,1.0,0.6,1.0,0.5,68.999993,40,10,45.999999,68.999993,21.433333,1,1,1059,0,ilp_v4,optimal,1,65.049411,58.501023,1.111936,0.019262,0.0,,0.019262,0.023731,3,0,0
rho\set59\rho_1.py,rho,59,rho,1,2,5,5,0.5,0.5,1.0,0.6,1.0,0.5,68.999993,40,10,45.999999,68.999993,21.433333,1,1,1059,0,greedy_sps_baseline,solved,1,64.476532,68.670703,0.938923,0.00232,,,0.00232,0.005111,3,0,0
rho\set60\rho_0.2.py,rho,60,rho,0.2,2,5,5,0.5,0.5,0.2,0.6,1.0,0.5,13.8,40,15,45.999999,68.999998,21.433333,1,1,1060,0,ilp_v2,infeasible,0,,,,0.00569,,,0.00569,0.007708,3,0,0
rho\set60\rho_0.2.py,rho,60,rho,0.2,2,5,5,0.5,0.5,0.2,0.6,1.0,0.5,13.8,40,15,45.999999,68.999998,21.433333,1,1,1060,0,ilp_v3,infeasible,0,,,,0.004608,,,0.004608,0.006075,3,0,0
rho\set60\rho_0.2.py,rho,60,rho,0.2,2,5,5,0.5,0.5,0.2,0.6,1.0,0.5,13.8,40,15,45.999999,68.999998,21.433333,1,1,1060,0,ilp_v4,infeasible,0,,,,0.0045,,,0.0045,0.005322,3,0,0
rho\set60\rho_0.2.py,rho,60,rho,0.2,2,5,5,0.5,0.5,0.2,0.6,1.0,0.5,13.8,40,15,45.999999,68.999998,21.433333,1,1,1060,0,greedy_sps_baseline,infeasible,0,,45.999999,,0.000483,,over budget: E=46.0000 > B=13.8000,0.000483,0.000541,3,0,0
rho\set60\rho_0.3.py,rho,60,rho,0.3,2,5,5,0.5,0.5,0.3,0.6,1.0,0.5,20.699999,40,15,45.999999,68.999998,21.433333,1,1,1060,0,ilp_v2,infeasible,0,,,,0.00715,,,0.00715,0.009602,3,0,0
rho\set60\rho_0.3.py,rho,60,rho,0.3,2,5,5,0.5,0.5,0.3,0.6,1.0,0.5,20.699999,40,15,45.999999,68.999998,21.433333,1,1,1060,0,ilp_v3,infeasible,0,,,,0.004642,,,0.004642,0.00613,3,0,0
rho\set60\rho_0.3.py,rho,60,rho,0.3,2,5,5,0.5,0.5,0.3,0.6,1.0,0.5,20.699999,40,15,45.999999,68.999998,21.433333,1,1,1060,0,ilp_v4,infeasible,0,,,,0.005041,,,0.005041,0.00727,3,0,0
rho\set60\rho_0.3.py,rho,60,rho,0.3,2,5,5,0.5,0.5,0.3,0.6,1.0,0.5,20.699999,40,15,45.999999,68.999998,21.433333,1,1,1060,0,greedy_sps_baseline,infeasible,0,,45.999999,,0.000484,,over budget: E=46.0000 > B=20.7000,0.000484,0.000818,3,0,0
rho\set60\rho_0.4.py,rho,60,rho,0.4,2,5,5,0.5,0.5,0.4,0.6,1.0,0.5,27.599999,40,15,45.999999,68.999998,21.433333,1,1,1060,0,ilp_v2,optimal,1,9.198464,27.594604,0.333343,0.054384,0.0,,0.054384,0.061508,3,0,0
rho\set60\rho_0.4.py,rho,60,rho,0.4,2,5,5,0.5,0.5,0.4,0.6,1.0,0.5,27.599999,40,15,45.999999,68.999998,21.433333,1,1,1060,0,ilp_v3,optimal,1,9.198464,27.594604,0.333343,0.057405,0.0,,0.057405,0.063489,3,0,0
rho\set60\rho_0.4.py,rho,60,rho,0.4,2,5,5,0.5,0.5,0.4,0.6,1.0,0.5,27.599999,40,15,45.999999,68.999998,21.433333,1,1,1060,0,ilp_v4,optimal,1,12.241412,27.597416,0.443571,0.455299,0.0,,0.455299,0.619009,3,0,0
rho\set60\rho_0.4.py,rho,60,rho,0.4,2,5,5,0.5,0.5,0.4,0.6,1.0,0.5,27.599999,40,15,45.999999,68.999998,21.433333,1,1,1060,0,greedy_sps_baseline,infeasible,0,,45.999999,,0.000727,,over budget: E=46.0000 > B=27.6000,0.000727,0.000843,3,0,0
rho\set60\rho_0.5.py,rho,60,rho,0.5,2,5,5,0.5,0.5,0.5,0.6,1.0,0.5,34.499999,40,15,45.999999,68.999998,21.433333,1,1,1060,0,ilp_v2,optimal,1,28.553837,34.444458,0.828982,0.044849,4.3e-05,,0.044849,0.049172,3,0,0
rho\set60\rho_0.5.py,rho,60,rho,0.5,2,5,5,0.5,0.5,0.5,0.6,1.0,0.5,34.499999,40,15,45.999999,68.999998,21.433333,1,1,1060,0,ilp_v3,optimal,1,28.069877,34.462319,0.814509,0.358077,0.0,,0.358077,0.501146,3,0,0
rho\set60\rho_0.5.py,rho,60,rho,0.5,2,5,5,0.5,0.5,0.5,0.6,1.0,0.5,34.499999,40,15,45.999999,68.999998,21.433333,1,1,1060,0,ilp_v4,optimal,1,28.617785,34.48716,0.82981,0.536327,0.0,,0.536327,0.730473,3,0,0
rho\set60\rho_0.5.py,rho,60,rho,0.5,2,5,5,0.5,0.5,0.5,0.6,1.0,0.5,34.499999,40,15,45.999999,68.999998,21.433333,1,1,1060,0,greedy_sps_baseline,infeasible,0,,45.999999,,0.000751,,over budget: E=46.0000 > B=34.5000,0.000751,0.000848,3,0,0
rho\set60\rho_0.6.py,rho,60,rho,0.6,2,5,5,0.5,0.5,0.6,0.6,1.0,0.5,41.399999,40,15,45.999999,68.999998,21.433333,1,1,1060,0,ilp_v2,optimal,1,39.202225,41.399436,0.946927,0.127255,0.0,,0.127255,0.130202,3,0,0
rho\set60\rho_0.6.py,rho,60,rho,0.6,2,5,5,0.5,0.5,0.6,0.6,1.0,0.5,41.399999,40,15,45.999999,68.999998,21.433333,1,1,1060,0,ilp_v3,optimal,1,37.684194,41.396118,0.910332,0.273605,0.0,,0.273605,0.340905,3,0,0
rho\set60\rho_0.6.py,rho,60,rho,0.6,2,5,5,0.5,0.5,0.6,0.6,1.0,0.5,41.399999,40,15,45.999999,68.999998,21.433333,1,1,1060,0,ilp_v4,optimal,1,40.592698,41.294635,0.983002,0.551059,0.0,,0.551059,0.620584,3,0,0
rho\set60\rho_0.6.py,rho,60,rho,0.6,2,5,5,0.5,0.5,0.6,0.6,1.0,0.5,41.399999,40,15,45.999999,68.999998,21.433333,1,1,1060,0,greedy_sps_baseline,infeasible,0,,45.999999,,0.000619,,over budget: E=46.0000 > B=41.4000,0.000619,0.000773,3,0,0
rho\set60\rho_0.7.py,rho,60,rho,0.7,2,5,5,0.5,0.5,0.7,0.6,1.0,0.5,48.299998,40,15,45.999999,68.999998,21.433333,1,1,1060,0,ilp_v2,optimal,1,46.856288,48.291028,0.97029,0.103556,0.0,,0.103556,0.112297,3,0,0
rho\set60\rho_0.7.py,rho,60,rho,0.7,2,5,5,0.5,0.5,0.7,0.6,1.0,0.5,48.299998,40,15,45.999999,68.999998,21.433333,1,1,1060,0,ilp_v3,optimal,1,45.086735,47.844212,0.942366,0.098453,0.0,,0.098453,0.107625,3,0,0
rho\set60\rho_0.7.py,rho,60,rho,0.7,2,5,5,0.5,0.5,0.7,0.6,1.0,0.5,48.299998,40,15,45.999999,68.999998,21.433333,1,1,1060,0,ilp_v4,optimal,1,47.991992,48.248475,0.994684,0.194416,0.0,,0.194416,0.221909,3,0,0
rho\set60\rho_0.7.py,rho,60,rho,0.7,2,5,5,0.5,0.5,0.7,0.6,1.0,0.5,48.299998,40,15,45.999999,68.999998,21.433333,1,1,1060,0,greedy_sps_baseline,solved,1,9.244372,48.255968,0.19157,0.005317,,,0.005317,0.005483,3,0,0
rho\set60\rho_0.8.py,rho,60,rho,0.8,2,5,5,0.5,0.5,0.8,0.6,1.0,0.5,55.199998,40,15,45.999999,68.999998,21.433333,1,1,1060,0,ilp_v2,optimal,1,48.756667,55.091671,0.88501,0.020133,0.0,,0.020133,0.026332,3,0,0
rho\set60\rho_0.8.py,rho,60,rho,0.8,2,5,5,0.5,0.5,0.8,0.6,1.0,0.5,55.199998,40,15,45.999999,68.999998,21.433333,1,1,1060,0,ilp_v3,optimal,1,48.756667,54.920307,0.887771,0.017473,0.0,,0.017473,0.022309,3,0,0
rho\set60\rho_0.8.py,rho,60,rho,0.8,2,5,5,0.5,0.5,0.8,0.6,1.0,0.5,55.199998,40,15,45.999999,68.999998,21.433333,1,1,1060,0,ilp_v4,optimal,1,48.756667,55.091671,0.88501,0.101062,0.0,,0.101062,0.113045,3,0,0
rho\set60\rho_0.8.py,rho,60,rho,0.8,2,5,5,0.5,0.5,0.8,0.6,1.0,0.5,55.199998,40,15,45.999999,68.999998,21.433333,1,1,1060,0,greedy_sps_baseline,solved,1,26.614623,54.548718,0.487906,0.012134,,,0.012134,0.012611,3,0,0
rho\set60\rho_0.9.py,rho,60,rho,0.9,2,5,5,0.5,0.5,0.9,0.6,1.0,0.5,62.099998,40,15,45.999999,68.999998,21.433333,1,1,1060,0,ilp_v2,optimal,1,48.756667,57.736381,0.84447,0.014241,0.0,,0.014241,0.020532,3,0,0
rho\set60\rho_0.9.py,rho,60,rho,0.9,2,5,5,0.5,0.5,0.9,0.6,1.0,0.5,62.099998,40,15,45.999999,68.999998,21.433333,1,1,1060,0,ilp_v3,optimal,1,48.756667,61.166496,0.797114,0.011983,0.0,,0.011983,0.013158,3,0,0
rho\set60\rho_0.9.py,rho,60,rho,0.9,2,5,5,0.5,0.5,0.9,0.6,1.0,0.5,62.099998,40,15,45.999999,68.999998,21.433333,1,1,1060,0,ilp_v4,optimal,1,48.756667,57.736381,0.84447,0.046878,0.0,,0.046878,0.0556,3,0,0
rho\set60\rho_0.9.py,rho,60,rho,0.9,2,5,5,0.5,0.5,0.9,0.6,1.0,0.5,62.099998,40,15,45.999999,68.999998,21.433333,1,1,1060,0,greedy_sps_baseline,solved,1,40.592698,61.811204,0.656721,0.007948,,,0.007948,0.011015,3,0,0
rho\set60\rho_1.py,rho,60,rho,1,2,5,5,0.5,0.5,1.0,0.6,1.0,0.5,68.999998,40,15,45.999999,68.999998,21.433333,1,1,1060,0,ilp_v2,optimal,1,48.756667,68.999998,0.706618,0.01254,0.0,,0.01254,0.014628,3,0,0
rho\set60\rho_1.py,rho,60,rho,1,2,5,5,0.5,0.5,1.0,0.6,1.0,0.5,68.999998,40,15,45.999999,68.999998,21.433333,1,1,1060,0,ilp_v3,optimal,1,48.756667,68.999998,0.706618,0.010038,0.0,,0.010038,0.012129,3,0,0
rho\set60\rho_1.py,rho,60,rho,1,2,5,5,0.5,0.5,1.0,0.6,1.0,0.5,68.999998,40,15,45.999999,68.999998,21.433333,1,1,1060,0,ilp_v4,optimal,1,48.756667,68.999998,0.706618,0.03426,0.0,,0.03426,0.047274,3,0,0
rho\set60\rho_1.py,rho,60,rho,1,2,5,5,0.5,0.5,1.0,0.6,1.0,0.5,68.999998,40,15,45.999999,68.999998,21.433333,1,1,1060,0,greedy_sps_baseline,solved,1,48.756667,68.999998,0.706618,0.008918,,,0.008918,0.011821,3,0,0
rho\set61\rho_0.2.py,rho,61,rho,0.2,2,5,5,0.5,0.5,0.2,0.6,1.0,0.5,13.799999,40,12,45.999999,68.999997,21.399999,1,1,1061,0,ilp_v2,infeasible,0,,,,0.002965,,,0.002965,0.004263,3,0,0
rho\set61\rho_0.2.py,rho,61,rho,0.2,2,5,5,0.5,0.5,0.2,0.6,1.0,0.5,13.799999,40,12,45.999999,68.999997,21.399999,1,1,1061,0,ilp_v3,infeasible,0,,,,0.00363,,,0.00363,0.007676,3,0,0
rho\set61\rho_0.2.py,rho,61,rho,0.2,2,5,5,0.5,0.5,0.2,0.6,1.0,0.5,13.799999,40,12,45.999999,68.999997,21.399999,1,1,1061,0,ilp_v4,infeasible,0,,,,0.003892,,,0.003892,0.007121,3,0,0
rho\set61\rho_0.2.py,rho,61,rho,0.2,2,5,5,0.5,0.5,0.2,0.6,1.0,0.5,13.799999,40,12,45.999999,68.999997,21.399999,1,1,1061,0,greedy_sps_baseline,infeasible,0,,45.999999,,0.000402,,over budget: E=46.0000 > B=13.8000,0.000402,0.000486,3,0,0
rho\set61\rho_0.3.py,rho,61,rho,0.3,2,5,5,0.5,0.5,0.3,0.6,1.0,0.5,20.699999,40,12,45.999999,68.999997,21.399999,1,1,1061,0,ilp_v2,infeasible,0,,,,0.005082,,,0.005082,0.005929,3,0,0
rho\set61\rho_0.3.py,rho,61,rho,0.3,2,5,5,0.5,0.5,0.3,0.6,1.0,0.5,20.699999,40,12,45.999999,68.999997,21.399999,1,1,1061,0,ilp_v3,infeasible,0,,,,0.004806,,,0.004806,0.006551,3,0,0
rho\set61\rho_0.3.py,rho,61,rho,0.3,2,5,5,0.5,0.5,0.3,0.6,1.0,0.5,20.699999,40,12,45.999999,68.999997,21.399999,1,1,1061,0,ilp_v4,infeasible,0,,,,0.005526,,,0.005526,0.006817,3,0,0
rho\set61\rho_0.3.py,rho,61,rho,0.3,2,5,5,0.5,0.5,0.3,0.6,1.0,0.5,20.699999,40,12,45.999999,68.999997,21.399999,1,1,1061,0,greedy_sps_baseline,infeasible,0,,45.999999,,0.000582,,over budget: E=46.0000 > B=20.7000,0.000582,0.000656,3,0,0
rho\set61\rho_0.4.py,rho,61,rho,0.4,2,5,5,0.5,0.5,0.4,0.6,1.0,0.5,27.599999,40,12,45.999999,68.999997,21.399999,1,1,1061,0,ilp_v2,optimal,1,23.60172,27.478377,0.85892,0.051521,0.0,,0.051521,0.060074,3,0,0
rho\set61\rho_0.4.py,rho,61,rho,0.4,2,5,5,0.5,0.5,0.4,0.6,1.0,0.5,27.599999,40,12,45.999999,68.999997,21.399999,1,1,1061,0,ilp_v3,optimal,1,17.548323,27.582794,0.636205,0.019279,0.0,,0.019279,0.022474,3,0,0
rho\set61\rho_0.4.py,rho,61,rho,0.4,2,5,5,0.5,0.5,0.4,0.6,1.0,0.5,27.599999,40,12,45.999999,68.999997,21.399999,1,1,1061,0,ilp_v4,optimal,1,24.983485,27.598676,0.905242,0.264032,0.0,,0.264032,0.296179,3,0,0
rho\set61\rho_0.4.py,rho,61,rho,0.4,2,5,5,0.5,0.5,0.4,0.6,1.0,0.5,27.599999,40,12,45.999999,68.999997,21.399999,1,1,1061,0,greedy_sps_baseline,infeasible,0,,45.999999,,0.000578,,over budget: E=46.0000 > B=27.6000,0.000578,0.000808,3,0,0
rho\set61\rho_0.5.py,rho,61,rho,0.5,2,5,5,0.5,0.5,0.5,0.6,1.0,0.5,34.499998,40,12,45.999999,68.999997,21.399999,1,1,1061,0,ilp_v2,optimal,1,46.819994,34.278566,1.365868,0.017576,0.0,,0.017576,0.020969,3,0,0
rho\set61\rho_0.5.py,rho,61,rho,0.5,2,5,5,0.5,0.5,0.5,0.6,1.0,0.5,34.499998,40,12,45.999999,68.999997,21.399999,1,1,1061,0,ilp_v3,optimal,1,37.505873,34.494176,1.08731,0.107976,0.0,,0.107976,0.121951,3,0,0
rho\set61\rho_0.5.py,rho,61,rho,0.5,2,5,5,0.5,0.5,0.5,0.6,1.0,0.5,34.499998,40,12,45.999999,68.999997,21.399999,1,1,1061,0,ilp_v4,optimal,1,46.585891,34.479824,1.351106,0.17546,0.0,,0.17546,0.193373,3,0,0
rho\set61\rho_0.5.py,rho,61,rho,0.5,2,5,5,0.5,0.5,0.5,0.6,1.0,0.5,34.499998,40,12,45.999999,68.999997,21.399999,1,1,1061,0,greedy_sps_baseline,infeasible,0,,45.999999,,0.000563,,over budget: E=46.0000 > B=34.5000,0.000563,0.000791,3,0,0
rho\set61\rho_0.6.py,rho,61,rho,0.6,2,5,5,0.5,0.5,0.6,0.6,1.0,0.5,41.399998,40,12,45.999999,68.999997,21.399999,1,1,1061,0,ilp_v2,optimal,1,51.756352,41.264014,1.254273,0.080366,0.0,,0.080366,0.089641,3,0,0
rho\set61\rho_0.6.py,rho,61,rho,0.6,2,5,5,0.5,0.5,0.6,0.6,1.0,0.5,41.399998,40,12,45.999999,68.999997,21.399999,1,1,1061,0,ilp_v3,optimal,1,52.330692,41.392554,1.264254,0.047346,0.0,,0.047346,0.054847,3,0,0
rho\set61\rho_0.6.py,rho,61,rho,0.6,2,5,5,0.5,0.5,0.6,0.6,1.0,0.5,41.399998,40,12,45.999999,68.999997,21.399999,1,1,1061,0,ilp_v4,optimal,1,53.513218,41.390948,1.292873,0.223157,0.0,,0.223157,0.261727,3,0,0
rho\set61\rho_0.6.py,rho,61,rho,0.6,2,5,5,0.5,0.5,0.6,0.6,1.0,0.5,41.399998,40,12,45.999999,68.999997,21.399999,1,1,1061,0,greedy_sps_baseline,infeasible,0,,45.999999,,0.000797,,over budget: E=46.0000 > B=41.4000,0.000797,0.001026,3,0,0
rho\set61\rho_0.7.py,rho,61,rho,0.7,2,5,5,0.5,0.5,0.7,0.6,1.0,0.5,48.299998,40,12,45.999999,68.999997,21.399999,1,1,1061,0,ilp_v2,optimal,1,56.863821,48.197465,1.179809,0.065097,0.0,,0.065097,0.066421,3,0,0
rho\set61\rho_0.7.py,rho,61,rho,0.7,2,5,5,0.5,0.5,0.7,0.6,1.0,0.5,48.299998,40,12,45.999999,68.999997,21.399999,1,1,1061,0,ilp_v3,optimal,1,53.834865,48.237197,1.116045,0.058461,0.0,,0.058461,0.060897,3,0,0
rho\set61\rho_0.7.py,rho,61,rho,0.7,2,5,5,0.5,0.5,0.7,0.6,1.0,0.5,48.299998,40,12,45.999999,68.999997,21.399999,1,1,1061,0,ilp_v4,optimal,1,58.449575,48.268396,1.210928,0.31665,0.0,,0.31665,0.399865,3,0,0
rho\set61\rho_0.7.py,rho,61,rho,0.7,2,5,5,0.5,0.5,0.7,0.6,1.0,0.5,48.299998,40,12,45.999999,68.999997,21.399999,1,1,1061,0,greedy_sps_baseline,solved,1,8.859581,48.259896,0.183581,0.001547,,,0.001547,0.001849,3,0,0
rho\set61\rho_0.8.py,rho,61,rho,0.8,2,5,5,0.5,0.5,0.8,0.6,1.0,0.5,55.199997,40,12,45.999999,68.999997,21.399999,1,1,1061,0,ilp_v2,optimal,1,59.414513,53.115866,1.118583,0.010945,0.0,,0.010945,0.012427,3,0,0
rho\set61\rho_0.8.py,rho,61,rho,0.8,2,5,5,0.5,0.5,0.8,0.6,1.0,0.5,55.199997,40,12,45.999999,68.999997,21.399999,1,1,1061,0,ilp_v3,optimal,1,59.414513,55.195418,1.076439,0.013988,0.0,,0.013988,0.014429,3,0,0
rho\set61\rho_0.8.py,rho,61,rho,0.8,2,5,5,0.5,0.5,0.8,0.6,1.0,0.5,55.199997,40,12,45.999999,68.999997,21.399999,1,1,1061,0,ilp_v4,optimal,1,59.414513,54.793754,1.08433,0.054759,0.0,,0.054759,0.06865,3,0,0
rho\set61\rho_0.8.py,rho,61,rho,0.8,2,5,5,0.5,0.5,0.8,0.6,1.0,0.5,55.199997,40,12,45.999999,68.999997,21.399999,1,1,1061,0,greedy_sps_baseline,solved,1,35.881379,55.138212,0.650753,0.001198,,,0.001198,0.002343,3,0,0
rho\set61\rho_0.9.py,rho,61,rho,0.9,2,5,5,0.5,0.5,0.9,0.6,1.0,0.5,62.099997,40,12,45.999999,68.999997,21.399999,1,1,1061,0,ilp_v2,optimal,1,59.414513,56.078587,1.059487,0.005224,0.0,,0.005224,0.007988,3,0,0
rho\set61\rho_0.9.py,rho,61,rho,0.9,2,5,5,0.5,0.5,0.9,0.6,1.0,0.5,62.099997,40,12,45.999999,68.999997,21.399999,1,1,1061,0,ilp_v3,optimal,1,59.414513,61.541356,0.96544,0.00873,0.0,,0.00873,0.013007,3,0,0
rho\set61\rho_0.9.py,rho,61,rho,0.9,2,5,5,0.5,0.5,0.9,0.6,1.0,0.5,62.099997,40,12,45.999999,68.999997,21.399999,1,1,1061,0,ilp_v4,optimal,1,59.414513,56.302812,1.055267,0.037081,0.0,,0.037081,0.047771,3,0,0
rho\set61\rho_0.9.py,rho,61,rho,0.9,2,5,5,0.5,0.5,0.9,0.6,1.0,0.5,62.099997,40,12,45.999999,68.999997,21.399999,1,1,1061,0,greedy_sps_baseline,solved,1,49.690438,61.971226,0.801831,0.003451,,,0.003451,0.006053,3,0,0
rho\set61\rho_1.py,rho,61,rho,1,2,5,5,0.5,0.5,1.0,0.6,1.0,0.5,68.999997,40,12,45.999999,68.999997,21.399999,1,1,1061,0,ilp_v2,optimal,1,59.414513,68.999997,0.86108,0.004137,0.0,,0.004137,0.010254,3,0,0
rho\set61\rho_1.py,rho,61,rho,1,2,5,5,0.5,0.5,1.0,0.6,1.0,0.5,68.999997,40,12,45.999999,68.999997,21.399999,1,1,1061,0,ilp_v3,optimal,1,59.414513,68.999997,0.86108,0.007734,0.0,,0.007734,0.008595,3,0,0
rho\set61\rho_1.py,rho,61,rho,1,2,5,5,0.5,0.5,1.0,0.6,1.0,0.5,68.999997,40,12,45.999999,68.999997,21.399999,1,1,1061,0,ilp_v4,optimal,1,59.414513,68.999997,0.86108,0.015797,0.0,,0.015797,0.029767,3,0,0
rho\set61\rho_1.py,rho,61,rho,1,2,5,5,0.5,0.5,1.0,0.6,1.0,0.5,68.999997,40,12,45.999999,68.999997,21.399999,1,1,1061,0,greedy_sps_baseline,solved,1,59.414513,68.999997,0.86108,0.005366,,,0.005366,0.006617,3,0,0
rho\set62\rho_0.2.py,rho,62,rho,0.2,2,5,5,0.5,0.5,0.2,0.6,1.0,0.5,13.800001,40,10,46.000003,69.000006,21.433335,1,1,1062,0,ilp_v2,infeasible,0,,,,0.003962,,,0.003962,0.007498,3,0,0
rho\set62\rho_0.2.py,rho,62,rho,0.2,2,5,5,0.5,0.5,0.2,0.6,1.0,0.5,13.800001,40,10,46.000003,69.000006,21.433335,1,1,1062,0,ilp_v3,infeasible,0,,,,0.004605,,,0.004605,0.005187,3,0,0
rho\set62\rho_0.2.py,rho,62,rho,0.2,2,5,5,0.5,0.5,0.2,0.6,1.0,0.5,13.800001,40,10,46.000003,69.000006,21.433335,1,1,1062,0,ilp_v4,infeasible,0,,,,0.004199,,,0.004199,0.005682,3,0,0
rho\set62\rho_0.2.py,rho,62,rho,0.2,2,5,5,0.5,0.5,0.2,0.6,1.0,0.5,13.800001,40,10,46.000003,69.000006,21.433335,1,1,1062,0,greedy_sps_baseline,infeasible,0,,46.000003,,0.00051,,over budget: E=46.0000 > B=13.8000,0.00051,0.000578,3,0,0
rho\set62\rho_0.3.py,rho,62,rho,0.3,2,5,5,0.5,0.5,0.3,0.6,1.0,0.5,20.700002,40,10,46.000003,69.000006,21.433335,1,1,1062,0,ilp_v2,infeasible,0,,,,0.004025,,,0.004025,0.005146,3,0,0
rho\set62\rho_0.3.py,rho,62,rho,0.3,2,5,5,0.5,0.5,0.3,0.6,1.0,0.5,20.700002,40,10,46.000003,69.000006,21.433335,1,1,1062,0,ilp_v3,infeasible,0,,,,0.003759,,,0.003759,0.005149,3,0,0
rho\set62\rho_0.3.py,rho,62,rho,0.3,2,5,5,0.5,0.5,0.3,0.6,1.0,0.5,20.700002,40,10,46.000003,69.000006,21.433335,1,1,1062,0,ilp_v4,infeasible,0,,,,0.00296,,,0.00296,0.004268,3,0,0
rho\set62\rho_0.3.py,rho,62,rho,0.3,2,5,5,0.5,0.5,0.3,0.6,1.0,0.5,20.700002,40,10,46.000003,69.000006,21.433335,1,1,1062,0,greedy_sps_baseline,infeasible,0,,46.000003,,0.000284,,over budget: E=46.0000 > B=20.7000,0.000284,0.000415,3,0,0
rho\set62\rho_0.4.py,rho,62,rho,0.4,2,5,5,0.5,0.5,0.4,0.6,1.0,0.5,27.600002,40,10,46.000003,69.000006,21.433335,1,1,1062,0,ilp_v2,optimal,1,12.613642,27.523828,0.458281,0.017332,0.0,,0.017332,0.025892,3,0,0
rho\set62\rho_0.4.py,rho,62,rho,0.4,2,5,5,0.5,0.5,0.4,0.6,1.0,0.5,27.600002,40,10,46.000003,69.000006,21.433335,1,1,1062,0,ilp_v3,optimal,1,12.613642,27.523828,0.458281,0.019208,0.0,,0.019208,0.020053,3,0,0
rho\set62\rho_0.4.py,rho,62,rho,0.4,2,5,5,0.5,0.5,0.4,0.6,1.0,0.5,27.600002,40,10,46.000003,69.000006,21.433335,1,1,1062,0,ilp_v4,optimal,1,17.310584,27.564214,0.628009,0.130975,0.0,,0.130975,0.137075,3,0,0
rho\set62\rho_0.4.py,rho,62,rho,0.4,2,5,5,0.5,0.5,0.4,0.6,1.0,0.5,27.600002,40,10,46.000003,69.000006,21.433335,1,1,1062,0,greedy_sps_baseline,infeasible,0,,46.000003,,0.0005,,over budget: E=46.0000 > B=27.6000,0.0005,0.000627,3,0,0
rho\set62\rho_0.5.py,rho,62,rho,0.5,2,5,5,0.5,0.5,0.5,0.6,1.0,0.5,34.500003,40,10,46.000003,69.000006,21.433335,1,1,1062,0,ilp_v2,optimal,1,26.578913,34.276976,0.775416,0.01168,0.0,,0.01168,0.012642,3,0,0
rho\set62\rho_0.5.py,rho,62,rho,0.5,2,5,5,0.5,0.5,0.5,0.6,1.0,0.5,34.500003,40,10,46.000003,69.000006,21.433335,1,1,1062,0,ilp_v3,optimal,1,27.945057,34.448058,0.811223,0.015935,0.0,,0.015935,0.016934,3,0,0
rho\set62\rho_0.5.py,rho,62,rho,0.5,2,5,5,0.5,0.5,0.5,0.6,1.0,0.5,34.500003,40,10,46.000003,69.000006,21.433335,1,1,1062,0,ilp_v4,optimal,1,29.563744,34.439236,0.858432,0.096823,0.0,,0.096823,0.101667,3,0,0
rho\set62\rho_0.5.py,rho,62,rho,0.5,2,5,5,0.5,0.5,0.5,0.6,1.0,0.5,34.500003,40,10,46.000003,69.000006,21.433335,1,1,1062,0,greedy_sps_baseline,infeasible,0,,46.000003,,0.000513,,over budget: E=46.0000 > B=34.5000,0.000513,0.000624,3,0,0
rho\set62\rho_0.6.py,rho,62,rho,0.6,2,5,5,0.5,0.5,0.6,0.6,1.0,0.5,41.400003,40,10,46.000003,69.000006,21.433335,1,1,1062,0,ilp_v2,optimal,1,30.709694,41.382889,0.742087,0.040719,0.0,,0.040719,0.047214,3,0,0
rho\set62\rho_0.6.py,rho,62,rho,0.6,2,5,5,0.5,0.5,0.6,0.6,1.0,0.5,41.400003,40,10,46.000003,69.000006,21.433335,1,1,1062,0,ilp_v3,optimal,1,32.580546,41.174041,0.791289,0.023598,0.0,,0.023598,0.029476,3,0,0
rho\set62\rho_0.6.py,rho,62,rho,0.6,2,5,5,0.5,0.5,0.6,0.6,1.0,0.5,41.400003,40,10,46.000003,69.000006,21.433335,1,1,1062,0,ilp_v4,optimal,1,37.053187,41.330073,0.896519,0.067066,0.0,,0.067066,0.082582,3,0,0
rho\set62\rho_0.6.py,rho,62,rho,0.6,2,5,5,0.5,0.5,0.6,0.6,1.0,0.5,41.400003,40,10,46.000003,69.000006,21.433335,1,1,1062,0,greedy_sps_baseline,infeasible,0,,46.000003,,0.000571,,over budget: E=46.0000 > B=41.4000,0.000571,0.000678,3,0,0
rho\set62\rho_0.7.py,rho,62,rho,0.7,2,5,5,0.5,0.5,0.7,0.6,1.0,0.5,48.300004,40,10,46.000003,69.000006,21.433335,1,1,1062,0,ilp_v2,optimal,1,34.960426,47.97511,0.72872,0.052734,0.0,,0.052734,0.059564,3,0,0
rho\set62\rho_0.7.py,rho,62,rho,0.7,2,5,5,0.5,0.5,0.7,0.6,1.0,0.5,48.300004,40,10,46.000003,69.000006,21.433335,1,1,1062,0,ilp_v3,optimal,1,36.684276,48.17482,0.761482,0.024504,0.0,,0.024504,0.025985,3,0,0
rho\set62\rho_0.7.py,rho,62,rho,0.7,2,5,5,0.5,0.5,0.7,0.6,1.0,0.5,48.300004,40,10,46.000003,69.000006,21.433335,1,1,1062,0,ilp_v4,optimal,1,39.027513,47.905966,0.814669,0.059355,0.0,,0.059355,0.065464,3,0,0
rho\set62\rho_0.7.py,rho,62,rho,0.7,2,5,5,0.5,0.5,0.7,0.6,1.0,0.5,48.300004,40,10,46.000003,69.000006,21.433335,1,1,1062,0,greedy_sps_baseline,solved,1,6.86499,48.167591,0.142523,0.001138,,,0.001138,0.001377,3,0,0
rho\set62\rho_0.8.py,rho,62,rho,0.8,2,5,5,0.5,0.5,0.8,0.6,1.0,0.5,55.200005,40,10,46.000003,69.000006,21.433335,1,1,1062,0,ilp_v2,optimal,1,38.774557,55.165255,0.70288,0.019596,0.0,,0.019596,0.026944,3,0,0
rho\set62\rho_0.8.py,rho,62,rho,0.8,2,5,5,0.5,0.5,0.8,0.6,1.0,0.5,55.200005,40,10,46.000003,69.000006,21.433335,1,1,1062,0,ilp_v3,optimal,1,39.931111,55.077425,0.725,0.020595,6e-05,,0.020595,0.022442,3,0,0
rho\set62\rho_0.8.py,rho,62,rho,0.8,2,5,5,0.5,0.5,0.8,0.6,1.0,0.5,55.200005,40,10,46.000003,69.000006,21.433335,1,1,1062,0,ilp_v4,optimal,1,40.641563,53.120689,0.76508,0.042761,0.0,,0.042761,0.047666,3,0,0
rho\set62\rho_0.8.py,rho,62,rho,0.8,2,5,5,0.5,0.5,0.8,0.6,1.0,0.5,55.200005,40,10,46.000003,69.000006,21.433335,1,1,1062,0,greedy_sps_baseline,solved,1,25.501196,54.956903,0.464022,0.001643,,,0.001643,0.002208,3,0,0
rho\set62\rho_0.9.py,rho,62,rho,0.9,2,5,5,0.5,0.5,0.9,0.6,1.0,0.5,62.100005,40,10,46.000003,69.000006,21.433335,1,1,1062,0,ilp_v2,optimal,1,40.286337,58.28177,0.691234,0.004487,0.0,,0.004487,0.013009,3,0,0
rho\set62\rho_0.9.py,rho,62,rho,0.9,2,5,5,0.5,0.5,0.9,0.6,1.0,0.5,62.100005,40,10,46.000003,69.000006,21.433335,1,1,1062,0,ilp_v3,optimal,1,40.641563,55.765087,0.728799,0.005797,0.0,,0.005797,0.007094,3,0,0
rho\set62\rho_0.9.py,rho,62,rho,0.9,2,5,5,0.5,0.5,0.9,0.6,1.0,0.5,62.100005,40,10,46.000003,69.000006,21.433335,1,1,1062,0,ilp_v4,optimal,1,40.641563,61.437613,0.661509,0.016144,0.0,,0.016144,0.024801,3,0,0
rho\set62\rho_0.9.py,rho,62,rho,0.9,2,5,5,0.5,0.5,0.9,0.6,1.0,0.5,62.100005,40,10,46.000003,69.000006,21.433335,1,1,1062,0,greedy_sps_baseline,solved,1,33.594281,61.845464,0.543197,0.002625,,,0.002625,0.00286,3,0,0
rho\set62\rho_1.py,rho,62,rho,1,2,5,5,0.5,0.5,1.0,0.6,1.0,0.5,69.000006,40,10,46.000003,69.000006,21.433335,1,1,1062,0,ilp_v2,optimal,1,40.286337,67.37579,0.597935,0.004646,0.0,,0.004646,0.006541,3,0,0
rho\set62\rho_1.py,rho,62,rho,1,2,5,5,0.5,0.5,1.0,0.6,1.0,0.5,69.000006,40,10,46.000003,69.000006,21.433335,1,1,1062,0,ilp_v3,optimal,1,40.641563,69.000006,0.589008,0.003383,0.0,,0.003383,0.004578,3,0,0
rho\set62\rho_1.py,rho,62,rho,1,2,5,5,0.5,0.5,1.0,0.6,1.0,0.5,69.000006,40,10,46.000003,69.000006,21.433335,1,1,1062,0,ilp_v4,optimal,1,40.641563,69.000006,0.589008,0.008747,0.0,,0.008747,0.018457,3,0,0
rho\set62\rho_1.py,rho,62,rho,1,2,5,5,0.5,0.5,1.0,0.6,1.0,0.5,69.000006,40,10,46.000003,69.000006,21.433335,1,1,1062,0,greedy_sps_baseline,solved,1,40.286337,68.609386,0.587184,0.001932,,,0.001932,0.003092,3,0,0
rho\set63\rho_0.2.py,rho,63,rho,0.2,2,5,5,0.5,0.5,0.2,0.6,1.0,0.5,13.800001,40,10,46.000001,69.000003,21.400001,1,1,1063,0,ilp_v2,infeasible,0,,,,0.001654,,,0.001654,0.002196,3,0,0
rho\set63\rho_0.2.py,rho,63,rho,0.2,2,5,5,0.5,0.5,0.2,0.6,1.0,0.5,13.800001,40,10,46.000001,69.000003,21.400001,1,1,1063,0,ilp_v3,infeasible,0,,,,0.001664,,,0.001664,0.001798,3,0,0
rho\set63\rho_0.2.py,rho,63,rho,0.2,2,5,5,0.5,0.5,0.2,0.6,1.0,0.5,13.800001,40,10,46.000001,69.000003,21.400001,1,1,1063,0,ilp_v4,infeasible,0,,,,0.001802,,,0.001802,0.002734,3,0,0
rho\set63\rho_0.2.py,rho,63,rho,0.2,2,5,5,0.5,0.5,0.2,0.6,1.0,0.5,13.800001,40,10,46.000001,69.000003,21.400001,1,1,1063,0,greedy_sps_baseline,infeasible,0,,46.000001,,0.00029,,over budget: E=46.0000 > B=13.8000,0.00029,0.000369,3,0,0
rho\set63\rho_0.3.py,rho,63,rho,0.3,2,5,5,0.5,0.5,0.3,0.6,1.0,0.5,20.700001,40,10,46.000001,69.000003,21.400001,1,1,1063,0,ilp_v2,infeasible,0,,,,0.001717,,,0.001717,0.002651,3,0,0
rho\set63\rho_0.3.py,rho,63,rho,0.3,2,5,5,0.5,0.5,0.3,0.6,1.0,0.5,20.700001,40,10,46.000001,69.000003,21.400001,1,1,1063,0,ilp_v3,infeasible,0,,,,0.0017,,,0.0017,0.003564,3,0,0
rho\set63\rho_0.3.py,rho,63,rho,0.3,2,5,5,0.5,0.5,0.3,0.6,1.0,0.5,20.700001,40,10,46.000001,69.000003,21.400001,1,1,1063,0,ilp_v4,infeasible,0,,,,0.001684,,,0.001684,0.001704,3,0,0
rho\set63\rho_0.3.py,rho,63,rho,0.3,2,5,5,0.5,0.5,0.3,0.6,1.0,0.5,20.700001,40,10,46.000001,69.000003,21.400001,1,1,1063,0,greedy_sps_baseline,infeasible,0,,46.000001,,0.000285,,over budget: E=46.0000 > B=20.7000,0.000285,0.00042,3,0,0
rho\set63\rho_0.4.py,rho,63,rho,0.4,2,5,5,0.5,0.5,0.4,0.6,1.0,0.5,27.600001,40,10,46.000001,69.000003,21.400001,1,1,1063,0,ilp_v2,optimal,1,12.727655,27.208683,0.467779,0.012031,0.0,,0.012031,0.015662,3,0,0
rho\set63\rho_0.4.py,rho,63,rho,0.4,2,5,5,0.5,0.5,0.4,0.6,1.0,0.5,27.600001,40,10,46.000001,69.000003,21.400001,1,1,1063,0,ilp_v3,optimal,1,12.727655,27.208683,0.467779,0.012968,0.0,,0.012968,0.016872,3,0,0
rho\set63\rho_0.4.py,rho,63,rho,0.4,2,5,5,0.5,0.5,0.4,0.6,1.0,0.5,27.600001,40,10,46.000001,69.000003,21.400001,1,1,1063,0,ilp_v4,optimal,1,16.771348,27.59538,0.607759,0.12322,0.0,,0.12322,0.127175,3,0,0
rho\set63\rho_0.4.py,rho,63,rho,0.4,2,5,5,0.5,0.5,0.4,0.6,1.0,0.5,27.600001,40,10,46.000001,69.000003,21.400001,1,1,1063,0,greedy_sps_baseline,infeasible,0,,46.000001,,0.000571,,over budget: E=46.0000 > B=27.6000,0.000571,0.000674,3,0,0
rho\set63\rho_0.5.py,rho,63,rho,0.5,2,5,5,0.5,0.5,0.5,0.6,1.0,0.5,34.500002,40,10,46.000001,69.000003,21.400001,1,1,1063,0,ilp_v2,optimal,1,25.1765,34.307631,0.733845,0.100533,0.0,,0.100533,0.107355,3,0,0
rho\set63\rho_0.5.py,rho,63,rho,0.5,2,5,5,0.5,0.5,0.5,0.6,1.0,0.5,34.500002,40,10,46.000001,69.000003,21.400001,1,1,1063,0,ilp_v3,optimal,1,34.580842,34.494012,1.002517,0.05797,0.0,,0.05797,0.061423,3,0,0
rho\set63\rho_0.5.py,rho,63,rho,0.5,2,5,5,0.5,0.5,0.5,0.6,1.0,0.5,34.500002,40,10,46.000001,69.000003,21.400001,1,1,1063,0,ilp_v4,optimal,1,37.712482,34.494623,1.093286,0.070672,3.3e-05,,0.070672,0.079448,3,0,0
rho\set63\rho_0.5.py,rho,63,rho,0.5,2,5,5,0.5,0.5,0.5,0.6,1.0,0.5,34.500002,40,10,46.000001,69.000003,21.400001,1,1,1063,0,greedy_sps_baseline,infeasible,0,,46.000001,,0.000343,,over budget: E=46.0000 > B=34.5000,0.000343,0.000912,3,0,0
rho\set63\rho_0.6.py,rho,63,rho,0.6,2,5,5,0.5,0.5,0.6,0.6,1.0,0.5,41.400002,40,10,46.000001,69.000003,21.400001,1,1,1063,0,ilp_v2,optimal,1,34.744846,40.486037,0.858193,0.127696,0.0,,0.127696,0.135726,3,0,0
rho\set63\rho_0.6.py,rho,63,rho,0.6,2,5,5,0.5,0.5,0.6,0.6,1.0,0.5,41.400002,40,10,46.000001,69.000003,21.400001,1,1,1063,0,ilp_v3,optimal,1,44.165077,41.175138,1.072615,0.012697,0.0,,0.012697,0.013141,3,0,0
rho\set63\rho_0.6.py,rho,63,rho,0.6,2,5,5,0.5,0.5,0.6,0.6,1.0,0.5,41.400002,40,10,46.000001,69.000003,21.400001,1,1,1063,0,ilp_v4,optimal,1,47.193691,40.527137,1.164496,0.022032,0.0,,0.022032,0.036077,3,0,0
rho\set63\rho_0.6.py,rho,63,rho,0.6,2,5,5,0.5,0.5,0.6,0.6,1.0,0.5,41.400002,40,10,46.000001,69.000003,21.400001,1,1,1063,0,greedy_sps_baseline,infeasible,0,,46.000001,,0.000279,,over budget: E=46.0000 > B=41.4000,0.000279,0.000444,3,0,0
rho\set63\rho_0.7.py,rho,63,rho,0.7,2,5,5,0.5,0.5,0.7,0.6,1.0,0.5,48.300002,40,10,46.000001,69.000003,21.400001,1,1,1063,0,ilp_v2,optimal,1,44.931224,48.22847,0.931633,0.164501,0.0,,0.164501,0.178158,3,0,0
rho\set63\rho_0.7.py,rho,63,rho,0.7,2,5,5,0.5,0.5,0.7,0.6,1.0,0.5,48.300002,40,10,46.000001,69.000003,21.400001,1,1,1063,0,ilp_v3,optimal,1,56.613922,48.266999,1.172932,0.038129,0.0,,0.038129,0.042036,3,0,0
rho\set63\rho_0.7.py,rho,63,rho,0.7,2,5,5,0.5,0.5,0.7,0.6,1.0,0.5,48.300002,40,10,46.000001,69.000003,21.400001,1,1,1063,0,ilp_v4,optimal,1,56.613922,48.092779,1.177181,0.030573,0.0,,0.030573,0.032231,3,0,0
rho\set63\rho_0.7.py,rho,63,rho,0.7,2,5,5,0.5,0.5,0.7,0.6,1.0,0.5,48.300002,40,10,46.000001,69.000003,21.400001,1,1,1063,0,greedy_sps_baseline,solved,1,5.567139,48.280232,0.115309,0.000948,,,0.000948,0.001083,3,0,0
rho\set63\rho_0.8.py,rho,63,rho,0.8,2,5,5,0.5,0.5,0.8,0.6,1.0,0.5,55.200003,40,10,46.000001,69.000003,21.400001,1,1,1063,0,ilp_v2,optimal,1,55.211166,54.337216,1.016084,0.015508,0.0,,0.015508,0.019256,3,0,0
rho\set63\rho_0.8.py,rho,63,rho,0.8,2,5,5,0.5,0.5,0.8,0.6,1.0,0.5,55.200003,40,10,46.000001,69.000003,21.400001,1,1,1063,0,ilp_v3,optimal,1,61.435589,54.990864,1.117196,0.007814,0.0,,0.007814,0.008244,3,0,0
rho\set63\rho_0.8.py,rho,63,rho,0.8,2,5,5,0.5,0.5,0.8,0.6,1.0,0.5,55.200003,40,10,46.000001,69.000003,21.400001,1,1,1063,0,ilp_v4,optimal,1,61.435589,54.168616,1.134155,0.023978,0.0,,0.023978,0.024235,3,0,0
rho\set63\rho_0.8.py,rho,63,rho,0.8,2,5,5,0.5,0.5,0.8,0.6,1.0,0.5,55.200003,40,10,46.000001,69.000003,21.400001,1,1,1063,0,greedy_sps_baseline,solved,1,24.98758,55.026099,0.454104,0.000825,,,0.000825,0.001212,3,0,0
rho\set63\rho_0.9.py,rho,63,rho,0.9,2,5,5,0.5,0.5,0.9,0.6,1.0,0.5,62.100003,40,10,46.000001,69.000003,21.400001,1,1,1063,0,ilp_v2,optimal,1,56.613922,56.900823,0.994958,0.007722,0.0,,0.007722,0.009613,3,0,0
rho\set63\rho_0.9.py,rho,63,rho,0.9,2,5,5,0.5,0.5,0.9,0.6,1.0,0.5,62.100003,40,10,46.000001,69.000003,21.400001,1,1,1063,0,ilp_v3,optimal,1,61.435589,61.408539,1.00044,0.004573,0.0,,0.004573,0.005096,3,0,0
rho\set63\rho_0.9.py,rho,63,rho,0.9,2,5,5,0.5,0.5,0.9,0.6,1.0,0.5,62.100003,40,10,46.000001,69.000003,21.400001,1,1,1063,0,ilp_v4,optimal,1,61.435589,61.408539,1.00044,0.012593,0.0,,0.012593,0.014089,3,0,0
rho\set63\rho_0.9.py,rho,63,rho,0.9,2,5,5,0.5,0.5,0.9,0.6,1.0,0.5,62.100003,40,10,46.000001,69.000003,21.400001,1,1,1063,0,greedy_sps_baseline,solved,1,42.762321,61.810283,0.691832,0.000984,,,0.000984,0.001096,3,0,0
rho\set63\rho_1.py,rho,63,rho,1,2,5,5,0.5,0.5,1.0,0.6,1.0,0.5,69.000003,40,10,46.000001,69.000003,21.400001,1,1,1063,0,ilp_v2,optimal,1,56.613922,63.780589,0.887636,0.002919,0.0,,0.002919,0.003489,3,0,0
rho\set63\rho_1.py,rho,63,rho,1,2,5,5,0.5,0.5,1.0,0.6,1.0,0.5,69.000003,40,10,46.000001,69.000003,21.400001,1,1,1063,0,ilp_v3,optimal,1,61.435589,61.956282,0.991596,0.004627,0.0,,0.004627,0.006326,3,0,0
rho\set63\rho_1.py,rho,63,rho,1,2,5,5,0.5,0.5,1.0,0.6,1.0,0.5,69.000003,40,10,46.000001,69.000003,21.400001,1,1,1063,0,ilp_v4,optimal,1,61.435589,61.956282,0.991596,0.012708,0.0,,0.012708,0.022668,3,0,0
rho\set63\rho_1.py,rho,63,rho,1,2,5,5,0.5,0.5,1.0,0.6,1.0,0.5,69.000003,40,10,46.000001,69.000003,21.400001,1,1,1063,0,greedy_sps_baseline,solved,1,55.211166,66.60343,0.828954,0.001119,,,0.001119,0.001233,3,0,0
rho\set64\rho_0.2.py,rho,64,rho,0.2,2,5,5,0.5,0.5,0.2,0.6,1.0,0.5,13.8,40,13,46.0,68.999998,21.433333,1,1,1064,0,ilp_v2,infeasible,0,,,,0.00296,,,0.00296,0.005725,3,0,0
rho\set64\rho_0.2.py,rho,64,rho,0.2,2,5,5,0.5,0.5,0.2,0.6,1.0,0.5,13.8,40,13,46.0,68.999998,21.433333,1,1,1064,0,ilp_v3,infeasible,0,,,,0.002283,,,0.002283,0.002671,3,0,0
rho\set64\rho_0.2.py,rho,64,rho,0.2,2,5,5,0.5,0.5,0.2,0.6,1.0,0.5,13.8,40,13,46.0,68.999998,21.433333,1,1,1064,0,ilp_v4,infeasible,0,,,,0.00231,,,0.00231,0.002767,3,0,0
rho\set64\rho_0.2.py,rho,64,rho,0.2,2,5,5,0.5,0.5,0.2,0.6,1.0,0.5,13.8,40,13,46.0,68.999998,21.433333,1,1,1064,0,greedy_sps_baseline,infeasible,0,,46.0,,0.00064,,over budget: E=46.0000 > B=13.8000,0.00064,0.001025,3,0,0
rho\set64\rho_0.3.py,rho,64,rho,0.3,2,5,5,0.5,0.5,0.3,0.6,1.0,0.5,20.699999,40,13,46.0,68.999998,21.433333,1,1,1064,0,ilp_v2,infeasible,0,,,,0.002237,,,0.002237,0.002995,3,0,0
rho\set64\rho_0.3.py,rho,64,rho,0.3,2,5,5,0.5,0.5,0.3,0.6,1.0,0.5,20.699999,40,13,46.0,68.999998,21.433333,1,1,1064,0,ilp_v3,infeasible,0,,,,0.002279,,,0.002279,0.002489,3,0,0
rho\set64\rho_0.3.py,rho,64,rho,0.3,2,5,5,0.5,0.5,0.3,0.6,1.0,0.5,20.699999,40,13,46.0,68.999998,21.433333,1,1,1064,0,ilp_v4,infeasible,0,,,,0.002383,,,0.002383,0.002692,3,0,0
rho\set64\rho_0.3.py,rho,64,rho,0.3,2,5,5,0.5,0.5,0.3,0.6,1.0,0.5,20.699999,40,13,46.0,68.999998,21.433333,1,1,1064,0,greedy_sps_baseline,infeasible,0,,46.0,,0.000328,,over budget: E=46.0000 > B=20.7000,0.000328,0.000412,3,0,0
rho\set64\rho_0.4.py,rho,64,rho,0.4,2,5,5,0.5,0.5,0.4,0.6,1.0,0.5,27.599999,40,13,46.0,68.999998,21.433333,1,1,1064,0,ilp_v2,optimal,1,14.787706,27.491603,0.537899,0.010039,0.0,,0.010039,0.013082,3,0,0
rho\set64\rho_0.4.py,rho,64,rho,0.4,2,5,5,0.5,0.5,0.4,0.6,1.0,0.5,27.599999,40,13,46.0,68.999998,21.433333,1,1,1064,0,ilp_v3,optimal,1,14.787706,27.491603,0.537899,0.01505,0.0,,0.01505,0.023035,3,0,0
rho\set64\rho_0.4.py,rho,64,rho,0.4,2,5,5,0.5,0.5,0.4,0.6,1.0,0.5,27.599999,40,13,46.0,68.999998,21.433333,1,1,1064,0,ilp_v4,optimal,1,21.974898,27.569457,0.797074,0.161962,0.0,,0.161962,0.183735,3,0,0
rho\set64\rho_0.4.py,rho,64,rho,0.4,2,5,5,0.5,0.5,0.4,0.6,1.0,0.5,27.599999,40,13,46.0,68.999998,21.433333,1,1,1064,0,greedy_sps_baseline,infeasible,0,,46.0,,0.000622,,over budget: E=46.0000 > B=27.6000,0.000622,0.000738,3,0,0
rho\set64\rho_0.5.py,rho,64,rho,0.5,2,5,5,0.5,0.5,0.5,0.6,1.0,0.5,34.499999,40,13,46.0,68.999998,21.433333,1,1,1064,0,ilp_v2,optimal,1,34.690196,33.821071,1.025698,0.020256,0.0,,0.020256,0.021667,3,0,0
rho\set64\rho_0.5.py,rho,64,rho,0.5,2,5,5,0.5,0.5,0.5,0.6,1.0,0.5,34.499999,40,13,46.0,68.999998,21.433333,1,1,1064,0,ilp_v3,optimal,1,34.690196,33.821071,1.025698,0.01752,0.0,,0.01752,0.022822,3,0,0
rho\set64\rho_0.5.py,rho,64,rho,0.5,2,5,5,0.5,0.5,0.5,0.6,1.0,0.5,34.499999,40,13,46.0,68.999998,21.433333,1,1,1064,0,ilp_v4,optimal,1,45.617902,34.463546,1.323657,0.145746,0.0,,0.145746,0.154826,3,0,0
rho\set64\rho_0.5.py,rho,64,rho,0.5,2,5,5,0.5,0.5,0.5,0.6,1.0,0.5,34.499999,40,13,46.0,68.999998,21.433333,1,1,1064,0,greedy_sps_baseline,infeasible,0,,46.0,,0.000649,,over budget: E=46.0000 > B=34.5000,0.000649,0.000784,3,0,0
rho\set64\rho_0.6.py,rho,64,rho,0.6,2,5,5,0.5,0.5,0.6,0.6,1.0,0.5,41.399999,40,13,46.0,68.999998,21.433333,1,1,1064,0,ilp_v2,optimal,1,47.627661,41.033571,1.1607,0.047921,0.0,,0.047921,0.051956,3,0,0
rho\set64\rho_0.6.py,rho,64,rho,0.6,2,5,5,0.5,0.5,0.6,0.6,1.0,0.5,41.399999,40,13,46.0,68.999998,21.433333,1,1,1064,0,ilp_v3,optimal,1,51.638309,41.39751,1.247377,0.094046,0.0,,0.094046,0.100215,3,0,0
rho\set64\rho_0.6.py,rho,64,rho,0.6,2,5,5,0.5,0.5,0.6,0.6,1.0,0.5,41.399999,40,13,46.0,68.999998,21.433333,1,1,1064,0,ilp_v4,optimal,1,62.656148,41.332744,1.515896,0.110137,0.0,,0.110137,0.122183,3,0,0
rho\set64\rho_0.6.py,rho,64,rho,0.6,2,5,5,0.5,0.5,0.6,0.6,1.0,0.5,41.399999,40,13,46.0,68.999998,21.433333,1,1,1064,0,greedy_sps_baseline,infeasible,0,,46.0,,0.000621,,over budget: E=46.0000 > B=41.4000,0.000621,0.000762,3,0,0
rho\set64\rho_0.7.py,rho,64,rho,0.7,2,5,5,0.5,0.5,0.7,0.6,1.0,0.5,48.299998,40,13,46.0,68.999998,21.433333,1,1,1064,0,ilp_v2,optimal,1,59.787684,48.223244,1.23981,0.026209,0.0,,0.026209,0.032574,3,0,0
rho\set64\rho_0.7.py,rho,64,rho,0.7,2,5,5,0.5,0.5,0.7,0.6,1.0,0.5,48.299998,40,13,46.0,68.999998,21.433333,1,1,1064,0,ilp_v3,optimal,1,71.50307,47.878149,1.493438,0.023843,9.8e-05,,0.023843,0.024647,3,0,0
rho\set64\rho_0.7.py,rho,64,rho,0.7,2,5,5,0.5,0.5,0.7,0.6,1.0,0.5,48.299998,40,13,46.0,68.999998,21.433333,1,1,1064,0,ilp_v4,optimal,1,71.50307,47.861091,1.493971,0.105763,0.0,,0.105763,0.12027,3,0,0
rho\set64\rho_0.7.py,rho,64,rho,0.7,2,5,5,0.5,0.5,0.7,0.6,1.0,0.5,48.299998,40,13,46.0,68.999998,21.433333,1,1,1064,0,greedy_sps_baseline,solved,1,7.996622,47.896148,0.166958,0.00219,,,0.00219,0.002524,3,0,0
rho\set64\rho_0.8.py,rho,64,rho,0.8,2,5,5,0.5,0.5,0.8,0.6,1.0,0.5,55.199998,40,13,46.0,68.999998,21.433333,1,1,1064,0,ilp_v2,optimal,1,69.329607,54.856971,1.263825,0.015266,0.0,,0.015266,0.017112,3,0,0
rho\set64\rho_0.8.py,rho,64,rho,0.8,2,5,5,0.5,0.5,0.8,0.6,1.0,0.5,55.199998,40,13,46.0,68.999998,21.433333,1,1,1064,0,ilp_v3,optimal,1,73.676533,55.010493,1.339318,0.01242,0.0,,0.01242,0.01349,3,0,0
rho\set64\rho_0.8.py,rho,64,rho,0.8,2,5,5,0.5,0.5,0.8,0.6,1.0,0.5,55.199998,40,13,46.0,68.999998,21.433333,1,1,1064,0,ilp_v4,optimal,1,73.676533,55.180242,1.335198,0.064256,0.0,,0.064256,0.07841,3,0,0
rho\set64\rho_0.8.py,rho,64,rho,0.8,2,5,5,0.5,0.5,0.8,0.6,1.0,0.5,55.199998,40,13,46.0,68.999998,21.433333,1,1,1064,0,greedy_sps_baseline,solved,1,32.663148,54.761392,0.596463,0.00347,,,0.00347,0.005829,3,0,0
rho\set64\rho_0.9.py,rho,64,rho,0.9,2,5,5,0.5,0.5,0.9,0.6,1.0,0.5,62.099998,40,13,46.0,68.999998,21.433333,1,1,1064,0,ilp_v2,optimal,1,73.676533,58.005398,1.270167,0.003141,0.0,,0.003141,0.00577,3,0,0
rho\set64\rho_0.9.py,rho,64,rho,0.9,2,5,5,0.5,0.5,0.9,0.6,1.0,0.5,62.099998,40,13,46.0,68.999998,21.433333,1,1,1064,0,ilp_v3,optimal,1,73.676533,60.890456,1.209985,0.006537,0.0,,0.006537,0.008323,3,0,0
rho\set64\rho_0.9.py,rho,64,rho,0.9,2,5,5,0.5,0.5,0.9,0.6,1.0,0.5,62.099998,40,13,46.0,68.999998,21.433333,1,1,1064,0,ilp_v4,optimal,1,73.676533,61.88657,1.190509,0.031461,0.0,,0.031461,0.042247,3,0,0
rho\set64\rho_0.9.py,rho,64,rho,0.9,2,5,5,0.5,0.5,0.9,0.6,1.0,0.5,62.099998,40,13,46.0,68.999998,21.433333,1,1,1064,0,greedy_sps_baseline,solved,1,55.440758,61.497062,0.901519,0.002236,,,0.002236,0.003455,3,0,0
rho\set64\rho_1.py,rho,64,rho,1,2,5,5,0.5,0.5,1.0,0.6,1.0,0.5,68.999998,40,13,46.0,68.999998,21.433333,1,1,1064,0,ilp_v2,optimal,1,73.676533,64.087594,1.149622,0.003329,0.0,,0.003329,0.005052,3,0,0
rho\set64\rho_1.py,rho,64,rho,1,2,5,5,0.5,0.5,1.0,0.6,1.0,0.5,68.999998,40,13,46.0,68.999998,21.433333,1,1,1064,0,ilp_v3,optimal,1,73.676533,68.999998,1.067776,0.0046,0.0,,0.0046,0.007743,3,0,0
rho\set64\rho_1.py,rho,64,rho,1,2,5,5,0.5,0.5,1.0,0.6,1.0,0.5,68.999998,40,13,46.0,68.999998,21.433333,1,1,1064,0,ilp_v4,optimal,1,73.676533,68.999998,1.067776,0.021726,0.0,,0.021726,0.024259,3,0,0
rho\set64\rho_1.py,rho,64,rho,1,2,5,5,0.5,0.5,1.0,0.6,1.0,0.5,68.999998,40,13,46.0,68.999998,21.433333,1,1,1064,0,greedy_sps_baseline,solved,1,73.676533,68.999998,1.067776,0.004448,,,0.004448,0.004477,3,0,0
rho\set65\rho_0.2.py,rho,65,rho,0.2,2,5,5,0.5,0.5,0.2,0.6,1.0,0.5,13.8,40,13,45.999997,68.999999,21.433332,1,1,1065,0,ilp_v2,infeasible,0,,,,0.004924,,,0.004924,0.008213,3,0,0
rho\set65\rho_0.2.py,rho,65,rho,0.2,2,5,5,0.5,0.5,0.2,0.6,1.0,0.5,13.8,40,13,45.999997,68.999999,21.433332,1,1,1065,0,ilp_v3,infeasible,0,,,,0.005255,,,0.005255,0.008981,3,0,0
rho\set65\rho_0.2.py,rho,65,rho,0.2,2,5,5,0.5,0.5,0.2,0.6,1.0,0.5,13.8,40,13,45.999997,68.999999,21.433332,1,1,1065,0,ilp_v4,infeasible,0,,,,0.005382,,,0.005382,0.005924,3,0,0
rho\set65\rho_0.2.py,rho,65,rho,0.2,2,5,5,0.5,0.5,0.2,0.6,1.0,0.5,13.8,40,13,45.999997,68.999999,21.433332,1,1,1065,0,greedy_sps_baseline,infeasible,0,,45.999997,,0.000606,,over budget: E=46.0000 > B=13.8000,0.000606,0.000709,3,0,0
rho\set65\rho_0.3.py,rho,65,rho,0.3,2,5,5,0.5,0.5,0.3,0.6,1.0,0.5,20.7,40,13,45.999997,68.999999,21.433332,1,1,1065,0,ilp_v2,infeasible,0,,,,0.005078,,,0.005078,0.005259,3,0,0
rho\set65\rho_0.3.py,rho,65,rho,0.3,2,5,5,0.5,0.5,0.3,0.6,1.0,0.5,20.7,40,13,45.999997,68.999999,21.433332,1,1,1065,0,ilp_v3,infeasible,0,,,,0.005068,,,0.005068,0.005165,3,0,0
rho\set65\rho_0.3.py,rho,65,rho,0.3,2,5,5,0.5,0.5,0.3,0.6,1.0,0.5,20.7,40,13,45.999997,68.999999,21.433332,1,1,1065,0,ilp_v4,infeasible,0,,,,0.005213,,,0.005213,0.005261,3,0,0
rho\set65\rho_0.3.py,rho,65,rho,0.3,2,5,5,0.5,0.5,0.3,0.6,1.0,0.5,20.7,40,13,45.999997,68.999999,21.433332,1,1,1065,0,greedy_sps_baseline,infeasible,0,,45.999997,,0.000607,,over budget: E=46.0000 > B=20.7000,0.000607,0.000669,3,0,0
rho\set65\rho_0.4.py,rho,65,rho,0.4,2,5,5,0.5,0.5,0.4,0.6,1.0,0.5,27.6,40,13,45.999997,68.999999,21.433332,1,1,1065,0,ilp_v2,optimal,1,17.694871,27.538212,0.642557,0.130536,0.0,,0.130536,0.141422,3,0,0
rho\set65\rho_0.4.py,rho,65,rho,0.4,2,5,5,0.5,0.5,0.4,0.6,1.0,0.5,27.6,40,13,45.999997,68.999999,21.433332,1,1,1065,0,ilp_v3,optimal,1,17.694871,27.538212,0.642557,0.136719,0.0,,0.136719,0.140509,3,0,0
rho\set65\rho_0.4.py,rho,65,rho,0.4,2,5,5,0.5,0.5,0.4,0.6,1.0,0.5,27.6,40,13,45.999997,68.999999,21.433332,1,1,1065,0,ilp_v4,optimal,1,18.194989,27.566321,0.660044,0.169963,0.0,,0.169963,0.179969,3,0,0
rho\set65\rho_0.4.py,rho,65,rho,0.4,2,5,5,0.5,0.5,0.4,0.6,1.0,0.5,27.6,40,13,45.999997,68.999999,21.433332,1,1,1065,0,greedy_sps_baseline,infeasible,0,,45.999997,,0.00033,,over budget: E=46.0000 > B=27.6000,0.00033,0.000455,3,0,0
rho\set65\rho_0.5.py,rho,65,rho,0.5,2,5,5,0.5,0.5,0.5,0.6,1.0,0.5,34.499999,40,13,45.999997,68.999999,21.433332,1,1,1065,0,ilp_v2,optimal,1,32.036514,34.485659,0.928981,0.115564,0.0,,0.115564,0.12426,3,0,0
rho\set65\rho_0.5.py,rho,65,rho,0.5,2,5,5,0.5,0.5,0.5,0.6,1.0,0.5,34.499999,40,13,45.999997,68.999999,21.433332,1,1,1065,0,ilp_v3,optimal,1,32.036514,34.485659,0.928981,0.121145,0.0,,0.121145,0.125517,3,0,0
rho\set65\rho_0.5.py,rho,65,rho,0.5,2,5,5,0.5,0.5,0.5,0.6,1.0,0.5,34.499999,40,13,45.999997,68.999999,21.433332,1,1,1065,0,ilp_v4,optimal,1,31.719413,34.498787,0.919436,0.45188,0.0,,0.45188,0.492502,3,0,0
rho\set65\rho_0.5.py,rho,65,rho,0.5,2,5,5,0.5,0.5,0.5,0.6,1.0,0.5,34.499999,40,13,45.999997,68.999999,21.433332,1,1,1065,0,greedy_sps_baseline,infeasible,0,,45.999997,,0.000658,,over budget: E=46.0000 > B=34.5000,0.000658,0.000876,3,0,0
rho\set65\rho_0.6.py,rho,65,rho,0.6,2,5,5,0.5,0.5,0.6,0.6,1.0,0.5,41.399999,40,13,45.999997,68.999999,21.433332,1,1,1065,0,ilp_v2,optimal,1,45.403495,41.1532,1.10328,0.023984,0.0,,0.023984,0.029464,3,0,0
rho\set65\rho_0.6.py,rho,65,rho,0.6,2,5,5,0.5,0.5,0.6,0.6,1.0,0.5,41.399999,40,13,45.999997,68.999999,21.433332,1,1,1065,0,ilp_v3,optimal,1,41.530962,41.364363,1.004028,0.026294,0.0,,0.026294,0.027735,3,0,0
rho\set65\rho_0.6.py,rho,65,rho,0.6,2,5,5,0.5,0.5,0.6,0.6,1.0,0.5,41.399999,40,13,45.999997,68.999999,21.433332,1,1,1065,0,ilp_v4,optimal,1,45.436999,41.391325,1.097742,0.370829,0.0,,0.370829,0.398111,3,0,0
rho\set65\rho_0.6.py,rho,65,rho,0.6,2,5,5,0.5,0.5,0.6,0.6,1.0,0.5,41.399999,40,13,45.999997,68.999999,21.433332,1,1,1065,0,greedy_sps_baseline,infeasible,0,,45.999997,,0.000639,,over budget: E=46.0000 > B=41.4000,0.000639,0.000836,3,0,0
rho\set65\rho_0.7.py,rho,65,rho,0.7,2,5,5,0.5,0.5,0.7,0.6,1.0,0.5,48.299999,40,13,45.999997,68.999999,21.433332,1,1,1065,0,ilp_v2,optimal,1,55.882342,48.147795,1.160642,0.022225,0.0,,0.022225,0.022944,3,0,0
rho\set65\rho_0.7.py,rho,65,rho,0.7,2,5,5,0.5,0.5,0.7,0.6,1.0,0.5,48.299999,40,13,45.999997,68.999999,21.433332,1,1,1065,0,ilp_v3,optimal,1,51.577783,48.204584,1.069977,0.058574,7.7e-05,,0.058574,0.06291,3,0,0
rho\set65\rho_0.7.py,rho,65,rho,0.7,2,5,5,0.5,0.5,0.7,0.6,1.0,0.5,48.299999,40,13,45.999997,68.999999,21.433332,1,1,1065,0,ilp_v4,optimal,1,56.603817,48.261418,1.172859,0.182015,0.0,,0.182015,0.189119,3,0,0
rho\set65\rho_0.7.py,rho,65,rho,0.7,2,5,5,0.5,0.5,0.7,0.6,1.0,0.5,48.299999,40,13,45.999997,68.999999,21.433332,1,1,1065,0,greedy_sps_baseline,solved,1,7.320546,48.152438,0.152029,0.002017,,,0.002017,0.002286,3,0,0
rho\set65\rho_0.8.py,rho,65,rho,0.8,2,5,5,0.5,0.5,0.8,0.6,1.0,0.5,55.199999,40,13,45.999997,68.999999,21.433332,1,1,1065,0,ilp_v2,optimal,1,60.060778,54.706193,1.097879,0.011176,0.0,,0.011176,0.013716,3,0,0
rho\set65\rho_0.8.py,rho,65,rho,0.8,2,5,5,0.5,0.5,0.8,0.6,1.0,0.5,55.199999,40,13,45.999997,68.999999,21.433332,1,1,1065,0,ilp_v3,optimal,1,52.60233,52.755557,0.997096,0.009581,0.0,,0.009581,0.01318,3,0,0
rho\set65\rho_0.8.py,rho,65,rho,0.8,2,5,5,0.5,0.5,0.8,0.6,1.0,0.5,55.199999,40,13,45.999997,68.999999,21.433332,1,1,1065,0,ilp_v4,optimal,1,60.060778,54.433986,1.103369,0.063265,0.0,,0.063265,0.077246,3,0,0
rho\set65\rho_0.8.py,rho,65,rho,0.8,2,5,5,0.5,0.5,0.8,0.6,1.0,0.5,55.199999,40,13,45.999997,68.999999,21.433332,1,1,1065,0,greedy_sps_baseline,solved,1,25.067804,54.899036,0.456616,0.004906,,,0.004906,0.00517,3,0,0
rho\set65\rho_0.9.py,rho,65,rho,0.9,2,5,5,0.5,0.5,0.9,0.6,1.0,0.5,62.099999,40,13,45.999997,68.999999,21.433332,1,1,1065,0,ilp_v2,optimal,1,60.060778,55.402755,1.084076,0.007329,0.0,,0.007329,0.008682,3,0,0
rho\set65\rho_0.9.py,rho,65,rho,0.9,2,5,5,0.5,0.5,0.9,0.6,1.0,0.5,62.099999,40,13,45.999997,68.999999,21.433332,1,1,1065,0,ilp_v3,optimal,1,60.060778,60.994792,0.984687,0.007387,0.0,,0.007387,0.008847,3,0,0
rho\set65\rho_0.9.py,rho,65,rho,0.9,2,5,5,0.5,0.5,0.9,0.6,1.0,0.5,62.099999,40,13,45.999997,68.999999,21.433332,1,1,1065,0,ilp_v4,optimal,1,60.060778,59.436861,1.010497,0.026876,0.0,,0.026876,0.028059,3,0,0
rho\set65\rho_0.9.py,rho,65,rho,0.9,2,5,5,0.5,0.5,0.9,0.6,1.0,0.5,62.099999,40,13,45.999997,68.999999,21.433332,1,1,1065,0,greedy_sps_baseline,solved,1,43.386272,61.810305,0.701926,0.003331,,,0.003331,0.003632,3,0,0
rho\set65\rho_1.py,rho,65,rho,1,2,5,5,0.5,0.5,1.0,0.6,1.0,0.5,68.999999,40,13,45.999997,68.999999,21.433332,1,1,1065,0,ilp_v2,optimal,1,60.060778,68.999999,0.870446,0.004217,0.0,,0.004217,0.004994,3,0,0
rho\set65\rho_1.py,rho,65,rho,1,2,5,5,0.5,0.5,1.0,0.6,1.0,0.5,68.999999,40,13,45.999997,68.999999,21.433332,1,1,1065,0,ilp_v3,optimal,1,57.627608,68.003082,0.847426,0.005967,0.0,,0.005967,0.006556,3,0,0
rho\set65\rho_1.py,rho,65,rho,1,2,5,5,0.5,0.5,1.0,0.6,1.0,0.5,68.999999,40,13,45.999997,68.999999,21.433332,1,1,1065,0,ilp_v4,optimal,1,60.060778,68.999999,0.870446,0.014261,0.0,,0.014261,0.02629,3,0,0
rho\set65\rho_1.py,rho,65,rho,1,2,5,5,0.5,0.5,1.0,0.6,1.0,0.5,68.999999,40,13,45.999997,68.999999,21.433332,1,1,1065,0,greedy_sps_baseline,solved,1,60.060778,68.999999,0.870446,0.005803,,,0.005803,0.005971,3,0,0
rho\set66\rho_0.2.py,rho,66,rho,0.2,2,5,5,0.5,0.5,0.2,0.6,1.0,0.5,13.8,40,9,45.999999,68.999999,26.130769,1,1,1066,0,ilp_v2,infeasible,0,,,,0.00157,,,0.00157,0.001878,3,0,0
rho\set66\rho_0.2.py,rho,66,rho,0.2,2,5,5,0.5,0.5,0.2,0.6,1.0,0.5,13.8,40,9,45.999999,68.999999,26.130769,1,1,1066,0,ilp_v3,infeasible,0,,,,0.001528,,,0.001528,0.001661,3,0,0
rho\set66\rho_0.2.py,rho,66,rho,0.2,2,5,5,0.5,0.5,0.2,0.6,1.0,0.5,13.8,40,9,45.999999,68.999999,26.130769,1,1,1066,0,ilp_v4,infeasible,0,,,,0.001563,,,0.001563,0.003849,3,0,0
rho\set66\rho_0.2.py,rho,66,rho,0.2,2,5,5,0.5,0.5,0.2,0.6,1.0,0.5,13.8,40,9,45.999999,68.999999,26.130769,1,1,1066,0,greedy_sps_baseline,infeasible,0,,45.999999,,0.000536,,over budget: E=46.0000 > B=13.8000,0.000536,0.000648,3,0,0
rho\set66\rho_0.3.py,rho,66,rho,0.3,2,5,5,0.5,0.5,0.3,0.6,1.0,0.5,20.7,40,9,45.999999,68.999999,26.130769,1,1,1066,0,ilp_v2,infeasible,0,,,,0.001967,,,0.001967,0.002422,3,0,0
rho\set66\rho_0.3.py,rho,66,rho,0.3,2,5,5,0.5,0.5,0.3,0.6,1.0,0.5,20.7,40,9,45.999999,68.999999,26.130769,1,1,1066,0,ilp_v3,infeasible,0,,,,0.001711,,,0.001711,0.004496,3,0,0
rho\set66\rho_0.3.py,rho,66,rho,0.3,2,5,5,0.5,0.5,0.3,0.6,1.0,0.5,20.7,40,9,45.999999,68.999999,26.130769,1,1,1066,0,ilp_v4,infeasible,0,,,,0.003288,,,0.003288,0.004487,3,0,0
rho\set66\rho_0.3.py,rho,66,rho,0.3,2,5,5,0.5,0.5,0.3,0.6,1.0,0.5,20.7,40,9,45.999999,68.999999,26.130769,1,1,1066,0,greedy_sps_baseline,infeasible,0,,45.999999,,0.000554,,over budget: E=46.0000 > B=20.7000,0.000554,0.000632,3,0,0
rho\set66\rho_0.4.py,rho,66,rho,0.4,2,5,5,0.5,0.5,0.4,0.6,1.0,0.5,27.6,40,9,45.999999,68.999999,26.130769,1,1,1066,0,ilp_v2,infeasible,0,,,,0.003248,,,0.003248,0.003749,3,0,0
rho\set66\rho_0.4.py,rho,66,rho,0.4,2,5,5,0.5,0.5,0.4,0.6,1.0,0.5,27.6,40,9,45.999999,68.999999,26.130769,1,1,1066,0,ilp_v3,optimal,1,6.752997,27.59369,0.24473,0.011144,0.0,,0.011144,0.011727,3,0,0
rho\set66\rho_0.4.py,rho,66,rho,0.4,2,5,5,0.5,0.5,0.4,0.6,1.0,0.5,27.6,40,9,45.999999,68.999999,26.130769,1,1,1066,0,ilp_v4,infeasible,0,,,,0.00821,,,0.00821,0.009719,3,0,0
rho\set66\rho_0.4.py,rho,66,rho,0.4,2,5,5,0.5,0.5,0.4,0.6,1.0,0.5,27.6,40,9,45.999999,68.999999,26.130769,1,1,1066,0,greedy_sps_baseline,infeasible,0,,45.999999,,0.000613,,over budget: E=46.0000 > B=27.6000,0.000613,0.000769,3,0,0
rho\set66\rho_0.5.py,rho,66,rho,0.5,2,5,5,0.5,0.5,0.5,0.6,1.0,0.5,34.499999,40,9,45.999999,68.999999,26.130769,1,1,1066,0,ilp_v2,optimal,1,31.786896,34.261446,0.927774,0.020772,9.7e-05,,0.020772,0.023737,3,0,0
rho\set66\rho_0.5.py,rho,66,rho,0.5,2,5,5,0.5,0.5,0.5,0.6,1.0,0.5,34.499999,40,9,45.999999,68.999999,26.130769,1,1,1066,0,ilp_v3,optimal,1,35.494189,32.987553,1.075987,0.009094,0.0,,0.009094,0.010162,3,0,0
rho\set66\rho_0.5.py,rho,66,rho,0.5,2,5,5,0.5,0.5,0.5,0.6,1.0,0.5,34.499999,40,9,45.999999,68.999999,26.130769,1,1,1066,0,ilp_v4,optimal,1,37.166757,34.058941,1.091248,0.060708,0.0,,0.060708,0.062636,3,0,0
rho\set66\rho_0.5.py,rho,66,rho,0.5,2,5,5,0.5,0.5,0.5,0.6,1.0,0.5,34.499999,40,9,45.999999,68.999999,26.130769,1,1,1066,0,greedy_sps_baseline,infeasible,0,,45.999999,,0.0005,,over budget: E=46.0000 > B=34.5000,0.0005,0.000634,3,0,0
rho\set66\rho_0.6.py,rho,66,rho,0.6,2,5,5,0.5,0.5,0.6,0.6,1.0,0.5,41.399999,40,9,45.999999,68.999999,26.130769,1,1,1066,0,ilp_v2,optimal,1,37.464481,41.355434,0.905914,0.010492,0.0,,0.010492,0.012474,3,0,0
rho\set66\rho_0.6.py,rho,66,rho,0.6,2,5,5,0.5,0.5,0.6,0.6,1.0,0.5,41.399999,40,9,45.999999,68.999999,26.130769,1,1,1066,0,ilp_v3,optimal,1,49.833638,41.373107,1.204493,0.017318,0.0,,0.017318,0.019012,3,0,0
rho\set66\rho_0.6.py,rho,66,rho,0.6,2,5,5,0.5,0.5,0.6,0.6,1.0,0.5,41.399999,40,9,45.999999,68.999999,26.130769,1,1,1066,0,ilp_v4,optimal,1,59.904333,41.389487,1.447332,0.064526,0.0,,0.064526,0.066509,3,0,0
rho\set66\rho_0.6.py,rho,66,rho,0.6,2,5,5,0.5,0.5,0.6,0.6,1.0,0.5,41.399999,40,9,45.999999,68.999999,26.130769,1,1,1066,0,greedy_sps_baseline,infeasible,0,,45.999999,,0.000492,,over budget: E=46.0000 > B=41.4000,0.000492,0.000698,3,0,0
rho\set66\rho_0.7.py,rho,66,rho,0.7,2,5,5,0.5,0.5,0.7,0.6,1.0,0.5,48.299999,40,9,45.999999,68.999999,26.130769,1,1,1066,0,ilp_v2,optimal,1,58.979827,48.114642,1.225819,0.011708,0.0,,0.011708,0.01263,3,0,0
rho\set66\rho_0.7.py,rho,66,rho,0.7,2,5,5,0.5,0.5,0.7,0.6,1.0,0.5,48.299999,40,9,45.999999,68.999999,26.130769,1,1,1066,0,ilp_v3,optimal,1,63.268883,48.265936,1.310839,0.029663,0.0,,0.029663,0.032871,3,0,0
rho\set66\rho_0.7.py,rho,66,rho,0.7,2,5,5,0.5,0.5,0.7,0.6,1.0,0.5,48.299999,40,9,45.999999,68.999999,26.130769,1,1,1066,0,ilp_v4,optimal,1,63.268883,48.271496,1.310688,0.054043,0.0,,0.054043,0.055403,3,0,0
rho\set66\rho_0.7.py,rho,66,rho,0.7,2,5,5,0.5,0.5,0.7,0.6,1.0,0.5,48.299999,40,9,45.999999,68.999999,26.130769,1,1,1066,0,greedy_sps_baseline,solved,1,6.251695,48.219238,0.129651,0.000979,,,0.000979,0.001403,3,0,0
rho\set66\rho_0.8.py,rho,66,rho,0.8,2,5,5,0.5,0.5,0.8,0.6,1.0,0.5,55.199999,40,9,45.999999,68.999999,26.130769,1,1,1066,0,ilp_v2,optimal,1,62.44155,55.149445,1.132224,0.013206,0.0,,0.013206,0.015988,3,0,0
rho\set66\rho_0.8.py,rho,66,rho,0.8,2,5,5,0.5,0.5,0.8,0.6,1.0,0.5,55.199999,40,9,45.999999,68.999999,26.130769,1,1,1066,0,ilp_v3,optimal,1,66.827369,54.682507,1.222098,0.00733,0.0,,0.00733,0.007771,3,0,0
rho\set66\rho_0.8.py,rho,66,rho,0.8,2,5,5,0.5,0.5,0.8,0.6,1.0,0.5,55.199999,40,9,45.999999,68.999999,26.130769,1,1,1066,0,ilp_v4,optimal,1,66.827369,51.151934,1.306449,0.021425,0.0,,0.021425,0.02455,3,0,0
rho\set66\rho_0.8.py,rho,66,rho,0.8,2,5,5,0.5,0.5,0.8,0.6,1.0,0.5,55.199999,40,9,45.999999,68.999999,26.130769,1,1,1066,0,greedy_sps_baseline,solved,1,31.257179,54.743957,0.57097,0.001531,,,0.001531,0.001824,3,0,0
rho\set66\rho_0.9.py,rho,66,rho,0.9,2,5,5,0.5,0.5,0.9,0.6,1.0,0.5,62.099999,40,9,45.999999,68.999999,26.130769,1,1,1066,0,ilp_v2,optimal,1,64.442539,58.190855,1.107434,0.007332,0.0,,0.007332,0.007894,3,0,0
rho\set66\rho_0.9.py,rho,66,rho,0.9,2,5,5,0.5,0.5,0.9,0.6,1.0,0.5,62.099999,40,9,45.999999,68.999999,26.130769,1,1,1066,0,ilp_v3,optimal,1,64.442539,58.190855,1.107434,0.0064,0.0,,0.0064,0.006945,3,0,0
rho\set66\rho_0.9.py,rho,66,rho,0.9,2,5,5,0.5,0.5,0.9,0.6,1.0,0.5,62.099999,40,9,45.999999,68.999999,26.130769,1,1,1066,0,ilp_v4,optimal,1,66.827369,56.672454,1.179186,0.014653,0.0,,0.014653,0.016563,3,0,0
rho\set66\rho_0.9.py,rho,66,rho,0.9,2,5,5,0.5,0.5,0.9,0.6,1.0,0.5,62.099999,40,9,45.999999,68.999999,26.130769,1,1,1066,0,greedy_sps_baseline,solved,1,57.061582,61.803167,0.923279,0.001034,,,0.001034,0.001158,3,0,0
rho\set66\rho_1.py,rho,66,rho,1,2,5,5,0.5,0.5,1.0,0.6,1.0,0.5,68.999999,40,9,45.999999,68.999999,26.130769,1,1,1066,0,ilp_v2,optimal,1,64.442539,61.400703,1.049541,0.004528,0.0,,0.004528,0.006424,3,0,0
rho\set66\rho_1.py,rho,66,rho,1,2,5,5,0.5,0.5,1.0,0.6,1.0,0.5,68.999999,40,9,45.999999,68.999999,26.130769,1,1,1066,0,ilp_v3,optimal,1,66.827369,68.9707,0.968924,0.00387,0.0,,0.00387,0.004564,3,0,0
rho\set66\rho_1.py,rho,66,rho,1,2,5,5,0.5,0.5,1.0,0.6,1.0,0.5,68.999999,40,9,45.999999,68.999999,26.130769,1,1,1066,0,ilp_v4,optimal,1,66.827369,59.899313,1.115662,0.009917,0.0,,0.009917,0.010456,3,0,0
rho\set66\rho_1.py,rho,66,rho,1,2,5,5,0.5,0.5,1.0,0.6,1.0,0.5,68.999999,40,9,45.999999,68.999999,26.130769,1,1,1066,0,greedy_sps_baseline,solved,1,60.20195,63.844903,0.942941,0.001643,,,0.001643,0.001749,3,0,0
rho\set67\rho_0.2.py,rho,67,rho,0.2,2,5,5,0.5,0.5,0.2,0.6,1.0,0.5,13.800001,40,11,45.999998,69.000003,21.399999,1,1,1067,0,ilp_v2,infeasible,0,,,,0.002096,,,0.002096,0.002626,3,0,0
rho\set67\rho_0.2.py,rho,67,rho,0.2,2,5,5,0.5,0.5,0.2,0.6,1.0,0.5,13.800001,40,11,45.999998,69.000003,21.399999,1,1,1067,0,ilp_v3,infeasible,0,,,,0.001873,,,0.001873,0.002209,3,0,0
rho\set67\rho_0.2.py,rho,67,rho,0.2,2,5,5,0.5,0.5,0.2,0.6,1.0,0.5,13.800001,40,11,45.999998,69.000003,21.399999,1,1,1067,0,ilp_v4,infeasible,0,,,,0.002088,,,0.002088,0.00304,3,0,0
rho\set67\rho_0.2.py,rho,67,rho,0.2,2,5,5,0.5,0.5,0.2,0.6,1.0,0.5,13.800001,40,11,45.999998,69.000003,21.399999,1,1,1067,0,greedy_sps_baseline,infeasible,0,,45.999998,,0.000291,,over budget: E=46.0000 > B=13.8000,0.000291,0.000409,3,0,0
rho\set67\rho_0.3.py,rho,67,rho,0.3,2,5,5,0.5,0.5,0.3,0.6,1.0,0.5,20.700001,40,11,45.999998,69.000003,21.399999,1,1,1067,0,ilp_v2,infeasible,0,,,,0.001875,,,0.001875,0.002777,3,0,0
rho\set67\rho_0.3.py,rho,67,rho,0.3,2,5,5,0.5,0.5,0.3,0.6,1.0,0.5,20.700001,40,11,45.999998,69.000003,21.399999,1,1,1067,0,ilp_v3,infeasible,0,,,,0.001863,,,0.001863,0.002317,3,0,0
rho\set67\rho_0.3.py,rho,67,rho,0.3,2,5,5,0.5,0.5,0.3,0.6,1.0,0.5,20.700001,40,11,45.999998,69.000003,21.399999,1,1,1067,0,ilp_v4,infeasible,0,,,,0.001923,,,0.001923,0.005953,3,0,0
rho\set67\rho_0.3.py,rho,67,rho,0.3,2,5,5,0.5,0.5,0.3,0.6,1.0,0.5,20.700001,40,11,45.999998,69.000003,21.399999,1,1,1067,0,greedy_sps_baseline,infeasible,0,,45.999998,,0.000284,,over budget: E=46.0000 > B=20.7000,0.000284,0.000417,3,0,0
rho\set67\rho_0.4.py,rho,67,rho,0.4,2,5,5,0.5,0.5,0.4,0.6,1.0,0.5,27.600001,40,11,45.999998,69.000003,21.399999,1,1,1067,0,ilp_v2,infeasible,0,,,,0.002272,,,0.002272,0.004216,3,0,0
rho\set67\rho_0.4.py,rho,67,rho,0.4,2,5,5,0.5,0.5,0.4,0.6,1.0,0.5,27.600001,40,11,45.999998,69.000003,21.399999,1,1,1067,0,ilp_v3,infeasible,0,,,,0.002495,,,0.002495,0.00312,3,0,0
rho\set67\rho_0.4.py,rho,67,rho,0.4,2,5,5,0.5,0.5,0.4,0.6,1.0,0.5,27.600001,40,11,45.999998,69.000003,21.399999,1,1,1067,0,ilp_v4,infeasible,0,,,,0.007115,,,0.007115,0.007451,3,0,0
rho\set67\rho_0.4.py,rho,67,rho,0.4,2,5,5,0.5,0.5,0.4,0.6,1.0,0.5,27.600001,40,11,45.999998,69.000003,21.399999,1,1,1067,0,greedy_sps_baseline,infeasible,0,,45.999998,,0.000481,,over budget: E=46.0000 > B=27.6000,0.000481,0.000605,3,0,0
rho\set67\rho_0.5.py,rho,67,rho,0.5,2,5,5,0.5,0.5,0.5,0.6,1.0,0.5,34.500002,40,11,45.999998,69.000003,21.399999,1,1,1067,0,ilp_v2,optimal,1,13.255616,34.468849,0.384568,0.020037,0.0,,0.020037,0.028443,3,0,0
rho\set67\rho_0.5.py,rho,67,rho,0.5,2,5,5,0.5,0.5,0.5,0.6,1.0,0.5,34.500002,40,11,45.999998,69.000003,21.399999,1,1,1067,0,ilp_v3,optimal,1,13.255616,34.468849,0.384568,0.022498,0.0,,0.022498,0.026908,3,0,0
rho\set67\rho_0.5.py,rho,67,rho,0.5,2,5,5,0.5,0.5,0.5,0.6,1.0,0.5,34.500002,40,11,45.999998,69.000003,21.399999,1,1,1067,0,ilp_v4,optimal,1,36.627251,34.292134,1.068095,0.074218,0.0,,0.074218,0.076687,3,0,0
rho\set67\rho_0.5.py,rho,67,rho,0.5,2,5,5,0.5,0.5,0.5,0.6,1.0,0.5,34.500002,40,11,45.999998,69.000003,21.399999,1,1,1067,0,greedy_sps_baseline,infeasible,0,,45.999998,,0.000587,,over budget: E=46.0000 > B=34.5000,0.000587,0.000745,3,0,0
rho\set67\rho_0.6.py,rho,67,rho,0.6,2,5,5,0.5,0.5,0.6,0.6,1.0,0.5,41.400002,40,11,45.999998,69.000003,21.399999,1,1,1067,0,ilp_v2,optimal,1,31.234732,41.331748,0.755708,0.023987,0.0,,0.023987,0.041355,3,0,0
rho\set67\rho_0.6.py,rho,67,rho,0.6,2,5,5,0.5,0.5,0.6,0.6,1.0,0.5,41.400002,40,11,45.999998,69.000003,21.399999,1,1,1067,0,ilp_v3,optimal,1,31.234732,41.331748,0.755708,0.023938,0.0,,0.023938,0.02529,3,0,0
rho\set67\rho_0.6.py,rho,67,rho,0.6,2,5,5,0.5,0.5,0.6,0.6,1.0,0.5,41.400002,40,11,45.999998,69.000003,21.399999,1,1,1067,0,ilp_v4,optimal,1,40.050397,41.351241,0.968542,0.050149,0.0,,0.050149,0.050949,3,0,0
rho\set67\rho_0.6.py,rho,67,rho,0.6,2,5,5,0.5,0.5,0.6,0.6,1.0,0.5,41.400002,40,11,45.999998,69.000003,21.399999,1,1,1067,0,greedy_sps_baseline,infeasible,0,,45.999998,,0.000271,,over budget: E=46.0000 > B=41.4000,0.000271,0.000381,3,0,0
rho\set67\rho_0.7.py,rho,67,rho,0.7,2,5,5,0.5,0.5,0.7,0.6,1.0,0.5,48.300002,40,11,45.999998,69.000003,21.399999,1,1,1067,0,ilp_v2,optimal,1,42.262579,48.163309,0.877485,0.022392,0.0,,0.022392,0.031099,3,0,0
rho\set67\rho_0.7.py,rho,67,rho,0.7,2,5,5,0.5,0.5,0.7,0.6,1.0,0.5,48.300002,40,11,45.999998,69.000003,21.399999,1,1,1067,0,ilp_v3,optimal,1,43.339216,47.438688,0.913584,0.012896,0.0,,0.012896,0.013524,3,0,0
rho\set67\rho_0.7.py,rho,67,rho,0.7,2,5,5,0.5,0.5,0.7,0.6,1.0,0.5,48.300002,40,11,45.999998,69.000003,21.399999,1,1,1067,0,ilp_v4,optimal,1,43.339216,47.100153,0.92015,0.030768,0.0,,0.030768,0.033633,3,0,0
rho\set67\rho_0.7.py,rho,67,rho,0.7,2,5,5,0.5,0.5,0.7,0.6,1.0,0.5,48.300002,40,11,45.999998,69.000003,21.399999,1,1,1067,0,greedy_sps_baseline,solved,1,8.054727,48.265633,0.166883,0.001039,,,0.001039,0.001164,3,0,0
rho\set67\rho_0.8.py,rho,67,rho,0.8,2,5,5,0.5,0.5,0.8,0.6,1.0,0.5,55.200003,40,11,45.999998,69.000003,21.399999,1,1,1067,0,ilp_v2,optimal,1,56.726517,55.11331,1.029271,0.013907,0.0,,0.013907,0.015911,3,0,0
rho\set67\rho_0.8.py,rho,67,rho,0.8,2,5,5,0.5,0.5,0.8,0.6,1.0,0.5,55.200003,40,11,45.999998,69.000003,21.399999,1,1,1067,0,ilp_v3,optimal,1,63.008612,55.166527,1.142153,0.013777,0.0,,0.013777,0.015306,3,0,0
rho\set67\rho_0.8.py,rho,67,rho,0.8,2,5,5,0.5,0.5,0.8,0.6,1.0,0.5,55.200003,40,11,45.999998,69.000003,21.399999,1,1,1067,0,ilp_v4,optimal,1,67.272615,55.102098,1.220872,0.038831,0.0,,0.038831,0.044771,3,0,0
rho\set67\rho_0.8.py,rho,67,rho,0.8,2,5,5,0.5,0.5,0.8,0.6,1.0,0.5,55.200003,40,11,45.999998,69.000003,21.399999,1,1,1067,0,greedy_sps_baseline,solved,1,30.505065,55.148909,0.55314,0.001465,,,0.001465,0.001586,3,0,0
rho\set67\rho_0.9.py,rho,67,rho,0.9,2,5,5,0.5,0.5,0.9,0.6,1.0,0.5,62.100003,40,11,45.999998,69.000003,21.399999,1,1,1067,0,ilp_v2,optimal,1,56.726517,56.641161,1.001507,0.007933,0.0,,0.007933,0.011525,3,0,0
rho\set67\rho_0.9.py,rho,67,rho,0.9,2,5,5,0.5,0.5,0.9,0.6,1.0,0.5,62.100003,40,11,45.999998,69.000003,21.399999,1,1,1067,0,ilp_v3,optimal,1,67.272615,61.896913,1.086849,0.009487,0.0,,0.009487,0.009848,3,0,0
rho\set67\rho_0.9.py,rho,67,rho,0.9,2,5,5,0.5,0.5,0.9,0.6,1.0,0.5,62.100003,40,11,45.999998,69.000003,21.399999,1,1,1067,0,ilp_v4,optimal,1,67.272615,60.990121,1.103008,0.016316,0.0,,0.016316,0.02812,3,0,0
rho\set67\rho_0.9.py,rho,67,rho,0.9,2,5,5,0.5,0.5,0.9,0.6,1.0,0.5,62.100003,40,11,45.999998,69.000003,21.399999,1,1,1067,0,greedy_sps_baseline,solved,1,43.339216,61.683645,0.702605,0.001143,,,0.001143,0.002277,3,0,0
rho\set67\rho_1.py,rho,67,rho,1,2,5,5,0.5,0.5,1.0,0.6,1.0,0.5,69.000003,40,11,45.999998,69.000003,21.399999,1,1,1067,0,ilp_v2,optimal,1,56.726517,60.471718,0.938067,0.00662,0.0,,0.00662,0.012211,3,0,0
rho\set67\rho_1.py,rho,67,rho,1,2,5,5,0.5,0.5,1.0,0.6,1.0,0.5,69.000003,40,11,45.999998,69.000003,21.399999,1,1,1067,0,ilp_v3,optimal,1,67.272615,66.778998,1.007392,0.009873,0.0,,0.009873,0.010704,3,0,0
rho\set67\rho_1.py,rho,67,rho,1,2,5,5,0.5,0.5,1.0,0.6,1.0,0.5,69.000003,40,11,45.999998,69.000003,21.399999,1,1,1067,0,ilp_v4,optimal,1,67.272615,61.265936,1.098043,0.029383,0.0,,0.029383,0.031998,3,0,0
rho\set67\rho_1.py,rho,67,rho,1,2,5,5,0.5,0.5,1.0,0.6,1.0,0.5,69.000003,40,11,45.999998,69.000003,21.399999,1,1,1067,0,greedy_sps_baseline,solved,1,43.339216,61.683645,0.702605,0.001331,,,0.001331,0.002158,3,0,0
rho\set68\rho_0.2.py,rho,68,rho,0.2,2,5,5,0.5,0.5,0.2,0.6,1.0,0.5,13.8,40,10,45.999999,69.0,21.433333,1,1,1068,0,ilp_v2,infeasible,0,,,,0.003144,,,0.003144,0.005412,3,0,0
rho\set68\rho_0.2.py,rho,68,rho,0.2,2,5,5,0.5,0.5,0.2,0.6,1.0,0.5,13.8,40,10,45.999999,69.0,21.433333,1,1,1068,0,ilp_v3,infeasible,0,,,,0.00283,,,0.00283,0.00378,3,0,0
rho\set68\rho_0.2.py,rho,68,rho,0.2,2,5,5,0.5,0.5,0.2,0.6,1.0,0.5,13.8,40,10,45.999999,69.0,21.433333,1,1,1068,0,ilp_v4,infeasible,0,,,,0.00257,,,0.00257,0.005629,3,0,0
rho\set68\rho_0.2.py,rho,68,rho,0.2,2,5,5,0.5,0.5,0.2,0.6,1.0,0.5,13.8,40,10,45.999999,69.0,21.433333,1,1,1068,0,greedy_sps_baseline,infeasible,0,,45.999999,,0.000615,,over budget: E=46.0000 > B=13.8000,0.000615,0.000681,3,0,0
rho\set68\rho_0.3.py,rho,68,rho,0.3,2,5,5,0.5,0.5,0.3,0.6,1.0,0.5,20.7,40,10,45.999999,69.0,21.433333,1,1,1068,0,ilp_v2,infeasible,0,,,,0.003116,,,0.003116,0.006336,3,0,0
rho\set68\rho_0.3.py,rho,68,rho,0.3,2,5,5,0.5,0.5,0.3,0.6,1.0,0.5,20.7,40,10,45.999999,69.0,21.433333,1,1,1068,0,ilp_v3,infeasible,0,,,,0.004561,,,0.004561,0.004758,3,0,0
rho\set68\rho_0.3.py,rho,68,rho,0.3,2,5,5,0.5,0.5,0.3,0.6,1.0,0.5,20.7,40,10,45.999999,69.0,21.433333,1,1,1068,0,ilp_v4,infeasible,0,,,,0.004668,,,0.004668,0.006606,3,0,0
rho\set68\rho_0.3.py,rho,68,rho,0.3,2,5,5,0.5,0.5,0.3,0.6,1.0,0.5,20.7,40,10,45.999999,69.0,21.433333,1,1,1068,0,greedy_sps_baseline,infeasible,0,,45.999999,,0.000346,,over budget: E=46.0000 > B=20.7000,0.000346,0.000496,3,0,0
rho\set68\rho_0.4.py,rho,68,rho,0.4,2,5,5,0.5,0.5,0.4,0.6,1.0,0.5,27.6,40,10,45.999999,69.0,21.433333,1,1,1068,0,ilp_v2,optimal,1,21.506801,27.564941,0.780223,0.024075,0.0,,0.024075,0.041085,3,0,0
rho\set68\rho_0.4.py,rho,68,rho,0.4,2,5,5,0.5,0.5,0.4,0.6,1.0,0.5,27.6,40,10,45.999999,69.0,21.433333,1,1,1068,0,ilp_v3,optimal,1,11.062176,27.582629,0.401056,0.027054,0.0,,0.027054,0.028657,3,0,0
rho\set68\rho_0.4.py,rho,68,rho,0.4,2,5,5,0.5,0.5,0.4,0.6,1.0,0.5,27.6,40,10,45.999999,69.0,21.433333,1,1,1068,0,ilp_v4,optimal,1,20.445744,27.599921,0.74079,0.119102,2.7e-05,,0.119102,0.132893,3,0,0
rho\set68\rho_0.4.py,rho,68,rho,0.4,2,5,5,0.5,0.5,0.4,0.6,1.0,0.5,27.6,40,10,45.999999,69.0,21.433333,1,1,1068,0,greedy_sps_baseline,infeasible,0,,45.999999,,0.000501,,over budget: E=46.0000 > B=27.6000,0.000501,0.000646,3,0,0
rho\set68\rho_0.5.py,rho,68,rho,0.5,2,5,5,0.5,0.5,0.5,0.6,1.0,0.5,34.5,40,10,45.999999,69.0,21.433333,1,1,1068,0,ilp_v2,optimal,1,45.399937,34.434108,1.318458,0.033604,0.0,,0.033604,0.039442,3,0,0
rho\set68\rho_0.5.py,rho,68,rho,0.5,2,5,5,0.5,0.5,0.5,0.6,1.0,0.5,34.5,40,10,45.999999,69.0,21.433333,1,1,1068,0,ilp_v3,optimal,1,35.414384,34.497129,1.026589,0.017094,0.0,,0.017094,0.017254,3,0,0
rho\set68\rho_0.5.py,rho,68,rho,0.5,2,5,5,0.5,0.5,0.5,0.6,1.0,0.5,34.5,40,10,45.999999,69.0,21.433333,1,1,1068,0,ilp_v4,optimal,1,45.475976,34.457441,1.319772,0.082969,0.0,,0.082969,0.093002,3,0,0
rho\set68\rho_0.5.py,rho,68,rho,0.5,2,5,5,0.5,0.5,0.5,0.6,1.0,0.5,34.5,40,10,45.999999,69.0,21.433333,1,1,1068,0,greedy_sps_baseline,infeasible,0,,45.999999,,0.0005,,over budget: E=46.0000 > B=34.5000,0.0005,0.000637,3,0,0
rho\set68\rho_0.6.py,rho,68,rho,0.6,2,5,5,0.5,0.5,0.6,0.6,1.0,0.5,41.4,40,10,45.999999,69.0,21.433333,1,1,1068,0,ilp_v2,optimal,1,57.311048,41.352352,1.38592,0.024459,0.0,,0.024459,0.024835,3,0,0
rho\set68\rho_0.6.py,rho,68,rho,0.6,2,5,5,0.5,0.5,0.6,0.6,1.0,0.5,41.4,40,10,45.999999,69.0,21.433333,1,1,1068,0,ilp_v3,optimal,1,43.887952,41.39954,1.060107,0.080496,0.0,,0.080496,0.084275,3,0,0
rho\set68\rho_0.6.py,rho,68,rho,0.6,2,5,5,0.5,0.5,0.6,0.6,1.0,0.5,41.4,40,10,45.999999,69.0,21.433333,1,1,1068,0,ilp_v4,optimal,1,60.031548,41.384658,1.450575,0.074048,8e-06,,0.074048,0.080601,3,0,0
rho\set68\rho_0.6.py,rho,68,rho,0.6,2,5,5,0.5,0.5,0.6,0.6,1.0,0.5,41.4,40,10,45.999999,69.0,21.433333,1,1,1068,0,greedy_sps_baseline,infeasible,0,,45.999999,,0.000406,,over budget: E=46.0000 > B=41.4000,0.000406,0.000599,3,0,0
rho\set68\rho_0.7.py,rho,68,rho,0.7,2,5,5,0.5,0.5,0.7,0.6,1.0,0.5,48.3,40,10,45.999999,69.0,21.433333,1,1,1068,0,ilp_v2,optimal,1,63.811255,48.213112,1.323525,0.034512,0.0,,0.034512,0.038184,3,0,0
rho\set68\rho_0.7.py,rho,68,rho,0.7,2,5,5,0.5,0.5,0.7,0.6,1.0,0.5,48.3,40,10,45.999999,69.0,21.433333,1,1,1068,0,ilp_v3,optimal,1,47.804848,48.136186,0.993117,0.054211,0.0,,0.054211,0.054936,3,0,0
rho\set68\rho_0.7.py,rho,68,rho,0.7,2,5,5,0.5,0.5,0.7,0.6,1.0,0.5,48.3,40,10,45.999999,69.0,21.433333,1,1,1068,0,ilp_v4,optimal,1,63.811255,48.213112,1.323525,0.046015,0.0,,0.046015,0.055166,3,0,0
rho\set68\rho_0.7.py,rho,68,rho,0.7,2,5,5,0.5,0.5,0.7,0.6,1.0,0.5,48.3,40,10,45.999999,69.0,21.433333,1,1,1068,0,greedy_sps_baseline,solved,1,8.341676,48.127996,0.173323,0.002531,,,0.002531,0.002672,3,0,0
rho\set68\rho_0.8.py,rho,68,rho,0.8,2,5,5,0.5,0.5,0.8,0.6,1.0,0.5,55.2,40,10,45.999999,69.0,21.433333,1,1,1068,0,ilp_v2,optimal,1,66.870141,54.258753,1.23243,0.008824,0.0,,0.008824,0.013269,3,0,0
rho\set68\rho_0.8.py,rho,68,rho,0.8,2,5,5,0.5,0.5,0.8,0.6,1.0,0.5,55.2,40,10,45.999999,69.0,21.433333,1,1,1068,0,ilp_v3,optimal,1,66.870141,55.047691,1.214767,0.00807,0.0,,0.00807,0.016482,3,0,0
rho\set68\rho_0.8.py,rho,68,rho,0.8,2,5,5,0.5,0.5,0.8,0.6,1.0,0.5,55.2,40,10,45.999999,69.0,21.433333,1,1,1068,0,ilp_v4,optimal,1,66.870141,55.17499,1.211965,0.019499,0.0,,0.019499,0.03371,3,0,0
rho\set68\rho_0.8.py,rho,68,rho,0.8,2,5,5,0.5,0.5,0.8,0.6,1.0,0.5,55.2,40,10,45.999999,69.0,21.433333,1,1,1068,0,greedy_sps_baseline,solved,1,30.845165,55.115812,0.559643,0.00197,,,0.00197,0.002059,3,0,0
rho\set68\rho_0.9.py,rho,68,rho,0.9,2,5,5,0.5,0.5,0.9,0.6,1.0,0.5,62.1,40,10,45.999999,69.0,21.433333,1,1,1068,0,ilp_v2,optimal,1,66.870141,53.782032,1.243355,0.007916,0.0,,0.007916,0.008418,3,0,0
rho\set68\rho_0.9.py,rho,68,rho,0.9,2,5,5,0.5,0.5,0.9,0.6,1.0,0.5,62.1,40,10,45.999999,69.0,21.433333,1,1,1068,0,ilp_v3,optimal,1,66.870141,55.708923,1.200349,0.008085,0.0,,0.008085,0.00955,3,0,0
rho\set68\rho_0.9.py,rho,68,rho,0.9,2,5,5,0.5,0.5,0.9,0.6,1.0,0.5,62.1,40,10,45.999999,69.0,21.433333,1,1,1068,0,ilp_v4,optimal,1,66.870141,58.869924,1.135896,0.022192,0.0,,0.022192,0.030839,3,0,0
rho\set68\rho_0.9.py,rho,68,rho,0.9,2,5,5,0.5,0.5,0.9,0.6,1.0,0.5,62.1,40,10,45.999999,69.0,21.433333,1,1,1068,0,greedy_sps_baseline,solved,1,50.169869,62.034665,0.808739,0.004178,,,0.004178,0.004296,3,0,0
rho\set68\rho_1.py,rho,68,rho,1,2,5,5,0.5,0.5,1.0,0.6,1.0,0.5,69.0,40,10,45.999999,69.0,21.433333,1,1,1068,0,ilp_v2,optimal,1,66.870141,69.0,0.969132,0.008429,0.0,,0.008429,0.00883,3,0,0
rho\set68\rho_1.py,rho,68,rho,1,2,5,5,0.5,0.5,1.0,0.6,1.0,0.5,69.0,40,10,45.999999,69.0,21.433333,1,1,1068,0,ilp_v3,optimal,1,66.870141,69.0,0.969132,0.007539,0.0,,0.007539,0.007985,3,0,0
rho\set68\rho_1.py,rho,68,rho,1,2,5,5,0.5,0.5,1.0,0.6,1.0,0.5,69.0,40,10,45.999999,69.0,21.433333,1,1,1068,0,ilp_v4,optimal,1,66.870141,69.0,0.969132,0.018526,0.0,,0.018526,0.026997,3,0,0
rho\set68\rho_1.py,rho,68,rho,1,2,5,5,0.5,0.5,1.0,0.6,1.0,0.5,69.0,40,10,45.999999,69.0,21.433333,1,1,1068,0,greedy_sps_baseline,solved,1,66.870141,69.0,0.969132,0.004279,,,0.004279,0.004685,3,0,0
rho\set69\rho_0.2.py,rho,69,rho,0.2,2,5,5,0.5,0.5,0.2,0.6,1.0,0.5,13.8,40,15,46.000001,68.999998,21.400001,1,1,1069,0,ilp_v2,infeasible,0,,,,0.006124,,,0.006124,0.006342,3,0,0
rho\set69\rho_0.2.py,rho,69,rho,0.2,2,5,5,0.5,0.5,0.2,0.6,1.0,0.5,13.8,40,15,46.000001,68.999998,21.400001,1,1,1069,0,ilp_v3,infeasible,0,,,,0.005881,,,0.005881,0.00644,3,0,0
rho\set69\rho_0.2.py,rho,69,rho,0.2,2,5,5,0.5,0.5,0.2,0.6,1.0,0.5,13.8,40,15,46.000001,68.999998,21.400001,1,1,1069,0,ilp_v4,infeasible,0,,,,0.006095,,,0.006095,0.006217,3,0,0
rho\set69\rho_0.2.py,rho,69,rho,0.2,2,5,5,0.5,0.5,0.2,0.6,1.0,0.5,13.8,40,15,46.000001,68.999998,21.400001,1,1,1069,0,greedy_sps_baseline,infeasible,0,,46.000001,,0.000765,,over budget: E=46.0000 > B=13.8000,0.000765,0.000846,3,0,0
rho\set69\rho_0.3.py,rho,69,rho,0.3,2,5,5,0.5,0.5,0.3,0.6,1.0,0.5,20.699999,40,15,46.000001,68.999998,21.400001,1,1,1069,0,ilp_v2,infeasible,0,,,,0.005739,,,0.005739,0.005945,3,0,0
rho\set69\rho_0.3.py,rho,69,rho,0.3,2,5,5,0.5,0.5,0.3,0.6,1.0,0.5,20.699999,40,15,46.000001,68.999998,21.400001,1,1,1069,0,ilp_v3,infeasible,0,,,,0.005345,,,0.005345,0.00553,3,0,0
rho\set69\rho_0.3.py,rho,69,rho,0.3,2,5,5,0.5,0.5,0.3,0.6,1.0,0.5,20.699999,40,15,46.000001,68.999998,21.400001,1,1,1069,0,ilp_v4,infeasible,0,,,,0.005446,,,0.005446,0.006295,3,0,0
rho\set69\rho_0.3.py,rho,69,rho,0.3,2,5,5,0.5,0.5,0.3,0.6,1.0,0.5,20.699999,40,15,46.000001,68.999998,21.400001,1,1,1069,0,greedy_sps_baseline,infeasible,0,,46.000001,,0.000738,,over budget: E=46.0000 > B=20.7000,0.000738,0.000896,3,0,0
rho\set69\rho_0.4.py,rho,69,rho,0.4,2,5,5,0.5,0.5,0.4,0.6,1.0,0.5,27.599999,40,15,46.000001,68.999998,21.400001,1,1,1069,0,ilp_v2,optimal,1,16.844477,27.595385,0.610409,0.090596,0.0,,0.090596,0.1015,3,0,0
rho\set69\rho_0.4.py,rho,69,rho,0.4,2,5,5,0.5,0.5,0.4,0.6,1.0,0.5,27.599999,40,15,46.000001,68.999998,21.400001,1,1,1069,0,ilp_v3,optimal,1,16.844477,27.595385,0.610409,0.09835,0.0,,0.09835,0.101865,3,0,0
rho\set69\rho_0.4.py,rho,69,rho,0.4,2,5,5,0.5,0.5,0.4,0.6,1.0,0.5,27.599999,40,15,46.000001,68.999998,21.400001,1,1,1069,0,ilp_v4,optimal,1,20.127901,27.577273,0.729873,0.30627,0.0,,0.30627,0.346284,3,0,0
rho\set69\rho_0.4.py,rho,69,rho,0.4,2,5,5,0.5,0.5,0.4,0.6,1.0,0.5,27.599999,40,15,46.000001,68.999998,21.400001,1,1,1069,0,greedy_sps_baseline,infeasible,0,,46.000001,,0.000691,,over budget: E=46.0000 > B=27.6000,0.000691,0.001168,3,0,0
rho\set69\rho_0.5.py,rho,69,rho,0.5,2,5,5,0.5,0.5,0.5,0.6,1.0,0.5,34.499999,40,15,46.000001,68.999998,21.400001,1,1,1069,0,ilp_v2,optimal,1,36.798654,34.46533,1.067701,0.081333,0.0,,0.081333,0.089712,3,0,0
rho\set69\rho_0.5.py,rho,69,rho,0.5,2,5,5,0.5,0.5,0.5,0.6,1.0,0.5,34.499999,40,15,46.000001,68.999998,21.400001,1,1,1069,0,ilp_v3,optimal,1,37.935853,34.429795,1.101832,0.04597,3.3e-05,,0.04597,0.050632,3,0,0
rho\set69\rho_0.5.py,rho,69,rho,0.5,2,5,5,0.5,0.5,0.5,0.6,1.0,0.5,34.499999,40,15,46.000001,68.999998,21.400001,1,1,1069,0,ilp_v4,optimal,1,37.132399,34.48713,1.076703,0.263099,0.0,,0.263099,0.282032,3,0,0
rho\set69\rho_0.5.py,rho,69,rho,0.5,2,5,5,0.5,0.5,0.5,0.6,1.0,0.5,34.499999,40,15,46.000001,68.999998,21.400001,1,1,1069,0,greedy_sps_baseline,infeasible,0,,46.000001,,0.000683,,over budget: E=46.0000 > B=34.5000,0.000683,0.000809,3,0,0
rho\set69\rho_0.6.py,rho,69,rho,0.6,2,5,5,0.5,0.5,0.6,0.6,1.0,0.5,41.399999,40,15,46.000001,68.999998,21.400001,1,1,1069,0,ilp_v2,optimal,1,48.134604,41.311524,1.165162,0.111916,0.0,,0.111916,0.127655,3,0,0
rho\set69\rho_0.6.py,rho,69,rho,0.6,2,5,5,0.5,0.5,0.6,0.6,1.0,0.5,41.399999,40,15,46.000001,68.999998,21.400001,1,1,1069,0,ilp_v3,optimal,1,49.853475,41.356618,1.205453,0.049389,0.0,,0.049389,0.049792,3,0,0
rho\set69\rho_0.6.py,rho,69,rho,0.6,2,5,5,0.5,0.5,0.6,0.6,1.0,0.5,41.399999,40,15,46.000001,68.999998,21.400001,1,1,1069,0,ilp_v4,optimal,1,52.099012,41.338179,1.260312,0.236664,0.0,,0.236664,0.261994,3,0,0
rho\set69\rho_0.6.py,rho,69,rho,0.6,2,5,5,0.5,0.5,0.6,0.6,1.0,0.5,41.399999,40,15,46.000001,68.999998,21.400001,1,1,1069,0,greedy_sps_baseline,infeasible,0,,46.000001,,0.000692,,over budget: E=46.0000 > B=41.4000,0.000692,0.000958,3,0,0
rho\set69\rho_0.7.py,rho,69,rho,0.7,2,5,5,0.5,0.5,0.7,0.6,1.0,0.5,48.299998,40,15,46.000001,68.999998,21.400001,1,1,1069,0,ilp_v2,optimal,1,57.456834,48.288393,1.189868,0.02946,0.0,,0.02946,0.03173,3,0,0
rho\set69\rho_0.7.py,rho,69,rho,0.7,2,5,5,0.5,0.5,0.7,0.6,1.0,0.5,48.299998,40,15,46.000001,68.999998,21.400001,1,1,1069,0,ilp_v3,optimal,1,57.456834,47.868199,1.200313,0.013553,0.0,,0.013553,0.014554,3,0,0
rho\set69\rho_0.7.py,rho,69,rho,0.7,2,5,5,0.5,0.5,0.7,0.6,1.0,0.5,48.299998,40,15,46.000001,68.999998,21.400001,1,1,1069,0,ilp_v4,optimal,1,58.717486,48.242844,1.217123,0.164805,0.0,,0.164805,0.18861,3,0,0
rho\set69\rho_0.7.py,rho,69,rho,0.7,2,5,5,0.5,0.5,0.7,0.6,1.0,0.5,48.299998,40,15,46.000001,68.999998,21.400001,1,1,1069,0,greedy_sps_baseline,solved,1,7.687247,48.218602,0.159425,0.002401,,,0.002401,0.003267,3,0,0
rho\set69\rho_0.8.py,rho,69,rho,0.8,2,5,5,0.5,0.5,0.8,0.6,1.0,0.5,55.199998,40,15,46.000001,68.999998,21.400001,1,1,1069,0,ilp_v2,optimal,1,60.630498,55.166794,1.09904,0.023969,0.0,,0.023969,0.029363,3,0,0
rho\set69\rho_0.8.py,rho,69,rho,0.8,2,5,5,0.5,0.5,0.8,0.6,1.0,0.5,55.199998,40,15,46.000001,68.999998,21.400001,1,1,1069,0,ilp_v3,optimal,1,57.456834,50.27059,1.142951,0.012197,0.0,,0.012197,0.012716,3,0,0
rho\set69\rho_0.8.py,rho,69,rho,0.8,2,5,5,0.5,0.5,0.8,0.6,1.0,0.5,55.199998,40,15,46.000001,68.999998,21.400001,1,1,1069,0,ilp_v4,optimal,1,60.630498,53.551635,1.132188,0.109469,0.0,,0.109469,0.117121,3,0,0
rho\set69\rho_0.8.py,rho,69,rho,0.8,2,5,5,0.5,0.5,0.8,0.6,1.0,0.5,55.199998,40,15,46.000001,68.999998,21.400001,1,1,1069,0,greedy_sps_baseline,solved,1,28.09674,54.89178,0.511857,0.005327,,,0.005327,0.006473,3,0,0
rho\set69\rho_0.9.py,rho,69,rho,0.9,2,5,5,0.5,0.5,0.9,0.6,1.0,0.5,62.099998,40,15,46.000001,68.999998,21.400001,1,1,1069,0,ilp_v2,optimal,1,60.630498,57.104262,1.061751,0.013572,0.0,,0.013572,0.016599,3,0,0
rho\set69\rho_0.9.py,rho,69,rho,0.9,2,5,5,0.5,0.5,0.9,0.6,1.0,0.5,62.099998,40,15,46.000001,68.999998,21.400001,1,1,1069,0,ilp_v3,optimal,1,57.456834,52.048969,1.1039,0.013436,0.0,,0.013436,0.013739,3,0,0
rho\set69\rho_0.9.py,rho,69,rho,0.9,2,5,5,0.5,0.5,0.9,0.6,1.0,0.5,62.099998,40,15,46.000001,68.999998,21.400001,1,1,1069,0,ilp_v4,optimal,1,60.630498,57.104262,1.061751,0.039776,0.0,,0.039776,0.041583,3,0,0
rho\set69\rho_0.9.py,rho,69,rho,0.9,2,5,5,0.5,0.5,0.9,0.6,1.0,0.5,62.099998,40,15,46.000001,68.999998,21.400001,1,1,1069,0,greedy_sps_baseline,solved,1,47.935842,61.986631,0.773325,0.005591,,,0.005591,0.007383,3,0,0
rho\set69\rho_1.py,rho,69,rho,1,2,5,5,0.5,0.5,1.0,0.6,1.0,0.5,68.999998,40,15,46.000001,68.999998,21.400001,1,1,1069,0,ilp_v2,optimal,1,60.630498,68.999998,0.878703,0.004287,0.0,,0.004287,0.00599,3,0,0
rho\set69\rho_1.py,rho,69,rho,1,2,5,5,0.5,0.5,1.0,0.6,1.0,0.5,68.999998,40,15,46.000001,68.999998,21.400001,1,1,1069,0,ilp_v3,optimal,1,57.456834,67.246656,0.854419,0.005673,0.0,,0.005673,0.006986,3,0,0
rho\set69\rho_1.py,rho,69,rho,1,2,5,5,0.5,0.5,1.0,0.6,1.0,0.5,68.999998,40,15,46.000001,68.999998,21.400001,1,1,1069,0,ilp_v4,optimal,1,60.630498,68.999998,0.878703,0.020896,0.0,,0.020896,0.02827,3,0,0
rho\set69\rho_1.py,rho,69,rho,1,2,5,5,0.5,0.5,1.0,0.6,1.0,0.5,68.999998,40,15,46.000001,68.999998,21.400001,1,1,1069,0,greedy_sps_baseline,solved,1,60.630498,68.999998,0.878703,0.00768,,,0.00768,0.009066,3,0,0
rho\set70\rho_0.2.py,rho,70,rho,0.2,2,5,5,0.5,0.5,0.2,0.6,1.0,0.5,13.799999,40,15,45.999995,68.999997,22.042855,1,1,1070,0,ilp_v2,infeasible,0,,,,0.004548,,,0.004548,0.0053,3,0,0
rho\set70\rho_0.2.py,rho,70,rho,0.2,2,5,5,0.5,0.5,0.2,0.6,1.0,0.5,13.799999,40,15,45.999995,68.999997,22.042855,1,1,1070,0,ilp_v3,infeasible,0,,,,0.003608,,,0.003608,0.006084,3,0,0
rho\set70\rho_0.2.py,rho,70,rho,0.2,2,5,5,0.5,0.5,0.2,0.6,1.0,0.5,13.799999,40,15,45.999995,68.999997,22.042855,1,1,1070,0,ilp_v4,infeasible,0,,,,0.004126,,,0.004126,0.005953,3,0,0
rho\set70\rho_0.2.py,rho,70,rho,0.2,2,5,5,0.5,0.5,0.2,0.6,1.0,0.5,13.799999,40,15,45.999995,68.999997,22.042855,1,1,1070,0,greedy_sps_baseline,infeasible,0,,45.999995,,0.000796,,over budget: E=46.0000 > B=13.8000,0.000796,0.000998,3,0,0
rho\set70\rho_0.3.py,rho,70,rho,0.3,2,5,5,0.5,0.5,0.3,0.6,1.0,0.5,20.699999,40,15,45.999995,68.999997,22.042855,1,1,1070,0,ilp_v2,infeasible,0,,,,0.004356,,,0.004356,0.010061,3,0,0
rho\set70\rho_0.3.py,rho,70,rho,0.3,2,5,5,0.5,0.5,0.3,0.6,1.0,0.5,20.699999,40,15,45.999995,68.999997,22.042855,1,1,1070,0,ilp_v3,infeasible,0,,,,0.006641,,,0.006641,0.006833,3,0,0
rho\set70\rho_0.3.py,rho,70,rho,0.3,2,5,5,0.5,0.5,0.3,0.6,1.0,0.5,20.699999,40,15,45.999995,68.999997,22.042855,1,1,1070,0,ilp_v4,infeasible,0,,,,0.006749,,,0.006749,0.006885,3,0,0
rho\set70\rho_0.3.py,rho,70,rho,0.3,2,5,5,0.5,0.5,0.3,0.6,1.0,0.5,20.699999,40,15,45.999995,68.999997,22.042855,1,1,1070,0,greedy_sps_baseline,infeasible,0,,45.999995,,0.000694,,over budget: E=46.0000 > B=20.7000,0.000694,0.000787,3,0,0
rho\set70\rho_0.4.py,rho,70,rho,0.4,2,5,5,0.5,0.5,0.4,0.6,1.0,0.5,27.599999,40,15,45.999995,68.999997,22.042855,1,1,1070,0,ilp_v2,optimal,1,14.270897,27.590634,0.517237,0.046136,0.0,,0.046136,0.051435,3,0,0
rho\set70\rho_0.4.py,rho,70,rho,0.4,2,5,5,0.5,0.5,0.4,0.6,1.0,0.5,27.599999,40,15,45.999995,68.999997,22.042855,1,1,1070,0,ilp_v3,optimal,1,15.236009,27.599622,0.552037,0.112886,0.0,,0.112886,0.118123,3,0,0
rho\set70\rho_0.4.py,rho,70,rho,0.4,2,5,5,0.5,0.5,0.4,0.6,1.0,0.5,27.599999,40,15,45.999995,68.999997,22.042855,1,1,1070,0,ilp_v4,optimal,1,20.83699,27.595684,0.755082,0.256829,0.0,,0.256829,0.323961,3,0,0
rho\set70\rho_0.4.py,rho,70,rho,0.4,2,5,5,0.5,0.5,0.4,0.6,1.0,0.5,27.599999,40,15,45.999995,68.999997,22.042855,1,1,1070,0,greedy_sps_baseline,infeasible,0,,45.999995,,0.00069,,over budget: E=46.0000 > B=27.6000,0.00069,0.000798,3,0,0
rho\set70\rho_0.5.py,rho,70,rho,0.5,2,5,5,0.5,0.5,0.5,0.6,1.0,0.5,34.499998,40,15,45.999995,68.999997,22.042855,1,1,1070,0,ilp_v2,optimal,1,29.774735,34.43011,0.864788,0.128872,0.0,,0.128872,0.14197,3,0,0
rho\set70\rho_0.5.py,rho,70,rho,0.5,2,5,5,0.5,0.5,0.5,0.6,1.0,0.5,34.499998,40,15,45.999995,68.999997,22.042855,1,1,1070,0,ilp_v3,optimal,1,38.142746,34.49083,1.105881,0.023399,0.0,,0.023399,0.024118,3,0,0
rho\set70\rho_0.5.py,rho,70,rho,0.5,2,5,5,0.5,0.5,0.5,0.6,1.0,0.5,34.499998,40,15,45.999995,68.999997,22.042855,1,1,1070,0,ilp_v4,optimal,1,36.883942,34.4983,1.069152,0.286465,0.0,,0.286465,0.327366,3,0,0
rho\set70\rho_0.5.py,rho,70,rho,0.5,2,5,5,0.5,0.5,0.5,0.6,1.0,0.5,34.499998,40,15,45.999995,68.999997,22.042855,1,1,1070,0,greedy_sps_baseline,infeasible,0,,45.999995,,0.000686,,over budget: E=46.0000 > B=34.5000,0.000686,0.001024,3,0,0
rho\set70\rho_0.6.py,rho,70,rho,0.6,2,5,5,0.5,0.5,0.6,0.6,1.0,0.5,41.399998,40,15,45.999995,68.999997,22.042855,1,1,1070,0,ilp_v2,optimal,1,40.836425,41.378373,0.986903,0.12016,0.0,,0.12016,0.128733,3,0,0
rho\set70\rho_0.6.py,rho,70,rho,0.6,2,5,5,0.5,0.5,0.6,0.6,1.0,0.5,41.399998,40,15,45.999995,68.999997,22.042855,1,1,1070,0,ilp_v3,optimal,1,43.279721,41.384305,1.0458,0.2962,0.0,,0.2962,0.303949,3,0,0
rho\set70\rho_0.6.py,rho,70,rho,0.6,2,5,5,0.5,0.5,0.6,0.6,1.0,0.5,41.399998,40,15,45.999995,68.999997,22.042855,1,1,1070,0,ilp_v4,optimal,1,45.336953,41.39635,1.095192,0.29787,0.0,,0.29787,0.324196,3,0,0
rho\set70\rho_0.6.py,rho,70,rho,0.6,2,5,5,0.5,0.5,0.6,0.6,1.0,0.5,41.399998,40,15,45.999995,68.999997,22.042855,1,1,1070,0,greedy_sps_baseline,infeasible,0,,45.999995,,0.000716,,over budget: E=46.0000 > B=41.4000,0.000716,0.000897,3,0,0
rho\set70\rho_0.7.py,rho,70,rho,0.7,2,5,5,0.5,0.5,0.7,0.6,1.0,0.5,48.299998,40,15,45.999995,68.999997,22.042855,1,1,1070,0,ilp_v2,optimal,1,48.259198,48.290746,0.999347,0.118504,0.0,,0.118504,0.147394,3,0,0
rho\set70\rho_0.7.py,rho,70,rho,0.7,2,5,5,0.5,0.5,0.7,0.6,1.0,0.5,48.299998,40,15,45.999995,68.999997,22.042855,1,1,1070,0,ilp_v3,optimal,1,48.767961,48.297992,1.009731,0.058636,0.0,,0.058636,0.059349,3,0,0
rho\set70\rho_0.7.py,rho,70,rho,0.7,2,5,5,0.5,0.5,0.7,0.6,1.0,0.5,48.299998,40,15,45.999995,68.999997,22.042855,1,1,1070,0,ilp_v4,optimal,1,49.979556,48.268518,1.035448,0.249649,0.0,,0.249649,0.277762,3,0,0
rho\set70\rho_0.7.py,rho,70,rho,0.7,2,5,5,0.5,0.5,0.7,0.6,1.0,0.5,48.299998,40,15,45.999995,68.999997,22.042855,1,1,1070,0,greedy_sps_baseline,solved,1,6.942378,48.292211,0.143758,0.001959,,,0.001959,0.002095,3,0,0
rho\set70\rho_0.8.py,rho,70,rho,0.8,2,5,5,0.5,0.5,0.8,0.6,1.0,0.5,55.199997,40,15,45.999995,68.999997,22.042855,1,1,1070,0,ilp_v2,optimal,1,52.487783,54.741661,0.958827,0.050159,0.0,,0.050159,0.053212,3,0,0
rho\set70\rho_0.8.py,rho,70,rho,0.8,2,5,5,0.5,0.5,0.8,0.6,1.0,0.5,55.199997,40,15,45.999995,68.999997,22.042855,1,1,1070,0,ilp_v3,optimal,1,53.292641,55.131479,0.966646,0.014964,0.0,,0.014964,0.015493,3,0,0
rho\set70\rho_0.8.py,rho,70,rho,0.8,2,5,5,0.5,0.5,0.8,0.6,1.0,0.5,55.199997,40,15,45.999995,68.999997,22.042855,1,1,1070,0,ilp_v4,optimal,1,53.292641,54.586833,0.976291,0.116351,0.0,,0.116351,0.127839,3,0,0
rho\set70\rho_0.8.py,rho,70,rho,0.8,2,5,5,0.5,0.5,0.8,0.6,1.0,0.5,55.199997,40,15,45.999995,68.999997,22.042855,1,1,1070,0,greedy_sps_baseline,solved,1,27.73899,55.195195,0.502562,0.003034,,,0.003034,0.004048,3,0,0
rho\set70\rho_0.9.py,rho,70,rho,0.9,2,5,5,0.5,0.5,0.9,0.6,1.0,0.5,62.099997,40,15,45.999995,68.999997,22.042855,1,1,1070,0,ilp_v2,optimal,1,53.292641,59.892348,0.889807,0.013431,0.0,,0.013431,0.016623,3,0,0
rho\set70\rho_0.9.py,rho,70,rho,0.9,2,5,5,0.5,0.5,0.9,0.6,1.0,0.5,62.099997,40,15,45.999995,68.999997,22.042855,1,1,1070,0,ilp_v3,optimal,1,53.292641,61.52177,0.86624,0.015203,0.0,,0.015203,0.021999,3,0,0
rho\set70\rho_0.9.py,rho,70,rho,0.9,2,5,5,0.5,0.5,0.9,0.6,1.0,0.5,62.099997,40,15,45.999995,68.999997,22.042855,1,1,1070,0,ilp_v4,optimal,1,53.292641,59.586465,0.894375,0.043618,0.0,,0.043618,0.054304,3,0,0
rho\set70\rho_0.9.py,rho,70,rho,0.9,2,5,5,0.5,0.5,0.9,0.6,1.0,0.5,62.099997,40,15,45.999995,68.999997,22.042855,1,1,1070,0,greedy_sps_baseline,solved,1,43.140479,61.306938,0.70368,0.008145,,,0.008145,0.010135,3,0,0
rho\set70\rho_1.py,rho,70,rho,1,2,5,5,0.5,0.5,1.0,0.6,1.0,0.5,68.999997,40,15,45.999995,68.999997,22.042855,1,1,1070,0,ilp_v2,optimal,1,53.292641,68.999997,0.772357,0.008681,0.0,,0.008681,0.010916,3,0,0
rho\set70\rho_1.py,rho,70,rho,1,2,5,5,0.5,0.5,1.0,0.6,1.0,0.5,68.999997,40,15,45.999995,68.999997,22.042855,1,1,1070,0,ilp_v3,optimal,1,53.292641,68.999997,0.772357,0.008947,0.0,,0.008947,0.012289,3,0,0
rho\set70\rho_1.py,rho,70,rho,1,2,5,5,0.5,0.5,1.0,0.6,1.0,0.5,68.999997,40,15,45.999995,68.999997,22.042855,1,1,1070,0,ilp_v4,optimal,1,53.292641,68.999997,0.772357,0.024252,0.0,,0.024252,0.037777,3,0,0
rho\set70\rho_1.py,rho,70,rho,1,2,5,5,0.5,0.5,1.0,0.6,1.0,0.5,68.999997,40,15,45.999995,68.999997,22.042855,1,1,1070,0,greedy_sps_baseline,solved,1,53.292641,68.999997,0.772357,0.011254,,,0.011254,0.012465,3,0,0
rho\set71\rho_0.2.py,rho,71,rho,0.2,2,5,5,0.5,0.5,0.2,0.6,1.0,0.5,13.8,40,9,45.999999,69.000001,22.042857,1,1,1071,0,ilp_v2,infeasible,0,,,,0.002979,,,0.002979,0.005761,3,0,0
rho\set71\rho_0.2.py,rho,71,rho,0.2,2,5,5,0.5,0.5,0.2,0.6,1.0,0.5,13.8,40,9,45.999999,69.000001,22.042857,1,1,1071,0,ilp_v3,infeasible,0,,,,0.002599,,,0.002599,0.004188,3,0,0
rho\set71\rho_0.2.py,rho,71,rho,0.2,2,5,5,0.5,0.5,0.2,0.6,1.0,0.5,13.8,40,9,45.999999,69.000001,22.042857,1,1,1071,0,ilp_v4,infeasible,0,,,,0.005037,,,0.005037,0.007997,3,0,0
rho\set71\rho_0.2.py,rho,71,rho,0.2,2,5,5,0.5,0.5,0.2,0.6,1.0,0.5,13.8,40,9,45.999999,69.000001,22.042857,1,1,1071,0,greedy_sps_baseline,infeasible,0,,45.999999,,0.0009,,over budget: E=46.0000 > B=13.8000,0.0009,0.001048,3,0,0
rho\set71\rho_0.3.py,rho,71,rho,0.3,2,5,5,0.5,0.5,0.3,0.6,1.0,0.5,20.7,40,9,45.999999,69.000001,22.042857,1,1,1071,0,ilp_v2,infeasible,0,,,,0.003238,,,0.003238,0.004595,3,0,0
rho\set71\rho_0.3.py,rho,71,rho,0.3,2,5,5,0.5,0.5,0.3,0.6,1.0,0.5,20.7,40,9,45.999999,69.000001,22.042857,1,1,1071,0,ilp_v3,infeasible,0,,,,0.002081,,,0.002081,0.002276,3,0,0
rho\set71\rho_0.3.py,rho,71,rho,0.3,2,5,5,0.5,0.5,0.3,0.6,1.0,0.5,20.7,40,9,45.999999,69.000001,22.042857,1,1,1071,0,ilp_v4,infeasible,0,,,,0.002444,,,0.002444,0.00351,3,0,0
rho\set71\rho_0.3.py,rho,71,rho,0.3,2,5,5,0.5,0.5,0.3,0.6,1.0,0.5,20.7,40,9,45.999999,69.000001,22.042857,1,1,1071,0,greedy_sps_baseline,infeasible,0,,45.999999,,0.000403,,over budget: E=46.0000 > B=20.7000,0.000403,0.000545,3,0,0
rho\set71\rho_0.4.py,rho,71,rho,0.4,2,5,5,0.5,0.5,0.4,0.6,1.0,0.5,27.6,40,9,45.999999,69.000001,22.042857,1,1,1071,0,ilp_v2,optimal,1,14.025389,27.595559,0.508248,0.051032,0.0,,0.051032,0.05412,3,0,0
rho\set71\rho_0.4.py,rho,71,rho,0.4,2,5,5,0.5,0.5,0.4,0.6,1.0,0.5,27.6,40,9,45.999999,69.000001,22.042857,1,1,1071,0,ilp_v3,optimal,1,15.764169,27.577886,0.571624,0.023983,0.0,,0.023983,0.026661,3,0,0
rho\set71\rho_0.4.py,rho,71,rho,0.4,2,5,5,0.5,0.5,0.4,0.6,1.0,0.5,27.6,40,9,45.999999,69.000001,22.042857,1,1,1071,0,ilp_v4,optimal,1,15.316926,27.591592,0.55513,0.126237,0.0,,0.126237,0.147807,3,0,0
rho\set71\rho_0.4.py,rho,71,rho,0.4,2,5,5,0.5,0.5,0.4,0.6,1.0,0.5,27.6,40,9,45.999999,69.000001,22.042857,1,1,1071,0,greedy_sps_baseline,infeasible,0,,45.999999,,0.000418,,over budget: E=46.0000 > B=27.6000,0.000418,0.000521,3,0,0
rho\set71\rho_0.5.py,rho,71,rho,0.5,2,5,5,0.5,0.5,0.5,0.6,1.0,0.5,34.500001,40,9,45.999999,69.000001,22.042857,1,1,1071,0,ilp_v2,optimal,1,39.660502,34.388636,1.153303,0.022577,0.0,,0.022577,0.024709,3,0,0
rho\set71\rho_0.5.py,rho,71,rho,0.5,2,5,5,0.5,0.5,0.5,0.6,1.0,0.5,34.500001,40,9,45.999999,69.000001,22.042857,1,1,1071,0,ilp_v3,optimal,1,39.283965,34.449889,1.140322,0.015685,0.0,,0.015685,0.01727,3,0,0
rho\set71\rho_0.5.py,rho,71,rho,0.5,2,5,5,0.5,0.5,0.5,0.6,1.0,0.5,34.500001,40,9,45.999999,69.000001,22.042857,1,1,1071,0,ilp_v4,optimal,1,40.474388,34.362656,1.17786,0.079197,0.0,,0.079197,0.082234,3,0,0
rho\set71\rho_0.5.py,rho,71,rho,0.5,2,5,5,0.5,0.5,0.5,0.6,1.0,0.5,34.500001,40,9,45.999999,69.000001,22.042857,1,1,1071,0,greedy_sps_baseline,infeasible,0,,45.999999,,0.000488,,over budget: E=46.0000 > B=34.5000,0.000488,0.000932,3,0,0
rho\set71\rho_0.6.py,rho,71,rho,0.6,2,5,5,0.5,0.5,0.6,0.6,1.0,0.5,41.400001,40,9,45.999999,69.000001,22.042857,1,1,1071,0,ilp_v2,optimal,1,45.709584,39.984517,1.143182,0.007478,0.0,,0.007478,0.015525,3,0,0
rho\set71\rho_0.6.py,rho,71,rho,0.6,2,5,5,0.5,0.5,0.6,0.6,1.0,0.5,41.400001,40,9,45.999999,69.000001,22.042857,1,1,1071,0,ilp_v3,optimal,1,45.709584,40.926167,1.116879,0.016891,0.0,,0.016891,0.022274,3,0,0
rho\set71\rho_0.6.py,rho,71,rho,0.6,2,5,5,0.5,0.5,0.6,0.6,1.0,0.5,41.400001,40,9,45.999999,69.000001,22.042857,1,1,1071,0,ilp_v4,optimal,1,45.709584,41.151408,1.110766,0.024274,0.0,,0.024274,0.037166,3,0,0
rho\set71\rho_0.6.py,rho,71,rho,0.6,2,5,5,0.5,0.5,0.6,0.6,1.0,0.5,41.400001,40,9,45.999999,69.000001,22.042857,1,1,1071,0,greedy_sps_baseline,infeasible,0,,45.999999,,0.000302,,over budget: E=46.0000 > B=41.4000,0.000302,0.000543,3,0,0
rho\set71\rho_0.7.py,rho,71,rho,0.7,2,5,5,0.5,0.5,0.7,0.6,1.0,0.5,48.300001,40,9,45.999999,69.000001,22.042857,1,1,1071,0,ilp_v2,optimal,1,50.326697,48.280536,1.042381,0.008145,0.0,,0.008145,0.012719,3,0,0
rho\set71\rho_0.7.py,rho,71,rho,0.7,2,5,5,0.5,0.5,0.7,0.6,1.0,0.5,48.300001,40,9,45.999999,69.000001,22.042857,1,1,1071,0,ilp_v3,optimal,1,45.709584,46.952352,0.973531,0.01048,0.0,,0.01048,0.012767,3,0,0
rho\set71\rho_0.7.py,rho,71,rho,0.7,2,5,5,0.5,0.5,0.7,0.6,1.0,0.5,48.300001,40,9,45.999999,69.000001,22.042857,1,1,1071,0,ilp_v4,optimal,1,50.326697,48.292318,1.042126,0.036858,0.0,,0.036858,0.048133,3,0,0
rho\set71\rho_0.7.py,rho,71,rho,0.7,2,5,5,0.5,0.5,0.7,0.6,1.0,0.5,48.300001,40,9,45.999999,69.000001,22.042857,1,1,1071,0,greedy_sps_baseline,solved,1,9.133949,48.185063,0.18956,0.002478,,,0.002478,0.002689,3,0,0
rho\set71\rho_0.8.py,rho,71,rho,0.8,2,5,5,0.5,0.5,0.8,0.6,1.0,0.5,55.200001,40,9,45.999999,69.000001,22.042857,1,1,1071,0,ilp_v2,optimal,1,50.326697,52.215044,0.963835,0.009422,0.0,,0.009422,0.009977,3,0,0
rho\set71\rho_0.8.py,rho,71,rho,0.8,2,5,5,0.5,0.5,0.8,0.6,1.0,0.5,55.200001,40,9,45.999999,69.000001,22.042857,1,1,1071,0,ilp_v3,optimal,1,50.326697,52.982699,0.94987,0.010218,0.0,,0.010218,0.010412,3,0,0
rho\set71\rho_0.8.py,rho,71,rho,0.8,2,5,5,0.5,0.5,0.8,0.6,1.0,0.5,55.200001,40,9,45.999999,69.000001,22.042857,1,1,1071,0,ilp_v4,optimal,1,50.326697,52.215044,0.963835,0.019242,0.0,,0.019242,0.023655,3,0,0
rho\set71\rho_0.8.py,rho,71,rho,0.8,2,5,5,0.5,0.5,0.8,0.6,1.0,0.5,55.200001,40,9,45.999999,69.000001,22.042857,1,1,1071,0,greedy_sps_baseline,solved,1,28.778001,55.135155,0.521954,0.00203,,,0.00203,0.002483,3,0,0
rho\set71\rho_0.9.py,rho,71,rho,0.9,2,5,5,0.5,0.5,0.9,0.6,1.0,0.5,62.100001,40,9,45.999999,69.000001,22.042857,1,1,1071,0,ilp_v2,optimal,1,50.326697,60.90814,0.826272,0.009104,0.0,,0.009104,0.011142,3,0,0
rho\set71\rho_0.9.py,rho,71,rho,0.9,2,5,5,0.5,0.5,0.9,0.6,1.0,0.5,62.100001,40,9,45.999999,69.000001,22.042857,1,1,1071,0,ilp_v3,optimal,1,50.326697,57.931454,0.868728,0.007499,0.0,,0.007499,0.009812,3,0,0
rho\set71\rho_0.9.py,rho,71,rho,0.9,2,5,5,0.5,0.5,0.9,0.6,1.0,0.5,62.100001,40,9,45.999999,69.000001,22.042857,1,1,1071,0,ilp_v4,optimal,1,50.326697,60.90814,0.826272,0.016928,0.0,,0.016928,0.023244,3,0,0
rho\set71\rho_0.9.py,rho,71,rho,0.9,2,5,5,0.5,0.5,0.9,0.6,1.0,0.5,62.100001,40,9,45.999999,69.000001,22.042857,1,1,1071,0,greedy_sps_baseline,solved,1,40.474388,59.330983,0.68218,0.001709,,,0.001709,0.001826,3,0,0
rho\set71\rho_1.py,rho,71,rho,1,2,5,5,0.5,0.5,1.0,0.6,1.0,0.5,69.000001,40,9,45.999999,69.000001,22.042857,1,1,1071,0,ilp_v2,optimal,1,50.326697,58.741992,0.856741,0.005843,0.0,,0.005843,0.008941,3,0,0
rho\set71\rho_1.py,rho,71,rho,1,2,5,5,0.5,0.5,1.0,0.6,1.0,0.5,69.000001,40,9,45.999999,69.000001,22.042857,1,1,1071,0,ilp_v3,optimal,1,50.326697,63.160558,0.796806,0.009227,0.0,,0.009227,0.012066,3,0,0
rho\set71\rho_1.py,rho,71,rho,1,2,5,5,0.5,0.5,1.0,0.6,1.0,0.5,69.000001,40,9,45.999999,69.000001,22.042857,1,1,1071,0,ilp_v4,optimal,1,50.326697,58.741992,0.856741,0.013861,0.0,,0.013861,0.015061,3,0,0
rho\set71\rho_1.py,rho,71,rho,1,2,5,5,0.5,0.5,1.0,0.6,1.0,0.5,69.000001,40,9,45.999999,69.000001,22.042857,1,1,1071,0,greedy_sps_baseline,solved,1,45.709584,64.468784,0.709019,0.002066,,,0.002066,0.004197,3,0,0
rho\set72\rho_0.2.py,rho,72,rho,0.2,2,5,5,0.5,0.5,0.2,0.6,1.0,0.5,13.799998,40,13,46.0,68.999992,23.6,1,1,1072,0,ilp_v2,infeasible,0,,,,0.004461,,,0.004461,0.008553,3,0,0
rho\set72\rho_0.2.py,rho,72,rho,0.2,2,5,5,0.5,0.5,0.2,0.6,1.0,0.5,13.799998,40,13,46.0,68.999992,23.6,1,1,1072,0,ilp_v3,infeasible,0,,,,0.003123,,,0.003123,0.004789,3,0,0
rho\set72\rho_0.2.py,rho,72,rho,0.2,2,5,5,0.5,0.5,0.2,0.6,1.0,0.5,13.799998,40,13,46.0,68.999992,23.6,1,1,1072,0,ilp_v4,infeasible,0,,,,0.005505,,,0.005505,0.010597,3,0,0
rho\set72\rho_0.2.py,rho,72,rho,0.2,2,5,5,0.5,0.5,0.2,0.6,1.0,0.5,13.799998,40,13,46.0,68.999992,23.6,1,1,1072,0,greedy_sps_baseline,infeasible,0,,46.0,,0.000334,,over budget: E=46.0000 > B=13.8000,0.000334,0.000566,3,0,0
rho\set72\rho_0.3.py,rho,72,rho,0.3,2,5,5,0.5,0.5,0.3,0.6,1.0,0.5,20.699998,40,13,46.0,68.999992,23.6,1,1,1072,0,ilp_v2,infeasible,0,,,,0.003528,,,0.003528,0.007079,3,0,0
rho\set72\rho_0.3.py,rho,72,rho,0.3,2,5,5,0.5,0.5,0.3,0.6,1.0,0.5,20.699998,40,13,46.0,68.999992,23.6,1,1,1072,0,ilp_v3,infeasible,0,,,,0.003573,,,0.003573,0.00509,3,0,0
rho\set72\rho_0.3.py,rho,72,rho,0.3,2,5,5,0.5,0.5,0.3,0.6,1.0,0.5,20.699998,40,13,46.0,68.999992,23.6,1,1,1072,0,ilp_v4,infeasible,0,,,,0.005335,,,0.005335,0.006414,3,0,0
rho\set72\rho_0.3.py,rho,72,rho,0.3,2,5,5,0.5,0.5,0.3,0.6,1.0,0.5,20.699998,40,13,46.0,68.999992,23.6,1,1,1072,0,greedy_sps_baseline,infeasible,0,,46.0,,0.000441,,over budget: E=46.0000 > B=20.7000,0.000441,0.000537,3,0,0
rho\set72\rho_0.4.py,rho,72,rho,0.4,2,5,5,0.5,0.5,0.4,0.6,1.0,0.5,27.599997,40,13,46.0,68.999992,23.6,1,1,1072,0,ilp_v2,optimal,1,13.55921,27.417026,0.494554,0.02352,0.0,,0.02352,0.025905,3,0,0
rho\set72\rho_0.4.py,rho,72,rho,0.4,2,5,5,0.5,0.5,0.4,0.6,1.0,0.5,27.599997,40,13,46.0,68.999992,23.6,1,1,1072,0,ilp_v3,optimal,1,16.61138,27.567046,0.602581,0.062724,0.0,,0.062724,0.068938,3,0,0
rho\set72\rho_0.4.py,rho,72,rho,0.4,2,5,5,0.5,0.5,0.4,0.6,1.0,0.5,27.599997,40,13,46.0,68.999992,23.6,1,1,1072,0,ilp_v4,optimal,1,19.365607,27.546334,0.703019,0.195454,0.0,,0.195454,0.222053,3,0,0
rho\set72\rho_0.4.py,rho,72,rho,0.4,2,5,5,0.5,0.5,0.4,0.6,1.0,0.5,27.599997,40,13,46.0,68.999992,23.6,1,1,1072,0,greedy_sps_baseline,infeasible,0,,46.0,,0.000433,,over budget: E=46.0000 > B=27.6000,0.000433,0.001607,3,0,0
rho\set72\rho_0.5.py,rho,72,rho,0.5,2,5,5,0.5,0.5,0.5,0.6,1.0,0.5,34.499996,40,13,46.0,68.999992,23.6,1,1,1072,0,ilp_v2,optimal,1,30.308124,34.499801,0.878501,0.086043,0.0,,0.086043,0.102127,3,0,0
rho\set72\rho_0.5.py,rho,72,rho,0.5,2,5,5,0.5,0.5,0.5,0.6,1.0,0.5,34.499996,40,13,46.0,68.999992,23.6,1,1,1072,0,ilp_v3,optimal,1,36.906678,34.434018,1.071809,0.18632,0.0,,0.18632,0.229318,3,0,0
rho\set72\rho_0.5.py,rho,72,rho,0.5,2,5,5,0.5,0.5,0.5,0.6,1.0,0.5,34.499996,40,13,46.0,68.999992,23.6,1,1,1072,0,ilp_v4,optimal,1,38.520956,34.432911,1.118725,0.190582,0.0,,0.190582,0.213161,3,0,0
rho\set72\rho_0.5.py,rho,72,rho,0.5,2,5,5,0.5,0.5,0.5,0.6,1.0,0.5,34.499996,40,13,46.0,68.999992,23.6,1,1,1072,0,greedy_sps_baseline,infeasible,0,,46.0,,0.00062,,over budget: E=46.0000 > B=34.5000,0.00062,0.000843,3,0,0
rho\set72\rho_0.6.py,rho,72,rho,0.6,2,5,5,0.5,0.5,0.6,0.6,1.0,0.5,41.399995,40,13,46.0,68.999992,23.6,1,1,1072,0,ilp_v2,optimal,1,40.060769,41.283778,0.970376,0.032495,0.0,,0.032495,0.034376,3,0,0
rho\set72\rho_0.6.py,rho,72,rho,0.6,2,5,5,0.5,0.5,0.6,0.6,1.0,0.5,41.399995,40,13,46.0,68.999992,23.6,1,1,1072,0,ilp_v3,optimal,1,39.800946,41.154307,0.967115,0.196976,0.0,,0.196976,0.203835,3,0,0
rho\set72\rho_0.6.py,rho,72,rho,0.6,2,5,5,0.5,0.5,0.6,0.6,1.0,0.5,41.399995,40,13,46.0,68.999992,23.6,1,1,1072,0,ilp_v4,optimal,1,47.958432,41.277283,1.16186,0.149677,0.0,,0.149677,0.171728,3,0,0
rho\set72\rho_0.6.py,rho,72,rho,0.6,2,5,5,0.5,0.5,0.6,0.6,1.0,0.5,41.399995,40,13,46.0,68.999992,23.6,1,1,1072,0,greedy_sps_baseline,infeasible,0,,46.0,,0.000622,,over budget: E=46.0000 > B=41.4000,0.000622,0.000725,3,0,0
rho\set72\rho_0.7.py,rho,72,rho,0.7,2,5,5,0.5,0.5,0.7,0.6,1.0,0.5,48.299994,40,13,46.0,68.999992,23.6,1,1,1072,0,ilp_v2,optimal,1,47.958432,47.908763,1.001037,0.020645,0.0,,0.020645,0.026044,3,0,0
rho\set72\rho_0.7.py,rho,72,rho,0.7,2,5,5,0.5,0.5,0.7,0.6,1.0,0.5,48.299994,40,13,46.0,68.999992,23.6,1,1,1072,0,ilp_v3,optimal,1,51.443573,48.276526,1.065602,0.032338,2.2e-05,,0.032338,0.040442,3,0,0
rho\set72\rho_0.7.py,rho,72,rho,0.7,2,5,5,0.5,0.5,0.7,0.6,1.0,0.5,48.299994,40,13,46.0,68.999992,23.6,1,1,1072,0,ilp_v4,optimal,1,50.958967,48.267088,1.05577,0.216523,0.0,,0.216523,0.228256,3,0,0
rho\set72\rho_0.7.py,rho,72,rho,0.7,2,5,5,0.5,0.5,0.7,0.6,1.0,0.5,48.299994,40,13,46.0,68.999992,23.6,1,1,1072,0,greedy_sps_baseline,solved,1,9.043197,48.109896,0.18797,0.00217,,,0.00217,0.002295,3,0,0
rho\set72\rho_0.8.py,rho,72,rho,0.8,2,5,5,0.5,0.5,0.8,0.6,1.0,0.5,55.199994,40,13,46.0,68.999992,23.6,1,1,1072,0,ilp_v2,optimal,1,51.779064,55.169886,0.938539,0.050095,0.0,,0.050095,0.052516,3,0,0
rho\set72\rho_0.8.py,rho,72,rho,0.8,2,5,5,0.5,0.5,0.8,0.6,1.0,0.5,55.199994,40,13,46.0,68.999992,23.6,1,1,1072,0,ilp_v3,optimal,1,54.33331,54.452904,0.997804,0.013628,0.0,,0.013628,0.014506,3,0,0
rho\set72\rho_0.8.py,rho,72,rho,0.8,2,5,5,0.5,0.5,0.8,0.6,1.0,0.5,55.199994,40,13,46.0,68.999992,23.6,1,1,1072,0,ilp_v4,optimal,1,54.33331,53.705479,1.01169,0.072471,0.0,,0.072471,0.091062,3,0,0
rho\set72\rho_0.8.py,rho,72,rho,0.8,2,5,5,0.5,0.5,0.8,0.6,1.0,0.5,55.199994,40,13,46.0,68.999992,23.6,1,1,1072,0,greedy_sps_baseline,solved,1,29.610063,55.151072,0.53689,0.005097,,,0.005097,0.008463,3,0,0
rho\set72\rho_0.9.py,rho,72,rho,0.9,2,5,5,0.5,0.5,0.9,0.6,1.0,0.5,62.099993,40,13,46.0,68.999992,23.6,1,1,1072,0,ilp_v2,optimal,1,54.33331,61.473723,0.883846,0.013601,0.0,,0.013601,0.014456,3,0,0
rho\set72\rho_0.9.py,rho,72,rho,0.9,2,5,5,0.5,0.5,0.9,0.6,1.0,0.5,62.099993,40,13,46.0,68.999992,23.6,1,1,1072,0,ilp_v3,optimal,1,54.33331,58.824587,0.92365,0.014421,0.0,,0.014421,0.015359,3,0,0
rho\set72\rho_0.9.py,rho,72,rho,0.9,2,5,5,0.5,0.5,0.9,0.6,1.0,0.5,62.099993,40,13,46.0,68.999992,23.6,1,1,1072,0,ilp_v4,optimal,1,54.33331,52.732949,1.030348,0.044229,0.0,,0.044229,0.05849,3,0,0
rho\set72\rho_0.9.py,rho,72,rho,0.9,2,5,5,0.5,0.5,0.9,0.6,1.0,0.5,62.099993,40,13,46.0,68.999992,23.6,1,1,1072,0,greedy_sps_baseline,solved,1,40.060769,59.791635,0.670006,0.005042,,,0.005042,0.007594,3,0,0
rho\set72\rho_1.py,rho,72,rho,1,2,5,5,0.5,0.5,1.0,0.6,1.0,0.5,68.999992,40,13,46.0,68.999992,23.6,1,1,1072,0,ilp_v2,optimal,1,54.33331,68.999992,0.787439,0.003913,0.0,,0.003913,0.007339,3,0,0
rho\set72\rho_1.py,rho,72,rho,1,2,5,5,0.5,0.5,1.0,0.6,1.0,0.5,68.999992,40,13,46.0,68.999992,23.6,1,1,1072,0,ilp_v3,optimal,1,54.33331,68.999992,0.787439,0.007915,0.0,,0.007915,0.00945,3,0,0
rho\set72\rho_1.py,rho,72,rho,1,2,5,5,0.5,0.5,1.0,0.6,1.0,0.5,68.999992,40,13,46.0,68.999992,23.6,1,1,1072,0,ilp_v4,optimal,1,54.33331,68.999992,0.787439,0.017354,0.0,,0.017354,0.022781,3,0,0
rho\set72\rho_1.py,rho,72,rho,1,2,5,5,0.5,0.5,1.0,0.6,1.0,0.5,68.999992,40,13,46.0,68.999992,23.6,1,1,1072,0,greedy_sps_baseline,solved,1,54.33331,68.999992,0.787439,0.003707,,,0.003707,0.004664,3,0,0
rho\set73\rho_0.2.py,rho,73,rho,0.2,2,5,5,0.5,0.5,0.2,0.6,1.0,0.5,13.8,40,9,45.999998,69.0,23.00909,1,1,1073,0,ilp_v2,infeasible,0,,,,0.001301,,,0.001301,0.002521,3,0,0
rho\set73\rho_0.2.py,rho,73,rho,0.2,2,5,5,0.5,0.5,0.2,0.6,1.0,0.5,13.8,40,9,45.999998,69.0,23.00909,1,1,1073,0,ilp_v3,infeasible,0,,,,0.001411,,,0.001411,0.001743,3,0,0
rho\set73\rho_0.2.py,rho,73,rho,0.2,2,5,5,0.5,0.5,0.2,0.6,1.0,0.5,13.8,40,9,45.999998,69.0,23.00909,1,1,1073,0,ilp_v4,infeasible,0,,,,0.001804,,,0.001804,0.002425,3,0,0
rho\set73\rho_0.2.py,rho,73,rho,0.2,2,5,5,0.5,0.5,0.2,0.6,1.0,0.5,13.8,40,9,45.999998,69.0,23.00909,1,1,1073,0,greedy_sps_baseline,infeasible,0,,45.999998,,0.000271,,over budget: E=46.0000 > B=13.8000,0.000271,0.000486,3,0,0
rho\set73\rho_0.3.py,rho,73,rho,0.3,2,5,5,0.5,0.5,0.3,0.6,1.0,0.5,20.7,40,9,45.999998,69.0,23.00909,1,1,1073,0,ilp_v2,infeasible,0,,,,0.001886,,,0.001886,0.002521,3,0,0
rho\set73\rho_0.3.py,rho,73,rho,0.3,2,5,5,0.5,0.5,0.3,0.6,1.0,0.5,20.7,40,9,45.999998,69.0,23.00909,1,1,1073,0,ilp_v3,infeasible,0,,,,0.001452,,,0.001452,0.001697,3,0,0
rho\set73\rho_0.3.py,rho,73,rho,0.3,2,5,5,0.5,0.5,0.3,0.6,1.0,0.5,20.7,40,9,45.999998,69.0,23.00909,1,1,1073,0,ilp_v4,infeasible,0,,,,0.001456,,,0.001456,0.003906,3,0,0
rho\set73\rho_0.3.py,rho,73,rho,0.3,2,5,5,0.5,0.5,0.3,0.6,1.0,0.5,20.7,40,9,45.999998,69.0,23.00909,1,1,1073,0,greedy_sps_baseline,infeasible,0,,45.999998,,0.000877,,over budget: E=46.0000 > B=20.7000,0.000877,0.001065,3,0,0
rho\set73\rho_0.4.py,rho,73,rho,0.4,2,5,5,0.5,0.5,0.4,0.6,1.0,0.5,27.6,40,9,45.999998,69.0,23.00909,1,1,1073,0,ilp_v2,optimal,1,2.491973,27.489142,0.090653,0.002095,0.0,,0.002095,0.004344,3,0,0
rho\set73\rho_0.4.py,rho,73,rho,0.4,2,5,5,0.5,0.5,0.4,0.6,1.0,0.5,27.6,40,9,45.999998,69.0,23.00909,1,1,1073,0,ilp_v3,optimal,1,2.491973,27.489142,0.090653,0.004293,0.0,,0.004293,0.006741,3,0,0
rho\set73\rho_0.4.py,rho,73,rho,0.4,2,5,5,0.5,0.5,0.4,0.6,1.0,0.5,27.6,40,9,45.999998,69.0,23.00909,1,1,1073,0,ilp_v4,optimal,1,11.492912,27.429315,0.419001,0.041462,0.0,,0.041462,0.051132,3,0,0
rho\set73\rho_0.4.py,rho,73,rho,0.4,2,5,5,0.5,0.5,0.4,0.6,1.0,0.5,27.6,40,9,45.999998,69.0,23.00909,1,1,1073,0,greedy_sps_baseline,infeasible,0,,45.999998,,0.000256,,over budget: E=46.0000 > B=27.6000,0.000256,0.000358,3,0,0
rho\set73\rho_0.5.py,rho,73,rho,0.5,2,5,5,0.5,0.5,0.5,0.6,1.0,0.5,34.5,40,9,45.999998,69.0,23.00909,1,1,1073,0,ilp_v2,optimal,1,32.625476,34.479221,0.946236,0.010012,0.0,,0.010012,0.011925,3,0,0
rho\set73\rho_0.5.py,rho,73,rho,0.5,2,5,5,0.5,0.5,0.5,0.6,1.0,0.5,34.5,40,9,45.999998,69.0,23.00909,1,1,1073,0,ilp_v3,optimal,1,30.790959,34.407488,0.894891,0.010358,0.0,,0.010358,0.011283,3,0,0
rho\set73\rho_0.5.py,rho,73,rho,0.5,2,5,5,0.5,0.5,0.5,0.6,1.0,0.5,34.5,40,9,45.999998,69.0,23.00909,1,1,1073,0,ilp_v4,optimal,1,33.282932,34.324666,0.969651,0.046386,0.0,,0.046386,0.05088,3,0,0
rho\set73\rho_0.5.py,rho,73,rho,0.5,2,5,5,0.5,0.5,0.5,0.6,1.0,0.5,34.5,40,9,45.999998,69.0,23.00909,1,1,1073,0,greedy_sps_baseline,infeasible,0,,45.999998,,0.000485,,over budget: E=46.0000 > B=34.5000,0.000485,0.000596,3,0,0
rho\set73\rho_0.6.py,rho,73,rho,0.6,2,5,5,0.5,0.5,0.6,0.6,1.0,0.5,41.4,40,9,45.999998,69.0,23.00909,1,1,1073,0,ilp_v2,optimal,1,46.040647,41.041716,1.121801,0.012523,0.0,,0.012523,0.013211,3,0,0
rho\set73\rho_0.6.py,rho,73,rho,0.6,2,5,5,0.5,0.5,0.6,0.6,1.0,0.5,41.4,40,9,45.999998,69.0,23.00909,1,1,1073,0,ilp_v3,optimal,1,46.040647,41.247448,1.116206,0.010858,0.0,,0.010858,0.012711,3,0,0
rho\set73\rho_0.6.py,rho,73,rho,0.6,2,5,5,0.5,0.5,0.6,0.6,1.0,0.5,41.4,40,9,45.999998,69.0,23.00909,1,1,1073,0,ilp_v4,optimal,1,46.040647,41.041716,1.121801,0.028493,0.0,,0.028493,0.030054,3,0,0
rho\set73\rho_0.6.py,rho,73,rho,0.6,2,5,5,0.5,0.5,0.6,0.6,1.0,0.5,41.4,40,9,45.999998,69.0,23.00909,1,1,1073,0,greedy_sps_baseline,infeasible,0,,45.999998,,0.000483,,over budget: E=46.0000 > B=41.4000,0.000483,0.000594,3,0,0
rho\set73\rho_0.7.py,rho,73,rho,0.7,2,5,5,0.5,0.5,0.7,0.6,1.0,0.5,48.3,40,9,45.999998,69.0,23.00909,1,1,1073,0,ilp_v2,optimal,1,53.256765,48.26892,1.103334,0.014142,0.0,,0.014142,0.016327,3,0,0
rho\set73\rho_0.7.py,rho,73,rho,0.7,2,5,5,0.5,0.5,0.7,0.6,1.0,0.5,48.3,40,9,45.999998,69.0,23.00909,1,1,1073,0,ilp_v3,optimal,1,53.256765,48.210544,1.10467,0.006251,0.0,,0.006251,0.006466,3,0,0
rho\set73\rho_0.7.py,rho,73,rho,0.7,2,5,5,0.5,0.5,0.7,0.6,1.0,0.5,48.3,40,9,45.999998,69.0,23.00909,1,1,1073,0,ilp_v4,optimal,1,53.256765,48.26892,1.103334,0.024704,0.0,,0.024704,0.026061,3,0,0
rho\set73\rho_0.7.py,rho,73,rho,0.7,2,5,5,0.5,0.5,0.7,0.6,1.0,0.5,48.3,40,9,45.999998,69.0,23.00909,1,1,1073,0,greedy_sps_baseline,solved,1,6.644092,48.034474,0.138319,0.000866,,,0.000866,0.001004,3,0,0
rho\set73\rho_0.8.py,rho,73,rho,0.8,2,5,5,0.5,0.5,0.8,0.6,1.0,0.5,55.2,40,9,45.999998,69.0,23.00909,1,1,1073,0,ilp_v2,optimal,1,53.256765,54.673488,0.974088,0.006046,0.0,,0.006046,0.00634,3,0,0
rho\set73\rho_0.8.py,rho,73,rho,0.8,2,5,5,0.5,0.5,0.8,0.6,1.0,0.5,55.2,40,9,45.999998,69.0,23.00909,1,1,1073,0,ilp_v3,optimal,1,53.256765,54.9189,0.969735,0.005796,0.0,,0.005796,0.006194,3,0,0
rho\set73\rho_0.8.py,rho,73,rho,0.8,2,5,5,0.5,0.5,0.8,0.6,1.0,0.5,55.2,40,9,45.999998,69.0,23.00909,1,1,1073,0,ilp_v4,optimal,1,53.256765,54.673488,0.974088,0.011974,0.0,,0.011974,0.012168,3,0,0
rho\set73\rho_0.8.py,rho,73,rho,0.8,2,5,5,0.5,0.5,0.8,0.6,1.0,0.5,55.2,40,9,45.999998,69.0,23.00909,1,1,1073,0,greedy_sps_baseline,solved,1,28.558788,54.885861,0.520331,0.001205,,,0.001205,0.001358,3,0,0
rho\set73\rho_0.9.py,rho,73,rho,0.9,2,5,5,0.5,0.5,0.9,0.6,1.0,0.5,62.1,40,9,45.999998,69.0,23.00909,1,1,1073,0,ilp_v2,optimal,1,53.256765,56.436271,0.943662,0.00688,0.0,,0.00688,0.00732,3,0,0
rho\set73\rho_0.9.py,rho,73,rho,0.9,2,5,5,0.5,0.5,0.9,0.6,1.0,0.5,62.1,40,9,45.999998,69.0,23.00909,1,1,1073,0,ilp_v3,optimal,1,53.256765,58.267624,0.914003,0.00667,0.0,,0.00667,0.007541,3,0,0
rho\set73\rho_0.9.py,rho,73,rho,0.9,2,5,5,0.5,0.5,0.9,0.6,1.0,0.5,62.1,40,9,45.999998,69.0,23.00909,1,1,1073,0,ilp_v4,optimal,1,53.256765,56.436271,0.943662,0.01236,0.0,,0.01236,0.014595,3,0,0
rho\set73\rho_0.9.py,rho,73,rho,0.9,2,5,5,0.5,0.5,0.9,0.6,1.0,0.5,62.1,40,9,45.999998,69.0,23.00909,1,1,1073,0,greedy_sps_baseline,solved,1,35.774906,59.323849,0.603044,0.001418,,,0.001418,0.001534,3,0,0
rho\set73\rho_1.py,rho,73,rho,1,2,5,5,0.5,0.5,1.0,0.6,1.0,0.5,69.0,40,9,45.999998,69.0,23.00909,1,1,1073,0,ilp_v2,optimal,1,53.256765,69.0,0.771837,0.00197,0.0,,0.00197,0.002208,3,0,0
rho\set73\rho_1.py,rho,73,rho,1,2,5,5,0.5,0.5,1.0,0.6,1.0,0.5,69.0,40,9,45.999998,69.0,23.00909,1,1,1073,0,ilp_v3,optimal,1,53.256765,69.0,0.771837,0.002741,0.0,,0.002741,0.005847,3,0,0
rho\set73\rho_1.py,rho,73,rho,1,2,5,5,0.5,0.5,1.0,0.6,1.0,0.5,69.0,40,9,45.999998,69.0,23.00909,1,1,1073,0,ilp_v4,optimal,1,53.256765,69.0,0.771837,0.004158,0.0,,0.004158,0.004512,3,0,0
rho\set73\rho_1.py,rho,73,rho,1,2,5,5,0.5,0.5,1.0,0.6,1.0,0.5,69.0,40,9,45.999998,69.0,23.00909,1,1,1073,0,greedy_sps_baseline,solved,1,53.256765,69.0,0.771837,0.000811,,,0.000811,0.001076,3,0,0
rho\set74\rho_0.2.py,rho,74,rho,0.2,2,5,5,0.5,0.5,0.2,0.6,1.0,0.5,13.800001,40,9,45.999999,69.000003,21.399999,1,1,1074,0,ilp_v2,infeasible,0,,,,0.002451,,,0.002451,0.003662,3,0,0
rho\set74\rho_0.2.py,rho,74,rho,0.2,2,5,5,0.5,0.5,0.2,0.6,1.0,0.5,13.800001,40,9,45.999999,69.000003,21.399999,1,1,1074,0,ilp_v3,infeasible,0,,,,0.002177,,,0.002177,0.003597,3,0,0
rho\set74\rho_0.2.py,rho,74,rho,0.2,2,5,5,0.5,0.5,0.2,0.6,1.0,0.5,13.800001,40,9,45.999999,69.000003,21.399999,1,1,1074,0,ilp_v4,infeasible,0,,,,0.002447,,,0.002447,0.005239,3,0,0
rho\set74\rho_0.2.py,rho,74,rho,0.2,2,5,5,0.5,0.5,0.2,0.6,1.0,0.5,13.800001,40,9,45.999999,69.000003,21.399999,1,1,1074,0,greedy_sps_baseline,infeasible,0,,45.999999,,0.000625,,over budget: E=46.0000 > B=13.8000,0.000625,0.0007,3,0,0
rho\set74\rho_0.3.py,rho,74,rho,0.3,2,5,5,0.5,0.5,0.3,0.6,1.0,0.5,20.700001,40,9,45.999999,69.000003,21.399999,1,1,1074,0,ilp_v2,infeasible,0,,,,0.002178,,,0.002178,0.003045,3,0,0
rho\set74\rho_0.3.py,rho,74,rho,0.3,2,5,5,0.5,0.5,0.3,0.6,1.0,0.5,20.700001,40,9,45.999999,69.000003,21.399999,1,1,1074,0,ilp_v3,infeasible,0,,,,0.002142,,,0.002142,0.002596,3,0,0
rho\set74\rho_0.3.py,rho,74,rho,0.3,2,5,5,0.5,0.5,0.3,0.6,1.0,0.5,20.700001,40,9,45.999999,69.000003,21.399999,1,1,1074,0,ilp_v4,infeasible,0,,,,0.002397,,,0.002397,0.007018,3,0,0
rho\set74\rho_0.3.py,rho,74,rho,0.3,2,5,5,0.5,0.5,0.3,0.6,1.0,0.5,20.700001,40,9,45.999999,69.000003,21.399999,1,1,1074,0,greedy_sps_baseline,infeasible,0,,45.999999,,0.000572,,over budget: E=46.0000 > B=20.7000,0.000572,0.00102,3,0,0
rho\set74\rho_0.4.py,rho,74,rho,0.4,2,5,5,0.5,0.5,0.4,0.6,1.0,0.5,27.600001,40,9,45.999999,69.000003,21.399999,1,1,1074,0,ilp_v2,optimal,1,12.231183,27.59927,0.443171,0.039732,0.0,,0.039732,0.04515,3,0,0
rho\set74\rho_0.4.py,rho,74,rho,0.4,2,5,5,0.5,0.5,0.4,0.6,1.0,0.5,27.600001,40,9,45.999999,69.000003,21.399999,1,1,1074,0,ilp_v3,optimal,1,12.231183,27.59927,0.443171,0.039589,0.0,,0.039589,0.04108,3,0,0
rho\set74\rho_0.4.py,rho,74,rho,0.4,2,5,5,0.5,0.5,0.4,0.6,1.0,0.5,27.600001,40,9,45.999999,69.000003,21.399999,1,1,1074,0,ilp_v4,optimal,1,13.104173,27.397334,0.478301,0.173476,0.0,,0.173476,0.192115,3,0,0
rho\set74\rho_0.4.py,rho,74,rho,0.4,2,5,5,0.5,0.5,0.4,0.6,1.0,0.5,27.600001,40,9,45.999999,69.000003,21.399999,1,1,1074,0,greedy_sps_baseline,infeasible,0,,45.999999,,0.000577,,over budget: E=46.0000 > B=27.6000,0.000577,0.000677,3,0,0
rho\set74\rho_0.5.py,rho,74,rho,0.5,2,5,5,0.5,0.5,0.5,0.6,1.0,0.5,34.500002,40,9,45.999999,69.000003,21.399999,1,1,1074,0,ilp_v2,optimal,1,21.642596,34.437199,0.628466,0.123048,0.0,,0.123048,0.125635,3,0,0
rho\set74\rho_0.5.py,rho,74,rho,0.5,2,5,5,0.5,0.5,0.5,0.6,1.0,0.5,34.500002,40,9,45.999999,69.000003,21.399999,1,1,1074,0,ilp_v3,optimal,1,18.82474,34.448376,0.546462,0.096634,0.0,,0.096634,0.130975,3,0,0
rho\set74\rho_0.5.py,rho,74,rho,0.5,2,5,5,0.5,0.5,0.5,0.6,1.0,0.5,34.500002,40,9,45.999999,69.000003,21.399999,1,1,1074,0,ilp_v4,optimal,1,20.407367,34.450232,0.592372,0.091547,0.0,,0.091547,0.106277,3,0,0
rho\set74\rho_0.5.py,rho,74,rho,0.5,2,5,5,0.5,0.5,0.5,0.6,1.0,0.5,34.500002,40,9,45.999999,69.000003,21.399999,1,1,1074,0,greedy_sps_baseline,infeasible,0,,45.999999,,0.000544,,over budget: E=46.0000 > B=34.5000,0.000544,0.000716,3,0,0
rho\set74\rho_0.6.py,rho,74,rho,0.6,2,5,5,0.5,0.5,0.6,0.6,1.0,0.5,41.400002,40,9,45.999999,69.000003,21.399999,1,1,1074,0,ilp_v2,optimal,1,27.262816,41.320779,0.659785,0.141283,0.0,,0.141283,0.217332,3,0,0
rho\set74\rho_0.6.py,rho,74,rho,0.6,2,5,5,0.5,0.5,0.6,0.6,1.0,0.5,41.400002,40,9,45.999999,69.000003,21.399999,1,1,1074,0,ilp_v3,optimal,1,27.153849,41.344872,0.656765,0.036802,0.0,,0.036802,0.045139,3,0,0
rho\set74\rho_0.6.py,rho,74,rho,0.6,2,5,5,0.5,0.5,0.6,0.6,1.0,0.5,41.400002,40,9,45.999999,69.000003,21.399999,1,1,1074,0,ilp_v4,optimal,1,28.178404,41.382766,0.680921,0.078055,0.0,,0.078055,0.094666,3,0,0
rho\set74\rho_0.6.py,rho,74,rho,0.6,2,5,5,0.5,0.5,0.6,0.6,1.0,0.5,41.400002,40,9,45.999999,69.000003,21.399999,1,1,1074,0,greedy_sps_baseline,infeasible,0,,45.999999,,0.000535,,over budget: E=46.0000 > B=41.4000,0.000535,0.000697,3,0,0
rho\set74\rho_0.7.py,rho,74,rho,0.7,2,5,5,0.5,0.5,0.7,0.6,1.0,0.5,48.300002,40,9,45.999999,69.000003,21.399999,1,1,1074,0,ilp_v2,optimal,1,33.064566,48.297877,0.684597,0.024605,0.0,,0.024605,0.02825,3,0,0
rho\set74\rho_0.7.py,rho,74,rho,0.7,2,5,5,0.5,0.5,0.7,0.6,1.0,0.5,48.300002,40,9,45.999999,69.000003,21.399999,1,1,1074,0,ilp_v3,optimal,1,31.490374,48.119609,0.654419,0.12561,0.0,,0.12561,0.188573,3,0,0
rho\set74\rho_0.7.py,rho,74,rho,0.7,2,5,5,0.5,0.5,0.7,0.6,1.0,0.5,48.300002,40,9,45.999999,69.000003,21.399999,1,1,1074,0,ilp_v4,optimal,1,33.064566,48.297877,0.684597,0.065717,0.0,,0.065717,0.084272,3,0,0
rho\set74\rho_0.7.py,rho,74,rho,0.7,2,5,5,0.5,0.5,0.7,0.6,1.0,0.5,48.300002,40,9,45.999999,69.000003,21.399999,1,1,1074,0,greedy_sps_baseline,solved,1,4.198159,48.127094,0.087231,0.004248,,,0.004248,0.004902,3,0,0
rho\set74\rho_0.8.py,rho,74,rho,0.8,2,5,5,0.5,0.5,0.8,0.6,1.0,0.5,55.200003,40,9,45.999999,69.000003,21.399999,1,1,1074,0,ilp_v2,optimal,1,33.08678,54.913509,0.602525,0.012352,0.0,,0.012352,0.015601,3,0,0
rho\set74\rho_0.8.py,rho,74,rho,0.8,2,5,5,0.5,0.5,0.8,0.6,1.0,0.5,55.200003,40,9,45.999999,69.000003,21.399999,1,1,1074,0,ilp_v3,optimal,1,33.08678,53.498924,0.618457,0.014145,0.0,,0.014145,0.019576,3,0,0
rho\set74\rho_0.8.py,rho,74,rho,0.8,2,5,5,0.5,0.5,0.8,0.6,1.0,0.5,55.200003,40,9,45.999999,69.000003,21.399999,1,1,1074,0,ilp_v4,optimal,1,33.08678,54.913509,0.602525,0.029508,0.0,,0.029508,0.041159,3,0,0
rho\set74\rho_0.8.py,rho,74,rho,0.8,2,5,5,0.5,0.5,0.8,0.6,1.0,0.5,55.200003,40,9,45.999999,69.000003,21.399999,1,1,1074,0,greedy_sps_baseline,solved,1,16.759245,55.022675,0.304588,0.002857,,,0.002857,0.003136,3,0,0
rho\set74\rho_0.9.py,rho,74,rho,0.9,2,5,5,0.5,0.5,0.9,0.6,1.0,0.5,62.100003,40,9,45.999999,69.000003,21.399999,1,1,1074,0,ilp_v2,optimal,1,33.08678,59.208262,0.55882,0.008404,0.0,,0.008404,0.011385,3,0,0
rho\set74\rho_0.9.py,rho,74,rho,0.9,2,5,5,0.5,0.5,0.9,0.6,1.0,0.5,62.100003,40,9,45.999999,69.000003,21.399999,1,1,1074,0,ilp_v3,optimal,1,33.08678,59.126782,0.55959,0.010024,0.0,,0.010024,0.010992,3,0,0
rho\set74\rho_0.9.py,rho,74,rho,0.9,2,5,5,0.5,0.5,0.9,0.6,1.0,0.5,62.100003,40,9,45.999999,69.000003,21.399999,1,1,1074,0,ilp_v4,optimal,1,33.08678,59.208262,0.55882,0.025222,0.0,,0.025222,0.027902,3,0,0
rho\set74\rho_0.9.py,rho,74,rho,0.9,2,5,5,0.5,0.5,0.9,0.6,1.0,0.5,62.100003,40,9,45.999999,69.000003,21.399999,1,1,1074,0,greedy_sps_baseline,solved,1,24.769481,60.764345,0.407632,0.002934,,,0.002934,0.003901,3,0,0
rho\set74\rho_1.py,rho,74,rho,1,2,5,5,0.5,0.5,1.0,0.6,1.0,0.5,69.000003,40,9,45.999999,69.000003,21.399999,1,1,1074,0,ilp_v2,optimal,1,33.08678,56.658621,0.583967,0.010068,0.0,,0.010068,0.010717,3,0,0
rho\set74\rho_1.py,rho,74,rho,1,2,5,5,0.5,0.5,1.0,0.6,1.0,0.5,69.000003,40,9,45.999999,69.000003,21.399999,1,1,1074,0,ilp_v3,optimal,1,33.08678,57.579725,0.574626,0.010847,0.0,,0.010847,0.011522,3,0,0
rho\set74\rho_1.py,rho,74,rho,1,2,5,5,0.5,0.5,1.0,0.6,1.0,0.5,69.000003,40,9,45.999999,69.000003,21.399999,1,1,1074,0,ilp_v4,optimal,1,33.08678,56.658621,0.583967,0.021932,0.0,,0.021932,0.024934,3,0,0
rho\set74\rho_1.py,rho,74,rho,1,2,5,5,0.5,0.5,1.0,0.6,1.0,0.5,69.000003,40,9,45.999999,69.000003,21.399999,1,1,1074,0,greedy_sps_baseline,solved,1,30.632592,66.569905,0.460157,0.003063,,,0.003063,0.00435,3,0,0
rho\set75\rho_0.2.py,rho,75,rho,0.2,2,5,5,0.5,0.5,0.2,0.6,1.0,0.5,13.799999,40,9,46.0,68.999994,21.433333,1,1,1075,0,ilp_v2,infeasible,0,,,,0.003186,,,0.003186,0.004212,3,0,0
rho\set75\rho_0.2.py,rho,75,rho,0.2,2,5,5,0.5,0.5,0.2,0.6,1.0,0.5,13.799999,40,9,46.0,68.999994,21.433333,1,1,1075,0,ilp_v3,infeasible,0,,,,0.004011,,,0.004011,0.006426,3,0,0
rho\set75\rho_0.2.py,rho,75,rho,0.2,2,5,5,0.5,0.5,0.2,0.6,1.0,0.5,13.799999,40,9,46.0,68.999994,21.433333,1,1,1075,0,ilp_v4,infeasible,0,,,,0.003835,,,0.003835,0.004863,3,0,0
rho\set75\rho_0.2.py,rho,75,rho,0.2,2,5,5,0.5,0.5,0.2,0.6,1.0,0.5,13.799999,40,9,46.0,68.999994,21.433333,1,1,1075,0,greedy_sps_baseline,infeasible,0,,46.0,,0.000608,,over budget: E=46.0000 > B=13.8000,0.000608,0.000856,3,0,0
rho\set75\rho_0.3.py,rho,75,rho,0.3,2,5,5,0.5,0.5,0.3,0.6,1.0,0.5,20.699998,40,9,46.0,68.999994,21.433333,1,1,1075,0,ilp_v2,infeasible,0,,,,0.003094,,,0.003094,0.004161,3,0,0
rho\set75\rho_0.3.py,rho,75,rho,0.3,2,5,5,0.5,0.5,0.3,0.6,1.0,0.5,20.699998,40,9,46.0,68.999994,21.433333,1,1,1075,0,ilp_v3,infeasible,0,,,,0.004214,,,0.004214,0.005777,3,0,0
rho\set75\rho_0.3.py,rho,75,rho,0.3,2,5,5,0.5,0.5,0.3,0.6,1.0,0.5,20.699998,40,9,46.0,68.999994,21.433333,1,1,1075,0,ilp_v4,infeasible,0,,,,0.004739,,,0.004739,0.005615,3,0,0
rho\set75\rho_0.3.py,rho,75,rho,0.3,2,5,5,0.5,0.5,0.3,0.6,1.0,0.5,20.699998,40,9,46.0,68.999994,21.433333,1,1,1075,0,greedy_sps_baseline,infeasible,0,,46.0,,0.000602,,over budget: E=46.0000 > B=20.7000,0.000602,0.000735,3,0,0
rho\set75\rho_0.4.py,rho,75,rho,0.4,2,5,5,0.5,0.5,0.4,0.6,1.0,0.5,27.599998,40,9,46.0,68.999994,21.433333,1,1,1075,0,ilp_v2,optimal,1,19.927802,27.588534,0.722322,0.053994,0.0,,0.053994,0.071211,3,0,0
rho\set75\rho_0.4.py,rho,75,rho,0.4,2,5,5,0.5,0.5,0.4,0.6,1.0,0.5,27.599998,40,9,46.0,68.999994,21.433333,1,1,1075,0,ilp_v3,optimal,1,19.927802,27.588534,0.722322,0.068206,0.0,,0.068206,0.081372,3,0,0
rho\set75\rho_0.4.py,rho,75,rho,0.4,2,5,5,0.5,0.5,0.4,0.6,1.0,0.5,27.599998,40,9,46.0,68.999994,21.433333,1,1,1075,0,ilp_v4,optimal,1,17.825234,27.535805,0.647347,0.07572,0.0,,0.07572,0.088773,3,0,0
rho\set75\rho_0.4.py,rho,75,rho,0.4,2,5,5,0.5,0.5,0.4,0.6,1.0,0.5,27.599998,40,9,46.0,68.999994,21.433333,1,1,1075,0,greedy_sps_baseline,infeasible,0,,46.0,,0.000709,,over budget: E=46.0000 > B=27.6000,0.000709,0.001386,3,0,0
rho\set75\rho_0.5.py,rho,75,rho,0.5,2,5,5,0.5,0.5,0.5,0.6,1.0,0.5,34.499997,40,9,46.0,68.999994,21.433333,1,1,1075,0,ilp_v2,optimal,1,38.740346,33.881806,1.143397,0.01849,0.0,,0.01849,0.020273,3,0,0
rho\set75\rho_0.5.py,rho,75,rho,0.5,2,5,5,0.5,0.5,0.5,0.6,1.0,0.5,34.499997,40,9,46.0,68.999994,21.433333,1,1,1075,0,ilp_v3,optimal,1,30.03343,34.316999,0.875176,0.032072,0.0,,0.032072,0.036215,3,0,0
rho\set75\rho_0.5.py,rho,75,rho,0.5,2,5,5,0.5,0.5,0.5,0.6,1.0,0.5,34.499997,40,9,46.0,68.999994,21.433333,1,1,1075,0,ilp_v4,optimal,1,36.638554,34.458896,1.063254,0.080954,0.0,,0.080954,0.093488,3,0,0
rho\set75\rho_0.5.py,rho,75,rho,0.5,2,5,5,0.5,0.5,0.5,0.6,1.0,0.5,34.499997,40,9,46.0,68.999994,21.433333,1,1,1075,0,greedy_sps_baseline,infeasible,0,,46.0,,0.000671,,over budget: E=46.0000 > B=34.5000,0.000671,0.001065,3,0,0
rho\set75\rho_0.6.py,rho,75,rho,0.6,2,5,5,0.5,0.5,0.6,0.6,1.0,0.5,41.399997,40,9,46.0,68.999994,21.433333,1,1,1075,0,ilp_v2,optimal,1,45.171087,40.87981,1.104973,0.033392,0.0,,0.033392,0.043989,3,0,0
rho\set75\rho_0.6.py,rho,75,rho,0.6,2,5,5,0.5,0.5,0.6,0.6,1.0,0.5,41.399997,40,9,46.0,68.999994,21.433333,1,1,1075,0,ilp_v3,optimal,1,38.565166,41.394515,0.931649,0.041335,0.0,,0.041335,0.04881,3,0,0
rho\set75\rho_0.6.py,rho,75,rho,0.6,2,5,5,0.5,0.5,0.6,0.6,1.0,0.5,41.399997,40,9,46.0,68.999994,21.433333,1,1,1075,0,ilp_v4,optimal,1,45.837582,40.883396,1.121178,0.054753,0.0,,0.054753,0.061151,3,0,0
rho\set75\rho_0.6.py,rho,75,rho,0.6,2,5,5,0.5,0.5,0.6,0.6,1.0,0.5,41.399997,40,9,46.0,68.999994,21.433333,1,1,1075,0,greedy_sps_baseline,infeasible,0,,46.0,,0.000879,,over budget: E=46.0000 > B=41.4000,0.000879,0.000979,3,0,0
rho\set75\rho_0.7.py,rho,75,rho,0.7,2,5,5,0.5,0.5,0.7,0.6,1.0,0.5,48.299996,40,9,46.0,68.999994,21.433333,1,1,1075,0,ilp_v2,optimal,1,50.424441,48.243567,1.045205,0.023185,0.0,,0.023185,0.030956,3,0,0
rho\set75\rho_0.7.py,rho,75,rho,0.7,2,5,5,0.5,0.5,0.7,0.6,1.0,0.5,48.299996,40,9,46.0,68.999994,21.433333,1,1,1075,0,ilp_v3,optimal,1,45.837582,47.538648,0.964217,0.015353,0.0,,0.015353,0.016831,3,0,0
rho\set75\rho_0.7.py,rho,75,rho,0.7,2,5,5,0.5,0.5,0.7,0.6,1.0,0.5,48.299996,40,9,46.0,68.999994,21.433333,1,1,1075,0,ilp_v4,optimal,1,50.424441,48.243567,1.045205,0.041221,0.0,,0.041221,0.050812,3,0,0
rho\set75\rho_0.7.py,rho,75,rho,0.7,2,5,5,0.5,0.5,0.7,0.6,1.0,0.5,48.299996,40,9,46.0,68.999994,21.433333,1,1,1075,0,greedy_sps_baseline,solved,1,6.620494,48.250391,0.137211,0.001146,,,0.001146,0.001312,3,0,0
rho\set75\rho_0.8.py,rho,75,rho,0.8,2,5,5,0.5,0.5,0.8,0.6,1.0,0.5,55.199995,40,9,46.0,68.999994,21.433333,1,1,1075,0,ilp_v2,optimal,1,51.059294,51.029663,1.000581,0.009618,0.0,,0.009618,0.010491,3,0,0
rho\set75\rho_0.8.py,rho,75,rho,0.8,2,5,5,0.5,0.5,0.8,0.6,1.0,0.5,55.199995,40,9,46.0,68.999994,21.433333,1,1,1075,0,ilp_v3,optimal,1,49.794831,55.187019,0.902292,0.017306,0.0,,0.017306,0.017309,3,0,0
rho\set75\rho_0.8.py,rho,75,rho,0.8,2,5,5,0.5,0.5,0.8,0.6,1.0,0.5,55.199995,40,9,46.0,68.999994,21.433333,1,1,1075,0,ilp_v4,optimal,1,51.059294,54.151469,0.942898,0.030414,0.0,,0.030414,0.031714,3,0,0
rho\set75\rho_0.8.py,rho,75,rho,0.8,2,5,5,0.5,0.5,0.8,0.6,1.0,0.5,55.199995,40,9,46.0,68.999994,21.433333,1,1,1075,0,greedy_sps_baseline,solved,1,27.407491,55.132044,0.497125,0.001457,,,0.001457,0.001662,3,0,0
rho\set75\rho_0.9.py,rho,75,rho,0.9,2,5,5,0.5,0.5,0.9,0.6,1.0,0.5,62.099995,40,9,46.0,68.999994,21.433333,1,1,1075,0,ilp_v2,optimal,1,51.059294,61.078409,0.835963,0.0092,0.0,,0.0092,0.011953,3,0,0
rho\set75\rho_0.9.py,rho,75,rho,0.9,2,5,5,0.5,0.5,0.9,0.6,1.0,0.5,62.099995,40,9,46.0,68.999994,21.433333,1,1,1075,0,ilp_v3,optimal,1,51.059294,60.796763,0.839836,0.009459,0.0,,0.009459,0.010747,3,0,0
rho\set75\rho_0.9.py,rho,75,rho,0.9,2,5,5,0.5,0.5,0.9,0.6,1.0,0.5,62.099995,40,9,46.0,68.999994,21.433333,1,1,1075,0,ilp_v4,optimal,1,51.059294,61.078409,0.835963,0.015919,0.0,,0.015919,0.019001,3,0,0
rho\set75\rho_0.9.py,rho,75,rho,0.9,2,5,5,0.5,0.5,0.9,0.6,1.0,0.5,62.099995,40,9,46.0,68.999994,21.433333,1,1,1075,0,greedy_sps_baseline,solved,1,43.069136,62.006144,0.694595,0.001215,,,0.001215,0.001592,3,0,0
rho\set75\rho_1.py,rho,75,rho,1,2,5,5,0.5,0.5,1.0,0.6,1.0,0.5,68.999994,40,9,46.0,68.999994,21.433333,1,1,1075,0,ilp_v2,optimal,1,51.059294,66.949362,0.762655,0.005267,0.0,,0.005267,0.007066,3,0,0
rho\set75\rho_1.py,rho,75,rho,1,2,5,5,0.5,0.5,1.0,0.6,1.0,0.5,68.999994,40,9,46.0,68.999994,21.433333,1,1,1075,0,ilp_v3,optimal,1,51.059294,60.969535,0.837456,0.006011,0.0,,0.006011,0.012397,3,0,0
rho\set75\rho_1.py,rho,75,rho,1,2,5,5,0.5,0.5,1.0,0.6,1.0,0.5,68.999994,40,9,46.0,68.999994,21.433333,1,1,1075,0,ilp_v4,optimal,1,51.059294,66.949362,0.762655,0.011224,0.0,,0.011224,0.01659,3,0,0
rho\set75\rho_1.py,rho,75,rho,1,2,5,5,0.5,0.5,1.0,0.6,1.0,0.5,68.999994,40,9,46.0,68.999994,21.433333,1,1,1075,0,greedy_sps_baseline,solved,1,46.472436,64.448754,0.721076,0.002259,,,0.002259,0.002321,3,0,0
rho\set76\rho_0.2.py,rho,76,rho,0.2,2,5,5,0.5,0.5,0.2,0.6,1.0,0.5,13.8,40,12,46.0,68.999998,21.4,1,1,1076,0,ilp_v2,infeasible,0,,,,0.004687,,,0.004687,0.00517,3,0,0
rho\set76\rho_0.2.py,rho,76,rho,0.2,2,5,5,0.5,0.5,0.2,0.6,1.0,0.5,13.8,40,12,46.0,68.999998,21.4,1,1,1076,0,ilp_v3,infeasible,0,,,,0.00459,,,0.00459,0.005285,3,0,0
rho\set76\rho_0.2.py,rho,76,rho,0.2,2,5,5,0.5,0.5,0.2,0.6,1.0,0.5,13.8,40,12,46.0,68.999998,21.4,1,1,1076,0,ilp_v4,infeasible,0,,,,0.004227,,,0.004227,0.005177,3,0,0
rho\set76\rho_0.2.py,rho,76,rho,0.2,2,5,5,0.5,0.5,0.2,0.6,1.0,0.5,13.8,40,12,46.0,68.999998,21.4,1,1,1076,0,greedy_sps_baseline,infeasible,0,,46.0,,0.000575,,over budget: E=46.0000 > B=13.8000,0.000575,0.000663,3,0,0
rho\set76\rho_0.3.py,rho,76,rho,0.3,2,5,5,0.5,0.5,0.3,0.6,1.0,0.5,20.699999,40,12,46.0,68.999998,21.4,1,1,1076,0,ilp_v2,infeasible,0,,,,0.003575,,,0.003575,0.005674,3,0,0
rho\set76\rho_0.3.py,rho,76,rho,0.3,2,5,5,0.5,0.5,0.3,0.6,1.0,0.5,20.699999,40,12,46.0,68.999998,21.4,1,1,1076,0,ilp_v3,infeasible,0,,,,0.004371,,,0.004371,0.004452,3,0,0
rho\set76\rho_0.3.py,rho,76,rho,0.3,2,5,5,0.5,0.5,0.3,0.6,1.0,0.5,20.699999,40,12,46.0,68.999998,21.4,1,1,1076,0,ilp_v4,infeasible,0,,,,0.005724,,,0.005724,0.006921,3,0,0
rho\set76\rho_0.3.py,rho,76,rho,0.3,2,5,5,0.5,0.5,0.3,0.6,1.0,0.5,20.699999,40,12,46.0,68.999998,21.4,1,1,1076,0,greedy_sps_baseline,infeasible,0,,46.0,,0.000571,,over budget: E=46.0000 > B=20.7000,0.000571,0.00068,3,0,0
rho\set76\rho_0.4.py,rho,76,rho,0.4,2,5,5,0.5,0.5,0.4,0.6,1.0,0.5,27.599999,40,12,46.0,68.999998,21.4,1,1,1076,0,ilp_v2,optimal,1,14.857369,27.507592,0.540119,0.046918,0.0,,0.046918,0.057715,3,0,0
rho\set76\rho_0.4.py,rho,76,rho,0.4,2,5,5,0.5,0.5,0.4,0.6,1.0,0.5,27.599999,40,12,46.0,68.999998,21.4,1,1,1076,0,ilp_v3,optimal,1,12.926536,27.113054,0.476764,0.016642,0.0,,0.016642,0.017583,3,0,0
rho\set76\rho_0.4.py,rho,76,rho,0.4,2,5,5,0.5,0.5,0.4,0.6,1.0,0.5,27.599999,40,12,46.0,68.999998,21.4,1,1,1076,0,ilp_v4,optimal,1,17.074905,27.583597,0.619024,0.149832,0.0,,0.149832,0.174251,3,0,0
rho\set76\rho_0.4.py,rho,76,rho,0.4,2,5,5,0.5,0.5,0.4,0.6,1.0,0.5,27.599999,40,12,46.0,68.999998,21.4,1,1,1076,0,greedy_sps_baseline,infeasible,0,,46.0,,0.000322,,over budget: E=46.0000 > B=27.6000,0.000322,0.000408,3,0,0
rho\set76\rho_0.5.py,rho,76,rho,0.5,2,5,5,0.5,0.5,0.5,0.6,1.0,0.5,34.499999,40,12,46.0,68.999998,21.4,1,1,1076,0,ilp_v2,optimal,1,24.83643,34.340051,0.72325,0.086315,0.0,,0.086315,0.089017,3,0,0
rho\set76\rho_0.5.py,rho,76,rho,0.5,2,5,5,0.5,0.5,0.5,0.6,1.0,0.5,34.499999,40,12,46.0,68.999998,21.4,1,1,1076,0,ilp_v3,optimal,1,32.392196,34.421448,0.941047,0.101621,0.0,,0.101621,0.132127,3,0,0
rho\set76\rho_0.5.py,rho,76,rho,0.5,2,5,5,0.5,0.5,0.5,0.6,1.0,0.5,34.499999,40,12,46.0,68.999998,21.4,1,1,1076,0,ilp_v4,optimal,1,33.072394,34.484848,0.959041,0.136593,0.0,,0.136593,0.155613,3,0,0
rho\set76\rho_0.5.py,rho,76,rho,0.5,2,5,5,0.5,0.5,0.5,0.6,1.0,0.5,34.499999,40,12,46.0,68.999998,21.4,1,1,1076,0,greedy_sps_baseline,infeasible,0,,46.0,,0.000621,,over budget: E=46.0000 > B=34.5000,0.000621,0.00079,3,0,0
rho\set76\rho_0.6.py,rho,76,rho,0.6,2,5,5,0.5,0.5,0.6,0.6,1.0,0.5,41.399999,40,12,46.0,68.999998,21.4,1,1,1076,0,ilp_v2,optimal,1,35.21595,41.261842,0.853475,0.053827,0.0,,0.053827,0.060388,3,0,0
rho\set76\rho_0.6.py,rho,76,rho,0.6,2,5,5,0.5,0.5,0.6,0.6,1.0,0.5,41.399999,40,12,46.0,68.999998,21.4,1,1,1076,0,ilp_v3,optimal,1,35.21595,41.261842,0.853475,0.062305,0.0,,0.062305,0.06977,3,0,0
rho\set76\rho_0.6.py,rho,76,rho,0.6,2,5,5,0.5,0.5,0.6,0.6,1.0,0.5,41.399999,40,12,46.0,68.999998,21.4,1,1,1076,0,ilp_v4,optimal,1,39.022939,41.152557,0.948251,0.194051,0.0,,0.194051,0.235399,3,0,0
rho\set76\rho_0.6.py,rho,76,rho,0.6,2,5,5,0.5,0.5,0.6,0.6,1.0,0.5,41.399999,40,12,46.0,68.999998,21.4,1,1,1076,0,greedy_sps_baseline,infeasible,0,,46.0,,0.000671,,over budget: E=46.0000 > B=41.4000,0.000671,0.001112,3,0,0
rho\set76\rho_0.7.py,rho,76,rho,0.7,2,5,5,0.5,0.5,0.7,0.6,1.0,0.5,48.299998,40,12,46.0,68.999998,21.4,1,1,1076,0,ilp_v2,optimal,1,42.19558,48.265542,0.874238,0.068079,0.0,,0.068079,0.074524,3,0,0
rho\set76\rho_0.7.py,rho,76,rho,0.7,2,5,5,0.5,0.5,0.7,0.6,1.0,0.5,48.299998,40,12,46.0,68.999998,21.4,1,1,1076,0,ilp_v3,optimal,1,43.273385,48.287662,0.896158,0.159971,0.0,,0.159971,0.16334,3,0,0
rho\set76\rho_0.7.py,rho,76,rho,0.7,2,5,5,0.5,0.5,0.7,0.6,1.0,0.5,48.299998,40,12,46.0,68.999998,21.4,1,1,1076,0,ilp_v4,optimal,1,41.879963,48.010159,0.872315,0.199871,0.0,,0.199871,0.232557,3,0,0
rho\set76\rho_0.7.py,rho,76,rho,0.7,2,5,5,0.5,0.5,0.7,0.6,1.0,0.5,48.299998,40,12,46.0,68.999998,21.4,1,1,1076,0,greedy_sps_baseline,solved,1,6.510468,48.226903,0.134997,0.001858,,,0.001858,0.002064,3,0,0
rho\set76\rho_0.8.py,rho,76,rho,0.8,2,5,5,0.5,0.5,0.8,0.6,1.0,0.5,55.199998,40,12,46.0,68.999998,21.4,1,1,1076,0,ilp_v2,optimal,1,44.666808,52.010553,0.858803,0.013987,0.0,,0.013987,0.017645,3,0,0
rho\set76\rho_0.8.py,rho,76,rho,0.8,2,5,5,0.5,0.5,0.8,0.6,1.0,0.5,55.199998,40,12,46.0,68.999998,21.4,1,1,1076,0,ilp_v3,optimal,1,43.717424,55.121838,0.793105,0.054749,0.0,,0.054749,0.067574,3,0,0
rho\set76\rho_0.8.py,rho,76,rho,0.8,2,5,5,0.5,0.5,0.8,0.6,1.0,0.5,55.199998,40,12,46.0,68.999998,21.4,1,1,1076,0,ilp_v4,optimal,1,44.666808,53.086059,0.841404,0.069057,0.0,,0.069057,0.097624,3,0,0
rho\set76\rho_0.8.py,rho,76,rho,0.8,2,5,5,0.5,0.5,0.8,0.6,1.0,0.5,55.199998,40,12,46.0,68.999998,21.4,1,1,1076,0,greedy_sps_baseline,solved,1,19.546132,54.801412,0.356672,0.003487,,,0.003487,0.00571,3,0,0
rho\set76\rho_0.9.py,rho,76,rho,0.9,2,5,5,0.5,0.5,0.9,0.6,1.0,0.5,62.099998,40,12,46.0,68.999998,21.4,1,1,1076,0,ilp_v2,optimal,1,44.666808,56.408886,0.79184,0.006771,0.0,,0.006771,0.007277,3,0,0
rho\set76\rho_0.9.py,rho,76,rho,0.9,2,5,5,0.5,0.5,0.9,0.6,1.0,0.5,62.099998,40,12,46.0,68.999998,21.4,1,1,1076,0,ilp_v3,optimal,1,44.666808,61.822018,0.722506,0.01151,0.0,,0.01151,0.012538,3,0,0
rho\set76\rho_0.9.py,rho,76,rho,0.9,2,5,5,0.5,0.5,0.9,0.6,1.0,0.5,62.099998,40,12,46.0,68.999998,21.4,1,1,1076,0,ilp_v4,optimal,1,44.666808,56.408886,0.79184,0.01808,0.0,,0.01808,0.028129,3,0,0
rho\set76\rho_0.9.py,rho,76,rho,0.9,2,5,5,0.5,0.5,0.9,0.6,1.0,0.5,62.099998,40,12,46.0,68.999998,21.4,1,1,1076,0,greedy_sps_baseline,solved,1,37.138249,61.930369,0.599678,0.00184,,,0.00184,0.002898,3,0,0
rho\set76\rho_1.py,rho,76,rho,1,2,5,5,0.5,0.5,1.0,0.6,1.0,0.5,68.999998,40,12,46.0,68.999998,21.4,1,1,1076,0,ilp_v2,optimal,1,44.666808,68.999998,0.647345,0.005073,0.0,,0.005073,0.011982,3,0,0
rho\set76\rho_1.py,rho,76,rho,1,2,5,5,0.5,0.5,1.0,0.6,1.0,0.5,68.999998,40,12,46.0,68.999998,21.4,1,1,1076,0,ilp_v3,optimal,1,44.666808,68.999998,0.647345,0.003803,0.0,,0.003803,0.008399,3,0,0
rho\set76\rho_1.py,rho,76,rho,1,2,5,5,0.5,0.5,1.0,0.6,1.0,0.5,68.999998,40,12,46.0,68.999998,21.4,1,1,1076,0,ilp_v4,optimal,1,44.666808,68.999998,0.647345,0.01174,0.0,,0.01174,0.019359,3,0,0
rho\set76\rho_1.py,rho,76,rho,1,2,5,5,0.5,0.5,1.0,0.6,1.0,0.5,68.999998,40,12,46.0,68.999998,21.4,1,1,1076,0,greedy_sps_baseline,solved,1,44.666808,68.999998,0.647345,0.002717,,,0.002717,0.003511,3,0,0
rho\set77\rho_0.2.py,rho,77,rho,0.2,2,5,5,0.5,0.5,0.2,0.6,1.0,0.5,13.8,40,13,46.000002,69.000002,21.433334,1,1,1077,0,ilp_v2,infeasible,0,,,,0.003297,,,0.003297,0.006415,3,0,0
rho\set77\rho_0.2.py,rho,77,rho,0.2,2,5,5,0.5,0.5,0.2,0.6,1.0,0.5,13.8,40,13,46.000002,69.000002,21.433334,1,1,1077,0,ilp_v3,infeasible,0,,,,0.00325,,,0.00325,0.007448,3,0,0
rho\set77\rho_0.2.py,rho,77,rho,0.2,2,5,5,0.5,0.5,0.2,0.6,1.0,0.5,13.8,40,13,46.000002,69.000002,21.433334,1,1,1077,0,ilp_v4,infeasible,0,,,,0.006303,,,0.006303,0.007832,3,0,0
rho\set77\rho_0.2.py,rho,77,rho,0.2,2,5,5,0.5,0.5,0.2,0.6,1.0,0.5,13.8,40,13,46.000002,69.000002,21.433334,1,1,1077,0,greedy_sps_baseline,infeasible,0,,46.000002,,0.000403,,over budget: E=46.0000 > B=13.8000,0.000403,0.000936,3,0,0
rho\set77\rho_0.3.py,rho,77,rho,0.3,2,5,5,0.5,0.5,0.3,0.6,1.0,0.5,20.700001,40,13,46.000002,69.000002,21.433334,1,1,1077,0,ilp_v2,infeasible,0,,,,0.004463,,,0.004463,0.008115,3,0,0
rho\set77\rho_0.3.py,rho,77,rho,0.3,2,5,5,0.5,0.5,0.3,0.6,1.0,0.5,20.700001,40,13,46.000002,69.000002,21.433334,1,1,1077,0,ilp_v3,infeasible,0,,,,0.006027,,,0.006027,0.006667,3,0,0
rho\set77\rho_0.3.py,rho,77,rho,0.3,2,5,5,0.5,0.5,0.3,0.6,1.0,0.5,20.700001,40,13,46.000002,69.000002,21.433334,1,1,1077,0,ilp_v4,infeasible,0,,,,0.003823,,,0.003823,0.005167,3,0,0
rho\set77\rho_0.3.py,rho,77,rho,0.3,2,5,5,0.5,0.5,0.3,0.6,1.0,0.5,20.700001,40,13,46.000002,69.000002,21.433334,1,1,1077,0,greedy_sps_baseline,infeasible,0,,46.000002,,0.000509,,over budget: E=46.0000 > B=20.7000,0.000509,0.000633,3,0,0
rho\set77\rho_0.4.py,rho,77,rho,0.4,2,5,5,0.5,0.5,0.4,0.6,1.0,0.5,27.600001,40,13,46.000002,69.000002,21.433334,1,1,1077,0,ilp_v2,optimal,1,26.636886,27.598726,0.965149,0.344765,0.0,,0.344765,0.581222,3,0,0
rho\set77\rho_0.4.py,rho,77,rho,0.4,2,5,5,0.5,0.5,0.4,0.6,1.0,0.5,27.600001,40,13,46.000002,69.000002,21.433334,1,1,1077,0,ilp_v3,optimal,1,25.63032,27.548073,0.930385,0.257513,0.0,,0.257513,0.297547,3,0,0
rho\set77\rho_0.4.py,rho,77,rho,0.4,2,5,5,0.5,0.5,0.4,0.6,1.0,0.5,27.600001,40,13,46.000002,69.000002,21.433334,1,1,1077,0,ilp_v4,optimal,1,27.089919,27.526272,0.984148,0.357911,0.0,,0.357911,0.382806,3,0,0
rho\set77\rho_0.4.py,rho,77,rho,0.4,2,5,5,0.5,0.5,0.4,0.6,1.0,0.5,27.600001,40,13,46.000002,69.000002,21.433334,1,1,1077,0,greedy_sps_baseline,infeasible,0,,46.000002,,0.000729,,over budget: E=46.0000 > B=27.6000,0.000729,0.000866,3,0,0
rho\set77\rho_0.5.py,rho,77,rho,0.5,2,5,5,0.5,0.5,0.5,0.6,1.0,0.5,34.500001,40,13,46.000002,69.000002,21.433334,1,1,1077,0,ilp_v2,optimal,1,50.717146,34.486666,1.470631,1.05256,0.0,,1.05256,1.150893,3,0,0
rho\set77\rho_0.5.py,rho,77,rho,0.5,2,5,5,0.5,0.5,0.5,0.6,1.0,0.5,34.500001,40,13,46.000002,69.000002,21.433334,1,1,1077,0,ilp_v3,optimal,1,50.162588,34.4797,1.454844,0.270451,0.0,,0.270451,0.308638,3,0,0
rho\set77\rho_0.5.py,rho,77,rho,0.5,2,5,5,0.5,0.5,0.5,0.6,1.0,0.5,34.500001,40,13,46.000002,69.000002,21.433334,1,1,1077,0,ilp_v4,optimal,1,50.499888,34.493303,1.464049,0.693073,0.0,,0.693073,0.878856,3,0,0
rho\set77\rho_0.5.py,rho,77,rho,0.5,2,5,5,0.5,0.5,0.5,0.6,1.0,0.5,34.500001,40,13,46.000002,69.000002,21.433334,1,1,1077,0,greedy_sps_baseline,infeasible,0,,46.000002,,0.001033,,over budget: E=46.0000 > B=34.5000,0.001033,0.001261,3,0,0
rho\set77\rho_0.6.py,rho,77,rho,0.6,2,5,5,0.5,0.5,0.6,0.6,1.0,0.5,41.400001,40,13,46.000002,69.000002,21.433334,1,1,1077,0,ilp_v2,optimal,1,73.996009,41.379758,1.788218,0.273228,0.0,,0.273228,0.288492,3,0,0
rho\set77\rho_0.6.py,rho,77,rho,0.6,2,5,5,0.5,0.5,0.6,0.6,1.0,0.5,41.400001,40,13,46.000002,69.000002,21.433334,1,1,1077,0,ilp_v3,error,0,,,,0.537996,,"GurobiError(10001, 'Out of memory')",0.537996,1.396461,3,0,0
rho\set77\rho_0.6.py,rho,77,rho,0.6,2,5,5,0.5,0.5,0.6,0.6,1.0,0.5,41.400001,40,13,46.000002,69.000002,21.433334,1,1,1077,0,ilp_v4,optimal,1,73.719619,41.344723,1.783048,0.30604,0.0,,0.30604,0.351932,3,0,0
rho\set77\rho_0.6.py,rho,77,rho,0.6,2,5,5,0.5,0.5,0.6,0.6,1.0,0.5,41.400001,40,13,46.000002,69.000002,21.433334,1,1,1077,0,greedy_sps_baseline,infeasible,0,,46.000002,,0.000679,,over budget: E=46.0000 > B=41.4000,0.000679,0.000801,3,0,0
rho\set77\rho_0.7.py,rho,77,rho,0.7,2,5,5,0.5,0.5,0.7,0.6,1.0,0.5,48.300002,40,13,46.000002,69.000002,21.433334,1,1,1077,0,ilp_v2,optimal,1,92.186962,48.005995,1.920322,0.053008,0.0,,0.053008,0.060696,3,0,0
rho\set77\rho_0.7.py,rho,77,rho,0.7,2,5,5,0.5,0.5,0.7,0.6,1.0,0.5,48.300002,40,13,46.000002,69.000002,21.433334,1,1,1077,0,ilp_v3,optimal,1,84.871441,48.243415,1.759234,0.124569,0.0,,0.124569,0.141822,3,0,0
rho\set77\rho_0.7.py,rho,77,rho,0.7,2,5,5,0.5,0.5,0.7,0.6,1.0,0.5,48.300002,40,13,46.000002,69.000002,21.433334,1,1,1077,0,ilp_v4,optimal,1,91.625232,47.872191,1.913955,0.143254,0.0,,0.143254,0.173778,3,0,0
rho\set77\rho_0.7.py,rho,77,rho,0.7,2,5,5,0.5,0.5,0.7,0.6,1.0,0.5,48.300002,40,13,46.000002,69.000002,21.433334,1,1,1077,0,greedy_sps_baseline,solved,1,9.18322,48.219392,0.190447,0.001713,,,0.001713,0.001887,3,0,0
rho\set77\rho_0.8.py,rho,77,rho,0.8,2,5,5,0.5,0.5,0.8,0.6,1.0,0.5,55.200002,40,13,46.000002,69.000002,21.433334,1,1,1077,0,ilp_v2,optimal,1,93.692206,50.86996,1.841798,0.010117,0.0,,0.010117,0.015771,3,0,0
rho\set77\rho_0.8.py,rho,77,rho,0.8,2,5,5,0.5,0.5,0.8,0.6,1.0,0.5,55.200002,40,13,46.000002,69.000002,21.433334,1,1,1077,0,ilp_v3,optimal,1,93.692206,51.207136,1.829671,0.011104,0.0,,0.011104,0.013028,3,0,0
rho\set77\rho_0.8.py,rho,77,rho,0.8,2,5,5,0.5,0.5,0.8,0.6,1.0,0.5,55.200002,40,13,46.000002,69.000002,21.433334,1,1,1077,0,ilp_v4,optimal,1,93.692206,52.521117,1.783896,0.042107,0.0,,0.042107,0.051508,3,0,0
rho\set77\rho_0.8.py,rho,77,rho,0.8,2,5,5,0.5,0.5,0.8,0.6,1.0,0.5,55.200002,40,13,46.000002,69.000002,21.433334,1,1,1077,0,greedy_sps_baseline,solved,1,38.869563,55.180749,0.704404,0.001815,,,0.001815,0.002119,3,0,0
rho\set77\rho_0.9.py,rho,77,rho,0.9,2,5,5,0.5,0.5,0.9,0.6,1.0,0.5,62.100002,40,13,46.000002,69.000002,21.433334,1,1,1077,0,ilp_v2,optimal,1,93.692206,56.105112,1.669941,0.008607,0.0,,0.008607,0.012792,3,0,0
rho\set77\rho_0.9.py,rho,77,rho,0.9,2,5,5,0.5,0.5,0.9,0.6,1.0,0.5,62.100002,40,13,46.000002,69.000002,21.433334,1,1,1077,0,ilp_v3,optimal,1,93.692206,58.048448,1.614035,0.010443,0.0,,0.010443,0.011903,3,0,0
rho\set77\rho_0.9.py,rho,77,rho,0.9,2,5,5,0.5,0.5,0.9,0.6,1.0,0.5,62.100002,40,13,46.000002,69.000002,21.433334,1,1,1077,0,ilp_v4,optimal,1,93.692206,61.186145,1.531265,0.040594,0.0,,0.040594,0.046835,3,0,0
rho\set77\rho_0.9.py,rho,77,rho,0.9,2,5,5,0.5,0.5,0.9,0.6,1.0,0.5,62.100002,40,13,46.000002,69.000002,21.433334,1,1,1077,0,greedy_sps_baseline,solved,1,66.714805,62.051471,1.075153,0.005095,,,0.005095,0.006284,3,0,0
rho\set77\rho_1.py,rho,77,rho,1,2,5,5,0.5,0.5,1.0,0.6,1.0,0.5,69.000002,40,13,46.000002,69.000002,21.433334,1,1,1077,0,ilp_v2,optimal,1,93.692206,56.105112,1.669941,0.00926,0.0,,0.00926,0.010594,3,0,0
rho\set77\rho_1.py,rho,77,rho,1,2,5,5,0.5,0.5,1.0,0.6,1.0,0.5,69.000002,40,13,46.000002,69.000002,21.433334,1,1,1077,0,ilp_v3,optimal,1,93.692206,53.684451,1.745239,0.010278,0.0,,0.010278,0.012088,3,0,0
rho\set77\rho_1.py,rho,77,rho,1,2,5,5,0.5,0.5,1.0,0.6,1.0,0.5,69.000002,40,13,46.000002,69.000002,21.433334,1,1,1077,0,ilp_v4,optimal,1,93.692206,61.186145,1.531265,0.02222,0.0,,0.02222,0.035553,3,0,0
rho\set77\rho_1.py,rho,77,rho,1,2,5,5,0.5,0.5,1.0,0.6,1.0,0.5,69.000002,40,13,46.000002,69.000002,21.433334,1,1,1077,0,greedy_sps_baseline,solved,1,93.503579,68.938792,1.356327,0.005324,,,0.005324,0.009365,3,0,0
rho\set78\rho_0.2.py,rho,78,rho,0.2,2,5,5,0.5,0.5,0.2,0.6,1.0,0.5,13.8,40,11,45.999999,69.0,21.399999,1,1,1078,0,ilp_v2,infeasible,0,,,,0.00431,,,0.00431,0.005531,3,0,0
rho\set78\rho_0.2.py,rho,78,rho,0.2,2,5,5,0.5,0.5,0.2,0.6,1.0,0.5,13.8,40,11,45.999999,69.0,21.399999,1,1,1078,0,ilp_v3,infeasible,0,,,,0.002827,,,0.002827,0.005024,3,0,0
rho\set78\rho_0.2.py,rho,78,rho,0.2,2,5,5,0.5,0.5,0.2,0.6,1.0,0.5,13.8,40,11,45.999999,69.0,21.399999,1,1,1078,0,ilp_v4,infeasible,0,,,,0.002569,,,0.002569,0.002769,3,0,0
rho\set78\rho_0.2.py,rho,78,rho,0.2,2,5,5,0.5,0.5,0.2,0.6,1.0,0.5,13.8,40,11,45.999999,69.0,21.399999,1,1,1078,0,greedy_sps_baseline,infeasible,0,,45.999999,,0.000692,,over budget: E=46.0000 > B=13.8000,0.000692,0.000788,3,0,0
rho\set78\rho_0.3.py,rho,78,rho,0.3,2,5,5,0.5,0.5,0.3,0.6,1.0,0.5,20.7,40,11,45.999999,69.0,21.399999,1,1,1078,0,ilp_v2,infeasible,0,,,,0.002632,,,0.002632,0.00271,3,0,0
rho\set78\rho_0.3.py,rho,78,rho,0.3,2,5,5,0.5,0.5,0.3,0.6,1.0,0.5,20.7,40,11,45.999999,69.0,21.399999,1,1,1078,0,ilp_v3,infeasible,0,,,,0.002375,,,0.002375,0.005325,3,0,0
rho\set78\rho_0.3.py,rho,78,rho,0.3,2,5,5,0.5,0.5,0.3,0.6,1.0,0.5,20.7,40,11,45.999999,69.0,21.399999,1,1,1078,0,ilp_v4,infeasible,0,,,,0.002346,,,0.002346,0.003281,3,0,0
rho\set78\rho_0.3.py,rho,78,rho,0.3,2,5,5,0.5,0.5,0.3,0.6,1.0,0.5,20.7,40,11,45.999999,69.0,21.399999,1,1,1078,0,greedy_sps_baseline,infeasible,0,,45.999999,,0.00031,,over budget: E=46.0000 > B=20.7000,0.00031,0.000421,3,0,0
rho\set78\rho_0.4.py,rho,78,rho,0.4,2,5,5,0.5,0.5,0.4,0.6,1.0,0.5,27.6,40,11,45.999999,69.0,21.399999,1,1,1078,0,ilp_v2,optimal,1,16.266937,27.591519,0.589563,0.041373,0.0,,0.041373,0.046039,3,0,0
rho\set78\rho_0.4.py,rho,78,rho,0.4,2,5,5,0.5,0.5,0.4,0.6,1.0,0.5,27.6,40,11,45.999999,69.0,21.399999,1,1,1078,0,ilp_v3,optimal,1,15.7539,27.594121,0.570915,0.064394,0.0,,0.064394,0.074534,3,0,0
rho\set78\rho_0.4.py,rho,78,rho,0.4,2,5,5,0.5,0.5,0.4,0.6,1.0,0.5,27.6,40,11,45.999999,69.0,21.399999,1,1,1078,0,ilp_v4,optimal,1,16.489078,27.597398,0.597487,0.09232,0.0,,0.09232,0.099382,3,0,0
rho\set78\rho_0.4.py,rho,78,rho,0.4,2,5,5,0.5,0.5,0.4,0.6,1.0,0.5,27.6,40,11,45.999999,69.0,21.399999,1,1,1078,0,greedy_sps_baseline,infeasible,0,,45.999999,,0.000551,,over budget: E=46.0000 > B=27.6000,0.000551,0.000763,3,0,0
rho\set78\rho_0.5.py,rho,78,rho,0.5,2,5,5,0.5,0.5,0.5,0.6,1.0,0.5,34.5,40,11,45.999999,69.0,21.399999,1,1,1078,0,ilp_v2,optimal,1,35.425813,34.486857,1.027226,0.022153,0.0,,0.022153,0.031858,3,0,0
rho\set78\rho_0.5.py,rho,78,rho,0.5,2,5,5,0.5,0.5,0.5,0.6,1.0,0.5,34.5,40,11,45.999999,69.0,21.399999,1,1,1078,0,ilp_v3,optimal,1,36.647698,34.480708,1.062846,0.016423,0.0,,0.016423,0.018527,3,0,0
rho\set78\rho_0.5.py,rho,78,rho,0.5,2,5,5,0.5,0.5,0.5,0.6,1.0,0.5,34.5,40,11,45.999999,69.0,21.399999,1,1,1078,0,ilp_v4,optimal,1,34.615761,34.432211,1.005331,0.140662,0.0,,0.140662,0.147256,3,0,0
rho\set78\rho_0.5.py,rho,78,rho,0.5,2,5,5,0.5,0.5,0.5,0.6,1.0,0.5,34.5,40,11,45.999999,69.0,21.399999,1,1,1078,0,greedy_sps_baseline,infeasible,0,,45.999999,,0.000591,,over budget: E=46.0000 > B=34.5000,0.000591,0.000712,3,0,0
rho\set78\rho_0.6.py,rho,78,rho,0.6,2,5,5,0.5,0.5,0.6,0.6,1.0,0.5,41.4,40,11,45.999999,69.0,21.399999,1,1,1078,0,ilp_v2,optimal,1,44.040959,41.275326,1.067005,0.079862,0.0,,0.079862,0.087568,3,0,0
rho\set78\rho_0.6.py,rho,78,rho,0.6,2,5,5,0.5,0.5,0.6,0.6,1.0,0.5,41.4,40,11,45.999999,69.0,21.399999,1,1,1078,0,ilp_v3,optimal,1,42.403478,41.394189,1.024382,0.082807,0.0,,0.082807,0.089666,3,0,0
rho\set78\rho_0.6.py,rho,78,rho,0.6,2,5,5,0.5,0.5,0.6,0.6,1.0,0.5,41.4,40,11,45.999999,69.0,21.399999,1,1,1078,0,ilp_v4,optimal,1,44.473392,41.304586,1.076718,0.108806,0.0,,0.108806,0.115859,3,0,0
rho\set78\rho_0.6.py,rho,78,rho,0.6,2,5,5,0.5,0.5,0.6,0.6,1.0,0.5,41.4,40,11,45.999999,69.0,21.399999,1,1,1078,0,greedy_sps_baseline,infeasible,0,,45.999999,,0.000556,,over budget: E=46.0000 > B=41.4000,0.000556,0.000709,3,0,0
rho\set78\rho_0.7.py,rho,78,rho,0.7,2,5,5,0.5,0.5,0.7,0.6,1.0,0.5,48.3,40,11,45.999999,69.0,21.399999,1,1,1078,0,ilp_v2,optimal,1,50.587977,47.959413,1.054808,0.029482,0.0,,0.029482,0.030975,3,0,0
rho\set78\rho_0.7.py,rho,78,rho,0.7,2,5,5,0.5,0.5,0.7,0.6,1.0,0.5,48.3,40,11,45.999999,69.0,21.399999,1,1,1078,0,ilp_v3,optimal,1,50.276578,47.969065,1.048104,0.08273,0.0,,0.08273,0.123573,3,0,0
rho\set78\rho_0.7.py,rho,78,rho,0.7,2,5,5,0.5,0.5,0.7,0.6,1.0,0.5,48.3,40,11,45.999999,69.0,21.399999,1,1,1078,0,ilp_v4,optimal,1,50.180491,47.821206,1.049336,0.107704,0.0,,0.107704,0.11303,3,0,0
rho\set78\rho_0.7.py,rho,78,rho,0.7,2,5,5,0.5,0.5,0.7,0.6,1.0,0.5,48.3,40,11,45.999999,69.0,21.399999,1,1,1078,0,greedy_sps_baseline,solved,1,3.976055,47.816505,0.083152,0.001265,,,0.001265,0.001405,3,0,0
rho\set78\rho_0.8.py,rho,78,rho,0.8,2,5,5,0.5,0.5,0.8,0.6,1.0,0.5,55.2,40,11,45.999999,69.0,21.399999,1,1,1078,0,ilp_v2,optimal,1,54.349128,55.167259,0.98517,0.020037,0.0,,0.020037,0.022879,3,0,0
rho\set78\rho_0.8.py,rho,78,rho,0.8,2,5,5,0.5,0.5,0.8,0.6,1.0,0.5,55.2,40,11,45.999999,69.0,21.399999,1,1,1078,0,ilp_v3,optimal,1,54.480773,54.749222,0.995097,0.018462,0.0,,0.018462,0.022679,3,0,0
rho\set78\rho_0.8.py,rho,78,rho,0.8,2,5,5,0.5,0.5,0.8,0.6,1.0,0.5,55.2,40,11,45.999999,69.0,21.399999,1,1,1078,0,ilp_v4,optimal,1,54.480773,53.863777,1.011455,0.049613,0.0,,0.049613,0.051631,3,0,0
rho\set78\rho_0.8.py,rho,78,rho,0.8,2,5,5,0.5,0.5,0.8,0.6,1.0,0.5,55.2,40,11,45.999999,69.0,21.399999,1,1,1078,0,greedy_sps_baseline,solved,1,31.316022,54.745032,0.572034,0.001553,,,0.001553,0.002087,3,0,0
rho\set78\rho_0.9.py,rho,78,rho,0.9,2,5,5,0.5,0.5,0.9,0.6,1.0,0.5,62.1,40,11,45.999999,69.0,21.399999,1,1,1078,0,ilp_v2,optimal,1,54.480773,56.540209,0.963576,0.008144,0.0,,0.008144,0.011744,3,0,0
rho\set78\rho_0.9.py,rho,78,rho,0.9,2,5,5,0.5,0.5,0.9,0.6,1.0,0.5,62.1,40,11,45.999999,69.0,21.399999,1,1,1078,0,ilp_v3,optimal,1,54.480773,61.148396,0.89096,0.01222,0.0,,0.01222,0.014867,3,0,0
rho\set78\rho_0.9.py,rho,78,rho,0.9,2,5,5,0.5,0.5,0.9,0.6,1.0,0.5,62.1,40,11,45.999999,69.0,21.399999,1,1,1078,0,ilp_v4,optimal,1,54.480773,56.540209,0.963576,0.019934,0.0,,0.019934,0.020635,3,0,0
rho\set78\rho_0.9.py,rho,78,rho,0.9,2,5,5,0.5,0.5,0.9,0.6,1.0,0.5,62.1,40,11,45.999999,69.0,21.399999,1,1,1078,0,greedy_sps_baseline,solved,1,45.663462,61.962285,0.736956,0.002288,,,0.002288,0.002469,3,0,0
rho\set78\rho_1.py,rho,78,rho,1,2,5,5,0.5,0.5,1.0,0.6,1.0,0.5,69.0,40,11,45.999999,69.0,21.399999,1,1,1078,0,ilp_v2,optimal,1,54.480773,69.0,0.789576,0.004034,0.0,,0.004034,0.004829,3,0,0
rho\set78\rho_1.py,rho,78,rho,1,2,5,5,0.5,0.5,1.0,0.6,1.0,0.5,69.0,40,11,45.999999,69.0,21.399999,1,1,1078,0,ilp_v3,optimal,1,54.480773,69.0,0.789576,0.00408,0.0,,0.00408,0.0048,3,0,0
rho\set78\rho_1.py,rho,78,rho,1,2,5,5,0.5,0.5,1.0,0.6,1.0,0.5,69.0,40,11,45.999999,69.0,21.399999,1,1,1078,0,ilp_v4,optimal,1,54.480773,69.0,0.789576,0.011617,0.0,,0.011617,0.011835,3,0,0
rho\set78\rho_1.py,rho,78,rho,1,2,5,5,0.5,0.5,1.0,0.6,1.0,0.5,69.0,40,11,45.999999,69.0,21.399999,1,1,1078,0,greedy_sps_baseline,solved,1,54.480773,69.0,0.789576,0.002297,,,0.002297,0.003085,3,0,0
rho\set79\rho_0.2.py,rho,79,rho,0.2,2,5,5,0.5,0.5,0.2,0.6,1.0,0.5,13.8,40,10,46.000001,68.999999,21.400001,1,1,1079,0,ilp_v2,infeasible,0,,,,0.00326,,,0.00326,0.003592,3,0,0
rho\set79\rho_0.2.py,rho,79,rho,0.2,2,5,5,0.5,0.5,0.2,0.6,1.0,0.5,13.8,40,10,46.000001,68.999999,21.400001,1,1,1079,0,ilp_v3,infeasible,0,,,,0.003479,,,0.003479,0.004268,3,0,0
rho\set79\rho_0.2.py,rho,79,rho,0.2,2,5,5,0.5,0.5,0.2,0.6,1.0,0.5,13.8,40,10,46.000001,68.999999,21.400001,1,1,1079,0,ilp_v4,infeasible,0,,,,0.003401,,,0.003401,0.005147,3,0,0
rho\set79\rho_0.2.py,rho,79,rho,0.2,2,5,5,0.5,0.5,0.2,0.6,1.0,0.5,13.8,40,10,46.000001,68.999999,21.400001,1,1,1079,0,greedy_sps_baseline,infeasible,0,,46.000001,,0.000363,,over budget: E=46.0000 > B=13.8000,0.000363,0.000634,3,0,0
rho\set79\rho_0.3.py,rho,79,rho,0.3,2,5,5,0.5,0.5,0.3,0.6,1.0,0.5,20.7,40,10,46.000001,68.999999,21.400001,1,1,1079,0,ilp_v2,infeasible,0,,,,0.003414,,,0.003414,0.003519,3,0,0
rho\set79\rho_0.3.py,rho,79,rho,0.3,2,5,5,0.5,0.5,0.3,0.6,1.0,0.5,20.7,40,10,46.000001,68.999999,21.400001,1,1,1079,0,ilp_v3,infeasible,0,,,,0.003418,,,0.003418,0.003558,3,0,0
rho\set79\rho_0.3.py,rho,79,rho,0.3,2,5,5,0.5,0.5,0.3,0.6,1.0,0.5,20.7,40,10,46.000001,68.999999,21.400001,1,1,1079,0,ilp_v4,infeasible,0,,,,0.00368,,,0.00368,0.004299,3,0,0
rho\set79\rho_0.3.py,rho,79,rho,0.3,2,5,5,0.5,0.5,0.3,0.6,1.0,0.5,20.7,40,10,46.000001,68.999999,21.400001,1,1,1079,0,greedy_sps_baseline,infeasible,0,,46.000001,,0.000362,,over budget: E=46.0000 > B=20.7000,0.000362,0.000513,3,0,0
rho\set79\rho_0.4.py,rho,79,rho,0.4,2,5,5,0.5,0.5,0.4,0.6,1.0,0.5,27.6,40,10,46.000001,68.999999,21.400001,1,1,1079,0,ilp_v2,optimal,1,16.20867,27.592635,0.587427,0.111899,0.0,,0.111899,0.160185,3,0,0
rho\set79\rho_0.4.py,rho,79,rho,0.4,2,5,5,0.5,0.5,0.4,0.6,1.0,0.5,27.6,40,10,46.000001,68.999999,21.400001,1,1,1079,0,ilp_v3,optimal,1,15.096437,27.539764,0.548169,0.033197,0.0,,0.033197,0.034413,3,0,0
rho\set79\rho_0.4.py,rho,79,rho,0.4,2,5,5,0.5,0.5,0.4,0.6,1.0,0.5,27.6,40,10,46.000001,68.999999,21.400001,1,1,1079,0,ilp_v4,optimal,1,17.267945,27.599317,0.625666,0.139106,0.0,,0.139106,0.157624,3,0,0
rho\set79\rho_0.4.py,rho,79,rho,0.4,2,5,5,0.5,0.5,0.4,0.6,1.0,0.5,27.6,40,10,46.000001,68.999999,21.400001,1,1,1079,0,greedy_sps_baseline,infeasible,0,,46.000001,,0.000434,,over budget: E=46.0000 > B=27.6000,0.000434,0.00062,3,0,0
rho\set79\rho_0.5.py,rho,79,rho,0.5,2,5,5,0.5,0.5,0.5,0.6,1.0,0.5,34.499999,40,10,46.000001,68.999999,21.400001,1,1,1079,0,ilp_v2,optimal,1,39.981638,34.418038,1.161648,0.028066,0.0,,0.028066,0.036869,3,0,0
rho\set79\rho_0.5.py,rho,79,rho,0.5,2,5,5,0.5,0.5,0.5,0.6,1.0,0.5,34.499999,40,10,46.000001,68.999999,21.400001,1,1,1079,0,ilp_v3,optimal,1,31.228226,34.429854,0.90701,0.128012,0.0,,0.128012,0.136262,3,0,0
rho\set79\rho_0.5.py,rho,79,rho,0.5,2,5,5,0.5,0.5,0.5,0.6,1.0,0.5,34.499999,40,10,46.000001,68.999999,21.400001,1,1,1079,0,ilp_v4,optimal,1,40.994901,34.499726,1.188267,0.150207,0.0,,0.150207,0.157976,3,0,0
rho\set79\rho_0.5.py,rho,79,rho,0.5,2,5,5,0.5,0.5,0.5,0.6,1.0,0.5,34.499999,40,10,46.000001,68.999999,21.400001,1,1,1079,0,greedy_sps_baseline,infeasible,0,,46.000001,,0.00041,,over budget: E=46.0000 > B=34.5000,0.00041,0.000556,3,0,0
rho\set79\rho_0.6.py,rho,79,rho,0.6,2,5,5,0.5,0.5,0.6,0.6,1.0,0.5,41.399999,40,10,46.000001,68.999999,21.400001,1,1,1079,0,ilp_v2,optimal,1,48.419256,41.136554,1.177037,0.013507,0.0,,0.013507,0.014795,3,0,0
rho\set79\rho_0.6.py,rho,79,rho,0.6,2,5,5,0.5,0.5,0.6,0.6,1.0,0.5,41.399999,40,10,46.000001,68.999999,21.400001,1,1,1079,0,ilp_v3,optimal,1,43.533171,41.376882,1.052113,0.044494,0.0,,0.044494,0.045937,3,0,0
rho\set79\rho_0.6.py,rho,79,rho,0.6,2,5,5,0.5,0.5,0.6,0.6,1.0,0.5,41.399999,40,10,46.000001,68.999999,21.400001,1,1,1079,0,ilp_v4,optimal,1,48.419256,41.328664,1.171566,0.050196,0.0,,0.050196,0.053422,3,0,0
rho\set79\rho_0.6.py,rho,79,rho,0.6,2,5,5,0.5,0.5,0.6,0.6,1.0,0.5,41.399999,40,10,46.000001,68.999999,21.400001,1,1,1079,0,greedy_sps_baseline,infeasible,0,,46.000001,,0.000329,,over budget: E=46.0000 > B=41.4000,0.000329,0.000464,3,0,0
rho\set79\rho_0.7.py,rho,79,rho,0.7,2,5,5,0.5,0.5,0.7,0.6,1.0,0.5,48.299999,40,10,46.000001,68.999999,21.400001,1,1,1079,0,ilp_v2,optimal,1,52.87521,48.267597,1.09546,0.149642,0.0,,0.149642,0.166638,3,0,0
rho\set79\rho_0.7.py,rho,79,rho,0.7,2,5,5,0.5,0.5,0.7,0.6,1.0,0.5,48.299999,40,10,46.000001,68.999999,21.400001,1,1,1079,0,ilp_v3,optimal,1,49.07913,48.270707,1.016748,0.120966,0.0,,0.120966,0.123753,3,0,0
rho\set79\rho_0.7.py,rho,79,rho,0.7,2,5,5,0.5,0.5,0.7,0.6,1.0,0.5,48.299999,40,10,46.000001,68.999999,21.400001,1,1,1079,0,ilp_v4,optimal,1,52.463924,48.293234,1.086362,0.086931,0.0,,0.086931,0.093969,3,0,0
rho\set79\rho_0.7.py,rho,79,rho,0.7,2,5,5,0.5,0.5,0.7,0.6,1.0,0.5,48.299999,40,10,46.000001,68.999999,21.400001,1,1,1079,0,greedy_sps_baseline,solved,1,8.192411,48.29748,0.169624,0.001777,,,0.001777,0.001952,3,0,0
rho\set79\rho_0.8.py,rho,79,rho,0.8,2,5,5,0.5,0.5,0.8,0.6,1.0,0.5,55.199999,40,10,46.000001,68.999999,21.400001,1,1,1079,0,ilp_v2,optimal,1,54.431984,55.162573,0.986756,0.007952,0.0,,0.007952,0.008206,3,0,0
rho\set79\rho_0.8.py,rho,79,rho,0.8,2,5,5,0.5,0.5,0.8,0.6,1.0,0.5,55.199999,40,10,46.000001,68.999999,21.400001,1,1,1079,0,ilp_v3,optimal,1,54.431984,53.545166,1.016562,0.007187,0.0,,0.007187,0.007297,3,0,0
rho\set79\rho_0.8.py,rho,79,rho,0.8,2,5,5,0.5,0.5,0.8,0.6,1.0,0.5,55.199999,40,10,46.000001,68.999999,21.400001,1,1,1079,0,ilp_v4,optimal,1,54.431984,53.650942,1.014558,0.031839,0.0,,0.031839,0.032659,3,0,0
rho\set79\rho_0.8.py,rho,79,rho,0.8,2,5,5,0.5,0.5,0.8,0.6,1.0,0.5,55.199999,40,10,46.000001,68.999999,21.400001,1,1,1079,0,greedy_sps_baseline,solved,1,26.933118,55.096829,0.488832,0.002549,,,0.002549,0.002806,3,0,0
rho\set79\rho_0.9.py,rho,79,rho,0.9,2,5,5,0.5,0.5,0.9,0.6,1.0,0.5,62.099999,40,10,46.000001,68.999999,21.400001,1,1,1079,0,ilp_v2,optimal,1,54.431984,55.438651,0.981842,0.007608,0.0,,0.007608,0.008217,3,0,0
rho\set79\rho_0.9.py,rho,79,rho,0.9,2,5,5,0.5,0.5,0.9,0.6,1.0,0.5,62.099999,40,10,46.000001,68.999999,21.400001,1,1,1079,0,ilp_v3,optimal,1,54.431984,62.026713,0.877557,0.006504,0.0,,0.006504,0.007201,3,0,0
rho\set79\rho_0.9.py,rho,79,rho,0.9,2,5,5,0.5,0.5,0.9,0.6,1.0,0.5,62.099999,40,10,46.000001,68.999999,21.400001,1,1,1079,0,ilp_v4,optimal,1,54.431984,55.438651,0.981842,0.016027,0.0,,0.016027,0.017058,3,0,0
rho\set79\rho_0.9.py,rho,79,rho,0.9,2,5,5,0.5,0.5,0.9,0.6,1.0,0.5,62.099999,40,10,46.000001,68.999999,21.400001,1,1,1079,0,greedy_sps_baseline,solved,1,44.68212,61.642336,0.724861,0.002206,,,0.002206,0.002588,3,0,0
rho\set79\rho_1.py,rho,79,rho,1,2,5,5,0.5,0.5,1.0,0.6,1.0,0.5,68.999999,40,10,46.000001,68.999999,21.400001,1,1,1079,0,ilp_v2,optimal,1,54.431984,68.999999,0.788869,0.003656,0.0,,0.003656,0.004047,3,0,0
rho\set79\rho_1.py,rho,79,rho,1,2,5,5,0.5,0.5,1.0,0.6,1.0,0.5,68.999999,40,10,46.000001,68.999999,21.400001,1,1,1079,0,ilp_v3,optimal,1,54.431984,68.999999,0.788869,0.003405,0.0,,0.003405,0.0036,3,0,0
rho\set79\rho_1.py,rho,79,rho,1,2,5,5,0.5,0.5,1.0,0.6,1.0,0.5,68.999999,40,10,46.000001,68.999999,21.400001,1,1,1079,0,ilp_v4,optimal,1,54.431984,68.999999,0.788869,0.009711,0.0,,0.009711,0.010434,3,0,0
rho\set79\rho_1.py,rho,79,rho,1,2,5,5,0.5,0.5,1.0,0.6,1.0,0.5,68.999999,40,10,46.000001,68.999999,21.400001,1,1,1079,0,greedy_sps_baseline,solved,1,54.431984,68.999999,0.788869,0.002234,,,0.002234,0.002487,3,0,0
rho\set80\rho_0.2.py,rho,80,rho,0.2,2,5,5,0.5,0.5,0.2,0.6,1.0,0.5,13.799999,40,13,46.0,68.999993,22.0,1,1,1080,0,ilp_v2,infeasible,0,,,,0.002858,,,0.002858,0.003313,3,0,0
rho\set80\rho_0.2.py,rho,80,rho,0.2,2,5,5,0.5,0.5,0.2,0.6,1.0,0.5,13.799999,40,13,46.0,68.999993,22.0,1,1,1080,0,ilp_v3,infeasible,0,,,,0.002935,,,0.002935,0.00329,3,0,0
rho\set80\rho_0.2.py,rho,80,rho,0.2,2,5,5,0.5,0.5,0.2,0.6,1.0,0.5,13.799999,40,13,46.0,68.999993,22.0,1,1,1080,0,ilp_v4,infeasible,0,,,,0.002907,,,0.002907,0.003061,3,0,0
rho\set80\rho_0.2.py,rho,80,rho,0.2,2,5,5,0.5,0.5,0.2,0.6,1.0,0.5,13.799999,40,13,46.0,68.999993,22.0,1,1,1080,0,greedy_sps_baseline,infeasible,0,,46.0,,0.000345,,over budget: E=46.0000 > B=13.8000,0.000345,0.000405,3,0,0
rho\set80\rho_0.3.py,rho,80,rho,0.3,2,5,5,0.5,0.5,0.3,0.6,1.0,0.5,20.699998,40,13,46.0,68.999993,22.0,1,1,1080,0,ilp_v2,infeasible,0,,,,0.00297,,,0.00297,0.004436,3,0,0
rho\set80\rho_0.3.py,rho,80,rho,0.3,2,5,5,0.5,0.5,0.3,0.6,1.0,0.5,20.699998,40,13,46.0,68.999993,22.0,1,1,1080,0,ilp_v3,infeasible,0,,,,0.003104,,,0.003104,0.005317,3,0,0
rho\set80\rho_0.3.py,rho,80,rho,0.3,2,5,5,0.5,0.5,0.3,0.6,1.0,0.5,20.699998,40,13,46.0,68.999993,22.0,1,1,1080,0,ilp_v4,infeasible,0,,,,0.002876,,,0.002876,0.003596,3,0,0
rho\set80\rho_0.3.py,rho,80,rho,0.3,2,5,5,0.5,0.5,0.3,0.6,1.0,0.5,20.699998,40,13,46.0,68.999993,22.0,1,1,1080,0,greedy_sps_baseline,infeasible,0,,46.0,,0.000349,,over budget: E=46.0000 > B=20.7000,0.000349,0.000496,3,0,0
rho\set80\rho_0.4.py,rho,80,rho,0.4,2,5,5,0.5,0.5,0.4,0.6,1.0,0.5,27.599997,40,13,46.0,68.999993,22.0,1,1,1080,0,ilp_v2,optimal,1,19.810373,27.597754,0.717826,0.109073,0.0,,0.109073,0.118981,3,0,0
rho\set80\rho_0.4.py,rho,80,rho,0.4,2,5,5,0.5,0.5,0.4,0.6,1.0,0.5,27.599997,40,13,46.0,68.999993,22.0,1,1,1080,0,ilp_v3,optimal,1,19.810373,27.597754,0.717826,0.145155,0.0,,0.145155,0.184711,3,0,0
rho\set80\rho_0.4.py,rho,80,rho,0.4,2,5,5,0.5,0.5,0.4,0.6,1.0,0.5,27.599997,40,13,46.0,68.999993,22.0,1,1,1080,0,ilp_v4,optimal,1,24.515654,27.551573,0.88981,0.374814,0.0,,0.374814,0.480399,3,0,0
rho\set80\rho_0.4.py,rho,80,rho,0.4,2,5,5,0.5,0.5,0.4,0.6,1.0,0.5,27.599997,40,13,46.0,68.999993,22.0,1,1,1080,0,greedy_sps_baseline,infeasible,0,,46.0,,0.000515,,over budget: E=46.0000 > B=27.6000,0.000515,0.000669,3,0,0
rho\set80\rho_0.5.py,rho,80,rho,0.5,2,5,5,0.5,0.5,0.5,0.6,1.0,0.5,34.499997,40,13,46.0,68.999993,22.0,1,1,1080,0,ilp_v2,optimal,1,41.851289,34.306848,1.219911,0.192766,0.0,,0.192766,0.21041,3,0,0
rho\set80\rho_0.5.py,rho,80,rho,0.5,2,5,5,0.5,0.5,0.5,0.6,1.0,0.5,34.499997,40,13,46.0,68.999993,22.0,1,1,1080,0,ilp_v3,optimal,1,48.474764,34.489137,1.405508,0.114259,0.0,,0.114259,0.119562,3,0,0
rho\set80\rho_0.5.py,rho,80,rho,0.5,2,5,5,0.5,0.5,0.5,0.6,1.0,0.5,34.499997,40,13,46.0,68.999993,22.0,1,1,1080,0,ilp_v4,optimal,1,49.864882,34.478349,1.446267,0.335352,0.0,,0.335352,0.346921,3,0,0
rho\set80\rho_0.5.py,rho,80,rho,0.5,2,5,5,0.5,0.5,0.5,0.6,1.0,0.5,34.499997,40,13,46.0,68.999993,22.0,1,1,1080,0,greedy_sps_baseline,infeasible,0,,46.0,,0.000509,,over budget: E=46.0000 > B=34.5000,0.000509,0.001012,3,0,0
rho\set80\rho_0.6.py,rho,80,rho,0.6,2,5,5,0.5,0.5,0.6,0.6,1.0,0.5,41.399996,40,13,46.0,68.999993,22.0,1,1,1080,0,ilp_v2,optimal,1,55.99561,41.205935,1.358921,0.178983,0.0,,0.178983,0.188114,3,0,0
rho\set80\rho_0.6.py,rho,80,rho,0.6,2,5,5,0.5,0.5,0.6,0.6,1.0,0.5,41.399996,40,13,46.0,68.999993,22.0,1,1,1080,0,ilp_v3,optimal,1,59.231655,41.368276,1.431813,0.118532,0.0,,0.118532,0.126203,3,0,0
rho\set80\rho_0.6.py,rho,80,rho,0.6,2,5,5,0.5,0.5,0.6,0.6,1.0,0.5,41.399996,40,13,46.0,68.999993,22.0,1,1,1080,0,ilp_v4,optimal,1,64.220681,41.372782,1.552245,0.118011,0.0,,0.118011,0.132711,3,0,0
rho\set80\rho_0.6.py,rho,80,rho,0.6,2,5,5,0.5,0.5,0.6,0.6,1.0,0.5,41.399996,40,13,46.0,68.999993,22.0,1,1,1080,0,greedy_sps_baseline,infeasible,0,,46.0,,0.000406,,over budget: E=46.0000 > B=41.4000,0.000406,0.000555,3,0,0
rho\set80\rho_0.7.py,rho,80,rho,0.7,2,5,5,0.5,0.5,0.7,0.6,1.0,0.5,48.299995,40,13,46.0,68.999993,22.0,1,1,1080,0,ilp_v2,optimal,1,67.454552,48.263912,1.397619,0.157665,0.0,,0.157665,0.173188,3,0,0
rho\set80\rho_0.7.py,rho,80,rho,0.7,2,5,5,0.5,0.5,0.7,0.6,1.0,0.5,48.299995,40,13,46.0,68.999993,22.0,1,1,1080,0,ilp_v3,optimal,1,70.351411,48.241956,1.458303,0.083394,0.0,,0.083394,0.099465,3,0,0
rho\set80\rho_0.7.py,rho,80,rho,0.7,2,5,5,0.5,0.5,0.7,0.6,1.0,0.5,48.299995,40,13,46.0,68.999993,22.0,1,1,1080,0,ilp_v4,optimal,1,73.759834,48.019064,1.536053,0.112378,0.0,,0.112378,0.124958,3,0,0
rho\set80\rho_0.7.py,rho,80,rho,0.7,2,5,5,0.5,0.5,0.7,0.6,1.0,0.5,48.299995,40,13,46.0,68.999993,22.0,1,1,1080,0,greedy_sps_baseline,solved,1,8.424312,48.191615,0.174809,0.001247,,,0.001247,0.001427,3,0,0
rho\set80\rho_0.8.py,rho,80,rho,0.8,2,5,5,0.5,0.5,0.8,0.6,1.0,0.5,55.199994,40,13,46.0,68.999993,22.0,1,1,1080,0,ilp_v2,optimal,1,73.759834,54.613804,1.350571,0.010016,0.0,,0.010016,0.010139,3,0,0
rho\set80\rho_0.8.py,rho,80,rho,0.8,2,5,5,0.5,0.5,0.8,0.6,1.0,0.5,55.199994,40,13,46.0,68.999993,22.0,1,1,1080,0,ilp_v3,optimal,1,73.759834,54.494007,1.35354,0.012096,0.0,,0.012096,0.012547,3,0,0
rho\set80\rho_0.8.py,rho,80,rho,0.8,2,5,5,0.5,0.5,0.8,0.6,1.0,0.5,55.199994,40,13,46.0,68.999993,22.0,1,1,1080,0,ilp_v4,optimal,1,73.759834,54.078286,1.363945,0.034847,0.0,,0.034847,0.037208,3,0,0
rho\set80\rho_0.8.py,rho,80,rho,0.8,2,5,5,0.5,0.5,0.8,0.6,1.0,0.5,55.199994,40,13,46.0,68.999993,22.0,1,1,1080,0,greedy_sps_baseline,solved,1,35.687322,55.194566,0.646573,0.00248,,,0.00248,0.002678,3,0,0
rho\set80\rho_0.9.py,rho,80,rho,0.9,2,5,5,0.5,0.5,0.9,0.6,1.0,0.5,62.099994,40,13,46.0,68.999993,22.0,1,1,1080,0,ilp_v2,optimal,1,73.759834,58.761731,1.255236,0.009452,0.0,,0.009452,0.009834,3,0,0
rho\set80\rho_0.9.py,rho,80,rho,0.9,2,5,5,0.5,0.5,0.9,0.6,1.0,0.5,62.099994,40,13,46.0,68.999993,22.0,1,1,1080,0,ilp_v3,optimal,1,72.88825,58.271535,1.250838,0.015118,0.0,,0.015118,0.017069,3,0,0
rho\set80\rho_0.9.py,rho,80,rho,0.9,2,5,5,0.5,0.5,0.9,0.6,1.0,0.5,62.099994,40,13,46.0,68.999993,22.0,1,1,1080,0,ilp_v4,optimal,1,73.759834,55.04521,1.339986,0.030947,0.0,,0.030947,0.032491,3,0,0
rho\set80\rho_0.9.py,rho,80,rho,0.9,2,5,5,0.5,0.5,0.9,0.6,1.0,0.5,62.099994,40,13,46.0,68.999993,22.0,1,1,1080,0,greedy_sps_baseline,solved,1,55.438551,62.057033,0.893348,0.003881,,,0.003881,0.004018,3,0,0
rho\set80\rho_1.py,rho,80,rho,1,2,5,5,0.5,0.5,1.0,0.6,1.0,0.5,68.999993,40,13,46.0,68.999993,22.0,1,1,1080,0,ilp_v2,optimal,1,73.759834,63.165666,1.16772,0.008058,0.0,,0.008058,0.008713,3,0,0
rho\set80\rho_1.py,rho,80,rho,1,2,5,5,0.5,0.5,1.0,0.6,1.0,0.5,68.999993,40,13,46.0,68.999993,22.0,1,1,1080,0,ilp_v3,optimal,1,73.759834,58.088019,1.269794,0.009042,0.0,,0.009042,0.009803,3,0,0
rho\set80\rho_1.py,rho,80,rho,1,2,5,5,0.5,0.5,1.0,0.6,1.0,0.5,68.999993,40,13,46.0,68.999993,22.0,1,1,1080,0,ilp_v4,optimal,1,73.759834,55.04521,1.339986,0.017875,0.0,,0.017875,0.019851,3,0,0
rho\set80\rho_1.py,rho,80,rho,1,2,5,5,0.5,0.5,1.0,0.6,1.0,0.5,68.999993,40,13,46.0,68.999993,22.0,1,1,1080,0,greedy_sps_baseline,solved,1,73.430539,68.821795,1.066966,0.003826,,,0.003826,0.003964,3,0,0
rho\set81\rho_0.2.py,rho,81,rho,0.2,2,5,5,0.5,0.5,0.2,0.6,1.0,0.5,13.8,40,12,45.999997,68.999998,21.999998,1,1,1081,0,ilp_v2,infeasible,0,,,,0.002728,,,0.002728,0.003049,3,0,0
rho\set81\rho_0.2.py,rho,81,rho,0.2,2,5,5,0.5,0.5,0.2,0.6,1.0,0.5,13.8,40,12,45.999997,68.999998,21.999998,1,1,1081,0,ilp_v3,infeasible,0,,,,0.003007,,,0.003007,0.003141,3,0,0
rho\set81\rho_0.2.py,rho,81,rho,0.2,2,5,5,0.5,0.5,0.2,0.6,1.0,0.5,13.8,40,12,45.999997,68.999998,21.999998,1,1,1081,0,ilp_v4,infeasible,0,,,,0.003015,,,0.003015,0.003656,3,0,0
rho\set81\rho_0.2.py,rho,81,rho,0.2,2,5,5,0.5,0.5,0.2,0.6,1.0,0.5,13.8,40,12,45.999997,68.999998,21.999998,1,1,1081,0,greedy_sps_baseline,infeasible,0,,45.999997,,0.000375,,over budget: E=46.0000 > B=13.8000,0.000375,0.00049,3,0,0
rho\set81\rho_0.3.py,rho,81,rho,0.3,2,5,5,0.5,0.5,0.3,0.6,1.0,0.5,20.699999,40,12,45.999997,68.999998,21.999998,1,1,1081,0,ilp_v2,infeasible,0,,,,0.00275,,,0.00275,0.003347,3,0,0
rho\set81\rho_0.3.py,rho,81,rho,0.3,2,5,5,0.5,0.5,0.3,0.6,1.0,0.5,20.699999,40,12,45.999997,68.999998,21.999998,1,1,1081,0,ilp_v3,infeasible,0,,,,0.002782,,,0.002782,0.003249,3,0,0
rho\set81\rho_0.3.py,rho,81,rho,0.3,2,5,5,0.5,0.5,0.3,0.6,1.0,0.5,20.699999,40,12,45.999997,68.999998,21.999998,1,1,1081,0,ilp_v4,infeasible,0,,,,0.002789,,,0.002789,0.00357,3,0,0
rho\set81\rho_0.3.py,rho,81,rho,0.3,2,5,5,0.5,0.5,0.3,0.6,1.0,0.5,20.699999,40,12,45.999997,68.999998,21.999998,1,1,1081,0,greedy_sps_baseline,infeasible,0,,45.999997,,0.000341,,over budget: E=46.0000 > B=20.7000,0.000341,0.000474,3,0,0
rho\set81\rho_0.4.py,rho,81,rho,0.4,2,5,5,0.5,0.5,0.4,0.6,1.0,0.5,27.599999,40,12,45.999997,68.999998,21.999998,1,1,1081,0,ilp_v2,optimal,1,16.703304,27.561094,0.606046,0.115897,0.0,,0.115897,0.148955,3,0,0
rho\set81\rho_0.4.py,rho,81,rho,0.4,2,5,5,0.5,0.5,0.4,0.6,1.0,0.5,27.599999,40,12,45.999997,68.999998,21.999998,1,1,1081,0,ilp_v3,optimal,1,16.703304,27.578292,0.605669,0.089246,0.0,,0.089246,0.092501,3,0,0
rho\set81\rho_0.4.py,rho,81,rho,0.4,2,5,5,0.5,0.5,0.4,0.6,1.0,0.5,27.599999,40,12,45.999997,68.999998,21.999998,1,1,1081,0,ilp_v4,optimal,1,16.212488,27.584845,0.587732,0.129097,0.0,,0.129097,0.158618,3,0,0
rho\set81\rho_0.4.py,rho,81,rho,0.4,2,5,5,0.5,0.5,0.4,0.6,1.0,0.5,27.599999,40,12,45.999997,68.999998,21.999998,1,1,1081,0,greedy_sps_baseline,infeasible,0,,45.999997,,0.000354,,over budget: E=46.0000 > B=27.6000,0.000354,0.00044,3,0,0
rho\set81\rho_0.5.py,rho,81,rho,0.5,2,5,5,0.5,0.5,0.5,0.6,1.0,0.5,34.499999,40,12,45.999997,68.999998,21.999998,1,1,1081,0,ilp_v2,optimal,1,29.659656,34.444838,0.861077,0.092315,0.0,,0.092315,0.103698,3,0,0
rho\set81\rho_0.5.py,rho,81,rho,0.5,2,5,5,0.5,0.5,0.5,0.6,1.0,0.5,34.499999,40,12,45.999997,68.999998,21.999998,1,1,1081,0,ilp_v3,optimal,1,29.659655,34.467967,0.860499,0.075883,0.0,,0.075883,0.080569,3,0,0
rho\set81\rho_0.5.py,rho,81,rho,0.5,2,5,5,0.5,0.5,0.5,0.6,1.0,0.5,34.499999,40,12,45.999997,68.999998,21.999998,1,1,1081,0,ilp_v4,optimal,1,29.659656,34.444838,0.861077,0.15832,0.0,,0.15832,0.17101,3,0,0
rho\set81\rho_0.5.py,rho,81,rho,0.5,2,5,5,0.5,0.5,0.5,0.6,1.0,0.5,34.499999,40,12,45.999997,68.999998,21.999998,1,1,1081,0,greedy_sps_baseline,infeasible,0,,45.999997,,0.000457,,over budget: E=46.0000 > B=34.5000,0.000457,0.000621,3,0,0
rho\set81\rho_0.6.py,rho,81,rho,0.6,2,5,5,0.5,0.5,0.6,0.6,1.0,0.5,41.399999,40,12,45.999997,68.999998,21.999998,1,1,1081,0,ilp_v2,optimal,1,37.322149,41.329496,0.903039,0.013813,0.0,,0.013813,0.014317,3,0,0
rho\set81\rho_0.6.py,rho,81,rho,0.6,2,5,5,0.5,0.5,0.6,0.6,1.0,0.5,41.399999,40,12,45.999997,68.999998,21.999998,1,1,1081,0,ilp_v3,optimal,1,36.661236,41.209117,0.889639,0.077029,0.0,,0.077029,0.083382,3,0,0
rho\set81\rho_0.6.py,rho,81,rho,0.6,2,5,5,0.5,0.5,0.6,0.6,1.0,0.5,41.399999,40,12,45.999997,68.999998,21.999998,1,1,1081,0,ilp_v4,optimal,1,37.322149,41.329496,0.903039,0.046159,0.0,,0.046159,0.052986,3,0,0
rho\set81\rho_0.6.py,rho,81,rho,0.6,2,5,5,0.5,0.5,0.6,0.6,1.0,0.5,41.399999,40,12,45.999997,68.999998,21.999998,1,1,1081,0,greedy_sps_baseline,infeasible,0,,45.999997,,0.00037,,over budget: E=46.0000 > B=41.4000,0.00037,0.000483,3,0,0
rho\set81\rho_0.7.py,rho,81,rho,0.7,2,5,5,0.5,0.5,0.7,0.6,1.0,0.5,48.299998,40,12,45.999997,68.999998,21.999998,1,1,1081,0,ilp_v2,optimal,1,40.447088,48.268356,0.837963,0.017796,0.0,,0.017796,0.018592,3,0,0
rho\set81\rho_0.7.py,rho,81,rho,0.7,2,5,5,0.5,0.5,0.7,0.6,1.0,0.5,48.299998,40,12,45.999997,68.999998,21.999998,1,1,1081,0,ilp_v3,optimal,1,38.843007,48.142483,0.806834,0.009474,0.0,,0.009474,0.011332,3,0,0
rho\set81\rho_0.7.py,rho,81,rho,0.7,2,5,5,0.5,0.5,0.7,0.6,1.0,0.5,48.299998,40,12,45.999997,68.999998,21.999998,1,1,1081,0,ilp_v4,optimal,1,40.447088,47.490026,0.851696,0.046434,0.0,,0.046434,0.051132,3,0,0
rho\set81\rho_0.7.py,rho,81,rho,0.7,2,5,5,0.5,0.5,0.7,0.6,1.0,0.5,48.299998,40,12,45.999997,68.999998,21.999998,1,1,1081,0,greedy_sps_baseline,solved,1,6.475637,48.017259,0.134861,0.001093,,,0.001093,0.001221,3,0,0
rho\set81\rho_0.8.py,rho,81,rho,0.8,2,5,5,0.5,0.5,0.8,0.6,1.0,0.5,55.199998,40,12,45.999997,68.999998,21.999998,1,1,1081,0,ilp_v2,optimal,1,40.447088,55.184384,0.732944,0.006631,0.0,,0.006631,0.00712,3,0,0
rho\set81\rho_0.8.py,rho,81,rho,0.8,2,5,5,0.5,0.5,0.8,0.6,1.0,0.5,55.199998,40,12,45.999997,68.999998,21.999998,1,1,1081,0,ilp_v3,optimal,1,40.447088,54.957734,0.735967,0.006872,0.0,,0.006872,0.007325,3,0,0
rho\set81\rho_0.8.py,rho,81,rho,0.8,2,5,5,0.5,0.5,0.8,0.6,1.0,0.5,55.199998,40,12,45.999997,68.999998,21.999998,1,1,1081,0,ilp_v4,optimal,1,40.447088,54.956288,0.735987,0.023417,0.0,,0.023417,0.02819,3,0,0
rho\set81\rho_0.8.py,rho,81,rho,0.8,2,5,5,0.5,0.5,0.8,0.6,1.0,0.5,55.199998,40,12,45.999997,68.999998,21.999998,1,1,1081,0,greedy_sps_baseline,solved,1,22.091562,55.049345,0.401305,0.002663,,,0.002663,0.002857,3,0,0
rho\set81\rho_0.9.py,rho,81,rho,0.9,2,5,5,0.5,0.5,0.9,0.6,1.0,0.5,62.099998,40,12,45.999997,68.999998,21.999998,1,1,1081,0,ilp_v2,optimal,1,40.447088,52.102091,0.776304,0.006218,0.0,,0.006218,0.006594,3,0,0
rho\set81\rho_0.9.py,rho,81,rho,0.9,2,5,5,0.5,0.5,0.9,0.6,1.0,0.5,62.099998,40,12,45.999997,68.999998,21.999998,1,1,1081,0,ilp_v3,optimal,1,40.447088,47.800406,0.846166,0.006782,0.0,,0.006782,0.006805,3,0,0
rho\set81\rho_0.9.py,rho,81,rho,0.9,2,5,5,0.5,0.5,0.9,0.6,1.0,0.5,62.099998,40,12,45.999997,68.999998,21.999998,1,1,1081,0,ilp_v4,optimal,1,40.447088,56.700463,0.713347,0.021127,0.0,,0.021127,0.021549,3,0,0
rho\set81\rho_0.9.py,rho,81,rho,0.9,2,5,5,0.5,0.5,0.9,0.6,1.0,0.5,62.099998,40,12,45.999997,68.999998,21.999998,1,1,1081,0,greedy_sps_baseline,solved,1,32.436667,61.825872,0.524646,0.002961,,,0.002961,0.003018,3,0,0
rho\set81\rho_1.py,rho,81,rho,1,2,5,5,0.5,0.5,1.0,0.6,1.0,0.5,68.999998,40,12,45.999997,68.999998,21.999998,1,1,1081,0,ilp_v2,optimal,1,40.447088,68.999998,0.58619,0.003749,0.0,,0.003749,0.004056,3,0,0
rho\set81\rho_1.py,rho,81,rho,1,2,5,5,0.5,0.5,1.0,0.6,1.0,0.5,68.999998,40,12,45.999997,68.999998,21.999998,1,1,1081,0,ilp_v3,optimal,1,40.447088,68.999998,0.58619,0.003644,0.0,,0.003644,0.004244,3,0,0
rho\set81\rho_1.py,rho,81,rho,1,2,5,5,0.5,0.5,1.0,0.6,1.0,0.5,68.999998,40,12,45.999997,68.999998,21.999998,1,1,1081,0,ilp_v4,optimal,1,40.447088,68.999998,0.58619,0.013712,0.0,,0.013712,0.017064,3,0,0
rho\set81\rho_1.py,rho,81,rho,1,2,5,5,0.5,0.5,1.0,0.6,1.0,0.5,68.999998,40,12,45.999997,68.999998,21.999998,1,1,1081,0,greedy_sps_baseline,solved,1,40.447088,68.999998,0.58619,0.002914,,,0.002914,0.003097,3,0,0
rho\set82\rho_0.2.py,rho,82,rho,0.2,2,5,5,0.5,0.5,0.2,0.6,1.0,0.5,13.8,40,10,45.999999,68.999999,21.433333,1,1,1082,0,ilp_v2,infeasible,0,,,,0.001943,,,0.001943,0.00243,3,0,0
rho\set82\rho_0.2.py,rho,82,rho,0.2,2,5,5,0.5,0.5,0.2,0.6,1.0,0.5,13.8,40,10,45.999999,68.999999,21.433333,1,1,1082,0,ilp_v3,infeasible,0,,,,0.001883,,,0.001883,0.001972,3,0,0
rho\set82\rho_0.2.py,rho,82,rho,0.2,2,5,5,0.5,0.5,0.2,0.6,1.0,0.5,13.8,40,10,45.999999,68.999999,21.433333,1,1,1082,0,ilp_v4,infeasible,0,,,,0.001972,,,0.001972,0.002053,3,0,0
rho\set82\rho_0.2.py,rho,82,rho,0.2,2,5,5,0.5,0.5,0.2,0.6,1.0,0.5,13.8,40,10,45.999999,68.999999,21.433333,1,1,1082,0,greedy_sps_baseline,infeasible,0,,45.999999,,0.000267,,over budget: E=46.0000 > B=13.8000,0.000267,0.000354,3,0,0
rho\set82\rho_0.3.py,rho,82,rho,0.3,2,5,5,0.5,0.5,0.3,0.6,1.0,0.5,20.7,40,10,45.999999,68.999999,21.433333,1,1,1082,0,ilp_v2,infeasible,0,,,,0.001945,,,0.001945,0.002346,3,0,0
rho\set82\rho_0.3.py,rho,82,rho,0.3,2,5,5,0.5,0.5,0.3,0.6,1.0,0.5,20.7,40,10,45.999999,68.999999,21.433333,1,1,1082,0,ilp_v3,infeasible,0,,,,0.001886,,,0.001886,0.001949,3,0,0
rho\set82\rho_0.3.py,rho,82,rho,0.3,2,5,5,0.5,0.5,0.3,0.6,1.0,0.5,20.7,40,10,45.999999,68.999999,21.433333,1,1,1082,0,ilp_v4,infeasible,0,,,,0.00194,,,0.00194,0.002023,3,0,0
rho\set82\rho_0.3.py,rho,82,rho,0.3,2,5,5,0.5,0.5,0.3,0.6,1.0,0.5,20.7,40,10,45.999999,68.999999,21.433333,1,1,1082,0,greedy_sps_baseline,infeasible,0,,45.999999,,0.000269,,over budget: E=46.0000 > B=20.7000,0.000269,0.000352,3,0,0
rho\set82\rho_0.4.py,rho,82,rho,0.4,2,5,5,0.5,0.5,0.4,0.6,1.0,0.5,27.6,40,10,45.999999,68.999999,21.433333,1,1,1082,0,ilp_v2,optimal,1,10.556397,27.453381,0.384521,0.015415,0.0,,0.015415,0.016193,3,0,0
rho\set82\rho_0.4.py,rho,82,rho,0.4,2,5,5,0.5,0.5,0.4,0.6,1.0,0.5,27.6,40,10,45.999999,68.999999,21.433333,1,1,1082,0,ilp_v3,optimal,1,10.556397,27.453381,0.384521,0.015836,0.0,,0.015836,0.01658,3,0,0
rho\set82\rho_0.4.py,rho,82,rho,0.4,2,5,5,0.5,0.5,0.4,0.6,1.0,0.5,27.6,40,10,45.999999,68.999999,21.433333,1,1,1082,0,ilp_v4,optimal,1,10.556397,27.453381,0.384521,0.037987,0.0,,0.037987,0.040891,3,0,0
rho\set82\rho_0.4.py,rho,82,rho,0.4,2,5,5,0.5,0.5,0.4,0.6,1.0,0.5,27.6,40,10,45.999999,68.999999,21.433333,1,1,1082,0,greedy_sps_baseline,infeasible,0,,45.999999,,0.000283,,over budget: E=46.0000 > B=27.6000,0.000283,0.000371,3,0,0
rho\set82\rho_0.5.py,rho,82,rho,0.5,2,5,5,0.5,0.5,0.5,0.6,1.0,0.5,34.499999,40,10,45.999999,68.999999,21.433333,1,1,1082,0,ilp_v2,optimal,1,20.967862,34.246815,0.612257,0.013083,0.0,,0.013083,0.015199,3,0,0
rho\set82\rho_0.5.py,rho,82,rho,0.5,2,5,5,0.5,0.5,0.5,0.6,1.0,0.5,34.499999,40,10,45.999999,68.999999,21.433333,1,1,1082,0,ilp_v3,optimal,1,18.032775,34.40626,0.524113,0.011366,0.0,,0.011366,0.012047,3,0,0
rho\set82\rho_0.5.py,rho,82,rho,0.5,2,5,5,0.5,0.5,0.5,0.6,1.0,0.5,34.499999,40,10,45.999999,68.999999,21.433333,1,1,1082,0,ilp_v4,optimal,1,20.623898,34.495019,0.59788,0.063932,0.0,,0.063932,0.077832,3,0,0
rho\set82\rho_0.5.py,rho,82,rho,0.5,2,5,5,0.5,0.5,0.5,0.6,1.0,0.5,34.499999,40,10,45.999999,68.999999,21.433333,1,1,1082,0,greedy_sps_baseline,infeasible,0,,45.999999,,0.000326,,over budget: E=46.0000 > B=34.5000,0.000326,0.000456,3,0,0
rho\set82\rho_0.6.py,rho,82,rho,0.6,2,5,5,0.5,0.5,0.6,0.6,1.0,0.5,41.399999,40,10,45.999999,68.999999,21.433333,1,1,1082,0,ilp_v2,optimal,1,26.306345,41.327431,0.636535,0.017479,0.0,,0.017479,0.017969,3,0,0
rho\set82\rho_0.6.py,rho,82,rho,0.6,2,5,5,0.5,0.5,0.6,0.6,1.0,0.5,41.399999,40,10,45.999999,68.999999,21.433333,1,1,1082,0,ilp_v3,optimal,1,24.80383,41.04564,0.604299,0.115089,0.0,,0.115089,0.156799,3,0,0
rho\set82\rho_0.6.py,rho,82,rho,0.6,2,5,5,0.5,0.5,0.6,0.6,1.0,0.5,41.399999,40,10,45.999999,68.999999,21.433333,1,1,1082,0,ilp_v4,optimal,1,29.166225,41.268441,0.706744,0.175363,0.0,,0.175363,0.206082,3,0,0
rho\set82\rho_0.6.py,rho,82,rho,0.6,2,5,5,0.5,0.5,0.6,0.6,1.0,0.5,41.399999,40,10,45.999999,68.999999,21.433333,1,1,1082,0,greedy_sps_baseline,infeasible,0,,45.999999,,0.000755,,over budget: E=46.0000 > B=41.4000,0.000755,0.000977,3,0,0
rho\set82\rho_0.7.py,rho,82,rho,0.7,2,5,5,0.5,0.5,0.7,0.6,1.0,0.5,48.299999,40,10,45.999999,68.999999,21.433333,1,1,1082,0,ilp_v2,optimal,1,31.067338,48.178531,0.644838,0.019892,0.0,,0.019892,0.020848,3,0,0
rho\set82\rho_0.7.py,rho,82,rho,0.7,2,5,5,0.5,0.5,0.7,0.6,1.0,0.5,48.299999,40,10,45.999999,68.999999,21.433333,1,1,1082,0,ilp_v3,optimal,1,29.709164,48.234368,0.615934,0.105319,0.0,,0.105319,0.135573,3,0,0
rho\set82\rho_0.7.py,rho,82,rho,0.7,2,5,5,0.5,0.5,0.7,0.6,1.0,0.5,48.299999,40,10,45.999999,68.999999,21.433333,1,1,1082,0,ilp_v4,optimal,1,32.938119,47.435427,0.694378,0.053896,0.0,,0.053896,0.060364,3,0,0
rho\set82\rho_0.7.py,rho,82,rho,0.7,2,5,5,0.5,0.5,0.7,0.6,1.0,0.5,48.299999,40,10,45.999999,68.999999,21.433333,1,1,1082,0,greedy_sps_baseline,solved,1,6.838606,48.19186,0.141904,0.001092,,,0.001092,0.001243,3,0,0
rho\set82\rho_0.8.py,rho,82,rho,0.8,2,5,5,0.5,0.5,0.8,0.6,1.0,0.5,55.199999,40,10,45.999999,68.999999,21.433333,1,1,1082,0,ilp_v2,optimal,1,33.723814,54.984953,0.613328,0.008082,0.0,,0.008082,0.008707,3,0,0
rho\set82\rho_0.8.py,rho,82,rho,0.8,2,5,5,0.5,0.5,0.8,0.6,1.0,0.5,55.199999,40,10,45.999999,68.999999,21.433333,1,1,1082,0,ilp_v3,optimal,1,33.723814,54.097401,0.623391,0.009988,0.0,,0.009988,0.010114,3,0,0
rho\set82\rho_0.8.py,rho,82,rho,0.8,2,5,5,0.5,0.5,0.8,0.6,1.0,0.5,55.199999,40,10,45.999999,68.999999,21.433333,1,1,1082,0,ilp_v4,optimal,1,33.723814,54.707704,0.616436,0.03487,0.0,,0.03487,0.040831,3,0,0
rho\set82\rho_0.8.py,rho,82,rho,0.8,2,5,5,0.5,0.5,0.8,0.6,1.0,0.5,55.199999,40,10,45.999999,68.999999,21.433333,1,1,1082,0,greedy_sps_baseline,solved,1,17.274021,55.02887,0.313908,0.002091,,,0.002091,0.002243,3,0,0
rho\set82\rho_0.9.py,rho,82,rho,0.9,2,5,5,0.5,0.5,0.9,0.6,1.0,0.5,62.099999,40,10,45.999999,68.999999,21.433333,1,1,1082,0,ilp_v2,optimal,1,33.723814,56.354085,0.598427,0.007343,0.0,,0.007343,0.007589,3,0,0
rho\set82\rho_0.9.py,rho,82,rho,0.9,2,5,5,0.5,0.5,0.9,0.6,1.0,0.5,62.099999,40,10,45.999999,68.999999,21.433333,1,1,1082,0,ilp_v3,optimal,1,33.723814,56.354085,0.598427,0.007047,0.0,,0.007047,0.007323,3,0,0
rho\set82\rho_0.9.py,rho,82,rho,0.9,2,5,5,0.5,0.5,0.9,0.6,1.0,0.5,62.099999,40,10,45.999999,68.999999,21.433333,1,1,1082,0,ilp_v4,optimal,1,33.723814,60.932362,0.553463,0.017953,0.0,,0.017953,0.018402,3,0,0
rho\set82\rho_0.9.py,rho,82,rho,0.9,2,5,5,0.5,0.5,0.9,0.6,1.0,0.5,62.099999,40,10,45.999999,68.999999,21.433333,1,1,1082,0,greedy_sps_baseline,solved,1,25.341734,61.723685,0.410567,0.002359,,,0.002359,0.002617,3,0,0
rho\set82\rho_1.py,rho,82,rho,1,2,5,5,0.5,0.5,1.0,0.6,1.0,0.5,68.999999,40,10,45.999999,68.999999,21.433333,1,1,1082,0,ilp_v2,optimal,1,33.723814,68.999999,0.488751,0.004102,0.0,,0.004102,0.004369,3,0,0
rho\set82\rho_1.py,rho,82,rho,1,2,5,5,0.5,0.5,1.0,0.6,1.0,0.5,68.999999,40,10,45.999999,68.999999,21.433333,1,1,1082,0,ilp_v3,optimal,1,33.723814,68.999999,0.488751,0.004203,0.0,,0.004203,0.004307,3,0,0
rho\set82\rho_1.py,rho,82,rho,1,2,5,5,0.5,0.5,1.0,0.6,1.0,0.5,68.999999,40,10,45.999999,68.999999,21.433333,1,1,1082,0,ilp_v4,optimal,1,33.723814,68.999999,0.488751,0.0099,0.0,,0.0099,0.009909,3,0,0
rho\set82\rho_1.py,rho,82,rho,1,2,5,5,0.5,0.5,1.0,0.6,1.0,0.5,68.999999,40,10,45.999999,68.999999,21.433333,1,1,1082,0,greedy_sps_baseline,solved,1,33.723814,68.999999,0.488751,0.002493,,,0.002493,0.002773,3,0,0
rho\set83\rho_0.2.py,rho,83,rho,0.2,2,5,5,0.5,0.5,0.2,0.6,1.0,0.5,13.799999,40,15,45.999998,68.999993,21.433332,1,1,1083,0,ilp_v2,infeasible,0,,,,0.005048,,,0.005048,0.005351,3,0,0
rho\set83\rho_0.2.py,rho,83,rho,0.2,2,5,5,0.5,0.5,0.2,0.6,1.0,0.5,13.799999,40,15,45.999998,68.999993,21.433332,1,1,1083,0,ilp_v3,infeasible,0,,,,0.004997,,,0.004997,0.005254,3,0,0
rho\set83\rho_0.2.py,rho,83,rho,0.2,2,5,5,0.5,0.5,0.2,0.6,1.0,0.5,13.799999,40,15,45.999998,68.999993,21.433332,1,1,1083,0,ilp_v4,infeasible,0,,,,0.005609,,,0.005609,0.006451,3,0,0
rho\set83\rho_0.2.py,rho,83,rho,0.2,2,5,5,0.5,0.5,0.2,0.6,1.0,0.5,13.799999,40,15,45.999998,68.999993,21.433332,1,1,1083,0,greedy_sps_baseline,infeasible,0,,45.999998,,0.000508,,over budget: E=46.0000 > B=13.8000,0.000508,0.000613,3,0,0
rho\set83\rho_0.3.py,rho,83,rho,0.3,2,5,5,0.5,0.5,0.3,0.6,1.0,0.5,20.699998,40,15,45.999998,68.999993,21.433332,1,1,1083,0,ilp_v2,infeasible,0,,,,0.004951,,,0.004951,0.005243,3,0,0
rho\set83\rho_0.3.py,rho,83,rho,0.3,2,5,5,0.5,0.5,0.3,0.6,1.0,0.5,20.699998,40,15,45.999998,68.999993,21.433332,1,1,1083,0,ilp_v3,infeasible,0,,,,0.005042,,,0.005042,0.005822,3,0,0
rho\set83\rho_0.3.py,rho,83,rho,0.3,2,5,5,0.5,0.5,0.3,0.6,1.0,0.5,20.699998,40,15,45.999998,68.999993,21.433332,1,1,1083,0,ilp_v4,infeasible,0,,,,0.005162,,,0.005162,0.005717,3,0,0
rho\set83\rho_0.3.py,rho,83,rho,0.3,2,5,5,0.5,0.5,0.3,0.6,1.0,0.5,20.699998,40,15,45.999998,68.999993,21.433332,1,1,1083,0,greedy_sps_baseline,infeasible,0,,45.999998,,0.00054,,over budget: E=46.0000 > B=20.7000,0.00054,0.000758,3,0,0
rho\set83\rho_0.4.py,rho,83,rho,0.4,2,5,5,0.5,0.5,0.4,0.6,1.0,0.5,27.599997,40,15,45.999998,68.999993,21.433332,1,1,1083,0,ilp_v2,optimal,1,20.348921,27.5938,0.737445,0.134413,0.0,,0.134413,0.135236,3,0,0
rho\set83\rho_0.4.py,rho,83,rho,0.4,2,5,5,0.5,0.5,0.4,0.6,1.0,0.5,27.599997,40,15,45.999998,68.999993,21.433332,1,1,1083,0,ilp_v3,optimal,1,21.646213,27.588222,0.784618,0.164022,0.0,,0.164022,0.193216,3,0,0
rho\set83\rho_0.4.py,rho,83,rho,0.4,2,5,5,0.5,0.5,0.4,0.6,1.0,0.5,27.599997,40,15,45.999998,68.999993,21.433332,1,1,1083,0,ilp_v4,optimal,1,21.646213,27.588222,0.784618,0.37894,0.0,,0.37894,0.397719,3,0,0
rho\set83\rho_0.4.py,rho,83,rho,0.4,2,5,5,0.5,0.5,0.4,0.6,1.0,0.5,27.599997,40,15,45.999998,68.999993,21.433332,1,1,1083,0,greedy_sps_baseline,infeasible,0,,45.999998,,0.000578,,over budget: E=46.0000 > B=27.6000,0.000578,0.000705,3,0,0
rho\set83\rho_0.5.py,rho,83,rho,0.5,2,5,5,0.5,0.5,0.5,0.6,1.0,0.5,34.499997,40,15,45.999998,68.999993,21.433332,1,1,1083,0,ilp_v2,optimal,1,32.615996,34.388047,0.948469,0.144139,0.0,,0.144139,0.153833,3,0,0
rho\set83\rho_0.5.py,rho,83,rho,0.5,2,5,5,0.5,0.5,0.5,0.6,1.0,0.5,34.499997,40,15,45.999998,68.999993,21.433332,1,1,1083,0,ilp_v3,optimal,1,36.71953,34.471583,1.065212,0.130706,0.0,,0.130706,0.137812,3,0,0
rho\set83\rho_0.5.py,rho,83,rho,0.5,2,5,5,0.5,0.5,0.5,0.6,1.0,0.5,34.499997,40,15,45.999998,68.999993,21.433332,1,1,1083,0,ilp_v4,optimal,1,37.690295,34.446822,1.094159,0.28373,0.0,,0.28373,0.300246,3,0,0
rho\set83\rho_0.5.py,rho,83,rho,0.5,2,5,5,0.5,0.5,0.5,0.6,1.0,0.5,34.499997,40,15,45.999998,68.999993,21.433332,1,1,1083,0,greedy_sps_baseline,infeasible,0,,45.999998,,0.000582,,over budget: E=46.0000 > B=34.5000,0.000582,0.000778,3,0,0
rho\set83\rho_0.6.py,rho,83,rho,0.6,2,5,5,0.5,0.5,0.6,0.6,1.0,0.5,41.399996,40,15,45.999998,68.999993,21.433332,1,1,1083,0,ilp_v2,optimal,1,41.624017,41.382799,1.005829,0.0334,0.0,,0.0334,0.045899,3,0,0
rho\set83\rho_0.6.py,rho,83,rho,0.6,2,5,5,0.5,0.5,0.6,0.6,1.0,0.5,41.399996,40,15,45.999998,68.999993,21.433332,1,1,1083,0,ilp_v3,optimal,1,42.892945,41.326877,1.037895,0.211876,0.0,,0.211876,0.231204,3,0,0
rho\set83\rho_0.6.py,rho,83,rho,0.6,2,5,5,0.5,0.5,0.6,0.6,1.0,0.5,41.399996,40,15,45.999998,68.999993,21.433332,1,1,1083,0,ilp_v4,optimal,1,42.539322,41.34593,1.028864,0.289687,0.0,,0.289687,0.346496,3,0,0
rho\set83\rho_0.6.py,rho,83,rho,0.6,2,5,5,0.5,0.5,0.6,0.6,1.0,0.5,41.399996,40,15,45.999998,68.999993,21.433332,1,1,1083,0,greedy_sps_baseline,infeasible,0,,45.999998,,0.000573,,over budget: E=46.0000 > B=41.4000,0.000573,0.000697,3,0,0
rho\set83\rho_0.7.py,rho,83,rho,0.7,2,5,5,0.5,0.5,0.7,0.6,1.0,0.5,48.299995,40,15,45.999998,68.999993,21.433332,1,1,1083,0,ilp_v2,optimal,1,45.507643,47.187008,0.96441,0.0163,0.0,,0.0163,0.017209,3,0,0
rho\set83\rho_0.7.py,rho,83,rho,0.7,2,5,5,0.5,0.5,0.7,0.6,1.0,0.5,48.299995,40,15,45.999998,68.999993,21.433332,1,1,1083,0,ilp_v3,optimal,1,46.201086,48.138314,0.959757,0.058195,0.0,,0.058195,0.113112,3,0,0
rho\set83\rho_0.7.py,rho,83,rho,0.7,2,5,5,0.5,0.5,0.7,0.6,1.0,0.5,48.299995,40,15,45.999998,68.999993,21.433332,1,1,1083,0,ilp_v4,optimal,1,46.924846,48.142189,0.974714,0.251,0.0,,0.251,0.354604,3,0,0
rho\set83\rho_0.7.py,rho,83,rho,0.7,2,5,5,0.5,0.5,0.7,0.6,1.0,0.5,48.299995,40,15,45.999998,68.999993,21.433332,1,1,1083,0,greedy_sps_baseline,solved,1,7.045957,48.193158,0.146202,0.001546,,,0.001546,0.002247,3,0,0
rho\set83\rho_0.8.py,rho,83,rho,0.8,2,5,5,0.5,0.5,0.8,0.6,1.0,0.5,55.199994,40,15,45.999998,68.999993,21.433332,1,1,1083,0,ilp_v2,optimal,1,46.924846,54.983412,0.853436,0.032935,0.0,,0.032935,0.033539,3,0,0
rho\set83\rho_0.8.py,rho,83,rho,0.8,2,5,5,0.5,0.5,0.8,0.6,1.0,0.5,55.199994,40,15,45.999998,68.999993,21.433332,1,1,1083,0,ilp_v3,optimal,1,48.342049,55.147453,0.876596,0.018332,0.0,,0.018332,0.021949,3,0,0
rho\set83\rho_0.8.py,rho,83,rho,0.8,2,5,5,0.5,0.5,0.8,0.6,1.0,0.5,55.199994,40,15,45.999998,68.999993,21.433332,1,1,1083,0,ilp_v4,optimal,1,48.342049,55.093052,0.877462,0.188782,0.0,,0.188782,0.197192,3,0,0
rho\set83\rho_0.8.py,rho,83,rho,0.8,2,5,5,0.5,0.5,0.8,0.6,1.0,0.5,55.199994,40,15,45.999998,68.999993,21.433332,1,1,1083,0,greedy_sps_baseline,solved,1,29.073948,55.195505,0.526745,0.005328,,,0.005328,0.005491,3,0,0
rho\set83\rho_0.9.py,rho,83,rho,0.9,2,5,5,0.5,0.5,0.9,0.6,1.0,0.5,62.099994,40,15,45.999998,68.999993,21.433332,1,1,1083,0,ilp_v2,optimal,1,48.222924,62.067631,0.776942,0.037412,0.0,,0.037412,0.039621,3,0,0
rho\set83\rho_0.9.py,rho,83,rho,0.9,2,5,5,0.5,0.5,0.9,0.6,1.0,0.5,62.099994,40,15,45.999998,68.999993,21.433332,1,1,1083,0,ilp_v3,optimal,1,46.023133,55.527783,0.828831,0.016397,0.0,,0.016397,0.025393,3,0,0
rho\set83\rho_0.9.py,rho,83,rho,0.9,2,5,5,0.5,0.5,0.9,0.6,1.0,0.5,62.099994,40,15,45.999998,68.999993,21.433332,1,1,1083,0,ilp_v4,optimal,1,48.342049,61.99014,0.779834,0.104946,0.0,,0.104946,0.125943,3,0,0
rho\set83\rho_0.9.py,rho,83,rho,0.9,2,5,5,0.5,0.5,0.9,0.6,1.0,0.5,62.099994,40,15,45.999998,68.999993,21.433332,1,1,1083,0,greedy_sps_baseline,solved,1,41.964016,61.989825,0.67695,0.010478,,,0.010478,0.011033,3,0,0
rho\set83\rho_1.py,rho,83,rho,1,2,5,5,0.5,0.5,1.0,0.6,1.0,0.5,68.999993,40,15,45.999998,68.999993,21.433332,1,1,1083,0,ilp_v2,optimal,1,48.342049,64.287843,0.751963,0.013331,0.0,,0.013331,0.017013,3,0,0
rho\set83\rho_1.py,rho,83,rho,1,2,5,5,0.5,0.5,1.0,0.6,1.0,0.5,68.999993,40,15,45.999998,68.999993,21.433332,1,1,1083,0,ilp_v3,optimal,1,48.342049,59.890406,0.807175,0.012895,0.0,,0.012895,0.017199,3,0,0
rho\set83\rho_1.py,rho,83,rho,1,2,5,5,0.5,0.5,1.0,0.6,1.0,0.5,68.999993,40,15,45.999998,68.999993,21.433332,1,1,1083,0,ilp_v4,optimal,1,48.342049,64.287843,0.751963,0.044897,0.0,,0.044897,0.046187,3,0,0
rho\set83\rho_1.py,rho,83,rho,1,2,5,5,0.5,0.5,1.0,0.6,1.0,0.5,68.999993,40,15,45.999998,68.999993,21.433332,1,1,1083,0,greedy_sps_baseline,solved,1,47.633448,68.221161,0.698221,0.009397,,,0.009397,0.009854,3,0,0
rho\set84\rho_0.2.py,rho,84,rho,0.2,2,5,5,0.5,0.5,0.2,0.6,1.0,0.5,13.799999,40,12,46.0,68.999997,23.6,1,1,1084,0,ilp_v2,infeasible,0,,,,0.005003,,,0.005003,0.006704,3,0,0
rho\set84\rho_0.2.py,rho,84,rho,0.2,2,5,5,0.5,0.5,0.2,0.6,1.0,0.5,13.799999,40,12,46.0,68.999997,23.6,1,1,1084,0,ilp_v3,infeasible,0,,,,0.005236,,,0.005236,0.005975,3,0,0
rho\set84\rho_0.2.py,rho,84,rho,0.2,2,5,5,0.5,0.5,0.2,0.6,1.0,0.5,13.799999,40,12,46.0,68.999997,23.6,1,1,1084,0,ilp_v4,infeasible,0,,,,0.005382,,,0.005382,0.005896,3,0,0
rho\set84\rho_0.2.py,rho,84,rho,0.2,2,5,5,0.5,0.5,0.2,0.6,1.0,0.5,13.799999,40,12,46.0,68.999997,23.6,1,1,1084,0,greedy_sps_baseline,infeasible,0,,46.0,,0.000601,,over budget: E=46.0000 > B=13.8000,0.000601,0.000785,3,0,0
rho\set84\rho_0.3.py,rho,84,rho,0.3,2,5,5,0.5,0.5,0.3,0.6,1.0,0.5,20.699999,40,12,46.0,68.999997,23.6,1,1,1084,0,ilp_v2,infeasible,0,,,,0.00514,,,0.00514,0.005667,3,0,0
rho\set84\rho_0.3.py,rho,84,rho,0.3,2,5,5,0.5,0.5,0.3,0.6,1.0,0.5,20.699999,40,12,46.0,68.999997,23.6,1,1,1084,0,ilp_v3,infeasible,0,,,,0.005443,,,0.005443,0.007284,3,0,0
rho\set84\rho_0.3.py,rho,84,rho,0.3,2,5,5,0.5,0.5,0.3,0.6,1.0,0.5,20.699999,40,12,46.0,68.999997,23.6,1,1,1084,0,ilp_v4,infeasible,0,,,,0.006448,,,0.006448,0.007421,3,0,0
rho\set84\rho_0.3.py,rho,84,rho,0.3,2,5,5,0.5,0.5,0.3,0.6,1.0,0.5,20.699999,40,12,46.0,68.999997,23.6,1,1,1084,0,greedy_sps_baseline,infeasible,0,,46.0,,0.00061,,over budget: E=46.0000 > B=20.7000,0.00061,0.001043,3,0,0
rho\set84\rho_0.4.py,rho,84,rho,0.4,2,5,5,0.5,0.5,0.4,0.6,1.0,0.5,27.599999,40,12,46.0,68.999997,23.6,1,1,1084,0,ilp_v2,optimal,1,16.072549,27.574461,0.582878,0.049557,0.0,,0.049557,0.058956,3,0,0
rho\set84\rho_0.4.py,rho,84,rho,0.4,2,5,5,0.5,0.5,0.4,0.6,1.0,0.5,27.599999,40,12,46.0,68.999997,23.6,1,1,1084,0,ilp_v3,optimal,1,16.072549,27.574461,0.582878,0.057547,0.0,,0.057547,0.060548,3,0,0
rho\set84\rho_0.4.py,rho,84,rho,0.4,2,5,5,0.5,0.5,0.4,0.6,1.0,0.5,27.599999,40,12,46.0,68.999997,23.6,1,1,1084,0,ilp_v4,optimal,1,24.179249,27.579846,0.8767,0.184487,0.0,,0.184487,0.218108,3,0,0
rho\set84\rho_0.4.py,rho,84,rho,0.4,2,5,5,0.5,0.5,0.4,0.6,1.0,0.5,27.599999,40,12,46.0,68.999997,23.6,1,1,1084,0,greedy_sps_baseline,infeasible,0,,46.0,,0.000723,,over budget: E=46.0000 > B=27.6000,0.000723,0.000827,3,0,0
rho\set84\rho_0.5.py,rho,84,rho,0.5,2,5,5,0.5,0.5,0.5,0.6,1.0,0.5,34.499998,40,12,46.0,68.999997,23.6,1,1,1084,0,ilp_v2,optimal,1,50.309198,34.492348,1.458561,0.344151,0.0,,0.344151,0.430015,3,0,0
rho\set84\rho_0.5.py,rho,84,rho,0.5,2,5,5,0.5,0.5,0.5,0.6,1.0,0.5,34.499998,40,12,46.0,68.999997,23.6,1,1,1084,0,ilp_v3,optimal,1,33.480227,34.494498,0.970596,0.041215,0.0,,0.041215,0.052367,3,0,0
rho\set84\rho_0.5.py,rho,84,rho,0.5,2,5,5,0.5,0.5,0.5,0.6,1.0,0.5,34.499998,40,12,46.0,68.999997,23.6,1,1,1084,0,ilp_v4,optimal,1,50.309198,34.492348,1.458561,0.294804,0.0,,0.294804,0.351492,3,0,0
rho\set84\rho_0.5.py,rho,84,rho,0.5,2,5,5,0.5,0.5,0.5,0.6,1.0,0.5,34.499998,40,12,46.0,68.999997,23.6,1,1,1084,0,greedy_sps_baseline,infeasible,0,,46.0,,0.000651,,over budget: E=46.0000 > B=34.5000,0.000651,0.000812,3,0,0
rho\set84\rho_0.6.py,rho,84,rho,0.6,2,5,5,0.5,0.5,0.6,0.6,1.0,0.5,41.399998,40,12,46.0,68.999997,23.6,1,1,1084,0,ilp_v2,optimal,1,65.760247,41.333562,1.590965,0.032389,0.0,,0.032389,0.044209,3,0,0
rho\set84\rho_0.6.py,rho,84,rho,0.6,2,5,5,0.5,0.5,0.6,0.6,1.0,0.5,41.399998,40,12,46.0,68.999997,23.6,1,1,1084,0,ilp_v3,optimal,1,65.228668,41.375305,1.576512,0.082342,0.0,,0.082342,0.090146,3,0,0
rho\set84\rho_0.6.py,rho,84,rho,0.6,2,5,5,0.5,0.5,0.6,0.6,1.0,0.5,41.399998,40,12,46.0,68.999997,23.6,1,1,1084,0,ilp_v4,optimal,1,65.760247,41.333562,1.590965,0.084193,0.0,,0.084193,0.096524,3,0,0
rho\set84\rho_0.6.py,rho,84,rho,0.6,2,5,5,0.5,0.5,0.6,0.6,1.0,0.5,41.399998,40,12,46.0,68.999997,23.6,1,1,1084,0,greedy_sps_baseline,infeasible,0,,46.0,,0.000889,,over budget: E=46.0000 > B=41.4000,0.000889,0.001317,3,0,0
rho\set84\rho_0.7.py,rho,84,rho,0.7,2,5,5,0.5,0.5,0.7,0.6,1.0,0.5,48.299998,40,12,46.0,68.999997,23.6,1,1,1084,0,ilp_v2,optimal,1,71.775689,48.243405,1.487782,0.01181,0.0,,0.01181,0.023723,3,0,0
rho\set84\rho_0.7.py,rho,84,rho,0.7,2,5,5,0.5,0.5,0.7,0.6,1.0,0.5,48.299998,40,12,46.0,68.999997,23.6,1,1,1084,0,ilp_v3,optimal,1,65.440387,48.299447,1.354889,0.021864,0.0,,0.021864,0.02517,3,0,0
rho\set84\rho_0.7.py,rho,84,rho,0.7,2,5,5,0.5,0.5,0.7,0.6,1.0,0.5,48.299998,40,12,46.0,68.999997,23.6,1,1,1084,0,ilp_v4,optimal,1,71.775689,48.126617,1.491393,0.070494,0.0,,0.070494,0.085909,3,0,0
rho\set84\rho_0.7.py,rho,84,rho,0.7,2,5,5,0.5,0.5,0.7,0.6,1.0,0.5,48.299998,40,12,46.0,68.999997,23.6,1,1,1084,0,greedy_sps_baseline,solved,1,9.051474,48.271768,0.187511,0.001098,,,0.001098,0.001285,3,0,0
rho\set84\rho_0.8.py,rho,84,rho,0.8,2,5,5,0.5,0.5,0.8,0.6,1.0,0.5,55.199997,40,12,46.0,68.999997,23.6,1,1,1084,0,ilp_v2,optimal,1,71.775689,53.115121,1.351323,0.010377,0.0,,0.010377,0.010816,3,0,0
rho\set84\rho_0.8.py,rho,84,rho,0.8,2,5,5,0.5,0.5,0.8,0.6,1.0,0.5,55.199997,40,12,46.0,68.999997,23.6,1,1,1084,0,ilp_v3,optimal,1,71.775689,53.736627,1.335694,0.009519,0.0,,0.009519,0.009913,3,0,0
rho\set84\rho_0.8.py,rho,84,rho,0.8,2,5,5,0.5,0.5,0.8,0.6,1.0,0.5,55.199997,40,12,46.0,68.999997,23.6,1,1,1084,0,ilp_v4,optimal,1,71.775689,53.115121,1.351323,0.032692,0.0,,0.032692,0.037651,3,0,0
rho\set84\rho_0.8.py,rho,84,rho,0.8,2,5,5,0.5,0.5,0.8,0.6,1.0,0.5,55.199997,40,12,46.0,68.999997,23.6,1,1,1084,0,greedy_sps_baseline,solved,1,35.481005,55.179329,0.643013,0.002236,,,0.002236,0.002484,3,0,0
rho\set84\rho_0.9.py,rho,84,rho,0.9,2,5,5,0.5,0.5,0.9,0.6,1.0,0.5,62.099997,40,12,46.0,68.999997,23.6,1,1,1084,0,ilp_v2,optimal,1,71.775689,58.455009,1.227879,0.008307,0.0,,0.008307,0.00884,3,0,0
rho\set84\rho_0.9.py,rho,84,rho,0.9,2,5,5,0.5,0.5,0.9,0.6,1.0,0.5,62.099997,40,12,46.0,68.999997,23.6,1,1,1084,0,ilp_v3,optimal,1,71.775689,61.774126,1.161905,0.009431,0.0,,0.009431,0.010353,3,0,0
rho\set84\rho_0.9.py,rho,84,rho,0.9,2,5,5,0.5,0.5,0.9,0.6,1.0,0.5,62.099997,40,12,46.0,68.999997,23.6,1,1,1084,0,ilp_v4,optimal,1,71.775689,58.455009,1.227879,0.026538,0.0,,0.026538,0.027373,3,0,0
rho\set84\rho_0.9.py,rho,84,rho,0.9,2,5,5,0.5,0.5,0.9,0.6,1.0,0.5,62.099997,40,12,46.0,68.999997,23.6,1,1,1084,0,greedy_sps_baseline,solved,1,61.167666,62.055609,0.985691,0.002273,,,0.002273,0.002423,3,0,0
rho\set84\rho_1.py,rho,84,rho,1,2,5,5,0.5,0.5,1.0,0.6,1.0,0.5,68.999997,40,12,46.0,68.999997,23.6,1,1,1084,0,ilp_v2,optimal,1,71.775689,68.999997,1.040227,0.005202,0.0,,0.005202,0.006077,3,0,0
rho\set84\rho_1.py,rho,84,rho,1,2,5,5,0.5,0.5,1.0,0.6,1.0,0.5,68.999997,40,12,46.0,68.999997,23.6,1,1,1084,0,ilp_v3,optimal,1,71.775689,68.999997,1.040227,0.0052,0.0,,0.0052,0.00553,3,0,0
rho\set84\rho_1.py,rho,84,rho,1,2,5,5,0.5,0.5,1.0,0.6,1.0,0.5,68.999997,40,12,46.0,68.999997,23.6,1,1,1084,0,ilp_v4,optimal,1,71.775689,68.999997,1.040227,0.014953,0.0,,0.014953,0.016749,3,0,0
rho\set84\rho_1.py,rho,84,rho,1,2,5,5,0.5,0.5,1.0,0.6,1.0,0.5,68.999997,40,12,46.0,68.999997,23.6,1,1,1084,0,greedy_sps_baseline,solved,1,71.775689,68.999997,1.040227,0.002794,,,0.002794,0.003367,3,0,0
rho\set85\rho_0.2.py,rho,85,rho,0.2,2,5,5,0.5,0.5,0.2,0.6,1.0,0.5,13.799999,40,12,45.999999,68.999995,33.099999,1,1,1085,0,ilp_v2,infeasible,0,,,,0.004178,,,0.004178,0.004848,3,0,0
rho\set85\rho_0.2.py,rho,85,rho,0.2,2,5,5,0.5,0.5,0.2,0.6,1.0,0.5,13.799999,40,12,45.999999,68.999995,33.099999,1,1,1085,0,ilp_v3,infeasible,0,,,,0.004187,,,0.004187,0.00432,3,0,0
rho\set85\rho_0.2.py,rho,85,rho,0.2,2,5,5,0.5,0.5,0.2,0.6,1.0,0.5,13.799999,40,12,45.999999,68.999995,33.099999,1,1,1085,0,ilp_v4,infeasible,0,,,,0.004294,,,0.004294,0.004883,3,0,0
rho\set85\rho_0.2.py,rho,85,rho,0.2,2,5,5,0.5,0.5,0.2,0.6,1.0,0.5,13.799999,40,12,45.999999,68.999995,33.099999,1,1,1085,0,greedy_sps_baseline,infeasible,0,,45.999999,,0.000434,,over budget: E=46.0000 > B=13.8000,0.000434,0.000563,3,0,0
rho\set85\rho_0.3.py,rho,85,rho,0.3,2,5,5,0.5,0.5,0.3,0.6,1.0,0.5,20.699999,40,12,45.999999,68.999995,33.099999,1,1,1085,0,ilp_v2,infeasible,0,,,,0.004483,,,0.004483,0.004764,3,0,0
rho\set85\rho_0.3.py,rho,85,rho,0.3,2,5,5,0.5,0.5,0.3,0.6,1.0,0.5,20.699999,40,12,45.999999,68.999995,33.099999,1,1,1085,0,ilp_v3,infeasible,0,,,,0.00421,,,0.00421,0.005007,3,0,0
rho\set85\rho_0.3.py,rho,85,rho,0.3,2,5,5,0.5,0.5,0.3,0.6,1.0,0.5,20.699999,40,12,45.999999,68.999995,33.099999,1,1,1085,0,ilp_v4,infeasible,0,,,,0.00421,,,0.00421,0.004876,3,0,0
rho\set85\rho_0.3.py,rho,85,rho,0.3,2,5,5,0.5,0.5,0.3,0.6,1.0,0.5,20.699999,40,12,45.999999,68.999995,33.099999,1,1,1085,0,greedy_sps_baseline,infeasible,0,,45.999999,,0.000435,,over budget: E=46.0000 > B=20.7000,0.000435,0.000599,3,0,0
rho\set85\rho_0.4.py,rho,85,rho,0.4,2,5,5,0.5,0.5,0.4,0.6,1.0,0.5,27.599998,40,12,45.999999,68.999995,33.099999,1,1,1085,0,ilp_v2,infeasible,0,,,,0.004326,,,0.004326,0.004616,3,0,0
rho\set85\rho_0.4.py,rho,85,rho,0.4,2,5,5,0.5,0.5,0.4,0.6,1.0,0.5,27.599998,40,12,45.999999,68.999995,33.099999,1,1,1085,0,ilp_v3,infeasible,0,,,,0.004299,,,0.004299,0.005479,3,0,0
rho\set85\rho_0.4.py,rho,85,rho,0.4,2,5,5,0.5,0.5,0.4,0.6,1.0,0.5,27.599998,40,12,45.999999,68.999995,33.099999,1,1,1085,0,ilp_v4,infeasible,0,,,,0.004926,,,0.004926,0.005697,3,0,0
rho\set85\rho_0.4.py,rho,85,rho,0.4,2,5,5,0.5,0.5,0.4,0.6,1.0,0.5,27.599998,40,12,45.999999,68.999995,33.099999,1,1,1085,0,greedy_sps_baseline,infeasible,0,,45.999999,,0.000543,,over budget: E=46.0000 > B=27.6000,0.000543,0.000687,3,0,0
rho\set85\rho_0.5.py,rho,85,rho,0.5,2,5,5,0.5,0.5,0.5,0.6,1.0,0.5,34.499998,40,12,45.999999,68.999995,33.099999,1,1,1085,0,ilp_v2,optimal,1,2.822555,34.489479,0.081838,0.032854,0.0,,0.032854,0.040577,3,0,0
rho\set85\rho_0.5.py,rho,85,rho,0.5,2,5,5,0.5,0.5,0.5,0.6,1.0,0.5,34.499998,40,12,45.999999,68.999995,33.099999,1,1,1085,0,ilp_v3,optimal,1,2.822555,34.489479,0.081838,0.034763,0.0,,0.034763,0.041137,3,0,0
rho\set85\rho_0.5.py,rho,85,rho,0.5,2,5,5,0.5,0.5,0.5,0.6,1.0,0.5,34.499998,40,12,45.999999,68.999995,33.099999,1,1,1085,0,ilp_v4,optimal,1,2.822555,34.489479,0.081838,0.083594,0.0,,0.083594,0.09184,3,0,0
rho\set85\rho_0.5.py,rho,85,rho,0.5,2,5,5,0.5,0.5,0.5,0.6,1.0,0.5,34.499998,40,12,45.999999,68.999995,33.099999,1,1,1085,0,greedy_sps_baseline,infeasible,0,,45.999999,,0.000409,,over budget: E=46.0000 > B=34.5000,0.000409,0.00053,3,0,0
rho\set85\rho_0.6.py,rho,85,rho,0.6,2,5,5,0.5,0.5,0.6,0.6,1.0,0.5,41.399997,40,12,45.999999,68.999995,33.099999,1,1,1085,0,ilp_v2,optimal,1,29.50546,41.394532,0.712786,0.040857,0.0,,0.040857,0.048825,3,0,0
rho\set85\rho_0.6.py,rho,85,rho,0.6,2,5,5,0.5,0.5,0.6,0.6,1.0,0.5,41.399997,40,12,45.999999,68.999995,33.099999,1,1,1085,0,ilp_v3,optimal,1,28.356635,41.399717,0.684948,0.026256,4.5e-05,,0.026256,0.0322,3,0,0
rho\set85\rho_0.6.py,rho,85,rho,0.6,2,5,5,0.5,0.5,0.6,0.6,1.0,0.5,41.399997,40,12,45.999999,68.999995,33.099999,1,1,1085,0,ilp_v4,optimal,1,29.50546,41.394532,0.712786,0.098923,0.0,,0.098923,0.109917,3,0,0
rho\set85\rho_0.6.py,rho,85,rho,0.6,2,5,5,0.5,0.5,0.6,0.6,1.0,0.5,41.399997,40,12,45.999999,68.999995,33.099999,1,1,1085,0,greedy_sps_baseline,infeasible,0,,45.999999,,0.0004,,over budget: E=46.0000 > B=41.4000,0.0004,0.000547,3,0,0
rho\set85\rho_0.7.py,rho,85,rho,0.7,2,5,5,0.5,0.5,0.7,0.6,1.0,0.5,48.299997,40,12,45.999999,68.999995,33.099999,1,1,1085,0,ilp_v2,optimal,1,42.242586,48.216709,0.876098,0.008397,0.0,,0.008397,0.009596,3,0,0
rho\set85\rho_0.7.py,rho,85,rho,0.7,2,5,5,0.5,0.5,0.7,0.6,1.0,0.5,48.299997,40,12,45.999999,68.999995,33.099999,1,1,1085,0,ilp_v3,optimal,1,34.86314,48.294526,0.721886,0.125026,0.0,,0.125026,0.145504,3,0,0
rho\set85\rho_0.7.py,rho,85,rho,0.7,2,5,5,0.5,0.5,0.7,0.6,1.0,0.5,48.299997,40,12,45.999999,68.999995,33.099999,1,1,1085,0,ilp_v4,optimal,1,42.242586,48.216709,0.876098,0.05456,0.0,,0.05456,0.064548,3,0,0
rho\set85\rho_0.7.py,rho,85,rho,0.7,2,5,5,0.5,0.5,0.7,0.6,1.0,0.5,48.299997,40,12,45.999999,68.999995,33.099999,1,1,1085,0,greedy_sps_baseline,solved,1,3.260737,48.207049,0.06764,0.003138,,,0.003138,0.003401,3,0,0
rho\set85\rho_0.8.py,rho,85,rho,0.8,2,5,5,0.5,0.5,0.8,0.6,1.0,0.5,55.199996,40,12,45.999999,68.999995,33.099999,1,1,1085,0,ilp_v2,optimal,1,44.753848,49.649997,0.901387,0.005712,0.0,,0.005712,0.005981,3,0,0
rho\set85\rho_0.8.py,rho,85,rho,0.8,2,5,5,0.5,0.5,0.8,0.6,1.0,0.5,55.199996,40,12,45.999999,68.999995,33.099999,1,1,1085,0,ilp_v3,optimal,1,44.753848,54.45535,0.821845,0.008396,0.0,,0.008396,0.008581,3,0,0
rho\set85\rho_0.8.py,rho,85,rho,0.8,2,5,5,0.5,0.5,0.8,0.6,1.0,0.5,55.199996,40,12,45.999999,68.999995,33.099999,1,1,1085,0,ilp_v4,optimal,1,44.753848,49.649997,0.901387,0.038942,0.0,,0.038942,0.041296,3,0,0
rho\set85\rho_0.8.py,rho,85,rho,0.8,2,5,5,0.5,0.5,0.8,0.6,1.0,0.5,55.199996,40,12,45.999999,68.999995,33.099999,1,1,1085,0,greedy_sps_baseline,solved,1,26.115116,55.187294,0.473209,0.002858,,,0.002858,0.003132,3,0,0
rho\set85\rho_0.9.py,rho,85,rho,0.9,2,5,5,0.5,0.5,0.9,0.6,1.0,0.5,62.099996,40,12,45.999999,68.999995,33.099999,1,1,1085,0,ilp_v2,optimal,1,44.753848,49.649997,0.901387,0.005575,0.0,,0.005575,0.005911,3,0,0
rho\set85\rho_0.9.py,rho,85,rho,0.9,2,5,5,0.5,0.5,0.9,0.6,1.0,0.5,62.099996,40,12,45.999999,68.999995,33.099999,1,1,1085,0,ilp_v3,optimal,1,44.753848,61.3752,0.729185,0.007935,0.0,,0.007935,0.008823,3,0,0
rho\set85\rho_0.9.py,rho,85,rho,0.9,2,5,5,0.5,0.5,0.9,0.6,1.0,0.5,62.099996,40,12,45.999999,68.999995,33.099999,1,1,1085,0,ilp_v4,optimal,1,44.753848,49.649997,0.901387,0.027546,0.0,,0.027546,0.030275,3,0,0
rho\set85\rho_0.9.py,rho,85,rho,0.9,2,5,5,0.5,0.5,0.9,0.6,1.0,0.5,62.099996,40,12,45.999999,68.999995,33.099999,1,1,1085,0,greedy_sps_baseline,solved,1,35.865403,61.949309,0.578948,0.003943,,,0.003943,0.004634,3,0,0
rho\set85\rho_1.py,rho,85,rho,1,2,5,5,0.5,0.5,1.0,0.6,1.0,0.5,68.999995,40,12,45.999999,68.999995,33.099999,1,1,1085,0,ilp_v2,optimal,1,44.753848,49.649997,0.901387,0.005116,0.0,,0.005116,0.006077,3,0,0
rho\set85\rho_1.py,rho,85,rho,1,2,5,5,0.5,0.5,1.0,0.6,1.0,0.5,68.999995,40,12,45.999999,68.999995,33.099999,1,1,1085,0,ilp_v3,optimal,1,44.753848,62.357412,0.717699,0.004524,0.0,,0.004524,0.004726,3,0,0
rho\set85\rho_1.py,rho,85,rho,1,2,5,5,0.5,0.5,1.0,0.6,1.0,0.5,68.999995,40,12,45.999999,68.999995,33.099999,1,1,1085,0,ilp_v4,optimal,1,44.753848,49.649997,0.901387,0.014863,0.0,,0.014863,0.015395,3,0,0
rho\set85\rho_1.py,rho,85,rho,1,2,5,5,0.5,0.5,1.0,0.6,1.0,0.5,68.999995,40,12,45.999999,68.999995,33.099999,1,1,1085,0,greedy_sps_baseline,solved,1,42.627096,67.277625,0.6336,0.003544,,,0.003544,0.00374,3,0,0
rho\set86\rho_0.2.py,rho,86,rho,0.2,2,5,5,0.5,0.5,0.2,0.6,1.0,0.5,13.8,40,10,46.000001,68.999999,24.400001,1,1,1086,0,ilp_v2,infeasible,0,,,,0.002399,,,0.002399,0.002631,3,0,0
rho\set86\rho_0.2.py,rho,86,rho,0.2,2,5,5,0.5,0.5,0.2,0.6,1.0,0.5,13.8,40,10,46.000001,68.999999,24.400001,1,1,1086,0,ilp_v3,infeasible,0,,,,0.002077,,,0.002077,0.002597,3,0,0
rho\set86\rho_0.2.py,rho,86,rho,0.2,2,5,5,0.5,0.5,0.2,0.6,1.0,0.5,13.8,40,10,46.000001,68.999999,24.400001,1,1,1086,0,ilp_v4,infeasible,0,,,,0.002163,,,0.002163,0.002477,3,0,0
rho\set86\rho_0.2.py,rho,86,rho,0.2,2,5,5,0.5,0.5,0.2,0.6,1.0,0.5,13.8,40,10,46.000001,68.999999,24.400001,1,1,1086,0,greedy_sps_baseline,infeasible,0,,46.000001,,0.000268,,over budget: E=46.0000 > B=13.8000,0.000268,0.000335,3,0,0
rho\set86\rho_0.3.py,rho,86,rho,0.3,2,5,5,0.5,0.5,0.3,0.6,1.0,0.5,20.7,40,10,46.000001,68.999999,24.400001,1,1,1086,0,ilp_v2,infeasible,0,,,,0.002111,,,0.002111,0.002604,3,0,0
rho\set86\rho_0.3.py,rho,86,rho,0.3,2,5,5,0.5,0.5,0.3,0.6,1.0,0.5,20.7,40,10,46.000001,68.999999,24.400001,1,1,1086,0,ilp_v3,infeasible,0,,,,0.002057,,,0.002057,0.002094,3,0,0
rho\set86\rho_0.3.py,rho,86,rho,0.3,2,5,5,0.5,0.5,0.3,0.6,1.0,0.5,20.7,40,10,46.000001,68.999999,24.400001,1,1,1086,0,ilp_v4,infeasible,0,,,,0.002263,,,0.002263,0.003588,3,0,0
rho\set86\rho_0.3.py,rho,86,rho,0.3,2,5,5,0.5,0.5,0.3,0.6,1.0,0.5,20.7,40,10,46.000001,68.999999,24.400001,1,1,1086,0,greedy_sps_baseline,infeasible,0,,46.000001,,0.000463,,over budget: E=46.0000 > B=20.7000,0.000463,0.000554,3,0,0
rho\set86\rho_0.4.py,rho,86,rho,0.4,2,5,5,0.5,0.5,0.4,0.6,1.0,0.5,27.6,40,10,46.000001,68.999999,24.400001,1,1,1086,0,ilp_v2,optimal,1,1.922594,27.595869,0.06967,0.021622,0.0,,0.021622,0.023746,3,0,0
rho\set86\rho_0.4.py,rho,86,rho,0.4,2,5,5,0.5,0.5,0.4,0.6,1.0,0.5,27.6,40,10,46.000001,68.999999,24.400001,1,1,1086,0,ilp_v3,optimal,1,1.922594,27.595869,0.06967,0.022347,0.0,,0.022347,0.02361,3,0,0
rho\set86\rho_0.4.py,rho,86,rho,0.4,2,5,5,0.5,0.5,0.4,0.6,1.0,0.5,27.6,40,10,46.000001,68.999999,24.400001,1,1,1086,0,ilp_v4,optimal,1,16.899056,27.438431,0.61589,0.056357,0.0,,0.056357,0.058995,3,0,0
rho\set86\rho_0.4.py,rho,86,rho,0.4,2,5,5,0.5,0.5,0.4,0.6,1.0,0.5,27.6,40,10,46.000001,68.999999,24.400001,1,1,1086,0,greedy_sps_baseline,infeasible,0,,46.000001,,0.000283,,over budget: E=46.0000 > B=27.6000,0.000283,0.000392,3,0,0
rho\set86\rho_0.5.py,rho,86,rho,0.5,2,5,5,0.5,0.5,0.5,0.6,1.0,0.5,34.499999,40,10,46.000001,68.999999,24.400001,1,1,1086,0,ilp_v2,optimal,1,20.464757,34.472628,0.593652,0.022957,0.0,,0.022957,0.028532,3,0,0
rho\set86\rho_0.5.py,rho,86,rho,0.5,2,5,5,0.5,0.5,0.5,0.6,1.0,0.5,34.499999,40,10,46.000001,68.999999,24.400001,1,1,1086,0,ilp_v3,optimal,1,23.046056,34.461535,0.668747,0.022968,0.0,,0.022968,0.024095,3,0,0
rho\set86\rho_0.5.py,rho,86,rho,0.5,2,5,5,0.5,0.5,0.5,0.6,1.0,0.5,34.499999,40,10,46.000001,68.999999,24.400001,1,1,1086,0,ilp_v4,optimal,1,29.881486,34.491672,0.866339,0.190302,0.0,,0.190302,0.200959,3,0,0
rho\set86\rho_0.5.py,rho,86,rho,0.5,2,5,5,0.5,0.5,0.5,0.6,1.0,0.5,34.499999,40,10,46.000001,68.999999,24.400001,1,1,1086,0,greedy_sps_baseline,infeasible,0,,46.000001,,0.000423,,over budget: E=46.0000 > B=34.5000,0.000423,0.000618,3,0,0
rho\set86\rho_0.6.py,rho,86,rho,0.6,2,5,5,0.5,0.5,0.6,0.6,1.0,0.5,41.399999,40,10,46.000001,68.999999,24.400001,1,1,1086,0,ilp_v2,optimal,1,28.298864,40.940276,0.691223,0.030529,0.0,,0.030529,0.036686,3,0,0
rho\set86\rho_0.6.py,rho,86,rho,0.6,2,5,5,0.5,0.5,0.6,0.6,1.0,0.5,41.399999,40,10,46.000001,68.999999,24.400001,1,1,1086,0,ilp_v3,optimal,1,37.782231,41.393891,0.912749,0.07596,0.0,,0.07596,0.081365,3,0,0
rho\set86\rho_0.6.py,rho,86,rho,0.6,2,5,5,0.5,0.5,0.6,0.6,1.0,0.5,41.399999,40,10,46.000001,68.999999,24.400001,1,1,1086,0,ilp_v4,optimal,1,37.166281,41.398567,0.897767,0.113183,0.0,,0.113183,0.13057,3,0,0
rho\set86\rho_0.6.py,rho,86,rho,0.6,2,5,5,0.5,0.5,0.6,0.6,1.0,0.5,41.399999,40,10,46.000001,68.999999,24.400001,1,1,1086,0,greedy_sps_baseline,infeasible,0,,46.000001,,0.000394,,over budget: E=46.0000 > B=41.4000,0.000394,0.000546,3,0,0
rho\set86\rho_0.7.py,rho,86,rho,0.7,2,5,5,0.5,0.5,0.7,0.6,1.0,0.5,48.299999,40,10,46.000001,68.999999,24.400001,1,1,1086,0,ilp_v2,optimal,1,35.067004,48.182236,0.727799,0.02117,0.0,,0.02117,0.024135,3,0,0
rho\set86\rho_0.7.py,rho,86,rho,0.7,2,5,5,0.5,0.5,0.7,0.6,1.0,0.5,48.299999,40,10,46.000001,68.999999,24.400001,1,1,1086,0,ilp_v3,optimal,1,37.549263,48.298039,0.777449,0.068185,0.0,,0.068185,0.069194,3,0,0
rho\set86\rho_0.7.py,rho,86,rho,0.7,2,5,5,0.5,0.5,0.7,0.6,1.0,0.5,48.299999,40,10,46.000001,68.999999,24.400001,1,1,1086,0,ilp_v4,optimal,1,43.842113,48.252011,0.908607,0.065168,4.6e-05,,0.065168,0.069583,3,0,0
rho\set86\rho_0.7.py,rho,86,rho,0.7,2,5,5,0.5,0.5,0.7,0.6,1.0,0.5,48.299999,40,10,46.000001,68.999999,24.400001,1,1,1086,0,greedy_sps_baseline,solved,1,7.475488,48.296494,0.154783,0.000839,,,0.000839,0.001012,3,0,0
rho\set86\rho_0.8.py,rho,86,rho,0.8,2,5,5,0.5,0.5,0.8,0.6,1.0,0.5,55.199999,40,10,46.000001,68.999999,24.400001,1,1,1086,0,ilp_v2,optimal,1,39.563993,55.190689,0.71686,0.080539,0.0,,0.080539,0.092215,3,0,0
rho\set86\rho_0.8.py,rho,86,rho,0.8,2,5,5,0.5,0.5,0.8,0.6,1.0,0.5,55.199999,40,10,46.000001,68.999999,24.400001,1,1,1086,0,ilp_v3,optimal,1,44.664699,52.358107,0.853062,0.009199,0.0,,0.009199,0.009776,3,0,0
rho\set86\rho_0.8.py,rho,86,rho,0.8,2,5,5,0.5,0.5,0.8,0.6,1.0,0.5,55.199999,40,10,46.000001,68.999999,24.400001,1,1,1086,0,ilp_v4,optimal,1,44.664699,51.3346,0.87007,0.021679,0.0,,0.021679,0.02276,3,0,0
rho\set86\rho_0.8.py,rho,86,rho,0.8,2,5,5,0.5,0.5,0.8,0.6,1.0,0.5,55.199999,40,10,46.000001,68.999999,24.400001,1,1,1086,0,greedy_sps_baseline,solved,1,21.865083,54.433607,0.401684,0.002217,,,0.002217,0.002357,3,0,0
rho\set86\rho_0.9.py,rho,86,rho,0.9,2,5,5,0.5,0.5,0.9,0.6,1.0,0.5,62.099999,40,10,46.000001,68.999999,24.400001,1,1,1086,0,ilp_v2,optimal,1,42.640512,59.662576,0.714694,0.009509,0.0,,0.009509,0.009679,3,0,0
rho\set86\rho_0.9.py,rho,86,rho,0.9,2,5,5,0.5,0.5,0.9,0.6,1.0,0.5,62.099999,40,10,46.000001,68.999999,24.400001,1,1,1086,0,ilp_v3,optimal,1,44.664699,56.225333,0.794387,0.004089,0.0,,0.004089,0.004316,3,0,0
rho\set86\rho_0.9.py,rho,86,rho,0.9,2,5,5,0.5,0.5,0.9,0.6,1.0,0.5,62.099999,40,10,46.000001,68.999999,24.400001,1,1,1086,0,ilp_v4,optimal,1,44.664699,60.03159,0.74402,0.018447,0.0,,0.018447,0.019161,3,0,0
rho\set86\rho_0.9.py,rho,86,rho,0.9,2,5,5,0.5,0.5,0.9,0.6,1.0,0.5,62.099999,40,10,46.000001,68.999999,24.400001,1,1,1086,0,greedy_sps_baseline,solved,1,34.245882,61.768203,0.554426,0.002226,,,0.002226,0.002269,3,0,0
rho\set86\rho_1.py,rho,86,rho,1,2,5,5,0.5,0.5,1.0,0.6,1.0,0.5,68.999999,40,10,46.000001,68.999999,24.400001,1,1,1086,0,ilp_v2,optimal,1,42.640512,61.816686,0.68979,0.008347,0.0,,0.008347,0.009042,3,0,0
rho\set86\rho_1.py,rho,86,rho,1,2,5,5,0.5,0.5,1.0,0.6,1.0,0.5,68.999999,40,10,46.000001,68.999999,24.400001,1,1,1086,0,ilp_v3,optimal,1,44.664699,67.072554,0.665916,0.003652,0.0,,0.003652,0.003992,3,0,0
rho\set86\rho_1.py,rho,86,rho,1,2,5,5,0.5,0.5,1.0,0.6,1.0,0.5,68.999999,40,10,46.000001,68.999999,24.400001,1,1,1086,0,ilp_v4,optimal,1,44.664699,68.999999,0.647314,0.010488,0.0,,0.010488,0.011916,3,0,0
rho\set86\rho_1.py,rho,86,rho,1,2,5,5,0.5,0.5,1.0,0.6,1.0,0.5,68.999999,40,10,46.000001,68.999999,24.400001,1,1,1086,0,greedy_sps_baseline,solved,1,39.45529,65.384101,0.603439,0.002164,,,0.002164,0.002472,3,0,0
rho\set87\rho_0.2.py,rho,87,rho,0.2,2,5,5,0.5,0.5,0.2,0.6,1.0,0.5,13.8,40,13,46.000002,69.000002,21.433334,1,1,1087,0,ilp_v2,infeasible,0,,,,0.002878,,,0.002878,0.003125,3,0,0
rho\set87\rho_0.2.py,rho,87,rho,0.2,2,5,5,0.5,0.5,0.2,0.6,1.0,0.5,13.8,40,13,46.000002,69.000002,21.433334,1,1,1087,0,ilp_v3,infeasible,0,,,,0.002783,,,0.002783,0.003,3,0,0
rho\set87\rho_0.2.py,rho,87,rho,0.2,2,5,5,0.5,0.5,0.2,0.6,1.0,0.5,13.8,40,13,46.000002,69.000002,21.433334,1,1,1087,0,ilp_v4,infeasible,0,,,,0.003202,,,0.003202,0.003335,3,0,0
rho\set87\rho_0.2.py,rho,87,rho,0.2,2,5,5,0.5,0.5,0.2,0.6,1.0,0.5,13.8,40,13,46.000002,69.000002,21.433334,1,1,1087,0,greedy_sps_baseline,infeasible,0,,46.000002,,0.000479,,over budget: E=46.0000 > B=13.8000,0.000479,0.000904,3,0,0
rho\set87\rho_0.3.py,rho,87,rho,0.3,2,5,5,0.5,0.5,0.3,0.6,1.0,0.5,20.700001,40,13,46.000002,69.000002,21.433334,1,1,1087,0,ilp_v2,infeasible,0,,,,0.002807,,,0.002807,0.003209,3,0,0
rho\set87\rho_0.3.py,rho,87,rho,0.3,2,5,5,0.5,0.5,0.3,0.6,1.0,0.5,20.700001,40,13,46.000002,69.000002,21.433334,1,1,1087,0,ilp_v3,infeasible,0,,,,0.002642,,,0.002642,0.002867,3,0,0
rho\set87\rho_0.3.py,rho,87,rho,0.3,2,5,5,0.5,0.5,0.3,0.6,1.0,0.5,20.700001,40,13,46.000002,69.000002,21.433334,1,1,1087,0,ilp_v4,infeasible,0,,,,0.002705,,,0.002705,0.003065,3,0,0
rho\set87\rho_0.3.py,rho,87,rho,0.3,2,5,5,0.5,0.5,0.3,0.6,1.0,0.5,20.700001,40,13,46.000002,69.000002,21.433334,1,1,1087,0,greedy_sps_baseline,infeasible,0,,46.000002,,0.000448,,over budget: E=46.0000 > B=20.7000,0.000448,0.000527,3,0,0
rho\set87\rho_0.4.py,rho,87,rho,0.4,2,5,5,0.5,0.5,0.4,0.6,1.0,0.5,27.600001,40,13,46.000002,69.000002,21.433334,1,1,1087,0,ilp_v2,optimal,1,14.25149,27.578709,0.516757,0.169103,0.0,,0.169103,0.189206,3,0,0
rho\set87\rho_0.4.py,rho,87,rho,0.4,2,5,5,0.5,0.5,0.4,0.6,1.0,0.5,27.600001,40,13,46.000002,69.000002,21.433334,1,1,1087,0,ilp_v3,optimal,1,14.25149,27.578709,0.516757,0.174634,0.0,,0.174634,0.180884,3,0,0
rho\set87\rho_0.4.py,rho,87,rho,0.4,2,5,5,0.5,0.5,0.4,0.6,1.0,0.5,27.600001,40,13,46.000002,69.000002,21.433334,1,1,1087,0,ilp_v4,optimal,1,15.124355,27.566225,0.548655,0.110087,0.0,,0.110087,0.115593,3,0,0
rho\set87\rho_0.4.py,rho,87,rho,0.4,2,5,5,0.5,0.5,0.4,0.6,1.0,0.5,27.600001,40,13,46.000002,69.000002,21.433334,1,1,1087,0,greedy_sps_baseline,infeasible,0,,46.000002,,0.000449,,over budget: E=46.0000 > B=27.6000,0.000449,0.000592,3,0,0
rho\set87\rho_0.5.py,rho,87,rho,0.5,2,5,5,0.5,0.5,0.5,0.6,1.0,0.5,34.500001,40,13,46.000002,69.000002,21.433334,1,1,1087,0,ilp_v2,optimal,1,30.864281,34.419515,0.896709,0.095923,0.0,,0.095923,0.107453,3,0,0
rho\set87\rho_0.5.py,rho,87,rho,0.5,2,5,5,0.5,0.5,0.5,0.6,1.0,0.5,34.500001,40,13,46.000002,69.000002,21.433334,1,1,1087,0,ilp_v3,optimal,1,30.864281,34.419515,0.896709,0.110821,0.0,,0.110821,0.127348,3,0,0
rho\set87\rho_0.5.py,rho,87,rho,0.5,2,5,5,0.5,0.5,0.5,0.6,1.0,0.5,34.500001,40,13,46.000002,69.000002,21.433334,1,1,1087,0,ilp_v4,optimal,1,30.86428,34.419515,0.896709,0.170383,0.0,,0.170383,0.20466,3,0,0
rho\set87\rho_0.5.py,rho,87,rho,0.5,2,5,5,0.5,0.5,0.5,0.6,1.0,0.5,34.500001,40,13,46.000002,69.000002,21.433334,1,1,1087,0,greedy_sps_baseline,infeasible,0,,46.000002,,0.000396,,over budget: E=46.0000 > B=34.5000,0.000396,0.000518,3,0,0
rho\set87\rho_0.6.py,rho,87,rho,0.6,2,5,5,0.5,0.5,0.6,0.6,1.0,0.5,41.400001,40,13,46.000002,69.000002,21.433334,1,1,1087,0,ilp_v2,optimal,1,40.2395,41.302686,0.974259,0.059391,0.0,,0.059391,0.063849,3,0,0
rho\set87\rho_0.6.py,rho,87,rho,0.6,2,5,5,0.5,0.5,0.6,0.6,1.0,0.5,41.400001,40,13,46.000002,69.000002,21.433334,1,1,1087,0,ilp_v3,optimal,1,38.582433,41.382807,0.93233,0.030399,0.0,,0.030399,0.031978,3,0,0
rho\set87\rho_0.6.py,rho,87,rho,0.6,2,5,5,0.5,0.5,0.6,0.6,1.0,0.5,41.400001,40,13,46.000002,69.000002,21.433334,1,1,1087,0,ilp_v4,optimal,1,38.582434,41.279692,0.934659,0.137972,0.0,,0.137972,0.154227,3,0,0
rho\set87\rho_0.6.py,rho,87,rho,0.6,2,5,5,0.5,0.5,0.6,0.6,1.0,0.5,41.400001,40,13,46.000002,69.000002,21.433334,1,1,1087,0,greedy_sps_baseline,infeasible,0,,46.000002,,0.000365,,over budget: E=46.0000 > B=41.4000,0.000365,0.000502,3,0,0
rho\set87\rho_0.7.py,rho,87,rho,0.7,2,5,5,0.5,0.5,0.7,0.6,1.0,0.5,48.300002,40,13,46.000002,69.000002,21.433334,1,1,1087,0,ilp_v2,optimal,1,46.39441,47.810943,0.970372,0.078776,0.0,,0.078776,0.080112,3,0,0
rho\set87\rho_0.7.py,rho,87,rho,0.7,2,5,5,0.5,0.5,0.7,0.6,1.0,0.5,48.300002,40,13,46.000002,69.000002,21.433334,1,1,1087,0,ilp_v3,optimal,1,45.149826,48.255396,0.935643,0.054738,0.0,,0.054738,0.057046,3,0,0
rho\set87\rho_0.7.py,rho,87,rho,0.7,2,5,5,0.5,0.5,0.7,0.6,1.0,0.5,48.300002,40,13,46.000002,69.000002,21.433334,1,1,1087,0,ilp_v4,optimal,1,47.302031,48.298149,0.979376,0.076316,4.1e-05,,0.076316,0.094007,3,0,0
rho\set87\rho_0.7.py,rho,87,rho,0.7,2,5,5,0.5,0.5,0.7,0.6,1.0,0.5,48.300002,40,13,46.000002,69.000002,21.433334,1,1,1087,0,greedy_sps_baseline,solved,1,7.608071,47.971183,0.158597,0.000735,,,0.000735,0.000865,3,0,0
rho\set87\rho_0.8.py,rho,87,rho,0.8,2,5,5,0.5,0.5,0.8,0.6,1.0,0.5,55.200002,40,13,46.000002,69.000002,21.433334,1,1,1087,0,ilp_v2,optimal,1,50.839311,55.161452,0.921646,0.007372,0.0,,0.007372,0.008218,3,0,0
rho\set87\rho_0.8.py,rho,87,rho,0.8,2,5,5,0.5,0.5,0.8,0.6,1.0,0.5,55.200002,40,13,46.000002,69.000002,21.433334,1,1,1087,0,ilp_v3,optimal,1,50.839311,55.176781,0.92139,0.01626,0.0,,0.01626,0.018113,3,0,0
rho\set87\rho_0.8.py,rho,87,rho,0.8,2,5,5,0.5,0.5,0.8,0.6,1.0,0.5,55.200002,40,13,46.000002,69.000002,21.433334,1,1,1087,0,ilp_v4,optimal,1,50.839311,55.161452,0.921646,0.028094,0.0,,0.028094,0.028981,3,0,0
rho\set87\rho_0.8.py,rho,87,rho,0.8,2,5,5,0.5,0.5,0.8,0.6,1.0,0.5,55.200002,40,13,46.000002,69.000002,21.433334,1,1,1087,0,greedy_sps_baseline,solved,1,30.433563,54.920872,0.554135,0.001977,,,0.001977,0.002225,3,0,0
rho\set87\rho_0.9.py,rho,87,rho,0.9,2,5,5,0.5,0.5,0.9,0.6,1.0,0.5,62.100002,40,13,46.000002,69.000002,21.433334,1,1,1087,0,ilp_v2,optimal,1,50.839311,60.368356,0.842152,0.006279,0.0,,0.006279,0.006571,3,0,0
rho\set87\rho_0.9.py,rho,87,rho,0.9,2,5,5,0.5,0.5,0.9,0.6,1.0,0.5,62.100002,40,13,46.000002,69.000002,21.433334,1,1,1087,0,ilp_v3,optimal,1,50.839311,60.175751,0.844847,0.006111,0.0,,0.006111,0.006538,3,0,0
rho\set87\rho_0.9.py,rho,87,rho,0.9,2,5,5,0.5,0.5,0.9,0.6,1.0,0.5,62.100002,40,13,46.000002,69.000002,21.433334,1,1,1087,0,ilp_v4,optimal,1,50.839311,60.604815,0.838866,0.023097,0.0,,0.023097,0.025008,3,0,0
rho\set87\rho_0.9.py,rho,87,rho,0.9,2,5,5,0.5,0.5,0.9,0.6,1.0,0.5,62.100002,40,13,46.000002,69.000002,21.433334,1,1,1087,0,greedy_sps_baseline,solved,1,42.886842,61.918415,0.692635,0.002481,,,0.002481,0.002593,3,0,0
rho\set87\rho_1.py,rho,87,rho,1,2,5,5,0.5,0.5,1.0,0.6,1.0,0.5,69.000002,40,13,46.000002,69.000002,21.433334,1,1,1087,0,ilp_v2,optimal,1,50.839311,56.8263,0.894644,0.006374,0.0,,0.006374,0.006631,3,0,0
rho\set87\rho_1.py,rho,87,rho,1,2,5,5,0.5,0.5,1.0,0.6,1.0,0.5,69.000002,40,13,46.000002,69.000002,21.433334,1,1,1087,0,ilp_v3,optimal,1,50.839311,61.984072,0.8202,0.006468,0.0,,0.006468,0.006907,3,0,0
rho\set87\rho_1.py,rho,87,rho,1,2,5,5,0.5,0.5,1.0,0.6,1.0,0.5,69.000002,40,13,46.000002,69.000002,21.433334,1,1,1087,0,ilp_v4,optimal,1,50.839311,64.313336,0.790494,0.015948,0.0,,0.015948,0.016131,3,0,0
rho\set87\rho_1.py,rho,87,rho,1,2,5,5,0.5,0.5,1.0,0.6,1.0,0.5,69.000002,40,13,46.000002,69.000002,21.433334,1,1,1087,0,greedy_sps_baseline,solved,1,49.847007,67.887012,0.734264,0.002439,,,0.002439,0.002572,3,0,0
rho\set88\rho_0.2.py,rho,88,rho,0.2,2,5,5,0.5,0.5,0.2,0.6,1.0,0.5,13.8,40,13,45.999999,69.000002,23.00909,1,1,1088,0,ilp_v2,infeasible,0,,,,0.00285,,,0.00285,0.003209,3,0,0
rho\set88\rho_0.2.py,rho,88,rho,0.2,2,5,5,0.5,0.5,0.2,0.6,1.0,0.5,13.8,40,13,45.999999,69.000002,23.00909,1,1,1088,0,ilp_v3,infeasible,0,,,,0.002785,,,0.002785,0.00363,3,0,0
rho\set88\rho_0.2.py,rho,88,rho,0.2,2,5,5,0.5,0.5,0.2,0.6,1.0,0.5,13.8,40,13,45.999999,69.000002,23.00909,1,1,1088,0,ilp_v4,infeasible,0,,,,0.002923,,,0.002923,0.003028,3,0,0
rho\set88\rho_0.2.py,rho,88,rho,0.2,2,5,5,0.5,0.5,0.2,0.6,1.0,0.5,13.8,40,13,45.999999,69.000002,23.00909,1,1,1088,0,greedy_sps_baseline,infeasible,0,,45.999999,,0.000328,,over budget: E=46.0000 > B=13.8000,0.000328,0.00044,3,0,0
rho\set88\rho_0.3.py,rho,88,rho,0.3,2,5,5,0.5,0.5,0.3,0.6,1.0,0.5,20.700001,40,13,45.999999,69.000002,23.00909,1,1,1088,0,ilp_v2,infeasible,0,,,,0.002901,,,0.002901,0.003581,3,0,0
rho\set88\rho_0.3.py,rho,88,rho,0.3,2,5,5,0.5,0.5,0.3,0.6,1.0,0.5,20.700001,40,13,45.999999,69.000002,23.00909,1,1,1088,0,ilp_v3,infeasible,0,,,,0.002735,,,0.002735,0.002982,3,0,0
rho\set88\rho_0.3.py,rho,88,rho,0.3,2,5,5,0.5,0.5,0.3,0.6,1.0,0.5,20.700001,40,13,45.999999,69.000002,23.00909,1,1,1088,0,ilp_v4,infeasible,0,,,,0.002939,,,0.002939,0.003375,3,0,0
rho\set88\rho_0.3.py,rho,88,rho,0.3,2,5,5,0.5,0.5,0.3,0.6,1.0,0.5,20.700001,40,13,45.999999,69.000002,23.00909,1,1,1088,0,greedy_sps_baseline,infeasible,0,,45.999999,,0.000338,,over budget: E=46.0000 > B=20.7000,0.000338,0.000397,3,0,0
rho\set88\rho_0.4.py,rho,88,rho,0.4,2,5,5,0.5,0.5,0.4,0.6,1.0,0.5,27.600001,40,13,45.999999,69.000002,23.00909,1,1,1088,0,ilp_v2,optimal,1,20.926893,27.597785,0.758282,0.012009,0.0,,0.012009,0.012826,3,0,0
rho\set88\rho_0.4.py,rho,88,rho,0.4,2,5,5,0.5,0.5,0.4,0.6,1.0,0.5,27.600001,40,13,45.999999,69.000002,23.00909,1,1,1088,0,ilp_v3,optimal,1,19.520953,27.598282,0.707325,0.084301,0.0,,0.084301,0.08732,3,0,0
rho\set88\rho_0.4.py,rho,88,rho,0.4,2,5,5,0.5,0.5,0.4,0.6,1.0,0.5,27.600001,40,13,45.999999,69.000002,23.00909,1,1,1088,0,ilp_v4,optimal,1,20.812746,27.577939,0.754688,0.095031,0.0,,0.095031,0.105975,3,0,0
rho\set88\rho_0.4.py,rho,88,rho,0.4,2,5,5,0.5,0.5,0.4,0.6,1.0,0.5,27.600001,40,13,45.999999,69.000002,23.00909,1,1,1088,0,greedy_sps_baseline,infeasible,0,,45.999999,,0.00034,,over budget: E=46.0000 > B=27.6000,0.00034,0.000528,3,0,0
rho\set88\rho_0.5.py,rho,88,rho,0.5,2,5,5,0.5,0.5,0.5,0.6,1.0,0.5,34.500001,40,13,45.999999,69.000002,23.00909,1,1,1088,0,ilp_v2,optimal,1,39.059896,34.484469,1.132681,0.061378,0.0,,0.061378,0.064832,3,0,0
rho\set88\rho_0.5.py,rho,88,rho,0.5,2,5,5,0.5,0.5,0.5,0.6,1.0,0.5,34.500001,40,13,45.999999,69.000002,23.00909,1,1,1088,0,ilp_v3,optimal,1,36.864849,34.481006,1.069135,0.120077,0.0,,0.120077,0.145753,3,0,0
rho\set88\rho_0.5.py,rho,88,rho,0.5,2,5,5,0.5,0.5,0.5,0.6,1.0,0.5,34.500001,40,13,45.999999,69.000002,23.00909,1,1,1088,0,ilp_v4,optimal,1,39.059896,34.484469,1.132681,0.131846,0.0,,0.131846,0.134119,3,0,0
rho\set88\rho_0.5.py,rho,88,rho,0.5,2,5,5,0.5,0.5,0.5,0.6,1.0,0.5,34.500001,40,13,45.999999,69.000002,23.00909,1,1,1088,0,greedy_sps_baseline,infeasible,0,,45.999999,,0.000433,,over budget: E=46.0000 > B=34.5000,0.000433,0.000611,3,0,0
rho\set88\rho_0.6.py,rho,88,rho,0.6,2,5,5,0.5,0.5,0.6,0.6,1.0,0.5,41.400001,40,13,45.999999,69.000002,23.00909,1,1,1088,0,ilp_v2,optimal,1,49.343433,41.119397,1.200004,0.017227,0.0,,0.017227,0.01823,3,0,0
rho\set88\rho_0.6.py,rho,88,rho,0.6,2,5,5,0.5,0.5,0.6,0.6,1.0,0.5,41.400001,40,13,45.999999,69.000002,23.00909,1,1,1088,0,ilp_v3,optimal,1,46.243214,41.343004,1.118526,0.032241,0.0,,0.032241,0.034844,3,0,0
rho\set88\rho_0.6.py,rho,88,rho,0.6,2,5,5,0.5,0.5,0.6,0.6,1.0,0.5,41.400001,40,13,45.999999,69.000002,23.00909,1,1,1088,0,ilp_v4,optimal,1,50.10929,41.387473,1.210736,0.215972,0.0,,0.215972,0.244391,3,0,0
rho\set88\rho_0.6.py,rho,88,rho,0.6,2,5,5,0.5,0.5,0.6,0.6,1.0,0.5,41.400001,40,13,45.999999,69.000002,23.00909,1,1,1088,0,greedy_sps_baseline,infeasible,0,,45.999999,,0.000524,,over budget: E=46.0000 > B=41.4000,0.000524,0.00068,3,0,0
rho\set88\rho_0.7.py,rho,88,rho,0.7,2,5,5,0.5,0.5,0.7,0.6,1.0,0.5,48.300002,40,13,45.999999,69.000002,23.00909,1,1,1088,0,ilp_v2,optimal,1,53.012624,48.296764,1.097643,0.064858,0.0,,0.064858,0.082057,3,0,0
rho\set88\rho_0.7.py,rho,88,rho,0.7,2,5,5,0.5,0.5,0.7,0.6,1.0,0.5,48.300002,40,13,45.999999,69.000002,23.00909,1,1,1088,0,ilp_v3,optimal,1,52.568852,48.045846,1.094139,0.02929,0.0,,0.02929,0.030514,3,0,0
rho\set88\rho_0.7.py,rho,88,rho,0.7,2,5,5,0.5,0.5,0.7,0.6,1.0,0.5,48.300002,40,13,45.999999,69.000002,23.00909,1,1,1088,0,ilp_v4,optimal,1,53.88254,48.196494,1.117976,0.06702,0.0,,0.06702,0.077549,3,0,0
rho\set88\rho_0.7.py,rho,88,rho,0.7,2,5,5,0.5,0.5,0.7,0.6,1.0,0.5,48.300002,40,13,45.999999,69.000002,23.00909,1,1,1088,0,greedy_sps_baseline,solved,1,7.775721,48.281782,0.161049,0.000736,,,0.000736,0.000793,3,0,0
rho\set88\rho_0.8.py,rho,88,rho,0.8,2,5,5,0.5,0.5,0.8,0.6,1.0,0.5,55.200002,40,13,45.999999,69.000002,23.00909,1,1,1088,0,ilp_v2,optimal,1,53.88254,52.019324,1.035818,0.007069,0.0,,0.007069,0.007448,3,0,0
rho\set88\rho_0.8.py,rho,88,rho,0.8,2,5,5,0.5,0.5,0.8,0.6,1.0,0.5,55.200002,40,13,45.999999,69.000002,23.00909,1,1,1088,0,ilp_v3,optimal,1,53.88254,53.251737,1.011846,0.008186,0.0,,0.008186,0.008797,3,0,0
rho\set88\rho_0.8.py,rho,88,rho,0.8,2,5,5,0.5,0.5,0.8,0.6,1.0,0.5,55.200002,40,13,45.999999,69.000002,23.00909,1,1,1088,0,ilp_v4,optimal,1,53.88254,52.019324,1.035818,0.028729,0.0,,0.028729,0.028971,3,0,0
rho\set88\rho_0.8.py,rho,88,rho,0.8,2,5,5,0.5,0.5,0.8,0.6,1.0,0.5,55.200002,40,13,45.999999,69.000002,23.00909,1,1,1088,0,greedy_sps_baseline,solved,1,27.461483,55.198109,0.497508,0.001416,,,0.001416,0.001615,3,0,0
rho\set88\rho_0.9.py,rho,88,rho,0.9,2,5,5,0.5,0.5,0.9,0.6,1.0,0.5,62.100002,40,13,45.999999,69.000002,23.00909,1,1,1088,0,ilp_v2,optimal,1,53.88254,56.425845,0.954927,0.006763,0.0,,0.006763,0.00787,3,0,0
rho\set88\rho_0.9.py,rho,88,rho,0.9,2,5,5,0.5,0.5,0.9,0.6,1.0,0.5,62.100002,40,13,45.999999,69.000002,23.00909,1,1,1088,0,ilp_v3,optimal,1,53.88254,59.814111,0.900833,0.006752,0.0,,0.006752,0.007378,3,0,0
rho\set88\rho_0.9.py,rho,88,rho,0.9,2,5,5,0.5,0.5,0.9,0.6,1.0,0.5,62.100002,40,13,45.999999,69.000002,23.00909,1,1,1088,0,ilp_v4,optimal,1,53.88254,60.844971,0.885571,0.022929,0.0,,0.022929,0.0235,3,0,0
rho\set88\rho_0.9.py,rho,88,rho,0.9,2,5,5,0.5,0.5,0.9,0.6,1.0,0.5,62.100002,40,13,45.999999,69.000002,23.00909,1,1,1088,0,greedy_sps_baseline,solved,1,44.42014,61.97068,0.716793,0.002459,,,0.002459,0.002629,3,0,0
rho\set88\rho_1.py,rho,88,rho,1,2,5,5,0.5,0.5,1.0,0.6,1.0,0.5,69.000002,40,13,45.999999,69.000002,23.00909,1,1,1088,0,ilp_v2,optimal,1,53.88254,57.903507,0.930557,0.006567,0.0,,0.006567,0.007174,3,0,0
rho\set88\rho_1.py,rho,88,rho,1,2,5,5,0.5,0.5,1.0,0.6,1.0,0.5,69.000002,40,13,45.999999,69.000002,23.00909,1,1,1088,0,ilp_v3,optimal,1,53.88254,56.994216,0.945404,0.007252,0.0,,0.007252,0.007792,3,0,0
rho\set88\rho_1.py,rho,88,rho,1,2,5,5,0.5,0.5,1.0,0.6,1.0,0.5,69.000002,40,13,45.999999,69.000002,23.00909,1,1,1088,0,ilp_v4,optimal,1,53.88254,62.372899,0.863877,0.016423,0.0,,0.016423,0.016713,3,0,0
rho\set88\rho_1.py,rho,88,rho,1,2,5,5,0.5,0.5,1.0,0.6,1.0,0.5,69.000002,40,13,45.999999,69.000002,23.00909,1,1,1088,0,greedy_sps_baseline,solved,1,52.568852,67.704119,0.77645,0.002987,,,0.002987,0.003022,3,0,0
rho\set89\rho_0.2.py,rho,89,rho,0.2,2,5,5,0.5,0.5,0.2,0.6,1.0,0.5,13.799999,40,13,45.999999,68.999993,23.00909,1,1,1089,0,ilp_v2,infeasible,0,,,,0.002456,,,0.002456,0.002821,3,0,0
rho\set89\rho_0.2.py,rho,89,rho,0.2,2,5,5,0.5,0.5,0.2,0.6,1.0,0.5,13.799999,40,13,45.999999,68.999993,23.00909,1,1,1089,0,ilp_v3,infeasible,0,,,,0.002425,,,0.002425,0.002609,3,0,0
rho\set89\rho_0.2.py,rho,89,rho,0.2,2,5,5,0.5,0.5,0.2,0.6,1.0,0.5,13.799999,40,13,45.999999,68.999993,23.00909,1,1,1089,0,ilp_v4,infeasible,0,,,,0.002533,,,0.002533,0.002664,3,0,0
rho\set89\rho_0.2.py,rho,89,rho,0.2,2,5,5,0.5,0.5,0.2,0.6,1.0,0.5,13.799999,40,13,45.999999,68.999993,23.00909,1,1,1089,0,greedy_sps_baseline,infeasible,0,,45.999999,,0.00032,,over budget: E=46.0000 > B=13.8000,0.00032,0.000392,3,0,0
rho\set89\rho_0.3.py,rho,89,rho,0.3,2,5,5,0.5,0.5,0.3,0.6,1.0,0.5,20.699998,40,13,45.999999,68.999993,23.00909,1,1,1089,0,ilp_v2,infeasible,0,,,,0.002394,,,0.002394,0.003752,3,0,0
rho\set89\rho_0.3.py,rho,89,rho,0.3,2,5,5,0.5,0.5,0.3,0.6,1.0,0.5,20.699998,40,13,45.999999,68.999993,23.00909,1,1,1089,0,ilp_v3,infeasible,0,,,,0.00248,,,0.00248,0.002948,3,0,0
rho\set89\rho_0.3.py,rho,89,rho,0.3,2,5,5,0.5,0.5,0.3,0.6,1.0,0.5,20.699998,40,13,45.999999,68.999993,23.00909,1,1,1089,0,ilp_v4,infeasible,0,,,,0.002561,,,0.002561,0.002604,3,0,0
rho\set89\rho_0.3.py,rho,89,rho,0.3,2,5,5,0.5,0.5,0.3,0.6,1.0,0.5,20.699998,40,13,45.999999,68.999993,23.00909,1,1,1089,0,greedy_sps_baseline,infeasible,0,,45.999999,,0.000309,,over budget: E=46.0000 > B=20.7000,0.000309,0.000394,3,0,0
rho\set89\rho_0.4.py,rho,89,rho,0.4,2,5,5,0.5,0.5,0.4,0.6,1.0,0.5,27.599997,40,13,45.999999,68.999993,23.00909,1,1,1089,0,ilp_v2,optimal,1,18.559432,27.570164,0.673171,0.09824,0.0,,0.09824,0.106571,3,0,0
rho\set89\rho_0.4.py,rho,89,rho,0.4,2,5,5,0.5,0.5,0.4,0.6,1.0,0.5,27.599997,40,13,45.999999,68.999993,23.00909,1,1,1089,0,ilp_v3,optimal,1,18.387816,27.321466,0.673017,0.010258,0.0,,0.010258,0.010612,3,0,0
rho\set89\rho_0.4.py,rho,89,rho,0.4,2,5,5,0.5,0.5,0.4,0.6,1.0,0.5,27.599997,40,13,45.999999,68.999993,23.00909,1,1,1089,0,ilp_v4,optimal,1,19.076041,27.587955,0.691463,0.099377,0.0,,0.099377,0.111115,3,0,0
rho\set89\rho_0.4.py,rho,89,rho,0.4,2,5,5,0.5,0.5,0.4,0.6,1.0,0.5,27.599997,40,13,45.999999,68.999993,23.00909,1,1,1089,0,greedy_sps_baseline,infeasible,0,,45.999999,,0.00033,,over budget: E=46.0000 > B=27.6000,0.00033,0.000445,3,0,0
rho\set89\rho_0.5.py,rho,89,rho,0.5,2,5,5,0.5,0.5,0.5,0.6,1.0,0.5,34.499997,40,13,45.999999,68.999993,23.00909,1,1,1089,0,ilp_v2,optimal,1,28.652211,34.492684,0.830675,0.025012,0.0,,0.025012,0.027164,3,0,0
rho\set89\rho_0.5.py,rho,89,rho,0.5,2,5,5,0.5,0.5,0.5,0.6,1.0,0.5,34.499997,40,13,45.999999,68.999993,23.00909,1,1,1089,0,ilp_v3,optimal,1,26.358305,34.363991,0.767033,0.019066,0.0,,0.019066,0.019716,3,0,0
rho\set89\rho_0.5.py,rho,89,rho,0.5,2,5,5,0.5,0.5,0.5,0.6,1.0,0.5,34.499997,40,13,45.999999,68.999993,23.00909,1,1,1089,0,ilp_v4,optimal,1,28.652211,34.492684,0.830675,0.059132,0.0,,0.059132,0.066562,3,0,0
rho\set89\rho_0.5.py,rho,89,rho,0.5,2,5,5,0.5,0.5,0.5,0.6,1.0,0.5,34.499997,40,13,45.999999,68.999993,23.00909,1,1,1089,0,greedy_sps_baseline,infeasible,0,,45.999999,,0.000322,,over budget: E=46.0000 > B=34.5000,0.000322,0.00046,3,0,0
rho\set89\rho_0.6.py,rho,89,rho,0.6,2,5,5,0.5,0.5,0.6,0.6,1.0,0.5,41.399996,40,13,45.999999,68.999993,23.00909,1,1,1089,0,ilp_v2,optimal,1,33.02113,41.380266,0.797992,0.022815,0.0,,0.022815,0.026009,3,0,0
rho\set89\rho_0.6.py,rho,89,rho,0.6,2,5,5,0.5,0.5,0.6,0.6,1.0,0.5,41.399996,40,13,45.999999,68.999993,23.00909,1,1,1089,0,ilp_v3,optimal,1,30.79278,41.384925,0.744058,0.085226,0.0,,0.085226,0.104127,3,0,0
rho\set89\rho_0.6.py,rho,89,rho,0.6,2,5,5,0.5,0.5,0.6,0.6,1.0,0.5,41.399996,40,13,45.999999,68.999993,23.00909,1,1,1089,0,ilp_v4,optimal,1,33.02113,41.380266,0.797992,0.052222,0.0,,0.052222,0.057083,3,0,0
rho\set89\rho_0.6.py,rho,89,rho,0.6,2,5,5,0.5,0.5,0.6,0.6,1.0,0.5,41.399996,40,13,45.999999,68.999993,23.00909,1,1,1089,0,greedy_sps_baseline,infeasible,0,,45.999999,,0.000363,,over budget: E=46.0000 > B=41.4000,0.000363,0.000507,3,0,0
rho\set89\rho_0.7.py,rho,89,rho,0.7,2,5,5,0.5,0.5,0.7,0.6,1.0,0.5,48.299995,40,13,45.999999,68.999993,23.00909,1,1,1089,0,ilp_v2,optimal,1,35.914155,46.755625,0.768125,0.010285,0.0,,0.010285,0.010352,3,0,0
rho\set89\rho_0.7.py,rho,89,rho,0.7,2,5,5,0.5,0.5,0.7,0.6,1.0,0.5,48.299995,40,13,45.999999,68.999993,23.00909,1,1,1089,0,ilp_v3,optimal,1,35.269168,48.295965,0.730272,0.020136,0.0,,0.020136,0.021685,3,0,0
rho\set89\rho_0.7.py,rho,89,rho,0.7,2,5,5,0.5,0.5,0.7,0.6,1.0,0.5,48.299995,40,13,45.999999,68.999993,23.00909,1,1,1089,0,ilp_v4,optimal,1,35.914155,46.755625,0.768125,0.036216,0.0,,0.036216,0.037693,3,0,0
rho\set89\rho_0.7.py,rho,89,rho,0.7,2,5,5,0.5,0.5,0.7,0.6,1.0,0.5,48.299995,40,13,45.999999,68.999993,23.00909,1,1,1089,0,greedy_sps_baseline,solved,1,9.002538,48.298312,0.186394,0.001167,,,0.001167,0.001331,3,0,0
rho\set89\rho_0.8.py,rho,89,rho,0.8,2,5,5,0.5,0.5,0.8,0.6,1.0,0.5,55.199994,40,13,45.999999,68.999993,23.00909,1,1,1089,0,ilp_v2,optimal,1,38.211338,55.1553,0.692795,0.056899,0.0,,0.056899,0.059844,3,0,0
rho\set89\rho_0.8.py,rho,89,rho,0.8,2,5,5,0.5,0.5,0.8,0.6,1.0,0.5,55.199994,40,13,45.999999,68.999993,23.00909,1,1,1089,0,ilp_v3,optimal,1,37.021057,54.838803,0.675089,0.017477,0.0,,0.017477,0.018031,3,0,0
rho\set89\rho_0.8.py,rho,89,rho,0.8,2,5,5,0.5,0.5,0.8,0.6,1.0,0.5,55.199994,40,13,45.999999,68.999993,23.00909,1,1,1089,0,ilp_v4,optimal,1,40.369661,55.172663,0.731697,0.052061,0.0,,0.052061,0.058423,3,0,0
rho\set89\rho_0.8.py,rho,89,rho,0.8,2,5,5,0.5,0.5,0.8,0.6,1.0,0.5,55.199994,40,13,45.999999,68.999993,23.00909,1,1,1089,0,greedy_sps_baseline,solved,1,22.940154,54.996085,0.417123,0.002475,,,0.002475,0.00259,3,0,0
rho\set89\rho_0.9.py,rho,89,rho,0.9,2,5,5,0.5,0.5,0.9,0.6,1.0,0.5,62.099994,40,13,45.999999,68.999993,23.00909,1,1,1089,0,ilp_v2,optimal,1,40.369661,60.858613,0.663335,0.006446,0.0,,0.006446,0.006999,3,0,0
rho\set89\rho_0.9.py,rho,89,rho,0.9,2,5,5,0.5,0.5,0.9,0.6,1.0,0.5,62.099994,40,13,45.999999,68.999993,23.00909,1,1,1089,0,ilp_v3,optimal,1,40.369661,61.053851,0.661214,0.005773,0.0,,0.005773,0.006042,3,0,0
rho\set89\rho_0.9.py,rho,89,rho,0.9,2,5,5,0.5,0.5,0.9,0.6,1.0,0.5,62.099994,40,13,45.999999,68.999993,23.00909,1,1,1089,0,ilp_v4,optimal,1,40.369661,60.858613,0.663335,0.019193,0.0,,0.019193,0.03425,3,0,0
rho\set89\rho_0.9.py,rho,89,rho,0.9,2,5,5,0.5,0.5,0.9,0.6,1.0,0.5,62.099994,40,13,45.999999,68.999993,23.00909,1,1,1089,0,greedy_sps_baseline,solved,1,32.094855,62.065066,0.517116,0.002754,,,0.002754,0.00481,3,0,0
rho\set89\rho_1.py,rho,89,rho,1,2,5,5,0.5,0.5,1.0,0.6,1.0,0.5,68.999993,40,13,45.999999,68.999993,23.00909,1,1,1089,0,ilp_v2,optimal,1,40.369661,62.687023,0.643988,0.006254,0.0,,0.006254,0.007013,3,0,0
rho\set89\rho_1.py,rho,89,rho,1,2,5,5,0.5,0.5,1.0,0.6,1.0,0.5,68.999993,40,13,45.999999,68.999993,23.00909,1,1,1089,0,ilp_v3,optimal,1,40.369661,65.860989,0.612953,0.004359,0.0,,0.004359,0.00465,3,0,0
rho\set89\rho_1.py,rho,89,rho,1,2,5,5,0.5,0.5,1.0,0.6,1.0,0.5,68.999993,40,13,45.999999,68.999993,23.00909,1,1,1089,0,ilp_v4,optimal,1,40.369661,62.687023,0.643988,0.015777,0.0,,0.015777,0.016682,3,0,0
rho\set89\rho_1.py,rho,89,rho,1,2,5,5,0.5,0.5,1.0,0.6,1.0,0.5,68.999993,40,13,45.999999,68.999993,23.00909,1,1,1089,0,greedy_sps_baseline,solved,1,38.027762,66.793911,0.56933,0.002726,,,0.002726,0.002878,3,0,0
rho\set90\rho_0.2.py,rho,90,rho,0.2,2,5,5,0.5,0.5,0.2,0.6,1.0,0.5,13.800001,40,12,46.000002,69.000006,21.400001,1,1,1090,0,ilp_v2,infeasible,0,,,,0.003685,,,0.003685,0.003972,3,0,0
rho\set90\rho_0.2.py,rho,90,rho,0.2,2,5,5,0.5,0.5,0.2,0.6,1.0,0.5,13.800001,40,12,46.000002,69.000006,21.400001,1,1,1090,0,ilp_v3,infeasible,0,,,,0.003701,,,0.003701,0.003954,3,0,0
rho\set90\rho_0.2.py,rho,90,rho,0.2,2,5,5,0.5,0.5,0.2,0.6,1.0,0.5,13.800001,40,12,46.000002,69.000006,21.400001,1,1,1090,0,ilp_v4,infeasible,0,,,,0.003336,,,0.003336,0.003586,3,0,0
rho\set90\rho_0.2.py,rho,90,rho,0.2,2,5,5,0.5,0.5,0.2,0.6,1.0,0.5,13.800001,40,12,46.000002,69.000006,21.400001,1,1,1090,0,greedy_sps_baseline,infeasible,0,,46.000002,,0.000327,,over budget: E=46.0000 > B=13.8000,0.000327,0.000447,3,0,0
rho\set90\rho_0.3.py,rho,90,rho,0.3,2,5,5,0.5,0.5,0.3,0.6,1.0,0.5,20.700002,40,12,46.000002,69.000006,21.400001,1,1,1090,0,ilp_v2,infeasible,0,,,,0.003454,,,0.003454,0.004752,3,0,0
rho\set90\rho_0.3.py,rho,90,rho,0.3,2,5,5,0.5,0.5,0.3,0.6,1.0,0.5,20.700002,40,12,46.000002,69.000006,21.400001,1,1,1090,0,ilp_v3,infeasible,0,,,,0.003524,,,0.003524,0.004005,3,0,0
rho\set90\rho_0.3.py,rho,90,rho,0.3,2,5,5,0.5,0.5,0.3,0.6,1.0,0.5,20.700002,40,12,46.000002,69.000006,21.400001,1,1,1090,0,ilp_v4,infeasible,0,,,,0.003534,,,0.003534,0.004206,3,0,0
rho\set90\rho_0.3.py,rho,90,rho,0.3,2,5,5,0.5,0.5,0.3,0.6,1.0,0.5,20.700002,40,12,46.000002,69.000006,21.400001,1,1,1090,0,greedy_sps_baseline,infeasible,0,,46.000002,,0.000321,,over budget: E=46.0000 > B=20.7000,0.000321,0.000416,3,0,0
rho\set90\rho_0.4.py,rho,90,rho,0.4,2,5,5,0.5,0.5,0.4,0.6,1.0,0.5,27.600002,40,12,46.000002,69.000006,21.400001,1,1,1090,0,ilp_v2,infeasible,0,,,,0.016275,,,0.016275,0.018597,3,0,0
rho\set90\rho_0.4.py,rho,90,rho,0.4,2,5,5,0.5,0.5,0.4,0.6,1.0,0.5,27.600002,40,12,46.000002,69.000006,21.400001,1,1,1090,0,ilp_v3,optimal,1,21.741276,27.59904,0.787755,0.089048,0.0,,0.089048,0.094306,3,0,0
rho\set90\rho_0.4.py,rho,90,rho,0.4,2,5,5,0.5,0.5,0.4,0.6,1.0,0.5,27.600002,40,12,46.000002,69.000006,21.400001,1,1,1090,0,ilp_v4,infeasible,0,,,,0.024497,,,0.024497,0.0264,3,0,0
rho\set90\rho_0.4.py,rho,90,rho,0.4,2,5,5,0.5,0.5,0.4,0.6,1.0,0.5,27.600002,40,12,46.000002,69.000006,21.400001,1,1,1090,0,greedy_sps_baseline,infeasible,0,,46.000002,,0.000441,,over budget: E=46.0000 > B=27.6000,0.000441,0.000623,3,0,0
rho\set90\rho_0.5.py,rho,90,rho,0.5,2,5,5,0.5,0.5,0.5,0.6,1.0,0.5,34.500003,40,12,46.000002,69.000006,21.400001,1,1,1090,0,ilp_v2,optimal,1,17.216125,34.488112,0.49919,0.114239,0.0,,0.114239,0.12239,3,0,0
rho\set90\rho_0.5.py,rho,90,rho,0.5,2,5,5,0.5,0.5,0.5,0.6,1.0,0.5,34.500003,40,12,46.000002,69.000006,21.400001,1,1,1090,0,ilp_v3,optimal,1,28.360871,34.48599,0.822388,0.027394,0.0,,0.027394,0.028764,3,0,0
rho\set90\rho_0.5.py,rho,90,rho,0.5,2,5,5,0.5,0.5,0.5,0.6,1.0,0.5,34.500003,40,12,46.000002,69.000006,21.400001,1,1,1090,0,ilp_v4,optimal,1,28.394301,33.07305,0.858533,0.052136,0.0,,0.052136,0.058998,3,0,0
rho\set90\rho_0.5.py,rho,90,rho,0.5,2,5,5,0.5,0.5,0.5,0.6,1.0,0.5,34.500003,40,12,46.000002,69.000006,21.400001,1,1,1090,0,greedy_sps_baseline,infeasible,0,,46.000002,,0.00033,,over budget: E=46.0000 > B=34.5000,0.00033,0.000486,3,0,0
rho\set90\rho_0.6.py,rho,90,rho,0.6,2,5,5,0.5,0.5,0.6,0.6,1.0,0.5,41.400003,40,12,46.000002,69.000006,21.400001,1,1,1090,0,ilp_v2,optimal,1,26.299787,41.396506,0.635314,0.044324,0.0,,0.044324,0.044544,3,0,0
rho\set90\rho_0.6.py,rho,90,rho,0.6,2,5,5,0.5,0.5,0.6,0.6,1.0,0.5,41.400003,40,12,46.000002,69.000006,21.400001,1,1,1090,0,ilp_v3,optimal,1,65.414494,41.398614,1.580113,0.131893,3e-06,,0.131893,0.141861,3,0,0
rho\set90\rho_0.6.py,rho,90,rho,0.6,2,5,5,0.5,0.5,0.6,0.6,1.0,0.5,41.400003,40,12,46.000002,69.000006,21.400001,1,1,1090,0,ilp_v4,optimal,1,28.394301,35.469586,0.800525,0.047335,0.0,,0.047335,0.056171,3,0,0
rho\set90\rho_0.6.py,rho,90,rho,0.6,2,5,5,0.5,0.5,0.6,0.6,1.0,0.5,41.400003,40,12,46.000002,69.000006,21.400001,1,1,1090,0,greedy_sps_baseline,infeasible,0,,46.000002,,0.000361,,over budget: E=46.0000 > B=41.4000,0.000361,0.000482,3,0,0
rho\set90\rho_0.7.py,rho,90,rho,0.7,2,5,5,0.5,0.5,0.7,0.6,1.0,0.5,48.300004,40,12,46.000002,69.000006,21.400001,1,1,1090,0,ilp_v2,optimal,1,28.394301,45.57272,0.623055,0.010392,0.0,,0.010392,0.011493,3,0,0
rho\set90\rho_0.7.py,rho,90,rho,0.7,2,5,5,0.5,0.5,0.7,0.6,1.0,0.5,48.300004,40,12,46.000002,69.000006,21.400001,1,1,1090,0,ilp_v3,optimal,1,65.921657,48.299752,1.364845,0.055561,6.6e-05,,0.055561,0.061394,3,0,0
rho\set90\rho_0.7.py,rho,90,rho,0.7,2,5,5,0.5,0.5,0.7,0.6,1.0,0.5,48.300004,40,12,46.000002,69.000006,21.400001,1,1,1090,0,ilp_v4,optimal,1,75.980274,48.297688,1.573166,0.26643,0.0,,0.26643,0.271442,3,0,0
rho\set90\rho_0.7.py,rho,90,rho,0.7,2,5,5,0.5,0.5,0.7,0.6,1.0,0.5,48.300004,40,12,46.000002,69.000006,21.400001,1,1,1090,0,greedy_sps_baseline,solved,1,7.604714,48.295121,0.157463,0.001502,,,0.001502,0.001669,3,0,0
rho\set90\rho_0.8.py,rho,90,rho,0.8,2,5,5,0.5,0.5,0.8,0.6,1.0,0.5,55.200005,40,12,46.000002,69.000006,21.400001,1,1,1090,0,ilp_v2,optimal,1,63.995389,53.91968,1.186865,0.009746,0.0,,0.009746,0.012408,3,0,0
rho\set90\rho_0.8.py,rho,90,rho,0.8,2,5,5,0.5,0.5,0.8,0.6,1.0,0.5,55.200005,40,12,46.000002,69.000006,21.400001,1,1,1090,0,ilp_v3,optimal,1,79.717231,54.744818,1.45616,0.0135,0.0,,0.0135,0.019074,3,0,0
rho\set90\rho_0.8.py,rho,90,rho,0.8,2,5,5,0.5,0.5,0.8,0.6,1.0,0.5,55.200005,40,12,46.000002,69.000006,21.400001,1,1,1090,0,ilp_v4,optimal,1,79.717231,54.660896,1.458396,0.050885,0.0,,0.050885,0.062655,3,0,0
rho\set90\rho_0.8.py,rho,90,rho,0.8,2,5,5,0.5,0.5,0.8,0.6,1.0,0.5,55.200005,40,12,46.000002,69.000006,21.400001,1,1,1090,0,greedy_sps_baseline,solved,1,26.214817,55.191347,0.474981,0.003431,,,0.003431,0.003981,3,0,0
rho\set90\rho_0.9.py,rho,90,rho,0.9,2,5,5,0.5,0.5,0.9,0.6,1.0,0.5,62.100005,40,12,46.000002,69.000006,21.400001,1,1,1090,0,ilp_v2,optimal,1,63.995389,54.264461,1.179324,0.007482,0.0,,0.007482,0.008199,3,0,0
rho\set90\rho_0.9.py,rho,90,rho,0.9,2,5,5,0.5,0.5,0.9,0.6,1.0,0.5,62.100005,40,12,46.000002,69.000006,21.400001,1,1,1090,0,ilp_v3,optimal,1,79.717231,60.229705,1.323553,0.00947,0.0,,0.00947,0.009716,3,0,0
rho\set90\rho_0.9.py,rho,90,rho,0.9,2,5,5,0.5,0.5,0.9,0.6,1.0,0.5,62.100005,40,12,46.000002,69.000006,21.400001,1,1,1090,0,ilp_v4,optimal,1,79.717231,52.895397,1.507073,0.026029,0.0,,0.026029,0.030537,3,0,0
rho\set90\rho_0.9.py,rho,90,rho,0.9,2,5,5,0.5,0.5,0.9,0.6,1.0,0.5,62.100005,40,12,46.000002,69.000006,21.400001,1,1,1090,0,greedy_sps_baseline,solved,1,63.715669,62.089844,1.026185,0.001539,,,0.001539,0.001674,3,0,0
rho\set90\rho_1.py,rho,90,rho,1,2,5,5,0.5,0.5,1.0,0.6,1.0,0.5,69.000006,40,12,46.000002,69.000006,21.400001,1,1,1090,0,ilp_v2,optimal,1,63.995389,60.975697,1.049523,0.006402,0.0,,0.006402,0.007126,3,0,0
rho\set90\rho_1.py,rho,90,rho,1,2,5,5,0.5,0.5,1.0,0.6,1.0,0.5,69.000006,40,12,46.000002,69.000006,21.400001,1,1,1090,0,ilp_v3,optimal,1,79.717231,69.000006,1.155322,0.005299,0.0,,0.005299,0.005452,3,0,0
rho\set90\rho_1.py,rho,90,rho,1,2,5,5,0.5,0.5,1.0,0.6,1.0,0.5,69.000006,40,12,46.000002,69.000006,21.400001,1,1,1090,0,ilp_v4,optimal,1,79.717231,69.000006,1.155322,0.016056,0.0,,0.016056,0.016904,3,0,0
rho\set90\rho_1.py,rho,90,rho,1,2,5,5,0.5,0.5,1.0,0.6,1.0,0.5,69.000006,40,12,46.000002,69.000006,21.400001,1,1,1090,0,greedy_sps_baseline,solved,1,63.995389,62.380403,1.025889,0.002997,,,0.002997,0.003219,3,0,0
rho\set91\rho_0.2.py,rho,91,rho,0.2,2,5,5,0.5,0.5,0.2,0.6,1.0,0.5,13.8,40,10,46.0,69.000002,22.0,1,1,1091,0,ilp_v2,infeasible,0,,,,0.002438,,,0.002438,0.002894,3,0,0
rho\set91\rho_0.2.py,rho,91,rho,0.2,2,5,5,0.5,0.5,0.2,0.6,1.0,0.5,13.8,40,10,46.0,69.000002,22.0,1,1,1091,0,ilp_v3,infeasible,0,,,,0.002322,,,0.002322,0.002406,3,0,0
rho\set91\rho_0.2.py,rho,91,rho,0.2,2,5,5,0.5,0.5,0.2,0.6,1.0,0.5,13.8,40,10,46.0,69.000002,22.0,1,1,1091,0,ilp_v4,infeasible,0,,,,0.002451,,,0.002451,0.002829,3,0,0
rho\set91\rho_0.2.py,rho,91,rho,0.2,2,5,5,0.5,0.5,0.2,0.6,1.0,0.5,13.8,40,10,46.0,69.000002,22.0,1,1,1091,0,greedy_sps_baseline,infeasible,0,,46.0,,0.000337,,over budget: E=46.0000 > B=13.8000,0.000337,0.000429,3,0,0
rho\set91\rho_0.3.py,rho,91,rho,0.3,2,5,5,0.5,0.5,0.3,0.6,1.0,0.5,20.700001,40,10,46.0,69.000002,22.0,1,1,1091,0,ilp_v2,infeasible,0,,,,0.002337,,,0.002337,0.002589,3,0,0
rho\set91\rho_0.3.py,rho,91,rho,0.3,2,5,5,0.5,0.5,0.3,0.6,1.0,0.5,20.700001,40,10,46.0,69.000002,22.0,1,1,1091,0,ilp_v3,infeasible,0,,,,0.002227,,,0.002227,0.002362,3,0,0
rho\set91\rho_0.3.py,rho,91,rho,0.3,2,5,5,0.5,0.5,0.3,0.6,1.0,0.5,20.700001,40,10,46.0,69.000002,22.0,1,1,1091,0,ilp_v4,infeasible,0,,,,0.002315,,,0.002315,0.002363,3,0,0
rho\set91\rho_0.3.py,rho,91,rho,0.3,2,5,5,0.5,0.5,0.3,0.6,1.0,0.5,20.700001,40,10,46.0,69.000002,22.0,1,1,1091,0,greedy_sps_baseline,infeasible,0,,46.0,,0.000305,,over budget: E=46.0000 > B=20.7000,0.000305,0.000381,3,0,0
rho\set91\rho_0.4.py,rho,91,rho,0.4,2,5,5,0.5,0.5,0.4,0.6,1.0,0.5,27.600001,40,10,46.0,69.000002,22.0,1,1,1091,0,ilp_v2,optimal,1,6.475134,27.541949,0.235101,0.01594,0.0,,0.01594,0.017861,3,0,0
rho\set91\rho_0.4.py,rho,91,rho,0.4,2,5,5,0.5,0.5,0.4,0.6,1.0,0.5,27.600001,40,10,46.0,69.000002,22.0,1,1,1091,0,ilp_v3,optimal,1,23.51912,27.487547,0.855628,0.026634,0.0,,0.026634,0.036306,3,0,0
rho\set91\rho_0.4.py,rho,91,rho,0.4,2,5,5,0.5,0.5,0.4,0.6,1.0,0.5,27.600001,40,10,46.0,69.000002,22.0,1,1,1091,0,ilp_v4,optimal,1,23.790411,27.534571,0.86402,0.05583,0.0,,0.05583,0.058615,3,0,0
rho\set91\rho_0.4.py,rho,91,rho,0.4,2,5,5,0.5,0.5,0.4,0.6,1.0,0.5,27.600001,40,10,46.0,69.000002,22.0,1,1,1091,0,greedy_sps_baseline,infeasible,0,,46.0,,0.000356,,over budget: E=46.0000 > B=27.6000,0.000356,0.000509,3,0,0
rho\set91\rho_0.5.py,rho,91,rho,0.5,2,5,5,0.5,0.5,0.5,0.6,1.0,0.5,34.500001,40,10,46.0,69.000002,22.0,1,1,1091,0,ilp_v2,optimal,1,30.294124,34.474302,0.878745,0.011358,0.0,,0.011358,0.01182,3,0,0
rho\set91\rho_0.5.py,rho,91,rho,0.5,2,5,5,0.5,0.5,0.5,0.6,1.0,0.5,34.500001,40,10,46.0,69.000002,22.0,1,1,1091,0,ilp_v3,optimal,1,31.463974,34.472626,0.912723,0.029208,0.0,,0.029208,0.030041,3,0,0
rho\set91\rho_0.5.py,rho,91,rho,0.5,2,5,5,0.5,0.5,0.5,0.6,1.0,0.5,34.500001,40,10,46.0,69.000002,22.0,1,1,1091,0,ilp_v4,optimal,1,31.352179,34.448666,0.910113,0.135465,0.0,,0.135465,0.155695,3,0,0
rho\set91\rho_0.5.py,rho,91,rho,0.5,2,5,5,0.5,0.5,0.5,0.6,1.0,0.5,34.500001,40,10,46.0,69.000002,22.0,1,1,1091,0,greedy_sps_baseline,infeasible,0,,46.0,,0.000432,,over budget: E=46.0000 > B=34.5000,0.000432,0.000613,3,0,0
rho\set91\rho_0.6.py,rho,91,rho,0.6,2,5,5,0.5,0.5,0.6,0.6,1.0,0.5,41.400001,40,10,46.0,69.000002,22.0,1,1,1091,0,ilp_v2,optimal,1,36.745907,41.212619,0.891618,0.119447,0.0,,0.119447,0.130117,3,0,0
rho\set91\rho_0.6.py,rho,91,rho,0.6,2,5,5,0.5,0.5,0.6,0.6,1.0,0.5,41.400001,40,10,46.0,69.000002,22.0,1,1,1091,0,ilp_v3,optimal,1,37.812741,41.302979,0.915497,0.228077,0.0,,0.228077,0.276228,3,0,0
rho\set91\rho_0.6.py,rho,91,rho,0.6,2,5,5,0.5,0.5,0.6,0.6,1.0,0.5,41.400001,40,10,46.0,69.000002,22.0,1,1,1091,0,ilp_v4,optimal,1,38.173864,41.331,0.923613,0.134722,0.0,,0.134722,0.152171,3,0,0
rho\set91\rho_0.6.py,rho,91,rho,0.6,2,5,5,0.5,0.5,0.6,0.6,1.0,0.5,41.400001,40,10,46.0,69.000002,22.0,1,1,1091,0,greedy_sps_baseline,infeasible,0,,46.0,,0.000421,,over budget: E=46.0000 > B=41.4000,0.000421,0.000579,3,0,0
rho\set91\rho_0.7.py,rho,91,rho,0.7,2,5,5,0.5,0.5,0.7,0.6,1.0,0.5,48.300002,40,10,46.0,69.000002,22.0,1,1,1091,0,ilp_v2,optimal,1,40.259711,48.28019,0.833876,0.034709,0.0,,0.034709,0.038982,3,0,0
rho\set91\rho_0.7.py,rho,91,rho,0.7,2,5,5,0.5,0.5,0.7,0.6,1.0,0.5,48.300002,40,10,46.0,69.000002,22.0,1,1,1091,0,ilp_v3,optimal,1,44.172074,48.273138,0.915045,0.007678,0.0,,0.007678,0.008221,3,0,0
rho\set91\rho_0.7.py,rho,91,rho,0.7,2,5,5,0.5,0.5,0.7,0.6,1.0,0.5,48.300002,40,10,46.0,69.000002,22.0,1,1,1091,0,ilp_v4,optimal,1,44.172074,48.273138,0.915045,0.021761,0.0,,0.021761,0.023922,3,0,0
rho\set91\rho_0.7.py,rho,91,rho,0.7,2,5,5,0.5,0.5,0.7,0.6,1.0,0.5,48.300002,40,10,46.0,69.000002,22.0,1,1,1091,0,greedy_sps_baseline,solved,1,2.936504,48.066695,0.061092,0.000762,,,0.000762,0.000919,3,0,0
rho\set91\rho_0.8.py,rho,91,rho,0.8,2,5,5,0.5,0.5,0.8,0.6,1.0,0.5,55.200002,40,10,46.0,69.000002,22.0,1,1,1091,0,ilp_v2,optimal,1,44.172074,54.938296,0.804031,0.006862,0.0,,0.006862,0.007135,3,0,0
rho\set91\rho_0.8.py,rho,91,rho,0.8,2,5,5,0.5,0.5,0.8,0.6,1.0,0.5,55.200002,40,10,46.0,69.000002,22.0,1,1,1091,0,ilp_v3,optimal,1,44.172074,54.808827,0.80593,0.006763,0.0,,0.006763,0.007033,3,0,0
rho\set91\rho_0.8.py,rho,91,rho,0.8,2,5,5,0.5,0.5,0.8,0.6,1.0,0.5,55.200002,40,10,46.0,69.000002,22.0,1,1,1091,0,ilp_v4,optimal,1,44.172074,50.150605,0.880788,0.015267,0.0,,0.015267,0.017005,3,0,0
rho\set91\rho_0.8.py,rho,91,rho,0.8,2,5,5,0.5,0.5,0.8,0.6,1.0,0.5,55.200002,40,10,46.0,69.000002,22.0,1,1,1091,0,greedy_sps_baseline,solved,1,27.742709,55.117814,0.503335,0.000995,,,0.000995,0.001107,3,0,0
rho\set91\rho_0.9.py,rho,91,rho,0.9,2,5,5,0.5,0.5,0.9,0.6,1.0,0.5,62.100002,40,10,46.0,69.000002,22.0,1,1,1091,0,ilp_v2,optimal,1,44.172074,61.815886,0.714575,0.004068,0.0,,0.004068,0.004899,3,0,0
rho\set91\rho_0.9.py,rho,91,rho,0.9,2,5,5,0.5,0.5,0.9,0.6,1.0,0.5,62.100002,40,10,46.0,69.000002,22.0,1,1,1091,0,ilp_v3,optimal,1,44.172074,61.151627,0.722337,0.005506,0.0,,0.005506,0.00692,3,0,0
rho\set91\rho_0.9.py,rho,91,rho,0.9,2,5,5,0.5,0.5,0.9,0.6,1.0,0.5,62.100002,40,10,46.0,69.000002,22.0,1,1,1091,0,ilp_v4,optimal,1,44.172074,54.837737,0.805505,0.014822,0.0,,0.014822,0.015482,3,0,0
rho\set91\rho_0.9.py,rho,91,rho,0.9,2,5,5,0.5,0.5,0.9,0.6,1.0,0.5,62.100002,40,10,46.0,69.000002,22.0,1,1,1091,0,greedy_sps_baseline,solved,1,36.005979,61.894909,0.581728,0.001152,,,0.001152,0.001319,3,0,0
rho\set91\rho_1.py,rho,91,rho,1,2,5,5,0.5,0.5,1.0,0.6,1.0,0.5,69.000002,40,10,46.0,69.000002,22.0,1,1,1091,0,ilp_v2,optimal,1,44.172074,64.642272,0.683331,0.00333,0.0,,0.00333,0.004516,3,0,0
rho\set91\rho_1.py,rho,91,rho,1,2,5,5,0.5,0.5,1.0,0.6,1.0,0.5,69.000002,40,10,46.0,69.000002,22.0,1,1,1091,0,ilp_v3,optimal,1,44.172074,60.857047,0.725833,0.003234,0.0,,0.003234,0.003785,3,0,0
rho\set91\rho_1.py,rho,91,rho,1,2,5,5,0.5,0.5,1.0,0.6,1.0,0.5,69.000002,40,10,46.0,69.000002,22.0,1,1,1091,0,ilp_v4,optimal,1,44.172074,62.064863,0.711708,0.010492,0.0,,0.010492,0.011206,3,0,0
rho\set91\rho_1.py,rho,91,rho,1,2,5,5,0.5,0.5,1.0,0.6,1.0,0.5,69.000002,40,10,46.0,69.000002,22.0,1,1,1091,0,greedy_sps_baseline,solved,1,43.074191,67.945756,0.63395,0.001427,,,0.001427,0.001502,3,0,0
rho\set92\rho_0.2.py,rho,92,rho,0.2,2,5,5,0.5,0.5,0.2,0.6,1.0,0.5,13.800002,40,10,46.000003,69.000009,21.433335,1,1,1092,0,ilp_v2,infeasible,0,,,,0.002575,,,0.002575,0.003271,3,0,0
rho\set92\rho_0.2.py,rho,92,rho,0.2,2,5,5,0.5,0.5,0.2,0.6,1.0,0.5,13.800002,40,10,46.000003,69.000009,21.433335,1,1,1092,0,ilp_v3,infeasible,0,,,,0.002573,,,0.002573,0.002983,3,0,0
rho\set92\rho_0.2.py,rho,92,rho,0.2,2,5,5,0.5,0.5,0.2,0.6,1.0,0.5,13.800002,40,10,46.000003,69.000009,21.433335,1,1,1092,0,ilp_v4,infeasible,0,,,,0.002519,,,0.002519,0.002728,3,0,0
rho\set92\rho_0.2.py,rho,92,rho,0.2,2,5,5,0.5,0.5,0.2,0.6,1.0,0.5,13.800002,40,10,46.000003,69.000009,21.433335,1,1,1092,0,greedy_sps_baseline,infeasible,0,,46.000003,,0.000274,,over budget: E=46.0000 > B=13.8000,0.000274,0.0004,3,0,0
rho\set92\rho_0.3.py,rho,92,rho,0.3,2,5,5,0.5,0.5,0.3,0.6,1.0,0.5,20.700003,40,10,46.000003,69.000009,21.433335,1,1,1092,0,ilp_v2,infeasible,0,,,,0.002551,,,0.002551,0.002796,3,0,0
rho\set92\rho_0.3.py,rho,92,rho,0.3,2,5,5,0.5,0.5,0.3,0.6,1.0,0.5,20.700003,40,10,46.000003,69.000009,21.433335,1,1,1092,0,ilp_v3,infeasible,0,,,,0.002444,,,0.002444,0.00259,3,0,0
rho\set92\rho_0.3.py,rho,92,rho,0.3,2,5,5,0.5,0.5,0.3,0.6,1.0,0.5,20.700003,40,10,46.000003,69.000009,21.433335,1,1,1092,0,ilp_v4,infeasible,0,,,,0.00248,,,0.00248,0.002585,3,0,0
rho\set92\rho_0.3.py,rho,92,rho,0.3,2,5,5,0.5,0.5,0.3,0.6,1.0,0.5,20.700003,40,10,46.000003,69.000009,21.433335,1,1,1092,0,greedy_sps_baseline,infeasible,0,,46.000003,,0.00028,,over budget: E=46.0000 > B=20.7000,0.00028,0.000343,3,0,0
rho\set92\rho_0.4.py,rho,92,rho,0.4,2,5,5,0.5,0.5,0.4,0.6,1.0,0.5,27.600004,40,10,46.000003,69.000009,21.433335,1,1,1092,0,ilp_v2,optimal,1,12.493206,27.558733,0.45333,0.032557,0.0,,0.032557,0.037291,3,0,0
rho\set92\rho_0.4.py,rho,92,rho,0.4,2,5,5,0.5,0.5,0.4,0.6,1.0,0.5,27.600004,40,10,46.000003,69.000009,21.433335,1,1,1092,0,ilp_v3,optimal,1,17.864134,27.595889,0.647348,0.014734,0.0,,0.014734,0.015102,3,0,0
rho\set92\rho_0.4.py,rho,92,rho,0.4,2,5,5,0.5,0.5,0.4,0.6,1.0,0.5,27.600004,40,10,46.000003,69.000009,21.433335,1,1,1092,0,ilp_v4,optimal,1,23.712515,27.599152,0.859175,0.185467,0.0,,0.185467,0.196145,3,0,0
rho\set92\rho_0.4.py,rho,92,rho,0.4,2,5,5,0.5,0.5,0.4,0.6,1.0,0.5,27.600004,40,10,46.000003,69.000009,21.433335,1,1,1092,0,greedy_sps_baseline,infeasible,0,,46.000003,,0.000403,,over budget: E=46.0000 > B=27.6000,0.000403,0.00054,3,0,0
rho\set92\rho_0.5.py,rho,92,rho,0.5,2,5,5,0.5,0.5,0.5,0.6,1.0,0.5,34.500005,40,10,46.000003,69.000009,21.433335,1,1,1092,0,ilp_v2,optimal,1,37.285245,34.464649,1.08184,0.026283,0.0,,0.026283,0.028409,3,0,0
rho\set92\rho_0.5.py,rho,92,rho,0.5,2,5,5,0.5,0.5,0.5,0.6,1.0,0.5,34.500005,40,10,46.000003,69.000009,21.433335,1,1,1092,0,ilp_v3,optimal,1,44.661824,34.496733,1.294668,0.118598,9.9e-05,,0.118598,0.129181,3,0,0
rho\set92\rho_0.5.py,rho,92,rho,0.5,2,5,5,0.5,0.5,0.5,0.6,1.0,0.5,34.500005,40,10,46.000003,69.000009,21.433335,1,1,1092,0,ilp_v4,optimal,1,46.863323,34.483666,1.359001,0.08853,6.3e-05,,0.08853,0.101248,3,0,0
rho\set92\rho_0.5.py,rho,92,rho,0.5,2,5,5,0.5,0.5,0.5,0.6,1.0,0.5,34.500005,40,10,46.000003,69.000009,21.433335,1,1,1092,0,greedy_sps_baseline,infeasible,0,,46.000003,,0.00034,,over budget: E=46.0000 > B=34.5000,0.00034,0.000518,3,0,0
rho\set92\rho_0.6.py,rho,92,rho,0.6,2,5,5,0.5,0.5,0.6,0.6,1.0,0.5,41.400006,40,10,46.000003,69.000009,21.433335,1,1,1092,0,ilp_v2,optimal,1,50.572727,41.396391,1.22167,0.01516,0.0,,0.01516,0.015538,3,0,0
rho\set92\rho_0.6.py,rho,92,rho,0.6,2,5,5,0.5,0.5,0.6,0.6,1.0,0.5,41.400006,40,10,46.000003,69.000009,21.433335,1,1,1092,0,ilp_v3,optimal,1,60.314404,41.064624,1.468768,0.015722,0.0,,0.015722,0.017043,3,0,0
rho\set92\rho_0.6.py,rho,92,rho,0.6,2,5,5,0.5,0.5,0.6,0.6,1.0,0.5,41.400006,40,10,46.000003,69.000009,21.433335,1,1,1092,0,ilp_v4,optimal,1,64.313356,41.2164,1.560383,0.044908,0.0,,0.044908,0.046903,3,0,0
rho\set92\rho_0.6.py,rho,92,rho,0.6,2,5,5,0.5,0.5,0.6,0.6,1.0,0.5,41.400006,40,10,46.000003,69.000009,21.433335,1,1,1092,0,greedy_sps_baseline,infeasible,0,,46.000003,,0.000306,,over budget: E=46.0000 > B=41.4000,0.000306,0.000386,3,0,0
rho\set92\rho_0.7.py,rho,92,rho,0.7,2,5,5,0.5,0.5,0.7,0.6,1.0,0.5,48.300006,40,10,46.000003,69.000009,21.433335,1,1,1092,0,ilp_v2,optimal,1,60.502508,47.157683,1.282983,0.03117,0.0,,0.03117,0.034684,3,0,0
rho\set92\rho_0.7.py,rho,92,rho,0.7,2,5,5,0.5,0.5,0.7,0.6,1.0,0.5,48.300006,40,10,46.000003,69.000009,21.433335,1,1,1092,0,ilp_v3,optimal,1,69.757922,48.26393,1.445343,0.077935,0.0,,0.077935,0.095492,3,0,0
rho\set92\rho_0.7.py,rho,92,rho,0.7,2,5,5,0.5,0.5,0.7,0.6,1.0,0.5,48.300006,40,10,46.000003,69.000009,21.433335,1,1,1092,0,ilp_v4,optimal,1,71.756296,48.268746,1.4866,0.059455,0.0,,0.059455,0.064095,3,0,0
rho\set92\rho_0.7.py,rho,92,rho,0.7,2,5,5,0.5,0.5,0.7,0.6,1.0,0.5,48.300006,40,10,46.000003,69.000009,21.433335,1,1,1092,0,greedy_sps_baseline,solved,1,8.684191,48.29306,0.179823,0.000909,,,0.000909,0.001045,3,0,0
rho\set92\rho_0.8.py,rho,92,rho,0.8,2,5,5,0.5,0.5,0.8,0.6,1.0,0.5,55.200007,40,10,46.000003,69.000009,21.433335,1,1,1092,0,ilp_v2,optimal,1,70.647725,53.852612,1.311872,0.010946,0.0,,0.010946,0.011194,3,0,0
rho\set92\rho_0.8.py,rho,92,rho,0.8,2,5,5,0.5,0.5,0.8,0.6,1.0,0.5,55.200007,40,10,46.000003,69.000009,21.433335,1,1,1092,0,ilp_v3,optimal,1,76.283938,51.244604,1.488624,0.0102,0.0,,0.0102,0.012036,3,0,0
rho\set92\rho_0.8.py,rho,92,rho,0.8,2,5,5,0.5,0.5,0.8,0.6,1.0,0.5,55.200007,40,10,46.000003,69.000009,21.433335,1,1,1092,0,ilp_v4,optimal,1,74.329277,54.735863,1.357963,0.045781,0.0,,0.045781,0.061945,3,0,0
rho\set92\rho_0.8.py,rho,92,rho,0.8,2,5,5,0.5,0.5,0.8,0.6,1.0,0.5,55.200007,40,10,46.000003,69.000009,21.433335,1,1,1092,0,greedy_sps_baseline,solved,1,35.036844,55.192361,0.634813,0.001869,,,0.001869,0.002044,3,0,0
rho\set92\rho_0.9.py,rho,92,rho,0.9,2,5,5,0.5,0.5,0.9,0.6,1.0,0.5,62.100008,40,10,46.000003,69.000009,21.433335,1,1,1092,0,ilp_v2,optimal,1,76.375326,58.663813,1.301915,0.005016,0.0,,0.005016,0.005789,3,0,0
rho\set92\rho_0.9.py,rho,92,rho,0.9,2,5,5,0.5,0.5,0.9,0.6,1.0,0.5,62.100008,40,10,46.000003,69.000009,21.433335,1,1,1092,0,ilp_v3,optimal,1,76.375326,58.312453,1.30976,0.008956,0.0,,0.008956,0.008996,3,0,0
rho\set92\rho_0.9.py,rho,92,rho,0.9,2,5,5,0.5,0.5,0.9,0.6,1.0,0.5,62.100008,40,10,46.000003,69.000009,21.433335,1,1,1092,0,ilp_v4,optimal,1,76.375326,61.10857,1.24983,0.032078,0.0,,0.032078,0.034695,3,0,0
rho\set92\rho_0.9.py,rho,92,rho,0.9,2,5,5,0.5,0.5,0.9,0.6,1.0,0.5,62.100008,40,10,46.000003,69.000009,21.433335,1,1,1092,0,greedy_sps_baseline,solved,1,56.627911,61.810213,0.916158,0.002701,,,0.002701,0.002894,3,0,0
rho\set92\rho_1.py,rho,92,rho,1,2,5,5,0.5,0.5,1.0,0.6,1.0,0.5,69.000009,40,10,46.000003,69.000009,21.433335,1,1,1092,0,ilp_v2,optimal,1,76.375326,58.663813,1.301915,0.004511,0.0,,0.004511,0.004998,3,0,0
rho\set92\rho_1.py,rho,92,rho,1,2,5,5,0.5,0.5,1.0,0.6,1.0,0.5,69.000009,40,10,46.000003,69.000009,21.433335,1,1,1092,0,ilp_v3,optimal,1,76.375326,65.11315,1.172963,0.007332,0.0,,0.007332,0.007738,3,0,0
rho\set92\rho_1.py,rho,92,rho,1,2,5,5,0.5,0.5,1.0,0.6,1.0,0.5,69.000009,40,10,46.000003,69.000009,21.433335,1,1,1092,0,ilp_v4,optimal,1,76.375326,64.040589,1.192608,0.012207,0.0,,0.012207,0.012591,3,0,0
rho\set92\rho_1.py,rho,92,rho,1,2,5,5,0.5,0.5,1.0,0.6,1.0,0.5,69.000009,40,10,46.000003,69.000009,21.433335,1,1,1092,0,greedy_sps_baseline,solved,1,70.647725,66.702336,1.059149,0.002603,,,0.002603,0.002657,3,0,0
rho\set93\rho_0.2.py,rho,93,rho,0.2,2,5,5,0.5,0.5,0.2,0.6,1.0,0.5,13.8,40,10,46.000001,68.999999,23.009091,1,1,1093,0,ilp_v2,infeasible,0,,,,0.002492,,,0.002492,0.004509,3,0,0
rho\set93\rho_0.2.py,rho,93,rho,0.2,2,5,5,0.5,0.5,0.2,0.6,1.0,0.5,13.8,40,10,46.000001,68.999999,23.009091,1,1,1093,0,ilp_v3,infeasible,0,,,,0.002467,,,0.002467,0.003068,3,0,0
rho\set93\rho_0.2.py,rho,93,rho,0.2,2,5,5,0.5,0.5,0.2,0.6,1.0,0.5,13.8,40,10,46.000001,68.999999,23.009091,1,1,1093,0,ilp_v4,infeasible,0,,,,0.002911,,,0.002911,0.003277,3,0,0
rho\set93\rho_0.2.py,rho,93,rho,0.2,2,5,5,0.5,0.5,0.2,0.6,1.0,0.5,13.8,40,10,46.000001,68.999999,23.009091,1,1,1093,0,greedy_sps_baseline,infeasible,0,,46.000001,,0.000359,,over budget: E=46.0000 > B=13.8000,0.000359,0.000478,3,0,0
rho\set93\rho_0.3.py,rho,93,rho,0.3,2,5,5,0.5,0.5,0.3,0.6,1.0,0.5,20.7,40,10,46.000001,68.999999,23.009091,1,1,1093,0,ilp_v2,infeasible,0,,,,0.002488,,,0.002488,0.002723,3,0,0
rho\set93\rho_0.3.py,rho,93,rho,0.3,2,5,5,0.5,0.5,0.3,0.6,1.0,0.5,20.7,40,10,46.000001,68.999999,23.009091,1,1,1093,0,ilp_v3,infeasible,0,,,,0.002357,,,0.002357,0.002428,3,0,0
rho\set93\rho_0.3.py,rho,93,rho,0.3,2,5,5,0.5,0.5,0.3,0.6,1.0,0.5,20.7,40,10,46.000001,68.999999,23.009091,1,1,1093,0,ilp_v4,infeasible,0,,,,0.002469,,,0.002469,0.003053,3,0,0
rho\set93\rho_0.3.py,rho,93,rho,0.3,2,5,5,0.5,0.5,0.3,0.6,1.0,0.5,20.7,40,10,46.000001,68.999999,23.009091,1,1,1093,0,greedy_sps_baseline,infeasible,0,,46.000001,,0.000316,,over budget: E=46.0000 > B=20.7000,0.000316,0.000372,3,0,0
rho\set93\rho_0.4.py,rho,93,rho,0.4,2,5,5,0.5,0.5,0.4,0.6,1.0,0.5,27.6,40,10,46.000001,68.999999,23.009091,1,1,1093,0,ilp_v2,infeasible,0,,,,0.004785,,,0.004785,0.005622,3,0,0
rho\set93\rho_0.4.py,rho,93,rho,0.4,2,5,5,0.5,0.5,0.4,0.6,1.0,0.5,27.6,40,10,46.000001,68.999999,23.009091,1,1,1093,0,ilp_v3,infeasible,0,,,,0.005109,,,0.005109,0.006135,3,0,0
rho\set93\rho_0.4.py,rho,93,rho,0.4,2,5,5,0.5,0.5,0.4,0.6,1.0,0.5,27.6,40,10,46.000001,68.999999,23.009091,1,1,1093,0,ilp_v4,infeasible,0,,,,0.009098,,,0.009098,0.01009,3,0,0
rho\set93\rho_0.4.py,rho,93,rho,0.4,2,5,5,0.5,0.5,0.4,0.6,1.0,0.5,27.6,40,10,46.000001,68.999999,23.009091,1,1,1093,0,greedy_sps_baseline,infeasible,0,,46.000001,,0.000376,,over budget: E=46.0000 > B=27.6000,0.000376,0.000495,3,0,0
rho\set93\rho_0.5.py,rho,93,rho,0.5,2,5,5,0.5,0.5,0.5,0.6,1.0,0.5,34.499999,40,10,46.000001,68.999999,23.009091,1,1,1093,0,ilp_v2,optimal,1,19.653668,34.463065,0.570282,0.017119,0.0,,0.017119,0.01888,3,0,0
rho\set93\rho_0.5.py,rho,93,rho,0.5,2,5,5,0.5,0.5,0.5,0.6,1.0,0.5,34.499999,40,10,46.000001,68.999999,23.009091,1,1,1093,0,ilp_v3,optimal,1,34.342304,34.419326,0.997762,0.10645,1.7e-05,,0.10645,0.113923,3,0,0
rho\set93\rho_0.5.py,rho,93,rho,0.5,2,5,5,0.5,0.5,0.5,0.6,1.0,0.5,34.499999,40,10,46.000001,68.999999,23.009091,1,1,1093,0,ilp_v4,optimal,1,35.278094,34.40652,1.025332,0.254698,0.0,,0.254698,0.308871,3,0,0
rho\set93\rho_0.5.py,rho,93,rho,0.5,2,5,5,0.5,0.5,0.5,0.6,1.0,0.5,34.499999,40,10,46.000001,68.999999,23.009091,1,1,1093,0,greedy_sps_baseline,infeasible,0,,46.000001,,0.000437,,over budget: E=46.0000 > B=34.5000,0.000437,0.000545,3,0,0
rho\set93\rho_0.6.py,rho,93,rho,0.6,2,5,5,0.5,0.5,0.6,0.6,1.0,0.5,41.399999,40,10,46.000001,68.999999,23.009091,1,1,1093,0,ilp_v2,optimal,1,28.856703,41.203334,0.700349,0.060355,0.0,,0.060355,0.063067,3,0,0
rho\set93\rho_0.6.py,rho,93,rho,0.6,2,5,5,0.5,0.5,0.6,0.6,1.0,0.5,41.399999,40,10,46.000001,68.999999,23.009091,1,1,1093,0,ilp_v3,optimal,1,43.658031,41.38709,1.054871,0.083851,0.0,,0.083851,0.093569,3,0,0
rho\set93\rho_0.6.py,rho,93,rho,0.6,2,5,5,0.5,0.5,0.6,0.6,1.0,0.5,41.399999,40,10,46.000001,68.999999,23.009091,1,1,1093,0,ilp_v4,optimal,1,48.652774,41.235799,1.179867,0.101195,0.0,,0.101195,0.111274,3,0,0
rho\set93\rho_0.6.py,rho,93,rho,0.6,2,5,5,0.5,0.5,0.6,0.6,1.0,0.5,41.399999,40,10,46.000001,68.999999,23.009091,1,1,1093,0,greedy_sps_baseline,infeasible,0,,46.000001,,0.000361,,over budget: E=46.0000 > B=41.4000,0.000361,0.000515,3,0,0
rho\set93\rho_0.7.py,rho,93,rho,0.7,2,5,5,0.5,0.5,0.7,0.6,1.0,0.5,48.299999,40,10,46.000001,68.999999,23.009091,1,1,1093,0,ilp_v2,optimal,1,36.743065,48.236816,0.761722,0.083431,0.0,,0.083431,0.090347,3,0,0
rho\set93\rho_0.7.py,rho,93,rho,0.7,2,5,5,0.5,0.5,0.7,0.6,1.0,0.5,48.299999,40,10,46.000001,68.999999,23.009091,1,1,1093,0,ilp_v3,optimal,1,55.990621,48.239964,1.160669,0.009327,0.0,,0.009327,0.009996,3,0,0
rho\set93\rho_0.7.py,rho,93,rho,0.7,2,5,5,0.5,0.5,0.7,0.6,1.0,0.5,48.299999,40,10,46.000001,68.999999,23.009091,1,1,1093,0,ilp_v4,optimal,1,55.990621,47.194171,1.186388,0.045486,0.0,,0.045486,0.049781,3,0,0
rho\set93\rho_0.7.py,rho,93,rho,0.7,2,5,5,0.5,0.5,0.7,0.6,1.0,0.5,48.299999,40,10,46.000001,68.999999,23.009091,1,1,1093,0,greedy_sps_baseline,solved,1,6.647652,48.229196,0.137835,0.000786,,,0.000786,0.001143,3,0,0
rho\set93\rho_0.8.py,rho,93,rho,0.8,2,5,5,0.5,0.5,0.8,0.6,1.0,0.5,55.199999,40,10,46.000001,68.999999,23.009091,1,1,1093,0,ilp_v2,optimal,1,43.643703,54.682113,0.798135,0.011083,0.0,,0.011083,0.012213,3,0,0
rho\set93\rho_0.8.py,rho,93,rho,0.8,2,5,5,0.5,0.5,0.8,0.6,1.0,0.5,55.199999,40,10,46.000001,68.999999,23.009091,1,1,1093,0,ilp_v3,optimal,1,49.211708,54.947138,0.895619,0.017801,0.0,,0.017801,0.018338,3,0,0
rho\set93\rho_0.8.py,rho,93,rho,0.8,2,5,5,0.5,0.5,0.8,0.6,1.0,0.5,55.199999,40,10,46.000001,68.999999,23.009091,1,1,1093,0,ilp_v4,optimal,1,55.990621,52.265923,1.071264,0.027741,0.0,,0.027741,0.029742,3,0,0
rho\set93\rho_0.8.py,rho,93,rho,0.8,2,5,5,0.5,0.5,0.8,0.6,1.0,0.5,55.199999,40,10,46.000001,68.999999,23.009091,1,1,1093,0,greedy_sps_baseline,solved,1,24.621925,55.123463,0.446669,0.001758,,,0.001758,0.001861,3,0,0
rho\set93\rho_0.9.py,rho,93,rho,0.9,2,5,5,0.5,0.5,0.9,0.6,1.0,0.5,62.099999,40,10,46.000001,68.999999,23.009091,1,1,1093,0,ilp_v2,optimal,1,43.643703,54.682113,0.798135,0.007015,0.0,,0.007015,0.00724,3,0,0
rho\set93\rho_0.9.py,rho,93,rho,0.9,2,5,5,0.5,0.5,0.9,0.6,1.0,0.5,62.099999,40,10,46.000001,68.999999,23.009091,1,1,1093,0,ilp_v3,optimal,1,55.990621,60.527909,0.925038,0.00364,0.0,,0.00364,0.003847,3,0,0
rho\set93\rho_0.9.py,rho,93,rho,0.9,2,5,5,0.5,0.5,0.9,0.6,1.0,0.5,62.099999,40,10,46.000001,68.999999,23.009091,1,1,1093,0,ilp_v4,optimal,1,55.990621,58.402881,0.958696,0.011785,0.0,,0.011785,0.012455,3,0,0
rho\set93\rho_0.9.py,rho,93,rho,0.9,2,5,5,0.5,0.5,0.9,0.6,1.0,0.5,62.099999,40,10,46.000001,68.999999,23.009091,1,1,1093,0,greedy_sps_baseline,solved,1,41.197859,61.983314,0.66466,0.001814,,,0.001814,0.00186,3,0,0
rho\set93\rho_1.py,rho,93,rho,1,2,5,5,0.5,0.5,1.0,0.6,1.0,0.5,68.999999,40,10,46.000001,68.999999,23.009091,1,1,1093,0,ilp_v2,optimal,1,43.643703,63.105776,0.691596,0.007017,0.0,,0.007017,0.007227,3,0,0
rho\set93\rho_1.py,rho,93,rho,1,2,5,5,0.5,0.5,1.0,0.6,1.0,0.5,68.999999,40,10,46.000001,68.999999,23.009091,1,1,1093,0,ilp_v3,optimal,1,55.990621,64.221031,0.871842,0.00311,0.0,,0.00311,0.003409,3,0,0
rho\set93\rho_1.py,rho,93,rho,1,2,5,5,0.5,0.5,1.0,0.6,1.0,0.5,68.999999,40,10,46.000001,68.999999,23.009091,1,1,1093,0,ilp_v4,optimal,1,55.990621,68.999999,0.811458,0.009054,0.0,,0.009054,0.009328,3,0,0
rho\set93\rho_1.py,rho,93,rho,1,2,5,5,0.5,0.5,1.0,0.6,1.0,0.5,68.999999,40,10,46.000001,68.999999,23.009091,1,1,1093,0,greedy_sps_baseline,solved,1,43.011647,63.127315,0.681348,0.001942,,,0.001942,0.002286,3,0,0
rho\set94\rho_0.2.py,rho,94,rho,0.2,2,5,5,0.5,0.5,0.2,0.6,1.0,0.5,13.8,40,13,46.0,69.000002,23.009091,1,1,1094,0,ilp_v2,infeasible,0,,,,0.002908,,,0.002908,0.003414,3,0,0
rho\set94\rho_0.2.py,rho,94,rho,0.2,2,5,5,0.5,0.5,0.2,0.6,1.0,0.5,13.8,40,13,46.0,69.000002,23.009091,1,1,1094,0,ilp_v3,infeasible,0,,,,0.002777,,,0.002777,0.002858,3,0,0
rho\set94\rho_0.2.py,rho,94,rho,0.2,2,5,5,0.5,0.5,0.2,0.6,1.0,0.5,13.8,40,13,46.0,69.000002,23.009091,1,1,1094,0,ilp_v4,infeasible,0,,,,0.002902,,,0.002902,0.00359,3,0,0
rho\set94\rho_0.2.py,rho,94,rho,0.2,2,5,5,0.5,0.5,0.2,0.6,1.0,0.5,13.8,40,13,46.0,69.000002,23.009091,1,1,1094,0,greedy_sps_baseline,infeasible,0,,46.0,,0.000315,,over budget: E=46.0000 > B=13.8000,0.000315,0.000388,3,0,0
rho\set94\rho_0.3.py,rho,94,rho,0.3,2,5,5,0.5,0.5,0.3,0.6,1.0,0.5,20.700001,40,13,46.0,69.000002,23.009091,1,1,1094,0,ilp_v2,infeasible,0,,,,0.002882,,,0.002882,0.003221,3,0,0
rho\set94\rho_0.3.py,rho,94,rho,0.3,2,5,5,0.5,0.5,0.3,0.6,1.0,0.5,20.700001,40,13,46.0,69.000002,23.009091,1,1,1094,0,ilp_v3,infeasible,0,,,,0.00274,,,0.00274,0.002853,3,0,0
rho\set94\rho_0.3.py,rho,94,rho,0.3,2,5,5,0.5,0.5,0.3,0.6,1.0,0.5,20.700001,40,13,46.0,69.000002,23.009091,1,1,1094,0,ilp_v4,infeasible,0,,,,0.003105,,,0.003105,0.003622,3,0,0
rho\set94\rho_0.3.py,rho,94,rho,0.3,2,5,5,0.5,0.5,0.3,0.6,1.0,0.5,20.700001,40,13,46.0,69.000002,23.009091,1,1,1094,0,greedy_sps_baseline,infeasible,0,,46.0,,0.000323,,over budget: E=46.0000 > B=20.7000,0.000323,0.000393,3,0,0
rho\set94\rho_0.4.py,rho,94,rho,0.4,2,5,5,0.5,0.5,0.4,0.6,1.0,0.5,27.600001,40,13,46.0,69.000002,23.009091,1,1,1094,0,ilp_v2,optimal,1,21.02906,27.503127,0.764606,0.016747,0.0,,0.016747,0.018342,3,0,0
rho\set94\rho_0.4.py,rho,94,rho,0.4,2,5,5,0.5,0.5,0.4,0.6,1.0,0.5,27.600001,40,13,46.0,69.000002,23.009091,1,1,1094,0,ilp_v3,optimal,1,21.02906,27.503127,0.764606,0.01617,0.0,,0.01617,0.017671,3,0,0
rho\set94\rho_0.4.py,rho,94,rho,0.4,2,5,5,0.5,0.5,0.4,0.6,1.0,0.5,27.600001,40,13,46.0,69.000002,23.009091,1,1,1094,0,ilp_v4,optimal,1,24.41185,27.599669,0.884498,0.107077,6.1e-05,,0.107077,0.110731,3,0,0
rho\set94\rho_0.4.py,rho,94,rho,0.4,2,5,5,0.5,0.5,0.4,0.6,1.0,0.5,27.600001,40,13,46.0,69.000002,23.009091,1,1,1094,0,greedy_sps_baseline,infeasible,0,,46.0,,0.000348,,over budget: E=46.0000 > B=27.6000,0.000348,0.000473,3,0,0
rho\set94\rho_0.5.py,rho,94,rho,0.5,2,5,5,0.5,0.5,0.5,0.6,1.0,0.5,34.500001,40,13,46.0,69.000002,23.009091,1,1,1094,0,ilp_v2,optimal,1,47.041444,34.480897,1.364276,0.019413,0.0,,0.019413,0.020763,3,0,0
rho\set94\rho_0.5.py,rho,94,rho,0.5,2,5,5,0.5,0.5,0.5,0.6,1.0,0.5,34.500001,40,13,46.0,69.000002,23.009091,1,1,1094,0,ilp_v3,optimal,1,48.121221,34.499562,1.394836,0.070662,0.0,,0.070662,0.076201,3,0,0
rho\set94\rho_0.5.py,rho,94,rho,0.5,2,5,5,0.5,0.5,0.5,0.6,1.0,0.5,34.500001,40,13,46.0,69.000002,23.009091,1,1,1094,0,ilp_v4,optimal,1,49.997132,34.499482,1.449214,0.15645,0.0,,0.15645,0.165062,3,0,0
rho\set94\rho_0.5.py,rho,94,rho,0.5,2,5,5,0.5,0.5,0.5,0.6,1.0,0.5,34.500001,40,13,46.0,69.000002,23.009091,1,1,1094,0,greedy_sps_baseline,infeasible,0,,46.0,,0.000391,,over budget: E=46.0000 > B=34.5000,0.000391,0.000552,3,0,0
rho\set94\rho_0.6.py,rho,94,rho,0.6,2,5,5,0.5,0.5,0.6,0.6,1.0,0.5,41.400001,40,13,46.0,69.000002,23.009091,1,1,1094,0,ilp_v2,optimal,1,66.229881,41.397091,1.599868,0.023204,0.0,,0.023204,0.024418,3,0,0
rho\set94\rho_0.6.py,rho,94,rho,0.6,2,5,5,0.5,0.5,0.6,0.6,1.0,0.5,41.400001,40,13,46.0,69.000002,23.009091,1,1,1094,0,ilp_v3,optimal,1,67.933222,41.398402,1.640962,0.051961,0.0,,0.051961,0.072638,3,0,0
rho\set94\rho_0.6.py,rho,94,rho,0.6,2,5,5,0.5,0.5,0.6,0.6,1.0,0.5,41.400001,40,13,46.0,69.000002,23.009091,1,1,1094,0,ilp_v4,optimal,1,69.857789,41.396608,1.687524,0.177362,0.0,,0.177362,0.195197,3,0,0
rho\set94\rho_0.6.py,rho,94,rho,0.6,2,5,5,0.5,0.5,0.6,0.6,1.0,0.5,41.400001,40,13,46.0,69.000002,23.009091,1,1,1094,0,greedy_sps_baseline,infeasible,0,,46.0,,0.000547,,over budget: E=46.0000 > B=41.4000,0.000547,0.000709,3,0,0
rho\set94\rho_0.7.py,rho,94,rho,0.7,2,5,5,0.5,0.5,0.7,0.6,1.0,0.5,48.300002,40,13,46.0,69.000002,23.009091,1,1,1094,0,ilp_v2,optimal,1,76.926708,47.879684,1.606667,0.145093,0.0,,0.145093,0.151963,3,0,0
rho\set94\rho_0.7.py,rho,94,rho,0.7,2,5,5,0.5,0.5,0.7,0.6,1.0,0.5,48.300002,40,13,46.0,69.000002,23.009091,1,1,1094,0,ilp_v3,optimal,1,81.601177,48.104349,1.696337,0.011371,0.0,,0.011371,0.011785,3,0,0
rho\set94\rho_0.7.py,rho,94,rho,0.7,2,5,5,0.5,0.5,0.7,0.6,1.0,0.5,48.300002,40,13,46.0,69.000002,23.009091,1,1,1094,0,ilp_v4,optimal,1,81.601177,48.076331,1.697325,0.064043,0.0,,0.064043,0.080651,3,0,0
rho\set94\rho_0.7.py,rho,94,rho,0.7,2,5,5,0.5,0.5,0.7,0.6,1.0,0.5,48.300002,40,13,46.0,69.000002,23.009091,1,1,1094,0,greedy_sps_baseline,solved,1,8.554266,48.297005,0.177118,0.001103,,,0.001103,0.001263,3,0,0
rho\set94\rho_0.8.py,rho,94,rho,0.8,2,5,5,0.5,0.5,0.8,0.6,1.0,0.5,55.200002,40,13,46.0,69.000002,23.009091,1,1,1094,0,ilp_v2,optimal,1,81.601177,52.5161,1.553832,0.00691,0.0,,0.00691,0.007703,3,0,0
rho\set94\rho_0.8.py,rho,94,rho,0.8,2,5,5,0.5,0.5,0.8,0.6,1.0,0.5,55.200002,40,13,46.0,69.000002,23.009091,1,1,1094,0,ilp_v3,optimal,1,81.601177,54.896162,1.486464,0.007443,0.0,,0.007443,0.008494,3,0,0
rho\set94\rho_0.8.py,rho,94,rho,0.8,2,5,5,0.5,0.5,0.8,0.6,1.0,0.5,55.200002,40,13,46.0,69.000002,23.009091,1,1,1094,0,ilp_v4,optimal,1,81.601177,54.565646,1.495468,0.049627,0.0,,0.049627,0.052441,3,0,0
rho\set94\rho_0.8.py,rho,94,rho,0.8,2,5,5,0.5,0.5,0.8,0.6,1.0,0.5,55.200002,40,13,46.0,69.000002,23.009091,1,1,1094,0,greedy_sps_baseline,solved,1,35.260562,55.189818,0.638896,0.001601,,,0.001601,0.001692,3,0,0
rho\set94\rho_0.9.py,rho,94,rho,0.9,2,5,5,0.5,0.5,0.9,0.6,1.0,0.5,62.100002,40,13,46.0,69.000002,23.009091,1,1,1094,0,ilp_v2,optimal,1,81.601177,56.577751,1.442284,0.004217,0.0,,0.004217,0.004522,3,0,0
rho\set94\rho_0.9.py,rho,94,rho,0.9,2,5,5,0.5,0.5,0.9,0.6,1.0,0.5,62.100002,40,13,46.0,69.000002,23.009091,1,1,1094,0,ilp_v3,optimal,1,81.601177,56.938516,1.433145,0.004461,0.0,,0.004461,0.00583,3,0,0
rho\set94\rho_0.9.py,rho,94,rho,0.9,2,5,5,0.5,0.5,0.9,0.6,1.0,0.5,62.100002,40,13,46.0,69.000002,23.009091,1,1,1094,0,ilp_v4,optimal,1,81.601177,56.577751,1.442284,0.021164,0.0,,0.021164,0.021532,3,0,0
rho\set94\rho_0.9.py,rho,94,rho,0.9,2,5,5,0.5,0.5,0.9,0.6,1.0,0.5,62.100002,40,13,46.0,69.000002,23.009091,1,1,1094,0,greedy_sps_baseline,solved,1,60.2744,62.063416,0.971174,0.002741,,,0.002741,0.003167,3,0,0
rho\set94\rho_1.py,rho,94,rho,1,2,5,5,0.5,0.5,1.0,0.6,1.0,0.5,69.000002,40,13,46.0,69.000002,23.009091,1,1,1094,0,ilp_v2,optimal,1,81.601177,56.577751,1.442284,0.004122,0.0,,0.004122,0.004715,3,0,0
rho\set94\rho_1.py,rho,94,rho,1,2,5,5,0.5,0.5,1.0,0.6,1.0,0.5,69.000002,40,13,46.0,69.000002,23.009091,1,1,1094,0,ilp_v3,optimal,1,81.601177,56.577751,1.442284,0.004184,0.0,,0.004184,0.004494,3,0,0
rho\set94\rho_1.py,rho,94,rho,1,2,5,5,0.5,0.5,1.0,0.6,1.0,0.5,69.000002,40,13,46.0,69.000002,23.009091,1,1,1094,0,ilp_v4,optimal,1,81.601177,56.577751,1.442284,0.015779,0.0,,0.015779,0.016105,3,0,0
rho\set94\rho_1.py,rho,94,rho,1,2,5,5,0.5,0.5,1.0,0.6,1.0,0.5,69.000002,40,13,46.0,69.000002,23.009091,1,1,1094,0,greedy_sps_baseline,solved,1,81.470495,68.941596,1.181732,0.003216,,,0.003216,0.003251,3,0,0
rho\set95\rho_0.2.py,rho,95,rho,0.2,2,5,5,0.5,0.5,0.2,0.6,1.0,0.5,13.799999,40,12,45.999999,68.999993,21.433333,1,1,1095,0,ilp_v2,infeasible,0,,,,0.003206,,,0.003206,0.003812,3,0,0
rho\set95\rho_0.2.py,rho,95,rho,0.2,2,5,5,0.5,0.5,0.2,0.6,1.0,0.5,13.799999,40,12,45.999999,68.999993,21.433333,1,1,1095,0,ilp_v3,infeasible,0,,,,0.003189,,,0.003189,0.003225,3,0,0
rho\set95\rho_0.2.py,rho,95,rho,0.2,2,5,5,0.5,0.5,0.2,0.6,1.0,0.5,13.799999,40,12,45.999999,68.999993,21.433333,1,1,1095,0,ilp_v4,infeasible,0,,,,0.003229,,,0.003229,0.00339,3,0,0
rho\set95\rho_0.2.py,rho,95,rho,0.2,2,5,5,0.5,0.5,0.2,0.6,1.0,0.5,13.799999,40,12,45.999999,68.999993,21.433333,1,1,1095,0,greedy_sps_baseline,infeasible,0,,45.999999,,0.000319,,over budget: E=46.0000 > B=13.8000,0.000319,0.000407,3,0,0
rho\set95\rho_0.3.py,rho,95,rho,0.3,2,5,5,0.5,0.5,0.3,0.6,1.0,0.5,20.699998,40,12,45.999999,68.999993,21.433333,1,1,1095,0,ilp_v2,infeasible,0,,,,0.003257,,,0.003257,0.003527,3,0,0
rho\set95\rho_0.3.py,rho,95,rho,0.3,2,5,5,0.5,0.5,0.3,0.6,1.0,0.5,20.699998,40,12,45.999999,68.999993,21.433333,1,1,1095,0,ilp_v3,infeasible,0,,,,0.003172,,,0.003172,0.004417,3,0,0
rho\set95\rho_0.3.py,rho,95,rho,0.3,2,5,5,0.5,0.5,0.3,0.6,1.0,0.5,20.699998,40,12,45.999999,68.999993,21.433333,1,1,1095,0,ilp_v4,infeasible,0,,,,0.003783,,,0.003783,0.005128,3,0,0
rho\set95\rho_0.3.py,rho,95,rho,0.3,2,5,5,0.5,0.5,0.3,0.6,1.0,0.5,20.699998,40,12,45.999999,68.999993,21.433333,1,1,1095,0,greedy_sps_baseline,infeasible,0,,45.999999,,0.00042,,over budget: E=46.0000 > B=20.7000,0.00042,0.000681,3,0,0
rho\set95\rho_0.4.py,rho,95,rho,0.4,2,5,5,0.5,0.5,0.4,0.6,1.0,0.5,27.599997,40,12,45.999999,68.999993,21.433333,1,1,1095,0,ilp_v2,optimal,1,14.246269,27.586876,0.516415,0.043421,0.0,,0.043421,0.048028,3,0,0
rho\set95\rho_0.4.py,rho,95,rho,0.4,2,5,5,0.5,0.5,0.4,0.6,1.0,0.5,27.599997,40,12,45.999999,68.999993,21.433333,1,1,1095,0,ilp_v3,optimal,1,14.246269,27.586876,0.516415,0.048549,0.0,,0.048549,0.052094,3,0,0
rho\set95\rho_0.4.py,rho,95,rho,0.4,2,5,5,0.5,0.5,0.4,0.6,1.0,0.5,27.599997,40,12,45.999999,68.999993,21.433333,1,1,1095,0,ilp_v4,optimal,1,15.330335,27.596052,0.555526,0.273659,0.0,,0.273659,0.307813,3,0,0
rho\set95\rho_0.4.py,rho,95,rho,0.4,2,5,5,0.5,0.5,0.4,0.6,1.0,0.5,27.599997,40,12,45.999999,68.999993,21.433333,1,1,1095,0,greedy_sps_baseline,infeasible,0,,45.999999,,0.000455,,over budget: E=46.0000 > B=27.6000,0.000455,0.000616,3,0,0
rho\set95\rho_0.5.py,rho,95,rho,0.5,2,5,5,0.5,0.5,0.5,0.6,1.0,0.5,34.499997,40,12,45.999999,68.999993,21.433333,1,1,1095,0,ilp_v2,optimal,1,36.433042,34.409856,1.058797,0.053628,0.0,,0.053628,0.057534,3,0,0
rho\set95\rho_0.5.py,rho,95,rho,0.5,2,5,5,0.5,0.5,0.5,0.6,1.0,0.5,34.499997,40,12,45.999999,68.999993,21.433333,1,1,1095,0,ilp_v3,optimal,1,36.500114,34.496114,1.058093,0.043596,0.0,,0.043596,0.049082,3,0,0
rho\set95\rho_0.5.py,rho,95,rho,0.5,2,5,5,0.5,0.5,0.5,0.6,1.0,0.5,34.499997,40,12,45.999999,68.999993,21.433333,1,1,1095,0,ilp_v4,optimal,1,35.489062,34.459902,1.029865,0.249826,0.0,,0.249826,0.273029,3,0,0
rho\set95\rho_0.5.py,rho,95,rho,0.5,2,5,5,0.5,0.5,0.5,0.6,1.0,0.5,34.499997,40,12,45.999999,68.999993,21.433333,1,1,1095,0,greedy_sps_baseline,infeasible,0,,45.999999,,0.000336,,over budget: E=46.0000 > B=34.5000,0.000336,0.000455,3,0,0
rho\set95\rho_0.6.py,rho,95,rho,0.6,2,5,5,0.5,0.5,0.6,0.6,1.0,0.5,41.399996,40,12,45.999999,68.999993,21.433333,1,1,1095,0,ilp_v2,optimal,1,46.605155,41.365436,1.126669,0.027391,0.0,,0.027391,0.02899,3,0,0
rho\set95\rho_0.6.py,rho,95,rho,0.6,2,5,5,0.5,0.5,0.6,0.6,1.0,0.5,41.399996,40,12,45.999999,68.999993,21.433333,1,1,1095,0,ilp_v3,optimal,1,46.299298,41.27011,1.12186,0.088296,0.0,,0.088296,0.099867,3,0,0
rho\set95\rho_0.6.py,rho,95,rho,0.6,2,5,5,0.5,0.5,0.6,0.6,1.0,0.5,41.399996,40,12,45.999999,68.999993,21.433333,1,1,1095,0,ilp_v4,optimal,1,46.07697,41.100603,1.121078,0.148158,0.0,,0.148158,0.173858,3,0,0
rho\set95\rho_0.6.py,rho,95,rho,0.6,2,5,5,0.5,0.5,0.6,0.6,1.0,0.5,41.399996,40,12,45.999999,68.999993,21.433333,1,1,1095,0,greedy_sps_baseline,infeasible,0,,45.999999,,0.000337,,over budget: E=46.0000 > B=41.4000,0.000337,0.000484,3,0,0
rho\set95\rho_0.7.py,rho,95,rho,0.7,2,5,5,0.5,0.5,0.7,0.6,1.0,0.5,48.299995,40,12,45.999999,68.999993,21.433333,1,1,1095,0,ilp_v2,optimal,1,51.491307,48.246719,1.06725,0.026475,0.0,,0.026475,0.027403,3,0,0
rho\set95\rho_0.7.py,rho,95,rho,0.7,2,5,5,0.5,0.5,0.7,0.6,1.0,0.5,48.299995,40,12,45.999999,68.999993,21.433333,1,1,1095,0,ilp_v3,optimal,1,54.029745,48.183831,1.121325,0.021803,0.0,,0.021803,0.022581,3,0,0
rho\set95\rho_0.7.py,rho,95,rho,0.7,2,5,5,0.5,0.5,0.7,0.6,1.0,0.5,48.299995,40,12,45.999999,68.999993,21.433333,1,1,1095,0,ilp_v4,optimal,1,54.029745,48.224975,1.120369,0.065398,0.0,,0.065398,0.089358,3,0,0
rho\set95\rho_0.7.py,rho,95,rho,0.7,2,5,5,0.5,0.5,0.7,0.6,1.0,0.5,48.299995,40,12,45.999999,68.999993,21.433333,1,1,1095,0,greedy_sps_baseline,solved,1,9.079821,48.285806,0.188043,0.001788,,,0.001788,0.002117,3,0,0
rho\set95\rho_0.8.py,rho,95,rho,0.8,2,5,5,0.5,0.5,0.8,0.6,1.0,0.5,55.199994,40,12,45.999999,68.999993,21.433333,1,1,1095,0,ilp_v2,optimal,1,54.029745,54.91776,0.98383,0.010324,0.0,,0.010324,0.011124,3,0,0
rho\set95\rho_0.8.py,rho,95,rho,0.8,2,5,5,0.5,0.5,0.8,0.6,1.0,0.5,55.199994,40,12,45.999999,68.999993,21.433333,1,1,1095,0,ilp_v3,optimal,1,54.029745,53.297564,1.013738,0.009736,0.0,,0.009736,0.010595,3,0,0
rho\set95\rho_0.8.py,rho,95,rho,0.8,2,5,5,0.5,0.5,0.8,0.6,1.0,0.5,55.199994,40,12,45.999999,68.999993,21.433333,1,1,1095,0,ilp_v4,optimal,1,54.029745,54.21505,0.996582,0.034967,0.0,,0.034967,0.041219,3,0,0
rho\set95\rho_0.8.py,rho,95,rho,0.8,2,5,5,0.5,0.5,0.8,0.6,1.0,0.5,55.199994,40,12,45.999999,68.999993,21.433333,1,1,1095,0,greedy_sps_baseline,solved,1,31.927787,54.724445,0.583428,0.004019,,,0.004019,0.004814,3,0,0
rho\set95\rho_0.9.py,rho,95,rho,0.9,2,5,5,0.5,0.5,0.9,0.6,1.0,0.5,62.099994,40,12,45.999999,68.999993,21.433333,1,1,1095,0,ilp_v2,optimal,1,54.029745,59.667267,0.905517,0.0081,0.0,,0.0081,0.008547,3,0,0
rho\set95\rho_0.9.py,rho,95,rho,0.9,2,5,5,0.5,0.5,0.9,0.6,1.0,0.5,62.099994,40,12,45.999999,68.999993,21.433333,1,1,1095,0,ilp_v3,optimal,1,54.029745,58.607997,0.921883,0.009731,0.0,,0.009731,0.010013,3,0,0
rho\set95\rho_0.9.py,rho,95,rho,0.9,2,5,5,0.5,0.5,0.9,0.6,1.0,0.5,62.099994,40,12,45.999999,68.999993,21.433333,1,1,1095,0,ilp_v4,optimal,1,54.029745,62.097553,0.870078,0.03004,0.0,,0.03004,0.031367,3,0,0
rho\set95\rho_0.9.py,rho,95,rho,0.9,2,5,5,0.5,0.5,0.9,0.6,1.0,0.5,62.099994,40,12,45.999999,68.999993,21.433333,1,1,1095,0,greedy_sps_baseline,solved,1,44.840746,62.023212,0.722967,0.004652,,,0.004652,0.004705,3,0,0
rho\set95\rho_1.py,rho,95,rho,1,2,5,5,0.5,0.5,1.0,0.6,1.0,0.5,68.999993,40,12,45.999999,68.999993,21.433333,1,1,1095,0,ilp_v2,optimal,1,54.029745,59.667267,0.905517,0.009192,0.0,,0.009192,0.013164,3,0,0
rho\set95\rho_1.py,rho,95,rho,1,2,5,5,0.5,0.5,1.0,0.6,1.0,0.5,68.999993,40,12,45.999999,68.999993,21.433333,1,1,1095,0,ilp_v3,optimal,1,54.029745,60.872648,0.887587,0.012364,0.0,,0.012364,0.015112,3,0,0
rho\set95\rho_1.py,rho,95,rho,1,2,5,5,0.5,0.5,1.0,0.6,1.0,0.5,68.999993,40,12,45.999999,68.999993,21.433333,1,1,1095,0,ilp_v4,optimal,1,54.029745,63.60827,0.849414,0.022309,0.0,,0.022309,0.02277,3,0,0
rho\set95\rho_1.py,rho,95,rho,1,2,5,5,0.5,0.5,1.0,0.6,1.0,0.5,68.999993,40,12,45.999999,68.999993,21.433333,1,1,1095,0,greedy_sps_baseline,solved,1,53.381442,68.467535,0.779661,0.004414,,,0.004414,0.00464,3,0,0
rho\set96\rho_0.2.py,rho,96,rho,0.2,2,5,5,0.5,0.5,0.2,0.6,1.0,0.5,13.8,40,11,46.0,68.999999,22.042857,1,1,1096,0,ilp_v2,infeasible,0,,,,0.00255,,,0.00255,0.003044,3,0,0
rho\set96\rho_0.2.py,rho,96,rho,0.2,2,5,5,0.5,0.5,0.2,0.6,1.0,0.5,13.8,40,11,46.0,68.999999,22.042857,1,1,1096,0,ilp_v3,infeasible,0,,,,0.002487,,,0.002487,0.00272,3,0,0
rho\set96\rho_0.2.py,rho,96,rho,0.2,2,5,5,0.5,0.5,0.2,0.6,1.0,0.5,13.8,40,11,46.0,68.999999,22.042857,1,1,1096,0,ilp_v4,infeasible,0,,,,0.002573,,,0.002573,0.002718,3,0,0
rho\set96\rho_0.2.py,rho,96,rho,0.2,2,5,5,0.5,0.5,0.2,0.6,1.0,0.5,13.8,40,11,46.0,68.999999,22.042857,1,1,1096,0,greedy_sps_baseline,infeasible,0,,46.0,,0.000459,,over budget: E=46.0000 > B=13.8000,0.000459,0.00054,3,0,0
rho\set96\rho_0.3.py,rho,96,rho,0.3,2,5,5,0.5,0.5,0.3,0.6,1.0,0.5,20.7,40,11,46.0,68.999999,22.042857,1,1,1096,0,ilp_v2,infeasible,0,,,,0.002874,,,0.002874,0.003024,3,0,0
rho\set96\rho_0.3.py,rho,96,rho,0.3,2,5,5,0.5,0.5,0.3,0.6,1.0,0.5,20.7,40,11,46.0,68.999999,22.042857,1,1,1096,0,ilp_v3,infeasible,0,,,,0.002629,,,0.002629,0.002851,3,0,0
rho\set96\rho_0.3.py,rho,96,rho,0.3,2,5,5,0.5,0.5,0.3,0.6,1.0,0.5,20.7,40,11,46.0,68.999999,22.042857,1,1,1096,0,ilp_v4,infeasible,0,,,,0.002488,,,0.002488,0.002562,3,0,0
rho\set96\rho_0.3.py,rho,96,rho,0.3,2,5,5,0.5,0.5,0.3,0.6,1.0,0.5,20.7,40,11,46.0,68.999999,22.042857,1,1,1096,0,greedy_sps_baseline,infeasible,0,,46.0,,0.000305,,over budget: E=46.0000 > B=20.7000,0.000305,0.000361,3,0,0
rho\set96\rho_0.4.py,rho,96,rho,0.4,2,5,5,0.5,0.5,0.4,0.6,1.0,0.5,27.6,40,11,46.0,68.999999,22.042857,1,1,1096,0,ilp_v2,optimal,1,23.241447,27.581067,0.842659,0.010687,0.0,,0.010687,0.011653,3,0,0
rho\set96\rho_0.4.py,rho,96,rho,0.4,2,5,5,0.5,0.5,0.4,0.6,1.0,0.5,27.6,40,11,46.0,68.999999,22.042857,1,1,1096,0,ilp_v3,optimal,1,23.241447,27.581067,0.842659,0.011155,0.0,,0.011155,0.012043,3,0,0
rho\set96\rho_0.4.py,rho,96,rho,0.4,2,5,5,0.5,0.5,0.4,0.6,1.0,0.5,27.6,40,11,46.0,68.999999,22.042857,1,1,1096,0,ilp_v4,optimal,1,23.241447,27.581067,0.842659,0.054795,0.0,,0.054795,0.060056,3,0,0
rho\set96\rho_0.4.py,rho,96,rho,0.4,2,5,5,0.5,0.5,0.4,0.6,1.0,0.5,27.6,40,11,46.0,68.999999,22.042857,1,1,1096,0,greedy_sps_baseline,infeasible,0,,46.0,,0.000372,,over budget: E=46.0000 > B=27.6000,0.000372,0.000478,3,0,0
rho\set96\rho_0.5.py,rho,96,rho,0.5,2,5,5,0.5,0.5,0.5,0.6,1.0,0.5,34.499999,40,11,46.0,68.999999,22.042857,1,1,1096,0,ilp_v2,optimal,1,44.472658,34.48899,1.289474,0.056546,0.0,,0.056546,0.064211,3,0,0
rho\set96\rho_0.5.py,rho,96,rho,0.5,2,5,5,0.5,0.5,0.5,0.6,1.0,0.5,34.499999,40,11,46.0,68.999999,22.042857,1,1,1096,0,ilp_v3,optimal,1,39.566288,34.494302,1.147038,0.040379,0.0,,0.040379,0.04173,3,0,0
rho\set96\rho_0.5.py,rho,96,rho,0.5,2,5,5,0.5,0.5,0.5,0.6,1.0,0.5,34.499999,40,11,46.0,68.999999,22.042857,1,1,1096,0,ilp_v4,optimal,1,45.905436,34.488848,1.331023,0.081934,0.0,,0.081934,0.093538,3,0,0
rho\set96\rho_0.5.py,rho,96,rho,0.5,2,5,5,0.5,0.5,0.5,0.6,1.0,0.5,34.499999,40,11,46.0,68.999999,22.042857,1,1,1096,0,greedy_sps_baseline,infeasible,0,,46.0,,0.000299,,over budget: E=46.0000 > B=34.5000,0.000299,0.000396,3,0,0
rho\set96\rho_0.6.py,rho,96,rho,0.6,2,5,5,0.5,0.5,0.6,0.6,1.0,0.5,41.399999,40,11,46.0,68.999999,22.042857,1,1,1096,0,ilp_v2,optimal,1,56.568955,41.374587,1.367239,0.057981,0.0,,0.057981,0.068194,3,0,0
rho\set96\rho_0.6.py,rho,96,rho,0.6,2,5,5,0.5,0.5,0.6,0.6,1.0,0.5,41.399999,40,11,46.0,68.999999,22.042857,1,1,1096,0,ilp_v3,optimal,1,51.351454,41.367473,1.241349,0.074565,3.7e-05,,0.074565,0.079476,3,0,0
rho\set96\rho_0.6.py,rho,96,rho,0.6,2,5,5,0.5,0.5,0.6,0.6,1.0,0.5,41.399999,40,11,46.0,68.999999,22.042857,1,1,1096,0,ilp_v4,optimal,1,60.573377,41.388041,1.463548,0.053755,0.0,,0.053755,0.064475,3,0,0
rho\set96\rho_0.6.py,rho,96,rho,0.6,2,5,5,0.5,0.5,0.6,0.6,1.0,0.5,41.399999,40,11,46.0,68.999999,22.042857,1,1,1096,0,greedy_sps_baseline,infeasible,0,,46.0,,0.000296,,over budget: E=46.0000 > B=41.4000,0.000296,0.000382,3,0,0
rho\set96\rho_0.7.py,rho,96,rho,0.7,2,5,5,0.5,0.5,0.7,0.6,1.0,0.5,48.299999,40,11,46.0,68.999999,22.042857,1,1,1096,0,ilp_v2,optimal,1,67.413374,48.261899,1.396824,0.015719,0.0,,0.015719,0.016531,3,0,0
rho\set96\rho_0.7.py,rho,96,rho,0.7,2,5,5,0.5,0.5,0.7,0.6,1.0,0.5,48.299999,40,11,46.0,68.999999,22.042857,1,1,1096,0,ilp_v3,optimal,1,52.323891,47.833035,1.093886,0.098234,0.0,,0.098234,0.11555,3,0,0
rho\set96\rho_0.7.py,rho,96,rho,0.7,2,5,5,0.5,0.5,0.7,0.6,1.0,0.5,48.299999,40,11,46.0,68.999999,22.042857,1,1,1096,0,ilp_v4,optimal,1,71.863133,48.244001,1.489577,0.047132,0.0,,0.047132,0.053244,3,0,0
rho\set96\rho_0.7.py,rho,96,rho,0.7,2,5,5,0.5,0.5,0.7,0.6,1.0,0.5,48.299999,40,11,46.0,68.999999,22.042857,1,1,1096,0,greedy_sps_baseline,solved,1,9.091155,48.291914,0.188254,0.000742,,,0.000742,0.000863,3,0,0
rho\set96\rho_0.8.py,rho,96,rho,0.8,2,5,5,0.5,0.5,0.8,0.6,1.0,0.5,55.199999,40,11,46.0,68.999999,22.042857,1,1,1096,0,ilp_v2,optimal,1,71.863133,54.494611,1.31872,0.006843,0.0,,0.006843,0.007303,3,0,0
rho\set96\rho_0.8.py,rho,96,rho,0.8,2,5,5,0.5,0.5,0.8,0.6,1.0,0.5,55.199999,40,11,46.0,68.999999,22.042857,1,1,1096,0,ilp_v3,optimal,1,71.863133,54.228847,1.325183,0.007481,0.0,,0.007481,0.007992,3,0,0
rho\set96\rho_0.8.py,rho,96,rho,0.8,2,5,5,0.5,0.5,0.8,0.6,1.0,0.5,55.199999,40,11,46.0,68.999999,22.042857,1,1,1096,0,ilp_v4,optimal,1,71.863133,54.821868,1.310848,0.02802,0.0,,0.02802,0.030833,3,0,0
rho\set96\rho_0.8.py,rho,96,rho,0.8,2,5,5,0.5,0.5,0.8,0.6,1.0,0.5,55.199999,40,11,46.0,68.999999,22.042857,1,1,1096,0,greedy_sps_baseline,solved,1,33.063656,55.157237,0.599444,0.00161,,,0.00161,0.001711,3,0,0
rho\set96\rho_0.9.py,rho,96,rho,0.9,2,5,5,0.5,0.5,0.9,0.6,1.0,0.5,62.099999,40,11,46.0,68.999999,22.042857,1,1,1096,0,ilp_v2,optimal,1,71.863133,60.444936,1.188902,0.003624,0.0,,0.003624,0.004161,3,0,0
rho\set96\rho_0.9.py,rho,96,rho,0.9,2,5,5,0.5,0.5,0.9,0.6,1.0,0.5,62.099999,40,11,46.0,68.999999,22.042857,1,1,1096,0,ilp_v3,optimal,1,65.359554,55.648052,1.174516,0.00786,0.0,,0.00786,0.008411,3,0,0
rho\set96\rho_0.9.py,rho,96,rho,0.9,2,5,5,0.5,0.5,0.9,0.6,1.0,0.5,62.099999,40,11,46.0,68.999999,22.042857,1,1,1096,0,ilp_v4,optimal,1,71.863133,60.444936,1.188902,0.013019,0.0,,0.013019,0.015444,3,0,0
rho\set96\rho_0.9.py,rho,96,rho,0.9,2,5,5,0.5,0.5,0.9,0.6,1.0,0.5,62.099999,40,11,46.0,68.999999,22.042857,1,1,1096,0,greedy_sps_baseline,solved,1,54.400392,62.072512,0.876401,0.001943,,,0.001943,0.002099,3,0,0
rho\set96\rho_1.py,rho,96,rho,1,2,5,5,0.5,0.5,1.0,0.6,1.0,0.5,68.999999,40,11,46.0,68.999999,22.042857,1,1,1096,0,ilp_v2,optimal,1,71.863133,68.999999,1.041495,0.003378,0.0,,0.003378,0.00457,3,0,0
rho\set96\rho_1.py,rho,96,rho,1,2,5,5,0.5,0.5,1.0,0.6,1.0,0.5,68.999999,40,11,46.0,68.999999,22.042857,1,1,1096,0,ilp_v3,optimal,1,68.941531,68.072941,1.01276,0.004841,0.0,,0.004841,0.004987,3,0,0
rho\set96\rho_1.py,rho,96,rho,1,2,5,5,0.5,0.5,1.0,0.6,1.0,0.5,68.999999,40,11,46.0,68.999999,22.042857,1,1,1096,0,ilp_v4,optimal,1,71.863133,68.999999,1.041495,0.009268,0.0,,0.009268,0.010112,3,0,0
rho\set96\rho_1.py,rho,96,rho,1,2,5,5,0.5,0.5,1.0,0.6,1.0,0.5,68.999999,40,11,46.0,68.999999,22.042857,1,1,1096,0,greedy_sps_baseline,solved,1,71.863133,68.999999,1.041495,0.001912,,,0.001912,0.002249,3,0,0
rho\set97\rho_0.2.py,rho,97,rho,0.2,2,5,5,0.5,0.5,0.2,0.6,1.0,0.5,13.8,40,9,45.999999,68.999998,22.042857,1,1,1097,0,ilp_v2,infeasible,0,,,,0.001827,,,0.001827,0.00225,3,0,0
rho\set97\rho_0.2.py,rho,97,rho,0.2,2,5,5,0.5,0.5,0.2,0.6,1.0,0.5,13.8,40,9,45.999999,68.999998,22.042857,1,1,1097,0,ilp_v3,infeasible,0,,,,0.001832,,,0.001832,0.00192,3,0,0
rho\set97\rho_0.2.py,rho,97,rho,0.2,2,5,5,0.5,0.5,0.2,0.6,1.0,0.5,13.8,40,9,45.999999,68.999998,22.042857,1,1,1097,0,ilp_v4,infeasible,0,,,,0.00186,,,0.00186,0.002028,3,0,0
rho\set97\rho_0.2.py,rho,97,rho,0.2,2,5,5,0.5,0.5,0.2,0.6,1.0,0.5,13.8,40,9,45.999999,68.999998,22.042857,1,1,1097,0,greedy_sps_baseline,infeasible,0,,45.999999,,0.000263,,over budget: E=46.0000 > B=13.8000,0.000263,0.00037,3,0,0
rho\set97\rho_0.3.py,rho,97,rho,0.3,2,5,5,0.5,0.5,0.3,0.6,1.0,0.5,20.699999,40,9,45.999999,68.999998,22.042857,1,1,1097,0,ilp_v2,infeasible,0,,,,0.001867,,,0.001867,0.002268,3,0,0
rho\set97\rho_0.3.py,rho,97,rho,0.3,2,5,5,0.5,0.5,0.3,0.6,1.0,0.5,20.699999,40,9,45.999999,68.999998,22.042857,1,1,1097,0,ilp_v3,infeasible,0,,,,0.001784,,,0.001784,0.001814,3,0,0
rho\set97\rho_0.3.py,rho,97,rho,0.3,2,5,5,0.5,0.5,0.3,0.6,1.0,0.5,20.699999,40,9,45.999999,68.999998,22.042857,1,1,1097,0,ilp_v4,infeasible,0,,,,0.001973,,,0.001973,0.002118,3,0,0
rho\set97\rho_0.3.py,rho,97,rho,0.3,2,5,5,0.5,0.5,0.3,0.6,1.0,0.5,20.699999,40,9,45.999999,68.999998,22.042857,1,1,1097,0,greedy_sps_baseline,infeasible,0,,45.999999,,0.000282,,over budget: E=46.0000 > B=20.7000,0.000282,0.000369,3,0,0
rho\set97\rho_0.4.py,rho,97,rho,0.4,2,5,5,0.5,0.5,0.4,0.6,1.0,0.5,27.599999,40,9,45.999999,68.999998,22.042857,1,1,1097,0,ilp_v2,optimal,1,7.795058,27.582872,0.282605,0.010304,0.0,,0.010304,0.011111,3,0,0
rho\set97\rho_0.4.py,rho,97,rho,0.4,2,5,5,0.5,0.5,0.4,0.6,1.0,0.5,27.599999,40,9,45.999999,68.999998,22.042857,1,1,1097,0,ilp_v3,optimal,1,7.795058,27.582872,0.282605,0.01036,0.0,,0.01036,0.011255,3,0,0
rho\set97\rho_0.4.py,rho,97,rho,0.4,2,5,5,0.5,0.5,0.4,0.6,1.0,0.5,27.599999,40,9,45.999999,68.999998,22.042857,1,1,1097,0,ilp_v4,optimal,1,21.317418,27.592301,0.772586,0.042816,0.0,,0.042816,0.049074,3,0,0
rho\set97\rho_0.4.py,rho,97,rho,0.4,2,5,5,0.5,0.5,0.4,0.6,1.0,0.5,27.599999,40,9,45.999999,68.999998,22.042857,1,1,1097,0,greedy_sps_baseline,infeasible,0,,45.999999,,0.000263,,over budget: E=46.0000 > B=27.6000,0.000263,0.000376,3,0,0
rho\set97\rho_0.5.py,rho,97,rho,0.5,2,5,5,0.5,0.5,0.5,0.6,1.0,0.5,34.499999,40,9,45.999999,68.999998,22.042857,1,1,1097,0,ilp_v2,optimal,1,35.324592,34.492323,1.024129,0.024894,0.0,,0.024894,0.030009,3,0,0
rho\set97\rho_0.5.py,rho,97,rho,0.5,2,5,5,0.5,0.5,0.5,0.6,1.0,0.5,34.499999,40,9,45.999999,68.999998,22.042857,1,1,1097,0,ilp_v3,optimal,1,49.404649,34.38895,1.436643,0.011245,5e-06,,0.011245,0.012395,3,0,0
rho\set97\rho_0.5.py,rho,97,rho,0.5,2,5,5,0.5,0.5,0.5,0.6,1.0,0.5,34.499999,40,9,45.999999,68.999998,22.042857,1,1,1097,0,ilp_v4,optimal,1,49.404649,34.38895,1.436643,0.037288,0.0,,0.037288,0.041295,3,0,0
rho\set97\rho_0.5.py,rho,97,rho,0.5,2,5,5,0.5,0.5,0.5,0.6,1.0,0.5,34.499999,40,9,45.999999,68.999998,22.042857,1,1,1097,0,greedy_sps_baseline,infeasible,0,,45.999999,,0.000273,,over budget: E=46.0000 > B=34.5000,0.000273,0.000363,3,0,0
rho\set97\rho_0.6.py,rho,97,rho,0.6,2,5,5,0.5,0.5,0.6,0.6,1.0,0.5,41.399999,40,9,45.999999,68.999998,22.042857,1,1,1097,0,ilp_v2,optimal,1,48.581297,41.369986,1.174313,0.030836,0.0,,0.030836,0.034662,3,0,0
rho\set97\rho_0.6.py,rho,97,rho,0.6,2,5,5,0.5,0.5,0.6,0.6,1.0,0.5,41.399999,40,9,45.999999,68.999998,22.042857,1,1,1097,0,ilp_v3,optimal,1,61.481626,41.367015,1.486248,0.011184,0.0,,0.011184,0.011699,3,0,0
rho\set97\rho_0.6.py,rho,97,rho,0.6,2,5,5,0.5,0.5,0.6,0.6,1.0,0.5,41.399999,40,9,45.999999,68.999998,22.042857,1,1,1097,0,ilp_v4,optimal,1,64.59155,41.341254,1.562399,0.036069,0.0,,0.036069,0.040326,3,0,0
rho\set97\rho_0.6.py,rho,97,rho,0.6,2,5,5,0.5,0.5,0.6,0.6,1.0,0.5,41.399999,40,9,45.999999,68.999998,22.042857,1,1,1097,0,greedy_sps_baseline,infeasible,0,,45.999999,,0.000258,,over budget: E=46.0000 > B=41.4000,0.000258,0.000394,3,0,0
rho\set97\rho_0.7.py,rho,97,rho,0.7,2,5,5,0.5,0.5,0.7,0.6,1.0,0.5,48.299998,40,9,45.999999,68.999998,22.042857,1,1,1097,0,ilp_v2,optimal,1,65.319046,47.5552,1.373542,0.016808,0.0,,0.016808,0.01735,3,0,0
rho\set97\rho_0.7.py,rho,97,rho,0.7,2,5,5,0.5,0.5,0.7,0.6,1.0,0.5,48.299998,40,9,45.999999,68.999998,22.042857,1,1,1097,0,ilp_v3,optimal,1,74.30626,48.235253,1.540497,0.014098,0.0,,0.014098,0.01455,3,0,0
rho\set97\rho_0.7.py,rho,97,rho,0.7,2,5,5,0.5,0.5,0.7,0.6,1.0,0.5,48.299998,40,9,45.999999,68.999998,22.042857,1,1,1097,0,ilp_v4,optimal,1,72.335656,48.18674,1.501153,0.072364,0.0,,0.072364,0.074462,3,0,0
rho\set97\rho_0.7.py,rho,97,rho,0.7,2,5,5,0.5,0.5,0.7,0.6,1.0,0.5,48.299998,40,9,45.999999,68.999998,22.042857,1,1,1097,0,greedy_sps_baseline,solved,1,7.552655,47.934345,0.157562,0.000645,,,0.000645,0.000819,3,0,0
rho\set97\rho_0.8.py,rho,97,rho,0.8,2,5,5,0.5,0.5,0.8,0.6,1.0,0.5,55.199998,40,9,45.999999,68.999998,22.042857,1,1,1097,0,ilp_v2,optimal,1,79.729261,55.199513,1.444383,0.015342,6e-06,,0.015342,0.01695,3,0,0
rho\set97\rho_0.8.py,rho,97,rho,0.8,2,5,5,0.5,0.5,0.8,0.6,1.0,0.5,55.199998,40,9,45.999999,68.999998,22.042857,1,1,1097,0,ilp_v3,optimal,1,82.839185,53.579279,1.546105,0.005052,0.0,,0.005052,0.005441,3,0,0
rho\set97\rho_0.8.py,rho,97,rho,0.8,2,5,5,0.5,0.5,0.8,0.6,1.0,0.5,55.199998,40,9,45.999999,68.999998,22.042857,1,1,1097,0,ilp_v4,optimal,1,82.839185,53.288697,1.554536,0.011548,0.0,,0.011548,0.013318,3,0,0
rho\set97\rho_0.8.py,rho,97,rho,0.8,2,5,5,0.5,0.5,0.8,0.6,1.0,0.5,55.199998,40,9,45.999999,68.999998,22.042857,1,1,1097,0,greedy_sps_baseline,solved,1,37.619511,55.140818,0.682244,0.000702,,,0.000702,0.0008,3,0,0
rho\set97\rho_0.9.py,rho,97,rho,0.9,2,5,5,0.5,0.5,0.9,0.6,1.0,0.5,62.099998,40,9,45.999999,68.999998,22.042857,1,1,1097,0,ilp_v2,optimal,1,82.839185,60.950835,1.359115,0.005005,0.0,,0.005005,0.005307,3,0,0
rho\set97\rho_0.9.py,rho,97,rho,0.9,2,5,5,0.5,0.5,0.9,0.6,1.0,0.5,62.099998,40,9,45.999999,68.999998,22.042857,1,1,1097,0,ilp_v3,optimal,1,82.839185,61.538427,1.346138,0.00459,0.0,,0.00459,0.005767,3,0,0
rho\set97\rho_0.9.py,rho,97,rho,0.9,2,5,5,0.5,0.5,0.9,0.6,1.0,0.5,62.099998,40,9,45.999999,68.999998,22.042857,1,1,1097,0,ilp_v4,optimal,1,82.839185,61.538427,1.346138,0.014346,0.0,,0.014346,0.014946,3,0,0
rho\set97\rho_0.9.py,rho,97,rho,0.9,2,5,5,0.5,0.5,0.9,0.6,1.0,0.5,62.099998,40,9,45.999999,68.999998,22.042857,1,1,1097,0,greedy_sps_baseline,solved,1,60.470565,61.654429,0.980798,0.000954,,,0.000954,0.001314,3,0,0
rho\set97\rho_1.py,rho,97,rho,1,2,5,5,0.5,0.5,1.0,0.6,1.0,0.5,68.999998,40,9,45.999999,68.999998,22.042857,1,1,1097,0,ilp_v2,optimal,1,82.839185,68.999998,1.200568,0.002343,0.0,,0.002343,0.002749,3,0,0
rho\set97\rho_1.py,rho,97,rho,1,2,5,5,0.5,0.5,1.0,0.6,1.0,0.5,68.999998,40,9,45.999999,68.999998,22.042857,1,1,1097,0,ilp_v3,optimal,1,82.839185,68.999998,1.200568,0.002334,0.0,,0.002334,0.002558,3,0,0
rho\set97\rho_1.py,rho,97,rho,1,2,5,5,0.5,0.5,1.0,0.6,1.0,0.5,68.999998,40,9,45.999999,68.999998,22.042857,1,1,1097,0,ilp_v4,optimal,1,82.839185,68.999998,1.200568,0.006573,0.0,,0.006573,0.006771,3,0,0
rho\set97\rho_1.py,rho,97,rho,1,2,5,5,0.5,0.5,1.0,0.6,1.0,0.5,68.999998,40,9,45.999999,68.999998,22.042857,1,1,1097,0,greedy_sps_baseline,solved,1,82.839185,68.999998,1.200568,0.001176,,,0.001176,0.001279,3,0,0
rho\set98\rho_0.2.py,rho,98,rho,0.2,2,5,5,0.5,0.5,0.2,0.6,1.0,0.5,13.8,40,15,46.000001,69.0,21.400001,1,1,1098,0,ilp_v2,infeasible,0,,,,0.00329,,,0.00329,0.003966,3,0,0
rho\set98\rho_0.2.py,rho,98,rho,0.2,2,5,5,0.5,0.5,0.2,0.6,1.0,0.5,13.8,40,15,46.000001,69.0,21.400001,1,1,1098,0,ilp_v3,infeasible,0,,,,0.00325,,,0.00325,0.003781,3,0,0
rho\set98\rho_0.2.py,rho,98,rho,0.2,2,5,5,0.5,0.5,0.2,0.6,1.0,0.5,13.8,40,15,46.000001,69.0,21.400001,1,1,1098,0,ilp_v4,infeasible,0,,,,0.003481,,,0.003481,0.003522,3,0,0
rho\set98\rho_0.2.py,rho,98,rho,0.2,2,5,5,0.5,0.5,0.2,0.6,1.0,0.5,13.8,40,15,46.000001,69.0,21.400001,1,1,1098,0,greedy_sps_baseline,infeasible,0,,46.000001,,0.000333,,over budget: E=46.0000 > B=13.8000,0.000333,0.000416,3,0,0
rho\set98\rho_0.3.py,rho,98,rho,0.3,2,5,5,0.5,0.5,0.3,0.6,1.0,0.5,20.7,40,15,46.000001,69.0,21.400001,1,1,1098,0,ilp_v2,infeasible,0,,,,0.003309,,,0.003309,0.003529,3,0,0
rho\set98\rho_0.3.py,rho,98,rho,0.3,2,5,5,0.5,0.5,0.3,0.6,1.0,0.5,20.7,40,15,46.000001,69.0,21.400001,1,1,1098,0,ilp_v3,infeasible,0,,,,0.003228,,,0.003228,0.00336,3,0,0
rho\set98\rho_0.3.py,rho,98,rho,0.3,2,5,5,0.5,0.5,0.3,0.6,1.0,0.5,20.7,40,15,46.000001,69.0,21.400001,1,1,1098,0,ilp_v4,infeasible,0,,,,0.003406,,,0.003406,0.004109,3,0,0
rho\set98\rho_0.3.py,rho,98,rho,0.3,2,5,5,0.5,0.5,0.3,0.6,1.0,0.5,20.7,40,15,46.000001,69.0,21.400001,1,1,1098,0,greedy_sps_baseline,infeasible,0,,46.000001,,0.00033,,over budget: E=46.0000 > B=20.7000,0.00033,0.000448,3,0,0
rho\set98\rho_0.4.py,rho,98,rho,0.4,2,5,5,0.5,0.5,0.4,0.6,1.0,0.5,27.6,40,15,46.000001,69.0,21.400001,1,1,1098,0,ilp_v2,optimal,1,16.556033,27.54084,0.601145,0.054162,0.0,,0.054162,0.057475,3,0,0
rho\set98\rho_0.4.py,rho,98,rho,0.4,2,5,5,0.5,0.5,0.4,0.6,1.0,0.5,27.6,40,15,46.000001,69.0,21.400001,1,1,1098,0,ilp_v3,optimal,1,16.556033,27.54084,0.601145,0.057353,0.0,,0.057353,0.062904,3,0,0
rho\set98\rho_0.4.py,rho,98,rho,0.4,2,5,5,0.5,0.5,0.4,0.6,1.0,0.5,27.6,40,15,46.000001,69.0,21.400001,1,1,1098,0,ilp_v4,optimal,1,21.314342,27.549541,0.773673,0.205537,0.0,,0.205537,0.215183,3,0,0
rho\set98\rho_0.4.py,rho,98,rho,0.4,2,5,5,0.5,0.5,0.4,0.6,1.0,0.5,27.6,40,15,46.000001,69.0,21.400001,1,1,1098,0,greedy_sps_baseline,infeasible,0,,46.000001,,0.000379,,over budget: E=46.0000 > B=27.6000,0.000379,0.000462,3,0,0
rho\set98\rho_0.5.py,rho,98,rho,0.5,2,5,5,0.5,0.5,0.5,0.6,1.0,0.5,34.5,40,15,46.000001,69.0,21.400001,1,1,1098,0,ilp_v2,optimal,1,43.307406,34.480037,1.256014,0.150227,0.0,,0.150227,0.1776,3,0,0
rho\set98\rho_0.5.py,rho,98,rho,0.5,2,5,5,0.5,0.5,0.5,0.6,1.0,0.5,34.5,40,15,46.000001,69.0,21.400001,1,1,1098,0,ilp_v3,optimal,1,43.307406,34.480037,1.256014,0.166573,0.0,,0.166573,0.190654,3,0,0
rho\set98\rho_0.5.py,rho,98,rho,0.5,2,5,5,0.5,0.5,0.5,0.6,1.0,0.5,34.5,40,15,46.000001,69.0,21.400001,1,1,1098,0,ilp_v4,optimal,1,43.597826,34.486765,1.26419,0.329136,0.0,,0.329136,0.373702,3,0,0
rho\set98\rho_0.5.py,rho,98,rho,0.5,2,5,5,0.5,0.5,0.5,0.6,1.0,0.5,34.5,40,15,46.000001,69.0,21.400001,1,1,1098,0,greedy_sps_baseline,infeasible,0,,46.000001,,0.000346,,over budget: E=46.0000 > B=34.5000,0.000346,0.000486,3,0,0
rho\set98\rho_0.6.py,rho,98,rho,0.6,2,5,5,0.5,0.5,0.6,0.6,1.0,0.5,41.4,40,15,46.000001,69.0,21.400001,1,1,1098,0,ilp_v2,optimal,1,60.42084,41.378613,1.460195,0.101121,0.0,,0.101121,0.103315,3,0,0
rho\set98\rho_0.6.py,rho,98,rho,0.6,2,5,5,0.5,0.5,0.6,0.6,1.0,0.5,41.4,40,15,46.000001,69.0,21.400001,1,1,1098,0,ilp_v3,optimal,1,60.58759,41.297431,1.467103,0.170745,0.0,,0.170745,0.183424,3,0,0
rho\set98\rho_0.6.py,rho,98,rho,0.6,2,5,5,0.5,0.5,0.6,0.6,1.0,0.5,41.4,40,15,46.000001,69.0,21.400001,1,1,1098,0,ilp_v4,optimal,1,60.42084,41.378613,1.460195,0.171697,0.0,,0.171697,0.212671,3,0,0
rho\set98\rho_0.6.py,rho,98,rho,0.6,2,5,5,0.5,0.5,0.6,0.6,1.0,0.5,41.4,40,15,46.000001,69.0,21.400001,1,1,1098,0,greedy_sps_baseline,infeasible,0,,46.000001,,0.000549,,over budget: E=46.0000 > B=41.4000,0.000549,0.00073,3,0,0
rho\set98\rho_0.7.py,rho,98,rho,0.7,2,5,5,0.5,0.5,0.7,0.6,1.0,0.5,48.3,40,15,46.000001,69.0,21.400001,1,1,1098,0,ilp_v2,optimal,1,69.968947,48.258155,1.449889,0.052091,0.0,,0.052091,0.055275,3,0,0
rho\set98\rho_0.7.py,rho,98,rho,0.7,2,5,5,0.5,0.5,0.7,0.6,1.0,0.5,48.3,40,15,46.000001,69.0,21.400001,1,1,1098,0,ilp_v3,optimal,1,70.490809,48.17075,1.463353,0.039672,0.0,,0.039672,0.043292,3,0,0
rho\set98\rho_0.7.py,rho,98,rho,0.7,2,5,5,0.5,0.5,0.7,0.6,1.0,0.5,48.3,40,15,46.000001,69.0,21.400001,1,1,1098,0,ilp_v4,optimal,1,71.13127,48.258046,1.473977,0.10902,0.0,,0.10902,0.135814,3,0,0
rho\set98\rho_0.7.py,rho,98,rho,0.7,2,5,5,0.5,0.5,0.7,0.6,1.0,0.5,48.3,40,15,46.000001,69.0,21.400001,1,1,1098,0,greedy_sps_baseline,solved,1,7.991465,48.094382,0.166162,0.001017,,,0.001017,0.001417,3,0,0
rho\set98\rho_0.8.py,rho,98,rho,0.8,2,5,5,0.5,0.5,0.8,0.6,1.0,0.5,55.2,40,15,46.000001,69.0,21.400001,1,1,1098,0,ilp_v2,optimal,1,71.13127,51.953673,1.369129,0.011993,0.0,,0.011993,0.012995,3,0,0
rho\set98\rho_0.8.py,rho,98,rho,0.8,2,5,5,0.5,0.5,0.8,0.6,1.0,0.5,55.2,40,15,46.000001,69.0,21.400001,1,1,1098,0,ilp_v3,optimal,1,71.13127,53.484417,1.329944,0.008171,0.0,,0.008171,0.008987,3,0,0
rho\set98\rho_0.8.py,rho,98,rho,0.8,2,5,5,0.5,0.5,0.8,0.6,1.0,0.5,55.2,40,15,46.000001,69.0,21.400001,1,1,1098,0,ilp_v4,optimal,1,71.13127,54.374872,1.308164,0.071124,0.0,,0.071124,0.073517,3,0,0
rho\set98\rho_0.8.py,rho,98,rho,0.8,2,5,5,0.5,0.5,0.8,0.6,1.0,0.5,55.2,40,15,46.000001,69.0,21.400001,1,1,1098,0,greedy_sps_baseline,solved,1,32.63628,55.178635,0.591466,0.00295,,,0.00295,0.003535,3,0,0
rho\set98\rho_0.9.py,rho,98,rho,0.9,2,5,5,0.5,0.5,0.9,0.6,1.0,0.5,62.1,40,15,46.000001,69.0,21.400001,1,1,1098,0,ilp_v2,optimal,1,71.13127,57.77051,1.231273,0.009157,0.0,,0.009157,0.010595,3,0,0
rho\set98\rho_0.9.py,rho,98,rho,0.9,2,5,5,0.5,0.5,0.9,0.6,1.0,0.5,62.1,40,15,46.000001,69.0,21.400001,1,1,1098,0,ilp_v3,optimal,1,71.13127,57.473661,1.237632,0.010431,0.0,,0.010431,0.011803,3,0,0
rho\set98\rho_0.9.py,rho,98,rho,0.9,2,5,5,0.5,0.5,0.9,0.6,1.0,0.5,62.1,40,15,46.000001,69.0,21.400001,1,1,1098,0,ilp_v4,optimal,1,71.13127,55.268774,1.287006,0.057971,0.0,,0.057971,0.060546,3,0,0
rho\set98\rho_0.9.py,rho,98,rho,0.9,2,5,5,0.5,0.5,0.9,0.6,1.0,0.5,62.1,40,15,46.000001,69.0,21.400001,1,1,1098,0,greedy_sps_baseline,solved,1,53.146374,62.017514,0.856958,0.004181,,,0.004181,0.00458,3,0,0
rho\set98\rho_1.py,rho,98,rho,1,2,5,5,0.5,0.5,1.0,0.6,1.0,0.5,69.0,40,15,46.000001,69.0,21.400001,1,1,1098,0,ilp_v2,optimal,1,71.13127,69.0,1.030888,0.005,0.0,,0.005,0.005172,3,0,0
rho\set98\rho_1.py,rho,98,rho,1,2,5,5,0.5,0.5,1.0,0.6,1.0,0.5,69.0,40,15,46.000001,69.0,21.400001,1,1,1098,0,ilp_v3,optimal,1,71.13127,69.0,1.030888,0.00501,0.0,,0.00501,0.005106,3,0,0
rho\set98\rho_1.py,rho,98,rho,1,2,5,5,0.5,0.5,1.0,0.6,1.0,0.5,69.0,40,15,46.000001,69.0,21.400001,1,1,1098,0,ilp_v4,optimal,1,71.13127,69.0,1.030888,0.021389,0.0,,0.021389,0.022584,3,0,0
rho\set98\rho_1.py,rho,98,rho,1,2,5,5,0.5,0.5,1.0,0.6,1.0,0.5,69.0,40,15,46.000001,69.0,21.400001,1,1,1098,0,greedy_sps_baseline,solved,1,71.13127,69.0,1.030888,0.005293,,,0.005293,0.005955,3,0,0
rho\set99\rho_0.2.py,rho,99,rho,0.2,2,5,5,0.5,0.5,0.2,0.6,1.0,0.5,13.8,40,11,45.999998,68.999999,21.433332,1,1,1099,0,ilp_v2,infeasible,0,,,,0.002,,,0.002,0.00278,3,0,0
rho\set99\rho_0.2.py,rho,99,rho,0.2,2,5,5,0.5,0.5,0.2,0.6,1.0,0.5,13.8,40,11,45.999998,68.999999,21.433332,1,1,1099,0,ilp_v3,infeasible,0,,,,0.002008,,,0.002008,0.002068,3,0,0
rho\set99\rho_0.2.py,rho,99,rho,0.2,2,5,5,0.5,0.5,0.2,0.6,1.0,0.5,13.8,40,11,45.999998,68.999999,21.433332,1,1,1099,0,ilp_v4,infeasible,0,,,,0.002081,,,0.002081,0.002527,3,0,0
rho\set99\rho_0.2.py,rho,99,rho,0.2,2,5,5,0.5,0.5,0.2,0.6,1.0,0.5,13.8,40,11,45.999998,68.999999,21.433332,1,1,1099,0,greedy_sps_baseline,infeasible,0,,45.999998,,0.000293,,over budget: E=46.0000 > B=13.8000,0.000293,0.000358,3,0,0
rho\set99\rho_0.3.py,rho,99,rho,0.3,2,5,5,0.5,0.5,0.3,0.6,1.0,0.5,20.7,40,11,45.999998,68.999999,21.433332,1,1,1099,0,ilp_v2,infeasible,0,,,,0.002034,,,0.002034,0.002786,3,0,0
rho\set99\rho_0.3.py,rho,99,rho,0.3,2,5,5,0.5,0.5,0.3,0.6,1.0,0.5,20.7,40,11,45.999998,68.999999,21.433332,1,1,1099,0,ilp_v3,infeasible,0,,,,0.002003,,,0.002003,0.002402,3,0,0
rho\set99\rho_0.3.py,rho,99,rho,0.3,2,5,5,0.5,0.5,0.3,0.6,1.0,0.5,20.7,40,11,45.999998,68.999999,21.433332,1,1,1099,0,ilp_v4,infeasible,0,,,,0.00209,,,0.00209,0.002157,3,0,0
rho\set99\rho_0.3.py,rho,99,rho,0.3,2,5,5,0.5,0.5,0.3,0.6,1.0,0.5,20.7,40,11,45.999998,68.999999,21.433332,1,1,1099,0,greedy_sps_baseline,infeasible,0,,45.999998,,0.000281,,over budget: E=46.0000 > B=20.7000,0.000281,0.000363,3,0,0
rho\set99\rho_0.4.py,rho,99,rho,0.4,2,5,5,0.5,0.5,0.4,0.6,1.0,0.5,27.6,40,11,45.999998,68.999999,21.433332,1,1,1099,0,ilp_v2,optimal,1,12.581779,27.516943,0.457238,0.025317,0.0,,0.025317,0.027728,3,0,0
rho\set99\rho_0.4.py,rho,99,rho,0.4,2,5,5,0.5,0.5,0.4,0.6,1.0,0.5,27.6,40,11,45.999998,68.999999,21.433332,1,1,1099,0,ilp_v3,optimal,1,12.581779,27.516943,0.457238,0.025008,0.0,,0.025008,0.026351,3,0,0
rho\set99\rho_0.4.py,rho,99,rho,0.4,2,5,5,0.5,0.5,0.4,0.6,1.0,0.5,27.6,40,11,45.999998,68.999999,21.433332,1,1,1099,0,ilp_v4,optimal,1,25.473817,27.598047,0.92303,0.062878,0.0,,0.062878,0.066227,3,0,0
rho\set99\rho_0.4.py,rho,99,rho,0.4,2,5,5,0.5,0.5,0.4,0.6,1.0,0.5,27.6,40,11,45.999998,68.999999,21.433332,1,1,1099,0,greedy_sps_baseline,infeasible,0,,45.999998,,0.000282,,over budget: E=46.0000 > B=27.6000,0.000282,0.0005,3,0,0
rho\set99\rho_0.5.py,rho,99,rho,0.5,2,5,5,0.5,0.5,0.5,0.6,1.0,0.5,34.499999,40,11,45.999998,68.999999,21.433332,1,1,1099,0,ilp_v2,optimal,1,36.41326,34.498404,1.055506,0.023508,6.1e-05,,0.023508,0.025186,3,0,0
rho\set99\rho_0.5.py,rho,99,rho,0.5,2,5,5,0.5,0.5,0.5,0.6,1.0,0.5,34.499999,40,11,45.999998,68.999999,21.433332,1,1,1099,0,ilp_v3,optimal,1,43.847016,34.351836,1.27641,0.033976,0.0,,0.033976,0.036454,3,0,0
rho\set99\rho_0.5.py,rho,99,rho,0.5,2,5,5,0.5,0.5,0.5,0.6,1.0,0.5,34.499999,40,11,45.999998,68.999999,21.433332,1,1,1099,0,ilp_v4,optimal,1,46.193607,34.461499,1.340441,0.168946,0.0,,0.168946,0.19139,3,0,0
rho\set99\rho_0.5.py,rho,99,rho,0.5,2,5,5,0.5,0.5,0.5,0.6,1.0,0.5,34.499999,40,11,45.999998,68.999999,21.433332,1,1,1099,0,greedy_sps_baseline,infeasible,0,,45.999998,,0.000394,,over budget: E=46.0000 > B=34.5000,0.000394,0.00053,3,0,0
rho\set99\rho_0.6.py,rho,99,rho,0.6,2,5,5,0.5,0.5,0.6,0.6,1.0,0.5,41.399999,40,11,45.999998,68.999999,21.433332,1,1,1099,0,ilp_v2,optimal,1,51.386771,41.100263,1.250278,0.045427,0.0,,0.045427,0.052215,3,0,0
rho\set99\rho_0.6.py,rho,99,rho,0.6,2,5,5,0.5,0.5,0.6,0.6,1.0,0.5,41.399999,40,11,45.999998,68.999999,21.433332,1,1,1099,0,ilp_v3,optimal,1,58.582754,41.308855,1.418165,0.020206,0.0,,0.020206,0.02137,3,0,0
rho\set99\rho_0.6.py,rho,99,rho,0.6,2,5,5,0.5,0.5,0.6,0.6,1.0,0.5,41.399999,40,11,45.999998,68.999999,21.433332,1,1,1099,0,ilp_v4,optimal,1,60.533821,41.372259,1.46315,0.145337,0.0,,0.145337,0.190992,3,0,0
rho\set99\rho_0.6.py,rho,99,rho,0.6,2,5,5,0.5,0.5,0.6,0.6,1.0,0.5,41.399999,40,11,45.999998,68.999999,21.433332,1,1,1099,0,greedy_sps_baseline,infeasible,0,,45.999998,,0.000487,,over budget: E=46.0000 > B=41.4000,0.000487,0.000635,3,0,0
rho\set99\rho_0.7.py,rho,99,rho,0.7,2,5,5,0.5,0.5,0.7,0.6,1.0,0.5,48.299999,40,11,45.999998,68.999999,21.433332,1,1,1099,0,ilp_v2,optimal,1,62.627818,48.287832,1.296969,0.018536,0.0,,0.018536,0.023231,3,0,0
rho\set99\rho_0.7.py,rho,99,rho,0.7,2,5,5,0.5,0.5,0.7,0.6,1.0,0.5,48.299999,40,11,45.999998,68.999999,21.433332,1,1,1099,0,ilp_v3,optimal,1,67.484713,48.285213,1.397627,0.023894,0.0,,0.023894,0.024536,3,0,0
rho\set99\rho_0.7.py,rho,99,rho,0.7,2,5,5,0.5,0.5,0.7,0.6,1.0,0.5,48.299999,40,11,45.999998,68.999999,21.433332,1,1,1099,0,ilp_v4,optimal,1,68.733572,48.242657,1.424747,0.045508,0.0,,0.045508,0.048244,3,0,0
rho\set99\rho_0.7.py,rho,99,rho,0.7,2,5,5,0.5,0.5,0.7,0.6,1.0,0.5,48.299999,40,11,45.999998,68.999999,21.433332,1,1,1099,0,greedy_sps_baseline,solved,1,8.846647,48.08186,0.183991,0.001047,,,0.001047,0.001655,3,0,0
rho\set99\rho_0.8.py,rho,99,rho,0.8,2,5,5,0.5,0.5,0.8,0.6,1.0,0.5,55.199999,40,11,45.999998,68.999999,21.433332,1,1,1099,0,ilp_v2,optimal,1,67.95619,55.056011,1.23431,0.022204,0.0,,0.022204,0.022966,3,0,0
rho\set99\rho_0.8.py,rho,99,rho,0.8,2,5,5,0.5,0.5,0.8,0.6,1.0,0.5,55.199999,40,11,45.999998,68.999999,21.433332,1,1,1099,0,ilp_v3,optimal,1,69.20505,54.826211,1.262262,0.007464,0.0,,0.007464,0.007895,3,0,0
rho\set99\rho_0.8.py,rho,99,rho,0.8,2,5,5,0.5,0.5,0.8,0.6,1.0,0.5,55.199999,40,11,45.999998,68.999999,21.433332,1,1,1099,0,ilp_v4,optimal,1,69.20505,53.586808,1.291457,0.020629,0.0,,0.020629,0.022357,3,0,0
rho\set99\rho_0.8.py,rho,99,rho,0.8,2,5,5,0.5,0.5,0.8,0.6,1.0,0.5,55.199999,40,11,45.999998,68.999999,21.433332,1,1,1099,0,greedy_sps_baseline,solved,1,32.830714,55.104267,0.595793,0.001385,,,0.001385,0.001518,3,0,0
rho\set99\rho_0.9.py,rho,99,rho,0.9,2,5,5,0.5,0.5,0.9,0.6,1.0,0.5,62.099999,40,11,45.999998,68.999999,21.433332,1,1,1099,0,ilp_v2,optimal,1,68.733572,59.904193,1.147392,0.00658,0.0,,0.00658,0.007366,3,0,0
rho\set99\rho_0.9.py,rho,99,rho,0.9,2,5,5,0.5,0.5,0.9,0.6,1.0,0.5,62.099999,40,11,45.999998,68.999999,21.433332,1,1,1099,0,ilp_v3,optimal,1,68.733572,55.48872,1.238695,0.007084,0.0,,0.007084,0.007428,3,0,0
rho\set99\rho_0.9.py,rho,99,rho,0.9,2,5,5,0.5,0.5,0.9,0.6,1.0,0.5,62.099999,40,11,45.999998,68.999999,21.433332,1,1,1099,0,ilp_v4,optimal,1,69.20505,49.592595,1.395471,0.016668,0.0,,0.016668,0.025807,3,0,0
rho\set99\rho_0.9.py,rho,99,rho,0.9,2,5,5,0.5,0.5,0.9,0.6,1.0,0.5,62.099999,40,11,45.999998,68.999999,21.433332,1,1,1099,0,greedy_sps_baseline,solved,1,56.827968,62.091434,0.91523,0.001632,,,0.001632,0.00198,3,0,0
rho\set99\rho_1.py,rho,99,rho,1,2,5,5,0.5,0.5,1.0,0.6,1.0,0.5,68.999999,40,11,45.999998,68.999999,21.433332,1,1,1099,0,ilp_v2,optimal,1,68.733572,67.927376,1.011869,0.003648,0.0,,0.003648,0.004419,3,0,0
rho\set99\rho_1.py,rho,99,rho,1,2,5,5,0.5,0.5,1.0,0.6,1.0,0.5,68.999999,40,11,45.999998,68.999999,21.433332,1,1,1099,0,ilp_v3,optimal,1,69.20505,68.999999,1.002972,0.003518,0.0,,0.003518,0.003724,3,0,0
rho\set99\rho_1.py,rho,99,rho,1,2,5,5,0.5,0.5,1.0,0.6,1.0,0.5,68.999999,40,11,45.999998,68.999999,21.433332,1,1,1099,0,ilp_v4,optimal,1,69.20505,68.999999,1.002972,0.009524,0.0,,0.009524,0.010749,3,0,0
rho\set99\rho_1.py,rho,99,rho,1,2,5,5,0.5,0.5,1.0,0.6,1.0,0.5,68.999999,40,11,45.999998,68.999999,21.433332,1,1,1099,0,greedy_sps_baseline,solved,1,67.505621,68.041846,0.992119,0.002105,,,0.002105,0.002604,3,0,0
