file,sweep,set,factor,value,n_prc,n_tsk,n_frq,u_mand_factor,u_opt_factor,rho,xi,U_M,U_O,B,H,J,e_mand_fmax,e_full_fmax,e_mand_min,feasible,donate_ok,seed,redraws
rho\set00\rho_0.2.py,rho,0,rho,0.2,2,5,5,0.5,0.5,0.2,0.6,1.0,0.5,13.800001,40,13,46.000002,69.000005,22.042858,1,1,1000,0
rho\set00\rho_0.3.py,rho,0,rho,0.3,2,5,5,0.5,0.5,0.3,0.6,1.0,0.5,20.700001,40,13,46.000002,69.000005,22.042858,1,1,1000,0
rho\set00\rho_0.4.py,rho,0,rho,0.4,2,5,5,0.5,0.5,0.4,0.6,1.0,0.5,27.600002,40,13,46.000002,69.000005,22.042858,1,1,1000,0
rho\set00\rho_0.5.py,rho,0,rho,0.5,2,5,5,0.5,0.5,0.5,0.6,1.0,0.5,34.500002,40,13,46.000002,69.000005,22.042858,1,1,1000,0
rho\set00\rho_0.6.py,rho,0,rho,0.6,2,5,5,0.5,0.5,0.6,0.6,1.0,0.5,41.400003,40,13,46.000002,69.000005,22.042858,1,1,1000,0
rho\set00\rho_0.7.py,rho,0,rho,0.7,2,5,5,0.5,0.5,0.7,0.6,1.0,0.5,48.300003,40,13,46.000002,69.000005,22.042858,1,1,1000,0
rho\set00\rho_0.8.py,rho,0,rho,0.8,2,5,5,0.5,0.5,0.8,0.6,1.0,0.5,55.200004,40,13,46.000002,69.000005,22.042858,1,1,1000,0
rho\set00\rho_0.9.py,rho,0,rho,0.9,2,5,5,0.5,0.5,0.9,0.6,1.0,0.5,62.100004,40,13,46.000002,69.000005,22.042858,1,1,1000,0
rho\set00\rho_1.py,rho,0,rho,1,2,5,5,0.5,0.5,1.0,0.6,1.0,0.5,69.000005,40,13,46.000002,69.000005,22.042858,1,1,1000,0
rho\set01\rho_0.2.py,rho,1,rho,0.2,2,5,5,0.5,0.5,0.2,0.6,1.0,0.5,13.800001,40,13,46.000002,69.000003,21.433334,1,1,1001,0
rho\set01\rho_0.3.py,rho,1,rho,0.3,2,5,5,0.5,0.5,0.3,0.6,1.0,0.5,20.700001,40,13,46.000002,69.000003,21.433334,1,1,1001,0
rho\set01\rho_0.4.py,rho,1,rho,0.4,2,5,5,0.5,0.5,0.4,0.6,1.0,0.5,27.600001,40,13,46.000002,69.000003,21.433334,1,1,1001,0
rho\set01\rho_0.5.py,rho,1,rho,0.5,2,5,5,0.5,0.5,0.5,0.6,1.0,0.5,34.500002,40,13,46.000002,69.000003,21.433334,1,1,1001,0
rho\set01\rho_0.6.py,rho,1,rho,0.6,2,5,5,0.5,0.5,0.6,0.6,1.0,0.5,41.400002,40,13,46.000002,69.000003,21.433334,1,1,1001,0
rho\set01\rho_0.7.py,rho,1,rho,0.7,2,5,5,0.5,0.5,0.7,0.6,1.0,0.5,48.300002,40,13,46.000002,69.000003,21.433334,1,1,1001,0
rho\set01\rho_0.8.py,rho,1,rho,0.8,2,5,5,0.5,0.5,0.8,0.6,1.0,0.5,55.200003,40,13,46.000002,69.000003,21.433334,1,1,1001,0
rho\set01\rho_0.9.py,rho,1,rho,0.9,2,5,5,0.5,0.5,0.9,0.6,1.0,0.5,62.100003,40,13,46.000002,69.000003,21.433334,1,1,1001,0
rho\set01\rho_1.py,rho,1,rho,1,2,5,5,0.5,0.5,1.0,0.6,1.0,0.5,69.000003,40,13,46.000002,69.000003,21.433334,1,1,1001,0
rho\set02\rho_0.2.py,rho,2,rho,0.2,2,5,5,0.5,0.5,0.2,0.6,1.0,0.5,13.799999,40,11,46.000001,68.999997,21.400001,1,1,1002,0
rho\set02\rho_0.3.py,rho,2,rho,0.3,2,5,5,0.5,0.5,0.3,0.6,1.0,0.5,20.699999,40,11,46.000001,68.999997,21.400001,1,1,1002,0
rho\set02\rho_0.4.py,rho,2,rho,0.4,2,5,5,0.5,0.5,0.4,0.6,1.0,0.5,27.599999,40,11,46.000001,68.999997,21.400001,1,1,1002,0
rho\set02\rho_0.5.py,rho,2,rho,0.5,2,5,5,0.5,0.5,0.5,0.6,1.0,0.5,34.499998,40,11,46.000001,68.999997,21.400001,1,1,1002,0
rho\set02\rho_0.6.py,rho,2,rho,0.6,2,5,5,0.5,0.5,0.6,0.6,1.0,0.5,41.399998,40,11,46.000001,68.999997,21.400001,1,1,1002,0
rho\set02\rho_0.7.py,rho,2,rho,0.7,2,5,5,0.5,0.5,0.7,0.6,1.0,0.5,48.299998,40,11,46.000001,68.999997,21.400001,1,1,1002,0
rho\set02\rho_0.8.py,rho,2,rho,0.8,2,5,5,0.5,0.5,0.8,0.6,1.0,0.5,55.199997,40,11,46.000001,68.999997,21.400001,1,1,1002,0
rho\set02\rho_0.9.py,rho,2,rho,0.9,2,5,5,0.5,0.5,0.9,0.6,1.0,0.5,62.099997,40,11,46.000001,68.999997,21.400001,1,1,1002,0
rho\set02\rho_1.py,rho,2,rho,1,2,5,5,0.5,0.5,1.0,0.6,1.0,0.5,68.999997,40,11,46.000001,68.999997,21.400001,1,1,1002,0
rho\set03\rho_0.2.py,rho,3,rho,0.2,2,5,5,0.5,0.5,0.2,0.6,1.0,0.5,13.8,40,10,46.0,68.999999,21.433333,1,1,1003,0
rho\set03\rho_0.3.py,rho,3,rho,0.3,2,5,5,0.5,0.5,0.3,0.6,1.0,0.5,20.7,40,10,46.0,68.999999,21.433333,1,1,1003,0
rho\set03\rho_0.4.py,rho,3,rho,0.4,2,5,5,0.5,0.5,0.4,0.6,1.0,0.5,27.6,40,10,46.0,68.999999,21.433333,1,1,1003,0
rho\set03\rho_0.5.py,rho,3,rho,0.5,2,5,5,0.5,0.5,0.5,0.6,1.0,0.5,34.499999,40,10,46.0,68.999999,21.433333,1,1,1003,0
rho\set03\rho_0.6.py,rho,3,rho,0.6,2,5,5,0.5,0.5,0.6,0.6,1.0,0.5,41.399999,40,10,46.0,68.999999,21.433333,1,1,1003,0
rho\set03\rho_0.7.py,rho,3,rho,0.7,2,5,5,0.5,0.5,0.7,0.6,1.0,0.5,48.299999,40,10,46.0,68.999999,21.433333,1,1,1003,0
rho\set03\rho_0.8.py,rho,3,rho,0.8,2,5,5,0.5,0.5,0.8,0.6,1.0,0.5,55.199999,40,10,46.0,68.999999,21.433333,1,1,1003,0
rho\set03\rho_0.9.py,rho,3,rho,0.9,2,5,5,0.5,0.5,0.9,0.6,1.0,0.5,62.099999,40,10,46.0,68.999999,21.433333,1,1,1003,0
rho\set03\rho_1.py,rho,3,rho,1,2,5,5,0.5,0.5,1.0,0.6,1.0,0.5,68.999999,40,10,46.0,68.999999,21.433333,1,1,1003,0
rho\set04\rho_0.2.py,rho,4,rho,0.2,2,5,5,0.5,0.5,0.2,0.6,1.0,0.5,13.800001,40,13,46.000002,69.000003,22.042858,1,1,1004,0
rho\set04\rho_0.3.py,rho,4,rho,0.3,2,5,5,0.5,0.5,0.3,0.6,1.0,0.5,20.700001,40,13,46.000002,69.000003,22.042858,1,1,1004,0
rho\set04\rho_0.4.py,rho,4,rho,0.4,2,5,5,0.5,0.5,0.4,0.6,1.0,0.5,27.600001,40,13,46.000002,69.000003,22.042858,1,1,1004,0
rho\set04\rho_0.5.py,rho,4,rho,0.5,2,5,5,0.5,0.5,0.5,0.6,1.0,0.5,34.500002,40,13,46.000002,69.000003,22.042858,1,1,1004,0
rho\set04\rho_0.6.py,rho,4,rho,0.6,2,5,5,0.5,0.5,0.6,0.6,1.0,0.5,41.400002,40,13,46.000002,69.000003,22.042858,1,1,1004,0
rho\set04\rho_0.7.py,rho,4,rho,0.7,2,5,5,0.5,0.5,0.7,0.6,1.0,0.5,48.300002,40,13,46.000002,69.000003,22.042858,1,1,1004,0
rho\set04\rho_0.8.py,rho,4,rho,0.8,2,5,5,0.5,0.5,0.8,0.6,1.0,0.5,55.200003,40,13,46.000002,69.000003,22.042858,1,1,1004,0
rho\set04\rho_0.9.py,rho,4,rho,0.9,2,5,5,0.5,0.5,0.9,0.6,1.0,0.5,62.100003,40,13,46.000002,69.000003,22.042858,1,1,1004,0
rho\set04\rho_1.py,rho,4,rho,1,2,5,5,0.5,0.5,1.0,0.6,1.0,0.5,69.000003,40,13,46.000002,69.000003,22.042858,1,1,1004,0
rho\set05\rho_0.2.py,rho,5,rho,0.2,2,5,5,0.5,0.5,0.2,0.6,1.0,0.5,13.8,40,10,46.0,68.999999,24.4,1,1,1005,0
rho\set05\rho_0.3.py,rho,5,rho,0.3,2,5,5,0.5,0.5,0.3,0.6,1.0,0.5,20.7,40,10,46.0,68.999999,24.4,1,1,1005,0
rho\set05\rho_0.4.py,rho,5,rho,0.4,2,5,5,0.5,0.5,0.4,0.6,1.0,0.5,27.6,40,10,46.0,68.999999,24.4,1,1,1005,0
rho\set05\rho_0.5.py,rho,5,rho,0.5,2,5,5,0.5,0.5,0.5,0.6,1.0,0.5,34.499999,40,10,46.0,68.999999,24.4,1,1,1005,0
rho\set05\rho_0.6.py,rho,5,rho,0.6,2,5,5,0.5,0.5,0.6,0.6,1.0,0.5,41.399999,40,10,46.0,68.999999,24.4,1,1,1005,0
rho\set05\rho_0.7.py,rho,5,rho,0.7,2,5,5,0.5,0.5,0.7,0.6,1.0,0.5,48.299999,40,10,46.0,68.999999,24.4,1,1,1005,0
rho\set05\rho_0.8.py,rho,5,rho,0.8,2,5,5,0.5,0.5,0.8,0.6,1.0,0.5,55.199999,40,10,46.0,68.999999,24.4,1,1,1005,0
rho\set05\rho_0.9.py,rho,5,rho,0.9,2,5,5,0.5,0.5,0.9,0.6,1.0,0.5,62.099999,40,10,46.0,68.999999,24.4,1,1,1005,0
rho\set05\rho_1.py,rho,5,rho,1,2,5,5,0.5,0.5,1.0,0.6,1.0,0.5,68.999999,40,10,46.0,68.999999,24.4,1,1,1005,0
rho\set06\rho_0.2.py,rho,6,rho,0.2,2,5,5,0.5,0.5,0.2,0.6,1.0,0.5,13.8,40,10,46.000002,69.000002,21.433334,1,1,1006,0
rho\set06\rho_0.3.py,rho,6,rho,0.3,2,5,5,0.5,0.5,0.3,0.6,1.0,0.5,20.700001,40,10,46.000002,69.000002,21.433334,1,1,1006,0
rho\set06\rho_0.4.py,rho,6,rho,0.4,2,5,5,0.5,0.5,0.4,0.6,1.0,0.5,27.600001,40,10,46.000002,69.000002,21.433334,1,1,1006,0
rho\set06\rho_0.5.py,rho,6,rho,0.5,2,5,5,0.5,0.5,0.5,0.6,1.0,0.5,34.500001,40,10,46.000002,69.000002,21.433334,1,1,1006,0
rho\set06\rho_0.6.py,rho,6,rho,0.6,2,5,5,0.5,0.5,0.6,0.6,1.0,0.5,41.400001,40,10,46.000002,69.000002,21.433334,1,1,1006,0
rho\set06\rho_0.7.py,rho,6,rho,0.7,2,5,5,0.5,0.5,0.7,0.6,1.0,0.5,48.300002,40,10,46.000002,69.000002,21.433334,1,1,1006,0
rho\set06\rho_0.8.py,rho,6,rho,0.8,2,5,5,0.5,0.5,0.8,0.6,1.0,0.5,55.200002,40,10,46.000002,69.000002,21.433334,1,1,1006,0
rho\set06\rho_0.9.py,rho,6,rho,0.9,2,5,5,0.5,0.5,0.9,0.6,1.0,0.5,62.100002,40,10,46.000002,69.000002,21.433334,1,1,1006,0
rho\set06\rho_1.py,rho,6,rho,1,2,5,5,0.5,0.5,1.0,0.6,1.0,0.5,69.000002,40,10,46.000002,69.000002,21.433334,1,1,1006,0
rho\set07\rho_0.2.py,rho,7,rho,0.2,2,5,5,0.5,0.5,0.2,0.6,1.0,0.5,13.799999,40,9,45.999999,68.999997,21.399999,1,1,1007,0
rho\set07\rho_0.3.py,rho,7,rho,0.3,2,5,5,0.5,0.5,0.3,0.6,1.0,0.5,20.699999,40,9,45.999999,68.999997,21.399999,1,1,1007,0
rho\set07\rho_0.4.py,rho,7,rho,0.4,2,5,5,0.5,0.5,0.4,0.6,1.0,0.5,27.599999,40,9,45.999999,68.999997,21.399999,1,1,1007,0
rho\set07\rho_0.5.py,rho,7,rho,0.5,2,5,5,0.5,0.5,0.5,0.6,1.0,0.5,34.499998,40,9,45.999999,68.999997,21.399999,1,1,1007,0
rho\set07\rho_0.6.py,rho,7,rho,0.6,2,5,5,0.5,0.5,0.6,0.6,1.0,0.5,41.399998,40,9,45.999999,68.999997,21.399999,1,1,1007,0
rho\set07\rho_0.7.py,rho,7,rho,0.7,2,5,5,0.5,0.5,0.7,0.6,1.0,0.5,48.299998,40,9,45.999999,68.999997,21.399999,1,1,1007,0
rho\set07\rho_0.8.py,rho,7,rho,0.8,2,5,5,0.5,0.5,0.8,0.6,1.0,0.5,55.199997,40,9,45.999999,68.999997,21.399999,1,1,1007,0
rho\set07\rho_0.9.py,rho,7,rho,0.9,2,5,5,0.5,0.5,0.9,0.6,1.0,0.5,62.099997,40,9,45.999999,68.999997,21.399999,1,1,1007,0
rho\set07\rho_1.py,rho,7,rho,1,2,5,5,0.5,0.5,1.0,0.6,1.0,0.5,68.999997,40,9,45.999999,68.999997,21.399999,1,1,1007,0
rho\set08\rho_0.2.py,rho,8,rho,0.2,2,5,5,0.5,0.5,0.2,0.6,1.0,0.5,13.8,40,9,46.000002,69.0,22.042858,1,1,1008,0
rho\set08\rho_0.3.py,rho,8,rho,0.3,2,5,5,0.5,0.5,0.3,0.6,1.0,0.5,20.7,40,9,46.000002,69.0,22.042858,1,1,1008,0
rho\set08\rho_0.4.py,rho,8,rho,0.4,2,5,5,0.5,0.5,0.4,0.6,1.0,0.5,27.6,40,9,46.000002,69.0,22.042858,1,1,1008,0
rho\set08\rho_0.5.py,rho,8,rho,0.5,2,5,5,0.5,0.5,0.5,0.6,1.0,0.5,34.5,40,9,46.000002,69.0,22.042858,1,1,1008,0
rho\set08\rho_0.6.py,rho,8,rho,0.6,2,5,5,0.5,0.5,0.6,0.6,1.0,0.5,41.4,40,9,46.000002,69.0,22.042858,1,1,1008,0
rho\set08\rho_0.7.py,rho,8,rho,0.7,2,5,5,0.5,0.5,0.7,0.6,1.0,0.5,48.3,40,9,46.000002,69.0,22.042858,1,1,1008,0
rho\set08\rho_0.8.py,rho,8,rho,0.8,2,5,5,0.5,0.5,0.8,0.6,1.0,0.5,55.2,40,9,46.000002,69.0,22.042858,1,1,1008,0
rho\set08\rho_0.9.py,rho,8,rho,0.9,2,5,5,0.5,0.5,0.9,0.6,1.0,0.5,62.1,40,9,46.000002,69.0,22.042858,1,1,1008,0
rho\set08\rho_1.py,rho,8,rho,1,2,5,5,0.5,0.5,1.0,0.6,1.0,0.5,69.0,40,9,46.000002,69.0,22.042858,1,1,1008,0
rho\set09\rho_0.2.py,rho,9,rho,0.2,2,5,5,0.5,0.5,0.2,0.6,1.0,0.5,13.799999,40,12,45.999999,68.999995,21.399999,1,1,1009,0
rho\set09\rho_0.3.py,rho,9,rho,0.3,2,5,5,0.5,0.5,0.3,0.6,1.0,0.5,20.699999,40,12,45.999999,68.999995,21.399999,1,1,1009,0
rho\set09\rho_0.4.py,rho,9,rho,0.4,2,5,5,0.5,0.5,0.4,0.6,1.0,0.5,27.599998,40,12,45.999999,68.999995,21.399999,1,1,1009,0
rho\set09\rho_0.5.py,rho,9,rho,0.5,2,5,5,0.5,0.5,0.5,0.6,1.0,0.5,34.499998,40,12,45.999999,68.999995,21.399999,1,1,1009,0
rho\set09\rho_0.6.py,rho,9,rho,0.6,2,5,5,0.5,0.5,0.6,0.6,1.0,0.5,41.399997,40,12,45.999999,68.999995,21.399999,1,1,1009,0
rho\set09\rho_0.7.py,rho,9,rho,0.7,2,5,5,0.5,0.5,0.7,0.6,1.0,0.5,48.299997,40,12,45.999999,68.999995,21.399999,1,1,1009,0
rho\set09\rho_0.8.py,rho,9,rho,0.8,2,5,5,0.5,0.5,0.8,0.6,1.0,0.5,55.199996,40,12,45.999999,68.999995,21.399999,1,1,1009,0
rho\set09\rho_0.9.py,rho,9,rho,0.9,2,5,5,0.5,0.5,0.9,0.6,1.0,0.5,62.099996,40,12,45.999999,68.999995,21.399999,1,1,1009,0
rho\set09\rho_1.py,rho,9,rho,1,2,5,5,0.5,0.5,1.0,0.6,1.0,0.5,68.999995,40,12,45.999999,68.999995,21.399999,1,1,1009,0
rho\set10\rho_0.2.py,rho,10,rho,0.2,2,5,5,0.5,0.5,0.2,0.6,1.0,0.5,13.799999,40,11,45.999998,68.999995,21.433332,1,1,1010,0
rho\set10\rho_0.3.py,rho,10,rho,0.3,2,5,5,0.5,0.5,0.3,0.6,1.0,0.5,20.699999,40,11,45.999998,68.999995,21.433332,1,1,1010,0
rho\set10\rho_0.4.py,rho,10,rho,0.4,2,5,5,0.5,0.5,0.4,0.6,1.0,0.5,27.599998,40,11,45.999998,68.999995,21.433332,1,1,1010,0
rho\set10\rho_0.5.py,rho,10,rho,0.5,2,5,5,0.5,0.5,0.5,0.6,1.0,0.5,34.499998,40,11,45.999998,68.999995,21.433332,1,1,1010,0
rho\set10\rho_0.6.py,rho,10,rho,0.6,2,5,5,0.5,0.5,0.6,0.6,1.0,0.5,41.399997,40,11,45.999998,68.999995,21.433332,1,1,1010,0
rho\set10\rho_0.7.py,rho,10,rho,0.7,2,5,5,0.5,0.5,0.7,0.6,1.0,0.5,48.299997,40,11,45.999998,68.999995,21.433332,1,1,1010,0
rho\set10\rho_0.8.py,rho,10,rho,0.8,2,5,5,0.5,0.5,0.8,0.6,1.0,0.5,55.199996,40,11,45.999998,68.999995,21.433332,1,1,1010,0
rho\set10\rho_0.9.py,rho,10,rho,0.9,2,5,5,0.5,0.5,0.9,0.6,1.0,0.5,62.099996,40,11,45.999998,68.999995,21.433332,1,1,1010,0
rho\set10\rho_1.py,rho,10,rho,1,2,5,5,0.5,0.5,1.0,0.6,1.0,0.5,68.999995,40,11,45.999998,68.999995,21.433332,1,1,1010,0
rho\set11\rho_0.2.py,rho,11,rho,0.2,2,5,5,0.5,0.5,0.2,0.6,1.0,0.5,13.8,40,10,46.000001,68.999999,21.400001,1,1,1011,0
rho\set11\rho_0.3.py,rho,11,rho,0.3,2,5,5,0.5,0.5,0.3,0.6,1.0,0.5,20.7,40,10,46.000001,68.999999,21.400001,1,1,1011,0
rho\set11\rho_0.4.py,rho,11,rho,0.4,2,5,5,0.5,0.5,0.4,0.6,1.0,0.5,27.6,40,10,46.000001,68.999999,21.400001,1,1,1011,0
rho\set11\rho_0.5.py,rho,11,rho,0.5,2,5,5,0.5,0.5,0.5,0.6,1.0,0.5,34.499999,40,10,46.000001,68.999999,21.400001,1,1,1011,0
rho\set11\rho_0.6.py,rho,11,rho,0.6,2,5,5,0.5,0.5,0.6,0.6,1.0,0.5,41.399999,40,10,46.000001,68.999999,21.400001,1,1,1011,0
rho\set11\rho_0.7.py,rho,11,rho,0.7,2,5,5,0.5,0.5,0.7,0.6,1.0,0.5,48.299999,40,10,46.000001,68.999999,21.400001,1,1,1011,0
rho\set11\rho_0.8.py,rho,11,rho,0.8,2,5,5,0.5,0.5,0.8,0.6,1.0,0.5,55.199999,40,10,46.000001,68.999999,21.400001,1,1,1011,0
rho\set11\rho_0.9.py,rho,11,rho,0.9,2,5,5,0.5,0.5,0.9,0.6,1.0,0.5,62.099999,40,10,46.000001,68.999999,21.400001,1,1,1011,0
rho\set11\rho_1.py,rho,11,rho,1,2,5,5,0.5,0.5,1.0,0.6,1.0,0.5,68.999999,40,10,46.000001,68.999999,21.400001,1,1,1011,0
rho\set12\rho_0.2.py,rho,12,rho,0.2,2,5,5,0.5,0.5,0.2,0.6,1.0,0.5,13.8,40,11,46.000001,69.000002,21.400001,1,1,1012,0
rho\set12\rho_0.3.py,rho,12,rho,0.3,2,5,5,0.5,0.5,0.3,0.6,1.0,0.5,20.700001,40,11,46.000001,69.000002,21.400001,1,1,1012,0
rho\set12\rho_0.4.py,rho,12,rho,0.4,2,5,5,0.5,0.5,0.4,0.6,1.0,0.5,27.600001,40,11,46.000001,69.000002,21.400001,1,1,1012,0
rho\set12\rho_0.5.py,rho,12,rho,0.5,2,5,5,0.5,0.5,0.5,0.6,1.0,0.5,34.500001,40,11,46.000001,69.000002,21.400001,1,1,1012,0
rho\set12\rho_0.6.py,rho,12,rho,0.6,2,5,5,0.5,0.5,0.6,0.6,1.0,0.5,41.400001,40,11,46.000001,69.000002,21.400001,1,1,1012,0
rho\set12\rho_0.7.py,rho,12,rho,0.7,2,5,5,0.5,0.5,0.7,0.6,1.0,0.5,48.300002,40,11,46.000001,69.000002,21.400001,1,1,1012,0
rho\set12\rho_0.8.py,rho,12,rho,0.8,2,5,5,0.5,0.5,0.8,0.6,1.0,0.5,55.200002,40,11,46.000001,69.000002,21.400001,1,1,1012,0
rho\set12\rho_0.9.py,rho,12,rho,0.9,2,5,5,0.5,0.5,0.9,0.6,1.0,0.5,62.100002,40,11,46.000001,69.000002,21.400001,1,1,1012,0
rho\set12\rho_1.py,rho,12,rho,1,2,5,5,0.5,0.5,1.0,0.6,1.0,0.5,69.000002,40,11,46.000001,69.000002,21.400001,1,1,1012,0
rho\set13\rho_0.2.py,rho,13,rho,0.2,2,5,5,0.5,0.5,0.2,0.6,1.0,0.5,13.8,40,13,46.0,69.0,21.4,1,1,1013,0
rho\set13\rho_0.3.py,rho,13,rho,0.3,2,5,5,0.5,0.5,0.3,0.6,1.0,0.5,20.7,40,13,46.0,69.0,21.4,1,1,1013,0
rho\set13\rho_0.4.py,rho,13,rho,0.4,2,5,5,0.5,0.5,0.4,0.6,1.0,0.5,27.6,40,13,46.0,69.0,21.4,1,1,1013,0
rho\set13\rho_0.5.py,rho,13,rho,0.5,2,5,5,0.5,0.5,0.5,0.6,1.0,0.5,34.5,40,13,46.0,69.0,21.4,1,1,1013,0
rho\set13\rho_0.6.py,rho,13,rho,0.6,2,5,5,0.5,0.5,0.6,0.6,1.0,0.5,41.4,40,13,46.0,69.0,21.4,1,1,1013,0
rho\set13\rho_0.7.py,rho,13,rho,0.7,2,5,5,0.5,0.5,0.7,0.6,1.0,0.5,48.3,40,13,46.0,69.0,21.4,1,1,1013,0
rho\set13\rho_0.8.py,rho,13,rho,0.8,2,5,5,0.5,0.5,0.8,0.6,1.0,0.5,55.2,40,13,46.0,69.0,21.4,1,1,1013,0
rho\set13\rho_0.9.py,rho,13,rho,0.9,2,5,5,0.5,0.5,0.9,0.6,1.0,0.5,62.1,40,13,46.0,69.0,21.4,1,1,1013,0
rho\set13\rho_1.py,rho,13,rho,1,2,5,5,0.5,0.5,1.0,0.6,1.0,0.5,69.0,40,13,46.0,69.0,21.4,1,1,1013,0
rho\set14\rho_0.2.py,rho,14,rho,0.2,2,5,5,0.5,0.5,0.2,0.6,1.0,0.5,13.8,40,10,46.0,68.999999,21.433333,1,1,1014,0
rho\set14\rho_0.3.py,rho,14,rho,0.3,2,5,5,0.5,0.5,0.3,0.6,1.0,0.5,20.7,40,10,46.0,68.999999,21.433333,1,1,1014,0
rho\set14\rho_0.4.py,rho,14,rho,0.4,2,5,5,0.5,0.5,0.4,0.6,1.0,0.5,27.6,40,10,46.0,68.999999,21.433333,1,1,1014,0
rho\set14\rho_0.5.py,rho,14,rho,0.5,2,5,5,0.5,0.5,0.5,0.6,1.0,0.5,34.499999,40,10,46.0,68.999999,21.433333,1,1,1014,0
rho\set14\rho_0.6.py,rho,14,rho,0.6,2,5,5,0.5,0.5,0.6,0.6,1.0,0.5,41.399999,40,10,46.0,68.999999,21.433333,1,1,1014,0
rho\set14\rho_0.7.py,rho,14,rho,0.7,2,5,5,0.5,0.5,0.7,0.6,1.0,0.5,48.299999,40,10,46.0,68.999999,21.433333,1,1,1014,0
rho\set14\rho_0.8.py,rho,14,rho,0.8,2,5,5,0.5,0.5,0.8,0.6,1.0,0.5,55.199999,40,10,46.0,68.999999,21.433333,1,1,1014,0
rho\set14\rho_0.9.py,rho,14,rho,0.9,2,5,5,0.5,0.5,0.9,0.6,1.0,0.5,62.099999,40,10,46.0,68.999999,21.433333,1,1,1014,0
rho\set14\rho_1.py,rho,14,rho,1,2,5,5,0.5,0.5,1.0,0.6,1.0,0.5,68.999999,40,10,46.0,68.999999,21.433333,1,1,1014,0
rho\set15\rho_0.2.py,rho,15,rho,0.2,2,5,5,0.5,0.5,0.2,0.6,1.0,0.5,13.800001,40,11,45.999999,69.000003,21.999999,1,1,1015,0
rho\set15\rho_0.3.py,rho,15,rho,0.3,2,5,5,0.5,0.5,0.3,0.6,1.0,0.5,20.700001,40,11,45.999999,69.000003,21.999999,1,1,1015,0
rho\set15\rho_0.4.py,rho,15,rho,0.4,2,5,5,0.5,0.5,0.4,0.6,1.0,0.5,27.600001,40,11,45.999999,69.000003,21.999999,1,1,1015,0
rho\set15\rho_0.5.py,rho,15,rho,0.5,2,5,5,0.5,0.5,0.5,0.6,1.0,0.5,34.500002,40,11,45.999999,69.000003,21.999999,1,1,1015,0
rho\set15\rho_0.6.py,rho,15,rho,0.6,2,5,5,0.5,0.5,0.6,0.6,1.0,0.5,41.400002,40,11,45.999999,69.000003,21.999999,1,1,1015,0
rho\set15\rho_0.7.py,rho,15,rho,0.7,2,5,5,0.5,0.5,0.7,0.6,1.0,0.5,48.300002,40,11,45.999999,69.000003,21.999999,1,1,1015,0
rho\set15\rho_0.8.py,rho,15,rho,0.8,2,5,5,0.5,0.5,0.8,0.6,1.0,0.5,55.200003,40,11,45.999999,69.000003,21.999999,1,1,1015,0
rho\set15\rho_0.9.py,rho,15,rho,0.9,2,5,5,0.5,0.5,0.9,0.6,1.0,0.5,62.100003,40,11,45.999999,69.000003,21.999999,1,1,1015,0
rho\set15\rho_1.py,rho,15,rho,1,2,5,5,0.5,0.5,1.0,0.6,1.0,0.5,69.000003,40,11,45.999999,69.000003,21.999999,1,1,1015,0
rho\set16\rho_0.2.py,rho,16,rho,0.2,2,5,5,0.5,0.5,0.2,0.6,1.0,0.5,13.799999,40,9,45.999999,68.999997,23.00909,1,1,1016,0
rho\set16\rho_0.3.py,rho,16,rho,0.3,2,5,5,0.5,0.5,0.3,0.6,1.0,0.5,20.699999,40,9,45.999999,68.999997,23.00909,1,1,1016,0
rho\set16\rho_0.4.py,rho,16,rho,0.4,2,5,5,0.5,0.5,0.4,0.6,1.0,0.5,27.599999,40,9,45.999999,68.999997,23.00909,1,1,1016,0
rho\set16\rho_0.5.py,rho,16,rho,0.5,2,5,5,0.5,0.5,0.5,0.6,1.0,0.5,34.499998,40,9,45.999999,68.999997,23.00909,1,1,1016,0
rho\set16\rho_0.6.py,rho,16,rho,0.6,2,5,5,0.5,0.5,0.6,0.6,1.0,0.5,41.399998,40,9,45.999999,68.999997,23.00909,1,1,1016,0
rho\set16\rho_0.7.py,rho,16,rho,0.7,2,5,5,0.5,0.5,0.7,0.6,1.0,0.5,48.299998,40,9,45.999999,68.999997,23.00909,1,1,1016,0
rho\set16\rho_0.8.py,rho,16,rho,0.8,2,5,5,0.5,0.5,0.8,0.6,1.0,0.5,55.199997,40,9,45.999999,68.999997,23.00909,1,1,1016,0
rho\set16\rho_0.9.py,rho,16,rho,0.9,2,5,5,0.5,0.5,0.9,0.6,1.0,0.5,62.099997,40,9,45.999999,68.999997,23.00909,1,1,1016,0
rho\set16\rho_1.py,rho,16,rho,1,2,5,5,0.5,0.5,1.0,0.6,1.0,0.5,68.999997,40,9,45.999999,68.999997,23.00909,1,1,1016,0
rho\set17\rho_0.2.py,rho,17,rho,0.2,2,5,5,0.5,0.5,0.2,0.6,1.0,0.5,13.8,40,13,46.000002,69.000002,21.433334,1,1,1017,0
rho\set17\rho_0.3.py,rho,17,rho,0.3,2,5,5,0.5,0.5,0.3,0.6,1.0,0.5,20.700001,40,13,46.000002,69.000002,21.433334,1,1,1017,0
rho\set17\rho_0.4.py,rho,17,rho,0.4,2,5,5,0.5,0.5,0.4,0.6,1.0,0.5,27.600001,40,13,46.000002,69.000002,21.433334,1,1,1017,0
rho\set17\rho_0.5.py,rho,17,rho,0.5,2,5,5,0.5,0.5,0.5,0.6,1.0,0.5,34.500001,40,13,46.000002,69.000002,21.433334,1,1,1017,0
rho\set17\rho_0.6.py,rho,17,rho,0.6,2,5,5,0.5,0.5,0.6,0.6,1.0,0.5,41.400001,40,13,46.000002,69.000002,21.433334,1,1,1017,0
rho\set17\rho_0.7.py,rho,17,rho,0.7,2,5,5,0.5,0.5,0.7,0.6,1.0,0.5,48.300002,40,13,46.000002,69.000002,21.433334,1,1,1017,0
rho\set17\rho_0.8.py,rho,17,rho,0.8,2,5,5,0.5,0.5,0.8,0.6,1.0,0.5,55.200002,40,13,46.000002,69.000002,21.433334,1,1,1017,0
rho\set17\rho_0.9.py,rho,17,rho,0.9,2,5,5,0.5,0.5,0.9,0.6,1.0,0.5,62.100002,40,13,46.000002,69.000002,21.433334,1,1,1017,0
rho\set17\rho_1.py,rho,17,rho,1,2,5,5,0.5,0.5,1.0,0.6,1.0,0.5,69.000002,40,13,46.000002,69.000002,21.433334,1,1,1017,0
rho\set18\rho_0.2.py,rho,18,rho,0.2,2,5,5,0.5,0.5,0.2,0.6,1.0,0.5,13.800001,40,10,46.000003,69.000005,22.042859,1,1,1018,0
rho\set18\rho_0.3.py,rho,18,rho,0.3,2,5,5,0.5,0.5,0.3,0.6,1.0,0.5,20.700001,40,10,46.000003,69.000005,22.042859,1,1,1018,0
rho\set18\rho_0.4.py,rho,18,rho,0.4,2,5,5,0.5,0.5,0.4,0.6,1.0,0.5,27.600002,40,10,46.000003,69.000005,22.042859,1,1,1018,0
rho\set18\rho_0.5.py,rho,18,rho,0.5,2,5,5,0.5,0.5,0.5,0.6,1.0,0.5,34.500002,40,10,46.000003,69.000005,22.042859,1,1,1018,0
rho\set18\rho_0.6.py,rho,18,rho,0.6,2,5,5,0.5,0.5,0.6,0.6,1.0,0.5,41.400003,40,10,46.000003,69.000005,22.042859,1,1,1018,0
rho\set18\rho_0.7.py,rho,18,rho,0.7,2,5,5,0.5,0.5,0.7,0.6,1.0,0.5,48.300003,40,10,46.000003,69.000005,22.042859,1,1,1018,0
rho\set18\rho_0.8.py,rho,18,rho,0.8,2,5,5,0.5,0.5,0.8,0.6,1.0,0.5,55.200004,40,10,46.000003,69.000005,22.042859,1,1,1018,0
rho\set18\rho_0.9.py,rho,18,rho,0.9,2,5,5,0.5,0.5,0.9,0.6,1.0,0.5,62.100004,40,10,46.000003,69.000005,22.042859,1,1,1018,0
rho\set18\rho_1.py,rho,18,rho,1,2,5,5,0.5,0.5,1.0,0.6,1.0,0.5,69.000005,40,10,46.000003,69.000005,22.042859,1,1,1018,0
rho\set19\rho_0.2.py,rho,19,rho,0.2,2,5,5,0.5,0.5,0.2,0.6,1.0,0.5,13.8,40,9,46.0,68.999999,21.433333,1,1,1019,0
rho\set19\rho_0.3.py,rho,19,rho,0.3,2,5,5,0.5,0.5,0.3,0.6,1.0,0.5,20.7,40,9,46.0,68.999999,21.433333,1,1,1019,0
rho\set19\rho_0.4.py,rho,19,rho,0.4,2,5,5,0.5,0.5,0.4,0.6,1.0,0.5,27.6,40,9,46.0,68.999999,21.433333,1,1,1019,0
rho\set19\rho_0.5.py,rho,19,rho,0.5,2,5,5,0.5,0.5,0.5,0.6,1.0,0.5,34.499999,40,9,46.0,68.999999,21.433333,1,1,1019,0
rho\set19\rho_0.6.py,rho,19,rho,0.6,2,5,5,0.5,0.5,0.6,0.6,1.0,0.5,41.399999,40,9,46.0,68.999999,21.433333,1,1,1019,0
rho\set19\rho_0.7.py,rho,19,rho,0.7,2,5,5,0.5,0.5,0.7,0.6,1.0,0.5,48.299999,40,9,46.0,68.999999,21.433333,1,1,1019,0
rho\set19\rho_0.8.py,rho,19,rho,0.8,2,5,5,0.5,0.5,0.8,0.6,1.0,0.5,55.199999,40,9,46.0,68.999999,21.433333,1,1,1019,0
rho\set19\rho_0.9.py,rho,19,rho,0.9,2,5,5,0.5,0.5,0.9,0.6,1.0,0.5,62.099999,40,9,46.0,68.999999,21.433333,1,1,1019,0
rho\set19\rho_1.py,rho,19,rho,1,2,5,5,0.5,0.5,1.0,0.6,1.0,0.5,68.999999,40,9,46.0,68.999999,21.433333,1,1,1019,0
rho\set20\rho_0.2.py,rho,20,rho,0.2,2,5,5,0.5,0.5,0.2,0.6,1.0,0.5,13.8,40,13,45.999999,69.000002,22.042857,1,1,1020,0
rho\set20\rho_0.3.py,rho,20,rho,0.3,2,5,5,0.5,0.5,0.3,0.6,1.0,0.5,20.700001,40,13,45.999999,69.000002,22.042857,1,1,1020,0
rho\set20\rho_0.4.py,rho,20,rho,0.4,2,5,5,0.5,0.5,0.4,0.6,1.0,0.5,27.600001,40,13,45.999999,69.000002,22.042857,1,1,1020,0
rho\set20\rho_0.5.py,rho,20,rho,0.5,2,5,5,0.5,0.5,0.5,0.6,1.0,0.5,34.500001,40,13,45.999999,69.000002,22.042857,1,1,1020,0
rho\set20\rho_0.6.py,rho,20,rho,0.6,2,5,5,0.5,0.5,0.6,0.6,1.0,0.5,41.400001,40,13,45.999999,69.000002,22.042857,1,1,1020,0
rho\set20\rho_0.7.py,rho,20,rho,0.7,2,5,5,0.5,0.5,0.7,0.6,1.0,0.5,48.300002,40,13,45.999999,69.000002,22.042857,1,1,1020,0
rho\set20\rho_0.8.py,rho,20,rho,0.8,2,5,5,0.5,0.5,0.8,0.6,1.0,0.5,55.200002,40,13,45.999999,69.000002,22.042857,1,1,1020,0
rho\set20\rho_0.9.py,rho,20,rho,0.9,2,5,5,0.5,0.5,0.9,0.6,1.0,0.5,62.100002,40,13,45.999999,69.000002,22.042857,1,1,1020,0
rho\set20\rho_1.py,rho,20,rho,1,2,5,5,0.5,0.5,1.0,0.6,1.0,0.5,69.000002,40,13,45.999999,69.000002,22.042857,1,1,1020,0
rho\set21\rho_0.2.py,rho,21,rho,0.2,2,5,5,0.5,0.5,0.2,0.6,1.0,0.5,13.8,40,10,45.999999,68.999998,21.399999,1,1,1021,0
rho\set21\rho_0.3.py,rho,21,rho,0.3,2,5,5,0.5,0.5,0.3,0.6,1.0,0.5,20.699999,40,10,45.999999,68.999998,21.399999,1,1,1021,0
rho\set21\rho_0.4.py,rho,21,rho,0.4,2,5,5,0.5,0.5,0.4,0.6,1.0,0.5,27.599999,40,10,45.999999,68.999998,21.399999,1,1,1021,0
rho\set21\rho_0.5.py,rho,21,rho,0.5,2,5,5,0.5,0.5,0.5,0.6,1.0,0.5,34.499999,40,10,45.999999,68.999998,21.399999,1,1,1021,0
rho\set21\rho_0.6.py,rho,21,rho,0.6,2,5,5,0.5,0.5,0.6,0.6,1.0,0.5,41.399999,40,10,45.999999,68.999998,21.399999,1,1,1021,0
rho\set21\rho_0.7.py,rho,21,rho,0.7,2,5,5,0.5,0.5,0.7,0.6,1.0,0.5,48.299998,40,10,45.999999,68.999998,21.399999,1,1,1021,0
rho\set21\rho_0.8.py,rho,21,rho,0.8,2,5,5,0.5,0.5,0.8,0.6,1.0,0.5,55.199998,40,10,45.999999,68.999998,21.399999,1,1,1021,0
rho\set21\rho_0.9.py,rho,21,rho,0.9,2,5,5,0.5,0.5,0.9,0.6,1.0,0.5,62.099998,40,10,45.999999,68.999998,21.399999,1,1,1021,0
rho\set21\rho_1.py,rho,21,rho,1,2,5,5,0.5,0.5,1.0,0.6,1.0,0.5,68.999998,40,10,45.999999,68.999998,21.399999,1,1,1021,0
rho\set22\rho_0.2.py,rho,22,rho,0.2,2,5,5,0.5,0.5,0.2,0.6,1.0,0.5,13.8,40,9,46.0,69.000002,21.4,1,1,1022,0
rho\set22\rho_0.3.py,rho,22,rho,0.3,2,5,5,0.5,0.5,0.3,0.6,1.0,0.5,20.700001,40,9,46.0,69.000002,21.4,1,1,1022,0
rho\set22\rho_0.4.py,rho,22,rho,0.4,2,5,5,0.5,0.5,0.4,0.6,1.0,0.5,27.600001,40,9,46.0,69.000002,21.4,1,1,1022,0
rho\set22\rho_0.5.py,rho,22,rho,0.5,2,5,5,0.5,0.5,0.5,0.6,1.0,0.5,34.500001,40,9,46.0,69.000002,21.4,1,1,1022,0
rho\set22\rho_0.6.py,rho,22,rho,0.6,2,5,5,0.5,0.5,0.6,0.6,1.0,0.5,41.400001,40,9,46.0,69.000002,21.4,1,1,1022,0
rho\set22\rho_0.7.py,rho,22,rho,0.7,2,5,5,0.5,0.5,0.7,0.6,1.0,0.5,48.300002,40,9,46.0,69.000002,21.4,1,1,1022,0
rho\set22\rho_0.8.py,rho,22,rho,0.8,2,5,5,0.5,0.5,0.8,0.6,1.0,0.5,55.200002,40,9,46.0,69.000002,21.4,1,1,1022,0
rho\set22\rho_0.9.py,rho,22,rho,0.9,2,5,5,0.5,0.5,0.9,0.6,1.0,0.5,62.100002,40,9,46.0,69.000002,21.4,1,1,1022,0
rho\set22\rho_1.py,rho,22,rho,1,2,5,5,0.5,0.5,1.0,0.6,1.0,0.5,69.000002,40,9,46.0,69.000002,21.4,1,1,1022,0
rho\set23\rho_0.2.py,rho,23,rho,0.2,2,5,5,0.5,0.5,0.2,0.6,1.0,0.5,13.8,40,13,45.999998,68.999998,21.399999,1,1,1023,0
rho\set23\rho_0.3.py,rho,23,rho,0.3,2,5,5,0.5,0.5,0.3,0.6,1.0,0.5,20.699999,40,13,45.999998,68.999998,21.399999,1,1,1023,0
rho\set23\rho_0.4.py,rho,23,rho,0.4,2,5,5,0.5,0.5,0.4,0.6,1.0,0.5,27.599999,40,13,45.999998,68.999998,21.399999,1,1,1023,0
rho\set23\rho_0.5.py,rho,23,rho,0.5,2,5,5,0.5,0.5,0.5,0.6,1.0,0.5,34.499999,40,13,45.999998,68.999998,21.399999,1,1,1023,0
rho\set23\rho_0.6.py,rho,23,rho,0.6,2,5,5,0.5,0.5,0.6,0.6,1.0,0.5,41.399999,40,13,45.999998,68.999998,21.399999,1,1,1023,0
rho\set23\rho_0.7.py,rho,23,rho,0.7,2,5,5,0.5,0.5,0.7,0.6,1.0,0.5,48.299998,40,13,45.999998,68.999998,21.399999,1,1,1023,0
rho\set23\rho_0.8.py,rho,23,rho,0.8,2,5,5,0.5,0.5,0.8,0.6,1.0,0.5,55.199998,40,13,45.999998,68.999998,21.399999,1,1,1023,0
rho\set23\rho_0.9.py,rho,23,rho,0.9,2,5,5,0.5,0.5,0.9,0.6,1.0,0.5,62.099998,40,13,45.999998,68.999998,21.399999,1,1,1023,0
rho\set23\rho_1.py,rho,23,rho,1,2,5,5,0.5,0.5,1.0,0.6,1.0,0.5,68.999998,40,13,45.999998,68.999998,21.399999,1,1,1023,0
rho\set24\rho_0.2.py,rho,24,rho,0.2,2,5,5,0.5,0.5,0.2,0.6,1.0,0.5,13.8,40,10,46.000001,68.999999,23.009091,1,1,1024,0
rho\set24\rho_0.3.py,rho,24,rho,0.3,2,5,5,0.5,0.5,0.3,0.6,1.0,0.5,20.7,40,10,46.000001,68.999999,23.009091,1,1,1024,0
rho\set24\rho_0.4.py,rho,24,rho,0.4,2,5,5,0.5,0.5,0.4,0.6,1.0,0.5,27.6,40,10,46.000001,68.999999,23.009091,1,1,1024,0
rho\set24\rho_0.5.py,rho,24,rho,0.5,2,5,5,0.5,0.5,0.5,0.6,1.0,0.5,34.499999,40,10,46.000001,68.999999,23.009091,1,1,1024,0
rho\set24\rho_0.6.py,rho,24,rho,0.6,2,5,5,0.5,0.5,0.6,0.6,1.0,0.5,41.399999,40,10,46.000001,68.999999,23.009091,1,1,1024,0
rho\set24\rho_0.7.py,rho,24,rho,0.7,2,5,5,0.5,0.5,0.7,0.6,1.0,0.5,48.299999,40,10,46.000001,68.999999,23.009091,1,1,1024,0
rho\set24\rho_0.8.py,rho,24,rho,0.8,2,5,5,0.5,0.5,0.8,0.6,1.0,0.5,55.199999,40,10,46.000001,68.999999,23.009091,1,1,1024,0
rho\set24\rho_0.9.py,rho,24,rho,0.9,2,5,5,0.5,0.5,0.9,0.6,1.0,0.5,62.099999,40,10,46.000001,68.999999,23.009091,1,1,1024,0
rho\set24\rho_1.py,rho,24,rho,1,2,5,5,0.5,0.5,1.0,0.6,1.0,0.5,68.999999,40,10,46.000001,68.999999,23.009091,1,1,1024,0
rho\set25\rho_0.2.py,rho,25,rho,0.2,2,5,5,0.5,0.5,0.2,0.6,1.0,0.5,13.799999,40,9,46.000001,68.999997,21.433334,1,1,1025,0
rho\set25\rho_0.3.py,rho,25,rho,0.3,2,5,5,0.5,0.5,0.3,0.6,1.0,0.5,20.699999,40,9,46.000001,68.999997,21.433334,1,1,1025,0
rho\set25\rho_0.4.py,rho,25,rho,0.4,2,5,5,0.5,0.5,0.4,0.6,1.0,0.5,27.599999,40,9,46.000001,68.999997,21.433334,1,1,1025,0
rho\set25\rho_0.5.py,rho,25,rho,0.5,2,5,5,0.5,0.5,0.5,0.6,1.0,0.5,34.499998,40,9,46.000001,68.999997,21.433334,1,1,1025,0
rho\set25\rho_0.6.py,rho,25,rho,0.6,2,5,5,0.5,0.5,0.6,0.6,1.0,0.5,41.399998,40,9,46.000001,68.999997,21.433334,1,1,1025,0
rho\set25\rho_0.7.py,rho,25,rho,0.7,2,5,5,0.5,0.5,0.7,0.6,1.0,0.5,48.299998,40,9,46.000001,68.999997,21.433334,1,1,1025,0
rho\set25\rho_0.8.py,rho,25,rho,0.8,2,5,5,0.5,0.5,0.8,0.6,1.0,0.5,55.199997,40,9,46.000001,68.999997,21.433334,1,1,1025,0
rho\set25\rho_0.9.py,rho,25,rho,0.9,2,5,5,0.5,0.5,0.9,0.6,1.0,0.5,62.099997,40,9,46.000001,68.999997,21.433334,1,1,1025,0
rho\set25\rho_1.py,rho,25,rho,1,2,5,5,0.5,0.5,1.0,0.6,1.0,0.5,68.999997,40,9,46.000001,68.999997,21.433334,1,1,1025,0
rho\set26\rho_0.2.py,rho,26,rho,0.2,2,5,5,0.5,0.5,0.2,0.6,1.0,0.5,13.800001,40,10,46.000003,69.000003,22.000002,1,1,1026,0
rho\set26\rho_0.3.py,rho,26,rho,0.3,2,5,5,0.5,0.5,0.3,0.6,1.0,0.5,20.700001,40,10,46.000003,69.000003,22.000002,1,1,1026,0
rho\set26\rho_0.4.py,rho,26,rho,0.4,2,5,5,0.5,0.5,0.4,0.6,1.0,0.5,27.600001,40,10,46.000003,69.000003,22.000002,1,1,1026,0
rho\set26\rho_0.5.py,rho,26,rho,0.5,2,5,5,0.5,0.5,0.5,0.6,1.0,0.5,34.500002,40,10,46.000003,69.000003,22.000002,1,1,1026,0
rho\set26\rho_0.6.py,rho,26,rho,0.6,2,5,5,0.5,0.5,0.6,0.6,1.0,0.5,41.400002,40,10,46.000003,69.000003,22.000002,1,1,1026,0
rho\set26\rho_0.7.py,rho,26,rho,0.7,2,5,5,0.5,0.5,0.7,0.6,1.0,0.5,48.300002,40,10,46.000003,69.000003,22.000002,1,1,1026,0
rho\set26\rho_0.8.py,rho,26,rho,0.8,2,5,5,0.5,0.5,0.8,0.6,1.0,0.5,55.200003,40,10,46.000003,69.000003,22.000002,1,1,1026,0
rho\set26\rho_0.9.py,rho,26,rho,0.9,2,5,5,0.5,0.5,0.9,0.6,1.0,0.5,62.100003,40,10,46.000003,69.000003,22.000002,1,1,1026,0
rho\set26\rho_1.py,rho,26,rho,1,2,5,5,0.5,0.5,1.0,0.6,1.0,0.5,69.000003,40,10,46.000003,69.000003,22.000002,1,1,1026,0
rho\set27\rho_0.2.py,rho,27,rho,0.2,2,5,5,0.5,0.5,0.2,0.6,1.0,0.5,13.8,40,12,45.999998,69.0,22.042856,1,1,1027,0
rho\set27\rho_0.3.py,rho,27,rho,0.3,2,5,5,0.5,0.5,0.3,0.6,1.0,0.5,20.7,40,12,45.999998,69.0,22.042856,1,1,1027,0
rho\set27\rho_0.4.py,rho,27,rho,0.4,2,5,5,0.5,0.5,0.4,0.6,1.0,0.5,27.6,40,12,45.999998,69.0,22.042856,1,1,1027,0
rho\set27\rho_0.5.py,rho,27,rho,0.5,2,5,5,0.5,0.5,0.5,0.6,1.0,0.5,34.5,40,12,45.999998,69.0,22.042856,1,1,1027,0
rho\set27\rho_0.6.py,rho,27,rho,0.6,2,5,5,0.5,0.5,0.6,0.6,1.0,0.5,41.4,40,12,45.999998,69.0,22.042856,1,1,1027,0
rho\set27\rho_0.7.py,rho,27,rho,0.7,2,5,5,0.5,0.5,0.7,0.6,1.0,0.5,48.3,40,12,45.999998,69.0,22.042856,1,1,1027,0
rho\set27\rho_0.8.py,rho,27,rho,0.8,2,5,5,0.5,0.5,0.8,0.6,1.0,0.5,55.2,40,12,45.999998,69.0,22.042856,1,1,1027,0
rho\set27\rho_0.9.py,rho,27,rho,0.9,2,5,5,0.5,0.5,0.9,0.6,1.0,0.5,62.1,40,12,45.999998,69.0,22.042856,1,1,1027,0
rho\set27\rho_1.py,rho,27,rho,1,2,5,5,0.5,0.5,1.0,0.6,1.0,0.5,69.0,40,12,45.999998,69.0,22.042856,1,1,1027,0
rho\set28\rho_0.2.py,rho,28,rho,0.2,2,5,5,0.5,0.5,0.2,0.6,1.0,0.5,13.8,40,11,46.0,69.000001,22.0,1,1,1028,0
rho\set28\rho_0.3.py,rho,28,rho,0.3,2,5,5,0.5,0.5,0.3,0.6,1.0,0.5,20.7,40,11,46.0,69.000001,22.0,1,1,1028,0
rho\set28\rho_0.4.py,rho,28,rho,0.4,2,5,5,0.5,0.5,0.4,0.6,1.0,0.5,27.6,40,11,46.0,69.000001,22.0,1,1,1028,0
rho\set28\rho_0.5.py,rho,28,rho,0.5,2,5,5,0.5,0.5,0.5,0.6,1.0,0.5,34.500001,40,11,46.0,69.000001,22.0,1,1,1028,0
rho\set28\rho_0.6.py,rho,28,rho,0.6,2,5,5,0.5,0.5,0.6,0.6,1.0,0.5,41.400001,40,11,46.0,69.000001,22.0,1,1,1028,0
rho\set28\rho_0.7.py,rho,28,rho,0.7,2,5,5,0.5,0.5,0.7,0.6,1.0,0.5,48.300001,40,11,46.0,69.000001,22.0,1,1,1028,0
rho\set28\rho_0.8.py,rho,28,rho,0.8,2,5,5,0.5,0.5,0.8,0.6,1.0,0.5,55.200001,40,11,46.0,69.000001,22.0,1,1,1028,0
rho\set28\rho_0.9.py,rho,28,rho,0.9,2,5,5,0.5,0.5,0.9,0.6,1.0,0.5,62.100001,40,11,46.0,69.000001,22.0,1,1,1028,0
rho\set28\rho_1.py,rho,28,rho,1,2,5,5,0.5,0.5,1.0,0.6,1.0,0.5,69.000001,40,11,46.0,69.000001,22.0,1,1,1028,0
rho\set29\rho_0.2.py,rho,29,rho,0.2,2,5,5,0.5,0.5,0.2,0.6,1.0,0.5,13.8,40,9,46.000001,69.000001,22.000001,1,1,1029,0
rho\set29\rho_0.3.py,rho,29,rho,0.3,2,5,5,0.5,0.5,0.3,0.6,1.0,0.5,20.7,40,9,46.000001,69.000001,22.000001,1,1,1029,0
rho\set29\rho_0.4.py,rho,29,rho,0.4,2,5,5,0.5,0.5,0.4,0.6,1.0,0.5,27.6,40,9,46.000001,69.000001,22.000001,1,1,1029,0
rho\set29\rho_0.5.py,rho,29,rho,0.5,2,5,5,0.5,0.5,0.5,0.6,1.0,0.5,34.500001,40,9,46.000001,69.000001,22.000001,1,1,1029,0
rho\set29\rho_0.6.py,rho,29,rho,0.6,2,5,5,0.5,0.5,0.6,0.6,1.0,0.5,41.400001,40,9,46.000001,69.000001,22.000001,1,1,1029,0
rho\set29\rho_0.7.py,rho,29,rho,0.7,2,5,5,0.5,0.5,0.7,0.6,1.0,0.5,48.300001,40,9,46.000001,69.000001,22.000001,1,1,1029,0
rho\set29\rho_0.8.py,rho,29,rho,0.8,2,5,5,0.5,0.5,0.8,0.6,1.0,0.5,55.200001,40,9,46.000001,69.000001,22.000001,1,1,1029,0
rho\set29\rho_0.9.py,rho,29,rho,0.9,2,5,5,0.5,0.5,0.9,0.6,1.0,0.5,62.100001,40,9,46.000001,69.000001,22.000001,1,1,1029,0
rho\set29\rho_1.py,rho,29,rho,1,2,5,5,0.5,0.5,1.0,0.6,1.0,0.5,69.000001,40,9,46.000001,69.000001,22.000001,1,1,1029,0
rho\set30\rho_0.2.py,rho,30,rho,0.2,2,5,5,0.5,0.5,0.2,0.6,1.0,0.5,13.799999,40,10,45.999997,68.999997,21.399998,1,1,1030,0
rho\set30\rho_0.3.py,rho,30,rho,0.3,2,5,5,0.5,0.5,0.3,0.6,1.0,0.5,20.699999,40,10,45.999997,68.999997,21.399998,1,1,1030,0
rho\set30\rho_0.4.py,rho,30,rho,0.4,2,5,5,0.5,0.5,0.4,0.6,1.0,0.5,27.599999,40,10,45.999997,68.999997,21.399998,1,1,1030,0
rho\set30\rho_0.5.py,rho,30,rho,0.5,2,5,5,0.5,0.5,0.5,0.6,1.0,0.5,34.499998,40,10,45.999997,68.999997,21.399998,1,1,1030,0
rho\set30\rho_0.6.py,rho,30,rho,0.6,2,5,5,0.5,0.5,0.6,0.6,1.0,0.5,41.399998,40,10,45.999997,68.999997,21.399998,1,1,1030,0
rho\set30\rho_0.7.py,rho,30,rho,0.7,2,5,5,0.5,0.5,0.7,0.6,1.0,0.5,48.299998,40,10,45.999997,68.999997,21.399998,1,1,1030,0
rho\set30\rho_0.8.py,rho,30,rho,0.8,2,5,5,0.5,0.5,0.8,0.6,1.0,0.5,55.199997,40,10,45.999997,68.999997,21.399998,1,1,1030,0
rho\set30\rho_0.9.py,rho,30,rho,0.9,2,5,5,0.5,0.5,0.9,0.6,1.0,0.5,62.099997,40,10,45.999997,68.999997,21.399998,1,1,1030,0
rho\set30\rho_1.py,rho,30,rho,1,2,5,5,0.5,0.5,1.0,0.6,1.0,0.5,68.999997,40,10,45.999997,68.999997,21.399998,1,1,1030,0
rho\set31\rho_0.2.py,rho,31,rho,0.2,2,5,5,0.5,0.5,0.2,0.6,1.0,0.5,13.799999,40,13,46.0,68.999997,23.6,1,1,1031,0
rho\set31\rho_0.3.py,rho,31,rho,0.3,2,5,5,0.5,0.5,0.3,0.6,1.0,0.5,20.699999,40,13,46.0,68.999997,23.6,1,1,1031,0
rho\set31\rho_0.4.py,rho,31,rho,0.4,2,5,5,0.5,0.5,0.4,0.6,1.0,0.5,27.599999,40,13,46.0,68.999997,23.6,1,1,1031,0
rho\set31\rho_0.5.py,rho,31,rho,0.5,2,5,5,0.5,0.5,0.5,0.6,1.0,0.5,34.499998,40,13,46.0,68.999997,23.6,1,1,1031,0
rho\set31\rho_0.6.py,rho,31,rho,0.6,2,5,5,0.5,0.5,0.6,0.6,1.0,0.5,41.399998,40,13,46.0,68.999997,23.6,1,1,1031,0
rho\set31\rho_0.7.py,rho,31,rho,0.7,2,5,5,0.5,0.5,0.7,0.6,1.0,0.5,48.299998,40,13,46.0,68.999997,23.6,1,1,1031,0
rho\set31\rho_0.8.py,rho,31,rho,0.8,2,5,5,0.5,0.5,0.8,0.6,1.0,0.5,55.199997,40,13,46.0,68.999997,23.6,1,1,1031,0
rho\set31\rho_0.9.py,rho,31,rho,0.9,2,5,5,0.5,0.5,0.9,0.6,1.0,0.5,62.099997,40,13,46.0,68.999997,23.6,1,1,1031,0
rho\set31\rho_1.py,rho,31,rho,1,2,5,5,0.5,0.5,1.0,0.6,1.0,0.5,68.999997,40,13,46.0,68.999997,23.6,1,1,1031,0
rho\set32\rho_0.2.py,rho,32,rho,0.2,2,5,5,0.5,0.5,0.2,0.6,1.0,0.5,13.8,40,13,45.999997,68.999998,21.399998,1,1,1032,0
rho\set32\rho_0.3.py,rho,32,rho,0.3,2,5,5,0.5,0.5,0.3,0.6,1.0,0.5,20.699999,40,13,45.999997,68.999998,21.399998,1,1,1032,0
rho\set32\rho_0.4.py,rho,32,rho,0.4,2,5,5,0.5,0.5,0.4,0.6,1.0,0.5,27.599999,40,13,45.999997,68.999998,21.399998,1,1,1032,0
rho\set32\rho_0.5.py,rho,32,rho,0.5,2,5,5,0.5,0.5,0.5,0.6,1.0,0.5,34.499999,40,13,45.999997,68.999998,21.399998,1,1,1032,0
rho\set32\rho_0.6.py,rho,32,rho,0.6,2,5,5,0.5,0.5,0.6,0.6,1.0,0.5,41.399999,40,13,45.999997,68.999998,21.399998,1,1,1032,0
rho\set32\rho_0.7.py,rho,32,rho,0.7,2,5,5,0.5,0.5,0.7,0.6,1.0,0.5,48.299998,40,13,45.999997,68.999998,21.399998,1,1,1032,0
rho\set32\rho_0.8.py,rho,32,rho,0.8,2,5,5,0.5,0.5,0.8,0.6,1.0,0.5,55.199998,40,13,45.999997,68.999998,21.399998,1,1,1032,0
rho\set32\rho_0.9.py,rho,32,rho,0.9,2,5,5,0.5,0.5,0.9,0.6,1.0,0.5,62.099998,40,13,45.999997,68.999998,21.399998,1,1,1032,0
rho\set32\rho_1.py,rho,32,rho,1,2,5,5,0.5,0.5,1.0,0.6,1.0,0.5,68.999998,40,13,45.999997,68.999998,21.399998,1,1,1032,0
rho\set33\rho_0.2.py,rho,33,rho,0.2,2,5,5,0.5,0.5,0.2,0.6,1.0,0.5,13.800001,40,12,46.000002,69.000003,21.433334,1,1,1033,0
rho\set33\rho_0.3.py,rho,33,rho,0.3,2,5,5,0.5,0.5,0.3,0.6,1.0,0.5,20.700001,40,12,46.000002,69.000003,21.433334,1,1,1033,0
rho\set33\rho_0.4.py,rho,33,rho,0.4,2,5,5,0.5,0.5,0.4,0.6,1.0,0.5,27.600001,40,12,46.000002,69.000003,21.433334,1,1,1033,0
rho\set33\rho_0.5.py,rho,33,rho,0.5,2,5,5,0.5,0.5,0.5,0.6,1.0,0.5,34.500002,40,12,46.000002,69.000003,21.433334,1,1,1033,0
rho\set33\rho_0.6.py,rho,33,rho,0.6,2,5,5,0.5,0.5,0.6,0.6,1.0,0.5,41.400002,40,12,46.000002,69.000003,21.433334,1,1,1033,0
rho\set33\rho_0.7.py,rho,33,rho,0.7,2,5,5,0.5,0.5,0.7,0.6,1.0,0.5,48.300002,40,12,46.000002,69.000003,21.433334,1,1,1033,0
rho\set33\rho_0.8.py,rho,33,rho,0.8,2,5,5,0.5,0.5,0.8,0.6,1.0,0.5,55.200003,40,12,46.000002,69.000003,21.433334,1,1,1033,0
rho\set33\rho_0.9.py,rho,33,rho,0.9,2,5,5,0.5,0.5,0.9,0.6,1.0,0.5,62.100003,40,12,46.000002,69.000003,21.433334,1,1,1033,0
rho\set33\rho_1.py,rho,33,rho,1,2,5,5,0.5,0.5,1.0,0.6,1.0,0.5,69.000003,40,12,46.000002,69.000003,21.433334,1,1,1033,0
rho\set34\rho_0.2.py,rho,34,rho,0.2,2,5,5,0.5,0.5,0.2,0.6,1.0,0.5,13.8,40,13,45.999997,68.999998,22.042855,1,1,1034,0
rho\set34\rho_0.3.py,rho,34,rho,0.3,2,5,5,0.5,0.5,0.3,0.6,1.0,0.5,20.699999,40,13,45.999997,68.999998,22.042855,1,1,1034,0
rho\set34\rho_0.4.py,rho,34,rho,0.4,2,5,5,0.5,0.5,0.4,0.6,1.0,0.5,27.599999,40,13,45.999997,68.999998,22.042855,1,1,1034,0
rho\set34\rho_0.5.py,rho,34,rho,0.5,2,5,5,0.5,0.5,0.5,0.6,1.0,0.5,34.499999,40,13,45.999997,68.999998,22.042855,1,1,1034,0
rho\set34\rho_0.6.py,rho,34,rho,0.6,2,5,5,0.5,0.5,0.6,0.6,1.0,0.5,41.399999,40,13,45.999997,68.999998,22.042855,1,1,1034,0
rho\set34\rho_0.7.py,rho,34,rho,0.7,2,5,5,0.5,0.5,0.7,0.6,1.0,0.5,48.299998,40,13,45.999997,68.999998,22.042855,1,1,1034,0
rho\set34\rho_0.8.py,rho,34,rho,0.8,2,5,5,0.5,0.5,0.8,0.6,1.0,0.5,55.199998,40,13,45.999997,68.999998,22.042855,1,1,1034,0
rho\set34\rho_0.9.py,rho,34,rho,0.9,2,5,5,0.5,0.5,0.9,0.6,1.0,0.5,62.099998,40,13,45.999997,68.999998,22.042855,1,1,1034,0
rho\set34\rho_1.py,rho,34,rho,1,2,5,5,0.5,0.5,1.0,0.6,1.0,0.5,68.999998,40,13,45.999997,68.999998,22.042855,1,1,1034,0
rho\set35\rho_0.2.py,rho,35,rho,0.2,2,5,5,0.5,0.5,0.2,0.6,1.0,0.5,13.800001,40,15,46.000001,69.000003,21.400001,1,1,1035,0
rho\set35\rho_0.3.py,rho,35,rho,0.3,2,5,5,0.5,0.5,0.3,0.6,1.0,0.5,20.700001,40,15,46.000001,69.000003,21.400001,1,1,1035,0
rho\set35\rho_0.4.py,rho,35,rho,0.4,2,5,5,0.5,0.5,0.4,0.6,1.0,0.5,27.600001,40,15,46.000001,69.000003,21.400001,1,1,1035,0
rho\set35\rho_0.5.py,rho,35,rho,0.5,2,5,5,0.5,0.5,0.5,0.6,1.0,0.5,34.500002,40,15,46.000001,69.000003,21.400001,1,1,1035,0
rho\set35\rho_0.6.py,rho,35,rho,0.6,2,5,5,0.5,0.5,0.6,0.6,1.0,0.5,41.400002,40,15,46.000001,69.000003,21.400001,1,1,1035,0
rho\set35\rho_0.7.py,rho,35,rho,0.7,2,5,5,0.5,0.5,0.7,0.6,1.0,0.5,48.300002,40,15,46.000001,69.000003,21.400001,1,1,1035,0
rho\set35\rho_0.8.py,rho,35,rho,0.8,2,5,5,0.5,0.5,0.8,0.6,1.0,0.5,55.200003,40,15,46.000001,69.000003,21.400001,1,1,1035,0
rho\set35\rho_0.9.py,rho,35,rho,0.9,2,5,5,0.5,0.5,0.9,0.6,1.0,0.5,62.100003,40,15,46.000001,69.000003,21.400001,1,1,1035,0
rho\set35\rho_1.py,rho,35,rho,1,2,5,5,0.5,0.5,1.0,0.6,1.0,0.5,69.000003,40,15,46.000001,69.000003,21.400001,1,1,1035,0
rho\set36\rho_0.2.py,rho,36,rho,0.2,2,5,5,0.5,0.5,0.2,0.6,1.0,0.5,13.8,40,15,46.000002,68.999998,22.042858,1,1,1036,0
rho\set36\rho_0.3.py,rho,36,rho,0.3,2,5,5,0.5,0.5,0.3,0.6,1.0,0.5,20.699999,40,15,46.000002,68.999998,22.042858,1,1,1036,0
rho\set36\rho_0.4.py,rho,36,rho,0.4,2,5,5,0.5,0.5,0.4,0.6,1.0,0.5,27.599999,40,15,46.000002,68.999998,22.042858,1,1,1036,0
rho\set36\rho_0.5.py,rho,36,rho,0.5,2,5,5,0.5,0.5,0.5,0.6,1.0,0.5,34.499999,40,15,46.000002,68.999998,22.042858,1,1,1036,0
rho\set36\rho_0.6.py,rho,36,rho,0.6,2,5,5,0.5,0.5,0.6,0.6,1.0,0.5,41.399999,40,15,46.000002,68.999998,22.042858,1,1,1036,0
rho\set36\rho_0.7.py,rho,36,rho,0.7,2,5,5,0.5,0.5,0.7,0.6,1.0,0.5,48.299998,40,15,46.000002,68.999998,22.042858,1,1,1036,0
rho\set36\rho_0.8.py,rho,36,rho,0.8,2,5,5,0.5,0.5,0.8,0.6,1.0,0.5,55.199998,40,15,46.000002,68.999998,22.042858,1,1,1036,0
rho\set36\rho_0.9.py,rho,36,rho,0.9,2,5,5,0.5,0.5,0.9,0.6,1.0,0.5,62.099998,40,15,46.000002,68.999998,22.042858,1,1,1036,0
rho\set36\rho_1.py,rho,36,rho,1,2,5,5,0.5,0.5,1.0,0.6,1.0,0.5,68.999998,40,15,46.000002,68.999998,22.042858,1,1,1036,0
rho\set37\rho_0.2.py,rho,37,rho,0.2,2,5,5,0.5,0.5,0.2,0.6,1.0,0.5,13.8,40,15,46.000001,69.000002,22.042858,1,1,1037,0
rho\set37\rho_0.3.py,rho,37,rho,0.3,2,5,5,0.5,0.5,0.3,0.6,1.0,0.5,20.700001,40,15,46.000001,69.000002,22.042858,1,1,1037,0
rho\set37\rho_0.4.py,rho,37,rho,0.4,2,5,5,0.5,0.5,0.4,0.6,1.0,0.5,27.600001,40,15,46.000001,69.000002,22.042858,1,1,1037,0
rho\set37\rho_0.5.py,rho,37,rho,0.5,2,5,5,0.5,0.5,0.5,0.6,1.0,0.5,34.500001,40,15,46.000001,69.000002,22.042858,1,1,1037,0
rho\set37\rho_0.6.py,rho,37,rho,0.6,2,5,5,0.5,0.5,0.6,0.6,1.0,0.5,41.400001,40,15,46.000001,69.000002,22.042858,1,1,1037,0
rho\set37\rho_0.7.py,rho,37,rho,0.7,2,5,5,0.5,0.5,0.7,0.6,1.0,0.5,48.300002,40,15,46.000001,69.000002,22.042858,1,1,1037,0
rho\set37\rho_0.8.py,rho,37,rho,0.8,2,5,5,0.5,0.5,0.8,0.6,1.0,0.5,55.200002,40,15,46.000001,69.000002,22.042858,1,1,1037,0
rho\set37\rho_0.9.py,rho,37,rho,0.9,2,5,5,0.5,0.5,0.9,0.6,1.0,0.5,62.100002,40,15,46.000001,69.000002,22.042858,1,1,1037,0
rho\set37\rho_1.py,rho,37,rho,1,2,5,5,0.5,0.5,1.0,0.6,1.0,0.5,69.000002,40,15,46.000001,69.000002,22.042858,1,1,1037,0
rho\set38\rho_0.2.py,rho,38,rho,0.2,2,5,5,0.5,0.5,0.2,0.6,1.0,0.5,13.800001,40,13,46.000002,69.000003,21.400001,1,1,1038,0
rho\set38\rho_0.3.py,rho,38,rho,0.3,2,5,5,0.5,0.5,0.3,0.6,1.0,0.5,20.700001,40,13,46.000002,69.000003,21.400001,1,1,1038,0
rho\set38\rho_0.4.py,rho,38,rho,0.4,2,5,5,0.5,0.5,0.4,0.6,1.0,0.5,27.600001,40,13,46.000002,69.000003,21.400001,1,1,1038,0
rho\set38\rho_0.5.py,rho,38,rho,0.5,2,5,5,0.5,0.5,0.5,0.6,1.0,0.5,34.500002,40,13,46.000002,69.000003,21.400001,1,1,1038,0
rho\set38\rho_0.6.py,rho,38,rho,0.6,2,5,5,0.5,0.5,0.6,0.6,1.0,0.5,41.400002,40,13,46.000002,69.000003,21.400001,1,1,1038,0
rho\set38\rho_0.7.py,rho,38,rho,0.7,2,5,5,0.5,0.5,0.7,0.6,1.0,0.5,48.300002,40,13,46.000002,69.000003,21.400001,1,1,1038,0
rho\set38\rho_0.8.py,rho,38,rho,0.8,2,5,5,0.5,0.5,0.8,0.6,1.0,0.5,55.200003,40,13,46.000002,69.000003,21.400001,1,1,1038,0
rho\set38\rho_0.9.py,rho,38,rho,0.9,2,5,5,0.5,0.5,0.9,0.6,1.0,0.5,62.100003,40,13,46.000002,69.000003,21.400001,1,1,1038,0
rho\set38\rho_1.py,rho,38,rho,1,2,5,5,0.5,0.5,1.0,0.6,1.0,0.5,69.000003,40,13,46.000002,69.000003,21.400001,1,1,1038,0
rho\set39\rho_0.2.py,rho,39,rho,0.2,2,5,5,0.5,0.5,0.2,0.6,1.0,0.5,13.8,40,15,46.000001,68.999999,21.400001,1,1,1039,0
rho\set39\rho_0.3.py,rho,39,rho,0.3,2,5,5,0.5,0.5,0.3,0.6,1.0,0.5,20.7,40,15,46.000001,68.999999,21.400001,1,1,1039,0
rho\set39\rho_0.4.py,rho,39,rho,0.4,2,5,5,0.5,0.5,0.4,0.6,1.0,0.5,27.6,40,15,46.000001,68.999999,21.400001,1,1,1039,0
rho\set39\rho_0.5.py,rho,39,rho,0.5,2,5,5,0.5,0.5,0.5,0.6,1.0,0.5,34.499999,40,15,46.000001,68.999999,21.400001,1,1,1039,0
rho\set39\rho_0.6.py,rho,39,rho,0.6,2,5,5,0.5,0.5,0.6,0.6,1.0,0.5,41.399999,40,15,46.000001,68.999999,21.400001,1,1,1039,0
rho\set39\rho_0.7.py,rho,39,rho,0.7,2,5,5,0.5,0.5,0.7,0.6,1.0,0.5,48.299999,40,15,46.000001,68.999999,21.400001,1,1,1039,0
rho\set39\rho_0.8.py,rho,39,rho,0.8,2,5,5,0.5,0.5,0.8,0.6,1.0,0.5,55.199999,40,15,46.000001,68.999999,21.400001,1,1,1039,0
rho\set39\rho_0.9.py,rho,39,rho,0.9,2,5,5,0.5,0.5,0.9,0.6,1.0,0.5,62.099999,40,15,46.000001,68.999999,21.400001,1,1,1039,0
rho\set39\rho_1.py,rho,39,rho,1,2,5,5,0.5,0.5,1.0,0.6,1.0,0.5,68.999999,40,15,46.000001,68.999999,21.400001,1,1,1039,0
rho\set40\rho_0.2.py,rho,40,rho,0.2,2,5,5,0.5,0.5,0.2,0.6,1.0,0.5,13.8,40,13,46.000001,69.000001,21.400001,1,1,1040,0
rho\set40\rho_0.3.py,rho,40,rho,0.3,2,5,5,0.5,0.5,0.3,0.6,1.0,0.5,20.7,40,13,46.000001,69.000001,21.400001,1,1,1040,0
rho\set40\rho_0.4.py,rho,40,rho,0.4,2,5,5,0.5,0.5,0.4,0.6,1.0,0.5,27.6,40,13,46.000001,69.000001,21.400001,1,1,1040,0
rho\set40\rho_0.5.py,rho,40,rho,0.5,2,5,5,0.5,0.5,0.5,0.6,1.0,0.5,34.500001,40,13,46.000001,69.000001,21.400001,1,1,1040,0
rho\set40\rho_0.6.py,rho,40,rho,0.6,2,5,5,0.5,0.5,0.6,0.6,1.0,0.5,41.400001,40,13,46.000001,69.000001,21.400001,1,1,1040,0
rho\set40\rho_0.7.py,rho,40,rho,0.7,2,5,5,0.5,0.5,0.7,0.6,1.0,0.5,48.300001,40,13,46.000001,69.000001,21.400001,1,1,1040,0
rho\set40\rho_0.8.py,rho,40,rho,0.8,2,5,5,0.5,0.5,0.8,0.6,1.0,0.5,55.200001,40,13,46.000001,69.000001,21.400001,1,1,1040,0
rho\set40\rho_0.9.py,rho,40,rho,0.9,2,5,5,0.5,0.5,0.9,0.6,1.0,0.5,62.100001,40,13,46.000001,69.000001,21.400001,1,1,1040,0
rho\set40\rho_1.py,rho,40,rho,1,2,5,5,0.5,0.5,1.0,0.6,1.0,0.5,69.000001,40,13,46.000001,69.000001,21.400001,1,1,1040,0
rho\set41\rho_0.2.py,rho,41,rho,0.2,2,5,5,0.5,0.5,0.2,0.6,1.0,0.5,13.799999,40,15,45.999995,68.999997,21.399998,1,1,1041,0
rho\set41\rho_0.3.py,rho,41,rho,0.3,2,5,5,0.5,0.5,0.3,0.6,1.0,0.5,20.699999,40,15,45.999995,68.999997,21.399998,1,1,1041,0
rho\set41\rho_0.4.py,rho,41,rho,0.4,2,5,5,0.5,0.5,0.4,0.6,1.0,0.5,27.599999,40,15,45.999995,68.999997,21.399998,1,1,1041,0
rho\set41\rho_0.5.py,rho,41,rho,0.5,2,5,5,0.5,0.5,0.5,0.6,1.0,0.5,34.499998,40,15,45.999995,68.999997,21.399998,1,1,1041,0
rho\set41\rho_0.6.py,rho,41,rho,0.6,2,5,5,0.5,0.5,0.6,0.6,1.0,0.5,41.399998,40,15,45.999995,68.999997,21.399998,1,1,1041,0
rho\set41\rho_0.7.py,rho,41,rho,0.7,2,5,5,0.5,0.5,0.7,0.6,1.0,0.5,48.299998,40,15,45.999995,68.999997,21.399998,1,1,1041,0
rho\set41\rho_0.8.py,rho,41,rho,0.8,2,5,5,0.5,0.5,0.8,0.6,1.0,0.5,55.199997,40,15,45.999995,68.999997,21.399998,1,1,1041,0
rho\set41\rho_0.9.py,rho,41,rho,0.9,2,5,5,0.5,0.5,0.9,0.6,1.0,0.5,62.099997,40,15,45.999995,68.999997,21.399998,1,1,1041,0
rho\set41\rho_1.py,rho,41,rho,1,2,5,5,0.5,0.5,1.0,0.6,1.0,0.5,68.999997,40,15,45.999995,68.999997,21.399998,1,1,1041,0
rho\set42\rho_0.2.py,rho,42,rho,0.2,2,5,5,0.5,0.5,0.2,0.6,1.0,0.5,13.8,40,11,45.999998,69.0,21.399999,1,1,1042,0
rho\set42\rho_0.3.py,rho,42,rho,0.3,2,5,5,0.5,0.5,0.3,0.6,1.0,0.5,20.7,40,11,45.999998,69.0,21.399999,1,1,1042,0
rho\set42\rho_0.4.py,rho,42,rho,0.4,2,5,5,0.5,0.5,0.4,0.6,1.0,0.5,27.6,40,11,45.999998,69.0,21.399999,1,1,1042,0
rho\set42\rho_0.5.py,rho,42,rho,0.5,2,5,5,0.5,0.5,0.5,0.6,1.0,0.5,34.5,40,11,45.999998,69.0,21.399999,1,1,1042,0
rho\set42\rho_0.6.py,rho,42,rho,0.6,2,5,5,0.5,0.5,0.6,0.6,1.0,0.5,41.4,40,11,45.999998,69.0,21.399999,1,1,1042,0
rho\set42\rho_0.7.py,rho,42,rho,0.7,2,5,5,0.5,0.5,0.7,0.6,1.0,0.5,48.3,40,11,45.999998,69.0,21.399999,1,1,1042,0
rho\set42\rho_0.8.py,rho,42,rho,0.8,2,5,5,0.5,0.5,0.8,0.6,1.0,0.5,55.2,40,11,45.999998,69.0,21.399999,1,1,1042,0
rho\set42\rho_0.9.py,rho,42,rho,0.9,2,5,5,0.5,0.5,0.9,0.6,1.0,0.5,62.1,40,11,45.999998,69.0,21.399999,1,1,1042,0
rho\set42\rho_1.py,rho,42,rho,1,2,5,5,0.5,0.5,1.0,0.6,1.0,0.5,69.0,40,11,45.999998,69.0,21.399999,1,1,1042,0
rho\set43\rho_0.2.py,rho,43,rho,0.2,2,5,5,0.5,0.5,0.2,0.6,1.0,0.5,13.8,40,13,46.000001,69.0,21.433334,1,1,1043,0
rho\set43\rho_0.3.py,rho,43,rho,0.3,2,5,5,0.5,0.5,0.3,0.6,1.0,0.5,20.7,40,13,46.000001,69.0,21.433334,1,1,1043,0
rho\set43\rho_0.4.py,rho,43,rho,0.4,2,5,5,0.5,0.5,0.4,0.6,1.0,0.5,27.6,40,13,46.000001,69.0,21.433334,1,1,1043,0
rho\set43\rho_0.5.py,rho,43,rho,0.5,2,5,5,0.5,0.5,0.5,0.6,1.0,0.5,34.5,40,13,46.000001,69.0,21.433334,1,1,1043,0
rho\set43\rho_0.6.py,rho,43,rho,0.6,2,5,5,0.5,0.5,0.6,0.6,1.0,0.5,41.4,40,13,46.000001,69.0,21.433334,1,1,1043,0
rho\set43\rho_0.7.py,rho,43,rho,0.7,2,5,5,0.5,0.5,0.7,0.6,1.0,0.5,48.3,40,13,46.000001,69.0,21.433334,1,1,1043,0
rho\set43\rho_0.8.py,rho,43,rho,0.8,2,5,5,0.5,0.5,0.8,0.6,1.0,0.5,55.2,40,13,46.000001,69.0,21.433334,1,1,1043,0
rho\set43\rho_0.9.py,rho,43,rho,0.9,2,5,5,0.5,0.5,0.9,0.6,1.0,0.5,62.1,40,13,46.000001,69.0,21.433334,1,1,1043,0
rho\set43\rho_1.py,rho,43,rho,1,2,5,5,0.5,0.5,1.0,0.6,1.0,0.5,69.0,40,13,46.000001,69.0,21.433334,1,1,1043,0
rho\set44\rho_0.2.py,rho,44,rho,0.2,2,5,5,0.5,0.5,0.2,0.6,1.0,0.5,13.8,40,12,45.999999,69.0,21.433333,1,1,1044,0
rho\set44\rho_0.3.py,rho,44,rho,0.3,2,5,5,0.5,0.5,0.3,0.6,1.0,0.5,20.7,40,12,45.999999,69.0,21.433333,1,1,1044,0
rho\set44\rho_0.4.py,rho,44,rho,0.4,2,5,5,0.5,0.5,0.4,0.6,1.0,0.5,27.6,40,12,45.999999,69.0,21.433333,1,1,1044,0
rho\set44\rho_0.5.py,rho,44,rho,0.5,2,5,5,0.5,0.5,0.5,0.6,1.0,0.5,34.5,40,12,45.999999,69.0,21.433333,1,1,1044,0
rho\set44\rho_0.6.py,rho,44,rho,0.6,2,5,5,0.5,0.5,0.6,0.6,1.0,0.5,41.4,40,12,45.999999,69.0,21.433333,1,1,1044,0
rho\set44\rho_0.7.py,rho,44,rho,0.7,2,5,5,0.5,0.5,0.7,0.6,1.0,0.5,48.3,40,12,45.999999,69.0,21.433333,1,1,1044,0
rho\set44\rho_0.8.py,rho,44,rho,0.8,2,5,5,0.5,0.5,0.8,0.6,1.0,0.5,55.2,40,12,45.999999,69.0,21.433333,1,1,1044,0
rho\set44\rho_0.9.py,rho,44,rho,0.9,2,5,5,0.5,0.5,0.9,0.6,1.0,0.5,62.1,40,12,45.999999,69.0,21.433333,1,1,1044,0
rho\set44\rho_1.py,rho,44,rho,1,2,5,5,0.5,0.5,1.0,0.6,1.0,0.5,69.0,40,12,45.999999,69.0,21.433333,1,1,1044,0
rho\set45\rho_0.2.py,rho,45,rho,0.2,2,5,5,0.5,0.5,0.2,0.6,1.0,0.5,13.799999,40,11,45.999998,68.999997,23.599999,1,1,1045,0
rho\set45\rho_0.3.py,rho,45,rho,0.3,2,5,5,0.5,0.5,0.3,0.6,1.0,0.5,20.699999,40,11,45.999998,68.999997,23.599999,1,1,1045,0
rho\set45\rho_0.4.py,rho,45,rho,0.4,2,5,5,0.5,0.5,0.4,0.6,1.0,0.5,27.599999,40,11,45.999998,68.999997,23.599999,1,1,1045,0
rho\set45\rho_0.5.py,rho,45,rho,0.5,2,5,5,0.5,0.5,0.5,0.6,1.0,0.5,34.499998,40,11,45.999998,68.999997,23.599999,1,1,1045,0
rho\set45\rho_0.6.py,rho,45,rho,0.6,2,5,5,0.5,0.5,0.6,0.6,1.0,0.5,41.399998,40,11,45.999998,68.999997,23.599999,1,1,1045,0
rho\set45\rho_0.7.py,rho,45,rho,0.7,2,5,5,0.5,0.5,0.7,0.6,1.0,0.5,48.299998,40,11,45.999998,68.999997,23.599999,1,1,1045,0
rho\set45\rho_0.8.py,rho,45,rho,0.8,2,5,5,0.5,0.5,0.8,0.6,1.0,0.5,55.199997,40,11,45.999998,68.999997,23.599999,1,1,1045,0
rho\set45\rho_0.9.py,rho,45,rho,0.9,2,5,5,0.5,0.5,0.9,0.6,1.0,0.5,62.099997,40,11,45.999998,68.999997,23.599999,1,1,1045,0
rho\set45\rho_1.py,rho,45,rho,1,2,5,5,0.5,0.5,1.0,0.6,1.0,0.5,68.999997,40,11,45.999998,68.999997,23.599999,1,1,1045,0
rho\set46\rho_0.2.py,rho,46,rho,0.2,2,5,5,0.5,0.5,0.2,0.6,1.0,0.5,13.8,40,13,46.0,69.000001,22.042857,1,1,1046,0
rho\set46\rho_0.3.py,rho,46,rho,0.3,2,5,5,0.5,0.5,0.3,0.6,1.0,0.5,20.7,40,13,46.0,69.000001,22.042857,1,1,1046,0
rho\set46\rho_0.4.py,rho,46,rho,0.4,2,5,5,0.5,0.5,0.4,0.6,1.0,0.5,27.6,40,13,46.0,69.000001,22.042857,1,1,1046,0
rho\set46\rho_0.5.py,rho,46,rho,0.5,2,5,5,0.5,0.5,0.5,0.6,1.0,0.5,34.500001,40,13,46.0,69.000001,22.042857,1,1,1046,0
rho\set46\rho_0.6.py,rho,46,rho,0.6,2,5,5,0.5,0.5,0.6,0.6,1.0,0.5,41.400001,40,13,46.0,69.000001,22.042857,1,1,1046,0
rho\set46\rho_0.7.py,rho,46,rho,0.7,2,5,5,0.5,0.5,0.7,0.6,1.0,0.5,48.300001,40,13,46.0,69.000001,22.042857,1,1,1046,0
rho\set46\rho_0.8.py,rho,46,rho,0.8,2,5,5,0.5,0.5,0.8,0.6,1.0,0.5,55.200001,40,13,46.0,69.000001,22.042857,1,1,1046,0
rho\set46\rho_0.9.py,rho,46,rho,0.9,2,5,5,0.5,0.5,0.9,0.6,1.0,0.5,62.100001,40,13,46.0,69.000001,22.042857,1,1,1046,0
rho\set46\rho_1.py,rho,46,rho,1,2,5,5,0.5,0.5,1.0,0.6,1.0,0.5,69.000001,40,13,46.0,69.000001,22.042857,1,1,1046,0
rho\set47\rho_0.2.py,rho,47,rho,0.2,2,5,5,0.5,0.5,0.2,0.6,1.0,0.5,13.8,40,13,46.000002,69.000002,22.000001,1,1,1047,0
rho\set47\rho_0.3.py,rho,47,rho,0.3,2,5,5,0.5,0.5,0.3,0.6,1.0,0.5,20.700001,40,13,46.000002,69.000002,22.000001,1,1,1047,0
rho\set47\rho_0.4.py,rho,47,rho,0.4,2,5,5,0.5,0.5,0.4,0.6,1.0,0.5,27.600001,40,13,46.000002,69.000002,22.000001,1,1,1047,0
rho\set47\rho_0.5.py,rho,47,rho,0.5,2,5,5,0.5,0.5,0.5,0.6,1.0,0.5,34.500001,40,13,46.000002,69.000002,22.000001,1,1,1047,0
rho\set47\rho_0.6.py,rho,47,rho,0.6,2,5,5,0.5,0.5,0.6,0.6,1.0,0.5,41.400001,40,13,46.000002,69.000002,22.000001,1,1,1047,0
rho\set47\rho_0.7.py,rho,47,rho,0.7,2,5,5,0.5,0.5,0.7,0.6,1.0,0.5,48.300002,40,13,46.000002,69.000002,22.000001,1,1,1047,0
rho\set47\rho_0.8.py,rho,47,rho,0.8,2,5,5,0.5,0.5,0.8,0.6,1.0,0.5,55.200002,40,13,46.000002,69.000002,22.000001,1,1,1047,0
rho\set47\rho_0.9.py,rho,47,rho,0.9,2,5,5,0.5,0.5,0.9,0.6,1.0,0.5,62.100002,40,13,46.000002,69.000002,22.000001,1,1,1047,0
rho\set47\rho_1.py,rho,47,rho,1,2,5,5,0.5,0.5,1.0,0.6,1.0,0.5,69.000002,40,13,46.000002,69.000002,22.000001,1,1,1047,0
rho\set48\rho_0.2.py,rho,48,rho,0.2,2,5,5,0.5,0.5,0.2,0.6,1.0,0.5,13.799999,40,13,45.999997,68.999997,21.399998,1,1,1048,0
rho\set48\rho_0.3.py,rho,48,rho,0.3,2,5,5,0.5,0.5,0.3,0.6,1.0,0.5,20.699999,40,13,45.999997,68.999997,21.399998,1,1,1048,0
rho\set48\rho_0.4.py,rho,48,rho,0.4,2,5,5,0.5,0.5,0.4,0.6,1.0,0.5,27.599999,40,13,45.999997,68.999997,21.399998,1,1,1048,0
rho\set48\rho_0.5.py,rho,48,rho,0.5,2,5,5,0.5,0.5,0.5,0.6,1.0,0.5,34.499998,40,13,45.999997,68.999997,21.399998,1,1,1048,0
rho\set48\rho_0.6.py,rho,48,rho,0.6,2,5,5,0.5,0.5,0.6,0.6,1.0,0.5,41.399998,40,13,45.999997,68.999997,21.399998,1,1,1048,0
rho\set48\rho_0.7.py,rho,48,rho,0.7,2,5,5,0.5,0.5,0.7,0.6,1.0,0.5,48.299998,40,13,45.999997,68.999997,21.399998,1,1,1048,0
rho\set48\rho_0.8.py,rho,48,rho,0.8,2,5,5,0.5,0.5,0.8,0.6,1.0,0.5,55.199997,40,13,45.999997,68.999997,21.399998,1,1,1048,0
rho\set48\rho_0.9.py,rho,48,rho,0.9,2,5,5,0.5,0.5,0.9,0.6,1.0,0.5,62.099997,40,13,45.999997,68.999997,21.399998,1,1,1048,0
rho\set48\rho_1.py,rho,48,rho,1,2,5,5,0.5,0.5,1.0,0.6,1.0,0.5,68.999997,40,13,45.999997,68.999997,21.399998,1,1,1048,0
rho\set49\rho_0.2.py,rho,49,rho,0.2,2,5,5,0.5,0.5,0.2,0.6,1.0,0.5,13.8,40,11,45.999998,69.000002,23.599999,1,1,1049,0
rho\set49\rho_0.3.py,rho,49,rho,0.3,2,5,5,0.5,0.5,0.3,0.6,1.0,0.5,20.700001,40,11,45.999998,69.000002,23.599999,1,1,1049,0
rho\set49\rho_0.4.py,rho,49,rho,0.4,2,5,5,0.5,0.5,0.4,0.6,1.0,0.5,27.600001,40,11,45.999998,69.000002,23.599999,1,1,1049,0
rho\set49\rho_0.5.py,rho,49,rho,0.5,2,5,5,0.5,0.5,0.5,0.6,1.0,0.5,34.500001,40,11,45.999998,69.000002,23.599999,1,1,1049,0
rho\set49\rho_0.6.py,rho,49,rho,0.6,2,5,5,0.5,0.5,0.6,0.6,1.0,0.5,41.400001,40,11,45.999998,69.000002,23.599999,1,1,1049,0
rho\set49\rho_0.7.py,rho,49,rho,0.7,2,5,5,0.5,0.5,0.7,0.6,1.0,0.5,48.300002,40,11,45.999998,69.000002,23.599999,1,1,1049,0
rho\set49\rho_0.8.py,rho,49,rho,0.8,2,5,5,0.5,0.5,0.8,0.6,1.0,0.5,55.200002,40,11,45.999998,69.000002,23.599999,1,1,1049,0
rho\set49\rho_0.9.py,rho,49,rho,0.9,2,5,5,0.5,0.5,0.9,0.6,1.0,0.5,62.100002,40,11,45.999998,69.000002,23.599999,1,1,1049,0
rho\set49\rho_1.py,rho,49,rho,1,2,5,5,0.5,0.5,1.0,0.6,1.0,0.5,69.000002,40,11,45.999998,69.000002,23.599999,1,1,1049,0
rho\set50\rho_0.2.py,rho,50,rho,0.2,2,5,5,0.5,0.5,0.2,0.6,1.0,0.5,13.8,40,15,46.000003,68.999998,23.009093,1,1,1050,0
rho\set50\rho_0.3.py,rho,50,rho,0.3,2,5,5,0.5,0.5,0.3,0.6,1.0,0.5,20.699999,40,15,46.000003,68.999998,23.009093,1,1,1050,0
rho\set50\rho_0.4.py,rho,50,rho,0.4,2,5,5,0.5,0.5,0.4,0.6,1.0,0.5,27.599999,40,15,46.000003,68.999998,23.009093,1,1,1050,0
rho\set50\rho_0.5.py,rho,50,rho,0.5,2,5,5,0.5,0.5,0.5,0.6,1.0,0.5,34.499999,40,15,46.000003,68.999998,23.009093,1,1,1050,0
rho\set50\rho_0.6.py,rho,50,rho,0.6,2,5,5,0.5,0.5,0.6,0.6,1.0,0.5,41.399999,40,15,46.000003,68.999998,23.009093,1,1,1050,0
rho\set50\rho_0.7.py,rho,50,rho,0.7,2,5,5,0.5,0.5,0.7,0.6,1.0,0.5,48.299998,40,15,46.000003,68.999998,23.009093,1,1,1050,0
rho\set50\rho_0.8.py,rho,50,rho,0.8,2,5,5,0.5,0.5,0.8,0.6,1.0,0.5,55.199998,40,15,46.000003,68.999998,23.009093,1,1,1050,0
rho\set50\rho_0.9.py,rho,50,rho,0.9,2,5,5,0.5,0.5,0.9,0.6,1.0,0.5,62.099998,40,15,46.000003,68.999998,23.009093,1,1,1050,0
rho\set50\rho_1.py,rho,50,rho,1,2,5,5,0.5,0.5,1.0,0.6,1.0,0.5,68.999998,40,15,46.000003,68.999998,23.009093,1,1,1050,0
rho\set51\rho_0.2.py,rho,51,rho,0.2,2,5,5,0.5,0.5,0.2,0.6,1.0,0.5,13.8,40,11,45.999998,68.999998,21.999999,1,1,1051,0
rho\set51\rho_0.3.py,rho,51,rho,0.3,2,5,5,0.5,0.5,0.3,0.6,1.0,0.5,20.699999,40,11,45.999998,68.999998,21.999999,1,1,1051,0
rho\set51\rho_0.4.py,rho,51,rho,0.4,2,5,5,0.5,0.5,0.4,0.6,1.0,0.5,27.599999,40,11,45.999998,68.999998,21.999999,1,1,1051,0
rho\set51\rho_0.5.py,rho,51,rho,0.5,2,5,5,0.5,0.5,0.5,0.6,1.0,0.5,34.499999,40,11,45.999998,68.999998,21.999999,1,1,1051,0
rho\set51\rho_0.6.py,rho,51,rho,0.6,2,5,5,0.5,0.5,0.6,0.6,1.0,0.5,41.399999,40,11,45.999998,68.999998,21.999999,1,1,1051,0
rho\set51\rho_0.7.py,rho,51,rho,0.7,2,5,5,0.5,0.5,0.7,0.6,1.0,0.5,48.299998,40,11,45.999998,68.999998,21.999999,1,1,1051,0
rho\set51\rho_0.8.py,rho,51,rho,0.8,2,5,5,0.5,0.5,0.8,0.6,1.0,0.5,55.199998,40,11,45.999998,68.999998,21.999999,1,1,1051,0
rho\set51\rho_0.9.py,rho,51,rho,0.9,2,5,5,0.5,0.5,0.9,0.6,1.0,0.5,62.099998,40,11,45.999998,68.999998,21.999999,1,1,1051,0
rho\set51\rho_1.py,rho,51,rho,1,2,5,5,0.5,0.5,1.0,0.6,1.0,0.5,68.999998,40,11,45.999998,68.999998,21.999999,1,1,1051,0
rho\set52\rho_0.2.py,rho,52,rho,0.2,2,5,5,0.5,0.5,0.2,0.6,1.0,0.5,13.799999,40,11,45.999997,68.999997,21.399998,1,1,1052,0
rho\set52\rho_0.3.py,rho,52,rho,0.3,2,5,5,0.5,0.5,0.3,0.6,1.0,0.5,20.699999,40,11,45.999997,68.999997,21.399998,1,1,1052,0
rho\set52\rho_0.4.py,rho,52,rho,0.4,2,5,5,0.5,0.5,0.4,0.6,1.0,0.5,27.599999,40,11,45.999997,68.999997,21.399998,1,1,1052,0
rho\set52\rho_0.5.py,rho,52,rho,0.5,2,5,5,0.5,0.5,0.5,0.6,1.0,0.5,34.499998,40,11,45.999997,68.999997,21.399998,1,1,1052,0
rho\set52\rho_0.6.py,rho,52,rho,0.6,2,5,5,0.5,0.5,0.6,0.6,1.0,0.5,41.399998,40,11,45.999997,68.999997,21.399998,1,1,1052,0
rho\set52\rho_0.7.py,rho,52,rho,0.7,2,5,5,0.5,0.5,0.7,0.6,1.0,0.5,48.299998,40,11,45.999997,68.999997,21.399998,1,1,1052,0
rho\set52\rho_0.8.py,rho,52,rho,0.8,2,5,5,0.5,0.5,0.8,0.6,1.0,0.5,55.199997,40,11,45.999997,68.999997,21.399998,1,1,1052,0
rho\set52\rho_0.9.py,rho,52,rho,0.9,2,5,5,0.5,0.5,0.9,0.6,1.0,0.5,62.099997,40,11,45.999997,68.999997,21.399998,1,1,1052,0
rho\set52\rho_1.py,rho,52,rho,1,2,5,5,0.5,0.5,1.0,0.6,1.0,0.5,68.999997,40,11,45.999997,68.999997,21.399998,1,1,1052,0
rho\set53\rho_0.2.py,rho,53,rho,0.2,2,5,5,0.5,0.5,0.2,0.6,1.0,0.5,13.799999,40,9,45.999998,68.999995,23.00909,1,1,1053,0
rho\set53\rho_0.3.py,rho,53,rho,0.3,2,5,5,0.5,0.5,0.3,0.6,1.0,0.5,20.699999,40,9,45.999998,68.999995,23.00909,1,1,1053,0
rho\set53\rho_0.4.py,rho,53,rho,0.4,2,5,5,0.5,0.5,0.4,0.6,1.0,0.5,27.599998,40,9,45.999998,68.999995,23.00909,1,1,1053,0
rho\set53\rho_0.5.py,rho,53,rho,0.5,2,5,5,0.5,0.5,0.5,0.6,1.0,0.5,34.499998,40,9,45.999998,68.999995,23.00909,1,1,1053,0
rho\set53\rho_0.6.py,rho,53,rho,0.6,2,5,5,0.5,0.5,0.6,0.6,1.0,0.5,41.399997,40,9,45.999998,68.999995,23.00909,1,1,1053,0
rho\set53\rho_0.7.py,rho,53,rho,0.7,2,5,5,0.5,0.5,0.7,0.6,1.0,0.5,48.299997,40,9,45.999998,68.999995,23.00909,1,1,1053,0
rho\set53\rho_0.8.py,rho,53,rho,0.8,2,5,5,0.5,0.5,0.8,0.6,1.0,0.5,55.199996,40,9,45.999998,68.999995,23.00909,1,1,1053,0
rho\set53\rho_0.9.py,rho,53,rho,0.9,2,5,5,0.5,0.5,0.9,0.6,1.0,0.5,62.099996,40,9,45.999998,68.999995,23.00909,1,1,1053,0
rho\set53\rho_1.py,rho,53,rho,1,2,5,5,0.5,0.5,1.0,0.6,1.0,0.5,68.999995,40,9,45.999998,68.999995,23.00909,1,1,1053,0
rho\set54\rho_0.2.py,rho,54,rho,0.2,2,5,5,0.5,0.5,0.2,0.6,1.0,0.5,13.799999,40,13,45.999999,68.999997,22.042857,1,1,1054,0
rho\set54\rho_0.3.py,rho,54,rho,0.3,2,5,5,0.5,0.5,0.3,0.6,1.0,0.5,20.699999,40,13,45.999999,68.999997,22.042857,1,1,1054,0
rho\set54\rho_0.4.py,rho,54,rho,0.4,2,5,5,0.5,0.5,0.4,0.6,1.0,0.5,27.599999,40,13,45.999999,68.999997,22.042857,1,1,1054,0
rho\set54\rho_0.5.py,rho,54,rho,0.5,2,5,5,0.5,0.5,0.5,0.6,1.0,0.5,34.499998,40,13,45.999999,68.999997,22.042857,1,1,1054,0
rho\set54\rho_0.6.py,rho,54,rho,0.6,2,5,5,0.5,0.5,0.6,0.6,1.0,0.5,41.399998,40,13,45.999999,68.999997,22.042857,1,1,1054,0
rho\set54\rho_0.7.py,rho,54,rho,0.7,2,5,5,0.5,0.5,0.7,0.6,1.0,0.5,48.299998,40,13,45.999999,68.999997,22.042857,1,1,1054,0
rho\set54\rho_0.8.py,rho,54,rho,0.8,2,5,5,0.5,0.5,0.8,0.6,1.0,0.5,55.199997,40,13,45.999999,68.999997,22.042857,1,1,1054,0
rho\set54\rho_0.9.py,rho,54,rho,0.9,2,5,5,0.5,0.5,0.9,0.6,1.0,0.5,62.099997,40,13,45.999999,68.999997,22.042857,1,1,1054,0
rho\set54\rho_1.py,rho,54,rho,1,2,5,5,0.5,0.5,1.0,0.6,1.0,0.5,68.999997,40,13,45.999999,68.999997,22.042857,1,1,1054,0
rho\set55\rho_0.2.py,rho,55,rho,0.2,2,5,5,0.5,0.5,0.2,0.6,1.0,0.5,13.8,40,11,45.999999,69.000002,22.042857,1,1,1055,0
rho\set55\rho_0.3.py,rho,55,rho,0.3,2,5,5,0.5,0.5,0.3,0.6,1.0,0.5,20.700001,40,11,45.999999,69.000002,22.042857,1,1,1055,0
rho\set55\rho_0.4.py,rho,55,rho,0.4,2,5,5,0.5,0.5,0.4,0.6,1.0,0.5,27.600001,40,11,45.999999,69.000002,22.042857,1,1,1055,0
rho\set55\rho_0.5.py,rho,55,rho,0.5,2,5,5,0.5,0.5,0.5,0.6,1.0,0.5,34.500001,40,11,45.999999,69.000002,22.042857,1,1,1055,0
rho\set55\rho_0.6.py,rho,55,rho,0.6,2,5,5,0.5,0.5,0.6,0.6,1.0,0.5,41.400001,40,11,45.999999,69.000002,22.042857,1,1,1055,0
rho\set55\rho_0.7.py,rho,55,rho,0.7,2,5,5,0.5,0.5,0.7,0.6,1.0,0.5,48.300002,40,11,45.999999,69.000002,22.042857,1,1,1055,0
rho\set55\rho_0.8.py,rho,55,rho,0.8,2,5,5,0.5,0.5,0.8,0.6,1.0,0.5,55.200002,40,11,45.999999,69.000002,22.042857,1,1,1055,0
rho\set55\rho_0.9.py,rho,55,rho,0.9,2,5,5,0.5,0.5,0.9,0.6,1.0,0.5,62.100002,40,11,45.999999,69.000002,22.042857,1,1,1055,0
rho\set55\rho_1.py,rho,55,rho,1,2,5,5,0.5,0.5,1.0,0.6,1.0,0.5,69.000002,40,11,45.999999,69.000002,22.042857,1,1,1055,0
rho\set56\rho_0.2.py,rho,56,rho,0.2,2,5,5,0.5,0.5,0.2,0.6,1.0,0.5,13.8,40,10,45.999999,68.999998,21.399999,1,1,1056,0
rho\set56\rho_0.3.py,rho,56,rho,0.3,2,5,5,0.5,0.5,0.3,0.6,1.0,0.5,20.699999,40,10,45.999999,68.999998,21.399999,1,1,1056,0
rho\set56\rho_0.4.py,rho,56,rho,0.4,2,5,5,0.5,0.5,0.4,0.6,1.0,0.5,27.599999,40,10,45.999999,68.999998,21.399999,1,1,1056,0
rho\set56\rho_0.5.py,rho,56,rho,0.5,2,5,5,0.5,0.5,0.5,0.6,1.0,0.5,34.499999,40,10,45.999999,68.999998,21.399999,1,1,1056,0
rho\set56\rho_0.6.py,rho,56,rho,0.6,2,5,5,0.5,0.5,0.6,0.6,1.0,0.5,41.399999,40,10,45.999999,68.999998,21.399999,1,1,1056,0
rho\set56\rho_0.7.py,rho,56,rho,0.7,2,5,5,0.5,0.5,0.7,0.6,1.0,0.5,48.299998,40,10,45.999999,68.999998,21.399999,1,1,1056,0
rho\set56\rho_0.8.py,rho,56,rho,0.8,2,5,5,0.5,0.5,0.8,0.6,1.0,0.5,55.199998,40,10,45.999999,68.999998,21.399999,1,1,1056,0
rho\set56\rho_0.9.py,rho,56,rho,0.9,2,5,5,0.5,0.5,0.9,0.6,1.0,0.5,62.099998,40,10,45.999999,68.999998,21.399999,1,1,1056,0
rho\set56\rho_1.py,rho,56,rho,1,2,5,5,0.5,0.5,1.0,0.6,1.0,0.5,68.999998,40,10,45.999999,68.999998,21.399999,1,1,1056,0
rho\set57\rho_0.2.py,rho,57,rho,0.2,2,5,5,0.5,0.5,0.2,0.6,1.0,0.5,13.799999,40,15,46.0,68.999997,21.4,1,1,1057,0
rho\set57\rho_0.3.py,rho,57,rho,0.3,2,5,5,0.5,0.5,0.3,0.6,1.0,0.5,20.699999,40,15,46.0,68.999997,21.4,1,1,1057,0
rho\set57\rho_0.4.py,rho,57,rho,0.4,2,5,5,0.5,0.5,0.4,0.6,1.0,0.5,27.599999,40,15,46.0,68.999997,21.4,1,1,1057,0
rho\set57\rho_0.5.py,rho,57,rho,0.5,2,5,5,0.5,0.5,0.5,0.6,1.0,0.5,34.499998,40,15,46.0,68.999997,21.4,1,1,1057,0
rho\set57\rho_0.6.py,rho,57,rho,0.6,2,5,5,0.5,0.5,0.6,0.6,1.0,0.5,41.399998,40,15,46.0,68.999997,21.4,1,1,1057,0
rho\set57\rho_0.7.py,rho,57,rho,0.7,2,5,5,0.5,0.5,0.7,0.6,1.0,0.5,48.299998,40,15,46.0,68.999997,21.4,1,1,1057,0
rho\set57\rho_0.8.py,rho,57,rho,0.8,2,5,5,0.5,0.5,0.8,0.6,1.0,0.5,55.199997,40,15,46.0,68.999997,21.4,1,1,1057,0
rho\set57\rho_0.9.py,rho,57,rho,0.9,2,5,5,0.5,0.5,0.9,0.6,1.0,0.5,62.099997,40,15,46.0,68.999997,21.4,1,1,1057,0
rho\set57\rho_1.py,rho,57,rho,1,2,5,5,0.5,0.5,1.0,0.6,1.0,0.5,68.999997,40,15,46.0,68.999997,21.4,1,1,1057,0
rho\set58\rho_0.2.py,rho,58,rho,0.2,2,5,5,0.5,0.5,0.2,0.6,1.0,0.5,13.8,40,15,46.000001,69.0,21.400001,1,1,1058,0
rho\set58\rho_0.3.py,rho,58,rho,0.3,2,5,5,0.5,0.5,0.3,0.6,1.0,0.5,20.7,40,15,46.000001,69.0,21.400001,1,1,1058,0
rho\set58\rho_0.4.py,rho,58,rho,0.4,2,5,5,0.5,0.5,0.4,0.6,1.0,0.5,27.6,40,15,46.000001,69.0,21.400001,1,1,1058,0
rho\set58\rho_0.5.py,rho,58,rho,0.5,2,5,5,0.5,0.5,0.5,0.6,1.0,0.5,34.5,40,15,46.000001,69.0,21.400001,1,1,1058,0
rho\set58\rho_0.6.py,rho,58,rho,0.6,2,5,5,0.5,0.5,0.6,0.6,1.0,0.5,41.4,40,15,46.000001,69.0,21.400001,1,1,1058,0
rho\set58\rho_0.7.py,rho,58,rho,0.7,2,5,5,0.5,0.5,0.7,0.6,1.0,0.5,48.3,40,15,46.000001,69.0,21.400001,1,1,1058,0
rho\set58\rho_0.8.py,rho,58,rho,0.8,2,5,5,0.5,0.5,0.8,0.6,1.0,0.5,55.2,40,15,46.000001,69.0,21.400001,1,1,1058,0
rho\set58\rho_0.9.py,rho,58,rho,0.9,2,5,5,0.5,0.5,0.9,0.6,1.0,0.5,62.1,40,15,46.000001,69.0,21.400001,1,1,1058,0
rho\set58\rho_1.py,rho,58,rho,1,2,5,5,0.5,0.5,1.0,0.6,1.0,0.5,69.0,40,15,46.000001,69.0,21.400001,1,1,1058,0
rho\set59\rho_0.2.py,rho,59,rho,0.2,2,5,5,0.5,0.5,0.2,0.6,1.0,0.5,13.8,40,10,45.999999,68.999999,21.433333,1,1,1059,0
rho\set59\rho_0.3.py,rho,59,rho,0.3,2,5,5,0.5,0.5,0.3,0.6,1.0,0.5,20.7,40,10,45.999999,68.999999,21.433333,1,1,1059,0
rho\set59\rho_0.4.py,rho,59,rho,0.4,2,5,5,0.5,0.5,0.4,0.6,1.0,0.5,27.6,40,10,45.999999,68.999999,21.433333,1,1,1059,0
rho\set59\rho_0.5.py,rho,59,rho,0.5,2,5,5,0.5,0.5,0.5,0.6,1.0,0.5,34.499999,40,10,45.999999,68.999999,21.433333,1,1,1059,0
rho\set59\rho_0.6.py,rho,59,rho,0.6,2,5,5,0.5,0.5,0.6,0.6,1.0,0.5,41.399999,40,10,45.999999,68.999999,21.433333,1,1,1059,0
rho\set59\rho_0.7.py,rho,59,rho,0.7,2,5,5,0.5,0.5,0.7,0.6,1.0,0.5,48.299999,40,10,45.999999,68.999999,21.433333,1,1,1059,0
rho\set59\rho_0.8.py,rho,59,rho,0.8,2,5,5,0.5,0.5,0.8,0.6,1.0,0.5,55.199999,40,10,45.999999,68.999999,21.433333,1,1,1059,0
rho\set59\rho_0.9.py,rho,59,rho,0.9,2,5,5,0.5,0.5,0.9,0.6,1.0,0.5,62.099999,40,10,45.999999,68.999999,21.433333,1,1,1059,0
rho\set59\rho_1.py,rho,59,rho,1,2,5,5,0.5,0.5,1.0,0.6,1.0,0.5,68.999999,40,10,45.999999,68.999999,21.433333,1,1,1059,0
rho\set60\rho_0.2.py,rho,60,rho,0.2,2,5,5,0.5,0.5,0.2,0.6,1.0,0.5,13.799999,40,15,45.999999,68.999995,21.433333,1,1,1060,0
rho\set60\rho_0.3.py,rho,60,rho,0.3,2,5,5,0.5,0.5,0.3,0.6,1.0,0.5,20.699999,40,15,45.999999,68.999995,21.433333,1,1,1060,0
rho\set60\rho_0.4.py,rho,60,rho,0.4,2,5,5,0.5,0.5,0.4,0.6,1.0,0.5,27.599998,40,15,45.999999,68.999995,21.433333,1,1,1060,0
rho\set60\rho_0.5.py,rho,60,rho,0.5,2,5,5,0.5,0.5,0.5,0.6,1.0,0.5,34.499998,40,15,45.999999,68.999995,21.433333,1,1,1060,0
rho\set60\rho_0.6.py,rho,60,rho,0.6,2,5,5,0.5,0.5,0.6,0.6,1.0,0.5,41.399997,40,15,45.999999,68.999995,21.433333,1,1,1060,0
rho\set60\rho_0.7.py,rho,60,rho,0.7,2,5,5,0.5,0.5,0.7,0.6,1.0,0.5,48.299997,40,15,45.999999,68.999995,21.433333,1,1,1060,0
rho\set60\rho_0.8.py,rho,60,rho,0.8,2,5,5,0.5,0.5,0.8,0.6,1.0,0.5,55.199996,40,15,45.999999,68.999995,21.433333,1,1,1060,0
rho\set60\rho_0.9.py,rho,60,rho,0.9,2,5,5,0.5,0.5,0.9,0.6,1.0,0.5,62.099996,40,15,45.999999,68.999995,21.433333,1,1,1060,0
rho\set60\rho_1.py,rho,60,rho,1,2,5,5,0.5,0.5,1.0,0.6,1.0,0.5,68.999995,40,15,45.999999,68.999995,21.433333,1,1,1060,0
rho\set61\rho_0.2.py,rho,61,rho,0.2,2,5,5,0.5,0.5,0.2,0.6,1.0,0.5,13.8,40,12,45.999999,68.999999,21.399999,1,1,1061,0
rho\set61\rho_0.3.py,rho,61,rho,0.3,2,5,5,0.5,0.5,0.3,0.6,1.0,0.5,20.7,40,12,45.999999,68.999999,21.399999,1,1,1061,0
rho\set61\rho_0.4.py,rho,61,rho,0.4,2,5,5,0.5,0.5,0.4,0.6,1.0,0.5,27.6,40,12,45.999999,68.999999,21.399999,1,1,1061,0
rho\set61\rho_0.5.py,rho,61,rho,0.5,2,5,5,0.5,0.5,0.5,0.6,1.0,0.5,34.499999,40,12,45.999999,68.999999,21.399999,1,1,1061,0
rho\set61\rho_0.6.py,rho,61,rho,0.6,2,5,5,0.5,0.5,0.6,0.6,1.0,0.5,41.399999,40,12,45.999999,68.999999,21.399999,1,1,1061,0
rho\set61\rho_0.7.py,rho,61,rho,0.7,2,5,5,0.5,0.5,0.7,0.6,1.0,0.5,48.299999,40,12,45.999999,68.999999,21.399999,1,1,1061,0
rho\set61\rho_0.8.py,rho,61,rho,0.8,2,5,5,0.5,0.5,0.8,0.6,1.0,0.5,55.199999,40,12,45.999999,68.999999,21.399999,1,1,1061,0
rho\set61\rho_0.9.py,rho,61,rho,0.9,2,5,5,0.5,0.5,0.9,0.6,1.0,0.5,62.099999,40,12,45.999999,68.999999,21.399999,1,1,1061,0
rho\set61\rho_1.py,rho,61,rho,1,2,5,5,0.5,0.5,1.0,0.6,1.0,0.5,68.999999,40,12,45.999999,68.999999,21.399999,1,1,1061,0
rho\set62\rho_0.2.py,rho,62,rho,0.2,2,5,5,0.5,0.5,0.2,0.6,1.0,0.5,13.8,40,10,46.000003,69.000001,21.433335,1,1,1062,0
rho\set62\rho_0.3.py,rho,62,rho,0.3,2,5,5,0.5,0.5,0.3,0.6,1.0,0.5,20.7,40,10,46.000003,69.000001,21.433335,1,1,1062,0
rho\set62\rho_0.4.py,rho,62,rho,0.4,2,5,5,0.5,0.5,0.4,0.6,1.0,0.5,27.6,40,10,46.000003,69.000001,21.433335,1,1,1062,0
rho\set62\rho_0.5.py,rho,62,rho,0.5,2,5,5,0.5,0.5,0.5,0.6,1.0,0.5,34.500001,40,10,46.000003,69.000001,21.433335,1,1,1062,0
rho\set62\rho_0.6.py,rho,62,rho,0.6,2,5,5,0.5,0.5,0.6,0.6,1.0,0.5,41.400001,40,10,46.000003,69.000001,21.433335,1,1,1062,0
rho\set62\rho_0.7.py,rho,62,rho,0.7,2,5,5,0.5,0.5,0.7,0.6,1.0,0.5,48.300001,40,10,46.000003,69.000001,21.433335,1,1,1062,0
rho\set62\rho_0.8.py,rho,62,rho,0.8,2,5,5,0.5,0.5,0.8,0.6,1.0,0.5,55.200001,40,10,46.000003,69.000001,21.433335,1,1,1062,0
rho\set62\rho_0.9.py,rho,62,rho,0.9,2,5,5,0.5,0.5,0.9,0.6,1.0,0.5,62.100001,40,10,46.000003,69.000001,21.433335,1,1,1062,0
rho\set62\rho_1.py,rho,62,rho,1,2,5,5,0.5,0.5,1.0,0.6,1.0,0.5,69.000001,40,10,46.000003,69.000001,21.433335,1,1,1062,0
rho\set63\rho_0.2.py,rho,63,rho,0.2,2,5,5,0.5,0.5,0.2,0.6,1.0,0.5,13.8,40,10,46.000001,69.000002,21.400001,1,1,1063,0
rho\set63\rho_0.3.py,rho,63,rho,0.3,2,5,5,0.5,0.5,0.3,0.6,1.0,0.5,20.700001,40,10,46.000001,69.000002,21.400001,1,1,1063,0
rho\set63\rho_0.4.py,rho,63,rho,0.4,2,5,5,0.5,0.5,0.4,0.6,1.0,0.5,27.600001,40,10,46.000001,69.000002,21.400001,1,1,1063,0
rho\set63\rho_0.5.py,rho,63,rho,0.5,2,5,5,0.5,0.5,0.5,0.6,1.0,0.5,34.500001,40,10,46.000001,69.000002,21.400001,1,1,1063,0
rho\set63\rho_0.6.py,rho,63,rho,0.6,2,5,5,0.5,0.5,0.6,0.6,1.0,0.5,41.400001,40,10,46.000001,69.000002,21.400001,1,1,1063,0
rho\set63\rho_0.7.py,rho,63,rho,0.7,2,5,5,0.5,0.5,0.7,0.6,1.0,0.5,48.300002,40,10,46.000001,69.000002,21.400001,1,1,1063,0
rho\set63\rho_0.8.py,rho,63,rho,0.8,2,5,5,0.5,0.5,0.8,0.6,1.0,0.5,55.200002,40,10,46.000001,69.000002,21.400001,1,1,1063,0
rho\set63\rho_0.9.py,rho,63,rho,0.9,2,5,5,0.5,0.5,0.9,0.6,1.0,0.5,62.100002,40,10,46.000001,69.000002,21.400001,1,1,1063,0
rho\set63\rho_1.py,rho,63,rho,1,2,5,5,0.5,0.5,1.0,0.6,1.0,0.5,69.000002,40,10,46.000001,69.000002,21.400001,1,1,1063,0
rho\set64\rho_0.2.py,rho,64,rho,0.2,2,5,5,0.5,0.5,0.2,0.6,1.0,0.5,13.8,40,13,46.0,68.999998,21.433333,1,1,1064,0
rho\set64\rho_0.3.py,rho,64,rho,0.3,2,5,5,0.5,0.5,0.3,0.6,1.0,0.5,20.699999,40,13,46.0,68.999998,21.433333,1,1,1064,0
rho\set64\rho_0.4.py,rho,64,rho,0.4,2,5,5,0.5,0.5,0.4,0.6,1.0,0.5,27.599999,40,13,46.0,68.999998,21.433333,1,1,1064,0
rho\set64\rho_0.5.py,rho,64,rho,0.5,2,5,5,0.5,0.5,0.5,0.6,1.0,0.5,34.499999,40,13,46.0,68.999998,21.433333,1,1,1064,0
rho\set64\rho_0.6.py,rho,64,rho,0.6,2,5,5,0.5,0.5,0.6,0.6,1.0,0.5,41.399999,40,13,46.0,68.999998,21.433333,1,1,1064,0
rho\set64\rho_0.7.py,rho,64,rho,0.7,2,5,5,0.5,0.5,0.7,0.6,1.0,0.5,48.299998,40,13,46.0,68.999998,21.433333,1,1,1064,0
rho\set64\rho_0.8.py,rho,64,rho,0.8,2,5,5,0.5,0.5,0.8,0.6,1.0,0.5,55.199998,40,13,46.0,68.999998,21.433333,1,1,1064,0
rho\set64\rho_0.9.py,rho,64,rho,0.9,2,5,5,0.5,0.5,0.9,0.6,1.0,0.5,62.099998,40,13,46.0,68.999998,21.433333,1,1,1064,0
rho\set64\rho_1.py,rho,64,rho,1,2,5,5,0.5,0.5,1.0,0.6,1.0,0.5,68.999998,40,13,46.0,68.999998,21.433333,1,1,1064,0
rho\set65\rho_0.2.py,rho,65,rho,0.2,2,5,5,0.5,0.5,0.2,0.6,1.0,0.5,13.8,40,13,45.999997,68.999999,21.433332,1,1,1065,0
rho\set65\rho_0.3.py,rho,65,rho,0.3,2,5,5,0.5,0.5,0.3,0.6,1.0,0.5,20.7,40,13,45.999997,68.999999,21.433332,1,1,1065,0
rho\set65\rho_0.4.py,rho,65,rho,0.4,2,5,5,0.5,0.5,0.4,0.6,1.0,0.5,27.6,40,13,45.999997,68.999999,21.433332,1,1,1065,0
rho\set65\rho_0.5.py,rho,65,rho,0.5,2,5,5,0.5,0.5,0.5,0.6,1.0,0.5,34.499999,40,13,45.999997,68.999999,21.433332,1,1,1065,0
rho\set65\rho_0.6.py,rho,65,rho,0.6,2,5,5,0.5,0.5,0.6,0.6,1.0,0.5,41.399999,40,13,45.999997,68.999999,21.433332,1,1,1065,0
rho\set65\rho_0.7.py,rho,65,rho,0.7,2,5,5,0.5,0.5,0.7,0.6,1.0,0.5,48.299999,40,13,45.999997,68.999999,21.433332,1,1,1065,0
rho\set65\rho_0.8.py,rho,65,rho,0.8,2,5,5,0.5,0.5,0.8,0.6,1.0,0.5,55.199999,40,13,45.999997,68.999999,21.433332,1,1,1065,0
rho\set65\rho_0.9.py,rho,65,rho,0.9,2,5,5,0.5,0.5,0.9,0.6,1.0,0.5,62.099999,40,13,45.999997,68.999999,21.433332,1,1,1065,0
rho\set65\rho_1.py,rho,65,rho,1,2,5,5,0.5,0.5,1.0,0.6,1.0,0.5,68.999999,40,13,45.999997,68.999999,21.433332,1,1,1065,0
rho\set66\rho_0.2.py,rho,66,rho,0.2,2,5,5,0.5,0.5,0.2,0.6,1.0,0.5,13.8,40,9,45.999999,68.999998,26.130769,1,1,1066,0
rho\set66\rho_0.3.py,rho,66,rho,0.3,2,5,5,0.5,0.5,0.3,0.6,1.0,0.5,20.699999,40,9,45.999999,68.999998,26.130769,1,1,1066,0
rho\set66\rho_0.4.py,rho,66,rho,0.4,2,5,5,0.5,0.5,0.4,0.6,1.0,0.5,27.599999,40,9,45.999999,68.999998,26.130769,1,1,1066,0
rho\set66\rho_0.5.py,rho,66,rho,0.5,2,5,5,0.5,0.5,0.5,0.6,1.0,0.5,34.499999,40,9,45.999999,68.999998,26.130769,1,1,1066,0
rho\set66\rho_0.6.py,rho,66,rho,0.6,2,5,5,0.5,0.5,0.6,0.6,1.0,0.5,41.399999,40,9,45.999999,68.999998,26.130769,1,1,1066,0
rho\set66\rho_0.7.py,rho,66,rho,0.7,2,5,5,0.5,0.5,0.7,0.6,1.0,0.5,48.299998,40,9,45.999999,68.999998,26.130769,1,1,1066,0
rho\set66\rho_0.8.py,rho,66,rho,0.8,2,5,5,0.5,0.5,0.8,0.6,1.0,0.5,55.199998,40,9,45.999999,68.999998,26.130769,1,1,1066,0
rho\set66\rho_0.9.py,rho,66,rho,0.9,2,5,5,0.5,0.5,0.9,0.6,1.0,0.5,62.099998,40,9,45.999999,68.999998,26.130769,1,1,1066,0
rho\set66\rho_1.py,rho,66,rho,1,2,5,5,0.5,0.5,1.0,0.6,1.0,0.5,68.999998,40,9,45.999999,68.999998,26.130769,1,1,1066,0
rho\set67\rho_0.2.py,rho,67,rho,0.2,2,5,5,0.5,0.5,0.2,0.6,1.0,0.5,13.8,40,11,45.999998,68.999998,21.399999,1,1,1067,0
rho\set67\rho_0.3.py,rho,67,rho,0.3,2,5,5,0.5,0.5,0.3,0.6,1.0,0.5,20.699999,40,11,45.999998,68.999998,21.399999,1,1,1067,0
rho\set67\rho_0.4.py,rho,67,rho,0.4,2,5,5,0.5,0.5,0.4,0.6,1.0,0.5,27.599999,40,11,45.999998,68.999998,21.399999,1,1,1067,0
rho\set67\rho_0.5.py,rho,67,rho,0.5,2,5,5,0.5,0.5,0.5,0.6,1.0,0.5,34.499999,40,11,45.999998,68.999998,21.399999,1,1,1067,0
rho\set67\rho_0.6.py,rho,67,rho,0.6,2,5,5,0.5,0.5,0.6,0.6,1.0,0.5,41.399999,40,11,45.999998,68.999998,21.399999,1,1,1067,0
rho\set67\rho_0.7.py,rho,67,rho,0.7,2,5,5,0.5,0.5,0.7,0.6,1.0,0.5,48.299998,40,11,45.999998,68.999998,21.399999,1,1,1067,0
rho\set67\rho_0.8.py,rho,67,rho,0.8,2,5,5,0.5,0.5,0.8,0.6,1.0,0.5,55.199998,40,11,45.999998,68.999998,21.399999,1,1,1067,0
rho\set67\rho_0.9.py,rho,67,rho,0.9,2,5,5,0.5,0.5,0.9,0.6,1.0,0.5,62.099998,40,11,45.999998,68.999998,21.399999,1,1,1067,0
rho\set67\rho_1.py,rho,67,rho,1,2,5,5,0.5,0.5,1.0,0.6,1.0,0.5,68.999998,40,11,45.999998,68.999998,21.399999,1,1,1067,0
rho\set68\rho_0.2.py,rho,68,rho,0.2,2,5,5,0.5,0.5,0.2,0.6,1.0,0.5,13.8,40,10,45.999999,69.0,21.433333,1,1,1068,0
rho\set68\rho_0.3.py,rho,68,rho,0.3,2,5,5,0.5,0.5,0.3,0.6,1.0,0.5,20.7,40,10,45.999999,69.0,21.433333,1,1,1068,0
rho\set68\rho_0.4.py,rho,68,rho,0.4,2,5,5,0.5,0.5,0.4,0.6,1.0,0.5,27.6,40,10,45.999999,69.0,21.433333,1,1,1068,0
rho\set68\rho_0.5.py,rho,68,rho,0.5,2,5,5,0.5,0.5,0.5,0.6,1.0,0.5,34.5,40,10,45.999999,69.0,21.433333,1,1,1068,0
rho\set68\rho_0.6.py,rho,68,rho,0.6,2,5,5,0.5,0.5,0.6,0.6,1.0,0.5,41.4,40,10,45.999999,69.0,21.433333,1,1,1068,0
rho\set68\rho_0.7.py,rho,68,rho,0.7,2,5,5,0.5,0.5,0.7,0.6,1.0,0.5,48.3,40,10,45.999999,69.0,21.433333,1,1,1068,0
rho\set68\rho_0.8.py,rho,68,rho,0.8,2,5,5,0.5,0.5,0.8,0.6,1.0,0.5,55.2,40,10,45.999999,69.0,21.433333,1,1,1068,0
rho\set68\rho_0.9.py,rho,68,rho,0.9,2,5,5,0.5,0.5,0.9,0.6,1.0,0.5,62.1,40,10,45.999999,69.0,21.433333,1,1,1068,0
rho\set68\rho_1.py,rho,68,rho,1,2,5,5,0.5,0.5,1.0,0.6,1.0,0.5,69.0,40,10,45.999999,69.0,21.433333,1,1,1068,0
rho\set69\rho_0.2.py,rho,69,rho,0.2,2,5,5,0.5,0.5,0.2,0.6,1.0,0.5,13.800001,40,15,46.000001,69.000006,21.400001,1,1,1069,0
rho\set69\rho_0.3.py,rho,69,rho,0.3,2,5,5,0.5,0.5,0.3,0.6,1.0,0.5,20.700002,40,15,46.000001,69.000006,21.400001,1,1,1069,0
rho\set69\rho_0.4.py,rho,69,rho,0.4,2,5,5,0.5,0.5,0.4,0.6,1.0,0.5,27.600002,40,15,46.000001,69.000006,21.400001,1,1,1069,0
rho\set69\rho_0.5.py,rho,69,rho,0.5,2,5,5,0.5,0.5,0.5,0.6,1.0,0.5,34.500003,40,15,46.000001,69.000006,21.400001,1,1,1069,0
rho\set69\rho_0.6.py,rho,69,rho,0.6,2,5,5,0.5,0.5,0.6,0.6,1.0,0.5,41.400003,40,15,46.000001,69.000006,21.400001,1,1,1069,0
rho\set69\rho_0.7.py,rho,69,rho,0.7,2,5,5,0.5,0.5,0.7,0.6,1.0,0.5,48.300004,40,15,46.000001,69.000006,21.400001,1,1,1069,0
rho\set69\rho_0.8.py,rho,69,rho,0.8,2,5,5,0.5,0.5,0.8,0.6,1.0,0.5,55.200005,40,15,46.000001,69.000006,21.400001,1,1,1069,0
rho\set69\rho_0.9.py,rho,69,rho,0.9,2,5,5,0.5,0.5,0.9,0.6,1.0,0.5,62.100005,40,15,46.000001,69.000006,21.400001,1,1,1069,0
rho\set69\rho_1.py,rho,69,rho,1,2,5,5,0.5,0.5,1.0,0.6,1.0,0.5,69.000006,40,15,46.000001,69.000006,21.400001,1,1,1069,0
rho\set70\rho_0.2.py,rho,70,rho,0.2,2,5,5,0.5,0.5,0.2,0.6,1.0,0.5,13.799999,40,15,45.999995,68.999997,22.042855,1,1,1070,0
rho\set70\rho_0.3.py,rho,70,rho,0.3,2,5,5,0.5,0.5,0.3,0.6,1.0,0.5,20.699999,40,15,45.999995,68.999997,22.042855,1,1,1070,0
rho\set70\rho_0.4.py,rho,70,rho,0.4,2,5,5,0.5,0.5,0.4,0.6,1.0,0.5,27.599999,40,15,45.999995,68.999997,22.042855,1,1,1070,0
rho\set70\rho_0.5.py,rho,70,rho,0.5,2,5,5,0.5,0.5,0.5,0.6,1.0,0.5,34.499998,40,15,45.999995,68.999997,22.042855,1,1,1070,0
rho\set70\rho_0.6.py,rho,70,rho,0.6,2,5,5,0.5,0.5,0.6,0.6,1.0,0.5,41.399998,40,15,45.999995,68.999997,22.042855,1,1,1070,0
rho\set70\rho_0.7.py,rho,70,rho,0.7,2,5,5,0.5,0.5,0.7,0.6,1.0,0.5,48.299998,40,15,45.999995,68.999997,22.042855,1,1,1070,0
rho\set70\rho_0.8.py,rho,70,rho,0.8,2,5,5,0.5,0.5,0.8,0.6,1.0,0.5,55.199997,40,15,45.999995,68.999997,22.042855,1,1,1070,0
rho\set70\rho_0.9.py,rho,70,rho,0.9,2,5,5,0.5,0.5,0.9,0.6,1.0,0.5,62.099997,40,15,45.999995,68.999997,22.042855,1,1,1070,0
rho\set70\rho_1.py,rho,70,rho,1,2,5,5,0.5,0.5,1.0,0.6,1.0,0.5,68.999997,40,15,45.999995,68.999997,22.042855,1,1,1070,0
rho\set71\rho_0.2.py,rho,71,rho,0.2,2,5,5,0.5,0.5,0.2,0.6,1.0,0.5,13.8,40,9,45.999999,68.999999,22.042857,1,1,1071,0
rho\set71\rho_0.3.py,rho,71,rho,0.3,2,5,5,0.5,0.5,0.3,0.6,1.0,0.5,20.7,40,9,45.999999,68.999999,22.042857,1,1,1071,0
rho\set71\rho_0.4.py,rho,71,rho,0.4,2,5,5,0.5,0.5,0.4,0.6,1.0,0.5,27.6,40,9,45.999999,68.999999,22.042857,1,1,1071,0
rho\set71\rho_0.5.py,rho,71,rho,0.5,2,5,5,0.5,0.5,0.5,0.6,1.0,0.5,34.499999,40,9,45.999999,68.999999,22.042857,1,1,1071,0
rho\set71\rho_0.6.py,rho,71,rho,0.6,2,5,5,0.5,0.5,0.6,0.6,1.0,0.5,41.399999,40,9,45.999999,68.999999,22.042857,1,1,1071,0
rho\set71\rho_0.7.py,rho,71,rho,0.7,2,5,5,0.5,0.5,0.7,0.6,1.0,0.5,48.299999,40,9,45.999999,68.999999,22.042857,1,1,1071,0
rho\set71\rho_0.8.py,rho,71,rho,0.8,2,5,5,0.5,0.5,0.8,0.6,1.0,0.5,55.199999,40,9,45.999999,68.999999,22.042857,1,1,1071,0
rho\set71\rho_0.9.py,rho,71,rho,0.9,2,5,5,0.5,0.5,0.9,0.6,1.0,0.5,62.099999,40,9,45.999999,68.999999,22.042857,1,1,1071,0
rho\set71\rho_1.py,rho,71,rho,1,2,5,5,0.5,0.5,1.0,0.6,1.0,0.5,68.999999,40,9,45.999999,68.999999,22.042857,1,1,1071,0
rho\set72\rho_0.2.py,rho,72,rho,0.2,2,5,5,0.5,0.5,0.2,0.6,1.0,0.5,13.799999,40,13,46.0,68.999994,23.6,1,1,1072,0
rho\set72\rho_0.3.py,rho,72,rho,0.3,2,5,5,0.5,0.5,0.3,0.6,1.0,0.5,20.699998,40,13,46.0,68.999994,23.6,1,1,1072,0
rho\set72\rho_0.4.py,rho,72,rho,0.4,2,5,5,0.5,0.5,0.4,0.6,1.0,0.5,27.599998,40,13,46.0,68.999994,23.6,1,1,1072,0
rho\set72\rho_0.5.py,rho,72,rho,0.5,2,5,5,0.5,0.5,0.5,0.6,1.0,0.5,34.499997,40,13,46.0,68.999994,23.6,1,1,1072,0
rho\set72\rho_0.6.py,rho,72,rho,0.6,2,5,5,0.5,0.5,0.6,0.6,1.0,0.5,41.399997,40,13,46.0,68.999994,23.6,1,1,1072,0
rho\set72\rho_0.7.py,rho,72,rho,0.7,2,5,5,0.5,0.5,0.7,0.6,1.0,0.5,48.299996,40,13,46.0,68.999994,23.6,1,1,1072,0
rho\set72\rho_0.8.py,rho,72,rho,0.8,2,5,5,0.5,0.5,0.8,0.6,1.0,0.5,55.199995,40,13,46.0,68.999994,23.6,1,1,1072,0
rho\set72\rho_0.9.py,rho,72,rho,0.9,2,5,5,0.5,0.5,0.9,0.6,1.0,0.5,62.099995,40,13,46.0,68.999994,23.6,1,1,1072,0
rho\set72\rho_1.py,rho,72,rho,1,2,5,5,0.5,0.5,1.0,0.6,1.0,0.5,68.999994,40,13,46.0,68.999994,23.6,1,1,1072,0
rho\set73\rho_0.2.py,rho,73,rho,0.2,2,5,5,0.5,0.5,0.2,0.6,1.0,0.5,13.8,40,9,45.999998,68.999999,23.00909,1,1,1073,0
rho\set73\rho_0.3.py,rho,73,rho,0.3,2,5,5,0.5,0.5,0.3,0.6,1.0,0.5,20.7,40,9,45.999998,68.999999,23.00909,1,1,1073,0
rho\set73\rho_0.4.py,rho,73,rho,0.4,2,5,5,0.5,0.5,0.4,0.6,1.0,0.5,27.6,40,9,45.999998,68.999999,23.00909,1,1,1073,0
rho\set73\rho_0.5.py,rho,73,rho,0.5,2,5,5,0.5,0.5,0.5,0.6,1.0,0.5,34.499999,40,9,45.999998,68.999999,23.00909,1,1,1073,0
rho\set73\rho_0.6.py,rho,73,rho,0.6,2,5,5,0.5,0.5,0.6,0.6,1.0,0.5,41.399999,40,9,45.999998,68.999999,23.00909,1,1,1073,0
rho\set73\rho_0.7.py,rho,73,rho,0.7,2,5,5,0.5,0.5,0.7,0.6,1.0,0.5,48.299999,40,9,45.999998,68.999999,23.00909,1,1,1073,0
rho\set73\rho_0.8.py,rho,73,rho,0.8,2,5,5,0.5,0.5,0.8,0.6,1.0,0.5,55.199999,40,9,45.999998,68.999999,23.00909,1,1,1073,0
rho\set73\rho_0.9.py,rho,73,rho,0.9,2,5,5,0.5,0.5,0.9,0.6,1.0,0.5,62.099999,40,9,45.999998,68.999999,23.00909,1,1,1073,0
rho\set73\rho_1.py,rho,73,rho,1,2,5,5,0.5,0.5,1.0,0.6,1.0,0.5,68.999999,40,9,45.999998,68.999999,23.00909,1,1,1073,0
rho\set74\rho_0.2.py,rho,74,rho,0.2,2,5,5,0.5,0.5,0.2,0.6,1.0,0.5,13.8,40,9,45.999999,68.999999,21.399999,1,1,1074,0
rho\set74\rho_0.3.py,rho,74,rho,0.3,2,5,5,0.5,0.5,0.3,0.6,1.0,0.5,20.7,40,9,45.999999,68.999999,21.399999,1,1,1074,0
rho\set74\rho_0.4.py,rho,74,rho,0.4,2,5,5,0.5,0.5,0.4,0.6,1.0,0.5,27.6,40,9,45.999999,68.999999,21.399999,1,1,1074,0
rho\set74\rho_0.5.py,rho,74,rho,0.5,2,5,5,0.5,0.5,0.5,0.6,1.0,0.5,34.499999,40,9,45.999999,68.999999,21.399999,1,1,1074,0
rho\set74\rho_0.6.py,rho,74,rho,0.6,2,5,5,0.5,0.5,0.6,0.6,1.0,0.5,41.399999,40,9,45.999999,68.999999,21.399999,1,1,1074,0
rho\set74\rho_0.7.py,rho,74,rho,0.7,2,5,5,0.5,0.5,0.7,0.6,1.0,0.5,48.299999,40,9,45.999999,68.999999,21.399999,1,1,1074,0
rho\set74\rho_0.8.py,rho,74,rho,0.8,2,5,5,0.5,0.5,0.8,0.6,1.0,0.5,55.199999,40,9,45.999999,68.999999,21.399999,1,1,1074,0
rho\set74\rho_0.9.py,rho,74,rho,0.9,2,5,5,0.5,0.5,0.9,0.6,1.0,0.5,62.099999,40,9,45.999999,68.999999,21.399999,1,1,1074,0
rho\set74\rho_1.py,rho,74,rho,1,2,5,5,0.5,0.5,1.0,0.6,1.0,0.5,68.999999,40,9,45.999999,68.999999,21.399999,1,1,1074,0
rho\set75\rho_0.2.py,rho,75,rho,0.2,2,5,5,0.5,0.5,0.2,0.6,1.0,0.5,13.8,40,9,46.0,68.999999,21.433333,1,1,1075,0
rho\set75\rho_0.3.py,rho,75,rho,0.3,2,5,5,0.5,0.5,0.3,0.6,1.0,0.5,20.7,40,9,46.0,68.999999,21.433333,1,1,1075,0
rho\set75\rho_0.4.py,rho,75,rho,0.4,2,5,5,0.5,0.5,0.4,0.6,1.0,0.5,27.6,40,9,46.0,68.999999,21.433333,1,1,1075,0
rho\set75\rho_0.5.py,rho,75,rho,0.5,2,5,5,0.5,0.5,0.5,0.6,1.0,0.5,34.499999,40,9,46.0,68.999999,21.433333,1,1,1075,0
rho\set75\rho_0.6.py,rho,75,rho,0.6,2,5,5,0.5,0.5,0.6,0.6,1.0,0.5,41.399999,40,9,46.0,68.999999,21.433333,1,1,1075,0
rho\set75\rho_0.7.py,rho,75,rho,0.7,2,5,5,0.5,0.5,0.7,0.6,1.0,0.5,48.299999,40,9,46.0,68.999999,21.433333,1,1,1075,0
rho\set75\rho_0.8.py,rho,75,rho,0.8,2,5,5,0.5,0.5,0.8,0.6,1.0,0.5,55.199999,40,9,46.0,68.999999,21.433333,1,1,1075,0
rho\set75\rho_0.9.py,rho,75,rho,0.9,2,5,5,0.5,0.5,0.9,0.6,1.0,0.5,62.099999,40,9,46.0,68.999999,21.433333,1,1,1075,0
rho\set75\rho_1.py,rho,75,rho,1,2,5,5,0.5,0.5,1.0,0.6,1.0,0.5,68.999999,40,9,46.0,68.999999,21.433333,1,1,1075,0
rho\set76\rho_0.2.py,rho,76,rho,0.2,2,5,5,0.5,0.5,0.2,0.6,1.0,0.5,13.800001,40,12,46.0,69.000003,21.4,1,1,1076,0
rho\set76\rho_0.3.py,rho,76,rho,0.3,2,5,5,0.5,0.5,0.3,0.6,1.0,0.5,20.700001,40,12,46.0,69.000003,21.4,1,1,1076,0
rho\set76\rho_0.4.py,rho,76,rho,0.4,2,5,5,0.5,0.5,0.4,0.6,1.0,0.5,27.600001,40,12,46.0,69.000003,21.4,1,1,1076,0
rho\set76\rho_0.5.py,rho,76,rho,0.5,2,5,5,0.5,0.5,0.5,0.6,1.0,0.5,34.500002,40,12,46.0,69.000003,21.4,1,1,1076,0
rho\set76\rho_0.6.py,rho,76,rho,0.6,2,5,5,0.5,0.5,0.6,0.6,1.0,0.5,41.400002,40,12,46.0,69.000003,21.4,1,1,1076,0
rho\set76\rho_0.7.py,rho,76,rho,0.7,2,5,5,0.5,0.5,0.7,0.6,1.0,0.5,48.300002,40,12,46.0,69.000003,21.4,1,1,1076,0
rho\set76\rho_0.8.py,rho,76,rho,0.8,2,5,5,0.5,0.5,0.8,0.6,1.0,0.5,55.200003,40,12,46.0,69.000003,21.4,1,1,1076,0
rho\set76\rho_0.9.py,rho,76,rho,0.9,2,5,5,0.5,0.5,0.9,0.6,1.0,0.5,62.100003,40,12,46.0,69.000003,21.4,1,1,1076,0
rho\set76\rho_1.py,rho,76,rho,1,2,5,5,0.5,0.5,1.0,0.6,1.0,0.5,69.000003,40,12,46.0,69.000003,21.4,1,1,1076,0
rho\set77\rho_0.2.py,rho,77,rho,0.2,2,5,5,0.5,0.5,0.2,0.6,1.0,0.5,13.800001,40,13,46.000002,69.000007,21.433334,1,1,1077,0
rho\set77\rho_0.3.py,rho,77,rho,0.3,2,5,5,0.5,0.5,0.3,0.6,1.0,0.5,20.700002,40,13,46.000002,69.000007,21.433334,1,1,1077,0
rho\set77\rho_0.4.py,rho,77,rho,0.4,2,5,5,0.5,0.5,0.4,0.6,1.0,0.5,27.600003,40,13,46.000002,69.000007,21.433334,1,1,1077,0
rho\set77\rho_0.5.py,rho,77,rho,0.5,2,5,5,0.5,0.5,0.5,0.6,1.0,0.5,34.500003,40,13,46.000002,69.000007,21.433334,1,1,1077,0
rho\set77\rho_0.6.py,rho,77,rho,0.6,2,5,5,0.5,0.5,0.6,0.6,1.0,0.5,41.400004,40,13,46.000002,69.000007,21.433334,1,1,1077,0
rho\set77\rho_0.7.py,rho,77,rho,0.7,2,5,5,0.5,0.5,0.7,0.6,1.0,0.5,48.300005,40,13,46.000002,69.000007,21.433334,1,1,1077,0
rho\set77\rho_0.8.py,rho,77,rho,0.8,2,5,5,0.5,0.5,0.8,0.6,1.0,0.5,55.200006,40,13,46.000002,69.000007,21.433334,1,1,1077,0
rho\set77\rho_0.9.py,rho,77,rho,0.9,2,5,5,0.5,0.5,0.9,0.6,1.0,0.5,62.100006,40,13,46.000002,69.000007,21.433334,1,1,1077,0
rho\set77\rho_1.py,rho,77,rho,1,2,5,5,0.5,0.5,1.0,0.6,1.0,0.5,69.000007,40,13,46.000002,69.000007,21.433334,1,1,1077,0
rho\set78\rho_0.2.py,rho,78,rho,0.2,2,5,5,0.5,0.5,0.2,0.6,1.0,0.5,13.8,40,11,45.999999,68.999998,21.399999,1,1,1078,0
rho\set78\rho_0.3.py,rho,78,rho,0.3,2,5,5,0.5,0.5,0.3,0.6,1.0,0.5,20.699999,40,11,45.999999,68.999998,21.399999,1,1,1078,0
rho\set78\rho_0.4.py,rho,78,rho,0.4,2,5,5,0.5,0.5,0.4,0.6,1.0,0.5,27.599999,40,11,45.999999,68.999998,21.399999,1,1,1078,0
rho\set78\rho_0.5.py,rho,78,rho,0.5,2,5,5,0.5,0.5,0.5,0.6,1.0,0.5,34.499999,40,11,45.999999,68.999998,21.399999,1,1,1078,0
rho\set78\rho_0.6.py,rho,78,rho,0.6,2,5,5,0.5,0.5,0.6,0.6,1.0,0.5,41.399999,40,11,45.999999,68.999998,21.399999,1,1,1078,0
rho\set78\rho_0.7.py,rho,78,rho,0.7,2,5,5,0.5,0.5,0.7,0.6,1.0,0.5,48.299998,40,11,45.999999,68.999998,21.399999,1,1,1078,0
rho\set78\rho_0.8.py,rho,78,rho,0.8,2,5,5,0.5,0.5,0.8,0.6,1.0,0.5,55.199998,40,11,45.999999,68.999998,21.399999,1,1,1078,0
rho\set78\rho_0.9.py,rho,78,rho,0.9,2,5,5,0.5,0.5,0.9,0.6,1.0,0.5,62.099998,40,11,45.999999,68.999998,21.399999,1,1,1078,0
rho\set78\rho_1.py,rho,78,rho,1,2,5,5,0.5,0.5,1.0,0.6,1.0,0.5,68.999998,40,11,45.999999,68.999998,21.399999,1,1,1078,0
rho\set79\rho_0.2.py,rho,79,rho,0.2,2,5,5,0.5,0.5,0.2,0.6,1.0,0.5,13.8,40,10,46.000001,68.999998,21.400001,1,1,1079,0
rho\set79\rho_0.3.py,rho,79,rho,0.3,2,5,5,0.5,0.5,0.3,0.6,1.0,0.5,20.699999,40,10,46.000001,68.999998,21.400001,1,1,1079,0
rho\set79\rho_0.4.py,rho,79,rho,0.4,2,5,5,0.5,0.5,0.4,0.6,1.0,0.5,27.599999,40,10,46.000001,68.999998,21.400001,1,1,1079,0
rho\set79\rho_0.5.py,rho,79,rho,0.5,2,5,5,0.5,0.5,0.5,0.6,1.0,0.5,34.499999,40,10,46.000001,68.999998,21.400001,1,1,1079,0
rho\set79\rho_0.6.py,rho,79,rho,0.6,2,5,5,0.5,0.5,0.6,0.6,1.0,0.5,41.399999,40,10,46.000001,68.999998,21.400001,1,1,1079,0
rho\set79\rho_0.7.py,rho,79,rho,0.7,2,5,5,0.5,0.5,0.7,0.6,1.0,0.5,48.299998,40,10,46.000001,68.999998,21.400001,1,1,1079,0
rho\set79\rho_0.8.py,rho,79,rho,0.8,2,5,5,0.5,0.5,0.8,0.6,1.0,0.5,55.199998,40,10,46.000001,68.999998,21.400001,1,1,1079,0
rho\set79\rho_0.9.py,rho,79,rho,0.9,2,5,5,0.5,0.5,0.9,0.6,1.0,0.5,62.099998,40,10,46.000001,68.999998,21.400001,1,1,1079,0
rho\set79\rho_1.py,rho,79,rho,1,2,5,5,0.5,0.5,1.0,0.6,1.0,0.5,68.999998,40,10,46.000001,68.999998,21.400001,1,1,1079,0
rho\set80\rho_0.2.py,rho,80,rho,0.2,2,5,5,0.5,0.5,0.2,0.6,1.0,0.5,13.8,40,13,46.0,69.0,22.0,1,1,1080,0
rho\set80\rho_0.3.py,rho,80,rho,0.3,2,5,5,0.5,0.5,0.3,0.6,1.0,0.5,20.7,40,13,46.0,69.0,22.0,1,1,1080,0
rho\set80\rho_0.4.py,rho,80,rho,0.4,2,5,5,0.5,0.5,0.4,0.6,1.0,0.5,27.6,40,13,46.0,69.0,22.0,1,1,1080,0
rho\set80\rho_0.5.py,rho,80,rho,0.5,2,5,5,0.5,0.5,0.5,0.6,1.0,0.5,34.5,40,13,46.0,69.0,22.0,1,1,1080,0
rho\set80\rho_0.6.py,rho,80,rho,0.6,2,5,5,0.5,0.5,0.6,0.6,1.0,0.5,41.4,40,13,46.0,69.0,22.0,1,1,1080,0
rho\set80\rho_0.7.py,rho,80,rho,0.7,2,5,5,0.5,0.5,0.7,0.6,1.0,0.5,48.3,40,13,46.0,69.0,22.0,1,1,1080,0
rho\set80\rho_0.8.py,rho,80,rho,0.8,2,5,5,0.5,0.5,0.8,0.6,1.0,0.5,55.2,40,13,46.0,69.0,22.0,1,1,1080,0
rho\set80\rho_0.9.py,rho,80,rho,0.9,2,5,5,0.5,0.5,0.9,0.6,1.0,0.5,62.1,40,13,46.0,69.0,22.0,1,1,1080,0
rho\set80\rho_1.py,rho,80,rho,1,2,5,5,0.5,0.5,1.0,0.6,1.0,0.5,69.0,40,13,46.0,69.0,22.0,1,1,1080,0
rho\set81\rho_0.2.py,rho,81,rho,0.2,2,5,5,0.5,0.5,0.2,0.6,1.0,0.5,13.799999,40,12,45.999997,68.999994,21.999998,1,1,1081,0
rho\set81\rho_0.3.py,rho,81,rho,0.3,2,5,5,0.5,0.5,0.3,0.6,1.0,0.5,20.699998,40,12,45.999997,68.999994,21.999998,1,1,1081,0
rho\set81\rho_0.4.py,rho,81,rho,0.4,2,5,5,0.5,0.5,0.4,0.6,1.0,0.5,27.599998,40,12,45.999997,68.999994,21.999998,1,1,1081,0
rho\set81\rho_0.5.py,rho,81,rho,0.5,2,5,5,0.5,0.5,0.5,0.6,1.0,0.5,34.499997,40,12,45.999997,68.999994,21.999998,1,1,1081,0
rho\set81\rho_0.6.py,rho,81,rho,0.6,2,5,5,0.5,0.5,0.6,0.6,1.0,0.5,41.399997,40,12,45.999997,68.999994,21.999998,1,1,1081,0
rho\set81\rho_0.7.py,rho,81,rho,0.7,2,5,5,0.5,0.5,0.7,0.6,1.0,0.5,48.299996,40,12,45.999997,68.999994,21.999998,1,1,1081,0
rho\set81\rho_0.8.py,rho,81,rho,0.8,2,5,5,0.5,0.5,0.8,0.6,1.0,0.5,55.199995,40,12,45.999997,68.999994,21.999998,1,1,1081,0
rho\set81\rho_0.9.py,rho,81,rho,0.9,2,5,5,0.5,0.5,0.9,0.6,1.0,0.5,62.099995,40,12,45.999997,68.999994,21.999998,1,1,1081,0
rho\set81\rho_1.py,rho,81,rho,1,2,5,5,0.5,0.5,1.0,0.6,1.0,0.5,68.999994,40,12,45.999997,68.999994,21.999998,1,1,1081,0
rho\set82\rho_0.2.py,rho,82,rho,0.2,2,5,5,0.5,0.5,0.2,0.6,1.0,0.5,13.8,40,10,45.999999,68.999998,21.433333,1,1,1082,0
rho\set82\rho_0.3.py,rho,82,rho,0.3,2,5,5,0.5,0.5,0.3,0.6,1.0,0.5,20.699999,40,10,45.999999,68.999998,21.433333,1,1,1082,0
rho\set82\rho_0.4.py,rho,82,rho,0.4,2,5,5,0.5,0.5,0.4,0.6,1.0,0.5,27.599999,40,10,45.999999,68.999998,21.433333,1,1,1082,0
rho\set82\rho_0.5.py,rho,82,rho,0.5,2,5,5,0.5,0.5,0.5,0.6,1.0,0.5,34.499999,40,10,45.999999,68.999998,21.433333,1,1,1082,0
rho\set82\rho_0.6.py,rho,82,rho,0.6,2,5,5,0.5,0.5,0.6,0.6,1.0,0.5,41.399999,40,10,45.999999,68.999998,21.433333,1,1,1082,0
rho\set82\rho_0.7.py,rho,82,rho,0.7,2,5,5,0.5,0.5,0.7,0.6,1.0,0.5,48.299998,40,10,45.999999,68.999998,21.433333,1,1,1082,0
rho\set82\rho_0.8.py,rho,82,rho,0.8,2,5,5,0.5,0.5,0.8,0.6,1.0,0.5,55.199998,40,10,45.999999,68.999998,21.433333,1,1,1082,0
rho\set82\rho_0.9.py,rho,82,rho,0.9,2,5,5,0.5,0.5,0.9,0.6,1.0,0.5,62.099998,40,10,45.999999,68.999998,21.433333,1,1,1082,0
rho\set82\rho_1.py,rho,82,rho,1,2,5,5,0.5,0.5,1.0,0.6,1.0,0.5,68.999998,40,10,45.999999,68.999998,21.433333,1,1,1082,0
rho\set83\rho_0.2.py,rho,83,rho,0.2,2,5,5,0.5,0.5,0.2,0.6,1.0,0.5,13.799999,40,15,45.999998,68.999993,21.433332,1,1,1083,0
rho\set83\rho_0.3.py,rho,83,rho,0.3,2,5,5,0.5,0.5,0.3,0.6,1.0,0.5,20.699998,40,15,45.999998,68.999993,21.433332,1,1,1083,0
rho\set83\rho_0.4.py,rho,83,rho,0.4,2,5,5,0.5,0.5,0.4,0.6,1.0,0.5,27.599997,40,15,45.999998,68.999993,21.433332,1,1,1083,0
rho\set83\rho_0.5.py,rho,83,rho,0.5,2,5,5,0.5,0.5,0.5,0.6,1.0,0.5,34.499997,40,15,45.999998,68.999993,21.433332,1,1,1083,0
rho\set83\rho_0.6.py,rho,83,rho,0.6,2,5,5,0.5,0.5,0.6,0.6,1.0,0.5,41.399996,40,15,45.999998,68.999993,21.433332,1,1,1083,0
rho\set83\rho_0.7.py,rho,83,rho,0.7,2,5,5,0.5,0.5,0.7,0.6,1.0,0.5,48.299995,40,15,45.999998,68.999993,21.433332,1,1,1083,0
rho\set83\rho_0.8.py,rho,83,rho,0.8,2,5,5,0.5,0.5,0.8,0.6,1.0,0.5,55.199994,40,15,45.999998,68.999993,21.433332,1,1,1083,0
rho\set83\rho_0.9.py,rho,83,rho,0.9,2,5,5,0.5,0.5,0.9,0.6,1.0,0.5,62.099994,40,15,45.999998,68.999993,21.433332,1,1,1083,0
rho\set83\rho_1.py,rho,83,rho,1,2,5,5,0.5,0.5,1.0,0.6,1.0,0.5,68.999993,40,15,45.999998,68.999993,21.433332,1,1,1083,0
rho\set84\rho_0.2.py,rho,84,rho,0.2,2,5,5,0.5,0.5,0.2,0.6,1.0,0.5,13.8,40,12,46.0,69.000002,23.6,1,1,1084,0
rho\set84\rho_0.3.py,rho,84,rho,0.3,2,5,5,0.5,0.5,0.3,0.6,1.0,0.5,20.700001,40,12,46.0,69.000002,23.6,1,1,1084,0
rho\set84\rho_0.4.py,rho,84,rho,0.4,2,5,5,0.5,0.5,0.4,0.6,1.0,0.5,27.600001,40,12,46.0,69.000002,23.6,1,1,1084,0
rho\set84\rho_0.5.py,rho,84,rho,0.5,2,5,5,0.5,0.5,0.5,0.6,1.0,0.5,34.500001,40,12,46.0,69.000002,23.6,1,1,1084,0
rho\set84\rho_0.6.py,rho,84,rho,0.6,2,5,5,0.5,0.5,0.6,0.6,1.0,0.5,41.400001,40,12,46.0,69.000002,23.6,1,1,1084,0
rho\set84\rho_0.7.py,rho,84,rho,0.7,2,5,5,0.5,0.5,0.7,0.6,1.0,0.5,48.300002,40,12,46.0,69.000002,23.6,1,1,1084,0
rho\set84\rho_0.8.py,rho,84,rho,0.8,2,5,5,0.5,0.5,0.8,0.6,1.0,0.5,55.200002,40,12,46.0,69.000002,23.6,1,1,1084,0
rho\set84\rho_0.9.py,rho,84,rho,0.9,2,5,5,0.5,0.5,0.9,0.6,1.0,0.5,62.100002,40,12,46.0,69.000002,23.6,1,1,1084,0
rho\set84\rho_1.py,rho,84,rho,1,2,5,5,0.5,0.5,1.0,0.6,1.0,0.5,69.000002,40,12,46.0,69.000002,23.6,1,1,1084,0
rho\set85\rho_0.2.py,rho,85,rho,0.2,2,5,5,0.5,0.5,0.2,0.6,1.0,0.5,13.8,40,12,45.999999,69.000001,33.099999,1,1,1085,0
rho\set85\rho_0.3.py,rho,85,rho,0.3,2,5,5,0.5,0.5,0.3,0.6,1.0,0.5,20.7,40,12,45.999999,69.000001,33.099999,1,1,1085,0
rho\set85\rho_0.4.py,rho,85,rho,0.4,2,5,5,0.5,0.5,0.4,0.6,1.0,0.5,27.6,40,12,45.999999,69.000001,33.099999,1,1,1085,0
rho\set85\rho_0.5.py,rho,85,rho,0.5,2,5,5,0.5,0.5,0.5,0.6,1.0,0.5,34.500001,40,12,45.999999,69.000001,33.099999,1,1,1085,0
rho\set85\rho_0.6.py,rho,85,rho,0.6,2,5,5,0.5,0.5,0.6,0.6,1.0,0.5,41.400001,40,12,45.999999,69.000001,33.099999,1,1,1085,0
rho\set85\rho_0.7.py,rho,85,rho,0.7,2,5,5,0.5,0.5,0.7,0.6,1.0,0.5,48.300001,40,12,45.999999,69.000001,33.099999,1,1,1085,0
rho\set85\rho_0.8.py,rho,85,rho,0.8,2,5,5,0.5,0.5,0.8,0.6,1.0,0.5,55.200001,40,12,45.999999,69.000001,33.099999,1,1,1085,0
rho\set85\rho_0.9.py,rho,85,rho,0.9,2,5,5,0.5,0.5,0.9,0.6,1.0,0.5,62.100001,40,12,45.999999,69.000001,33.099999,1,1,1085,0
rho\set85\rho_1.py,rho,85,rho,1,2,5,5,0.5,0.5,1.0,0.6,1.0,0.5,69.000001,40,12,45.999999,69.000001,33.099999,1,1,1085,0
rho\set86\rho_0.2.py,rho,86,rho,0.2,2,5,5,0.5,0.5,0.2,0.6,1.0,0.5,13.800001,40,10,46.000001,69.000007,24.400001,1,1,1086,0
rho\set86\rho_0.3.py,rho,86,rho,0.3,2,5,5,0.5,0.5,0.3,0.6,1.0,0.5,20.700002,40,10,46.000001,69.000007,24.400001,1,1,1086,0
rho\set86\rho_0.4.py,rho,86,rho,0.4,2,5,5,0.5,0.5,0.4,0.6,1.0,0.5,27.600003,40,10,46.000001,69.000007,24.400001,1,1,1086,0
rho\set86\rho_0.5.py,rho,86,rho,0.5,2,5,5,0.5,0.5,0.5,0.6,1.0,0.5,34.500003,40,10,46.000001,69.000007,24.400001,1,1,1086,0
rho\set86\rho_0.6.py,rho,86,rho,0.6,2,5,5,0.5,0.5,0.6,0.6,1.0,0.5,41.400004,40,10,46.000001,69.000007,24.400001,1,1,1086,0
rho\set86\rho_0.7.py,rho,86,rho,0.7,2,5,5,0.5,0.5,0.7,0.6,1.0,0.5,48.300005,40,10,46.000001,69.000007,24.400001,1,1,1086,0
rho\set86\rho_0.8.py,rho,86,rho,0.8,2,5,5,0.5,0.5,0.8,0.6,1.0,0.5,55.200006,40,10,46.000001,69.000007,24.400001,1,1,1086,0
rho\set86\rho_0.9.py,rho,86,rho,0.9,2,5,5,0.5,0.5,0.9,0.6,1.0,0.5,62.100006,40,10,46.000001,69.000007,24.400001,1,1,1086,0
rho\set86\rho_1.py,rho,86,rho,1,2,5,5,0.5,0.5,1.0,0.6,1.0,0.5,69.000007,40,10,46.000001,69.000007,24.400001,1,1,1086,0
rho\set87\rho_0.2.py,rho,87,rho,0.2,2,5,5,0.5,0.5,0.2,0.6,1.0,0.5,13.8,40,13,46.000002,69.0,21.433334,1,1,1087,0
rho\set87\rho_0.3.py,rho,87,rho,0.3,2,5,5,0.5,0.5,0.3,0.6,1.0,0.5,20.7,40,13,46.000002,69.0,21.433334,1,1,1087,0
rho\set87\rho_0.4.py,rho,87,rho,0.4,2,5,5,0.5,0.5,0.4,0.6,1.0,0.5,27.6,40,13,46.000002,69.0,21.433334,1,1,1087,0
rho\set87\rho_0.5.py,rho,87,rho,0.5,2,5,5,0.5,0.5,0.5,0.6,1.0,0.5,34.5,40,13,46.000002,69.0,21.433334,1,1,1087,0
rho\set87\rho_0.6.py,rho,87,rho,0.6,2,5,5,0.5,0.5,0.6,0.6,1.0,0.5,41.4,40,13,46.000002,69.0,21.433334,1,1,1087,0
rho\set87\rho_0.7.py,rho,87,rho,0.7,2,5,5,0.5,0.5,0.7,0.6,1.0,0.5,48.3,40,13,46.000002,69.0,21.433334,1,1,1087,0
rho\set87\rho_0.8.py,rho,87,rho,0.8,2,5,5,0.5,0.5,0.8,0.6,1.0,0.5,55.2,40,13,46.000002,69.0,21.433334,1,1,1087,0
rho\set87\rho_0.9.py,rho,87,rho,0.9,2,5,5,0.5,0.5,0.9,0.6,1.0,0.5,62.1,40,13,46.000002,69.0,21.433334,1,1,1087,0
rho\set87\rho_1.py,rho,87,rho,1,2,5,5,0.5,0.5,1.0,0.6,1.0,0.5,69.0,40,13,46.000002,69.0,21.433334,1,1,1087,0
rho\set88\rho_0.2.py,rho,88,rho,0.2,2,5,5,0.5,0.5,0.2,0.6,1.0,0.5,13.8,40,13,45.999999,69.000001,23.00909,1,1,1088,0
rho\set88\rho_0.3.py,rho,88,rho,0.3,2,5,5,0.5,0.5,0.3,0.6,1.0,0.5,20.7,40,13,45.999999,69.000001,23.00909,1,1,1088,0
rho\set88\rho_0.4.py,rho,88,rho,0.4,2,5,5,0.5,0.5,0.4,0.6,1.0,0.5,27.6,40,13,45.999999,69.000001,23.00909,1,1,1088,0
rho\set88\rho_0.5.py,rho,88,rho,0.5,2,5,5,0.5,0.5,0.5,0.6,1.0,0.5,34.500001,40,13,45.999999,69.000001,23.00909,1,1,1088,0
rho\set88\rho_0.6.py,rho,88,rho,0.6,2,5,5,0.5,0.5,0.6,0.6,1.0,0.5,41.400001,40,13,45.999999,69.000001,23.00909,1,1,1088,0
rho\set88\rho_0.7.py,rho,88,rho,0.7,2,5,5,0.5,0.5,0.7,0.6,1.0,0.5,48.300001,40,13,45.999999,69.000001,23.00909,1,1,1088,0
rho\set88\rho_0.8.py,rho,88,rho,0.8,2,5,5,0.5,0.5,0.8,0.6,1.0,0.5,55.200001,40,13,45.999999,69.000001,23.00909,1,1,1088,0
rho\set88\rho_0.9.py,rho,88,rho,0.9,2,5,5,0.5,0.5,0.9,0.6,1.0,0.5,62.100001,40,13,45.999999,69.000001,23.00909,1,1,1088,0
rho\set88\rho_1.py,rho,88,rho,1,2,5,5,0.5,0.5,1.0,0.6,1.0,0.5,69.000001,40,13,45.999999,69.000001,23.00909,1,1,1088,0
rho\set89\rho_0.2.py,rho,89,rho,0.2,2,5,5,0.5,0.5,0.2,0.6,1.0,0.5,13.8,40,13,45.999999,69.000001,23.00909,1,1,1089,0
rho\set89\rho_0.3.py,rho,89,rho,0.3,2,5,5,0.5,0.5,0.3,0.6,1.0,0.5,20.7,40,13,45.999999,69.000001,23.00909,1,1,1089,0
rho\set89\rho_0.4.py,rho,89,rho,0.4,2,5,5,0.5,0.5,0.4,0.6,1.0,0.5,27.6,40,13,45.999999,69.000001,23.00909,1,1,1089,0
rho\set89\rho_0.5.py,rho,89,rho,0.5,2,5,5,0.5,0.5,0.5,0.6,1.0,0.5,34.500001,40,13,45.999999,69.000001,23.00909,1,1,1089,0
rho\set89\rho_0.6.py,rho,89,rho,0.6,2,5,5,0.5,0.5,0.6,0.6,1.0,0.5,41.400001,40,13,45.999999,69.000001,23.00909,1,1,1089,0
rho\set89\rho_0.7.py,rho,89,rho,0.7,2,5,5,0.5,0.5,0.7,0.6,1.0,0.5,48.300001,40,13,45.999999,69.000001,23.00909,1,1,1089,0
rho\set89\rho_0.8.py,rho,89,rho,0.8,2,5,5,0.5,0.5,0.8,0.6,1.0,0.5,55.200001,40,13,45.999999,69.000001,23.00909,1,1,1089,0
rho\set89\rho_0.9.py,rho,89,rho,0.9,2,5,5,0.5,0.5,0.9,0.6,1.0,0.5,62.100001,40,13,45.999999,69.000001,23.00909,1,1,1089,0
rho\set89\rho_1.py,rho,89,rho,1,2,5,5,0.5,0.5,1.0,0.6,1.0,0.5,69.000001,40,13,45.999999,69.000001,23.00909,1,1,1089,0
rho\set90\rho_0.2.py,rho,90,rho,0.2,2,5,5,0.5,0.5,0.2,0.6,1.0,0.5,13.8,40,12,46.000002,69.000001,21.400001,1,1,1090,0
rho\set90\rho_0.3.py,rho,90,rho,0.3,2,5,5,0.5,0.5,0.3,0.6,1.0,0.5,20.7,40,12,46.000002,69.000001,21.400001,1,1,1090,0
rho\set90\rho_0.4.py,rho,90,rho,0.4,2,5,5,0.5,0.5,0.4,0.6,1.0,0.5,27.6,40,12,46.000002,69.000001,21.400001,1,1,1090,0
rho\set90\rho_0.5.py,rho,90,rho,0.5,2,5,5,0.5,0.5,0.5,0.6,1.0,0.5,34.500001,40,12,46.000002,69.000001,21.400001,1,1,1090,0
rho\set90\rho_0.6.py,rho,90,rho,0.6,2,5,5,0.5,0.5,0.6,0.6,1.0,0.5,41.400001,40,12,46.000002,69.000001,21.400001,1,1,1090,0
rho\set90\rho_0.7.py,rho,90,rho,0.7,2,5,5,0.5,0.5,0.7,0.6,1.0,0.5,48.300001,40,12,46.000002,69.000001,21.400001,1,1,1090,0
rho\set90\rho_0.8.py,rho,90,rho,0.8,2,5,5,0.5,0.5,0.8,0.6,1.0,0.5,55.200001,40,12,46.000002,69.000001,21.400001,1,1,1090,0
rho\set90\rho_0.9.py,rho,90,rho,0.9,2,5,5,0.5,0.5,0.9,0.6,1.0,0.5,62.100001,40,12,46.000002,69.000001,21.400001,1,1,1090,0
rho\set90\rho_1.py,rho,90,rho,1,2,5,5,0.5,0.5,1.0,0.6,1.0,0.5,69.000001,40,12,46.000002,69.000001,21.400001,1,1,1090,0
rho\set91\rho_0.2.py,rho,91,rho,0.2,2,5,5,0.5,0.5,0.2,0.6,1.0,0.5,13.800001,40,10,46.0,69.000003,22.0,1,1,1091,0
rho\set91\rho_0.3.py,rho,91,rho,0.3,2,5,5,0.5,0.5,0.3,0.6,1.0,0.5,20.700001,40,10,46.0,69.000003,22.0,1,1,1091,0
rho\set91\rho_0.4.py,rho,91,rho,0.4,2,5,5,0.5,0.5,0.4,0.6,1.0,0.5,27.600001,40,10,46.0,69.000003,22.0,1,1,1091,0
rho\set91\rho_0.5.py,rho,91,rho,0.5,2,5,5,0.5,0.5,0.5,0.6,1.0,0.5,34.500002,40,10,46.0,69.000003,22.0,1,1,1091,0
rho\set91\rho_0.6.py,rho,91,rho,0.6,2,5,5,0.5,0.5,0.6,0.6,1.0,0.5,41.400002,40,10,46.0,69.000003,22.0,1,1,1091,0
rho\set91\rho_0.7.py,rho,91,rho,0.7,2,5,5,0.5,0.5,0.7,0.6,1.0,0.5,48.300002,40,10,46.0,69.000003,22.0,1,1,1091,0
rho\set91\rho_0.8.py,rho,91,rho,0.8,2,5,5,0.5,0.5,0.8,0.6,1.0,0.5,55.200003,40,10,46.0,69.000003,22.0,1,1,1091,0
rho\set91\rho_0.9.py,rho,91,rho,0.9,2,5,5,0.5,0.5,0.9,0.6,1.0,0.5,62.100003,40,10,46.0,69.000003,22.0,1,1,1091,0
rho\set91\rho_1.py,rho,91,rho,1,2,5,5,0.5,0.5,1.0,0.6,1.0,0.5,69.000003,40,10,46.0,69.000003,22.0,1,1,1091,0
rho\set92\rho_0.2.py,rho,92,rho,0.2,2,5,5,0.5,0.5,0.2,0.6,1.0,0.5,13.800001,40,10,46.000003,69.000005,21.433335,1,1,1092,0
rho\set92\rho_0.3.py,rho,92,rho,0.3,2,5,5,0.5,0.5,0.3,0.6,1.0,0.5,20.700001,40,10,46.000003,69.000005,21.433335,1,1,1092,0
rho\set92\rho_0.4.py,rho,92,rho,0.4,2,5,5,0.5,0.5,0.4,0.6,1.0,0.5,27.600002,40,10,46.000003,69.000005,21.433335,1,1,1092,0
rho\set92\rho_0.5.py,rho,92,rho,0.5,2,5,5,0.5,0.5,0.5,0.6,1.0,0.5,34.500002,40,10,46.000003,69.000005,21.433335,1,1,1092,0
rho\set92\rho_0.6.py,rho,92,rho,0.6,2,5,5,0.5,0.5,0.6,0.6,1.0,0.5,41.400003,40,10,46.000003,69.000005,21.433335,1,1,1092,0
rho\set92\rho_0.7.py,rho,92,rho,0.7,2,5,5,0.5,0.5,0.7,0.6,1.0,0.5,48.300003,40,10,46.000003,69.000005,21.433335,1,1,1092,0
rho\set92\rho_0.8.py,rho,92,rho,0.8,2,5,5,0.5,0.5,0.8,0.6,1.0,0.5,55.200004,40,10,46.000003,69.000005,21.433335,1,1,1092,0
rho\set92\rho_0.9.py,rho,92,rho,0.9,2,5,5,0.5,0.5,0.9,0.6,1.0,0.5,62.100004,40,10,46.000003,69.000005,21.433335,1,1,1092,0
rho\set92\rho_1.py,rho,92,rho,1,2,5,5,0.5,0.5,1.0,0.6,1.0,0.5,69.000005,40,10,46.000003,69.000005,21.433335,1,1,1092,0
rho\set93\rho_0.2.py,rho,93,rho,0.2,2,5,5,0.5,0.5,0.2,0.6,1.0,0.5,13.8,40,10,46.000001,69.000001,23.009091,1,1,1093,0
rho\set93\rho_0.3.py,rho,93,rho,0.3,2,5,5,0.5,0.5,0.3,0.6,1.0,0.5,20.7,40,10,46.000001,69.000001,23.009091,1,1,1093,0
rho\set93\rho_0.4.py,rho,93,rho,0.4,2,5,5,0.5,0.5,0.4,0.6,1.0,0.5,27.6,40,10,46.000001,69.000001,23.009091,1,1,1093,0
rho\set93\rho_0.5.py,rho,93,rho,0.5,2,5,5,0.5,0.5,0.5,0.6,1.0,0.5,34.500001,40,10,46.000001,69.000001,23.009091,1,1,1093,0
rho\set93\rho_0.6.py,rho,93,rho,0.6,2,5,5,0.5,0.5,0.6,0.6,1.0,0.5,41.400001,40,10,46.000001,69.000001,23.009091,1,1,1093,0
rho\set93\rho_0.7.py,rho,93,rho,0.7,2,5,5,0.5,0.5,0.7,0.6,1.0,0.5,48.300001,40,10,46.000001,69.000001,23.009091,1,1,1093,0
rho\set93\rho_0.8.py,rho,93,rho,0.8,2,5,5,0.5,0.5,0.8,0.6,1.0,0.5,55.200001,40,10,46.000001,69.000001,23.009091,1,1,1093,0
rho\set93\rho_0.9.py,rho,93,rho,0.9,2,5,5,0.5,0.5,0.9,0.6,1.0,0.5,62.100001,40,10,46.000001,69.000001,23.009091,1,1,1093,0
rho\set93\rho_1.py,rho,93,rho,1,2,5,5,0.5,0.5,1.0,0.6,1.0,0.5,69.000001,40,10,46.000001,69.000001,23.009091,1,1,1093,0
rho\set94\rho_0.2.py,rho,94,rho,0.2,2,5,5,0.5,0.5,0.2,0.6,1.0,0.5,13.8,40,13,46.0,68.999999,23.009091,1,1,1094,0
rho\set94\rho_0.3.py,rho,94,rho,0.3,2,5,5,0.5,0.5,0.3,0.6,1.0,0.5,20.7,40,13,46.0,68.999999,23.009091,1,1,1094,0
rho\set94\rho_0.4.py,rho,94,rho,0.4,2,5,5,0.5,0.5,0.4,0.6,1.0,0.5,27.6,40,13,46.0,68.999999,23.009091,1,1,1094,0
rho\set94\rho_0.5.py,rho,94,rho,0.5,2,5,5,0.5,0.5,0.5,0.6,1.0,0.5,34.499999,40,13,46.0,68.999999,23.009091,1,1,1094,0
rho\set94\rho_0.6.py,rho,94,rho,0.6,2,5,5,0.5,0.5,0.6,0.6,1.0,0.5,41.399999,40,13,46.0,68.999999,23.009091,1,1,1094,0
rho\set94\rho_0.7.py,rho,94,rho,0.7,2,5,5,0.5,0.5,0.7,0.6,1.0,0.5,48.299999,40,13,46.0,68.999999,23.009091,1,1,1094,0
rho\set94\rho_0.8.py,rho,94,rho,0.8,2,5,5,0.5,0.5,0.8,0.6,1.0,0.5,55.199999,40,13,46.0,68.999999,23.009091,1,1,1094,0
rho\set94\rho_0.9.py,rho,94,rho,0.9,2,5,5,0.5,0.5,0.9,0.6,1.0,0.5,62.099999,40,13,46.0,68.999999,23.009091,1,1,1094,0
rho\set94\rho_1.py,rho,94,rho,1,2,5,5,0.5,0.5,1.0,0.6,1.0,0.5,68.999999,40,13,46.0,68.999999,23.009091,1,1,1094,0
rho\set95\rho_0.2.py,rho,95,rho,0.2,2,5,5,0.5,0.5,0.2,0.6,1.0,0.5,13.8,40,12,45.999999,69.0,21.433333,1,1,1095,0
rho\set95\rho_0.3.py,rho,95,rho,0.3,2,5,5,0.5,0.5,0.3,0.6,1.0,0.5,20.7,40,12,45.999999,69.0,21.433333,1,1,1095,0
rho\set95\rho_0.4.py,rho,95,rho,0.4,2,5,5,0.5,0.5,0.4,0.6,1.0,0.5,27.6,40,12,45.999999,69.0,21.433333,1,1,1095,0
rho\set95\rho_0.5.py,rho,95,rho,0.5,2,5,5,0.5,0.5,0.5,0.6,1.0,0.5,34.5,40,12,45.999999,69.0,21.433333,1,1,1095,0
rho\set95\rho_0.6.py,rho,95,rho,0.6,2,5,5,0.5,0.5,0.6,0.6,1.0,0.5,41.4,40,12,45.999999,69.0,21.433333,1,1,1095,0
rho\set95\rho_0.7.py,rho,95,rho,0.7,2,5,5,0.5,0.5,0.7,0.6,1.0,0.5,48.3,40,12,45.999999,69.0,21.433333,1,1,1095,0
rho\set95\rho_0.8.py,rho,95,rho,0.8,2,5,5,0.5,0.5,0.8,0.6,1.0,0.5,55.2,40,12,45.999999,69.0,21.433333,1,1,1095,0
rho\set95\rho_0.9.py,rho,95,rho,0.9,2,5,5,0.5,0.5,0.9,0.6,1.0,0.5,62.1,40,12,45.999999,69.0,21.433333,1,1,1095,0
rho\set95\rho_1.py,rho,95,rho,1,2,5,5,0.5,0.5,1.0,0.6,1.0,0.5,69.0,40,12,45.999999,69.0,21.433333,1,1,1095,0
rho\set96\rho_0.2.py,rho,96,rho,0.2,2,5,5,0.5,0.5,0.2,0.6,1.0,0.5,13.8,40,11,46.0,68.999999,22.042857,1,1,1096,0
rho\set96\rho_0.3.py,rho,96,rho,0.3,2,5,5,0.5,0.5,0.3,0.6,1.0,0.5,20.7,40,11,46.0,68.999999,22.042857,1,1,1096,0
rho\set96\rho_0.4.py,rho,96,rho,0.4,2,5,5,0.5,0.5,0.4,0.6,1.0,0.5,27.6,40,11,46.0,68.999999,22.042857,1,1,1096,0
rho\set96\rho_0.5.py,rho,96,rho,0.5,2,5,5,0.5,0.5,0.5,0.6,1.0,0.5,34.499999,40,11,46.0,68.999999,22.042857,1,1,1096,0
rho\set96\rho_0.6.py,rho,96,rho,0.6,2,5,5,0.5,0.5,0.6,0.6,1.0,0.5,41.399999,40,11,46.0,68.999999,22.042857,1,1,1096,0
rho\set96\rho_0.7.py,rho,96,rho,0.7,2,5,5,0.5,0.5,0.7,0.6,1.0,0.5,48.299999,40,11,46.0,68.999999,22.042857,1,1,1096,0
rho\set96\rho_0.8.py,rho,96,rho,0.8,2,5,5,0.5,0.5,0.8,0.6,1.0,0.5,55.199999,40,11,46.0,68.999999,22.042857,1,1,1096,0
rho\set96\rho_0.9.py,rho,96,rho,0.9,2,5,5,0.5,0.5,0.9,0.6,1.0,0.5,62.099999,40,11,46.0,68.999999,22.042857,1,1,1096,0
rho\set96\rho_1.py,rho,96,rho,1,2,5,5,0.5,0.5,1.0,0.6,1.0,0.5,68.999999,40,11,46.0,68.999999,22.042857,1,1,1096,0
rho\set97\rho_0.2.py,rho,97,rho,0.2,2,5,5,0.5,0.5,0.2,0.6,1.0,0.5,13.8,40,9,45.999999,68.999999,22.042857,1,1,1097,0
rho\set97\rho_0.3.py,rho,97,rho,0.3,2,5,5,0.5,0.5,0.3,0.6,1.0,0.5,20.7,40,9,45.999999,68.999999,22.042857,1,1,1097,0
rho\set97\rho_0.4.py,rho,97,rho,0.4,2,5,5,0.5,0.5,0.4,0.6,1.0,0.5,27.6,40,9,45.999999,68.999999,22.042857,1,1,1097,0
rho\set97\rho_0.5.py,rho,97,rho,0.5,2,5,5,0.5,0.5,0.5,0.6,1.0,0.5,34.499999,40,9,45.999999,68.999999,22.042857,1,1,1097,0
rho\set97\rho_0.6.py,rho,97,rho,0.6,2,5,5,0.5,0.5,0.6,0.6,1.0,0.5,41.399999,40,9,45.999999,68.999999,22.042857,1,1,1097,0
rho\set97\rho_0.7.py,rho,97,rho,0.7,2,5,5,0.5,0.5,0.7,0.6,1.0,0.5,48.299999,40,9,45.999999,68.999999,22.042857,1,1,1097,0
rho\set97\rho_0.8.py,rho,97,rho,0.8,2,5,5,0.5,0.5,0.8,0.6,1.0,0.5,55.199999,40,9,45.999999,68.999999,22.042857,1,1,1097,0
rho\set97\rho_0.9.py,rho,97,rho,0.9,2,5,5,0.5,0.5,0.9,0.6,1.0,0.5,62.099999,40,9,45.999999,68.999999,22.042857,1,1,1097,0
rho\set97\rho_1.py,rho,97,rho,1,2,5,5,0.5,0.5,1.0,0.6,1.0,0.5,68.999999,40,9,45.999999,68.999999,22.042857,1,1,1097,0
rho\set98\rho_0.2.py,rho,98,rho,0.2,2,5,5,0.5,0.5,0.2,0.6,1.0,0.5,13.8,40,15,46.000001,69.0,21.400001,1,1,1098,0
rho\set98\rho_0.3.py,rho,98,rho,0.3,2,5,5,0.5,0.5,0.3,0.6,1.0,0.5,20.7,40,15,46.000001,69.0,21.400001,1,1,1098,0
rho\set98\rho_0.4.py,rho,98,rho,0.4,2,5,5,0.5,0.5,0.4,0.6,1.0,0.5,27.6,40,15,46.000001,69.0,21.400001,1,1,1098,0
rho\set98\rho_0.5.py,rho,98,rho,0.5,2,5,5,0.5,0.5,0.5,0.6,1.0,0.5,34.5,40,15,46.000001,69.0,21.400001,1,1,1098,0
rho\set98\rho_0.6.py,rho,98,rho,0.6,2,5,5,0.5,0.5,0.6,0.6,1.0,0.5,41.4,40,15,46.000001,69.0,21.400001,1,1,1098,0
rho\set98\rho_0.7.py,rho,98,rho,0.7,2,5,5,0.5,0.5,0.7,0.6,1.0,0.5,48.3,40,15,46.000001,69.0,21.400001,1,1,1098,0
rho\set98\rho_0.8.py,rho,98,rho,0.8,2,5,5,0.5,0.5,0.8,0.6,1.0,0.5,55.2,40,15,46.000001,69.0,21.400001,1,1,1098,0
rho\set98\rho_0.9.py,rho,98,rho,0.9,2,5,5,0.5,0.5,0.9,0.6,1.0,0.5,62.1,40,15,46.000001,69.0,21.400001,1,1,1098,0
rho\set98\rho_1.py,rho,98,rho,1,2,5,5,0.5,0.5,1.0,0.6,1.0,0.5,69.0,40,15,46.000001,69.0,21.400001,1,1,1098,0
rho\set99\rho_0.2.py,rho,99,rho,0.2,2,5,5,0.5,0.5,0.2,0.6,1.0,0.5,13.8,40,11,45.999998,68.999998,21.433332,1,1,1099,0
rho\set99\rho_0.3.py,rho,99,rho,0.3,2,5,5,0.5,0.5,0.3,0.6,1.0,0.5,20.699999,40,11,45.999998,68.999998,21.433332,1,1,1099,0
rho\set99\rho_0.4.py,rho,99,rho,0.4,2,5,5,0.5,0.5,0.4,0.6,1.0,0.5,27.599999,40,11,45.999998,68.999998,21.433332,1,1,1099,0
rho\set99\rho_0.5.py,rho,99,rho,0.5,2,5,5,0.5,0.5,0.5,0.6,1.0,0.5,34.499999,40,11,45.999998,68.999998,21.433332,1,1,1099,0
rho\set99\rho_0.6.py,rho,99,rho,0.6,2,5,5,0.5,0.5,0.6,0.6,1.0,0.5,41.399999,40,11,45.999998,68.999998,21.433332,1,1,1099,0
rho\set99\rho_0.7.py,rho,99,rho,0.7,2,5,5,0.5,0.5,0.7,0.6,1.0,0.5,48.299998,40,11,45.999998,68.999998,21.433332,1,1,1099,0
rho\set99\rho_0.8.py,rho,99,rho,0.8,2,5,5,0.5,0.5,0.8,0.6,1.0,0.5,55.199998,40,11,45.999998,68.999998,21.433332,1,1,1099,0
rho\set99\rho_0.9.py,rho,99,rho,0.9,2,5,5,0.5,0.5,0.9,0.6,1.0,0.5,62.099998,40,11,45.999998,68.999998,21.433332,1,1,1099,0
rho\set99\rho_1.py,rho,99,rho,1,2,5,5,0.5,0.5,1.0,0.6,1.0,0.5,68.999998,40,11,45.999998,68.999998,21.433332,1,1,1099,0
