file,sweep,set,factor,value,n_prc,n_tsk,n_frq,u_mand_factor,u_opt_factor,rho,xi,U_M,U_O,B,H,J,e_mand_fmax,e_full_fmax,e_mand_min,feasible,donate_ok,seed,redraws,model,status,model_feasible,utility,energy,util_per_energy,runtime,gap,error,runtime_best,runtime_worst,repeats,censored,nondeterministic
n_tsk\set00\n_tsk_3.py,n_tsk,0,n_tsk,3,2,3,5,0.5,0.5,0.7,0.6,1.0,0.5,48.299998,40,7,46.0,68.999997,22.042857,1,1,1000,0,ilp_v2,optimal,1,55.001574,48.096283,1.143572,0.015722,0.0,,0.015722,0.016166,3,0,0
n_tsk\set00\n_tsk_3.py,n_tsk,0,n_tsk,3,2,3,5,0.5,0.5,0.7,0.6,1.0,0.5,48.299998,40,7,46.0,68.999997,22.042857,1,1,1000,0,ilp_v3,optimal,1,55.001574,47.186163,1.165629,0.011376,0.0,,0.011376,0.012058,3,0,0
n_tsk\set00\n_tsk_3.py,n_tsk,0,n_tsk,3,2,3,5,0.5,0.5,0.7,0.6,1.0,0.5,48.299998,40,7,46.0,68.999997,22.042857,1,1,1000,0,ilp_v4,optimal,1,55.001574,47.186163,1.165629,0.029592,0.0,,0.029592,0.031722,3,0,0
n_tsk\set00\n_tsk_3.py,n_tsk,0,n_tsk,3,2,3,5,0.5,0.5,0.7,0.6,1.0,0.5,48.299998,40,7,46.0,68.999997,22.042857,1,1,1000,0,greedy_sps_baseline,solved,1,5.116044,47.994008,0.106598,0.00069,,,0.00069,0.001245,3,0,0
n_tsk\set00\n_tsk_4.py,n_tsk,0,n_tsk,4,2,4,5,0.5,0.5,0.7,0.6,1.0,0.5,48.300005,40,11,45.999999,69.000007,22.042857,1,1,1000,0,ilp_v2,optimal,1,28.486685,47.853268,0.595292,0.099546,0.0,,0.099546,0.111037,3,0,0
n_tsk\set00\n_tsk_4.py,n_tsk,0,n_tsk,4,2,4,5,0.5,0.5,0.7,0.6,1.0,0.5,48.300005,40,11,45.999999,69.000007,22.042857,1,1,1000,0,ilp_v3,optimal,1,28.726481,48.207094,0.595897,0.045647,0.0,,0.045647,0.051767,3,0,0
n_tsk\set00\n_tsk_4.py,n_tsk,0,n_tsk,4,2,4,5,0.5,0.5,0.7,0.6,1.0,0.5,48.300005,40,11,45.999999,69.000007,22.042857,1,1,1000,0,ilp_v4,optimal,1,30.746305,48.187375,0.638057,0.09737,0.0,,0.09737,0.123127,3,0,0
n_tsk\set00\n_tsk_4.py,n_tsk,0,n_tsk,4,2,4,5,0.5,0.5,0.7,0.6,1.0,0.5,48.300005,40,11,45.999999,69.000007,22.042857,1,1,1000,0,greedy_sps_baseline,solved,1,3.305498,48.107162,0.068711,0.001053,,,0.001053,0.001361,3,0,0
n_tsk\set00\n_tsk_5.py,n_tsk,0,n_tsk,5,2,5,5,0.5,0.5,0.7,0.6,1.0,0.5,48.300003,40,13,46.000002,69.000005,22.042858,1,1,1000,0,ilp_v2,optimal,1,64.70866,48.292486,1.339932,0.033525,0.0,,0.033525,0.042969,3,0,0
n_tsk\set00\n_tsk_5.py,n_tsk,0,n_tsk,5,2,5,5,0.5,0.5,0.7,0.6,1.0,0.5,48.300003,40,13,46.000002,69.000005,22.042858,1,1,1000,0,ilp_v3,optimal,1,61.915628,47.940817,1.291501,0.063151,0.0,,0.063151,0.070146,3,0,0
n_tsk\set00\n_tsk_5.py,n_tsk,0,n_tsk,5,2,5,5,0.5,0.5,0.7,0.6,1.0,0.5,48.300003,40,13,46.000002,69.000005,22.042858,1,1,1000,0,ilp_v4,optimal,1,67.365432,47.602778,1.415158,0.095746,0.0,,0.095746,0.098751,3,0,0
n_tsk\set00\n_tsk_5.py,n_tsk,0,n_tsk,5,2,5,5,0.5,0.5,0.7,0.6,1.0,0.5,48.300003,40,13,46.000002,69.000005,22.042858,1,1,1000,0,greedy_sps_baseline,solved,1,8.364274,48.284027,0.173231,0.00184,,,0.00184,0.002541,3,0,0
n_tsk\set01\n_tsk_3.py,n_tsk,1,n_tsk,3,2,3,5,0.5,0.5,0.7,0.6,1.0,0.5,48.300002,40,7,46.0,69.000002,21.433333,1,1,1001,0,ilp_v2,optimal,1,63.086839,48.266302,1.307058,0.008635,0.0,,0.008635,0.014324,3,0,0
n_tsk\set01\n_tsk_3.py,n_tsk,1,n_tsk,3,2,3,5,0.5,0.5,0.7,0.6,1.0,0.5,48.300002,40,7,46.0,69.000002,21.433333,1,1,1001,0,ilp_v3,optimal,1,53.3672,48.151247,1.108324,0.011588,0.0,,0.011588,0.012574,3,0,0
n_tsk\set01\n_tsk_3.py,n_tsk,1,n_tsk,3,2,3,5,0.5,0.5,0.7,0.6,1.0,0.5,48.300002,40,7,46.0,69.000002,21.433333,1,1,1001,0,ilp_v4,optimal,1,63.086839,48.266302,1.307058,0.035135,0.0,,0.035135,0.035346,3,0,0
n_tsk\set01\n_tsk_3.py,n_tsk,1,n_tsk,3,2,3,5,0.5,0.5,0.7,0.6,1.0,0.5,48.300002,40,7,46.0,69.000002,21.433333,1,1,1001,0,greedy_sps_baseline,solved,1,9.427611,48.25997,0.195351,0.000473,,,0.000473,0.000688,3,0,0
n_tsk\set01\n_tsk_4.py,n_tsk,1,n_tsk,4,2,4,5,0.5,0.5,0.7,0.6,1.0,0.5,48.299999,40,11,46.000002,68.999999,21.433334,1,1,1001,0,ilp_v2,optimal,1,55.71619,48.225756,1.15532,0.037038,0.0,,0.037038,0.039001,3,0,0
n_tsk\set01\n_tsk_4.py,n_tsk,1,n_tsk,4,2,4,5,0.5,0.5,0.7,0.6,1.0,0.5,48.299999,40,11,46.000002,68.999999,21.433334,1,1,1001,0,ilp_v3,optimal,1,54.794232,48.272247,1.135108,0.081467,0.0,,0.081467,0.083909,3,0,0
n_tsk\set01\n_tsk_4.py,n_tsk,1,n_tsk,4,2,4,5,0.5,0.5,0.7,0.6,1.0,0.5,48.299999,40,11,46.000002,68.999999,21.433334,1,1,1001,0,ilp_v4,optimal,1,55.71619,48.225756,1.15532,0.073674,0.0,,0.073674,0.084319,3,0,0
n_tsk\set01\n_tsk_4.py,n_tsk,1,n_tsk,4,2,4,5,0.5,0.5,0.7,0.6,1.0,0.5,48.299999,40,11,46.000002,68.999999,21.433334,1,1,1001,0,greedy_sps_baseline,solved,1,7.782797,47.902118,0.162473,0.001386,,,0.001386,0.00152,3,0,0
n_tsk\set01\n_tsk_5.py,n_tsk,1,n_tsk,5,2,5,5,0.5,0.5,0.7,0.6,1.0,0.5,48.300007,40,13,46.000002,69.00001,21.433334,1,1,1001,0,ilp_v2,optimal,1,44.434702,48.263013,0.920678,0.040573,0.0,,0.040573,0.042876,3,0,0
n_tsk\set01\n_tsk_5.py,n_tsk,1,n_tsk,5,2,5,5,0.5,0.5,0.7,0.6,1.0,0.5,48.300007,40,13,46.000002,69.00001,21.433334,1,1,1001,0,ilp_v3,optimal,1,38.281158,48.280096,0.792897,0.218254,0.0,,0.218254,0.222615,3,0,0
n_tsk\set01\n_tsk_5.py,n_tsk,1,n_tsk,5,2,5,5,0.5,0.5,0.7,0.6,1.0,0.5,48.300007,40,13,46.000002,69.00001,21.433334,1,1,1001,0,ilp_v4,optimal,1,45.172125,48.226295,0.93667,0.176712,0.0,,0.176712,0.190227,3,0,0
n_tsk\set01\n_tsk_5.py,n_tsk,1,n_tsk,5,2,5,5,0.5,0.5,0.7,0.6,1.0,0.5,48.300007,40,13,46.000002,69.00001,21.433334,1,1,1001,0,greedy_sps_baseline,solved,1,6.057065,48.182155,0.125712,0.004988,,,0.004988,0.005113,3,0,0
n_tsk\set02\n_tsk_3.py,n_tsk,2,n_tsk,3,2,3,5,0.5,0.5,0.7,0.6,1.0,0.5,48.300006,40,7,46.000003,69.000008,21.400002,1,1,1002,0,ilp_v2,optimal,1,33.244879,48.282635,0.688547,0.014947,0.0,,0.014947,0.016213,3,0,0
n_tsk\set02\n_tsk_3.py,n_tsk,2,n_tsk,3,2,3,5,0.5,0.5,0.7,0.6,1.0,0.5,48.300006,40,7,46.000003,69.000008,21.400002,1,1,1002,0,ilp_v3,optimal,1,29.209533,48.121868,0.606991,0.01139,0.0,,0.01139,0.012591,3,0,0
n_tsk\set02\n_tsk_3.py,n_tsk,2,n_tsk,3,2,3,5,0.5,0.5,0.7,0.6,1.0,0.5,48.300006,40,7,46.000003,69.000008,21.400002,1,1,1002,0,ilp_v4,optimal,1,40.816993,45.663174,0.893871,0.036811,0.0,,0.036811,0.05128,3,0,0
n_tsk\set02\n_tsk_3.py,n_tsk,2,n_tsk,3,2,3,5,0.5,0.5,0.7,0.6,1.0,0.5,48.300006,40,7,46.000003,69.000008,21.400002,1,1,1002,0,greedy_sps_baseline,solved,1,5.768908,48.27839,0.119493,0.000942,,,0.000942,0.001068,3,0,0
n_tsk\set02\n_tsk_4.py,n_tsk,2,n_tsk,4,2,4,5,0.5,0.5,0.7,0.6,1.0,0.5,48.299998,40,9,46.0,68.999997,21.4,1,1,1002,0,ilp_v2,optimal,1,57.645259,48.219681,1.195472,0.009792,0.0,,0.009792,0.0138,3,0,0
n_tsk\set02\n_tsk_4.py,n_tsk,2,n_tsk,4,2,4,5,0.5,0.5,0.7,0.6,1.0,0.5,48.299998,40,9,46.0,68.999997,21.4,1,1,1002,0,ilp_v3,optimal,1,55.531587,48.295655,1.149826,0.017888,6.7e-05,,0.017888,0.020151,3,0,0
n_tsk\set02\n_tsk_4.py,n_tsk,2,n_tsk,4,2,4,5,0.5,0.5,0.7,0.6,1.0,0.5,48.299998,40,9,46.0,68.999997,21.4,1,1,1002,0,ilp_v4,optimal,1,57.056627,47.822248,1.193098,0.082358,0.0,,0.082358,0.083991,3,0,0
n_tsk\set02\n_tsk_4.py,n_tsk,2,n_tsk,4,2,4,5,0.5,0.5,0.7,0.6,1.0,0.5,48.299998,40,9,46.0,68.999997,21.4,1,1,1002,0,greedy_sps_baseline,solved,1,3.565285,48.244515,0.0739,0.001847,,,0.001847,0.002043,3,0,0
n_tsk\set02\n_tsk_5.py,n_tsk,2,n_tsk,5,2,5,5,0.5,0.5,0.7,0.6,1.0,0.5,48.300001,40,11,46.000001,69.000001,21.400001,1,1,1002,0,ilp_v2,optimal,1,68.404718,47.739505,1.432874,0.017977,0.0,,0.017977,0.021173,3,0,0
n_tsk\set02\n_tsk_5.py,n_tsk,2,n_tsk,5,2,5,5,0.5,0.5,0.7,0.6,1.0,0.5,48.300001,40,11,46.000001,69.000001,21.400001,1,1,1002,0,ilp_v3,optimal,1,60.599474,48.298349,1.25469,0.026581,5.8e-05,,0.026581,0.026691,3,0,0
n_tsk\set02\n_tsk_5.py,n_tsk,2,n_tsk,5,2,5,5,0.5,0.5,0.7,0.6,1.0,0.5,48.300001,40,11,46.000001,69.000001,21.400001,1,1,1002,0,ilp_v4,optimal,1,69.490474,47.197065,1.472347,0.037764,0.0,,0.037764,0.045676,3,0,0
n_tsk\set02\n_tsk_5.py,n_tsk,2,n_tsk,5,2,5,5,0.5,0.5,0.7,0.6,1.0,0.5,48.300001,40,11,46.000001,69.000001,21.400001,1,1,1002,0,greedy_sps_baseline,solved,1,8.500133,48.282551,0.17605,0.000899,,,0.000899,0.001473,3,0,0
n_tsk\set03\n_tsk_3.py,n_tsk,3,n_tsk,3,2,3,5,0.5,0.5,0.7,0.6,1.0,0.5,48.300001,40,7,45.999998,69.000001,21.433332,1,1,1003,0,ilp_v2,optimal,1,37.474446,48.205482,0.77739,0.006642,0.0,,0.006642,0.008423,3,0,0
n_tsk\set03\n_tsk_3.py,n_tsk,3,n_tsk,3,2,3,5,0.5,0.5,0.7,0.6,1.0,0.5,48.300001,40,7,45.999998,69.000001,21.433332,1,1,1003,0,ilp_v3,optimal,1,37.474446,48.114909,0.778853,0.007255,0.0,,0.007255,0.008678,3,0,0
n_tsk\set03\n_tsk_3.py,n_tsk,3,n_tsk,3,2,3,5,0.5,0.5,0.7,0.6,1.0,0.5,48.300001,40,7,45.999998,69.000001,21.433332,1,1,1003,0,ilp_v4,optimal,1,38.302336,45.435914,0.842997,0.018721,0.0,,0.018721,0.029039,3,0,0
n_tsk\set03\n_tsk_3.py,n_tsk,3,n_tsk,3,2,3,5,0.5,0.5,0.7,0.6,1.0,0.5,48.300001,40,7,45.999998,69.000001,21.433332,1,1,1003,0,greedy_sps_baseline,solved,1,9.152161,48.290777,0.189522,0.000815,,,0.000815,0.000959,3,0,0
n_tsk\set03\n_tsk_4.py,n_tsk,3,n_tsk,4,2,4,5,0.5,0.5,0.7,0.6,1.0,0.5,48.299999,40,8,45.999999,68.999999,21.433333,1,1,1003,0,ilp_v2,optimal,1,45.265478,48.058773,0.941878,0.030483,0.0,,0.030483,0.034361,3,0,0
n_tsk\set03\n_tsk_4.py,n_tsk,3,n_tsk,4,2,4,5,0.5,0.5,0.7,0.6,1.0,0.5,48.299999,40,8,45.999999,68.999999,21.433333,1,1,1003,0,ilp_v3,optimal,1,44.842028,47.593311,0.942192,0.016499,0.0,,0.016499,0.017983,3,0,0
n_tsk\set03\n_tsk_4.py,n_tsk,3,n_tsk,4,2,4,5,0.5,0.5,0.7,0.6,1.0,0.5,48.299999,40,8,45.999999,68.999999,21.433333,1,1,1003,0,ilp_v4,optimal,1,45.265478,48.058773,0.941878,0.046206,0.0,,0.046206,0.054196,3,0,0
n_tsk\set03\n_tsk_4.py,n_tsk,3,n_tsk,4,2,4,5,0.5,0.5,0.7,0.6,1.0,0.5,48.299999,40,8,45.999999,68.999999,21.433333,1,1,1003,0,greedy_sps_baseline,solved,1,7.603281,48.16801,0.157849,0.001027,,,0.001027,0.001168,3,0,0
n_tsk\set03\n_tsk_5.py,n_tsk,3,n_tsk,5,2,5,5,0.5,0.5,0.7,0.6,1.0,0.5,48.299999,40,10,46.0,68.999999,21.433333,1,1,1003,0,ilp_v2,optimal,1,65.652181,48.288722,1.359576,0.026952,0.0,,0.026952,0.027453,3,0,0
n_tsk\set03\n_tsk_5.py,n_tsk,3,n_tsk,5,2,5,5,0.5,0.5,0.7,0.6,1.0,0.5,48.299999,40,10,46.0,68.999999,21.433333,1,1,1003,0,ilp_v3,optimal,1,62.894954,48.298718,1.302208,0.061042,0.0,,0.061042,0.068314,3,0,0
n_tsk\set03\n_tsk_5.py,n_tsk,3,n_tsk,5,2,5,5,0.5,0.5,0.7,0.6,1.0,0.5,48.299999,40,10,46.0,68.999999,21.433333,1,1,1003,0,ilp_v4,optimal,1,65.814743,48.274164,1.363353,0.066035,0.0,,0.066035,0.071711,3,0,0
n_tsk\set03\n_tsk_5.py,n_tsk,3,n_tsk,5,2,5,5,0.5,0.5,0.7,0.6,1.0,0.5,48.299999,40,10,46.0,68.999999,21.433333,1,1,1003,0,greedy_sps_baseline,solved,1,3.970118,48.2699,0.082248,0.001592,,,0.001592,0.001675,3,0,0
n_tsk\set04\n_tsk_3.py,n_tsk,4,n_tsk,3,2,3,5,0.5,0.5,0.7,0.6,1.0,0.5,48.300004,40,7,46.000002,69.000006,22.042858,1,1,1004,0,ilp_v2,optimal,1,29.903551,48.16639,0.620839,0.008908,0.0,,0.008908,0.009154,3,0,0
n_tsk\set04\n_tsk_3.py,n_tsk,4,n_tsk,3,2,3,5,0.5,0.5,0.7,0.6,1.0,0.5,48.300004,40,7,46.000002,69.000006,22.042858,1,1,1004,0,ilp_v3,optimal,1,29.903551,48.16639,0.620839,0.008381,0.0,,0.008381,0.009142,3,0,0
n_tsk\set04\n_tsk_3.py,n_tsk,4,n_tsk,3,2,3,5,0.5,0.5,0.7,0.6,1.0,0.5,48.300004,40,7,46.000002,69.000006,22.042858,1,1,1004,0,ilp_v4,optimal,1,35.844335,48.281674,0.7424,0.021837,0.0,,0.021837,0.024455,3,0,0
n_tsk\set04\n_tsk_3.py,n_tsk,4,n_tsk,3,2,3,5,0.5,0.5,0.7,0.6,1.0,0.5,48.300004,40,7,46.000002,69.000006,22.042858,1,1,1004,0,greedy_sps_baseline,solved,1,7.605999,48.064703,0.158245,0.000833,,,0.000833,0.000953,3,0,0
n_tsk\set04\n_tsk_4.py,n_tsk,4,n_tsk,4,2,4,5,0.5,0.5,0.7,0.6,1.0,0.5,48.300002,40,11,46.000001,69.000002,22.042858,1,1,1004,0,ilp_v2,optimal,1,53.145724,48.299137,1.100345,0.006609,0.0,,0.006609,0.007959,3,0,0
n_tsk\set04\n_tsk_4.py,n_tsk,4,n_tsk,4,2,4,5,0.5,0.5,0.7,0.6,1.0,0.5,48.300002,40,11,46.000001,69.000002,22.042858,1,1,1004,0,ilp_v3,optimal,1,53.145724,48.202959,1.102541,0.016149,0.0,,0.016149,0.025144,3,0,0
n_tsk\set04\n_tsk_4.py,n_tsk,4,n_tsk,4,2,4,5,0.5,0.5,0.7,0.6,1.0,0.5,48.300002,40,11,46.000001,69.000002,22.042858,1,1,1004,0,ilp_v4,optimal,1,53.556161,45.43759,1.178675,0.044682,0.0,,0.044682,0.062125,3,0,0
n_tsk\set04\n_tsk_4.py,n_tsk,4,n_tsk,4,2,4,5,0.5,0.5,0.7,0.6,1.0,0.5,48.300002,40,11,46.000001,69.000002,22.042858,1,1,1004,0,greedy_sps_baseline,solved,1,7.285219,48.284257,0.150882,0.000601,,,0.000601,0.001076,3,0,0
n_tsk\set04\n_tsk_5.py,n_tsk,4,n_tsk,5,2,5,5,0.5,0.5,0.7,0.6,1.0,0.5,48.3,40,13,46.000002,69.0,22.042858,1,1,1004,0,ilp_v2,optimal,1,54.907754,48.120775,1.141041,0.030692,3.6e-05,,0.030692,0.040097,3,0,0
n_tsk\set04\n_tsk_5.py,n_tsk,4,n_tsk,5,2,5,5,0.5,0.5,0.7,0.6,1.0,0.5,48.3,40,13,46.000002,69.0,22.042858,1,1,1004,0,ilp_v3,optimal,1,56.271351,47.64706,1.181004,0.017043,0.0,,0.017043,0.017651,3,0,0
n_tsk\set04\n_tsk_5.py,n_tsk,4,n_tsk,5,2,5,5,0.5,0.5,0.7,0.6,1.0,0.5,48.3,40,13,46.000002,69.0,22.042858,1,1,1004,0,ilp_v4,optimal,1,56.483065,48.270237,1.170143,0.123429,0.0,,0.123429,0.13798,3,0,0
n_tsk\set04\n_tsk_5.py,n_tsk,4,n_tsk,5,2,5,5,0.5,0.5,0.7,0.6,1.0,0.5,48.3,40,13,46.000002,69.0,22.042858,1,1,1004,0,greedy_sps_baseline,solved,1,7.79982,48.211926,0.161782,0.001293,,,0.001293,0.001501,3,0,0
n_tsk\set05\n_tsk_3.py,n_tsk,5,n_tsk,3,2,3,5,0.5,0.5,0.7,0.6,1.0,0.5,48.3,40,7,45.999998,69.0,24.399999,1,1,1005,0,ilp_v2,optimal,1,39.803568,48.171856,0.826283,0.020209,0.0,,0.020209,0.032939,3,0,0
n_tsk\set05\n_tsk_3.py,n_tsk,5,n_tsk,3,2,3,5,0.5,0.5,0.7,0.6,1.0,0.5,48.3,40,7,45.999998,69.0,24.399999,1,1,1005,0,ilp_v3,optimal,1,56.529579,47.547592,1.188905,0.019119,0.0,,0.019119,0.022868,3,0,0
n_tsk\set05\n_tsk_3.py,n_tsk,5,n_tsk,3,2,3,5,0.5,0.5,0.7,0.6,1.0,0.5,48.3,40,7,45.999998,69.0,24.399999,1,1,1005,0,ilp_v4,optimal,1,70.843911,48.14466,1.47148,0.067582,0.0,,0.067582,0.073207,3,0,0
n_tsk\set05\n_tsk_3.py,n_tsk,5,n_tsk,3,2,3,5,0.5,0.5,0.7,0.6,1.0,0.5,48.3,40,7,45.999998,69.0,24.399999,1,1,1005,0,greedy_sps_baseline,solved,1,8.023106,48.208844,0.166424,0.000888,,,0.000888,0.001055,3,0,0
n_tsk\set05\n_tsk_4.py,n_tsk,5,n_tsk,4,2,4,5,0.5,0.5,0.7,0.6,1.0,0.5,48.300002,40,9,46.000001,69.000002,24.400001,1,1,1005,0,ilp_v2,optimal,1,60.976383,48.26024,1.263491,0.025831,0.0,,0.025831,0.028963,3,0,0
n_tsk\set05\n_tsk_4.py,n_tsk,5,n_tsk,4,2,4,5,0.5,0.5,0.7,0.6,1.0,0.5,48.300002,40,9,46.000001,69.000002,24.400001,1,1,1005,0,ilp_v3,optimal,1,60.439603,47.652286,1.268346,0.009313,0.0,,0.009313,0.011009,3,0,0
n_tsk\set05\n_tsk_4.py,n_tsk,5,n_tsk,4,2,4,5,0.5,0.5,0.7,0.6,1.0,0.5,48.300002,40,9,46.000001,69.000002,24.400001,1,1,1005,0,ilp_v4,optimal,1,60.976383,48.171144,1.265828,0.047058,0.0,,0.047058,0.049311,3,0,0
n_tsk\set05\n_tsk_4.py,n_tsk,5,n_tsk,4,2,4,5,0.5,0.5,0.7,0.6,1.0,0.5,48.300002,40,9,46.000001,69.000002,24.400001,1,1,1005,0,greedy_sps_baseline,solved,1,5.681648,48.25774,0.117735,0.001404,,,0.001404,0.001508,3,0,0
n_tsk\set05\n_tsk_5.py,n_tsk,5,n_tsk,5,2,5,5,0.5,0.5,0.7,0.6,1.0,0.5,48.299998,40,10,46.0,68.999998,24.4,1,1,1005,0,ilp_v2,optimal,1,48.111591,48.255135,0.997025,0.00652,0.0,,0.00652,0.011931,3,0,0
n_tsk\set05\n_tsk_5.py,n_tsk,5,n_tsk,5,2,5,5,0.5,0.5,0.7,0.6,1.0,0.5,48.299998,40,10,46.0,68.999998,24.4,1,1,1005,0,ilp_v3,optimal,1,43.997009,46.914174,0.937819,0.018333,0.0,,0.018333,0.023783,3,0,0
n_tsk\set05\n_tsk_5.py,n_tsk,5,n_tsk,5,2,5,5,0.5,0.5,0.7,0.6,1.0,0.5,48.299998,40,10,46.0,68.999998,24.4,1,1,1005,0,ilp_v4,optimal,1,48.111591,48.255135,0.997025,0.026769,0.0,,0.026769,0.036151,3,0,0
n_tsk\set05\n_tsk_5.py,n_tsk,5,n_tsk,5,2,5,5,0.5,0.5,0.7,0.6,1.0,0.5,48.299998,40,10,46.0,68.999998,24.4,1,1,1005,0,greedy_sps_baseline,solved,1,8.491537,48.040339,0.176758,0.000535,,,0.000535,0.000628,3,0,0
n_tsk\set06\n_tsk_3.py,n_tsk,6,n_tsk,3,2,3,5,0.5,0.5,0.7,0.6,1.0,0.5,48.299999,40,7,45.999998,68.999999,21.433332,1,1,1006,0,ilp_v2,optimal,1,31.598933,48.254163,0.654844,0.009199,0.0,,0.009199,0.013829,3,0,0
n_tsk\set06\n_tsk_3.py,n_tsk,6,n_tsk,3,2,3,5,0.5,0.5,0.7,0.6,1.0,0.5,48.299999,40,7,45.999998,68.999999,21.433332,1,1,1006,0,ilp_v3,optimal,1,28.568317,48.237372,0.592244,0.013605,0.0,,0.013605,0.015504,3,0,0
n_tsk\set06\n_tsk_3.py,n_tsk,6,n_tsk,3,2,3,5,0.5,0.5,0.7,0.6,1.0,0.5,48.299999,40,7,45.999998,68.999999,21.433332,1,1,1006,0,ilp_v4,optimal,1,32.085707,46.623432,0.688188,0.097204,0.0,,0.097204,0.118428,3,0,0
n_tsk\set06\n_tsk_3.py,n_tsk,6,n_tsk,3,2,3,5,0.5,0.5,0.7,0.6,1.0,0.5,48.299999,40,7,45.999998,68.999999,21.433332,1,1,1006,0,greedy_sps_baseline,solved,1,7.782589,48.250397,0.161296,0.000905,,,0.000905,0.001033,3,0,0
n_tsk\set06\n_tsk_4.py,n_tsk,6,n_tsk,4,2,4,5,0.5,0.5,0.7,0.6,1.0,0.5,48.300002,40,8,46.0,69.000003,21.433333,1,1,1006,0,ilp_v2,optimal,1,37.872984,48.140353,0.78672,0.010279,0.0,,0.010279,0.01094,3,0,0
n_tsk\set06\n_tsk_4.py,n_tsk,6,n_tsk,4,2,4,5,0.5,0.5,0.7,0.6,1.0,0.5,48.300002,40,8,46.0,69.000003,21.433333,1,1,1006,0,ilp_v3,optimal,1,26.698832,47.584511,0.561082,0.022792,0.0,,0.022792,0.025195,3,0,0
n_tsk\set06\n_tsk_4.py,n_tsk,6,n_tsk,4,2,4,5,0.5,0.5,0.7,0.6,1.0,0.5,48.300002,40,8,46.0,69.000003,21.433333,1,1,1006,0,ilp_v4,optimal,1,38.974486,48.222534,0.808221,0.036107,0.0,,0.036107,0.03721,3,0,0
n_tsk\set06\n_tsk_4.py,n_tsk,6,n_tsk,4,2,4,5,0.5,0.5,0.7,0.6,1.0,0.5,48.300002,40,8,46.0,69.000003,21.433333,1,1,1006,0,greedy_sps_baseline,solved,1,2.203004,48.26444,0.045644,0.000835,,,0.000835,0.000926,3,0,0
n_tsk\set06\n_tsk_5.py,n_tsk,6,n_tsk,5,2,5,5,0.5,0.5,0.7,0.6,1.0,0.5,48.300002,40,10,46.000002,69.000002,21.433334,1,1,1006,0,ilp_v2,optimal,1,35.543866,48.186666,0.737629,0.01083,0.0,,0.01083,0.012922,3,0,0
n_tsk\set06\n_tsk_5.py,n_tsk,6,n_tsk,5,2,5,5,0.5,0.5,0.7,0.6,1.0,0.5,48.300002,40,10,46.000002,69.000002,21.433334,1,1,1006,0,ilp_v3,optimal,1,35.676241,47.926231,0.744399,0.009257,0.0,,0.009257,0.010424,3,0,0
n_tsk\set06\n_tsk_5.py,n_tsk,6,n_tsk,5,2,5,5,0.5,0.5,0.7,0.6,1.0,0.5,48.300002,40,10,46.000002,69.000002,21.433334,1,1,1006,0,ilp_v4,optimal,1,38.970656,48.045761,0.811115,0.042756,0.0,,0.042756,0.046331,3,0,0
n_tsk\set06\n_tsk_5.py,n_tsk,6,n_tsk,5,2,5,5,0.5,0.5,0.7,0.6,1.0,0.5,48.300002,40,10,46.000002,69.000002,21.433334,1,1,1006,0,greedy_sps_baseline,solved,1,2.560218,47.783406,0.05358,0.000727,,,0.000727,0.000888,3,0,0
n_tsk\set07\n_tsk_3.py,n_tsk,7,n_tsk,3,2,3,5,0.5,0.5,0.7,0.6,1.0,0.5,48.299998,40,7,46.0,68.999998,21.4,1,1,1007,0,ilp_v2,optimal,1,31.012959,48.275849,0.642411,0.004539,0.0,,0.004539,0.005385,3,0,0
n_tsk\set07\n_tsk_3.py,n_tsk,7,n_tsk,3,2,3,5,0.5,0.5,0.7,0.6,1.0,0.5,48.299998,40,7,46.0,68.999998,21.4,1,1,1007,0,ilp_v3,optimal,1,22.885689,45.099989,0.507443,0.004343,0.0,,0.004343,0.00483,3,0,0
n_tsk\set07\n_tsk_3.py,n_tsk,7,n_tsk,3,2,3,5,0.5,0.5,0.7,0.6,1.0,0.5,48.299998,40,7,46.0,68.999998,21.4,1,1,1007,0,ilp_v4,optimal,1,36.623429,47.949775,0.763787,0.015977,0.0,,0.015977,0.022199,3,0,0
n_tsk\set07\n_tsk_3.py,n_tsk,7,n_tsk,3,2,3,5,0.5,0.5,0.7,0.6,1.0,0.5,48.299998,40,7,46.0,68.999998,21.4,1,1,1007,0,greedy_sps_baseline,solved,1,3.044053,47.661281,0.063868,0.001099,,,0.001099,0.001635,3,0,0
n_tsk\set07\n_tsk_4.py,n_tsk,7,n_tsk,4,2,4,5,0.5,0.5,0.7,0.6,1.0,0.5,48.300002,40,8,46.0,69.000002,21.4,1,1,1007,0,ilp_v2,optimal,1,77.622727,47.87978,1.621201,0.009891,0.0,,0.009891,0.011814,3,0,0
n_tsk\set07\n_tsk_4.py,n_tsk,7,n_tsk,4,2,4,5,0.5,0.5,0.7,0.6,1.0,0.5,48.300002,40,8,46.0,69.000002,21.4,1,1,1007,0,ilp_v3,optimal,1,65.338551,48.1185,1.357868,0.048171,0.0,,0.048171,0.055946,3,0,0
n_tsk\set07\n_tsk_4.py,n_tsk,7,n_tsk,4,2,4,5,0.5,0.5,0.7,0.6,1.0,0.5,48.300002,40,8,46.0,69.000002,21.4,1,1,1007,0,ilp_v4,optimal,1,81.066269,47.989063,1.689266,0.025268,0.0,,0.025268,0.038378,3,0,0
n_tsk\set07\n_tsk_4.py,n_tsk,7,n_tsk,4,2,4,5,0.5,0.5,0.7,0.6,1.0,0.5,48.300002,40,8,46.0,69.000002,21.4,1,1,1007,0,greedy_sps_baseline,solved,1,9.018172,48.252144,0.186897,0.00061,,,0.00061,0.000963,3,0,0
n_tsk\set07\n_tsk_5.py,n_tsk,7,n_tsk,5,2,5,5,0.5,0.5,0.7,0.6,1.0,0.5,48.299998,40,9,45.999999,68.999998,21.399999,1,1,1007,0,ilp_v2,optimal,1,20.146239,48.191351,0.418047,0.004861,0.0,,0.004861,0.008191,3,0,0
n_tsk\set07\n_tsk_5.py,n_tsk,7,n_tsk,5,2,5,5,0.5,0.5,0.7,0.6,1.0,0.5,48.299998,40,9,45.999999,68.999998,21.399999,1,1,1007,0,ilp_v3,optimal,1,26.987835,48.044104,0.56173,0.015002,0.0,,0.015002,0.017267,3,0,0
n_tsk\set07\n_tsk_5.py,n_tsk,7,n_tsk,5,2,5,5,0.5,0.5,0.7,0.6,1.0,0.5,48.299998,40,9,45.999999,68.999998,21.399999,1,1,1007,0,ilp_v4,optimal,1,26.987835,47.951085,0.56282,0.018512,0.0,,0.018512,0.019619,3,0,0
n_tsk\set07\n_tsk_5.py,n_tsk,7,n_tsk,5,2,5,5,0.5,0.5,0.7,0.6,1.0,0.5,48.299998,40,9,45.999999,68.999998,21.399999,1,1,1007,0,greedy_sps_baseline,solved,1,4.899192,48.20861,0.101625,0.000952,,,0.000952,0.001065,3,0,0
n_tsk\set08\n_tsk_3.py,n_tsk,8,n_tsk,3,2,3,5,0.5,0.5,0.7,0.6,1.0,0.5,48.300002,40,7,46.000002,69.000002,22.042858,1,1,1008,0,ilp_v2,optimal,1,42.223504,44.824699,0.94197,0.007047,0.0,,0.007047,0.009159,3,0,0
n_tsk\set08\n_tsk_3.py,n_tsk,8,n_tsk,3,2,3,5,0.5,0.5,0.7,0.6,1.0,0.5,48.300002,40,7,46.000002,69.000002,22.042858,1,1,1008,0,ilp_v3,optimal,1,39.372806,48.216081,0.816591,0.007914,0.0,,0.007914,0.010586,3,0,0
n_tsk\set08\n_tsk_3.py,n_tsk,8,n_tsk,3,2,3,5,0.5,0.5,0.7,0.6,1.0,0.5,48.300002,40,7,46.000002,69.000002,22.042858,1,1,1008,0,ilp_v4,optimal,1,42.223504,44.824699,0.94197,0.012301,0.0,,0.012301,0.018074,3,0,0
n_tsk\set08\n_tsk_3.py,n_tsk,8,n_tsk,3,2,3,5,0.5,0.5,0.7,0.6,1.0,0.5,48.300002,40,7,46.000002,69.000002,22.042858,1,1,1008,0,greedy_sps_baseline,solved,1,2.317218,48.292106,0.047983,0.000402,,,0.000402,0.000498,3,0,0
n_tsk\set08\n_tsk_4.py,n_tsk,8,n_tsk,4,2,4,5,0.5,0.5,0.7,0.6,1.0,0.5,48.299998,40,8,46.0,68.999997,22.042857,1,1,1008,0,ilp_v2,optimal,1,65.827121,47.784074,1.377595,0.010657,0.0,,0.010657,0.01187,3,0,0
n_tsk\set08\n_tsk_4.py,n_tsk,8,n_tsk,4,2,4,5,0.5,0.5,0.7,0.6,1.0,0.5,48.299998,40,8,46.0,68.999997,22.042857,1,1,1008,0,ilp_v3,optimal,1,40.520058,47.399154,0.854869,0.009721,0.0,,0.009721,0.011331,3,0,0
n_tsk\set08\n_tsk_4.py,n_tsk,8,n_tsk,4,2,4,5,0.5,0.5,0.7,0.6,1.0,0.5,48.299998,40,8,46.0,68.999997,22.042857,1,1,1008,0,ilp_v4,optimal,1,65.827121,48.211203,1.365391,0.026664,0.0,,0.026664,0.030547,3,0,0
n_tsk\set08\n_tsk_4.py,n_tsk,8,n_tsk,4,2,4,5,0.5,0.5,0.7,0.6,1.0,0.5,48.299998,40,8,46.0,68.999997,22.042857,1,1,1008,0,greedy_sps_baseline,solved,1,6.448768,47.864822,0.134729,0.001619,,,0.001619,0.001679,3,0,0
n_tsk\set08\n_tsk_5.py,n_tsk,8,n_tsk,5,2,5,5,0.5,0.5,0.7,0.6,1.0,0.5,48.300002,40,9,46.000002,69.000003,22.042858,1,1,1008,0,ilp_v2,optimal,1,38.342824,45.848775,0.836289,0.013673,0.0,,0.013673,0.020891,3,0,0
n_tsk\set08\n_tsk_5.py,n_tsk,8,n_tsk,5,2,5,5,0.5,0.5,0.7,0.6,1.0,0.5,48.300002,40,9,46.000002,69.000003,22.042858,1,1,1008,0,ilp_v3,optimal,1,38.251393,48.268652,0.792469,0.086791,0.0,,0.086791,0.090897,3,0,0
n_tsk\set08\n_tsk_5.py,n_tsk,8,n_tsk,5,2,5,5,0.5,0.5,0.7,0.6,1.0,0.5,48.300002,40,9,46.000002,69.000003,22.042858,1,1,1008,0,ilp_v4,optimal,1,43.186813,48.147754,0.896964,0.038939,0.0,,0.038939,0.040428,3,0,0
n_tsk\set08\n_tsk_5.py,n_tsk,8,n_tsk,5,2,5,5,0.5,0.5,0.7,0.6,1.0,0.5,48.300002,40,9,46.000002,69.000003,22.042858,1,1,1008,0,greedy_sps_baseline,solved,1,4.436578,48.163973,0.092114,0.001372,,,0.001372,0.001435,3,0,0
n_tsk\set09\n_tsk_3.py,n_tsk,9,n_tsk,3,2,3,5,0.5,0.5,0.7,0.6,1.0,0.5,48.299997,40,7,45.999998,68.999995,21.399999,1,1,1009,0,ilp_v2,optimal,1,21.679318,46.762829,0.463602,0.018031,0.0,,0.018031,0.02305,3,0,0
n_tsk\set09\n_tsk_3.py,n_tsk,9,n_tsk,3,2,3,5,0.5,0.5,0.7,0.6,1.0,0.5,48.299997,40,7,45.999998,68.999995,21.399999,1,1,1009,0,ilp_v3,optimal,1,20.324314,46.559607,0.436522,0.019427,0.0,,0.019427,0.021245,3,0,0
n_tsk\set09\n_tsk_3.py,n_tsk,9,n_tsk,3,2,3,5,0.5,0.5,0.7,0.6,1.0,0.5,48.299997,40,7,45.999998,68.999995,21.399999,1,1,1009,0,ilp_v4,optimal,1,24.795843,48.208246,0.514349,0.031353,0.0,,0.031353,0.037432,3,0,0
n_tsk\set09\n_tsk_3.py,n_tsk,9,n_tsk,3,2,3,5,0.5,0.5,0.7,0.6,1.0,0.5,48.299997,40,7,45.999998,68.999995,21.399999,1,1,1009,0,greedy_sps_baseline,solved,1,5.452183,48.060603,0.113444,0.00093,,,0.00093,0.00108,3,0,0
n_tsk\set09\n_tsk_4.py,n_tsk,9,n_tsk,4,2,4,5,0.5,0.5,0.7,0.6,1.0,0.5,48.3,40,11,46.000001,69.0,21.400001,1,1,1009,0,ilp_v2,optimal,1,68.803796,48.278717,1.425137,0.056794,0.0,,0.056794,0.061421,3,0,0
n_tsk\set09\n_tsk_4.py,n_tsk,9,n_tsk,4,2,4,5,0.5,0.5,0.7,0.6,1.0,0.5,48.3,40,11,46.000001,69.0,21.400001,1,1,1009,0,ilp_v3,optimal,1,69.185582,48.242608,1.434118,0.083918,0.0,,0.083918,0.092068,3,0,0
n_tsk\set09\n_tsk_4.py,n_tsk,9,n_tsk,4,2,4,5,0.5,0.5,0.7,0.6,1.0,0.5,48.3,40,11,46.000001,69.0,21.400001,1,1,1009,0,ilp_v4,optimal,1,76.35905,48.028382,1.589873,0.068065,0.0,,0.068065,0.071757,3,0,0
n_tsk\set09\n_tsk_4.py,n_tsk,9,n_tsk,4,2,4,5,0.5,0.5,0.7,0.6,1.0,0.5,48.3,40,11,46.000001,69.0,21.400001,1,1,1009,0,greedy_sps_baseline,solved,1,9.602315,48.286749,0.19886,0.000977,,,0.000977,0.001208,3,0,0
n_tsk\set09\n_tsk_5.py,n_tsk,9,n_tsk,5,2,5,5,0.5,0.5,0.7,0.6,1.0,0.5,48.300002,40,12,45.999999,69.000002,21.399999,1,1,1009,0,ilp_v2,optimal,1,52.310218,48.283964,1.083387,0.068906,0.0,,0.068906,0.074298,3,0,0
n_tsk\set09\n_tsk_5.py,n_tsk,9,n_tsk,5,2,5,5,0.5,0.5,0.7,0.6,1.0,0.5,48.300002,40,12,45.999999,69.000002,21.399999,1,1,1009,0,ilp_v3,optimal,1,52.925802,47.994873,1.102739,0.016569,0.0,,0.016569,0.017442,3,0,0
n_tsk\set09\n_tsk_5.py,n_tsk,9,n_tsk,5,2,5,5,0.5,0.5,0.7,0.6,1.0,0.5,48.300002,40,12,45.999999,69.000002,21.399999,1,1,1009,0,ilp_v4,optimal,1,52.925802,47.994873,1.102739,0.111234,0.0,,0.111234,0.137784,3,0,0
n_tsk\set09\n_tsk_5.py,n_tsk,9,n_tsk,5,2,5,5,0.5,0.5,0.7,0.6,1.0,0.5,48.300002,40,12,45.999999,69.000002,21.399999,1,1,1009,0,greedy_sps_baseline,solved,1,9.528677,48.244383,0.197509,0.003767,,,0.003767,0.004598,3,0,0
n_tsk\set10\n_tsk_3.py,n_tsk,10,n_tsk,3,2,3,5,0.5,0.5,0.7,0.6,1.0,0.5,48.300001,40,7,45.999999,69.000001,21.433333,1,1,1010,0,ilp_v2,optimal,1,42.688224,47.984357,0.889628,0.028071,0.0,,0.028071,0.031561,3,0,0
n_tsk\set10\n_tsk_3.py,n_tsk,10,n_tsk,3,2,3,5,0.5,0.5,0.7,0.6,1.0,0.5,48.300001,40,7,45.999999,69.000001,21.433333,1,1,1010,0,ilp_v3,optimal,1,42.688224,47.984357,0.889628,0.03044,0.0,,0.03044,0.033281,3,0,0
n_tsk\set10\n_tsk_3.py,n_tsk,10,n_tsk,3,2,3,5,0.5,0.5,0.7,0.6,1.0,0.5,48.300001,40,7,45.999999,69.000001,21.433333,1,1,1010,0,ilp_v4,optimal,1,43.190087,46.961223,0.919697,0.031257,0.0,,0.031257,0.035895,3,0,0
n_tsk\set10\n_tsk_3.py,n_tsk,10,n_tsk,3,2,3,5,0.5,0.5,0.7,0.6,1.0,0.5,48.300001,40,7,45.999999,69.000001,21.433333,1,1,1010,0,greedy_sps_baseline,solved,1,6.189222,47.991327,0.128965,0.000809,,,0.000809,0.000937,3,0,0
n_tsk\set10\n_tsk_4.py,n_tsk,10,n_tsk,4,2,4,5,0.5,0.5,0.7,0.6,1.0,0.5,48.300003,40,9,46.000002,69.000005,21.433334,1,1,1010,0,ilp_v2,optimal,1,48.956962,48.267518,1.014284,0.046495,0.0,,0.046495,0.053213,3,0,0
n_tsk\set10\n_tsk_4.py,n_tsk,10,n_tsk,4,2,4,5,0.5,0.5,0.7,0.6,1.0,0.5,48.300003,40,9,46.000002,69.000005,21.433334,1,1,1010,0,ilp_v3,optimal,1,47.340569,48.281239,0.980517,0.017022,0.0,,0.017022,0.018066,3,0,0
n_tsk\set10\n_tsk_4.py,n_tsk,10,n_tsk,4,2,4,5,0.5,0.5,0.7,0.6,1.0,0.5,48.300003,40,9,46.000002,69.000005,21.433334,1,1,1010,0,ilp_v4,optimal,1,48.956962,48.267518,1.014284,0.061439,0.0,,0.061439,0.067333,3,0,0
n_tsk\set10\n_tsk_4.py,n_tsk,10,n_tsk,4,2,4,5,0.5,0.5,0.7,0.6,1.0,0.5,48.300003,40,9,46.000002,69.000005,21.433334,1,1,1010,0,greedy_sps_baseline,solved,1,7.265787,48.259115,0.150558,0.001273,,,0.001273,0.00143,3,0,0
n_tsk\set10\n_tsk_5.py,n_tsk,10,n_tsk,5,2,5,5,0.5,0.5,0.7,0.6,1.0,0.5,48.299999,40,11,45.999998,68.999999,21.433332,1,1,1010,0,ilp_v2,optimal,1,53.598502,47.918585,1.118533,0.013588,0.0,,0.013588,0.016238,3,0,0
n_tsk\set10\n_tsk_5.py,n_tsk,10,n_tsk,5,2,5,5,0.5,0.5,0.7,0.6,1.0,0.5,48.299999,40,11,45.999998,68.999999,21.433332,1,1,1010,0,ilp_v3,optimal,1,43.914612,47.286674,0.928689,0.054238,0.0,,0.054238,0.065178,3,0,0
n_tsk\set10\n_tsk_5.py,n_tsk,10,n_tsk,5,2,5,5,0.5,0.5,0.7,0.6,1.0,0.5,48.299999,40,11,45.999998,68.999999,21.433332,1,1,1010,0,ilp_v4,optimal,1,53.598502,47.918585,1.118533,0.028489,0.0,,0.028489,0.034668,3,0,0
n_tsk\set10\n_tsk_5.py,n_tsk,10,n_tsk,5,2,5,5,0.5,0.5,0.7,0.6,1.0,0.5,48.299999,40,11,45.999998,68.999999,21.433332,1,1,1010,0,greedy_sps_baseline,solved,1,6.604343,48.131896,0.137213,0.001349,,,0.001349,0.002234,3,0,0
n_tsk\set11\n_tsk_3.py,n_tsk,11,n_tsk,3,2,3,5,0.5,0.5,0.7,0.6,1.0,0.5,48.299998,40,7,46.0,68.999998,21.4,1,1,1011,0,ilp_v2,optimal,1,34.121509,48.173724,0.708301,0.010231,0.0,,0.010231,0.014072,3,0,0
n_tsk\set11\n_tsk_3.py,n_tsk,11,n_tsk,3,2,3,5,0.5,0.5,0.7,0.6,1.0,0.5,48.299998,40,7,46.0,68.999998,21.4,1,1,1011,0,ilp_v3,optimal,1,31.244005,48.174074,0.648565,0.00558,0.0,,0.00558,0.008611,3,0,0
n_tsk\set11\n_tsk_3.py,n_tsk,11,n_tsk,3,2,3,5,0.5,0.5,0.7,0.6,1.0,0.5,48.299998,40,7,46.0,68.999998,21.4,1,1,1011,0,ilp_v4,optimal,1,34.688739,48.191024,0.719817,0.028223,0.0,,0.028223,0.032805,3,0,0
n_tsk\set11\n_tsk_3.py,n_tsk,11,n_tsk,3,2,3,5,0.5,0.5,0.7,0.6,1.0,0.5,48.299998,40,7,46.0,68.999998,21.4,1,1,1011,0,greedy_sps_baseline,solved,1,5.190759,48.069259,0.107985,0.000933,,,0.000933,0.001099,3,0,0
n_tsk\set11\n_tsk_4.py,n_tsk,11,n_tsk,4,2,4,5,0.5,0.5,0.7,0.6,1.0,0.5,48.300002,40,9,45.999999,69.000002,21.399999,1,1,1011,0,ilp_v2,optimal,1,57.798479,48.227843,1.198446,0.022711,0.0,,0.022711,0.023723,3,0,0
n_tsk\set11\n_tsk_4.py,n_tsk,11,n_tsk,4,2,4,5,0.5,0.5,0.7,0.6,1.0,0.5,48.300002,40,9,45.999999,69.000002,21.399999,1,1,1011,0,ilp_v3,optimal,1,57.093368,48.294656,1.182188,0.014994,0.0,,0.014994,0.015548,3,0,0
n_tsk\set11\n_tsk_4.py,n_tsk,11,n_tsk,4,2,4,5,0.5,0.5,0.7,0.6,1.0,0.5,48.300002,40,9,45.999999,69.000002,21.399999,1,1,1011,0,ilp_v4,optimal,1,58.748771,48.256892,1.217417,0.10432,0.0,,0.10432,0.108657,3,0,0
n_tsk\set11\n_tsk_4.py,n_tsk,11,n_tsk,4,2,4,5,0.5,0.5,0.7,0.6,1.0,0.5,48.300002,40,9,45.999999,69.000002,21.399999,1,1,1011,0,greedy_sps_baseline,solved,1,8.503721,48.279976,0.176133,0.001034,,,0.001034,0.001268,3,0,0
n_tsk\set11\n_tsk_5.py,n_tsk,11,n_tsk,5,2,5,5,0.5,0.5,0.7,0.6,1.0,0.5,48.3,40,10,46.000001,69.0,21.400001,1,1,1011,0,ilp_v2,optimal,1,36.374372,48.077219,0.756582,0.013433,0.0,,0.013433,0.021836,3,0,0
n_tsk\set11\n_tsk_5.py,n_tsk,11,n_tsk,5,2,5,5,0.5,0.5,0.7,0.6,1.0,0.5,48.3,40,10,46.000001,69.0,21.400001,1,1,1011,0,ilp_v3,optimal,1,49.01171,48.272085,1.015322,0.024695,0.0,,0.024695,0.026226,3,0,0
n_tsk\set11\n_tsk_5.py,n_tsk,11,n_tsk,5,2,5,5,0.5,0.5,0.7,0.6,1.0,0.5,48.3,40,10,46.000001,69.0,21.400001,1,1,1011,0,ilp_v4,optimal,1,48.50675,47.911528,1.012423,0.043126,0.0,,0.043126,0.052884,3,0,0
n_tsk\set11\n_tsk_5.py,n_tsk,11,n_tsk,5,2,5,5,0.5,0.5,0.7,0.6,1.0,0.5,48.3,40,10,46.000001,69.0,21.400001,1,1,1011,0,greedy_sps_baseline,solved,1,7.188212,48.127525,0.149358,0.000579,,,0.000579,0.000916,3,0,0
n_tsk\set12\n_tsk_3.py,n_tsk,12,n_tsk,3,2,3,5,0.5,0.5,0.7,0.6,1.0,0.5,48.300001,40,7,45.999999,69.000001,21.399999,1,1,1012,0,ilp_v2,optimal,1,36.433939,47.53933,0.766396,0.018031,0.0,,0.018031,0.021022,3,0,0
n_tsk\set12\n_tsk_3.py,n_tsk,12,n_tsk,3,2,3,5,0.5,0.5,0.7,0.6,1.0,0.5,48.300001,40,7,45.999999,69.000001,21.399999,1,1,1012,0,ilp_v3,optimal,1,42.64012,47.871894,0.890713,0.013314,0.0,,0.013314,0.015285,3,0,0
n_tsk\set12\n_tsk_3.py,n_tsk,12,n_tsk,3,2,3,5,0.5,0.5,0.7,0.6,1.0,0.5,48.300001,40,7,45.999999,69.000001,21.399999,1,1,1012,0,ilp_v4,optimal,1,49.914292,48.144014,1.03677,0.053313,0.0,,0.053313,0.055966,3,0,0
n_tsk\set12\n_tsk_3.py,n_tsk,12,n_tsk,3,2,3,5,0.5,0.5,0.7,0.6,1.0,0.5,48.300001,40,7,45.999999,69.000001,21.399999,1,1,1012,0,greedy_sps_baseline,solved,1,8.379442,48.124042,0.174122,0.000679,,,0.000679,0.000964,3,0,0
n_tsk\set12\n_tsk_4.py,n_tsk,12,n_tsk,4,2,4,5,0.5,0.5,0.7,0.6,1.0,0.5,48.300003,40,9,46.0,69.000005,21.4,1,1,1012,0,ilp_v2,optimal,1,54.007803,47.848959,1.128714,0.080509,3e-05,,0.080509,0.084464,3,0,0
n_tsk\set12\n_tsk_4.py,n_tsk,12,n_tsk,4,2,4,5,0.5,0.5,0.7,0.6,1.0,0.5,48.300003,40,9,46.0,69.000005,21.4,1,1,1012,0,ilp_v3,optimal,1,54.27099,48.286127,1.123946,0.08379,0.0,,0.08379,0.088645,3,0,0
n_tsk\set12\n_tsk_4.py,n_tsk,12,n_tsk,4,2,4,5,0.5,0.5,0.7,0.6,1.0,0.5,48.300003,40,9,46.0,69.000005,21.4,1,1,1012,0,ilp_v4,optimal,1,57.568956,48.288702,1.192183,0.072958,0.0,,0.072958,0.08207,3,0,0
n_tsk\set12\n_tsk_4.py,n_tsk,12,n_tsk,4,2,4,5,0.5,0.5,0.7,0.6,1.0,0.5,48.300003,40,9,46.0,69.000005,21.4,1,1,1012,0,greedy_sps_baseline,solved,1,8.936703,48.058736,0.185954,0.000973,,,0.000973,0.0011,3,0,0
n_tsk\set12\n_tsk_5.py,n_tsk,12,n_tsk,5,2,5,5,0.5,0.5,0.7,0.6,1.0,0.5,48.300001,40,11,46.000001,69.000001,21.400001,1,1,1012,0,ilp_v2,optimal,1,48.744676,48.009892,1.015305,0.05105,0.0,,0.05105,0.059187,3,0,0
n_tsk\set12\n_tsk_5.py,n_tsk,12,n_tsk,5,2,5,5,0.5,0.5,0.7,0.6,1.0,0.5,48.300001,40,11,46.000001,69.000001,21.400001,1,1,1012,0,ilp_v3,optimal,1,45.761031,48.298357,0.947466,0.137135,0.0,,0.137135,0.188018,3,0,0
n_tsk\set12\n_tsk_5.py,n_tsk,12,n_tsk,5,2,5,5,0.5,0.5,0.7,0.6,1.0,0.5,48.300001,40,11,46.000001,69.000001,21.400001,1,1,1012,0,ilp_v4,optimal,1,48.951526,48.29449,1.013605,0.108017,0.0,,0.108017,0.112836,3,0,0
n_tsk\set12\n_tsk_5.py,n_tsk,12,n_tsk,5,2,5,5,0.5,0.5,0.7,0.6,1.0,0.5,48.300001,40,11,46.000001,69.000001,21.400001,1,1,1012,0,greedy_sps_baseline,solved,1,9.193184,48.281246,0.190409,0.00175,,,0.00175,0.001905,3,0,0
n_tsk\set13\n_tsk_3.py,n_tsk,13,n_tsk,3,2,3,5,0.5,0.5,0.7,0.6,1.0,0.5,48.3,40,7,46.0,69.0,21.4,1,1,1013,0,ilp_v2,optimal,1,64.483502,48.010788,1.343104,0.008804,0.0,,0.008804,0.009136,3,0,0
n_tsk\set13\n_tsk_3.py,n_tsk,13,n_tsk,3,2,3,5,0.5,0.5,0.7,0.6,1.0,0.5,48.3,40,7,46.0,69.0,21.4,1,1,1013,0,ilp_v3,optimal,1,32.537884,48.196006,0.675116,0.007934,0.0,,0.007934,0.009261,3,0,0
n_tsk\set13\n_tsk_3.py,n_tsk,13,n_tsk,3,2,3,5,0.5,0.5,0.7,0.6,1.0,0.5,48.3,40,7,46.0,69.0,21.4,1,1,1013,0,ilp_v4,optimal,1,64.483502,48.010788,1.343104,0.016147,0.0,,0.016147,0.021395,3,0,0
n_tsk\set13\n_tsk_3.py,n_tsk,13,n_tsk,3,2,3,5,0.5,0.5,0.7,0.6,1.0,0.5,48.3,40,7,46.0,69.0,21.4,1,1,1013,0,greedy_sps_baseline,solved,1,4.879374,47.50918,0.102704,0.000428,,,0.000428,0.000949,3,0,0
n_tsk\set13\n_tsk_4.py,n_tsk,13,n_tsk,4,2,4,5,0.5,0.5,0.7,0.6,1.0,0.5,48.3,40,9,45.999998,69.0,21.399999,1,1,1013,0,ilp_v2,optimal,1,78.088526,48.208464,1.619809,0.021297,0.0,,0.021297,0.02379,3,0,0
n_tsk\set13\n_tsk_4.py,n_tsk,13,n_tsk,4,2,4,5,0.5,0.5,0.7,0.6,1.0,0.5,48.3,40,9,45.999998,69.0,21.399999,1,1,1013,0,ilp_v3,optimal,1,78.088526,47.967799,1.627936,0.035188,1.1e-05,,0.035188,0.035548,3,0,0
n_tsk\set13\n_tsk_4.py,n_tsk,13,n_tsk,4,2,4,5,0.5,0.5,0.7,0.6,1.0,0.5,48.3,40,9,45.999998,69.0,21.399999,1,1,1013,0,ilp_v4,optimal,1,78.088526,48.076029,1.624272,0.07246,0.0,,0.07246,0.079318,3,0,0
n_tsk\set13\n_tsk_4.py,n_tsk,13,n_tsk,4,2,4,5,0.5,0.5,0.7,0.6,1.0,0.5,48.3,40,9,45.999998,69.0,21.399999,1,1,1013,0,greedy_sps_baseline,solved,1,8.002585,48.290682,0.165717,0.001592,,,0.001592,0.00165,3,0,0
n_tsk\set13\n_tsk_5.py,n_tsk,13,n_tsk,5,2,5,5,0.5,0.5,0.7,0.6,1.0,0.5,48.300005,40,13,46.0,69.000007,21.4,1,1,1013,0,ilp_v2,optimal,1,43.8069,48.22889,0.908312,0.034707,0.0,,0.034707,0.037612,3,0,0
n_tsk\set13\n_tsk_5.py,n_tsk,13,n_tsk,5,2,5,5,0.5,0.5,0.7,0.6,1.0,0.5,48.300005,40,13,46.0,69.000007,21.4,1,1,1013,0,ilp_v3,optimal,1,50.897773,48.001787,1.060331,0.024455,0.0,,0.024455,0.027585,3,0,0
n_tsk\set13\n_tsk_5.py,n_tsk,13,n_tsk,5,2,5,5,0.5,0.5,0.7,0.6,1.0,0.5,48.300005,40,13,46.0,69.000007,21.4,1,1,1013,0,ilp_v4,optimal,1,66.426284,48.298326,1.375333,0.222041,0.0,,0.222041,0.237332,3,0,0
n_tsk\set13\n_tsk_5.py,n_tsk,13,n_tsk,5,2,5,5,0.5,0.5,0.7,0.6,1.0,0.5,48.300005,40,13,46.0,69.000007,21.4,1,1,1013,0,greedy_sps_baseline,solved,1,8.38857,48.262873,0.17381,0.002864,,,0.002864,0.003055,3,0,0
n_tsk\set14\n_tsk_3.py,n_tsk,14,n_tsk,3,2,3,5,0.5,0.5,0.7,0.6,1.0,0.5,48.3,40,7,46.0,69.0,21.433333,1,1,1014,0,ilp_v2,optimal,1,30.429118,46.066981,0.660541,0.0144,0.0,,0.0144,0.017742,3,0,0
n_tsk\set14\n_tsk_3.py,n_tsk,14,n_tsk,3,2,3,5,0.5,0.5,0.7,0.6,1.0,0.5,48.3,40,7,46.0,69.0,21.433333,1,1,1014,0,ilp_v3,optimal,1,30.429118,46.066981,0.660541,0.011959,0.0,,0.011959,0.012963,3,0,0
n_tsk\set14\n_tsk_3.py,n_tsk,14,n_tsk,3,2,3,5,0.5,0.5,0.7,0.6,1.0,0.5,48.3,40,7,46.0,69.0,21.433333,1,1,1014,0,ilp_v4,optimal,1,42.223855,48.112443,0.877608,0.051778,0.0,,0.051778,0.052288,3,0,0
n_tsk\set14\n_tsk_3.py,n_tsk,14,n_tsk,3,2,3,5,0.5,0.5,0.7,0.6,1.0,0.5,48.3,40,7,46.0,69.0,21.433333,1,1,1014,0,greedy_sps_baseline,solved,1,6.04844,48.137061,0.12565,0.001207,,,0.001207,0.001362,3,0,0
n_tsk\set14\n_tsk_4.py,n_tsk,14,n_tsk,4,2,4,5,0.5,0.5,0.7,0.6,1.0,0.5,48.3,40,9,46.000002,69.0,21.433334,1,1,1014,0,ilp_v2,optimal,1,65.515625,48.15055,1.360641,0.017951,0.0,,0.017951,0.023537,3,0,0
n_tsk\set14\n_tsk_4.py,n_tsk,14,n_tsk,4,2,4,5,0.5,0.5,0.7,0.6,1.0,0.5,48.3,40,9,46.000002,69.0,21.433334,1,1,1014,0,ilp_v3,optimal,1,55.454389,47.891314,1.157922,0.048713,0.0,,0.048713,0.053315,3,0,0
n_tsk\set14\n_tsk_4.py,n_tsk,14,n_tsk,4,2,4,5,0.5,0.5,0.7,0.6,1.0,0.5,48.3,40,9,46.000002,69.0,21.433334,1,1,1014,0,ilp_v4,optimal,1,59.075167,46.975975,1.257561,0.048195,0.0,,0.048195,0.058281,3,0,0
n_tsk\set14\n_tsk_4.py,n_tsk,14,n_tsk,4,2,4,5,0.5,0.5,0.7,0.6,1.0,0.5,48.3,40,9,46.000002,69.0,21.433334,1,1,1014,0,greedy_sps_baseline,solved,1,6.764207,47.916761,0.141166,0.002074,,,0.002074,0.002256,3,0,0
n_tsk\set14\n_tsk_5.py,n_tsk,14,n_tsk,5,2,5,5,0.5,0.5,0.7,0.6,1.0,0.5,48.299998,40,10,46.0,68.999998,21.433333,1,1,1014,0,ilp_v2,optimal,1,62.107903,48.06979,1.292036,0.026812,0.0,,0.026812,0.031073,3,0,0
n_tsk\set14\n_tsk_5.py,n_tsk,14,n_tsk,5,2,5,5,0.5,0.5,0.7,0.6,1.0,0.5,48.299998,40,10,46.0,68.999998,21.433333,1,1,1014,0,ilp_v3,optimal,1,59.155238,48.27302,1.225431,0.027001,0.0,,0.027001,0.027655,3,0,0
n_tsk\set14\n_tsk_5.py,n_tsk,14,n_tsk,5,2,5,5,0.5,0.5,0.7,0.6,1.0,0.5,48.299998,40,10,46.0,68.999998,21.433333,1,1,1014,0,ilp_v4,optimal,1,62.107903,48.06979,1.292036,0.043302,0.0,,0.043302,0.044973,3,0,0
n_tsk\set14\n_tsk_5.py,n_tsk,14,n_tsk,5,2,5,5,0.5,0.5,0.7,0.6,1.0,0.5,48.299998,40,10,46.0,68.999998,21.433333,1,1,1014,0,greedy_sps_baseline,solved,1,8.991418,48.274446,0.186256,0.001154,,,0.001154,0.001269,3,0,0
n_tsk\set15\n_tsk_3.py,n_tsk,15,n_tsk,3,2,3,5,0.5,0.5,0.7,0.6,1.0,0.5,48.299999,40,7,46.0,68.999999,22.0,1,1,1015,0,ilp_v2,optimal,1,35.624844,48.057959,0.741289,0.020334,0.0,,0.020334,0.022592,3,0,0
n_tsk\set15\n_tsk_3.py,n_tsk,15,n_tsk,3,2,3,5,0.5,0.5,0.7,0.6,1.0,0.5,48.299999,40,7,46.0,68.999999,22.0,1,1,1015,0,ilp_v3,optimal,1,53.013893,48.293246,1.09775,0.01717,0.0,,0.01717,0.020299,3,0,0
n_tsk\set15\n_tsk_3.py,n_tsk,15,n_tsk,3,2,3,5,0.5,0.5,0.7,0.6,1.0,0.5,48.299999,40,7,46.0,68.999999,22.0,1,1,1015,0,ilp_v4,optimal,1,57.940977,48.287364,1.19992,0.033429,0.0,,0.033429,0.035551,3,0,0
n_tsk\set15\n_tsk_3.py,n_tsk,15,n_tsk,3,2,3,5,0.5,0.5,0.7,0.6,1.0,0.5,48.299999,40,7,46.0,68.999999,22.0,1,1,1015,0,greedy_sps_baseline,solved,1,5.495722,48.106483,0.114241,0.001745,,,0.001745,0.00186,3,0,0
n_tsk\set15\n_tsk_4.py,n_tsk,15,n_tsk,4,2,4,5,0.5,0.5,0.7,0.6,1.0,0.5,48.299997,40,9,45.999998,68.999995,21.999999,1,1,1015,0,ilp_v2,optimal,1,34.118975,48.246847,0.707175,0.011038,0.0,,0.011038,0.015135,3,0,0
n_tsk\set15\n_tsk_4.py,n_tsk,15,n_tsk,4,2,4,5,0.5,0.5,0.7,0.6,1.0,0.5,48.299997,40,9,45.999998,68.999995,21.999999,1,1,1015,0,ilp_v3,optimal,1,45.97193,48.15404,0.954685,0.011208,0.0,,0.011208,0.011242,3,0,0
n_tsk\set15\n_tsk_4.py,n_tsk,15,n_tsk,4,2,4,5,0.5,0.5,0.7,0.6,1.0,0.5,48.299997,40,9,45.999998,68.999995,21.999999,1,1,1015,0,ilp_v4,optimal,1,61.596717,47.862939,1.28694,0.029075,0.0,,0.029075,0.031426,3,0,0
n_tsk\set15\n_tsk_4.py,n_tsk,15,n_tsk,4,2,4,5,0.5,0.5,0.7,0.6,1.0,0.5,48.299997,40,9,45.999998,68.999995,21.999999,1,1,1015,0,greedy_sps_baseline,solved,1,8.914957,48.280739,0.184648,0.001022,,,0.001022,0.001161,3,0,0
n_tsk\set15\n_tsk_5.py,n_tsk,15,n_tsk,5,2,5,5,0.5,0.5,0.7,0.6,1.0,0.5,48.299998,40,11,45.999999,68.999997,21.999999,1,1,1015,0,ilp_v2,optimal,1,69.611488,47.278892,1.472359,0.012893,6.8e-05,,0.012893,0.013426,3,0,0
n_tsk\set15\n_tsk_5.py,n_tsk,15,n_tsk,5,2,5,5,0.5,0.5,0.7,0.6,1.0,0.5,48.299998,40,11,45.999999,68.999997,21.999999,1,1,1015,0,ilp_v3,optimal,1,63.679111,48.273667,1.319127,0.021854,0.0,,0.021854,0.023714,3,0,0
n_tsk\set15\n_tsk_5.py,n_tsk,15,n_tsk,5,2,5,5,0.5,0.5,0.7,0.6,1.0,0.5,48.299998,40,11,45.999999,68.999997,21.999999,1,1,1015,0,ilp_v4,optimal,1,69.611488,45.82025,1.51923,0.064572,0.0,,0.064572,0.078295,3,0,0
n_tsk\set15\n_tsk_5.py,n_tsk,15,n_tsk,5,2,5,5,0.5,0.5,0.7,0.6,1.0,0.5,48.299998,40,11,45.999999,68.999997,21.999999,1,1,1015,0,greedy_sps_baseline,solved,1,8.837376,48.257801,0.183128,0.001498,,,0.001498,0.001662,3,0,0
n_tsk\set16\n_tsk_3.py,n_tsk,16,n_tsk,3,2,3,5,0.5,0.5,0.7,0.6,1.0,0.5,48.299998,40,7,46.0,68.999998,23.009091,1,1,1016,0,ilp_v2,optimal,1,28.334069,48.022389,0.590018,0.037197,0.0,,0.037197,0.042289,3,0,0
n_tsk\set16\n_tsk_3.py,n_tsk,16,n_tsk,3,2,3,5,0.5,0.5,0.7,0.6,1.0,0.5,48.299998,40,7,46.0,68.999998,23.009091,1,1,1016,0,ilp_v3,optimal,1,28.334069,48.022389,0.590018,0.036856,0.0,,0.036856,0.037929,3,0,0
n_tsk\set16\n_tsk_3.py,n_tsk,16,n_tsk,3,2,3,5,0.5,0.5,0.7,0.6,1.0,0.5,48.299998,40,7,46.0,68.999998,23.009091,1,1,1016,0,ilp_v4,optimal,1,41.367595,47.499498,0.870906,0.029492,0.0,,0.029492,0.030279,3,0,0
n_tsk\set16\n_tsk_3.py,n_tsk,16,n_tsk,3,2,3,5,0.5,0.5,0.7,0.6,1.0,0.5,48.299998,40,7,46.0,68.999998,23.009091,1,1,1016,0,greedy_sps_baseline,solved,1,4.272992,48.066765,0.088897,0.000662,,,0.000662,0.000745,3,0,0
n_tsk\set16\n_tsk_4.py,n_tsk,16,n_tsk,4,2,4,5,0.5,0.5,0.7,0.6,1.0,0.5,48.3,40,8,45.999998,69.0,23.00909,1,1,1016,0,ilp_v2,optimal,1,45.92711,47.253203,0.971936,0.018758,0.0,,0.018758,0.022167,3,0,0
n_tsk\set16\n_tsk_4.py,n_tsk,16,n_tsk,4,2,4,5,0.5,0.5,0.7,0.6,1.0,0.5,48.3,40,8,45.999998,69.0,23.00909,1,1,1016,0,ilp_v3,optimal,1,35.67907,48.062859,0.742342,0.037771,0.0,,0.037771,0.039824,3,0,0
n_tsk\set16\n_tsk_4.py,n_tsk,16,n_tsk,4,2,4,5,0.5,0.5,0.7,0.6,1.0,0.5,48.3,40,8,45.999998,69.0,23.00909,1,1,1016,0,ilp_v4,optimal,1,45.92711,47.253203,0.971936,0.035564,0.0,,0.035564,0.03621,3,0,0
n_tsk\set16\n_tsk_4.py,n_tsk,16,n_tsk,4,2,4,5,0.5,0.5,0.7,0.6,1.0,0.5,48.3,40,8,45.999998,69.0,23.00909,1,1,1016,0,greedy_sps_baseline,solved,1,4.344544,48.042441,0.090431,0.000863,,,0.000863,0.001012,3,0,0
n_tsk\set16\n_tsk_5.py,n_tsk,16,n_tsk,5,2,5,5,0.5,0.5,0.7,0.6,1.0,0.5,48.299998,40,9,45.999999,68.999998,23.00909,1,1,1016,0,ilp_v2,optimal,1,67.256489,48.20406,1.395245,0.043479,8e-06,,0.043479,0.046495,3,0,0
n_tsk\set16\n_tsk_5.py,n_tsk,16,n_tsk,5,2,5,5,0.5,0.5,0.7,0.6,1.0,0.5,48.299998,40,9,45.999999,68.999998,23.00909,1,1,1016,0,ilp_v3,optimal,1,68.584669,48.150334,1.424386,0.069241,0.0,,0.069241,0.071827,3,0,0
n_tsk\set16\n_tsk_5.py,n_tsk,16,n_tsk,5,2,5,5,0.5,0.5,0.7,0.6,1.0,0.5,48.299998,40,9,45.999999,68.999998,23.00909,1,1,1016,0,ilp_v4,optimal,1,70.864006,48.218042,1.469657,0.029921,0.0,,0.029921,0.044003,3,0,0
n_tsk\set16\n_tsk_5.py,n_tsk,16,n_tsk,5,2,5,5,0.5,0.5,0.7,0.6,1.0,0.5,48.299998,40,9,45.999999,68.999998,23.00909,1,1,1016,0,greedy_sps_baseline,solved,1,8.10293,48.299722,0.167763,0.001071,,,0.001071,0.001506,3,0,0
n_tsk\set17\n_tsk_3.py,n_tsk,17,n_tsk,3,2,3,5,0.5,0.5,0.7,0.6,1.0,0.5,48.299998,40,7,46.0,68.999998,21.433333,1,1,1017,0,ilp_v2,optimal,1,28.016467,45.51495,0.615544,0.002676,0.0,,0.002676,0.003107,3,0,0
n_tsk\set17\n_tsk_3.py,n_tsk,17,n_tsk,3,2,3,5,0.5,0.5,0.7,0.6,1.0,0.5,48.299998,40,7,46.0,68.999998,21.433333,1,1,1017,0,ilp_v3,optimal,1,28.016467,45.51495,0.615544,0.002021,0.0,,0.002021,0.002834,3,0,0
n_tsk\set17\n_tsk_3.py,n_tsk,17,n_tsk,3,2,3,5,0.5,0.5,0.7,0.6,1.0,0.5,48.299998,40,7,46.0,68.999998,21.433333,1,1,1017,0,ilp_v4,optimal,1,28.016467,45.51495,0.615544,0.00785,0.0,,0.00785,0.011085,3,0,0
n_tsk\set17\n_tsk_3.py,n_tsk,17,n_tsk,3,2,3,5,0.5,0.5,0.7,0.6,1.0,0.5,48.299998,40,7,46.0,68.999998,21.433333,1,1,1017,0,greedy_sps_baseline,solved,1,7.471849,48.180758,0.15508,0.000415,,,0.000415,0.000602,3,0,0
n_tsk\set17\n_tsk_4.py,n_tsk,17,n_tsk,4,2,4,5,0.5,0.5,0.7,0.6,1.0,0.5,48.300001,40,9,46.0,69.000001,21.433333,1,1,1017,0,ilp_v2,optimal,1,51.714854,48.155281,1.073919,0.009928,0.0,,0.009928,0.014731,3,0,0
n_tsk\set17\n_tsk_4.py,n_tsk,17,n_tsk,4,2,4,5,0.5,0.5,0.7,0.6,1.0,0.5,48.300001,40,9,46.0,69.000001,21.433333,1,1,1017,0,ilp_v3,optimal,1,52.988907,47.885122,1.106584,0.017757,0.0,,0.017757,0.022575,3,0,0
n_tsk\set17\n_tsk_4.py,n_tsk,17,n_tsk,4,2,4,5,0.5,0.5,0.7,0.6,1.0,0.5,48.300001,40,9,46.0,69.000001,21.433333,1,1,1017,0,ilp_v4,optimal,1,59.832837,48.245209,1.240182,0.06791,0.0,,0.06791,0.069895,3,0,0
n_tsk\set17\n_tsk_4.py,n_tsk,17,n_tsk,4,2,4,5,0.5,0.5,0.7,0.6,1.0,0.5,48.300001,40,9,46.0,69.000001,21.433333,1,1,1017,0,greedy_sps_baseline,solved,1,7.294358,48.273979,0.151103,0.001181,,,0.001181,0.001401,3,0,0
n_tsk\set17\n_tsk_5.py,n_tsk,17,n_tsk,5,2,5,5,0.5,0.5,0.7,0.6,1.0,0.5,48.300005,40,13,46.000002,69.000007,21.433334,1,1,1017,0,ilp_v2,optimal,1,29.253064,48.18032,0.607158,0.034451,0.0,,0.034451,0.03833,3,0,0
n_tsk\set17\n_tsk_5.py,n_tsk,17,n_tsk,5,2,5,5,0.5,0.5,0.7,0.6,1.0,0.5,48.300005,40,13,46.000002,69.000007,21.433334,1,1,1017,0,ilp_v3,optimal,1,28.547921,48.164902,0.592712,0.024623,0.0,,0.024623,0.030734,3,0,0
n_tsk\set17\n_tsk_5.py,n_tsk,17,n_tsk,5,2,5,5,0.5,0.5,0.7,0.6,1.0,0.5,48.300005,40,13,46.000002,69.000007,21.433334,1,1,1017,0,ilp_v4,optimal,1,29.606724,48.153686,0.614838,0.351577,0.0,,0.351577,0.386689,3,0,0
n_tsk\set17\n_tsk_5.py,n_tsk,17,n_tsk,5,2,5,5,0.5,0.5,0.7,0.6,1.0,0.5,48.300005,40,13,46.000002,69.000007,21.433334,1,1,1017,0,greedy_sps_baseline,solved,1,4.017408,48.180285,0.083383,0.002059,,,0.002059,0.002455,3,0,0
n_tsk\set18\n_tsk_3.py,n_tsk,18,n_tsk,3,2,3,5,0.5,0.5,0.7,0.6,1.0,0.5,48.300002,40,7,46.000001,69.000003,22.042858,1,1,1018,0,ilp_v2,optimal,1,46.643656,48.292916,0.965849,0.067845,0.0,,0.067845,0.069502,3,0,0
n_tsk\set18\n_tsk_3.py,n_tsk,18,n_tsk,3,2,3,5,0.5,0.5,0.7,0.6,1.0,0.5,48.300002,40,7,46.000001,69.000003,22.042858,1,1,1018,0,ilp_v3,optimal,1,46.223068,48.284681,0.957303,0.021924,0.0,,0.021924,0.022746,3,0,0
n_tsk\set18\n_tsk_3.py,n_tsk,18,n_tsk,3,2,3,5,0.5,0.5,0.7,0.6,1.0,0.5,48.300002,40,7,46.000001,69.000003,22.042858,1,1,1018,0,ilp_v4,optimal,1,56.165329,43.828199,1.281488,0.025075,0.0,,0.025075,0.029739,3,0,0
n_tsk\set18\n_tsk_3.py,n_tsk,18,n_tsk,3,2,3,5,0.5,0.5,0.7,0.6,1.0,0.5,48.300002,40,7,46.000001,69.000003,22.042858,1,1,1018,0,greedy_sps_baseline,solved,1,9.175545,48.140776,0.190598,0.000348,,,0.000348,0.000474,3,0,0
n_tsk\set18\n_tsk_4.py,n_tsk,18,n_tsk,4,2,4,5,0.5,0.5,0.7,0.6,1.0,0.5,48.300002,40,8,46.000002,69.000002,22.042858,1,1,1018,0,ilp_v2,optimal,1,75.76216,48.095231,1.575253,0.007885,0.0,,0.007885,0.008571,3,0,0
n_tsk\set18\n_tsk_4.py,n_tsk,18,n_tsk,4,2,4,5,0.5,0.5,0.7,0.6,1.0,0.5,48.300002,40,8,46.000002,69.000002,22.042858,1,1,1018,0,ilp_v3,optimal,1,52.834216,48.279332,1.094344,0.007443,0.0,,0.007443,0.00959,3,0,0
n_tsk\set18\n_tsk_4.py,n_tsk,18,n_tsk,4,2,4,5,0.5,0.5,0.7,0.6,1.0,0.5,48.300002,40,8,46.000002,69.000002,22.042858,1,1,1018,0,ilp_v4,optimal,1,75.76216,48.095231,1.575253,0.014832,0.0,,0.014832,0.022423,3,0,0
n_tsk\set18\n_tsk_4.py,n_tsk,18,n_tsk,4,2,4,5,0.5,0.5,0.7,0.6,1.0,0.5,48.300002,40,8,46.000002,69.000002,22.042858,1,1,1018,0,greedy_sps_baseline,solved,1,5.251301,47.813297,0.109829,0.000903,,,0.000903,0.000983,3,0,0
n_tsk\set18\n_tsk_5.py,n_tsk,18,n_tsk,5,2,5,5,0.5,0.5,0.7,0.6,1.0,0.5,48.300003,40,10,46.000003,69.000005,22.042859,1,1,1018,0,ilp_v2,optimal,1,58.487215,48.284449,1.211305,0.033168,0.0,,0.033168,0.035713,3,0,0
n_tsk\set18\n_tsk_5.py,n_tsk,18,n_tsk,5,2,5,5,0.5,0.5,0.7,0.6,1.0,0.5,48.300003,40,10,46.000003,69.000005,22.042859,1,1,1018,0,ilp_v3,optimal,1,51.737774,48.17859,1.073875,0.022043,0.0,,0.022043,0.023957,3,0,0
n_tsk\set18\n_tsk_5.py,n_tsk,18,n_tsk,5,2,5,5,0.5,0.5,0.7,0.6,1.0,0.5,48.300003,40,10,46.000003,69.000005,22.042859,1,1,1018,0,ilp_v4,optimal,1,69.227291,48.253242,1.434666,0.048582,0.0,,0.048582,0.056031,3,0,0
n_tsk\set18\n_tsk_5.py,n_tsk,18,n_tsk,5,2,5,5,0.5,0.5,0.7,0.6,1.0,0.5,48.300003,40,10,46.000003,69.000005,22.042859,1,1,1018,0,greedy_sps_baseline,solved,1,8.25506,48.216191,0.171209,0.001278,,,0.001278,0.001502,3,0,0
n_tsk\set19\n_tsk_3.py,n_tsk,19,n_tsk,3,2,3,5,0.5,0.5,0.7,0.6,1.0,0.5,48.299998,40,7,45.999998,68.999998,21.433332,1,1,1019,0,ilp_v2,optimal,1,46.867907,47.949114,0.977451,0.011253,0.0,,0.011253,0.014688,3,0,0
n_tsk\set19\n_tsk_3.py,n_tsk,19,n_tsk,3,2,3,5,0.5,0.5,0.7,0.6,1.0,0.5,48.299998,40,7,45.999998,68.999998,21.433332,1,1,1019,0,ilp_v3,optimal,1,36.884078,47.932341,0.769503,0.011783,0.0,,0.011783,0.012032,3,0,0
n_tsk\set19\n_tsk_3.py,n_tsk,19,n_tsk,3,2,3,5,0.5,0.5,0.7,0.6,1.0,0.5,48.299998,40,7,45.999998,68.999998,21.433332,1,1,1019,0,ilp_v4,optimal,1,48.039409,48.161586,0.997463,0.0364,0.0,,0.0364,0.03749,3,0,0
n_tsk\set19\n_tsk_3.py,n_tsk,19,n_tsk,3,2,3,5,0.5,0.5,0.7,0.6,1.0,0.5,48.299998,40,7,45.999998,68.999998,21.433332,1,1,1019,0,greedy_sps_baseline,solved,1,7.659986,48.148321,0.159091,0.001001,,,0.001001,0.001168,3,0,0
n_tsk\set19\n_tsk_4.py,n_tsk,19,n_tsk,4,2,4,5,0.5,0.5,0.7,0.6,1.0,0.5,48.299998,40,8,45.999998,68.999997,21.433332,1,1,1019,0,ilp_v2,optimal,1,39.728659,48.190798,0.824403,0.027939,0.0,,0.027939,0.031042,3,0,0
n_tsk\set19\n_tsk_4.py,n_tsk,19,n_tsk,4,2,4,5,0.5,0.5,0.7,0.6,1.0,0.5,48.299998,40,8,45.999998,68.999997,21.433332,1,1,1019,0,ilp_v3,optimal,1,39.728659,48.190798,0.824403,0.028251,0.0,,0.028251,0.031261,3,0,0
n_tsk\set19\n_tsk_4.py,n_tsk,19,n_tsk,4,2,4,5,0.5,0.5,0.7,0.6,1.0,0.5,48.299998,40,8,45.999998,68.999997,21.433332,1,1,1019,0,ilp_v4,optimal,1,40.190743,47.153673,0.852335,0.031493,0.0,,0.031493,0.044142,3,0,0
n_tsk\set19\n_tsk_4.py,n_tsk,19,n_tsk,4,2,4,5,0.5,0.5,0.7,0.6,1.0,0.5,48.299998,40,8,45.999998,68.999997,21.433332,1,1,1019,0,greedy_sps_baseline,solved,1,4.519539,48.219121,0.093729,0.001076,,,0.001076,0.001555,3,0,0
n_tsk\set19\n_tsk_5.py,n_tsk,19,n_tsk,5,2,5,5,0.5,0.5,0.7,0.6,1.0,0.5,48.3,40,9,46.0,69.0,21.433333,1,1,1019,0,ilp_v2,optimal,1,27.585631,43.237225,0.638007,0.008539,0.0,,0.008539,0.009229,3,0,0
n_tsk\set19\n_tsk_5.py,n_tsk,19,n_tsk,5,2,5,5,0.5,0.5,0.7,0.6,1.0,0.5,48.3,40,9,46.0,69.0,21.433333,1,1,1019,0,ilp_v3,optimal,1,30.401264,45.248697,0.67187,0.011009,0.0,,0.011009,0.011812,3,0,0
n_tsk\set19\n_tsk_5.py,n_tsk,19,n_tsk,5,2,5,5,0.5,0.5,0.7,0.6,1.0,0.5,48.3,40,9,46.0,69.0,21.433333,1,1,1019,0,ilp_v4,optimal,1,38.247327,48.007623,0.796693,0.020286,0.0,,0.020286,0.022782,3,0,0
n_tsk\set19\n_tsk_5.py,n_tsk,19,n_tsk,5,2,5,5,0.5,0.5,0.7,0.6,1.0,0.5,48.3,40,9,46.0,69.0,21.433333,1,1,1019,0,greedy_sps_baseline,solved,1,2.743291,46.76446,0.058662,0.001656,,,0.001656,0.002113,3,0,0
n_tsk\set20\n_tsk_3.py,n_tsk,20,n_tsk,3,2,3,5,0.5,0.5,0.7,0.6,1.0,0.5,48.300008,40,7,46.000001,69.000011,22.042858,1,1,1020,0,ilp_v2,optimal,1,22.778788,48.210481,0.472486,0.023069,0.0,,0.023069,0.026293,3,0,0
n_tsk\set20\n_tsk_3.py,n_tsk,20,n_tsk,3,2,3,5,0.5,0.5,0.7,0.6,1.0,0.5,48.300008,40,7,46.000001,69.000011,22.042858,1,1,1020,0,ilp_v3,optimal,1,24.276348,47.704397,0.508891,0.015116,0.0,,0.015116,0.015439,3,0,0
n_tsk\set20\n_tsk_3.py,n_tsk,20,n_tsk,3,2,3,5,0.5,0.5,0.7,0.6,1.0,0.5,48.300008,40,7,46.000001,69.000011,22.042858,1,1,1020,0,ilp_v4,optimal,1,27.808754,46.884545,0.593133,0.037991,0.0,,0.037991,0.039877,3,0,0
n_tsk\set20\n_tsk_3.py,n_tsk,20,n_tsk,3,2,3,5,0.5,0.5,0.7,0.6,1.0,0.5,48.300008,40,7,46.000001,69.000011,22.042858,1,1,1020,0,greedy_sps_baseline,solved,1,3.317052,48.196471,0.068824,0.000894,,,0.000894,0.001085,3,0,0
n_tsk\set20\n_tsk_4.py,n_tsk,20,n_tsk,4,2,4,5,0.5,0.5,0.7,0.6,1.0,0.5,48.3,40,9,46.000001,69.0,22.042858,1,1,1020,0,ilp_v2,optimal,1,39.159393,48.286647,0.810978,0.013965,0.0,,0.013965,0.014782,3,0,0
n_tsk\set20\n_tsk_4.py,n_tsk,20,n_tsk,4,2,4,5,0.5,0.5,0.7,0.6,1.0,0.5,48.3,40,9,46.000001,69.0,22.042858,1,1,1020,0,ilp_v3,optimal,1,39.159393,48.129399,0.813627,0.015508,0.0,,0.015508,0.015744,3,0,0
n_tsk\set20\n_tsk_4.py,n_tsk,20,n_tsk,4,2,4,5,0.5,0.5,0.7,0.6,1.0,0.5,48.3,40,9,46.000001,69.0,22.042858,1,1,1020,0,ilp_v4,optimal,1,39.159393,47.533233,0.823832,0.035025,0.0,,0.035025,0.051363,3,0,0
n_tsk\set20\n_tsk_4.py,n_tsk,20,n_tsk,4,2,4,5,0.5,0.5,0.7,0.6,1.0,0.5,48.3,40,9,46.000001,69.0,22.042858,1,1,1020,0,greedy_sps_baseline,solved,1,5.163642,48.212936,0.107101,0.000876,,,0.000876,0.001321,3,0,0
n_tsk\set20\n_tsk_5.py,n_tsk,20,n_tsk,5,2,5,5,0.5,0.5,0.7,0.6,1.0,0.5,48.299998,40,13,45.999999,68.999998,22.042857,1,1,1020,0,ilp_v2,optimal,1,54.862412,48.253095,1.136972,0.040035,0.0,,0.040035,0.046628,3,0,0
n_tsk\set20\n_tsk_5.py,n_tsk,20,n_tsk,5,2,5,5,0.5,0.5,0.7,0.6,1.0,0.5,48.299998,40,13,45.999999,68.999998,22.042857,1,1,1020,0,ilp_v3,optimal,1,55.967151,48.250308,1.159934,0.060161,7.2e-05,,0.060161,0.065344,3,0,0
n_tsk\set20\n_tsk_5.py,n_tsk,20,n_tsk,5,2,5,5,0.5,0.5,0.7,0.6,1.0,0.5,48.299998,40,13,45.999999,68.999998,22.042857,1,1,1020,0,ilp_v4,optimal,1,55.934362,48.291091,1.158275,0.138773,0.0,,0.138773,0.172741,3,0,0
n_tsk\set20\n_tsk_5.py,n_tsk,20,n_tsk,5,2,5,5,0.5,0.5,0.7,0.6,1.0,0.5,48.299998,40,13,45.999999,68.999998,22.042857,1,1,1020,0,greedy_sps_baseline,solved,1,8.508046,48.116547,0.176822,0.004706,,,0.004706,0.005297,3,0,0
n_tsk\set21\n_tsk_3.py,n_tsk,21,n_tsk,3,2,3,5,0.5,0.5,0.7,0.6,1.0,0.5,48.299999,40,7,45.999999,68.999999,21.399999,1,1,1021,0,ilp_v2,optimal,1,58.664596,47.774245,1.227954,0.013425,0.0,,0.013425,0.015547,3,0,0
n_tsk\set21\n_tsk_3.py,n_tsk,21,n_tsk,3,2,3,5,0.5,0.5,0.7,0.6,1.0,0.5,48.299999,40,7,45.999999,68.999999,21.399999,1,1,1021,0,ilp_v3,optimal,1,43.20025,48.204688,0.896184,0.024428,0.0,,0.024428,0.027437,3,0,0
n_tsk\set21\n_tsk_3.py,n_tsk,21,n_tsk,3,2,3,5,0.5,0.5,0.7,0.6,1.0,0.5,48.299999,40,7,45.999999,68.999999,21.399999,1,1,1021,0,ilp_v4,optimal,1,58.664596,47.774245,1.227954,0.022644,0.0,,0.022644,0.024052,3,0,0
n_tsk\set21\n_tsk_3.py,n_tsk,21,n_tsk,3,2,3,5,0.5,0.5,0.7,0.6,1.0,0.5,48.299999,40,7,45.999999,68.999999,21.399999,1,1,1021,0,greedy_sps_baseline,solved,1,7.268118,47.818135,0.151995,0.000997,,,0.000997,0.001332,3,0,0
n_tsk\set21\n_tsk_4.py,n_tsk,21,n_tsk,4,2,4,5,0.5,0.5,0.7,0.6,1.0,0.5,48.300002,40,8,46.0,69.000002,21.4,1,1,1021,0,ilp_v2,optimal,1,41.439724,47.722161,0.868354,0.055404,0.0,,0.055404,0.067522,3,0,0
n_tsk\set21\n_tsk_4.py,n_tsk,21,n_tsk,4,2,4,5,0.5,0.5,0.7,0.6,1.0,0.5,48.300002,40,8,46.0,69.000002,21.4,1,1,1021,0,ilp_v3,optimal,1,44.521121,48.021759,0.927103,0.010744,0.0,,0.010744,0.011257,3,0,0
n_tsk\set21\n_tsk_4.py,n_tsk,21,n_tsk,4,2,4,5,0.5,0.5,0.7,0.6,1.0,0.5,48.300002,40,8,46.0,69.000002,21.4,1,1,1021,0,ilp_v4,optimal,1,44.521121,47.115698,0.944932,0.043536,0.0,,0.043536,0.045957,3,0,0
n_tsk\set21\n_tsk_4.py,n_tsk,21,n_tsk,4,2,4,5,0.5,0.5,0.7,0.6,1.0,0.5,48.300002,40,8,46.0,69.000002,21.4,1,1,1021,0,greedy_sps_baseline,solved,1,7.5754,47.967246,0.157929,0.001487,,,0.001487,0.001633,3,0,0
n_tsk\set21\n_tsk_5.py,n_tsk,21,n_tsk,5,2,5,5,0.5,0.5,0.7,0.6,1.0,0.5,48.300002,40,10,45.999999,69.000002,21.399999,1,1,1021,0,ilp_v2,optimal,1,56.446703,48.246493,1.169965,0.083297,0.0,,0.083297,0.092086,3,0,0
n_tsk\set21\n_tsk_5.py,n_tsk,21,n_tsk,5,2,5,5,0.5,0.5,0.7,0.6,1.0,0.5,48.300002,40,10,45.999999,69.000002,21.399999,1,1,1021,0,ilp_v3,optimal,1,63.005865,48.201687,1.30713,0.036115,0.0,,0.036115,0.037446,3,0,0
n_tsk\set21\n_tsk_5.py,n_tsk,21,n_tsk,5,2,5,5,0.5,0.5,0.7,0.6,1.0,0.5,48.300002,40,10,45.999999,69.000002,21.399999,1,1,1021,0,ilp_v4,optimal,1,63.736382,47.084213,1.353668,0.050352,0.0,,0.050352,0.063654,3,0,0
n_tsk\set21\n_tsk_5.py,n_tsk,21,n_tsk,5,2,5,5,0.5,0.5,0.7,0.6,1.0,0.5,48.300002,40,10,45.999999,69.000002,21.399999,1,1,1021,0,greedy_sps_baseline,solved,1,9.47975,48.258646,0.196436,0.000586,,,0.000586,0.000824,3,0,0
n_tsk\set22\n_tsk_3.py,n_tsk,22,n_tsk,3,2,3,5,0.5,0.5,0.7,0.6,1.0,0.5,48.300001,40,7,46.0,69.000001,21.4,1,1,1022,0,ilp_v2,optimal,1,39.485657,48.296901,0.817561,0.010039,0.0,,0.010039,0.012621,3,0,0
n_tsk\set22\n_tsk_3.py,n_tsk,22,n_tsk,3,2,3,5,0.5,0.5,0.7,0.6,1.0,0.5,48.300001,40,7,46.0,69.000001,21.4,1,1,1022,0,ilp_v3,optimal,1,29.868174,48.267364,0.618807,0.019497,0.0,,0.019497,0.024725,3,0,0
n_tsk\set22\n_tsk_3.py,n_tsk,22,n_tsk,3,2,3,5,0.5,0.5,0.7,0.6,1.0,0.5,48.300001,40,7,46.0,69.000001,21.4,1,1,1022,0,ilp_v4,optimal,1,39.485657,47.945121,0.823559,0.032759,0.0,,0.032759,0.034232,3,0,0
n_tsk\set22\n_tsk_3.py,n_tsk,22,n_tsk,3,2,3,5,0.5,0.5,0.7,0.6,1.0,0.5,48.300001,40,7,46.0,69.000001,21.4,1,1,1022,0,greedy_sps_baseline,solved,1,8.724435,48.212078,0.18096,0.001247,,,0.001247,0.001427,3,0,0
n_tsk\set22\n_tsk_4.py,n_tsk,22,n_tsk,4,2,4,5,0.5,0.5,0.7,0.6,1.0,0.5,48.299998,40,8,45.999999,68.999997,21.399999,1,1,1022,0,ilp_v2,optimal,1,34.589882,48.108536,0.718997,0.038051,0.0,,0.038051,0.038697,3,0,0
n_tsk\set22\n_tsk_4.py,n_tsk,22,n_tsk,4,2,4,5,0.5,0.5,0.7,0.6,1.0,0.5,48.299998,40,8,45.999999,68.999997,21.399999,1,1,1022,0,ilp_v3,optimal,1,25.969749,47.919809,0.541942,0.024031,0.0,,0.024031,0.025999,3,0,0
n_tsk\set22\n_tsk_4.py,n_tsk,22,n_tsk,4,2,4,5,0.5,0.5,0.7,0.6,1.0,0.5,48.299998,40,8,45.999999,68.999997,21.399999,1,1,1022,0,ilp_v4,optimal,1,36.151278,48.256993,0.749141,0.146639,0.0,,0.146639,0.161158,3,0,0
n_tsk\set22\n_tsk_4.py,n_tsk,22,n_tsk,4,2,4,5,0.5,0.5,0.7,0.6,1.0,0.5,48.299998,40,8,45.999999,68.999997,21.399999,1,1,1022,0,greedy_sps_baseline,solved,1,4.699892,48.094263,0.097723,0.001024,,,0.001024,0.001164,3,0,0
n_tsk\set22\n_tsk_5.py,n_tsk,22,n_tsk,5,2,5,5,0.5,0.5,0.7,0.6,1.0,0.5,48.299998,40,9,46.0,68.999998,21.4,1,1,1022,0,ilp_v2,optimal,1,72.579888,48.243795,1.50444,0.030824,0.0,,0.030824,0.033718,3,0,0
n_tsk\set22\n_tsk_5.py,n_tsk,22,n_tsk,5,2,5,5,0.5,0.5,0.7,0.6,1.0,0.5,48.299998,40,9,46.0,68.999998,21.4,1,1,1022,0,ilp_v3,optimal,1,71.641168,48.295484,1.483393,0.031945,0.0,,0.031945,0.033882,3,0,0
n_tsk\set22\n_tsk_5.py,n_tsk,22,n_tsk,5,2,5,5,0.5,0.5,0.7,0.6,1.0,0.5,48.299998,40,9,46.0,68.999998,21.4,1,1,1022,0,ilp_v4,optimal,1,71.693517,48.226286,1.486607,0.138459,0.0,,0.138459,0.139956,3,0,0
n_tsk\set22\n_tsk_5.py,n_tsk,22,n_tsk,5,2,5,5,0.5,0.5,0.7,0.6,1.0,0.5,48.299998,40,9,46.0,68.999998,21.4,1,1,1022,0,greedy_sps_baseline,solved,1,8.666218,48.203505,0.179784,0.001069,,,0.001069,0.001184,3,0,0
n_tsk\set23\n_tsk_3.py,n_tsk,23,n_tsk,3,2,3,5,0.5,0.5,0.7,0.6,1.0,0.5,48.299998,40,7,46.0,68.999997,21.4,1,1,1023,0,ilp_v2,optimal,1,24.474545,48.281309,0.506916,0.046765,0.0,,0.046765,0.050059,3,0,0
n_tsk\set23\n_tsk_3.py,n_tsk,23,n_tsk,3,2,3,5,0.5,0.5,0.7,0.6,1.0,0.5,48.299998,40,7,46.0,68.999997,21.4,1,1,1023,0,ilp_v3,optimal,1,33.900523,48.232502,0.702856,0.037069,0.0,,0.037069,0.038927,3,0,0
n_tsk\set23\n_tsk_3.py,n_tsk,23,n_tsk,3,2,3,5,0.5,0.5,0.7,0.6,1.0,0.5,48.299998,40,7,46.0,68.999997,21.4,1,1,1023,0,ilp_v4,optimal,1,33.900523,48.270434,0.702304,0.043668,0.0,,0.043668,0.045176,3,0,0
n_tsk\set23\n_tsk_3.py,n_tsk,23,n_tsk,3,2,3,5,0.5,0.5,0.7,0.6,1.0,0.5,48.299998,40,7,46.0,68.999997,21.4,1,1,1023,0,greedy_sps_baseline,solved,1,3.656663,48.035413,0.076124,0.001217,,,0.001217,0.00138,3,0,0
n_tsk\set23\n_tsk_4.py,n_tsk,23,n_tsk,4,2,4,5,0.5,0.5,0.7,0.6,1.0,0.5,48.300003,40,9,46.000001,69.000005,21.400001,1,1,1023,0,ilp_v2,optimal,1,32.224718,48.266091,0.667647,0.032634,0.0,,0.032634,0.036861,3,0,0
n_tsk\set23\n_tsk_4.py,n_tsk,23,n_tsk,4,2,4,5,0.5,0.5,0.7,0.6,1.0,0.5,48.300003,40,9,46.000001,69.000005,21.400001,1,1,1023,0,ilp_v3,optimal,1,30.495179,47.769641,0.63838,0.025441,0.0,,0.025441,0.026892,3,0,0
n_tsk\set23\n_tsk_4.py,n_tsk,23,n_tsk,4,2,4,5,0.5,0.5,0.7,0.6,1.0,0.5,48.300003,40,9,46.000001,69.000005,21.400001,1,1,1023,0,ilp_v4,optimal,1,40.090086,48.212648,0.831526,0.055049,0.0,,0.055049,0.059363,3,0,0
n_tsk\set23\n_tsk_4.py,n_tsk,23,n_tsk,4,2,4,5,0.5,0.5,0.7,0.6,1.0,0.5,48.300003,40,9,46.000001,69.000005,21.400001,1,1,1023,0,greedy_sps_baseline,solved,1,4.363111,47.757348,0.09136,0.000652,,,0.000652,0.001594,3,0,0
n_tsk\set23\n_tsk_5.py,n_tsk,23,n_tsk,5,2,5,5,0.5,0.5,0.7,0.6,1.0,0.5,48.299999,40,13,45.999998,68.999999,21.399999,1,1,1023,0,ilp_v2,optimal,1,63.352033,48.244638,1.313141,0.092774,0.0,,0.092774,0.11426,3,0,0
n_tsk\set23\n_tsk_5.py,n_tsk,23,n_tsk,5,2,5,5,0.5,0.5,0.7,0.6,1.0,0.5,48.299999,40,13,45.999998,68.999999,21.399999,1,1,1023,0,ilp_v3,optimal,1,63.356271,48.263653,1.312712,0.070723,2.1e-05,,0.070723,0.076938,3,0,0
n_tsk\set23\n_tsk_5.py,n_tsk,23,n_tsk,5,2,5,5,0.5,0.5,0.7,0.6,1.0,0.5,48.299999,40,13,45.999998,68.999999,21.399999,1,1,1023,0,ilp_v4,optimal,1,67.40008,48.239576,1.397195,0.112841,0.0,,0.112841,0.125917,3,0,0
n_tsk\set23\n_tsk_5.py,n_tsk,23,n_tsk,5,2,5,5,0.5,0.5,0.7,0.6,1.0,0.5,48.299999,40,13,45.999998,68.999999,21.399999,1,1,1023,0,greedy_sps_baseline,solved,1,7.456686,48.282029,0.15444,0.001487,,,0.001487,0.001642,3,0,0
n_tsk\set24\n_tsk_3.py,n_tsk,24,n_tsk,3,2,3,5,0.5,0.5,0.7,0.6,1.0,0.5,48.299999,40,7,46.0,68.999999,23.009091,1,1,1024,0,ilp_v2,optimal,1,41.884213,48.160939,0.869672,0.020052,0.0,,0.020052,0.022634,3,0,0
n_tsk\set24\n_tsk_3.py,n_tsk,24,n_tsk,3,2,3,5,0.5,0.5,0.7,0.6,1.0,0.5,48.299999,40,7,46.0,68.999999,23.009091,1,1,1024,0,ilp_v3,optimal,1,67.309807,46.29009,1.454087,0.009337,0.0,,0.009337,0.012024,3,0,0
n_tsk\set24\n_tsk_3.py,n_tsk,24,n_tsk,3,2,3,5,0.5,0.5,0.7,0.6,1.0,0.5,48.299999,40,7,46.0,68.999999,23.009091,1,1,1024,0,ilp_v4,optimal,1,67.309807,46.29009,1.454087,0.018879,0.0,,0.018879,0.02495,3,0,0
n_tsk\set24\n_tsk_3.py,n_tsk,24,n_tsk,3,2,3,5,0.5,0.5,0.7,0.6,1.0,0.5,48.299999,40,7,46.0,68.999999,23.009091,1,1,1024,0,greedy_sps_baseline,solved,1,7.801221,48.14084,0.16205,0.001119,,,0.001119,0.001269,3,0,0
n_tsk\set24\n_tsk_4.py,n_tsk,24,n_tsk,4,2,4,5,0.5,0.5,0.7,0.6,1.0,0.5,48.3,40,9,46.0,69.0,23.009091,1,1,1024,0,ilp_v2,optimal,1,45.156427,48.29002,0.935109,0.01613,0.0,,0.01613,0.018695,3,0,0
n_tsk\set24\n_tsk_4.py,n_tsk,24,n_tsk,4,2,4,5,0.5,0.5,0.7,0.6,1.0,0.5,48.3,40,9,46.0,69.0,23.009091,1,1,1024,0,ilp_v3,optimal,1,46.010283,48.281919,0.952951,0.010166,0.0,,0.010166,0.011543,3,0,0
n_tsk\set24\n_tsk_4.py,n_tsk,24,n_tsk,4,2,4,5,0.5,0.5,0.7,0.6,1.0,0.5,48.3,40,9,46.0,69.0,23.009091,1,1,1024,0,ilp_v4,optimal,1,48.321033,46.222907,1.045391,0.048232,0.0,,0.048232,0.050746,3,0,0
n_tsk\set24\n_tsk_4.py,n_tsk,24,n_tsk,4,2,4,5,0.5,0.5,0.7,0.6,1.0,0.5,48.3,40,9,46.0,69.0,23.009091,1,1,1024,0,greedy_sps_baseline,solved,1,7.808586,48.201003,0.162,0.001082,,,0.001082,0.001382,3,0,0
n_tsk\set24\n_tsk_5.py,n_tsk,24,n_tsk,5,2,5,5,0.5,0.5,0.7,0.6,1.0,0.5,48.299999,40,10,46.000001,68.999999,23.009091,1,1,1024,0,ilp_v2,optimal,1,50.228905,47.211224,1.063919,0.011323,0.0,,0.011323,0.012429,3,0,0
n_tsk\set24\n_tsk_5.py,n_tsk,24,n_tsk,5,2,5,5,0.5,0.5,0.7,0.6,1.0,0.5,48.299999,40,10,46.000001,68.999999,23.009091,1,1,1024,0,ilp_v3,optimal,1,50.228905,47.990095,1.046651,0.012894,0.0,,0.012894,0.013977,3,0,0
n_tsk\set24\n_tsk_5.py,n_tsk,24,n_tsk,5,2,5,5,0.5,0.5,0.7,0.6,1.0,0.5,48.299999,40,10,46.000001,68.999999,23.009091,1,1,1024,0,ilp_v4,optimal,1,50.228905,45.433648,1.105544,0.021068,0.0,,0.021068,0.030478,3,0,0
n_tsk\set24\n_tsk_5.py,n_tsk,24,n_tsk,5,2,5,5,0.5,0.5,0.7,0.6,1.0,0.5,48.299999,40,10,46.000001,68.999999,23.009091,1,1,1024,0,greedy_sps_baseline,solved,1,9.617383,48.273193,0.199228,0.000647,,,0.000647,0.000979,3,0,0
n_tsk\set25\n_tsk_3.py,n_tsk,25,n_tsk,3,2,3,5,0.5,0.5,0.7,0.6,1.0,0.5,48.3,40,7,46.000001,69.0,21.433334,1,1,1025,0,ilp_v2,optimal,1,50.91359,48.233336,1.055568,0.005442,0.0,,0.005442,0.007004,3,0,0
n_tsk\set25\n_tsk_3.py,n_tsk,25,n_tsk,3,2,3,5,0.5,0.5,0.7,0.6,1.0,0.5,48.3,40,7,46.000001,69.0,21.433334,1,1,1025,0,ilp_v3,optimal,1,50.91359,48.233336,1.055568,0.0062,0.0,,0.0062,0.00792,3,0,0
n_tsk\set25\n_tsk_3.py,n_tsk,25,n_tsk,3,2,3,5,0.5,0.5,0.7,0.6,1.0,0.5,48.3,40,7,46.000001,69.0,21.433334,1,1,1025,0,ilp_v4,optimal,1,64.302709,47.482636,1.354236,0.029119,9e-05,,0.029119,0.037572,3,0,0
n_tsk\set25\n_tsk_3.py,n_tsk,25,n_tsk,3,2,3,5,0.5,0.5,0.7,0.6,1.0,0.5,48.3,40,7,46.000001,69.0,21.433334,1,1,1025,0,greedy_sps_baseline,solved,1,8.910409,48.066756,0.185376,0.000544,,,0.000544,0.000806,3,0,0
n_tsk\set25\n_tsk_4.py,n_tsk,25,n_tsk,4,2,4,5,0.5,0.5,0.7,0.6,1.0,0.5,48.299998,40,8,45.999998,68.999998,21.433332,1,1,1025,0,ilp_v2,optimal,1,72.186574,48.219724,1.497034,0.014889,0.0,,0.014889,0.016257,3,0,0
n_tsk\set25\n_tsk_4.py,n_tsk,25,n_tsk,4,2,4,5,0.5,0.5,0.7,0.6,1.0,0.5,48.299998,40,8,45.999998,68.999998,21.433332,1,1,1025,0,ilp_v3,optimal,1,63.295194,47.937851,1.320359,0.011638,0.0,,0.011638,0.011899,3,0,0
n_tsk\set25\n_tsk_4.py,n_tsk,25,n_tsk,4,2,4,5,0.5,0.5,0.7,0.6,1.0,0.5,48.299998,40,8,45.999998,68.999998,21.433332,1,1,1025,0,ilp_v4,optimal,1,72.186574,48.219724,1.497034,0.028638,0.0,,0.028638,0.02985,3,0,0
n_tsk\set25\n_tsk_4.py,n_tsk,25,n_tsk,4,2,4,5,0.5,0.5,0.7,0.6,1.0,0.5,48.299998,40,8,45.999998,68.999998,21.433332,1,1,1025,0,greedy_sps_baseline,solved,1,8.425986,48.148245,0.175001,0.000882,,,0.000882,0.001036,3,0,0
n_tsk\set25\n_tsk_5.py,n_tsk,25,n_tsk,5,2,5,5,0.5,0.5,0.7,0.6,1.0,0.5,48.300002,40,9,46.000001,69.000003,21.433334,1,1,1025,0,ilp_v2,optimal,1,57.737622,48.268342,1.19618,0.023624,0.0,,0.023624,0.025882,3,0,0
n_tsk\set25\n_tsk_5.py,n_tsk,25,n_tsk,5,2,5,5,0.5,0.5,0.7,0.6,1.0,0.5,48.300002,40,9,46.000001,69.000003,21.433334,1,1,1025,0,ilp_v3,optimal,1,67.697057,48.154868,1.40582,0.080451,0.0,,0.080451,0.0854,3,0,0
n_tsk\set25\n_tsk_5.py,n_tsk,25,n_tsk,5,2,5,5,0.5,0.5,0.7,0.6,1.0,0.5,48.300002,40,9,46.000001,69.000003,21.433334,1,1,1025,0,ilp_v4,optimal,1,68.904832,48.242391,1.428305,0.12565,0.0,,0.12565,0.133163,3,0,0
n_tsk\set25\n_tsk_5.py,n_tsk,25,n_tsk,5,2,5,5,0.5,0.5,0.7,0.6,1.0,0.5,48.300002,40,9,46.000001,69.000003,21.433334,1,1,1025,0,greedy_sps_baseline,solved,1,7.330563,48.153811,0.152232,0.001388,,,0.001388,0.001548,3,0,0
n_tsk\set26\n_tsk_3.py,n_tsk,26,n_tsk,3,2,3,5,0.5,0.5,0.7,0.6,1.0,0.5,48.300001,40,7,46.0,69.000001,22.0,1,1,1026,0,ilp_v2,optimal,1,39.937826,48.236646,0.827956,0.042024,0.0,,0.042024,0.04337,3,0,0
n_tsk\set26\n_tsk_3.py,n_tsk,26,n_tsk,3,2,3,5,0.5,0.5,0.7,0.6,1.0,0.5,48.300001,40,7,46.0,69.000001,22.0,1,1,1026,0,ilp_v3,optimal,1,40.236661,48.227334,0.834312,0.020607,0.0,,0.020607,0.022174,3,0,0
n_tsk\set26\n_tsk_3.py,n_tsk,26,n_tsk,3,2,3,5,0.5,0.5,0.7,0.6,1.0,0.5,48.300001,40,7,46.0,69.000001,22.0,1,1,1026,0,ilp_v4,optimal,1,47.172577,48.282928,0.977003,0.035158,0.0,,0.035158,0.037151,3,0,0
n_tsk\set26\n_tsk_3.py,n_tsk,26,n_tsk,3,2,3,5,0.5,0.5,0.7,0.6,1.0,0.5,48.300001,40,7,46.0,69.000001,22.0,1,1,1026,0,greedy_sps_baseline,solved,1,6.86412,48.229169,0.142323,0.000718,,,0.000718,0.000867,3,0,0
n_tsk\set26\n_tsk_4.py,n_tsk,26,n_tsk,4,2,4,5,0.5,0.5,0.7,0.6,1.0,0.5,48.300001,40,8,45.999999,69.000001,21.999999,1,1,1026,0,ilp_v2,optimal,1,40.683454,48.003915,0.847503,0.017088,0.0,,0.017088,0.019119,3,0,0
n_tsk\set26\n_tsk_4.py,n_tsk,26,n_tsk,4,2,4,5,0.5,0.5,0.7,0.6,1.0,0.5,48.300001,40,8,45.999999,69.000001,21.999999,1,1,1026,0,ilp_v3,optimal,1,40.683454,48.003915,0.847503,0.012476,0.0,,0.012476,0.017215,3,0,0
n_tsk\set26\n_tsk_4.py,n_tsk,26,n_tsk,4,2,4,5,0.5,0.5,0.7,0.6,1.0,0.5,48.300001,40,8,45.999999,69.000001,21.999999,1,1,1026,0,ilp_v4,optimal,1,50.465606,48.288533,1.045085,0.052718,0.0,,0.052718,0.068733,3,0,0
n_tsk\set26\n_tsk_4.py,n_tsk,26,n_tsk,4,2,4,5,0.5,0.5,0.7,0.6,1.0,0.5,48.300001,40,8,45.999999,69.000001,21.999999,1,1,1026,0,greedy_sps_baseline,solved,1,6.326713,47.874218,0.132153,0.001967,,,0.001967,0.002357,3,0,0
n_tsk\set26\n_tsk_5.py,n_tsk,26,n_tsk,5,2,5,5,0.5,0.5,0.7,0.6,1.0,0.5,48.300003,40,10,46.000003,69.000005,22.000002,1,1,1026,0,ilp_v2,optimal,1,58.505273,48.21662,1.213384,0.053906,0.0,,0.053906,0.060304,3,0,0
n_tsk\set26\n_tsk_5.py,n_tsk,26,n_tsk,5,2,5,5,0.5,0.5,0.7,0.6,1.0,0.5,48.300003,40,10,46.000003,69.000005,22.000002,1,1,1026,0,ilp_v3,optimal,1,58.732747,48.260739,1.216988,0.051299,0.0,,0.051299,0.059269,3,0,0
n_tsk\set26\n_tsk_5.py,n_tsk,26,n_tsk,5,2,5,5,0.5,0.5,0.7,0.6,1.0,0.5,48.300003,40,10,46.000003,69.000005,22.000002,1,1,1026,0,ilp_v4,optimal,1,59.90999,47.936838,1.249769,0.059071,0.0,,0.059071,0.062582,3,0,0
n_tsk\set26\n_tsk_5.py,n_tsk,26,n_tsk,5,2,5,5,0.5,0.5,0.7,0.6,1.0,0.5,48.300003,40,10,46.000003,69.000005,22.000002,1,1,1026,0,greedy_sps_baseline,solved,1,6.8418,48.141086,0.14212,0.000489,,,0.000489,0.000602,3,0,0
n_tsk\set27\n_tsk_3.py,n_tsk,27,n_tsk,3,2,3,5,0.5,0.5,0.7,0.6,1.0,0.5,48.299997,40,7,46.0,68.999995,22.042857,1,1,1027,0,ilp_v2,optimal,1,57.107364,48.270597,1.183067,0.013522,0.0,,0.013522,0.016424,3,0,0
n_tsk\set27\n_tsk_3.py,n_tsk,27,n_tsk,3,2,3,5,0.5,0.5,0.7,0.6,1.0,0.5,48.299997,40,7,46.0,68.999995,22.042857,1,1,1027,0,ilp_v3,optimal,1,57.900745,46.956538,1.233071,0.013321,0.0,,0.013321,0.014485,3,0,0
n_tsk\set27\n_tsk_3.py,n_tsk,27,n_tsk,3,2,3,5,0.5,0.5,0.7,0.6,1.0,0.5,48.299997,40,7,46.0,68.999995,22.042857,1,1,1027,0,ilp_v4,optimal,1,57.900745,46.956538,1.233071,0.027693,0.0,,0.027693,0.034503,3,0,0
n_tsk\set27\n_tsk_3.py,n_tsk,27,n_tsk,3,2,3,5,0.5,0.5,0.7,0.6,1.0,0.5,48.299997,40,7,46.0,68.999995,22.042857,1,1,1027,0,greedy_sps_baseline,solved,1,9.72892,48.291596,0.201462,0.001127,,,0.001127,0.001196,3,0,0
n_tsk\set27\n_tsk_4.py,n_tsk,27,n_tsk,4,2,4,5,0.5,0.5,0.7,0.6,1.0,0.5,48.3,40,11,46.000002,69.0,22.042858,1,1,1027,0,ilp_v2,optimal,1,35.361104,48.274938,0.732494,0.072127,0.0,,0.072127,0.080057,3,0,0
n_tsk\set27\n_tsk_4.py,n_tsk,27,n_tsk,4,2,4,5,0.5,0.5,0.7,0.6,1.0,0.5,48.3,40,11,46.000002,69.0,22.042858,1,1,1027,0,ilp_v3,optimal,1,31.242632,48.19056,0.648314,0.019592,0.0,,0.019592,0.020613,3,0,0
n_tsk\set27\n_tsk_4.py,n_tsk,27,n_tsk,4,2,4,5,0.5,0.5,0.7,0.6,1.0,0.5,48.3,40,11,46.000002,69.0,22.042858,1,1,1027,0,ilp_v4,optimal,1,40.310544,47.930055,0.841029,0.072068,0.0,,0.072068,0.081688,3,0,0
n_tsk\set27\n_tsk_4.py,n_tsk,27,n_tsk,4,2,4,5,0.5,0.5,0.7,0.6,1.0,0.5,48.3,40,11,46.000002,69.0,22.042858,1,1,1027,0,greedy_sps_baseline,solved,1,5.56853,48.123183,0.115714,0.00107,,,0.00107,0.00123,3,0,0
n_tsk\set27\n_tsk_5.py,n_tsk,27,n_tsk,5,2,5,5,0.5,0.5,0.7,0.6,1.0,0.5,48.299997,40,12,45.999998,68.999995,22.042856,1,1,1027,0,ilp_v2,optimal,1,50.626355,48.236936,1.049535,0.111526,0.0,,0.111526,0.113962,3,0,0
n_tsk\set27\n_tsk_5.py,n_tsk,27,n_tsk,5,2,5,5,0.5,0.5,0.7,0.6,1.0,0.5,48.299997,40,12,45.999998,68.999995,22.042856,1,1,1027,0,ilp_v3,optimal,1,50.626355,48.247465,1.049306,0.099268,0.0,,0.099268,0.10469,3,0,0
n_tsk\set27\n_tsk_5.py,n_tsk,27,n_tsk,5,2,5,5,0.5,0.5,0.7,0.6,1.0,0.5,48.299997,40,12,45.999998,68.999995,22.042856,1,1,1027,0,ilp_v4,optimal,1,50.626355,48.236936,1.049535,0.14984,0.0,,0.14984,0.158443,3,0,0
n_tsk\set27\n_tsk_5.py,n_tsk,27,n_tsk,5,2,5,5,0.5,0.5,0.7,0.6,1.0,0.5,48.299997,40,12,45.999998,68.999995,22.042856,1,1,1027,0,greedy_sps_baseline,solved,1,8.4981,48.206622,0.176285,0.002257,,,0.002257,0.002454,3,0,0
n_tsk\set28\n_tsk_3.py,n_tsk,28,n_tsk,3,2,3,5,0.5,0.5,0.7,0.6,1.0,0.5,48.299998,40,7,45.999997,68.999997,21.999998,1,1,1028,0,ilp_v2,optimal,1,24.183498,48.04461,0.503355,0.008175,0.0,,0.008175,0.008632,3,0,0
n_tsk\set28\n_tsk_3.py,n_tsk,28,n_tsk,3,2,3,5,0.5,0.5,0.7,0.6,1.0,0.5,48.299998,40,7,45.999997,68.999997,21.999998,1,1,1028,0,ilp_v3,optimal,1,20.178468,43.346792,0.465512,0.018142,0.0,,0.018142,0.019241,3,0,0
n_tsk\set28\n_tsk_3.py,n_tsk,28,n_tsk,3,2,3,5,0.5,0.5,0.7,0.6,1.0,0.5,48.299998,40,7,45.999997,68.999997,21.999998,1,1,1028,0,ilp_v4,optimal,1,24.183498,48.04461,0.503355,0.017447,0.0,,0.017447,0.01977,3,0,0
n_tsk\set28\n_tsk_3.py,n_tsk,28,n_tsk,3,2,3,5,0.5,0.5,0.7,0.6,1.0,0.5,48.299998,40,7,45.999997,68.999997,21.999998,1,1,1028,0,greedy_sps_baseline,solved,1,5.98524,47.87096,0.125029,0.000975,,,0.000975,0.001118,3,0,0
n_tsk\set28\n_tsk_4.py,n_tsk,28,n_tsk,4,2,4,5,0.5,0.5,0.7,0.6,1.0,0.5,48.299998,40,9,45.999999,68.999998,21.999999,1,1,1028,0,ilp_v2,optimal,1,56.978072,48.09632,1.184666,0.00972,0.0,,0.00972,0.011718,3,0,0
n_tsk\set28\n_tsk_4.py,n_tsk,28,n_tsk,4,2,4,5,0.5,0.5,0.7,0.6,1.0,0.5,48.299998,40,9,45.999999,68.999998,21.999999,1,1,1028,0,ilp_v3,optimal,1,55.830942,48.245717,1.157221,0.018449,0.0,,0.018449,0.029451,3,0,0
n_tsk\set28\n_tsk_4.py,n_tsk,28,n_tsk,4,2,4,5,0.5,0.5,0.7,0.6,1.0,0.5,48.299998,40,9,45.999999,68.999998,21.999999,1,1,1028,0,ilp_v4,optimal,1,58.33412,47.595661,1.225618,0.033001,0.0,,0.033001,0.03464,3,0,0
n_tsk\set28\n_tsk_4.py,n_tsk,28,n_tsk,4,2,4,5,0.5,0.5,0.7,0.6,1.0,0.5,48.299998,40,9,45.999999,68.999998,21.999999,1,1,1028,0,greedy_sps_baseline,solved,1,7.610001,48.269159,0.157658,0.000931,,,0.000931,0.001087,3,0,0
n_tsk\set28\n_tsk_5.py,n_tsk,28,n_tsk,5,2,5,5,0.5,0.5,0.7,0.6,1.0,0.5,48.300001,40,11,46.0,69.000001,22.0,1,1,1028,0,ilp_v2,optimal,1,36.329574,46.736832,0.777322,0.024102,0.0,,0.024102,0.028564,3,0,0
n_tsk\set28\n_tsk_5.py,n_tsk,28,n_tsk,5,2,5,5,0.5,0.5,0.7,0.6,1.0,0.5,48.300001,40,11,46.0,69.000001,22.0,1,1,1028,0,ilp_v3,optimal,1,39.743723,47.55344,0.83577,0.013121,0.0,,0.013121,0.013721,3,0,0
n_tsk\set28\n_tsk_5.py,n_tsk,28,n_tsk,5,2,5,5,0.5,0.5,0.7,0.6,1.0,0.5,48.300001,40,11,46.0,69.000001,22.0,1,1,1028,0,ilp_v4,optimal,1,43.198298,48.218094,0.895894,0.063076,0.0,,0.063076,0.078458,3,0,0
n_tsk\set28\n_tsk_5.py,n_tsk,28,n_tsk,5,2,5,5,0.5,0.5,0.7,0.6,1.0,0.5,48.300001,40,11,46.0,69.000001,22.0,1,1,1028,0,greedy_sps_baseline,solved,1,7.551195,48.285892,0.156385,0.002008,,,0.002008,0.002268,3,0,0
n_tsk\set29\n_tsk_3.py,n_tsk,29,n_tsk,3,2,3,5,0.5,0.5,0.7,0.6,1.0,0.5,48.299999,40,7,45.999998,68.999999,21.999999,1,1,1029,0,ilp_v2,optimal,1,66.354124,46.09786,1.439419,0.007857,0.0,,0.007857,0.010097,3,0,0
n_tsk\set29\n_tsk_3.py,n_tsk,29,n_tsk,3,2,3,5,0.5,0.5,0.7,0.6,1.0,0.5,48.299999,40,7,45.999998,68.999999,21.999999,1,1,1029,0,ilp_v3,optimal,1,45.004164,48.183623,0.934014,0.030353,0.0,,0.030353,0.033066,3,0,0
n_tsk\set29\n_tsk_3.py,n_tsk,29,n_tsk,3,2,3,5,0.5,0.5,0.7,0.6,1.0,0.5,48.299999,40,7,45.999998,68.999999,21.999999,1,1,1029,0,ilp_v4,optimal,1,66.354124,46.09786,1.439419,0.017578,0.0,,0.017578,0.022019,3,0,0
n_tsk\set29\n_tsk_3.py,n_tsk,29,n_tsk,3,2,3,5,0.5,0.5,0.7,0.6,1.0,0.5,48.299999,40,7,45.999998,68.999999,21.999999,1,1,1029,0,greedy_sps_baseline,solved,1,8.676041,48.214993,0.179945,0.001065,,,0.001065,0.001404,3,0,0
n_tsk\set29\n_tsk_4.py,n_tsk,29,n_tsk,4,2,4,5,0.5,0.5,0.7,0.6,1.0,0.5,48.300001,40,8,46.0,69.000001,22.0,1,1,1029,0,ilp_v2,optimal,1,60.94924,48.16647,1.265387,0.009225,0.0,,0.009225,0.018096,3,0,0
n_tsk\set29\n_tsk_4.py,n_tsk,29,n_tsk,4,2,4,5,0.5,0.5,0.7,0.6,1.0,0.5,48.300001,40,8,46.0,69.000001,22.0,1,1,1029,0,ilp_v3,optimal,1,60.94924,48.16647,1.265387,0.01029,0.0,,0.01029,0.011093,3,0,0
n_tsk\set29\n_tsk_4.py,n_tsk,29,n_tsk,4,2,4,5,0.5,0.5,0.7,0.6,1.0,0.5,48.300001,40,8,46.0,69.000001,22.0,1,1,1029,0,ilp_v4,optimal,1,60.94924,48.064574,1.26807,0.046,0.0,,0.046,0.052891,3,0,0
n_tsk\set29\n_tsk_4.py,n_tsk,29,n_tsk,4,2,4,5,0.5,0.5,0.7,0.6,1.0,0.5,48.300001,40,8,46.0,69.000001,22.0,1,1,1029,0,greedy_sps_baseline,solved,1,6.871864,48.200118,0.142569,0.001337,,,0.001337,0.001743,3,0,0
n_tsk\set29\n_tsk_5.py,n_tsk,29,n_tsk,5,2,5,5,0.5,0.5,0.7,0.6,1.0,0.5,48.300002,40,9,46.000001,69.000002,22.000001,1,1,1029,0,ilp_v2,optimal,1,78.305799,48.140125,1.626622,0.01978,0.0,,0.01978,0.026488,3,0,0
n_tsk\set29\n_tsk_5.py,n_tsk,29,n_tsk,5,2,5,5,0.5,0.5,0.7,0.6,1.0,0.5,48.300002,40,9,46.000001,69.000002,22.000001,1,1,1029,0,ilp_v3,optimal,1,63.050708,48.244824,1.306891,0.021974,0.0,,0.021974,0.023438,3,0,0
n_tsk\set29\n_tsk_5.py,n_tsk,29,n_tsk,5,2,5,5,0.5,0.5,0.7,0.6,1.0,0.5,48.300002,40,9,46.000001,69.000002,22.000001,1,1,1029,0,ilp_v4,optimal,1,78.305799,48.257899,1.622652,0.040121,0.0,,0.040121,0.041545,3,0,0
n_tsk\set29\n_tsk_5.py,n_tsk,29,n_tsk,5,2,5,5,0.5,0.5,0.7,0.6,1.0,0.5,48.300002,40,9,46.000001,69.000002,22.000001,1,1,1029,0,greedy_sps_baseline,solved,1,6.886789,48.115481,0.14313,0.00162,,,0.00162,0.002174,3,0,0
n_tsk\set30\n_tsk_3.py,n_tsk,30,n_tsk,3,2,3,5,0.5,0.5,0.7,0.6,1.0,0.5,48.299998,40,7,45.999999,68.999997,21.399999,1,1,1030,0,ilp_v2,optimal,1,44.829138,34.729233,1.290819,0.00471,0.0,,0.00471,0.006523,3,0,0
n_tsk\set30\n_tsk_3.py,n_tsk,30,n_tsk,3,2,3,5,0.5,0.5,0.7,0.6,1.0,0.5,48.299998,40,7,45.999999,68.999997,21.399999,1,1,1030,0,ilp_v3,optimal,1,24.31616,41.332774,0.588302,0.005255,0.0,,0.005255,0.010946,3,0,0
n_tsk\set30\n_tsk_3.py,n_tsk,30,n_tsk,3,2,3,5,0.5,0.5,0.7,0.6,1.0,0.5,48.299998,40,7,45.999999,68.999997,21.399999,1,1,1030,0,ilp_v4,optimal,1,44.829138,34.729233,1.290819,0.016026,0.0,,0.016026,0.020081,3,0,0
n_tsk\set30\n_tsk_3.py,n_tsk,30,n_tsk,3,2,3,5,0.5,0.5,0.7,0.6,1.0,0.5,48.299998,40,7,45.999999,68.999997,21.399999,1,1,1030,0,greedy_sps_baseline,solved,1,8.570534,48.17912,0.177889,0.001723,,,0.001723,0.001767,3,0,0
n_tsk\set30\n_tsk_4.py,n_tsk,30,n_tsk,4,2,4,5,0.5,0.5,0.7,0.6,1.0,0.5,48.300001,40,9,45.999999,69.000001,21.399999,1,1,1030,0,ilp_v2,optimal,1,44.446813,48.278629,0.920631,0.022471,0.0,,0.022471,0.024434,3,0,0
n_tsk\set30\n_tsk_4.py,n_tsk,30,n_tsk,4,2,4,5,0.5,0.5,0.7,0.6,1.0,0.5,48.300001,40,9,45.999999,69.000001,21.399999,1,1,1030,0,ilp_v3,optimal,1,41.956933,48.292165,0.868814,0.020947,0.0,,0.020947,0.023635,3,0,0
n_tsk\set30\n_tsk_4.py,n_tsk,30,n_tsk,4,2,4,5,0.5,0.5,0.7,0.6,1.0,0.5,48.300001,40,9,45.999999,69.000001,21.399999,1,1,1030,0,ilp_v4,optimal,1,44.901151,48.213332,0.931302,0.070445,0.0,,0.070445,0.08539,3,0,0
n_tsk\set30\n_tsk_4.py,n_tsk,30,n_tsk,4,2,4,5,0.5,0.5,0.7,0.6,1.0,0.5,48.300001,40,9,45.999999,69.000001,21.399999,1,1,1030,0,greedy_sps_baseline,solved,1,7.003852,48.174141,0.145386,0.001459,,,0.001459,0.003306,3,0,0
n_tsk\set30\n_tsk_5.py,n_tsk,30,n_tsk,5,2,5,5,0.5,0.5,0.7,0.6,1.0,0.5,48.3,40,10,45.999997,69.0,21.399998,1,1,1030,0,ilp_v2,optimal,1,41.6385,48.070314,0.8662,0.024268,0.0,,0.024268,0.028222,3,0,0
n_tsk\set30\n_tsk_5.py,n_tsk,30,n_tsk,5,2,5,5,0.5,0.5,0.7,0.6,1.0,0.5,48.3,40,10,45.999997,69.0,21.399998,1,1,1030,0,ilp_v3,optimal,1,41.6385,48.070314,0.8662,0.01963,0.0,,0.01963,0.024794,3,0,0
n_tsk\set30\n_tsk_5.py,n_tsk,30,n_tsk,5,2,5,5,0.5,0.5,0.7,0.6,1.0,0.5,48.3,40,10,45.999997,69.0,21.399998,1,1,1030,0,ilp_v4,optimal,1,41.6385,47.946486,0.868437,0.055916,0.0,,0.055916,0.061959,3,0,0
n_tsk\set30\n_tsk_5.py,n_tsk,30,n_tsk,5,2,5,5,0.5,0.5,0.7,0.6,1.0,0.5,48.3,40,10,45.999997,69.0,21.399998,1,1,1030,0,greedy_sps_baseline,solved,1,6.6156,48.28718,0.137005,0.001922,,,0.001922,0.002114,3,0,0
n_tsk\set31\n_tsk_3.py,n_tsk,31,n_tsk,3,2,3,5,0.5,0.5,0.7,0.6,1.0,0.5,48.299998,40,7,45.999999,68.999997,23.599999,1,1,1031,0,ilp_v2,optimal,1,45.135551,47.089927,0.958497,0.009143,0.0,,0.009143,0.011016,3,0,0
n_tsk\set31\n_tsk_3.py,n_tsk,31,n_tsk,3,2,3,5,0.5,0.5,0.7,0.6,1.0,0.5,48.299998,40,7,45.999999,68.999997,23.599999,1,1,1031,0,ilp_v3,optimal,1,38.633115,48.250959,0.80067,0.008463,0.0,,0.008463,0.009689,3,0,0
n_tsk\set31\n_tsk_3.py,n_tsk,31,n_tsk,3,2,3,5,0.5,0.5,0.7,0.6,1.0,0.5,48.299998,40,7,45.999999,68.999997,23.599999,1,1,1031,0,ilp_v4,optimal,1,45.135551,47.089927,0.958497,0.017497,0.0,,0.017497,0.018354,3,0,0
n_tsk\set31\n_tsk_3.py,n_tsk,31,n_tsk,3,2,3,5,0.5,0.5,0.7,0.6,1.0,0.5,48.299998,40,7,45.999999,68.999997,23.599999,1,1,1031,0,greedy_sps_baseline,solved,1,5.291305,48.074525,0.110065,0.001219,,,0.001219,0.001377,3,0,0
n_tsk\set31\n_tsk_4.py,n_tsk,31,n_tsk,4,2,4,5,0.5,0.5,0.7,0.6,1.0,0.5,48.300003,40,9,45.999999,69.000005,23.599999,1,1,1031,0,ilp_v2,optimal,1,44.215589,47.331403,0.93417,0.142364,0.0,,0.142364,0.282533,3,0,0
n_tsk\set31\n_tsk_4.py,n_tsk,31,n_tsk,4,2,4,5,0.5,0.5,0.7,0.6,1.0,0.5,48.300003,40,9,45.999999,69.000005,23.599999,1,1,1031,0,ilp_v3,optimal,1,39.820905,48.152539,0.826974,0.03001,0.0,,0.03001,0.035794,3,0,0
n_tsk\set31\n_tsk_4.py,n_tsk,31,n_tsk,4,2,4,5,0.5,0.5,0.7,0.6,1.0,0.5,48.300003,40,9,45.999999,69.000005,23.599999,1,1,1031,0,ilp_v4,optimal,1,49.245604,48.063808,1.024588,0.049224,0.0,,0.049224,0.052671,3,0,0
n_tsk\set31\n_tsk_4.py,n_tsk,31,n_tsk,4,2,4,5,0.5,0.5,0.7,0.6,1.0,0.5,48.300003,40,9,45.999999,69.000005,23.599999,1,1,1031,0,greedy_sps_baseline,solved,1,2.147007,48.258076,0.04449,0.001661,,,0.001661,0.001989,3,0,0
n_tsk\set31\n_tsk_5.py,n_tsk,31,n_tsk,5,2,5,5,0.5,0.5,0.7,0.6,1.0,0.5,48.299999,40,13,46.0,68.999999,23.6,1,1,1031,0,ilp_v2,optimal,1,59.211492,48.239497,1.227448,0.027101,0.0,,0.027101,0.034178,3,0,0
n_tsk\set31\n_tsk_5.py,n_tsk,31,n_tsk,5,2,5,5,0.5,0.5,0.7,0.6,1.0,0.5,48.299999,40,13,46.0,68.999999,23.6,1,1,1031,0,ilp_v3,optimal,1,72.119937,48.28169,1.493733,0.105496,0.0,,0.105496,0.11951,3,0,0
n_tsk\set31\n_tsk_5.py,n_tsk,31,n_tsk,5,2,5,5,0.5,0.5,0.7,0.6,1.0,0.5,48.299999,40,13,46.0,68.999999,23.6,1,1,1031,0,ilp_v4,optimal,1,77.557871,47.057369,1.648156,0.140018,0.0,,0.140018,0.157269,3,0,0
n_tsk\set31\n_tsk_5.py,n_tsk,31,n_tsk,5,2,5,5,0.5,0.5,0.7,0.6,1.0,0.5,48.299999,40,13,46.0,68.999999,23.6,1,1,1031,0,greedy_sps_baseline,solved,1,8.943873,48.244982,0.185385,0.002108,,,0.002108,0.004033,3,0,0
n_tsk\set32\n_tsk_3.py,n_tsk,32,n_tsk,3,2,3,5,0.5,0.5,0.7,0.6,1.0,0.5,48.299999,40,7,45.999999,68.999999,21.399999,1,1,1032,0,ilp_v2,optimal,1,56.09208,47.808617,1.173263,0.006457,0.0,,0.006457,0.008958,3,0,0
n_tsk\set32\n_tsk_3.py,n_tsk,32,n_tsk,3,2,3,5,0.5,0.5,0.7,0.6,1.0,0.5,48.299999,40,7,45.999999,68.999999,21.399999,1,1,1032,0,ilp_v3,optimal,1,42.248871,48.255741,0.87552,0.017344,0.0,,0.017344,0.019303,3,0,0
n_tsk\set32\n_tsk_3.py,n_tsk,32,n_tsk,3,2,3,5,0.5,0.5,0.7,0.6,1.0,0.5,48.299999,40,7,45.999999,68.999999,21.399999,1,1,1032,0,ilp_v4,optimal,1,56.09208,47.808617,1.173263,0.017543,0.0,,0.017543,0.019216,3,0,0
n_tsk\set32\n_tsk_3.py,n_tsk,32,n_tsk,3,2,3,5,0.5,0.5,0.7,0.6,1.0,0.5,48.299999,40,7,45.999999,68.999999,21.399999,1,1,1032,0,greedy_sps_baseline,solved,1,2.076681,47.190341,0.044006,0.000776,,,0.000776,0.000928,3,0,0
n_tsk\set32\n_tsk_4.py,n_tsk,32,n_tsk,4,2,4,5,0.5,0.5,0.7,0.6,1.0,0.5,48.299996,40,11,45.999998,68.999994,21.399999,1,1,1032,0,ilp_v2,optimal,1,36.535968,48.294819,0.756519,0.033483,0.0,,0.033483,0.043287,3,0,0
n_tsk\set32\n_tsk_4.py,n_tsk,32,n_tsk,4,2,4,5,0.5,0.5,0.7,0.6,1.0,0.5,48.299996,40,11,45.999998,68.999994,21.399999,1,1,1032,0,ilp_v3,optimal,1,40.298346,47.991464,0.839698,0.011043,0.0,,0.011043,0.011967,3,0,0
n_tsk\set32\n_tsk_4.py,n_tsk,32,n_tsk,4,2,4,5,0.5,0.5,0.7,0.6,1.0,0.5,48.299996,40,11,45.999998,68.999994,21.399999,1,1,1032,0,ilp_v4,optimal,1,43.609621,48.104311,0.906564,0.062682,0.0,,0.062682,0.074127,3,0,0
n_tsk\set32\n_tsk_4.py,n_tsk,32,n_tsk,4,2,4,5,0.5,0.5,0.7,0.6,1.0,0.5,48.299996,40,11,45.999998,68.999994,21.399999,1,1,1032,0,greedy_sps_baseline,solved,1,5.124262,48.008175,0.106737,0.001192,,,0.001192,0.00137,3,0,0
n_tsk\set32\n_tsk_5.py,n_tsk,32,n_tsk,5,2,5,5,0.5,0.5,0.7,0.6,1.0,0.5,48.299997,40,13,45.999997,68.999995,21.399998,1,1,1032,0,ilp_v2,optimal,1,53.191784,48.289296,1.101523,0.088357,0.0,,0.088357,0.093098,3,0,0
n_tsk\set32\n_tsk_5.py,n_tsk,32,n_tsk,5,2,5,5,0.5,0.5,0.7,0.6,1.0,0.5,48.299997,40,13,45.999997,68.999995,21.399998,1,1,1032,0,ilp_v3,optimal,1,53.24586,48.289817,1.102631,0.060202,9.5e-05,,0.060202,0.063427,3,0,0
n_tsk\set32\n_tsk_5.py,n_tsk,32,n_tsk,5,2,5,5,0.5,0.5,0.7,0.6,1.0,0.5,48.299997,40,13,45.999997,68.999995,21.399998,1,1,1032,0,ilp_v4,optimal,1,53.191784,48.289296,1.101523,0.159803,0.0,,0.159803,0.164454,3,0,0
n_tsk\set32\n_tsk_5.py,n_tsk,32,n_tsk,5,2,5,5,0.5,0.5,0.7,0.6,1.0,0.5,48.299997,40,13,45.999997,68.999995,21.399998,1,1,1032,0,greedy_sps_baseline,solved,1,7.137424,48.276418,0.147845,0.001783,,,0.001783,0.001992,3,0,0
n_tsk\set33\n_tsk_3.py,n_tsk,33,n_tsk,3,2,3,5,0.5,0.5,0.7,0.6,1.0,0.5,48.299996,40,7,46.0,68.999994,21.433333,1,1,1033,0,ilp_v2,optimal,1,35.620645,47.982588,0.742366,0.026481,0.0,,0.026481,0.029822,3,0,0
n_tsk\set33\n_tsk_3.py,n_tsk,33,n_tsk,3,2,3,5,0.5,0.5,0.7,0.6,1.0,0.5,48.299996,40,7,46.0,68.999994,21.433333,1,1,1033,0,ilp_v3,optimal,1,35.620645,47.982588,0.742366,0.025637,0.0,,0.025637,0.026939,3,0,0
n_tsk\set33\n_tsk_3.py,n_tsk,33,n_tsk,3,2,3,5,0.5,0.5,0.7,0.6,1.0,0.5,48.299996,40,7,46.0,68.999994,21.433333,1,1,1033,0,ilp_v4,optimal,1,49.524097,48.282764,1.02571,0.05136,0.0,,0.05136,0.054921,3,0,0
n_tsk\set33\n_tsk_3.py,n_tsk,33,n_tsk,3,2,3,5,0.5,0.5,0.7,0.6,1.0,0.5,48.299996,40,7,46.0,68.999994,21.433333,1,1,1033,0,greedy_sps_baseline,solved,1,5.170128,48.20901,0.107244,0.001121,,,0.001121,0.001219,3,0,0
n_tsk\set33\n_tsk_4.py,n_tsk,33,n_tsk,4,2,4,5,0.5,0.5,0.7,0.6,1.0,0.5,48.299999,40,8,45.999999,68.999999,21.433333,1,1,1033,0,ilp_v2,optimal,1,66.733096,47.716839,1.398523,0.01634,0.0,,0.01634,0.017006,3,0,0
n_tsk\set33\n_tsk_4.py,n_tsk,33,n_tsk,4,2,4,5,0.5,0.5,0.7,0.6,1.0,0.5,48.299999,40,8,45.999999,68.999999,21.433333,1,1,1033,0,ilp_v3,optimal,1,68.432158,47.652718,1.43606,0.010521,0.0,,0.010521,0.011049,3,0,0
n_tsk\set33\n_tsk_4.py,n_tsk,33,n_tsk,4,2,4,5,0.5,0.5,0.7,0.6,1.0,0.5,48.299999,40,8,45.999999,68.999999,21.433333,1,1,1033,0,ilp_v4,optimal,1,66.733096,48.051085,1.388795,0.046755,0.0,,0.046755,0.049132,3,0,0
n_tsk\set33\n_tsk_4.py,n_tsk,33,n_tsk,4,2,4,5,0.5,0.5,0.7,0.6,1.0,0.5,48.299999,40,8,45.999999,68.999999,21.433333,1,1,1033,0,greedy_sps_baseline,solved,1,7.178558,48.073736,0.149324,0.000967,,,0.000967,0.001259,3,0,0
n_tsk\set33\n_tsk_5.py,n_tsk,33,n_tsk,5,2,5,5,0.5,0.5,0.7,0.6,1.0,0.5,48.300006,40,12,46.000002,69.000008,21.433334,1,1,1033,0,ilp_v2,optimal,1,35.29799,43.021177,0.820479,0.013918,0.0,,0.013918,0.015747,3,0,0
n_tsk\set33\n_tsk_5.py,n_tsk,33,n_tsk,5,2,5,5,0.5,0.5,0.7,0.6,1.0,0.5,48.300006,40,12,46.000002,69.000008,21.433334,1,1,1033,0,ilp_v3,optimal,1,35.29799,43.021177,0.820479,0.015357,0.0,,0.015357,0.016447,3,0,0
n_tsk\set33\n_tsk_5.py,n_tsk,33,n_tsk,5,2,5,5,0.5,0.5,0.7,0.6,1.0,0.5,48.300006,40,12,46.000002,69.000008,21.433334,1,1,1033,0,ilp_v4,optimal,1,38.271973,48.267468,0.792914,0.082592,0.0,,0.082592,0.091637,3,0,0
n_tsk\set33\n_tsk_5.py,n_tsk,33,n_tsk,5,2,5,5,0.5,0.5,0.7,0.6,1.0,0.5,48.300006,40,12,46.000002,69.000008,21.433334,1,1,1033,0,greedy_sps_baseline,solved,1,6.632025,48.281371,0.137362,0.001967,,,0.001967,0.002102,3,0,0
n_tsk\set34\n_tsk_3.py,n_tsk,34,n_tsk,3,2,3,5,0.5,0.5,0.7,0.6,1.0,0.5,48.300002,40,7,46.000001,69.000002,22.042858,1,1,1034,0,ilp_v2,optimal,1,12.224698,44.463208,0.27494,0.007679,0.0,,0.007679,0.01068,3,0,0
n_tsk\set34\n_tsk_3.py,n_tsk,34,n_tsk,3,2,3,5,0.5,0.5,0.7,0.6,1.0,0.5,48.300002,40,7,46.000001,69.000002,22.042858,1,1,1034,0,ilp_v3,optimal,1,62.959724,48.062896,1.309944,0.007052,0.0,,0.007052,0.010471,3,0,0
n_tsk\set34\n_tsk_3.py,n_tsk,34,n_tsk,3,2,3,5,0.5,0.5,0.7,0.6,1.0,0.5,48.300002,40,7,46.000001,69.000002,22.042858,1,1,1034,0,ilp_v4,optimal,1,12.224698,44.463208,0.27494,0.016384,0.0,,0.016384,0.022553,3,0,0
n_tsk\set34\n_tsk_3.py,n_tsk,34,n_tsk,3,2,3,5,0.5,0.5,0.7,0.6,1.0,0.5,48.300002,40,7,46.000001,69.000002,22.042858,1,1,1034,0,greedy_sps_baseline,solved,1,3.891159,47.908399,0.081221,0.000575,,,0.000575,0.001127,3,0,0
n_tsk\set34\n_tsk_4.py,n_tsk,34,n_tsk,4,2,4,5,0.5,0.5,0.7,0.6,1.0,0.5,48.3,40,9,46.000001,69.0,22.042858,1,1,1034,0,ilp_v2,optimal,1,42.576888,47.847108,0.889853,0.02349,0.0,,0.02349,0.035203,3,0,0
n_tsk\set34\n_tsk_4.py,n_tsk,34,n_tsk,4,2,4,5,0.5,0.5,0.7,0.6,1.0,0.5,48.3,40,9,46.000001,69.0,22.042858,1,1,1034,0,ilp_v3,optimal,1,51.549841,48.256738,1.068241,0.027992,0.0,,0.027992,0.031823,3,0,0
n_tsk\set34\n_tsk_4.py,n_tsk,34,n_tsk,4,2,4,5,0.5,0.5,0.7,0.6,1.0,0.5,48.3,40,9,46.000001,69.0,22.042858,1,1,1034,0,ilp_v4,optimal,1,55.271719,48.051239,1.150266,0.043806,0.0,,0.043806,0.051839,3,0,0
n_tsk\set34\n_tsk_4.py,n_tsk,34,n_tsk,4,2,4,5,0.5,0.5,0.7,0.6,1.0,0.5,48.3,40,9,46.000001,69.0,22.042858,1,1,1034,0,greedy_sps_baseline,solved,1,5.368397,47.722606,0.112492,0.00119,,,0.00119,0.001808,3,0,0
n_tsk\set34\n_tsk_5.py,n_tsk,34,n_tsk,5,2,5,5,0.5,0.5,0.7,0.6,1.0,0.5,48.3,40,13,45.999997,69.0,22.042855,1,1,1034,0,ilp_v2,optimal,1,77.64771,48.201727,1.610891,0.025766,0.0,,0.025766,0.028293,3,0,0
n_tsk\set34\n_tsk_5.py,n_tsk,34,n_tsk,5,2,5,5,0.5,0.5,0.7,0.6,1.0,0.5,48.3,40,13,45.999997,69.0,22.042855,1,1,1034,0,ilp_v3,optimal,1,78.593587,48.28633,1.627657,0.044349,0.0,,0.044349,0.047609,3,0,0
n_tsk\set34\n_tsk_5.py,n_tsk,34,n_tsk,5,2,5,5,0.5,0.5,0.7,0.6,1.0,0.5,48.3,40,13,45.999997,69.0,22.042855,1,1,1034,0,ilp_v4,optimal,1,80.721511,48.279083,1.671977,0.129073,0.0,,0.129073,0.149509,3,0,0
n_tsk\set34\n_tsk_5.py,n_tsk,34,n_tsk,5,2,5,5,0.5,0.5,0.7,0.6,1.0,0.5,48.3,40,13,45.999997,69.0,22.042855,1,1,1034,0,greedy_sps_baseline,solved,1,7.954432,48.240152,0.164892,0.00201,,,0.00201,0.002595,3,0,0
n_tsk\set35\n_tsk_3.py,n_tsk,35,n_tsk,3,2,3,5,0.5,0.5,0.7,0.6,1.0,0.5,48.3,40,7,46.0,69.0,21.4,1,1,1035,0,ilp_v2,optimal,1,29.971197,48.298879,0.620536,0.024046,7.8e-05,,0.024046,0.028812,3,0,0
n_tsk\set35\n_tsk_3.py,n_tsk,35,n_tsk,3,2,3,5,0.5,0.5,0.7,0.6,1.0,0.5,48.3,40,7,46.0,69.0,21.4,1,1,1035,0,ilp_v3,optimal,1,29.971197,48.298879,0.620536,0.019449,7.8e-05,,0.019449,0.026707,3,0,0
n_tsk\set35\n_tsk_3.py,n_tsk,35,n_tsk,3,2,3,5,0.5,0.5,0.7,0.6,1.0,0.5,48.3,40,7,46.0,69.0,21.4,1,1,1035,0,ilp_v4,optimal,1,36.690543,48.157303,0.761889,0.03602,0.0,,0.03602,0.038941,3,0,0
n_tsk\set35\n_tsk_3.py,n_tsk,35,n_tsk,3,2,3,5,0.5,0.5,0.7,0.6,1.0,0.5,48.3,40,7,46.0,69.0,21.4,1,1,1035,0,greedy_sps_baseline,solved,1,5.179708,48.147141,0.107581,0.001042,,,0.001042,0.001108,3,0,0
n_tsk\set35\n_tsk_4.py,n_tsk,35,n_tsk,4,2,4,5,0.5,0.5,0.7,0.6,1.0,0.5,48.299998,40,11,45.999998,68.999998,21.399999,1,1,1035,0,ilp_v2,optimal,1,59.139652,48.234738,1.22608,0.021,0.0,,0.021,0.027375,3,0,0
n_tsk\set35\n_tsk_4.py,n_tsk,35,n_tsk,4,2,4,5,0.5,0.5,0.7,0.6,1.0,0.5,48.299998,40,11,45.999998,68.999998,21.399999,1,1,1035,0,ilp_v3,optimal,1,57.032774,48.171779,1.183946,0.013667,0.0,,0.013667,0.013937,3,0,0
n_tsk\set35\n_tsk_4.py,n_tsk,35,n_tsk,4,2,4,5,0.5,0.5,0.7,0.6,1.0,0.5,48.299998,40,11,45.999998,68.999998,21.399999,1,1,1035,0,ilp_v4,optimal,1,59.139652,48.234738,1.22608,0.055154,0.0,,0.055154,0.066025,3,0,0
n_tsk\set35\n_tsk_4.py,n_tsk,35,n_tsk,4,2,4,5,0.5,0.5,0.7,0.6,1.0,0.5,48.299998,40,11,45.999998,68.999998,21.399999,1,1,1035,0,greedy_sps_baseline,solved,1,7.599405,48.263573,0.157456,0.001328,,,0.001328,0.001947,3,0,0
n_tsk\set35\n_tsk_5.py,n_tsk,35,n_tsk,5,2,5,5,0.5,0.5,0.7,0.6,1.0,0.5,48.300001,40,15,46.000001,69.000001,21.400001,1,1,1035,0,ilp_v2,optimal,1,57.070874,48.244612,1.182948,0.095765,0.0,,0.095765,0.100582,3,0,0
n_tsk\set35\n_tsk_5.py,n_tsk,35,n_tsk,5,2,5,5,0.5,0.5,0.7,0.6,1.0,0.5,48.300001,40,15,46.000001,69.000001,21.400001,1,1,1035,0,ilp_v3,optimal,1,54.434874,47.758535,1.139794,0.018256,0.0,,0.018256,0.01969,3,0,0
n_tsk\set35\n_tsk_5.py,n_tsk,35,n_tsk,5,2,5,5,0.5,0.5,0.7,0.6,1.0,0.5,48.300001,40,15,46.000001,69.000001,21.400001,1,1,1035,0,ilp_v4,optimal,1,60.629196,48.279357,1.2558,0.101084,0.0,,0.101084,0.11621,3,0,0
n_tsk\set35\n_tsk_5.py,n_tsk,35,n_tsk,5,2,5,5,0.5,0.5,0.7,0.6,1.0,0.5,48.300001,40,15,46.000001,69.000001,21.400001,1,1,1035,0,greedy_sps_baseline,solved,1,9.469521,48.279193,0.196141,0.003597,,,0.003597,0.003816,3,0,0
n_tsk\set36\n_tsk_3.py,n_tsk,36,n_tsk,3,2,3,5,0.5,0.5,0.7,0.6,1.0,0.5,48.300001,40,7,46.000001,69.000001,22.042858,1,1,1036,0,ilp_v2,optimal,1,47.853894,47.974258,0.997491,0.063398,0.0,,0.063398,0.069037,3,0,0
n_tsk\set36\n_tsk_3.py,n_tsk,36,n_tsk,3,2,3,5,0.5,0.5,0.7,0.6,1.0,0.5,48.300001,40,7,46.000001,69.000001,22.042858,1,1,1036,0,ilp_v3,optimal,1,65.865536,47.814625,1.377519,0.013778,0.0,,0.013778,0.014451,3,0,0
n_tsk\set36\n_tsk_3.py,n_tsk,36,n_tsk,3,2,3,5,0.5,0.5,0.7,0.6,1.0,0.5,48.300001,40,7,46.000001,69.000001,22.042858,1,1,1036,0,ilp_v4,optimal,1,64.235369,48.144928,1.334208,0.053986,0.0,,0.053986,0.056342,3,0,0
n_tsk\set36\n_tsk_3.py,n_tsk,36,n_tsk,3,2,3,5,0.5,0.5,0.7,0.6,1.0,0.5,48.300001,40,7,46.000001,69.000001,22.042858,1,1,1036,0,greedy_sps_baseline,solved,1,8.306474,48.055838,0.17285,0.000682,,,0.000682,0.000987,3,0,0
n_tsk\set36\n_tsk_4.py,n_tsk,36,n_tsk,4,2,4,5,0.5,0.5,0.7,0.6,1.0,0.5,48.299999,40,11,46.000001,68.999999,22.042858,1,1,1036,0,ilp_v2,optimal,1,53.666049,48.292616,1.111268,0.012218,0.0,,0.012218,0.013504,3,0,0
n_tsk\set36\n_tsk_4.py,n_tsk,36,n_tsk,4,2,4,5,0.5,0.5,0.7,0.6,1.0,0.5,48.299999,40,11,46.000001,68.999999,22.042858,1,1,1036,0,ilp_v3,optimal,1,58.604962,48.239927,1.214864,0.013079,0.0,,0.013079,0.014172,3,0,0
n_tsk\set36\n_tsk_4.py,n_tsk,36,n_tsk,4,2,4,5,0.5,0.5,0.7,0.6,1.0,0.5,48.299999,40,11,46.000001,68.999999,22.042858,1,1,1036,0,ilp_v4,optimal,1,57.752866,48.099316,1.2007,0.104851,0.0,,0.104851,0.106761,3,0,0
n_tsk\set36\n_tsk_4.py,n_tsk,36,n_tsk,4,2,4,5,0.5,0.5,0.7,0.6,1.0,0.5,48.299999,40,11,46.000001,68.999999,22.042858,1,1,1036,0,greedy_sps_baseline,solved,1,8.569728,48.041977,0.17838,0.001383,,,0.001383,0.00165,3,0,0
n_tsk\set36\n_tsk_5.py,n_tsk,36,n_tsk,5,2,5,5,0.5,0.5,0.7,0.6,1.0,0.5,48.299998,40,15,46.000002,68.999997,22.042858,1,1,1036,0,ilp_v2,optimal,1,61.031712,48.185041,1.266611,0.039066,0.0,,0.039066,0.039436,3,0,0
n_tsk\set36\n_tsk_5.py,n_tsk,36,n_tsk,5,2,5,5,0.5,0.5,0.7,0.6,1.0,0.5,48.299998,40,15,46.000002,68.999997,22.042858,1,1,1036,0,ilp_v3,optimal,1,61.031712,47.913752,1.273783,0.024474,0.0,,0.024474,0.025854,3,0,0
n_tsk\set36\n_tsk_5.py,n_tsk,36,n_tsk,5,2,5,5,0.5,0.5,0.7,0.6,1.0,0.5,48.299998,40,15,46.000002,68.999997,22.042858,1,1,1036,0,ilp_v4,optimal,1,60.390691,47.98863,1.258437,0.14742,0.0,,0.14742,0.155019,3,0,0
n_tsk\set36\n_tsk_5.py,n_tsk,36,n_tsk,5,2,5,5,0.5,0.5,0.7,0.6,1.0,0.5,48.299998,40,15,46.000002,68.999997,22.042858,1,1,1036,0,greedy_sps_baseline,solved,1,7.552691,48.207722,0.15667,0.002066,,,0.002066,0.00223,3,0,0
n_tsk\set37\n_tsk_3.py,n_tsk,37,n_tsk,3,2,3,5,0.5,0.5,0.7,0.6,1.0,0.5,48.299996,40,7,45.999999,68.999994,22.042857,1,1,1037,0,ilp_v2,optimal,1,68.977993,47.330639,1.457364,0.010853,0.0,,0.010853,0.013151,3,0,0
n_tsk\set37\n_tsk_3.py,n_tsk,37,n_tsk,3,2,3,5,0.5,0.5,0.7,0.6,1.0,0.5,48.299996,40,7,45.999999,68.999994,22.042857,1,1,1037,0,ilp_v3,optimal,1,64.544836,48.066375,1.342827,0.023359,0.0,,0.023359,0.025518,3,0,0
n_tsk\set37\n_tsk_3.py,n_tsk,37,n_tsk,3,2,3,5,0.5,0.5,0.7,0.6,1.0,0.5,48.299996,40,7,45.999999,68.999994,22.042857,1,1,1037,0,ilp_v4,optimal,1,68.977993,47.330639,1.457364,0.019973,0.0,,0.019973,0.020345,3,0,0
n_tsk\set37\n_tsk_3.py,n_tsk,37,n_tsk,3,2,3,5,0.5,0.5,0.7,0.6,1.0,0.5,48.299996,40,7,45.999999,68.999994,22.042857,1,1,1037,0,greedy_sps_baseline,solved,1,4.421791,47.666084,0.092766,0.000678,,,0.000678,0.000795,3,0,0
n_tsk\set37\n_tsk_4.py,n_tsk,37,n_tsk,4,2,4,5,0.5,0.5,0.7,0.6,1.0,0.5,48.3,40,11,46.000001,69.0,22.042858,1,1,1037,0,ilp_v2,optimal,1,73.228875,47.814003,1.531536,0.023546,0.0,,0.023546,0.025715,3,0,0
n_tsk\set37\n_tsk_4.py,n_tsk,37,n_tsk,4,2,4,5,0.5,0.5,0.7,0.6,1.0,0.5,48.3,40,11,46.000001,69.0,22.042858,1,1,1037,0,ilp_v3,optimal,1,76.216548,47.953141,1.589396,0.020655,0.0,,0.020655,0.021097,3,0,0
n_tsk\set37\n_tsk_4.py,n_tsk,37,n_tsk,4,2,4,5,0.5,0.5,0.7,0.6,1.0,0.5,48.3,40,11,46.000001,69.0,22.042858,1,1,1037,0,ilp_v4,optimal,1,76.216548,48.15512,1.58273,0.074943,0.0,,0.074943,0.078506,3,0,0
n_tsk\set37\n_tsk_4.py,n_tsk,37,n_tsk,4,2,4,5,0.5,0.5,0.7,0.6,1.0,0.5,48.3,40,11,46.000001,69.0,22.042858,1,1,1037,0,greedy_sps_baseline,solved,1,8.449874,48.198217,0.175315,0.00158,,,0.00158,0.001778,3,0,0
n_tsk\set37\n_tsk_5.py,n_tsk,37,n_tsk,5,2,5,5,0.5,0.5,0.7,0.6,1.0,0.5,48.299998,40,15,46.000001,68.999998,22.042858,1,1,1037,0,ilp_v2,optimal,1,39.230459,48.299101,0.81224,0.151845,0.0,,0.151845,0.162626,3,0,0
n_tsk\set37\n_tsk_5.py,n_tsk,37,n_tsk,5,2,5,5,0.5,0.5,0.7,0.6,1.0,0.5,48.299998,40,15,46.000001,68.999998,22.042858,1,1,1037,0,ilp_v3,optimal,1,38.339285,48.16334,0.796026,0.020031,0.0,,0.020031,0.022999,3,0,0
n_tsk\set37\n_tsk_5.py,n_tsk,37,n_tsk,5,2,5,5,0.5,0.5,0.7,0.6,1.0,0.5,48.299998,40,15,46.000001,68.999998,22.042858,1,1,1037,0,ilp_v4,optimal,1,39.230459,48.299101,0.81224,0.194623,0.0,,0.194623,0.209356,3,0,0
n_tsk\set37\n_tsk_5.py,n_tsk,37,n_tsk,5,2,5,5,0.5,0.5,0.7,0.6,1.0,0.5,48.299998,40,15,46.000001,68.999998,22.042858,1,1,1037,0,greedy_sps_baseline,solved,1,8.933355,48.29999,0.184956,0.005679,,,0.005679,0.005787,3,0,0
n_tsk\set38\n_tsk_3.py,n_tsk,38,n_tsk,3,2,3,5,0.5,0.5,0.7,0.6,1.0,0.5,48.300001,40,7,46.0,69.000001,21.4,1,1,1038,0,ilp_v2,optimal,1,52.534895,48.107773,1.092025,0.025876,0.0,,0.025876,0.02629,3,0,0
n_tsk\set38\n_tsk_3.py,n_tsk,38,n_tsk,3,2,3,5,0.5,0.5,0.7,0.6,1.0,0.5,48.300001,40,7,46.0,69.000001,21.4,1,1,1038,0,ilp_v3,optimal,1,57.750468,48.273248,1.196324,0.014875,0.0,,0.014875,0.01834,3,0,0
n_tsk\set38\n_tsk_3.py,n_tsk,38,n_tsk,3,2,3,5,0.5,0.5,0.7,0.6,1.0,0.5,48.300001,40,7,46.0,69.000001,21.4,1,1,1038,0,ilp_v4,optimal,1,70.36047,47.7453,1.473663,0.027051,0.0,,0.027051,0.029267,3,0,0
n_tsk\set38\n_tsk_3.py,n_tsk,38,n_tsk,3,2,3,5,0.5,0.5,0.7,0.6,1.0,0.5,48.300001,40,7,46.0,69.000001,21.4,1,1,1038,0,greedy_sps_baseline,solved,1,7.617304,47.813606,0.159312,0.000364,,,0.000364,0.000606,3,0,0
n_tsk\set38\n_tsk_4.py,n_tsk,38,n_tsk,4,2,4,5,0.5,0.5,0.7,0.6,1.0,0.5,48.300002,40,9,46.000002,69.000003,21.400001,1,1,1038,0,ilp_v2,optimal,1,33.939821,48.203347,0.704097,0.024164,0.0,,0.024164,0.029987,3,0,0
n_tsk\set38\n_tsk_4.py,n_tsk,38,n_tsk,4,2,4,5,0.5,0.5,0.7,0.6,1.0,0.5,48.300002,40,9,46.000002,69.000003,21.400001,1,1,1038,0,ilp_v3,optimal,1,35.922719,48.003516,0.748335,0.020343,0.0,,0.020343,0.021145,3,0,0
n_tsk\set38\n_tsk_4.py,n_tsk,38,n_tsk,4,2,4,5,0.5,0.5,0.7,0.6,1.0,0.5,48.300002,40,9,46.000002,69.000003,21.400001,1,1,1038,0,ilp_v4,optimal,1,43.608272,48.170301,0.905294,0.110552,0.0,,0.110552,0.116876,3,0,0
n_tsk\set38\n_tsk_4.py,n_tsk,38,n_tsk,4,2,4,5,0.5,0.5,0.7,0.6,1.0,0.5,48.300002,40,9,46.000002,69.000003,21.400001,1,1,1038,0,greedy_sps_baseline,solved,1,6.795632,48.177301,0.141055,0.000939,,,0.000939,0.000947,3,0,0
n_tsk\set38\n_tsk_5.py,n_tsk,38,n_tsk,5,2,5,5,0.5,0.5,0.7,0.6,1.0,0.5,48.300004,40,13,46.000002,69.000006,21.400001,1,1,1038,0,ilp_v2,optimal,1,27.624976,48.2815,0.572165,0.025749,0.0,,0.025749,0.027257,3,0,0
n_tsk\set38\n_tsk_5.py,n_tsk,38,n_tsk,5,2,5,5,0.5,0.5,0.7,0.6,1.0,0.5,48.300004,40,13,46.000002,69.000006,21.400001,1,1,1038,0,ilp_v3,optimal,1,28.164907,47.943468,0.587461,0.032861,0.0,,0.032861,0.038266,3,0,0
n_tsk\set38\n_tsk_5.py,n_tsk,38,n_tsk,5,2,5,5,0.5,0.5,0.7,0.6,1.0,0.5,48.300004,40,13,46.000002,69.000006,21.400001,1,1,1038,0,ilp_v4,optimal,1,31.386997,47.421074,0.661879,0.115633,0.0,,0.115633,0.131773,3,0,0
n_tsk\set38\n_tsk_5.py,n_tsk,38,n_tsk,5,2,5,5,0.5,0.5,0.7,0.6,1.0,0.5,48.300004,40,13,46.000002,69.000006,21.400001,1,1,1038,0,greedy_sps_baseline,solved,1,6.318059,48.056819,0.131471,0.00524,,,0.00524,0.005414,3,0,0
n_tsk\set39\n_tsk_3.py,n_tsk,39,n_tsk,3,2,3,5,0.5,0.5,0.7,0.6,1.0,0.5,48.299999,40,7,46.0,68.999999,21.4,1,1,1039,0,ilp_v2,optimal,1,6.976632,42.014537,0.166053,0.005893,0.0,,0.005893,0.00742,3,0,0
n_tsk\set39\n_tsk_3.py,n_tsk,39,n_tsk,3,2,3,5,0.5,0.5,0.7,0.6,1.0,0.5,48.299999,40,7,46.0,68.999999,21.4,1,1,1039,0,ilp_v3,optimal,1,70.376354,47.120624,1.493536,0.011371,0.0,,0.011371,0.013019,3,0,0
n_tsk\set39\n_tsk_3.py,n_tsk,39,n_tsk,3,2,3,5,0.5,0.5,0.7,0.6,1.0,0.5,48.299999,40,7,46.0,68.999999,21.4,1,1,1039,0,ilp_v4,optimal,1,6.976632,42.014537,0.166053,0.011594,0.0,,0.011594,0.013742,3,0,0
n_tsk\set39\n_tsk_3.py,n_tsk,39,n_tsk,3,2,3,5,0.5,0.5,0.7,0.6,1.0,0.5,48.299999,40,7,46.0,68.999999,21.4,1,1,1039,0,greedy_sps_baseline,solved,1,5.060259,48.221816,0.104937,0.001035,,,0.001035,0.001166,3,0,0
n_tsk\set39\n_tsk_4.py,n_tsk,39,n_tsk,4,2,4,5,0.5,0.5,0.7,0.6,1.0,0.5,48.299997,40,11,45.999998,68.999995,21.399999,1,1,1039,0,ilp_v2,optimal,1,26.587411,46.584079,0.57074,0.009219,0.0,,0.009219,0.010753,3,0,0
n_tsk\set39\n_tsk_4.py,n_tsk,39,n_tsk,4,2,4,5,0.5,0.5,0.7,0.6,1.0,0.5,48.299997,40,11,45.999998,68.999995,21.399999,1,1,1039,0,ilp_v3,optimal,1,26.587411,47.30325,0.562063,0.022153,0.0,,0.022153,0.024551,3,0,0
n_tsk\set39\n_tsk_4.py,n_tsk,39,n_tsk,4,2,4,5,0.5,0.5,0.7,0.6,1.0,0.5,48.299997,40,11,45.999998,68.999995,21.399999,1,1,1039,0,ilp_v4,optimal,1,32.38903,47.476294,0.682215,0.035564,0.0,,0.035564,0.039778,3,0,0
n_tsk\set39\n_tsk_4.py,n_tsk,39,n_tsk,4,2,4,5,0.5,0.5,0.7,0.6,1.0,0.5,48.299997,40,11,45.999998,68.999995,21.399999,1,1,1039,0,greedy_sps_baseline,solved,1,5.665375,47.577887,0.119076,0.001265,,,0.001265,0.003935,3,0,0
n_tsk\set39\n_tsk_5.py,n_tsk,39,n_tsk,5,2,5,5,0.5,0.5,0.7,0.6,1.0,0.5,48.299999,40,15,46.000001,68.999999,21.400001,1,1,1039,0,ilp_v2,optimal,1,57.085345,47.84179,1.193211,0.020766,0.0,,0.020766,0.02767,3,0,0
n_tsk\set39\n_tsk_5.py,n_tsk,39,n_tsk,5,2,5,5,0.5,0.5,0.7,0.6,1.0,0.5,48.299999,40,15,46.000001,68.999999,21.400001,1,1,1039,0,ilp_v3,optimal,1,57.711494,48.110313,1.199566,0.018813,0.0,,0.018813,0.020161,3,0,0
n_tsk\set39\n_tsk_5.py,n_tsk,39,n_tsk,5,2,5,5,0.5,0.5,0.7,0.6,1.0,0.5,48.299999,40,15,46.000001,68.999999,21.400001,1,1,1039,0,ilp_v4,optimal,1,59.676689,48.296641,1.235628,0.113814,0.0,,0.113814,0.120692,3,0,0
n_tsk\set39\n_tsk_5.py,n_tsk,39,n_tsk,5,2,5,5,0.5,0.5,0.7,0.6,1.0,0.5,48.299999,40,15,46.000001,68.999999,21.400001,1,1,1039,0,greedy_sps_baseline,solved,1,7.422651,48.097219,0.154326,0.002043,,,0.002043,0.004449,3,0,0
n_tsk\set40\n_tsk_3.py,n_tsk,40,n_tsk,3,2,3,5,0.5,0.5,0.7,0.6,1.0,0.5,48.300001,40,7,46.0,69.000001,21.4,1,1,1040,0,ilp_v2,optimal,1,49.745243,47.356754,1.050436,0.022734,0.0,,0.022734,0.032403,3,0,0
n_tsk\set40\n_tsk_3.py,n_tsk,40,n_tsk,3,2,3,5,0.5,0.5,0.7,0.6,1.0,0.5,48.300001,40,7,46.0,69.000001,21.4,1,1,1040,0,ilp_v3,optimal,1,52.787401,48.236421,1.094347,0.013854,0.0,,0.013854,0.015738,3,0,0
n_tsk\set40\n_tsk_3.py,n_tsk,40,n_tsk,3,2,3,5,0.5,0.5,0.7,0.6,1.0,0.5,48.300001,40,7,46.0,69.000001,21.4,1,1,1040,0,ilp_v4,optimal,1,65.778585,47.834741,1.375122,0.033499,0.0,,0.033499,0.041445,3,0,0
n_tsk\set40\n_tsk_3.py,n_tsk,40,n_tsk,3,2,3,5,0.5,0.5,0.7,0.6,1.0,0.5,48.300001,40,7,46.0,69.000001,21.4,1,1,1040,0,greedy_sps_baseline,solved,1,6.860306,48.068569,0.142719,0.000782,,,0.000782,0.000953,3,0,0
n_tsk\set40\n_tsk_4.py,n_tsk,40,n_tsk,4,2,4,5,0.5,0.5,0.7,0.6,1.0,0.5,48.300002,40,9,46.000001,69.000002,21.400001,1,1,1040,0,ilp_v2,optimal,1,22.683195,48.256268,0.470057,0.051431,0.0,,0.051431,0.056609,3,0,0
n_tsk\set40\n_tsk_4.py,n_tsk,40,n_tsk,4,2,4,5,0.5,0.5,0.7,0.6,1.0,0.5,48.300002,40,9,46.000001,69.000002,21.400001,1,1,1040,0,ilp_v3,optimal,1,23.330426,48.14853,0.484551,0.042298,0.0,,0.042298,0.044363,3,0,0
n_tsk\set40\n_tsk_4.py,n_tsk,40,n_tsk,4,2,4,5,0.5,0.5,0.7,0.6,1.0,0.5,48.300002,40,9,46.000001,69.000002,21.400001,1,1,1040,0,ilp_v4,optimal,1,33.409033,47.990407,0.696161,0.052271,0.0,,0.052271,0.063953,3,0,0
n_tsk\set40\n_tsk_4.py,n_tsk,40,n_tsk,4,2,4,5,0.5,0.5,0.7,0.6,1.0,0.5,48.300002,40,9,46.000001,69.000002,21.400001,1,1,1040,0,greedy_sps_baseline,solved,1,5.970248,48.104973,0.124109,0.001655,,,0.001655,0.002193,3,0,0
n_tsk\set40\n_tsk_5.py,n_tsk,40,n_tsk,5,2,5,5,0.5,0.5,0.7,0.6,1.0,0.5,48.3,40,13,46.000001,69.0,21.400001,1,1,1040,0,ilp_v2,optimal,1,37.966331,47.382772,0.801269,0.06266,0.0,,0.06266,0.065605,3,0,0
n_tsk\set40\n_tsk_5.py,n_tsk,40,n_tsk,5,2,5,5,0.5,0.5,0.7,0.6,1.0,0.5,48.3,40,13,46.000001,69.0,21.400001,1,1,1040,0,ilp_v3,optimal,1,40.02346,47.561261,0.841514,0.109088,0.0,,0.109088,0.113372,3,0,0
n_tsk\set40\n_tsk_5.py,n_tsk,40,n_tsk,5,2,5,5,0.5,0.5,0.7,0.6,1.0,0.5,48.3,40,13,46.000001,69.0,21.400001,1,1,1040,0,ilp_v4,optimal,1,47.584863,48.037028,0.990587,0.155018,0.0,,0.155018,0.181462,3,0,0
n_tsk\set40\n_tsk_5.py,n_tsk,40,n_tsk,5,2,5,5,0.5,0.5,0.7,0.6,1.0,0.5,48.3,40,13,46.000001,69.0,21.400001,1,1,1040,0,greedy_sps_baseline,solved,1,6.415051,48.177548,0.133154,0.001402,,,0.001402,0.00161,3,0,0
n_tsk\set41\n_tsk_3.py,n_tsk,41,n_tsk,3,2,3,5,0.5,0.5,0.7,0.6,1.0,0.5,48.299998,40,7,46.0,68.999998,21.4,1,1,1041,0,ilp_v2,optimal,1,56.470394,48.247906,1.170422,0.023736,0.0,,0.023736,0.026379,3,0,0
n_tsk\set41\n_tsk_3.py,n_tsk,41,n_tsk,3,2,3,5,0.5,0.5,0.7,0.6,1.0,0.5,48.299998,40,7,46.0,68.999998,21.4,1,1,1041,0,ilp_v3,optimal,1,43.345437,48.193043,0.899413,0.086037,0.0,,0.086037,0.093223,3,0,0
n_tsk\set41\n_tsk_3.py,n_tsk,41,n_tsk,3,2,3,5,0.5,0.5,0.7,0.6,1.0,0.5,48.299998,40,7,46.0,68.999998,21.4,1,1,1041,0,ilp_v4,optimal,1,56.470394,48.247906,1.170422,0.041096,0.0,,0.041096,0.041943,3,0,0
n_tsk\set41\n_tsk_3.py,n_tsk,41,n_tsk,3,2,3,5,0.5,0.5,0.7,0.6,1.0,0.5,48.299998,40,7,46.0,68.999998,21.4,1,1,1041,0,greedy_sps_baseline,solved,1,7.134418,48.273304,0.147792,0.00095,,,0.00095,0.001527,3,0,0
n_tsk\set41\n_tsk_4.py,n_tsk,41,n_tsk,4,2,4,5,0.5,0.5,0.7,0.6,1.0,0.5,48.300003,40,11,46.0,69.000005,21.4,1,1,1041,0,ilp_v2,optimal,1,45.322664,48.265319,0.939032,0.068159,0.0,,0.068159,0.069628,3,0,0
n_tsk\set41\n_tsk_4.py,n_tsk,41,n_tsk,4,2,4,5,0.5,0.5,0.7,0.6,1.0,0.5,48.300003,40,11,46.0,69.000005,21.4,1,1,1041,0,ilp_v3,optimal,1,43.505074,48.232196,0.901992,0.178737,0.0,,0.178737,0.183386,3,0,0
n_tsk\set41\n_tsk_4.py,n_tsk,41,n_tsk,4,2,4,5,0.5,0.5,0.7,0.6,1.0,0.5,48.300003,40,11,46.0,69.000005,21.4,1,1,1041,0,ilp_v4,optimal,1,45.322665,48.265319,0.939032,0.17026,0.0,,0.17026,0.180337,3,0,0
n_tsk\set41\n_tsk_4.py,n_tsk,41,n_tsk,4,2,4,5,0.5,0.5,0.7,0.6,1.0,0.5,48.300003,40,11,46.0,69.000005,21.4,1,1,1041,0,greedy_sps_baseline,solved,1,7.054996,48.247997,0.146224,0.001628,,,0.001628,0.001745,3,0,0
n_tsk\set41\n_tsk_5.py,n_tsk,41,n_tsk,5,2,5,5,0.5,0.5,0.7,0.6,1.0,0.5,48.299991,40,15,45.999995,68.999987,21.399998,1,1,1041,0,ilp_v2,optimal,1,40.110751,48.287028,0.830673,0.148888,0.0,,0.148888,0.164948,3,0,0
n_tsk\set41\n_tsk_5.py,n_tsk,41,n_tsk,5,2,5,5,0.5,0.5,0.7,0.6,1.0,0.5,48.299991,40,15,45.999995,68.999987,21.399998,1,1,1041,0,ilp_v3,optimal,1,48.583514,48.295116,1.005972,0.117757,0.0,,0.117757,0.123229,3,0,0
n_tsk\set41\n_tsk_5.py,n_tsk,41,n_tsk,5,2,5,5,0.5,0.5,0.7,0.6,1.0,0.5,48.299991,40,15,45.999995,68.999987,21.399998,1,1,1041,0,ilp_v4,optimal,1,49.61617,48.299083,1.027269,0.392895,0.0,,0.392895,0.43958,3,0,0
n_tsk\set41\n_tsk_5.py,n_tsk,41,n_tsk,5,2,5,5,0.5,0.5,0.7,0.6,1.0,0.5,48.299991,40,15,45.999995,68.999987,21.399998,1,1,1041,0,greedy_sps_baseline,solved,1,8.561286,48.182033,0.177686,0.008486,,,0.008486,0.008678,3,0,0
n_tsk\set42\n_tsk_3.py,n_tsk,42,n_tsk,3,2,3,5,0.5,0.5,0.7,0.6,1.0,0.5,48.299998,40,7,46.000002,68.999998,21.400001,1,1,1042,0,ilp_v2,optimal,1,44.445288,47.546549,0.934774,0.01155,0.0,,0.01155,0.01305,3,0,0
n_tsk\set42\n_tsk_3.py,n_tsk,42,n_tsk,3,2,3,5,0.5,0.5,0.7,0.6,1.0,0.5,48.299998,40,7,46.000002,68.999998,21.400001,1,1,1042,0,ilp_v3,optimal,1,41.450783,47.459184,0.873399,0.008386,0.0,,0.008386,0.010528,3,0,0
n_tsk\set42\n_tsk_3.py,n_tsk,42,n_tsk,3,2,3,5,0.5,0.5,0.7,0.6,1.0,0.5,48.299998,40,7,46.000002,68.999998,21.400001,1,1,1042,0,ilp_v4,optimal,1,46.553875,44.524298,1.045584,0.025442,0.0,,0.025442,0.026424,3,0,0
n_tsk\set42\n_tsk_3.py,n_tsk,42,n_tsk,3,2,3,5,0.5,0.5,0.7,0.6,1.0,0.5,48.299998,40,7,46.000002,68.999998,21.400001,1,1,1042,0,greedy_sps_baseline,solved,1,5.835325,48.21839,0.121019,0.00104,,,0.00104,0.001291,3,0,0
n_tsk\set42\n_tsk_4.py,n_tsk,42,n_tsk,4,2,4,5,0.5,0.5,0.7,0.6,1.0,0.5,48.300001,40,9,45.999999,69.000001,21.399999,1,1,1042,0,ilp_v2,optimal,1,39.8641,48.154472,0.827838,0.057558,0.0,,0.057558,0.0613,3,0,0
n_tsk\set42\n_tsk_4.py,n_tsk,42,n_tsk,4,2,4,5,0.5,0.5,0.7,0.6,1.0,0.5,48.300001,40,9,45.999999,69.000001,21.399999,1,1,1042,0,ilp_v3,optimal,1,41.876394,48.172922,0.869293,0.036161,0.0,,0.036161,0.040132,3,0,0
n_tsk\set42\n_tsk_4.py,n_tsk,42,n_tsk,4,2,4,5,0.5,0.5,0.7,0.6,1.0,0.5,48.300001,40,9,45.999999,69.000001,21.399999,1,1,1042,0,ilp_v4,optimal,1,48.392247,47.858196,1.011159,0.108645,8.8e-05,,0.108645,0.121841,3,0,0
n_tsk\set42\n_tsk_4.py,n_tsk,42,n_tsk,4,2,4,5,0.5,0.5,0.7,0.6,1.0,0.5,48.300001,40,9,45.999999,69.000001,21.399999,1,1,1042,0,greedy_sps_baseline,solved,1,8.721262,48.242394,0.18078,0.000965,,,0.000965,0.001195,3,0,0
n_tsk\set42\n_tsk_5.py,n_tsk,42,n_tsk,5,2,5,5,0.5,0.5,0.7,0.6,1.0,0.5,48.299998,40,11,45.999998,68.999998,21.399999,1,1,1042,0,ilp_v2,optimal,1,60.908319,48.299798,1.261047,0.018692,0.0,,0.018692,0.021465,3,0,0
n_tsk\set42\n_tsk_5.py,n_tsk,42,n_tsk,5,2,5,5,0.5,0.5,0.7,0.6,1.0,0.5,48.299998,40,11,45.999998,68.999998,21.399999,1,1,1042,0,ilp_v3,optimal,1,55.605456,48.263864,1.152114,0.015388,0.0,,0.015388,0.021537,3,0,0
n_tsk\set42\n_tsk_5.py,n_tsk,42,n_tsk,5,2,5,5,0.5,0.5,0.7,0.6,1.0,0.5,48.299998,40,11,45.999998,68.999998,21.399999,1,1,1042,0,ilp_v4,optimal,1,61.511615,48.251575,1.274811,0.077333,0.0,,0.077333,0.079503,3,0,0
n_tsk\set42\n_tsk_5.py,n_tsk,42,n_tsk,5,2,5,5,0.5,0.5,0.7,0.6,1.0,0.5,48.299998,40,11,45.999998,68.999998,21.399999,1,1,1042,0,greedy_sps_baseline,solved,1,8.676799,48.269964,0.179756,0.00119,,,0.00119,0.001452,3,0,0
n_tsk\set43\n_tsk_3.py,n_tsk,43,n_tsk,3,2,3,5,0.5,0.5,0.7,0.6,1.0,0.5,48.299998,40,7,46.0,68.999997,21.433333,1,1,1043,0,ilp_v2,optimal,1,71.053058,48.016982,1.479749,0.008919,0.0,,0.008919,0.011706,3,0,0
n_tsk\set43\n_tsk_3.py,n_tsk,43,n_tsk,3,2,3,5,0.5,0.5,0.7,0.6,1.0,0.5,48.299998,40,7,46.0,68.999997,21.433333,1,1,1043,0,ilp_v3,optimal,1,42.732855,47.754997,0.894835,0.014773,0.0,,0.014773,0.020001,3,0,0
n_tsk\set43\n_tsk_3.py,n_tsk,43,n_tsk,3,2,3,5,0.5,0.5,0.7,0.6,1.0,0.5,48.299998,40,7,46.0,68.999997,21.433333,1,1,1043,0,ilp_v4,optimal,1,71.053058,48.016982,1.479749,0.014234,0.0,,0.014234,0.015187,3,0,0
n_tsk\set43\n_tsk_3.py,n_tsk,43,n_tsk,3,2,3,5,0.5,0.5,0.7,0.6,1.0,0.5,48.299998,40,7,46.0,68.999997,21.433333,1,1,1043,0,greedy_sps_baseline,solved,1,4.72368,47.712721,0.099003,0.001032,,,0.001032,0.001259,3,0,0
n_tsk\set43\n_tsk_4.py,n_tsk,43,n_tsk,4,2,4,5,0.5,0.5,0.7,0.6,1.0,0.5,48.300006,40,11,46.000003,69.000008,21.433335,1,1,1043,0,ilp_v2,optimal,1,32.606313,47.916649,0.68048,0.017757,0.0,,0.017757,0.020102,3,0,0
n_tsk\set43\n_tsk_4.py,n_tsk,43,n_tsk,4,2,4,5,0.5,0.5,0.7,0.6,1.0,0.5,48.300006,40,11,46.000003,69.000008,21.433335,1,1,1043,0,ilp_v3,optimal,1,32.015614,48.289729,0.66299,0.020745,0.0,,0.020745,0.022088,3,0,0
n_tsk\set43\n_tsk_4.py,n_tsk,43,n_tsk,4,2,4,5,0.5,0.5,0.7,0.6,1.0,0.5,48.300006,40,11,46.000003,69.000008,21.433335,1,1,1043,0,ilp_v4,optimal,1,33.545845,48.010458,0.69872,0.06668,0.0,,0.06668,0.067574,3,0,0
n_tsk\set43\n_tsk_4.py,n_tsk,43,n_tsk,4,2,4,5,0.5,0.5,0.7,0.6,1.0,0.5,48.300006,40,11,46.000003,69.000008,21.433335,1,1,1043,0,greedy_sps_baseline,solved,1,6.09923,47.986329,0.127103,0.001973,,,0.001973,0.002057,3,0,0
n_tsk\set43\n_tsk_5.py,n_tsk,43,n_tsk,5,2,5,5,0.5,0.5,0.7,0.6,1.0,0.5,48.300001,40,13,46.000001,69.000001,21.433334,1,1,1043,0,ilp_v2,optimal,1,56.280752,47.868331,1.175741,0.032566,0.0,,0.032566,0.03507,3,0,0
n_tsk\set43\n_tsk_5.py,n_tsk,43,n_tsk,5,2,5,5,0.5,0.5,0.7,0.6,1.0,0.5,48.300001,40,13,46.000001,69.000001,21.433334,1,1,1043,0,ilp_v3,optimal,1,55.10188,48.297019,1.140896,0.036651,0.0,,0.036651,0.040371,3,0,0
n_tsk\set43\n_tsk_5.py,n_tsk,43,n_tsk,5,2,5,5,0.5,0.5,0.7,0.6,1.0,0.5,48.300001,40,13,46.000001,69.000001,21.433334,1,1,1043,0,ilp_v4,optimal,1,57.421564,48.004314,1.196175,0.096845,0.0,,0.096845,0.117938,3,0,0
n_tsk\set43\n_tsk_5.py,n_tsk,43,n_tsk,5,2,5,5,0.5,0.5,0.7,0.6,1.0,0.5,48.300001,40,13,46.000001,69.000001,21.433334,1,1,1043,0,greedy_sps_baseline,solved,1,7.494205,48.29323,0.155181,0.001597,,,0.001597,0.002436,3,0,0
n_tsk\set44\n_tsk_3.py,n_tsk,44,n_tsk,3,2,3,5,0.5,0.5,0.7,0.6,1.0,0.5,48.299997,40,7,45.999998,68.999995,21.433332,1,1,1044,0,ilp_v2,optimal,1,20.119981,47.399501,0.424477,0.019837,0.0,,0.019837,0.020808,3,0,0
n_tsk\set44\n_tsk_3.py,n_tsk,44,n_tsk,3,2,3,5,0.5,0.5,0.7,0.6,1.0,0.5,48.299997,40,7,45.999998,68.999995,21.433332,1,1,1044,0,ilp_v3,optimal,1,20.119981,47.399501,0.424477,0.019178,0.0,,0.019178,0.019982,3,0,0
n_tsk\set44\n_tsk_3.py,n_tsk,44,n_tsk,3,2,3,5,0.5,0.5,0.7,0.6,1.0,0.5,48.299997,40,7,45.999998,68.999995,21.433332,1,1,1044,0,ilp_v4,optimal,1,35.525744,46.665477,0.761285,0.026001,0.0,,0.026001,0.029916,3,0,0
n_tsk\set44\n_tsk_3.py,n_tsk,44,n_tsk,3,2,3,5,0.5,0.5,0.7,0.6,1.0,0.5,48.299997,40,7,45.999998,68.999995,21.433332,1,1,1044,0,greedy_sps_baseline,solved,1,2.976805,47.868168,0.062188,0.00164,,,0.00164,0.001808,3,0,0
n_tsk\set44\n_tsk_4.py,n_tsk,44,n_tsk,4,2,4,5,0.5,0.5,0.7,0.6,1.0,0.5,48.300003,40,11,46.000002,69.000005,21.433334,1,1,1044,0,ilp_v2,optimal,1,28.573709,48.094007,0.594122,0.045628,0.0,,0.045628,0.046151,3,0,0
n_tsk\set44\n_tsk_4.py,n_tsk,44,n_tsk,4,2,4,5,0.5,0.5,0.7,0.6,1.0,0.5,48.300003,40,11,46.000002,69.000005,21.433334,1,1,1044,0,ilp_v3,optimal,1,29.31629,48.21678,0.60801,0.068535,0.0,,0.068535,0.073685,3,0,0
n_tsk\set44\n_tsk_4.py,n_tsk,44,n_tsk,4,2,4,5,0.5,0.5,0.7,0.6,1.0,0.5,48.300003,40,11,46.000002,69.000005,21.433334,1,1,1044,0,ilp_v4,optimal,1,47.563848,48.267097,0.98543,0.140707,0.0,,0.140707,0.148174,3,0,0
n_tsk\set44\n_tsk_4.py,n_tsk,44,n_tsk,4,2,4,5,0.5,0.5,0.7,0.6,1.0,0.5,48.300003,40,11,46.000002,69.000005,21.433334,1,1,1044,0,greedy_sps_baseline,solved,1,4.664217,48.236137,0.096695,0.002611,,,0.002611,0.00301,3,0,0
n_tsk\set44\n_tsk_5.py,n_tsk,44,n_tsk,5,2,5,5,0.5,0.5,0.7,0.6,1.0,0.5,48.3,40,12,45.999999,69.0,21.433333,1,1,1044,0,ilp_v2,optimal,1,49.428184,48.255816,1.024295,0.02651,0.0,,0.02651,0.028693,3,0,0
n_tsk\set44\n_tsk_5.py,n_tsk,44,n_tsk,5,2,5,5,0.5,0.5,0.7,0.6,1.0,0.5,48.3,40,12,45.999999,69.0,21.433333,1,1,1044,0,ilp_v3,optimal,1,50.428042,48.259301,1.044939,0.028955,0.0,,0.028955,0.030744,3,0,0
n_tsk\set44\n_tsk_5.py,n_tsk,44,n_tsk,5,2,5,5,0.5,0.5,0.7,0.6,1.0,0.5,48.3,40,12,45.999999,69.0,21.433333,1,1,1044,0,ilp_v4,optimal,1,49.673643,48.27915,1.028884,0.160696,0.0,,0.160696,0.176719,3,0,0
n_tsk\set44\n_tsk_5.py,n_tsk,44,n_tsk,5,2,5,5,0.5,0.5,0.7,0.6,1.0,0.5,48.3,40,12,45.999999,69.0,21.433333,1,1,1044,0,greedy_sps_baseline,solved,1,5.816074,48.270616,0.120489,0.002068,,,0.002068,0.002357,3,0,0
n_tsk\set45\n_tsk_3.py,n_tsk,45,n_tsk,3,2,3,5,0.5,0.5,0.7,0.6,1.0,0.5,48.300002,40,7,46.0,69.000002,23.6,1,1,1045,0,ilp_v2,optimal,1,50.017587,48.179693,1.038147,0.022122,0.0,,0.022122,0.025564,3,0,0
n_tsk\set45\n_tsk_3.py,n_tsk,45,n_tsk,3,2,3,5,0.5,0.5,0.7,0.6,1.0,0.5,48.300002,40,7,46.0,69.000002,23.6,1,1,1045,0,ilp_v3,optimal,1,41.748896,47.98905,0.869967,0.069659,0.0,,0.069659,0.075002,3,0,0
n_tsk\set45\n_tsk_3.py,n_tsk,45,n_tsk,3,2,3,5,0.5,0.5,0.7,0.6,1.0,0.5,48.300002,40,7,46.0,69.000002,23.6,1,1,1045,0,ilp_v4,optimal,1,52.694505,48.155535,1.094256,0.05407,0.0,,0.05407,0.056295,3,0,0
n_tsk\set45\n_tsk_3.py,n_tsk,45,n_tsk,3,2,3,5,0.5,0.5,0.7,0.6,1.0,0.5,48.300002,40,7,46.0,69.000002,23.6,1,1,1045,0,greedy_sps_baseline,solved,1,5.282517,48.017232,0.110013,0.000829,,,0.000829,0.001108,3,0,0
n_tsk\set45\n_tsk_4.py,n_tsk,45,n_tsk,4,2,4,5,0.5,0.5,0.7,0.6,1.0,0.5,48.300001,40,9,46.0,69.000001,23.6,1,1,1045,0,ilp_v2,optimal,1,69.239345,48.239366,1.435329,0.031562,4.3e-05,,0.031562,0.035161,3,0,0
n_tsk\set45\n_tsk_4.py,n_tsk,45,n_tsk,4,2,4,5,0.5,0.5,0.7,0.6,1.0,0.5,48.300001,40,9,46.0,69.000001,23.6,1,1,1045,0,ilp_v3,optimal,1,67.711673,48.198685,1.404845,0.10649,0.0,,0.10649,0.116383,3,0,0
n_tsk\set45\n_tsk_4.py,n_tsk,45,n_tsk,4,2,4,5,0.5,0.5,0.7,0.6,1.0,0.5,48.300001,40,9,46.0,69.000001,23.6,1,1,1045,0,ilp_v4,optimal,1,70.867416,48.263341,1.468349,0.067718,0.0,,0.067718,0.076317,3,0,0
n_tsk\set45\n_tsk_4.py,n_tsk,45,n_tsk,4,2,4,5,0.5,0.5,0.7,0.6,1.0,0.5,48.300001,40,9,46.0,69.000001,23.6,1,1,1045,0,greedy_sps_baseline,solved,1,5.706775,48.197287,0.118404,0.000982,,,0.000982,0.001126,3,0,0
n_tsk\set45\n_tsk_5.py,n_tsk,45,n_tsk,5,2,5,5,0.5,0.5,0.7,0.6,1.0,0.5,48.299998,40,11,45.999998,68.999997,23.599999,1,1,1045,0,ilp_v2,optimal,1,73.277451,48.291558,1.517397,0.038047,0.0,,0.038047,0.041879,3,0,0
n_tsk\set45\n_tsk_5.py,n_tsk,45,n_tsk,5,2,5,5,0.5,0.5,0.7,0.6,1.0,0.5,48.299998,40,11,45.999998,68.999997,23.599999,1,1,1045,0,ilp_v3,optimal,1,65.923901,48.281308,1.365413,0.014734,0.0,,0.014734,0.016324,3,0,0
n_tsk\set45\n_tsk_5.py,n_tsk,45,n_tsk,5,2,5,5,0.5,0.5,0.7,0.6,1.0,0.5,48.299998,40,11,45.999998,68.999997,23.599999,1,1,1045,0,ilp_v4,optimal,1,73.277451,48.291558,1.517397,0.071429,0.0,,0.071429,0.076314,3,0,0
n_tsk\set45\n_tsk_5.py,n_tsk,45,n_tsk,5,2,5,5,0.5,0.5,0.7,0.6,1.0,0.5,48.299998,40,11,45.999998,68.999997,23.599999,1,1,1045,0,greedy_sps_baseline,solved,1,9.351429,48.250478,0.19381,0.001112,,,0.001112,0.001277,3,0,0
n_tsk\set46\n_tsk_3.py,n_tsk,46,n_tsk,3,2,3,5,0.5,0.5,0.7,0.6,1.0,0.5,48.300002,40,7,46.000001,69.000002,22.042858,1,1,1046,0,ilp_v2,optimal,1,43.307179,48.271303,0.897162,0.018749,0.0,,0.018749,0.019972,3,0,0
n_tsk\set46\n_tsk_3.py,n_tsk,46,n_tsk,3,2,3,5,0.5,0.5,0.7,0.6,1.0,0.5,48.300002,40,7,46.000001,69.000002,22.042858,1,1,1046,0,ilp_v3,optimal,1,54.49278,48.228042,1.129898,0.01213,0.0,,0.01213,0.013234,3,0,0
n_tsk\set46\n_tsk_3.py,n_tsk,46,n_tsk,3,2,3,5,0.5,0.5,0.7,0.6,1.0,0.5,48.300002,40,7,46.000001,69.000002,22.042858,1,1,1046,0,ilp_v4,optimal,1,63.831454,48.100244,1.327051,0.017336,0.0,,0.017336,0.017962,3,0,0
n_tsk\set46\n_tsk_3.py,n_tsk,46,n_tsk,3,2,3,5,0.5,0.5,0.7,0.6,1.0,0.5,48.300002,40,7,46.000001,69.000002,22.042858,1,1,1046,0,greedy_sps_baseline,solved,1,6.589176,48.208045,0.136682,0.000826,,,0.000826,0.000901,3,0,0
n_tsk\set46\n_tsk_4.py,n_tsk,46,n_tsk,4,2,4,5,0.5,0.5,0.7,0.6,1.0,0.5,48.300002,40,9,46.0,69.000002,22.042857,1,1,1046,0,ilp_v2,optimal,1,50.937136,48.266924,1.055322,0.015951,0.0,,0.015951,0.018804,3,0,0
n_tsk\set46\n_tsk_4.py,n_tsk,46,n_tsk,4,2,4,5,0.5,0.5,0.7,0.6,1.0,0.5,48.300002,40,9,46.0,69.000002,22.042857,1,1,1046,0,ilp_v3,optimal,1,50.937136,48.159316,1.05768,0.016238,0.0,,0.016238,0.017206,3,0,0
n_tsk\set46\n_tsk_4.py,n_tsk,46,n_tsk,4,2,4,5,0.5,0.5,0.7,0.6,1.0,0.5,48.300002,40,9,46.0,69.000002,22.042857,1,1,1046,0,ilp_v4,optimal,1,53.211547,47.855477,1.111922,0.051055,0.0,,0.051055,0.055441,3,0,0
n_tsk\set46\n_tsk_4.py,n_tsk,46,n_tsk,4,2,4,5,0.5,0.5,0.7,0.6,1.0,0.5,48.300002,40,9,46.0,69.000002,22.042857,1,1,1046,0,greedy_sps_baseline,solved,1,5.22349,47.678218,0.109557,0.000936,,,0.000936,0.001092,3,0,0
n_tsk\set46\n_tsk_5.py,n_tsk,46,n_tsk,5,2,5,5,0.5,0.5,0.7,0.6,1.0,0.5,48.300002,40,13,46.0,69.000003,22.042857,1,1,1046,0,ilp_v2,optimal,1,42.176381,48.29314,0.873341,0.029674,0.0,,0.029674,0.034774,3,0,0
n_tsk\set46\n_tsk_5.py,n_tsk,46,n_tsk,5,2,5,5,0.5,0.5,0.7,0.6,1.0,0.5,48.300002,40,13,46.0,69.000003,22.042857,1,1,1046,0,ilp_v3,optimal,1,30.404526,47.676549,0.637725,0.038906,0.0,,0.038906,0.045888,3,0,0
n_tsk\set46\n_tsk_5.py,n_tsk,46,n_tsk,5,2,5,5,0.5,0.5,0.7,0.6,1.0,0.5,48.300002,40,13,46.0,69.000003,22.042857,1,1,1046,0,ilp_v4,optimal,1,45.89691,48.251949,0.951193,0.143926,0.0,,0.143926,0.152929,3,0,0
n_tsk\set46\n_tsk_5.py,n_tsk,46,n_tsk,5,2,5,5,0.5,0.5,0.7,0.6,1.0,0.5,48.300002,40,13,46.0,69.000003,22.042857,1,1,1046,0,greedy_sps_baseline,solved,1,5.8893,48.225115,0.122121,0.003391,,,0.003391,0.003566,3,0,0
n_tsk\set47\n_tsk_3.py,n_tsk,47,n_tsk,3,2,3,5,0.5,0.5,0.7,0.6,1.0,0.5,48.299998,40,7,45.999998,68.999998,21.999999,1,1,1047,0,ilp_v2,optimal,1,42.48608,47.821562,0.888429,0.011806,0.0,,0.011806,0.014196,3,0,0
n_tsk\set47\n_tsk_3.py,n_tsk,47,n_tsk,3,2,3,5,0.5,0.5,0.7,0.6,1.0,0.5,48.299998,40,7,45.999998,68.999998,21.999999,1,1,1047,0,ilp_v3,optimal,1,56.760094,48.23185,1.176818,0.013691,0.0,,0.013691,0.0139,3,0,0
n_tsk\set47\n_tsk_3.py,n_tsk,47,n_tsk,3,2,3,5,0.5,0.5,0.7,0.6,1.0,0.5,48.299998,40,7,45.999998,68.999998,21.999999,1,1,1047,0,ilp_v4,optimal,1,59.290098,47.774527,1.24104,0.026364,0.0,,0.026364,0.030787,3,0,0
n_tsk\set47\n_tsk_3.py,n_tsk,47,n_tsk,3,2,3,5,0.5,0.5,0.7,0.6,1.0,0.5,48.299998,40,7,45.999998,68.999998,21.999999,1,1,1047,0,greedy_sps_baseline,solved,1,5.163532,47.875866,0.107853,0.001028,,,0.001028,0.001429,3,0,0
n_tsk\set47\n_tsk_4.py,n_tsk,47,n_tsk,4,2,4,5,0.5,0.5,0.7,0.6,1.0,0.5,48.300003,40,9,46.000001,69.000005,22.000001,1,1,1047,0,ilp_v2,optimal,1,45.882785,47.992663,0.956037,0.047447,0.0,,0.047447,0.051449,3,0,0
n_tsk\set47\n_tsk_4.py,n_tsk,47,n_tsk,4,2,4,5,0.5,0.5,0.7,0.6,1.0,0.5,48.300003,40,9,46.000001,69.000005,22.000001,1,1,1047,0,ilp_v3,optimal,1,48.521762,48.234879,1.005948,0.068136,0.0,,0.068136,0.075722,3,0,0
n_tsk\set47\n_tsk_4.py,n_tsk,47,n_tsk,4,2,4,5,0.5,0.5,0.7,0.6,1.0,0.5,48.300003,40,9,46.000001,69.000005,22.000001,1,1,1047,0,ilp_v4,optimal,1,55.283096,47.735911,1.158103,0.080485,0.0,,0.080485,0.08718,3,0,0
n_tsk\set47\n_tsk_4.py,n_tsk,47,n_tsk,4,2,4,5,0.5,0.5,0.7,0.6,1.0,0.5,48.300003,40,9,46.000001,69.000005,22.000001,1,1,1047,0,greedy_sps_baseline,solved,1,8.953085,48.295101,0.185383,0.00122,,,0.00122,0.001588,3,0,0
n_tsk\set47\n_tsk_5.py,n_tsk,47,n_tsk,5,2,5,5,0.5,0.5,0.7,0.6,1.0,0.5,48.299999,40,13,46.000002,68.999999,22.000001,1,1,1047,0,ilp_v2,optimal,1,57.03498,48.296418,1.180936,0.096254,0.0,,0.096254,0.103413,3,0,0
n_tsk\set47\n_tsk_5.py,n_tsk,47,n_tsk,5,2,5,5,0.5,0.5,0.7,0.6,1.0,0.5,48.299999,40,13,46.000002,68.999999,22.000001,1,1,1047,0,ilp_v3,optimal,1,54.344071,48.237451,1.126595,0.255984,0.0,,0.255984,0.272746,3,0,0
n_tsk\set47\n_tsk_5.py,n_tsk,47,n_tsk,5,2,5,5,0.5,0.5,0.7,0.6,1.0,0.5,48.299999,40,13,46.000002,68.999999,22.000001,1,1,1047,0,ilp_v4,optimal,1,57.996379,48.21063,1.202979,0.096425,0.0,,0.096425,0.104152,3,0,0
n_tsk\set47\n_tsk_5.py,n_tsk,47,n_tsk,5,2,5,5,0.5,0.5,0.7,0.6,1.0,0.5,48.299999,40,13,46.000002,68.999999,22.000001,1,1,1047,0,greedy_sps_baseline,solved,1,8.767553,48.016741,0.182594,0.002063,,,0.002063,0.00217,3,0,0
n_tsk\set48\n_tsk_3.py,n_tsk,48,n_tsk,3,2,3,5,0.5,0.5,0.7,0.6,1.0,0.5,48.300001,40,7,46.0,69.000001,21.4,1,1,1048,0,ilp_v2,optimal,1,37.040188,47.353501,0.782206,0.009748,0.0,,0.009748,0.014853,3,0,0
n_tsk\set48\n_tsk_3.py,n_tsk,48,n_tsk,3,2,3,5,0.5,0.5,0.7,0.6,1.0,0.5,48.300001,40,7,46.0,69.000001,21.4,1,1,1048,0,ilp_v3,optimal,1,41.817664,47.239465,0.885227,0.006393,0.0,,0.006393,0.006444,3,0,0
n_tsk\set48\n_tsk_3.py,n_tsk,48,n_tsk,3,2,3,5,0.5,0.5,0.7,0.6,1.0,0.5,48.300001,40,7,46.0,69.000001,21.4,1,1,1048,0,ilp_v4,optimal,1,43.318783,47.898732,0.904383,0.032489,0.0,,0.032489,0.035417,3,0,0
n_tsk\set48\n_tsk_3.py,n_tsk,48,n_tsk,3,2,3,5,0.5,0.5,0.7,0.6,1.0,0.5,48.300001,40,7,46.0,69.000001,21.4,1,1,1048,0,greedy_sps_baseline,solved,1,2.193393,48.084285,0.045616,0.000711,,,0.000711,0.001078,3,0,0
n_tsk\set48\n_tsk_4.py,n_tsk,48,n_tsk,4,2,4,5,0.5,0.5,0.7,0.6,1.0,0.5,48.300002,40,9,46.000001,69.000003,21.400001,1,1,1048,0,ilp_v2,optimal,1,21.700778,48.217171,0.450063,0.046563,0.0,,0.046563,0.048836,3,0,0
n_tsk\set48\n_tsk_4.py,n_tsk,48,n_tsk,4,2,4,5,0.5,0.5,0.7,0.6,1.0,0.5,48.300002,40,9,46.000001,69.000003,21.400001,1,1,1048,0,ilp_v3,optimal,1,23.004199,47.912958,0.480125,0.046086,0.0,,0.046086,0.046384,3,0,0
n_tsk\set48\n_tsk_4.py,n_tsk,48,n_tsk,4,2,4,5,0.5,0.5,0.7,0.6,1.0,0.5,48.300002,40,9,46.000001,69.000003,21.400001,1,1,1048,0,ilp_v4,optimal,1,27.343839,48.199422,0.567306,0.070004,0.0,,0.070004,0.075651,3,0,0
n_tsk\set48\n_tsk_4.py,n_tsk,48,n_tsk,4,2,4,5,0.5,0.5,0.7,0.6,1.0,0.5,48.300002,40,9,46.000001,69.000003,21.400001,1,1,1048,0,greedy_sps_baseline,solved,1,4.799916,48.296888,0.099384,0.001042,,,0.001042,0.001106,3,0,0
n_tsk\set48\n_tsk_5.py,n_tsk,48,n_tsk,5,2,5,5,0.5,0.5,0.7,0.6,1.0,0.5,48.300002,40,13,45.999997,69.000002,21.399998,1,1,1048,0,ilp_v2,optimal,1,61.401314,48.182083,1.27436,0.051996,0.0,,0.051996,0.054773,3,0,0
n_tsk\set48\n_tsk_5.py,n_tsk,48,n_tsk,5,2,5,5,0.5,0.5,0.7,0.6,1.0,0.5,48.300002,40,13,45.999997,69.000002,21.399998,1,1,1048,0,ilp_v3,optimal,1,61.401314,48.182083,1.27436,0.047489,0.0,,0.047489,0.050279,3,0,0
n_tsk\set48\n_tsk_5.py,n_tsk,48,n_tsk,5,2,5,5,0.5,0.5,0.7,0.6,1.0,0.5,48.300002,40,13,45.999997,69.000002,21.399998,1,1,1048,0,ilp_v4,optimal,1,59.648276,48.260891,1.235955,0.11887,0.0,,0.11887,0.135814,3,0,0
n_tsk\set48\n_tsk_5.py,n_tsk,48,n_tsk,5,2,5,5,0.5,0.5,0.7,0.6,1.0,0.5,48.300002,40,13,45.999997,69.000002,21.399998,1,1,1048,0,greedy_sps_baseline,solved,1,8.49328,48.222464,0.176127,0.001425,,,0.001425,0.001592,3,0,0
n_tsk\set49\n_tsk_3.py,n_tsk,49,n_tsk,3,2,3,5,0.5,0.5,0.7,0.6,1.0,0.5,48.299998,40,7,45.999998,68.999998,23.599999,1,1,1049,0,ilp_v2,optimal,1,31.377495,47.916301,0.65484,0.009676,0.0,,0.009676,0.014108,3,0,0
n_tsk\set49\n_tsk_3.py,n_tsk,49,n_tsk,3,2,3,5,0.5,0.5,0.7,0.6,1.0,0.5,48.299998,40,7,45.999998,68.999998,23.599999,1,1,1049,0,ilp_v3,optimal,1,28.336371,47.988898,0.590478,0.01261,0.0,,0.01261,0.014722,3,0,0
n_tsk\set49\n_tsk_3.py,n_tsk,49,n_tsk,3,2,3,5,0.5,0.5,0.7,0.6,1.0,0.5,48.299998,40,7,45.999998,68.999998,23.599999,1,1,1049,0,ilp_v4,optimal,1,32.973389,46.141811,0.71461,0.02638,0.0,,0.02638,0.027491,3,0,0
n_tsk\set49\n_tsk_3.py,n_tsk,49,n_tsk,3,2,3,5,0.5,0.5,0.7,0.6,1.0,0.5,48.299998,40,7,45.999998,68.999998,23.599999,1,1,1049,0,greedy_sps_baseline,solved,1,2.160247,48.099452,0.044912,0.000705,,,0.000705,0.000836,3,0,0
n_tsk\set49\n_tsk_4.py,n_tsk,49,n_tsk,4,2,4,5,0.5,0.5,0.7,0.6,1.0,0.5,48.299999,40,9,45.999999,68.999999,23.599999,1,1,1049,0,ilp_v2,optimal,1,29.210045,48.158127,0.606544,0.153166,0.0,,0.153166,0.166592,3,0,0
n_tsk\set49\n_tsk_4.py,n_tsk,49,n_tsk,4,2,4,5,0.5,0.5,0.7,0.6,1.0,0.5,48.299999,40,9,45.999999,68.999999,23.599999,1,1,1049,0,ilp_v3,optimal,1,30.317576,48.174552,0.629328,0.161052,0.0,,0.161052,0.203344,3,0,0
n_tsk\set49\n_tsk_4.py,n_tsk,49,n_tsk,4,2,4,5,0.5,0.5,0.7,0.6,1.0,0.5,48.299999,40,9,45.999999,68.999999,23.599999,1,1,1049,0,ilp_v4,optimal,1,38.773082,48.17126,0.804901,0.076098,0.0,,0.076098,0.094259,3,0,0
n_tsk\set49\n_tsk_4.py,n_tsk,49,n_tsk,4,2,4,5,0.5,0.5,0.7,0.6,1.0,0.5,48.299999,40,9,45.999999,68.999999,23.599999,1,1,1049,0,greedy_sps_baseline,solved,1,2.976103,48.122062,0.061845,0.001365,,,0.001365,0.001546,3,0,0
n_tsk\set49\n_tsk_5.py,n_tsk,49,n_tsk,5,2,5,5,0.5,0.5,0.7,0.6,1.0,0.5,48.299996,40,11,45.999998,68.999994,23.599999,1,1,1049,0,ilp_v2,optimal,1,81.046541,48.27632,1.678805,0.113363,0.0,,0.113363,0.122096,3,0,0
n_tsk\set49\n_tsk_5.py,n_tsk,49,n_tsk,5,2,5,5,0.5,0.5,0.7,0.6,1.0,0.5,48.299996,40,11,45.999998,68.999994,23.599999,1,1,1049,0,ilp_v3,optimal,1,67.098296,48.079352,1.395574,0.020024,0.0,,0.020024,0.025916,3,0,0
n_tsk\set49\n_tsk_5.py,n_tsk,49,n_tsk,5,2,5,5,0.5,0.5,0.7,0.6,1.0,0.5,48.299996,40,11,45.999998,68.999994,23.599999,1,1,1049,0,ilp_v4,optimal,1,81.046541,48.27632,1.678805,0.118854,0.0,,0.118854,0.130133,3,0,0
n_tsk\set49\n_tsk_5.py,n_tsk,49,n_tsk,5,2,5,5,0.5,0.5,0.7,0.6,1.0,0.5,48.299996,40,11,45.999998,68.999994,23.599999,1,1,1049,0,greedy_sps_baseline,solved,1,9.363819,48.259472,0.194031,0.001566,,,0.001566,0.001896,3,0,0
n_tsk\set50\n_tsk_3.py,n_tsk,50,n_tsk,3,2,3,5,0.5,0.5,0.7,0.6,1.0,0.5,48.300002,40,7,46.0,69.000002,23.009091,1,1,1050,0,ilp_v2,optimal,1,82.156544,46.952304,1.749787,0.012373,0.0,,0.012373,0.013675,3,0,0
n_tsk\set50\n_tsk_3.py,n_tsk,50,n_tsk,3,2,3,5,0.5,0.5,0.7,0.6,1.0,0.5,48.300002,40,7,46.0,69.000002,23.009091,1,1,1050,0,ilp_v3,optimal,1,48.056859,48.298612,0.994995,0.034225,0.0,,0.034225,0.042735,3,0,0
n_tsk\set50\n_tsk_3.py,n_tsk,50,n_tsk,3,2,3,5,0.5,0.5,0.7,0.6,1.0,0.5,48.300002,40,7,46.0,69.000002,23.009091,1,1,1050,0,ilp_v4,optimal,1,82.156544,46.952304,1.749787,0.01885,0.0,,0.01885,0.025885,3,0,0
n_tsk\set50\n_tsk_3.py,n_tsk,50,n_tsk,3,2,3,5,0.5,0.5,0.7,0.6,1.0,0.5,48.300002,40,7,46.0,69.000002,23.009091,1,1,1050,0,greedy_sps_baseline,solved,1,8.076746,48.158103,0.167713,0.00114,,,0.00114,0.001834,3,0,0
n_tsk\set50\n_tsk_4.py,n_tsk,50,n_tsk,4,2,4,5,0.5,0.5,0.7,0.6,1.0,0.5,48.299999,40,11,46.000001,68.999999,23.009091,1,1,1050,0,ilp_v2,optimal,1,40.858268,47.911674,0.852783,0.035802,0.0,,0.035802,0.040344,3,0,0
n_tsk\set50\n_tsk_4.py,n_tsk,50,n_tsk,4,2,4,5,0.5,0.5,0.7,0.6,1.0,0.5,48.299999,40,11,46.000001,68.999999,23.009091,1,1,1050,0,ilp_v3,optimal,1,38.812412,48.005619,0.808497,0.011528,0.0,,0.011528,0.015475,3,0,0
n_tsk\set50\n_tsk_4.py,n_tsk,50,n_tsk,4,2,4,5,0.5,0.5,0.7,0.6,1.0,0.5,48.299999,40,11,46.000001,68.999999,23.009091,1,1,1050,0,ilp_v4,optimal,1,38.812412,45.393245,0.855026,0.060567,0.0,,0.060567,0.066302,3,0,0
n_tsk\set50\n_tsk_4.py,n_tsk,50,n_tsk,4,2,4,5,0.5,0.5,0.7,0.6,1.0,0.5,48.299999,40,11,46.000001,68.999999,23.009091,1,1,1050,0,greedy_sps_baseline,solved,1,4.659717,47.874693,0.097332,0.001262,,,0.001262,0.001381,3,0,0
n_tsk\set50\n_tsk_5.py,n_tsk,50,n_tsk,5,2,5,5,0.5,0.5,0.7,0.6,1.0,0.5,48.300002,40,15,46.000003,69.000002,23.009093,1,1,1050,0,ilp_v2,optimal,1,54.412184,48.156063,1.129913,0.100735,0.0,,0.100735,0.138343,3,0,0
n_tsk\set50\n_tsk_5.py,n_tsk,50,n_tsk,5,2,5,5,0.5,0.5,0.7,0.6,1.0,0.5,48.300002,40,15,46.000003,69.000002,23.009093,1,1,1050,0,ilp_v3,optimal,1,55.142451,48.287717,1.141956,0.183716,0.0,,0.183716,0.203534,3,0,0
n_tsk\set50\n_tsk_5.py,n_tsk,50,n_tsk,5,2,5,5,0.5,0.5,0.7,0.6,1.0,0.5,48.300002,40,15,46.000003,69.000002,23.009093,1,1,1050,0,ilp_v4,optimal,1,57.537279,47.93695,1.20027,0.17802,0.0,,0.17802,0.189187,3,0,0
n_tsk\set50\n_tsk_5.py,n_tsk,50,n_tsk,5,2,5,5,0.5,0.5,0.7,0.6,1.0,0.5,48.300002,40,15,46.000003,69.000002,23.009093,1,1,1050,0,greedy_sps_baseline,solved,1,8.37532,48.231578,0.173648,0.00257,,,0.00257,0.002934,3,0,0
n_tsk\set51\n_tsk_3.py,n_tsk,51,n_tsk,3,2,3,5,0.5,0.5,0.7,0.6,1.0,0.5,48.3,40,7,46.0,69.0,22.0,1,1,1051,0,ilp_v2,optimal,1,42.864316,48.293196,0.887585,0.101834,0.0,,0.101834,0.104775,3,0,0
n_tsk\set51\n_tsk_3.py,n_tsk,51,n_tsk,3,2,3,5,0.5,0.5,0.7,0.6,1.0,0.5,48.3,40,7,46.0,69.0,22.0,1,1,1051,0,ilp_v3,optimal,1,57.105259,48.08145,1.187678,0.013894,0.0,,0.013894,0.014246,3,0,0
n_tsk\set51\n_tsk_3.py,n_tsk,51,n_tsk,3,2,3,5,0.5,0.5,0.7,0.6,1.0,0.5,48.3,40,7,46.0,69.0,22.0,1,1,1051,0,ilp_v4,optimal,1,67.846444,47.998464,1.413513,0.036421,0.0,,0.036421,0.038675,3,0,0
n_tsk\set51\n_tsk_3.py,n_tsk,51,n_tsk,3,2,3,5,0.5,0.5,0.7,0.6,1.0,0.5,48.3,40,7,46.0,69.0,22.0,1,1,1051,0,greedy_sps_baseline,solved,1,9.110359,48.288698,0.188664,0.00066,,,0.00066,0.001211,3,0,0
n_tsk\set51\n_tsk_4.py,n_tsk,51,n_tsk,4,2,4,5,0.5,0.5,0.7,0.6,1.0,0.5,48.300002,40,9,46.000001,69.000002,22.000001,1,1,1051,0,ilp_v2,optimal,1,44.546607,48.230557,0.923618,0.031018,0.0,,0.031018,0.032896,3,0,0
n_tsk\set51\n_tsk_4.py,n_tsk,51,n_tsk,4,2,4,5,0.5,0.5,0.7,0.6,1.0,0.5,48.300002,40,9,46.000001,69.000002,22.000001,1,1,1051,0,ilp_v3,optimal,1,55.56612,48.298115,1.150482,0.019671,0.0,,0.019671,0.020332,3,0,0
n_tsk\set51\n_tsk_4.py,n_tsk,51,n_tsk,4,2,4,5,0.5,0.5,0.7,0.6,1.0,0.5,48.300002,40,9,46.000001,69.000002,22.000001,1,1,1051,0,ilp_v4,optimal,1,51.349931,48.178236,1.065833,0.057362,0.0,,0.057362,0.06186,3,0,0
n_tsk\set51\n_tsk_4.py,n_tsk,51,n_tsk,4,2,4,5,0.5,0.5,0.7,0.6,1.0,0.5,48.300002,40,9,46.000001,69.000002,22.000001,1,1,1051,0,greedy_sps_baseline,solved,1,9.071425,48.234344,0.18807,0.001379,,,0.001379,0.001521,3,0,0
n_tsk\set51\n_tsk_5.py,n_tsk,51,n_tsk,5,2,5,5,0.5,0.5,0.7,0.6,1.0,0.5,48.300002,40,11,45.999998,69.000002,21.999999,1,1,1051,0,ilp_v2,optimal,1,50.981086,48.123795,1.059374,0.017019,0.0,,0.017019,0.019741,3,0,0
n_tsk\set51\n_tsk_5.py,n_tsk,51,n_tsk,5,2,5,5,0.5,0.5,0.7,0.6,1.0,0.5,48.300002,40,11,45.999998,69.000002,21.999999,1,1,1051,0,ilp_v3,optimal,1,50.741459,48.193297,1.052874,0.077562,0.0,,0.077562,0.087363,3,0,0
n_tsk\set51\n_tsk_5.py,n_tsk,51,n_tsk,5,2,5,5,0.5,0.5,0.7,0.6,1.0,0.5,48.300002,40,11,45.999998,69.000002,21.999999,1,1,1051,0,ilp_v4,optimal,1,50.739309,47.889116,1.059517,0.099274,0.0,,0.099274,0.101649,3,0,0
n_tsk\set51\n_tsk_5.py,n_tsk,51,n_tsk,5,2,5,5,0.5,0.5,0.7,0.6,1.0,0.5,48.300002,40,11,45.999998,69.000002,21.999999,1,1,1051,0,greedy_sps_baseline,solved,1,6.253919,48.263866,0.129578,0.000965,,,0.000965,0.001674,3,0,0
n_tsk\set52\n_tsk_3.py,n_tsk,52,n_tsk,3,2,3,5,0.5,0.5,0.7,0.6,1.0,0.5,48.3,40,7,45.999999,69.0,21.399999,1,1,1052,0,ilp_v2,optimal,1,52.02639,48.097651,1.081683,0.014935,0.0,,0.014935,0.01853,3,0,0
n_tsk\set52\n_tsk_3.py,n_tsk,52,n_tsk,3,2,3,5,0.5,0.5,0.7,0.6,1.0,0.5,48.3,40,7,45.999999,69.0,21.399999,1,1,1052,0,ilp_v3,optimal,1,41.748209,48.281368,0.864686,0.066759,0.0,,0.066759,0.075283,3,0,0
n_tsk\set52\n_tsk_3.py,n_tsk,52,n_tsk,3,2,3,5,0.5,0.5,0.7,0.6,1.0,0.5,48.3,40,7,45.999999,69.0,21.399999,1,1,1052,0,ilp_v4,optimal,1,53.644529,47.325708,1.133518,0.030365,0.0,,0.030365,0.032542,3,0,0
n_tsk\set52\n_tsk_3.py,n_tsk,52,n_tsk,3,2,3,5,0.5,0.5,0.7,0.6,1.0,0.5,48.3,40,7,45.999999,69.0,21.399999,1,1,1052,0,greedy_sps_baseline,solved,1,5.933186,48.193864,0.123111,0.000642,,,0.000642,0.000827,3,0,0
n_tsk\set52\n_tsk_4.py,n_tsk,52,n_tsk,4,2,4,5,0.5,0.5,0.7,0.6,1.0,0.5,48.3,40,9,46.000001,69.0,21.400001,1,1,1052,0,ilp_v2,optimal,1,72.207277,48.236399,1.496946,0.011536,0.0,,0.011536,0.013309,3,0,0
n_tsk\set52\n_tsk_4.py,n_tsk,52,n_tsk,4,2,4,5,0.5,0.5,0.7,0.6,1.0,0.5,48.3,40,9,46.000001,69.0,21.400001,1,1,1052,0,ilp_v3,optimal,1,74.381592,48.147906,1.544856,0.023581,0.0,,0.023581,0.031903,3,0,0
n_tsk\set52\n_tsk_4.py,n_tsk,52,n_tsk,4,2,4,5,0.5,0.5,0.7,0.6,1.0,0.5,48.3,40,9,46.000001,69.0,21.400001,1,1,1052,0,ilp_v4,optimal,1,76.900467,48.244708,1.593967,0.046756,0.0,,0.046756,0.054078,3,0,0
n_tsk\set52\n_tsk_4.py,n_tsk,52,n_tsk,4,2,4,5,0.5,0.5,0.7,0.6,1.0,0.5,48.3,40,9,46.000001,69.0,21.400001,1,1,1052,0,greedy_sps_baseline,solved,1,6.809554,48.129618,0.141484,0.000755,,,0.000755,0.001143,3,0,0
n_tsk\set52\n_tsk_5.py,n_tsk,52,n_tsk,5,2,5,5,0.5,0.5,0.7,0.6,1.0,0.5,48.299999,40,11,45.999997,68.999999,21.399998,1,1,1052,0,ilp_v2,optimal,1,43.163716,48.214774,0.895238,0.082701,0.0,,0.082701,0.086836,3,0,0
n_tsk\set52\n_tsk_5.py,n_tsk,52,n_tsk,5,2,5,5,0.5,0.5,0.7,0.6,1.0,0.5,48.299999,40,11,45.999997,68.999999,21.399998,1,1,1052,0,ilp_v3,optimal,1,43.163716,48.214774,0.895238,0.079817,0.0,,0.079817,0.084891,3,0,0
n_tsk\set52\n_tsk_5.py,n_tsk,52,n_tsk,5,2,5,5,0.5,0.5,0.7,0.6,1.0,0.5,48.299999,40,11,45.999997,68.999999,21.399998,1,1,1052,0,ilp_v4,optimal,1,45.499293,47.335086,0.961217,0.053254,0.0,,0.053254,0.063568,3,0,0
n_tsk\set52\n_tsk_5.py,n_tsk,52,n_tsk,5,2,5,5,0.5,0.5,0.7,0.6,1.0,0.5,48.299999,40,11,45.999997,68.999999,21.399998,1,1,1052,0,greedy_sps_baseline,solved,1,8.24873,48.263694,0.17091,0.000751,,,0.000751,0.001176,3,0,0
n_tsk\set53\n_tsk_3.py,n_tsk,53,n_tsk,3,2,3,5,0.5,0.5,0.7,0.6,1.0,0.5,48.300001,40,7,46.000001,69.000001,23.009091,1,1,1053,0,ilp_v2,optimal,1,28.809786,41.937531,0.686969,0.005738,0.0,,0.005738,0.006247,3,0,0
n_tsk\set53\n_tsk_3.py,n_tsk,53,n_tsk,3,2,3,5,0.5,0.5,0.7,0.6,1.0,0.5,48.300001,40,7,46.000001,69.000001,23.009091,1,1,1053,0,ilp_v3,optimal,1,28.809786,41.937531,0.686969,0.005163,0.0,,0.005163,0.007063,3,0,0
n_tsk\set53\n_tsk_3.py,n_tsk,53,n_tsk,3,2,3,5,0.5,0.5,0.7,0.6,1.0,0.5,48.300001,40,7,46.000001,69.000001,23.009091,1,1,1053,0,ilp_v4,optimal,1,58.692587,48.225098,1.217055,0.014049,0.0,,0.014049,0.015452,3,0,0
n_tsk\set53\n_tsk_3.py,n_tsk,53,n_tsk,3,2,3,5,0.5,0.5,0.7,0.6,1.0,0.5,48.300001,40,7,46.000001,69.000001,23.009091,1,1,1053,0,greedy_sps_baseline,solved,1,1.546187,47.618088,0.032471,0.000426,,,0.000426,0.000538,3,0,0
n_tsk\set53\n_tsk_4.py,n_tsk,53,n_tsk,4,2,4,5,0.5,0.5,0.7,0.6,1.0,0.5,48.300008,40,8,46.000002,69.000011,23.009092,1,1,1053,0,ilp_v2,optimal,1,58.388547,48.172352,1.212076,0.027656,0.0,,0.027656,0.031301,3,0,0
n_tsk\set53\n_tsk_4.py,n_tsk,53,n_tsk,4,2,4,5,0.5,0.5,0.7,0.6,1.0,0.5,48.300008,40,8,46.000002,69.000011,23.009092,1,1,1053,0,ilp_v3,optimal,1,70.796698,48.270819,1.466656,0.071816,0.0,,0.071816,0.10014,3,0,0
n_tsk\set53\n_tsk_4.py,n_tsk,53,n_tsk,4,2,4,5,0.5,0.5,0.7,0.6,1.0,0.5,48.300008,40,8,46.000002,69.000011,23.009092,1,1,1053,0,ilp_v4,optimal,1,82.261481,48.100233,1.71021,0.03581,0.0,,0.03581,0.03755,3,0,0
n_tsk\set53\n_tsk_4.py,n_tsk,53,n_tsk,4,2,4,5,0.5,0.5,0.7,0.6,1.0,0.5,48.300008,40,8,46.000002,69.000011,23.009092,1,1,1053,0,greedy_sps_baseline,solved,1,9.545194,48.263202,0.197774,0.000936,,,0.000936,0.001121,3,0,0
n_tsk\set53\n_tsk_5.py,n_tsk,53,n_tsk,5,2,5,5,0.5,0.5,0.7,0.6,1.0,0.5,48.299998,40,9,45.999998,68.999998,23.00909,1,1,1053,0,ilp_v2,optimal,1,64.005196,48.223598,1.327259,0.023824,0.0,,0.023824,0.034888,3,0,0
n_tsk\set53\n_tsk_5.py,n_tsk,53,n_tsk,5,2,5,5,0.5,0.5,0.7,0.6,1.0,0.5,48.299998,40,9,45.999998,68.999998,23.00909,1,1,1053,0,ilp_v3,optimal,1,66.7765,47.859658,1.395257,0.018494,0.0,,0.018494,0.022025,3,0,0
n_tsk\set53\n_tsk_5.py,n_tsk,53,n_tsk,5,2,5,5,0.5,0.5,0.7,0.6,1.0,0.5,48.299998,40,9,45.999998,68.999998,23.00909,1,1,1053,0,ilp_v4,optimal,1,66.7765,48.1416,1.387085,0.043214,0.0,,0.043214,0.051341,3,0,0
n_tsk\set53\n_tsk_5.py,n_tsk,53,n_tsk,5,2,5,5,0.5,0.5,0.7,0.6,1.0,0.5,48.299998,40,9,45.999998,68.999998,23.00909,1,1,1053,0,greedy_sps_baseline,solved,1,8.897999,48.287175,0.184273,0.001043,,,0.001043,0.001404,3,0,0
n_tsk\set54\n_tsk_3.py,n_tsk,54,n_tsk,3,2,3,5,0.5,0.5,0.7,0.6,1.0,0.5,48.300001,40,7,46.000001,69.000001,22.042858,1,1,1054,0,ilp_v2,optimal,1,28.26091,48.272825,0.585441,0.02072,0.0,,0.02072,0.023256,3,0,0
n_tsk\set54\n_tsk_3.py,n_tsk,54,n_tsk,3,2,3,5,0.5,0.5,0.7,0.6,1.0,0.5,48.300001,40,7,46.000001,69.000001,22.042858,1,1,1054,0,ilp_v3,optimal,1,41.36031,48.202605,0.858051,0.019435,0.0,,0.019435,0.02018,3,0,0
n_tsk\set54\n_tsk_3.py,n_tsk,54,n_tsk,3,2,3,5,0.5,0.5,0.7,0.6,1.0,0.5,48.300001,40,7,46.000001,69.000001,22.042858,1,1,1054,0,ilp_v4,optimal,1,54.409593,48.053455,1.132272,0.041163,0.0,,0.041163,0.045886,3,0,0
n_tsk\set54\n_tsk_3.py,n_tsk,54,n_tsk,3,2,3,5,0.5,0.5,0.7,0.6,1.0,0.5,48.300001,40,7,46.000001,69.000001,22.042858,1,1,1054,0,greedy_sps_baseline,solved,1,4.945036,48.182278,0.102632,0.001002,,,0.001002,0.0012,3,0,0
n_tsk\set54\n_tsk_4.py,n_tsk,54,n_tsk,4,2,4,5,0.5,0.5,0.7,0.6,1.0,0.5,48.300003,40,11,46.000001,69.000005,22.042858,1,1,1054,0,ilp_v2,optimal,1,64.461097,48.272287,1.335364,0.015755,0.0,,0.015755,0.017036,3,0,0
n_tsk\set54\n_tsk_4.py,n_tsk,54,n_tsk,4,2,4,5,0.5,0.5,0.7,0.6,1.0,0.5,48.300003,40,11,46.000001,69.000005,22.042858,1,1,1054,0,ilp_v3,optimal,1,59.113456,48.283526,1.224299,0.143117,0.0,,0.143117,0.149484,3,0,0
n_tsk\set54\n_tsk_4.py,n_tsk,54,n_tsk,4,2,4,5,0.5,0.5,0.7,0.6,1.0,0.5,48.300003,40,11,46.000001,69.000005,22.042858,1,1,1054,0,ilp_v4,optimal,1,63.43046,48.294555,1.313408,0.083912,0.0,,0.083912,0.097647,3,0,0
n_tsk\set54\n_tsk_4.py,n_tsk,54,n_tsk,4,2,4,5,0.5,0.5,0.7,0.6,1.0,0.5,48.300003,40,11,46.000001,69.000005,22.042858,1,1,1054,0,greedy_sps_baseline,solved,1,7.838211,48.266177,0.162396,0.001873,,,0.001873,0.00222,3,0,0
n_tsk\set54\n_tsk_5.py,n_tsk,54,n_tsk,5,2,5,5,0.5,0.5,0.7,0.6,1.0,0.5,48.300001,40,13,45.999999,69.000001,22.042857,1,1,1054,0,ilp_v2,optimal,1,45.472669,48.262026,0.942204,0.035459,0.0,,0.035459,0.037752,3,0,0
n_tsk\set54\n_tsk_5.py,n_tsk,54,n_tsk,5,2,5,5,0.5,0.5,0.7,0.6,1.0,0.5,48.300001,40,13,45.999999,69.000001,22.042857,1,1,1054,0,ilp_v3,optimal,1,64.925666,48.292099,1.344437,0.025684,0.0,,0.025684,0.027464,3,0,0
n_tsk\set54\n_tsk_5.py,n_tsk,54,n_tsk,5,2,5,5,0.5,0.5,0.7,0.6,1.0,0.5,48.300001,40,13,45.999999,69.000001,22.042857,1,1,1054,0,ilp_v4,optimal,1,67.31343,47.808605,1.407977,0.088452,0.0,,0.088452,0.095916,3,0,0
n_tsk\set54\n_tsk_5.py,n_tsk,54,n_tsk,5,2,5,5,0.5,0.5,0.7,0.6,1.0,0.5,48.300001,40,13,45.999999,69.000001,22.042857,1,1,1054,0,greedy_sps_baseline,solved,1,9.471149,48.28077,0.196168,0.002125,,,0.002125,0.002244,3,0,0
n_tsk\set55\n_tsk_3.py,n_tsk,55,n_tsk,3,2,3,5,0.5,0.5,0.7,0.6,1.0,0.5,48.300006,40,7,46.0,69.000008,22.042857,1,1,1055,0,ilp_v2,optimal,1,76.795581,48.254917,1.591456,0.013555,0.0,,0.013555,0.014284,3,0,0
n_tsk\set55\n_tsk_3.py,n_tsk,55,n_tsk,3,2,3,5,0.5,0.5,0.7,0.6,1.0,0.5,48.300006,40,7,46.0,69.000008,22.042857,1,1,1055,0,ilp_v3,optimal,1,60.099117,48.298816,1.244319,0.019288,0.0,,0.019288,0.020727,3,0,0
n_tsk\set55\n_tsk_3.py,n_tsk,55,n_tsk,3,2,3,5,0.5,0.5,0.7,0.6,1.0,0.5,48.300006,40,7,46.0,69.000008,22.042857,1,1,1055,0,ilp_v4,optimal,1,86.929473,48.292354,1.800067,0.036564,0.0,,0.036564,0.039507,3,0,0
n_tsk\set55\n_tsk_3.py,n_tsk,55,n_tsk,3,2,3,5,0.5,0.5,0.7,0.6,1.0,0.5,48.300006,40,7,46.0,69.000008,22.042857,1,1,1055,0,greedy_sps_baseline,solved,1,8.454663,48.154221,0.175575,0.001598,,,0.001598,0.001792,3,0,0
n_tsk\set55\n_tsk_4.py,n_tsk,55,n_tsk,4,2,4,5,0.5,0.5,0.7,0.6,1.0,0.5,48.3,40,9,46.000001,69.0,22.042858,1,1,1055,0,ilp_v2,optimal,1,49.921776,48.093404,1.038017,0.025997,0.0,,0.025997,0.034167,3,0,0
n_tsk\set55\n_tsk_4.py,n_tsk,55,n_tsk,4,2,4,5,0.5,0.5,0.7,0.6,1.0,0.5,48.3,40,9,46.000001,69.0,22.042858,1,1,1055,0,ilp_v3,optimal,1,49.921776,48.093404,1.038017,0.026887,0.0,,0.026887,0.027699,3,0,0
n_tsk\set55\n_tsk_4.py,n_tsk,55,n_tsk,4,2,4,5,0.5,0.5,0.7,0.6,1.0,0.5,48.3,40,9,46.000001,69.0,22.042858,1,1,1055,0,ilp_v4,optimal,1,52.607694,48.286789,1.089484,0.043675,0.0,,0.043675,0.047342,3,0,0
n_tsk\set55\n_tsk_4.py,n_tsk,55,n_tsk,4,2,4,5,0.5,0.5,0.7,0.6,1.0,0.5,48.3,40,9,46.000001,69.0,22.042858,1,1,1055,0,greedy_sps_baseline,solved,1,5.43567,48.12012,0.11296,0.001122,,,0.001122,0.001207,3,0,0
n_tsk\set55\n_tsk_5.py,n_tsk,55,n_tsk,5,2,5,5,0.5,0.5,0.7,0.6,1.0,0.5,48.300002,40,11,45.999999,69.000003,22.042857,1,1,1055,0,ilp_v2,optimal,1,77.096587,48.237891,1.598258,0.032484,0.0,,0.032484,0.035367,3,0,0
n_tsk\set55\n_tsk_5.py,n_tsk,55,n_tsk,5,2,5,5,0.5,0.5,0.7,0.6,1.0,0.5,48.300002,40,11,45.999999,69.000003,22.042857,1,1,1055,0,ilp_v3,optimal,1,73.397025,48.291754,1.519867,0.051531,0.0,,0.051531,0.055609,3,0,0
n_tsk\set55\n_tsk_5.py,n_tsk,55,n_tsk,5,2,5,5,0.5,0.5,0.7,0.6,1.0,0.5,48.300002,40,11,45.999999,69.000003,22.042857,1,1,1055,0,ilp_v4,optimal,1,80.048325,47.483327,1.68582,0.066422,0.0,,0.066422,0.080048,3,0,0
n_tsk\set55\n_tsk_5.py,n_tsk,55,n_tsk,5,2,5,5,0.5,0.5,0.7,0.6,1.0,0.5,48.300002,40,11,45.999999,69.000003,22.042857,1,1,1055,0,greedy_sps_baseline,solved,1,9.59449,48.283598,0.198711,0.001089,,,0.001089,0.001226,3,0,0
n_tsk\set56\n_tsk_3.py,n_tsk,56,n_tsk,3,2,3,5,0.5,0.5,0.7,0.6,1.0,0.5,48.300002,40,7,45.999999,69.000002,21.399999,1,1,1056,0,ilp_v2,optimal,1,49.262458,48.261745,1.020735,0.013718,0.0,,0.013718,0.015082,3,0,0
n_tsk\set56\n_tsk_3.py,n_tsk,56,n_tsk,3,2,3,5,0.5,0.5,0.7,0.6,1.0,0.5,48.300002,40,7,45.999999,69.000002,21.399999,1,1,1056,0,ilp_v3,optimal,1,46.225088,48.159925,0.959825,0.013571,0.0,,0.013571,0.014109,3,0,0
n_tsk\set56\n_tsk_3.py,n_tsk,56,n_tsk,3,2,3,5,0.5,0.5,0.7,0.6,1.0,0.5,48.300002,40,7,45.999999,69.000002,21.399999,1,1,1056,0,ilp_v4,optimal,1,49.905632,48.227849,1.034789,0.037545,0.0,,0.037545,0.042022,3,0,0
n_tsk\set56\n_tsk_3.py,n_tsk,56,n_tsk,3,2,3,5,0.5,0.5,0.7,0.6,1.0,0.5,48.300002,40,7,45.999999,69.000002,21.399999,1,1,1056,0,greedy_sps_baseline,solved,1,7.103287,48.253164,0.147209,0.000868,,,0.000868,0.001007,3,0,0
n_tsk\set56\n_tsk_4.py,n_tsk,56,n_tsk,4,2,4,5,0.5,0.5,0.7,0.6,1.0,0.5,48.300002,40,9,46.0,69.000003,21.4,1,1,1056,0,ilp_v2,optimal,1,30.636024,48.225874,0.635261,0.022184,0.0,,0.022184,0.023471,3,0,0
n_tsk\set56\n_tsk_4.py,n_tsk,56,n_tsk,4,2,4,5,0.5,0.5,0.7,0.6,1.0,0.5,48.300002,40,9,46.0,69.000003,21.4,1,1,1056,0,ilp_v3,optimal,1,13.649366,46.567653,0.293108,0.007165,0.0,,0.007165,0.007395,3,0,0
n_tsk\set56\n_tsk_4.py,n_tsk,56,n_tsk,4,2,4,5,0.5,0.5,0.7,0.6,1.0,0.5,48.300002,40,9,46.0,69.000003,21.4,1,1,1056,0,ilp_v4,optimal,1,30.636024,48.225874,0.635261,0.037855,0.0,,0.037855,0.042655,3,0,0
n_tsk\set56\n_tsk_4.py,n_tsk,56,n_tsk,4,2,4,5,0.5,0.5,0.7,0.6,1.0,0.5,48.300002,40,9,46.0,69.000003,21.4,1,1,1056,0,greedy_sps_baseline,solved,1,5.465006,48.205487,0.113369,0.001396,,,0.001396,0.001518,3,0,0
n_tsk\set56\n_tsk_5.py,n_tsk,56,n_tsk,5,2,5,5,0.5,0.5,0.7,0.6,1.0,0.5,48.300001,40,10,45.999999,69.000001,21.399999,1,1,1056,0,ilp_v2,optimal,1,27.887173,48.11774,0.579561,0.024542,0.0,,0.024542,0.027835,3,0,0
n_tsk\set56\n_tsk_5.py,n_tsk,56,n_tsk,5,2,5,5,0.5,0.5,0.7,0.6,1.0,0.5,48.300001,40,10,45.999999,69.000001,21.399999,1,1,1056,0,ilp_v3,optimal,1,27.887173,48.11774,0.579561,0.024088,0.0,,0.024088,0.028588,3,0,0
n_tsk\set56\n_tsk_5.py,n_tsk,56,n_tsk,5,2,5,5,0.5,0.5,0.7,0.6,1.0,0.5,48.300001,40,10,45.999999,69.000001,21.399999,1,1,1056,0,ilp_v4,optimal,1,27.887173,48.11774,0.579561,0.053108,0.0,,0.053108,0.054132,3,0,0
n_tsk\set56\n_tsk_5.py,n_tsk,56,n_tsk,5,2,5,5,0.5,0.5,0.7,0.6,1.0,0.5,48.300001,40,10,45.999999,69.000001,21.399999,1,1,1056,0,greedy_sps_baseline,solved,1,4.360933,48.224274,0.09043,0.001478,,,0.001478,0.001704,3,0,0
n_tsk\set57\n_tsk_3.py,n_tsk,57,n_tsk,3,2,3,5,0.5,0.5,0.7,0.6,1.0,0.5,48.300001,40,7,46.0,69.000001,21.4,1,1,1057,0,ilp_v2,optimal,1,27.201794,47.273068,0.575418,0.059945,0.0,,0.059945,0.063441,3,0,0
n_tsk\set57\n_tsk_3.py,n_tsk,57,n_tsk,3,2,3,5,0.5,0.5,0.7,0.6,1.0,0.5,48.300001,40,7,46.0,69.000001,21.4,1,1,1057,0,ilp_v3,optimal,1,26.848329,47.33379,0.567213,0.054533,0.0,,0.054533,0.071771,3,0,0
n_tsk\set57\n_tsk_3.py,n_tsk,57,n_tsk,3,2,3,5,0.5,0.5,0.7,0.6,1.0,0.5,48.300001,40,7,46.0,69.000001,21.4,1,1,1057,0,ilp_v4,optimal,1,30.00393,48.12313,0.623483,0.06171,0.0,,0.06171,0.074273,3,0,0
n_tsk\set57\n_tsk_3.py,n_tsk,57,n_tsk,3,2,3,5,0.5,0.5,0.7,0.6,1.0,0.5,48.300001,40,7,46.0,69.000001,21.4,1,1,1057,0,greedy_sps_baseline,solved,1,5.601374,47.981374,0.116741,0.001264,,,0.001264,0.001484,3,0,0
n_tsk\set57\n_tsk_4.py,n_tsk,57,n_tsk,4,2,4,5,0.5,0.5,0.7,0.6,1.0,0.5,48.300001,40,11,46.000002,69.000001,21.400001,1,1,1057,0,ilp_v2,optimal,1,49.215424,48.299806,1.018957,0.028864,6e-05,,0.028864,0.031235,3,0,0
n_tsk\set57\n_tsk_4.py,n_tsk,57,n_tsk,4,2,4,5,0.5,0.5,0.7,0.6,1.0,0.5,48.300001,40,11,46.000002,69.000001,21.400001,1,1,1057,0,ilp_v3,optimal,1,43.178407,48.294325,0.894068,0.03182,0.0,,0.03182,0.036512,3,0,0
n_tsk\set57\n_tsk_4.py,n_tsk,57,n_tsk,4,2,4,5,0.5,0.5,0.7,0.6,1.0,0.5,48.300001,40,11,46.000002,69.000001,21.400001,1,1,1057,0,ilp_v4,optimal,1,51.576203,48.155205,1.071041,0.176896,0.0,,0.176896,0.182631,3,0,0
n_tsk\set57\n_tsk_4.py,n_tsk,57,n_tsk,4,2,4,5,0.5,0.5,0.7,0.6,1.0,0.5,48.300001,40,11,46.000002,69.000001,21.400001,1,1,1057,0,greedy_sps_baseline,solved,1,8.127074,48.291733,0.168291,0.001124,,,0.001124,0.001167,3,0,0
n_tsk\set57\n_tsk_5.py,n_tsk,57,n_tsk,5,2,5,5,0.5,0.5,0.7,0.6,1.0,0.5,48.299999,40,15,46.0,68.999999,21.4,1,1,1057,0,ilp_v2,optimal,1,66.522,48.218527,1.379594,0.041661,0.0,,0.041661,0.046529,3,0,0
n_tsk\set57\n_tsk_5.py,n_tsk,57,n_tsk,5,2,5,5,0.5,0.5,0.7,0.6,1.0,0.5,48.299999,40,15,46.0,68.999999,21.4,1,1,1057,0,ilp_v3,optimal,1,64.345099,48.21542,1.334534,0.029388,0.0,,0.029388,0.030671,3,0,0
n_tsk\set57\n_tsk_5.py,n_tsk,57,n_tsk,5,2,5,5,0.5,0.5,0.7,0.6,1.0,0.5,48.299999,40,15,46.0,68.999999,21.4,1,1,1057,0,ilp_v4,optimal,1,66.522,48.238079,1.379035,0.107011,0.0,,0.107011,0.109036,3,0,0
n_tsk\set57\n_tsk_5.py,n_tsk,57,n_tsk,5,2,5,5,0.5,0.5,0.7,0.6,1.0,0.5,48.299999,40,15,46.0,68.999999,21.4,1,1,1057,0,greedy_sps_baseline,solved,1,8.871531,48.115072,0.184382,0.002358,,,0.002358,0.002631,3,0,0
n_tsk\set58\n_tsk_3.py,n_tsk,58,n_tsk,3,2,3,5,0.5,0.5,0.7,0.6,1.0,0.5,48.300002,40,7,45.999999,69.000002,21.399999,1,1,1058,0,ilp_v2,optimal,1,23.261082,48.253883,0.482056,0.03706,0.0,,0.03706,0.041633,3,0,0
n_tsk\set58\n_tsk_3.py,n_tsk,58,n_tsk,3,2,3,5,0.5,0.5,0.7,0.6,1.0,0.5,48.300002,40,7,45.999999,69.000002,21.399999,1,1,1058,0,ilp_v3,optimal,1,17.030559,48.006736,0.354754,0.021145,0.0,,0.021145,0.02387,3,0,0
n_tsk\set58\n_tsk_3.py,n_tsk,58,n_tsk,3,2,3,5,0.5,0.5,0.7,0.6,1.0,0.5,48.300002,40,7,45.999999,69.000002,21.399999,1,1,1058,0,ilp_v4,optimal,1,22.357974,45.401287,0.492452,0.029504,0.0,,0.029504,0.040234,3,0,0
n_tsk\set58\n_tsk_3.py,n_tsk,58,n_tsk,3,2,3,5,0.5,0.5,0.7,0.6,1.0,0.5,48.300002,40,7,45.999999,69.000002,21.399999,1,1,1058,0,greedy_sps_baseline,solved,1,4.17181,48.076441,0.086775,0.000756,,,0.000756,0.001427,3,0,0
n_tsk\set58\n_tsk_4.py,n_tsk,58,n_tsk,4,2,4,5,0.5,0.5,0.7,0.6,1.0,0.5,48.300003,40,11,46.000001,69.000005,21.400001,1,1,1058,0,ilp_v2,optimal,1,38.342791,48.294671,0.793934,0.154037,0.0,,0.154037,0.20232,3,0,0
n_tsk\set58\n_tsk_4.py,n_tsk,58,n_tsk,4,2,4,5,0.5,0.5,0.7,0.6,1.0,0.5,48.300003,40,11,46.000001,69.000005,21.400001,1,1,1058,0,ilp_v3,optimal,1,34.926418,48.277148,0.723457,0.103044,0.0,,0.103044,0.107264,3,0,0
n_tsk\set58\n_tsk_4.py,n_tsk,58,n_tsk,4,2,4,5,0.5,0.5,0.7,0.6,1.0,0.5,48.300003,40,11,46.000001,69.000005,21.400001,1,1,1058,0,ilp_v4,optimal,1,43.038188,48.299573,0.891068,0.176792,0.0,,0.176792,0.201356,3,0,0
n_tsk\set58\n_tsk_4.py,n_tsk,58,n_tsk,4,2,4,5,0.5,0.5,0.7,0.6,1.0,0.5,48.300003,40,11,46.000001,69.000005,21.400001,1,1,1058,0,greedy_sps_baseline,solved,1,7.104139,48.259059,0.147208,0.00361,,,0.00361,0.003746,3,0,0
n_tsk\set58\n_tsk_5.py,n_tsk,58,n_tsk,5,2,5,5,0.5,0.5,0.7,0.6,1.0,0.5,48.3,40,15,46.000001,69.0,21.400001,1,1,1058,0,ilp_v2,optimal,1,29.272527,48.260428,0.606553,0.161955,0.0,,0.161955,0.242438,3,0,0
n_tsk\set58\n_tsk_5.py,n_tsk,58,n_tsk,5,2,5,5,0.5,0.5,0.7,0.6,1.0,0.5,48.3,40,15,46.000001,69.0,21.400001,1,1,1058,0,ilp_v3,optimal,1,32.551912,48.28531,0.674158,0.328625,0.0,,0.328625,0.392968,3,0,0
n_tsk\set58\n_tsk_5.py,n_tsk,58,n_tsk,5,2,5,5,0.5,0.5,0.7,0.6,1.0,0.5,48.3,40,15,46.000001,69.0,21.400001,1,1,1058,0,ilp_v4,optimal,1,32.165697,48.291231,0.666077,1.559221,0.0,,1.559221,1.581728,3,0,0
n_tsk\set58\n_tsk_5.py,n_tsk,58,n_tsk,5,2,5,5,0.5,0.5,0.7,0.6,1.0,0.5,48.3,40,15,46.000001,69.0,21.400001,1,1,1058,0,greedy_sps_baseline,solved,1,5.967493,48.268301,0.123632,0.010081,,,0.010081,0.016365,3,0,0
n_tsk\set59\n_tsk_3.py,n_tsk,59,n_tsk,3,2,3,5,0.5,0.5,0.7,0.6,1.0,0.5,48.300001,40,7,46.000001,69.000001,21.433334,1,1,1059,0,ilp_v2,optimal,1,35.42818,48.227654,0.734603,0.014472,0.0,,0.014472,0.019005,3,0,0
n_tsk\set59\n_tsk_3.py,n_tsk,59,n_tsk,3,2,3,5,0.5,0.5,0.7,0.6,1.0,0.5,48.300001,40,7,46.000001,69.000001,21.433334,1,1,1059,0,ilp_v3,optimal,1,27.584036,48.198998,0.572295,0.01671,0.0,,0.01671,0.017941,3,0,0
n_tsk\set59\n_tsk_3.py,n_tsk,59,n_tsk,3,2,3,5,0.5,0.5,0.7,0.6,1.0,0.5,48.300001,40,7,46.000001,69.000001,21.433334,1,1,1059,0,ilp_v4,optimal,1,41.502363,46.155764,0.899181,0.019347,0.0,,0.019347,0.030681,3,0,0
n_tsk\set59\n_tsk_3.py,n_tsk,59,n_tsk,3,2,3,5,0.5,0.5,0.7,0.6,1.0,0.5,48.300001,40,7,46.000001,69.000001,21.433334,1,1,1059,0,greedy_sps_baseline,solved,1,5.304519,48.090956,0.110302,0.000485,,,0.000485,0.000646,3,0,0
n_tsk\set59\n_tsk_4.py,n_tsk,59,n_tsk,4,2,4,5,0.5,0.5,0.7,0.6,1.0,0.5,48.3,40,9,46.000001,69.0,21.433334,1,1,1059,0,ilp_v2,optimal,1,44.221133,48.109081,0.919185,0.066983,0.0,,0.066983,0.070842,3,0,0
n_tsk\set59\n_tsk_4.py,n_tsk,59,n_tsk,4,2,4,5,0.5,0.5,0.7,0.6,1.0,0.5,48.3,40,9,46.000001,69.0,21.433334,1,1,1059,0,ilp_v3,optimal,1,45.965136,48.254454,0.952557,0.026895,8.2e-05,,0.026895,0.029629,3,0,0
n_tsk\set59\n_tsk_4.py,n_tsk,59,n_tsk,4,2,4,5,0.5,0.5,0.7,0.6,1.0,0.5,48.3,40,9,46.000001,69.0,21.433334,1,1,1059,0,ilp_v4,optimal,1,48.312124,48.149753,1.003372,0.121751,0.0,,0.121751,0.1301,3,0,0
n_tsk\set59\n_tsk_4.py,n_tsk,59,n_tsk,4,2,4,5,0.5,0.5,0.7,0.6,1.0,0.5,48.3,40,9,46.000001,69.0,21.433334,1,1,1059,0,greedy_sps_baseline,solved,1,8.518034,48.003589,0.177446,0.001604,,,0.001604,0.001724,3,0,0
n_tsk\set59\n_tsk_5.py,n_tsk,59,n_tsk,5,2,5,5,0.5,0.5,0.7,0.6,1.0,0.5,48.299995,40,10,45.999999,68.999993,21.433333,1,1,1059,0,ilp_v2,optimal,1,59.708604,48.294348,1.236348,0.011483,0.0,,0.011483,0.012136,3,0,0
n_tsk\set59\n_tsk_5.py,n_tsk,59,n_tsk,5,2,5,5,0.5,0.5,0.7,0.6,1.0,0.5,48.299995,40,10,45.999999,68.999993,21.433333,1,1,1059,0,ilp_v3,optimal,1,58.443818,47.462411,1.231371,0.0192,0.0,,0.0192,0.020113,3,0,0
n_tsk\set59\n_tsk_5.py,n_tsk,59,n_tsk,5,2,5,5,0.5,0.5,0.7,0.6,1.0,0.5,48.299995,40,10,45.999999,68.999993,21.433333,1,1,1059,0,ilp_v4,optimal,1,65.049411,47.085426,1.381519,0.055101,0.0,,0.055101,0.074805,3,0,0
n_tsk\set59\n_tsk_5.py,n_tsk,59,n_tsk,5,2,5,5,0.5,0.5,0.7,0.6,1.0,0.5,48.299995,40,10,45.999999,68.999993,21.433333,1,1,1059,0,greedy_sps_baseline,solved,1,7.264083,48.289814,0.150427,0.000834,,,0.000834,0.001109,3,0,0
n_tsk\set60\n_tsk_3.py,n_tsk,60,n_tsk,3,2,3,5,0.5,0.5,0.7,0.6,1.0,0.5,48.299999,40,7,46.0,68.999999,21.433333,1,1,1060,0,ilp_v2,optimal,1,62.369403,48.216111,1.293539,0.008295,0.0,,0.008295,0.011968,3,0,0
n_tsk\set60\n_tsk_3.py,n_tsk,60,n_tsk,3,2,3,5,0.5,0.5,0.7,0.6,1.0,0.5,48.299999,40,7,46.0,68.999999,21.433333,1,1,1060,0,ilp_v3,optimal,1,62.369403,48.216111,1.293539,0.007806,0.0,,0.007806,0.009377,3,0,0
n_tsk\set60\n_tsk_3.py,n_tsk,60,n_tsk,3,2,3,5,0.5,0.5,0.7,0.6,1.0,0.5,48.299999,40,7,46.0,68.999999,21.433333,1,1,1060,0,ilp_v4,optimal,1,62.369403,48.216111,1.293539,0.014486,0.0,,0.014486,0.016726,3,0,0
n_tsk\set60\n_tsk_3.py,n_tsk,60,n_tsk,3,2,3,5,0.5,0.5,0.7,0.6,1.0,0.5,48.299999,40,7,46.0,68.999999,21.433333,1,1,1060,0,greedy_sps_baseline,solved,1,8.567452,48.291668,0.177411,0.000393,,,0.000393,0.000688,3,0,0
n_tsk\set60\n_tsk_4.py,n_tsk,60,n_tsk,4,2,4,5,0.5,0.5,0.7,0.6,1.0,0.5,48.300003,40,11,46.0,69.000005,21.433333,1,1,1060,0,ilp_v2,optimal,1,87.266079,48.267287,1.807976,0.027835,0.0,,0.027835,0.03696,3,0,0
n_tsk\set60\n_tsk_4.py,n_tsk,60,n_tsk,4,2,4,5,0.5,0.5,0.7,0.6,1.0,0.5,48.300003,40,11,46.0,69.000005,21.433333,1,1,1060,0,ilp_v3,optimal,1,86.004956,48.29805,1.780713,0.030525,6e-05,,0.030525,0.033494,3,0,0
n_tsk\set60\n_tsk_4.py,n_tsk,60,n_tsk,4,2,4,5,0.5,0.5,0.7,0.6,1.0,0.5,48.300003,40,11,46.0,69.000005,21.433333,1,1,1060,0,ilp_v4,optimal,1,87.266079,48.267287,1.807976,0.070448,0.0,,0.070448,0.078125,3,0,0
n_tsk\set60\n_tsk_4.py,n_tsk,60,n_tsk,4,2,4,5,0.5,0.5,0.7,0.6,1.0,0.5,48.300003,40,11,46.0,69.000005,21.433333,1,1,1060,0,greedy_sps_baseline,solved,1,8.53328,48.289108,0.176712,0.001236,,,0.001236,0.001306,3,0,0
n_tsk\set60\n_tsk_5.py,n_tsk,60,n_tsk,5,2,5,5,0.5,0.5,0.7,0.6,1.0,0.5,48.299998,40,15,45.999999,68.999998,21.433333,1,1,1060,0,ilp_v2,optimal,1,46.856288,48.291028,0.97029,0.10526,0.0,,0.10526,0.117675,3,0,0
n_tsk\set60\n_tsk_5.py,n_tsk,60,n_tsk,5,2,5,5,0.5,0.5,0.7,0.6,1.0,0.5,48.299998,40,15,45.999999,68.999998,21.433333,1,1,1060,0,ilp_v3,optimal,1,45.086735,47.844212,0.942366,0.100909,0.0,,0.100909,0.106086,3,0,0
n_tsk\set60\n_tsk_5.py,n_tsk,60,n_tsk,5,2,5,5,0.5,0.5,0.7,0.6,1.0,0.5,48.299998,40,15,45.999999,68.999998,21.433333,1,1,1060,0,ilp_v4,optimal,1,47.991992,48.248475,0.994684,0.156914,0.0,,0.156914,0.188564,3,0,0
n_tsk\set60\n_tsk_5.py,n_tsk,60,n_tsk,5,2,5,5,0.5,0.5,0.7,0.6,1.0,0.5,48.299998,40,15,45.999999,68.999998,21.433333,1,1,1060,0,greedy_sps_baseline,solved,1,9.244372,48.255968,0.19157,0.004613,,,0.004613,0.007352,3,0,0
n_tsk\set61\n_tsk_3.py,n_tsk,61,n_tsk,3,2,3,5,0.5,0.5,0.7,0.6,1.0,0.5,48.299997,40,7,46.0,68.999995,21.4,1,1,1061,0,ilp_v2,optimal,1,47.515231,47.172025,1.007276,0.007933,0.0,,0.007933,0.010967,3,0,0
n_tsk\set61\n_tsk_3.py,n_tsk,61,n_tsk,3,2,3,5,0.5,0.5,0.7,0.6,1.0,0.5,48.299997,40,7,46.0,68.999995,21.4,1,1,1061,0,ilp_v3,optimal,1,44.267819,48.296767,0.916579,0.052335,0.0,,0.052335,0.059278,3,0,0
n_tsk\set61\n_tsk_3.py,n_tsk,61,n_tsk,3,2,3,5,0.5,0.5,0.7,0.6,1.0,0.5,48.299997,40,7,46.0,68.999995,21.4,1,1,1061,0,ilp_v4,optimal,1,47.515231,47.172025,1.007276,0.016421,0.0,,0.016421,0.016664,3,0,0
n_tsk\set61\n_tsk_3.py,n_tsk,61,n_tsk,3,2,3,5,0.5,0.5,0.7,0.6,1.0,0.5,48.299997,40,7,46.0,68.999995,21.4,1,1,1061,0,greedy_sps_baseline,solved,1,5.283338,48.222428,0.109562,0.001349,,,0.001349,0.001698,3,0,0
n_tsk\set61\n_tsk_4.py,n_tsk,61,n_tsk,4,2,4,5,0.5,0.5,0.7,0.6,1.0,0.5,48.300003,40,8,46.000001,69.000005,21.400001,1,1,1061,0,ilp_v2,optimal,1,40.455926,48.067064,0.841656,0.060459,3.5e-05,,0.060459,0.064679,3,0,0
n_tsk\set61\n_tsk_4.py,n_tsk,61,n_tsk,4,2,4,5,0.5,0.5,0.7,0.6,1.0,0.5,48.300003,40,8,46.000001,69.000005,21.400001,1,1,1061,0,ilp_v3,optimal,1,77.753579,48.215957,1.612611,0.015566,0.0,,0.015566,0.015993,3,0,0
n_tsk\set61\n_tsk_4.py,n_tsk,61,n_tsk,4,2,4,5,0.5,0.5,0.7,0.6,1.0,0.5,48.300003,40,8,46.000001,69.000005,21.400001,1,1,1061,0,ilp_v4,optimal,1,89.616379,48.063424,1.864544,0.057905,0.0,,0.057905,0.065334,3,0,0
n_tsk\set61\n_tsk_4.py,n_tsk,61,n_tsk,4,2,4,5,0.5,0.5,0.7,0.6,1.0,0.5,48.300003,40,8,46.000001,69.000005,21.400001,1,1,1061,0,greedy_sps_baseline,solved,1,9.534189,48.259818,0.19756,0.001072,,,0.001072,0.001228,3,0,0
n_tsk\set61\n_tsk_5.py,n_tsk,61,n_tsk,5,2,5,5,0.5,0.5,0.7,0.6,1.0,0.5,48.299998,40,12,45.999999,68.999997,21.399999,1,1,1061,0,ilp_v2,optimal,1,56.863821,48.197465,1.179809,0.051683,0.0,,0.051683,0.058364,3,0,0
n_tsk\set61\n_tsk_5.py,n_tsk,61,n_tsk,5,2,5,5,0.5,0.5,0.7,0.6,1.0,0.5,48.299998,40,12,45.999999,68.999997,21.399999,1,1,1061,0,ilp_v3,optimal,1,53.834865,48.237197,1.116045,0.04866,0.0,,0.04866,0.051291,3,0,0
n_tsk\set61\n_tsk_5.py,n_tsk,61,n_tsk,5,2,5,5,0.5,0.5,0.7,0.6,1.0,0.5,48.299998,40,12,45.999999,68.999997,21.399999,1,1,1061,0,ilp_v4,optimal,1,58.449575,48.268396,1.210928,0.300131,0.0,,0.300131,0.355049,3,0,0
n_tsk\set61\n_tsk_5.py,n_tsk,61,n_tsk,5,2,5,5,0.5,0.5,0.7,0.6,1.0,0.5,48.299998,40,12,45.999999,68.999997,21.399999,1,1,1061,0,greedy_sps_baseline,solved,1,8.859581,48.259896,0.183581,0.001124,,,0.001124,0.001286,3,0,0
n_tsk\set62\n_tsk_3.py,n_tsk,62,n_tsk,3,2,3,5,0.5,0.5,0.7,0.6,1.0,0.5,48.299999,40,7,46.0,68.999999,21.433333,1,1,1062,0,ilp_v2,optimal,1,38.28375,47.589672,0.804455,0.010443,0.0,,0.010443,0.010989,3,0,0
n_tsk\set62\n_tsk_3.py,n_tsk,62,n_tsk,3,2,3,5,0.5,0.5,0.7,0.6,1.0,0.5,48.299999,40,7,46.0,68.999999,21.433333,1,1,1062,0,ilp_v3,optimal,1,38.28375,47.612031,0.804077,0.009944,0.0,,0.009944,0.010194,3,0,0
n_tsk\set62\n_tsk_3.py,n_tsk,62,n_tsk,3,2,3,5,0.5,0.5,0.7,0.6,1.0,0.5,48.299999,40,7,46.0,68.999999,21.433333,1,1,1062,0,ilp_v4,optimal,1,47.303025,48.279857,0.979767,0.015156,0.0,,0.015156,0.023745,3,0,0
n_tsk\set62\n_tsk_3.py,n_tsk,62,n_tsk,3,2,3,5,0.5,0.5,0.7,0.6,1.0,0.5,48.299999,40,7,46.0,68.999999,21.433333,1,1,1062,0,greedy_sps_baseline,solved,1,7.589549,48.105919,0.157767,0.000687,,,0.000687,0.000805,3,0,0
n_tsk\set62\n_tsk_4.py,n_tsk,62,n_tsk,4,2,4,5,0.5,0.5,0.7,0.6,1.0,0.5,48.3,40,8,45.999999,69.0,21.433333,1,1,1062,0,ilp_v2,optimal,1,69.459205,48.119477,1.443474,0.006632,0.0,,0.006632,0.008521,3,0,0
n_tsk\set62\n_tsk_4.py,n_tsk,62,n_tsk,4,2,4,5,0.5,0.5,0.7,0.6,1.0,0.5,48.3,40,8,45.999999,69.0,21.433333,1,1,1062,0,ilp_v3,optimal,1,61.01352,46.448322,1.313579,0.008089,0.0,,0.008089,0.015453,3,0,0
n_tsk\set62\n_tsk_4.py,n_tsk,62,n_tsk,4,2,4,5,0.5,0.5,0.7,0.6,1.0,0.5,48.3,40,8,45.999999,69.0,21.433333,1,1,1062,0,ilp_v4,optimal,1,73.822229,47.745426,1.546163,0.026559,0.0,,0.026559,0.036965,3,0,0
n_tsk\set62\n_tsk_4.py,n_tsk,62,n_tsk,4,2,4,5,0.5,0.5,0.7,0.6,1.0,0.5,48.3,40,8,45.999999,69.0,21.433333,1,1,1062,0,greedy_sps_baseline,solved,1,8.673586,48.008097,0.180669,0.000437,,,0.000437,0.000628,3,0,0
n_tsk\set62\n_tsk_5.py,n_tsk,62,n_tsk,5,2,5,5,0.5,0.5,0.7,0.6,1.0,0.5,48.300004,40,10,46.000003,69.000006,21.433335,1,1,1062,0,ilp_v2,optimal,1,34.960426,47.97511,0.72872,0.048762,0.0,,0.048762,0.050144,3,0,0
n_tsk\set62\n_tsk_5.py,n_tsk,62,n_tsk,5,2,5,5,0.5,0.5,0.7,0.6,1.0,0.5,48.300004,40,10,46.000003,69.000006,21.433335,1,1,1062,0,ilp_v3,optimal,1,36.684276,48.17482,0.761482,0.022436,0.0,,0.022436,0.023997,3,0,0
n_tsk\set62\n_tsk_5.py,n_tsk,62,n_tsk,5,2,5,5,0.5,0.5,0.7,0.6,1.0,0.5,48.300004,40,10,46.000003,69.000006,21.433335,1,1,1062,0,ilp_v4,optimal,1,39.027513,47.905966,0.814669,0.043079,0.0,,0.043079,0.060175,3,0,0
n_tsk\set62\n_tsk_5.py,n_tsk,62,n_tsk,5,2,5,5,0.5,0.5,0.7,0.6,1.0,0.5,48.300004,40,10,46.000003,69.000006,21.433335,1,1,1062,0,greedy_sps_baseline,solved,1,6.86499,48.167591,0.142523,0.000958,,,0.000958,0.001559,3,0,0
n_tsk\set63\n_tsk_3.py,n_tsk,63,n_tsk,3,2,3,5,0.5,0.5,0.7,0.6,1.0,0.5,48.300002,40,7,46.000001,69.000002,21.400001,1,1,1063,0,ilp_v2,optimal,1,36.331374,46.220427,0.786046,0.005727,0.0,,0.005727,0.011306,3,0,0
n_tsk\set63\n_tsk_3.py,n_tsk,63,n_tsk,3,2,3,5,0.5,0.5,0.7,0.6,1.0,0.5,48.300002,40,7,46.000001,69.000002,21.400001,1,1,1063,0,ilp_v3,optimal,1,36.331374,47.949287,0.757704,0.019114,0.0,,0.019114,0.026967,3,0,0
n_tsk\set63\n_tsk_3.py,n_tsk,63,n_tsk,3,2,3,5,0.5,0.5,0.7,0.6,1.0,0.5,48.300002,40,7,46.000001,69.000002,21.400001,1,1,1063,0,ilp_v4,optimal,1,41.140079,47.917902,0.858553,0.018837,0.0,,0.018837,0.030163,3,0,0
n_tsk\set63\n_tsk_3.py,n_tsk,63,n_tsk,3,2,3,5,0.5,0.5,0.7,0.6,1.0,0.5,48.300002,40,7,46.000001,69.000002,21.400001,1,1,1063,0,greedy_sps_baseline,solved,1,8.554785,48.184282,0.177543,0.000569,,,0.000569,0.00143,3,0,0
n_tsk\set63\n_tsk_4.py,n_tsk,63,n_tsk,4,2,4,5,0.5,0.5,0.7,0.6,1.0,0.5,48.300002,40,8,46.000002,69.000003,21.400001,1,1,1063,0,ilp_v2,optimal,1,48.443614,47.880706,1.011756,0.005682,0.0,,0.005682,0.006571,3,0,0
n_tsk\set63\n_tsk_4.py,n_tsk,63,n_tsk,4,2,4,5,0.5,0.5,0.7,0.6,1.0,0.5,48.300002,40,8,46.000002,69.000003,21.400001,1,1,1063,0,ilp_v3,optimal,1,42.334026,48.016169,0.881662,0.005443,0.0,,0.005443,0.007107,3,0,0
n_tsk\set63\n_tsk_4.py,n_tsk,63,n_tsk,4,2,4,5,0.5,0.5,0.7,0.6,1.0,0.5,48.300002,40,8,46.000002,69.000003,21.400001,1,1,1063,0,ilp_v4,optimal,1,48.443614,47.880706,1.011756,0.012932,0.0,,0.012932,0.013407,3,0,0
n_tsk\set63\n_tsk_4.py,n_tsk,63,n_tsk,4,2,4,5,0.5,0.5,0.7,0.6,1.0,0.5,48.300002,40,8,46.000002,69.000003,21.400001,1,1,1063,0,greedy_sps_baseline,solved,1,8.340086,48.011416,0.17371,0.000539,,,0.000539,0.000692,3,0,0
n_tsk\set63\n_tsk_5.py,n_tsk,63,n_tsk,5,2,5,5,0.5,0.5,0.7,0.6,1.0,0.5,48.300002,40,10,46.000001,69.000003,21.400001,1,1,1063,0,ilp_v2,optimal,1,44.931224,48.22847,0.931633,0.155056,0.0,,0.155056,0.170266,3,0,0
n_tsk\set63\n_tsk_5.py,n_tsk,63,n_tsk,5,2,5,5,0.5,0.5,0.7,0.6,1.0,0.5,48.300002,40,10,46.000001,69.000003,21.400001,1,1,1063,0,ilp_v3,optimal,1,56.613922,48.266999,1.172932,0.037761,0.0,,0.037761,0.039232,3,0,0
n_tsk\set63\n_tsk_5.py,n_tsk,63,n_tsk,5,2,5,5,0.5,0.5,0.7,0.6,1.0,0.5,48.300002,40,10,46.000001,69.000003,21.400001,1,1,1063,0,ilp_v4,optimal,1,56.613922,48.092779,1.177181,0.032144,0.0,,0.032144,0.036421,3,0,0
n_tsk\set63\n_tsk_5.py,n_tsk,63,n_tsk,5,2,5,5,0.5,0.5,0.7,0.6,1.0,0.5,48.300002,40,10,46.000001,69.000003,21.400001,1,1,1063,0,greedy_sps_baseline,solved,1,5.567139,48.280232,0.115309,0.000542,,,0.000542,0.002183,3,0,0
n_tsk\set64\n_tsk_3.py,n_tsk,64,n_tsk,3,2,3,5,0.5,0.5,0.7,0.6,1.0,0.5,48.299998,40,7,46.0,68.999997,21.433333,1,1,1064,0,ilp_v2,optimal,1,30.358243,47.871604,0.63416,0.010258,0.0,,0.010258,0.014583,3,0,0
n_tsk\set64\n_tsk_3.py,n_tsk,64,n_tsk,3,2,3,5,0.5,0.5,0.7,0.6,1.0,0.5,48.299998,40,7,46.0,68.999997,21.433333,1,1,1064,0,ilp_v3,optimal,1,23.021397,48.018585,0.479427,0.037427,0.0,,0.037427,0.042476,3,0,0
n_tsk\set64\n_tsk_3.py,n_tsk,64,n_tsk,3,2,3,5,0.5,0.5,0.7,0.6,1.0,0.5,48.299998,40,7,46.0,68.999997,21.433333,1,1,1064,0,ilp_v4,optimal,1,30.358243,47.871604,0.63416,0.026126,0.0,,0.026126,0.02811,3,0,0
n_tsk\set64\n_tsk_3.py,n_tsk,64,n_tsk,3,2,3,5,0.5,0.5,0.7,0.6,1.0,0.5,48.299998,40,7,46.0,68.999997,21.433333,1,1,1064,0,greedy_sps_baseline,solved,1,2.375107,47.455473,0.050049,0.001107,,,0.001107,0.001227,3,0,0
n_tsk\set64\n_tsk_4.py,n_tsk,64,n_tsk,4,2,4,5,0.5,0.5,0.7,0.6,1.0,0.5,48.300002,40,9,46.0,69.000002,21.433333,1,1,1064,0,ilp_v2,optimal,1,57.348411,48.275923,1.18793,0.020796,0.0,,0.020796,0.021816,3,0,0
n_tsk\set64\n_tsk_4.py,n_tsk,64,n_tsk,4,2,4,5,0.5,0.5,0.7,0.6,1.0,0.5,48.300002,40,9,46.0,69.000002,21.433333,1,1,1064,0,ilp_v3,optimal,1,60.729842,47.275513,1.284594,0.016634,0.0,,0.016634,0.016753,3,0,0
n_tsk\set64\n_tsk_4.py,n_tsk,64,n_tsk,4,2,4,5,0.5,0.5,0.7,0.6,1.0,0.5,48.300002,40,9,46.0,69.000002,21.433333,1,1,1064,0,ilp_v4,optimal,1,66.041844,47.997163,1.375953,0.063188,0.0,,0.063188,0.065875,3,0,0
n_tsk\set64\n_tsk_4.py,n_tsk,64,n_tsk,4,2,4,5,0.5,0.5,0.7,0.6,1.0,0.5,48.300002,40,9,46.0,69.000002,21.433333,1,1,1064,0,greedy_sps_baseline,solved,1,8.475784,47.960803,0.176723,0.001143,,,0.001143,0.00126,3,0,0
n_tsk\set64\n_tsk_5.py,n_tsk,64,n_tsk,5,2,5,5,0.5,0.5,0.7,0.6,1.0,0.5,48.299998,40,13,46.0,68.999998,21.433333,1,1,1064,0,ilp_v2,optimal,1,59.787684,48.223244,1.23981,0.026948,0.0,,0.026948,0.028626,3,0,0
n_tsk\set64\n_tsk_5.py,n_tsk,64,n_tsk,5,2,5,5,0.5,0.5,0.7,0.6,1.0,0.5,48.299998,40,13,46.0,68.999998,21.433333,1,1,1064,0,ilp_v3,optimal,1,71.50307,47.878149,1.493438,0.025718,9.8e-05,,0.025718,0.028032,3,0,0
n_tsk\set64\n_tsk_5.py,n_tsk,64,n_tsk,5,2,5,5,0.5,0.5,0.7,0.6,1.0,0.5,48.299998,40,13,46.0,68.999998,21.433333,1,1,1064,0,ilp_v4,optimal,1,71.50307,47.861091,1.493971,0.104083,0.0,,0.104083,0.111935,3,0,0
n_tsk\set64\n_tsk_5.py,n_tsk,64,n_tsk,5,2,5,5,0.5,0.5,0.7,0.6,1.0,0.5,48.299998,40,13,46.0,68.999998,21.433333,1,1,1064,0,greedy_sps_baseline,solved,1,7.996622,47.896148,0.166958,0.001115,,,0.001115,0.001234,3,0,0
n_tsk\set65\n_tsk_3.py,n_tsk,65,n_tsk,3,2,3,5,0.5,0.5,0.7,0.6,1.0,0.5,48.300002,40,7,46.0,69.000002,21.433333,1,1,1065,0,ilp_v2,optimal,1,51.730762,46.503573,1.112404,0.006534,0.0,,0.006534,0.008889,3,0,0
n_tsk\set65\n_tsk_3.py,n_tsk,65,n_tsk,3,2,3,5,0.5,0.5,0.7,0.6,1.0,0.5,48.300002,40,7,46.0,69.000002,21.433333,1,1,1065,0,ilp_v3,optimal,1,46.263602,47.499587,0.973979,0.005653,0.0,,0.005653,0.006001,3,0,0
n_tsk\set65\n_tsk_3.py,n_tsk,65,n_tsk,3,2,3,5,0.5,0.5,0.7,0.6,1.0,0.5,48.300002,40,7,46.0,69.000002,21.433333,1,1,1065,0,ilp_v4,optimal,1,51.730762,46.503573,1.112404,0.01435,0.0,,0.01435,0.014508,3,0,0
n_tsk\set65\n_tsk_3.py,n_tsk,65,n_tsk,3,2,3,5,0.5,0.5,0.7,0.6,1.0,0.5,48.300002,40,7,46.0,69.000002,21.433333,1,1,1065,0,greedy_sps_baseline,solved,1,1.653052,47.258197,0.034979,0.000921,,,0.000921,0.001047,3,0,0
n_tsk\set65\n_tsk_4.py,n_tsk,65,n_tsk,4,2,4,5,0.5,0.5,0.7,0.6,1.0,0.5,48.3,40,11,46.000001,69.0,21.433334,1,1,1065,0,ilp_v2,optimal,1,69.336441,47.991366,1.444769,0.016637,0.0,,0.016637,0.023159,3,0,0
n_tsk\set65\n_tsk_4.py,n_tsk,65,n_tsk,4,2,4,5,0.5,0.5,0.7,0.6,1.0,0.5,48.3,40,11,46.000001,69.0,21.433334,1,1,1065,0,ilp_v3,optimal,1,66.111602,47.709973,1.385698,0.037725,0.0,,0.037725,0.04115,3,0,0
n_tsk\set65\n_tsk_4.py,n_tsk,65,n_tsk,4,2,4,5,0.5,0.5,0.7,0.6,1.0,0.5,48.3,40,11,46.000001,69.0,21.433334,1,1,1065,0,ilp_v4,optimal,1,75.615857,48.142774,1.570658,0.063603,0.0,,0.063603,0.079948,3,0,0
n_tsk\set65\n_tsk_4.py,n_tsk,65,n_tsk,4,2,4,5,0.5,0.5,0.7,0.6,1.0,0.5,48.3,40,11,46.000001,69.0,21.433334,1,1,1065,0,greedy_sps_baseline,solved,1,8.680331,48.048551,0.180657,0.000643,,,0.000643,0.000816,3,0,0
n_tsk\set65\n_tsk_5.py,n_tsk,65,n_tsk,5,2,5,5,0.5,0.5,0.7,0.6,1.0,0.5,48.299999,40,13,45.999997,68.999999,21.433332,1,1,1065,0,ilp_v2,optimal,1,55.882342,48.147795,1.160642,0.02236,0.0,,0.02236,0.027451,3,0,0
n_tsk\set65\n_tsk_5.py,n_tsk,65,n_tsk,5,2,5,5,0.5,0.5,0.7,0.6,1.0,0.5,48.299999,40,13,45.999997,68.999999,21.433332,1,1,1065,0,ilp_v3,optimal,1,51.577783,48.204584,1.069977,0.053327,7.7e-05,,0.053327,0.061969,3,0,0
n_tsk\set65\n_tsk_5.py,n_tsk,65,n_tsk,5,2,5,5,0.5,0.5,0.7,0.6,1.0,0.5,48.299999,40,13,45.999997,68.999999,21.433332,1,1,1065,0,ilp_v4,optimal,1,56.603817,48.261418,1.172859,0.185513,0.0,,0.185513,0.19132,3,0,0
n_tsk\set65\n_tsk_5.py,n_tsk,65,n_tsk,5,2,5,5,0.5,0.5,0.7,0.6,1.0,0.5,48.299999,40,13,45.999997,68.999999,21.433332,1,1,1065,0,greedy_sps_baseline,solved,1,7.320546,48.152438,0.152029,0.002008,,,0.002008,0.002356,3,0,0
n_tsk\set66\n_tsk_3.py,n_tsk,66,n_tsk,3,2,3,5,0.5,0.5,0.7,0.6,1.0,0.5,48.300002,40,7,46.000002,69.000002,26.130771,1,1,1066,0,ilp_v2,optimal,1,64.395626,48.129376,1.337969,0.031488,0.0,,0.031488,0.036473,3,0,0
n_tsk\set66\n_tsk_3.py,n_tsk,66,n_tsk,3,2,3,5,0.5,0.5,0.7,0.6,1.0,0.5,48.300002,40,7,46.000002,69.000002,26.130771,1,1,1066,0,ilp_v3,optimal,1,52.552301,47.352728,1.109805,0.008766,0.0,,0.008766,0.010431,3,0,0
n_tsk\set66\n_tsk_3.py,n_tsk,66,n_tsk,3,2,3,5,0.5,0.5,0.7,0.6,1.0,0.5,48.300002,40,7,46.000002,69.000002,26.130771,1,1,1066,0,ilp_v4,optimal,1,67.611454,48.243561,1.401461,0.033339,0.0,,0.033339,0.037233,3,0,0
n_tsk\set66\n_tsk_3.py,n_tsk,66,n_tsk,3,2,3,5,0.5,0.5,0.7,0.6,1.0,0.5,48.300002,40,7,46.000002,69.000002,26.130771,1,1,1066,0,greedy_sps_baseline,solved,1,8.733195,48.035836,0.181806,0.000884,,,0.000884,0.001023,3,0,0
n_tsk\set66\n_tsk_4.py,n_tsk,66,n_tsk,4,2,4,5,0.5,0.5,0.7,0.6,1.0,0.5,48.300005,40,8,46.000001,69.000007,26.13077,1,1,1066,0,ilp_v2,optimal,1,63.227178,48.241969,1.310626,0.009573,0.0,,0.009573,0.009984,3,0,0
n_tsk\set66\n_tsk_4.py,n_tsk,66,n_tsk,4,2,4,5,0.5,0.5,0.7,0.6,1.0,0.5,48.300005,40,8,46.000001,69.000007,26.13077,1,1,1066,0,ilp_v3,optimal,1,38.057143,48.063837,0.791804,0.048651,0.0,,0.048651,0.05277,3,0,0
n_tsk\set66\n_tsk_4.py,n_tsk,66,n_tsk,4,2,4,5,0.5,0.5,0.7,0.6,1.0,0.5,48.300005,40,8,46.000001,69.000007,26.13077,1,1,1066,0,ilp_v4,optimal,1,63.227178,48.241969,1.310626,0.026058,0.0,,0.026058,0.031628,3,0,0
n_tsk\set66\n_tsk_4.py,n_tsk,66,n_tsk,4,2,4,5,0.5,0.5,0.7,0.6,1.0,0.5,48.300005,40,8,46.000001,69.000007,26.13077,1,1,1066,0,greedy_sps_baseline,solved,1,8.270118,48.206197,0.171557,0.000822,,,0.000822,0.00134,3,0,0
n_tsk\set66\n_tsk_5.py,n_tsk,66,n_tsk,5,2,5,5,0.5,0.5,0.7,0.6,1.0,0.5,48.299999,40,9,45.999999,68.999999,26.130769,1,1,1066,0,ilp_v2,optimal,1,58.979827,48.114642,1.225819,0.008218,0.0,,0.008218,0.010377,3,0,0
n_tsk\set66\n_tsk_5.py,n_tsk,66,n_tsk,5,2,5,5,0.5,0.5,0.7,0.6,1.0,0.5,48.299999,40,9,45.999999,68.999999,26.130769,1,1,1066,0,ilp_v3,optimal,1,63.268883,48.265936,1.310839,0.022769,0.0,,0.022769,0.029793,3,0,0
n_tsk\set66\n_tsk_5.py,n_tsk,66,n_tsk,5,2,5,5,0.5,0.5,0.7,0.6,1.0,0.5,48.299999,40,9,45.999999,68.999999,26.130769,1,1,1066,0,ilp_v4,optimal,1,63.268883,48.271496,1.310688,0.053385,0.0,,0.053385,0.056174,3,0,0
n_tsk\set66\n_tsk_5.py,n_tsk,66,n_tsk,5,2,5,5,0.5,0.5,0.7,0.6,1.0,0.5,48.299999,40,9,45.999999,68.999999,26.130769,1,1,1066,0,greedy_sps_baseline,solved,1,6.251695,48.219238,0.129651,0.00123,,,0.00123,0.001415,3,0,0
n_tsk\set67\n_tsk_3.py,n_tsk,67,n_tsk,3,2,3,5,0.5,0.5,0.7,0.6,1.0,0.5,48.299998,40,7,45.999999,68.999998,21.399999,1,1,1067,0,ilp_v2,optimal,1,57.824938,48.218273,1.199233,0.023034,0.0,,0.023034,0.035857,3,0,0
n_tsk\set67\n_tsk_3.py,n_tsk,67,n_tsk,3,2,3,5,0.5,0.5,0.7,0.6,1.0,0.5,48.299998,40,7,45.999999,68.999998,21.399999,1,1,1067,0,ilp_v3,optimal,1,46.235066,47.760896,0.968053,0.01765,0.0,,0.01765,0.020531,3,0,0
n_tsk\set67\n_tsk_3.py,n_tsk,67,n_tsk,3,2,3,5,0.5,0.5,0.7,0.6,1.0,0.5,48.299998,40,7,45.999999,68.999998,21.399999,1,1,1067,0,ilp_v4,optimal,1,62.026868,48.297187,1.284275,0.026875,0.0,,0.026875,0.039432,3,0,0
n_tsk\set67\n_tsk_3.py,n_tsk,67,n_tsk,3,2,3,5,0.5,0.5,0.7,0.6,1.0,0.5,48.299998,40,7,45.999999,68.999998,21.399999,1,1,1067,0,greedy_sps_baseline,solved,1,7.74326,47.814961,0.161942,0.000667,,,0.000667,0.001253,3,0,0
n_tsk\set67\n_tsk_4.py,n_tsk,67,n_tsk,4,2,4,5,0.5,0.5,0.7,0.6,1.0,0.5,48.300002,40,9,46.0,69.000002,21.4,1,1,1067,0,ilp_v2,optimal,1,46.210065,48.231531,0.958088,0.034338,0.0,,0.034338,0.048017,3,0,0
n_tsk\set67\n_tsk_4.py,n_tsk,67,n_tsk,4,2,4,5,0.5,0.5,0.7,0.6,1.0,0.5,48.300002,40,9,46.0,69.000002,21.4,1,1,1067,0,ilp_v3,optimal,1,46.210065,48.231531,0.958088,0.039205,0.0,,0.039205,0.043264,3,0,0
n_tsk\set67\n_tsk_4.py,n_tsk,67,n_tsk,4,2,4,5,0.5,0.5,0.7,0.6,1.0,0.5,48.300002,40,9,46.0,69.000002,21.4,1,1,1067,0,ilp_v4,optimal,1,54.330956,48.262881,1.12573,0.074339,0.0,,0.074339,0.079895,3,0,0
n_tsk\set67\n_tsk_4.py,n_tsk,67,n_tsk,4,2,4,5,0.5,0.5,0.7,0.6,1.0,0.5,48.300002,40,9,46.0,69.000002,21.4,1,1,1067,0,greedy_sps_baseline,solved,1,4.277699,47.943717,0.089223,0.00068,,,0.00068,0.001201,3,0,0
n_tsk\set67\n_tsk_5.py,n_tsk,67,n_tsk,5,2,5,5,0.5,0.5,0.7,0.6,1.0,0.5,48.300002,40,11,45.999998,69.000003,21.399999,1,1,1067,0,ilp_v2,optimal,1,42.262579,48.163309,0.877485,0.023309,0.0,,0.023309,0.028671,3,0,0
n_tsk\set67\n_tsk_5.py,n_tsk,67,n_tsk,5,2,5,5,0.5,0.5,0.7,0.6,1.0,0.5,48.300002,40,11,45.999998,69.000003,21.399999,1,1,1067,0,ilp_v3,optimal,1,43.339216,47.438688,0.913584,0.012408,0.0,,0.012408,0.013232,3,0,0
n_tsk\set67\n_tsk_5.py,n_tsk,67,n_tsk,5,2,5,5,0.5,0.5,0.7,0.6,1.0,0.5,48.300002,40,11,45.999998,69.000003,21.399999,1,1,1067,0,ilp_v4,optimal,1,43.339216,47.100153,0.92015,0.034045,0.0,,0.034045,0.042922,3,0,0
n_tsk\set67\n_tsk_5.py,n_tsk,67,n_tsk,5,2,5,5,0.5,0.5,0.7,0.6,1.0,0.5,48.300002,40,11,45.999998,69.000003,21.399999,1,1,1067,0,greedy_sps_baseline,solved,1,8.054727,48.265633,0.166883,0.001036,,,0.001036,0.001268,3,0,0
n_tsk\set68\n_tsk_3.py,n_tsk,68,n_tsk,3,2,3,5,0.5,0.5,0.7,0.6,1.0,0.5,48.299997,40,7,45.999998,68.999995,21.433332,1,1,1068,0,ilp_v2,optimal,1,57.844058,47.973923,1.20574,0.010585,0.0,,0.010585,0.011452,3,0,0
n_tsk\set68\n_tsk_3.py,n_tsk,68,n_tsk,3,2,3,5,0.5,0.5,0.7,0.6,1.0,0.5,48.299997,40,7,45.999998,68.999995,21.433332,1,1,1068,0,ilp_v3,optimal,1,47.474507,48.237916,0.984174,0.063999,0.0,,0.063999,0.082165,3,0,0
n_tsk\set68\n_tsk_3.py,n_tsk,68,n_tsk,3,2,3,5,0.5,0.5,0.7,0.6,1.0,0.5,48.299997,40,7,45.999998,68.999995,21.433332,1,1,1068,0,ilp_v4,optimal,1,60.421377,48.202143,1.2535,0.040989,0.0,,0.040989,0.044161,3,0,0
n_tsk\set68\n_tsk_3.py,n_tsk,68,n_tsk,3,2,3,5,0.5,0.5,0.7,0.6,1.0,0.5,48.299997,40,7,45.999998,68.999995,21.433332,1,1,1068,0,greedy_sps_baseline,solved,1,4.372998,47.443604,0.092173,0.000701,,,0.000701,0.001489,3,0,0
n_tsk\set68\n_tsk_4.py,n_tsk,68,n_tsk,4,2,4,5,0.5,0.5,0.7,0.6,1.0,0.5,48.300003,40,9,46.0,69.000005,21.433333,1,1,1068,0,ilp_v2,optimal,1,53.429728,48.264805,1.107012,0.018757,0.0,,0.018757,0.020685,3,0,0
n_tsk\set68\n_tsk_4.py,n_tsk,68,n_tsk,4,2,4,5,0.5,0.5,0.7,0.6,1.0,0.5,48.300003,40,9,46.0,69.000005,21.433333,1,1,1068,0,ilp_v3,optimal,1,48.216638,47.882511,1.006978,0.014878,0.0,,0.014878,0.015677,3,0,0
n_tsk\set68\n_tsk_4.py,n_tsk,68,n_tsk,4,2,4,5,0.5,0.5,0.7,0.6,1.0,0.5,48.300003,40,9,46.0,69.000005,21.433333,1,1,1068,0,ilp_v4,optimal,1,59.05624,47.662541,1.239049,0.057515,0.0,,0.057515,0.061819,3,0,0
n_tsk\set68\n_tsk_4.py,n_tsk,68,n_tsk,4,2,4,5,0.5,0.5,0.7,0.6,1.0,0.5,48.300003,40,9,46.0,69.000005,21.433333,1,1,1068,0,greedy_sps_baseline,solved,1,7.084751,47.971328,0.147687,0.001849,,,0.001849,0.002396,3,0,0
n_tsk\set68\n_tsk_5.py,n_tsk,68,n_tsk,5,2,5,5,0.5,0.5,0.7,0.6,1.0,0.5,48.3,40,10,45.999999,69.0,21.433333,1,1,1068,0,ilp_v2,optimal,1,63.811255,48.213112,1.323525,0.038822,0.0,,0.038822,0.040262,3,0,0
n_tsk\set68\n_tsk_5.py,n_tsk,68,n_tsk,5,2,5,5,0.5,0.5,0.7,0.6,1.0,0.5,48.3,40,10,45.999999,69.0,21.433333,1,1,1068,0,ilp_v3,optimal,1,47.804848,48.136186,0.993117,0.058087,0.0,,0.058087,0.065032,3,0,0
n_tsk\set68\n_tsk_5.py,n_tsk,68,n_tsk,5,2,5,5,0.5,0.5,0.7,0.6,1.0,0.5,48.3,40,10,45.999999,69.0,21.433333,1,1,1068,0,ilp_v4,optimal,1,63.811255,48.213112,1.323525,0.056422,0.0,,0.056422,0.059781,3,0,0
n_tsk\set68\n_tsk_5.py,n_tsk,68,n_tsk,5,2,5,5,0.5,0.5,0.7,0.6,1.0,0.5,48.3,40,10,45.999999,69.0,21.433333,1,1,1068,0,greedy_sps_baseline,solved,1,8.341676,48.127996,0.173323,0.002911,,,0.002911,0.003214,3,0,0
n_tsk\set69\n_tsk_3.py,n_tsk,69,n_tsk,3,2,3,5,0.5,0.5,0.7,0.6,1.0,0.5,48.3,40,7,46.0,69.0,21.4,1,1,1069,0,ilp_v2,optimal,1,28.462247,48.107143,0.591643,0.035086,0.0,,0.035086,0.039195,3,0,0
n_tsk\set69\n_tsk_3.py,n_tsk,69,n_tsk,3,2,3,5,0.5,0.5,0.7,0.6,1.0,0.5,48.3,40,7,46.0,69.0,21.4,1,1,1069,0,ilp_v3,optimal,1,28.462247,48.107143,0.591643,0.03197,0.0,,0.03197,0.040063,3,0,0
n_tsk\set69\n_tsk_3.py,n_tsk,69,n_tsk,3,2,3,5,0.5,0.5,0.7,0.6,1.0,0.5,48.3,40,7,46.0,69.0,21.4,1,1,1069,0,ilp_v4,optimal,1,34.485637,47.242619,0.729969,0.037473,0.0,,0.037473,0.039612,3,0,0
n_tsk\set69\n_tsk_3.py,n_tsk,69,n_tsk,3,2,3,5,0.5,0.5,0.7,0.6,1.0,0.5,48.3,40,7,46.0,69.0,21.4,1,1,1069,0,greedy_sps_baseline,solved,1,1.423792,47.343421,0.030074,0.000723,,,0.000723,0.000816,3,0,0
n_tsk\set69\n_tsk_4.py,n_tsk,69,n_tsk,4,2,4,5,0.5,0.5,0.7,0.6,1.0,0.5,48.299998,40,11,46.000001,68.999998,21.400001,1,1,1069,0,ilp_v2,optimal,1,61.712139,48.299721,1.277691,0.089082,0.0,,0.089082,0.099575,3,0,0
n_tsk\set69\n_tsk_4.py,n_tsk,69,n_tsk,4,2,4,5,0.5,0.5,0.7,0.6,1.0,0.5,48.299998,40,11,46.000001,68.999998,21.400001,1,1,1069,0,ilp_v3,optimal,1,67.489972,48.293053,1.397509,0.07719,0.0,,0.07719,0.087393,3,0,0
n_tsk\set69\n_tsk_4.py,n_tsk,69,n_tsk,4,2,4,5,0.5,0.5,0.7,0.6,1.0,0.5,48.299998,40,11,46.000001,68.999998,21.400001,1,1,1069,0,ilp_v4,optimal,1,71.089124,48.175771,1.47562,0.112964,0.0,,0.112964,0.116326,3,0,0
n_tsk\set69\n_tsk_4.py,n_tsk,69,n_tsk,4,2,4,5,0.5,0.5,0.7,0.6,1.0,0.5,48.299998,40,11,46.000001,68.999998,21.400001,1,1,1069,0,greedy_sps_baseline,solved,1,7.767698,48.168801,0.16126,0.002851,,,0.002851,0.003223,3,0,0
n_tsk\set69\n_tsk_5.py,n_tsk,69,n_tsk,5,2,5,5,0.5,0.5,0.7,0.6,1.0,0.5,48.299998,40,15,46.000001,68.999998,21.400001,1,1,1069,0,ilp_v2,optimal,1,57.456834,48.288393,1.189868,0.027919,0.0,,0.027919,0.028133,3,0,0
n_tsk\set69\n_tsk_5.py,n_tsk,69,n_tsk,5,2,5,5,0.5,0.5,0.7,0.6,1.0,0.5,48.299998,40,15,46.000001,68.999998,21.400001,1,1,1069,0,ilp_v3,optimal,1,57.456834,47.868199,1.200313,0.012758,0.0,,0.012758,0.012962,3,0,0
n_tsk\set69\n_tsk_5.py,n_tsk,69,n_tsk,5,2,5,5,0.5,0.5,0.7,0.6,1.0,0.5,48.299998,40,15,46.000001,68.999998,21.400001,1,1,1069,0,ilp_v4,optimal,1,58.717486,48.242844,1.217123,0.159111,0.0,,0.159111,0.185523,3,0,0
n_tsk\set69\n_tsk_5.py,n_tsk,69,n_tsk,5,2,5,5,0.5,0.5,0.7,0.6,1.0,0.5,48.299998,40,15,46.000001,68.999998,21.400001,1,1,1069,0,greedy_sps_baseline,solved,1,7.687247,48.218602,0.159425,0.002288,,,0.002288,0.002488,3,0,0
n_tsk\set70\n_tsk_3.py,n_tsk,70,n_tsk,3,2,3,5,0.5,0.5,0.7,0.6,1.0,0.5,48.299999,40,7,45.999998,68.999999,22.042856,1,1,1070,0,ilp_v2,optimal,1,39.477458,46.973232,0.840425,0.015326,0.0,,0.015326,0.015656,3,0,0
n_tsk\set70\n_tsk_3.py,n_tsk,70,n_tsk,3,2,3,5,0.5,0.5,0.7,0.6,1.0,0.5,48.299999,40,7,45.999998,68.999999,22.042856,1,1,1070,0,ilp_v3,optimal,1,34.29502,48.037986,0.713915,0.021072,0.0,,0.021072,0.022067,3,0,0
n_tsk\set70\n_tsk_3.py,n_tsk,70,n_tsk,3,2,3,5,0.5,0.5,0.7,0.6,1.0,0.5,48.299999,40,7,45.999998,68.999999,22.042856,1,1,1070,0,ilp_v4,optimal,1,39.477458,46.973232,0.840425,0.028558,0.0,,0.028558,0.030493,3,0,0
n_tsk\set70\n_tsk_3.py,n_tsk,70,n_tsk,3,2,3,5,0.5,0.5,0.7,0.6,1.0,0.5,48.299999,40,7,45.999998,68.999999,22.042856,1,1,1070,0,greedy_sps_baseline,solved,1,6.707181,48.257115,0.138988,0.00077,,,0.00077,0.000893,3,0,0
n_tsk\set70\n_tsk_4.py,n_tsk,70,n_tsk,4,2,4,5,0.5,0.5,0.7,0.6,1.0,0.5,48.299998,40,11,45.999999,68.999998,22.042857,1,1,1070,0,ilp_v2,optimal,1,42.870905,48.237523,0.888746,0.047765,0.0,,0.047765,0.050102,3,0,0
n_tsk\set70\n_tsk_4.py,n_tsk,70,n_tsk,4,2,4,5,0.5,0.5,0.7,0.6,1.0,0.5,48.299998,40,11,45.999999,68.999998,22.042857,1,1,1070,0,ilp_v3,optimal,1,42.053792,48.265754,0.871297,0.019088,0.0,,0.019088,0.02227,3,0,0
n_tsk\set70\n_tsk_4.py,n_tsk,70,n_tsk,4,2,4,5,0.5,0.5,0.7,0.6,1.0,0.5,48.299998,40,11,45.999999,68.999998,22.042857,1,1,1070,0,ilp_v4,optimal,1,45.590323,48.272224,0.944442,0.158157,0.0,,0.158157,0.17967,3,0,0
n_tsk\set70\n_tsk_4.py,n_tsk,70,n_tsk,4,2,4,5,0.5,0.5,0.7,0.6,1.0,0.5,48.299998,40,11,45.999999,68.999998,22.042857,1,1,1070,0,greedy_sps_baseline,solved,1,7.734033,48.275352,0.160207,0.001017,,,0.001017,0.001154,3,0,0
n_tsk\set70\n_tsk_5.py,n_tsk,70,n_tsk,5,2,5,5,0.5,0.5,0.7,0.6,1.0,0.5,48.299998,40,15,45.999995,68.999997,22.042855,1,1,1070,0,ilp_v2,optimal,1,48.259198,48.290746,0.999347,0.111846,0.0,,0.111846,0.116962,3,0,0
n_tsk\set70\n_tsk_5.py,n_tsk,70,n_tsk,5,2,5,5,0.5,0.5,0.7,0.6,1.0,0.5,48.299998,40,15,45.999995,68.999997,22.042855,1,1,1070,0,ilp_v3,optimal,1,48.767961,48.297992,1.009731,0.05037,0.0,,0.05037,0.05462,3,0,0
n_tsk\set70\n_tsk_5.py,n_tsk,70,n_tsk,5,2,5,5,0.5,0.5,0.7,0.6,1.0,0.5,48.299998,40,15,45.999995,68.999997,22.042855,1,1,1070,0,ilp_v4,optimal,1,49.979556,48.268518,1.035448,0.225957,0.0,,0.225957,0.278263,3,0,0
n_tsk\set70\n_tsk_5.py,n_tsk,70,n_tsk,5,2,5,5,0.5,0.5,0.7,0.6,1.0,0.5,48.299998,40,15,45.999995,68.999997,22.042855,1,1,1070,0,greedy_sps_baseline,solved,1,6.942378,48.292211,0.143758,0.001992,,,0.001992,0.002203,3,0,0
n_tsk\set71\n_tsk_3.py,n_tsk,71,n_tsk,3,2,3,5,0.5,0.5,0.7,0.6,1.0,0.5,48.300002,40,7,46.000002,69.000003,22.042858,1,1,1071,0,ilp_v2,optimal,1,58.375844,48.263068,1.209534,0.032723,0.0,,0.032723,0.037804,3,0,0
n_tsk\set71\n_tsk_3.py,n_tsk,71,n_tsk,3,2,3,5,0.5,0.5,0.7,0.6,1.0,0.5,48.300002,40,7,46.000002,69.000003,22.042858,1,1,1071,0,ilp_v3,optimal,1,54.139876,48.252196,1.122019,0.017028,0.0,,0.017028,0.017517,3,0,0
n_tsk\set71\n_tsk_3.py,n_tsk,71,n_tsk,3,2,3,5,0.5,0.5,0.7,0.6,1.0,0.5,48.300002,40,7,46.000002,69.000003,22.042858,1,1,1071,0,ilp_v4,optimal,1,58.375844,48.263068,1.209534,0.048073,0.0,,0.048073,0.050312,3,0,0
n_tsk\set71\n_tsk_3.py,n_tsk,71,n_tsk,3,2,3,5,0.5,0.5,0.7,0.6,1.0,0.5,48.300002,40,7,46.000002,69.000003,22.042858,1,1,1071,0,greedy_sps_baseline,solved,1,8.144334,47.948327,0.169856,0.000776,,,0.000776,0.000971,3,0,0
n_tsk\set71\n_tsk_4.py,n_tsk,71,n_tsk,4,2,4,5,0.5,0.5,0.7,0.6,1.0,0.5,48.300002,40,8,46.000002,69.000002,22.042858,1,1,1071,0,ilp_v2,optimal,1,41.749099,47.756789,0.874202,0.016428,0.0,,0.016428,0.017205,3,0,0
n_tsk\set71\n_tsk_4.py,n_tsk,71,n_tsk,4,2,4,5,0.5,0.5,0.7,0.6,1.0,0.5,48.300002,40,8,46.000002,69.000002,22.042858,1,1,1071,0,ilp_v3,optimal,1,43.890894,48.134539,0.911838,0.013345,0.0,,0.013345,0.014301,3,0,0
n_tsk\set71\n_tsk_4.py,n_tsk,71,n_tsk,4,2,4,5,0.5,0.5,0.7,0.6,1.0,0.5,48.300002,40,8,46.000002,69.000002,22.042858,1,1,1071,0,ilp_v4,optimal,1,54.525501,47.713006,1.142781,0.035487,0.0,,0.035487,0.036173,3,0,0
n_tsk\set71\n_tsk_4.py,n_tsk,71,n_tsk,4,2,4,5,0.5,0.5,0.7,0.6,1.0,0.5,48.300002,40,8,46.000002,69.000002,22.042858,1,1,1071,0,greedy_sps_baseline,solved,1,9.006458,48.184745,0.186915,0.000882,,,0.000882,0.001008,3,0,0
n_tsk\set71\n_tsk_5.py,n_tsk,71,n_tsk,5,2,5,5,0.5,0.5,0.7,0.6,1.0,0.5,48.300001,40,9,45.999999,69.000001,22.042857,1,1,1071,0,ilp_v2,optimal,1,50.326697,48.280536,1.042381,0.011801,0.0,,0.011801,0.012691,3,0,0
n_tsk\set71\n_tsk_5.py,n_tsk,71,n_tsk,5,2,5,5,0.5,0.5,0.7,0.6,1.0,0.5,48.300001,40,9,45.999999,69.000001,22.042857,1,1,1071,0,ilp_v3,optimal,1,45.709584,46.952352,0.973531,0.012452,0.0,,0.012452,0.012884,3,0,0
n_tsk\set71\n_tsk_5.py,n_tsk,71,n_tsk,5,2,5,5,0.5,0.5,0.7,0.6,1.0,0.5,48.300001,40,9,45.999999,69.000001,22.042857,1,1,1071,0,ilp_v4,optimal,1,50.326697,48.292318,1.042126,0.026967,0.0,,0.026967,0.045063,3,0,0
n_tsk\set71\n_tsk_5.py,n_tsk,71,n_tsk,5,2,5,5,0.5,0.5,0.7,0.6,1.0,0.5,48.300001,40,9,45.999999,69.000001,22.042857,1,1,1071,0,greedy_sps_baseline,solved,1,9.133949,48.185063,0.18956,0.001264,,,0.001264,0.001367,3,0,0
n_tsk\set72\n_tsk_3.py,n_tsk,72,n_tsk,3,2,3,5,0.5,0.5,0.7,0.6,1.0,0.5,48.300002,40,7,45.999999,69.000002,23.599999,1,1,1072,0,ilp_v2,optimal,1,30.861628,48.282344,0.639191,0.067793,0.0,,0.067793,0.07531,3,0,0
n_tsk\set72\n_tsk_3.py,n_tsk,72,n_tsk,3,2,3,5,0.5,0.5,0.7,0.6,1.0,0.5,48.300002,40,7,45.999999,69.000002,23.599999,1,1,1072,0,ilp_v3,optimal,1,39.053342,48.0189,0.813291,0.023498,0.0,,0.023498,0.02605,3,0,0
n_tsk\set72\n_tsk_3.py,n_tsk,72,n_tsk,3,2,3,5,0.5,0.5,0.7,0.6,1.0,0.5,48.300002,40,7,45.999999,69.000002,23.599999,1,1,1072,0,ilp_v4,optimal,1,65.74952,48.094438,1.367092,0.034027,0.0,,0.034027,0.035501,3,0,0
n_tsk\set72\n_tsk_3.py,n_tsk,72,n_tsk,3,2,3,5,0.5,0.5,0.7,0.6,1.0,0.5,48.300002,40,7,45.999999,69.000002,23.599999,1,1,1072,0,greedy_sps_baseline,solved,1,7.250027,47.979202,0.151108,0.00137,,,0.00137,0.001559,3,0,0
n_tsk\set72\n_tsk_4.py,n_tsk,72,n_tsk,4,2,4,5,0.5,0.5,0.7,0.6,1.0,0.5,48.299998,40,9,45.999998,68.999997,23.599999,1,1,1072,0,ilp_v2,optimal,1,46.784979,48.209893,0.970444,0.119087,0.0,,0.119087,0.135518,3,0,0
n_tsk\set72\n_tsk_4.py,n_tsk,72,n_tsk,4,2,4,5,0.5,0.5,0.7,0.6,1.0,0.5,48.299998,40,9,45.999998,68.999997,23.599999,1,1,1072,0,ilp_v3,optimal,1,43.41683,48.132867,0.90202,0.10573,0.0,,0.10573,0.133081,3,0,0
n_tsk\set72\n_tsk_4.py,n_tsk,72,n_tsk,4,2,4,5,0.5,0.5,0.7,0.6,1.0,0.5,48.299998,40,9,45.999998,68.999997,23.599999,1,1,1072,0,ilp_v4,optimal,1,49.091282,47.74664,1.028162,0.05956,0.0,,0.05956,0.067834,3,0,0
n_tsk\set72\n_tsk_4.py,n_tsk,72,n_tsk,4,2,4,5,0.5,0.5,0.7,0.6,1.0,0.5,48.299998,40,9,45.999998,68.999997,23.599999,1,1,1072,0,greedy_sps_baseline,solved,1,9.163531,48.118627,0.190436,0.001565,,,0.001565,0.001989,3,0,0
n_tsk\set72\n_tsk_5.py,n_tsk,72,n_tsk,5,2,5,5,0.5,0.5,0.7,0.6,1.0,0.5,48.299994,40,13,46.0,68.999992,23.6,1,1,1072,0,ilp_v2,optimal,1,47.958432,47.908763,1.001037,0.020005,0.0,,0.020005,0.023647,3,0,0
n_tsk\set72\n_tsk_5.py,n_tsk,72,n_tsk,5,2,5,5,0.5,0.5,0.7,0.6,1.0,0.5,48.299994,40,13,46.0,68.999992,23.6,1,1,1072,0,ilp_v3,optimal,1,51.443573,48.276526,1.065602,0.031066,2.2e-05,,0.031066,0.032358,3,0,0
n_tsk\set72\n_tsk_5.py,n_tsk,72,n_tsk,5,2,5,5,0.5,0.5,0.7,0.6,1.0,0.5,48.299994,40,13,46.0,68.999992,23.6,1,1,1072,0,ilp_v4,optimal,1,50.958967,48.267088,1.05577,0.184328,0.0,,0.184328,0.242162,3,0,0
n_tsk\set72\n_tsk_5.py,n_tsk,72,n_tsk,5,2,5,5,0.5,0.5,0.7,0.6,1.0,0.5,48.299994,40,13,46.0,68.999992,23.6,1,1,1072,0,greedy_sps_baseline,solved,1,9.043197,48.109896,0.18797,0.002222,,,0.002222,0.002437,3,0,0
n_tsk\set73\n_tsk_3.py,n_tsk,73,n_tsk,3,2,3,5,0.5,0.5,0.7,0.6,1.0,0.5,48.299998,40,7,45.999998,68.999997,23.00909,1,1,1073,0,ilp_v2,optimal,1,26.979469,48.280588,0.558806,0.00585,0.0,,0.00585,0.006566,3,0,0
n_tsk\set73\n_tsk_3.py,n_tsk,73,n_tsk,3,2,3,5,0.5,0.5,0.7,0.6,1.0,0.5,48.299998,40,7,45.999998,68.999997,23.00909,1,1,1073,0,ilp_v3,optimal,1,7.210439,38.467874,0.187441,0.006604,0.0,,0.006604,0.009135,3,0,0
n_tsk\set73\n_tsk_3.py,n_tsk,73,n_tsk,3,2,3,5,0.5,0.5,0.7,0.6,1.0,0.5,48.299998,40,7,45.999998,68.999997,23.00909,1,1,1073,0,ilp_v4,optimal,1,26.979469,48.280588,0.558806,0.013752,0.0,,0.013752,0.015231,3,0,0
n_tsk\set73\n_tsk_3.py,n_tsk,73,n_tsk,3,2,3,5,0.5,0.5,0.7,0.6,1.0,0.5,48.299998,40,7,45.999998,68.999997,23.00909,1,1,1073,0,greedy_sps_baseline,solved,1,4.011434,48.167366,0.083281,0.001049,,,0.001049,0.001175,3,0,0
n_tsk\set73\n_tsk_4.py,n_tsk,73,n_tsk,4,2,4,5,0.5,0.5,0.7,0.6,1.0,0.5,48.300003,40,8,46.000001,69.000005,23.009091,1,1,1073,0,ilp_v2,optimal,1,44.319866,48.177812,0.919923,0.026887,0.0,,0.026887,0.032454,3,0,0
n_tsk\set73\n_tsk_4.py,n_tsk,73,n_tsk,4,2,4,5,0.5,0.5,0.7,0.6,1.0,0.5,48.300003,40,8,46.000001,69.000005,23.009091,1,1,1073,0,ilp_v3,optimal,1,38.222112,47.496626,0.804733,0.014114,0.0,,0.014114,0.016119,3,0,0
n_tsk\set73\n_tsk_4.py,n_tsk,73,n_tsk,4,2,4,5,0.5,0.5,0.7,0.6,1.0,0.5,48.300003,40,8,46.000001,69.000005,23.009091,1,1,1073,0,ilp_v4,optimal,1,44.319866,48.177812,0.919923,0.033258,0.0,,0.033258,0.035537,3,0,0
n_tsk\set73\n_tsk_4.py,n_tsk,73,n_tsk,4,2,4,5,0.5,0.5,0.7,0.6,1.0,0.5,48.300003,40,8,46.000001,69.000005,23.009091,1,1,1073,0,greedy_sps_baseline,solved,1,2.68412,47.398107,0.056629,0.001211,,,0.001211,0.001337,3,0,0
n_tsk\set73\n_tsk_5.py,n_tsk,73,n_tsk,5,2,5,5,0.5,0.5,0.7,0.6,1.0,0.5,48.3,40,9,45.999998,69.0,23.00909,1,1,1073,0,ilp_v2,optimal,1,53.256765,48.26892,1.103334,0.015219,0.0,,0.015219,0.015619,3,0,0
n_tsk\set73\n_tsk_5.py,n_tsk,73,n_tsk,5,2,5,5,0.5,0.5,0.7,0.6,1.0,0.5,48.3,40,9,45.999998,69.0,23.00909,1,1,1073,0,ilp_v3,optimal,1,53.256765,48.210544,1.10467,0.008434,0.0,,0.008434,0.008706,3,0,0
n_tsk\set73\n_tsk_5.py,n_tsk,73,n_tsk,5,2,5,5,0.5,0.5,0.7,0.6,1.0,0.5,48.3,40,9,45.999998,69.0,23.00909,1,1,1073,0,ilp_v4,optimal,1,53.256765,48.26892,1.103334,0.028554,0.0,,0.028554,0.032634,3,0,0
n_tsk\set73\n_tsk_5.py,n_tsk,73,n_tsk,5,2,5,5,0.5,0.5,0.7,0.6,1.0,0.5,48.3,40,9,45.999998,69.0,23.00909,1,1,1073,0,greedy_sps_baseline,solved,1,6.644092,48.034474,0.138319,0.000937,,,0.000937,0.001088,3,0,0
n_tsk\set74\n_tsk_3.py,n_tsk,74,n_tsk,3,2,3,5,0.5,0.5,0.7,0.6,1.0,0.5,48.300006,40,7,46.000002,69.000008,21.400001,1,1,1074,0,ilp_v2,optimal,1,74.897923,48.155734,1.555327,0.043032,0.0,,0.043032,0.047539,3,0,0
n_tsk\set74\n_tsk_3.py,n_tsk,74,n_tsk,3,2,3,5,0.5,0.5,0.7,0.6,1.0,0.5,48.300006,40,7,46.000002,69.000008,21.400001,1,1,1074,0,ilp_v3,optimal,1,56.647321,48.275743,1.173412,0.032827,0.0,,0.032827,0.036458,3,0,0
n_tsk\set74\n_tsk_3.py,n_tsk,74,n_tsk,3,2,3,5,0.5,0.5,0.7,0.6,1.0,0.5,48.300006,40,7,46.000002,69.000008,21.400001,1,1,1074,0,ilp_v4,optimal,1,74.897923,48.155734,1.555327,0.064066,0.0,,0.064066,0.068356,3,0,0
n_tsk\set74\n_tsk_3.py,n_tsk,74,n_tsk,3,2,3,5,0.5,0.5,0.7,0.6,1.0,0.5,48.300006,40,7,46.000002,69.000008,21.400001,1,1,1074,0,greedy_sps_baseline,solved,1,8.650147,48.296219,0.179106,0.000824,,,0.000824,0.000933,3,0,0
n_tsk\set74\n_tsk_4.py,n_tsk,74,n_tsk,4,2,4,5,0.5,0.5,0.7,0.6,1.0,0.5,48.3,40,8,46.000001,69.0,21.400001,1,1,1074,0,ilp_v2,optimal,1,47.439113,47.599211,0.996637,0.011852,0.0,,0.011852,0.012659,3,0,0
n_tsk\set74\n_tsk_4.py,n_tsk,74,n_tsk,4,2,4,5,0.5,0.5,0.7,0.6,1.0,0.5,48.3,40,8,46.000001,69.0,21.400001,1,1,1074,0,ilp_v3,optimal,1,49.440837,48.254093,1.024594,0.042354,0.0,,0.042354,0.04612,3,0,0
n_tsk\set74\n_tsk_4.py,n_tsk,74,n_tsk,4,2,4,5,0.5,0.5,0.7,0.6,1.0,0.5,48.3,40,8,46.000001,69.0,21.400001,1,1,1074,0,ilp_v4,optimal,1,67.588647,48.259601,1.400522,0.062758,0.0,,0.062758,0.066444,3,0,0
n_tsk\set74\n_tsk_4.py,n_tsk,74,n_tsk,4,2,4,5,0.5,0.5,0.7,0.6,1.0,0.5,48.3,40,8,46.000001,69.0,21.400001,1,1,1074,0,greedy_sps_baseline,solved,1,8.814786,48.275219,0.182594,0.002323,,,0.002323,0.002489,3,0,0
n_tsk\set74\n_tsk_5.py,n_tsk,74,n_tsk,5,2,5,5,0.5,0.5,0.7,0.6,1.0,0.5,48.300002,40,9,45.999999,69.000003,21.399999,1,1,1074,0,ilp_v2,optimal,1,33.064566,48.297877,0.684597,0.024763,0.0,,0.024763,0.028959,3,0,0
n_tsk\set74\n_tsk_5.py,n_tsk,74,n_tsk,5,2,5,5,0.5,0.5,0.7,0.6,1.0,0.5,48.300002,40,9,45.999999,69.000003,21.399999,1,1,1074,0,ilp_v3,optimal,1,31.490374,48.119609,0.654419,0.12563,0.0,,0.12563,0.155501,3,0,0
n_tsk\set74\n_tsk_5.py,n_tsk,74,n_tsk,5,2,5,5,0.5,0.5,0.7,0.6,1.0,0.5,48.300002,40,9,45.999999,69.000003,21.399999,1,1,1074,0,ilp_v4,optimal,1,33.064566,48.297877,0.684597,0.057295,0.0,,0.057295,0.06674,3,0,0
n_tsk\set74\n_tsk_5.py,n_tsk,74,n_tsk,5,2,5,5,0.5,0.5,0.7,0.6,1.0,0.5,48.300002,40,9,45.999999,69.000003,21.399999,1,1,1074,0,greedy_sps_baseline,solved,1,4.198159,48.127094,0.087231,0.001708,,,0.001708,0.001845,3,0,0
n_tsk\set75\n_tsk_3.py,n_tsk,75,n_tsk,3,2,3,5,0.5,0.5,0.7,0.6,1.0,0.5,48.3,40,7,46.000001,69.0,21.433334,1,1,1075,0,ilp_v2,optimal,1,64.685709,48.258535,1.340399,0.046854,0.0,,0.046854,0.047217,3,0,0
n_tsk\set75\n_tsk_3.py,n_tsk,75,n_tsk,3,2,3,5,0.5,0.5,0.7,0.6,1.0,0.5,48.3,40,7,46.000001,69.0,21.433334,1,1,1075,0,ilp_v3,optimal,1,53.699583,47.862855,1.121947,0.018053,0.0,,0.018053,0.020385,3,0,0
n_tsk\set75\n_tsk_3.py,n_tsk,75,n_tsk,3,2,3,5,0.5,0.5,0.7,0.6,1.0,0.5,48.3,40,7,46.000001,69.0,21.433334,1,1,1075,0,ilp_v4,optimal,1,72.742268,48.260054,1.507298,0.028723,0.0,,0.028723,0.030905,3,0,0
n_tsk\set75\n_tsk_3.py,n_tsk,75,n_tsk,3,2,3,5,0.5,0.5,0.7,0.6,1.0,0.5,48.3,40,7,46.000001,69.0,21.433334,1,1,1075,0,greedy_sps_baseline,solved,1,4.023416,47.746605,0.084266,0.001059,,,0.001059,0.002179,3,0,0
n_tsk\set75\n_tsk_4.py,n_tsk,75,n_tsk,4,2,4,5,0.5,0.5,0.7,0.6,1.0,0.5,48.300001,40,8,45.999998,69.000001,21.433332,1,1,1075,0,ilp_v2,optimal,1,33.684397,48.180125,0.699135,0.021965,0.0,,0.021965,0.024093,3,0,0
n_tsk\set75\n_tsk_4.py,n_tsk,75,n_tsk,4,2,4,5,0.5,0.5,0.7,0.6,1.0,0.5,48.300001,40,8,45.999998,69.000001,21.433332,1,1,1075,0,ilp_v3,optimal,1,34.75975,44.8173,0.775588,0.013818,0.0,,0.013818,0.015376,3,0,0
n_tsk\set75\n_tsk_4.py,n_tsk,75,n_tsk,4,2,4,5,0.5,0.5,0.7,0.6,1.0,0.5,48.300001,40,8,45.999998,69.000001,21.433332,1,1,1075,0,ilp_v4,optimal,1,41.242841,45.159029,0.91328,0.033906,0.0,,0.033906,0.035867,3,0,0
n_tsk\set75\n_tsk_4.py,n_tsk,75,n_tsk,4,2,4,5,0.5,0.5,0.7,0.6,1.0,0.5,48.300001,40,8,45.999998,69.000001,21.433332,1,1,1075,0,greedy_sps_baseline,solved,1,7.214144,48.147097,0.149835,0.000763,,,0.000763,0.001262,3,0,0
n_tsk\set75\n_tsk_5.py,n_tsk,75,n_tsk,5,2,5,5,0.5,0.5,0.7,0.6,1.0,0.5,48.299996,40,9,46.0,68.999994,21.433333,1,1,1075,0,ilp_v2,optimal,1,50.424441,48.243567,1.045205,0.022176,0.0,,0.022176,0.023782,3,0,0
n_tsk\set75\n_tsk_5.py,n_tsk,75,n_tsk,5,2,5,5,0.5,0.5,0.7,0.6,1.0,0.5,48.299996,40,9,46.0,68.999994,21.433333,1,1,1075,0,ilp_v3,optimal,1,45.837582,47.538648,0.964217,0.01663,0.0,,0.01663,0.01817,3,0,0
n_tsk\set75\n_tsk_5.py,n_tsk,75,n_tsk,5,2,5,5,0.5,0.5,0.7,0.6,1.0,0.5,48.299996,40,9,46.0,68.999994,21.433333,1,1,1075,0,ilp_v4,optimal,1,50.424441,48.243567,1.045205,0.041509,0.0,,0.041509,0.049864,3,0,0
n_tsk\set75\n_tsk_5.py,n_tsk,75,n_tsk,5,2,5,5,0.5,0.5,0.7,0.6,1.0,0.5,48.299996,40,9,46.0,68.999994,21.433333,1,1,1075,0,greedy_sps_baseline,solved,1,6.620494,48.250391,0.137211,0.000964,,,0.000964,0.001097,3,0,0
n_tsk\set76\n_tsk_3.py,n_tsk,76,n_tsk,3,2,3,5,0.5,0.5,0.7,0.6,1.0,0.5,48.299999,40,7,45.999999,68.999999,21.399999,1,1,1076,0,ilp_v2,optimal,1,43.558644,48.215131,0.903423,0.011247,0.0,,0.011247,0.012805,3,0,0
n_tsk\set76\n_tsk_3.py,n_tsk,76,n_tsk,3,2,3,5,0.5,0.5,0.7,0.6,1.0,0.5,48.299999,40,7,45.999999,68.999999,21.399999,1,1,1076,0,ilp_v3,optimal,1,41.210639,46.40655,0.888035,0.01476,0.0,,0.01476,0.01622,3,0,0
n_tsk\set76\n_tsk_3.py,n_tsk,76,n_tsk,3,2,3,5,0.5,0.5,0.7,0.6,1.0,0.5,48.299999,40,7,45.999999,68.999999,21.399999,1,1,1076,0,ilp_v4,optimal,1,43.558644,48.215131,0.903423,0.018856,0.0,,0.018856,0.02031,3,0,0
n_tsk\set76\n_tsk_3.py,n_tsk,76,n_tsk,3,2,3,5,0.5,0.5,0.7,0.6,1.0,0.5,48.299999,40,7,45.999999,68.999999,21.399999,1,1,1076,0,greedy_sps_baseline,solved,1,6.25711,47.780049,0.130957,0.000801,,,0.000801,0.000918,3,0,0
n_tsk\set76\n_tsk_4.py,n_tsk,76,n_tsk,4,2,4,5,0.5,0.5,0.7,0.6,1.0,0.5,48.299998,40,11,45.999999,68.999998,21.399999,1,1,1076,0,ilp_v2,optimal,1,26.741108,48.184461,0.554974,0.04492,0.0,,0.04492,0.046271,3,0,0
n_tsk\set76\n_tsk_4.py,n_tsk,76,n_tsk,4,2,4,5,0.5,0.5,0.7,0.6,1.0,0.5,48.299998,40,11,45.999999,68.999998,21.399999,1,1,1076,0,ilp_v3,optimal,1,26.814561,48.298024,0.55519,0.065106,8e-06,,0.065106,0.074589,3,0,0
n_tsk\set76\n_tsk_4.py,n_tsk,76,n_tsk,4,2,4,5,0.5,0.5,0.7,0.6,1.0,0.5,48.299998,40,11,45.999999,68.999998,21.399999,1,1,1076,0,ilp_v4,optimal,1,26.741108,46.825028,0.571086,0.076638,0.0,,0.076638,0.07751,3,0,0
n_tsk\set76\n_tsk_4.py,n_tsk,76,n_tsk,4,2,4,5,0.5,0.5,0.7,0.6,1.0,0.5,48.299998,40,11,45.999999,68.999998,21.399999,1,1,1076,0,greedy_sps_baseline,solved,1,2.426068,48.267471,0.050263,0.002158,,,0.002158,0.002328,3,0,0
n_tsk\set76\n_tsk_5.py,n_tsk,76,n_tsk,5,2,5,5,0.5,0.5,0.7,0.6,1.0,0.5,48.299998,40,12,46.0,68.999998,21.4,1,1,1076,0,ilp_v2,optimal,1,42.19558,48.265542,0.874238,0.058537,0.0,,0.058537,0.064727,3,0,0
n_tsk\set76\n_tsk_5.py,n_tsk,76,n_tsk,5,2,5,5,0.5,0.5,0.7,0.6,1.0,0.5,48.299998,40,12,46.0,68.999998,21.4,1,1,1076,0,ilp_v3,optimal,1,43.273385,48.287662,0.896158,0.141123,0.0,,0.141123,0.150869,3,0,0
n_tsk\set76\n_tsk_5.py,n_tsk,76,n_tsk,5,2,5,5,0.5,0.5,0.7,0.6,1.0,0.5,48.299998,40,12,46.0,68.999998,21.4,1,1,1076,0,ilp_v4,optimal,1,41.879963,48.010159,0.872315,0.226026,0.0,,0.226026,0.243459,3,0,0
n_tsk\set76\n_tsk_5.py,n_tsk,76,n_tsk,5,2,5,5,0.5,0.5,0.7,0.6,1.0,0.5,48.299998,40,12,46.0,68.999998,21.4,1,1,1076,0,greedy_sps_baseline,solved,1,6.510468,48.226903,0.134997,0.001783,,,0.001783,0.002038,3,0,0
n_tsk\set77\n_tsk_3.py,n_tsk,77,n_tsk,3,2,3,5,0.5,0.5,0.7,0.6,1.0,0.5,48.300002,40,7,46.000001,69.000003,21.433334,1,1,1077,0,ilp_v2,optimal,1,32.030173,48.275829,0.663483,0.04376,0.0,,0.04376,0.049895,3,0,0
n_tsk\set77\n_tsk_3.py,n_tsk,77,n_tsk,3,2,3,5,0.5,0.5,0.7,0.6,1.0,0.5,48.300002,40,7,46.000001,69.000003,21.433334,1,1,1077,0,ilp_v3,optimal,1,39.167911,48.189736,0.812785,0.011941,0.0,,0.011941,0.016612,3,0,0
n_tsk\set77\n_tsk_3.py,n_tsk,77,n_tsk,3,2,3,5,0.5,0.5,0.7,0.6,1.0,0.5,48.300002,40,7,46.000001,69.000003,21.433334,1,1,1077,0,ilp_v4,optimal,1,42.129327,48.158848,0.874799,0.035428,0.0,,0.035428,0.041941,3,0,0
n_tsk\set77\n_tsk_3.py,n_tsk,77,n_tsk,3,2,3,5,0.5,0.5,0.7,0.6,1.0,0.5,48.300002,40,7,46.000001,69.000003,21.433334,1,1,1077,0,greedy_sps_baseline,solved,1,4.68313,48.2083,0.097144,0.000898,,,0.000898,0.000973,3,0,0
n_tsk\set77\n_tsk_4.py,n_tsk,77,n_tsk,4,2,4,5,0.5,0.5,0.7,0.6,1.0,0.5,48.300001,40,11,46.000001,69.000001,21.433334,1,1,1077,0,ilp_v2,optimal,1,54.673581,47.959257,1.140001,0.036502,0.0,,0.036502,0.039547,3,0,0
n_tsk\set77\n_tsk_4.py,n_tsk,77,n_tsk,4,2,4,5,0.5,0.5,0.7,0.6,1.0,0.5,48.300001,40,11,46.000001,69.000001,21.433334,1,1,1077,0,ilp_v3,optimal,1,52.113402,48.194587,1.081312,0.075872,0.0,,0.075872,0.078963,3,0,0
n_tsk\set77\n_tsk_4.py,n_tsk,77,n_tsk,4,2,4,5,0.5,0.5,0.7,0.6,1.0,0.5,48.300001,40,11,46.000001,69.000001,21.433334,1,1,1077,0,ilp_v4,optimal,1,59.018566,48.289546,1.222181,0.104269,0.0,,0.104269,0.12909,3,0,0
n_tsk\set77\n_tsk_4.py,n_tsk,77,n_tsk,4,2,4,5,0.5,0.5,0.7,0.6,1.0,0.5,48.300001,40,11,46.000001,69.000001,21.433334,1,1,1077,0,greedy_sps_baseline,solved,1,6.593663,48.201462,0.136794,0.001464,,,0.001464,0.001775,3,0,0
n_tsk\set77\n_tsk_5.py,n_tsk,77,n_tsk,5,2,5,5,0.5,0.5,0.7,0.6,1.0,0.5,48.300002,40,13,46.000002,69.000002,21.433334,1,1,1077,0,ilp_v2,optimal,1,92.186962,48.005995,1.920322,0.049214,0.0,,0.049214,0.050299,3,0,0
n_tsk\set77\n_tsk_5.py,n_tsk,77,n_tsk,5,2,5,5,0.5,0.5,0.7,0.6,1.0,0.5,48.300002,40,13,46.000002,69.000002,21.433334,1,1,1077,0,ilp_v3,optimal,1,84.871441,48.243415,1.759234,0.125466,0.0,,0.125466,0.14443,3,0,0
n_tsk\set77\n_tsk_5.py,n_tsk,77,n_tsk,5,2,5,5,0.5,0.5,0.7,0.6,1.0,0.5,48.300002,40,13,46.000002,69.000002,21.433334,1,1,1077,0,ilp_v4,optimal,1,91.625232,47.872191,1.913955,0.1469,0.0,,0.1469,0.184707,3,0,0
n_tsk\set77\n_tsk_5.py,n_tsk,77,n_tsk,5,2,5,5,0.5,0.5,0.7,0.6,1.0,0.5,48.300002,40,13,46.000002,69.000002,21.433334,1,1,1077,0,greedy_sps_baseline,solved,1,9.18322,48.219392,0.190447,0.002184,,,0.002184,0.002312,3,0,0
n_tsk\set78\n_tsk_3.py,n_tsk,78,n_tsk,3,2,3,5,0.5,0.5,0.7,0.6,1.0,0.5,48.299998,40,7,45.999999,68.999998,21.399999,1,1,1078,0,ilp_v2,optimal,1,15.242376,46.531984,0.327568,0.00791,0.0,,0.00791,0.009829,3,0,0
n_tsk\set78\n_tsk_3.py,n_tsk,78,n_tsk,3,2,3,5,0.5,0.5,0.7,0.6,1.0,0.5,48.299998,40,7,45.999999,68.999998,21.399999,1,1,1078,0,ilp_v3,optimal,1,15.901026,46.414558,0.342587,0.008421,0.0,,0.008421,0.009147,3,0,0
n_tsk\set78\n_tsk_3.py,n_tsk,78,n_tsk,3,2,3,5,0.5,0.5,0.7,0.6,1.0,0.5,48.299998,40,7,45.999999,68.999998,21.399999,1,1,1078,0,ilp_v4,optimal,1,30.86502,46.99344,0.656794,0.029939,0.0,,0.029939,0.032306,3,0,0
n_tsk\set78\n_tsk_3.py,n_tsk,78,n_tsk,3,2,3,5,0.5,0.5,0.7,0.6,1.0,0.5,48.299998,40,7,45.999999,68.999998,21.399999,1,1,1078,0,greedy_sps_baseline,solved,1,4.149691,48.119309,0.086238,0.001125,,,0.001125,0.001624,3,0,0
n_tsk\set78\n_tsk_4.py,n_tsk,78,n_tsk,4,2,4,5,0.5,0.5,0.7,0.6,1.0,0.5,48.299999,40,9,46.000002,68.999999,21.400001,1,1,1078,0,ilp_v2,optimal,1,57.979676,48.275099,1.201027,0.019809,0.0,,0.019809,0.022478,3,0,0
n_tsk\set78\n_tsk_4.py,n_tsk,78,n_tsk,4,2,4,5,0.5,0.5,0.7,0.6,1.0,0.5,48.299999,40,9,46.000002,68.999999,21.400001,1,1,1078,0,ilp_v3,optimal,1,57.979676,48.275099,1.201027,0.018579,0.0,,0.018579,0.019953,3,0,0
n_tsk\set78\n_tsk_4.py,n_tsk,78,n_tsk,4,2,4,5,0.5,0.5,0.7,0.6,1.0,0.5,48.299999,40,9,46.000002,68.999999,21.400001,1,1,1078,0,ilp_v4,optimal,1,65.039402,47.658629,1.364693,0.066291,0.0,,0.066291,0.074552,3,0,0
n_tsk\set78\n_tsk_4.py,n_tsk,78,n_tsk,4,2,4,5,0.5,0.5,0.7,0.6,1.0,0.5,48.299999,40,9,46.000002,68.999999,21.400001,1,1,1078,0,greedy_sps_baseline,solved,1,6.27674,48.210731,0.130194,0.001448,,,0.001448,0.002033,3,0,0
n_tsk\set78\n_tsk_5.py,n_tsk,78,n_tsk,5,2,5,5,0.5,0.5,0.7,0.6,1.0,0.5,48.3,40,11,45.999999,69.0,21.399999,1,1,1078,0,ilp_v2,optimal,1,50.587977,47.959413,1.054808,0.030467,0.0,,0.030467,0.034094,3,0,0
n_tsk\set78\n_tsk_5.py,n_tsk,78,n_tsk,5,2,5,5,0.5,0.5,0.7,0.6,1.0,0.5,48.3,40,11,45.999999,69.0,21.399999,1,1,1078,0,ilp_v3,optimal,1,50.276578,47.969065,1.048104,0.082285,0.0,,0.082285,0.096708,3,0,0
n_tsk\set78\n_tsk_5.py,n_tsk,78,n_tsk,5,2,5,5,0.5,0.5,0.7,0.6,1.0,0.5,48.3,40,11,45.999999,69.0,21.399999,1,1,1078,0,ilp_v4,optimal,1,50.180491,47.821206,1.049336,0.119611,0.0,,0.119611,0.140459,3,0,0
n_tsk\set78\n_tsk_5.py,n_tsk,78,n_tsk,5,2,5,5,0.5,0.5,0.7,0.6,1.0,0.5,48.3,40,11,45.999999,69.0,21.399999,1,1,1078,0,greedy_sps_baseline,solved,1,3.976055,47.816505,0.083152,0.001462,,,0.001462,0.001659,3,0,0
n_tsk\set79\n_tsk_3.py,n_tsk,79,n_tsk,3,2,3,5,0.5,0.5,0.7,0.6,1.0,0.5,48.299999,40,7,45.999998,68.999999,21.399999,1,1,1079,0,ilp_v2,optimal,1,49.328943,48.069635,1.026198,0.018991,0.0,,0.018991,0.02438,3,0,0
n_tsk\set79\n_tsk_3.py,n_tsk,79,n_tsk,3,2,3,5,0.5,0.5,0.7,0.6,1.0,0.5,48.299999,40,7,45.999998,68.999999,21.399999,1,1,1079,0,ilp_v3,optimal,1,49.328943,48.069635,1.026198,0.019094,0.0,,0.019094,0.019687,3,0,0
n_tsk\set79\n_tsk_3.py,n_tsk,79,n_tsk,3,2,3,5,0.5,0.5,0.7,0.6,1.0,0.5,48.299999,40,7,45.999998,68.999999,21.399999,1,1,1079,0,ilp_v4,optimal,1,66.642457,47.47161,1.403838,0.028099,0.0,,0.028099,0.028567,3,0,0
n_tsk\set79\n_tsk_3.py,n_tsk,79,n_tsk,3,2,3,5,0.5,0.5,0.7,0.6,1.0,0.5,48.299999,40,7,45.999998,68.999999,21.399999,1,1,1079,0,greedy_sps_baseline,solved,1,8.721429,48.130338,0.181204,0.000418,,,0.000418,0.000538,3,0,0
n_tsk\set79\n_tsk_4.py,n_tsk,79,n_tsk,4,2,4,5,0.5,0.5,0.7,0.6,1.0,0.5,48.299998,40,9,45.999998,68.999998,21.399999,1,1,1079,0,ilp_v2,optimal,1,59.47171,48.233209,1.233003,0.099956,0.0,,0.099956,0.107122,3,0,0
n_tsk\set79\n_tsk_4.py,n_tsk,79,n_tsk,4,2,4,5,0.5,0.5,0.7,0.6,1.0,0.5,48.299998,40,9,45.999998,68.999998,21.399999,1,1,1079,0,ilp_v3,optimal,1,53.16633,48.111211,1.105072,0.026254,0.0,,0.026254,0.030204,3,0,0
n_tsk\set79\n_tsk_4.py,n_tsk,79,n_tsk,4,2,4,5,0.5,0.5,0.7,0.6,1.0,0.5,48.299998,40,9,45.999998,68.999998,21.399999,1,1,1079,0,ilp_v4,optimal,1,59.47171,48.233209,1.233003,0.117852,0.0,,0.117852,0.141042,3,0,0
n_tsk\set79\n_tsk_4.py,n_tsk,79,n_tsk,4,2,4,5,0.5,0.5,0.7,0.6,1.0,0.5,48.299998,40,9,45.999998,68.999998,21.399999,1,1,1079,0,greedy_sps_baseline,solved,1,5.078606,47.847757,0.106141,0.001112,,,0.001112,0.001274,3,0,0
n_tsk\set79\n_tsk_5.py,n_tsk,79,n_tsk,5,2,5,5,0.5,0.5,0.7,0.6,1.0,0.5,48.299999,40,10,46.000001,68.999999,21.400001,1,1,1079,0,ilp_v2,optimal,1,52.87521,48.267597,1.09546,0.2062,0.0,,0.2062,0.22355,3,0,0
n_tsk\set79\n_tsk_5.py,n_tsk,79,n_tsk,5,2,5,5,0.5,0.5,0.7,0.6,1.0,0.5,48.299999,40,10,46.000001,68.999999,21.400001,1,1,1079,0,ilp_v3,optimal,1,49.07913,48.270707,1.016748,0.134578,0.0,,0.134578,0.146116,3,0,0
n_tsk\set79\n_tsk_5.py,n_tsk,79,n_tsk,5,2,5,5,0.5,0.5,0.7,0.6,1.0,0.5,48.299999,40,10,46.000001,68.999999,21.400001,1,1,1079,0,ilp_v4,optimal,1,52.463924,48.293234,1.086362,0.107279,0.0,,0.107279,0.111255,3,0,0
n_tsk\set79\n_tsk_5.py,n_tsk,79,n_tsk,5,2,5,5,0.5,0.5,0.7,0.6,1.0,0.5,48.299999,40,10,46.000001,68.999999,21.400001,1,1,1079,0,greedy_sps_baseline,solved,1,8.192411,48.29748,0.169624,0.002213,,,0.002213,0.002368,3,0,0
n_tsk\set80\n_tsk_3.py,n_tsk,80,n_tsk,3,2,3,5,0.5,0.5,0.7,0.6,1.0,0.5,48.300002,40,7,46.0,69.000003,22.0,1,1,1080,0,ilp_v2,optimal,1,49.503338,47.569387,1.040655,0.014837,0.0,,0.014837,0.017992,3,0,0
n_tsk\set80\n_tsk_3.py,n_tsk,80,n_tsk,3,2,3,5,0.5,0.5,0.7,0.6,1.0,0.5,48.300002,40,7,46.0,69.000003,22.0,1,1,1080,0,ilp_v3,optimal,1,49.503338,47.569387,1.040655,0.013792,0.0,,0.013792,0.015231,3,0,0
n_tsk\set80\n_tsk_3.py,n_tsk,80,n_tsk,3,2,3,5,0.5,0.5,0.7,0.6,1.0,0.5,48.300002,40,7,46.0,69.000003,22.0,1,1,1080,0,ilp_v4,optimal,1,49.503338,47.569387,1.040655,0.022653,0.0,,0.022653,0.024124,3,0,0
n_tsk\set80\n_tsk_3.py,n_tsk,80,n_tsk,3,2,3,5,0.5,0.5,0.7,0.6,1.0,0.5,48.300002,40,7,46.0,69.000003,22.0,1,1,1080,0,greedy_sps_baseline,solved,1,4.414508,47.575338,0.09279,0.000625,,,0.000625,0.000759,3,0,0
n_tsk\set80\n_tsk_4.py,n_tsk,80,n_tsk,4,2,4,5,0.5,0.5,0.7,0.6,1.0,0.5,48.300002,40,11,46.000001,69.000002,22.000001,1,1,1080,0,ilp_v2,optimal,1,42.92703,47.855432,0.897015,0.052097,9.5e-05,,0.052097,0.061032,3,0,0
n_tsk\set80\n_tsk_4.py,n_tsk,80,n_tsk,4,2,4,5,0.5,0.5,0.7,0.6,1.0,0.5,48.300002,40,11,46.000001,69.000002,22.000001,1,1,1080,0,ilp_v3,optimal,1,46.288997,48.183928,0.960673,0.069549,0.0,,0.069549,0.076803,3,0,0
n_tsk\set80\n_tsk_4.py,n_tsk,80,n_tsk,4,2,4,5,0.5,0.5,0.7,0.6,1.0,0.5,48.300002,40,11,46.000001,69.000002,22.000001,1,1,1080,0,ilp_v4,optimal,1,45.071032,47.82516,0.942413,0.107856,0.0,,0.107856,0.113158,3,0,0
n_tsk\set80\n_tsk_4.py,n_tsk,80,n_tsk,4,2,4,5,0.5,0.5,0.7,0.6,1.0,0.5,48.300002,40,11,46.000001,69.000002,22.000001,1,1,1080,0,greedy_sps_baseline,solved,1,5.91281,48.11637,0.122886,0.00151,,,0.00151,0.001577,3,0,0
n_tsk\set80\n_tsk_5.py,n_tsk,80,n_tsk,5,2,5,5,0.5,0.5,0.7,0.6,1.0,0.5,48.299995,40,13,46.0,68.999993,22.0,1,1,1080,0,ilp_v2,optimal,1,67.454552,48.263912,1.397619,0.193937,0.0,,0.193937,0.326183,3,0,0
n_tsk\set80\n_tsk_5.py,n_tsk,80,n_tsk,5,2,5,5,0.5,0.5,0.7,0.6,1.0,0.5,48.299995,40,13,46.0,68.999993,22.0,1,1,1080,0,ilp_v3,optimal,1,70.351411,48.241956,1.458303,0.138937,0.0,,0.138937,0.194718,3,0,0
n_tsk\set80\n_tsk_5.py,n_tsk,80,n_tsk,5,2,5,5,0.5,0.5,0.7,0.6,1.0,0.5,48.299995,40,13,46.0,68.999993,22.0,1,1,1080,0,ilp_v4,optimal,1,73.759834,48.019064,1.536053,0.183273,0.0,,0.183273,0.240844,3,0,0
n_tsk\set80\n_tsk_5.py,n_tsk,80,n_tsk,5,2,5,5,0.5,0.5,0.7,0.6,1.0,0.5,48.299995,40,13,46.0,68.999993,22.0,1,1,1080,0,greedy_sps_baseline,solved,1,8.424312,48.191615,0.174809,0.002267,,,0.002267,0.003086,3,0,0
n_tsk\set81\n_tsk_3.py,n_tsk,81,n_tsk,3,2,3,5,0.5,0.5,0.7,0.6,1.0,0.5,48.299998,40,7,45.999998,68.999998,21.999999,1,1,1081,0,ilp_v2,optimal,1,47.596206,48.201514,0.987442,0.032051,0.0,,0.032051,0.037605,3,0,0
n_tsk\set81\n_tsk_3.py,n_tsk,81,n_tsk,3,2,3,5,0.5,0.5,0.7,0.6,1.0,0.5,48.299998,40,7,45.999998,68.999998,21.999999,1,1,1081,0,ilp_v3,optimal,1,50.642369,48.269119,1.049167,0.019865,0.0,,0.019865,0.026591,3,0,0
n_tsk\set81\n_tsk_3.py,n_tsk,81,n_tsk,3,2,3,5,0.5,0.5,0.7,0.6,1.0,0.5,48.299998,40,7,45.999998,68.999998,21.999999,1,1,1081,0,ilp_v4,optimal,1,65.20183,48.213438,1.352358,0.065159,0.0,,0.065159,0.076857,3,0,0
n_tsk\set81\n_tsk_3.py,n_tsk,81,n_tsk,3,2,3,5,0.5,0.5,0.7,0.6,1.0,0.5,48.299998,40,7,45.999998,68.999998,21.999999,1,1,1081,0,greedy_sps_baseline,solved,1,6.425912,48.000593,0.133872,0.001468,,,0.001468,0.001861,3,0,0
n_tsk\set81\n_tsk_4.py,n_tsk,81,n_tsk,4,2,4,5,0.5,0.5,0.7,0.6,1.0,0.5,48.300002,40,8,46.000002,69.000003,22.000001,1,1,1081,0,ilp_v2,optimal,1,24.676619,47.601812,0.518397,0.016222,0.0,,0.016222,0.020599,3,0,0
n_tsk\set81\n_tsk_4.py,n_tsk,81,n_tsk,4,2,4,5,0.5,0.5,0.7,0.6,1.0,0.5,48.300002,40,8,46.000002,69.000003,22.000001,1,1,1081,0,ilp_v3,optimal,1,55.437962,48.05966,1.153524,0.015722,0.0,,0.015722,0.017588,3,0,0
n_tsk\set81\n_tsk_4.py,n_tsk,81,n_tsk,4,2,4,5,0.5,0.5,0.7,0.6,1.0,0.5,48.300002,40,8,46.000002,69.000003,22.000001,1,1,1081,0,ilp_v4,optimal,1,55.437962,47.601396,1.164629,0.040405,0.0,,0.040405,0.046323,3,0,0
n_tsk\set81\n_tsk_4.py,n_tsk,81,n_tsk,4,2,4,5,0.5,0.5,0.7,0.6,1.0,0.5,48.300002,40,8,46.000002,69.000003,22.000001,1,1,1081,0,greedy_sps_baseline,solved,1,8.009805,47.936935,0.16709,0.000944,,,0.000944,0.001099,3,0,0
n_tsk\set81\n_tsk_5.py,n_tsk,81,n_tsk,5,2,5,5,0.5,0.5,0.7,0.6,1.0,0.5,48.299998,40,12,45.999997,68.999998,21.999998,1,1,1081,0,ilp_v2,optimal,1,40.447088,48.268356,0.837963,0.028554,0.0,,0.028554,0.031815,3,0,0
n_tsk\set81\n_tsk_5.py,n_tsk,81,n_tsk,5,2,5,5,0.5,0.5,0.7,0.6,1.0,0.5,48.299998,40,12,45.999997,68.999998,21.999998,1,1,1081,0,ilp_v3,optimal,1,38.843007,48.142483,0.806834,0.0149,0.0,,0.0149,0.018505,3,0,0
n_tsk\set81\n_tsk_5.py,n_tsk,81,n_tsk,5,2,5,5,0.5,0.5,0.7,0.6,1.0,0.5,48.299998,40,12,45.999997,68.999998,21.999998,1,1,1081,0,ilp_v4,optimal,1,40.447088,47.490026,0.851696,0.086518,0.0,,0.086518,0.0884,3,0,0
n_tsk\set81\n_tsk_5.py,n_tsk,81,n_tsk,5,2,5,5,0.5,0.5,0.7,0.6,1.0,0.5,48.299998,40,12,45.999997,68.999998,21.999998,1,1,1081,0,greedy_sps_baseline,solved,1,6.475637,48.017259,0.134861,0.002171,,,0.002171,0.002382,3,0,0
n_tsk\set82\n_tsk_3.py,n_tsk,82,n_tsk,3,2,3,5,0.5,0.5,0.7,0.6,1.0,0.5,48.299998,40,7,45.999999,68.999997,21.433333,1,1,1082,0,ilp_v2,optimal,1,22.59134,44.069901,0.512625,0.008551,0.0,,0.008551,0.010935,3,0,0
n_tsk\set82\n_tsk_3.py,n_tsk,82,n_tsk,3,2,3,5,0.5,0.5,0.7,0.6,1.0,0.5,48.299998,40,7,45.999999,68.999997,21.433333,1,1,1082,0,ilp_v3,optimal,1,22.59134,44.069901,0.512625,0.010199,0.0,,0.010199,0.011378,3,0,0
n_tsk\set82\n_tsk_3.py,n_tsk,82,n_tsk,3,2,3,5,0.5,0.5,0.7,0.6,1.0,0.5,48.299998,40,7,45.999999,68.999997,21.433333,1,1,1082,0,ilp_v4,optimal,1,22.59134,44.069901,0.512625,0.02496,0.0,,0.02496,0.028941,3,0,0
n_tsk\set82\n_tsk_3.py,n_tsk,82,n_tsk,3,2,3,5,0.5,0.5,0.7,0.6,1.0,0.5,48.299998,40,7,45.999999,68.999997,21.433333,1,1,1082,0,greedy_sps_baseline,solved,1,5.632613,48.156508,0.116965,0.001161,,,0.001161,0.001279,3,0,0
n_tsk\set82\n_tsk_4.py,n_tsk,82,n_tsk,4,2,4,5,0.5,0.5,0.7,0.6,1.0,0.5,48.299998,40,9,45.999999,68.999998,21.433333,1,1,1082,0,ilp_v2,optimal,1,48.682065,48.225973,1.009457,0.008388,0.0,,0.008388,0.009086,3,0,0
n_tsk\set82\n_tsk_4.py,n_tsk,82,n_tsk,4,2,4,5,0.5,0.5,0.7,0.6,1.0,0.5,48.299998,40,9,45.999999,68.999998,21.433333,1,1,1082,0,ilp_v3,optimal,1,44.793854,45.82011,0.977603,0.013927,0.0,,0.013927,0.014654,3,0,0
n_tsk\set82\n_tsk_4.py,n_tsk,82,n_tsk,4,2,4,5,0.5,0.5,0.7,0.6,1.0,0.5,48.299998,40,9,45.999999,68.999998,21.433333,1,1,1082,0,ilp_v4,optimal,1,45.491849,48.026565,0.947223,0.040295,0.0,,0.040295,0.041639,3,0,0
n_tsk\set82\n_tsk_4.py,n_tsk,82,n_tsk,4,2,4,5,0.5,0.5,0.7,0.6,1.0,0.5,48.299998,40,9,45.999999,68.999998,21.433333,1,1,1082,0,greedy_sps_baseline,solved,1,4.764479,47.362711,0.100596,0.001089,,,0.001089,0.001178,3,0,0
n_tsk\set82\n_tsk_5.py,n_tsk,82,n_tsk,5,2,5,5,0.5,0.5,0.7,0.6,1.0,0.5,48.299999,40,10,45.999999,68.999999,21.433333,1,1,1082,0,ilp_v2,optimal,1,31.067338,48.178531,0.644838,0.016597,0.0,,0.016597,0.020588,3,0,0
n_tsk\set82\n_tsk_5.py,n_tsk,82,n_tsk,5,2,5,5,0.5,0.5,0.7,0.6,1.0,0.5,48.299999,40,10,45.999999,68.999999,21.433333,1,1,1082,0,ilp_v3,optimal,1,29.709164,48.234368,0.615934,0.083674,0.0,,0.083674,0.101864,3,0,0
n_tsk\set82\n_tsk_5.py,n_tsk,82,n_tsk,5,2,5,5,0.5,0.5,0.7,0.6,1.0,0.5,48.299999,40,10,45.999999,68.999999,21.433333,1,1,1082,0,ilp_v4,optimal,1,32.938119,47.435427,0.694378,0.06365,0.0,,0.06365,0.075431,3,0,0
n_tsk\set82\n_tsk_5.py,n_tsk,82,n_tsk,5,2,5,5,0.5,0.5,0.7,0.6,1.0,0.5,48.299999,40,10,45.999999,68.999999,21.433333,1,1,1082,0,greedy_sps_baseline,solved,1,6.838606,48.19186,0.141904,0.002155,,,0.002155,0.002351,3,0,0
n_tsk\set83\n_tsk_3.py,n_tsk,83,n_tsk,3,2,3,5,0.5,0.5,0.7,0.6,1.0,0.5,48.300002,40,7,46.0,69.000002,21.433333,1,1,1083,0,ilp_v2,optimal,1,14.175229,27.735042,0.511095,0.011243,0.0,,0.011243,0.014146,3,0,0
n_tsk\set83\n_tsk_3.py,n_tsk,83,n_tsk,3,2,3,5,0.5,0.5,0.7,0.6,1.0,0.5,48.300002,40,7,46.0,69.000002,21.433333,1,1,1083,0,ilp_v3,optimal,1,14.175229,42.184064,0.336033,0.004254,0.0,,0.004254,0.006596,3,0,0
n_tsk\set83\n_tsk_3.py,n_tsk,83,n_tsk,3,2,3,5,0.5,0.5,0.7,0.6,1.0,0.5,48.300002,40,7,46.0,69.000002,21.433333,1,1,1083,0,ilp_v4,optimal,1,14.175229,27.735042,0.511095,0.01623,0.0,,0.01623,0.020956,3,0,0
n_tsk\set83\n_tsk_3.py,n_tsk,83,n_tsk,3,2,3,5,0.5,0.5,0.7,0.6,1.0,0.5,48.300002,40,7,46.0,69.000002,21.433333,1,1,1083,0,greedy_sps_baseline,solved,1,6.81268,48.278282,0.141113,0.001363,,,0.001363,0.001577,3,0,0
n_tsk\set83\n_tsk_4.py,n_tsk,83,n_tsk,4,2,4,5,0.5,0.5,0.7,0.6,1.0,0.5,48.299997,40,11,46.000001,68.999995,21.433334,1,1,1083,0,ilp_v2,optimal,1,32.582922,48.217581,0.675748,0.014604,0.0,,0.014604,0.015609,3,0,0
n_tsk\set83\n_tsk_4.py,n_tsk,83,n_tsk,4,2,4,5,0.5,0.5,0.7,0.6,1.0,0.5,48.299997,40,11,46.000001,68.999995,21.433334,1,1,1083,0,ilp_v3,optimal,1,32.582922,48.217581,0.675748,0.011061,0.0,,0.011061,0.013611,3,0,0
n_tsk\set83\n_tsk_4.py,n_tsk,83,n_tsk,4,2,4,5,0.5,0.5,0.7,0.6,1.0,0.5,48.299997,40,11,46.000001,68.999995,21.433334,1,1,1083,0,ilp_v4,optimal,1,32.743607,48.098637,0.68076,0.073292,0.0,,0.073292,0.082808,3,0,0
n_tsk\set83\n_tsk_4.py,n_tsk,83,n_tsk,4,2,4,5,0.5,0.5,0.7,0.6,1.0,0.5,48.299997,40,11,46.000001,68.999995,21.433334,1,1,1083,0,greedy_sps_baseline,solved,1,3.675217,48.236646,0.076191,0.001694,,,0.001694,0.001997,3,0,0
n_tsk\set83\n_tsk_5.py,n_tsk,83,n_tsk,5,2,5,5,0.5,0.5,0.7,0.6,1.0,0.5,48.299995,40,15,45.999998,68.999993,21.433332,1,1,1083,0,ilp_v2,optimal,1,45.507643,47.187008,0.96441,0.018862,0.0,,0.018862,0.021134,3,0,0
n_tsk\set83\n_tsk_5.py,n_tsk,83,n_tsk,5,2,5,5,0.5,0.5,0.7,0.6,1.0,0.5,48.299995,40,15,45.999998,68.999993,21.433332,1,1,1083,0,ilp_v3,optimal,1,46.201086,48.138314,0.959757,0.045338,0.0,,0.045338,0.051851,3,0,0
n_tsk\set83\n_tsk_5.py,n_tsk,83,n_tsk,5,2,5,5,0.5,0.5,0.7,0.6,1.0,0.5,48.299995,40,15,45.999998,68.999993,21.433332,1,1,1083,0,ilp_v4,optimal,1,46.924846,48.142189,0.974714,0.199507,0.0,,0.199507,0.236817,3,0,0
n_tsk\set83\n_tsk_5.py,n_tsk,83,n_tsk,5,2,5,5,0.5,0.5,0.7,0.6,1.0,0.5,48.299995,40,15,45.999998,68.999993,21.433332,1,1,1083,0,greedy_sps_baseline,solved,1,7.045957,48.193158,0.146202,0.002219,,,0.002219,0.002899,3,0,0
n_tsk\set84\n_tsk_3.py,n_tsk,84,n_tsk,3,2,3,5,0.5,0.5,0.7,0.6,1.0,0.5,48.299999,40,7,45.999998,68.999999,23.599999,1,1,1084,0,ilp_v2,optimal,1,37.468666,48.297313,0.775792,0.045694,0.0,,0.045694,0.050542,3,0,0
n_tsk\set84\n_tsk_3.py,n_tsk,84,n_tsk,3,2,3,5,0.5,0.5,0.7,0.6,1.0,0.5,48.299999,40,7,45.999998,68.999999,23.599999,1,1,1084,0,ilp_v3,optimal,1,37.468666,48.297313,0.775792,0.042192,0.0,,0.042192,0.049463,3,0,0
n_tsk\set84\n_tsk_3.py,n_tsk,84,n_tsk,3,2,3,5,0.5,0.5,0.7,0.6,1.0,0.5,48.299999,40,7,45.999998,68.999999,23.599999,1,1,1084,0,ilp_v4,optimal,1,64.699207,47.707708,1.356158,0.04262,0.0,,0.04262,0.046639,3,0,0
n_tsk\set84\n_tsk_3.py,n_tsk,84,n_tsk,3,2,3,5,0.5,0.5,0.7,0.6,1.0,0.5,48.299999,40,7,45.999998,68.999999,23.599999,1,1,1084,0,greedy_sps_baseline,solved,1,5.622886,48.274148,0.116478,0.000835,,,0.000835,0.001076,3,0,0
n_tsk\set84\n_tsk_4.py,n_tsk,84,n_tsk,4,2,4,5,0.5,0.5,0.7,0.6,1.0,0.5,48.299999,40,11,45.999999,68.999999,23.599999,1,1,1084,0,ilp_v2,optimal,1,76.829992,48.046349,1.599081,0.029027,0.0,,0.029027,0.030079,3,0,0
n_tsk\set84\n_tsk_4.py,n_tsk,84,n_tsk,4,2,4,5,0.5,0.5,0.7,0.6,1.0,0.5,48.299999,40,11,45.999999,68.999999,23.599999,1,1,1084,0,ilp_v3,optimal,1,76.829992,48.046349,1.599081,0.027378,0.0,,0.027378,0.028981,3,0,0
n_tsk\set84\n_tsk_4.py,n_tsk,84,n_tsk,4,2,4,5,0.5,0.5,0.7,0.6,1.0,0.5,48.299999,40,11,45.999999,68.999999,23.599999,1,1,1084,0,ilp_v4,optimal,1,83.59328,48.215949,1.733727,0.059548,0.0,,0.059548,0.072258,3,0,0
n_tsk\set84\n_tsk_4.py,n_tsk,84,n_tsk,4,2,4,5,0.5,0.5,0.7,0.6,1.0,0.5,48.299999,40,11,45.999999,68.999999,23.599999,1,1,1084,0,greedy_sps_baseline,solved,1,9.189575,48.180859,0.190731,0.001647,,,0.001647,0.002058,3,0,0
n_tsk\set84\n_tsk_5.py,n_tsk,84,n_tsk,5,2,5,5,0.5,0.5,0.7,0.6,1.0,0.5,48.299998,40,12,46.0,68.999997,23.6,1,1,1084,0,ilp_v2,optimal,1,71.775689,48.243405,1.487782,0.012485,0.0,,0.012485,0.016744,3,0,0
n_tsk\set84\n_tsk_5.py,n_tsk,84,n_tsk,5,2,5,5,0.5,0.5,0.7,0.6,1.0,0.5,48.299998,40,12,46.0,68.999997,23.6,1,1,1084,0,ilp_v3,optimal,1,65.440387,48.299447,1.354889,0.019737,0.0,,0.019737,0.024536,3,0,0
n_tsk\set84\n_tsk_5.py,n_tsk,84,n_tsk,5,2,5,5,0.5,0.5,0.7,0.6,1.0,0.5,48.299998,40,12,46.0,68.999997,23.6,1,1,1084,0,ilp_v4,optimal,1,71.775689,48.126617,1.491393,0.082418,0.0,,0.082418,0.120007,3,0,0
n_tsk\set84\n_tsk_5.py,n_tsk,84,n_tsk,5,2,5,5,0.5,0.5,0.7,0.6,1.0,0.5,48.299998,40,12,46.0,68.999997,23.6,1,1,1084,0,greedy_sps_baseline,solved,1,9.051474,48.271768,0.187511,0.000839,,,0.000839,0.001296,3,0,0
n_tsk\set85\n_tsk_3.py,n_tsk,85,n_tsk,3,2,3,5,0.5,0.5,0.7,0.6,1.0,0.5,48.300001,40,7,46.000001,69.000001,33.100001,1,1,1085,0,ilp_v2,optimal,1,54.304415,48.180242,1.12711,0.023426,0.0,,0.023426,0.026201,3,0,0
n_tsk\set85\n_tsk_3.py,n_tsk,85,n_tsk,3,2,3,5,0.5,0.5,0.7,0.6,1.0,0.5,48.300001,40,7,46.000001,69.000001,33.100001,1,1,1085,0,ilp_v3,optimal,1,54.304415,48.180242,1.12711,0.023296,0.0,,0.023296,0.025467,3,0,0
n_tsk\set85\n_tsk_3.py,n_tsk,85,n_tsk,3,2,3,5,0.5,0.5,0.7,0.6,1.0,0.5,48.300001,40,7,46.000001,69.000001,33.100001,1,1,1085,0,ilp_v4,optimal,1,67.395421,48.017896,1.403548,0.029918,0.0,,0.029918,0.031928,3,0,0
n_tsk\set85\n_tsk_3.py,n_tsk,85,n_tsk,3,2,3,5,0.5,0.5,0.7,0.6,1.0,0.5,48.300001,40,7,46.000001,69.000001,33.100001,1,1,1085,0,greedy_sps_baseline,solved,1,6.830536,47.931856,0.142505,0.000662,,,0.000662,0.000794,3,0,0
n_tsk\set85\n_tsk_4.py,n_tsk,85,n_tsk,4,2,4,5,0.5,0.5,0.7,0.6,1.0,0.5,48.299997,40,8,45.999999,68.999995,33.099999,1,1,1085,0,ilp_v2,optimal,1,61.83607,48.113448,1.285214,0.006517,0.0,,0.006517,0.007212,3,0,0
n_tsk\set85\n_tsk_4.py,n_tsk,85,n_tsk,4,2,4,5,0.5,0.5,0.7,0.6,1.0,0.5,48.299997,40,8,45.999999,68.999995,33.099999,1,1,1085,0,ilp_v3,optimal,1,51.213238,47.999556,1.066952,0.089673,0.0,,0.089673,0.094696,3,0,0
n_tsk\set85\n_tsk_4.py,n_tsk,85,n_tsk,4,2,4,5,0.5,0.5,0.7,0.6,1.0,0.5,48.299997,40,8,45.999999,68.999995,33.099999,1,1,1085,0,ilp_v4,optimal,1,61.83607,48.113448,1.285214,0.026275,0.0,,0.026275,0.029171,3,0,0
n_tsk\set85\n_tsk_4.py,n_tsk,85,n_tsk,4,2,4,5,0.5,0.5,0.7,0.6,1.0,0.5,48.299997,40,8,45.999999,68.999995,33.099999,1,1,1085,0,greedy_sps_baseline,solved,1,7.802926,48.025772,0.162474,0.000772,,,0.000772,0.000917,3,0,0
n_tsk\set85\n_tsk_5.py,n_tsk,85,n_tsk,5,2,5,5,0.5,0.5,0.7,0.6,1.0,0.5,48.299997,40,12,45.999999,68.999995,33.099999,1,1,1085,0,ilp_v2,optimal,1,42.242586,48.216709,0.876098,0.007542,0.0,,0.007542,0.009344,3,0,0
n_tsk\set85\n_tsk_5.py,n_tsk,85,n_tsk,5,2,5,5,0.5,0.5,0.7,0.6,1.0,0.5,48.299997,40,12,45.999999,68.999995,33.099999,1,1,1085,0,ilp_v3,optimal,1,34.86314,48.294526,0.721886,0.121755,0.0,,0.121755,0.166363,3,0,0
n_tsk\set85\n_tsk_5.py,n_tsk,85,n_tsk,5,2,5,5,0.5,0.5,0.7,0.6,1.0,0.5,48.299997,40,12,45.999999,68.999995,33.099999,1,1,1085,0,ilp_v4,optimal,1,42.242586,48.216709,0.876098,0.082967,0.0,,0.082967,0.100527,3,0,0
n_tsk\set85\n_tsk_5.py,n_tsk,85,n_tsk,5,2,5,5,0.5,0.5,0.7,0.6,1.0,0.5,48.299997,40,12,45.999999,68.999995,33.099999,1,1,1085,0,greedy_sps_baseline,solved,1,3.260737,48.207049,0.06764,0.003081,,,0.003081,0.004484,3,0,0
n_tsk\set86\n_tsk_3.py,n_tsk,86,n_tsk,3,2,3,5,0.5,0.5,0.7,0.6,1.0,0.5,48.300002,40,7,46.000002,69.000002,24.400001,1,1,1086,0,ilp_v2,optimal,1,40.852616,48.276664,0.846219,0.015923,0.0,,0.015923,0.018973,3,0,0
n_tsk\set86\n_tsk_3.py,n_tsk,86,n_tsk,3,2,3,5,0.5,0.5,0.7,0.6,1.0,0.5,48.300002,40,7,46.000002,69.000002,24.400001,1,1,1086,0,ilp_v3,optimal,1,44.146025,48.05458,0.918664,0.040461,0.0,,0.040461,0.054541,3,0,0
n_tsk\set86\n_tsk_3.py,n_tsk,86,n_tsk,3,2,3,5,0.5,0.5,0.7,0.6,1.0,0.5,48.300002,40,7,46.000002,69.000002,24.400001,1,1,1086,0,ilp_v4,optimal,1,59.56746,48.235801,1.234922,0.027487,0.0,,0.027487,0.031855,3,0,0
n_tsk\set86\n_tsk_3.py,n_tsk,86,n_tsk,3,2,3,5,0.5,0.5,0.7,0.6,1.0,0.5,48.300002,40,7,46.000002,69.000002,24.400001,1,1,1086,0,greedy_sps_baseline,solved,1,6.224498,48.094566,0.129422,0.000764,,,0.000764,0.000886,3,0,0
n_tsk\set86\n_tsk_4.py,n_tsk,86,n_tsk,4,2,4,5,0.5,0.5,0.7,0.6,1.0,0.5,48.300001,40,8,46.000002,69.000001,24.400001,1,1,1086,0,ilp_v2,optimal,1,39.817434,48.284994,0.824634,0.059405,0.0,,0.059405,0.073811,3,0,0
n_tsk\set86\n_tsk_4.py,n_tsk,86,n_tsk,4,2,4,5,0.5,0.5,0.7,0.6,1.0,0.5,48.300001,40,8,46.000002,69.000001,24.400001,1,1,1086,0,ilp_v3,optimal,1,40.054711,48.199383,0.831021,0.032745,0.0,,0.032745,0.03917,3,0,0
n_tsk\set86\n_tsk_4.py,n_tsk,86,n_tsk,4,2,4,5,0.5,0.5,0.7,0.6,1.0,0.5,48.300001,40,8,46.000002,69.000001,24.400001,1,1,1086,0,ilp_v4,optimal,1,50.609645,48.159346,1.050879,0.026864,0.0,,0.026864,0.030367,3,0,0
n_tsk\set86\n_tsk_4.py,n_tsk,86,n_tsk,4,2,4,5,0.5,0.5,0.7,0.6,1.0,0.5,48.300001,40,8,46.000002,69.000001,24.400001,1,1,1086,0,greedy_sps_baseline,solved,1,3.580476,48.197161,0.074288,0.001066,,,0.001066,0.001192,3,0,0
n_tsk\set86\n_tsk_5.py,n_tsk,86,n_tsk,5,2,5,5,0.5,0.5,0.7,0.6,1.0,0.5,48.299999,40,10,46.000001,68.999999,24.400001,1,1,1086,0,ilp_v2,optimal,1,35.067004,48.182236,0.727799,0.02613,0.0,,0.02613,0.031135,3,0,0
n_tsk\set86\n_tsk_5.py,n_tsk,86,n_tsk,5,2,5,5,0.5,0.5,0.7,0.6,1.0,0.5,48.299999,40,10,46.000001,68.999999,24.400001,1,1,1086,0,ilp_v3,optimal,1,37.549263,48.298039,0.777449,0.091789,0.0,,0.091789,0.106163,3,0,0
n_tsk\set86\n_tsk_5.py,n_tsk,86,n_tsk,5,2,5,5,0.5,0.5,0.7,0.6,1.0,0.5,48.299999,40,10,46.000001,68.999999,24.400001,1,1,1086,0,ilp_v4,optimal,1,43.842113,48.252011,0.908607,0.10095,4.6e-05,,0.10095,0.106233,3,0,0
n_tsk\set86\n_tsk_5.py,n_tsk,86,n_tsk,5,2,5,5,0.5,0.5,0.7,0.6,1.0,0.5,48.299999,40,10,46.000001,68.999999,24.400001,1,1,1086,0,greedy_sps_baseline,solved,1,7.475488,48.296494,0.154783,0.001386,,,0.001386,0.001682,3,0,0
n_tsk\set87\n_tsk_3.py,n_tsk,87,n_tsk,3,2,3,5,0.5,0.5,0.7,0.6,1.0,0.5,48.300007,40,7,46.000002,69.00001,21.433334,1,1,1087,0,ilp_v2,optimal,1,47.263966,48.223631,0.9801,0.017341,0.0,,0.017341,0.019636,3,0,0
n_tsk\set87\n_tsk_3.py,n_tsk,87,n_tsk,3,2,3,5,0.5,0.5,0.7,0.6,1.0,0.5,48.300007,40,7,46.000002,69.00001,21.433334,1,1,1087,0,ilp_v3,optimal,1,44.307169,48.286927,0.917581,0.016973,0.0,,0.016973,0.017801,3,0,0
n_tsk\set87\n_tsk_3.py,n_tsk,87,n_tsk,3,2,3,5,0.5,0.5,0.7,0.6,1.0,0.5,48.300007,40,7,46.000002,69.00001,21.433334,1,1,1087,0,ilp_v4,optimal,1,50.561033,48.264259,1.047587,0.071685,0.0,,0.071685,0.077374,3,0,0
n_tsk\set87\n_tsk_3.py,n_tsk,87,n_tsk,3,2,3,5,0.5,0.5,0.7,0.6,1.0,0.5,48.300007,40,7,46.000002,69.00001,21.433334,1,1,1087,0,greedy_sps_baseline,solved,1,6.804852,48.094295,0.14149,0.000773,,,0.000773,0.000925,3,0,0
n_tsk\set87\n_tsk_4.py,n_tsk,87,n_tsk,4,2,4,5,0.5,0.5,0.7,0.6,1.0,0.5,48.299998,40,11,46.0,68.999998,21.433333,1,1,1087,0,ilp_v2,optimal,1,43.135282,48.293751,0.893186,0.026965,0.0,,0.026965,0.02905,3,0,0
n_tsk\set87\n_tsk_4.py,n_tsk,87,n_tsk,4,2,4,5,0.5,0.5,0.7,0.6,1.0,0.5,48.299998,40,11,46.0,68.999998,21.433333,1,1,1087,0,ilp_v3,optimal,1,43.349765,48.148072,0.900343,0.024894,0.0,,0.024894,0.028067,3,0,0
n_tsk\set87\n_tsk_4.py,n_tsk,87,n_tsk,4,2,4,5,0.5,0.5,0.7,0.6,1.0,0.5,48.299998,40,11,46.0,68.999998,21.433333,1,1,1087,0,ilp_v4,optimal,1,43.135282,48.293751,0.893186,0.059907,0.0,,0.059907,0.060862,3,0,0
n_tsk\set87\n_tsk_4.py,n_tsk,87,n_tsk,4,2,4,5,0.5,0.5,0.7,0.6,1.0,0.5,48.299998,40,11,46.0,68.999998,21.433333,1,1,1087,0,greedy_sps_baseline,solved,1,6.23383,48.238255,0.12923,0.001268,,,0.001268,0.001488,3,0,0
n_tsk\set87\n_tsk_5.py,n_tsk,87,n_tsk,5,2,5,5,0.5,0.5,0.7,0.6,1.0,0.5,48.300002,40,13,46.000002,69.000002,21.433334,1,1,1087,0,ilp_v2,optimal,1,46.39441,47.810943,0.970372,0.095834,0.0,,0.095834,0.108101,3,0,0
n_tsk\set87\n_tsk_5.py,n_tsk,87,n_tsk,5,2,5,5,0.5,0.5,0.7,0.6,1.0,0.5,48.300002,40,13,46.000002,69.000002,21.433334,1,1,1087,0,ilp_v3,optimal,1,45.149826,48.255396,0.935643,0.081706,0.0,,0.081706,0.092321,3,0,0
n_tsk\set87\n_tsk_5.py,n_tsk,87,n_tsk,5,2,5,5,0.5,0.5,0.7,0.6,1.0,0.5,48.300002,40,13,46.000002,69.000002,21.433334,1,1,1087,0,ilp_v4,optimal,1,47.302031,48.298149,0.979376,0.131757,4.1e-05,,0.131757,0.149644,3,0,0
n_tsk\set87\n_tsk_5.py,n_tsk,87,n_tsk,5,2,5,5,0.5,0.5,0.7,0.6,1.0,0.5,48.300002,40,13,46.000002,69.000002,21.433334,1,1,1087,0,greedy_sps_baseline,solved,1,7.608071,47.971183,0.158597,0.000985,,,0.000985,0.001007,3,0,0
n_tsk\set88\n_tsk_3.py,n_tsk,88,n_tsk,3,2,3,5,0.5,0.5,0.7,0.6,1.0,0.5,48.300001,40,7,45.999998,69.000001,23.00909,1,1,1088,0,ilp_v2,optimal,1,56.17153,46.809623,1.2,0.017869,0.0,,0.017869,0.024917,3,0,0
n_tsk\set88\n_tsk_3.py,n_tsk,88,n_tsk,3,2,3,5,0.5,0.5,0.7,0.6,1.0,0.5,48.300001,40,7,45.999998,69.000001,23.00909,1,1,1088,0,ilp_v3,optimal,1,45.82412,47.941848,0.955827,0.016325,0.0,,0.016325,0.018656,3,0,0
n_tsk\set88\n_tsk_3.py,n_tsk,88,n_tsk,3,2,3,5,0.5,0.5,0.7,0.6,1.0,0.5,48.300001,40,7,45.999998,69.000001,23.00909,1,1,1088,0,ilp_v4,optimal,1,56.17153,46.809623,1.2,0.027035,0.0,,0.027035,0.029664,3,0,0
n_tsk\set88\n_tsk_3.py,n_tsk,88,n_tsk,3,2,3,5,0.5,0.5,0.7,0.6,1.0,0.5,48.300001,40,7,45.999998,69.000001,23.00909,1,1,1088,0,greedy_sps_baseline,solved,1,7.224322,48.270588,0.149663,0.000748,,,0.000748,0.000898,3,0,0
n_tsk\set88\n_tsk_4.py,n_tsk,88,n_tsk,4,2,4,5,0.5,0.5,0.7,0.6,1.0,0.5,48.300005,40,11,46.000001,69.000007,23.009091,1,1,1088,0,ilp_v2,optimal,1,30.762627,48.198617,0.638247,0.090438,0.0,,0.090438,0.091933,3,0,0
n_tsk\set88\n_tsk_4.py,n_tsk,88,n_tsk,4,2,4,5,0.5,0.5,0.7,0.6,1.0,0.5,48.300005,40,11,46.000001,69.000007,23.009091,1,1,1088,0,ilp_v3,optimal,1,29.29654,48.261455,0.607038,0.153393,0.0,,0.153393,0.206144,3,0,0
n_tsk\set88\n_tsk_4.py,n_tsk,88,n_tsk,4,2,4,5,0.5,0.5,0.7,0.6,1.0,0.5,48.300005,40,11,46.000001,69.000007,23.009091,1,1,1088,0,ilp_v4,optimal,1,35.647576,48.061034,0.741715,0.056337,0.0,,0.056337,0.093839,3,0,0
n_tsk\set88\n_tsk_4.py,n_tsk,88,n_tsk,4,2,4,5,0.5,0.5,0.7,0.6,1.0,0.5,48.300005,40,11,46.000001,69.000007,23.009091,1,1,1088,0,greedy_sps_baseline,solved,1,5.645568,48.253678,0.116998,0.001573,,,0.001573,0.003391,3,0,0
n_tsk\set88\n_tsk_5.py,n_tsk,88,n_tsk,5,2,5,5,0.5,0.5,0.7,0.6,1.0,0.5,48.300002,40,13,45.999999,69.000002,23.00909,1,1,1088,0,ilp_v2,optimal,1,53.012624,48.296764,1.097643,0.077129,0.0,,0.077129,0.091743,3,0,0
n_tsk\set88\n_tsk_5.py,n_tsk,88,n_tsk,5,2,5,5,0.5,0.5,0.7,0.6,1.0,0.5,48.300002,40,13,45.999999,69.000002,23.00909,1,1,1088,0,ilp_v3,optimal,1,52.568852,48.045846,1.094139,0.036125,0.0,,0.036125,0.05078,3,0,0
n_tsk\set88\n_tsk_5.py,n_tsk,88,n_tsk,5,2,5,5,0.5,0.5,0.7,0.6,1.0,0.5,48.300002,40,13,45.999999,69.000002,23.00909,1,1,1088,0,ilp_v4,optimal,1,53.88254,48.196494,1.117976,0.088178,0.0,,0.088178,0.097099,3,0,0
n_tsk\set88\n_tsk_5.py,n_tsk,88,n_tsk,5,2,5,5,0.5,0.5,0.7,0.6,1.0,0.5,48.300002,40,13,45.999999,69.000002,23.00909,1,1,1088,0,greedy_sps_baseline,solved,1,7.775721,48.281782,0.161049,0.000611,,,0.000611,0.000965,3,0,0
n_tsk\set89\n_tsk_3.py,n_tsk,89,n_tsk,3,2,3,5,0.5,0.5,0.7,0.6,1.0,0.5,48.299999,40,7,45.999999,68.999999,23.00909,1,1,1089,0,ilp_v2,optimal,1,43.483427,47.41028,0.917173,0.004975,0.0,,0.004975,0.006949,3,0,0
n_tsk\set89\n_tsk_3.py,n_tsk,89,n_tsk,3,2,3,5,0.5,0.5,0.7,0.6,1.0,0.5,48.299999,40,7,45.999999,68.999999,23.00909,1,1,1089,0,ilp_v3,optimal,1,43.483427,47.41028,0.917173,0.005675,0.0,,0.005675,0.007284,3,0,0
n_tsk\set89\n_tsk_3.py,n_tsk,89,n_tsk,3,2,3,5,0.5,0.5,0.7,0.6,1.0,0.5,48.299999,40,7,45.999999,68.999999,23.00909,1,1,1089,0,ilp_v4,optimal,1,47.152527,47.082127,1.001495,0.020613,0.0,,0.020613,0.021342,3,0,0
n_tsk\set89\n_tsk_3.py,n_tsk,89,n_tsk,3,2,3,5,0.5,0.5,0.7,0.6,1.0,0.5,48.299999,40,7,45.999999,68.999999,23.00909,1,1,1089,0,greedy_sps_baseline,solved,1,1.825796,47.79735,0.038199,0.000876,,,0.000876,0.001431,3,0,0
n_tsk\set89\n_tsk_4.py,n_tsk,89,n_tsk,4,2,4,5,0.5,0.5,0.7,0.6,1.0,0.5,48.3,40,9,45.999999,69.0,23.00909,1,1,1089,0,ilp_v2,optimal,1,17.880135,48.294881,0.370228,0.031505,0.0,,0.031505,0.033416,3,0,0
n_tsk\set89\n_tsk_4.py,n_tsk,89,n_tsk,4,2,4,5,0.5,0.5,0.7,0.6,1.0,0.5,48.3,40,9,45.999999,69.0,23.00909,1,1,1089,0,ilp_v3,optimal,1,23.085694,48.296504,0.477999,0.019995,6.4e-05,,0.019995,0.020511,3,0,0
n_tsk\set89\n_tsk_4.py,n_tsk,89,n_tsk,4,2,4,5,0.5,0.5,0.7,0.6,1.0,0.5,48.3,40,9,45.999999,69.0,23.00909,1,1,1089,0,ilp_v4,optimal,1,30.817181,47.790787,0.644835,0.063777,0.0,,0.063777,0.069488,3,0,0
n_tsk\set89\n_tsk_4.py,n_tsk,89,n_tsk,4,2,4,5,0.5,0.5,0.7,0.6,1.0,0.5,48.3,40,9,45.999999,69.0,23.00909,1,1,1089,0,greedy_sps_baseline,solved,1,5.321184,48.11414,0.110595,0.001248,,,0.001248,0.001365,3,0,0
n_tsk\set89\n_tsk_5.py,n_tsk,89,n_tsk,5,2,5,5,0.5,0.5,0.7,0.6,1.0,0.5,48.299995,40,13,45.999999,68.999993,23.00909,1,1,1089,0,ilp_v2,optimal,1,35.914155,46.755625,0.768125,0.015431,0.0,,0.015431,0.020801,3,0,0
n_tsk\set89\n_tsk_5.py,n_tsk,89,n_tsk,5,2,5,5,0.5,0.5,0.7,0.6,1.0,0.5,48.299995,40,13,45.999999,68.999993,23.00909,1,1,1089,0,ilp_v3,optimal,1,35.269168,48.295965,0.730272,0.026937,0.0,,0.026937,0.036451,3,0,0
n_tsk\set89\n_tsk_5.py,n_tsk,89,n_tsk,5,2,5,5,0.5,0.5,0.7,0.6,1.0,0.5,48.299995,40,13,45.999999,68.999993,23.00909,1,1,1089,0,ilp_v4,optimal,1,35.914155,46.755625,0.768125,0.054011,0.0,,0.054011,0.059764,3,0,0
n_tsk\set89\n_tsk_5.py,n_tsk,89,n_tsk,5,2,5,5,0.5,0.5,0.7,0.6,1.0,0.5,48.299995,40,13,45.999999,68.999993,23.00909,1,1,1089,0,greedy_sps_baseline,solved,1,9.002538,48.298312,0.186394,0.001803,,,0.001803,0.002209,3,0,0
n_tsk\set90\n_tsk_3.py,n_tsk,90,n_tsk,3,2,3,5,0.5,0.5,0.7,0.6,1.0,0.5,48.299998,40,7,46.0,68.999998,21.4,1,1,1090,0,ilp_v2,optimal,1,52.614629,47.690659,1.103248,0.056193,2.6e-05,,0.056193,0.059853,3,0,0
n_tsk\set90\n_tsk_3.py,n_tsk,90,n_tsk,3,2,3,5,0.5,0.5,0.7,0.6,1.0,0.5,48.299998,40,7,46.0,68.999998,21.4,1,1,1090,0,ilp_v3,optimal,1,52.614629,47.690659,1.103248,0.055961,2.6e-05,,0.055961,0.065822,3,0,0
n_tsk\set90\n_tsk_3.py,n_tsk,90,n_tsk,3,2,3,5,0.5,0.5,0.7,0.6,1.0,0.5,48.299998,40,7,46.0,68.999998,21.4,1,1,1090,0,ilp_v4,optimal,1,65.683728,46.908984,1.400238,0.038571,0.0,,0.038571,0.040846,3,0,0
n_tsk\set90\n_tsk_3.py,n_tsk,90,n_tsk,3,2,3,5,0.5,0.5,0.7,0.6,1.0,0.5,48.299998,40,7,46.0,68.999998,21.4,1,1,1090,0,greedy_sps_baseline,solved,1,8.224089,48.29451,0.17029,0.000714,,,0.000714,0.000847,3,0,0
n_tsk\set90\n_tsk_4.py,n_tsk,90,n_tsk,4,2,4,5,0.5,0.5,0.7,0.6,1.0,0.5,48.300002,40,11,45.999998,69.000002,21.399999,1,1,1090,0,ilp_v2,optimal,1,60.767401,48.287735,1.258444,0.102564,0.0,,0.102564,0.107094,3,0,0
n_tsk\set90\n_tsk_4.py,n_tsk,90,n_tsk,4,2,4,5,0.5,0.5,0.7,0.6,1.0,0.5,48.300002,40,11,45.999998,69.000002,21.399999,1,1,1090,0,ilp_v3,optimal,1,48.399051,47.571465,1.017397,0.136904,0.0,,0.136904,0.149286,3,0,0
n_tsk\set90\n_tsk_4.py,n_tsk,90,n_tsk,4,2,4,5,0.5,0.5,0.7,0.6,1.0,0.5,48.300002,40,11,45.999998,69.000002,21.399999,1,1,1090,0,ilp_v4,optimal,1,60.767401,48.287735,1.258444,0.174739,0.0,,0.174739,0.192994,3,0,0
n_tsk\set90\n_tsk_4.py,n_tsk,90,n_tsk,4,2,4,5,0.5,0.5,0.7,0.6,1.0,0.5,48.300002,40,11,45.999998,69.000002,21.399999,1,1,1090,0,greedy_sps_baseline,solved,1,7.157649,48.221245,0.148434,0.001767,,,0.001767,0.003754,3,0,0
n_tsk\set90\n_tsk_5.py,n_tsk,90,n_tsk,5,2,5,5,0.5,0.5,0.7,0.6,1.0,0.5,48.300004,40,12,46.000002,69.000006,21.400001,1,1,1090,0,ilp_v2,optimal,1,28.394301,45.57272,0.623055,0.019026,0.0,,0.019026,0.024513,3,0,0
n_tsk\set90\n_tsk_5.py,n_tsk,90,n_tsk,5,2,5,5,0.5,0.5,0.7,0.6,1.0,0.5,48.300004,40,12,46.000002,69.000006,21.400001,1,1,1090,0,ilp_v3,optimal,1,65.921657,48.299752,1.364845,0.099952,6.6e-05,,0.099952,0.104168,3,0,0
n_tsk\set90\n_tsk_5.py,n_tsk,90,n_tsk,5,2,5,5,0.5,0.5,0.7,0.6,1.0,0.5,48.300004,40,12,46.000002,69.000006,21.400001,1,1,1090,0,ilp_v4,optimal,1,75.980274,48.297688,1.573166,0.398642,0.0,,0.398642,0.42787,3,0,0
n_tsk\set90\n_tsk_5.py,n_tsk,90,n_tsk,5,2,5,5,0.5,0.5,0.7,0.6,1.0,0.5,48.300004,40,12,46.000002,69.000006,21.400001,1,1,1090,0,greedy_sps_baseline,solved,1,7.604714,48.295121,0.157463,0.002055,,,0.002055,0.002235,3,0,0
n_tsk\set91\n_tsk_3.py,n_tsk,91,n_tsk,3,2,3,5,0.5,0.5,0.7,0.6,1.0,0.5,48.300001,40,7,45.999999,69.000001,21.999999,1,1,1091,0,ilp_v2,optimal,1,34.299439,47.903561,0.71601,0.037829,0.0,,0.037829,0.064711,3,0,0
n_tsk\set91\n_tsk_3.py,n_tsk,91,n_tsk,3,2,3,5,0.5,0.5,0.7,0.6,1.0,0.5,48.300001,40,7,45.999999,69.000001,21.999999,1,1,1091,0,ilp_v3,optimal,1,54.155358,47.889111,1.130849,0.013378,0.0,,0.013378,0.019781,3,0,0
n_tsk\set91\n_tsk_3.py,n_tsk,91,n_tsk,3,2,3,5,0.5,0.5,0.7,0.6,1.0,0.5,48.300001,40,7,45.999999,69.000001,21.999999,1,1,1091,0,ilp_v4,optimal,1,59.887796,47.388467,1.263763,0.033487,0.0,,0.033487,0.040882,3,0,0
n_tsk\set91\n_tsk_3.py,n_tsk,91,n_tsk,3,2,3,5,0.5,0.5,0.7,0.6,1.0,0.5,48.300001,40,7,45.999999,69.000001,21.999999,1,1,1091,0,greedy_sps_baseline,solved,1,3.179645,48.277822,0.065861,0.000885,,,0.000885,0.001011,3,0,0
n_tsk\set91\n_tsk_4.py,n_tsk,91,n_tsk,4,2,4,5,0.5,0.5,0.7,0.6,1.0,0.5,48.300001,40,9,46.000001,69.000001,22.000001,1,1,1091,0,ilp_v2,optimal,1,53.597981,46.534391,1.151793,0.007678,0.0,,0.007678,0.015515,3,0,0
n_tsk\set91\n_tsk_4.py,n_tsk,91,n_tsk,4,2,4,5,0.5,0.5,0.7,0.6,1.0,0.5,48.300001,40,9,46.000001,69.000001,22.000001,1,1,1091,0,ilp_v3,optimal,1,53.597981,46.534391,1.151793,0.01276,0.0,,0.01276,0.014649,3,0,0
n_tsk\set91\n_tsk_4.py,n_tsk,91,n_tsk,4,2,4,5,0.5,0.5,0.7,0.6,1.0,0.5,48.300001,40,9,46.000001,69.000001,22.000001,1,1,1091,0,ilp_v4,optimal,1,58.449475,47.923027,1.219653,0.054883,0.0,,0.054883,0.058845,3,0,0
n_tsk\set91\n_tsk_4.py,n_tsk,91,n_tsk,4,2,4,5,0.5,0.5,0.7,0.6,1.0,0.5,48.300001,40,9,46.000001,69.000001,22.000001,1,1,1091,0,greedy_sps_baseline,solved,1,9.206798,48.173377,0.191118,0.001857,,,0.001857,0.001983,3,0,0
n_tsk\set91\n_tsk_5.py,n_tsk,91,n_tsk,5,2,5,5,0.5,0.5,0.7,0.6,1.0,0.5,48.300002,40,10,46.0,69.000002,22.0,1,1,1091,0,ilp_v2,optimal,1,40.259711,48.28019,0.833876,0.039168,0.0,,0.039168,0.041043,3,0,0
n_tsk\set91\n_tsk_5.py,n_tsk,91,n_tsk,5,2,5,5,0.5,0.5,0.7,0.6,1.0,0.5,48.300002,40,10,46.0,69.000002,22.0,1,1,1091,0,ilp_v3,optimal,1,44.172074,48.273138,0.915045,0.009517,0.0,,0.009517,0.01039,3,0,0
n_tsk\set91\n_tsk_5.py,n_tsk,91,n_tsk,5,2,5,5,0.5,0.5,0.7,0.6,1.0,0.5,48.300002,40,10,46.0,69.000002,22.0,1,1,1091,0,ilp_v4,optimal,1,44.172074,48.273138,0.915045,0.026671,0.0,,0.026671,0.031192,3,0,0
n_tsk\set91\n_tsk_5.py,n_tsk,91,n_tsk,5,2,5,5,0.5,0.5,0.7,0.6,1.0,0.5,48.300002,40,10,46.0,69.000002,22.0,1,1,1091,0,greedy_sps_baseline,solved,1,2.936504,48.066695,0.061092,0.001784,,,0.001784,0.002596,3,0,0
n_tsk\set92\n_tsk_3.py,n_tsk,92,n_tsk,3,2,3,5,0.5,0.5,0.7,0.6,1.0,0.5,48.300002,40,7,46.0,69.000002,21.433333,1,1,1092,0,ilp_v2,optimal,1,25.980705,46.921984,0.5537,0.007381,0.0,,0.007381,0.008294,3,0,0
n_tsk\set92\n_tsk_3.py,n_tsk,92,n_tsk,3,2,3,5,0.5,0.5,0.7,0.6,1.0,0.5,48.300002,40,7,46.0,69.000002,21.433333,1,1,1092,0,ilp_v3,optimal,1,25.980705,46.921984,0.5537,0.006726,0.0,,0.006726,0.008269,3,0,0
n_tsk\set92\n_tsk_3.py,n_tsk,92,n_tsk,3,2,3,5,0.5,0.5,0.7,0.6,1.0,0.5,48.300002,40,7,46.0,69.000002,21.433333,1,1,1092,0,ilp_v4,optimal,1,40.942807,48.224367,0.849007,0.015278,0.0,,0.015278,0.016742,3,0,0
n_tsk\set92\n_tsk_3.py,n_tsk,92,n_tsk,3,2,3,5,0.5,0.5,0.7,0.6,1.0,0.5,48.300002,40,7,46.0,69.000002,21.433333,1,1,1092,0,greedy_sps_baseline,solved,1,5.590789,47.539904,0.117602,0.000493,,,0.000493,0.000795,3,0,0
n_tsk\set92\n_tsk_4.py,n_tsk,92,n_tsk,4,2,4,5,0.5,0.5,0.7,0.6,1.0,0.5,48.299998,40,9,46.0,68.999997,21.433333,1,1,1092,0,ilp_v2,optimal,1,57.407452,48.18045,1.191509,0.014495,0.0,,0.014495,0.015058,3,0,0
n_tsk\set92\n_tsk_4.py,n_tsk,92,n_tsk,4,2,4,5,0.5,0.5,0.7,0.6,1.0,0.5,48.299998,40,9,46.0,68.999997,21.433333,1,1,1092,0,ilp_v3,optimal,1,55.336164,47.395756,1.167534,0.013543,0.0,,0.013543,0.015133,3,0,0
n_tsk\set92\n_tsk_4.py,n_tsk,92,n_tsk,4,2,4,5,0.5,0.5,0.7,0.6,1.0,0.5,48.299998,40,9,46.0,68.999997,21.433333,1,1,1092,0,ilp_v4,optimal,1,61.297029,47.562469,1.288769,0.020917,0.0,,0.020917,0.031627,3,0,0
n_tsk\set92\n_tsk_4.py,n_tsk,92,n_tsk,4,2,4,5,0.5,0.5,0.7,0.6,1.0,0.5,48.299998,40,9,46.0,68.999997,21.433333,1,1,1092,0,greedy_sps_baseline,solved,1,6.256494,47.685972,0.131202,0.000928,,,0.000928,0.002035,3,0,0
n_tsk\set92\n_tsk_5.py,n_tsk,92,n_tsk,5,2,5,5,0.5,0.5,0.7,0.6,1.0,0.5,48.300006,40,10,46.000003,69.000009,21.433335,1,1,1092,0,ilp_v2,optimal,1,60.502508,47.157683,1.282983,0.039779,0.0,,0.039779,0.046585,3,0,0
n_tsk\set92\n_tsk_5.py,n_tsk,92,n_tsk,5,2,5,5,0.5,0.5,0.7,0.6,1.0,0.5,48.300006,40,10,46.000003,69.000009,21.433335,1,1,1092,0,ilp_v3,optimal,1,69.757922,48.26393,1.445343,0.080798,0.0,,0.080798,0.091253,3,0,0
n_tsk\set92\n_tsk_5.py,n_tsk,92,n_tsk,5,2,5,5,0.5,0.5,0.7,0.6,1.0,0.5,48.300006,40,10,46.000003,69.000009,21.433335,1,1,1092,0,ilp_v4,optimal,1,71.756296,48.268746,1.4866,0.070617,0.0,,0.070617,0.084509,3,0,0
n_tsk\set92\n_tsk_5.py,n_tsk,92,n_tsk,5,2,5,5,0.5,0.5,0.7,0.6,1.0,0.5,48.300006,40,10,46.000003,69.000009,21.433335,1,1,1092,0,greedy_sps_baseline,solved,1,8.684191,48.29306,0.179823,0.00124,,,0.00124,0.001377,3,0,0
n_tsk\set93\n_tsk_3.py,n_tsk,93,n_tsk,3,2,3,5,0.5,0.5,0.7,0.6,1.0,0.5,48.3,40,7,46.000001,69.0,23.009091,1,1,1093,0,ilp_v2,optimal,1,37.53521,47.921856,0.783259,0.008672,0.0,,0.008672,0.009262,3,0,0
n_tsk\set93\n_tsk_3.py,n_tsk,93,n_tsk,3,2,3,5,0.5,0.5,0.7,0.6,1.0,0.5,48.3,40,7,46.000001,69.0,23.009091,1,1,1093,0,ilp_v3,optimal,1,37.53521,47.921856,0.783259,0.00888,0.0,,0.00888,0.009515,3,0,0
n_tsk\set93\n_tsk_3.py,n_tsk,93,n_tsk,3,2,3,5,0.5,0.5,0.7,0.6,1.0,0.5,48.3,40,7,46.000001,69.0,23.009091,1,1,1093,0,ilp_v4,optimal,1,53.585932,47.819914,1.120578,0.019486,0.0,,0.019486,0.020805,3,0,0
n_tsk\set93\n_tsk_3.py,n_tsk,93,n_tsk,3,2,3,5,0.5,0.5,0.7,0.6,1.0,0.5,48.3,40,7,46.000001,69.0,23.009091,1,1,1093,0,greedy_sps_baseline,solved,1,7.23112,48.046008,0.150504,0.000848,,,0.000848,0.000954,3,0,0
n_tsk\set93\n_tsk_4.py,n_tsk,93,n_tsk,4,2,4,5,0.5,0.5,0.7,0.6,1.0,0.5,48.299995,40,9,45.999998,68.999993,23.00909,1,1,1093,0,ilp_v2,optimal,1,46.043086,48.250064,0.95426,0.049145,0.0,,0.049145,0.055915,3,0,0
n_tsk\set93\n_tsk_4.py,n_tsk,93,n_tsk,4,2,4,5,0.5,0.5,0.7,0.6,1.0,0.5,48.299995,40,9,45.999998,68.999993,23.00909,1,1,1093,0,ilp_v3,optimal,1,55.274555,47.658023,1.159816,0.014532,0.0,,0.014532,0.014813,3,0,0
n_tsk\set93\n_tsk_4.py,n_tsk,93,n_tsk,4,2,4,5,0.5,0.5,0.7,0.6,1.0,0.5,48.299995,40,9,45.999998,68.999993,23.00909,1,1,1093,0,ilp_v4,optimal,1,55.274555,48.20954,1.146548,0.032289,0.0,,0.032289,0.039908,3,0,0
n_tsk\set93\n_tsk_4.py,n_tsk,93,n_tsk,4,2,4,5,0.5,0.5,0.7,0.6,1.0,0.5,48.299995,40,9,45.999998,68.999993,23.00909,1,1,1093,0,greedy_sps_baseline,solved,1,7.239789,48.062486,0.150633,0.001496,,,0.001496,0.001681,3,0,0
n_tsk\set93\n_tsk_5.py,n_tsk,93,n_tsk,5,2,5,5,0.5,0.5,0.7,0.6,1.0,0.5,48.299999,40,10,46.000001,68.999999,23.009091,1,1,1093,0,ilp_v2,optimal,1,36.743065,48.236816,0.761722,0.09268,0.0,,0.09268,0.098225,3,0,0
n_tsk\set93\n_tsk_5.py,n_tsk,93,n_tsk,5,2,5,5,0.5,0.5,0.7,0.6,1.0,0.5,48.299999,40,10,46.000001,68.999999,23.009091,1,1,1093,0,ilp_v3,optimal,1,55.990621,48.239964,1.160669,0.013968,0.0,,0.013968,0.015647,3,0,0
n_tsk\set93\n_tsk_5.py,n_tsk,93,n_tsk,5,2,5,5,0.5,0.5,0.7,0.6,1.0,0.5,48.299999,40,10,46.000001,68.999999,23.009091,1,1,1093,0,ilp_v4,optimal,1,55.990621,47.194171,1.186388,0.054881,0.0,,0.054881,0.07431,3,0,0
n_tsk\set93\n_tsk_5.py,n_tsk,93,n_tsk,5,2,5,5,0.5,0.5,0.7,0.6,1.0,0.5,48.299999,40,10,46.000001,68.999999,23.009091,1,1,1093,0,greedy_sps_baseline,solved,1,6.647652,48.229196,0.137835,0.001325,,,0.001325,0.002564,3,0,0
n_tsk\set94\n_tsk_3.py,n_tsk,94,n_tsk,3,2,3,5,0.5,0.5,0.7,0.6,1.0,0.5,48.299998,40,7,45.999999,68.999998,23.00909,1,1,1094,0,ilp_v2,optimal,1,32.019181,48.097194,0.665718,0.018223,0.0,,0.018223,0.023372,3,0,0
n_tsk\set94\n_tsk_3.py,n_tsk,94,n_tsk,3,2,3,5,0.5,0.5,0.7,0.6,1.0,0.5,48.299998,40,7,45.999999,68.999998,23.00909,1,1,1094,0,ilp_v3,optimal,1,27.674146,48.243235,0.573638,0.018361,0.0,,0.018361,0.018874,3,0,0
n_tsk\set94\n_tsk_3.py,n_tsk,94,n_tsk,3,2,3,5,0.5,0.5,0.7,0.6,1.0,0.5,48.299998,40,7,45.999999,68.999998,23.00909,1,1,1094,0,ilp_v4,optimal,1,32.019181,48.097194,0.665718,0.031701,0.0,,0.031701,0.034723,3,0,0
n_tsk\set94\n_tsk_3.py,n_tsk,94,n_tsk,3,2,3,5,0.5,0.5,0.7,0.6,1.0,0.5,48.299998,40,7,45.999999,68.999998,23.00909,1,1,1094,0,greedy_sps_baseline,solved,1,3.48481,47.971675,0.072643,0.00102,,,0.00102,0.001291,3,0,0
n_tsk\set94\n_tsk_4.py,n_tsk,94,n_tsk,4,2,4,5,0.5,0.5,0.7,0.6,1.0,0.5,48.3,40,11,46.0,69.0,23.009091,1,1,1094,0,ilp_v2,optimal,1,26.983217,48.285773,0.558823,0.011076,0.0,,0.011076,0.011731,3,0,0
n_tsk\set94\n_tsk_4.py,n_tsk,94,n_tsk,4,2,4,5,0.5,0.5,0.7,0.6,1.0,0.5,48.3,40,11,46.0,69.0,23.009091,1,1,1094,0,ilp_v3,optimal,1,29.996494,48.261492,0.621541,0.018015,0.0,,0.018015,0.020406,3,0,0
n_tsk\set94\n_tsk_4.py,n_tsk,94,n_tsk,4,2,4,5,0.5,0.5,0.7,0.6,1.0,0.5,48.3,40,11,46.0,69.0,23.009091,1,1,1094,0,ilp_v4,optimal,1,33.185194,48.241178,0.687902,0.047025,0.0,,0.047025,0.047724,3,0,0
n_tsk\set94\n_tsk_4.py,n_tsk,94,n_tsk,4,2,4,5,0.5,0.5,0.7,0.6,1.0,0.5,48.3,40,11,46.0,69.0,23.009091,1,1,1094,0,greedy_sps_baseline,solved,1,3.639984,48.074193,0.075716,0.001731,,,0.001731,0.001927,3,0,0
n_tsk\set94\n_tsk_5.py,n_tsk,94,n_tsk,5,2,5,5,0.5,0.5,0.7,0.6,1.0,0.5,48.300002,40,13,46.0,69.000002,23.009091,1,1,1094,0,ilp_v2,optimal,1,76.926708,47.879684,1.606667,0.123504,0.0,,0.123504,0.161378,3,0,0
n_tsk\set94\n_tsk_5.py,n_tsk,94,n_tsk,5,2,5,5,0.5,0.5,0.7,0.6,1.0,0.5,48.300002,40,13,46.0,69.000002,23.009091,1,1,1094,0,ilp_v3,optimal,1,81.601177,48.104349,1.696337,0.020581,0.0,,0.020581,0.026563,3,0,0
n_tsk\set94\n_tsk_5.py,n_tsk,94,n_tsk,5,2,5,5,0.5,0.5,0.7,0.6,1.0,0.5,48.300002,40,13,46.0,69.000002,23.009091,1,1,1094,0,ilp_v4,optimal,1,81.601177,48.076331,1.697325,0.08735,0.0,,0.08735,0.118133,3,0,0
n_tsk\set94\n_tsk_5.py,n_tsk,94,n_tsk,5,2,5,5,0.5,0.5,0.7,0.6,1.0,0.5,48.300002,40,13,46.0,69.000002,23.009091,1,1,1094,0,greedy_sps_baseline,solved,1,8.554266,48.297005,0.177118,0.001399,,,0.001399,0.001774,3,0,0
n_tsk\set95\n_tsk_3.py,n_tsk,95,n_tsk,3,2,3,5,0.5,0.5,0.7,0.6,1.0,0.5,48.300002,40,7,46.000002,69.000002,21.433334,1,1,1095,0,ilp_v2,optimal,1,67.604093,48.15541,1.403873,0.025065,0.0,,0.025065,0.029889,3,0,0
n_tsk\set95\n_tsk_3.py,n_tsk,95,n_tsk,3,2,3,5,0.5,0.5,0.7,0.6,1.0,0.5,48.300002,40,7,46.000002,69.000002,21.433334,1,1,1095,0,ilp_v3,optimal,1,52.706175,48.004,1.097954,0.043185,0.0,,0.043185,0.048894,3,0,0
n_tsk\set95\n_tsk_3.py,n_tsk,95,n_tsk,3,2,3,5,0.5,0.5,0.7,0.6,1.0,0.5,48.300002,40,7,46.000002,69.000002,21.433334,1,1,1095,0,ilp_v4,optimal,1,67.604093,48.15541,1.403873,0.044814,0.0,,0.044814,0.046003,3,0,0
n_tsk\set95\n_tsk_3.py,n_tsk,95,n_tsk,3,2,3,5,0.5,0.5,0.7,0.6,1.0,0.5,48.300002,40,7,46.000002,69.000002,21.433334,1,1,1095,0,greedy_sps_baseline,solved,1,7.307128,48.118491,0.151857,0.000841,,,0.000841,0.000977,3,0,0
n_tsk\set95\n_tsk_4.py,n_tsk,95,n_tsk,4,2,4,5,0.5,0.5,0.7,0.6,1.0,0.5,48.300001,40,8,45.999999,69.000001,21.433333,1,1,1095,0,ilp_v2,optimal,1,61.646311,47.431747,1.299685,0.013109,0.0,,0.013109,0.013367,3,0,0
n_tsk\set95\n_tsk_4.py,n_tsk,95,n_tsk,4,2,4,5,0.5,0.5,0.7,0.6,1.0,0.5,48.300001,40,8,45.999999,69.000001,21.433333,1,1,1095,0,ilp_v3,optimal,1,59.848078,48.263779,1.240021,0.059927,0.0,,0.059927,0.077416,3,0,0
n_tsk\set95\n_tsk_4.py,n_tsk,95,n_tsk,4,2,4,5,0.5,0.5,0.7,0.6,1.0,0.5,48.300001,40,8,45.999999,69.000001,21.433333,1,1,1095,0,ilp_v4,optimal,1,68.532377,48.290506,1.419169,0.030641,0.0,,0.030641,0.042775,3,0,0
n_tsk\set95\n_tsk_4.py,n_tsk,95,n_tsk,4,2,4,5,0.5,0.5,0.7,0.6,1.0,0.5,48.300001,40,8,45.999999,69.000001,21.433333,1,1,1095,0,greedy_sps_baseline,solved,1,4.733284,47.965836,0.09868,0.000979,,,0.000979,0.002094,3,0,0
n_tsk\set95\n_tsk_5.py,n_tsk,95,n_tsk,5,2,5,5,0.5,0.5,0.7,0.6,1.0,0.5,48.299995,40,12,45.999999,68.999993,21.433333,1,1,1095,0,ilp_v2,optimal,1,51.491307,48.246719,1.06725,0.039139,0.0,,0.039139,0.044892,3,0,0
n_tsk\set95\n_tsk_5.py,n_tsk,95,n_tsk,5,2,5,5,0.5,0.5,0.7,0.6,1.0,0.5,48.299995,40,12,45.999999,68.999993,21.433333,1,1,1095,0,ilp_v3,optimal,1,54.029745,48.183831,1.121325,0.030914,0.0,,0.030914,0.034903,3,0,0
n_tsk\set95\n_tsk_5.py,n_tsk,95,n_tsk,5,2,5,5,0.5,0.5,0.7,0.6,1.0,0.5,48.299995,40,12,45.999999,68.999993,21.433333,1,1,1095,0,ilp_v4,optimal,1,54.029745,48.224975,1.120369,0.102627,0.0,,0.102627,0.115492,3,0,0
n_tsk\set95\n_tsk_5.py,n_tsk,95,n_tsk,5,2,5,5,0.5,0.5,0.7,0.6,1.0,0.5,48.299995,40,12,45.999999,68.999993,21.433333,1,1,1095,0,greedy_sps_baseline,solved,1,9.079821,48.285806,0.188043,0.001479,,,0.001479,0.001814,3,0,0
n_tsk\set96\n_tsk_3.py,n_tsk,96,n_tsk,3,2,3,5,0.5,0.5,0.7,0.6,1.0,0.5,48.3,40,7,45.999998,69.0,22.042856,1,1,1096,0,ilp_v2,optimal,1,43.581604,43.429575,1.003501,0.005247,0.0,,0.005247,0.007195,3,0,0
n_tsk\set96\n_tsk_3.py,n_tsk,96,n_tsk,3,2,3,5,0.5,0.5,0.7,0.6,1.0,0.5,48.3,40,7,45.999998,69.0,22.042856,1,1,1096,0,ilp_v3,optimal,1,43.581604,43.429575,1.003501,0.005133,0.0,,0.005133,0.005702,3,0,0
n_tsk\set96\n_tsk_3.py,n_tsk,96,n_tsk,3,2,3,5,0.5,0.5,0.7,0.6,1.0,0.5,48.3,40,7,45.999998,69.0,22.042856,1,1,1096,0,ilp_v4,optimal,1,51.207037,47.738656,1.072653,0.014213,0.0,,0.014213,0.022077,3,0,0
n_tsk\set96\n_tsk_3.py,n_tsk,96,n_tsk,3,2,3,5,0.5,0.5,0.7,0.6,1.0,0.5,48.3,40,7,45.999998,69.0,22.042856,1,1,1096,0,greedy_sps_baseline,solved,1,7.151978,47.700878,0.149934,0.000522,,,0.000522,0.001482,3,0,0
n_tsk\set96\n_tsk_4.py,n_tsk,96,n_tsk,4,2,4,5,0.5,0.5,0.7,0.6,1.0,0.5,48.300002,40,9,46.000002,69.000003,22.042858,1,1,1096,0,ilp_v2,optimal,1,25.396048,48.258429,0.526251,0.040683,0.0,,0.040683,0.049772,3,0,0
n_tsk\set96\n_tsk_4.py,n_tsk,96,n_tsk,4,2,4,5,0.5,0.5,0.7,0.6,1.0,0.5,48.300002,40,9,46.000002,69.000003,22.042858,1,1,1096,0,ilp_v3,optimal,1,31.048391,48.294258,0.6429,0.029362,0.0,,0.029362,0.032509,3,0,0
n_tsk\set96\n_tsk_4.py,n_tsk,96,n_tsk,4,2,4,5,0.5,0.5,0.7,0.6,1.0,0.5,48.300002,40,9,46.000002,69.000003,22.042858,1,1,1096,0,ilp_v4,optimal,1,35.880935,48.232842,0.743911,0.025563,0.0,,0.025563,0.038329,3,0,0
n_tsk\set96\n_tsk_4.py,n_tsk,96,n_tsk,4,2,4,5,0.5,0.5,0.7,0.6,1.0,0.5,48.300002,40,9,46.000002,69.000003,22.042858,1,1,1096,0,greedy_sps_baseline,solved,1,3.40686,48.070856,0.070872,0.000935,,,0.000935,0.002053,3,0,0
n_tsk\set96\n_tsk_5.py,n_tsk,96,n_tsk,5,2,5,5,0.5,0.5,0.7,0.6,1.0,0.5,48.299999,40,11,46.0,68.999999,22.042857,1,1,1096,0,ilp_v2,optimal,1,67.413374,48.261899,1.396824,0.023911,0.0,,0.023911,0.026673,3,0,0
n_tsk\set96\n_tsk_5.py,n_tsk,96,n_tsk,5,2,5,5,0.5,0.5,0.7,0.6,1.0,0.5,48.299999,40,11,46.0,68.999999,22.042857,1,1,1096,0,ilp_v3,optimal,1,52.323891,47.833035,1.093886,0.122114,0.0,,0.122114,0.129626,3,0,0
n_tsk\set96\n_tsk_5.py,n_tsk,96,n_tsk,5,2,5,5,0.5,0.5,0.7,0.6,1.0,0.5,48.299999,40,11,46.0,68.999999,22.042857,1,1,1096,0,ilp_v4,optimal,1,71.863133,48.244001,1.489577,0.062648,0.0,,0.062648,0.074393,3,0,0
n_tsk\set96\n_tsk_5.py,n_tsk,96,n_tsk,5,2,5,5,0.5,0.5,0.7,0.6,1.0,0.5,48.299999,40,11,46.0,68.999999,22.042857,1,1,1096,0,greedy_sps_baseline,solved,1,9.091155,48.291914,0.188254,0.001105,,,0.001105,0.001242,3,0,0
n_tsk\set97\n_tsk_3.py,n_tsk,97,n_tsk,3,2,3,5,0.5,0.5,0.7,0.6,1.0,0.5,48.299999,40,7,46.0,68.999999,22.042857,1,1,1097,0,ilp_v2,optimal,1,16.53038,45.193394,0.36577,0.007627,0.0,,0.007627,0.008823,3,0,0
n_tsk\set97\n_tsk_3.py,n_tsk,97,n_tsk,3,2,3,5,0.5,0.5,0.7,0.6,1.0,0.5,48.299999,40,7,46.0,68.999999,22.042857,1,1,1097,0,ilp_v3,optimal,1,16.53038,45.193394,0.36577,0.007508,0.0,,0.007508,0.007804,3,0,0
n_tsk\set97\n_tsk_3.py,n_tsk,97,n_tsk,3,2,3,5,0.5,0.5,0.7,0.6,1.0,0.5,48.299999,40,7,46.0,68.999999,22.042857,1,1,1097,0,ilp_v4,optimal,1,41.130641,48.246912,0.852503,0.029774,0.0,,0.029774,0.030028,3,0,0
n_tsk\set97\n_tsk_3.py,n_tsk,97,n_tsk,3,2,3,5,0.5,0.5,0.7,0.6,1.0,0.5,48.299999,40,7,46.0,68.999999,22.042857,1,1,1097,0,greedy_sps_baseline,solved,1,4.67293,48.087912,0.097175,0.000899,,,0.000899,0.001016,3,0,0
n_tsk\set97\n_tsk_4.py,n_tsk,97,n_tsk,4,2,4,5,0.5,0.5,0.7,0.6,1.0,0.5,48.3,40,8,46.0,69.0,22.042857,1,1,1097,0,ilp_v2,optimal,1,67.352207,47.646844,1.413571,0.010486,0.0,,0.010486,0.016004,3,0,0
n_tsk\set97\n_tsk_4.py,n_tsk,97,n_tsk,4,2,4,5,0.5,0.5,0.7,0.6,1.0,0.5,48.3,40,8,46.0,69.0,22.042857,1,1,1097,0,ilp_v3,optimal,1,66.879564,48.298884,1.384702,0.011076,3.5e-05,,0.011076,0.014189,3,0,0
n_tsk\set97\n_tsk_4.py,n_tsk,97,n_tsk,4,2,4,5,0.5,0.5,0.7,0.6,1.0,0.5,48.3,40,8,46.0,69.0,22.042857,1,1,1097,0,ilp_v4,optimal,1,67.352207,48.01065,1.40286,0.017577,0.0,,0.017577,0.019281,3,0,0
n_tsk\set97\n_tsk_4.py,n_tsk,97,n_tsk,4,2,4,5,0.5,0.5,0.7,0.6,1.0,0.5,48.3,40,8,46.0,69.0,22.042857,1,1,1097,0,greedy_sps_baseline,solved,1,0.516985,46.249985,0.011178,0.001677,,,0.001677,0.001772,3,0,0
n_tsk\set97\n_tsk_5.py,n_tsk,97,n_tsk,5,2,5,5,0.5,0.5,0.7,0.6,1.0,0.5,48.299998,40,9,45.999999,68.999998,22.042857,1,1,1097,0,ilp_v2,optimal,1,65.319046,47.5552,1.373542,0.023109,0.0,,0.023109,0.024445,3,0,0
n_tsk\set97\n_tsk_5.py,n_tsk,97,n_tsk,5,2,5,5,0.5,0.5,0.7,0.6,1.0,0.5,48.299998,40,9,45.999999,68.999998,22.042857,1,1,1097,0,ilp_v3,optimal,1,74.30626,48.235253,1.540497,0.018254,0.0,,0.018254,0.021036,3,0,0
n_tsk\set97\n_tsk_5.py,n_tsk,97,n_tsk,5,2,5,5,0.5,0.5,0.7,0.6,1.0,0.5,48.299998,40,9,45.999999,68.999998,22.042857,1,1,1097,0,ilp_v4,optimal,1,72.335656,48.18674,1.501153,0.095494,0.0,,0.095494,0.106044,3,0,0
n_tsk\set97\n_tsk_5.py,n_tsk,97,n_tsk,5,2,5,5,0.5,0.5,0.7,0.6,1.0,0.5,48.299998,40,9,45.999999,68.999998,22.042857,1,1,1097,0,greedy_sps_baseline,solved,1,7.552655,47.934345,0.157562,0.000643,,,0.000643,0.00099,3,0,0
n_tsk\set98\n_tsk_3.py,n_tsk,98,n_tsk,3,2,3,5,0.5,0.5,0.7,0.6,1.0,0.5,48.300002,40,7,46.0,69.000003,21.4,1,1,1098,0,ilp_v2,optimal,1,62.597012,47.586601,1.315434,0.012663,0.0,,0.012663,0.013553,3,0,0
n_tsk\set98\n_tsk_3.py,n_tsk,98,n_tsk,3,2,3,5,0.5,0.5,0.7,0.6,1.0,0.5,48.300002,40,7,46.0,69.000003,21.4,1,1,1098,0,ilp_v3,optimal,1,39.879383,48.092301,0.829226,0.028117,0.0,,0.028117,0.028669,3,0,0
n_tsk\set98\n_tsk_3.py,n_tsk,98,n_tsk,3,2,3,5,0.5,0.5,0.7,0.6,1.0,0.5,48.300002,40,7,46.0,69.000003,21.4,1,1,1098,0,ilp_v4,optimal,1,62.597012,47.586601,1.315434,0.024926,0.0,,0.024926,0.025625,3,0,0
n_tsk\set98\n_tsk_3.py,n_tsk,98,n_tsk,3,2,3,5,0.5,0.5,0.7,0.6,1.0,0.5,48.300002,40,7,46.0,69.000003,21.4,1,1,1098,0,greedy_sps_baseline,solved,1,8.268062,48.213955,0.171487,0.000779,,,0.000779,0.000925,3,0,0
n_tsk\set98\n_tsk_4.py,n_tsk,98,n_tsk,4,2,4,5,0.5,0.5,0.7,0.6,1.0,0.5,48.299999,40,11,45.999999,68.999999,21.399999,1,1,1098,0,ilp_v2,optimal,1,47.14404,48.199598,0.9781,0.012847,0.0,,0.012847,0.013574,3,0,0
n_tsk\set98\n_tsk_4.py,n_tsk,98,n_tsk,4,2,4,5,0.5,0.5,0.7,0.6,1.0,0.5,48.299999,40,11,45.999999,68.999999,21.399999,1,1,1098,0,ilp_v3,optimal,1,42.22221,45.917119,0.919531,0.010052,0.0,,0.010052,0.010215,3,0,0
n_tsk\set98\n_tsk_4.py,n_tsk,98,n_tsk,4,2,4,5,0.5,0.5,0.7,0.6,1.0,0.5,48.299999,40,11,45.999999,68.999999,21.399999,1,1,1098,0,ilp_v4,optimal,1,48.620184,47.992616,1.013076,0.054211,0.0,,0.054211,0.073822,3,0,0
n_tsk\set98\n_tsk_4.py,n_tsk,98,n_tsk,4,2,4,5,0.5,0.5,0.7,0.6,1.0,0.5,48.299999,40,11,45.999999,68.999999,21.399999,1,1,1098,0,greedy_sps_baseline,solved,1,7.580634,48.13047,0.157502,0.001013,,,0.001013,0.001332,3,0,0
n_tsk\set98\n_tsk_5.py,n_tsk,98,n_tsk,5,2,5,5,0.5,0.5,0.7,0.6,1.0,0.5,48.3,40,15,46.000001,69.0,21.400001,1,1,1098,0,ilp_v2,optimal,1,69.968947,48.258155,1.449889,0.053571,0.0,,0.053571,0.055402,3,0,0
n_tsk\set98\n_tsk_5.py,n_tsk,98,n_tsk,5,2,5,5,0.5,0.5,0.7,0.6,1.0,0.5,48.3,40,15,46.000001,69.0,21.400001,1,1,1098,0,ilp_v3,optimal,1,70.490809,48.17075,1.463353,0.043739,0.0,,0.043739,0.046202,3,0,0
n_tsk\set98\n_tsk_5.py,n_tsk,98,n_tsk,5,2,5,5,0.5,0.5,0.7,0.6,1.0,0.5,48.3,40,15,46.000001,69.0,21.400001,1,1,1098,0,ilp_v4,optimal,1,71.13127,48.258046,1.473977,0.123682,0.0,,0.123682,0.141931,3,0,0
n_tsk\set98\n_tsk_5.py,n_tsk,98,n_tsk,5,2,5,5,0.5,0.5,0.7,0.6,1.0,0.5,48.3,40,15,46.000001,69.0,21.400001,1,1,1098,0,greedy_sps_baseline,solved,1,7.991465,48.094382,0.166162,0.001132,,,0.001132,0.00178,3,0,0
n_tsk\set99\n_tsk_3.py,n_tsk,99,n_tsk,3,2,3,5,0.5,0.5,0.7,0.6,1.0,0.5,48.3,40,7,46.000001,69.0,21.433334,1,1,1099,0,ilp_v2,optimal,1,38.079422,47.918952,0.794663,0.007179,0.0,,0.007179,0.009363,3,0,0
n_tsk\set99\n_tsk_3.py,n_tsk,99,n_tsk,3,2,3,5,0.5,0.5,0.7,0.6,1.0,0.5,48.3,40,7,46.000001,69.0,21.433334,1,1,1099,0,ilp_v3,optimal,1,38.079422,47.918952,0.794663,0.009285,0.0,,0.009285,0.009993,3,0,0
n_tsk\set99\n_tsk_3.py,n_tsk,99,n_tsk,3,2,3,5,0.5,0.5,0.7,0.6,1.0,0.5,48.3,40,7,46.000001,69.0,21.433334,1,1,1099,0,ilp_v4,optimal,1,49.012391,48.083795,1.019312,0.030407,0.0,,0.030407,0.035959,3,0,0
n_tsk\set99\n_tsk_3.py,n_tsk,99,n_tsk,3,2,3,5,0.5,0.5,0.7,0.6,1.0,0.5,48.3,40,7,46.000001,69.0,21.433334,1,1,1099,0,greedy_sps_baseline,solved,1,6.18177,47.62563,0.129799,0.000698,,,0.000698,0.000825,3,0,0
n_tsk\set99\n_tsk_4.py,n_tsk,99,n_tsk,4,2,4,5,0.5,0.5,0.7,0.6,1.0,0.5,48.3,40,9,46.000001,69.0,21.433334,1,1,1099,0,ilp_v2,optimal,1,34.484955,48.090059,0.717091,0.014268,0.0,,0.014268,0.015032,3,0,0
n_tsk\set99\n_tsk_4.py,n_tsk,99,n_tsk,4,2,4,5,0.5,0.5,0.7,0.6,1.0,0.5,48.3,40,9,46.000001,69.0,21.433334,1,1,1099,0,ilp_v3,optimal,1,34.731391,45.99021,0.755191,0.010494,0.0,,0.010494,0.012115,3,0,0
n_tsk\set99\n_tsk_4.py,n_tsk,99,n_tsk,4,2,4,5,0.5,0.5,0.7,0.6,1.0,0.5,48.3,40,9,46.000001,69.0,21.433334,1,1,1099,0,ilp_v4,optimal,1,53.728213,48.086472,1.117325,0.037058,0.0,,0.037058,0.042914,3,0,0
n_tsk\set99\n_tsk_4.py,n_tsk,99,n_tsk,4,2,4,5,0.5,0.5,0.7,0.6,1.0,0.5,48.3,40,9,46.000001,69.0,21.433334,1,1,1099,0,greedy_sps_baseline,solved,1,4.612486,48.182416,0.09573,0.001357,,,0.001357,0.002162,3,0,0
n_tsk\set99\n_tsk_5.py,n_tsk,99,n_tsk,5,2,5,5,0.5,0.5,0.7,0.6,1.0,0.5,48.299999,40,11,45.999998,68.999999,21.433332,1,1,1099,0,ilp_v2,optimal,1,62.627818,48.287832,1.296969,0.02047,0.0,,0.02047,0.021253,3,0,0
n_tsk\set99\n_tsk_5.py,n_tsk,99,n_tsk,5,2,5,5,0.5,0.5,0.7,0.6,1.0,0.5,48.299999,40,11,45.999998,68.999999,21.433332,1,1,1099,0,ilp_v3,optimal,1,67.484713,48.285213,1.397627,0.02603,0.0,,0.02603,0.030965,3,0,0
n_tsk\set99\n_tsk_5.py,n_tsk,99,n_tsk,5,2,5,5,0.5,0.5,0.7,0.6,1.0,0.5,48.299999,40,11,45.999998,68.999999,21.433332,1,1,1099,0,ilp_v4,optimal,1,68.733572,48.242657,1.424747,0.055648,0.0,,0.055648,0.064997,3,0,0
n_tsk\set99\n_tsk_5.py,n_tsk,99,n_tsk,5,2,5,5,0.5,0.5,0.7,0.6,1.0,0.5,48.299999,40,11,45.999998,68.999999,21.433332,1,1,1099,0,greedy_sps_baseline,solved,1,8.846647,48.08186,0.183991,0.001131,,,0.001131,0.00124,3,0,0
