file,sweep,set,factor,value,n_prc,n_tsk,n_frq,u_mand_factor,u_opt_factor,rho,xi,U_M,U_O,B,H,J,e_mand_fmax,e_full_fmax,e_mand_min,feasible,donate_ok,seed,redraws,model,status,model_feasible,utility,energy,util_per_energy,runtime,gap,error,runtime_best,runtime_worst,repeats,censored,nondeterministic
n_prc\set00\n_prc_2.py,n_prc,0,n_prc,2,2,5,5,0.5,0.5,0.7,0.6,1.0,0.5,48.300003,40,13,46.000002,69.000005,22.042858,1,1,1000,0,ilp_v2,optimal,1,64.70866,48.292486,1.339932,0.038313,0.0,,0.038313,0.046203,3,0,0
n_prc\set00\n_prc_2.py,n_prc,0,n_prc,2,2,5,5,0.5,0.5,0.7,0.6,1.0,0.5,48.300003,40,13,46.000002,69.000005,22.042858,1,1,1000,0,ilp_v3,optimal,1,61.915628,47.940817,1.291501,0.075038,0.0,,0.075038,0.076925,3,0,0
n_prc\set00\n_prc_2.py,n_prc,0,n_prc,2,2,5,5,0.5,0.5,0.7,0.6,1.0,0.5,48.300003,40,13,46.000002,69.000005,22.042858,1,1,1000,0,ilp_v4,optimal,1,67.365432,47.602778,1.415158,0.105201,0.0,,0.105201,0.113158,3,0,0
n_prc\set00\n_prc_2.py,n_prc,0,n_prc,2,2,5,5,0.5,0.5,0.7,0.6,1.0,0.5,48.300003,40,13,46.000002,69.000005,22.042858,1,1,1000,0,greedy_sps_baseline,solved,1,8.364274,48.284027,0.173231,0.001744,,,0.001744,0.002049,3,0,0
n_prc\set00\n_prc_4.py,n_prc,0,n_prc,4,4,6,5,0.5,0.5,0.7,0.6,2.0,1.0,96.599999,40,17,91.999998,137.999999,44.085713,1,1,1000,0,ilp_v2,optimal,1,126.733117,96.510218,1.313158,0.01673,0.0,,0.01673,0.020809,3,0,0
n_prc\set00\n_prc_4.py,n_prc,0,n_prc,4,4,6,5,0.5,0.5,0.7,0.6,2.0,1.0,96.599999,40,17,91.999998,137.999999,44.085713,1,1,1000,0,ilp_v3,optimal,1,106.714819,96.583112,1.104901,0.04328,0.0,,0.04328,0.045541,3,0,0
n_prc\set00\n_prc_4.py,n_prc,0,n_prc,4,4,6,5,0.5,0.5,0.7,0.6,2.0,1.0,96.599999,40,17,91.999998,137.999999,44.085713,1,1,1000,0,ilp_v4,optimal,1,133.394186,96.120475,1.387781,0.279024,4e-06,,0.279024,0.326656,3,0,0
n_prc\set00\n_prc_4.py,n_prc,0,n_prc,4,4,6,5,0.5,0.5,0.7,0.6,2.0,1.0,96.599999,40,17,91.999998,137.999999,44.085713,1,1,1000,0,greedy_sps_baseline,solved,1,16.929671,96.573757,0.175303,0.001849,,,0.001849,0.001987,3,0,0
n_prc\set01\n_prc_2.py,n_prc,1,n_prc,2,2,5,5,0.5,0.5,0.7,0.6,1.0,0.5,48.300007,40,13,46.000002,69.00001,21.433334,1,1,1001,0,ilp_v2,optimal,1,44.434702,48.263013,0.920678,0.03863,0.0,,0.03863,0.041684,3,0,0
n_prc\set01\n_prc_2.py,n_prc,1,n_prc,2,2,5,5,0.5,0.5,0.7,0.6,1.0,0.5,48.300007,40,13,46.000002,69.00001,21.433334,1,1,1001,0,ilp_v3,optimal,1,38.281158,48.280096,0.792897,0.194392,0.0,,0.194392,0.221137,3,0,0
n_prc\set01\n_prc_2.py,n_prc,1,n_prc,2,2,5,5,0.5,0.5,0.7,0.6,1.0,0.5,48.300007,40,13,46.000002,69.00001,21.433334,1,1,1001,0,ilp_v4,optimal,1,45.172125,48.226295,0.93667,0.160784,0.0,,0.160784,0.185139,3,0,0
n_prc\set01\n_prc_2.py,n_prc,1,n_prc,2,2,5,5,0.5,0.5,0.7,0.6,1.0,0.5,48.300007,40,13,46.000002,69.00001,21.433334,1,1,1001,0,greedy_sps_baseline,solved,1,6.057065,48.182155,0.125712,0.004985,,,0.004985,0.005499,3,0,0
n_prc\set01\n_prc_4.py,n_prc,1,n_prc,4,4,6,5,0.5,0.5,0.7,0.6,2.0,1.0,96.600004,40,14,91.999998,138.000006,42.866666,1,1,1001,0,ilp_v2,optimal,1,128.989263,95.954775,1.344271,0.036214,0.0,,0.036214,0.038461,3,0,0
n_prc\set01\n_prc_4.py,n_prc,1,n_prc,4,4,6,5,0.5,0.5,0.7,0.6,2.0,1.0,96.600004,40,14,91.999998,138.000006,42.866666,1,1,1001,0,ilp_v3,optimal,1,87.372255,96.553124,0.904914,0.01806,0.0,,0.01806,0.021042,3,0,0
n_prc\set01\n_prc_4.py,n_prc,1,n_prc,4,4,6,5,0.5,0.5,0.7,0.6,2.0,1.0,96.600004,40,14,91.999998,138.000006,42.866666,1,1,1001,0,ilp_v4,optimal,1,111.128126,96.594568,1.150459,0.366024,1.4e-05,,0.366024,0.390742,3,0,0
n_prc\set01\n_prc_4.py,n_prc,1,n_prc,4,4,6,5,0.5,0.5,0.7,0.6,2.0,1.0,96.600004,40,14,91.999998,138.000006,42.866666,1,1,1001,0,greedy_sps_baseline,solved,1,18.116837,96.573597,0.187596,0.003156,,,0.003156,0.003333,3,0,0
n_prc\set02\n_prc_2.py,n_prc,2,n_prc,2,2,5,5,0.5,0.5,0.7,0.6,1.0,0.5,48.300001,40,11,46.000001,69.000001,21.400001,1,1,1002,0,ilp_v2,optimal,1,68.404718,47.739505,1.432874,0.019907,0.0,,0.019907,0.022025,3,0,0
n_prc\set02\n_prc_2.py,n_prc,2,n_prc,2,2,5,5,0.5,0.5,0.7,0.6,1.0,0.5,48.300001,40,11,46.000001,69.000001,21.400001,1,1,1002,0,ilp_v3,optimal,1,60.599474,48.298349,1.25469,0.026434,5.8e-05,,0.026434,0.028107,3,0,0
n_prc\set02\n_prc_2.py,n_prc,2,n_prc,2,2,5,5,0.5,0.5,0.7,0.6,1.0,0.5,48.300001,40,11,46.000001,69.000001,21.400001,1,1,1002,0,ilp_v4,optimal,1,69.490474,47.197065,1.472347,0.048523,0.0,,0.048523,0.052723,3,0,0
n_prc\set02\n_prc_2.py,n_prc,2,n_prc,2,2,5,5,0.5,0.5,0.7,0.6,1.0,0.5,48.300001,40,11,46.000001,69.000001,21.400001,1,1,1002,0,greedy_sps_baseline,solved,1,8.500133,48.282551,0.17605,0.001077,,,0.001077,0.001337,3,0,0
n_prc\set02\n_prc_4.py,n_prc,2,n_prc,4,4,6,5,0.5,0.5,0.7,0.6,2.0,1.0,96.600002,40,15,92.000001,138.000003,42.800001,1,1,1002,0,ilp_v2,optimal,1,119.403232,96.469007,1.237737,0.089643,0.0,,0.089643,0.097517,3,0,0
n_prc\set02\n_prc_4.py,n_prc,2,n_prc,4,4,6,5,0.5,0.5,0.7,0.6,2.0,1.0,96.600002,40,15,92.000001,138.000003,42.800001,1,1,1002,0,ilp_v3,optimal,1,112.572454,96.586723,1.165507,0.052705,0.0,,0.052705,0.055471,3,0,0
n_prc\set02\n_prc_4.py,n_prc,2,n_prc,4,4,6,5,0.5,0.5,0.7,0.6,2.0,1.0,96.600002,40,15,92.000001,138.000003,42.800001,1,1,1002,0,ilp_v4,error,0,,,,0.021855,,"AssertionError('phase_swap_local_search: the DBF pre-check (min_slack_for_job) and the full check (check_all_timing) disagreed, which should be impossible — see ISSUES.md -> SWAP-BREAK for why. 6 occu",0.021855,0.023623,3,0,0
n_prc\set02\n_prc_4.py,n_prc,2,n_prc,4,4,6,5,0.5,0.5,0.7,0.6,2.0,1.0,96.600002,40,15,92.000001,138.000003,42.800001,1,1,1002,0,greedy_sps_baseline,solved,1,17.142205,96.485039,0.177667,0.002022,,,0.002022,0.002111,3,0,0
n_prc\set03\n_prc_2.py,n_prc,3,n_prc,2,2,5,5,0.5,0.5,0.7,0.6,1.0,0.5,48.299999,40,10,46.0,68.999999,21.433333,1,1,1003,0,ilp_v2,optimal,1,65.652181,48.288722,1.359576,0.026721,0.0,,0.026721,0.028888,3,0,0
n_prc\set03\n_prc_2.py,n_prc,3,n_prc,2,2,5,5,0.5,0.5,0.7,0.6,1.0,0.5,48.299999,40,10,46.0,68.999999,21.433333,1,1,1003,0,ilp_v3,optimal,1,62.894954,48.298718,1.302208,0.055626,0.0,,0.055626,0.076251,3,0,0
n_prc\set03\n_prc_2.py,n_prc,3,n_prc,2,2,5,5,0.5,0.5,0.7,0.6,1.0,0.5,48.299999,40,10,46.0,68.999999,21.433333,1,1,1003,0,ilp_v4,optimal,1,65.814743,48.274164,1.363353,0.071644,0.0,,0.071644,0.076742,3,0,0
n_prc\set03\n_prc_2.py,n_prc,3,n_prc,2,2,5,5,0.5,0.5,0.7,0.6,1.0,0.5,48.299999,40,10,46.0,68.999999,21.433333,1,1,1003,0,greedy_sps_baseline,solved,1,3.970118,48.2699,0.082248,0.001421,,,0.001421,0.001519,3,0,0
n_prc\set03\n_prc_4.py,n_prc,3,n_prc,4,4,6,5,0.5,0.5,0.7,0.6,2.0,1.0,96.600002,40,12,92.000001,138.000003,42.866667,1,1,1003,0,ilp_v2,optimal,1,72.433146,96.434288,0.751114,0.013449,0.0,,0.013449,0.014708,3,0,0
n_prc\set03\n_prc_4.py,n_prc,3,n_prc,4,4,6,5,0.5,0.5,0.7,0.6,2.0,1.0,96.600002,40,12,92.000001,138.000003,42.866667,1,1,1003,0,ilp_v3,optimal,1,87.2083,96.592559,0.902847,0.015926,0.0,,0.015926,0.017385,3,0,0
n_prc\set03\n_prc_4.py,n_prc,3,n_prc,4,4,6,5,0.5,0.5,0.7,0.6,2.0,1.0,96.600002,40,12,92.000001,138.000003,42.866667,1,1,1003,0,ilp_v4,optimal,1,102.387163,96.544073,1.060523,0.13342,0.0,,0.13342,0.139875,3,0,0
n_prc\set03\n_prc_4.py,n_prc,3,n_prc,4,4,6,5,0.5,0.5,0.7,0.6,2.0,1.0,96.600002,40,12,92.000001,138.000003,42.866667,1,1,1003,0,greedy_sps_baseline,solved,1,14.047227,96.101396,0.146171,0.001272,,,0.001272,0.001436,3,0,0
n_prc\set04\n_prc_2.py,n_prc,4,n_prc,2,2,5,5,0.5,0.5,0.7,0.6,1.0,0.5,48.3,40,13,46.000002,69.0,22.042858,1,1,1004,0,ilp_v2,optimal,1,54.907754,48.120775,1.141041,0.033585,3.6e-05,,0.033585,0.040516,3,0,0
n_prc\set04\n_prc_2.py,n_prc,4,n_prc,2,2,5,5,0.5,0.5,0.7,0.6,1.0,0.5,48.3,40,13,46.000002,69.0,22.042858,1,1,1004,0,ilp_v3,optimal,1,56.271351,47.64706,1.181004,0.017624,0.0,,0.017624,0.01832,3,0,0
n_prc\set04\n_prc_2.py,n_prc,4,n_prc,2,2,5,5,0.5,0.5,0.7,0.6,1.0,0.5,48.3,40,13,46.000002,69.0,22.042858,1,1,1004,0,ilp_v4,optimal,1,56.483065,48.270237,1.170143,0.131527,0.0,,0.131527,0.137675,3,0,0
n_prc\set04\n_prc_2.py,n_prc,4,n_prc,2,2,5,5,0.5,0.5,0.7,0.6,1.0,0.5,48.3,40,13,46.000002,69.0,22.042858,1,1,1004,0,greedy_sps_baseline,solved,1,7.79982,48.211926,0.161782,0.001262,,,0.001262,0.001465,3,0,0
n_prc\set04\n_prc_4.py,n_prc,4,n_prc,4,4,6,5,0.5,0.5,0.7,0.6,2.0,1.0,96.6,40,14,91.999999,138.0,44.085714,1,1,1004,0,ilp_v2,optimal,1,71.336784,95.797413,0.744663,0.017767,0.0,,0.017767,0.018714,3,0,0
n_prc\set04\n_prc_4.py,n_prc,4,n_prc,4,4,6,5,0.5,0.5,0.7,0.6,2.0,1.0,96.6,40,14,91.999999,138.0,44.085714,1,1,1004,0,ilp_v3,optimal,1,87.775807,96.588301,0.908762,0.018369,0.0,,0.018369,0.019227,3,0,0
n_prc\set04\n_prc_4.py,n_prc,4,n_prc,4,4,6,5,0.5,0.5,0.7,0.6,2.0,1.0,96.6,40,14,91.999999,138.0,44.085714,1,1,1004,0,ilp_v4,optimal,1,73.101267,96.584882,0.75686,0.182501,0.0,,0.182501,0.204928,3,0,0
n_prc\set04\n_prc_4.py,n_prc,4,n_prc,4,4,6,5,0.5,0.5,0.7,0.6,2.0,1.0,96.6,40,14,91.999999,138.0,44.085714,1,1,1004,0,greedy_sps_baseline,solved,1,7.406994,95.453772,0.077598,0.001975,,,0.001975,0.002487,3,0,0
n_prc\set05\n_prc_2.py,n_prc,5,n_prc,2,2,5,5,0.5,0.5,0.7,0.6,1.0,0.5,48.299998,40,10,46.0,68.999998,24.4,1,1,1005,0,ilp_v2,optimal,1,48.111591,48.255135,0.997025,0.00929,0.0,,0.00929,0.012059,3,0,0
n_prc\set05\n_prc_2.py,n_prc,5,n_prc,2,2,5,5,0.5,0.5,0.7,0.6,1.0,0.5,48.299998,40,10,46.0,68.999998,24.4,1,1,1005,0,ilp_v3,optimal,1,43.997009,46.914174,0.937819,0.018118,0.0,,0.018118,0.022845,3,0,0
n_prc\set05\n_prc_2.py,n_prc,5,n_prc,2,2,5,5,0.5,0.5,0.7,0.6,1.0,0.5,48.299998,40,10,46.0,68.999998,24.4,1,1,1005,0,ilp_v4,optimal,1,48.111591,48.255135,0.997025,0.036754,0.0,,0.036754,0.038428,3,0,0
n_prc\set05\n_prc_2.py,n_prc,5,n_prc,2,2,5,5,0.5,0.5,0.7,0.6,1.0,0.5,48.299998,40,10,46.0,68.999998,24.4,1,1,1005,0,greedy_sps_baseline,solved,1,8.491537,48.040339,0.176758,0.000692,,,0.000692,0.001115,3,0,0
n_prc\set05\n_prc_4.py,n_prc,5,n_prc,4,4,6,5,0.5,0.5,0.7,0.6,2.0,1.0,96.600004,40,11,92.0,138.000006,48.8,1,1,1005,0,ilp_v2,optimal,1,79.637877,87.725545,0.907807,0.008551,0.0,,0.008551,0.009199,3,0,0
n_prc\set05\n_prc_4.py,n_prc,5,n_prc,4,4,6,5,0.5,0.5,0.7,0.6,2.0,1.0,96.600004,40,11,92.0,138.000006,48.8,1,1,1005,0,ilp_v3,optimal,1,89.209524,95.991342,0.92935,0.011629,0.0,,0.011629,0.012224,3,0,0
n_prc\set05\n_prc_4.py,n_prc,5,n_prc,4,4,6,5,0.5,0.5,0.7,0.6,2.0,1.0,96.600004,40,11,92.0,138.000006,48.8,1,1,1005,0,ilp_v4,error,0,,,,0.043802,,"AssertionError('phase_swap_local_search: the DBF pre-check (min_slack_for_job) and the full check (check_all_timing) disagreed, which should be impossible — see ISSUES.md -> SWAP-BREAK for why. 2 occu",0.043802,0.046601,3,0,0
n_prc\set05\n_prc_4.py,n_prc,5,n_prc,4,4,6,5,0.5,0.5,0.7,0.6,2.0,1.0,96.600004,40,11,92.0,138.000006,48.8,1,1,1005,0,greedy_sps_baseline,solved,1,18.903774,96.533752,0.195826,0.000755,,,0.000755,0.000917,3,0,0
n_prc\set06\n_prc_2.py,n_prc,6,n_prc,2,2,5,5,0.5,0.5,0.7,0.6,1.0,0.5,48.300002,40,10,46.000002,69.000002,21.433334,1,1,1006,0,ilp_v2,optimal,1,35.543866,48.186666,0.737629,0.008671,0.0,,0.008671,0.010241,3,0,0
n_prc\set06\n_prc_2.py,n_prc,6,n_prc,2,2,5,5,0.5,0.5,0.7,0.6,1.0,0.5,48.300002,40,10,46.000002,69.000002,21.433334,1,1,1006,0,ilp_v3,optimal,1,35.676241,47.926231,0.744399,0.009085,0.0,,0.009085,0.010404,3,0,0
n_prc\set06\n_prc_2.py,n_prc,6,n_prc,2,2,5,5,0.5,0.5,0.7,0.6,1.0,0.5,48.300002,40,10,46.000002,69.000002,21.433334,1,1,1006,0,ilp_v4,optimal,1,38.970656,48.045761,0.811115,0.044988,0.0,,0.044988,0.052459,3,0,0
n_prc\set06\n_prc_2.py,n_prc,6,n_prc,2,2,5,5,0.5,0.5,0.7,0.6,1.0,0.5,48.300002,40,10,46.000002,69.000002,21.433334,1,1,1006,0,greedy_sps_baseline,solved,1,2.560218,47.783406,0.05358,0.001131,,,0.001131,0.00126,3,0,0
n_prc\set06\n_prc_4.py,n_prc,6,n_prc,4,4,6,5,0.5,0.5,0.7,0.6,2.0,1.0,96.600002,40,11,92.0,138.000002,42.866667,1,1,1006,0,ilp_v2,optimal,1,80.302324,96.273569,0.834106,0.032075,8.2e-05,,0.032075,0.036008,3,0,0
n_prc\set06\n_prc_4.py,n_prc,6,n_prc,4,4,6,5,0.5,0.5,0.7,0.6,2.0,1.0,96.600002,40,11,92.0,138.000002,42.866667,1,1,1006,0,ilp_v3,optimal,1,96.201005,96.425321,0.997674,0.01873,0.0,,0.01873,0.020597,3,0,0
n_prc\set06\n_prc_4.py,n_prc,6,n_prc,4,4,6,5,0.5,0.5,0.7,0.6,2.0,1.0,96.600002,40,11,92.0,138.000002,42.866667,1,1,1006,0,ilp_v4,error,0,,,,0.06141,,"AssertionError('phase_swap_local_search: the DBF pre-check (min_slack_for_job) and the full check (check_all_timing) disagreed, which should be impossible — see ISSUES.md -> SWAP-BREAK for why. 5 occu",0.06141,0.070967,3,0,0
n_prc\set06\n_prc_4.py,n_prc,6,n_prc,4,4,6,5,0.5,0.5,0.7,0.6,2.0,1.0,96.600002,40,11,92.0,138.000002,42.866667,1,1,1006,0,greedy_sps_baseline,solved,1,16.945655,96.597892,0.175425,0.001303,,,0.001303,0.001462,3,0,0
n_prc\set07\n_prc_2.py,n_prc,7,n_prc,2,2,5,5,0.5,0.5,0.7,0.6,1.0,0.5,48.299998,40,9,45.999999,68.999998,21.399999,1,1,1007,0,ilp_v2,optimal,1,20.146239,48.191351,0.418047,0.00825,0.0,,0.00825,0.00881,3,0,0
n_prc\set07\n_prc_2.py,n_prc,7,n_prc,2,2,5,5,0.5,0.5,0.7,0.6,1.0,0.5,48.299998,40,9,45.999999,68.999998,21.399999,1,1,1007,0,ilp_v3,optimal,1,26.987835,48.044104,0.56173,0.015194,0.0,,0.015194,0.020301,3,0,0
n_prc\set07\n_prc_2.py,n_prc,7,n_prc,2,2,5,5,0.5,0.5,0.7,0.6,1.0,0.5,48.299998,40,9,45.999999,68.999998,21.399999,1,1,1007,0,ilp_v4,optimal,1,26.987835,47.951085,0.56282,0.019684,0.0,,0.019684,0.022104,3,0,0
n_prc\set07\n_prc_2.py,n_prc,7,n_prc,2,2,5,5,0.5,0.5,0.7,0.6,1.0,0.5,48.299998,40,9,45.999999,68.999998,21.399999,1,1,1007,0,greedy_sps_baseline,solved,1,4.899192,48.20861,0.101625,0.000961,,,0.000961,0.001105,3,0,0
n_prc\set07\n_prc_4.py,n_prc,7,n_prc,4,4,6,5,0.5,0.5,0.7,0.6,2.0,1.0,96.6,40,13,92.000001,138.0,42.800001,1,1,1007,0,ilp_v2,optimal,1,39.454935,96.59277,0.408467,0.07455,0.0,,0.07455,0.080568,3,0,0
n_prc\set07\n_prc_4.py,n_prc,7,n_prc,4,4,6,5,0.5,0.5,0.7,0.6,2.0,1.0,96.6,40,13,92.000001,138.0,42.800001,1,1,1007,0,ilp_v3,optimal,1,77.067169,96.59814,0.797812,0.018624,6.2e-05,,0.018624,0.021007,3,0,0
n_prc\set07\n_prc_4.py,n_prc,7,n_prc,4,4,6,5,0.5,0.5,0.7,0.6,2.0,1.0,96.6,40,13,92.000001,138.0,42.800001,1,1,1007,0,ilp_v4,optimal,1,118.342078,96.589441,1.225207,0.167511,0.0,,0.167511,0.203048,3,0,0
n_prc\set07\n_prc_4.py,n_prc,7,n_prc,4,4,6,5,0.5,0.5,0.7,0.6,2.0,1.0,96.6,40,13,92.000001,138.0,42.800001,1,1,1007,0,greedy_sps_baseline,solved,1,11.427439,96.549981,0.118358,0.001377,,,0.001377,0.00158,3,0,0
n_prc\set08\n_prc_2.py,n_prc,8,n_prc,2,2,5,5,0.5,0.5,0.7,0.6,1.0,0.5,48.300002,40,9,46.000002,69.000003,22.042858,1,1,1008,0,ilp_v2,optimal,1,38.342824,45.848775,0.836289,0.014654,0.0,,0.014654,0.015696,3,0,0
n_prc\set08\n_prc_2.py,n_prc,8,n_prc,2,2,5,5,0.5,0.5,0.7,0.6,1.0,0.5,48.300002,40,9,46.000002,69.000003,22.042858,1,1,1008,0,ilp_v3,optimal,1,38.251393,48.268652,0.792469,0.091204,0.0,,0.091204,0.099493,3,0,0
n_prc\set08\n_prc_2.py,n_prc,8,n_prc,2,2,5,5,0.5,0.5,0.7,0.6,1.0,0.5,48.300002,40,9,46.000002,69.000003,22.042858,1,1,1008,0,ilp_v4,optimal,1,43.186813,48.147754,0.896964,0.039226,0.0,,0.039226,0.039853,3,0,0
n_prc\set08\n_prc_2.py,n_prc,8,n_prc,2,2,5,5,0.5,0.5,0.7,0.6,1.0,0.5,48.300002,40,9,46.000002,69.000003,22.042858,1,1,1008,0,greedy_sps_baseline,solved,1,4.436578,48.163973,0.092114,0.001381,,,0.001381,0.00191,3,0,0
n_prc\set08\n_prc_4.py,n_prc,8,n_prc,4,4,6,5,0.5,0.5,0.7,0.6,2.0,1.0,96.600004,40,13,92.000002,138.000006,44.085715,1,1,1008,0,ilp_v2,optimal,1,70.692732,95.160475,0.742879,0.012755,0.0,,0.012755,0.016739,3,0,0
n_prc\set08\n_prc_4.py,n_prc,8,n_prc,4,4,6,5,0.5,0.5,0.7,0.6,2.0,1.0,96.600004,40,13,92.000002,138.000006,44.085715,1,1,1008,0,ilp_v3,optimal,1,62.492959,96.368435,0.64848,0.031262,0.0,,0.031262,0.041362,3,0,0
n_prc\set08\n_prc_4.py,n_prc,8,n_prc,4,4,6,5,0.5,0.5,0.7,0.6,2.0,1.0,96.600004,40,13,92.000002,138.000006,44.085715,1,1,1008,0,ilp_v4,optimal,1,88.755632,96.552147,0.919251,0.108608,0.0,,0.108608,0.11805,3,0,0
n_prc\set08\n_prc_4.py,n_prc,8,n_prc,4,4,6,5,0.5,0.5,0.7,0.6,2.0,1.0,96.600004,40,13,92.000002,138.000006,44.085715,1,1,1008,0,greedy_sps_baseline,solved,1,5.094895,94.420775,0.053959,0.002044,,,0.002044,0.002409,3,0,0
n_prc\set09\n_prc_2.py,n_prc,9,n_prc,2,2,5,5,0.5,0.5,0.7,0.6,1.0,0.5,48.300002,40,12,45.999999,69.000002,21.399999,1,1,1009,0,ilp_v2,optimal,1,52.310218,48.283964,1.083387,0.068504,0.0,,0.068504,0.072484,3,0,0
n_prc\set09\n_prc_2.py,n_prc,9,n_prc,2,2,5,5,0.5,0.5,0.7,0.6,1.0,0.5,48.300002,40,12,45.999999,69.000002,21.399999,1,1,1009,0,ilp_v3,optimal,1,52.925802,47.994873,1.102739,0.015695,0.0,,0.015695,0.018609,3,0,0
n_prc\set09\n_prc_2.py,n_prc,9,n_prc,2,2,5,5,0.5,0.5,0.7,0.6,1.0,0.5,48.300002,40,12,45.999999,69.000002,21.399999,1,1,1009,0,ilp_v4,optimal,1,52.925802,47.994873,1.102739,0.132122,0.0,,0.132122,0.146407,3,0,0
n_prc\set09\n_prc_2.py,n_prc,9,n_prc,2,2,5,5,0.5,0.5,0.7,0.6,1.0,0.5,48.300002,40,12,45.999999,69.000002,21.399999,1,1,1009,0,greedy_sps_baseline,solved,1,9.528677,48.244383,0.197509,0.002447,,,0.002447,0.003197,3,0,0
n_prc\set09\n_prc_4.py,n_prc,9,n_prc,4,4,6,5,0.5,0.5,0.7,0.6,2.0,1.0,96.600006,40,16,92.000003,138.000008,42.800002,1,1,1009,0,ilp_v2,optimal,1,75.87553,96.073303,0.789767,0.020813,0.0,,0.020813,0.022291,3,0,0
n_prc\set09\n_prc_4.py,n_prc,9,n_prc,4,4,6,5,0.5,0.5,0.7,0.6,2.0,1.0,96.600006,40,16,92.000003,138.000008,42.800002,1,1,1009,0,ilp_v3,optimal,1,62.127859,96.521244,0.64367,0.023259,0.0,,0.023259,0.024236,3,0,0
n_prc\set09\n_prc_4.py,n_prc,9,n_prc,4,4,6,5,0.5,0.5,0.7,0.6,2.0,1.0,96.600006,40,16,92.000003,138.000008,42.800002,1,1,1009,0,ilp_v4,optimal,1,75.678301,95.690019,0.790869,0.300257,0.0,,0.300257,0.348062,3,0,0
n_prc\set09\n_prc_4.py,n_prc,9,n_prc,4,4,6,5,0.5,0.5,0.7,0.6,2.0,1.0,96.600006,40,16,92.000003,138.000008,42.800002,1,1,1009,0,greedy_sps_baseline,solved,1,13.659526,96.585226,0.141425,0.001201,,,0.001201,0.001342,3,0,0
n_prc\set10\n_prc_2.py,n_prc,10,n_prc,2,2,5,5,0.5,0.5,0.7,0.6,1.0,0.5,48.299999,40,11,45.999998,68.999999,21.433332,1,1,1010,0,ilp_v2,optimal,1,53.598502,47.918585,1.118533,0.010464,0.0,,0.010464,0.016877,3,0,0
n_prc\set10\n_prc_2.py,n_prc,10,n_prc,2,2,5,5,0.5,0.5,0.7,0.6,1.0,0.5,48.299999,40,11,45.999998,68.999999,21.433332,1,1,1010,0,ilp_v3,optimal,1,43.914612,47.286674,0.928689,0.05319,0.0,,0.05319,0.05881,3,0,0
n_prc\set10\n_prc_2.py,n_prc,10,n_prc,2,2,5,5,0.5,0.5,0.7,0.6,1.0,0.5,48.299999,40,11,45.999998,68.999999,21.433332,1,1,1010,0,ilp_v4,optimal,1,53.598502,47.918585,1.118533,0.032246,0.0,,0.032246,0.033862,3,0,0
n_prc\set10\n_prc_2.py,n_prc,10,n_prc,2,2,5,5,0.5,0.5,0.7,0.6,1.0,0.5,48.299999,40,11,45.999998,68.999999,21.433332,1,1,1010,0,greedy_sps_baseline,solved,1,6.604343,48.131896,0.137213,0.00119,,,0.00119,0.001349,3,0,0
n_prc\set10\n_prc_4.py,n_prc,10,n_prc,4,4,6,5,0.5,0.5,0.7,0.6,2.0,1.0,96.599998,40,15,92.0,137.999997,42.866667,1,1,1010,0,ilp_v2,optimal,1,108.21193,96.501069,1.121355,0.112678,0.0,,0.112678,0.118486,3,0,0
n_prc\set10\n_prc_4.py,n_prc,10,n_prc,4,4,6,5,0.5,0.5,0.7,0.6,2.0,1.0,96.599998,40,15,92.0,137.999997,42.866667,1,1,1010,0,ilp_v3,optimal,1,125.525722,96.551784,1.300087,0.044303,0.0,,0.044303,0.045295,3,0,0
n_prc\set10\n_prc_4.py,n_prc,10,n_prc,4,4,6,5,0.5,0.5,0.7,0.6,2.0,1.0,96.599998,40,15,92.0,137.999997,42.866667,1,1,1010,0,ilp_v4,optimal,1,125.510596,96.545318,1.300017,0.245985,5.3e-05,,0.245985,0.288404,3,0,0
n_prc\set10\n_prc_4.py,n_prc,10,n_prc,4,4,6,5,0.5,0.5,0.7,0.6,2.0,1.0,96.599998,40,15,92.0,137.999997,42.866667,1,1,1010,0,greedy_sps_baseline,solved,1,17.610072,96.534143,0.182423,0.001968,,,0.001968,0.002279,3,0,0
n_prc\set11\n_prc_2.py,n_prc,11,n_prc,2,2,5,5,0.5,0.5,0.7,0.6,1.0,0.5,48.3,40,10,46.000001,69.0,21.400001,1,1,1011,0,ilp_v2,optimal,1,36.374372,48.077219,0.756582,0.012868,0.0,,0.012868,0.01386,3,0,0
n_prc\set11\n_prc_2.py,n_prc,11,n_prc,2,2,5,5,0.5,0.5,0.7,0.6,1.0,0.5,48.3,40,10,46.000001,69.0,21.400001,1,1,1011,0,ilp_v3,optimal,1,49.01171,48.272085,1.015322,0.023837,0.0,,0.023837,0.027924,3,0,0
n_prc\set11\n_prc_2.py,n_prc,11,n_prc,2,2,5,5,0.5,0.5,0.7,0.6,1.0,0.5,48.3,40,10,46.000001,69.0,21.400001,1,1,1011,0,ilp_v4,optimal,1,48.50675,47.911528,1.012423,0.043047,0.0,,0.043047,0.049447,3,0,0
n_prc\set11\n_prc_2.py,n_prc,11,n_prc,2,2,5,5,0.5,0.5,0.7,0.6,1.0,0.5,48.3,40,10,46.000001,69.0,21.400001,1,1,1011,0,greedy_sps_baseline,solved,1,7.188212,48.127525,0.149358,0.000869,,,0.000869,0.001006,3,0,0
n_prc\set11\n_prc_4.py,n_prc,11,n_prc,4,4,6,5,0.5,0.5,0.7,0.6,2.0,1.0,96.599998,40,12,91.999997,137.999998,42.799998,1,1,1011,0,ilp_v2,optimal,1,76.834355,95.901166,0.801183,0.024835,7.1e-05,,0.024835,0.032433,3,0,0
n_prc\set11\n_prc_4.py,n_prc,11,n_prc,4,4,6,5,0.5,0.5,0.7,0.6,2.0,1.0,96.599998,40,12,91.999997,137.999998,42.799998,1,1,1011,0,ilp_v3,optimal,1,73.525522,96.484521,0.762045,0.051524,0.0,,0.051524,0.054343,3,0,0
n_prc\set11\n_prc_4.py,n_prc,11,n_prc,4,4,6,5,0.5,0.5,0.7,0.6,2.0,1.0,96.599998,40,12,91.999997,137.999998,42.799998,1,1,1011,0,ilp_v4,error,0,,,,0.054595,,"AssertionError('phase_swap_local_search: the DBF pre-check (min_slack_for_job) and the full check (check_all_timing) disagreed, which should be impossible — see ISSUES.md -> SWAP-BREAK for why. 1 occu",0.054595,0.061144,3,0,0
n_prc\set11\n_prc_4.py,n_prc,11,n_prc,4,4,6,5,0.5,0.5,0.7,0.6,2.0,1.0,96.599998,40,12,91.999997,137.999998,42.799998,1,1,1011,0,greedy_sps_baseline,solved,1,13.526285,96.562335,0.140078,0.000988,,,0.000988,0.001372,3,0,0
n_prc\set12\n_prc_2.py,n_prc,12,n_prc,2,2,5,5,0.5,0.5,0.7,0.6,1.0,0.5,48.300001,40,11,46.000001,69.000001,21.400001,1,1,1012,0,ilp_v2,optimal,1,48.744676,48.009892,1.015305,0.048541,0.0,,0.048541,0.05438,3,0,0
n_prc\set12\n_prc_2.py,n_prc,12,n_prc,2,2,5,5,0.5,0.5,0.7,0.6,1.0,0.5,48.300001,40,11,46.000001,69.000001,21.400001,1,1,1012,0,ilp_v3,optimal,1,45.761031,48.298357,0.947466,0.139968,0.0,,0.139968,0.148303,3,0,0
n_prc\set12\n_prc_2.py,n_prc,12,n_prc,2,2,5,5,0.5,0.5,0.7,0.6,1.0,0.5,48.300001,40,11,46.000001,69.000001,21.400001,1,1,1012,0,ilp_v4,optimal,1,48.951526,48.29449,1.013605,0.120544,0.0,,0.120544,0.125356,3,0,0
n_prc\set12\n_prc_2.py,n_prc,12,n_prc,2,2,5,5,0.5,0.5,0.7,0.6,1.0,0.5,48.300001,40,11,46.000001,69.000001,21.400001,1,1,1012,0,greedy_sps_baseline,solved,1,9.193184,48.281246,0.190409,0.001731,,,0.001731,0.002222,3,0,0
n_prc\set12\n_prc_4.py,n_prc,12,n_prc,4,4,6,5,0.5,0.5,0.7,0.6,2.0,1.0,96.599998,40,12,92.0,137.999997,42.8,1,1,1012,0,ilp_v2,optimal,1,79.504431,96.585597,0.82315,0.017162,0.0,,0.017162,0.01854,3,0,0
n_prc\set12\n_prc_4.py,n_prc,12,n_prc,4,4,6,5,0.5,0.5,0.7,0.6,2.0,1.0,96.599998,40,12,92.0,137.999997,42.8,1,1,1012,0,ilp_v3,optimal,1,90.530834,96.581941,0.937347,0.03657,0.0,,0.03657,0.040151,3,0,0
n_prc\set12\n_prc_4.py,n_prc,12,n_prc,4,4,6,5,0.5,0.5,0.7,0.6,2.0,1.0,96.599998,40,12,92.0,137.999997,42.8,1,1,1012,0,ilp_v4,error,0,,,,0.073343,,"AssertionError('phase_swap_local_search: the DBF pre-check (min_slack_for_job) and the full check (check_all_timing) disagreed, which should be impossible — see ISSUES.md -> SWAP-BREAK for why. 2 occu",0.073343,0.079266,3,0,0
n_prc\set12\n_prc_4.py,n_prc,12,n_prc,4,4,6,5,0.5,0.5,0.7,0.6,2.0,1.0,96.599998,40,12,92.0,137.999997,42.8,1,1,1012,0,greedy_sps_baseline,solved,1,17.368486,96.509656,0.179966,0.001796,,,0.001796,0.002771,3,0,0
n_prc\set13\n_prc_2.py,n_prc,13,n_prc,2,2,5,5,0.5,0.5,0.7,0.6,1.0,0.5,48.300005,40,13,46.0,69.000007,21.4,1,1,1013,0,ilp_v2,optimal,1,43.8069,48.22889,0.908312,0.033599,0.0,,0.033599,0.040065,3,0,0
n_prc\set13\n_prc_2.py,n_prc,13,n_prc,2,2,5,5,0.5,0.5,0.7,0.6,1.0,0.5,48.300005,40,13,46.0,69.000007,21.4,1,1,1013,0,ilp_v3,optimal,1,50.897773,48.001787,1.060331,0.027358,0.0,,0.027358,0.028961,3,0,0
n_prc\set13\n_prc_2.py,n_prc,13,n_prc,2,2,5,5,0.5,0.5,0.7,0.6,1.0,0.5,48.300005,40,13,46.0,69.000007,21.4,1,1,1013,0,ilp_v4,optimal,1,66.426284,48.298326,1.375333,0.236977,0.0,,0.236977,0.247974,3,0,0
n_prc\set13\n_prc_2.py,n_prc,13,n_prc,2,2,5,5,0.5,0.5,0.7,0.6,1.0,0.5,48.300005,40,13,46.0,69.000007,21.4,1,1,1013,0,greedy_sps_baseline,solved,1,8.38857,48.262873,0.17381,0.002295,,,0.002295,0.00254,3,0,0
n_prc\set13\n_prc_4.py,n_prc,13,n_prc,4,4,6,5,0.5,0.5,0.7,0.6,2.0,1.0,96.599999,40,15,92.000002,137.999999,42.800001,1,1,1013,0,ilp_v2,optimal,1,97.931852,96.439431,1.015475,0.062447,0.0,,0.062447,0.068775,3,0,0
n_prc\set13\n_prc_4.py,n_prc,13,n_prc,4,4,6,5,0.5,0.5,0.7,0.6,2.0,1.0,96.599999,40,15,92.000002,137.999999,42.800001,1,1,1013,0,ilp_v3,optimal,1,124.489398,96.359648,1.291925,0.01805,0.0,,0.01805,0.018672,3,0,0
n_prc\set13\n_prc_4.py,n_prc,13,n_prc,4,4,6,5,0.5,0.5,0.7,0.6,2.0,1.0,96.599999,40,15,92.000002,137.999999,42.800001,1,1,1013,0,ilp_v4,error,0,,,,0.093398,,"AssertionError('phase_swap_local_search: the DBF pre-check (min_slack_for_job) and the full check (check_all_timing) disagreed, which should be impossible — see ISSUES.md -> SWAP-BREAK for why. 4 occu",0.093398,0.109579,3,0,0
n_prc\set13\n_prc_4.py,n_prc,13,n_prc,4,4,6,5,0.5,0.5,0.7,0.6,2.0,1.0,96.599999,40,15,92.000002,137.999999,42.800001,1,1,1013,0,greedy_sps_baseline,solved,1,17.570553,96.55306,0.181978,0.000885,,,0.000885,0.001107,3,0,0
n_prc\set14\n_prc_2.py,n_prc,14,n_prc,2,2,5,5,0.5,0.5,0.7,0.6,1.0,0.5,48.299998,40,10,46.0,68.999998,21.433333,1,1,1014,0,ilp_v2,optimal,1,62.107903,48.06979,1.292036,0.023027,0.0,,0.023027,0.027277,3,0,0
n_prc\set14\n_prc_2.py,n_prc,14,n_prc,2,2,5,5,0.5,0.5,0.7,0.6,1.0,0.5,48.299998,40,10,46.0,68.999998,21.433333,1,1,1014,0,ilp_v3,optimal,1,59.155238,48.27302,1.225431,0.027551,0.0,,0.027551,0.029382,3,0,0
n_prc\set14\n_prc_2.py,n_prc,14,n_prc,2,2,5,5,0.5,0.5,0.7,0.6,1.0,0.5,48.299998,40,10,46.0,68.999998,21.433333,1,1,1014,0,ilp_v4,optimal,1,62.107903,48.06979,1.292036,0.045864,0.0,,0.045864,0.048946,3,0,0
n_prc\set14\n_prc_2.py,n_prc,14,n_prc,2,2,5,5,0.5,0.5,0.7,0.6,1.0,0.5,48.299998,40,10,46.0,68.999998,21.433333,1,1,1014,0,greedy_sps_baseline,solved,1,8.991418,48.274446,0.186256,0.001185,,,0.001185,0.001337,3,0,0
n_prc\set14\n_prc_4.py,n_prc,14,n_prc,4,4,6,5,0.5,0.5,0.7,0.6,2.0,1.0,96.600002,40,11,92.0,138.000003,42.866667,1,1,1014,0,ilp_v2,optimal,1,70.68485,96.340164,0.733701,0.021068,0.0,,0.021068,0.024587,3,0,0
n_prc\set14\n_prc_4.py,n_prc,14,n_prc,4,4,6,5,0.5,0.5,0.7,0.6,2.0,1.0,96.600002,40,11,92.0,138.000003,42.866667,1,1,1014,0,ilp_v3,optimal,1,66.536051,96.567702,0.689009,0.074027,0.0,,0.074027,0.078995,3,0,0
n_prc\set14\n_prc_4.py,n_prc,14,n_prc,4,4,6,5,0.5,0.5,0.7,0.6,2.0,1.0,96.600002,40,11,92.0,138.000003,42.866667,1,1,1014,0,ilp_v4,optimal,1,84.816368,96.549881,0.878472,0.103905,0.0,,0.103905,0.108543,3,0,0
n_prc\set14\n_prc_4.py,n_prc,14,n_prc,4,4,6,5,0.5,0.5,0.7,0.6,2.0,1.0,96.600002,40,11,92.0,138.000003,42.866667,1,1,1014,0,greedy_sps_baseline,solved,1,12.15676,96.395279,0.126114,0.001179,,,0.001179,0.001588,3,0,0
n_prc\set15\n_prc_2.py,n_prc,15,n_prc,2,2,5,5,0.5,0.5,0.7,0.6,1.0,0.5,48.299998,40,11,45.999999,68.999997,21.999999,1,1,1015,0,ilp_v2,optimal,1,69.611488,47.278892,1.472359,0.012917,6.8e-05,,0.012917,0.014966,3,0,0
n_prc\set15\n_prc_2.py,n_prc,15,n_prc,2,2,5,5,0.5,0.5,0.7,0.6,1.0,0.5,48.299998,40,11,45.999999,68.999997,21.999999,1,1,1015,0,ilp_v3,optimal,1,63.679111,48.273667,1.319127,0.021849,0.0,,0.021849,0.023554,3,0,0
n_prc\set15\n_prc_2.py,n_prc,15,n_prc,2,2,5,5,0.5,0.5,0.7,0.6,1.0,0.5,48.299998,40,11,45.999999,68.999997,21.999999,1,1,1015,0,ilp_v4,optimal,1,69.611488,45.82025,1.51923,0.059108,0.0,,0.059108,0.068148,3,0,0
n_prc\set15\n_prc_2.py,n_prc,15,n_prc,2,2,5,5,0.5,0.5,0.7,0.6,1.0,0.5,48.299998,40,11,45.999999,68.999997,21.999999,1,1,1015,0,greedy_sps_baseline,solved,1,8.837376,48.257801,0.183128,0.000991,,,0.000991,0.00143,3,0,0
n_prc\set15\n_prc_4.py,n_prc,15,n_prc,4,4,6,5,0.5,0.5,0.7,0.6,2.0,1.0,96.6,40,12,92.000001,138.0,44.000001,1,1,1015,0,ilp_v2,optimal,1,114.834796,96.552373,1.189352,0.023584,0.0,,0.023584,0.02526,3,0,0
n_prc\set15\n_prc_4.py,n_prc,15,n_prc,4,4,6,5,0.5,0.5,0.7,0.6,2.0,1.0,96.6,40,12,92.000001,138.0,44.000001,1,1,1015,0,ilp_v3,optimal,1,103.824153,96.134848,1.079985,0.020673,0.0,,0.020673,0.022534,3,0,0
n_prc\set15\n_prc_4.py,n_prc,15,n_prc,4,4,6,5,0.5,0.5,0.7,0.6,2.0,1.0,96.6,40,12,92.000001,138.0,44.000001,1,1,1015,0,ilp_v4,optimal,1,122.764287,96.511003,1.272024,0.143179,0.0,,0.143179,0.155892,3,0,0
n_prc\set15\n_prc_4.py,n_prc,15,n_prc,4,4,6,5,0.5,0.5,0.7,0.6,2.0,1.0,96.6,40,12,92.000001,138.0,44.000001,1,1,1015,0,greedy_sps_baseline,solved,1,18.922848,96.542211,0.196006,0.001646,,,0.001646,0.001755,3,0,0
n_prc\set16\n_prc_2.py,n_prc,16,n_prc,2,2,5,5,0.5,0.5,0.7,0.6,1.0,0.5,48.299998,40,9,45.999999,68.999998,23.00909,1,1,1016,0,ilp_v2,optimal,1,67.256489,48.20406,1.395245,0.045415,8e-06,,0.045415,0.050414,3,0,0
n_prc\set16\n_prc_2.py,n_prc,16,n_prc,2,2,5,5,0.5,0.5,0.7,0.6,1.0,0.5,48.299998,40,9,45.999999,68.999998,23.00909,1,1,1016,0,ilp_v3,optimal,1,68.584669,48.150334,1.424386,0.066041,0.0,,0.066041,0.076277,3,0,0
n_prc\set16\n_prc_2.py,n_prc,16,n_prc,2,2,5,5,0.5,0.5,0.7,0.6,1.0,0.5,48.299998,40,9,45.999999,68.999998,23.00909,1,1,1016,0,ilp_v4,optimal,1,70.864006,48.218042,1.469657,0.030324,0.0,,0.030324,0.044714,3,0,0
n_prc\set16\n_prc_2.py,n_prc,16,n_prc,2,2,5,5,0.5,0.5,0.7,0.6,1.0,0.5,48.299998,40,9,45.999999,68.999998,23.00909,1,1,1016,0,greedy_sps_baseline,solved,1,8.10293,48.299722,0.167763,0.001055,,,0.001055,0.001172,3,0,0
n_prc\set16\n_prc_4.py,n_prc,16,n_prc,4,4,6,5,0.5,0.5,0.7,0.6,2.0,1.0,96.599998,40,10,91.999999,137.999997,46.018181,1,1,1016,0,ilp_v2,optimal,1,58.047699,96.585829,0.600996,0.06193,0.0,,0.06193,0.066575,3,0,0
n_prc\set16\n_prc_4.py,n_prc,16,n_prc,4,4,6,5,0.5,0.5,0.7,0.6,2.0,1.0,96.599998,40,10,91.999999,137.999997,46.018181,1,1,1016,0,ilp_v3,optimal,1,60.238062,95.629035,0.629914,0.020115,0.0,,0.020115,0.021796,3,0,0
n_prc\set16\n_prc_4.py,n_prc,16,n_prc,4,4,6,5,0.5,0.5,0.7,0.6,2.0,1.0,96.599998,40,10,91.999999,137.999997,46.018181,1,1,1016,0,ilp_v4,optimal,1,76.720258,96.275247,0.796885,0.107561,0.0,,0.107561,0.112916,3,0,0
n_prc\set16\n_prc_4.py,n_prc,16,n_prc,4,4,6,5,0.5,0.5,0.7,0.6,2.0,1.0,96.599998,40,10,91.999999,137.999997,46.018181,1,1,1016,0,greedy_sps_baseline,solved,1,9.135315,96.386865,0.094778,0.001719,,,0.001719,0.001923,3,0,0
n_prc\set17\n_prc_2.py,n_prc,17,n_prc,2,2,5,5,0.5,0.5,0.7,0.6,1.0,0.5,48.300005,40,13,46.000002,69.000007,21.433334,1,1,1017,0,ilp_v2,optimal,1,29.253064,48.18032,0.607158,0.034367,0.0,,0.034367,0.037659,3,0,0
n_prc\set17\n_prc_2.py,n_prc,17,n_prc,2,2,5,5,0.5,0.5,0.7,0.6,1.0,0.5,48.300005,40,13,46.000002,69.000007,21.433334,1,1,1017,0,ilp_v3,optimal,1,28.547921,48.164902,0.592712,0.028206,0.0,,0.028206,0.029942,3,0,0
n_prc\set17\n_prc_2.py,n_prc,17,n_prc,2,2,5,5,0.5,0.5,0.7,0.6,1.0,0.5,48.300005,40,13,46.000002,69.000007,21.433334,1,1,1017,0,ilp_v4,optimal,1,29.606724,48.153686,0.614838,0.379705,0.0,,0.379705,0.400993,3,0,0
n_prc\set17\n_prc_2.py,n_prc,17,n_prc,2,2,5,5,0.5,0.5,0.7,0.6,1.0,0.5,48.300005,40,13,46.000002,69.000007,21.433334,1,1,1017,0,greedy_sps_baseline,solved,1,4.017408,48.180285,0.083383,0.002644,,,0.002644,0.003269,3,0,0
n_prc\set17\n_prc_4.py,n_prc,17,n_prc,4,4,6,5,0.5,0.5,0.7,0.6,2.0,1.0,96.599998,40,15,91.999999,137.999998,42.866666,1,1,1017,0,ilp_v2,optimal,1,79.021313,96.530847,0.818612,0.016951,0.0,,0.016951,0.017527,3,0,0
n_prc\set17\n_prc_4.py,n_prc,17,n_prc,4,4,6,5,0.5,0.5,0.7,0.6,2.0,1.0,96.599998,40,15,91.999999,137.999998,42.866666,1,1,1017,0,ilp_v3,optimal,1,88.860541,96.373933,0.922039,0.016874,0.0,,0.016874,0.018999,3,0,0
n_prc\set17\n_prc_4.py,n_prc,17,n_prc,4,4,6,5,0.5,0.5,0.7,0.6,2.0,1.0,96.599998,40,15,91.999999,137.999998,42.866666,1,1,1017,0,ilp_v4,optimal,1,96.372016,96.517255,0.998495,0.132339,0.0,,0.132339,0.171234,3,0,0
n_prc\set17\n_prc_4.py,n_prc,17,n_prc,4,4,6,5,0.5,0.5,0.7,0.6,2.0,1.0,96.599998,40,15,91.999999,137.999998,42.866666,1,1,1017,0,greedy_sps_baseline,solved,1,16.047912,96.597292,0.166132,0.000739,,,0.000739,0.000916,3,0,0
n_prc\set18\n_prc_2.py,n_prc,18,n_prc,2,2,5,5,0.5,0.5,0.7,0.6,1.0,0.5,48.300003,40,10,46.000003,69.000005,22.042859,1,1,1018,0,ilp_v2,optimal,1,58.487215,48.284449,1.211305,0.035278,0.0,,0.035278,0.062186,3,0,0
n_prc\set18\n_prc_2.py,n_prc,18,n_prc,2,2,5,5,0.5,0.5,0.7,0.6,1.0,0.5,48.300003,40,10,46.000003,69.000005,22.042859,1,1,1018,0,ilp_v3,optimal,1,51.737774,48.17859,1.073875,0.022043,0.0,,0.022043,0.022444,3,0,0
n_prc\set18\n_prc_2.py,n_prc,18,n_prc,2,2,5,5,0.5,0.5,0.7,0.6,1.0,0.5,48.300003,40,10,46.000003,69.000005,22.042859,1,1,1018,0,ilp_v4,optimal,1,69.227291,48.253242,1.434666,0.056951,0.0,,0.056951,0.063893,3,0,0
n_prc\set18\n_prc_2.py,n_prc,18,n_prc,2,2,5,5,0.5,0.5,0.7,0.6,1.0,0.5,48.300003,40,10,46.000003,69.000005,22.042859,1,1,1018,0,greedy_sps_baseline,solved,1,8.25506,48.216191,0.171209,0.001114,,,0.001114,0.002314,3,0,0
n_prc\set18\n_prc_4.py,n_prc,18,n_prc,4,4,6,5,0.5,0.5,0.7,0.6,2.0,1.0,96.6,40,14,91.999999,138.0,44.085714,1,1,1018,0,ilp_v2,optimal,1,97.905283,96.045499,1.019364,0.113731,0.0,,0.113731,0.122426,3,0,0
n_prc\set18\n_prc_4.py,n_prc,18,n_prc,4,4,6,5,0.5,0.5,0.7,0.6,2.0,1.0,96.6,40,14,91.999999,138.0,44.085714,1,1,1018,0,ilp_v3,optimal,1,79.204057,96.533574,0.820482,0.022694,0.0,,0.022694,0.028912,3,0,0
n_prc\set18\n_prc_4.py,n_prc,18,n_prc,4,4,6,5,0.5,0.5,0.7,0.6,2.0,1.0,96.6,40,14,91.999999,138.0,44.085714,1,1,1018,0,ilp_v4,optimal,1,119.824517,96.10147,1.246854,0.269659,0.0,,0.269659,0.276913,3,0,0
n_prc\set18\n_prc_4.py,n_prc,18,n_prc,4,4,6,5,0.5,0.5,0.7,0.6,2.0,1.0,96.6,40,14,91.999999,138.0,44.085714,1,1,1018,0,greedy_sps_baseline,solved,1,18.937213,96.418298,0.196407,0.001142,,,0.001142,0.001304,3,0,0
n_prc\set19\n_prc_2.py,n_prc,19,n_prc,2,2,5,5,0.5,0.5,0.7,0.6,1.0,0.5,48.3,40,9,46.0,69.0,21.433333,1,1,1019,0,ilp_v2,optimal,1,27.585631,43.237225,0.638007,0.008884,0.0,,0.008884,0.010481,3,0,0
n_prc\set19\n_prc_2.py,n_prc,19,n_prc,2,2,5,5,0.5,0.5,0.7,0.6,1.0,0.5,48.3,40,9,46.0,69.0,21.433333,1,1,1019,0,ilp_v3,optimal,1,30.401264,45.248697,0.67187,0.010735,0.0,,0.010735,0.011606,3,0,0
n_prc\set19\n_prc_2.py,n_prc,19,n_prc,2,2,5,5,0.5,0.5,0.7,0.6,1.0,0.5,48.3,40,9,46.0,69.0,21.433333,1,1,1019,0,ilp_v4,optimal,1,38.247327,48.007623,0.796693,0.014506,0.0,,0.014506,0.021136,3,0,0
n_prc\set19\n_prc_2.py,n_prc,19,n_prc,2,2,5,5,0.5,0.5,0.7,0.6,1.0,0.5,48.3,40,9,46.0,69.0,21.433333,1,1,1019,0,greedy_sps_baseline,solved,1,2.743291,46.76446,0.058662,0.001969,,,0.001969,0.002803,3,0,0
n_prc\set19\n_prc_4.py,n_prc,19,n_prc,4,4,6,5,0.5,0.5,0.7,0.6,2.0,1.0,96.600003,40,10,92.0,138.000005,42.866667,1,1,1019,0,ilp_v2,optimal,1,69.107913,96.119943,0.718976,0.010794,0.0,,0.010794,0.012743,3,0,0
n_prc\set19\n_prc_4.py,n_prc,19,n_prc,4,4,6,5,0.5,0.5,0.7,0.6,2.0,1.0,96.600003,40,10,92.0,138.000005,42.866667,1,1,1019,0,ilp_v3,optimal,1,91.879943,90.758191,1.01236,0.006332,0.0,,0.006332,0.010103,3,0,0
n_prc\set19\n_prc_4.py,n_prc,19,n_prc,4,4,6,5,0.5,0.5,0.7,0.6,2.0,1.0,96.600003,40,10,92.0,138.000005,42.866667,1,1,1019,0,ilp_v4,error,0,,,,0.057601,,"AssertionError('phase_swap_local_search: the DBF pre-check (min_slack_for_job) and the full check (check_all_timing) disagreed, which should be impossible — see ISSUES.md -> SWAP-BREAK for why. 4 occu",0.057601,0.061963,3,0,0
n_prc\set19\n_prc_4.py,n_prc,19,n_prc,4,4,6,5,0.5,0.5,0.7,0.6,2.0,1.0,96.600003,40,10,92.0,138.000005,42.866667,1,1,1019,0,greedy_sps_baseline,solved,1,18.107967,96.363914,0.187912,0.000539,,,0.000539,0.000702,3,0,0
n_prc\set20\n_prc_2.py,n_prc,20,n_prc,2,2,5,5,0.5,0.5,0.7,0.6,1.0,0.5,48.299998,40,13,45.999999,68.999998,22.042857,1,1,1020,0,ilp_v2,optimal,1,54.862412,48.253095,1.136972,0.044459,0.0,,0.044459,0.050074,3,0,0
n_prc\set20\n_prc_2.py,n_prc,20,n_prc,2,2,5,5,0.5,0.5,0.7,0.6,1.0,0.5,48.299998,40,13,45.999999,68.999998,22.042857,1,1,1020,0,ilp_v3,optimal,1,55.967151,48.250308,1.159934,0.060168,7.2e-05,,0.060168,0.061351,3,0,0
n_prc\set20\n_prc_2.py,n_prc,20,n_prc,2,2,5,5,0.5,0.5,0.7,0.6,1.0,0.5,48.299998,40,13,45.999999,68.999998,22.042857,1,1,1020,0,ilp_v4,optimal,1,55.934362,48.291091,1.158275,0.166729,0.0,,0.166729,0.190533,3,0,0
n_prc\set20\n_prc_2.py,n_prc,20,n_prc,2,2,5,5,0.5,0.5,0.7,0.6,1.0,0.5,48.299998,40,13,45.999999,68.999998,22.042857,1,1,1020,0,greedy_sps_baseline,solved,1,8.508046,48.116547,0.176822,0.005107,,,0.005107,0.005833,3,0,0
n_prc\set20\n_prc_4.py,n_prc,20,n_prc,4,4,6,5,0.5,0.5,0.7,0.6,2.0,1.0,96.6,40,14,92.000001,138.0,44.085715,1,1,1020,0,ilp_v2,optimal,1,78.899943,96.507108,0.817556,0.024134,0.0,,0.024134,0.025552,3,0,0
n_prc\set20\n_prc_4.py,n_prc,20,n_prc,4,4,6,5,0.5,0.5,0.7,0.6,2.0,1.0,96.6,40,14,92.000001,138.0,44.085715,1,1,1020,0,ilp_v3,optimal,1,82.624825,96.479935,0.856394,0.021461,0.0,,0.021461,0.023511,3,0,0
n_prc\set20\n_prc_4.py,n_prc,20,n_prc,4,4,6,5,0.5,0.5,0.7,0.6,2.0,1.0,96.6,40,14,92.000001,138.0,44.085715,1,1,1020,0,ilp_v4,optimal,1,83.038912,96.575253,0.859836,0.097019,0.0,,0.097019,0.102958,3,0,0
n_prc\set20\n_prc_4.py,n_prc,20,n_prc,4,4,6,5,0.5,0.5,0.7,0.6,2.0,1.0,96.6,40,14,92.000001,138.0,44.085715,1,1,1020,0,greedy_sps_baseline,solved,1,15.737039,95.977495,0.163966,0.001226,,,0.001226,0.001415,3,0,0
n_prc\set21\n_prc_2.py,n_prc,21,n_prc,2,2,5,5,0.5,0.5,0.7,0.6,1.0,0.5,48.300002,40,10,45.999999,69.000002,21.399999,1,1,1021,0,ilp_v2,optimal,1,56.446703,48.246493,1.169965,0.084516,0.0,,0.084516,0.086166,3,0,0
n_prc\set21\n_prc_2.py,n_prc,21,n_prc,2,2,5,5,0.5,0.5,0.7,0.6,1.0,0.5,48.300002,40,10,45.999999,69.000002,21.399999,1,1,1021,0,ilp_v3,optimal,1,63.005865,48.201687,1.30713,0.03431,0.0,,0.03431,0.039652,3,0,0
n_prc\set21\n_prc_2.py,n_prc,21,n_prc,2,2,5,5,0.5,0.5,0.7,0.6,1.0,0.5,48.300002,40,10,45.999999,69.000002,21.399999,1,1,1021,0,ilp_v4,optimal,1,63.736382,47.084213,1.353668,0.069298,0.0,,0.069298,0.072673,3,0,0
n_prc\set21\n_prc_2.py,n_prc,21,n_prc,2,2,5,5,0.5,0.5,0.7,0.6,1.0,0.5,48.300002,40,10,45.999999,69.000002,21.399999,1,1,1021,0,greedy_sps_baseline,solved,1,9.47975,48.258646,0.196436,0.001028,,,0.001028,0.001183,3,0,0
n_prc\set21\n_prc_4.py,n_prc,21,n_prc,4,4,6,5,0.5,0.5,0.7,0.6,2.0,1.0,96.600001,40,11,92.000001,138.000001,42.800001,1,1,1021,0,ilp_v2,optimal,1,86.456341,96.51184,0.895811,0.032259,0.0,,0.032259,0.033902,3,0,0
n_prc\set21\n_prc_4.py,n_prc,21,n_prc,4,4,6,5,0.5,0.5,0.7,0.6,2.0,1.0,96.600001,40,11,92.000001,138.000001,42.800001,1,1,1021,0,ilp_v3,optimal,1,73.392378,96.557061,0.760093,0.020211,0.0,,0.020211,0.022607,3,0,0
n_prc\set21\n_prc_4.py,n_prc,21,n_prc,4,4,6,5,0.5,0.5,0.7,0.6,2.0,1.0,96.600001,40,11,92.000001,138.000001,42.800001,1,1,1021,0,ilp_v4,error,0,,,,0.0204,,"AssertionError('phase_swap_local_search: the DBF pre-check (min_slack_for_job) and the full check (check_all_timing) disagreed, which should be impossible — see ISSUES.md -> SWAP-BREAK for why. 3 occu",0.0204,0.020602,3,0,0
n_prc\set21\n_prc_4.py,n_prc,21,n_prc,4,4,6,5,0.5,0.5,0.7,0.6,2.0,1.0,96.600001,40,11,92.000001,138.000001,42.800001,1,1,1021,0,greedy_sps_baseline,solved,1,15.362512,96.538698,0.159133,0.00106,,,0.00106,0.001219,3,0,0
n_prc\set22\n_prc_2.py,n_prc,22,n_prc,2,2,5,5,0.5,0.5,0.7,0.6,1.0,0.5,48.299998,40,9,46.0,68.999998,21.4,1,1,1022,0,ilp_v2,optimal,1,72.579888,48.243795,1.50444,0.028592,0.0,,0.028592,0.032496,3,0,0
n_prc\set22\n_prc_2.py,n_prc,22,n_prc,2,2,5,5,0.5,0.5,0.7,0.6,1.0,0.5,48.299998,40,9,46.0,68.999998,21.4,1,1,1022,0,ilp_v3,optimal,1,71.641168,48.295484,1.483393,0.033193,0.0,,0.033193,0.034761,3,0,0
n_prc\set22\n_prc_2.py,n_prc,22,n_prc,2,2,5,5,0.5,0.5,0.7,0.6,1.0,0.5,48.299998,40,9,46.0,68.999998,21.4,1,1,1022,0,ilp_v4,optimal,1,71.693517,48.226286,1.486607,0.125087,0.0,,0.125087,0.132916,3,0,0
n_prc\set22\n_prc_2.py,n_prc,22,n_prc,2,2,5,5,0.5,0.5,0.7,0.6,1.0,0.5,48.299998,40,9,46.0,68.999998,21.4,1,1,1022,0,greedy_sps_baseline,solved,1,8.666218,48.203505,0.179784,0.001104,,,0.001104,0.00133,3,0,0
n_prc\set22\n_prc_4.py,n_prc,22,n_prc,4,4,6,5,0.5,0.5,0.7,0.6,2.0,1.0,96.600001,40,10,92.000001,138.000001,42.800001,1,1,1022,0,ilp_v2,optimal,1,56.631742,96.500979,0.586851,0.038336,0.0,,0.038336,0.039853,3,0,0
n_prc\set22\n_prc_4.py,n_prc,22,n_prc,4,4,6,5,0.5,0.5,0.7,0.6,2.0,1.0,96.600001,40,10,92.000001,138.000001,42.800001,1,1,1022,0,ilp_v3,optimal,1,93.536296,96.243892,0.971867,0.011183,0.0,,0.011183,0.011256,3,0,0
n_prc\set22\n_prc_4.py,n_prc,22,n_prc,4,4,6,5,0.5,0.5,0.7,0.6,2.0,1.0,96.600001,40,10,92.000001,138.000001,42.800001,1,1,1022,0,ilp_v4,optimal,1,109.043089,96.563669,1.129235,0.120839,0.0,,0.120839,0.152602,3,0,0
n_prc\set22\n_prc_4.py,n_prc,22,n_prc,4,4,6,5,0.5,0.5,0.7,0.6,2.0,1.0,96.600001,40,10,92.000001,138.000001,42.800001,1,1,1022,0,greedy_sps_baseline,solved,1,9.325432,96.57274,0.096564,0.001174,,,0.001174,0.001306,3,0,0
n_prc\set23\n_prc_2.py,n_prc,23,n_prc,2,2,5,5,0.5,0.5,0.7,0.6,1.0,0.5,48.299999,40,13,45.999998,68.999999,21.399999,1,1,1023,0,ilp_v2,optimal,1,63.352033,48.244638,1.313141,0.09216,0.0,,0.09216,0.099318,3,0,0
n_prc\set23\n_prc_2.py,n_prc,23,n_prc,2,2,5,5,0.5,0.5,0.7,0.6,1.0,0.5,48.299999,40,13,45.999998,68.999999,21.399999,1,1,1023,0,ilp_v3,optimal,1,63.356271,48.263653,1.312712,0.068649,2.1e-05,,0.068649,0.076037,3,0,0
n_prc\set23\n_prc_2.py,n_prc,23,n_prc,2,2,5,5,0.5,0.5,0.7,0.6,1.0,0.5,48.299999,40,13,45.999998,68.999999,21.399999,1,1,1023,0,ilp_v4,optimal,1,67.40008,48.239576,1.397195,0.122021,0.0,,0.122021,0.126369,3,0,0
n_prc\set23\n_prc_2.py,n_prc,23,n_prc,2,2,5,5,0.5,0.5,0.7,0.6,1.0,0.5,48.299999,40,13,45.999998,68.999999,21.399999,1,1,1023,0,greedy_sps_baseline,solved,1,7.456686,48.282029,0.15444,0.001497,,,0.001497,0.002331,3,0,0
n_prc\set23\n_prc_4.py,n_prc,23,n_prc,4,4,6,5,0.5,0.5,0.7,0.6,2.0,1.0,96.599996,40,14,91.999999,137.999994,42.799999,1,1,1023,0,ilp_v2,optimal,1,63.747505,96.428534,0.661085,0.021494,0.0,,0.021494,0.025068,3,0,0
n_prc\set23\n_prc_4.py,n_prc,23,n_prc,4,4,6,5,0.5,0.5,0.7,0.6,2.0,1.0,96.599996,40,14,91.999999,137.999994,42.799999,1,1,1023,0,ilp_v3,optimal,1,68.967949,96.571422,0.714165,0.017565,0.0,,0.017565,0.021368,3,0,0
n_prc\set23\n_prc_4.py,n_prc,23,n_prc,4,4,6,5,0.5,0.5,0.7,0.6,2.0,1.0,96.599996,40,14,91.999999,137.999994,42.799999,1,1,1023,0,ilp_v4,error,0,,,,0.07561,,"AssertionError('phase_swap_local_search: the DBF pre-check (min_slack_for_job) and the full check (check_all_timing) disagreed, which should be impossible — see ISSUES.md -> SWAP-BREAK for why. 1 occu",0.07561,0.077268,3,0,0
n_prc\set23\n_prc_4.py,n_prc,23,n_prc,4,4,6,5,0.5,0.5,0.7,0.6,2.0,1.0,96.599996,40,14,91.999999,137.999994,42.799999,1,1,1023,0,greedy_sps_baseline,solved,1,13.686514,96.463746,0.141882,0.002314,,,0.002314,0.003243,3,0,0
n_prc\set24\n_prc_2.py,n_prc,24,n_prc,2,2,5,5,0.5,0.5,0.7,0.6,1.0,0.5,48.299999,40,10,46.000001,68.999999,23.009091,1,1,1024,0,ilp_v2,optimal,1,50.228905,47.211224,1.063919,0.011353,0.0,,0.011353,0.014847,3,0,0
n_prc\set24\n_prc_2.py,n_prc,24,n_prc,2,2,5,5,0.5,0.5,0.7,0.6,1.0,0.5,48.299999,40,10,46.000001,68.999999,23.009091,1,1,1024,0,ilp_v3,optimal,1,50.228905,47.990095,1.046651,0.01255,0.0,,0.01255,0.01335,3,0,0
n_prc\set24\n_prc_2.py,n_prc,24,n_prc,2,2,5,5,0.5,0.5,0.7,0.6,1.0,0.5,48.299999,40,10,46.000001,68.999999,23.009091,1,1,1024,0,ilp_v4,optimal,1,50.228905,45.433648,1.105544,0.024718,0.0,,0.024718,0.026561,3,0,0
n_prc\set24\n_prc_2.py,n_prc,24,n_prc,2,2,5,5,0.5,0.5,0.7,0.6,1.0,0.5,48.299999,40,10,46.000001,68.999999,23.009091,1,1,1024,0,greedy_sps_baseline,solved,1,9.617383,48.273193,0.199228,0.001139,,,0.001139,0.001577,3,0,0
n_prc\set24\n_prc_4.py,n_prc,24,n_prc,4,4,6,5,0.5,0.5,0.7,0.6,2.0,1.0,96.600003,40,12,91.999999,138.000005,46.018181,1,1,1024,0,ilp_v2,optimal,1,42.236929,86.397033,0.48887,0.006445,0.0,,0.006445,0.00941,3,0,0
n_prc\set24\n_prc_4.py,n_prc,24,n_prc,4,4,6,5,0.5,0.5,0.7,0.6,2.0,1.0,96.600003,40,12,91.999999,138.000005,46.018181,1,1,1024,0,ilp_v3,optimal,1,64.403049,92.182709,0.698646,0.012329,0.0,,0.012329,0.01281,3,0,0
n_prc\set24\n_prc_4.py,n_prc,24,n_prc,4,4,6,5,0.5,0.5,0.7,0.6,2.0,1.0,96.600003,40,12,91.999999,138.000005,46.018181,1,1,1024,0,ilp_v4,error,0,,,,0.055677,,"AssertionError('phase_swap_local_search: the DBF pre-check (min_slack_for_job) and the full check (check_all_timing) disagreed, which should be impossible — see ISSUES.md -> SWAP-BREAK for why. 1 occu",0.055677,0.060474,3,0,0
n_prc\set24\n_prc_4.py,n_prc,24,n_prc,4,4,6,5,0.5,0.5,0.7,0.6,2.0,1.0,96.600003,40,12,91.999999,138.000005,46.018181,1,1,1024,0,greedy_sps_baseline,solved,1,16.835401,96.37078,0.174694,0.002766,,,0.002766,0.004362,3,0,0
n_prc\set25\n_prc_2.py,n_prc,25,n_prc,2,2,5,5,0.5,0.5,0.7,0.6,1.0,0.5,48.300002,40,9,46.000001,69.000003,21.433334,1,1,1025,0,ilp_v2,optimal,1,57.737622,48.268342,1.19618,0.020831,0.0,,0.020831,0.022981,3,0,0
n_prc\set25\n_prc_2.py,n_prc,25,n_prc,2,2,5,5,0.5,0.5,0.7,0.6,1.0,0.5,48.300002,40,9,46.000001,69.000003,21.433334,1,1,1025,0,ilp_v3,optimal,1,67.697057,48.154868,1.40582,0.078358,0.0,,0.078358,0.090181,3,0,0
n_prc\set25\n_prc_2.py,n_prc,25,n_prc,2,2,5,5,0.5,0.5,0.7,0.6,1.0,0.5,48.300002,40,9,46.000001,69.000003,21.433334,1,1,1025,0,ilp_v4,optimal,1,68.904832,48.242391,1.428305,0.130706,0.0,,0.130706,0.143018,3,0,0
n_prc\set25\n_prc_2.py,n_prc,25,n_prc,2,2,5,5,0.5,0.5,0.7,0.6,1.0,0.5,48.300002,40,9,46.000001,69.000003,21.433334,1,1,1025,0,greedy_sps_baseline,solved,1,7.330563,48.153811,0.152232,0.00155,,,0.00155,0.00169,3,0,0
n_prc\set25\n_prc_4.py,n_prc,25,n_prc,4,4,6,5,0.5,0.5,0.7,0.6,2.0,1.0,96.6,40,13,91.999998,138.0,42.866666,1,1,1025,0,ilp_v2,optimal,1,75.294328,96.543089,0.779904,0.081172,0.0,,0.081172,0.083807,3,0,0
n_prc\set25\n_prc_4.py,n_prc,25,n_prc,4,4,6,5,0.5,0.5,0.7,0.6,2.0,1.0,96.6,40,13,91.999998,138.0,42.866666,1,1,1025,0,ilp_v3,optimal,1,66.712662,96.434593,0.691792,0.033748,0.0,,0.033748,0.038804,3,0,0
n_prc\set25\n_prc_4.py,n_prc,25,n_prc,4,4,6,5,0.5,0.5,0.7,0.6,2.0,1.0,96.6,40,13,91.999998,138.0,42.866666,1,1,1025,0,ilp_v4,error,0,,,,0.098673,,"AssertionError('phase_swap_local_search: the DBF pre-check (min_slack_for_job) and the full check (check_all_timing) disagreed, which should be impossible — see ISSUES.md -> SWAP-BREAK for why. 2 occu",0.098673,0.102843,3,0,0
n_prc\set25\n_prc_4.py,n_prc,25,n_prc,4,4,6,5,0.5,0.5,0.7,0.6,2.0,1.0,96.6,40,13,91.999998,138.0,42.866666,1,1,1025,0,greedy_sps_baseline,solved,1,12.219319,96.072234,0.127189,0.002768,,,0.002768,0.003571,3,0,0
n_prc\set26\n_prc_2.py,n_prc,26,n_prc,2,2,5,5,0.5,0.5,0.7,0.6,1.0,0.5,48.300003,40,10,46.000003,69.000005,22.000002,1,1,1026,0,ilp_v2,optimal,1,58.505273,48.21662,1.213384,0.06148,0.0,,0.06148,0.065837,3,0,0
n_prc\set26\n_prc_2.py,n_prc,26,n_prc,2,2,5,5,0.5,0.5,0.7,0.6,1.0,0.5,48.300003,40,10,46.000003,69.000005,22.000002,1,1,1026,0,ilp_v3,optimal,1,58.732747,48.260739,1.216988,0.057456,0.0,,0.057456,0.06236,3,0,0
n_prc\set26\n_prc_2.py,n_prc,26,n_prc,2,2,5,5,0.5,0.5,0.7,0.6,1.0,0.5,48.300003,40,10,46.000003,69.000005,22.000002,1,1,1026,0,ilp_v4,optimal,1,59.90999,47.936838,1.249769,0.064276,0.0,,0.064276,0.07356,3,0,0
n_prc\set26\n_prc_2.py,n_prc,26,n_prc,2,2,5,5,0.5,0.5,0.7,0.6,1.0,0.5,48.300003,40,10,46.000003,69.000005,22.000002,1,1,1026,0,greedy_sps_baseline,solved,1,6.8418,48.141086,0.14212,0.00098,,,0.00098,0.00113,3,0,0
n_prc\set26\n_prc_4.py,n_prc,26,n_prc,4,4,6,5,0.5,0.5,0.7,0.6,2.0,1.0,96.600004,40,12,92.0,138.000006,44.0,1,1,1026,0,ilp_v2,optimal,1,55.643781,96.529197,0.576445,0.038138,0.0,,0.038138,0.039802,3,0,0
n_prc\set26\n_prc_4.py,n_prc,26,n_prc,4,4,6,5,0.5,0.5,0.7,0.6,2.0,1.0,96.600004,40,12,92.0,138.000006,44.0,1,1,1026,0,ilp_v3,optimal,1,53.407019,96.520992,0.55332,0.028034,0.0,,0.028034,0.029527,3,0,0
n_prc\set26\n_prc_4.py,n_prc,26,n_prc,4,4,6,5,0.5,0.5,0.7,0.6,2.0,1.0,96.600004,40,12,92.0,138.000006,44.0,1,1,1026,0,ilp_v4,error,0,,,,0.027163,,"AssertionError('phase_swap_local_search: the DBF pre-check (min_slack_for_job) and the full check (check_all_timing) disagreed, which should be impossible — see ISSUES.md -> SWAP-BREAK for why. 6 occu",0.027163,0.036298,3,0,0
n_prc\set26\n_prc_4.py,n_prc,26,n_prc,4,4,6,5,0.5,0.5,0.7,0.6,2.0,1.0,96.600004,40,12,92.0,138.000006,44.0,1,1,1026,0,greedy_sps_baseline,solved,1,10.647234,96.335064,0.110523,0.001041,,,0.001041,0.001128,3,0,0
n_prc\set27\n_prc_2.py,n_prc,27,n_prc,2,2,5,5,0.5,0.5,0.7,0.6,1.0,0.5,48.299997,40,12,45.999998,68.999995,22.042856,1,1,1027,0,ilp_v2,optimal,1,50.626355,48.236936,1.049535,0.09691,0.0,,0.09691,0.107203,3,0,0
n_prc\set27\n_prc_2.py,n_prc,27,n_prc,2,2,5,5,0.5,0.5,0.7,0.6,1.0,0.5,48.299997,40,12,45.999998,68.999995,22.042856,1,1,1027,0,ilp_v3,optimal,1,50.626355,48.247465,1.049306,0.091121,0.0,,0.091121,0.095585,3,0,0
n_prc\set27\n_prc_2.py,n_prc,27,n_prc,2,2,5,5,0.5,0.5,0.7,0.6,1.0,0.5,48.299997,40,12,45.999998,68.999995,22.042856,1,1,1027,0,ilp_v4,optimal,1,50.626355,48.236936,1.049535,0.129802,0.0,,0.129802,0.146345,3,0,0
n_prc\set27\n_prc_2.py,n_prc,27,n_prc,2,2,5,5,0.5,0.5,0.7,0.6,1.0,0.5,48.299997,40,12,45.999998,68.999995,22.042856,1,1,1027,0,greedy_sps_baseline,solved,1,8.4981,48.206622,0.176285,0.002253,,,0.002253,0.002502,3,0,0
n_prc\set27\n_prc_4.py,n_prc,27,n_prc,4,4,6,5,0.5,0.5,0.7,0.6,2.0,1.0,96.600002,40,13,92.000002,138.000002,44.085715,1,1,1027,0,ilp_v2,optimal,1,93.933994,94.005914,0.999235,0.013849,0.0,,0.013849,0.014408,3,0,0
n_prc\set27\n_prc_4.py,n_prc,27,n_prc,4,4,6,5,0.5,0.5,0.7,0.6,2.0,1.0,96.600002,40,13,92.000002,138.000002,44.085715,1,1,1027,0,ilp_v3,optimal,1,68.756993,96.586664,0.711868,0.032361,3.2e-05,,0.032361,0.035808,3,0,0
n_prc\set27\n_prc_4.py,n_prc,27,n_prc,4,4,6,5,0.5,0.5,0.7,0.6,2.0,1.0,96.600002,40,13,92.000002,138.000002,44.085715,1,1,1027,0,ilp_v4,optimal,1,102.111133,94.096594,1.085174,0.110731,0.0,,0.110731,0.14432,3,0,0
n_prc\set27\n_prc_4.py,n_prc,27,n_prc,4,4,6,5,0.5,0.5,0.7,0.6,2.0,1.0,96.600002,40,13,92.000002,138.000002,44.085715,1,1,1027,0,greedy_sps_baseline,solved,1,16.895599,96.540454,0.175011,0.002269,,,0.002269,0.002537,3,0,0
n_prc\set28\n_prc_2.py,n_prc,28,n_prc,2,2,5,5,0.5,0.5,0.7,0.6,1.0,0.5,48.300001,40,11,46.0,69.000001,22.0,1,1,1028,0,ilp_v2,optimal,1,36.329574,46.736832,0.777322,0.019375,0.0,,0.019375,0.023214,3,0,0
n_prc\set28\n_prc_2.py,n_prc,28,n_prc,2,2,5,5,0.5,0.5,0.7,0.6,1.0,0.5,48.300001,40,11,46.0,69.000001,22.0,1,1,1028,0,ilp_v3,optimal,1,39.743723,47.55344,0.83577,0.011995,0.0,,0.011995,0.012281,3,0,0
n_prc\set28\n_prc_2.py,n_prc,28,n_prc,2,2,5,5,0.5,0.5,0.7,0.6,1.0,0.5,48.300001,40,11,46.0,69.000001,22.0,1,1,1028,0,ilp_v4,optimal,1,43.198298,48.218094,0.895894,0.040645,0.0,,0.040645,0.055408,3,0,0
n_prc\set28\n_prc_2.py,n_prc,28,n_prc,2,2,5,5,0.5,0.5,0.7,0.6,1.0,0.5,48.300001,40,11,46.0,69.000001,22.0,1,1,1028,0,greedy_sps_baseline,solved,1,7.551195,48.285892,0.156385,0.001108,,,0.001108,0.001224,3,0,0
n_prc\set28\n_prc_4.py,n_prc,28,n_prc,4,4,6,5,0.5,0.5,0.7,0.6,2.0,1.0,96.600005,40,12,92.000003,138.000007,44.000002,1,1,1028,0,ilp_v2,optimal,1,79.426139,96.576598,0.822416,0.019379,0.0,,0.019379,0.023108,3,0,0
n_prc\set28\n_prc_4.py,n_prc,28,n_prc,4,4,6,5,0.5,0.5,0.7,0.6,2.0,1.0,96.600005,40,12,92.000003,138.000007,44.000002,1,1,1028,0,ilp_v3,optimal,1,63.999764,96.586323,0.662617,0.018944,0.0,,0.018944,0.019298,3,0,0
n_prc\set28\n_prc_4.py,n_prc,28,n_prc,4,4,6,5,0.5,0.5,0.7,0.6,2.0,1.0,96.600005,40,12,92.000003,138.000007,44.000002,1,1,1028,0,ilp_v4,error,0,,,,0.032,,"AssertionError('phase_swap_local_search: the DBF pre-check (min_slack_for_job) and the full check (check_all_timing) disagreed, which should be impossible — see ISSUES.md -> SWAP-BREAK for why. 1 occu",0.032,0.03591,3,0,0
n_prc\set28\n_prc_4.py,n_prc,28,n_prc,4,4,6,5,0.5,0.5,0.7,0.6,2.0,1.0,96.600005,40,12,92.000003,138.000007,44.000002,1,1,1028,0,greedy_sps_baseline,solved,1,15.458103,96.006429,0.161011,0.001466,,,0.001466,0.001665,3,0,0
n_prc\set29\n_prc_2.py,n_prc,29,n_prc,2,2,5,5,0.5,0.5,0.7,0.6,1.0,0.5,48.300002,40,9,46.000001,69.000002,22.000001,1,1,1029,0,ilp_v2,optimal,1,78.305799,48.140125,1.626622,0.012271,0.0,,0.012271,0.014861,3,0,0
n_prc\set29\n_prc_2.py,n_prc,29,n_prc,2,2,5,5,0.5,0.5,0.7,0.6,1.0,0.5,48.300002,40,9,46.000001,69.000002,22.000001,1,1,1029,0,ilp_v3,optimal,1,63.050708,48.244824,1.306891,0.016293,0.0,,0.016293,0.018056,3,0,0
n_prc\set29\n_prc_2.py,n_prc,29,n_prc,2,2,5,5,0.5,0.5,0.7,0.6,1.0,0.5,48.300002,40,9,46.000001,69.000002,22.000001,1,1,1029,0,ilp_v4,optimal,1,78.305799,48.257899,1.622652,0.033241,0.0,,0.033241,0.03806,3,0,0
n_prc\set29\n_prc_2.py,n_prc,29,n_prc,2,2,5,5,0.5,0.5,0.7,0.6,1.0,0.5,48.300002,40,9,46.000001,69.000002,22.000001,1,1,1029,0,greedy_sps_baseline,solved,1,6.886789,48.115481,0.14313,0.001638,,,0.001638,0.001752,3,0,0
n_prc\set29\n_prc_4.py,n_prc,29,n_prc,4,4,6,5,0.5,0.5,0.7,0.6,2.0,1.0,96.599998,40,10,92.0,137.999997,44.0,1,1,1029,0,ilp_v2,optimal,1,126.363276,96.35835,1.311389,0.021727,0.0,,0.021727,0.02271,3,0,0
n_prc\set29\n_prc_4.py,n_prc,29,n_prc,4,4,6,5,0.5,0.5,0.7,0.6,2.0,1.0,96.599998,40,10,92.0,137.999997,44.0,1,1,1029,0,ilp_v3,optimal,1,127.185419,96.207718,1.321988,0.026894,0.0,,0.026894,0.027672,3,0,0
n_prc\set29\n_prc_4.py,n_prc,29,n_prc,4,4,6,5,0.5,0.5,0.7,0.6,2.0,1.0,96.599998,40,10,92.0,137.999997,44.0,1,1,1029,0,ilp_v4,optimal,1,138.877239,96.482236,1.439407,0.056546,0.0,,0.056546,0.081777,3,0,0
n_prc\set29\n_prc_4.py,n_prc,29,n_prc,4,4,6,5,0.5,0.5,0.7,0.6,2.0,1.0,96.599998,40,10,92.0,137.999997,44.0,1,1,1029,0,greedy_sps_baseline,solved,1,17.938637,96.576188,0.185746,0.000553,,,0.000553,0.00067,3,0,0
n_prc\set30\n_prc_2.py,n_prc,30,n_prc,2,2,5,5,0.5,0.5,0.7,0.6,1.0,0.5,48.3,40,10,45.999997,69.0,21.399998,1,1,1030,0,ilp_v2,optimal,1,41.6385,48.070314,0.8662,0.011012,0.0,,0.011012,0.01266,3,0,0
n_prc\set30\n_prc_2.py,n_prc,30,n_prc,2,2,5,5,0.5,0.5,0.7,0.6,1.0,0.5,48.3,40,10,45.999997,69.0,21.399998,1,1,1030,0,ilp_v3,optimal,1,41.6385,48.070314,0.8662,0.015771,0.0,,0.015771,0.01615,3,0,0
n_prc\set30\n_prc_2.py,n_prc,30,n_prc,2,2,5,5,0.5,0.5,0.7,0.6,1.0,0.5,48.3,40,10,45.999997,69.0,21.399998,1,1,1030,0,ilp_v4,optimal,1,41.6385,47.946486,0.868437,0.042717,0.0,,0.042717,0.052614,3,0,0
n_prc\set30\n_prc_2.py,n_prc,30,n_prc,2,2,5,5,0.5,0.5,0.7,0.6,1.0,0.5,48.3,40,10,45.999997,69.0,21.399998,1,1,1030,0,greedy_sps_baseline,solved,1,6.6156,48.28718,0.137005,0.000964,,,0.000964,0.001103,3,0,0
n_prc\set30\n_prc_4.py,n_prc,30,n_prc,4,4,6,5,0.5,0.5,0.7,0.6,2.0,1.0,96.599998,40,12,92.000002,137.999998,42.800001,1,1,1030,0,ilp_v2,optimal,1,136.283079,96.28798,1.41537,0.013179,1.8e-05,,0.013179,0.015603,3,0,0
n_prc\set30\n_prc_4.py,n_prc,30,n_prc,4,4,6,5,0.5,0.5,0.7,0.6,2.0,1.0,96.599998,40,12,92.000002,137.999998,42.800001,1,1,1030,0,ilp_v3,optimal,1,121.204814,96.098816,1.261252,0.016134,0.0,,0.016134,0.025894,3,0,0
n_prc\set30\n_prc_4.py,n_prc,30,n_prc,4,4,6,5,0.5,0.5,0.7,0.6,2.0,1.0,96.599998,40,12,92.000002,137.999998,42.800001,1,1,1030,0,ilp_v4,error,0,,,,0.03059,,"AssertionError('phase_swap_local_search: the DBF pre-check (min_slack_for_job) and the full check (check_all_timing) disagreed, which should be impossible — see ISSUES.md -> SWAP-BREAK for why. 2 occu",0.03059,0.032205,3,0,0
n_prc\set30\n_prc_4.py,n_prc,30,n_prc,4,4,6,5,0.5,0.5,0.7,0.6,2.0,1.0,96.599998,40,12,92.000002,137.999998,42.800001,1,1,1030,0,greedy_sps_baseline,solved,1,18.721308,96.478877,0.194046,0.000759,,,0.000759,0.001091,3,0,0
n_prc\set31\n_prc_2.py,n_prc,31,n_prc,2,2,5,5,0.5,0.5,0.7,0.6,1.0,0.5,48.299999,40,13,46.0,68.999999,23.6,1,1,1031,0,ilp_v2,optimal,1,59.211492,48.239497,1.227448,0.018556,0.0,,0.018556,0.025951,3,0,0
n_prc\set31\n_prc_2.py,n_prc,31,n_prc,2,2,5,5,0.5,0.5,0.7,0.6,1.0,0.5,48.299999,40,13,46.0,68.999999,23.6,1,1,1031,0,ilp_v3,optimal,1,72.119937,48.28169,1.493733,0.094663,0.0,,0.094663,0.099429,3,0,0
n_prc\set31\n_prc_2.py,n_prc,31,n_prc,2,2,5,5,0.5,0.5,0.7,0.6,1.0,0.5,48.299999,40,13,46.0,68.999999,23.6,1,1,1031,0,ilp_v4,optimal,1,77.557871,47.057369,1.648156,0.121171,0.0,,0.121171,0.134948,3,0,0
n_prc\set31\n_prc_2.py,n_prc,31,n_prc,2,2,5,5,0.5,0.5,0.7,0.6,1.0,0.5,48.299999,40,13,46.0,68.999999,23.6,1,1,1031,0,greedy_sps_baseline,solved,1,8.943873,48.244982,0.185385,0.002524,,,0.002524,0.002737,3,0,0
n_prc\set31\n_prc_4.py,n_prc,31,n_prc,4,4,6,5,0.5,0.5,0.7,0.6,2.0,1.0,96.6,40,15,92.000002,138.0,47.200001,1,1,1031,0,ilp_v2,optimal,1,21.482965,85.649091,0.250825,0.00971,0.0,,0.00971,0.009894,3,0,0
n_prc\set31\n_prc_4.py,n_prc,31,n_prc,4,4,6,5,0.5,0.5,0.7,0.6,2.0,1.0,96.6,40,15,92.000002,138.0,47.200001,1,1,1031,0,ilp_v3,optimal,1,29.582196,92.789458,0.31881,0.009557,0.0,,0.009557,0.010084,3,0,0
n_prc\set31\n_prc_4.py,n_prc,31,n_prc,4,4,6,5,0.5,0.5,0.7,0.6,2.0,1.0,96.6,40,15,92.000002,138.0,47.200001,1,1,1031,0,ilp_v4,error,0,,,,0.039997,,"AssertionError('phase_swap_local_search: the DBF pre-check (min_slack_for_job) and the full check (check_all_timing) disagreed, which should be impossible — see ISSUES.md -> SWAP-BREAK for why. 9 occu",0.039997,0.052725,3,0,0
n_prc\set31\n_prc_4.py,n_prc,31,n_prc,4,4,6,5,0.5,0.5,0.7,0.6,2.0,1.0,96.6,40,15,92.000002,138.0,47.200001,1,1,1031,0,greedy_sps_baseline,solved,1,7.85715,96.492689,0.081427,0.003711,,,0.003711,0.005086,3,0,0
n_prc\set32\n_prc_2.py,n_prc,32,n_prc,2,2,5,5,0.5,0.5,0.7,0.6,1.0,0.5,48.299997,40,13,45.999997,68.999995,21.399998,1,1,1032,0,ilp_v2,optimal,1,53.191784,48.289296,1.101523,0.085894,0.0,,0.085894,0.092345,3,0,0
n_prc\set32\n_prc_2.py,n_prc,32,n_prc,2,2,5,5,0.5,0.5,0.7,0.6,1.0,0.5,48.299997,40,13,45.999997,68.999995,21.399998,1,1,1032,0,ilp_v3,optimal,1,53.24586,48.289817,1.102631,0.057985,9.5e-05,,0.057985,0.061737,3,0,0
n_prc\set32\n_prc_2.py,n_prc,32,n_prc,2,2,5,5,0.5,0.5,0.7,0.6,1.0,0.5,48.299997,40,13,45.999997,68.999995,21.399998,1,1,1032,0,ilp_v4,optimal,1,53.191784,48.289296,1.101523,0.153361,0.0,,0.153361,0.166034,3,0,0
n_prc\set32\n_prc_2.py,n_prc,32,n_prc,2,2,5,5,0.5,0.5,0.7,0.6,1.0,0.5,48.299997,40,13,45.999997,68.999995,21.399998,1,1,1032,0,greedy_sps_baseline,solved,1,7.137424,48.276418,0.147845,0.001797,,,0.001797,0.001963,3,0,0
n_prc\set32\n_prc_4.py,n_prc,32,n_prc,4,4,6,5,0.5,0.5,0.7,0.6,2.0,1.0,96.599999,40,15,92.0,137.999999,42.8,1,1,1032,0,ilp_v2,optimal,1,64.808975,96.400273,0.67229,0.05194,0.0,,0.05194,0.059429,3,0,0
n_prc\set32\n_prc_4.py,n_prc,32,n_prc,4,4,6,5,0.5,0.5,0.7,0.6,2.0,1.0,96.599999,40,15,92.0,137.999999,42.8,1,1,1032,0,ilp_v3,optimal,1,61.741934,96.346332,0.640833,0.042818,0.0,,0.042818,0.047161,3,0,0
n_prc\set32\n_prc_4.py,n_prc,32,n_prc,4,4,6,5,0.5,0.5,0.7,0.6,2.0,1.0,96.599999,40,15,92.0,137.999999,42.8,1,1,1032,0,ilp_v4,optimal,1,74.407073,96.595072,0.770299,0.23459,0.0,,0.23459,0.268505,3,0,0
n_prc\set32\n_prc_4.py,n_prc,32,n_prc,4,4,6,5,0.5,0.5,0.7,0.6,2.0,1.0,96.599999,40,15,92.0,137.999999,42.8,1,1,1032,0,greedy_sps_baseline,solved,1,9.651572,96.346595,0.100176,0.002963,,,0.002963,0.003045,3,0,0
n_prc\set33\n_prc_2.py,n_prc,33,n_prc,2,2,5,5,0.5,0.5,0.7,0.6,1.0,0.5,48.300006,40,12,46.000002,69.000008,21.433334,1,1,1033,0,ilp_v2,optimal,1,35.29799,43.021177,0.820479,0.012757,0.0,,0.012757,0.014553,3,0,0
n_prc\set33\n_prc_2.py,n_prc,33,n_prc,2,2,5,5,0.5,0.5,0.7,0.6,1.0,0.5,48.300006,40,12,46.000002,69.000008,21.433334,1,1,1033,0,ilp_v3,optimal,1,35.29799,43.021177,0.820479,0.012291,0.0,,0.012291,0.013455,3,0,0
n_prc\set33\n_prc_2.py,n_prc,33,n_prc,2,2,5,5,0.5,0.5,0.7,0.6,1.0,0.5,48.300006,40,12,46.000002,69.000008,21.433334,1,1,1033,0,ilp_v4,optimal,1,38.271973,48.267468,0.792914,0.05137,0.0,,0.05137,0.069496,3,0,0
n_prc\set33\n_prc_2.py,n_prc,33,n_prc,2,2,5,5,0.5,0.5,0.7,0.6,1.0,0.5,48.300006,40,12,46.000002,69.000008,21.433334,1,1,1033,0,greedy_sps_baseline,solved,1,6.632025,48.281371,0.137362,0.001279,,,0.001279,0.00339,3,0,0
n_prc\set33\n_prc_4.py,n_prc,33,n_prc,4,4,6,5,0.5,0.5,0.7,0.6,2.0,1.0,96.6,40,13,92.000002,138.0,42.866668,1,1,1033,0,ilp_v2,optimal,1,95.799555,96.553641,0.99219,0.081361,0.0,,0.081361,0.095508,3,0,0
n_prc\set33\n_prc_4.py,n_prc,33,n_prc,4,4,6,5,0.5,0.5,0.7,0.6,2.0,1.0,96.6,40,13,92.000002,138.0,42.866668,1,1,1033,0,ilp_v3,optimal,1,92.036569,96.587502,0.952883,0.043304,0.0,,0.043304,0.046679,3,0,0
n_prc\set33\n_prc_4.py,n_prc,33,n_prc,4,4,6,5,0.5,0.5,0.7,0.6,2.0,1.0,96.6,40,13,92.000002,138.0,42.866668,1,1,1033,0,ilp_v4,optimal,1,130.286397,96.36622,1.351992,0.116734,0.0,,0.116734,0.12829,3,0,0
n_prc\set33\n_prc_4.py,n_prc,33,n_prc,4,4,6,5,0.5,0.5,0.7,0.6,2.0,1.0,96.6,40,13,92.000002,138.0,42.866668,1,1,1033,0,greedy_sps_baseline,solved,1,14.701317,96.57366,0.152229,0.002213,,,0.002213,0.002342,3,0,0
n_prc\set34\n_prc_2.py,n_prc,34,n_prc,2,2,5,5,0.5,0.5,0.7,0.6,1.0,0.5,48.3,40,13,45.999997,69.0,22.042855,1,1,1034,0,ilp_v2,optimal,1,77.64771,48.201727,1.610891,0.030768,0.0,,0.030768,0.031847,3,0,0
n_prc\set34\n_prc_2.py,n_prc,34,n_prc,2,2,5,5,0.5,0.5,0.7,0.6,1.0,0.5,48.3,40,13,45.999997,69.0,22.042855,1,1,1034,0,ilp_v3,optimal,1,78.593587,48.28633,1.627657,0.042533,0.0,,0.042533,0.047738,3,0,0
n_prc\set34\n_prc_2.py,n_prc,34,n_prc,2,2,5,5,0.5,0.5,0.7,0.6,1.0,0.5,48.3,40,13,45.999997,69.0,22.042855,1,1,1034,0,ilp_v4,optimal,1,80.721511,48.279083,1.671977,0.129893,0.0,,0.129893,0.146877,3,0,0
n_prc\set34\n_prc_2.py,n_prc,34,n_prc,2,2,5,5,0.5,0.5,0.7,0.6,1.0,0.5,48.3,40,13,45.999997,69.0,22.042855,1,1,1034,0,greedy_sps_baseline,solved,1,7.954432,48.240152,0.164892,0.002111,,,0.002111,0.002276,3,0,0
n_prc\set34\n_prc_4.py,n_prc,34,n_prc,4,4,6,5,0.5,0.5,0.7,0.6,2.0,1.0,96.599998,40,17,92.0,137.999998,44.085714,1,1,1034,0,ilp_v2,optimal,1,115.518544,96.561104,1.196326,0.121326,0.0,,0.121326,0.129964,3,0,0
n_prc\set34\n_prc_4.py,n_prc,34,n_prc,4,4,6,5,0.5,0.5,0.7,0.6,2.0,1.0,96.599998,40,17,92.0,137.999998,44.085714,1,1,1034,0,ilp_v3,optimal,1,119.215222,96.579236,1.234377,0.030057,0.0,,0.030057,0.032523,3,0,0
n_prc\set34\n_prc_4.py,n_prc,34,n_prc,4,4,6,5,0.5,0.5,0.7,0.6,2.0,1.0,96.599998,40,17,92.0,137.999998,44.085714,1,1,1034,0,ilp_v4,optimal,1,155.600317,96.57163,1.611243,0.372342,0.0,,0.372342,0.431883,3,0,0
n_prc\set34\n_prc_4.py,n_prc,34,n_prc,4,4,6,5,0.5,0.5,0.7,0.6,2.0,1.0,96.599998,40,17,92.0,137.999998,44.085714,1,1,1034,0,greedy_sps_baseline,solved,1,17.588338,96.53744,0.182192,0.00328,,,0.00328,0.00377,3,0,0
n_prc\set35\n_prc_2.py,n_prc,35,n_prc,2,2,5,5,0.5,0.5,0.7,0.6,1.0,0.5,48.300001,40,15,46.000001,69.000001,21.400001,1,1,1035,0,ilp_v2,optimal,1,57.070874,48.244612,1.182948,0.108706,0.0,,0.108706,0.113408,3,0,0
n_prc\set35\n_prc_2.py,n_prc,35,n_prc,2,2,5,5,0.5,0.5,0.7,0.6,1.0,0.5,48.300001,40,15,46.000001,69.000001,21.400001,1,1,1035,0,ilp_v3,optimal,1,54.434874,47.758535,1.139794,0.019956,0.0,,0.019956,0.021062,3,0,0
n_prc\set35\n_prc_2.py,n_prc,35,n_prc,2,2,5,5,0.5,0.5,0.7,0.6,1.0,0.5,48.300001,40,15,46.000001,69.000001,21.400001,1,1,1035,0,ilp_v4,optimal,1,60.629196,48.279357,1.2558,0.099439,0.0,,0.099439,0.108673,3,0,0
n_prc\set35\n_prc_2.py,n_prc,35,n_prc,2,2,5,5,0.5,0.5,0.7,0.6,1.0,0.5,48.300001,40,15,46.000001,69.000001,21.400001,1,1,1035,0,greedy_sps_baseline,solved,1,9.469521,48.279193,0.196141,0.003418,,,0.003418,0.003697,3,0,0
n_prc\set35\n_prc_4.py,n_prc,35,n_prc,4,4,6,5,0.5,0.5,0.7,0.6,2.0,1.0,96.600004,40,19,91.999998,138.000006,42.799999,1,1,1035,0,ilp_v2,optimal,1,93.331803,96.162295,0.970565,0.121066,0.0,,0.121066,0.12468,3,0,0
n_prc\set35\n_prc_4.py,n_prc,35,n_prc,4,4,6,5,0.5,0.5,0.7,0.6,2.0,1.0,96.600004,40,19,91.999998,138.000006,42.799999,1,1,1035,0,ilp_v3,optimal,1,74.268775,95.095185,0.780994,0.020902,0.0,,0.020902,0.022891,3,0,0
n_prc\set35\n_prc_4.py,n_prc,35,n_prc,4,4,6,5,0.5,0.5,0.7,0.6,2.0,1.0,96.600004,40,19,91.999998,138.000006,42.799999,1,1,1035,0,ilp_v4,optimal,1,98.905679,96.425124,1.025725,0.407898,9.6e-05,,0.407898,0.47669,3,0,0
n_prc\set35\n_prc_4.py,n_prc,35,n_prc,4,4,6,5,0.5,0.5,0.7,0.6,2.0,1.0,96.600004,40,19,91.999998,138.000006,42.799999,1,1,1035,0,greedy_sps_baseline,solved,1,16.312979,96.106396,0.169739,0.004549,,,0.004549,0.004806,3,0,0
n_prc\set36\n_prc_2.py,n_prc,36,n_prc,2,2,5,5,0.5,0.5,0.7,0.6,1.0,0.5,48.299998,40,15,46.000002,68.999997,22.042858,1,1,1036,0,ilp_v2,optimal,1,61.031712,48.185041,1.266611,0.039702,0.0,,0.039702,0.042575,3,0,0
n_prc\set36\n_prc_2.py,n_prc,36,n_prc,2,2,5,5,0.5,0.5,0.7,0.6,1.0,0.5,48.299998,40,15,46.000002,68.999997,22.042858,1,1,1036,0,ilp_v3,optimal,1,61.031712,47.913752,1.273783,0.025129,0.0,,0.025129,0.02959,3,0,0
n_prc\set36\n_prc_2.py,n_prc,36,n_prc,2,2,5,5,0.5,0.5,0.7,0.6,1.0,0.5,48.299998,40,15,46.000002,68.999997,22.042858,1,1,1036,0,ilp_v4,optimal,1,60.390691,47.98863,1.258437,0.149924,0.0,,0.149924,0.166794,3,0,0
n_prc\set36\n_prc_2.py,n_prc,36,n_prc,2,2,5,5,0.5,0.5,0.7,0.6,1.0,0.5,48.299998,40,15,46.000002,68.999997,22.042858,1,1,1036,0,greedy_sps_baseline,solved,1,7.552691,48.207722,0.15667,0.002256,,,0.002256,0.00276,3,0,0
n_prc\set36\n_prc_4.py,n_prc,36,n_prc,4,4,6,5,0.5,0.5,0.7,0.6,2.0,1.0,96.600002,40,17,92.000005,138.000003,44.085716,1,1,1036,0,ilp_v2,optimal,1,93.469377,96.574613,0.967846,0.097426,9.4e-05,,0.097426,0.111889,3,0,0
n_prc\set36\n_prc_4.py,n_prc,36,n_prc,4,4,6,5,0.5,0.5,0.7,0.6,2.0,1.0,96.600002,40,17,92.000005,138.000003,44.085716,1,1,1036,0,ilp_v3,optimal,1,86.026593,96.4952,0.891512,0.100466,0.0,,0.100466,0.103822,3,0,0
n_prc\set36\n_prc_4.py,n_prc,36,n_prc,4,4,6,5,0.5,0.5,0.7,0.6,2.0,1.0,96.600002,40,17,92.000005,138.000003,44.085716,1,1,1036,0,ilp_v4,error,0,,,,0.071357,,"AssertionError('phase_swap_local_search: the DBF pre-check (min_slack_for_job) and the full check (check_all_timing) disagreed, which should be impossible — see ISSUES.md -> SWAP-BREAK for why. 3 occu",0.071357,0.075152,3,0,0
n_prc\set36\n_prc_4.py,n_prc,36,n_prc,4,4,6,5,0.5,0.5,0.7,0.6,2.0,1.0,96.600002,40,17,92.000005,138.000003,44.085716,1,1,1036,0,greedy_sps_baseline,solved,1,16.233006,96.463628,0.168281,0.003584,,,0.003584,0.005388,3,0,0
n_prc\set37\n_prc_2.py,n_prc,37,n_prc,2,2,5,5,0.5,0.5,0.7,0.6,1.0,0.5,48.299998,40,15,46.000001,68.999998,22.042858,1,1,1037,0,ilp_v2,optimal,1,39.230459,48.299101,0.81224,0.183909,0.0,,0.183909,0.209933,3,0,0
n_prc\set37\n_prc_2.py,n_prc,37,n_prc,2,2,5,5,0.5,0.5,0.7,0.6,1.0,0.5,48.299998,40,15,46.000001,68.999998,22.042858,1,1,1037,0,ilp_v3,optimal,1,38.339285,48.16334,0.796026,0.029196,0.0,,0.029196,0.030581,3,0,0
n_prc\set37\n_prc_2.py,n_prc,37,n_prc,2,2,5,5,0.5,0.5,0.7,0.6,1.0,0.5,48.299998,40,15,46.000001,68.999998,22.042858,1,1,1037,0,ilp_v4,optimal,1,39.230459,48.299101,0.81224,0.227902,0.0,,0.227902,0.243614,3,0,0
n_prc\set37\n_prc_2.py,n_prc,37,n_prc,2,2,5,5,0.5,0.5,0.7,0.6,1.0,0.5,48.299998,40,15,46.000001,68.999998,22.042858,1,1,1037,0,greedy_sps_baseline,solved,1,8.933355,48.29999,0.184956,0.005757,,,0.005757,0.006416,3,0,0
n_prc\set37\n_prc_4.py,n_prc,37,n_prc,4,4,6,5,0.5,0.5,0.7,0.6,2.0,1.0,96.600008,40,17,92.000002,138.000011,44.085715,1,1,1037,0,ilp_v2,optimal,1,138.458508,96.589504,1.433474,0.050913,5.2e-05,,0.050913,0.055159,3,0,0
n_prc\set37\n_prc_4.py,n_prc,37,n_prc,4,4,6,5,0.5,0.5,0.7,0.6,2.0,1.0,96.600008,40,17,92.000002,138.000011,44.085715,1,1,1037,0,ilp_v3,optimal,1,97.233378,96.59932,1.006564,0.038779,1.3e-05,,0.038779,0.042328,3,0,0
n_prc\set37\n_prc_4.py,n_prc,37,n_prc,4,4,6,5,0.5,0.5,0.7,0.6,2.0,1.0,96.600008,40,17,92.000002,138.000011,44.085715,1,1,1037,0,ilp_v4,optimal,1,140.052168,96.597337,1.449855,0.140894,7.6e-05,,0.140894,0.145412,3,0,0
n_prc\set37\n_prc_4.py,n_prc,37,n_prc,4,4,6,5,0.5,0.5,0.7,0.6,2.0,1.0,96.600008,40,17,92.000002,138.000011,44.085715,1,1,1037,0,greedy_sps_baseline,solved,1,15.887347,96.592761,0.164478,0.002916,,,0.002916,0.003108,3,0,0
n_prc\set38\n_prc_2.py,n_prc,38,n_prc,2,2,5,5,0.5,0.5,0.7,0.6,1.0,0.5,48.300004,40,13,46.000002,69.000006,21.400001,1,1,1038,0,ilp_v2,optimal,1,27.624976,48.2815,0.572165,0.02559,0.0,,0.02559,0.028932,3,0,0
n_prc\set38\n_prc_2.py,n_prc,38,n_prc,2,2,5,5,0.5,0.5,0.7,0.6,1.0,0.5,48.300004,40,13,46.000002,69.000006,21.400001,1,1,1038,0,ilp_v3,optimal,1,28.164907,47.943468,0.587461,0.036158,0.0,,0.036158,0.038726,3,0,0
n_prc\set38\n_prc_2.py,n_prc,38,n_prc,2,2,5,5,0.5,0.5,0.7,0.6,1.0,0.5,48.300004,40,13,46.000002,69.000006,21.400001,1,1,1038,0,ilp_v4,optimal,1,31.386997,47.421074,0.661879,0.123891,0.0,,0.123891,0.129992,3,0,0
n_prc\set38\n_prc_2.py,n_prc,38,n_prc,2,2,5,5,0.5,0.5,0.7,0.6,1.0,0.5,48.300004,40,13,46.000002,69.000006,21.400001,1,1,1038,0,greedy_sps_baseline,solved,1,6.318059,48.056819,0.131471,0.005244,,,0.005244,0.005543,3,0,0
n_prc\set38\n_prc_4.py,n_prc,38,n_prc,4,4,6,5,0.5,0.5,0.7,0.6,2.0,1.0,96.600002,40,15,92.000005,138.000002,42.800002,1,1,1038,0,ilp_v2,optimal,1,79.02631,96.597159,0.818102,0.046726,9.8e-05,,0.046726,0.049279,3,0,0
n_prc\set38\n_prc_4.py,n_prc,38,n_prc,4,4,6,5,0.5,0.5,0.7,0.6,2.0,1.0,96.600002,40,15,92.000005,138.000002,42.800002,1,1,1038,0,ilp_v3,optimal,1,88.466213,96.593449,0.915861,0.07985,0.0,,0.07985,0.089682,3,0,0
n_prc\set38\n_prc_4.py,n_prc,38,n_prc,4,4,6,5,0.5,0.5,0.7,0.6,2.0,1.0,96.600002,40,15,92.000005,138.000002,42.800002,1,1,1038,0,ilp_v4,optimal,1,96.875831,96.404211,1.004892,0.359925,0.0,,0.359925,0.398931,3,0,0
n_prc\set38\n_prc_4.py,n_prc,38,n_prc,4,4,6,5,0.5,0.5,0.7,0.6,2.0,1.0,96.600002,40,15,92.000005,138.000002,42.800002,1,1,1038,0,greedy_sps_baseline,solved,1,19.123016,96.59781,0.197965,0.002997,,,0.002997,0.003072,3,0,0
n_prc\set39\n_prc_2.py,n_prc,39,n_prc,2,2,5,5,0.5,0.5,0.7,0.6,1.0,0.5,48.299999,40,15,46.000001,68.999999,21.400001,1,1,1039,0,ilp_v2,optimal,1,57.085345,47.84179,1.193211,0.020924,0.0,,0.020924,0.022275,3,0,0
n_prc\set39\n_prc_2.py,n_prc,39,n_prc,2,2,5,5,0.5,0.5,0.7,0.6,1.0,0.5,48.299999,40,15,46.000001,68.999999,21.400001,1,1,1039,0,ilp_v3,optimal,1,57.711494,48.110313,1.199566,0.018575,0.0,,0.018575,0.022786,3,0,0
n_prc\set39\n_prc_2.py,n_prc,39,n_prc,2,2,5,5,0.5,0.5,0.7,0.6,1.0,0.5,48.299999,40,15,46.000001,68.999999,21.400001,1,1,1039,0,ilp_v4,optimal,1,59.676689,48.296641,1.235628,0.112598,0.0,,0.112598,0.123137,3,0,0
n_prc\set39\n_prc_2.py,n_prc,39,n_prc,2,2,5,5,0.5,0.5,0.7,0.6,1.0,0.5,48.299999,40,15,46.000001,68.999999,21.400001,1,1,1039,0,greedy_sps_baseline,solved,1,7.422651,48.097219,0.154326,0.002609,,,0.002609,0.003062,3,0,0
n_prc\set39\n_prc_4.py,n_prc,39,n_prc,4,4,6,5,0.5,0.5,0.7,0.6,2.0,1.0,96.600004,40,17,92.000002,138.000006,42.800001,1,1,1039,0,ilp_v2,optimal,1,79.162501,96.133896,0.823461,0.137362,0.0,,0.137362,0.15817,3,0,0
n_prc\set39\n_prc_4.py,n_prc,39,n_prc,4,4,6,5,0.5,0.5,0.7,0.6,2.0,1.0,96.600004,40,17,92.000002,138.000006,42.800001,1,1,1039,0,ilp_v3,optimal,1,59.192604,96.289852,0.614734,0.020432,0.0,,0.020432,0.02068,3,0,0
n_prc\set39\n_prc_4.py,n_prc,39,n_prc,4,4,6,5,0.5,0.5,0.7,0.6,2.0,1.0,96.600004,40,17,92.000002,138.000006,42.800001,1,1,1039,0,ilp_v4,error,0,,,,0.089493,,"AssertionError('phase_swap_local_search: the DBF pre-check (min_slack_for_job) and the full check (check_all_timing) disagreed, which should be impossible — see ISSUES.md -> SWAP-BREAK for why. 4 occu",0.089493,0.101608,3,0,0
n_prc\set39\n_prc_4.py,n_prc,39,n_prc,4,4,6,5,0.5,0.5,0.7,0.6,2.0,1.0,96.600004,40,17,92.000002,138.000006,42.800001,1,1,1039,0,greedy_sps_baseline,solved,1,15.51534,96.518596,0.16075,0.004854,,,0.004854,0.007982,3,0,0
n_prc\set40\n_prc_2.py,n_prc,40,n_prc,2,2,5,5,0.5,0.5,0.7,0.6,1.0,0.5,48.3,40,13,46.000001,69.0,21.400001,1,1,1040,0,ilp_v2,optimal,1,37.966331,47.382772,0.801269,0.054758,0.0,,0.054758,0.055708,3,0,0
n_prc\set40\n_prc_2.py,n_prc,40,n_prc,2,2,5,5,0.5,0.5,0.7,0.6,1.0,0.5,48.3,40,13,46.000001,69.0,21.400001,1,1,1040,0,ilp_v3,optimal,1,40.02346,47.561261,0.841514,0.098946,0.0,,0.098946,0.103736,3,0,0
n_prc\set40\n_prc_2.py,n_prc,40,n_prc,2,2,5,5,0.5,0.5,0.7,0.6,1.0,0.5,48.3,40,13,46.000001,69.0,21.400001,1,1,1040,0,ilp_v4,optimal,1,47.584863,48.037028,0.990587,0.138677,0.0,,0.138677,0.147782,3,0,0
n_prc\set40\n_prc_2.py,n_prc,40,n_prc,2,2,5,5,0.5,0.5,0.7,0.6,1.0,0.5,48.3,40,13,46.000001,69.0,21.400001,1,1,1040,0,greedy_sps_baseline,solved,1,6.415051,48.177548,0.133154,0.001425,,,0.001425,0.001654,3,0,0
n_prc\set40\n_prc_4.py,n_prc,40,n_prc,4,4,6,5,0.5,0.5,0.7,0.6,2.0,1.0,96.600001,40,15,92.0,138.000001,42.8,1,1,1040,0,ilp_v2,optimal,1,74.524853,96.586516,0.771587,0.035669,0.0,,0.035669,0.043179,3,0,0
n_prc\set40\n_prc_4.py,n_prc,40,n_prc,4,4,6,5,0.5,0.5,0.7,0.6,2.0,1.0,96.600001,40,15,92.0,138.000001,42.8,1,1,1040,0,ilp_v3,optimal,1,89.467784,96.467984,0.927435,0.041212,0.0,,0.041212,0.043869,3,0,0
n_prc\set40\n_prc_4.py,n_prc,40,n_prc,4,4,6,5,0.5,0.5,0.7,0.6,2.0,1.0,96.600001,40,15,92.0,138.000001,42.8,1,1,1040,0,ilp_v4,error,0,,,,0.050607,,"AssertionError('phase_swap_local_search: the DBF pre-check (min_slack_for_job) and the full check (check_all_timing) disagreed, which should be impossible — see ISSUES.md -> SWAP-BREAK for why. 2 occu",0.050607,0.06105,3,0,0
n_prc\set40\n_prc_4.py,n_prc,40,n_prc,4,4,6,5,0.5,0.5,0.7,0.6,2.0,1.0,96.600001,40,15,92.0,138.000001,42.8,1,1,1040,0,greedy_sps_baseline,solved,1,14.380237,96.448645,0.149097,0.003068,,,0.003068,0.004999,3,0,0
n_prc\set41\n_prc_2.py,n_prc,41,n_prc,2,2,5,5,0.5,0.5,0.7,0.6,1.0,0.5,48.299991,40,15,45.999995,68.999987,21.399998,1,1,1041,0,ilp_v2,optimal,1,40.110751,48.287028,0.830673,0.127461,0.0,,0.127461,0.14458,3,0,0
n_prc\set41\n_prc_2.py,n_prc,41,n_prc,2,2,5,5,0.5,0.5,0.7,0.6,1.0,0.5,48.299991,40,15,45.999995,68.999987,21.399998,1,1,1041,0,ilp_v3,optimal,1,48.583514,48.295116,1.005972,0.104736,0.0,,0.104736,0.111723,3,0,0
n_prc\set41\n_prc_2.py,n_prc,41,n_prc,2,2,5,5,0.5,0.5,0.7,0.6,1.0,0.5,48.299991,40,15,45.999995,68.999987,21.399998,1,1,1041,0,ilp_v4,optimal,1,49.61617,48.299083,1.027269,0.368751,0.0,,0.368751,0.426028,3,0,0
n_prc\set41\n_prc_2.py,n_prc,41,n_prc,2,2,5,5,0.5,0.5,0.7,0.6,1.0,0.5,48.299991,40,15,45.999995,68.999987,21.399998,1,1,1041,0,greedy_sps_baseline,solved,1,8.561286,48.182033,0.177686,0.012592,,,0.012592,0.015072,3,0,0
n_prc\set41\n_prc_4.py,n_prc,41,n_prc,4,4,6,5,0.5,0.5,0.7,0.6,2.0,1.0,96.599994,40,16,92.000001,137.999992,42.800001,1,1,1041,0,ilp_v2,optimal,1,67.204776,96.073182,0.699517,0.037872,6.5e-05,,0.037872,0.067882,3,0,0
n_prc\set41\n_prc_4.py,n_prc,41,n_prc,4,4,6,5,0.5,0.5,0.7,0.6,2.0,1.0,96.599994,40,16,92.000001,137.999992,42.800001,1,1,1041,0,ilp_v3,optimal,1,58.132682,96.408446,0.602983,0.118837,0.0,,0.118837,0.134185,3,0,0
n_prc\set41\n_prc_4.py,n_prc,41,n_prc,4,4,6,5,0.5,0.5,0.7,0.6,2.0,1.0,96.599994,40,16,92.000001,137.999992,42.800001,1,1,1041,0,ilp_v4,optimal,1,69.049193,96.020662,0.719108,0.288846,0.0,,0.288846,0.327434,3,0,0
n_prc\set41\n_prc_4.py,n_prc,41,n_prc,4,4,6,5,0.5,0.5,0.7,0.6,2.0,1.0,96.599994,40,16,92.000001,137.999992,42.800001,1,1,1041,0,greedy_sps_baseline,solved,1,9.818994,95.876752,0.102413,0.005523,,,0.005523,0.005727,3,0,0
n_prc\set42\n_prc_2.py,n_prc,42,n_prc,2,2,5,5,0.5,0.5,0.7,0.6,1.0,0.5,48.299998,40,11,45.999998,68.999998,21.399999,1,1,1042,0,ilp_v2,optimal,1,60.908319,48.299798,1.261047,0.013564,0.0,,0.013564,0.020337,3,0,0
n_prc\set42\n_prc_2.py,n_prc,42,n_prc,2,2,5,5,0.5,0.5,0.7,0.6,1.0,0.5,48.299998,40,11,45.999998,68.999998,21.399999,1,1,1042,0,ilp_v3,optimal,1,55.605456,48.263864,1.152114,0.014338,0.0,,0.014338,0.014799,3,0,0
n_prc\set42\n_prc_2.py,n_prc,42,n_prc,2,2,5,5,0.5,0.5,0.7,0.6,1.0,0.5,48.299998,40,11,45.999998,68.999998,21.399999,1,1,1042,0,ilp_v4,optimal,1,61.511615,48.251575,1.274811,0.069437,0.0,,0.069437,0.071049,3,0,0
n_prc\set42\n_prc_2.py,n_prc,42,n_prc,2,2,5,5,0.5,0.5,0.7,0.6,1.0,0.5,48.299998,40,11,45.999998,68.999998,21.399999,1,1,1042,0,greedy_sps_baseline,solved,1,8.676799,48.269964,0.179756,0.000668,,,0.000668,0.000803,3,0,0
n_prc\set42\n_prc_4.py,n_prc,42,n_prc,4,4,6,5,0.5,0.5,0.7,0.6,2.0,1.0,96.599998,40,13,92.0,137.999997,42.8,1,1,1042,0,ilp_v2,optimal,1,89.530885,96.510583,0.927679,0.0136,0.0,,0.0136,0.017279,3,0,0
n_prc\set42\n_prc_4.py,n_prc,42,n_prc,4,4,6,5,0.5,0.5,0.7,0.6,2.0,1.0,96.599998,40,13,92.0,137.999997,42.8,1,1,1042,0,ilp_v3,optimal,1,88.394282,95.390888,0.926653,0.016725,0.0,,0.016725,0.018315,3,0,0
n_prc\set42\n_prc_4.py,n_prc,42,n_prc,4,4,6,5,0.5,0.5,0.7,0.6,2.0,1.0,96.599998,40,13,92.0,137.999997,42.8,1,1,1042,0,ilp_v4,optimal,1,98.721499,95.627423,1.032356,0.233898,0.0,,0.233898,0.235112,3,0,0
n_prc\set42\n_prc_4.py,n_prc,42,n_prc,4,4,6,5,0.5,0.5,0.7,0.6,2.0,1.0,96.599998,40,13,92.0,137.999997,42.8,1,1,1042,0,greedy_sps_baseline,solved,1,17.078888,96.544224,0.176902,0.001511,,,0.001511,0.001645,3,0,0
n_prc\set43\n_prc_2.py,n_prc,43,n_prc,2,2,5,5,0.5,0.5,0.7,0.6,1.0,0.5,48.300001,40,13,46.000001,69.000001,21.433334,1,1,1043,0,ilp_v2,optimal,1,56.280752,47.868331,1.175741,0.02344,0.0,,0.02344,0.02998,3,0,0
n_prc\set43\n_prc_2.py,n_prc,43,n_prc,2,2,5,5,0.5,0.5,0.7,0.6,1.0,0.5,48.300001,40,13,46.000001,69.000001,21.433334,1,1,1043,0,ilp_v3,optimal,1,55.10188,48.297019,1.140896,0.03555,0.0,,0.03555,0.036813,3,0,0
n_prc\set43\n_prc_2.py,n_prc,43,n_prc,2,2,5,5,0.5,0.5,0.7,0.6,1.0,0.5,48.300001,40,13,46.000001,69.000001,21.433334,1,1,1043,0,ilp_v4,optimal,1,57.421564,48.004314,1.196175,0.066951,0.0,,0.066951,0.082934,3,0,0
n_prc\set43\n_prc_2.py,n_prc,43,n_prc,2,2,5,5,0.5,0.5,0.7,0.6,1.0,0.5,48.300001,40,13,46.000001,69.000001,21.433334,1,1,1043,0,greedy_sps_baseline,solved,1,7.494205,48.29323,0.155181,0.000846,,,0.000846,0.000975,3,0,0
n_prc\set43\n_prc_4.py,n_prc,43,n_prc,4,4,6,5,0.5,0.5,0.7,0.6,2.0,1.0,96.600001,40,14,91.999999,138.000001,42.866666,1,1,1043,0,ilp_v2,optimal,1,128.769498,96.090872,1.34008,0.046427,0.0,,0.046427,0.047629,3,0,0
n_prc\set43\n_prc_4.py,n_prc,43,n_prc,4,4,6,5,0.5,0.5,0.7,0.6,2.0,1.0,96.600001,40,14,91.999999,138.000001,42.866666,1,1,1043,0,ilp_v3,optimal,1,110.475896,96.574572,1.143944,0.046935,0.0,,0.046935,0.052787,3,0,0
n_prc\set43\n_prc_4.py,n_prc,43,n_prc,4,4,6,5,0.5,0.5,0.7,0.6,2.0,1.0,96.600001,40,14,91.999999,138.000001,42.866666,1,1,1043,0,ilp_v4,optimal,1,137.560483,96.496722,1.425546,0.128412,0.0,,0.128412,0.132787,3,0,0
n_prc\set43\n_prc_4.py,n_prc,43,n_prc,4,4,6,5,0.5,0.5,0.7,0.6,2.0,1.0,96.600001,40,14,91.999999,138.000001,42.866666,1,1,1043,0,greedy_sps_baseline,solved,1,19.03809,96.480022,0.197327,0.001732,,,0.001732,0.002344,3,0,0
n_prc\set44\n_prc_2.py,n_prc,44,n_prc,2,2,5,5,0.5,0.5,0.7,0.6,1.0,0.5,48.3,40,12,45.999999,69.0,21.433333,1,1,1044,0,ilp_v2,optimal,1,49.428184,48.255816,1.024295,0.024882,0.0,,0.024882,0.027215,3,0,0
n_prc\set44\n_prc_2.py,n_prc,44,n_prc,2,2,5,5,0.5,0.5,0.7,0.6,1.0,0.5,48.3,40,12,45.999999,69.0,21.433333,1,1,1044,0,ilp_v3,optimal,1,50.428042,48.259301,1.044939,0.027267,0.0,,0.027267,0.031449,3,0,0
n_prc\set44\n_prc_2.py,n_prc,44,n_prc,2,2,5,5,0.5,0.5,0.7,0.6,1.0,0.5,48.3,40,12,45.999999,69.0,21.433333,1,1,1044,0,ilp_v4,optimal,1,49.673643,48.27915,1.028884,0.155656,0.0,,0.155656,0.171329,3,0,0
n_prc\set44\n_prc_2.py,n_prc,44,n_prc,2,2,5,5,0.5,0.5,0.7,0.6,1.0,0.5,48.3,40,12,45.999999,69.0,21.433333,1,1,1044,0,greedy_sps_baseline,solved,1,5.816074,48.270616,0.120489,0.001885,,,0.001885,0.002016,3,0,0
n_prc\set44\n_prc_4.py,n_prc,44,n_prc,4,4,6,5,0.5,0.5,0.7,0.6,2.0,1.0,96.600001,40,16,92.000001,138.000001,42.866667,1,1,1044,0,ilp_v2,optimal,1,66.289044,96.399447,0.68765,0.077761,0.0,,0.077761,0.081985,3,0,0
n_prc\set44\n_prc_4.py,n_prc,44,n_prc,4,4,6,5,0.5,0.5,0.7,0.6,2.0,1.0,96.600001,40,16,92.000001,138.000001,42.866667,1,1,1044,0,ilp_v3,optimal,1,57.030614,96.563164,0.590604,0.048964,0.0,,0.048964,0.050096,3,0,0
n_prc\set44\n_prc_4.py,n_prc,44,n_prc,4,4,6,5,0.5,0.5,0.7,0.6,2.0,1.0,96.600001,40,16,92.000001,138.000001,42.866667,1,1,1044,0,ilp_v4,error,0,,,,0.082957,,"AssertionError('phase_swap_local_search: the DBF pre-check (min_slack_for_job) and the full check (check_all_timing) disagreed, which should be impossible — see ISSUES.md -> SWAP-BREAK for why. 29 occ",0.082957,0.100276,3,0,0
n_prc\set44\n_prc_4.py,n_prc,44,n_prc,4,4,6,5,0.5,0.5,0.7,0.6,2.0,1.0,96.600001,40,16,92.000001,138.000001,42.866667,1,1,1044,0,greedy_sps_baseline,solved,1,11.525203,96.552941,0.119367,0.002314,,,0.002314,0.002911,3,0,0
n_prc\set45\n_prc_2.py,n_prc,45,n_prc,2,2,5,5,0.5,0.5,0.7,0.6,1.0,0.5,48.299998,40,11,45.999998,68.999997,23.599999,1,1,1045,0,ilp_v2,optimal,1,73.277451,48.291558,1.517397,0.033203,0.0,,0.033203,0.035471,3,0,0
n_prc\set45\n_prc_2.py,n_prc,45,n_prc,2,2,5,5,0.5,0.5,0.7,0.6,1.0,0.5,48.299998,40,11,45.999998,68.999997,23.599999,1,1,1045,0,ilp_v3,optimal,1,65.923901,48.281308,1.365413,0.014006,0.0,,0.014006,0.014145,3,0,0
n_prc\set45\n_prc_2.py,n_prc,45,n_prc,2,2,5,5,0.5,0.5,0.7,0.6,1.0,0.5,48.299998,40,11,45.999998,68.999997,23.599999,1,1,1045,0,ilp_v4,optimal,1,73.277451,48.291558,1.517397,0.065236,0.0,,0.065236,0.073755,3,0,0
n_prc\set45\n_prc_2.py,n_prc,45,n_prc,2,2,5,5,0.5,0.5,0.7,0.6,1.0,0.5,48.299998,40,11,45.999998,68.999997,23.599999,1,1,1045,0,greedy_sps_baseline,solved,1,9.351429,48.250478,0.19381,0.001183,,,0.001183,0.00138,3,0,0
n_prc\set45\n_prc_4.py,n_prc,45,n_prc,4,4,6,5,0.5,0.5,0.7,0.6,2.0,1.0,96.600001,40,15,91.999999,138.000001,47.199999,1,1,1045,0,ilp_v2,optimal,1,122.559051,96.508525,1.26993,0.270013,0.0,,0.270013,0.320553,3,0,0
n_prc\set45\n_prc_4.py,n_prc,45,n_prc,4,4,6,5,0.5,0.5,0.7,0.6,2.0,1.0,96.600001,40,15,91.999999,138.000001,47.199999,1,1,1045,0,ilp_v3,optimal,1,139.254624,96.583194,1.44181,0.095335,0.0,,0.095335,0.101336,3,0,0
n_prc\set45\n_prc_4.py,n_prc,45,n_prc,4,4,6,5,0.5,0.5,0.7,0.6,2.0,1.0,96.600001,40,15,91.999999,138.000001,47.199999,1,1,1045,0,ilp_v4,error,0,,,,0.05484,,"AssertionError('phase_swap_local_search: the DBF pre-check (min_slack_for_job) and the full check (check_all_timing) disagreed, which should be impossible — see ISSUES.md -> SWAP-BREAK for why. 6 occu",0.05484,0.061234,3,0,0
n_prc\set45\n_prc_4.py,n_prc,45,n_prc,4,4,6,5,0.5,0.5,0.7,0.6,2.0,1.0,96.600001,40,15,91.999999,138.000001,47.199999,1,1,1045,0,greedy_sps_baseline,solved,1,18.433248,96.274532,0.191465,0.001722,,,0.001722,0.001945,3,0,0
n_prc\set46\n_prc_2.py,n_prc,46,n_prc,2,2,5,5,0.5,0.5,0.7,0.6,1.0,0.5,48.300002,40,13,46.0,69.000003,22.042857,1,1,1046,0,ilp_v2,optimal,1,42.176381,48.29314,0.873341,0.033688,0.0,,0.033688,0.034732,3,0,0
n_prc\set46\n_prc_2.py,n_prc,46,n_prc,2,2,5,5,0.5,0.5,0.7,0.6,1.0,0.5,48.300002,40,13,46.0,69.000003,22.042857,1,1,1046,0,ilp_v3,optimal,1,30.404526,47.676549,0.637725,0.037298,0.0,,0.037298,0.039259,3,0,0
n_prc\set46\n_prc_2.py,n_prc,46,n_prc,2,2,5,5,0.5,0.5,0.7,0.6,1.0,0.5,48.300002,40,13,46.0,69.000003,22.042857,1,1,1046,0,ilp_v4,optimal,1,45.89691,48.251949,0.951193,0.130741,0.0,,0.130741,0.141248,3,0,0
n_prc\set46\n_prc_2.py,n_prc,46,n_prc,2,2,5,5,0.5,0.5,0.7,0.6,1.0,0.5,48.300002,40,13,46.0,69.000003,22.042857,1,1,1046,0,greedy_sps_baseline,solved,1,5.8893,48.225115,0.122121,0.003513,,,0.003513,0.003955,3,0,0
n_prc\set46\n_prc_4.py,n_prc,46,n_prc,4,4,6,5,0.5,0.5,0.7,0.6,2.0,1.0,96.599998,40,17,91.999999,137.999998,44.085714,1,1,1046,0,ilp_v2,optimal,1,120.445567,96.495406,1.2482,0.061605,0.0,,0.061605,0.079273,3,0,0
n_prc\set46\n_prc_4.py,n_prc,46,n_prc,4,4,6,5,0.5,0.5,0.7,0.6,2.0,1.0,96.599998,40,17,91.999999,137.999998,44.085714,1,1,1046,0,ilp_v3,optimal,1,112.410117,96.343289,1.166766,0.049357,0.0,,0.049357,0.053304,3,0,0
n_prc\set46\n_prc_4.py,n_prc,46,n_prc,4,4,6,5,0.5,0.5,0.7,0.6,2.0,1.0,96.599998,40,17,91.999999,137.999998,44.085714,1,1,1046,0,ilp_v4,optimal,1,125.961984,96.428845,1.306269,0.312585,0.0,,0.312585,0.372558,3,0,0
n_prc\set46\n_prc_4.py,n_prc,46,n_prc,4,4,6,5,0.5,0.5,0.7,0.6,2.0,1.0,96.599998,40,17,91.999999,137.999998,44.085714,1,1,1046,0,greedy_sps_baseline,solved,1,18.712554,96.459339,0.193994,0.00196,,,0.00196,0.002068,3,0,0
n_prc\set47\n_prc_2.py,n_prc,47,n_prc,2,2,5,5,0.5,0.5,0.7,0.6,1.0,0.5,48.299999,40,13,46.000002,68.999999,22.000001,1,1,1047,0,ilp_v2,optimal,1,57.03498,48.296418,1.180936,0.08162,0.0,,0.08162,0.087067,3,0,0
n_prc\set47\n_prc_2.py,n_prc,47,n_prc,2,2,5,5,0.5,0.5,0.7,0.6,1.0,0.5,48.299999,40,13,46.000002,68.999999,22.000001,1,1,1047,0,ilp_v3,optimal,1,54.344071,48.237451,1.126595,0.215388,0.0,,0.215388,0.223914,3,0,0
n_prc\set47\n_prc_2.py,n_prc,47,n_prc,2,2,5,5,0.5,0.5,0.7,0.6,1.0,0.5,48.299999,40,13,46.000002,68.999999,22.000001,1,1,1047,0,ilp_v4,optimal,1,57.996379,48.21063,1.202979,0.083373,0.0,,0.083373,0.098296,3,0,0
n_prc\set47\n_prc_2.py,n_prc,47,n_prc,2,2,5,5,0.5,0.5,0.7,0.6,1.0,0.5,48.299999,40,13,46.000002,68.999999,22.000001,1,1,1047,0,greedy_sps_baseline,solved,1,8.767553,48.016741,0.182594,0.00115,,,0.00115,0.001249,3,0,0
n_prc\set47\n_prc_4.py,n_prc,47,n_prc,4,4,6,5,0.5,0.5,0.7,0.6,2.0,1.0,96.600002,40,15,92.000002,138.000003,44.000001,1,1,1047,0,ilp_v2,optimal,1,110.967151,96.581695,1.148946,0.025953,0.0,,0.025953,0.026863,3,0,0
n_prc\set47\n_prc_4.py,n_prc,47,n_prc,4,4,6,5,0.5,0.5,0.7,0.6,2.0,1.0,96.600002,40,15,92.000002,138.000003,44.000001,1,1,1047,0,ilp_v3,optimal,1,119.157126,96.373569,1.236409,0.048498,0.0,,0.048498,0.052184,3,0,0
n_prc\set47\n_prc_4.py,n_prc,47,n_prc,4,4,6,5,0.5,0.5,0.7,0.6,2.0,1.0,96.600002,40,15,92.000002,138.000003,44.000001,1,1,1047,0,ilp_v4,error,0,,,,0.049216,,"AssertionError('phase_swap_local_search: the DBF pre-check (min_slack_for_job) and the full check (check_all_timing) disagreed, which should be impossible — see ISSUES.md -> SWAP-BREAK for why. 6 occu",0.049216,0.059811,3,0,0
n_prc\set47\n_prc_4.py,n_prc,47,n_prc,4,4,6,5,0.5,0.5,0.7,0.6,2.0,1.0,96.600002,40,15,92.000002,138.000003,44.000001,1,1,1047,0,greedy_sps_baseline,solved,1,17.727366,96.470558,0.183759,0.001758,,,0.001758,0.003202,3,0,0
n_prc\set48\n_prc_2.py,n_prc,48,n_prc,2,2,5,5,0.5,0.5,0.7,0.6,1.0,0.5,48.300002,40,13,45.999997,69.000002,21.399998,1,1,1048,0,ilp_v2,optimal,1,61.401314,48.182083,1.27436,0.048821,0.0,,0.048821,0.050683,3,0,0
n_prc\set48\n_prc_2.py,n_prc,48,n_prc,2,2,5,5,0.5,0.5,0.7,0.6,1.0,0.5,48.300002,40,13,45.999997,69.000002,21.399998,1,1,1048,0,ilp_v3,optimal,1,61.401314,48.182083,1.27436,0.052789,0.0,,0.052789,0.062501,3,0,0
n_prc\set48\n_prc_2.py,n_prc,48,n_prc,2,2,5,5,0.5,0.5,0.7,0.6,1.0,0.5,48.300002,40,13,45.999997,69.000002,21.399998,1,1,1048,0,ilp_v4,optimal,1,59.648276,48.260891,1.235955,0.108798,0.0,,0.108798,0.134594,3,0,0
n_prc\set48\n_prc_2.py,n_prc,48,n_prc,2,2,5,5,0.5,0.5,0.7,0.6,1.0,0.5,48.300002,40,13,45.999997,69.000002,21.399998,1,1,1048,0,greedy_sps_baseline,solved,1,8.49328,48.222464,0.176127,0.00198,,,0.00198,0.002766,3,0,0
n_prc\set48\n_prc_4.py,n_prc,48,n_prc,4,4,6,5,0.5,0.5,0.7,0.6,2.0,1.0,96.599995,40,15,91.999998,137.999993,42.799999,1,1,1048,0,ilp_v2,optimal,1,70.686678,96.585268,0.731858,0.035641,0.0,,0.035641,0.038184,3,0,0
n_prc\set48\n_prc_4.py,n_prc,48,n_prc,4,4,6,5,0.5,0.5,0.7,0.6,2.0,1.0,96.599995,40,15,91.999998,137.999993,42.799999,1,1,1048,0,ilp_v3,optimal,1,76.269487,96.595307,0.789578,0.015457,0.0,,0.015457,0.016383,3,0,0
n_prc\set48\n_prc_4.py,n_prc,48,n_prc,4,4,6,5,0.5,0.5,0.7,0.6,2.0,1.0,96.599995,40,15,91.999998,137.999993,42.799999,1,1,1048,0,ilp_v4,optimal,1,73.510758,96.462746,0.762064,0.099448,0.0,,0.099448,0.131135,3,0,0
n_prc\set48\n_prc_4.py,n_prc,48,n_prc,4,4,6,5,0.5,0.5,0.7,0.6,2.0,1.0,96.599995,40,15,91.999998,137.999993,42.799999,1,1,1048,0,greedy_sps_baseline,solved,1,16.313955,96.564549,0.168944,0.002063,,,0.002063,0.002406,3,0,0
n_prc\set49\n_prc_2.py,n_prc,49,n_prc,2,2,5,5,0.5,0.5,0.7,0.6,1.0,0.5,48.299996,40,11,45.999998,68.999994,23.599999,1,1,1049,0,ilp_v2,optimal,1,81.046541,48.27632,1.678805,0.064695,0.0,,0.064695,0.070673,3,0,0
n_prc\set49\n_prc_2.py,n_prc,49,n_prc,2,2,5,5,0.5,0.5,0.7,0.6,1.0,0.5,48.299996,40,11,45.999998,68.999994,23.599999,1,1,1049,0,ilp_v3,optimal,1,67.098296,48.079352,1.395574,0.015089,0.0,,0.015089,0.015274,3,0,0
n_prc\set49\n_prc_2.py,n_prc,49,n_prc,2,2,5,5,0.5,0.5,0.7,0.6,1.0,0.5,48.299996,40,11,45.999998,68.999994,23.599999,1,1,1049,0,ilp_v4,optimal,1,81.046541,48.27632,1.678805,0.090615,0.0,,0.090615,0.099234,3,0,0
n_prc\set49\n_prc_2.py,n_prc,49,n_prc,2,2,5,5,0.5,0.5,0.7,0.6,1.0,0.5,48.299996,40,11,45.999998,68.999994,23.599999,1,1,1049,0,greedy_sps_baseline,solved,1,9.363819,48.259472,0.194031,0.001279,,,0.001279,0.001416,3,0,0
n_prc\set49\n_prc_4.py,n_prc,49,n_prc,4,4,6,5,0.5,0.5,0.7,0.6,2.0,1.0,96.600003,40,12,92.0,138.000005,47.2,1,1,1049,0,ilp_v2,optimal,1,54.981777,95.266237,0.577138,0.01945,0.0,,0.01945,0.022783,3,0,0
n_prc\set49\n_prc_4.py,n_prc,49,n_prc,4,4,6,5,0.5,0.5,0.7,0.6,2.0,1.0,96.600003,40,12,92.0,138.000005,47.2,1,1,1049,0,ilp_v3,optimal,1,64.759947,96.432166,0.67156,0.010411,0.0,,0.010411,0.011396,3,0,0
n_prc\set49\n_prc_4.py,n_prc,49,n_prc,4,4,6,5,0.5,0.5,0.7,0.6,2.0,1.0,96.600003,40,12,92.0,138.000005,47.2,1,1,1049,0,ilp_v4,error,0,,,,0.043439,,"AssertionError('phase_swap_local_search: the DBF pre-check (min_slack_for_job) and the full check (check_all_timing) disagreed, which should be impossible — see ISSUES.md -> SWAP-BREAK for why. 1 occu",0.043439,0.050379,3,0,0
n_prc\set49\n_prc_4.py,n_prc,49,n_prc,4,4,6,5,0.5,0.5,0.7,0.6,2.0,1.0,96.600003,40,12,92.0,138.000005,47.2,1,1,1049,0,greedy_sps_baseline,solved,1,14.882019,96.498205,0.154221,0.000713,,,0.000713,0.00103,3,0,0
n_prc\set50\n_prc_2.py,n_prc,50,n_prc,2,2,5,5,0.5,0.5,0.7,0.6,1.0,0.5,48.300002,40,15,46.000003,69.000002,23.009093,1,1,1050,0,ilp_v2,optimal,1,54.412184,48.156063,1.129913,0.094536,0.0,,0.094536,0.101839,3,0,0
n_prc\set50\n_prc_2.py,n_prc,50,n_prc,2,2,5,5,0.5,0.5,0.7,0.6,1.0,0.5,48.300002,40,15,46.000003,69.000002,23.009093,1,1,1050,0,ilp_v3,optimal,1,55.142451,48.287717,1.141956,0.13606,0.0,,0.13606,0.147197,3,0,0
n_prc\set50\n_prc_2.py,n_prc,50,n_prc,2,2,5,5,0.5,0.5,0.7,0.6,1.0,0.5,48.300002,40,15,46.000003,69.000002,23.009093,1,1,1050,0,ilp_v4,optimal,1,57.537279,47.93695,1.20027,0.173892,0.0,,0.173892,0.211622,3,0,0
n_prc\set50\n_prc_2.py,n_prc,50,n_prc,2,2,5,5,0.5,0.5,0.7,0.6,1.0,0.5,48.300002,40,15,46.000003,69.000002,23.009093,1,1,1050,0,greedy_sps_baseline,solved,1,8.37532,48.231578,0.173648,0.00177,,,0.00177,0.002664,3,0,0
n_prc\set50\n_prc_4.py,n_prc,50,n_prc,4,4,6,5,0.5,0.5,0.7,0.6,2.0,1.0,96.599999,40,17,92.0,137.999999,46.018182,1,1,1050,0,ilp_v2,optimal,1,131.459702,96.57131,1.361271,0.042111,0.0,,0.042111,0.044551,3,0,0
n_prc\set50\n_prc_4.py,n_prc,50,n_prc,4,4,6,5,0.5,0.5,0.7,0.6,2.0,1.0,96.599999,40,17,92.0,137.999999,46.018182,1,1,1050,0,ilp_v3,optimal,1,110.114888,96.579374,1.140149,0.050733,9.1e-05,,0.050733,0.057251,3,0,0
n_prc\set50\n_prc_4.py,n_prc,50,n_prc,4,4,6,5,0.5,0.5,0.7,0.6,2.0,1.0,96.599999,40,17,92.0,137.999999,46.018182,1,1,1050,0,ilp_v4,optimal,1,133.07781,96.541366,1.378454,0.19607,0.0,,0.19607,0.21805,3,0,0
n_prc\set50\n_prc_4.py,n_prc,50,n_prc,4,4,6,5,0.5,0.5,0.7,0.6,2.0,1.0,96.599999,40,17,92.0,137.999999,46.018182,1,1,1050,0,greedy_sps_baseline,solved,1,17.966892,96.444476,0.186293,0.004689,,,0.004689,0.004715,3,0,0
n_prc\set51\n_prc_2.py,n_prc,51,n_prc,2,2,5,5,0.5,0.5,0.7,0.6,1.0,0.5,48.300002,40,11,45.999998,69.000002,21.999999,1,1,1051,0,ilp_v2,optimal,1,50.981086,48.123795,1.059374,0.016462,0.0,,0.016462,0.022814,3,0,0
n_prc\set51\n_prc_2.py,n_prc,51,n_prc,2,2,5,5,0.5,0.5,0.7,0.6,1.0,0.5,48.300002,40,11,45.999998,69.000002,21.999999,1,1,1051,0,ilp_v3,optimal,1,50.741459,48.193297,1.052874,0.084092,0.0,,0.084092,0.096168,3,0,0
n_prc\set51\n_prc_2.py,n_prc,51,n_prc,2,2,5,5,0.5,0.5,0.7,0.6,1.0,0.5,48.300002,40,11,45.999998,69.000002,21.999999,1,1,1051,0,ilp_v4,optimal,1,50.739309,47.889116,1.059517,0.096228,0.0,,0.096228,0.103523,3,0,0
n_prc\set51\n_prc_2.py,n_prc,51,n_prc,2,2,5,5,0.5,0.5,0.7,0.6,1.0,0.5,48.300002,40,11,45.999998,69.000002,21.999999,1,1,1051,0,greedy_sps_baseline,solved,1,6.253919,48.263866,0.129578,0.001163,,,0.001163,0.001308,3,0,0
n_prc\set51\n_prc_4.py,n_prc,51,n_prc,4,4,6,5,0.5,0.5,0.7,0.6,2.0,1.0,96.599998,40,15,92.0,137.999997,44.0,1,1,1051,0,ilp_v2,optimal,1,92.015077,96.018515,0.958306,0.033751,8.3e-05,,0.033751,0.036029,3,0,0
n_prc\set51\n_prc_4.py,n_prc,51,n_prc,4,4,6,5,0.5,0.5,0.7,0.6,2.0,1.0,96.599998,40,15,92.0,137.999997,44.0,1,1,1051,0,ilp_v3,optimal,1,88.331663,96.501885,0.915336,0.051256,2.2e-05,,0.051256,0.054352,3,0,0
n_prc\set51\n_prc_4.py,n_prc,51,n_prc,4,4,6,5,0.5,0.5,0.7,0.6,2.0,1.0,96.599998,40,15,92.0,137.999997,44.0,1,1,1051,0,ilp_v4,error,0,,,,0.019585,,"AssertionError('phase_swap_local_search: the DBF pre-check (min_slack_for_job) and the full check (check_all_timing) disagreed, which should be impossible — see ISSUES.md -> SWAP-BREAK for why. 1 occu",0.019585,0.020008,3,0,0
n_prc\set51\n_prc_4.py,n_prc,51,n_prc,4,4,6,5,0.5,0.5,0.7,0.6,2.0,1.0,96.599998,40,15,92.0,137.999997,44.0,1,1,1051,0,greedy_sps_baseline,solved,1,14.367083,96.153276,0.149419,0.001738,,,0.001738,0.002399,3,0,0
n_prc\set52\n_prc_2.py,n_prc,52,n_prc,2,2,5,5,0.5,0.5,0.7,0.6,1.0,0.5,48.299999,40,11,45.999997,68.999999,21.399998,1,1,1052,0,ilp_v2,optimal,1,43.163716,48.214774,0.895238,0.075455,0.0,,0.075455,0.081749,3,0,0
n_prc\set52\n_prc_2.py,n_prc,52,n_prc,2,2,5,5,0.5,0.5,0.7,0.6,1.0,0.5,48.299999,40,11,45.999997,68.999999,21.399998,1,1,1052,0,ilp_v3,optimal,1,43.163716,48.214774,0.895238,0.076923,0.0,,0.076923,0.083017,3,0,0
n_prc\set52\n_prc_2.py,n_prc,52,n_prc,2,2,5,5,0.5,0.5,0.7,0.6,1.0,0.5,48.299999,40,11,45.999997,68.999999,21.399998,1,1,1052,0,ilp_v4,optimal,1,45.499293,47.335086,0.961217,0.045207,0.0,,0.045207,0.059656,3,0,0
n_prc\set52\n_prc_2.py,n_prc,52,n_prc,2,2,5,5,0.5,0.5,0.7,0.6,1.0,0.5,48.299999,40,11,45.999997,68.999999,21.399998,1,1,1052,0,greedy_sps_baseline,solved,1,8.24873,48.263694,0.17091,0.001124,,,0.001124,0.001622,3,0,0
n_prc\set52\n_prc_4.py,n_prc,52,n_prc,4,4,6,5,0.5,0.5,0.7,0.6,2.0,1.0,96.600004,40,15,91.999999,138.000006,42.799999,1,1,1052,0,ilp_v2,optimal,1,57.407237,96.301787,0.596118,0.050353,0.0,,0.050353,0.054327,3,0,0
n_prc\set52\n_prc_4.py,n_prc,52,n_prc,4,4,6,5,0.5,0.5,0.7,0.6,2.0,1.0,96.600004,40,15,91.999999,138.000006,42.799999,1,1,1052,0,ilp_v3,optimal,1,63.663858,96.465275,0.659967,0.017049,0.0,,0.017049,0.017312,3,0,0
n_prc\set52\n_prc_4.py,n_prc,52,n_prc,4,4,6,5,0.5,0.5,0.7,0.6,2.0,1.0,96.600004,40,15,91.999999,138.000006,42.799999,1,1,1052,0,ilp_v4,optimal,1,87.323437,96.05589,0.90909,0.180686,0.0,,0.180686,0.206271,3,0,0
n_prc\set52\n_prc_4.py,n_prc,52,n_prc,4,4,6,5,0.5,0.5,0.7,0.6,2.0,1.0,96.600004,40,15,91.999999,138.000006,42.799999,1,1,1052,0,greedy_sps_baseline,solved,1,15.213989,96.520362,0.157625,0.001631,,,0.001631,0.002191,3,0,0
n_prc\set53\n_prc_2.py,n_prc,53,n_prc,2,2,5,5,0.5,0.5,0.7,0.6,1.0,0.5,48.299998,40,9,45.999998,68.999998,23.00909,1,1,1053,0,ilp_v2,optimal,1,64.005196,48.223598,1.327259,0.022454,0.0,,0.022454,0.023544,3,0,0
n_prc\set53\n_prc_2.py,n_prc,53,n_prc,2,2,5,5,0.5,0.5,0.7,0.6,1.0,0.5,48.299998,40,9,45.999998,68.999998,23.00909,1,1,1053,0,ilp_v3,optimal,1,66.7765,47.859658,1.395257,0.018876,0.0,,0.018876,0.020674,3,0,0
n_prc\set53\n_prc_2.py,n_prc,53,n_prc,2,2,5,5,0.5,0.5,0.7,0.6,1.0,0.5,48.299998,40,9,45.999998,68.999998,23.00909,1,1,1053,0,ilp_v4,optimal,1,66.7765,48.1416,1.387085,0.043411,0.0,,0.043411,0.054474,3,0,0
n_prc\set53\n_prc_2.py,n_prc,53,n_prc,2,2,5,5,0.5,0.5,0.7,0.6,1.0,0.5,48.299998,40,9,45.999998,68.999998,23.00909,1,1,1053,0,greedy_sps_baseline,solved,1,8.897999,48.287175,0.184273,0.00129,,,0.00129,0.001792,3,0,0
n_prc\set53\n_prc_4.py,n_prc,53,n_prc,4,4,6,5,0.5,0.5,0.7,0.6,2.0,1.0,96.600001,40,13,91.999999,138.000001,46.018181,1,1,1053,0,ilp_v2,optimal,1,108.224062,96.320499,1.123583,0.029388,0.0,,0.029388,0.031427,3,0,0
n_prc\set53\n_prc_4.py,n_prc,53,n_prc,4,4,6,5,0.5,0.5,0.7,0.6,2.0,1.0,96.600001,40,13,91.999999,138.000001,46.018181,1,1,1053,0,ilp_v3,optimal,1,91.040056,96.521182,0.943213,0.111314,0.0,,0.111314,0.114641,3,0,0
n_prc\set53\n_prc_4.py,n_prc,53,n_prc,4,4,6,5,0.5,0.5,0.7,0.6,2.0,1.0,96.600001,40,13,91.999999,138.000001,46.018181,1,1,1053,0,ilp_v4,error,0,,,,0.064193,,"AssertionError('phase_swap_local_search: the DBF pre-check (min_slack_for_job) and the full check (check_all_timing) disagreed, which should be impossible — see ISSUES.md -> SWAP-BREAK for why. 4 occu",0.064193,0.072838,3,0,0
n_prc\set53\n_prc_4.py,n_prc,53,n_prc,4,4,6,5,0.5,0.5,0.7,0.6,2.0,1.0,96.600001,40,13,91.999999,138.000001,46.018181,1,1,1053,0,greedy_sps_baseline,solved,1,15.427655,96.203742,0.160364,0.001957,,,0.001957,0.002251,3,0,0
n_prc\set54\n_prc_2.py,n_prc,54,n_prc,2,2,5,5,0.5,0.5,0.7,0.6,1.0,0.5,48.300001,40,13,45.999999,69.000001,22.042857,1,1,1054,0,ilp_v2,optimal,1,45.472669,48.262026,0.942204,0.031141,0.0,,0.031141,0.035079,3,0,0
n_prc\set54\n_prc_2.py,n_prc,54,n_prc,2,2,5,5,0.5,0.5,0.7,0.6,1.0,0.5,48.300001,40,13,45.999999,69.000001,22.042857,1,1,1054,0,ilp_v3,optimal,1,64.925666,48.292099,1.344437,0.024332,0.0,,0.024332,0.027043,3,0,0
n_prc\set54\n_prc_2.py,n_prc,54,n_prc,2,2,5,5,0.5,0.5,0.7,0.6,1.0,0.5,48.300001,40,13,45.999999,69.000001,22.042857,1,1,1054,0,ilp_v4,optimal,1,67.31343,47.808605,1.407977,0.078594,0.0,,0.078594,0.086159,3,0,0
n_prc\set54\n_prc_2.py,n_prc,54,n_prc,2,2,5,5,0.5,0.5,0.7,0.6,1.0,0.5,48.300001,40,13,45.999999,69.000001,22.042857,1,1,1054,0,greedy_sps_baseline,solved,1,9.471149,48.28077,0.196168,0.001612,,,0.001612,0.003284,3,0,0
n_prc\set54\n_prc_4.py,n_prc,54,n_prc,4,4,6,5,0.5,0.5,0.7,0.6,2.0,1.0,96.599998,40,15,91.999998,137.999997,44.085713,1,1,1054,0,ilp_v2,optimal,1,98.803957,96.479387,1.024094,0.017526,0.0,,0.017526,0.022587,3,0,0
n_prc\set54\n_prc_4.py,n_prc,54,n_prc,4,4,6,5,0.5,0.5,0.7,0.6,2.0,1.0,96.599998,40,15,91.999998,137.999997,44.085713,1,1,1054,0,ilp_v3,optimal,1,80.478185,95.636932,0.841497,0.019813,0.0,,0.019813,0.022915,3,0,0
n_prc\set54\n_prc_4.py,n_prc,54,n_prc,4,4,6,5,0.5,0.5,0.7,0.6,2.0,1.0,96.599998,40,15,91.999998,137.999997,44.085713,1,1,1054,0,ilp_v4,error,0,,,,0.064295,,"AssertionError('phase_swap_local_search: the DBF pre-check (min_slack_for_job) and the full check (check_all_timing) disagreed, which should be impossible — see ISSUES.md -> SWAP-BREAK for why. 2 occu",0.064295,0.078667,3,0,0
n_prc\set54\n_prc_4.py,n_prc,54,n_prc,4,4,6,5,0.5,0.5,0.7,0.6,2.0,1.0,96.599998,40,15,91.999998,137.999997,44.085713,1,1,1054,0,greedy_sps_baseline,solved,1,12.145805,96.263259,0.126173,0.000926,,,0.000926,0.001091,3,0,0
n_prc\set55\n_prc_2.py,n_prc,55,n_prc,2,2,5,5,0.5,0.5,0.7,0.6,1.0,0.5,48.300002,40,11,45.999999,69.000003,22.042857,1,1,1055,0,ilp_v2,optimal,1,77.096587,48.237891,1.598258,0.031866,0.0,,0.031866,0.032404,3,0,0
n_prc\set55\n_prc_2.py,n_prc,55,n_prc,2,2,5,5,0.5,0.5,0.7,0.6,1.0,0.5,48.300002,40,11,45.999999,69.000003,22.042857,1,1,1055,0,ilp_v3,optimal,1,73.397025,48.291754,1.519867,0.050013,0.0,,0.050013,0.05033,3,0,0
n_prc\set55\n_prc_2.py,n_prc,55,n_prc,2,2,5,5,0.5,0.5,0.7,0.6,1.0,0.5,48.300002,40,11,45.999999,69.000003,22.042857,1,1,1055,0,ilp_v4,optimal,1,80.048325,47.483327,1.68582,0.042559,0.0,,0.042559,0.082013,3,0,0
n_prc\set55\n_prc_2.py,n_prc,55,n_prc,2,2,5,5,0.5,0.5,0.7,0.6,1.0,0.5,48.300002,40,11,45.999999,69.000003,22.042857,1,1,1055,0,greedy_sps_baseline,solved,1,9.59449,48.283598,0.198711,0.000596,,,0.000596,0.000728,3,0,0
n_prc\set55\n_prc_4.py,n_prc,55,n_prc,4,4,6,5,0.5,0.5,0.7,0.6,2.0,1.0,96.599999,40,12,91.999999,137.999999,44.085714,1,1,1055,0,ilp_v2,optimal,1,86.795371,96.173306,0.902489,0.010976,0.0,,0.010976,0.014485,3,0,0
n_prc\set55\n_prc_4.py,n_prc,55,n_prc,4,4,6,5,0.5,0.5,0.7,0.6,2.0,1.0,96.599999,40,12,91.999999,137.999999,44.085714,1,1,1055,0,ilp_v3,optimal,1,79.085485,93.951086,0.841773,0.007981,0.0,,0.007981,0.013655,3,0,0
n_prc\set55\n_prc_4.py,n_prc,55,n_prc,4,4,6,5,0.5,0.5,0.7,0.6,2.0,1.0,96.599999,40,12,91.999999,137.999999,44.085714,1,1,1055,0,ilp_v4,optimal,1,97.785803,96.181489,1.01668,0.047308,0.0,,0.047308,0.057407,3,0,0
n_prc\set55\n_prc_4.py,n_prc,55,n_prc,4,4,6,5,0.5,0.5,0.7,0.6,2.0,1.0,96.599999,40,12,91.999999,137.999999,44.085714,1,1,1055,0,greedy_sps_baseline,solved,1,19.209204,96.449687,0.199163,0.001676,,,0.001676,0.001817,3,0,0
n_prc\set56\n_prc_2.py,n_prc,56,n_prc,2,2,5,5,0.5,0.5,0.7,0.6,1.0,0.5,48.300001,40,10,45.999999,69.000001,21.399999,1,1,1056,0,ilp_v2,optimal,1,27.887173,48.11774,0.579561,0.019967,0.0,,0.019967,0.029045,3,0,0
n_prc\set56\n_prc_2.py,n_prc,56,n_prc,2,2,5,5,0.5,0.5,0.7,0.6,1.0,0.5,48.300001,40,10,45.999999,69.000001,21.399999,1,1,1056,0,ilp_v3,optimal,1,27.887173,48.11774,0.579561,0.021534,0.0,,0.021534,0.02882,3,0,0
n_prc\set56\n_prc_2.py,n_prc,56,n_prc,2,2,5,5,0.5,0.5,0.7,0.6,1.0,0.5,48.300001,40,10,45.999999,69.000001,21.399999,1,1,1056,0,ilp_v4,optimal,1,27.887173,48.11774,0.579561,0.052392,0.0,,0.052392,0.058409,3,0,0
n_prc\set56\n_prc_2.py,n_prc,56,n_prc,2,2,5,5,0.5,0.5,0.7,0.6,1.0,0.5,48.300001,40,10,45.999999,69.000001,21.399999,1,1,1056,0,greedy_sps_baseline,solved,1,4.360933,48.224274,0.09043,0.001462,,,0.001462,0.001623,3,0,0
n_prc\set56\n_prc_4.py,n_prc,56,n_prc,4,4,6,5,0.5,0.5,0.7,0.6,2.0,1.0,96.599998,40,14,92.000002,137.999998,42.800001,1,1,1056,0,ilp_v2,optimal,1,40.327991,96.450477,0.418121,0.070912,0.0,,0.070912,0.077178,3,0,0
n_prc\set56\n_prc_4.py,n_prc,56,n_prc,4,4,6,5,0.5,0.5,0.7,0.6,2.0,1.0,96.599998,40,14,92.000002,137.999998,42.800001,1,1,1056,0,ilp_v3,optimal,1,51.225672,96.546563,0.53058,0.019489,0.0,,0.019489,0.021949,3,0,0
n_prc\set56\n_prc_4.py,n_prc,56,n_prc,4,4,6,5,0.5,0.5,0.7,0.6,2.0,1.0,96.599998,40,14,92.000002,137.999998,42.800001,1,1,1056,0,ilp_v4,error,0,,,,0.076258,,"AssertionError('phase_swap_local_search: the DBF pre-check (min_slack_for_job) and the full check (check_all_timing) disagreed, which should be impossible — see ISSUES.md -> SWAP-BREAK for why. 10 occ",0.076258,0.08673,3,0,0
n_prc\set56\n_prc_4.py,n_prc,56,n_prc,4,4,6,5,0.5,0.5,0.7,0.6,2.0,1.0,96.599998,40,14,92.000002,137.999998,42.800001,1,1,1056,0,greedy_sps_baseline,solved,1,7.83533,96.196654,0.081451,0.001544,,,0.001544,0.001904,3,0,0
n_prc\set57\n_prc_2.py,n_prc,57,n_prc,2,2,5,5,0.5,0.5,0.7,0.6,1.0,0.5,48.299999,40,15,46.0,68.999999,21.4,1,1,1057,0,ilp_v2,optimal,1,66.522,48.218527,1.379594,0.038682,0.0,,0.038682,0.044445,3,0,0
n_prc\set57\n_prc_2.py,n_prc,57,n_prc,2,2,5,5,0.5,0.5,0.7,0.6,1.0,0.5,48.299999,40,15,46.0,68.999999,21.4,1,1,1057,0,ilp_v3,optimal,1,64.345099,48.21542,1.334534,0.028595,0.0,,0.028595,0.029865,3,0,0
n_prc\set57\n_prc_2.py,n_prc,57,n_prc,2,2,5,5,0.5,0.5,0.7,0.6,1.0,0.5,48.299999,40,15,46.0,68.999999,21.4,1,1,1057,0,ilp_v4,optimal,1,66.522,48.238079,1.379035,0.098245,0.0,,0.098245,0.115885,3,0,0
n_prc\set57\n_prc_2.py,n_prc,57,n_prc,2,2,5,5,0.5,0.5,0.7,0.6,1.0,0.5,48.299999,40,15,46.0,68.999999,21.4,1,1,1057,0,greedy_sps_baseline,solved,1,8.871531,48.115072,0.184382,0.002293,,,0.002293,0.002471,3,0,0
n_prc\set57\n_prc_4.py,n_prc,57,n_prc,4,4,6,5,0.5,0.5,0.7,0.6,2.0,1.0,96.599999,40,16,92.000002,137.999999,42.800001,1,1,1057,0,ilp_v2,optimal,1,108.674744,96.591974,1.125091,0.041895,0.0,,0.041895,0.04605,3,0,0
n_prc\set57\n_prc_4.py,n_prc,57,n_prc,4,4,6,5,0.5,0.5,0.7,0.6,2.0,1.0,96.599999,40,16,92.000002,137.999999,42.800001,1,1,1057,0,ilp_v3,optimal,1,83.325321,96.342186,0.864889,0.064645,0.0,,0.064645,0.088514,3,0,0
n_prc\set57\n_prc_4.py,n_prc,57,n_prc,4,4,6,5,0.5,0.5,0.7,0.6,2.0,1.0,96.599999,40,16,92.000002,137.999999,42.800001,1,1,1057,0,ilp_v4,optimal,1,116.96876,96.299789,1.214632,0.186426,0.0,,0.186426,0.234193,3,0,0
n_prc\set57\n_prc_4.py,n_prc,57,n_prc,4,4,6,5,0.5,0.5,0.7,0.6,2.0,1.0,96.599999,40,16,92.000002,137.999999,42.800001,1,1,1057,0,greedy_sps_baseline,solved,1,13.099182,96.31451,0.136004,0.002042,,,0.002042,0.002225,3,0,0
n_prc\set58\n_prc_2.py,n_prc,58,n_prc,2,2,5,5,0.5,0.5,0.7,0.6,1.0,0.5,48.3,40,15,46.000001,69.0,21.400001,1,1,1058,0,ilp_v2,optimal,1,29.272527,48.260428,0.606553,0.161439,0.0,,0.161439,0.164903,3,0,0
n_prc\set58\n_prc_2.py,n_prc,58,n_prc,2,2,5,5,0.5,0.5,0.7,0.6,1.0,0.5,48.3,40,15,46.000001,69.0,21.400001,1,1,1058,0,ilp_v3,optimal,1,32.551912,48.28531,0.674158,0.243923,0.0,,0.243923,0.25622,3,0,0
n_prc\set58\n_prc_2.py,n_prc,58,n_prc,2,2,5,5,0.5,0.5,0.7,0.6,1.0,0.5,48.3,40,15,46.000001,69.0,21.400001,1,1,1058,0,ilp_v4,optimal,1,32.165697,48.291231,0.666077,1.150923,0.0,,1.150923,1.299279,3,0,0
n_prc\set58\n_prc_2.py,n_prc,58,n_prc,2,2,5,5,0.5,0.5,0.7,0.6,1.0,0.5,48.3,40,15,46.000001,69.0,21.400001,1,1,1058,0,greedy_sps_baseline,solved,1,5.967493,48.268301,0.123632,0.006102,,,0.006102,0.008518,3,0,0
n_prc\set58\n_prc_4.py,n_prc,58,n_prc,4,4,6,5,0.5,0.5,0.7,0.6,2.0,1.0,96.599997,40,19,91.999999,137.999995,42.799999,1,1,1058,0,ilp_v2,optimal,1,81.915042,96.314574,0.850495,0.034493,0.0,,0.034493,0.035759,3,0,0
n_prc\set58\n_prc_4.py,n_prc,58,n_prc,4,4,6,5,0.5,0.5,0.7,0.6,2.0,1.0,96.599997,40,19,91.999999,137.999995,42.799999,1,1,1058,0,ilp_v3,optimal,1,79.055719,96.436108,0.819773,0.035011,0.0,,0.035011,0.040186,3,0,0
n_prc\set58\n_prc_4.py,n_prc,58,n_prc,4,4,6,5,0.5,0.5,0.7,0.6,2.0,1.0,96.599997,40,19,91.999999,137.999995,42.799999,1,1,1058,0,ilp_v4,optimal,1,81.915042,96.314574,0.850495,0.564818,0.0,,0.564818,0.647648,3,0,0
n_prc\set58\n_prc_4.py,n_prc,58,n_prc,4,4,6,5,0.5,0.5,0.7,0.6,2.0,1.0,96.599997,40,19,91.999999,137.999995,42.799999,1,1,1058,0,greedy_sps_baseline,solved,1,18.115175,96.325045,0.188063,0.002368,,,0.002368,0.003696,3,0,0
n_prc\set59\n_prc_2.py,n_prc,59,n_prc,2,2,5,5,0.5,0.5,0.7,0.6,1.0,0.5,48.299995,40,10,45.999999,68.999993,21.433333,1,1,1059,0,ilp_v2,optimal,1,59.708604,48.294348,1.236348,0.011084,0.0,,0.011084,0.019506,3,0,0
n_prc\set59\n_prc_2.py,n_prc,59,n_prc,2,2,5,5,0.5,0.5,0.7,0.6,1.0,0.5,48.299995,40,10,45.999999,68.999993,21.433333,1,1,1059,0,ilp_v3,optimal,1,58.443818,47.462411,1.231371,0.019971,0.0,,0.019971,0.021884,3,0,0
n_prc\set59\n_prc_2.py,n_prc,59,n_prc,2,2,5,5,0.5,0.5,0.7,0.6,1.0,0.5,48.299995,40,10,45.999999,68.999993,21.433333,1,1,1059,0,ilp_v4,optimal,1,65.049411,47.085426,1.381519,0.071105,0.0,,0.071105,0.074161,3,0,0
n_prc\set59\n_prc_2.py,n_prc,59,n_prc,2,2,5,5,0.5,0.5,0.7,0.6,1.0,0.5,48.299995,40,10,45.999999,68.999993,21.433333,1,1,1059,0,greedy_sps_baseline,solved,1,7.264083,48.289814,0.150427,0.001567,,,0.001567,0.001801,3,0,0
n_prc\set59\n_prc_4.py,n_prc,59,n_prc,4,4,6,5,0.5,0.5,0.7,0.6,2.0,1.0,96.599998,40,11,92.0,137.999997,42.866667,1,1,1059,0,ilp_v2,optimal,1,77.627421,96.052317,0.808179,0.010967,0.0,,0.010967,0.014139,3,0,0
n_prc\set59\n_prc_4.py,n_prc,59,n_prc,4,4,6,5,0.5,0.5,0.7,0.6,2.0,1.0,96.599998,40,11,92.0,137.999997,42.866667,1,1,1059,0,ilp_v3,optimal,1,77.712515,96.490872,0.805387,0.020038,0.0,,0.020038,0.033193,3,0,0
n_prc\set59\n_prc_4.py,n_prc,59,n_prc,4,4,6,5,0.5,0.5,0.7,0.6,2.0,1.0,96.599998,40,11,92.0,137.999997,42.866667,1,1,1059,0,ilp_v4,error,0,,,,0.034607,,"AssertionError('phase_swap_local_search: the DBF pre-check (min_slack_for_job) and the full check (check_all_timing) disagreed, which should be impossible — see ISSUES.md -> SWAP-BREAK for why. 3 occu",0.034607,0.036626,3,0,0
n_prc\set59\n_prc_4.py,n_prc,59,n_prc,4,4,6,5,0.5,0.5,0.7,0.6,2.0,1.0,96.599998,40,11,92.0,137.999997,42.866667,1,1,1059,0,greedy_sps_baseline,solved,1,14.644297,96.397342,0.151916,0.001146,,,0.001146,0.001482,3,0,0
n_prc\set60\n_prc_2.py,n_prc,60,n_prc,2,2,5,5,0.5,0.5,0.7,0.6,1.0,0.5,48.299998,40,15,45.999999,68.999998,21.433333,1,1,1060,0,ilp_v2,optimal,1,46.856288,48.291028,0.97029,0.113463,0.0,,0.113463,0.11715,3,0,0
n_prc\set60\n_prc_2.py,n_prc,60,n_prc,2,2,5,5,0.5,0.5,0.7,0.6,1.0,0.5,48.299998,40,15,45.999999,68.999998,21.433333,1,1,1060,0,ilp_v3,optimal,1,45.086735,47.844212,0.942366,0.100799,0.0,,0.100799,0.105287,3,0,0
n_prc\set60\n_prc_2.py,n_prc,60,n_prc,2,2,5,5,0.5,0.5,0.7,0.6,1.0,0.5,48.299998,40,15,45.999999,68.999998,21.433333,1,1,1060,0,ilp_v4,optimal,1,47.991992,48.248475,0.994684,0.189322,0.0,,0.189322,0.202316,3,0,0
n_prc\set60\n_prc_2.py,n_prc,60,n_prc,2,2,5,5,0.5,0.5,0.7,0.6,1.0,0.5,48.299998,40,15,45.999999,68.999998,21.433333,1,1,1060,0,greedy_sps_baseline,solved,1,9.244372,48.255968,0.19157,0.005469,,,0.005469,0.005616,3,0,0
n_prc\set60\n_prc_4.py,n_prc,60,n_prc,4,4,6,5,0.5,0.5,0.7,0.6,2.0,1.0,96.599998,40,16,91.999999,137.999998,42.866666,1,1,1060,0,ilp_v2,optimal,1,88.429916,96.040626,0.920755,0.087127,0.0,,0.087127,0.092452,3,0,0
n_prc\set60\n_prc_4.py,n_prc,60,n_prc,4,4,6,5,0.5,0.5,0.7,0.6,2.0,1.0,96.599998,40,16,91.999999,137.999998,42.866666,1,1,1060,0,ilp_v3,optimal,1,64.243838,95.373228,0.673605,0.028161,9e-06,,0.028161,0.031951,3,0,0
n_prc\set60\n_prc_4.py,n_prc,60,n_prc,4,4,6,5,0.5,0.5,0.7,0.6,2.0,1.0,96.599998,40,16,91.999999,137.999998,42.866666,1,1,1060,0,ilp_v4,error,0,,,,0.072335,,"AssertionError('phase_swap_local_search: the DBF pre-check (min_slack_for_job) and the full check (check_all_timing) disagreed, which should be impossible — see ISSUES.md -> SWAP-BREAK for why. 2 occu",0.072335,0.091042,3,0,0
n_prc\set60\n_prc_4.py,n_prc,60,n_prc,4,4,6,5,0.5,0.5,0.7,0.6,2.0,1.0,96.599998,40,16,91.999999,137.999998,42.866666,1,1,1060,0,greedy_sps_baseline,solved,1,17.984899,96.318057,0.186724,0.001062,,,0.001062,0.003389,3,0,0
n_prc\set61\n_prc_2.py,n_prc,61,n_prc,2,2,5,5,0.5,0.5,0.7,0.6,1.0,0.5,48.299998,40,12,45.999999,68.999997,21.399999,1,1,1061,0,ilp_v2,optimal,1,56.863821,48.197465,1.179809,0.060516,0.0,,0.060516,0.061414,3,0,0
n_prc\set61\n_prc_2.py,n_prc,61,n_prc,2,2,5,5,0.5,0.5,0.7,0.6,1.0,0.5,48.299998,40,12,45.999999,68.999997,21.399999,1,1,1061,0,ilp_v3,optimal,1,53.834865,48.237197,1.116045,0.04891,0.0,,0.04891,0.05258,3,0,0
n_prc\set61\n_prc_2.py,n_prc,61,n_prc,2,2,5,5,0.5,0.5,0.7,0.6,1.0,0.5,48.299998,40,12,45.999999,68.999997,21.399999,1,1,1061,0,ilp_v4,optimal,1,58.449575,48.268396,1.210928,0.288469,0.0,,0.288469,0.304373,3,0,0
n_prc\set61\n_prc_2.py,n_prc,61,n_prc,2,2,5,5,0.5,0.5,0.7,0.6,1.0,0.5,48.299998,40,12,45.999999,68.999997,21.399999,1,1,1061,0,greedy_sps_baseline,solved,1,8.859581,48.259896,0.183581,0.001115,,,0.001115,0.001399,3,0,0
n_prc\set61\n_prc_4.py,n_prc,61,n_prc,4,4,6,5,0.5,0.5,0.7,0.6,2.0,1.0,96.600001,40,16,92.000001,138.000001,42.800001,1,1,1061,0,ilp_v2,optimal,1,85.939955,96.329732,0.892144,0.042286,0.0,,0.042286,0.051493,3,0,0
n_prc\set61\n_prc_4.py,n_prc,61,n_prc,4,4,6,5,0.5,0.5,0.7,0.6,2.0,1.0,96.600001,40,16,92.000001,138.000001,42.800001,1,1,1061,0,ilp_v3,optimal,1,109.035221,96.329599,1.131897,0.034682,0.0,,0.034682,0.042701,3,0,0
n_prc\set61\n_prc_4.py,n_prc,61,n_prc,4,4,6,5,0.5,0.5,0.7,0.6,2.0,1.0,96.600001,40,16,92.000001,138.000001,42.800001,1,1,1061,0,ilp_v4,error,0,,,,0.054158,,"AssertionError('phase_swap_local_search: the DBF pre-check (min_slack_for_job) and the full check (check_all_timing) disagreed, which should be impossible — see ISSUES.md -> SWAP-BREAK for why. 12 occ",0.054158,0.080132,3,0,0
n_prc\set61\n_prc_4.py,n_prc,61,n_prc,4,4,6,5,0.5,0.5,0.7,0.6,2.0,1.0,96.600001,40,16,92.000001,138.000001,42.800001,1,1,1061,0,greedy_sps_baseline,solved,1,13.974632,96.499597,0.144815,0.001932,,,0.001932,0.003335,3,0,0
n_prc\set62\n_prc_2.py,n_prc,62,n_prc,2,2,5,5,0.5,0.5,0.7,0.6,1.0,0.5,48.300004,40,10,46.000003,69.000006,21.433335,1,1,1062,0,ilp_v2,optimal,1,34.960426,47.97511,0.72872,0.0501,0.0,,0.0501,0.054188,3,0,0
n_prc\set62\n_prc_2.py,n_prc,62,n_prc,2,2,5,5,0.5,0.5,0.7,0.6,1.0,0.5,48.300004,40,10,46.000003,69.000006,21.433335,1,1,1062,0,ilp_v3,optimal,1,36.684276,48.17482,0.761482,0.02275,0.0,,0.02275,0.02492,3,0,0
n_prc\set62\n_prc_2.py,n_prc,62,n_prc,2,2,5,5,0.5,0.5,0.7,0.6,1.0,0.5,48.300004,40,10,46.000003,69.000006,21.433335,1,1,1062,0,ilp_v4,optimal,1,39.027513,47.905966,0.814669,0.059382,0.0,,0.059382,0.061706,3,0,0
n_prc\set62\n_prc_2.py,n_prc,62,n_prc,2,2,5,5,0.5,0.5,0.7,0.6,1.0,0.5,48.300004,40,10,46.000003,69.000006,21.433335,1,1,1062,0,greedy_sps_baseline,solved,1,6.86499,48.167591,0.142523,0.001268,,,0.001268,0.001737,3,0,0
n_prc\set62\n_prc_4.py,n_prc,62,n_prc,4,4,6,5,0.5,0.5,0.7,0.6,2.0,1.0,96.600001,40,14,92.000002,138.000001,42.866668,1,1,1062,0,ilp_v2,optimal,1,108.314964,96.083285,1.127303,0.019345,0.0,,0.019345,0.025822,3,0,0
n_prc\set62\n_prc_4.py,n_prc,62,n_prc,4,4,6,5,0.5,0.5,0.7,0.6,2.0,1.0,96.600001,40,14,92.000002,138.000001,42.866668,1,1,1062,0,ilp_v3,optimal,1,109.507361,96.317313,1.136944,0.037697,0.0,,0.037697,0.040125,3,0,0
n_prc\set62\n_prc_4.py,n_prc,62,n_prc,4,4,6,5,0.5,0.5,0.7,0.6,2.0,1.0,96.600001,40,14,92.000002,138.000001,42.866668,1,1,1062,0,ilp_v4,optimal,1,133.456997,96.057124,1.38935,0.113404,0.0,,0.113404,0.125306,3,0,0
n_prc\set62\n_prc_4.py,n_prc,62,n_prc,4,4,6,5,0.5,0.5,0.7,0.6,2.0,1.0,96.600001,40,14,92.000002,138.000001,42.866668,1,1,1062,0,greedy_sps_baseline,solved,1,18.749257,96.590616,0.194111,0.001833,,,0.001833,0.002024,3,0,0
n_prc\set63\n_prc_2.py,n_prc,63,n_prc,2,2,5,5,0.5,0.5,0.7,0.6,1.0,0.5,48.300002,40,10,46.000001,69.000003,21.400001,1,1,1063,0,ilp_v2,optimal,1,44.931224,48.22847,0.931633,0.156569,0.0,,0.156569,0.169751,3,0,0
n_prc\set63\n_prc_2.py,n_prc,63,n_prc,2,2,5,5,0.5,0.5,0.7,0.6,1.0,0.5,48.300002,40,10,46.000001,69.000003,21.400001,1,1,1063,0,ilp_v3,optimal,1,56.613922,48.266999,1.172932,0.037907,0.0,,0.037907,0.041029,3,0,0
n_prc\set63\n_prc_2.py,n_prc,63,n_prc,2,2,5,5,0.5,0.5,0.7,0.6,1.0,0.5,48.300002,40,10,46.000001,69.000003,21.400001,1,1,1063,0,ilp_v4,optimal,1,56.613922,48.092779,1.177181,0.030714,0.0,,0.030714,0.031967,3,0,0
n_prc\set63\n_prc_2.py,n_prc,63,n_prc,2,2,5,5,0.5,0.5,0.7,0.6,1.0,0.5,48.300002,40,10,46.000001,69.000003,21.400001,1,1,1063,0,greedy_sps_baseline,solved,1,5.567139,48.280232,0.115309,0.00096,,,0.00096,0.001094,3,0,0
n_prc\set63\n_prc_4.py,n_prc,63,n_prc,4,4,6,5,0.5,0.5,0.7,0.6,2.0,1.0,96.600002,40,12,92.000001,138.000002,42.800001,1,1,1063,0,ilp_v2,optimal,1,91.30013,96.463333,0.946475,0.010343,0.0,,0.010343,0.013917,3,0,0
n_prc\set63\n_prc_4.py,n_prc,63,n_prc,4,4,6,5,0.5,0.5,0.7,0.6,2.0,1.0,96.600002,40,12,92.000001,138.000002,42.800001,1,1,1063,0,ilp_v3,optimal,1,71.744459,90.829768,0.789878,0.009012,0.0,,0.009012,0.009563,3,0,0
n_prc\set63\n_prc_4.py,n_prc,63,n_prc,4,4,6,5,0.5,0.5,0.7,0.6,2.0,1.0,96.600002,40,12,92.000001,138.000002,42.800001,1,1,1063,0,ilp_v4,error,0,,,,0.03339,,"AssertionError('phase_swap_local_search: the DBF pre-check (min_slack_for_job) and the full check (check_all_timing) disagreed, which should be impossible — see ISSUES.md -> SWAP-BREAK for why. 1 occu",0.03339,0.040848,3,0,0
n_prc\set63\n_prc_4.py,n_prc,63,n_prc,4,4,6,5,0.5,0.5,0.7,0.6,2.0,1.0,96.600002,40,12,92.000001,138.000002,42.800001,1,1,1063,0,greedy_sps_baseline,solved,1,17.996561,96.598944,0.186302,0.001002,,,0.001002,0.002469,3,0,0
n_prc\set64\n_prc_2.py,n_prc,64,n_prc,2,2,5,5,0.5,0.5,0.7,0.6,1.0,0.5,48.299998,40,13,46.0,68.999998,21.433333,1,1,1064,0,ilp_v2,optimal,1,59.787684,48.223244,1.23981,0.026231,0.0,,0.026231,0.031653,3,0,0
n_prc\set64\n_prc_2.py,n_prc,64,n_prc,2,2,5,5,0.5,0.5,0.7,0.6,1.0,0.5,48.299998,40,13,46.0,68.999998,21.433333,1,1,1064,0,ilp_v3,optimal,1,71.50307,47.878149,1.493438,0.024742,9.8e-05,,0.024742,0.025979,3,0,0
n_prc\set64\n_prc_2.py,n_prc,64,n_prc,2,2,5,5,0.5,0.5,0.7,0.6,1.0,0.5,48.299998,40,13,46.0,68.999998,21.433333,1,1,1064,0,ilp_v4,optimal,1,71.50307,47.861091,1.493971,0.116467,0.0,,0.116467,0.122313,3,0,0
n_prc\set64\n_prc_2.py,n_prc,64,n_prc,2,2,5,5,0.5,0.5,0.7,0.6,1.0,0.5,48.299998,40,13,46.0,68.999998,21.433333,1,1,1064,0,greedy_sps_baseline,solved,1,7.996622,47.896148,0.166958,0.001969,,,0.001969,0.002958,3,0,0
n_prc\set64\n_prc_4.py,n_prc,64,n_prc,4,4,6,5,0.5,0.5,0.7,0.6,2.0,1.0,96.600001,40,17,91.999999,138.000001,42.866666,1,1,1064,0,ilp_v2,optimal,1,131.18291,96.594324,1.358081,0.029959,0.0,,0.029959,0.035869,3,0,0
n_prc\set64\n_prc_4.py,n_prc,64,n_prc,4,4,6,5,0.5,0.5,0.7,0.6,2.0,1.0,96.600001,40,17,91.999999,138.000001,42.866666,1,1,1064,0,ilp_v3,optimal,1,57.37985,95.286217,0.602184,0.013839,0.0,,0.013839,0.015327,3,0,0
n_prc\set64\n_prc_4.py,n_prc,64,n_prc,4,4,6,5,0.5,0.5,0.7,0.6,2.0,1.0,96.600001,40,17,91.999999,138.000001,42.866666,1,1,1064,0,ilp_v4,optimal,1,134.984641,95.923977,1.407204,0.262497,0.0,,0.262497,0.331761,3,0,0
n_prc\set64\n_prc_4.py,n_prc,64,n_prc,4,4,6,5,0.5,0.5,0.7,0.6,2.0,1.0,96.600001,40,17,91.999999,138.000001,42.866666,1,1,1064,0,greedy_sps_baseline,solved,1,18.570155,96.59651,0.192245,0.00262,,,0.00262,0.003973,3,0,0
n_prc\set65\n_prc_2.py,n_prc,65,n_prc,2,2,5,5,0.5,0.5,0.7,0.6,1.0,0.5,48.299999,40,13,45.999997,68.999999,21.433332,1,1,1065,0,ilp_v2,optimal,1,55.882342,48.147795,1.160642,0.020129,0.0,,0.020129,0.023033,3,0,0
n_prc\set65\n_prc_2.py,n_prc,65,n_prc,2,2,5,5,0.5,0.5,0.7,0.6,1.0,0.5,48.299999,40,13,45.999997,68.999999,21.433332,1,1,1065,0,ilp_v3,optimal,1,51.577783,48.204584,1.069977,0.059545,7.7e-05,,0.059545,0.063036,3,0,0
n_prc\set65\n_prc_2.py,n_prc,65,n_prc,2,2,5,5,0.5,0.5,0.7,0.6,1.0,0.5,48.299999,40,13,45.999997,68.999999,21.433332,1,1,1065,0,ilp_v4,optimal,1,56.603817,48.261418,1.172859,0.183659,0.0,,0.183659,0.199501,3,0,0
n_prc\set65\n_prc_2.py,n_prc,65,n_prc,2,2,5,5,0.5,0.5,0.7,0.6,1.0,0.5,48.299999,40,13,45.999997,68.999999,21.433332,1,1,1065,0,greedy_sps_baseline,solved,1,7.320546,48.152438,0.152029,0.002059,,,0.002059,0.002273,3,0,0
n_prc\set65\n_prc_4.py,n_prc,65,n_prc,4,4,6,5,0.5,0.5,0.7,0.6,2.0,1.0,96.600001,40,14,92.000001,138.000001,42.866667,1,1,1065,0,ilp_v2,optimal,1,81.977755,96.442648,0.850016,0.010862,0.0,,0.010862,0.013333,3,0,0
n_prc\set65\n_prc_4.py,n_prc,65,n_prc,4,4,6,5,0.5,0.5,0.7,0.6,2.0,1.0,96.600001,40,14,92.000001,138.000001,42.866667,1,1,1065,0,ilp_v3,optimal,1,71.564861,94.092425,0.76058,0.009962,0.0,,0.009962,0.016193,3,0,0
n_prc\set65\n_prc_4.py,n_prc,65,n_prc,4,4,6,5,0.5,0.5,0.7,0.6,2.0,1.0,96.600001,40,14,92.000001,138.000001,42.866667,1,1,1065,0,ilp_v4,error,0,,,,0.031808,,"AssertionError('phase_swap_local_search: the DBF pre-check (min_slack_for_job) and the full check (check_all_timing) disagreed, which should be impossible — see ISSUES.md -> SWAP-BREAK for why. 2 occu",0.031808,0.043898,3,0,0
n_prc\set65\n_prc_4.py,n_prc,65,n_prc,4,4,6,5,0.5,0.5,0.7,0.6,2.0,1.0,96.600001,40,14,92.000001,138.000001,42.866667,1,1,1065,0,greedy_sps_baseline,solved,1,15.135368,96.561976,0.156743,0.000817,,,0.000817,0.000846,3,0,0
n_prc\set66\n_prc_2.py,n_prc,66,n_prc,2,2,5,5,0.5,0.5,0.7,0.6,1.0,0.5,48.299999,40,9,45.999999,68.999999,26.130769,1,1,1066,0,ilp_v2,optimal,1,58.979827,48.114642,1.225819,0.010024,0.0,,0.010024,0.011163,3,0,0
n_prc\set66\n_prc_2.py,n_prc,66,n_prc,2,2,5,5,0.5,0.5,0.7,0.6,1.0,0.5,48.299999,40,9,45.999999,68.999999,26.130769,1,1,1066,0,ilp_v3,optimal,1,63.268883,48.265936,1.310839,0.026706,0.0,,0.026706,0.033132,3,0,0
n_prc\set66\n_prc_2.py,n_prc,66,n_prc,2,2,5,5,0.5,0.5,0.7,0.6,1.0,0.5,48.299999,40,9,45.999999,68.999999,26.130769,1,1,1066,0,ilp_v4,optimal,1,63.268883,48.271496,1.310688,0.05289,0.0,,0.05289,0.054742,3,0,0
n_prc\set66\n_prc_2.py,n_prc,66,n_prc,2,2,5,5,0.5,0.5,0.7,0.6,1.0,0.5,48.299999,40,9,45.999999,68.999999,26.130769,1,1,1066,0,greedy_sps_baseline,solved,1,6.251695,48.219238,0.129651,0.001204,,,0.001204,0.001351,3,0,0
n_prc\set66\n_prc_4.py,n_prc,66,n_prc,4,4,6,5,0.5,0.5,0.7,0.6,2.0,1.0,96.599997,40,10,92.000001,137.999995,52.261539,1,1,1066,0,ilp_v2,optimal,1,49.939962,96.579714,0.517085,0.009535,0.0,,0.009535,0.010396,3,0,0
n_prc\set66\n_prc_4.py,n_prc,66,n_prc,4,4,6,5,0.5,0.5,0.7,0.6,2.0,1.0,96.599997,40,10,92.000001,137.999995,52.261539,1,1,1066,0,ilp_v3,optimal,1,94.806073,95.946907,0.98811,0.017908,0.0,,0.017908,0.023901,3,0,0
n_prc\set66\n_prc_4.py,n_prc,66,n_prc,4,4,6,5,0.5,0.5,0.7,0.6,2.0,1.0,96.599997,40,10,92.000001,137.999995,52.261539,1,1,1066,0,ilp_v4,optimal,1,90.030534,96.268109,0.935206,0.115328,0.0,,0.115328,0.117807,3,0,0
n_prc\set66\n_prc_4.py,n_prc,66,n_prc,4,4,6,5,0.5,0.5,0.7,0.6,2.0,1.0,96.599997,40,10,92.000001,137.999995,52.261539,1,1,1066,0,greedy_sps_baseline,solved,1,12.275646,95.646955,0.128343,0.00131,,,0.00131,0.001447,3,0,0
n_prc\set67\n_prc_2.py,n_prc,67,n_prc,2,2,5,5,0.5,0.5,0.7,0.6,1.0,0.5,48.300002,40,11,45.999998,69.000003,21.399999,1,1,1067,0,ilp_v2,optimal,1,42.262579,48.163309,0.877485,0.01974,0.0,,0.01974,0.023177,3,0,0
n_prc\set67\n_prc_2.py,n_prc,67,n_prc,2,2,5,5,0.5,0.5,0.7,0.6,1.0,0.5,48.300002,40,11,45.999998,69.000003,21.399999,1,1,1067,0,ilp_v3,optimal,1,43.339216,47.438688,0.913584,0.011946,0.0,,0.011946,0.012214,3,0,0
n_prc\set67\n_prc_2.py,n_prc,67,n_prc,2,2,5,5,0.5,0.5,0.7,0.6,1.0,0.5,48.300002,40,11,45.999998,69.000003,21.399999,1,1,1067,0,ilp_v4,optimal,1,43.339216,47.100153,0.92015,0.030717,0.0,,0.030717,0.035273,3,0,0
n_prc\set67\n_prc_2.py,n_prc,67,n_prc,2,2,5,5,0.5,0.5,0.7,0.6,1.0,0.5,48.300002,40,11,45.999998,69.000003,21.399999,1,1,1067,0,greedy_sps_baseline,solved,1,8.054727,48.265633,0.166883,0.001339,,,0.001339,0.001749,3,0,0
n_prc\set67\n_prc_4.py,n_prc,67,n_prc,4,4,6,5,0.5,0.5,0.7,0.6,2.0,1.0,96.599997,40,12,91.999999,137.999995,42.799999,1,1,1067,0,ilp_v2,optimal,1,91.326233,96.442084,0.946954,0.016867,0.0,,0.016867,0.020414,3,0,0
n_prc\set67\n_prc_4.py,n_prc,67,n_prc,4,4,6,5,0.5,0.5,0.7,0.6,2.0,1.0,96.599997,40,12,91.999999,137.999995,42.799999,1,1,1067,0,ilp_v3,optimal,1,91.259784,95.424735,0.956354,0.009652,0.0,,0.009652,0.011959,3,0,0
n_prc\set67\n_prc_4.py,n_prc,67,n_prc,4,4,6,5,0.5,0.5,0.7,0.6,2.0,1.0,96.599997,40,12,91.999999,137.999995,42.799999,1,1,1067,0,ilp_v4,error,0,,,,0.053925,,"AssertionError('phase_swap_local_search: the DBF pre-check (min_slack_for_job) and the full check (check_all_timing) disagreed, which should be impossible — see ISSUES.md -> SWAP-BREAK for why. 4 occu",0.053925,0.073283,3,0,0
n_prc\set67\n_prc_4.py,n_prc,67,n_prc,4,4,6,5,0.5,0.5,0.7,0.6,2.0,1.0,96.599997,40,12,91.999999,137.999995,42.799999,1,1,1067,0,greedy_sps_baseline,solved,1,14.2865,96.125934,0.148623,0.001625,,,0.001625,0.002581,3,0,0
n_prc\set68\n_prc_2.py,n_prc,68,n_prc,2,2,5,5,0.5,0.5,0.7,0.6,1.0,0.5,48.3,40,10,45.999999,69.0,21.433333,1,1,1068,0,ilp_v2,optimal,1,63.811255,48.213112,1.323525,0.036836,0.0,,0.036836,0.042489,3,0,0
n_prc\set68\n_prc_2.py,n_prc,68,n_prc,2,2,5,5,0.5,0.5,0.7,0.6,1.0,0.5,48.3,40,10,45.999999,69.0,21.433333,1,1,1068,0,ilp_v3,optimal,1,47.804848,48.136186,0.993117,0.053128,0.0,,0.053128,0.059475,3,0,0
n_prc\set68\n_prc_2.py,n_prc,68,n_prc,2,2,5,5,0.5,0.5,0.7,0.6,1.0,0.5,48.3,40,10,45.999999,69.0,21.433333,1,1,1068,0,ilp_v4,optimal,1,63.811255,48.213112,1.323525,0.057106,0.0,,0.057106,0.061366,3,0,0
n_prc\set68\n_prc_2.py,n_prc,68,n_prc,2,2,5,5,0.5,0.5,0.7,0.6,1.0,0.5,48.3,40,10,45.999999,69.0,21.433333,1,1,1068,0,greedy_sps_baseline,solved,1,8.341676,48.127996,0.173323,0.002726,,,0.002726,0.002985,3,0,0
n_prc\set68\n_prc_4.py,n_prc,68,n_prc,4,4,6,5,0.5,0.5,0.7,0.6,2.0,1.0,96.599996,40,11,91.999999,137.999994,42.866666,1,1,1068,0,ilp_v2,optimal,1,67.3657,96.515468,0.697978,0.059691,0.0,,0.059691,0.063693,3,0,0
n_prc\set68\n_prc_4.py,n_prc,68,n_prc,4,4,6,5,0.5,0.5,0.7,0.6,2.0,1.0,96.599996,40,11,91.999999,137.999994,42.866666,1,1,1068,0,ilp_v3,optimal,1,64.485685,96.554136,0.667871,0.01831,0.0,,0.01831,0.020966,3,0,0
n_prc\set68\n_prc_4.py,n_prc,68,n_prc,4,4,6,5,0.5,0.5,0.7,0.6,2.0,1.0,96.599996,40,11,91.999999,137.999994,42.866666,1,1,1068,0,ilp_v4,error,0,,,,0.027747,,"AssertionError('phase_swap_local_search: the DBF pre-check (min_slack_for_job) and the full check (check_all_timing) disagreed, which should be impossible — see ISSUES.md -> SWAP-BREAK for why. 1 occu",0.027747,0.031329,3,0,0
n_prc\set68\n_prc_4.py,n_prc,68,n_prc,4,4,6,5,0.5,0.5,0.7,0.6,2.0,1.0,96.599996,40,11,91.999999,137.999994,42.866666,1,1,1068,0,greedy_sps_baseline,solved,1,16.018376,96.401048,0.166164,0.001267,,,0.001267,0.001355,3,0,0
n_prc\set69\n_prc_2.py,n_prc,69,n_prc,2,2,5,5,0.5,0.5,0.7,0.6,1.0,0.5,48.299998,40,15,46.000001,68.999998,21.400001,1,1,1069,0,ilp_v2,optimal,1,57.456834,48.288393,1.189868,0.026375,0.0,,0.026375,0.029788,3,0,0
n_prc\set69\n_prc_2.py,n_prc,69,n_prc,2,2,5,5,0.5,0.5,0.7,0.6,1.0,0.5,48.299998,40,15,46.000001,68.999998,21.400001,1,1,1069,0,ilp_v3,optimal,1,57.456834,47.868199,1.200313,0.011859,0.0,,0.011859,0.012405,3,0,0
n_prc\set69\n_prc_2.py,n_prc,69,n_prc,2,2,5,5,0.5,0.5,0.7,0.6,1.0,0.5,48.299998,40,15,46.000001,68.999998,21.400001,1,1,1069,0,ilp_v4,optimal,1,58.717486,48.242844,1.217123,0.162579,0.0,,0.162579,0.189143,3,0,0
n_prc\set69\n_prc_2.py,n_prc,69,n_prc,2,2,5,5,0.5,0.5,0.7,0.6,1.0,0.5,48.299998,40,15,46.000001,68.999998,21.400001,1,1,1069,0,greedy_sps_baseline,solved,1,7.687247,48.218602,0.159425,0.002126,,,0.002126,0.002337,3,0,0
n_prc\set69\n_prc_4.py,n_prc,69,n_prc,4,4,6,5,0.5,0.5,0.7,0.6,2.0,1.0,96.599998,40,16,91.999999,137.999997,42.799999,1,1,1069,0,ilp_v2,optimal,1,58.695869,96.542503,0.60798,0.021454,0.0,,0.021454,0.024996,3,0,0
n_prc\set69\n_prc_4.py,n_prc,69,n_prc,4,4,6,5,0.5,0.5,0.7,0.6,2.0,1.0,96.599998,40,16,91.999999,137.999997,42.799999,1,1,1069,0,ilp_v3,optimal,1,71.274165,96.285378,0.740239,0.087178,0.0,,0.087178,0.092892,3,0,0
n_prc\set69\n_prc_4.py,n_prc,69,n_prc,4,4,6,5,0.5,0.5,0.7,0.6,2.0,1.0,96.599998,40,16,91.999999,137.999997,42.799999,1,1,1069,0,ilp_v4,optimal,1,76.903066,96.313835,0.798463,0.181035,0.0,,0.181035,0.208185,3,0,0
n_prc\set69\n_prc_4.py,n_prc,69,n_prc,4,4,6,5,0.5,0.5,0.7,0.6,2.0,1.0,96.599998,40,16,91.999999,137.999997,42.799999,1,1,1069,0,greedy_sps_baseline,solved,1,15.530747,96.137023,0.161548,0.001251,,,0.001251,0.001432,3,0,0
n_prc\set70\n_prc_2.py,n_prc,70,n_prc,2,2,5,5,0.5,0.5,0.7,0.6,1.0,0.5,48.299998,40,15,45.999995,68.999997,22.042855,1,1,1070,0,ilp_v2,optimal,1,48.259198,48.290746,0.999347,0.117698,0.0,,0.117698,0.128108,3,0,0
n_prc\set70\n_prc_2.py,n_prc,70,n_prc,2,2,5,5,0.5,0.5,0.7,0.6,1.0,0.5,48.299998,40,15,45.999995,68.999997,22.042855,1,1,1070,0,ilp_v3,optimal,1,48.767961,48.297992,1.009731,0.053786,0.0,,0.053786,0.056476,3,0,0
n_prc\set70\n_prc_2.py,n_prc,70,n_prc,2,2,5,5,0.5,0.5,0.7,0.6,1.0,0.5,48.299998,40,15,45.999995,68.999997,22.042855,1,1,1070,0,ilp_v4,optimal,1,49.979556,48.268518,1.035448,0.253322,0.0,,0.253322,0.288677,3,0,0
n_prc\set70\n_prc_2.py,n_prc,70,n_prc,2,2,5,5,0.5,0.5,0.7,0.6,1.0,0.5,48.299998,40,15,45.999995,68.999997,22.042855,1,1,1070,0,greedy_sps_baseline,solved,1,6.942378,48.292211,0.143758,0.002001,,,0.002001,0.002237,3,0,0
n_prc\set70\n_prc_4.py,n_prc,70,n_prc,4,4,6,5,0.5,0.5,0.7,0.6,2.0,1.0,96.599994,40,17,91.999998,137.999992,44.085713,1,1,1070,0,ilp_v2,optimal,1,108.202685,96.251324,1.124168,0.056741,0.0,,0.056741,0.061015,3,0,0
n_prc\set70\n_prc_4.py,n_prc,70,n_prc,4,4,6,5,0.5,0.5,0.7,0.6,2.0,1.0,96.599994,40,17,91.999998,137.999992,44.085713,1,1,1070,0,ilp_v3,optimal,1,90.516475,96.282475,0.940114,0.028957,0.0,,0.028957,0.037086,3,0,0
n_prc\set70\n_prc_4.py,n_prc,70,n_prc,4,4,6,5,0.5,0.5,0.7,0.6,2.0,1.0,96.599994,40,17,91.999998,137.999992,44.085713,1,1,1070,0,ilp_v4,error,0,,,,0.028026,,"AssertionError('phase_swap_local_search: the DBF pre-check (min_slack_for_job) and the full check (check_all_timing) disagreed, which should be impossible — see ISSUES.md -> SWAP-BREAK for why. 6 occu",0.028026,0.033921,3,0,0
n_prc\set70\n_prc_4.py,n_prc,70,n_prc,4,4,6,5,0.5,0.5,0.7,0.6,2.0,1.0,96.599994,40,17,91.999998,137.999992,44.085713,1,1,1070,0,greedy_sps_baseline,solved,1,16.256576,96.121375,0.169126,0.003024,,,0.003024,0.003067,3,0,0
n_prc\set71\n_prc_2.py,n_prc,71,n_prc,2,2,5,5,0.5,0.5,0.7,0.6,1.0,0.5,48.300001,40,9,45.999999,69.000001,22.042857,1,1,1071,0,ilp_v2,optimal,1,50.326697,48.280536,1.042381,0.008452,0.0,,0.008452,0.010976,3,0,0
n_prc\set71\n_prc_2.py,n_prc,71,n_prc,2,2,5,5,0.5,0.5,0.7,0.6,1.0,0.5,48.300001,40,9,45.999999,69.000001,22.042857,1,1,1071,0,ilp_v3,optimal,1,45.709584,46.952352,0.973531,0.008404,0.0,,0.008404,0.009105,3,0,0
n_prc\set71\n_prc_2.py,n_prc,71,n_prc,2,2,5,5,0.5,0.5,0.7,0.6,1.0,0.5,48.300001,40,9,45.999999,69.000001,22.042857,1,1,1071,0,ilp_v4,optimal,1,50.326697,48.292318,1.042126,0.033475,0.0,,0.033475,0.052529,3,0,0
n_prc\set71\n_prc_2.py,n_prc,71,n_prc,2,2,5,5,0.5,0.5,0.7,0.6,1.0,0.5,48.300001,40,9,45.999999,69.000001,22.042857,1,1,1071,0,greedy_sps_baseline,solved,1,9.133949,48.185063,0.18956,0.002053,,,0.002053,0.003902,3,0,0
n_prc\set71\n_prc_4.py,n_prc,71,n_prc,4,4,6,5,0.5,0.5,0.7,0.6,2.0,1.0,96.600001,40,13,92.000001,138.000001,44.085715,1,1,1071,0,ilp_v2,optimal,1,50.651559,96.527626,0.524736,0.007757,0.0,,0.007757,0.008782,3,0,0
n_prc\set71\n_prc_4.py,n_prc,71,n_prc,4,4,6,5,0.5,0.5,0.7,0.6,2.0,1.0,96.600001,40,13,92.000001,138.000001,44.085715,1,1,1071,0,ilp_v3,optimal,1,46.189112,94.28632,0.489881,0.010227,0.0,,0.010227,0.014185,3,0,0
n_prc\set71\n_prc_4.py,n_prc,71,n_prc,4,4,6,5,0.5,0.5,0.7,0.6,2.0,1.0,96.600001,40,13,92.000001,138.000001,44.085715,1,1,1071,0,ilp_v4,optimal,1,63.559813,96.430048,0.659129,0.08601,0.0,,0.08601,0.098412,3,0,0
n_prc\set71\n_prc_4.py,n_prc,71,n_prc,4,4,6,5,0.5,0.5,0.7,0.6,2.0,1.0,96.600001,40,13,92.000001,138.000001,44.085715,1,1,1071,0,greedy_sps_baseline,solved,1,16.685815,96.582964,0.172761,0.001974,,,0.001974,0.002059,3,0,0
n_prc\set72\n_prc_2.py,n_prc,72,n_prc,2,2,5,5,0.5,0.5,0.7,0.6,1.0,0.5,48.299994,40,13,46.0,68.999992,23.6,1,1,1072,0,ilp_v2,optimal,1,47.958432,47.908763,1.001037,0.021388,0.0,,0.021388,0.022175,3,0,0
n_prc\set72\n_prc_2.py,n_prc,72,n_prc,2,2,5,5,0.5,0.5,0.7,0.6,1.0,0.5,48.299994,40,13,46.0,68.999992,23.6,1,1,1072,0,ilp_v3,optimal,1,51.443573,48.276526,1.065602,0.02932,2.2e-05,,0.02932,0.035693,3,0,0
n_prc\set72\n_prc_2.py,n_prc,72,n_prc,2,2,5,5,0.5,0.5,0.7,0.6,1.0,0.5,48.299994,40,13,46.0,68.999992,23.6,1,1,1072,0,ilp_v4,optimal,1,50.958967,48.267088,1.05577,0.177998,0.0,,0.177998,0.204387,3,0,0
n_prc\set72\n_prc_2.py,n_prc,72,n_prc,2,2,5,5,0.5,0.5,0.7,0.6,1.0,0.5,48.299994,40,13,46.0,68.999992,23.6,1,1,1072,0,greedy_sps_baseline,solved,1,9.043197,48.109896,0.18797,0.002175,,,0.002175,0.002597,3,0,0
n_prc\set72\n_prc_4.py,n_prc,72,n_prc,4,4,6,5,0.5,0.5,0.7,0.6,2.0,1.0,96.599998,40,17,91.999997,137.999997,47.199998,1,1,1072,0,ilp_v2,optimal,1,62.369045,96.272282,0.64784,0.045274,0.0,,0.045274,0.047182,3,0,0
n_prc\set72\n_prc_4.py,n_prc,72,n_prc,4,4,6,5,0.5,0.5,0.7,0.6,2.0,1.0,96.599998,40,17,91.999997,137.999997,47.199998,1,1,1072,0,ilp_v3,optimal,1,82.538839,96.487003,0.85544,0.025469,0.0,,0.025469,0.027091,3,0,0
n_prc\set72\n_prc_4.py,n_prc,72,n_prc,4,4,6,5,0.5,0.5,0.7,0.6,2.0,1.0,96.599998,40,17,91.999997,137.999997,47.199998,1,1,1072,0,ilp_v4,optimal,1,87.385148,96.09993,0.909315,0.305494,0.0,,0.305494,0.34014,3,0,0
n_prc\set72\n_prc_4.py,n_prc,72,n_prc,4,4,6,5,0.5,0.5,0.7,0.6,2.0,1.0,96.599998,40,17,91.999997,137.999997,47.199998,1,1,1072,0,greedy_sps_baseline,solved,1,14.353742,96.557495,0.148655,0.001446,,,0.001446,0.002758,3,0,0
n_prc\set73\n_prc_2.py,n_prc,73,n_prc,2,2,5,5,0.5,0.5,0.7,0.6,1.0,0.5,48.3,40,9,45.999998,69.0,23.00909,1,1,1073,0,ilp_v2,optimal,1,53.256765,48.26892,1.103334,0.011113,0.0,,0.011113,0.021298,3,0,0
n_prc\set73\n_prc_2.py,n_prc,73,n_prc,2,2,5,5,0.5,0.5,0.7,0.6,1.0,0.5,48.3,40,9,45.999998,69.0,23.00909,1,1,1073,0,ilp_v3,optimal,1,53.256765,48.210544,1.10467,0.005544,0.0,,0.005544,0.007432,3,0,0
n_prc\set73\n_prc_2.py,n_prc,73,n_prc,2,2,5,5,0.5,0.5,0.7,0.6,1.0,0.5,48.3,40,9,45.999998,69.0,23.00909,1,1,1073,0,ilp_v4,optimal,1,53.256765,48.26892,1.103334,0.020657,0.0,,0.020657,0.028143,3,0,0
n_prc\set73\n_prc_2.py,n_prc,73,n_prc,2,2,5,5,0.5,0.5,0.7,0.6,1.0,0.5,48.3,40,9,45.999998,69.0,23.00909,1,1,1073,0,greedy_sps_baseline,solved,1,6.644092,48.034474,0.138319,0.00082,,,0.00082,0.000951,3,0,0
n_prc\set73\n_prc_4.py,n_prc,73,n_prc,4,4,6,5,0.5,0.5,0.7,0.6,2.0,1.0,96.600001,40,13,92.000001,138.000001,46.018182,1,1,1073,0,ilp_v2,optimal,1,78.954286,96.471037,0.818425,0.021684,0.0,,0.021684,0.031936,3,0,0
n_prc\set73\n_prc_4.py,n_prc,73,n_prc,4,4,6,5,0.5,0.5,0.7,0.6,2.0,1.0,96.600001,40,13,92.000001,138.000001,46.018182,1,1,1073,0,ilp_v3,optimal,1,54.605841,96.342873,0.566787,0.029362,0.0,,0.029362,0.032124,3,0,0
n_prc\set73\n_prc_4.py,n_prc,73,n_prc,4,4,6,5,0.5,0.5,0.7,0.6,2.0,1.0,96.600001,40,13,92.000001,138.000001,46.018182,1,1,1073,0,ilp_v4,optimal,1,81.941569,96.392489,0.850083,0.131031,0.0,,0.131031,0.150921,3,0,0
n_prc\set73\n_prc_4.py,n_prc,73,n_prc,4,4,6,5,0.5,0.5,0.7,0.6,2.0,1.0,96.600001,40,13,92.000001,138.000001,46.018182,1,1,1073,0,greedy_sps_baseline,solved,1,11.921523,96.58818,0.123426,0.002393,,,0.002393,0.002491,3,0,0
n_prc\set74\n_prc_2.py,n_prc,74,n_prc,2,2,5,5,0.5,0.5,0.7,0.6,1.0,0.5,48.300002,40,9,45.999999,69.000003,21.399999,1,1,1074,0,ilp_v2,optimal,1,33.064566,48.297877,0.684597,0.020983,0.0,,0.020983,0.026487,3,0,0
n_prc\set74\n_prc_2.py,n_prc,74,n_prc,2,2,5,5,0.5,0.5,0.7,0.6,1.0,0.5,48.300002,40,9,45.999999,69.000003,21.399999,1,1,1074,0,ilp_v3,optimal,1,31.490374,48.119609,0.654419,0.086671,0.0,,0.086671,0.099006,3,0,0
n_prc\set74\n_prc_2.py,n_prc,74,n_prc,2,2,5,5,0.5,0.5,0.7,0.6,1.0,0.5,48.300002,40,9,45.999999,69.000003,21.399999,1,1,1074,0,ilp_v4,optimal,1,33.064566,48.297877,0.684597,0.039063,0.0,,0.039063,0.03984,3,0,0
n_prc\set74\n_prc_2.py,n_prc,74,n_prc,2,2,5,5,0.5,0.5,0.7,0.6,1.0,0.5,48.300002,40,9,45.999999,69.000003,21.399999,1,1,1074,0,greedy_sps_baseline,solved,1,4.198159,48.127094,0.087231,0.001532,,,0.001532,0.001643,3,0,0
n_prc\set74\n_prc_4.py,n_prc,74,n_prc,4,4,6,5,0.5,0.5,0.7,0.6,2.0,1.0,96.6,40,13,92.000002,138.0,42.800001,1,1,1074,0,ilp_v2,optimal,1,73.773439,94.911749,0.777285,0.018439,0.0,,0.018439,0.018589,3,0,0
n_prc\set74\n_prc_4.py,n_prc,74,n_prc,4,4,6,5,0.5,0.5,0.7,0.6,2.0,1.0,96.6,40,13,92.000002,138.0,42.800001,1,1,1074,0,ilp_v3,optimal,1,88.000369,96.599858,0.910978,0.025937,0.0,,0.025937,0.02676,3,0,0
n_prc\set74\n_prc_4.py,n_prc,74,n_prc,4,4,6,5,0.5,0.5,0.7,0.6,2.0,1.0,96.6,40,13,92.000002,138.0,42.800001,1,1,1074,0,ilp_v4,error,0,,,,0.071407,,"AssertionError('phase_swap_local_search: the DBF pre-check (min_slack_for_job) and the full check (check_all_timing) disagreed, which should be impossible — see ISSUES.md -> SWAP-BREAK for why. 1 occu",0.071407,0.074476,3,0,0
n_prc\set74\n_prc_4.py,n_prc,74,n_prc,4,4,6,5,0.5,0.5,0.7,0.6,2.0,1.0,96.6,40,13,92.000002,138.0,42.800001,1,1,1074,0,greedy_sps_baseline,solved,1,16.885998,96.465041,0.175048,0.002372,,,0.002372,0.00381,3,0,0
n_prc\set75\n_prc_2.py,n_prc,75,n_prc,2,2,5,5,0.5,0.5,0.7,0.6,1.0,0.5,48.299996,40,9,46.0,68.999994,21.433333,1,1,1075,0,ilp_v2,optimal,1,50.424441,48.243567,1.045205,0.01766,0.0,,0.01766,0.023252,3,0,0
n_prc\set75\n_prc_2.py,n_prc,75,n_prc,2,2,5,5,0.5,0.5,0.7,0.6,1.0,0.5,48.299996,40,9,46.0,68.999994,21.433333,1,1,1075,0,ilp_v3,optimal,1,45.837582,47.538648,0.964217,0.013418,0.0,,0.013418,0.016234,3,0,0
n_prc\set75\n_prc_2.py,n_prc,75,n_prc,2,2,5,5,0.5,0.5,0.7,0.6,1.0,0.5,48.299996,40,9,46.0,68.999994,21.433333,1,1,1075,0,ilp_v4,optimal,1,50.424441,48.243567,1.045205,0.039041,0.0,,0.039041,0.041654,3,0,0
n_prc\set75\n_prc_2.py,n_prc,75,n_prc,2,2,5,5,0.5,0.5,0.7,0.6,1.0,0.5,48.299996,40,9,46.0,68.999994,21.433333,1,1,1075,0,greedy_sps_baseline,solved,1,6.620494,48.250391,0.137211,0.000922,,,0.000922,0.001072,3,0,0
n_prc\set75\n_prc_4.py,n_prc,75,n_prc,4,4,6,5,0.5,0.5,0.7,0.6,2.0,1.0,96.599997,40,10,92.000001,137.999995,42.866667,1,1,1075,0,ilp_v2,optimal,1,80.865577,96.561842,0.837449,0.111506,0.0,,0.111506,0.113491,3,0,0
n_prc\set75\n_prc_4.py,n_prc,75,n_prc,4,4,6,5,0.5,0.5,0.7,0.6,2.0,1.0,96.599997,40,10,92.000001,137.999995,42.866667,1,1,1075,0,ilp_v3,optimal,1,89.605835,96.43043,0.929228,0.019659,0.0,,0.019659,0.020214,3,0,0
n_prc\set75\n_prc_4.py,n_prc,75,n_prc,4,4,6,5,0.5,0.5,0.7,0.6,2.0,1.0,96.599997,40,10,92.000001,137.999995,42.866667,1,1,1075,0,ilp_v4,optimal,1,110.910995,96.138671,1.153656,0.066959,0.0,,0.066959,0.099151,3,0,0
n_prc\set75\n_prc_4.py,n_prc,75,n_prc,4,4,6,5,0.5,0.5,0.7,0.6,2.0,1.0,96.599997,40,10,92.000001,137.999995,42.866667,1,1,1075,0,greedy_sps_baseline,solved,1,16.347078,96.557189,0.169299,0.000798,,,0.000798,0.000936,3,0,0
n_prc\set76\n_prc_2.py,n_prc,76,n_prc,2,2,5,5,0.5,0.5,0.7,0.6,1.0,0.5,48.299998,40,12,46.0,68.999998,21.4,1,1,1076,0,ilp_v2,optimal,1,42.19558,48.265542,0.874238,0.049889,0.0,,0.049889,0.052955,3,0,0
n_prc\set76\n_prc_2.py,n_prc,76,n_prc,2,2,5,5,0.5,0.5,0.7,0.6,1.0,0.5,48.299998,40,12,46.0,68.999998,21.4,1,1,1076,0,ilp_v3,optimal,1,43.273385,48.287662,0.896158,0.09669,0.0,,0.09669,0.104719,3,0,0
n_prc\set76\n_prc_2.py,n_prc,76,n_prc,2,2,5,5,0.5,0.5,0.7,0.6,1.0,0.5,48.299998,40,12,46.0,68.999998,21.4,1,1,1076,0,ilp_v4,optimal,1,41.879963,48.010159,0.872315,0.147289,0.0,,0.147289,0.183922,3,0,0
n_prc\set76\n_prc_2.py,n_prc,76,n_prc,2,2,5,5,0.5,0.5,0.7,0.6,1.0,0.5,48.299998,40,12,46.0,68.999998,21.4,1,1,1076,0,greedy_sps_baseline,solved,1,6.510468,48.226903,0.134997,0.0014,,,0.0014,0.001578,3,0,0
n_prc\set76\n_prc_4.py,n_prc,76,n_prc,4,4,6,5,0.5,0.5,0.7,0.6,2.0,1.0,96.599998,40,14,92.0,137.999998,42.8,1,1,1076,0,ilp_v2,optimal,1,66.104906,96.545601,0.684701,0.02036,0.0,,0.02036,0.021236,3,0,0
n_prc\set76\n_prc_4.py,n_prc,76,n_prc,4,4,6,5,0.5,0.5,0.7,0.6,2.0,1.0,96.599998,40,14,92.0,137.999998,42.8,1,1,1076,0,ilp_v3,optimal,1,55.727605,96.311614,0.578618,0.022228,0.0,,0.022228,0.022476,3,0,0
n_prc\set76\n_prc_4.py,n_prc,76,n_prc,4,4,6,5,0.5,0.5,0.7,0.6,2.0,1.0,96.599998,40,14,92.0,137.999998,42.8,1,1,1076,0,ilp_v4,optimal,1,86.960239,96.588355,0.900318,0.228574,0.0,,0.228574,0.277116,3,0,0
n_prc\set76\n_prc_4.py,n_prc,76,n_prc,4,4,6,5,0.5,0.5,0.7,0.6,2.0,1.0,96.599998,40,14,92.0,137.999998,42.8,1,1,1076,0,greedy_sps_baseline,solved,1,12.679008,96.556223,0.131312,0.001817,,,0.001817,0.001975,3,0,0
n_prc\set77\n_prc_2.py,n_prc,77,n_prc,2,2,5,5,0.5,0.5,0.7,0.6,1.0,0.5,48.300002,40,13,46.000002,69.000002,21.433334,1,1,1077,0,ilp_v2,optimal,1,92.186962,48.005995,1.920322,0.045433,0.0,,0.045433,0.049414,3,0,0
n_prc\set77\n_prc_2.py,n_prc,77,n_prc,2,2,5,5,0.5,0.5,0.7,0.6,1.0,0.5,48.300002,40,13,46.000002,69.000002,21.433334,1,1,1077,0,ilp_v3,optimal,1,84.871441,48.243415,1.759234,0.10279,0.0,,0.10279,0.113155,3,0,0
n_prc\set77\n_prc_2.py,n_prc,77,n_prc,2,2,5,5,0.5,0.5,0.7,0.6,1.0,0.5,48.300002,40,13,46.000002,69.000002,21.433334,1,1,1077,0,ilp_v4,optimal,1,91.625232,47.872191,1.913955,0.13482,0.0,,0.13482,0.155129,3,0,0
n_prc\set77\n_prc_2.py,n_prc,77,n_prc,2,2,5,5,0.5,0.5,0.7,0.6,1.0,0.5,48.300002,40,13,46.000002,69.000002,21.433334,1,1,1077,0,greedy_sps_baseline,solved,1,9.18322,48.219392,0.190447,0.001569,,,0.001569,0.001812,3,0,0
n_prc\set77\n_prc_4.py,n_prc,77,n_prc,4,4,6,5,0.5,0.5,0.7,0.6,2.0,1.0,96.599998,40,15,91.999999,137.999997,42.866666,1,1,1077,0,ilp_v2,optimal,1,116.295556,96.56653,1.204305,0.085889,0.0,,0.085889,0.092591,3,0,0
n_prc\set77\n_prc_4.py,n_prc,77,n_prc,4,4,6,5,0.5,0.5,0.7,0.6,2.0,1.0,96.599998,40,15,91.999999,137.999997,42.866666,1,1,1077,0,ilp_v3,optimal,1,109.896984,96.457418,1.139332,0.028264,0.0,,0.028264,0.029598,3,0,0
n_prc\set77\n_prc_4.py,n_prc,77,n_prc,4,4,6,5,0.5,0.5,0.7,0.6,2.0,1.0,96.599998,40,15,91.999999,137.999997,42.866666,1,1,1077,0,ilp_v4,error,0,,,,0.025932,,"AssertionError('phase_swap_local_search: the DBF pre-check (min_slack_for_job) and the full check (check_all_timing) disagreed, which should be impossible — see ISSUES.md -> SWAP-BREAK for why. 7 occu",0.025932,0.038912,3,0,0
n_prc\set77\n_prc_4.py,n_prc,77,n_prc,4,4,6,5,0.5,0.5,0.7,0.6,2.0,1.0,96.599998,40,15,91.999999,137.999997,42.866666,1,1,1077,0,greedy_sps_baseline,solved,1,17.837074,96.573359,0.1847,0.001044,,,0.001044,0.001538,3,0,0
n_prc\set78\n_prc_2.py,n_prc,78,n_prc,2,2,5,5,0.5,0.5,0.7,0.6,1.0,0.5,48.3,40,11,45.999999,69.0,21.399999,1,1,1078,0,ilp_v2,optimal,1,50.587977,47.959413,1.054808,0.027625,0.0,,0.027625,0.031498,3,0,0
n_prc\set78\n_prc_2.py,n_prc,78,n_prc,2,2,5,5,0.5,0.5,0.7,0.6,1.0,0.5,48.3,40,11,45.999999,69.0,21.399999,1,1,1078,0,ilp_v3,optimal,1,50.276578,47.969065,1.048104,0.073772,0.0,,0.073772,0.074941,3,0,0
n_prc\set78\n_prc_2.py,n_prc,78,n_prc,2,2,5,5,0.5,0.5,0.7,0.6,1.0,0.5,48.3,40,11,45.999999,69.0,21.399999,1,1,1078,0,ilp_v4,optimal,1,50.180491,47.821206,1.049336,0.107184,0.0,,0.107184,0.115338,3,0,0
n_prc\set78\n_prc_2.py,n_prc,78,n_prc,2,2,5,5,0.5,0.5,0.7,0.6,1.0,0.5,48.3,40,11,45.999999,69.0,21.399999,1,1,1078,0,greedy_sps_baseline,solved,1,3.976055,47.816505,0.083152,0.00146,,,0.00146,0.001594,3,0,0
n_prc\set78\n_prc_4.py,n_prc,78,n_prc,4,4,6,5,0.5,0.5,0.7,0.6,2.0,1.0,96.600005,40,12,92.000001,138.000007,42.800001,1,1,1078,0,ilp_v2,optimal,1,84.711867,96.368453,0.879041,0.009559,0.0,,0.009559,0.010358,3,0,0
n_prc\set78\n_prc_4.py,n_prc,78,n_prc,4,4,6,5,0.5,0.5,0.7,0.6,2.0,1.0,96.600005,40,12,92.000001,138.000007,42.800001,1,1,1078,0,ilp_v3,optimal,1,63.546961,85.57973,0.742547,0.008788,0.0,,0.008788,0.009578,3,0,0
n_prc\set78\n_prc_4.py,n_prc,78,n_prc,4,4,6,5,0.5,0.5,0.7,0.6,2.0,1.0,96.600005,40,12,92.000001,138.000007,42.800001,1,1,1078,0,ilp_v4,optimal,1,84.711867,96.439459,0.878394,0.057031,0.0,,0.057031,0.079505,3,0,0
n_prc\set78\n_prc_4.py,n_prc,78,n_prc,4,4,6,5,0.5,0.5,0.7,0.6,2.0,1.0,96.600005,40,12,92.000001,138.000007,42.800001,1,1,1078,0,greedy_sps_baseline,solved,1,10.351571,96.486081,0.107286,0.000976,,,0.000976,0.001698,3,0,0
n_prc\set79\n_prc_2.py,n_prc,79,n_prc,2,2,5,5,0.5,0.5,0.7,0.6,1.0,0.5,48.299999,40,10,46.000001,68.999999,21.400001,1,1,1079,0,ilp_v2,optimal,1,52.87521,48.267597,1.09546,0.143086,0.0,,0.143086,0.158556,3,0,0
n_prc\set79\n_prc_2.py,n_prc,79,n_prc,2,2,5,5,0.5,0.5,0.7,0.6,1.0,0.5,48.299999,40,10,46.000001,68.999999,21.400001,1,1,1079,0,ilp_v3,optimal,1,49.07913,48.270707,1.016748,0.108736,0.0,,0.108736,0.130106,3,0,0
n_prc\set79\n_prc_2.py,n_prc,79,n_prc,2,2,5,5,0.5,0.5,0.7,0.6,1.0,0.5,48.299999,40,10,46.000001,68.999999,21.400001,1,1,1079,0,ilp_v4,optimal,1,52.463924,48.293234,1.086362,0.101658,0.0,,0.101658,0.103789,3,0,0
n_prc\set79\n_prc_2.py,n_prc,79,n_prc,2,2,5,5,0.5,0.5,0.7,0.6,1.0,0.5,48.299999,40,10,46.000001,68.999999,21.400001,1,1,1079,0,greedy_sps_baseline,solved,1,8.192411,48.29748,0.169624,0.002196,,,0.002196,0.002307,3,0,0
n_prc\set79\n_prc_4.py,n_prc,79,n_prc,4,4,6,5,0.5,0.5,0.7,0.6,2.0,1.0,96.599998,40,12,91.999999,137.999997,42.799999,1,1,1079,0,ilp_v2,optimal,1,107.917255,96.137206,1.122534,0.009464,0.0,,0.009464,0.015411,3,0,0
n_prc\set79\n_prc_4.py,n_prc,79,n_prc,4,4,6,5,0.5,0.5,0.7,0.6,2.0,1.0,96.599998,40,12,91.999999,137.999997,42.799999,1,1,1079,0,ilp_v3,optimal,1,85.892836,96.337514,0.891582,0.028933,0.0,,0.028933,0.035391,3,0,0
n_prc\set79\n_prc_4.py,n_prc,79,n_prc,4,4,6,5,0.5,0.5,0.7,0.6,2.0,1.0,96.599998,40,12,91.999999,137.999997,42.799999,1,1,1079,0,ilp_v4,optimal,1,124.392047,96.547325,1.288405,0.100224,0.0,,0.100224,0.114334,3,0,0
n_prc\set79\n_prc_4.py,n_prc,79,n_prc,4,4,6,5,0.5,0.5,0.7,0.6,2.0,1.0,96.599998,40,12,91.999999,137.999997,42.799999,1,1,1079,0,greedy_sps_baseline,solved,1,18.276911,96.58429,0.189233,0.00066,,,0.00066,0.001258,3,0,0
n_prc\set80\n_prc_2.py,n_prc,80,n_prc,2,2,5,5,0.5,0.5,0.7,0.6,1.0,0.5,48.299995,40,13,46.0,68.999993,22.0,1,1,1080,0,ilp_v2,optimal,1,67.454552,48.263912,1.397619,0.166104,0.0,,0.166104,0.177612,3,0,0
n_prc\set80\n_prc_2.py,n_prc,80,n_prc,2,2,5,5,0.5,0.5,0.7,0.6,1.0,0.5,48.299995,40,13,46.0,68.999993,22.0,1,1,1080,0,ilp_v3,optimal,1,70.351411,48.241956,1.458303,0.072732,0.0,,0.072732,0.07984,3,0,0
n_prc\set80\n_prc_2.py,n_prc,80,n_prc,2,2,5,5,0.5,0.5,0.7,0.6,1.0,0.5,48.299995,40,13,46.0,68.999993,22.0,1,1,1080,0,ilp_v4,optimal,1,73.759834,48.019064,1.536053,0.118189,0.0,,0.118189,0.142002,3,0,0
n_prc\set80\n_prc_2.py,n_prc,80,n_prc,2,2,5,5,0.5,0.5,0.7,0.6,1.0,0.5,48.299995,40,13,46.0,68.999993,22.0,1,1,1080,0,greedy_sps_baseline,solved,1,8.424312,48.191615,0.174809,0.001691,,,0.001691,0.002022,3,0,0
n_prc\set80\n_prc_4.py,n_prc,80,n_prc,4,4,6,5,0.5,0.5,0.7,0.6,2.0,1.0,96.599999,40,17,91.999998,137.999999,43.999999,1,1,1080,0,ilp_v2,optimal,1,121.801183,96.516887,1.261968,0.032035,0.0,,0.032035,0.041074,3,0,0
n_prc\set80\n_prc_4.py,n_prc,80,n_prc,4,4,6,5,0.5,0.5,0.7,0.6,2.0,1.0,96.599999,40,17,91.999998,137.999999,43.999999,1,1,1080,0,ilp_v3,optimal,1,102.783674,96.503401,1.065078,0.073575,0.0,,0.073575,0.079641,3,0,0
n_prc\set80\n_prc_4.py,n_prc,80,n_prc,4,4,6,5,0.5,0.5,0.7,0.6,2.0,1.0,96.599999,40,17,91.999998,137.999999,43.999999,1,1,1080,0,ilp_v4,error,0,,,,0.081304,,"AssertionError('phase_swap_local_search: the DBF pre-check (min_slack_for_job) and the full check (check_all_timing) disagreed, which should be impossible — see ISSUES.md -> SWAP-BREAK for why. 2 occu",0.081304,0.096453,3,0,0
n_prc\set80\n_prc_4.py,n_prc,80,n_prc,4,4,6,5,0.5,0.5,0.7,0.6,2.0,1.0,96.599999,40,17,91.999998,137.999999,43.999999,1,1,1080,0,greedy_sps_baseline,solved,1,18.685439,96.58828,0.193455,0.001587,,,0.001587,0.001708,3,0,0
n_prc\set81\n_prc_2.py,n_prc,81,n_prc,2,2,5,5,0.5,0.5,0.7,0.6,1.0,0.5,48.299998,40,12,45.999997,68.999998,21.999998,1,1,1081,0,ilp_v2,optimal,1,40.447088,48.268356,0.837963,0.017936,0.0,,0.017936,0.032559,3,0,0
n_prc\set81\n_prc_2.py,n_prc,81,n_prc,2,2,5,5,0.5,0.5,0.7,0.6,1.0,0.5,48.299998,40,12,45.999997,68.999998,21.999998,1,1,1081,0,ilp_v3,optimal,1,38.843007,48.142483,0.806834,0.016051,0.0,,0.016051,0.016428,3,0,0
n_prc\set81\n_prc_2.py,n_prc,81,n_prc,2,2,5,5,0.5,0.5,0.7,0.6,1.0,0.5,48.299998,40,12,45.999997,68.999998,21.999998,1,1,1081,0,ilp_v4,optimal,1,40.447088,47.490026,0.851696,0.055929,0.0,,0.055929,0.08283,3,0,0
n_prc\set81\n_prc_2.py,n_prc,81,n_prc,2,2,5,5,0.5,0.5,0.7,0.6,1.0,0.5,48.299998,40,12,45.999997,68.999998,21.999998,1,1,1081,0,greedy_sps_baseline,solved,1,6.475637,48.017259,0.134861,0.002007,,,0.002007,0.002287,3,0,0
n_prc\set81\n_prc_4.py,n_prc,81,n_prc,4,4,6,5,0.5,0.5,0.7,0.6,2.0,1.0,96.599998,40,14,92.000001,137.999997,44.000001,1,1,1081,0,ilp_v2,optimal,1,79.752154,96.524257,0.82624,0.150455,0.0,,0.150455,0.161085,3,0,0
n_prc\set81\n_prc_4.py,n_prc,81,n_prc,4,4,6,5,0.5,0.5,0.7,0.6,2.0,1.0,96.599998,40,14,92.000001,137.999997,44.000001,1,1,1081,0,ilp_v3,optimal,1,88.196305,96.348942,0.915384,0.161249,0.0,,0.161249,0.167188,3,0,0
n_prc\set81\n_prc_4.py,n_prc,81,n_prc,4,4,6,5,0.5,0.5,0.7,0.6,2.0,1.0,96.599998,40,14,92.000001,137.999997,44.000001,1,1,1081,0,ilp_v4,error,0,,,,0.051528,,"AssertionError('phase_swap_local_search: the DBF pre-check (min_slack_for_job) and the full check (check_all_timing) disagreed, which should be impossible — see ISSUES.md -> SWAP-BREAK for why. 6 occu",0.051528,0.077729,3,0,0
n_prc\set81\n_prc_4.py,n_prc,81,n_prc,4,4,6,5,0.5,0.5,0.7,0.6,2.0,1.0,96.599998,40,14,92.000001,137.999997,44.000001,1,1,1081,0,greedy_sps_baseline,solved,1,12.257904,96.548512,0.126961,0.000816,,,0.000816,0.002117,3,0,0
n_prc\set82\n_prc_2.py,n_prc,82,n_prc,2,2,5,5,0.5,0.5,0.7,0.6,1.0,0.5,48.299999,40,10,45.999999,68.999999,21.433333,1,1,1082,0,ilp_v2,optimal,1,31.067338,48.178531,0.644838,0.019326,0.0,,0.019326,0.023902,3,0,0
n_prc\set82\n_prc_2.py,n_prc,82,n_prc,2,2,5,5,0.5,0.5,0.7,0.6,1.0,0.5,48.299999,40,10,45.999999,68.999999,21.433333,1,1,1082,0,ilp_v3,optimal,1,29.709164,48.234368,0.615934,0.073841,0.0,,0.073841,0.079804,3,0,0
n_prc\set82\n_prc_2.py,n_prc,82,n_prc,2,2,5,5,0.5,0.5,0.7,0.6,1.0,0.5,48.299999,40,10,45.999999,68.999999,21.433333,1,1,1082,0,ilp_v4,optimal,1,32.938119,47.435427,0.694378,0.057208,0.0,,0.057208,0.060495,3,0,0
n_prc\set82\n_prc_2.py,n_prc,82,n_prc,2,2,5,5,0.5,0.5,0.7,0.6,1.0,0.5,48.299999,40,10,45.999999,68.999999,21.433333,1,1,1082,0,greedy_sps_baseline,solved,1,6.838606,48.19186,0.141904,0.001237,,,0.001237,0.001374,3,0,0
n_prc\set82\n_prc_4.py,n_prc,82,n_prc,4,4,6,5,0.5,0.5,0.7,0.6,2.0,1.0,96.6,40,12,92.000001,138.0,42.866667,1,1,1082,0,ilp_v2,optimal,1,74.388236,91.743762,0.810826,0.014007,0.0,,0.014007,0.014469,3,0,0
n_prc\set82\n_prc_4.py,n_prc,82,n_prc,4,4,6,5,0.5,0.5,0.7,0.6,2.0,1.0,96.6,40,12,92.000001,138.0,42.866667,1,1,1082,0,ilp_v3,optimal,1,80.163435,96.22333,0.833098,0.02266,0.0,,0.02266,0.026664,3,0,0
n_prc\set82\n_prc_4.py,n_prc,82,n_prc,4,4,6,5,0.5,0.5,0.7,0.6,2.0,1.0,96.6,40,12,92.000001,138.0,42.866667,1,1,1082,0,ilp_v4,optimal,1,88.984496,96.507725,0.922045,0.144391,0.0,,0.144391,0.156196,3,0,0
n_prc\set82\n_prc_4.py,n_prc,82,n_prc,4,4,6,5,0.5,0.5,0.7,0.6,2.0,1.0,96.6,40,12,92.000001,138.0,42.866667,1,1,1082,0,greedy_sps_baseline,solved,1,16.585743,96.43851,0.171983,0.001754,,,0.001754,0.001901,3,0,0
n_prc\set83\n_prc_2.py,n_prc,83,n_prc,2,2,5,5,0.5,0.5,0.7,0.6,1.0,0.5,48.299995,40,15,45.999998,68.999993,21.433332,1,1,1083,0,ilp_v2,optimal,1,45.507643,47.187008,0.96441,0.017464,0.0,,0.017464,0.022138,3,0,0
n_prc\set83\n_prc_2.py,n_prc,83,n_prc,2,2,5,5,0.5,0.5,0.7,0.6,1.0,0.5,48.299995,40,15,45.999998,68.999993,21.433332,1,1,1083,0,ilp_v3,optimal,1,46.201086,48.138314,0.959757,0.046992,0.0,,0.046992,0.051864,3,0,0
n_prc\set83\n_prc_2.py,n_prc,83,n_prc,2,2,5,5,0.5,0.5,0.7,0.6,1.0,0.5,48.299995,40,15,45.999998,68.999993,21.433332,1,1,1083,0,ilp_v4,optimal,1,46.924846,48.142189,0.974714,0.217403,0.0,,0.217403,0.248175,3,0,0
n_prc\set83\n_prc_2.py,n_prc,83,n_prc,2,2,5,5,0.5,0.5,0.7,0.6,1.0,0.5,48.299995,40,15,45.999998,68.999993,21.433332,1,1,1083,0,greedy_sps_baseline,solved,1,7.045957,48.193158,0.146202,0.002178,,,0.002178,0.002587,3,0,0
n_prc\set83\n_prc_4.py,n_prc,83,n_prc,4,4,6,5,0.5,0.5,0.7,0.6,2.0,1.0,96.600005,40,16,92.0,138.000007,42.866667,1,1,1083,0,ilp_v2,optimal,1,101.368224,96.55019,1.049902,0.14176,0.0,,0.14176,0.152368,3,0,0
n_prc\set83\n_prc_4.py,n_prc,83,n_prc,4,4,6,5,0.5,0.5,0.7,0.6,2.0,1.0,96.600005,40,16,92.0,138.000007,42.866667,1,1,1083,0,ilp_v3,optimal,1,90.933422,96.533515,0.941988,0.03875,0.0,,0.03875,0.041154,3,0,0
n_prc\set83\n_prc_4.py,n_prc,83,n_prc,4,4,6,5,0.5,0.5,0.7,0.6,2.0,1.0,96.600005,40,16,92.0,138.000007,42.866667,1,1,1083,0,ilp_v4,optimal,1,105.962714,96.45302,1.098594,0.125278,0.0,,0.125278,0.135355,3,0,0
n_prc\set83\n_prc_4.py,n_prc,83,n_prc,4,4,6,5,0.5,0.5,0.7,0.6,2.0,1.0,96.600005,40,16,92.0,138.000007,42.866667,1,1,1083,0,greedy_sps_baseline,solved,1,15.811382,96.343579,0.164115,0.001718,,,0.001718,0.001962,3,0,0
n_prc\set84\n_prc_2.py,n_prc,84,n_prc,2,2,5,5,0.5,0.5,0.7,0.6,1.0,0.5,48.299998,40,12,46.0,68.999997,23.6,1,1,1084,0,ilp_v2,optimal,1,71.775689,48.243405,1.487782,0.014375,0.0,,0.014375,0.018714,3,0,0
n_prc\set84\n_prc_2.py,n_prc,84,n_prc,2,2,5,5,0.5,0.5,0.7,0.6,1.0,0.5,48.299998,40,12,46.0,68.999997,23.6,1,1,1084,0,ilp_v3,optimal,1,65.440387,48.299447,1.354889,0.021122,0.0,,0.021122,0.022851,3,0,0
n_prc\set84\n_prc_2.py,n_prc,84,n_prc,2,2,5,5,0.5,0.5,0.7,0.6,1.0,0.5,48.299998,40,12,46.0,68.999997,23.6,1,1,1084,0,ilp_v4,optimal,1,71.775689,48.126617,1.491393,0.05494,0.0,,0.05494,0.079036,3,0,0
n_prc\set84\n_prc_2.py,n_prc,84,n_prc,2,2,5,5,0.5,0.5,0.7,0.6,1.0,0.5,48.299998,40,12,46.0,68.999997,23.6,1,1,1084,0,greedy_sps_baseline,solved,1,9.051474,48.271768,0.187511,0.000752,,,0.000752,0.000991,3,0,0
n_prc\set84\n_prc_4.py,n_prc,84,n_prc,4,4,6,5,0.5,0.5,0.7,0.6,2.0,1.0,96.599998,40,13,91.999999,137.999997,47.199999,1,1,1084,0,ilp_v2,optimal,1,125.584618,96.505665,1.301319,0.055918,0.0,,0.055918,0.058769,3,0,0
n_prc\set84\n_prc_4.py,n_prc,84,n_prc,4,4,6,5,0.5,0.5,0.7,0.6,2.0,1.0,96.599998,40,13,91.999999,137.999997,47.199999,1,1,1084,0,ilp_v3,optimal,1,107.890233,96.579367,1.117115,0.105922,0.0,,0.105922,0.121254,3,0,0
n_prc\set84\n_prc_4.py,n_prc,84,n_prc,4,4,6,5,0.5,0.5,0.7,0.6,2.0,1.0,96.599998,40,13,91.999999,137.999997,47.199999,1,1,1084,0,ilp_v4,optimal,1,144.272483,96.49707,1.495097,0.179606,0.0,,0.179606,0.204625,3,0,0
n_prc\set84\n_prc_4.py,n_prc,84,n_prc,4,4,6,5,0.5,0.5,0.7,0.6,2.0,1.0,96.599998,40,13,91.999999,137.999997,47.199999,1,1,1084,0,greedy_sps_baseline,solved,1,15.690872,96.311287,0.162918,0.001333,,,0.001333,0.00241,3,0,0
n_prc\set85\n_prc_2.py,n_prc,85,n_prc,2,2,5,5,0.5,0.5,0.7,0.6,1.0,0.5,48.299997,40,12,45.999999,68.999995,33.099999,1,1,1085,0,ilp_v2,optimal,1,42.242586,48.216709,0.876098,0.011779,0.0,,0.011779,0.012874,3,0,0
n_prc\set85\n_prc_2.py,n_prc,85,n_prc,2,2,5,5,0.5,0.5,0.7,0.6,1.0,0.5,48.299997,40,12,45.999999,68.999995,33.099999,1,1,1085,0,ilp_v3,optimal,1,34.86314,48.294526,0.721886,0.120878,0.0,,0.120878,0.122668,3,0,0
n_prc\set85\n_prc_2.py,n_prc,85,n_prc,2,2,5,5,0.5,0.5,0.7,0.6,1.0,0.5,48.299997,40,12,45.999999,68.999995,33.099999,1,1,1085,0,ilp_v4,optimal,1,42.242586,48.216709,0.876098,0.060609,0.0,,0.060609,0.074282,3,0,0
n_prc\set85\n_prc_2.py,n_prc,85,n_prc,2,2,5,5,0.5,0.5,0.7,0.6,1.0,0.5,48.299997,40,12,45.999999,68.999995,33.099999,1,1,1085,0,greedy_sps_baseline,solved,1,3.260737,48.207049,0.06764,0.002682,,,0.002682,0.004209,3,0,0
n_prc\set85\n_prc_4.py,n_prc,85,n_prc,4,4,6,5,0.5,0.5,0.7,0.6,2.0,1.0,96.599995,40,16,91.999998,137.999993,66.199998,1,1,1085,0,ilp_v2,optimal,1,76.507655,96.534897,0.792539,0.088731,5.2e-05,,0.088731,0.100252,3,0,0
n_prc\set85\n_prc_4.py,n_prc,85,n_prc,4,4,6,5,0.5,0.5,0.7,0.6,2.0,1.0,96.599995,40,16,91.999998,137.999993,66.199998,1,1,1085,0,ilp_v3,optimal,1,58.376418,96.461407,0.605179,0.048778,0.0,,0.048778,0.053189,3,0,0
n_prc\set85\n_prc_4.py,n_prc,85,n_prc,4,4,6,5,0.5,0.5,0.7,0.6,2.0,1.0,96.599995,40,16,91.999998,137.999993,66.199998,1,1,1085,0,ilp_v4,optimal,1,98.032398,96.574854,1.015092,0.25741,2.7e-05,,0.25741,0.274967,3,0,0
n_prc\set85\n_prc_4.py,n_prc,85,n_prc,4,4,6,5,0.5,0.5,0.7,0.6,2.0,1.0,96.599995,40,16,91.999998,137.999993,66.199998,1,1,1085,0,greedy_sps_baseline,solved,1,16.762628,96.57226,0.173576,0.001927,,,0.001927,0.00211,3,0,0
n_prc\set86\n_prc_2.py,n_prc,86,n_prc,2,2,5,5,0.5,0.5,0.7,0.6,1.0,0.5,48.299999,40,10,46.000001,68.999999,24.400001,1,1,1086,0,ilp_v2,optimal,1,35.067004,48.182236,0.727799,0.027578,0.0,,0.027578,0.030562,3,0,0
n_prc\set86\n_prc_2.py,n_prc,86,n_prc,2,2,5,5,0.5,0.5,0.7,0.6,1.0,0.5,48.299999,40,10,46.000001,68.999999,24.400001,1,1,1086,0,ilp_v3,optimal,1,37.549263,48.298039,0.777449,0.077453,0.0,,0.077453,0.082061,3,0,0
n_prc\set86\n_prc_2.py,n_prc,86,n_prc,2,2,5,5,0.5,0.5,0.7,0.6,1.0,0.5,48.299999,40,10,46.000001,68.999999,24.400001,1,1,1086,0,ilp_v4,optimal,1,43.842113,48.252011,0.908607,0.0907,4.6e-05,,0.0907,0.096439,3,0,0
n_prc\set86\n_prc_2.py,n_prc,86,n_prc,2,2,5,5,0.5,0.5,0.7,0.6,1.0,0.5,48.299999,40,10,46.000001,68.999999,24.400001,1,1,1086,0,greedy_sps_baseline,solved,1,7.475488,48.296494,0.154783,0.001328,,,0.001328,0.001575,3,0,0
n_prc\set86\n_prc_4.py,n_prc,86,n_prc,4,4,6,5,0.5,0.5,0.7,0.6,2.0,1.0,96.599996,40,14,92.0,137.999994,48.8,1,1,1086,0,ilp_v2,optimal,1,94.423405,96.464862,0.978837,0.019304,0.0,,0.019304,0.021191,3,0,0
n_prc\set86\n_prc_4.py,n_prc,86,n_prc,4,4,6,5,0.5,0.5,0.7,0.6,2.0,1.0,96.599996,40,14,92.0,137.999994,48.8,1,1,1086,0,ilp_v3,optimal,1,106.529127,96.424681,1.104791,0.013045,0.0,,0.013045,0.014418,3,0,0
n_prc\set86\n_prc_4.py,n_prc,86,n_prc,4,4,6,5,0.5,0.5,0.7,0.6,2.0,1.0,96.599996,40,14,92.0,137.999994,48.8,1,1,1086,0,ilp_v4,optimal,1,120.479027,96.470735,1.248866,0.145873,0.0,,0.145873,0.159907,3,0,0
n_prc\set86\n_prc_4.py,n_prc,86,n_prc,4,4,6,5,0.5,0.5,0.7,0.6,2.0,1.0,96.599996,40,14,92.0,137.999994,48.8,1,1,1086,0,greedy_sps_baseline,solved,1,15.885986,96.597233,0.164456,0.000895,,,0.000895,0.001022,3,0,0
n_prc\set87\n_prc_2.py,n_prc,87,n_prc,2,2,5,5,0.5,0.5,0.7,0.6,1.0,0.5,48.300002,40,13,46.000002,69.000002,21.433334,1,1,1087,0,ilp_v2,optimal,1,46.39441,47.810943,0.970372,0.091181,0.0,,0.091181,0.093291,3,0,0
n_prc\set87\n_prc_2.py,n_prc,87,n_prc,2,2,5,5,0.5,0.5,0.7,0.6,1.0,0.5,48.300002,40,13,46.000002,69.000002,21.433334,1,1,1087,0,ilp_v3,optimal,1,45.149826,48.255396,0.935643,0.064293,0.0,,0.064293,0.066981,3,0,0
n_prc\set87\n_prc_2.py,n_prc,87,n_prc,2,2,5,5,0.5,0.5,0.7,0.6,1.0,0.5,48.300002,40,13,46.000002,69.000002,21.433334,1,1,1087,0,ilp_v4,optimal,1,47.302031,48.298149,0.979376,0.090429,4.1e-05,,0.090429,0.127259,3,0,0
n_prc\set87\n_prc_2.py,n_prc,87,n_prc,2,2,5,5,0.5,0.5,0.7,0.6,1.0,0.5,48.300002,40,13,46.000002,69.000002,21.433334,1,1,1087,0,greedy_sps_baseline,solved,1,7.608071,47.971183,0.158597,0.000783,,,0.000783,0.000882,3,0,0
n_prc\set87\n_prc_4.py,n_prc,87,n_prc,4,4,6,5,0.5,0.5,0.7,0.6,2.0,1.0,96.599998,40,17,91.999999,137.999998,42.866666,1,1,1087,0,ilp_v2,optimal,1,85.966698,96.293029,0.892761,0.033184,0.0,,0.033184,0.043432,3,0,0
n_prc\set87\n_prc_4.py,n_prc,87,n_prc,4,4,6,5,0.5,0.5,0.7,0.6,2.0,1.0,96.599998,40,17,91.999999,137.999998,42.866666,1,1,1087,0,ilp_v3,optimal,1,88.741845,96.182357,0.922642,0.045253,1.8e-05,,0.045253,0.049191,3,0,0
n_prc\set87\n_prc_4.py,n_prc,87,n_prc,4,4,6,5,0.5,0.5,0.7,0.6,2.0,1.0,96.599998,40,17,91.999999,137.999998,42.866666,1,1,1087,0,ilp_v4,error,0,,,,0.043068,,"AssertionError('phase_swap_local_search: the DBF pre-check (min_slack_for_job) and the full check (check_all_timing) disagreed, which should be impossible — see ISSUES.md -> SWAP-BREAK for why. 1 occu",0.043068,0.061317,3,0,0
n_prc\set87\n_prc_4.py,n_prc,87,n_prc,4,4,6,5,0.5,0.5,0.7,0.6,2.0,1.0,96.599998,40,17,91.999999,137.999998,42.866666,1,1,1087,0,greedy_sps_baseline,solved,1,19.191745,96.560963,0.198753,0.001446,,,0.001446,0.003444,3,0,0
n_prc\set88\n_prc_2.py,n_prc,88,n_prc,2,2,5,5,0.5,0.5,0.7,0.6,1.0,0.5,48.300002,40,13,45.999999,69.000002,23.00909,1,1,1088,0,ilp_v2,optimal,1,53.012624,48.296764,1.097643,0.063855,0.0,,0.063855,0.071608,3,0,0
n_prc\set88\n_prc_2.py,n_prc,88,n_prc,2,2,5,5,0.5,0.5,0.7,0.6,1.0,0.5,48.300002,40,13,45.999999,69.000002,23.00909,1,1,1088,0,ilp_v3,optimal,1,52.568852,48.045846,1.094139,0.033943,0.0,,0.033943,0.03437,3,0,0
n_prc\set88\n_prc_2.py,n_prc,88,n_prc,2,2,5,5,0.5,0.5,0.7,0.6,1.0,0.5,48.300002,40,13,45.999999,69.000002,23.00909,1,1,1088,0,ilp_v4,optimal,1,53.88254,48.196494,1.117976,0.078676,0.0,,0.078676,0.099749,3,0,0
n_prc\set88\n_prc_2.py,n_prc,88,n_prc,2,2,5,5,0.5,0.5,0.7,0.6,1.0,0.5,48.300002,40,13,45.999999,69.000002,23.00909,1,1,1088,0,greedy_sps_baseline,solved,1,7.775721,48.281782,0.161049,0.001133,,,0.001133,0.002312,3,0,0
n_prc\set88\n_prc_4.py,n_prc,88,n_prc,4,4,6,5,0.5,0.5,0.7,0.6,2.0,1.0,96.6,40,15,92.000002,138.0,46.018183,1,1,1088,0,ilp_v2,optimal,1,102.914209,96.473742,1.066759,0.096951,0.0,,0.096951,0.098787,3,0,0
n_prc\set88\n_prc_4.py,n_prc,88,n_prc,4,4,6,5,0.5,0.5,0.7,0.6,2.0,1.0,96.6,40,15,92.000002,138.0,46.018183,1,1,1088,0,ilp_v3,optimal,1,107.275816,96.526771,1.111358,0.172172,0.0,,0.172172,0.173279,3,0,0
n_prc\set88\n_prc_4.py,n_prc,88,n_prc,4,4,6,5,0.5,0.5,0.7,0.6,2.0,1.0,96.6,40,15,92.000002,138.0,46.018183,1,1,1088,0,ilp_v4,error,0,,,,0.025719,,"AssertionError('phase_swap_local_search: the DBF pre-check (min_slack_for_job) and the full check (check_all_timing) disagreed, which should be impossible — see ISSUES.md -> SWAP-BREAK for why. 15 occ",0.025719,0.041502,3,0,0
n_prc\set88\n_prc_4.py,n_prc,88,n_prc,4,4,6,5,0.5,0.5,0.7,0.6,2.0,1.0,96.6,40,15,92.000002,138.0,46.018183,1,1,1088,0,greedy_sps_baseline,solved,1,18.42173,96.432706,0.191032,0.001385,,,0.001385,0.001435,3,0,0
n_prc\set89\n_prc_2.py,n_prc,89,n_prc,2,2,5,5,0.5,0.5,0.7,0.6,1.0,0.5,48.299995,40,13,45.999999,68.999993,23.00909,1,1,1089,0,ilp_v2,optimal,1,35.914155,46.755625,0.768125,0.009439,0.0,,0.009439,0.016445,3,0,0
n_prc\set89\n_prc_2.py,n_prc,89,n_prc,2,2,5,5,0.5,0.5,0.7,0.6,1.0,0.5,48.299995,40,13,45.999999,68.999993,23.00909,1,1,1089,0,ilp_v3,optimal,1,35.269168,48.295965,0.730272,0.025077,0.0,,0.025077,0.026112,3,0,0
n_prc\set89\n_prc_2.py,n_prc,89,n_prc,2,2,5,5,0.5,0.5,0.7,0.6,1.0,0.5,48.299995,40,13,45.999999,68.999993,23.00909,1,1,1089,0,ilp_v4,optimal,1,35.914155,46.755625,0.768125,0.054396,0.0,,0.054396,0.055941,3,0,0
n_prc\set89\n_prc_2.py,n_prc,89,n_prc,2,2,5,5,0.5,0.5,0.7,0.6,1.0,0.5,48.299995,40,13,45.999999,68.999993,23.00909,1,1,1089,0,greedy_sps_baseline,solved,1,9.002538,48.298312,0.186394,0.001002,,,0.001002,0.00115,3,0,0
n_prc\set89\n_prc_4.py,n_prc,89,n_prc,4,4,6,5,0.5,0.5,0.7,0.6,2.0,1.0,96.599997,40,17,91.999998,137.999995,46.018181,1,1,1089,0,ilp_v2,optimal,1,99.169418,96.494066,1.027726,0.044418,0.0,,0.044418,0.05143,3,0,0
n_prc\set89\n_prc_4.py,n_prc,89,n_prc,4,4,6,5,0.5,0.5,0.7,0.6,2.0,1.0,96.599997,40,17,91.999998,137.999995,46.018181,1,1,1089,0,ilp_v3,optimal,1,91.423354,96.442522,0.947957,0.03452,8.6e-05,,0.03452,0.036581,3,0,0
n_prc\set89\n_prc_4.py,n_prc,89,n_prc,4,4,6,5,0.5,0.5,0.7,0.6,2.0,1.0,96.599997,40,17,91.999998,137.999995,46.018181,1,1,1089,0,ilp_v4,error,0,,,,0.050741,,"AssertionError('phase_swap_local_search: the DBF pre-check (min_slack_for_job) and the full check (check_all_timing) disagreed, which should be impossible — see ISSUES.md -> SWAP-BREAK for why. 3 occu",0.050741,0.062847,3,0,0
n_prc\set89\n_prc_4.py,n_prc,89,n_prc,4,4,6,5,0.5,0.5,0.7,0.6,2.0,1.0,96.599997,40,17,91.999998,137.999995,46.018181,1,1,1089,0,greedy_sps_baseline,solved,1,17.143155,96.37145,0.177886,0.002199,,,0.002199,0.002906,3,0,0
n_prc\set90\n_prc_2.py,n_prc,90,n_prc,2,2,5,5,0.5,0.5,0.7,0.6,1.0,0.5,48.300004,40,12,46.000002,69.000006,21.400001,1,1,1090,0,ilp_v2,optimal,1,28.394301,45.57272,0.623055,0.014797,0.0,,0.014797,0.017733,3,0,0
n_prc\set90\n_prc_2.py,n_prc,90,n_prc,2,2,5,5,0.5,0.5,0.7,0.6,1.0,0.5,48.300004,40,12,46.000002,69.000006,21.400001,1,1,1090,0,ilp_v3,optimal,1,65.921657,48.299752,1.364845,0.064781,6.6e-05,,0.064781,0.07268,3,0,0
n_prc\set90\n_prc_2.py,n_prc,90,n_prc,2,2,5,5,0.5,0.5,0.7,0.6,1.0,0.5,48.300004,40,12,46.000002,69.000006,21.400001,1,1,1090,0,ilp_v4,optimal,1,75.980274,48.297688,1.573166,0.27821,0.0,,0.27821,0.301409,3,0,0
n_prc\set90\n_prc_2.py,n_prc,90,n_prc,2,2,5,5,0.5,0.5,0.7,0.6,1.0,0.5,48.300004,40,12,46.000002,69.000006,21.400001,1,1,1090,0,greedy_sps_baseline,solved,1,7.604714,48.295121,0.157463,0.001895,,,0.001895,0.002094,3,0,0
n_prc\set90\n_prc_4.py,n_prc,90,n_prc,4,4,6,5,0.5,0.5,0.7,0.6,2.0,1.0,96.600005,40,13,92.000001,138.000007,42.800001,1,1,1090,0,ilp_v2,optimal,1,90.981205,96.128459,0.946454,0.023696,0.0,,0.023696,0.026627,3,0,0
n_prc\set90\n_prc_4.py,n_prc,90,n_prc,4,4,6,5,0.5,0.5,0.7,0.6,2.0,1.0,96.600005,40,13,92.000001,138.000007,42.800001,1,1,1090,0,ilp_v3,optimal,1,87.711686,96.496322,0.908964,0.024226,3.9e-05,,0.024226,0.025287,3,0,0
n_prc\set90\n_prc_4.py,n_prc,90,n_prc,4,4,6,5,0.5,0.5,0.7,0.6,2.0,1.0,96.600005,40,13,92.000001,138.000007,42.800001,1,1,1090,0,ilp_v4,error,0,,,,0.033281,,"AssertionError('phase_swap_local_search: the DBF pre-check (min_slack_for_job) and the full check (check_all_timing) disagreed, which should be impossible — see ISSUES.md -> SWAP-BREAK for why. 1 occu",0.033281,0.052669,3,0,0
n_prc\set90\n_prc_4.py,n_prc,90,n_prc,4,4,6,5,0.5,0.5,0.7,0.6,2.0,1.0,96.600005,40,13,92.000001,138.000007,42.800001,1,1,1090,0,greedy_sps_baseline,solved,1,18.088636,96.572091,0.187307,0.00087,,,0.00087,0.001954,3,0,0
n_prc\set91\n_prc_2.py,n_prc,91,n_prc,2,2,5,5,0.5,0.5,0.7,0.6,1.0,0.5,48.300002,40,10,46.0,69.000002,22.0,1,1,1091,0,ilp_v2,optimal,1,40.259711,48.28019,0.833876,0.035681,0.0,,0.035681,0.040717,3,0,0
n_prc\set91\n_prc_2.py,n_prc,91,n_prc,2,2,5,5,0.5,0.5,0.7,0.6,1.0,0.5,48.300002,40,10,46.0,69.000002,22.0,1,1,1091,0,ilp_v3,optimal,1,44.172074,48.273138,0.915045,0.009473,0.0,,0.009473,0.009974,3,0,0
n_prc\set91\n_prc_2.py,n_prc,91,n_prc,2,2,5,5,0.5,0.5,0.7,0.6,1.0,0.5,48.300002,40,10,46.0,69.000002,22.0,1,1,1091,0,ilp_v4,optimal,1,44.172074,48.273138,0.915045,0.028373,0.0,,0.028373,0.030765,3,0,0
n_prc\set91\n_prc_2.py,n_prc,91,n_prc,2,2,5,5,0.5,0.5,0.7,0.6,1.0,0.5,48.300002,40,10,46.0,69.000002,22.0,1,1,1091,0,greedy_sps_baseline,solved,1,2.936504,48.066695,0.061092,0.000634,,,0.000634,0.001154,3,0,0
n_prc\set91\n_prc_4.py,n_prc,91,n_prc,4,4,6,5,0.5,0.5,0.7,0.6,2.0,1.0,96.600002,40,11,92.000002,138.000002,44.000001,1,1,1091,0,ilp_v2,optimal,1,68.784288,90.904298,0.756667,0.012245,0.0,,0.012245,0.014496,3,0,0
n_prc\set91\n_prc_4.py,n_prc,91,n_prc,4,4,6,5,0.5,0.5,0.7,0.6,2.0,1.0,96.600002,40,11,92.000002,138.000002,44.000001,1,1,1091,0,ilp_v3,optimal,1,78.49365,96.136512,0.816481,0.009854,0.0,,0.009854,0.011123,3,0,0
n_prc\set91\n_prc_4.py,n_prc,91,n_prc,4,4,6,5,0.5,0.5,0.7,0.6,2.0,1.0,96.600002,40,11,92.000002,138.000002,44.000001,1,1,1091,0,ilp_v4,optimal,1,85.573455,95.273235,0.89819,0.049574,0.0,,0.049574,0.058308,3,0,0
n_prc\set91\n_prc_4.py,n_prc,91,n_prc,4,4,6,5,0.5,0.5,0.7,0.6,2.0,1.0,96.600002,40,11,92.000002,138.000002,44.000001,1,1,1091,0,greedy_sps_baseline,solved,1,16.480981,96.50838,0.170773,0.000644,,,0.000644,0.000736,3,0,0
n_prc\set92\n_prc_2.py,n_prc,92,n_prc,2,2,5,5,0.5,0.5,0.7,0.6,1.0,0.5,48.300006,40,10,46.000003,69.000009,21.433335,1,1,1092,0,ilp_v2,optimal,1,60.502508,47.157683,1.282983,0.035252,0.0,,0.035252,0.041653,3,0,0
n_prc\set92\n_prc_2.py,n_prc,92,n_prc,2,2,5,5,0.5,0.5,0.7,0.6,1.0,0.5,48.300006,40,10,46.000003,69.000009,21.433335,1,1,1092,0,ilp_v3,optimal,1,69.757922,48.26393,1.445343,0.074411,0.0,,0.074411,0.094495,3,0,0
n_prc\set92\n_prc_2.py,n_prc,92,n_prc,2,2,5,5,0.5,0.5,0.7,0.6,1.0,0.5,48.300006,40,10,46.000003,69.000009,21.433335,1,1,1092,0,ilp_v4,optimal,1,71.756296,48.268746,1.4866,0.07601,0.0,,0.07601,0.07831,3,0,0
n_prc\set92\n_prc_2.py,n_prc,92,n_prc,2,2,5,5,0.5,0.5,0.7,0.6,1.0,0.5,48.300006,40,10,46.000003,69.000009,21.433335,1,1,1092,0,greedy_sps_baseline,solved,1,8.684191,48.29306,0.179823,0.001303,,,0.001303,0.001393,3,0,0
n_prc\set92\n_prc_4.py,n_prc,92,n_prc,4,4,6,5,0.5,0.5,0.7,0.6,2.0,1.0,96.600003,40,11,92.000002,138.000005,42.866668,1,1,1092,0,ilp_v2,optimal,1,113.602297,96.492701,1.177315,0.084015,0.0,,0.084015,0.092312,3,0,0
n_prc\set92\n_prc_4.py,n_prc,92,n_prc,4,4,6,5,0.5,0.5,0.7,0.6,2.0,1.0,96.600003,40,11,92.000002,138.000005,42.866668,1,1,1092,0,ilp_v3,optimal,1,97.773067,96.404153,1.0142,0.026319,0.0,,0.026319,0.028744,3,0,0
n_prc\set92\n_prc_4.py,n_prc,92,n_prc,4,4,6,5,0.5,0.5,0.7,0.6,2.0,1.0,96.600003,40,11,92.000002,138.000005,42.866668,1,1,1092,0,ilp_v4,error,0,,,,0.040667,,"AssertionError('phase_swap_local_search: the DBF pre-check (min_slack_for_job) and the full check (check_all_timing) disagreed, which should be impossible — see ISSUES.md -> SWAP-BREAK for why. 6 occu",0.040667,0.056295,3,0,0
n_prc\set92\n_prc_4.py,n_prc,92,n_prc,4,4,6,5,0.5,0.5,0.7,0.6,2.0,1.0,96.600003,40,11,92.000002,138.000005,42.866668,1,1,1092,0,greedy_sps_baseline,solved,1,17.556969,96.561261,0.181822,0.001341,,,0.001341,0.001432,3,0,0
n_prc\set93\n_prc_2.py,n_prc,93,n_prc,2,2,5,5,0.5,0.5,0.7,0.6,1.0,0.5,48.299999,40,10,46.000001,68.999999,23.009091,1,1,1093,0,ilp_v2,optimal,1,36.743065,48.236816,0.761722,0.08284,0.0,,0.08284,0.092327,3,0,0
n_prc\set93\n_prc_2.py,n_prc,93,n_prc,2,2,5,5,0.5,0.5,0.7,0.6,1.0,0.5,48.299999,40,10,46.000001,68.999999,23.009091,1,1,1093,0,ilp_v3,optimal,1,55.990621,48.239964,1.160669,0.013061,0.0,,0.013061,0.0132,3,0,0
n_prc\set93\n_prc_2.py,n_prc,93,n_prc,2,2,5,5,0.5,0.5,0.7,0.6,1.0,0.5,48.299999,40,10,46.000001,68.999999,23.009091,1,1,1093,0,ilp_v4,optimal,1,55.990621,47.194171,1.186388,0.047983,0.0,,0.047983,0.077768,3,0,0
n_prc\set93\n_prc_2.py,n_prc,93,n_prc,2,2,5,5,0.5,0.5,0.7,0.6,1.0,0.5,48.299999,40,10,46.000001,68.999999,23.009091,1,1,1093,0,greedy_sps_baseline,solved,1,6.647652,48.229196,0.137835,0.001559,,,0.001559,0.002237,3,0,0
n_prc\set93\n_prc_4.py,n_prc,93,n_prc,4,4,6,5,0.5,0.5,0.7,0.6,2.0,1.0,96.599997,40,14,92.0,137.999995,46.018182,1,1,1093,0,ilp_v2,optimal,1,115.20254,96.585455,1.192752,0.03875,0.0,,0.03875,0.046086,3,0,0
n_prc\set93\n_prc_4.py,n_prc,93,n_prc,4,4,6,5,0.5,0.5,0.7,0.6,2.0,1.0,96.599997,40,14,92.0,137.999995,46.018182,1,1,1093,0,ilp_v3,optimal,1,110.259458,96.546764,1.142032,0.069652,0.0,,0.069652,0.081172,3,0,0
n_prc\set93\n_prc_4.py,n_prc,93,n_prc,4,4,6,5,0.5,0.5,0.7,0.6,2.0,1.0,96.599997,40,14,92.0,137.999995,46.018182,1,1,1093,0,ilp_v4,error,0,,,,0.049168,,"AssertionError('phase_swap_local_search: the DBF pre-check (min_slack_for_job) and the full check (check_all_timing) disagreed, which should be impossible — see ISSUES.md -> SWAP-BREAK for why. 4 occu",0.049168,0.0781,3,0,0
n_prc\set93\n_prc_4.py,n_prc,93,n_prc,4,4,6,5,0.5,0.5,0.7,0.6,2.0,1.0,96.599997,40,14,92.0,137.999995,46.018182,1,1,1093,0,greedy_sps_baseline,solved,1,16.528179,96.39199,0.171468,0.001066,,,0.001066,0.001759,3,0,0
n_prc\set94\n_prc_2.py,n_prc,94,n_prc,2,2,5,5,0.5,0.5,0.7,0.6,1.0,0.5,48.300002,40,13,46.0,69.000002,23.009091,1,1,1094,0,ilp_v2,optimal,1,76.926708,47.879684,1.606667,0.114193,0.0,,0.114193,0.140258,3,0,0
n_prc\set94\n_prc_2.py,n_prc,94,n_prc,2,2,5,5,0.5,0.5,0.7,0.6,1.0,0.5,48.300002,40,13,46.0,69.000002,23.009091,1,1,1094,0,ilp_v3,optimal,1,81.601177,48.104349,1.696337,0.013536,0.0,,0.013536,0.014482,3,0,0
n_prc\set94\n_prc_2.py,n_prc,94,n_prc,2,2,5,5,0.5,0.5,0.7,0.6,1.0,0.5,48.300002,40,13,46.0,69.000002,23.009091,1,1,1094,0,ilp_v4,optimal,1,81.601177,48.076331,1.697325,0.064005,0.0,,0.064005,0.087239,3,0,0
n_prc\set94\n_prc_2.py,n_prc,94,n_prc,2,2,5,5,0.5,0.5,0.7,0.6,1.0,0.5,48.300002,40,13,46.0,69.000002,23.009091,1,1,1094,0,greedy_sps_baseline,solved,1,8.554266,48.297005,0.177118,0.000912,,,0.000912,0.001205,3,0,0
n_prc\set94\n_prc_4.py,n_prc,94,n_prc,4,4,6,5,0.5,0.5,0.7,0.6,2.0,1.0,96.600002,40,15,92.000001,138.000003,46.018182,1,1,1094,0,ilp_v2,optimal,1,92.168475,96.504978,0.955064,0.02241,0.0,,0.02241,0.026701,3,0,0
n_prc\set94\n_prc_4.py,n_prc,94,n_prc,4,4,6,5,0.5,0.5,0.7,0.6,2.0,1.0,96.600002,40,15,92.000001,138.000003,46.018182,1,1,1094,0,ilp_v3,optimal,1,119.551198,96.496254,1.238921,0.053261,9e-05,,0.053261,0.059243,3,0,0
n_prc\set94\n_prc_4.py,n_prc,94,n_prc,4,4,6,5,0.5,0.5,0.7,0.6,2.0,1.0,96.600002,40,15,92.000001,138.000003,46.018182,1,1,1094,0,ilp_v4,error,0,,,,0.054312,,"AssertionError('phase_swap_local_search: the DBF pre-check (min_slack_for_job) and the full check (check_all_timing) disagreed, which should be impossible — see ISSUES.md -> SWAP-BREAK for why. 2 occu",0.054312,0.060421,3,0,0
n_prc\set94\n_prc_4.py,n_prc,94,n_prc,4,4,6,5,0.5,0.5,0.7,0.6,2.0,1.0,96.600002,40,15,92.000001,138.000003,46.018182,1,1,1094,0,greedy_sps_baseline,solved,1,16.845302,96.583537,0.174412,0.001637,,,0.001637,0.001765,3,0,0
n_prc\set95\n_prc_2.py,n_prc,95,n_prc,2,2,5,5,0.5,0.5,0.7,0.6,1.0,0.5,48.299995,40,12,45.999999,68.999993,21.433333,1,1,1095,0,ilp_v2,optimal,1,51.491307,48.246719,1.06725,0.030173,0.0,,0.030173,0.03686,3,0,0
n_prc\set95\n_prc_2.py,n_prc,95,n_prc,2,2,5,5,0.5,0.5,0.7,0.6,1.0,0.5,48.299995,40,12,45.999999,68.999993,21.433333,1,1,1095,0,ilp_v3,optimal,1,54.029745,48.183831,1.121325,0.028126,0.0,,0.028126,0.030683,3,0,0
n_prc\set95\n_prc_2.py,n_prc,95,n_prc,2,2,5,5,0.5,0.5,0.7,0.6,1.0,0.5,48.299995,40,12,45.999999,68.999993,21.433333,1,1,1095,0,ilp_v4,optimal,1,54.029745,48.224975,1.120369,0.110072,0.0,,0.110072,0.127771,3,0,0
n_prc\set95\n_prc_2.py,n_prc,95,n_prc,2,2,5,5,0.5,0.5,0.7,0.6,1.0,0.5,48.299995,40,12,45.999999,68.999993,21.433333,1,1,1095,0,greedy_sps_baseline,solved,1,9.079821,48.285806,0.188043,0.001842,,,0.001842,0.003192,3,0,0
n_prc\set95\n_prc_4.py,n_prc,95,n_prc,4,4,6,5,0.5,0.5,0.7,0.6,2.0,1.0,96.599998,40,13,92.0,137.999997,42.866667,1,1,1095,0,ilp_v2,optimal,1,63.863346,95.802171,0.666617,0.027481,9.4e-05,,0.027481,0.04121,3,0,0
n_prc\set95\n_prc_4.py,n_prc,95,n_prc,4,4,6,5,0.5,0.5,0.7,0.6,2.0,1.0,96.599998,40,13,92.0,137.999997,42.866667,1,1,1095,0,ilp_v3,optimal,1,83.816495,96.531565,0.868281,0.131463,0.0,,0.131463,0.147517,3,0,0
n_prc\set95\n_prc_4.py,n_prc,95,n_prc,4,4,6,5,0.5,0.5,0.7,0.6,2.0,1.0,96.599998,40,13,92.0,137.999997,42.866667,1,1,1095,0,ilp_v4,optimal,1,86.728672,96.566883,0.89812,0.260267,0.0,,0.260267,0.278134,3,0,0
n_prc\set95\n_prc_4.py,n_prc,95,n_prc,4,4,6,5,0.5,0.5,0.7,0.6,2.0,1.0,96.599998,40,13,92.0,137.999997,42.866667,1,1,1095,0,greedy_sps_baseline,solved,1,16.170496,96.508795,0.167555,0.001474,,,0.001474,0.00163,3,0,0
n_prc\set96\n_prc_2.py,n_prc,96,n_prc,2,2,5,5,0.5,0.5,0.7,0.6,1.0,0.5,48.299999,40,11,46.0,68.999999,22.042857,1,1,1096,0,ilp_v2,optimal,1,67.413374,48.261899,1.396824,0.021624,0.0,,0.021624,0.027137,3,0,0
n_prc\set96\n_prc_2.py,n_prc,96,n_prc,2,2,5,5,0.5,0.5,0.7,0.6,1.0,0.5,48.299999,40,11,46.0,68.999999,22.042857,1,1,1096,0,ilp_v3,optimal,1,52.323891,47.833035,1.093886,0.107955,0.0,,0.107955,0.115907,3,0,0
n_prc\set96\n_prc_2.py,n_prc,96,n_prc,2,2,5,5,0.5,0.5,0.7,0.6,1.0,0.5,48.299999,40,11,46.0,68.999999,22.042857,1,1,1096,0,ilp_v4,optimal,1,71.863133,48.244001,1.489577,0.065213,0.0,,0.065213,0.074464,3,0,0
n_prc\set96\n_prc_2.py,n_prc,96,n_prc,2,2,5,5,0.5,0.5,0.7,0.6,1.0,0.5,48.299999,40,11,46.0,68.999999,22.042857,1,1,1096,0,greedy_sps_baseline,solved,1,9.091155,48.291914,0.188254,0.002303,,,0.002303,0.002928,3,0,0
n_prc\set96\n_prc_4.py,n_prc,96,n_prc,4,4,6,5,0.5,0.5,0.7,0.6,2.0,1.0,96.599998,40,15,91.999999,137.999998,44.085714,1,1,1096,0,ilp_v2,optimal,1,142.374648,96.408487,1.476785,0.023518,0.0,,0.023518,0.032273,3,0,0
n_prc\set96\n_prc_4.py,n_prc,96,n_prc,4,4,6,5,0.5,0.5,0.7,0.6,2.0,1.0,96.599998,40,15,91.999999,137.999998,44.085714,1,1,1096,0,ilp_v3,optimal,1,121.831734,96.472715,1.262862,0.01174,0.0,,0.01174,0.018364,3,0,0
n_prc\set96\n_prc_4.py,n_prc,96,n_prc,4,4,6,5,0.5,0.5,0.7,0.6,2.0,1.0,96.599998,40,15,91.999999,137.999998,44.085714,1,1,1096,0,ilp_v4,optimal,1,153.322659,96.596893,1.587242,0.083525,4.5e-05,,0.083525,0.130314,3,0,0
n_prc\set96\n_prc_4.py,n_prc,96,n_prc,4,4,6,5,0.5,0.5,0.7,0.6,2.0,1.0,96.599998,40,15,91.999999,137.999998,44.085714,1,1,1096,0,greedy_sps_baseline,solved,1,16.89536,96.194717,0.175637,0.002871,,,0.002871,0.003174,3,0,0
n_prc\set97\n_prc_2.py,n_prc,97,n_prc,2,2,5,5,0.5,0.5,0.7,0.6,1.0,0.5,48.299998,40,9,45.999999,68.999998,22.042857,1,1,1097,0,ilp_v2,optimal,1,65.319046,47.5552,1.373542,0.021179,0.0,,0.021179,0.027212,3,0,0
n_prc\set97\n_prc_2.py,n_prc,97,n_prc,2,2,5,5,0.5,0.5,0.7,0.6,1.0,0.5,48.299998,40,9,45.999999,68.999998,22.042857,1,1,1097,0,ilp_v3,optimal,1,74.30626,48.235253,1.540497,0.018711,0.0,,0.018711,0.01896,3,0,0
n_prc\set97\n_prc_2.py,n_prc,97,n_prc,2,2,5,5,0.5,0.5,0.7,0.6,1.0,0.5,48.299998,40,9,45.999999,68.999998,22.042857,1,1,1097,0,ilp_v4,optimal,1,72.335656,48.18674,1.501153,0.090747,0.0,,0.090747,0.103986,3,0,0
n_prc\set97\n_prc_2.py,n_prc,97,n_prc,2,2,5,5,0.5,0.5,0.7,0.6,1.0,0.5,48.299998,40,9,45.999999,68.999998,22.042857,1,1,1097,0,greedy_sps_baseline,solved,1,7.552655,47.934345,0.157562,0.001028,,,0.001028,0.001233,3,0,0
n_prc\set97\n_prc_4.py,n_prc,97,n_prc,4,4,6,5,0.5,0.5,0.7,0.6,2.0,1.0,96.599997,40,11,92.000001,137.999995,44.085715,1,1,1097,0,ilp_v2,optimal,1,95.488024,96.513232,0.989378,0.033941,8.2e-05,,0.033941,0.039768,3,0,0
n_prc\set97\n_prc_4.py,n_prc,97,n_prc,4,4,6,5,0.5,0.5,0.7,0.6,2.0,1.0,96.599997,40,11,92.000001,137.999995,44.085715,1,1,1097,0,ilp_v3,optimal,1,78.30921,96.478729,0.811673,0.030235,0.0,,0.030235,0.032724,3,0,0
n_prc\set97\n_prc_4.py,n_prc,97,n_prc,4,4,6,5,0.5,0.5,0.7,0.6,2.0,1.0,96.599997,40,11,92.000001,137.999995,44.085715,1,1,1097,0,ilp_v4,optimal,1,100.551404,96.470777,1.042299,0.19501,0.0,,0.19501,0.209539,3,0,0
n_prc\set97\n_prc_4.py,n_prc,97,n_prc,4,4,6,5,0.5,0.5,0.7,0.6,2.0,1.0,96.599997,40,11,92.000001,137.999995,44.085715,1,1,1097,0,greedy_sps_baseline,solved,1,12.98573,96.308564,0.134835,0.001676,,,0.001676,0.001854,3,0,0
n_prc\set98\n_prc_2.py,n_prc,98,n_prc,2,2,5,5,0.5,0.5,0.7,0.6,1.0,0.5,48.3,40,15,46.000001,69.0,21.400001,1,1,1098,0,ilp_v2,optimal,1,69.968947,48.258155,1.449889,0.053272,0.0,,0.053272,0.054186,3,0,0
n_prc\set98\n_prc_2.py,n_prc,98,n_prc,2,2,5,5,0.5,0.5,0.7,0.6,1.0,0.5,48.3,40,15,46.000001,69.0,21.400001,1,1,1098,0,ilp_v3,optimal,1,70.490809,48.17075,1.463353,0.041058,0.0,,0.041058,0.045214,3,0,0
n_prc\set98\n_prc_2.py,n_prc,98,n_prc,2,2,5,5,0.5,0.5,0.7,0.6,1.0,0.5,48.3,40,15,46.000001,69.0,21.400001,1,1,1098,0,ilp_v4,optimal,1,71.13127,48.258046,1.473977,0.127926,0.0,,0.127926,0.145399,3,0,0
n_prc\set98\n_prc_2.py,n_prc,98,n_prc,2,2,5,5,0.5,0.5,0.7,0.6,1.0,0.5,48.3,40,15,46.000001,69.0,21.400001,1,1,1098,0,greedy_sps_baseline,solved,1,7.991465,48.094382,0.166162,0.00099,,,0.00099,0.001417,3,0,0
n_prc\set98\n_prc_4.py,n_prc,98,n_prc,4,4,6,5,0.5,0.5,0.7,0.6,2.0,1.0,96.600008,40,16,92.000002,138.000011,42.800001,1,1,1098,0,ilp_v2,optimal,1,111.596218,96.505706,1.156369,0.025662,0.0,,0.025662,0.031435,3,0,0
n_prc\set98\n_prc_4.py,n_prc,98,n_prc,4,4,6,5,0.5,0.5,0.7,0.6,2.0,1.0,96.600008,40,16,92.000002,138.000011,42.800001,1,1,1098,0,ilp_v3,optimal,1,125.432901,96.596473,1.298525,0.187738,0.0,,0.187738,0.188199,3,0,0
n_prc\set98\n_prc_4.py,n_prc,98,n_prc,4,4,6,5,0.5,0.5,0.7,0.6,2.0,1.0,96.600008,40,16,92.000002,138.000011,42.800001,1,1,1098,0,ilp_v4,optimal,1,141.443346,96.480138,1.466036,0.286081,0.0,,0.286081,0.398465,3,0,0
n_prc\set98\n_prc_4.py,n_prc,98,n_prc,4,4,6,5,0.5,0.5,0.7,0.6,2.0,1.0,96.600008,40,16,92.000002,138.000011,42.800001,1,1,1098,0,greedy_sps_baseline,solved,1,19.167783,96.522468,0.198584,0.004325,,,0.004325,0.00481,3,0,0
n_prc\set99\n_prc_2.py,n_prc,99,n_prc,2,2,5,5,0.5,0.5,0.7,0.6,1.0,0.5,48.299999,40,11,45.999998,68.999999,21.433332,1,1,1099,0,ilp_v2,optimal,1,62.627818,48.287832,1.296969,0.024497,0.0,,0.024497,0.035094,3,0,0
n_prc\set99\n_prc_2.py,n_prc,99,n_prc,2,2,5,5,0.5,0.5,0.7,0.6,1.0,0.5,48.299999,40,11,45.999998,68.999999,21.433332,1,1,1099,0,ilp_v3,optimal,1,67.484713,48.285213,1.397627,0.028236,0.0,,0.028236,0.030428,3,0,0
n_prc\set99\n_prc_2.py,n_prc,99,n_prc,2,2,5,5,0.5,0.5,0.7,0.6,1.0,0.5,48.299999,40,11,45.999998,68.999999,21.433332,1,1,1099,0,ilp_v4,optimal,1,68.733572,48.242657,1.424747,0.056433,0.0,,0.056433,0.06144,3,0,0
n_prc\set99\n_prc_2.py,n_prc,99,n_prc,2,2,5,5,0.5,0.5,0.7,0.6,1.0,0.5,48.299999,40,11,45.999998,68.999999,21.433332,1,1,1099,0,greedy_sps_baseline,solved,1,8.846647,48.08186,0.183991,0.000663,,,0.000663,0.000894,3,0,0
n_prc\set99\n_prc_4.py,n_prc,99,n_prc,4,4,6,5,0.5,0.5,0.7,0.6,2.0,1.0,96.599996,40,15,91.999999,137.999994,42.866666,1,1,1099,0,ilp_v2,optimal,1,114.299659,96.080305,1.189626,0.072095,0.0,,0.072095,0.078622,3,0,0
n_prc\set99\n_prc_4.py,n_prc,99,n_prc,4,4,6,5,0.5,0.5,0.7,0.6,2.0,1.0,96.599996,40,15,91.999999,137.999994,42.866666,1,1,1099,0,ilp_v3,optimal,1,112.895527,96.576021,1.168981,0.102716,0.0,,0.102716,0.109151,3,0,0
n_prc\set99\n_prc_4.py,n_prc,99,n_prc,4,4,6,5,0.5,0.5,0.7,0.6,2.0,1.0,96.599996,40,15,91.999999,137.999994,42.866666,1,1,1099,0,ilp_v4,optimal,1,145.681883,96.521693,1.509318,0.37694,0.0,,0.37694,0.412073,3,0,0
n_prc\set99\n_prc_4.py,n_prc,99,n_prc,4,4,6,5,0.5,0.5,0.7,0.6,2.0,1.0,96.599996,40,15,91.999999,137.999994,42.866666,1,1,1099,0,greedy_sps_baseline,solved,1,15.671247,96.318698,0.162702,0.002068,,,0.002068,0.002238,3,0,0
