file,sweep,set,factor,value,n_prc,n_tsk,n_frq,u_mand_factor,u_opt_factor,rho,xi,U_M,U_O,B,H,J,e_mand_fmax,e_full_fmax,e_mand_min,feasible,donate_ok,seed,redraws
u_mand_factor\set00\u_mand_factor_0.1.py,u_mand_factor,0,u_mand_factor,0.1,2,5,5,0.1,0.5,0.7,0.6,0.2,0.9,35.420002,40,13,9.200002,50.600002,4.408573,1,0,1000,0
u_mand_factor\set00\u_mand_factor_0.2.py,u_mand_factor,0,u_mand_factor,0.2,2,5,5,0.2,0.5,0.7,0.6,0.4,0.8,38.639998,40,13,18.400001,55.199997,8.817143,1,0,1000,0
u_mand_factor\set00\u_mand_factor_0.3.py,u_mand_factor,0,u_mand_factor,0.3,2,5,5,0.3,0.5,0.7,0.6,0.6,0.7,41.860001,40,13,27.600001,59.800001,13.225715,1,1,1000,0
u_mand_factor\set00\u_mand_factor_0.4.py,u_mand_factor,0,u_mand_factor,0.4,2,5,5,0.4,0.5,0.7,0.6,0.8,0.6,45.079998,40,13,36.800002,64.399997,17.634287,1,1,1000,0
u_mand_factor\set00\u_mand_factor_0.5.py,u_mand_factor,0,u_mand_factor,0.5,2,5,5,0.5,0.5,0.7,0.6,1.0,0.5,48.300003,40,13,46.000002,69.000005,22.042858,1,1,1000,0
u_mand_factor\set00\u_mand_factor_0.6.py,u_mand_factor,0,u_mand_factor,0.6,2,5,5,0.6,0.5,0.7,0.6,1.2,0.4,51.520001,40,13,55.200003,73.600001,26.45143,1,1,1000,0
u_mand_factor\set00\u_mand_factor_0.7.py,u_mand_factor,0,u_mand_factor,0.7,2,5,5,0.7,0.5,0.7,0.6,1.4,0.3,54.74,40,13,64.399999,78.2,30.859999,1,1,1000,0
u_mand_factor\set00\u_mand_factor_0.8.py,u_mand_factor,0,u_mand_factor,0.8,2,5,5,0.8,0.5,0.7,0.6,1.6,0.2,57.959996,40,13,73.6,82.799994,35.268571,1,1,1000,0
u_mand_factor\set00\u_mand_factor_0.9.py,u_mand_factor,0,u_mand_factor,0.9,2,5,5,0.9,0.5,0.7,0.6,1.8,0.1,61.180003,40,13,82.8,87.400005,39.677143,1,1,1000,0
u_mand_factor\set01\u_mand_factor_0.1.py,u_mand_factor,1,u_mand_factor,0.1,2,5,5,0.1,0.5,0.7,0.6,0.2,0.9,35.420005,40,13,9.200001,50.600007,4.286667,1,0,1001,0
u_mand_factor\set01\u_mand_factor_0.2.py,u_mand_factor,1,u_mand_factor,0.2,2,5,5,0.2,0.5,0.7,0.6,0.4,0.8,38.639998,40,13,18.400001,55.199998,8.573334,1,0,1001,0
u_mand_factor\set01\u_mand_factor_0.3.py,u_mand_factor,1,u_mand_factor,0.3,2,5,5,0.3,0.5,0.7,0.6,0.6,0.7,41.860002,40,13,27.6,59.800002,12.86,1,1,1001,0
u_mand_factor\set01\u_mand_factor_0.4.py,u_mand_factor,1,u_mand_factor,0.4,2,5,5,0.4,0.5,0.7,0.6,0.8,0.6,45.08,40,13,36.800001,64.4,17.146667,1,1,1001,0
u_mand_factor\set01\u_mand_factor_0.5.py,u_mand_factor,1,u_mand_factor,0.5,2,5,5,0.5,0.5,0.7,0.6,1.0,0.5,48.300002,40,13,46.000002,69.000003,21.433334,1,1,1001,0
u_mand_factor\set01\u_mand_factor_0.6.py,u_mand_factor,1,u_mand_factor,0.6,2,5,5,0.6,0.5,0.7,0.6,1.2,0.4,51.520001,40,13,55.200003,73.600001,25.720002,1,1,1001,0
u_mand_factor\set01\u_mand_factor_0.7.py,u_mand_factor,1,u_mand_factor,0.7,2,5,5,0.7,0.5,0.7,0.6,1.4,0.3,54.739998,40,13,64.399995,78.199997,30.006665,1,1,1001,0
u_mand_factor\set01\u_mand_factor_0.8.py,u_mand_factor,1,u_mand_factor,0.8,2,5,5,0.8,0.5,0.7,0.6,1.6,0.2,57.960002,40,13,73.600001,82.800003,34.293334,1,1,1001,0
u_mand_factor\set01\u_mand_factor_0.9.py,u_mand_factor,1,u_mand_factor,0.9,2,5,5,0.9,0.5,0.7,0.6,1.8,0.1,61.180001,40,13,82.800002,87.400001,38.580001,1,1,1001,0
u_mand_factor\set02\u_mand_factor_0.1.py,u_mand_factor,2,u_mand_factor,0.1,2,5,5,0.1,0.5,0.7,0.6,0.2,0.9,35.420002,40,11,9.200002,50.600002,4.280001,1,0,1002,0
u_mand_factor\set02\u_mand_factor_0.2.py,u_mand_factor,2,u_mand_factor,0.2,2,5,5,0.2,0.5,0.7,0.6,0.4,0.8,38.64,40,11,18.4,55.2,8.56,1,0,1002,0
u_mand_factor\set02\u_mand_factor_0.3.py,u_mand_factor,2,u_mand_factor,0.3,2,5,5,0.3,0.5,0.7,0.6,0.6,0.7,41.859997,40,11,27.599997,59.799995,12.839998,1,1,1002,0
u_mand_factor\set02\u_mand_factor_0.4.py,u_mand_factor,2,u_mand_factor,0.4,2,5,5,0.4,0.5,0.7,0.6,0.8,0.6,45.079996,40,11,36.799999,64.399994,17.119999,1,1,1002,0
u_mand_factor\set02\u_mand_factor_0.5.py,u_mand_factor,2,u_mand_factor,0.5,2,5,5,0.5,0.5,0.7,0.6,1.0,0.5,48.299998,40,11,46.000001,68.999997,21.400001,1,1,1002,0
u_mand_factor\set02\u_mand_factor_0.6.py,u_mand_factor,2,u_mand_factor,0.6,2,5,5,0.6,0.5,0.7,0.6,1.2,0.4,51.520001,40,11,55.199999,73.600001,25.679999,1,1,1002,0
u_mand_factor\set02\u_mand_factor_0.7.py,u_mand_factor,2,u_mand_factor,0.7,2,5,5,0.7,0.5,0.7,0.6,1.4,0.3,54.740002,40,11,64.4,78.200002,29.96,1,1,1002,0
u_mand_factor\set02\u_mand_factor_0.8.py,u_mand_factor,2,u_mand_factor,0.8,2,5,5,0.8,0.5,0.7,0.6,1.6,0.2,57.959997,40,11,73.6,82.799995,34.24,1,1,1002,0
u_mand_factor\set02\u_mand_factor_0.9.py,u_mand_factor,2,u_mand_factor,0.9,2,5,5,0.9,0.5,0.7,0.6,1.8,0.1,61.180002,40,13,82.8,87.400003,38.58,1,1,1002,2
u_mand_factor\set03\u_mand_factor_0.1.py,u_mand_factor,3,u_mand_factor,0.1,2,5,5,0.1,0.5,0.7,0.6,0.2,0.9,35.420002,40,10,9.200001,50.600003,4.286667,1,0,1003,0
u_mand_factor\set03\u_mand_factor_0.2.py,u_mand_factor,3,u_mand_factor,0.2,2,5,5,0.2,0.5,0.7,0.6,0.4,0.8,38.640002,40,10,18.399999,55.200003,8.573333,1,0,1003,0
u_mand_factor\set03\u_mand_factor_0.3.py,u_mand_factor,3,u_mand_factor,0.3,2,5,5,0.3,0.5,0.7,0.6,0.6,0.7,41.860002,40,10,27.6,59.800002,12.86,1,1,1003,0
u_mand_factor\set03\u_mand_factor_0.4.py,u_mand_factor,3,u_mand_factor,0.4,2,5,5,0.4,0.5,0.7,0.6,0.8,0.6,45.08,40,10,36.799999,64.4,17.146666,1,1,1003,0
u_mand_factor\set03\u_mand_factor_0.5.py,u_mand_factor,3,u_mand_factor,0.5,2,5,5,0.5,0.5,0.7,0.6,1.0,0.5,48.299999,40,10,46.0,68.999999,21.433333,1,1,1003,0
u_mand_factor\set03\u_mand_factor_0.6.py,u_mand_factor,3,u_mand_factor,0.6,2,5,5,0.6,0.5,0.7,0.6,1.2,0.4,51.519998,40,10,55.199998,73.599998,25.719999,1,1,1003,0
u_mand_factor\set03\u_mand_factor_0.7.py,u_mand_factor,3,u_mand_factor,0.7,2,5,5,0.7,0.5,0.7,0.6,1.4,0.3,54.739998,40,10,64.399999,78.199998,30.006666,1,1,1003,0
u_mand_factor\set03\u_mand_factor_0.8.py,u_mand_factor,3,u_mand_factor,0.8,2,5,5,0.8,0.5,0.7,0.6,1.6,0.2,57.959998,40,10,73.599998,82.799997,34.293332,1,1,1003,0
u_mand_factor\set03\u_mand_factor_0.9.py,u_mand_factor,3,u_mand_factor,0.9,2,5,5,0.9,0.5,0.7,0.6,1.8,0.1,61.179998,40,10,82.799998,87.399998,38.579999,1,1,1003,0
u_mand_factor\set04\u_mand_factor_0.1.py,u_mand_factor,4,u_mand_factor,0.1,2,5,5,0.1,0.5,0.7,0.6,0.2,0.9,35.420002,40,13,9.200002,50.600003,4.408573,1,0,1004,0
u_mand_factor\set04\u_mand_factor_0.2.py,u_mand_factor,4,u_mand_factor,0.2,2,5,5,0.2,0.5,0.7,0.6,0.4,0.8,38.640001,40,13,18.399999,55.200001,8.817142,1,0,1004,0
u_mand_factor\set04\u_mand_factor_0.3.py,u_mand_factor,4,u_mand_factor,0.3,2,5,5,0.3,0.5,0.7,0.6,0.6,0.7,41.860002,40,13,27.600003,59.800003,13.225716,1,1,1004,0
u_mand_factor\set04\u_mand_factor_0.4.py,u_mand_factor,4,u_mand_factor,0.4,2,5,5,0.4,0.5,0.7,0.6,0.8,0.6,45.080002,40,13,36.800002,64.400003,17.634287,1,1,1004,0
u_mand_factor\set04\u_mand_factor_0.5.py,u_mand_factor,4,u_mand_factor,0.5,2,5,5,0.5,0.5,0.7,0.6,1.0,0.5,48.300002,40,13,46.000002,69.000003,22.042858,1,1,1004,0
u_mand_factor\set04\u_mand_factor_0.6.py,u_mand_factor,4,u_mand_factor,0.6,2,5,5,0.6,0.5,0.7,0.6,1.2,0.4,51.520002,40,13,55.199999,73.600003,26.451428,1,1,1004,0
u_mand_factor\set04\u_mand_factor_0.7.py,u_mand_factor,4,u_mand_factor,0.7,2,5,5,0.7,0.5,0.7,0.6,1.4,0.3,54.740001,40,13,64.400001,78.200001,30.860001,1,1,1004,0
u_mand_factor\set04\u_mand_factor_0.8.py,u_mand_factor,4,u_mand_factor,0.8,2,5,5,0.8,0.5,0.7,0.6,1.6,0.2,57.960002,40,13,73.600002,82.800003,35.268573,1,1,1004,0
u_mand_factor\set04\u_mand_factor_0.9.py,u_mand_factor,4,u_mand_factor,0.9,2,5,5,0.9,0.5,0.7,0.6,1.8,0.1,61.180002,40,13,82.800003,87.400002,39.677145,1,1,1004,0
u_mand_factor\set05\u_mand_factor_0.1.py,u_mand_factor,5,u_mand_factor,0.1,2,5,5,0.1,0.5,0.7,0.6,0.2,0.9,35.420001,40,10,9.199999,50.600001,4.879999,1,0,1005,0
u_mand_factor\set05\u_mand_factor_0.2.py,u_mand_factor,5,u_mand_factor,0.2,2,5,5,0.2,0.5,0.7,0.6,0.4,0.8,38.640002,40,10,18.400002,55.200003,9.760001,1,0,1005,0
u_mand_factor\set05\u_mand_factor_0.3.py,u_mand_factor,5,u_mand_factor,0.3,2,5,5,0.3,0.5,0.7,0.6,0.6,0.7,41.859997,40,10,27.6,59.799995,14.64,1,1,1005,0
u_mand_factor\set05\u_mand_factor_0.4.py,u_mand_factor,5,u_mand_factor,0.4,2,5,5,0.4,0.5,0.7,0.6,0.8,0.6,45.08,40,10,36.800001,64.4,19.520001,1,1,1005,0
u_mand_factor\set05\u_mand_factor_0.5.py,u_mand_factor,5,u_mand_factor,0.5,2,5,5,0.5,0.5,0.7,0.6,1.0,0.5,48.299999,40,10,46.0,68.999999,24.4,1,1,1005,0
u_mand_factor\set05\u_mand_factor_0.6.py,u_mand_factor,5,u_mand_factor,0.6,2,5,5,0.6,0.5,0.7,0.6,1.2,0.4,51.520004,40,10,55.200003,73.600006,29.280002,1,1,1005,0
u_mand_factor\set05\u_mand_factor_0.7.py,u_mand_factor,5,u_mand_factor,0.7,2,5,5,0.7,0.5,0.7,0.6,1.4,0.3,54.740002,40,10,64.400001,78.200003,34.160001,1,1,1005,0
u_mand_factor\set05\u_mand_factor_0.8.py,u_mand_factor,5,u_mand_factor,0.8,2,5,5,0.8,0.5,0.7,0.6,1.6,0.2,57.959998,40,10,73.599998,82.799997,39.039999,1,1,1005,0
u_mand_factor\set05\u_mand_factor_0.9.py,u_mand_factor,5,u_mand_factor,0.9,2,5,5,0.9,0.5,0.7,0.6,1.8,0.1,61.179998,40,10,82.8,87.399997,43.92,1,1,1005,0
u_mand_factor\set06\u_mand_factor_0.1.py,u_mand_factor,6,u_mand_factor,0.1,2,5,5,0.1,0.5,0.7,0.6,0.2,0.9,35.419999,40,10,9.2,50.599999,4.286667,1,0,1006,0
u_mand_factor\set06\u_mand_factor_0.2.py,u_mand_factor,6,u_mand_factor,0.2,2,5,5,0.2,0.5,0.7,0.6,0.4,0.8,38.639998,40,10,18.399998,55.199998,8.573332,1,0,1006,0
u_mand_factor\set06\u_mand_factor_0.3.py,u_mand_factor,6,u_mand_factor,0.3,2,5,5,0.3,0.5,0.7,0.6,0.6,0.7,41.860003,40,10,27.600003,59.800005,12.860002,1,1,1006,0
u_mand_factor\set06\u_mand_factor_0.4.py,u_mand_factor,6,u_mand_factor,0.4,2,5,5,0.4,0.5,0.7,0.6,0.8,0.6,45.08,40,10,36.8,64.4,17.146667,1,1,1006,0
u_mand_factor\set06\u_mand_factor_0.5.py,u_mand_factor,6,u_mand_factor,0.5,2,5,5,0.5,0.5,0.7,0.6,1.0,0.5,48.300002,40,10,46.000002,69.000002,21.433334,1,1,1006,0
u_mand_factor\set06\u_mand_factor_0.6.py,u_mand_factor,6,u_mand_factor,0.6,2,5,5,0.6,0.5,0.7,0.6,1.2,0.4,51.519997,40,10,55.199998,73.599995,25.719999,1,1,1006,0
u_mand_factor\set06\u_mand_factor_0.7.py,u_mand_factor,6,u_mand_factor,0.7,2,5,5,0.7,0.5,0.7,0.6,1.4,0.3,54.740001,40,10,64.399999,78.200001,30.006666,1,1,1006,0
u_mand_factor\set06\u_mand_factor_0.8.py,u_mand_factor,6,u_mand_factor,0.8,2,5,5,0.8,0.5,0.7,0.6,1.6,0.2,57.960002,40,10,73.600002,82.800002,34.293334,1,1,1006,0
u_mand_factor\set06\u_mand_factor_0.9.py,u_mand_factor,6,u_mand_factor,0.9,2,5,5,0.9,0.5,0.7,0.6,1.8,0.1,61.180002,40,10,82.800001,87.400003,38.580001,1,1,1006,0
u_mand_factor\set07\u_mand_factor_0.1.py,u_mand_factor,7,u_mand_factor,0.1,2,5,5,0.1,0.5,0.7,0.6,0.2,0.9,35.419998,40,9,9.2,50.599998,4.28,1,0,1007,0
u_mand_factor\set07\u_mand_factor_0.2.py,u_mand_factor,7,u_mand_factor,0.2,2,5,5,0.2,0.5,0.7,0.6,0.4,0.8,38.64,40,9,18.400001,55.2,8.560001,1,0,1007,0
u_mand_factor\set07\u_mand_factor_0.3.py,u_mand_factor,7,u_mand_factor,0.3,2,5,5,0.3,0.5,0.7,0.6,0.6,0.7,41.860002,40,9,27.600003,59.800003,12.840002,1,1,1007,0
u_mand_factor\set07\u_mand_factor_0.4.py,u_mand_factor,7,u_mand_factor,0.4,2,5,5,0.4,0.5,0.7,0.6,0.8,0.6,45.079998,40,9,36.799999,64.399998,17.119999,1,1,1007,0
u_mand_factor\set07\u_mand_factor_0.5.py,u_mand_factor,7,u_mand_factor,0.5,2,5,5,0.5,0.5,0.7,0.6,1.0,0.5,48.299998,40,9,45.999999,68.999997,21.399999,1,1,1007,0
u_mand_factor\set07\u_mand_factor_0.6.py,u_mand_factor,7,u_mand_factor,0.6,2,5,5,0.6,0.5,0.7,0.6,1.2,0.4,51.519999,40,9,55.2,73.599999,25.68,1,1,1007,0
u_mand_factor\set07\u_mand_factor_0.7.py,u_mand_factor,7,u_mand_factor,0.7,2,5,5,0.7,0.5,0.7,0.6,1.4,0.3,54.739998,40,9,64.400001,78.199998,29.960001,1,1,1007,0
u_mand_factor\set07\u_mand_factor_0.8.py,u_mand_factor,7,u_mand_factor,0.8,2,5,5,0.8,0.5,0.7,0.6,1.6,0.2,57.960001,40,9,73.600001,82.800001,34.240001,1,1,1007,0
u_mand_factor\set07\u_mand_factor_0.9.py,u_mand_factor,7,u_mand_factor,0.9,2,5,5,0.9,0.5,0.7,0.6,1.8,0.1,61.18,40,9,82.799999,87.4,38.519999,1,1,1007,0
u_mand_factor\set08\u_mand_factor_0.1.py,u_mand_factor,8,u_mand_factor,0.1,2,5,5,0.1,0.5,0.7,0.6,0.2,0.9,35.420001,40,9,9.200002,50.600001,4.408573,1,0,1008,0
u_mand_factor\set08\u_mand_factor_0.2.py,u_mand_factor,8,u_mand_factor,0.2,2,5,5,0.2,0.5,0.7,0.6,0.4,0.8,38.639996,40,9,18.399997,55.199994,8.817141,1,0,1008,0
u_mand_factor\set08\u_mand_factor_0.3.py,u_mand_factor,8,u_mand_factor,0.3,2,5,5,0.3,0.5,0.7,0.6,0.6,0.7,41.859998,40,9,27.6,59.799998,13.225714,1,1,1008,0
u_mand_factor\set08\u_mand_factor_0.4.py,u_mand_factor,8,u_mand_factor,0.4,2,5,5,0.4,0.5,0.7,0.6,0.8,0.6,45.080002,40,9,36.800001,64.400003,17.634286,1,1,1008,0
u_mand_factor\set08\u_mand_factor_0.5.py,u_mand_factor,8,u_mand_factor,0.5,2,5,5,0.5,0.5,0.7,0.6,1.0,0.5,48.3,40,9,46.000002,69.0,22.042858,1,1,1008,0
u_mand_factor\set08\u_mand_factor_0.6.py,u_mand_factor,8,u_mand_factor,0.6,2,5,5,0.6,0.5,0.7,0.6,1.2,0.4,51.52,40,9,55.199999,73.6,26.451428,1,1,1008,0
u_mand_factor\set08\u_mand_factor_0.7.py,u_mand_factor,8,u_mand_factor,0.7,2,5,5,0.7,0.5,0.7,0.6,1.4,0.3,54.739999,40,9,64.399999,78.199999,30.859999,1,1,1008,0
u_mand_factor\set08\u_mand_factor_0.8.py,u_mand_factor,8,u_mand_factor,0.8,2,5,5,0.8,0.5,0.7,0.6,1.6,0.2,57.96,40,9,73.600002,82.8,35.268573,1,1,1008,0
u_mand_factor\set08\u_mand_factor_0.9.py,u_mand_factor,8,u_mand_factor,0.9,2,5,5,0.9,0.5,0.7,0.6,1.8,0.1,61.18,40,9,82.8,87.4,39.677143,1,1,1008,0
u_mand_factor\set09\u_mand_factor_0.1.py,u_mand_factor,9,u_mand_factor,0.1,2,5,5,0.1,0.5,0.7,0.6,0.2,0.9,35.420001,40,12,9.200001,50.600001,4.280001,1,0,1009,0
u_mand_factor\set09\u_mand_factor_0.2.py,u_mand_factor,9,u_mand_factor,0.2,2,5,5,0.2,0.5,0.7,0.6,0.4,0.8,38.640002,40,12,18.400002,55.200002,8.560001,1,0,1009,0
u_mand_factor\set09\u_mand_factor_0.3.py,u_mand_factor,9,u_mand_factor,0.3,2,5,5,0.3,0.5,0.7,0.6,0.6,0.7,41.860001,40,12,27.599997,59.800001,12.839998,1,1,1009,0
u_mand_factor\set09\u_mand_factor_0.4.py,u_mand_factor,9,u_mand_factor,0.4,2,5,5,0.4,0.5,0.7,0.6,0.8,0.6,45.079998,40,12,36.799999,64.399998,17.119999,1,1,1009,0
u_mand_factor\set09\u_mand_factor_0.5.py,u_mand_factor,9,u_mand_factor,0.5,2,5,5,0.5,0.5,0.7,0.6,1.0,0.5,48.299997,40,12,45.999999,68.999995,21.399999,1,1,1009,0
u_mand_factor\set09\u_mand_factor_0.6.py,u_mand_factor,9,u_mand_factor,0.6,2,5,5,0.6,0.5,0.7,0.6,1.2,0.4,51.520009,40,12,55.200005,73.600013,25.680002,1,1,1009,0
u_mand_factor\set09\u_mand_factor_0.7.py,u_mand_factor,9,u_mand_factor,0.7,2,5,5,0.7,0.5,0.7,0.6,1.4,0.3,54.740001,40,12,64.400001,78.200001,29.960001,1,1,1009,0
u_mand_factor\set09\u_mand_factor_0.8.py,u_mand_factor,9,u_mand_factor,0.8,2,5,5,0.8,0.5,0.7,0.6,1.6,0.2,57.960003,40,12,73.600001,82.800005,34.240001,1,1,1009,0
u_mand_factor\set09\u_mand_factor_0.9.py,u_mand_factor,9,u_mand_factor,0.9,2,5,5,0.9,0.5,0.7,0.6,1.8,0.1,61.179999,40,11,82.799999,87.399999,39.677142,1,1,1009,4
u_mand_factor\set10\u_mand_factor_0.1.py,u_mand_factor,10,u_mand_factor,0.1,2,5,5,0.1,0.5,0.7,0.6,0.2,0.9,35.419998,40,11,9.200001,50.599998,4.286667,1,0,1010,0
u_mand_factor\set10\u_mand_factor_0.2.py,u_mand_factor,10,u_mand_factor,0.2,2,5,5,0.2,0.5,0.7,0.6,0.4,0.8,38.640002,40,11,18.399998,55.200002,8.573332,1,0,1010,0
u_mand_factor\set10\u_mand_factor_0.3.py,u_mand_factor,10,u_mand_factor,0.3,2,5,5,0.3,0.5,0.7,0.6,0.6,0.7,41.860006,40,11,27.599998,59.800008,12.859999,1,1,1010,0
u_mand_factor\set10\u_mand_factor_0.4.py,u_mand_factor,10,u_mand_factor,0.4,2,5,5,0.4,0.5,0.7,0.6,0.8,0.6,45.079996,40,11,36.799999,64.399994,17.146666,1,1,1010,0
u_mand_factor\set10\u_mand_factor_0.5.py,u_mand_factor,10,u_mand_factor,0.5,2,5,5,0.5,0.5,0.7,0.6,1.0,0.5,48.299997,40,11,45.999998,68.999995,21.433332,1,1,1010,0
u_mand_factor\set10\u_mand_factor_0.6.py,u_mand_factor,10,u_mand_factor,0.6,2,5,5,0.6,0.5,0.7,0.6,1.2,0.4,51.519998,40,11,55.199999,73.599997,25.719999,1,1,1010,0
u_mand_factor\set10\u_mand_factor_0.7.py,u_mand_factor,10,u_mand_factor,0.7,2,5,5,0.7,0.5,0.7,0.6,1.4,0.3,54.739999,40,11,64.399999,78.199999,30.006666,1,1,1010,0
u_mand_factor\set10\u_mand_factor_0.8.py,u_mand_factor,10,u_mand_factor,0.8,2,5,5,0.8,0.5,0.7,0.6,1.6,0.2,57.959995,40,11,73.6,82.799993,34.293333,1,1,1010,0
u_mand_factor\set10\u_mand_factor_0.9.py,u_mand_factor,10,u_mand_factor,0.9,2,5,5,0.9,0.5,0.7,0.6,1.8,0.1,61.180001,40,12,82.799998,87.400001,39.677142,1,1,1010,1
u_mand_factor\set11\u_mand_factor_0.1.py,u_mand_factor,11,u_mand_factor,0.1,2,5,5,0.1,0.5,0.7,0.6,0.2,0.9,35.42,40,10,9.200002,50.6,4.280001,1,0,1011,0
u_mand_factor\set11\u_mand_factor_0.2.py,u_mand_factor,11,u_mand_factor,0.2,2,5,5,0.2,0.5,0.7,0.6,0.4,0.8,38.639999,40,10,18.399999,55.199999,8.559999,1,0,1011,0
u_mand_factor\set11\u_mand_factor_0.3.py,u_mand_factor,11,u_mand_factor,0.3,2,5,5,0.3,0.5,0.7,0.6,0.6,0.7,41.859999,40,10,27.600001,59.799999,12.840001,1,1,1011,0
u_mand_factor\set11\u_mand_factor_0.4.py,u_mand_factor,11,u_mand_factor,0.4,2,5,5,0.4,0.5,0.7,0.6,0.8,0.6,45.080002,40,10,36.799999,64.400002,17.119999,1,1,1011,0
u_mand_factor\set11\u_mand_factor_0.5.py,u_mand_factor,11,u_mand_factor,0.5,2,5,5,0.5,0.5,0.7,0.6,1.0,0.5,48.299999,40,10,46.000001,68.999999,21.400001,1,1,1011,0
u_mand_factor\set11\u_mand_factor_0.6.py,u_mand_factor,11,u_mand_factor,0.6,2,5,5,0.6,0.5,0.7,0.6,1.2,0.4,51.519998,40,10,55.199998,73.599997,25.679999,1,1,1011,0
u_mand_factor\set11\u_mand_factor_0.7.py,u_mand_factor,11,u_mand_factor,0.7,2,5,5,0.7,0.5,0.7,0.6,1.4,0.3,54.739998,40,10,64.4,78.199997,29.96,1,1,1011,0
u_mand_factor\set11\u_mand_factor_0.8.py,u_mand_factor,11,u_mand_factor,0.8,2,5,5,0.8,0.5,0.7,0.6,1.6,0.2,57.96,40,10,73.599998,82.8,34.239999,1,1,1011,0
u_mand_factor\set11\u_mand_factor_0.9.py,u_mand_factor,11,u_mand_factor,0.9,2,5,5,0.9,0.5,0.7,0.6,1.8,0.1,61.179998,40,10,82.8,87.399997,38.52,1,1,1011,0
u_mand_factor\set12\u_mand_factor_0.1.py,u_mand_factor,12,u_mand_factor,0.1,2,5,5,0.1,0.5,0.7,0.6,0.2,0.9,35.420002,40,11,9.2,50.600003,4.28,1,0,1012,0
u_mand_factor\set12\u_mand_factor_0.2.py,u_mand_factor,12,u_mand_factor,0.2,2,5,5,0.2,0.5,0.7,0.6,0.4,0.8,38.640001,40,11,18.4,55.200001,8.56,1,0,1012,0
u_mand_factor\set12\u_mand_factor_0.3.py,u_mand_factor,12,u_mand_factor,0.3,2,5,5,0.3,0.5,0.7,0.6,0.6,0.7,41.860003,40,11,27.600001,59.800005,12.840001,1,1,1012,0
u_mand_factor\set12\u_mand_factor_0.4.py,u_mand_factor,12,u_mand_factor,0.4,2,5,5,0.4,0.5,0.7,0.6,0.8,0.6,45.08,40,11,36.800001,64.4,17.120001,1,1,1012,0
u_mand_factor\set12\u_mand_factor_0.5.py,u_mand_factor,12,u_mand_factor,0.5,2,5,5,0.5,0.5,0.7,0.6,1.0,0.5,48.300002,40,11,46.000001,69.000002,21.400001,1,1,1012,0
u_mand_factor\set12\u_mand_factor_0.6.py,u_mand_factor,12,u_mand_factor,0.6,2,5,5,0.6,0.5,0.7,0.6,1.2,0.4,51.520002,40,11,55.200001,73.600002,25.680001,1,1,1012,0
u_mand_factor\set12\u_mand_factor_0.7.py,u_mand_factor,12,u_mand_factor,0.7,2,5,5,0.7,0.5,0.7,0.6,1.4,0.3,54.740006,40,11,64.400002,78.200009,29.960001,1,1,1012,0
u_mand_factor\set12\u_mand_factor_0.8.py,u_mand_factor,12,u_mand_factor,0.8,2,5,5,0.8,0.5,0.7,0.6,1.6,0.2,57.96,40,11,73.600002,82.8,34.240001,1,1,1012,0
u_mand_factor\set12\u_mand_factor_0.9.py,u_mand_factor,12,u_mand_factor,0.9,2,5,5,0.9,0.5,0.7,0.6,1.8,0.1,61.179997,40,10,82.799998,87.399995,38.579999,1,1,1012,1
u_mand_factor\set13\u_mand_factor_0.1.py,u_mand_factor,13,u_mand_factor,0.1,2,5,5,0.1,0.5,0.7,0.6,0.2,0.9,35.420002,40,13,9.200002,50.600002,4.280001,1,0,1013,0
u_mand_factor\set13\u_mand_factor_0.2.py,u_mand_factor,13,u_mand_factor,0.2,2,5,5,0.2,0.5,0.7,0.6,0.4,0.8,38.639997,40,13,18.399998,55.199995,8.559999,1,0,1013,0
u_mand_factor\set13\u_mand_factor_0.3.py,u_mand_factor,13,u_mand_factor,0.3,2,5,5,0.3,0.5,0.7,0.6,0.6,0.7,41.86,40,13,27.6,59.8,12.84,1,1,1013,0
u_mand_factor\set13\u_mand_factor_0.4.py,u_mand_factor,13,u_mand_factor,0.4,2,5,5,0.4,0.5,0.7,0.6,0.8,0.6,45.079999,40,13,36.8,64.399999,17.12,1,1,1013,0
u_mand_factor\set13\u_mand_factor_0.5.py,u_mand_factor,13,u_mand_factor,0.5,2,5,5,0.5,0.5,0.7,0.6,1.0,0.5,48.3,40,13,46.0,69.0,21.4,1,1,1013,0
u_mand_factor\set13\u_mand_factor_0.6.py,u_mand_factor,13,u_mand_factor,0.6,2,5,5,0.6,0.5,0.7,0.6,1.2,0.4,51.52,40,13,55.2,73.6,25.68,1,1,1013,0
u_mand_factor\set13\u_mand_factor_0.7.py,u_mand_factor,13,u_mand_factor,0.7,2,5,5,0.7,0.5,0.7,0.6,1.4,0.3,54.739999,40,13,64.4,78.199999,29.96,1,1,1013,0
u_mand_factor\set13\u_mand_factor_0.8.py,u_mand_factor,13,u_mand_factor,0.8,2,5,5,0.8,0.5,0.7,0.6,1.6,0.2,57.959994,40,13,73.599998,82.799992,34.239999,1,1,1013,0
u_mand_factor\set13\u_mand_factor_0.9.py,u_mand_factor,13,u_mand_factor,0.9,2,5,5,0.9,0.5,0.7,0.6,1.8,0.1,61.179998,40,13,82.800002,87.399998,38.520001,1,1,1013,0
u_mand_factor\set14\u_mand_factor_0.1.py,u_mand_factor,14,u_mand_factor,0.1,2,5,5,0.1,0.5,0.7,0.6,0.2,0.9,35.419997,40,10,9.199999,50.599995,4.286666,1,0,1014,0
u_mand_factor\set14\u_mand_factor_0.2.py,u_mand_factor,14,u_mand_factor,0.2,2,5,5,0.2,0.5,0.7,0.6,0.4,0.8,38.640003,40,10,18.400002,55.200005,8.573334,1,0,1014,0
u_mand_factor\set14\u_mand_factor_0.3.py,u_mand_factor,14,u_mand_factor,0.3,2,5,5,0.3,0.5,0.7,0.6,0.6,0.7,41.859998,40,10,27.599999,59.799997,12.859999,1,1,1014,0
u_mand_factor\set14\u_mand_factor_0.4.py,u_mand_factor,14,u_mand_factor,0.4,2,5,5,0.4,0.5,0.7,0.6,0.8,0.6,45.079998,40,10,36.800001,64.399998,17.146667,1,1,1014,0
u_mand_factor\set14\u_mand_factor_0.5.py,u_mand_factor,14,u_mand_factor,0.5,2,5,5,0.5,0.5,0.7,0.6,1.0,0.5,48.299999,40,10,46.0,68.999999,21.433333,1,1,1014,0
u_mand_factor\set14\u_mand_factor_0.6.py,u_mand_factor,14,u_mand_factor,0.6,2,5,5,0.6,0.5,0.7,0.6,1.2,0.4,51.52,40,10,55.199999,73.6,25.719999,1,1,1014,0
u_mand_factor\set14\u_mand_factor_0.7.py,u_mand_factor,14,u_mand_factor,0.7,2,5,5,0.7,0.5,0.7,0.6,1.4,0.3,54.740003,40,10,64.4,78.200005,30.006667,1,1,1014,0
u_mand_factor\set14\u_mand_factor_0.8.py,u_mand_factor,14,u_mand_factor,0.8,2,5,5,0.8,0.5,0.7,0.6,1.6,0.2,57.959998,40,10,73.599998,82.799997,34.293332,1,1,1014,0
u_mand_factor\set14\u_mand_factor_0.9.py,u_mand_factor,14,u_mand_factor,0.9,2,5,5,0.9,0.5,0.7,0.6,1.8,0.1,61.18,40,10,82.799999,87.4,38.579999,1,1,1014,0
u_mand_factor\set15\u_mand_factor_0.1.py,u_mand_factor,15,u_mand_factor,0.1,2,5,5,0.1,0.5,0.7,0.6,0.2,0.9,35.42,40,11,9.199998,50.6,4.399999,1,0,1015,0
u_mand_factor\set15\u_mand_factor_0.2.py,u_mand_factor,15,u_mand_factor,0.2,2,5,5,0.2,0.5,0.7,0.6,0.4,0.8,38.639998,40,11,18.399998,55.199998,8.799999,1,0,1015,0
u_mand_factor\set15\u_mand_factor_0.3.py,u_mand_factor,15,u_mand_factor,0.3,2,5,5,0.3,0.5,0.7,0.6,0.6,0.7,41.860001,40,11,27.600001,59.800001,13.200001,1,1,1015,0
u_mand_factor\set15\u_mand_factor_0.4.py,u_mand_factor,15,u_mand_factor,0.4,2,5,5,0.4,0.5,0.7,0.6,0.8,0.6,45.079999,40,11,36.800001,64.399999,17.600001,1,1,1015,0
u_mand_factor\set15\u_mand_factor_0.5.py,u_mand_factor,15,u_mand_factor,0.5,2,5,5,0.5,0.5,0.7,0.6,1.0,0.5,48.300002,40,11,45.999999,69.000003,21.999999,1,1,1015,0
u_mand_factor\set15\u_mand_factor_0.6.py,u_mand_factor,15,u_mand_factor,0.6,2,5,5,0.6,0.5,0.7,0.6,1.2,0.4,51.52,40,11,55.199999,73.6,26.399999,1,1,1015,0
u_mand_factor\set15\u_mand_factor_0.7.py,u_mand_factor,15,u_mand_factor,0.7,2,5,5,0.7,0.5,0.7,0.6,1.4,0.3,54.740001,40,11,64.400001,78.200001,30.800001,1,1,1015,0
u_mand_factor\set15\u_mand_factor_0.8.py,u_mand_factor,15,u_mand_factor,0.8,2,5,5,0.8,0.5,0.7,0.6,1.6,0.2,57.960002,40,11,73.600001,82.800002,35.200001,1,1,1015,0
u_mand_factor\set15\u_mand_factor_0.9.py,u_mand_factor,15,u_mand_factor,0.9,2,5,5,0.9,0.5,0.7,0.6,1.8,0.1,61.180002,40,13,82.800001,87.400003,47.035385,1,1,1015,2
u_mand_factor\set16\u_mand_factor_0.1.py,u_mand_factor,16,u_mand_factor,0.1,2,5,5,0.1,0.5,0.7,0.6,0.2,0.9,35.419997,40,9,9.199998,50.599995,4.601817,1,0,1016,0
u_mand_factor\set16\u_mand_factor_0.2.py,u_mand_factor,16,u_mand_factor,0.2,2,5,5,0.2,0.5,0.7,0.6,0.4,0.8,38.640001,40,9,18.399999,55.200001,9.203636,1,0,1016,0
u_mand_factor\set16\u_mand_factor_0.3.py,u_mand_factor,16,u_mand_factor,0.3,2,5,5,0.3,0.5,0.7,0.6,0.6,0.7,41.859998,40,9,27.600002,59.799998,13.805456,1,1,1016,0
u_mand_factor\set16\u_mand_factor_0.4.py,u_mand_factor,16,u_mand_factor,0.4,2,5,5,0.4,0.5,0.7,0.6,0.8,0.6,45.080002,40,9,36.8,64.400003,18.407273,1,1,1016,0
u_mand_factor\set16\u_mand_factor_0.5.py,u_mand_factor,16,u_mand_factor,0.5,2,5,5,0.5,0.5,0.7,0.6,1.0,0.5,48.299998,40,9,45.999999,68.999997,23.00909,1,1,1016,0
u_mand_factor\set16\u_mand_factor_0.6.py,u_mand_factor,16,u_mand_factor,0.6,2,5,5,0.6,0.5,0.7,0.6,1.2,0.4,51.52,40,9,55.199999,73.6,27.610909,1,1,1016,0
u_mand_factor\set16\u_mand_factor_0.7.py,u_mand_factor,16,u_mand_factor,0.7,2,5,5,0.7,0.5,0.7,0.6,1.4,0.3,54.740001,40,9,64.400001,78.200001,32.212728,1,1,1016,0
u_mand_factor\set16\u_mand_factor_0.8.py,u_mand_factor,16,u_mand_factor,0.8,2,5,5,0.8,0.5,0.7,0.6,1.6,0.2,57.960002,40,9,73.600001,82.800003,36.814546,1,1,1016,0
u_mand_factor\set16\u_mand_factor_0.9.py,u_mand_factor,16,u_mand_factor,0.9,2,5,5,0.9,0.5,0.7,0.6,1.8,0.1,61.18,40,9,82.800001,87.4,41.416364,1,1,1016,0
u_mand_factor\set17\u_mand_factor_0.1.py,u_mand_factor,17,u_mand_factor,0.1,2,5,5,0.1,0.5,0.7,0.6,0.2,0.9,35.420002,40,13,9.200001,50.600002,4.286667,1,0,1017,0
u_mand_factor\set17\u_mand_factor_0.2.py,u_mand_factor,17,u_mand_factor,0.2,2,5,5,0.2,0.5,0.7,0.6,0.4,0.8,38.639998,40,13,18.399999,55.199998,8.573333,1,1,1017,0
u_mand_factor\set17\u_mand_factor_0.3.py,u_mand_factor,17,u_mand_factor,0.3,2,5,5,0.3,0.5,0.7,0.6,0.6,0.7,41.86,40,13,27.6,59.8,12.86,1,1,1017,0
u_mand_factor\set17\u_mand_factor_0.4.py,u_mand_factor,17,u_mand_factor,0.4,2,5,5,0.4,0.5,0.7,0.6,0.8,0.6,45.079998,40,13,36.800001,64.399998,17.146667,1,1,1017,0
u_mand_factor\set17\u_mand_factor_0.5.py,u_mand_factor,17,u_mand_factor,0.5,2,5,5,0.5,0.5,0.7,0.6,1.0,0.5,48.300002,40,13,46.000002,69.000002,21.433334,1,1,1017,0
u_mand_factor\set17\u_mand_factor_0.6.py,u_mand_factor,17,u_mand_factor,0.6,2,5,5,0.6,0.5,0.7,0.6,1.2,0.4,51.520003,40,13,55.200002,73.600005,25.720001,1,1,1017,0
u_mand_factor\set17\u_mand_factor_0.7.py,u_mand_factor,17,u_mand_factor,0.7,2,5,5,0.7,0.5,0.7,0.6,1.4,0.3,54.740001,40,13,64.400003,78.200001,30.006668,1,1,1017,0
u_mand_factor\set17\u_mand_factor_0.8.py,u_mand_factor,17,u_mand_factor,0.8,2,5,5,0.8,0.5,0.7,0.6,1.6,0.2,57.960002,40,13,73.6,82.800002,34.293333,1,1,1017,0
u_mand_factor\set17\u_mand_factor_0.9.py,u_mand_factor,17,u_mand_factor,0.9,2,5,5,0.9,0.5,0.7,0.6,1.8,0.1,61.179997,40,15,82.8,87.399995,38.52,1,1,1017,1
u_mand_factor\set18\u_mand_factor_0.1.py,u_mand_factor,18,u_mand_factor,0.1,2,5,5,0.1,0.5,0.7,0.6,0.2,0.9,35.419997,40,10,9.199999,50.599995,4.408571,1,0,1018,0
u_mand_factor\set18\u_mand_factor_0.2.py,u_mand_factor,18,u_mand_factor,0.2,2,5,5,0.2,0.5,0.7,0.6,0.4,0.8,38.64,40,10,18.400001,55.2,8.817143,1,0,1018,0
u_mand_factor\set18\u_mand_factor_0.3.py,u_mand_factor,18,u_mand_factor,0.3,2,5,5,0.3,0.5,0.7,0.6,0.6,0.7,41.86,40,10,27.6,59.8,13.225714,1,1,1018,0
u_mand_factor\set18\u_mand_factor_0.4.py,u_mand_factor,18,u_mand_factor,0.4,2,5,5,0.4,0.5,0.7,0.6,0.8,0.6,45.080001,40,10,36.799998,64.400001,17.634285,1,1,1018,0
u_mand_factor\set18\u_mand_factor_0.5.py,u_mand_factor,18,u_mand_factor,0.5,2,5,5,0.5,0.5,0.7,0.6,1.0,0.5,48.300003,40,10,46.000003,69.000005,22.042859,1,1,1018,0
u_mand_factor\set18\u_mand_factor_0.6.py,u_mand_factor,18,u_mand_factor,0.6,2,5,5,0.6,0.5,0.7,0.6,1.2,0.4,51.520001,40,10,55.199999,73.600001,26.451428,1,1,1018,0
u_mand_factor\set18\u_mand_factor_0.7.py,u_mand_factor,18,u_mand_factor,0.7,2,5,5,0.7,0.5,0.7,0.6,1.4,0.3,54.740002,40,10,64.399998,78.200002,30.859999,1,1,1018,0
u_mand_factor\set18\u_mand_factor_0.8.py,u_mand_factor,18,u_mand_factor,0.8,2,5,5,0.8,0.5,0.7,0.6,1.6,0.2,57.960002,40,10,73.600001,82.800002,35.268572,1,1,1018,0
u_mand_factor\set18\u_mand_factor_0.9.py,u_mand_factor,18,u_mand_factor,0.9,2,5,5,0.9,0.5,0.7,0.6,1.8,0.1,61.179999,40,10,82.8,87.399999,39.677143,1,1,1018,0
u_mand_factor\set19\u_mand_factor_0.1.py,u_mand_factor,19,u_mand_factor,0.1,2,5,5,0.1,0.5,0.7,0.6,0.2,0.9,35.419998,40,9,9.199997,50.599998,4.286665,1,0,1019,0
u_mand_factor\set19\u_mand_factor_0.2.py,u_mand_factor,19,u_mand_factor,0.2,2,5,5,0.2,0.5,0.7,0.6,0.4,0.8,38.639998,40,9,18.4,55.199998,8.573333,1,0,1019,0
u_mand_factor\set19\u_mand_factor_0.3.py,u_mand_factor,19,u_mand_factor,0.3,2,5,5,0.3,0.5,0.7,0.6,0.6,0.7,41.859998,40,9,27.599999,59.799997,12.859999,1,1,1019,0
u_mand_factor\set19\u_mand_factor_0.4.py,u_mand_factor,19,u_mand_factor,0.4,2,5,5,0.4,0.5,0.7,0.6,0.8,0.6,45.08,40,9,36.800002,64.4,17.146668,1,1,1019,0
u_mand_factor\set19\u_mand_factor_0.5.py,u_mand_factor,19,u_mand_factor,0.5,2,5,5,0.5,0.5,0.7,0.6,1.0,0.5,48.299999,40,9,46.0,68.999999,21.433333,1,1,1019,0
u_mand_factor\set19\u_mand_factor_0.6.py,u_mand_factor,19,u_mand_factor,0.6,2,5,5,0.6,0.5,0.7,0.6,1.2,0.4,51.519997,40,9,55.199998,73.599995,25.719999,1,1,1019,0
u_mand_factor\set19\u_mand_factor_0.7.py,u_mand_factor,19,u_mand_factor,0.7,2,5,5,0.7,0.5,0.7,0.6,1.4,0.3,54.740001,40,9,64.400001,78.200001,30.006667,1,1,1019,0
u_mand_factor\set19\u_mand_factor_0.8.py,u_mand_factor,19,u_mand_factor,0.8,2,5,5,0.8,0.5,0.7,0.6,1.6,0.2,57.960001,40,9,73.6,82.800001,34.293333,1,1,1019,0
u_mand_factor\set19\u_mand_factor_0.9.py,u_mand_factor,19,u_mand_factor,0.9,2,5,5,0.9,0.5,0.7,0.6,1.8,0.1,61.180001,40,12,82.8,87.400001,38.52,1,1,1019,1
u_mand_factor\set20\u_mand_factor_0.1.py,u_mand_factor,20,u_mand_factor,0.1,2,5,5,0.1,0.5,0.7,0.6,0.2,0.9,35.419996,40,13,9.2,50.599994,4.408571,1,0,1020,0
u_mand_factor\set20\u_mand_factor_0.2.py,u_mand_factor,20,u_mand_factor,0.2,2,5,5,0.2,0.5,0.7,0.6,0.4,0.8,38.639997,40,13,18.4,55.199995,8.817143,1,0,1020,0
u_mand_factor\set20\u_mand_factor_0.3.py,u_mand_factor,20,u_mand_factor,0.3,2,5,5,0.3,0.5,0.7,0.6,0.6,0.7,41.86,40,13,27.599999,59.8,13.225714,1,1,1020,0
u_mand_factor\set20\u_mand_factor_0.4.py,u_mand_factor,20,u_mand_factor,0.4,2,5,5,0.4,0.5,0.7,0.6,0.8,0.6,45.080002,40,13,36.799999,64.400002,17.634285,1,1,1020,0
u_mand_factor\set20\u_mand_factor_0.5.py,u_mand_factor,20,u_mand_factor,0.5,2,5,5,0.5,0.5,0.7,0.6,1.0,0.5,48.300002,40,13,45.999999,69.000002,22.042857,1,1,1020,0
u_mand_factor\set20\u_mand_factor_0.6.py,u_mand_factor,20,u_mand_factor,0.6,2,5,5,0.6,0.5,0.7,0.6,1.2,0.4,51.520003,40,13,55.200003,73.600005,26.45143,1,1,1020,0
u_mand_factor\set20\u_mand_factor_0.7.py,u_mand_factor,20,u_mand_factor,0.7,2,5,5,0.7,0.5,0.7,0.6,1.4,0.3,54.739998,40,13,64.399998,78.199998,30.859999,1,1,1020,0
u_mand_factor\set20\u_mand_factor_0.8.py,u_mand_factor,20,u_mand_factor,0.8,2,5,5,0.8,0.5,0.7,0.6,1.6,0.2,57.960003,40,13,73.600002,82.800005,35.268573,1,1,1020,0
u_mand_factor\set20\u_mand_factor_0.9.py,u_mand_factor,20,u_mand_factor,0.9,2,5,5,0.9,0.5,0.7,0.6,1.8,0.1,61.180002,40,10,82.800001,87.400002,39.600001,1,1,1020,4
u_mand_factor\set21\u_mand_factor_0.1.py,u_mand_factor,21,u_mand_factor,0.1,2,5,5,0.1,0.5,0.7,0.6,0.2,0.9,35.420002,40,10,9.2,50.600003,4.28,1,0,1021,0
u_mand_factor\set21\u_mand_factor_0.2.py,u_mand_factor,21,u_mand_factor,0.2,2,5,5,0.2,0.5,0.7,0.6,0.4,0.8,38.639999,40,10,18.4,55.199999,8.56,1,0,1021,0
u_mand_factor\set21\u_mand_factor_0.3.py,u_mand_factor,21,u_mand_factor,0.3,2,5,5,0.3,0.5,0.7,0.6,0.6,0.7,41.859999,40,10,27.599999,59.799999,12.839999,1,1,1021,0
u_mand_factor\set21\u_mand_factor_0.4.py,u_mand_factor,21,u_mand_factor,0.4,2,5,5,0.4,0.5,0.7,0.6,0.8,0.6,45.08,40,10,36.799999,64.4,17.119999,1,1,1021,0
u_mand_factor\set21\u_mand_factor_0.5.py,u_mand_factor,21,u_mand_factor,0.5,2,5,5,0.5,0.5,0.7,0.6,1.0,0.5,48.299998,40,10,45.999999,68.999998,21.399999,1,1,1021,0
u_mand_factor\set21\u_mand_factor_0.6.py,u_mand_factor,21,u_mand_factor,0.6,2,5,5,0.6,0.5,0.7,0.6,1.2,0.4,51.520002,40,10,55.200001,73.600002,25.680001,1,1,1021,0
u_mand_factor\set21\u_mand_factor_0.7.py,u_mand_factor,21,u_mand_factor,0.7,2,5,5,0.7,0.5,0.7,0.6,1.4,0.3,54.740001,40,10,64.400001,78.200001,29.960001,1,1,1021,0
u_mand_factor\set21\u_mand_factor_0.8.py,u_mand_factor,21,u_mand_factor,0.8,2,5,5,0.8,0.5,0.7,0.6,1.6,0.2,57.959999,40,10,73.6,82.799999,34.24,1,1,1021,0
u_mand_factor\set21\u_mand_factor_0.9.py,u_mand_factor,21,u_mand_factor,0.9,2,5,5,0.9,0.5,0.7,0.6,1.8,0.1,61.18,40,13,82.800002,87.4,41.416365,1,1,1021,2
u_mand_factor\set22\u_mand_factor_0.1.py,u_mand_factor,22,u_mand_factor,0.1,2,5,5,0.1,0.5,0.7,0.6,0.2,0.9,35.419998,40,9,9.200001,50.599997,4.280001,1,0,1022,0
u_mand_factor\set22\u_mand_factor_0.2.py,u_mand_factor,22,u_mand_factor,0.2,2,5,5,0.2,0.5,0.7,0.6,0.4,0.8,38.64,40,9,18.399999,55.2,8.559999,1,0,1022,0
u_mand_factor\set22\u_mand_factor_0.3.py,u_mand_factor,22,u_mand_factor,0.3,2,5,5,0.3,0.5,0.7,0.6,0.6,0.7,41.860004,40,9,27.600001,59.800006,12.840001,1,1,1022,0
u_mand_factor\set22\u_mand_factor_0.4.py,u_mand_factor,22,u_mand_factor,0.4,2,5,5,0.4,0.5,0.7,0.6,0.8,0.6,45.080001,40,9,36.8,64.400001,17.12,1,1,1022,0
u_mand_factor\set22\u_mand_factor_0.5.py,u_mand_factor,22,u_mand_factor,0.5,2,5,5,0.5,0.5,0.7,0.6,1.0,0.5,48.300002,40,9,46.0,69.000002,21.4,1,1,1022,0
u_mand_factor\set22\u_mand_factor_0.6.py,u_mand_factor,22,u_mand_factor,0.6,2,5,5,0.6,0.5,0.7,0.6,1.2,0.4,51.52,40,9,55.200002,73.6,25.680001,1,1,1022,0
u_mand_factor\set22\u_mand_factor_0.7.py,u_mand_factor,22,u_mand_factor,0.7,2,5,5,0.7,0.5,0.7,0.6,1.4,0.3,54.739999,40,9,64.399999,78.199999,29.959999,1,1,1022,0
u_mand_factor\set22\u_mand_factor_0.8.py,u_mand_factor,22,u_mand_factor,0.8,2,5,5,0.8,0.5,0.7,0.6,1.6,0.2,57.960003,40,9,73.600002,82.800005,34.240001,1,1,1022,0
u_mand_factor\set22\u_mand_factor_0.9.py,u_mand_factor,22,u_mand_factor,0.9,2,5,5,0.9,0.5,0.7,0.6,1.8,0.1,61.179998,40,9,82.799999,87.399997,38.519999,1,1,1022,0
u_mand_factor\set23\u_mand_factor_0.1.py,u_mand_factor,23,u_mand_factor,0.1,2,5,5,0.1,0.5,0.7,0.6,0.2,0.9,35.419997,40,13,9.199999,50.599995,4.279999,1,0,1023,0
u_mand_factor\set23\u_mand_factor_0.2.py,u_mand_factor,23,u_mand_factor,0.2,2,5,5,0.2,0.5,0.7,0.6,0.4,0.8,38.639997,40,13,18.399999,55.199995,8.559999,1,0,1023,0
u_mand_factor\set23\u_mand_factor_0.3.py,u_mand_factor,23,u_mand_factor,0.3,2,5,5,0.3,0.5,0.7,0.6,0.6,0.7,41.860001,40,13,27.600002,59.800001,12.840001,1,1,1023,0
u_mand_factor\set23\u_mand_factor_0.4.py,u_mand_factor,23,u_mand_factor,0.4,2,5,5,0.4,0.5,0.7,0.6,0.8,0.6,45.079998,40,13,36.799999,64.399997,17.119999,1,1,1023,0
u_mand_factor\set23\u_mand_factor_0.5.py,u_mand_factor,23,u_mand_factor,0.5,2,5,5,0.5,0.5,0.7,0.6,1.0,0.5,48.299998,40,13,45.999998,68.999998,21.399999,1,1,1023,0
u_mand_factor\set23\u_mand_factor_0.6.py,u_mand_factor,23,u_mand_factor,0.6,2,5,5,0.6,0.5,0.7,0.6,1.2,0.4,51.519999,40,13,55.2,73.599999,25.68,1,1,1023,0
u_mand_factor\set23\u_mand_factor_0.7.py,u_mand_factor,23,u_mand_factor,0.7,2,5,5,0.7,0.5,0.7,0.6,1.4,0.3,54.740001,40,13,64.400003,78.200001,29.960002,1,1,1023,0
u_mand_factor\set23\u_mand_factor_0.8.py,u_mand_factor,23,u_mand_factor,0.8,2,5,5,0.8,0.5,0.7,0.6,1.6,0.2,57.960001,40,13,73.600002,82.800001,34.240001,1,1,1023,0
u_mand_factor\set23\u_mand_factor_0.9.py,u_mand_factor,23,u_mand_factor,0.9,2,5,5,0.9,0.5,0.7,0.6,1.8,0.1,61.179996,40,13,82.8,87.399994,38.52,1,1,1023,0
u_mand_factor\set24\u_mand_factor_0.1.py,u_mand_factor,24,u_mand_factor,0.1,2,5,5,0.1,0.5,0.7,0.6,0.2,0.9,35.420002,40,10,9.2,50.600002,4.601818,1,0,1024,0
u_mand_factor\set24\u_mand_factor_0.2.py,u_mand_factor,24,u_mand_factor,0.2,2,5,5,0.2,0.5,0.7,0.6,0.4,0.8,38.640002,40,10,18.400001,55.200003,9.203637,1,0,1024,0
u_mand_factor\set24\u_mand_factor_0.3.py,u_mand_factor,24,u_mand_factor,0.3,2,5,5,0.3,0.5,0.7,0.6,0.6,0.7,41.859998,40,10,27.599999,59.799998,13.805454,1,1,1024,0
u_mand_factor\set24\u_mand_factor_0.4.py,u_mand_factor,24,u_mand_factor,0.4,2,5,5,0.4,0.5,0.7,0.6,0.8,0.6,45.080003,40,10,36.800001,64.400005,18.407273,1,1,1024,0
u_mand_factor\set24\u_mand_factor_0.5.py,u_mand_factor,24,u_mand_factor,0.5,2,5,5,0.5,0.5,0.7,0.6,1.0,0.5,48.299999,40,10,46.000001,68.999999,23.009091,1,1,1024,0
u_mand_factor\set24\u_mand_factor_0.6.py,u_mand_factor,24,u_mand_factor,0.6,2,5,5,0.6,0.5,0.7,0.6,1.2,0.4,51.520002,40,10,55.200002,73.600002,27.61091,1,1,1024,0
u_mand_factor\set24\u_mand_factor_0.7.py,u_mand_factor,24,u_mand_factor,0.7,2,5,5,0.7,0.5,0.7,0.6,1.4,0.3,54.74,40,10,64.399999,78.2,32.212727,1,1,1024,0
u_mand_factor\set24\u_mand_factor_0.8.py,u_mand_factor,24,u_mand_factor,0.8,2,5,5,0.8,0.5,0.7,0.6,1.6,0.2,57.96,40,10,73.600001,82.8,36.814546,1,1,1024,0
u_mand_factor\set24\u_mand_factor_0.9.py,u_mand_factor,24,u_mand_factor,0.9,2,5,5,0.9,0.5,0.7,0.6,1.8,0.1,61.180001,40,10,82.799999,87.400001,41.416363,1,1,1024,0
u_mand_factor\set25\u_mand_factor_0.1.py,u_mand_factor,25,u_mand_factor,0.1,2,5,5,0.1,0.5,0.7,0.6,0.2,0.9,35.420001,40,9,9.2,50.600001,4.286667,1,0,1025,0
u_mand_factor\set25\u_mand_factor_0.2.py,u_mand_factor,25,u_mand_factor,0.2,2,5,5,0.2,0.5,0.7,0.6,0.4,0.8,38.640004,40,9,18.400001,55.200006,8.573334,1,0,1025,0
u_mand_factor\set25\u_mand_factor_0.3.py,u_mand_factor,25,u_mand_factor,0.3,2,5,5,0.3,0.5,0.7,0.6,0.6,0.7,41.859998,40,9,27.600001,59.799998,12.860001,1,1,1025,0
u_mand_factor\set25\u_mand_factor_0.4.py,u_mand_factor,25,u_mand_factor,0.4,2,5,5,0.4,0.5,0.7,0.6,0.8,0.6,45.080002,40,9,36.800002,64.400002,17.146668,1,1,1025,0
u_mand_factor\set25\u_mand_factor_0.5.py,u_mand_factor,25,u_mand_factor,0.5,2,5,5,0.5,0.5,0.7,0.6,1.0,0.5,48.299998,40,9,46.000001,68.999997,21.433334,1,1,1025,0
u_mand_factor\set25\u_mand_factor_0.6.py,u_mand_factor,25,u_mand_factor,0.6,2,5,5,0.6,0.5,0.7,0.6,1.2,0.4,51.520002,40,9,55.2,73.600002,25.72,1,1,1025,0
u_mand_factor\set25\u_mand_factor_0.7.py,u_mand_factor,25,u_mand_factor,0.7,2,5,5,0.7,0.5,0.7,0.6,1.4,0.3,54.740002,40,9,64.400002,78.200003,30.006668,1,1,1025,0
u_mand_factor\set25\u_mand_factor_0.8.py,u_mand_factor,25,u_mand_factor,0.8,2,5,5,0.8,0.5,0.7,0.6,1.6,0.2,57.960002,40,9,73.600001,82.800003,34.293334,1,1,1025,0
u_mand_factor\set25\u_mand_factor_0.9.py,u_mand_factor,25,u_mand_factor,0.9,2,5,5,0.9,0.5,0.7,0.6,1.8,0.1,61.180003,40,9,82.800001,87.400005,38.580001,1,1,1025,0
u_mand_factor\set26\u_mand_factor_0.1.py,u_mand_factor,26,u_mand_factor,0.1,2,5,5,0.1,0.5,0.7,0.6,0.2,0.9,35.419999,40,10,9.200001,50.599999,4.400001,1,0,1026,0
u_mand_factor\set26\u_mand_factor_0.2.py,u_mand_factor,26,u_mand_factor,0.2,2,5,5,0.2,0.5,0.7,0.6,0.4,0.8,38.639997,40,10,18.399998,55.199995,8.799999,1,0,1026,0
u_mand_factor\set26\u_mand_factor_0.3.py,u_mand_factor,26,u_mand_factor,0.3,2,5,5,0.3,0.5,0.7,0.6,0.6,0.7,41.859998,40,10,27.599999,59.799998,13.199999,1,1,1026,0
u_mand_factor\set26\u_mand_factor_0.4.py,u_mand_factor,26,u_mand_factor,0.4,2,5,5,0.4,0.5,0.7,0.6,0.8,0.6,45.08,40,10,36.799997,64.4,17.599998,1,1,1026,0
u_mand_factor\set26\u_mand_factor_0.5.py,u_mand_factor,26,u_mand_factor,0.5,2,5,5,0.5,0.5,0.7,0.6,1.0,0.5,48.300002,40,10,46.000003,69.000003,22.000002,1,1,1026,0
u_mand_factor\set26\u_mand_factor_0.6.py,u_mand_factor,26,u_mand_factor,0.6,2,5,5,0.6,0.5,0.7,0.6,1.2,0.4,51.520002,40,10,55.200002,73.600003,26.400001,1,1,1026,0
u_mand_factor\set26\u_mand_factor_0.7.py,u_mand_factor,26,u_mand_factor,0.7,2,5,5,0.7,0.5,0.7,0.6,1.4,0.3,54.739998,40,10,64.400001,78.199998,30.800001,1,1,1026,0
u_mand_factor\set26\u_mand_factor_0.8.py,u_mand_factor,26,u_mand_factor,0.8,2,5,5,0.8,0.5,0.7,0.6,1.6,0.2,57.960002,40,10,73.6,82.800002,35.2,1,1,1026,0
u_mand_factor\set26\u_mand_factor_0.9.py,u_mand_factor,26,u_mand_factor,0.9,2,5,5,0.9,0.5,0.7,0.6,1.8,0.1,61.180001,40,10,82.8,87.400001,39.6,1,1,1026,0
u_mand_factor\set27\u_mand_factor_0.1.py,u_mand_factor,27,u_mand_factor,0.1,2,5,5,0.1,0.5,0.7,0.6,0.2,0.9,35.419999,40,12,9.199997,50.599999,4.40857,1,0,1027,0
u_mand_factor\set27\u_mand_factor_0.2.py,u_mand_factor,27,u_mand_factor,0.2,2,5,5,0.2,0.5,0.7,0.6,0.4,0.8,38.640002,40,12,18.400001,55.200002,8.817143,1,0,1027,0
u_mand_factor\set27\u_mand_factor_0.3.py,u_mand_factor,27,u_mand_factor,0.3,2,5,5,0.3,0.5,0.7,0.6,0.6,0.7,41.86,40,12,27.599998,59.8,13.225713,1,1,1027,0
u_mand_factor\set27\u_mand_factor_0.4.py,u_mand_factor,27,u_mand_factor,0.4,2,5,5,0.4,0.5,0.7,0.6,0.8,0.6,45.080002,40,12,36.800003,64.400003,17.634287,1,1,1027,0
u_mand_factor\set27\u_mand_factor_0.5.py,u_mand_factor,27,u_mand_factor,0.5,2,5,5,0.5,0.5,0.7,0.6,1.0,0.5,48.3,40,12,45.999998,69.0,22.042856,1,1,1027,0
u_mand_factor\set27\u_mand_factor_0.6.py,u_mand_factor,27,u_mand_factor,0.6,2,5,5,0.6,0.5,0.7,0.6,1.2,0.4,51.519999,40,12,55.199998,73.599999,26.451427,1,1,1027,0
u_mand_factor\set27\u_mand_factor_0.7.py,u_mand_factor,27,u_mand_factor,0.7,2,5,5,0.7,0.5,0.7,0.6,1.4,0.3,54.740001,40,12,64.400001,78.200001,30.860001,1,1,1027,0
u_mand_factor\set27\u_mand_factor_0.8.py,u_mand_factor,27,u_mand_factor,0.8,2,5,5,0.8,0.5,0.7,0.6,1.6,0.2,57.959999,40,12,73.600001,82.799999,35.268572,1,1,1027,0
u_mand_factor\set27\u_mand_factor_0.9.py,u_mand_factor,27,u_mand_factor,0.9,2,5,5,0.9,0.5,0.7,0.6,1.8,0.1,61.179996,40,13,82.799997,87.399994,38.519998,1,1,1027,1
u_mand_factor\set28\u_mand_factor_0.1.py,u_mand_factor,28,u_mand_factor,0.1,2,5,5,0.1,0.5,0.7,0.6,0.2,0.9,35.419998,40,11,9.199999,50.599997,4.399999,1,0,1028,0
u_mand_factor\set28\u_mand_factor_0.2.py,u_mand_factor,28,u_mand_factor,0.2,2,5,5,0.2,0.5,0.7,0.6,0.4,0.8,38.640001,40,11,18.400002,55.200001,8.800001,1,0,1028,0
u_mand_factor\set28\u_mand_factor_0.3.py,u_mand_factor,28,u_mand_factor,0.3,2,5,5,0.3,0.5,0.7,0.6,0.6,0.7,41.860002,40,11,27.600001,59.800002,13.200001,1,1,1028,0
u_mand_factor\set28\u_mand_factor_0.4.py,u_mand_factor,28,u_mand_factor,0.4,2,5,5,0.4,0.5,0.7,0.6,0.8,0.6,45.080002,40,11,36.800002,64.400002,17.600001,1,1,1028,0
u_mand_factor\set28\u_mand_factor_0.5.py,u_mand_factor,28,u_mand_factor,0.5,2,5,5,0.5,0.5,0.7,0.6,1.0,0.5,48.300001,40,11,46.0,69.000001,22.0,1,1,1028,0
u_mand_factor\set28\u_mand_factor_0.6.py,u_mand_factor,28,u_mand_factor,0.6,2,5,5,0.6,0.5,0.7,0.6,1.2,0.4,51.520002,40,11,55.200002,73.600003,26.400001,1,1,1028,0
u_mand_factor\set28\u_mand_factor_0.7.py,u_mand_factor,28,u_mand_factor,0.7,2,5,5,0.7,0.5,0.7,0.6,1.4,0.3,54.74,40,11,64.4,78.2,30.8,1,1,1028,0
u_mand_factor\set28\u_mand_factor_0.8.py,u_mand_factor,28,u_mand_factor,0.8,2,5,5,0.8,0.5,0.7,0.6,1.6,0.2,57.959998,40,11,73.6,82.799997,35.2,1,1,1028,0
u_mand_factor\set28\u_mand_factor_0.9.py,u_mand_factor,28,u_mand_factor,0.9,2,5,5,0.9,0.5,0.7,0.6,1.8,0.1,61.180002,40,11,82.8,87.400002,39.6,1,1,1028,0
u_mand_factor\set29\u_mand_factor_0.1.py,u_mand_factor,29,u_mand_factor,0.1,2,5,5,0.1,0.5,0.7,0.6,0.2,0.9,35.419999,40,9,9.2,50.599999,4.4,1,0,1029,0
u_mand_factor\set29\u_mand_factor_0.2.py,u_mand_factor,29,u_mand_factor,0.2,2,5,5,0.2,0.5,0.7,0.6,0.4,0.8,38.639997,40,9,18.399999,55.199995,8.799999,1,0,1029,0
u_mand_factor\set29\u_mand_factor_0.3.py,u_mand_factor,29,u_mand_factor,0.3,2,5,5,0.3,0.5,0.7,0.6,0.6,0.7,41.859999,40,9,27.6,59.799999,13.2,1,1,1029,0
u_mand_factor\set29\u_mand_factor_0.4.py,u_mand_factor,29,u_mand_factor,0.4,2,5,5,0.4,0.5,0.7,0.6,0.8,0.6,45.079999,40,9,36.799999,64.399999,17.599999,1,1,1029,0
u_mand_factor\set29\u_mand_factor_0.5.py,u_mand_factor,29,u_mand_factor,0.5,2,5,5,0.5,0.5,0.7,0.6,1.0,0.5,48.300001,40,9,46.000001,69.000001,22.000001,1,1,1029,0
u_mand_factor\set29\u_mand_factor_0.6.py,u_mand_factor,29,u_mand_factor,0.6,2,5,5,0.6,0.5,0.7,0.6,1.2,0.4,51.520001,40,9,55.2,73.600001,26.4,1,1,1029,0
u_mand_factor\set29\u_mand_factor_0.7.py,u_mand_factor,29,u_mand_factor,0.7,2,5,5,0.7,0.5,0.7,0.6,1.4,0.3,54.74,40,9,64.399998,78.2,30.799999,1,1,1029,0
u_mand_factor\set29\u_mand_factor_0.8.py,u_mand_factor,29,u_mand_factor,0.8,2,5,5,0.8,0.5,0.7,0.6,1.6,0.2,57.959999,40,9,73.6,82.799999,35.2,1,1,1029,0
u_mand_factor\set29\u_mand_factor_0.9.py,u_mand_factor,29,u_mand_factor,0.9,2,5,5,0.9,0.5,0.7,0.6,1.8,0.1,61.180002,40,9,82.800001,87.400003,39.600001,1,1,1029,0
u_mand_factor\set30\u_mand_factor_0.1.py,u_mand_factor,30,u_mand_factor,0.1,2,5,5,0.1,0.5,0.7,0.6,0.2,0.9,35.420001,40,10,9.200001,50.600001,4.280001,1,0,1030,0
u_mand_factor\set30\u_mand_factor_0.2.py,u_mand_factor,30,u_mand_factor,0.2,2,5,5,0.2,0.5,0.7,0.6,0.4,0.8,38.639998,40,10,18.399999,55.199997,8.559999,1,0,1030,0
u_mand_factor\set30\u_mand_factor_0.3.py,u_mand_factor,30,u_mand_factor,0.3,2,5,5,0.3,0.5,0.7,0.6,0.6,0.7,41.859999,40,10,27.6,59.799999,12.84,1,1,1030,0
u_mand_factor\set30\u_mand_factor_0.4.py,u_mand_factor,30,u_mand_factor,0.4,2,5,5,0.4,0.5,0.7,0.6,0.8,0.6,45.079999,40,10,36.8,64.399999,17.12,1,1,1030,0
u_mand_factor\set30\u_mand_factor_0.5.py,u_mand_factor,30,u_mand_factor,0.5,2,5,5,0.5,0.5,0.7,0.6,1.0,0.5,48.299998,40,10,45.999997,68.999997,21.399998,1,1,1030,0
u_mand_factor\set30\u_mand_factor_0.6.py,u_mand_factor,30,u_mand_factor,0.6,2,5,5,0.6,0.5,0.7,0.6,1.2,0.4,51.519997,40,10,55.199999,73.599995,25.679999,1,1,1030,0
u_mand_factor\set30\u_mand_factor_0.7.py,u_mand_factor,30,u_mand_factor,0.7,2,5,5,0.7,0.5,0.7,0.6,1.4,0.3,54.740001,40,10,64.4,78.200001,29.96,1,1,1030,0
u_mand_factor\set30\u_mand_factor_0.8.py,u_mand_factor,30,u_mand_factor,0.8,2,5,5,0.8,0.5,0.7,0.6,1.6,0.2,57.960002,40,10,73.600001,82.800003,34.240001,1,1,1030,0
u_mand_factor\set30\u_mand_factor_0.9.py,u_mand_factor,30,u_mand_factor,0.9,2,5,5,0.9,0.5,0.7,0.6,1.8,0.1,61.18,40,10,82.799999,87.4,39.599999,1,1,1030,1
u_mand_factor\set31\u_mand_factor_0.1.py,u_mand_factor,31,u_mand_factor,0.1,2,5,5,0.1,0.5,0.7,0.6,0.2,0.9,35.419998,40,13,9.2,50.599998,4.72,1,0,1031,0
u_mand_factor\set31\u_mand_factor_0.2.py,u_mand_factor,31,u_mand_factor,0.2,2,5,5,0.2,0.5,0.7,0.6,0.4,0.8,38.639996,40,13,18.399998,55.199994,9.439999,1,0,1031,0
u_mand_factor\set31\u_mand_factor_0.3.py,u_mand_factor,31,u_mand_factor,0.3,2,5,5,0.3,0.5,0.7,0.6,0.6,0.7,41.859994,40,13,27.599998,59.799992,14.159999,1,1,1031,0
u_mand_factor\set31\u_mand_factor_0.4.py,u_mand_factor,31,u_mand_factor,0.4,2,5,5,0.4,0.5,0.7,0.6,0.8,0.6,45.080001,40,13,36.8,64.400001,18.88,1,1,1031,0
u_mand_factor\set31\u_mand_factor_0.5.py,u_mand_factor,31,u_mand_factor,0.5,2,5,5,0.5,0.5,0.7,0.6,1.0,0.5,48.299998,40,13,46.0,68.999997,23.6,1,1,1031,0
u_mand_factor\set31\u_mand_factor_0.6.py,u_mand_factor,31,u_mand_factor,0.6,2,5,5,0.6,0.5,0.7,0.6,1.2,0.4,51.520001,40,13,55.200002,73.600001,28.320001,1,1,1031,0
u_mand_factor\set31\u_mand_factor_0.7.py,u_mand_factor,31,u_mand_factor,0.7,2,5,5,0.7,0.5,0.7,0.6,1.4,0.3,54.739999,40,13,64.400002,78.199999,33.040001,1,1,1031,0
u_mand_factor\set31\u_mand_factor_0.8.py,u_mand_factor,31,u_mand_factor,0.8,2,5,5,0.8,0.5,0.7,0.6,1.6,0.2,57.959995,40,13,73.599998,82.799993,37.759999,1,1,1031,0
u_mand_factor\set31\u_mand_factor_0.9.py,u_mand_factor,31,u_mand_factor,0.9,2,5,5,0.9,0.5,0.7,0.6,1.8,0.1,61.179998,40,13,82.8,87.399998,42.48,1,1,1031,0
u_mand_factor\set32\u_mand_factor_0.1.py,u_mand_factor,32,u_mand_factor,0.1,2,5,5,0.1,0.5,0.7,0.6,0.2,0.9,35.42,40,13,9.2,50.6,4.28,1,0,1032,0
u_mand_factor\set32\u_mand_factor_0.2.py,u_mand_factor,32,u_mand_factor,0.2,2,5,5,0.2,0.5,0.7,0.6,0.4,0.8,38.640002,40,13,18.399999,55.200002,8.559999,1,0,1032,0
u_mand_factor\set32\u_mand_factor_0.3.py,u_mand_factor,32,u_mand_factor,0.3,2,5,5,0.3,0.5,0.7,0.6,0.6,0.7,41.860001,40,13,27.600001,59.800001,12.840001,1,1,1032,0
u_mand_factor\set32\u_mand_factor_0.4.py,u_mand_factor,32,u_mand_factor,0.4,2,5,5,0.4,0.5,0.7,0.6,0.8,0.6,45.080002,40,13,36.800001,64.400003,17.120001,1,1,1032,0
u_mand_factor\set32\u_mand_factor_0.5.py,u_mand_factor,32,u_mand_factor,0.5,2,5,5,0.5,0.5,0.7,0.6,1.0,0.5,48.299998,40,13,45.999997,68.999998,21.399998,1,1,1032,0
u_mand_factor\set32\u_mand_factor_0.6.py,u_mand_factor,32,u_mand_factor,0.6,2,5,5,0.6,0.5,0.7,0.6,1.2,0.4,51.519995,40,13,55.2,73.599993,25.68,1,1,1032,0
u_mand_factor\set32\u_mand_factor_0.7.py,u_mand_factor,32,u_mand_factor,0.7,2,5,5,0.7,0.5,0.7,0.6,1.4,0.3,54.739999,40,13,64.400002,78.199999,29.960001,1,1,1032,0
u_mand_factor\set32\u_mand_factor_0.8.py,u_mand_factor,32,u_mand_factor,0.8,2,5,5,0.8,0.5,0.7,0.6,1.6,0.2,57.960003,40,13,73.6,82.800005,34.24,1,1,1032,0
u_mand_factor\set32\u_mand_factor_0.9.py,u_mand_factor,32,u_mand_factor,0.9,2,5,5,0.9,0.5,0.7,0.6,1.8,0.1,61.180001,40,13,82.8,87.400001,38.52,1,1,1032,0
u_mand_factor\set33\u_mand_factor_0.1.py,u_mand_factor,33,u_mand_factor,0.1,2,5,5,0.1,0.5,0.7,0.6,0.2,0.9,35.419999,40,12,9.200001,50.599999,4.286667,1,0,1033,0
u_mand_factor\set33\u_mand_factor_0.2.py,u_mand_factor,33,u_mand_factor,0.2,2,5,5,0.2,0.5,0.7,0.6,0.4,0.8,38.639996,40,12,18.4,55.199994,8.573333,1,0,1033,0
u_mand_factor\set33\u_mand_factor_0.3.py,u_mand_factor,33,u_mand_factor,0.3,2,5,5,0.3,0.5,0.7,0.6,0.6,0.7,41.859999,40,12,27.600001,59.799999,12.860001,1,1,1033,0
u_mand_factor\set33\u_mand_factor_0.4.py,u_mand_factor,33,u_mand_factor,0.4,2,5,5,0.4,0.5,0.7,0.6,0.8,0.6,45.080002,40,12,36.800001,64.400002,17.146667,1,1,1033,0
u_mand_factor\set33\u_mand_factor_0.5.py,u_mand_factor,33,u_mand_factor,0.5,2,5,5,0.5,0.5,0.7,0.6,1.0,0.5,48.300002,40,12,46.000002,69.000003,21.433334,1,1,1033,0
u_mand_factor\set33\u_mand_factor_0.6.py,u_mand_factor,33,u_mand_factor,0.6,2,5,5,0.6,0.5,0.7,0.6,1.2,0.4,51.52,40,12,55.199998,73.6,25.719999,1,1,1033,0
u_mand_factor\set33\u_mand_factor_0.7.py,u_mand_factor,33,u_mand_factor,0.7,2,5,5,0.7,0.5,0.7,0.6,1.4,0.3,54.739999,40,12,64.399998,78.199999,30.006666,1,1,1033,0
u_mand_factor\set33\u_mand_factor_0.8.py,u_mand_factor,33,u_mand_factor,0.8,2,5,5,0.8,0.5,0.7,0.6,1.6,0.2,57.960003,40,12,73.600002,82.800005,34.293334,1,1,1033,0
u_mand_factor\set33\u_mand_factor_0.9.py,u_mand_factor,33,u_mand_factor,0.9,2,5,5,0.9,0.5,0.7,0.6,1.8,0.1,61.180002,40,12,82.8,87.400003,38.58,1,1,1033,0
u_mand_factor\set34\u_mand_factor_0.1.py,u_mand_factor,34,u_mand_factor,0.1,2,5,5,0.1,0.5,0.7,0.6,0.2,0.9,35.420003,40,13,9.199999,50.600005,4.408571,1,0,1034,0
u_mand_factor\set34\u_mand_factor_0.2.py,u_mand_factor,34,u_mand_factor,0.2,2,5,5,0.2,0.5,0.7,0.6,0.4,0.8,38.640001,40,13,18.400005,55.200001,8.817145,1,0,1034,0
u_mand_factor\set34\u_mand_factor_0.3.py,u_mand_factor,34,u_mand_factor,0.3,2,5,5,0.3,0.5,0.7,0.6,0.6,0.7,41.859999,40,13,27.599997,59.799999,13.225713,1,1,1034,0
u_mand_factor\set34\u_mand_factor_0.4.py,u_mand_factor,34,u_mand_factor,0.4,2,5,5,0.4,0.5,0.7,0.6,0.8,0.6,45.079998,40,13,36.799998,64.399997,17.634285,1,1,1034,0
u_mand_factor\set34\u_mand_factor_0.5.py,u_mand_factor,34,u_mand_factor,0.5,2,5,5,0.5,0.5,0.7,0.6,1.0,0.5,48.299998,40,13,45.999997,68.999998,22.042855,1,1,1034,0
u_mand_factor\set34\u_mand_factor_0.6.py,u_mand_factor,34,u_mand_factor,0.6,2,5,5,0.6,0.5,0.7,0.6,1.2,0.4,51.520003,40,13,55.2,73.600005,26.451429,1,1,1034,0
u_mand_factor\set34\u_mand_factor_0.7.py,u_mand_factor,34,u_mand_factor,0.7,2,5,5,0.7,0.5,0.7,0.6,1.4,0.3,54.740002,40,13,64.400001,78.200002,30.860001,1,1,1034,0
u_mand_factor\set34\u_mand_factor_0.8.py,u_mand_factor,34,u_mand_factor,0.8,2,5,5,0.8,0.5,0.7,0.6,1.6,0.2,57.959996,40,13,73.599995,82.799994,35.268569,1,1,1034,0
u_mand_factor\set34\u_mand_factor_0.9.py,u_mand_factor,34,u_mand_factor,0.9,2,5,5,0.9,0.5,0.7,0.6,1.8,0.1,61.180001,40,13,82.799999,87.400001,39.677142,1,1,1034,0
u_mand_factor\set35\u_mand_factor_0.1.py,u_mand_factor,35,u_mand_factor,0.1,2,5,5,0.1,0.5,0.7,0.6,0.2,0.9,35.419999,40,15,9.199999,50.599999,4.279999,1,0,1035,0
u_mand_factor\set35\u_mand_factor_0.2.py,u_mand_factor,35,u_mand_factor,0.2,2,5,5,0.2,0.5,0.7,0.6,0.4,0.8,38.639999,40,15,18.4,55.199999,8.56,1,1,1035,0
u_mand_factor\set35\u_mand_factor_0.3.py,u_mand_factor,35,u_mand_factor,0.3,2,5,5,0.3,0.5,0.7,0.6,0.6,0.7,41.859999,40,15,27.6,59.799999,12.84,1,1,1035,0
u_mand_factor\set35\u_mand_factor_0.4.py,u_mand_factor,35,u_mand_factor,0.4,2,5,5,0.4,0.5,0.7,0.6,0.8,0.6,45.080001,40,15,36.800001,64.400001,17.120001,1,1,1035,0
u_mand_factor\set35\u_mand_factor_0.5.py,u_mand_factor,35,u_mand_factor,0.5,2,5,5,0.5,0.5,0.7,0.6,1.0,0.5,48.300002,40,15,46.000001,69.000003,21.400001,1,1,1035,0
u_mand_factor\set35\u_mand_factor_0.6.py,u_mand_factor,35,u_mand_factor,0.6,2,5,5,0.6,0.5,0.7,0.6,1.2,0.4,51.520002,40,15,55.199999,73.600002,25.679999,1,1,1035,0
u_mand_factor\set35\u_mand_factor_0.7.py,u_mand_factor,35,u_mand_factor,0.7,2,5,5,0.7,0.5,0.7,0.6,1.4,0.3,54.740002,40,15,64.400001,78.200002,29.960001,1,1,1035,0
u_mand_factor\set35\u_mand_factor_0.8.py,u_mand_factor,35,u_mand_factor,0.8,2,5,5,0.8,0.5,0.7,0.6,1.6,0.2,57.96,40,15,73.600002,82.8,34.240001,1,1,1035,0
u_mand_factor\set35\u_mand_factor_0.9.py,u_mand_factor,35,u_mand_factor,0.9,2,5,5,0.9,0.5,0.7,0.6,1.8,0.1,61.179998,40,13,82.800003,87.399998,39.677145,1,1,1035,1
u_mand_factor\set36\u_mand_factor_0.1.py,u_mand_factor,36,u_mand_factor,0.1,2,5,5,0.1,0.5,0.7,0.6,0.2,0.9,35.419999,40,15,9.200002,50.599999,4.408573,1,0,1036,0
u_mand_factor\set36\u_mand_factor_0.2.py,u_mand_factor,36,u_mand_factor,0.2,2,5,5,0.2,0.5,0.7,0.6,0.4,0.8,38.639998,40,15,18.399998,55.199997,8.817142,1,0,1036,0
u_mand_factor\set36\u_mand_factor_0.3.py,u_mand_factor,36,u_mand_factor,0.3,2,5,5,0.3,0.5,0.7,0.6,0.6,0.7,41.860003,40,15,27.6,59.800005,13.225714,1,1,1036,0
u_mand_factor\set36\u_mand_factor_0.4.py,u_mand_factor,36,u_mand_factor,0.4,2,5,5,0.4,0.5,0.7,0.6,0.8,0.6,45.080003,40,15,36.800002,64.400005,17.634287,1,1,1036,0
u_mand_factor\set36\u_mand_factor_0.5.py,u_mand_factor,36,u_mand_factor,0.5,2,5,5,0.5,0.5,0.7,0.6,1.0,0.5,48.299998,40,15,46.000002,68.999998,22.042858,1,1,1036,0
u_mand_factor\set36\u_mand_factor_0.6.py,u_mand_factor,36,u_mand_factor,0.6,2,5,5,0.6,0.5,0.7,0.6,1.2,0.4,51.519998,40,15,55.2,73.599997,26.451429,1,1,1036,0
u_mand_factor\set36\u_mand_factor_0.7.py,u_mand_factor,36,u_mand_factor,0.7,2,5,5,0.7,0.5,0.7,0.6,1.4,0.3,54.739998,40,15,64.4,78.199997,30.86,1,1,1036,0
u_mand_factor\set36\u_mand_factor_0.8.py,u_mand_factor,36,u_mand_factor,0.8,2,5,5,0.8,0.5,0.7,0.6,1.6,0.2,57.960002,40,15,73.6,82.800003,35.268571,1,1,1036,0
u_mand_factor\set36\u_mand_factor_0.9.py,u_mand_factor,36,u_mand_factor,0.9,2,5,5,0.9,0.5,0.7,0.6,1.8,0.1,61.179998,40,15,82.8,87.399998,39.677143,1,1,1036,0
u_mand_factor\set37\u_mand_factor_0.1.py,u_mand_factor,37,u_mand_factor,0.1,2,5,5,0.1,0.5,0.7,0.6,0.2,0.9,35.419999,40,15,9.199999,50.599999,4.408571,1,0,1037,0
u_mand_factor\set37\u_mand_factor_0.2.py,u_mand_factor,37,u_mand_factor,0.2,2,5,5,0.2,0.5,0.7,0.6,0.4,0.8,38.639996,40,15,18.399999,55.199994,8.817142,1,0,1037,0
u_mand_factor\set37\u_mand_factor_0.3.py,u_mand_factor,37,u_mand_factor,0.3,2,5,5,0.3,0.5,0.7,0.6,0.6,0.7,41.859997,40,15,27.599998,59.799995,13.225713,1,1,1037,0
u_mand_factor\set37\u_mand_factor_0.4.py,u_mand_factor,37,u_mand_factor,0.4,2,5,5,0.4,0.5,0.7,0.6,0.8,0.6,45.080002,40,15,36.799999,64.400002,17.634285,1,1,1037,0
u_mand_factor\set37\u_mand_factor_0.5.py,u_mand_factor,37,u_mand_factor,0.5,2,5,5,0.5,0.5,0.7,0.6,1.0,0.5,48.300002,40,15,46.000001,69.000002,22.042858,1,1,1037,0
u_mand_factor\set37\u_mand_factor_0.6.py,u_mand_factor,37,u_mand_factor,0.6,2,5,5,0.6,0.5,0.7,0.6,1.2,0.4,51.520001,40,15,55.199998,73.600001,26.451427,1,1,1037,0
u_mand_factor\set37\u_mand_factor_0.7.py,u_mand_factor,37,u_mand_factor,0.7,2,5,5,0.7,0.5,0.7,0.6,1.4,0.3,54.739999,40,15,64.400005,78.199999,30.860002,1,1,1037,0
u_mand_factor\set37\u_mand_factor_0.8.py,u_mand_factor,37,u_mand_factor,0.8,2,5,5,0.8,0.5,0.7,0.6,1.6,0.2,57.96,40,15,73.600001,82.8,35.268572,1,1,1037,0
u_mand_factor\set37\u_mand_factor_0.9.py,u_mand_factor,37,u_mand_factor,0.9,2,5,5,0.9,0.5,0.7,0.6,1.8,0.1,61.180002,40,15,82.800005,87.400002,39.677145,1,1,1037,0
u_mand_factor\set38\u_mand_factor_0.1.py,u_mand_factor,38,u_mand_factor,0.1,2,5,5,0.1,0.5,0.7,0.6,0.2,0.9,35.420005,40,13,9.200001,50.600007,4.280001,1,0,1038,0
u_mand_factor\set38\u_mand_factor_0.2.py,u_mand_factor,38,u_mand_factor,0.2,2,5,5,0.2,0.5,0.7,0.6,0.4,0.8,38.639998,40,13,18.399998,55.199998,8.559999,1,0,1038,0
u_mand_factor\set38\u_mand_factor_0.3.py,u_mand_factor,38,u_mand_factor,0.3,2,5,5,0.3,0.5,0.7,0.6,0.6,0.7,41.860001,40,13,27.6,59.800001,12.84,1,1,1038,0
u_mand_factor\set38\u_mand_factor_0.4.py,u_mand_factor,38,u_mand_factor,0.4,2,5,5,0.4,0.5,0.7,0.6,0.8,0.6,45.080002,40,13,36.800003,64.400002,17.120002,1,1,1038,0
u_mand_factor\set38\u_mand_factor_0.5.py,u_mand_factor,38,u_mand_factor,0.5,2,5,5,0.5,0.5,0.7,0.6,1.0,0.5,48.300002,40,13,46.000002,69.000003,21.400001,1,1,1038,0
u_mand_factor\set38\u_mand_factor_0.6.py,u_mand_factor,38,u_mand_factor,0.6,2,5,5,0.6,0.5,0.7,0.6,1.2,0.4,51.519998,40,13,55.200001,73.599998,25.680001,1,1,1038,0
u_mand_factor\set38\u_mand_factor_0.7.py,u_mand_factor,38,u_mand_factor,0.7,2,5,5,0.7,0.5,0.7,0.6,1.4,0.3,54.740003,40,13,64.4,78.200005,29.96,1,1,1038,0
u_mand_factor\set38\u_mand_factor_0.8.py,u_mand_factor,38,u_mand_factor,0.8,2,5,5,0.8,0.5,0.7,0.6,1.6,0.2,57.96,40,13,73.599998,82.8,34.239999,1,1,1038,0
u_mand_factor\set38\u_mand_factor_0.9.py,u_mand_factor,38,u_mand_factor,0.9,2,5,5,0.9,0.5,0.7,0.6,1.8,0.1,61.180002,40,13,82.8,87.400003,38.52,1,1,1038,0
u_mand_factor\set39\u_mand_factor_0.1.py,u_mand_factor,39,u_mand_factor,0.1,2,5,5,0.1,0.5,0.7,0.6,0.2,0.9,35.419997,40,15,9.199999,50.599995,4.279999,1,0,1039,0
u_mand_factor\set39\u_mand_factor_0.2.py,u_mand_factor,39,u_mand_factor,0.2,2,5,5,0.2,0.5,0.7,0.6,0.4,0.8,38.640004,40,15,18.399999,55.200006,8.559999,1,0,1039,0
u_mand_factor\set39\u_mand_factor_0.3.py,u_mand_factor,39,u_mand_factor,0.3,2,5,5,0.3,0.5,0.7,0.6,0.6,0.7,41.859996,40,15,27.599995,59.799994,12.839998,1,1,1039,0
u_mand_factor\set39\u_mand_factor_0.4.py,u_mand_factor,39,u_mand_factor,0.4,2,5,5,0.4,0.5,0.7,0.6,0.8,0.6,45.080002,40,15,36.800001,64.400003,17.120001,1,1,1039,0
u_mand_factor\set39\u_mand_factor_0.5.py,u_mand_factor,39,u_mand_factor,0.5,2,5,5,0.5,0.5,0.7,0.6,1.0,0.5,48.299999,40,15,46.000001,68.999999,21.400001,1,1,1039,0
u_mand_factor\set39\u_mand_factor_0.6.py,u_mand_factor,39,u_mand_factor,0.6,2,5,5,0.6,0.5,0.7,0.6,1.2,0.4,51.519995,40,15,55.199999,73.599993,25.679999,1,1,1039,0
u_mand_factor\set39\u_mand_factor_0.7.py,u_mand_factor,39,u_mand_factor,0.7,2,5,5,0.7,0.5,0.7,0.6,1.4,0.3,54.739999,40,15,64.4,78.199999,29.96,1,1,1039,0
u_mand_factor\set39\u_mand_factor_0.8.py,u_mand_factor,39,u_mand_factor,0.8,2,5,5,0.8,0.5,0.7,0.6,1.6,0.2,57.960005,40,15,73.600005,82.800007,34.240002,1,1,1039,0
u_mand_factor\set39\u_mand_factor_0.9.py,u_mand_factor,39,u_mand_factor,0.9,2,5,5,0.9,0.5,0.7,0.6,1.8,0.1,61.179997,40,15,82.799997,87.399995,38.519998,1,1,1039,0
u_mand_factor\set40\u_mand_factor_0.1.py,u_mand_factor,40,u_mand_factor,0.1,2,5,5,0.1,0.5,0.7,0.6,0.2,0.9,35.419998,40,13,9.199997,50.599997,4.279998,1,0,1040,0
u_mand_factor\set40\u_mand_factor_0.2.py,u_mand_factor,40,u_mand_factor,0.2,2,5,5,0.2,0.5,0.7,0.6,0.4,0.8,38.639998,40,13,18.399999,55.199998,8.559999,1,0,1040,0
u_mand_factor\set40\u_mand_factor_0.3.py,u_mand_factor,40,u_mand_factor,0.3,2,5,5,0.3,0.5,0.7,0.6,0.6,0.7,41.859998,40,13,27.6,59.799997,12.84,1,1,1040,0
u_mand_factor\set40\u_mand_factor_0.4.py,u_mand_factor,40,u_mand_factor,0.4,2,5,5,0.4,0.5,0.7,0.6,0.8,0.6,45.079999,40,13,36.800001,64.399999,17.120001,1,1,1040,0
u_mand_factor\set40\u_mand_factor_0.5.py,u_mand_factor,40,u_mand_factor,0.5,2,5,5,0.5,0.5,0.7,0.6,1.0,0.5,48.300001,40,13,46.000001,69.000001,21.400001,1,1,1040,0
u_mand_factor\set40\u_mand_factor_0.6.py,u_mand_factor,40,u_mand_factor,0.6,2,5,5,0.6,0.5,0.7,0.6,1.2,0.4,51.520005,40,13,55.200002,73.600007,25.680001,1,1,1040,0
u_mand_factor\set40\u_mand_factor_0.7.py,u_mand_factor,40,u_mand_factor,0.7,2,5,5,0.7,0.5,0.7,0.6,1.4,0.3,54.74,40,13,64.4,78.2,29.96,1,1,1040,0
u_mand_factor\set40\u_mand_factor_0.8.py,u_mand_factor,40,u_mand_factor,0.8,2,5,5,0.8,0.5,0.7,0.6,1.6,0.2,57.96,40,13,73.600002,82.8,34.240001,1,1,1040,0
u_mand_factor\set40\u_mand_factor_0.9.py,u_mand_factor,40,u_mand_factor,0.9,2,5,5,0.9,0.5,0.7,0.6,1.8,0.1,61.180004,40,10,82.800002,87.400006,38.580001,1,1,1040,2
u_mand_factor\set41\u_mand_factor_0.1.py,u_mand_factor,41,u_mand_factor,0.1,2,5,5,0.1,0.5,0.7,0.6,0.2,0.9,35.420006,40,15,9.200003,50.600009,4.280002,1,0,1041,0
u_mand_factor\set41\u_mand_factor_0.2.py,u_mand_factor,41,u_mand_factor,0.2,2,5,5,0.2,0.5,0.7,0.6,0.4,0.8,38.640002,40,15,18.399997,55.200003,8.559998,1,0,1041,0
u_mand_factor\set41\u_mand_factor_0.3.py,u_mand_factor,41,u_mand_factor,0.3,2,5,5,0.3,0.5,0.7,0.6,0.6,0.7,41.860003,40,15,27.6,59.800005,12.84,1,1,1041,0
u_mand_factor\set41\u_mand_factor_0.4.py,u_mand_factor,41,u_mand_factor,0.4,2,5,5,0.4,0.5,0.7,0.6,0.8,0.6,45.079996,40,15,36.799999,64.399994,17.119999,1,1,1041,0
u_mand_factor\set41\u_mand_factor_0.5.py,u_mand_factor,41,u_mand_factor,0.5,2,5,5,0.5,0.5,0.7,0.6,1.0,0.5,48.299998,40,15,45.999995,68.999997,21.399998,1,1,1041,0
u_mand_factor\set41\u_mand_factor_0.6.py,u_mand_factor,41,u_mand_factor,0.6,2,5,5,0.6,0.5,0.7,0.6,1.2,0.4,51.520006,40,15,55.2,73.600009,25.68,1,1,1041,0
u_mand_factor\set41\u_mand_factor_0.7.py,u_mand_factor,41,u_mand_factor,0.7,2,5,5,0.7,0.5,0.7,0.6,1.4,0.3,54.740003,40,15,64.399999,78.200005,29.959999,1,1,1041,0
u_mand_factor\set41\u_mand_factor_0.8.py,u_mand_factor,41,u_mand_factor,0.8,2,5,5,0.8,0.5,0.7,0.6,1.6,0.2,57.959995,40,15,73.6,82.799993,34.24,1,1,1041,0
u_mand_factor\set41\u_mand_factor_0.9.py,u_mand_factor,41,u_mand_factor,0.9,2,5,5,0.9,0.5,0.7,0.6,1.8,0.1,61.179997,40,15,82.799999,87.399995,38.519999,1,1,1041,0
u_mand_factor\set42\u_mand_factor_0.1.py,u_mand_factor,42,u_mand_factor,0.1,2,5,5,0.1,0.5,0.7,0.6,0.2,0.9,35.419998,40,11,9.2,50.599998,4.28,1,0,1042,0
u_mand_factor\set42\u_mand_factor_0.2.py,u_mand_factor,42,u_mand_factor,0.2,2,5,5,0.2,0.5,0.7,0.6,0.4,0.8,38.64,40,11,18.399997,55.2,8.559998,1,0,1042,0
u_mand_factor\set42\u_mand_factor_0.3.py,u_mand_factor,42,u_mand_factor,0.3,2,5,5,0.3,0.5,0.7,0.6,0.6,0.7,41.86,40,11,27.600001,59.8,12.840001,1,1,1042,0
u_mand_factor\set42\u_mand_factor_0.4.py,u_mand_factor,42,u_mand_factor,0.4,2,5,5,0.4,0.5,0.7,0.6,0.8,0.6,45.080002,40,11,36.800001,64.400002,17.120001,1,1,1042,0
u_mand_factor\set42\u_mand_factor_0.5.py,u_mand_factor,42,u_mand_factor,0.5,2,5,5,0.5,0.5,0.7,0.6,1.0,0.5,48.3,40,11,45.999998,69.0,21.399999,1,1,1042,0
u_mand_factor\set42\u_mand_factor_0.6.py,u_mand_factor,42,u_mand_factor,0.6,2,5,5,0.6,0.5,0.7,0.6,1.2,0.4,51.519998,40,11,55.199998,73.599998,25.679999,1,1,1042,0
u_mand_factor\set42\u_mand_factor_0.7.py,u_mand_factor,42,u_mand_factor,0.7,2,5,5,0.7,0.5,0.7,0.6,1.4,0.3,54.740002,40,11,64.400002,78.200003,29.960001,1,1,1042,0
u_mand_factor\set42\u_mand_factor_0.8.py,u_mand_factor,42,u_mand_factor,0.8,2,5,5,0.8,0.5,0.7,0.6,1.6,0.2,57.959998,40,11,73.599997,82.799998,34.239998,1,1,1042,0
u_mand_factor\set42\u_mand_factor_0.9.py,u_mand_factor,42,u_mand_factor,0.9,2,5,5,0.9,0.5,0.7,0.6,1.8,0.1,61.179999,40,13,82.8,87.399999,42.48,1,1,1042,1
u_mand_factor\set43\u_mand_factor_0.1.py,u_mand_factor,43,u_mand_factor,0.1,2,5,5,0.1,0.5,0.7,0.6,0.2,0.9,35.419998,40,13,9.200001,50.599998,4.286667,1,0,1043,0
u_mand_factor\set43\u_mand_factor_0.2.py,u_mand_factor,43,u_mand_factor,0.2,2,5,5,0.2,0.5,0.7,0.6,0.4,0.8,38.639998,40,13,18.400002,55.199998,8.573334,1,0,1043,0
u_mand_factor\set43\u_mand_factor_0.3.py,u_mand_factor,43,u_mand_factor,0.3,2,5,5,0.3,0.5,0.7,0.6,0.6,0.7,41.860002,40,13,27.599999,59.800003,12.859999,1,1,1043,0
u_mand_factor\set43\u_mand_factor_0.4.py,u_mand_factor,43,u_mand_factor,0.4,2,5,5,0.4,0.5,0.7,0.6,0.8,0.6,45.079998,40,13,36.799998,64.399998,17.146666,1,1,1043,0
u_mand_factor\set43\u_mand_factor_0.5.py,u_mand_factor,43,u_mand_factor,0.5,2,5,5,0.5,0.5,0.7,0.6,1.0,0.5,48.3,40,13,46.000001,69.0,21.433334,1,1,1043,0
u_mand_factor\set43\u_mand_factor_0.6.py,u_mand_factor,43,u_mand_factor,0.6,2,5,5,0.6,0.5,0.7,0.6,1.2,0.4,51.520002,40,13,55.200003,73.600002,25.720002,1,1,1043,0
u_mand_factor\set43\u_mand_factor_0.7.py,u_mand_factor,43,u_mand_factor,0.7,2,5,5,0.7,0.5,0.7,0.6,1.4,0.3,54.739995,40,13,64.399998,78.199993,30.006666,1,1,1043,0
u_mand_factor\set43\u_mand_factor_0.8.py,u_mand_factor,43,u_mand_factor,0.8,2,5,5,0.8,0.5,0.7,0.6,1.6,0.2,57.959998,40,13,73.599998,82.799997,34.293332,1,1,1043,0
u_mand_factor\set43\u_mand_factor_0.9.py,u_mand_factor,43,u_mand_factor,0.9,2,5,5,0.9,0.5,0.7,0.6,1.8,0.1,61.180002,40,15,82.800001,87.400003,38.580001,1,1,1043,3
u_mand_factor\set44\u_mand_factor_0.1.py,u_mand_factor,44,u_mand_factor,0.1,2,5,5,0.1,0.5,0.7,0.6,0.2,0.9,35.42,40,12,9.199998,50.6,4.286666,1,0,1044,0
u_mand_factor\set44\u_mand_factor_0.2.py,u_mand_factor,44,u_mand_factor,0.2,2,5,5,0.2,0.5,0.7,0.6,0.4,0.8,38.64,40,12,18.400002,55.2,8.573334,1,0,1044,0
u_mand_factor\set44\u_mand_factor_0.3.py,u_mand_factor,44,u_mand_factor,0.3,2,5,5,0.3,0.5,0.7,0.6,0.6,0.7,41.860003,40,12,27.6,59.800005,12.86,1,1,1044,0
u_mand_factor\set44\u_mand_factor_0.4.py,u_mand_factor,44,u_mand_factor,0.4,2,5,5,0.4,0.5,0.7,0.6,0.8,0.6,45.08,40,12,36.8,64.4,17.146667,1,1,1044,0
u_mand_factor\set44\u_mand_factor_0.5.py,u_mand_factor,44,u_mand_factor,0.5,2,5,5,0.5,0.5,0.7,0.6,1.0,0.5,48.3,40,12,45.999999,69.0,21.433333,1,1,1044,0
u_mand_factor\set44\u_mand_factor_0.6.py,u_mand_factor,44,u_mand_factor,0.6,2,5,5,0.6,0.5,0.7,0.6,1.2,0.4,51.52,40,12,55.200002,73.6,25.720001,1,1,1044,0
u_mand_factor\set44\u_mand_factor_0.7.py,u_mand_factor,44,u_mand_factor,0.7,2,5,5,0.7,0.5,0.7,0.6,1.4,0.3,54.739999,40,12,64.400001,78.199999,30.006667,1,1,1044,0
u_mand_factor\set44\u_mand_factor_0.8.py,u_mand_factor,44,u_mand_factor,0.8,2,5,5,0.8,0.5,0.7,0.6,1.6,0.2,57.959999,40,12,73.600002,82.799999,34.293334,1,1,1044,0
u_mand_factor\set44\u_mand_factor_0.9.py,u_mand_factor,44,u_mand_factor,0.9,2,5,5,0.9,0.5,0.7,0.6,1.8,0.1,61.18,40,12,82.799999,87.4,38.579999,1,1,1044,0
u_mand_factor\set45\u_mand_factor_0.1.py,u_mand_factor,45,u_mand_factor,0.1,2,5,5,0.1,0.5,0.7,0.6,0.2,0.9,35.42,40,11,9.2,50.6,4.72,1,0,1045,0
u_mand_factor\set45\u_mand_factor_0.2.py,u_mand_factor,45,u_mand_factor,0.2,2,5,5,0.2,0.5,0.7,0.6,0.4,0.8,38.640001,40,11,18.400001,55.200001,9.440001,1,1,1045,0
u_mand_factor\set45\u_mand_factor_0.3.py,u_mand_factor,45,u_mand_factor,0.3,2,5,5,0.3,0.5,0.7,0.6,0.6,0.7,41.86,40,11,27.600001,59.8,14.160001,1,1,1045,0
u_mand_factor\set45\u_mand_factor_0.4.py,u_mand_factor,45,u_mand_factor,0.4,2,5,5,0.4,0.5,0.7,0.6,0.8,0.6,45.079998,40,11,36.8,64.399998,18.88,1,1,1045,0
u_mand_factor\set45\u_mand_factor_0.5.py,u_mand_factor,45,u_mand_factor,0.5,2,5,5,0.5,0.5,0.7,0.6,1.0,0.5,48.299998,40,11,45.999998,68.999997,23.599999,1,1,1045,0
u_mand_factor\set45\u_mand_factor_0.6.py,u_mand_factor,45,u_mand_factor,0.6,2,5,5,0.6,0.5,0.7,0.6,1.2,0.4,51.520002,40,11,55.200001,73.600003,28.320001,1,1,1045,0
u_mand_factor\set45\u_mand_factor_0.7.py,u_mand_factor,45,u_mand_factor,0.7,2,5,5,0.7,0.5,0.7,0.6,1.4,0.3,54.739997,40,11,64.399999,78.199995,33.039999,1,1,1045,0
u_mand_factor\set45\u_mand_factor_0.8.py,u_mand_factor,45,u_mand_factor,0.8,2,5,5,0.8,0.5,0.7,0.6,1.6,0.2,57.96,40,11,73.6,82.8,37.76,1,1,1045,0
u_mand_factor\set45\u_mand_factor_0.9.py,u_mand_factor,45,u_mand_factor,0.9,2,5,5,0.9,0.5,0.7,0.6,1.8,0.1,61.179999,40,11,82.8,87.399999,42.48,1,1,1045,0
u_mand_factor\set46\u_mand_factor_0.1.py,u_mand_factor,46,u_mand_factor,0.1,2,5,5,0.1,0.5,0.7,0.6,0.2,0.9,35.419998,40,13,9.200001,50.599998,4.408572,1,0,1046,0
u_mand_factor\set46\u_mand_factor_0.2.py,u_mand_factor,46,u_mand_factor,0.2,2,5,5,0.2,0.5,0.7,0.6,0.4,0.8,38.639999,40,13,18.400002,55.199999,8.817144,1,0,1046,0
u_mand_factor\set46\u_mand_factor_0.3.py,u_mand_factor,46,u_mand_factor,0.3,2,5,5,0.3,0.5,0.7,0.6,0.6,0.7,41.859998,40,13,27.6,59.799997,13.225714,1,1,1046,0
u_mand_factor\set46\u_mand_factor_0.4.py,u_mand_factor,46,u_mand_factor,0.4,2,5,5,0.4,0.5,0.7,0.6,0.8,0.6,45.079998,40,13,36.799999,64.399998,17.634285,1,1,1046,0
u_mand_factor\set46\u_mand_factor_0.5.py,u_mand_factor,46,u_mand_factor,0.5,2,5,5,0.5,0.5,0.7,0.6,1.0,0.5,48.300001,40,13,46.0,69.000001,22.042857,1,1,1046,0
u_mand_factor\set46\u_mand_factor_0.6.py,u_mand_factor,46,u_mand_factor,0.6,2,5,5,0.6,0.5,0.7,0.6,1.2,0.4,51.520002,40,13,55.200002,73.600003,26.45143,1,1,1046,0
u_mand_factor\set46\u_mand_factor_0.7.py,u_mand_factor,46,u_mand_factor,0.7,2,5,5,0.7,0.5,0.7,0.6,1.4,0.3,54.740003,40,13,64.400002,78.200005,30.860001,1,1,1046,0
u_mand_factor\set46\u_mand_factor_0.8.py,u_mand_factor,46,u_mand_factor,0.8,2,5,5,0.8,0.5,0.7,0.6,1.6,0.2,57.96,40,13,73.599998,82.8,35.26857,1,1,1046,0
u_mand_factor\set46\u_mand_factor_0.9.py,u_mand_factor,46,u_mand_factor,0.9,2,5,5,0.9,0.5,0.7,0.6,1.8,0.1,61.180001,40,10,82.799999,87.400001,43.919999,1,1,1046,1
u_mand_factor\set47\u_mand_factor_0.1.py,u_mand_factor,47,u_mand_factor,0.1,2,5,5,0.1,0.5,0.7,0.6,0.2,0.9,35.420002,40,13,9.2,50.600003,4.4,1,0,1047,0
u_mand_factor\set47\u_mand_factor_0.2.py,u_mand_factor,47,u_mand_factor,0.2,2,5,5,0.2,0.5,0.7,0.6,0.4,0.8,38.639998,40,13,18.400002,55.199998,8.800001,1,0,1047,0
u_mand_factor\set47\u_mand_factor_0.3.py,u_mand_factor,47,u_mand_factor,0.3,2,5,5,0.3,0.5,0.7,0.6,0.6,0.7,41.860001,40,13,27.600002,59.800001,13.200001,1,1,1047,0
u_mand_factor\set47\u_mand_factor_0.4.py,u_mand_factor,47,u_mand_factor,0.4,2,5,5,0.4,0.5,0.7,0.6,0.8,0.6,45.080005,40,13,36.800002,64.400007,17.600001,1,1,1047,0
u_mand_factor\set47\u_mand_factor_0.5.py,u_mand_factor,47,u_mand_factor,0.5,2,5,5,0.5,0.5,0.7,0.6,1.0,0.5,48.300002,40,13,46.000002,69.000002,22.000001,1,1,1047,0
u_mand_factor\set47\u_mand_factor_0.6.py,u_mand_factor,47,u_mand_factor,0.6,2,5,5,0.6,0.5,0.7,0.6,1.2,0.4,51.519997,40,13,55.199997,73.599995,26.399998,1,1,1047,0
u_mand_factor\set47\u_mand_factor_0.7.py,u_mand_factor,47,u_mand_factor,0.7,2,5,5,0.7,0.5,0.7,0.6,1.4,0.3,54.740001,40,13,64.4,78.200001,30.8,1,1,1047,0
u_mand_factor\set47\u_mand_factor_0.8.py,u_mand_factor,47,u_mand_factor,0.8,2,5,5,0.8,0.5,0.7,0.6,1.6,0.2,57.960002,40,13,73.599999,82.800002,35.199999,1,1,1047,0
u_mand_factor\set47\u_mand_factor_0.9.py,u_mand_factor,47,u_mand_factor,0.9,2,5,5,0.9,0.5,0.7,0.6,1.8,0.1,61.180001,40,13,82.800001,87.400001,39.600001,1,1,1047,0
u_mand_factor\set48\u_mand_factor_0.1.py,u_mand_factor,48,u_mand_factor,0.1,2,5,5,0.1,0.5,0.7,0.6,0.2,0.9,35.42,40,13,9.200002,50.6,4.280001,1,0,1048,0
u_mand_factor\set48\u_mand_factor_0.2.py,u_mand_factor,48,u_mand_factor,0.2,2,5,5,0.2,0.5,0.7,0.6,0.4,0.8,38.64,40,13,18.399999,55.2,8.559999,1,0,1048,0
u_mand_factor\set48\u_mand_factor_0.3.py,u_mand_factor,48,u_mand_factor,0.3,2,5,5,0.3,0.5,0.7,0.6,0.6,0.7,41.860002,40,13,27.600001,59.800002,12.840001,1,1,1048,0
u_mand_factor\set48\u_mand_factor_0.4.py,u_mand_factor,48,u_mand_factor,0.4,2,5,5,0.4,0.5,0.7,0.6,0.8,0.6,45.080001,40,13,36.800003,64.400001,17.120002,1,1,1048,0
u_mand_factor\set48\u_mand_factor_0.5.py,u_mand_factor,48,u_mand_factor,0.5,2,5,5,0.5,0.5,0.7,0.6,1.0,0.5,48.299998,40,13,45.999997,68.999997,21.399998,1,1,1048,0
u_mand_factor\set48\u_mand_factor_0.6.py,u_mand_factor,48,u_mand_factor,0.6,2,5,5,0.6,0.5,0.7,0.6,1.2,0.4,51.520003,40,13,55.200002,73.600005,25.680001,1,1,1048,0
u_mand_factor\set48\u_mand_factor_0.7.py,u_mand_factor,48,u_mand_factor,0.7,2,5,5,0.7,0.5,0.7,0.6,1.4,0.3,54.74,40,13,64.400002,78.2,29.960001,1,1,1048,0
u_mand_factor\set48\u_mand_factor_0.8.py,u_mand_factor,48,u_mand_factor,0.8,2,5,5,0.8,0.5,0.7,0.6,1.6,0.2,57.96,40,13,73.6,82.8,34.24,1,1,1048,0
u_mand_factor\set48\u_mand_factor_0.9.py,u_mand_factor,48,u_mand_factor,0.9,2,5,5,0.9,0.5,0.7,0.6,1.8,0.1,61.179997,40,9,82.799999,87.399995,38.579999,1,1,1048,1
u_mand_factor\set49\u_mand_factor_0.1.py,u_mand_factor,49,u_mand_factor,0.1,2,5,5,0.1,0.5,0.7,0.6,0.2,0.9,35.420002,40,11,9.2,50.600003,4.72,1,0,1049,0
u_mand_factor\set49\u_mand_factor_0.2.py,u_mand_factor,49,u_mand_factor,0.2,2,5,5,0.2,0.5,0.7,0.6,0.4,0.8,38.639997,40,11,18.399999,55.199995,9.439999,1,0,1049,0
u_mand_factor\set49\u_mand_factor_0.3.py,u_mand_factor,49,u_mand_factor,0.3,2,5,5,0.3,0.5,0.7,0.6,0.6,0.7,41.860001,40,11,27.599999,59.800001,14.159999,1,1,1049,0
u_mand_factor\set49\u_mand_factor_0.4.py,u_mand_factor,49,u_mand_factor,0.4,2,5,5,0.4,0.5,0.7,0.6,0.8,0.6,45.079998,40,11,36.800001,64.399997,18.880001,1,1,1049,0
u_mand_factor\set49\u_mand_factor_0.5.py,u_mand_factor,49,u_mand_factor,0.5,2,5,5,0.5,0.5,0.7,0.6,1.0,0.5,48.300002,40,11,45.999998,69.000002,23.599999,1,1,1049,0
u_mand_factor\set49\u_mand_factor_0.6.py,u_mand_factor,49,u_mand_factor,0.6,2,5,5,0.6,0.5,0.7,0.6,1.2,0.4,51.52,40,11,55.200002,73.6,28.320001,1,1,1049,0
u_mand_factor\set49\u_mand_factor_0.7.py,u_mand_factor,49,u_mand_factor,0.7,2,5,5,0.7,0.5,0.7,0.6,1.4,0.3,54.739998,40,11,64.399998,78.199997,33.039999,1,1,1049,0
u_mand_factor\set49\u_mand_factor_0.8.py,u_mand_factor,49,u_mand_factor,0.8,2,5,5,0.8,0.5,0.7,0.6,1.6,0.2,57.959999,40,11,73.600002,82.799999,37.760001,1,1,1049,0
u_mand_factor\set49\u_mand_factor_0.9.py,u_mand_factor,49,u_mand_factor,0.9,2,5,5,0.9,0.5,0.7,0.6,1.8,0.1,61.18,40,11,82.8,87.4,42.48,1,1,1049,0
u_mand_factor\set50\u_mand_factor_0.1.py,u_mand_factor,50,u_mand_factor,0.1,2,5,5,0.1,0.5,0.7,0.6,0.2,0.9,35.420005,40,15,9.199999,50.600007,4.601818,1,0,1050,0
u_mand_factor\set50\u_mand_factor_0.2.py,u_mand_factor,50,u_mand_factor,0.2,2,5,5,0.2,0.5,0.7,0.6,0.4,0.8,38.640003,40,15,18.400002,55.200005,9.203638,1,1,1050,0
u_mand_factor\set50\u_mand_factor_0.3.py,u_mand_factor,50,u_mand_factor,0.3,2,5,5,0.3,0.5,0.7,0.6,0.6,0.7,41.860002,40,15,27.600003,59.800002,13.805456,1,1,1050,0
u_mand_factor\set50\u_mand_factor_0.4.py,u_mand_factor,50,u_mand_factor,0.4,2,5,5,0.4,0.5,0.7,0.6,0.8,0.6,45.079997,40,15,36.799998,64.399995,18.407272,1,1,1050,0
u_mand_factor\set50\u_mand_factor_0.5.py,u_mand_factor,50,u_mand_factor,0.5,2,5,5,0.5,0.5,0.7,0.6,1.0,0.5,48.299998,40,15,46.000003,68.999998,23.009093,1,1,1050,0
u_mand_factor\set50\u_mand_factor_0.6.py,u_mand_factor,50,u_mand_factor,0.6,2,5,5,0.6,0.5,0.7,0.6,1.2,0.4,51.520002,40,15,55.200002,73.600002,27.61091,1,1,1050,0
u_mand_factor\set50\u_mand_factor_0.7.py,u_mand_factor,50,u_mand_factor,0.7,2,5,5,0.7,0.5,0.7,0.6,1.4,0.3,54.739997,40,15,64.399999,78.199995,32.212727,1,1,1050,0
u_mand_factor\set50\u_mand_factor_0.8.py,u_mand_factor,50,u_mand_factor,0.8,2,5,5,0.8,0.5,0.7,0.6,1.6,0.2,57.960005,40,15,73.600005,82.800007,36.814548,1,1,1050,0
u_mand_factor\set50\u_mand_factor_0.9.py,u_mand_factor,50,u_mand_factor,0.9,2,5,5,0.9,0.5,0.7,0.6,1.8,0.1,61.180001,40,15,82.800002,87.400001,41.416365,1,1,1050,0
u_mand_factor\set51\u_mand_factor_0.1.py,u_mand_factor,51,u_mand_factor,0.1,2,5,5,0.1,0.5,0.7,0.6,0.2,0.9,35.419998,40,11,9.2,50.599997,4.4,1,0,1051,0
u_mand_factor\set51\u_mand_factor_0.2.py,u_mand_factor,51,u_mand_factor,0.2,2,5,5,0.2,0.5,0.7,0.6,0.4,0.8,38.640002,40,11,18.4,55.200003,8.8,1,1,1051,0
u_mand_factor\set51\u_mand_factor_0.3.py,u_mand_factor,51,u_mand_factor,0.3,2,5,5,0.3,0.5,0.7,0.6,0.6,0.7,41.860002,40,11,27.6,59.800002,13.2,1,1,1051,0
u_mand_factor\set51\u_mand_factor_0.4.py,u_mand_factor,51,u_mand_factor,0.4,2,5,5,0.4,0.5,0.7,0.6,0.8,0.6,45.08,40,11,36.799999,64.4,17.599999,1,1,1051,0
u_mand_factor\set51\u_mand_factor_0.5.py,u_mand_factor,51,u_mand_factor,0.5,2,5,5,0.5,0.5,0.7,0.6,1.0,0.5,48.299998,40,11,45.999998,68.999998,21.999999,1,1,1051,0
u_mand_factor\set51\u_mand_factor_0.6.py,u_mand_factor,51,u_mand_factor,0.6,2,5,5,0.6,0.5,0.7,0.6,1.2,0.4,51.520002,40,11,55.200001,73.600002,26.400001,1,1,1051,0
u_mand_factor\set51\u_mand_factor_0.7.py,u_mand_factor,51,u_mand_factor,0.7,2,5,5,0.7,0.5,0.7,0.6,1.4,0.3,54.740002,40,11,64.400001,78.200002,30.800001,1,1,1051,0
u_mand_factor\set51\u_mand_factor_0.8.py,u_mand_factor,51,u_mand_factor,0.8,2,5,5,0.8,0.5,0.7,0.6,1.6,0.2,57.959996,40,11,73.599999,82.799994,35.199999,1,1,1051,0
u_mand_factor\set51\u_mand_factor_0.9.py,u_mand_factor,51,u_mand_factor,0.9,2,5,5,0.9,0.5,0.7,0.6,1.8,0.1,61.180002,40,11,82.800001,87.400002,39.600001,1,1,1051,0
u_mand_factor\set52\u_mand_factor_0.1.py,u_mand_factor,52,u_mand_factor,0.1,2,5,5,0.1,0.5,0.7,0.6,0.2,0.9,35.420005,40,11,9.200001,50.600007,4.280001,1,0,1052,0
u_mand_factor\set52\u_mand_factor_0.2.py,u_mand_factor,52,u_mand_factor,0.2,2,5,5,0.2,0.5,0.7,0.6,0.4,0.8,38.639994,40,11,18.399998,55.199992,8.559999,1,0,1052,0
u_mand_factor\set52\u_mand_factor_0.3.py,u_mand_factor,52,u_mand_factor,0.3,2,5,5,0.3,0.5,0.7,0.6,0.6,0.7,41.859998,40,11,27.599999,59.799998,12.839999,1,1,1052,0
u_mand_factor\set52\u_mand_factor_0.4.py,u_mand_factor,52,u_mand_factor,0.4,2,5,5,0.4,0.5,0.7,0.6,0.8,0.6,45.08,40,11,36.800002,64.4,17.120001,1,1,1052,0
u_mand_factor\set52\u_mand_factor_0.5.py,u_mand_factor,52,u_mand_factor,0.5,2,5,5,0.5,0.5,0.7,0.6,1.0,0.5,48.299998,40,11,45.999997,68.999997,21.399998,1,1,1052,0
u_mand_factor\set52\u_mand_factor_0.6.py,u_mand_factor,52,u_mand_factor,0.6,2,5,5,0.6,0.5,0.7,0.6,1.2,0.4,51.519998,40,11,55.2,73.599997,25.68,1,1,1052,0
u_mand_factor\set52\u_mand_factor_0.7.py,u_mand_factor,52,u_mand_factor,0.7,2,5,5,0.7,0.5,0.7,0.6,1.4,0.3,54.74,40,11,64.400001,78.2,29.960001,1,1,1052,0
u_mand_factor\set52\u_mand_factor_0.8.py,u_mand_factor,52,u_mand_factor,0.8,2,5,5,0.8,0.5,0.7,0.6,1.6,0.2,57.959998,40,11,73.6,82.799997,34.24,1,1,1052,0
u_mand_factor\set52\u_mand_factor_0.9.py,u_mand_factor,52,u_mand_factor,0.9,2,5,5,0.9,0.5,0.7,0.6,1.8,0.1,61.180004,40,12,82.800002,87.400006,42.480001,1,1,1052,1
u_mand_factor\set53\u_mand_factor_0.1.py,u_mand_factor,53,u_mand_factor,0.1,2,5,5,0.1,0.5,0.7,0.6,0.2,0.9,35.419998,40,9,9.199997,50.599998,4.601816,1,0,1053,0
u_mand_factor\set53\u_mand_factor_0.2.py,u_mand_factor,53,u_mand_factor,0.2,2,5,5,0.2,0.5,0.7,0.6,0.4,0.8,38.640002,40,9,18.400001,55.200003,9.203637,1,0,1053,0
u_mand_factor\set53\u_mand_factor_0.3.py,u_mand_factor,53,u_mand_factor,0.3,2,5,5,0.3,0.5,0.7,0.6,0.6,0.7,41.859998,40,9,27.599998,59.799997,13.805453,1,1,1053,0
u_mand_factor\set53\u_mand_factor_0.4.py,u_mand_factor,53,u_mand_factor,0.4,2,5,5,0.4,0.5,0.7,0.6,0.8,0.6,45.079998,40,9,36.800001,64.399998,18.407273,1,1,1053,0
u_mand_factor\set53\u_mand_factor_0.5.py,u_mand_factor,53,u_mand_factor,0.5,2,5,5,0.5,0.5,0.7,0.6,1.0,0.5,48.299997,40,9,45.999998,68.999995,23.00909,1,1,1053,0
u_mand_factor\set53\u_mand_factor_0.6.py,u_mand_factor,53,u_mand_factor,0.6,2,5,5,0.6,0.5,0.7,0.6,1.2,0.4,51.520001,40,9,55.2,73.600001,27.610909,1,1,1053,0
u_mand_factor\set53\u_mand_factor_0.7.py,u_mand_factor,53,u_mand_factor,0.7,2,5,5,0.7,0.5,0.7,0.6,1.4,0.3,54.739998,40,9,64.399998,78.199998,32.212726,1,1,1053,0
u_mand_factor\set53\u_mand_factor_0.8.py,u_mand_factor,53,u_mand_factor,0.8,2,5,5,0.8,0.5,0.7,0.6,1.6,0.2,57.959998,40,9,73.6,82.799997,36.814545,1,1,1053,0
u_mand_factor\set53\u_mand_factor_0.9.py,u_mand_factor,53,u_mand_factor,0.9,2,5,5,0.9,0.5,0.7,0.6,1.8,0.1,61.179998,40,10,82.800001,87.399997,38.520001,1,1,1053,2
u_mand_factor\set54\u_mand_factor_0.1.py,u_mand_factor,54,u_mand_factor,0.1,2,5,5,0.1,0.5,0.7,0.6,0.2,0.9,35.419998,40,13,9.199997,50.599998,4.40857,1,0,1054,0
u_mand_factor\set54\u_mand_factor_0.2.py,u_mand_factor,54,u_mand_factor,0.2,2,5,5,0.2,0.5,0.7,0.6,0.4,0.8,38.640002,40,13,18.4,55.200003,8.817143,1,0,1054,0
u_mand_factor\set54\u_mand_factor_0.3.py,u_mand_factor,54,u_mand_factor,0.3,2,5,5,0.3,0.5,0.7,0.6,0.6,0.7,41.859998,40,13,27.599997,59.799998,13.225713,1,1,1054,0
u_mand_factor\set54\u_mand_factor_0.4.py,u_mand_factor,54,u_mand_factor,0.4,2,5,5,0.4,0.5,0.7,0.6,0.8,0.6,45.079996,40,13,36.8,64.399994,17.634286,1,1,1054,0
u_mand_factor\set54\u_mand_factor_0.5.py,u_mand_factor,54,u_mand_factor,0.5,2,5,5,0.5,0.5,0.7,0.6,1.0,0.5,48.299998,40,13,45.999999,68.999997,22.042857,1,1,1054,0
u_mand_factor\set54\u_mand_factor_0.6.py,u_mand_factor,54,u_mand_factor,0.6,2,5,5,0.6,0.5,0.7,0.6,1.2,0.4,51.519998,40,13,55.200002,73.599997,26.45143,1,1,1054,0
u_mand_factor\set54\u_mand_factor_0.7.py,u_mand_factor,54,u_mand_factor,0.7,2,5,5,0.7,0.5,0.7,0.6,1.4,0.3,54.740004,40,13,64.4,78.200006,30.86,1,1,1054,0
u_mand_factor\set54\u_mand_factor_0.8.py,u_mand_factor,54,u_mand_factor,0.8,2,5,5,0.8,0.5,0.7,0.6,1.6,0.2,57.960003,40,13,73.600001,82.800005,35.268572,1,1,1054,0
u_mand_factor\set54\u_mand_factor_0.9.py,u_mand_factor,54,u_mand_factor,0.9,2,5,5,0.9,0.5,0.7,0.6,1.8,0.1,61.179999,40,10,82.800001,87.399999,39.600001,1,1,1054,1
u_mand_factor\set55\u_mand_factor_0.1.py,u_mand_factor,55,u_mand_factor,0.1,2,5,5,0.1,0.5,0.7,0.6,0.2,0.9,35.420002,40,11,9.200001,50.600002,4.408572,1,0,1055,0
u_mand_factor\set55\u_mand_factor_0.2.py,u_mand_factor,55,u_mand_factor,0.2,2,5,5,0.2,0.5,0.7,0.6,0.4,0.8,38.64,40,11,18.400003,55.2,8.817145,1,0,1055,0
u_mand_factor\set55\u_mand_factor_0.3.py,u_mand_factor,55,u_mand_factor,0.3,2,5,5,0.3,0.5,0.7,0.6,0.6,0.7,41.860001,40,11,27.6,59.800001,13.225714,1,1,1055,0
u_mand_factor\set55\u_mand_factor_0.4.py,u_mand_factor,55,u_mand_factor,0.4,2,5,5,0.4,0.5,0.7,0.6,0.8,0.6,45.079999,40,11,36.8,64.399999,17.634286,1,1,1055,0
u_mand_factor\set55\u_mand_factor_0.5.py,u_mand_factor,55,u_mand_factor,0.5,2,5,5,0.5,0.5,0.7,0.6,1.0,0.5,48.300002,40,11,45.999999,69.000002,22.042857,1,1,1055,0
u_mand_factor\set55\u_mand_factor_0.6.py,u_mand_factor,55,u_mand_factor,0.6,2,5,5,0.6,0.5,0.7,0.6,1.2,0.4,51.519997,40,11,55.199999,73.599995,26.451428,1,1,1055,0
u_mand_factor\set55\u_mand_factor_0.7.py,u_mand_factor,55,u_mand_factor,0.7,2,5,5,0.7,0.5,0.7,0.6,1.4,0.3,54.74,40,11,64.4,78.2,30.86,1,1,1055,0
u_mand_factor\set55\u_mand_factor_0.8.py,u_mand_factor,55,u_mand_factor,0.8,2,5,5,0.8,0.5,0.7,0.6,1.6,0.2,57.96,40,11,73.599998,82.8,35.26857,1,1,1055,0
u_mand_factor\set55\u_mand_factor_0.9.py,u_mand_factor,55,u_mand_factor,0.9,2,5,5,0.9,0.5,0.7,0.6,1.8,0.1,61.179998,40,11,82.8,87.399998,39.677143,1,1,1055,0
u_mand_factor\set56\u_mand_factor_0.1.py,u_mand_factor,56,u_mand_factor,0.1,2,5,5,0.1,0.5,0.7,0.6,0.2,0.9,35.419999,40,10,9.2,50.599999,4.28,1,0,1056,0
u_mand_factor\set56\u_mand_factor_0.2.py,u_mand_factor,56,u_mand_factor,0.2,2,5,5,0.2,0.5,0.7,0.6,0.4,0.8,38.64,40,10,18.399998,55.2,8.559999,1,0,1056,0
u_mand_factor\set56\u_mand_factor_0.3.py,u_mand_factor,56,u_mand_factor,0.3,2,5,5,0.3,0.5,0.7,0.6,0.6,0.7,41.86,40,10,27.6,59.8,12.84,1,1,1056,0
u_mand_factor\set56\u_mand_factor_0.4.py,u_mand_factor,56,u_mand_factor,0.4,2,5,5,0.4,0.5,0.7,0.6,0.8,0.6,45.079999,40,10,36.800001,64.399999,17.120001,1,1,1056,0
u_mand_factor\set56\u_mand_factor_0.5.py,u_mand_factor,56,u_mand_factor,0.5,2,5,5,0.5,0.5,0.7,0.6,1.0,0.5,48.299998,40,10,45.999999,68.999998,21.399999,1,1,1056,0
u_mand_factor\set56\u_mand_factor_0.6.py,u_mand_factor,56,u_mand_factor,0.6,2,5,5,0.6,0.5,0.7,0.6,1.2,0.4,51.519999,40,10,55.199999,73.599999,25.679999,1,1,1056,0
u_mand_factor\set56\u_mand_factor_0.7.py,u_mand_factor,56,u_mand_factor,0.7,2,5,5,0.7,0.5,0.7,0.6,1.4,0.3,54.74,40,10,64.4,78.2,29.96,1,1,1056,0
u_mand_factor\set56\u_mand_factor_0.8.py,u_mand_factor,56,u_mand_factor,0.8,2,5,5,0.8,0.5,0.7,0.6,1.6,0.2,57.959999,40,10,73.599998,82.799999,34.239999,1,1,1056,0
u_mand_factor\set56\u_mand_factor_0.9.py,u_mand_factor,56,u_mand_factor,0.9,2,5,5,0.9,0.5,0.7,0.6,1.8,0.1,61.18,40,11,82.8,87.4,39.6,1,1,1056,2
u_mand_factor\set57\u_mand_factor_0.1.py,u_mand_factor,57,u_mand_factor,0.1,2,5,5,0.1,0.5,0.7,0.6,0.2,0.9,35.420003,40,15,9.200005,50.600005,4.280002,1,0,1057,0
u_mand_factor\set57\u_mand_factor_0.2.py,u_mand_factor,57,u_mand_factor,0.2,2,5,5,0.2,0.5,0.7,0.6,0.4,0.8,38.640006,40,15,18.4,55.200009,8.56,1,0,1057,0
u_mand_factor\set57\u_mand_factor_0.3.py,u_mand_factor,57,u_mand_factor,0.3,2,5,5,0.3,0.5,0.7,0.6,0.6,0.7,41.859997,40,15,27.6,59.799995,12.84,1,1,1057,0
u_mand_factor\set57\u_mand_factor_0.4.py,u_mand_factor,57,u_mand_factor,0.4,2,5,5,0.4,0.5,0.7,0.6,0.8,0.6,45.08,40,15,36.8,64.4,17.12,1,1,1057,0
u_mand_factor\set57\u_mand_factor_0.5.py,u_mand_factor,57,u_mand_factor,0.5,2,5,5,0.5,0.5,0.7,0.6,1.0,0.5,48.299998,40,15,46.0,68.999997,21.4,1,1,1057,0
u_mand_factor\set57\u_mand_factor_0.6.py,u_mand_factor,57,u_mand_factor,0.6,2,5,5,0.6,0.5,0.7,0.6,1.2,0.4,51.520001,40,15,55.2,73.600001,25.68,1,1,1057,0
u_mand_factor\set57\u_mand_factor_0.7.py,u_mand_factor,57,u_mand_factor,0.7,2,5,5,0.7,0.5,0.7,0.6,1.4,0.3,54.739999,40,15,64.4,78.199999,29.96,1,1,1057,0
u_mand_factor\set57\u_mand_factor_0.8.py,u_mand_factor,57,u_mand_factor,0.8,2,5,5,0.8,0.5,0.7,0.6,1.6,0.2,57.960001,40,15,73.6,82.800001,34.24,1,1,1057,0
u_mand_factor\set57\u_mand_factor_0.9.py,u_mand_factor,57,u_mand_factor,0.9,2,5,5,0.9,0.5,0.7,0.6,1.8,0.1,61.179994,40,15,82.8,87.399991,38.52,1,1,1057,0
u_mand_factor\set58\u_mand_factor_0.1.py,u_mand_factor,58,u_mand_factor,0.1,2,5,5,0.1,0.5,0.7,0.6,0.2,0.9,35.419995,40,15,9.199997,50.599993,4.279998,1,0,1058,0
u_mand_factor\set58\u_mand_factor_0.2.py,u_mand_factor,58,u_mand_factor,0.2,2,5,5,0.2,0.5,0.7,0.6,0.4,0.8,38.639998,40,15,18.4,55.199997,8.56,1,0,1058,0
u_mand_factor\set58\u_mand_factor_0.3.py,u_mand_factor,58,u_mand_factor,0.3,2,5,5,0.3,0.5,0.7,0.6,0.6,0.7,41.859996,40,15,27.599997,59.799994,12.839998,1,1,1058,0
u_mand_factor\set58\u_mand_factor_0.4.py,u_mand_factor,58,u_mand_factor,0.4,2,5,5,0.4,0.5,0.7,0.6,0.8,0.6,45.080002,40,15,36.800005,64.400003,17.120002,1,1,1058,0
u_mand_factor\set58\u_mand_factor_0.5.py,u_mand_factor,58,u_mand_factor,0.5,2,5,5,0.5,0.5,0.7,0.6,1.0,0.5,48.3,40,15,46.000001,69.0,21.400001,1,1,1058,0
u_mand_factor\set58\u_mand_factor_0.6.py,u_mand_factor,58,u_mand_factor,0.6,2,5,5,0.6,0.5,0.7,0.6,1.2,0.4,51.520004,40,15,55.199999,73.600006,25.679999,1,1,1058,0
u_mand_factor\set58\u_mand_factor_0.7.py,u_mand_factor,58,u_mand_factor,0.7,2,5,5,0.7,0.5,0.7,0.6,1.4,0.3,54.74,40,15,64.400001,78.2,29.960001,1,1,1058,0
u_mand_factor\set58\u_mand_factor_0.8.py,u_mand_factor,58,u_mand_factor,0.8,2,5,5,0.8,0.5,0.7,0.6,1.6,0.2,57.959995,40,15,73.599998,82.799993,34.239999,1,1,1058,0
u_mand_factor\set58\u_mand_factor_0.9.py,u_mand_factor,58,u_mand_factor,0.9,2,5,5,0.9,0.5,0.7,0.6,1.8,0.1,61.179999,40,12,82.799999,87.399999,39.599999,1,1,1058,1
u_mand_factor\set59\u_mand_factor_0.1.py,u_mand_factor,59,u_mand_factor,0.1,2,5,5,0.1,0.5,0.7,0.6,0.2,0.9,35.419996,40,10,9.199997,50.599994,4.286665,1,0,1059,0
u_mand_factor\set59\u_mand_factor_0.2.py,u_mand_factor,59,u_mand_factor,0.2,2,5,5,0.2,0.5,0.7,0.6,0.4,0.8,38.640003,40,10,18.400002,55.200005,8.573334,1,0,1059,0
u_mand_factor\set59\u_mand_factor_0.3.py,u_mand_factor,59,u_mand_factor,0.3,2,5,5,0.3,0.5,0.7,0.6,0.6,0.7,41.859999,40,10,27.600001,59.799999,12.860001,1,1,1059,0
u_mand_factor\set59\u_mand_factor_0.4.py,u_mand_factor,59,u_mand_factor,0.4,2,5,5,0.4,0.5,0.7,0.6,0.8,0.6,45.08,40,10,36.8,64.4,17.146667,1,1,1059,0
u_mand_factor\set59\u_mand_factor_0.5.py,u_mand_factor,59,u_mand_factor,0.5,2,5,5,0.5,0.5,0.7,0.6,1.0,0.5,48.299999,40,10,45.999999,68.999999,21.433333,1,1,1059,0
u_mand_factor\set59\u_mand_factor_0.6.py,u_mand_factor,59,u_mand_factor,0.6,2,5,5,0.6,0.5,0.7,0.6,1.2,0.4,51.519998,40,10,55.200001,73.599997,25.720001,1,1,1059,0
u_mand_factor\set59\u_mand_factor_0.7.py,u_mand_factor,59,u_mand_factor,0.7,2,5,5,0.7,0.5,0.7,0.6,1.4,0.3,54.739999,40,10,64.4,78.199999,30.006667,1,1,1059,0
u_mand_factor\set59\u_mand_factor_0.8.py,u_mand_factor,59,u_mand_factor,0.8,2,5,5,0.8,0.5,0.7,0.6,1.6,0.2,57.960002,40,10,73.6,82.800002,34.293333,1,1,1059,0
u_mand_factor\set59\u_mand_factor_0.9.py,u_mand_factor,59,u_mand_factor,0.9,2,5,5,0.9,0.5,0.7,0.6,1.8,0.1,61.179999,40,10,82.799998,87.399999,38.579999,1,1,1059,0
u_mand_factor\set60\u_mand_factor_0.1.py,u_mand_factor,60,u_mand_factor,0.1,2,5,5,0.1,0.5,0.7,0.6,0.2,0.9,35.419995,40,15,9.199999,50.599993,4.286666,1,0,1060,0
u_mand_factor\set60\u_mand_factor_0.2.py,u_mand_factor,60,u_mand_factor,0.2,2,5,5,0.2,0.5,0.7,0.6,0.4,0.8,38.640004,40,15,18.400003,55.200006,8.573335,1,0,1060,0
u_mand_factor\set60\u_mand_factor_0.3.py,u_mand_factor,60,u_mand_factor,0.3,2,5,5,0.3,0.5,0.7,0.6,0.6,0.7,41.859999,40,15,27.600002,59.799999,12.860001,1,1,1060,0
u_mand_factor\set60\u_mand_factor_0.4.py,u_mand_factor,60,u_mand_factor,0.4,2,5,5,0.4,0.5,0.7,0.6,0.8,0.6,45.080002,40,15,36.8,64.400003,17.146667,1,1,1060,0
u_mand_factor\set60\u_mand_factor_0.5.py,u_mand_factor,60,u_mand_factor,0.5,2,5,5,0.5,0.5,0.7,0.6,1.0,0.5,48.299997,40,15,45.999999,68.999995,21.433333,1,1,1060,0
u_mand_factor\set60\u_mand_factor_0.6.py,u_mand_factor,60,u_mand_factor,0.6,2,5,5,0.6,0.5,0.7,0.6,1.2,0.4,51.519998,40,15,55.200001,73.599997,25.720001,1,1,1060,0
u_mand_factor\set60\u_mand_factor_0.7.py,u_mand_factor,60,u_mand_factor,0.7,2,5,5,0.7,0.5,0.7,0.6,1.4,0.3,54.739998,40,15,64.399995,78.199997,30.006665,1,1,1060,0
u_mand_factor\set60\u_mand_factor_0.8.py,u_mand_factor,60,u_mand_factor,0.8,2,5,5,0.8,0.5,0.7,0.6,1.6,0.2,57.96,40,15,73.6,82.8,34.293333,1,1,1060,0
u_mand_factor\set60\u_mand_factor_0.9.py,u_mand_factor,60,u_mand_factor,0.9,2,5,5,0.9,0.5,0.7,0.6,1.8,0.1,61.180004,40,15,82.800003,87.400006,38.580002,1,1,1060,0
u_mand_factor\set61\u_mand_factor_0.1.py,u_mand_factor,61,u_mand_factor,0.1,2,5,5,0.1,0.5,0.7,0.6,0.2,0.9,35.419995,40,12,9.199998,50.599993,4.279999,1,0,1061,0
u_mand_factor\set61\u_mand_factor_0.2.py,u_mand_factor,61,u_mand_factor,0.2,2,5,5,0.2,0.5,0.7,0.6,0.4,0.8,38.640001,40,12,18.400002,55.200001,8.560001,1,0,1061,0
u_mand_factor\set61\u_mand_factor_0.3.py,u_mand_factor,61,u_mand_factor,0.3,2,5,5,0.3,0.5,0.7,0.6,0.6,0.7,41.859998,40,12,27.6,59.799998,12.84,1,1,1061,0
u_mand_factor\set61\u_mand_factor_0.4.py,u_mand_factor,61,u_mand_factor,0.4,2,5,5,0.4,0.5,0.7,0.6,0.8,0.6,45.080001,40,12,36.799999,64.400001,17.119999,1,1,1061,0
u_mand_factor\set61\u_mand_factor_0.5.py,u_mand_factor,61,u_mand_factor,0.5,2,5,5,0.5,0.5,0.7,0.6,1.0,0.5,48.299999,40,12,45.999999,68.999999,21.399999,1,1,1061,0
u_mand_factor\set61\u_mand_factor_0.6.py,u_mand_factor,61,u_mand_factor,0.6,2,5,5,0.6,0.5,0.7,0.6,1.2,0.4,51.519998,40,12,55.2,73.599998,25.68,1,1,1061,0
u_mand_factor\set61\u_mand_factor_0.7.py,u_mand_factor,61,u_mand_factor,0.7,2,5,5,0.7,0.5,0.7,0.6,1.4,0.3,54.739999,40,12,64.399999,78.199999,29.959999,1,1,1061,0
u_mand_factor\set61\u_mand_factor_0.8.py,u_mand_factor,61,u_mand_factor,0.8,2,5,5,0.8,0.5,0.7,0.6,1.6,0.2,57.959999,40,12,73.599999,82.799999,34.239999,1,1,1061,0
u_mand_factor\set61\u_mand_factor_0.9.py,u_mand_factor,61,u_mand_factor,0.9,2,5,5,0.9,0.5,0.7,0.6,1.8,0.1,61.180003,40,12,82.800003,87.400005,38.520002,1,1,1061,0
u_mand_factor\set62\u_mand_factor_0.1.py,u_mand_factor,62,u_mand_factor,0.1,2,5,5,0.1,0.5,0.7,0.6,0.2,0.9,35.42,40,10,9.199999,50.6,4.286666,1,0,1062,0
u_mand_factor\set62\u_mand_factor_0.2.py,u_mand_factor,62,u_mand_factor,0.2,2,5,5,0.2,0.5,0.7,0.6,0.4,0.8,38.639998,40,10,18.399999,55.199998,8.573333,1,1,1062,0
u_mand_factor\set62\u_mand_factor_0.3.py,u_mand_factor,62,u_mand_factor,0.3,2,5,5,0.3,0.5,0.7,0.6,0.6,0.7,41.859999,40,10,27.599998,59.799999,12.859999,1,1,1062,0
u_mand_factor\set62\u_mand_factor_0.4.py,u_mand_factor,62,u_mand_factor,0.4,2,5,5,0.4,0.5,0.7,0.6,0.8,0.6,45.079999,40,10,36.799998,64.399999,17.146666,1,1,1062,0
u_mand_factor\set62\u_mand_factor_0.5.py,u_mand_factor,62,u_mand_factor,0.5,2,5,5,0.5,0.5,0.7,0.6,1.0,0.5,48.300001,40,10,46.000003,69.000001,21.433335,1,1,1062,0
u_mand_factor\set62\u_mand_factor_0.6.py,u_mand_factor,62,u_mand_factor,0.6,2,5,5,0.6,0.5,0.7,0.6,1.2,0.4,51.520002,40,10,55.200001,73.600003,25.720001,1,1,1062,0
u_mand_factor\set62\u_mand_factor_0.7.py,u_mand_factor,62,u_mand_factor,0.7,2,5,5,0.7,0.5,0.7,0.6,1.4,0.3,54.74,40,10,64.399999,78.2,30.006666,1,1,1062,0
u_mand_factor\set62\u_mand_factor_0.8.py,u_mand_factor,62,u_mand_factor,0.8,2,5,5,0.8,0.5,0.7,0.6,1.6,0.2,57.959998,40,10,73.600001,82.799998,34.293334,1,1,1062,0
u_mand_factor\set62\u_mand_factor_0.9.py,u_mand_factor,62,u_mand_factor,0.9,2,5,5,0.9,0.5,0.7,0.6,1.8,0.1,61.179999,40,10,82.800001,87.399999,38.580001,1,1,1062,0
u_mand_factor\set63\u_mand_factor_0.1.py,u_mand_factor,63,u_mand_factor,0.1,2,5,5,0.1,0.5,0.7,0.6,0.2,0.9,35.419998,40,10,9.199998,50.599997,4.279999,1,0,1063,0
u_mand_factor\set63\u_mand_factor_0.2.py,u_mand_factor,63,u_mand_factor,0.2,2,5,5,0.2,0.5,0.7,0.6,0.4,0.8,38.640001,40,10,18.400001,55.200001,8.560001,1,0,1063,0
u_mand_factor\set63\u_mand_factor_0.3.py,u_mand_factor,63,u_mand_factor,0.3,2,5,5,0.3,0.5,0.7,0.6,0.6,0.7,41.859999,40,10,27.599998,59.799999,12.839999,1,1,1063,0
u_mand_factor\set63\u_mand_factor_0.4.py,u_mand_factor,63,u_mand_factor,0.4,2,5,5,0.4,0.5,0.7,0.6,0.8,0.6,45.079998,40,10,36.8,64.399998,17.12,1,1,1063,0
u_mand_factor\set63\u_mand_factor_0.5.py,u_mand_factor,63,u_mand_factor,0.5,2,5,5,0.5,0.5,0.7,0.6,1.0,0.5,48.300002,40,10,46.000001,69.000002,21.400001,1,1,1063,0
u_mand_factor\set63\u_mand_factor_0.6.py,u_mand_factor,63,u_mand_factor,0.6,2,5,5,0.6,0.5,0.7,0.6,1.2,0.4,51.519997,40,10,55.199997,73.599995,25.679998,1,1,1063,0
u_mand_factor\set63\u_mand_factor_0.7.py,u_mand_factor,63,u_mand_factor,0.7,2,5,5,0.7,0.5,0.7,0.6,1.4,0.3,54.740002,40,10,64.400001,78.200002,29.960001,1,1,1063,0
u_mand_factor\set63\u_mand_factor_0.8.py,u_mand_factor,63,u_mand_factor,0.8,2,5,5,0.8,0.5,0.7,0.6,1.6,0.2,57.96,40,10,73.6,82.8,34.24,1,1,1063,0
u_mand_factor\set63\u_mand_factor_0.9.py,u_mand_factor,63,u_mand_factor,0.9,2,5,5,0.9,0.5,0.7,0.6,1.8,0.1,61.179999,40,10,82.800001,87.399999,41.416364,1,1,1063,1
u_mand_factor\set64\u_mand_factor_0.1.py,u_mand_factor,64,u_mand_factor,0.1,2,5,5,0.1,0.5,0.7,0.6,0.2,0.9,35.419997,40,13,9.199998,50.599995,4.286666,1,0,1064,0
u_mand_factor\set64\u_mand_factor_0.2.py,u_mand_factor,64,u_mand_factor,0.2,2,5,5,0.2,0.5,0.7,0.6,0.4,0.8,38.640002,40,13,18.400005,55.200002,8.573335,1,1,1064,0
u_mand_factor\set64\u_mand_factor_0.3.py,u_mand_factor,64,u_mand_factor,0.3,2,5,5,0.3,0.5,0.7,0.6,0.6,0.7,41.860003,40,13,27.600002,59.800005,12.860001,1,1,1064,0
u_mand_factor\set64\u_mand_factor_0.4.py,u_mand_factor,64,u_mand_factor,0.4,2,5,5,0.4,0.5,0.7,0.6,0.8,0.6,45.079995,40,13,36.799998,64.399993,17.146666,1,1,1064,0
u_mand_factor\set64\u_mand_factor_0.5.py,u_mand_factor,64,u_mand_factor,0.5,2,5,5,0.5,0.5,0.7,0.6,1.0,0.5,48.299998,40,13,46.0,68.999998,21.433333,1,1,1064,0
u_mand_factor\set64\u_mand_factor_0.6.py,u_mand_factor,64,u_mand_factor,0.6,2,5,5,0.6,0.5,0.7,0.6,1.2,0.4,51.520002,40,13,55.2,73.600002,25.72,1,1,1064,0
u_mand_factor\set64\u_mand_factor_0.7.py,u_mand_factor,64,u_mand_factor,0.7,2,5,5,0.7,0.5,0.7,0.6,1.4,0.3,54.740001,40,13,64.4,78.200001,30.006667,1,1,1064,0
u_mand_factor\set64\u_mand_factor_0.8.py,u_mand_factor,64,u_mand_factor,0.8,2,5,5,0.8,0.5,0.7,0.6,1.6,0.2,57.959998,40,13,73.599999,82.799998,34.293333,1,1,1064,0
u_mand_factor\set64\u_mand_factor_0.9.py,u_mand_factor,64,u_mand_factor,0.9,2,5,5,0.9,0.5,0.7,0.6,1.8,0.1,61.179998,40,13,82.799998,87.399998,38.579999,1,1,1064,0
u_mand_factor\set65\u_mand_factor_0.1.py,u_mand_factor,65,u_mand_factor,0.1,2,5,5,0.1,0.5,0.7,0.6,0.2,0.9,35.419996,40,13,9.199995,50.599994,4.286665,1,0,1065,0
u_mand_factor\set65\u_mand_factor_0.2.py,u_mand_factor,65,u_mand_factor,0.2,2,5,5,0.2,0.5,0.7,0.6,0.4,0.8,38.640001,40,13,18.400002,55.200001,8.573334,1,0,1065,0
u_mand_factor\set65\u_mand_factor_0.3.py,u_mand_factor,65,u_mand_factor,0.3,2,5,5,0.3,0.5,0.7,0.6,0.6,0.7,41.859998,40,13,27.599999,59.799997,12.859999,1,1,1065,0
u_mand_factor\set65\u_mand_factor_0.4.py,u_mand_factor,65,u_mand_factor,0.4,2,5,5,0.4,0.5,0.7,0.6,0.8,0.6,45.079998,40,13,36.799999,64.399997,17.146666,1,1,1065,0
u_mand_factor\set65\u_mand_factor_0.5.py,u_mand_factor,65,u_mand_factor,0.5,2,5,5,0.5,0.5,0.7,0.6,1.0,0.5,48.299999,40,13,45.999997,68.999999,21.433332,1,1,1065,0
u_mand_factor\set65\u_mand_factor_0.6.py,u_mand_factor,65,u_mand_factor,0.6,2,5,5,0.6,0.5,0.7,0.6,1.2,0.4,51.519998,40,13,55.200001,73.599998,25.720001,1,1,1065,0
u_mand_factor\set65\u_mand_factor_0.7.py,u_mand_factor,65,u_mand_factor,0.7,2,5,5,0.7,0.5,0.7,0.6,1.4,0.3,54.739998,40,13,64.400001,78.199998,30.006667,1,1,1065,0
u_mand_factor\set65\u_mand_factor_0.8.py,u_mand_factor,65,u_mand_factor,0.8,2,5,5,0.8,0.5,0.7,0.6,1.6,0.2,57.960001,40,13,73.6,82.800001,34.293333,1,1,1065,0
u_mand_factor\set65\u_mand_factor_0.9.py,u_mand_factor,65,u_mand_factor,0.9,2,5,5,0.9,0.5,0.7,0.6,1.8,0.1,61.180001,40,10,82.8,87.400001,39.6,1,1,1065,1
u_mand_factor\set66\u_mand_factor_0.1.py,u_mand_factor,66,u_mand_factor,0.1,2,5,5,0.1,0.5,0.7,0.6,0.2,0.9,35.420001,40,9,9.199999,50.600001,5.226153,1,0,1066,0
u_mand_factor\set66\u_mand_factor_0.2.py,u_mand_factor,66,u_mand_factor,0.2,2,5,5,0.2,0.5,0.7,0.6,0.4,0.8,38.64,40,9,18.4,55.2,10.452308,1,0,1066,0
u_mand_factor\set66\u_mand_factor_0.3.py,u_mand_factor,66,u_mand_factor,0.3,2,5,5,0.3,0.5,0.7,0.6,0.6,0.7,41.86,40,9,27.599999,59.8,15.678461,1,1,1066,0
u_mand_factor\set66\u_mand_factor_0.4.py,u_mand_factor,66,u_mand_factor,0.4,2,5,5,0.4,0.5,0.7,0.6,0.8,0.6,45.080002,40,9,36.8,64.400002,20.904615,1,1,1066,0
u_mand_factor\set66\u_mand_factor_0.5.py,u_mand_factor,66,u_mand_factor,0.5,2,5,5,0.5,0.5,0.7,0.6,1.0,0.5,48.299998,40,9,45.999999,68.999998,26.130769,1,1,1066,0
u_mand_factor\set66\u_mand_factor_0.6.py,u_mand_factor,66,u_mand_factor,0.6,2,5,5,0.6,0.5,0.7,0.6,1.2,0.4,51.520002,40,9,55.2,73.600002,31.356923,1,1,1066,0
u_mand_factor\set66\u_mand_factor_0.7.py,u_mand_factor,66,u_mand_factor,0.7,2,5,5,0.7,0.5,0.7,0.6,1.4,0.3,54.740002,40,9,64.400001,78.200002,36.583078,1,1,1066,0
u_mand_factor\set66\u_mand_factor_0.8.py,u_mand_factor,66,u_mand_factor,0.8,2,5,5,0.8,0.5,0.7,0.6,1.6,0.2,57.959999,40,9,73.6,82.799999,41.809231,1,1,1066,0
u_mand_factor\set66\u_mand_factor_0.9.py,u_mand_factor,66,u_mand_factor,0.9,2,5,5,0.9,0.5,0.7,0.6,1.8,0.1,61.179999,40,9,82.800001,87.399999,38.520001,1,1,1066,3
u_mand_factor\set67\u_mand_factor_0.1.py,u_mand_factor,67,u_mand_factor,0.1,2,5,5,0.1,0.5,0.7,0.6,0.2,0.9,35.42,40,11,9.200001,50.6,4.280001,1,0,1067,0
u_mand_factor\set67\u_mand_factor_0.2.py,u_mand_factor,67,u_mand_factor,0.2,2,5,5,0.2,0.5,0.7,0.6,0.4,0.8,38.640001,40,11,18.4,55.200001,8.56,1,0,1067,0
u_mand_factor\set67\u_mand_factor_0.3.py,u_mand_factor,67,u_mand_factor,0.3,2,5,5,0.3,0.5,0.7,0.6,0.6,0.7,41.860002,40,11,27.600001,59.800003,12.840001,1,1,1067,0
u_mand_factor\set67\u_mand_factor_0.4.py,u_mand_factor,67,u_mand_factor,0.4,2,5,5,0.4,0.5,0.7,0.6,0.8,0.6,45.079998,40,11,36.799999,64.399998,17.119999,1,1,1067,0
u_mand_factor\set67\u_mand_factor_0.5.py,u_mand_factor,67,u_mand_factor,0.5,2,5,5,0.5,0.5,0.7,0.6,1.0,0.5,48.299998,40,11,45.999998,68.999998,21.399999,1,1,1067,0
u_mand_factor\set67\u_mand_factor_0.6.py,u_mand_factor,67,u_mand_factor,0.6,2,5,5,0.6,0.5,0.7,0.6,1.2,0.4,51.520002,40,11,55.200002,73.600002,25.680001,1,1,1067,0
u_mand_factor\set67\u_mand_factor_0.7.py,u_mand_factor,67,u_mand_factor,0.7,2,5,5,0.7,0.5,0.7,0.6,1.4,0.3,54.740001,40,11,64.4,78.200001,29.96,1,1,1067,0
u_mand_factor\set67\u_mand_factor_0.8.py,u_mand_factor,67,u_mand_factor,0.8,2,5,5,0.8,0.5,0.7,0.6,1.6,0.2,57.959999,40,11,73.6,82.799999,34.24,1,1,1067,0
u_mand_factor\set67\u_mand_factor_0.9.py,u_mand_factor,67,u_mand_factor,0.9,2,5,5,0.9,0.5,0.7,0.6,1.8,0.1,61.180004,40,11,82.800003,87.400006,39.600002,1,1,1067,3
u_mand_factor\set68\u_mand_factor_0.1.py,u_mand_factor,68,u_mand_factor,0.1,2,5,5,0.1,0.5,0.7,0.6,0.2,0.9,35.419999,40,10,9.199999,50.599999,4.286666,1,0,1068,0
u_mand_factor\set68\u_mand_factor_0.2.py,u_mand_factor,68,u_mand_factor,0.2,2,5,5,0.2,0.5,0.7,0.6,0.4,0.8,38.639997,40,10,18.4,55.199995,8.573333,1,0,1068,0
u_mand_factor\set68\u_mand_factor_0.3.py,u_mand_factor,68,u_mand_factor,0.3,2,5,5,0.3,0.5,0.7,0.6,0.6,0.7,41.859999,40,10,27.599999,59.799999,12.859999,1,1,1068,0
u_mand_factor\set68\u_mand_factor_0.4.py,u_mand_factor,68,u_mand_factor,0.4,2,5,5,0.4,0.5,0.7,0.6,0.8,0.6,45.080001,40,10,36.8,64.400001,17.146667,1,1,1068,0
u_mand_factor\set68\u_mand_factor_0.5.py,u_mand_factor,68,u_mand_factor,0.5,2,5,5,0.5,0.5,0.7,0.6,1.0,0.5,48.3,40,10,45.999999,69.0,21.433333,1,1,1068,0
u_mand_factor\set68\u_mand_factor_0.6.py,u_mand_factor,68,u_mand_factor,0.6,2,5,5,0.6,0.5,0.7,0.6,1.2,0.4,51.519998,40,10,55.200001,73.599997,25.720001,1,1,1068,0
u_mand_factor\set68\u_mand_factor_0.7.py,u_mand_factor,68,u_mand_factor,0.7,2,5,5,0.7,0.5,0.7,0.6,1.4,0.3,54.739999,40,10,64.399999,78.199999,30.006666,1,1,1068,0
u_mand_factor\set68\u_mand_factor_0.8.py,u_mand_factor,68,u_mand_factor,0.8,2,5,5,0.8,0.5,0.7,0.6,1.6,0.2,57.96,40,10,73.599999,82.8,34.293333,1,1,1068,0
u_mand_factor\set68\u_mand_factor_0.9.py,u_mand_factor,68,u_mand_factor,0.9,2,5,5,0.9,0.5,0.7,0.6,1.8,0.1,61.179998,40,10,82.799998,87.399998,38.579999,1,1,1068,0
u_mand_factor\set69\u_mand_factor_0.1.py,u_mand_factor,69,u_mand_factor,0.1,2,5,5,0.1,0.5,0.7,0.6,0.2,0.9,35.420002,40,15,9.2,50.600002,4.28,1,0,1069,0
u_mand_factor\set69\u_mand_factor_0.2.py,u_mand_factor,69,u_mand_factor,0.2,2,5,5,0.2,0.5,0.7,0.6,0.4,0.8,38.64,40,15,18.400002,55.2,8.560001,1,0,1069,0
u_mand_factor\set69\u_mand_factor_0.3.py,u_mand_factor,69,u_mand_factor,0.3,2,5,5,0.3,0.5,0.7,0.6,0.6,0.7,41.860002,40,15,27.599999,59.800002,12.839999,1,1,1069,0
u_mand_factor\set69\u_mand_factor_0.4.py,u_mand_factor,69,u_mand_factor,0.4,2,5,5,0.4,0.5,0.7,0.6,0.8,0.6,45.079997,40,15,36.799997,64.399995,17.119998,1,1,1069,0
u_mand_factor\set69\u_mand_factor_0.5.py,u_mand_factor,69,u_mand_factor,0.5,2,5,5,0.5,0.5,0.7,0.6,1.0,0.5,48.300004,40,15,46.000001,69.000006,21.400001,1,1,1069,0
u_mand_factor\set69\u_mand_factor_0.6.py,u_mand_factor,69,u_mand_factor,0.6,2,5,5,0.6,0.5,0.7,0.6,1.2,0.4,51.520005,40,15,55.200003,73.600007,25.680002,1,1,1069,0
u_mand_factor\set69\u_mand_factor_0.7.py,u_mand_factor,69,u_mand_factor,0.7,2,5,5,0.7,0.5,0.7,0.6,1.4,0.3,54.74,40,15,64.4,78.2,29.96,1,1,1069,0
u_mand_factor\set69\u_mand_factor_0.8.py,u_mand_factor,69,u_mand_factor,0.8,2,5,5,0.8,0.5,0.7,0.6,1.6,0.2,57.960005,40,15,73.600002,82.800007,34.240001,1,1,1069,0
u_mand_factor\set69\u_mand_factor_0.9.py,u_mand_factor,69,u_mand_factor,0.9,2,5,5,0.9,0.5,0.7,0.6,1.8,0.1,61.179997,40,15,82.799998,87.399995,38.519999,1,1,1069,0
u_mand_factor\set70\u_mand_factor_0.1.py,u_mand_factor,70,u_mand_factor,0.1,2,5,5,0.1,0.5,0.7,0.6,0.2,0.9,35.420002,40,15,9.2,50.600002,4.408571,1,0,1070,0
u_mand_factor\set70\u_mand_factor_0.2.py,u_mand_factor,70,u_mand_factor,0.2,2,5,5,0.2,0.5,0.7,0.6,0.4,0.8,38.640002,40,15,18.400001,55.200002,8.817143,1,0,1070,0
u_mand_factor\set70\u_mand_factor_0.3.py,u_mand_factor,70,u_mand_factor,0.3,2,5,5,0.3,0.5,0.7,0.6,0.6,0.7,41.860001,40,15,27.600001,59.800001,13.225715,1,1,1070,0
u_mand_factor\set70\u_mand_factor_0.4.py,u_mand_factor,70,u_mand_factor,0.4,2,5,5,0.4,0.5,0.7,0.6,0.8,0.6,45.080004,40,15,36.799997,64.400006,17.634284,1,1,1070,0
u_mand_factor\set70\u_mand_factor_0.5.py,u_mand_factor,70,u_mand_factor,0.5,2,5,5,0.5,0.5,0.7,0.6,1.0,0.5,48.299998,40,15,45.999995,68.999997,22.042855,1,1,1070,0
u_mand_factor\set70\u_mand_factor_0.6.py,u_mand_factor,70,u_mand_factor,0.6,2,5,5,0.6,0.5,0.7,0.6,1.2,0.4,51.520002,40,15,55.200002,73.600002,26.45143,1,1,1070,0
u_mand_factor\set70\u_mand_factor_0.7.py,u_mand_factor,70,u_mand_factor,0.7,2,5,5,0.7,0.5,0.7,0.6,1.4,0.3,54.739998,40,15,64.399998,78.199997,30.859999,1,1,1070,0
u_mand_factor\set70\u_mand_factor_0.8.py,u_mand_factor,70,u_mand_factor,0.8,2,5,5,0.8,0.5,0.7,0.6,1.6,0.2,57.960002,40,15,73.600001,82.800003,35.268572,1,1,1070,0
u_mand_factor\set70\u_mand_factor_0.9.py,u_mand_factor,70,u_mand_factor,0.9,2,5,5,0.9,0.5,0.7,0.6,1.8,0.1,61.180002,40,15,82.800002,87.400003,39.677144,1,1,1070,0
u_mand_factor\set71\u_mand_factor_0.1.py,u_mand_factor,71,u_mand_factor,0.1,2,5,5,0.1,0.5,0.7,0.6,0.2,0.9,35.419998,40,9,9.200001,50.599998,4.408572,1,0,1071,0
u_mand_factor\set71\u_mand_factor_0.2.py,u_mand_factor,71,u_mand_factor,0.2,2,5,5,0.2,0.5,0.7,0.6,0.4,0.8,38.640003,40,9,18.4,55.200005,8.817143,1,0,1071,0
u_mand_factor\set71\u_mand_factor_0.3.py,u_mand_factor,71,u_mand_factor,0.3,2,5,5,0.3,0.5,0.7,0.6,0.6,0.7,41.859999,40,9,27.6,59.799999,13.225714,1,1,1071,0
u_mand_factor\set71\u_mand_factor_0.4.py,u_mand_factor,71,u_mand_factor,0.4,2,5,5,0.4,0.5,0.7,0.6,0.8,0.6,45.08,40,9,36.800001,64.4,17.634286,1,1,1071,0
u_mand_factor\set71\u_mand_factor_0.5.py,u_mand_factor,71,u_mand_factor,0.5,2,5,5,0.5,0.5,0.7,0.6,1.0,0.5,48.299999,40,9,45.999999,68.999999,22.042857,1,1,1071,0
u_mand_factor\set71\u_mand_factor_0.6.py,u_mand_factor,71,u_mand_factor,0.6,2,5,5,0.6,0.5,0.7,0.6,1.2,0.4,51.519998,40,9,55.200001,73.599998,26.451429,1,1,1071,0
u_mand_factor\set71\u_mand_factor_0.7.py,u_mand_factor,71,u_mand_factor,0.7,2,5,5,0.7,0.5,0.7,0.6,1.4,0.3,54.739998,40,9,64.399999,78.199998,30.859999,1,1,1071,0
u_mand_factor\set71\u_mand_factor_0.8.py,u_mand_factor,71,u_mand_factor,0.8,2,5,5,0.8,0.5,0.7,0.6,1.6,0.2,57.960002,40,9,73.599999,82.800002,35.268571,1,1,1071,0
u_mand_factor\set71\u_mand_factor_0.9.py,u_mand_factor,71,u_mand_factor,0.9,2,5,5,0.9,0.5,0.7,0.6,1.8,0.1,61.179998,40,9,82.800001,87.399998,39.677143,1,1,1071,0
u_mand_factor\set72\u_mand_factor_0.1.py,u_mand_factor,72,u_mand_factor,0.1,2,5,5,0.1,0.5,0.7,0.6,0.2,0.9,35.420002,40,13,9.2,50.600003,4.72,1,0,1072,0
u_mand_factor\set72\u_mand_factor_0.2.py,u_mand_factor,72,u_mand_factor,0.2,2,5,5,0.2,0.5,0.7,0.6,0.4,0.8,38.639999,40,13,18.399997,55.199999,9.439998,1,0,1072,0
u_mand_factor\set72\u_mand_factor_0.3.py,u_mand_factor,72,u_mand_factor,0.3,2,5,5,0.3,0.5,0.7,0.6,0.6,0.7,41.860001,40,13,27.599997,59.800001,14.159998,1,1,1072,0
u_mand_factor\set72\u_mand_factor_0.4.py,u_mand_factor,72,u_mand_factor,0.4,2,5,5,0.4,0.5,0.7,0.6,0.8,0.6,45.08,40,13,36.800001,64.4,18.880001,1,1,1072,0
u_mand_factor\set72\u_mand_factor_0.5.py,u_mand_factor,72,u_mand_factor,0.5,2,5,5,0.5,0.5,0.7,0.6,1.0,0.5,48.299996,40,13,46.0,68.999994,23.6,1,1,1072,0
u_mand_factor\set72\u_mand_factor_0.6.py,u_mand_factor,72,u_mand_factor,0.6,2,5,5,0.6,0.5,0.7,0.6,1.2,0.4,51.519998,40,13,55.199998,73.599998,28.319999,1,1,1072,0
u_mand_factor\set72\u_mand_factor_0.7.py,u_mand_factor,72,u_mand_factor,0.7,2,5,5,0.7,0.5,0.7,0.6,1.4,0.3,54.740001,40,13,64.4,78.200001,33.04,1,1,1072,0
u_mand_factor\set72\u_mand_factor_0.8.py,u_mand_factor,72,u_mand_factor,0.8,2,5,5,0.8,0.5,0.7,0.6,1.6,0.2,57.96,40,13,73.600001,82.8,37.760001,1,1,1072,0
u_mand_factor\set72\u_mand_factor_0.9.py,u_mand_factor,72,u_mand_factor,0.9,2,5,5,0.9,0.5,0.7,0.6,1.8,0.1,61.179994,40,13,82.799997,87.399991,42.479998,1,1,1072,0
u_mand_factor\set73\u_mand_factor_0.1.py,u_mand_factor,73,u_mand_factor,0.1,2,5,5,0.1,0.5,0.7,0.6,0.2,0.9,35.419999,40,9,9.200001,50.599999,4.601819,1,0,1073,0
u_mand_factor\set73\u_mand_factor_0.2.py,u_mand_factor,73,u_mand_factor,0.2,2,5,5,0.2,0.5,0.7,0.6,0.4,0.8,38.639999,40,9,18.399999,55.199999,9.203636,1,1,1073,0
u_mand_factor\set73\u_mand_factor_0.3.py,u_mand_factor,73,u_mand_factor,0.3,2,5,5,0.3,0.5,0.7,0.6,0.6,0.7,41.860001,40,9,27.6,59.800001,13.805455,1,1,1073,0
u_mand_factor\set73\u_mand_factor_0.4.py,u_mand_factor,73,u_mand_factor,0.4,2,5,5,0.4,0.5,0.7,0.6,0.8,0.6,45.079999,40,9,36.8,64.399999,18.407273,1,1,1073,0
u_mand_factor\set73\u_mand_factor_0.5.py,u_mand_factor,73,u_mand_factor,0.5,2,5,5,0.5,0.5,0.7,0.6,1.0,0.5,48.299999,40,9,45.999998,68.999999,23.00909,1,1,1073,0
u_mand_factor\set73\u_mand_factor_0.6.py,u_mand_factor,73,u_mand_factor,0.6,2,5,5,0.6,0.5,0.7,0.6,1.2,0.4,51.519998,40,9,55.2,73.599998,27.610909,1,1,1073,0
u_mand_factor\set73\u_mand_factor_0.7.py,u_mand_factor,73,u_mand_factor,0.7,2,5,5,0.7,0.5,0.7,0.6,1.4,0.3,54.740002,40,9,64.400001,78.200002,32.212728,1,1,1073,0
u_mand_factor\set73\u_mand_factor_0.8.py,u_mand_factor,73,u_mand_factor,0.8,2,5,5,0.8,0.5,0.7,0.6,1.6,0.2,57.959998,40,9,73.599999,82.799998,36.814545,1,1,1073,0
u_mand_factor\set73\u_mand_factor_0.9.py,u_mand_factor,73,u_mand_factor,0.9,2,5,5,0.9,0.5,0.7,0.6,1.8,0.1,61.180002,40,9,82.8,87.400003,41.416364,1,1,1073,0
u_mand_factor\set74\u_mand_factor_0.1.py,u_mand_factor,74,u_mand_factor,0.1,2,5,5,0.1,0.5,0.7,0.6,0.2,0.9,35.420002,40,9,9.200002,50.600002,4.280001,1,0,1074,0
u_mand_factor\set74\u_mand_factor_0.2.py,u_mand_factor,74,u_mand_factor,0.2,2,5,5,0.2,0.5,0.7,0.6,0.4,0.8,38.640002,40,9,18.399998,55.200003,8.559999,1,0,1074,0
u_mand_factor\set74\u_mand_factor_0.3.py,u_mand_factor,74,u_mand_factor,0.3,2,5,5,0.3,0.5,0.7,0.6,0.6,0.7,41.860001,40,9,27.599999,59.800001,12.839999,1,1,1074,0
u_mand_factor\set74\u_mand_factor_0.4.py,u_mand_factor,74,u_mand_factor,0.4,2,5,5,0.4,0.5,0.7,0.6,0.8,0.6,45.080004,40,9,36.800001,64.400006,17.120001,1,1,1074,0
u_mand_factor\set74\u_mand_factor_0.5.py,u_mand_factor,74,u_mand_factor,0.5,2,5,5,0.5,0.5,0.7,0.6,1.0,0.5,48.299999,40,9,45.999999,68.999999,21.399999,1,1,1074,0
u_mand_factor\set74\u_mand_factor_0.6.py,u_mand_factor,74,u_mand_factor,0.6,2,5,5,0.6,0.5,0.7,0.6,1.2,0.4,51.52,40,9,55.199999,73.6,25.679999,1,1,1074,0
u_mand_factor\set74\u_mand_factor_0.7.py,u_mand_factor,74,u_mand_factor,0.7,2,5,5,0.7,0.5,0.7,0.6,1.4,0.3,54.739998,40,9,64.4,78.199998,29.96,1,1,1074,0
u_mand_factor\set74\u_mand_factor_0.8.py,u_mand_factor,74,u_mand_factor,0.8,2,5,5,0.8,0.5,0.7,0.6,1.6,0.2,57.959998,40,9,73.600001,82.799997,34.240001,1,1,1074,0
u_mand_factor\set74\u_mand_factor_0.9.py,u_mand_factor,74,u_mand_factor,0.9,2,5,5,0.9,0.5,0.7,0.6,1.8,0.1,61.180003,40,10,82.8,87.400005,38.52,1,1,1074,4
u_mand_factor\set75\u_mand_factor_0.1.py,u_mand_factor,75,u_mand_factor,0.1,2,5,5,0.1,0.5,0.7,0.6,0.2,0.9,35.42,40,9,9.200001,50.6,4.286667,1,0,1075,0
u_mand_factor\set75\u_mand_factor_0.2.py,u_mand_factor,75,u_mand_factor,0.2,2,5,5,0.2,0.5,0.7,0.6,0.4,0.8,38.639998,40,9,18.399998,55.199997,8.573332,1,0,1075,0
u_mand_factor\set75\u_mand_factor_0.3.py,u_mand_factor,75,u_mand_factor,0.3,2,5,5,0.3,0.5,0.7,0.6,0.6,0.7,41.859998,40,9,27.6,59.799998,12.86,1,1,1075,0
u_mand_factor\set75\u_mand_factor_0.4.py,u_mand_factor,75,u_mand_factor,0.4,2,5,5,0.4,0.5,0.7,0.6,0.8,0.6,45.079999,40,9,36.799999,64.399999,17.146666,1,1,1075,0
u_mand_factor\set75\u_mand_factor_0.5.py,u_mand_factor,75,u_mand_factor,0.5,2,5,5,0.5,0.5,0.7,0.6,1.0,0.5,48.299999,40,9,46.0,68.999999,21.433333,1,1,1075,0
u_mand_factor\set75\u_mand_factor_0.6.py,u_mand_factor,75,u_mand_factor,0.6,2,5,5,0.6,0.5,0.7,0.6,1.2,0.4,51.520001,40,9,55.200001,73.600001,25.720001,1,1,1075,0
u_mand_factor\set75\u_mand_factor_0.7.py,u_mand_factor,75,u_mand_factor,0.7,2,5,5,0.7,0.5,0.7,0.6,1.4,0.3,54.739998,40,9,64.399999,78.199998,30.006666,1,1,1075,0
u_mand_factor\set75\u_mand_factor_0.8.py,u_mand_factor,75,u_mand_factor,0.8,2,5,5,0.8,0.5,0.7,0.6,1.6,0.2,57.960002,40,9,73.600001,82.800002,34.293334,1,1,1075,0
u_mand_factor\set75\u_mand_factor_0.9.py,u_mand_factor,75,u_mand_factor,0.9,2,5,5,0.9,0.5,0.7,0.6,1.8,0.1,61.179997,40,13,82.799998,87.399995,38.519999,1,1,1075,1
u_mand_factor\set76\u_mand_factor_0.1.py,u_mand_factor,76,u_mand_factor,0.1,2,5,5,0.1,0.5,0.7,0.6,0.2,0.9,35.420001,40,12,9.200002,50.600001,4.280001,1,0,1076,0
u_mand_factor\set76\u_mand_factor_0.2.py,u_mand_factor,76,u_mand_factor,0.2,2,5,5,0.2,0.5,0.7,0.6,0.4,0.8,38.639998,40,12,18.4,55.199998,8.56,1,0,1076,0
u_mand_factor\set76\u_mand_factor_0.3.py,u_mand_factor,76,u_mand_factor,0.3,2,5,5,0.3,0.5,0.7,0.6,0.6,0.7,41.860001,40,12,27.599998,59.800001,12.839999,1,1,1076,0
u_mand_factor\set76\u_mand_factor_0.4.py,u_mand_factor,76,u_mand_factor,0.4,2,5,5,0.4,0.5,0.7,0.6,0.8,0.6,45.08,40,12,36.800001,64.4,17.120001,1,1,1076,0
u_mand_factor\set76\u_mand_factor_0.5.py,u_mand_factor,76,u_mand_factor,0.5,2,5,5,0.5,0.5,0.7,0.6,1.0,0.5,48.300002,40,12,46.0,69.000003,21.4,1,1,1076,0
u_mand_factor\set76\u_mand_factor_0.6.py,u_mand_factor,76,u_mand_factor,0.6,2,5,5,0.6,0.5,0.7,0.6,1.2,0.4,51.520004,40,12,55.200001,73.600006,25.680001,1,1,1076,0
u_mand_factor\set76\u_mand_factor_0.7.py,u_mand_factor,76,u_mand_factor,0.7,2,5,5,0.7,0.5,0.7,0.6,1.4,0.3,54.740006,40,12,64.400003,78.200009,29.960002,1,1,1076,0
u_mand_factor\set76\u_mand_factor_0.8.py,u_mand_factor,76,u_mand_factor,0.8,2,5,5,0.8,0.5,0.7,0.6,1.6,0.2,57.959995,40,12,73.599997,82.799993,34.239998,1,1,1076,0
u_mand_factor\set76\u_mand_factor_0.9.py,u_mand_factor,76,u_mand_factor,0.9,2,5,5,0.9,0.5,0.7,0.6,1.8,0.1,61.180001,40,12,82.799999,87.400001,38.519999,1,1,1076,0
u_mand_factor\set77\u_mand_factor_0.1.py,u_mand_factor,77,u_mand_factor,0.1,2,5,5,0.1,0.5,0.7,0.6,0.2,0.9,35.419997,40,13,9.200001,50.599995,4.286667,1,0,1077,0
u_mand_factor\set77\u_mand_factor_0.2.py,u_mand_factor,77,u_mand_factor,0.2,2,5,5,0.2,0.5,0.7,0.6,0.4,0.8,38.639998,40,13,18.4,55.199998,8.573333,1,0,1077,0
u_mand_factor\set77\u_mand_factor_0.3.py,u_mand_factor,77,u_mand_factor,0.3,2,5,5,0.3,0.5,0.7,0.6,0.6,0.7,41.860003,40,13,27.600001,59.800005,12.860001,1,1,1077,0
u_mand_factor\set77\u_mand_factor_0.4.py,u_mand_factor,77,u_mand_factor,0.4,2,5,5,0.4,0.5,0.7,0.6,0.8,0.6,45.079997,40,13,36.799999,64.399995,17.146666,1,1,1077,0
u_mand_factor\set77\u_mand_factor_0.5.py,u_mand_factor,77,u_mand_factor,0.5,2,5,5,0.5,0.5,0.7,0.6,1.0,0.5,48.300005,40,13,46.000002,69.000007,21.433334,1,1,1077,0
u_mand_factor\set77\u_mand_factor_0.6.py,u_mand_factor,77,u_mand_factor,0.6,2,5,5,0.6,0.5,0.7,0.6,1.2,0.4,51.52,40,13,55.199997,73.6,25.719998,1,1,1077,0
u_mand_factor\set77\u_mand_factor_0.7.py,u_mand_factor,77,u_mand_factor,0.7,2,5,5,0.7,0.5,0.7,0.6,1.4,0.3,54.740003,40,13,64.4,78.200005,30.006667,1,1,1077,0
u_mand_factor\set77\u_mand_factor_0.8.py,u_mand_factor,77,u_mand_factor,0.8,2,5,5,0.8,0.5,0.7,0.6,1.6,0.2,57.960002,40,13,73.600001,82.800003,34.293334,1,1,1077,0
u_mand_factor\set77\u_mand_factor_0.9.py,u_mand_factor,77,u_mand_factor,0.9,2,5,5,0.9,0.5,0.7,0.6,1.8,0.1,61.179998,40,12,82.799998,87.399998,39.599999,1,1,1077,1
u_mand_factor\set78\u_mand_factor_0.1.py,u_mand_factor,78,u_mand_factor,0.1,2,5,5,0.1,0.5,0.7,0.6,0.2,0.9,35.42,40,11,9.2,50.6,4.28,1,0,1078,0
u_mand_factor\set78\u_mand_factor_0.2.py,u_mand_factor,78,u_mand_factor,0.2,2,5,5,0.2,0.5,0.7,0.6,0.4,0.8,38.640002,40,11,18.4,55.200002,8.56,1,0,1078,0
u_mand_factor\set78\u_mand_factor_0.3.py,u_mand_factor,78,u_mand_factor,0.3,2,5,5,0.3,0.5,0.7,0.6,0.6,0.7,41.860001,40,11,27.6,59.800001,12.84,1,1,1078,0
u_mand_factor\set78\u_mand_factor_0.4.py,u_mand_factor,78,u_mand_factor,0.4,2,5,5,0.4,0.5,0.7,0.6,0.8,0.6,45.08,40,11,36.800001,64.4,17.120001,1,1,1078,0
u_mand_factor\set78\u_mand_factor_0.5.py,u_mand_factor,78,u_mand_factor,0.5,2,5,5,0.5,0.5,0.7,0.6,1.0,0.5,48.299998,40,11,45.999999,68.999998,21.399999,1,1,1078,0
u_mand_factor\set78\u_mand_factor_0.6.py,u_mand_factor,78,u_mand_factor,0.6,2,5,5,0.6,0.5,0.7,0.6,1.2,0.4,51.52,40,11,55.2,73.6,25.68,1,1,1078,0
u_mand_factor\set78\u_mand_factor_0.7.py,u_mand_factor,78,u_mand_factor,0.7,2,5,5,0.7,0.5,0.7,0.6,1.4,0.3,54.740002,40,11,64.400003,78.200002,29.960002,1,1,1078,0
u_mand_factor\set78\u_mand_factor_0.8.py,u_mand_factor,78,u_mand_factor,0.8,2,5,5,0.8,0.5,0.7,0.6,1.6,0.2,57.960002,40,11,73.6,82.800003,34.24,1,1,1078,0
u_mand_factor\set78\u_mand_factor_0.9.py,u_mand_factor,78,u_mand_factor,0.9,2,5,5,0.9,0.5,0.7,0.6,1.8,0.1,61.179994,40,9,82.799997,87.399992,38.519998,1,1,1078,1
u_mand_factor\set79\u_mand_factor_0.1.py,u_mand_factor,79,u_mand_factor,0.1,2,5,5,0.1,0.5,0.7,0.6,0.2,0.9,35.419998,40,10,9.199999,50.599998,4.279999,1,0,1079,0
u_mand_factor\set79\u_mand_factor_0.2.py,u_mand_factor,79,u_mand_factor,0.2,2,5,5,0.2,0.5,0.7,0.6,0.4,0.8,38.640003,40,10,18.400001,55.200005,8.560001,1,0,1079,0
u_mand_factor\set79\u_mand_factor_0.3.py,u_mand_factor,79,u_mand_factor,0.3,2,5,5,0.3,0.5,0.7,0.6,0.6,0.7,41.859998,40,10,27.6,59.799998,12.84,1,1,1079,0
u_mand_factor\set79\u_mand_factor_0.4.py,u_mand_factor,79,u_mand_factor,0.4,2,5,5,0.4,0.5,0.7,0.6,0.8,0.6,45.080006,40,10,36.800003,64.400009,17.120002,1,1,1079,0
u_mand_factor\set79\u_mand_factor_0.5.py,u_mand_factor,79,u_mand_factor,0.5,2,5,5,0.5,0.5,0.7,0.6,1.0,0.5,48.299998,40,10,46.000001,68.999998,21.400001,1,1,1079,0
u_mand_factor\set79\u_mand_factor_0.6.py,u_mand_factor,79,u_mand_factor,0.6,2,5,5,0.6,0.5,0.7,0.6,1.2,0.4,51.520001,40,10,55.2,73.600001,25.68,1,1,1079,0
u_mand_factor\set79\u_mand_factor_0.7.py,u_mand_factor,79,u_mand_factor,0.7,2,5,5,0.7,0.5,0.7,0.6,1.4,0.3,54.739997,40,10,64.399998,78.199995,29.959999,1,1,1079,0
u_mand_factor\set79\u_mand_factor_0.8.py,u_mand_factor,79,u_mand_factor,0.8,2,5,5,0.8,0.5,0.7,0.6,1.6,0.2,57.960001,40,10,73.599997,82.800001,34.239998,1,1,1079,0
u_mand_factor\set79\u_mand_factor_0.9.py,u_mand_factor,79,u_mand_factor,0.9,2,5,5,0.9,0.5,0.7,0.6,1.8,0.1,61.179998,40,15,82.799999,87.399997,38.519999,1,1,1079,3
u_mand_factor\set80\u_mand_factor_0.1.py,u_mand_factor,80,u_mand_factor,0.1,2,5,5,0.1,0.5,0.7,0.6,0.2,0.9,35.419998,40,13,9.200001,50.599998,4.400001,1,0,1080,0
u_mand_factor\set80\u_mand_factor_0.2.py,u_mand_factor,80,u_mand_factor,0.2,2,5,5,0.2,0.5,0.7,0.6,0.4,0.8,38.640004,40,13,18.400006,55.200006,8.800003,1,0,1080,0
u_mand_factor\set80\u_mand_factor_0.3.py,u_mand_factor,80,u_mand_factor,0.3,2,5,5,0.3,0.5,0.7,0.6,0.6,0.7,41.859998,40,13,27.599998,59.799997,13.199999,1,1,1080,0
u_mand_factor\set80\u_mand_factor_0.4.py,u_mand_factor,80,u_mand_factor,0.4,2,5,5,0.4,0.5,0.7,0.6,0.8,0.6,45.08,40,13,36.799999,64.4,17.599999,1,1,1080,0
u_mand_factor\set80\u_mand_factor_0.5.py,u_mand_factor,80,u_mand_factor,0.5,2,5,5,0.5,0.5,0.7,0.6,1.0,0.5,48.3,40,13,46.0,69.0,22.0,1,1,1080,0
u_mand_factor\set80\u_mand_factor_0.6.py,u_mand_factor,80,u_mand_factor,0.6,2,5,5,0.6,0.5,0.7,0.6,1.2,0.4,51.520005,40,13,55.200005,73.600007,26.400002,1,1,1080,0
u_mand_factor\set80\u_mand_factor_0.7.py,u_mand_factor,80,u_mand_factor,0.7,2,5,5,0.7,0.5,0.7,0.6,1.4,0.3,54.739995,40,13,64.399999,78.199993,30.799999,1,1,1080,0
u_mand_factor\set80\u_mand_factor_0.8.py,u_mand_factor,80,u_mand_factor,0.8,2,5,5,0.8,0.5,0.7,0.6,1.6,0.2,57.959998,40,13,73.6,82.799997,35.2,1,1,1080,0
u_mand_factor\set80\u_mand_factor_0.9.py,u_mand_factor,80,u_mand_factor,0.9,2,5,5,0.9,0.5,0.7,0.6,1.8,0.1,61.179998,40,13,82.799999,87.399997,39.599999,1,1,1080,0
u_mand_factor\set81\u_mand_factor_0.1.py,u_mand_factor,81,u_mand_factor,0.1,2,5,5,0.1,0.5,0.7,0.6,0.2,0.9,35.420002,40,12,9.200003,50.600003,4.400002,1,0,1081,0
u_mand_factor\set81\u_mand_factor_0.2.py,u_mand_factor,81,u_mand_factor,0.2,2,5,5,0.2,0.5,0.7,0.6,0.4,0.8,38.639998,40,12,18.399999,55.199998,8.799999,1,0,1081,0
u_mand_factor\set81\u_mand_factor_0.3.py,u_mand_factor,81,u_mand_factor,0.3,2,5,5,0.3,0.5,0.7,0.6,0.6,0.7,41.860005,40,12,27.600002,59.800007,13.200001,1,1,1081,0
u_mand_factor\set81\u_mand_factor_0.4.py,u_mand_factor,81,u_mand_factor,0.4,2,5,5,0.4,0.5,0.7,0.6,0.8,0.6,45.08,40,12,36.800002,64.4,17.600001,1,1,1081,0
u_mand_factor\set81\u_mand_factor_0.5.py,u_mand_factor,81,u_mand_factor,0.5,2,5,5,0.5,0.5,0.7,0.6,1.0,0.5,48.299996,40,12,45.999997,68.999994,21.999998,1,1,1081,0
u_mand_factor\set81\u_mand_factor_0.6.py,u_mand_factor,81,u_mand_factor,0.6,2,5,5,0.6,0.5,0.7,0.6,1.2,0.4,51.519999,40,12,55.199998,73.599999,26.399999,1,1,1081,0
u_mand_factor\set81\u_mand_factor_0.7.py,u_mand_factor,81,u_mand_factor,0.7,2,5,5,0.7,0.5,0.7,0.6,1.4,0.3,54.739999,40,12,64.4,78.199999,30.8,1,1,1081,0
u_mand_factor\set81\u_mand_factor_0.8.py,u_mand_factor,81,u_mand_factor,0.8,2,5,5,0.8,0.5,0.7,0.6,1.6,0.2,57.960001,40,12,73.599998,82.800001,35.199999,1,1,1081,0
u_mand_factor\set81\u_mand_factor_0.9.py,u_mand_factor,81,u_mand_factor,0.9,2,5,5,0.9,0.5,0.7,0.6,1.8,0.1,61.179998,40,11,82.799998,87.399997,41.416362,1,1,1081,1
u_mand_factor\set82\u_mand_factor_0.1.py,u_mand_factor,82,u_mand_factor,0.1,2,5,5,0.1,0.5,0.7,0.6,0.2,0.9,35.419999,40,10,9.2,50.599999,4.286667,1,0,1082,0
u_mand_factor\set82\u_mand_factor_0.2.py,u_mand_factor,82,u_mand_factor,0.2,2,5,5,0.2,0.5,0.7,0.6,0.4,0.8,38.640002,40,10,18.399999,55.200002,8.573333,1,0,1082,0
u_mand_factor\set82\u_mand_factor_0.3.py,u_mand_factor,82,u_mand_factor,0.3,2,5,5,0.3,0.5,0.7,0.6,0.6,0.7,41.860005,40,10,27.600005,59.800007,12.860002,1,1,1082,0
u_mand_factor\set82\u_mand_factor_0.4.py,u_mand_factor,82,u_mand_factor,0.4,2,5,5,0.4,0.5,0.7,0.6,0.8,0.6,45.080001,40,10,36.800001,64.400001,17.146667,1,1,1082,0
u_mand_factor\set82\u_mand_factor_0.5.py,u_mand_factor,82,u_mand_factor,0.5,2,5,5,0.5,0.5,0.7,0.6,1.0,0.5,48.299998,40,10,45.999999,68.999998,21.433333,1,1,1082,0
u_mand_factor\set82\u_mand_factor_0.6.py,u_mand_factor,82,u_mand_factor,0.6,2,5,5,0.6,0.5,0.7,0.6,1.2,0.4,51.519996,40,10,55.199999,73.599994,25.719999,1,1,1082,0
u_mand_factor\set82\u_mand_factor_0.7.py,u_mand_factor,82,u_mand_factor,0.7,2,5,5,0.7,0.5,0.7,0.6,1.4,0.3,54.740002,40,10,64.399999,78.200002,30.006666,1,1,1082,0
u_mand_factor\set82\u_mand_factor_0.8.py,u_mand_factor,82,u_mand_factor,0.8,2,5,5,0.8,0.5,0.7,0.6,1.6,0.2,57.959998,40,10,73.599999,82.799998,34.293333,1,1,1082,0
u_mand_factor\set82\u_mand_factor_0.9.py,u_mand_factor,82,u_mand_factor,0.9,2,5,5,0.9,0.5,0.7,0.6,1.8,0.1,61.180003,40,10,82.800002,87.400005,38.580001,1,1,1082,0
u_mand_factor\set83\u_mand_factor_0.1.py,u_mand_factor,83,u_mand_factor,0.1,2,5,5,0.1,0.5,0.7,0.6,0.2,0.9,35.419995,40,15,9.199998,50.599993,4.286666,1,0,1083,0
u_mand_factor\set83\u_mand_factor_0.2.py,u_mand_factor,83,u_mand_factor,0.2,2,5,5,0.2,0.5,0.7,0.6,0.4,0.8,38.640003,40,15,18.400002,55.200005,8.573334,1,0,1083,0
u_mand_factor\set83\u_mand_factor_0.3.py,u_mand_factor,83,u_mand_factor,0.3,2,5,5,0.3,0.5,0.7,0.6,0.6,0.7,41.859997,40,15,27.6,59.799995,12.86,1,1,1083,0
u_mand_factor\set83\u_mand_factor_0.4.py,u_mand_factor,83,u_mand_factor,0.4,2,5,5,0.4,0.5,0.7,0.6,0.8,0.6,45.079997,40,15,36.799998,64.399995,17.146666,1,1,1083,0
u_mand_factor\set83\u_mand_factor_0.5.py,u_mand_factor,83,u_mand_factor,0.5,2,5,5,0.5,0.5,0.7,0.6,1.0,0.5,48.299995,40,15,45.999998,68.999993,21.433332,1,1,1083,0
u_mand_factor\set83\u_mand_factor_0.6.py,u_mand_factor,83,u_mand_factor,0.6,2,5,5,0.6,0.5,0.7,0.6,1.2,0.4,51.520001,40,15,55.199999,73.600001,25.719999,1,1,1083,0
u_mand_factor\set83\u_mand_factor_0.7.py,u_mand_factor,83,u_mand_factor,0.7,2,5,5,0.7,0.5,0.7,0.6,1.4,0.3,54.739999,40,15,64.399998,78.199999,30.006666,1,1,1083,0
u_mand_factor\set83\u_mand_factor_0.8.py,u_mand_factor,83,u_mand_factor,0.8,2,5,5,0.8,0.5,0.7,0.6,1.6,0.2,57.959999,40,15,73.6,82.799999,34.293333,1,1,1083,0
u_mand_factor\set83\u_mand_factor_0.9.py,u_mand_factor,83,u_mand_factor,0.9,2,5,5,0.9,0.5,0.7,0.6,1.8,0.1,61.18,40,13,82.800002,87.4,38.520001,1,1,1083,2
u_mand_factor\set84\u_mand_factor_0.1.py,u_mand_factor,84,u_mand_factor,0.1,2,5,5,0.1,0.5,0.7,0.6,0.2,0.9,35.419998,40,12,9.2,50.599997,4.72,1,0,1084,0
u_mand_factor\set84\u_mand_factor_0.2.py,u_mand_factor,84,u_mand_factor,0.2,2,5,5,0.2,0.5,0.7,0.6,0.4,0.8,38.639996,40,12,18.399995,55.199994,9.439998,1,0,1084,0
u_mand_factor\set84\u_mand_factor_0.3.py,u_mand_factor,84,u_mand_factor,0.3,2,5,5,0.3,0.5,0.7,0.6,0.6,0.7,41.859997,40,12,27.6,59.799995,14.16,1,1,1084,0
u_mand_factor\set84\u_mand_factor_0.4.py,u_mand_factor,84,u_mand_factor,0.4,2,5,5,0.4,0.5,0.7,0.6,0.8,0.6,45.079998,40,12,36.8,64.399998,18.88,1,1,1084,0
u_mand_factor\set84\u_mand_factor_0.5.py,u_mand_factor,84,u_mand_factor,0.5,2,5,5,0.5,0.5,0.7,0.6,1.0,0.5,48.300002,40,12,46.0,69.000002,23.6,1,1,1084,0
u_mand_factor\set84\u_mand_factor_0.6.py,u_mand_factor,84,u_mand_factor,0.6,2,5,5,0.6,0.5,0.7,0.6,1.2,0.4,51.519999,40,12,55.199995,73.599999,28.319998,1,1,1084,0
u_mand_factor\set84\u_mand_factor_0.7.py,u_mand_factor,84,u_mand_factor,0.7,2,5,5,0.7,0.5,0.7,0.6,1.4,0.3,54.739999,40,12,64.399999,78.199999,33.039999,1,1,1084,0
u_mand_factor\set84\u_mand_factor_0.8.py,u_mand_factor,84,u_mand_factor,0.8,2,5,5,0.8,0.5,0.7,0.6,1.6,0.2,57.960002,40,12,73.6,82.800002,37.76,1,1,1084,0
u_mand_factor\set84\u_mand_factor_0.9.py,u_mand_factor,84,u_mand_factor,0.9,2,5,5,0.9,0.5,0.7,0.6,1.8,0.1,61.180006,40,12,82.800002,87.400008,38.520001,1,1,1084,2
u_mand_factor\set85\u_mand_factor_0.1.py,u_mand_factor,85,u_mand_factor,0.1,2,5,5,0.1,0.5,0.7,0.6,0.2,0.9,35.419998,40,12,9.199999,50.599998,6.619999,1,0,1085,0
u_mand_factor\set85\u_mand_factor_0.2.py,u_mand_factor,85,u_mand_factor,0.2,2,5,5,0.2,0.5,0.7,0.6,0.4,0.8,38.640002,40,12,18.400002,55.200003,13.240002,1,0,1085,0
u_mand_factor\set85\u_mand_factor_0.3.py,u_mand_factor,85,u_mand_factor,0.3,2,5,5,0.3,0.5,0.7,0.6,0.6,0.7,41.86,40,12,27.600001,59.8,19.860001,1,1,1085,0
u_mand_factor\set85\u_mand_factor_0.4.py,u_mand_factor,85,u_mand_factor,0.4,2,5,5,0.4,0.5,0.7,0.6,0.8,0.6,45.079994,40,12,36.799995,64.399991,26.479997,1,1,1085,0
u_mand_factor\set85\u_mand_factor_0.5.py,u_mand_factor,85,u_mand_factor,0.5,2,5,5,0.5,0.5,0.7,0.6,1.0,0.5,48.300001,40,12,45.999999,69.000001,33.099999,1,1,1085,0
u_mand_factor\set85\u_mand_factor_0.6.py,u_mand_factor,85,u_mand_factor,0.6,2,5,5,0.6,0.5,0.7,0.6,1.2,0.4,51.519998,40,12,55.199999,73.599997,39.719999,1,1,1085,0
u_mand_factor\set85\u_mand_factor_0.7.py,u_mand_factor,85,u_mand_factor,0.7,2,5,5,0.7,0.5,0.7,0.6,1.4,0.3,54.740003,40,12,64.400002,78.200005,46.340002,1,1,1085,0
u_mand_factor\set85\u_mand_factor_0.8.py,u_mand_factor,85,u_mand_factor,0.8,2,5,5,0.8,0.5,0.7,0.6,1.6,0.2,57.959996,40,12,73.600001,82.799994,52.960001,1,1,1085,0
u_mand_factor\set85\u_mand_factor_0.9.py,u_mand_factor,85,u_mand_factor,0.9,2,5,5,0.9,0.5,0.7,0.6,1.8,0.1,61.180002,40,12,82.799999,87.400003,59.579999,1,1,1085,0
u_mand_factor\set86\u_mand_factor_0.1.py,u_mand_factor,86,u_mand_factor,0.1,2,5,5,0.1,0.5,0.7,0.6,0.2,0.9,35.419998,40,10,9.199998,50.599997,4.879999,1,0,1086,0
u_mand_factor\set86\u_mand_factor_0.2.py,u_mand_factor,86,u_mand_factor,0.2,2,5,5,0.2,0.5,0.7,0.6,0.4,0.8,38.639999,40,10,18.4,55.199999,9.76,1,0,1086,0
u_mand_factor\set86\u_mand_factor_0.3.py,u_mand_factor,86,u_mand_factor,0.3,2,5,5,0.3,0.5,0.7,0.6,0.6,0.7,41.859998,40,10,27.6,59.799997,14.64,1,1,1086,0
u_mand_factor\set86\u_mand_factor_0.4.py,u_mand_factor,86,u_mand_factor,0.4,2,5,5,0.4,0.5,0.7,0.6,0.8,0.6,45.080002,40,10,36.800003,64.400002,19.520002,1,1,1086,0
u_mand_factor\set86\u_mand_factor_0.5.py,u_mand_factor,86,u_mand_factor,0.5,2,5,5,0.5,0.5,0.7,0.6,1.0,0.5,48.300005,40,10,46.000001,69.000007,24.400001,1,1,1086,0
u_mand_factor\set86\u_mand_factor_0.6.py,u_mand_factor,86,u_mand_factor,0.6,2,5,5,0.6,0.5,0.7,0.6,1.2,0.4,51.519999,40,10,55.199999,73.599999,29.279999,1,1,1086,0
u_mand_factor\set86\u_mand_factor_0.7.py,u_mand_factor,86,u_mand_factor,0.7,2,5,5,0.7,0.5,0.7,0.6,1.4,0.3,54.740006,40,10,64.400001,78.200008,34.160001,1,1,1086,0
u_mand_factor\set86\u_mand_factor_0.8.py,u_mand_factor,86,u_mand_factor,0.8,2,5,5,0.8,0.5,0.7,0.6,1.6,0.2,57.96,40,10,73.599999,82.8,39.039999,1,1,1086,0
u_mand_factor\set86\u_mand_factor_0.9.py,u_mand_factor,86,u_mand_factor,0.9,2,5,5,0.9,0.5,0.7,0.6,1.8,0.1,61.179997,40,13,82.799998,87.399995,39.599999,1,1,1086,1
u_mand_factor\set87\u_mand_factor_0.1.py,u_mand_factor,87,u_mand_factor,0.1,2,5,5,0.1,0.5,0.7,0.6,0.2,0.9,35.420002,40,13,9.200005,50.600003,4.286669,1,0,1087,0
u_mand_factor\set87\u_mand_factor_0.2.py,u_mand_factor,87,u_mand_factor,0.2,2,5,5,0.2,0.5,0.7,0.6,0.4,0.8,38.640001,40,13,18.400001,55.200001,8.573334,1,0,1087,0
u_mand_factor\set87\u_mand_factor_0.3.py,u_mand_factor,87,u_mand_factor,0.3,2,5,5,0.3,0.5,0.7,0.6,0.6,0.7,41.860003,40,13,27.600003,59.800005,12.860002,1,1,1087,0
u_mand_factor\set87\u_mand_factor_0.4.py,u_mand_factor,87,u_mand_factor,0.4,2,5,5,0.4,0.5,0.7,0.6,0.8,0.6,45.079997,40,13,36.799997,64.399995,17.146665,1,1,1087,0
u_mand_factor\set87\u_mand_factor_0.5.py,u_mand_factor,87,u_mand_factor,0.5,2,5,5,0.5,0.5,0.7,0.6,1.0,0.5,48.3,40,13,46.000002,69.0,21.433334,1,1,1087,0
u_mand_factor\set87\u_mand_factor_0.6.py,u_mand_factor,87,u_mand_factor,0.6,2,5,5,0.6,0.5,0.7,0.6,1.2,0.4,51.520003,40,13,55.200002,73.600005,25.720001,1,1,1087,0
u_mand_factor\set87\u_mand_factor_0.7.py,u_mand_factor,87,u_mand_factor,0.7,2,5,5,0.7,0.5,0.7,0.6,1.4,0.3,54.740001,40,13,64.4,78.200001,30.006667,1,1,1087,0
u_mand_factor\set87\u_mand_factor_0.8.py,u_mand_factor,87,u_mand_factor,0.8,2,5,5,0.8,0.5,0.7,0.6,1.6,0.2,57.960001,40,13,73.600001,82.800001,34.293334,1,1,1087,0
u_mand_factor\set87\u_mand_factor_0.9.py,u_mand_factor,87,u_mand_factor,0.9,2,5,5,0.9,0.5,0.7,0.6,1.8,0.1,61.180001,40,13,82.800002,87.400001,38.580001,1,1,1087,0
u_mand_factor\set88\u_mand_factor_0.1.py,u_mand_factor,88,u_mand_factor,0.1,2,5,5,0.1,0.5,0.7,0.6,0.2,0.9,35.420001,40,13,9.200001,50.600001,4.601819,1,0,1088,0
u_mand_factor\set88\u_mand_factor_0.2.py,u_mand_factor,88,u_mand_factor,0.2,2,5,5,0.2,0.5,0.7,0.6,0.4,0.8,38.639998,40,13,18.400001,55.199997,9.203637,1,0,1088,0
u_mand_factor\set88\u_mand_factor_0.3.py,u_mand_factor,88,u_mand_factor,0.3,2,5,5,0.3,0.5,0.7,0.6,0.6,0.7,41.86,40,13,27.599998,59.8,13.805453,1,1,1088,0
u_mand_factor\set88\u_mand_factor_0.4.py,u_mand_factor,88,u_mand_factor,0.4,2,5,5,0.4,0.5,0.7,0.6,0.8,0.6,45.079998,40,13,36.799999,64.399998,18.407272,1,1,1088,0
u_mand_factor\set88\u_mand_factor_0.5.py,u_mand_factor,88,u_mand_factor,0.5,2,5,5,0.5,0.5,0.7,0.6,1.0,0.5,48.300001,40,13,45.999999,69.000001,23.00909,1,1,1088,0
u_mand_factor\set88\u_mand_factor_0.6.py,u_mand_factor,88,u_mand_factor,0.6,2,5,5,0.6,0.5,0.7,0.6,1.2,0.4,51.519998,40,13,55.2,73.599997,27.610909,1,1,1088,0
u_mand_factor\set88\u_mand_factor_0.7.py,u_mand_factor,88,u_mand_factor,0.7,2,5,5,0.7,0.5,0.7,0.6,1.4,0.3,54.739999,40,13,64.4,78.199999,32.212727,1,1,1088,0
u_mand_factor\set88\u_mand_factor_0.8.py,u_mand_factor,88,u_mand_factor,0.8,2,5,5,0.8,0.5,0.7,0.6,1.6,0.2,57.959999,40,13,73.599997,82.799999,36.814544,1,1,1088,0
u_mand_factor\set88\u_mand_factor_0.9.py,u_mand_factor,88,u_mand_factor,0.9,2,5,5,0.9,0.5,0.7,0.6,1.8,0.1,61.180001,40,13,82.8,87.400001,41.416364,1,1,1088,0
u_mand_factor\set89\u_mand_factor_0.1.py,u_mand_factor,89,u_mand_factor,0.1,2,5,5,0.1,0.5,0.7,0.6,0.2,0.9,35.420004,40,13,9.199999,50.600006,4.601818,1,0,1089,0
u_mand_factor\set89\u_mand_factor_0.2.py,u_mand_factor,89,u_mand_factor,0.2,2,5,5,0.2,0.5,0.7,0.6,0.4,0.8,38.640004,40,13,18.400001,55.200006,9.203637,1,0,1089,0
u_mand_factor\set89\u_mand_factor_0.3.py,u_mand_factor,89,u_mand_factor,0.3,2,5,5,0.3,0.5,0.7,0.6,0.6,0.7,41.86,40,13,27.599998,59.8,13.805453,1,1,1089,0
u_mand_factor\set89\u_mand_factor_0.4.py,u_mand_factor,89,u_mand_factor,0.4,2,5,5,0.4,0.5,0.7,0.6,0.8,0.6,45.079998,40,13,36.800002,64.399998,18.407274,1,1,1089,0
u_mand_factor\set89\u_mand_factor_0.5.py,u_mand_factor,89,u_mand_factor,0.5,2,5,5,0.5,0.5,0.7,0.6,1.0,0.5,48.300001,40,13,45.999999,69.000001,23.00909,1,1,1089,0
u_mand_factor\set89\u_mand_factor_0.6.py,u_mand_factor,89,u_mand_factor,0.6,2,5,5,0.6,0.5,0.7,0.6,1.2,0.4,51.520003,40,13,55.200003,73.600005,27.610911,1,1,1089,0
u_mand_factor\set89\u_mand_factor_0.7.py,u_mand_factor,89,u_mand_factor,0.7,2,5,5,0.7,0.5,0.7,0.6,1.4,0.3,54.739997,40,13,64.399998,78.199995,32.212726,1,1,1089,0
u_mand_factor\set89\u_mand_factor_0.8.py,u_mand_factor,89,u_mand_factor,0.8,2,5,5,0.8,0.5,0.7,0.6,1.6,0.2,57.959998,40,13,73.600002,82.799997,36.814547,1,1,1089,0
u_mand_factor\set89\u_mand_factor_0.9.py,u_mand_factor,89,u_mand_factor,0.9,2,5,5,0.9,0.5,0.7,0.6,1.8,0.1,61.180001,40,11,82.799999,87.400001,38.579999,1,1,1089,3
u_mand_factor\set90\u_mand_factor_0.1.py,u_mand_factor,90,u_mand_factor,0.1,2,5,5,0.1,0.5,0.7,0.6,0.2,0.9,35.419997,40,12,9.199999,50.599995,4.279999,1,0,1090,0
u_mand_factor\set90\u_mand_factor_0.2.py,u_mand_factor,90,u_mand_factor,0.2,2,5,5,0.2,0.5,0.7,0.6,0.4,0.8,38.640002,40,12,18.399999,55.200003,8.559999,1,0,1090,0
u_mand_factor\set90\u_mand_factor_0.3.py,u_mand_factor,90,u_mand_factor,0.3,2,5,5,0.3,0.5,0.7,0.6,0.6,0.7,41.86,40,12,27.600001,59.8,12.840001,1,1,1090,0
u_mand_factor\set90\u_mand_factor_0.4.py,u_mand_factor,90,u_mand_factor,0.4,2,5,5,0.4,0.5,0.7,0.6,0.8,0.6,45.080003,40,12,36.800001,64.400005,17.120001,1,1,1090,0
u_mand_factor\set90\u_mand_factor_0.5.py,u_mand_factor,90,u_mand_factor,0.5,2,5,5,0.5,0.5,0.7,0.6,1.0,0.5,48.300001,40,12,46.000002,69.000001,21.400001,1,1,1090,0
u_mand_factor\set90\u_mand_factor_0.6.py,u_mand_factor,90,u_mand_factor,0.6,2,5,5,0.6,0.5,0.7,0.6,1.2,0.4,51.519998,40,12,55.199998,73.599997,25.679999,1,1,1090,0
u_mand_factor\set90\u_mand_factor_0.7.py,u_mand_factor,90,u_mand_factor,0.7,2,5,5,0.7,0.5,0.7,0.6,1.4,0.3,54.740001,40,12,64.400001,78.200001,29.960001,1,1,1090,0
u_mand_factor\set90\u_mand_factor_0.8.py,u_mand_factor,90,u_mand_factor,0.8,2,5,5,0.8,0.5,0.7,0.6,1.6,0.2,57.960004,40,12,73.6,82.800006,34.24,1,1,1090,0
u_mand_factor\set90\u_mand_factor_0.9.py,u_mand_factor,90,u_mand_factor,0.9,2,5,5,0.9,0.5,0.7,0.6,1.8,0.1,61.179998,40,12,82.799999,87.399998,38.519999,1,1,1090,0
u_mand_factor\set91\u_mand_factor_0.1.py,u_mand_factor,91,u_mand_factor,0.1,2,5,5,0.1,0.5,0.7,0.6,0.2,0.9,35.420002,40,10,9.200002,50.600002,4.400001,1,0,1091,0
u_mand_factor\set91\u_mand_factor_0.2.py,u_mand_factor,91,u_mand_factor,0.2,2,5,5,0.2,0.5,0.7,0.6,0.4,0.8,38.640002,40,10,18.400001,55.200003,8.800001,1,0,1091,0
u_mand_factor\set91\u_mand_factor_0.3.py,u_mand_factor,91,u_mand_factor,0.3,2,5,5,0.3,0.5,0.7,0.6,0.6,0.7,41.860001,40,10,27.600002,59.800001,13.200001,1,1,1091,0
u_mand_factor\set91\u_mand_factor_0.4.py,u_mand_factor,91,u_mand_factor,0.4,2,5,5,0.4,0.5,0.7,0.6,0.8,0.6,45.080002,40,10,36.8,64.400003,17.6,1,1,1091,0
u_mand_factor\set91\u_mand_factor_0.5.py,u_mand_factor,91,u_mand_factor,0.5,2,5,5,0.5,0.5,0.7,0.6,1.0,0.5,48.300002,40,10,46.0,69.000003,22.0,1,1,1091,0
u_mand_factor\set91\u_mand_factor_0.6.py,u_mand_factor,91,u_mand_factor,0.6,2,5,5,0.6,0.5,0.7,0.6,1.2,0.4,51.519994,40,10,55.199998,73.599992,26.399999,1,1,1091,0
u_mand_factor\set91\u_mand_factor_0.7.py,u_mand_factor,91,u_mand_factor,0.7,2,5,5,0.7,0.5,0.7,0.6,1.4,0.3,54.739996,40,10,64.399998,78.199994,30.799999,1,1,1091,0
u_mand_factor\set91\u_mand_factor_0.8.py,u_mand_factor,91,u_mand_factor,0.8,2,5,5,0.8,0.5,0.7,0.6,1.6,0.2,57.959998,40,10,73.599998,82.799998,35.199999,1,1,1091,0
u_mand_factor\set91\u_mand_factor_0.9.py,u_mand_factor,91,u_mand_factor,0.9,2,5,5,0.9,0.5,0.7,0.6,1.8,0.1,61.180002,40,15,82.8,87.400003,38.52,1,1,1091,2
u_mand_factor\set92\u_mand_factor_0.1.py,u_mand_factor,92,u_mand_factor,0.1,2,5,5,0.1,0.5,0.7,0.6,0.2,0.9,35.42,40,10,9.2,50.6,4.286667,1,0,1092,0
u_mand_factor\set92\u_mand_factor_0.2.py,u_mand_factor,92,u_mand_factor,0.2,2,5,5,0.2,0.5,0.7,0.6,0.4,0.8,38.639998,40,10,18.400001,55.199998,8.573334,1,0,1092,0
u_mand_factor\set92\u_mand_factor_0.3.py,u_mand_factor,92,u_mand_factor,0.3,2,5,5,0.3,0.5,0.7,0.6,0.6,0.7,41.859999,40,10,27.600002,59.799999,12.860001,1,1,1092,0
u_mand_factor\set92\u_mand_factor_0.4.py,u_mand_factor,92,u_mand_factor,0.4,2,5,5,0.4,0.5,0.7,0.6,0.8,0.6,45.08,40,10,36.800002,64.4,17.146668,1,1,1092,0
u_mand_factor\set92\u_mand_factor_0.5.py,u_mand_factor,92,u_mand_factor,0.5,2,5,5,0.5,0.5,0.7,0.6,1.0,0.5,48.300003,40,10,46.000003,69.000005,21.433335,1,1,1092,0
u_mand_factor\set92\u_mand_factor_0.6.py,u_mand_factor,92,u_mand_factor,0.6,2,5,5,0.6,0.5,0.7,0.6,1.2,0.4,51.520002,40,10,55.199999,73.600003,25.719999,1,1,1092,0
u_mand_factor\set92\u_mand_factor_0.7.py,u_mand_factor,92,u_mand_factor,0.7,2,5,5,0.7,0.5,0.7,0.6,1.4,0.3,54.740002,40,10,64.399999,78.200002,30.006666,1,1,1092,0
u_mand_factor\set92\u_mand_factor_0.8.py,u_mand_factor,92,u_mand_factor,0.8,2,5,5,0.8,0.5,0.7,0.6,1.6,0.2,57.96,40,10,73.600001,82.8,34.293334,1,1,1092,0
u_mand_factor\set92\u_mand_factor_0.9.py,u_mand_factor,92,u_mand_factor,0.9,2,5,5,0.9,0.5,0.7,0.6,1.8,0.1,61.180001,40,10,82.8,87.400001,41.416364,1,1,1092,1
u_mand_factor\set93\u_mand_factor_0.1.py,u_mand_factor,93,u_mand_factor,0.1,2,5,5,0.1,0.5,0.7,0.6,0.2,0.9,35.419999,40,10,9.200002,50.599999,4.601819,1,0,1093,0
u_mand_factor\set93\u_mand_factor_0.2.py,u_mand_factor,93,u_mand_factor,0.2,2,5,5,0.2,0.5,0.7,0.6,0.4,0.8,38.639998,40,10,18.399997,55.199998,9.203635,1,1,1093,0
u_mand_factor\set93\u_mand_factor_0.3.py,u_mand_factor,93,u_mand_factor,0.3,2,5,5,0.3,0.5,0.7,0.6,0.6,0.7,41.859997,40,10,27.599999,59.799995,13.805454,1,1,1093,0
u_mand_factor\set93\u_mand_factor_0.4.py,u_mand_factor,93,u_mand_factor,0.4,2,5,5,0.4,0.5,0.7,0.6,0.8,0.6,45.08,40,10,36.8,64.4,18.407273,1,1,1093,0
u_mand_factor\set93\u_mand_factor_0.5.py,u_mand_factor,93,u_mand_factor,0.5,2,5,5,0.5,0.5,0.7,0.6,1.0,0.5,48.300001,40,10,46.000001,69.000001,23.009091,1,1,1093,0
u_mand_factor\set93\u_mand_factor_0.6.py,u_mand_factor,93,u_mand_factor,0.6,2,5,5,0.6,0.5,0.7,0.6,1.2,0.4,51.520002,40,10,55.199999,73.600003,27.610909,1,1,1093,0
u_mand_factor\set93\u_mand_factor_0.7.py,u_mand_factor,93,u_mand_factor,0.7,2,5,5,0.7,0.5,0.7,0.6,1.4,0.3,54.739996,40,10,64.399999,78.199994,32.212727,1,1,1093,0
u_mand_factor\set93\u_mand_factor_0.8.py,u_mand_factor,93,u_mand_factor,0.8,2,5,5,0.8,0.5,0.7,0.6,1.6,0.2,57.959999,40,10,73.600001,82.799999,36.814546,1,1,1093,0
u_mand_factor\set93\u_mand_factor_0.9.py,u_mand_factor,93,u_mand_factor,0.9,2,5,5,0.9,0.5,0.7,0.6,1.8,0.1,61.179999,40,10,82.800001,87.399999,41.416364,1,1,1093,0
u_mand_factor\set94\u_mand_factor_0.1.py,u_mand_factor,94,u_mand_factor,0.1,2,5,5,0.1,0.5,0.7,0.6,0.2,0.9,35.420002,40,13,9.2,50.600002,4.601818,1,0,1094,0
u_mand_factor\set94\u_mand_factor_0.2.py,u_mand_factor,94,u_mand_factor,0.2,2,5,5,0.2,0.5,0.7,0.6,0.4,0.8,38.640002,40,13,18.4,55.200002,9.203636,1,0,1094,0
u_mand_factor\set94\u_mand_factor_0.3.py,u_mand_factor,94,u_mand_factor,0.3,2,5,5,0.3,0.5,0.7,0.6,0.6,0.7,41.859998,40,13,27.6,59.799998,13.805455,1,1,1094,0
u_mand_factor\set94\u_mand_factor_0.4.py,u_mand_factor,94,u_mand_factor,0.4,2,5,5,0.4,0.5,0.7,0.6,0.8,0.6,45.08,40,13,36.8,64.4,18.407273,1,1,1094,0
u_mand_factor\set94\u_mand_factor_0.5.py,u_mand_factor,94,u_mand_factor,0.5,2,5,5,0.5,0.5,0.7,0.6,1.0,0.5,48.299999,40,13,46.0,68.999999,23.009091,1,1,1094,0
u_mand_factor\set94\u_mand_factor_0.6.py,u_mand_factor,94,u_mand_factor,0.6,2,5,5,0.6,0.5,0.7,0.6,1.2,0.4,51.520001,40,13,55.2,73.600001,27.610909,1,1,1094,0
u_mand_factor\set94\u_mand_factor_0.7.py,u_mand_factor,94,u_mand_factor,0.7,2,5,5,0.7,0.5,0.7,0.6,1.4,0.3,54.740004,40,13,64.400001,78.200006,32.212728,1,1,1094,0
u_mand_factor\set94\u_mand_factor_0.8.py,u_mand_factor,94,u_mand_factor,0.8,2,5,5,0.8,0.5,0.7,0.6,1.6,0.2,57.959998,40,13,73.600001,82.799998,36.814546,1,1,1094,0
u_mand_factor\set94\u_mand_factor_0.9.py,u_mand_factor,94,u_mand_factor,0.9,2,5,5,0.9,0.5,0.7,0.6,1.8,0.1,61.180001,40,13,82.8,87.400001,41.416364,1,1,1094,0
u_mand_factor\set95\u_mand_factor_0.1.py,u_mand_factor,95,u_mand_factor,0.1,2,5,5,0.1,0.5,0.7,0.6,0.2,0.9,35.419999,40,12,9.199999,50.599999,4.286666,1,0,1095,0
u_mand_factor\set95\u_mand_factor_0.2.py,u_mand_factor,95,u_mand_factor,0.2,2,5,5,0.2,0.5,0.7,0.6,0.4,0.8,38.640005,40,12,18.400002,55.200007,8.573334,1,0,1095,0
u_mand_factor\set95\u_mand_factor_0.3.py,u_mand_factor,95,u_mand_factor,0.3,2,5,5,0.3,0.5,0.7,0.6,0.6,0.7,41.859997,40,12,27.600001,59.799995,12.860001,1,1,1095,0
u_mand_factor\set95\u_mand_factor_0.4.py,u_mand_factor,95,u_mand_factor,0.4,2,5,5,0.4,0.5,0.7,0.6,0.8,0.6,45.079999,40,12,36.8,64.399999,17.146667,1,1,1095,0
u_mand_factor\set95\u_mand_factor_0.5.py,u_mand_factor,95,u_mand_factor,0.5,2,5,5,0.5,0.5,0.7,0.6,1.0,0.5,48.3,40,12,45.999999,69.0,21.433333,1,1,1095,0
u_mand_factor\set95\u_mand_factor_0.6.py,u_mand_factor,95,u_mand_factor,0.6,2,5,5,0.6,0.5,0.7,0.6,1.2,0.4,51.52,40,12,55.200001,73.6,25.720001,1,1,1095,0
u_mand_factor\set95\u_mand_factor_0.7.py,u_mand_factor,95,u_mand_factor,0.7,2,5,5,0.7,0.5,0.7,0.6,1.4,0.3,54.740004,40,12,64.399999,78.200006,30.006666,1,1,1095,0
u_mand_factor\set95\u_mand_factor_0.8.py,u_mand_factor,95,u_mand_factor,0.8,2,5,5,0.8,0.5,0.7,0.6,1.6,0.2,57.959997,40,12,73.599997,82.799995,34.293332,1,1,1095,0
u_mand_factor\set95\u_mand_factor_0.9.py,u_mand_factor,95,u_mand_factor,0.9,2,5,5,0.9,0.5,0.7,0.6,1.8,0.1,61.180004,40,12,82.800001,87.400006,39.600001,1,1,1095,1
u_mand_factor\set96\u_mand_factor_0.1.py,u_mand_factor,96,u_mand_factor,0.1,2,5,5,0.1,0.5,0.7,0.6,0.2,0.9,35.419998,40,11,9.2,50.599997,4.408571,1,0,1096,0
u_mand_factor\set96\u_mand_factor_0.2.py,u_mand_factor,96,u_mand_factor,0.2,2,5,5,0.2,0.5,0.7,0.6,0.4,0.8,38.639999,40,11,18.4,55.199999,8.817143,1,0,1096,0
u_mand_factor\set96\u_mand_factor_0.3.py,u_mand_factor,96,u_mand_factor,0.3,2,5,5,0.3,0.5,0.7,0.6,0.6,0.7,41.859999,40,11,27.6,59.799999,13.225714,1,1,1096,0
u_mand_factor\set96\u_mand_factor_0.4.py,u_mand_factor,96,u_mand_factor,0.4,2,5,5,0.4,0.5,0.7,0.6,0.8,0.6,45.079999,40,11,36.8,64.399999,17.634286,1,1,1096,0
u_mand_factor\set96\u_mand_factor_0.5.py,u_mand_factor,96,u_mand_factor,0.5,2,5,5,0.5,0.5,0.7,0.6,1.0,0.5,48.299999,40,11,46.0,68.999999,22.042857,1,1,1096,0
u_mand_factor\set96\u_mand_factor_0.6.py,u_mand_factor,96,u_mand_factor,0.6,2,5,5,0.6,0.5,0.7,0.6,1.2,0.4,51.520004,40,11,55.2,73.600006,26.451429,1,1,1096,0
u_mand_factor\set96\u_mand_factor_0.7.py,u_mand_factor,96,u_mand_factor,0.7,2,5,5,0.7,0.5,0.7,0.6,1.4,0.3,54.739999,40,11,64.400001,78.199999,30.860001,1,1,1096,0
u_mand_factor\set96\u_mand_factor_0.8.py,u_mand_factor,96,u_mand_factor,0.8,2,5,5,0.8,0.5,0.7,0.6,1.6,0.2,57.96,40,11,73.6,82.8,35.268571,1,1,1096,0
u_mand_factor\set96\u_mand_factor_0.9.py,u_mand_factor,96,u_mand_factor,0.9,2,5,5,0.9,0.5,0.7,0.6,1.8,0.1,61.179996,40,11,82.799999,87.399994,39.677142,1,1,1096,0
u_mand_factor\set97\u_mand_factor_0.1.py,u_mand_factor,97,u_mand_factor,0.1,2,5,5,0.1,0.5,0.7,0.6,0.2,0.9,35.420002,40,9,9.200001,50.600002,4.408572,1,0,1097,0
u_mand_factor\set97\u_mand_factor_0.2.py,u_mand_factor,97,u_mand_factor,0.2,2,5,5,0.2,0.5,0.7,0.6,0.4,0.8,38.639998,40,9,18.400001,55.199998,8.817143,1,0,1097,0
u_mand_factor\set97\u_mand_factor_0.3.py,u_mand_factor,97,u_mand_factor,0.3,2,5,5,0.3,0.5,0.7,0.6,0.6,0.7,41.86,40,9,27.6,59.8,13.225714,1,1,1097,0
u_mand_factor\set97\u_mand_factor_0.4.py,u_mand_factor,97,u_mand_factor,0.4,2,5,5,0.4,0.5,0.7,0.6,0.8,0.6,45.080003,40,9,36.800001,64.400005,17.634286,1,1,1097,0
u_mand_factor\set97\u_mand_factor_0.5.py,u_mand_factor,97,u_mand_factor,0.5,2,5,5,0.5,0.5,0.7,0.6,1.0,0.5,48.299999,40,9,45.999999,68.999999,22.042857,1,1,1097,0
u_mand_factor\set97\u_mand_factor_0.6.py,u_mand_factor,97,u_mand_factor,0.6,2,5,5,0.6,0.5,0.7,0.6,1.2,0.4,51.52,40,9,55.199998,73.6,26.451427,1,1,1097,0
u_mand_factor\set97\u_mand_factor_0.7.py,u_mand_factor,97,u_mand_factor,0.7,2,5,5,0.7,0.5,0.7,0.6,1.4,0.3,54.739998,40,9,64.399999,78.199998,30.859999,1,1,1097,0
u_mand_factor\set97\u_mand_factor_0.8.py,u_mand_factor,97,u_mand_factor,0.8,2,5,5,0.8,0.5,0.7,0.6,1.6,0.2,57.959999,40,9,73.599999,82.799999,35.268571,1,1,1097,0
u_mand_factor\set97\u_mand_factor_0.9.py,u_mand_factor,97,u_mand_factor,0.9,2,5,5,0.9,0.5,0.7,0.6,1.8,0.1,61.180005,40,15,82.800002,87.400007,39.600001,1,1,1097,3
u_mand_factor\set98\u_mand_factor_0.1.py,u_mand_factor,98,u_mand_factor,0.1,2,5,5,0.1,0.5,0.7,0.6,0.2,0.9,35.420003,40,15,9.199997,50.600005,4.279998,1,0,1098,0
u_mand_factor\set98\u_mand_factor_0.2.py,u_mand_factor,98,u_mand_factor,0.2,2,5,5,0.2,0.5,0.7,0.6,0.4,0.8,38.64,40,15,18.399999,55.2,8.559999,1,0,1098,0
u_mand_factor\set98\u_mand_factor_0.3.py,u_mand_factor,98,u_mand_factor,0.3,2,5,5,0.3,0.5,0.7,0.6,0.6,0.7,41.859997,40,15,27.599998,59.799995,12.839999,1,1,1098,0
u_mand_factor\set98\u_mand_factor_0.4.py,u_mand_factor,98,u_mand_factor,0.4,2,5,5,0.4,0.5,0.7,0.6,0.8,0.6,45.080006,40,15,36.800005,64.400008,17.120002,1,1,1098,0
u_mand_factor\set98\u_mand_factor_0.5.py,u_mand_factor,98,u_mand_factor,0.5,2,5,5,0.5,0.5,0.7,0.6,1.0,0.5,48.3,40,15,46.000001,69.0,21.400001,1,1,1098,0
u_mand_factor\set98\u_mand_factor_0.6.py,u_mand_factor,98,u_mand_factor,0.6,2,5,5,0.6,0.5,0.7,0.6,1.2,0.4,51.52,40,15,55.2,73.6,25.68,1,1,1098,0
u_mand_factor\set98\u_mand_factor_0.7.py,u_mand_factor,98,u_mand_factor,0.7,2,5,5,0.7,0.5,0.7,0.6,1.4,0.3,54.740002,40,15,64.399998,78.200002,29.959999,1,1,1098,0
u_mand_factor\set98\u_mand_factor_0.8.py,u_mand_factor,98,u_mand_factor,0.8,2,5,5,0.8,0.5,0.7,0.6,1.6,0.2,57.959998,40,15,73.599999,82.799998,34.239999,1,1,1098,0
u_mand_factor\set98\u_mand_factor_0.9.py,u_mand_factor,98,u_mand_factor,0.9,2,5,5,0.9,0.5,0.7,0.6,1.8,0.1,61.180002,40,12,82.800001,87.400002,38.580001,1,1,1098,1
u_mand_factor\set99\u_mand_factor_0.1.py,u_mand_factor,99,u_mand_factor,0.1,2,5,5,0.1,0.5,0.7,0.6,0.2,0.9,35.419998,40,11,9.2,50.599998,4.286667,1,0,1099,0
u_mand_factor\set99\u_mand_factor_0.2.py,u_mand_factor,99,u_mand_factor,0.2,2,5,5,0.2,0.5,0.7,0.6,0.4,0.8,38.639996,40,11,18.400001,55.199994,8.573334,1,0,1099,0
u_mand_factor\set99\u_mand_factor_0.3.py,u_mand_factor,99,u_mand_factor,0.3,2,5,5,0.3,0.5,0.7,0.6,0.6,0.7,41.86,40,11,27.599999,59.8,12.859999,1,1,1099,0
u_mand_factor\set99\u_mand_factor_0.4.py,u_mand_factor,99,u_mand_factor,0.4,2,5,5,0.4,0.5,0.7,0.6,0.8,0.6,45.080002,40,11,36.800002,64.400002,17.146668,1,1,1099,0
u_mand_factor\set99\u_mand_factor_0.5.py,u_mand_factor,99,u_mand_factor,0.5,2,5,5,0.5,0.5,0.7,0.6,1.0,0.5,48.299998,40,11,45.999998,68.999998,21.433332,1,1,1099,0
u_mand_factor\set99\u_mand_factor_0.6.py,u_mand_factor,99,u_mand_factor,0.6,2,5,5,0.6,0.5,0.7,0.6,1.2,0.4,51.519999,40,11,55.2,73.599999,25.72,1,1,1099,0
u_mand_factor\set99\u_mand_factor_0.7.py,u_mand_factor,99,u_mand_factor,0.7,2,5,5,0.7,0.5,0.7,0.6,1.4,0.3,54.740002,40,11,64.400001,78.200002,30.006667,1,1,1099,0
u_mand_factor\set99\u_mand_factor_0.8.py,u_mand_factor,99,u_mand_factor,0.8,2,5,5,0.8,0.5,0.7,0.6,1.6,0.2,57.959999,40,11,73.6,82.799999,34.293333,1,1,1099,0
u_mand_factor\set99\u_mand_factor_0.9.py,u_mand_factor,99,u_mand_factor,0.9,2,5,5,0.9,0.5,0.7,0.6,1.8,0.1,61.179996,40,12,82.799999,87.399994,38.519999,1,1,1099,2
