file,sweep,set,factor,value,n_prc,n_tsk,n_frq,u_mand_factor,u_opt_factor,rho,xi,U_M,U_O,B,H,J,e_mand_fmax,e_full_fmax,e_mand_min,feasible,donate_ok,seed,redraws,model,status,model_feasible,utility,energy,util_per_energy,runtime,gap,error,runtime_best,runtime_worst,repeats,censored,nondeterministic
rho\set00\rho_0.2.py,rho,0,rho,0.2,2,5,5,0.5,0.5,0.2,0.6,1.0,0.5,13.800001,40,13,46.000002,69.000005,22.042858,1,1,1000,0,ilp_v2,infeasible,0,,,,0.002681,,,0.002681,0.00332,3,0,0
rho\set00\rho_0.2.py,rho,0,rho,0.2,2,5,5,0.5,0.5,0.2,0.6,1.0,0.5,13.800001,40,13,46.000002,69.000005,22.042858,1,1,1000,0,ilp_v3,infeasible,0,,,,0.002754,,,0.002754,0.003263,3,0,0
rho\set00\rho_0.2.py,rho,0,rho,0.2,2,5,5,0.5,0.5,0.2,0.6,1.0,0.5,13.800001,40,13,46.000002,69.000005,22.042858,1,1,1000,0,ilp_v4,infeasible,0,,,,0.002819,,,0.002819,0.003281,3,0,0
rho\set00\rho_0.2.py,rho,0,rho,0.2,2,5,5,0.5,0.5,0.2,0.6,1.0,0.5,13.800001,40,13,46.000002,69.000005,22.042858,1,1,1000,0,greedy_sps_baseline,infeasible,0,,46.000002,,0.00053,,over budget: E=46.0000 > B=13.8000,0.00053,0.000989,3,0,0
rho\set00\rho_0.3.py,rho,0,rho,0.3,2,5,5,0.5,0.5,0.3,0.6,1.0,0.5,20.700001,40,13,46.000002,69.000005,22.042858,1,1,1000,0,ilp_v2,infeasible,0,,,,0.002612,,,0.002612,0.003038,3,0,0
rho\set00\rho_0.3.py,rho,0,rho,0.3,2,5,5,0.5,0.5,0.3,0.6,1.0,0.5,20.700001,40,13,46.000002,69.000005,22.042858,1,1,1000,0,ilp_v3,infeasible,0,,,,0.002633,,,0.002633,0.003243,3,0,0
rho\set00\rho_0.3.py,rho,0,rho,0.3,2,5,5,0.5,0.5,0.3,0.6,1.0,0.5,20.700001,40,13,46.000002,69.000005,22.042858,1,1,1000,0,ilp_v4,infeasible,0,,,,0.002755,,,0.002755,0.003128,3,0,0
rho\set00\rho_0.3.py,rho,0,rho,0.3,2,5,5,0.5,0.5,0.3,0.6,1.0,0.5,20.700001,40,13,46.000002,69.000005,22.042858,1,1,1000,0,greedy_sps_baseline,infeasible,0,,46.000002,,0.000332,,over budget: E=46.0000 > B=20.7000,0.000332,0.000421,3,0,0
rho\set00\rho_0.4.py,rho,0,rho,0.4,2,5,5,0.5,0.5,0.4,0.6,1.0,0.5,27.600002,40,13,46.000002,69.000005,22.042858,1,1,1000,0,ilp_v2,optimal,1,17.295802,27.515445,0.628585,0.014679,0.0,,0.014679,0.014824,3,0,0
rho\set00\rho_0.4.py,rho,0,rho,0.4,2,5,5,0.5,0.5,0.4,0.6,1.0,0.5,27.600002,40,13,46.000002,69.000005,22.042858,1,1,1000,0,ilp_v3,optimal,1,17.295802,27.515445,0.628585,0.014361,0.0,,0.014361,0.014912,3,0,0
rho\set00\rho_0.4.py,rho,0,rho,0.4,2,5,5,0.5,0.5,0.4,0.6,1.0,0.5,27.600002,40,13,46.000002,69.000005,22.042858,1,1,1000,0,ilp_v4,optimal,1,21.226414,27.594223,0.769234,0.191706,0.0,,0.191706,0.192695,3,0,0
rho\set00\rho_0.4.py,rho,0,rho,0.4,2,5,5,0.5,0.5,0.4,0.6,1.0,0.5,27.600002,40,13,46.000002,69.000005,22.042858,1,1,1000,0,greedy_sps_baseline,infeasible,0,,46.000002,,0.000332,,over budget: E=46.0000 > B=27.6000,0.000332,0.000443,3,0,0
rho\set00\rho_0.5.py,rho,0,rho,0.5,2,5,5,0.5,0.5,0.5,0.6,1.0,0.5,34.500002,40,13,46.000002,69.000005,22.042858,1,1,1000,0,ilp_v2,optimal,1,37.439498,34.486117,1.08564,0.158419,0.0,,0.158419,0.165509,3,0,0
rho\set00\rho_0.5.py,rho,0,rho,0.5,2,5,5,0.5,0.5,0.5,0.6,1.0,0.5,34.500002,40,13,46.000002,69.000005,22.042858,1,1,1000,0,ilp_v3,optimal,1,36.966056,34.432134,1.073592,0.136969,0.0,,0.136969,0.14174,3,0,0
rho\set00\rho_0.5.py,rho,0,rho,0.5,2,5,5,0.5,0.5,0.5,0.6,1.0,0.5,34.500002,40,13,46.000002,69.000005,22.042858,1,1,1000,0,ilp_v4,optimal,1,39.920555,34.478112,1.157852,0.259425,0.0,,0.259425,0.26755,3,0,0
rho\set00\rho_0.5.py,rho,0,rho,0.5,2,5,5,0.5,0.5,0.5,0.6,1.0,0.5,34.500002,40,13,46.000002,69.000005,22.042858,1,1,1000,0,greedy_sps_baseline,infeasible,0,,46.000002,,0.000397,,over budget: E=46.0000 > B=34.5000,0.000397,0.000773,3,0,0
rho\set00\rho_0.6.py,rho,0,rho,0.6,2,5,5,0.5,0.5,0.6,0.6,1.0,0.5,41.400003,40,13,46.000002,69.000005,22.042858,1,1,1000,0,ilp_v2,optimal,1,52.504877,41.264785,1.272389,0.040826,0.0,,0.040826,0.046258,3,0,0
rho\set00\rho_0.6.py,rho,0,rho,0.6,2,5,5,0.5,0.5,0.6,0.6,1.0,0.5,41.400003,40,13,46.000002,69.000005,22.042858,1,1,1000,0,ilp_v3,optimal,1,53.083622,41.33053,1.284368,0.12103,0.0,,0.12103,0.126839,3,0,0
rho\set00\rho_0.6.py,rho,0,rho,0.6,2,5,5,0.5,0.5,0.6,0.6,1.0,0.5,41.400003,40,13,46.000002,69.000005,22.042858,1,1,1000,0,ilp_v4,optimal,1,55.573848,41.398104,1.342425,0.321778,0.0,,0.321778,0.374174,3,0,0
rho\set00\rho_0.6.py,rho,0,rho,0.6,2,5,5,0.5,0.5,0.6,0.6,1.0,0.5,41.400003,40,13,46.000002,69.000005,22.042858,1,1,1000,0,greedy_sps_baseline,infeasible,0,,46.000002,,0.000416,,over budget: E=46.0000 > B=41.4000,0.000416,0.000678,3,0,0
rho\set00\rho_0.7.py,rho,0,rho,0.7,2,5,5,0.5,0.5,0.7,0.6,1.0,0.5,48.300003,40,13,46.000002,69.000005,22.042858,1,1,1000,0,ilp_v2,optimal,1,64.70866,48.292486,1.339932,0.025033,0.0,,0.025033,0.027527,3,0,0
rho\set00\rho_0.7.py,rho,0,rho,0.7,2,5,5,0.5,0.5,0.7,0.6,1.0,0.5,48.300003,40,13,46.000002,69.000005,22.042858,1,1,1000,0,ilp_v3,optimal,1,61.915628,47.940817,1.291501,0.052474,0.0,,0.052474,0.058395,3,0,0
rho\set00\rho_0.7.py,rho,0,rho,0.7,2,5,5,0.5,0.5,0.7,0.6,1.0,0.5,48.300003,40,13,46.000002,69.000005,22.042858,1,1,1000,0,ilp_v4,optimal,1,67.365432,47.602778,1.415158,0.061145,0.0,,0.061145,0.069715,3,0,0
rho\set00\rho_0.7.py,rho,0,rho,0.7,2,5,5,0.5,0.5,0.7,0.6,1.0,0.5,48.300003,40,13,46.000002,69.000005,22.042858,1,1,1000,0,greedy_sps_baseline,solved,1,8.364274,48.284027,0.173231,0.000875,,,0.000875,0.000999,3,0,0
rho\set00\rho_0.8.py,rho,0,rho,0.8,2,5,5,0.5,0.5,0.8,0.6,1.0,0.5,55.200004,40,13,46.000002,69.000005,22.042858,1,1,1000,0,ilp_v2,optimal,1,67.365432,54.68654,1.231847,0.006606,0.0,,0.006606,0.007039,3,0,0
rho\set00\rho_0.8.py,rho,0,rho,0.8,2,5,5,0.5,0.5,0.8,0.6,1.0,0.5,55.200004,40,13,46.000002,69.000005,22.042858,1,1,1000,0,ilp_v3,optimal,1,67.365432,52.972365,1.271709,0.006783,0.0,,0.006783,0.007413,3,0,0
rho\set00\rho_0.8.py,rho,0,rho,0.8,2,5,5,0.5,0.5,0.8,0.6,1.0,0.5,55.200004,40,13,46.000002,69.000005,22.042858,1,1,1000,0,ilp_v4,optimal,1,67.365432,54.68654,1.231847,0.027289,0.0,,0.027289,0.028011,3,0,0
rho\set00\rho_0.8.py,rho,0,rho,0.8,2,5,5,0.5,0.5,0.8,0.6,1.0,0.5,55.200004,40,13,46.000002,69.000005,22.042858,1,1,1000,0,greedy_sps_baseline,solved,1,30.670632,55.179962,0.555829,0.002205,,,0.002205,0.002325,3,0,0
rho\set00\rho_0.9.py,rho,0,rho,0.9,2,5,5,0.5,0.5,0.9,0.6,1.0,0.5,62.100004,40,13,46.000002,69.000005,22.042858,1,1,1000,0,ilp_v2,optimal,1,67.365432,59.795849,1.12659,0.006115,0.0,,0.006115,0.006885,3,0,0
rho\set00\rho_0.9.py,rho,0,rho,0.9,2,5,5,0.5,0.5,0.9,0.6,1.0,0.5,62.100004,40,13,46.000002,69.000005,22.042858,1,1,1000,0,ilp_v3,optimal,1,67.365432,55.510635,1.213559,0.006276,0.0,,0.006276,0.006912,3,0,0
rho\set00\rho_0.9.py,rho,0,rho,0.9,2,5,5,0.5,0.5,0.9,0.6,1.0,0.5,62.100004,40,13,46.000002,69.000005,22.042858,1,1,1000,0,ilp_v4,optimal,1,67.365432,59.795849,1.12659,0.020184,0.0,,0.020184,0.021352,3,0,0
rho\set00\rho_0.9.py,rho,0,rho,0.9,2,5,5,0.5,0.5,0.9,0.6,1.0,0.5,62.100004,40,13,46.000002,69.000005,22.042858,1,1,1000,0,greedy_sps_baseline,solved,1,48.815774,61.768537,0.790302,0.002478,,,0.002478,0.00258,3,0,0
rho\set00\rho_1.py,rho,0,rho,1,2,5,5,0.5,0.5,1.0,0.6,1.0,0.5,69.000005,40,13,46.000002,69.000005,22.042858,1,1,1000,0,ilp_v2,optimal,1,67.365432,69.000005,0.976311,0.003431,0.0,,0.003431,0.003966,3,0,0
rho\set00\rho_1.py,rho,0,rho,1,2,5,5,0.5,0.5,1.0,0.6,1.0,0.5,69.000005,40,13,46.000002,69.000005,22.042858,1,1,1000,0,ilp_v3,optimal,1,67.365432,69.000005,0.976311,0.003468,0.0,,0.003468,0.003813,3,0,0
rho\set00\rho_1.py,rho,0,rho,1,2,5,5,0.5,0.5,1.0,0.6,1.0,0.5,69.000005,40,13,46.000002,69.000005,22.042858,1,1,1000,0,ilp_v4,optimal,1,67.365432,69.000005,0.976311,0.011519,0.0,,0.011519,0.012338,3,0,0
rho\set00\rho_1.py,rho,0,rho,1,2,5,5,0.5,0.5,1.0,0.6,1.0,0.5,69.000005,40,13,46.000002,69.000005,22.042858,1,1,1000,0,greedy_sps_baseline,solved,1,67.365432,69.000005,0.976311,0.002802,,,0.002802,0.003573,3,0,0
rho\set01\rho_0.2.py,rho,1,rho,0.2,2,5,5,0.5,0.5,0.2,0.6,1.0,0.5,13.800002,40,13,46.000002,69.00001,21.433334,1,1,1001,0,ilp_v2,infeasible,0,,,,0.003174,,,0.003174,0.003495,3,0,0
rho\set01\rho_0.2.py,rho,1,rho,0.2,2,5,5,0.5,0.5,0.2,0.6,1.0,0.5,13.800002,40,13,46.000002,69.00001,21.433334,1,1,1001,0,ilp_v3,infeasible,0,,,,0.003194,,,0.003194,0.004496,3,0,0
rho\set01\rho_0.2.py,rho,1,rho,0.2,2,5,5,0.5,0.5,0.2,0.6,1.0,0.5,13.800002,40,13,46.000002,69.00001,21.433334,1,1,1001,0,ilp_v4,infeasible,0,,,,0.003391,,,0.003391,0.003697,3,0,0
rho\set01\rho_0.2.py,rho,1,rho,0.2,2,5,5,0.5,0.5,0.2,0.6,1.0,0.5,13.800002,40,13,46.000002,69.00001,21.433334,1,1,1001,0,greedy_sps_baseline,infeasible,0,,46.000002,,0.000313,,over budget: E=46.0000 > B=13.8000,0.000313,0.000402,3,0,0
rho\set01\rho_0.3.py,rho,1,rho,0.3,2,5,5,0.5,0.5,0.3,0.6,1.0,0.5,20.700003,40,13,46.000002,69.00001,21.433334,1,1,1001,0,ilp_v2,infeasible,0,,,,0.003036,,,0.003036,0.003667,3,0,0
rho\set01\rho_0.3.py,rho,1,rho,0.3,2,5,5,0.5,0.5,0.3,0.6,1.0,0.5,20.700003,40,13,46.000002,69.00001,21.433334,1,1,1001,0,ilp_v3,infeasible,0,,,,0.003197,,,0.003197,0.003351,3,0,0
rho\set01\rho_0.3.py,rho,1,rho,0.3,2,5,5,0.5,0.5,0.3,0.6,1.0,0.5,20.700003,40,13,46.000002,69.00001,21.433334,1,1,1001,0,ilp_v4,infeasible,0,,,,0.003185,,,0.003185,0.003456,3,0,0
rho\set01\rho_0.3.py,rho,1,rho,0.3,2,5,5,0.5,0.5,0.3,0.6,1.0,0.5,20.700003,40,13,46.000002,69.00001,21.433334,1,1,1001,0,greedy_sps_baseline,infeasible,0,,46.000002,,0.000309,,over budget: E=46.0000 > B=20.7000,0.000309,0.000391,3,0,0
rho\set01\rho_0.4.py,rho,1,rho,0.4,2,5,5,0.5,0.5,0.4,0.6,1.0,0.5,27.600004,40,13,46.000002,69.00001,21.433334,1,1,1001,0,ilp_v2,infeasible,0,,,,0.003088,,,0.003088,0.003478,3,0,0
rho\set01\rho_0.4.py,rho,1,rho,0.4,2,5,5,0.5,0.5,0.4,0.6,1.0,0.5,27.600004,40,13,46.000002,69.00001,21.433334,1,1,1001,0,ilp_v3,infeasible,0,,,,0.003469,,,0.003469,0.004188,3,0,0
rho\set01\rho_0.4.py,rho,1,rho,0.4,2,5,5,0.5,0.5,0.4,0.6,1.0,0.5,27.600004,40,13,46.000002,69.00001,21.433334,1,1,1001,0,ilp_v4,infeasible,0,,,,0.00796,,,0.00796,0.009667,3,0,0
rho\set01\rho_0.4.py,rho,1,rho,0.4,2,5,5,0.5,0.5,0.4,0.6,1.0,0.5,27.600004,40,13,46.000002,69.00001,21.433334,1,1,1001,0,greedy_sps_baseline,infeasible,0,,46.000002,,0.000357,,over budget: E=46.0000 > B=27.6000,0.000357,0.000512,3,0,0
rho\set01\rho_0.5.py,rho,1,rho,0.5,2,5,5,0.5,0.5,0.5,0.6,1.0,0.5,34.500005,40,13,46.000002,69.00001,21.433334,1,1,1001,0,ilp_v2,optimal,1,17.527291,34.499814,0.50804,0.06515,7e-05,,0.06515,0.074688,3,0,0
rho\set01\rho_0.5.py,rho,1,rho,0.5,2,5,5,0.5,0.5,0.5,0.6,1.0,0.5,34.500005,40,13,46.000002,69.00001,21.433334,1,1,1001,0,ilp_v3,optimal,1,17.527291,34.499814,0.50804,0.067175,7e-05,,0.067175,0.06841,3,0,0
rho\set01\rho_0.5.py,rho,1,rho,0.5,2,5,5,0.5,0.5,0.5,0.6,1.0,0.5,34.500005,40,13,46.000002,69.00001,21.433334,1,1,1001,0,ilp_v4,optimal,1,19.449819,34.322823,0.566673,0.129738,0.0,,0.129738,0.138608,3,0,0
rho\set01\rho_0.5.py,rho,1,rho,0.5,2,5,5,0.5,0.5,0.5,0.6,1.0,0.5,34.500005,40,13,46.000002,69.00001,21.433334,1,1,1001,0,greedy_sps_baseline,infeasible,0,,46.000002,,0.000346,,over budget: E=46.0000 > B=34.5000,0.000346,0.000419,3,0,0
rho\set01\rho_0.6.py,rho,1,rho,0.6,2,5,5,0.5,0.5,0.6,0.6,1.0,0.5,41.400006,40,13,46.000002,69.00001,21.433334,1,1,1001,0,ilp_v2,optimal,1,31.478545,41.386355,0.760602,0.022888,0.0,,0.022888,0.024331,3,0,0
rho\set01\rho_0.6.py,rho,1,rho,0.6,2,5,5,0.5,0.5,0.6,0.6,1.0,0.5,41.400006,40,13,46.000002,69.00001,21.433334,1,1,1001,0,ilp_v3,optimal,1,24.821602,41.333974,0.600513,0.070076,0.0,,0.070076,0.075552,3,0,0
rho\set01\rho_0.6.py,rho,1,rho,0.6,2,5,5,0.5,0.5,0.6,0.6,1.0,0.5,41.400006,40,13,46.000002,69.00001,21.433334,1,1,1001,0,ilp_v4,optimal,1,32.559722,41.39986,0.786469,0.16759,2.9e-05,,0.16759,0.176042,3,0,0
rho\set01\rho_0.6.py,rho,1,rho,0.6,2,5,5,0.5,0.5,0.6,0.6,1.0,0.5,41.400006,40,13,46.000002,69.00001,21.433334,1,1,1001,0,greedy_sps_baseline,infeasible,0,,46.000002,,0.000337,,over budget: E=46.0000 > B=41.4000,0.000337,0.000421,3,0,0
rho\set01\rho_0.7.py,rho,1,rho,0.7,2,5,5,0.5,0.5,0.7,0.6,1.0,0.5,48.300007,40,13,46.000002,69.00001,21.433334,1,1,1001,0,ilp_v2,optimal,1,44.434702,48.263013,0.920678,0.026002,0.0,,0.026002,0.030578,3,0,0
rho\set01\rho_0.7.py,rho,1,rho,0.7,2,5,5,0.5,0.5,0.7,0.6,1.0,0.5,48.300007,40,13,46.000002,69.00001,21.433334,1,1,1001,0,ilp_v3,optimal,1,38.281158,48.280096,0.792897,0.158168,0.0,,0.158168,0.160995,3,0,0
rho\set01\rho_0.7.py,rho,1,rho,0.7,2,5,5,0.5,0.5,0.7,0.6,1.0,0.5,48.300007,40,13,46.000002,69.00001,21.433334,1,1,1001,0,ilp_v4,optimal,1,45.172125,48.226295,0.93667,0.111803,0.0,,0.111803,0.118997,3,0,0
rho\set01\rho_0.7.py,rho,1,rho,0.7,2,5,5,0.5,0.5,0.7,0.6,1.0,0.5,48.300007,40,13,46.000002,69.00001,21.433334,1,1,1001,0,greedy_sps_baseline,solved,1,6.057065,48.182155,0.125712,0.002688,,,0.002688,0.002906,3,0,0
rho\set01\rho_0.8.py,rho,1,rho,0.8,2,5,5,0.5,0.5,0.8,0.6,1.0,0.5,55.200008,40,13,46.000002,69.00001,21.433334,1,1,1001,0,ilp_v2,optimal,1,51.059243,54.994278,0.928446,0.00695,0.0,,0.00695,0.007285,3,0,0
rho\set01\rho_0.8.py,rho,1,rho,0.8,2,5,5,0.5,0.5,0.8,0.6,1.0,0.5,55.200008,40,13,46.000002,69.00001,21.433334,1,1,1001,0,ilp_v3,optimal,1,50.48879,55.139284,0.915659,0.011564,0.0,,0.011564,0.012167,3,0,0
rho\set01\rho_0.8.py,rho,1,rho,0.8,2,5,5,0.5,0.5,0.8,0.6,1.0,0.5,55.200008,40,13,46.000002,69.00001,21.433334,1,1,1001,0,ilp_v4,optimal,1,51.059243,54.786335,0.93197,0.054076,0.0,,0.054076,0.054804,3,0,0
rho\set01\rho_0.8.py,rho,1,rho,0.8,2,5,5,0.5,0.5,0.8,0.6,1.0,0.5,55.200008,40,13,46.000002,69.00001,21.433334,1,1,1001,0,greedy_sps_baseline,solved,1,23.224445,55.058678,0.421813,0.003563,,,0.003563,0.00374,3,0,0
rho\set01\rho_0.9.py,rho,1,rho,0.9,2,5,5,0.5,0.5,0.9,0.6,1.0,0.5,62.100009,40,13,46.000002,69.00001,21.433334,1,1,1001,0,ilp_v2,optimal,1,51.059243,57.170745,0.893101,0.007228,0.0,,0.007228,0.007808,3,0,0
rho\set01\rho_0.9.py,rho,1,rho,0.9,2,5,5,0.5,0.5,0.9,0.6,1.0,0.5,62.100009,40,13,46.000002,69.00001,21.433334,1,1,1001,0,ilp_v3,optimal,1,51.059243,61.637293,0.828382,0.007274,0.0,,0.007274,0.007507,3,0,0
rho\set01\rho_0.9.py,rho,1,rho,0.9,2,5,5,0.5,0.5,0.9,0.6,1.0,0.5,62.100009,40,13,46.000002,69.00001,21.433334,1,1,1001,0,ilp_v4,optimal,1,51.059243,61.850141,0.825532,0.028068,0.0,,0.028068,0.030095,3,0,0
rho\set01\rho_0.9.py,rho,1,rho,0.9,2,5,5,0.5,0.5,0.9,0.6,1.0,0.5,62.100009,40,13,46.000002,69.00001,21.433334,1,1,1001,0,greedy_sps_baseline,solved,1,37.297825,62.024595,0.601339,0.003547,,,0.003547,0.00468,3,0,0
rho\set01\rho_1.py,rho,1,rho,1,2,5,5,0.5,0.5,1.0,0.6,1.0,0.5,69.00001,40,13,46.000002,69.00001,21.433334,1,1,1001,0,ilp_v2,optimal,1,51.059243,67.022415,0.761823,0.00445,0.0,,0.00445,0.00494,3,0,0
rho\set01\rho_1.py,rho,1,rho,1,2,5,5,0.5,0.5,1.0,0.6,1.0,0.5,69.00001,40,13,46.000002,69.00001,21.433334,1,1,1001,0,ilp_v3,optimal,1,51.059243,64.109601,0.796437,0.006681,0.0,,0.006681,0.007001,3,0,0
rho\set01\rho_1.py,rho,1,rho,1,2,5,5,0.5,0.5,1.0,0.6,1.0,0.5,69.00001,40,13,46.000002,69.00001,21.433334,1,1,1001,0,ilp_v4,optimal,1,51.059243,67.624201,0.755044,0.020466,0.0,,0.020466,0.020638,3,0,0
rho\set01\rho_1.py,rho,1,rho,1,2,5,5,0.5,0.5,1.0,0.6,1.0,0.5,69.00001,40,13,46.000002,69.00001,21.433334,1,1,1001,0,greedy_sps_baseline,solved,1,50.48879,68.577098,0.736234,0.003763,,,0.003763,0.004674,3,0,0
rho\set02\rho_0.2.py,rho,2,rho,0.2,2,5,5,0.5,0.5,0.2,0.6,1.0,0.5,13.8,40,11,46.000001,69.000001,21.400001,1,1,1002,0,ilp_v2,infeasible,0,,,,0.001813,,,0.001813,0.002071,3,0,0
rho\set02\rho_0.2.py,rho,2,rho,0.2,2,5,5,0.5,0.5,0.2,0.6,1.0,0.5,13.8,40,11,46.000001,69.000001,21.400001,1,1,1002,0,ilp_v3,infeasible,0,,,,0.001852,,,0.001852,0.00254,3,0,0
rho\set02\rho_0.2.py,rho,2,rho,0.2,2,5,5,0.5,0.5,0.2,0.6,1.0,0.5,13.8,40,11,46.000001,69.000001,21.400001,1,1,1002,0,ilp_v4,infeasible,0,,,,0.001847,,,0.001847,0.002169,3,0,0
rho\set02\rho_0.2.py,rho,2,rho,0.2,2,5,5,0.5,0.5,0.2,0.6,1.0,0.5,13.8,40,11,46.000001,69.000001,21.400001,1,1,1002,0,greedy_sps_baseline,infeasible,0,,46.000001,,0.000274,,over budget: E=46.0000 > B=13.8000,0.000274,0.000343,3,0,0
rho\set02\rho_0.3.py,rho,2,rho,0.3,2,5,5,0.5,0.5,0.3,0.6,1.0,0.5,20.7,40,11,46.000001,69.000001,21.400001,1,1,1002,0,ilp_v2,infeasible,0,,,,0.001807,,,0.001807,0.002082,3,0,0
rho\set02\rho_0.3.py,rho,2,rho,0.3,2,5,5,0.5,0.5,0.3,0.6,1.0,0.5,20.7,40,11,46.000001,69.000001,21.400001,1,1,1002,0,ilp_v3,infeasible,0,,,,0.001801,,,0.001801,0.001841,3,0,0
rho\set02\rho_0.3.py,rho,2,rho,0.3,2,5,5,0.5,0.5,0.3,0.6,1.0,0.5,20.7,40,11,46.000001,69.000001,21.400001,1,1,1002,0,ilp_v4,infeasible,0,,,,0.001859,,,0.001859,0.002295,3,0,0
rho\set02\rho_0.3.py,rho,2,rho,0.3,2,5,5,0.5,0.5,0.3,0.6,1.0,0.5,20.7,40,11,46.000001,69.000001,21.400001,1,1,1002,0,greedy_sps_baseline,infeasible,0,,46.000001,,0.000362,,over budget: E=46.0000 > B=20.7000,0.000362,0.000706,3,0,0
rho\set02\rho_0.4.py,rho,2,rho,0.4,2,5,5,0.5,0.5,0.4,0.6,1.0,0.5,27.6,40,11,46.000001,69.000001,21.400001,1,1,1002,0,ilp_v2,optimal,1,21.970879,27.598043,0.796103,0.018371,0.0,,0.018371,0.019123,3,0,0
rho\set02\rho_0.4.py,rho,2,rho,0.4,2,5,5,0.5,0.5,0.4,0.6,1.0,0.5,27.6,40,11,46.000001,69.000001,21.400001,1,1,1002,0,ilp_v3,optimal,1,21.970879,27.598043,0.796103,0.018355,0.0,,0.018355,0.020412,3,0,0
rho\set02\rho_0.4.py,rho,2,rho,0.4,2,5,5,0.5,0.5,0.4,0.6,1.0,0.5,27.6,40,11,46.000001,69.000001,21.400001,1,1,1002,0,ilp_v4,optimal,1,23.236059,27.573072,0.842708,0.05801,0.0,,0.05801,0.060792,3,0,0
rho\set02\rho_0.4.py,rho,2,rho,0.4,2,5,5,0.5,0.5,0.4,0.6,1.0,0.5,27.6,40,11,46.000001,69.000001,21.400001,1,1,1002,0,greedy_sps_baseline,infeasible,0,,46.000001,,0.000343,,over budget: E=46.0000 > B=27.6000,0.000343,0.000532,3,0,0
rho\set02\rho_0.5.py,rho,2,rho,0.5,2,5,5,0.5,0.5,0.5,0.6,1.0,0.5,34.500001,40,11,46.000001,69.000001,21.400001,1,1,1002,0,ilp_v2,optimal,1,47.305903,34.414913,1.374576,0.013676,0.0,,0.013676,0.014669,3,0,0
rho\set02\rho_0.5.py,rho,2,rho,0.5,2,5,5,0.5,0.5,0.5,0.6,1.0,0.5,34.500001,40,11,46.000001,69.000001,21.400001,1,1,1002,0,ilp_v3,optimal,1,32.914159,33.769449,0.974673,0.024427,0.0,,0.024427,0.026539,3,0,0
rho\set02\rho_0.5.py,rho,2,rho,0.5,2,5,5,0.5,0.5,0.5,0.6,1.0,0.5,34.500001,40,11,46.000001,69.000001,21.400001,1,1,1002,0,ilp_v4,optimal,1,47.305903,34.414913,1.374576,0.03114,0.0,,0.03114,0.033676,3,0,0
rho\set02\rho_0.5.py,rho,2,rho,0.5,2,5,5,0.5,0.5,0.5,0.6,1.0,0.5,34.500001,40,11,46.000001,69.000001,21.400001,1,1,1002,0,greedy_sps_baseline,infeasible,0,,46.000001,,0.000292,,over budget: E=46.0000 > B=34.5000,0.000292,0.000382,3,0,0
rho\set02\rho_0.6.py,rho,2,rho,0.6,2,5,5,0.5,0.5,0.6,0.6,1.0,0.5,41.400001,40,11,46.000001,69.000001,21.400001,1,1,1002,0,ilp_v2,optimal,1,59.788005,41.318741,1.446995,0.013084,0.0,,0.013084,0.013536,3,0,0
rho\set02\rho_0.6.py,rho,2,rho,0.6,2,5,5,0.5,0.5,0.6,0.6,1.0,0.5,41.400001,40,11,46.000001,69.000001,21.400001,1,1,1002,0,ilp_v3,optimal,1,47.305903,41.100437,1.150983,0.019844,0.0,,0.019844,0.022983,3,0,0
rho\set02\rho_0.6.py,rho,2,rho,0.6,2,5,5,0.5,0.5,0.6,0.6,1.0,0.5,41.400001,40,11,46.000001,69.000001,21.400001,1,1,1002,0,ilp_v4,optimal,1,59.788005,41.318741,1.446995,0.026158,0.0,,0.026158,0.026502,3,0,0
rho\set02\rho_0.6.py,rho,2,rho,0.6,2,5,5,0.5,0.5,0.6,0.6,1.0,0.5,41.400001,40,11,46.000001,69.000001,21.400001,1,1,1002,0,greedy_sps_baseline,infeasible,0,,46.000001,,0.000339,,over budget: E=46.0000 > B=41.4000,0.000339,0.000442,3,0,0
rho\set02\rho_0.7.py,rho,2,rho,0.7,2,5,5,0.5,0.5,0.7,0.6,1.0,0.5,48.300001,40,11,46.000001,69.000001,21.400001,1,1,1002,0,ilp_v2,optimal,1,68.404718,47.739505,1.432874,0.013428,0.0,,0.013428,0.014043,3,0,0
rho\set02\rho_0.7.py,rho,2,rho,0.7,2,5,5,0.5,0.5,0.7,0.6,1.0,0.5,48.300001,40,11,46.000001,69.000001,21.400001,1,1,1002,0,ilp_v3,optimal,1,60.599474,48.298349,1.25469,0.019546,5.8e-05,,0.019546,0.020161,3,0,0
rho\set02\rho_0.7.py,rho,2,rho,0.7,2,5,5,0.5,0.5,0.7,0.6,1.0,0.5,48.300001,40,11,46.000001,69.000001,21.400001,1,1,1002,0,ilp_v4,optimal,1,69.490474,47.197065,1.472347,0.026292,0.0,,0.026292,0.030018,3,0,0
rho\set02\rho_0.7.py,rho,2,rho,0.7,2,5,5,0.5,0.5,0.7,0.6,1.0,0.5,48.300001,40,11,46.000001,69.000001,21.400001,1,1,1002,0,greedy_sps_baseline,solved,1,8.500133,48.282551,0.17605,0.00068,,,0.00068,0.001023,3,0,0
rho\set02\rho_0.8.py,rho,2,rho,0.8,2,5,5,0.5,0.5,0.8,0.6,1.0,0.5,55.200001,40,11,46.000001,69.000001,21.400001,1,1,1002,0,ilp_v2,optimal,1,70.586681,55.103376,1.280987,0.005529,0.0,,0.005529,0.007102,3,0,0
rho\set02\rho_0.8.py,rho,2,rho,0.8,2,5,5,0.5,0.5,0.8,0.6,1.0,0.5,55.200001,40,11,46.000001,69.000001,21.400001,1,1,1002,0,ilp_v3,optimal,1,66.204897,54.04421,1.225014,0.011072,0.0,,0.011072,0.011466,3,0,0
rho\set02\rho_0.8.py,rho,2,rho,0.8,2,5,5,0.5,0.5,0.8,0.6,1.0,0.5,55.200001,40,11,46.000001,69.000001,21.400001,1,1,1002,0,ilp_v4,optimal,1,70.586681,54.6553,1.291488,0.013643,0.0,,0.013643,0.013973,3,0,0
rho\set02\rho_0.8.py,rho,2,rho,0.8,2,5,5,0.5,0.5,0.8,0.6,1.0,0.5,55.200001,40,11,46.000001,69.000001,21.400001,1,1,1002,0,greedy_sps_baseline,solved,1,31.018377,55.037104,0.56359,0.001147,,,0.001147,0.001244,3,0,0
rho\set02\rho_0.9.py,rho,2,rho,0.9,2,5,5,0.5,0.5,0.9,0.6,1.0,0.5,62.100001,40,11,46.000001,69.000001,21.400001,1,1,1002,0,ilp_v2,optimal,1,70.586681,61.641179,1.145122,0.005099,0.0,,0.005099,0.005539,3,0,0
rho\set02\rho_0.9.py,rho,2,rho,0.9,2,5,5,0.5,0.5,0.9,0.6,1.0,0.5,62.100001,40,11,46.000001,69.000001,21.400001,1,1,1002,0,ilp_v3,optimal,1,69.954091,61.543696,1.136657,0.006458,0.0,,0.006458,0.006845,3,0,0
rho\set02\rho_0.9.py,rho,2,rho,0.9,2,5,5,0.5,0.5,0.9,0.6,1.0,0.5,62.100001,40,11,46.000001,69.000001,21.400001,1,1,1002,0,ilp_v4,optimal,1,70.586681,60.619861,1.164415,0.011675,0.0,,0.011675,0.012126,3,0,0
rho\set02\rho_0.9.py,rho,2,rho,0.9,2,5,5,0.5,0.5,0.9,0.6,1.0,0.5,62.100001,40,11,46.000001,69.000001,21.400001,1,1,1002,0,greedy_sps_baseline,solved,1,56.102533,61.406027,0.913632,0.001238,,,0.001238,0.001319,3,0,0
rho\set02\rho_1.py,rho,2,rho,1,2,5,5,0.5,0.5,1.0,0.6,1.0,0.5,69.000001,40,11,46.000001,69.000001,21.400001,1,1,1002,0,ilp_v2,optimal,1,70.586681,62.911555,1.121999,0.00481,0.0,,0.00481,0.005296,3,0,0
rho\set02\rho_1.py,rho,2,rho,1,2,5,5,0.5,0.5,1.0,0.6,1.0,0.5,69.000001,40,11,46.000001,69.000001,21.400001,1,1,1002,0,ilp_v3,optimal,1,70.586681,68.976655,1.023342,0.00274,0.0,,0.00274,0.0033,3,0,0
rho\set02\rho_1.py,rho,2,rho,1,2,5,5,0.5,0.5,1.0,0.6,1.0,0.5,69.000001,40,11,46.000001,69.000001,21.400001,1,1,1002,0,ilp_v4,optimal,1,70.586681,60.680373,1.163254,0.008526,0.0,,0.008526,0.009652,3,0,0
rho\set02\rho_1.py,rho,2,rho,1,2,5,5,0.5,0.5,1.0,0.6,1.0,0.5,69.000001,40,11,46.000001,69.000001,21.400001,1,1,1002,0,greedy_sps_baseline,solved,1,69.490474,68.020484,1.021611,0.001304,,,0.001304,0.00138,3,0,0
rho\set03\rho_0.2.py,rho,3,rho,0.2,2,5,5,0.5,0.5,0.2,0.6,1.0,0.5,13.8,40,10,46.0,68.999999,21.433333,1,1,1003,0,ilp_v2,infeasible,0,,,,0.002206,,,0.002206,0.002432,3,0,0
rho\set03\rho_0.2.py,rho,3,rho,0.2,2,5,5,0.5,0.5,0.2,0.6,1.0,0.5,13.8,40,10,46.0,68.999999,21.433333,1,1,1003,0,ilp_v3,infeasible,0,,,,0.002143,,,0.002143,0.002193,3,0,0
rho\set03\rho_0.2.py,rho,3,rho,0.2,2,5,5,0.5,0.5,0.2,0.6,1.0,0.5,13.8,40,10,46.0,68.999999,21.433333,1,1,1003,0,ilp_v4,infeasible,0,,,,0.002797,,,0.002797,0.002936,3,0,0
rho\set03\rho_0.2.py,rho,3,rho,0.2,2,5,5,0.5,0.5,0.2,0.6,1.0,0.5,13.8,40,10,46.0,68.999999,21.433333,1,1,1003,0,greedy_sps_baseline,infeasible,0,,46.0,,0.000276,,over budget: E=46.0000 > B=13.8000,0.000276,0.000365,3,0,0
rho\set03\rho_0.3.py,rho,3,rho,0.3,2,5,5,0.5,0.5,0.3,0.6,1.0,0.5,20.7,40,10,46.0,68.999999,21.433333,1,1,1003,0,ilp_v2,infeasible,0,,,,0.00219,,,0.00219,0.002291,3,0,0
rho\set03\rho_0.3.py,rho,3,rho,0.3,2,5,5,0.5,0.5,0.3,0.6,1.0,0.5,20.7,40,10,46.0,68.999999,21.433333,1,1,1003,0,ilp_v3,infeasible,0,,,,0.002223,,,0.002223,0.003866,3,0,0
rho\set03\rho_0.3.py,rho,3,rho,0.3,2,5,5,0.5,0.5,0.3,0.6,1.0,0.5,20.7,40,10,46.0,68.999999,21.433333,1,1,1003,0,ilp_v4,infeasible,0,,,,0.002318,,,0.002318,0.002961,3,0,0
rho\set03\rho_0.3.py,rho,3,rho,0.3,2,5,5,0.5,0.5,0.3,0.6,1.0,0.5,20.7,40,10,46.0,68.999999,21.433333,1,1,1003,0,greedy_sps_baseline,infeasible,0,,46.0,,0.000268,,over budget: E=46.0000 > B=20.7000,0.000268,0.000371,3,0,0
rho\set03\rho_0.4.py,rho,3,rho,0.4,2,5,5,0.5,0.5,0.4,0.6,1.0,0.5,27.6,40,10,46.0,68.999999,21.433333,1,1,1003,0,ilp_v2,optimal,1,20.349986,27.579766,0.737859,0.09945,0.0,,0.09945,0.101939,3,0,0
rho\set03\rho_0.4.py,rho,3,rho,0.4,2,5,5,0.5,0.5,0.4,0.6,1.0,0.5,27.6,40,10,46.0,68.999999,21.433333,1,1,1003,0,ilp_v3,optimal,1,20.349986,27.579766,0.737859,0.096015,0.0,,0.096015,0.102385,3,0,0
rho\set03\rho_0.4.py,rho,3,rho,0.4,2,5,5,0.5,0.5,0.4,0.6,1.0,0.5,27.6,40,10,46.0,68.999999,21.433333,1,1,1003,0,ilp_v4,optimal,1,21.241627,27.59827,0.769672,0.150714,0.0,,0.150714,0.154568,3,0,0
rho\set03\rho_0.4.py,rho,3,rho,0.4,2,5,5,0.5,0.5,0.4,0.6,1.0,0.5,27.6,40,10,46.0,68.999999,21.433333,1,1,1003,0,greedy_sps_baseline,infeasible,0,,46.0,,0.000353,,over budget: E=46.0000 > B=27.6000,0.000353,0.000478,3,0,0
rho\set03\rho_0.5.py,rho,3,rho,0.5,2,5,5,0.5,0.5,0.5,0.6,1.0,0.5,34.499999,40,10,46.0,68.999999,21.433333,1,1,1003,0,ilp_v2,optimal,1,45.118351,34.492634,1.308058,0.151181,0.0,,0.151181,0.156689,3,0,0
rho\set03\rho_0.5.py,rho,3,rho,0.5,2,5,5,0.5,0.5,0.5,0.6,1.0,0.5,34.499999,40,10,46.0,68.999999,21.433333,1,1,1003,0,ilp_v3,optimal,1,44.249717,34.467412,1.283813,0.019767,0.0,,0.019767,0.021802,3,0,0
rho\set03\rho_0.5.py,rho,3,rho,0.5,2,5,5,0.5,0.5,0.5,0.6,1.0,0.5,34.499999,40,10,46.0,68.999999,21.433333,1,1,1003,0,ilp_v4,optimal,1,43.404137,34.497648,1.258177,0.100457,0.0,,0.100457,0.105463,3,0,0
rho\set03\rho_0.5.py,rho,3,rho,0.5,2,5,5,0.5,0.5,0.5,0.6,1.0,0.5,34.499999,40,10,46.0,68.999999,21.433333,1,1,1003,0,greedy_sps_baseline,infeasible,0,,46.0,,0.000316,,over budget: E=46.0000 > B=34.5000,0.000316,0.000446,3,0,0
rho\set03\rho_0.6.py,rho,3,rho,0.6,2,5,5,0.5,0.5,0.6,0.6,1.0,0.5,41.399999,40,10,46.0,68.999999,21.433333,1,1,1003,0,ilp_v2,optimal,1,59.998607,41.252872,1.45441,0.100231,0.0,,0.100231,0.108081,3,0,0
rho\set03\rho_0.6.py,rho,3,rho,0.6,2,5,5,0.5,0.5,0.6,0.6,1.0,0.5,41.399999,40,10,46.0,68.999999,21.433333,1,1,1003,0,ilp_v3,optimal,1,58.022942,41.369124,1.402566,0.066689,0.0,,0.066689,0.069506,3,0,0
rho\set03\rho_0.6.py,rho,3,rho,0.6,2,5,5,0.5,0.5,0.6,0.6,1.0,0.5,41.399999,40,10,46.0,68.999999,21.433333,1,1,1003,0,ilp_v4,optimal,1,59.700438,41.111464,1.45216,0.106955,0.0,,0.106955,0.116179,3,0,0
rho\set03\rho_0.6.py,rho,3,rho,0.6,2,5,5,0.5,0.5,0.6,0.6,1.0,0.5,41.399999,40,10,46.0,68.999999,21.433333,1,1,1003,0,greedy_sps_baseline,infeasible,0,,46.0,,0.000337,,over budget: E=46.0000 > B=41.4000,0.000337,0.000465,3,0,0
rho\set03\rho_0.7.py,rho,3,rho,0.7,2,5,5,0.5,0.5,0.7,0.6,1.0,0.5,48.299999,40,10,46.0,68.999999,21.433333,1,1,1003,0,ilp_v2,optimal,1,65.652181,48.288722,1.359576,0.017646,0.0,,0.017646,0.018227,3,0,0
rho\set03\rho_0.7.py,rho,3,rho,0.7,2,5,5,0.5,0.5,0.7,0.6,1.0,0.5,48.299999,40,10,46.0,68.999999,21.433333,1,1,1003,0,ilp_v3,optimal,1,62.894954,48.298718,1.302208,0.047409,0.0,,0.047409,0.051478,3,0,0
rho\set03\rho_0.7.py,rho,3,rho,0.7,2,5,5,0.5,0.5,0.7,0.6,1.0,0.5,48.299999,40,10,46.0,68.999999,21.433333,1,1,1003,0,ilp_v4,optimal,1,65.814743,48.274164,1.363353,0.043125,0.0,,0.043125,0.047836,3,0,0
rho\set03\rho_0.7.py,rho,3,rho,0.7,2,5,5,0.5,0.5,0.7,0.6,1.0,0.5,48.299999,40,10,46.0,68.999999,21.433333,1,1,1003,0,greedy_sps_baseline,solved,1,3.970118,48.2699,0.082248,0.000684,,,0.000684,0.000831,3,0,0
rho\set03\rho_0.8.py,rho,3,rho,0.8,2,5,5,0.5,0.5,0.8,0.6,1.0,0.5,55.199999,40,10,46.0,68.999999,21.433333,1,1,1003,0,ilp_v2,optimal,1,66.121629,54.471193,1.213883,0.007152,0.0,,0.007152,0.008327,3,0,0
rho\set03\rho_0.8.py,rho,3,rho,0.8,2,5,5,0.5,0.5,0.8,0.6,1.0,0.5,55.199999,40,10,46.0,68.999999,21.433333,1,1,1003,0,ilp_v3,optimal,1,66.121629,55.09519,1.200134,0.005938,0.0,,0.005938,0.006388,3,0,0
rho\set03\rho_0.8.py,rho,3,rho,0.8,2,5,5,0.5,0.5,0.8,0.6,1.0,0.5,55.199999,40,10,46.0,68.999999,21.433333,1,1,1003,0,ilp_v4,optimal,1,66.121629,55.151932,1.1989,0.024237,0.0,,0.024237,0.026089,3,0,0
rho\set03\rho_0.8.py,rho,3,rho,0.8,2,5,5,0.5,0.5,0.8,0.6,1.0,0.5,55.199999,40,10,46.0,68.999999,21.433333,1,1,1003,0,greedy_sps_baseline,solved,1,30.460851,55.091799,0.552911,0.000805,,,0.000805,0.00093,3,0,0
rho\set03\rho_0.9.py,rho,3,rho,0.9,2,5,5,0.5,0.5,0.9,0.6,1.0,0.5,62.099999,40,10,46.0,68.999999,21.433333,1,1,1003,0,ilp_v2,optimal,1,66.121629,52.161042,1.267644,0.006488,0.0,,0.006488,0.008353,3,0,0
rho\set03\rho_0.9.py,rho,3,rho,0.9,2,5,5,0.5,0.5,0.9,0.6,1.0,0.5,62.099999,40,10,46.0,68.999999,21.433333,1,1,1003,0,ilp_v3,optimal,1,66.121629,61.971282,1.066972,0.006027,0.0,,0.006027,0.006449,3,0,0
rho\set03\rho_0.9.py,rho,3,rho,0.9,2,5,5,0.5,0.5,0.9,0.6,1.0,0.5,62.099999,40,10,46.0,68.999999,21.433333,1,1,1003,0,ilp_v4,optimal,1,66.121629,52.161042,1.267644,0.014644,0.0,,0.014644,0.016133,3,0,0
rho\set03\rho_0.9.py,rho,3,rho,0.9,2,5,5,0.5,0.5,0.9,0.6,1.0,0.5,62.099999,40,10,46.0,68.999999,21.433333,1,1,1003,0,greedy_sps_baseline,solved,1,51.492707,62.033205,0.830083,0.001003,,,0.001003,0.00109,3,0,0
rho\set03\rho_1.py,rho,3,rho,1,2,5,5,0.5,0.5,1.0,0.6,1.0,0.5,68.999999,40,10,46.0,68.999999,21.433333,1,1,1003,0,ilp_v2,optimal,1,66.121629,68.999999,0.958284,0.002949,0.0,,0.002949,0.003142,3,0,0
rho\set03\rho_1.py,rho,3,rho,1,2,5,5,0.5,0.5,1.0,0.6,1.0,0.5,68.999999,40,10,46.0,68.999999,21.433333,1,1,1003,0,ilp_v3,optimal,1,66.121629,68.999999,0.958284,0.002894,0.0,,0.002894,0.003099,3,0,0
rho\set03\rho_1.py,rho,3,rho,1,2,5,5,0.5,0.5,1.0,0.6,1.0,0.5,68.999999,40,10,46.0,68.999999,21.433333,1,1,1003,0,ilp_v4,optimal,1,66.121629,68.999999,0.958284,0.009321,0.0,,0.009321,0.010018,3,0,0
rho\set03\rho_1.py,rho,3,rho,1,2,5,5,0.5,0.5,1.0,0.6,1.0,0.5,68.999999,40,10,46.0,68.999999,21.433333,1,1,1003,0,greedy_sps_baseline,solved,1,66.121629,68.999999,0.958284,0.001974,,,0.001974,0.002317,3,0,0
rho\set04\rho_0.2.py,rho,4,rho,0.2,2,5,5,0.5,0.5,0.2,0.6,1.0,0.5,13.8,40,13,46.000002,69.0,22.042858,1,1,1004,0,ilp_v2,infeasible,0,,,,0.002787,,,0.002787,0.003165,3,0,0
rho\set04\rho_0.2.py,rho,4,rho,0.2,2,5,5,0.5,0.5,0.2,0.6,1.0,0.5,13.8,40,13,46.000002,69.0,22.042858,1,1,1004,0,ilp_v3,infeasible,0,,,,0.002771,,,0.002771,0.00282,3,0,0
rho\set04\rho_0.2.py,rho,4,rho,0.2,2,5,5,0.5,0.5,0.2,0.6,1.0,0.5,13.8,40,13,46.000002,69.0,22.042858,1,1,1004,0,ilp_v4,infeasible,0,,,,0.002871,,,0.002871,0.003534,3,0,0
rho\set04\rho_0.2.py,rho,4,rho,0.2,2,5,5,0.5,0.5,0.2,0.6,1.0,0.5,13.8,40,13,46.000002,69.0,22.042858,1,1,1004,0,greedy_sps_baseline,infeasible,0,,46.000002,,0.00031,,over budget: E=46.0000 > B=13.8000,0.00031,0.000388,3,0,0
rho\set04\rho_0.3.py,rho,4,rho,0.3,2,5,5,0.5,0.5,0.3,0.6,1.0,0.5,20.7,40,13,46.000002,69.0,22.042858,1,1,1004,0,ilp_v2,infeasible,0,,,,0.003033,,,0.003033,0.003156,3,0,0
rho\set04\rho_0.3.py,rho,4,rho,0.3,2,5,5,0.5,0.5,0.3,0.6,1.0,0.5,20.7,40,13,46.000002,69.0,22.042858,1,1,1004,0,ilp_v3,infeasible,0,,,,0.002724,,,0.002724,0.002796,3,0,0
rho\set04\rho_0.3.py,rho,4,rho,0.3,2,5,5,0.5,0.5,0.3,0.6,1.0,0.5,20.7,40,13,46.000002,69.0,22.042858,1,1,1004,0,ilp_v4,infeasible,0,,,,0.002858,,,0.002858,0.003294,3,0,0
rho\set04\rho_0.3.py,rho,4,rho,0.3,2,5,5,0.5,0.5,0.3,0.6,1.0,0.5,20.7,40,13,46.000002,69.0,22.042858,1,1,1004,0,greedy_sps_baseline,infeasible,0,,46.000002,,0.000321,,over budget: E=46.0000 > B=20.7000,0.000321,0.000388,3,0,0
rho\set04\rho_0.4.py,rho,4,rho,0.4,2,5,5,0.5,0.5,0.4,0.6,1.0,0.5,27.6,40,13,46.000002,69.0,22.042858,1,1,1004,0,ilp_v2,optimal,1,15.315985,27.595341,0.555021,0.054799,0.0,,0.054799,0.06002,3,0,0
rho\set04\rho_0.4.py,rho,4,rho,0.4,2,5,5,0.5,0.5,0.4,0.6,1.0,0.5,27.6,40,13,46.000002,69.0,22.042858,1,1,1004,0,ilp_v3,optimal,1,19.8586,27.590977,0.71975,0.025175,0.0,,0.025175,0.028146,3,0,0
rho\set04\rho_0.4.py,rho,4,rho,0.4,2,5,5,0.5,0.5,0.4,0.6,1.0,0.5,27.6,40,13,46.000002,69.0,22.042858,1,1,1004,0,ilp_v4,optimal,1,15.988875,27.599055,0.579327,0.124254,0.0,,0.124254,0.129159,3,0,0
rho\set04\rho_0.4.py,rho,4,rho,0.4,2,5,5,0.5,0.5,0.4,0.6,1.0,0.5,27.6,40,13,46.000002,69.0,22.042858,1,1,1004,0,greedy_sps_baseline,infeasible,0,,46.000002,,0.000413,,over budget: E=46.0000 > B=27.6000,0.000413,0.000429,3,0,0
rho\set04\rho_0.5.py,rho,4,rho,0.5,2,5,5,0.5,0.5,0.5,0.6,1.0,0.5,34.5,40,13,46.000002,69.0,22.042858,1,1,1004,0,ilp_v2,optimal,1,36.207905,34.473602,1.050308,0.025848,0.0,,0.025848,0.026489,3,0,0
rho\set04\rho_0.5.py,rho,4,rho,0.5,2,5,5,0.5,0.5,0.5,0.6,1.0,0.5,34.5,40,13,46.000002,69.0,22.042858,1,1,1004,0,ilp_v3,optimal,1,41.057687,34.495851,1.190221,0.033038,0.0,,0.033038,0.036265,3,0,0
rho\set04\rho_0.5.py,rho,4,rho,0.5,2,5,5,0.5,0.5,0.5,0.6,1.0,0.5,34.5,40,13,46.000002,69.0,22.042858,1,1,1004,0,ilp_v4,optimal,1,37.19409,34.451609,1.079604,0.18233,0.0,,0.18233,0.191195,3,0,0
rho\set04\rho_0.5.py,rho,4,rho,0.5,2,5,5,0.5,0.5,0.5,0.6,1.0,0.5,34.5,40,13,46.000002,69.0,22.042858,1,1,1004,0,greedy_sps_baseline,infeasible,0,,46.000002,,0.00038,,over budget: E=46.0000 > B=34.5000,0.00038,0.000518,3,0,0
rho\set04\rho_0.6.py,rho,4,rho,0.6,2,5,5,0.5,0.5,0.6,0.6,1.0,0.5,41.4,40,13,46.000002,69.0,22.042858,1,1,1004,0,ilp_v2,optimal,1,50.12607,41.381749,1.211309,0.080184,0.0,,0.080184,0.082307,3,0,0
rho\set04\rho_0.6.py,rho,4,rho,0.6,2,5,5,0.5,0.5,0.6,0.6,1.0,0.5,41.4,40,13,46.000002,69.0,22.042858,1,1,1004,0,ilp_v3,optimal,1,50.12607,41.381749,1.211309,0.080482,0.0,,0.080482,0.081512,3,0,0
rho\set04\rho_0.6.py,rho,4,rho,0.6,2,5,5,0.5,0.5,0.6,0.6,1.0,0.5,41.4,40,13,46.000002,69.0,22.042858,1,1,1004,0,ilp_v4,optimal,1,52.778672,41.358919,1.276113,0.084288,0.0,,0.084288,0.089949,3,0,0
rho\set04\rho_0.6.py,rho,4,rho,0.6,2,5,5,0.5,0.5,0.6,0.6,1.0,0.5,41.4,40,13,46.000002,69.0,22.042858,1,1,1004,0,greedy_sps_baseline,infeasible,0,,46.000002,,0.000343,,over budget: E=46.0000 > B=41.4000,0.000343,0.000423,3,0,0
rho\set04\rho_0.7.py,rho,4,rho,0.7,2,5,5,0.5,0.5,0.7,0.6,1.0,0.5,48.3,40,13,46.000002,69.0,22.042858,1,1,1004,0,ilp_v2,optimal,1,54.907754,48.120775,1.141041,0.024705,3.6e-05,,0.024705,0.025704,3,0,0
rho\set04\rho_0.7.py,rho,4,rho,0.7,2,5,5,0.5,0.5,0.7,0.6,1.0,0.5,48.3,40,13,46.000002,69.0,22.042858,1,1,1004,0,ilp_v3,optimal,1,56.271351,47.64706,1.181004,0.011126,0.0,,0.011126,0.011316,3,0,0
rho\set04\rho_0.7.py,rho,4,rho,0.7,2,5,5,0.5,0.5,0.7,0.6,1.0,0.5,48.3,40,13,46.000002,69.0,22.042858,1,1,1004,0,ilp_v4,optimal,1,56.483065,48.270237,1.170143,0.088869,0.0,,0.088869,0.091366,3,0,0
rho\set04\rho_0.7.py,rho,4,rho,0.7,2,5,5,0.5,0.5,0.7,0.6,1.0,0.5,48.3,40,13,46.000002,69.0,22.042858,1,1,1004,0,greedy_sps_baseline,solved,1,7.79982,48.211926,0.161782,0.000626,,,0.000626,0.00073,3,0,0
rho\set04\rho_0.8.py,rho,4,rho,0.8,2,5,5,0.5,0.5,0.8,0.6,1.0,0.5,55.2,40,13,46.000002,69.0,22.042858,1,1,1004,0,ilp_v2,optimal,1,56.900624,54.572533,1.042661,0.007398,0.0,,0.007398,0.0082,3,0,0
rho\set04\rho_0.8.py,rho,4,rho,0.8,2,5,5,0.5,0.5,0.8,0.6,1.0,0.5,55.2,40,13,46.000002,69.0,22.042858,1,1,1004,0,ilp_v3,optimal,1,56.900624,55.101386,1.032653,0.011466,0.0,,0.011466,0.012196,3,0,0
rho\set04\rho_0.8.py,rho,4,rho,0.8,2,5,5,0.5,0.5,0.8,0.6,1.0,0.5,55.2,40,13,46.000002,69.0,22.042858,1,1,1004,0,ilp_v4,optimal,1,55.978206,53.949041,1.037613,0.033868,0.0,,0.033868,0.035887,3,0,0
rho\set04\rho_0.8.py,rho,4,rho,0.8,2,5,5,0.5,0.5,0.8,0.6,1.0,0.5,55.2,40,13,46.000002,69.0,22.042858,1,1,1004,0,greedy_sps_baseline,solved,1,30.335041,55.17635,0.549783,0.001741,,,0.001741,0.001839,3,0,0
rho\set04\rho_0.9.py,rho,4,rho,0.9,2,5,5,0.5,0.5,0.9,0.6,1.0,0.5,62.1,40,13,46.000002,69.0,22.042858,1,1,1004,0,ilp_v2,optimal,1,56.900624,58.674634,0.969765,0.008497,0.0,,0.008497,0.008857,3,0,0
rho\set04\rho_0.9.py,rho,4,rho,0.9,2,5,5,0.5,0.5,0.9,0.6,1.0,0.5,62.1,40,13,46.000002,69.0,22.042858,1,1,1004,0,ilp_v3,optimal,1,56.900624,58.674634,0.969765,0.007239,0.0,,0.007239,0.007948,3,0,0
rho\set04\rho_0.9.py,rho,4,rho,0.9,2,5,5,0.5,0.5,0.9,0.6,1.0,0.5,62.1,40,13,46.000002,69.0,22.042858,1,1,1004,0,ilp_v4,optimal,1,56.900624,58.674634,0.969765,0.025361,0.0,,0.025361,0.028058,3,0,0
rho\set04\rho_0.9.py,rho,4,rho,0.9,2,5,5,0.5,0.5,0.9,0.6,1.0,0.5,62.1,40,13,46.000002,69.0,22.042858,1,1,1004,0,greedy_sps_baseline,solved,1,49.556446,62.072752,0.798361,0.003502,,,0.003502,0.003563,3,0,0
rho\set04\rho_1.py,rho,4,rho,1,2,5,5,0.5,0.5,1.0,0.6,1.0,0.5,69.0,40,13,46.000002,69.0,22.042858,1,1,1004,0,ilp_v2,optimal,1,56.900624,69.0,0.824647,0.004743,0.0,,0.004743,0.005181,3,0,0
rho\set04\rho_1.py,rho,4,rho,1,2,5,5,0.5,0.5,1.0,0.6,1.0,0.5,69.0,40,13,46.000002,69.0,22.042858,1,1,1004,0,ilp_v3,optimal,1,56.900624,69.0,0.824647,0.004746,0.0,,0.004746,0.005274,3,0,0
rho\set04\rho_1.py,rho,4,rho,1,2,5,5,0.5,0.5,1.0,0.6,1.0,0.5,69.0,40,13,46.000002,69.0,22.042858,1,1,1004,0,ilp_v4,optimal,1,56.900624,69.0,0.824647,0.014693,0.0,,0.014693,0.017194,3,0,0
rho\set04\rho_1.py,rho,4,rho,1,2,5,5,0.5,0.5,1.0,0.6,1.0,0.5,69.0,40,13,46.000002,69.0,22.042858,1,1,1004,0,greedy_sps_baseline,solved,1,56.900624,69.0,0.824647,0.003836,,,0.003836,0.004338,3,0,0
rho\set00\rho_0.2.py,rho,0,rho,0.2,2,5,5,0.5,0.5,0.2,0.6,1.0,0.5,13.800001,40,13,46.000002,69.000005,22.042858,1,1,1000,0,ilp_v1,infeasible,0,,,,0.016521,,,0.016521,0.017956,3,0,0
rho\set00\rho_0.3.py,rho,0,rho,0.3,2,5,5,0.5,0.5,0.3,0.6,1.0,0.5,20.700001,40,13,46.000002,69.000005,22.042858,1,1,1000,0,ilp_v1,infeasible,0,,,,0.016983,,,0.016983,0.017881,3,0,0
rho\set00\rho_0.4.py,rho,0,rho,0.4,2,5,5,0.5,0.5,0.4,0.6,1.0,0.5,27.600002,40,13,46.000002,69.000005,22.042858,1,1,1000,0,ilp_v1,optimal,1,22.432705,27.596494,0.812882,0.217972,0.0,,0.217972,0.235638,3,0,0
rho\set00\rho_0.5.py,rho,0,rho,0.5,2,5,5,0.5,0.5,0.5,0.6,1.0,0.5,34.500002,40,13,46.000002,69.000005,22.042858,1,1,1000,0,ilp_v1,optimal,1,41.84899,34.490655,1.213343,0.544368,0.0,,0.544368,0.607918,3,0,0
rho\set00\rho_0.6.py,rho,0,rho,0.6,2,5,5,0.5,0.5,0.6,0.6,1.0,0.5,41.400003,40,13,46.000002,69.000005,22.042858,1,1,1000,0,ilp_v1,optimal,1,55.765095,41.398023,1.347047,3.053346,0.0,,3.053346,3.293893,3,0,0
rho\set00\rho_0.7.py,rho,0,rho,0.7,2,5,5,0.5,0.5,0.7,0.6,1.0,0.5,48.300003,40,13,46.000002,69.000005,22.042858,1,1,1000,0,ilp_v1,optimal,1,67.365432,48.25283,1.396093,0.059564,0.0,,0.059564,0.070861,3,0,0
rho\set00\rho_0.8.py,rho,0,rho,0.8,2,5,5,0.5,0.5,0.8,0.6,1.0,0.5,55.200004,40,13,46.000002,69.000005,22.042858,1,1,1000,0,ilp_v1,optimal,1,67.365432,50.073244,1.345338,0.021764,0.0,,0.021764,0.022801,3,0,0
rho\set00\rho_0.9.py,rho,0,rho,0.9,2,5,5,0.5,0.5,0.9,0.6,1.0,0.5,62.100004,40,13,46.000002,69.000005,22.042858,1,1,1000,0,ilp_v1,optimal,1,67.365432,57.713074,1.167247,0.01919,0.0,,0.01919,0.020144,3,0,0
rho\set00\rho_1.py,rho,0,rho,1,2,5,5,0.5,0.5,1.0,0.6,1.0,0.5,69.000005,40,13,46.000002,69.000005,22.042858,1,1,1000,0,ilp_v1,optimal,1,67.365432,54.955112,1.225826,0.018224,0.0,,0.018224,0.01847,3,0,0
rho\set01\rho_0.2.py,rho,1,rho,0.2,2,5,5,0.5,0.5,0.2,0.6,1.0,0.5,13.800002,40,13,46.000002,69.00001,21.433334,1,1,1001,0,ilp_v1,infeasible,0,,,,0.016886,,,0.016886,0.01762,3,0,0
rho\set01\rho_0.3.py,rho,1,rho,0.3,2,5,5,0.5,0.5,0.3,0.6,1.0,0.5,20.700003,40,13,46.000002,69.00001,21.433334,1,1,1001,0,ilp_v1,infeasible,0,,,,0.030745,,,0.030745,0.03201,3,0,0
rho\set01\rho_0.4.py,rho,1,rho,0.4,2,5,5,0.5,0.5,0.4,0.6,1.0,0.5,27.600004,40,13,46.000002,69.00001,21.433334,1,1,1001,0,ilp_v1,infeasible,0,,,,0.022183,,,0.022183,0.025606,3,0,0
rho\set01\rho_0.5.py,rho,1,rho,0.5,2,5,5,0.5,0.5,0.5,0.6,1.0,0.5,34.500005,40,13,46.000002,69.00001,21.433334,1,1,1001,0,ilp_v1,optimal,1,20.264199,34.479365,0.58772,0.781159,0.0,,0.781159,0.834348,3,0,0
rho\set01\rho_0.6.py,rho,1,rho,0.6,2,5,5,0.5,0.5,0.6,0.6,1.0,0.5,41.400006,40,13,46.000002,69.00001,21.433334,1,1,1001,0,ilp_v1,optimal,1,33.142355,41.245841,0.803532,28.999853,0.0,,28.999853,28.999853,1,0,0
rho\set01\rho_0.7.py,rho,1,rho,0.7,2,5,5,0.5,0.5,0.7,0.6,1.0,0.5,48.300007,40,13,46.000002,69.00001,21.433334,1,1,1001,0,ilp_v1,optimal,1,45.337307,48.245554,0.93972,4.106837,0.0,,4.106837,4.157042,3,0,0
rho\set01\rho_0.8.py,rho,1,rho,0.8,2,5,5,0.5,0.5,0.8,0.6,1.0,0.5,55.200008,40,13,46.000002,69.00001,21.433334,1,1,1001,0,ilp_v1,optimal,1,51.059243,55.034541,0.927767,0.039397,0.0,,0.039397,0.044713,3,0,0
rho\set01\rho_0.9.py,rho,1,rho,0.9,2,5,5,0.5,0.5,0.9,0.6,1.0,0.5,62.100009,40,13,46.000002,69.00001,21.433334,1,1,1001,0,ilp_v1,optimal,1,51.059243,57.412554,0.889339,0.031208,0.0,,0.031208,0.035852,3,0,0
rho\set01\rho_1.py,rho,1,rho,1,2,5,5,0.5,0.5,1.0,0.6,1.0,0.5,69.00001,40,13,46.000002,69.00001,21.433334,1,1,1001,0,ilp_v1,optimal,1,51.059243,59.462312,0.858682,0.030361,0.0,,0.030361,0.031893,3,0,0
rho\set02\rho_0.2.py,rho,2,rho,0.2,2,5,5,0.5,0.5,0.2,0.6,1.0,0.5,13.8,40,11,46.000001,69.000001,21.400001,1,1,1002,0,ilp_v1,infeasible,0,,,,0.015186,,,0.015186,0.018675,3,0,0
rho\set02\rho_0.3.py,rho,2,rho,0.3,2,5,5,0.5,0.5,0.3,0.6,1.0,0.5,20.7,40,11,46.000001,69.000001,21.400001,1,1,1002,0,ilp_v1,infeasible,0,,,,0.016885,,,0.016885,0.017517,3,0,0
rho\set02\rho_0.4.py,rho,2,rho,0.4,2,5,5,0.5,0.5,0.4,0.6,1.0,0.5,27.6,40,11,46.000001,69.000001,21.400001,1,1,1002,0,ilp_v1,optimal,1,23.236073,27.443332,0.846693,0.38465,0.0,,0.38465,0.434691,3,0,0
rho\set02\rho_0.5.py,rho,2,rho,0.5,2,5,5,0.5,0.5,0.5,0.6,1.0,0.5,34.500001,40,11,46.000001,69.000001,21.400001,1,1,1002,0,ilp_v1,optimal,1,48.993359,34.486687,1.420646,0.401607,0.0,,0.401607,0.425451,3,0,0
rho\set02\rho_0.6.py,rho,2,rho,0.6,2,5,5,0.5,0.5,0.6,0.6,1.0,0.5,41.400001,40,11,46.000001,69.000001,21.400001,1,1,1002,0,ilp_v1,optimal,1,63.933258,41.387819,1.544736,0.309143,0.0,,0.309143,0.327159,3,0,0
rho\set02\rho_0.7.py,rho,2,rho,0.7,2,5,5,0.5,0.5,0.7,0.6,1.0,0.5,48.300001,40,11,46.000001,69.000001,21.400001,1,1,1002,0,ilp_v1,optimal,1,69.490474,48.181047,1.442278,0.134586,0.0,,0.134586,0.14154,3,0,0
rho\set02\rho_0.8.py,rho,2,rho,0.8,2,5,5,0.5,0.5,0.8,0.6,1.0,0.5,55.200001,40,11,46.000001,69.000001,21.400001,1,1,1002,0,ilp_v1,optimal,1,70.586681,54.671415,1.291108,0.015307,0.0,,0.015307,0.016161,3,0,0
rho\set02\rho_0.9.py,rho,2,rho,0.9,2,5,5,0.5,0.5,0.9,0.6,1.0,0.5,62.100001,40,11,46.000001,69.000001,21.400001,1,1,1002,0,ilp_v1,optimal,1,70.586681,55.358158,1.275091,0.017269,0.0,,0.017269,0.019812,3,0,0
rho\set02\rho_1.py,rho,2,rho,1,2,5,5,0.5,0.5,1.0,0.6,1.0,0.5,69.000001,40,11,46.000001,69.000001,21.400001,1,1,1002,0,ilp_v1,optimal,1,70.586681,53.459001,1.320389,0.013624,0.0,,0.013624,0.014594,3,0,0
rho\set03\rho_0.2.py,rho,3,rho,0.2,2,5,5,0.5,0.5,0.2,0.6,1.0,0.5,13.8,40,10,46.0,68.999999,21.433333,1,1,1003,0,ilp_v1,infeasible,0,,,,0.0106,,,0.0106,0.011239,3,0,0
rho\set03\rho_0.3.py,rho,3,rho,0.3,2,5,5,0.5,0.5,0.3,0.6,1.0,0.5,20.7,40,10,46.0,68.999999,21.433333,1,1,1003,0,ilp_v1,infeasible,0,,,,0.020958,,,0.020958,0.022271,3,0,0
rho\set03\rho_0.4.py,rho,3,rho,0.4,2,5,5,0.5,0.5,0.4,0.6,1.0,0.5,27.6,40,10,46.0,68.999999,21.433333,1,1,1003,0,ilp_v1,optimal,1,21.266477,27.582806,0.771005,3.696551,6.3e-05,,3.696551,3.840093,3,0,0
rho\set03\rho_0.5.py,rho,3,rho,0.5,2,5,5,0.5,0.5,0.5,0.6,1.0,0.5,34.499999,40,10,46.0,68.999999,21.433333,1,1,1003,0,ilp_v1,optimal,1,45.259313,34.490471,1.312227,2.109256,0.0,,2.109256,2.133204,3,0,0
rho\set03\rho_0.6.py,rho,3,rho,0.6,2,5,5,0.5,0.5,0.6,0.6,1.0,0.5,41.399999,40,10,46.0,68.999999,21.433333,1,1,1003,0,ilp_v1,optimal,1,59.998606,41.252872,1.45441,0.938058,9.5e-05,,0.938058,0.947544,3,0,0
rho\set03\rho_0.7.py,rho,3,rho,0.7,2,5,5,0.5,0.5,0.7,0.6,1.0,0.5,48.299999,40,10,46.0,68.999999,21.433333,1,1,1003,0,ilp_v1,optimal,1,66.121629,48.27213,1.369768,0.064061,0.0,,0.064061,0.073116,3,0,0
rho\set03\rho_0.8.py,rho,3,rho,0.8,2,5,5,0.5,0.5,0.8,0.6,1.0,0.5,55.199999,40,10,46.0,68.999999,21.433333,1,1,1003,0,ilp_v1,optimal,1,66.121629,55.037367,1.201395,0.017848,0.0,,0.017848,0.019205,3,0,0
rho\set03\rho_0.9.py,rho,3,rho,0.9,2,5,5,0.5,0.5,0.9,0.6,1.0,0.5,62.099999,40,10,46.0,68.999999,21.433333,1,1,1003,0,ilp_v1,optimal,1,66.121629,53.723271,1.230782,0.016241,0.0,,0.016241,0.016593,3,0,0
rho\set03\rho_1.py,rho,3,rho,1,2,5,5,0.5,0.5,1.0,0.6,1.0,0.5,68.999999,40,10,46.0,68.999999,21.433333,1,1,1003,0,ilp_v1,optimal,1,66.121629,59.488899,1.111495,0.015876,0.0,,0.015876,0.019443,3,0,0
rho\set04\rho_0.2.py,rho,4,rho,0.2,2,5,5,0.5,0.5,0.2,0.6,1.0,0.5,13.8,40,13,46.000002,69.0,22.042858,1,1,1004,0,ilp_v1,infeasible,0,,,,0.023801,,,0.023801,0.025199,3,0,0
rho\set04\rho_0.3.py,rho,4,rho,0.3,2,5,5,0.5,0.5,0.3,0.6,1.0,0.5,20.7,40,13,46.000002,69.0,22.042858,1,1,1004,0,ilp_v1,infeasible,0,,,,0.02551,,,0.02551,0.025959,3,0,0
rho\set04\rho_0.4.py,rho,4,rho,0.4,2,5,5,0.5,0.5,0.4,0.6,1.0,0.5,27.6,40,13,46.000002,69.0,22.042858,1,1,1004,0,ilp_v1,optimal,1,20.848509,27.586283,0.755756,0.512798,0.0,,0.512798,0.534514,3,0,0
rho\set04\rho_0.5.py,rho,4,rho,0.5,2,5,5,0.5,0.5,0.5,0.6,1.0,0.5,34.5,40,13,46.000002,69.0,22.042858,1,1,1004,0,ilp_v1,optimal,1,45.151277,34.449371,1.310656,0.895266,0.0,,0.895266,0.914308,3,0,0
rho\set04\rho_0.6.py,rho,4,rho,0.6,2,5,5,0.5,0.5,0.6,0.6,1.0,0.5,41.4,40,13,46.000002,69.0,22.042858,1,1,1004,0,ilp_v1,optimal,1,53.243751,41.327633,1.288333,0.867871,1e-05,,0.867871,0.88762,3,0,0
rho\set04\rho_0.7.py,rho,4,rho,0.7,2,5,5,0.5,0.5,0.7,0.6,1.0,0.5,48.3,40,13,46.000002,69.0,22.042858,1,1,1004,0,ilp_v1,optimal,1,56.900624,48.235125,1.179651,0.030809,0.0,,0.030809,0.037376,3,0,0
rho\set04\rho_0.8.py,rho,4,rho,0.8,2,5,5,0.5,0.5,0.8,0.6,1.0,0.5,55.2,40,13,46.000002,69.0,22.042858,1,1,1004,0,ilp_v1,optimal,1,56.900624,52.655604,1.080619,0.024119,0.0,,0.024119,0.02586,3,0,0
rho\set04\rho_0.9.py,rho,4,rho,0.9,2,5,5,0.5,0.5,0.9,0.6,1.0,0.5,62.1,40,13,46.000002,69.0,22.042858,1,1,1004,0,ilp_v1,optimal,1,56.900624,60.911065,0.934159,0.020152,0.0,,0.020152,0.020839,3,0,0
rho\set04\rho_1.py,rho,4,rho,1,2,5,5,0.5,0.5,1.0,0.6,1.0,0.5,69.0,40,13,46.000002,69.0,22.042858,1,1,1004,0,ilp_v1,optimal,1,56.900624,58.380999,0.974643,0.018588,0.0,,0.018588,0.020073,3,0,0
rho\set00\rho_0.2.py,rho,0,rho,0.2,2,5,5,0.5,0.5,0.2,0.6,1.0,0.5,13.800001,40,13,46.000002,69.000005,22.042858,1,1,1000,0,heuristic_v3,infeasible,0,,46.000002,,0.001065,,over budget: E=46.0000 > B=13.8000,0.001065,0.001356,3,0,0
rho\set00\rho_0.3.py,rho,0,rho,0.3,2,5,5,0.5,0.5,0.3,0.6,1.0,0.5,20.700001,40,13,46.000002,69.000005,22.042858,1,1,1000,0,heuristic_v3,infeasible,0,,46.000002,,0.001053,,over budget: E=46.0000 > B=20.7000,0.001053,0.001208,3,0,0
rho\set00\rho_0.4.py,rho,0,rho,0.4,2,5,5,0.5,0.5,0.4,0.6,1.0,0.5,27.600002,40,13,46.000002,69.000005,22.042858,1,1,1000,0,heuristic_v3,solved,1,14.836344,27.599696,0.537555,0.008922,,,0.008922,0.011313,3,0,0
rho\set00\rho_0.5.py,rho,0,rho,0.5,2,5,5,0.5,0.5,0.5,0.6,1.0,0.5,34.500002,40,13,46.000002,69.000005,22.042858,1,1,1000,0,heuristic_v3,solved,1,36.588608,34.405956,1.063438,0.008238,,,0.008238,0.016432,3,0,0
rho\set00\rho_0.6.py,rho,0,rho,0.6,2,5,5,0.5,0.5,0.6,0.6,1.0,0.5,41.400003,40,13,46.000002,69.000005,22.042858,1,1,1000,0,heuristic_v3,solved,1,51.462131,41.362231,1.244182,0.005644,,,0.005644,0.007082,3,0,0
rho\set00\rho_0.7.py,rho,0,rho,0.7,2,5,5,0.5,0.5,0.7,0.6,1.0,0.5,48.300003,40,13,46.000002,69.000005,22.042858,1,1,1000,0,heuristic_v3,solved,1,60.294133,47.770172,1.262171,0.005076,,,0.005076,0.006438,3,0,0
rho\set00\rho_0.8.py,rho,0,rho,0.8,2,5,5,0.5,0.5,0.8,0.6,1.0,0.5,55.200004,40,13,46.000002,69.000005,22.042858,1,1,1000,0,heuristic_v3,solved,1,67.365432,55.057918,1.223538,0.004253,,,0.004253,0.005445,3,0,0
rho\set00\rho_0.9.py,rho,0,rho,0.9,2,5,5,0.5,0.5,0.9,0.6,1.0,0.5,62.100004,40,13,46.000002,69.000005,22.042858,1,1,1000,0,heuristic_v3,solved,1,67.365432,62.02227,1.086149,0.005573,,,0.005573,0.027077,3,0,0
rho\set00\rho_1.py,rho,0,rho,1,2,5,5,0.5,0.5,1.0,0.6,1.0,0.5,69.000005,40,13,46.000002,69.000005,22.042858,1,1,1000,0,heuristic_v3,solved,1,67.365432,69.000005,0.976311,0.003488,,,0.003488,0.006885,3,0,0
rho\set01\rho_0.2.py,rho,1,rho,0.2,2,5,5,0.5,0.5,0.2,0.6,1.0,0.5,13.800002,40,13,46.000002,69.00001,21.433334,1,1,1001,0,heuristic_v3,infeasible,0,,46.000002,,0.001062,,over budget: E=46.0000 > B=13.8000,0.001062,0.001498,3,0,0
rho\set01\rho_0.3.py,rho,1,rho,0.3,2,5,5,0.5,0.5,0.3,0.6,1.0,0.5,20.700003,40,13,46.000002,69.00001,21.433334,1,1,1001,0,heuristic_v3,infeasible,0,,46.000002,,0.001037,,over budget: E=46.0000 > B=20.7000,0.001037,0.001505,3,0,0
rho\set01\rho_0.4.py,rho,1,rho,0.4,2,5,5,0.5,0.5,0.4,0.6,1.0,0.5,27.600004,40,13,46.000002,69.00001,21.433334,1,1,1001,0,heuristic_v3,infeasible,0,,30.250001,,0.004437,,over budget: E=30.2500 > B=27.6000,0.004437,0.005386,3,0,0
rho\set01\rho_0.5.py,rho,1,rho,0.5,2,5,5,0.5,0.5,0.5,0.6,1.0,0.5,34.500005,40,13,46.000002,69.00001,21.433334,1,1,1001,0,heuristic_v3,solved,1,13.36526,34.407216,0.388444,0.007054,,,0.007054,0.008905,3,0,0
rho\set01\rho_0.6.py,rho,1,rho,0.6,2,5,5,0.5,0.5,0.6,0.6,1.0,0.5,41.400006,40,13,46.000002,69.00001,21.433334,1,1,1001,0,heuristic_v3,solved,1,26.578331,41.240539,0.644471,0.008399,,,0.008399,0.018383,3,0,0
rho\set01\rho_0.7.py,rho,1,rho,0.7,2,5,5,0.5,0.5,0.7,0.6,1.0,0.5,48.300007,40,13,46.000002,69.00001,21.433334,1,1,1001,0,heuristic_v3,solved,1,37.582906,47.285342,0.794811,0.004165,,,0.004165,0.004827,3,0,0
rho\set01\rho_0.8.py,rho,1,rho,0.8,2,5,5,0.5,0.5,0.8,0.6,1.0,0.5,55.200008,40,13,46.000002,69.00001,21.433334,1,1,1001,0,heuristic_v3,solved,1,50.48879,54.593674,0.92481,0.003946,,,0.003946,0.004105,3,0,0
rho\set01\rho_0.9.py,rho,1,rho,0.9,2,5,5,0.5,0.5,0.9,0.6,1.0,0.5,62.100009,40,13,46.000002,69.00001,21.433334,1,1,1001,0,heuristic_v3,solved,1,51.059243,60.773405,0.840158,0.003385,,,0.003385,0.003595,3,0,0
rho\set01\rho_1.py,rho,1,rho,1,2,5,5,0.5,0.5,1.0,0.6,1.0,0.5,69.00001,40,13,46.000002,69.00001,21.433334,1,1,1001,0,heuristic_v3,solved,1,51.059243,68.740979,0.742777,0.002494,,,0.002494,0.003525,3,0,0
rho\set02\rho_0.2.py,rho,2,rho,0.2,2,5,5,0.5,0.5,0.2,0.6,1.0,0.5,13.8,40,11,46.000001,69.000001,21.400001,1,1,1002,0,heuristic_v3,infeasible,0,,46.000001,,0.001329,,over budget: E=46.0000 > B=13.8000,0.001329,0.00722,3,0,0
rho\set02\rho_0.3.py,rho,2,rho,0.3,2,5,5,0.5,0.5,0.3,0.6,1.0,0.5,20.7,40,11,46.000001,69.000001,21.400001,1,1,1002,0,heuristic_v3,infeasible,0,,46.000001,,0.001519,,over budget: E=46.0000 > B=20.7000,0.001519,0.005367,3,0,0
rho\set02\rho_0.4.py,rho,2,rho,0.4,2,5,5,0.5,0.5,0.4,0.6,1.0,0.5,27.6,40,11,46.000001,69.000001,21.400001,1,1,1002,0,heuristic_v3,solved,1,20.820293,27.50238,0.757036,0.003681,,,0.003681,0.004027,3,0,0
rho\set02\rho_0.5.py,rho,2,rho,0.5,2,5,5,0.5,0.5,0.5,0.6,1.0,0.5,34.500001,40,11,46.000001,69.000001,21.400001,1,1,1002,0,heuristic_v3,solved,1,40.385917,33.637406,1.200625,0.002986,,,0.002986,0.003258,3,0,0
rho\set02\rho_0.6.py,rho,2,rho,0.6,2,5,5,0.5,0.5,0.6,0.6,1.0,0.5,41.400001,40,11,46.000001,69.000001,21.400001,1,1,1002,0,heuristic_v3,solved,1,54.012974,41.276359,1.308569,0.002365,,,0.002365,0.002896,3,0,0
rho\set02\rho_0.7.py,rho,2,rho,0.7,2,5,5,0.5,0.5,0.7,0.6,1.0,0.5,48.300001,40,11,46.000001,69.000001,21.400001,1,1,1002,0,heuristic_v3,solved,1,65.644495,48.017426,1.367097,0.002292,,,0.002292,0.002407,3,0,0
rho\set02\rho_0.8.py,rho,2,rho,0.8,2,5,5,0.5,0.5,0.8,0.6,1.0,0.5,55.200001,40,11,46.000001,69.000001,21.400001,1,1,1002,0,heuristic_v3,solved,1,70.586681,54.840952,1.287116,0.004199,,,0.004199,0.009225,3,0,0
rho\set02\rho_0.9.py,rho,2,rho,0.9,2,5,5,0.5,0.5,0.9,0.6,1.0,0.5,62.100001,40,11,46.000001,69.000001,21.400001,1,1,1002,0,heuristic_v3,solved,1,70.586681,61.48508,1.148029,0.002731,,,0.002731,0.0029,3,0,0
rho\set02\rho_1.py,rho,2,rho,1,2,5,5,0.5,0.5,1.0,0.6,1.0,0.5,69.000001,40,11,46.000001,69.000001,21.400001,1,1,1002,0,heuristic_v3,solved,1,70.586681,68.983081,1.023246,0.001631,,,0.001631,0.002415,3,0,0
rho\set03\rho_0.2.py,rho,3,rho,0.2,2,5,5,0.5,0.5,0.2,0.6,1.0,0.5,13.8,40,10,46.0,68.999999,21.433333,1,1,1003,0,heuristic_v3,infeasible,0,,46.0,,0.000978,,over budget: E=46.0000 > B=13.8000,0.000978,0.001236,3,0,0
rho\set03\rho_0.3.py,rho,3,rho,0.3,2,5,5,0.5,0.5,0.3,0.6,1.0,0.5,20.7,40,10,46.0,68.999999,21.433333,1,1,1003,0,heuristic_v3,infeasible,0,,46.0,,0.00091,,over budget: E=46.0000 > B=20.7000,0.00091,0.001048,3,0,0
rho\set03\rho_0.4.py,rho,3,rho,0.4,2,5,5,0.5,0.5,0.4,0.6,1.0,0.5,27.6,40,10,46.0,68.999999,21.433333,1,1,1003,0,heuristic_v3,solved,1,13.486785,27.554083,0.489466,0.005429,,,0.005429,0.005819,3,0,0
rho\set03\rho_0.5.py,rho,3,rho,0.5,2,5,5,0.5,0.5,0.5,0.6,1.0,0.5,34.499999,40,10,46.0,68.999999,21.433333,1,1,1003,0,heuristic_v3,solved,1,38.658618,34.376419,1.124568,0.004004,,,0.004004,0.005253,3,0,0
rho\set03\rho_0.6.py,rho,3,rho,0.6,2,5,5,0.5,0.5,0.6,0.6,1.0,0.5,41.399999,40,10,46.0,68.999999,21.433333,1,1,1003,0,heuristic_v3,solved,1,55.944559,40.809962,1.370855,0.00486,,,0.00486,0.015338,3,0,0
rho\set03\rho_0.7.py,rho,3,rho,0.7,2,5,5,0.5,0.5,0.7,0.6,1.0,0.5,48.299999,40,10,46.0,68.999999,21.433333,1,1,1003,0,heuristic_v3,solved,1,64.658947,48.293011,1.338888,0.005163,,,0.005163,0.007761,3,0,0
rho\set03\rho_0.8.py,rho,3,rho,0.8,2,5,5,0.5,0.5,0.8,0.6,1.0,0.5,55.199999,40,10,46.0,68.999999,21.433333,1,1,1003,0,heuristic_v3,solved,1,65.507858,55.019768,1.190624,0.003531,,,0.003531,0.005034,3,0,0
rho\set03\rho_0.9.py,rho,3,rho,0.9,2,5,5,0.5,0.5,0.9,0.6,1.0,0.5,62.099999,40,10,46.0,68.999999,21.433333,1,1,1003,0,heuristic_v3,solved,1,66.121629,61.992256,1.066611,0.002296,,,0.002296,0.002317,3,0,0
rho\set03\rho_1.py,rho,3,rho,1,2,5,5,0.5,0.5,1.0,0.6,1.0,0.5,68.999999,40,10,46.0,68.999999,21.433333,1,1,1003,0,heuristic_v3,solved,1,66.121629,68.999999,0.958284,0.001933,,,0.001933,0.002841,3,0,0
rho\set04\rho_0.2.py,rho,4,rho,0.2,2,5,5,0.5,0.5,0.2,0.6,1.0,0.5,13.8,40,13,46.000002,69.0,22.042858,1,1,1004,0,heuristic_v3,infeasible,0,,46.000002,,0.000978,,over budget: E=46.0000 > B=13.8000,0.000978,0.001113,3,0,0
rho\set04\rho_0.3.py,rho,4,rho,0.3,2,5,5,0.5,0.5,0.3,0.6,1.0,0.5,20.7,40,13,46.000002,69.0,22.042858,1,1,1004,0,heuristic_v3,infeasible,0,,46.000002,,0.000955,,over budget: E=46.0000 > B=20.7000,0.000955,0.001077,3,0,0
rho\set04\rho_0.4.py,rho,4,rho,0.4,2,5,5,0.5,0.5,0.4,0.6,1.0,0.5,27.6,40,13,46.000002,69.0,22.042858,1,1,1004,0,heuristic_v3,solved,1,10.720374,27.585489,0.388624,0.008704,,,0.008704,0.015046,3,0,0
rho\set04\rho_0.5.py,rho,4,rho,0.5,2,5,5,0.5,0.5,0.5,0.6,1.0,0.5,34.5,40,13,46.000002,69.0,22.042858,1,1,1004,0,heuristic_v3,solved,1,29.775773,34.49241,0.863256,0.007978,,,0.007978,0.011045,3,0,0
rho\set04\rho_0.6.py,rho,4,rho,0.6,2,5,5,0.5,0.5,0.6,0.6,1.0,0.5,41.4,40,13,46.000002,69.0,22.042858,1,1,1004,0,heuristic_v3,solved,1,40.367445,41.330938,0.976688,0.005098,,,0.005098,0.00673,3,0,0
rho\set04\rho_0.7.py,rho,4,rho,0.7,2,5,5,0.5,0.5,0.7,0.6,1.0,0.5,48.3,40,13,46.000002,69.0,22.042858,1,1,1004,0,heuristic_v3,solved,1,50.189787,48.232085,1.040589,0.004712,,,0.004712,0.00551,3,0,0
rho\set04\rho_0.8.py,rho,4,rho,0.8,2,5,5,0.5,0.5,0.8,0.6,1.0,0.5,55.2,40,13,46.000002,69.0,22.042858,1,1,1004,0,heuristic_v3,solved,1,52.93902,54.986017,0.962772,0.003339,,,0.003339,0.003813,3,0,0
rho\set04\rho_0.9.py,rho,4,rho,0.9,2,5,5,0.5,0.5,0.9,0.6,1.0,0.5,62.1,40,13,46.000002,69.0,22.042858,1,1,1004,0,heuristic_v3,solved,1,56.900624,61.709146,0.922078,0.004883,,,0.004883,0.007102,3,0,0
rho\set04\rho_1.py,rho,4,rho,1,2,5,5,0.5,0.5,1.0,0.6,1.0,0.5,69.0,40,13,46.000002,69.0,22.042858,1,1,1004,0,heuristic_v3,solved,1,56.900624,69.0,0.824647,0.00318,,,0.00318,0.004104,3,0,0
rho\set00\rho_0.2.py,rho,0,rho,0.2,2,5,5,0.5,0.5,0.2,0.6,1.0,0.5,13.800001,40,13,46.000002,69.000005,22.042858,1,1,1000,0,heuristic_v4,infeasible,0,,46.000002,,0.000768,,over budget: E=46.0000 > B=13.8000,0.000768,0.001145,3,0,0
rho\set00\rho_0.3.py,rho,0,rho,0.3,2,5,5,0.5,0.5,0.3,0.6,1.0,0.5,20.700001,40,13,46.000002,69.000005,22.042858,1,1,1000,0,heuristic_v4,infeasible,0,,46.000002,,0.000726,,over budget: E=46.0000 > B=20.7000,0.000726,0.000863,3,0,0
rho\set00\rho_0.4.py,rho,0,rho,0.4,2,5,5,0.5,0.5,0.4,0.6,1.0,0.5,27.600002,40,13,46.000002,69.000005,22.042858,1,1,1000,0,heuristic_v4,solved,1,14.836344,27.599696,0.537555,0.00606,,,0.00606,0.007889,3,0,0
rho\set00\rho_0.5.py,rho,0,rho,0.5,2,5,5,0.5,0.5,0.5,0.6,1.0,0.5,34.500002,40,13,46.000002,69.000005,22.042858,1,1,1000,0,heuristic_v4,solved,1,36.588608,34.405956,1.063438,0.006565,,,0.006565,0.009357,3,0,0
rho\set00\rho_0.6.py,rho,0,rho,0.6,2,5,5,0.5,0.5,0.6,0.6,1.0,0.5,41.400003,40,13,46.000002,69.000005,22.042858,1,1,1000,0,heuristic_v4,solved,1,51.462131,41.362231,1.244182,0.005383,,,0.005383,0.007918,3,0,0
rho\set00\rho_0.7.py,rho,0,rho,0.7,2,5,5,0.5,0.5,0.7,0.6,1.0,0.5,48.300003,40,13,46.000002,69.000005,22.042858,1,1,1000,0,heuristic_v4,solved,1,60.294133,47.770172,1.262171,0.004473,,,0.004473,0.004803,3,0,0
rho\set00\rho_0.8.py,rho,0,rho,0.8,2,5,5,0.5,0.5,0.8,0.6,1.0,0.5,55.200004,40,13,46.000002,69.000005,22.042858,1,1,1000,0,heuristic_v4,solved,1,67.365432,55.057918,1.223538,0.004519,,,0.004519,0.004964,3,0,0
rho\set00\rho_0.9.py,rho,0,rho,0.9,2,5,5,0.5,0.5,0.9,0.6,1.0,0.5,62.100004,40,13,46.000002,69.000005,22.042858,1,1,1000,0,heuristic_v4,solved,1,67.365432,62.02227,1.086149,0.003242,,,0.003242,0.006064,3,0,0
rho\set00\rho_1.py,rho,0,rho,1,2,5,5,0.5,0.5,1.0,0.6,1.0,0.5,69.000005,40,13,46.000002,69.000005,22.042858,1,1,1000,0,heuristic_v4,solved,1,67.365432,69.000005,0.976311,0.002735,,,0.002735,0.003549,3,0,0
rho\set01\rho_0.2.py,rho,1,rho,0.2,2,5,5,0.5,0.5,0.2,0.6,1.0,0.5,13.800002,40,13,46.000002,69.00001,21.433334,1,1,1001,0,heuristic_v4,infeasible,0,,46.000002,,0.001071,,over budget: E=46.0000 > B=13.8000,0.001071,0.002039,3,0,0
rho\set01\rho_0.3.py,rho,1,rho,0.3,2,5,5,0.5,0.5,0.3,0.6,1.0,0.5,20.700003,40,13,46.000002,69.00001,21.433334,1,1,1001,0,heuristic_v4,infeasible,0,,46.000002,,0.001467,,over budget: E=46.0000 > B=20.7000,0.001467,0.002143,3,0,0
rho\set01\rho_0.4.py,rho,1,rho,0.4,2,5,5,0.5,0.5,0.4,0.6,1.0,0.5,27.600004,40,13,46.000002,69.00001,21.433334,1,1,1001,0,heuristic_v4,infeasible,0,,30.250001,,0.00488,,over budget: E=30.2500 > B=27.6000,0.00488,0.006584,3,0,0
rho\set01\rho_0.5.py,rho,1,rho,0.5,2,5,5,0.5,0.5,0.5,0.6,1.0,0.5,34.500005,40,13,46.000002,69.00001,21.433334,1,1,1001,0,heuristic_v4,solved,1,16.268589,34.149675,0.476391,0.012765,,,0.012765,0.025586,3,0,0
rho\set01\rho_0.6.py,rho,1,rho,0.6,2,5,5,0.5,0.5,0.6,0.6,1.0,0.5,41.400006,40,13,46.000002,69.00001,21.433334,1,1,1001,0,heuristic_v4,solved,1,30.006157,41.361714,0.725457,0.017791,,,0.017791,0.036425,3,0,0
rho\set01\rho_0.7.py,rho,1,rho,0.7,2,5,5,0.5,0.5,0.7,0.6,1.0,0.5,48.300007,40,13,46.000002,69.00001,21.433334,1,1,1001,0,heuristic_v4,solved,1,37.582906,47.285342,0.794811,0.005339,,,0.005339,0.024445,3,0,0
rho\set01\rho_0.8.py,rho,1,rho,0.8,2,5,5,0.5,0.5,0.8,0.6,1.0,0.5,55.200008,40,13,46.000002,69.00001,21.433334,1,1,1001,0,heuristic_v4,solved,1,50.634528,54.835838,0.923384,0.005253,,,0.005253,0.023999,3,0,0
rho\set01\rho_0.9.py,rho,1,rho,0.9,2,5,5,0.5,0.5,0.9,0.6,1.0,0.5,62.100009,40,13,46.000002,69.00001,21.433334,1,1,1001,0,heuristic_v4,solved,1,51.059243,60.773405,0.840158,0.005701,,,0.005701,0.015368,3,0,0
rho\set01\rho_1.py,rho,1,rho,1,2,5,5,0.5,0.5,1.0,0.6,1.0,0.5,69.00001,40,13,46.000002,69.00001,21.433334,1,1,1001,0,heuristic_v4,solved,1,51.059243,68.740979,0.742777,0.004179,,,0.004179,0.006215,3,0,0
rho\set02\rho_0.2.py,rho,2,rho,0.2,2,5,5,0.5,0.5,0.2,0.6,1.0,0.5,13.8,40,11,46.000001,69.000001,21.400001,1,1,1002,0,heuristic_v4,infeasible,0,,46.000001,,0.002163,,over budget: E=46.0000 > B=13.8000,0.002163,0.002605,3,0,0
rho\set02\rho_0.3.py,rho,2,rho,0.3,2,5,5,0.5,0.5,0.3,0.6,1.0,0.5,20.7,40,11,46.000001,69.000001,21.400001,1,1,1002,0,heuristic_v4,infeasible,0,,46.000001,,0.001512,,over budget: E=46.0000 > B=20.7000,0.001512,0.001994,3,0,0
rho\set02\rho_0.4.py,rho,2,rho,0.4,2,5,5,0.5,0.5,0.4,0.6,1.0,0.5,27.6,40,11,46.000001,69.000001,21.400001,1,1,1002,0,heuristic_v4,solved,1,21.033213,27.557,0.763262,0.005128,,,0.005128,0.006445,3,0,0
rho\set02\rho_0.5.py,rho,2,rho,0.5,2,5,5,0.5,0.5,0.5,0.6,1.0,0.5,34.500001,40,11,46.000001,69.000001,21.400001,1,1,1002,0,heuristic_v4,solved,1,45.77997,34.34481,1.332952,0.003863,,,0.003863,0.004152,3,0,0
rho\set02\rho_0.6.py,rho,2,rho,0.6,2,5,5,0.5,0.5,0.6,0.6,1.0,0.5,41.400001,40,11,46.000001,69.000001,21.400001,1,1,1002,0,heuristic_v4,solved,1,56.814833,41.316588,1.37511,0.002886,,,0.002886,0.003128,3,0,0
rho\set02\rho_0.7.py,rho,2,rho,0.7,2,5,5,0.5,0.5,0.7,0.6,1.0,0.5,48.300001,40,11,46.000001,69.000001,21.400001,1,1,1002,0,heuristic_v4,solved,1,65.644495,48.017426,1.367097,0.003383,,,0.003383,0.003528,3,0,0
rho\set02\rho_0.8.py,rho,2,rho,0.8,2,5,5,0.5,0.5,0.8,0.6,1.0,0.5,55.200001,40,11,46.000001,69.000001,21.400001,1,1,1002,0,heuristic_v4,solved,1,70.586681,54.840952,1.287116,0.003584,,,0.003584,0.004808,3,0,0
rho\set02\rho_0.9.py,rho,2,rho,0.9,2,5,5,0.5,0.5,0.9,0.6,1.0,0.5,62.100001,40,11,46.000001,69.000001,21.400001,1,1,1002,0,heuristic_v4,solved,1,70.586681,61.48508,1.148029,0.002653,,,0.002653,0.003015,3,0,0
rho\set02\rho_1.py,rho,2,rho,1,2,5,5,0.5,0.5,1.0,0.6,1.0,0.5,69.000001,40,11,46.000001,69.000001,21.400001,1,1,1002,0,heuristic_v4,solved,1,70.586681,68.983081,1.023246,0.001629,,,0.001629,0.001981,3,0,0
rho\set03\rho_0.2.py,rho,3,rho,0.2,2,5,5,0.5,0.5,0.2,0.6,1.0,0.5,13.8,40,10,46.0,68.999999,21.433333,1,1,1003,0,heuristic_v4,infeasible,0,,46.0,,0.000948,,over budget: E=46.0000 > B=13.8000,0.000948,0.00108,3,0,0
rho\set03\rho_0.3.py,rho,3,rho,0.3,2,5,5,0.5,0.5,0.3,0.6,1.0,0.5,20.7,40,10,46.0,68.999999,21.433333,1,1,1003,0,heuristic_v4,infeasible,0,,46.0,,0.000944,,over budget: E=46.0000 > B=20.7000,0.000944,0.00122,3,0,0
rho\set03\rho_0.4.py,rho,3,rho,0.4,2,5,5,0.5,0.5,0.4,0.6,1.0,0.5,27.6,40,10,46.0,68.999999,21.433333,1,1,1003,0,heuristic_v4,solved,1,13.577478,27.56222,0.492612,0.006432,,,0.006432,0.012528,3,0,0
rho\set03\rho_0.5.py,rho,3,rho,0.5,2,5,5,0.5,0.5,0.5,0.6,1.0,0.5,34.499999,40,10,46.0,68.999999,21.433333,1,1,1003,0,heuristic_v4,solved,1,39.004954,34.48448,1.131087,0.005944,,,0.005944,0.006379,3,0,0
rho\set03\rho_0.6.py,rho,3,rho,0.6,2,5,5,0.5,0.5,0.6,0.6,1.0,0.5,41.399999,40,10,46.0,68.999999,21.433333,1,1,1003,0,heuristic_v4,solved,1,56.324022,40.894128,1.377313,0.004389,,,0.004389,0.009726,3,0,0
rho\set03\rho_0.7.py,rho,3,rho,0.7,2,5,5,0.5,0.5,0.7,0.6,1.0,0.5,48.299999,40,10,46.0,68.999999,21.433333,1,1,1003,0,heuristic_v4,solved,1,64.658947,48.293011,1.338888,0.003519,,,0.003519,0.004126,3,0,0
rho\set03\rho_0.8.py,rho,3,rho,0.8,2,5,5,0.5,0.5,0.8,0.6,1.0,0.5,55.199999,40,10,46.0,68.999999,21.433333,1,1,1003,0,heuristic_v4,solved,1,65.507858,55.019768,1.190624,0.003302,,,0.003302,0.003632,3,0,0
rho\set03\rho_0.9.py,rho,3,rho,0.9,2,5,5,0.5,0.5,0.9,0.6,1.0,0.5,62.099999,40,10,46.0,68.999999,21.433333,1,1,1003,0,heuristic_v4,solved,1,66.121629,61.992256,1.066611,0.003126,,,0.003126,0.005474,3,0,0
rho\set03\rho_1.py,rho,3,rho,1,2,5,5,0.5,0.5,1.0,0.6,1.0,0.5,68.999999,40,10,46.0,68.999999,21.433333,1,1,1003,0,heuristic_v4,solved,1,66.121629,68.999999,0.958284,0.002382,,,0.002382,0.006478,3,0,0
rho\set04\rho_0.2.py,rho,4,rho,0.2,2,5,5,0.5,0.5,0.2,0.6,1.0,0.5,13.8,40,13,46.000002,69.0,22.042858,1,1,1004,0,heuristic_v4,infeasible,0,,46.000002,,0.000985,,over budget: E=46.0000 > B=13.8000,0.000985,0.00127,3,0,0
rho\set04\rho_0.3.py,rho,4,rho,0.3,2,5,5,0.5,0.5,0.3,0.6,1.0,0.5,20.7,40,13,46.000002,69.0,22.042858,1,1,1004,0,heuristic_v4,infeasible,0,,46.000002,,0.001179,,over budget: E=46.0000 > B=20.7000,0.001179,0.001264,3,0,0
rho\set04\rho_0.4.py,rho,4,rho,0.4,2,5,5,0.5,0.5,0.4,0.6,1.0,0.5,27.6,40,13,46.000002,69.0,22.042858,1,1,1004,0,heuristic_v4,solved,1,10.720374,27.585489,0.388624,0.008609,,,0.008609,0.013649,3,0,0
rho\set04\rho_0.5.py,rho,4,rho,0.5,2,5,5,0.5,0.5,0.5,0.6,1.0,0.5,34.5,40,13,46.000002,69.0,22.042858,1,1,1004,0,heuristic_v4,solved,1,29.775773,34.49241,0.863256,0.005945,,,0.005945,0.008513,3,0,0
rho\set04\rho_0.6.py,rho,4,rho,0.6,2,5,5,0.5,0.5,0.6,0.6,1.0,0.5,41.4,40,13,46.000002,69.0,22.042858,1,1,1004,0,heuristic_v4,solved,1,40.546855,41.379385,0.979881,0.007407,,,0.007407,0.017739,3,0,0
rho\set04\rho_0.7.py,rho,4,rho,0.7,2,5,5,0.5,0.5,0.7,0.6,1.0,0.5,48.3,40,13,46.000002,69.0,22.042858,1,1,1004,0,heuristic_v4,solved,1,52.901529,48.235321,1.096738,0.007894,,,0.007894,0.013183,3,0,0
rho\set04\rho_0.8.py,rho,4,rho,0.8,2,5,5,0.5,0.5,0.8,0.6,1.0,0.5,55.2,40,13,46.000002,69.0,22.042858,1,1,1004,0,heuristic_v4,solved,1,54.907754,54.978989,0.998704,0.005231,,,0.005231,0.005884,3,0,0
rho\set04\rho_0.9.py,rho,4,rho,0.9,2,5,5,0.5,0.5,0.9,0.6,1.0,0.5,62.1,40,13,46.000002,69.0,22.042858,1,1,1004,0,heuristic_v4,solved,1,56.900624,61.709146,0.922078,0.00376,,,0.00376,0.004739,3,0,0
rho\set04\rho_1.py,rho,4,rho,1,2,5,5,0.5,0.5,1.0,0.6,1.0,0.5,69.0,40,13,46.000002,69.0,22.042858,1,1,1004,0,heuristic_v4,solved,1,56.900624,69.0,0.824647,0.003583,,,0.003583,0.00813,3,0,0
rho\set00\rho_0.2.py,rho,0,rho,0.2,2,5,5,0.5,0.5,0.2,0.6,1.0,0.5,13.800001,40,13,46.000002,69.000005,22.042858,1,1,1000,0,heuristic_v5a,infeasible,0,,46.000002,,0.001805,,over budget: E=46.0000 > B=13.8000,0.001805,0.00233,3,0,0
rho\set00\rho_0.3.py,rho,0,rho,0.3,2,5,5,0.5,0.5,0.3,0.6,1.0,0.5,20.700001,40,13,46.000002,69.000005,22.042858,1,1,1000,0,heuristic_v5a,infeasible,0,,46.000002,,0.00128,,over budget: E=46.0000 > B=20.7000,0.00128,0.001478,3,0,0
rho\set00\rho_0.4.py,rho,0,rho,0.4,2,5,5,0.5,0.5,0.4,0.6,1.0,0.5,27.600002,40,13,46.000002,69.000005,22.042858,1,1,1000,0,heuristic_v5a,solved,1,14.836344,27.599696,0.537555,0.009148,,,0.009148,0.010596,3,0,0
rho\set00\rho_0.5.py,rho,0,rho,0.5,2,5,5,0.5,0.5,0.5,0.6,1.0,0.5,34.500002,40,13,46.000002,69.000005,22.042858,1,1,1000,0,heuristic_v5a,solved,1,36.588608,34.405956,1.063438,0.006367,,,0.006367,0.006529,3,0,0
rho\set00\rho_0.6.py,rho,0,rho,0.6,2,5,5,0.5,0.5,0.6,0.6,1.0,0.5,41.400003,40,13,46.000002,69.000005,22.042858,1,1,1000,0,heuristic_v5a,solved,1,51.462131,41.362231,1.244182,0.009481,,,0.009481,0.010291,3,0,0
rho\set00\rho_0.7.py,rho,0,rho,0.7,2,5,5,0.5,0.5,0.7,0.6,1.0,0.5,48.300003,40,13,46.000002,69.000005,22.042858,1,1,1000,0,heuristic_v5a,solved,1,60.294133,47.770172,1.262171,0.00564,,,0.00564,0.009162,3,0,0
rho\set00\rho_0.8.py,rho,0,rho,0.8,2,5,5,0.5,0.5,0.8,0.6,1.0,0.5,55.200004,40,13,46.000002,69.000005,22.042858,1,1,1000,0,heuristic_v5a,solved,1,67.365432,55.057918,1.223538,0.004549,,,0.004549,0.004653,3,0,0
rho\set00\rho_0.9.py,rho,0,rho,0.9,2,5,5,0.5,0.5,0.9,0.6,1.0,0.5,62.100004,40,13,46.000002,69.000005,22.042858,1,1,1000,0,heuristic_v5a,solved,1,67.365432,62.02227,1.086149,0.003103,,,0.003103,0.00339,3,0,0
rho\set00\rho_1.py,rho,0,rho,1,2,5,5,0.5,0.5,1.0,0.6,1.0,0.5,69.000005,40,13,46.000002,69.000005,22.042858,1,1,1000,0,heuristic_v5a,solved,1,67.365432,69.000005,0.976311,0.002297,,,0.002297,0.002836,3,0,0
rho\set01\rho_0.2.py,rho,1,rho,0.2,2,5,5,0.5,0.5,0.2,0.6,1.0,0.5,13.800002,40,13,46.000002,69.00001,21.433334,1,1,1001,0,heuristic_v5a,infeasible,0,,46.000002,,0.001615,,over budget: E=46.0000 > B=13.8000,0.001615,0.001748,3,0,0
rho\set01\rho_0.3.py,rho,1,rho,0.3,2,5,5,0.5,0.5,0.3,0.6,1.0,0.5,20.700003,40,13,46.000002,69.00001,21.433334,1,1,1001,0,heuristic_v5a,infeasible,0,,46.000002,,0.001614,,over budget: E=46.0000 > B=20.7000,0.001614,0.001707,3,0,0
rho\set01\rho_0.4.py,rho,1,rho,0.4,2,5,5,0.5,0.5,0.4,0.6,1.0,0.5,27.600004,40,13,46.000002,69.00001,21.433334,1,1,1001,0,heuristic_v5a,infeasible,0,,30.250001,,0.006274,,over budget: E=30.2500 > B=27.6000,0.006274,0.014636,3,0,0
rho\set01\rho_0.5.py,rho,1,rho,0.5,2,5,5,0.5,0.5,0.5,0.6,1.0,0.5,34.500005,40,13,46.000002,69.00001,21.433334,1,1,1001,0,heuristic_v5a,solved,1,17.565024,34.103934,0.515044,0.006736,,,0.006736,0.009247,3,0,0
rho\set01\rho_0.6.py,rho,1,rho,0.6,2,5,5,0.5,0.5,0.6,0.6,1.0,0.5,41.400006,40,13,46.000002,69.00001,21.433334,1,1,1001,0,heuristic_v5a,solved,1,31.535885,40.967101,0.769786,0.007416,,,0.007416,0.009225,3,0,0
rho\set01\rho_0.7.py,rho,1,rho,0.7,2,5,5,0.5,0.5,0.7,0.6,1.0,0.5,48.300007,40,13,46.000002,69.00001,21.433334,1,1,1001,0,heuristic_v5a,solved,1,39.069917,48.270566,0.809394,0.007579,,,0.007579,0.008204,3,0,0
rho\set01\rho_0.8.py,rho,1,rho,0.8,2,5,5,0.5,0.5,0.8,0.6,1.0,0.5,55.200008,40,13,46.000002,69.00001,21.433334,1,1,1001,0,heuristic_v5a,solved,1,49.535067,54.4992,0.908914,0.004814,,,0.004814,0.006242,3,0,0
rho\set01\rho_0.9.py,rho,1,rho,0.9,2,5,5,0.5,0.5,0.9,0.6,1.0,0.5,62.100009,40,13,46.000002,69.00001,21.433334,1,1,1001,0,heuristic_v5a,solved,1,51.059243,60.773405,0.840158,0.003845,,,0.003845,0.004148,3,0,0
rho\set01\rho_1.py,rho,1,rho,1,2,5,5,0.5,0.5,1.0,0.6,1.0,0.5,69.00001,40,13,46.000002,69.00001,21.433334,1,1,1001,0,heuristic_v5a,solved,1,51.059243,68.740979,0.742777,0.002969,,,0.002969,0.003083,3,0,0
rho\set02\rho_0.2.py,rho,2,rho,0.2,2,5,5,0.5,0.5,0.2,0.6,1.0,0.5,13.8,40,11,46.000001,69.000001,21.400001,1,1,1002,0,heuristic_v5a,infeasible,0,,46.000001,,0.00115,,over budget: E=46.0000 > B=13.8000,0.00115,0.001503,3,0,0
rho\set02\rho_0.3.py,rho,2,rho,0.3,2,5,5,0.5,0.5,0.3,0.6,1.0,0.5,20.7,40,11,46.000001,69.000001,21.400001,1,1,1002,0,heuristic_v5a,infeasible,0,,46.000001,,0.001193,,over budget: E=46.0000 > B=20.7000,0.001193,0.001675,3,0,0
rho\set02\rho_0.4.py,rho,2,rho,0.4,2,5,5,0.5,0.5,0.4,0.6,1.0,0.5,27.6,40,11,46.000001,69.000001,21.400001,1,1,1002,0,heuristic_v5a,solved,1,0.540065,27.517764,0.019626,0.005855,,,0.005855,0.006568,3,0,0
rho\set02\rho_0.5.py,rho,2,rho,0.5,2,5,5,0.5,0.5,0.5,0.6,1.0,0.5,34.500001,40,11,46.000001,69.000001,21.400001,1,1,1002,0,heuristic_v5a,solved,1,22.656801,34.469469,0.657301,0.0054,,,0.0054,0.015001,3,0,0
rho\set02\rho_0.6.py,rho,2,rho,0.6,2,5,5,0.5,0.5,0.6,0.6,1.0,0.5,41.400001,40,11,46.000001,69.000001,21.400001,1,1,1002,0,heuristic_v5a,solved,1,35.522613,40.346049,0.880448,0.003191,,,0.003191,0.004203,3,0,0
rho\set02\rho_0.7.py,rho,2,rho,0.7,2,5,5,0.5,0.5,0.7,0.6,1.0,0.5,48.300001,40,11,46.000001,69.000001,21.400001,1,1,1002,0,heuristic_v5a,solved,1,43.807632,47.509133,0.922089,0.002158,,,0.002158,0.002399,3,0,0
rho\set02\rho_0.8.py,rho,2,rho,0.8,2,5,5,0.5,0.5,0.8,0.6,1.0,0.5,55.200001,40,11,46.000001,69.000001,21.400001,1,1,1002,0,heuristic_v5a,solved,1,51.945995,54.343128,0.955889,0.00244,,,0.00244,0.002518,3,0,0
rho\set02\rho_0.9.py,rho,2,rho,0.9,2,5,5,0.5,0.5,0.9,0.6,1.0,0.5,62.100001,40,11,46.000001,69.000001,21.400001,1,1,1002,0,heuristic_v5a,solved,1,64.899163,60.991916,1.064062,0.00287,,,0.00287,0.003442,3,0,0
rho\set02\rho_1.py,rho,2,rho,1,2,5,5,0.5,0.5,1.0,0.6,1.0,0.5,69.000001,40,11,46.000001,69.000001,21.400001,1,1,1002,0,heuristic_v5a,solved,1,68.404718,67.050306,1.0202,0.002733,,,0.002733,0.008285,3,0,0
rho\set03\rho_0.2.py,rho,3,rho,0.2,2,5,5,0.5,0.5,0.2,0.6,1.0,0.5,13.8,40,10,46.0,68.999999,21.433333,1,1,1003,0,heuristic_v5a,infeasible,0,,46.0,,0.001634,,over budget: E=46.0000 > B=13.8000,0.001634,0.002786,3,0,0
rho\set03\rho_0.3.py,rho,3,rho,0.3,2,5,5,0.5,0.5,0.3,0.6,1.0,0.5,20.7,40,10,46.0,68.999999,21.433333,1,1,1003,0,heuristic_v5a,infeasible,0,,46.0,,0.001533,,over budget: E=46.0000 > B=20.7000,0.001533,0.001818,3,0,0
rho\set03\rho_0.4.py,rho,3,rho,0.4,2,5,5,0.5,0.5,0.4,0.6,1.0,0.5,27.6,40,10,46.0,68.999999,21.433333,1,1,1003,0,heuristic_v5a,solved,1,13.556032,27.523621,0.492524,0.005929,,,0.005929,0.008341,3,0,0
rho\set03\rho_0.5.py,rho,3,rho,0.5,2,5,5,0.5,0.5,0.5,0.6,1.0,0.5,34.499999,40,10,46.0,68.999999,21.433333,1,1,1003,0,heuristic_v5a,solved,1,38.757014,34.46046,1.124681,0.005097,,,0.005097,0.005112,3,0,0
rho\set03\rho_0.6.py,rho,3,rho,0.6,2,5,5,0.5,0.5,0.6,0.6,1.0,0.5,41.399999,40,10,46.0,68.999999,21.433333,1,1,1003,0,heuristic_v5a,solved,1,56.590882,41.197607,1.373645,0.003,,,0.003,0.004184,3,0,0
rho\set03\rho_0.7.py,rho,3,rho,0.7,2,5,5,0.5,0.5,0.7,0.6,1.0,0.5,48.299999,40,10,46.0,68.999999,21.433333,1,1,1003,0,heuristic_v5a,solved,1,64.263979,48.094001,1.336216,0.005637,,,0.005637,0.017898,3,0,0
rho\set03\rho_0.8.py,rho,3,rho,0.8,2,5,5,0.5,0.5,0.8,0.6,1.0,0.5,55.199999,40,10,46.0,68.999999,21.433333,1,1,1003,0,heuristic_v5a,solved,1,66.121629,55.178281,1.198327,0.003829,,,0.003829,0.004415,3,0,0
rho\set03\rho_0.9.py,rho,3,rho,0.9,2,5,5,0.5,0.5,0.9,0.6,1.0,0.5,62.099999,40,10,46.0,68.999999,21.433333,1,1,1003,0,heuristic_v5a,solved,1,66.121629,61.992256,1.066611,0.002565,,,0.002565,0.002704,3,0,0
rho\set03\rho_1.py,rho,3,rho,1,2,5,5,0.5,0.5,1.0,0.6,1.0,0.5,68.999999,40,10,46.0,68.999999,21.433333,1,1,1003,0,heuristic_v5a,solved,1,66.121629,68.999999,0.958284,0.002666,,,0.002666,0.002879,3,0,0
rho\set04\rho_0.2.py,rho,4,rho,0.2,2,5,5,0.5,0.5,0.2,0.6,1.0,0.5,13.8,40,13,46.000002,69.0,22.042858,1,1,1004,0,heuristic_v5a,infeasible,0,,46.000002,,0.001703,,over budget: E=46.0000 > B=13.8000,0.001703,0.001912,3,0,0
rho\set04\rho_0.3.py,rho,4,rho,0.3,2,5,5,0.5,0.5,0.3,0.6,1.0,0.5,20.7,40,13,46.000002,69.0,22.042858,1,1,1004,0,heuristic_v5a,infeasible,0,,46.000002,,0.001556,,over budget: E=46.0000 > B=20.7000,0.001556,0.001603,3,0,0
rho\set04\rho_0.4.py,rho,4,rho,0.4,2,5,5,0.5,0.5,0.4,0.6,1.0,0.5,27.6,40,13,46.000002,69.0,22.042858,1,1,1004,0,heuristic_v5a,solved,1,8.527602,27.59143,0.309067,0.0102,,,0.0102,0.0136,3,0,0
rho\set04\rho_0.5.py,rho,4,rho,0.5,2,5,5,0.5,0.5,0.5,0.6,1.0,0.5,34.5,40,13,46.000002,69.0,22.042858,1,1,1004,0,heuristic_v5a,solved,1,26.007232,34.479341,0.754285,0.009045,,,0.009045,0.025544,3,0,0
rho\set04\rho_0.6.py,rho,4,rho,0.6,2,5,5,0.5,0.5,0.6,0.6,1.0,0.5,41.4,40,13,46.000002,69.0,22.042858,1,1,1004,0,heuristic_v5a,solved,1,38.400046,41.339798,0.928888,0.007929,,,0.007929,0.008997,3,0,0
rho\set04\rho_0.7.py,rho,4,rho,0.7,2,5,5,0.5,0.5,0.7,0.6,1.0,0.5,48.3,40,13,46.000002,69.0,22.042858,1,1,1004,0,heuristic_v5a,solved,1,48.593571,48.113555,1.009977,0.00631,,,0.00631,0.006762,3,0,0
rho\set04\rho_0.8.py,rho,4,rho,0.8,2,5,5,0.5,0.5,0.8,0.6,1.0,0.5,55.2,40,13,46.000002,69.0,22.042858,1,1,1004,0,heuristic_v5a,solved,1,55.978206,55.086092,1.016195,0.010685,,,0.010685,0.013225,3,0,0
rho\set04\rho_0.9.py,rho,4,rho,0.9,2,5,5,0.5,0.5,0.9,0.6,1.0,0.5,62.1,40,13,46.000002,69.0,22.042858,1,1,1004,0,heuristic_v5a,solved,1,56.900624,61.709146,0.922078,0.004764,,,0.004764,0.006675,3,0,0
rho\set04\rho_1.py,rho,4,rho,1,2,5,5,0.5,0.5,1.0,0.6,1.0,0.5,69.0,40,13,46.000002,69.0,22.042858,1,1,1004,0,heuristic_v5a,solved,1,56.900624,69.0,0.824647,0.002713,,,0.002713,0.002871,3,0,0
rho\set00\rho_0.2.py,rho,0,rho,0.2,2,5,5,0.5,0.5,0.2,0.6,1.0,0.5,13.800001,40,13,46.000002,69.000005,22.042858,1,1,1000,0,heuristic_v5b,infeasible,0,,46.000002,,0.001729,,over budget: E=46.0000 > B=13.8000,0.001729,0.003112,3,0,0
rho\set00\rho_0.3.py,rho,0,rho,0.3,2,5,5,0.5,0.5,0.3,0.6,1.0,0.5,20.700001,40,13,46.000002,69.000005,22.042858,1,1,1000,0,heuristic_v5b,infeasible,0,,46.000002,,0.001219,,over budget: E=46.0000 > B=20.7000,0.001219,0.00186,3,0,0
rho\set00\rho_0.4.py,rho,0,rho,0.4,2,5,5,0.5,0.5,0.4,0.6,1.0,0.5,27.600002,40,13,46.000002,69.000005,22.042858,1,1,1000,0,heuristic_v5b,solved,1,14.836344,27.599696,0.537555,0.013647,,,0.013647,0.017501,3,0,0
rho\set00\rho_0.5.py,rho,0,rho,0.5,2,5,5,0.5,0.5,0.5,0.6,1.0,0.5,34.500002,40,13,46.000002,69.000005,22.042858,1,1,1000,0,heuristic_v5b,solved,1,36.588608,34.405956,1.063438,0.008851,,,0.008851,0.011132,3,0,0
rho\set00\rho_0.6.py,rho,0,rho,0.6,2,5,5,0.5,0.5,0.6,0.6,1.0,0.5,41.400003,40,13,46.000002,69.000005,22.042858,1,1,1000,0,heuristic_v5b,solved,1,51.462131,41.362231,1.244182,0.006707,,,0.006707,0.011295,3,0,0
rho\set00\rho_0.7.py,rho,0,rho,0.7,2,5,5,0.5,0.5,0.7,0.6,1.0,0.5,48.300003,40,13,46.000002,69.000005,22.042858,1,1,1000,0,heuristic_v5b,solved,1,60.294133,47.770172,1.262171,0.005666,,,0.005666,0.008631,3,0,0
rho\set00\rho_0.8.py,rho,0,rho,0.8,2,5,5,0.5,0.5,0.8,0.6,1.0,0.5,55.200004,40,13,46.000002,69.000005,22.042858,1,1,1000,0,heuristic_v5b,solved,1,67.365432,55.057918,1.223538,0.004978,,,0.004978,0.006688,3,0,0
rho\set00\rho_0.9.py,rho,0,rho,0.9,2,5,5,0.5,0.5,0.9,0.6,1.0,0.5,62.100004,40,13,46.000002,69.000005,22.042858,1,1,1000,0,heuristic_v5b,solved,1,67.365432,62.02227,1.086149,0.004901,,,0.004901,0.005419,3,0,0
rho\set00\rho_1.py,rho,0,rho,1,2,5,5,0.5,0.5,1.0,0.6,1.0,0.5,69.000005,40,13,46.000002,69.000005,22.042858,1,1,1000,0,heuristic_v5b,solved,1,67.365432,69.000005,0.976311,0.003361,,,0.003361,0.003711,3,0,0
rho\set01\rho_0.2.py,rho,1,rho,0.2,2,5,5,0.5,0.5,0.2,0.6,1.0,0.5,13.800002,40,13,46.000002,69.00001,21.433334,1,1,1001,0,heuristic_v5b,infeasible,0,,46.000002,,0.001358,,over budget: E=46.0000 > B=13.8000,0.001358,0.001446,3,0,0
rho\set01\rho_0.3.py,rho,1,rho,0.3,2,5,5,0.5,0.5,0.3,0.6,1.0,0.5,20.700003,40,13,46.000002,69.00001,21.433334,1,1,1001,0,heuristic_v5b,infeasible,0,,46.000002,,0.001425,,over budget: E=46.0000 > B=20.7000,0.001425,0.001855,3,0,0
rho\set01\rho_0.4.py,rho,1,rho,0.4,2,5,5,0.5,0.5,0.4,0.6,1.0,0.5,27.600004,40,13,46.000002,69.00001,21.433334,1,1,1001,0,heuristic_v5b,infeasible,0,,30.250001,,0.006502,,over budget: E=30.2500 > B=27.6000,0.006502,0.007613,3,0,0
rho\set01\rho_0.5.py,rho,1,rho,0.5,2,5,5,0.5,0.5,0.5,0.6,1.0,0.5,34.500005,40,13,46.000002,69.00001,21.433334,1,1,1001,0,heuristic_v5b,solved,1,17.565024,34.103934,0.515044,0.008403,,,0.008403,0.021535,3,0,0
rho\set01\rho_0.6.py,rho,1,rho,0.6,2,5,5,0.5,0.5,0.6,0.6,1.0,0.5,41.400006,40,13,46.000002,69.00001,21.433334,1,1,1001,0,heuristic_v5b,solved,1,31.535885,40.967101,0.769786,0.008348,,,0.008348,0.022992,3,0,0
rho\set01\rho_0.7.py,rho,1,rho,0.7,2,5,5,0.5,0.5,0.7,0.6,1.0,0.5,48.300007,40,13,46.000002,69.00001,21.433334,1,1,1001,0,heuristic_v5b,solved,1,39.069917,48.270566,0.809394,0.007483,,,0.007483,0.008127,3,0,0
rho\set01\rho_0.8.py,rho,1,rho,0.8,2,5,5,0.5,0.5,0.8,0.6,1.0,0.5,55.200008,40,13,46.000002,69.00001,21.433334,1,1,1001,0,heuristic_v5b,solved,1,49.535067,54.4992,0.908914,0.004433,,,0.004433,0.010837,3,0,0
rho\set01\rho_0.9.py,rho,1,rho,0.9,2,5,5,0.5,0.5,0.9,0.6,1.0,0.5,62.100009,40,13,46.000002,69.00001,21.433334,1,1,1001,0,heuristic_v5b,solved,1,51.059243,60.773405,0.840158,0.005256,,,0.005256,0.010511,3,0,0
rho\set01\rho_1.py,rho,1,rho,1,2,5,5,0.5,0.5,1.0,0.6,1.0,0.5,69.00001,40,13,46.000002,69.00001,21.433334,1,1,1001,0,heuristic_v5b,solved,1,51.059243,68.740979,0.742777,0.003115,,,0.003115,0.003667,3,0,0
rho\set02\rho_0.2.py,rho,2,rho,0.2,2,5,5,0.5,0.5,0.2,0.6,1.0,0.5,13.8,40,11,46.000001,69.000001,21.400001,1,1,1002,0,heuristic_v5b,infeasible,0,,46.000001,,0.001786,,over budget: E=46.0000 > B=13.8000,0.001786,0.001877,3,0,0
rho\set02\rho_0.3.py,rho,2,rho,0.3,2,5,5,0.5,0.5,0.3,0.6,1.0,0.5,20.7,40,11,46.000001,69.000001,21.400001,1,1,1002,0,heuristic_v5b,infeasible,0,,46.000001,,0.001972,,over budget: E=46.0000 > B=20.7000,0.001972,0.002015,3,0,0
rho\set02\rho_0.4.py,rho,2,rho,0.4,2,5,5,0.5,0.5,0.4,0.6,1.0,0.5,27.6,40,11,46.000001,69.000001,21.400001,1,1,1002,0,heuristic_v5b,solved,1,0.540065,27.517764,0.019626,0.004075,,,0.004075,0.005789,3,0,0
rho\set02\rho_0.5.py,rho,2,rho,0.5,2,5,5,0.5,0.5,0.5,0.6,1.0,0.5,34.500001,40,11,46.000001,69.000001,21.400001,1,1,1002,0,heuristic_v5b,solved,1,22.656801,34.469469,0.657301,0.007259,,,0.007259,0.008803,3,0,0
rho\set02\rho_0.6.py,rho,2,rho,0.6,2,5,5,0.5,0.5,0.6,0.6,1.0,0.5,41.400001,40,11,46.000001,69.000001,21.400001,1,1,1002,0,heuristic_v5b,solved,1,35.522613,40.346049,0.880448,0.003597,,,0.003597,0.003898,3,0,0
rho\set02\rho_0.7.py,rho,2,rho,0.7,2,5,5,0.5,0.5,0.7,0.6,1.0,0.5,48.300001,40,11,46.000001,69.000001,21.400001,1,1,1002,0,heuristic_v5b,solved,1,43.807632,47.509133,0.922089,0.003404,,,0.003404,0.00352,3,0,0
rho\set02\rho_0.8.py,rho,2,rho,0.8,2,5,5,0.5,0.5,0.8,0.6,1.0,0.5,55.200001,40,11,46.000001,69.000001,21.400001,1,1,1002,0,heuristic_v5b,solved,1,51.945995,54.343128,0.955889,0.002881,,,0.002881,0.010006,3,0,0
rho\set02\rho_0.9.py,rho,2,rho,0.9,2,5,5,0.5,0.5,0.9,0.6,1.0,0.5,62.100001,40,11,46.000001,69.000001,21.400001,1,1,1002,0,heuristic_v5b,solved,1,64.899163,60.991916,1.064062,0.002658,,,0.002658,0.003717,3,0,0
rho\set02\rho_1.py,rho,2,rho,1,2,5,5,0.5,0.5,1.0,0.6,1.0,0.5,69.000001,40,11,46.000001,69.000001,21.400001,1,1,1002,0,heuristic_v5b,solved,1,68.404718,67.050306,1.0202,0.002854,,,0.002854,0.002999,3,0,0
rho\set03\rho_0.2.py,rho,3,rho,0.2,2,5,5,0.5,0.5,0.2,0.6,1.0,0.5,13.8,40,10,46.0,68.999999,21.433333,1,1,1003,0,heuristic_v5b,infeasible,0,,46.0,,0.002726,,over budget: E=46.0000 > B=13.8000,0.002726,0.003506,3,0,0
rho\set03\rho_0.3.py,rho,3,rho,0.3,2,5,5,0.5,0.5,0.3,0.6,1.0,0.5,20.7,40,10,46.0,68.999999,21.433333,1,1,1003,0,heuristic_v5b,infeasible,0,,46.0,,0.001553,,over budget: E=46.0000 > B=20.7000,0.001553,0.001718,3,0,0
rho\set03\rho_0.4.py,rho,3,rho,0.4,2,5,5,0.5,0.5,0.4,0.6,1.0,0.5,27.6,40,10,46.0,68.999999,21.433333,1,1,1003,0,heuristic_v5b,solved,1,13.556032,27.523621,0.492524,0.007003,,,0.007003,0.012254,3,0,0
rho\set03\rho_0.5.py,rho,3,rho,0.5,2,5,5,0.5,0.5,0.5,0.6,1.0,0.5,34.499999,40,10,46.0,68.999999,21.433333,1,1,1003,0,heuristic_v5b,solved,1,38.757014,34.46046,1.124681,0.005464,,,0.005464,0.008349,3,0,0
rho\set03\rho_0.6.py,rho,3,rho,0.6,2,5,5,0.5,0.5,0.6,0.6,1.0,0.5,41.399999,40,10,46.0,68.999999,21.433333,1,1,1003,0,heuristic_v5b,solved,1,56.590882,41.197607,1.373645,0.003379,,,0.003379,0.004175,3,0,0
rho\set03\rho_0.7.py,rho,3,rho,0.7,2,5,5,0.5,0.5,0.7,0.6,1.0,0.5,48.299999,40,10,46.0,68.999999,21.433333,1,1,1003,0,heuristic_v5b,solved,1,64.263979,48.094001,1.336216,0.004052,,,0.004052,0.00429,3,0,0
rho\set03\rho_0.8.py,rho,3,rho,0.8,2,5,5,0.5,0.5,0.8,0.6,1.0,0.5,55.199999,40,10,46.0,68.999999,21.433333,1,1,1003,0,heuristic_v5b,solved,1,66.121629,55.178281,1.198327,0.004226,,,0.004226,0.004261,3,0,0
rho\set03\rho_0.9.py,rho,3,rho,0.9,2,5,5,0.5,0.5,0.9,0.6,1.0,0.5,62.099999,40,10,46.0,68.999999,21.433333,1,1,1003,0,heuristic_v5b,solved,1,66.121629,61.992256,1.066611,0.002503,,,0.002503,0.003364,3,0,0
rho\set03\rho_1.py,rho,3,rho,1,2,5,5,0.5,0.5,1.0,0.6,1.0,0.5,68.999999,40,10,46.0,68.999999,21.433333,1,1,1003,0,heuristic_v5b,solved,1,66.121629,68.999999,0.958284,0.002061,,,0.002061,0.002692,3,0,0
rho\set04\rho_0.2.py,rho,4,rho,0.2,2,5,5,0.5,0.5,0.2,0.6,1.0,0.5,13.8,40,13,46.000002,69.0,22.042858,1,1,1004,0,heuristic_v5b,infeasible,0,,46.000002,,0.001411,,over budget: E=46.0000 > B=13.8000,0.001411,0.001869,3,0,0
rho\set04\rho_0.3.py,rho,4,rho,0.3,2,5,5,0.5,0.5,0.3,0.6,1.0,0.5,20.7,40,13,46.000002,69.0,22.042858,1,1,1004,0,heuristic_v5b,infeasible,0,,46.000002,,0.001474,,over budget: E=46.0000 > B=20.7000,0.001474,0.001896,3,0,0
rho\set04\rho_0.4.py,rho,4,rho,0.4,2,5,5,0.5,0.5,0.4,0.6,1.0,0.5,27.6,40,13,46.000002,69.0,22.042858,1,1,1004,0,heuristic_v5b,solved,1,8.527602,27.59143,0.309067,0.010581,,,0.010581,0.0125,3,0,0
rho\set04\rho_0.5.py,rho,4,rho,0.5,2,5,5,0.5,0.5,0.5,0.6,1.0,0.5,34.5,40,13,46.000002,69.0,22.042858,1,1,1004,0,heuristic_v5b,solved,1,26.007232,34.479341,0.754285,0.009876,,,0.009876,0.01023,3,0,0
rho\set04\rho_0.6.py,rho,4,rho,0.6,2,5,5,0.5,0.5,0.6,0.6,1.0,0.5,41.4,40,13,46.000002,69.0,22.042858,1,1,1004,0,heuristic_v5b,solved,1,39.322464,41.386978,0.950117,0.008162,,,0.008162,0.008725,3,0,0
rho\set04\rho_0.7.py,rho,4,rho,0.7,2,5,5,0.5,0.5,0.7,0.6,1.0,0.5,48.3,40,13,46.000002,69.0,22.042858,1,1,1004,0,heuristic_v5b,solved,1,48.593571,48.113555,1.009977,0.006129,,,0.006129,0.007963,3,0,0
rho\set04\rho_0.8.py,rho,4,rho,0.8,2,5,5,0.5,0.5,0.8,0.6,1.0,0.5,55.2,40,13,46.000002,69.0,22.042858,1,1,1004,0,heuristic_v5b,solved,1,55.978206,55.086092,1.016195,0.004379,,,0.004379,0.004684,3,0,0
rho\set04\rho_0.9.py,rho,4,rho,0.9,2,5,5,0.5,0.5,0.9,0.6,1.0,0.5,62.1,40,13,46.000002,69.0,22.042858,1,1,1004,0,heuristic_v5b,solved,1,56.900624,61.709146,0.922078,0.004332,,,0.004332,0.004986,3,0,0
rho\set04\rho_1.py,rho,4,rho,1,2,5,5,0.5,0.5,1.0,0.6,1.0,0.5,69.0,40,13,46.000002,69.0,22.042858,1,1,1004,0,heuristic_v5b,solved,1,56.900624,69.0,0.824647,0.002847,,,0.002847,0.003633,3,0,0
rho\set00\rho_0.2.py,rho,0,rho,0.2,2,5,5,0.5,0.5,0.2,0.6,1.0,0.5,13.800001,40,13,46.000002,69.000005,22.042858,1,1,1000,0,heuristic_claudeoptimal,infeasible,0,,46.000002,,0.001176,,over budget: E=46.0000 > B=13.8000,0.001176,0.00158,3,0,0
rho\set00\rho_0.3.py,rho,0,rho,0.3,2,5,5,0.5,0.5,0.3,0.6,1.0,0.5,20.700001,40,13,46.000002,69.000005,22.042858,1,1,1000,0,heuristic_claudeoptimal,infeasible,0,,46.000002,,0.001342,,over budget: E=46.0000 > B=20.7000,0.001342,0.001597,3,0,0
rho\set00\rho_0.4.py,rho,0,rho,0.4,2,5,5,0.5,0.5,0.4,0.6,1.0,0.5,27.600002,40,13,46.000002,69.000005,22.042858,1,1,1000,0,heuristic_claudeoptimal,solved,1,15.522822,27.521586,0.564024,0.080747,,,0.080747,0.096019,3,0,0
rho\set00\rho_0.5.py,rho,0,rho,0.5,2,5,5,0.5,0.5,0.5,0.6,1.0,0.5,34.500002,40,13,46.000002,69.000005,22.042858,1,1,1000,0,heuristic_claudeoptimal,solved,1,37.335986,34.398103,1.085408,0.040924,,,0.040924,0.057366,3,0,0
rho\set00\rho_0.6.py,rho,0,rho,0.6,2,5,5,0.5,0.5,0.6,0.6,1.0,0.5,41.400003,40,13,46.000002,69.000005,22.042858,1,1,1000,0,heuristic_claudeoptimal,solved,1,51.462131,41.362231,1.244182,0.023987,,,0.023987,0.029443,3,0,0
rho\set00\rho_0.7.py,rho,0,rho,0.7,2,5,5,0.5,0.5,0.7,0.6,1.0,0.5,48.300003,40,13,46.000002,69.000005,22.042858,1,1,1000,0,heuristic_claudeoptimal,solved,1,61.204256,47.921683,1.277173,0.008881,,,0.008881,0.010417,3,0,0
rho\set00\rho_0.8.py,rho,0,rho,0.8,2,5,5,0.5,0.5,0.8,0.6,1.0,0.5,55.200004,40,13,46.000002,69.000005,22.042858,1,1,1000,0,heuristic_claudeoptimal,solved,1,67.365432,55.057918,1.223538,0.007736,,,0.007736,0.007868,3,0,0
rho\set00\rho_0.9.py,rho,0,rho,0.9,2,5,5,0.5,0.5,0.9,0.6,1.0,0.5,62.100004,40,13,46.000002,69.000005,22.042858,1,1,1000,0,heuristic_claudeoptimal,solved,1,67.365432,62.02227,1.086149,0.006393,,,0.006393,0.007199,3,0,0
rho\set00\rho_1.py,rho,0,rho,1,2,5,5,0.5,0.5,1.0,0.6,1.0,0.5,69.000005,40,13,46.000002,69.000005,22.042858,1,1,1000,0,heuristic_claudeoptimal,solved,1,67.365432,69.000005,0.976311,0.00585,,,0.00585,0.008002,3,0,0
rho\set01\rho_0.2.py,rho,1,rho,0.2,2,5,5,0.5,0.5,0.2,0.6,1.0,0.5,13.800002,40,13,46.000002,69.00001,21.433334,1,1,1001,0,heuristic_claudeoptimal,infeasible,0,,46.000002,,0.000821,,over budget: E=46.0000 > B=13.8000,0.000821,0.00098,3,0,0
rho\set01\rho_0.3.py,rho,1,rho,0.3,2,5,5,0.5,0.5,0.3,0.6,1.0,0.5,20.700003,40,13,46.000002,69.00001,21.433334,1,1,1001,0,heuristic_claudeoptimal,infeasible,0,,46.000002,,0.000907,,over budget: E=46.0000 > B=20.7000,0.000907,0.000947,3,0,0
rho\set01\rho_0.4.py,rho,1,rho,0.4,2,5,5,0.5,0.5,0.4,0.6,1.0,0.5,27.600004,40,13,46.000002,69.00001,21.433334,1,1,1001,0,heuristic_claudeoptimal,infeasible,0,,30.250001,,0.005012,,over budget: E=30.2500 > B=27.6000,0.005012,0.005586,3,0,0
rho\set01\rho_0.5.py,rho,1,rho,0.5,2,5,5,0.5,0.5,0.5,0.6,1.0,0.5,34.500005,40,13,46.000002,69.00001,21.433334,1,1,1001,0,heuristic_claudeoptimal,solved,1,16.268589,34.149675,0.476391,0.025893,,,0.025893,0.027139,3,0,0
rho\set01\rho_0.6.py,rho,1,rho,0.6,2,5,5,0.5,0.5,0.6,0.6,1.0,0.5,41.400006,40,13,46.000002,69.00001,21.433334,1,1,1001,0,heuristic_claudeoptimal,solved,1,30.006157,41.361714,0.725457,0.043134,,,0.043134,0.054945,3,0,0
rho\set01\rho_0.7.py,rho,1,rho,0.7,2,5,5,0.5,0.5,0.7,0.6,1.0,0.5,48.300007,40,13,46.000002,69.00001,21.433334,1,1,1001,0,heuristic_claudeoptimal,solved,1,39.877901,48.170893,0.827842,0.021565,,,0.021565,0.022934,3,0,0
rho\set01\rho_0.8.py,rho,1,rho,0.8,2,5,5,0.5,0.5,0.8,0.6,1.0,0.5,55.200008,40,13,46.000002,69.00001,21.433334,1,1,1001,0,heuristic_claudeoptimal,solved,1,50.634528,54.835838,0.923384,0.014859,,,0.014859,0.017218,3,0,0
rho\set01\rho_0.9.py,rho,1,rho,0.9,2,5,5,0.5,0.5,0.9,0.6,1.0,0.5,62.100009,40,13,46.000002,69.00001,21.433334,1,1,1001,0,heuristic_claudeoptimal,solved,1,51.059243,60.773405,0.840158,0.009882,,,0.009882,0.010939,3,0,0
rho\set01\rho_1.py,rho,1,rho,1,2,5,5,0.5,0.5,1.0,0.6,1.0,0.5,69.00001,40,13,46.000002,69.00001,21.433334,1,1,1001,0,heuristic_claudeoptimal,solved,1,51.059243,68.740979,0.742777,0.005467,,,0.005467,0.006901,3,0,0
rho\set02\rho_0.2.py,rho,2,rho,0.2,2,5,5,0.5,0.5,0.2,0.6,1.0,0.5,13.8,40,11,46.000001,69.000001,21.400001,1,1,1002,0,heuristic_claudeoptimal,infeasible,0,,46.000001,,0.001228,,over budget: E=46.0000 > B=13.8000,0.001228,0.001546,3,0,0
rho\set02\rho_0.3.py,rho,2,rho,0.3,2,5,5,0.5,0.5,0.3,0.6,1.0,0.5,20.7,40,11,46.000001,69.000001,21.400001,1,1,1002,0,heuristic_claudeoptimal,infeasible,0,,46.000001,,0.001226,,over budget: E=46.0000 > B=20.7000,0.001226,0.001457,3,0,0
rho\set02\rho_0.4.py,rho,2,rho,0.4,2,5,5,0.5,0.5,0.4,0.6,1.0,0.5,27.6,40,11,46.000001,69.000001,21.400001,1,1,1002,0,heuristic_claudeoptimal,solved,1,21.033213,27.557,0.763262,0.010132,,,0.010132,0.012684,3,0,0
rho\set02\rho_0.5.py,rho,2,rho,0.5,2,5,5,0.5,0.5,0.5,0.6,1.0,0.5,34.500001,40,11,46.000001,69.000001,21.400001,1,1,1002,0,heuristic_claudeoptimal,solved,1,45.77997,34.34481,1.332952,0.008007,,,0.008007,0.009961,3,0,0
rho\set02\rho_0.6.py,rho,2,rho,0.6,2,5,5,0.5,0.5,0.6,0.6,1.0,0.5,41.400001,40,11,46.000001,69.000001,21.400001,1,1,1002,0,heuristic_claudeoptimal,solved,1,56.814833,41.316588,1.37511,0.004381,,,0.004381,0.005115,3,0,0
rho\set02\rho_0.7.py,rho,2,rho,0.7,2,5,5,0.5,0.5,0.7,0.6,1.0,0.5,48.300001,40,11,46.000001,69.000001,21.400001,1,1,1002,0,heuristic_claudeoptimal,solved,1,65.644495,48.017426,1.367097,0.006747,,,0.006747,0.008029,3,0,0
rho\set02\rho_0.8.py,rho,2,rho,0.8,2,5,5,0.5,0.5,0.8,0.6,1.0,0.5,55.200001,40,11,46.000001,69.000001,21.400001,1,1,1002,0,heuristic_claudeoptimal,solved,1,70.586681,54.840952,1.287116,0.006655,,,0.006655,0.00681,3,0,0
rho\set02\rho_0.9.py,rho,2,rho,0.9,2,5,5,0.5,0.5,0.9,0.6,1.0,0.5,62.100001,40,11,46.000001,69.000001,21.400001,1,1,1002,0,heuristic_claudeoptimal,solved,1,70.586681,61.48508,1.148029,0.003346,,,0.003346,0.004691,3,0,0
rho\set02\rho_1.py,rho,2,rho,1,2,5,5,0.5,0.5,1.0,0.6,1.0,0.5,69.000001,40,11,46.000001,69.000001,21.400001,1,1,1002,0,heuristic_claudeoptimal,solved,1,70.586681,68.983081,1.023246,0.005229,,,0.005229,0.006502,3,0,0
rho\set03\rho_0.2.py,rho,3,rho,0.2,2,5,5,0.5,0.5,0.2,0.6,1.0,0.5,13.8,40,10,46.0,68.999999,21.433333,1,1,1003,0,heuristic_claudeoptimal,infeasible,0,,46.0,,0.00111,,over budget: E=46.0000 > B=13.8000,0.00111,0.001268,3,0,0
rho\set03\rho_0.3.py,rho,3,rho,0.3,2,5,5,0.5,0.5,0.3,0.6,1.0,0.5,20.7,40,10,46.0,68.999999,21.433333,1,1,1003,0,heuristic_claudeoptimal,infeasible,0,,46.0,,0.000641,,over budget: E=46.0000 > B=20.7000,0.000641,0.000833,3,0,0
rho\set03\rho_0.4.py,rho,3,rho,0.4,2,5,5,0.5,0.5,0.4,0.6,1.0,0.5,27.6,40,10,46.0,68.999999,21.433333,1,1,1003,0,heuristic_claudeoptimal,solved,1,13.577478,27.56222,0.492612,0.014552,,,0.014552,0.017949,3,0,0
rho\set03\rho_0.5.py,rho,3,rho,0.5,2,5,5,0.5,0.5,0.5,0.6,1.0,0.5,34.499999,40,10,46.0,68.999999,21.433333,1,1,1003,0,heuristic_claudeoptimal,solved,1,39.004954,34.48448,1.131087,0.012588,,,0.012588,0.022065,3,0,0
rho\set03\rho_0.6.py,rho,3,rho,0.6,2,5,5,0.5,0.5,0.6,0.6,1.0,0.5,41.399999,40,10,46.0,68.999999,21.433333,1,1,1003,0,heuristic_claudeoptimal,solved,1,56.585495,41.100962,1.376744,0.012968,,,0.012968,0.013774,3,0,0
rho\set03\rho_0.7.py,rho,3,rho,0.7,2,5,5,0.5,0.5,0.7,0.6,1.0,0.5,48.299999,40,10,46.0,68.999999,21.433333,1,1,1003,0,heuristic_claudeoptimal,solved,1,64.875848,48.285199,1.343597,0.011803,,,0.011803,0.015031,3,0,0
rho\set03\rho_0.8.py,rho,3,rho,0.8,2,5,5,0.5,0.5,0.8,0.6,1.0,0.5,55.199999,40,10,46.0,68.999999,21.433333,1,1,1003,0,heuristic_claudeoptimal,solved,1,65.652181,55.040513,1.192797,0.008091,,,0.008091,0.010488,3,0,0
rho\set03\rho_0.9.py,rho,3,rho,0.9,2,5,5,0.5,0.5,0.9,0.6,1.0,0.5,62.099999,40,10,46.0,68.999999,21.433333,1,1,1003,0,heuristic_claudeoptimal,solved,1,66.121629,61.992256,1.066611,0.005647,,,0.005647,0.006603,3,0,0
rho\set03\rho_1.py,rho,3,rho,1,2,5,5,0.5,0.5,1.0,0.6,1.0,0.5,68.999999,40,10,46.0,68.999999,21.433333,1,1,1003,0,heuristic_claudeoptimal,solved,1,66.121629,68.999999,0.958284,0.004411,,,0.004411,0.005834,3,0,0
rho\set04\rho_0.2.py,rho,4,rho,0.2,2,5,5,0.5,0.5,0.2,0.6,1.0,0.5,13.8,40,13,46.000002,69.0,22.042858,1,1,1004,0,heuristic_claudeoptimal,infeasible,0,,46.000002,,0.001154,,over budget: E=46.0000 > B=13.8000,0.001154,0.001405,3,0,0
rho\set04\rho_0.3.py,rho,4,rho,0.3,2,5,5,0.5,0.5,0.3,0.6,1.0,0.5,20.7,40,13,46.000002,69.0,22.042858,1,1,1004,0,heuristic_claudeoptimal,infeasible,0,,46.000002,,0.001103,,over budget: E=46.0000 > B=20.7000,0.001103,0.001262,3,0,0
rho\set04\rho_0.4.py,rho,4,rho,0.4,2,5,5,0.5,0.5,0.4,0.6,1.0,0.5,27.6,40,13,46.000002,69.0,22.042858,1,1,1004,0,heuristic_claudeoptimal,solved,1,11.829864,27.592604,0.428733,0.083753,,,0.083753,0.087383,3,0,0
rho\set04\rho_0.5.py,rho,4,rho,0.5,2,5,5,0.5,0.5,0.5,0.6,1.0,0.5,34.5,40,13,46.000002,69.0,22.042858,1,1,1004,0,heuristic_claudeoptimal,solved,1,32.25987,34.499352,0.935086,0.060799,,,0.060799,0.082452,3,0,0
rho\set04\rho_0.6.py,rho,4,rho,0.6,2,5,5,0.5,0.5,0.6,0.6,1.0,0.5,41.4,40,13,46.000002,69.0,22.042858,1,1,1004,0,heuristic_claudeoptimal,solved,1,42.404498,41.383591,1.024669,0.027331,,,0.027331,0.031024,3,0,0
rho\set04\rho_0.7.py,rho,4,rho,0.7,2,5,5,0.5,0.5,0.7,0.6,1.0,0.5,48.3,40,13,46.000002,69.0,22.042858,1,1,1004,0,heuristic_claudeoptimal,solved,1,52.901529,48.235321,1.096738,0.024809,,,0.024809,0.038005,3,0,0
rho\set04\rho_0.8.py,rho,4,rho,0.8,2,5,5,0.5,0.5,0.8,0.6,1.0,0.5,55.2,40,13,46.000002,69.0,22.042858,1,1,1004,0,heuristic_claudeoptimal,solved,1,55.978206,52.135968,1.073696,0.013468,,,0.013468,0.020557,3,0,0
rho\set04\rho_0.9.py,rho,4,rho,0.9,2,5,5,0.5,0.5,0.9,0.6,1.0,0.5,62.1,40,13,46.000002,69.0,22.042858,1,1,1004,0,heuristic_claudeoptimal,solved,1,56.900624,61.709146,0.922078,0.007609,,,0.007609,0.012276,3,0,0
rho\set04\rho_1.py,rho,4,rho,1,2,5,5,0.5,0.5,1.0,0.6,1.0,0.5,69.0,40,13,46.000002,69.0,22.042858,1,1,1004,0,heuristic_claudeoptimal,solved,1,56.900624,69.0,0.824647,0.008968,,,0.008968,0.017369,3,0,0
rho\set00\rho_0.2.py,rho,0,rho,0.2,2,5,5,0.5,0.5,0.2,0.6,1.0,0.5,13.800001,40,13,46.000002,69.000005,22.042858,1,1,1000,0,heuristic_v6,infeasible,0,,46.000002,,0.001348,,over budget: E=46.0000 > B=13.8000,0.001348,0.001551,3,0,0
rho\set00\rho_0.3.py,rho,0,rho,0.3,2,5,5,0.5,0.5,0.3,0.6,1.0,0.5,20.700001,40,13,46.000002,69.000005,22.042858,1,1,1000,0,heuristic_v6,infeasible,0,,46.000002,,0.001318,,over budget: E=46.0000 > B=20.7000,0.001318,0.001604,3,0,0
rho\set00\rho_0.4.py,rho,0,rho,0.4,2,5,5,0.5,0.5,0.4,0.6,1.0,0.5,27.600002,40,13,46.000002,69.000005,22.042858,1,1,1000,0,heuristic_v6,solved,1,19.19965,27.531021,0.697382,0.562614,,,0.562614,0.628554,3,0,0
rho\set00\rho_0.5.py,rho,0,rho,0.5,2,5,5,0.5,0.5,0.5,0.6,1.0,0.5,34.500002,40,13,46.000002,69.000005,22.042858,1,1,1000,0,heuristic_v6,solved,1,38.787359,34.247017,1.132576,0.301311,,,0.301311,0.347863,3,0,0
rho\set00\rho_0.6.py,rho,0,rho,0.6,2,5,5,0.5,0.5,0.6,0.6,1.0,0.5,41.400003,40,13,46.000002,69.000005,22.042858,1,1,1000,0,heuristic_v6,solved,1,53.662367,41.307245,1.299103,0.217973,,,0.217973,0.260634,3,0,0
rho\set00\rho_0.7.py,rho,0,rho,0.7,2,5,5,0.5,0.5,0.7,0.6,1.0,0.5,48.300003,40,13,46.000002,69.000005,22.042858,1,1,1000,0,heuristic_v6,solved,1,67.365432,47.602778,1.415158,0.148734,,,0.148734,0.176342,3,0,0
rho\set00\rho_0.8.py,rho,0,rho,0.8,2,5,5,0.5,0.5,0.8,0.6,1.0,0.5,55.200004,40,13,46.000002,69.000005,22.042858,1,1,1000,0,heuristic_v6,solved,1,67.365432,55.057918,1.223538,0.070237,,,0.070237,0.09293,3,0,0
rho\set00\rho_0.9.py,rho,0,rho,0.9,2,5,5,0.5,0.5,0.9,0.6,1.0,0.5,62.100004,40,13,46.000002,69.000005,22.042858,1,1,1000,0,heuristic_v6,solved,1,67.365432,62.02227,1.086149,0.039636,,,0.039636,0.059039,3,0,0
rho\set00\rho_1.py,rho,0,rho,1,2,5,5,0.5,0.5,1.0,0.6,1.0,0.5,69.000005,40,13,46.000002,69.000005,22.042858,1,1,1000,0,heuristic_v6,solved,1,67.365432,69.000005,0.976311,0.015331,,,0.015331,0.019268,3,0,0
rho\set01\rho_0.2.py,rho,1,rho,0.2,2,5,5,0.5,0.5,0.2,0.6,1.0,0.5,13.800002,40,13,46.000002,69.00001,21.433334,1,1,1001,0,heuristic_v6,infeasible,0,,46.000002,,0.000776,,over budget: E=46.0000 > B=13.8000,0.000776,0.000919,3,0,0
rho\set01\rho_0.3.py,rho,1,rho,0.3,2,5,5,0.5,0.5,0.3,0.6,1.0,0.5,20.700003,40,13,46.000002,69.00001,21.433334,1,1,1001,0,heuristic_v6,infeasible,0,,46.000002,,0.00085,,over budget: E=46.0000 > B=20.7000,0.00085,0.001053,3,0,0
rho\set01\rho_0.4.py,rho,1,rho,0.4,2,5,5,0.5,0.5,0.4,0.6,1.0,0.5,27.600004,40,13,46.000002,69.00001,21.433334,1,1,1001,0,heuristic_v6,infeasible,0,,30.250001,,0.00912,,over budget: E=30.2500 > B=27.6000,0.00912,0.009608,3,0,0
rho\set01\rho_0.5.py,rho,1,rho,0.5,2,5,5,0.5,0.5,0.5,0.6,1.0,0.5,34.500005,40,13,46.000002,69.00001,21.433334,1,1,1001,0,heuristic_v6,solved,1,18.467607,34.136383,0.540995,0.24582,,,0.24582,0.317159,3,0,0
rho\set01\rho_0.6.py,rho,1,rho,0.6,2,5,5,0.5,0.5,0.6,0.6,1.0,0.5,41.400006,40,13,46.000002,69.00001,21.433334,1,1,1001,0,heuristic_v6,solved,1,32.292925,41.39012,0.780209,0.239507,,,0.239507,0.292652,3,0,0
rho\set01\rho_0.7.py,rho,1,rho,0.7,2,5,5,0.5,0.5,0.7,0.6,1.0,0.5,48.300007,40,13,46.000002,69.00001,21.433334,1,1,1001,0,heuristic_v6,solved,1,44.924209,48.237359,0.931316,0.171299,,,0.171299,0.186264,3,0,0
rho\set01\rho_0.8.py,rho,1,rho,0.8,2,5,5,0.5,0.5,0.8,0.6,1.0,0.5,55.200008,40,13,46.000002,69.00001,21.433334,1,1,1001,0,heuristic_v6,solved,1,51.059243,54.294056,0.94042,0.08764,,,0.08764,0.100236,3,0,0
rho\set01\rho_0.9.py,rho,1,rho,0.9,2,5,5,0.5,0.5,0.9,0.6,1.0,0.5,62.100009,40,13,46.000002,69.00001,21.433334,1,1,1001,0,heuristic_v6,solved,1,51.059243,60.773405,0.840158,0.04073,,,0.04073,0.054122,3,0,0
rho\set01\rho_1.py,rho,1,rho,1,2,5,5,0.5,0.5,1.0,0.6,1.0,0.5,69.00001,40,13,46.000002,69.00001,21.433334,1,1,1001,0,heuristic_v6,solved,1,51.059243,68.740979,0.742777,0.035799,,,0.035799,0.042021,3,0,0
rho\set02\rho_0.2.py,rho,2,rho,0.2,2,5,5,0.5,0.5,0.2,0.6,1.0,0.5,13.8,40,11,46.000001,69.000001,21.400001,1,1,1002,0,heuristic_v6,infeasible,0,,46.000001,,0.001272,,over budget: E=46.0000 > B=13.8000,0.001272,0.001634,3,0,0
rho\set02\rho_0.3.py,rho,2,rho,0.3,2,5,5,0.5,0.5,0.3,0.6,1.0,0.5,20.7,40,11,46.000001,69.000001,21.400001,1,1,1002,0,heuristic_v6,infeasible,0,,46.000001,,0.001214,,over budget: E=46.0000 > B=20.7000,0.001214,0.00125,3,0,0
rho\set02\rho_0.4.py,rho,2,rho,0.4,2,5,5,0.5,0.5,0.4,0.6,1.0,0.5,27.6,40,11,46.000001,69.000001,21.400001,1,1,1002,0,heuristic_v6,solved,1,23.236059,27.436406,0.846906,0.086715,,,0.086715,0.100031,3,0,0
rho\set02\rho_0.5.py,rho,2,rho,0.5,2,5,5,0.5,0.5,0.5,0.6,1.0,0.5,34.500001,40,11,46.000001,69.000001,21.400001,1,1,1002,0,heuristic_v6,solved,1,45.77997,34.34481,1.332952,0.049792,,,0.049792,0.053793,3,0,0
rho\set02\rho_0.6.py,rho,2,rho,0.6,2,5,5,0.5,0.5,0.6,0.6,1.0,0.5,41.400001,40,11,46.000001,69.000001,21.400001,1,1,1002,0,heuristic_v6,solved,1,56.814833,41.316588,1.37511,0.031451,,,0.031451,0.03753,3,0,0
rho\set02\rho_0.7.py,rho,2,rho,0.7,2,5,5,0.5,0.5,0.7,0.6,1.0,0.5,48.300001,40,11,46.000001,69.000001,21.400001,1,1,1002,0,heuristic_v6,solved,1,68.404718,46.110381,1.483499,0.033479,,,0.033479,0.04574,3,0,0
rho\set02\rho_0.8.py,rho,2,rho,0.8,2,5,5,0.5,0.5,0.8,0.6,1.0,0.5,55.200001,40,11,46.000001,69.000001,21.400001,1,1,1002,0,heuristic_v6,solved,1,70.586681,53.17538,1.327432,0.014288,,,0.014288,0.023401,3,0,0
rho\set02\rho_0.9.py,rho,2,rho,0.9,2,5,5,0.5,0.5,0.9,0.6,1.0,0.5,62.100001,40,11,46.000001,69.000001,21.400001,1,1,1002,0,heuristic_v6,solved,1,70.586681,61.48508,1.148029,0.010286,,,0.010286,0.011587,3,0,0
rho\set02\rho_1.py,rho,2,rho,1,2,5,5,0.5,0.5,1.0,0.6,1.0,0.5,69.000001,40,11,46.000001,69.000001,21.400001,1,1,1002,0,heuristic_v6,solved,1,70.586681,68.983081,1.023246,0.007914,,,0.007914,0.009687,3,0,0
rho\set03\rho_0.2.py,rho,3,rho,0.2,2,5,5,0.5,0.5,0.2,0.6,1.0,0.5,13.8,40,10,46.0,68.999999,21.433333,1,1,1003,0,heuristic_v6,infeasible,0,,46.0,,0.00121,,over budget: E=46.0000 > B=13.8000,0.00121,0.001333,3,0,0
rho\set03\rho_0.3.py,rho,3,rho,0.3,2,5,5,0.5,0.5,0.3,0.6,1.0,0.5,20.7,40,10,46.0,68.999999,21.433333,1,1,1003,0,heuristic_v6,infeasible,0,,46.0,,0.000846,,over budget: E=46.0000 > B=20.7000,0.000846,0.000966,3,0,0
rho\set03\rho_0.4.py,rho,3,rho,0.4,2,5,5,0.5,0.5,0.4,0.6,1.0,0.5,27.6,40,10,46.0,68.999999,21.433333,1,1,1003,0,heuristic_v6,solved,1,20.942522,27.581788,0.759288,0.068944,,,0.068944,0.08412,3,0,0
rho\set03\rho_0.5.py,rho,3,rho,0.5,2,5,5,0.5,0.5,0.5,0.6,1.0,0.5,34.499999,40,10,46.0,68.999999,21.433333,1,1,1003,0,heuristic_v6,solved,1,41.185626,34.476823,1.194589,0.045895,,,0.045895,0.04736,3,0,0
rho\set03\rho_0.6.py,rho,3,rho,0.6,2,5,5,0.5,0.5,0.6,0.6,1.0,0.5,41.399999,40,10,46.0,68.999999,21.433333,1,1,1003,0,heuristic_v6,solved,1,56.590882,41.197607,1.373645,0.042363,,,0.042363,0.054682,3,0,0
rho\set03\rho_0.7.py,rho,3,rho,0.7,2,5,5,0.5,0.5,0.7,0.6,1.0,0.5,48.299999,40,10,46.0,68.999999,21.433333,1,1,1003,0,heuristic_v6,solved,1,65.507858,47.90385,1.367486,0.048142,,,0.048142,0.054661,3,0,0
rho\set03\rho_0.8.py,rho,3,rho,0.8,2,5,5,0.5,0.5,0.8,0.6,1.0,0.5,55.199999,40,10,46.0,68.999999,21.433333,1,1,1003,0,heuristic_v6,solved,1,66.121629,51.981238,1.272029,0.031714,,,0.031714,0.04315,3,0,0
rho\set03\rho_0.9.py,rho,3,rho,0.9,2,5,5,0.5,0.5,0.9,0.6,1.0,0.5,62.099999,40,10,46.0,68.999999,21.433333,1,1,1003,0,heuristic_v6,solved,1,66.121629,61.992256,1.066611,0.018724,,,0.018724,0.019959,3,0,0
rho\set03\rho_1.py,rho,3,rho,1,2,5,5,0.5,0.5,1.0,0.6,1.0,0.5,68.999999,40,10,46.0,68.999999,21.433333,1,1,1003,0,heuristic_v6,solved,1,66.121629,68.999999,0.958284,0.011411,,,0.011411,0.017107,3,0,0
rho\set04\rho_0.2.py,rho,4,rho,0.2,2,5,5,0.5,0.5,0.2,0.6,1.0,0.5,13.8,40,13,46.000002,69.0,22.042858,1,1,1004,0,heuristic_v6,infeasible,0,,46.000002,,0.000821,,over budget: E=46.0000 > B=13.8000,0.000821,0.000992,3,0,0
rho\set04\rho_0.3.py,rho,4,rho,0.3,2,5,5,0.5,0.5,0.3,0.6,1.0,0.5,20.7,40,13,46.000002,69.0,22.042858,1,1,1004,0,heuristic_v6,infeasible,0,,46.000002,,0.001379,,over budget: E=46.0000 > B=20.7000,0.001379,0.00149,3,0,0
rho\set04\rho_0.4.py,rho,4,rho,0.4,2,5,5,0.5,0.5,0.4,0.6,1.0,0.5,27.6,40,13,46.000002,69.0,22.042858,1,1,1004,0,heuristic_v6,solved,1,14.872663,27.590129,0.539057,0.191736,,,0.191736,0.217079,3,0,0
rho\set04\rho_0.5.py,rho,4,rho,0.5,2,5,5,0.5,0.5,0.5,0.6,1.0,0.5,34.5,40,13,46.000002,69.0,22.042858,1,1,1004,0,heuristic_v6,solved,1,32.236457,34.490436,0.934649,0.140343,,,0.140343,0.155153,3,0,0
rho\set04\rho_0.6.py,rho,4,rho,0.6,2,5,5,0.5,0.5,0.6,0.6,1.0,0.5,41.4,40,13,46.000002,69.0,22.042858,1,1,1004,0,heuristic_v6,solved,1,49.09473,41.305987,1.188562,0.120009,,,0.120009,0.135903,3,0,0
rho\set04\rho_0.7.py,rho,4,rho,0.7,2,5,5,0.5,0.5,0.7,0.6,1.0,0.5,48.3,40,13,46.000002,69.0,22.042858,1,1,1004,0,heuristic_v6,solved,1,55.042981,48.021177,1.146223,0.072755,,,0.072755,0.079647,3,0,0
rho\set04\rho_0.8.py,rho,4,rho,0.8,2,5,5,0.5,0.5,0.8,0.6,1.0,0.5,55.2,40,13,46.000002,69.0,22.042858,1,1,1004,0,heuristic_v6,solved,1,55.978206,52.899673,1.058196,0.033127,,,0.033127,0.042778,3,0,0
rho\set04\rho_0.9.py,rho,4,rho,0.9,2,5,5,0.5,0.5,0.9,0.6,1.0,0.5,62.1,40,13,46.000002,69.0,22.042858,1,1,1004,0,heuristic_v6,solved,1,56.900624,61.709146,0.922078,0.024745,,,0.024745,0.033487,3,0,0
rho\set04\rho_1.py,rho,4,rho,1,2,5,5,0.5,0.5,1.0,0.6,1.0,0.5,69.0,40,13,46.000002,69.0,22.042858,1,1,1004,0,heuristic_v6,solved,1,56.900624,69.0,0.824647,0.016491,,,0.016491,0.018238,3,0,0
rho\set00\rho_0.2.py,rho,0,rho,0.2,2,5,5,0.5,0.5,0.2,0.6,1.0,0.5,13.800001,40,13,46.000002,69.000005,22.042858,1,1,1000,0,heuristic_v7,infeasible,0,,46.000002,,0.00134,,over budget: E=46.0000 > B=13.8000,0.00134,0.001524,3,0,0
rho\set00\rho_0.3.py,rho,0,rho,0.3,2,5,5,0.5,0.5,0.3,0.6,1.0,0.5,20.700001,40,13,46.000002,69.000005,22.042858,1,1,1000,0,heuristic_v7,infeasible,0,,46.000002,,0.001334,,over budget: E=46.0000 > B=20.7000,0.001334,0.001456,3,0,0
rho\set00\rho_0.4.py,rho,0,rho,0.4,2,5,5,0.5,0.5,0.4,0.6,1.0,0.5,27.600002,40,13,46.000002,69.000005,22.042858,1,1,1000,0,heuristic_v7,solved,1,15.522822,27.41204,0.566278,0.125909,,,0.125909,0.147326,3,0,0
rho\set00\rho_0.5.py,rho,0,rho,0.5,2,5,5,0.5,0.5,0.5,0.6,1.0,0.5,34.500002,40,13,46.000002,69.000005,22.042858,1,1,1000,0,heuristic_v7,solved,1,38.658643,33.777725,1.144501,0.065363,,,0.065363,0.068285,3,0,0
rho\set00\rho_0.6.py,rho,0,rho,0.6,2,5,5,0.5,0.5,0.6,0.6,1.0,0.5,41.400003,40,13,46.000002,69.000005,22.042858,1,1,1000,0,heuristic_v7,solved,1,51.62339,41.396615,1.247044,0.049149,,,0.049149,0.052073,3,0,0
rho\set00\rho_0.7.py,rho,0,rho,0.7,2,5,5,0.5,0.5,0.7,0.6,1.0,0.5,48.300003,40,13,46.000002,69.000005,22.042858,1,1,1000,0,heuristic_v7,solved,1,62.96496,48.296842,1.303708,0.030381,,,0.030381,0.03771,3,0,0
rho\set00\rho_0.8.py,rho,0,rho,0.8,2,5,5,0.5,0.5,0.8,0.6,1.0,0.5,55.200004,40,13,46.000002,69.000005,22.042858,1,1,1000,0,heuristic_v7,solved,1,67.365432,55.057918,1.223538,0.017856,,,0.017856,0.026357,3,0,0
rho\set00\rho_0.9.py,rho,0,rho,0.9,2,5,5,0.5,0.5,0.9,0.6,1.0,0.5,62.100004,40,13,46.000002,69.000005,22.042858,1,1,1000,0,heuristic_v7,solved,1,67.365432,62.02227,1.086149,0.014118,,,0.014118,0.016777,3,0,0
rho\set00\rho_1.py,rho,0,rho,1,2,5,5,0.5,0.5,1.0,0.6,1.0,0.5,69.000005,40,13,46.000002,69.000005,22.042858,1,1,1000,0,heuristic_v7,solved,1,67.365432,69.000005,0.976311,0.010323,,,0.010323,0.010743,3,0,0
rho\set01\rho_0.2.py,rho,1,rho,0.2,2,5,5,0.5,0.5,0.2,0.6,1.0,0.5,13.800002,40,13,46.000002,69.00001,21.433334,1,1,1001,0,heuristic_v7,infeasible,0,,46.000002,,0.002147,,over budget: E=46.0000 > B=13.8000,0.002147,0.002328,3,0,0
rho\set01\rho_0.3.py,rho,1,rho,0.3,2,5,5,0.5,0.5,0.3,0.6,1.0,0.5,20.700003,40,13,46.000002,69.00001,21.433334,1,1,1001,0,heuristic_v7,infeasible,0,,46.000002,,0.001463,,over budget: E=46.0000 > B=20.7000,0.001463,0.002016,3,0,0
rho\set01\rho_0.4.py,rho,1,rho,0.4,2,5,5,0.5,0.5,0.4,0.6,1.0,0.5,27.600004,40,13,46.000002,69.00001,21.433334,1,1,1001,0,heuristic_v7,infeasible,0,,30.250001,,0.021196,,over budget: E=30.2500 > B=27.6000,0.021196,0.025347,3,0,0
rho\set01\rho_0.5.py,rho,1,rho,0.5,2,5,5,0.5,0.5,0.5,0.6,1.0,0.5,34.500005,40,13,46.000002,69.00001,21.433334,1,1,1001,0,heuristic_v7,solved,1,17.920091,34.470727,0.519864,0.06189,,,0.06189,0.066319,3,0,0
rho\set01\rho_0.6.py,rho,1,rho,0.6,2,5,5,0.5,0.5,0.6,0.6,1.0,0.5,41.400006,40,13,46.000002,69.00001,21.433334,1,1,1001,0,heuristic_v7,solved,1,31.535885,40.967101,0.769786,0.063606,,,0.063606,0.096332,3,0,0
rho\set01\rho_0.7.py,rho,1,rho,0.7,2,5,5,0.5,0.5,0.7,0.6,1.0,0.5,48.300007,40,13,46.000002,69.00001,21.433334,1,1,1001,0,heuristic_v7,solved,1,43.629795,48.284373,0.903601,0.104001,,,0.104001,0.111428,3,0,0
rho\set01\rho_0.8.py,rho,1,rho,0.8,2,5,5,0.5,0.5,0.8,0.6,1.0,0.5,55.200008,40,13,46.000002,69.00001,21.433334,1,1,1001,0,heuristic_v7,solved,1,50.634528,54.835838,0.923384,0.052959,,,0.052959,0.059013,3,0,0
rho\set01\rho_0.9.py,rho,1,rho,0.9,2,5,5,0.5,0.5,0.9,0.6,1.0,0.5,62.100009,40,13,46.000002,69.00001,21.433334,1,1,1001,0,heuristic_v7,solved,1,51.059243,60.773405,0.840158,0.033163,,,0.033163,0.044581,3,0,0
rho\set01\rho_1.py,rho,1,rho,1,2,5,5,0.5,0.5,1.0,0.6,1.0,0.5,69.00001,40,13,46.000002,69.00001,21.433334,1,1,1001,0,heuristic_v7,solved,1,51.059243,68.740979,0.742777,0.019136,,,0.019136,0.022947,3,0,0
rho\set02\rho_0.2.py,rho,2,rho,0.2,2,5,5,0.5,0.5,0.2,0.6,1.0,0.5,13.8,40,11,46.000001,69.000001,21.400001,1,1,1002,0,heuristic_v7,infeasible,0,,46.000001,,0.00241,,over budget: E=46.0000 > B=13.8000,0.00241,0.002634,3,0,0
rho\set02\rho_0.3.py,rho,2,rho,0.3,2,5,5,0.5,0.5,0.3,0.6,1.0,0.5,20.7,40,11,46.000001,69.000001,21.400001,1,1,1002,0,heuristic_v7,infeasible,0,,46.000001,,0.002177,,over budget: E=46.0000 > B=20.7000,0.002177,0.00242,3,0,0
rho\set02\rho_0.4.py,rho,2,rho,0.4,2,5,5,0.5,0.5,0.4,0.6,1.0,0.5,27.6,40,11,46.000001,69.000001,21.400001,1,1,1002,0,heuristic_v7,solved,1,21.033213,27.557,0.763262,0.046127,,,0.046127,0.055619,3,0,0
rho\set02\rho_0.5.py,rho,2,rho,0.5,2,5,5,0.5,0.5,0.5,0.6,1.0,0.5,34.500001,40,11,46.000001,69.000001,21.400001,1,1,1002,0,heuristic_v7,solved,1,45.77997,34.34481,1.332952,0.039775,,,0.039775,0.051077,3,0,0
rho\set02\rho_0.6.py,rho,2,rho,0.6,2,5,5,0.5,0.5,0.6,0.6,1.0,0.5,41.400001,40,11,46.000001,69.000001,21.400001,1,1,1002,0,heuristic_v7,solved,1,61.053184,40.989997,1.489465,0.037101,,,0.037101,0.038195,3,0,0
rho\set02\rho_0.7.py,rho,2,rho,0.7,2,5,5,0.5,0.5,0.7,0.6,1.0,0.5,48.300001,40,11,46.000001,69.000001,21.400001,1,1,1002,0,heuristic_v7,solved,1,68.404718,46.110381,1.483499,0.027872,,,0.027872,0.038921,3,0,0
rho\set02\rho_0.8.py,rho,2,rho,0.8,2,5,5,0.5,0.5,0.8,0.6,1.0,0.5,55.200001,40,11,46.000001,69.000001,21.400001,1,1,1002,0,heuristic_v7,solved,1,70.586681,54.840952,1.287116,0.013381,,,0.013381,0.015597,3,0,0
rho\set02\rho_0.9.py,rho,2,rho,0.9,2,5,5,0.5,0.5,0.9,0.6,1.0,0.5,62.100001,40,11,46.000001,69.000001,21.400001,1,1,1002,0,heuristic_v7,solved,1,70.586681,61.48508,1.148029,0.012132,,,0.012132,0.015313,3,0,0
rho\set02\rho_1.py,rho,2,rho,1,2,5,5,0.5,0.5,1.0,0.6,1.0,0.5,69.000001,40,11,46.000001,69.000001,21.400001,1,1,1002,0,heuristic_v7,solved,1,70.586681,68.983081,1.023246,0.009003,,,0.009003,0.012455,3,0,0
rho\set03\rho_0.2.py,rho,3,rho,0.2,2,5,5,0.5,0.5,0.2,0.6,1.0,0.5,13.8,40,10,46.0,68.999999,21.433333,1,1,1003,0,heuristic_v7,infeasible,0,,46.0,,0.002244,,over budget: E=46.0000 > B=13.8000,0.002244,0.00292,3,0,0
rho\set03\rho_0.3.py,rho,3,rho,0.3,2,5,5,0.5,0.5,0.3,0.6,1.0,0.5,20.7,40,10,46.0,68.999999,21.433333,1,1,1003,0,heuristic_v7,infeasible,0,,46.0,,0.002253,,over budget: E=46.0000 > B=20.7000,0.002253,0.002484,3,0,0
rho\set03\rho_0.4.py,rho,3,rho,0.4,2,5,5,0.5,0.5,0.4,0.6,1.0,0.5,27.6,40,10,46.0,68.999999,21.433333,1,1,1003,0,heuristic_v7,solved,1,20.942522,27.582546,0.759267,0.072172,,,0.072172,0.082589,3,0,0
rho\set03\rho_0.5.py,rho,3,rho,0.5,2,5,5,0.5,0.5,0.5,0.6,1.0,0.5,34.499999,40,10,46.0,68.999999,21.433333,1,1,1003,0,heuristic_v7,solved,1,39.004954,34.48448,1.131087,0.080478,,,0.080478,0.092981,3,0,0
rho\set03\rho_0.6.py,rho,3,rho,0.6,2,5,5,0.5,0.5,0.6,0.6,1.0,0.5,41.399999,40,10,46.0,68.999999,21.433333,1,1,1003,0,heuristic_v7,solved,1,59.622397,40.820368,1.460604,0.035597,,,0.035597,0.045217,3,0,0
rho\set03\rho_0.7.py,rho,3,rho,0.7,2,5,5,0.5,0.5,0.7,0.6,1.0,0.5,48.299999,40,10,46.0,68.999999,21.433333,1,1,1003,0,heuristic_v7,solved,1,65.507858,47.90385,1.367486,0.051839,,,0.051839,0.066981,3,0,0
rho\set03\rho_0.8.py,rho,3,rho,0.8,2,5,5,0.5,0.5,0.8,0.6,1.0,0.5,55.199999,40,10,46.0,68.999999,21.433333,1,1,1003,0,heuristic_v7,solved,1,66.121629,55.178281,1.198327,0.025515,,,0.025515,0.028989,3,0,0
rho\set03\rho_0.9.py,rho,3,rho,0.9,2,5,5,0.5,0.5,0.9,0.6,1.0,0.5,62.099999,40,10,46.0,68.999999,21.433333,1,1,1003,0,heuristic_v7,solved,1,66.121629,61.992256,1.066611,0.017053,,,0.017053,0.023841,3,0,0
rho\set03\rho_1.py,rho,3,rho,1,2,5,5,0.5,0.5,1.0,0.6,1.0,0.5,68.999999,40,10,46.0,68.999999,21.433333,1,1,1003,0,heuristic_v7,solved,1,66.121629,68.999999,0.958284,0.011469,,,0.011469,0.014262,3,0,0
rho\set04\rho_0.2.py,rho,4,rho,0.2,2,5,5,0.5,0.5,0.2,0.6,1.0,0.5,13.8,40,13,46.000002,69.0,22.042858,1,1,1004,0,heuristic_v7,infeasible,0,,46.000002,,0.002596,,over budget: E=46.0000 > B=13.8000,0.002596,0.003877,3,0,0
rho\set04\rho_0.3.py,rho,4,rho,0.3,2,5,5,0.5,0.5,0.3,0.6,1.0,0.5,20.7,40,13,46.000002,69.0,22.042858,1,1,1004,0,heuristic_v7,infeasible,0,,46.000002,,0.0024,,over budget: E=46.0000 > B=20.7000,0.0024,0.003047,3,0,0
rho\set04\rho_0.4.py,rho,4,rho,0.4,2,5,5,0.5,0.5,0.4,0.6,1.0,0.5,27.6,40,13,46.000002,69.0,22.042858,1,1,1004,0,heuristic_v7,solved,1,13.268116,27.596198,0.480795,0.169013,,,0.169013,0.222633,3,0,0
rho\set04\rho_0.5.py,rho,4,rho,0.5,2,5,5,0.5,0.5,0.5,0.6,1.0,0.5,34.5,40,13,46.000002,69.0,22.042858,1,1,1004,0,heuristic_v7,solved,1,32.065192,34.453788,0.930672,0.111124,,,0.111124,0.138603,3,0,0
rho\set04\rho_0.6.py,rho,4,rho,0.6,2,5,5,0.5,0.5,0.6,0.6,1.0,0.5,41.4,40,13,46.000002,69.0,22.042858,1,1,1004,0,heuristic_v7,solved,1,49.09473,41.305987,1.188562,0.098736,,,0.098736,0.139303,3,0,0
rho\set04\rho_0.7.py,rho,4,rho,0.7,2,5,5,0.5,0.5,0.7,0.6,1.0,0.5,48.3,40,13,46.000002,69.0,22.042858,1,1,1004,0,heuristic_v7,solved,1,52.901529,48.235321,1.096738,0.066733,,,0.066733,0.087757,3,0,0
rho\set04\rho_0.8.py,rho,4,rho,0.8,2,5,5,0.5,0.5,0.8,0.6,1.0,0.5,55.2,40,13,46.000002,69.0,22.042858,1,1,1004,0,heuristic_v7,solved,1,56.900624,55.137183,1.031983,0.047612,,,0.047612,0.06953,3,0,0
rho\set04\rho_0.9.py,rho,4,rho,0.9,2,5,5,0.5,0.5,0.9,0.6,1.0,0.5,62.1,40,13,46.000002,69.0,22.042858,1,1,1004,0,heuristic_v7,solved,1,56.900624,61.709146,0.922078,0.018793,,,0.018793,0.019478,3,0,0
rho\set04\rho_1.py,rho,4,rho,1,2,5,5,0.5,0.5,1.0,0.6,1.0,0.5,69.0,40,13,46.000002,69.0,22.042858,1,1,1004,0,heuristic_v7,solved,1,56.900624,69.0,0.824647,0.014895,,,0.014895,0.01808,3,0,0
