file,sweep,set,factor,value,n_prc,n_tsk,n_frq,u_mand_factor,u_opt_factor,rho,xi,U_M,U_O,B,H,J,e_mand_fmax,e_full_fmax,e_mand_min,feasible,donate_ok,seed,redraws,model,status,model_feasible,utility,energy,util_per_energy,runtime,gap,error,runtime_best,runtime_worst,repeats,censored,nondeterministic
n_frq\set00\n_frq_2.py,n_frq,0,n_frq,2,2,5,2,0.5,0.5,0.7,0.6,1.0,0.5,48.3,40,11,46.000001,69.0,24.400001,1,1,1000,0,ilp_v2,optimal,1,43.596575,48.217125,0.904172,0.01135,0.0,,0.01135,0.066485,3,0,0
n_frq\set00\n_frq_2.py,n_frq,0,n_frq,2,2,5,2,0.5,0.5,0.7,0.6,1.0,0.5,48.3,40,11,46.000001,69.0,24.400001,1,1,1000,0,ilp_v3,optimal,1,53.477047,47.999952,1.114106,0.058869,0.0,,0.058869,0.066808,3,0,0
n_frq\set00\n_frq_2.py,n_frq,0,n_frq,2,2,5,2,0.5,0.5,0.7,0.6,1.0,0.5,48.3,40,11,46.000001,69.0,24.400001,1,1,1000,0,ilp_v4,optimal,1,53.477047,47.999952,1.114106,0.104359,0.0,,0.104359,0.110266,3,0,0
n_frq\set00\n_frq_2.py,n_frq,0,n_frq,2,2,5,2,0.5,0.5,0.7,0.6,1.0,0.5,48.3,40,11,46.000001,69.0,24.400001,1,1,1000,0,greedy_sps_baseline,solved,1,7.19379,48.128772,0.14947,0.00096,,,0.00096,0.001868,3,0,0
n_frq\set00\n_frq_3.py,n_frq,0,n_frq,3,2,5,3,0.5,0.5,0.7,0.6,1.0,0.5,48.3,40,11,46.000001,69.0,24.400001,1,1,1000,0,ilp_v2,optimal,1,47.201465,48.075085,0.981828,0.075075,0.0,,0.075075,0.077991,3,0,0
n_frq\set00\n_frq_3.py,n_frq,0,n_frq,3,2,5,3,0.5,0.5,0.7,0.6,1.0,0.5,48.3,40,11,46.000001,69.0,24.400001,1,1,1000,0,ilp_v3,optimal,1,61.761488,47.564979,1.298466,0.025683,0.0,,0.025683,0.027347,3,0,0
n_frq\set00\n_frq_3.py,n_frq,0,n_frq,3,2,5,3,0.5,0.5,0.7,0.6,1.0,0.5,48.3,40,11,46.000001,69.0,24.400001,1,1,1000,0,ilp_v4,optimal,1,61.761488,47.564979,1.298466,0.128489,0.0,,0.128489,0.135258,3,0,0
n_frq\set00\n_frq_3.py,n_frq,0,n_frq,3,2,5,3,0.5,0.5,0.7,0.6,1.0,0.5,48.3,40,11,46.000001,69.0,24.400001,1,1,1000,0,greedy_sps_baseline,solved,1,7.19379,48.128772,0.14947,0.001223,,,0.001223,0.001841,3,0,0
n_frq\set00\n_frq_5.py,n_frq,0,n_frq,5,2,5,5,0.5,0.5,0.7,0.6,1.0,0.5,48.300003,40,13,46.000002,69.000005,22.042858,1,1,1000,0,ilp_v2,optimal,1,64.70866,48.292486,1.339932,0.030121,0.0,,0.030121,0.031931,3,0,0
n_frq\set00\n_frq_5.py,n_frq,0,n_frq,5,2,5,5,0.5,0.5,0.7,0.6,1.0,0.5,48.300003,40,13,46.000002,69.000005,22.042858,1,1,1000,0,ilp_v3,optimal,1,61.915628,47.940817,1.291501,0.0639,0.0,,0.0639,0.069231,3,0,0
n_frq\set00\n_frq_5.py,n_frq,0,n_frq,5,2,5,5,0.5,0.5,0.7,0.6,1.0,0.5,48.300003,40,13,46.000002,69.000005,22.042858,1,1,1000,0,ilp_v4,optimal,1,67.365432,47.602778,1.415158,0.065112,0.0,,0.065112,0.074789,3,0,0
n_frq\set00\n_frq_5.py,n_frq,0,n_frq,5,2,5,5,0.5,0.5,0.7,0.6,1.0,0.5,48.300003,40,13,46.000002,69.000005,22.042858,1,1,1000,0,greedy_sps_baseline,solved,1,8.364274,48.284027,0.173231,0.001018,,,0.001018,0.001137,3,0,0
n_frq\set00\n_frq_8.py,n_frq,0,n_frq,8,2,5,8,0.5,0.5,0.7,0.6,1.0,0.5,48.300001,40,10,46.000002,69.000001,22.042858,1,1,1000,0,ilp_v2,optimal,1,42.924736,48.231784,0.889968,0.01124,0.0,,0.01124,0.012359,3,0,0
n_frq\set00\n_frq_8.py,n_frq,0,n_frq,8,2,5,8,0.5,0.5,0.7,0.6,1.0,0.5,48.300001,40,10,46.000002,69.000001,22.042858,1,1,1000,0,ilp_v3,optimal,1,61.250937,48.212357,1.270441,0.008075,0.0,,0.008075,0.009907,3,0,0
n_frq\set00\n_frq_8.py,n_frq,0,n_frq,8,2,5,8,0.5,0.5,0.7,0.6,1.0,0.5,48.300001,40,10,46.000002,69.000001,22.042858,1,1,1000,0,ilp_v4,optimal,1,61.250937,48.184693,1.27117,0.022747,0.0,,0.022747,0.023783,3,0,0
n_frq\set00\n_frq_8.py,n_frq,0,n_frq,8,2,5,8,0.5,0.5,0.7,0.6,1.0,0.5,48.300001,40,10,46.000002,69.000001,22.042858,1,1,1000,0,greedy_sps_baseline,solved,1,7.94582,48.188359,0.164891,0.000504,,,0.000504,0.000678,3,0,0
n_frq\set00\n_frq_12.py,n_frq,0,n_frq,12,2,5,12,0.5,0.5,0.7,0.6,1.0,0.5,48.300005,40,12,46.000001,69.000007,21.433334,1,1,1000,0,ilp_v2,optimal,1,26.744724,48.277668,0.553977,0.181648,0.0,,0.181648,0.187359,3,0,0
n_frq\set00\n_frq_12.py,n_frq,0,n_frq,12,2,5,12,0.5,0.5,0.7,0.6,1.0,0.5,48.300005,40,12,46.000001,69.000007,21.433334,1,1,1000,0,ilp_v3,optimal,1,32.639199,48.2097,0.677026,0.1625,0.0,,0.1625,0.187693,3,0,0
n_frq\set00\n_frq_12.py,n_frq,0,n_frq,12,2,5,12,0.5,0.5,0.7,0.6,1.0,0.5,48.300005,40,12,46.000001,69.000007,21.433334,1,1,1000,0,ilp_v4,optimal,1,32.979276,48.279227,0.683095,0.271702,0.0,,0.271702,0.308468,3,0,0
n_frq\set00\n_frq_12.py,n_frq,0,n_frq,12,2,5,12,0.5,0.5,0.7,0.6,1.0,0.5,48.300005,40,12,46.000001,69.000007,21.433334,1,1,1000,0,greedy_sps_baseline,solved,1,8.470317,48.159647,0.17588,0.002295,,,0.002295,0.003154,3,0,0
n_frq\set01\n_frq_2.py,n_frq,1,n_frq,2,2,5,2,0.5,0.5,0.7,0.6,1.0,0.5,48.299997,40,12,45.999998,68.999995,23.599999,1,1,1001,0,ilp_v2,optimal,1,30.265868,48.159731,0.628448,0.013309,0.0,,0.013309,0.014879,3,0,0
n_frq\set01\n_frq_2.py,n_frq,1,n_frq,2,2,5,2,0.5,0.5,0.7,0.6,1.0,0.5,48.299997,40,12,45.999998,68.999995,23.599999,1,1,1001,0,ilp_v3,optimal,1,29.846774,48.152783,0.619835,0.009225,0.0,,0.009225,0.010417,3,0,0
n_frq\set01\n_frq_2.py,n_frq,1,n_frq,2,2,5,2,0.5,0.5,0.7,0.6,1.0,0.5,48.299997,40,12,45.999998,68.999995,23.599999,1,1,1001,0,ilp_v4,optimal,1,31.273131,48.091622,0.650282,0.110175,0.0,,0.110175,0.117572,3,0,0
n_frq\set01\n_frq_2.py,n_frq,1,n_frq,2,2,5,2,0.5,0.5,0.7,0.6,1.0,0.5,48.299997,40,12,45.999998,68.999995,23.599999,1,1,1001,0,greedy_sps_baseline,solved,1,8.798943,48.270015,0.182286,0.00157,,,0.00157,0.002095,3,0,0
n_frq\set01\n_frq_3.py,n_frq,1,n_frq,3,2,5,3,0.5,0.5,0.7,0.6,1.0,0.5,48.299997,40,12,45.999998,68.999995,23.599999,1,1,1001,0,ilp_v2,optimal,1,42.790269,46.726546,0.915759,0.007264,0.0,,0.007264,0.009351,3,0,0
n_frq\set01\n_frq_3.py,n_frq,1,n_frq,3,2,5,3,0.5,0.5,0.7,0.6,1.0,0.5,48.299997,40,12,45.999998,68.999995,23.599999,1,1,1001,0,ilp_v3,optimal,1,42.790269,47.132862,0.907865,0.011373,0.0,,0.011373,0.012542,3,0,0
n_frq\set01\n_frq_3.py,n_frq,1,n_frq,3,2,5,3,0.5,0.5,0.7,0.6,1.0,0.5,48.299997,40,12,45.999998,68.999995,23.599999,1,1,1001,0,ilp_v4,optimal,1,42.790269,48.014088,0.891202,0.096097,0.0,,0.096097,0.106861,3,0,0
n_frq\set01\n_frq_3.py,n_frq,1,n_frq,3,2,5,3,0.5,0.5,0.7,0.6,1.0,0.5,48.299997,40,12,45.999998,68.999995,23.599999,1,1,1001,0,greedy_sps_baseline,solved,1,8.798943,48.270015,0.182286,0.001484,,,0.001484,0.003042,3,0,0
n_frq\set01\n_frq_5.py,n_frq,1,n_frq,5,2,5,5,0.5,0.5,0.7,0.6,1.0,0.5,48.300007,40,13,46.000002,69.00001,21.433334,1,1,1001,0,ilp_v2,optimal,1,44.434702,48.263013,0.920678,0.035777,0.0,,0.035777,0.042189,3,0,0
n_frq\set01\n_frq_5.py,n_frq,1,n_frq,5,2,5,5,0.5,0.5,0.7,0.6,1.0,0.5,48.300007,40,13,46.000002,69.00001,21.433334,1,1,1001,0,ilp_v3,optimal,1,38.281158,48.280096,0.792897,0.186123,0.0,,0.186123,0.193768,3,0,0
n_frq\set01\n_frq_5.py,n_frq,1,n_frq,5,2,5,5,0.5,0.5,0.7,0.6,1.0,0.5,48.300007,40,13,46.000002,69.00001,21.433334,1,1,1001,0,ilp_v4,optimal,1,45.172125,48.226295,0.93667,0.177631,0.0,,0.177631,0.183386,3,0,0
n_frq\set01\n_frq_5.py,n_frq,1,n_frq,5,2,5,5,0.5,0.5,0.7,0.6,1.0,0.5,48.300007,40,13,46.000002,69.00001,21.433334,1,1,1001,0,greedy_sps_baseline,solved,1,6.057065,48.182155,0.125712,0.005435,,,0.005435,0.005624,3,0,0
n_frq\set01\n_frq_8.py,n_frq,1,n_frq,8,2,5,8,0.5,0.5,0.7,0.6,1.0,0.5,48.299998,40,10,46.0,68.999997,21.4,1,1,1001,0,ilp_v2,optimal,1,55.060115,48.267882,1.14072,0.08465,0.0,,0.08465,0.088868,3,0,0
n_frq\set01\n_frq_8.py,n_frq,1,n_frq,8,2,5,8,0.5,0.5,0.7,0.6,1.0,0.5,48.299998,40,10,46.0,68.999997,21.4,1,1,1001,0,ilp_v3,optimal,1,55.060115,48.267882,1.14072,0.08653,0.0,,0.08653,0.089752,3,0,0
n_frq\set01\n_frq_8.py,n_frq,1,n_frq,8,2,5,8,0.5,0.5,0.7,0.6,1.0,0.5,48.299998,40,10,46.0,68.999997,21.4,1,1,1001,0,ilp_v4,optimal,1,60.299345,48.295539,1.248549,0.071071,0.0,,0.071071,0.077763,3,0,0
n_frq\set01\n_frq_8.py,n_frq,1,n_frq,8,2,5,8,0.5,0.5,0.7,0.6,1.0,0.5,48.299998,40,10,46.0,68.999997,21.4,1,1,1001,0,greedy_sps_baseline,solved,1,6.751487,48.274801,0.139855,0.001352,,,0.001352,0.001531,3,0,0
n_frq\set01\n_frq_12.py,n_frq,1,n_frq,12,2,5,12,0.5,0.5,0.7,0.6,1.0,0.5,48.299999,40,12,45.999999,68.999999,21.399999,1,1,1001,0,ilp_v2,optimal,1,34.099771,45.886596,0.743131,0.43463,0.0,,0.43463,0.446099,3,0,0
n_frq\set01\n_frq_12.py,n_frq,1,n_frq,12,2,5,12,0.5,0.5,0.7,0.6,1.0,0.5,48.299999,40,12,45.999999,68.999999,21.399999,1,1,1001,0,ilp_v3,optimal,1,34.099771,45.855084,0.743642,0.02606,0.0,,0.02606,0.026197,3,0,0
n_frq\set01\n_frq_12.py,n_frq,1,n_frq,12,2,5,12,0.5,0.5,0.7,0.6,1.0,0.5,48.299999,40,12,45.999999,68.999999,21.399999,1,1,1001,0,ilp_v4,optimal,1,38.330363,48.286013,0.793819,0.094313,0.0,,0.094313,0.10733,3,0,0
n_frq\set01\n_frq_12.py,n_frq,1,n_frq,12,2,5,12,0.5,0.5,0.7,0.6,1.0,0.5,48.299999,40,12,45.999999,68.999999,21.399999,1,1,1001,0,greedy_sps_baseline,solved,1,9.561223,48.292753,0.197985,0.001253,,,0.001253,0.001734,3,0,0
n_frq\set02\n_frq_2.py,n_frq,2,n_frq,2,2,5,2,0.5,0.5,0.7,0.6,1.0,0.5,48.300002,40,15,46.0,69.000002,28.171429,1,1,1002,0,ilp_v2,optimal,1,79.151174,48.276721,1.639531,0.028268,0.0,,0.028268,0.029579,3,0,0
n_frq\set02\n_frq_2.py,n_frq,2,n_frq,2,2,5,2,0.5,0.5,0.7,0.6,1.0,0.5,48.300002,40,15,46.0,69.000002,28.171429,1,1,1002,0,ilp_v3,optimal,1,76.568911,48.294421,1.585461,0.152897,0.0,,0.152897,0.154631,3,0,0
n_frq\set02\n_frq_2.py,n_frq,2,n_frq,2,2,5,2,0.5,0.5,0.7,0.6,1.0,0.5,48.300002,40,15,46.0,69.000002,28.171429,1,1,1002,0,ilp_v4,optimal,1,79.478564,48.283349,1.646086,0.126814,0.0,,0.126814,0.135399,3,0,0
n_frq\set02\n_frq_2.py,n_frq,2,n_frq,2,2,5,2,0.5,0.5,0.7,0.6,1.0,0.5,48.300002,40,15,46.0,69.000002,28.171429,1,1,1002,0,greedy_sps_baseline,solved,1,7.156787,48.284774,0.14822,0.002099,,,0.002099,0.002254,3,0,0
n_frq\set02\n_frq_3.py,n_frq,2,n_frq,3,2,5,3,0.5,0.5,0.7,0.6,1.0,0.5,48.300002,40,15,46.000003,69.000003,24.400002,1,1,1002,0,ilp_v2,optimal,1,59.122981,47.97459,1.232381,0.014136,0.0,,0.014136,0.014329,3,0,0
n_frq\set02\n_frq_3.py,n_frq,2,n_frq,3,2,5,3,0.5,0.5,0.7,0.6,1.0,0.5,48.300002,40,15,46.000003,69.000003,24.400002,1,1,1002,0,ilp_v3,optimal,1,73.391042,48.211413,1.522275,0.043278,4.5e-05,,0.043278,0.045224,3,0,0
n_frq\set02\n_frq_3.py,n_frq,2,n_frq,3,2,5,3,0.5,0.5,0.7,0.6,1.0,0.5,48.300002,40,15,46.000003,69.000003,24.400002,1,1,1002,0,ilp_v4,optimal,1,78.815847,48.229115,1.634196,0.052768,0.0,,0.052768,0.067921,3,0,0
n_frq\set02\n_frq_3.py,n_frq,2,n_frq,3,2,5,3,0.5,0.5,0.7,0.6,1.0,0.5,48.300002,40,15,46.000003,69.000003,24.400002,1,1,1002,0,greedy_sps_baseline,solved,1,6.096376,47.946536,0.127149,0.003438,,,0.003438,0.003571,3,0,0
n_frq\set02\n_frq_5.py,n_frq,2,n_frq,5,2,5,5,0.5,0.5,0.7,0.6,1.0,0.5,48.300001,40,11,46.000001,69.000001,21.400001,1,1,1002,0,ilp_v2,optimal,1,68.404718,47.739505,1.432874,0.017142,0.0,,0.017142,0.021461,3,0,0
n_frq\set02\n_frq_5.py,n_frq,2,n_frq,5,2,5,5,0.5,0.5,0.7,0.6,1.0,0.5,48.300001,40,11,46.000001,69.000001,21.400001,1,1,1002,0,ilp_v3,optimal,1,60.599474,48.298349,1.25469,0.028976,5.8e-05,,0.028976,0.032667,3,0,0
n_frq\set02\n_frq_5.py,n_frq,2,n_frq,5,2,5,5,0.5,0.5,0.7,0.6,1.0,0.5,48.300001,40,11,46.000001,69.000001,21.400001,1,1,1002,0,ilp_v4,optimal,1,69.490474,47.197065,1.472347,0.035551,0.0,,0.035551,0.050981,3,0,0
n_frq\set02\n_frq_5.py,n_frq,2,n_frq,5,2,5,5,0.5,0.5,0.7,0.6,1.0,0.5,48.300001,40,11,46.000001,69.000001,21.400001,1,1,1002,0,greedy_sps_baseline,solved,1,8.500133,48.282551,0.17605,0.00109,,,0.00109,0.001244,3,0,0
n_frq\set02\n_frq_8.py,n_frq,2,n_frq,8,2,5,8,0.5,0.5,0.7,0.6,1.0,0.5,48.300001,40,9,45.999999,69.000001,21.399999,1,1,1002,0,ilp_v2,optimal,1,51.033302,47.431763,1.075931,0.018137,0.0,,0.018137,0.02519,3,0,0
n_frq\set02\n_frq_8.py,n_frq,2,n_frq,8,2,5,8,0.5,0.5,0.7,0.6,1.0,0.5,48.300001,40,9,45.999999,69.000001,21.399999,1,1,1002,0,ilp_v3,optimal,1,47.401148,46.805301,1.01273,0.020431,0.0,,0.020431,0.024902,3,0,0
n_frq\set02\n_frq_8.py,n_frq,2,n_frq,8,2,5,8,0.5,0.5,0.7,0.6,1.0,0.5,48.300001,40,9,45.999999,69.000001,21.399999,1,1,1002,0,ilp_v4,optimal,1,51.033302,47.431763,1.075931,0.034411,0.0,,0.034411,0.042973,3,0,0
n_frq\set02\n_frq_8.py,n_frq,2,n_frq,8,2,5,8,0.5,0.5,0.7,0.6,1.0,0.5,48.300001,40,9,45.999999,69.000001,21.399999,1,1,1002,0,greedy_sps_baseline,solved,1,5.542137,47.767551,0.116023,0.001468,,,0.001468,0.001607,3,0,0
n_frq\set02\n_frq_12.py,n_frq,2,n_frq,12,2,5,12,0.5,0.5,0.7,0.6,1.0,0.5,48.3,40,12,45.999999,69.0,21.399999,1,1,1002,0,ilp_v2,optimal,1,39.240927,48.29159,0.812583,0.19797,0.0,,0.19797,0.208292,3,0,0
n_frq\set02\n_frq_12.py,n_frq,2,n_frq,12,2,5,12,0.5,0.5,0.7,0.6,1.0,0.5,48.3,40,12,45.999999,69.0,21.399999,1,1,1002,0,ilp_v3,optimal,1,39.240927,48.29159,0.812583,0.200306,0.0,,0.200306,0.20362,3,0,0
n_frq\set02\n_frq_12.py,n_frq,2,n_frq,12,2,5,12,0.5,0.5,0.7,0.6,1.0,0.5,48.3,40,12,45.999999,69.0,21.399999,1,1,1002,0,ilp_v4,optimal,1,46.807925,48.279042,0.969529,0.056165,0.0,,0.056165,0.084597,3,0,0
n_frq\set02\n_frq_12.py,n_frq,2,n_frq,12,2,5,12,0.5,0.5,0.7,0.6,1.0,0.5,48.3,40,12,45.999999,69.0,21.399999,1,1,1002,0,greedy_sps_baseline,solved,1,7.540398,48.253438,0.156267,0.003476,,,0.003476,0.004414,3,0,0
n_frq\set03\n_frq_2.py,n_frq,3,n_frq,2,2,5,2,0.5,0.5,0.7,0.6,1.0,0.5,48.299995,40,12,45.999997,68.999993,26.130767,1,1,1003,0,ilp_v2,optimal,1,50.856851,48.101772,1.057276,0.050942,0.0,,0.050942,0.054767,3,0,0
n_frq\set03\n_frq_2.py,n_frq,3,n_frq,2,2,5,2,0.5,0.5,0.7,0.6,1.0,0.5,48.299995,40,12,45.999997,68.999993,26.130767,1,1,1003,0,ilp_v3,optimal,1,50.956008,48.185288,1.057501,0.04064,0.0,,0.04064,0.045866,3,0,0
n_frq\set03\n_frq_2.py,n_frq,3,n_frq,2,2,5,2,0.5,0.5,0.7,0.6,1.0,0.5,48.299995,40,12,45.999997,68.999993,26.130767,1,1,1003,0,ilp_v4,optimal,1,51.399698,48.271675,1.0648,0.054815,0.0,,0.054815,0.078986,3,0,0
n_frq\set03\n_frq_2.py,n_frq,3,n_frq,2,2,5,2,0.5,0.5,0.7,0.6,1.0,0.5,48.299995,40,12,45.999997,68.999993,26.130767,1,1,1003,0,greedy_sps_baseline,solved,1,6.728209,48.256187,0.139427,0.001025,,,0.001025,0.001738,3,0,0
n_frq\set03\n_frq_3.py,n_frq,3,n_frq,3,2,5,3,0.5,0.5,0.7,0.6,1.0,0.5,48.299999,40,10,45.999999,68.999999,23.00909,1,1,1003,0,ilp_v2,optimal,1,37.333536,48.160304,0.775193,0.01027,0.0,,0.01027,0.013632,3,0,0
n_frq\set03\n_frq_3.py,n_frq,3,n_frq,3,2,5,3,0.5,0.5,0.7,0.6,1.0,0.5,48.299999,40,10,45.999999,68.999999,23.00909,1,1,1003,0,ilp_v3,optimal,1,35.008353,48.287224,0.725002,0.017767,0.0,,0.017767,0.030153,3,0,0
n_frq\set03\n_frq_3.py,n_frq,3,n_frq,3,2,5,3,0.5,0.5,0.7,0.6,1.0,0.5,48.299999,40,10,45.999999,68.999999,23.00909,1,1,1003,0,ilp_v4,optimal,1,37.333536,47.726933,0.782232,0.048125,0.0,,0.048125,0.050916,3,0,0
n_frq\set03\n_frq_3.py,n_frq,3,n_frq,3,2,5,3,0.5,0.5,0.7,0.6,1.0,0.5,48.299999,40,10,45.999999,68.999999,23.00909,1,1,1003,0,greedy_sps_baseline,solved,1,7.010616,48.255856,0.14528,0.000951,,,0.000951,0.001604,3,0,0
n_frq\set03\n_frq_5.py,n_frq,3,n_frq,5,2,5,5,0.5,0.5,0.7,0.6,1.0,0.5,48.299999,40,10,46.0,68.999999,21.433333,1,1,1003,0,ilp_v2,optimal,1,65.652181,48.288722,1.359576,0.022046,0.0,,0.022046,0.039253,3,0,0
n_frq\set03\n_frq_5.py,n_frq,3,n_frq,5,2,5,5,0.5,0.5,0.7,0.6,1.0,0.5,48.299999,40,10,46.0,68.999999,21.433333,1,1,1003,0,ilp_v3,optimal,1,62.894954,48.298718,1.302208,0.059922,0.0,,0.059922,0.086083,3,0,0
n_frq\set03\n_frq_5.py,n_frq,3,n_frq,5,2,5,5,0.5,0.5,0.7,0.6,1.0,0.5,48.299999,40,10,46.0,68.999999,21.433333,1,1,1003,0,ilp_v4,optimal,1,65.814743,48.274164,1.363353,0.065903,0.0,,0.065903,0.069411,3,0,0
n_frq\set03\n_frq_5.py,n_frq,3,n_frq,5,2,5,5,0.5,0.5,0.7,0.6,1.0,0.5,48.299999,40,10,46.0,68.999999,21.433333,1,1,1003,0,greedy_sps_baseline,solved,1,3.970118,48.2699,0.082248,0.000781,,,0.000781,0.000931,3,0,0
n_frq\set03\n_frq_8.py,n_frq,3,n_frq,8,2,5,8,0.5,0.5,0.7,0.6,1.0,0.5,48.300003,40,12,46.000002,69.000005,21.433334,1,1,1003,0,ilp_v2,optimal,1,54.089554,47.878982,1.129714,0.01411,0.0,,0.01411,0.016361,3,0,0
n_frq\set03\n_frq_8.py,n_frq,3,n_frq,8,2,5,8,0.5,0.5,0.7,0.6,1.0,0.5,48.300003,40,12,46.000002,69.000005,21.433334,1,1,1003,0,ilp_v3,optimal,1,51.377689,48.164778,1.066707,0.049129,1.9e-05,,0.049129,0.051677,3,0,0
n_frq\set03\n_frq_8.py,n_frq,3,n_frq,8,2,5,8,0.5,0.5,0.7,0.6,1.0,0.5,48.300003,40,12,46.000002,69.000005,21.433334,1,1,1003,0,ilp_v4,optimal,1,54.089554,47.878982,1.129714,0.042323,0.0,,0.042323,0.064204,3,0,0
n_frq\set03\n_frq_8.py,n_frq,3,n_frq,8,2,5,8,0.5,0.5,0.7,0.6,1.0,0.5,48.300003,40,12,46.000002,69.000005,21.433334,1,1,1003,0,greedy_sps_baseline,solved,1,7.02036,48.028333,0.146171,0.000804,,,0.000804,0.000952,3,0,0
n_frq\set03\n_frq_12.py,n_frq,3,n_frq,12,2,5,12,0.5,0.5,0.7,0.6,1.0,0.5,48.300003,40,10,45.999998,69.000005,21.399999,1,1,1003,0,ilp_v2,optimal,1,68.035736,48.285075,1.409043,0.165888,0.0,,0.165888,0.174203,3,0,0
n_frq\set03\n_frq_12.py,n_frq,3,n_frq,12,2,5,12,0.5,0.5,0.7,0.6,1.0,0.5,48.300003,40,10,45.999998,69.000005,21.399999,1,1,1003,0,ilp_v3,optimal,1,71.10025,48.294267,1.47223,0.109837,0.0,,0.109837,0.11553,3,0,0
n_frq\set03\n_frq_12.py,n_frq,3,n_frq,12,2,5,12,0.5,0.5,0.7,0.6,1.0,0.5,48.300003,40,10,45.999998,69.000005,21.399999,1,1,1003,0,ilp_v4,optimal,1,74.996785,48.221563,1.555254,0.122489,0.0,,0.122489,0.136103,3,0,0
n_frq\set03\n_frq_12.py,n_frq,3,n_frq,12,2,5,12,0.5,0.5,0.7,0.6,1.0,0.5,48.300003,40,10,45.999998,69.000005,21.399999,1,1,1003,0,greedy_sps_baseline,solved,1,7.230857,48.15672,0.150153,0.001062,,,0.001062,0.001215,3,0,0
n_frq\set04\n_frq_2.py,n_frq,4,n_frq,2,2,5,2,0.5,0.5,0.7,0.6,1.0,0.5,48.3,40,13,46.000002,69.0,22.042858,1,1,1004,0,ilp_v2,optimal,1,36.895448,48.283215,0.764146,0.012481,0.0,,0.012481,0.012781,3,0,0
n_frq\set04\n_frq_2.py,n_frq,4,n_frq,2,2,5,2,0.5,0.5,0.7,0.6,1.0,0.5,48.3,40,13,46.000002,69.0,22.042858,1,1,1004,0,ilp_v3,optimal,1,36.098995,48.284784,0.747627,0.068391,0.0,,0.068391,0.071726,3,0,0
n_frq\set04\n_frq_2.py,n_frq,4,n_frq,2,2,5,2,0.5,0.5,0.7,0.6,1.0,0.5,48.3,40,13,46.000002,69.0,22.042858,1,1,1004,0,ilp_v4,optimal,1,36.041578,48.2191,0.747454,0.171745,3.8e-05,,0.171745,0.187181,3,0,0
n_frq\set04\n_frq_2.py,n_frq,4,n_frq,2,2,5,2,0.5,0.5,0.7,0.6,1.0,0.5,48.3,40,13,46.000002,69.0,22.042858,1,1,1004,0,greedy_sps_baseline,solved,1,7.79982,48.211926,0.161782,0.001316,,,0.001316,0.001535,3,0,0
n_frq\set04\n_frq_3.py,n_frq,4,n_frq,3,2,5,3,0.5,0.5,0.7,0.6,1.0,0.5,48.3,40,13,46.000002,69.0,22.042858,1,1,1004,0,ilp_v2,optimal,1,47.863943,48.299729,0.990977,0.078808,0.0,,0.078808,0.083448,3,0,0
n_frq\set04\n_frq_3.py,n_frq,4,n_frq,3,2,5,3,0.5,0.5,0.7,0.6,1.0,0.5,48.3,40,13,46.000002,69.0,22.042858,1,1,1004,0,ilp_v3,optimal,1,50.776412,47.88482,1.060386,0.02593,0.0,,0.02593,0.026835,3,0,0
n_frq\set04\n_frq_3.py,n_frq,4,n_frq,3,2,5,3,0.5,0.5,0.7,0.6,1.0,0.5,48.3,40,13,46.000002,69.0,22.042858,1,1,1004,0,ilp_v4,optimal,1,51.517998,48.266508,1.067365,0.141939,0.0,,0.141939,0.143907,3,0,0
n_frq\set04\n_frq_3.py,n_frq,4,n_frq,3,2,5,3,0.5,0.5,0.7,0.6,1.0,0.5,48.3,40,13,46.000002,69.0,22.042858,1,1,1004,0,greedy_sps_baseline,solved,1,7.79982,48.211926,0.161782,0.000758,,,0.000758,0.001125,3,0,0
n_frq\set04\n_frq_5.py,n_frq,4,n_frq,5,2,5,5,0.5,0.5,0.7,0.6,1.0,0.5,48.3,40,13,46.000002,69.0,22.042858,1,1,1004,0,ilp_v2,optimal,1,54.907754,48.120775,1.141041,0.030836,3.6e-05,,0.030836,0.045238,3,0,0
n_frq\set04\n_frq_5.py,n_frq,4,n_frq,5,2,5,5,0.5,0.5,0.7,0.6,1.0,0.5,48.3,40,13,46.000002,69.0,22.042858,1,1,1004,0,ilp_v3,optimal,1,56.271351,47.64706,1.181004,0.017352,0.0,,0.017352,0.019127,3,0,0
n_frq\set04\n_frq_5.py,n_frq,4,n_frq,5,2,5,5,0.5,0.5,0.7,0.6,1.0,0.5,48.3,40,13,46.000002,69.0,22.042858,1,1,1004,0,ilp_v4,optimal,1,56.483065,48.270237,1.170143,0.126817,0.0,,0.126817,0.132589,3,0,0
n_frq\set04\n_frq_5.py,n_frq,4,n_frq,5,2,5,5,0.5,0.5,0.7,0.6,1.0,0.5,48.3,40,13,46.000002,69.0,22.042858,1,1,1004,0,greedy_sps_baseline,solved,1,7.79982,48.211926,0.161782,0.001265,,,0.001265,0.001416,3,0,0
n_frq\set04\n_frq_8.py,n_frq,4,n_frq,8,2,5,8,0.5,0.5,0.7,0.6,1.0,0.5,48.299998,40,12,46.000001,68.999998,21.433334,1,1,1004,0,ilp_v2,optimal,1,39.953825,48.296115,0.827268,0.045984,9.8e-05,,0.045984,0.047837,3,0,0
n_frq\set04\n_frq_8.py,n_frq,4,n_frq,8,2,5,8,0.5,0.5,0.7,0.6,1.0,0.5,48.299998,40,12,46.000001,68.999998,21.433334,1,1,1004,0,ilp_v3,optimal,1,49.579665,48.29747,1.026548,0.08611,0.0,,0.08611,0.093932,3,0,0
n_frq\set04\n_frq_8.py,n_frq,4,n_frq,8,2,5,8,0.5,0.5,0.7,0.6,1.0,0.5,48.299998,40,12,46.000001,68.999998,21.433334,1,1,1004,0,ilp_v4,optimal,1,52.839857,48.015101,1.100484,0.069244,0.0,,0.069244,0.093712,3,0,0
n_frq\set04\n_frq_8.py,n_frq,4,n_frq,8,2,5,8,0.5,0.5,0.7,0.6,1.0,0.5,48.299998,40,12,46.000001,68.999998,21.433334,1,1,1004,0,greedy_sps_baseline,solved,1,5.958562,47.736575,0.124822,0.002825,,,0.002825,0.003389,3,0,0
n_frq\set04\n_frq_12.py,n_frq,4,n_frq,12,2,5,12,0.5,0.5,0.7,0.6,1.0,0.5,48.3,40,12,46.0,69.0,21.4,1,1,1004,0,ilp_v2,optimal,1,52.280096,48.262405,1.083247,0.025361,0.0,,0.025361,0.034011,3,0,0
n_frq\set04\n_frq_12.py,n_frq,4,n_frq,12,2,5,12,0.5,0.5,0.7,0.6,1.0,0.5,48.3,40,12,46.0,69.0,21.4,1,1,1004,0,ilp_v3,optimal,1,52.280096,48.262405,1.083247,0.019504,0.0,,0.019504,0.02325,3,0,0
n_frq\set04\n_frq_12.py,n_frq,4,n_frq,12,2,5,12,0.5,0.5,0.7,0.6,1.0,0.5,48.3,40,12,46.0,69.0,21.4,1,1,1004,0,ilp_v4,optimal,1,52.280096,48.203188,1.084578,0.13303,0.0,,0.13303,0.151003,3,0,0
n_frq\set04\n_frq_12.py,n_frq,4,n_frq,12,2,5,12,0.5,0.5,0.7,0.6,1.0,0.5,48.3,40,12,46.0,69.0,21.4,1,1,1004,0,greedy_sps_baseline,solved,1,6.096742,48.158672,0.126597,0.001564,,,0.001564,0.002605,3,0,0
n_frq\set05\n_frq_2.py,n_frq,5,n_frq,2,2,5,2,0.5,0.5,0.7,0.6,1.0,0.5,48.300005,40,10,46.000002,69.000007,26.130771,1,1,1005,0,ilp_v2,optimal,1,51.373291,48.284909,1.063962,0.038661,0.0,,0.038661,0.045598,3,0,0
n_frq\set05\n_frq_2.py,n_frq,5,n_frq,2,2,5,2,0.5,0.5,0.7,0.6,1.0,0.5,48.300005,40,10,46.000002,69.000007,26.130771,1,1,1005,0,ilp_v3,optimal,1,51.309227,48.289336,1.062537,0.015144,0.0,,0.015144,0.016031,3,0,0
n_frq\set05\n_frq_2.py,n_frq,5,n_frq,2,2,5,2,0.5,0.5,0.7,0.6,1.0,0.5,48.300005,40,10,46.000002,69.000007,26.130771,1,1,1005,0,ilp_v4,optimal,1,51.373291,48.284909,1.063962,0.055295,0.0,,0.055295,0.058539,3,0,0
n_frq\set05\n_frq_2.py,n_frq,5,n_frq,2,2,5,2,0.5,0.5,0.7,0.6,1.0,0.5,48.300005,40,10,46.000002,69.000007,26.130771,1,1,1005,0,greedy_sps_baseline,solved,1,8.148471,48.238518,0.16892,0.000914,,,0.000914,0.001163,3,0,0
n_frq\set05\n_frq_3.py,n_frq,5,n_frq,3,2,5,3,0.5,0.5,0.7,0.6,1.0,0.5,48.300003,40,9,46.0,69.000005,24.4,1,1,1005,0,ilp_v2,optimal,1,59.983077,48.279062,1.242424,0.010922,0.0,,0.010922,0.01377,3,0,0
n_frq\set05\n_frq_3.py,n_frq,5,n_frq,3,2,5,3,0.5,0.5,0.7,0.6,1.0,0.5,48.300003,40,9,46.0,69.000005,24.4,1,1,1005,0,ilp_v3,optimal,1,63.648965,47.800055,1.331567,0.015473,0.0,,0.015473,0.016987,3,0,0
n_frq\set05\n_frq_3.py,n_frq,5,n_frq,3,2,5,3,0.5,0.5,0.7,0.6,1.0,0.5,48.300003,40,9,46.0,69.000005,24.4,1,1,1005,0,ilp_v4,optimal,1,63.698916,47.736282,1.334392,0.01853,0.0,,0.01853,0.025828,3,0,0
n_frq\set05\n_frq_3.py,n_frq,5,n_frq,3,2,5,3,0.5,0.5,0.7,0.6,1.0,0.5,48.300003,40,9,46.0,69.000005,24.4,1,1,1005,0,greedy_sps_baseline,solved,1,9.140358,48.18833,0.18968,0.001144,,,0.001144,0.00325,3,0,0
n_frq\set05\n_frq_5.py,n_frq,5,n_frq,5,2,5,5,0.5,0.5,0.7,0.6,1.0,0.5,48.299998,40,10,46.0,68.999998,24.4,1,1,1005,0,ilp_v2,optimal,1,48.111591,48.255135,0.997025,0.00592,0.0,,0.00592,0.006546,3,0,0
n_frq\set05\n_frq_5.py,n_frq,5,n_frq,5,2,5,5,0.5,0.5,0.7,0.6,1.0,0.5,48.299998,40,10,46.0,68.999998,24.4,1,1,1005,0,ilp_v3,optimal,1,43.997009,46.914174,0.937819,0.018736,0.0,,0.018736,0.021131,3,0,0
n_frq\set05\n_frq_5.py,n_frq,5,n_frq,5,2,5,5,0.5,0.5,0.7,0.6,1.0,0.5,48.299998,40,10,46.0,68.999998,24.4,1,1,1005,0,ilp_v4,optimal,1,48.111591,48.255135,0.997025,0.034317,0.0,,0.034317,0.050714,3,0,0
n_frq\set05\n_frq_5.py,n_frq,5,n_frq,5,2,5,5,0.5,0.5,0.7,0.6,1.0,0.5,48.299998,40,10,46.0,68.999998,24.4,1,1,1005,0,greedy_sps_baseline,solved,1,8.491537,48.040339,0.176758,0.000638,,,0.000638,0.000979,3,0,0
n_frq\set05\n_frq_8.py,n_frq,5,n_frq,8,2,5,8,0.5,0.5,0.7,0.6,1.0,0.5,48.299994,40,13,45.999997,68.999992,21.999998,1,1,1005,0,ilp_v2,optimal,1,73.574968,48.270149,1.524233,0.113424,0.0,,0.113424,0.120872,3,0,0
n_frq\set05\n_frq_8.py,n_frq,5,n_frq,8,2,5,8,0.5,0.5,0.7,0.6,1.0,0.5,48.299994,40,13,45.999997,68.999992,21.999998,1,1,1005,0,ilp_v3,optimal,1,76.885129,48.291557,1.592103,0.025985,0.0,,0.025985,0.028,3,0,0
n_frq\set05\n_frq_8.py,n_frq,5,n_frq,8,2,5,8,0.5,0.5,0.7,0.6,1.0,0.5,48.299994,40,13,45.999997,68.999992,21.999998,1,1,1005,0,ilp_v4,optimal,1,76.100193,48.279167,1.576253,0.132687,0.0,,0.132687,0.13495,3,0,0
n_frq\set05\n_frq_8.py,n_frq,5,n_frq,8,2,5,8,0.5,0.5,0.7,0.6,1.0,0.5,48.299994,40,13,45.999997,68.999992,21.999998,1,1,1005,0,greedy_sps_baseline,solved,1,8.981838,48.258615,0.186119,0.001546,,,0.001546,0.001815,3,0,0
n_frq\set05\n_frq_12.py,n_frq,5,n_frq,12,2,5,12,0.5,0.5,0.7,0.6,1.0,0.5,48.3,40,10,45.999998,69.0,21.433332,1,1,1005,0,ilp_v2,optimal,1,59.279788,48.264169,1.228236,0.018776,0.0,,0.018776,0.024594,3,0,0
n_frq\set05\n_frq_12.py,n_frq,5,n_frq,12,2,5,12,0.5,0.5,0.7,0.6,1.0,0.5,48.3,40,10,45.999998,69.0,21.433332,1,1,1005,0,ilp_v3,optimal,1,54.752807,48.298836,1.133626,0.12142,0.0,,0.12142,0.125342,3,0,0
n_frq\set05\n_frq_12.py,n_frq,5,n_frq,12,2,5,12,0.5,0.5,0.7,0.6,1.0,0.5,48.3,40,10,45.999998,69.0,21.433332,1,1,1005,0,ilp_v4,optimal,1,59.279788,48.111068,1.232145,0.058528,0.0,,0.058528,0.076007,3,0,0
n_frq\set05\n_frq_12.py,n_frq,5,n_frq,12,2,5,12,0.5,0.5,0.7,0.6,1.0,0.5,48.3,40,10,45.999998,69.0,21.433332,1,1,1005,0,greedy_sps_baseline,solved,1,9.46436,48.284874,0.196011,0.001302,,,0.001302,0.001426,3,0,0
n_frq\set06\n_frq_2.py,n_frq,6,n_frq,2,2,5,2,0.5,0.5,0.7,0.6,1.0,0.5,48.299998,40,13,45.999999,68.999997,23.599999,1,1,1006,0,ilp_v2,optimal,1,22.622179,48.299855,0.46837,0.016943,2.2e-05,,0.016943,0.02163,3,0,0
n_frq\set06\n_frq_2.py,n_frq,6,n_frq,2,2,5,2,0.5,0.5,0.7,0.6,1.0,0.5,48.299998,40,13,45.999999,68.999997,23.599999,1,1,1006,0,ilp_v3,optimal,1,22.33097,48.27642,0.462565,0.010724,5.2e-05,,0.010724,0.013682,3,0,0
n_frq\set06\n_frq_2.py,n_frq,6,n_frq,2,2,5,2,0.5,0.5,0.7,0.6,1.0,0.5,48.299998,40,13,45.999999,68.999997,23.599999,1,1,1006,0,ilp_v4,optimal,1,24.261688,48.282685,0.502493,0.171177,0.0,,0.171177,0.233722,3,0,0
n_frq\set06\n_frq_2.py,n_frq,6,n_frq,2,2,5,2,0.5,0.5,0.7,0.6,1.0,0.5,48.299998,40,13,45.999999,68.999997,23.599999,1,1,1006,0,greedy_sps_baseline,solved,1,6.265655,48.111528,0.130232,0.002944,,,0.002944,0.003435,3,0,0
n_frq\set06\n_frq_3.py,n_frq,6,n_frq,3,2,5,3,0.5,0.5,0.7,0.6,1.0,0.5,48.299996,40,15,46.000002,68.999994,21.433334,1,1,1006,0,ilp_v2,optimal,1,60.251681,48.293778,1.247608,0.097653,0.0,,0.097653,0.106556,3,0,0
n_frq\set06\n_frq_3.py,n_frq,6,n_frq,3,2,5,3,0.5,0.5,0.7,0.6,1.0,0.5,48.299996,40,15,46.000002,68.999994,21.433334,1,1,1006,0,ilp_v3,optimal,1,47.880378,48.206585,0.993233,0.091829,0.0,,0.091829,0.100094,3,0,0
n_frq\set06\n_frq_3.py,n_frq,6,n_frq,3,2,5,3,0.5,0.5,0.7,0.6,1.0,0.5,48.299996,40,15,46.000002,68.999994,21.433334,1,1,1006,0,ilp_v4,optimal,1,61.789521,48.290774,1.279531,0.301368,0.0,,0.301368,0.342418,3,0,0
n_frq\set06\n_frq_3.py,n_frq,6,n_frq,3,2,5,3,0.5,0.5,0.7,0.6,1.0,0.5,48.299996,40,15,46.000002,68.999994,21.433334,1,1,1006,0,greedy_sps_baseline,solved,1,9.373092,48.293873,0.194084,0.00325,,,0.00325,0.003479,3,0,0
n_frq\set06\n_frq_5.py,n_frq,6,n_frq,5,2,5,5,0.5,0.5,0.7,0.6,1.0,0.5,48.300002,40,10,46.000002,69.000002,21.433334,1,1,1006,0,ilp_v2,optimal,1,35.543866,48.186666,0.737629,0.011359,0.0,,0.011359,0.011836,3,0,0
n_frq\set06\n_frq_5.py,n_frq,6,n_frq,5,2,5,5,0.5,0.5,0.7,0.6,1.0,0.5,48.300002,40,10,46.000002,69.000002,21.433334,1,1,1006,0,ilp_v3,optimal,1,35.676241,47.926231,0.744399,0.006922,0.0,,0.006922,0.010588,3,0,0
n_frq\set06\n_frq_5.py,n_frq,6,n_frq,5,2,5,5,0.5,0.5,0.7,0.6,1.0,0.5,48.300002,40,10,46.000002,69.000002,21.433334,1,1,1006,0,ilp_v4,optimal,1,38.970656,48.045761,0.811115,0.04147,0.0,,0.04147,0.050815,3,0,0
n_frq\set06\n_frq_5.py,n_frq,6,n_frq,5,2,5,5,0.5,0.5,0.7,0.6,1.0,0.5,48.300002,40,10,46.000002,69.000002,21.433334,1,1,1006,0,greedy_sps_baseline,solved,1,2.560218,47.783406,0.05358,0.00071,,,0.00071,0.001038,3,0,0
n_frq\set06\n_frq_8.py,n_frq,6,n_frq,8,2,5,8,0.5,0.5,0.7,0.6,1.0,0.5,48.300002,40,10,46.000002,69.000003,21.433334,1,1,1006,0,ilp_v2,optimal,1,77.533137,48.045055,1.613759,0.007652,0.0,,0.007652,0.015441,3,0,0
n_frq\set06\n_frq_8.py,n_frq,6,n_frq,8,2,5,8,0.5,0.5,0.7,0.6,1.0,0.5,48.300002,40,10,46.000002,69.000003,21.433334,1,1,1006,0,ilp_v3,optimal,1,75.612416,48.206731,1.568503,0.014955,0.0,,0.014955,0.02333,3,0,0
n_frq\set06\n_frq_8.py,n_frq,6,n_frq,8,2,5,8,0.5,0.5,0.7,0.6,1.0,0.5,48.300002,40,10,46.000002,69.000003,21.433334,1,1,1006,0,ilp_v4,optimal,1,77.533137,48.045055,1.613759,0.03211,0.0,,0.03211,0.033065,3,0,0
n_frq\set06\n_frq_8.py,n_frq,6,n_frq,8,2,5,8,0.5,0.5,0.7,0.6,1.0,0.5,48.300002,40,10,46.000002,69.000003,21.433334,1,1,1006,0,greedy_sps_baseline,solved,1,6.832539,48.152139,0.141895,0.000898,,,0.000898,0.001021,3,0,0
n_frq\set06\n_frq_12.py,n_frq,6,n_frq,12,2,5,12,0.5,0.5,0.7,0.6,1.0,0.5,48.299997,40,12,45.999999,68.999995,21.399999,1,1,1006,0,ilp_v2,optimal,1,61.238196,47.789378,1.281419,0.034187,0.0,,0.034187,0.037005,3,0,0
n_frq\set06\n_frq_12.py,n_frq,6,n_frq,12,2,5,12,0.5,0.5,0.7,0.6,1.0,0.5,48.299997,40,12,45.999999,68.999995,21.399999,1,1,1006,0,ilp_v3,optimal,1,52.142728,48.206701,1.081649,0.065082,0.0,,0.065082,0.067094,3,0,0
n_frq\set06\n_frq_12.py,n_frq,6,n_frq,12,2,5,12,0.5,0.5,0.7,0.6,1.0,0.5,48.299997,40,12,45.999999,68.999995,21.399999,1,1,1006,0,ilp_v4,optimal,1,65.977089,47.632171,1.385137,0.087477,0.0,,0.087477,0.104521,3,0,0
n_frq\set06\n_frq_12.py,n_frq,6,n_frq,12,2,5,12,0.5,0.5,0.7,0.6,1.0,0.5,48.299997,40,12,45.999999,68.999995,21.399999,1,1,1006,0,greedy_sps_baseline,solved,1,9.137683,48.291585,0.189219,0.001013,,,0.001013,0.001582,3,0,0
n_frq\set07\n_frq_2.py,n_frq,7,n_frq,2,2,5,2,0.5,0.5,0.7,0.6,1.0,0.5,48.300002,40,10,45.999999,69.000003,23.599999,1,1,1007,0,ilp_v2,optimal,1,33.227506,48.293592,0.688031,0.022058,0.0,,0.022058,0.025861,3,0,0
n_frq\set07\n_frq_2.py,n_frq,7,n_frq,2,2,5,2,0.5,0.5,0.7,0.6,1.0,0.5,48.300002,40,10,45.999999,69.000003,23.599999,1,1,1007,0,ilp_v3,optimal,1,27.897126,48.106122,0.579908,0.011465,0.0,,0.011465,0.012594,3,0,0
n_frq\set07\n_frq_2.py,n_frq,7,n_frq,2,2,5,2,0.5,0.5,0.7,0.6,1.0,0.5,48.300002,40,10,45.999999,69.000003,23.599999,1,1,1007,0,ilp_v4,optimal,1,31.902365,48.164908,0.662357,0.123114,0.0,,0.123114,0.133021,3,0,0
n_frq\set07\n_frq_2.py,n_frq,7,n_frq,2,2,5,2,0.5,0.5,0.7,0.6,1.0,0.5,48.300002,40,10,45.999999,69.000003,23.599999,1,1,1007,0,greedy_sps_baseline,solved,1,8.835098,48.175852,0.183393,0.001845,,,0.001845,0.001994,3,0,0
n_frq\set07\n_frq_3.py,n_frq,7,n_frq,3,2,5,3,0.5,0.5,0.7,0.6,1.0,0.5,48.300002,40,10,45.999999,69.000003,23.599999,1,1,1007,0,ilp_v2,optimal,1,44.107714,48.29846,0.913232,0.011924,7.4e-05,,0.011924,0.019438,3,0,0
n_frq\set07\n_frq_3.py,n_frq,7,n_frq,3,2,5,3,0.5,0.5,0.7,0.6,1.0,0.5,48.300002,40,10,45.999999,69.000003,23.599999,1,1,1007,0,ilp_v3,optimal,1,41.599283,48.058546,0.865596,0.026863,0.0,,0.026863,0.029562,3,0,0
n_frq\set07\n_frq_3.py,n_frq,7,n_frq,3,2,5,3,0.5,0.5,0.7,0.6,1.0,0.5,48.300002,40,10,45.999999,69.000003,23.599999,1,1,1007,0,ilp_v4,optimal,1,43.1503,48.253927,0.894234,0.133419,0.0,,0.133419,0.15428,3,0,0
n_frq\set07\n_frq_3.py,n_frq,7,n_frq,3,2,5,3,0.5,0.5,0.7,0.6,1.0,0.5,48.300002,40,10,45.999999,69.000003,23.599999,1,1,1007,0,greedy_sps_baseline,solved,1,8.835098,48.175852,0.183393,0.001622,,,0.001622,0.001722,3,0,0
n_frq\set07\n_frq_5.py,n_frq,7,n_frq,5,2,5,5,0.5,0.5,0.7,0.6,1.0,0.5,48.299998,40,9,45.999999,68.999998,21.399999,1,1,1007,0,ilp_v2,optimal,1,20.146239,48.191351,0.418047,0.007505,0.0,,0.007505,0.007828,3,0,0
n_frq\set07\n_frq_5.py,n_frq,7,n_frq,5,2,5,5,0.5,0.5,0.7,0.6,1.0,0.5,48.299998,40,9,45.999999,68.999998,21.399999,1,1,1007,0,ilp_v3,optimal,1,26.987835,48.044104,0.56173,0.014126,0.0,,0.014126,0.014554,3,0,0
n_frq\set07\n_frq_5.py,n_frq,7,n_frq,5,2,5,5,0.5,0.5,0.7,0.6,1.0,0.5,48.299998,40,9,45.999999,68.999998,21.399999,1,1,1007,0,ilp_v4,optimal,1,26.987835,47.951085,0.56282,0.012536,0.0,,0.012536,0.018315,3,0,0
n_frq\set07\n_frq_5.py,n_frq,7,n_frq,5,2,5,5,0.5,0.5,0.7,0.6,1.0,0.5,48.299998,40,9,45.999999,68.999998,21.399999,1,1,1007,0,greedy_sps_baseline,solved,1,4.899192,48.20861,0.101625,0.000515,,,0.000515,0.001487,3,0,0
n_frq\set07\n_frq_8.py,n_frq,7,n_frq,8,2,5,8,0.5,0.5,0.7,0.6,1.0,0.5,48.3,40,12,46.0,69.0,21.4,1,1,1007,0,ilp_v2,optimal,1,59.453296,48.237128,1.232521,0.039864,8.2e-05,,0.039864,0.056155,3,0,0
n_frq\set07\n_frq_8.py,n_frq,7,n_frq,8,2,5,8,0.5,0.5,0.7,0.6,1.0,0.5,48.3,40,12,46.0,69.0,21.4,1,1,1007,0,ilp_v3,optimal,1,64.218289,48.268158,1.330448,0.068422,0.0,,0.068422,0.071623,3,0,0
n_frq\set07\n_frq_8.py,n_frq,7,n_frq,8,2,5,8,0.5,0.5,0.7,0.6,1.0,0.5,48.3,40,12,46.0,69.0,21.4,1,1,1007,0,ilp_v4,optimal,1,64.974212,48.259349,1.346355,0.07881,0.0,,0.07881,0.096976,3,0,0
n_frq\set07\n_frq_8.py,n_frq,7,n_frq,8,2,5,8,0.5,0.5,0.7,0.6,1.0,0.5,48.3,40,12,46.0,69.0,21.4,1,1,1007,0,greedy_sps_baseline,solved,1,6.777697,48.289281,0.140356,0.002273,,,0.002273,0.0029,3,0,0
n_frq\set07\n_frq_12.py,n_frq,7,n_frq,12,2,5,12,0.5,0.5,0.7,0.6,1.0,0.5,48.299998,40,10,45.999998,68.999998,21.399999,1,1,1007,0,ilp_v2,optimal,1,31.962821,41.847061,0.763801,0.015029,0.0,,0.015029,0.018132,3,0,0
n_frq\set07\n_frq_12.py,n_frq,7,n_frq,12,2,5,12,0.5,0.5,0.7,0.6,1.0,0.5,48.299998,40,10,45.999998,68.999998,21.399999,1,1,1007,0,ilp_v3,optimal,1,31.962821,41.847061,0.763801,0.01099,0.0,,0.01099,0.011785,3,0,0
n_frq\set07\n_frq_12.py,n_frq,7,n_frq,12,2,5,12,0.5,0.5,0.7,0.6,1.0,0.5,48.299998,40,10,45.999998,68.999998,21.399999,1,1,1007,0,ilp_v4,optimal,1,31.962821,41.847061,0.763801,0.022579,0.0,,0.022579,0.028048,3,0,0
n_frq\set07\n_frq_12.py,n_frq,7,n_frq,12,2,5,12,0.5,0.5,0.7,0.6,1.0,0.5,48.299998,40,10,45.999998,68.999998,21.399999,1,1,1007,0,greedy_sps_baseline,solved,1,6.144558,48.108808,0.127722,0.000906,,,0.000906,0.001044,3,0,0
n_frq\set08\n_frq_2.py,n_frq,8,n_frq,2,2,5,2,0.5,0.5,0.7,0.6,1.0,0.5,48.300002,40,12,46.000002,69.000002,26.130771,1,1,1008,0,ilp_v2,optimal,1,45.066041,48.121875,0.936498,0.011844,0.0,,0.011844,0.014406,3,0,0
n_frq\set08\n_frq_2.py,n_frq,8,n_frq,2,2,5,2,0.5,0.5,0.7,0.6,1.0,0.5,48.300002,40,12,46.000002,69.000002,26.130771,1,1,1008,0,ilp_v3,optimal,1,46.031053,47.830924,0.96237,0.023046,0.0,,0.023046,0.024843,3,0,0
n_frq\set08\n_frq_2.py,n_frq,8,n_frq,2,2,5,2,0.5,0.5,0.7,0.6,1.0,0.5,48.300002,40,12,46.000002,69.000002,26.130771,1,1,1008,0,ilp_v4,optimal,1,54.851346,48.077856,1.140886,0.048992,0.0,,0.048992,0.065288,3,0,0
n_frq\set08\n_frq_2.py,n_frq,8,n_frq,2,2,5,2,0.5,0.5,0.7,0.6,1.0,0.5,48.300002,40,12,46.000002,69.000002,26.130771,1,1,1008,0,greedy_sps_baseline,solved,1,7.84982,48.037299,0.163411,0.001452,,,0.001452,0.001528,3,0,0
n_frq\set08\n_frq_3.py,n_frq,8,n_frq,3,2,5,3,0.5,0.5,0.7,0.6,1.0,0.5,48.300001,40,12,46.000001,69.000001,23.009091,1,1,1008,0,ilp_v2,optimal,1,46.091884,47.755648,0.965161,0.018236,0.0,,0.018236,0.019543,3,0,0
n_frq\set08\n_frq_3.py,n_frq,8,n_frq,3,2,5,3,0.5,0.5,0.7,0.6,1.0,0.5,48.300001,40,12,46.000001,69.000001,23.009091,1,1,1008,0,ilp_v3,optimal,1,53.138997,48.092828,1.104926,0.036714,0.0,,0.036714,0.037354,3,0,0
n_frq\set08\n_frq_3.py,n_frq,8,n_frq,3,2,5,3,0.5,0.5,0.7,0.6,1.0,0.5,48.300001,40,12,46.000001,69.000001,23.009091,1,1,1008,0,ilp_v4,optimal,1,53.138997,47.835889,1.11086,0.059111,0.0,,0.059111,0.065021,3,0,0
n_frq\set08\n_frq_3.py,n_frq,8,n_frq,3,2,5,3,0.5,0.5,0.7,0.6,1.0,0.5,48.300001,40,12,46.000001,69.000001,23.009091,1,1,1008,0,greedy_sps_baseline,solved,1,7.5763,48.237394,0.157063,0.001228,,,0.001228,0.001338,3,0,0
n_frq\set08\n_frq_5.py,n_frq,8,n_frq,5,2,5,5,0.5,0.5,0.7,0.6,1.0,0.5,48.300002,40,9,46.000002,69.000003,22.042858,1,1,1008,0,ilp_v2,optimal,1,38.342824,45.848775,0.836289,0.013995,0.0,,0.013995,0.015614,3,0,0
n_frq\set08\n_frq_5.py,n_frq,8,n_frq,5,2,5,5,0.5,0.5,0.7,0.6,1.0,0.5,48.300002,40,9,46.000002,69.000003,22.042858,1,1,1008,0,ilp_v3,optimal,1,38.251393,48.268652,0.792469,0.085226,0.0,,0.085226,0.097303,3,0,0
n_frq\set08\n_frq_5.py,n_frq,8,n_frq,5,2,5,5,0.5,0.5,0.7,0.6,1.0,0.5,48.300002,40,9,46.000002,69.000003,22.042858,1,1,1008,0,ilp_v4,optimal,1,43.186813,48.147754,0.896964,0.039435,0.0,,0.039435,0.042212,3,0,0
n_frq\set08\n_frq_5.py,n_frq,8,n_frq,5,2,5,5,0.5,0.5,0.7,0.6,1.0,0.5,48.300002,40,9,46.000002,69.000003,22.042858,1,1,1008,0,greedy_sps_baseline,solved,1,4.436578,48.163973,0.092114,0.001381,,,0.001381,0.001535,3,0,0
n_frq\set08\n_frq_8.py,n_frq,8,n_frq,8,2,5,8,0.5,0.5,0.7,0.6,1.0,0.5,48.300002,40,12,46.000003,69.000002,21.400002,1,1,1008,0,ilp_v2,optimal,1,51.811724,48.120643,1.076705,0.039193,0.0,,0.039193,0.042158,3,0,0
n_frq\set08\n_frq_8.py,n_frq,8,n_frq,8,2,5,8,0.5,0.5,0.7,0.6,1.0,0.5,48.300002,40,12,46.000003,69.000002,21.400002,1,1,1008,0,ilp_v3,optimal,1,54.10685,48.287627,1.120512,0.057323,0.0,,0.057323,0.069497,3,0,0
n_frq\set08\n_frq_8.py,n_frq,8,n_frq,8,2,5,8,0.5,0.5,0.7,0.6,1.0,0.5,48.300002,40,12,46.000003,69.000002,21.400002,1,1,1008,0,ilp_v4,optimal,1,54.680226,48.179687,1.134923,0.038413,0.0,,0.038413,0.051132,3,0,0
n_frq\set08\n_frq_8.py,n_frq,8,n_frq,8,2,5,8,0.5,0.5,0.7,0.6,1.0,0.5,48.300002,40,12,46.000003,69.000002,21.400002,1,1,1008,0,greedy_sps_baseline,solved,1,7.379838,48.253729,0.152938,0.001226,,,0.001226,0.00157,3,0,0
n_frq\set08\n_frq_12.py,n_frq,8,n_frq,12,2,5,12,0.5,0.5,0.7,0.6,1.0,0.5,48.299997,40,13,45.999995,68.999995,21.399998,1,1,1008,0,ilp_v2,optimal,1,72.040679,48.219435,1.494017,0.019692,0.0,,0.019692,0.023808,3,0,0
n_frq\set08\n_frq_12.py,n_frq,8,n_frq,12,2,5,12,0.5,0.5,0.7,0.6,1.0,0.5,48.299997,40,13,45.999995,68.999995,21.399998,1,1,1008,0,ilp_v3,optimal,1,69.331302,48.281447,1.435982,0.044878,2e-06,,0.044878,0.050344,3,0,0
n_frq\set08\n_frq_12.py,n_frq,8,n_frq,12,2,5,12,0.5,0.5,0.7,0.6,1.0,0.5,48.299997,40,13,45.999995,68.999995,21.399998,1,1,1008,0,ilp_v4,optimal,1,72.040679,48.253956,1.492949,0.134998,0.0,,0.134998,0.147022,3,0,0
n_frq\set08\n_frq_12.py,n_frq,8,n_frq,12,2,5,12,0.5,0.5,0.7,0.6,1.0,0.5,48.299997,40,13,45.999995,68.999995,21.399998,1,1,1008,0,greedy_sps_baseline,solved,1,9.11485,48.230198,0.188986,0.001512,,,0.001512,0.001632,3,0,0
n_frq\set09\n_frq_2.py,n_frq,9,n_frq,2,2,5,2,0.5,0.5,0.7,0.6,1.0,0.5,48.300002,40,12,45.999999,69.000002,23.599999,1,1,1009,0,ilp_v2,optimal,1,21.951252,48.221019,0.455222,0.01905,0.0,,0.01905,0.019944,3,0,0
n_frq\set09\n_frq_2.py,n_frq,9,n_frq,2,2,5,2,0.5,0.5,0.7,0.6,1.0,0.5,48.300002,40,12,45.999999,69.000002,23.599999,1,1,1009,0,ilp_v3,optimal,1,24.693995,48.273573,0.511543,0.045066,0.0,,0.045066,0.04821,3,0,0
n_frq\set09\n_frq_2.py,n_frq,9,n_frq,2,2,5,2,0.5,0.5,0.7,0.6,1.0,0.5,48.300002,40,12,45.999999,69.000002,23.599999,1,1,1009,0,ilp_v4,optimal,1,29.175095,48.26436,0.604485,0.087475,0.0,,0.087475,0.088138,3,0,0
n_frq\set09\n_frq_2.py,n_frq,9,n_frq,2,2,5,2,0.5,0.5,0.7,0.6,1.0,0.5,48.300002,40,12,45.999999,69.000002,23.599999,1,1,1009,0,greedy_sps_baseline,solved,1,7.926241,48.281376,0.164168,0.000831,,,0.000831,0.001366,3,0,0
n_frq\set09\n_frq_3.py,n_frq,9,n_frq,3,2,5,3,0.5,0.5,0.7,0.6,1.0,0.5,48.300001,40,9,46.000001,69.000001,21.400001,1,1,1009,0,ilp_v2,optimal,1,32.142849,48.248865,0.666189,0.020705,0.0,,0.020705,0.024531,3,0,0
n_frq\set09\n_frq_3.py,n_frq,9,n_frq,3,2,5,3,0.5,0.5,0.7,0.6,1.0,0.5,48.300001,40,9,46.000001,69.000001,21.400001,1,1,1009,0,ilp_v3,optimal,1,30.600883,48.29307,0.63365,0.079808,0.0,,0.079808,0.081451,3,0,0
n_frq\set09\n_frq_3.py,n_frq,9,n_frq,3,2,5,3,0.5,0.5,0.7,0.6,1.0,0.5,48.300001,40,9,46.000001,69.000001,21.400001,1,1,1009,0,ilp_v4,optimal,1,32.142849,48.248865,0.666189,0.035311,0.0,,0.035311,0.042221,3,0,0
n_frq\set09\n_frq_3.py,n_frq,9,n_frq,3,2,5,3,0.5,0.5,0.7,0.6,1.0,0.5,48.300001,40,9,46.000001,69.000001,21.400001,1,1,1009,0,greedy_sps_baseline,solved,1,3.020457,48.049121,0.062862,0.001677,,,0.001677,0.001746,3,0,0
n_frq\set09\n_frq_5.py,n_frq,9,n_frq,5,2,5,5,0.5,0.5,0.7,0.6,1.0,0.5,48.300002,40,12,45.999999,69.000002,21.399999,1,1,1009,0,ilp_v2,optimal,1,52.310218,48.283964,1.083387,0.066451,0.0,,0.066451,0.069649,3,0,0
n_frq\set09\n_frq_5.py,n_frq,9,n_frq,5,2,5,5,0.5,0.5,0.7,0.6,1.0,0.5,48.300002,40,12,45.999999,69.000002,21.399999,1,1,1009,0,ilp_v3,optimal,1,52.925802,47.994873,1.102739,0.01508,0.0,,0.01508,0.015366,3,0,0
n_frq\set09\n_frq_5.py,n_frq,9,n_frq,5,2,5,5,0.5,0.5,0.7,0.6,1.0,0.5,48.300002,40,12,45.999999,69.000002,21.399999,1,1,1009,0,ilp_v4,optimal,1,52.925802,47.994873,1.102739,0.102157,0.0,,0.102157,0.146224,3,0,0
n_frq\set09\n_frq_5.py,n_frq,9,n_frq,5,2,5,5,0.5,0.5,0.7,0.6,1.0,0.5,48.300002,40,12,45.999999,69.000002,21.399999,1,1,1009,0,greedy_sps_baseline,solved,1,9.528677,48.244383,0.197509,0.001696,,,0.001696,0.002458,3,0,0
n_frq\set09\n_frq_8.py,n_frq,9,n_frq,8,2,5,8,0.5,0.5,0.7,0.6,1.0,0.5,48.299998,40,13,46.000001,68.999998,21.400001,1,1,1009,0,ilp_v2,optimal,1,44.685211,48.058655,0.929806,0.027647,0.0,,0.027647,0.034637,3,0,0
n_frq\set09\n_frq_8.py,n_frq,9,n_frq,8,2,5,8,0.5,0.5,0.7,0.6,1.0,0.5,48.299998,40,13,46.000001,68.999998,21.400001,1,1,1009,0,ilp_v3,optimal,1,44.860969,48.286514,0.929058,0.094106,0.0,,0.094106,0.097104,3,0,0
n_frq\set09\n_frq_8.py,n_frq,9,n_frq,8,2,5,8,0.5,0.5,0.7,0.6,1.0,0.5,48.299998,40,13,46.000001,68.999998,21.400001,1,1,1009,0,ilp_v4,optimal,1,55.007142,48.280035,1.139335,0.082852,0.0,,0.082852,0.099627,3,0,0
n_frq\set09\n_frq_8.py,n_frq,9,n_frq,8,2,5,8,0.5,0.5,0.7,0.6,1.0,0.5,48.299998,40,13,46.000001,68.999998,21.400001,1,1,1009,0,greedy_sps_baseline,solved,1,6.230046,48.09325,0.129541,0.001967,,,0.001967,0.002481,3,0,0
n_frq\set09\n_frq_12.py,n_frq,9,n_frq,12,2,5,12,0.5,0.5,0.7,0.6,1.0,0.5,48.300002,40,12,45.999999,69.000002,21.399999,1,1,1009,0,ilp_v2,optimal,1,64.37033,47.998497,1.341091,0.013855,0.0,,0.013855,0.018242,3,0,0
n_frq\set09\n_frq_12.py,n_frq,9,n_frq,12,2,5,12,0.5,0.5,0.7,0.6,1.0,0.5,48.300002,40,12,45.999999,69.000002,21.399999,1,1,1009,0,ilp_v3,optimal,1,55.15748,46.942253,1.175007,0.038023,0.0,,0.038023,0.043661,3,0,0
n_frq\set09\n_frq_12.py,n_frq,9,n_frq,12,2,5,12,0.5,0.5,0.7,0.6,1.0,0.5,48.300002,40,12,45.999999,69.000002,21.399999,1,1,1009,0,ilp_v4,optimal,1,64.37033,47.998497,1.341091,0.055562,0.0,,0.055562,0.064726,3,0,0
n_frq\set09\n_frq_12.py,n_frq,9,n_frq,12,2,5,12,0.5,0.5,0.7,0.6,1.0,0.5,48.300002,40,12,45.999999,69.000002,21.399999,1,1,1009,0,greedy_sps_baseline,solved,1,7.943812,48.282336,0.164528,0.001692,,,0.001692,0.002601,3,0,0
n_frq\set10\n_frq_2.py,n_frq,10,n_frq,2,2,5,2,0.5,0.5,0.7,0.6,1.0,0.5,48.300001,40,12,46.000001,69.000001,30.500001,1,1,1010,0,ilp_v2,optimal,1,39.756649,47.001632,0.845857,0.004753,0.0,,0.004753,0.006332,3,0,0
n_frq\set10\n_frq_2.py,n_frq,10,n_frq,2,2,5,2,0.5,0.5,0.7,0.6,1.0,0.5,48.300001,40,12,46.000001,69.000001,30.500001,1,1,1010,0,ilp_v3,optimal,1,35.141225,48.261879,0.728136,0.007257,0.0,,0.007257,0.008942,3,0,0
n_frq\set10\n_frq_2.py,n_frq,10,n_frq,2,2,5,2,0.5,0.5,0.7,0.6,1.0,0.5,48.300001,40,12,46.000001,69.000001,30.500001,1,1,1010,0,ilp_v4,optimal,1,39.756649,47.419106,0.83841,0.022993,0.0,,0.022993,0.027603,3,0,0
n_frq\set10\n_frq_2.py,n_frq,10,n_frq,2,2,5,2,0.5,0.5,0.7,0.6,1.0,0.5,48.300001,40,12,46.000001,69.000001,30.500001,1,1,1010,0,greedy_sps_baseline,solved,1,7.408979,48.185159,0.153761,0.002502,,,0.002502,0.002836,3,0,0
n_frq\set10\n_frq_3.py,n_frq,10,n_frq,3,2,5,3,0.5,0.5,0.7,0.6,1.0,0.5,48.299998,40,11,46.000002,68.999997,21.433334,1,1,1010,0,ilp_v2,optimal,1,59.47264,48.29751,1.231381,0.0563,0.0,,0.0563,0.063586,3,0,0
n_frq\set10\n_frq_3.py,n_frq,10,n_frq,3,2,5,3,0.5,0.5,0.7,0.6,1.0,0.5,48.299998,40,11,46.000002,68.999997,21.433334,1,1,1010,0,ilp_v3,optimal,1,59.381701,48.22208,1.231421,0.026167,0.0,,0.026167,0.028426,3,0,0
n_frq\set10\n_frq_3.py,n_frq,10,n_frq,3,2,5,3,0.5,0.5,0.7,0.6,1.0,0.5,48.299998,40,11,46.000002,68.999997,21.433334,1,1,1010,0,ilp_v4,optimal,1,61.475062,47.909492,1.28315,0.049076,0.0,,0.049076,0.06207,3,0,0
n_frq\set10\n_frq_3.py,n_frq,10,n_frq,3,2,5,3,0.5,0.5,0.7,0.6,1.0,0.5,48.299998,40,11,46.000002,68.999997,21.433334,1,1,1010,0,greedy_sps_baseline,solved,1,7.756715,48.231536,0.160822,0.000583,,,0.000583,0.000765,3,0,0
n_frq\set10\n_frq_5.py,n_frq,10,n_frq,5,2,5,5,0.5,0.5,0.7,0.6,1.0,0.5,48.299999,40,11,45.999998,68.999999,21.433332,1,1,1010,0,ilp_v2,optimal,1,53.598502,47.918585,1.118533,0.006988,0.0,,0.006988,0.009052,3,0,0
n_frq\set10\n_frq_5.py,n_frq,10,n_frq,5,2,5,5,0.5,0.5,0.7,0.6,1.0,0.5,48.299999,40,11,45.999998,68.999999,21.433332,1,1,1010,0,ilp_v3,optimal,1,43.914612,47.286674,0.928689,0.045992,0.0,,0.045992,0.051513,3,0,0
n_frq\set10\n_frq_5.py,n_frq,10,n_frq,5,2,5,5,0.5,0.5,0.7,0.6,1.0,0.5,48.299999,40,11,45.999998,68.999999,21.433332,1,1,1010,0,ilp_v4,optimal,1,53.598502,47.918585,1.118533,0.022101,0.0,,0.022101,0.033411,3,0,0
n_frq\set10\n_frq_5.py,n_frq,10,n_frq,5,2,5,5,0.5,0.5,0.7,0.6,1.0,0.5,48.299999,40,11,45.999998,68.999999,21.433332,1,1,1010,0,greedy_sps_baseline,solved,1,6.604343,48.131896,0.137213,0.001194,,,0.001194,0.001313,3,0,0
n_frq\set10\n_frq_8.py,n_frq,10,n_frq,8,2,5,8,0.5,0.5,0.7,0.6,1.0,0.5,48.299996,40,13,45.999998,68.999994,21.433332,1,1,1010,0,ilp_v2,optimal,1,45.208485,48.054715,0.940771,0.291418,0.0,,0.291418,0.309013,3,0,0
n_frq\set10\n_frq_8.py,n_frq,10,n_frq,8,2,5,8,0.5,0.5,0.7,0.6,1.0,0.5,48.299996,40,13,45.999998,68.999994,21.433332,1,1,1010,0,ilp_v3,optimal,1,45.048564,48.279898,0.933071,0.080039,0.0,,0.080039,0.085315,3,0,0
n_frq\set10\n_frq_8.py,n_frq,10,n_frq,8,2,5,8,0.5,0.5,0.7,0.6,1.0,0.5,48.299996,40,13,45.999998,68.999994,21.433332,1,1,1010,0,ilp_v4,optimal,1,49.376692,47.971868,1.029284,0.068325,0.0,,0.068325,0.094777,3,0,0
n_frq\set10\n_frq_8.py,n_frq,10,n_frq,8,2,5,8,0.5,0.5,0.7,0.6,1.0,0.5,48.299996,40,13,45.999998,68.999994,21.433332,1,1,1010,0,greedy_sps_baseline,solved,1,7.193547,48.271002,0.149024,0.00156,,,0.00156,0.001749,3,0,0
n_frq\set10\n_frq_12.py,n_frq,10,n_frq,12,2,5,12,0.5,0.5,0.7,0.6,1.0,0.5,48.300002,40,9,46.000002,69.000003,21.433334,1,1,1010,0,ilp_v2,optimal,1,55.575488,47.942381,1.159214,0.024789,0.0,,0.024789,0.030805,3,0,0
n_frq\set10\n_frq_12.py,n_frq,10,n_frq,12,2,5,12,0.5,0.5,0.7,0.6,1.0,0.5,48.300002,40,9,46.000002,69.000003,21.433334,1,1,1010,0,ilp_v3,optimal,1,57.660684,48.240917,1.195265,0.011675,0.0,,0.011675,0.012247,3,0,0
n_frq\set10\n_frq_12.py,n_frq,10,n_frq,12,2,5,12,0.5,0.5,0.7,0.6,1.0,0.5,48.300002,40,9,46.000002,69.000003,21.433334,1,1,1010,0,ilp_v4,optimal,1,57.660684,47.934104,1.202916,0.029459,0.0,,0.029459,0.034565,3,0,0
n_frq\set10\n_frq_12.py,n_frq,10,n_frq,12,2,5,12,0.5,0.5,0.7,0.6,1.0,0.5,48.300002,40,9,46.000002,69.000003,21.433334,1,1,1010,0,greedy_sps_baseline,solved,1,3.080904,47.775023,0.064488,0.00098,,,0.00098,0.001503,3,0,0
n_frq\set11\n_frq_2.py,n_frq,11,n_frq,2,2,5,2,0.5,0.5,0.7,0.6,1.0,0.5,48.3,40,13,46.000001,69.0,22.000001,1,1,1011,0,ilp_v2,optimal,1,47.263971,48.280715,0.978941,0.09393,0.0,,0.09393,0.101169,3,0,0
n_frq\set11\n_frq_2.py,n_frq,11,n_frq,2,2,5,2,0.5,0.5,0.7,0.6,1.0,0.5,48.3,40,13,46.000001,69.0,22.000001,1,1,1011,0,ilp_v3,optimal,1,50.752099,48.122039,1.054654,0.009692,0.0,,0.009692,0.010287,3,0,0
n_frq\set11\n_frq_2.py,n_frq,11,n_frq,2,2,5,2,0.5,0.5,0.7,0.6,1.0,0.5,48.3,40,13,46.000001,69.0,22.000001,1,1,1011,0,ilp_v4,optimal,1,50.752099,48.174149,1.053513,0.20206,0.0,,0.20206,0.221738,3,0,0
n_frq\set11\n_frq_2.py,n_frq,11,n_frq,2,2,5,2,0.5,0.5,0.7,0.6,1.0,0.5,48.3,40,13,46.000001,69.0,22.000001,1,1,1011,0,greedy_sps_baseline,solved,1,8.296488,48.238687,0.171988,0.001082,,,0.001082,0.001613,3,0,0
n_frq\set11\n_frq_3.py,n_frq,11,n_frq,3,2,5,3,0.5,0.5,0.7,0.6,1.0,0.5,48.300001,40,12,46.000001,69.000001,22.000001,1,1,1011,0,ilp_v2,optimal,1,59.799378,48.293608,1.238246,0.123959,0.0,,0.123959,0.131999,3,0,0
n_frq\set11\n_frq_3.py,n_frq,11,n_frq,3,2,5,3,0.5,0.5,0.7,0.6,1.0,0.5,48.300001,40,12,46.000001,69.000001,22.000001,1,1,1011,0,ilp_v3,optimal,1,60.046265,48.29029,1.243444,0.050564,0.0,,0.050564,0.052749,3,0,0
n_frq\set11\n_frq_3.py,n_frq,11,n_frq,3,2,5,3,0.5,0.5,0.7,0.6,1.0,0.5,48.300001,40,12,46.000001,69.000001,22.000001,1,1,1011,0,ilp_v4,optimal,1,59.799378,48.293608,1.238246,0.177183,0.0,,0.177183,0.194697,3,0,0
n_frq\set11\n_frq_3.py,n_frq,11,n_frq,3,2,5,3,0.5,0.5,0.7,0.6,1.0,0.5,48.300001,40,12,46.000001,69.000001,22.000001,1,1,1011,0,greedy_sps_baseline,solved,1,8.357275,48.240714,0.173241,0.00139,,,0.00139,0.001517,3,0,0
n_frq\set11\n_frq_5.py,n_frq,11,n_frq,5,2,5,5,0.5,0.5,0.7,0.6,1.0,0.5,48.3,40,10,46.000001,69.0,21.400001,1,1,1011,0,ilp_v2,optimal,1,36.374372,48.077219,0.756582,0.012925,0.0,,0.012925,0.014476,3,0,0
n_frq\set11\n_frq_5.py,n_frq,11,n_frq,5,2,5,5,0.5,0.5,0.7,0.6,1.0,0.5,48.3,40,10,46.000001,69.0,21.400001,1,1,1011,0,ilp_v3,optimal,1,49.01171,48.272085,1.015322,0.021525,0.0,,0.021525,0.024281,3,0,0
n_frq\set11\n_frq_5.py,n_frq,11,n_frq,5,2,5,5,0.5,0.5,0.7,0.6,1.0,0.5,48.3,40,10,46.000001,69.0,21.400001,1,1,1011,0,ilp_v4,optimal,1,48.50675,47.911528,1.012423,0.042215,0.0,,0.042215,0.042614,3,0,0
n_frq\set11\n_frq_5.py,n_frq,11,n_frq,5,2,5,5,0.5,0.5,0.7,0.6,1.0,0.5,48.3,40,10,46.000001,69.0,21.400001,1,1,1011,0,greedy_sps_baseline,solved,1,7.188212,48.127525,0.149358,0.000847,,,0.000847,0.000931,3,0,0
n_frq\set11\n_frq_8.py,n_frq,11,n_frq,8,2,5,8,0.5,0.5,0.7,0.6,1.0,0.5,48.300011,40,15,46.000003,69.000016,21.400002,1,1,1011,0,ilp_v2,optimal,1,38.735314,48.245228,0.802884,0.135603,0.0,,0.135603,0.139985,3,0,0
n_frq\set11\n_frq_8.py,n_frq,11,n_frq,8,2,5,8,0.5,0.5,0.7,0.6,1.0,0.5,48.300011,40,15,46.000003,69.000016,21.400002,1,1,1011,0,ilp_v3,optimal,1,41.484968,47.95133,0.865147,0.037829,0.0,,0.037829,0.043411,3,0,0
n_frq\set11\n_frq_8.py,n_frq,11,n_frq,8,2,5,8,0.5,0.5,0.7,0.6,1.0,0.5,48.300011,40,15,46.000003,69.000016,21.400002,1,1,1011,0,ilp_v4,optimal,1,39.468076,48.291845,0.817282,0.205592,0.0,,0.205592,0.258731,3,0,0
n_frq\set11\n_frq_8.py,n_frq,11,n_frq,8,2,5,8,0.5,0.5,0.7,0.6,1.0,0.5,48.300011,40,15,46.000003,69.000016,21.400002,1,1,1011,0,greedy_sps_baseline,solved,1,7.848091,48.267932,0.162594,0.003729,,,0.003729,0.004024,3,0,0
n_frq\set11\n_frq_12.py,n_frq,11,n_frq,12,2,5,12,0.5,0.5,0.7,0.6,1.0,0.5,48.299998,40,10,45.999999,68.999997,21.399999,1,1,1011,0,ilp_v2,optimal,1,61.350059,47.808195,1.283254,0.016235,0.0,,0.016235,0.01803,3,0,0
n_frq\set11\n_frq_12.py,n_frq,11,n_frq,12,2,5,12,0.5,0.5,0.7,0.6,1.0,0.5,48.299998,40,10,45.999999,68.999997,21.399999,1,1,1011,0,ilp_v3,optimal,1,59.681509,48.273616,1.236317,0.022096,0.0,,0.022096,0.031577,3,0,0
n_frq\set11\n_frq_12.py,n_frq,11,n_frq,12,2,5,12,0.5,0.5,0.7,0.6,1.0,0.5,48.299998,40,10,45.999999,68.999997,21.399999,1,1,1011,0,ilp_v4,optimal,1,61.350059,48.259445,1.271255,0.046775,0.0,,0.046775,0.059785,3,0,0
n_frq\set11\n_frq_12.py,n_frq,11,n_frq,12,2,5,12,0.5,0.5,0.7,0.6,1.0,0.5,48.299998,40,10,45.999999,68.999997,21.399999,1,1,1011,0,greedy_sps_baseline,solved,1,7.408277,48.205541,0.153681,0.000464,,,0.000464,0.000597,3,0,0
n_frq\set12\n_frq_2.py,n_frq,12,n_frq,2,2,5,2,0.5,0.5,0.7,0.6,1.0,0.5,48.300003,40,13,46.000001,69.000005,21.400001,1,1,1012,0,ilp_v2,optimal,1,46.682732,48.297741,0.966561,0.077541,0.0,,0.077541,0.082594,3,0,0
n_frq\set12\n_frq_2.py,n_frq,12,n_frq,2,2,5,2,0.5,0.5,0.7,0.6,1.0,0.5,48.300003,40,13,46.000001,69.000005,21.400001,1,1,1012,0,ilp_v3,optimal,1,46.827075,48.298068,0.969543,0.055855,4.5e-05,,0.055855,0.060872,3,0,0
n_frq\set12\n_frq_2.py,n_frq,12,n_frq,2,2,5,2,0.5,0.5,0.7,0.6,1.0,0.5,48.300003,40,13,46.000001,69.000005,21.400001,1,1,1012,0,ilp_v4,optimal,1,46.682732,48.297741,0.966561,0.141054,0.0,,0.141054,0.146082,3,0,0
n_frq\set12\n_frq_2.py,n_frq,12,n_frq,2,2,5,2,0.5,0.5,0.7,0.6,1.0,0.5,48.300003,40,13,46.000001,69.000005,21.400001,1,1,1012,0,greedy_sps_baseline,solved,1,8.756106,48.293819,0.181309,0.001784,,,0.001784,0.002114,3,0,0
n_frq\set12\n_frq_3.py,n_frq,12,n_frq,3,2,5,3,0.5,0.5,0.7,0.6,1.0,0.5,48.299998,40,12,45.999999,68.999997,21.399999,1,1,1012,0,ilp_v2,optimal,1,50.947006,48.284001,1.055153,0.00949,0.0,,0.00949,0.012389,3,0,0
n_frq\set12\n_frq_3.py,n_frq,12,n_frq,3,2,5,3,0.5,0.5,0.7,0.6,1.0,0.5,48.299998,40,12,45.999999,68.999997,21.399999,1,1,1012,0,ilp_v3,optimal,1,56.563562,47.805896,1.183192,0.011207,0.0,,0.011207,0.013395,3,0,0
n_frq\set12\n_frq_3.py,n_frq,12,n_frq,3,2,5,3,0.5,0.5,0.7,0.6,1.0,0.5,48.299998,40,12,45.999999,68.999997,21.399999,1,1,1012,0,ilp_v4,optimal,1,62.180117,47.327791,1.313818,0.085895,0.0,,0.085895,0.089334,3,0,0
n_frq\set12\n_frq_3.py,n_frq,12,n_frq,3,2,5,3,0.5,0.5,0.7,0.6,1.0,0.5,48.299998,40,12,45.999999,68.999997,21.399999,1,1,1012,0,greedy_sps_baseline,solved,1,8.028272,47.912482,0.167561,0.001021,,,0.001021,0.001769,3,0,0
n_frq\set12\n_frq_5.py,n_frq,12,n_frq,5,2,5,5,0.5,0.5,0.7,0.6,1.0,0.5,48.300001,40,11,46.000001,69.000001,21.400001,1,1,1012,0,ilp_v2,optimal,1,48.744676,48.009892,1.015305,0.052385,0.0,,0.052385,0.055406,3,0,0
n_frq\set12\n_frq_5.py,n_frq,12,n_frq,5,2,5,5,0.5,0.5,0.7,0.6,1.0,0.5,48.300001,40,11,46.000001,69.000001,21.400001,1,1,1012,0,ilp_v3,optimal,1,45.761031,48.298357,0.947466,0.133785,0.0,,0.133785,0.137245,3,0,0
n_frq\set12\n_frq_5.py,n_frq,12,n_frq,5,2,5,5,0.5,0.5,0.7,0.6,1.0,0.5,48.300001,40,11,46.000001,69.000001,21.400001,1,1,1012,0,ilp_v4,optimal,1,48.951526,48.29449,1.013605,0.107054,0.0,,0.107054,0.114975,3,0,0
n_frq\set12\n_frq_5.py,n_frq,12,n_frq,5,2,5,5,0.5,0.5,0.7,0.6,1.0,0.5,48.300001,40,11,46.000001,69.000001,21.400001,1,1,1012,0,greedy_sps_baseline,solved,1,9.193184,48.281246,0.190409,0.002046,,,0.002046,0.002306,3,0,0
n_frq\set12\n_frq_8.py,n_frq,12,n_frq,8,2,5,8,0.5,0.5,0.7,0.6,1.0,0.5,48.3,40,10,45.999998,69.0,21.399999,1,1,1012,0,ilp_v2,optimal,1,58.561702,48.04278,1.218949,0.023848,0.0,,0.023848,0.029961,3,0,0
n_frq\set12\n_frq_8.py,n_frq,12,n_frq,8,2,5,8,0.5,0.5,0.7,0.6,1.0,0.5,48.3,40,10,45.999998,69.0,21.399999,1,1,1012,0,ilp_v3,optimal,1,58.561702,48.140616,1.216472,0.019877,0.0,,0.019877,0.021224,3,0,0
n_frq\set12\n_frq_8.py,n_frq,12,n_frq,8,2,5,8,0.5,0.5,0.7,0.6,1.0,0.5,48.3,40,10,45.999998,69.0,21.399999,1,1,1012,0,ilp_v4,optimal,1,60.654432,48.033564,1.262751,0.06043,0.0,,0.06043,0.064167,3,0,0
n_frq\set12\n_frq_8.py,n_frq,12,n_frq,8,2,5,8,0.5,0.5,0.7,0.6,1.0,0.5,48.3,40,10,45.999998,69.0,21.399999,1,1,1012,0,greedy_sps_baseline,solved,1,8.828345,48.23783,0.183017,0.001351,,,0.001351,0.001522,3,0,0
n_frq\set12\n_frq_12.py,n_frq,12,n_frq,12,2,5,12,0.5,0.5,0.7,0.6,1.0,0.5,48.300002,40,11,46.000001,69.000003,21.400001,1,1,1012,0,ilp_v2,optimal,1,58.724659,48.26569,1.216696,0.27012,0.0,,0.27012,0.300575,3,0,0
n_frq\set12\n_frq_12.py,n_frq,12,n_frq,12,2,5,12,0.5,0.5,0.7,0.6,1.0,0.5,48.300002,40,11,46.000001,69.000003,21.400001,1,1,1012,0,ilp_v3,optimal,1,67.526722,48.231093,1.400066,0.042766,0.0,,0.042766,0.044431,3,0,0
n_frq\set12\n_frq_12.py,n_frq,12,n_frq,12,2,5,12,0.5,0.5,0.7,0.6,1.0,0.5,48.300002,40,11,46.000001,69.000003,21.400001,1,1,1012,0,ilp_v4,optimal,1,70.832452,48.191584,1.46981,0.073356,0.0,,0.073356,0.08534,3,0,0
n_frq\set12\n_frq_12.py,n_frq,12,n_frq,12,2,5,12,0.5,0.5,0.7,0.6,1.0,0.5,48.300002,40,11,46.000001,69.000003,21.400001,1,1,1012,0,greedy_sps_baseline,solved,1,8.720146,48.292416,0.18057,0.000747,,,0.000747,0.001665,3,0,0
n_frq\set13\n_frq_2.py,n_frq,13,n_frq,2,2,5,2,0.5,0.5,0.7,0.6,1.0,0.5,48.299999,40,9,45.999999,68.999999,26.130769,1,1,1013,0,ilp_v2,optimal,1,58.541125,44.495368,1.315668,0.005244,0.0,,0.005244,0.006143,3,0,0
n_frq\set13\n_frq_2.py,n_frq,13,n_frq,2,2,5,2,0.5,0.5,0.7,0.6,1.0,0.5,48.299999,40,9,45.999999,68.999999,26.130769,1,1,1013,0,ilp_v3,optimal,1,60.621639,44.967072,1.348134,0.004209,0.0,,0.004209,0.004596,3,0,0
n_frq\set13\n_frq_2.py,n_frq,13,n_frq,2,2,5,2,0.5,0.5,0.7,0.6,1.0,0.5,48.299999,40,9,45.999999,68.999999,26.130769,1,1,1013,0,ilp_v4,optimal,1,58.541125,44.495368,1.315668,0.020218,0.0,,0.020218,0.021667,3,0,0
n_frq\set13\n_frq_2.py,n_frq,13,n_frq,2,2,5,2,0.5,0.5,0.7,0.6,1.0,0.5,48.299999,40,9,45.999999,68.999999,26.130769,1,1,1013,0,greedy_sps_baseline,solved,1,6.578817,47.727455,0.137841,0.000609,,,0.000609,0.000876,3,0,0
n_frq\set13\n_frq_3.py,n_frq,13,n_frq,3,2,5,3,0.5,0.5,0.7,0.6,1.0,0.5,48.299999,40,9,45.999999,68.999999,26.130769,1,1,1013,0,ilp_v2,optimal,1,65.733623,47.649992,1.37951,0.008641,0.0,,0.008641,0.009484,3,0,0
n_frq\set13\n_frq_3.py,n_frq,13,n_frq,3,2,5,3,0.5,0.5,0.7,0.6,1.0,0.5,48.299999,40,9,45.999999,68.999999,26.130769,1,1,1013,0,ilp_v3,optimal,1,65.025178,48.292272,1.346492,0.008288,0.0,,0.008288,0.009628,3,0,0
n_frq\set13\n_frq_3.py,n_frq,13,n_frq,3,2,5,3,0.5,0.5,0.7,0.6,1.0,0.5,48.299999,40,9,45.999999,68.999999,26.130769,1,1,1013,0,ilp_v4,optimal,1,65.733623,47.649992,1.37951,0.017104,0.0,,0.017104,0.023188,3,0,0
n_frq\set13\n_frq_3.py,n_frq,13,n_frq,3,2,5,3,0.5,0.5,0.7,0.6,1.0,0.5,48.299999,40,9,45.999999,68.999999,26.130769,1,1,1013,0,greedy_sps_baseline,solved,1,6.578817,47.727455,0.137841,0.000854,,,0.000854,0.002626,3,0,0
n_frq\set13\n_frq_5.py,n_frq,13,n_frq,5,2,5,5,0.5,0.5,0.7,0.6,1.0,0.5,48.300005,40,13,46.0,69.000007,21.4,1,1,1013,0,ilp_v2,optimal,1,43.8069,48.22889,0.908312,0.029527,0.0,,0.029527,0.034539,3,0,0
n_frq\set13\n_frq_5.py,n_frq,13,n_frq,5,2,5,5,0.5,0.5,0.7,0.6,1.0,0.5,48.300005,40,13,46.0,69.000007,21.4,1,1,1013,0,ilp_v3,optimal,1,50.897773,48.001787,1.060331,0.024724,0.0,,0.024724,0.026025,3,0,0
n_frq\set13\n_frq_5.py,n_frq,13,n_frq,5,2,5,5,0.5,0.5,0.7,0.6,1.0,0.5,48.300005,40,13,46.0,69.000007,21.4,1,1,1013,0,ilp_v4,optimal,1,66.426284,48.298326,1.375333,0.214512,0.0,,0.214512,0.225409,3,0,0
n_frq\set13\n_frq_5.py,n_frq,13,n_frq,5,2,5,5,0.5,0.5,0.7,0.6,1.0,0.5,48.300005,40,13,46.0,69.000007,21.4,1,1,1013,0,greedy_sps_baseline,solved,1,8.38857,48.262873,0.17381,0.002162,,,0.002162,0.002323,3,0,0
n_frq\set13\n_frq_8.py,n_frq,13,n_frq,8,2,5,8,0.5,0.5,0.7,0.6,1.0,0.5,48.299998,40,13,45.999997,68.999998,21.399998,1,1,1013,0,ilp_v2,optimal,1,46.547305,48.297101,0.96377,0.140136,0.0,,0.140136,0.159765,3,0,0
n_frq\set13\n_frq_8.py,n_frq,13,n_frq,8,2,5,8,0.5,0.5,0.7,0.6,1.0,0.5,48.299998,40,13,45.999997,68.999998,21.399998,1,1,1013,0,ilp_v3,optimal,1,44.199897,47.984734,0.921124,0.030311,0.0,,0.030311,0.031354,3,0,0
n_frq\set13\n_frq_8.py,n_frq,13,n_frq,8,2,5,8,0.5,0.5,0.7,0.6,1.0,0.5,48.299998,40,13,45.999997,68.999998,21.399998,1,1,1013,0,ilp_v4,optimal,1,44.332586,48.139411,0.920921,0.091318,0.0,,0.091318,0.116602,3,0,0
n_frq\set13\n_frq_8.py,n_frq,13,n_frq,8,2,5,8,0.5,0.5,0.7,0.6,1.0,0.5,48.299998,40,13,45.999997,68.999998,21.399998,1,1,1013,0,greedy_sps_baseline,solved,1,7.199046,48.074591,0.149747,0.00339,,,0.00339,0.003535,3,0,0
n_frq\set13\n_frq_12.py,n_frq,13,n_frq,12,2,5,12,0.5,0.5,0.7,0.6,1.0,0.5,48.299992,40,12,45.999998,68.999989,21.399999,1,1,1013,0,ilp_v2,optimal,1,73.819543,48.0148,1.537433,0.019855,0.0,,0.019855,0.02746,3,0,0
n_frq\set13\n_frq_12.py,n_frq,13,n_frq,12,2,5,12,0.5,0.5,0.7,0.6,1.0,0.5,48.299992,40,12,45.999998,68.999989,21.399999,1,1,1013,0,ilp_v3,optimal,1,73.819543,48.256062,1.529747,0.022852,0.0,,0.022852,0.025752,3,0,0
n_frq\set13\n_frq_12.py,n_frq,13,n_frq,12,2,5,12,0.5,0.5,0.7,0.6,1.0,0.5,48.299992,40,12,45.999998,68.999989,21.399999,1,1,1013,0,ilp_v4,optimal,1,73.819543,48.0148,1.537433,0.090087,0.0,,0.090087,0.109341,3,0,0
n_frq\set13\n_frq_12.py,n_frq,13,n_frq,12,2,5,12,0.5,0.5,0.7,0.6,1.0,0.5,48.299992,40,12,45.999998,68.999989,21.399999,1,1,1013,0,greedy_sps_baseline,solved,1,8.472262,48.171819,0.175876,0.001768,,,0.001768,0.002352,3,0,0
n_frq\set14\n_frq_2.py,n_frq,14,n_frq,2,2,5,2,0.5,0.5,0.7,0.6,1.0,0.5,48.300001,40,13,45.999999,69.000001,23.599999,1,1,1014,0,ilp_v2,optimal,1,35.689316,48.285921,0.739125,0.038364,0.0,,0.038364,0.042753,3,0,0
n_frq\set14\n_frq_2.py,n_frq,14,n_frq,2,2,5,2,0.5,0.5,0.7,0.6,1.0,0.5,48.300001,40,13,45.999999,69.000001,23.599999,1,1,1014,0,ilp_v3,optimal,1,36.058487,48.297418,0.746592,0.019453,0.0,,0.019453,0.023276,3,0,0
n_frq\set14\n_frq_2.py,n_frq,14,n_frq,2,2,5,2,0.5,0.5,0.7,0.6,1.0,0.5,48.300001,40,13,45.999999,69.000001,23.599999,1,1,1014,0,ilp_v4,optimal,1,37.333394,48.291192,0.773089,0.156861,1.3e-05,,0.156861,0.183352,3,0,0
n_frq\set14\n_frq_2.py,n_frq,14,n_frq,2,2,5,2,0.5,0.5,0.7,0.6,1.0,0.5,48.300001,40,13,45.999999,69.000001,23.599999,1,1,1014,0,greedy_sps_baseline,solved,1,9.489604,48.295532,0.19649,0.001533,,,0.001533,0.001589,3,0,0
n_frq\set14\n_frq_3.py,n_frq,14,n_frq,3,2,5,3,0.5,0.5,0.7,0.6,1.0,0.5,48.300001,40,13,46.000003,69.000001,21.433335,1,1,1014,0,ilp_v2,optimal,1,31.677148,48.178296,0.657498,0.024732,0.0,,0.024732,0.026413,3,0,0
n_frq\set14\n_frq_3.py,n_frq,14,n_frq,3,2,5,3,0.5,0.5,0.7,0.6,1.0,0.5,48.300001,40,13,46.000003,69.000001,21.433335,1,1,1014,0,ilp_v3,optimal,1,33.679731,47.449181,0.709806,0.009957,0.0,,0.009957,0.011626,3,0,0
n_frq\set14\n_frq_3.py,n_frq,14,n_frq,3,2,5,3,0.5,0.5,0.7,0.6,1.0,0.5,48.300001,40,13,46.000003,69.000001,21.433335,1,1,1014,0,ilp_v4,optimal,1,33.679731,47.018865,0.716303,0.079452,0.0,,0.079452,0.08038,3,0,0
n_frq\set14\n_frq_3.py,n_frq,14,n_frq,3,2,5,3,0.5,0.5,0.7,0.6,1.0,0.5,48.300001,40,13,46.000003,69.000001,21.433335,1,1,1014,0,greedy_sps_baseline,solved,1,5.909325,48.293375,0.122363,0.001709,,,0.001709,0.001792,3,0,0
n_frq\set14\n_frq_5.py,n_frq,14,n_frq,5,2,5,5,0.5,0.5,0.7,0.6,1.0,0.5,48.299998,40,10,46.0,68.999998,21.433333,1,1,1014,0,ilp_v2,optimal,1,62.107903,48.06979,1.292036,0.025901,0.0,,0.025901,0.029669,3,0,0
n_frq\set14\n_frq_5.py,n_frq,14,n_frq,5,2,5,5,0.5,0.5,0.7,0.6,1.0,0.5,48.299998,40,10,46.0,68.999998,21.433333,1,1,1014,0,ilp_v3,optimal,1,59.155238,48.27302,1.225431,0.028245,0.0,,0.028245,0.028621,3,0,0
n_frq\set14\n_frq_5.py,n_frq,14,n_frq,5,2,5,5,0.5,0.5,0.7,0.6,1.0,0.5,48.299998,40,10,46.0,68.999998,21.433333,1,1,1014,0,ilp_v4,optimal,1,62.107903,48.06979,1.292036,0.045763,0.0,,0.045763,0.048087,3,0,0
n_frq\set14\n_frq_5.py,n_frq,14,n_frq,5,2,5,5,0.5,0.5,0.7,0.6,1.0,0.5,48.299998,40,10,46.0,68.999998,21.433333,1,1,1014,0,greedy_sps_baseline,solved,1,8.991418,48.274446,0.186256,0.001241,,,0.001241,0.001487,3,0,0
n_frq\set14\n_frq_8.py,n_frq,14,n_frq,8,2,5,8,0.5,0.5,0.7,0.6,1.0,0.5,48.299998,40,10,45.999998,68.999997,21.399999,1,1,1014,0,ilp_v2,optimal,1,45.893218,45.759075,1.002932,0.013485,0.0,,0.013485,0.014629,3,0,0
n_frq\set14\n_frq_8.py,n_frq,14,n_frq,8,2,5,8,0.5,0.5,0.7,0.6,1.0,0.5,48.299998,40,10,45.999998,68.999997,21.399999,1,1,1014,0,ilp_v3,optimal,1,45.893218,46.087018,0.995795,0.011841,0.0,,0.011841,0.013556,3,0,0
n_frq\set14\n_frq_8.py,n_frq,14,n_frq,8,2,5,8,0.5,0.5,0.7,0.6,1.0,0.5,48.299998,40,10,45.999998,68.999997,21.399999,1,1,1014,0,ilp_v4,optimal,1,45.893218,45.790918,1.002234,0.026097,0.0,,0.026097,0.029136,3,0,0
n_frq\set14\n_frq_8.py,n_frq,14,n_frq,8,2,5,8,0.5,0.5,0.7,0.6,1.0,0.5,48.299998,40,10,45.999998,68.999997,21.399999,1,1,1014,0,greedy_sps_baseline,solved,1,9.498837,48.221036,0.196985,0.000913,,,0.000913,0.001656,3,0,0
n_frq\set14\n_frq_12.py,n_frq,14,n_frq,12,2,5,12,0.5,0.5,0.7,0.6,1.0,0.5,48.300002,40,10,45.999999,69.000002,21.399999,1,1,1014,0,ilp_v2,optimal,1,51.856533,48.271992,1.074257,0.020672,0.0,,0.020672,0.022392,3,0,0
n_frq\set14\n_frq_12.py,n_frq,14,n_frq,12,2,5,12,0.5,0.5,0.7,0.6,1.0,0.5,48.300002,40,10,45.999999,69.000002,21.399999,1,1,1014,0,ilp_v3,optimal,1,50.381259,48.159142,1.046141,0.044532,0.0,,0.044532,0.046769,3,0,0
n_frq\set14\n_frq_12.py,n_frq,14,n_frq,12,2,5,12,0.5,0.5,0.7,0.6,1.0,0.5,48.300002,40,10,45.999999,69.000002,21.399999,1,1,1014,0,ilp_v4,optimal,1,51.856533,48.271992,1.074257,0.045183,0.0,,0.045183,0.063935,3,0,0
n_frq\set14\n_frq_12.py,n_frq,14,n_frq,12,2,5,12,0.5,0.5,0.7,0.6,1.0,0.5,48.300002,40,10,45.999999,69.000002,21.399999,1,1,1014,0,greedy_sps_baseline,solved,1,5.23849,48.295497,0.108467,0.000832,,,0.000832,0.000936,3,0,0
n_frq\set15\n_frq_2.py,n_frq,15,n_frq,2,2,5,2,0.5,0.5,0.7,0.6,1.0,0.5,48.300001,40,10,45.999999,69.000001,22.042857,1,1,1015,0,ilp_v2,optimal,1,39.023138,48.172743,0.810067,0.010931,0.0,,0.010931,0.015161,3,0,0
n_frq\set15\n_frq_2.py,n_frq,15,n_frq,2,2,5,2,0.5,0.5,0.7,0.6,1.0,0.5,48.300001,40,10,45.999999,69.000001,22.042857,1,1,1015,0,ilp_v3,optimal,1,39.023138,48.172743,0.810067,0.011181,0.0,,0.011181,0.014682,3,0,0
n_frq\set15\n_frq_2.py,n_frq,15,n_frq,2,2,5,2,0.5,0.5,0.7,0.6,1.0,0.5,48.300001,40,10,45.999999,69.000001,22.042857,1,1,1015,0,ilp_v4,optimal,1,42.1009,48.112777,0.875046,0.063534,0.0,,0.063534,0.069444,3,0,0
n_frq\set15\n_frq_2.py,n_frq,15,n_frq,2,2,5,2,0.5,0.5,0.7,0.6,1.0,0.5,48.300001,40,10,45.999999,69.000001,22.042857,1,1,1015,0,greedy_sps_baseline,solved,1,8.50212,48.083039,0.176822,0.000906,,,0.000906,0.0014,3,0,0
n_frq\set15\n_frq_3.py,n_frq,15,n_frq,3,2,5,3,0.5,0.5,0.7,0.6,1.0,0.5,48.299999,40,9,45.999999,68.999999,21.999999,1,1,1015,0,ilp_v2,optimal,1,31.738808,48.273691,0.657476,0.008157,0.0,,0.008157,0.011456,3,0,0
n_frq\set15\n_frq_3.py,n_frq,15,n_frq,3,2,5,3,0.5,0.5,0.7,0.6,1.0,0.5,48.299999,40,9,45.999999,68.999999,21.999999,1,1,1015,0,ilp_v3,optimal,1,31.738808,48.273691,0.657476,0.011104,0.0,,0.011104,0.01234,3,0,0
n_frq\set15\n_frq_3.py,n_frq,15,n_frq,3,2,5,3,0.5,0.5,0.7,0.6,1.0,0.5,48.299999,40,9,45.999999,68.999999,21.999999,1,1,1015,0,ilp_v4,optimal,1,31.738808,48.273691,0.657476,0.02463,0.0,,0.02463,0.025757,3,0,0
n_frq\set15\n_frq_3.py,n_frq,15,n_frq,3,2,5,3,0.5,0.5,0.7,0.6,1.0,0.5,48.299999,40,9,45.999999,68.999999,21.999999,1,1,1015,0,greedy_sps_baseline,solved,1,8.118356,48.245671,0.168271,0.002046,,,0.002046,0.002533,3,0,0
n_frq\set15\n_frq_5.py,n_frq,15,n_frq,5,2,5,5,0.5,0.5,0.7,0.6,1.0,0.5,48.299998,40,11,45.999999,68.999997,21.999999,1,1,1015,0,ilp_v2,optimal,1,69.611488,47.278892,1.472359,0.013998,6.8e-05,,0.013998,0.015303,3,0,0
n_frq\set15\n_frq_5.py,n_frq,15,n_frq,5,2,5,5,0.5,0.5,0.7,0.6,1.0,0.5,48.299998,40,11,45.999999,68.999997,21.999999,1,1,1015,0,ilp_v3,optimal,1,63.679111,48.273667,1.319127,0.021921,0.0,,0.021921,0.022759,3,0,0
n_frq\set15\n_frq_5.py,n_frq,15,n_frq,5,2,5,5,0.5,0.5,0.7,0.6,1.0,0.5,48.299998,40,11,45.999999,68.999997,21.999999,1,1,1015,0,ilp_v4,optimal,1,69.611488,45.82025,1.51923,0.058048,0.0,,0.058048,0.099077,3,0,0
n_frq\set15\n_frq_5.py,n_frq,15,n_frq,5,2,5,5,0.5,0.5,0.7,0.6,1.0,0.5,48.299998,40,11,45.999999,68.999997,21.999999,1,1,1015,0,greedy_sps_baseline,solved,1,8.837376,48.257801,0.183128,0.000838,,,0.000838,0.001412,3,0,0
n_frq\set15\n_frq_8.py,n_frq,15,n_frq,8,2,5,8,0.5,0.5,0.7,0.6,1.0,0.5,48.299999,40,10,46.000001,68.999999,22.000001,1,1,1015,0,ilp_v2,optimal,1,71.773629,46.916394,1.52982,0.013115,0.0,,0.013115,0.016977,3,0,0
n_frq\set15\n_frq_8.py,n_frq,15,n_frq,8,2,5,8,0.5,0.5,0.7,0.6,1.0,0.5,48.299999,40,10,46.000001,68.999999,22.000001,1,1,1015,0,ilp_v3,optimal,1,63.586422,44.71817,1.421937,0.013462,0.0,,0.013462,0.015198,3,0,0
n_frq\set15\n_frq_8.py,n_frq,15,n_frq,8,2,5,8,0.5,0.5,0.7,0.6,1.0,0.5,48.299999,40,10,46.000001,68.999999,22.000001,1,1,1015,0,ilp_v4,optimal,1,74.377023,47.79967,1.556015,0.028992,0.0,,0.028992,0.031446,3,0,0
n_frq\set15\n_frq_8.py,n_frq,15,n_frq,8,2,5,8,0.5,0.5,0.7,0.6,1.0,0.5,48.299999,40,10,46.000001,68.999999,22.000001,1,1,1015,0,greedy_sps_baseline,solved,1,8.854714,48.280931,0.1834,0.001462,,,0.001462,0.001701,3,0,0
n_frq\set15\n_frq_12.py,n_frq,15,n_frq,12,2,5,12,0.5,0.5,0.7,0.6,1.0,0.5,48.3,40,9,46.0,69.0,21.4,1,1,1015,0,ilp_v2,optimal,1,72.897087,48.258951,1.51054,0.012083,0.0,,0.012083,0.013453,3,0,0
n_frq\set15\n_frq_12.py,n_frq,15,n_frq,12,2,5,12,0.5,0.5,0.7,0.6,1.0,0.5,48.3,40,9,46.0,69.0,21.4,1,1,1015,0,ilp_v3,optimal,1,72.897087,47.622034,1.530743,0.011054,0.0,,0.011054,0.014133,3,0,0
n_frq\set15\n_frq_12.py,n_frq,15,n_frq,12,2,5,12,0.5,0.5,0.7,0.6,1.0,0.5,48.3,40,9,46.0,69.0,21.4,1,1,1015,0,ilp_v4,optimal,1,72.897087,48.258951,1.51054,0.015629,0.0,,0.015629,0.025088,3,0,0
n_frq\set15\n_frq_12.py,n_frq,15,n_frq,12,2,5,12,0.5,0.5,0.7,0.6,1.0,0.5,48.3,40,9,46.0,69.0,21.4,1,1,1015,0,greedy_sps_baseline,solved,1,8.958905,48.189149,0.185911,0.000691,,,0.000691,0.000876,3,0,0
n_frq\set16\n_frq_2.py,n_frq,16,n_frq,2,2,5,2,0.5,0.5,0.7,0.6,1.0,0.5,48.300001,40,10,45.999999,69.000001,23.00909,1,1,1016,0,ilp_v2,optimal,1,36.934703,48.298888,0.764711,0.100604,0.0,,0.100604,0.116285,3,0,0
n_frq\set16\n_frq_2.py,n_frq,16,n_frq,2,2,5,2,0.5,0.5,0.7,0.6,1.0,0.5,48.300001,40,10,45.999999,69.000001,23.00909,1,1,1016,0,ilp_v3,optimal,1,29.115067,48.296871,0.602835,0.017231,0.0,,0.017231,0.018754,3,0,0
n_frq\set16\n_frq_2.py,n_frq,16,n_frq,2,2,5,2,0.5,0.5,0.7,0.6,1.0,0.5,48.300001,40,10,45.999999,69.000001,23.00909,1,1,1016,0,ilp_v4,optimal,1,36.934703,48.298888,0.764711,0.14021,0.0,,0.14021,0.158115,3,0,0
n_frq\set16\n_frq_2.py,n_frq,16,n_frq,2,2,5,2,0.5,0.5,0.7,0.6,1.0,0.5,48.300001,40,10,45.999999,69.000001,23.00909,1,1,1016,0,greedy_sps_baseline,solved,1,4.361661,48.261507,0.090376,0.00224,,,0.00224,0.002421,3,0,0
n_frq\set16\n_frq_3.py,n_frq,16,n_frq,3,2,5,3,0.5,0.5,0.7,0.6,1.0,0.5,48.3,40,9,46.000001,69.0,23.009091,1,1,1016,0,ilp_v2,optimal,1,37.107471,48.209686,0.76971,0.044113,0.0,,0.044113,0.044595,3,0,0
n_frq\set16\n_frq_3.py,n_frq,16,n_frq,3,2,5,3,0.5,0.5,0.7,0.6,1.0,0.5,48.3,40,9,46.000001,69.0,23.009091,1,1,1016,0,ilp_v3,optimal,1,38.211679,48.284156,0.791392,0.029924,0.0,,0.029924,0.035104,3,0,0
n_frq\set16\n_frq_3.py,n_frq,16,n_frq,3,2,5,3,0.5,0.5,0.7,0.6,1.0,0.5,48.3,40,9,46.000001,69.0,23.009091,1,1,1016,0,ilp_v4,optimal,1,40.10875,48.255402,0.831176,0.027011,0.0,,0.027011,0.036773,3,0,0
n_frq\set16\n_frq_3.py,n_frq,16,n_frq,3,2,5,3,0.5,0.5,0.7,0.6,1.0,0.5,48.3,40,9,46.000001,69.0,23.009091,1,1,1016,0,greedy_sps_baseline,solved,1,6.210694,48.160932,0.128957,0.000633,,,0.000633,0.000741,3,0,0
n_frq\set16\n_frq_5.py,n_frq,16,n_frq,5,2,5,5,0.5,0.5,0.7,0.6,1.0,0.5,48.299998,40,9,45.999999,68.999998,23.00909,1,1,1016,0,ilp_v2,optimal,1,67.256489,48.20406,1.395245,0.039319,8e-06,,0.039319,0.049828,3,0,0
n_frq\set16\n_frq_5.py,n_frq,16,n_frq,5,2,5,5,0.5,0.5,0.7,0.6,1.0,0.5,48.299998,40,9,45.999999,68.999998,23.00909,1,1,1016,0,ilp_v3,optimal,1,68.584669,48.150334,1.424386,0.064451,0.0,,0.064451,0.069327,3,0,0
n_frq\set16\n_frq_5.py,n_frq,16,n_frq,5,2,5,5,0.5,0.5,0.7,0.6,1.0,0.5,48.299998,40,9,45.999999,68.999998,23.00909,1,1,1016,0,ilp_v4,optimal,1,70.864006,48.218042,1.469657,0.041732,0.0,,0.041732,0.044421,3,0,0
n_frq\set16\n_frq_5.py,n_frq,16,n_frq,5,2,5,5,0.5,0.5,0.7,0.6,1.0,0.5,48.299998,40,9,45.999999,68.999998,23.00909,1,1,1016,0,greedy_sps_baseline,solved,1,8.10293,48.299722,0.167763,0.001884,,,0.001884,0.002002,3,0,0
n_frq\set16\n_frq_8.py,n_frq,16,n_frq,8,2,5,8,0.5,0.5,0.7,0.6,1.0,0.5,48.299994,40,13,45.999997,68.999991,21.399998,1,1,1016,0,ilp_v2,optimal,1,28.521117,48.260172,0.590987,0.044544,0.0,,0.044544,0.047441,3,0,0
n_frq\set16\n_frq_8.py,n_frq,16,n_frq,8,2,5,8,0.5,0.5,0.7,0.6,1.0,0.5,48.299994,40,13,45.999997,68.999991,21.399998,1,1,1016,0,ilp_v3,optimal,1,35.170082,48.231119,0.729199,0.039164,0.0,,0.039164,0.051881,3,0,0
n_frq\set16\n_frq_8.py,n_frq,16,n_frq,8,2,5,8,0.5,0.5,0.7,0.6,1.0,0.5,48.299994,40,13,45.999997,68.999991,21.399998,1,1,1016,0,ilp_v4,optimal,1,35.569021,47.315266,0.751745,0.121172,0.0,,0.121172,0.132038,3,0,0
n_frq\set16\n_frq_8.py,n_frq,16,n_frq,8,2,5,8,0.5,0.5,0.7,0.6,1.0,0.5,48.299994,40,13,45.999997,68.999991,21.399998,1,1,1016,0,greedy_sps_baseline,solved,1,5.443026,48.176526,0.112981,0.001802,,,0.001802,0.002784,3,0,0
n_frq\set16\n_frq_12.py,n_frq,16,n_frq,12,2,5,12,0.5,0.5,0.7,0.6,1.0,0.5,48.300001,40,9,46.000003,69.000001,21.400002,1,1,1016,0,ilp_v2,optimal,1,48.755859,48.226235,1.010982,0.040563,0.0,,0.040563,0.05189,3,0,0
n_frq\set16\n_frq_12.py,n_frq,16,n_frq,12,2,5,12,0.5,0.5,0.7,0.6,1.0,0.5,48.300001,40,9,46.000003,69.000001,21.400002,1,1,1016,0,ilp_v3,optimal,1,48.755859,48.226235,1.010982,0.043206,0.0,,0.043206,0.044608,3,0,0
n_frq\set16\n_frq_12.py,n_frq,16,n_frq,12,2,5,12,0.5,0.5,0.7,0.6,1.0,0.5,48.300001,40,9,46.000003,69.000001,21.400002,1,1,1016,0,ilp_v4,optimal,1,58.866492,47.995513,1.2265,0.048044,0.0,,0.048044,0.054787,3,0,0
n_frq\set16\n_frq_12.py,n_frq,16,n_frq,12,2,5,12,0.5,0.5,0.7,0.6,1.0,0.5,48.300001,40,9,46.000003,69.000001,21.400002,1,1,1016,0,greedy_sps_baseline,solved,1,7.566145,48.141872,0.157163,0.000778,,,0.000778,0.001119,3,0,0
n_frq\set17\n_frq_2.py,n_frq,17,n_frq,2,2,5,2,0.5,0.5,0.7,0.6,1.0,0.5,48.299997,40,15,45.999995,68.999995,26.130767,1,1,1017,0,ilp_v2,optimal,1,49.616841,48.286384,1.027553,0.023121,0.0,,0.023121,0.024606,3,0,0
n_frq\set17\n_frq_2.py,n_frq,17,n_frq,2,2,5,2,0.5,0.5,0.7,0.6,1.0,0.5,48.299997,40,15,45.999995,68.999995,26.130767,1,1,1017,0,ilp_v3,optimal,1,48.232569,48.280915,0.998999,0.012741,0.0,,0.012741,0.013902,3,0,0
n_frq\set17\n_frq_2.py,n_frq,17,n_frq,2,2,5,2,0.5,0.5,0.7,0.6,1.0,0.5,48.299997,40,15,45.999995,68.999995,26.130767,1,1,1017,0,ilp_v4,optimal,1,49.616841,48.286384,1.027553,0.069042,0.0,,0.069042,0.075288,3,0,0
n_frq\set17\n_frq_2.py,n_frq,17,n_frq,2,2,5,2,0.5,0.5,0.7,0.6,1.0,0.5,48.299997,40,15,45.999995,68.999995,26.130767,1,1,1017,0,greedy_sps_baseline,solved,1,7.088903,48.278535,0.146833,0.002359,,,0.002359,0.002578,3,0,0
n_frq\set17\n_frq_3.py,n_frq,17,n_frq,3,2,5,3,0.5,0.5,0.7,0.6,1.0,0.5,48.299998,40,13,45.999997,68.999997,24.399998,1,1,1017,0,ilp_v2,optimal,1,50.452719,47.831385,1.054804,0.018658,0.0,,0.018658,0.019787,3,0,0
n_frq\set17\n_frq_3.py,n_frq,17,n_frq,3,2,5,3,0.5,0.5,0.7,0.6,1.0,0.5,48.299998,40,13,45.999997,68.999997,24.399998,1,1,1017,0,ilp_v3,optimal,1,45.863838,48.176401,0.951998,0.016092,0.0,,0.016092,0.016416,3,0,0
n_frq\set17\n_frq_3.py,n_frq,17,n_frq,3,2,5,3,0.5,0.5,0.7,0.6,1.0,0.5,48.299998,40,13,45.999997,68.999997,24.399998,1,1,1017,0,ilp_v4,optimal,1,52.092795,48.15896,1.081684,0.065544,0.0,,0.065544,0.073194,3,0,0
n_frq\set17\n_frq_3.py,n_frq,17,n_frq,3,2,5,3,0.5,0.5,0.7,0.6,1.0,0.5,48.299998,40,13,45.999997,68.999997,24.399998,1,1,1017,0,greedy_sps_baseline,solved,1,7.237614,48.288721,0.149882,0.000756,,,0.000756,0.000942,3,0,0
n_frq\set17\n_frq_5.py,n_frq,17,n_frq,5,2,5,5,0.5,0.5,0.7,0.6,1.0,0.5,48.300005,40,13,46.000002,69.000007,21.433334,1,1,1017,0,ilp_v2,optimal,1,29.253064,48.18032,0.607158,0.034101,0.0,,0.034101,0.041287,3,0,0
n_frq\set17\n_frq_5.py,n_frq,17,n_frq,5,2,5,5,0.5,0.5,0.7,0.6,1.0,0.5,48.300005,40,13,46.000002,69.000007,21.433334,1,1,1017,0,ilp_v3,optimal,1,28.547921,48.164902,0.592712,0.026271,0.0,,0.026271,0.0286,3,0,0
n_frq\set17\n_frq_5.py,n_frq,17,n_frq,5,2,5,5,0.5,0.5,0.7,0.6,1.0,0.5,48.300005,40,13,46.000002,69.000007,21.433334,1,1,1017,0,ilp_v4,optimal,1,29.606724,48.153686,0.614838,0.339075,0.0,,0.339075,0.355642,3,0,0
n_frq\set17\n_frq_5.py,n_frq,17,n_frq,5,2,5,5,0.5,0.5,0.7,0.6,1.0,0.5,48.300005,40,13,46.000002,69.000007,21.433334,1,1,1017,0,greedy_sps_baseline,solved,1,4.017408,48.180285,0.083383,0.002028,,,0.002028,0.00222,3,0,0
n_frq\set17\n_frq_8.py,n_frq,17,n_frq,8,2,5,8,0.5,0.5,0.7,0.6,1.0,0.5,48.300001,40,13,45.999997,69.000001,21.433332,1,1,1017,0,ilp_v2,optimal,1,59.818819,48.299435,1.238499,0.072788,0.0,,0.072788,0.083799,3,0,0
n_frq\set17\n_frq_8.py,n_frq,17,n_frq,8,2,5,8,0.5,0.5,0.7,0.6,1.0,0.5,48.300001,40,13,45.999997,69.000001,21.433332,1,1,1017,0,ilp_v3,optimal,1,59.246434,48.297615,1.226695,0.034867,0.0,,0.034867,0.042377,3,0,0
n_frq\set17\n_frq_8.py,n_frq,17,n_frq,8,2,5,8,0.5,0.5,0.7,0.6,1.0,0.5,48.300001,40,13,45.999997,69.000001,21.433332,1,1,1017,0,ilp_v4,optimal,1,59.818819,47.850683,1.250114,0.111509,0.0,,0.111509,0.14483,3,0,0
n_frq\set17\n_frq_8.py,n_frq,17,n_frq,8,2,5,8,0.5,0.5,0.7,0.6,1.0,0.5,48.300001,40,13,45.999997,69.000001,21.433332,1,1,1017,0,greedy_sps_baseline,solved,1,8.790096,48.177216,0.182453,0.002048,,,0.002048,0.003257,3,0,0
n_frq\set17\n_frq_12.py,n_frq,17,n_frq,12,2,5,12,0.5,0.5,0.7,0.6,1.0,0.5,48.300002,40,9,46.000001,69.000003,21.400001,1,1,1017,0,ilp_v2,optimal,1,52.090787,48.279931,1.078933,0.038398,0.0,,0.038398,0.041022,3,0,0
n_frq\set17\n_frq_12.py,n_frq,17,n_frq,12,2,5,12,0.5,0.5,0.7,0.6,1.0,0.5,48.300002,40,9,46.000001,69.000003,21.400001,1,1,1017,0,ilp_v3,optimal,1,56.141857,47.549542,1.180702,0.019061,0.0,,0.019061,0.019795,3,0,0
n_frq\set17\n_frq_12.py,n_frq,17,n_frq,12,2,5,12,0.5,0.5,0.7,0.6,1.0,0.5,48.300002,40,9,46.000001,69.000003,21.400001,1,1,1017,0,ilp_v4,optimal,1,56.141857,47.838135,1.17358,0.024888,0.0,,0.024888,0.036219,3,0,0
n_frq\set17\n_frq_12.py,n_frq,17,n_frq,12,2,5,12,0.5,0.5,0.7,0.6,1.0,0.5,48.300002,40,9,46.000001,69.000003,21.400001,1,1,1017,0,greedy_sps_baseline,solved,1,5.969271,48.190903,0.123867,0.001759,,,0.001759,0.001957,3,0,0
n_frq\set18\n_frq_2.py,n_frq,18,n_frq,2,2,5,2,0.5,0.5,0.7,0.6,1.0,0.5,48.299994,40,12,45.999997,68.999991,24.399998,1,1,1018,0,ilp_v2,optimal,1,42.966226,48.267734,0.890165,0.007497,0.0,,0.007497,0.009251,3,0,0
n_frq\set18\n_frq_2.py,n_frq,18,n_frq,2,2,5,2,0.5,0.5,0.7,0.6,1.0,0.5,48.299994,40,12,45.999997,68.999991,24.399998,1,1,1018,0,ilp_v3,optimal,1,49.959806,47.81035,1.044958,0.085378,0.0,,0.085378,0.087265,3,0,0
n_frq\set18\n_frq_2.py,n_frq,18,n_frq,2,2,5,2,0.5,0.5,0.7,0.6,1.0,0.5,48.299994,40,12,45.999997,68.999991,24.399998,1,1,1018,0,ilp_v4,optimal,1,50.546793,47.938218,1.054415,0.068617,0.0,,0.068617,0.069856,3,0,0
n_frq\set18\n_frq_2.py,n_frq,18,n_frq,2,2,5,2,0.5,0.5,0.7,0.6,1.0,0.5,48.299994,40,12,45.999997,68.999991,24.399998,1,1,1018,0,greedy_sps_baseline,solved,1,9.398303,48.231343,0.194859,0.001517,,,0.001517,0.001653,3,0,0
n_frq\set18\n_frq_3.py,n_frq,18,n_frq,3,2,5,3,0.5,0.5,0.7,0.6,1.0,0.5,48.299994,40,12,45.999997,68.999991,24.399998,1,1,1018,0,ilp_v2,optimal,1,48.031059,48.249866,0.995465,0.087434,0.0,,0.087434,0.091051,3,0,0
n_frq\set18\n_frq_3.py,n_frq,18,n_frq,3,2,5,3,0.5,0.5,0.7,0.6,1.0,0.5,48.299994,40,12,45.999997,68.999991,24.399998,1,1,1018,0,ilp_v3,optimal,1,58.502671,47.9191,1.220863,0.009873,0.0,,0.009873,0.010482,3,0,0
n_frq\set18\n_frq_3.py,n_frq,18,n_frq,3,2,5,3,0.5,0.5,0.7,0.6,1.0,0.5,48.299994,40,12,45.999997,68.999991,24.399998,1,1,1018,0,ilp_v4,optimal,1,58.502671,47.637258,1.228086,0.026389,0.0,,0.026389,0.039344,3,0,0
n_frq\set18\n_frq_3.py,n_frq,18,n_frq,3,2,5,3,0.5,0.5,0.7,0.6,1.0,0.5,48.299994,40,12,45.999997,68.999991,24.399998,1,1,1018,0,greedy_sps_baseline,solved,1,9.398303,48.231343,0.194859,0.00151,,,0.00151,0.002963,3,0,0
n_frq\set18\n_frq_5.py,n_frq,18,n_frq,5,2,5,5,0.5,0.5,0.7,0.6,1.0,0.5,48.300003,40,10,46.000003,69.000005,22.042859,1,1,1018,0,ilp_v2,optimal,1,58.487215,48.284449,1.211305,0.02735,0.0,,0.02735,0.03237,3,0,0
n_frq\set18\n_frq_5.py,n_frq,18,n_frq,5,2,5,5,0.5,0.5,0.7,0.6,1.0,0.5,48.300003,40,10,46.000003,69.000005,22.042859,1,1,1018,0,ilp_v3,optimal,1,51.737774,48.17859,1.073875,0.022085,0.0,,0.022085,0.023592,3,0,0
n_frq\set18\n_frq_5.py,n_frq,18,n_frq,5,2,5,5,0.5,0.5,0.7,0.6,1.0,0.5,48.300003,40,10,46.000003,69.000005,22.042859,1,1,1018,0,ilp_v4,optimal,1,69.227291,48.253242,1.434666,0.055377,0.0,,0.055377,0.063339,3,0,0
n_frq\set18\n_frq_5.py,n_frq,18,n_frq,5,2,5,5,0.5,0.5,0.7,0.6,1.0,0.5,48.300003,40,10,46.000003,69.000005,22.042859,1,1,1018,0,greedy_sps_baseline,solved,1,8.25506,48.216191,0.171209,0.001263,,,0.001263,0.00142,3,0,0
n_frq\set18\n_frq_8.py,n_frq,18,n_frq,8,2,5,8,0.5,0.5,0.7,0.6,1.0,0.5,48.300003,40,9,46.000001,69.000005,21.433334,1,1,1018,0,ilp_v2,optimal,1,57.684934,48.193473,1.196945,0.012265,0.0,,0.012265,0.013296,3,0,0
n_frq\set18\n_frq_8.py,n_frq,18,n_frq,8,2,5,8,0.5,0.5,0.7,0.6,1.0,0.5,48.300003,40,9,46.000001,69.000005,21.433334,1,1,1018,0,ilp_v3,optimal,1,55.165543,47.773646,1.154728,0.011566,0.0,,0.011566,0.012449,3,0,0
n_frq\set18\n_frq_8.py,n_frq,18,n_frq,8,2,5,8,0.5,0.5,0.7,0.6,1.0,0.5,48.300003,40,9,46.000001,69.000005,21.433334,1,1,1018,0,ilp_v4,optimal,1,57.684934,48.298949,1.194331,0.034751,0.0,,0.034751,0.03778,3,0,0
n_frq\set18\n_frq_8.py,n_frq,18,n_frq,8,2,5,8,0.5,0.5,0.7,0.6,1.0,0.5,48.300003,40,9,46.000001,69.000005,21.433334,1,1,1018,0,greedy_sps_baseline,solved,1,9.299111,48.169605,0.193049,0.000907,,,0.000907,0.00097,3,0,0
n_frq\set18\n_frq_12.py,n_frq,18,n_frq,12,2,5,12,0.5,0.5,0.7,0.6,1.0,0.5,48.299995,40,12,46.0,68.999993,21.433333,1,1,1018,0,ilp_v2,optimal,1,61.065298,48.223892,1.266287,0.04432,0.0,,0.04432,0.046909,3,0,0
n_frq\set18\n_frq_12.py,n_frq,18,n_frq,12,2,5,12,0.5,0.5,0.7,0.6,1.0,0.5,48.299995,40,12,46.0,68.999993,21.433333,1,1,1018,0,ilp_v3,optimal,1,61.065298,48.271934,1.265027,0.047317,0.0,,0.047317,0.060919,3,0,0
n_frq\set18\n_frq_12.py,n_frq,18,n_frq,12,2,5,12,0.5,0.5,0.7,0.6,1.0,0.5,48.299995,40,12,46.0,68.999993,21.433333,1,1,1018,0,ilp_v4,optimal,1,61.065298,47.619002,1.282372,0.088988,0.0,,0.088988,0.127684,3,0,0
n_frq\set18\n_frq_12.py,n_frq,18,n_frq,12,2,5,12,0.5,0.5,0.7,0.6,1.0,0.5,48.299995,40,12,46.0,68.999993,21.433333,1,1,1018,0,greedy_sps_baseline,solved,1,9.265608,48.161787,0.192385,0.001097,,,0.001097,0.002222,3,0,0
n_frq\set19\n_frq_2.py,n_frq,19,n_frq,2,2,5,2,0.5,0.5,0.7,0.6,1.0,0.5,48.299994,40,15,45.999995,68.999992,23.599998,1,1,1019,0,ilp_v2,optimal,1,16.616235,48.280598,0.34416,0.075352,0.0,,0.075352,0.081385,3,0,0
n_frq\set19\n_frq_2.py,n_frq,19,n_frq,2,2,5,2,0.5,0.5,0.7,0.6,1.0,0.5,48.299994,40,15,45.999995,68.999992,23.599998,1,1,1019,0,ilp_v3,optimal,1,21.812994,48.288199,0.451725,0.028137,0.0,,0.028137,0.0293,3,0,0
n_frq\set19\n_frq_2.py,n_frq,19,n_frq,2,2,5,2,0.5,0.5,0.7,0.6,1.0,0.5,48.299994,40,15,45.999995,68.999992,23.599998,1,1,1019,0,ilp_v4,optimal,1,22.444634,48.023554,0.467367,0.60331,0.0,,0.60331,0.679861,3,0,0
n_frq\set19\n_frq_2.py,n_frq,19,n_frq,2,2,5,2,0.5,0.5,0.7,0.6,1.0,0.5,48.299994,40,15,45.999995,68.999992,23.599998,1,1,1019,0,greedy_sps_baseline,solved,1,8.513418,48.286624,0.17631,0.005131,,,0.005131,0.00523,3,0,0
n_frq\set19\n_frq_3.py,n_frq,19,n_frq,3,2,5,3,0.5,0.5,0.7,0.6,1.0,0.5,48.300002,40,13,46.0,69.000003,21.433333,1,1,1019,0,ilp_v2,optimal,1,41.950661,48.28573,0.8688,0.126453,0.0,,0.126453,0.1374,3,0,0
n_frq\set19\n_frq_3.py,n_frq,19,n_frq,3,2,5,3,0.5,0.5,0.7,0.6,1.0,0.5,48.300002,40,13,46.0,69.000003,21.433333,1,1,1019,0,ilp_v3,optimal,1,40.341971,48.245342,0.836184,0.031521,0.0,,0.031521,0.035978,3,0,0
n_frq\set19\n_frq_3.py,n_frq,19,n_frq,3,2,5,3,0.5,0.5,0.7,0.6,1.0,0.5,48.300002,40,13,46.0,69.000003,21.433333,1,1,1019,0,ilp_v4,optimal,1,43.136995,48.25047,0.894022,0.172353,0.0,,0.172353,0.184599,3,0,0
n_frq\set19\n_frq_3.py,n_frq,19,n_frq,3,2,5,3,0.5,0.5,0.7,0.6,1.0,0.5,48.300002,40,13,46.0,69.000003,21.433333,1,1,1019,0,greedy_sps_baseline,solved,1,7.968482,48.248876,0.165154,0.002805,,,0.002805,0.002857,3,0,0
n_frq\set19\n_frq_5.py,n_frq,19,n_frq,5,2,5,5,0.5,0.5,0.7,0.6,1.0,0.5,48.3,40,9,46.0,69.0,21.433333,1,1,1019,0,ilp_v2,optimal,1,27.585631,43.237225,0.638007,0.008034,0.0,,0.008034,0.008532,3,0,0
n_frq\set19\n_frq_5.py,n_frq,19,n_frq,5,2,5,5,0.5,0.5,0.7,0.6,1.0,0.5,48.3,40,9,46.0,69.0,21.433333,1,1,1019,0,ilp_v3,optimal,1,30.401264,45.248697,0.67187,0.010381,0.0,,0.010381,0.01076,3,0,0
n_frq\set19\n_frq_5.py,n_frq,19,n_frq,5,2,5,5,0.5,0.5,0.7,0.6,1.0,0.5,48.3,40,9,46.0,69.0,21.433333,1,1,1019,0,ilp_v4,optimal,1,38.247327,48.007623,0.796693,0.013327,0.0,,0.013327,0.017391,3,0,0
n_frq\set19\n_frq_5.py,n_frq,19,n_frq,5,2,5,5,0.5,0.5,0.7,0.6,1.0,0.5,48.3,40,9,46.0,69.0,21.433333,1,1,1019,0,greedy_sps_baseline,solved,1,2.743291,46.76446,0.058662,0.001827,,,0.001827,0.002913,3,0,0
n_frq\set19\n_frq_8.py,n_frq,19,n_frq,8,2,5,8,0.5,0.5,0.7,0.6,1.0,0.5,48.299996,40,11,45.999995,68.999994,21.433331,1,1,1019,0,ilp_v2,optimal,1,50.879153,48.166944,1.056309,0.018274,0.0,,0.018274,0.021851,3,0,0
n_frq\set19\n_frq_8.py,n_frq,19,n_frq,8,2,5,8,0.5,0.5,0.7,0.6,1.0,0.5,48.299996,40,11,45.999995,68.999994,21.433331,1,1,1019,0,ilp_v3,optimal,1,48.222088,47.305089,1.019385,0.031679,0.0,,0.031679,0.03243,3,0,0
n_frq\set19\n_frq_8.py,n_frq,19,n_frq,8,2,5,8,0.5,0.5,0.7,0.6,1.0,0.5,48.299996,40,11,45.999995,68.999994,21.433331,1,1,1019,0,ilp_v4,optimal,1,50.879153,48.166944,1.056309,0.037729,0.0,,0.037729,0.042603,3,0,0
n_frq\set19\n_frq_8.py,n_frq,19,n_frq,8,2,5,8,0.5,0.5,0.7,0.6,1.0,0.5,48.299996,40,11,45.999995,68.999994,21.433331,1,1,1019,0,greedy_sps_baseline,solved,1,7.990586,48.175875,0.165863,0.001753,,,0.001753,0.001862,3,0,0
n_frq\set19\n_frq_12.py,n_frq,19,n_frq,12,2,5,12,0.5,0.5,0.7,0.6,1.0,0.5,48.300001,40,13,45.999999,69.000001,21.399999,1,1,1019,0,ilp_v2,optimal,1,56.928545,48.290494,1.178877,0.137847,0.0,,0.137847,0.145356,3,0,0
n_frq\set19\n_frq_12.py,n_frq,19,n_frq,12,2,5,12,0.5,0.5,0.7,0.6,1.0,0.5,48.300001,40,13,45.999999,69.000001,21.399999,1,1,1019,0,ilp_v3,optimal,1,59.915671,47.678858,1.256651,0.02687,0.0,,0.02687,0.027449,3,0,0
n_frq\set19\n_frq_12.py,n_frq,19,n_frq,12,2,5,12,0.5,0.5,0.7,0.6,1.0,0.5,48.300001,40,13,45.999999,69.000001,21.399999,1,1,1019,0,ilp_v4,optimal,1,62.291132,48.1523,1.293627,0.0546,0.0,,0.0546,0.058307,3,0,0
n_frq\set19\n_frq_12.py,n_frq,19,n_frq,12,2,5,12,0.5,0.5,0.7,0.6,1.0,0.5,48.300001,40,13,45.999999,69.000001,21.399999,1,1,1019,0,greedy_sps_baseline,solved,1,6.176785,48.299619,0.127885,0.001199,,,0.001199,0.002242,3,0,0
n_frq\set20\n_frq_2.py,n_frq,20,n_frq,2,2,5,2,0.5,0.5,0.7,0.6,1.0,0.5,48.300002,40,10,46.0,69.000002,23.6,1,1,1020,0,ilp_v2,optimal,1,22.9601,48.287504,0.475487,0.023356,0.0,,0.023356,0.0303,3,0,0
n_frq\set20\n_frq_2.py,n_frq,20,n_frq,2,2,5,2,0.5,0.5,0.7,0.6,1.0,0.5,48.300002,40,10,46.0,69.000002,23.6,1,1,1020,0,ilp_v3,optimal,1,24.140868,48.244211,0.500389,0.013803,0.0,,0.013803,0.015659,3,0,0
n_frq\set20\n_frq_2.py,n_frq,20,n_frq,2,2,5,2,0.5,0.5,0.7,0.6,1.0,0.5,48.300002,40,10,46.0,69.000002,23.6,1,1,1020,0,ilp_v4,optimal,1,26.771036,48.277209,0.554527,0.108987,0.0,,0.108987,0.114029,3,0,0
n_frq\set20\n_frq_2.py,n_frq,20,n_frq,2,2,5,2,0.5,0.5,0.7,0.6,1.0,0.5,48.300002,40,10,46.0,69.000002,23.6,1,1,1020,0,greedy_sps_baseline,solved,1,7.026524,48.231998,0.145682,0.000734,,,0.000734,0.000855,3,0,0
n_frq\set20\n_frq_3.py,n_frq,20,n_frq,3,2,5,3,0.5,0.5,0.7,0.6,1.0,0.5,48.299994,40,12,45.999999,68.999992,22.042857,1,1,1020,0,ilp_v2,optimal,1,35.014645,48.299878,0.724943,0.046337,0.0,,0.046337,0.049919,3,0,0
n_frq\set20\n_frq_3.py,n_frq,20,n_frq,3,2,5,3,0.5,0.5,0.7,0.6,1.0,0.5,48.299994,40,12,45.999999,68.999992,22.042857,1,1,1020,0,ilp_v3,optimal,1,35.014645,48.299878,0.724943,0.031052,1.3e-05,,0.031052,0.032593,3,0,0
n_frq\set20\n_frq_3.py,n_frq,20,n_frq,3,2,5,3,0.5,0.5,0.7,0.6,1.0,0.5,48.299994,40,12,45.999999,68.999992,22.042857,1,1,1020,0,ilp_v4,optimal,1,37.701582,48.226039,0.781768,0.120996,0.0,,0.120996,0.131523,3,0,0
n_frq\set20\n_frq_3.py,n_frq,20,n_frq,3,2,5,3,0.5,0.5,0.7,0.6,1.0,0.5,48.299994,40,12,45.999999,68.999992,22.042857,1,1,1020,0,greedy_sps_baseline,solved,1,3.476173,48.278174,0.072003,0.001343,,,0.001343,0.001782,3,0,0
n_frq\set20\n_frq_5.py,n_frq,20,n_frq,5,2,5,5,0.5,0.5,0.7,0.6,1.0,0.5,48.299998,40,13,45.999999,68.999998,22.042857,1,1,1020,0,ilp_v2,optimal,1,54.862412,48.253095,1.136972,0.043152,0.0,,0.043152,0.044072,3,0,0
n_frq\set20\n_frq_5.py,n_frq,20,n_frq,5,2,5,5,0.5,0.5,0.7,0.6,1.0,0.5,48.299998,40,13,45.999999,68.999998,22.042857,1,1,1020,0,ilp_v3,optimal,1,55.967151,48.250308,1.159934,0.060944,7.2e-05,,0.060944,0.08131,3,0,0
n_frq\set20\n_frq_5.py,n_frq,20,n_frq,5,2,5,5,0.5,0.5,0.7,0.6,1.0,0.5,48.299998,40,13,45.999999,68.999998,22.042857,1,1,1020,0,ilp_v4,optimal,1,55.934362,48.291091,1.158275,0.155182,0.0,,0.155182,0.181498,3,0,0
n_frq\set20\n_frq_5.py,n_frq,20,n_frq,5,2,5,5,0.5,0.5,0.7,0.6,1.0,0.5,48.299998,40,13,45.999999,68.999998,22.042857,1,1,1020,0,greedy_sps_baseline,solved,1,8.508046,48.116547,0.176822,0.004872,,,0.004872,0.005005,3,0,0
n_frq\set20\n_frq_8.py,n_frq,20,n_frq,8,2,5,8,0.5,0.5,0.7,0.6,1.0,0.5,48.299998,40,11,46.0,68.999997,21.4,1,1,1020,0,ilp_v2,optimal,1,63.17259,48.251402,1.309238,0.031945,0.0,,0.031945,0.03366,3,0,0
n_frq\set20\n_frq_8.py,n_frq,20,n_frq,8,2,5,8,0.5,0.5,0.7,0.6,1.0,0.5,48.299998,40,11,46.0,68.999997,21.4,1,1,1020,0,ilp_v3,optimal,1,62.672165,48.069184,1.303791,0.029106,0.0,,0.029106,0.032489,3,0,0
n_frq\set20\n_frq_8.py,n_frq,20,n_frq,8,2,5,8,0.5,0.5,0.7,0.6,1.0,0.5,48.299998,40,11,46.0,68.999997,21.4,1,1,1020,0,ilp_v4,optimal,1,69.426474,48.254529,1.438756,0.075642,0.0,,0.075642,0.08911,3,0,0
n_frq\set20\n_frq_8.py,n_frq,20,n_frq,8,2,5,8,0.5,0.5,0.7,0.6,1.0,0.5,48.299998,40,11,46.0,68.999997,21.4,1,1,1020,0,greedy_sps_baseline,solved,1,7.054035,48.236499,0.146239,0.001433,,,0.001433,0.001564,3,0,0
n_frq\set20\n_frq_12.py,n_frq,20,n_frq,12,2,5,12,0.5,0.5,0.7,0.6,1.0,0.5,48.300001,40,11,46.0,69.000001,21.4,1,1,1020,0,ilp_v2,optimal,1,26.400086,47.705647,0.553395,0.041003,0.0,,0.041003,0.047281,3,0,0
n_frq\set20\n_frq_12.py,n_frq,20,n_frq,12,2,5,12,0.5,0.5,0.7,0.6,1.0,0.5,48.300001,40,11,46.0,69.000001,21.4,1,1,1020,0,ilp_v3,optimal,1,34.853277,48.08215,0.724869,0.036745,0.0,,0.036745,0.039844,3,0,0
n_frq\set20\n_frq_12.py,n_frq,20,n_frq,12,2,5,12,0.5,0.5,0.7,0.6,1.0,0.5,48.300001,40,11,46.0,69.000001,21.4,1,1,1020,0,ilp_v4,optimal,1,35.343001,48.265937,0.732256,0.107991,0.0,,0.107991,0.121947,3,0,0
n_frq\set20\n_frq_12.py,n_frq,20,n_frq,12,2,5,12,0.5,0.5,0.7,0.6,1.0,0.5,48.300001,40,11,46.0,69.000001,21.4,1,1,1020,0,greedy_sps_baseline,solved,1,5.577755,48.202543,0.115715,0.001027,,,0.001027,0.001612,3,0,0
n_frq\set21\n_frq_2.py,n_frq,21,n_frq,2,2,5,2,0.5,0.5,0.7,0.6,1.0,0.5,48.299999,40,12,46.0,68.999999,28.171429,1,1,1021,0,ilp_v2,optimal,1,47.411768,48.254465,0.982536,0.020142,0.0,,0.020142,0.024821,3,0,0
n_frq\set21\n_frq_2.py,n_frq,21,n_frq,2,2,5,2,0.5,0.5,0.7,0.6,1.0,0.5,48.299999,40,12,46.0,68.999999,28.171429,1,1,1021,0,ilp_v3,optimal,1,67.892785,48.227162,1.407771,0.021229,0.0,,0.021229,0.021697,3,0,0
n_frq\set21\n_frq_2.py,n_frq,21,n_frq,2,2,5,2,0.5,0.5,0.7,0.6,1.0,0.5,48.299999,40,12,46.0,68.999999,28.171429,1,1,1021,0,ilp_v4,optimal,1,68.51928,48.2764,1.419312,0.059275,0.0,,0.059275,0.086308,3,0,0
n_frq\set21\n_frq_2.py,n_frq,21,n_frq,2,2,5,2,0.5,0.5,0.7,0.6,1.0,0.5,48.299999,40,12,46.0,68.999999,28.171429,1,1,1021,0,greedy_sps_baseline,solved,1,9.563567,48.262286,0.198158,0.000696,,,0.000696,0.000814,3,0,0
n_frq\set21\n_frq_3.py,n_frq,21,n_frq,3,2,5,3,0.5,0.5,0.7,0.6,1.0,0.5,48.300002,40,10,46.0,69.000002,21.4,1,1,1021,0,ilp_v2,optimal,1,67.525859,47.72783,1.414811,0.012037,0.0,,0.012037,0.015986,3,0,0
n_frq\set21\n_frq_3.py,n_frq,21,n_frq,3,2,5,3,0.5,0.5,0.7,0.6,1.0,0.5,48.300002,40,10,46.0,69.000002,21.4,1,1,1021,0,ilp_v3,optimal,1,66.004104,47.698112,1.383789,0.016805,0.0,,0.016805,0.01776,3,0,0
n_frq\set21\n_frq_3.py,n_frq,21,n_frq,3,2,5,3,0.5,0.5,0.7,0.6,1.0,0.5,48.300002,40,10,46.0,69.000002,21.4,1,1,1021,0,ilp_v4,optimal,1,67.525859,48.13963,1.402708,0.078744,0.0,,0.078744,0.090996,3,0,0
n_frq\set21\n_frq_3.py,n_frq,21,n_frq,3,2,5,3,0.5,0.5,0.7,0.6,1.0,0.5,48.300002,40,10,46.0,69.000002,21.4,1,1,1021,0,greedy_sps_baseline,solved,1,9.150045,48.293706,0.189467,0.001274,,,0.001274,0.001458,3,0,0
n_frq\set21\n_frq_5.py,n_frq,21,n_frq,5,2,5,5,0.5,0.5,0.7,0.6,1.0,0.5,48.300002,40,10,45.999999,69.000002,21.399999,1,1,1021,0,ilp_v2,optimal,1,56.446703,48.246493,1.169965,0.084384,0.0,,0.084384,0.088898,3,0,0
n_frq\set21\n_frq_5.py,n_frq,21,n_frq,5,2,5,5,0.5,0.5,0.7,0.6,1.0,0.5,48.300002,40,10,45.999999,69.000002,21.399999,1,1,1021,0,ilp_v3,optimal,1,63.005865,48.201687,1.30713,0.033228,0.0,,0.033228,0.037782,3,0,0
n_frq\set21\n_frq_5.py,n_frq,21,n_frq,5,2,5,5,0.5,0.5,0.7,0.6,1.0,0.5,48.300002,40,10,45.999999,69.000002,21.399999,1,1,1021,0,ilp_v4,optimal,1,63.736382,47.084213,1.353668,0.058101,0.0,,0.058101,0.072289,3,0,0
n_frq\set21\n_frq_5.py,n_frq,21,n_frq,5,2,5,5,0.5,0.5,0.7,0.6,1.0,0.5,48.300002,40,10,45.999999,69.000002,21.399999,1,1,1021,0,greedy_sps_baseline,solved,1,9.47975,48.258646,0.196436,0.001007,,,0.001007,0.001194,3,0,0
n_frq\set21\n_frq_8.py,n_frq,21,n_frq,8,2,5,8,0.5,0.5,0.7,0.6,1.0,0.5,48.299999,40,10,46.0,68.999999,21.4,1,1,1021,0,ilp_v2,optimal,1,83.368277,48.089583,1.733604,0.012351,0.0,,0.012351,0.020723,3,0,0
n_frq\set21\n_frq_8.py,n_frq,21,n_frq,8,2,5,8,0.5,0.5,0.7,0.6,1.0,0.5,48.299999,40,10,46.0,68.999999,21.4,1,1,1021,0,ilp_v3,optimal,1,79.464899,48.292017,1.645508,0.020916,0.0,,0.020916,0.02433,3,0,0
n_frq\set21\n_frq_8.py,n_frq,21,n_frq,8,2,5,8,0.5,0.5,0.7,0.6,1.0,0.5,48.299999,40,10,46.0,68.999999,21.4,1,1,1021,0,ilp_v4,optimal,1,83.368277,47.835468,1.742813,0.063607,0.0,,0.063607,0.065328,3,0,0
n_frq\set21\n_frq_8.py,n_frq,21,n_frq,8,2,5,8,0.5,0.5,0.7,0.6,1.0,0.5,48.299999,40,10,46.0,68.999999,21.4,1,1,1021,0,greedy_sps_baseline,solved,1,9.060675,48.247903,0.187794,0.000884,,,0.000884,0.001021,3,0,0
n_frq\set21\n_frq_12.py,n_frq,21,n_frq,12,2,5,12,0.5,0.5,0.7,0.6,1.0,0.5,48.299998,40,13,46.000003,68.999998,21.400002,1,1,1021,0,ilp_v2,optimal,1,59.511572,48.236188,1.233754,0.034582,0.0,,0.034582,0.034816,3,0,0
n_frq\set21\n_frq_12.py,n_frq,21,n_frq,12,2,5,12,0.5,0.5,0.7,0.6,1.0,0.5,48.299998,40,13,46.000003,68.999998,21.400002,1,1,1021,0,ilp_v3,optimal,1,56.016648,48.297259,1.159831,0.065649,0.0,,0.065649,0.069655,3,0,0
n_frq\set21\n_frq_12.py,n_frq,21,n_frq,12,2,5,12,0.5,0.5,0.7,0.6,1.0,0.5,48.299998,40,13,46.000003,68.999998,21.400002,1,1,1021,0,ilp_v4,optimal,1,59.511572,48.29171,1.232335,0.152492,0.0,,0.152492,0.169252,3,0,0
n_frq\set21\n_frq_12.py,n_frq,21,n_frq,12,2,5,12,0.5,0.5,0.7,0.6,1.0,0.5,48.299998,40,13,46.000003,68.999998,21.400002,1,1,1021,0,greedy_sps_baseline,solved,1,8.326699,48.292265,0.172423,0.002058,,,0.002058,0.002784,3,0,0
n_frq\set22\n_frq_2.py,n_frq,22,n_frq,2,2,5,2,0.5,0.5,0.7,0.6,1.0,0.5,48.3,40,13,45.999998,69.0,21.399999,1,1,1022,0,ilp_v2,optimal,1,48.440561,48.279603,1.003334,0.030415,0.0,,0.030415,0.047003,3,0,0
n_frq\set22\n_frq_2.py,n_frq,22,n_frq,2,2,5,2,0.5,0.5,0.7,0.6,1.0,0.5,48.3,40,13,45.999998,69.0,21.399999,1,1,1022,0,ilp_v3,optimal,1,44.926824,48.258879,0.930955,0.0856,0.0,,0.0856,0.08971,3,0,0
n_frq\set22\n_frq_2.py,n_frq,22,n_frq,2,2,5,2,0.5,0.5,0.7,0.6,1.0,0.5,48.3,40,13,45.999998,69.0,21.399999,1,1,1022,0,ilp_v4,optimal,1,49.575416,48.124553,1.030148,0.164021,0.0,,0.164021,0.206699,3,0,0
n_frq\set22\n_frq_2.py,n_frq,22,n_frq,2,2,5,2,0.5,0.5,0.7,0.6,1.0,0.5,48.3,40,13,45.999998,69.0,21.399999,1,1,1022,0,greedy_sps_baseline,solved,1,8.832268,48.275789,0.182954,0.001095,,,0.001095,0.00133,3,0,0
n_frq\set22\n_frq_3.py,n_frq,22,n_frq,3,2,5,3,0.5,0.5,0.7,0.6,1.0,0.5,48.3,40,13,45.999998,69.0,21.399999,1,1,1022,0,ilp_v2,optimal,1,60.377339,48.099023,1.255272,0.029714,0.0,,0.029714,0.035447,3,0,0
n_frq\set22\n_frq_3.py,n_frq,22,n_frq,3,2,5,3,0.5,0.5,0.7,0.6,1.0,0.5,48.3,40,13,45.999998,69.0,21.399999,1,1,1022,0,ilp_v3,optimal,1,63.579317,47.894923,1.327475,0.036372,0.0,,0.036372,0.038661,3,0,0
n_frq\set22\n_frq_3.py,n_frq,22,n_frq,3,2,5,3,0.5,0.5,0.7,0.6,1.0,0.5,48.3,40,13,45.999998,69.0,21.399999,1,1,1022,0,ilp_v4,optimal,1,63.252026,48.239774,1.311201,0.156077,0.0,,0.156077,0.168596,3,0,0
n_frq\set22\n_frq_3.py,n_frq,22,n_frq,3,2,5,3,0.5,0.5,0.7,0.6,1.0,0.5,48.3,40,13,45.999998,69.0,21.399999,1,1,1022,0,greedy_sps_baseline,solved,1,8.832268,48.275789,0.182954,0.001853,,,0.001853,0.002648,3,0,0
n_frq\set22\n_frq_5.py,n_frq,22,n_frq,5,2,5,5,0.5,0.5,0.7,0.6,1.0,0.5,48.299998,40,9,46.0,68.999998,21.4,1,1,1022,0,ilp_v2,optimal,1,72.579888,48.243795,1.50444,0.030362,0.0,,0.030362,0.040783,3,0,0
n_frq\set22\n_frq_5.py,n_frq,22,n_frq,5,2,5,5,0.5,0.5,0.7,0.6,1.0,0.5,48.299998,40,9,46.0,68.999998,21.4,1,1,1022,0,ilp_v3,optimal,1,71.641168,48.295484,1.483393,0.029569,0.0,,0.029569,0.033213,3,0,0
n_frq\set22\n_frq_5.py,n_frq,22,n_frq,5,2,5,5,0.5,0.5,0.7,0.6,1.0,0.5,48.299998,40,9,46.0,68.999998,21.4,1,1,1022,0,ilp_v4,optimal,1,71.693517,48.226286,1.486607,0.121022,0.0,,0.121022,0.126827,3,0,0
n_frq\set22\n_frq_5.py,n_frq,22,n_frq,5,2,5,5,0.5,0.5,0.7,0.6,1.0,0.5,48.299998,40,9,46.0,68.999998,21.4,1,1,1022,0,greedy_sps_baseline,solved,1,8.666218,48.203505,0.179784,0.001014,,,0.001014,0.001166,3,0,0
n_frq\set22\n_frq_8.py,n_frq,22,n_frq,8,2,5,8,0.5,0.5,0.7,0.6,1.0,0.5,48.300002,40,13,46.0,69.000003,21.4,1,1,1022,0,ilp_v2,optimal,1,44.73931,48.291726,0.926438,0.042798,0.0,,0.042798,0.043523,3,0,0
n_frq\set22\n_frq_8.py,n_frq,22,n_frq,8,2,5,8,0.5,0.5,0.7,0.6,1.0,0.5,48.300002,40,13,46.0,69.000003,21.4,1,1,1022,0,ilp_v3,optimal,1,45.567535,48.221079,0.944971,0.280073,0.0,,0.280073,0.293768,3,0,0
n_frq\set22\n_frq_8.py,n_frq,22,n_frq,8,2,5,8,0.5,0.5,0.7,0.6,1.0,0.5,48.300002,40,13,46.0,69.000003,21.4,1,1,1022,0,ilp_v4,optimal,1,52.837547,48.036683,1.099942,0.071761,0.0,,0.071761,0.092779,3,0,0
n_frq\set22\n_frq_8.py,n_frq,22,n_frq,8,2,5,8,0.5,0.5,0.7,0.6,1.0,0.5,48.300002,40,13,46.0,69.000003,21.4,1,1,1022,0,greedy_sps_baseline,solved,1,7.278676,48.228799,0.15092,0.001215,,,0.001215,0.001661,3,0,0
n_frq\set22\n_frq_12.py,n_frq,22,n_frq,12,2,5,12,0.5,0.5,0.7,0.6,1.0,0.5,48.300002,40,11,46.000002,69.000003,21.400001,1,1,1022,0,ilp_v2,optimal,1,72.098374,48.002987,1.501956,0.017001,0.0,,0.017001,0.021694,3,0,0
n_frq\set22\n_frq_12.py,n_frq,22,n_frq,12,2,5,12,0.5,0.5,0.7,0.6,1.0,0.5,48.300002,40,11,46.000002,69.000003,21.400001,1,1,1022,0,ilp_v3,optimal,1,57.784035,48.264952,1.197226,0.133464,0.0,,0.133464,0.149644,3,0,0
n_frq\set22\n_frq_12.py,n_frq,22,n_frq,12,2,5,12,0.5,0.5,0.7,0.6,1.0,0.5,48.300002,40,11,46.000002,69.000003,21.400001,1,1,1022,0,ilp_v4,optimal,1,72.098374,48.249136,1.494294,0.072957,0.0,,0.072957,0.082595,3,0,0
n_frq\set22\n_frq_12.py,n_frq,22,n_frq,12,2,5,12,0.5,0.5,0.7,0.6,1.0,0.5,48.300002,40,11,46.000002,69.000003,21.400001,1,1,1022,0,greedy_sps_baseline,solved,1,7.40104,48.298481,0.153235,0.00153,,,0.00153,0.00216,3,0,0
n_frq\set23\n_frq_2.py,n_frq,23,n_frq,2,2,5,2,0.5,0.5,0.7,0.6,1.0,0.5,48.300001,40,13,45.999998,69.000001,26.130768,1,1,1023,0,ilp_v2,optimal,1,38.683995,48.194444,0.802665,0.009531,0.0,,0.009531,0.013602,3,0,0
n_frq\set23\n_frq_2.py,n_frq,23,n_frq,2,2,5,2,0.5,0.5,0.7,0.6,1.0,0.5,48.300001,40,13,45.999998,69.000001,26.130768,1,1,1023,0,ilp_v3,optimal,1,39.246094,48.286442,0.812777,0.032994,0.0,,0.032994,0.04127,3,0,0
n_frq\set23\n_frq_2.py,n_frq,23,n_frq,2,2,5,2,0.5,0.5,0.7,0.6,1.0,0.5,48.300001,40,13,45.999998,69.000001,26.130768,1,1,1023,0,ilp_v4,optimal,1,41.881534,48.199397,0.868922,0.113279,0.0,,0.113279,0.120671,3,0,0
n_frq\set23\n_frq_2.py,n_frq,23,n_frq,2,2,5,2,0.5,0.5,0.7,0.6,1.0,0.5,48.300001,40,13,45.999998,69.000001,26.130768,1,1,1023,0,greedy_sps_baseline,solved,1,5.917709,48.277285,0.122578,0.001345,,,0.001345,0.001459,3,0,0
n_frq\set23\n_frq_3.py,n_frq,23,n_frq,3,2,5,3,0.5,0.5,0.7,0.6,1.0,0.5,48.300003,40,13,45.999998,69.000005,26.130768,1,1,1023,0,ilp_v2,optimal,1,47.816348,48.163899,0.992784,0.01985,0.0,,0.01985,0.023471,3,0,0
n_frq\set23\n_frq_3.py,n_frq,23,n_frq,3,2,5,3,0.5,0.5,0.7,0.6,1.0,0.5,48.300003,40,13,45.999998,69.000005,26.130768,1,1,1023,0,ilp_v3,optimal,1,46.96428,48.261732,0.973116,0.082052,0.0,,0.082052,0.091376,3,0,0
n_frq\set23\n_frq_3.py,n_frq,23,n_frq,3,2,5,3,0.5,0.5,0.7,0.6,1.0,0.5,48.300003,40,13,45.999998,69.000005,26.130768,1,1,1023,0,ilp_v4,optimal,1,48.394292,48.225981,1.00349,0.083312,0.0,,0.083312,0.090621,3,0,0
n_frq\set23\n_frq_3.py,n_frq,23,n_frq,3,2,5,3,0.5,0.5,0.7,0.6,1.0,0.5,48.300003,40,13,45.999998,69.000005,26.130768,1,1,1023,0,greedy_sps_baseline,solved,1,5.480084,48.251959,0.113572,0.001574,,,0.001574,0.001695,3,0,0
n_frq\set23\n_frq_5.py,n_frq,23,n_frq,5,2,5,5,0.5,0.5,0.7,0.6,1.0,0.5,48.299999,40,13,45.999998,68.999999,21.399999,1,1,1023,0,ilp_v2,optimal,1,63.352033,48.244638,1.313141,0.090353,0.0,,0.090353,0.100039,3,0,0
n_frq\set23\n_frq_5.py,n_frq,23,n_frq,5,2,5,5,0.5,0.5,0.7,0.6,1.0,0.5,48.299999,40,13,45.999998,68.999999,21.399999,1,1,1023,0,ilp_v3,optimal,1,63.356271,48.263653,1.312712,0.068802,2.1e-05,,0.068802,0.075774,3,0,0
n_frq\set23\n_frq_5.py,n_frq,23,n_frq,5,2,5,5,0.5,0.5,0.7,0.6,1.0,0.5,48.299999,40,13,45.999998,68.999999,21.399999,1,1,1023,0,ilp_v4,optimal,1,67.40008,48.239576,1.397195,0.114911,0.0,,0.114911,0.125695,3,0,0
n_frq\set23\n_frq_5.py,n_frq,23,n_frq,5,2,5,5,0.5,0.5,0.7,0.6,1.0,0.5,48.299999,40,13,45.999998,68.999999,21.399999,1,1,1023,0,greedy_sps_baseline,solved,1,7.456686,48.282029,0.15444,0.00092,,,0.00092,0.001609,3,0,0
n_frq\set23\n_frq_8.py,n_frq,23,n_frq,8,2,5,8,0.5,0.5,0.7,0.6,1.0,0.5,48.300001,40,11,46.0,69.000001,21.4,1,1,1023,0,ilp_v2,optimal,1,46.468705,48.2959,0.962167,0.049243,0.0,,0.049243,0.058034,3,0,0
n_frq\set23\n_frq_8.py,n_frq,23,n_frq,8,2,5,8,0.5,0.5,0.7,0.6,1.0,0.5,48.300001,40,11,46.0,69.000001,21.4,1,1,1023,0,ilp_v3,optimal,1,36.306917,48.227587,0.752825,0.1343,0.0,,0.1343,0.14836,3,0,0
n_frq\set23\n_frq_8.py,n_frq,23,n_frq,8,2,5,8,0.5,0.5,0.7,0.6,1.0,0.5,48.300001,40,11,46.0,69.000001,21.4,1,1,1023,0,ilp_v4,optimal,1,46.981722,48.288277,0.972943,0.086877,0.0,,0.086877,0.092572,3,0,0
n_frq\set23\n_frq_8.py,n_frq,23,n_frq,8,2,5,8,0.5,0.5,0.7,0.6,1.0,0.5,48.300001,40,11,46.0,69.000001,21.4,1,1,1023,0,greedy_sps_baseline,solved,1,4.777629,48.168319,0.099186,0.002578,,,0.002578,0.002783,3,0,0
n_frq\set23\n_frq_12.py,n_frq,23,n_frq,12,2,5,12,0.5,0.5,0.7,0.6,1.0,0.5,48.299998,40,11,46.0,68.999998,21.4,1,1,1023,0,ilp_v2,optimal,1,68.461096,48.194526,1.420516,0.024569,0.0,,0.024569,0.024656,3,0,0
n_frq\set23\n_frq_12.py,n_frq,23,n_frq,12,2,5,12,0.5,0.5,0.7,0.6,1.0,0.5,48.299998,40,11,46.0,68.999998,21.4,1,1,1023,0,ilp_v3,optimal,1,62.864555,48.086667,1.307318,0.066238,0.0,,0.066238,0.06951,3,0,0
n_frq\set23\n_frq_12.py,n_frq,23,n_frq,12,2,5,12,0.5,0.5,0.7,0.6,1.0,0.5,48.299998,40,11,46.0,68.999998,21.4,1,1,1023,0,ilp_v4,optimal,1,68.461096,48.194526,1.420516,0.045768,0.0,,0.045768,0.061897,3,0,0
n_frq\set23\n_frq_12.py,n_frq,23,n_frq,12,2,5,12,0.5,0.5,0.7,0.6,1.0,0.5,48.299998,40,11,46.0,68.999998,21.4,1,1,1023,0,greedy_sps_baseline,solved,1,8.521745,48.298818,0.176438,0.000656,,,0.000656,0.000767,3,0,0
n_frq\set24\n_frq_2.py,n_frq,24,n_frq,2,2,5,2,0.5,0.5,0.7,0.6,1.0,0.5,48.300002,40,11,46.0,69.000003,23.6,1,1,1024,0,ilp_v2,optimal,1,22.748189,48.284761,0.471126,0.028167,0.0,,0.028167,0.030609,3,0,0
n_frq\set24\n_frq_2.py,n_frq,24,n_frq,2,2,5,2,0.5,0.5,0.7,0.6,1.0,0.5,48.300002,40,11,46.0,69.000003,23.6,1,1,1024,0,ilp_v3,optimal,1,22.635928,48.294941,0.468702,0.047738,0.0,,0.047738,0.05241,3,0,0
n_frq\set24\n_frq_2.py,n_frq,24,n_frq,2,2,5,2,0.5,0.5,0.7,0.6,1.0,0.5,48.300002,40,11,46.0,69.000003,23.6,1,1,1024,0,ilp_v4,optimal,1,23.097045,48.213697,0.479056,0.086338,7e-06,,0.086338,0.088679,3,0,0
n_frq\set24\n_frq_2.py,n_frq,24,n_frq,2,2,5,2,0.5,0.5,0.7,0.6,1.0,0.5,48.300002,40,11,46.0,69.000003,23.6,1,1,1024,0,greedy_sps_baseline,solved,1,7.748257,48.177132,0.160829,0.001432,,,0.001432,0.001684,3,0,0
n_frq\set24\n_frq_3.py,n_frq,24,n_frq,3,2,5,3,0.5,0.5,0.7,0.6,1.0,0.5,48.300003,40,10,46.000002,69.000005,23.600001,1,1,1024,0,ilp_v2,optimal,1,48.522563,47.774254,1.015663,0.016721,0.0,,0.016721,0.020738,3,0,0
n_frq\set24\n_frq_3.py,n_frq,24,n_frq,3,2,5,3,0.5,0.5,0.7,0.6,1.0,0.5,48.300003,40,10,46.000002,69.000005,23.600001,1,1,1024,0,ilp_v3,optimal,1,37.1282,48.293445,0.768804,0.011418,0.0,,0.011418,0.012229,3,0,0
n_frq\set24\n_frq_3.py,n_frq,24,n_frq,3,2,5,3,0.5,0.5,0.7,0.6,1.0,0.5,48.300003,40,10,46.000002,69.000005,23.600001,1,1,1024,0,ilp_v4,optimal,1,51.608529,48.296197,1.068584,0.044538,3.9e-05,,0.044538,0.059102,3,0,0
n_frq\set24\n_frq_3.py,n_frq,24,n_frq,3,2,5,3,0.5,0.5,0.7,0.6,1.0,0.5,48.300003,40,10,46.000002,69.000005,23.600001,1,1,1024,0,greedy_sps_baseline,solved,1,7.625191,48.253295,0.158024,0.001267,,,0.001267,0.0014,3,0,0
n_frq\set24\n_frq_5.py,n_frq,24,n_frq,5,2,5,5,0.5,0.5,0.7,0.6,1.0,0.5,48.299999,40,10,46.000001,68.999999,23.009091,1,1,1024,0,ilp_v2,optimal,1,50.228905,47.211224,1.063919,0.009886,0.0,,0.009886,0.013519,3,0,0
n_frq\set24\n_frq_5.py,n_frq,24,n_frq,5,2,5,5,0.5,0.5,0.7,0.6,1.0,0.5,48.299999,40,10,46.000001,68.999999,23.009091,1,1,1024,0,ilp_v3,optimal,1,50.228905,47.990095,1.046651,0.011388,0.0,,0.011388,0.013398,3,0,0
n_frq\set24\n_frq_5.py,n_frq,24,n_frq,5,2,5,5,0.5,0.5,0.7,0.6,1.0,0.5,48.299999,40,10,46.000001,68.999999,23.009091,1,1,1024,0,ilp_v4,optimal,1,50.228905,45.433648,1.105544,0.027563,0.0,,0.027563,0.030137,3,0,0
n_frq\set24\n_frq_5.py,n_frq,24,n_frq,5,2,5,5,0.5,0.5,0.7,0.6,1.0,0.5,48.299999,40,10,46.000001,68.999999,23.009091,1,1,1024,0,greedy_sps_baseline,solved,1,9.617383,48.273193,0.199228,0.00081,,,0.00081,0.001426,3,0,0
n_frq\set24\n_frq_8.py,n_frq,24,n_frq,8,2,5,8,0.5,0.5,0.7,0.6,1.0,0.5,48.299998,40,9,45.999998,68.999997,22.042856,1,1,1024,0,ilp_v2,optimal,1,51.55582,47.582754,1.083498,0.039833,0.0,,0.039833,0.043119,3,0,0
n_frq\set24\n_frq_8.py,n_frq,24,n_frq,8,2,5,8,0.5,0.5,0.7,0.6,1.0,0.5,48.299998,40,9,45.999998,68.999997,22.042856,1,1,1024,0,ilp_v3,optimal,1,51.55582,48.26413,1.068202,0.026259,0.0,,0.026259,0.026542,3,0,0
n_frq\set24\n_frq_8.py,n_frq,24,n_frq,8,2,5,8,0.5,0.5,0.7,0.6,1.0,0.5,48.299998,40,9,45.999998,68.999997,22.042856,1,1,1024,0,ilp_v4,optimal,1,53.881768,48.204953,1.117764,0.0541,0.0,,0.0541,0.059023,3,0,0
n_frq\set24\n_frq_8.py,n_frq,24,n_frq,8,2,5,8,0.5,0.5,0.7,0.6,1.0,0.5,48.299998,40,9,45.999998,68.999997,22.042856,1,1,1024,0,greedy_sps_baseline,solved,1,6.697018,48.112159,0.139196,0.001022,,,0.001022,0.001232,3,0,0
n_frq\set24\n_frq_12.py,n_frq,24,n_frq,12,2,5,12,0.5,0.5,0.7,0.6,1.0,0.5,48.299996,40,9,46.000001,68.999994,21.400001,1,1,1024,0,ilp_v2,optimal,1,75.613797,48.127827,1.571104,0.032719,0.0,,0.032719,0.037576,3,0,0
n_frq\set24\n_frq_12.py,n_frq,24,n_frq,12,2,5,12,0.5,0.5,0.7,0.6,1.0,0.5,48.299996,40,9,46.000001,68.999994,21.400001,1,1,1024,0,ilp_v3,optimal,1,79.755694,48.296356,1.651381,0.018365,0.0,,0.018365,0.018712,3,0,0
n_frq\set24\n_frq_12.py,n_frq,24,n_frq,12,2,5,12,0.5,0.5,0.7,0.6,1.0,0.5,48.299996,40,9,46.000001,68.999994,21.400001,1,1,1024,0,ilp_v4,optimal,1,75.613797,48.127827,1.571104,0.052402,0.0,,0.052402,0.05589,3,0,0
n_frq\set24\n_frq_12.py,n_frq,24,n_frq,12,2,5,12,0.5,0.5,0.7,0.6,1.0,0.5,48.299996,40,9,46.000001,68.999994,21.400001,1,1,1024,0,greedy_sps_baseline,solved,1,9.719785,48.297398,0.201249,0.001516,,,0.001516,0.001932,3,0,0
n_frq\set25\n_frq_2.py,n_frq,25,n_frq,2,2,5,2,0.5,0.5,0.7,0.6,1.0,0.5,48.300002,40,13,45.999999,69.000003,23.599999,1,1,1025,0,ilp_v2,optimal,1,15.826916,48.033159,0.3295,0.021873,0.0,,0.021873,0.02242,3,0,0
n_frq\set25\n_frq_2.py,n_frq,25,n_frq,2,2,5,2,0.5,0.5,0.7,0.6,1.0,0.5,48.300002,40,13,45.999999,69.000003,23.599999,1,1,1025,0,ilp_v3,optimal,1,15.826916,48.256156,0.327977,0.007842,0.0,,0.007842,0.00845,3,0,0
n_frq\set25\n_frq_2.py,n_frq,25,n_frq,2,2,5,2,0.5,0.5,0.7,0.6,1.0,0.5,48.300002,40,13,45.999999,69.000003,23.599999,1,1,1025,0,ilp_v4,optimal,1,16.241512,47.981383,0.338496,0.075637,0.0,,0.075637,0.0911,3,0,0
n_frq\set25\n_frq_2.py,n_frq,25,n_frq,2,2,5,2,0.5,0.5,0.7,0.6,1.0,0.5,48.300002,40,13,45.999999,69.000003,23.599999,1,1,1025,0,greedy_sps_baseline,solved,1,6.328942,48.060471,0.131687,0.001708,,,0.001708,0.001856,3,0,0
n_frq\set25\n_frq_3.py,n_frq,25,n_frq,3,2,5,3,0.5,0.5,0.7,0.6,1.0,0.5,48.299995,40,13,46.000002,68.999993,21.433334,1,1,1025,0,ilp_v2,optimal,1,60.044839,48.296256,1.243261,0.085403,0.0,,0.085403,0.090612,3,0,0
n_frq\set25\n_frq_3.py,n_frq,25,n_frq,3,2,5,3,0.5,0.5,0.7,0.6,1.0,0.5,48.299995,40,13,46.000002,68.999993,21.433334,1,1,1025,0,ilp_v3,optimal,1,59.145747,48.243275,1.225989,0.186417,0.0,,0.186417,0.189514,3,0,0
n_frq\set25\n_frq_3.py,n_frq,25,n_frq,3,2,5,3,0.5,0.5,0.7,0.6,1.0,0.5,48.299995,40,13,46.000002,68.999993,21.433334,1,1,1025,0,ilp_v4,optimal,1,59.503589,48.240651,1.233474,0.49228,0.0,,0.49228,0.539213,3,0,0
n_frq\set25\n_frq_3.py,n_frq,25,n_frq,3,2,5,3,0.5,0.5,0.7,0.6,1.0,0.5,48.299995,40,13,46.000002,68.999993,21.433334,1,1,1025,0,greedy_sps_baseline,solved,1,9.357567,48.21192,0.194092,0.001987,,,0.001987,0.002146,3,0,0
n_frq\set25\n_frq_5.py,n_frq,25,n_frq,5,2,5,5,0.5,0.5,0.7,0.6,1.0,0.5,48.300002,40,9,46.000001,69.000003,21.433334,1,1,1025,0,ilp_v2,optimal,1,57.737622,48.268342,1.19618,0.022246,0.0,,0.022246,0.024297,3,0,0
n_frq\set25\n_frq_5.py,n_frq,25,n_frq,5,2,5,5,0.5,0.5,0.7,0.6,1.0,0.5,48.300002,40,9,46.000001,69.000003,21.433334,1,1,1025,0,ilp_v3,optimal,1,67.697057,48.154868,1.40582,0.078338,0.0,,0.078338,0.089772,3,0,0
n_frq\set25\n_frq_5.py,n_frq,25,n_frq,5,2,5,5,0.5,0.5,0.7,0.6,1.0,0.5,48.300002,40,9,46.000001,69.000003,21.433334,1,1,1025,0,ilp_v4,optimal,1,68.904832,48.242391,1.428305,0.124713,0.0,,0.124713,0.137611,3,0,0
n_frq\set25\n_frq_5.py,n_frq,25,n_frq,5,2,5,5,0.5,0.5,0.7,0.6,1.0,0.5,48.300002,40,9,46.000001,69.000003,21.433334,1,1,1025,0,greedy_sps_baseline,solved,1,7.330563,48.153811,0.152232,0.001503,,,0.001503,0.001698,3,0,0
n_frq\set25\n_frq_8.py,n_frq,25,n_frq,8,2,5,8,0.5,0.5,0.7,0.6,1.0,0.5,48.299999,40,11,46.0,68.999999,21.433333,1,1,1025,0,ilp_v2,optimal,1,24.673333,47.176363,0.523002,0.027482,0.0,,0.027482,0.028305,3,0,0
n_frq\set25\n_frq_8.py,n_frq,25,n_frq,8,2,5,8,0.5,0.5,0.7,0.6,1.0,0.5,48.299999,40,11,46.0,68.999999,21.433333,1,1,1025,0,ilp_v3,optimal,1,24.673333,48.27634,0.511085,0.103156,0.0,,0.103156,0.142186,3,0,0
n_frq\set25\n_frq_8.py,n_frq,25,n_frq,8,2,5,8,0.5,0.5,0.7,0.6,1.0,0.5,48.299999,40,11,46.0,68.999999,21.433333,1,1,1025,0,ilp_v4,optimal,1,26.801369,48.110484,0.55708,0.052618,0.0,,0.052618,0.05692,3,0,0
n_frq\set25\n_frq_8.py,n_frq,25,n_frq,8,2,5,8,0.5,0.5,0.7,0.6,1.0,0.5,48.299999,40,11,46.0,68.999999,21.433333,1,1,1025,0,greedy_sps_baseline,solved,1,4.433287,48.261894,0.091859,0.00122,,,0.00122,0.001262,3,0,0
n_frq\set25\n_frq_12.py,n_frq,25,n_frq,12,2,5,12,0.5,0.5,0.7,0.6,1.0,0.5,48.299999,40,10,45.999998,68.999999,21.399999,1,1,1025,0,ilp_v2,optimal,1,59.417359,48.205996,1.232572,0.041178,0.0,,0.041178,0.043929,3,0,0
n_frq\set25\n_frq_12.py,n_frq,25,n_frq,12,2,5,12,0.5,0.5,0.7,0.6,1.0,0.5,48.299999,40,10,45.999998,68.999999,21.399999,1,1,1025,0,ilp_v3,optimal,1,73.955715,48.262344,1.532369,0.022547,0.0,,0.022547,0.023662,3,0,0
n_frq\set25\n_frq_12.py,n_frq,25,n_frq,12,2,5,12,0.5,0.5,0.7,0.6,1.0,0.5,48.299999,40,10,45.999998,68.999999,21.399999,1,1,1025,0,ilp_v4,optimal,1,73.955715,48.264341,1.532305,0.046722,0.0,,0.046722,0.048616,3,0,0
n_frq\set25\n_frq_12.py,n_frq,25,n_frq,12,2,5,12,0.5,0.5,0.7,0.6,1.0,0.5,48.299999,40,10,45.999998,68.999999,21.399999,1,1,1025,0,greedy_sps_baseline,solved,1,9.518297,48.292923,0.197095,0.001534,,,0.001534,0.001566,3,0,0
n_frq\set26\n_frq_2.py,n_frq,26,n_frq,2,2,5,2,0.5,0.5,0.7,0.6,1.0,0.5,48.299998,40,10,45.999999,68.999997,23.599999,1,1,1026,0,ilp_v2,optimal,1,33.617348,48.263243,0.696541,0.006884,0.0,,0.006884,0.008081,3,0,0
n_frq\set26\n_frq_2.py,n_frq,26,n_frq,2,2,5,2,0.5,0.5,0.7,0.6,1.0,0.5,48.299998,40,10,45.999999,68.999997,23.599999,1,1,1026,0,ilp_v3,optimal,1,28.86896,48.257585,0.598226,0.008465,0.0,,0.008465,0.009516,3,0,0
n_frq\set26\n_frq_2.py,n_frq,26,n_frq,2,2,5,2,0.5,0.5,0.7,0.6,1.0,0.5,48.299998,40,10,45.999999,68.999997,23.599999,1,1,1026,0,ilp_v4,optimal,1,32.914805,47.76289,0.689129,0.079206,0.0,,0.079206,0.085175,3,0,0
n_frq\set26\n_frq_2.py,n_frq,26,n_frq,2,2,5,2,0.5,0.5,0.7,0.6,1.0,0.5,48.299998,40,10,45.999999,68.999997,23.599999,1,1,1026,0,greedy_sps_baseline,solved,1,8.191262,48.205147,0.169925,0.001233,,,0.001233,0.001383,3,0,0
n_frq\set26\n_frq_3.py,n_frq,26,n_frq,3,2,5,3,0.5,0.5,0.7,0.6,1.0,0.5,48.3,40,10,46.000001,69.0,22.000001,1,1,1026,0,ilp_v2,optimal,1,37.913078,48.297626,0.784988,0.053261,8.3e-05,,0.053261,0.061303,3,0,0
n_frq\set26\n_frq_3.py,n_frq,26,n_frq,3,2,5,3,0.5,0.5,0.7,0.6,1.0,0.5,48.3,40,10,46.000001,69.0,22.000001,1,1,1026,0,ilp_v3,optimal,1,37.913078,47.865681,0.792072,0.053119,0.0,,0.053119,0.055796,3,0,0
n_frq\set26\n_frq_3.py,n_frq,26,n_frq,3,2,5,3,0.5,0.5,0.7,0.6,1.0,0.5,48.3,40,10,46.000001,69.0,22.000001,1,1,1026,0,ilp_v4,optimal,1,37.913078,48.297626,0.784988,0.074119,8.3e-05,,0.074119,0.079089,3,0,0
n_frq\set26\n_frq_3.py,n_frq,26,n_frq,3,2,5,3,0.5,0.5,0.7,0.6,1.0,0.5,48.3,40,10,46.000001,69.0,22.000001,1,1,1026,0,greedy_sps_baseline,solved,1,5.276562,47.42049,0.111272,0.002145,,,0.002145,0.002232,3,0,0
n_frq\set26\n_frq_5.py,n_frq,26,n_frq,5,2,5,5,0.5,0.5,0.7,0.6,1.0,0.5,48.300003,40,10,46.000003,69.000005,22.000002,1,1,1026,0,ilp_v2,optimal,1,58.505273,48.21662,1.213384,0.064176,0.0,,0.064176,0.073858,3,0,0
n_frq\set26\n_frq_5.py,n_frq,26,n_frq,5,2,5,5,0.5,0.5,0.7,0.6,1.0,0.5,48.300003,40,10,46.000003,69.000005,22.000002,1,1,1026,0,ilp_v3,optimal,1,58.732747,48.260739,1.216988,0.063028,0.0,,0.063028,0.067853,3,0,0
n_frq\set26\n_frq_5.py,n_frq,26,n_frq,5,2,5,5,0.5,0.5,0.7,0.6,1.0,0.5,48.300003,40,10,46.000003,69.000005,22.000002,1,1,1026,0,ilp_v4,optimal,1,59.90999,47.936838,1.249769,0.06665,0.0,,0.06665,0.070451,3,0,0
n_frq\set26\n_frq_5.py,n_frq,26,n_frq,5,2,5,5,0.5,0.5,0.7,0.6,1.0,0.5,48.300003,40,10,46.000003,69.000005,22.000002,1,1,1026,0,greedy_sps_baseline,solved,1,6.8418,48.141086,0.14212,0.000729,,,0.000729,0.000996,3,0,0
n_frq\set26\n_frq_8.py,n_frq,26,n_frq,8,2,5,8,0.5,0.5,0.7,0.6,1.0,0.5,48.300001,40,9,46.0,69.000001,21.433333,1,1,1026,0,ilp_v2,optimal,1,59.958587,48.059292,1.247596,0.019337,0.0,,0.019337,0.019653,3,0,0
n_frq\set26\n_frq_8.py,n_frq,26,n_frq,8,2,5,8,0.5,0.5,0.7,0.6,1.0,0.5,48.300001,40,9,46.0,69.000001,21.433333,1,1,1026,0,ilp_v3,optimal,1,58.099708,48.158519,1.206426,0.02198,0.0,,0.02198,0.022977,3,0,0
n_frq\set26\n_frq_8.py,n_frq,26,n_frq,8,2,5,8,0.5,0.5,0.7,0.6,1.0,0.5,48.300001,40,9,46.0,69.000001,21.433333,1,1,1026,0,ilp_v4,optimal,1,59.958587,48.059292,1.247596,0.036405,0.0,,0.036405,0.039887,3,0,0
n_frq\set26\n_frq_8.py,n_frq,26,n_frq,8,2,5,8,0.5,0.5,0.7,0.6,1.0,0.5,48.300001,40,9,46.0,69.000001,21.433333,1,1,1026,0,greedy_sps_baseline,solved,1,6.847123,48.297126,0.141771,0.001138,,,0.001138,0.001291,3,0,0
n_frq\set26\n_frq_12.py,n_frq,26,n_frq,12,2,5,12,0.5,0.5,0.7,0.6,1.0,0.5,48.300001,40,10,46.000001,69.000001,21.400001,1,1,1026,0,ilp_v2,optimal,1,29.776391,48.299581,0.616494,0.035451,2.1e-05,,0.035451,0.040204,3,0,0
n_frq\set26\n_frq_12.py,n_frq,26,n_frq,12,2,5,12,0.5,0.5,0.7,0.6,1.0,0.5,48.300001,40,10,46.000001,69.000001,21.400001,1,1,1026,0,ilp_v3,optimal,1,39.627204,48.24406,0.82139,0.082743,0.0,,0.082743,0.087636,3,0,0
n_frq\set26\n_frq_12.py,n_frq,26,n_frq,12,2,5,12,0.5,0.5,0.7,0.6,1.0,0.5,48.300001,40,10,46.000001,69.000001,21.400001,1,1,1026,0,ilp_v4,optimal,1,40.230455,48.292539,0.833057,0.085391,0.0,,0.085391,0.088773,3,0,0
n_frq\set26\n_frq_12.py,n_frq,26,n_frq,12,2,5,12,0.5,0.5,0.7,0.6,1.0,0.5,48.300001,40,10,46.000001,69.000001,21.400001,1,1,1026,0,greedy_sps_baseline,solved,1,4.411026,48.264202,0.091393,0.002193,,,0.002193,0.00235,3,0,0
n_frq\set27\n_frq_2.py,n_frq,27,n_frq,2,2,5,2,0.5,0.5,0.7,0.6,1.0,0.5,48.299998,40,10,46.000001,68.999998,23.600001,1,1,1027,0,ilp_v2,optimal,1,20.1415,48.291037,0.417086,0.027156,0.0,,0.027156,0.030938,3,0,0
n_frq\set27\n_frq_2.py,n_frq,27,n_frq,2,2,5,2,0.5,0.5,0.7,0.6,1.0,0.5,48.299998,40,10,46.000001,68.999998,23.600001,1,1,1027,0,ilp_v3,optimal,1,31.619873,48.275276,0.654991,0.010873,0.0,,0.010873,0.011782,3,0,0
n_frq\set27\n_frq_2.py,n_frq,27,n_frq,2,2,5,2,0.5,0.5,0.7,0.6,1.0,0.5,48.299998,40,10,46.000001,68.999998,23.600001,1,1,1027,0,ilp_v4,optimal,1,29.974533,48.252776,0.621198,0.084646,0.0,,0.084646,0.088206,3,0,0
n_frq\set27\n_frq_2.py,n_frq,27,n_frq,2,2,5,2,0.5,0.5,0.7,0.6,1.0,0.5,48.299998,40,10,46.000001,68.999998,23.600001,1,1,1027,0,greedy_sps_baseline,solved,1,9.160182,48.281506,0.189724,0.001377,,,0.001377,0.001536,3,0,0
n_frq\set27\n_frq_3.py,n_frq,27,n_frq,3,2,5,3,0.5,0.5,0.7,0.6,1.0,0.5,48.300002,40,15,46.000001,69.000002,22.042858,1,1,1027,0,ilp_v2,optimal,1,29.246442,48.284696,0.605708,0.144411,0.0,,0.144411,0.151392,3,0,0
n_frq\set27\n_frq_3.py,n_frq,27,n_frq,3,2,5,3,0.5,0.5,0.7,0.6,1.0,0.5,48.300002,40,15,46.000001,69.000002,22.042858,1,1,1027,0,ilp_v3,optimal,1,27.544078,48.264187,0.570694,0.042037,0.0,,0.042037,0.043443,3,0,0
n_frq\set27\n_frq_3.py,n_frq,27,n_frq,3,2,5,3,0.5,0.5,0.7,0.6,1.0,0.5,48.300002,40,15,46.000001,69.000002,22.042858,1,1,1027,0,ilp_v4,optimal,1,29.774865,48.255241,0.617029,0.528733,0.0,,0.528733,0.555971,3,0,0
n_frq\set27\n_frq_3.py,n_frq,27,n_frq,3,2,5,3,0.5,0.5,0.7,0.6,1.0,0.5,48.300002,40,15,46.000001,69.000002,22.042858,1,1,1027,0,greedy_sps_baseline,solved,1,6.377424,48.248792,0.132178,0.003039,,,0.003039,0.003233,3,0,0
n_frq\set27\n_frq_5.py,n_frq,27,n_frq,5,2,5,5,0.5,0.5,0.7,0.6,1.0,0.5,48.299997,40,12,45.999998,68.999995,22.042856,1,1,1027,0,ilp_v2,optimal,1,50.626355,48.236936,1.049535,0.116371,0.0,,0.116371,0.121693,3,0,0
n_frq\set27\n_frq_5.py,n_frq,27,n_frq,5,2,5,5,0.5,0.5,0.7,0.6,1.0,0.5,48.299997,40,12,45.999998,68.999995,22.042856,1,1,1027,0,ilp_v3,optimal,1,50.626355,48.247465,1.049306,0.101714,0.0,,0.101714,0.102975,3,0,0
n_frq\set27\n_frq_5.py,n_frq,27,n_frq,5,2,5,5,0.5,0.5,0.7,0.6,1.0,0.5,48.299997,40,12,45.999998,68.999995,22.042856,1,1,1027,0,ilp_v4,optimal,1,50.626355,48.236936,1.049535,0.157263,0.0,,0.157263,0.158584,3,0,0
n_frq\set27\n_frq_5.py,n_frq,27,n_frq,5,2,5,5,0.5,0.5,0.7,0.6,1.0,0.5,48.299997,40,12,45.999998,68.999995,22.042856,1,1,1027,0,greedy_sps_baseline,solved,1,8.4981,48.206622,0.176285,0.002388,,,0.002388,0.002606,3,0,0
n_frq\set27\n_frq_8.py,n_frq,27,n_frq,8,2,5,8,0.5,0.5,0.7,0.6,1.0,0.5,48.299998,40,9,45.999999,68.999998,21.433333,1,1,1027,0,ilp_v2,optimal,1,43.891369,48.01957,0.914031,0.021294,0.0,,0.021294,0.022004,3,0,0
n_frq\set27\n_frq_8.py,n_frq,27,n_frq,8,2,5,8,0.5,0.5,0.7,0.6,1.0,0.5,48.299998,40,9,45.999999,68.999998,21.433333,1,1,1027,0,ilp_v3,optimal,1,43.891369,48.296514,0.90879,0.014724,0.0,,0.014724,0.015127,3,0,0
n_frq\set27\n_frq_8.py,n_frq,27,n_frq,8,2,5,8,0.5,0.5,0.7,0.6,1.0,0.5,48.299998,40,9,45.999999,68.999998,21.433333,1,1,1027,0,ilp_v4,optimal,1,47.046994,47.960083,0.980961,0.070534,0.0,,0.070534,0.072627,3,0,0
n_frq\set27\n_frq_8.py,n_frq,27,n_frq,8,2,5,8,0.5,0.5,0.7,0.6,1.0,0.5,48.299998,40,9,45.999999,68.999998,21.433333,1,1,1027,0,greedy_sps_baseline,solved,1,9.696376,48.266336,0.200893,0.001124,,,0.001124,0.001304,3,0,0
n_frq\set27\n_frq_12.py,n_frq,27,n_frq,12,2,5,12,0.5,0.5,0.7,0.6,1.0,0.5,48.300001,40,9,46.0,69.000001,21.433333,1,1,1027,0,ilp_v2,optimal,1,45.003747,48.256541,0.932594,0.020754,0.0,,0.020754,0.021768,3,0,0
n_frq\set27\n_frq_12.py,n_frq,27,n_frq,12,2,5,12,0.5,0.5,0.7,0.6,1.0,0.5,48.300001,40,9,46.0,69.000001,21.433333,1,1,1027,0,ilp_v3,optimal,1,45.003747,48.256541,0.932594,0.018684,0.0,,0.018684,0.02118,3,0,0
n_frq\set27\n_frq_12.py,n_frq,27,n_frq,12,2,5,12,0.5,0.5,0.7,0.6,1.0,0.5,48.300001,40,9,46.0,69.000001,21.433333,1,1,1027,0,ilp_v4,optimal,1,45.003747,48.256541,0.932594,0.033813,0.0,,0.033813,0.035239,3,0,0
n_frq\set27\n_frq_12.py,n_frq,27,n_frq,12,2,5,12,0.5,0.5,0.7,0.6,1.0,0.5,48.300001,40,9,46.0,69.000001,21.433333,1,1,1027,0,greedy_sps_baseline,solved,1,6.529766,48.282883,0.13524,0.001234,,,0.001234,0.001405,3,0,0
n_frq\set28\n_frq_2.py,n_frq,28,n_frq,2,2,5,2,0.5,0.5,0.7,0.6,1.0,0.5,48.3,40,10,45.999999,69.0,26.130769,1,1,1028,0,ilp_v2,optimal,1,63.068954,48.278558,1.306355,0.006386,0.0,,0.006386,0.007188,3,0,0
n_frq\set28\n_frq_2.py,n_frq,28,n_frq,2,2,5,2,0.5,0.5,0.7,0.6,1.0,0.5,48.3,40,10,45.999999,69.0,26.130769,1,1,1028,0,ilp_v3,optimal,1,56.071505,47.047884,1.191797,0.006718,0.0,,0.006718,0.006761,3,0,0
n_frq\set28\n_frq_2.py,n_frq,28,n_frq,2,2,5,2,0.5,0.5,0.7,0.6,1.0,0.5,48.3,40,10,45.999999,69.0,26.130769,1,1,1028,0,ilp_v4,optimal,1,63.068954,48.278558,1.306355,0.019629,0.0,,0.019629,0.020208,3,0,0
n_frq\set28\n_frq_2.py,n_frq,28,n_frq,2,2,5,2,0.5,0.5,0.7,0.6,1.0,0.5,48.3,40,10,45.999999,69.0,26.130769,1,1,1028,0,greedy_sps_baseline,solved,1,6.852661,48.074431,0.142543,0.001359,,,0.001359,0.001531,3,0,0
n_frq\set28\n_frq_3.py,n_frq,28,n_frq,3,2,5,3,0.5,0.5,0.7,0.6,1.0,0.5,48.299995,40,13,45.999998,68.999993,24.399999,1,1,1028,0,ilp_v2,optimal,1,48.410882,48.169706,1.005007,0.02253,0.0,,0.02253,0.026117,3,0,0
n_frq\set28\n_frq_3.py,n_frq,28,n_frq,3,2,5,3,0.5,0.5,0.7,0.6,1.0,0.5,48.299995,40,13,45.999998,68.999993,24.399999,1,1,1028,0,ilp_v3,optimal,1,53.304244,48.236995,1.105049,0.020052,2.9e-05,,0.020052,0.020948,3,0,0
n_frq\set28\n_frq_3.py,n_frq,28,n_frq,3,2,5,3,0.5,0.5,0.7,0.6,1.0,0.5,48.299995,40,13,45.999998,68.999993,24.399999,1,1,1028,0,ilp_v4,optimal,1,57.692515,48.260497,1.19544,0.101557,0.0,,0.101557,0.110938,3,0,0
n_frq\set28\n_frq_3.py,n_frq,28,n_frq,3,2,5,3,0.5,0.5,0.7,0.6,1.0,0.5,48.299995,40,13,45.999998,68.999993,24.399999,1,1,1028,0,greedy_sps_baseline,solved,1,6.954553,48.23724,0.144174,0.002005,,,0.002005,0.002217,3,0,0
n_frq\set28\n_frq_5.py,n_frq,28,n_frq,5,2,5,5,0.5,0.5,0.7,0.6,1.0,0.5,48.300001,40,11,46.0,69.000001,22.0,1,1,1028,0,ilp_v2,optimal,1,36.329574,46.736832,0.777322,0.023469,0.0,,0.023469,0.024455,3,0,0
n_frq\set28\n_frq_5.py,n_frq,28,n_frq,5,2,5,5,0.5,0.5,0.7,0.6,1.0,0.5,48.300001,40,11,46.0,69.000001,22.0,1,1,1028,0,ilp_v3,optimal,1,39.743723,47.55344,0.83577,0.013023,0.0,,0.013023,0.014795,3,0,0
n_frq\set28\n_frq_5.py,n_frq,28,n_frq,5,2,5,5,0.5,0.5,0.7,0.6,1.0,0.5,48.300001,40,11,46.0,69.000001,22.0,1,1,1028,0,ilp_v4,optimal,1,43.198298,48.218094,0.895894,0.059522,0.0,,0.059522,0.061343,3,0,0
n_frq\set28\n_frq_5.py,n_frq,28,n_frq,5,2,5,5,0.5,0.5,0.7,0.6,1.0,0.5,48.300001,40,11,46.0,69.000001,22.0,1,1,1028,0,greedy_sps_baseline,solved,1,7.551195,48.285892,0.156385,0.002248,,,0.002248,0.002324,3,0,0
n_frq\set28\n_frq_8.py,n_frq,28,n_frq,8,2,5,8,0.5,0.5,0.7,0.6,1.0,0.5,48.299998,40,15,46.000001,68.999997,21.433334,1,1,1028,0,ilp_v2,optimal,1,55.306045,48.293304,1.145211,0.070146,5.5e-05,,0.070146,0.075061,3,0,0
n_frq\set28\n_frq_8.py,n_frq,28,n_frq,8,2,5,8,0.5,0.5,0.7,0.6,1.0,0.5,48.299998,40,15,46.000001,68.999997,21.433334,1,1,1028,0,ilp_v3,optimal,1,56.56388,48.26954,1.171834,0.11371,0.0,,0.11371,0.119665,3,0,0
n_frq\set28\n_frq_8.py,n_frq,28,n_frq,8,2,5,8,0.5,0.5,0.7,0.6,1.0,0.5,48.299998,40,15,46.000001,68.999997,21.433334,1,1,1028,0,ilp_v4,optimal,1,58.181348,48.294494,1.20472,0.19716,7.7e-05,,0.19716,0.20341,3,0,0
n_frq\set28\n_frq_8.py,n_frq,28,n_frq,8,2,5,8,0.5,0.5,0.7,0.6,1.0,0.5,48.299998,40,15,46.000001,68.999997,21.433334,1,1,1028,0,greedy_sps_baseline,solved,1,2.8685,48.298646,0.059391,0.004324,,,0.004324,0.004465,3,0,0
n_frq\set28\n_frq_12.py,n_frq,28,n_frq,12,2,5,12,0.5,0.5,0.7,0.6,1.0,0.5,48.299995,40,12,45.999997,68.999993,21.433332,1,1,1028,0,ilp_v2,optimal,1,61.488173,47.31663,1.299504,0.019377,0.0,,0.019377,0.021317,3,0,0
n_frq\set28\n_frq_12.py,n_frq,28,n_frq,12,2,5,12,0.5,0.5,0.7,0.6,1.0,0.5,48.299995,40,12,45.999997,68.999993,21.433332,1,1,1028,0,ilp_v3,optimal,1,61.488173,47.819073,1.28585,0.018411,0.0,,0.018411,0.020712,3,0,0
n_frq\set28\n_frq_12.py,n_frq,28,n_frq,12,2,5,12,0.5,0.5,0.7,0.6,1.0,0.5,48.299995,40,12,45.999997,68.999993,21.433332,1,1,1028,0,ilp_v4,optimal,1,61.488173,47.31663,1.299504,0.059422,0.0,,0.059422,0.066556,3,0,0
n_frq\set28\n_frq_12.py,n_frq,28,n_frq,12,2,5,12,0.5,0.5,0.7,0.6,1.0,0.5,48.299995,40,12,45.999997,68.999993,21.433332,1,1,1028,0,greedy_sps_baseline,solved,1,8.000268,48.274261,0.165725,0.001329,,,0.001329,0.001439,3,0,0
n_frq\set29\n_frq_2.py,n_frq,29,n_frq,2,2,5,2,0.5,0.5,0.7,0.6,1.0,0.5,48.300002,40,9,46.000001,69.000002,22.000001,1,1,1029,0,ilp_v2,optimal,1,61.606382,48.179965,1.278672,0.022008,0.0,,0.022008,0.023564,3,0,0
n_frq\set29\n_frq_2.py,n_frq,29,n_frq,2,2,5,2,0.5,0.5,0.7,0.6,1.0,0.5,48.300002,40,9,46.000001,69.000002,22.000001,1,1,1029,0,ilp_v3,optimal,1,60.270223,48.296747,1.247915,0.019073,0.0,,0.019073,0.021132,3,0,0
n_frq\set29\n_frq_2.py,n_frq,29,n_frq,2,2,5,2,0.5,0.5,0.7,0.6,1.0,0.5,48.300002,40,9,46.000001,69.000002,22.000001,1,1,1029,0,ilp_v4,optimal,1,57.753151,47.91459,1.205335,0.051203,0.0,,0.051203,0.052409,3,0,0
n_frq\set29\n_frq_2.py,n_frq,29,n_frq,2,2,5,2,0.5,0.5,0.7,0.6,1.0,0.5,48.300002,40,9,46.000001,69.000002,22.000001,1,1,1029,0,greedy_sps_baseline,solved,1,6.886789,48.115481,0.14313,0.001738,,,0.001738,0.001891,3,0,0
n_frq\set29\n_frq_3.py,n_frq,29,n_frq,3,2,5,3,0.5,0.5,0.7,0.6,1.0,0.5,48.300002,40,9,46.000001,69.000002,22.000001,1,1,1029,0,ilp_v2,optimal,1,63.050708,48.212644,1.307763,0.030418,0.0,,0.030418,0.035541,3,0,0
n_frq\set29\n_frq_3.py,n_frq,29,n_frq,3,2,5,3,0.5,0.5,0.7,0.6,1.0,0.5,48.300002,40,9,46.000001,69.000002,22.000001,1,1,1029,0,ilp_v3,optimal,1,61.414415,48.272156,1.272253,0.025922,0.0,,0.025922,0.027879,3,0,0
n_frq\set29\n_frq_3.py,n_frq,29,n_frq,3,2,5,3,0.5,0.5,0.7,0.6,1.0,0.5,48.300002,40,9,46.000001,69.000002,22.000001,1,1,1029,0,ilp_v4,optimal,1,78.305799,47.911229,1.634393,0.026353,0.0,,0.026353,0.037077,3,0,0
n_frq\set29\n_frq_3.py,n_frq,29,n_frq,3,2,5,3,0.5,0.5,0.7,0.6,1.0,0.5,48.300002,40,9,46.000001,69.000002,22.000001,1,1,1029,0,greedy_sps_baseline,solved,1,6.886789,48.115481,0.14313,0.001763,,,0.001763,0.001929,3,0,0
n_frq\set29\n_frq_5.py,n_frq,29,n_frq,5,2,5,5,0.5,0.5,0.7,0.6,1.0,0.5,48.300002,40,9,46.000001,69.000002,22.000001,1,1,1029,0,ilp_v2,optimal,1,78.305799,48.140125,1.626622,0.017004,0.0,,0.017004,0.017316,3,0,0
n_frq\set29\n_frq_5.py,n_frq,29,n_frq,5,2,5,5,0.5,0.5,0.7,0.6,1.0,0.5,48.300002,40,9,46.000001,69.000002,22.000001,1,1,1029,0,ilp_v3,optimal,1,63.050708,48.244824,1.306891,0.01846,0.0,,0.01846,0.020348,3,0,0
n_frq\set29\n_frq_5.py,n_frq,29,n_frq,5,2,5,5,0.5,0.5,0.7,0.6,1.0,0.5,48.300002,40,9,46.000001,69.000002,22.000001,1,1,1029,0,ilp_v4,optimal,1,78.305799,48.257899,1.622652,0.037156,0.0,,0.037156,0.038771,3,0,0
n_frq\set29\n_frq_5.py,n_frq,29,n_frq,5,2,5,5,0.5,0.5,0.7,0.6,1.0,0.5,48.300002,40,9,46.000001,69.000002,22.000001,1,1,1029,0,greedy_sps_baseline,solved,1,6.886789,48.115481,0.14313,0.001744,,,0.001744,0.001982,3,0,0
n_frq\set29\n_frq_8.py,n_frq,29,n_frq,8,2,5,8,0.5,0.5,0.7,0.6,1.0,0.5,48.3,40,11,46.0,69.0,21.4,1,1,1029,0,ilp_v2,optimal,1,66.940018,48.000451,1.394571,0.025891,0.0,,0.025891,0.026945,3,0,0
n_frq\set29\n_frq_8.py,n_frq,29,n_frq,8,2,5,8,0.5,0.5,0.7,0.6,1.0,0.5,48.3,40,11,46.0,69.0,21.4,1,1,1029,0,ilp_v3,optimal,1,68.331512,48.267134,1.415694,0.027861,0.0,,0.027861,0.029187,3,0,0
n_frq\set29\n_frq_8.py,n_frq,29,n_frq,8,2,5,8,0.5,0.5,0.7,0.6,1.0,0.5,48.3,40,11,46.0,69.0,21.4,1,1,1029,0,ilp_v4,optimal,1,70.546497,48.153657,1.465029,0.048521,0.0,,0.048521,0.053868,3,0,0
n_frq\set29\n_frq_8.py,n_frq,29,n_frq,8,2,5,8,0.5,0.5,0.7,0.6,1.0,0.5,48.3,40,11,46.0,69.0,21.4,1,1,1029,0,greedy_sps_baseline,solved,1,7.976373,48.149511,0.165658,0.001571,,,0.001571,0.001698,3,0,0
n_frq\set29\n_frq_12.py,n_frq,29,n_frq,12,2,5,12,0.5,0.5,0.7,0.6,1.0,0.5,48.300002,40,11,46.000002,69.000003,21.400001,1,1,1029,0,ilp_v2,optimal,1,70.8178,48.278748,1.466852,0.212447,0.0,,0.212447,0.220358,3,0,0
n_frq\set29\n_frq_12.py,n_frq,29,n_frq,12,2,5,12,0.5,0.5,0.7,0.6,1.0,0.5,48.300002,40,11,46.000002,69.000003,21.400001,1,1,1029,0,ilp_v3,optimal,1,68.383739,48.084434,1.42216,0.041172,2.4e-05,,0.041172,0.041851,3,0,0
n_frq\set29\n_frq_12.py,n_frq,29,n_frq,12,2,5,12,0.5,0.5,0.7,0.6,1.0,0.5,48.300002,40,11,46.000002,69.000003,21.400001,1,1,1029,0,ilp_v4,optimal,1,70.8178,48.278748,1.466852,0.244858,0.0,,0.244858,0.248099,3,0,0
n_frq\set29\n_frq_12.py,n_frq,29,n_frq,12,2,5,12,0.5,0.5,0.7,0.6,1.0,0.5,48.300002,40,11,46.000002,69.000003,21.400001,1,1,1029,0,greedy_sps_baseline,solved,1,7.606868,47.932246,0.1587,0.002646,,,0.002646,0.002845,3,0,0
n_frq\set30\n_frq_2.py,n_frq,30,n_frq,2,2,5,2,0.5,0.5,0.7,0.6,1.0,0.5,48.300001,40,12,46.000003,69.000001,23.600002,1,1,1030,0,ilp_v2,optimal,1,15.590645,47.874976,0.325653,0.014624,0.0,,0.014624,0.014799,3,0,0
n_frq\set30\n_frq_2.py,n_frq,30,n_frq,2,2,5,2,0.5,0.5,0.7,0.6,1.0,0.5,48.300001,40,12,46.000003,69.000001,23.600002,1,1,1030,0,ilp_v3,optimal,1,16.680634,48.278623,0.345508,0.01108,0.0,,0.01108,0.011732,3,0,0
n_frq\set30\n_frq_2.py,n_frq,30,n_frq,2,2,5,2,0.5,0.5,0.7,0.6,1.0,0.5,48.300001,40,12,46.000003,69.000001,23.600002,1,1,1030,0,ilp_v4,optimal,1,22.87369,48.02461,0.476291,0.117169,0.0,,0.117169,0.123114,3,0,0
n_frq\set30\n_frq_2.py,n_frq,30,n_frq,2,2,5,2,0.5,0.5,0.7,0.6,1.0,0.5,48.300001,40,12,46.000003,69.000001,23.600002,1,1,1030,0,greedy_sps_baseline,solved,1,6.203841,47.942903,0.129401,0.001269,,,0.001269,0.001371,3,0,0
n_frq\set30\n_frq_3.py,n_frq,30,n_frq,3,2,5,3,0.5,0.5,0.7,0.6,1.0,0.5,48.300001,40,12,46.000003,69.000001,23.600002,1,1,1030,0,ilp_v2,optimal,1,35.344693,48.263777,0.732323,0.017218,0.0,,0.017218,0.018746,3,0,0
n_frq\set30\n_frq_3.py,n_frq,30,n_frq,3,2,5,3,0.5,0.5,0.7,0.6,1.0,0.5,48.300001,40,12,46.000003,69.000001,23.600002,1,1,1030,0,ilp_v3,optimal,1,36.004797,48.263501,0.746005,0.015068,0.0,,0.015068,0.017776,3,0,0
n_frq\set30\n_frq_3.py,n_frq,30,n_frq,3,2,5,3,0.5,0.5,0.7,0.6,1.0,0.5,48.300001,40,12,46.000003,69.000001,23.600002,1,1,1030,0,ilp_v4,optimal,1,37.75489,48.227842,0.782844,0.123619,0.0,,0.123619,0.125925,3,0,0
n_frq\set30\n_frq_3.py,n_frq,30,n_frq,3,2,5,3,0.5,0.5,0.7,0.6,1.0,0.5,48.300001,40,12,46.000003,69.000001,23.600002,1,1,1030,0,greedy_sps_baseline,solved,1,6.203841,47.942903,0.129401,0.001189,,,0.001189,0.001299,3,0,0
n_frq\set30\n_frq_5.py,n_frq,30,n_frq,5,2,5,5,0.5,0.5,0.7,0.6,1.0,0.5,48.3,40,10,45.999997,69.0,21.399998,1,1,1030,0,ilp_v2,optimal,1,41.6385,48.070314,0.8662,0.015275,0.0,,0.015275,0.017171,3,0,0
n_frq\set30\n_frq_5.py,n_frq,30,n_frq,5,2,5,5,0.5,0.5,0.7,0.6,1.0,0.5,48.3,40,10,45.999997,69.0,21.399998,1,1,1030,0,ilp_v3,optimal,1,41.6385,48.070314,0.8662,0.015357,0.0,,0.015357,0.016086,3,0,0
n_frq\set30\n_frq_5.py,n_frq,30,n_frq,5,2,5,5,0.5,0.5,0.7,0.6,1.0,0.5,48.3,40,10,45.999997,69.0,21.399998,1,1,1030,0,ilp_v4,optimal,1,41.6385,47.946486,0.868437,0.046364,0.0,,0.046364,0.047581,3,0,0
n_frq\set30\n_frq_5.py,n_frq,30,n_frq,5,2,5,5,0.5,0.5,0.7,0.6,1.0,0.5,48.3,40,10,45.999997,69.0,21.399998,1,1,1030,0,greedy_sps_baseline,solved,1,6.6156,48.28718,0.137005,0.001767,,,0.001767,0.001987,3,0,0
n_frq\set30\n_frq_8.py,n_frq,30,n_frq,8,2,5,8,0.5,0.5,0.7,0.6,1.0,0.5,48.299998,40,10,45.999998,68.999998,21.399999,1,1,1030,0,ilp_v2,optimal,1,68.153044,47.690133,1.429081,0.051826,0.0,,0.051826,0.055301,3,0,0
n_frq\set30\n_frq_8.py,n_frq,30,n_frq,8,2,5,8,0.5,0.5,0.7,0.6,1.0,0.5,48.299998,40,10,45.999998,68.999998,21.399999,1,1,1030,0,ilp_v3,optimal,1,68.953466,48.078121,1.434196,0.362708,0.0,,0.362708,0.37447,3,0,0
n_frq\set30\n_frq_8.py,n_frq,30,n_frq,8,2,5,8,0.5,0.5,0.7,0.6,1.0,0.5,48.299998,40,10,45.999998,68.999998,21.399999,1,1,1030,0,ilp_v4,optimal,1,85.845294,47.263904,1.816297,0.047292,0.0,,0.047292,0.060517,3,0,0
n_frq\set30\n_frq_8.py,n_frq,30,n_frq,8,2,5,8,0.5,0.5,0.7,0.6,1.0,0.5,48.299998,40,10,45.999998,68.999998,21.399999,1,1,1030,0,greedy_sps_baseline,solved,1,8.883239,48.158685,0.184458,0.000605,,,0.000605,0.001166,3,0,0
n_frq\set30\n_frq_12.py,n_frq,30,n_frq,12,2,5,12,0.5,0.5,0.7,0.6,1.0,0.5,48.300002,40,12,45.999999,69.000002,21.399999,1,1,1030,0,ilp_v2,optimal,1,46.061629,48.240609,0.954831,0.034244,0.0,,0.034244,0.044574,3,0,0
n_frq\set30\n_frq_12.py,n_frq,30,n_frq,12,2,5,12,0.5,0.5,0.7,0.6,1.0,0.5,48.300002,40,12,45.999999,69.000002,21.399999,1,1,1030,0,ilp_v3,optimal,1,46.11001,48.185126,0.956935,0.057196,0.0,,0.057196,0.0582,3,0,0
n_frq\set30\n_frq_12.py,n_frq,30,n_frq,12,2,5,12,0.5,0.5,0.7,0.6,1.0,0.5,48.300002,40,12,45.999999,69.000002,21.399999,1,1,1030,0,ilp_v4,optimal,1,47.174988,48.157656,0.979595,0.097163,0.0,,0.097163,0.125402,3,0,0
n_frq\set30\n_frq_12.py,n_frq,30,n_frq,12,2,5,12,0.5,0.5,0.7,0.6,1.0,0.5,48.300002,40,12,45.999999,69.000002,21.399999,1,1,1030,0,greedy_sps_baseline,solved,1,6.879982,48.274247,0.142519,0.001721,,,0.001721,0.002466,3,0,0
n_frq\set31\n_frq_2.py,n_frq,31,n_frq,2,2,5,2,0.5,0.5,0.7,0.6,1.0,0.5,48.3,40,13,46.0,69.0,30.5,1,1,1031,0,ilp_v2,optimal,1,56.3685,48.280783,1.167514,0.006532,0.0,,0.006532,0.009393,3,0,0
n_frq\set31\n_frq_2.py,n_frq,31,n_frq,2,2,5,2,0.5,0.5,0.7,0.6,1.0,0.5,48.3,40,13,46.0,69.0,30.5,1,1,1031,0,ilp_v3,optimal,1,60.913339,47.604718,1.279565,0.005937,0.0,,0.005937,0.006493,3,0,0
n_frq\set31\n_frq_2.py,n_frq,31,n_frq,2,2,5,2,0.5,0.5,0.7,0.6,1.0,0.5,48.3,40,13,46.0,69.0,30.5,1,1,1031,0,ilp_v4,optimal,1,60.235088,47.766533,1.261031,0.082514,0.0,,0.082514,0.092047,3,0,0
n_frq\set31\n_frq_2.py,n_frq,31,n_frq,2,2,5,2,0.5,0.5,0.7,0.6,1.0,0.5,48.3,40,13,46.0,69.0,30.5,1,1,1031,0,greedy_sps_baseline,solved,1,6.924498,48.176743,0.143731,0.001421,,,0.001421,0.001553,3,0,0
n_frq\set31\n_frq_3.py,n_frq,31,n_frq,3,2,5,3,0.5,0.5,0.7,0.6,1.0,0.5,48.3,40,13,46.0,69.0,28.171429,1,1,1031,0,ilp_v2,optimal,1,57.60057,48.238908,1.194069,0.013328,0.0,,0.013328,0.017893,3,0,0
n_frq\set31\n_frq_3.py,n_frq,31,n_frq,3,2,5,3,0.5,0.5,0.7,0.6,1.0,0.5,48.3,40,13,46.0,69.0,28.171429,1,1,1031,0,ilp_v3,optimal,1,60.913339,47.626766,1.278973,0.007289,0.0,,0.007289,0.007526,3,0,0
n_frq\set31\n_frq_3.py,n_frq,31,n_frq,3,2,5,3,0.5,0.5,0.7,0.6,1.0,0.5,48.3,40,13,46.0,69.0,28.171429,1,1,1031,0,ilp_v4,optimal,1,60.235088,48.282452,1.247557,0.078617,0.0,,0.078617,0.090502,3,0,0
n_frq\set31\n_frq_3.py,n_frq,31,n_frq,3,2,5,3,0.5,0.5,0.7,0.6,1.0,0.5,48.3,40,13,46.0,69.0,28.171429,1,1,1031,0,greedy_sps_baseline,solved,1,6.924498,48.176743,0.143731,0.001586,,,0.001586,0.001735,3,0,0
n_frq\set31\n_frq_5.py,n_frq,31,n_frq,5,2,5,5,0.5,0.5,0.7,0.6,1.0,0.5,48.299999,40,13,46.0,68.999999,23.6,1,1,1031,0,ilp_v2,optimal,1,59.211492,48.239497,1.227448,0.025538,0.0,,0.025538,0.027486,3,0,0
n_frq\set31\n_frq_5.py,n_frq,31,n_frq,5,2,5,5,0.5,0.5,0.7,0.6,1.0,0.5,48.299999,40,13,46.0,68.999999,23.6,1,1,1031,0,ilp_v3,optimal,1,72.119937,48.28169,1.493733,0.089667,0.0,,0.089667,0.096497,3,0,0
n_frq\set31\n_frq_5.py,n_frq,31,n_frq,5,2,5,5,0.5,0.5,0.7,0.6,1.0,0.5,48.299999,40,13,46.0,68.999999,23.6,1,1,1031,0,ilp_v4,optimal,1,77.557871,47.057369,1.648156,0.098089,0.0,,0.098089,0.127758,3,0,0
n_frq\set31\n_frq_5.py,n_frq,31,n_frq,5,2,5,5,0.5,0.5,0.7,0.6,1.0,0.5,48.299999,40,13,46.0,68.999999,23.6,1,1,1031,0,greedy_sps_baseline,solved,1,8.943873,48.244982,0.185385,0.002216,,,0.002216,0.003171,3,0,0
n_frq\set31\n_frq_8.py,n_frq,31,n_frq,8,2,5,8,0.5,0.5,0.7,0.6,1.0,0.5,48.300002,40,10,46.000002,69.000002,23.009092,1,1,1031,0,ilp_v2,optimal,1,73.629411,48.283441,1.524941,0.024919,0.0,,0.024919,0.026639,3,0,0
n_frq\set31\n_frq_8.py,n_frq,31,n_frq,8,2,5,8,0.5,0.5,0.7,0.6,1.0,0.5,48.300002,40,10,46.000002,69.000002,23.009092,1,1,1031,0,ilp_v3,optimal,1,76.935087,48.247841,1.594581,0.027191,0.0,,0.027191,0.02882,3,0,0
n_frq\set31\n_frq_8.py,n_frq,31,n_frq,8,2,5,8,0.5,0.5,0.7,0.6,1.0,0.5,48.300002,40,10,46.000002,69.000002,23.009092,1,1,1031,0,ilp_v4,optimal,1,77.038707,48.170893,1.599279,0.097753,0.0,,0.097753,0.10054,3,0,0
n_frq\set31\n_frq_8.py,n_frq,31,n_frq,8,2,5,8,0.5,0.5,0.7,0.6,1.0,0.5,48.300002,40,10,46.000002,69.000002,23.009092,1,1,1031,0,greedy_sps_baseline,solved,1,6.530628,48.23227,0.1354,0.002234,,,0.002234,0.002322,3,0,0
n_frq\set31\n_frq_12.py,n_frq,31,n_frq,12,2,5,12,0.5,0.5,0.7,0.6,1.0,0.5,48.300002,40,11,46.000001,69.000002,21.400001,1,1,1031,0,ilp_v2,optimal,1,67.742356,48.289063,1.402851,0.014266,0.0,,0.014266,0.015921,3,0,0
n_frq\set31\n_frq_12.py,n_frq,31,n_frq,12,2,5,12,0.5,0.5,0.7,0.6,1.0,0.5,48.300002,40,11,46.000001,69.000002,21.400001,1,1,1031,0,ilp_v3,optimal,1,62.368999,44.840512,1.390907,0.094401,0.0,,0.094401,0.100843,3,0,0
n_frq\set31\n_frq_12.py,n_frq,31,n_frq,12,2,5,12,0.5,0.5,0.7,0.6,1.0,0.5,48.300002,40,11,46.000001,69.000002,21.400001,1,1,1031,0,ilp_v4,optimal,1,63.881693,48.287008,1.322958,0.123715,0.0,,0.123715,0.12654,3,0,0
n_frq\set31\n_frq_12.py,n_frq,31,n_frq,12,2,5,12,0.5,0.5,0.7,0.6,1.0,0.5,48.300002,40,11,46.000001,69.000002,21.400001,1,1,1031,0,greedy_sps_baseline,solved,1,9.324839,48.269562,0.193183,0.001104,,,0.001104,0.001254,3,0,0
n_frq\set32\n_frq_2.py,n_frq,32,n_frq,2,2,5,2,0.5,0.5,0.7,0.6,1.0,0.5,48.300002,40,13,46.0,69.000002,24.4,1,1,1032,0,ilp_v2,optimal,1,68.080204,48.281403,1.410071,0.01389,0.0,,0.01389,0.015774,3,0,0
n_frq\set32\n_frq_2.py,n_frq,32,n_frq,2,2,5,2,0.5,0.5,0.7,0.6,1.0,0.5,48.300002,40,13,46.0,69.000002,24.4,1,1,1032,0,ilp_v3,optimal,1,53.672631,48.276495,1.111776,0.06005,0.0,,0.06005,0.061869,3,0,0
n_frq\set32\n_frq_2.py,n_frq,32,n_frq,2,2,5,2,0.5,0.5,0.7,0.6,1.0,0.5,48.300002,40,13,46.0,69.000002,24.4,1,1,1032,0,ilp_v4,optimal,1,67.833351,48.281083,1.404967,0.092045,0.0,,0.092045,0.107357,3,0,0
n_frq\set32\n_frq_2.py,n_frq,32,n_frq,2,2,5,2,0.5,0.5,0.7,0.6,1.0,0.5,48.300002,40,13,46.0,69.000002,24.4,1,1,1032,0,greedy_sps_baseline,solved,1,8.366657,48.212027,0.173539,0.001765,,,0.001765,0.001924,3,0,0
n_frq\set32\n_frq_3.py,n_frq,32,n_frq,3,2,5,3,0.5,0.5,0.7,0.6,1.0,0.5,48.300002,40,13,46.0,69.000002,24.4,1,1,1032,0,ilp_v2,optimal,1,73.438696,48.29609,1.520593,0.054032,0.0,,0.054032,0.059016,3,0,0
n_frq\set32\n_frq_3.py,n_frq,32,n_frq,3,2,5,3,0.5,0.5,0.7,0.6,1.0,0.5,48.300002,40,13,46.0,69.000002,24.4,1,1,1032,0,ilp_v3,optimal,1,57.170461,47.95251,1.192231,0.020305,0.0,,0.020305,0.021679,3,0,0
n_frq\set32\n_frq_3.py,n_frq,32,n_frq,3,2,5,3,0.5,0.5,0.7,0.6,1.0,0.5,48.300002,40,13,46.0,69.000002,24.4,1,1,1032,0,ilp_v4,optimal,1,73.01626,48.290647,1.512017,0.06507,0.0,,0.06507,0.070818,3,0,0
n_frq\set32\n_frq_3.py,n_frq,32,n_frq,3,2,5,3,0.5,0.5,0.7,0.6,1.0,0.5,48.300002,40,13,46.0,69.000002,24.4,1,1,1032,0,greedy_sps_baseline,solved,1,8.366657,48.212027,0.173539,0.001012,,,0.001012,0.001151,3,0,0
n_frq\set32\n_frq_5.py,n_frq,32,n_frq,5,2,5,5,0.5,0.5,0.7,0.6,1.0,0.5,48.299997,40,13,45.999997,68.999995,21.399998,1,1,1032,0,ilp_v2,optimal,1,53.191784,48.289296,1.101523,0.081109,0.0,,0.081109,0.089607,3,0,0
n_frq\set32\n_frq_5.py,n_frq,32,n_frq,5,2,5,5,0.5,0.5,0.7,0.6,1.0,0.5,48.299997,40,13,45.999997,68.999995,21.399998,1,1,1032,0,ilp_v3,optimal,1,53.24586,48.289817,1.102631,0.054849,9.5e-05,,0.054849,0.061327,3,0,0
n_frq\set32\n_frq_5.py,n_frq,32,n_frq,5,2,5,5,0.5,0.5,0.7,0.6,1.0,0.5,48.299997,40,13,45.999997,68.999995,21.399998,1,1,1032,0,ilp_v4,optimal,1,53.191784,48.289296,1.101523,0.138428,0.0,,0.138428,0.146974,3,0,0
n_frq\set32\n_frq_5.py,n_frq,32,n_frq,5,2,5,5,0.5,0.5,0.7,0.6,1.0,0.5,48.299997,40,13,45.999997,68.999995,21.399998,1,1,1032,0,greedy_sps_baseline,solved,1,7.137424,48.276418,0.147845,0.001034,,,0.001034,0.002048,3,0,0
n_frq\set32\n_frq_8.py,n_frq,32,n_frq,8,2,5,8,0.5,0.5,0.7,0.6,1.0,0.5,48.299998,40,12,46.0,68.999998,21.4,1,1,1032,0,ilp_v2,optimal,1,48.897255,48.213881,1.014174,0.044324,0.0,,0.044324,0.047361,3,0,0
n_frq\set32\n_frq_8.py,n_frq,32,n_frq,8,2,5,8,0.5,0.5,0.7,0.6,1.0,0.5,48.299998,40,12,46.0,68.999998,21.4,1,1,1032,0,ilp_v3,optimal,1,40.746565,48.256548,0.844374,0.048343,0.0,,0.048343,0.051543,3,0,0
n_frq\set32\n_frq_8.py,n_frq,32,n_frq,8,2,5,8,0.5,0.5,0.7,0.6,1.0,0.5,48.299998,40,12,46.0,68.999998,21.4,1,1,1032,0,ilp_v4,optimal,1,48.088078,48.095203,0.999852,0.090913,0.0,,0.090913,0.092951,3,0,0
n_frq\set32\n_frq_8.py,n_frq,32,n_frq,8,2,5,8,0.5,0.5,0.7,0.6,1.0,0.5,48.299998,40,12,46.0,68.999998,21.4,1,1,1032,0,greedy_sps_baseline,solved,1,6.933531,48.265086,0.143655,0.002222,,,0.002222,0.002351,3,0,0
n_frq\set32\n_frq_12.py,n_frq,32,n_frq,12,2,5,12,0.5,0.5,0.7,0.6,1.0,0.5,48.300001,40,15,46.000001,69.000001,21.400001,1,1,1032,0,ilp_v2,optimal,1,36.485638,46.549266,0.783807,0.029895,0.0,,0.029895,0.036426,3,0,0
n_frq\set32\n_frq_12.py,n_frq,32,n_frq,12,2,5,12,0.5,0.5,0.7,0.6,1.0,0.5,48.300001,40,15,46.000001,69.000001,21.400001,1,1,1032,0,ilp_v3,optimal,1,36.485638,42.447844,0.85954,0.242128,0.0,,0.242128,0.26313,3,0,0
n_frq\set32\n_frq_12.py,n_frq,32,n_frq,12,2,5,12,0.5,0.5,0.7,0.6,1.0,0.5,48.300001,40,15,46.000001,69.000001,21.400001,1,1,1032,0,ilp_v4,optimal,1,42.464108,47.847924,0.887481,0.176458,0.0,,0.176458,0.204555,3,0,0
n_frq\set32\n_frq_12.py,n_frq,32,n_frq,12,2,5,12,0.5,0.5,0.7,0.6,1.0,0.5,48.300001,40,15,46.000001,69.000001,21.400001,1,1,1032,0,greedy_sps_baseline,solved,1,8.140875,48.287068,0.168593,0.003158,,,0.003158,0.003452,3,0,0
n_frq\set33\n_frq_2.py,n_frq,33,n_frq,2,2,5,2,0.5,0.5,0.7,0.6,1.0,0.5,48.300002,40,13,46.000001,69.000003,21.433334,1,1,1033,0,ilp_v2,optimal,1,37.667063,48.297442,0.779898,0.110903,0.0,,0.110903,0.117742,3,0,0
n_frq\set33\n_frq_2.py,n_frq,33,n_frq,2,2,5,2,0.5,0.5,0.7,0.6,1.0,0.5,48.300002,40,13,46.000001,69.000003,21.433334,1,1,1033,0,ilp_v3,optimal,1,39.914527,48.201894,0.82807,0.051978,0.0,,0.051978,0.053704,3,0,0
n_frq\set33\n_frq_2.py,n_frq,33,n_frq,2,2,5,2,0.5,0.5,0.7,0.6,1.0,0.5,48.300002,40,13,46.000001,69.000003,21.433334,1,1,1033,0,ilp_v4,optimal,1,41.124738,48.293241,0.851563,0.150505,0.0,,0.150505,0.157366,3,0,0
n_frq\set33\n_frq_2.py,n_frq,33,n_frq,2,2,5,2,0.5,0.5,0.7,0.6,1.0,0.5,48.300002,40,13,46.000001,69.000003,21.433334,1,1,1033,0,greedy_sps_baseline,solved,1,7.743134,48.29921,0.160316,0.003887,,,0.003887,0.004007,3,0,0
n_frq\set33\n_frq_3.py,n_frq,33,n_frq,3,2,5,3,0.5,0.5,0.7,0.6,1.0,0.5,48.300002,40,13,46.000001,69.000003,21.433334,1,1,1033,0,ilp_v2,optimal,1,55.608892,48.106598,1.155951,0.022856,0.0,,0.022856,0.024552,3,0,0
n_frq\set33\n_frq_3.py,n_frq,33,n_frq,3,2,5,3,0.5,0.5,0.7,0.6,1.0,0.5,48.300002,40,13,46.000001,69.000003,21.433334,1,1,1033,0,ilp_v3,optimal,1,50.673018,48.279418,1.049578,0.187358,0.0,,0.187358,0.199155,3,0,0
n_frq\set33\n_frq_3.py,n_frq,33,n_frq,3,2,5,3,0.5,0.5,0.7,0.6,1.0,0.5,48.300002,40,13,46.000001,69.000003,21.433334,1,1,1033,0,ilp_v4,optimal,1,57.650984,48.294936,1.193727,0.076315,5.8e-05,,0.076315,0.079954,3,0,0
n_frq\set33\n_frq_3.py,n_frq,33,n_frq,3,2,5,3,0.5,0.5,0.7,0.6,1.0,0.5,48.300002,40,13,46.000001,69.000003,21.433334,1,1,1033,0,greedy_sps_baseline,solved,1,7.743134,48.29921,0.160316,0.003793,,,0.003793,0.004364,3,0,0
n_frq\set33\n_frq_5.py,n_frq,33,n_frq,5,2,5,5,0.5,0.5,0.7,0.6,1.0,0.5,48.300006,40,12,46.000002,69.000008,21.433334,1,1,1033,0,ilp_v2,optimal,1,35.29799,43.021177,0.820479,0.012674,0.0,,0.012674,0.015625,3,0,0
n_frq\set33\n_frq_5.py,n_frq,33,n_frq,5,2,5,5,0.5,0.5,0.7,0.6,1.0,0.5,48.300006,40,12,46.000002,69.000008,21.433334,1,1,1033,0,ilp_v3,optimal,1,35.29799,43.021177,0.820479,0.009661,0.0,,0.009661,0.012722,3,0,0
n_frq\set33\n_frq_5.py,n_frq,33,n_frq,5,2,5,5,0.5,0.5,0.7,0.6,1.0,0.5,48.300006,40,12,46.000002,69.000008,21.433334,1,1,1033,0,ilp_v4,optimal,1,38.271973,48.267468,0.792914,0.045117,0.0,,0.045117,0.052552,3,0,0
n_frq\set33\n_frq_5.py,n_frq,33,n_frq,5,2,5,5,0.5,0.5,0.7,0.6,1.0,0.5,48.300006,40,12,46.000002,69.000008,21.433334,1,1,1033,0,greedy_sps_baseline,solved,1,6.632025,48.281371,0.137362,0.001237,,,0.001237,0.001541,3,0,0
n_frq\set33\n_frq_8.py,n_frq,33,n_frq,8,2,5,8,0.5,0.5,0.7,0.6,1.0,0.5,48.300006,40,11,46.000005,69.000009,21.433335,1,1,1033,0,ilp_v2,optimal,1,63.449524,48.093423,1.319297,0.031459,0.0,,0.031459,0.047272,3,0,0
n_frq\set33\n_frq_8.py,n_frq,33,n_frq,8,2,5,8,0.5,0.5,0.7,0.6,1.0,0.5,48.300006,40,11,46.000005,69.000009,21.433335,1,1,1033,0,ilp_v3,optimal,1,51.922189,48.233633,1.076473,0.062443,0.0,,0.062443,0.063441,3,0,0
n_frq\set33\n_frq_8.py,n_frq,33,n_frq,8,2,5,8,0.5,0.5,0.7,0.6,1.0,0.5,48.300006,40,11,46.000005,69.000009,21.433335,1,1,1033,0,ilp_v4,optimal,1,64.924396,48.162912,1.348016,0.063379,0.0,,0.063379,0.086929,3,0,0
n_frq\set33\n_frq_8.py,n_frq,33,n_frq,8,2,5,8,0.5,0.5,0.7,0.6,1.0,0.5,48.300006,40,11,46.000005,69.000009,21.433335,1,1,1033,0,greedy_sps_baseline,solved,1,8.367055,48.036043,0.174183,0.001324,,,0.001324,0.001564,3,0,0
n_frq\set33\n_frq_12.py,n_frq,33,n_frq,12,2,5,12,0.5,0.5,0.7,0.6,1.0,0.5,48.300003,40,15,46.0,69.000005,21.433333,1,1,1033,0,ilp_v2,optimal,1,55.143003,47.958816,1.149799,0.035627,0.0,,0.035627,0.046854,3,0,0
n_frq\set33\n_frq_12.py,n_frq,33,n_frq,12,2,5,12,0.5,0.5,0.7,0.6,1.0,0.5,48.300003,40,15,46.0,69.000005,21.433333,1,1,1033,0,ilp_v3,optimal,1,55.143003,47.958816,1.149799,0.042839,0.0,,0.042839,0.048132,3,0,0
n_frq\set33\n_frq_12.py,n_frq,33,n_frq,12,2,5,12,0.5,0.5,0.7,0.6,1.0,0.5,48.300003,40,15,46.0,69.000005,21.433333,1,1,1033,0,ilp_v4,optimal,1,55.143003,47.958816,1.149799,0.134829,0.0,,0.134829,0.13547,3,0,0
n_frq\set33\n_frq_12.py,n_frq,33,n_frq,12,2,5,12,0.5,0.5,0.7,0.6,1.0,0.5,48.300003,40,15,46.0,69.000005,21.433333,1,1,1033,0,greedy_sps_baseline,solved,1,6.174957,48.293026,0.127864,0.004944,,,0.004944,0.005126,3,0,0
n_frq\set34\n_frq_2.py,n_frq,34,n_frq,2,2,5,2,0.5,0.5,0.7,0.6,1.0,0.5,48.299996,40,15,45.999998,68.999994,23.599999,1,1,1034,0,ilp_v2,optimal,1,18.078178,48.282683,0.374424,0.011801,0.0,,0.011801,0.013489,3,0,0
n_frq\set34\n_frq_2.py,n_frq,34,n_frq,2,2,5,2,0.5,0.5,0.7,0.6,1.0,0.5,48.299996,40,15,45.999998,68.999994,23.599999,1,1,1034,0,ilp_v3,optimal,1,19.759646,47.964782,0.411962,0.022654,0.0,,0.022654,0.023218,3,0,0
n_frq\set34\n_frq_2.py,n_frq,34,n_frq,2,2,5,2,0.5,0.5,0.7,0.6,1.0,0.5,48.299996,40,15,45.999998,68.999994,23.599999,1,1,1034,0,ilp_v4,optimal,1,19.234992,48.291039,0.398314,0.176537,0.0,,0.176537,0.196679,3,0,0
n_frq\set34\n_frq_2.py,n_frq,34,n_frq,2,2,5,2,0.5,0.5,0.7,0.6,1.0,0.5,48.299996,40,15,45.999998,68.999994,23.599999,1,1,1034,0,greedy_sps_baseline,solved,1,5.17504,48.13868,0.107503,0.001241,,,0.001241,0.001667,3,0,0
n_frq\set34\n_frq_3.py,n_frq,34,n_frq,3,2,5,3,0.5,0.5,0.7,0.6,1.0,0.5,48.299996,40,15,45.999998,68.999994,23.599999,1,1,1034,0,ilp_v2,optimal,1,38.173733,48.253577,0.791107,0.057504,0.0,,0.057504,0.058632,3,0,0
n_frq\set34\n_frq_3.py,n_frq,34,n_frq,3,2,5,3,0.5,0.5,0.7,0.6,1.0,0.5,48.299996,40,15,45.999998,68.999994,23.599999,1,1,1034,0,ilp_v3,optimal,1,42.708513,48.299356,0.884246,0.03385,4.2e-05,,0.03385,0.036039,3,0,0
n_frq\set34\n_frq_3.py,n_frq,34,n_frq,3,2,5,3,0.5,0.5,0.7,0.6,1.0,0.5,48.299996,40,15,45.999998,68.999994,23.599999,1,1,1034,0,ilp_v4,optimal,1,42.708513,48.299356,0.884246,0.175523,4.2e-05,,0.175523,0.182124,3,0,0
n_frq\set34\n_frq_3.py,n_frq,34,n_frq,3,2,5,3,0.5,0.5,0.7,0.6,1.0,0.5,48.299996,40,15,45.999998,68.999994,23.599999,1,1,1034,0,greedy_sps_baseline,solved,1,5.17504,48.13868,0.107503,0.00204,,,0.00204,0.002184,3,0,0
n_frq\set34\n_frq_5.py,n_frq,34,n_frq,5,2,5,5,0.5,0.5,0.7,0.6,1.0,0.5,48.3,40,13,45.999997,69.0,22.042855,1,1,1034,0,ilp_v2,optimal,1,77.64771,48.201727,1.610891,0.027145,0.0,,0.027145,0.028775,3,0,0
n_frq\set34\n_frq_5.py,n_frq,34,n_frq,5,2,5,5,0.5,0.5,0.7,0.6,1.0,0.5,48.3,40,13,45.999997,69.0,22.042855,1,1,1034,0,ilp_v3,optimal,1,78.593587,48.28633,1.627657,0.045889,0.0,,0.045889,0.047114,3,0,0
n_frq\set34\n_frq_5.py,n_frq,34,n_frq,5,2,5,5,0.5,0.5,0.7,0.6,1.0,0.5,48.3,40,13,45.999997,69.0,22.042855,1,1,1034,0,ilp_v4,optimal,1,80.721511,48.279083,1.671977,0.130133,0.0,,0.130133,0.136326,3,0,0
n_frq\set34\n_frq_5.py,n_frq,34,n_frq,5,2,5,5,0.5,0.5,0.7,0.6,1.0,0.5,48.3,40,13,45.999997,69.0,22.042855,1,1,1034,0,greedy_sps_baseline,solved,1,7.954432,48.240152,0.164892,0.001892,,,0.001892,0.001997,3,0,0
n_frq\set34\n_frq_8.py,n_frq,34,n_frq,8,2,5,8,0.5,0.5,0.7,0.6,1.0,0.5,48.299999,40,13,46.000001,68.999999,22.042858,1,1,1034,0,ilp_v2,optimal,1,81.946244,48.22567,1.699225,0.019537,0.0,,0.019537,0.020322,3,0,0
n_frq\set34\n_frq_8.py,n_frq,34,n_frq,8,2,5,8,0.5,0.5,0.7,0.6,1.0,0.5,48.299999,40,13,46.000001,68.999999,22.042858,1,1,1034,0,ilp_v3,optimal,1,77.373489,48.292046,1.602199,0.062167,0.0,,0.062167,0.066097,3,0,0
n_frq\set34\n_frq_8.py,n_frq,34,n_frq,8,2,5,8,0.5,0.5,0.7,0.6,1.0,0.5,48.299999,40,13,46.000001,68.999999,22.042858,1,1,1034,0,ilp_v4,optimal,1,81.946244,47.43701,1.727475,0.12131,0.0,,0.12131,0.131153,3,0,0
n_frq\set34\n_frq_8.py,n_frq,34,n_frq,8,2,5,8,0.5,0.5,0.7,0.6,1.0,0.5,48.299999,40,13,46.000001,68.999999,22.042858,1,1,1034,0,greedy_sps_baseline,solved,1,9.634247,48.275709,0.199567,0.001007,,,0.001007,0.001098,3,0,0
n_frq\set34\n_frq_12.py,n_frq,34,n_frq,12,2,5,12,0.5,0.5,0.7,0.6,1.0,0.5,48.300003,40,13,46.000002,69.000005,21.433334,1,1,1034,0,ilp_v2,optimal,1,87.316095,48.267382,1.809008,0.026937,0.0,,0.026937,0.028435,3,0,0
n_frq\set34\n_frq_12.py,n_frq,34,n_frq,12,2,5,12,0.5,0.5,0.7,0.6,1.0,0.5,48.300003,40,13,46.000002,69.000005,21.433334,1,1,1034,0,ilp_v3,optimal,1,67.327411,48.218502,1.396298,0.09212,0.0,,0.09212,0.103094,3,0,0
n_frq\set34\n_frq_12.py,n_frq,34,n_frq,12,2,5,12,0.5,0.5,0.7,0.6,1.0,0.5,48.300003,40,13,46.000002,69.000005,21.433334,1,1,1034,0,ilp_v4,optimal,1,87.316095,48.267382,1.809008,0.069136,0.0,,0.069136,0.080755,3,0,0
n_frq\set34\n_frq_12.py,n_frq,34,n_frq,12,2,5,12,0.5,0.5,0.7,0.6,1.0,0.5,48.300003,40,13,46.000002,69.000005,21.433334,1,1,1034,0,greedy_sps_baseline,solved,1,8.103656,48.278155,0.167853,0.001465,,,0.001465,0.001624,3,0,0
n_frq\set35\n_frq_2.py,n_frq,35,n_frq,2,2,5,2,0.5,0.5,0.7,0.6,1.0,0.5,48.299998,40,13,45.999997,68.999998,33.099998,1,1,1035,0,ilp_v2,optimal,1,84.616292,48.290681,1.752228,0.012836,0.0,,0.012836,0.013412,3,0,0
n_frq\set35\n_frq_2.py,n_frq,35,n_frq,2,2,5,2,0.5,0.5,0.7,0.6,1.0,0.5,48.299998,40,13,45.999997,68.999998,33.099998,1,1,1035,0,ilp_v3,optimal,1,71.146534,48.294132,1.473192,0.036273,0.0,,0.036273,0.039882,3,0,0
n_frq\set35\n_frq_2.py,n_frq,35,n_frq,2,2,5,2,0.5,0.5,0.7,0.6,1.0,0.5,48.299998,40,13,45.999997,68.999998,33.099998,1,1,1035,0,ilp_v4,optimal,1,84.616292,48.290681,1.752228,0.076641,0.0,,0.076641,0.079472,3,0,0
n_frq\set35\n_frq_2.py,n_frq,35,n_frq,2,2,5,2,0.5,0.5,0.7,0.6,1.0,0.5,48.299998,40,13,45.999997,68.999998,33.099998,1,1,1035,0,greedy_sps_baseline,solved,1,8.213546,47.979282,0.171189,0.002583,,,0.002583,0.002674,3,0,0
n_frq\set35\n_frq_3.py,n_frq,35,n_frq,3,2,5,3,0.5,0.5,0.7,0.6,1.0,0.5,48.299998,40,13,45.999997,68.999998,33.099998,1,1,1035,0,ilp_v2,optimal,1,84.616292,48.290681,1.752228,0.010447,0.0,,0.010447,0.014284,3,0,0
n_frq\set35\n_frq_3.py,n_frq,35,n_frq,3,2,5,3,0.5,0.5,0.7,0.6,1.0,0.5,48.299998,40,13,45.999997,68.999998,33.099998,1,1,1035,0,ilp_v3,optimal,1,72.718572,48.000587,1.514952,0.021374,0.0,,0.021374,0.031106,3,0,0
n_frq\set35\n_frq_3.py,n_frq,35,n_frq,3,2,5,3,0.5,0.5,0.7,0.6,1.0,0.5,48.299998,40,13,45.999997,68.999998,33.099998,1,1,1035,0,ilp_v4,optimal,1,84.616292,48.290681,1.752228,0.091409,0.0,,0.091409,0.094877,3,0,0
n_frq\set35\n_frq_3.py,n_frq,35,n_frq,3,2,5,3,0.5,0.5,0.7,0.6,1.0,0.5,48.299998,40,13,45.999997,68.999998,33.099998,1,1,1035,0,greedy_sps_baseline,solved,1,8.213546,47.979282,0.171189,0.002546,,,0.002546,0.002678,3,0,0
n_frq\set35\n_frq_5.py,n_frq,35,n_frq,5,2,5,5,0.5,0.5,0.7,0.6,1.0,0.5,48.300001,40,15,46.000001,69.000001,21.400001,1,1,1035,0,ilp_v2,optimal,1,57.070874,48.244612,1.182948,0.09372,0.0,,0.09372,0.098232,3,0,0
n_frq\set35\n_frq_5.py,n_frq,35,n_frq,5,2,5,5,0.5,0.5,0.7,0.6,1.0,0.5,48.300001,40,15,46.000001,69.000001,21.400001,1,1,1035,0,ilp_v3,optimal,1,54.434874,47.758535,1.139794,0.018008,0.0,,0.018008,0.019528,3,0,0
n_frq\set35\n_frq_5.py,n_frq,35,n_frq,5,2,5,5,0.5,0.5,0.7,0.6,1.0,0.5,48.300001,40,15,46.000001,69.000001,21.400001,1,1,1035,0,ilp_v4,optimal,1,60.629196,48.279357,1.2558,0.091269,0.0,,0.091269,0.093199,3,0,0
n_frq\set35\n_frq_5.py,n_frq,35,n_frq,5,2,5,5,0.5,0.5,0.7,0.6,1.0,0.5,48.300001,40,15,46.000001,69.000001,21.400001,1,1,1035,0,greedy_sps_baseline,solved,1,9.469521,48.279193,0.196141,0.003427,,,0.003427,0.003689,3,0,0
n_frq\set35\n_frq_8.py,n_frq,35,n_frq,8,2,5,8,0.5,0.5,0.7,0.6,1.0,0.5,48.299998,40,13,45.999998,68.999997,21.399999,1,1,1035,0,ilp_v2,optimal,1,54.561334,48.297823,1.129685,0.069967,0.0,,0.069967,0.074597,3,0,0
n_frq\set35\n_frq_8.py,n_frq,35,n_frq,8,2,5,8,0.5,0.5,0.7,0.6,1.0,0.5,48.299998,40,13,45.999998,68.999997,21.399999,1,1,1035,0,ilp_v3,optimal,1,55.955269,47.999591,1.165745,0.137432,0.0,,0.137432,0.149444,3,0,0
n_frq\set35\n_frq_8.py,n_frq,35,n_frq,8,2,5,8,0.5,0.5,0.7,0.6,1.0,0.5,48.299998,40,13,45.999998,68.999997,21.399999,1,1,1035,0,ilp_v4,optimal,1,56.620547,47.982443,1.180026,0.081065,0.0,,0.081065,0.114912,3,0,0
n_frq\set35\n_frq_8.py,n_frq,35,n_frq,8,2,5,8,0.5,0.5,0.7,0.6,1.0,0.5,48.299998,40,13,45.999998,68.999997,21.399999,1,1,1035,0,greedy_sps_baseline,solved,1,8.405505,48.039093,0.174972,0.001392,,,0.001392,0.002994,3,0,0
n_frq\set35\n_frq_12.py,n_frq,35,n_frq,12,2,5,12,0.5,0.5,0.7,0.6,1.0,0.5,48.299999,40,15,46.000001,68.999999,21.400001,1,1,1035,0,ilp_v2,optimal,1,52.89658,48.109045,1.099514,0.130177,0.0,,0.130177,0.153538,3,0,0
n_frq\set35\n_frq_12.py,n_frq,35,n_frq,12,2,5,12,0.5,0.5,0.7,0.6,1.0,0.5,48.299999,40,15,46.000001,68.999999,21.400001,1,1,1035,0,ilp_v3,optimal,1,55.246584,48.273215,1.144456,0.055317,0.0,,0.055317,0.068658,3,0,0
n_frq\set35\n_frq_12.py,n_frq,35,n_frq,12,2,5,12,0.5,0.5,0.7,0.6,1.0,0.5,48.299999,40,15,46.000001,68.999999,21.400001,1,1,1035,0,ilp_v4,optimal,1,56.098377,47.723151,1.175496,0.132614,0.0,,0.132614,0.169957,3,0,0
n_frq\set35\n_frq_12.py,n_frq,35,n_frq,12,2,5,12,0.5,0.5,0.7,0.6,1.0,0.5,48.299999,40,15,46.000001,68.999999,21.400001,1,1,1035,0,greedy_sps_baseline,solved,1,9.27343,48.214897,0.192335,0.001411,,,0.001411,0.001702,3,0,0
n_frq\set36\n_frq_2.py,n_frq,36,n_frq,2,2,5,2,0.5,0.5,0.7,0.6,1.0,0.5,48.299994,40,12,45.999999,68.999992,24.399999,1,1,1036,0,ilp_v2,optimal,1,66.107374,48.284353,1.369126,0.061818,0.0,,0.061818,0.065652,3,0,0
n_frq\set36\n_frq_2.py,n_frq,36,n_frq,2,2,5,2,0.5,0.5,0.7,0.6,1.0,0.5,48.299994,40,12,45.999999,68.999992,24.399999,1,1,1036,0,ilp_v3,optimal,1,70.906201,48.217029,1.470563,0.027129,0.0,,0.027129,0.030648,3,0,0
n_frq\set36\n_frq_2.py,n_frq,36,n_frq,2,2,5,2,0.5,0.5,0.7,0.6,1.0,0.5,48.299994,40,12,45.999999,68.999992,24.399999,1,1,1036,0,ilp_v4,optimal,1,69.522755,48.286234,1.439805,0.068983,0.0,,0.068983,0.079985,3,0,0
n_frq\set36\n_frq_2.py,n_frq,36,n_frq,2,2,5,2,0.5,0.5,0.7,0.6,1.0,0.5,48.299994,40,12,45.999999,68.999992,24.399999,1,1,1036,0,greedy_sps_baseline,solved,1,8.546009,48.155762,0.177466,0.000717,,,0.000717,0.00086,3,0,0
n_frq\set36\n_frq_3.py,n_frq,36,n_frq,3,2,5,3,0.5,0.5,0.7,0.6,1.0,0.5,48.299994,40,12,45.999999,68.999992,24.399999,1,1,1036,0,ilp_v2,optimal,1,71.229121,48.234657,1.476721,0.008358,0.0,,0.008358,0.010889,3,0,0
n_frq\set36\n_frq_3.py,n_frq,36,n_frq,3,2,5,3,0.5,0.5,0.7,0.6,1.0,0.5,48.299994,40,12,45.999999,68.999992,24.399999,1,1,1036,0,ilp_v3,optimal,1,74.42803,48.102946,1.547266,0.020261,0.0,,0.020261,0.021967,3,0,0
n_frq\set36\n_frq_3.py,n_frq,36,n_frq,3,2,5,3,0.5,0.5,0.7,0.6,1.0,0.5,48.299994,40,12,45.999999,68.999992,24.399999,1,1,1036,0,ilp_v4,optimal,1,73.61014,47.988475,1.533913,0.113351,0.0,,0.113351,0.121001,3,0,0
n_frq\set36\n_frq_3.py,n_frq,36,n_frq,3,2,5,3,0.5,0.5,0.7,0.6,1.0,0.5,48.299994,40,12,45.999999,68.999992,24.399999,1,1,1036,0,greedy_sps_baseline,solved,1,8.546009,48.155762,0.177466,0.001313,,,0.001313,0.00142,3,0,0
n_frq\set36\n_frq_5.py,n_frq,36,n_frq,5,2,5,5,0.5,0.5,0.7,0.6,1.0,0.5,48.299998,40,15,46.000002,68.999997,22.042858,1,1,1036,0,ilp_v2,optimal,1,61.031712,48.185041,1.266611,0.03405,0.0,,0.03405,0.036996,3,0,0
n_frq\set36\n_frq_5.py,n_frq,36,n_frq,5,2,5,5,0.5,0.5,0.7,0.6,1.0,0.5,48.299998,40,15,46.000002,68.999997,22.042858,1,1,1036,0,ilp_v3,optimal,1,61.031712,47.913752,1.273783,0.021713,0.0,,0.021713,0.023455,3,0,0
n_frq\set36\n_frq_5.py,n_frq,36,n_frq,5,2,5,5,0.5,0.5,0.7,0.6,1.0,0.5,48.299998,40,15,46.000002,68.999997,22.042858,1,1,1036,0,ilp_v4,optimal,1,60.390691,47.98863,1.258437,0.136746,0.0,,0.136746,0.142366,3,0,0
n_frq\set36\n_frq_5.py,n_frq,36,n_frq,5,2,5,5,0.5,0.5,0.7,0.6,1.0,0.5,48.299998,40,15,46.000002,68.999997,22.042858,1,1,1036,0,greedy_sps_baseline,solved,1,7.552691,48.207722,0.15667,0.00203,,,0.00203,0.002335,3,0,0
n_frq\set36\n_frq_8.py,n_frq,36,n_frq,8,2,5,8,0.5,0.5,0.7,0.6,1.0,0.5,48.300002,40,13,46.000001,69.000002,22.042858,1,1,1036,0,ilp_v2,optimal,1,52.744651,48.225665,1.093705,0.300063,0.0,,0.300063,0.329495,3,0,0
n_frq\set36\n_frq_8.py,n_frq,36,n_frq,8,2,5,8,0.5,0.5,0.7,0.6,1.0,0.5,48.300002,40,13,46.000001,69.000002,22.042858,1,1,1036,0,ilp_v3,optimal,1,58.719619,47.954286,1.224492,0.044008,0.0,,0.044008,0.046681,3,0,0
n_frq\set36\n_frq_8.py,n_frq,36,n_frq,8,2,5,8,0.5,0.5,0.7,0.6,1.0,0.5,48.300002,40,13,46.000001,69.000002,22.042858,1,1,1036,0,ilp_v4,optimal,1,59.615511,48.212332,1.23652,0.103702,0.0,,0.103702,0.106905,3,0,0
n_frq\set36\n_frq_8.py,n_frq,36,n_frq,8,2,5,8,0.5,0.5,0.7,0.6,1.0,0.5,48.300002,40,13,46.000001,69.000002,22.042858,1,1,1036,0,greedy_sps_baseline,solved,1,8.444494,48.201636,0.175191,0.001498,,,0.001498,0.001671,3,0,0
n_frq\set36\n_frq_12.py,n_frq,36,n_frq,12,2,5,12,0.5,0.5,0.7,0.6,1.0,0.5,48.299996,40,10,46.000001,68.999994,21.400001,1,1,1036,0,ilp_v2,optimal,1,39.358687,48.275576,0.815292,0.017089,0.0,,0.017089,0.017944,3,0,0
n_frq\set36\n_frq_12.py,n_frq,36,n_frq,12,2,5,12,0.5,0.5,0.7,0.6,1.0,0.5,48.299996,40,10,46.000001,68.999994,21.400001,1,1,1036,0,ilp_v3,optimal,1,38.950148,48.292229,0.806551,0.035798,9.3e-05,,0.035798,0.040845,3,0,0
n_frq\set36\n_frq_12.py,n_frq,36,n_frq,12,2,5,12,0.5,0.5,0.7,0.6,1.0,0.5,48.299996,40,10,46.000001,68.999994,21.400001,1,1,1036,0,ilp_v4,optimal,1,39.358687,48.275576,0.815292,0.036596,0.0,,0.036596,0.038991,3,0,0
n_frq\set36\n_frq_12.py,n_frq,36,n_frq,12,2,5,12,0.5,0.5,0.7,0.6,1.0,0.5,48.299996,40,10,46.000001,68.999994,21.400001,1,1,1036,0,greedy_sps_baseline,solved,1,5.551893,48.266242,0.115026,0.000735,,,0.000735,0.001141,3,0,0
n_frq\set37\n_frq_2.py,n_frq,37,n_frq,2,2,5,2,0.5,0.5,0.7,0.6,1.0,0.5,48.299999,40,12,46.0,68.999999,22.042857,1,1,1037,0,ilp_v2,optimal,1,14.765278,48.252593,0.306,0.040593,0.0,,0.040593,0.046952,3,0,0
n_frq\set37\n_frq_2.py,n_frq,37,n_frq,2,2,5,2,0.5,0.5,0.7,0.6,1.0,0.5,48.299999,40,12,46.0,68.999999,22.042857,1,1,1037,0,ilp_v3,optimal,1,21.042484,47.954843,0.438798,0.025428,0.0,,0.025428,0.033397,3,0,0
n_frq\set37\n_frq_2.py,n_frq,37,n_frq,2,2,5,2,0.5,0.5,0.7,0.6,1.0,0.5,48.299999,40,12,46.0,68.999999,22.042857,1,1,1037,0,ilp_v4,optimal,1,19.550344,48.163335,0.405918,0.048727,0.0,,0.048727,0.073133,3,0,0
n_frq\set37\n_frq_2.py,n_frq,37,n_frq,2,2,5,2,0.5,0.5,0.7,0.6,1.0,0.5,48.299999,40,12,46.0,68.999999,22.042857,1,1,1037,0,greedy_sps_baseline,solved,1,8.814172,48.272467,0.182592,0.001058,,,0.001058,0.001517,3,0,0
n_frq\set37\n_frq_3.py,n_frq,37,n_frq,3,2,5,3,0.5,0.5,0.7,0.6,1.0,0.5,48.299999,40,12,46.0,68.999999,22.042857,1,1,1037,0,ilp_v2,optimal,1,32.711941,47.199953,0.69305,0.005532,0.0,,0.005532,0.007957,3,0,0
n_frq\set37\n_frq_3.py,n_frq,37,n_frq,3,2,5,3,0.5,0.5,0.7,0.6,1.0,0.5,48.299999,40,12,46.0,68.999999,22.042857,1,1,1037,0,ilp_v3,optimal,1,27.750254,48.223799,0.575447,0.014836,0.0,,0.014836,0.015891,3,0,0
n_frq\set37\n_frq_3.py,n_frq,37,n_frq,3,2,5,3,0.5,0.5,0.7,0.6,1.0,0.5,48.299999,40,12,46.0,68.999999,22.042857,1,1,1037,0,ilp_v4,optimal,1,34.310181,48.288354,0.710527,0.061603,0.0,,0.061603,0.07297,3,0,0
n_frq\set37\n_frq_3.py,n_frq,37,n_frq,3,2,5,3,0.5,0.5,0.7,0.6,1.0,0.5,48.299999,40,12,46.0,68.999999,22.042857,1,1,1037,0,greedy_sps_baseline,solved,1,8.814172,48.272467,0.182592,0.001139,,,0.001139,0.001371,3,0,0
n_frq\set37\n_frq_5.py,n_frq,37,n_frq,5,2,5,5,0.5,0.5,0.7,0.6,1.0,0.5,48.299998,40,15,46.000001,68.999998,22.042858,1,1,1037,0,ilp_v2,optimal,1,39.230459,48.299101,0.81224,0.152603,0.0,,0.152603,0.158284,3,0,0
n_frq\set37\n_frq_5.py,n_frq,37,n_frq,5,2,5,5,0.5,0.5,0.7,0.6,1.0,0.5,48.299998,40,15,46.000001,68.999998,22.042858,1,1,1037,0,ilp_v3,optimal,1,38.339285,48.16334,0.796026,0.021528,0.0,,0.021528,0.022725,3,0,0
n_frq\set37\n_frq_5.py,n_frq,37,n_frq,5,2,5,5,0.5,0.5,0.7,0.6,1.0,0.5,48.299998,40,15,46.000001,68.999998,22.042858,1,1,1037,0,ilp_v4,optimal,1,39.230459,48.299101,0.81224,0.201516,0.0,,0.201516,0.205249,3,0,0
n_frq\set37\n_frq_5.py,n_frq,37,n_frq,5,2,5,5,0.5,0.5,0.7,0.6,1.0,0.5,48.299998,40,15,46.000001,68.999998,22.042858,1,1,1037,0,greedy_sps_baseline,solved,1,8.933355,48.29999,0.184956,0.005607,,,0.005607,0.005979,3,0,0
n_frq\set37\n_frq_8.py,n_frq,37,n_frq,8,2,5,8,0.5,0.5,0.7,0.6,1.0,0.5,48.299998,40,10,45.999999,68.999998,22.042857,1,1,1037,0,ilp_v2,optimal,1,63.188791,47.18458,1.339183,0.02516,0.0,,0.02516,0.026966,3,0,0
n_frq\set37\n_frq_8.py,n_frq,37,n_frq,8,2,5,8,0.5,0.5,0.7,0.6,1.0,0.5,48.299998,40,10,45.999999,68.999998,22.042857,1,1,1037,0,ilp_v3,optimal,1,55.025443,48.23777,1.140713,0.074702,0.0,,0.074702,0.079482,3,0,0
n_frq\set37\n_frq_8.py,n_frq,37,n_frq,8,2,5,8,0.5,0.5,0.7,0.6,1.0,0.5,48.299998,40,10,45.999999,68.999998,22.042857,1,1,1037,0,ilp_v4,optimal,1,63.188791,47.18458,1.339183,0.053573,0.0,,0.053573,0.056782,3,0,0
n_frq\set37\n_frq_8.py,n_frq,37,n_frq,8,2,5,8,0.5,0.5,0.7,0.6,1.0,0.5,48.299998,40,10,45.999999,68.999998,22.042857,1,1,1037,0,greedy_sps_baseline,solved,1,7.316905,48.292316,0.151513,0.001218,,,0.001218,0.001385,3,0,0
n_frq\set37\n_frq_12.py,n_frq,37,n_frq,12,2,5,12,0.5,0.5,0.7,0.6,1.0,0.5,48.299999,40,12,46.000001,68.999999,21.400001,1,1,1037,0,ilp_v2,optimal,1,59.888151,48.28376,1.240337,0.213375,0.0,,0.213375,0.229994,3,0,0
n_frq\set37\n_frq_12.py,n_frq,37,n_frq,12,2,5,12,0.5,0.5,0.7,0.6,1.0,0.5,48.299999,40,12,46.000001,68.999999,21.400001,1,1,1037,0,ilp_v3,optimal,1,46.10714,48.288857,0.954819,0.164524,0.0,,0.164524,0.172996,3,0,0
n_frq\set37\n_frq_12.py,n_frq,37,n_frq,12,2,5,12,0.5,0.5,0.7,0.6,1.0,0.5,48.299999,40,12,46.000001,68.999999,21.400001,1,1,1037,0,ilp_v4,optimal,1,60.224131,48.288909,1.247163,0.063414,0.0,,0.063414,0.068379,3,0,0
n_frq\set37\n_frq_12.py,n_frq,37,n_frq,12,2,5,12,0.5,0.5,0.7,0.6,1.0,0.5,48.299999,40,12,46.000001,68.999999,21.400001,1,1,1037,0,greedy_sps_baseline,solved,1,8.096216,48.270614,0.167726,0.000774,,,0.000774,0.001252,3,0,0
n_frq\set38\n_frq_2.py,n_frq,38,n_frq,2,2,5,2,0.5,0.5,0.7,0.6,1.0,0.5,48.300002,40,15,45.999997,69.000003,22.042855,1,1,1038,0,ilp_v2,optimal,1,23.289894,48.236481,0.482827,0.045512,0.0,,0.045512,0.056646,3,0,0
n_frq\set38\n_frq_2.py,n_frq,38,n_frq,2,2,5,2,0.5,0.5,0.7,0.6,1.0,0.5,48.300002,40,15,45.999997,69.000003,22.042855,1,1,1038,0,ilp_v3,optimal,1,22.876207,48.290887,0.473717,0.069739,0.0,,0.069739,0.074045,3,0,0
n_frq\set38\n_frq_2.py,n_frq,38,n_frq,2,2,5,2,0.5,0.5,0.7,0.6,1.0,0.5,48.300002,40,15,45.999997,69.000003,22.042855,1,1,1038,0,ilp_v4,optimal,1,23.104451,48.269869,0.478652,0.291097,0.0,,0.291097,0.308703,3,0,0
n_frq\set38\n_frq_2.py,n_frq,38,n_frq,2,2,5,2,0.5,0.5,0.7,0.6,1.0,0.5,48.300002,40,15,45.999997,69.000003,22.042855,1,1,1038,0,greedy_sps_baseline,solved,1,5.058828,48.2908,0.104758,0.001452,,,0.001452,0.001994,3,0,0
n_frq\set38\n_frq_3.py,n_frq,38,n_frq,3,2,5,3,0.5,0.5,0.7,0.6,1.0,0.5,48.300002,40,13,45.999999,69.000002,21.999999,1,1,1038,0,ilp_v2,optimal,1,33.726569,48.294483,0.698352,0.0705,0.0,,0.0705,0.07457,3,0,0
n_frq\set38\n_frq_3.py,n_frq,38,n_frq,3,2,5,3,0.5,0.5,0.7,0.6,1.0,0.5,48.300002,40,13,45.999999,69.000002,21.999999,1,1,1038,0,ilp_v3,optimal,1,33.059005,48.288018,0.684621,0.053501,0.0,,0.053501,0.057938,3,0,0
n_frq\set38\n_frq_3.py,n_frq,38,n_frq,3,2,5,3,0.5,0.5,0.7,0.6,1.0,0.5,48.300002,40,13,45.999999,69.000002,21.999999,1,1,1038,0,ilp_v4,optimal,1,33.632716,48.218499,0.697506,0.186981,0.0,,0.186981,0.244176,3,0,0
n_frq\set38\n_frq_3.py,n_frq,38,n_frq,3,2,5,3,0.5,0.5,0.7,0.6,1.0,0.5,48.300002,40,13,45.999999,69.000002,21.999999,1,1,1038,0,greedy_sps_baseline,solved,1,5.061971,48.28756,0.10483,0.001079,,,0.001079,0.001267,3,0,0
n_frq\set38\n_frq_5.py,n_frq,38,n_frq,5,2,5,5,0.5,0.5,0.7,0.6,1.0,0.5,48.300004,40,13,46.000002,69.000006,21.400001,1,1,1038,0,ilp_v2,optimal,1,27.624976,48.2815,0.572165,0.023457,0.0,,0.023457,0.031767,3,0,0
n_frq\set38\n_frq_5.py,n_frq,38,n_frq,5,2,5,5,0.5,0.5,0.7,0.6,1.0,0.5,48.300004,40,13,46.000002,69.000006,21.400001,1,1,1038,0,ilp_v3,optimal,1,28.164907,47.943468,0.587461,0.034707,0.0,,0.034707,0.036964,3,0,0
n_frq\set38\n_frq_5.py,n_frq,38,n_frq,5,2,5,5,0.5,0.5,0.7,0.6,1.0,0.5,48.300004,40,13,46.000002,69.000006,21.400001,1,1,1038,0,ilp_v4,optimal,1,31.386997,47.421074,0.661879,0.119676,0.0,,0.119676,0.134684,3,0,0
n_frq\set38\n_frq_5.py,n_frq,38,n_frq,5,2,5,5,0.5,0.5,0.7,0.6,1.0,0.5,48.300004,40,13,46.000002,69.000006,21.400001,1,1,1038,0,greedy_sps_baseline,solved,1,6.318059,48.056819,0.131471,0.005308,,,0.005308,0.005372,3,0,0
n_frq\set38\n_frq_8.py,n_frq,38,n_frq,8,2,5,8,0.5,0.5,0.7,0.6,1.0,0.5,48.300005,40,10,46.000001,69.000007,21.400001,1,1,1038,0,ilp_v2,optimal,1,62.561187,48.297465,1.295331,0.026575,0.0,,0.026575,0.027885,3,0,0
n_frq\set38\n_frq_8.py,n_frq,38,n_frq,8,2,5,8,0.5,0.5,0.7,0.6,1.0,0.5,48.300005,40,10,46.000001,69.000007,21.400001,1,1,1038,0,ilp_v3,optimal,1,66.014389,47.97721,1.375953,0.060034,0.0,,0.060034,0.0626,3,0,0
n_frq\set38\n_frq_8.py,n_frq,38,n_frq,8,2,5,8,0.5,0.5,0.7,0.6,1.0,0.5,48.300005,40,10,46.000001,69.000007,21.400001,1,1,1038,0,ilp_v4,optimal,1,74.822237,48.288333,1.549489,0.091457,0.0,,0.091457,0.104633,3,0,0
n_frq\set38\n_frq_8.py,n_frq,38,n_frq,8,2,5,8,0.5,0.5,0.7,0.6,1.0,0.5,48.300005,40,10,46.000001,69.000007,21.400001,1,1,1038,0,greedy_sps_baseline,solved,1,9.584165,48.29207,0.198462,0.001056,,,0.001056,0.00119,3,0,0
n_frq\set38\n_frq_12.py,n_frq,38,n_frq,12,2,5,12,0.5,0.5,0.7,0.6,1.0,0.5,48.299998,40,12,45.999998,68.999997,21.399999,1,1,1038,0,ilp_v2,optimal,1,51.577002,48.236573,1.069251,0.023538,0.0,,0.023538,0.024168,3,0,0
n_frq\set38\n_frq_12.py,n_frq,38,n_frq,12,2,5,12,0.5,0.5,0.7,0.6,1.0,0.5,48.299998,40,12,45.999998,68.999997,21.399999,1,1,1038,0,ilp_v3,optimal,1,48.726251,48.271909,1.009412,0.164625,0.0,,0.164625,0.170199,3,0,0
n_frq\set38\n_frq_12.py,n_frq,38,n_frq,12,2,5,12,0.5,0.5,0.7,0.6,1.0,0.5,48.299998,40,12,45.999998,68.999997,21.399999,1,1,1038,0,ilp_v4,optimal,1,51.577002,47.722726,1.080764,0.055414,0.0,,0.055414,0.062998,3,0,0
n_frq\set38\n_frq_12.py,n_frq,38,n_frq,12,2,5,12,0.5,0.5,0.7,0.6,1.0,0.5,48.299998,40,12,45.999998,68.999997,21.399999,1,1,1038,0,greedy_sps_baseline,solved,1,3.813118,48.228569,0.079063,0.003083,,,0.003083,0.00369,3,0,0
n_frq\set39\n_frq_2.py,n_frq,39,n_frq,2,2,5,2,0.5,0.5,0.7,0.6,1.0,0.5,48.299999,40,12,46.000002,68.999999,33.100002,1,1,1039,0,ilp_v2,optimal,1,51.993195,48.189802,1.078925,0.014575,0.0,,0.014575,0.014959,3,0,0
n_frq\set39\n_frq_2.py,n_frq,39,n_frq,2,2,5,2,0.5,0.5,0.7,0.6,1.0,0.5,48.299999,40,12,46.000002,68.999999,33.100002,1,1,1039,0,ilp_v3,optimal,1,48.254746,48.207035,1.00099,0.0151,0.0,,0.0151,0.017937,3,0,0
n_frq\set39\n_frq_2.py,n_frq,39,n_frq,2,2,5,2,0.5,0.5,0.7,0.6,1.0,0.5,48.299999,40,12,46.000002,68.999999,33.100002,1,1,1039,0,ilp_v4,optimal,1,51.993195,48.189802,1.078925,0.044868,0.0,,0.044868,0.047303,3,0,0
n_frq\set39\n_frq_2.py,n_frq,39,n_frq,2,2,5,2,0.5,0.5,0.7,0.6,1.0,0.5,48.299999,40,12,46.000002,68.999999,33.100002,1,1,1039,0,greedy_sps_baseline,solved,1,6.913689,47.84443,0.144504,0.001949,,,0.001949,0.002054,3,0,0
n_frq\set39\n_frq_3.py,n_frq,39,n_frq,3,2,5,3,0.5,0.5,0.7,0.6,1.0,0.5,48.3,40,12,46.0,69.0,21.4,1,1,1039,0,ilp_v2,optimal,1,60.026481,48.213446,1.245015,0.01068,0.0,,0.01068,0.011719,3,0,0
n_frq\set39\n_frq_3.py,n_frq,39,n_frq,3,2,5,3,0.5,0.5,0.7,0.6,1.0,0.5,48.3,40,12,46.0,69.0,21.4,1,1,1039,0,ilp_v3,optimal,1,64.017927,47.772051,1.340071,0.013341,0.0,,0.013341,0.013846,3,0,0
n_frq\set39\n_frq_3.py,n_frq,39,n_frq,3,2,5,3,0.5,0.5,0.7,0.6,1.0,0.5,48.3,40,12,46.0,69.0,21.4,1,1,1039,0,ilp_v4,optimal,1,64.017927,47.934027,1.335542,0.041967,0.0,,0.041967,0.043221,3,0,0
n_frq\set39\n_frq_3.py,n_frq,39,n_frq,3,2,5,3,0.5,0.5,0.7,0.6,1.0,0.5,48.3,40,12,46.0,69.0,21.4,1,1,1039,0,greedy_sps_baseline,solved,1,7.462534,48.130703,0.155047,0.001261,,,0.001261,0.002637,3,0,0
n_frq\set39\n_frq_5.py,n_frq,39,n_frq,5,2,5,5,0.5,0.5,0.7,0.6,1.0,0.5,48.299999,40,15,46.000001,68.999999,21.400001,1,1,1039,0,ilp_v2,optimal,1,57.085345,47.84179,1.193211,0.020877,0.0,,0.020877,0.024216,3,0,0
n_frq\set39\n_frq_5.py,n_frq,39,n_frq,5,2,5,5,0.5,0.5,0.7,0.6,1.0,0.5,48.299999,40,15,46.000001,68.999999,21.400001,1,1,1039,0,ilp_v3,optimal,1,57.711494,48.110313,1.199566,0.016896,0.0,,0.016896,0.018673,3,0,0
n_frq\set39\n_frq_5.py,n_frq,39,n_frq,5,2,5,5,0.5,0.5,0.7,0.6,1.0,0.5,48.299999,40,15,46.000001,68.999999,21.400001,1,1,1039,0,ilp_v4,optimal,1,59.676689,48.296641,1.235628,0.103123,0.0,,0.103123,0.117629,3,0,0
n_frq\set39\n_frq_5.py,n_frq,39,n_frq,5,2,5,5,0.5,0.5,0.7,0.6,1.0,0.5,48.299999,40,15,46.000001,68.999999,21.400001,1,1,1039,0,greedy_sps_baseline,solved,1,7.422651,48.097219,0.154326,0.002636,,,0.002636,0.002866,3,0,0
n_frq\set39\n_frq_8.py,n_frq,39,n_frq,8,2,5,8,0.5,0.5,0.7,0.6,1.0,0.5,48.300003,40,15,46.000003,69.000005,21.400002,1,1,1039,0,ilp_v2,optimal,1,46.167352,48.282585,0.956191,0.05627,0.0,,0.05627,0.06976,3,0,0
n_frq\set39\n_frq_8.py,n_frq,39,n_frq,8,2,5,8,0.5,0.5,0.7,0.6,1.0,0.5,48.300003,40,15,46.000003,69.000005,21.400002,1,1,1039,0,ilp_v3,optimal,1,52.814863,47.766713,1.105683,0.032176,0.0,,0.032176,0.034797,3,0,0
n_frq\set39\n_frq_8.py,n_frq,39,n_frq,8,2,5,8,0.5,0.5,0.7,0.6,1.0,0.5,48.300003,40,15,46.000003,69.000005,21.400002,1,1,1039,0,ilp_v4,optimal,1,50.714514,48.189152,1.052405,0.318782,0.0,,0.318782,0.353059,3,0,0
n_frq\set39\n_frq_8.py,n_frq,39,n_frq,8,2,5,8,0.5,0.5,0.7,0.6,1.0,0.5,48.300003,40,15,46.000003,69.000005,21.400002,1,1,1039,0,greedy_sps_baseline,solved,1,9.155985,48.258268,0.189729,0.003358,,,0.003358,0.003679,3,0,0
n_frq\set39\n_frq_12.py,n_frq,39,n_frq,12,2,5,12,0.5,0.5,0.7,0.6,1.0,0.5,48.3,40,15,46.000001,69.0,21.400001,1,1,1039,0,ilp_v2,optimal,1,49.500151,48.097903,1.029154,0.025394,0.0,,0.025394,0.035615,3,0,0
n_frq\set39\n_frq_12.py,n_frq,39,n_frq,12,2,5,12,0.5,0.5,0.7,0.6,1.0,0.5,48.3,40,15,46.000001,69.0,21.400001,1,1,1039,0,ilp_v3,optimal,1,49.500151,48.262758,1.025639,0.040159,0.0,,0.040159,0.047476,3,0,0
n_frq\set39\n_frq_12.py,n_frq,39,n_frq,12,2,5,12,0.5,0.5,0.7,0.6,1.0,0.5,48.3,40,15,46.000001,69.0,21.400001,1,1,1039,0,ilp_v4,optimal,1,49.500151,48.20809,1.026802,0.102471,0.0,,0.102471,0.105789,3,0,0
n_frq\set39\n_frq_12.py,n_frq,39,n_frq,12,2,5,12,0.5,0.5,0.7,0.6,1.0,0.5,48.3,40,15,46.000001,69.0,21.400001,1,1,1039,0,greedy_sps_baseline,solved,1,9.313282,48.297062,0.192833,0.003057,,,0.003057,0.003738,3,0,0
n_frq\set40\n_frq_2.py,n_frq,40,n_frq,2,2,5,2,0.5,0.5,0.7,0.6,1.0,0.5,48.300002,40,10,45.999998,69.000002,21.399999,1,1,1040,0,ilp_v2,optimal,1,29.417557,48.253204,0.60965,0.121697,0.0,,0.121697,0.124329,3,0,0
n_frq\set40\n_frq_2.py,n_frq,40,n_frq,2,2,5,2,0.5,0.5,0.7,0.6,1.0,0.5,48.300002,40,10,45.999998,69.000002,21.399999,1,1,1040,0,ilp_v3,optimal,1,29.417556,48.152537,0.610924,0.15375,0.0,,0.15375,0.157671,3,0,0
n_frq\set40\n_frq_2.py,n_frq,40,n_frq,2,2,5,2,0.5,0.5,0.7,0.6,1.0,0.5,48.300002,40,10,45.999998,69.000002,21.399999,1,1,1040,0,ilp_v4,optimal,1,28.997795,48.249514,0.600997,0.220745,0.0,,0.220745,0.248948,3,0,0
n_frq\set40\n_frq_2.py,n_frq,40,n_frq,2,2,5,2,0.5,0.5,0.7,0.6,1.0,0.5,48.300002,40,10,45.999998,69.000002,21.399999,1,1,1040,0,greedy_sps_baseline,solved,1,6.235736,48.229526,0.129293,0.001455,,,0.001455,0.001659,3,0,0
n_frq\set40\n_frq_3.py,n_frq,40,n_frq,3,2,5,3,0.5,0.5,0.7,0.6,1.0,0.5,48.300002,40,10,45.999998,69.000002,21.399999,1,1,1040,0,ilp_v2,optimal,1,35.663027,48.250042,0.739129,0.161182,0.0,,0.161182,0.167034,3,0,0
n_frq\set40\n_frq_3.py,n_frq,40,n_frq,3,2,5,3,0.5,0.5,0.7,0.6,1.0,0.5,48.300002,40,10,45.999998,69.000002,21.399999,1,1,1040,0,ilp_v3,optimal,1,35.460426,48.084855,0.737455,0.230023,0.0,,0.230023,0.235944,3,0,0
n_frq\set40\n_frq_3.py,n_frq,40,n_frq,3,2,5,3,0.5,0.5,0.7,0.6,1.0,0.5,48.300002,40,10,45.999998,69.000002,21.399999,1,1,1040,0,ilp_v4,optimal,1,35.913634,48.287197,0.743751,0.262949,0.0,,0.262949,0.278173,3,0,0
n_frq\set40\n_frq_3.py,n_frq,40,n_frq,3,2,5,3,0.5,0.5,0.7,0.6,1.0,0.5,48.300002,40,10,45.999998,69.000002,21.399999,1,1,1040,0,greedy_sps_baseline,solved,1,6.235736,48.229526,0.129293,0.001581,,,0.001581,0.001698,3,0,0
n_frq\set40\n_frq_5.py,n_frq,40,n_frq,5,2,5,5,0.5,0.5,0.7,0.6,1.0,0.5,48.3,40,13,46.000001,69.0,21.400001,1,1,1040,0,ilp_v2,optimal,1,37.966331,47.382772,0.801269,0.054707,0.0,,0.054707,0.05694,3,0,0
n_frq\set40\n_frq_5.py,n_frq,40,n_frq,5,2,5,5,0.5,0.5,0.7,0.6,1.0,0.5,48.3,40,13,46.000001,69.0,21.400001,1,1,1040,0,ilp_v3,optimal,1,40.02346,47.561261,0.841514,0.094529,0.0,,0.094529,0.107187,3,0,0
n_frq\set40\n_frq_5.py,n_frq,40,n_frq,5,2,5,5,0.5,0.5,0.7,0.6,1.0,0.5,48.3,40,13,46.000001,69.0,21.400001,1,1,1040,0,ilp_v4,optimal,1,47.584863,48.037028,0.990587,0.141007,0.0,,0.141007,0.147291,3,0,0
n_frq\set40\n_frq_5.py,n_frq,40,n_frq,5,2,5,5,0.5,0.5,0.7,0.6,1.0,0.5,48.3,40,13,46.000001,69.0,21.400001,1,1,1040,0,greedy_sps_baseline,solved,1,6.415051,48.177548,0.133154,0.001399,,,0.001399,0.001532,3,0,0
n_frq\set40\n_frq_8.py,n_frq,40,n_frq,8,2,5,8,0.5,0.5,0.7,0.6,1.0,0.5,48.300002,40,10,46.0,69.000002,21.4,1,1,1040,0,ilp_v2,optimal,1,60.324423,48.208986,1.251311,0.026278,0.0,,0.026278,0.02949,3,0,0
n_frq\set40\n_frq_8.py,n_frq,40,n_frq,8,2,5,8,0.5,0.5,0.7,0.6,1.0,0.5,48.300002,40,10,46.0,69.000002,21.4,1,1,1040,0,ilp_v3,optimal,1,60.324423,48.208986,1.251311,0.026336,0.0,,0.026336,0.027585,3,0,0
n_frq\set40\n_frq_8.py,n_frq,40,n_frq,8,2,5,8,0.5,0.5,0.7,0.6,1.0,0.5,48.300002,40,10,46.0,69.000002,21.4,1,1,1040,0,ilp_v4,optimal,1,60.324423,47.644224,1.266143,0.040362,0.0,,0.040362,0.041433,3,0,0
n_frq\set40\n_frq_8.py,n_frq,40,n_frq,8,2,5,8,0.5,0.5,0.7,0.6,1.0,0.5,48.300002,40,10,46.0,69.000002,21.4,1,1,1040,0,greedy_sps_baseline,solved,1,6.403966,48.219578,0.132808,0.001597,,,0.001597,0.002044,3,0,0
n_frq\set40\n_frq_12.py,n_frq,40,n_frq,12,2,5,12,0.5,0.5,0.7,0.6,1.0,0.5,48.299996,40,12,46.000001,68.999994,21.400001,1,1,1040,0,ilp_v2,optimal,1,56.741656,48.179029,1.177725,0.015578,0.0,,0.015578,0.026166,3,0,0
n_frq\set40\n_frq_12.py,n_frq,40,n_frq,12,2,5,12,0.5,0.5,0.7,0.6,1.0,0.5,48.299996,40,12,46.000001,68.999994,21.400001,1,1,1040,0,ilp_v3,optimal,1,56.741656,48.129257,1.178943,0.065995,0.0,,0.065995,0.083063,3,0,0
n_frq\set40\n_frq_12.py,n_frq,40,n_frq,12,2,5,12,0.5,0.5,0.7,0.6,1.0,0.5,48.299996,40,12,46.000001,68.999994,21.400001,1,1,1040,0,ilp_v4,optimal,1,56.741656,47.716355,1.189145,0.054405,0.0,,0.054405,0.074101,3,0,0
n_frq\set40\n_frq_12.py,n_frq,40,n_frq,12,2,5,12,0.5,0.5,0.7,0.6,1.0,0.5,48.299996,40,12,46.000001,68.999994,21.400001,1,1,1040,0,greedy_sps_baseline,solved,1,7.812435,48.247637,0.161924,0.001262,,,0.001262,0.001943,3,0,0
n_frq\set41\n_frq_2.py,n_frq,41,n_frq,2,2,5,2,0.5,0.5,0.7,0.6,1.0,0.5,48.300004,40,13,46.000001,69.000006,21.400001,1,1,1041,0,ilp_v2,optimal,1,22.605297,48.13637,0.46961,0.056812,0.0,,0.056812,0.068072,3,0,0
n_frq\set41\n_frq_2.py,n_frq,41,n_frq,2,2,5,2,0.5,0.5,0.7,0.6,1.0,0.5,48.300004,40,13,46.000001,69.000006,21.400001,1,1,1041,0,ilp_v3,optimal,1,22.584206,47.948235,0.471012,0.115559,0.0,,0.115559,0.119668,3,0,0
n_frq\set41\n_frq_2.py,n_frq,41,n_frq,2,2,5,2,0.5,0.5,0.7,0.6,1.0,0.5,48.300004,40,13,46.000001,69.000006,21.400001,1,1,1041,0,ilp_v4,optimal,1,23.025645,48.124665,0.478458,0.278167,0.0,,0.278167,0.284619,3,0,0
n_frq\set41\n_frq_2.py,n_frq,41,n_frq,2,2,5,2,0.5,0.5,0.7,0.6,1.0,0.5,48.300004,40,13,46.000001,69.000006,21.400001,1,1,1041,0,greedy_sps_baseline,solved,1,6.678504,48.295206,0.138285,0.002915,,,0.002915,0.003112,3,0,0
n_frq\set41\n_frq_3.py,n_frq,41,n_frq,3,2,5,3,0.5,0.5,0.7,0.6,1.0,0.5,48.3,40,15,46.0,69.0,21.4,1,1,1041,0,ilp_v2,optimal,1,43.880666,47.773191,0.918521,0.015105,0.0,,0.015105,0.015451,3,0,0
n_frq\set41\n_frq_3.py,n_frq,41,n_frq,3,2,5,3,0.5,0.5,0.7,0.6,1.0,0.5,48.3,40,15,46.0,69.0,21.4,1,1,1041,0,ilp_v3,optimal,1,35.51474,47.205056,0.75235,0.042388,0.0,,0.042388,0.044744,3,0,0
n_frq\set41\n_frq_3.py,n_frq,41,n_frq,3,2,5,3,0.5,0.5,0.7,0.6,1.0,0.5,48.3,40,15,46.0,69.0,21.4,1,1,1041,0,ilp_v4,optimal,1,44.108793,48.270011,0.913793,0.162192,0.0,,0.162192,0.176332,3,0,0
n_frq\set41\n_frq_3.py,n_frq,41,n_frq,3,2,5,3,0.5,0.5,0.7,0.6,1.0,0.5,48.3,40,15,46.0,69.0,21.4,1,1,1041,0,greedy_sps_baseline,solved,1,3.814942,48.121159,0.079278,0.005452,,,0.005452,0.005652,3,0,0
n_frq\set41\n_frq_5.py,n_frq,41,n_frq,5,2,5,5,0.5,0.5,0.7,0.6,1.0,0.5,48.299991,40,15,45.999995,68.999987,21.399998,1,1,1041,0,ilp_v2,optimal,1,40.110751,48.287028,0.830673,0.122137,0.0,,0.122137,0.144108,3,0,0
n_frq\set41\n_frq_5.py,n_frq,41,n_frq,5,2,5,5,0.5,0.5,0.7,0.6,1.0,0.5,48.299991,40,15,45.999995,68.999987,21.399998,1,1,1041,0,ilp_v3,optimal,1,48.583514,48.295116,1.005972,0.106416,0.0,,0.106416,0.109356,3,0,0
n_frq\set41\n_frq_5.py,n_frq,41,n_frq,5,2,5,5,0.5,0.5,0.7,0.6,1.0,0.5,48.299991,40,15,45.999995,68.999987,21.399998,1,1,1041,0,ilp_v4,optimal,1,49.61617,48.299083,1.027269,0.32013,0.0,,0.32013,0.348819,3,0,0
n_frq\set41\n_frq_5.py,n_frq,41,n_frq,5,2,5,5,0.5,0.5,0.7,0.6,1.0,0.5,48.299991,40,15,45.999995,68.999987,21.399998,1,1,1041,0,greedy_sps_baseline,solved,1,8.561286,48.182033,0.177686,0.007544,,,0.007544,0.008053,3,0,0
n_frq\set41\n_frq_8.py,n_frq,41,n_frq,8,2,5,8,0.5,0.5,0.7,0.6,1.0,0.5,48.300001,40,10,45.999999,69.000001,21.399999,1,1,1041,0,ilp_v2,optimal,1,60.140276,48.205378,1.247584,0.071396,0.0,,0.071396,0.073571,3,0,0
n_frq\set41\n_frq_8.py,n_frq,41,n_frq,8,2,5,8,0.5,0.5,0.7,0.6,1.0,0.5,48.300001,40,10,45.999999,69.000001,21.399999,1,1,1041,0,ilp_v3,optimal,1,60.127192,48.290542,1.245113,0.032472,0.0,,0.032472,0.034803,3,0,0
n_frq\set41\n_frq_8.py,n_frq,41,n_frq,8,2,5,8,0.5,0.5,0.7,0.6,1.0,0.5,48.300001,40,10,45.999999,69.000001,21.399999,1,1,1041,0,ilp_v4,optimal,1,61.013692,47.646579,1.280547,0.080919,0.0,,0.080919,0.083109,3,0,0
n_frq\set41\n_frq_8.py,n_frq,41,n_frq,8,2,5,8,0.5,0.5,0.7,0.6,1.0,0.5,48.300001,40,10,45.999999,69.000001,21.399999,1,1,1041,0,greedy_sps_baseline,solved,1,8.330943,48.063508,0.173332,0.001116,,,0.001116,0.001258,3,0,0
n_frq\set41\n_frq_12.py,n_frq,41,n_frq,12,2,5,12,0.5,0.5,0.7,0.6,1.0,0.5,48.299998,40,11,45.999998,68.999998,21.399999,1,1,1041,0,ilp_v2,optimal,1,69.920224,48.290155,1.447919,0.04839,0.0,,0.04839,0.051176,3,0,0
n_frq\set41\n_frq_12.py,n_frq,41,n_frq,12,2,5,12,0.5,0.5,0.7,0.6,1.0,0.5,48.299998,40,11,45.999998,68.999998,21.399999,1,1,1041,0,ilp_v3,optimal,1,66.877089,48.243003,1.386255,0.074605,0.0,,0.074605,0.076079,3,0,0
n_frq\set41\n_frq_12.py,n_frq,41,n_frq,12,2,5,12,0.5,0.5,0.7,0.6,1.0,0.5,48.299998,40,11,45.999998,68.999998,21.399999,1,1,1041,0,ilp_v4,optimal,1,70.547661,48.044202,1.468391,0.078871,0.0,,0.078871,0.089846,3,0,0
n_frq\set41\n_frq_12.py,n_frq,41,n_frq,12,2,5,12,0.5,0.5,0.7,0.6,1.0,0.5,48.299998,40,11,45.999998,68.999998,21.399999,1,1,1041,0,greedy_sps_baseline,solved,1,7.696924,48.252573,0.159513,0.0018,,,0.0018,0.001943,3,0,0
n_frq\set42\n_frq_2.py,n_frq,42,n_frq,2,2,5,2,0.5,0.5,0.7,0.6,1.0,0.5,48.300005,40,13,46.000002,69.000007,21.400001,1,1,1042,0,ilp_v2,optimal,1,43.762889,48.257855,0.906855,0.249091,0.0,,0.249091,0.25902,3,0,0
n_frq\set42\n_frq_2.py,n_frq,42,n_frq,2,2,5,2,0.5,0.5,0.7,0.6,1.0,0.5,48.300005,40,13,46.000002,69.000007,21.400001,1,1,1042,0,ilp_v3,optimal,1,44.619227,48.28901,0.924004,0.066624,0.0,,0.066624,0.067738,3,0,0
n_frq\set42\n_frq_2.py,n_frq,42,n_frq,2,2,5,2,0.5,0.5,0.7,0.6,1.0,0.5,48.300005,40,13,46.000002,69.000007,21.400001,1,1,1042,0,ilp_v4,optimal,1,44.848369,48.29604,0.928614,0.25959,0.0,,0.25959,0.308465,3,0,0
n_frq\set42\n_frq_2.py,n_frq,42,n_frq,2,2,5,2,0.5,0.5,0.7,0.6,1.0,0.5,48.300005,40,13,46.000002,69.000007,21.400001,1,1,1042,0,greedy_sps_baseline,solved,1,8.461717,48.213701,0.175504,0.003008,,,0.003008,0.003064,3,0,0
n_frq\set42\n_frq_3.py,n_frq,42,n_frq,3,2,5,3,0.5,0.5,0.7,0.6,1.0,0.5,48.299997,40,11,45.999998,68.999995,21.399999,1,1,1042,0,ilp_v2,optimal,1,48.888177,47.220308,1.035321,0.019829,0.0,,0.019829,0.021649,3,0,0
n_frq\set42\n_frq_3.py,n_frq,42,n_frq,3,2,5,3,0.5,0.5,0.7,0.6,1.0,0.5,48.299997,40,11,45.999998,68.999995,21.399999,1,1,1042,0,ilp_v3,optimal,1,46.996707,47.347272,0.992596,0.018701,0.0,,0.018701,0.020328,3,0,0
n_frq\set42\n_frq_3.py,n_frq,42,n_frq,3,2,5,3,0.5,0.5,0.7,0.6,1.0,0.5,48.299997,40,11,45.999998,68.999995,21.399999,1,1,1042,0,ilp_v4,optimal,1,50.905241,47.561204,1.07031,0.160449,0.0,,0.160449,0.174021,3,0,0
n_frq\set42\n_frq_3.py,n_frq,42,n_frq,3,2,5,3,0.5,0.5,0.7,0.6,1.0,0.5,48.299997,40,11,45.999998,68.999995,21.399999,1,1,1042,0,greedy_sps_baseline,solved,1,9.232021,48.220561,0.191454,0.001404,,,0.001404,0.001658,3,0,0
n_frq\set42\n_frq_5.py,n_frq,42,n_frq,5,2,5,5,0.5,0.5,0.7,0.6,1.0,0.5,48.299998,40,11,45.999998,68.999998,21.399999,1,1,1042,0,ilp_v2,optimal,1,60.908319,48.299798,1.261047,0.02003,0.0,,0.02003,0.024176,3,0,0
n_frq\set42\n_frq_5.py,n_frq,42,n_frq,5,2,5,5,0.5,0.5,0.7,0.6,1.0,0.5,48.299998,40,11,45.999998,68.999998,21.399999,1,1,1042,0,ilp_v3,optimal,1,55.605456,48.263864,1.152114,0.01601,0.0,,0.01601,0.017318,3,0,0
n_frq\set42\n_frq_5.py,n_frq,42,n_frq,5,2,5,5,0.5,0.5,0.7,0.6,1.0,0.5,48.299998,40,11,45.999998,68.999998,21.399999,1,1,1042,0,ilp_v4,optimal,1,61.511615,48.251575,1.274811,0.082177,0.0,,0.082177,0.087606,3,0,0
n_frq\set42\n_frq_5.py,n_frq,42,n_frq,5,2,5,5,0.5,0.5,0.7,0.6,1.0,0.5,48.299998,40,11,45.999998,68.999998,21.399999,1,1,1042,0,greedy_sps_baseline,solved,1,8.676799,48.269964,0.179756,0.001149,,,0.001149,0.001308,3,0,0
n_frq\set42\n_frq_8.py,n_frq,42,n_frq,8,2,5,8,0.5,0.5,0.7,0.6,1.0,0.5,48.299997,40,13,46.0,68.999995,21.4,1,1,1042,0,ilp_v2,optimal,1,51.078272,48.291786,1.057701,0.104381,0.0,,0.104381,0.109522,3,0,0
n_frq\set42\n_frq_8.py,n_frq,42,n_frq,8,2,5,8,0.5,0.5,0.7,0.6,1.0,0.5,48.299997,40,13,46.0,68.999995,21.4,1,1,1042,0,ilp_v3,optimal,1,60.104794,48.299428,1.24442,0.474073,0.0,,0.474073,0.499921,3,0,0
n_frq\set42\n_frq_8.py,n_frq,42,n_frq,8,2,5,8,0.5,0.5,0.7,0.6,1.0,0.5,48.299997,40,13,46.0,68.999995,21.4,1,1,1042,0,ilp_v4,optimal,1,57.983006,48.265452,1.201336,0.151836,6e-06,,0.151836,0.167158,3,0,0
n_frq\set42\n_frq_8.py,n_frq,42,n_frq,8,2,5,8,0.5,0.5,0.7,0.6,1.0,0.5,48.299997,40,13,46.0,68.999995,21.4,1,1,1042,0,greedy_sps_baseline,solved,1,8.022154,48.284107,0.166145,0.002685,,,0.002685,0.002901,3,0,0
n_frq\set42\n_frq_12.py,n_frq,42,n_frq,12,2,5,12,0.5,0.5,0.7,0.6,1.0,0.5,48.300002,40,10,46.0,69.000002,21.4,1,1,1042,0,ilp_v2,optimal,1,66.552047,48.217045,1.38026,0.025882,0.0,,0.025882,0.030861,3,0,0
n_frq\set42\n_frq_12.py,n_frq,42,n_frq,12,2,5,12,0.5,0.5,0.7,0.6,1.0,0.5,48.300002,40,10,46.0,69.000002,21.4,1,1,1042,0,ilp_v3,optimal,1,77.93153,48.196195,1.616964,0.037887,0.0,,0.037887,0.045067,3,0,0
n_frq\set42\n_frq_12.py,n_frq,42,n_frq,12,2,5,12,0.5,0.5,0.7,0.6,1.0,0.5,48.300002,40,10,46.0,69.000002,21.4,1,1,1042,0,ilp_v4,optimal,1,79.655293,48.271891,1.650138,0.067046,0.0,,0.067046,0.090564,3,0,0
n_frq\set42\n_frq_12.py,n_frq,42,n_frq,12,2,5,12,0.5,0.5,0.7,0.6,1.0,0.5,48.300002,40,10,46.0,69.000002,21.4,1,1,1042,0,greedy_sps_baseline,solved,1,9.304191,48.215283,0.192972,0.001097,,,0.001097,0.002364,3,0,0
n_frq\set43\n_frq_2.py,n_frq,43,n_frq,2,2,5,2,0.5,0.5,0.7,0.6,1.0,0.5,48.300002,40,13,46.000001,69.000002,23.009091,1,1,1043,0,ilp_v2,optimal,1,28.501275,47.804362,0.596207,0.008066,0.0,,0.008066,0.008245,3,0,0
n_frq\set43\n_frq_2.py,n_frq,43,n_frq,2,2,5,2,0.5,0.5,0.7,0.6,1.0,0.5,48.300002,40,13,46.000001,69.000002,23.009091,1,1,1043,0,ilp_v3,optimal,1,28.501275,47.804362,0.596207,0.008538,0.0,,0.008538,0.010392,3,0,0
n_frq\set43\n_frq_2.py,n_frq,43,n_frq,2,2,5,2,0.5,0.5,0.7,0.6,1.0,0.5,48.300002,40,13,46.000001,69.000002,23.009091,1,1,1043,0,ilp_v4,optimal,1,34.825622,48.25674,0.721674,0.074309,0.0,,0.074309,0.076406,3,0,0
n_frq\set43\n_frq_2.py,n_frq,43,n_frq,2,2,5,2,0.5,0.5,0.7,0.6,1.0,0.5,48.300002,40,13,46.000001,69.000002,23.009091,1,1,1043,0,greedy_sps_baseline,solved,1,6.951352,48.270623,0.144008,0.002732,,,0.002732,0.003838,3,0,0
n_frq\set43\n_frq_3.py,n_frq,43,n_frq,3,2,5,3,0.5,0.5,0.7,0.6,1.0,0.5,48.299998,40,12,46.0,68.999998,23.009091,1,1,1043,0,ilp_v2,optimal,1,53.264703,47.447201,1.12261,0.009951,0.0,,0.009951,0.015478,3,0,0
n_frq\set43\n_frq_3.py,n_frq,43,n_frq,3,2,5,3,0.5,0.5,0.7,0.6,1.0,0.5,48.299998,40,12,46.0,68.999998,23.009091,1,1,1043,0,ilp_v3,optimal,1,52.115491,47.575486,1.095427,0.017894,0.0,,0.017894,0.022201,3,0,0
n_frq\set43\n_frq_3.py,n_frq,43,n_frq,3,2,5,3,0.5,0.5,0.7,0.6,1.0,0.5,48.299998,40,12,46.0,68.999998,23.009091,1,1,1043,0,ilp_v4,optimal,1,53.264703,47.447201,1.12261,0.040105,0.0,,0.040105,0.049541,3,0,0
n_frq\set43\n_frq_3.py,n_frq,43,n_frq,3,2,5,3,0.5,0.5,0.7,0.6,1.0,0.5,48.299998,40,12,46.0,68.999998,23.009091,1,1,1043,0,greedy_sps_baseline,solved,1,8.91543,48.213507,0.184916,0.001399,,,0.001399,0.002912,3,0,0
n_frq\set43\n_frq_5.py,n_frq,43,n_frq,5,2,5,5,0.5,0.5,0.7,0.6,1.0,0.5,48.300001,40,13,46.000001,69.000001,21.433334,1,1,1043,0,ilp_v2,optimal,1,56.280752,47.868331,1.175741,0.02997,0.0,,0.02997,0.038894,3,0,0
n_frq\set43\n_frq_5.py,n_frq,43,n_frq,5,2,5,5,0.5,0.5,0.7,0.6,1.0,0.5,48.300001,40,13,46.000001,69.000001,21.433334,1,1,1043,0,ilp_v3,optimal,1,55.10188,48.297019,1.140896,0.036114,0.0,,0.036114,0.040141,3,0,0
n_frq\set43\n_frq_5.py,n_frq,43,n_frq,5,2,5,5,0.5,0.5,0.7,0.6,1.0,0.5,48.300001,40,13,46.000001,69.000001,21.433334,1,1,1043,0,ilp_v4,optimal,1,57.421564,48.004314,1.196175,0.096119,0.0,,0.096119,0.098714,3,0,0
n_frq\set43\n_frq_5.py,n_frq,43,n_frq,5,2,5,5,0.5,0.5,0.7,0.6,1.0,0.5,48.300001,40,13,46.000001,69.000001,21.433334,1,1,1043,0,greedy_sps_baseline,solved,1,7.494205,48.29323,0.155181,0.001512,,,0.001512,0.00206,3,0,0
n_frq\set43\n_frq_8.py,n_frq,43,n_frq,8,2,5,8,0.5,0.5,0.7,0.6,1.0,0.5,48.299998,40,12,46.000005,68.999997,21.433335,1,1,1043,0,ilp_v2,optimal,1,61.909365,48.293806,1.281932,0.073604,0.0,,0.073604,0.076475,3,0,0
n_frq\set43\n_frq_8.py,n_frq,43,n_frq,8,2,5,8,0.5,0.5,0.7,0.6,1.0,0.5,48.299998,40,12,46.000005,68.999997,21.433335,1,1,1043,0,ilp_v3,optimal,1,62.570179,48.209707,1.297875,0.020996,0.0,,0.020996,0.022085,3,0,0
n_frq\set43\n_frq_8.py,n_frq,43,n_frq,8,2,5,8,0.5,0.5,0.7,0.6,1.0,0.5,48.299998,40,12,46.000005,68.999997,21.433335,1,1,1043,0,ilp_v4,optimal,1,62.570179,48.130735,1.300005,0.057435,0.0,,0.057435,0.068475,3,0,0
n_frq\set43\n_frq_8.py,n_frq,43,n_frq,8,2,5,8,0.5,0.5,0.7,0.6,1.0,0.5,48.299998,40,12,46.000005,68.999997,21.433335,1,1,1043,0,greedy_sps_baseline,solved,1,6.252739,48.259921,0.129564,0.003485,,,0.003485,0.005206,3,0,0
n_frq\set43\n_frq_12.py,n_frq,43,n_frq,12,2,5,12,0.5,0.5,0.7,0.6,1.0,0.5,48.300001,40,10,46.0,69.000001,21.4,1,1,1043,0,ilp_v2,optimal,1,37.786757,48.145847,0.784839,0.11639,0.0,,0.11639,0.137952,3,0,0
n_frq\set43\n_frq_12.py,n_frq,43,n_frq,12,2,5,12,0.5,0.5,0.7,0.6,1.0,0.5,48.300001,40,10,46.0,69.000001,21.4,1,1,1043,0,ilp_v3,optimal,1,40.305501,48.203518,0.836153,0.046274,0.0,,0.046274,0.051728,3,0,0
n_frq\set43\n_frq_12.py,n_frq,43,n_frq,12,2,5,12,0.5,0.5,0.7,0.6,1.0,0.5,48.300001,40,10,46.0,69.000001,21.4,1,1,1043,0,ilp_v4,optimal,1,42.086294,48.117457,0.874657,0.088988,0.0,,0.088988,0.099792,3,0,0
n_frq\set43\n_frq_12.py,n_frq,43,n_frq,12,2,5,12,0.5,0.5,0.7,0.6,1.0,0.5,48.300001,40,10,46.0,69.000001,21.4,1,1,1043,0,greedy_sps_baseline,solved,1,4.387023,48.224431,0.090971,0.001061,,,0.001061,0.001301,3,0,0
n_frq\set44\n_frq_2.py,n_frq,44,n_frq,2,2,5,2,0.5,0.5,0.7,0.6,1.0,0.5,48.300001,40,10,46.000001,69.000001,21.433334,1,1,1044,0,ilp_v2,optimal,1,33.411816,48.298268,0.691781,0.061397,0.0,,0.061397,0.067462,3,0,0
n_frq\set44\n_frq_2.py,n_frq,44,n_frq,2,2,5,2,0.5,0.5,0.7,0.6,1.0,0.5,48.300001,40,10,46.000001,69.000001,21.433334,1,1,1044,0,ilp_v3,optimal,1,39.967275,47.300387,0.844967,0.04471,0.0,,0.04471,0.048473,3,0,0
n_frq\set44\n_frq_2.py,n_frq,44,n_frq,2,2,5,2,0.5,0.5,0.7,0.6,1.0,0.5,48.300001,40,10,46.000001,69.000001,21.433334,1,1,1044,0,ilp_v4,optimal,1,36.899333,48.104298,0.767069,0.034987,0.0,,0.034987,0.041802,3,0,0
n_frq\set44\n_frq_2.py,n_frq,44,n_frq,2,2,5,2,0.5,0.5,0.7,0.6,1.0,0.5,48.300001,40,10,46.000001,69.000001,21.433334,1,1,1044,0,greedy_sps_baseline,solved,1,7.577875,48.080034,0.15761,0.000659,,,0.000659,0.000826,3,0,0
n_frq\set44\n_frq_3.py,n_frq,44,n_frq,3,2,5,3,0.5,0.5,0.7,0.6,1.0,0.5,48.300006,40,10,46.000001,69.000008,21.433334,1,1,1044,0,ilp_v2,optimal,1,26.630574,47.977521,0.555064,0.037268,0.0,,0.037268,0.04084,3,0,0
n_frq\set44\n_frq_3.py,n_frq,44,n_frq,3,2,5,3,0.5,0.5,0.7,0.6,1.0,0.5,48.300006,40,10,46.000001,69.000008,21.433334,1,1,1044,0,ilp_v3,optimal,1,27.200411,48.188111,0.564463,0.039154,0.0,,0.039154,0.041818,3,0,0
n_frq\set44\n_frq_3.py,n_frq,44,n_frq,3,2,5,3,0.5,0.5,0.7,0.6,1.0,0.5,48.300006,40,10,46.000001,69.000008,21.433334,1,1,1044,0,ilp_v4,optimal,1,27.874635,48.198391,0.578331,0.081512,0.0,,0.081512,0.089764,3,0,0
n_frq\set44\n_frq_3.py,n_frq,44,n_frq,3,2,5,3,0.5,0.5,0.7,0.6,1.0,0.5,48.300006,40,10,46.000001,69.000008,21.433334,1,1,1044,0,greedy_sps_baseline,solved,1,4.477574,47.736724,0.093797,0.001184,,,0.001184,0.001322,3,0,0
n_frq\set44\n_frq_5.py,n_frq,44,n_frq,5,2,5,5,0.5,0.5,0.7,0.6,1.0,0.5,48.3,40,12,45.999999,69.0,21.433333,1,1,1044,0,ilp_v2,optimal,1,49.428184,48.255816,1.024295,0.02331,0.0,,0.02331,0.025061,3,0,0
n_frq\set44\n_frq_5.py,n_frq,44,n_frq,5,2,5,5,0.5,0.5,0.7,0.6,1.0,0.5,48.3,40,12,45.999999,69.0,21.433333,1,1,1044,0,ilp_v3,optimal,1,50.428042,48.259301,1.044939,0.025324,0.0,,0.025324,0.029457,3,0,0
n_frq\set44\n_frq_5.py,n_frq,44,n_frq,5,2,5,5,0.5,0.5,0.7,0.6,1.0,0.5,48.3,40,12,45.999999,69.0,21.433333,1,1,1044,0,ilp_v4,optimal,1,49.673643,48.27915,1.028884,0.159817,0.0,,0.159817,0.163345,3,0,0
n_frq\set44\n_frq_5.py,n_frq,44,n_frq,5,2,5,5,0.5,0.5,0.7,0.6,1.0,0.5,48.3,40,12,45.999999,69.0,21.433333,1,1,1044,0,greedy_sps_baseline,solved,1,5.816074,48.270616,0.120489,0.002082,,,0.002082,0.002497,3,0,0
n_frq\set44\n_frq_8.py,n_frq,44,n_frq,8,2,5,8,0.5,0.5,0.7,0.6,1.0,0.5,48.299999,40,12,46.0,68.999999,21.433333,1,1,1044,0,ilp_v2,optimal,1,28.393415,46.650644,0.608639,0.016088,0.0,,0.016088,0.017105,3,0,0
n_frq\set44\n_frq_8.py,n_frq,44,n_frq,8,2,5,8,0.5,0.5,0.7,0.6,1.0,0.5,48.299999,40,12,46.0,68.999999,21.433333,1,1,1044,0,ilp_v3,optimal,1,44.459643,48.299832,0.920493,0.108758,1.9e-05,,0.108758,0.116068,3,0,0
n_frq\set44\n_frq_8.py,n_frq,44,n_frq,8,2,5,8,0.5,0.5,0.7,0.6,1.0,0.5,48.299999,40,12,46.0,68.999999,21.433333,1,1,1044,0,ilp_v4,optimal,1,44.478862,48.297627,0.920933,0.163196,0.0,,0.163196,0.169834,3,0,0
n_frq\set44\n_frq_8.py,n_frq,44,n_frq,8,2,5,8,0.5,0.5,0.7,0.6,1.0,0.5,48.299999,40,12,46.0,68.999999,21.433333,1,1,1044,0,greedy_sps_baseline,solved,1,6.020809,48.290931,0.124678,0.001574,,,0.001574,0.001734,3,0,0
n_frq\set44\n_frq_12.py,n_frq,44,n_frq,12,2,5,12,0.5,0.5,0.7,0.6,1.0,0.5,48.300002,40,12,45.999999,69.000002,21.433333,1,1,1044,0,ilp_v2,optimal,1,66.021955,47.428158,1.392041,0.020526,0.0,,0.020526,0.021013,3,0,0
n_frq\set44\n_frq_12.py,n_frq,44,n_frq,12,2,5,12,0.5,0.5,0.7,0.6,1.0,0.5,48.300002,40,12,45.999999,69.000002,21.433333,1,1,1044,0,ilp_v3,optimal,1,59.077731,48.223005,1.225094,0.0664,3e-06,,0.0664,0.072878,3,0,0
n_frq\set44\n_frq_12.py,n_frq,44,n_frq,12,2,5,12,0.5,0.5,0.7,0.6,1.0,0.5,48.300002,40,12,45.999999,69.000002,21.433333,1,1,1044,0,ilp_v4,optimal,1,66.021955,47.68812,1.384453,0.112549,0.0,,0.112549,0.120074,3,0,0
n_frq\set44\n_frq_12.py,n_frq,44,n_frq,12,2,5,12,0.5,0.5,0.7,0.6,1.0,0.5,48.300002,40,12,45.999999,69.000002,21.433333,1,1,1044,0,greedy_sps_baseline,solved,1,9.056276,48.187,0.18794,0.001882,,,0.001882,0.002817,3,0,0
n_frq\set45\n_frq_2.py,n_frq,45,n_frq,2,2,5,2,0.5,0.5,0.7,0.6,1.0,0.5,48.300002,40,9,46.000002,69.000003,33.100002,1,1,1045,0,ilp_v2,optimal,1,70.96381,48.170598,1.473177,0.007743,0.0,,0.007743,0.010003,3,0,0
n_frq\set45\n_frq_2.py,n_frq,45,n_frq,2,2,5,2,0.5,0.5,0.7,0.6,1.0,0.5,48.300002,40,9,46.000002,69.000003,33.100002,1,1,1045,0,ilp_v3,optimal,1,67.214996,48.293725,1.391796,0.008066,0.0,,0.008066,0.008949,3,0,0
n_frq\set45\n_frq_2.py,n_frq,45,n_frq,2,2,5,2,0.5,0.5,0.7,0.6,1.0,0.5,48.300002,40,9,46.000002,69.000003,33.100002,1,1,1045,0,ilp_v4,optimal,1,70.96381,48.170598,1.473177,0.026,0.0,,0.026,0.026263,3,0,0
n_frq\set45\n_frq_2.py,n_frq,45,n_frq,2,2,5,2,0.5,0.5,0.7,0.6,1.0,0.5,48.300002,40,9,46.000002,69.000003,33.100002,1,1,1045,0,greedy_sps_baseline,solved,1,9.783263,48.276515,0.202651,0.00099,,,0.00099,0.001228,3,0,0
n_frq\set45\n_frq_3.py,n_frq,45,n_frq,3,2,5,3,0.5,0.5,0.7,0.6,1.0,0.5,48.299998,40,11,45.999998,68.999997,23.599999,1,1,1045,0,ilp_v2,optimal,1,73.277451,48.219042,1.519679,0.01796,0.0,,0.01796,0.022494,3,0,0
n_frq\set45\n_frq_3.py,n_frq,45,n_frq,3,2,5,3,0.5,0.5,0.7,0.6,1.0,0.5,48.299998,40,11,45.999998,68.999997,23.599999,1,1,1045,0,ilp_v3,optimal,1,61.929744,46.377942,1.335328,0.008405,0.0,,0.008405,0.008827,3,0,0
n_frq\set45\n_frq_3.py,n_frq,45,n_frq,3,2,5,3,0.5,0.5,0.7,0.6,1.0,0.5,48.299998,40,11,45.999998,68.999997,23.599999,1,1,1045,0,ilp_v4,optimal,1,73.277451,48.219042,1.519679,0.036859,0.0,,0.036859,0.039823,3,0,0
n_frq\set45\n_frq_3.py,n_frq,45,n_frq,3,2,5,3,0.5,0.5,0.7,0.6,1.0,0.5,48.299998,40,11,45.999998,68.999997,23.599999,1,1,1045,0,greedy_sps_baseline,solved,1,9.351429,48.250478,0.19381,0.001109,,,0.001109,0.001272,3,0,0
n_frq\set45\n_frq_5.py,n_frq,45,n_frq,5,2,5,5,0.5,0.5,0.7,0.6,1.0,0.5,48.299998,40,11,45.999998,68.999997,23.599999,1,1,1045,0,ilp_v2,optimal,1,73.277451,48.291558,1.517397,0.032672,0.0,,0.032672,0.037614,3,0,0
n_frq\set45\n_frq_5.py,n_frq,45,n_frq,5,2,5,5,0.5,0.5,0.7,0.6,1.0,0.5,48.299998,40,11,45.999998,68.999997,23.599999,1,1,1045,0,ilp_v3,optimal,1,65.923901,48.281308,1.365413,0.013865,0.0,,0.013865,0.015634,3,0,0
n_frq\set45\n_frq_5.py,n_frq,45,n_frq,5,2,5,5,0.5,0.5,0.7,0.6,1.0,0.5,48.299998,40,11,45.999998,68.999997,23.599999,1,1,1045,0,ilp_v4,optimal,1,73.277451,48.291558,1.517397,0.062734,0.0,,0.062734,0.069883,3,0,0
n_frq\set45\n_frq_5.py,n_frq,45,n_frq,5,2,5,5,0.5,0.5,0.7,0.6,1.0,0.5,48.299998,40,11,45.999998,68.999997,23.599999,1,1,1045,0,greedy_sps_baseline,solved,1,9.351429,48.250478,0.19381,0.001125,,,0.001125,0.001289,3,0,0
n_frq\set45\n_frq_8.py,n_frq,45,n_frq,8,2,5,8,0.5,0.5,0.7,0.6,1.0,0.5,48.300002,40,13,45.999999,69.000003,23.599999,1,1,1045,0,ilp_v2,optimal,1,80.563719,48.242644,1.669969,0.124728,0.0,,0.124728,0.134846,3,0,0
n_frq\set45\n_frq_8.py,n_frq,45,n_frq,8,2,5,8,0.5,0.5,0.7,0.6,1.0,0.5,48.300002,40,13,45.999999,69.000003,23.599999,1,1,1045,0,ilp_v3,optimal,1,73.841486,48.203696,1.531864,0.094819,0.0,,0.094819,0.097426,3,0,0
n_frq\set45\n_frq_8.py,n_frq,45,n_frq,8,2,5,8,0.5,0.5,0.7,0.6,1.0,0.5,48.300002,40,13,45.999999,69.000003,23.599999,1,1,1045,0,ilp_v4,optimal,1,82.350125,47.849654,1.721018,0.050254,0.0,,0.050254,0.073849,3,0,0
n_frq\set45\n_frq_8.py,n_frq,45,n_frq,8,2,5,8,0.5,0.5,0.7,0.6,1.0,0.5,48.300002,40,13,45.999999,69.000003,23.599999,1,1,1045,0,greedy_sps_baseline,solved,1,9.405616,48.297393,0.194744,0.001656,,,0.001656,0.001832,3,0,0
n_frq\set45\n_frq_12.py,n_frq,45,n_frq,12,2,5,12,0.5,0.5,0.7,0.6,1.0,0.5,48.300002,40,10,46.000001,69.000002,21.433334,1,1,1045,0,ilp_v2,optimal,1,72.89022,46.563961,1.565378,0.03197,0.0,,0.03197,0.033109,3,0,0
n_frq\set45\n_frq_12.py,n_frq,45,n_frq,12,2,5,12,0.5,0.5,0.7,0.6,1.0,0.5,48.300002,40,10,46.000001,69.000002,21.433334,1,1,1045,0,ilp_v3,optimal,1,76.953655,48.040406,1.601853,0.02605,0.0,,0.02605,0.028089,3,0,0
n_frq\set45\n_frq_12.py,n_frq,45,n_frq,12,2,5,12,0.5,0.5,0.7,0.6,1.0,0.5,48.300002,40,10,46.000001,69.000002,21.433334,1,1,1045,0,ilp_v4,optimal,1,76.953655,48.177106,1.597308,0.038632,0.0,,0.038632,0.040672,3,0,0
n_frq\set45\n_frq_12.py,n_frq,45,n_frq,12,2,5,12,0.5,0.5,0.7,0.6,1.0,0.5,48.300002,40,10,46.000001,69.000002,21.433334,1,1,1045,0,greedy_sps_baseline,solved,1,6.200063,47.461321,0.130634,0.000846,,,0.000846,0.001131,3,0,0
n_frq\set46\n_frq_2.py,n_frq,46,n_frq,2,2,5,2,0.5,0.5,0.7,0.6,1.0,0.5,48.300001,40,13,46.0,69.000001,26.130769,1,1,1046,0,ilp_v2,optimal,1,36.716875,48.266032,0.760719,0.038785,0.0,,0.038785,0.039628,3,0,0
n_frq\set46\n_frq_2.py,n_frq,46,n_frq,2,2,5,2,0.5,0.5,0.7,0.6,1.0,0.5,48.300001,40,13,46.0,69.000001,26.130769,1,1,1046,0,ilp_v3,optimal,1,36.94535,48.28762,0.76511,0.04682,0.0,,0.04682,0.053021,3,0,0
n_frq\set46\n_frq_2.py,n_frq,46,n_frq,2,2,5,2,0.5,0.5,0.7,0.6,1.0,0.5,48.300001,40,13,46.0,69.000001,26.130769,1,1,1046,0,ilp_v4,optimal,1,36.026804,47.583607,0.757126,0.068066,0.0,,0.068066,0.091246,3,0,0
n_frq\set46\n_frq_2.py,n_frq,46,n_frq,2,2,5,2,0.5,0.5,0.7,0.6,1.0,0.5,48.300001,40,13,46.0,69.000001,26.130769,1,1,1046,0,greedy_sps_baseline,solved,1,6.373665,48.01054,0.132756,0.001927,,,0.001927,0.002537,3,0,0
n_frq\set46\n_frq_3.py,n_frq,46,n_frq,3,2,5,3,0.5,0.5,0.7,0.6,1.0,0.5,48.300001,40,13,46.0,69.000001,26.130769,1,1,1046,0,ilp_v2,optimal,1,39.426227,48.253552,0.817064,0.007423,0.0,,0.007423,0.008654,3,0,0
n_frq\set46\n_frq_3.py,n_frq,46,n_frq,3,2,5,3,0.5,0.5,0.7,0.6,1.0,0.5,48.300001,40,13,46.0,69.000001,26.130769,1,1,1046,0,ilp_v3,optimal,1,39.426227,48.168221,0.818511,0.01021,0.0,,0.01021,0.012493,3,0,0
n_frq\set46\n_frq_3.py,n_frq,46,n_frq,3,2,5,3,0.5,0.5,0.7,0.6,1.0,0.5,48.300001,40,13,46.0,69.000001,26.130769,1,1,1046,0,ilp_v4,optimal,1,39.426227,48.267813,0.816822,0.048645,0.0,,0.048645,0.057515,3,0,0
n_frq\set46\n_frq_3.py,n_frq,46,n_frq,3,2,5,3,0.5,0.5,0.7,0.6,1.0,0.5,48.300001,40,13,46.0,69.000001,26.130769,1,1,1046,0,greedy_sps_baseline,solved,1,6.373665,48.01054,0.132756,0.003273,,,0.003273,0.003433,3,0,0
n_frq\set46\n_frq_5.py,n_frq,46,n_frq,5,2,5,5,0.5,0.5,0.7,0.6,1.0,0.5,48.300002,40,13,46.0,69.000003,22.042857,1,1,1046,0,ilp_v2,optimal,1,42.176381,48.29314,0.873341,0.028457,0.0,,0.028457,0.033304,3,0,0
n_frq\set46\n_frq_5.py,n_frq,46,n_frq,5,2,5,5,0.5,0.5,0.7,0.6,1.0,0.5,48.300002,40,13,46.0,69.000003,22.042857,1,1,1046,0,ilp_v3,optimal,1,30.404526,47.676549,0.637725,0.035663,0.0,,0.035663,0.038441,3,0,0
n_frq\set46\n_frq_5.py,n_frq,46,n_frq,5,2,5,5,0.5,0.5,0.7,0.6,1.0,0.5,48.300002,40,13,46.0,69.000003,22.042857,1,1,1046,0,ilp_v4,optimal,1,45.89691,48.251949,0.951193,0.127016,0.0,,0.127016,0.136451,3,0,0
n_frq\set46\n_frq_5.py,n_frq,46,n_frq,5,2,5,5,0.5,0.5,0.7,0.6,1.0,0.5,48.300002,40,13,46.0,69.000003,22.042857,1,1,1046,0,greedy_sps_baseline,solved,1,5.8893,48.225115,0.122121,0.003314,,,0.003314,0.003596,3,0,0
n_frq\set46\n_frq_8.py,n_frq,46,n_frq,8,2,5,8,0.5,0.5,0.7,0.6,1.0,0.5,48.299997,40,12,46.000002,68.999995,21.433334,1,1,1046,0,ilp_v2,optimal,1,61.816386,47.617051,1.298199,0.026054,0.0,,0.026054,0.026616,3,0,0
n_frq\set46\n_frq_8.py,n_frq,46,n_frq,8,2,5,8,0.5,0.5,0.7,0.6,1.0,0.5,48.299997,40,12,46.000002,68.999995,21.433334,1,1,1046,0,ilp_v3,optimal,1,67.181863,48.117827,1.396195,0.125505,0.0,,0.125505,0.130534,3,0,0
n_frq\set46\n_frq_8.py,n_frq,46,n_frq,8,2,5,8,0.5,0.5,0.7,0.6,1.0,0.5,48.299997,40,12,46.000002,68.999995,21.433334,1,1,1046,0,ilp_v4,optimal,1,67.181863,48.117827,1.396195,0.211547,0.0,,0.211547,0.222824,3,0,0
n_frq\set46\n_frq_8.py,n_frq,46,n_frq,8,2,5,8,0.5,0.5,0.7,0.6,1.0,0.5,48.299997,40,12,46.000002,68.999995,21.433334,1,1,1046,0,greedy_sps_baseline,solved,1,7.70441,48.218302,0.159782,0.003304,,,0.003304,0.00336,3,0,0
n_frq\set46\n_frq_12.py,n_frq,46,n_frq,12,2,5,12,0.5,0.5,0.7,0.6,1.0,0.5,48.300001,40,13,45.999999,69.000001,21.433333,1,1,1046,0,ilp_v2,optimal,1,44.264403,48.293172,0.916577,0.04199,0.0,,0.04199,0.042926,3,0,0
n_frq\set46\n_frq_12.py,n_frq,46,n_frq,12,2,5,12,0.5,0.5,0.7,0.6,1.0,0.5,48.300001,40,13,45.999999,69.000001,21.433333,1,1,1046,0,ilp_v3,optimal,1,44.264403,48.273855,0.916944,0.027315,0.0,,0.027315,0.031962,3,0,0
n_frq\set46\n_frq_12.py,n_frq,46,n_frq,12,2,5,12,0.5,0.5,0.7,0.6,1.0,0.5,48.300001,40,13,45.999999,69.000001,21.433333,1,1,1046,0,ilp_v4,optimal,1,44.264403,48.05729,0.921076,0.103915,0.0,,0.103915,0.113551,3,0,0
n_frq\set46\n_frq_12.py,n_frq,46,n_frq,12,2,5,12,0.5,0.5,0.7,0.6,1.0,0.5,48.300001,40,13,45.999999,69.000001,21.433333,1,1,1046,0,greedy_sps_baseline,solved,1,5.095272,47.929136,0.106308,0.001588,,,0.001588,0.002216,3,0,0
n_frq\set47\n_frq_2.py,n_frq,47,n_frq,2,2,5,2,0.5,0.5,0.7,0.6,1.0,0.5,48.300003,40,11,46.000001,69.000005,22.042858,1,1,1047,0,ilp_v2,optimal,1,34.186949,48.270079,0.708243,0.029129,0.0,,0.029129,0.029867,3,0,0
n_frq\set47\n_frq_2.py,n_frq,47,n_frq,2,2,5,2,0.5,0.5,0.7,0.6,1.0,0.5,48.300003,40,11,46.000001,69.000005,22.042858,1,1,1047,0,ilp_v3,optimal,1,34.893741,48.236553,0.723388,0.039167,0.0,,0.039167,0.046942,3,0,0
n_frq\set47\n_frq_2.py,n_frq,47,n_frq,2,2,5,2,0.5,0.5,0.7,0.6,1.0,0.5,48.300003,40,11,46.000001,69.000005,22.042858,1,1,1047,0,ilp_v4,optimal,1,34.356961,48.278315,0.711644,0.232592,0.0,,0.232592,0.273744,3,0,0
n_frq\set47\n_frq_2.py,n_frq,47,n_frq,2,2,5,2,0.5,0.5,0.7,0.6,1.0,0.5,48.300003,40,11,46.000001,69.000005,22.042858,1,1,1047,0,greedy_sps_baseline,solved,1,9.438322,48.270327,0.195531,0.001465,,,0.001465,0.001695,3,0,0
n_frq\set47\n_frq_3.py,n_frq,47,n_frq,3,2,5,3,0.5,0.5,0.7,0.6,1.0,0.5,48.299999,40,11,46.000002,68.999999,22.000001,1,1,1047,0,ilp_v2,optimal,1,38.528609,48.290236,0.797855,0.04668,0.0,,0.04668,0.04891,3,0,0
n_frq\set47\n_frq_3.py,n_frq,47,n_frq,3,2,5,3,0.5,0.5,0.7,0.6,1.0,0.5,48.299999,40,11,46.000002,68.999999,22.000001,1,1,1047,0,ilp_v3,optimal,1,38.505631,48.246359,0.798104,0.173278,0.0,,0.173278,0.186854,3,0,0
n_frq\set47\n_frq_3.py,n_frq,47,n_frq,3,2,5,3,0.5,0.5,0.7,0.6,1.0,0.5,48.299999,40,11,46.000002,68.999999,22.000001,1,1,1047,0,ilp_v4,optimal,1,44.392393,48.233405,0.920366,0.165951,0.0,,0.165951,0.191416,3,0,0
n_frq\set47\n_frq_3.py,n_frq,47,n_frq,3,2,5,3,0.5,0.5,0.7,0.6,1.0,0.5,48.299999,40,11,46.000002,68.999999,22.000001,1,1,1047,0,greedy_sps_baseline,solved,1,6.267225,48.226447,0.129954,0.001763,,,0.001763,0.001902,3,0,0
n_frq\set47\n_frq_5.py,n_frq,47,n_frq,5,2,5,5,0.5,0.5,0.7,0.6,1.0,0.5,48.299999,40,13,46.000002,68.999999,22.000001,1,1,1047,0,ilp_v2,optimal,1,57.03498,48.296418,1.180936,0.077665,0.0,,0.077665,0.091811,3,0,0
n_frq\set47\n_frq_5.py,n_frq,47,n_frq,5,2,5,5,0.5,0.5,0.7,0.6,1.0,0.5,48.299999,40,13,46.000002,68.999999,22.000001,1,1,1047,0,ilp_v3,optimal,1,54.344071,48.237451,1.126595,0.232525,0.0,,0.232525,0.319662,3,0,0
n_frq\set47\n_frq_5.py,n_frq,47,n_frq,5,2,5,5,0.5,0.5,0.7,0.6,1.0,0.5,48.299999,40,13,46.000002,68.999999,22.000001,1,1,1047,0,ilp_v4,optimal,1,57.996379,48.21063,1.202979,0.096496,0.0,,0.096496,0.114212,3,0,0
n_frq\set47\n_frq_5.py,n_frq,47,n_frq,5,2,5,5,0.5,0.5,0.7,0.6,1.0,0.5,48.299999,40,13,46.000002,68.999999,22.000001,1,1,1047,0,greedy_sps_baseline,solved,1,8.767553,48.016741,0.182594,0.002141,,,0.002141,0.002333,3,0,0
n_frq\set47\n_frq_8.py,n_frq,47,n_frq,8,2,5,8,0.5,0.5,0.7,0.6,1.0,0.5,48.300002,40,12,46.0,69.000003,21.4,1,1,1047,0,ilp_v2,optimal,1,44.680096,48.207937,0.92682,0.112025,0.0,,0.112025,0.11767,3,0,0
n_frq\set47\n_frq_8.py,n_frq,47,n_frq,8,2,5,8,0.5,0.5,0.7,0.6,1.0,0.5,48.300002,40,12,46.0,69.000003,21.4,1,1,1047,0,ilp_v3,optimal,1,50.933492,47.944206,1.062349,0.069187,0.0,,0.069187,0.074641,3,0,0
n_frq\set47\n_frq_8.py,n_frq,47,n_frq,8,2,5,8,0.5,0.5,0.7,0.6,1.0,0.5,48.300002,40,12,46.0,69.000003,21.4,1,1,1047,0,ilp_v4,optimal,1,56.074459,48.190623,1.163597,0.106689,0.0,,0.106689,0.11145,3,0,0
n_frq\set47\n_frq_8.py,n_frq,47,n_frq,8,2,5,8,0.5,0.5,0.7,0.6,1.0,0.5,48.300002,40,12,46.0,69.000003,21.4,1,1,1047,0,greedy_sps_baseline,solved,1,8.867536,48.078908,0.184437,0.002266,,,0.002266,0.002667,3,0,0
n_frq\set47\n_frq_12.py,n_frq,47,n_frq,12,2,5,12,0.5,0.5,0.7,0.6,1.0,0.5,48.300001,40,15,46.0,69.000001,21.4,1,1,1047,0,ilp_v2,optimal,1,71.939452,48.295473,1.489569,0.324946,0.0,,0.324946,0.347022,3,0,0
n_frq\set47\n_frq_12.py,n_frq,47,n_frq,12,2,5,12,0.5,0.5,0.7,0.6,1.0,0.5,48.300001,40,15,46.0,69.000001,21.4,1,1,1047,0,ilp_v3,optimal,1,65.292235,48.282991,1.352282,0.160199,0.0,,0.160199,0.173305,3,0,0
n_frq\set47\n_frq_12.py,n_frq,47,n_frq,12,2,5,12,0.5,0.5,0.7,0.6,1.0,0.5,48.300001,40,15,46.0,69.000001,21.4,1,1,1047,0,ilp_v4,optimal,1,64.629261,48.252359,1.339401,0.306351,0.0,,0.306351,0.322078,3,0,0
n_frq\set47\n_frq_12.py,n_frq,47,n_frq,12,2,5,12,0.5,0.5,0.7,0.6,1.0,0.5,48.300001,40,15,46.0,69.000001,21.4,1,1,1047,0,greedy_sps_baseline,solved,1,8.472668,48.293451,0.175441,0.003758,,,0.003758,0.003928,3,0,0
n_frq\set48\n_frq_2.py,n_frq,48,n_frq,2,2,5,2,0.5,0.5,0.7,0.6,1.0,0.5,48.299999,40,15,46.000001,68.999999,22.000001,1,1,1048,0,ilp_v2,optimal,1,21.324851,47.872853,0.445448,0.033619,0.0,,0.033619,0.034445,3,0,0
n_frq\set48\n_frq_2.py,n_frq,48,n_frq,2,2,5,2,0.5,0.5,0.7,0.6,1.0,0.5,48.299999,40,15,46.000001,68.999999,22.000001,1,1,1048,0,ilp_v3,optimal,1,32.735916,48.299254,0.677773,0.028441,4.5e-05,,0.028441,0.029604,3,0,0
n_frq\set48\n_frq_2.py,n_frq,48,n_frq,2,2,5,2,0.5,0.5,0.7,0.6,1.0,0.5,48.299999,40,15,46.000001,68.999999,22.000001,1,1,1048,0,ilp_v4,optimal,1,32.768725,48.298547,0.678462,0.168505,6.4e-05,,0.168505,0.191766,3,0,0
n_frq\set48\n_frq_2.py,n_frq,48,n_frq,2,2,5,2,0.5,0.5,0.7,0.6,1.0,0.5,48.299999,40,15,46.000001,68.999999,22.000001,1,1,1048,0,greedy_sps_baseline,solved,1,3.749747,48.281629,0.077664,0.007016,,,0.007016,0.011201,3,0,0
n_frq\set48\n_frq_3.py,n_frq,48,n_frq,3,2,5,3,0.5,0.5,0.7,0.6,1.0,0.5,48.299996,40,12,45.999998,68.999994,21.399999,1,1,1048,0,ilp_v2,optimal,1,31.59679,46.967412,0.672739,0.03072,0.0,,0.03072,0.035626,3,0,0
n_frq\set48\n_frq_3.py,n_frq,48,n_frq,3,2,5,3,0.5,0.5,0.7,0.6,1.0,0.5,48.299996,40,12,45.999998,68.999994,21.399999,1,1,1048,0,ilp_v3,optimal,1,35.990051,48.296995,0.745182,0.045361,0.0,,0.045361,0.049523,3,0,0
n_frq\set48\n_frq_3.py,n_frq,48,n_frq,3,2,5,3,0.5,0.5,0.7,0.6,1.0,0.5,48.299996,40,12,45.999998,68.999994,21.399999,1,1,1048,0,ilp_v4,optimal,1,36.034486,48.298429,0.74608,0.175131,5.6e-05,,0.175131,0.208527,3,0,0
n_frq\set48\n_frq_3.py,n_frq,48,n_frq,3,2,5,3,0.5,0.5,0.7,0.6,1.0,0.5,48.299996,40,12,45.999998,68.999994,21.399999,1,1,1048,0,greedy_sps_baseline,solved,1,5.358164,48.290792,0.110956,0.00218,,,0.00218,0.002286,3,0,0
n_frq\set48\n_frq_5.py,n_frq,48,n_frq,5,2,5,5,0.5,0.5,0.7,0.6,1.0,0.5,48.300002,40,13,45.999997,69.000002,21.399998,1,1,1048,0,ilp_v2,optimal,1,61.401314,48.182083,1.27436,0.048559,0.0,,0.048559,0.052681,3,0,0
n_frq\set48\n_frq_5.py,n_frq,48,n_frq,5,2,5,5,0.5,0.5,0.7,0.6,1.0,0.5,48.300002,40,13,45.999997,69.000002,21.399998,1,1,1048,0,ilp_v3,optimal,1,61.401314,48.182083,1.27436,0.045009,0.0,,0.045009,0.048162,3,0,0
n_frq\set48\n_frq_5.py,n_frq,48,n_frq,5,2,5,5,0.5,0.5,0.7,0.6,1.0,0.5,48.300002,40,13,45.999997,69.000002,21.399998,1,1,1048,0,ilp_v4,optimal,1,59.648276,48.260891,1.235955,0.109585,0.0,,0.109585,0.113294,3,0,0
n_frq\set48\n_frq_5.py,n_frq,48,n_frq,5,2,5,5,0.5,0.5,0.7,0.6,1.0,0.5,48.300002,40,13,45.999997,69.000002,21.399998,1,1,1048,0,greedy_sps_baseline,solved,1,8.49328,48.222464,0.176127,0.00149,,,0.00149,0.001778,3,0,0
n_frq\set48\n_frq_8.py,n_frq,48,n_frq,8,2,5,8,0.5,0.5,0.7,0.6,1.0,0.5,48.3,40,13,46.000003,69.0,21.400002,1,1,1048,0,ilp_v2,optimal,1,46.431214,48.213652,0.96303,0.027043,0.0,,0.027043,0.030266,3,0,0
n_frq\set48\n_frq_8.py,n_frq,48,n_frq,8,2,5,8,0.5,0.5,0.7,0.6,1.0,0.5,48.3,40,13,46.000003,69.0,21.400002,1,1,1048,0,ilp_v3,optimal,1,45.63357,48.262624,0.945526,0.033469,0.0,,0.033469,0.037432,3,0,0
n_frq\set48\n_frq_8.py,n_frq,48,n_frq,8,2,5,8,0.5,0.5,0.7,0.6,1.0,0.5,48.3,40,13,46.000003,69.0,21.400002,1,1,1048,0,ilp_v4,optimal,1,49.903006,48.263063,1.033979,0.124785,0.0,,0.124785,0.128717,3,0,0
n_frq\set48\n_frq_8.py,n_frq,48,n_frq,8,2,5,8,0.5,0.5,0.7,0.6,1.0,0.5,48.3,40,13,46.000003,69.0,21.400002,1,1,1048,0,greedy_sps_baseline,solved,1,9.020208,48.158156,0.187304,0.001726,,,0.001726,0.001924,3,0,0
n_frq\set48\n_frq_12.py,n_frq,48,n_frq,12,2,5,12,0.5,0.5,0.7,0.6,1.0,0.5,48.300001,40,13,46.000001,69.000001,21.400001,1,1,1048,0,ilp_v2,optimal,1,64.716482,48.295039,1.340023,0.129883,0.0,,0.129883,0.14054,3,0,0
n_frq\set48\n_frq_12.py,n_frq,48,n_frq,12,2,5,12,0.5,0.5,0.7,0.6,1.0,0.5,48.300001,40,13,46.000001,69.000001,21.400001,1,1,1048,0,ilp_v3,optimal,1,69.1848,48.176524,1.436069,0.022116,0.0,,0.022116,0.02549,3,0,0
n_frq\set48\n_frq_12.py,n_frq,48,n_frq,12,2,5,12,0.5,0.5,0.7,0.6,1.0,0.5,48.300001,40,13,46.000001,69.000001,21.400001,1,1,1048,0,ilp_v4,optimal,1,69.1848,48.273574,1.433182,0.126159,0.0,,0.126159,0.150512,3,0,0
n_frq\set48\n_frq_12.py,n_frq,48,n_frq,12,2,5,12,0.5,0.5,0.7,0.6,1.0,0.5,48.300001,40,13,46.000001,69.000001,21.400001,1,1,1048,0,greedy_sps_baseline,solved,1,8.613498,48.245123,0.178536,0.001494,,,0.001494,0.001658,3,0,0
n_frq\set49\n_frq_2.py,n_frq,49,n_frq,2,2,5,2,0.5,0.5,0.7,0.6,1.0,0.5,48.299997,40,15,46.000001,68.999995,33.100001,1,1,1049,0,ilp_v2,optimal,1,63.100541,48.271689,1.307196,0.063944,0.0,,0.063944,0.071384,3,0,0
n_frq\set49\n_frq_2.py,n_frq,49,n_frq,2,2,5,2,0.5,0.5,0.7,0.6,1.0,0.5,48.299997,40,15,46.000001,68.999995,33.100001,1,1,1049,0,ilp_v3,optimal,1,79.513397,48.283866,1.64679,0.017298,0.0,,0.017298,0.020065,3,0,0
n_frq\set49\n_frq_2.py,n_frq,49,n_frq,2,2,5,2,0.5,0.5,0.7,0.6,1.0,0.5,48.299997,40,15,46.000001,68.999995,33.100001,1,1,1049,0,ilp_v4,optimal,1,74.931444,48.291071,1.551663,0.104955,3.4e-05,,0.104955,0.117496,3,0,0
n_frq\set49\n_frq_2.py,n_frq,49,n_frq,2,2,5,2,0.5,0.5,0.7,0.6,1.0,0.5,48.299997,40,15,46.000001,68.999995,33.100001,1,1,1049,0,greedy_sps_baseline,solved,1,7.527141,48.25085,0.156,0.004679,,,0.004679,0.00478,3,0,0
n_frq\set49\n_frq_3.py,n_frq,49,n_frq,3,2,5,3,0.5,0.5,0.7,0.6,1.0,0.5,48.299997,40,15,46.000001,68.999995,30.500001,1,1,1049,0,ilp_v2,optimal,1,64.10105,48.25895,1.328273,0.135522,0.0,,0.135522,0.144332,3,0,0
n_frq\set49\n_frq_3.py,n_frq,49,n_frq,3,2,5,3,0.5,0.5,0.7,0.6,1.0,0.5,48.299997,40,15,46.000001,68.999995,30.500001,1,1,1049,0,ilp_v3,optimal,1,86.044542,47.912569,1.795866,0.011749,0.0,,0.011749,0.012589,3,0,0
n_frq\set49\n_frq_3.py,n_frq,49,n_frq,3,2,5,3,0.5,0.5,0.7,0.6,1.0,0.5,48.299997,40,15,46.000001,68.999995,30.500001,1,1,1049,0,ilp_v4,optimal,1,81.618377,48.288748,1.690215,0.137388,0.0,,0.137388,0.14001,3,0,0
n_frq\set49\n_frq_3.py,n_frq,49,n_frq,3,2,5,3,0.5,0.5,0.7,0.6,1.0,0.5,48.299997,40,15,46.000001,68.999995,30.500001,1,1,1049,0,greedy_sps_baseline,solved,1,7.527141,48.25085,0.156,0.004663,,,0.004663,0.005118,3,0,0
n_frq\set49\n_frq_5.py,n_frq,49,n_frq,5,2,5,5,0.5,0.5,0.7,0.6,1.0,0.5,48.299996,40,11,45.999998,68.999994,23.599999,1,1,1049,0,ilp_v2,optimal,1,81.046541,48.27632,1.678805,0.067179,0.0,,0.067179,0.06808,3,0,0
n_frq\set49\n_frq_5.py,n_frq,49,n_frq,5,2,5,5,0.5,0.5,0.7,0.6,1.0,0.5,48.299996,40,11,45.999998,68.999994,23.599999,1,1,1049,0,ilp_v3,optimal,1,67.098296,48.079352,1.395574,0.015027,0.0,,0.015027,0.015933,3,0,0
n_frq\set49\n_frq_5.py,n_frq,49,n_frq,5,2,5,5,0.5,0.5,0.7,0.6,1.0,0.5,48.299996,40,11,45.999998,68.999994,23.599999,1,1,1049,0,ilp_v4,optimal,1,81.046541,48.27632,1.678805,0.090671,0.0,,0.090671,0.093845,3,0,0
n_frq\set49\n_frq_5.py,n_frq,49,n_frq,5,2,5,5,0.5,0.5,0.7,0.6,1.0,0.5,48.299996,40,11,45.999998,68.999994,23.599999,1,1,1049,0,greedy_sps_baseline,solved,1,9.363819,48.259472,0.194031,0.001209,,,0.001209,0.001387,3,0,0
n_frq\set49\n_frq_8.py,n_frq,49,n_frq,8,2,5,8,0.5,0.5,0.7,0.6,1.0,0.5,48.299997,40,12,45.999998,68.999995,21.433332,1,1,1049,0,ilp_v2,optimal,1,58.435902,48.205109,1.212235,0.099194,0.0,,0.099194,0.101981,3,0,0
n_frq\set49\n_frq_8.py,n_frq,49,n_frq,8,2,5,8,0.5,0.5,0.7,0.6,1.0,0.5,48.299997,40,12,45.999998,68.999995,21.433332,1,1,1049,0,ilp_v3,optimal,1,49.964495,48.185141,1.036927,0.019174,0.0,,0.019174,0.021973,3,0,0
n_frq\set49\n_frq_8.py,n_frq,49,n_frq,8,2,5,8,0.5,0.5,0.7,0.6,1.0,0.5,48.299997,40,12,45.999998,68.999995,21.433332,1,1,1049,0,ilp_v4,optimal,1,61.101522,48.04417,1.271778,0.059995,0.0,,0.059995,0.084273,3,0,0
n_frq\set49\n_frq_8.py,n_frq,49,n_frq,8,2,5,8,0.5,0.5,0.7,0.6,1.0,0.5,48.299997,40,12,45.999998,68.999995,21.433332,1,1,1049,0,greedy_sps_baseline,solved,1,6.27626,48.214173,0.130175,0.00152,,,0.00152,0.001593,3,0,0
n_frq\set49\n_frq_12.py,n_frq,49,n_frq,12,2,5,12,0.5,0.5,0.7,0.6,1.0,0.5,48.300006,40,15,46.000002,69.000009,21.400001,1,1,1049,0,ilp_v2,optimal,1,70.499344,48.247968,1.461188,0.087035,0.0,,0.087035,0.10996,3,0,0
n_frq\set49\n_frq_12.py,n_frq,49,n_frq,12,2,5,12,0.5,0.5,0.7,0.6,1.0,0.5,48.300006,40,15,46.000002,69.000009,21.400001,1,1,1049,0,ilp_v3,optimal,1,70.040396,48.299611,1.450123,0.113718,0.0,,0.113718,0.117283,3,0,0
n_frq\set49\n_frq_12.py,n_frq,49,n_frq,12,2,5,12,0.5,0.5,0.7,0.6,1.0,0.5,48.300006,40,15,46.000002,69.000009,21.400001,1,1,1049,0,ilp_v4,optimal,1,72.57622,47.82905,1.517409,0.205778,0.0,,0.205778,0.236283,3,0,0
n_frq\set49\n_frq_12.py,n_frq,49,n_frq,12,2,5,12,0.5,0.5,0.7,0.6,1.0,0.5,48.300006,40,15,46.000002,69.000009,21.400001,1,1,1049,0,greedy_sps_baseline,solved,1,9.286946,48.187897,0.192724,0.001985,,,0.001985,0.002196,3,0,0
n_frq\set50\n_frq_2.py,n_frq,50,n_frq,2,2,5,2,0.5,0.5,0.7,0.6,1.0,0.5,48.299998,40,11,45.999999,68.999998,23.00909,1,1,1050,0,ilp_v2,optimal,1,44.796756,48.203422,0.929327,0.038132,0.0,,0.038132,0.041778,3,0,0
n_frq\set50\n_frq_2.py,n_frq,50,n_frq,2,2,5,2,0.5,0.5,0.7,0.6,1.0,0.5,48.299998,40,11,45.999999,68.999998,23.00909,1,1,1050,0,ilp_v3,optimal,1,38.434481,48.26288,0.796357,0.055498,0.0,,0.055498,0.058362,3,0,0
n_frq\set50\n_frq_2.py,n_frq,50,n_frq,2,2,5,2,0.5,0.5,0.7,0.6,1.0,0.5,48.299998,40,11,45.999999,68.999998,23.00909,1,1,1050,0,ilp_v4,optimal,1,47.958128,48.285824,0.993213,0.10067,0.0,,0.10067,0.11342,3,0,0
n_frq\set50\n_frq_2.py,n_frq,50,n_frq,2,2,5,2,0.5,0.5,0.7,0.6,1.0,0.5,48.299998,40,11,45.999999,68.999998,23.00909,1,1,1050,0,greedy_sps_baseline,solved,1,9.011041,48.204548,0.186933,0.001077,,,0.001077,0.00122,3,0,0
n_frq\set50\n_frq_3.py,n_frq,50,n_frq,3,2,5,3,0.5,0.5,0.7,0.6,1.0,0.5,48.3,40,13,46.000001,69.0,23.009091,1,1,1050,0,ilp_v2,optimal,1,69.20175,48.19793,1.435783,0.082856,0.0,,0.082856,0.085873,3,0,0
n_frq\set50\n_frq_3.py,n_frq,50,n_frq,3,2,5,3,0.5,0.5,0.7,0.6,1.0,0.5,48.3,40,13,46.000001,69.0,23.009091,1,1,1050,0,ilp_v3,optimal,1,66.8455,48.270101,1.384822,0.014846,0.0,,0.014846,0.015033,3,0,0
n_frq\set50\n_frq_3.py,n_frq,50,n_frq,3,2,5,3,0.5,0.5,0.7,0.6,1.0,0.5,48.3,40,13,46.000001,69.0,23.009091,1,1,1050,0,ilp_v4,optimal,1,66.298762,48.290204,1.372924,0.154748,0.0,,0.154748,0.200563,3,0,0
n_frq\set50\n_frq_3.py,n_frq,50,n_frq,3,2,5,3,0.5,0.5,0.7,0.6,1.0,0.5,48.3,40,13,46.000001,69.0,23.009091,1,1,1050,0,greedy_sps_baseline,solved,1,8.098462,48.217712,0.167956,0.001589,,,0.001589,0.001715,3,0,0
n_frq\set50\n_frq_5.py,n_frq,50,n_frq,5,2,5,5,0.5,0.5,0.7,0.6,1.0,0.5,48.300002,40,15,46.000003,69.000002,23.009093,1,1,1050,0,ilp_v2,optimal,1,54.412184,48.156063,1.129913,0.101768,0.0,,0.101768,0.117967,3,0,0
n_frq\set50\n_frq_5.py,n_frq,50,n_frq,5,2,5,5,0.5,0.5,0.7,0.6,1.0,0.5,48.300002,40,15,46.000003,69.000002,23.009093,1,1,1050,0,ilp_v3,optimal,1,55.142451,48.287717,1.141956,0.144332,0.0,,0.144332,0.161997,3,0,0
n_frq\set50\n_frq_5.py,n_frq,50,n_frq,5,2,5,5,0.5,0.5,0.7,0.6,1.0,0.5,48.300002,40,15,46.000003,69.000002,23.009093,1,1,1050,0,ilp_v4,optimal,1,57.537279,47.93695,1.20027,0.163794,0.0,,0.163794,0.196453,3,0,0
n_frq\set50\n_frq_5.py,n_frq,50,n_frq,5,2,5,5,0.5,0.5,0.7,0.6,1.0,0.5,48.300002,40,15,46.000003,69.000002,23.009093,1,1,1050,0,greedy_sps_baseline,solved,1,8.37532,48.231578,0.173648,0.002553,,,0.002553,0.002938,3,0,0
n_frq\set50\n_frq_8.py,n_frq,50,n_frq,8,2,5,8,0.5,0.5,0.7,0.6,1.0,0.5,48.300002,40,13,46.000001,69.000003,21.400001,1,1,1050,0,ilp_v2,optimal,1,63.403101,48.234051,1.314488,0.072176,0.0,,0.072176,0.084544,3,0,0
n_frq\set50\n_frq_8.py,n_frq,50,n_frq,8,2,5,8,0.5,0.5,0.7,0.6,1.0,0.5,48.300002,40,13,46.000001,69.000003,21.400001,1,1,1050,0,ilp_v3,optimal,1,65.284868,48.204266,1.354338,0.055127,5.6e-05,,0.055127,0.059238,3,0,0
n_frq\set50\n_frq_8.py,n_frq,50,n_frq,8,2,5,8,0.5,0.5,0.7,0.6,1.0,0.5,48.300002,40,13,46.000001,69.000003,21.400001,1,1,1050,0,ilp_v4,optimal,1,67.297862,48.242993,1.394977,0.165992,0.0,,0.165992,0.172265,3,0,0
n_frq\set50\n_frq_8.py,n_frq,50,n_frq,8,2,5,8,0.5,0.5,0.7,0.6,1.0,0.5,48.300002,40,13,46.000001,69.000003,21.400001,1,1,1050,0,greedy_sps_baseline,solved,1,8.755316,48.185003,0.181702,0.002417,,,0.002417,0.002937,3,0,0
n_frq\set50\n_frq_12.py,n_frq,50,n_frq,12,2,5,12,0.5,0.5,0.7,0.6,1.0,0.5,48.300001,40,10,46.000001,69.000001,21.400001,1,1,1050,0,ilp_v2,optimal,1,51.793052,48.222668,1.07404,0.033642,0.0,,0.033642,0.03562,3,0,0
n_frq\set50\n_frq_12.py,n_frq,50,n_frq,12,2,5,12,0.5,0.5,0.7,0.6,1.0,0.5,48.300001,40,10,46.000001,69.000001,21.400001,1,1,1050,0,ilp_v3,optimal,1,55.771651,47.619486,1.171194,0.03065,0.0,,0.03065,0.031467,3,0,0
n_frq\set50\n_frq_12.py,n_frq,50,n_frq,12,2,5,12,0.5,0.5,0.7,0.6,1.0,0.5,48.300001,40,10,46.000001,69.000001,21.400001,1,1,1050,0,ilp_v4,optimal,1,69.805849,48.152555,1.449681,0.062657,0.0,,0.062657,0.06503,3,0,0
n_frq\set50\n_frq_12.py,n_frq,50,n_frq,12,2,5,12,0.5,0.5,0.7,0.6,1.0,0.5,48.300001,40,10,46.000001,69.000001,21.400001,1,1,1050,0,greedy_sps_baseline,solved,1,8.370398,48.288537,0.173341,0.001278,,,0.001278,0.001439,3,0,0
n_frq\set51\n_frq_2.py,n_frq,51,n_frq,2,2,5,2,0.5,0.5,0.7,0.6,1.0,0.5,48.299999,40,11,46.000003,68.999999,23.600002,1,1,1051,0,ilp_v2,optimal,1,16.646392,48.278074,0.344802,0.006467,0.0,,0.006467,0.010748,3,0,0
n_frq\set51\n_frq_2.py,n_frq,51,n_frq,2,2,5,2,0.5,0.5,0.7,0.6,1.0,0.5,48.299999,40,11,46.000003,68.999999,23.600002,1,1,1051,0,ilp_v3,optimal,1,16.646392,48.278074,0.344802,0.006383,0.0,,0.006383,0.006691,3,0,0
n_frq\set51\n_frq_2.py,n_frq,51,n_frq,2,2,5,2,0.5,0.5,0.7,0.6,1.0,0.5,48.299999,40,11,46.000003,68.999999,23.600002,1,1,1051,0,ilp_v4,optimal,1,16.646392,48.278074,0.344802,0.039053,0.0,,0.039053,0.041626,3,0,0
n_frq\set51\n_frq_2.py,n_frq,51,n_frq,2,2,5,2,0.5,0.5,0.7,0.6,1.0,0.5,48.299999,40,11,46.000003,68.999999,23.600002,1,1,1051,0,greedy_sps_baseline,solved,1,6.180047,47.922761,0.128958,0.002239,,,0.002239,0.002794,3,0,0
n_frq\set51\n_frq_3.py,n_frq,51,n_frq,3,2,5,3,0.5,0.5,0.7,0.6,1.0,0.5,48.299999,40,10,46.000002,68.999999,22.042858,1,1,1051,0,ilp_v2,optimal,1,25.125858,48.29283,0.520281,0.02176,0.0,,0.02176,0.024473,3,0,0
n_frq\set51\n_frq_3.py,n_frq,51,n_frq,3,2,5,3,0.5,0.5,0.7,0.6,1.0,0.5,48.299999,40,10,46.000002,68.999999,22.042858,1,1,1051,0,ilp_v3,optimal,1,25.26799,48.297977,0.523169,0.01485,0.0,,0.01485,0.015157,3,0,0
n_frq\set51\n_frq_3.py,n_frq,51,n_frq,3,2,5,3,0.5,0.5,0.7,0.6,1.0,0.5,48.299999,40,10,46.000002,68.999999,22.042858,1,1,1051,0,ilp_v4,optimal,1,25.125858,48.29283,0.520281,0.10474,0.0,,0.10474,0.119874,3,0,0
n_frq\set51\n_frq_3.py,n_frq,51,n_frq,3,2,5,3,0.5,0.5,0.7,0.6,1.0,0.5,48.299999,40,10,46.000002,68.999999,22.042858,1,1,1051,0,greedy_sps_baseline,solved,1,6.282204,48.241987,0.130223,0.002736,,,0.002736,0.003256,3,0,0
n_frq\set51\n_frq_5.py,n_frq,51,n_frq,5,2,5,5,0.5,0.5,0.7,0.6,1.0,0.5,48.300002,40,11,45.999998,69.000002,21.999999,1,1,1051,0,ilp_v2,optimal,1,50.981086,48.123795,1.059374,0.017506,0.0,,0.017506,0.019327,3,0,0
n_frq\set51\n_frq_5.py,n_frq,51,n_frq,5,2,5,5,0.5,0.5,0.7,0.6,1.0,0.5,48.300002,40,11,45.999998,69.000002,21.999999,1,1,1051,0,ilp_v3,optimal,1,50.741459,48.193297,1.052874,0.089279,0.0,,0.089279,0.094862,3,0,0
n_frq\set51\n_frq_5.py,n_frq,51,n_frq,5,2,5,5,0.5,0.5,0.7,0.6,1.0,0.5,48.300002,40,11,45.999998,69.000002,21.999999,1,1,1051,0,ilp_v4,optimal,1,50.739309,47.889116,1.059517,0.099324,0.0,,0.099324,0.099988,3,0,0
n_frq\set51\n_frq_5.py,n_frq,51,n_frq,5,2,5,5,0.5,0.5,0.7,0.6,1.0,0.5,48.300002,40,11,45.999998,69.000002,21.999999,1,1,1051,0,greedy_sps_baseline,solved,1,6.253919,48.263866,0.129578,0.00116,,,0.00116,0.001337,3,0,0
n_frq\set51\n_frq_8.py,n_frq,51,n_frq,8,2,5,8,0.5,0.5,0.7,0.6,1.0,0.5,48.300003,40,12,46.000003,69.000005,21.400002,1,1,1051,0,ilp_v2,optimal,1,45.625793,48.291818,0.944793,0.052048,0.0,,0.052048,0.056755,3,0,0
n_frq\set51\n_frq_8.py,n_frq,51,n_frq,8,2,5,8,0.5,0.5,0.7,0.6,1.0,0.5,48.300003,40,12,46.000003,69.000005,21.400002,1,1,1051,0,ilp_v3,optimal,1,58.965834,48.265898,1.221687,0.106874,2.2e-05,,0.106874,0.112417,3,0,0
n_frq\set51\n_frq_8.py,n_frq,51,n_frq,8,2,5,8,0.5,0.5,0.7,0.6,1.0,0.5,48.300003,40,12,46.000003,69.000005,21.400002,1,1,1051,0,ilp_v4,optimal,1,64.864465,48.120914,1.347947,0.06854,0.0,,0.06854,0.072468,3,0,0
n_frq\set51\n_frq_8.py,n_frq,51,n_frq,8,2,5,8,0.5,0.5,0.7,0.6,1.0,0.5,48.300003,40,12,46.000003,69.000005,21.400002,1,1,1051,0,greedy_sps_baseline,solved,1,7.52972,48.295628,0.155909,0.001726,,,0.001726,0.002655,3,0,0
n_frq\set51\n_frq_12.py,n_frq,51,n_frq,12,2,5,12,0.5,0.5,0.7,0.6,1.0,0.5,48.299999,40,11,46.0,68.999999,21.4,1,1,1051,0,ilp_v2,optimal,1,62.482014,48.239005,1.295259,0.02724,0.0,,0.02724,0.028674,3,0,0
n_frq\set51\n_frq_12.py,n_frq,51,n_frq,12,2,5,12,0.5,0.5,0.7,0.6,1.0,0.5,48.299999,40,11,46.0,68.999999,21.4,1,1,1051,0,ilp_v3,optimal,1,61.085036,47.899024,1.275288,0.125222,0.0,,0.125222,0.137304,3,0,0
n_frq\set51\n_frq_12.py,n_frq,51,n_frq,12,2,5,12,0.5,0.5,0.7,0.6,1.0,0.5,48.299999,40,11,46.0,68.999999,21.4,1,1,1051,0,ilp_v4,optimal,1,62.482014,48.298783,1.293656,0.056319,0.0,,0.056319,0.059884,3,0,0
n_frq\set51\n_frq_12.py,n_frq,51,n_frq,12,2,5,12,0.5,0.5,0.7,0.6,1.0,0.5,48.299999,40,11,46.0,68.999999,21.4,1,1,1051,0,greedy_sps_baseline,solved,1,7.899505,48.080041,0.164299,0.001091,,,0.001091,0.001179,3,0,0
n_frq\set52\n_frq_2.py,n_frq,52,n_frq,2,2,5,2,0.5,0.5,0.7,0.6,1.0,0.5,48.299998,40,13,45.999999,68.999998,21.399999,1,1,1052,0,ilp_v2,optimal,1,46.96533,48.293154,0.972505,0.023481,0.0,,0.023481,0.026941,3,0,0
n_frq\set52\n_frq_2.py,n_frq,52,n_frq,2,2,5,2,0.5,0.5,0.7,0.6,1.0,0.5,48.299998,40,13,45.999999,68.999998,21.399999,1,1,1052,0,ilp_v3,optimal,1,39.324219,48.260212,0.814837,0.022862,0.0,,0.022862,0.023623,3,0,0
n_frq\set52\n_frq_2.py,n_frq,52,n_frq,2,2,5,2,0.5,0.5,0.7,0.6,1.0,0.5,48.299998,40,13,45.999999,68.999998,21.399999,1,1,1052,0,ilp_v4,optimal,1,52.210871,48.28556,1.081294,0.097014,0.0,,0.097014,0.100341,3,0,0
n_frq\set52\n_frq_2.py,n_frq,52,n_frq,2,2,5,2,0.5,0.5,0.7,0.6,1.0,0.5,48.299998,40,13,45.999999,68.999998,21.399999,1,1,1052,0,greedy_sps_baseline,solved,1,8.694363,48.299224,0.18001,0.001158,,,0.001158,0.002209,3,0,0
n_frq\set52\n_frq_3.py,n_frq,52,n_frq,3,2,5,3,0.5,0.5,0.7,0.6,1.0,0.5,48.299998,40,13,45.999999,68.999998,21.399999,1,1,1052,0,ilp_v2,optimal,1,71.777006,48.200695,1.489128,0.022691,0.0,,0.022691,0.027969,3,0,0
n_frq\set52\n_frq_3.py,n_frq,52,n_frq,3,2,5,3,0.5,0.5,0.7,0.6,1.0,0.5,48.299998,40,13,45.999999,68.999998,21.399999,1,1,1052,0,ilp_v3,optimal,1,50.624538,48.296426,1.048205,0.097257,0.0,,0.097257,0.104197,3,0,0
n_frq\set52\n_frq_3.py,n_frq,52,n_frq,3,2,5,3,0.5,0.5,0.7,0.6,1.0,0.5,48.299998,40,13,45.999999,68.999998,21.399999,1,1,1052,0,ilp_v4,optimal,1,71.932958,48.275819,1.490041,0.102849,0.0,,0.102849,0.112454,3,0,0
n_frq\set52\n_frq_3.py,n_frq,52,n_frq,3,2,5,3,0.5,0.5,0.7,0.6,1.0,0.5,48.299998,40,13,45.999999,68.999998,21.399999,1,1,1052,0,greedy_sps_baseline,solved,1,8.694363,48.299224,0.18001,0.001634,,,0.001634,0.001824,3,0,0
n_frq\set52\n_frq_5.py,n_frq,52,n_frq,5,2,5,5,0.5,0.5,0.7,0.6,1.0,0.5,48.299999,40,11,45.999997,68.999999,21.399998,1,1,1052,0,ilp_v2,optimal,1,43.163716,48.214774,0.895238,0.082689,0.0,,0.082689,0.090093,3,0,0
n_frq\set52\n_frq_5.py,n_frq,52,n_frq,5,2,5,5,0.5,0.5,0.7,0.6,1.0,0.5,48.299999,40,11,45.999997,68.999999,21.399998,1,1,1052,0,ilp_v3,optimal,1,43.163716,48.214774,0.895238,0.084583,0.0,,0.084583,0.088496,3,0,0
n_frq\set52\n_frq_5.py,n_frq,52,n_frq,5,2,5,5,0.5,0.5,0.7,0.6,1.0,0.5,48.299999,40,11,45.999997,68.999999,21.399998,1,1,1052,0,ilp_v4,optimal,1,45.499293,47.335086,0.961217,0.061884,0.0,,0.061884,0.065555,3,0,0
n_frq\set52\n_frq_5.py,n_frq,52,n_frq,5,2,5,5,0.5,0.5,0.7,0.6,1.0,0.5,48.299999,40,11,45.999997,68.999999,21.399998,1,1,1052,0,greedy_sps_baseline,solved,1,8.24873,48.263694,0.17091,0.001291,,,0.001291,0.001345,3,0,0
n_frq\set52\n_frq_8.py,n_frq,52,n_frq,8,2,5,8,0.5,0.5,0.7,0.6,1.0,0.5,48.3,40,13,46.000002,69.0,21.400001,1,1,1052,0,ilp_v2,optimal,1,38.386677,48.243104,0.795693,0.109184,0.0,,0.109184,0.11492,3,0,0
n_frq\set52\n_frq_8.py,n_frq,52,n_frq,8,2,5,8,0.5,0.5,0.7,0.6,1.0,0.5,48.3,40,13,46.000002,69.0,21.400001,1,1,1052,0,ilp_v3,optimal,1,38.058479,48.131697,0.790716,0.254115,0.0,,0.254115,0.283417,3,0,0
n_frq\set52\n_frq_8.py,n_frq,52,n_frq,8,2,5,8,0.5,0.5,0.7,0.6,1.0,0.5,48.3,40,13,46.000002,69.0,21.400001,1,1,1052,0,ilp_v4,optimal,1,39.030528,48.294508,0.808177,0.089677,0.0,,0.089677,0.109319,3,0,0
n_frq\set52\n_frq_8.py,n_frq,52,n_frq,8,2,5,8,0.5,0.5,0.7,0.6,1.0,0.5,48.3,40,13,46.000002,69.0,21.400001,1,1,1052,0,greedy_sps_baseline,solved,1,4.871153,48.154541,0.101157,0.001685,,,0.001685,0.001758,3,0,0
n_frq\set52\n_frq_12.py,n_frq,52,n_frq,12,2,5,12,0.5,0.5,0.7,0.6,1.0,0.5,48.299998,40,11,46.0,68.999998,21.4,1,1,1052,0,ilp_v2,optimal,1,67.909604,48.150117,1.410373,0.019153,0.0,,0.019153,0.020485,3,0,0
n_frq\set52\n_frq_12.py,n_frq,52,n_frq,12,2,5,12,0.5,0.5,0.7,0.6,1.0,0.5,48.299998,40,11,46.0,68.999998,21.4,1,1,1052,0,ilp_v3,optimal,1,60.160839,48.256693,1.246684,0.108914,0.0,,0.108914,0.112284,3,0,0
n_frq\set52\n_frq_12.py,n_frq,52,n_frq,12,2,5,12,0.5,0.5,0.7,0.6,1.0,0.5,48.299998,40,11,46.0,68.999998,21.4,1,1,1052,0,ilp_v4,optimal,1,67.909604,48.150117,1.410373,0.046997,0.0,,0.046997,0.053462,3,0,0
n_frq\set52\n_frq_12.py,n_frq,52,n_frq,12,2,5,12,0.5,0.5,0.7,0.6,1.0,0.5,48.299998,40,11,46.0,68.999998,21.4,1,1,1052,0,greedy_sps_baseline,solved,1,7.912548,48.103769,0.164489,0.001585,,,0.001585,0.001723,3,0,0
n_frq\set53\n_frq_2.py,n_frq,53,n_frq,2,2,5,2,0.5,0.5,0.7,0.6,1.0,0.5,48.299997,40,9,45.999997,68.999995,23.009089,1,1,1053,0,ilp_v2,optimal,1,44.381258,48.286827,0.919117,0.042569,0.0,,0.042569,0.046391,3,0,0
n_frq\set53\n_frq_2.py,n_frq,53,n_frq,2,2,5,2,0.5,0.5,0.7,0.6,1.0,0.5,48.299997,40,9,45.999997,68.999995,23.009089,1,1,1053,0,ilp_v3,optimal,1,45.278482,48.239163,0.938625,0.051917,0.0,,0.051917,0.054743,3,0,0
n_frq\set53\n_frq_2.py,n_frq,53,n_frq,2,2,5,2,0.5,0.5,0.7,0.6,1.0,0.5,48.299997,40,9,45.999997,68.999995,23.009089,1,1,1053,0,ilp_v4,optimal,1,44.381258,48.286827,0.919117,0.059441,0.0,,0.059441,0.071282,3,0,0
n_frq\set53\n_frq_2.py,n_frq,53,n_frq,2,2,5,2,0.5,0.5,0.7,0.6,1.0,0.5,48.299997,40,9,45.999997,68.999995,23.009089,1,1,1053,0,greedy_sps_baseline,solved,1,6.592266,47.972394,0.137418,0.001063,,,0.001063,0.001328,3,0,0
n_frq\set53\n_frq_3.py,n_frq,53,n_frq,3,2,5,3,0.5,0.5,0.7,0.6,1.0,0.5,48.299998,40,9,45.999998,68.999998,23.00909,1,1,1053,0,ilp_v2,optimal,1,62.539173,48.297035,1.294886,0.01739,0.0,,0.01739,0.027745,3,0,0
n_frq\set53\n_frq_3.py,n_frq,53,n_frq,3,2,5,3,0.5,0.5,0.7,0.6,1.0,0.5,48.299998,40,9,45.999998,68.999998,23.00909,1,1,1053,0,ilp_v3,optimal,1,61.383341,48.282249,1.271344,0.012348,0.0,,0.012348,0.012744,3,0,0
n_frq\set53\n_frq_3.py,n_frq,53,n_frq,3,2,5,3,0.5,0.5,0.7,0.6,1.0,0.5,48.299998,40,9,45.999998,68.999998,23.00909,1,1,1053,0,ilp_v4,optimal,1,60.825249,48.287915,1.259637,0.045166,0.0,,0.045166,0.050518,3,0,0
n_frq\set53\n_frq_3.py,n_frq,53,n_frq,3,2,5,3,0.5,0.5,0.7,0.6,1.0,0.5,48.299998,40,9,45.999998,68.999998,23.00909,1,1,1053,0,greedy_sps_baseline,solved,1,8.897999,48.287175,0.184273,0.001006,,,0.001006,0.001148,3,0,0
n_frq\set53\n_frq_5.py,n_frq,53,n_frq,5,2,5,5,0.5,0.5,0.7,0.6,1.0,0.5,48.299998,40,9,45.999998,68.999998,23.00909,1,1,1053,0,ilp_v2,optimal,1,64.005196,48.223598,1.327259,0.022623,0.0,,0.022623,0.023533,3,0,0
n_frq\set53\n_frq_5.py,n_frq,53,n_frq,5,2,5,5,0.5,0.5,0.7,0.6,1.0,0.5,48.299998,40,9,45.999998,68.999998,23.00909,1,1,1053,0,ilp_v3,optimal,1,66.7765,47.859658,1.395257,0.018125,0.0,,0.018125,0.020425,3,0,0
n_frq\set53\n_frq_5.py,n_frq,53,n_frq,5,2,5,5,0.5,0.5,0.7,0.6,1.0,0.5,48.299998,40,9,45.999998,68.999998,23.00909,1,1,1053,0,ilp_v4,optimal,1,66.7765,48.1416,1.387085,0.042145,0.0,,0.042145,0.049152,3,0,0
n_frq\set53\n_frq_5.py,n_frq,53,n_frq,5,2,5,5,0.5,0.5,0.7,0.6,1.0,0.5,48.299998,40,9,45.999998,68.999998,23.00909,1,1,1053,0,greedy_sps_baseline,solved,1,8.897999,48.287175,0.184273,0.001406,,,0.001406,0.002168,3,0,0
n_frq\set53\n_frq_8.py,n_frq,53,n_frq,8,2,5,8,0.5,0.5,0.7,0.6,1.0,0.5,48.300002,40,10,46.000002,69.000002,21.433334,1,1,1053,0,ilp_v2,optimal,1,53.582758,48.136125,1.113151,0.008272,0.0,,0.008272,0.016304,3,0,0
n_frq\set53\n_frq_8.py,n_frq,53,n_frq,8,2,5,8,0.5,0.5,0.7,0.6,1.0,0.5,48.300002,40,10,46.000002,69.000002,21.433334,1,1,1053,0,ilp_v3,optimal,1,52.812016,48.265599,1.094196,0.049065,0.0,,0.049065,0.05252,3,0,0
n_frq\set53\n_frq_8.py,n_frq,53,n_frq,8,2,5,8,0.5,0.5,0.7,0.6,1.0,0.5,48.300002,40,10,46.000002,69.000002,21.433334,1,1,1053,0,ilp_v4,optimal,1,53.582758,48.16011,1.112596,0.056947,0.0,,0.056947,0.061152,3,0,0
n_frq\set53\n_frq_8.py,n_frq,53,n_frq,8,2,5,8,0.5,0.5,0.7,0.6,1.0,0.5,48.300002,40,10,46.000002,69.000002,21.433334,1,1,1053,0,greedy_sps_baseline,solved,1,6.441848,48.127447,0.13385,0.001274,,,0.001274,0.001653,3,0,0
n_frq\set53\n_frq_12.py,n_frq,53,n_frq,12,2,5,12,0.5,0.5,0.7,0.6,1.0,0.5,48.3,40,12,45.999999,69.0,21.399999,1,1,1053,0,ilp_v2,optimal,1,81.410818,48.100635,1.69251,0.063287,0.0,,0.063287,0.065064,3,0,0
n_frq\set53\n_frq_12.py,n_frq,53,n_frq,12,2,5,12,0.5,0.5,0.7,0.6,1.0,0.5,48.3,40,12,45.999999,69.0,21.399999,1,1,1053,0,ilp_v3,optimal,1,70.833855,48.287807,1.46691,0.092538,0.0,,0.092538,0.094582,3,0,0
n_frq\set53\n_frq_12.py,n_frq,53,n_frq,12,2,5,12,0.5,0.5,0.7,0.6,1.0,0.5,48.3,40,12,45.999999,69.0,21.399999,1,1,1053,0,ilp_v4,optimal,1,82.168164,48.282843,1.701809,0.159939,0.0,,0.159939,0.190639,3,0,0
n_frq\set53\n_frq_12.py,n_frq,53,n_frq,12,2,5,12,0.5,0.5,0.7,0.6,1.0,0.5,48.3,40,12,45.999999,69.0,21.399999,1,1,1053,0,greedy_sps_baseline,solved,1,8.361856,48.100646,0.173841,0.002497,,,0.002497,0.003077,3,0,0
n_frq\set54\n_frq_2.py,n_frq,54,n_frq,2,2,5,2,0.5,0.5,0.7,0.6,1.0,0.5,48.299999,40,9,46.0,68.999999,22.042857,1,1,1054,0,ilp_v2,optimal,1,21.59624,48.093324,0.449049,0.017804,0.0,,0.017804,0.020972,3,0,0
n_frq\set54\n_frq_2.py,n_frq,54,n_frq,2,2,5,2,0.5,0.5,0.7,0.6,1.0,0.5,48.299999,40,9,46.0,68.999999,22.042857,1,1,1054,0,ilp_v3,optimal,1,31.861851,48.285128,0.659869,0.00644,0.0,,0.00644,0.00737,3,0,0
n_frq\set54\n_frq_2.py,n_frq,54,n_frq,2,2,5,2,0.5,0.5,0.7,0.6,1.0,0.5,48.299999,40,9,46.0,68.999999,22.042857,1,1,1054,0,ilp_v4,optimal,1,31.861851,48.285128,0.659869,0.027805,0.0,,0.027805,0.032062,3,0,0
n_frq\set54\n_frq_2.py,n_frq,54,n_frq,2,2,5,2,0.5,0.5,0.7,0.6,1.0,0.5,48.299999,40,9,46.0,68.999999,22.042857,1,1,1054,0,greedy_sps_baseline,solved,1,5.112279,48.068491,0.106354,0.000605,,,0.000605,0.000733,3,0,0
n_frq\set54\n_frq_3.py,n_frq,54,n_frq,3,2,5,3,0.5,0.5,0.7,0.6,1.0,0.5,48.300001,40,13,45.999999,69.000001,22.042857,1,1,1054,0,ilp_v2,optimal,1,28.092648,48.199316,0.582843,0.018153,0.0,,0.018153,0.01999,3,0,0
n_frq\set54\n_frq_3.py,n_frq,54,n_frq,3,2,5,3,0.5,0.5,0.7,0.6,1.0,0.5,48.300001,40,13,45.999999,69.000001,22.042857,1,1,1054,0,ilp_v3,optimal,1,31.536142,48.244042,0.65368,0.043405,0.0,,0.043405,0.044607,3,0,0
n_frq\set54\n_frq_3.py,n_frq,54,n_frq,3,2,5,3,0.5,0.5,0.7,0.6,1.0,0.5,48.300001,40,13,45.999999,69.000001,22.042857,1,1,1054,0,ilp_v4,optimal,1,35.637864,48.297791,0.737878,0.229691,0.0,,0.229691,0.27276,3,0,0
n_frq\set54\n_frq_3.py,n_frq,54,n_frq,3,2,5,3,0.5,0.5,0.7,0.6,1.0,0.5,48.300001,40,13,45.999999,69.000001,22.042857,1,1,1054,0,greedy_sps_baseline,solved,1,9.471149,48.28077,0.196168,0.002553,,,0.002553,0.002745,3,0,0
n_frq\set54\n_frq_5.py,n_frq,54,n_frq,5,2,5,5,0.5,0.5,0.7,0.6,1.0,0.5,48.300001,40,13,45.999999,69.000001,22.042857,1,1,1054,0,ilp_v2,optimal,1,45.472669,48.262026,0.942204,0.036231,0.0,,0.036231,0.038871,3,0,0
n_frq\set54\n_frq_5.py,n_frq,54,n_frq,5,2,5,5,0.5,0.5,0.7,0.6,1.0,0.5,48.300001,40,13,45.999999,69.000001,22.042857,1,1,1054,0,ilp_v3,optimal,1,64.925666,48.292099,1.344437,0.030774,0.0,,0.030774,0.032193,3,0,0
n_frq\set54\n_frq_5.py,n_frq,54,n_frq,5,2,5,5,0.5,0.5,0.7,0.6,1.0,0.5,48.300001,40,13,45.999999,69.000001,22.042857,1,1,1054,0,ilp_v4,optimal,1,67.31343,47.808605,1.407977,0.08372,0.0,,0.08372,0.098031,3,0,0
n_frq\set54\n_frq_5.py,n_frq,54,n_frq,5,2,5,5,0.5,0.5,0.7,0.6,1.0,0.5,48.300001,40,13,45.999999,69.000001,22.042857,1,1,1054,0,greedy_sps_baseline,solved,1,9.471149,48.28077,0.196168,0.001453,,,0.001453,0.00157,3,0,0
n_frq\set54\n_frq_8.py,n_frq,54,n_frq,8,2,5,8,0.5,0.5,0.7,0.6,1.0,0.5,48.299998,40,9,46.000001,68.999998,21.400001,1,1,1054,0,ilp_v2,optimal,1,32.911806,48.267922,0.681857,0.033873,0.0,,0.033873,0.040814,3,0,0
n_frq\set54\n_frq_8.py,n_frq,54,n_frq,8,2,5,8,0.5,0.5,0.7,0.6,1.0,0.5,48.299998,40,9,46.000001,68.999998,21.400001,1,1,1054,0,ilp_v3,optimal,1,22.563959,44.915388,0.502366,0.010594,0.0,,0.010594,0.010881,3,0,0
n_frq\set54\n_frq_8.py,n_frq,54,n_frq,8,2,5,8,0.5,0.5,0.7,0.6,1.0,0.5,48.299998,40,9,46.000001,68.999998,21.400001,1,1,1054,0,ilp_v4,optimal,1,32.911806,48.267922,0.681857,0.047457,0.0,,0.047457,0.055978,3,0,0
n_frq\set54\n_frq_8.py,n_frq,54,n_frq,8,2,5,8,0.5,0.5,0.7,0.6,1.0,0.5,48.299998,40,9,46.000001,68.999998,21.400001,1,1,1054,0,greedy_sps_baseline,solved,1,6.412684,48.299607,0.132769,0.001388,,,0.001388,0.001526,3,0,0
n_frq\set54\n_frq_12.py,n_frq,54,n_frq,12,2,5,12,0.5,0.5,0.7,0.6,1.0,0.5,48.300002,40,15,46.0,69.000002,21.4,1,1,1054,0,ilp_v2,optimal,1,57.410911,48.294809,1.188759,0.064091,0.0,,0.064091,0.06976,3,0,0
n_frq\set54\n_frq_12.py,n_frq,54,n_frq,12,2,5,12,0.5,0.5,0.7,0.6,1.0,0.5,48.300002,40,15,46.0,69.000002,21.4,1,1,1054,0,ilp_v3,optimal,1,55.109763,48.276233,1.141551,0.183841,0.0,,0.183841,0.195805,3,0,0
n_frq\set54\n_frq_12.py,n_frq,54,n_frq,12,2,5,12,0.5,0.5,0.7,0.6,1.0,0.5,48.300002,40,15,46.0,69.000002,21.4,1,1,1054,0,ilp_v4,optimal,1,57.881444,48.256211,1.199461,0.105836,0.0,,0.105836,0.131498,3,0,0
n_frq\set54\n_frq_12.py,n_frq,54,n_frq,12,2,5,12,0.5,0.5,0.7,0.6,1.0,0.5,48.300002,40,15,46.0,69.000002,21.4,1,1,1054,0,greedy_sps_baseline,solved,1,6.436289,48.250371,0.133394,0.003625,,,0.003625,0.003885,3,0,0
n_frq\set55\n_frq_2.py,n_frq,55,n_frq,2,2,5,2,0.5,0.5,0.7,0.6,1.0,0.5,48.299997,40,9,45.999998,68.999995,22.042856,1,1,1055,0,ilp_v2,optimal,1,30.135849,48.273482,0.624273,0.011666,0.0,,0.011666,0.012232,3,0,0
n_frq\set55\n_frq_2.py,n_frq,55,n_frq,2,2,5,2,0.5,0.5,0.7,0.6,1.0,0.5,48.299997,40,9,45.999998,68.999995,22.042856,1,1,1055,0,ilp_v3,optimal,1,37.574885,47.757905,0.786778,0.031375,4.4e-05,,0.031375,0.039529,3,0,0
n_frq\set55\n_frq_2.py,n_frq,55,n_frq,2,2,5,2,0.5,0.5,0.7,0.6,1.0,0.5,48.299997,40,9,45.999998,68.999995,22.042856,1,1,1055,0,ilp_v4,optimal,1,35.555748,48.293988,0.736236,0.108068,0.0,,0.108068,0.119461,3,0,0
n_frq\set55\n_frq_2.py,n_frq,55,n_frq,2,2,5,2,0.5,0.5,0.7,0.6,1.0,0.5,48.299997,40,9,45.999998,68.999995,22.042856,1,1,1055,0,greedy_sps_baseline,solved,1,9.196091,48.25138,0.190587,0.001148,,,0.001148,0.001411,3,0,0
n_frq\set55\n_frq_3.py,n_frq,55,n_frq,3,2,5,3,0.5,0.5,0.7,0.6,1.0,0.5,48.300002,40,11,45.999999,69.000003,22.042857,1,1,1055,0,ilp_v2,optimal,1,67.543001,48.277228,1.399065,0.028659,5.5e-05,,0.028659,0.031213,3,0,0
n_frq\set55\n_frq_3.py,n_frq,55,n_frq,3,2,5,3,0.5,0.5,0.7,0.6,1.0,0.5,48.300002,40,11,45.999999,69.000003,22.042857,1,1,1055,0,ilp_v3,optimal,1,67.543001,48.277228,1.399065,0.019214,0.0,,0.019214,0.022161,3,0,0
n_frq\set55\n_frq_3.py,n_frq,55,n_frq,3,2,5,3,0.5,0.5,0.7,0.6,1.0,0.5,48.300002,40,11,45.999999,69.000003,22.042857,1,1,1055,0,ilp_v4,optimal,1,66.605256,48.273931,1.379735,0.186502,0.0,,0.186502,0.191038,3,0,0
n_frq\set55\n_frq_3.py,n_frq,55,n_frq,3,2,5,3,0.5,0.5,0.7,0.6,1.0,0.5,48.300002,40,11,45.999999,69.000003,22.042857,1,1,1055,0,greedy_sps_baseline,solved,1,9.59449,48.283598,0.198711,0.001231,,,0.001231,0.001371,3,0,0
n_frq\set55\n_frq_5.py,n_frq,55,n_frq,5,2,5,5,0.5,0.5,0.7,0.6,1.0,0.5,48.300002,40,11,45.999999,69.000003,22.042857,1,1,1055,0,ilp_v2,optimal,1,77.096587,48.237891,1.598258,0.035815,0.0,,0.035815,0.039339,3,0,0
n_frq\set55\n_frq_5.py,n_frq,55,n_frq,5,2,5,5,0.5,0.5,0.7,0.6,1.0,0.5,48.300002,40,11,45.999999,69.000003,22.042857,1,1,1055,0,ilp_v3,optimal,1,73.397025,48.291754,1.519867,0.055192,0.0,,0.055192,0.057107,3,0,0
n_frq\set55\n_frq_5.py,n_frq,55,n_frq,5,2,5,5,0.5,0.5,0.7,0.6,1.0,0.5,48.300002,40,11,45.999999,69.000003,22.042857,1,1,1055,0,ilp_v4,optimal,1,80.048325,47.483327,1.68582,0.072021,0.0,,0.072021,0.075572,3,0,0
n_frq\set55\n_frq_5.py,n_frq,55,n_frq,5,2,5,5,0.5,0.5,0.7,0.6,1.0,0.5,48.300002,40,11,45.999999,69.000003,22.042857,1,1,1055,0,greedy_sps_baseline,solved,1,9.59449,48.283598,0.198711,0.001392,,,0.001392,0.002198,3,0,0
n_frq\set55\n_frq_8.py,n_frq,55,n_frq,8,2,5,8,0.5,0.5,0.7,0.6,1.0,0.5,48.300001,40,9,45.999999,69.000001,21.433333,1,1,1055,0,ilp_v2,optimal,1,65.406555,47.895883,1.365599,0.011687,0.0,,0.011687,0.013636,3,0,0
n_frq\set55\n_frq_8.py,n_frq,55,n_frq,8,2,5,8,0.5,0.5,0.7,0.6,1.0,0.5,48.300001,40,9,45.999999,69.000001,21.433333,1,1,1055,0,ilp_v3,optimal,1,65.406555,47.576844,1.374756,0.011968,0.0,,0.011968,0.012357,3,0,0
n_frq\set55\n_frq_8.py,n_frq,55,n_frq,8,2,5,8,0.5,0.5,0.7,0.6,1.0,0.5,48.300001,40,9,45.999999,69.000001,21.433333,1,1,1055,0,ilp_v4,optimal,1,65.406555,47.318523,1.382261,0.040787,0.0,,0.040787,0.045033,3,0,0
n_frq\set55\n_frq_8.py,n_frq,55,n_frq,8,2,5,8,0.5,0.5,0.7,0.6,1.0,0.5,48.300001,40,9,45.999999,69.000001,21.433333,1,1,1055,0,greedy_sps_baseline,solved,1,6.948902,48.03479,0.144664,0.001199,,,0.001199,0.001442,3,0,0
n_frq\set55\n_frq_12.py,n_frq,55,n_frq,12,2,5,12,0.5,0.5,0.7,0.6,1.0,0.5,48.299999,40,10,45.999999,68.999999,21.433333,1,1,1055,0,ilp_v2,optimal,1,51.240493,48.27599,1.061407,0.065633,0.0,,0.065633,0.070254,3,0,0
n_frq\set55\n_frq_12.py,n_frq,55,n_frq,12,2,5,12,0.5,0.5,0.7,0.6,1.0,0.5,48.299999,40,10,45.999999,68.999999,21.433333,1,1,1055,0,ilp_v3,optimal,1,66.906913,48.289071,1.38555,0.178904,0.0,,0.178904,0.184835,3,0,0
n_frq\set55\n_frq_12.py,n_frq,55,n_frq,12,2,5,12,0.5,0.5,0.7,0.6,1.0,0.5,48.299999,40,10,45.999999,68.999999,21.433333,1,1,1055,0,ilp_v4,optimal,1,71.16279,48.290489,1.47364,0.049715,0.0,,0.049715,0.081654,3,0,0
n_frq\set55\n_frq_12.py,n_frq,55,n_frq,12,2,5,12,0.5,0.5,0.7,0.6,1.0,0.5,48.299999,40,10,45.999999,68.999999,21.433333,1,1,1055,0,greedy_sps_baseline,solved,1,7.156865,48.176044,0.148557,0.001246,,,0.001246,0.001384,3,0,0
n_frq\set56\n_frq_2.py,n_frq,56,n_frq,2,2,5,2,0.5,0.5,0.7,0.6,1.0,0.5,48.299997,40,13,46.000001,68.999995,22.042858,1,1,1056,0,ilp_v2,optimal,1,17.487437,48.218874,0.362668,0.065792,0.0,,0.065792,0.079806,3,0,0
n_frq\set56\n_frq_2.py,n_frq,56,n_frq,2,2,5,2,0.5,0.5,0.7,0.6,1.0,0.5,48.299997,40,13,46.000001,68.999995,22.042858,1,1,1056,0,ilp_v3,optimal,1,17.409418,48.284232,0.360561,0.073937,0.0,,0.073937,0.07889,3,0,0
n_frq\set56\n_frq_2.py,n_frq,56,n_frq,2,2,5,2,0.5,0.5,0.7,0.6,1.0,0.5,48.299997,40,13,46.000001,68.999995,22.042858,1,1,1056,0,ilp_v4,optimal,1,17.410714,48.261105,0.360761,0.221453,0.0,,0.221453,0.238028,3,0,0
n_frq\set56\n_frq_2.py,n_frq,56,n_frq,2,2,5,2,0.5,0.5,0.7,0.6,1.0,0.5,48.299997,40,13,46.000001,68.999995,22.042858,1,1,1056,0,greedy_sps_baseline,solved,1,4.326735,48.258546,0.089657,0.001807,,,0.001807,0.001925,3,0,0
n_frq\set56\n_frq_3.py,n_frq,56,n_frq,3,2,5,3,0.5,0.5,0.7,0.6,1.0,0.5,48.299997,40,13,46.000001,68.999995,21.400001,1,1,1056,0,ilp_v2,optimal,1,19.749325,48.281467,0.409046,0.078964,0.0,,0.078964,0.084965,3,0,0
n_frq\set56\n_frq_3.py,n_frq,56,n_frq,3,2,5,3,0.5,0.5,0.7,0.6,1.0,0.5,48.299997,40,13,46.000001,68.999995,21.400001,1,1,1056,0,ilp_v3,optimal,1,20.394705,48.293206,0.42231,0.061947,0.0,,0.061947,0.071241,3,0,0
n_frq\set56\n_frq_3.py,n_frq,56,n_frq,3,2,5,3,0.5,0.5,0.7,0.6,1.0,0.5,48.299997,40,13,46.000001,68.999995,21.400001,1,1,1056,0,ilp_v4,optimal,1,20.056948,48.284703,0.415389,0.117127,0.0,,0.117127,0.14019,3,0,0
n_frq\set56\n_frq_3.py,n_frq,56,n_frq,3,2,5,3,0.5,0.5,0.7,0.6,1.0,0.5,48.299997,40,13,46.000001,68.999995,21.400001,1,1,1056,0,greedy_sps_baseline,solved,1,4.326735,48.258546,0.089657,0.001816,,,0.001816,0.002553,3,0,0
n_frq\set56\n_frq_5.py,n_frq,56,n_frq,5,2,5,5,0.5,0.5,0.7,0.6,1.0,0.5,48.300001,40,10,45.999999,69.000001,21.399999,1,1,1056,0,ilp_v2,optimal,1,27.887173,48.11774,0.579561,0.021739,0.0,,0.021739,0.024565,3,0,0
n_frq\set56\n_frq_5.py,n_frq,56,n_frq,5,2,5,5,0.5,0.5,0.7,0.6,1.0,0.5,48.300001,40,10,45.999999,69.000001,21.399999,1,1,1056,0,ilp_v3,optimal,1,27.887173,48.11774,0.579561,0.021617,0.0,,0.021617,0.023758,3,0,0
n_frq\set56\n_frq_5.py,n_frq,56,n_frq,5,2,5,5,0.5,0.5,0.7,0.6,1.0,0.5,48.300001,40,10,45.999999,69.000001,21.399999,1,1,1056,0,ilp_v4,optimal,1,27.887173,48.11774,0.579561,0.049481,0.0,,0.049481,0.052679,3,0,0
n_frq\set56\n_frq_5.py,n_frq,56,n_frq,5,2,5,5,0.5,0.5,0.7,0.6,1.0,0.5,48.300001,40,10,45.999999,69.000001,21.399999,1,1,1056,0,greedy_sps_baseline,solved,1,4.360933,48.224274,0.09043,0.00147,,,0.00147,0.001592,3,0,0
n_frq\set56\n_frq_8.py,n_frq,56,n_frq,8,2,5,8,0.5,0.5,0.7,0.6,1.0,0.5,48.3,40,12,46.000001,69.0,21.400001,1,1,1056,0,ilp_v2,optimal,1,65.571595,48.233435,1.359464,0.018484,0.0,,0.018484,0.028757,3,0,0
n_frq\set56\n_frq_8.py,n_frq,56,n_frq,8,2,5,8,0.5,0.5,0.7,0.6,1.0,0.5,48.3,40,12,46.000001,69.0,21.400001,1,1,1056,0,ilp_v3,optimal,1,65.571595,48.10428,1.363114,0.011854,0.0,,0.011854,0.017816,3,0,0
n_frq\set56\n_frq_8.py,n_frq,56,n_frq,8,2,5,8,0.5,0.5,0.7,0.6,1.0,0.5,48.3,40,12,46.000001,69.0,21.400001,1,1,1056,0,ilp_v4,optimal,1,65.571595,48.214738,1.359991,0.058751,0.0,,0.058751,0.07528,3,0,0
n_frq\set56\n_frq_8.py,n_frq,56,n_frq,8,2,5,8,0.5,0.5,0.7,0.6,1.0,0.5,48.3,40,12,46.000001,69.0,21.400001,1,1,1056,0,greedy_sps_baseline,solved,1,7.723533,48.229558,0.160141,0.000874,,,0.000874,0.001622,3,0,0
n_frq\set56\n_frq_12.py,n_frq,56,n_frq,12,2,5,12,0.5,0.5,0.7,0.6,1.0,0.5,48.300005,40,12,45.999999,69.000007,21.399999,1,1,1056,0,ilp_v2,optimal,1,52.386607,48.296512,1.084687,0.017151,0.0,,0.017151,0.021109,3,0,0
n_frq\set56\n_frq_12.py,n_frq,56,n_frq,12,2,5,12,0.5,0.5,0.7,0.6,1.0,0.5,48.300005,40,12,45.999999,69.000007,21.399999,1,1,1056,0,ilp_v3,optimal,1,50.987192,48.248512,1.056762,0.101215,0.0,,0.101215,0.118891,3,0,0
n_frq\set56\n_frq_12.py,n_frq,56,n_frq,12,2,5,12,0.5,0.5,0.7,0.6,1.0,0.5,48.300005,40,12,45.999999,69.000007,21.399999,1,1,1056,0,ilp_v4,optimal,1,52.386607,48.296512,1.084687,0.067186,0.0,,0.067186,0.072045,3,0,0
n_frq\set56\n_frq_12.py,n_frq,56,n_frq,12,2,5,12,0.5,0.5,0.7,0.6,1.0,0.5,48.300005,40,12,45.999999,69.000007,21.399999,1,1,1056,0,greedy_sps_baseline,solved,1,8.771406,48.279786,0.181679,0.001436,,,0.001436,0.001767,3,0,0
n_frq\set57\n_frq_2.py,n_frq,57,n_frq,2,2,5,2,0.5,0.5,0.7,0.6,1.0,0.5,48.299999,40,11,45.999999,68.999999,28.171428,1,1,1057,0,ilp_v2,optimal,1,61.556275,48.299791,1.274463,0.014304,8.8e-05,,0.014304,0.014825,3,0,0
n_frq\set57\n_frq_2.py,n_frq,57,n_frq,2,2,5,2,0.5,0.5,0.7,0.6,1.0,0.5,48.299999,40,11,45.999999,68.999999,28.171428,1,1,1057,0,ilp_v3,optimal,1,58.165289,47.972622,1.212468,0.008202,0.0,,0.008202,0.008581,3,0,0
n_frq\set57\n_frq_2.py,n_frq,57,n_frq,2,2,5,2,0.5,0.5,0.7,0.6,1.0,0.5,48.299999,40,11,45.999999,68.999999,28.171428,1,1,1057,0,ilp_v4,optimal,1,71.570115,48.109644,1.487646,0.07044,0.0,,0.07044,0.074436,3,0,0
n_frq\set57\n_frq_2.py,n_frq,57,n_frq,2,2,5,2,0.5,0.5,0.7,0.6,1.0,0.5,48.299999,40,11,45.999999,68.999999,28.171428,1,1,1057,0,greedy_sps_baseline,solved,1,6.839075,48.293251,0.141616,0.002217,,,0.002217,0.002533,3,0,0
n_frq\set57\n_frq_3.py,n_frq,57,n_frq,3,2,5,3,0.5,0.5,0.7,0.6,1.0,0.5,48.299999,40,11,45.999999,68.999999,28.171428,1,1,1057,0,ilp_v2,optimal,1,68.278285,48.295375,1.413764,0.05327,4.8e-05,,0.05327,0.054129,3,0,0
n_frq\set57\n_frq_3.py,n_frq,57,n_frq,3,2,5,3,0.5,0.5,0.7,0.6,1.0,0.5,48.299999,40,11,45.999999,68.999999,28.171428,1,1,1057,0,ilp_v3,optimal,1,58.165289,47.910311,1.214045,0.009646,0.0,,0.009646,0.009861,3,0,0
n_frq\set57\n_frq_3.py,n_frq,57,n_frq,3,2,5,3,0.5,0.5,0.7,0.6,1.0,0.5,48.299999,40,11,45.999999,68.999999,28.171428,1,1,1057,0,ilp_v4,optimal,1,73.313614,48.279659,1.51852,0.058026,0.0,,0.058026,0.061265,3,0,0
n_frq\set57\n_frq_3.py,n_frq,57,n_frq,3,2,5,3,0.5,0.5,0.7,0.6,1.0,0.5,48.299999,40,11,45.999999,68.999999,28.171428,1,1,1057,0,greedy_sps_baseline,solved,1,6.839075,48.293251,0.141616,0.00129,,,0.00129,0.001981,3,0,0
n_frq\set57\n_frq_5.py,n_frq,57,n_frq,5,2,5,5,0.5,0.5,0.7,0.6,1.0,0.5,48.299999,40,15,46.0,68.999999,21.4,1,1,1057,0,ilp_v2,optimal,1,66.522,48.218527,1.379594,0.038674,0.0,,0.038674,0.045995,3,0,0
n_frq\set57\n_frq_5.py,n_frq,57,n_frq,5,2,5,5,0.5,0.5,0.7,0.6,1.0,0.5,48.299999,40,15,46.0,68.999999,21.4,1,1,1057,0,ilp_v3,optimal,1,64.345099,48.21542,1.334534,0.02752,0.0,,0.02752,0.028017,3,0,0
n_frq\set57\n_frq_5.py,n_frq,57,n_frq,5,2,5,5,0.5,0.5,0.7,0.6,1.0,0.5,48.299999,40,15,46.0,68.999999,21.4,1,1,1057,0,ilp_v4,optimal,1,66.522,48.238079,1.379035,0.100917,0.0,,0.100917,0.105872,3,0,0
n_frq\set57\n_frq_5.py,n_frq,57,n_frq,5,2,5,5,0.5,0.5,0.7,0.6,1.0,0.5,48.299999,40,15,46.0,68.999999,21.4,1,1,1057,0,greedy_sps_baseline,solved,1,8.871531,48.115072,0.184382,0.002237,,,0.002237,0.002356,3,0,0
n_frq\set57\n_frq_8.py,n_frq,57,n_frq,8,2,5,8,0.5,0.5,0.7,0.6,1.0,0.5,48.299994,40,13,45.999997,68.999992,21.399998,1,1,1057,0,ilp_v2,optimal,1,71.264925,48.290499,1.475755,0.079738,0.0,,0.079738,0.083887,3,0,0
n_frq\set57\n_frq_8.py,n_frq,57,n_frq,8,2,5,8,0.5,0.5,0.7,0.6,1.0,0.5,48.299994,40,13,45.999997,68.999992,21.399998,1,1,1057,0,ilp_v3,optimal,1,71.907503,48.273859,1.489574,0.031088,0.0,,0.031088,0.031552,3,0,0
n_frq\set57\n_frq_8.py,n_frq,57,n_frq,8,2,5,8,0.5,0.5,0.7,0.6,1.0,0.5,48.299994,40,13,45.999997,68.999992,21.399998,1,1,1057,0,ilp_v4,optimal,1,71.264924,48.282517,1.475999,0.102325,5.5e-05,,0.102325,0.109727,3,0,0
n_frq\set57\n_frq_8.py,n_frq,57,n_frq,8,2,5,8,0.5,0.5,0.7,0.6,1.0,0.5,48.299994,40,13,45.999997,68.999992,21.399998,1,1,1057,0,greedy_sps_baseline,solved,1,8.050667,47.995649,0.167737,0.000901,,,0.000901,0.001132,3,0,0
n_frq\set57\n_frq_12.py,n_frq,57,n_frq,12,2,5,12,0.5,0.5,0.7,0.6,1.0,0.5,48.300002,40,13,46.000001,69.000002,21.400001,1,1,1057,0,ilp_v2,optimal,1,37.290022,48.263494,0.772634,0.060048,0.0,,0.060048,0.067061,3,0,0
n_frq\set57\n_frq_12.py,n_frq,57,n_frq,12,2,5,12,0.5,0.5,0.7,0.6,1.0,0.5,48.300002,40,13,46.000001,69.000002,21.400001,1,1,1057,0,ilp_v3,optimal,1,43.098014,48.277945,0.892706,0.166321,0.0,,0.166321,0.180562,3,0,0
n_frq\set57\n_frq_12.py,n_frq,57,n_frq,12,2,5,12,0.5,0.5,0.7,0.6,1.0,0.5,48.300002,40,13,46.000001,69.000002,21.400001,1,1,1057,0,ilp_v4,optimal,1,47.262075,48.251411,0.979496,0.15016,0.0,,0.15016,0.153138,3,0,0
n_frq\set57\n_frq_12.py,n_frq,57,n_frq,12,2,5,12,0.5,0.5,0.7,0.6,1.0,0.5,48.300002,40,13,46.000001,69.000002,21.400001,1,1,1057,0,greedy_sps_baseline,solved,1,8.849389,48.298214,0.183224,0.001356,,,0.001356,0.001529,3,0,0
n_frq\set58\n_frq_2.py,n_frq,58,n_frq,2,2,5,2,0.5,0.5,0.7,0.6,1.0,0.5,48.299998,40,15,46.000003,68.999998,22.000002,1,1,1058,0,ilp_v2,optimal,1,34.903631,48.283483,0.72289,0.07602,0.0,,0.07602,0.085228,3,0,0
n_frq\set58\n_frq_2.py,n_frq,58,n_frq,2,2,5,2,0.5,0.5,0.7,0.6,1.0,0.5,48.299998,40,15,46.000003,68.999998,22.000002,1,1,1058,0,ilp_v3,optimal,1,35.353429,48.175486,0.733847,0.180551,0.0,,0.180551,0.210457,3,0,0
n_frq\set58\n_frq_2.py,n_frq,58,n_frq,2,2,5,2,0.5,0.5,0.7,0.6,1.0,0.5,48.299998,40,15,46.000003,68.999998,22.000002,1,1,1058,0,ilp_v4,optimal,1,37.047624,47.651222,0.777475,0.144548,0.0,,0.144548,0.152835,3,0,0
n_frq\set58\n_frq_2.py,n_frq,58,n_frq,2,2,5,2,0.5,0.5,0.7,0.6,1.0,0.5,48.299998,40,15,46.000003,68.999998,22.000002,1,1,1058,0,greedy_sps_baseline,solved,1,6.99734,48.270631,0.144961,0.007627,,,0.007627,0.01007,3,0,0
n_frq\set58\n_frq_3.py,n_frq,58,n_frq,3,2,5,3,0.5,0.5,0.7,0.6,1.0,0.5,48.300002,40,12,46.000001,69.000003,21.400001,1,1,1058,0,ilp_v2,optimal,1,60.58758,46.335734,1.307578,0.008784,0.0,,0.008784,0.009172,3,0,0
n_frq\set58\n_frq_3.py,n_frq,58,n_frq,3,2,5,3,0.5,0.5,0.7,0.6,1.0,0.5,48.300002,40,12,46.000001,69.000003,21.400001,1,1,1058,0,ilp_v3,optimal,1,45.244022,48.289584,0.936931,0.01366,0.0,,0.01366,0.014628,3,0,0
n_frq\set58\n_frq_3.py,n_frq,58,n_frq,3,2,5,3,0.5,0.5,0.7,0.6,1.0,0.5,48.300002,40,12,46.000001,69.000003,21.400001,1,1,1058,0,ilp_v4,optimal,1,61.800873,48.207124,1.281986,0.064441,0.0,,0.064441,0.088064,3,0,0
n_frq\set58\n_frq_3.py,n_frq,58,n_frq,3,2,5,3,0.5,0.5,0.7,0.6,1.0,0.5,48.300002,40,12,46.000001,69.000003,21.400001,1,1,1058,0,greedy_sps_baseline,solved,1,8.726164,48.272418,0.180769,0.002926,,,0.002926,0.003431,3,0,0
n_frq\set58\n_frq_5.py,n_frq,58,n_frq,5,2,5,5,0.5,0.5,0.7,0.6,1.0,0.5,48.3,40,15,46.000001,69.0,21.400001,1,1,1058,0,ilp_v2,optimal,1,29.272527,48.260428,0.606553,0.171057,0.0,,0.171057,0.17891,3,0,0
n_frq\set58\n_frq_5.py,n_frq,58,n_frq,5,2,5,5,0.5,0.5,0.7,0.6,1.0,0.5,48.3,40,15,46.000001,69.0,21.400001,1,1,1058,0,ilp_v3,optimal,1,32.551912,48.28531,0.674158,0.25617,0.0,,0.25617,0.261253,3,0,0
n_frq\set58\n_frq_5.py,n_frq,58,n_frq,5,2,5,5,0.5,0.5,0.7,0.6,1.0,0.5,48.3,40,15,46.000001,69.0,21.400001,1,1,1058,0,ilp_v4,optimal,1,32.165697,48.291231,0.666077,1.238498,0.0,,1.238498,1.304975,3,0,0
n_frq\set58\n_frq_5.py,n_frq,58,n_frq,5,2,5,5,0.5,0.5,0.7,0.6,1.0,0.5,48.3,40,15,46.000001,69.0,21.400001,1,1,1058,0,greedy_sps_baseline,solved,1,5.967493,48.268301,0.123632,0.00696,,,0.00696,0.008721,3,0,0
n_frq\set58\n_frq_8.py,n_frq,58,n_frq,8,2,5,8,0.5,0.5,0.7,0.6,1.0,0.5,48.300004,40,15,45.999999,69.000006,21.399999,1,1,1058,0,ilp_v2,optimal,1,63.330855,48.299862,1.311202,0.127724,0.0,,0.127724,0.135514,3,0,0
n_frq\set58\n_frq_8.py,n_frq,58,n_frq,8,2,5,8,0.5,0.5,0.7,0.6,1.0,0.5,48.300004,40,15,45.999999,69.000006,21.399999,1,1,1058,0,ilp_v3,optimal,1,55.971437,47.577987,1.176415,0.021209,0.0,,0.021209,0.025416,3,0,0
n_frq\set58\n_frq_8.py,n_frq,58,n_frq,8,2,5,8,0.5,0.5,0.7,0.6,1.0,0.5,48.300004,40,15,45.999999,69.000006,21.399999,1,1,1058,0,ilp_v4,optimal,1,63.330855,48.299862,1.311202,0.175084,0.0,,0.175084,0.182527,3,0,0
n_frq\set58\n_frq_8.py,n_frq,58,n_frq,8,2,5,8,0.5,0.5,0.7,0.6,1.0,0.5,48.300004,40,15,45.999999,69.000006,21.399999,1,1,1058,0,greedy_sps_baseline,solved,1,6.046827,48.223453,0.125392,0.001511,,,0.001511,0.001691,3,0,0
n_frq\set58\n_frq_12.py,n_frq,58,n_frq,12,2,5,12,0.5,0.5,0.7,0.6,1.0,0.5,48.300001,40,13,46.0,69.000001,21.4,1,1,1058,0,ilp_v2,optimal,1,43.833237,47.4798,0.923198,0.040745,0.0,,0.040745,0.042596,3,0,0
n_frq\set58\n_frq_12.py,n_frq,58,n_frq,12,2,5,12,0.5,0.5,0.7,0.6,1.0,0.5,48.300001,40,13,46.0,69.000001,21.4,1,1,1058,0,ilp_v3,optimal,1,40.974296,47.887123,0.855643,0.178843,0.0,,0.178843,0.182767,3,0,0
n_frq\set58\n_frq_12.py,n_frq,58,n_frq,12,2,5,12,0.5,0.5,0.7,0.6,1.0,0.5,48.300001,40,13,46.0,69.000001,21.4,1,1,1058,0,ilp_v4,optimal,1,43.833237,47.4798,0.923198,0.096387,0.0,,0.096387,0.099734,3,0,0
n_frq\set58\n_frq_12.py,n_frq,58,n_frq,12,2,5,12,0.5,0.5,0.7,0.6,1.0,0.5,48.300001,40,13,46.0,69.000001,21.4,1,1,1058,0,greedy_sps_baseline,solved,1,7.459773,48.187561,0.154807,0.003084,,,0.003084,0.003263,3,0,0
n_frq\set59\n_frq_2.py,n_frq,59,n_frq,2,2,5,2,0.5,0.5,0.7,0.6,1.0,0.5,48.300002,40,12,45.999999,69.000002,23.599999,1,1,1059,0,ilp_v2,optimal,1,23.440738,48.288116,0.485435,0.067029,0.0,,0.067029,0.07057,3,0,0
n_frq\set59\n_frq_2.py,n_frq,59,n_frq,2,2,5,2,0.5,0.5,0.7,0.6,1.0,0.5,48.300002,40,12,45.999999,69.000002,23.599999,1,1,1059,0,ilp_v3,optimal,1,28.466109,48.250842,0.589961,0.052271,0.0,,0.052271,0.052855,3,0,0
n_frq\set59\n_frq_2.py,n_frq,59,n_frq,2,2,5,2,0.5,0.5,0.7,0.6,1.0,0.5,48.300002,40,12,45.999999,69.000002,23.599999,1,1,1059,0,ilp_v4,optimal,1,23.440738,48.288116,0.485435,0.094423,0.0,,0.094423,0.099979,3,0,0
n_frq\set59\n_frq_2.py,n_frq,59,n_frq,2,2,5,2,0.5,0.5,0.7,0.6,1.0,0.5,48.300002,40,12,45.999999,69.000002,23.599999,1,1,1059,0,greedy_sps_baseline,solved,1,6.672088,48.169038,0.138514,0.001594,,,0.001594,0.001737,3,0,0
n_frq\set59\n_frq_3.py,n_frq,59,n_frq,3,2,5,3,0.5,0.5,0.7,0.6,1.0,0.5,48.300002,40,12,45.999999,69.000002,22.042857,1,1,1059,0,ilp_v2,optimal,1,27.422992,48.197129,0.568976,0.05096,0.0,,0.05096,0.057315,3,0,0
n_frq\set59\n_frq_3.py,n_frq,59,n_frq,3,2,5,3,0.5,0.5,0.7,0.6,1.0,0.5,48.300002,40,12,45.999999,69.000002,22.042857,1,1,1059,0,ilp_v3,optimal,1,33.938227,48.248229,0.703409,0.052118,0.0,,0.052118,0.056012,3,0,0
n_frq\set59\n_frq_3.py,n_frq,59,n_frq,3,2,5,3,0.5,0.5,0.7,0.6,1.0,0.5,48.300002,40,12,45.999999,69.000002,22.042857,1,1,1059,0,ilp_v4,optimal,1,34.078118,48.218074,0.70675,0.112691,0.0,,0.112691,0.123696,3,0,0
n_frq\set59\n_frq_3.py,n_frq,59,n_frq,3,2,5,3,0.5,0.5,0.7,0.6,1.0,0.5,48.300002,40,12,45.999999,69.000002,22.042857,1,1,1059,0,greedy_sps_baseline,solved,1,6.672088,48.169038,0.138514,0.001767,,,0.001767,0.001917,3,0,0
n_frq\set59\n_frq_5.py,n_frq,59,n_frq,5,2,5,5,0.5,0.5,0.7,0.6,1.0,0.5,48.299995,40,10,45.999999,68.999993,21.433333,1,1,1059,0,ilp_v2,optimal,1,59.708604,48.294348,1.236348,0.011807,0.0,,0.011807,0.01264,3,0,0
n_frq\set59\n_frq_5.py,n_frq,59,n_frq,5,2,5,5,0.5,0.5,0.7,0.6,1.0,0.5,48.299995,40,10,45.999999,68.999993,21.433333,1,1,1059,0,ilp_v3,optimal,1,58.443818,47.462411,1.231371,0.020937,0.0,,0.020937,0.022763,3,0,0
n_frq\set59\n_frq_5.py,n_frq,59,n_frq,5,2,5,5,0.5,0.5,0.7,0.6,1.0,0.5,48.299995,40,10,45.999999,68.999993,21.433333,1,1,1059,0,ilp_v4,optimal,1,65.049411,47.085426,1.381519,0.054425,0.0,,0.054425,0.071444,3,0,0
n_frq\set59\n_frq_5.py,n_frq,59,n_frq,5,2,5,5,0.5,0.5,0.7,0.6,1.0,0.5,48.299995,40,10,45.999999,68.999993,21.433333,1,1,1059,0,greedy_sps_baseline,solved,1,7.264083,48.289814,0.150427,0.00256,,,0.00256,0.003033,3,0,0
n_frq\set59\n_frq_8.py,n_frq,59,n_frq,8,2,5,8,0.5,0.5,0.7,0.6,1.0,0.5,48.299999,40,12,46.000001,68.999999,21.433334,1,1,1059,0,ilp_v2,optimal,1,48.13162,48.158512,0.999442,0.072015,0.0,,0.072015,0.078014,3,0,0
n_frq\set59\n_frq_8.py,n_frq,59,n_frq,8,2,5,8,0.5,0.5,0.7,0.6,1.0,0.5,48.299999,40,12,46.000001,68.999999,21.433334,1,1,1059,0,ilp_v3,optimal,1,54.331567,47.65772,1.140037,0.021944,0.0,,0.021944,0.02361,3,0,0
n_frq\set59\n_frq_8.py,n_frq,59,n_frq,8,2,5,8,0.5,0.5,0.7,0.6,1.0,0.5,48.299999,40,12,46.000001,68.999999,21.433334,1,1,1059,0,ilp_v4,optimal,1,55.248978,48.253021,1.144985,0.123325,0.0,,0.123325,0.132025,3,0,0
n_frq\set59\n_frq_8.py,n_frq,59,n_frq,8,2,5,8,0.5,0.5,0.7,0.6,1.0,0.5,48.299999,40,12,46.000001,68.999999,21.433334,1,1,1059,0,greedy_sps_baseline,solved,1,7.188174,48.288706,0.148858,0.000727,,,0.000727,0.00097,3,0,0
n_frq\set59\n_frq_12.py,n_frq,59,n_frq,12,2,5,12,0.5,0.5,0.7,0.6,1.0,0.5,48.300002,40,12,46.000001,69.000002,21.400001,1,1,1059,0,ilp_v2,optimal,1,42.971322,46.492483,0.924264,0.021884,0.0,,0.021884,0.022374,3,0,0
n_frq\set59\n_frq_12.py,n_frq,59,n_frq,12,2,5,12,0.5,0.5,0.7,0.6,1.0,0.5,48.300002,40,12,46.000001,69.000002,21.400001,1,1,1059,0,ilp_v3,optimal,1,41.640338,48.298349,0.862148,0.04167,9.8e-05,,0.04167,0.045112,3,0,0
n_frq\set59\n_frq_12.py,n_frq,59,n_frq,12,2,5,12,0.5,0.5,0.7,0.6,1.0,0.5,48.300002,40,12,46.000001,69.000002,21.400001,1,1,1059,0,ilp_v4,optimal,1,42.971322,46.492483,0.924264,0.055848,0.0,,0.055848,0.073489,3,0,0
n_frq\set59\n_frq_12.py,n_frq,59,n_frq,12,2,5,12,0.5,0.5,0.7,0.6,1.0,0.5,48.300002,40,12,46.000001,69.000002,21.400001,1,1,1059,0,greedy_sps_baseline,solved,1,7.397797,48.209078,0.153452,0.002211,,,0.002211,0.004648,3,0,0
n_frq\set60\n_frq_2.py,n_frq,60,n_frq,2,2,5,2,0.5,0.5,0.7,0.6,1.0,0.5,48.300002,40,12,46.000001,69.000002,21.433334,1,1,1060,0,ilp_v2,optimal,1,16.852661,48.291842,0.348975,0.010783,0.0,,0.010783,0.01171,3,0,0
n_frq\set60\n_frq_2.py,n_frq,60,n_frq,2,2,5,2,0.5,0.5,0.7,0.6,1.0,0.5,48.300002,40,12,46.000001,69.000002,21.433334,1,1,1060,0,ilp_v3,optimal,1,26.458586,48.141505,0.5496,0.007668,0.0,,0.007668,0.008643,3,0,0
n_frq\set60\n_frq_2.py,n_frq,60,n_frq,2,2,5,2,0.5,0.5,0.7,0.6,1.0,0.5,48.300002,40,12,46.000001,69.000002,21.433334,1,1,1060,0,ilp_v4,optimal,1,21.647997,48.239214,0.448763,0.038102,0.0,,0.038102,0.038818,3,0,0
n_frq\set60\n_frq_2.py,n_frq,60,n_frq,2,2,5,2,0.5,0.5,0.7,0.6,1.0,0.5,48.300002,40,12,46.000001,69.000002,21.433334,1,1,1060,0,greedy_sps_baseline,solved,1,6.231416,48.282213,0.129062,0.00166,,,0.00166,0.001806,3,0,0
n_frq\set60\n_frq_3.py,n_frq,60,n_frq,3,2,5,3,0.5,0.5,0.7,0.6,1.0,0.5,48.300003,40,12,46.000002,69.000005,21.433334,1,1,1060,0,ilp_v2,optimal,1,41.856589,48.134029,0.869584,0.009121,0.0,,0.009121,0.009752,3,0,0
n_frq\set60\n_frq_3.py,n_frq,60,n_frq,3,2,5,3,0.5,0.5,0.7,0.6,1.0,0.5,48.300003,40,12,46.000002,69.000005,21.433334,1,1,1060,0,ilp_v3,optimal,1,41.856589,47.73402,0.876871,0.013445,0.0,,0.013445,0.013821,3,0,0
n_frq\set60\n_frq_3.py,n_frq,60,n_frq,3,2,5,3,0.5,0.5,0.7,0.6,1.0,0.5,48.300003,40,12,46.000002,69.000005,21.433334,1,1,1060,0,ilp_v4,optimal,1,41.465206,47.97593,0.864292,0.146767,0.0,,0.146767,0.154775,3,0,0
n_frq\set60\n_frq_3.py,n_frq,60,n_frq,3,2,5,3,0.5,0.5,0.7,0.6,1.0,0.5,48.300003,40,12,46.000002,69.000005,21.433334,1,1,1060,0,greedy_sps_baseline,solved,1,6.209719,47.949445,0.129506,0.002853,,,0.002853,0.003312,3,0,0
n_frq\set60\n_frq_5.py,n_frq,60,n_frq,5,2,5,5,0.5,0.5,0.7,0.6,1.0,0.5,48.299998,40,15,45.999999,68.999998,21.433333,1,1,1060,0,ilp_v2,optimal,1,46.856288,48.291028,0.97029,0.11232,0.0,,0.11232,0.119696,3,0,0
n_frq\set60\n_frq_5.py,n_frq,60,n_frq,5,2,5,5,0.5,0.5,0.7,0.6,1.0,0.5,48.299998,40,15,45.999999,68.999998,21.433333,1,1,1060,0,ilp_v3,optimal,1,45.086735,47.844212,0.942366,0.102763,0.0,,0.102763,0.111996,3,0,0
n_frq\set60\n_frq_5.py,n_frq,60,n_frq,5,2,5,5,0.5,0.5,0.7,0.6,1.0,0.5,48.299998,40,15,45.999999,68.999998,21.433333,1,1,1060,0,ilp_v4,optimal,1,47.991992,48.248475,0.994684,0.167945,0.0,,0.167945,0.1837,3,0,0
n_frq\set60\n_frq_5.py,n_frq,60,n_frq,5,2,5,5,0.5,0.5,0.7,0.6,1.0,0.5,48.299998,40,15,45.999999,68.999998,21.433333,1,1,1060,0,greedy_sps_baseline,solved,1,9.244372,48.255968,0.19157,0.005379,,,0.005379,0.005696,3,0,0
n_frq\set60\n_frq_8.py,n_frq,60,n_frq,8,2,5,8,0.5,0.5,0.7,0.6,1.0,0.5,48.300002,40,10,46.0,69.000003,21.4,1,1,1060,0,ilp_v2,optimal,1,65.098434,47.810975,1.361579,0.022032,6.2e-05,,0.022032,0.022562,3,0,0
n_frq\set60\n_frq_8.py,n_frq,60,n_frq,8,2,5,8,0.5,0.5,0.7,0.6,1.0,0.5,48.300002,40,10,46.0,69.000003,21.4,1,1,1060,0,ilp_v3,optimal,1,65.098434,47.810975,1.361579,0.022001,6.2e-05,,0.022001,0.023038,3,0,0
n_frq\set60\n_frq_8.py,n_frq,60,n_frq,8,2,5,8,0.5,0.5,0.7,0.6,1.0,0.5,48.300002,40,10,46.0,69.000003,21.4,1,1,1060,0,ilp_v4,optimal,1,73.393191,47.953194,1.530517,0.037144,0.0,,0.037144,0.053631,3,0,0
n_frq\set60\n_frq_8.py,n_frq,60,n_frq,8,2,5,8,0.5,0.5,0.7,0.6,1.0,0.5,48.300002,40,10,46.0,69.000003,21.4,1,1,1060,0,greedy_sps_baseline,solved,1,7.415935,48.005917,0.15448,0.002599,,,0.002599,0.00299,3,0,0
n_frq\set60\n_frq_12.py,n_frq,60,n_frq,12,2,5,12,0.5,0.5,0.7,0.6,1.0,0.5,48.3,40,10,46.0,69.0,21.4,1,1,1060,0,ilp_v2,optimal,1,38.000006,48.044395,0.790935,0.027293,0.0,,0.027293,0.029796,3,0,0
n_frq\set60\n_frq_12.py,n_frq,60,n_frq,12,2,5,12,0.5,0.5,0.7,0.6,1.0,0.5,48.3,40,10,46.0,69.0,21.4,1,1,1060,0,ilp_v3,optimal,1,34.279861,48.028284,0.713743,0.040169,0.0,,0.040169,0.042995,3,0,0
n_frq\set60\n_frq_12.py,n_frq,60,n_frq,12,2,5,12,0.5,0.5,0.7,0.6,1.0,0.5,48.3,40,10,46.0,69.0,21.4,1,1,1060,0,ilp_v4,optimal,1,38.000006,48.122388,0.789653,0.047624,0.0,,0.047624,0.073326,3,0,0
n_frq\set60\n_frq_12.py,n_frq,60,n_frq,12,2,5,12,0.5,0.5,0.7,0.6,1.0,0.5,48.3,40,10,46.0,69.0,21.4,1,1,1060,0,greedy_sps_baseline,solved,1,8.187884,48.278915,0.169595,0.001873,,,0.001873,0.00196,3,0,0
n_frq\set61\n_frq_2.py,n_frq,61,n_frq,2,2,5,2,0.5,0.5,0.7,0.6,1.0,0.5,48.299998,40,13,46.0,68.999998,23.009091,1,1,1061,0,ilp_v2,optimal,1,57.746558,48.129136,1.199825,0.013508,0.0,,0.013508,0.014608,3,0,0
n_frq\set61\n_frq_2.py,n_frq,61,n_frq,2,2,5,2,0.5,0.5,0.7,0.6,1.0,0.5,48.299998,40,13,46.0,68.999998,23.009091,1,1,1061,0,ilp_v3,optimal,1,59.460114,48.290866,1.231291,0.051904,0.0,,0.051904,0.055078,3,0,0
n_frq\set61\n_frq_2.py,n_frq,61,n_frq,2,2,5,2,0.5,0.5,0.7,0.6,1.0,0.5,48.299998,40,13,46.0,68.999998,23.009091,1,1,1061,0,ilp_v4,optimal,1,59.865565,48.196211,1.242122,0.314787,0.0,,0.314787,0.354859,3,0,0
n_frq\set61\n_frq_2.py,n_frq,61,n_frq,2,2,5,2,0.5,0.5,0.7,0.6,1.0,0.5,48.299998,40,13,46.0,68.999998,23.009091,1,1,1061,0,greedy_sps_baseline,solved,1,8.324518,47.995082,0.173445,0.001235,,,0.001235,0.00145,3,0,0
n_frq\set61\n_frq_3.py,n_frq,61,n_frq,3,2,5,3,0.5,0.5,0.7,0.6,1.0,0.5,48.299998,40,11,46.000002,68.999998,23.009092,1,1,1061,0,ilp_v2,optimal,1,54.623444,48.227298,1.132625,0.027898,0.0,,0.027898,0.029558,3,0,0
n_frq\set61\n_frq_3.py,n_frq,61,n_frq,3,2,5,3,0.5,0.5,0.7,0.6,1.0,0.5,48.299998,40,11,46.000002,68.999998,23.009092,1,1,1061,0,ilp_v3,optimal,1,57.619093,48.05827,1.198942,0.035694,0.0,,0.035694,0.038596,3,0,0
n_frq\set61\n_frq_3.py,n_frq,61,n_frq,3,2,5,3,0.5,0.5,0.7,0.6,1.0,0.5,48.299998,40,11,46.000002,68.999998,23.009092,1,1,1061,0,ilp_v4,optimal,1,56.917395,47.925227,1.187629,0.104529,0.0,,0.104529,0.119201,3,0,0
n_frq\set61\n_frq_3.py,n_frq,61,n_frq,3,2,5,3,0.5,0.5,0.7,0.6,1.0,0.5,48.299998,40,11,46.000002,68.999998,23.009092,1,1,1061,0,greedy_sps_baseline,solved,1,9.498605,48.292099,0.196691,0.001099,,,0.001099,0.001196,3,0,0
n_frq\set61\n_frq_5.py,n_frq,61,n_frq,5,2,5,5,0.5,0.5,0.7,0.6,1.0,0.5,48.299998,40,12,45.999999,68.999997,21.399999,1,1,1061,0,ilp_v2,optimal,1,56.863821,48.197465,1.179809,0.057351,0.0,,0.057351,0.071882,3,0,0
n_frq\set61\n_frq_5.py,n_frq,61,n_frq,5,2,5,5,0.5,0.5,0.7,0.6,1.0,0.5,48.299998,40,12,45.999999,68.999997,21.399999,1,1,1061,0,ilp_v3,optimal,1,53.834865,48.237197,1.116045,0.054713,0.0,,0.054713,0.059235,3,0,0
n_frq\set61\n_frq_5.py,n_frq,61,n_frq,5,2,5,5,0.5,0.5,0.7,0.6,1.0,0.5,48.299998,40,12,45.999999,68.999997,21.399999,1,1,1061,0,ilp_v4,optimal,1,58.449575,48.268396,1.210928,0.310994,0.0,,0.310994,0.343477,3,0,0
n_frq\set61\n_frq_5.py,n_frq,61,n_frq,5,2,5,5,0.5,0.5,0.7,0.6,1.0,0.5,48.299998,40,12,45.999999,68.999997,21.399999,1,1,1061,0,greedy_sps_baseline,solved,1,8.859581,48.259896,0.183581,0.000752,,,0.000752,0.000985,3,0,0
n_frq\set61\n_frq_8.py,n_frq,61,n_frq,8,2,5,8,0.5,0.5,0.7,0.6,1.0,0.5,48.300004,40,13,46.000001,69.000006,21.400001,1,1,1061,0,ilp_v2,optimal,1,50.670102,48.299711,1.049077,0.22654,0.0,,0.22654,0.256316,3,0,0
n_frq\set61\n_frq_8.py,n_frq,61,n_frq,8,2,5,8,0.5,0.5,0.7,0.6,1.0,0.5,48.300004,40,13,46.000001,69.000006,21.400001,1,1,1061,0,ilp_v3,optimal,1,52.843349,48.263497,1.094893,0.192132,0.0,,0.192132,0.202979,3,0,0
n_frq\set61\n_frq_8.py,n_frq,61,n_frq,8,2,5,8,0.5,0.5,0.7,0.6,1.0,0.5,48.300004,40,13,46.000001,69.000006,21.400001,1,1,1061,0,ilp_v4,optimal,1,59.477867,48.240094,1.232955,0.113237,0.0,,0.113237,0.121494,3,0,0
n_frq\set61\n_frq_8.py,n_frq,61,n_frq,8,2,5,8,0.5,0.5,0.7,0.6,1.0,0.5,48.300004,40,13,46.000001,69.000006,21.400001,1,1,1061,0,greedy_sps_baseline,solved,1,8.445049,48.290069,0.174882,0.00132,,,0.00132,0.001595,3,0,0
n_frq\set61\n_frq_12.py,n_frq,61,n_frq,12,2,5,12,0.5,0.5,0.7,0.6,1.0,0.5,48.299999,40,11,46.0,68.999999,21.4,1,1,1061,0,ilp_v2,optimal,1,46.494258,48.237632,0.963859,0.048794,0.0,,0.048794,0.055103,3,0,0
n_frq\set61\n_frq_12.py,n_frq,61,n_frq,12,2,5,12,0.5,0.5,0.7,0.6,1.0,0.5,48.299999,40,11,46.0,68.999999,21.4,1,1,1061,0,ilp_v3,optimal,1,44.362512,48.033291,0.923578,0.047907,0.0,,0.047907,0.0517,3,0,0
n_frq\set61\n_frq_12.py,n_frq,61,n_frq,12,2,5,12,0.5,0.5,0.7,0.6,1.0,0.5,48.299999,40,11,46.0,68.999999,21.4,1,1,1061,0,ilp_v4,optimal,1,49.914696,48.260716,1.034272,0.128639,0.0,,0.128639,0.145303,3,0,0
n_frq\set61\n_frq_12.py,n_frq,61,n_frq,12,2,5,12,0.5,0.5,0.7,0.6,1.0,0.5,48.299999,40,11,46.0,68.999999,21.4,1,1,1061,0,greedy_sps_baseline,solved,1,8.721186,48.277321,0.180648,0.003029,,,0.003029,0.003342,3,0,0
n_frq\set62\n_frq_2.py,n_frq,62,n_frq,2,2,5,2,0.5,0.5,0.7,0.6,1.0,0.5,48.299998,40,9,45.999999,68.999998,22.042857,1,1,1062,0,ilp_v2,optimal,1,16.016341,48.236682,0.332037,0.009085,0.0,,0.009085,0.009576,3,0,0
n_frq\set62\n_frq_2.py,n_frq,62,n_frq,2,2,5,2,0.5,0.5,0.7,0.6,1.0,0.5,48.299998,40,9,45.999999,68.999998,22.042857,1,1,1062,0,ilp_v3,optimal,1,31.67487,48.278862,0.656082,0.008715,0.0,,0.008715,0.009553,3,0,0
n_frq\set62\n_frq_2.py,n_frq,62,n_frq,2,2,5,2,0.5,0.5,0.7,0.6,1.0,0.5,48.299998,40,9,45.999999,68.999998,22.042857,1,1,1062,0,ilp_v4,optimal,1,33.934115,48.251422,0.703277,0.046984,0.0,,0.046984,0.053393,3,0,0
n_frq\set62\n_frq_2.py,n_frq,62,n_frq,2,2,5,2,0.5,0.5,0.7,0.6,1.0,0.5,48.299998,40,9,45.999999,68.999998,22.042857,1,1,1062,0,greedy_sps_baseline,solved,1,9.491132,48.210368,0.196869,0.000942,,,0.000942,0.001095,3,0,0
n_frq\set62\n_frq_3.py,n_frq,62,n_frq,3,2,5,3,0.5,0.5,0.7,0.6,1.0,0.5,48.299998,40,12,46.000002,68.999998,21.433334,1,1,1062,0,ilp_v2,optimal,1,28.989464,48.286379,0.600365,0.082321,0.0,,0.082321,0.085289,3,0,0
n_frq\set62\n_frq_3.py,n_frq,62,n_frq,3,2,5,3,0.5,0.5,0.7,0.6,1.0,0.5,48.299998,40,12,46.000002,68.999998,21.433334,1,1,1062,0,ilp_v3,optimal,1,31.046411,48.294629,0.642854,0.02896,0.0,,0.02896,0.02983,3,0,0
n_frq\set62\n_frq_3.py,n_frq,62,n_frq,3,2,5,3,0.5,0.5,0.7,0.6,1.0,0.5,48.299998,40,12,46.000002,68.999998,21.433334,1,1,1062,0,ilp_v4,optimal,1,31.014866,48.288174,0.642287,0.136701,0.0,,0.136701,0.153463,3,0,0
n_frq\set62\n_frq_3.py,n_frq,62,n_frq,3,2,5,3,0.5,0.5,0.7,0.6,1.0,0.5,48.299998,40,12,46.000002,68.999998,21.433334,1,1,1062,0,greedy_sps_baseline,solved,1,5.525392,48.251189,0.114513,0.001453,,,0.001453,0.001906,3,0,0
n_frq\set62\n_frq_5.py,n_frq,62,n_frq,5,2,5,5,0.5,0.5,0.7,0.6,1.0,0.5,48.300004,40,10,46.000003,69.000006,21.433335,1,1,1062,0,ilp_v2,optimal,1,34.960426,47.97511,0.72872,0.044128,0.0,,0.044128,0.056996,3,0,0
n_frq\set62\n_frq_5.py,n_frq,62,n_frq,5,2,5,5,0.5,0.5,0.7,0.6,1.0,0.5,48.300004,40,10,46.000003,69.000006,21.433335,1,1,1062,0,ilp_v3,optimal,1,36.684276,48.17482,0.761482,0.022367,0.0,,0.022367,0.024163,3,0,0
n_frq\set62\n_frq_5.py,n_frq,62,n_frq,5,2,5,5,0.5,0.5,0.7,0.6,1.0,0.5,48.300004,40,10,46.000003,69.000006,21.433335,1,1,1062,0,ilp_v4,optimal,1,39.027513,47.905966,0.814669,0.056573,0.0,,0.056573,0.073423,3,0,0
n_frq\set62\n_frq_5.py,n_frq,62,n_frq,5,2,5,5,0.5,0.5,0.7,0.6,1.0,0.5,48.300004,40,10,46.000003,69.000006,21.433335,1,1,1062,0,greedy_sps_baseline,solved,1,6.86499,48.167591,0.142523,0.001265,,,0.001265,0.001885,3,0,0
n_frq\set62\n_frq_8.py,n_frq,62,n_frq,8,2,5,8,0.5,0.5,0.7,0.6,1.0,0.5,48.300001,40,12,46.000001,69.000001,21.433334,1,1,1062,0,ilp_v2,optimal,1,84.30223,48.262811,1.746733,0.025588,0.0,,0.025588,0.031046,3,0,0
n_frq\set62\n_frq_8.py,n_frq,62,n_frq,8,2,5,8,0.5,0.5,0.7,0.6,1.0,0.5,48.300001,40,12,46.000001,69.000001,21.433334,1,1,1062,0,ilp_v3,optimal,1,83.666471,48.237066,1.734485,0.027063,0.0,,0.027063,0.028725,3,0,0
n_frq\set62\n_frq_8.py,n_frq,62,n_frq,8,2,5,8,0.5,0.5,0.7,0.6,1.0,0.5,48.300001,40,12,46.000001,69.000001,21.433334,1,1,1062,0,ilp_v4,optimal,1,85.278728,48.208245,1.768966,0.059196,0.0,,0.059196,0.060452,3,0,0
n_frq\set62\n_frq_8.py,n_frq,62,n_frq,8,2,5,8,0.5,0.5,0.7,0.6,1.0,0.5,48.300001,40,12,46.000001,69.000001,21.433334,1,1,1062,0,greedy_sps_baseline,solved,1,9.058793,48.22575,0.187841,0.001506,,,0.001506,0.002345,3,0,0
n_frq\set62\n_frq_12.py,n_frq,62,n_frq,12,2,5,12,0.5,0.5,0.7,0.6,1.0,0.5,48.299998,40,11,45.999999,68.999997,21.433333,1,1,1062,0,ilp_v2,optimal,1,60.983753,48.297367,1.262672,0.045935,0.0,,0.045935,0.050066,3,0,0
n_frq\set62\n_frq_12.py,n_frq,62,n_frq,12,2,5,12,0.5,0.5,0.7,0.6,1.0,0.5,48.299998,40,11,45.999999,68.999997,21.433333,1,1,1062,0,ilp_v3,optimal,1,54.735091,47.861656,1.14361,0.072138,0.0,,0.072138,0.091663,3,0,0
n_frq\set62\n_frq_12.py,n_frq,62,n_frq,12,2,5,12,0.5,0.5,0.7,0.6,1.0,0.5,48.299998,40,11,45.999999,68.999997,21.433333,1,1,1062,0,ilp_v4,optimal,1,60.983753,48.165756,1.266123,0.060485,0.0,,0.060485,0.079811,3,0,0
n_frq\set62\n_frq_12.py,n_frq,62,n_frq,12,2,5,12,0.5,0.5,0.7,0.6,1.0,0.5,48.299998,40,11,45.999999,68.999997,21.433333,1,1,1062,0,greedy_sps_baseline,solved,1,7.676891,48.155336,0.159419,0.001282,,,0.001282,0.001414,3,0,0
n_frq\set63\n_frq_2.py,n_frq,63,n_frq,2,2,5,2,0.5,0.5,0.7,0.6,1.0,0.5,48.299997,40,9,45.999999,68.999995,21.399999,1,1,1063,0,ilp_v2,optimal,1,32.388487,48.141181,0.672781,0.035157,0.0,,0.035157,0.038475,3,0,0
n_frq\set63\n_frq_2.py,n_frq,63,n_frq,2,2,5,2,0.5,0.5,0.7,0.6,1.0,0.5,48.299997,40,9,45.999999,68.999995,21.399999,1,1,1063,0,ilp_v3,optimal,1,32.388487,48.141181,0.672781,0.037836,0.0,,0.037836,0.041331,3,0,0
n_frq\set63\n_frq_2.py,n_frq,63,n_frq,2,2,5,2,0.5,0.5,0.7,0.6,1.0,0.5,48.299997,40,9,45.999999,68.999995,21.399999,1,1,1063,0,ilp_v4,optimal,1,48.168349,48.296551,0.997346,0.038277,0.0,,0.038277,0.042819,3,0,0
n_frq\set63\n_frq_2.py,n_frq,63,n_frq,2,2,5,2,0.5,0.5,0.7,0.6,1.0,0.5,48.299997,40,9,45.999999,68.999995,21.399999,1,1,1063,0,greedy_sps_baseline,solved,1,8.23469,48.210858,0.170806,0.000872,,,0.000872,0.001031,3,0,0
n_frq\set63\n_frq_3.py,n_frq,63,n_frq,3,2,5,3,0.5,0.5,0.7,0.6,1.0,0.5,48.299997,40,9,45.999999,68.999995,21.399999,1,1,1063,0,ilp_v2,optimal,1,54.670639,48.161292,1.135157,0.034422,0.0,,0.034422,0.038324,3,0,0
n_frq\set63\n_frq_3.py,n_frq,63,n_frq,3,2,5,3,0.5,0.5,0.7,0.6,1.0,0.5,48.299997,40,9,45.999999,68.999995,21.399999,1,1,1063,0,ilp_v3,optimal,1,54.670639,48.161292,1.135157,0.032235,0.0,,0.032235,0.039601,3,0,0
n_frq\set63\n_frq_3.py,n_frq,63,n_frq,3,2,5,3,0.5,0.5,0.7,0.6,1.0,0.5,48.299997,40,9,45.999999,68.999995,21.399999,1,1,1063,0,ilp_v4,optimal,1,54.602648,48.271115,1.131166,0.086408,0.0,,0.086408,0.08845,3,0,0
n_frq\set63\n_frq_3.py,n_frq,63,n_frq,3,2,5,3,0.5,0.5,0.7,0.6,1.0,0.5,48.299997,40,9,45.999999,68.999995,21.399999,1,1,1063,0,greedy_sps_baseline,solved,1,8.23469,48.210858,0.170806,0.001455,,,0.001455,0.0016,3,0,0
n_frq\set63\n_frq_5.py,n_frq,63,n_frq,5,2,5,5,0.5,0.5,0.7,0.6,1.0,0.5,48.300002,40,10,46.000001,69.000003,21.400001,1,1,1063,0,ilp_v2,optimal,1,44.931224,48.22847,0.931633,0.17638,0.0,,0.17638,0.189663,3,0,0
n_frq\set63\n_frq_5.py,n_frq,63,n_frq,5,2,5,5,0.5,0.5,0.7,0.6,1.0,0.5,48.300002,40,10,46.000001,69.000003,21.400001,1,1,1063,0,ilp_v3,optimal,1,56.613922,48.266999,1.172932,0.043782,0.0,,0.043782,0.046512,3,0,0
n_frq\set63\n_frq_5.py,n_frq,63,n_frq,5,2,5,5,0.5,0.5,0.7,0.6,1.0,0.5,48.300002,40,10,46.000001,69.000003,21.400001,1,1,1063,0,ilp_v4,optimal,1,56.613922,48.092779,1.177181,0.032944,0.0,,0.032944,0.03591,3,0,0
n_frq\set63\n_frq_5.py,n_frq,63,n_frq,5,2,5,5,0.5,0.5,0.7,0.6,1.0,0.5,48.300002,40,10,46.000001,69.000003,21.400001,1,1,1063,0,greedy_sps_baseline,solved,1,5.567139,48.280232,0.115309,0.001035,,,0.001035,0.001158,3,0,0
n_frq\set63\n_frq_8.py,n_frq,63,n_frq,8,2,5,8,0.5,0.5,0.7,0.6,1.0,0.5,48.3,40,10,46.0,69.0,21.4,1,1,1063,0,ilp_v2,optimal,1,80.563503,48.226796,1.670513,0.022597,0.0,,0.022597,0.025112,3,0,0
n_frq\set63\n_frq_8.py,n_frq,63,n_frq,8,2,5,8,0.5,0.5,0.7,0.6,1.0,0.5,48.3,40,10,46.0,69.0,21.4,1,1,1063,0,ilp_v3,optimal,1,84.662545,48.265367,1.754105,0.012167,0.0,,0.012167,0.013739,3,0,0
n_frq\set63\n_frq_8.py,n_frq,63,n_frq,8,2,5,8,0.5,0.5,0.7,0.6,1.0,0.5,48.3,40,10,46.0,69.0,21.4,1,1,1063,0,ilp_v4,optimal,1,80.563503,48.226796,1.670513,0.028367,0.0,,0.028367,0.037522,3,0,0
n_frq\set63\n_frq_8.py,n_frq,63,n_frq,8,2,5,8,0.5,0.5,0.7,0.6,1.0,0.5,48.3,40,10,46.0,69.0,21.4,1,1,1063,0,greedy_sps_baseline,solved,1,6.100256,48.277241,0.126359,0.001945,,,0.001945,0.002782,3,0,0
n_frq\set63\n_frq_12.py,n_frq,63,n_frq,12,2,5,12,0.5,0.5,0.7,0.6,1.0,0.5,48.3,40,12,45.999998,69.0,21.399999,1,1,1063,0,ilp_v2,optimal,1,81.443577,48.235678,1.688451,0.037078,0.0,,0.037078,0.038723,3,0,0
n_frq\set63\n_frq_12.py,n_frq,63,n_frq,12,2,5,12,0.5,0.5,0.7,0.6,1.0,0.5,48.3,40,12,45.999998,69.0,21.399999,1,1,1063,0,ilp_v3,optimal,1,80.114074,48.258791,1.660093,0.17891,0.0,,0.17891,0.196227,3,0,0
n_frq\set63\n_frq_12.py,n_frq,63,n_frq,12,2,5,12,0.5,0.5,0.7,0.6,1.0,0.5,48.3,40,12,45.999998,69.0,21.399999,1,1,1063,0,ilp_v4,optimal,1,81.443577,48.257631,1.687683,0.129767,0.0,,0.129767,0.130841,3,0,0
n_frq\set63\n_frq_12.py,n_frq,63,n_frq,12,2,5,12,0.5,0.5,0.7,0.6,1.0,0.5,48.3,40,12,45.999998,69.0,21.399999,1,1,1063,0,greedy_sps_baseline,solved,1,9.096837,48.256343,0.188511,0.001218,,,0.001218,0.001485,3,0,0
n_frq\set64\n_frq_2.py,n_frq,64,n_frq,2,2,5,2,0.5,0.5,0.7,0.6,1.0,0.5,48.300001,40,10,45.999998,69.000001,21.433332,1,1,1064,0,ilp_v2,optimal,1,28.374143,47.774272,0.593921,0.009433,0.0,,0.009433,0.011485,3,0,0
n_frq\set64\n_frq_2.py,n_frq,64,n_frq,2,2,5,2,0.5,0.5,0.7,0.6,1.0,0.5,48.300001,40,10,45.999998,69.000001,21.433332,1,1,1064,0,ilp_v3,optimal,1,21.065666,48.119327,0.43778,0.009269,0.0,,0.009269,0.010825,3,0,0
n_frq\set64\n_frq_2.py,n_frq,64,n_frq,2,2,5,2,0.5,0.5,0.7,0.6,1.0,0.5,48.300001,40,10,45.999998,69.000001,21.433332,1,1,1064,0,ilp_v4,optimal,1,28.374143,47.774272,0.593921,0.028645,0.0,,0.028645,0.031094,3,0,0
n_frq\set64\n_frq_2.py,n_frq,64,n_frq,2,2,5,2,0.5,0.5,0.7,0.6,1.0,0.5,48.300001,40,10,45.999998,69.000001,21.433332,1,1,1064,0,greedy_sps_baseline,solved,1,5.95599,48.259067,0.123417,0.001443,,,0.001443,0.001751,3,0,0
n_frq\set64\n_frq_3.py,n_frq,64,n_frq,3,2,5,3,0.5,0.5,0.7,0.6,1.0,0.5,48.3,40,12,45.999999,69.0,21.433333,1,1,1064,0,ilp_v2,optimal,1,21.506056,47.312699,0.454551,0.014344,0.0,,0.014344,0.017001,3,0,0
n_frq\set64\n_frq_3.py,n_frq,64,n_frq,3,2,5,3,0.5,0.5,0.7,0.6,1.0,0.5,48.3,40,12,45.999999,69.0,21.433333,1,1,1064,0,ilp_v3,optimal,1,19.210881,48.234257,0.398283,0.011846,0.0,,0.011846,0.013446,3,0,0
n_frq\set64\n_frq_3.py,n_frq,64,n_frq,3,2,5,3,0.5,0.5,0.7,0.6,1.0,0.5,48.3,40,12,45.999999,69.0,21.433333,1,1,1064,0,ilp_v4,optimal,1,22.200332,47.486311,0.46751,0.025807,0.0,,0.025807,0.038338,3,0,0
n_frq\set64\n_frq_3.py,n_frq,64,n_frq,3,2,5,3,0.5,0.5,0.7,0.6,1.0,0.5,48.3,40,12,45.999999,69.0,21.433333,1,1,1064,0,greedy_sps_baseline,solved,1,3.938471,48.026753,0.082006,0.000999,,,0.000999,0.001205,3,0,0
n_frq\set64\n_frq_5.py,n_frq,64,n_frq,5,2,5,5,0.5,0.5,0.7,0.6,1.0,0.5,48.299998,40,13,46.0,68.999998,21.433333,1,1,1064,0,ilp_v2,optimal,1,59.787684,48.223244,1.23981,0.023026,0.0,,0.023026,0.02989,3,0,0
n_frq\set64\n_frq_5.py,n_frq,64,n_frq,5,2,5,5,0.5,0.5,0.7,0.6,1.0,0.5,48.299998,40,13,46.0,68.999998,21.433333,1,1,1064,0,ilp_v3,optimal,1,71.50307,47.878149,1.493438,0.025825,9.8e-05,,0.025825,0.026861,3,0,0
n_frq\set64\n_frq_5.py,n_frq,64,n_frq,5,2,5,5,0.5,0.5,0.7,0.6,1.0,0.5,48.299998,40,13,46.0,68.999998,21.433333,1,1,1064,0,ilp_v4,optimal,1,71.50307,47.861091,1.493971,0.112881,0.0,,0.112881,0.122096,3,0,0
n_frq\set64\n_frq_5.py,n_frq,64,n_frq,5,2,5,5,0.5,0.5,0.7,0.6,1.0,0.5,48.299998,40,13,46.0,68.999998,21.433333,1,1,1064,0,greedy_sps_baseline,solved,1,7.996622,47.896148,0.166958,0.001988,,,0.001988,0.002122,3,0,0
n_frq\set64\n_frq_8.py,n_frq,64,n_frq,8,2,5,8,0.5,0.5,0.7,0.6,1.0,0.5,48.299994,40,15,45.999997,68.999992,21.433332,1,1,1064,0,ilp_v2,optimal,1,53.900213,48.297206,1.116011,0.151513,0.0,,0.151513,0.163899,3,0,0
n_frq\set64\n_frq_8.py,n_frq,64,n_frq,8,2,5,8,0.5,0.5,0.7,0.6,1.0,0.5,48.299994,40,15,45.999997,68.999992,21.433332,1,1,1064,0,ilp_v3,optimal,1,53.092485,48.297345,1.099284,0.190196,0.0,,0.190196,0.198749,3,0,0
n_frq\set64\n_frq_8.py,n_frq,64,n_frq,8,2,5,8,0.5,0.5,0.7,0.6,1.0,0.5,48.299994,40,15,45.999997,68.999992,21.433332,1,1,1064,0,ilp_v4,optimal,1,53.900213,48.297206,1.116011,0.214992,0.0,,0.214992,0.227412,3,0,0
n_frq\set64\n_frq_8.py,n_frq,64,n_frq,8,2,5,8,0.5,0.5,0.7,0.6,1.0,0.5,48.299994,40,15,45.999997,68.999992,21.433332,1,1,1064,0,greedy_sps_baseline,solved,1,8.098092,48.289336,0.167699,0.006815,,,0.006815,0.007152,3,0,0
n_frq\set64\n_frq_12.py,n_frq,64,n_frq,12,2,5,12,0.5,0.5,0.7,0.6,1.0,0.5,48.299999,40,11,45.999999,68.999999,21.399999,1,1,1064,0,ilp_v2,optimal,1,60.242488,47.673883,1.263637,0.023013,0.0,,0.023013,0.027299,3,0,0
n_frq\set64\n_frq_12.py,n_frq,64,n_frq,12,2,5,12,0.5,0.5,0.7,0.6,1.0,0.5,48.299999,40,11,45.999999,68.999999,21.399999,1,1,1064,0,ilp_v3,optimal,1,58.000532,48.242547,1.202269,0.174167,0.0,,0.174167,0.17747,3,0,0
n_frq\set64\n_frq_12.py,n_frq,64,n_frq,12,2,5,12,0.5,0.5,0.7,0.6,1.0,0.5,48.299999,40,11,45.999999,68.999999,21.399999,1,1,1064,0,ilp_v4,optimal,1,62.916731,48.167062,1.306219,0.080096,0.0,,0.080096,0.092274,3,0,0
n_frq\set64\n_frq_12.py,n_frq,64,n_frq,12,2,5,12,0.5,0.5,0.7,0.6,1.0,0.5,48.299999,40,11,45.999999,68.999999,21.399999,1,1,1064,0,greedy_sps_baseline,solved,1,8.813782,48.202491,0.182849,0.00165,,,0.00165,0.002108,3,0,0
n_frq\set65\n_frq_2.py,n_frq,65,n_frq,2,2,5,2,0.5,0.5,0.7,0.6,1.0,0.5,48.299996,40,13,45.999998,68.999994,35.958822,1,1,1065,0,ilp_v2,optimal,1,51.388585,48.195258,1.066258,0.010342,0.0,,0.010342,0.012365,3,0,0
n_frq\set65\n_frq_2.py,n_frq,65,n_frq,2,2,5,2,0.5,0.5,0.7,0.6,1.0,0.5,48.299996,40,13,45.999998,68.999994,35.958822,1,1,1065,0,ilp_v3,optimal,1,51.388585,48.195258,1.066258,0.007284,0.0,,0.007284,0.007945,3,0,0
n_frq\set65\n_frq_2.py,n_frq,65,n_frq,2,2,5,2,0.5,0.5,0.7,0.6,1.0,0.5,48.299996,40,13,45.999998,68.999994,35.958822,1,1,1065,0,ilp_v4,optimal,1,50.255988,47.974133,1.047564,0.112971,0.0,,0.112971,0.119092,3,0,0
n_frq\set65\n_frq_2.py,n_frq,65,n_frq,2,2,5,2,0.5,0.5,0.7,0.6,1.0,0.5,48.299996,40,13,45.999998,68.999994,35.958822,1,1,1065,0,greedy_sps_baseline,solved,1,8.667921,48.134131,0.180078,0.001739,,,0.001739,0.001906,3,0,0
n_frq\set65\n_frq_3.py,n_frq,65,n_frq,3,2,5,3,0.5,0.5,0.7,0.6,1.0,0.5,48.300005,40,12,46.0,69.000007,22.042857,1,1,1065,0,ilp_v2,optimal,1,44.652935,48.070725,0.928901,0.016299,0.0,,0.016299,0.016644,3,0,0
n_frq\set65\n_frq_3.py,n_frq,65,n_frq,3,2,5,3,0.5,0.5,0.7,0.6,1.0,0.5,48.300005,40,12,46.0,69.000007,22.042857,1,1,1065,0,ilp_v3,optimal,1,57.912194,48.231817,1.200705,0.02817,0.0,,0.02817,0.030611,3,0,0
n_frq\set65\n_frq_3.py,n_frq,65,n_frq,3,2,5,3,0.5,0.5,0.7,0.6,1.0,0.5,48.300005,40,12,46.0,69.000007,22.042857,1,1,1065,0,ilp_v4,optimal,1,61.758801,48.152369,1.28257,0.095227,0.0,,0.095227,0.10248,3,0,0
n_frq\set65\n_frq_3.py,n_frq,65,n_frq,3,2,5,3,0.5,0.5,0.7,0.6,1.0,0.5,48.300005,40,12,46.0,69.000007,22.042857,1,1,1065,0,greedy_sps_baseline,solved,1,8.631209,48.125094,0.179349,0.001476,,,0.001476,0.00162,3,0,0
n_frq\set65\n_frq_5.py,n_frq,65,n_frq,5,2,5,5,0.5,0.5,0.7,0.6,1.0,0.5,48.299999,40,13,45.999997,68.999999,21.433332,1,1,1065,0,ilp_v2,optimal,1,55.882342,48.147795,1.160642,0.022396,0.0,,0.022396,0.031517,3,0,0
n_frq\set65\n_frq_5.py,n_frq,65,n_frq,5,2,5,5,0.5,0.5,0.7,0.6,1.0,0.5,48.299999,40,13,45.999997,68.999999,21.433332,1,1,1065,0,ilp_v3,optimal,1,51.577783,48.204584,1.069977,0.055594,7.7e-05,,0.055594,0.063064,3,0,0
n_frq\set65\n_frq_5.py,n_frq,65,n_frq,5,2,5,5,0.5,0.5,0.7,0.6,1.0,0.5,48.299999,40,13,45.999997,68.999999,21.433332,1,1,1065,0,ilp_v4,optimal,1,56.603817,48.261418,1.172859,0.172008,0.0,,0.172008,0.18039,3,0,0
n_frq\set65\n_frq_5.py,n_frq,65,n_frq,5,2,5,5,0.5,0.5,0.7,0.6,1.0,0.5,48.299999,40,13,45.999997,68.999999,21.433332,1,1,1065,0,greedy_sps_baseline,solved,1,7.320546,48.152438,0.152029,0.002044,,,0.002044,0.002224,3,0,0
n_frq\set65\n_frq_8.py,n_frq,65,n_frq,8,2,5,8,0.5,0.5,0.7,0.6,1.0,0.5,48.300002,40,12,46.0,69.000002,21.4,1,1,1065,0,ilp_v2,optimal,1,52.439633,48.100572,1.090208,0.025335,0.0,,0.025335,0.026052,3,0,0
n_frq\set65\n_frq_8.py,n_frq,65,n_frq,8,2,5,8,0.5,0.5,0.7,0.6,1.0,0.5,48.300002,40,12,46.0,69.000002,21.4,1,1,1065,0,ilp_v3,optimal,1,52.439633,48.295071,1.085817,0.018299,0.0,,0.018299,0.018629,3,0,0
n_frq\set65\n_frq_8.py,n_frq,65,n_frq,8,2,5,8,0.5,0.5,0.7,0.6,1.0,0.5,48.300002,40,12,46.0,69.000002,21.4,1,1,1065,0,ilp_v4,optimal,1,52.439633,48.109251,1.090011,0.04936,0.0,,0.04936,0.067579,3,0,0
n_frq\set65\n_frq_8.py,n_frq,65,n_frq,8,2,5,8,0.5,0.5,0.7,0.6,1.0,0.5,48.300002,40,12,46.0,69.000002,21.4,1,1,1065,0,greedy_sps_baseline,solved,1,6.171187,48.293084,0.127786,0.001173,,,0.001173,0.001512,3,0,0
n_frq\set65\n_frq_12.py,n_frq,65,n_frq,12,2,5,12,0.5,0.5,0.7,0.6,1.0,0.5,48.299999,40,13,46.000001,68.999999,21.400001,1,1,1065,0,ilp_v2,optimal,1,66.031989,48.112305,1.372455,0.024508,0.0,,0.024508,0.027259,3,0,0
n_frq\set65\n_frq_12.py,n_frq,65,n_frq,12,2,5,12,0.5,0.5,0.7,0.6,1.0,0.5,48.299999,40,13,46.000001,68.999999,21.400001,1,1,1065,0,ilp_v3,optimal,1,66.031989,48.067271,1.373741,0.0295,0.0,,0.0295,0.03053,3,0,0
n_frq\set65\n_frq_12.py,n_frq,65,n_frq,12,2,5,12,0.5,0.5,0.7,0.6,1.0,0.5,48.299999,40,13,46.000001,68.999999,21.400001,1,1,1065,0,ilp_v4,optimal,1,66.632817,47.81435,1.393574,0.081292,0.0,,0.081292,0.090528,3,0,0
n_frq\set65\n_frq_12.py,n_frq,65,n_frq,12,2,5,12,0.5,0.5,0.7,0.6,1.0,0.5,48.299999,40,13,46.000001,68.999999,21.400001,1,1,1065,0,greedy_sps_baseline,solved,1,8.030278,48.263593,0.166384,0.000825,,,0.000825,0.001,3,0,0
n_frq\set66\n_frq_2.py,n_frq,66,n_frq,2,2,5,2,0.5,0.5,0.7,0.6,1.0,0.5,48.299998,40,10,45.999998,68.999997,26.130768,1,1,1066,0,ilp_v2,optimal,1,17.259122,45.428235,0.379921,0.002356,0.0,,0.002356,0.005871,3,0,0
n_frq\set66\n_frq_2.py,n_frq,66,n_frq,2,2,5,2,0.5,0.5,0.7,0.6,1.0,0.5,48.299998,40,10,45.999998,68.999997,26.130768,1,1,1066,0,ilp_v3,optimal,1,17.259122,44.825722,0.385027,0.002333,0.0,,0.002333,0.002701,3,0,0
n_frq\set66\n_frq_2.py,n_frq,66,n_frq,2,2,5,2,0.5,0.5,0.7,0.6,1.0,0.5,48.299998,40,10,45.999998,68.999997,26.130768,1,1,1066,0,ilp_v4,optimal,1,17.259122,35.591025,0.484929,0.010536,0.0,,0.010536,0.023708,3,0,0
n_frq\set66\n_frq_2.py,n_frq,66,n_frq,2,2,5,2,0.5,0.5,0.7,0.6,1.0,0.5,48.299998,40,10,45.999998,68.999997,26.130768,1,1,1066,0,greedy_sps_baseline,solved,1,8.165504,48.236856,0.169279,0.001301,,,0.001301,0.002204,3,0,0
n_frq\set66\n_frq_3.py,n_frq,66,n_frq,3,2,5,3,0.5,0.5,0.7,0.6,1.0,0.5,48.299998,40,10,45.999998,68.999997,26.130768,1,1,1066,0,ilp_v2,optimal,1,17.259122,45.428235,0.379921,0.002182,0.0,,0.002182,0.00415,3,0,0
n_frq\set66\n_frq_3.py,n_frq,66,n_frq,3,2,5,3,0.5,0.5,0.7,0.6,1.0,0.5,48.299998,40,10,45.999998,68.999997,26.130768,1,1,1066,0,ilp_v3,optimal,1,17.259122,40.943475,0.421535,0.002749,0.0,,0.002749,0.004744,3,0,0
n_frq\set66\n_frq_3.py,n_frq,66,n_frq,3,2,5,3,0.5,0.5,0.7,0.6,1.0,0.5,48.299998,40,10,45.999998,68.999997,26.130768,1,1,1066,0,ilp_v4,optimal,1,17.259122,33.577627,0.514007,0.018566,0.0,,0.018566,0.027721,3,0,0
n_frq\set66\n_frq_3.py,n_frq,66,n_frq,3,2,5,3,0.5,0.5,0.7,0.6,1.0,0.5,48.299998,40,10,45.999998,68.999997,26.130768,1,1,1066,0,greedy_sps_baseline,solved,1,8.165504,48.236856,0.169279,0.001114,,,0.001114,0.001553,3,0,0
n_frq\set66\n_frq_5.py,n_frq,66,n_frq,5,2,5,5,0.5,0.5,0.7,0.6,1.0,0.5,48.299999,40,9,45.999999,68.999999,26.130769,1,1,1066,0,ilp_v2,optimal,1,58.979827,48.114642,1.225819,0.008401,0.0,,0.008401,0.010536,3,0,0
n_frq\set66\n_frq_5.py,n_frq,66,n_frq,5,2,5,5,0.5,0.5,0.7,0.6,1.0,0.5,48.299999,40,9,45.999999,68.999999,26.130769,1,1,1066,0,ilp_v3,optimal,1,63.268883,48.265936,1.310839,0.022733,0.0,,0.022733,0.03206,3,0,0
n_frq\set66\n_frq_5.py,n_frq,66,n_frq,5,2,5,5,0.5,0.5,0.7,0.6,1.0,0.5,48.299999,40,9,45.999999,68.999999,26.130769,1,1,1066,0,ilp_v4,optimal,1,63.268883,48.271496,1.310688,0.052119,0.0,,0.052119,0.054308,3,0,0
n_frq\set66\n_frq_5.py,n_frq,66,n_frq,5,2,5,5,0.5,0.5,0.7,0.6,1.0,0.5,48.299999,40,9,45.999999,68.999999,26.130769,1,1,1066,0,greedy_sps_baseline,solved,1,6.251695,48.219238,0.129651,0.000674,,,0.000674,0.000844,3,0,0
n_frq\set66\n_frq_8.py,n_frq,66,n_frq,8,2,5,8,0.5,0.5,0.7,0.6,1.0,0.5,48.299995,40,13,45.999998,68.999993,21.999999,1,1,1066,0,ilp_v2,optimal,1,50.744537,48.139575,1.054113,0.01268,0.0,,0.01268,0.016538,3,0,0
n_frq\set66\n_frq_8.py,n_frq,66,n_frq,8,2,5,8,0.5,0.5,0.7,0.6,1.0,0.5,48.299995,40,13,45.999998,68.999993,21.999999,1,1,1066,0,ilp_v3,optimal,1,48.128534,47.908029,1.004603,0.027051,0.0,,0.027051,0.028306,3,0,0
n_frq\set66\n_frq_8.py,n_frq,66,n_frq,8,2,5,8,0.5,0.5,0.7,0.6,1.0,0.5,48.299995,40,13,45.999998,68.999993,21.999999,1,1,1066,0,ilp_v4,optimal,1,50.744537,48.139575,1.054113,0.05801,0.0,,0.05801,0.065522,3,0,0
n_frq\set66\n_frq_8.py,n_frq,66,n_frq,8,2,5,8,0.5,0.5,0.7,0.6,1.0,0.5,48.299995,40,13,45.999998,68.999993,21.999999,1,1,1066,0,greedy_sps_baseline,solved,1,5.802639,48.241603,0.120283,0.000959,,,0.000959,0.001434,3,0,0
n_frq\set66\n_frq_12.py,n_frq,66,n_frq,12,2,5,12,0.5,0.5,0.7,0.6,1.0,0.5,48.299998,40,10,46.0,68.999998,22.0,1,1,1066,0,ilp_v2,optimal,1,52.726751,47.163897,1.117947,0.00841,0.0,,0.00841,0.01147,3,0,0
n_frq\set66\n_frq_12.py,n_frq,66,n_frq,12,2,5,12,0.5,0.5,0.7,0.6,1.0,0.5,48.299998,40,10,46.0,68.999998,22.0,1,1,1066,0,ilp_v3,optimal,1,52.726751,47.439828,1.111445,0.008954,0.0,,0.008954,0.014818,3,0,0
n_frq\set66\n_frq_12.py,n_frq,66,n_frq,12,2,5,12,0.5,0.5,0.7,0.6,1.0,0.5,48.299998,40,10,46.0,68.999998,22.0,1,1,1066,0,ilp_v4,optimal,1,52.726751,48.29115,1.091851,0.024298,0.0,,0.024298,0.039557,3,0,0
n_frq\set66\n_frq_12.py,n_frq,66,n_frq,12,2,5,12,0.5,0.5,0.7,0.6,1.0,0.5,48.299998,40,10,46.0,68.999998,22.0,1,1,1066,0,greedy_sps_baseline,solved,1,5.364128,48.240167,0.111196,0.000616,,,0.000616,0.000796,3,0,0
n_frq\set67\n_frq_2.py,n_frq,67,n_frq,2,2,5,2,0.5,0.5,0.7,0.6,1.0,0.5,48.300001,40,13,45.999999,69.000001,23.599999,1,1,1067,0,ilp_v2,optimal,1,24.43186,48.258322,0.506272,0.010423,0.0,,0.010423,0.011977,3,0,0
n_frq\set67\n_frq_2.py,n_frq,67,n_frq,2,2,5,2,0.5,0.5,0.7,0.6,1.0,0.5,48.300001,40,13,45.999999,69.000001,23.599999,1,1,1067,0,ilp_v3,optimal,1,24.43186,48.258322,0.506272,0.011268,0.0,,0.011268,0.011621,3,0,0
n_frq\set67\n_frq_2.py,n_frq,67,n_frq,2,2,5,2,0.5,0.5,0.7,0.6,1.0,0.5,48.300001,40,13,45.999999,69.000001,23.599999,1,1,1067,0,ilp_v4,optimal,1,27.609963,48.277883,0.571897,0.088111,0.0,,0.088111,0.113043,3,0,0
n_frq\set67\n_frq_2.py,n_frq,67,n_frq,2,2,5,2,0.5,0.5,0.7,0.6,1.0,0.5,48.300001,40,13,45.999999,69.000001,23.599999,1,1,1067,0,greedy_sps_baseline,solved,1,9.081423,48.237376,0.188265,0.001204,,,0.001204,0.001355,3,0,0
n_frq\set67\n_frq_3.py,n_frq,67,n_frq,3,2,5,3,0.5,0.5,0.7,0.6,1.0,0.5,48.300001,40,10,45.999999,69.000001,21.999999,1,1,1067,0,ilp_v2,optimal,1,25.06746,48.238962,0.519652,0.007472,0.0,,0.007472,0.009048,3,0,0
n_frq\set67\n_frq_3.py,n_frq,67,n_frq,3,2,5,3,0.5,0.5,0.7,0.6,1.0,0.5,48.300001,40,10,45.999999,69.000001,21.999999,1,1,1067,0,ilp_v3,optimal,1,25.699928,48.266134,0.532463,0.016835,0.0,,0.016835,0.018198,3,0,0
n_frq\set67\n_frq_3.py,n_frq,67,n_frq,3,2,5,3,0.5,0.5,0.7,0.6,1.0,0.5,48.300001,40,10,45.999999,69.000001,21.999999,1,1,1067,0,ilp_v4,optimal,1,25.06746,48.238962,0.519652,0.023062,0.0,,0.023062,0.023283,3,0,0
n_frq\set67\n_frq_3.py,n_frq,67,n_frq,3,2,5,3,0.5,0.5,0.7,0.6,1.0,0.5,48.300001,40,10,45.999999,69.000001,21.999999,1,1,1067,0,greedy_sps_baseline,solved,1,4.497748,48.11991,0.09347,0.001139,,,0.001139,0.001237,3,0,0
n_frq\set67\n_frq_5.py,n_frq,67,n_frq,5,2,5,5,0.5,0.5,0.7,0.6,1.0,0.5,48.300002,40,11,45.999998,69.000003,21.399999,1,1,1067,0,ilp_v2,optimal,1,42.262579,48.163309,0.877485,0.022328,0.0,,0.022328,0.024874,3,0,0
n_frq\set67\n_frq_5.py,n_frq,67,n_frq,5,2,5,5,0.5,0.5,0.7,0.6,1.0,0.5,48.300002,40,11,45.999998,69.000003,21.399999,1,1,1067,0,ilp_v3,optimal,1,43.339216,47.438688,0.913584,0.011566,0.0,,0.011566,0.012042,3,0,0
n_frq\set67\n_frq_5.py,n_frq,67,n_frq,5,2,5,5,0.5,0.5,0.7,0.6,1.0,0.5,48.300002,40,11,45.999998,69.000003,21.399999,1,1,1067,0,ilp_v4,optimal,1,43.339216,47.100153,0.92015,0.024977,0.0,,0.024977,0.0311,3,0,0
n_frq\set67\n_frq_5.py,n_frq,67,n_frq,5,2,5,5,0.5,0.5,0.7,0.6,1.0,0.5,48.300002,40,11,45.999998,69.000003,21.399999,1,1,1067,0,greedy_sps_baseline,solved,1,8.054727,48.265633,0.166883,0.000717,,,0.000717,0.000872,3,0,0
n_frq\set67\n_frq_8.py,n_frq,67,n_frq,8,2,5,8,0.5,0.5,0.7,0.6,1.0,0.5,48.300003,40,12,46.0,69.000005,21.4,1,1,1067,0,ilp_v2,optimal,1,55.351151,48.143293,1.149717,0.044333,0.0,,0.044333,0.047897,3,0,0
n_frq\set67\n_frq_8.py,n_frq,67,n_frq,8,2,5,8,0.5,0.5,0.7,0.6,1.0,0.5,48.300003,40,12,46.0,69.000005,21.4,1,1,1067,0,ilp_v3,optimal,1,54.593562,48.299869,1.130305,0.027433,4.2e-05,,0.027433,0.030121,3,0,0
n_frq\set67\n_frq_8.py,n_frq,67,n_frq,8,2,5,8,0.5,0.5,0.7,0.6,1.0,0.5,48.300003,40,12,46.0,69.000005,21.4,1,1,1067,0,ilp_v4,optimal,1,57.867852,48.003405,1.205495,0.091673,0.0,,0.091673,0.098182,3,0,0
n_frq\set67\n_frq_8.py,n_frq,67,n_frq,8,2,5,8,0.5,0.5,0.7,0.6,1.0,0.5,48.300003,40,12,46.0,69.000005,21.4,1,1,1067,0,greedy_sps_baseline,solved,1,7.63792,48.052053,0.158951,0.000705,,,0.000705,0.000834,3,0,0
n_frq\set67\n_frq_12.py,n_frq,67,n_frq,12,2,5,12,0.5,0.5,0.7,0.6,1.0,0.5,48.300001,40,11,46.000002,69.000001,21.400001,1,1,1067,0,ilp_v2,optimal,1,69.05162,48.292739,1.429855,0.035046,0.0,,0.035046,0.039811,3,0,0
n_frq\set67\n_frq_12.py,n_frq,67,n_frq,12,2,5,12,0.5,0.5,0.7,0.6,1.0,0.5,48.300001,40,11,46.000002,69.000001,21.400001,1,1,1067,0,ilp_v3,optimal,1,74.843225,48.28693,1.549969,0.081923,9e-05,,0.081923,0.095218,3,0,0
n_frq\set67\n_frq_12.py,n_frq,67,n_frq,12,2,5,12,0.5,0.5,0.7,0.6,1.0,0.5,48.300001,40,11,46.000002,69.000001,21.400001,1,1,1067,0,ilp_v4,optimal,1,78.950081,48.047525,1.643166,0.047866,0.0,,0.047866,0.075406,3,0,0
n_frq\set67\n_frq_12.py,n_frq,67,n_frq,12,2,5,12,0.5,0.5,0.7,0.6,1.0,0.5,48.300001,40,11,46.000002,69.000001,21.400001,1,1,1067,0,greedy_sps_baseline,solved,1,8.180479,48.284429,0.169423,0.000777,,,0.000777,0.001038,3,0,0
n_frq\set68\n_frq_2.py,n_frq,68,n_frq,2,2,5,2,0.5,0.5,0.7,0.6,1.0,0.5,48.299999,40,10,46.0,68.999999,24.4,1,1,1068,0,ilp_v2,optimal,1,28.823023,47.808248,0.602888,0.019634,0.0,,0.019634,0.022831,3,0,0
n_frq\set68\n_frq_2.py,n_frq,68,n_frq,2,2,5,2,0.5,0.5,0.7,0.6,1.0,0.5,48.299999,40,10,46.0,68.999999,24.4,1,1,1068,0,ilp_v3,optimal,1,33.193338,48.160304,0.689226,0.011092,0.0,,0.011092,0.011582,3,0,0
n_frq\set68\n_frq_2.py,n_frq,68,n_frq,2,2,5,2,0.5,0.5,0.7,0.6,1.0,0.5,48.299999,40,10,46.0,68.999999,24.4,1,1,1068,0,ilp_v4,optimal,1,33.619348,48.28043,0.696335,0.020145,0.0,,0.020145,0.0205,3,0,0
n_frq\set68\n_frq_2.py,n_frq,68,n_frq,2,2,5,2,0.5,0.5,0.7,0.6,1.0,0.5,48.299999,40,10,46.0,68.999999,24.4,1,1,1068,0,greedy_sps_baseline,solved,1,4.125669,47.802294,0.086307,0.001226,,,0.001226,0.00171,3,0,0
n_frq\set68\n_frq_3.py,n_frq,68,n_frq,3,2,5,3,0.5,0.5,0.7,0.6,1.0,0.5,48.300002,40,9,46.000002,69.000003,21.433334,1,1,1068,0,ilp_v2,optimal,1,51.573673,48.279311,1.068235,0.021932,0.0,,0.021932,0.026499,3,0,0
n_frq\set68\n_frq_3.py,n_frq,68,n_frq,3,2,5,3,0.5,0.5,0.7,0.6,1.0,0.5,48.300002,40,9,46.000002,69.000003,21.433334,1,1,1068,0,ilp_v3,optimal,1,51.478589,48.28441,1.066153,0.025993,8.8e-05,,0.025993,0.027847,3,0,0
n_frq\set68\n_frq_3.py,n_frq,68,n_frq,3,2,5,3,0.5,0.5,0.7,0.6,1.0,0.5,48.300002,40,9,46.000002,69.000003,21.433334,1,1,1068,0,ilp_v4,optimal,1,51.573673,48.279311,1.068235,0.038613,0.0,,0.038613,0.041887,3,0,0
n_frq\set68\n_frq_3.py,n_frq,68,n_frq,3,2,5,3,0.5,0.5,0.7,0.6,1.0,0.5,48.300002,40,9,46.000002,69.000003,21.433334,1,1,1068,0,greedy_sps_baseline,solved,1,6.018047,48.055749,0.125231,0.002128,,,0.002128,0.002386,3,0,0
n_frq\set68\n_frq_5.py,n_frq,68,n_frq,5,2,5,5,0.5,0.5,0.7,0.6,1.0,0.5,48.3,40,10,45.999999,69.0,21.433333,1,1,1068,0,ilp_v2,optimal,1,63.811255,48.213112,1.323525,0.033812,0.0,,0.033812,0.037266,3,0,0
n_frq\set68\n_frq_5.py,n_frq,68,n_frq,5,2,5,5,0.5,0.5,0.7,0.6,1.0,0.5,48.3,40,10,45.999999,69.0,21.433333,1,1,1068,0,ilp_v3,optimal,1,47.804848,48.136186,0.993117,0.05206,0.0,,0.05206,0.054688,3,0,0
n_frq\set68\n_frq_5.py,n_frq,68,n_frq,5,2,5,5,0.5,0.5,0.7,0.6,1.0,0.5,48.3,40,10,45.999999,69.0,21.433333,1,1,1068,0,ilp_v4,optimal,1,63.811255,48.213112,1.323525,0.05258,0.0,,0.05258,0.05615,3,0,0
n_frq\set68\n_frq_5.py,n_frq,68,n_frq,5,2,5,5,0.5,0.5,0.7,0.6,1.0,0.5,48.3,40,10,45.999999,69.0,21.433333,1,1,1068,0,greedy_sps_baseline,solved,1,8.341676,48.127996,0.173323,0.002539,,,0.002539,0.002826,3,0,0
n_frq\set68\n_frq_8.py,n_frq,68,n_frq,8,2,5,8,0.5,0.5,0.7,0.6,1.0,0.5,48.300001,40,10,45.999998,69.000001,21.433332,1,1,1068,0,ilp_v2,optimal,1,58.305942,47.770995,1.22053,0.013745,0.0,,0.013745,0.018675,3,0,0
n_frq\set68\n_frq_8.py,n_frq,68,n_frq,8,2,5,8,0.5,0.5,0.7,0.6,1.0,0.5,48.300001,40,10,45.999998,69.000001,21.433332,1,1,1068,0,ilp_v3,optimal,1,54.286454,48.285707,1.124276,0.035584,0.0,,0.035584,0.038478,3,0,0
n_frq\set68\n_frq_8.py,n_frq,68,n_frq,8,2,5,8,0.5,0.5,0.7,0.6,1.0,0.5,48.300001,40,10,45.999998,69.000001,21.433332,1,1,1068,0,ilp_v4,optimal,1,61.717583,48.272465,1.278526,0.056142,0.0,,0.056142,0.070792,3,0,0
n_frq\set68\n_frq_8.py,n_frq,68,n_frq,8,2,5,8,0.5,0.5,0.7,0.6,1.0,0.5,48.300001,40,10,45.999998,69.000001,21.433332,1,1,1068,0,greedy_sps_baseline,solved,1,7.038686,48.200655,0.146029,0.001024,,,0.001024,0.001277,3,0,0
n_frq\set68\n_frq_12.py,n_frq,68,n_frq,12,2,5,12,0.5,0.5,0.7,0.6,1.0,0.5,48.299995,40,13,45.999998,68.999993,21.399999,1,1,1068,0,ilp_v2,optimal,1,49.403953,48.285316,1.023167,0.081281,5.8e-05,,0.081281,0.084261,3,0,0
n_frq\set68\n_frq_12.py,n_frq,68,n_frq,12,2,5,12,0.5,0.5,0.7,0.6,1.0,0.5,48.299995,40,13,45.999998,68.999993,21.399999,1,1,1068,0,ilp_v3,optimal,1,52.004581,48.294201,1.076829,0.145523,0.0,,0.145523,0.156514,3,0,0
n_frq\set68\n_frq_12.py,n_frq,68,n_frq,12,2,5,12,0.5,0.5,0.7,0.6,1.0,0.5,48.299995,40,13,45.999998,68.999993,21.399999,1,1,1068,0,ilp_v4,optimal,1,55.262426,48.286014,1.144481,0.136844,0.0,,0.136844,0.140469,3,0,0
n_frq\set68\n_frq_12.py,n_frq,68,n_frq,12,2,5,12,0.5,0.5,0.7,0.6,1.0,0.5,48.299995,40,13,45.999998,68.999993,21.399999,1,1,1068,0,greedy_sps_baseline,solved,1,7.663614,48.288383,0.158705,0.005422,,,0.005422,0.005666,3,0,0
n_frq\set69\n_frq_2.py,n_frq,69,n_frq,2,2,5,2,0.5,0.5,0.7,0.6,1.0,0.5,48.3,40,9,46.0,69.0,23.009091,1,1,1069,0,ilp_v2,optimal,1,31.592734,48.270145,0.654498,0.00847,0.0,,0.00847,0.008686,3,0,0
n_frq\set69\n_frq_2.py,n_frq,69,n_frq,2,2,5,2,0.5,0.5,0.7,0.6,1.0,0.5,48.3,40,9,46.0,69.0,23.009091,1,1,1069,0,ilp_v3,optimal,1,33.016653,48.246733,0.684329,0.010078,0.0,,0.010078,0.010199,3,0,0
n_frq\set69\n_frq_2.py,n_frq,69,n_frq,2,2,5,2,0.5,0.5,0.7,0.6,1.0,0.5,48.3,40,9,46.0,69.0,23.009091,1,1,1069,0,ilp_v4,optimal,1,41.381162,46.006412,0.899465,0.024617,0.0,,0.024617,0.025718,3,0,0
n_frq\set69\n_frq_2.py,n_frq,69,n_frq,2,2,5,2,0.5,0.5,0.7,0.6,1.0,0.5,48.3,40,9,46.0,69.0,23.009091,1,1,1069,0,greedy_sps_baseline,solved,1,5.978165,48.249858,0.1239,0.000938,,,0.000938,0.001087,3,0,0
n_frq\set69\n_frq_3.py,n_frq,69,n_frq,3,2,5,3,0.5,0.5,0.7,0.6,1.0,0.5,48.299998,40,15,46.000001,68.999998,21.400001,1,1,1069,0,ilp_v2,optimal,1,49.58233,48.298591,1.026579,0.136718,0.0,,0.136718,0.164327,3,0,0
n_frq\set69\n_frq_3.py,n_frq,69,n_frq,3,2,5,3,0.5,0.5,0.7,0.6,1.0,0.5,48.299998,40,15,46.000001,68.999998,21.400001,1,1,1069,0,ilp_v3,optimal,1,49.520951,48.268655,1.025944,0.037564,0.0,,0.037564,0.040169,3,0,0
n_frq\set69\n_frq_3.py,n_frq,69,n_frq,3,2,5,3,0.5,0.5,0.7,0.6,1.0,0.5,48.299998,40,15,46.000001,68.999998,21.400001,1,1,1069,0,ilp_v4,optimal,1,49.58233,48.298591,1.026579,0.232155,0.0,,0.232155,0.255943,3,0,0
n_frq\set69\n_frq_3.py,n_frq,69,n_frq,3,2,5,3,0.5,0.5,0.7,0.6,1.0,0.5,48.299998,40,15,46.000001,68.999998,21.400001,1,1,1069,0,greedy_sps_baseline,solved,1,7.687247,48.218602,0.159425,0.00212,,,0.00212,0.002274,3,0,0
n_frq\set69\n_frq_5.py,n_frq,69,n_frq,5,2,5,5,0.5,0.5,0.7,0.6,1.0,0.5,48.299998,40,15,46.000001,68.999998,21.400001,1,1,1069,0,ilp_v2,optimal,1,57.456834,48.288393,1.189868,0.025374,0.0,,0.025374,0.02749,3,0,0
n_frq\set69\n_frq_5.py,n_frq,69,n_frq,5,2,5,5,0.5,0.5,0.7,0.6,1.0,0.5,48.299998,40,15,46.000001,68.999998,21.400001,1,1,1069,0,ilp_v3,optimal,1,57.456834,47.868199,1.200313,0.011596,0.0,,0.011596,0.012047,3,0,0
n_frq\set69\n_frq_5.py,n_frq,69,n_frq,5,2,5,5,0.5,0.5,0.7,0.6,1.0,0.5,48.299998,40,15,46.000001,68.999998,21.400001,1,1,1069,0,ilp_v4,optimal,1,58.717486,48.242844,1.217123,0.158405,0.0,,0.158405,0.178287,3,0,0
n_frq\set69\n_frq_5.py,n_frq,69,n_frq,5,2,5,5,0.5,0.5,0.7,0.6,1.0,0.5,48.299998,40,15,46.000001,68.999998,21.400001,1,1,1069,0,greedy_sps_baseline,solved,1,7.687247,48.218602,0.159425,0.002337,,,0.002337,0.002756,3,0,0
n_frq\set69\n_frq_8.py,n_frq,69,n_frq,8,2,5,8,0.5,0.5,0.7,0.6,1.0,0.5,48.300002,40,11,46.000003,69.000002,21.400002,1,1,1069,0,ilp_v2,optimal,1,34.039417,48.171959,0.706623,0.022431,0.0,,0.022431,0.023745,3,0,0
n_frq\set69\n_frq_8.py,n_frq,69,n_frq,8,2,5,8,0.5,0.5,0.7,0.6,1.0,0.5,48.300002,40,11,46.000003,69.000002,21.400002,1,1,1069,0,ilp_v3,optimal,1,30.776291,47.654767,0.645818,0.022138,0.0,,0.022138,0.024733,3,0,0
n_frq\set69\n_frq_8.py,n_frq,69,n_frq,8,2,5,8,0.5,0.5,0.7,0.6,1.0,0.5,48.300002,40,11,46.000003,69.000002,21.400002,1,1,1069,0,ilp_v4,optimal,1,35.451203,48.225157,0.735118,0.053975,0.0,,0.053975,0.066352,3,0,0
n_frq\set69\n_frq_8.py,n_frq,69,n_frq,8,2,5,8,0.5,0.5,0.7,0.6,1.0,0.5,48.300002,40,11,46.000003,69.000002,21.400002,1,1,1069,0,greedy_sps_baseline,solved,1,7.281446,48.198517,0.151072,0.001453,,,0.001453,0.001979,3,0,0
n_frq\set69\n_frq_12.py,n_frq,69,n_frq,12,2,5,12,0.5,0.5,0.7,0.6,1.0,0.5,48.3,40,13,46.0,69.0,21.4,1,1,1069,0,ilp_v2,optimal,1,48.817922,48.198854,1.012844,0.085567,0.0,,0.085567,0.090985,3,0,0
n_frq\set69\n_frq_12.py,n_frq,69,n_frq,12,2,5,12,0.5,0.5,0.7,0.6,1.0,0.5,48.3,40,13,46.0,69.0,21.4,1,1,1069,0,ilp_v3,optimal,1,50.667293,47.446187,1.06789,0.025365,0.0,,0.025365,0.026244,3,0,0
n_frq\set69\n_frq_12.py,n_frq,69,n_frq,12,2,5,12,0.5,0.5,0.7,0.6,1.0,0.5,48.3,40,13,46.0,69.0,21.4,1,1,1069,0,ilp_v4,optimal,1,51.243113,48.077624,1.065841,0.059261,0.0,,0.059261,0.077361,3,0,0
n_frq\set69\n_frq_12.py,n_frq,69,n_frq,12,2,5,12,0.5,0.5,0.7,0.6,1.0,0.5,48.3,40,13,46.0,69.0,21.4,1,1,1069,0,greedy_sps_baseline,solved,1,7.163503,47.835936,0.149751,0.001449,,,0.001449,0.001541,3,0,0
n_frq\set70\n_frq_2.py,n_frq,70,n_frq,2,2,5,2,0.5,0.5,0.7,0.6,1.0,0.5,48.299998,40,13,45.999998,68.999998,23.00909,1,1,1070,0,ilp_v2,optimal,1,38.071584,48.011566,0.792967,0.052399,3.5e-05,,0.052399,0.056913,3,0,0
n_frq\set70\n_frq_2.py,n_frq,70,n_frq,2,2,5,2,0.5,0.5,0.7,0.6,1.0,0.5,48.299998,40,13,45.999998,68.999998,23.00909,1,1,1070,0,ilp_v3,optimal,1,40.70098,47.985716,0.848189,0.019452,0.0,,0.019452,0.022456,3,0,0
n_frq\set70\n_frq_2.py,n_frq,70,n_frq,2,2,5,2,0.5,0.5,0.7,0.6,1.0,0.5,48.299998,40,13,45.999998,68.999998,23.00909,1,1,1070,0,ilp_v4,optimal,1,40.70098,47.428554,0.858154,0.068174,0.0,,0.068174,0.068395,3,0,0
n_frq\set70\n_frq_2.py,n_frq,70,n_frq,2,2,5,2,0.5,0.5,0.7,0.6,1.0,0.5,48.299998,40,13,45.999998,68.999998,23.00909,1,1,1070,0,greedy_sps_baseline,solved,1,7.330478,47.919172,0.152976,0.002135,,,0.002135,0.004111,3,0,0
n_frq\set70\n_frq_3.py,n_frq,70,n_frq,3,2,5,3,0.5,0.5,0.7,0.6,1.0,0.5,48.3,40,12,46.0,69.0,22.042857,1,1,1070,0,ilp_v2,optimal,1,40.645541,48.296143,0.84159,0.073122,0.0,,0.073122,0.081652,3,0,0
n_frq\set70\n_frq_3.py,n_frq,70,n_frq,3,2,5,3,0.5,0.5,0.7,0.6,1.0,0.5,48.3,40,12,46.0,69.0,22.042857,1,1,1070,0,ilp_v3,optimal,1,49.423213,48.183384,1.025731,0.022001,0.0,,0.022001,0.027173,3,0,0
n_frq\set70\n_frq_3.py,n_frq,70,n_frq,3,2,5,3,0.5,0.5,0.7,0.6,1.0,0.5,48.3,40,12,46.0,69.0,22.042857,1,1,1070,0,ilp_v4,optimal,1,51.939629,48.288772,1.075605,0.136298,0.0,,0.136298,0.147043,3,0,0
n_frq\set70\n_frq_3.py,n_frq,70,n_frq,3,2,5,3,0.5,0.5,0.7,0.6,1.0,0.5,48.3,40,12,46.0,69.0,22.042857,1,1,1070,0,greedy_sps_baseline,solved,1,7.00892,48.187323,0.145452,0.000829,,,0.000829,0.001858,3,0,0
n_frq\set70\n_frq_5.py,n_frq,70,n_frq,5,2,5,5,0.5,0.5,0.7,0.6,1.0,0.5,48.299998,40,15,45.999995,68.999997,22.042855,1,1,1070,0,ilp_v2,optimal,1,48.259198,48.290746,0.999347,0.109385,0.0,,0.109385,0.123355,3,0,0
n_frq\set70\n_frq_5.py,n_frq,70,n_frq,5,2,5,5,0.5,0.5,0.7,0.6,1.0,0.5,48.299998,40,15,45.999995,68.999997,22.042855,1,1,1070,0,ilp_v3,optimal,1,48.767961,48.297992,1.009731,0.050229,0.0,,0.050229,0.055004,3,0,0
n_frq\set70\n_frq_5.py,n_frq,70,n_frq,5,2,5,5,0.5,0.5,0.7,0.6,1.0,0.5,48.299998,40,15,45.999995,68.999997,22.042855,1,1,1070,0,ilp_v4,optimal,1,49.979556,48.268518,1.035448,0.242826,0.0,,0.242826,0.283296,3,0,0
n_frq\set70\n_frq_5.py,n_frq,70,n_frq,5,2,5,5,0.5,0.5,0.7,0.6,1.0,0.5,48.299998,40,15,45.999995,68.999997,22.042855,1,1,1070,0,greedy_sps_baseline,solved,1,6.942378,48.292211,0.143758,0.001982,,,0.001982,0.002264,3,0,0
n_frq\set70\n_frq_8.py,n_frq,70,n_frq,8,2,5,8,0.5,0.5,0.7,0.6,1.0,0.5,48.300002,40,15,45.999999,69.000002,21.399999,1,1,1070,0,ilp_v2,optimal,1,53.820915,47.758907,1.126929,0.033212,0.0,,0.033212,0.033948,3,0,0
n_frq\set70\n_frq_8.py,n_frq,70,n_frq,8,2,5,8,0.5,0.5,0.7,0.6,1.0,0.5,48.300002,40,15,45.999999,69.000002,21.399999,1,1,1070,0,ilp_v3,optimal,1,52.551284,48.273708,1.088611,0.121516,7.4e-05,,0.121516,0.125019,3,0,0
n_frq\set70\n_frq_8.py,n_frq,70,n_frq,8,2,5,8,0.5,0.5,0.7,0.6,1.0,0.5,48.300002,40,15,45.999999,69.000002,21.399999,1,1,1070,0,ilp_v4,optimal,1,53.820915,48.286763,1.11461,0.226283,0.0,,0.226283,0.265282,3,0,0
n_frq\set70\n_frq_8.py,n_frq,70,n_frq,8,2,5,8,0.5,0.5,0.7,0.6,1.0,0.5,48.300002,40,15,45.999999,69.000002,21.399999,1,1,1070,0,greedy_sps_baseline,solved,1,6.662381,48.196439,0.138234,0.002264,,,0.002264,0.002417,3,0,0
n_frq\set70\n_frq_12.py,n_frq,70,n_frq,12,2,5,12,0.5,0.5,0.7,0.6,1.0,0.5,48.299998,40,10,46.0,68.999998,21.4,1,1,1070,0,ilp_v2,optimal,1,45.068704,48.006811,0.938798,0.210229,0.0,,0.210229,0.234055,3,0,0
n_frq\set70\n_frq_12.py,n_frq,70,n_frq,12,2,5,12,0.5,0.5,0.7,0.6,1.0,0.5,48.299998,40,10,46.0,68.999998,21.4,1,1,1070,0,ilp_v3,optimal,1,65.050293,48.285005,1.347215,0.040305,0.0,,0.040305,0.040845,3,0,0
n_frq\set70\n_frq_12.py,n_frq,70,n_frq,12,2,5,12,0.5,0.5,0.7,0.6,1.0,0.5,48.299998,40,10,46.0,68.999998,21.4,1,1,1070,0,ilp_v4,optimal,1,71.288445,47.3644,1.505106,0.034766,0.0,,0.034766,0.050827,3,0,0
n_frq\set70\n_frq_12.py,n_frq,70,n_frq,12,2,5,12,0.5,0.5,0.7,0.6,1.0,0.5,48.299998,40,10,46.0,68.999998,21.4,1,1,1070,0,greedy_sps_baseline,solved,1,6.567914,48.161825,0.136372,0.001098,,,0.001098,0.001693,3,0,0
n_frq\set71\n_frq_2.py,n_frq,71,n_frq,2,2,5,2,0.5,0.5,0.7,0.6,1.0,0.5,48.3,40,12,45.999999,69.0,22.042857,1,1,1071,0,ilp_v2,optimal,1,38.283135,48.286076,0.79284,0.021938,0.0,,0.021938,0.030108,3,0,0
n_frq\set71\n_frq_2.py,n_frq,71,n_frq,2,2,5,2,0.5,0.5,0.7,0.6,1.0,0.5,48.3,40,12,45.999999,69.0,22.042857,1,1,1071,0,ilp_v3,optimal,1,38.283135,48.286076,0.79284,0.070894,0.0,,0.070894,0.073549,3,0,0
n_frq\set71\n_frq_2.py,n_frq,71,n_frq,2,2,5,2,0.5,0.5,0.7,0.6,1.0,0.5,48.3,40,12,45.999999,69.0,22.042857,1,1,1071,0,ilp_v4,optimal,1,37.885503,48.026702,0.788842,0.231219,0.0,,0.231219,0.245055,3,0,0
n_frq\set71\n_frq_2.py,n_frq,71,n_frq,2,2,5,2,0.5,0.5,0.7,0.6,1.0,0.5,48.3,40,12,45.999999,69.0,22.042857,1,1,1071,0,greedy_sps_baseline,solved,1,7.139747,48.047484,0.148598,0.003315,,,0.003315,0.003529,3,0,0
n_frq\set71\n_frq_3.py,n_frq,71,n_frq,3,2,5,3,0.5,0.5,0.7,0.6,1.0,0.5,48.3,40,12,45.999999,69.0,22.042857,1,1,1071,0,ilp_v2,optimal,1,60.12114,48.036974,1.25156,0.02556,0.0,,0.02556,0.026915,3,0,0
n_frq\set71\n_frq_3.py,n_frq,71,n_frq,3,2,5,3,0.5,0.5,0.7,0.6,1.0,0.5,48.3,40,12,45.999999,69.0,22.042857,1,1,1071,0,ilp_v3,optimal,1,60.12114,48.036974,1.25156,0.03139,0.0,,0.03139,0.033368,3,0,0
n_frq\set71\n_frq_3.py,n_frq,71,n_frq,3,2,5,3,0.5,0.5,0.7,0.6,1.0,0.5,48.3,40,12,45.999999,69.0,22.042857,1,1,1071,0,ilp_v4,optimal,1,61.7702,48.071116,1.284975,0.119304,4.4e-05,,0.119304,0.126672,3,0,0
n_frq\set71\n_frq_3.py,n_frq,71,n_frq,3,2,5,3,0.5,0.5,0.7,0.6,1.0,0.5,48.3,40,12,45.999999,69.0,22.042857,1,1,1071,0,greedy_sps_baseline,solved,1,7.139747,48.047484,0.148598,0.00306,,,0.00306,0.003201,3,0,0
n_frq\set71\n_frq_5.py,n_frq,71,n_frq,5,2,5,5,0.5,0.5,0.7,0.6,1.0,0.5,48.300001,40,9,45.999999,69.000001,22.042857,1,1,1071,0,ilp_v2,optimal,1,50.326697,48.280536,1.042381,0.012399,0.0,,0.012399,0.013391,3,0,0
n_frq\set71\n_frq_5.py,n_frq,71,n_frq,5,2,5,5,0.5,0.5,0.7,0.6,1.0,0.5,48.300001,40,9,45.999999,69.000001,22.042857,1,1,1071,0,ilp_v3,optimal,1,45.709584,46.952352,0.973531,0.010875,0.0,,0.010875,0.012999,3,0,0
n_frq\set71\n_frq_5.py,n_frq,71,n_frq,5,2,5,5,0.5,0.5,0.7,0.6,1.0,0.5,48.300001,40,9,45.999999,69.000001,22.042857,1,1,1071,0,ilp_v4,optimal,1,50.326697,48.292318,1.042126,0.044307,0.0,,0.044307,0.049847,3,0,0
n_frq\set71\n_frq_5.py,n_frq,71,n_frq,5,2,5,5,0.5,0.5,0.7,0.6,1.0,0.5,48.300001,40,9,45.999999,69.000001,22.042857,1,1,1071,0,greedy_sps_baseline,solved,1,9.133949,48.185063,0.18956,0.001281,,,0.001281,0.001557,3,0,0
n_frq\set71\n_frq_8.py,n_frq,71,n_frq,8,2,5,8,0.5,0.5,0.7,0.6,1.0,0.5,48.299998,40,13,45.999999,68.999998,22.042857,1,1,1071,0,ilp_v2,optimal,1,69.819679,48.251028,1.447009,0.014411,0.0,,0.014411,0.018956,3,0,0
n_frq\set71\n_frq_8.py,n_frq,71,n_frq,8,2,5,8,0.5,0.5,0.7,0.6,1.0,0.5,48.299998,40,13,45.999999,68.999998,22.042857,1,1,1071,0,ilp_v3,optimal,1,69.819679,47.711964,1.463358,0.016702,0.0,,0.016702,0.023504,3,0,0
n_frq\set71\n_frq_8.py,n_frq,71,n_frq,8,2,5,8,0.5,0.5,0.7,0.6,1.0,0.5,48.299998,40,13,45.999999,68.999998,22.042857,1,1,1071,0,ilp_v4,optimal,1,69.819679,47.711964,1.463358,0.105722,0.0,,0.105722,0.131496,3,0,0
n_frq\set71\n_frq_8.py,n_frq,71,n_frq,8,2,5,8,0.5,0.5,0.7,0.6,1.0,0.5,48.299998,40,13,45.999999,68.999998,22.042857,1,1,1071,0,greedy_sps_baseline,solved,1,9.183358,48.285389,0.190189,0.000914,,,0.000914,0.002057,3,0,0
n_frq\set71\n_frq_12.py,n_frq,71,n_frq,12,2,5,12,0.5,0.5,0.7,0.6,1.0,0.5,48.300004,40,12,46.0,69.000006,21.4,1,1,1071,0,ilp_v2,optimal,1,32.199383,48.015482,0.670604,0.016378,0.0,,0.016378,0.029198,3,0,0
n_frq\set71\n_frq_12.py,n_frq,71,n_frq,12,2,5,12,0.5,0.5,0.7,0.6,1.0,0.5,48.300004,40,12,46.0,69.000006,21.4,1,1,1071,0,ilp_v3,optimal,1,32.199383,48.163733,0.66854,0.02712,0.0,,0.02712,0.036303,3,0,0
n_frq\set71\n_frq_12.py,n_frq,71,n_frq,12,2,5,12,0.5,0.5,0.7,0.6,1.0,0.5,48.300004,40,12,46.0,69.000006,21.4,1,1,1071,0,ilp_v4,optimal,1,32.199383,48.163733,0.66854,0.099678,0.0,,0.099678,0.103737,3,0,0
n_frq\set71\n_frq_12.py,n_frq,71,n_frq,12,2,5,12,0.5,0.5,0.7,0.6,1.0,0.5,48.300004,40,12,46.0,69.000006,21.4,1,1,1071,0,greedy_sps_baseline,solved,1,4.592131,48.22613,0.095221,0.001396,,,0.001396,0.002072,3,0,0
n_frq\set72\n_frq_2.py,n_frq,72,n_frq,2,2,5,2,0.5,0.5,0.7,0.6,1.0,0.5,48.300005,40,13,46.000002,69.000007,42.415792,1,1,1072,0,ilp_v2,optimal,1,22.417958,48.230231,0.464811,0.007417,0.0,,0.007417,0.010106,3,0,0
n_frq\set72\n_frq_2.py,n_frq,72,n_frq,2,2,5,2,0.5,0.5,0.7,0.6,1.0,0.5,48.300005,40,13,46.000002,69.000007,42.415792,1,1,1072,0,ilp_v3,optimal,1,22.417958,48.230231,0.464811,0.007094,0.0,,0.007094,0.01185,3,0,0
n_frq\set72\n_frq_2.py,n_frq,72,n_frq,2,2,5,2,0.5,0.5,0.7,0.6,1.0,0.5,48.300005,40,13,46.000002,69.000007,42.415792,1,1,1072,0,ilp_v4,optimal,1,22.417958,48.230231,0.464811,0.0886,0.0,,0.0886,0.092669,3,0,0
n_frq\set72\n_frq_2.py,n_frq,72,n_frq,2,2,5,2,0.5,0.5,0.7,0.6,1.0,0.5,48.300005,40,13,46.000002,69.000007,42.415792,1,1,1072,0,greedy_sps_baseline,solved,1,9.270821,48.260813,0.192098,0.003059,,,0.003059,0.003883,3,0,0
n_frq\set72\n_frq_3.py,n_frq,72,n_frq,3,2,5,3,0.5,0.5,0.7,0.6,1.0,0.5,48.3,40,12,45.999999,69.0,26.130769,1,1,1072,0,ilp_v2,optimal,1,43.82779,48.199461,0.9093,0.02559,0.0,,0.02559,0.033661,3,0,0
n_frq\set72\n_frq_3.py,n_frq,72,n_frq,3,2,5,3,0.5,0.5,0.7,0.6,1.0,0.5,48.3,40,12,45.999999,69.0,26.130769,1,1,1072,0,ilp_v3,optimal,1,40.914993,48.242278,0.848115,0.029608,0.0,,0.029608,0.029898,3,0,0
n_frq\set72\n_frq_3.py,n_frq,72,n_frq,3,2,5,3,0.5,0.5,0.7,0.6,1.0,0.5,48.3,40,12,45.999999,69.0,26.130769,1,1,1072,0,ilp_v4,optimal,1,48.24744,48.211402,1.000747,0.061426,0.0,,0.061426,0.062418,3,0,0
n_frq\set72\n_frq_3.py,n_frq,72,n_frq,3,2,5,3,0.5,0.5,0.7,0.6,1.0,0.5,48.3,40,12,45.999999,69.0,26.130769,1,1,1072,0,greedy_sps_baseline,solved,1,3.811956,47.404351,0.080414,0.003138,,,0.003138,0.003423,3,0,0
n_frq\set72\n_frq_5.py,n_frq,72,n_frq,5,2,5,5,0.5,0.5,0.7,0.6,1.0,0.5,48.299994,40,13,46.0,68.999992,23.6,1,1,1072,0,ilp_v2,optimal,1,47.958432,47.908763,1.001037,0.019396,0.0,,0.019396,0.024639,3,0,0
n_frq\set72\n_frq_5.py,n_frq,72,n_frq,5,2,5,5,0.5,0.5,0.7,0.6,1.0,0.5,48.299994,40,13,46.0,68.999992,23.6,1,1,1072,0,ilp_v3,optimal,1,51.443573,48.276526,1.065602,0.030447,2.2e-05,,0.030447,0.032955,3,0,0
n_frq\set72\n_frq_5.py,n_frq,72,n_frq,5,2,5,5,0.5,0.5,0.7,0.6,1.0,0.5,48.299994,40,13,46.0,68.999992,23.6,1,1,1072,0,ilp_v4,optimal,1,50.958967,48.267088,1.05577,0.190169,0.0,,0.190169,0.212024,3,0,0
n_frq\set72\n_frq_5.py,n_frq,72,n_frq,5,2,5,5,0.5,0.5,0.7,0.6,1.0,0.5,48.299994,40,13,46.0,68.999992,23.6,1,1,1072,0,greedy_sps_baseline,solved,1,9.043197,48.109896,0.18797,0.002146,,,0.002146,0.002322,3,0,0
n_frq\set72\n_frq_8.py,n_frq,72,n_frq,8,2,5,8,0.5,0.5,0.7,0.6,1.0,0.5,48.3,40,13,45.999999,69.0,21.999999,1,1,1072,0,ilp_v2,optimal,1,64.579832,48.071023,1.343425,0.017359,0.0,,0.017359,0.02089,3,0,0
n_frq\set72\n_frq_8.py,n_frq,72,n_frq,8,2,5,8,0.5,0.5,0.7,0.6,1.0,0.5,48.3,40,13,45.999999,69.0,21.999999,1,1,1072,0,ilp_v3,optimal,1,64.579832,48.284787,1.337478,0.044247,0.0,,0.044247,0.04935,3,0,0
n_frq\set72\n_frq_8.py,n_frq,72,n_frq,8,2,5,8,0.5,0.5,0.7,0.6,1.0,0.5,48.3,40,13,45.999999,69.0,21.999999,1,1,1072,0,ilp_v4,optimal,1,64.579832,48.071023,1.343425,0.064341,0.0,,0.064341,0.085663,3,0,0
n_frq\set72\n_frq_8.py,n_frq,72,n_frq,8,2,5,8,0.5,0.5,0.7,0.6,1.0,0.5,48.3,40,13,45.999999,69.0,21.999999,1,1,1072,0,greedy_sps_baseline,solved,1,9.448392,48.184488,0.196088,0.001467,,,0.001467,0.001881,3,0,0
n_frq\set72\n_frq_12.py,n_frq,72,n_frq,12,2,5,12,0.5,0.5,0.7,0.6,1.0,0.5,48.299998,40,10,45.999998,68.999998,21.433332,1,1,1072,0,ilp_v2,optimal,1,48.570462,48.255275,1.006532,0.149831,0.0,,0.149831,0.162072,3,0,0
n_frq\set72\n_frq_12.py,n_frq,72,n_frq,12,2,5,12,0.5,0.5,0.7,0.6,1.0,0.5,48.299998,40,10,45.999998,68.999998,21.433332,1,1,1072,0,ilp_v3,optimal,1,50.084598,47.44143,1.055714,0.034599,0.0,,0.034599,0.035736,3,0,0
n_frq\set72\n_frq_12.py,n_frq,72,n_frq,12,2,5,12,0.5,0.5,0.7,0.6,1.0,0.5,48.299998,40,10,45.999998,68.999998,21.433332,1,1,1072,0,ilp_v4,optimal,1,51.815775,47.936906,1.080916,0.068857,0.0,,0.068857,0.075492,3,0,0
n_frq\set72\n_frq_12.py,n_frq,72,n_frq,12,2,5,12,0.5,0.5,0.7,0.6,1.0,0.5,48.299998,40,10,45.999998,68.999998,21.433332,1,1,1072,0,greedy_sps_baseline,solved,1,6.471163,48.295827,0.13399,0.00096,,,0.00096,0.001504,3,0,0
n_frq\set73\n_frq_2.py,n_frq,73,n_frq,2,2,5,2,0.5,0.5,0.7,0.6,1.0,0.5,48.299998,40,10,45.999999,68.999998,23.00909,1,1,1073,0,ilp_v2,optimal,1,45.475395,47.433427,0.95872,0.004866,0.0,,0.004866,0.007192,3,0,0
n_frq\set73\n_frq_2.py,n_frq,73,n_frq,2,2,5,2,0.5,0.5,0.7,0.6,1.0,0.5,48.299998,40,10,45.999999,68.999998,23.00909,1,1,1073,0,ilp_v3,optimal,1,45.475395,47.433427,0.95872,0.005713,0.0,,0.005713,0.006917,3,0,0
n_frq\set73\n_frq_2.py,n_frq,73,n_frq,2,2,5,2,0.5,0.5,0.7,0.6,1.0,0.5,48.299998,40,10,45.999999,68.999998,23.00909,1,1,1073,0,ilp_v4,optimal,1,45.475395,47.433427,0.95872,0.015428,0.0,,0.015428,0.01771,3,0,0
n_frq\set73\n_frq_2.py,n_frq,73,n_frq,2,2,5,2,0.5,0.5,0.7,0.6,1.0,0.5,48.299998,40,10,45.999999,68.999998,23.00909,1,1,1073,0,greedy_sps_baseline,solved,1,4.92325,48.248213,0.10204,0.000627,,,0.000627,0.000932,3,0,0
n_frq\set73\n_frq_3.py,n_frq,73,n_frq,3,2,5,3,0.5,0.5,0.7,0.6,1.0,0.5,48.299997,40,9,45.999998,68.999995,23.00909,1,1,1073,0,ilp_v2,optimal,1,33.187979,48.167393,0.689013,0.006079,0.0,,0.006079,0.009319,3,0,0
n_frq\set73\n_frq_3.py,n_frq,73,n_frq,3,2,5,3,0.5,0.5,0.7,0.6,1.0,0.5,48.299997,40,9,45.999998,68.999995,23.00909,1,1,1073,0,ilp_v3,optimal,1,50.30899,47.919304,1.049869,0.008472,0.0,,0.008472,0.00993,3,0,0
n_frq\set73\n_frq_3.py,n_frq,73,n_frq,3,2,5,3,0.5,0.5,0.7,0.6,1.0,0.5,48.299997,40,9,45.999998,68.999995,23.00909,1,1,1073,0,ilp_v4,optimal,1,51.37932,48.106481,1.068033,0.025611,0.0,,0.025611,0.033835,3,0,0
n_frq\set73\n_frq_3.py,n_frq,73,n_frq,3,2,5,3,0.5,0.5,0.7,0.6,1.0,0.5,48.299997,40,9,45.999998,68.999995,23.00909,1,1,1073,0,greedy_sps_baseline,solved,1,8.402073,48.280558,0.174026,0.00056,,,0.00056,0.000708,3,0,0
n_frq\set73\n_frq_5.py,n_frq,73,n_frq,5,2,5,5,0.5,0.5,0.7,0.6,1.0,0.5,48.3,40,9,45.999998,69.0,23.00909,1,1,1073,0,ilp_v2,optimal,1,53.256765,48.26892,1.103334,0.012135,0.0,,0.012135,0.014594,3,0,0
n_frq\set73\n_frq_5.py,n_frq,73,n_frq,5,2,5,5,0.5,0.5,0.7,0.6,1.0,0.5,48.3,40,9,45.999998,69.0,23.00909,1,1,1073,0,ilp_v3,optimal,1,53.256765,48.210544,1.10467,0.006059,0.0,,0.006059,0.006931,3,0,0
n_frq\set73\n_frq_5.py,n_frq,73,n_frq,5,2,5,5,0.5,0.5,0.7,0.6,1.0,0.5,48.3,40,9,45.999998,69.0,23.00909,1,1,1073,0,ilp_v4,optimal,1,53.256765,48.26892,1.103334,0.023918,0.0,,0.023918,0.025743,3,0,0
n_frq\set73\n_frq_5.py,n_frq,73,n_frq,5,2,5,5,0.5,0.5,0.7,0.6,1.0,0.5,48.3,40,9,45.999998,69.0,23.00909,1,1,1073,0,greedy_sps_baseline,solved,1,6.644092,48.034474,0.138319,0.0008,,,0.0008,0.001017,3,0,0
n_frq\set73\n_frq_8.py,n_frq,73,n_frq,8,2,5,8,0.5,0.5,0.7,0.6,1.0,0.5,48.300003,40,13,46.000003,69.000005,22.042859,1,1,1073,0,ilp_v2,optimal,1,66.421756,47.922561,1.386023,0.036437,0.0,,0.036437,0.038739,3,0,0
n_frq\set73\n_frq_8.py,n_frq,73,n_frq,8,2,5,8,0.5,0.5,0.7,0.6,1.0,0.5,48.300003,40,13,46.000003,69.000005,22.042859,1,1,1073,0,ilp_v3,optimal,1,66.421756,48.290394,1.375465,0.111821,0.0,,0.111821,0.121029,3,0,0
n_frq\set73\n_frq_8.py,n_frq,73,n_frq,8,2,5,8,0.5,0.5,0.7,0.6,1.0,0.5,48.300003,40,13,46.000003,69.000005,22.042859,1,1,1073,0,ilp_v4,optimal,1,68.168532,48.21297,1.413904,0.111982,0.0,,0.111982,0.130197,3,0,0
n_frq\set73\n_frq_8.py,n_frq,73,n_frq,8,2,5,8,0.5,0.5,0.7,0.6,1.0,0.5,48.300003,40,13,46.000003,69.000005,22.042859,1,1,1073,0,greedy_sps_baseline,solved,1,9.084315,48.277635,0.188168,0.002027,,,0.002027,0.002457,3,0,0
n_frq\set73\n_frq_12.py,n_frq,73,n_frq,12,2,5,12,0.5,0.5,0.7,0.6,1.0,0.5,48.300002,40,13,45.999999,69.000002,21.433333,1,1,1073,0,ilp_v2,optimal,1,48.220859,48.212325,1.000177,0.05462,0.0,,0.05462,0.059551,3,0,0
n_frq\set73\n_frq_12.py,n_frq,73,n_frq,12,2,5,12,0.5,0.5,0.7,0.6,1.0,0.5,48.300002,40,13,45.999999,69.000002,21.433333,1,1,1073,0,ilp_v3,optimal,1,56.020788,48.189158,1.162518,0.205013,0.0,,0.205013,0.207514,3,0,0
n_frq\set73\n_frq_12.py,n_frq,73,n_frq,12,2,5,12,0.5,0.5,0.7,0.6,1.0,0.5,48.300002,40,13,45.999999,69.000002,21.433333,1,1,1073,0,ilp_v4,optimal,1,58.643536,48.183139,1.217097,0.099318,0.0,,0.099318,0.124579,3,0,0
n_frq\set73\n_frq_12.py,n_frq,73,n_frq,12,2,5,12,0.5,0.5,0.7,0.6,1.0,0.5,48.300002,40,13,45.999999,69.000002,21.433333,1,1,1073,0,greedy_sps_baseline,solved,1,8.764378,48.261201,0.181603,0.002014,,,0.002014,0.002283,3,0,0
n_frq\set74\n_frq_2.py,n_frq,74,n_frq,2,2,5,2,0.5,0.5,0.7,0.6,1.0,0.5,48.3,40,13,46.0,69.0,33.1,1,1,1074,0,ilp_v2,optimal,1,57.152643,48.258789,1.184295,0.031405,0.0,,0.031405,0.033683,3,0,0
n_frq\set74\n_frq_2.py,n_frq,74,n_frq,2,2,5,2,0.5,0.5,0.7,0.6,1.0,0.5,48.3,40,13,46.0,69.0,33.1,1,1,1074,0,ilp_v3,optimal,1,57.663539,47.972122,1.202022,0.007599,0.0,,0.007599,0.008306,3,0,0
n_frq\set74\n_frq_2.py,n_frq,74,n_frq,2,2,5,2,0.5,0.5,0.7,0.6,1.0,0.5,48.3,40,13,46.0,69.0,33.1,1,1,1074,0,ilp_v4,optimal,1,57.844665,48.069385,1.203358,0.112151,0.0,,0.112151,0.130409,3,0,0
n_frq\set74\n_frq_2.py,n_frq,74,n_frq,2,2,5,2,0.5,0.5,0.7,0.6,1.0,0.5,48.3,40,13,46.0,69.0,33.1,1,1,1074,0,greedy_sps_baseline,solved,1,8.61105,48.22263,0.178569,0.002553,,,0.002553,0.003567,3,0,0
n_frq\set74\n_frq_3.py,n_frq,74,n_frq,3,2,5,3,0.5,0.5,0.7,0.6,1.0,0.5,48.299998,40,15,45.999995,68.999997,24.399998,1,1,1074,0,ilp_v2,optimal,1,44.971729,48.170721,0.933591,0.086394,0.0,,0.086394,0.100542,3,0,0
n_frq\set74\n_frq_3.py,n_frq,74,n_frq,3,2,5,3,0.5,0.5,0.7,0.6,1.0,0.5,48.299998,40,15,45.999995,68.999997,24.399998,1,1,1074,0,ilp_v3,optimal,1,40.558182,48.202485,0.841413,0.081898,0.0,,0.081898,0.086941,3,0,0
n_frq\set74\n_frq_3.py,n_frq,74,n_frq,3,2,5,3,0.5,0.5,0.7,0.6,1.0,0.5,48.299998,40,15,45.999995,68.999997,24.399998,1,1,1074,0,ilp_v4,optimal,1,48.993015,48.172615,1.01703,0.16365,0.0,,0.16365,0.190304,3,0,0
n_frq\set74\n_frq_3.py,n_frq,74,n_frq,3,2,5,3,0.5,0.5,0.7,0.6,1.0,0.5,48.299998,40,15,45.999995,68.999997,24.399998,1,1,1074,0,greedy_sps_baseline,solved,1,6.816169,48.19022,0.141443,0.004367,,,0.004367,0.00473,3,0,0
n_frq\set74\n_frq_5.py,n_frq,74,n_frq,5,2,5,5,0.5,0.5,0.7,0.6,1.0,0.5,48.300002,40,9,45.999999,69.000003,21.399999,1,1,1074,0,ilp_v2,optimal,1,33.064566,48.297877,0.684597,0.02176,0.0,,0.02176,0.025539,3,0,0
n_frq\set74\n_frq_5.py,n_frq,74,n_frq,5,2,5,5,0.5,0.5,0.7,0.6,1.0,0.5,48.300002,40,9,45.999999,69.000003,21.399999,1,1,1074,0,ilp_v3,optimal,1,31.490374,48.119609,0.654419,0.087153,0.0,,0.087153,0.092893,3,0,0
n_frq\set74\n_frq_5.py,n_frq,74,n_frq,5,2,5,5,0.5,0.5,0.7,0.6,1.0,0.5,48.300002,40,9,45.999999,69.000003,21.399999,1,1,1074,0,ilp_v4,optimal,1,33.064566,48.297877,0.684597,0.040674,0.0,,0.040674,0.041114,3,0,0
n_frq\set74\n_frq_5.py,n_frq,74,n_frq,5,2,5,5,0.5,0.5,0.7,0.6,1.0,0.5,48.300002,40,9,45.999999,69.000003,21.399999,1,1,1074,0,greedy_sps_baseline,solved,1,4.198159,48.127094,0.087231,0.001517,,,0.001517,0.001678,3,0,0
n_frq\set74\n_frq_8.py,n_frq,74,n_frq,8,2,5,8,0.5,0.5,0.7,0.6,1.0,0.5,48.3,40,9,46.0,69.0,21.4,1,1,1074,0,ilp_v2,optimal,1,69.12186,48.171548,1.434911,0.029621,0.0,,0.029621,0.03204,3,0,0
n_frq\set74\n_frq_8.py,n_frq,74,n_frq,8,2,5,8,0.5,0.5,0.7,0.6,1.0,0.5,48.3,40,9,46.0,69.0,21.4,1,1,1074,0,ilp_v3,optimal,1,70.730701,48.262414,1.465544,0.024358,0.0,,0.024358,0.025486,3,0,0
n_frq\set74\n_frq_8.py,n_frq,74,n_frq,8,2,5,8,0.5,0.5,0.7,0.6,1.0,0.5,48.3,40,9,46.0,69.0,21.4,1,1,1074,0,ilp_v4,optimal,1,72.900781,48.249426,1.510915,0.030574,0.0,,0.030574,0.032973,3,0,0
n_frq\set74\n_frq_8.py,n_frq,74,n_frq,8,2,5,8,0.5,0.5,0.7,0.6,1.0,0.5,48.3,40,9,46.0,69.0,21.4,1,1,1074,0,greedy_sps_baseline,solved,1,7.722027,48.041878,0.160735,0.000606,,,0.000606,0.000794,3,0,0
n_frq\set74\n_frq_12.py,n_frq,74,n_frq,12,2,5,12,0.5,0.5,0.7,0.6,1.0,0.5,48.300004,40,13,46.000002,69.000006,21.400001,1,1,1074,0,ilp_v2,optimal,1,50.550394,48.235854,1.047984,0.0199,0.0,,0.0199,0.023443,3,0,0
n_frq\set74\n_frq_12.py,n_frq,74,n_frq,12,2,5,12,0.5,0.5,0.7,0.6,1.0,0.5,48.300004,40,13,46.000002,69.000006,21.400001,1,1,1074,0,ilp_v3,optimal,1,48.190933,48.28175,0.998119,0.060303,0.0,,0.060303,0.063491,3,0,0
n_frq\set74\n_frq_12.py,n_frq,74,n_frq,12,2,5,12,0.5,0.5,0.7,0.6,1.0,0.5,48.300004,40,13,46.000002,69.000006,21.400001,1,1,1074,0,ilp_v4,optimal,1,50.550394,48.239815,1.047898,0.132914,0.0,,0.132914,0.162909,3,0,0
n_frq\set74\n_frq_12.py,n_frq,74,n_frq,12,2,5,12,0.5,0.5,0.7,0.6,1.0,0.5,48.300004,40,13,46.000002,69.000006,21.400001,1,1,1074,0,greedy_sps_baseline,solved,1,8.491909,48.254025,0.175983,0.001594,,,0.001594,0.0028,3,0,0
n_frq\set75\n_frq_2.py,n_frq,75,n_frq,2,2,5,2,0.5,0.5,0.7,0.6,1.0,0.5,48.299998,40,12,46.000001,68.999998,23.600001,1,1,1075,0,ilp_v2,optimal,1,31.331929,48.265586,0.649157,0.069621,0.0,,0.069621,0.073516,3,0,0
n_frq\set75\n_frq_2.py,n_frq,75,n_frq,2,2,5,2,0.5,0.5,0.7,0.6,1.0,0.5,48.299998,40,12,46.000001,68.999998,23.600001,1,1,1075,0,ilp_v3,optimal,1,31.331929,48.176996,0.65035,0.050855,0.0,,0.050855,0.052903,3,0,0
n_frq\set75\n_frq_2.py,n_frq,75,n_frq,2,2,5,2,0.5,0.5,0.7,0.6,1.0,0.5,48.299998,40,12,46.000001,68.999998,23.600001,1,1,1075,0,ilp_v4,optimal,1,31.708631,48.297331,0.65653,0.105477,0.0,,0.105477,0.106507,3,0,0
n_frq\set75\n_frq_2.py,n_frq,75,n_frq,2,2,5,2,0.5,0.5,0.7,0.6,1.0,0.5,48.299998,40,12,46.000001,68.999998,23.600001,1,1,1075,0,greedy_sps_baseline,solved,1,6.875513,47.999052,0.143243,0.001458,,,0.001458,0.002019,3,0,0
n_frq\set75\n_frq_3.py,n_frq,75,n_frq,3,2,5,3,0.5,0.5,0.7,0.6,1.0,0.5,48.299999,40,10,45.999999,68.999999,21.433333,1,1,1075,0,ilp_v2,optimal,1,34.974694,48.164396,0.726152,0.018758,0.0,,0.018758,0.020795,3,0,0
n_frq\set75\n_frq_3.py,n_frq,75,n_frq,3,2,5,3,0.5,0.5,0.7,0.6,1.0,0.5,48.299999,40,10,45.999999,68.999999,21.433333,1,1,1075,0,ilp_v3,optimal,1,34.685474,48.101307,0.721092,0.016451,0.0,,0.016451,0.018192,3,0,0
n_frq\set75\n_frq_3.py,n_frq,75,n_frq,3,2,5,3,0.5,0.5,0.7,0.6,1.0,0.5,48.299999,40,10,45.999999,68.999999,21.433333,1,1,1075,0,ilp_v4,optimal,1,36.457229,48.291551,0.75494,0.036182,0.0,,0.036182,0.046814,3,0,0
n_frq\set75\n_frq_3.py,n_frq,75,n_frq,3,2,5,3,0.5,0.5,0.7,0.6,1.0,0.5,48.299999,40,10,45.999999,68.999999,21.433333,1,1,1075,0,greedy_sps_baseline,solved,1,9.012557,48.268755,0.186716,0.000937,,,0.000937,0.001019,3,0,0
n_frq\set75\n_frq_5.py,n_frq,75,n_frq,5,2,5,5,0.5,0.5,0.7,0.6,1.0,0.5,48.299996,40,9,46.0,68.999994,21.433333,1,1,1075,0,ilp_v2,optimal,1,50.424441,48.243567,1.045205,0.017845,0.0,,0.017845,0.019332,3,0,0
n_frq\set75\n_frq_5.py,n_frq,75,n_frq,5,2,5,5,0.5,0.5,0.7,0.6,1.0,0.5,48.299996,40,9,46.0,68.999994,21.433333,1,1,1075,0,ilp_v3,optimal,1,45.837582,47.538648,0.964217,0.014643,0.0,,0.014643,0.016591,3,0,0
n_frq\set75\n_frq_5.py,n_frq,75,n_frq,5,2,5,5,0.5,0.5,0.7,0.6,1.0,0.5,48.299996,40,9,46.0,68.999994,21.433333,1,1,1075,0,ilp_v4,optimal,1,50.424441,48.243567,1.045205,0.031271,0.0,,0.031271,0.041211,3,0,0
n_frq\set75\n_frq_5.py,n_frq,75,n_frq,5,2,5,5,0.5,0.5,0.7,0.6,1.0,0.5,48.299996,40,9,46.0,68.999994,21.433333,1,1,1075,0,greedy_sps_baseline,solved,1,6.620494,48.250391,0.137211,0.000918,,,0.000918,0.001122,3,0,0
n_frq\set75\n_frq_8.py,n_frq,75,n_frq,8,2,5,8,0.5,0.5,0.7,0.6,1.0,0.5,48.300002,40,13,46.000003,69.000003,21.400002,1,1,1075,0,ilp_v2,optimal,1,65.480699,48.295787,1.355826,0.081787,0.0,,0.081787,0.08419,3,0,0
n_frq\set75\n_frq_8.py,n_frq,75,n_frq,8,2,5,8,0.5,0.5,0.7,0.6,1.0,0.5,48.300002,40,13,46.000003,69.000003,21.400002,1,1,1075,0,ilp_v3,optimal,1,62.678276,48.297181,1.297763,0.070183,0.0,,0.070183,0.078017,3,0,0
n_frq\set75\n_frq_8.py,n_frq,75,n_frq,8,2,5,8,0.5,0.5,0.7,0.6,1.0,0.5,48.300002,40,13,46.000003,69.000003,21.400002,1,1,1075,0,ilp_v4,optimal,1,70.865985,48.284335,1.467681,0.152517,8.9e-05,,0.152517,0.162941,3,0,0
n_frq\set75\n_frq_8.py,n_frq,75,n_frq,8,2,5,8,0.5,0.5,0.7,0.6,1.0,0.5,48.300002,40,13,46.000003,69.000003,21.400002,1,1,1075,0,greedy_sps_baseline,solved,1,7.808749,48.275441,0.161754,0.003865,,,0.003865,0.004045,3,0,0
n_frq\set75\n_frq_12.py,n_frq,75,n_frq,12,2,5,12,0.5,0.5,0.7,0.6,1.0,0.5,48.3,40,12,46.0,69.0,21.4,1,1,1075,0,ilp_v2,optimal,1,26.855575,41.477923,0.647467,0.028776,0.0,,0.028776,0.029579,3,0,0
n_frq\set75\n_frq_12.py,n_frq,75,n_frq,12,2,5,12,0.5,0.5,0.7,0.6,1.0,0.5,48.3,40,12,46.0,69.0,21.4,1,1,1075,0,ilp_v3,optimal,1,45.1181,48.261437,0.934869,0.04841,0.0,,0.04841,0.056196,3,0,0
n_frq\set75\n_frq_12.py,n_frq,75,n_frq,12,2,5,12,0.5,0.5,0.7,0.6,1.0,0.5,48.3,40,12,46.0,69.0,21.4,1,1,1075,0,ilp_v4,optimal,1,58.958164,48.282304,1.221113,0.113975,0.0,,0.113975,0.114794,3,0,0
n_frq\set75\n_frq_12.py,n_frq,75,n_frq,12,2,5,12,0.5,0.5,0.7,0.6,1.0,0.5,48.3,40,12,46.0,69.0,21.4,1,1,1075,0,greedy_sps_baseline,solved,1,8.858088,48.223173,0.183689,0.003047,,,0.003047,0.003183,3,0,0
n_frq\set76\n_frq_2.py,n_frq,76,n_frq,2,2,5,2,0.5,0.5,0.7,0.6,1.0,0.5,48.300006,40,10,46.0,69.000009,21.4,1,1,1076,0,ilp_v2,optimal,1,27.844398,48.288656,0.576624,0.014555,0.0,,0.014555,0.018078,3,0,0
n_frq\set76\n_frq_2.py,n_frq,76,n_frq,2,2,5,2,0.5,0.5,0.7,0.6,1.0,0.5,48.300006,40,10,46.0,69.000009,21.4,1,1,1076,0,ilp_v3,optimal,1,31.190411,48.288606,0.645917,0.046178,0.0,,0.046178,0.048157,3,0,0
n_frq\set76\n_frq_2.py,n_frq,76,n_frq,2,2,5,2,0.5,0.5,0.7,0.6,1.0,0.5,48.300006,40,10,46.0,69.000009,21.4,1,1,1076,0,ilp_v4,optimal,1,29.819286,48.290924,0.617493,0.070925,0.0,,0.070925,0.078657,3,0,0
n_frq\set76\n_frq_2.py,n_frq,76,n_frq,2,2,5,2,0.5,0.5,0.7,0.6,1.0,0.5,48.300006,40,10,46.0,69.000009,21.4,1,1,1076,0,greedy_sps_baseline,solved,1,6.698296,48.257512,0.138803,0.001251,,,0.001251,0.001399,3,0,0
n_frq\set76\n_frq_3.py,n_frq,76,n_frq,3,2,5,3,0.5,0.5,0.7,0.6,1.0,0.5,48.3,40,9,46.0,69.0,21.4,1,1,1076,0,ilp_v2,optimal,1,21.333256,43.561336,0.489729,0.005639,0.0,,0.005639,0.006503,3,0,0
n_frq\set76\n_frq_3.py,n_frq,76,n_frq,3,2,5,3,0.5,0.5,0.7,0.6,1.0,0.5,48.3,40,9,46.0,69.0,21.4,1,1,1076,0,ilp_v3,optimal,1,21.333256,46.452905,0.459245,0.006332,0.0,,0.006332,0.006614,3,0,0
n_frq\set76\n_frq_3.py,n_frq,76,n_frq,3,2,5,3,0.5,0.5,0.7,0.6,1.0,0.5,48.3,40,9,46.0,69.0,21.4,1,1,1076,0,ilp_v4,optimal,1,21.333256,44.913144,0.474989,0.01414,0.0,,0.01414,0.015626,3,0,0
n_frq\set76\n_frq_3.py,n_frq,76,n_frq,3,2,5,3,0.5,0.5,0.7,0.6,1.0,0.5,48.3,40,9,46.0,69.0,21.4,1,1,1076,0,greedy_sps_baseline,solved,1,4.044717,47.71965,0.08476,0.001064,,,0.001064,0.001179,3,0,0
n_frq\set76\n_frq_5.py,n_frq,76,n_frq,5,2,5,5,0.5,0.5,0.7,0.6,1.0,0.5,48.299998,40,12,46.0,68.999998,21.4,1,1,1076,0,ilp_v2,optimal,1,42.19558,48.265542,0.874238,0.052276,0.0,,0.052276,0.05622,3,0,0
n_frq\set76\n_frq_5.py,n_frq,76,n_frq,5,2,5,5,0.5,0.5,0.7,0.6,1.0,0.5,48.299998,40,12,46.0,68.999998,21.4,1,1,1076,0,ilp_v3,optimal,1,43.273385,48.287662,0.896158,0.090543,0.0,,0.090543,0.098407,3,0,0
n_frq\set76\n_frq_5.py,n_frq,76,n_frq,5,2,5,5,0.5,0.5,0.7,0.6,1.0,0.5,48.299998,40,12,46.0,68.999998,21.4,1,1,1076,0,ilp_v4,optimal,1,41.879963,48.010159,0.872315,0.151758,0.0,,0.151758,0.159503,3,0,0
n_frq\set76\n_frq_5.py,n_frq,76,n_frq,5,2,5,5,0.5,0.5,0.7,0.6,1.0,0.5,48.299998,40,12,46.0,68.999998,21.4,1,1,1076,0,greedy_sps_baseline,solved,1,6.510468,48.226903,0.134997,0.001365,,,0.001365,0.001562,3,0,0
n_frq\set76\n_frq_8.py,n_frq,76,n_frq,8,2,5,8,0.5,0.5,0.7,0.6,1.0,0.5,48.300002,40,12,46.0,69.000003,21.4,1,1,1076,0,ilp_v2,optimal,1,73.255633,48.299091,1.516708,0.020511,0.0,,0.020511,0.021179,3,0,0
n_frq\set76\n_frq_8.py,n_frq,76,n_frq,8,2,5,8,0.5,0.5,0.7,0.6,1.0,0.5,48.300002,40,12,46.0,69.000003,21.4,1,1,1076,0,ilp_v3,optimal,1,73.255633,48.155411,1.521234,0.016058,0.0,,0.016058,0.017833,3,0,0
n_frq\set76\n_frq_8.py,n_frq,76,n_frq,8,2,5,8,0.5,0.5,0.7,0.6,1.0,0.5,48.300002,40,12,46.0,69.000003,21.4,1,1,1076,0,ilp_v4,optimal,1,73.255633,47.67791,1.536469,0.056451,0.0,,0.056451,0.0598,3,0,0
n_frq\set76\n_frq_8.py,n_frq,76,n_frq,8,2,5,8,0.5,0.5,0.7,0.6,1.0,0.5,48.300002,40,12,46.0,69.000003,21.4,1,1,1076,0,greedy_sps_baseline,solved,1,9.299554,48.27736,0.192628,0.001579,,,0.001579,0.00172,3,0,0
n_frq\set76\n_frq_12.py,n_frq,76,n_frq,12,2,5,12,0.5,0.5,0.7,0.6,1.0,0.5,48.299998,40,13,45.999995,68.999997,21.399998,1,1,1076,0,ilp_v2,optimal,1,69.667902,48.274378,1.443165,0.117311,0.0,,0.117311,0.13127,3,0,0
n_frq\set76\n_frq_12.py,n_frq,76,n_frq,12,2,5,12,0.5,0.5,0.7,0.6,1.0,0.5,48.299998,40,13,45.999995,68.999997,21.399998,1,1,1076,0,ilp_v3,optimal,1,61.056043,47.995334,1.272125,0.063767,0.0,,0.063767,0.070448,3,0,0
n_frq\set76\n_frq_12.py,n_frq,76,n_frq,12,2,5,12,0.5,0.5,0.7,0.6,1.0,0.5,48.299998,40,13,45.999995,68.999997,21.399998,1,1,1076,0,ilp_v4,optimal,1,72.745695,48.09288,1.512608,0.058121,0.0,,0.058121,0.079267,3,0,0
n_frq\set76\n_frq_12.py,n_frq,76,n_frq,12,2,5,12,0.5,0.5,0.7,0.6,1.0,0.5,48.299998,40,13,45.999995,68.999997,21.399998,1,1,1076,0,greedy_sps_baseline,solved,1,8.626089,48.24098,0.178812,0.001852,,,0.001852,0.002015,3,0,0
n_frq\set77\n_frq_2.py,n_frq,77,n_frq,2,2,5,2,0.5,0.5,0.7,0.6,1.0,0.5,48.299999,40,11,46.0,68.999999,23.6,1,1,1077,0,ilp_v2,optimal,1,23.648968,48.291351,0.489714,0.013507,3.8e-05,,0.013507,0.017968,3,0,0
n_frq\set77\n_frq_2.py,n_frq,77,n_frq,2,2,5,2,0.5,0.5,0.7,0.6,1.0,0.5,48.299999,40,11,46.0,68.999999,23.6,1,1,1077,0,ilp_v3,optimal,1,27.013966,48.297804,0.559321,0.013047,0.0,,0.013047,0.0153,3,0,0
n_frq\set77\n_frq_2.py,n_frq,77,n_frq,2,2,5,2,0.5,0.5,0.7,0.6,1.0,0.5,48.299999,40,11,46.0,68.999999,23.6,1,1,1077,0,ilp_v4,optimal,1,25.909976,48.290771,0.536541,0.078703,5.3e-05,,0.078703,0.089242,3,0,0
n_frq\set77\n_frq_2.py,n_frq,77,n_frq,2,2,5,2,0.5,0.5,0.7,0.6,1.0,0.5,48.299999,40,11,46.0,68.999999,23.6,1,1,1077,0,greedy_sps_baseline,solved,1,6.00862,48.272365,0.124473,0.001279,,,0.001279,0.001499,3,0,0
n_frq\set77\n_frq_3.py,n_frq,77,n_frq,3,2,5,3,0.5,0.5,0.7,0.6,1.0,0.5,48.300003,40,11,46.0,69.000005,21.433333,1,1,1077,0,ilp_v2,optimal,1,26.850661,48.286201,0.556073,0.070337,0.0,,0.070337,0.07896,3,0,0
n_frq\set77\n_frq_3.py,n_frq,77,n_frq,3,2,5,3,0.5,0.5,0.7,0.6,1.0,0.5,48.300003,40,11,46.0,69.000005,21.433333,1,1,1077,0,ilp_v3,optimal,1,28.188372,48.120044,0.585793,0.113318,0.0,,0.113318,0.117054,3,0,0
n_frq\set77\n_frq_3.py,n_frq,77,n_frq,3,2,5,3,0.5,0.5,0.7,0.6,1.0,0.5,48.300003,40,11,46.0,69.000005,21.433333,1,1,1077,0,ilp_v4,optimal,1,28.098131,48.212251,0.582801,0.128193,0.0,,0.128193,0.134808,3,0,0
n_frq\set77\n_frq_3.py,n_frq,77,n_frq,3,2,5,3,0.5,0.5,0.7,0.6,1.0,0.5,48.300003,40,11,46.0,69.000005,21.433333,1,1,1077,0,greedy_sps_baseline,solved,1,3.726533,48.156838,0.077383,0.001533,,,0.001533,0.00172,3,0,0
n_frq\set77\n_frq_5.py,n_frq,77,n_frq,5,2,5,5,0.5,0.5,0.7,0.6,1.0,0.5,48.300002,40,13,46.000002,69.000002,21.433334,1,1,1077,0,ilp_v2,optimal,1,92.186962,48.005995,1.920322,0.046487,0.0,,0.046487,0.052804,3,0,0
n_frq\set77\n_frq_5.py,n_frq,77,n_frq,5,2,5,5,0.5,0.5,0.7,0.6,1.0,0.5,48.300002,40,13,46.000002,69.000002,21.433334,1,1,1077,0,ilp_v3,optimal,1,84.871441,48.243415,1.759234,0.105465,0.0,,0.105465,0.11241,3,0,0
n_frq\set77\n_frq_5.py,n_frq,77,n_frq,5,2,5,5,0.5,0.5,0.7,0.6,1.0,0.5,48.300002,40,13,46.000002,69.000002,21.433334,1,1,1077,0,ilp_v4,optimal,1,91.625232,47.872191,1.913955,0.14626,0.0,,0.14626,0.153713,3,0,0
n_frq\set77\n_frq_5.py,n_frq,77,n_frq,5,2,5,5,0.5,0.5,0.7,0.6,1.0,0.5,48.300002,40,13,46.000002,69.000002,21.433334,1,1,1077,0,greedy_sps_baseline,solved,1,9.18322,48.219392,0.190447,0.001591,,,0.001591,0.001757,3,0,0
n_frq\set77\n_frq_8.py,n_frq,77,n_frq,8,2,5,8,0.5,0.5,0.7,0.6,1.0,0.5,48.3,40,10,46.0,69.0,21.433333,1,1,1077,0,ilp_v2,optimal,1,74.20989,48.275211,1.537226,0.023502,0.0,,0.023502,0.026575,3,0,0
n_frq\set77\n_frq_8.py,n_frq,77,n_frq,8,2,5,8,0.5,0.5,0.7,0.6,1.0,0.5,48.3,40,10,46.0,69.0,21.433333,1,1,1077,0,ilp_v3,optimal,1,66.388847,48.066479,1.381188,0.158085,0.0,,0.158085,0.160365,3,0,0
n_frq\set77\n_frq_8.py,n_frq,77,n_frq,8,2,5,8,0.5,0.5,0.7,0.6,1.0,0.5,48.3,40,10,46.0,69.0,21.433333,1,1,1077,0,ilp_v4,optimal,1,74.20989,48.275211,1.537226,0.053344,0.0,,0.053344,0.055612,3,0,0
n_frq\set77\n_frq_8.py,n_frq,77,n_frq,8,2,5,8,0.5,0.5,0.7,0.6,1.0,0.5,48.3,40,10,46.0,69.0,21.433333,1,1,1077,0,greedy_sps_baseline,solved,1,8.663611,48.011498,0.180449,0.001103,,,0.001103,0.001262,3,0,0
n_frq\set77\n_frq_12.py,n_frq,77,n_frq,12,2,5,12,0.5,0.5,0.7,0.6,1.0,0.5,48.299997,40,11,45.999999,68.999995,21.433333,1,1,1077,0,ilp_v2,optimal,1,47.603355,48.207979,0.987458,0.043413,0.0,,0.043413,0.045198,3,0,0
n_frq\set77\n_frq_12.py,n_frq,77,n_frq,12,2,5,12,0.5,0.5,0.7,0.6,1.0,0.5,48.299997,40,11,45.999999,68.999995,21.433333,1,1,1077,0,ilp_v3,optimal,1,47.27917,47.890431,0.987236,0.049683,0.0,,0.049683,0.057837,3,0,0
n_frq\set77\n_frq_12.py,n_frq,77,n_frq,12,2,5,12,0.5,0.5,0.7,0.6,1.0,0.5,48.299997,40,11,45.999999,68.999995,21.433333,1,1,1077,0,ilp_v4,optimal,1,48.195184,47.932978,1.00547,0.062202,0.0,,0.062202,0.079611,3,0,0
n_frq\set77\n_frq_12.py,n_frq,77,n_frq,12,2,5,12,0.5,0.5,0.7,0.6,1.0,0.5,48.299997,40,11,45.999999,68.999995,21.433333,1,1,1077,0,greedy_sps_baseline,solved,1,6.060597,48.260507,0.125581,0.001302,,,0.001302,0.001521,3,0,0
n_frq\set78\n_frq_2.py,n_frq,78,n_frq,2,2,5,2,0.5,0.5,0.7,0.6,1.0,0.5,48.299994,40,10,45.999998,68.999991,22.042856,1,1,1078,0,ilp_v2,optimal,1,26.520189,48.257589,0.549555,0.018509,0.0,,0.018509,0.019777,3,0,0
n_frq\set78\n_frq_2.py,n_frq,78,n_frq,2,2,5,2,0.5,0.5,0.7,0.6,1.0,0.5,48.299994,40,10,45.999998,68.999991,22.042856,1,1,1078,0,ilp_v3,optimal,1,38.975762,48.296139,0.807016,0.015564,0.0,,0.015564,0.018819,3,0,0
n_frq\set78\n_frq_2.py,n_frq,78,n_frq,2,2,5,2,0.5,0.5,0.7,0.6,1.0,0.5,48.299994,40,10,45.999998,68.999991,22.042856,1,1,1078,0,ilp_v4,optimal,1,40.891443,48.27997,0.846965,0.1597,0.0,,0.1597,0.207108,3,0,0
n_frq\set78\n_frq_2.py,n_frq,78,n_frq,2,2,5,2,0.5,0.5,0.7,0.6,1.0,0.5,48.299994,40,10,45.999998,68.999991,22.042856,1,1,1078,0,greedy_sps_baseline,solved,1,8.34486,48.277501,0.172852,0.00106,,,0.00106,0.001147,3,0,0
n_frq\set78\n_frq_3.py,n_frq,78,n_frq,3,2,5,3,0.5,0.5,0.7,0.6,1.0,0.5,48.300001,40,10,46.0,69.000001,21.4,1,1,1078,0,ilp_v2,optimal,1,19.997353,48.024331,0.4164,0.01545,5.3e-05,,0.01545,0.024576,3,0,0
n_frq\set78\n_frq_3.py,n_frq,78,n_frq,3,2,5,3,0.5,0.5,0.7,0.6,1.0,0.5,48.300001,40,10,46.0,69.000001,21.4,1,1,1078,0,ilp_v3,optimal,1,24.464186,48.229214,0.507248,0.010227,0.0,,0.010227,0.010909,3,0,0
n_frq\set78\n_frq_3.py,n_frq,78,n_frq,3,2,5,3,0.5,0.5,0.7,0.6,1.0,0.5,48.300001,40,10,46.0,69.000001,21.4,1,1,1078,0,ilp_v4,optimal,1,22.542696,48.295479,0.466766,0.072843,0.0,,0.072843,0.078166,3,0,0
n_frq\set78\n_frq_3.py,n_frq,78,n_frq,3,2,5,3,0.5,0.5,0.7,0.6,1.0,0.5,48.300001,40,10,46.0,69.000001,21.4,1,1,1078,0,greedy_sps_baseline,solved,1,8.332802,48.16598,0.173002,0.00104,,,0.00104,0.001173,3,0,0
n_frq\set78\n_frq_5.py,n_frq,78,n_frq,5,2,5,5,0.5,0.5,0.7,0.6,1.0,0.5,48.3,40,11,45.999999,69.0,21.399999,1,1,1078,0,ilp_v2,optimal,1,50.587977,47.959413,1.054808,0.029204,0.0,,0.029204,0.029949,3,0,0
n_frq\set78\n_frq_5.py,n_frq,78,n_frq,5,2,5,5,0.5,0.5,0.7,0.6,1.0,0.5,48.3,40,11,45.999999,69.0,21.399999,1,1,1078,0,ilp_v3,optimal,1,50.276578,47.969065,1.048104,0.072121,0.0,,0.072121,0.07902,3,0,0
n_frq\set78\n_frq_5.py,n_frq,78,n_frq,5,2,5,5,0.5,0.5,0.7,0.6,1.0,0.5,48.3,40,11,45.999999,69.0,21.399999,1,1,1078,0,ilp_v4,optimal,1,50.180491,47.821206,1.049336,0.110337,0.0,,0.110337,0.111405,3,0,0
n_frq\set78\n_frq_5.py,n_frq,78,n_frq,5,2,5,5,0.5,0.5,0.7,0.6,1.0,0.5,48.3,40,11,45.999999,69.0,21.399999,1,1,1078,0,greedy_sps_baseline,solved,1,3.976055,47.816505,0.083152,0.001466,,,0.001466,0.001627,3,0,0
n_frq\set78\n_frq_8.py,n_frq,78,n_frq,8,2,5,8,0.5,0.5,0.7,0.6,1.0,0.5,48.300002,40,10,46.000002,69.000002,21.400001,1,1,1078,0,ilp_v2,optimal,1,71.036443,48.163494,1.474902,0.096183,0.0,,0.096183,0.100569,3,0,0
n_frq\set78\n_frq_8.py,n_frq,78,n_frq,8,2,5,8,0.5,0.5,0.7,0.6,1.0,0.5,48.300002,40,10,46.000002,69.000002,21.400001,1,1,1078,0,ilp_v3,optimal,1,71.241503,47.900734,1.487274,0.020705,0.0,,0.020705,0.022215,3,0,0
n_frq\set78\n_frq_8.py,n_frq,78,n_frq,8,2,5,8,0.5,0.5,0.7,0.6,1.0,0.5,48.300002,40,10,46.000002,69.000002,21.400001,1,1,1078,0,ilp_v4,optimal,1,77.854894,48.263897,1.613108,0.048395,0.0,,0.048395,0.054563,3,0,0
n_frq\set78\n_frq_8.py,n_frq,78,n_frq,8,2,5,8,0.5,0.5,0.7,0.6,1.0,0.5,48.300002,40,10,46.000002,69.000002,21.400001,1,1,1078,0,greedy_sps_baseline,solved,1,9.950649,48.297335,0.206029,0.002346,,,0.002346,0.004085,3,0,0
n_frq\set78\n_frq_12.py,n_frq,78,n_frq,12,2,5,12,0.5,0.5,0.7,0.6,1.0,0.5,48.299998,40,13,45.999997,68.999998,21.399998,1,1,1078,0,ilp_v2,optimal,1,45.230549,48.280255,0.936833,0.039612,0.0,,0.039612,0.047654,3,0,0
n_frq\set78\n_frq_12.py,n_frq,78,n_frq,12,2,5,12,0.5,0.5,0.7,0.6,1.0,0.5,48.299998,40,13,45.999997,68.999998,21.399998,1,1,1078,0,ilp_v3,optimal,1,53.005987,48.299101,1.097453,0.182529,0.0,,0.182529,0.199761,3,0,0
n_frq\set78\n_frq_12.py,n_frq,78,n_frq,12,2,5,12,0.5,0.5,0.7,0.6,1.0,0.5,48.299998,40,13,45.999997,68.999998,21.399998,1,1,1078,0,ilp_v4,optimal,1,58.263194,48.258352,1.207318,0.130869,0.0,,0.130869,0.145264,3,0,0
n_frq\set78\n_frq_12.py,n_frq,78,n_frq,12,2,5,12,0.5,0.5,0.7,0.6,1.0,0.5,48.299998,40,13,45.999997,68.999998,21.399998,1,1,1078,0,greedy_sps_baseline,solved,1,8.961601,48.270914,0.185652,0.001523,,,0.001523,0.001703,3,0,0
n_frq\set79\n_frq_2.py,n_frq,79,n_frq,2,2,5,2,0.5,0.5,0.7,0.6,1.0,0.5,48.299998,40,12,45.999995,68.999997,28.171426,1,1,1079,0,ilp_v2,optimal,1,67.522073,48.271934,1.398785,0.022439,0.0,,0.022439,0.0293,3,0,0
n_frq\set79\n_frq_2.py,n_frq,79,n_frq,2,2,5,2,0.5,0.5,0.7,0.6,1.0,0.5,48.299998,40,12,45.999995,68.999997,28.171426,1,1,1079,0,ilp_v3,optimal,1,58.202285,48.271718,1.205722,0.044819,0.0,,0.044819,0.051707,3,0,0
n_frq\set79\n_frq_2.py,n_frq,79,n_frq,2,2,5,2,0.5,0.5,0.7,0.6,1.0,0.5,48.299998,40,12,45.999995,68.999997,28.171426,1,1,1079,0,ilp_v4,optimal,1,68.350566,48.087642,1.421375,0.05332,0.0,,0.05332,0.057557,3,0,0
n_frq\set79\n_frq_2.py,n_frq,79,n_frq,2,2,5,2,0.5,0.5,0.7,0.6,1.0,0.5,48.299998,40,12,45.999995,68.999997,28.171426,1,1,1079,0,greedy_sps_baseline,solved,1,7.855017,48.125218,0.16322,0.001293,,,0.001293,0.001445,3,0,0
n_frq\set79\n_frq_3.py,n_frq,79,n_frq,3,2,5,3,0.5,0.5,0.7,0.6,1.0,0.5,48.300002,40,12,46.000001,69.000002,26.13077,1,1,1079,0,ilp_v2,optimal,1,48.965952,48.258019,1.01467,0.023231,0.0,,0.023231,0.025953,3,0,0
n_frq\set79\n_frq_3.py,n_frq,79,n_frq,3,2,5,3,0.5,0.5,0.7,0.6,1.0,0.5,48.300002,40,12,46.000001,69.000002,26.13077,1,1,1079,0,ilp_v3,optimal,1,66.082116,48.256979,1.369379,0.010418,0.0,,0.010418,0.010929,3,0,0
n_frq\set79\n_frq_3.py,n_frq,79,n_frq,3,2,5,3,0.5,0.5,0.7,0.6,1.0,0.5,48.300002,40,12,46.000001,69.000002,26.13077,1,1,1079,0,ilp_v4,optimal,1,72.3594,48.156422,1.502591,0.102232,0.0,,0.102232,0.104377,3,0,0
n_frq\set79\n_frq_3.py,n_frq,79,n_frq,3,2,5,3,0.5,0.5,0.7,0.6,1.0,0.5,48.300002,40,12,46.000001,69.000002,26.13077,1,1,1079,0,greedy_sps_baseline,solved,1,8.634008,48.206475,0.179105,0.001663,,,0.001663,0.00181,3,0,0
n_frq\set79\n_frq_5.py,n_frq,79,n_frq,5,2,5,5,0.5,0.5,0.7,0.6,1.0,0.5,48.299999,40,10,46.000001,68.999999,21.400001,1,1,1079,0,ilp_v2,optimal,1,52.87521,48.267597,1.09546,0.162822,0.0,,0.162822,0.175517,3,0,0
n_frq\set79\n_frq_5.py,n_frq,79,n_frq,5,2,5,5,0.5,0.5,0.7,0.6,1.0,0.5,48.299999,40,10,46.000001,68.999999,21.400001,1,1,1079,0,ilp_v3,optimal,1,49.07913,48.270707,1.016748,0.112911,0.0,,0.112911,0.117381,3,0,0
n_frq\set79\n_frq_5.py,n_frq,79,n_frq,5,2,5,5,0.5,0.5,0.7,0.6,1.0,0.5,48.299999,40,10,46.000001,68.999999,21.400001,1,1,1079,0,ilp_v4,optimal,1,52.463924,48.293234,1.086362,0.101467,0.0,,0.101467,0.10686,3,0,0
n_frq\set79\n_frq_5.py,n_frq,79,n_frq,5,2,5,5,0.5,0.5,0.7,0.6,1.0,0.5,48.299999,40,10,46.000001,68.999999,21.400001,1,1,1079,0,greedy_sps_baseline,solved,1,8.192411,48.29748,0.169624,0.002443,,,0.002443,0.002589,3,0,0
n_frq\set79\n_frq_8.py,n_frq,79,n_frq,8,2,5,8,0.5,0.5,0.7,0.6,1.0,0.5,48.3,40,10,45.999999,69.0,21.399999,1,1,1079,0,ilp_v2,optimal,1,60.659656,47.125542,1.287193,0.012937,0.0,,0.012937,0.031726,3,0,0
n_frq\set79\n_frq_8.py,n_frq,79,n_frq,8,2,5,8,0.5,0.5,0.7,0.6,1.0,0.5,48.3,40,10,45.999999,69.0,21.399999,1,1,1079,0,ilp_v3,optimal,1,72.315212,48.161241,1.501523,0.010659,0.0,,0.010659,0.013674,3,0,0
n_frq\set79\n_frq_8.py,n_frq,79,n_frq,8,2,5,8,0.5,0.5,0.7,0.6,1.0,0.5,48.3,40,10,45.999999,69.0,21.399999,1,1,1079,0,ilp_v4,optimal,1,68.049706,48.240441,1.410636,0.158841,0.0,,0.158841,0.160781,3,0,0
n_frq\set79\n_frq_8.py,n_frq,79,n_frq,8,2,5,8,0.5,0.5,0.7,0.6,1.0,0.5,48.3,40,10,45.999999,69.0,21.399999,1,1,1079,0,greedy_sps_baseline,solved,1,9.033974,48.245053,0.187252,0.001053,,,0.001053,0.001181,3,0,0
n_frq\set79\n_frq_12.py,n_frq,79,n_frq,12,2,5,12,0.5,0.5,0.7,0.6,1.0,0.5,48.300002,40,10,46.000002,69.000002,21.400001,1,1,1079,0,ilp_v2,optimal,1,51.167445,48.195265,1.06167,0.096543,0.0,,0.096543,0.105136,3,0,0
n_frq\set79\n_frq_12.py,n_frq,79,n_frq,12,2,5,12,0.5,0.5,0.7,0.6,1.0,0.5,48.300002,40,10,46.000002,69.000002,21.400001,1,1,1079,0,ilp_v3,optimal,1,61.546874,48.290322,1.274518,0.107771,0.0,,0.107771,0.11625,3,0,0
n_frq\set79\n_frq_12.py,n_frq,79,n_frq,12,2,5,12,0.5,0.5,0.7,0.6,1.0,0.5,48.300002,40,10,46.000002,69.000002,21.400001,1,1,1079,0,ilp_v4,optimal,1,72.687291,48.18782,1.508416,0.056746,0.0,,0.056746,0.066182,3,0,0
n_frq\set79\n_frq_12.py,n_frq,79,n_frq,12,2,5,12,0.5,0.5,0.7,0.6,1.0,0.5,48.300002,40,10,46.000002,69.000002,21.400001,1,1,1079,0,greedy_sps_baseline,solved,1,8.782656,48.253662,0.18201,0.000908,,,0.000908,0.001159,3,0,0
n_frq\set80\n_frq_2.py,n_frq,80,n_frq,2,2,5,2,0.5,0.5,0.7,0.6,1.0,0.5,48.299997,40,15,45.999994,68.999995,26.130766,1,1,1080,0,ilp_v2,optimal,1,56.959113,48.151246,1.182921,0.020621,0.0,,0.020621,0.027352,3,0,0
n_frq\set80\n_frq_2.py,n_frq,80,n_frq,2,2,5,2,0.5,0.5,0.7,0.6,1.0,0.5,48.299997,40,15,45.999994,68.999995,26.130766,1,1,1080,0,ilp_v3,optimal,1,56.08663,48.294541,1.161345,0.010415,3.5e-05,,0.010415,0.011538,3,0,0
n_frq\set80\n_frq_2.py,n_frq,80,n_frq,2,2,5,2,0.5,0.5,0.7,0.6,1.0,0.5,48.299997,40,15,45.999994,68.999995,26.130766,1,1,1080,0,ilp_v4,optimal,1,56.959113,48.040537,1.185647,0.123933,0.0,,0.123933,0.135598,3,0,0
n_frq\set80\n_frq_2.py,n_frq,80,n_frq,2,2,5,2,0.5,0.5,0.7,0.6,1.0,0.5,48.299997,40,15,45.999994,68.999995,26.130766,1,1,1080,0,greedy_sps_baseline,solved,1,8.662767,48.256338,0.179516,0.001204,,,0.001204,0.001568,3,0,0
n_frq\set80\n_frq_3.py,n_frq,80,n_frq,3,2,5,3,0.5,0.5,0.7,0.6,1.0,0.5,48.299997,40,15,45.999994,68.999995,26.130766,1,1,1080,0,ilp_v2,optimal,1,58.504064,47.877669,1.221949,0.012685,0.0,,0.012685,0.013949,3,0,0
n_frq\set80\n_frq_3.py,n_frq,80,n_frq,3,2,5,3,0.5,0.5,0.7,0.6,1.0,0.5,48.299997,40,15,45.999994,68.999995,26.130766,1,1,1080,0,ilp_v3,optimal,1,56.666487,48.09423,1.178239,0.013075,0.0,,0.013075,0.013537,3,0,0
n_frq\set80\n_frq_3.py,n_frq,80,n_frq,3,2,5,3,0.5,0.5,0.7,0.6,1.0,0.5,48.299997,40,15,45.999994,68.999995,26.130766,1,1,1080,0,ilp_v4,optimal,1,58.504064,47.877669,1.221949,0.086661,0.0,,0.086661,0.130606,3,0,0
n_frq\set80\n_frq_3.py,n_frq,80,n_frq,3,2,5,3,0.5,0.5,0.7,0.6,1.0,0.5,48.299997,40,15,45.999994,68.999995,26.130766,1,1,1080,0,greedy_sps_baseline,solved,1,8.662767,48.256338,0.179516,0.00224,,,0.00224,0.002377,3,0,0
n_frq\set80\n_frq_5.py,n_frq,80,n_frq,5,2,5,5,0.5,0.5,0.7,0.6,1.0,0.5,48.299995,40,13,46.0,68.999993,22.0,1,1,1080,0,ilp_v2,optimal,1,67.454552,48.263912,1.397619,0.161856,0.0,,0.161856,0.171066,3,0,0
n_frq\set80\n_frq_5.py,n_frq,80,n_frq,5,2,5,5,0.5,0.5,0.7,0.6,1.0,0.5,48.299995,40,13,46.0,68.999993,22.0,1,1,1080,0,ilp_v3,optimal,1,70.351411,48.241956,1.458303,0.076645,0.0,,0.076645,0.099837,3,0,0
n_frq\set80\n_frq_5.py,n_frq,80,n_frq,5,2,5,5,0.5,0.5,0.7,0.6,1.0,0.5,48.299995,40,13,46.0,68.999993,22.0,1,1,1080,0,ilp_v4,optimal,1,73.759834,48.019064,1.536053,0.139889,0.0,,0.139889,0.143877,3,0,0
n_frq\set80\n_frq_5.py,n_frq,80,n_frq,5,2,5,5,0.5,0.5,0.7,0.6,1.0,0.5,48.299995,40,13,46.0,68.999993,22.0,1,1,1080,0,greedy_sps_baseline,solved,1,8.424312,48.191615,0.174809,0.001677,,,0.001677,0.002175,3,0,0
n_frq\set80\n_frq_8.py,n_frq,80,n_frq,8,2,5,8,0.5,0.5,0.7,0.6,1.0,0.5,48.299998,40,11,45.999999,68.999998,21.399999,1,1,1080,0,ilp_v2,optimal,1,48.607645,48.275552,1.006879,0.066423,0.0,,0.066423,0.069661,3,0,0
n_frq\set80\n_frq_8.py,n_frq,80,n_frq,8,2,5,8,0.5,0.5,0.7,0.6,1.0,0.5,48.299998,40,11,45.999999,68.999998,21.399999,1,1,1080,0,ilp_v3,optimal,1,51.410794,48.280307,1.06484,0.08261,0.0,,0.08261,0.082713,3,0,0
n_frq\set80\n_frq_8.py,n_frq,80,n_frq,8,2,5,8,0.5,0.5,0.7,0.6,1.0,0.5,48.299998,40,11,45.999999,68.999998,21.399999,1,1,1080,0,ilp_v4,optimal,1,48.607645,48.275552,1.006879,0.097586,0.0,,0.097586,0.104825,3,0,0
n_frq\set80\n_frq_8.py,n_frq,80,n_frq,8,2,5,8,0.5,0.5,0.7,0.6,1.0,0.5,48.299998,40,11,45.999999,68.999998,21.399999,1,1,1080,0,greedy_sps_baseline,solved,1,6.90543,48.294957,0.142984,0.002403,,,0.002403,0.002428,3,0,0
n_frq\set80\n_frq_12.py,n_frq,80,n_frq,12,2,5,12,0.5,0.5,0.7,0.6,1.0,0.5,48.300002,40,15,46.000003,69.000002,21.400002,1,1,1080,0,ilp_v2,optimal,1,62.791834,48.132193,1.30457,0.047041,0.0,,0.047041,0.056107,3,0,0
n_frq\set80\n_frq_12.py,n_frq,80,n_frq,12,2,5,12,0.5,0.5,0.7,0.6,1.0,0.5,48.300002,40,15,46.000003,69.000002,21.400002,1,1,1080,0,ilp_v3,optimal,1,58.957713,48.279198,1.221183,0.146598,0.0,,0.146598,0.15994,3,0,0
n_frq\set80\n_frq_12.py,n_frq,80,n_frq,12,2,5,12,0.5,0.5,0.7,0.6,1.0,0.5,48.300002,40,15,46.000003,69.000002,21.400002,1,1,1080,0,ilp_v4,optimal,1,62.791834,48.204482,1.302614,0.151245,0.0,,0.151245,0.160435,3,0,0
n_frq\set80\n_frq_12.py,n_frq,80,n_frq,12,2,5,12,0.5,0.5,0.7,0.6,1.0,0.5,48.300002,40,15,46.000003,69.000002,21.400002,1,1,1080,0,greedy_sps_baseline,solved,1,7.896786,48.258192,0.163636,0.002969,,,0.002969,0.004575,3,0,0
n_frq\set81\n_frq_2.py,n_frq,81,n_frq,2,2,5,2,0.5,0.5,0.7,0.6,1.0,0.5,48.299998,40,9,46.000001,68.999997,26.13077,1,1,1081,0,ilp_v2,optimal,1,47.39777,45.114551,1.050609,0.008398,0.0,,0.008398,0.011851,3,0,0
n_frq\set81\n_frq_2.py,n_frq,81,n_frq,2,2,5,2,0.5,0.5,0.7,0.6,1.0,0.5,48.299998,40,9,46.000001,68.999997,26.13077,1,1,1081,0,ilp_v3,optimal,1,47.39777,45.369561,1.044704,0.032851,0.0,,0.032851,0.041744,3,0,0
n_frq\set81\n_frq_2.py,n_frq,81,n_frq,2,2,5,2,0.5,0.5,0.7,0.6,1.0,0.5,48.299998,40,9,46.000001,68.999997,26.13077,1,1,1081,0,ilp_v4,optimal,1,50.571009,45.748623,1.105411,0.037475,0.0,,0.037475,0.038349,3,0,0
n_frq\set81\n_frq_2.py,n_frq,81,n_frq,2,2,5,2,0.5,0.5,0.7,0.6,1.0,0.5,48.299998,40,9,46.000001,68.999997,26.13077,1,1,1081,0,greedy_sps_baseline,solved,1,8.591145,48.288248,0.177914,0.001187,,,0.001187,0.002224,3,0,0
n_frq\set81\n_frq_3.py,n_frq,81,n_frq,3,2,5,3,0.5,0.5,0.7,0.6,1.0,0.5,48.299998,40,12,45.999997,68.999998,21.999998,1,1,1081,0,ilp_v2,optimal,1,38.302345,47.852142,0.800431,0.009283,0.0,,0.009283,0.013052,3,0,0
n_frq\set81\n_frq_3.py,n_frq,81,n_frq,3,2,5,3,0.5,0.5,0.7,0.6,1.0,0.5,48.299998,40,12,45.999997,68.999998,21.999998,1,1,1081,0,ilp_v3,optimal,1,37.521182,48.220357,0.778119,0.025893,0.0,,0.025893,0.02723,3,0,0
n_frq\set81\n_frq_3.py,n_frq,81,n_frq,3,2,5,3,0.5,0.5,0.7,0.6,1.0,0.5,48.299998,40,12,45.999997,68.999998,21.999998,1,1,1081,0,ilp_v4,optimal,1,38.302345,47.898372,0.799659,0.097072,0.0,,0.097072,0.104351,3,0,0
n_frq\set81\n_frq_3.py,n_frq,81,n_frq,3,2,5,3,0.5,0.5,0.7,0.6,1.0,0.5,48.299998,40,12,45.999997,68.999998,21.999998,1,1,1081,0,greedy_sps_baseline,solved,1,6.475637,48.017259,0.134861,0.001929,,,0.001929,0.002065,3,0,0
n_frq\set81\n_frq_5.py,n_frq,81,n_frq,5,2,5,5,0.5,0.5,0.7,0.6,1.0,0.5,48.299998,40,12,45.999997,68.999998,21.999998,1,1,1081,0,ilp_v2,optimal,1,40.447088,48.268356,0.837963,0.022446,0.0,,0.022446,0.029975,3,0,0
n_frq\set81\n_frq_5.py,n_frq,81,n_frq,5,2,5,5,0.5,0.5,0.7,0.6,1.0,0.5,48.299998,40,12,45.999997,68.999998,21.999998,1,1,1081,0,ilp_v3,optimal,1,38.843007,48.142483,0.806834,0.014551,0.0,,0.014551,0.014991,3,0,0
n_frq\set81\n_frq_5.py,n_frq,81,n_frq,5,2,5,5,0.5,0.5,0.7,0.6,1.0,0.5,48.299998,40,12,45.999997,68.999998,21.999998,1,1,1081,0,ilp_v4,optimal,1,40.447088,47.490026,0.851696,0.06007,0.0,,0.06007,0.073894,3,0,0
n_frq\set81\n_frq_5.py,n_frq,81,n_frq,5,2,5,5,0.5,0.5,0.7,0.6,1.0,0.5,48.299998,40,12,45.999997,68.999998,21.999998,1,1,1081,0,greedy_sps_baseline,solved,1,6.475637,48.017259,0.134861,0.0014,,,0.0014,0.00216,3,0,0
n_frq\set81\n_frq_8.py,n_frq,81,n_frq,8,2,5,8,0.5,0.5,0.7,0.6,1.0,0.5,48.300004,40,13,46.000001,69.000006,21.433334,1,1,1081,0,ilp_v2,optimal,1,37.353477,48.295046,0.773443,0.061688,3.9e-05,,0.061688,0.064056,3,0,0
n_frq\set81\n_frq_8.py,n_frq,81,n_frq,8,2,5,8,0.5,0.5,0.7,0.6,1.0,0.5,48.300004,40,13,46.000001,69.000006,21.433334,1,1,1081,0,ilp_v3,optimal,1,22.011604,44.724083,0.492164,0.015531,0.0,,0.015531,0.016439,3,0,0
n_frq\set81\n_frq_8.py,n_frq,81,n_frq,8,2,5,8,0.5,0.5,0.7,0.6,1.0,0.5,48.300004,40,13,46.000001,69.000006,21.433334,1,1,1081,0,ilp_v4,optimal,1,37.353477,48.295046,0.773443,0.102953,3.9e-05,,0.102953,0.107497,3,0,0
n_frq\set81\n_frq_8.py,n_frq,81,n_frq,8,2,5,8,0.5,0.5,0.7,0.6,1.0,0.5,48.300004,40,13,46.000001,69.000006,21.433334,1,1,1081,0,greedy_sps_baseline,solved,1,7.491415,48.248493,0.155267,0.001869,,,0.001869,0.002154,3,0,0
n_frq\set81\n_frq_12.py,n_frq,81,n_frq,12,2,5,12,0.5,0.5,0.7,0.6,1.0,0.5,48.3,40,13,45.999999,69.0,21.399999,1,1,1081,0,ilp_v2,optimal,1,42.466649,46.686436,0.909614,0.02562,0.0,,0.02562,0.026216,3,0,0
n_frq\set81\n_frq_12.py,n_frq,81,n_frq,12,2,5,12,0.5,0.5,0.7,0.6,1.0,0.5,48.3,40,13,45.999999,69.0,21.399999,1,1,1081,0,ilp_v3,optimal,1,46.598067,48.272907,0.965305,0.078931,0.0,,0.078931,0.086524,3,0,0
n_frq\set81\n_frq_12.py,n_frq,81,n_frq,12,2,5,12,0.5,0.5,0.7,0.6,1.0,0.5,48.3,40,13,45.999999,69.0,21.399999,1,1,1081,0,ilp_v4,optimal,1,50.321882,48.244286,1.043064,0.156052,0.0,,0.156052,0.157304,3,0,0
n_frq\set81\n_frq_12.py,n_frq,81,n_frq,12,2,5,12,0.5,0.5,0.7,0.6,1.0,0.5,48.3,40,13,45.999999,69.0,21.399999,1,1,1081,0,greedy_sps_baseline,solved,1,7.407494,48.23432,0.153573,0.002723,,,0.002723,0.003043,3,0,0
n_frq\set82\n_frq_2.py,n_frq,82,n_frq,2,2,5,2,0.5,0.5,0.7,0.6,1.0,0.5,48.299999,40,10,46.0,68.999999,21.433333,1,1,1082,0,ilp_v2,optimal,1,39.153528,48.290433,0.810793,0.02379,8.3e-05,,0.02379,0.030105,3,0,0
n_frq\set82\n_frq_2.py,n_frq,82,n_frq,2,2,5,2,0.5,0.5,0.7,0.6,1.0,0.5,48.299999,40,10,46.0,68.999999,21.433333,1,1,1082,0,ilp_v3,optimal,1,38.005401,48.009746,0.791618,0.089891,0.0,,0.089891,0.100151,3,0,0
n_frq\set82\n_frq_2.py,n_frq,82,n_frq,2,2,5,2,0.5,0.5,0.7,0.6,1.0,0.5,48.299999,40,10,46.0,68.999999,21.433333,1,1,1082,0,ilp_v4,optimal,1,39.78996,48.275679,0.824224,0.087577,0.0,,0.087577,0.087875,3,0,0
n_frq\set82\n_frq_2.py,n_frq,82,n_frq,2,2,5,2,0.5,0.5,0.7,0.6,1.0,0.5,48.299999,40,10,46.0,68.999999,21.433333,1,1,1082,0,greedy_sps_baseline,solved,1,4.731855,48.27855,0.098012,0.001775,,,0.001775,0.001862,3,0,0
n_frq\set82\n_frq_3.py,n_frq,82,n_frq,3,2,5,3,0.5,0.5,0.7,0.6,1.0,0.5,48.299999,40,10,46.0,68.999999,21.433333,1,1,1082,0,ilp_v2,optimal,1,47.052363,48.006858,0.980118,0.023252,0.0,,0.023252,0.025917,3,0,0
n_frq\set82\n_frq_3.py,n_frq,82,n_frq,3,2,5,3,0.5,0.5,0.7,0.6,1.0,0.5,48.299999,40,10,46.0,68.999999,21.433333,1,1,1082,0,ilp_v3,optimal,1,44.65995,48.136851,0.92777,0.026694,0.0,,0.026694,0.032691,3,0,0
n_frq\set82\n_frq_3.py,n_frq,82,n_frq,3,2,5,3,0.5,0.5,0.7,0.6,1.0,0.5,48.299999,40,10,46.0,68.999999,21.433333,1,1,1082,0,ilp_v4,optimal,1,45.018031,48.145633,0.935039,0.039096,0.0,,0.039096,0.046101,3,0,0
n_frq\set82\n_frq_3.py,n_frq,82,n_frq,3,2,5,3,0.5,0.5,0.7,0.6,1.0,0.5,48.299999,40,10,46.0,68.999999,21.433333,1,1,1082,0,greedy_sps_baseline,solved,1,4.731855,48.27855,0.098012,0.002265,,,0.002265,0.003463,3,0,0
n_frq\set82\n_frq_5.py,n_frq,82,n_frq,5,2,5,5,0.5,0.5,0.7,0.6,1.0,0.5,48.299999,40,10,45.999999,68.999999,21.433333,1,1,1082,0,ilp_v2,optimal,1,31.067338,48.178531,0.644838,0.017843,0.0,,0.017843,0.020568,3,0,0
n_frq\set82\n_frq_5.py,n_frq,82,n_frq,5,2,5,5,0.5,0.5,0.7,0.6,1.0,0.5,48.299999,40,10,45.999999,68.999999,21.433333,1,1,1082,0,ilp_v3,optimal,1,29.709164,48.234368,0.615934,0.075194,0.0,,0.075194,0.084559,3,0,0
n_frq\set82\n_frq_5.py,n_frq,82,n_frq,5,2,5,5,0.5,0.5,0.7,0.6,1.0,0.5,48.299999,40,10,45.999999,68.999999,21.433333,1,1,1082,0,ilp_v4,optimal,1,32.938119,47.435427,0.694378,0.051941,0.0,,0.051941,0.064741,3,0,0
n_frq\set82\n_frq_5.py,n_frq,82,n_frq,5,2,5,5,0.5,0.5,0.7,0.6,1.0,0.5,48.299999,40,10,45.999999,68.999999,21.433333,1,1,1082,0,greedy_sps_baseline,solved,1,6.838606,48.19186,0.141904,0.001231,,,0.001231,0.001401,3,0,0
n_frq\set82\n_frq_8.py,n_frq,82,n_frq,8,2,5,8,0.5,0.5,0.7,0.6,1.0,0.5,48.300002,40,13,46.000002,69.000002,21.433334,1,1,1082,0,ilp_v2,optimal,1,33.321797,48.20333,0.691276,0.038956,0.0,,0.038956,0.0427,3,0,0
n_frq\set82\n_frq_8.py,n_frq,82,n_frq,8,2,5,8,0.5,0.5,0.7,0.6,1.0,0.5,48.300002,40,13,46.000002,69.000002,21.433334,1,1,1082,0,ilp_v3,optimal,1,32.765983,48.169283,0.680226,0.036957,0.0,,0.036957,0.038377,3,0,0
n_frq\set82\n_frq_8.py,n_frq,82,n_frq,8,2,5,8,0.5,0.5,0.7,0.6,1.0,0.5,48.300002,40,13,46.000002,69.000002,21.433334,1,1,1082,0,ilp_v4,optimal,1,36.136889,48.254532,0.748881,0.074277,0.0,,0.074277,0.08875,3,0,0
n_frq\set82\n_frq_8.py,n_frq,82,n_frq,8,2,5,8,0.5,0.5,0.7,0.6,1.0,0.5,48.300002,40,13,46.000002,69.000002,21.433334,1,1,1082,0,greedy_sps_baseline,solved,1,6.091799,48.181522,0.126434,0.000832,,,0.000832,0.001096,3,0,0
n_frq\set82\n_frq_12.py,n_frq,82,n_frq,12,2,5,12,0.5,0.5,0.7,0.6,1.0,0.5,48.299999,40,13,46.000001,68.999999,21.433334,1,1,1082,0,ilp_v2,optimal,1,53.361625,48.296969,1.104865,0.089577,0.0,,0.089577,0.107187,3,0,0
n_frq\set82\n_frq_12.py,n_frq,82,n_frq,12,2,5,12,0.5,0.5,0.7,0.6,1.0,0.5,48.299999,40,13,46.000001,68.999999,21.433334,1,1,1082,0,ilp_v3,optimal,1,56.460769,48.214258,1.171039,0.055148,0.0,,0.055148,0.059059,3,0,0
n_frq\set82\n_frq_12.py,n_frq,82,n_frq,12,2,5,12,0.5,0.5,0.7,0.6,1.0,0.5,48.299999,40,13,46.000001,68.999999,21.433334,1,1,1082,0,ilp_v4,optimal,1,61.224747,48.279033,1.268144,0.102398,0.0,,0.102398,0.104551,3,0,0
n_frq\set82\n_frq_12.py,n_frq,82,n_frq,12,2,5,12,0.5,0.5,0.7,0.6,1.0,0.5,48.299999,40,13,46.000001,68.999999,21.433334,1,1,1082,0,greedy_sps_baseline,solved,1,8.451594,48.242022,0.175192,0.000774,,,0.000774,0.0014,3,0,0
n_frq\set83\n_frq_2.py,n_frq,83,n_frq,2,2,5,2,0.5,0.5,0.7,0.6,1.0,0.5,48.299995,40,11,45.999998,68.999993,21.433332,1,1,1083,0,ilp_v2,optimal,1,53.394662,48.279313,1.105953,0.064069,0.0,,0.064069,0.067172,3,0,0
n_frq\set83\n_frq_2.py,n_frq,83,n_frq,2,2,5,2,0.5,0.5,0.7,0.6,1.0,0.5,48.299995,40,11,45.999998,68.999993,21.433332,1,1,1083,0,ilp_v3,optimal,1,57.88461,48.291111,1.19866,0.037934,0.0,,0.037934,0.039032,3,0,0
n_frq\set83\n_frq_2.py,n_frq,83,n_frq,2,2,5,2,0.5,0.5,0.7,0.6,1.0,0.5,48.299995,40,11,45.999998,68.999993,21.433332,1,1,1083,0,ilp_v4,optimal,1,53.394662,48.279313,1.105953,0.095223,0.0,,0.095223,0.106157,3,0,0
n_frq\set83\n_frq_2.py,n_frq,83,n_frq,2,2,5,2,0.5,0.5,0.7,0.6,1.0,0.5,48.299995,40,11,45.999998,68.999993,21.433332,1,1,1083,0,greedy_sps_baseline,solved,1,6.39262,48.172053,0.132704,0.002554,,,0.002554,0.002682,3,0,0
n_frq\set83\n_frq_3.py,n_frq,83,n_frq,3,2,5,3,0.5,0.5,0.7,0.6,1.0,0.5,48.300001,40,13,46.000001,69.000001,21.433334,1,1,1083,0,ilp_v2,optimal,1,47.794716,48.253351,0.990495,0.073301,0.0,,0.073301,0.081579,3,0,0
n_frq\set83\n_frq_3.py,n_frq,83,n_frq,3,2,5,3,0.5,0.5,0.7,0.6,1.0,0.5,48.300001,40,13,46.000001,69.000001,21.433334,1,1,1083,0,ilp_v3,optimal,1,47.629536,48.164168,0.9889,0.030637,0.0,,0.030637,0.03269,3,0,0
n_frq\set83\n_frq_3.py,n_frq,83,n_frq,3,2,5,3,0.5,0.5,0.7,0.6,1.0,0.5,48.300001,40,13,46.000001,69.000001,21.433334,1,1,1083,0,ilp_v4,optimal,1,47.276587,48.074462,0.983403,0.202172,0.0,,0.202172,0.214213,3,0,0
n_frq\set83\n_frq_3.py,n_frq,83,n_frq,3,2,5,3,0.5,0.5,0.7,0.6,1.0,0.5,48.300001,40,13,46.000001,69.000001,21.433334,1,1,1083,0,greedy_sps_baseline,solved,1,8.252572,48.222619,0.171135,0.00101,,,0.00101,0.001491,3,0,0
n_frq\set83\n_frq_5.py,n_frq,83,n_frq,5,2,5,5,0.5,0.5,0.7,0.6,1.0,0.5,48.299995,40,15,45.999998,68.999993,21.433332,1,1,1083,0,ilp_v2,optimal,1,45.507643,47.187008,0.96441,0.019007,0.0,,0.019007,0.022889,3,0,0
n_frq\set83\n_frq_5.py,n_frq,83,n_frq,5,2,5,5,0.5,0.5,0.7,0.6,1.0,0.5,48.299995,40,15,45.999998,68.999993,21.433332,1,1,1083,0,ilp_v3,optimal,1,46.201086,48.138314,0.959757,0.048399,0.0,,0.048399,0.05377,3,0,0
n_frq\set83\n_frq_5.py,n_frq,83,n_frq,5,2,5,5,0.5,0.5,0.7,0.6,1.0,0.5,48.299995,40,15,45.999998,68.999993,21.433332,1,1,1083,0,ilp_v4,optimal,1,46.924846,48.142189,0.974714,0.199295,0.0,,0.199295,0.206598,3,0,0
n_frq\set83\n_frq_5.py,n_frq,83,n_frq,5,2,5,5,0.5,0.5,0.7,0.6,1.0,0.5,48.299995,40,15,45.999998,68.999993,21.433332,1,1,1083,0,greedy_sps_baseline,solved,1,7.045957,48.193158,0.146202,0.001605,,,0.001605,0.002236,3,0,0
n_frq\set83\n_frq_8.py,n_frq,83,n_frq,8,2,5,8,0.5,0.5,0.7,0.6,1.0,0.5,48.3,40,10,46.000001,69.0,21.400001,1,1,1083,0,ilp_v2,optimal,1,55.299061,48.210159,1.147042,0.014912,0.0,,0.014912,0.016886,3,0,0
n_frq\set83\n_frq_8.py,n_frq,83,n_frq,8,2,5,8,0.5,0.5,0.7,0.6,1.0,0.5,48.3,40,10,46.000001,69.0,21.400001,1,1,1083,0,ilp_v3,optimal,1,49.338523,48.29856,1.021532,0.025846,3.6e-05,,0.025846,0.032407,3,0,0
n_frq\set83\n_frq_8.py,n_frq,83,n_frq,8,2,5,8,0.5,0.5,0.7,0.6,1.0,0.5,48.3,40,10,46.000001,69.0,21.400001,1,1,1083,0,ilp_v4,optimal,1,65.980096,48.291609,1.366285,0.041589,0.0,,0.041589,0.054067,3,0,0
n_frq\set83\n_frq_8.py,n_frq,83,n_frq,8,2,5,8,0.5,0.5,0.7,0.6,1.0,0.5,48.3,40,10,46.000001,69.0,21.400001,1,1,1083,0,greedy_sps_baseline,solved,1,7.746132,48.127958,0.160949,0.001069,,,0.001069,0.002069,3,0,0
n_frq\set83\n_frq_12.py,n_frq,83,n_frq,12,2,5,12,0.5,0.5,0.7,0.6,1.0,0.5,48.299998,40,11,45.999998,68.999997,21.399999,1,1,1083,0,ilp_v2,optimal,1,42.902872,47.814725,0.897273,0.162746,0.0,,0.162746,0.171123,3,0,0
n_frq\set83\n_frq_12.py,n_frq,83,n_frq,12,2,5,12,0.5,0.5,0.7,0.6,1.0,0.5,48.299998,40,11,45.999998,68.999997,21.399999,1,1,1083,0,ilp_v3,optimal,1,42.580179,48.288021,0.881796,0.036205,0.0,,0.036205,0.040242,3,0,0
n_frq\set83\n_frq_12.py,n_frq,83,n_frq,12,2,5,12,0.5,0.5,0.7,0.6,1.0,0.5,48.299998,40,11,45.999998,68.999997,21.399999,1,1,1083,0,ilp_v4,optimal,1,47.099594,47.309251,0.995568,0.200451,0.0,,0.200451,0.204109,3,0,0
n_frq\set83\n_frq_12.py,n_frq,83,n_frq,12,2,5,12,0.5,0.5,0.7,0.6,1.0,0.5,48.299998,40,11,45.999998,68.999997,21.399999,1,1,1083,0,greedy_sps_baseline,solved,1,6.928058,48.221979,0.14367,0.001485,,,0.001485,0.001664,3,0,0
n_frq\set84\n_frq_2.py,n_frq,84,n_frq,2,2,5,2,0.5,0.5,0.7,0.6,1.0,0.5,48.3,40,11,46.000002,69.0,23.600001,1,1,1084,0,ilp_v2,optimal,1,27.510898,48.292372,0.569674,0.009029,0.0,,0.009029,0.010575,3,0,0
n_frq\set84\n_frq_2.py,n_frq,84,n_frq,2,2,5,2,0.5,0.5,0.7,0.6,1.0,0.5,48.3,40,11,46.000002,69.0,23.600001,1,1,1084,0,ilp_v3,optimal,1,27.510898,48.292372,0.569674,0.008491,0.0,,0.008491,0.008668,3,0,0
n_frq\set84\n_frq_2.py,n_frq,84,n_frq,2,2,5,2,0.5,0.5,0.7,0.6,1.0,0.5,48.3,40,11,46.000002,69.0,23.600001,1,1,1084,0,ilp_v4,optimal,1,31.056359,48.280643,0.643247,0.057064,0.0,,0.057064,0.068445,3,0,0
n_frq\set84\n_frq_2.py,n_frq,84,n_frq,2,2,5,2,0.5,0.5,0.7,0.6,1.0,0.5,48.3,40,11,46.000002,69.0,23.600001,1,1,1084,0,greedy_sps_baseline,solved,1,4.623389,48.218404,0.095884,0.000776,,,0.000776,0.000894,3,0,0
n_frq\set84\n_frq_3.py,n_frq,84,n_frq,3,2,5,3,0.5,0.5,0.7,0.6,1.0,0.5,48.3,40,11,46.000002,69.0,23.600001,1,1,1084,0,ilp_v2,optimal,1,50.292463,48.254633,1.042231,0.007646,0.0,,0.007646,0.011916,3,0,0
n_frq\set84\n_frq_3.py,n_frq,84,n_frq,3,2,5,3,0.5,0.5,0.7,0.6,1.0,0.5,48.3,40,11,46.000002,69.0,23.600001,1,1,1084,0,ilp_v3,optimal,1,50.292463,48.254633,1.042231,0.013919,0.0,,0.013919,0.016716,3,0,0
n_frq\set84\n_frq_3.py,n_frq,84,n_frq,3,2,5,3,0.5,0.5,0.7,0.6,1.0,0.5,48.3,40,11,46.000002,69.0,23.600001,1,1,1084,0,ilp_v4,optimal,1,53.20172,47.932186,1.109937,0.067796,0.0,,0.067796,0.074689,3,0,0
n_frq\set84\n_frq_3.py,n_frq,84,n_frq,3,2,5,3,0.5,0.5,0.7,0.6,1.0,0.5,48.3,40,11,46.000002,69.0,23.600001,1,1,1084,0,greedy_sps_baseline,solved,1,4.623389,48.218404,0.095884,0.001086,,,0.001086,0.001198,3,0,0
n_frq\set84\n_frq_5.py,n_frq,84,n_frq,5,2,5,5,0.5,0.5,0.7,0.6,1.0,0.5,48.299998,40,12,46.0,68.999997,23.6,1,1,1084,0,ilp_v2,optimal,1,71.775689,48.243405,1.487782,0.015473,0.0,,0.015473,0.019306,3,0,0
n_frq\set84\n_frq_5.py,n_frq,84,n_frq,5,2,5,5,0.5,0.5,0.7,0.6,1.0,0.5,48.299998,40,12,46.0,68.999997,23.6,1,1,1084,0,ilp_v3,optimal,1,65.440387,48.299447,1.354889,0.022206,0.0,,0.022206,0.022895,3,0,0
n_frq\set84\n_frq_5.py,n_frq,84,n_frq,5,2,5,5,0.5,0.5,0.7,0.6,1.0,0.5,48.299998,40,12,46.0,68.999997,23.6,1,1,1084,0,ilp_v4,optimal,1,71.775689,48.126617,1.491393,0.059647,0.0,,0.059647,0.077893,3,0,0
n_frq\set84\n_frq_5.py,n_frq,84,n_frq,5,2,5,5,0.5,0.5,0.7,0.6,1.0,0.5,48.299998,40,12,46.0,68.999997,23.6,1,1,1084,0,greedy_sps_baseline,solved,1,9.051474,48.271768,0.187511,0.000704,,,0.000704,0.001233,3,0,0
n_frq\set84\n_frq_8.py,n_frq,84,n_frq,8,2,5,8,0.5,0.5,0.7,0.6,1.0,0.5,48.299998,40,9,46.0,68.999998,21.433333,1,1,1084,0,ilp_v2,optimal,1,60.926242,48.279207,1.261956,0.062679,0.0,,0.062679,0.072378,3,0,0
n_frq\set84\n_frq_8.py,n_frq,84,n_frq,8,2,5,8,0.5,0.5,0.7,0.6,1.0,0.5,48.299998,40,9,46.0,68.999998,21.433333,1,1,1084,0,ilp_v3,optimal,1,65.227298,47.465562,1.374203,0.0117,0.0,,0.0117,0.012139,3,0,0
n_frq\set84\n_frq_8.py,n_frq,84,n_frq,8,2,5,8,0.5,0.5,0.7,0.6,1.0,0.5,48.299998,40,9,46.0,68.999998,21.433333,1,1,1084,0,ilp_v4,optimal,1,65.227298,48.264391,1.351458,0.0289,0.0,,0.0289,0.032547,3,0,0
n_frq\set84\n_frq_8.py,n_frq,84,n_frq,8,2,5,8,0.5,0.5,0.7,0.6,1.0,0.5,48.299998,40,9,46.0,68.999998,21.433333,1,1,1084,0,greedy_sps_baseline,solved,1,7.378599,48.189495,0.153116,0.001057,,,0.001057,0.0012,3,0,0
n_frq\set84\n_frq_12.py,n_frq,84,n_frq,12,2,5,12,0.5,0.5,0.7,0.6,1.0,0.5,48.3,40,9,46.0,69.0,21.433333,1,1,1084,0,ilp_v2,optimal,1,79.67786,48.294895,1.64982,0.016108,0.0,,0.016108,0.018138,3,0,0
n_frq\set84\n_frq_12.py,n_frq,84,n_frq,12,2,5,12,0.5,0.5,0.7,0.6,1.0,0.5,48.3,40,9,46.0,69.0,21.433333,1,1,1084,0,ilp_v3,optimal,1,78.595972,48.259568,1.628609,0.048906,0.0,,0.048906,0.054814,3,0,0
n_frq\set84\n_frq_12.py,n_frq,84,n_frq,12,2,5,12,0.5,0.5,0.7,0.6,1.0,0.5,48.3,40,9,46.0,69.0,21.433333,1,1,1084,0,ilp_v4,optimal,1,79.67786,48.118578,1.655865,0.044944,0.0,,0.044944,0.055894,3,0,0
n_frq\set84\n_frq_12.py,n_frq,84,n_frq,12,2,5,12,0.5,0.5,0.7,0.6,1.0,0.5,48.3,40,9,46.0,69.0,21.433333,1,1,1084,0,greedy_sps_baseline,solved,1,6.509426,48.296947,0.134779,0.000667,,,0.000667,0.000954,3,0,0
n_frq\set85\n_frq_2.py,n_frq,85,n_frq,2,2,5,2,0.5,0.5,0.7,0.6,1.0,0.5,48.299997,40,12,45.999999,68.999995,33.099999,1,1,1085,0,ilp_v2,optimal,1,42.242586,48.216709,0.876098,0.007937,0.0,,0.007937,0.011149,3,0,0
n_frq\set85\n_frq_2.py,n_frq,85,n_frq,2,2,5,2,0.5,0.5,0.7,0.6,1.0,0.5,48.299997,40,12,45.999999,68.999995,33.099999,1,1,1085,0,ilp_v3,optimal,1,34.106405,48.145576,0.708402,0.044029,0.0,,0.044029,0.048439,3,0,0
n_frq\set85\n_frq_2.py,n_frq,85,n_frq,2,2,5,2,0.5,0.5,0.7,0.6,1.0,0.5,48.299997,40,12,45.999999,68.999995,33.099999,1,1,1085,0,ilp_v4,optimal,1,42.242586,48.216709,0.876098,0.045426,0.0,,0.045426,0.054422,3,0,0
n_frq\set85\n_frq_2.py,n_frq,85,n_frq,2,2,5,2,0.5,0.5,0.7,0.6,1.0,0.5,48.299997,40,12,45.999999,68.999995,33.099999,1,1,1085,0,greedy_sps_baseline,solved,1,3.260737,48.207049,0.06764,0.002314,,,0.002314,0.002455,3,0,0
n_frq\set85\n_frq_3.py,n_frq,85,n_frq,3,2,5,3,0.5,0.5,0.7,0.6,1.0,0.5,48.299997,40,12,45.999999,68.999995,33.099999,1,1,1085,0,ilp_v2,optimal,1,42.242586,48.216709,0.876098,0.007328,0.0,,0.007328,0.00951,3,0,0
n_frq\set85\n_frq_3.py,n_frq,85,n_frq,3,2,5,3,0.5,0.5,0.7,0.6,1.0,0.5,48.299997,40,12,45.999999,68.999995,33.099999,1,1,1085,0,ilp_v3,optimal,1,34.423627,48.177707,0.714514,0.045837,0.0,,0.045837,0.04799,3,0,0
n_frq\set85\n_frq_3.py,n_frq,85,n_frq,3,2,5,3,0.5,0.5,0.7,0.6,1.0,0.5,48.299997,40,12,45.999999,68.999995,33.099999,1,1,1085,0,ilp_v4,optimal,1,42.242586,48.216709,0.876098,0.032934,0.0,,0.032934,0.0487,3,0,0
n_frq\set85\n_frq_3.py,n_frq,85,n_frq,3,2,5,3,0.5,0.5,0.7,0.6,1.0,0.5,48.299997,40,12,45.999999,68.999995,33.099999,1,1,1085,0,greedy_sps_baseline,solved,1,3.260737,48.207049,0.06764,0.002369,,,0.002369,0.003593,3,0,0
n_frq\set85\n_frq_5.py,n_frq,85,n_frq,5,2,5,5,0.5,0.5,0.7,0.6,1.0,0.5,48.299997,40,12,45.999999,68.999995,33.099999,1,1,1085,0,ilp_v2,optimal,1,42.242586,48.216709,0.876098,0.008853,0.0,,0.008853,0.014487,3,0,0
n_frq\set85\n_frq_5.py,n_frq,85,n_frq,5,2,5,5,0.5,0.5,0.7,0.6,1.0,0.5,48.299997,40,12,45.999999,68.999995,33.099999,1,1,1085,0,ilp_v3,optimal,1,34.86314,48.294526,0.721886,0.127877,0.0,,0.127877,0.133794,3,0,0
n_frq\set85\n_frq_5.py,n_frq,85,n_frq,5,2,5,5,0.5,0.5,0.7,0.6,1.0,0.5,48.299997,40,12,45.999999,68.999995,33.099999,1,1,1085,0,ilp_v4,optimal,1,42.242586,48.216709,0.876098,0.064269,0.0,,0.064269,0.080722,3,0,0
n_frq\set85\n_frq_5.py,n_frq,85,n_frq,5,2,5,5,0.5,0.5,0.7,0.6,1.0,0.5,48.299997,40,12,45.999999,68.999995,33.099999,1,1,1085,0,greedy_sps_baseline,solved,1,3.260737,48.207049,0.06764,0.00264,,,0.00264,0.004776,3,0,0
n_frq\set85\n_frq_8.py,n_frq,85,n_frq,8,2,5,8,0.5,0.5,0.7,0.6,1.0,0.5,48.299999,40,13,46.0,68.999999,22.0,1,1,1085,0,ilp_v2,optimal,1,41.863429,48.299461,0.866747,0.059792,0.0,,0.059792,0.06334,3,0,0
n_frq\set85\n_frq_8.py,n_frq,85,n_frq,8,2,5,8,0.5,0.5,0.7,0.6,1.0,0.5,48.299999,40,13,46.0,68.999999,22.0,1,1,1085,0,ilp_v3,optimal,1,49.941941,48.241479,1.035249,0.039255,0.0,,0.039255,0.042,3,0,0
n_frq\set85\n_frq_8.py,n_frq,85,n_frq,8,2,5,8,0.5,0.5,0.7,0.6,1.0,0.5,48.299999,40,13,46.0,68.999999,22.0,1,1,1085,0,ilp_v4,optimal,1,53.648932,48.203211,1.112974,0.109417,0.0,,0.109417,0.121039,3,0,0
n_frq\set85\n_frq_8.py,n_frq,85,n_frq,8,2,5,8,0.5,0.5,0.7,0.6,1.0,0.5,48.299999,40,13,46.0,68.999999,22.0,1,1,1085,0,greedy_sps_baseline,solved,1,4.332067,47.965583,0.090316,0.003264,,,0.003264,0.004871,3,0,0
n_frq\set85\n_frq_12.py,n_frq,85,n_frq,12,2,5,12,0.5,0.5,0.7,0.6,1.0,0.5,48.299998,40,15,46.000001,68.999998,21.400001,1,1,1085,0,ilp_v2,optimal,1,64.960721,48.223431,1.347078,0.045014,0.0,,0.045014,0.053572,3,0,0
n_frq\set85\n_frq_12.py,n_frq,85,n_frq,12,2,5,12,0.5,0.5,0.7,0.6,1.0,0.5,48.299998,40,15,46.000001,68.999998,21.400001,1,1,1085,0,ilp_v3,optimal,1,66.776313,48.148568,1.386881,0.053714,0.0,,0.053714,0.054474,3,0,0
n_frq\set85\n_frq_12.py,n_frq,85,n_frq,12,2,5,12,0.5,0.5,0.7,0.6,1.0,0.5,48.299998,40,15,46.000001,68.999998,21.400001,1,1,1085,0,ilp_v4,optimal,1,67.730933,48.048953,1.409623,0.181211,0.0,,0.181211,0.1856,3,0,0
n_frq\set85\n_frq_12.py,n_frq,85,n_frq,12,2,5,12,0.5,0.5,0.7,0.6,1.0,0.5,48.299998,40,15,46.000001,68.999998,21.400001,1,1,1085,0,greedy_sps_baseline,solved,1,8.259464,48.155912,0.171515,0.000996,,,0.000996,0.001163,3,0,0
n_frq\set86\n_frq_2.py,n_frq,86,n_frq,2,2,5,2,0.5,0.5,0.7,0.6,1.0,0.5,48.299998,40,10,45.999997,68.999997,42.415786,1,1,1086,0,ilp_v2,optimal,1,19.707037,48.299294,0.408019,0.018333,8.6e-05,,0.018333,0.020384,3,0,0
n_frq\set86\n_frq_2.py,n_frq,86,n_frq,2,2,5,2,0.5,0.5,0.7,0.6,1.0,0.5,48.299998,40,10,45.999997,68.999997,42.415786,1,1,1086,0,ilp_v3,optimal,1,19.707037,48.299294,0.408019,0.020115,8.6e-05,,0.020115,0.020732,3,0,0
n_frq\set86\n_frq_2.py,n_frq,86,n_frq,2,2,5,2,0.5,0.5,0.7,0.6,1.0,0.5,48.299998,40,10,45.999997,68.999997,42.415786,1,1,1086,0,ilp_v4,optimal,1,19.707037,48.299294,0.408019,0.041222,8.6e-05,,0.041222,0.046546,3,0,0
n_frq\set86\n_frq_2.py,n_frq,86,n_frq,2,2,5,2,0.5,0.5,0.7,0.6,1.0,0.5,48.299998,40,10,45.999997,68.999997,42.415786,1,1,1086,0,greedy_sps_baseline,solved,1,7.076712,48.204398,0.146806,0.001391,,,0.001391,0.00166,3,0,0
n_frq\set86\n_frq_3.py,n_frq,86,n_frq,3,2,5,3,0.5,0.5,0.7,0.6,1.0,0.5,48.299998,40,10,45.999997,68.999997,30.499998,1,1,1086,0,ilp_v2,optimal,1,46.887623,48.243549,0.971894,0.016999,0.0,,0.016999,0.020834,3,0,0
n_frq\set86\n_frq_3.py,n_frq,86,n_frq,3,2,5,3,0.5,0.5,0.7,0.6,1.0,0.5,48.299998,40,10,45.999997,68.999997,30.499998,1,1,1086,0,ilp_v3,optimal,1,49.454976,48.121177,1.027718,0.018043,0.0,,0.018043,0.01899,3,0,0
n_frq\set86\n_frq_3.py,n_frq,86,n_frq,3,2,5,3,0.5,0.5,0.7,0.6,1.0,0.5,48.299998,40,10,45.999997,68.999997,30.499998,1,1,1086,0,ilp_v4,optimal,1,51.067073,48.298966,1.057312,0.059887,0.0,,0.059887,0.066485,3,0,0
n_frq\set86\n_frq_3.py,n_frq,86,n_frq,3,2,5,3,0.5,0.5,0.7,0.6,1.0,0.5,48.299998,40,10,45.999997,68.999997,30.499998,1,1,1086,0,greedy_sps_baseline,solved,1,7.076712,48.204398,0.146806,0.001404,,,0.001404,0.001532,3,0,0
n_frq\set86\n_frq_5.py,n_frq,86,n_frq,5,2,5,5,0.5,0.5,0.7,0.6,1.0,0.5,48.299999,40,10,46.000001,68.999999,24.400001,1,1,1086,0,ilp_v2,optimal,1,35.067004,48.182236,0.727799,0.026875,0.0,,0.026875,0.027735,3,0,0
n_frq\set86\n_frq_5.py,n_frq,86,n_frq,5,2,5,5,0.5,0.5,0.7,0.6,1.0,0.5,48.299999,40,10,46.000001,68.999999,24.400001,1,1,1086,0,ilp_v3,optimal,1,37.549263,48.298039,0.777449,0.072122,0.0,,0.072122,0.078983,3,0,0
n_frq\set86\n_frq_5.py,n_frq,86,n_frq,5,2,5,5,0.5,0.5,0.7,0.6,1.0,0.5,48.299999,40,10,46.000001,68.999999,24.400001,1,1,1086,0,ilp_v4,optimal,1,43.842113,48.252011,0.908607,0.08902,4.6e-05,,0.08902,0.091525,3,0,0
n_frq\set86\n_frq_5.py,n_frq,86,n_frq,5,2,5,5,0.5,0.5,0.7,0.6,1.0,0.5,48.299999,40,10,46.000001,68.999999,24.400001,1,1,1086,0,greedy_sps_baseline,solved,1,7.475488,48.296494,0.154783,0.001224,,,0.001224,0.0014,3,0,0
n_frq\set86\n_frq_8.py,n_frq,86,n_frq,8,2,5,8,0.5,0.5,0.7,0.6,1.0,0.5,48.3,40,9,45.999999,69.0,21.399999,1,1,1086,0,ilp_v2,optimal,1,67.020544,48.054281,1.394684,0.013079,0.0,,0.013079,0.013226,3,0,0
n_frq\set86\n_frq_8.py,n_frq,86,n_frq,8,2,5,8,0.5,0.5,0.7,0.6,1.0,0.5,48.3,40,9,45.999999,69.0,21.399999,1,1,1086,0,ilp_v3,optimal,1,67.020544,48.054281,1.394684,0.013018,0.0,,0.013018,0.014117,3,0,0
n_frq\set86\n_frq_8.py,n_frq,86,n_frq,8,2,5,8,0.5,0.5,0.7,0.6,1.0,0.5,48.3,40,9,45.999999,69.0,21.399999,1,1,1086,0,ilp_v4,optimal,1,67.020544,47.000908,1.425941,0.032501,0.0,,0.032501,0.04786,3,0,0
n_frq\set86\n_frq_8.py,n_frq,86,n_frq,8,2,5,8,0.5,0.5,0.7,0.6,1.0,0.5,48.3,40,9,45.999999,69.0,21.399999,1,1,1086,0,greedy_sps_baseline,solved,1,7.591697,48.269293,0.157278,0.001208,,,0.001208,0.001601,3,0,0
n_frq\set86\n_frq_12.py,n_frq,86,n_frq,12,2,5,12,0.5,0.5,0.7,0.6,1.0,0.5,48.299998,40,9,46.0,68.999998,21.4,1,1,1086,0,ilp_v2,optimal,1,58.507574,48.291387,1.211553,0.027676,6.3e-05,,0.027676,0.043881,3,0,0
n_frq\set86\n_frq_12.py,n_frq,86,n_frq,12,2,5,12,0.5,0.5,0.7,0.6,1.0,0.5,48.299998,40,9,46.0,68.999998,21.4,1,1,1086,0,ilp_v3,optimal,1,54.252203,48.157226,1.126564,0.057502,0.0,,0.057502,0.059147,3,0,0
n_frq\set86\n_frq_12.py,n_frq,86,n_frq,12,2,5,12,0.5,0.5,0.7,0.6,1.0,0.5,48.299998,40,9,46.0,68.999998,21.4,1,1,1086,0,ilp_v4,optimal,1,63.953757,48.293604,1.32427,0.047116,0.0,,0.047116,0.049525,3,0,0
n_frq\set86\n_frq_12.py,n_frq,86,n_frq,12,2,5,12,0.5,0.5,0.7,0.6,1.0,0.5,48.299998,40,9,46.0,68.999998,21.4,1,1,1086,0,greedy_sps_baseline,solved,1,6.924761,48.297317,0.143378,0.001321,,,0.001321,0.001805,3,0,0
n_frq\set87\n_frq_2.py,n_frq,87,n_frq,2,2,5,2,0.5,0.5,0.7,0.6,1.0,0.5,48.300001,40,11,46.000003,69.000001,21.433335,1,1,1087,0,ilp_v2,optimal,1,48.572996,48.295569,1.005744,0.031417,4e-05,,0.031417,0.03525,3,0,0
n_frq\set87\n_frq_2.py,n_frq,87,n_frq,2,2,5,2,0.5,0.5,0.7,0.6,1.0,0.5,48.300001,40,11,46.000003,69.000001,21.433335,1,1,1087,0,ilp_v3,optimal,1,22.29321,48.29741,0.461582,0.009645,0.0,,0.009645,0.00982,3,0,0
n_frq\set87\n_frq_2.py,n_frq,87,n_frq,2,2,5,2,0.5,0.5,0.7,0.6,1.0,0.5,48.300001,40,11,46.000003,69.000001,21.433335,1,1,1087,0,ilp_v4,optimal,1,52.724122,48.285364,1.091928,0.089373,0.0,,0.089373,0.097252,3,0,0
n_frq\set87\n_frq_2.py,n_frq,87,n_frq,2,2,5,2,0.5,0.5,0.7,0.6,1.0,0.5,48.300001,40,11,46.000003,69.000001,21.433335,1,1,1087,0,greedy_sps_baseline,solved,1,6.745062,48.262741,0.139757,0.001842,,,0.001842,0.001982,3,0,0
n_frq\set87\n_frq_3.py,n_frq,87,n_frq,3,2,5,3,0.5,0.5,0.7,0.6,1.0,0.5,48.300001,40,11,46.000003,69.000001,21.433335,1,1,1087,0,ilp_v2,optimal,1,56.1696,48.280001,1.163413,0.020675,0.0,,0.020675,0.021726,3,0,0
n_frq\set87\n_frq_3.py,n_frq,87,n_frq,3,2,5,3,0.5,0.5,0.7,0.6,1.0,0.5,48.300001,40,11,46.000003,69.000001,21.433335,1,1,1087,0,ilp_v3,optimal,1,52.3021,48.263436,1.08368,0.014872,0.0,,0.014872,0.015896,3,0,0
n_frq\set87\n_frq_3.py,n_frq,87,n_frq,3,2,5,3,0.5,0.5,0.7,0.6,1.0,0.5,48.300001,40,11,46.000003,69.000001,21.433335,1,1,1087,0,ilp_v4,optimal,1,56.139496,48.264587,1.163161,0.089788,0.0,,0.089788,0.118225,3,0,0
n_frq\set87\n_frq_3.py,n_frq,87,n_frq,3,2,5,3,0.5,0.5,0.7,0.6,1.0,0.5,48.300001,40,11,46.000003,69.000001,21.433335,1,1,1087,0,greedy_sps_baseline,solved,1,6.745062,48.262741,0.139757,0.001842,,,0.001842,0.001984,3,0,0
n_frq\set87\n_frq_5.py,n_frq,87,n_frq,5,2,5,5,0.5,0.5,0.7,0.6,1.0,0.5,48.300002,40,13,46.000002,69.000002,21.433334,1,1,1087,0,ilp_v2,optimal,1,46.39441,47.810943,0.970372,0.092962,0.0,,0.092962,0.102825,3,0,0
n_frq\set87\n_frq_5.py,n_frq,87,n_frq,5,2,5,5,0.5,0.5,0.7,0.6,1.0,0.5,48.300002,40,13,46.000002,69.000002,21.433334,1,1,1087,0,ilp_v3,optimal,1,45.149826,48.255396,0.935643,0.069485,0.0,,0.069485,0.06996,3,0,0
n_frq\set87\n_frq_5.py,n_frq,87,n_frq,5,2,5,5,0.5,0.5,0.7,0.6,1.0,0.5,48.300002,40,13,46.000002,69.000002,21.433334,1,1,1087,0,ilp_v4,optimal,1,47.302031,48.298149,0.979376,0.098992,4.1e-05,,0.098992,0.126893,3,0,0
n_frq\set87\n_frq_5.py,n_frq,87,n_frq,5,2,5,5,0.5,0.5,0.7,0.6,1.0,0.5,48.300002,40,13,46.000002,69.000002,21.433334,1,1,1087,0,greedy_sps_baseline,solved,1,7.608071,47.971183,0.158597,0.000742,,,0.000742,0.00087,3,0,0
n_frq\set87\n_frq_8.py,n_frq,87,n_frq,8,2,5,8,0.5,0.5,0.7,0.6,1.0,0.5,48.300002,40,12,46.000003,69.000003,21.433335,1,1,1087,0,ilp_v2,optimal,1,54.076572,48.296024,1.11969,0.067545,0.0,,0.067545,0.070442,3,0,0
n_frq\set87\n_frq_8.py,n_frq,87,n_frq,8,2,5,8,0.5,0.5,0.7,0.6,1.0,0.5,48.300002,40,12,46.000003,69.000003,21.433335,1,1,1087,0,ilp_v3,optimal,1,54.076572,48.25844,1.120562,0.037794,0.0,,0.037794,0.040545,3,0,0
n_frq\set87\n_frq_8.py,n_frq,87,n_frq,8,2,5,8,0.5,0.5,0.7,0.6,1.0,0.5,48.300002,40,12,46.000003,69.000003,21.433335,1,1,1087,0,ilp_v4,optimal,1,54.076572,48.249201,1.120777,0.107327,0.0,,0.107327,0.113998,3,0,0
n_frq\set87\n_frq_8.py,n_frq,87,n_frq,8,2,5,8,0.5,0.5,0.7,0.6,1.0,0.5,48.300002,40,12,46.000003,69.000003,21.433335,1,1,1087,0,greedy_sps_baseline,solved,1,7.673282,48.182585,0.159254,0.001495,,,0.001495,0.001661,3,0,0
n_frq\set87\n_frq_12.py,n_frq,87,n_frq,12,2,5,12,0.5,0.5,0.7,0.6,1.0,0.5,48.299994,40,11,45.999998,68.999991,21.399999,1,1,1087,0,ilp_v2,optimal,1,60.297896,48.251425,1.24966,0.138834,6.6e-05,,0.138834,0.144459,3,0,0
n_frq\set87\n_frq_12.py,n_frq,87,n_frq,12,2,5,12,0.5,0.5,0.7,0.6,1.0,0.5,48.299994,40,11,45.999998,68.999991,21.399999,1,1,1087,0,ilp_v3,optimal,1,61.170994,48.292206,1.266685,0.085679,2.5e-05,,0.085679,0.088755,3,0,0
n_frq\set87\n_frq_12.py,n_frq,87,n_frq,12,2,5,12,0.5,0.5,0.7,0.6,1.0,0.5,48.299994,40,11,45.999998,68.999991,21.399999,1,1,1087,0,ilp_v4,optimal,1,66.108728,48.108197,1.374168,0.106974,0.0,,0.106974,0.118247,3,0,0
n_frq\set87\n_frq_12.py,n_frq,87,n_frq,12,2,5,12,0.5,0.5,0.7,0.6,1.0,0.5,48.299994,40,11,45.999998,68.999991,21.399999,1,1,1087,0,greedy_sps_baseline,solved,1,7.97055,48.271127,0.16512,0.001372,,,0.001372,0.001747,3,0,0
n_frq\set88\n_frq_2.py,n_frq,88,n_frq,2,2,5,2,0.5,0.5,0.7,0.6,1.0,0.5,48.300002,40,11,46.000002,69.000002,28.17143,1,1,1088,0,ilp_v2,optimal,1,43.552275,47.389296,0.919032,0.007153,0.0,,0.007153,0.009651,3,0,0
n_frq\set88\n_frq_2.py,n_frq,88,n_frq,2,2,5,2,0.5,0.5,0.7,0.6,1.0,0.5,48.300002,40,11,46.000002,69.000002,28.17143,1,1,1088,0,ilp_v3,optimal,1,46.573772,48.299114,0.964278,0.011383,0.0,,0.011383,0.012143,3,0,0
n_frq\set88\n_frq_2.py,n_frq,88,n_frq,2,2,5,2,0.5,0.5,0.7,0.6,1.0,0.5,48.300002,40,11,46.000002,69.000002,28.17143,1,1,1088,0,ilp_v4,optimal,1,43.552275,47.389296,0.919032,0.027389,0.0,,0.027389,0.028506,3,0,0
n_frq\set88\n_frq_2.py,n_frq,88,n_frq,2,2,5,2,0.5,0.5,0.7,0.6,1.0,0.5,48.300002,40,11,46.000002,69.000002,28.17143,1,1,1088,0,greedy_sps_baseline,solved,1,6.657795,48.223998,0.13806,0.001656,,,0.001656,0.001798,3,0,0
n_frq\set88\n_frq_3.py,n_frq,88,n_frq,3,2,5,3,0.5,0.5,0.7,0.6,1.0,0.5,48.300002,40,11,46.000002,69.000002,28.17143,1,1,1088,0,ilp_v2,optimal,1,48.164279,48.266785,0.997876,0.00542,0.0,,0.00542,0.006964,3,0,0
n_frq\set88\n_frq_3.py,n_frq,88,n_frq,3,2,5,3,0.5,0.5,0.7,0.6,1.0,0.5,48.300002,40,11,46.000002,69.000002,28.17143,1,1,1088,0,ilp_v3,optimal,1,48.809477,48.275523,1.011061,0.006882,0.0,,0.006882,0.011459,3,0,0
n_frq\set88\n_frq_3.py,n_frq,88,n_frq,3,2,5,3,0.5,0.5,0.7,0.6,1.0,0.5,48.300002,40,11,46.000002,69.000002,28.17143,1,1,1088,0,ilp_v4,optimal,1,48.164279,48.266785,0.997876,0.030794,0.0,,0.030794,0.03539,3,0,0
n_frq\set88\n_frq_3.py,n_frq,88,n_frq,3,2,5,3,0.5,0.5,0.7,0.6,1.0,0.5,48.300002,40,11,46.000002,69.000002,28.17143,1,1,1088,0,greedy_sps_baseline,solved,1,6.657795,48.223998,0.13806,0.000975,,,0.000975,0.001093,3,0,0
n_frq\set88\n_frq_5.py,n_frq,88,n_frq,5,2,5,5,0.5,0.5,0.7,0.6,1.0,0.5,48.300002,40,13,45.999999,69.000002,23.00909,1,1,1088,0,ilp_v2,optimal,1,53.012624,48.296764,1.097643,0.067492,0.0,,0.067492,0.074197,3,0,0
n_frq\set88\n_frq_5.py,n_frq,88,n_frq,5,2,5,5,0.5,0.5,0.7,0.6,1.0,0.5,48.300002,40,13,45.999999,69.000002,23.00909,1,1,1088,0,ilp_v3,optimal,1,52.568852,48.045846,1.094139,0.033047,0.0,,0.033047,0.047408,3,0,0
n_frq\set88\n_frq_5.py,n_frq,88,n_frq,5,2,5,5,0.5,0.5,0.7,0.6,1.0,0.5,48.300002,40,13,45.999999,69.000002,23.00909,1,1,1088,0,ilp_v4,optimal,1,53.88254,48.196494,1.117976,0.113165,0.0,,0.113165,0.120958,3,0,0
n_frq\set88\n_frq_5.py,n_frq,88,n_frq,5,2,5,5,0.5,0.5,0.7,0.6,1.0,0.5,48.300002,40,13,45.999999,69.000002,23.00909,1,1,1088,0,greedy_sps_baseline,solved,1,7.775721,48.281782,0.161049,0.001252,,,0.001252,0.001403,3,0,0
n_frq\set88\n_frq_8.py,n_frq,88,n_frq,8,2,5,8,0.5,0.5,0.7,0.6,1.0,0.5,48.300006,40,10,46.000001,69.000009,21.400001,1,1,1088,0,ilp_v2,optimal,1,45.006064,48.250911,0.932751,0.02675,0.0,,0.02675,0.029381,3,0,0
n_frq\set88\n_frq_8.py,n_frq,88,n_frq,8,2,5,8,0.5,0.5,0.7,0.6,1.0,0.5,48.300006,40,10,46.000001,69.000009,21.400001,1,1,1088,0,ilp_v3,optimal,1,43.816712,48.110992,0.910742,0.051436,0.0,,0.051436,0.057635,3,0,0
n_frq\set88\n_frq_8.py,n_frq,88,n_frq,8,2,5,8,0.5,0.5,0.7,0.6,1.0,0.5,48.300006,40,10,46.000001,69.000009,21.400001,1,1,1088,0,ilp_v4,optimal,1,45.006064,48.24771,0.932812,0.074719,0.0,,0.074719,0.085961,3,0,0
n_frq\set88\n_frq_8.py,n_frq,88,n_frq,8,2,5,8,0.5,0.5,0.7,0.6,1.0,0.5,48.300006,40,10,46.000001,69.000009,21.400001,1,1,1088,0,greedy_sps_baseline,solved,1,6.003703,48.188052,0.124589,0.001566,,,0.001566,0.001775,3,0,0
n_frq\set88\n_frq_12.py,n_frq,88,n_frq,12,2,5,12,0.5,0.5,0.7,0.6,1.0,0.5,48.299998,40,13,46.000002,68.999997,21.400001,1,1,1088,0,ilp_v2,optimal,1,46.402757,48.262983,0.961456,0.080777,7.8e-05,,0.080777,0.088804,3,0,0
n_frq\set88\n_frq_12.py,n_frq,88,n_frq,12,2,5,12,0.5,0.5,0.7,0.6,1.0,0.5,48.299998,40,13,46.000002,68.999997,21.400001,1,1,1088,0,ilp_v3,optimal,1,63.864934,48.297206,1.322332,0.083725,3.5e-05,,0.083725,0.093439,3,0,0
n_frq\set88\n_frq_12.py,n_frq,88,n_frq,12,2,5,12,0.5,0.5,0.7,0.6,1.0,0.5,48.299998,40,13,46.000002,68.999997,21.400001,1,1,1088,0,ilp_v4,optimal,1,66.674525,48.258828,1.381603,0.067621,0.0,,0.067621,0.084571,3,0,0
n_frq\set88\n_frq_12.py,n_frq,88,n_frq,12,2,5,12,0.5,0.5,0.7,0.6,1.0,0.5,48.299998,40,13,46.000002,68.999997,21.400001,1,1,1088,0,greedy_sps_baseline,solved,1,6.625886,48.231207,0.137378,0.001335,,,0.001335,0.002858,3,0,0
n_frq\set89\n_frq_2.py,n_frq,89,n_frq,2,2,5,2,0.5,0.5,0.7,0.6,1.0,0.5,48.3,40,11,46.000001,69.0,23.009091,1,1,1089,0,ilp_v2,optimal,1,54.702025,48.296249,1.132635,0.020079,0.0,,0.020079,0.023692,3,0,0
n_frq\set89\n_frq_2.py,n_frq,89,n_frq,2,2,5,2,0.5,0.5,0.7,0.6,1.0,0.5,48.3,40,11,46.000001,69.0,23.009091,1,1,1089,0,ilp_v3,optimal,1,49.556833,48.190336,1.028356,0.029603,0.0,,0.029603,0.030335,3,0,0
n_frq\set89\n_frq_2.py,n_frq,89,n_frq,2,2,5,2,0.5,0.5,0.7,0.6,1.0,0.5,48.3,40,11,46.000001,69.0,23.009091,1,1,1089,0,ilp_v4,optimal,1,54.702025,48.296249,1.132635,0.043686,0.0,,0.043686,0.050438,3,0,0
n_frq\set89\n_frq_2.py,n_frq,89,n_frq,2,2,5,2,0.5,0.5,0.7,0.6,1.0,0.5,48.3,40,11,46.000001,69.0,23.009091,1,1,1089,0,greedy_sps_baseline,solved,1,7.58194,48.261749,0.1571,0.001028,,,0.001028,0.001213,3,0,0
n_frq\set89\n_frq_3.py,n_frq,89,n_frq,3,2,5,3,0.5,0.5,0.7,0.6,1.0,0.5,48.3,40,11,46.000001,69.0,23.009091,1,1,1089,0,ilp_v2,optimal,1,67.096506,48.0845,1.395387,0.01307,0.0,,0.01307,0.013972,3,0,0
n_frq\set89\n_frq_3.py,n_frq,89,n_frq,3,2,5,3,0.5,0.5,0.7,0.6,1.0,0.5,48.3,40,11,46.000001,69.0,23.009091,1,1,1089,0,ilp_v3,optimal,1,52.559907,48.243525,1.089471,0.04806,0.0,,0.04806,0.048611,3,0,0
n_frq\set89\n_frq_3.py,n_frq,89,n_frq,3,2,5,3,0.5,0.5,0.7,0.6,1.0,0.5,48.3,40,11,46.000001,69.0,23.009091,1,1,1089,0,ilp_v4,optimal,1,65.405179,47.928616,1.364637,0.052676,0.0,,0.052676,0.076839,3,0,0
n_frq\set89\n_frq_3.py,n_frq,89,n_frq,3,2,5,3,0.5,0.5,0.7,0.6,1.0,0.5,48.3,40,11,46.000001,69.0,23.009091,1,1,1089,0,greedy_sps_baseline,solved,1,7.58194,48.261749,0.1571,0.00055,,,0.00055,0.000895,3,0,0
n_frq\set89\n_frq_5.py,n_frq,89,n_frq,5,2,5,5,0.5,0.5,0.7,0.6,1.0,0.5,48.299995,40,13,45.999999,68.999993,23.00909,1,1,1089,0,ilp_v2,optimal,1,35.914155,46.755625,0.768125,0.011289,0.0,,0.011289,0.015278,3,0,0
n_frq\set89\n_frq_5.py,n_frq,89,n_frq,5,2,5,5,0.5,0.5,0.7,0.6,1.0,0.5,48.299995,40,13,45.999999,68.999993,23.00909,1,1,1089,0,ilp_v3,optimal,1,35.269168,48.295965,0.730272,0.026069,0.0,,0.026069,0.026466,3,0,0
n_frq\set89\n_frq_5.py,n_frq,89,n_frq,5,2,5,5,0.5,0.5,0.7,0.6,1.0,0.5,48.299995,40,13,45.999999,68.999993,23.00909,1,1,1089,0,ilp_v4,optimal,1,35.914155,46.755625,0.768125,0.043657,0.0,,0.043657,0.054244,3,0,0
n_frq\set89\n_frq_5.py,n_frq,89,n_frq,5,2,5,5,0.5,0.5,0.7,0.6,1.0,0.5,48.299995,40,13,45.999999,68.999993,23.00909,1,1,1089,0,greedy_sps_baseline,solved,1,9.002538,48.298312,0.186394,0.001275,,,0.001275,0.001687,3,0,0
n_frq\set89\n_frq_8.py,n_frq,89,n_frq,8,2,5,8,0.5,0.5,0.7,0.6,1.0,0.5,48.299999,40,15,46.0,68.999999,21.4,1,1,1089,0,ilp_v2,optimal,1,56.483578,47.841585,1.180638,0.0136,0.0,,0.0136,0.025166,3,0,0
n_frq\set89\n_frq_8.py,n_frq,89,n_frq,8,2,5,8,0.5,0.5,0.7,0.6,1.0,0.5,48.299999,40,15,46.0,68.999999,21.4,1,1,1089,0,ilp_v3,optimal,1,54.051929,48.296389,1.119171,0.054142,7.6e-05,,0.054142,0.061591,3,0,0
n_frq\set89\n_frq_8.py,n_frq,89,n_frq,8,2,5,8,0.5,0.5,0.7,0.6,1.0,0.5,48.299999,40,15,46.0,68.999999,21.4,1,1,1089,0,ilp_v4,optimal,1,56.483578,48.283092,1.169842,0.102536,0.0,,0.102536,0.148632,3,0,0
n_frq\set89\n_frq_8.py,n_frq,89,n_frq,8,2,5,8,0.5,0.5,0.7,0.6,1.0,0.5,48.299999,40,15,46.0,68.999999,21.4,1,1,1089,0,greedy_sps_baseline,solved,1,4.052682,47.934528,0.084546,0.004709,,,0.004709,0.004774,3,0,0
n_frq\set89\n_frq_12.py,n_frq,89,n_frq,12,2,5,12,0.5,0.5,0.7,0.6,1.0,0.5,48.3,40,12,45.999999,69.0,21.399999,1,1,1089,0,ilp_v2,optimal,1,61.763871,47.847409,1.290851,0.01967,0.0,,0.01967,0.023693,3,0,0
n_frq\set89\n_frq_12.py,n_frq,89,n_frq,12,2,5,12,0.5,0.5,0.7,0.6,1.0,0.5,48.3,40,12,45.999999,69.0,21.399999,1,1,1089,0,ilp_v3,optimal,1,59.02986,48.273819,1.222813,0.174551,0.0,,0.174551,0.17902,3,0,0
n_frq\set89\n_frq_12.py,n_frq,89,n_frq,12,2,5,12,0.5,0.5,0.7,0.6,1.0,0.5,48.3,40,12,45.999999,69.0,21.399999,1,1,1089,0,ilp_v4,optimal,1,61.763871,47.847409,1.290851,0.0422,0.0,,0.0422,0.066441,3,0,0
n_frq\set89\n_frq_12.py,n_frq,89,n_frq,12,2,5,12,0.5,0.5,0.7,0.6,1.0,0.5,48.3,40,12,45.999999,69.0,21.399999,1,1,1089,0,greedy_sps_baseline,solved,1,6.508724,48.09289,0.135337,0.001445,,,0.001445,0.001722,3,0,0
n_frq\set90\n_frq_2.py,n_frq,90,n_frq,2,2,5,2,0.5,0.5,0.7,0.6,1.0,0.5,48.300004,40,10,45.999998,69.000006,21.399999,1,1,1090,0,ilp_v2,optimal,1,39.984731,48.270517,0.828347,0.051051,0.0,,0.051051,0.067374,3,0,0
n_frq\set90\n_frq_2.py,n_frq,90,n_frq,2,2,5,2,0.5,0.5,0.7,0.6,1.0,0.5,48.300004,40,10,45.999998,69.000006,21.399999,1,1,1090,0,ilp_v3,optimal,1,41.148462,48.292364,0.85207,0.008086,0.0,,0.008086,0.008534,3,0,0
n_frq\set90\n_frq_2.py,n_frq,90,n_frq,2,2,5,2,0.5,0.5,0.7,0.6,1.0,0.5,48.300004,40,10,45.999998,69.000006,21.399999,1,1,1090,0,ilp_v4,optimal,1,41.711442,48.170528,0.865912,0.049365,0.0,,0.049365,0.054321,3,0,0
n_frq\set90\n_frq_2.py,n_frq,90,n_frq,2,2,5,2,0.5,0.5,0.7,0.6,1.0,0.5,48.300004,40,10,45.999998,69.000006,21.399999,1,1,1090,0,greedy_sps_baseline,solved,1,6.695839,48.249221,0.138776,0.001308,,,0.001308,0.002303,3,0,0
n_frq\set90\n_frq_3.py,n_frq,90,n_frq,3,2,5,3,0.5,0.5,0.7,0.6,1.0,0.5,48.300002,40,12,46.000001,69.000003,21.400001,1,1,1090,0,ilp_v2,optimal,1,65.7723,48.28695,1.362113,0.063443,0.0,,0.063443,0.075344,3,0,0
n_frq\set90\n_frq_3.py,n_frq,90,n_frq,3,2,5,3,0.5,0.5,0.7,0.6,1.0,0.5,48.300002,40,12,46.000001,69.000003,21.400001,1,1,1090,0,ilp_v3,optimal,1,65.495845,48.260137,1.357142,0.060698,0.0,,0.060698,0.064775,3,0,0
n_frq\set90\n_frq_3.py,n_frq,90,n_frq,3,2,5,3,0.5,0.5,0.7,0.6,1.0,0.5,48.300002,40,12,46.000001,69.000003,21.400001,1,1,1090,0,ilp_v4,optimal,1,65.374814,48.294032,1.353683,0.207128,0.0,,0.207128,0.245003,3,0,0
n_frq\set90\n_frq_3.py,n_frq,90,n_frq,3,2,5,3,0.5,0.5,0.7,0.6,1.0,0.5,48.300002,40,12,46.000001,69.000003,21.400001,1,1,1090,0,greedy_sps_baseline,solved,1,7.294319,48.162954,0.151451,0.001459,,,0.001459,0.001721,3,0,0
n_frq\set90\n_frq_5.py,n_frq,90,n_frq,5,2,5,5,0.5,0.5,0.7,0.6,1.0,0.5,48.300004,40,12,46.000002,69.000006,21.400001,1,1,1090,0,ilp_v2,optimal,1,28.394301,45.57272,0.623055,0.017927,0.0,,0.017927,0.019823,3,0,0
n_frq\set90\n_frq_5.py,n_frq,90,n_frq,5,2,5,5,0.5,0.5,0.7,0.6,1.0,0.5,48.300004,40,12,46.000002,69.000006,21.400001,1,1,1090,0,ilp_v3,optimal,1,65.921657,48.299752,1.364845,0.066887,6.6e-05,,0.066887,0.076732,3,0,0
n_frq\set90\n_frq_5.py,n_frq,90,n_frq,5,2,5,5,0.5,0.5,0.7,0.6,1.0,0.5,48.300004,40,12,46.000002,69.000006,21.400001,1,1,1090,0,ilp_v4,optimal,1,75.980274,48.297688,1.573166,0.310248,0.0,,0.310248,0.34592,3,0,0
n_frq\set90\n_frq_5.py,n_frq,90,n_frq,5,2,5,5,0.5,0.5,0.7,0.6,1.0,0.5,48.300004,40,12,46.000002,69.000006,21.400001,1,1,1090,0,greedy_sps_baseline,solved,1,7.604714,48.295121,0.157463,0.002103,,,0.002103,0.002222,3,0,0
n_frq\set90\n_frq_8.py,n_frq,90,n_frq,8,2,5,8,0.5,0.5,0.7,0.6,1.0,0.5,48.300001,40,12,46.0,69.000001,21.4,1,1,1090,0,ilp_v2,optimal,1,75.126632,48.098076,1.561947,0.026014,0.0,,0.026014,0.029001,3,0,0
n_frq\set90\n_frq_8.py,n_frq,90,n_frq,8,2,5,8,0.5,0.5,0.7,0.6,1.0,0.5,48.300001,40,12,46.0,69.000001,21.4,1,1,1090,0,ilp_v3,optimal,1,75.017107,48.246767,1.554863,0.021668,0.0,,0.021668,0.023668,3,0,0
n_frq\set90\n_frq_8.py,n_frq,90,n_frq,8,2,5,8,0.5,0.5,0.7,0.6,1.0,0.5,48.300001,40,12,46.0,69.000001,21.4,1,1,1090,0,ilp_v4,optimal,1,75.126632,48.098076,1.561947,0.062728,0.0,,0.062728,0.066619,3,0,0
n_frq\set90\n_frq_8.py,n_frq,90,n_frq,8,2,5,8,0.5,0.5,0.7,0.6,1.0,0.5,48.300001,40,12,46.0,69.000001,21.4,1,1,1090,0,greedy_sps_baseline,solved,1,7.825758,47.95767,0.163181,0.001257,,,0.001257,0.00149,3,0,0
n_frq\set90\n_frq_12.py,n_frq,90,n_frq,12,2,5,12,0.5,0.5,0.7,0.6,1.0,0.5,48.299998,40,10,46.0,68.999997,21.4,1,1,1090,0,ilp_v2,optimal,1,56.158401,48.247911,1.163955,0.038367,0.0,,0.038367,0.041497,3,0,0
n_frq\set90\n_frq_12.py,n_frq,90,n_frq,12,2,5,12,0.5,0.5,0.7,0.6,1.0,0.5,48.299998,40,10,46.0,68.999997,21.4,1,1,1090,0,ilp_v3,optimal,1,47.327568,48.296517,0.979938,0.038605,1.2e-05,,0.038605,0.04036,3,0,0
n_frq\set90\n_frq_12.py,n_frq,90,n_frq,12,2,5,12,0.5,0.5,0.7,0.6,1.0,0.5,48.299998,40,10,46.0,68.999997,21.4,1,1,1090,0,ilp_v4,optimal,1,57.331095,47.835871,1.198496,0.032462,0.0,,0.032462,0.052817,3,0,0
n_frq\set90\n_frq_12.py,n_frq,90,n_frq,12,2,5,12,0.5,0.5,0.7,0.6,1.0,0.5,48.299998,40,10,46.0,68.999997,21.4,1,1,1090,0,greedy_sps_baseline,solved,1,6.116396,48.252275,0.126759,0.00057,,,0.00057,0.000658,3,0,0
n_frq\set91\n_frq_2.py,n_frq,91,n_frq,2,2,5,2,0.5,0.5,0.7,0.6,1.0,0.5,48.299997,40,10,45.999999,68.999995,23.00909,1,1,1091,0,ilp_v2,optimal,1,60.373913,46.875635,1.287959,0.008286,0.0,,0.008286,0.010009,3,0,0
n_frq\set91\n_frq_2.py,n_frq,91,n_frq,2,2,5,2,0.5,0.5,0.7,0.6,1.0,0.5,48.299997,40,10,45.999999,68.999995,23.00909,1,1,1091,0,ilp_v3,optimal,1,60.373913,46.875635,1.287959,0.008843,0.0,,0.008843,0.010237,3,0,0
n_frq\set91\n_frq_2.py,n_frq,91,n_frq,2,2,5,2,0.5,0.5,0.7,0.6,1.0,0.5,48.299997,40,10,45.999999,68.999995,23.00909,1,1,1091,0,ilp_v4,optimal,1,60.299103,47.248572,1.27621,0.026043,0.0,,0.026043,0.027407,3,0,0
n_frq\set91\n_frq_2.py,n_frq,91,n_frq,2,2,5,2,0.5,0.5,0.7,0.6,1.0,0.5,48.299997,40,10,45.999999,68.999995,23.00909,1,1,1091,0,greedy_sps_baseline,solved,1,8.982242,48.290824,0.186003,0.001597,,,0.001597,0.001747,3,0,0
n_frq\set91\n_frq_3.py,n_frq,91,n_frq,3,2,5,3,0.5,0.5,0.7,0.6,1.0,0.5,48.3,40,12,46.0,69.0,23.009091,1,1,1091,0,ilp_v2,optimal,1,40.067677,48.151297,0.83212,0.065398,0.0,,0.065398,0.06887,3,0,0
n_frq\set91\n_frq_3.py,n_frq,91,n_frq,3,2,5,3,0.5,0.5,0.7,0.6,1.0,0.5,48.3,40,12,46.0,69.0,23.009091,1,1,1091,0,ilp_v3,optimal,1,40.598975,48.283922,0.840838,0.0713,0.0,,0.0713,0.080348,3,0,0
n_frq\set91\n_frq_3.py,n_frq,91,n_frq,3,2,5,3,0.5,0.5,0.7,0.6,1.0,0.5,48.3,40,12,46.0,69.0,23.009091,1,1,1091,0,ilp_v4,optimal,1,40.538944,48.211584,0.840855,0.098205,0.0,,0.098205,0.102184,3,0,0
n_frq\set91\n_frq_3.py,n_frq,91,n_frq,3,2,5,3,0.5,0.5,0.7,0.6,1.0,0.5,48.3,40,12,46.0,69.0,23.009091,1,1,1091,0,greedy_sps_baseline,solved,1,5.06221,48.291867,0.104825,0.002981,,,0.002981,0.003789,3,0,0
n_frq\set91\n_frq_5.py,n_frq,91,n_frq,5,2,5,5,0.5,0.5,0.7,0.6,1.0,0.5,48.300002,40,10,46.0,69.000002,22.0,1,1,1091,0,ilp_v2,optimal,1,40.259711,48.28019,0.833876,0.040254,0.0,,0.040254,0.04761,3,0,0
n_frq\set91\n_frq_5.py,n_frq,91,n_frq,5,2,5,5,0.5,0.5,0.7,0.6,1.0,0.5,48.300002,40,10,46.0,69.000002,22.0,1,1,1091,0,ilp_v3,optimal,1,44.172074,48.273138,0.915045,0.009732,0.0,,0.009732,0.010139,3,0,0
n_frq\set91\n_frq_5.py,n_frq,91,n_frq,5,2,5,5,0.5,0.5,0.7,0.6,1.0,0.5,48.300002,40,10,46.0,69.000002,22.0,1,1,1091,0,ilp_v4,optimal,1,44.172074,48.273138,0.915045,0.030222,0.0,,0.030222,0.045704,3,0,0
n_frq\set91\n_frq_5.py,n_frq,91,n_frq,5,2,5,5,0.5,0.5,0.7,0.6,1.0,0.5,48.300002,40,10,46.0,69.000002,22.0,1,1,1091,0,greedy_sps_baseline,solved,1,2.936504,48.066695,0.061092,0.000793,,,0.000793,0.001303,3,0,0
n_frq\set91\n_frq_8.py,n_frq,91,n_frq,8,2,5,8,0.5,0.5,0.7,0.6,1.0,0.5,48.300002,40,10,46.0,69.000002,21.433333,1,1,1091,0,ilp_v2,optimal,1,34.620929,48.293641,0.716884,0.157163,0.0,,0.157163,0.168914,3,0,0
n_frq\set91\n_frq_8.py,n_frq,91,n_frq,8,2,5,8,0.5,0.5,0.7,0.6,1.0,0.5,48.300002,40,10,46.0,69.000002,21.433333,1,1,1091,0,ilp_v3,optimal,1,36.472886,48.095534,0.758342,0.04107,0.0,,0.04107,0.043665,3,0,0
n_frq\set91\n_frq_8.py,n_frq,91,n_frq,8,2,5,8,0.5,0.5,0.7,0.6,1.0,0.5,48.300002,40,10,46.0,69.000002,21.433333,1,1,1091,0,ilp_v4,optimal,1,36.743988,48.0477,0.76474,0.083414,0.0,,0.083414,0.08797,3,0,0
n_frq\set91\n_frq_8.py,n_frq,91,n_frq,8,2,5,8,0.5,0.5,0.7,0.6,1.0,0.5,48.300002,40,10,46.0,69.000002,21.433333,1,1,1091,0,greedy_sps_baseline,solved,1,3.102198,48.165311,0.064407,0.001181,,,0.001181,0.00161,3,0,0
n_frq\set91\n_frq_12.py,n_frq,91,n_frq,12,2,5,12,0.5,0.5,0.7,0.6,1.0,0.5,48.299997,40,13,46.0,68.999995,21.4,1,1,1091,0,ilp_v2,optimal,1,44.010988,47.436104,0.927795,0.052039,0.0,,0.052039,0.054801,3,0,0
n_frq\set91\n_frq_12.py,n_frq,91,n_frq,12,2,5,12,0.5,0.5,0.7,0.6,1.0,0.5,48.299997,40,13,46.0,68.999995,21.4,1,1,1091,0,ilp_v3,optimal,1,44.365311,48.24013,0.919676,0.191295,0.0,,0.191295,0.198776,3,0,0
n_frq\set91\n_frq_12.py,n_frq,91,n_frq,12,2,5,12,0.5,0.5,0.7,0.6,1.0,0.5,48.299997,40,13,46.0,68.999995,21.4,1,1,1091,0,ilp_v4,optimal,1,46.92705,48.275864,0.97206,0.150646,0.0,,0.150646,0.159996,3,0,0
n_frq\set91\n_frq_12.py,n_frq,91,n_frq,12,2,5,12,0.5,0.5,0.7,0.6,1.0,0.5,48.299997,40,13,46.0,68.999995,21.4,1,1,1091,0,greedy_sps_baseline,solved,1,7.857113,48.243695,0.162863,0.001769,,,0.001769,0.001916,3,0,0
n_frq\set92\n_frq_2.py,n_frq,92,n_frq,2,2,5,2,0.5,0.5,0.7,0.6,1.0,0.5,48.299998,40,13,45.999997,68.999997,28.171426,1,1,1092,0,ilp_v2,optimal,1,56.211868,48.295928,1.163905,0.036904,0.0,,0.036904,0.039168,3,0,0
n_frq\set92\n_frq_2.py,n_frq,92,n_frq,2,2,5,2,0.5,0.5,0.7,0.6,1.0,0.5,48.299998,40,13,45.999997,68.999997,28.171426,1,1,1092,0,ilp_v3,optimal,1,62.075705,48.265586,1.286128,0.013443,0.0,,0.013443,0.01384,3,0,0
n_frq\set92\n_frq_2.py,n_frq,92,n_frq,2,2,5,2,0.5,0.5,0.7,0.6,1.0,0.5,48.299998,40,13,45.999997,68.999997,28.171426,1,1,1092,0,ilp_v4,optimal,1,63.53649,47.225982,1.345371,0.073721,0.0,,0.073721,0.081408,3,0,0
n_frq\set92\n_frq_2.py,n_frq,92,n_frq,2,2,5,2,0.5,0.5,0.7,0.6,1.0,0.5,48.299998,40,13,45.999997,68.999997,28.171426,1,1,1092,0,greedy_sps_baseline,solved,1,8.793491,48.250621,0.182246,0.003073,,,0.003073,0.003332,3,0,0
n_frq\set92\n_frq_3.py,n_frq,92,n_frq,3,2,5,3,0.5,0.5,0.7,0.6,1.0,0.5,48.300006,40,15,46.0,69.000008,26.130769,1,1,1092,0,ilp_v2,optimal,1,53.220216,48.24981,1.103014,0.105241,0.0,,0.105241,0.125652,3,0,0
n_frq\set92\n_frq_3.py,n_frq,92,n_frq,3,2,5,3,0.5,0.5,0.7,0.6,1.0,0.5,48.300006,40,15,46.0,69.000008,26.130769,1,1,1092,0,ilp_v3,optimal,1,57.279909,48.245063,1.18727,0.017227,0.0,,0.017227,0.017606,3,0,0
n_frq\set92\n_frq_3.py,n_frq,92,n_frq,3,2,5,3,0.5,0.5,0.7,0.6,1.0,0.5,48.300006,40,15,46.0,69.000008,26.130769,1,1,1092,0,ilp_v4,optimal,1,59.111032,48.162469,1.227326,0.234364,0.0,,0.234364,0.243309,3,0,0
n_frq\set92\n_frq_3.py,n_frq,92,n_frq,3,2,5,3,0.5,0.5,0.7,0.6,1.0,0.5,48.300006,40,15,46.0,69.000008,26.130769,1,1,1092,0,greedy_sps_baseline,solved,1,8.363631,48.11062,0.173842,0.00397,,,0.00397,0.004197,3,0,0
n_frq\set92\n_frq_5.py,n_frq,92,n_frq,5,2,5,5,0.5,0.5,0.7,0.6,1.0,0.5,48.300006,40,10,46.000003,69.000009,21.433335,1,1,1092,0,ilp_v2,optimal,1,60.502508,47.157683,1.282983,0.041572,0.0,,0.041572,0.041932,3,0,0
n_frq\set92\n_frq_5.py,n_frq,92,n_frq,5,2,5,5,0.5,0.5,0.7,0.6,1.0,0.5,48.300006,40,10,46.000003,69.000009,21.433335,1,1,1092,0,ilp_v3,optimal,1,69.757922,48.26393,1.445343,0.077618,0.0,,0.077618,0.084373,3,0,0
n_frq\set92\n_frq_5.py,n_frq,92,n_frq,5,2,5,5,0.5,0.5,0.7,0.6,1.0,0.5,48.300006,40,10,46.000003,69.000009,21.433335,1,1,1092,0,ilp_v4,optimal,1,71.756296,48.268746,1.4866,0.071533,0.0,,0.071533,0.08098,3,0,0
n_frq\set92\n_frq_5.py,n_frq,92,n_frq,5,2,5,5,0.5,0.5,0.7,0.6,1.0,0.5,48.300006,40,10,46.000003,69.000009,21.433335,1,1,1092,0,greedy_sps_baseline,solved,1,8.684191,48.29306,0.179823,0.001317,,,0.001317,0.00152,3,0,0
n_frq\set92\n_frq_8.py,n_frq,92,n_frq,8,2,5,8,0.5,0.5,0.7,0.6,1.0,0.5,48.3,40,13,46.000002,69.0,21.400001,1,1,1092,0,ilp_v2,optimal,1,47.246541,48.210828,0.979999,0.098816,0.0,,0.098816,0.100963,3,0,0
n_frq\set92\n_frq_8.py,n_frq,92,n_frq,8,2,5,8,0.5,0.5,0.7,0.6,1.0,0.5,48.3,40,13,46.000002,69.0,21.400001,1,1,1092,0,ilp_v3,optimal,1,59.938331,47.921322,1.250765,0.071994,0.0,,0.071994,0.07682,3,0,0
n_frq\set92\n_frq_8.py,n_frq,92,n_frq,8,2,5,8,0.5,0.5,0.7,0.6,1.0,0.5,48.3,40,13,46.000002,69.0,21.400001,1,1,1092,0,ilp_v4,optimal,1,68.641646,48.198701,1.424139,0.094429,0.0,,0.094429,0.100786,3,0,0
n_frq\set92\n_frq_8.py,n_frq,92,n_frq,8,2,5,8,0.5,0.5,0.7,0.6,1.0,0.5,48.3,40,13,46.000002,69.0,21.400001,1,1,1092,0,greedy_sps_baseline,solved,1,8.54734,48.277112,0.177047,0.000942,,,0.000942,0.001808,3,0,0
n_frq\set92\n_frq_12.py,n_frq,92,n_frq,12,2,5,12,0.5,0.5,0.7,0.6,1.0,0.5,48.299997,40,11,46.0,68.999995,21.4,1,1,1092,0,ilp_v2,optimal,1,50.315452,48.226231,1.043321,0.377951,0.0,,0.377951,0.39005,3,0,0
n_frq\set92\n_frq_12.py,n_frq,92,n_frq,12,2,5,12,0.5,0.5,0.7,0.6,1.0,0.5,48.299997,40,11,46.0,68.999995,21.4,1,1,1092,0,ilp_v3,optimal,1,50.315452,48.226231,1.043321,0.36648,0.0,,0.36648,0.401851,3,0,0
n_frq\set92\n_frq_12.py,n_frq,92,n_frq,12,2,5,12,0.5,0.5,0.7,0.6,1.0,0.5,48.299997,40,11,46.0,68.999995,21.4,1,1,1092,0,ilp_v4,optimal,1,57.644316,47.844152,1.204835,0.074435,0.0,,0.074435,0.09987,3,0,0
n_frq\set92\n_frq_12.py,n_frq,92,n_frq,12,2,5,12,0.5,0.5,0.7,0.6,1.0,0.5,48.299997,40,11,46.0,68.999995,21.4,1,1,1092,0,greedy_sps_baseline,solved,1,8.158834,48.166935,0.169387,0.002112,,,0.002112,0.004399,3,0,0
n_frq\set93\n_frq_2.py,n_frq,93,n_frq,2,2,5,2,0.5,0.5,0.7,0.6,1.0,0.5,48.3,40,10,46.000001,69.0,23.009091,1,1,1093,0,ilp_v2,optimal,1,53.381687,48.266906,1.105969,0.01662,0.0,,0.01662,0.020186,3,0,0
n_frq\set93\n_frq_2.py,n_frq,93,n_frq,2,2,5,2,0.5,0.5,0.7,0.6,1.0,0.5,48.3,40,10,46.000001,69.0,23.009091,1,1,1093,0,ilp_v3,optimal,1,54.780791,48.219581,1.136069,0.01465,0.0,,0.01465,0.015137,3,0,0
n_frq\set93\n_frq_2.py,n_frq,93,n_frq,2,2,5,2,0.5,0.5,0.7,0.6,1.0,0.5,48.3,40,10,46.000001,69.0,23.009091,1,1,1093,0,ilp_v4,optimal,1,54.500222,48.163999,1.131555,0.055077,3e-06,,0.055077,0.059053,3,0,0
n_frq\set93\n_frq_2.py,n_frq,93,n_frq,2,2,5,2,0.5,0.5,0.7,0.6,1.0,0.5,48.3,40,10,46.000001,69.0,23.009091,1,1,1093,0,greedy_sps_baseline,solved,1,8.773577,48.17856,0.182105,0.001245,,,0.001245,0.0014,3,0,0
n_frq\set93\n_frq_3.py,n_frq,93,n_frq,3,2,5,3,0.5,0.5,0.7,0.6,1.0,0.5,48.3,40,10,46.000001,69.0,23.009091,1,1,1093,0,ilp_v2,optimal,1,61.152032,46.741485,1.308303,0.007689,0.0,,0.007689,0.009987,3,0,0
n_frq\set93\n_frq_3.py,n_frq,93,n_frq,3,2,5,3,0.5,0.5,0.7,0.6,1.0,0.5,48.3,40,10,46.000001,69.0,23.009091,1,1,1093,0,ilp_v3,optimal,1,57.939744,45.879335,1.262872,0.008656,0.0,,0.008656,0.009049,3,0,0
n_frq\set93\n_frq_3.py,n_frq,93,n_frq,3,2,5,3,0.5,0.5,0.7,0.6,1.0,0.5,48.3,40,10,46.000001,69.0,23.009091,1,1,1093,0,ilp_v4,optimal,1,62.270567,47.586397,1.308579,0.027629,0.0,,0.027629,0.042832,3,0,0
n_frq\set93\n_frq_3.py,n_frq,93,n_frq,3,2,5,3,0.5,0.5,0.7,0.6,1.0,0.5,48.3,40,10,46.000001,69.0,23.009091,1,1,1093,0,greedy_sps_baseline,solved,1,8.773577,48.17856,0.182105,0.000723,,,0.000723,0.000957,3,0,0
n_frq\set93\n_frq_5.py,n_frq,93,n_frq,5,2,5,5,0.5,0.5,0.7,0.6,1.0,0.5,48.299999,40,10,46.000001,68.999999,23.009091,1,1,1093,0,ilp_v2,optimal,1,36.743065,48.236816,0.761722,0.086674,0.0,,0.086674,0.09555,3,0,0
n_frq\set93\n_frq_5.py,n_frq,93,n_frq,5,2,5,5,0.5,0.5,0.7,0.6,1.0,0.5,48.299999,40,10,46.000001,68.999999,23.009091,1,1,1093,0,ilp_v3,optimal,1,55.990621,48.239964,1.160669,0.013573,0.0,,0.013573,0.013821,3,0,0
n_frq\set93\n_frq_5.py,n_frq,93,n_frq,5,2,5,5,0.5,0.5,0.7,0.6,1.0,0.5,48.299999,40,10,46.000001,68.999999,23.009091,1,1,1093,0,ilp_v4,optimal,1,55.990621,47.194171,1.186388,0.059332,0.0,,0.059332,0.075043,3,0,0
n_frq\set93\n_frq_5.py,n_frq,93,n_frq,5,2,5,5,0.5,0.5,0.7,0.6,1.0,0.5,48.299999,40,10,46.000001,68.999999,23.009091,1,1,1093,0,greedy_sps_baseline,solved,1,6.647652,48.229196,0.137835,0.001306,,,0.001306,0.001428,3,0,0
n_frq\set93\n_frq_8.py,n_frq,93,n_frq,8,2,5,8,0.5,0.5,0.7,0.6,1.0,0.5,48.300002,40,9,46.000001,69.000002,21.400001,1,1,1093,0,ilp_v2,optimal,1,64.65791,48.200626,1.341433,0.122684,0.0,,0.122684,0.127993,3,0,0
n_frq\set93\n_frq_8.py,n_frq,93,n_frq,8,2,5,8,0.5,0.5,0.7,0.6,1.0,0.5,48.300002,40,9,46.000001,69.000002,21.400001,1,1,1093,0,ilp_v3,optimal,1,61.758653,47.928283,1.288564,0.026819,0.0,,0.026819,0.027888,3,0,0
n_frq\set93\n_frq_8.py,n_frq,93,n_frq,8,2,5,8,0.5,0.5,0.7,0.6,1.0,0.5,48.300002,40,9,46.000001,69.000002,21.400001,1,1,1093,0,ilp_v4,optimal,1,67.21667,48.057876,1.398661,0.065396,0.0,,0.065396,0.070221,3,0,0
n_frq\set93\n_frq_8.py,n_frq,93,n_frq,8,2,5,8,0.5,0.5,0.7,0.6,1.0,0.5,48.300002,40,9,46.000001,69.000002,21.400001,1,1,1093,0,greedy_sps_baseline,solved,1,8.03169,48.242771,0.166485,0.000974,,,0.000974,0.001113,3,0,0
n_frq\set93\n_frq_12.py,n_frq,93,n_frq,12,2,5,12,0.5,0.5,0.7,0.6,1.0,0.5,48.300003,40,9,45.999999,69.000005,21.399999,1,1,1093,0,ilp_v2,optimal,1,58.106951,48.251306,1.204257,0.102466,0.0,,0.102466,0.105341,3,0,0
n_frq\set93\n_frq_12.py,n_frq,93,n_frq,12,2,5,12,0.5,0.5,0.7,0.6,1.0,0.5,48.300003,40,9,45.999999,69.000005,21.399999,1,1,1093,0,ilp_v3,optimal,1,58.106951,48.251306,1.204257,0.097251,0.0,,0.097251,0.102469,3,0,0
n_frq\set93\n_frq_12.py,n_frq,93,n_frq,12,2,5,12,0.5,0.5,0.7,0.6,1.0,0.5,48.300003,40,9,45.999999,69.000005,21.399999,1,1,1093,0,ilp_v4,optimal,1,62.536361,48.085353,1.300528,0.037186,0.0,,0.037186,0.055585,3,0,0
n_frq\set93\n_frq_12.py,n_frq,93,n_frq,12,2,5,12,0.5,0.5,0.7,0.6,1.0,0.5,48.300003,40,9,45.999999,69.000005,21.399999,1,1,1093,0,greedy_sps_baseline,solved,1,7.700856,48.286529,0.159482,0.000512,,,0.000512,0.00119,3,0,0
n_frq\set94\n_frq_2.py,n_frq,94,n_frq,2,2,5,2,0.5,0.5,0.7,0.6,1.0,0.5,48.300001,40,10,46.000001,69.000001,28.171429,1,1,1094,0,ilp_v2,optimal,1,39.483059,48.290946,0.817608,0.0789,0.0,,0.0789,0.0925,3,0,0
n_frq\set94\n_frq_2.py,n_frq,94,n_frq,2,2,5,2,0.5,0.5,0.7,0.6,1.0,0.5,48.300001,40,10,46.000001,69.000001,28.171429,1,1,1094,0,ilp_v3,optimal,1,54.614398,48.129323,1.134743,0.099599,0.0,,0.099599,0.146484,3,0,0
n_frq\set94\n_frq_2.py,n_frq,94,n_frq,2,2,5,2,0.5,0.5,0.7,0.6,1.0,0.5,48.300001,40,10,46.000001,69.000001,28.171429,1,1,1094,0,ilp_v4,optimal,1,72.063977,47.882653,1.505012,0.054562,0.0,,0.054562,0.069888,3,0,0
n_frq\set94\n_frq_2.py,n_frq,94,n_frq,2,2,5,2,0.5,0.5,0.7,0.6,1.0,0.5,48.300001,40,10,46.000001,69.000001,28.171429,1,1,1094,0,greedy_sps_baseline,solved,1,8.254006,48.277222,0.170971,0.000574,,,0.000574,0.00072,3,0,0
n_frq\set94\n_frq_3.py,n_frq,94,n_frq,3,2,5,3,0.5,0.5,0.7,0.6,1.0,0.5,48.300001,40,10,46.000001,69.000001,28.171429,1,1,1094,0,ilp_v2,optimal,1,40.880817,48.265271,0.847003,0.054911,0.0,,0.054911,0.06243,3,0,0
n_frq\set94\n_frq_3.py,n_frq,94,n_frq,3,2,5,3,0.5,0.5,0.7,0.6,1.0,0.5,48.300001,40,10,46.000001,69.000001,28.171429,1,1,1094,0,ilp_v3,optimal,1,56.512525,48.056759,1.175954,0.136946,0.0,,0.136946,0.144886,3,0,0
n_frq\set94\n_frq_3.py,n_frq,94,n_frq,3,2,5,3,0.5,0.5,0.7,0.6,1.0,0.5,48.300001,40,10,46.000001,69.000001,28.171429,1,1,1094,0,ilp_v4,optimal,1,72.95057,48.247727,1.512,0.0678,0.0,,0.0678,0.071553,3,0,0
n_frq\set94\n_frq_3.py,n_frq,94,n_frq,3,2,5,3,0.5,0.5,0.7,0.6,1.0,0.5,48.300001,40,10,46.000001,69.000001,28.171429,1,1,1094,0,greedy_sps_baseline,solved,1,8.254006,48.277222,0.170971,0.001067,,,0.001067,0.001336,3,0,0
n_frq\set94\n_frq_5.py,n_frq,94,n_frq,5,2,5,5,0.5,0.5,0.7,0.6,1.0,0.5,48.300002,40,13,46.0,69.000002,23.009091,1,1,1094,0,ilp_v2,optimal,1,76.926708,47.879684,1.606667,0.137672,0.0,,0.137672,0.148827,3,0,0
n_frq\set94\n_frq_5.py,n_frq,94,n_frq,5,2,5,5,0.5,0.5,0.7,0.6,1.0,0.5,48.300002,40,13,46.0,69.000002,23.009091,1,1,1094,0,ilp_v3,optimal,1,81.601177,48.104349,1.696337,0.011571,0.0,,0.011571,0.017429,3,0,0
n_frq\set94\n_frq_5.py,n_frq,94,n_frq,5,2,5,5,0.5,0.5,0.7,0.6,1.0,0.5,48.300002,40,13,46.0,69.000002,23.009091,1,1,1094,0,ilp_v4,optimal,1,81.601177,48.076331,1.697325,0.076944,0.0,,0.076944,0.09277,3,0,0
n_frq\set94\n_frq_5.py,n_frq,94,n_frq,5,2,5,5,0.5,0.5,0.7,0.6,1.0,0.5,48.300002,40,13,46.0,69.000002,23.009091,1,1,1094,0,greedy_sps_baseline,solved,1,8.554266,48.297005,0.177118,0.000962,,,0.000962,0.001043,3,0,0
n_frq\set94\n_frq_8.py,n_frq,94,n_frq,8,2,5,8,0.5,0.5,0.7,0.6,1.0,0.5,48.299998,40,10,46.0,68.999997,23.009091,1,1,1094,0,ilp_v2,optimal,1,60.020046,47.727358,1.257561,0.029863,0.0,,0.029863,0.037585,3,0,0
n_frq\set94\n_frq_8.py,n_frq,94,n_frq,8,2,5,8,0.5,0.5,0.7,0.6,1.0,0.5,48.299998,40,10,46.0,68.999997,23.009091,1,1,1094,0,ilp_v3,optimal,1,62.427047,48.219802,1.294635,0.101161,0.0,,0.101161,0.102864,3,0,0
n_frq\set94\n_frq_8.py,n_frq,94,n_frq,8,2,5,8,0.5,0.5,0.7,0.6,1.0,0.5,48.299998,40,10,46.0,68.999997,23.009091,1,1,1094,0,ilp_v4,optimal,1,67.860191,47.52335,1.427934,0.055251,0.0,,0.055251,0.058528,3,0,0
n_frq\set94\n_frq_8.py,n_frq,94,n_frq,8,2,5,8,0.5,0.5,0.7,0.6,1.0,0.5,48.299998,40,10,46.0,68.999997,23.009091,1,1,1094,0,greedy_sps_baseline,solved,1,7.058866,47.726251,0.147903,0.00185,,,0.00185,0.002249,3,0,0
n_frq\set94\n_frq_12.py,n_frq,94,n_frq,12,2,5,12,0.5,0.5,0.7,0.6,1.0,0.5,48.300002,40,10,46.000003,69.000002,21.400002,1,1,1094,0,ilp_v2,optimal,1,60.418627,48.278486,1.251461,0.030783,0.0,,0.030783,0.032589,3,0,0
n_frq\set94\n_frq_12.py,n_frq,94,n_frq,12,2,5,12,0.5,0.5,0.7,0.6,1.0,0.5,48.300002,40,10,46.000003,69.000002,21.400002,1,1,1094,0,ilp_v3,optimal,1,61.297927,48.209049,1.271502,0.03597,0.0,,0.03597,0.037258,3,0,0
n_frq\set94\n_frq_12.py,n_frq,94,n_frq,12,2,5,12,0.5,0.5,0.7,0.6,1.0,0.5,48.300002,40,10,46.000003,69.000002,21.400002,1,1,1094,0,ilp_v4,optimal,1,64.395432,48.259977,1.334344,0.056944,0.0,,0.056944,0.067642,3,0,0
n_frq\set94\n_frq_12.py,n_frq,94,n_frq,12,2,5,12,0.5,0.5,0.7,0.6,1.0,0.5,48.300002,40,10,46.000003,69.000002,21.400002,1,1,1094,0,greedy_sps_baseline,solved,1,8.677716,48.256606,0.179824,0.001226,,,0.001226,0.001523,3,0,0
n_frq\set95\n_frq_2.py,n_frq,95,n_frq,2,2,5,2,0.5,0.5,0.7,0.6,1.0,0.5,48.299999,40,12,46.000003,68.999999,21.433335,1,1,1095,0,ilp_v2,optimal,1,45.666335,48.267692,0.946106,0.027913,0.0,,0.027913,0.029734,3,0,0
n_frq\set95\n_frq_2.py,n_frq,95,n_frq,2,2,5,2,0.5,0.5,0.7,0.6,1.0,0.5,48.299999,40,12,46.000003,68.999999,21.433335,1,1,1095,0,ilp_v3,optimal,1,47.812772,48.299503,0.989923,0.01927,3.2e-05,,0.01927,0.019764,3,0,0
n_frq\set95\n_frq_2.py,n_frq,95,n_frq,2,2,5,2,0.5,0.5,0.7,0.6,1.0,0.5,48.299999,40,12,46.000003,68.999999,21.433335,1,1,1095,0,ilp_v4,optimal,1,42.965958,48.120661,0.89288,0.187998,0.0,,0.187998,0.214147,3,0,0
n_frq\set95\n_frq_2.py,n_frq,95,n_frq,2,2,5,2,0.5,0.5,0.7,0.6,1.0,0.5,48.299999,40,12,46.000003,68.999999,21.433335,1,1,1095,0,greedy_sps_baseline,solved,1,9.682946,48.293264,0.200503,0.001556,,,0.001556,0.001703,3,0,0
n_frq\set95\n_frq_3.py,n_frq,95,n_frq,3,2,5,3,0.5,0.5,0.7,0.6,1.0,0.5,48.299998,40,10,46.000002,68.999998,21.433334,1,1,1095,0,ilp_v2,optimal,1,46.090722,47.884855,0.962532,0.016739,0.0,,0.016739,0.017167,3,0,0
n_frq\set95\n_frq_3.py,n_frq,95,n_frq,3,2,5,3,0.5,0.5,0.7,0.6,1.0,0.5,48.299998,40,10,46.000002,68.999998,21.433334,1,1,1095,0,ilp_v3,optimal,1,44.79396,47.467879,0.943669,0.027047,0.0,,0.027047,0.028262,3,0,0
n_frq\set95\n_frq_3.py,n_frq,95,n_frq,3,2,5,3,0.5,0.5,0.7,0.6,1.0,0.5,48.299998,40,10,46.000002,68.999998,21.433334,1,1,1095,0,ilp_v4,optimal,1,46.090722,47.884855,0.962532,0.045355,0.0,,0.045355,0.045933,3,0,0
n_frq\set95\n_frq_3.py,n_frq,95,n_frq,3,2,5,3,0.5,0.5,0.7,0.6,1.0,0.5,48.299998,40,10,46.000002,68.999998,21.433334,1,1,1095,0,greedy_sps_baseline,solved,1,9.369805,48.25003,0.194193,0.001472,,,0.001472,0.001651,3,0,0
n_frq\set95\n_frq_5.py,n_frq,95,n_frq,5,2,5,5,0.5,0.5,0.7,0.6,1.0,0.5,48.299995,40,12,45.999999,68.999993,21.433333,1,1,1095,0,ilp_v2,optimal,1,51.491307,48.246719,1.06725,0.037127,0.0,,0.037127,0.045414,3,0,0
n_frq\set95\n_frq_5.py,n_frq,95,n_frq,5,2,5,5,0.5,0.5,0.7,0.6,1.0,0.5,48.299995,40,12,45.999999,68.999993,21.433333,1,1,1095,0,ilp_v3,optimal,1,54.029745,48.183831,1.121325,0.028395,0.0,,0.028395,0.031812,3,0,0
n_frq\set95\n_frq_5.py,n_frq,95,n_frq,5,2,5,5,0.5,0.5,0.7,0.6,1.0,0.5,48.299995,40,12,45.999999,68.999993,21.433333,1,1,1095,0,ilp_v4,optimal,1,54.029745,48.224975,1.120369,0.109648,0.0,,0.109648,0.130301,3,0,0
n_frq\set95\n_frq_5.py,n_frq,95,n_frq,5,2,5,5,0.5,0.5,0.7,0.6,1.0,0.5,48.299995,40,12,45.999999,68.999993,21.433333,1,1,1095,0,greedy_sps_baseline,solved,1,9.079821,48.285806,0.188043,0.002523,,,0.002523,0.004365,3,0,0
n_frq\set95\n_frq_8.py,n_frq,95,n_frq,8,2,5,8,0.5,0.5,0.7,0.6,1.0,0.5,48.299998,40,11,46.0,68.999997,21.4,1,1,1095,0,ilp_v2,optimal,1,55.082032,48.190553,1.143005,0.207593,0.0,,0.207593,0.245567,3,0,0
n_frq\set95\n_frq_8.py,n_frq,95,n_frq,8,2,5,8,0.5,0.5,0.7,0.6,1.0,0.5,48.299998,40,11,46.0,68.999997,21.4,1,1,1095,0,ilp_v3,optimal,1,55.835133,48.164747,1.159253,0.11646,0.0,,0.11646,0.130568,3,0,0
n_frq\set95\n_frq_8.py,n_frq,95,n_frq,8,2,5,8,0.5,0.5,0.7,0.6,1.0,0.5,48.299998,40,11,46.0,68.999997,21.4,1,1,1095,0,ilp_v4,optimal,1,58.69647,47.996174,1.222941,0.094531,0.0,,0.094531,0.104164,3,0,0
n_frq\set95\n_frq_8.py,n_frq,95,n_frq,8,2,5,8,0.5,0.5,0.7,0.6,1.0,0.5,48.299998,40,11,46.0,68.999997,21.4,1,1,1095,0,greedy_sps_baseline,solved,1,9.23396,48.208636,0.191542,0.001314,,,0.001314,0.001413,3,0,0
n_frq\set95\n_frq_12.py,n_frq,95,n_frq,12,2,5,12,0.5,0.5,0.7,0.6,1.0,0.5,48.300002,40,13,45.999998,69.000003,21.399999,1,1,1095,0,ilp_v2,optimal,1,81.429163,48.275817,1.686749,0.035991,0.0,,0.035991,0.03642,3,0,0
n_frq\set95\n_frq_12.py,n_frq,95,n_frq,12,2,5,12,0.5,0.5,0.7,0.6,1.0,0.5,48.300002,40,13,45.999998,69.000003,21.399999,1,1,1095,0,ilp_v3,optimal,1,81.429163,47.721251,1.70635,0.032411,0.0,,0.032411,0.035282,3,0,0
n_frq\set95\n_frq_12.py,n_frq,95,n_frq,12,2,5,12,0.5,0.5,0.7,0.6,1.0,0.5,48.300002,40,13,45.999998,69.000003,21.399999,1,1,1095,0,ilp_v4,optimal,1,81.429163,48.275817,1.686749,0.100501,0.0,,0.100501,0.106641,3,0,0
n_frq\set95\n_frq_12.py,n_frq,95,n_frq,12,2,5,12,0.5,0.5,0.7,0.6,1.0,0.5,48.300002,40,13,45.999998,69.000003,21.399999,1,1,1095,0,greedy_sps_baseline,solved,1,9.1199,48.226199,0.189107,0.001609,,,0.001609,0.001651,3,0,0
n_frq\set96\n_frq_2.py,n_frq,96,n_frq,2,2,5,2,0.5,0.5,0.7,0.6,1.0,0.5,48.3,40,11,46.0,69.0,24.4,1,1,1096,0,ilp_v2,optimal,1,58.340981,48.294613,1.208023,0.017558,0.0,,0.017558,0.02098,3,0,0
n_frq\set96\n_frq_2.py,n_frq,96,n_frq,2,2,5,2,0.5,0.5,0.7,0.6,1.0,0.5,48.3,40,11,46.0,69.0,24.4,1,1,1096,0,ilp_v3,optimal,1,53.369076,48.143121,1.10855,0.045516,0.0,,0.045516,0.046331,3,0,0
n_frq\set96\n_frq_2.py,n_frq,96,n_frq,2,2,5,2,0.5,0.5,0.7,0.6,1.0,0.5,48.3,40,11,46.0,69.0,24.4,1,1,1096,0,ilp_v4,optimal,1,58.785646,48.296344,1.217186,0.090752,0.0,,0.090752,0.096087,3,0,0
n_frq\set96\n_frq_2.py,n_frq,96,n_frq,2,2,5,2,0.5,0.5,0.7,0.6,1.0,0.5,48.3,40,11,46.0,69.0,24.4,1,1,1096,0,greedy_sps_baseline,solved,1,9.671602,48.296771,0.200254,0.001011,,,0.001011,0.001176,3,0,0
n_frq\set96\n_frq_3.py,n_frq,96,n_frq,3,2,5,3,0.5,0.5,0.7,0.6,1.0,0.5,48.299998,40,10,46.0,68.999997,22.042857,1,1,1096,0,ilp_v2,optimal,1,60.387984,48.161706,1.253859,0.021078,0.0,,0.021078,0.021921,3,0,0
n_frq\set96\n_frq_3.py,n_frq,96,n_frq,3,2,5,3,0.5,0.5,0.7,0.6,1.0,0.5,48.299998,40,10,46.0,68.999997,22.042857,1,1,1096,0,ilp_v3,optimal,1,50.74255,48.271694,1.051186,0.025513,0.0,,0.025513,0.027534,3,0,0
n_frq\set96\n_frq_3.py,n_frq,96,n_frq,3,2,5,3,0.5,0.5,0.7,0.6,1.0,0.5,48.299998,40,10,46.0,68.999997,22.042857,1,1,1096,0,ilp_v4,optimal,1,70.130435,48.220147,1.45438,0.055945,0.0,,0.055945,0.058967,3,0,0
n_frq\set96\n_frq_3.py,n_frq,96,n_frq,3,2,5,3,0.5,0.5,0.7,0.6,1.0,0.5,48.299998,40,10,46.0,68.999997,22.042857,1,1,1096,0,greedy_sps_baseline,solved,1,7.094949,48.05529,0.147641,0.001395,,,0.001395,0.001511,3,0,0
n_frq\set96\n_frq_5.py,n_frq,96,n_frq,5,2,5,5,0.5,0.5,0.7,0.6,1.0,0.5,48.299999,40,11,46.0,68.999999,22.042857,1,1,1096,0,ilp_v2,optimal,1,67.413374,48.261899,1.396824,0.025198,0.0,,0.025198,0.026158,3,0,0
n_frq\set96\n_frq_5.py,n_frq,96,n_frq,5,2,5,5,0.5,0.5,0.7,0.6,1.0,0.5,48.299999,40,11,46.0,68.999999,22.042857,1,1,1096,0,ilp_v3,optimal,1,52.323891,47.833035,1.093886,0.128921,0.0,,0.128921,0.131655,3,0,0
n_frq\set96\n_frq_5.py,n_frq,96,n_frq,5,2,5,5,0.5,0.5,0.7,0.6,1.0,0.5,48.299999,40,11,46.0,68.999999,22.042857,1,1,1096,0,ilp_v4,optimal,1,71.863133,48.244001,1.489577,0.06844,0.0,,0.06844,0.071135,3,0,0
n_frq\set96\n_frq_5.py,n_frq,96,n_frq,5,2,5,5,0.5,0.5,0.7,0.6,1.0,0.5,48.299999,40,11,46.0,68.999999,22.042857,1,1,1096,0,greedy_sps_baseline,solved,1,9.091155,48.291914,0.188254,0.001196,,,0.001196,0.001353,3,0,0
n_frq\set96\n_frq_8.py,n_frq,96,n_frq,8,2,5,8,0.5,0.5,0.7,0.6,1.0,0.5,48.300006,40,13,46.000005,69.000008,22.000002,1,1,1096,0,ilp_v2,optimal,1,71.625879,48.219613,1.48541,0.0647,0.0,,0.0647,0.066226,3,0,0
n_frq\set96\n_frq_8.py,n_frq,96,n_frq,8,2,5,8,0.5,0.5,0.7,0.6,1.0,0.5,48.300006,40,13,46.000005,69.000008,22.000002,1,1,1096,0,ilp_v3,optimal,1,75.324814,47.797581,1.575913,0.052142,0.0,,0.052142,0.053477,3,0,0
n_frq\set96\n_frq_8.py,n_frq,96,n_frq,8,2,5,8,0.5,0.5,0.7,0.6,1.0,0.5,48.300006,40,13,46.000005,69.000008,22.000002,1,1,1096,0,ilp_v4,optimal,1,75.324814,48.203143,1.562654,0.132887,0.0,,0.132887,0.143921,3,0,0
n_frq\set96\n_frq_8.py,n_frq,96,n_frq,8,2,5,8,0.5,0.5,0.7,0.6,1.0,0.5,48.300006,40,13,46.000005,69.000008,22.000002,1,1,1096,0,greedy_sps_baseline,solved,1,9.407264,48.234001,0.195034,0.001555,,,0.001555,0.002177,3,0,0
n_frq\set96\n_frq_12.py,n_frq,96,n_frq,12,2,5,12,0.5,0.5,0.7,0.6,1.0,0.5,48.300001,40,9,45.999999,69.000001,21.399999,1,1,1096,0,ilp_v2,optimal,1,53.763545,48.299054,1.113139,0.043848,0.0,,0.043848,0.047615,3,0,0
n_frq\set96\n_frq_12.py,n_frq,96,n_frq,12,2,5,12,0.5,0.5,0.7,0.6,1.0,0.5,48.300001,40,9,45.999999,69.000001,21.399999,1,1,1096,0,ilp_v3,optimal,1,53.763545,48.299054,1.113139,0.042876,0.0,,0.042876,0.050337,3,0,0
n_frq\set96\n_frq_12.py,n_frq,96,n_frq,12,2,5,12,0.5,0.5,0.7,0.6,1.0,0.5,48.300001,40,9,45.999999,69.000001,21.399999,1,1,1096,0,ilp_v4,optimal,1,54.925633,48.241604,1.138553,0.033443,0.0,,0.033443,0.03546,3,0,0
n_frq\set96\n_frq_12.py,n_frq,96,n_frq,12,2,5,12,0.5,0.5,0.7,0.6,1.0,0.5,48.300001,40,9,45.999999,69.000001,21.399999,1,1,1096,0,greedy_sps_baseline,solved,1,5.979975,48.009212,0.124559,0.000953,,,0.000953,0.001092,3,0,0
n_frq\set97\n_frq_2.py,n_frq,97,n_frq,2,2,5,2,0.5,0.5,0.7,0.6,1.0,0.5,48.299998,40,10,45.999999,68.999997,22.042857,1,1,1097,0,ilp_v2,optimal,1,43.184157,48.27771,0.894495,0.021023,0.0,,0.021023,0.022961,3,0,0
n_frq\set97\n_frq_2.py,n_frq,97,n_frq,2,2,5,2,0.5,0.5,0.7,0.6,1.0,0.5,48.299998,40,10,45.999999,68.999997,22.042857,1,1,1097,0,ilp_v3,optimal,1,43.184157,48.27771,0.894495,0.02083,0.0,,0.02083,0.025217,3,0,0
n_frq\set97\n_frq_2.py,n_frq,97,n_frq,2,2,5,2,0.5,0.5,0.7,0.6,1.0,0.5,48.299998,40,10,45.999999,68.999997,22.042857,1,1,1097,0,ilp_v4,optimal,1,43.184157,48.27771,0.894495,0.048022,0.0,,0.048022,0.051998,3,0,0
n_frq\set97\n_frq_2.py,n_frq,97,n_frq,2,2,5,2,0.5,0.5,0.7,0.6,1.0,0.5,48.299998,40,10,45.999999,68.999997,22.042857,1,1,1097,0,greedy_sps_baseline,solved,1,9.15484,48.211327,0.18989,0.0014,,,0.0014,0.001784,3,0,0
n_frq\set97\n_frq_3.py,n_frq,97,n_frq,3,2,5,3,0.5,0.5,0.7,0.6,1.0,0.5,48.299994,40,10,45.999998,68.999991,22.042856,1,1,1097,0,ilp_v2,optimal,1,29.759695,47.833745,0.622149,0.011254,0.0,,0.011254,0.012653,3,0,0
n_frq\set97\n_frq_3.py,n_frq,97,n_frq,3,2,5,3,0.5,0.5,0.7,0.6,1.0,0.5,48.299994,40,10,45.999998,68.999991,22.042856,1,1,1097,0,ilp_v3,optimal,1,23.904481,48.06782,0.497307,0.01535,0.0,,0.01535,0.016492,3,0,0
n_frq\set97\n_frq_3.py,n_frq,97,n_frq,3,2,5,3,0.5,0.5,0.7,0.6,1.0,0.5,48.299994,40,10,45.999998,68.999991,22.042856,1,1,1097,0,ilp_v4,optimal,1,30.339895,48.132751,0.630338,0.036503,0.0,,0.036503,0.040214,3,0,0
n_frq\set97\n_frq_3.py,n_frq,97,n_frq,3,2,5,3,0.5,0.5,0.7,0.6,1.0,0.5,48.299994,40,10,45.999998,68.999991,22.042856,1,1,1097,0,greedy_sps_baseline,solved,1,4.746016,47.69746,0.099502,0.001369,,,0.001369,0.002101,3,0,0
n_frq\set97\n_frq_5.py,n_frq,97,n_frq,5,2,5,5,0.5,0.5,0.7,0.6,1.0,0.5,48.299998,40,9,45.999999,68.999998,22.042857,1,1,1097,0,ilp_v2,optimal,1,65.319046,47.5552,1.373542,0.023725,0.0,,0.023725,0.030256,3,0,0
n_frq\set97\n_frq_5.py,n_frq,97,n_frq,5,2,5,5,0.5,0.5,0.7,0.6,1.0,0.5,48.299998,40,9,45.999999,68.999998,22.042857,1,1,1097,0,ilp_v3,optimal,1,74.30626,48.235253,1.540497,0.020477,0.0,,0.020477,0.02436,3,0,0
n_frq\set97\n_frq_5.py,n_frq,97,n_frq,5,2,5,5,0.5,0.5,0.7,0.6,1.0,0.5,48.299998,40,9,45.999999,68.999998,22.042857,1,1,1097,0,ilp_v4,optimal,1,72.335656,48.18674,1.501153,0.094294,0.0,,0.094294,0.098997,3,0,0
n_frq\set97\n_frq_5.py,n_frq,97,n_frq,5,2,5,5,0.5,0.5,0.7,0.6,1.0,0.5,48.299998,40,9,45.999999,68.999998,22.042857,1,1,1097,0,greedy_sps_baseline,solved,1,7.552655,47.934345,0.157562,0.001039,,,0.001039,0.001302,3,0,0
n_frq\set97\n_frq_8.py,n_frq,97,n_frq,8,2,5,8,0.5,0.5,0.7,0.6,1.0,0.5,48.299999,40,10,46.000002,68.999999,22.042858,1,1,1097,0,ilp_v2,optimal,1,44.899696,47.285485,0.949545,0.032428,0.0,,0.032428,0.032837,3,0,0
n_frq\set97\n_frq_8.py,n_frq,97,n_frq,8,2,5,8,0.5,0.5,0.7,0.6,1.0,0.5,48.299999,40,10,46.000002,68.999999,22.042858,1,1,1097,0,ilp_v3,optimal,1,41.625545,48.25845,0.862555,0.155286,0.0,,0.155286,0.168898,3,0,0
n_frq\set97\n_frq_8.py,n_frq,97,n_frq,8,2,5,8,0.5,0.5,0.7,0.6,1.0,0.5,48.299999,40,10,46.000002,68.999999,22.042858,1,1,1097,0,ilp_v4,optimal,1,44.899696,47.285485,0.949545,0.053452,0.0,,0.053452,0.063579,3,0,0
n_frq\set97\n_frq_8.py,n_frq,97,n_frq,8,2,5,8,0.5,0.5,0.7,0.6,1.0,0.5,48.299999,40,10,46.000002,68.999999,22.042858,1,1,1097,0,greedy_sps_baseline,solved,1,5.694321,48.101685,0.118381,0.001049,,,0.001049,0.001168,3,0,0
n_frq\set97\n_frq_12.py,n_frq,97,n_frq,12,2,5,12,0.5,0.5,0.7,0.6,1.0,0.5,48.300001,40,10,45.999999,69.000001,21.999999,1,1,1097,0,ilp_v2,optimal,1,77.106632,47.936496,1.608516,0.016972,0.0,,0.016972,0.017174,3,0,0
n_frq\set97\n_frq_12.py,n_frq,97,n_frq,12,2,5,12,0.5,0.5,0.7,0.6,1.0,0.5,48.300001,40,10,45.999999,69.000001,21.999999,1,1,1097,0,ilp_v3,optimal,1,77.106632,47.936496,1.608516,0.016738,0.0,,0.016738,0.024382,3,0,0
n_frq\set97\n_frq_12.py,n_frq,97,n_frq,12,2,5,12,0.5,0.5,0.7,0.6,1.0,0.5,48.300001,40,10,45.999999,69.000001,21.999999,1,1,1097,0,ilp_v4,optimal,1,77.106632,48.253243,1.597958,0.045869,0.0,,0.045869,0.072671,3,0,0
n_frq\set97\n_frq_12.py,n_frq,97,n_frq,12,2,5,12,0.5,0.5,0.7,0.6,1.0,0.5,48.300001,40,10,45.999999,69.000001,21.999999,1,1,1097,0,greedy_sps_baseline,solved,1,8.416377,48.27411,0.174346,0.000796,,,0.000796,0.000919,3,0,0
n_frq\set98\n_frq_2.py,n_frq,98,n_frq,2,2,5,2,0.5,0.5,0.7,0.6,1.0,0.5,48.299999,40,9,46.0,68.999999,21.4,1,1,1098,0,ilp_v2,optimal,1,41.65117,47.902958,0.869491,0.005411,0.0,,0.005411,0.007488,3,0,0
n_frq\set98\n_frq_2.py,n_frq,98,n_frq,2,2,5,2,0.5,0.5,0.7,0.6,1.0,0.5,48.299999,40,9,46.0,68.999999,21.4,1,1,1098,0,ilp_v3,optimal,1,41.65117,47.902958,0.869491,0.006416,0.0,,0.006416,0.007085,3,0,0
n_frq\set98\n_frq_2.py,n_frq,98,n_frq,2,2,5,2,0.5,0.5,0.7,0.6,1.0,0.5,48.299999,40,9,46.0,68.999999,21.4,1,1,1098,0,ilp_v4,optimal,1,41.65117,47.902958,0.869491,0.016274,0.0,,0.016274,0.016577,3,0,0
n_frq\set98\n_frq_2.py,n_frq,98,n_frq,2,2,5,2,0.5,0.5,0.7,0.6,1.0,0.5,48.299999,40,9,46.0,68.999999,21.4,1,1,1098,0,greedy_sps_baseline,solved,1,7.254976,47.952682,0.151294,0.001077,,,0.001077,0.001216,3,0,0
n_frq\set98\n_frq_3.py,n_frq,98,n_frq,3,2,5,3,0.5,0.5,0.7,0.6,1.0,0.5,48.299999,40,9,46.0,68.999999,21.4,1,1,1098,0,ilp_v2,optimal,1,47.780307,48.293494,0.989374,0.007309,0.0,,0.007309,0.00935,3,0,0
n_frq\set98\n_frq_3.py,n_frq,98,n_frq,3,2,5,3,0.5,0.5,0.7,0.6,1.0,0.5,48.299999,40,9,46.0,68.999999,21.4,1,1,1098,0,ilp_v3,optimal,1,47.780307,48.293494,0.989374,0.008065,0.0,,0.008065,0.009323,3,0,0
n_frq\set98\n_frq_3.py,n_frq,98,n_frq,3,2,5,3,0.5,0.5,0.7,0.6,1.0,0.5,48.299999,40,9,46.0,68.999999,21.4,1,1,1098,0,ilp_v4,optimal,1,46.472207,47.963097,0.968916,0.044492,0.0,,0.044492,0.052904,3,0,0
n_frq\set98\n_frq_3.py,n_frq,98,n_frq,3,2,5,3,0.5,0.5,0.7,0.6,1.0,0.5,48.299999,40,9,46.0,68.999999,21.4,1,1,1098,0,greedy_sps_baseline,solved,1,7.254976,47.952682,0.151294,0.000961,,,0.000961,0.001138,3,0,0
n_frq\set98\n_frq_5.py,n_frq,98,n_frq,5,2,5,5,0.5,0.5,0.7,0.6,1.0,0.5,48.3,40,15,46.000001,69.0,21.400001,1,1,1098,0,ilp_v2,optimal,1,69.968947,48.258155,1.449889,0.05365,0.0,,0.05365,0.055897,3,0,0
n_frq\set98\n_frq_5.py,n_frq,98,n_frq,5,2,5,5,0.5,0.5,0.7,0.6,1.0,0.5,48.3,40,15,46.000001,69.0,21.400001,1,1,1098,0,ilp_v3,optimal,1,70.490809,48.17075,1.463353,0.041222,0.0,,0.041222,0.045486,3,0,0
n_frq\set98\n_frq_5.py,n_frq,98,n_frq,5,2,5,5,0.5,0.5,0.7,0.6,1.0,0.5,48.3,40,15,46.000001,69.0,21.400001,1,1,1098,0,ilp_v4,optimal,1,71.13127,48.258046,1.473977,0.154269,0.0,,0.154269,0.179619,3,0,0
n_frq\set98\n_frq_5.py,n_frq,98,n_frq,5,2,5,5,0.5,0.5,0.7,0.6,1.0,0.5,48.3,40,15,46.000001,69.0,21.400001,1,1,1098,0,greedy_sps_baseline,solved,1,7.991465,48.094382,0.166162,0.001246,,,0.001246,0.001813,3,0,0
n_frq\set98\n_frq_8.py,n_frq,98,n_frq,8,2,5,8,0.5,0.5,0.7,0.6,1.0,0.5,48.299998,40,12,45.999998,68.999998,21.399999,1,1,1098,0,ilp_v2,optimal,1,70.24713,48.291577,1.454646,0.020998,7.7e-05,,0.020998,0.030529,3,0,0
n_frq\set98\n_frq_8.py,n_frq,98,n_frq,8,2,5,8,0.5,0.5,0.7,0.6,1.0,0.5,48.299998,40,12,45.999998,68.999998,21.399999,1,1,1098,0,ilp_v3,optimal,1,71.984475,48.277665,1.491051,0.030889,0.0,,0.030889,0.031852,3,0,0
n_frq\set98\n_frq_8.py,n_frq,98,n_frq,8,2,5,8,0.5,0.5,0.7,0.6,1.0,0.5,48.299998,40,12,45.999998,68.999998,21.399999,1,1,1098,0,ilp_v4,optimal,1,72.496946,47.918306,1.512928,0.06077,0.0,,0.06077,0.07019,3,0,0
n_frq\set98\n_frq_8.py,n_frq,98,n_frq,8,2,5,8,0.5,0.5,0.7,0.6,1.0,0.5,48.299998,40,12,45.999998,68.999998,21.399999,1,1,1098,0,greedy_sps_baseline,solved,1,8.683187,48.131025,0.180407,0.00138,,,0.00138,0.001758,3,0,0
n_frq\set98\n_frq_12.py,n_frq,98,n_frq,12,2,5,12,0.5,0.5,0.7,0.6,1.0,0.5,48.300002,40,9,46.000001,69.000002,21.400001,1,1,1098,0,ilp_v2,optimal,1,80.740089,48.186564,1.675573,0.021075,0.0,,0.021075,0.031813,3,0,0
n_frq\set98\n_frq_12.py,n_frq,98,n_frq,12,2,5,12,0.5,0.5,0.7,0.6,1.0,0.5,48.300002,40,9,46.000001,69.000002,21.400001,1,1,1098,0,ilp_v3,optimal,1,68.196957,48.28585,1.412359,0.043182,0.0,,0.043182,0.04925,3,0,0
n_frq\set98\n_frq_12.py,n_frq,98,n_frq,12,2,5,12,0.5,0.5,0.7,0.6,1.0,0.5,48.300002,40,9,46.000001,69.000002,21.400001,1,1,1098,0,ilp_v4,optimal,1,89.116459,48.029156,1.855466,0.030546,0.0,,0.030546,0.031743,3,0,0
n_frq\set98\n_frq_12.py,n_frq,98,n_frq,12,2,5,12,0.5,0.5,0.7,0.6,1.0,0.5,48.300002,40,9,46.000001,69.000002,21.400001,1,1,1098,0,greedy_sps_baseline,solved,1,8.898734,48.19409,0.184644,0.000913,,,0.000913,0.001044,3,0,0
n_frq\set99\n_frq_2.py,n_frq,99,n_frq,2,2,5,2,0.5,0.5,0.7,0.6,1.0,0.5,48.299999,40,9,46.0,68.999999,21.433333,1,1,1099,0,ilp_v2,optimal,1,39.007513,48.288996,0.807793,0.03845,0.0,,0.03845,0.049339,3,0,0
n_frq\set99\n_frq_2.py,n_frq,99,n_frq,2,2,5,2,0.5,0.5,0.7,0.6,1.0,0.5,48.299999,40,9,46.0,68.999999,21.433333,1,1,1099,0,ilp_v3,optimal,1,52.396082,47.743839,1.097442,0.016687,0.0,,0.016687,0.017825,3,0,0
n_frq\set99\n_frq_2.py,n_frq,99,n_frq,2,2,5,2,0.5,0.5,0.7,0.6,1.0,0.5,48.299999,40,9,46.0,68.999999,21.433333,1,1,1099,0,ilp_v4,optimal,1,58.386698,48.279534,1.209347,0.061861,0.0,,0.061861,0.069524,3,0,0
n_frq\set99\n_frq_2.py,n_frq,99,n_frq,2,2,5,2,0.5,0.5,0.7,0.6,1.0,0.5,48.299999,40,9,46.0,68.999999,21.433333,1,1,1099,0,greedy_sps_baseline,solved,1,7.600065,48.122408,0.157932,0.001197,,,0.001197,0.001336,3,0,0
n_frq\set99\n_frq_3.py,n_frq,99,n_frq,3,2,5,3,0.5,0.5,0.7,0.6,1.0,0.5,48.299999,40,11,45.999998,68.999999,21.433332,1,1,1099,0,ilp_v2,optimal,1,54.509788,48.252626,1.129675,0.03999,0.0,,0.03999,0.042889,3,0,0
n_frq\set99\n_frq_3.py,n_frq,99,n_frq,3,2,5,3,0.5,0.5,0.7,0.6,1.0,0.5,48.299999,40,11,45.999998,68.999999,21.433332,1,1,1099,0,ilp_v3,optimal,1,63.988036,48.168732,1.328414,0.030054,0.0,,0.030054,0.032407,3,0,0
n_frq\set99\n_frq_3.py,n_frq,99,n_frq,3,2,5,3,0.5,0.5,0.7,0.6,1.0,0.5,48.299999,40,11,45.999998,68.999999,21.433332,1,1,1099,0,ilp_v4,optimal,1,62.739176,48.266891,1.299839,0.13035,0.0,,0.13035,0.141571,3,0,0
n_frq\set99\n_frq_3.py,n_frq,99,n_frq,3,2,5,3,0.5,0.5,0.7,0.6,1.0,0.5,48.299999,40,11,45.999998,68.999999,21.433332,1,1,1099,0,greedy_sps_baseline,solved,1,8.846647,48.08186,0.183991,0.001185,,,0.001185,0.00143,3,0,0
n_frq\set99\n_frq_5.py,n_frq,99,n_frq,5,2,5,5,0.5,0.5,0.7,0.6,1.0,0.5,48.299999,40,11,45.999998,68.999999,21.433332,1,1,1099,0,ilp_v2,optimal,1,62.627818,48.287832,1.296969,0.02147,0.0,,0.02147,0.022219,3,0,0
n_frq\set99\n_frq_5.py,n_frq,99,n_frq,5,2,5,5,0.5,0.5,0.7,0.6,1.0,0.5,48.299999,40,11,45.999998,68.999999,21.433332,1,1,1099,0,ilp_v3,optimal,1,67.484713,48.285213,1.397627,0.027659,0.0,,0.027659,0.030292,3,0,0
n_frq\set99\n_frq_5.py,n_frq,99,n_frq,5,2,5,5,0.5,0.5,0.7,0.6,1.0,0.5,48.299999,40,11,45.999998,68.999999,21.433332,1,1,1099,0,ilp_v4,optimal,1,68.733572,48.242657,1.424747,0.056312,0.0,,0.056312,0.058672,3,0,0
n_frq\set99\n_frq_5.py,n_frq,99,n_frq,5,2,5,5,0.5,0.5,0.7,0.6,1.0,0.5,48.299999,40,11,45.999998,68.999999,21.433332,1,1,1099,0,greedy_sps_baseline,solved,1,8.846647,48.08186,0.183991,0.001234,,,0.001234,0.001435,3,0,0
n_frq\set99\n_frq_8.py,n_frq,99,n_frq,8,2,5,8,0.5,0.5,0.7,0.6,1.0,0.5,48.300002,40,12,46.0,69.000002,21.4,1,1,1099,0,ilp_v2,optimal,1,38.044388,47.749794,0.796745,0.029056,0.0,,0.029056,0.029266,3,0,0
n_frq\set99\n_frq_8.py,n_frq,99,n_frq,8,2,5,8,0.5,0.5,0.7,0.6,1.0,0.5,48.300002,40,12,46.0,69.000002,21.4,1,1,1099,0,ilp_v3,optimal,1,34.619009,48.213862,0.71803,0.029625,0.0,,0.029625,0.031818,3,0,0
n_frq\set99\n_frq_8.py,n_frq,99,n_frq,8,2,5,8,0.5,0.5,0.7,0.6,1.0,0.5,48.300002,40,12,46.0,69.000002,21.4,1,1,1099,0,ilp_v4,optimal,1,38.702364,47.979003,0.806652,0.086281,0.0,,0.086281,0.096755,3,0,0
n_frq\set99\n_frq_8.py,n_frq,99,n_frq,8,2,5,8,0.5,0.5,0.7,0.6,1.0,0.5,48.300002,40,12,46.0,69.000002,21.4,1,1,1099,0,greedy_sps_baseline,solved,1,5.950153,48.183027,0.123491,0.001215,,,0.001215,0.001745,3,0,0
n_frq\set99\n_frq_12.py,n_frq,99,n_frq,12,2,5,12,0.5,0.5,0.7,0.6,1.0,0.5,48.299994,40,11,45.999998,68.999992,21.399999,1,1,1099,0,ilp_v2,optimal,1,71.224989,48.289095,1.47497,0.054573,1.5e-05,,0.054573,0.067123,3,0,0
n_frq\set99\n_frq_12.py,n_frq,99,n_frq,12,2,5,12,0.5,0.5,0.7,0.6,1.0,0.5,48.299994,40,11,45.999998,68.999992,21.399999,1,1,1099,0,ilp_v3,optimal,1,68.474035,47.874417,1.430284,0.09423,0.0,,0.09423,0.103283,3,0,0
n_frq\set99\n_frq_12.py,n_frq,99,n_frq,12,2,5,12,0.5,0.5,0.7,0.6,1.0,0.5,48.299994,40,11,45.999998,68.999992,21.399999,1,1,1099,0,ilp_v4,optimal,1,68.474035,48.05661,1.424862,0.103445,0.0,,0.103445,0.111707,3,0,0
n_frq\set99\n_frq_12.py,n_frq,99,n_frq,12,2,5,12,0.5,0.5,0.7,0.6,1.0,0.5,48.299994,40,11,45.999998,68.999992,21.399999,1,1,1099,0,greedy_sps_baseline,solved,1,7.796291,48.236951,0.161625,0.001224,,,0.001224,0.00141,3,0,0
