file,sweep,set,factor,value,n_prc,n_tsk,n_frq,u_mand_factor,u_opt_factor,rho,xi,U_M,U_O,B,H,J,e_mand_fmax,e_full_fmax,e_mand_min,feasible,donate_ok,seed,redraws,model,status,model_feasible,utility,energy,util_per_energy,runtime,gap,error,runtime_best,runtime_worst,repeats,censored,nondeterministic
u_opt_factor\set00\u_opt_factor_0.1.py,u_opt_factor,0,u_opt_factor,0.1,2,5,5,0.5,0.1,0.7,0.6,1.0,0.1,35.420002,40,13,46.000002,50.600003,22.042858,1,1,1000,0,ilp_v2,optimal,1,13.550035,34.394939,0.393954,0.006709,0.0,,0.006709,0.007383,3,0,0
u_opt_factor\set00\u_opt_factor_0.1.py,u_opt_factor,0,u_opt_factor,0.1,2,5,5,0.5,0.1,0.7,0.6,1.0,0.1,35.420002,40,13,46.000002,50.600003,22.042858,1,1,1000,0,ilp_v3,optimal,1,13.550035,35.098613,0.386056,0.006375,0.0,,0.006375,0.006579,3,0,0
u_opt_factor\set00\u_opt_factor_0.1.py,u_opt_factor,0,u_opt_factor,0.1,2,5,5,0.5,0.1,0.7,0.6,1.0,0.1,35.420002,40,13,46.000002,50.600003,22.042858,1,1,1000,0,ilp_v4,optimal,1,13.550035,31.061942,0.436226,0.033457,0.0,,0.033457,0.03641,3,0,0
u_opt_factor\set00\u_opt_factor_0.1.py,u_opt_factor,0,u_opt_factor,0.1,2,5,5,0.5,0.1,0.7,0.6,1.0,0.1,35.420002,40,13,46.000002,50.600003,22.042858,1,1,1000,0,greedy_sps_baseline,infeasible,0,,46.000002,,0.00036,,over budget: E=46.0000 > B=35.4200,0.00036,0.000634,3,0,0
u_opt_factor\set00\u_opt_factor_0.2.py,u_opt_factor,0,u_opt_factor,0.2,2,5,5,0.5,0.2,0.7,0.6,1.0,0.2,38.639998,40,13,46.000002,55.199997,22.042858,1,1,1000,0,ilp_v2,optimal,1,26.812352,38.152277,0.702772,0.0063,0.0,,0.0063,0.006819,3,0,0
u_opt_factor\set00\u_opt_factor_0.2.py,u_opt_factor,0,u_opt_factor,0.2,2,5,5,0.5,0.2,0.7,0.6,1.0,0.2,38.639998,40,13,46.000002,55.199997,22.042858,1,1,1000,0,ilp_v3,optimal,1,26.812352,36.657027,0.731438,0.006879,0.0,,0.006879,0.007575,3,0,0
u_opt_factor\set00\u_opt_factor_0.2.py,u_opt_factor,0,u_opt_factor,0.2,2,5,5,0.5,0.2,0.7,0.6,1.0,0.2,38.639998,40,13,46.000002,55.199997,22.042858,1,1,1000,0,ilp_v4,optimal,1,26.812352,34.991103,0.766262,0.035912,0.0,,0.035912,0.038789,3,0,0
u_opt_factor\set00\u_opt_factor_0.2.py,u_opt_factor,0,u_opt_factor,0.2,2,5,5,0.5,0.2,0.7,0.6,1.0,0.2,38.639998,40,13,46.000002,55.199997,22.042858,1,1,1000,0,greedy_sps_baseline,infeasible,0,,46.000002,,0.00033,,over budget: E=46.0000 > B=38.6400,0.00033,0.000441,3,0,0
u_opt_factor\set00\u_opt_factor_0.3.py,u_opt_factor,0,u_opt_factor,0.3,2,5,5,0.5,0.3,0.7,0.6,1.0,0.3,41.860003,40,13,46.000002,59.800005,22.042858,1,1,1000,0,ilp_v2,optimal,1,40.051745,41.802031,0.958129,0.006212,0.0,,0.006212,0.006661,3,0,0
u_opt_factor\set00\u_opt_factor_0.3.py,u_opt_factor,0,u_opt_factor,0.3,2,5,5,0.5,0.3,0.7,0.6,1.0,0.3,41.860003,40,13,46.000002,59.800005,22.042858,1,1,1000,0,ilp_v3,optimal,1,40.051745,41.20702,0.971964,0.008731,0.0,,0.008731,0.009179,3,0,0
u_opt_factor\set00\u_opt_factor_0.3.py,u_opt_factor,0,u_opt_factor,0.3,2,5,5,0.5,0.3,0.7,0.6,1.0,0.3,41.860003,40,13,46.000002,59.800005,22.042858,1,1,1000,0,ilp_v4,optimal,1,40.051745,41.802031,0.958129,0.037945,0.0,,0.037945,0.038347,3,0,0
u_opt_factor\set00\u_opt_factor_0.3.py,u_opt_factor,0,u_opt_factor,0.3,2,5,5,0.5,0.3,0.7,0.6,1.0,0.3,41.860003,40,13,46.000002,59.800005,22.042858,1,1,1000,0,greedy_sps_baseline,infeasible,0,,46.000002,,0.000334,,over budget: E=46.0000 > B=41.8600,0.000334,0.000421,3,0,0
u_opt_factor\set00\u_opt_factor_0.4.py,u_opt_factor,0,u_opt_factor,0.4,2,5,5,0.5,0.4,0.7,0.6,1.0,0.4,45.080004,40,13,46.000002,64.400006,22.042858,1,1,1000,0,ilp_v2,optimal,1,53.291113,45.05832,1.182714,0.008007,0.0,,0.008007,0.008466,3,0,0
u_opt_factor\set00\u_opt_factor_0.4.py,u_opt_factor,0,u_opt_factor,0.4,2,5,5,0.5,0.4,0.7,0.6,1.0,0.4,45.080004,40,13,46.000002,64.400006,22.042858,1,1,1000,0,ilp_v3,optimal,1,53.291113,44.589991,1.195136,0.006672,0.0,,0.006672,0.007679,3,0,0
u_opt_factor\set00\u_opt_factor_0.4.py,u_opt_factor,0,u_opt_factor,0.4,2,5,5,0.5,0.4,0.7,0.6,1.0,0.4,45.080004,40,13,46.000002,64.400006,22.042858,1,1,1000,0,ilp_v4,optimal,1,53.291113,45.02093,1.183696,0.059176,0.0,,0.059176,0.064789,3,0,0
u_opt_factor\set00\u_opt_factor_0.4.py,u_opt_factor,0,u_opt_factor,0.4,2,5,5,0.5,0.4,0.7,0.6,1.0,0.4,45.080004,40,13,46.000002,64.400006,22.042858,1,1,1000,0,greedy_sps_baseline,infeasible,0,,46.000002,,0.000333,,over budget: E=46.0000 > B=45.0800,0.000333,0.000431,3,0,0
u_opt_factor\set00\u_opt_factor_0.5.py,u_opt_factor,0,u_opt_factor,0.5,2,5,5,0.5,0.5,0.7,0.6,1.0,0.5,48.300003,40,13,46.000002,69.000005,22.042858,1,1,1000,0,ilp_v2,optimal,1,64.70866,48.292486,1.339932,0.025507,0.0,,0.025507,0.027978,3,0,0
u_opt_factor\set00\u_opt_factor_0.5.py,u_opt_factor,0,u_opt_factor,0.5,2,5,5,0.5,0.5,0.7,0.6,1.0,0.5,48.300003,40,13,46.000002,69.000005,22.042858,1,1,1000,0,ilp_v3,optimal,1,61.915628,47.940817,1.291501,0.056503,0.0,,0.056503,0.058281,3,0,0
u_opt_factor\set00\u_opt_factor_0.5.py,u_opt_factor,0,u_opt_factor,0.5,2,5,5,0.5,0.5,0.7,0.6,1.0,0.5,48.300003,40,13,46.000002,69.000005,22.042858,1,1,1000,0,ilp_v4,optimal,1,67.365432,47.602778,1.415158,0.060108,0.0,,0.060108,0.068627,3,0,0
u_opt_factor\set00\u_opt_factor_0.5.py,u_opt_factor,0,u_opt_factor,0.5,2,5,5,0.5,0.5,0.7,0.6,1.0,0.5,48.300003,40,13,46.000002,69.000005,22.042858,1,1,1000,0,greedy_sps_baseline,solved,1,8.364274,48.284027,0.173231,0.000889,,,0.000889,0.001,3,0,0
u_opt_factor\set00\u_opt_factor_0.6.py,u_opt_factor,0,u_opt_factor,0.6,2,5,5,0.5,0.6,0.7,0.6,1.0,0.6,51.520002,40,13,46.000002,73.600002,22.042858,1,1,1000,0,ilp_v2,optimal,1,74.015992,51.487428,1.437555,0.074191,0.0,,0.074191,0.07665,3,0,0
u_opt_factor\set00\u_opt_factor_0.6.py,u_opt_factor,0,u_opt_factor,0.6,2,5,5,0.5,0.6,0.7,0.6,1.0,0.6,51.520002,40,13,46.000002,73.600002,22.042858,1,1,1000,0,ilp_v3,optimal,1,72.051897,51.424945,1.401108,0.077302,0.0,,0.077302,0.085245,3,0,0
u_opt_factor\set00\u_opt_factor_0.6.py,u_opt_factor,0,u_opt_factor,0.6,2,5,5,0.5,0.6,0.7,0.6,1.0,0.6,51.520002,40,13,46.000002,73.600002,22.042858,1,1,1000,0,ilp_v4,optimal,1,75.15186,51.499561,1.459272,0.134289,0.0,,0.134289,0.144897,3,0,0
u_opt_factor\set00\u_opt_factor_0.6.py,u_opt_factor,0,u_opt_factor,0.6,2,5,5,0.5,0.6,0.7,0.6,1.0,0.6,51.520002,40,13,46.000002,73.600002,22.042858,1,1,1000,0,greedy_sps_baseline,solved,1,19.675249,51.371908,0.382996,0.001205,,,0.001205,0.001327,3,0,0
u_opt_factor\set00\u_opt_factor_0.7.py,u_opt_factor,0,u_opt_factor,0.7,2,5,5,0.5,0.7,0.7,0.6,1.0,0.7,54.740004,40,13,46.000002,78.200006,22.042858,1,1,1000,0,ilp_v2,optimal,1,81.036515,54.72604,1.480767,0.069681,0.0,,0.069681,0.076735,3,0,0
u_opt_factor\set00\u_opt_factor_0.7.py,u_opt_factor,0,u_opt_factor,0.7,2,5,5,0.5,0.7,0.7,0.6,1.0,0.7,54.740004,40,13,46.000002,78.200006,22.042858,1,1,1000,0,ilp_v3,optimal,1,79.586159,54.732421,1.454095,0.191462,0.0,,0.191462,0.210606,3,0,0
u_opt_factor\set00\u_opt_factor_0.7.py,u_opt_factor,0,u_opt_factor,0.7,2,5,5,0.5,0.7,0.7,0.6,1.0,0.7,54.740004,40,13,46.000002,78.200006,22.042858,1,1,1000,0,ilp_v4,optimal,1,85.287493,54.732135,1.558271,0.255701,0.0,,0.255701,0.270457,3,0,0
u_opt_factor\set00\u_opt_factor_0.7.py,u_opt_factor,0,u_opt_factor,0.7,2,5,5,0.5,0.7,0.7,0.6,1.0,0.7,54.740004,40,13,46.000002,78.200006,22.042858,1,1,1000,0,greedy_sps_baseline,solved,1,32.177494,54.693149,0.588328,0.001481,,,0.001481,0.001601,3,0,0
u_opt_factor\set00\u_opt_factor_0.8.py,u_opt_factor,0,u_opt_factor,0.8,2,5,5,0.5,0.8,0.7,0.6,1.0,0.8,57.96,40,13,46.000002,82.8,22.042858,1,1,1000,0,ilp_v2,optimal,1,89.477881,57.706728,1.550562,0.123378,0.0,,0.123378,0.125741,3,0,0
u_opt_factor\set00\u_opt_factor_0.8.py,u_opt_factor,0,u_opt_factor,0.8,2,5,5,0.5,0.8,0.7,0.6,1.0,0.8,57.96,40,13,46.000002,82.8,22.042858,1,1,1000,0,ilp_v3,optimal,1,91.436456,57.894137,1.579373,0.016142,0.0,,0.016142,0.017131,3,0,0
u_opt_factor\set00\u_opt_factor_0.8.py,u_opt_factor,0,u_opt_factor,0.8,2,5,5,0.5,0.8,0.7,0.6,1.0,0.8,57.96,40,13,46.000002,82.8,22.042858,1,1,1000,0,ilp_v4,optimal,1,93.106959,57.94095,1.606928,0.277117,0.0,,0.277117,0.286523,3,0,0
u_opt_factor\set00\u_opt_factor_0.8.py,u_opt_factor,0,u_opt_factor,0.8,2,5,5,0.5,0.8,0.7,0.6,1.0,0.8,57.96,40,13,46.000002,82.8,22.042858,1,1,1000,0,greedy_sps_baseline,solved,1,44.034505,57.916569,0.760309,0.001711,,,0.001711,0.001822,3,0,0
u_opt_factor\set00\u_opt_factor_0.9.py,u_opt_factor,0,u_opt_factor,0.9,2,5,5,0.5,0.9,0.7,0.6,1.0,0.9,61.18,40,13,46.000002,87.4,22.042858,1,1,1000,0,ilp_v2,optimal,1,95.917271,61.179017,1.567813,0.151463,0.0,,0.151463,0.16177,3,0,0
u_opt_factor\set00\u_opt_factor_0.9.py,u_opt_factor,0,u_opt_factor,0.9,2,5,5,0.5,0.9,0.7,0.6,1.0,0.9,61.18,40,13,46.000002,87.4,22.042858,1,1,1000,0,ilp_v3,optimal,1,97.920146,61.119495,1.60211,0.159547,0.0,,0.159547,0.164635,3,0,0
u_opt_factor\set00\u_opt_factor_0.9.py,u_opt_factor,0,u_opt_factor,0.9,2,5,5,0.5,0.9,0.7,0.6,1.0,0.9,61.18,40,13,46.000002,87.4,22.042858,1,1,1000,0,ilp_v4,optimal,1,100.393029,61.169916,1.641216,0.233463,0.0,,0.233463,0.240428,3,0,0
u_opt_factor\set00\u_opt_factor_0.9.py,u_opt_factor,0,u_opt_factor,0.9,2,5,5,0.5,0.9,0.7,0.6,1.0,0.9,61.18,40,13,46.000002,87.4,22.042858,1,1,1000,0,greedy_sps_baseline,solved,1,53.754276,60.686151,0.885775,0.00249,,,0.00249,0.002603,3,0,0
u_opt_factor\set01\u_opt_factor_0.1.py,u_opt_factor,1,u_opt_factor,0.1,2,5,5,0.5,0.1,0.7,0.6,1.0,0.1,35.419999,40,13,46.000002,50.599999,21.433334,1,1,1001,0,ilp_v2,optimal,1,10.912391,35.19569,0.310049,0.006907,0.0,,0.006907,0.007359,3,0,0
u_opt_factor\set01\u_opt_factor_0.1.py,u_opt_factor,1,u_opt_factor,0.1,2,5,5,0.5,0.1,0.7,0.6,1.0,0.1,35.419999,40,13,46.000002,50.599999,21.433334,1,1,1001,0,ilp_v3,optimal,1,10.912391,35.19569,0.310049,0.007112,0.0,,0.007112,0.007869,3,0,0
u_opt_factor\set01\u_opt_factor_0.1.py,u_opt_factor,1,u_opt_factor,0.1,2,5,5,0.5,0.1,0.7,0.6,1.0,0.1,35.419999,40,13,46.000002,50.599999,21.433334,1,1,1001,0,ilp_v4,optimal,1,10.912391,35.19569,0.310049,0.040973,0.0,,0.040973,0.044471,3,0,0
u_opt_factor\set01\u_opt_factor_0.1.py,u_opt_factor,1,u_opt_factor,0.1,2,5,5,0.5,0.1,0.7,0.6,1.0,0.1,35.419999,40,13,46.000002,50.599999,21.433334,1,1,1001,0,greedy_sps_baseline,infeasible,0,,46.000002,,0.000397,,over budget: E=46.0000 > B=35.4200,0.000397,0.000767,3,0,0
u_opt_factor\set01\u_opt_factor_0.2.py,u_opt_factor,1,u_opt_factor,0.2,2,5,5,0.5,0.2,0.7,0.6,1.0,0.2,38.640003,40,13,46.000002,55.200005,21.433334,1,1,1001,0,ilp_v2,optimal,1,21.165016,38.636762,0.547795,0.018602,0.0,,0.018602,0.020191,3,0,0
u_opt_factor\set01\u_opt_factor_0.2.py,u_opt_factor,1,u_opt_factor,0.2,2,5,5,0.5,0.2,0.7,0.6,1.0,0.2,38.640003,40,13,46.000002,55.200005,21.433334,1,1,1001,0,ilp_v3,optimal,1,21.165016,38.636762,0.547795,0.019321,0.0,,0.019321,0.020266,3,0,0
u_opt_factor\set01\u_opt_factor_0.2.py,u_opt_factor,1,u_opt_factor,0.2,2,5,5,0.5,0.2,0.7,0.6,1.0,0.2,38.640003,40,13,46.000002,55.200005,21.433334,1,1,1001,0,ilp_v4,optimal,1,21.824805,38.18737,0.571519,0.069985,0.0,,0.069985,0.077327,3,0,0
u_opt_factor\set01\u_opt_factor_0.2.py,u_opt_factor,1,u_opt_factor,0.2,2,5,5,0.5,0.2,0.7,0.6,1.0,0.2,38.640003,40,13,46.000002,55.200005,21.433334,1,1,1001,0,greedy_sps_baseline,infeasible,0,,46.000002,,0.00033,,over budget: E=46.0000 > B=38.6400,0.00033,0.000432,3,0,0
u_opt_factor\set01\u_opt_factor_0.3.py,u_opt_factor,1,u_opt_factor,0.3,2,5,5,0.5,0.3,0.7,0.6,1.0,0.3,41.860006,40,13,46.000002,59.800008,21.433334,1,1,1001,0,ilp_v2,optimal,1,30.10095,41.859825,0.719089,0.044404,3.9e-05,,0.044404,0.049469,3,0,0
u_opt_factor\set01\u_opt_factor_0.3.py,u_opt_factor,1,u_opt_factor,0.3,2,5,5,0.5,0.3,0.7,0.6,1.0,0.3,41.860006,40,13,46.000002,59.800008,21.433334,1,1,1001,0,ilp_v3,optimal,1,24.875884,41.853594,0.594355,0.124504,0.0,,0.124504,0.12653,3,0,0
u_opt_factor\set01\u_opt_factor_0.3.py,u_opt_factor,1,u_opt_factor,0.3,2,5,5,0.5,0.3,0.7,0.6,1.0,0.3,41.860006,40,13,46.000002,59.800008,21.433334,1,1,1001,0,ilp_v4,optimal,1,31.533984,41.859618,0.753327,0.115382,7.9e-05,,0.115382,0.125104,3,0,0
u_opt_factor\set01\u_opt_factor_0.3.py,u_opt_factor,1,u_opt_factor,0.3,2,5,5,0.5,0.3,0.7,0.6,1.0,0.3,41.860006,40,13,46.000002,59.800008,21.433334,1,1,1001,0,greedy_sps_baseline,infeasible,0,,46.000002,,0.000394,,over budget: E=46.0000 > B=41.8600,0.000394,0.000613,3,0,0
u_opt_factor\set01\u_opt_factor_0.4.py,u_opt_factor,1,u_opt_factor,0.4,2,5,5,0.5,0.4,0.7,0.6,1.0,0.4,45.079998,40,13,46.000002,64.399997,21.433334,1,1,1001,0,ilp_v2,optimal,1,37.287586,45.079639,0.827149,0.059178,0.0,,0.059178,0.063894,3,0,0
u_opt_factor\set01\u_opt_factor_0.4.py,u_opt_factor,1,u_opt_factor,0.4,2,5,5,0.5,0.4,0.7,0.6,1.0,0.4,45.079998,40,13,46.000002,64.399997,21.433334,1,1,1001,0,ilp_v3,optimal,1,35.55229,45.022216,0.789661,0.081094,0.0,,0.081094,0.086611,3,0,0
u_opt_factor\set01\u_opt_factor_0.4.py,u_opt_factor,1,u_opt_factor,0.4,2,5,5,0.5,0.4,0.7,0.6,1.0,0.4,45.079998,40,13,46.000002,64.399997,21.433334,1,1,1001,0,ilp_v4,optimal,1,39.148394,44.933568,0.871251,0.134791,0.0,,0.134791,0.147658,3,0,0
u_opt_factor\set01\u_opt_factor_0.4.py,u_opt_factor,1,u_opt_factor,0.4,2,5,5,0.5,0.4,0.7,0.6,1.0,0.4,45.079998,40,13,46.000002,64.399997,21.433334,1,1,1001,0,greedy_sps_baseline,infeasible,0,,46.000002,,0.000357,,over budget: E=46.0000 > B=45.0800,0.000357,0.000497,3,0,0
u_opt_factor\set01\u_opt_factor_0.5.py,u_opt_factor,1,u_opt_factor,0.5,2,5,5,0.5,0.5,0.7,0.6,1.0,0.5,48.300007,40,13,46.000002,69.00001,21.433334,1,1,1001,0,ilp_v2,optimal,1,44.434702,48.263013,0.920678,0.029683,0.0,,0.029683,0.031674,3,0,0
u_opt_factor\set01\u_opt_factor_0.5.py,u_opt_factor,1,u_opt_factor,0.5,2,5,5,0.5,0.5,0.7,0.6,1.0,0.5,48.300007,40,13,46.000002,69.00001,21.433334,1,1,1001,0,ilp_v3,optimal,1,38.281158,48.280096,0.792897,0.164042,0.0,,0.164042,0.176772,3,0,0
u_opt_factor\set01\u_opt_factor_0.5.py,u_opt_factor,1,u_opt_factor,0.5,2,5,5,0.5,0.5,0.7,0.6,1.0,0.5,48.300007,40,13,46.000002,69.00001,21.433334,1,1,1001,0,ilp_v4,optimal,1,45.172125,48.226295,0.93667,0.121813,0.0,,0.121813,0.133095,3,0,0
u_opt_factor\set01\u_opt_factor_0.5.py,u_opt_factor,1,u_opt_factor,0.5,2,5,5,0.5,0.5,0.7,0.6,1.0,0.5,48.300007,40,13,46.000002,69.00001,21.433334,1,1,1001,0,greedy_sps_baseline,solved,1,6.057065,48.182155,0.125712,0.002864,,,0.002864,0.003143,3,0,0
u_opt_factor\set01\u_opt_factor_0.6.py,u_opt_factor,1,u_opt_factor,0.6,2,5,5,0.5,0.6,0.7,0.6,1.0,0.6,51.519999,40,13,46.000002,73.599999,21.433334,1,1,1001,0,ilp_v2,optimal,1,49.966923,51.17145,0.976461,0.069635,0.0,,0.069635,0.08467,3,0,0
u_opt_factor\set01\u_opt_factor_0.6.py,u_opt_factor,1,u_opt_factor,0.6,2,5,5,0.5,0.6,0.7,0.6,1.0,0.6,51.519999,40,13,46.000002,73.599999,21.433334,1,1,1001,0,ilp_v3,optimal,1,48.469552,51.516242,0.94086,0.019674,0.0,,0.019674,0.021827,3,0,0
u_opt_factor\set01\u_opt_factor_0.6.py,u_opt_factor,1,u_opt_factor,0.6,2,5,5,0.5,0.6,0.7,0.6,1.0,0.6,51.519999,40,13,46.000002,73.599999,21.433334,1,1,1001,0,ilp_v4,optimal,1,49.966922,51.148762,0.976894,0.117058,0.0,,0.117058,0.119407,3,0,0
u_opt_factor\set01\u_opt_factor_0.6.py,u_opt_factor,1,u_opt_factor,0.6,2,5,5,0.5,0.6,0.7,0.6,1.0,0.6,51.519999,40,13,46.000002,73.599999,21.433334,1,1,1001,0,greedy_sps_baseline,solved,1,14.689553,51.45586,0.285479,0.003269,,,0.003269,0.00351,3,0,0
u_opt_factor\set01\u_opt_factor_0.7.py,u_opt_factor,1,u_opt_factor,0.7,2,5,5,0.5,0.7,0.7,0.6,1.0,0.7,54.740002,40,13,46.000002,78.200003,21.433334,1,1,1001,0,ilp_v2,optimal,1,53.866575,54.640016,0.985845,0.072315,0.0,,0.072315,0.076302,3,0,0
u_opt_factor\set01\u_opt_factor_0.7.py,u_opt_factor,1,u_opt_factor,0.7,2,5,5,0.5,0.7,0.7,0.6,1.0,0.7,54.740002,40,13,46.000002,78.200003,21.433334,1,1,1001,0,ilp_v3,optimal,1,53.697836,54.73894,0.980981,0.022876,0.0,,0.022876,0.024138,3,0,0
u_opt_factor\set01\u_opt_factor_0.7.py,u_opt_factor,1,u_opt_factor,0.7,2,5,5,0.5,0.7,0.7,0.6,1.0,0.7,54.740002,40,13,46.000002,78.200003,21.433334,1,1,1001,0,ilp_v4,optimal,1,53.82765,54.707749,0.983913,0.055052,0.0,,0.055052,0.060394,3,0,0
u_opt_factor\set01\u_opt_factor_0.7.py,u_opt_factor,1,u_opt_factor,0.7,2,5,5,0.5,0.7,0.7,0.6,1.0,0.7,54.740002,40,13,46.000002,78.200003,21.433334,1,1,1001,0,greedy_sps_baseline,solved,1,22.629345,54.464728,0.415486,0.00338,,,0.00338,0.003497,3,0,0
u_opt_factor\set01\u_opt_factor_0.8.py,u_opt_factor,1,u_opt_factor,0.8,2,5,5,0.5,0.8,0.7,0.6,1.0,0.8,57.960002,40,13,46.000002,82.800003,21.433334,1,1,1001,0,ilp_v2,optimal,1,58.270531,57.947046,1.005582,0.010211,0.0,,0.010211,0.010451,3,0,0
u_opt_factor\set01\u_opt_factor_0.8.py,u_opt_factor,1,u_opt_factor,0.8,2,5,5,0.5,0.8,0.7,0.6,1.0,0.8,57.960002,40,13,46.000002,82.800003,21.433334,1,1,1001,0,ilp_v3,optimal,1,58.270531,57.913308,1.006168,0.013275,0.0,,0.013275,0.013486,3,0,0
u_opt_factor\set01\u_opt_factor_0.8.py,u_opt_factor,1,u_opt_factor,0.8,2,5,5,0.5,0.8,0.7,0.6,1.0,0.8,57.960002,40,13,46.000002,82.800003,21.433334,1,1,1001,0,ilp_v4,optimal,1,58.270531,57.947046,1.005582,0.094974,5.2e-05,,0.094974,0.0969,3,0,0
u_opt_factor\set01\u_opt_factor_0.8.py,u_opt_factor,1,u_opt_factor,0.8,2,5,5,0.5,0.8,0.7,0.6,1.0,0.8,57.960002,40,13,46.000002,82.800003,21.433334,1,1,1001,0,greedy_sps_baseline,solved,1,27.438448,56.276651,0.487564,0.003568,,,0.003568,0.003651,3,0,0
u_opt_factor\set01\u_opt_factor_0.9.py,u_opt_factor,1,u_opt_factor,0.9,2,5,5,0.5,0.9,0.7,0.6,1.0,0.9,61.180002,40,13,46.000002,87.400003,21.433334,1,1,1001,0,ilp_v2,optimal,1,60.53118,61.080136,0.991013,0.027628,0.0,,0.027628,0.031344,3,0,0
u_opt_factor\set01\u_opt_factor_0.9.py,u_opt_factor,1,u_opt_factor,0.9,2,5,5,0.5,0.9,0.7,0.6,1.0,0.9,61.180002,40,13,46.000002,87.400003,21.433334,1,1,1001,0,ilp_v3,optimal,1,59.766693,61.122417,0.97782,0.043373,0.0,,0.043373,0.045683,3,0,0
u_opt_factor\set01\u_opt_factor_0.9.py,u_opt_factor,1,u_opt_factor,0.9,2,5,5,0.5,0.9,0.7,0.6,1.0,0.9,61.180002,40,13,46.000002,87.400003,21.433334,1,1,1001,0,ilp_v4,optimal,1,60.53118,61.080136,0.991013,0.054702,0.0,,0.054702,0.055913,3,0,0
u_opt_factor\set01\u_opt_factor_0.9.py,u_opt_factor,1,u_opt_factor,0.9,2,5,5,0.5,0.9,0.7,0.6,1.0,0.9,61.180002,40,13,46.000002,87.400003,21.433334,1,1,1001,0,greedy_sps_baseline,solved,1,38.703781,60.963271,0.63487,0.003749,,,0.003749,0.004402,3,0,0
u_opt_factor\set02\u_opt_factor_0.1.py,u_opt_factor,2,u_opt_factor,0.1,2,5,5,0.5,0.1,0.7,0.6,1.0,0.1,35.419998,40,11,46.000001,50.599998,21.400001,1,1,1002,0,ilp_v2,optimal,1,16.558345,32.160001,0.514874,0.005718,0.0,,0.005718,0.005902,3,0,0
u_opt_factor\set02\u_opt_factor_0.1.py,u_opt_factor,2,u_opt_factor,0.1,2,5,5,0.5,0.1,0.7,0.6,1.0,0.1,35.419998,40,11,46.000001,50.599998,21.400001,1,1,1002,0,ilp_v3,optimal,1,16.558345,34.501923,0.479925,0.004887,0.0,,0.004887,0.005356,3,0,0
u_opt_factor\set02\u_opt_factor_0.1.py,u_opt_factor,2,u_opt_factor,0.1,2,5,5,0.5,0.1,0.7,0.6,1.0,0.1,35.419998,40,11,46.000001,50.599998,21.400001,1,1,1002,0,ilp_v4,optimal,1,16.558345,32.160001,0.514874,0.012828,0.0,,0.012828,0.013737,3,0,0
u_opt_factor\set02\u_opt_factor_0.1.py,u_opt_factor,2,u_opt_factor,0.1,2,5,5,0.5,0.1,0.7,0.6,1.0,0.1,35.419998,40,11,46.000001,50.599998,21.400001,1,1,1002,0,greedy_sps_baseline,infeasible,0,,46.000001,,0.000357,,over budget: E=46.0000 > B=35.4200,0.000357,0.00048,3,0,0
u_opt_factor\set02\u_opt_factor_0.2.py,u_opt_factor,2,u_opt_factor,0.2,2,5,5,0.5,0.2,0.7,0.6,1.0,0.2,38.640002,40,11,46.000001,55.200002,21.400001,1,1,1002,0,ilp_v2,optimal,1,32.023685,34.696446,0.922967,0.004817,0.0,,0.004817,0.005603,3,0,0
u_opt_factor\set02\u_opt_factor_0.2.py,u_opt_factor,2,u_opt_factor,0.2,2,5,5,0.5,0.2,0.7,0.6,1.0,0.2,38.640002,40,11,46.000001,55.200002,21.400001,1,1,1002,0,ilp_v3,optimal,1,32.023685,38.319368,0.835705,0.005944,0.0,,0.005944,0.009431,3,0,0
u_opt_factor\set02\u_opt_factor_0.2.py,u_opt_factor,2,u_opt_factor,0.2,2,5,5,0.5,0.2,0.7,0.6,1.0,0.2,38.640002,40,11,46.000001,55.200002,21.400001,1,1,1002,0,ilp_v4,optimal,1,32.023685,34.696446,0.922967,0.013294,0.0,,0.013294,0.014341,3,0,0
u_opt_factor\set02\u_opt_factor_0.2.py,u_opt_factor,2,u_opt_factor,0.2,2,5,5,0.5,0.2,0.7,0.6,1.0,0.2,38.640002,40,11,46.000001,55.200002,21.400001,1,1,1002,0,greedy_sps_baseline,infeasible,0,,46.000001,,0.000356,,over budget: E=46.0000 > B=38.6400,0.000356,0.000474,3,0,0
u_opt_factor\set02\u_opt_factor_0.3.py,u_opt_factor,2,u_opt_factor,0.3,2,5,5,0.5,0.3,0.7,0.6,1.0,0.3,41.859999,40,11,46.000001,59.799999,21.400001,1,1,1002,0,ilp_v2,optimal,1,45.207389,39.040664,1.157956,0.005223,0.0,,0.005223,0.005781,3,0,0
u_opt_factor\set02\u_opt_factor_0.3.py,u_opt_factor,2,u_opt_factor,0.3,2,5,5,0.5,0.3,0.7,0.6,1.0,0.3,41.859999,40,11,46.000001,59.799999,21.400001,1,1,1002,0,ilp_v3,optimal,1,43.606146,41.263672,1.056768,0.011942,0.0,,0.011942,0.013695,3,0,0
u_opt_factor\set02\u_opt_factor_0.3.py,u_opt_factor,2,u_opt_factor,0.3,2,5,5,0.5,0.3,0.7,0.6,1.0,0.3,41.859999,40,11,46.000001,59.799999,21.400001,1,1,1002,0,ilp_v4,optimal,1,45.207389,39.040664,1.157956,0.015801,0.0,,0.015801,0.017673,3,0,0
u_opt_factor\set02\u_opt_factor_0.3.py,u_opt_factor,2,u_opt_factor,0.3,2,5,5,0.5,0.3,0.7,0.6,1.0,0.3,41.859999,40,11,46.000001,59.799999,21.400001,1,1,1002,0,greedy_sps_baseline,infeasible,0,,46.000001,,0.000342,,over budget: E=46.0000 > B=41.8600,0.000342,0.000483,3,0,0
u_opt_factor\set02\u_opt_factor_0.4.py,u_opt_factor,2,u_opt_factor,0.4,2,5,5,0.5,0.4,0.7,0.6,1.0,0.4,45.080002,40,11,46.000001,64.400003,21.400001,1,1,1002,0,ilp_v2,optimal,1,58.391125,45.03617,1.296538,0.006836,0.0,,0.006836,0.007197,3,0,0
u_opt_factor\set02\u_opt_factor_0.4.py,u_opt_factor,2,u_opt_factor,0.4,2,5,5,0.5,0.4,0.7,0.6,1.0,0.4,45.080002,40,11,46.000001,64.400003,21.400001,1,1,1002,0,ilp_v3,optimal,1,54.740212,45.063928,1.214723,0.006211,0.0,,0.006211,0.006335,3,0,0
u_opt_factor\set02\u_opt_factor_0.4.py,u_opt_factor,2,u_opt_factor,0.4,2,5,5,0.5,0.4,0.7,0.6,1.0,0.4,45.080002,40,11,46.000001,64.400003,21.400001,1,1,1002,0,ilp_v4,optimal,1,58.391125,45.03617,1.296538,0.017696,0.0,,0.017696,0.018767,3,0,0
u_opt_factor\set02\u_opt_factor_0.4.py,u_opt_factor,2,u_opt_factor,0.4,2,5,5,0.5,0.4,0.7,0.6,1.0,0.4,45.080002,40,11,46.000001,64.400003,21.400001,1,1,1002,0,greedy_sps_baseline,infeasible,0,,46.000001,,0.000285,,over budget: E=46.0000 > B=45.0800,0.000285,0.000396,3,0,0
u_opt_factor\set02\u_opt_factor_0.5.py,u_opt_factor,2,u_opt_factor,0.5,2,5,5,0.5,0.5,0.7,0.6,1.0,0.5,48.300001,40,11,46.000001,69.000001,21.400001,1,1,1002,0,ilp_v2,optimal,1,68.404718,47.739505,1.432874,0.013953,0.0,,0.013953,0.014621,3,0,0
u_opt_factor\set02\u_opt_factor_0.5.py,u_opt_factor,2,u_opt_factor,0.5,2,5,5,0.5,0.5,0.7,0.6,1.0,0.5,48.300001,40,11,46.000001,69.000001,21.400001,1,1,1002,0,ilp_v3,optimal,1,60.599474,48.298349,1.25469,0.020269,5.8e-05,,0.020269,0.020781,3,0,0
u_opt_factor\set02\u_opt_factor_0.5.py,u_opt_factor,2,u_opt_factor,0.5,2,5,5,0.5,0.5,0.7,0.6,1.0,0.5,48.300001,40,11,46.000001,69.000001,21.400001,1,1,1002,0,ilp_v4,optimal,1,69.490474,47.197065,1.472347,0.02887,0.0,,0.02887,0.031996,3,0,0
u_opt_factor\set02\u_opt_factor_0.5.py,u_opt_factor,2,u_opt_factor,0.5,2,5,5,0.5,0.5,0.7,0.6,1.0,0.5,48.300001,40,11,46.000001,69.000001,21.400001,1,1,1002,0,greedy_sps_baseline,solved,1,8.500133,48.282551,0.17605,0.000654,,,0.000654,0.000725,3,0,0
u_opt_factor\set02\u_opt_factor_0.6.py,u_opt_factor,2,u_opt_factor,0.6,2,5,5,0.5,0.6,0.7,0.6,1.0,0.6,51.519999,40,11,46.000001,73.599999,21.400001,1,1,1002,0,ilp_v2,optimal,1,78.244288,50.495573,1.549528,0.011914,0.0,,0.011914,0.013403,3,0,0
u_opt_factor\set02\u_opt_factor_0.6.py,u_opt_factor,2,u_opt_factor,0.6,2,5,5,0.5,0.6,0.7,0.6,1.0,0.6,51.519999,40,11,46.000001,73.599999,21.400001,1,1,1002,0,ilp_v3,optimal,1,68.051852,51.373049,1.324661,0.022018,0.0,,0.022018,0.023484,3,0,0
u_opt_factor\set02\u_opt_factor_0.6.py,u_opt_factor,2,u_opt_factor,0.6,2,5,5,0.5,0.6,0.7,0.6,1.0,0.6,51.519999,40,11,46.000001,73.599999,21.400001,1,1,1002,0,ilp_v4,optimal,1,78.244288,50.495573,1.549528,0.025184,0.0,,0.025184,0.026127,3,0,0
u_opt_factor\set02\u_opt_factor_0.6.py,u_opt_factor,2,u_opt_factor,0.6,2,5,5,0.5,0.6,0.7,0.6,1.0,0.6,51.519999,40,11,46.000001,73.599999,21.400001,1,1,1002,0,greedy_sps_baseline,solved,1,20.063202,51.396627,0.39036,0.000939,,,0.000939,0.001133,3,0,0
u_opt_factor\set02\u_opt_factor_0.7.py,u_opt_factor,2,u_opt_factor,0.7,2,5,5,0.5,0.7,0.7,0.6,1.0,0.7,54.739998,40,11,46.000001,78.199998,21.400001,1,1,1002,0,ilp_v2,optimal,1,77.803379,54.739368,1.421342,0.017153,0.0,,0.017153,0.018003,3,0,0
u_opt_factor\set02\u_opt_factor_0.7.py,u_opt_factor,2,u_opt_factor,0.7,2,5,5,0.5,0.7,0.7,0.6,1.0,0.7,54.739998,40,11,46.000001,78.199998,21.400001,1,1,1002,0,ilp_v3,optimal,1,73.075621,54.701056,1.335909,0.011824,0.0,,0.011824,0.012521,3,0,0
u_opt_factor\set02\u_opt_factor_0.7.py,u_opt_factor,2,u_opt_factor,0.7,2,5,5,0.5,0.7,0.7,0.6,1.0,0.7,54.739998,40,11,46.000001,78.199998,21.400001,1,1,1002,0,ilp_v4,optimal,1,85.169652,53.965423,1.578226,0.030351,0.0,,0.030351,0.032592,3,0,0
u_opt_factor\set02\u_opt_factor_0.7.py,u_opt_factor,2,u_opt_factor,0.7,2,5,5,0.5,0.7,0.7,0.6,1.0,0.7,54.739998,40,11,46.000001,78.199998,21.400001,1,1,1002,0,greedy_sps_baseline,solved,1,32.051074,54.54132,0.587648,0.001137,,,0.001137,0.001366,3,0,0
u_opt_factor\set02\u_opt_factor_0.8.py,u_opt_factor,2,u_opt_factor,0.8,2,5,5,0.5,0.8,0.7,0.6,1.0,0.8,57.960001,40,11,46.000001,82.800001,21.400001,1,1,1002,0,ilp_v2,optimal,1,87.547195,57.740168,1.516227,0.011354,0.0,,0.011354,0.012019,3,0,0
u_opt_factor\set02\u_opt_factor_0.8.py,u_opt_factor,2,u_opt_factor,0.8,2,5,5,0.5,0.8,0.7,0.6,1.0,0.8,57.960001,40,11,46.000001,82.800001,21.400001,1,1,1002,0,ilp_v3,optimal,1,78.87886,57.910554,1.362081,0.007532,0.0,,0.007532,0.008047,3,0,0
u_opt_factor\set02\u_opt_factor_0.8.py,u_opt_factor,2,u_opt_factor,0.8,2,5,5,0.5,0.8,0.7,0.6,1.0,0.8,57.960001,40,11,46.000001,82.800001,21.400001,1,1,1002,0,ilp_v4,optimal,1,92.822955,57.328652,1.619137,0.034474,0.0,,0.034474,0.036783,3,0,0
u_opt_factor\set02\u_opt_factor_0.8.py,u_opt_factor,2,u_opt_factor,0.8,2,5,5,0.5,0.8,0.7,0.6,1.0,0.8,57.960001,40,11,46.000001,82.800001,21.400001,1,1,1002,0,greedy_sps_baseline,solved,1,37.046574,55.870348,0.663081,0.00111,,,0.00111,0.001219,3,0,0
u_opt_factor\set02\u_opt_factor_0.9.py,u_opt_factor,2,u_opt_factor,0.9,2,5,5,0.5,0.9,0.7,0.6,1.0,0.9,61.180002,40,11,46.000001,87.400002,21.400001,1,1,1002,0,ilp_v2,optimal,1,88.909258,60.982896,1.457938,0.012872,0.0,,0.012872,0.013674,3,0,0
u_opt_factor\set02\u_opt_factor_0.9.py,u_opt_factor,2,u_opt_factor,0.9,2,5,5,0.5,0.9,0.7,0.6,1.0,0.9,61.180002,40,11,46.000001,87.400002,21.400001,1,1,1002,0,ilp_v3,optimal,1,84.953793,61.044823,1.391663,0.013269,0.0,,0.013269,0.014932,3,0,0
u_opt_factor\set02\u_opt_factor_0.9.py,u_opt_factor,2,u_opt_factor,0.9,2,5,5,0.5,0.9,0.7,0.6,1.0,0.9,61.180002,40,11,46.000001,87.400002,21.400001,1,1,1002,0,ilp_v4,optimal,1,88.909258,60.982896,1.457938,0.026321,0.0,,0.026321,0.026434,3,0,0
u_opt_factor\set02\u_opt_factor_0.9.py,u_opt_factor,2,u_opt_factor,0.9,2,5,5,0.5,0.9,0.7,0.6,1.0,0.9,61.180002,40,11,46.000001,87.400002,21.400001,1,1,1002,0,greedy_sps_baseline,solved,1,53.384323,60.560934,0.881498,0.00127,,,0.00127,0.001483,3,0,0
u_opt_factor\set03\u_opt_factor_0.1.py,u_opt_factor,3,u_opt_factor,0.1,2,5,5,0.5,0.1,0.7,0.6,1.0,0.1,35.420006,40,10,46.0,50.600008,21.433333,1,1,1003,0,ilp_v2,optimal,1,13.445002,30.236973,0.444654,0.00413,0.0,,0.00413,0.004357,3,0,0
u_opt_factor\set03\u_opt_factor_0.1.py,u_opt_factor,3,u_opt_factor,0.1,2,5,5,0.5,0.1,0.7,0.6,1.0,0.1,35.420006,40,10,46.0,50.600008,21.433333,1,1,1003,0,ilp_v3,optimal,1,13.445002,30.236973,0.444654,0.004511,0.0,,0.004511,0.004903,3,0,0
u_opt_factor\set03\u_opt_factor_0.1.py,u_opt_factor,3,u_opt_factor,0.1,2,5,5,0.5,0.1,0.7,0.6,1.0,0.1,35.420006,40,10,46.0,50.600008,21.433333,1,1,1003,0,ilp_v4,optimal,1,13.445002,29.018928,0.463318,0.013862,0.0,,0.013862,0.015759,3,0,0
u_opt_factor\set03\u_opt_factor_0.1.py,u_opt_factor,3,u_opt_factor,0.1,2,5,5,0.5,0.1,0.7,0.6,1.0,0.1,35.420006,40,10,46.0,50.600008,21.433333,1,1,1003,0,greedy_sps_baseline,infeasible,0,,46.0,,0.000292,,over budget: E=46.0000 > B=35.4200,0.000292,0.000385,3,0,0
u_opt_factor\set03\u_opt_factor_0.2.py,u_opt_factor,3,u_opt_factor,0.2,2,5,5,0.5,0.2,0.7,0.6,1.0,0.2,38.639995,40,10,46.0,55.199993,21.433333,1,1,1003,0,ilp_v2,optimal,1,26.889959,38.460725,0.699154,0.005489,0.0,,0.005489,0.005713,3,0,0
u_opt_factor\set03\u_opt_factor_0.2.py,u_opt_factor,3,u_opt_factor,0.2,2,5,5,0.5,0.2,0.7,0.6,1.0,0.2,38.639995,40,10,46.0,55.199993,21.433333,1,1,1003,0,ilp_v3,optimal,1,26.889959,35.618136,0.754951,0.005941,0.0,,0.005941,0.007065,3,0,0
u_opt_factor\set03\u_opt_factor_0.2.py,u_opt_factor,3,u_opt_factor,0.2,2,5,5,0.5,0.2,0.7,0.6,1.0,0.2,38.639995,40,10,46.0,55.199993,21.433333,1,1,1003,0,ilp_v4,optimal,1,26.889959,33.107988,0.812189,0.016736,0.0,,0.016736,0.018489,3,0,0
u_opt_factor\set03\u_opt_factor_0.2.py,u_opt_factor,3,u_opt_factor,0.2,2,5,5,0.5,0.2,0.7,0.6,1.0,0.2,38.639995,40,10,46.0,55.199993,21.433333,1,1,1003,0,greedy_sps_baseline,infeasible,0,,46.0,,0.000499,,over budget: E=46.0000 > B=38.6400,0.000499,0.000756,3,0,0
u_opt_factor\set03\u_opt_factor_0.3.py,u_opt_factor,3,u_opt_factor,0.3,2,5,5,0.5,0.3,0.7,0.6,1.0,0.3,41.86,40,10,46.0,59.8,21.433333,1,1,1003,0,ilp_v2,optimal,1,40.334957,41.788147,0.965225,0.006077,0.0,,0.006077,0.007747,3,0,0
u_opt_factor\set03\u_opt_factor_0.3.py,u_opt_factor,3,u_opt_factor,0.3,2,5,5,0.5,0.3,0.7,0.6,1.0,0.3,41.86,40,10,46.0,59.8,21.433333,1,1,1003,0,ilp_v3,optimal,1,40.334957,39.378483,1.024289,0.00769,0.0,,0.00769,0.00813,3,0,0
u_opt_factor\set03\u_opt_factor_0.3.py,u_opt_factor,3,u_opt_factor,0.3,2,5,5,0.5,0.3,0.7,0.6,1.0,0.3,41.86,40,10,46.0,59.8,21.433333,1,1,1003,0,ilp_v4,optimal,1,40.334957,39.830564,1.012663,0.016173,0.0,,0.016173,0.017411,3,0,0
u_opt_factor\set03\u_opt_factor_0.3.py,u_opt_factor,3,u_opt_factor,0.3,2,5,5,0.5,0.3,0.7,0.6,1.0,0.3,41.86,40,10,46.0,59.8,21.433333,1,1,1003,0,greedy_sps_baseline,infeasible,0,,46.0,,0.000272,,over budget: E=46.0000 > B=41.8600,0.000272,0.000374,3,0,0
u_opt_factor\set03\u_opt_factor_0.4.py,u_opt_factor,3,u_opt_factor,0.4,2,5,5,0.5,0.4,0.7,0.6,1.0,0.4,45.079999,40,10,46.0,64.399999,21.433333,1,1,1003,0,ilp_v2,optimal,1,53.77994,44.721634,1.202549,0.006207,0.0,,0.006207,0.008132,3,0,0
u_opt_factor\set03\u_opt_factor_0.4.py,u_opt_factor,3,u_opt_factor,0.4,2,5,5,0.5,0.4,0.7,0.6,1.0,0.4,45.079999,40,10,46.0,64.399999,21.433333,1,1,1003,0,ilp_v3,optimal,1,53.028826,45.044616,1.177251,0.042145,0.0,,0.042145,0.043925,3,0,0
u_opt_factor\set03\u_opt_factor_0.4.py,u_opt_factor,3,u_opt_factor,0.4,2,5,5,0.5,0.4,0.7,0.6,1.0,0.4,45.079999,40,10,46.0,64.399999,21.433333,1,1,1003,0,ilp_v4,optimal,1,53.77994,43.877031,1.225697,0.017037,0.0,,0.017037,0.018211,3,0,0
u_opt_factor\set03\u_opt_factor_0.4.py,u_opt_factor,3,u_opt_factor,0.4,2,5,5,0.5,0.4,0.7,0.6,1.0,0.4,45.079999,40,10,46.0,64.399999,21.433333,1,1,1003,0,greedy_sps_baseline,infeasible,0,,46.0,,0.000298,,over budget: E=46.0000 > B=45.0800,0.000298,0.000391,3,0,0
u_opt_factor\set03\u_opt_factor_0.5.py,u_opt_factor,3,u_opt_factor,0.5,2,5,5,0.5,0.5,0.7,0.6,1.0,0.5,48.299999,40,10,46.0,68.999999,21.433333,1,1,1003,0,ilp_v2,optimal,1,65.652181,48.288722,1.359576,0.018371,0.0,,0.018371,0.020754,3,0,0
u_opt_factor\set03\u_opt_factor_0.5.py,u_opt_factor,3,u_opt_factor,0.5,2,5,5,0.5,0.5,0.7,0.6,1.0,0.5,48.299999,40,10,46.0,68.999999,21.433333,1,1,1003,0,ilp_v3,optimal,1,62.894954,48.298718,1.302208,0.050137,0.0,,0.050137,0.051113,3,0,0
u_opt_factor\set03\u_opt_factor_0.5.py,u_opt_factor,3,u_opt_factor,0.5,2,5,5,0.5,0.5,0.7,0.6,1.0,0.5,48.299999,40,10,46.0,68.999999,21.433333,1,1,1003,0,ilp_v4,optimal,1,65.814743,48.274164,1.363353,0.045791,0.0,,0.045791,0.050231,3,0,0
u_opt_factor\set03\u_opt_factor_0.5.py,u_opt_factor,3,u_opt_factor,0.5,2,5,5,0.5,0.5,0.7,0.6,1.0,0.5,48.299999,40,10,46.0,68.999999,21.433333,1,1,1003,0,greedy_sps_baseline,solved,1,3.970118,48.2699,0.082248,0.00073,,,0.00073,0.00083,3,0,0
u_opt_factor\set03\u_opt_factor_0.6.py,u_opt_factor,3,u_opt_factor,0.6,2,5,5,0.5,0.6,0.7,0.6,1.0,0.6,51.520001,40,10,46.0,73.600001,21.433333,1,1,1003,0,ilp_v2,optimal,1,71.880552,51.472801,1.396476,0.050457,4.6e-05,,0.050457,0.079906,3,0,0
u_opt_factor\set03\u_opt_factor_0.6.py,u_opt_factor,3,u_opt_factor,0.6,2,5,5,0.5,0.6,0.7,0.6,1.0,0.6,51.520001,40,10,46.0,73.600001,21.433333,1,1,1003,0,ilp_v3,optimal,1,70.266788,51.188899,1.372696,0.120443,0.0,,0.120443,0.136595,3,0,0
u_opt_factor\set03\u_opt_factor_0.6.py,u_opt_factor,3,u_opt_factor,0.6,2,5,5,0.5,0.6,0.7,0.6,1.0,0.6,51.520001,40,10,46.0,73.600001,21.433333,1,1,1003,0,ilp_v4,optimal,1,71.880552,51.472801,1.396476,0.068665,4.6e-05,,0.068665,0.073191,3,0,0
u_opt_factor\set03\u_opt_factor_0.6.py,u_opt_factor,3,u_opt_factor,0.6,2,5,5,0.5,0.6,0.7,0.6,1.0,0.6,51.520001,40,10,46.0,73.600001,21.433333,1,1,1003,0,greedy_sps_baseline,solved,1,16.919647,51.413026,0.329093,0.000826,,,0.000826,0.00098,3,0,0
u_opt_factor\set03\u_opt_factor_0.7.py,u_opt_factor,3,u_opt_factor,0.7,2,5,5,0.5,0.7,0.7,0.6,1.0,0.7,54.740002,40,10,46.0,78.200003,21.433333,1,1,1003,0,ilp_v2,optimal,1,74.776851,54.25427,1.378267,0.011882,0.0,,0.011882,0.012628,3,0,0
u_opt_factor\set03\u_opt_factor_0.7.py,u_opt_factor,3,u_opt_factor,0.7,2,5,5,0.5,0.7,0.7,0.6,1.0,0.7,54.740002,40,10,46.0,78.200003,21.433333,1,1,1003,0,ilp_v3,optimal,1,75.851887,54.701047,1.386662,0.07462,0.0,,0.07462,0.082822,3,0,0
u_opt_factor\set03\u_opt_factor_0.7.py,u_opt_factor,3,u_opt_factor,0.7,2,5,5,0.5,0.7,0.7,0.6,1.0,0.7,54.740002,40,10,46.0,78.200003,21.433333,1,1,1003,0,ilp_v4,optimal,1,75.851887,54.647764,1.388014,0.084826,6.2e-05,,0.084826,0.08902,3,0,0
u_opt_factor\set03\u_opt_factor_0.7.py,u_opt_factor,3,u_opt_factor,0.7,2,5,5,0.5,0.7,0.7,0.6,1.0,0.7,54.740002,40,10,46.0,78.200003,21.433333,1,1,1003,0,greedy_sps_baseline,solved,1,28.888121,54.602373,0.529063,0.001222,,,0.001222,0.001476,3,0,0
u_opt_factor\set03\u_opt_factor_0.8.py,u_opt_factor,3,u_opt_factor,0.8,2,5,5,0.5,0.8,0.7,0.6,1.0,0.8,57.960002,40,10,46.0,82.800003,21.433333,1,1,1003,0,ilp_v2,optimal,1,78.747878,57.948124,1.358937,0.043215,0.0,,0.043215,0.052749,3,0,0
u_opt_factor\set03\u_opt_factor_0.8.py,u_opt_factor,3,u_opt_factor,0.8,2,5,5,0.5,0.8,0.7,0.6,1.0,0.8,57.960002,40,10,46.0,82.800003,21.433333,1,1,1003,0,ilp_v3,optimal,1,77.950774,57.916084,1.345926,0.060367,0.0,,0.060367,0.069842,3,0,0
u_opt_factor\set03\u_opt_factor_0.8.py,u_opt_factor,3,u_opt_factor,0.8,2,5,5,0.5,0.8,0.7,0.6,1.0,0.8,57.960002,40,10,46.0,82.800003,21.433333,1,1,1003,0,ilp_v4,optimal,1,79.033612,57.870109,1.365707,0.070238,0.0,,0.070238,0.0722,3,0,0
u_opt_factor\set03\u_opt_factor_0.8.py,u_opt_factor,3,u_opt_factor,0.8,2,5,5,0.5,0.8,0.7,0.6,1.0,0.8,57.960002,40,10,46.0,82.800003,21.433333,1,1,1003,0,greedy_sps_baseline,solved,1,41.932304,57.802947,0.725435,0.000791,,,0.000791,0.000906,3,0,0
u_opt_factor\set03\u_opt_factor_0.9.py,u_opt_factor,3,u_opt_factor,0.9,2,5,5,0.5,0.9,0.7,0.6,1.0,0.9,61.179997,40,10,46.0,87.399995,21.433333,1,1,1003,0,ilp_v2,optimal,1,81.622851,61.150408,1.334788,0.172654,0.0,,0.172654,0.180988,3,0,0
u_opt_factor\set03\u_opt_factor_0.9.py,u_opt_factor,3,u_opt_factor,0.9,2,5,5,0.5,0.9,0.7,0.6,1.0,0.9,61.179997,40,10,46.0,87.399995,21.433333,1,1,1003,0,ilp_v3,optimal,1,79.355475,61.070176,1.299415,0.113982,0.0,,0.113982,0.117855,3,0,0
u_opt_factor\set03\u_opt_factor_0.9.py,u_opt_factor,3,u_opt_factor,0.9,2,5,5,0.5,0.9,0.7,0.6,1.0,0.9,61.179997,40,10,46.0,87.399995,21.433333,1,1,1003,0,ilp_v4,optimal,1,81.935062,61.166887,1.339533,0.140869,0.0,,0.140869,0.151076,3,0,0
u_opt_factor\set03\u_opt_factor_0.9.py,u_opt_factor,3,u_opt_factor,0.9,2,5,5,0.5,0.9,0.7,0.6,1.0,0.9,61.179997,40,10,46.0,87.399995,21.433333,1,1,1003,0,greedy_sps_baseline,solved,1,50.699777,61.151122,0.82909,0.001187,,,0.001187,0.001244,3,0,0
u_opt_factor\set04\u_opt_factor_0.1.py,u_opt_factor,4,u_opt_factor,0.1,2,5,5,0.5,0.1,0.7,0.6,1.0,0.1,35.420001,40,13,46.000002,50.600001,22.042858,1,1,1004,0,ilp_v2,optimal,1,11.380119,33.705064,0.337638,0.007621,0.0,,0.007621,0.008242,3,0,0
u_opt_factor\set04\u_opt_factor_0.1.py,u_opt_factor,4,u_opt_factor,0.1,2,5,5,0.5,0.1,0.7,0.6,1.0,0.1,35.420001,40,13,46.000002,50.600001,22.042858,1,1,1004,0,ilp_v3,optimal,1,11.380119,33.705064,0.337638,0.007681,0.0,,0.007681,0.007746,3,0,0
u_opt_factor\set04\u_opt_factor_0.1.py,u_opt_factor,4,u_opt_factor,0.1,2,5,5,0.5,0.1,0.7,0.6,1.0,0.1,35.420001,40,13,46.000002,50.600001,22.042858,1,1,1004,0,ilp_v4,optimal,1,11.380119,33.705064,0.337638,0.030123,0.0,,0.030123,0.030983,3,0,0
u_opt_factor\set04\u_opt_factor_0.1.py,u_opt_factor,4,u_opt_factor,0.1,2,5,5,0.5,0.1,0.7,0.6,1.0,0.1,35.420001,40,13,46.000002,50.600001,22.042858,1,1,1004,0,greedy_sps_baseline,infeasible,0,,46.000002,,0.000445,,over budget: E=46.0000 > B=35.4200,0.000445,0.000809,3,0,0
u_opt_factor\set04\u_opt_factor_0.2.py,u_opt_factor,4,u_opt_factor,0.2,2,5,5,0.5,0.2,0.7,0.6,1.0,0.2,38.640002,40,13,46.000002,55.200002,22.042858,1,1,1004,0,ilp_v2,optimal,1,22.760248,38.413908,0.5925,0.007418,0.0,,0.007418,0.009218,3,0,0
u_opt_factor\set04\u_opt_factor_0.2.py,u_opt_factor,4,u_opt_factor,0.2,2,5,5,0.5,0.2,0.7,0.6,1.0,0.2,38.640002,40,13,46.000002,55.200002,22.042858,1,1,1004,0,ilp_v3,optimal,1,22.760248,38.037435,0.598364,0.007593,0.0,,0.007593,0.008926,3,0,0
u_opt_factor\set04\u_opt_factor_0.2.py,u_opt_factor,4,u_opt_factor,0.2,2,5,5,0.5,0.2,0.7,0.6,1.0,0.2,38.640002,40,13,46.000002,55.200002,22.042858,1,1,1004,0,ilp_v4,optimal,1,22.760248,38.413908,0.5925,0.027974,0.0,,0.027974,0.031132,3,0,0
u_opt_factor\set04\u_opt_factor_0.2.py,u_opt_factor,4,u_opt_factor,0.2,2,5,5,0.5,0.2,0.7,0.6,1.0,0.2,38.640002,40,13,46.000002,55.200002,22.042858,1,1,1004,0,greedy_sps_baseline,infeasible,0,,46.000002,,0.000354,,over budget: E=46.0000 > B=38.6400,0.000354,0.000655,3,0,0
u_opt_factor\set04\u_opt_factor_0.3.py,u_opt_factor,4,u_opt_factor,0.3,2,5,5,0.5,0.3,0.7,0.6,1.0,0.3,41.859998,40,13,46.000002,59.799997,22.042858,1,1,1004,0,ilp_v2,optimal,1,34.140359,40.150707,0.850305,0.007295,0.0,,0.007295,0.007746,3,0,0
u_opt_factor\set04\u_opt_factor_0.3.py,u_opt_factor,4,u_opt_factor,0.3,2,5,5,0.5,0.3,0.7,0.6,1.0,0.3,41.859998,40,13,46.000002,59.799997,22.042858,1,1,1004,0,ilp_v3,optimal,1,34.140359,41.205206,0.828545,0.006893,0.0,,0.006893,0.008496,3,0,0
u_opt_factor\set04\u_opt_factor_0.3.py,u_opt_factor,4,u_opt_factor,0.3,2,5,5,0.5,0.3,0.7,0.6,1.0,0.3,41.859998,40,13,46.000002,59.799997,22.042858,1,1,1004,0,ilp_v4,optimal,1,34.140359,40.150707,0.850305,0.032064,0.0,,0.032064,0.03434,3,0,0
u_opt_factor\set04\u_opt_factor_0.3.py,u_opt_factor,4,u_opt_factor,0.3,2,5,5,0.5,0.3,0.7,0.6,1.0,0.3,41.859998,40,13,46.000002,59.799997,22.042858,1,1,1004,0,greedy_sps_baseline,infeasible,0,,46.000002,,0.000371,,over budget: E=46.0000 > B=41.8600,0.000371,0.000485,3,0,0
u_opt_factor\set04\u_opt_factor_0.4.py,u_opt_factor,4,u_opt_factor,0.4,2,5,5,0.5,0.4,0.7,0.6,1.0,0.4,45.08,40,13,46.000002,64.4,22.042858,1,1,1004,0,ilp_v2,optimal,1,45.520504,44.832817,1.015339,0.015332,0.0,,0.015332,0.018974,3,0,0
u_opt_factor\set04\u_opt_factor_0.4.py,u_opt_factor,4,u_opt_factor,0.4,2,5,5,0.5,0.4,0.7,0.6,1.0,0.4,45.08,40,13,46.000002,64.4,22.042858,1,1,1004,0,ilp_v3,optimal,1,45.520504,45.028814,1.010919,0.018526,0.0,,0.018526,0.019436,3,0,0
u_opt_factor\set04\u_opt_factor_0.4.py,u_opt_factor,4,u_opt_factor,0.4,2,5,5,0.5,0.4,0.7,0.6,1.0,0.4,45.08,40,13,46.000002,64.4,22.042858,1,1,1004,0,ilp_v4,optimal,1,45.520504,44.524305,1.022374,0.05805,0.0,,0.05805,0.063943,3,0,0
u_opt_factor\set04\u_opt_factor_0.4.py,u_opt_factor,4,u_opt_factor,0.4,2,5,5,0.5,0.4,0.7,0.6,1.0,0.4,45.08,40,13,46.000002,64.4,22.042858,1,1,1004,0,greedy_sps_baseline,infeasible,0,,46.000002,,0.000324,,over budget: E=46.0000 > B=45.0800,0.000324,0.000788,3,0,0
u_opt_factor\set04\u_opt_factor_0.5.py,u_opt_factor,4,u_opt_factor,0.5,2,5,5,0.5,0.5,0.7,0.6,1.0,0.5,48.3,40,13,46.000002,69.0,22.042858,1,1,1004,0,ilp_v2,optimal,1,54.907754,48.120775,1.141041,0.025254,3.6e-05,,0.025254,0.026528,3,0,0
u_opt_factor\set04\u_opt_factor_0.5.py,u_opt_factor,4,u_opt_factor,0.5,2,5,5,0.5,0.5,0.7,0.6,1.0,0.5,48.3,40,13,46.000002,69.0,22.042858,1,1,1004,0,ilp_v3,optimal,1,56.271351,47.64706,1.181004,0.010793,0.0,,0.010793,0.011165,3,0,0
u_opt_factor\set04\u_opt_factor_0.5.py,u_opt_factor,4,u_opt_factor,0.5,2,5,5,0.5,0.5,0.7,0.6,1.0,0.5,48.3,40,13,46.000002,69.0,22.042858,1,1,1004,0,ilp_v4,optimal,1,56.483065,48.270237,1.170143,0.095193,0.0,,0.095193,0.09911,3,0,0
u_opt_factor\set04\u_opt_factor_0.5.py,u_opt_factor,4,u_opt_factor,0.5,2,5,5,0.5,0.5,0.7,0.6,1.0,0.5,48.3,40,13,46.000002,69.0,22.042858,1,1,1004,0,greedy_sps_baseline,solved,1,7.79982,48.211926,0.161782,0.000824,,,0.000824,0.000878,3,0,0
u_opt_factor\set04\u_opt_factor_0.6.py,u_opt_factor,4,u_opt_factor,0.6,2,5,5,0.5,0.6,0.7,0.6,1.0,0.6,51.520001,40,13,46.000002,73.600001,22.042858,1,1,1004,0,ilp_v2,optimal,1,62.291901,51.444741,1.210851,0.020095,0.0,,0.020095,0.021721,3,0,0
u_opt_factor\set04\u_opt_factor_0.6.py,u_opt_factor,4,u_opt_factor,0.6,2,5,5,0.5,0.6,0.7,0.6,1.0,0.6,51.520001,40,13,46.000002,73.600001,22.042858,1,1,1004,0,ilp_v3,optimal,1,62.406737,51.50529,1.211657,0.095833,0.0,,0.095833,0.099166,3,0,0
u_opt_factor\set04\u_opt_factor_0.6.py,u_opt_factor,4,u_opt_factor,0.6,2,5,5,0.5,0.6,0.7,0.6,1.0,0.6,51.520001,40,13,46.000002,73.600001,22.042858,1,1,1004,0,ilp_v4,optimal,1,64.996416,51.505593,1.261929,0.125663,0.0,,0.125663,0.14029,3,0,0
u_opt_factor\set04\u_opt_factor_0.6.py,u_opt_factor,4,u_opt_factor,0.6,2,5,5,0.5,0.6,0.7,0.6,1.0,0.6,51.520001,40,13,46.000002,73.600001,22.042858,1,1,1004,0,greedy_sps_baseline,solved,1,18.971114,51.379954,0.369232,0.000859,,,0.000859,0.001218,3,0,0
u_opt_factor\set04\u_opt_factor_0.7.py,u_opt_factor,4,u_opt_factor,0.7,2,5,5,0.5,0.7,0.7,0.6,1.0,0.7,54.740008,40,13,46.000002,78.200012,22.042858,1,1,1004,0,ilp_v2,optimal,1,67.658101,54.68214,1.237298,0.036765,0.0,,0.036765,0.039129,3,0,0
u_opt_factor\set04\u_opt_factor_0.7.py,u_opt_factor,4,u_opt_factor,0.7,2,5,5,0.5,0.7,0.7,0.6,1.0,0.7,54.740008,40,13,46.000002,78.200012,22.042858,1,1,1004,0,ilp_v3,optimal,1,69.963624,54.699466,1.279055,0.050593,7.2e-05,,0.050593,0.056702,3,0,0
u_opt_factor\set04\u_opt_factor_0.7.py,u_opt_factor,4,u_opt_factor,0.7,2,5,5,0.5,0.7,0.7,0.6,1.0,0.7,54.740008,40,13,46.000002,78.200012,22.042858,1,1,1004,0,ilp_v4,optimal,1,71.791603,54.712456,1.312162,0.098962,2.1e-05,,0.098962,0.100593,3,0,0
u_opt_factor\set04\u_opt_factor_0.7.py,u_opt_factor,4,u_opt_factor,0.7,2,5,5,0.5,0.7,0.7,0.6,1.0,0.7,54.740008,40,13,46.000002,78.200012,22.042858,1,1,1004,0,greedy_sps_baseline,solved,1,29.493764,54.708506,0.539107,0.00128,,,0.00128,0.001413,3,0,0
u_opt_factor\set04\u_opt_factor_0.8.py,u_opt_factor,4,u_opt_factor,0.8,2,5,5,0.5,0.8,0.7,0.6,1.0,0.8,57.960002,40,13,46.000002,82.800003,22.042858,1,1,1004,0,ilp_v2,optimal,1,75.610822,57.890999,1.306089,0.033615,0.0,,0.033615,0.040733,3,0,0
u_opt_factor\set04\u_opt_factor_0.8.py,u_opt_factor,4,u_opt_factor,0.8,2,5,5,0.5,0.8,0.7,0.6,1.0,0.8,57.960002,40,13,46.000002,82.800003,22.042858,1,1,1004,0,ilp_v3,optimal,1,80.626517,57.717047,1.396927,0.063959,0.0,,0.063959,0.068464,3,0,0
u_opt_factor\set04\u_opt_factor_0.8.py,u_opt_factor,4,u_opt_factor,0.8,2,5,5,0.5,0.8,0.7,0.6,1.0,0.8,57.960002,40,13,46.000002,82.800003,22.042858,1,1,1004,0,ilp_v4,optimal,1,77.41414,57.806311,1.339199,0.089458,0.0,,0.089458,0.096936,3,0,0
u_opt_factor\set04\u_opt_factor_0.8.py,u_opt_factor,4,u_opt_factor,0.8,2,5,5,0.5,0.8,0.7,0.6,1.0,0.8,57.960002,40,13,46.000002,82.800003,22.042858,1,1,1004,0,greedy_sps_baseline,solved,1,40.779474,57.891974,0.704406,0.001411,,,0.001411,0.001471,3,0,0
u_opt_factor\set04\u_opt_factor_0.9.py,u_opt_factor,4,u_opt_factor,0.9,2,5,5,0.5,0.9,0.7,0.6,1.0,0.9,61.180004,40,13,46.000002,87.400006,22.042858,1,1,1004,0,ilp_v2,optimal,1,82.328209,61.151196,1.346306,0.038706,0.0,,0.038706,0.039345,3,0,0
u_opt_factor\set04\u_opt_factor_0.9.py,u_opt_factor,4,u_opt_factor,0.9,2,5,5,0.5,0.9,0.7,0.6,1.0,0.9,61.180004,40,13,46.000002,87.400006,22.042858,1,1,1004,0,ilp_v3,optimal,1,90.218014,61.157808,1.475168,0.019618,0.0,,0.019618,0.020478,3,0,0
u_opt_factor\set04\u_opt_factor_0.9.py,u_opt_factor,4,u_opt_factor,0.9,2,5,5,0.5,0.9,0.7,0.6,1.0,0.9,61.180004,40,13,46.000002,87.400006,22.042858,1,1,1004,0,ilp_v4,optimal,1,86.040394,61.143355,1.407191,0.167349,0.0,,0.167349,0.174558,3,0,0
u_opt_factor\set04\u_opt_factor_0.9.py,u_opt_factor,4,u_opt_factor,0.9,2,5,5,0.5,0.9,0.7,0.6,1.0,0.9,61.180004,40,13,46.000002,87.400006,22.042858,1,1,1004,0,greedy_sps_baseline,solved,1,52.188649,61.021444,0.855251,0.001484,,,0.001484,0.001716,3,0,0
u_opt_factor\set00\u_opt_factor_0.1.py,u_opt_factor,0,u_opt_factor,0.1,2,5,5,0.5,0.1,0.7,0.6,1.0,0.1,35.420002,40,13,46.000002,50.600003,22.042858,1,1,1000,0,ilp_v1,optimal,1,13.550035,30.475735,0.444617,0.01663,0.0,,0.01663,0.017821,3,0,0
u_opt_factor\set00\u_opt_factor_0.2.py,u_opt_factor,0,u_opt_factor,0.2,2,5,5,0.5,0.2,0.7,0.6,1.0,0.2,38.639998,40,13,46.000002,55.199997,22.042858,1,1,1000,0,ilp_v1,optimal,1,26.812352,38.587265,0.69485,0.017248,0.0,,0.017248,0.019212,3,0,0
u_opt_factor\set00\u_opt_factor_0.3.py,u_opt_factor,0,u_opt_factor,0.3,2,5,5,0.5,0.3,0.7,0.6,1.0,0.3,41.860003,40,13,46.000002,59.800005,22.042858,1,1,1000,0,ilp_v1,optimal,1,40.051745,40.877717,0.979794,0.016416,0.0,,0.016416,0.016899,3,0,0
u_opt_factor\set00\u_opt_factor_0.4.py,u_opt_factor,0,u_opt_factor,0.4,2,5,5,0.5,0.4,0.7,0.6,1.0,0.4,45.080004,40,13,46.000002,64.400006,22.042858,1,1,1000,0,ilp_v1,optimal,1,53.291113,43.671721,1.220266,0.024596,0.0,,0.024596,0.026106,3,0,0
u_opt_factor\set00\u_opt_factor_0.5.py,u_opt_factor,0,u_opt_factor,0.5,2,5,5,0.5,0.5,0.7,0.6,1.0,0.5,48.300003,40,13,46.000002,69.000005,22.042858,1,1,1000,0,ilp_v1,optimal,1,67.365432,48.25283,1.396093,0.047381,0.0,,0.047381,0.05247,3,0,0
u_opt_factor\set00\u_opt_factor_0.6.py,u_opt_factor,0,u_opt_factor,0.6,2,5,5,0.5,0.6,0.7,0.6,1.0,0.6,51.520002,40,13,46.000002,73.600002,22.042858,1,1,1000,0,ilp_v1,optimal,1,76.899158,51.496891,1.493278,3.060011,0.0,,3.060011,3.227324,3,0,0
u_opt_factor\set00\u_opt_factor_0.7.py,u_opt_factor,0,u_opt_factor,0.7,2,5,5,0.5,0.7,0.7,0.6,1.0,0.7,54.740004,40,13,46.000002,78.200006,22.042858,1,1,1000,0,ilp_v1,optimal,1,85.70819,54.72899,1.566047,1.193381,0.0,,1.193381,1.257319,3,0,0
u_opt_factor\set00\u_opt_factor_0.8.py,u_opt_factor,0,u_opt_factor,0.8,2,5,5,0.5,0.8,0.7,0.6,1.0,0.8,57.96,40,13,46.000002,82.8,22.042858,1,1,1000,0,ilp_v1,optimal,1,93.37931,57.929701,1.611942,2.212076,0.0,,2.212076,2.417653,3,0,0
u_opt_factor\set00\u_opt_factor_0.9.py,u_opt_factor,0,u_opt_factor,0.9,2,5,5,0.5,0.9,0.7,0.6,1.0,0.9,61.18,40,13,46.000002,87.4,22.042858,1,1,1000,0,ilp_v1,optimal,1,100.840849,61.143821,1.64924,1.506456,0.0,,1.506456,1.580176,3,0,0
u_opt_factor\set01\u_opt_factor_0.1.py,u_opt_factor,1,u_opt_factor,0.1,2,5,5,0.5,0.1,0.7,0.6,1.0,0.1,35.419999,40,13,46.000002,50.599999,21.433334,1,1,1001,0,ilp_v1,optimal,1,10.912391,34.945167,0.312272,0.02669,0.0,,0.02669,0.034758,3,0,0
u_opt_factor\set01\u_opt_factor_0.2.py,u_opt_factor,1,u_opt_factor,0.2,2,5,5,0.5,0.2,0.7,0.6,1.0,0.2,38.640003,40,13,46.000002,55.200005,21.433334,1,1,1001,0,ilp_v1,optimal,1,21.824805,38.272168,0.570253,0.031859,0.0,,0.031859,0.03464,3,0,0
u_opt_factor\set01\u_opt_factor_0.3.py,u_opt_factor,1,u_opt_factor,0.3,2,5,5,0.5,0.3,0.7,0.6,1.0,0.3,41.860006,40,13,46.000002,59.800008,21.433334,1,1,1001,0,ilp_v1,optimal,1,32.450501,41.817657,0.776,1.323388,0.0,,1.323388,1.414546,3,0,0
u_opt_factor\set01\u_opt_factor_0.4.py,u_opt_factor,1,u_opt_factor,0.4,2,5,5,0.5,0.4,0.7,0.6,1.0,0.4,45.079998,40,13,46.000002,64.399997,21.433334,1,1,1001,0,ilp_v1,optimal,1,39.584573,45.078327,0.878129,1.389997,0.0,,1.389997,1.578931,3,0,0
u_opt_factor\set01\u_opt_factor_0.5.py,u_opt_factor,1,u_opt_factor,0.5,2,5,5,0.5,0.5,0.7,0.6,1.0,0.5,48.300007,40,13,46.000002,69.00001,21.433334,1,1,1001,0,ilp_v1,optimal,1,45.337307,48.245554,0.93972,4.013181,0.0,,4.013181,4.323327,3,0,0
u_opt_factor\set00\u_opt_factor_0.1.py,u_opt_factor,0,u_opt_factor,0.1,2,5,5,0.5,0.1,0.7,0.6,1.0,0.1,35.420002,40,13,46.000002,50.600003,22.042858,1,1,1000,0,heuristic_v3,solved,1,13.550035,35.126842,0.385746,0.005189,,,0.005189,0.007885,3,0,0
u_opt_factor\set00\u_opt_factor_0.2.py,u_opt_factor,0,u_opt_factor,0.2,2,5,5,0.5,0.2,0.7,0.6,1.0,0.2,38.639998,40,13,46.000002,55.199997,22.042858,1,1,1000,0,heuristic_v3,solved,1,26.812352,38.070171,0.704288,0.006646,,,0.006646,0.021985,3,0,0
u_opt_factor\set00\u_opt_factor_0.3.py,u_opt_factor,0,u_opt_factor,0.3,2,5,5,0.5,0.3,0.7,0.6,1.0,0.3,41.860003,40,13,46.000002,59.800005,22.042858,1,1,1000,0,heuristic_v3,solved,1,40.051745,41.238996,0.97121,0.00577,,,0.00577,0.006436,3,0,0
u_opt_factor\set00\u_opt_factor_0.4.py,u_opt_factor,0,u_opt_factor,0.4,2,5,5,0.5,0.4,0.7,0.6,1.0,0.4,45.080004,40,13,46.000002,64.400006,22.042858,1,1,1000,0,heuristic_v3,solved,1,51.568797,44.85968,1.149558,0.005848,,,0.005848,0.008796,3,0,0
u_opt_factor\set00\u_opt_factor_0.5.py,u_opt_factor,0,u_opt_factor,0.5,2,5,5,0.5,0.5,0.7,0.6,1.0,0.5,48.300003,40,13,46.000002,69.000005,22.042858,1,1,1000,0,heuristic_v3,solved,1,60.294133,47.770172,1.262171,0.00679,,,0.00679,0.007984,3,0,0
u_opt_factor\set00\u_opt_factor_0.6.py,u_opt_factor,0,u_opt_factor,0.6,2,5,5,0.5,0.6,0.7,0.6,1.0,0.6,51.520002,40,13,46.000002,73.600002,22.042858,1,1,1000,0,heuristic_v3,solved,1,68.513869,51.395151,1.33308,0.006511,,,0.006511,0.006991,3,0,0
u_opt_factor\set00\u_opt_factor_0.7.py,u_opt_factor,0,u_opt_factor,0.7,2,5,5,0.5,0.7,0.7,0.6,1.0,0.7,54.740004,40,13,46.000002,78.200006,22.042858,1,1,1000,0,heuristic_v3,solved,1,78.42134,54.316185,1.443793,0.005341,,,0.005341,0.006527,3,0,0
u_opt_factor\set00\u_opt_factor_0.8.py,u_opt_factor,0,u_opt_factor,0.8,2,5,5,0.5,0.8,0.7,0.6,1.0,0.8,57.96,40,13,46.000002,82.8,22.042858,1,1,1000,0,heuristic_v3,solved,1,86.947264,56.804573,1.530638,0.007194,,,0.007194,0.031199,3,0,0
u_opt_factor\set00\u_opt_factor_0.9.py,u_opt_factor,0,u_opt_factor,0.9,2,5,5,0.5,0.9,0.7,0.6,1.0,0.9,61.18,40,13,46.000002,87.4,22.042858,1,1,1000,0,heuristic_v3,solved,1,92.703823,60.84315,1.523653,0.005087,,,0.005087,0.005548,3,0,0
u_opt_factor\set01\u_opt_factor_0.1.py,u_opt_factor,1,u_opt_factor,0.1,2,5,5,0.5,0.1,0.7,0.6,1.0,0.1,35.419999,40,13,46.000002,50.599999,21.433334,1,1,1001,0,heuristic_v3,solved,1,10.912391,35.17595,0.310223,0.005025,,,0.005025,0.006457,3,0,0
u_opt_factor\set01\u_opt_factor_0.2.py,u_opt_factor,1,u_opt_factor,0.2,2,5,5,0.5,0.2,0.7,0.6,1.0,0.2,38.640003,40,13,46.000002,55.200005,21.433334,1,1,1001,0,heuristic_v3,solved,1,16.250701,38.045394,0.42714,0.005726,,,0.005726,0.034631,3,0,0
u_opt_factor\set01\u_opt_factor_0.3.py,u_opt_factor,1,u_opt_factor,0.3,2,5,5,0.5,0.3,0.7,0.6,1.0,0.3,41.860006,40,13,46.000002,59.800008,21.433334,1,1,1001,0,heuristic_v3,solved,1,24.376056,41.701039,0.584543,0.005307,,,0.005307,0.00637,3,0,0
u_opt_factor\set01\u_opt_factor_0.4.py,u_opt_factor,1,u_opt_factor,0.4,2,5,5,0.5,0.4,0.7,0.6,1.0,0.4,45.079998,40,13,46.000002,64.399997,21.433334,1,1,1001,0,heuristic_v3,solved,1,32.61288,44.413246,0.734305,0.004977,,,0.004977,0.00829,3,0,0
u_opt_factor\set01\u_opt_factor_0.5.py,u_opt_factor,1,u_opt_factor,0.5,2,5,5,0.5,0.5,0.7,0.6,1.0,0.5,48.300007,40,13,46.000002,69.00001,21.433334,1,1,1001,0,heuristic_v3,solved,1,37.582906,47.285342,0.794811,0.005185,,,0.005185,0.005685,3,0,0
u_opt_factor\set01\u_opt_factor_0.6.py,u_opt_factor,1,u_opt_factor,0.6,2,5,5,0.5,0.6,0.7,0.6,1.0,0.6,51.519999,40,13,46.000002,73.599999,21.433334,1,1,1001,0,heuristic_v3,solved,1,46.111399,51.44667,0.896295,0.007673,,,0.007673,0.032732,3,0,0
u_opt_factor\set01\u_opt_factor_0.7.py,u_opt_factor,1,u_opt_factor,0.7,2,5,5,0.5,0.7,0.7,0.6,1.0,0.7,54.740002,40,13,46.000002,78.200003,21.433334,1,1,1001,0,heuristic_v3,solved,1,51.345413,54.539594,0.941434,0.007287,,,0.007287,0.010782,3,0,0
u_opt_factor\set01\u_opt_factor_0.8.py,u_opt_factor,1,u_opt_factor,0.8,2,5,5,0.5,0.8,0.7,0.6,1.0,0.8,57.960002,40,13,46.000002,82.800003,21.433334,1,1,1001,0,heuristic_v3,solved,1,55.053703,57.924647,0.950437,0.00814,,,0.00814,0.008532,3,0,0
u_opt_factor\set01\u_opt_factor_0.9.py,u_opt_factor,1,u_opt_factor,0.9,2,5,5,0.5,0.9,0.7,0.6,1.0,0.9,61.180002,40,13,46.000002,87.400003,21.433334,1,1,1001,0,heuristic_v3,solved,1,58.687828,60.94775,0.96292,0.004702,,,0.004702,0.007203,3,0,0
u_opt_factor\set02\u_opt_factor_0.1.py,u_opt_factor,2,u_opt_factor,0.1,2,5,5,0.5,0.1,0.7,0.6,1.0,0.1,35.419998,40,11,46.000001,50.599998,21.400001,1,1,1002,0,heuristic_v3,solved,1,16.558345,34.443613,0.480738,0.003398,,,0.003398,0.006806,3,0,0
u_opt_factor\set02\u_opt_factor_0.2.py,u_opt_factor,2,u_opt_factor,0.2,2,5,5,0.5,0.2,0.7,0.6,1.0,0.2,38.640002,40,11,46.000001,55.200002,21.400001,1,1,1002,0,heuristic_v3,solved,1,32.023685,38.476827,0.832285,0.003098,,,0.003098,0.003778,3,0,0
u_opt_factor\set02\u_opt_factor_0.3.py,u_opt_factor,2,u_opt_factor,0.3,2,5,5,0.5,0.3,0.7,0.6,1.0,0.3,41.859999,40,11,46.000001,59.799999,21.400001,1,1,1002,0,heuristic_v3,solved,1,45.207389,41.610318,1.086447,0.002462,,,0.002462,0.00306,3,0,0
u_opt_factor\set02\u_opt_factor_0.4.py,u_opt_factor,2,u_opt_factor,0.4,2,5,5,0.5,0.4,0.7,0.6,1.0,0.4,45.080002,40,11,46.000001,64.400003,21.400001,1,1,1002,0,heuristic_v3,solved,1,55.31434,44.254531,1.249914,0.002158,,,0.002158,0.002497,3,0,0
u_opt_factor\set02\u_opt_factor_0.5.py,u_opt_factor,2,u_opt_factor,0.5,2,5,5,0.5,0.5,0.7,0.6,1.0,0.5,48.300001,40,11,46.000001,69.000001,21.400001,1,1,1002,0,heuristic_v3,solved,1,65.644495,48.017426,1.367097,0.002373,,,0.002373,0.002722,3,0,0
u_opt_factor\set02\u_opt_factor_0.6.py,u_opt_factor,2,u_opt_factor,0.6,2,5,5,0.5,0.6,0.7,0.6,1.0,0.6,51.519999,40,11,46.000001,73.599999,21.400001,1,1,1002,0,heuristic_v3,solved,1,75.099643,50.532527,1.486164,0.002222,,,0.002222,0.002479,3,0,0
u_opt_factor\set02\u_opt_factor_0.7.py,u_opt_factor,2,u_opt_factor,0.7,2,5,5,0.5,0.7,0.7,0.6,1.0,0.7,54.739998,40,11,46.000001,78.199998,21.400001,1,1,1002,0,heuristic_v3,solved,1,74.653976,54.342603,1.373765,0.002424,,,0.002424,0.002823,3,0,0
u_opt_factor\set02\u_opt_factor_0.8.py,u_opt_factor,2,u_opt_factor,0.8,2,5,5,0.5,0.8,0.7,0.6,1.0,0.8,57.960001,40,11,46.000001,82.800001,21.400001,1,1,1002,0,heuristic_v3,solved,1,79.677366,57.832117,1.377736,0.005051,,,0.005051,0.018008,3,0,0
u_opt_factor\set02\u_opt_factor_0.9.py,u_opt_factor,2,u_opt_factor,0.9,2,5,5,0.5,0.9,0.7,0.6,1.0,0.9,61.180002,40,11,46.000001,87.400002,21.400001,1,1,1002,0,heuristic_v3,solved,1,84.003807,59.64832,1.408318,0.002067,,,0.002067,0.002716,3,0,0
u_opt_factor\set03\u_opt_factor_0.1.py,u_opt_factor,3,u_opt_factor,0.1,2,5,5,0.5,0.1,0.7,0.6,1.0,0.1,35.420006,40,10,46.0,50.600008,21.433333,1,1,1003,0,heuristic_v3,solved,1,13.445002,34.546945,0.389181,0.002818,,,0.002818,0.003111,3,0,0
u_opt_factor\set03\u_opt_factor_0.2.py,u_opt_factor,3,u_opt_factor,0.2,2,5,5,0.5,0.2,0.7,0.6,1.0,0.2,38.639995,40,10,46.0,55.199993,21.433333,1,1,1003,0,heuristic_v3,solved,1,26.889959,38.408946,0.700096,0.002771,,,0.002771,0.002944,3,0,0
u_opt_factor\set03\u_opt_factor_0.3.py,u_opt_factor,3,u_opt_factor,0.3,2,5,5,0.5,0.3,0.7,0.6,1.0,0.3,41.86,40,10,46.0,59.8,21.433333,1,1,1003,0,heuristic_v3,solved,1,40.334957,40.106903,1.005686,0.003525,,,0.003525,0.004039,3,0,0
u_opt_factor\set03\u_opt_factor_0.4.py,u_opt_factor,3,u_opt_factor,0.4,2,5,5,0.5,0.4,0.7,0.6,1.0,0.4,45.079999,40,10,46.0,64.399999,21.433333,1,1,1003,0,heuristic_v3,solved,1,53.77994,41.911859,1.283168,0.003798,,,0.003798,0.004077,3,0,0
u_opt_factor\set03\u_opt_factor_0.5.py,u_opt_factor,3,u_opt_factor,0.5,2,5,5,0.5,0.5,0.7,0.6,1.0,0.5,48.299999,40,10,46.0,68.999999,21.433333,1,1,1003,0,heuristic_v3,solved,1,64.658947,48.293011,1.338888,0.003697,,,0.003697,0.004031,3,0,0
u_opt_factor\set03\u_opt_factor_0.6.py,u_opt_factor,3,u_opt_factor,0.6,2,5,5,0.5,0.6,0.7,0.6,1.0,0.6,51.520001,40,10,46.0,73.600001,21.433333,1,1,1003,0,heuristic_v3,solved,1,69.945492,50.486751,1.385423,0.002946,,,0.002946,0.003103,3,0,0
u_opt_factor\set03\u_opt_factor_0.7.py,u_opt_factor,3,u_opt_factor,0.7,2,5,5,0.5,0.7,0.7,0.6,1.0,0.7,54.740002,40,10,46.0,78.200003,21.433333,1,1,1003,0,heuristic_v3,solved,1,68.391642,54.575659,1.253153,0.004822,,,0.004822,0.009159,3,0,0
u_opt_factor\set03\u_opt_factor_0.8.py,u_opt_factor,3,u_opt_factor,0.8,2,5,5,0.5,0.8,0.7,0.6,1.0,0.8,57.960002,40,10,46.0,82.800003,21.433333,1,1,1003,0,heuristic_v3,solved,1,74.817053,57.441159,1.302499,0.003358,,,0.003358,0.003683,3,0,0
u_opt_factor\set03\u_opt_factor_0.9.py,u_opt_factor,3,u_opt_factor,0.9,2,5,5,0.5,0.9,0.7,0.6,1.0,0.9,61.179997,40,10,46.0,87.399995,21.433333,1,1,1003,0,heuristic_v3,solved,1,78.758833,61.066952,1.289713,0.002851,,,0.002851,0.003905,3,0,0
u_opt_factor\set04\u_opt_factor_0.1.py,u_opt_factor,4,u_opt_factor,0.1,2,5,5,0.5,0.1,0.7,0.6,1.0,0.1,35.420001,40,13,46.000002,50.600001,22.042858,1,1,1004,0,heuristic_v3,solved,1,11.380119,35.289703,0.322477,0.004195,,,0.004195,0.00448,3,0,0
u_opt_factor\set04\u_opt_factor_0.2.py,u_opt_factor,4,u_opt_factor,0.2,2,5,5,0.5,0.2,0.7,0.6,1.0,0.2,38.640002,40,13,46.000002,55.200002,22.042858,1,1,1004,0,heuristic_v3,solved,1,22.760248,37.9977,0.59899,0.005233,,,0.005233,0.026106,3,0,0
u_opt_factor\set04\u_opt_factor_0.3.py,u_opt_factor,4,u_opt_factor,0.3,2,5,5,0.5,0.3,0.7,0.6,1.0,0.3,41.859998,40,13,46.000002,59.799997,22.042858,1,1,1004,0,heuristic_v3,solved,1,32.505631,39.327351,0.82654,0.005721,,,0.005721,0.006319,3,0,0
u_opt_factor\set04\u_opt_factor_0.4.py,u_opt_factor,4,u_opt_factor,0.4,2,5,5,0.5,0.4,0.7,0.6,1.0,0.4,45.08,40,13,46.000002,64.4,22.042858,1,1,1004,0,heuristic_v3,solved,1,42.60293,45.070993,0.945241,0.005137,,,0.005137,0.005528,3,0,0
u_opt_factor\set04\u_opt_factor_0.5.py,u_opt_factor,4,u_opt_factor,0.5,2,5,5,0.5,0.5,0.7,0.6,1.0,0.5,48.3,40,13,46.000002,69.0,22.042858,1,1,1004,0,heuristic_v3,solved,1,50.189787,48.232085,1.040589,0.010472,,,0.010472,0.017702,3,0,0
u_opt_factor\set04\u_opt_factor_0.6.py,u_opt_factor,4,u_opt_factor,0.6,2,5,5,0.5,0.6,0.7,0.6,1.0,0.6,51.520001,40,13,46.000002,73.600001,22.042858,1,1,1004,0,heuristic_v3,solved,1,51.446534,51.480475,0.999341,0.006158,,,0.006158,0.006934,3,0,0
u_opt_factor\set04\u_opt_factor_0.7.py,u_opt_factor,4,u_opt_factor,0.7,2,5,5,0.5,0.7,0.7,0.6,1.0,0.7,54.740008,40,13,46.000002,78.200012,22.042858,1,1,1004,0,heuristic_v3,solved,1,58.35132,54.561944,1.069451,0.005661,,,0.005661,0.006456,3,0,0
u_opt_factor\set04\u_opt_factor_0.8.py,u_opt_factor,4,u_opt_factor,0.8,2,5,5,0.5,0.8,0.7,0.6,1.0,0.8,57.960002,40,13,46.000002,82.800003,22.042858,1,1,1004,0,heuristic_v3,solved,1,61.533325,57.882482,1.063073,0.005902,,,0.005902,0.007425,3,0,0
u_opt_factor\set04\u_opt_factor_0.9.py,u_opt_factor,4,u_opt_factor,0.9,2,5,5,0.5,0.9,0.7,0.6,1.0,0.9,61.180004,40,13,46.000002,87.400006,22.042858,1,1,1004,0,heuristic_v3,solved,1,67.541583,61.04572,1.10641,0.006605,,,0.006605,0.008475,3,0,0
u_opt_factor\set00\u_opt_factor_0.1.py,u_opt_factor,0,u_opt_factor,0.1,2,5,5,0.5,0.1,0.7,0.6,1.0,0.1,35.420002,40,13,46.000002,50.600003,22.042858,1,1,1000,0,heuristic_v4,solved,1,13.550035,35.126842,0.385746,0.004761,,,0.004761,0.005872,3,0,0
u_opt_factor\set00\u_opt_factor_0.2.py,u_opt_factor,0,u_opt_factor,0.2,2,5,5,0.5,0.2,0.7,0.6,1.0,0.2,38.639998,40,13,46.000002,55.199997,22.042858,1,1,1000,0,heuristic_v4,solved,1,26.812352,38.070171,0.704288,0.005502,,,0.005502,0.006677,3,0,0
u_opt_factor\set00\u_opt_factor_0.3.py,u_opt_factor,0,u_opt_factor,0.3,2,5,5,0.5,0.3,0.7,0.6,1.0,0.3,41.860003,40,13,46.000002,59.800005,22.042858,1,1,1000,0,heuristic_v4,solved,1,40.051745,41.238996,0.97121,0.005695,,,0.005695,0.00648,3,0,0
u_opt_factor\set00\u_opt_factor_0.4.py,u_opt_factor,0,u_opt_factor,0.4,2,5,5,0.5,0.4,0.7,0.6,1.0,0.4,45.080004,40,13,46.000002,64.400006,22.042858,1,1,1000,0,heuristic_v4,solved,1,51.625914,45.019107,1.146756,0.006718,,,0.006718,0.013579,3,0,0
u_opt_factor\set00\u_opt_factor_0.5.py,u_opt_factor,0,u_opt_factor,0.5,2,5,5,0.5,0.5,0.7,0.6,1.0,0.5,48.300003,40,13,46.000002,69.000005,22.042858,1,1,1000,0,heuristic_v4,solved,1,60.294133,47.770172,1.262171,0.004427,,,0.004427,0.005094,3,0,0
u_opt_factor\set00\u_opt_factor_0.6.py,u_opt_factor,0,u_opt_factor,0.6,2,5,5,0.5,0.6,0.7,0.6,1.0,0.6,51.520002,40,13,46.000002,73.600002,22.042858,1,1,1000,0,heuristic_v4,solved,1,68.513869,51.395151,1.33308,0.004514,,,0.004514,0.004783,3,0,0
u_opt_factor\set00\u_opt_factor_0.7.py,u_opt_factor,0,u_opt_factor,0.7,2,5,5,0.5,0.7,0.7,0.6,1.0,0.7,54.740004,40,13,46.000002,78.200006,22.042858,1,1,1000,0,heuristic_v4,solved,1,78.490139,54.406253,1.442668,0.00488,,,0.00488,0.005767,3,0,0
u_opt_factor\set00\u_opt_factor_0.8.py,u_opt_factor,0,u_opt_factor,0.8,2,5,5,0.5,0.8,0.7,0.6,1.0,0.8,57.96,40,13,46.000002,82.8,22.042858,1,1,1000,0,heuristic_v4,solved,1,86.947264,56.804573,1.530638,0.005879,,,0.005879,0.007047,3,0,0
u_opt_factor\set00\u_opt_factor_0.9.py,u_opt_factor,0,u_opt_factor,0.9,2,5,5,0.5,0.9,0.7,0.6,1.0,0.9,61.18,40,13,46.000002,87.4,22.042858,1,1,1000,0,heuristic_v4,solved,1,94.168911,61.150338,1.539957,0.006014,,,0.006014,0.006293,3,0,0
u_opt_factor\set01\u_opt_factor_0.1.py,u_opt_factor,1,u_opt_factor,0.1,2,5,5,0.5,0.1,0.7,0.6,1.0,0.1,35.419999,40,13,46.000002,50.599999,21.433334,1,1,1001,0,heuristic_v4,solved,1,10.912391,35.17595,0.310223,0.004181,,,0.004181,0.005502,3,0,0
u_opt_factor\set01\u_opt_factor_0.2.py,u_opt_factor,1,u_opt_factor,0.2,2,5,5,0.5,0.2,0.7,0.6,1.0,0.2,38.640003,40,13,46.000002,55.200005,21.433334,1,1,1001,0,heuristic_v4,solved,1,16.250701,38.045394,0.42714,0.004501,,,0.004501,0.005914,3,0,0
u_opt_factor\set01\u_opt_factor_0.3.py,u_opt_factor,1,u_opt_factor,0.3,2,5,5,0.5,0.3,0.7,0.6,1.0,0.3,41.860006,40,13,46.000002,59.800008,21.433334,1,1,1001,0,heuristic_v4,solved,1,24.376056,41.701039,0.584543,0.005744,,,0.005744,0.006014,3,0,0
u_opt_factor\set01\u_opt_factor_0.4.py,u_opt_factor,1,u_opt_factor,0.4,2,5,5,0.5,0.4,0.7,0.6,1.0,0.4,45.079998,40,13,46.000002,64.399997,21.433334,1,1,1001,0,heuristic_v4,solved,1,32.61288,44.413246,0.734305,0.004181,,,0.004181,0.004487,3,0,0
u_opt_factor\set01\u_opt_factor_0.5.py,u_opt_factor,1,u_opt_factor,0.5,2,5,5,0.5,0.5,0.7,0.6,1.0,0.5,48.300007,40,13,46.000002,69.00001,21.433334,1,1,1001,0,heuristic_v4,solved,1,37.582906,47.285342,0.794811,0.004678,,,0.004678,0.005871,3,0,0
u_opt_factor\set01\u_opt_factor_0.6.py,u_opt_factor,1,u_opt_factor,0.6,2,5,5,0.5,0.6,0.7,0.6,1.0,0.6,51.519999,40,13,46.000002,73.599999,21.433334,1,1,1001,0,heuristic_v4,solved,1,48.503941,50.889533,0.953122,0.014071,,,0.014071,0.01455,3,0,0
u_opt_factor\set01\u_opt_factor_0.7.py,u_opt_factor,1,u_opt_factor,0.7,2,5,5,0.5,0.7,0.7,0.6,1.0,0.7,54.740002,40,13,46.000002,78.200003,21.433334,1,1,1001,0,heuristic_v4,solved,1,51.345413,54.539594,0.941434,0.007684,,,0.007684,0.008821,3,0,0
u_opt_factor\set01\u_opt_factor_0.8.py,u_opt_factor,1,u_opt_factor,0.8,2,5,5,0.5,0.8,0.7,0.6,1.0,0.8,57.960002,40,13,46.000002,82.800003,21.433334,1,1,1001,0,heuristic_v4,solved,1,55.053703,57.924647,0.950437,0.006147,,,0.006147,0.007539,3,0,0
u_opt_factor\set01\u_opt_factor_0.9.py,u_opt_factor,1,u_opt_factor,0.9,2,5,5,0.5,0.9,0.7,0.6,1.0,0.9,61.180002,40,13,46.000002,87.400003,21.433334,1,1,1001,0,heuristic_v4,solved,1,58.687828,60.94775,0.96292,0.003456,,,0.003456,0.004536,3,0,0
u_opt_factor\set02\u_opt_factor_0.1.py,u_opt_factor,2,u_opt_factor,0.1,2,5,5,0.5,0.1,0.7,0.6,1.0,0.1,35.419998,40,11,46.000001,50.599998,21.400001,1,1,1002,0,heuristic_v4,solved,1,16.558345,34.443613,0.480738,0.002788,,,0.002788,0.002951,3,0,0
u_opt_factor\set02\u_opt_factor_0.2.py,u_opt_factor,2,u_opt_factor,0.2,2,5,5,0.5,0.2,0.7,0.6,1.0,0.2,38.640002,40,11,46.000001,55.200002,21.400001,1,1,1002,0,heuristic_v4,solved,1,32.023685,38.476827,0.832285,0.002336,,,0.002336,0.002624,3,0,0
u_opt_factor\set02\u_opt_factor_0.3.py,u_opt_factor,2,u_opt_factor,0.3,2,5,5,0.5,0.3,0.7,0.6,1.0,0.3,41.859999,40,11,46.000001,59.799999,21.400001,1,1,1002,0,heuristic_v4,solved,1,45.207389,41.610318,1.086447,0.0029,,,0.0029,0.003022,3,0,0
u_opt_factor\set02\u_opt_factor_0.4.py,u_opt_factor,2,u_opt_factor,0.4,2,5,5,0.5,0.4,0.7,0.6,1.0,0.4,45.080002,40,11,46.000001,64.400003,21.400001,1,1,1002,0,heuristic_v4,solved,1,55.31434,44.254531,1.249914,0.002879,,,0.002879,0.002992,3,0,0
u_opt_factor\set02\u_opt_factor_0.5.py,u_opt_factor,2,u_opt_factor,0.5,2,5,5,0.5,0.5,0.7,0.6,1.0,0.5,48.300001,40,11,46.000001,69.000001,21.400001,1,1,1002,0,heuristic_v4,solved,1,65.644495,48.017426,1.367097,0.002407,,,0.002407,0.002821,3,0,0
u_opt_factor\set02\u_opt_factor_0.6.py,u_opt_factor,2,u_opt_factor,0.6,2,5,5,0.5,0.6,0.7,0.6,1.0,0.6,51.519999,40,11,46.000001,73.599999,21.400001,1,1,1002,0,heuristic_v4,solved,1,78.244288,50.461733,1.550567,0.003159,,,0.003159,0.004082,3,0,0
u_opt_factor\set02\u_opt_factor_0.7.py,u_opt_factor,2,u_opt_factor,0.7,2,5,5,0.5,0.7,0.7,0.6,1.0,0.7,54.739998,40,11,46.000001,78.199998,21.400001,1,1,1002,0,heuristic_v4,solved,1,77.183409,53.885733,1.432353,0.002456,,,0.002456,0.003578,3,0,0
u_opt_factor\set02\u_opt_factor_0.8.py,u_opt_factor,2,u_opt_factor,0.8,2,5,5,0.5,0.8,0.7,0.6,1.0,0.8,57.960001,40,11,46.000001,82.800001,21.400001,1,1,1002,0,heuristic_v4,solved,1,84.836713,57.555158,1.474007,0.004379,,,0.004379,0.004561,3,0,0
u_opt_factor\set02\u_opt_factor_0.9.py,u_opt_factor,2,u_opt_factor,0.9,2,5,5,0.5,0.9,0.7,0.6,1.0,0.9,61.180002,40,11,46.000001,87.400002,21.400001,1,1,1002,0,heuristic_v4,solved,1,88.634551,59.082094,1.500193,0.003432,,,0.003432,0.008034,3,0,0
u_opt_factor\set03\u_opt_factor_0.1.py,u_opt_factor,3,u_opt_factor,0.1,2,5,5,0.5,0.1,0.7,0.6,1.0,0.1,35.420006,40,10,46.0,50.600008,21.433333,1,1,1003,0,heuristic_v4,solved,1,13.445002,34.546945,0.389181,0.00281,,,0.00281,0.003507,3,0,0
u_opt_factor\set03\u_opt_factor_0.2.py,u_opt_factor,3,u_opt_factor,0.2,2,5,5,0.5,0.2,0.7,0.6,1.0,0.2,38.639995,40,10,46.0,55.199993,21.433333,1,1,1003,0,heuristic_v4,solved,1,26.889959,38.408946,0.700096,0.002896,,,0.002896,0.003141,3,0,0
u_opt_factor\set03\u_opt_factor_0.3.py,u_opt_factor,3,u_opt_factor,0.3,2,5,5,0.5,0.3,0.7,0.6,1.0,0.3,41.86,40,10,46.0,59.8,21.433333,1,1,1003,0,heuristic_v4,solved,1,40.334957,40.106903,1.005686,0.002634,,,0.002634,0.002928,3,0,0
u_opt_factor\set03\u_opt_factor_0.4.py,u_opt_factor,3,u_opt_factor,0.4,2,5,5,0.5,0.4,0.7,0.6,1.0,0.4,45.079999,40,10,46.0,64.399999,21.433333,1,1,1003,0,heuristic_v4,solved,1,53.77994,41.911859,1.283168,0.002593,,,0.002593,0.00326,3,0,0
u_opt_factor\set03\u_opt_factor_0.5.py,u_opt_factor,3,u_opt_factor,0.5,2,5,5,0.5,0.5,0.7,0.6,1.0,0.5,48.299999,40,10,46.0,68.999999,21.433333,1,1,1003,0,heuristic_v4,solved,1,64.658947,48.293011,1.338888,0.003276,,,0.003276,0.003629,3,0,0
u_opt_factor\set03\u_opt_factor_0.6.py,u_opt_factor,3,u_opt_factor,0.6,2,5,5,0.5,0.6,0.7,0.6,1.0,0.6,51.520001,40,10,46.0,73.600001,21.433333,1,1,1003,0,heuristic_v4,solved,1,71.274215,50.892331,1.40049,0.002842,,,0.002842,0.003319,3,0,0
u_opt_factor\set03\u_opt_factor_0.7.py,u_opt_factor,3,u_opt_factor,0.7,2,5,5,0.5,0.7,0.7,0.6,1.0,0.7,54.740002,40,10,46.0,78.200003,21.433333,1,1,1003,0,heuristic_v4,solved,1,68.703971,54.690381,1.256235,0.004665,,,0.004665,0.00524,3,0,0
u_opt_factor\set03\u_opt_factor_0.8.py,u_opt_factor,3,u_opt_factor,0.8,2,5,5,0.5,0.8,0.7,0.6,1.0,0.8,57.960002,40,10,46.0,82.800003,21.433333,1,1,1003,0,heuristic_v4,solved,1,74.937388,57.485359,1.303591,0.003312,,,0.003312,0.004341,3,0,0
u_opt_factor\set03\u_opt_factor_0.9.py,u_opt_factor,3,u_opt_factor,0.9,2,5,5,0.5,0.9,0.7,0.6,1.0,0.9,61.179997,40,10,46.0,87.399995,21.433333,1,1,1003,0,heuristic_v4,solved,1,78.894211,61.113076,1.290955,0.002782,,,0.002782,0.00329,3,0,0
u_opt_factor\set04\u_opt_factor_0.1.py,u_opt_factor,4,u_opt_factor,0.1,2,5,5,0.5,0.1,0.7,0.6,1.0,0.1,35.420001,40,13,46.000002,50.600001,22.042858,1,1,1004,0,heuristic_v4,solved,1,11.380119,35.289703,0.322477,0.003299,,,0.003299,0.003721,3,0,0
u_opt_factor\set04\u_opt_factor_0.2.py,u_opt_factor,4,u_opt_factor,0.2,2,5,5,0.5,0.2,0.7,0.6,1.0,0.2,38.640002,40,13,46.000002,55.200002,22.042858,1,1,1004,0,heuristic_v4,solved,1,22.760248,37.9977,0.59899,0.003985,,,0.003985,0.007204,3,0,0
u_opt_factor\set04\u_opt_factor_0.3.py,u_opt_factor,4,u_opt_factor,0.3,2,5,5,0.5,0.3,0.7,0.6,1.0,0.3,41.859998,40,13,46.000002,59.799997,22.042858,1,1,1004,0,heuristic_v4,solved,1,34.140359,40.170306,0.84989,0.005491,,,0.005491,0.013433,3,0,0
u_opt_factor\set04\u_opt_factor_0.4.py,u_opt_factor,4,u_opt_factor,0.4,2,5,5,0.5,0.4,0.7,0.6,1.0,0.4,45.08,40,13,46.000002,64.4,22.042858,1,1,1004,0,heuristic_v4,solved,1,44.034389,45.030002,0.97789,0.005662,,,0.005662,0.025465,3,0,0
u_opt_factor\set04\u_opt_factor_0.5.py,u_opt_factor,4,u_opt_factor,0.5,2,5,5,0.5,0.5,0.7,0.6,1.0,0.5,48.3,40,13,46.000002,69.0,22.042858,1,1,1004,0,heuristic_v4,solved,1,52.901529,48.235321,1.096738,0.006718,,,0.006718,0.008856,3,0,0
u_opt_factor\set04\u_opt_factor_0.6.py,u_opt_factor,4,u_opt_factor,0.6,2,5,5,0.5,0.6,0.7,0.6,1.0,0.6,51.520001,40,13,46.000002,73.600001,22.042858,1,1,1004,0,heuristic_v4,solved,1,51.515241,51.505412,1.000191,0.006642,,,0.006642,0.019383,3,0,0
u_opt_factor\set04\u_opt_factor_0.7.py,u_opt_factor,4,u_opt_factor,0.7,2,5,5,0.5,0.7,0.7,0.6,1.0,0.7,54.740008,40,13,46.000002,78.200012,22.042858,1,1,1004,0,heuristic_v4,solved,1,60.482147,54.715482,1.105394,0.008508,,,0.008508,0.029169,3,0,0
u_opt_factor\set04\u_opt_factor_0.8.py,u_opt_factor,4,u_opt_factor,0.8,2,5,5,0.5,0.8,0.7,0.6,1.0,0.8,57.960002,40,13,46.000002,82.800003,22.042858,1,1,1004,0,heuristic_v4,solved,1,61.533325,57.882482,1.063073,0.005085,,,0.005085,0.006045,3,0,0
u_opt_factor\set04\u_opt_factor_0.9.py,u_opt_factor,4,u_opt_factor,0.9,2,5,5,0.5,0.9,0.7,0.6,1.0,0.9,61.180004,40,13,46.000002,87.400006,22.042858,1,1,1004,0,heuristic_v4,solved,1,67.967583,61.163672,1.111241,0.008724,,,0.008724,0.029021,3,0,0
u_opt_factor\set00\u_opt_factor_0.1.py,u_opt_factor,0,u_opt_factor,0.1,2,5,5,0.5,0.1,0.7,0.6,1.0,0.1,35.420002,40,13,46.000002,50.600003,22.042858,1,1,1000,0,heuristic_v5a,solved,1,13.550035,35.126842,0.385746,0.006131,,,0.006131,0.022643,3,0,0
u_opt_factor\set00\u_opt_factor_0.2.py,u_opt_factor,0,u_opt_factor,0.2,2,5,5,0.5,0.2,0.7,0.6,1.0,0.2,38.639998,40,13,46.000002,55.199997,22.042858,1,1,1000,0,heuristic_v5a,solved,1,26.812352,38.070171,0.704288,0.006284,,,0.006284,0.010414,3,0,0
u_opt_factor\set00\u_opt_factor_0.3.py,u_opt_factor,0,u_opt_factor,0.3,2,5,5,0.5,0.3,0.7,0.6,1.0,0.3,41.860003,40,13,46.000002,59.800005,22.042858,1,1,1000,0,heuristic_v5a,solved,1,40.051745,41.238996,0.97121,0.006912,,,0.006912,0.00847,3,0,0
u_opt_factor\set00\u_opt_factor_0.4.py,u_opt_factor,0,u_opt_factor,0.4,2,5,5,0.5,0.4,0.7,0.6,1.0,0.4,45.080004,40,13,46.000002,64.400006,22.042858,1,1,1000,0,heuristic_v5a,solved,1,51.625914,45.019107,1.146756,0.009017,,,0.009017,0.016966,3,0,0
u_opt_factor\set00\u_opt_factor_0.5.py,u_opt_factor,0,u_opt_factor,0.5,2,5,5,0.5,0.5,0.7,0.6,1.0,0.5,48.300003,40,13,46.000002,69.000005,22.042858,1,1,1000,0,heuristic_v5a,solved,1,60.294133,47.770172,1.262171,0.005419,,,0.005419,0.007992,3,0,0
u_opt_factor\set00\u_opt_factor_0.6.py,u_opt_factor,0,u_opt_factor,0.6,2,5,5,0.5,0.6,0.7,0.6,1.0,0.6,51.520002,40,13,46.000002,73.600002,22.042858,1,1,1000,0,heuristic_v5a,solved,1,71.308964,51.430603,1.386508,0.005465,,,0.005465,0.005675,3,0,0
u_opt_factor\set00\u_opt_factor_0.7.py,u_opt_factor,0,u_opt_factor,0.7,2,5,5,0.5,0.7,0.7,0.6,1.0,0.7,54.740004,40,13,46.000002,78.200006,22.042858,1,1,1000,0,heuristic_v5a,solved,1,78.490139,54.406253,1.442668,0.005766,,,0.005766,0.010355,3,0,0
u_opt_factor\set00\u_opt_factor_0.8.py,u_opt_factor,0,u_opt_factor,0.8,2,5,5,0.5,0.8,0.7,0.6,1.0,0.8,57.96,40,13,46.000002,82.8,22.042858,1,1,1000,0,heuristic_v5a,solved,1,86.947264,56.804573,1.530638,0.006471,,,0.006471,0.009989,3,0,0
u_opt_factor\set00\u_opt_factor_0.9.py,u_opt_factor,0,u_opt_factor,0.9,2,5,5,0.5,0.9,0.7,0.6,1.0,0.9,61.18,40,13,46.000002,87.4,22.042858,1,1,1000,0,heuristic_v5a,solved,1,94.168911,61.150338,1.539957,0.005078,,,0.005078,0.005435,3,0,0
u_opt_factor\set01\u_opt_factor_0.1.py,u_opt_factor,1,u_opt_factor,0.1,2,5,5,0.5,0.1,0.7,0.6,1.0,0.1,35.419999,40,13,46.000002,50.599999,21.433334,1,1,1001,0,heuristic_v5a,solved,1,10.912391,35.17595,0.310223,0.007488,,,0.007488,0.021567,3,0,0
u_opt_factor\set01\u_opt_factor_0.2.py,u_opt_factor,1,u_opt_factor,0.2,2,5,5,0.5,0.2,0.7,0.6,1.0,0.2,38.640003,40,13,46.000002,55.200005,21.433334,1,1,1001,0,heuristic_v5a,solved,1,16.250701,38.045394,0.42714,0.005006,,,0.005006,0.009197,3,0,0
u_opt_factor\set01\u_opt_factor_0.3.py,u_opt_factor,1,u_opt_factor,0.3,2,5,5,0.5,0.3,0.7,0.6,1.0,0.3,41.860006,40,13,46.000002,59.800008,21.433334,1,1,1001,0,heuristic_v5a,solved,1,24.376056,41.701039,0.584543,0.005331,,,0.005331,0.006756,3,0,0
u_opt_factor\set01\u_opt_factor_0.4.py,u_opt_factor,1,u_opt_factor,0.4,2,5,5,0.5,0.4,0.7,0.6,1.0,0.4,45.079998,40,13,46.000002,64.399997,21.433334,1,1,1001,0,heuristic_v5a,solved,1,32.61288,44.413246,0.734305,0.004862,,,0.004862,0.007337,3,0,0
u_opt_factor\set01\u_opt_factor_0.5.py,u_opt_factor,1,u_opt_factor,0.5,2,5,5,0.5,0.5,0.7,0.6,1.0,0.5,48.300007,40,13,46.000002,69.00001,21.433334,1,1,1001,0,heuristic_v5a,solved,1,39.069917,48.270566,0.809394,0.006167,,,0.006167,0.01569,3,0,0
u_opt_factor\set01\u_opt_factor_0.6.py,u_opt_factor,1,u_opt_factor,0.6,2,5,5,0.5,0.6,0.7,0.6,1.0,0.6,51.519999,40,13,46.000002,73.599999,21.433334,1,1,1001,0,heuristic_v5a,solved,1,48.058317,51.032259,0.941724,0.007082,,,0.007082,0.009447,3,0,0
u_opt_factor\set01\u_opt_factor_0.7.py,u_opt_factor,1,u_opt_factor,0.7,2,5,5,0.5,0.7,0.7,0.6,1.0,0.7,54.740002,40,13,46.000002,78.200003,21.433334,1,1,1001,0,heuristic_v5a,solved,1,51.216292,54.722279,0.935931,0.004645,,,0.004645,0.007001,3,0,0
u_opt_factor\set01\u_opt_factor_0.8.py,u_opt_factor,1,u_opt_factor,0.8,2,5,5,0.5,0.8,0.7,0.6,1.0,0.8,57.960002,40,13,46.000002,82.800003,21.433334,1,1,1001,0,heuristic_v5a,solved,1,54.472243,57.839732,0.941779,0.006976,,,0.006976,0.012904,3,0,0
u_opt_factor\set01\u_opt_factor_0.9.py,u_opt_factor,1,u_opt_factor,0.9,2,5,5,0.5,0.9,0.7,0.6,1.0,0.9,61.180002,40,13,46.000002,87.400003,21.433334,1,1,1001,0,heuristic_v5a,solved,1,56.197786,60.985691,0.921491,0.005063,,,0.005063,0.005778,3,0,0
u_opt_factor\set02\u_opt_factor_0.1.py,u_opt_factor,2,u_opt_factor,0.1,2,5,5,0.5,0.1,0.7,0.6,1.0,0.1,35.419998,40,11,46.000001,50.599998,21.400001,1,1,1002,0,heuristic_v5a,solved,1,16.558345,34.888422,0.474609,0.00427,,,0.00427,0.00879,3,0,0
u_opt_factor\set02\u_opt_factor_0.2.py,u_opt_factor,2,u_opt_factor,0.2,2,5,5,0.5,0.2,0.7,0.6,1.0,0.2,38.640002,40,11,46.000001,55.200002,21.400001,1,1,1002,0,heuristic_v5a,solved,1,30.291214,38.463218,0.787537,0.004013,,,0.004013,0.004912,3,0,0
u_opt_factor\set02\u_opt_factor_0.3.py,u_opt_factor,2,u_opt_factor,0.3,2,5,5,0.5,0.3,0.7,0.6,1.0,0.3,41.859999,40,11,46.000001,59.799999,21.400001,1,1,1002,0,heuristic_v5a,solved,1,39.243041,41.831876,0.938113,0.003712,,,0.003712,0.004205,3,0,0
u_opt_factor\set02\u_opt_factor_0.4.py,u_opt_factor,2,u_opt_factor,0.4,2,5,5,0.5,0.4,0.7,0.6,1.0,0.4,45.080002,40,11,46.000001,64.400003,21.400001,1,1,1002,0,heuristic_v5a,solved,1,48.586642,44.803536,1.084438,0.004738,,,0.004738,0.006852,3,0,0
u_opt_factor\set02\u_opt_factor_0.5.py,u_opt_factor,2,u_opt_factor,0.5,2,5,5,0.5,0.5,0.7,0.6,1.0,0.5,48.300001,40,11,46.000001,69.000001,21.400001,1,1,1002,0,heuristic_v5a,solved,1,43.807632,47.509133,0.922089,0.003087,,,0.003087,0.005425,3,0,0
u_opt_factor\set02\u_opt_factor_0.6.py,u_opt_factor,2,u_opt_factor,0.6,2,5,5,0.5,0.6,0.7,0.6,1.0,0.6,51.519999,40,11,46.000001,73.599999,21.400001,1,1,1002,0,heuristic_v5a,solved,1,56.15605,49.904495,1.12527,0.003132,,,0.003132,0.00383,3,0,0
u_opt_factor\set02\u_opt_factor_0.7.py,u_opt_factor,2,u_opt_factor,0.7,2,5,5,0.5,0.7,0.7,0.6,1.0,0.7,54.739998,40,11,46.000001,78.199998,21.400001,1,1,1002,0,heuristic_v5a,solved,1,50.47578,54.250989,0.930412,0.00481,,,0.00481,0.005541,3,0,0
u_opt_factor\set02\u_opt_factor_0.8.py,u_opt_factor,2,u_opt_factor,0.8,2,5,5,0.5,0.8,0.7,0.6,1.0,0.8,57.960001,40,11,46.000001,82.800001,21.400001,1,1,1002,0,heuristic_v5a,solved,1,57.888691,57.6904,1.003437,0.0033,,,0.0033,0.003953,3,0,0
u_opt_factor\set02\u_opt_factor_0.9.py,u_opt_factor,2,u_opt_factor,0.9,2,5,5,0.5,0.9,0.7,0.6,1.0,0.9,61.180002,40,11,46.000001,87.400002,21.400001,1,1,1002,0,heuristic_v5a,solved,1,73.891997,61.179917,1.207782,0.003184,,,0.003184,0.00326,3,0,0
u_opt_factor\set03\u_opt_factor_0.1.py,u_opt_factor,3,u_opt_factor,0.1,2,5,5,0.5,0.1,0.7,0.6,1.0,0.1,35.420006,40,10,46.0,50.600008,21.433333,1,1,1003,0,heuristic_v5a,solved,1,13.445002,34.546945,0.389181,0.004051,,,0.004051,0.007241,3,0,0
u_opt_factor\set03\u_opt_factor_0.2.py,u_opt_factor,3,u_opt_factor,0.2,2,5,5,0.5,0.2,0.7,0.6,1.0,0.2,38.639995,40,10,46.0,55.199993,21.433333,1,1,1003,0,heuristic_v5a,solved,1,26.889959,38.408946,0.700096,0.003123,,,0.003123,0.004228,3,0,0
u_opt_factor\set03\u_opt_factor_0.3.py,u_opt_factor,3,u_opt_factor,0.3,2,5,5,0.5,0.3,0.7,0.6,1.0,0.3,41.86,40,10,46.0,59.8,21.433333,1,1,1003,0,heuristic_v5a,solved,1,40.334957,40.106903,1.005686,0.002847,,,0.002847,0.003092,3,0,0
u_opt_factor\set03\u_opt_factor_0.4.py,u_opt_factor,3,u_opt_factor,0.4,2,5,5,0.5,0.4,0.7,0.6,1.0,0.4,45.079999,40,10,46.0,64.399999,21.433333,1,1,1003,0,heuristic_v5a,solved,1,53.77994,41.911859,1.283168,0.003647,,,0.003647,0.003747,3,0,0
u_opt_factor\set03\u_opt_factor_0.5.py,u_opt_factor,3,u_opt_factor,0.5,2,5,5,0.5,0.5,0.7,0.6,1.0,0.5,48.299999,40,10,46.0,68.999999,21.433333,1,1,1003,0,heuristic_v5a,solved,1,64.263979,48.094001,1.336216,0.003695,,,0.003695,0.007062,3,0,0
u_opt_factor\set03\u_opt_factor_0.6.py,u_opt_factor,3,u_opt_factor,0.6,2,5,5,0.5,0.6,0.7,0.6,1.0,0.6,51.520001,40,10,46.0,73.600001,21.433333,1,1,1003,0,heuristic_v5a,solved,1,70.682019,50.757287,1.392549,0.003993,,,0.003993,0.009706,3,0,0
u_opt_factor\set03\u_opt_factor_0.7.py,u_opt_factor,3,u_opt_factor,0.7,2,5,5,0.5,0.7,0.7,0.6,1.0,0.7,54.740002,40,10,46.0,78.200003,21.433333,1,1,1003,0,heuristic_v5a,solved,1,70.298293,54.325869,1.294011,0.004539,,,0.004539,0.004899,3,0,0
u_opt_factor\set03\u_opt_factor_0.8.py,u_opt_factor,3,u_opt_factor,0.8,2,5,5,0.5,0.8,0.7,0.6,1.0,0.8,57.960002,40,10,46.0,82.800003,21.433333,1,1,1003,0,heuristic_v5a,solved,1,76.452983,57.733334,1.324243,0.0035,,,0.0035,0.003816,3,0,0
u_opt_factor\set03\u_opt_factor_0.9.py,u_opt_factor,3,u_opt_factor,0.9,2,5,5,0.5,0.9,0.7,0.6,1.0,0.9,61.179997,40,10,46.0,87.399995,21.433333,1,1,1003,0,heuristic_v5a,solved,1,79.571251,61.162013,1.300991,0.008837,,,0.008837,0.010453,3,0,0
u_opt_factor\set04\u_opt_factor_0.1.py,u_opt_factor,4,u_opt_factor,0.1,2,5,5,0.5,0.1,0.7,0.6,1.0,0.1,35.420001,40,13,46.000002,50.600001,22.042858,1,1,1004,0,heuristic_v5a,solved,1,11.380119,35.289703,0.322477,0.004838,,,0.004838,0.007398,3,0,0
u_opt_factor\set04\u_opt_factor_0.2.py,u_opt_factor,4,u_opt_factor,0.2,2,5,5,0.5,0.2,0.7,0.6,1.0,0.2,38.640002,40,13,46.000002,55.200002,22.042858,1,1,1004,0,heuristic_v5a,solved,1,22.760248,37.9977,0.59899,0.004271,,,0.004271,0.00484,3,0,0
u_opt_factor\set04\u_opt_factor_0.3.py,u_opt_factor,4,u_opt_factor,0.3,2,5,5,0.5,0.3,0.7,0.6,1.0,0.3,41.859998,40,13,46.000002,59.799997,22.042858,1,1,1004,0,heuristic_v5a,solved,1,34.140359,40.965526,0.833392,0.006403,,,0.006403,0.011735,3,0,0
u_opt_factor\set04\u_opt_factor_0.4.py,u_opt_factor,4,u_opt_factor,0.4,2,5,5,0.5,0.4,0.7,0.6,1.0,0.4,45.08,40,13,46.000002,64.4,22.042858,1,1,1004,0,heuristic_v5a,solved,1,39.58418,44.916952,0.881275,0.008025,,,0.008025,0.009434,3,0,0
u_opt_factor\set04\u_opt_factor_0.5.py,u_opt_factor,4,u_opt_factor,0.5,2,5,5,0.5,0.5,0.7,0.6,1.0,0.5,48.3,40,13,46.000002,69.0,22.042858,1,1,1004,0,heuristic_v5a,solved,1,48.593571,48.113555,1.009977,0.006795,,,0.006795,0.008691,3,0,0
u_opt_factor\set04\u_opt_factor_0.6.py,u_opt_factor,4,u_opt_factor,0.6,2,5,5,0.5,0.6,0.7,0.6,1.0,0.6,51.520001,40,13,46.000002,73.600001,22.042858,1,1,1004,0,heuristic_v5a,solved,1,52.510516,51.517827,1.019269,0.007917,,,0.007917,0.009912,3,0,0
u_opt_factor\set04\u_opt_factor_0.7.py,u_opt_factor,4,u_opt_factor,0.7,2,5,5,0.5,0.7,0.7,0.6,1.0,0.7,54.740008,40,13,46.000002,78.200012,22.042858,1,1,1004,0,heuristic_v5a,solved,1,59.42324,54.689796,1.086551,0.009608,,,0.009608,0.01737,3,0,0
u_opt_factor\set04\u_opt_factor_0.8.py,u_opt_factor,4,u_opt_factor,0.8,2,5,5,0.5,0.8,0.7,0.6,1.0,0.8,57.960002,40,13,46.000002,82.800003,22.042858,1,1,1004,0,heuristic_v5a,solved,1,61.596546,57.93861,1.063135,0.004855,,,0.004855,0.006286,3,0,0
u_opt_factor\set04\u_opt_factor_0.9.py,u_opt_factor,4,u_opt_factor,0.9,2,5,5,0.5,0.9,0.7,0.6,1.0,0.9,61.180004,40,13,46.000002,87.400006,22.042858,1,1,1004,0,heuristic_v5a,solved,1,67.394914,61.016344,1.104539,0.009682,,,0.009682,0.015905,3,0,0
u_opt_factor\set00\u_opt_factor_0.1.py,u_opt_factor,0,u_opt_factor,0.1,2,5,5,0.5,0.1,0.7,0.6,1.0,0.1,35.420002,40,13,46.000002,50.600003,22.042858,1,1,1000,0,heuristic_v5b,solved,1,13.550035,35.126842,0.385746,0.00629,,,0.00629,0.007513,3,0,0
u_opt_factor\set00\u_opt_factor_0.2.py,u_opt_factor,0,u_opt_factor,0.2,2,5,5,0.5,0.2,0.7,0.6,1.0,0.2,38.639998,40,13,46.000002,55.199997,22.042858,1,1,1000,0,heuristic_v5b,solved,1,26.812352,38.070171,0.704288,0.008882,,,0.008882,0.018228,3,0,0
u_opt_factor\set00\u_opt_factor_0.3.py,u_opt_factor,0,u_opt_factor,0.3,2,5,5,0.5,0.3,0.7,0.6,1.0,0.3,41.860003,40,13,46.000002,59.800005,22.042858,1,1,1000,0,heuristic_v5b,solved,1,40.051745,41.238996,0.97121,0.006706,,,0.006706,0.008202,3,0,0
u_opt_factor\set00\u_opt_factor_0.4.py,u_opt_factor,0,u_opt_factor,0.4,2,5,5,0.5,0.4,0.7,0.6,1.0,0.4,45.080004,40,13,46.000002,64.400006,22.042858,1,1,1000,0,heuristic_v5b,solved,1,51.625914,45.019107,1.146756,0.006715,,,0.006715,0.040005,3,0,0
u_opt_factor\set00\u_opt_factor_0.5.py,u_opt_factor,0,u_opt_factor,0.5,2,5,5,0.5,0.5,0.7,0.6,1.0,0.5,48.300003,40,13,46.000002,69.000005,22.042858,1,1,1000,0,heuristic_v5b,solved,1,60.294133,47.770172,1.262171,0.005802,,,0.005802,0.00737,3,0,0
u_opt_factor\set00\u_opt_factor_0.6.py,u_opt_factor,0,u_opt_factor,0.6,2,5,5,0.5,0.6,0.7,0.6,1.0,0.6,51.520002,40,13,46.000002,73.600002,22.042858,1,1,1000,0,heuristic_v5b,solved,1,71.308964,51.430603,1.386508,0.006074,,,0.006074,0.027816,3,0,0
u_opt_factor\set00\u_opt_factor_0.7.py,u_opt_factor,0,u_opt_factor,0.7,2,5,5,0.5,0.7,0.7,0.6,1.0,0.7,54.740004,40,13,46.000002,78.200006,22.042858,1,1,1000,0,heuristic_v5b,solved,1,78.490139,54.406253,1.442668,0.007633,,,0.007633,0.008985,3,0,0
u_opt_factor\set00\u_opt_factor_0.8.py,u_opt_factor,0,u_opt_factor,0.8,2,5,5,0.5,0.8,0.7,0.6,1.0,0.8,57.96,40,13,46.000002,82.8,22.042858,1,1,1000,0,heuristic_v5b,solved,1,86.947264,56.804573,1.530638,0.006587,,,0.006587,0.015199,3,0,0
u_opt_factor\set00\u_opt_factor_0.9.py,u_opt_factor,0,u_opt_factor,0.9,2,5,5,0.5,0.9,0.7,0.6,1.0,0.9,61.18,40,13,46.000002,87.4,22.042858,1,1,1000,0,heuristic_v5b,solved,1,94.168911,61.150338,1.539957,0.00723,,,0.00723,0.011408,3,0,0
u_opt_factor\set01\u_opt_factor_0.1.py,u_opt_factor,1,u_opt_factor,0.1,2,5,5,0.5,0.1,0.7,0.6,1.0,0.1,35.419999,40,13,46.000002,50.599999,21.433334,1,1,1001,0,heuristic_v5b,solved,1,10.912391,35.17595,0.310223,0.004995,,,0.004995,0.007295,3,0,0
u_opt_factor\set01\u_opt_factor_0.2.py,u_opt_factor,1,u_opt_factor,0.2,2,5,5,0.5,0.2,0.7,0.6,1.0,0.2,38.640003,40,13,46.000002,55.200005,21.433334,1,1,1001,0,heuristic_v5b,solved,1,16.250701,38.045394,0.42714,0.005834,,,0.005834,0.0152,3,0,0
u_opt_factor\set01\u_opt_factor_0.3.py,u_opt_factor,1,u_opt_factor,0.3,2,5,5,0.5,0.3,0.7,0.6,1.0,0.3,41.860006,40,13,46.000002,59.800008,21.433334,1,1,1001,0,heuristic_v5b,solved,1,24.376056,41.701039,0.584543,0.006532,,,0.006532,0.008364,3,0,0
u_opt_factor\set01\u_opt_factor_0.4.py,u_opt_factor,1,u_opt_factor,0.4,2,5,5,0.5,0.4,0.7,0.6,1.0,0.4,45.079998,40,13,46.000002,64.399997,21.433334,1,1,1001,0,heuristic_v5b,solved,1,32.61288,44.413246,0.734305,0.006298,,,0.006298,0.010995,3,0,0
u_opt_factor\set01\u_opt_factor_0.5.py,u_opt_factor,1,u_opt_factor,0.5,2,5,5,0.5,0.5,0.7,0.6,1.0,0.5,48.300007,40,13,46.000002,69.00001,21.433334,1,1,1001,0,heuristic_v5b,solved,1,39.069917,48.270566,0.809394,0.007146,,,0.007146,0.016635,3,0,0
u_opt_factor\set01\u_opt_factor_0.6.py,u_opt_factor,1,u_opt_factor,0.6,2,5,5,0.5,0.6,0.7,0.6,1.0,0.6,51.519999,40,13,46.000002,73.599999,21.433334,1,1,1001,0,heuristic_v5b,solved,1,48.058317,51.032259,0.941724,0.008757,,,0.008757,0.010871,3,0,0
u_opt_factor\set01\u_opt_factor_0.7.py,u_opt_factor,1,u_opt_factor,0.7,2,5,5,0.5,0.7,0.7,0.6,1.0,0.7,54.740002,40,13,46.000002,78.200003,21.433334,1,1,1001,0,heuristic_v5b,solved,1,51.216292,54.722279,0.935931,0.005829,,,0.005829,0.013575,3,0,0
u_opt_factor\set01\u_opt_factor_0.8.py,u_opt_factor,1,u_opt_factor,0.8,2,5,5,0.5,0.8,0.7,0.6,1.0,0.8,57.960002,40,13,46.000002,82.800003,21.433334,1,1,1001,0,heuristic_v5b,solved,1,55.9383,57.742478,0.968755,0.006193,,,0.006193,0.021028,3,0,0
u_opt_factor\set01\u_opt_factor_0.9.py,u_opt_factor,1,u_opt_factor,0.9,2,5,5,0.5,0.9,0.7,0.6,1.0,0.9,61.180002,40,13,46.000002,87.400003,21.433334,1,1,1001,0,heuristic_v5b,solved,1,56.197786,60.985691,0.921491,0.005079,,,0.005079,0.005979,3,0,0
u_opt_factor\set02\u_opt_factor_0.1.py,u_opt_factor,2,u_opt_factor,0.1,2,5,5,0.5,0.1,0.7,0.6,1.0,0.1,35.419998,40,11,46.000001,50.599998,21.400001,1,1,1002,0,heuristic_v5b,solved,1,16.558345,34.888422,0.474609,0.003447,,,0.003447,0.003638,3,0,0
u_opt_factor\set02\u_opt_factor_0.2.py,u_opt_factor,2,u_opt_factor,0.2,2,5,5,0.5,0.2,0.7,0.6,1.0,0.2,38.640002,40,11,46.000001,55.200002,21.400001,1,1,1002,0,heuristic_v5b,solved,1,30.291214,38.463218,0.787537,0.003185,,,0.003185,0.00683,3,0,0
u_opt_factor\set02\u_opt_factor_0.3.py,u_opt_factor,2,u_opt_factor,0.3,2,5,5,0.5,0.3,0.7,0.6,1.0,0.3,41.859999,40,11,46.000001,59.799999,21.400001,1,1,1002,0,heuristic_v5b,solved,1,39.243041,41.831876,0.938113,0.00451,,,0.00451,0.010371,3,0,0
u_opt_factor\set02\u_opt_factor_0.4.py,u_opt_factor,2,u_opt_factor,0.4,2,5,5,0.5,0.4,0.7,0.6,1.0,0.4,45.080002,40,11,46.000001,64.400003,21.400001,1,1,1002,0,heuristic_v5b,solved,1,48.586642,44.803536,1.084438,0.004656,,,0.004656,0.00554,3,0,0
u_opt_factor\set02\u_opt_factor_0.5.py,u_opt_factor,2,u_opt_factor,0.5,2,5,5,0.5,0.5,0.7,0.6,1.0,0.5,48.300001,40,11,46.000001,69.000001,21.400001,1,1,1002,0,heuristic_v5b,solved,1,43.807632,47.509133,0.922089,0.002619,,,0.002619,0.003594,3,0,0
u_opt_factor\set02\u_opt_factor_0.6.py,u_opt_factor,2,u_opt_factor,0.6,2,5,5,0.5,0.6,0.7,0.6,1.0,0.6,51.519999,40,11,46.000001,73.599999,21.400001,1,1,1002,0,heuristic_v5b,solved,1,56.15605,49.904495,1.12527,0.004149,,,0.004149,0.004893,3,0,0
u_opt_factor\set02\u_opt_factor_0.7.py,u_opt_factor,2,u_opt_factor,0.7,2,5,5,0.5,0.7,0.7,0.6,1.0,0.7,54.739998,40,11,46.000001,78.199998,21.400001,1,1,1002,0,heuristic_v5b,solved,1,50.942419,54.048746,0.942527,0.005235,,,0.005235,0.00732,3,0,0
u_opt_factor\set02\u_opt_factor_0.8.py,u_opt_factor,2,u_opt_factor,0.8,2,5,5,0.5,0.8,0.7,0.6,1.0,0.8,57.960001,40,11,46.000001,82.800001,21.400001,1,1,1002,0,heuristic_v5b,solved,1,57.888691,57.6904,1.003437,0.003953,,,0.003953,0.007823,3,0,0
u_opt_factor\set02\u_opt_factor_0.9.py,u_opt_factor,2,u_opt_factor,0.9,2,5,5,0.5,0.9,0.7,0.6,1.0,0.9,61.180002,40,11,46.000001,87.400002,21.400001,1,1,1002,0,heuristic_v5b,solved,1,73.891997,61.179917,1.207782,0.002846,,,0.002846,0.003333,3,0,0
u_opt_factor\set03\u_opt_factor_0.1.py,u_opt_factor,3,u_opt_factor,0.1,2,5,5,0.5,0.1,0.7,0.6,1.0,0.1,35.420006,40,10,46.0,50.600008,21.433333,1,1,1003,0,heuristic_v5b,solved,1,13.445002,34.546945,0.389181,0.002866,,,0.002866,0.003025,3,0,0
u_opt_factor\set03\u_opt_factor_0.2.py,u_opt_factor,3,u_opt_factor,0.2,2,5,5,0.5,0.2,0.7,0.6,1.0,0.2,38.639995,40,10,46.0,55.199993,21.433333,1,1,1003,0,heuristic_v5b,solved,1,26.889959,38.408946,0.700096,0.003025,,,0.003025,0.003844,3,0,0
u_opt_factor\set03\u_opt_factor_0.3.py,u_opt_factor,3,u_opt_factor,0.3,2,5,5,0.5,0.3,0.7,0.6,1.0,0.3,41.86,40,10,46.0,59.8,21.433333,1,1,1003,0,heuristic_v5b,solved,1,40.334957,40.106903,1.005686,0.00415,,,0.00415,0.005133,3,0,0
u_opt_factor\set03\u_opt_factor_0.4.py,u_opt_factor,3,u_opt_factor,0.4,2,5,5,0.5,0.4,0.7,0.6,1.0,0.4,45.079999,40,10,46.0,64.399999,21.433333,1,1,1003,0,heuristic_v5b,solved,1,53.77994,41.911859,1.283168,0.00276,,,0.00276,0.003553,3,0,0
u_opt_factor\set03\u_opt_factor_0.5.py,u_opt_factor,3,u_opt_factor,0.5,2,5,5,0.5,0.5,0.7,0.6,1.0,0.5,48.299999,40,10,46.0,68.999999,21.433333,1,1,1003,0,heuristic_v5b,solved,1,64.263979,48.094001,1.336216,0.003553,,,0.003553,0.003704,3,0,0
u_opt_factor\set03\u_opt_factor_0.6.py,u_opt_factor,3,u_opt_factor,0.6,2,5,5,0.5,0.6,0.7,0.6,1.0,0.6,51.520001,40,10,46.0,73.600001,21.433333,1,1,1003,0,heuristic_v5b,solved,1,70.682019,50.757287,1.392549,0.002676,,,0.002676,0.002786,3,0,0
u_opt_factor\set03\u_opt_factor_0.7.py,u_opt_factor,3,u_opt_factor,0.7,2,5,5,0.5,0.7,0.7,0.6,1.0,0.7,54.740002,40,10,46.0,78.200003,21.433333,1,1,1003,0,heuristic_v5b,solved,1,70.298293,54.325869,1.294011,0.004905,,,0.004905,0.007091,3,0,0
u_opt_factor\set03\u_opt_factor_0.8.py,u_opt_factor,3,u_opt_factor,0.8,2,5,5,0.5,0.8,0.7,0.6,1.0,0.8,57.960002,40,10,46.0,82.800003,21.433333,1,1,1003,0,heuristic_v5b,solved,1,76.452983,57.733334,1.324243,0.004291,,,0.004291,0.011799,3,0,0
u_opt_factor\set03\u_opt_factor_0.9.py,u_opt_factor,3,u_opt_factor,0.9,2,5,5,0.5,0.9,0.7,0.6,1.0,0.9,61.179997,40,10,46.0,87.399995,21.433333,1,1,1003,0,heuristic_v5b,solved,1,79.571251,61.162013,1.300991,0.005511,,,0.005511,0.012536,3,0,0
u_opt_factor\set04\u_opt_factor_0.1.py,u_opt_factor,4,u_opt_factor,0.1,2,5,5,0.5,0.1,0.7,0.6,1.0,0.1,35.420001,40,13,46.000002,50.600001,22.042858,1,1,1004,0,heuristic_v5b,solved,1,11.380119,35.289703,0.322477,0.006655,,,0.006655,0.023721,3,0,0
u_opt_factor\set04\u_opt_factor_0.2.py,u_opt_factor,4,u_opt_factor,0.2,2,5,5,0.5,0.2,0.7,0.6,1.0,0.2,38.640002,40,13,46.000002,55.200002,22.042858,1,1,1004,0,heuristic_v5b,solved,1,22.760248,37.9977,0.59899,0.005763,,,0.005763,0.007878,3,0,0
u_opt_factor\set04\u_opt_factor_0.3.py,u_opt_factor,4,u_opt_factor,0.3,2,5,5,0.5,0.3,0.7,0.6,1.0,0.3,41.859998,40,13,46.000002,59.799997,22.042858,1,1,1004,0,heuristic_v5b,solved,1,34.140359,40.965526,0.833392,0.004805,,,0.004805,0.004957,3,0,0
u_opt_factor\set04\u_opt_factor_0.4.py,u_opt_factor,4,u_opt_factor,0.4,2,5,5,0.5,0.4,0.7,0.6,1.0,0.4,45.08,40,13,46.000002,64.4,22.042858,1,1,1004,0,heuristic_v5b,solved,1,40.322114,44.907101,0.897901,0.009097,,,0.009097,0.009553,3,0,0
u_opt_factor\set04\u_opt_factor_0.5.py,u_opt_factor,4,u_opt_factor,0.5,2,5,5,0.5,0.5,0.7,0.6,1.0,0.5,48.3,40,13,46.000002,69.0,22.042858,1,1,1004,0,heuristic_v5b,solved,1,48.593571,48.113555,1.009977,0.007289,,,0.007289,0.020124,3,0,0
u_opt_factor\set04\u_opt_factor_0.6.py,u_opt_factor,4,u_opt_factor,0.6,2,5,5,0.5,0.6,0.7,0.6,1.0,0.6,51.520001,40,13,46.000002,73.600001,22.042858,1,1,1004,0,heuristic_v5b,solved,1,52.510516,51.517827,1.019269,0.007198,,,0.007198,0.029221,3,0,0
u_opt_factor\set04\u_opt_factor_0.7.py,u_opt_factor,4,u_opt_factor,0.7,2,5,5,0.5,0.7,0.7,0.6,1.0,0.7,54.740008,40,13,46.000002,78.200012,22.042858,1,1,1004,0,heuristic_v5b,solved,1,60.224063,54.734464,1.100295,0.011946,,,0.011946,0.01586,3,0,0
u_opt_factor\set04\u_opt_factor_0.8.py,u_opt_factor,4,u_opt_factor,0.8,2,5,5,0.5,0.8,0.7,0.6,1.0,0.8,57.960002,40,13,46.000002,82.800003,22.042858,1,1,1004,0,heuristic_v5b,solved,1,61.596546,57.93861,1.063135,0.006499,,,0.006499,0.009909,3,0,0
u_opt_factor\set04\u_opt_factor_0.9.py,u_opt_factor,4,u_opt_factor,0.9,2,5,5,0.5,0.9,0.7,0.6,1.0,0.9,61.180004,40,13,46.000002,87.400006,22.042858,1,1,1004,0,heuristic_v5b,solved,1,67.394914,61.016344,1.104539,0.010563,,,0.010563,0.033712,3,0,0
u_opt_factor\set01\u_opt_factor_0.6.py,u_opt_factor,1,u_opt_factor,0.6,2,5,5,0.5,0.6,0.7,0.6,1.0,0.6,51.519999,40,13,46.000002,73.599999,21.433334,1,1,1001,0,ilp_v1,optimal,1,50.363933,51.2343,0.983012,9.895349,0.0,,9.895349,10.45,3,0,0
u_opt_factor\set00\u_opt_factor_0.1.py,u_opt_factor,0,u_opt_factor,0.1,2,5,5,0.5,0.1,0.7,0.6,1.0,0.1,35.420002,40,13,46.000002,50.600003,22.042858,1,1,1000,0,heuristic_claudeoptimal,solved,1,13.550035,35.126842,0.385746,0.009092,,,0.009092,0.022366,3,0,0
u_opt_factor\set00\u_opt_factor_0.2.py,u_opt_factor,0,u_opt_factor,0.2,2,5,5,0.5,0.2,0.7,0.6,1.0,0.2,38.639998,40,13,46.000002,55.199997,22.042858,1,1,1000,0,heuristic_claudeoptimal,solved,1,26.812352,38.070171,0.704288,0.009332,,,0.009332,0.015847,3,0,0
u_opt_factor\set00\u_opt_factor_0.3.py,u_opt_factor,0,u_opt_factor,0.3,2,5,5,0.5,0.3,0.7,0.6,1.0,0.3,41.860003,40,13,46.000002,59.800005,22.042858,1,1,1000,0,heuristic_claudeoptimal,solved,1,40.051745,41.238996,0.97121,0.011314,,,0.011314,0.016593,3,0,0
u_opt_factor\set00\u_opt_factor_0.4.py,u_opt_factor,0,u_opt_factor,0.4,2,5,5,0.5,0.4,0.7,0.6,1.0,0.4,45.080004,40,13,46.000002,64.400006,22.042858,1,1,1000,0,heuristic_claudeoptimal,solved,1,51.625914,45.019107,1.146756,0.015246,,,0.015246,0.023941,3,0,0
u_opt_factor\set00\u_opt_factor_0.5.py,u_opt_factor,0,u_opt_factor,0.5,2,5,5,0.5,0.5,0.7,0.6,1.0,0.5,48.300003,40,13,46.000002,69.000005,22.042858,1,1,1000,0,heuristic_claudeoptimal,solved,1,61.204256,47.921683,1.277173,0.013072,,,0.013072,0.02251,3,0,0
u_opt_factor\set00\u_opt_factor_0.6.py,u_opt_factor,0,u_opt_factor,0.6,2,5,5,0.5,0.6,0.7,0.6,1.0,0.6,51.520002,40,13,46.000002,73.600002,22.042858,1,1,1000,0,heuristic_claudeoptimal,solved,1,69.256801,51.499761,1.344798,0.017925,,,0.017925,0.038645,3,0,0
u_opt_factor\set00\u_opt_factor_0.7.py,u_opt_factor,0,u_opt_factor,0.7,2,5,5,0.5,0.7,0.7,0.6,1.0,0.7,54.740004,40,13,46.000002,78.200006,22.042858,1,1,1000,0,heuristic_claudeoptimal,solved,1,80.99847,54.52848,1.485434,0.017419,,,0.017419,0.033176,3,0,0
u_opt_factor\set00\u_opt_factor_0.8.py,u_opt_factor,0,u_opt_factor,0.8,2,5,5,0.5,0.8,0.7,0.6,1.0,0.8,57.96,40,13,46.000002,82.8,22.042858,1,1,1000,0,heuristic_claudeoptimal,solved,1,87.936958,56.841511,1.547055,0.019385,,,0.019385,0.028279,3,0,0
u_opt_factor\set00\u_opt_factor_0.9.py,u_opt_factor,0,u_opt_factor,0.9,2,5,5,0.5,0.9,0.7,0.6,1.0,0.9,61.18,40,13,46.000002,87.4,22.042858,1,1,1000,0,heuristic_claudeoptimal,solved,1,94.168911,61.150338,1.539957,0.018685,,,0.018685,0.028376,3,0,0
u_opt_factor\set01\u_opt_factor_0.1.py,u_opt_factor,1,u_opt_factor,0.1,2,5,5,0.5,0.1,0.7,0.6,1.0,0.1,35.419999,40,13,46.000002,50.599999,21.433334,1,1,1001,0,heuristic_claudeoptimal,solved,1,10.912391,35.17595,0.310223,0.010602,,,0.010602,0.020871,3,0,0
u_opt_factor\set01\u_opt_factor_0.2.py,u_opt_factor,1,u_opt_factor,0.2,2,5,5,0.5,0.2,0.7,0.6,1.0,0.2,38.640003,40,13,46.000002,55.200005,21.433334,1,1,1001,0,heuristic_claudeoptimal,solved,1,16.250701,38.045394,0.42714,0.009539,,,0.009539,0.009835,3,0,0
u_opt_factor\set01\u_opt_factor_0.3.py,u_opt_factor,1,u_opt_factor,0.3,2,5,5,0.5,0.3,0.7,0.6,1.0,0.3,41.860006,40,13,46.000002,59.800008,21.433334,1,1,1001,0,heuristic_claudeoptimal,solved,1,24.376056,41.701039,0.584543,0.011795,,,0.011795,0.026085,3,0,0
u_opt_factor\set01\u_opt_factor_0.4.py,u_opt_factor,1,u_opt_factor,0.4,2,5,5,0.5,0.4,0.7,0.6,1.0,0.4,45.079998,40,13,46.000002,64.399997,21.433334,1,1,1001,0,heuristic_claudeoptimal,solved,1,32.61288,44.413246,0.734305,0.010596,,,0.010596,0.012788,3,0,0
u_opt_factor\set01\u_opt_factor_0.5.py,u_opt_factor,1,u_opt_factor,0.5,2,5,5,0.5,0.5,0.7,0.6,1.0,0.5,48.300007,40,13,46.000002,69.00001,21.433334,1,1,1001,0,heuristic_claudeoptimal,solved,1,39.877901,48.170893,0.827842,0.018035,,,0.018035,0.041032,3,0,0
u_opt_factor\set01\u_opt_factor_0.6.py,u_opt_factor,1,u_opt_factor,0.6,2,5,5,0.5,0.6,0.7,0.6,1.0,0.6,51.519999,40,13,46.000002,73.599999,21.433334,1,1,1001,0,heuristic_claudeoptimal,solved,1,48.808001,51.505319,0.94763,0.0353,,,0.0353,0.054398,3,0,0
u_opt_factor\set01\u_opt_factor_0.7.py,u_opt_factor,1,u_opt_factor,0.7,2,5,5,0.5,0.7,0.7,0.6,1.0,0.7,54.740002,40,13,46.000002,78.200003,21.433334,1,1,1001,0,heuristic_claudeoptimal,solved,1,52.290593,54.72941,0.955439,0.033884,,,0.033884,0.045074,3,0,0
u_opt_factor\set01\u_opt_factor_0.8.py,u_opt_factor,1,u_opt_factor,0.8,2,5,5,0.5,0.8,0.7,0.6,1.0,0.8,57.960002,40,13,46.000002,82.800003,21.433334,1,1,1001,0,heuristic_claudeoptimal,solved,1,55.9383,57.587548,0.971361,0.037495,,,0.037495,0.048741,3,0,0
u_opt_factor\set01\u_opt_factor_0.9.py,u_opt_factor,1,u_opt_factor,0.9,2,5,5,0.5,0.9,0.7,0.6,1.0,0.9,61.180002,40,13,46.000002,87.400003,21.433334,1,1,1001,0,heuristic_claudeoptimal,solved,1,58.687828,60.94775,0.96292,0.009285,,,0.009285,0.009479,3,0,0
u_opt_factor\set02\u_opt_factor_0.1.py,u_opt_factor,2,u_opt_factor,0.1,2,5,5,0.5,0.1,0.7,0.6,1.0,0.1,35.419998,40,11,46.000001,50.599998,21.400001,1,1,1002,0,heuristic_claudeoptimal,solved,1,16.558345,34.443613,0.480738,0.005932,,,0.005932,0.013522,3,0,0
u_opt_factor\set02\u_opt_factor_0.2.py,u_opt_factor,2,u_opt_factor,0.2,2,5,5,0.5,0.2,0.7,0.6,1.0,0.2,38.640002,40,11,46.000001,55.200002,21.400001,1,1,1002,0,heuristic_claudeoptimal,solved,1,32.023685,38.476827,0.832285,0.00495,,,0.00495,0.008778,3,0,0
u_opt_factor\set02\u_opt_factor_0.3.py,u_opt_factor,2,u_opt_factor,0.3,2,5,5,0.5,0.3,0.7,0.6,1.0,0.3,41.859999,40,11,46.000001,59.799999,21.400001,1,1,1002,0,heuristic_claudeoptimal,solved,1,45.207389,41.610318,1.086447,0.00491,,,0.00491,0.022412,3,0,0
u_opt_factor\set02\u_opt_factor_0.4.py,u_opt_factor,2,u_opt_factor,0.4,2,5,5,0.5,0.4,0.7,0.6,1.0,0.4,45.080002,40,11,46.000001,64.400003,21.400001,1,1,1002,0,heuristic_claudeoptimal,solved,1,58.391125,44.102498,1.323987,0.007304,,,0.007304,0.014843,3,0,0
u_opt_factor\set02\u_opt_factor_0.5.py,u_opt_factor,2,u_opt_factor,0.5,2,5,5,0.5,0.5,0.7,0.6,1.0,0.5,48.300001,40,11,46.000001,69.000001,21.400001,1,1,1002,0,heuristic_claudeoptimal,solved,1,65.644495,48.017426,1.367097,0.00802,,,0.00802,0.00836,3,0,0
u_opt_factor\set02\u_opt_factor_0.6.py,u_opt_factor,2,u_opt_factor,0.6,2,5,5,0.5,0.6,0.7,0.6,1.0,0.6,51.519999,40,11,46.000001,73.599999,21.400001,1,1,1002,0,heuristic_claudeoptimal,solved,1,78.244288,50.461733,1.550567,0.00508,,,0.00508,0.006638,3,0,0
u_opt_factor\set02\u_opt_factor_0.7.py,u_opt_factor,2,u_opt_factor,0.7,2,5,5,0.5,0.7,0.7,0.6,1.0,0.7,54.739998,40,11,46.000001,78.199998,21.400001,1,1,1002,0,heuristic_claudeoptimal,solved,1,77.183409,53.885733,1.432353,0.026993,,,0.026993,0.067022,3,0,0
u_opt_factor\set02\u_opt_factor_0.8.py,u_opt_factor,2,u_opt_factor,0.8,2,5,5,0.5,0.8,0.7,0.6,1.0,0.8,57.960001,40,11,46.000001,82.800001,21.400001,1,1,1002,0,heuristic_claudeoptimal,solved,1,87.547195,57.73301,1.516415,0.015631,,,0.015631,0.016477,3,0,0
u_opt_factor\set02\u_opt_factor_0.9.py,u_opt_factor,2,u_opt_factor,0.9,2,5,5,0.5,0.9,0.7,0.6,1.0,0.9,61.180002,40,11,46.000001,87.400002,21.400001,1,1,1002,0,heuristic_claudeoptimal,solved,1,88.634551,59.082094,1.500193,0.01362,,,0.01362,0.054499,3,0,0
u_opt_factor\set03\u_opt_factor_0.1.py,u_opt_factor,3,u_opt_factor,0.1,2,5,5,0.5,0.1,0.7,0.6,1.0,0.1,35.420006,40,10,46.0,50.600008,21.433333,1,1,1003,0,heuristic_claudeoptimal,solved,1,13.445002,34.546945,0.389181,0.005444,,,0.005444,0.005996,3,0,0
u_opt_factor\set03\u_opt_factor_0.2.py,u_opt_factor,3,u_opt_factor,0.2,2,5,5,0.5,0.2,0.7,0.6,1.0,0.2,38.639995,40,10,46.0,55.199993,21.433333,1,1,1003,0,heuristic_claudeoptimal,solved,1,26.889959,38.408946,0.700096,0.00553,,,0.00553,0.006327,3,0,0
u_opt_factor\set03\u_opt_factor_0.3.py,u_opt_factor,3,u_opt_factor,0.3,2,5,5,0.5,0.3,0.7,0.6,1.0,0.3,41.86,40,10,46.0,59.8,21.433333,1,1,1003,0,heuristic_claudeoptimal,solved,1,40.334957,40.106903,1.005686,0.005867,,,0.005867,0.007262,3,0,0
u_opt_factor\set03\u_opt_factor_0.4.py,u_opt_factor,3,u_opt_factor,0.4,2,5,5,0.5,0.4,0.7,0.6,1.0,0.4,45.079999,40,10,46.0,64.399999,21.433333,1,1,1003,0,heuristic_claudeoptimal,solved,1,53.77994,41.911859,1.283168,0.009895,,,0.009895,0.021643,3,0,0
u_opt_factor\set03\u_opt_factor_0.5.py,u_opt_factor,3,u_opt_factor,0.5,2,5,5,0.5,0.5,0.7,0.6,1.0,0.5,48.299999,40,10,46.0,68.999999,21.433333,1,1,1003,0,heuristic_claudeoptimal,solved,1,64.875848,48.285199,1.343597,0.017644,,,0.017644,0.031288,3,0,0
u_opt_factor\set03\u_opt_factor_0.6.py,u_opt_factor,3,u_opt_factor,0.6,2,5,5,0.5,0.6,0.7,0.6,1.0,0.6,51.520001,40,10,46.0,73.600001,21.433333,1,1,1003,0,heuristic_claudeoptimal,solved,1,71.274215,50.892331,1.40049,0.010707,,,0.010707,0.013921,3,0,0
u_opt_factor\set03\u_opt_factor_0.7.py,u_opt_factor,3,u_opt_factor,0.7,2,5,5,0.5,0.7,0.7,0.6,1.0,0.7,54.740002,40,10,46.0,78.200003,21.433333,1,1,1003,0,heuristic_claudeoptimal,solved,1,71.661291,54.688149,1.310362,0.022352,,,0.022352,0.030909,3,0,0
u_opt_factor\set03\u_opt_factor_0.8.py,u_opt_factor,3,u_opt_factor,0.8,2,5,5,0.5,0.8,0.7,0.6,1.0,0.8,57.960002,40,10,46.0,82.800003,21.433333,1,1,1003,0,heuristic_claudeoptimal,solved,1,76.757393,57.958324,1.324355,0.021133,,,0.021133,0.037196,3,0,0
u_opt_factor\set03\u_opt_factor_0.9.py,u_opt_factor,3,u_opt_factor,0.9,2,5,5,0.5,0.9,0.7,0.6,1.0,0.9,61.179997,40,10,46.0,87.399995,21.433333,1,1,1003,0,heuristic_claudeoptimal,solved,1,79.033889,61.146745,1.292528,0.021494,,,0.021494,0.04471,3,0,0
u_opt_factor\set04\u_opt_factor_0.1.py,u_opt_factor,4,u_opt_factor,0.1,2,5,5,0.5,0.1,0.7,0.6,1.0,0.1,35.420001,40,13,46.000002,50.600001,22.042858,1,1,1004,0,heuristic_claudeoptimal,solved,1,11.380119,35.289703,0.322477,0.007432,,,0.007432,0.009458,3,0,0
u_opt_factor\set04\u_opt_factor_0.2.py,u_opt_factor,4,u_opt_factor,0.2,2,5,5,0.5,0.2,0.7,0.6,1.0,0.2,38.640002,40,13,46.000002,55.200002,22.042858,1,1,1004,0,heuristic_claudeoptimal,solved,1,22.760248,37.9977,0.59899,0.007464,,,0.007464,0.007591,3,0,0
u_opt_factor\set04\u_opt_factor_0.3.py,u_opt_factor,4,u_opt_factor,0.3,2,5,5,0.5,0.3,0.7,0.6,1.0,0.3,41.859998,40,13,46.000002,59.799997,22.042858,1,1,1004,0,heuristic_claudeoptimal,solved,1,34.140359,40.170306,0.84989,0.010596,,,0.010596,0.018476,3,0,0
u_opt_factor\set04\u_opt_factor_0.4.py,u_opt_factor,4,u_opt_factor,0.4,2,5,5,0.5,0.4,0.7,0.6,1.0,0.4,45.08,40,13,46.000002,64.4,22.042858,1,1,1004,0,heuristic_claudeoptimal,solved,1,44.782569,45.059695,0.99385,0.010866,,,0.010866,0.013674,3,0,0
u_opt_factor\set04\u_opt_factor_0.5.py,u_opt_factor,4,u_opt_factor,0.5,2,5,5,0.5,0.5,0.7,0.6,1.0,0.5,48.3,40,13,46.000002,69.0,22.042858,1,1,1004,0,heuristic_claudeoptimal,solved,1,52.901529,48.235321,1.096738,0.024962,,,0.024962,0.036213,3,0,0
u_opt_factor\set04\u_opt_factor_0.6.py,u_opt_factor,4,u_opt_factor,0.6,2,5,5,0.5,0.6,0.7,0.6,1.0,0.6,51.520001,40,13,46.000002,73.600001,22.042858,1,1,1004,0,heuristic_claudeoptimal,solved,1,54.399011,51.393352,1.058483,0.02696,,,0.02696,0.045868,3,0,0
u_opt_factor\set04\u_opt_factor_0.7.py,u_opt_factor,4,u_opt_factor,0.7,2,5,5,0.5,0.7,0.7,0.6,1.0,0.7,54.740008,40,13,46.000002,78.200012,22.042858,1,1,1004,0,heuristic_claudeoptimal,solved,1,63.025033,54.701571,1.152161,0.024757,,,0.024757,0.034871,3,0,0
u_opt_factor\set04\u_opt_factor_0.8.py,u_opt_factor,4,u_opt_factor,0.8,2,5,5,0.5,0.8,0.7,0.6,1.0,0.8,57.960002,40,13,46.000002,82.800003,22.042858,1,1,1004,0,heuristic_claudeoptimal,solved,1,66.78607,57.775984,1.155949,0.019871,,,0.019871,0.044975,3,0,0
u_opt_factor\set04\u_opt_factor_0.9.py,u_opt_factor,4,u_opt_factor,0.9,2,5,5,0.5,0.9,0.7,0.6,1.0,0.9,61.180004,40,13,46.000002,87.400006,22.042858,1,1,1004,0,heuristic_claudeoptimal,solved,1,72.866991,60.911148,1.196283,0.024154,,,0.024154,0.041733,3,0,0
u_opt_factor\set01\u_opt_factor_0.7.py,u_opt_factor,1,u_opt_factor,0.7,2,5,5,0.5,0.7,0.7,0.6,1.0,0.7,54.740002,40,13,46.000002,78.200003,21.433334,1,1,1001,0,ilp_v1,optimal,1,54.088574,54.703207,0.988764,9.533653,0.0,,9.533653,9.739013,3,0,0
u_opt_factor\set01\u_opt_factor_0.8.py,u_opt_factor,1,u_opt_factor,0.8,2,5,5,0.5,0.8,0.7,0.6,1.0,0.8,57.960002,40,13,46.000002,82.800003,21.433334,1,1,1001,0,ilp_v1,optimal,1,58.270532,57.947046,1.005582,1.097465,0.0,,1.097465,1.203749,3,0,0
u_opt_factor\set01\u_opt_factor_0.9.py,u_opt_factor,1,u_opt_factor,0.9,2,5,5,0.5,0.9,0.7,0.6,1.0,0.9,61.180002,40,13,46.000002,87.400003,21.433334,1,1,1001,0,ilp_v1,optimal,1,61.997237,61.025039,1.015931,0.114209,0.0,,0.114209,0.127307,3,0,0
u_opt_factor\set02\u_opt_factor_0.1.py,u_opt_factor,2,u_opt_factor,0.1,2,5,5,0.5,0.1,0.7,0.6,1.0,0.1,35.419998,40,11,46.000001,50.599998,21.400001,1,1,1002,0,ilp_v1,optimal,1,16.558345,34.665479,0.477661,0.01646,0.0,,0.01646,0.016654,3,0,0
u_opt_factor\set02\u_opt_factor_0.2.py,u_opt_factor,2,u_opt_factor,0.2,2,5,5,0.5,0.2,0.7,0.6,1.0,0.2,38.640002,40,11,46.000001,55.200002,21.400001,1,1,1002,0,ilp_v1,optimal,1,32.023685,38.074066,0.841089,0.01563,0.0,,0.01563,0.016682,3,0,0
u_opt_factor\set02\u_opt_factor_0.3.py,u_opt_factor,2,u_opt_factor,0.3,2,5,5,0.5,0.3,0.7,0.6,1.0,0.3,41.859999,40,11,46.000001,59.799999,21.400001,1,1,1002,0,ilp_v1,optimal,1,45.207389,39.605011,1.141456,0.016453,0.0,,0.016453,0.017505,3,0,0
u_opt_factor\set02\u_opt_factor_0.4.py,u_opt_factor,2,u_opt_factor,0.4,2,5,5,0.5,0.4,0.7,0.6,1.0,0.4,45.080002,40,11,46.000001,64.400003,21.400001,1,1,1002,0,ilp_v1,optimal,1,58.391125,43.952791,1.328496,0.015491,0.0,,0.015491,0.016042,3,0,0
u_opt_factor\set02\u_opt_factor_0.5.py,u_opt_factor,2,u_opt_factor,0.5,2,5,5,0.5,0.5,0.7,0.6,1.0,0.5,48.300001,40,11,46.000001,69.000001,21.400001,1,1,1002,0,ilp_v1,optimal,1,69.490474,48.181047,1.442278,0.130482,0.0,,0.130482,0.149293,3,0,0
u_opt_factor\set02\u_opt_factor_0.6.py,u_opt_factor,2,u_opt_factor,0.6,2,5,5,0.5,0.6,0.7,0.6,1.0,0.6,51.519999,40,11,46.000001,73.599999,21.400001,1,1,1002,0,ilp_v1,optimal,1,79.714817,50.928043,1.565244,0.224815,0.0,,0.224815,0.230968,3,0,0
u_opt_factor\set02\u_opt_factor_0.7.py,u_opt_factor,2,u_opt_factor,0.7,2,5,5,0.5,0.7,0.7,0.6,1.0,0.7,54.739998,40,11,46.000001,78.199998,21.400001,1,1,1002,0,ilp_v1,optimal,1,85.169652,53.534818,1.590921,0.062429,0.0,,0.062429,0.065981,3,0,0
u_opt_factor\set02\u_opt_factor_0.8.py,u_opt_factor,2,u_opt_factor,0.8,2,5,5,0.5,0.8,0.7,0.6,1.0,0.8,57.960001,40,11,46.000001,82.800001,21.400001,1,1,1002,0,ilp_v1,optimal,1,92.822955,56.769719,1.635079,0.046902,0.0,,0.046902,0.057839,3,0,0
u_opt_factor\set02\u_opt_factor_0.9.py,u_opt_factor,2,u_opt_factor,0.9,2,5,5,0.5,0.9,0.7,0.6,1.0,0.9,61.180002,40,11,46.000001,87.400002,21.400001,1,1,1002,0,ilp_v1,optimal,1,100.499817,61.117897,1.64436,0.179141,0.0,,0.179141,0.191892,3,0,0
u_opt_factor\set03\u_opt_factor_0.1.py,u_opt_factor,3,u_opt_factor,0.1,2,5,5,0.5,0.1,0.7,0.6,1.0,0.1,35.420006,40,10,46.0,50.600008,21.433333,1,1,1003,0,ilp_v1,optimal,1,13.445002,31.248723,0.430258,0.018541,0.0,,0.018541,0.019757,3,0,0
u_opt_factor\set03\u_opt_factor_0.2.py,u_opt_factor,3,u_opt_factor,0.2,2,5,5,0.5,0.2,0.7,0.6,1.0,0.2,38.639995,40,10,46.0,55.199993,21.433333,1,1,1003,0,ilp_v1,optimal,1,26.889959,35.842906,0.750217,0.018618,0.0,,0.018618,0.01939,3,0,0
u_opt_factor\set03\u_opt_factor_0.3.py,u_opt_factor,3,u_opt_factor,0.3,2,5,5,0.5,0.3,0.7,0.6,1.0,0.3,41.86,40,10,46.0,59.8,21.433333,1,1,1003,0,ilp_v1,optimal,1,40.334957,38.421406,1.049804,0.022254,0.0,,0.022254,0.024787,3,0,0
u_opt_factor\set03\u_opt_factor_0.4.py,u_opt_factor,3,u_opt_factor,0.4,2,5,5,0.5,0.4,0.7,0.6,1.0,0.4,45.079999,40,10,46.0,64.399999,21.433333,1,1,1003,0,ilp_v1,optimal,1,53.77994,42.577016,1.263121,0.016377,0.0,,0.016377,0.017397,3,0,0
u_opt_factor\set03\u_opt_factor_0.5.py,u_opt_factor,3,u_opt_factor,0.5,2,5,5,0.5,0.5,0.7,0.6,1.0,0.5,48.299999,40,10,46.0,68.999999,21.433333,1,1,1003,0,ilp_v1,optimal,1,66.121629,48.27213,1.369768,0.066908,0.0,,0.066908,0.080826,3,0,0
u_opt_factor\set03\u_opt_factor_0.6.py,u_opt_factor,3,u_opt_factor,0.6,2,5,5,0.5,0.6,0.7,0.6,1.0,0.6,51.520001,40,10,46.0,73.600001,21.433333,1,1,1003,0,ilp_v1,optimal,1,72.442218,51.509335,1.40639,1.200509,0.0,,1.200509,1.362708,3,0,0
u_opt_factor\set03\u_opt_factor_0.7.py,u_opt_factor,3,u_opt_factor,0.7,2,5,5,0.5,0.7,0.7,0.6,1.0,0.7,54.740002,40,10,46.0,78.200003,21.433333,1,1,1003,0,ilp_v1,optimal,1,76.150476,54.697726,1.392206,1.953352,8.3e-05,,1.953352,1.999448,3,0,0
u_opt_factor\set00\u_opt_factor_0.1.py,u_opt_factor,0,u_opt_factor,0.1,2,5,5,0.5,0.1,0.7,0.6,1.0,0.1,35.420002,40,13,46.000002,50.600003,22.042858,1,1,1000,0,heuristic_v6,solved,1,13.550035,35.126842,0.385746,0.055049,,,0.055049,0.063187,3,0,0
u_opt_factor\set00\u_opt_factor_0.2.py,u_opt_factor,0,u_opt_factor,0.2,2,5,5,0.5,0.2,0.7,0.6,1.0,0.2,38.639998,40,13,46.000002,55.199997,22.042858,1,1,1000,0,heuristic_v6,solved,1,26.812352,38.041885,0.704811,0.062107,,,0.062107,0.087098,3,0,0
u_opt_factor\set00\u_opt_factor_0.3.py,u_opt_factor,0,u_opt_factor,0.3,2,5,5,0.5,0.3,0.7,0.6,1.0,0.3,41.860003,40,13,46.000002,59.800005,22.042858,1,1,1000,0,heuristic_v6,solved,1,40.051745,41.238996,0.97121,0.070234,,,0.070234,0.085975,3,0,0
u_opt_factor\set00\u_opt_factor_0.4.py,u_opt_factor,0,u_opt_factor,0.4,2,5,5,0.5,0.4,0.7,0.6,1.0,0.4,45.080004,40,13,46.000002,64.400006,22.042858,1,1,1000,0,heuristic_v6,solved,1,53.291113,44.464388,1.198512,0.117808,,,0.117808,0.141895,3,0,0
u_opt_factor\set00\u_opt_factor_0.5.py,u_opt_factor,0,u_opt_factor,0.5,2,5,5,0.5,0.5,0.7,0.6,1.0,0.5,48.300003,40,13,46.000002,69.000005,22.042858,1,1,1000,0,heuristic_v6,solved,1,67.365432,47.602778,1.415158,0.107832,,,0.107832,0.166328,3,0,0
u_opt_factor\set00\u_opt_factor_0.6.py,u_opt_factor,0,u_opt_factor,0.6,2,5,5,0.5,0.6,0.7,0.6,1.0,0.6,51.520002,40,13,46.000002,73.600002,22.042858,1,1,1000,0,heuristic_v6,solved,1,73.923459,50.511401,1.4635,0.122423,,,0.122423,0.134409,3,0,0
u_opt_factor\set00\u_opt_factor_0.7.py,u_opt_factor,0,u_opt_factor,0.7,2,5,5,0.5,0.7,0.7,0.6,1.0,0.7,54.740004,40,13,46.000002,78.200006,22.042858,1,1,1000,0,heuristic_v6,solved,1,84.524052,53.914317,1.567748,0.147047,,,0.147047,0.163662,3,0,0
u_opt_factor\set00\u_opt_factor_0.8.py,u_opt_factor,0,u_opt_factor,0.8,2,5,5,0.5,0.8,0.7,0.6,1.0,0.8,57.96,40,13,46.000002,82.8,22.042858,1,1,1000,0,heuristic_v6,solved,1,91.603177,57.56693,1.591247,0.134593,,,0.134593,0.172152,3,0,0
u_opt_factor\set03\u_opt_factor_0.8.py,u_opt_factor,3,u_opt_factor,0.8,2,5,5,0.5,0.8,0.7,0.6,1.0,0.8,57.960002,40,10,46.0,82.800003,21.433333,1,1,1003,0,ilp_v1,optimal,1,79.092325,57.891675,1.366212,1.499878,6.7e-05,,1.499878,1.554224,3,0,0
u_opt_factor\set00\u_opt_factor_0.9.py,u_opt_factor,0,u_opt_factor,0.9,2,5,5,0.5,0.9,0.7,0.6,1.0,0.9,61.18,40,13,46.000002,87.4,22.042858,1,1,1000,0,heuristic_v6,solved,1,96.63982,61.098051,1.581717,0.120273,,,0.120273,0.178402,3,0,0
u_opt_factor\set01\u_opt_factor_0.1.py,u_opt_factor,1,u_opt_factor,0.1,2,5,5,0.5,0.1,0.7,0.6,1.0,0.1,35.419999,40,13,46.000002,50.599999,21.433334,1,1,1001,0,heuristic_v6,solved,1,10.912391,35.17595,0.310223,0.079932,,,0.079932,0.082227,3,0,0
u_opt_factor\set01\u_opt_factor_0.2.py,u_opt_factor,1,u_opt_factor,0.2,2,5,5,0.5,0.2,0.7,0.6,1.0,0.2,38.640003,40,13,46.000002,55.200005,21.433334,1,1,1001,0,heuristic_v6,solved,1,21.824805,37.675209,0.579288,0.148438,,,0.148438,0.155509,3,0,0
u_opt_factor\set01\u_opt_factor_0.3.py,u_opt_factor,1,u_opt_factor,0.3,2,5,5,0.5,0.3,0.7,0.6,1.0,0.3,41.860006,40,13,46.000002,59.800008,21.433334,1,1,1001,0,heuristic_v6,solved,1,31.223137,41.857365,0.745941,0.168498,,,0.168498,0.256166,3,0,0
u_opt_factor\set01\u_opt_factor_0.4.py,u_opt_factor,1,u_opt_factor,0.4,2,5,5,0.5,0.4,0.7,0.6,1.0,0.4,45.079998,40,13,46.000002,64.399997,21.433334,1,1,1001,0,heuristic_v6,solved,1,39.148394,44.933568,0.871251,0.237597,,,0.237597,0.322256,3,0,0
u_opt_factor\set01\u_opt_factor_0.5.py,u_opt_factor,1,u_opt_factor,0.5,2,5,5,0.5,0.5,0.7,0.6,1.0,0.5,48.300007,40,13,46.000002,69.00001,21.433334,1,1,1001,0,heuristic_v6,solved,1,44.924209,48.237359,0.931316,0.124363,,,0.124363,0.156931,3,0,0
u_opt_factor\set01\u_opt_factor_0.6.py,u_opt_factor,1,u_opt_factor,0.6,2,5,5,0.5,0.6,0.7,0.6,1.0,0.6,51.519999,40,13,46.000002,73.599999,21.433334,1,1,1001,0,heuristic_v6,solved,1,49.524373,51.131786,0.968563,0.182962,,,0.182962,0.247325,3,0,0
u_opt_factor\set03\u_opt_factor_0.9.py,u_opt_factor,3,u_opt_factor,0.9,2,5,5,0.5,0.9,0.7,0.6,1.0,0.9,61.179997,40,10,46.0,87.399995,21.433333,1,1,1003,0,ilp_v1,optimal,1,82.076606,61.062616,1.344138,1.170485,0.0,,1.170485,1.192899,3,0,0
u_opt_factor\set04\u_opt_factor_0.1.py,u_opt_factor,4,u_opt_factor,0.1,2,5,5,0.5,0.1,0.7,0.6,1.0,0.1,35.420001,40,13,46.000002,50.600001,22.042858,1,1,1004,0,ilp_v1,optimal,1,11.380119,33.262194,0.342134,0.023518,0.0,,0.023518,0.02731,3,0,0
u_opt_factor\set01\u_opt_factor_0.7.py,u_opt_factor,1,u_opt_factor,0.7,2,5,5,0.5,0.7,0.7,0.6,1.0,0.7,54.740002,40,13,46.000002,78.200003,21.433334,1,1,1001,0,heuristic_v6,solved,1,53.758195,54.637184,0.983912,0.050383,,,0.050383,0.098086,3,0,0
u_opt_factor\set04\u_opt_factor_0.2.py,u_opt_factor,4,u_opt_factor,0.2,2,5,5,0.5,0.2,0.7,0.6,1.0,0.2,38.640002,40,13,46.000002,55.200002,22.042858,1,1,1004,0,ilp_v1,optimal,1,22.760248,35.842885,0.635,0.021205,0.0,,0.021205,0.024282,3,0,0
u_opt_factor\set04\u_opt_factor_0.3.py,u_opt_factor,4,u_opt_factor,0.3,2,5,5,0.5,0.3,0.7,0.6,1.0,0.3,41.859998,40,13,46.000002,59.799997,22.042858,1,1,1004,0,ilp_v1,optimal,1,34.140359,39.828289,0.857189,0.024301,0.0,,0.024301,0.026609,3,0,0
u_opt_factor\set04\u_opt_factor_0.4.py,u_opt_factor,4,u_opt_factor,0.4,2,5,5,0.5,0.4,0.7,0.6,1.0,0.4,45.08,40,13,46.000002,64.4,22.042858,1,1,1004,0,ilp_v1,optimal,1,45.520504,44.835817,1.015271,0.027559,0.0,,0.027559,0.03364,3,0,0
u_opt_factor\set01\u_opt_factor_0.8.py,u_opt_factor,1,u_opt_factor,0.8,2,5,5,0.5,0.8,0.7,0.6,1.0,0.8,57.960002,40,13,46.000002,82.800003,21.433334,1,1,1001,0,heuristic_v6,solved,1,57.404356,57.707807,0.994742,0.079331,,,0.079331,0.080753,3,0,0
u_opt_factor\set04\u_opt_factor_0.5.py,u_opt_factor,4,u_opt_factor,0.5,2,5,5,0.5,0.5,0.7,0.6,1.0,0.5,48.3,40,13,46.000002,69.0,22.042858,1,1,1004,0,ilp_v1,optimal,1,56.900624,48.235125,1.179651,0.027214,0.0,,0.027214,0.031287,3,0,0
u_opt_factor\set01\u_opt_factor_0.9.py,u_opt_factor,1,u_opt_factor,0.9,2,5,5,0.5,0.9,0.7,0.6,1.0,0.9,61.180002,40,13,46.000002,87.400003,21.433334,1,1,1001,0,heuristic_v6,solved,1,58.687828,60.94775,0.96292,0.029247,,,0.029247,0.031456,3,0,0
u_opt_factor\set02\u_opt_factor_0.1.py,u_opt_factor,2,u_opt_factor,0.1,2,5,5,0.5,0.1,0.7,0.6,1.0,0.1,35.419998,40,11,46.000001,50.599998,21.400001,1,1,1002,0,heuristic_v6,solved,1,16.558345,34.443613,0.480738,0.011209,,,0.011209,0.023256,3,0,0
u_opt_factor\set02\u_opt_factor_0.2.py,u_opt_factor,2,u_opt_factor,0.2,2,5,5,0.5,0.2,0.7,0.6,1.0,0.2,38.640002,40,11,46.000001,55.200002,21.400001,1,1,1002,0,heuristic_v6,solved,1,32.023685,38.476827,0.832285,0.011943,,,0.011943,0.019699,3,0,0
u_opt_factor\set02\u_opt_factor_0.3.py,u_opt_factor,2,u_opt_factor,0.3,2,5,5,0.5,0.3,0.7,0.6,1.0,0.3,41.859999,40,11,46.000001,59.799999,21.400001,1,1,1002,0,heuristic_v6,solved,1,45.207389,41.610318,1.086447,0.014077,,,0.014077,0.017903,3,0,0
u_opt_factor\set02\u_opt_factor_0.4.py,u_opt_factor,2,u_opt_factor,0.4,2,5,5,0.5,0.4,0.7,0.6,1.0,0.4,45.080002,40,11,46.000001,64.400003,21.400001,1,1,1002,0,heuristic_v6,solved,1,55.31434,44.254531,1.249914,0.014784,,,0.014784,0.015673,3,0,0
u_opt_factor\set02\u_opt_factor_0.5.py,u_opt_factor,2,u_opt_factor,0.5,2,5,5,0.5,0.5,0.7,0.6,1.0,0.5,48.300001,40,11,46.000001,69.000001,21.400001,1,1,1002,0,heuristic_v6,solved,1,68.404718,46.110381,1.483499,0.038167,,,0.038167,0.049586,3,0,0
u_opt_factor\set02\u_opt_factor_0.6.py,u_opt_factor,2,u_opt_factor,0.6,2,5,5,0.5,0.6,0.7,0.6,1.0,0.6,51.519999,40,11,46.000001,73.599999,21.400001,1,1,1002,0,heuristic_v6,solved,1,78.244288,50.461733,1.550567,0.028526,,,0.028526,0.032759,3,0,0
u_opt_factor\set02\u_opt_factor_0.7.py,u_opt_factor,2,u_opt_factor,0.7,2,5,5,0.5,0.7,0.7,0.6,1.0,0.7,54.739998,40,11,46.000001,78.199998,21.400001,1,1,1002,0,heuristic_v6,solved,1,85.169652,53.965423,1.578226,0.049492,,,0.049492,0.054577,3,0,0
u_opt_factor\set02\u_opt_factor_0.8.py,u_opt_factor,2,u_opt_factor,0.8,2,5,5,0.5,0.8,0.7,0.6,1.0,0.8,57.960001,40,11,46.000001,82.800001,21.400001,1,1,1002,0,heuristic_v6,solved,1,92.822955,56.76614,1.635182,0.055247,,,0.055247,0.065479,3,0,0
u_opt_factor\set02\u_opt_factor_0.9.py,u_opt_factor,2,u_opt_factor,0.9,2,5,5,0.5,0.9,0.7,0.6,1.0,0.9,61.180002,40,11,46.000001,87.400002,21.400001,1,1,1002,0,heuristic_v6,solved,1,88.634551,59.082094,1.500193,0.041542,,,0.041542,0.05118,3,0,0
u_opt_factor\set03\u_opt_factor_0.1.py,u_opt_factor,3,u_opt_factor,0.1,2,5,5,0.5,0.1,0.7,0.6,1.0,0.1,35.420006,40,10,46.0,50.600008,21.433333,1,1,1003,0,heuristic_v6,solved,1,13.445002,34.546945,0.389181,0.033036,,,0.033036,0.036977,3,0,0
u_opt_factor\set03\u_opt_factor_0.2.py,u_opt_factor,3,u_opt_factor,0.2,2,5,5,0.5,0.2,0.7,0.6,1.0,0.2,38.639995,40,10,46.0,55.199993,21.433333,1,1,1003,0,heuristic_v6,solved,1,26.889959,38.408946,0.700096,0.035971,,,0.035971,0.041499,3,0,0
u_opt_factor\set03\u_opt_factor_0.3.py,u_opt_factor,3,u_opt_factor,0.3,2,5,5,0.5,0.3,0.7,0.6,1.0,0.3,41.86,40,10,46.0,59.8,21.433333,1,1,1003,0,heuristic_v6,solved,1,40.334957,40.106903,1.005686,0.028016,,,0.028016,0.037842,3,0,0
u_opt_factor\set03\u_opt_factor_0.4.py,u_opt_factor,3,u_opt_factor,0.4,2,5,5,0.5,0.4,0.7,0.6,1.0,0.4,45.079999,40,10,46.0,64.399999,21.433333,1,1,1003,0,heuristic_v6,solved,1,53.77994,44.675447,1.203792,0.017702,,,0.017702,0.03173,3,0,0
u_opt_factor\set03\u_opt_factor_0.5.py,u_opt_factor,3,u_opt_factor,0.5,2,5,5,0.5,0.5,0.7,0.6,1.0,0.5,48.299999,40,10,46.0,68.999999,21.433333,1,1,1003,0,heuristic_v6,solved,1,65.507858,47.90385,1.367486,0.048784,,,0.048784,0.056897,3,0,0
u_opt_factor\set03\u_opt_factor_0.6.py,u_opt_factor,3,u_opt_factor,0.6,2,5,5,0.5,0.6,0.7,0.6,1.0,0.6,51.520001,40,10,46.0,73.600001,21.433333,1,1,1003,0,heuristic_v6,solved,1,71.274215,50.892331,1.40049,0.025889,,,0.025889,0.032291,3,0,0
u_opt_factor\set03\u_opt_factor_0.7.py,u_opt_factor,3,u_opt_factor,0.7,2,5,5,0.5,0.7,0.7,0.6,1.0,0.7,54.740002,40,10,46.0,78.200003,21.433333,1,1,1003,0,heuristic_v6,solved,1,75.473947,54.70132,1.379746,0.051903,,,0.051903,0.069418,3,0,0
u_opt_factor\set03\u_opt_factor_0.8.py,u_opt_factor,3,u_opt_factor,0.8,2,5,5,0.5,0.8,0.7,0.6,1.0,0.8,57.960002,40,10,46.0,82.800003,21.433333,1,1,1003,0,heuristic_v6,solved,1,77.840189,57.875308,1.344964,0.054325,,,0.054325,0.06745,3,0,0
u_opt_factor\set03\u_opt_factor_0.9.py,u_opt_factor,3,u_opt_factor,0.9,2,5,5,0.5,0.9,0.7,0.6,1.0,0.9,61.179997,40,10,46.0,87.399995,21.433333,1,1,1003,0,heuristic_v6,solved,1,79.907868,61.096934,1.307887,0.045066,,,0.045066,0.055696,3,0,0
u_opt_factor\set04\u_opt_factor_0.1.py,u_opt_factor,4,u_opt_factor,0.1,2,5,5,0.5,0.1,0.7,0.6,1.0,0.1,35.420001,40,13,46.000002,50.600001,22.042858,1,1,1004,0,heuristic_v6,solved,1,11.380119,35.289703,0.322477,0.054509,,,0.054509,0.059354,3,0,0
u_opt_factor\set04\u_opt_factor_0.2.py,u_opt_factor,4,u_opt_factor,0.2,2,5,5,0.5,0.2,0.7,0.6,1.0,0.2,38.640002,40,13,46.000002,55.200002,22.042858,1,1,1004,0,heuristic_v6,solved,1,22.760248,37.9977,0.59899,0.056734,,,0.056734,0.071104,3,0,0
u_opt_factor\set04\u_opt_factor_0.3.py,u_opt_factor,4,u_opt_factor,0.3,2,5,5,0.5,0.3,0.7,0.6,1.0,0.3,41.859998,40,13,46.000002,59.799997,22.042858,1,1,1004,0,heuristic_v6,solved,1,34.140359,40.170306,0.84989,0.039955,,,0.039955,0.070873,3,0,0
u_opt_factor\set04\u_opt_factor_0.4.py,u_opt_factor,4,u_opt_factor,0.4,2,5,5,0.5,0.4,0.7,0.6,1.0,0.4,45.08,40,13,46.000002,64.4,22.042858,1,1,1004,0,heuristic_v6,solved,1,45.520504,45.032513,1.010836,0.097346,,,0.097346,0.105066,3,0,0
u_opt_factor\set04\u_opt_factor_0.5.py,u_opt_factor,4,u_opt_factor,0.5,2,5,5,0.5,0.5,0.7,0.6,1.0,0.5,48.3,40,13,46.000002,69.0,22.042858,1,1,1004,0,heuristic_v6,solved,1,55.042981,48.021177,1.146223,0.128936,,,0.128936,0.154427,3,0,0
u_opt_factor\set04\u_opt_factor_0.6.py,u_opt_factor,4,u_opt_factor,0.6,2,5,5,0.5,0.6,0.7,0.6,1.0,0.6,51.520001,40,13,46.000002,73.600001,22.042858,1,1,1004,0,ilp_v1,optimal,1,65.225961,51.518864,1.26606,1.287089,3e-05,,1.287089,1.295057,3,0,0
u_opt_factor\set04\u_opt_factor_0.6.py,u_opt_factor,4,u_opt_factor,0.6,2,5,5,0.5,0.6,0.7,0.6,1.0,0.6,51.520001,40,13,46.000002,73.600001,22.042858,1,1,1004,0,heuristic_v6,solved,1,62.095701,51.484052,1.206115,0.16013,,,0.16013,0.217699,3,0,0
u_opt_factor\set04\u_opt_factor_0.7.py,u_opt_factor,4,u_opt_factor,0.7,2,5,5,0.5,0.7,0.7,0.6,1.0,0.7,54.740008,40,13,46.000002,78.200012,22.042858,1,1,1004,0,heuristic_v6,solved,1,66.860041,54.721946,1.221814,0.121567,,,0.121567,0.130209,3,0,0
u_opt_factor\set04\u_opt_factor_0.8.py,u_opt_factor,4,u_opt_factor,0.8,2,5,5,0.5,0.8,0.7,0.6,1.0,0.8,57.960002,40,13,46.000002,82.800003,22.042858,1,1,1004,0,heuristic_v6,solved,1,72.842787,57.784129,1.260602,0.113071,,,0.113071,0.134479,3,0,0
u_opt_factor\set04\u_opt_factor_0.9.py,u_opt_factor,4,u_opt_factor,0.9,2,5,5,0.5,0.9,0.7,0.6,1.0,0.9,61.180004,40,13,46.000002,87.400006,22.042858,1,1,1004,0,heuristic_v6,solved,1,77.862102,61.179267,1.272688,0.093861,,,0.093861,0.138147,3,0,0
u_opt_factor\set04\u_opt_factor_0.7.py,u_opt_factor,4,u_opt_factor,0.7,2,5,5,0.5,0.7,0.7,0.6,1.0,0.7,54.740008,40,13,46.000002,78.200012,22.042858,1,1,1004,0,ilp_v1,optimal,1,74.541266,54.710653,1.362463,0.531682,5.5e-05,,0.531682,0.58783,3,0,0
u_opt_factor\set04\u_opt_factor_0.8.py,u_opt_factor,4,u_opt_factor,0.8,2,5,5,0.5,0.8,0.7,0.6,1.0,0.8,57.960002,40,13,46.000002,82.800003,22.042858,1,1,1004,0,ilp_v1,optimal,1,80.809539,57.901747,1.395632,8.611974,0.0,,8.611974,8.911364,3,0,0
u_opt_factor\set04\u_opt_factor_0.9.py,u_opt_factor,4,u_opt_factor,0.9,2,5,5,0.5,0.9,0.7,0.6,1.0,0.9,61.180004,40,13,46.000002,87.400006,22.042858,1,1,1004,0,ilp_v1,optimal,1,90.218014,61.157808,1.475168,0.15154,4.1e-05,,0.15154,0.169233,3,0,0
u_opt_factor\set00\u_opt_factor_0.1.py,u_opt_factor,0,u_opt_factor,0.1,2,5,5,0.5,0.1,0.7,0.6,1.0,0.1,35.420002,40,13,46.000002,50.600003,22.042858,1,1,1000,0,heuristic_v7,solved,1,13.550035,35.126842,0.385746,0.03619,,,0.03619,0.043731,3,0,0
u_opt_factor\set00\u_opt_factor_0.2.py,u_opt_factor,0,u_opt_factor,0.2,2,5,5,0.5,0.2,0.7,0.6,1.0,0.2,38.639998,40,13,46.000002,55.199997,22.042858,1,1,1000,0,heuristic_v7,solved,1,26.812352,38.070171,0.704288,0.037901,,,0.037901,0.043967,3,0,0
u_opt_factor\set00\u_opt_factor_0.3.py,u_opt_factor,0,u_opt_factor,0.3,2,5,5,0.5,0.3,0.7,0.6,1.0,0.3,41.860003,40,13,46.000002,59.800005,22.042858,1,1,1000,0,heuristic_v7,solved,1,40.051745,41.238996,0.97121,0.039861,,,0.039861,0.040199,3,0,0
u_opt_factor\set00\u_opt_factor_0.4.py,u_opt_factor,0,u_opt_factor,0.4,2,5,5,0.5,0.4,0.7,0.6,1.0,0.4,45.080004,40,13,46.000002,64.400006,22.042858,1,1,1000,0,heuristic_v7,solved,1,53.291113,44.464388,1.198512,0.042889,,,0.042889,0.051375,3,0,0
u_opt_factor\set00\u_opt_factor_0.5.py,u_opt_factor,0,u_opt_factor,0.5,2,5,5,0.5,0.5,0.7,0.6,1.0,0.5,48.300003,40,13,46.000002,69.000005,22.042858,1,1,1000,0,heuristic_v7,solved,1,62.96496,48.296842,1.303708,0.065764,,,0.065764,0.069324,3,0,0
u_opt_factor\set00\u_opt_factor_0.6.py,u_opt_factor,0,u_opt_factor,0.6,2,5,5,0.5,0.6,0.7,0.6,1.0,0.6,51.520002,40,13,46.000002,73.600002,22.042858,1,1,1000,0,heuristic_v7,solved,1,71.867327,51.060792,1.407486,0.096609,,,0.096609,0.110991,3,0,0
u_opt_factor\set00\u_opt_factor_0.7.py,u_opt_factor,0,u_opt_factor,0.7,2,5,5,0.5,0.7,0.7,0.6,1.0,0.7,54.740004,40,13,46.000002,78.200006,22.042858,1,1,1000,0,heuristic_v7,solved,1,84.524052,53.914317,1.567748,0.06739,,,0.06739,0.093391,3,0,0
u_opt_factor\set00\u_opt_factor_0.8.py,u_opt_factor,0,u_opt_factor,0.8,2,5,5,0.5,0.8,0.7,0.6,1.0,0.8,57.96,40,13,46.000002,82.8,22.042858,1,1,1000,0,heuristic_v7,solved,1,92.808021,57.730345,1.607612,0.07247,,,0.07247,0.075617,3,0,0
u_opt_factor\set00\u_opt_factor_0.9.py,u_opt_factor,0,u_opt_factor,0.9,2,5,5,0.5,0.9,0.7,0.6,1.0,0.9,61.18,40,13,46.000002,87.4,22.042858,1,1,1000,0,heuristic_v7,solved,1,96.63982,61.098051,1.581717,0.0671,,,0.0671,0.076775,3,0,0
u_opt_factor\set01\u_opt_factor_0.1.py,u_opt_factor,1,u_opt_factor,0.1,2,5,5,0.5,0.1,0.7,0.6,1.0,0.1,35.419999,40,13,46.000002,50.599999,21.433334,1,1,1001,0,heuristic_v7,solved,1,10.912391,35.17595,0.310223,0.0419,,,0.0419,0.050726,3,0,0
u_opt_factor\set01\u_opt_factor_0.2.py,u_opt_factor,1,u_opt_factor,0.2,2,5,5,0.5,0.2,0.7,0.6,1.0,0.2,38.640003,40,13,46.000002,55.200005,21.433334,1,1,1001,0,heuristic_v7,solved,1,21.729234,37.615036,0.577674,0.049441,,,0.049441,0.061073,3,0,0
u_opt_factor\set01\u_opt_factor_0.3.py,u_opt_factor,1,u_opt_factor,0.3,2,5,5,0.5,0.3,0.7,0.6,1.0,0.3,41.860006,40,13,46.000002,59.800008,21.433334,1,1,1001,0,heuristic_v7,solved,1,30.014388,41.818919,0.717723,0.072904,,,0.072904,0.091475,3,0,0
u_opt_factor\set01\u_opt_factor_0.4.py,u_opt_factor,1,u_opt_factor,0.4,2,5,5,0.5,0.4,0.7,0.6,1.0,0.4,45.079998,40,13,46.000002,64.399997,21.433334,1,1,1001,0,heuristic_v7,solved,1,39.148394,44.933568,0.871251,0.169307,,,0.169307,0.211988,3,0,0
u_opt_factor\set01\u_opt_factor_0.5.py,u_opt_factor,1,u_opt_factor,0.5,2,5,5,0.5,0.5,0.7,0.6,1.0,0.5,48.300007,40,13,46.000002,69.00001,21.433334,1,1,1001,0,heuristic_v7,solved,1,43.629795,48.284373,0.903601,0.126243,,,0.126243,0.183521,3,0,0
u_opt_factor\set01\u_opt_factor_0.6.py,u_opt_factor,1,u_opt_factor,0.6,2,5,5,0.5,0.6,0.7,0.6,1.0,0.6,51.519999,40,13,46.000002,73.599999,21.433334,1,1,1001,0,heuristic_v7,solved,1,48.503941,50.889533,0.953122,0.126617,,,0.126617,0.138072,3,0,0
u_opt_factor\set01\u_opt_factor_0.7.py,u_opt_factor,1,u_opt_factor,0.7,2,5,5,0.5,0.7,0.7,0.6,1.0,0.7,54.740002,40,13,46.000002,78.200003,21.433334,1,1,1001,0,heuristic_v7,solved,1,53.758195,54.637184,0.983912,0.071018,,,0.071018,0.085851,3,0,0
u_opt_factor\set01\u_opt_factor_0.8.py,u_opt_factor,1,u_opt_factor,0.8,2,5,5,0.5,0.8,0.7,0.6,1.0,0.8,57.960002,40,13,46.000002,82.800003,21.433334,1,1,1001,0,heuristic_v7,solved,1,56.223015,57.600966,0.976078,0.089676,,,0.089676,0.114695,3,0,0
u_opt_factor\set01\u_opt_factor_0.9.py,u_opt_factor,1,u_opt_factor,0.9,2,5,5,0.5,0.9,0.7,0.6,1.0,0.9,61.180002,40,13,46.000002,87.400003,21.433334,1,1,1001,0,heuristic_v7,solved,1,58.687828,60.94775,0.96292,0.047442,,,0.047442,0.065754,3,0,0
u_opt_factor\set02\u_opt_factor_0.1.py,u_opt_factor,2,u_opt_factor,0.1,2,5,5,0.5,0.1,0.7,0.6,1.0,0.1,35.419998,40,11,46.000001,50.599998,21.400001,1,1,1002,0,heuristic_v7,solved,1,16.558345,34.443613,0.480738,0.017001,,,0.017001,0.019269,3,0,0
u_opt_factor\set02\u_opt_factor_0.2.py,u_opt_factor,2,u_opt_factor,0.2,2,5,5,0.5,0.2,0.7,0.6,1.0,0.2,38.640002,40,11,46.000001,55.200002,21.400001,1,1,1002,0,heuristic_v7,solved,1,32.023685,38.476827,0.832285,0.0162,,,0.0162,0.017007,3,0,0
u_opt_factor\set02\u_opt_factor_0.3.py,u_opt_factor,2,u_opt_factor,0.3,2,5,5,0.5,0.3,0.7,0.6,1.0,0.3,41.859999,40,11,46.000001,59.799999,21.400001,1,1,1002,0,heuristic_v7,solved,1,45.207389,41.610318,1.086447,0.017179,,,0.017179,0.020984,3,0,0
u_opt_factor\set02\u_opt_factor_0.4.py,u_opt_factor,2,u_opt_factor,0.4,2,5,5,0.5,0.4,0.7,0.6,1.0,0.4,45.080002,40,11,46.000001,64.400003,21.400001,1,1,1002,0,heuristic_v7,solved,1,58.391125,44.743814,1.30501,0.018644,,,0.018644,0.022826,3,0,0
u_opt_factor\set02\u_opt_factor_0.5.py,u_opt_factor,2,u_opt_factor,0.5,2,5,5,0.5,0.5,0.7,0.6,1.0,0.5,48.300001,40,11,46.000001,69.000001,21.400001,1,1,1002,0,heuristic_v7,solved,1,68.404718,46.110381,1.483499,0.025191,,,0.025191,0.027674,3,0,0
u_opt_factor\set02\u_opt_factor_0.6.py,u_opt_factor,2,u_opt_factor,0.6,2,5,5,0.5,0.6,0.7,0.6,1.0,0.6,51.519999,40,11,46.000001,73.599999,21.400001,1,1,1002,0,heuristic_v7,solved,1,78.244288,50.461733,1.550567,0.022339,,,0.022339,0.025675,3,0,0
u_opt_factor\set02\u_opt_factor_0.7.py,u_opt_factor,2,u_opt_factor,0.7,2,5,5,0.5,0.7,0.7,0.6,1.0,0.7,54.739998,40,11,46.000001,78.199998,21.400001,1,1,1002,0,heuristic_v7,solved,1,85.169652,53.965423,1.578226,0.030982,,,0.030982,0.037907,3,0,0
u_opt_factor\set02\u_opt_factor_0.8.py,u_opt_factor,2,u_opt_factor,0.8,2,5,5,0.5,0.8,0.7,0.6,1.0,0.8,57.960001,40,11,46.000001,82.800001,21.400001,1,1,1002,0,heuristic_v7,solved,1,92.822955,56.76614,1.635182,0.027231,,,0.027231,0.050416,3,0,0
u_opt_factor\set02\u_opt_factor_0.9.py,u_opt_factor,2,u_opt_factor,0.9,2,5,5,0.5,0.9,0.7,0.6,1.0,0.9,61.180002,40,11,46.000001,87.400002,21.400001,1,1,1002,0,heuristic_v7,solved,1,88.634551,59.082094,1.500193,0.026146,,,0.026146,0.04124,3,0,0
u_opt_factor\set03\u_opt_factor_0.1.py,u_opt_factor,3,u_opt_factor,0.1,2,5,5,0.5,0.1,0.7,0.6,1.0,0.1,35.420006,40,10,46.0,50.600008,21.433333,1,1,1003,0,heuristic_v7,solved,1,13.445002,34.546945,0.389181,0.02179,,,0.02179,0.026197,3,0,0
u_opt_factor\set03\u_opt_factor_0.2.py,u_opt_factor,3,u_opt_factor,0.2,2,5,5,0.5,0.2,0.7,0.6,1.0,0.2,38.639995,40,10,46.0,55.199993,21.433333,1,1,1003,0,heuristic_v7,solved,1,26.889959,38.408946,0.700096,0.022669,,,0.022669,0.04163,3,0,0
u_opt_factor\set03\u_opt_factor_0.3.py,u_opt_factor,3,u_opt_factor,0.3,2,5,5,0.5,0.3,0.7,0.6,1.0,0.3,41.86,40,10,46.0,59.8,21.433333,1,1,1003,0,heuristic_v7,solved,1,40.334957,40.106903,1.005686,0.02002,,,0.02002,0.030906,3,0,0
u_opt_factor\set03\u_opt_factor_0.4.py,u_opt_factor,3,u_opt_factor,0.4,2,5,5,0.5,0.4,0.7,0.6,1.0,0.4,45.079999,40,10,46.0,64.399999,21.433333,1,1,1003,0,heuristic_v7,solved,1,53.77994,41.911859,1.283168,0.0183,,,0.0183,0.030133,3,0,0
u_opt_factor\set03\u_opt_factor_0.5.py,u_opt_factor,3,u_opt_factor,0.5,2,5,5,0.5,0.5,0.7,0.6,1.0,0.5,48.299999,40,10,46.0,68.999999,21.433333,1,1,1003,0,heuristic_v7,solved,1,65.507858,47.90385,1.367486,0.026605,,,0.026605,0.042156,3,0,0
u_opt_factor\set03\u_opt_factor_0.6.py,u_opt_factor,3,u_opt_factor,0.6,2,5,5,0.5,0.6,0.7,0.6,1.0,0.6,51.520001,40,10,46.0,73.600001,21.433333,1,1,1003,0,heuristic_v7,solved,1,71.274215,50.892331,1.40049,0.020367,,,0.020367,0.021699,3,0,0
u_opt_factor\set03\u_opt_factor_0.7.py,u_opt_factor,3,u_opt_factor,0.7,2,5,5,0.5,0.7,0.7,0.6,1.0,0.7,54.740002,40,10,46.0,78.200003,21.433333,1,1,1003,0,heuristic_v7,solved,1,75.473947,54.70132,1.379746,0.034577,,,0.034577,0.038304,3,0,0
u_opt_factor\set03\u_opt_factor_0.8.py,u_opt_factor,3,u_opt_factor,0.8,2,5,5,0.5,0.8,0.7,0.6,1.0,0.8,57.960002,40,10,46.0,82.800003,21.433333,1,1,1003,0,heuristic_v7,solved,1,77.235468,57.950039,1.332794,0.026306,,,0.026306,0.027499,3,0,0
u_opt_factor\set03\u_opt_factor_0.9.py,u_opt_factor,3,u_opt_factor,0.9,2,5,5,0.5,0.9,0.7,0.6,1.0,0.9,61.179997,40,10,46.0,87.399995,21.433333,1,1,1003,0,heuristic_v7,solved,1,79.571251,61.162013,1.300991,0.021412,,,0.021412,0.031237,3,0,0
u_opt_factor\set04\u_opt_factor_0.1.py,u_opt_factor,4,u_opt_factor,0.1,2,5,5,0.5,0.1,0.7,0.6,1.0,0.1,35.420001,40,13,46.000002,50.600001,22.042858,1,1,1004,0,heuristic_v7,solved,1,11.380119,35.289703,0.322477,0.027075,,,0.027075,0.042244,3,0,0
u_opt_factor\set04\u_opt_factor_0.2.py,u_opt_factor,4,u_opt_factor,0.2,2,5,5,0.5,0.2,0.7,0.6,1.0,0.2,38.640002,40,13,46.000002,55.200002,22.042858,1,1,1004,0,heuristic_v7,solved,1,22.760248,37.9977,0.59899,0.039695,,,0.039695,0.043567,3,0,0
u_opt_factor\set04\u_opt_factor_0.3.py,u_opt_factor,4,u_opt_factor,0.3,2,5,5,0.5,0.3,0.7,0.6,1.0,0.3,41.859998,40,13,46.000002,59.799997,22.042858,1,1,1004,0,heuristic_v7,solved,1,34.140359,40.170306,0.84989,0.036087,,,0.036087,0.042406,3,0,0
u_opt_factor\set04\u_opt_factor_0.4.py,u_opt_factor,4,u_opt_factor,0.4,2,5,5,0.5,0.4,0.7,0.6,1.0,0.4,45.08,40,13,46.000002,64.4,22.042858,1,1,1004,0,heuristic_v7,solved,1,44.034389,45.030002,0.97789,0.036241,,,0.036241,0.051629,3,0,0
u_opt_factor\set04\u_opt_factor_0.5.py,u_opt_factor,4,u_opt_factor,0.5,2,5,5,0.5,0.5,0.7,0.6,1.0,0.5,48.3,40,13,46.000002,69.0,22.042858,1,1,1004,0,heuristic_v7,solved,1,52.901529,48.235321,1.096738,0.058166,,,0.058166,0.069915,3,0,0
u_opt_factor\set04\u_opt_factor_0.6.py,u_opt_factor,4,u_opt_factor,0.6,2,5,5,0.5,0.6,0.7,0.6,1.0,0.6,51.520001,40,13,46.000002,73.600001,22.042858,1,1,1004,0,heuristic_v7,solved,1,54.298123,51.19997,1.060511,0.070848,,,0.070848,0.095642,3,0,0
u_opt_factor\set04\u_opt_factor_0.7.py,u_opt_factor,4,u_opt_factor,0.7,2,5,5,0.5,0.7,0.7,0.6,1.0,0.7,54.740008,40,13,46.000002,78.200012,22.042858,1,1,1004,0,heuristic_v7,solved,1,62.669935,54.626915,1.147235,0.057728,,,0.057728,0.070131,3,0,0
u_opt_factor\set04\u_opt_factor_0.8.py,u_opt_factor,4,u_opt_factor,0.8,2,5,5,0.5,0.8,0.7,0.6,1.0,0.8,57.960002,40,13,46.000002,82.800003,22.042858,1,1,1004,0,heuristic_v7,solved,1,71.077714,57.933572,1.226883,0.079736,,,0.079736,0.116126,3,0,0
u_opt_factor\set04\u_opt_factor_0.9.py,u_opt_factor,4,u_opt_factor,0.9,2,5,5,0.5,0.9,0.7,0.6,1.0,0.9,61.180004,40,13,46.000002,87.400006,22.042858,1,1,1004,0,heuristic_v7,solved,1,75.060653,61.00046,1.230493,0.097157,,,0.097157,0.118041,3,0,0
