file,sweep,set,factor,value,n_prc,n_tsk,n_frq,u_mand_factor,u_opt_factor,rho,xi,U_M,U_O,B,H,J,e_mand_fmax,e_full_fmax,e_mand_min,feasible,donate_ok,seed,redraws,model,status,model_feasible,utility,energy,util_per_energy,runtime,gap,error,runtime_best,runtime_worst,repeats,censored,nondeterministic
u_mand_factor\set00\u_mand_factor_0.1.py,u_mand_factor,0,u_mand_factor,0.1,2,5,5,0.1,0.5,0.7,0.6,0.2,0.9,35.420002,40,13,9.200002,50.600002,4.408573,1,0,1000,0,ilp_v2,optimal,1,123.877307,32.349018,3.829399,0.007713,0.0,,0.007713,0.008321,3,0,0
u_mand_factor\set00\u_mand_factor_0.1.py,u_mand_factor,0,u_mand_factor,0.1,2,5,5,0.1,0.5,0.7,0.6,0.2,0.9,35.420002,40,13,9.200002,50.600002,4.408573,1,0,1000,0,ilp_v3,optimal,1,123.877307,35.076233,3.531659,0.007961,0.0,,0.007961,0.00904,3,0,0
u_mand_factor\set00\u_mand_factor_0.1.py,u_mand_factor,0,u_mand_factor,0.1,2,5,5,0.1,0.5,0.7,0.6,0.2,0.9,35.420002,40,13,9.200002,50.600002,4.408573,1,0,1000,0,ilp_v4,optimal,1,123.877307,35.279505,3.511311,0.034866,0.0,,0.034866,0.039182,3,0,0
u_mand_factor\set00\u_mand_factor_0.1.py,u_mand_factor,0,u_mand_factor,0.1,2,5,5,0.1,0.5,0.7,0.6,0.2,0.9,35.420002,40,13,9.200002,50.600002,4.408573,1,0,1000,0,greedy_sps_baseline,solved,1,83.865632,35.38495,2.370093,0.003024,,,0.003024,0.003247,3,0,0
u_mand_factor\set00\u_mand_factor_0.2.py,u_mand_factor,0,u_mand_factor,0.2,2,5,5,0.2,0.5,0.7,0.6,0.4,0.8,38.639999,40,13,18.400001,55.199999,8.817143,1,0,1000,0,ilp_v2,optimal,1,114.775308,38.457037,2.984507,0.008029,0.0,,0.008029,0.012065,3,0,0
u_mand_factor\set00\u_mand_factor_0.2.py,u_mand_factor,0,u_mand_factor,0.2,2,5,5,0.2,0.5,0.7,0.6,0.4,0.8,38.639999,40,13,18.400001,55.199999,8.817143,1,0,1000,0,ilp_v3,optimal,1,114.775308,36.135745,3.176226,0.014275,0.0,,0.014275,0.018459,3,0,0
u_mand_factor\set00\u_mand_factor_0.2.py,u_mand_factor,0,u_mand_factor,0.2,2,5,5,0.2,0.5,0.7,0.6,0.4,0.8,38.639999,40,13,18.400001,55.199999,8.817143,1,0,1000,0,ilp_v4,optimal,1,114.775308,38.457037,2.984507,0.034663,0.0,,0.034663,0.048125,3,0,0
u_mand_factor\set00\u_mand_factor_0.2.py,u_mand_factor,0,u_mand_factor,0.2,2,5,5,0.2,0.5,0.7,0.6,0.4,0.8,38.639999,40,13,18.400001,55.199999,8.817143,1,0,1000,0,greedy_sps_baseline,solved,1,71.287545,38.557226,1.848876,0.002628,,,0.002628,0.002797,3,0,0
u_mand_factor\set00\u_mand_factor_0.3.py,u_mand_factor,0,u_mand_factor,0.3,2,5,5,0.3,0.5,0.7,0.6,0.6,0.7,41.859996,40,13,27.600001,59.799994,13.225715,1,1,1000,0,ilp_v2,optimal,1,98.676193,39.969708,2.468774,0.008737,0.0,,0.008737,0.01187,3,0,0
u_mand_factor\set00\u_mand_factor_0.3.py,u_mand_factor,0,u_mand_factor,0.3,2,5,5,0.3,0.5,0.7,0.6,0.6,0.7,41.859996,40,13,27.600001,59.799994,13.225715,1,1,1000,0,ilp_v3,optimal,1,98.676193,41.357538,2.38593,0.008175,0.0,,0.008175,0.008441,3,0,0
u_mand_factor\set00\u_mand_factor_0.3.py,u_mand_factor,0,u_mand_factor,0.3,2,5,5,0.3,0.5,0.7,0.6,0.6,0.7,41.859996,40,13,27.600001,59.799994,13.225715,1,1,1000,0,ilp_v4,optimal,1,98.676193,39.246588,2.514262,0.037835,0.0,,0.037835,0.042113,3,0,0
u_mand_factor\set00\u_mand_factor_0.3.py,u_mand_factor,0,u_mand_factor,0.3,2,5,5,0.3,0.5,0.7,0.6,0.6,0.7,41.859996,40,13,27.600001,59.799994,13.225715,1,1,1000,0,greedy_sps_baseline,solved,1,49.127309,41.469251,1.184668,0.002771,,,0.002771,0.002918,3,0,0
u_mand_factor\set00\u_mand_factor_0.4.py,u_mand_factor,0,u_mand_factor,0.4,2,5,5,0.4,0.5,0.7,0.6,0.8,0.6,45.079998,40,13,36.800002,64.399997,17.634287,1,1,1000,0,ilp_v2,optimal,1,82.72616,44.766837,1.847934,0.007875,0.0,,0.007875,0.012463,3,0,0
u_mand_factor\set00\u_mand_factor_0.4.py,u_mand_factor,0,u_mand_factor,0.4,2,5,5,0.4,0.5,0.7,0.6,0.8,0.6,45.079998,40,13,36.800002,64.399997,17.634287,1,1,1000,0,ilp_v3,optimal,1,82.72616,44.972196,1.839496,0.007729,0.0,,0.007729,0.008153,3,0,0
u_mand_factor\set00\u_mand_factor_0.4.py,u_mand_factor,0,u_mand_factor,0.4,2,5,5,0.4,0.5,0.7,0.6,0.8,0.6,45.079998,40,13,36.800002,64.399997,17.634287,1,1,1000,0,ilp_v4,optimal,1,82.72616,44.898462,1.842517,0.07161,0.0,,0.07161,0.092116,3,0,0
u_mand_factor\set00\u_mand_factor_0.4.py,u_mand_factor,0,u_mand_factor,0.4,2,5,5,0.4,0.5,0.7,0.6,0.8,0.6,45.079998,40,13,36.800002,64.399997,17.634287,1,1,1000,0,greedy_sps_baseline,solved,1,29.748223,44.894821,0.66262,0.001793,,,0.001793,0.001989,3,0,0
u_mand_factor\set00\u_mand_factor_0.5.py,u_mand_factor,0,u_mand_factor,0.5,2,5,5,0.5,0.5,0.7,0.6,1.0,0.5,48.300003,40,13,46.000002,69.000005,22.042858,1,1,1000,0,ilp_v2,optimal,1,64.70866,48.292486,1.339932,0.029959,0.0,,0.029959,0.032222,3,0,0
u_mand_factor\set00\u_mand_factor_0.5.py,u_mand_factor,0,u_mand_factor,0.5,2,5,5,0.5,0.5,0.7,0.6,1.0,0.5,48.300003,40,13,46.000002,69.000005,22.042858,1,1,1000,0,ilp_v3,optimal,1,61.915628,47.940817,1.291501,0.063537,0.0,,0.063537,0.07327,3,0,0
u_mand_factor\set00\u_mand_factor_0.5.py,u_mand_factor,0,u_mand_factor,0.5,2,5,5,0.5,0.5,0.7,0.6,1.0,0.5,48.300003,40,13,46.000002,69.000005,22.042858,1,1,1000,0,ilp_v4,optimal,1,67.365432,47.602778,1.415158,0.083213,0.0,,0.083213,0.086267,3,0,0
u_mand_factor\set00\u_mand_factor_0.5.py,u_mand_factor,0,u_mand_factor,0.5,2,5,5,0.5,0.5,0.7,0.6,1.0,0.5,48.300003,40,13,46.000002,69.000005,22.042858,1,1,1000,0,greedy_sps_baseline,solved,1,8.364274,48.284027,0.173231,0.001012,,,0.001012,0.001157,3,0,0
u_mand_factor\set00\u_mand_factor_0.6.py,u_mand_factor,0,u_mand_factor,0.6,2,5,5,0.6,0.5,0.7,0.6,1.2,0.4,51.520002,40,13,55.200003,73.600002,26.45143,1,1,1000,0,ilp_v2,optimal,1,44.714462,51.506634,0.86813,0.032662,0.0,,0.032662,0.037657,3,0,0
u_mand_factor\set00\u_mand_factor_0.6.py,u_mand_factor,0,u_mand_factor,0.6,2,5,5,0.6,0.5,0.7,0.6,1.2,0.4,51.520002,40,13,55.200003,73.600002,26.45143,1,1,1000,0,ilp_v3,optimal,1,44.79373,51.518944,0.869461,0.095891,0.0,,0.095891,0.102766,3,0,0
u_mand_factor\set00\u_mand_factor_0.6.py,u_mand_factor,0,u_mand_factor,0.6,2,5,5,0.6,0.5,0.7,0.6,1.2,0.4,51.520002,40,13,55.200003,73.600002,26.45143,1,1,1000,0,ilp_v4,optimal,1,48.631073,51.514155,0.944033,0.354187,0.0,,0.354187,0.431546,3,0,0
u_mand_factor\set00\u_mand_factor_0.6.py,u_mand_factor,0,u_mand_factor,0.6,2,5,5,0.6,0.5,0.7,0.6,1.2,0.4,51.520002,40,13,55.200003,73.600002,26.45143,1,1,1000,0,greedy_sps_baseline,infeasible,0,,55.200003,,0.00078,,over budget: E=55.2000 > B=51.5200,0.00078,0.000902,3,0,0
u_mand_factor\set00\u_mand_factor_0.7.py,u_mand_factor,0,u_mand_factor,0.7,2,5,5,0.7,0.5,0.7,0.6,1.4,0.3,54.740004,40,13,64.399999,78.200006,30.859999,1,1,1000,0,ilp_v2,optimal,1,26.325087,54.703198,0.481235,0.039885,0.0,,0.039885,0.044563,3,0,0
u_mand_factor\set00\u_mand_factor_0.7.py,u_mand_factor,0,u_mand_factor,0.7,2,5,5,0.7,0.5,0.7,0.6,1.4,0.3,54.740004,40,13,64.399999,78.200006,30.859999,1,1,1000,0,ilp_v3,optimal,1,26.325087,54.703198,0.481235,0.041109,0.0,,0.041109,0.046158,3,0,0
u_mand_factor\set00\u_mand_factor_0.7.py,u_mand_factor,0,u_mand_factor,0.7,2,5,5,0.7,0.5,0.7,0.6,1.4,0.3,54.740004,40,13,64.399999,78.200006,30.859999,1,1,1000,0,ilp_v4,optimal,1,30.716156,54.637462,0.562181,0.28323,0.0,,0.28323,0.304467,3,0,0
u_mand_factor\set00\u_mand_factor_0.7.py,u_mand_factor,0,u_mand_factor,0.7,2,5,5,0.7,0.5,0.7,0.6,1.4,0.3,54.740004,40,13,64.399999,78.200006,30.859999,1,1,1000,0,greedy_sps_baseline,infeasible,0,,64.399999,,0.00041,,over budget: E=64.4000 > B=54.7400,0.00041,0.000548,3,0,0
u_mand_factor\set00\u_mand_factor_0.8.py,u_mand_factor,0,u_mand_factor,0.8,2,5,5,0.8,0.5,0.7,0.6,1.6,0.2,57.959999,40,13,73.6,82.799999,35.268571,1,1,1000,0,ilp_v2,optimal,1,2.695019,57.937338,0.046516,0.128194,0.0,,0.128194,0.152906,3,0,0
u_mand_factor\set00\u_mand_factor_0.8.py,u_mand_factor,0,u_mand_factor,0.8,2,5,5,0.8,0.5,0.7,0.6,1.6,0.2,57.959999,40,13,73.6,82.799999,35.268571,1,1,1000,0,ilp_v3,optimal,1,2.695019,57.937338,0.046516,0.137583,0.0,,0.137583,0.146628,3,0,0
u_mand_factor\set00\u_mand_factor_0.8.py,u_mand_factor,0,u_mand_factor,0.8,2,5,5,0.8,0.5,0.7,0.6,1.6,0.2,57.959999,40,13,73.6,82.799999,35.268571,1,1,1000,0,ilp_v4,optimal,1,8.403357,57.941403,0.145032,0.246507,0.0,,0.246507,0.282467,3,0,0
u_mand_factor\set00\u_mand_factor_0.8.py,u_mand_factor,0,u_mand_factor,0.8,2,5,5,0.8,0.5,0.7,0.6,1.6,0.2,57.959999,40,13,73.6,82.799999,35.268571,1,1,1000,0,greedy_sps_baseline,infeasible,0,,73.6,,0.00043,,over budget: E=73.6000 > B=57.9600,0.00043,0.000529,3,0,0
u_mand_factor\set00\u_mand_factor_0.9.py,u_mand_factor,0,u_mand_factor,0.9,2,5,5,0.9,0.5,0.7,0.6,1.8,0.1,61.180001,40,13,82.8,87.400001,39.677143,1,1,1000,0,ilp_v2,infeasible,0,,,,0.004511,,,0.004511,0.007081,3,0,0
u_mand_factor\set00\u_mand_factor_0.9.py,u_mand_factor,0,u_mand_factor,0.9,2,5,5,0.9,0.5,0.7,0.6,1.8,0.1,61.180001,40,13,82.8,87.400001,39.677143,1,1,1000,0,ilp_v3,infeasible,0,,,,0.00914,,,0.00914,0.009479,3,0,0
u_mand_factor\set00\u_mand_factor_0.9.py,u_mand_factor,0,u_mand_factor,0.9,2,5,5,0.9,0.5,0.7,0.6,1.8,0.1,61.180001,40,13,82.8,87.400001,39.677143,1,1,1000,0,ilp_v4,infeasible,0,,,,0.016723,,,0.016723,0.033203,3,0,0
u_mand_factor\set00\u_mand_factor_0.9.py,u_mand_factor,0,u_mand_factor,0.9,2,5,5,0.9,0.5,0.7,0.6,1.8,0.1,61.180001,40,13,82.8,87.400001,39.677143,1,1,1000,0,greedy_sps_baseline,infeasible,0,,82.8,,0.000461,,over budget: E=82.8000 > B=61.1800,0.000461,0.00061,3,0,0
u_mand_factor\set01\u_mand_factor_0.1.py,u_mand_factor,1,u_mand_factor,0.1,2,5,5,0.1,0.5,0.7,0.6,0.2,0.9,35.419998,40,13,9.200001,50.599998,4.286667,1,0,1001,0,ilp_v2,optimal,1,95.235298,34.79073,2.737376,0.007767,0.0,,0.007767,0.008417,3,0,0
u_mand_factor\set01\u_mand_factor_0.1.py,u_mand_factor,1,u_mand_factor,0.1,2,5,5,0.1,0.5,0.7,0.6,0.2,0.9,35.419998,40,13,9.200001,50.599998,4.286667,1,0,1001,0,ilp_v3,optimal,1,95.235298,35.164338,2.708292,0.007861,0.0,,0.007861,0.009872,3,0,0
u_mand_factor\set01\u_mand_factor_0.1.py,u_mand_factor,1,u_mand_factor,0.1,2,5,5,0.1,0.5,0.7,0.6,0.2,0.9,35.419998,40,13,9.200001,50.599998,4.286667,1,0,1001,0,ilp_v4,optimal,1,95.235298,35.326035,2.695895,0.045275,0.0,,0.045275,0.048197,3,0,0
u_mand_factor\set01\u_mand_factor_0.1.py,u_mand_factor,1,u_mand_factor,0.1,2,5,5,0.1,0.5,0.7,0.6,0.2,0.9,35.419998,40,13,9.200001,50.599998,4.286667,1,0,1001,0,greedy_sps_baseline,solved,1,66.891418,34.594157,1.933604,0.00533,,,0.00533,0.006049,3,0,0
u_mand_factor\set01\u_mand_factor_0.2.py,u_mand_factor,1,u_mand_factor,0.2,2,5,5,0.2,0.5,0.7,0.6,0.4,0.8,38.640004,40,13,18.400001,55.200006,8.573334,1,0,1001,0,ilp_v2,optimal,1,75.750399,38.516091,1.966721,0.007477,0.0,,0.007477,0.009681,3,0,0
u_mand_factor\set01\u_mand_factor_0.2.py,u_mand_factor,1,u_mand_factor,0.2,2,5,5,0.2,0.5,0.7,0.6,0.4,0.8,38.640004,40,13,18.400001,55.200006,8.573334,1,0,1001,0,ilp_v3,optimal,1,73.88515,37.963741,1.946203,0.015011,0.0,,0.015011,0.023985,3,0,0
u_mand_factor\set01\u_mand_factor_0.2.py,u_mand_factor,1,u_mand_factor,0.2,2,5,5,0.2,0.5,0.7,0.6,0.4,0.8,38.640004,40,13,18.400001,55.200006,8.573334,1,0,1001,0,ilp_v4,optimal,1,75.750399,37.494007,2.020334,0.064447,0.0,,0.064447,0.094404,3,0,0
u_mand_factor\set01\u_mand_factor_0.2.py,u_mand_factor,1,u_mand_factor,0.2,2,5,5,0.2,0.5,0.7,0.6,0.4,0.8,38.640004,40,13,18.400001,55.200006,8.573334,1,0,1001,0,greedy_sps_baseline,solved,1,52.846564,38.219983,1.382695,0.0052,,,0.0052,0.005477,3,0,0
u_mand_factor\set01\u_mand_factor_0.3.py,u_mand_factor,1,u_mand_factor,0.3,2,5,5,0.3,0.5,0.7,0.6,0.6,0.7,41.860003,40,13,27.6,59.800005,12.86,1,1,1001,0,ilp_v2,optimal,1,55.275194,41.849262,1.320816,0.021224,0.0,,0.021224,0.024489,3,0,0
u_mand_factor\set01\u_mand_factor_0.3.py,u_mand_factor,1,u_mand_factor,0.3,2,5,5,0.3,0.5,0.7,0.6,0.6,0.7,41.860003,40,13,27.6,59.800005,12.86,1,1,1001,0,ilp_v3,optimal,1,52.506731,41.697772,1.259222,0.01378,0.0,,0.01378,0.01512,3,0,0
u_mand_factor\set01\u_mand_factor_0.3.py,u_mand_factor,1,u_mand_factor,0.3,2,5,5,0.3,0.5,0.7,0.6,0.6,0.7,41.860003,40,13,27.6,59.800005,12.86,1,1,1001,0,ilp_v4,optimal,1,55.275194,41.849262,1.320816,0.055403,0.0,,0.055403,0.069123,3,0,0
u_mand_factor\set01\u_mand_factor_0.3.py,u_mand_factor,1,u_mand_factor,0.3,2,5,5,0.3,0.5,0.7,0.6,0.6,0.7,41.860003,40,13,27.6,59.800005,12.86,1,1,1001,0,greedy_sps_baseline,solved,1,31.077254,40.821929,0.761288,0.009529,,,0.009529,0.010266,3,0,0
u_mand_factor\set01\u_mand_factor_0.4.py,u_mand_factor,1,u_mand_factor,0.4,2,5,5,0.4,0.5,0.7,0.6,0.8,0.6,45.079998,40,13,36.800001,64.399998,17.146667,1,1,1001,0,ilp_v2,optimal,1,47.248783,45.038528,1.049075,0.06001,0.0,,0.06001,0.06745,3,0,0
u_mand_factor\set01\u_mand_factor_0.4.py,u_mand_factor,1,u_mand_factor,0.4,2,5,5,0.4,0.5,0.7,0.6,0.8,0.6,45.079998,40,13,36.800001,64.399998,17.146667,1,1,1001,0,ilp_v3,optimal,1,47.758445,45.000405,1.061289,0.013591,0.0,,0.013591,0.017358,3,0,0
u_mand_factor\set01\u_mand_factor_0.4.py,u_mand_factor,1,u_mand_factor,0.4,2,5,5,0.4,0.5,0.7,0.6,0.8,0.6,45.079998,40,13,36.800001,64.399998,17.146667,1,1,1001,0,ilp_v4,optimal,1,49.389808,45.078636,1.095637,0.093462,0.0,,0.093462,0.107408,3,0,0
u_mand_factor\set01\u_mand_factor_0.4.py,u_mand_factor,1,u_mand_factor,0.4,2,5,5,0.4,0.5,0.7,0.6,0.8,0.6,45.079998,40,13,36.800001,64.399998,17.146667,1,1,1001,0,greedy_sps_baseline,solved,1,20.024582,45.054664,0.444451,0.005111,,,0.005111,0.00563,3,0,0
u_mand_factor\set01\u_mand_factor_0.5.py,u_mand_factor,1,u_mand_factor,0.5,2,5,5,0.5,0.5,0.7,0.6,1.0,0.5,48.300007,40,13,46.000002,69.00001,21.433334,1,1,1001,0,ilp_v2,optimal,1,44.434702,48.263013,0.920678,0.032313,0.0,,0.032313,0.037407,3,0,0
u_mand_factor\set01\u_mand_factor_0.5.py,u_mand_factor,1,u_mand_factor,0.5,2,5,5,0.5,0.5,0.7,0.6,1.0,0.5,48.300007,40,13,46.000002,69.00001,21.433334,1,1,1001,0,ilp_v3,optimal,1,38.281158,48.280096,0.792897,0.180242,0.0,,0.180242,0.192592,3,0,0
u_mand_factor\set01\u_mand_factor_0.5.py,u_mand_factor,1,u_mand_factor,0.5,2,5,5,0.5,0.5,0.7,0.6,1.0,0.5,48.300007,40,13,46.000002,69.00001,21.433334,1,1,1001,0,ilp_v4,optimal,1,45.172125,48.226295,0.93667,0.172273,0.0,,0.172273,0.183075,3,0,0
u_mand_factor\set01\u_mand_factor_0.5.py,u_mand_factor,1,u_mand_factor,0.5,2,5,5,0.5,0.5,0.7,0.6,1.0,0.5,48.300007,40,13,46.000002,69.00001,21.433334,1,1,1001,0,greedy_sps_baseline,solved,1,6.057065,48.182155,0.125712,0.006172,,,0.006172,0.006599,3,0,0
u_mand_factor\set01\u_mand_factor_0.6.py,u_mand_factor,1,u_mand_factor,0.6,2,5,5,0.6,0.5,0.7,0.6,1.2,0.4,51.519999,40,13,55.200003,73.599999,25.720002,1,1,1001,0,ilp_v2,optimal,1,30.154299,51.3364,0.587386,0.083323,0.0,,0.083323,0.087713,3,0,0
u_mand_factor\set01\u_mand_factor_0.6.py,u_mand_factor,1,u_mand_factor,0.6,2,5,5,0.6,0.5,0.7,0.6,1.2,0.4,51.519999,40,13,55.200003,73.599999,25.720002,1,1,1001,0,ilp_v3,optimal,1,28.708685,51.519414,0.55724,0.085771,0.0,,0.085771,0.101577,3,0,0
u_mand_factor\set01\u_mand_factor_0.6.py,u_mand_factor,1,u_mand_factor,0.6,2,5,5,0.6,0.5,0.7,0.6,1.2,0.4,51.519999,40,13,55.200003,73.599999,25.720002,1,1,1001,0,ilp_v4,optimal,1,30.010666,51.517174,0.582537,0.148299,2.9e-05,,0.148299,0.186606,3,0,0
u_mand_factor\set01\u_mand_factor_0.6.py,u_mand_factor,1,u_mand_factor,0.6,2,5,5,0.6,0.5,0.7,0.6,1.2,0.4,51.519999,40,13,55.200003,73.599999,25.720002,1,1,1001,0,greedy_sps_baseline,infeasible,0,,55.200003,,0.000421,,over budget: E=55.2000 > B=51.5200,0.000421,0.000571,3,0,0
u_mand_factor\set01\u_mand_factor_0.7.py,u_mand_factor,1,u_mand_factor,0.7,2,5,5,0.7,0.5,0.7,0.6,1.4,0.3,54.740001,40,13,64.399995,78.200001,30.006665,1,1,1001,0,ilp_v2,optimal,1,14.068327,54.555107,0.257874,0.069182,0.0,,0.069182,0.072198,3,0,0
u_mand_factor\set01\u_mand_factor_0.7.py,u_mand_factor,1,u_mand_factor,0.7,2,5,5,0.7,0.5,0.7,0.6,1.4,0.3,54.740001,40,13,64.399995,78.200001,30.006665,1,1,1001,0,ilp_v3,optimal,1,10.83066,54.738607,0.197861,0.172071,0.0,,0.172071,0.186075,3,0,0
u_mand_factor\set01\u_mand_factor_0.7.py,u_mand_factor,1,u_mand_factor,0.7,2,5,5,0.7,0.5,0.7,0.6,1.4,0.3,54.740001,40,13,64.399995,78.200001,30.006665,1,1,1001,0,ilp_v4,optimal,1,13.21953,54.739719,0.241498,0.241728,0.0,,0.241728,0.287623,3,0,0
u_mand_factor\set01\u_mand_factor_0.7.py,u_mand_factor,1,u_mand_factor,0.7,2,5,5,0.7,0.5,0.7,0.6,1.4,0.3,54.740001,40,13,64.399995,78.200001,30.006665,1,1,1001,0,greedy_sps_baseline,infeasible,0,,64.399995,,0.000499,,over budget: E=64.4000 > B=54.7400,0.000499,0.000633,3,0,0
u_mand_factor\set01\u_mand_factor_0.8.py,u_mand_factor,1,u_mand_factor,0.8,2,5,5,0.8,0.5,0.7,0.6,1.6,0.2,57.960002,40,13,73.600001,82.800003,34.293334,1,1,1001,0,ilp_v2,infeasible,0,,,,0.008682,,,0.008682,0.011076,3,0,0
u_mand_factor\set01\u_mand_factor_0.8.py,u_mand_factor,1,u_mand_factor,0.8,2,5,5,0.8,0.5,0.7,0.6,1.6,0.2,57.960002,40,13,73.600001,82.800003,34.293334,1,1,1001,0,ilp_v3,infeasible,0,,,,0.012315,,,0.012315,0.015974,3,0,0
u_mand_factor\set01\u_mand_factor_0.8.py,u_mand_factor,1,u_mand_factor,0.8,2,5,5,0.8,0.5,0.7,0.6,1.6,0.2,57.960002,40,13,73.600001,82.800003,34.293334,1,1,1001,0,ilp_v4,infeasible,0,,,,0.019578,,,0.019578,0.021554,3,0,0
u_mand_factor\set01\u_mand_factor_0.8.py,u_mand_factor,1,u_mand_factor,0.8,2,5,5,0.8,0.5,0.7,0.6,1.6,0.2,57.960002,40,13,73.600001,82.800003,34.293334,1,1,1001,0,greedy_sps_baseline,infeasible,0,,73.600001,,0.000426,,over budget: E=73.6000 > B=57.9600,0.000426,0.000567,3,0,0
u_mand_factor\set01\u_mand_factor_0.9.py,u_mand_factor,1,u_mand_factor,0.9,2,5,5,0.9,0.5,0.7,0.6,1.8,0.1,61.179999,40,13,82.800002,87.399999,38.580001,1,1,1001,0,ilp_v2,infeasible,0,,,,0.004107,,,0.004107,0.004402,3,0,0
u_mand_factor\set01\u_mand_factor_0.9.py,u_mand_factor,1,u_mand_factor,0.9,2,5,5,0.9,0.5,0.7,0.6,1.8,0.1,61.179999,40,13,82.800002,87.399999,38.580001,1,1,1001,0,ilp_v3,infeasible,0,,,,0.006112,,,0.006112,0.006986,3,0,0
u_mand_factor\set01\u_mand_factor_0.9.py,u_mand_factor,1,u_mand_factor,0.9,2,5,5,0.9,0.5,0.7,0.6,1.8,0.1,61.179999,40,13,82.800002,87.399999,38.580001,1,1,1001,0,ilp_v4,infeasible,0,,,,0.013176,,,0.013176,0.014831,3,0,0
u_mand_factor\set01\u_mand_factor_0.9.py,u_mand_factor,1,u_mand_factor,0.9,2,5,5,0.9,0.5,0.7,0.6,1.8,0.1,61.179999,40,13,82.800002,87.399999,38.580001,1,1,1001,0,greedy_sps_baseline,infeasible,0,,82.800002,,0.000433,,over budget: E=82.8000 > B=61.1800,0.000433,0.000551,3,0,0
u_mand_factor\set02\u_mand_factor_0.1.py,u_mand_factor,2,u_mand_factor,0.1,2,5,5,0.1,0.5,0.7,0.6,0.2,0.9,35.420002,40,11,9.200002,50.600003,4.280001,1,0,1002,0,ilp_v2,optimal,1,140.480047,35.326759,3.97659,0.005888,0.0,,0.005888,0.006618,3,0,0
u_mand_factor\set02\u_mand_factor_0.1.py,u_mand_factor,2,u_mand_factor,0.1,2,5,5,0.1,0.5,0.7,0.6,0.2,0.9,35.420002,40,11,9.200002,50.600003,4.280001,1,0,1002,0,ilp_v3,optimal,1,140.480047,34.539264,4.067257,0.006798,0.0,,0.006798,0.007104,3,0,0
u_mand_factor\set02\u_mand_factor_0.1.py,u_mand_factor,2,u_mand_factor,0.1,2,5,5,0.1,0.5,0.7,0.6,0.2,0.9,35.420002,40,11,9.200002,50.600003,4.280001,1,0,1002,0,ilp_v4,optimal,1,140.480047,35.326759,3.97659,0.01675,0.0,,0.01675,0.028621,3,0,0
u_mand_factor\set02\u_mand_factor_0.1.py,u_mand_factor,2,u_mand_factor,0.1,2,5,5,0.1,0.5,0.7,0.6,0.2,0.9,35.420002,40,11,9.200002,50.600003,4.280001,1,0,1002,0,greedy_sps_baseline,solved,1,102.685025,35.172982,2.919429,0.001415,,,0.001415,0.001724,3,0,0
u_mand_factor\set02\u_mand_factor_0.2.py,u_mand_factor,2,u_mand_factor,0.2,2,5,5,0.2,0.5,0.7,0.6,0.4,0.8,38.639998,40,11,18.4,55.199998,8.56,1,0,1002,0,ilp_v2,optimal,1,96.062126,36.437838,2.636329,0.005622,0.0,,0.005622,0.006394,3,0,0
u_mand_factor\set02\u_mand_factor_0.2.py,u_mand_factor,2,u_mand_factor,0.2,2,5,5,0.2,0.5,0.7,0.6,0.4,0.8,38.639998,40,11,18.4,55.199998,8.56,1,0,1002,0,ilp_v3,optimal,1,96.062126,36.437838,2.636329,0.005979,0.0,,0.005979,0.006789,3,0,0
u_mand_factor\set02\u_mand_factor_0.2.py,u_mand_factor,2,u_mand_factor,0.2,2,5,5,0.2,0.5,0.7,0.6,0.4,0.8,38.639998,40,11,18.4,55.199998,8.56,1,0,1002,0,ilp_v4,optimal,1,96.062126,33.446562,2.872108,0.025817,0.0,,0.025817,0.026925,3,0,0
u_mand_factor\set02\u_mand_factor_0.2.py,u_mand_factor,2,u_mand_factor,0.2,2,5,5,0.2,0.5,0.7,0.6,0.4,0.8,38.639998,40,11,18.4,55.199998,8.56,1,0,1002,0,greedy_sps_baseline,solved,1,71.470769,38.636802,1.849811,0.001596,,,0.001596,0.001726,3,0,0
u_mand_factor\set02\u_mand_factor_0.3.py,u_mand_factor,2,u_mand_factor,0.3,2,5,5,0.3,0.5,0.7,0.6,0.6,0.7,41.859995,40,11,27.599997,59.799993,12.839998,1,1,1002,0,ilp_v2,optimal,1,86.85486,41.234121,2.106383,0.005433,0.0,,0.005433,0.006614,3,0,0
u_mand_factor\set02\u_mand_factor_0.3.py,u_mand_factor,2,u_mand_factor,0.3,2,5,5,0.3,0.5,0.7,0.6,0.6,0.7,41.859995,40,11,27.599997,59.799993,12.839998,1,1,1002,0,ilp_v3,optimal,1,81.953478,40.975923,2.00004,0.014535,0.0,,0.014535,0.016204,3,0,0
u_mand_factor\set02\u_mand_factor_0.3.py,u_mand_factor,2,u_mand_factor,0.3,2,5,5,0.3,0.5,0.7,0.6,0.6,0.7,41.859995,40,11,27.599997,59.799993,12.839998,1,1,1002,0,ilp_v4,optimal,1,86.85486,41.234121,2.106383,0.021414,0.0,,0.021414,0.02833,3,0,0
u_mand_factor\set02\u_mand_factor_0.3.py,u_mand_factor,2,u_mand_factor,0.3,2,5,5,0.3,0.5,0.7,0.6,0.6,0.7,41.859995,40,11,27.599997,59.799993,12.839998,1,1,1002,0,greedy_sps_baseline,solved,1,48.431755,41.060445,1.179523,0.00156,,,0.00156,0.00181,3,0,0
u_mand_factor\set02\u_mand_factor_0.4.py,u_mand_factor,2,u_mand_factor,0.4,2,5,5,0.4,0.5,0.7,0.6,0.8,0.6,45.079999,40,11,36.799999,64.399999,17.119999,1,1,1002,0,ilp_v2,optimal,1,79.977973,44.516152,1.796606,0.005389,0.0,,0.005389,0.007487,3,0,0
u_mand_factor\set02\u_mand_factor_0.4.py,u_mand_factor,2,u_mand_factor,0.4,2,5,5,0.4,0.5,0.7,0.6,0.8,0.6,45.079999,40,11,36.799999,64.399999,17.119999,1,1,1002,0,ilp_v3,optimal,1,74.237943,44.329956,1.674668,0.016813,0.0,,0.016813,0.02033,3,0,0
u_mand_factor\set02\u_mand_factor_0.4.py,u_mand_factor,2,u_mand_factor,0.4,2,5,5,0.4,0.5,0.7,0.6,0.8,0.6,45.079999,40,11,36.799999,64.399999,17.119999,1,1,1002,0,ilp_v4,optimal,1,79.977973,44.918401,1.780517,0.0351,0.0,,0.0351,0.064672,3,0,0
u_mand_factor\set02\u_mand_factor_0.4.py,u_mand_factor,2,u_mand_factor,0.4,2,5,5,0.4,0.5,0.7,0.6,0.8,0.6,45.079999,40,11,36.799999,64.399999,17.119999,1,1,1002,0,greedy_sps_baseline,solved,1,29.536048,44.657245,0.661394,0.001444,,,0.001444,0.001541,3,0,0
u_mand_factor\set02\u_mand_factor_0.5.py,u_mand_factor,2,u_mand_factor,0.5,2,5,5,0.5,0.5,0.7,0.6,1.0,0.5,48.300001,40,11,46.000001,69.000001,21.400001,1,1,1002,0,ilp_v2,optimal,1,68.404718,47.739505,1.432874,0.015622,0.0,,0.015622,0.017778,3,0,0
u_mand_factor\set02\u_mand_factor_0.5.py,u_mand_factor,2,u_mand_factor,0.5,2,5,5,0.5,0.5,0.7,0.6,1.0,0.5,48.300001,40,11,46.000001,69.000001,21.400001,1,1,1002,0,ilp_v3,optimal,1,60.599474,48.298349,1.25469,0.02192,5.8e-05,,0.02192,0.026487,3,0,0
u_mand_factor\set02\u_mand_factor_0.5.py,u_mand_factor,2,u_mand_factor,0.5,2,5,5,0.5,0.5,0.7,0.6,1.0,0.5,48.300001,40,11,46.000001,69.000001,21.400001,1,1,1002,0,ilp_v4,optimal,1,69.490474,47.197065,1.472347,0.034435,0.0,,0.034435,0.036771,3,0,0
u_mand_factor\set02\u_mand_factor_0.5.py,u_mand_factor,2,u_mand_factor,0.5,2,5,5,0.5,0.5,0.7,0.6,1.0,0.5,48.300001,40,11,46.000001,69.000001,21.400001,1,1,1002,0,greedy_sps_baseline,solved,1,8.500133,48.282551,0.17605,0.000869,,,0.000869,0.001139,3,0,0
u_mand_factor\set02\u_mand_factor_0.6.py,u_mand_factor,2,u_mand_factor,0.6,2,5,5,0.6,0.5,0.7,0.6,1.2,0.4,51.520001,40,11,55.199999,73.600001,25.679999,1,1,1002,0,ilp_v2,optimal,1,53.322499,51.213668,1.041177,0.013364,0.0,,0.013364,0.014265,3,0,0
u_mand_factor\set02\u_mand_factor_0.6.py,u_mand_factor,2,u_mand_factor,0.6,2,5,5,0.6,0.5,0.7,0.6,1.2,0.4,51.520001,40,11,55.199999,73.600001,25.679999,1,1,1002,0,ilp_v3,optimal,1,53.322499,51.213668,1.041177,0.014427,0.0,,0.014427,0.015798,3,0,0
u_mand_factor\set02\u_mand_factor_0.6.py,u_mand_factor,2,u_mand_factor,0.6,2,5,5,0.6,0.5,0.7,0.6,1.2,0.4,51.520001,40,11,55.199999,73.600001,25.679999,1,1,1002,0,ilp_v4,optimal,1,48.476994,51.488595,0.941509,0.064542,0.0,,0.064542,0.068485,3,0,0
u_mand_factor\set02\u_mand_factor_0.6.py,u_mand_factor,2,u_mand_factor,0.6,2,5,5,0.6,0.5,0.7,0.6,1.2,0.4,51.520001,40,11,55.199999,73.600001,25.679999,1,1,1002,0,greedy_sps_baseline,infeasible,0,,55.199999,,0.000562,,over budget: E=55.2000 > B=51.5200,0.000562,0.00073,3,0,0
u_mand_factor\set02\u_mand_factor_0.7.py,u_mand_factor,2,u_mand_factor,0.7,2,5,5,0.7,0.5,0.7,0.6,1.4,0.3,54.739999,40,11,64.4,78.199999,29.96,1,1,1002,0,ilp_v2,optimal,1,23.13709,54.690308,0.423056,0.091241,0.0,,0.091241,0.102185,3,0,0
u_mand_factor\set02\u_mand_factor_0.7.py,u_mand_factor,2,u_mand_factor,0.7,2,5,5,0.7,0.5,0.7,0.6,1.4,0.3,54.739999,40,11,64.4,78.199999,29.96,1,1,1002,0,ilp_v3,optimal,1,23.13709,54.690308,0.423056,0.083951,0.0,,0.083951,0.094083,3,0,0
u_mand_factor\set02\u_mand_factor_0.7.py,u_mand_factor,2,u_mand_factor,0.7,2,5,5,0.7,0.5,0.7,0.6,1.4,0.3,54.739999,40,11,64.4,78.199999,29.96,1,1,1002,0,ilp_v4,optimal,1,31.494992,54.718612,0.575581,0.052945,0.0,,0.052945,0.079009,3,0,0
u_mand_factor\set02\u_mand_factor_0.7.py,u_mand_factor,2,u_mand_factor,0.7,2,5,5,0.7,0.5,0.7,0.6,1.4,0.3,54.739999,40,11,64.4,78.199999,29.96,1,1,1002,0,greedy_sps_baseline,infeasible,0,,64.4,,0.000393,,over budget: E=64.4000 > B=54.7400,0.000393,0.00057,3,0,0
u_mand_factor\set02\u_mand_factor_0.8.py,u_mand_factor,2,u_mand_factor,0.8,2,5,5,0.8,0.5,0.7,0.6,1.6,0.2,57.960001,40,11,73.6,82.800001,34.24,1,1,1002,0,ilp_v2,infeasible,0,,,,0.005321,,,0.005321,0.007119,3,0,0
u_mand_factor\set02\u_mand_factor_0.8.py,u_mand_factor,2,u_mand_factor,0.8,2,5,5,0.8,0.5,0.7,0.6,1.6,0.2,57.960001,40,11,73.6,82.800001,34.24,1,1,1002,0,ilp_v3,infeasible,0,,,,0.007259,,,0.007259,0.008254,3,0,0
u_mand_factor\set02\u_mand_factor_0.8.py,u_mand_factor,2,u_mand_factor,0.8,2,5,5,0.8,0.5,0.7,0.6,1.6,0.2,57.960001,40,11,73.6,82.800001,34.24,1,1,1002,0,ilp_v4,infeasible,0,,,,0.01253,,,0.01253,0.017167,3,0,0
u_mand_factor\set02\u_mand_factor_0.8.py,u_mand_factor,2,u_mand_factor,0.8,2,5,5,0.8,0.5,0.7,0.6,1.6,0.2,57.960001,40,11,73.6,82.800001,34.24,1,1,1002,0,greedy_sps_baseline,infeasible,0,,73.6,,0.00078,,over budget: E=73.6000 > B=57.9600,0.00078,0.000908,3,0,0
u_mand_factor\set02\u_mand_factor_0.9.py,u_mand_factor,2,u_mand_factor,0.9,2,5,5,0.9,0.5,0.7,0.6,1.8,0.1,61.180003,40,13,82.8,87.400005,38.58,1,1,1002,2,ilp_v2,infeasible,0,,,,0.004096,,,0.004096,0.00454,3,0,0
u_mand_factor\set02\u_mand_factor_0.9.py,u_mand_factor,2,u_mand_factor,0.9,2,5,5,0.9,0.5,0.7,0.6,1.8,0.1,61.180003,40,13,82.8,87.400005,38.58,1,1,1002,2,ilp_v3,infeasible,0,,,,0.005849,,,0.005849,0.005991,3,0,0
u_mand_factor\set02\u_mand_factor_0.9.py,u_mand_factor,2,u_mand_factor,0.9,2,5,5,0.9,0.5,0.7,0.6,1.8,0.1,61.180003,40,13,82.8,87.400005,38.58,1,1,1002,2,ilp_v4,infeasible,0,,,,0.013694,,,0.013694,0.019919,3,0,0
u_mand_factor\set02\u_mand_factor_0.9.py,u_mand_factor,2,u_mand_factor,0.9,2,5,5,0.9,0.5,0.7,0.6,1.8,0.1,61.180003,40,13,82.8,87.400005,38.58,1,1,1002,2,greedy_sps_baseline,infeasible,0,,82.8,,0.001036,,over budget: E=82.8000 > B=61.1800,0.001036,0.001899,3,0,0
u_mand_factor\set03\u_mand_factor_0.1.py,u_mand_factor,3,u_mand_factor,0.1,2,5,5,0.1,0.5,0.7,0.6,0.2,0.9,35.419999,40,10,9.200001,50.599999,4.286667,1,0,1003,0,ilp_v2,optimal,1,109.876627,31.292535,3.511273,0.005293,0.0,,0.005293,0.0061,3,0,0
u_mand_factor\set03\u_mand_factor_0.1.py,u_mand_factor,3,u_mand_factor,0.1,2,5,5,0.1,0.5,0.7,0.6,0.2,0.9,35.419999,40,10,9.200001,50.599999,4.286667,1,0,1003,0,ilp_v3,optimal,1,109.876627,34.399849,3.194102,0.005483,0.0,,0.005483,0.006757,3,0,0
u_mand_factor\set03\u_mand_factor_0.1.py,u_mand_factor,3,u_mand_factor,0.1,2,5,5,0.1,0.5,0.7,0.6,0.2,0.9,35.419999,40,10,9.200001,50.599999,4.286667,1,0,1003,0,ilp_v4,optimal,1,109.876627,28.117732,3.907734,0.01699,0.0,,0.01699,0.01764,3,0,0
u_mand_factor\set03\u_mand_factor_0.1.py,u_mand_factor,3,u_mand_factor,0.1,2,5,5,0.1,0.5,0.7,0.6,0.2,0.9,35.419999,40,10,9.200001,50.599999,4.286667,1,0,1003,0,greedy_sps_baseline,solved,1,84.276239,35.34675,2.384271,0.001184,,,0.001184,0.00139,3,0,0
u_mand_factor\set03\u_mand_factor_0.2.py,u_mand_factor,3,u_mand_factor,0.2,2,5,5,0.2,0.5,0.7,0.6,0.4,0.8,38.639999,40,10,18.399999,55.199999,8.573333,1,0,1003,0,ilp_v2,optimal,1,68.92345,31.090316,2.216878,0.012151,0.0,,0.012151,0.014452,3,0,0
u_mand_factor\set03\u_mand_factor_0.2.py,u_mand_factor,3,u_mand_factor,0.2,2,5,5,0.2,0.5,0.7,0.6,0.4,0.8,38.639999,40,10,18.399999,55.199999,8.573333,1,0,1003,0,ilp_v3,optimal,1,68.848794,31.051279,2.217261,0.00709,0.0,,0.00709,0.007761,3,0,0
u_mand_factor\set03\u_mand_factor_0.2.py,u_mand_factor,3,u_mand_factor,0.2,2,5,5,0.2,0.5,0.7,0.6,0.4,0.8,38.639999,40,10,18.399999,55.199999,8.573333,1,0,1003,0,ilp_v4,optimal,1,74.251285,32.766529,2.266071,0.032649,0.0,,0.032649,0.035513,3,0,0
u_mand_factor\set03\u_mand_factor_0.2.py,u_mand_factor,3,u_mand_factor,0.2,2,5,5,0.2,0.5,0.7,0.6,0.4,0.8,38.639999,40,10,18.399999,55.199999,8.573333,1,0,1003,0,greedy_sps_baseline,solved,1,46.688271,38.461235,1.213905,0.001535,,,0.001535,0.001858,3,0,0
u_mand_factor\set03\u_mand_factor_0.3.py,u_mand_factor,3,u_mand_factor,0.3,2,5,5,0.3,0.5,0.7,0.6,0.6,0.7,41.860001,40,10,27.6,59.800001,12.86,1,1,1003,0,ilp_v2,optimal,1,65.416311,41.435327,1.578757,0.007649,0.0,,0.007649,0.008977,3,0,0
u_mand_factor\set03\u_mand_factor_0.3.py,u_mand_factor,3,u_mand_factor,0.3,2,5,5,0.3,0.5,0.7,0.6,0.6,0.7,41.860001,40,10,27.6,59.800001,12.86,1,1,1003,0,ilp_v3,optimal,1,65.416311,41.394646,1.580308,0.007713,0.0,,0.007713,0.007913,3,0,0
u_mand_factor\set03\u_mand_factor_0.3.py,u_mand_factor,3,u_mand_factor,0.3,2,5,5,0.3,0.5,0.7,0.6,0.6,0.7,41.860001,40,10,27.6,59.800001,12.86,1,1,1003,0,ilp_v4,optimal,1,65.416311,41.161416,1.589263,0.033371,0.0,,0.033371,0.033763,3,0,0
u_mand_factor\set03\u_mand_factor_0.3.py,u_mand_factor,3,u_mand_factor,0.3,2,5,5,0.3,0.5,0.7,0.6,0.6,0.7,41.860001,40,10,27.6,59.800001,12.86,1,1,1003,0,greedy_sps_baseline,solved,1,41.079264,41.794172,0.982895,0.00221,,,0.00221,0.002372,3,0,0
u_mand_factor\set03\u_mand_factor_0.4.py,u_mand_factor,3,u_mand_factor,0.4,2,5,5,0.4,0.5,0.7,0.6,0.8,0.6,45.080001,40,10,36.799999,64.400001,17.146666,1,1,1003,0,ilp_v2,optimal,1,65.763328,45.009385,1.461103,0.03076,0.0,,0.03076,0.037205,3,0,0
u_mand_factor\set03\u_mand_factor_0.4.py,u_mand_factor,3,u_mand_factor,0.4,2,5,5,0.4,0.5,0.7,0.6,0.8,0.6,45.080001,40,10,36.799999,64.400001,17.146666,1,1,1003,0,ilp_v3,optimal,1,65.752299,45.048134,1.459601,0.020037,0.0,,0.020037,0.023095,3,0,0
u_mand_factor\set03\u_mand_factor_0.4.py,u_mand_factor,3,u_mand_factor,0.4,2,5,5,0.4,0.5,0.7,0.6,0.8,0.6,45.080001,40,10,36.799999,64.400001,17.146666,1,1,1003,0,ilp_v4,optimal,1,65.752299,44.908344,1.464144,0.026798,0.0,,0.026798,0.049612,3,0,0
u_mand_factor\set03\u_mand_factor_0.4.py,u_mand_factor,3,u_mand_factor,0.4,2,5,5,0.4,0.5,0.7,0.6,0.8,0.6,45.080001,40,10,36.799999,64.400001,17.146666,1,1,1003,0,greedy_sps_baseline,solved,1,27.663048,45.049075,0.614065,0.000809,,,0.000809,0.00122,3,0,0
u_mand_factor\set03\u_mand_factor_0.5.py,u_mand_factor,3,u_mand_factor,0.5,2,5,5,0.5,0.5,0.7,0.6,1.0,0.5,48.299999,40,10,46.0,68.999999,21.433333,1,1,1003,0,ilp_v2,optimal,1,65.652181,48.288722,1.359576,0.019906,0.0,,0.019906,0.020449,3,0,0
u_mand_factor\set03\u_mand_factor_0.5.py,u_mand_factor,3,u_mand_factor,0.5,2,5,5,0.5,0.5,0.7,0.6,1.0,0.5,48.299999,40,10,46.0,68.999999,21.433333,1,1,1003,0,ilp_v3,optimal,1,62.894954,48.298718,1.302208,0.064444,0.0,,0.064444,0.06804,3,0,0
u_mand_factor\set03\u_mand_factor_0.5.py,u_mand_factor,3,u_mand_factor,0.5,2,5,5,0.5,0.5,0.7,0.6,1.0,0.5,48.299999,40,10,46.0,68.999999,21.433333,1,1,1003,0,ilp_v4,optimal,1,65.814743,48.274164,1.363353,0.055829,0.0,,0.055829,0.094514,3,0,0
u_mand_factor\set03\u_mand_factor_0.5.py,u_mand_factor,3,u_mand_factor,0.5,2,5,5,0.5,0.5,0.7,0.6,1.0,0.5,48.299999,40,10,46.0,68.999999,21.433333,1,1,1003,0,greedy_sps_baseline,solved,1,3.970118,48.2699,0.082248,0.000957,,,0.000957,0.001178,3,0,0
u_mand_factor\set03\u_mand_factor_0.6.py,u_mand_factor,3,u_mand_factor,0.6,2,5,5,0.6,0.5,0.7,0.6,1.2,0.4,51.519998,40,10,55.199998,73.599997,25.719999,1,1,1003,0,ilp_v2,optimal,1,35.631526,51.495104,0.69194,0.060696,0.0,,0.060696,0.062778,3,0,0
u_mand_factor\set03\u_mand_factor_0.6.py,u_mand_factor,3,u_mand_factor,0.6,2,5,5,0.6,0.5,0.7,0.6,1.2,0.4,51.519998,40,10,55.199998,73.599997,25.719999,1,1,1003,0,ilp_v3,optimal,1,35.631526,51.495104,0.69194,0.061668,0.0,,0.061668,0.072515,3,0,0
u_mand_factor\set03\u_mand_factor_0.6.py,u_mand_factor,3,u_mand_factor,0.6,2,5,5,0.6,0.5,0.7,0.6,1.2,0.4,51.519998,40,10,55.199998,73.599997,25.719999,1,1,1003,0,ilp_v4,optimal,1,48.640865,51.126137,0.951389,0.104683,0.0,,0.104683,0.125711,3,0,0
u_mand_factor\set03\u_mand_factor_0.6.py,u_mand_factor,3,u_mand_factor,0.6,2,5,5,0.6,0.5,0.7,0.6,1.2,0.4,51.519998,40,10,55.199998,73.599997,25.719999,1,1,1003,0,greedy_sps_baseline,infeasible,0,,55.199998,,0.000721,,over budget: E=55.2000 > B=51.5200,0.000721,0.000894,3,0,0
u_mand_factor\set03\u_mand_factor_0.7.py,u_mand_factor,3,u_mand_factor,0.7,2,5,5,0.7,0.5,0.7,0.6,1.4,0.3,54.739999,40,10,64.399999,78.199999,30.006666,1,1,1003,0,ilp_v2,optimal,1,17.131735,54.727088,0.313039,0.022784,0.0,,0.022784,0.024939,3,0,0
u_mand_factor\set03\u_mand_factor_0.7.py,u_mand_factor,3,u_mand_factor,0.7,2,5,5,0.7,0.5,0.7,0.6,1.4,0.3,54.739999,40,10,64.399999,78.199999,30.006666,1,1,1003,0,ilp_v3,optimal,1,17.131735,54.727088,0.313039,0.027385,0.0,,0.027385,0.031107,3,0,0
u_mand_factor\set03\u_mand_factor_0.7.py,u_mand_factor,3,u_mand_factor,0.7,2,5,5,0.7,0.5,0.7,0.6,1.4,0.3,54.739999,40,10,64.399999,78.199999,30.006666,1,1,1003,0,ilp_v4,optimal,1,26.579258,54.732509,0.485621,0.082533,0.0,,0.082533,0.084675,3,0,0
u_mand_factor\set03\u_mand_factor_0.7.py,u_mand_factor,3,u_mand_factor,0.7,2,5,5,0.7,0.5,0.7,0.6,1.4,0.3,54.739999,40,10,64.399999,78.199999,30.006666,1,1,1003,0,greedy_sps_baseline,infeasible,0,,64.399999,,0.000373,,over budget: E=64.4000 > B=54.7400,0.000373,0.0005,3,0,0
u_mand_factor\set03\u_mand_factor_0.8.py,u_mand_factor,3,u_mand_factor,0.8,2,5,5,0.8,0.5,0.7,0.6,1.6,0.2,57.959994,40,10,73.599998,82.799991,34.293332,1,1,1003,0,ilp_v2,infeasible,0,,,,0.011372,,,0.011372,0.012004,3,0,0
u_mand_factor\set03\u_mand_factor_0.8.py,u_mand_factor,3,u_mand_factor,0.8,2,5,5,0.8,0.5,0.7,0.6,1.6,0.2,57.959994,40,10,73.599998,82.799991,34.293332,1,1,1003,0,ilp_v3,infeasible,0,,,,0.011543,,,0.011543,0.011667,3,0,0
u_mand_factor\set03\u_mand_factor_0.8.py,u_mand_factor,3,u_mand_factor,0.8,2,5,5,0.8,0.5,0.7,0.6,1.6,0.2,57.959994,40,10,73.599998,82.799991,34.293332,1,1,1003,0,ilp_v4,infeasible,0,,,,0.01363,,,0.01363,0.016119,3,0,0
u_mand_factor\set03\u_mand_factor_0.8.py,u_mand_factor,3,u_mand_factor,0.8,2,5,5,0.8,0.5,0.7,0.6,1.6,0.2,57.959994,40,10,73.599998,82.799991,34.293332,1,1,1003,0,greedy_sps_baseline,infeasible,0,,73.599998,,0.00061,,over budget: E=73.6000 > B=57.9600,0.00061,0.000786,3,0,0
u_mand_factor\set03\u_mand_factor_0.9.py,u_mand_factor,3,u_mand_factor,0.9,2,5,5,0.9,0.5,0.7,0.6,1.8,0.1,61.180004,40,10,82.799998,87.400006,38.579999,1,1,1003,0,ilp_v2,infeasible,0,,,,0.003146,,,0.003146,0.003425,3,0,0
u_mand_factor\set03\u_mand_factor_0.9.py,u_mand_factor,3,u_mand_factor,0.9,2,5,5,0.9,0.5,0.7,0.6,1.8,0.1,61.180004,40,10,82.799998,87.400006,38.579999,1,1,1003,0,ilp_v3,infeasible,0,,,,0.003786,,,0.003786,0.004029,3,0,0
u_mand_factor\set03\u_mand_factor_0.9.py,u_mand_factor,3,u_mand_factor,0.9,2,5,5,0.9,0.5,0.7,0.6,1.8,0.1,61.180004,40,10,82.799998,87.400006,38.579999,1,1,1003,0,ilp_v4,infeasible,0,,,,0.009348,,,0.009348,0.016095,3,0,0
u_mand_factor\set03\u_mand_factor_0.9.py,u_mand_factor,3,u_mand_factor,0.9,2,5,5,0.9,0.5,0.7,0.6,1.8,0.1,61.180004,40,10,82.799998,87.400006,38.579999,1,1,1003,0,greedy_sps_baseline,infeasible,0,,82.799998,,0.001108,,over budget: E=82.8000 > B=61.1800,0.001108,0.001324,3,0,0
u_mand_factor\set04\u_mand_factor_0.1.py,u_mand_factor,4,u_mand_factor,0.1,2,5,5,0.1,0.5,0.7,0.6,0.2,0.9,35.420004,40,13,9.200002,50.600006,4.408573,1,0,1004,0,ilp_v2,optimal,1,102.421137,34.056636,3.007377,0.007049,0.0,,0.007049,0.010103,3,0,0
u_mand_factor\set04\u_mand_factor_0.1.py,u_mand_factor,4,u_mand_factor,0.1,2,5,5,0.1,0.5,0.7,0.6,0.2,0.9,35.420004,40,13,9.200002,50.600006,4.408573,1,0,1004,0,ilp_v3,optimal,1,102.421137,34.354554,2.981297,0.008207,0.0,,0.008207,0.012576,3,0,0
u_mand_factor\set04\u_mand_factor_0.1.py,u_mand_factor,4,u_mand_factor,0.1,2,5,5,0.1,0.5,0.7,0.6,0.2,0.9,35.420004,40,13,9.200002,50.600006,4.408573,1,0,1004,0,ilp_v4,optimal,1,102.421137,34.692207,2.952281,0.031928,0.0,,0.031928,0.035941,3,0,0
u_mand_factor\set04\u_mand_factor_0.1.py,u_mand_factor,4,u_mand_factor,0.1,2,5,5,0.1,0.5,0.7,0.6,0.2,0.9,35.420004,40,13,9.200002,50.600006,4.408573,1,0,1004,0,greedy_sps_baseline,solved,1,84.553518,35.246114,2.398946,0.003654,,,0.003654,0.007335,3,0,0
u_mand_factor\set04\u_mand_factor_0.2.py,u_mand_factor,4,u_mand_factor,0.2,2,5,5,0.2,0.5,0.7,0.6,0.4,0.8,38.639999,40,13,18.399999,55.199999,8.817142,1,0,1004,0,ilp_v2,optimal,1,101.898633,35.833389,2.843678,0.009056,0.0,,0.009056,0.009794,3,0,0
u_mand_factor\set04\u_mand_factor_0.2.py,u_mand_factor,4,u_mand_factor,0.2,2,5,5,0.2,0.5,0.7,0.6,0.4,0.8,38.639999,40,13,18.399999,55.199999,8.817142,1,0,1004,0,ilp_v3,optimal,1,101.898633,35.833389,2.843678,0.008529,0.0,,0.008529,0.012221,3,0,0
u_mand_factor\set04\u_mand_factor_0.2.py,u_mand_factor,4,u_mand_factor,0.2,2,5,5,0.2,0.5,0.7,0.6,0.4,0.8,38.639999,40,13,18.399999,55.199999,8.817142,1,0,1004,0,ilp_v4,optimal,1,101.898633,35.833389,2.843678,0.034113,0.0,,0.034113,0.037647,3,0,0
u_mand_factor\set04\u_mand_factor_0.2.py,u_mand_factor,4,u_mand_factor,0.2,2,5,5,0.2,0.5,0.7,0.6,0.4,0.8,38.639999,40,13,18.399999,55.199999,8.817142,1,0,1004,0,greedy_sps_baseline,solved,1,70.684012,38.630408,1.829751,0.001999,,,0.001999,0.00212,3,0,0
u_mand_factor\set04\u_mand_factor_0.3.py,u_mand_factor,4,u_mand_factor,0.3,2,5,5,0.3,0.5,0.7,0.6,0.6,0.7,41.860009,40,13,27.600003,59.800013,13.225716,1,1,1004,0,ilp_v2,optimal,1,87.519658,37.4573,2.336518,0.008956,0.0,,0.008956,0.009422,3,0,0
u_mand_factor\set04\u_mand_factor_0.3.py,u_mand_factor,4,u_mand_factor,0.3,2,5,5,0.3,0.5,0.7,0.6,0.6,0.7,41.860009,40,13,27.600003,59.800013,13.225716,1,1,1004,0,ilp_v3,optimal,1,87.519658,37.4573,2.336518,0.008267,0.0,,0.008267,0.012836,3,0,0
u_mand_factor\set04\u_mand_factor_0.3.py,u_mand_factor,4,u_mand_factor,0.3,2,5,5,0.3,0.5,0.7,0.6,0.6,0.7,41.860009,40,13,27.600003,59.800013,13.225716,1,1,1004,0,ilp_v4,optimal,1,87.519658,37.4573,2.336518,0.040633,0.0,,0.040633,0.057107,3,0,0
u_mand_factor\set04\u_mand_factor_0.3.py,u_mand_factor,4,u_mand_factor,0.3,2,5,5,0.3,0.5,0.7,0.6,0.6,0.7,41.860009,40,13,27.600003,59.800013,13.225716,1,1,1004,0,greedy_sps_baseline,solved,1,49.047269,41.853617,1.171876,0.002031,,,0.002031,0.002183,3,0,0
u_mand_factor\set04\u_mand_factor_0.4.py,u_mand_factor,4,u_mand_factor,0.4,2,5,5,0.4,0.5,0.7,0.6,0.8,0.6,45.079999,40,13,36.800002,64.399999,17.634287,1,1,1004,0,ilp_v2,optimal,1,68.459905,41.746227,1.639906,0.010395,0.0,,0.010395,0.013802,3,0,0
u_mand_factor\set04\u_mand_factor_0.4.py,u_mand_factor,4,u_mand_factor,0.4,2,5,5,0.4,0.5,0.7,0.6,0.8,0.6,45.079999,40,13,36.800002,64.399999,17.634287,1,1,1004,0,ilp_v3,optimal,1,68.459905,41.746227,1.639906,0.011275,0.0,,0.011275,0.016225,3,0,0
u_mand_factor\set04\u_mand_factor_0.4.py,u_mand_factor,4,u_mand_factor,0.4,2,5,5,0.4,0.5,0.7,0.6,0.8,0.6,45.079999,40,13,36.800002,64.399999,17.634287,1,1,1004,0,ilp_v4,optimal,1,68.459905,44.700955,1.531509,0.039105,0.0,,0.039105,0.051511,3,0,0
u_mand_factor\set04\u_mand_factor_0.4.py,u_mand_factor,4,u_mand_factor,0.4,2,5,5,0.4,0.5,0.7,0.6,0.8,0.6,45.079999,40,13,36.800002,64.399999,17.634287,1,1,1004,0,greedy_sps_baseline,solved,1,27.669327,44.94191,0.615669,0.00193,,,0.00193,0.002489,3,0,0
u_mand_factor\set04\u_mand_factor_0.5.py,u_mand_factor,4,u_mand_factor,0.5,2,5,5,0.5,0.5,0.7,0.6,1.0,0.5,48.3,40,13,46.000002,69.0,22.042858,1,1,1004,0,ilp_v2,optimal,1,54.907754,48.120775,1.141041,0.027634,3.6e-05,,0.027634,0.02988,3,0,0
u_mand_factor\set04\u_mand_factor_0.5.py,u_mand_factor,4,u_mand_factor,0.5,2,5,5,0.5,0.5,0.7,0.6,1.0,0.5,48.3,40,13,46.000002,69.0,22.042858,1,1,1004,0,ilp_v3,optimal,1,56.271351,47.64706,1.181004,0.016631,0.0,,0.016631,0.018829,3,0,0
u_mand_factor\set04\u_mand_factor_0.5.py,u_mand_factor,4,u_mand_factor,0.5,2,5,5,0.5,0.5,0.7,0.6,1.0,0.5,48.3,40,13,46.000002,69.0,22.042858,1,1,1004,0,ilp_v4,optimal,1,56.483065,48.270237,1.170143,0.104082,0.0,,0.104082,0.140876,3,0,0
u_mand_factor\set04\u_mand_factor_0.5.py,u_mand_factor,4,u_mand_factor,0.5,2,5,5,0.5,0.5,0.7,0.6,1.0,0.5,48.3,40,13,46.000002,69.0,22.042858,1,1,1004,0,greedy_sps_baseline,solved,1,7.79982,48.211926,0.161782,0.000907,,,0.000907,0.001051,3,0,0
u_mand_factor\set04\u_mand_factor_0.6.py,u_mand_factor,4,u_mand_factor,0.6,2,5,5,0.6,0.5,0.7,0.6,1.2,0.4,51.519998,40,13,55.199999,73.599997,26.451428,1,1,1004,0,ilp_v2,optimal,1,40.152938,51.502426,0.779632,0.075278,0.0,,0.075278,0.07605,3,0,0
u_mand_factor\set04\u_mand_factor_0.6.py,u_mand_factor,4,u_mand_factor,0.6,2,5,5,0.6,0.5,0.7,0.6,1.2,0.4,51.519998,40,13,55.199999,73.599997,26.451428,1,1,1004,0,ilp_v3,optimal,1,39.710907,51.51537,0.770856,0.047972,7.8e-05,,0.047972,0.055209,3,0,0
u_mand_factor\set04\u_mand_factor_0.6.py,u_mand_factor,4,u_mand_factor,0.6,2,5,5,0.6,0.5,0.7,0.6,1.2,0.4,51.519998,40,13,55.199999,73.599997,26.451428,1,1,1004,0,ilp_v4,optimal,1,43.08123,51.477617,0.836892,0.123023,0.0,,0.123023,0.160667,3,0,0
u_mand_factor\set04\u_mand_factor_0.6.py,u_mand_factor,4,u_mand_factor,0.6,2,5,5,0.6,0.5,0.7,0.6,1.2,0.4,51.519998,40,13,55.199999,73.599997,26.451428,1,1,1004,0,greedy_sps_baseline,infeasible,0,,55.199999,,0.000707,,over budget: E=55.2000 > B=51.5200,0.000707,0.000837,3,0,0
u_mand_factor\set04\u_mand_factor_0.7.py,u_mand_factor,4,u_mand_factor,0.7,2,5,5,0.7,0.5,0.7,0.6,1.4,0.3,54.739997,40,13,64.400001,78.199995,30.860001,1,1,1004,0,ilp_v2,optimal,1,23.586694,54.708857,0.431131,0.028052,0.0,,0.028052,0.030282,3,0,0
u_mand_factor\set04\u_mand_factor_0.7.py,u_mand_factor,4,u_mand_factor,0.7,2,5,5,0.7,0.5,0.7,0.6,1.4,0.3,54.739997,40,13,64.400001,78.199995,30.860001,1,1,1004,0,ilp_v3,optimal,1,23.586694,54.708857,0.431131,0.024308,0.0,,0.024308,0.02885,3,0,0
u_mand_factor\set04\u_mand_factor_0.7.py,u_mand_factor,4,u_mand_factor,0.7,2,5,5,0.7,0.5,0.7,0.6,1.4,0.3,54.739997,40,13,64.400001,78.199995,30.860001,1,1,1004,0,ilp_v4,optimal,1,27.946382,54.73995,0.51053,0.156844,3.9e-05,,0.156844,0.196339,3,0,0
u_mand_factor\set04\u_mand_factor_0.7.py,u_mand_factor,4,u_mand_factor,0.7,2,5,5,0.7,0.5,0.7,0.6,1.4,0.3,54.739997,40,13,64.400001,78.199995,30.860001,1,1,1004,0,greedy_sps_baseline,infeasible,0,,64.400001,,0.000418,,over budget: E=64.4000 > B=54.7400,0.000418,0.000956,3,0,0
u_mand_factor\set04\u_mand_factor_0.8.py,u_mand_factor,4,u_mand_factor,0.8,2,5,5,0.8,0.5,0.7,0.6,1.6,0.2,57.960002,40,13,73.600002,82.800002,35.268573,1,1,1004,0,ilp_v2,infeasible,0,,,,0.008409,,,0.008409,0.01319,3,0,0
u_mand_factor\set04\u_mand_factor_0.8.py,u_mand_factor,4,u_mand_factor,0.8,2,5,5,0.8,0.5,0.7,0.6,1.6,0.2,57.960002,40,13,73.600002,82.800002,35.268573,1,1,1004,0,ilp_v3,infeasible,0,,,,0.008313,,,0.008313,0.010588,3,0,0
u_mand_factor\set04\u_mand_factor_0.8.py,u_mand_factor,4,u_mand_factor,0.8,2,5,5,0.8,0.5,0.7,0.6,1.6,0.2,57.960002,40,13,73.600002,82.800002,35.268573,1,1,1004,0,ilp_v4,infeasible,0,,,,0.018392,,,0.018392,0.021061,3,0,0
u_mand_factor\set04\u_mand_factor_0.8.py,u_mand_factor,4,u_mand_factor,0.8,2,5,5,0.8,0.5,0.7,0.6,1.6,0.2,57.960002,40,13,73.600002,82.800002,35.268573,1,1,1004,0,greedy_sps_baseline,infeasible,0,,73.600002,,0.000538,,over budget: E=73.6000 > B=57.9600,0.000538,0.000904,3,0,0
u_mand_factor\set04\u_mand_factor_0.9.py,u_mand_factor,4,u_mand_factor,0.9,2,5,5,0.9,0.5,0.7,0.6,1.8,0.1,61.180002,40,13,82.800003,87.400002,39.677145,1,1,1004,0,ilp_v2,infeasible,0,,,,0.004491,,,0.004491,0.005208,3,0,0
u_mand_factor\set04\u_mand_factor_0.9.py,u_mand_factor,4,u_mand_factor,0.9,2,5,5,0.9,0.5,0.7,0.6,1.8,0.1,61.180002,40,13,82.800003,87.400002,39.677145,1,1,1004,0,ilp_v3,infeasible,0,,,,0.004988,,,0.004988,0.006204,3,0,0
u_mand_factor\set04\u_mand_factor_0.9.py,u_mand_factor,4,u_mand_factor,0.9,2,5,5,0.9,0.5,0.7,0.6,1.8,0.1,61.180002,40,13,82.800003,87.400002,39.677145,1,1,1004,0,ilp_v4,infeasible,0,,,,0.014471,,,0.014471,0.015412,3,0,0
u_mand_factor\set04\u_mand_factor_0.9.py,u_mand_factor,4,u_mand_factor,0.9,2,5,5,0.9,0.5,0.7,0.6,1.8,0.1,61.180002,40,13,82.800003,87.400002,39.677145,1,1,1004,0,greedy_sps_baseline,infeasible,0,,82.800003,,0.000463,,over budget: E=82.8000 > B=61.1800,0.000463,0.00059,3,0,0
u_mand_factor\set00\u_mand_factor_0.1.py,u_mand_factor,0,u_mand_factor,0.1,2,5,5,0.1,0.5,0.7,0.6,0.2,0.9,35.420002,40,13,9.200002,50.600002,4.408573,1,0,1000,0,heuristic_v4,solved,1,123.877307,35.216053,3.517637,0.002452,,,0.002452,0.002607,3,0,0
u_mand_factor\set00\u_mand_factor_0.2.py,u_mand_factor,0,u_mand_factor,0.2,2,5,5,0.2,0.5,0.7,0.6,0.4,0.8,38.639999,40,13,18.400001,55.199999,8.817143,1,0,1000,0,heuristic_v4,solved,1,114.775308,38.511248,2.980306,0.002433,,,0.002433,0.002764,3,0,0
u_mand_factor\set00\u_mand_factor_0.3.py,u_mand_factor,0,u_mand_factor,0.3,2,5,5,0.3,0.5,0.7,0.6,0.6,0.7,41.859996,40,13,27.600001,59.799994,13.225715,1,1,1000,0,heuristic_v4,solved,1,98.676193,41.503186,2.377557,0.002615,,,0.002615,0.002768,3,0,0
u_mand_factor\set00\u_mand_factor_0.4.py,u_mand_factor,0,u_mand_factor,0.4,2,5,5,0.4,0.5,0.7,0.6,0.8,0.6,45.079998,40,13,36.800002,64.399997,17.634287,1,1,1000,0,heuristic_v4,solved,1,79.823892,44.485061,1.794398,0.002882,,,0.002882,0.00297,3,0,0
u_mand_factor\set00\u_mand_factor_0.5.py,u_mand_factor,0,u_mand_factor,0.5,2,5,5,0.5,0.5,0.7,0.6,1.0,0.5,48.300003,40,13,46.000002,69.000005,22.042858,1,1,1000,0,heuristic_v4,solved,1,60.294133,47.770172,1.262171,0.002572,,,0.002572,0.002945,3,0,0
u_mand_factor\set00\u_mand_factor_0.6.py,u_mand_factor,0,u_mand_factor,0.6,2,5,5,0.6,0.5,0.7,0.6,1.2,0.4,51.520002,40,13,55.200003,73.600002,26.45143,1,1,1000,0,heuristic_v4,solved,1,41.427889,51.097819,0.810757,0.00389,,,0.00389,0.004015,3,0,0
u_mand_factor\set00\u_mand_factor_0.7.py,u_mand_factor,0,u_mand_factor,0.7,2,5,5,0.7,0.5,0.7,0.6,1.4,0.3,54.740004,40,13,64.399999,78.200006,30.859999,1,1,1000,0,heuristic_v4,solved,1,21.647734,54.686618,0.395851,0.003067,,,0.003067,0.003183,3,0,0
u_mand_factor\set00\u_mand_factor_0.8.py,u_mand_factor,0,u_mand_factor,0.8,2,5,5,0.8,0.5,0.7,0.6,1.6,0.2,57.959999,40,13,73.6,82.799999,35.268571,1,1,1000,0,heuristic_v4,solved,1,1.719853,57.93885,0.029684,0.00431,,,0.00431,0.004427,3,0,0
u_mand_factor\set00\u_mand_factor_0.9.py,u_mand_factor,0,u_mand_factor,0.9,2,5,5,0.9,0.5,0.7,0.6,1.8,0.1,61.180001,40,13,82.8,87.400001,39.677143,1,1,1000,0,heuristic_v4,infeasible,0,,74.698384,,0.004384,,over budget: E=74.6984 > B=61.1800,0.004384,0.004562,3,0,0
u_mand_factor\set01\u_mand_factor_0.1.py,u_mand_factor,1,u_mand_factor,0.1,2,5,5,0.1,0.5,0.7,0.6,0.2,0.9,35.419998,40,13,9.200001,50.599998,4.286667,1,0,1001,0,heuristic_v4,solved,1,91.406685,35.230225,2.594553,0.003416,,,0.003416,0.003564,3,0,0
u_mand_factor\set01\u_mand_factor_0.2.py,u_mand_factor,1,u_mand_factor,0.2,2,5,5,0.2,0.5,0.7,0.6,0.4,0.8,38.640004,40,13,18.400001,55.200006,8.573334,1,0,1001,0,heuristic_v4,solved,1,73.88515,37.654762,1.962173,0.002636,,,0.002636,0.002766,3,0,0
u_mand_factor\set01\u_mand_factor_0.3.py,u_mand_factor,1,u_mand_factor,0.3,2,5,5,0.3,0.5,0.7,0.6,0.6,0.7,41.860003,40,13,27.6,59.800005,12.86,1,1,1001,0,heuristic_v4,solved,1,52.441086,41.856563,1.252876,0.002979,,,0.002979,0.003514,3,0,0
u_mand_factor\set01\u_mand_factor_0.4.py,u_mand_factor,1,u_mand_factor,0.4,2,5,5,0.4,0.5,0.7,0.6,0.8,0.6,45.079998,40,13,36.800001,64.399998,17.146667,1,1,1001,0,heuristic_v4,solved,1,46.374888,45.029542,1.029877,0.003396,,,0.003396,0.003593,3,0,0
u_mand_factor\set01\u_mand_factor_0.5.py,u_mand_factor,1,u_mand_factor,0.5,2,5,5,0.5,0.5,0.7,0.6,1.0,0.5,48.300007,40,13,46.000002,69.00001,21.433334,1,1,1001,0,heuristic_v4,solved,1,37.582906,47.285342,0.794811,0.002585,,,0.002585,0.00303,3,0,0
u_mand_factor\set01\u_mand_factor_0.6.py,u_mand_factor,1,u_mand_factor,0.6,2,5,5,0.6,0.5,0.7,0.6,1.2,0.4,51.519999,40,13,55.200003,73.599999,25.720002,1,1,1001,0,heuristic_v4,solved,1,25.647153,51.462305,0.498368,0.004968,,,0.004968,0.006241,3,0,0
u_mand_factor\set01\u_mand_factor_0.7.py,u_mand_factor,1,u_mand_factor,0.7,2,5,5,0.7,0.5,0.7,0.6,1.4,0.3,54.740001,40,13,64.399995,78.200001,30.006665,1,1,1001,0,heuristic_v4,solved,1,12.145963,54.706477,0.222021,0.003308,,,0.003308,0.003591,3,0,0
u_mand_factor\set01\u_mand_factor_0.8.py,u_mand_factor,1,u_mand_factor,0.8,2,5,5,0.8,0.5,0.7,0.6,1.6,0.2,57.960002,40,13,73.600001,82.800003,34.293334,1,1,1001,0,heuristic_v4,infeasible,0,,62.934894,,0.003387,,over budget: E=62.9349 > B=57.9600,0.003387,0.003728,3,0,0
u_mand_factor\set01\u_mand_factor_0.9.py,u_mand_factor,1,u_mand_factor,0.9,2,5,5,0.9,0.5,0.7,0.6,1.8,0.1,61.179999,40,13,82.800002,87.399999,38.580001,1,1,1001,0,heuristic_v4,infeasible,0,,75.987921,,0.002502,,over budget: E=75.9879 > B=61.1800,0.002502,0.00317,3,0,0
u_mand_factor\set02\u_mand_factor_0.1.py,u_mand_factor,2,u_mand_factor,0.1,2,5,5,0.1,0.5,0.7,0.6,0.2,0.9,35.420002,40,11,9.200002,50.600003,4.280001,1,0,1002,0,heuristic_v4,solved,1,140.480047,34.557423,4.065119,0.001149,,,0.001149,0.001728,3,0,0
u_mand_factor\set02\u_mand_factor_0.2.py,u_mand_factor,2,u_mand_factor,0.2,2,5,5,0.2,0.5,0.7,0.6,0.4,0.8,38.639998,40,11,18.4,55.199998,8.56,1,0,1002,0,heuristic_v4,solved,1,96.062126,38.570819,2.490539,0.001466,,,0.001466,0.001868,3,0,0
u_mand_factor\set02\u_mand_factor_0.3.py,u_mand_factor,2,u_mand_factor,0.3,2,5,5,0.3,0.5,0.7,0.6,0.6,0.7,41.859995,40,11,27.599997,59.799993,12.839998,1,1,1002,0,heuristic_v4,solved,1,79.600685,41.792301,1.904673,0.001342,,,0.001342,0.001627,3,0,0
u_mand_factor\set02\u_mand_factor_0.4.py,u_mand_factor,2,u_mand_factor,0.4,2,5,5,0.4,0.5,0.7,0.6,0.8,0.6,45.079999,40,11,36.799999,64.399999,17.119999,1,1,1002,0,heuristic_v4,solved,1,71.896484,44.849674,1.603055,0.001444,,,0.001444,0.001777,3,0,0
u_mand_factor\set02\u_mand_factor_0.5.py,u_mand_factor,2,u_mand_factor,0.5,2,5,5,0.5,0.5,0.7,0.6,1.0,0.5,48.300001,40,11,46.000001,69.000001,21.400001,1,1,1002,0,heuristic_v4,solved,1,65.644495,48.017426,1.367097,0.001228,,,0.001228,0.001799,3,0,0
u_mand_factor\set02\u_mand_factor_0.6.py,u_mand_factor,2,u_mand_factor,0.6,2,5,5,0.6,0.5,0.7,0.6,1.2,0.4,51.520001,40,11,55.199999,73.600001,25.679999,1,1,1002,0,heuristic_v4,solved,1,45.602878,51.093932,0.89253,0.001494,,,0.001494,0.00165,3,0,0
u_mand_factor\set02\u_mand_factor_0.7.py,u_mand_factor,2,u_mand_factor,0.7,2,5,5,0.7,0.5,0.7,0.6,1.4,0.3,54.739999,40,11,64.4,78.199999,29.96,1,1,1002,0,heuristic_v4,solved,1,19.369237,54.651659,0.354413,0.002407,,,0.002407,0.002809,3,0,0
u_mand_factor\set02\u_mand_factor_0.8.py,u_mand_factor,2,u_mand_factor,0.8,2,5,5,0.8,0.5,0.7,0.6,1.6,0.2,57.960001,40,11,73.6,82.800001,34.24,1,1,1002,0,heuristic_v4,infeasible,0,,63.80898,,0.003015,,over budget: E=63.8090 > B=57.9600,0.003015,0.003527,3,0,0
u_mand_factor\set02\u_mand_factor_0.9.py,u_mand_factor,2,u_mand_factor,0.9,2,5,5,0.9,0.5,0.7,0.6,1.8,0.1,61.180003,40,13,82.8,87.400005,38.58,1,1,1002,2,heuristic_v4,infeasible,0,,72.152404,,0.004057,,over budget: E=72.1524 > B=61.1800,0.004057,0.004402,3,0,0
u_mand_factor\set03\u_mand_factor_0.1.py,u_mand_factor,3,u_mand_factor,0.1,2,5,5,0.1,0.5,0.7,0.6,0.2,0.9,35.419999,40,10,9.200001,50.599999,4.286667,1,0,1003,0,heuristic_v4,solved,1,109.876627,30.988571,3.545715,0.001315,,,0.001315,0.00152,3,0,0
u_mand_factor\set03\u_mand_factor_0.2.py,u_mand_factor,3,u_mand_factor,0.2,2,5,5,0.2,0.5,0.7,0.6,0.4,0.8,38.639999,40,10,18.399999,55.199999,8.573333,1,0,1003,0,heuristic_v4,solved,1,66.541,32.175336,2.068075,0.001526,,,0.001526,0.001657,3,0,0
u_mand_factor\set03\u_mand_factor_0.3.py,u_mand_factor,3,u_mand_factor,0.3,2,5,5,0.3,0.5,0.7,0.6,0.6,0.7,41.860001,40,10,27.6,59.800001,12.86,1,1,1003,0,heuristic_v4,solved,1,59.990575,41.653574,1.440226,0.001589,,,0.001589,0.001772,3,0,0
u_mand_factor\set03\u_mand_factor_0.4.py,u_mand_factor,3,u_mand_factor,0.4,2,5,5,0.4,0.5,0.7,0.6,0.8,0.6,45.080001,40,10,36.799999,64.400001,17.146666,1,1,1003,0,heuristic_v4,solved,1,62.699738,39.378452,1.592235,0.001426,,,0.001426,0.001567,3,0,0
u_mand_factor\set03\u_mand_factor_0.5.py,u_mand_factor,3,u_mand_factor,0.5,2,5,5,0.5,0.5,0.7,0.6,1.0,0.5,48.299999,40,10,46.0,68.999999,21.433333,1,1,1003,0,heuristic_v4,solved,1,64.658947,48.293011,1.338888,0.00197,,,0.00197,0.003414,3,0,0
u_mand_factor\set03\u_mand_factor_0.6.py,u_mand_factor,3,u_mand_factor,0.6,2,5,5,0.6,0.5,0.7,0.6,1.2,0.4,51.519998,40,10,55.199998,73.599997,25.719999,1,1,1003,0,heuristic_v4,solved,1,28.426612,50.373963,0.564312,0.003705,,,0.003705,0.004568,3,0,0
u_mand_factor\set03\u_mand_factor_0.7.py,u_mand_factor,3,u_mand_factor,0.7,2,5,5,0.7,0.5,0.7,0.6,1.4,0.3,54.739999,40,10,64.399999,78.199999,30.006666,1,1,1003,0,heuristic_v4,solved,1,13.974658,54.720334,0.255383,0.002689,,,0.002689,0.003167,3,0,0
u_mand_factor\set03\u_mand_factor_0.8.py,u_mand_factor,3,u_mand_factor,0.8,2,5,5,0.8,0.5,0.7,0.6,1.6,0.2,57.959994,40,10,73.599998,82.799991,34.293332,1,1,1003,0,heuristic_v4,infeasible,0,,58.46205,,0.001722,,over budget: E=58.4620 > B=57.9600,0.001722,0.001936,3,0,0
u_mand_factor\set03\u_mand_factor_0.9.py,u_mand_factor,3,u_mand_factor,0.9,2,5,5,0.9,0.5,0.7,0.6,1.8,0.1,61.180004,40,10,82.799998,87.400006,38.579999,1,1,1003,0,heuristic_v4,infeasible,0,,76.611463,,0.002021,,over budget: E=76.6115 > B=61.1800,0.002021,0.002337,3,0,0
u_mand_factor\set04\u_mand_factor_0.1.py,u_mand_factor,4,u_mand_factor,0.1,2,5,5,0.1,0.5,0.7,0.6,0.2,0.9,35.420004,40,13,9.200002,50.600006,4.408573,1,0,1004,0,heuristic_v4,solved,1,102.421137,33.550004,3.052791,0.00196,,,0.00196,0.002046,3,0,0
u_mand_factor\set04\u_mand_factor_0.2.py,u_mand_factor,4,u_mand_factor,0.2,2,5,5,0.2,0.5,0.7,0.6,0.4,0.8,38.639999,40,13,18.399999,55.199999,8.817142,1,0,1004,0,heuristic_v4,solved,1,101.898633,35.960667,2.833614,0.001906,,,0.001906,0.00219,3,0,0
u_mand_factor\set04\u_mand_factor_0.3.py,u_mand_factor,4,u_mand_factor,0.3,2,5,5,0.3,0.5,0.7,0.6,0.6,0.7,41.860009,40,13,27.600003,59.800013,13.225716,1,1,1004,0,heuristic_v4,solved,1,87.519658,39.650008,2.207305,0.002047,,,0.002047,0.002091,3,0,0
u_mand_factor\set04\u_mand_factor_0.4.py,u_mand_factor,4,u_mand_factor,0.4,2,5,5,0.4,0.5,0.7,0.6,0.8,0.6,45.079999,40,13,36.800002,64.399999,17.634287,1,1,1004,0,heuristic_v4,solved,1,68.459905,42.699999,1.603276,0.001856,,,0.001856,0.002089,3,0,0
u_mand_factor\set04\u_mand_factor_0.5.py,u_mand_factor,4,u_mand_factor,0.5,2,5,5,0.5,0.5,0.7,0.6,1.0,0.5,48.3,40,13,46.000002,69.0,22.042858,1,1,1004,0,heuristic_v4,solved,1,52.901529,48.235321,1.096738,0.00301,,,0.00301,0.00342,3,0,0
u_mand_factor\set04\u_mand_factor_0.6.py,u_mand_factor,4,u_mand_factor,0.6,2,5,5,0.6,0.5,0.7,0.6,1.2,0.4,51.519998,40,13,55.199999,73.599997,26.451428,1,1,1004,0,heuristic_v4,solved,1,34.673491,51.358774,0.675123,0.002687,,,0.002687,0.00272,3,0,0
u_mand_factor\set04\u_mand_factor_0.7.py,u_mand_factor,4,u_mand_factor,0.7,2,5,5,0.7,0.5,0.7,0.6,1.4,0.3,54.739997,40,13,64.400001,78.199995,30.860001,1,1,1004,0,heuristic_v4,solved,1,14.72428,54.604794,0.269652,0.002118,,,0.002118,0.002222,3,0,0
u_mand_factor\set04\u_mand_factor_0.8.py,u_mand_factor,4,u_mand_factor,0.8,2,5,5,0.8,0.5,0.7,0.6,1.6,0.2,57.960002,40,13,73.600002,82.800002,35.268573,1,1,1004,0,heuristic_v4,infeasible,0,,60.290542,,0.003675,,over budget: E=60.2905 > B=57.9600,0.003675,0.003839,3,0,0
u_mand_factor\set04\u_mand_factor_0.9.py,u_mand_factor,4,u_mand_factor,0.9,2,5,5,0.9,0.5,0.7,0.6,1.8,0.1,61.180002,40,13,82.800003,87.400002,39.677145,1,1,1004,0,heuristic_v4,infeasible,0,,74.918202,,0.003938,,over budget: E=74.9182 > B=61.1800,0.003938,0.004788,3,0,0
u_mand_factor\set00\u_mand_factor_0.1.py,u_mand_factor,0,u_mand_factor,0.1,2,5,5,0.1,0.5,0.7,0.6,0.2,0.9,35.420002,40,13,9.200002,50.600002,4.408573,1,0,1000,0,heuristic_v5a,solved,1,123.877307,35.216053,3.517637,0.002328,,,0.002328,0.002475,3,0,0
u_mand_factor\set00\u_mand_factor_0.2.py,u_mand_factor,0,u_mand_factor,0.2,2,5,5,0.2,0.5,0.7,0.6,0.4,0.8,38.639999,40,13,18.400001,55.199999,8.817143,1,0,1000,0,heuristic_v5a,solved,1,114.775308,38.511248,2.980306,0.002227,,,0.002227,0.002454,3,0,0
u_mand_factor\set00\u_mand_factor_0.3.py,u_mand_factor,0,u_mand_factor,0.3,2,5,5,0.3,0.5,0.7,0.6,0.6,0.7,41.859996,40,13,27.600001,59.799994,13.225715,1,1,1000,0,heuristic_v5a,solved,1,98.676193,41.503186,2.377557,0.002395,,,0.002395,0.002628,3,0,0
u_mand_factor\set00\u_mand_factor_0.4.py,u_mand_factor,0,u_mand_factor,0.4,2,5,5,0.4,0.5,0.7,0.6,0.8,0.6,45.079998,40,13,36.800002,64.399997,17.634287,1,1,1000,0,heuristic_v5a,solved,1,79.823892,44.485061,1.794398,0.002613,,,0.002613,0.003602,3,0,0
u_mand_factor\set00\u_mand_factor_0.5.py,u_mand_factor,0,u_mand_factor,0.5,2,5,5,0.5,0.5,0.7,0.6,1.0,0.5,48.300003,40,13,46.000002,69.000005,22.042858,1,1,1000,0,heuristic_v5a,solved,1,60.294133,47.770172,1.262171,0.002454,,,0.002454,0.002678,3,0,0
u_mand_factor\set00\u_mand_factor_0.6.py,u_mand_factor,0,u_mand_factor,0.6,2,5,5,0.6,0.5,0.7,0.6,1.2,0.4,51.520002,40,13,55.200003,73.600002,26.45143,1,1,1000,0,heuristic_v5a,solved,1,41.427889,51.097819,0.810757,0.003741,,,0.003741,0.004094,3,0,0
u_mand_factor\set00\u_mand_factor_0.7.py,u_mand_factor,0,u_mand_factor,0.7,2,5,5,0.7,0.5,0.7,0.6,1.4,0.3,54.740004,40,13,64.399999,78.200006,30.859999,1,1,1000,0,heuristic_v5a,solved,1,21.647734,54.686618,0.395851,0.002949,,,0.002949,0.003057,3,0,0
u_mand_factor\set00\u_mand_factor_0.8.py,u_mand_factor,0,u_mand_factor,0.8,2,5,5,0.8,0.5,0.7,0.6,1.6,0.2,57.959999,40,13,73.6,82.799999,35.268571,1,1,1000,0,heuristic_v5a,solved,1,1.719853,57.93885,0.029684,0.004051,,,0.004051,0.004307,3,0,0
u_mand_factor\set00\u_mand_factor_0.9.py,u_mand_factor,0,u_mand_factor,0.9,2,5,5,0.9,0.5,0.7,0.6,1.8,0.1,61.180001,40,13,82.8,87.400001,39.677143,1,1,1000,0,heuristic_v5a,infeasible,0,,74.702953,,0.0046,,over budget: E=74.7030 > B=61.1800,0.0046,0.00469,3,0,0
u_mand_factor\set01\u_mand_factor_0.1.py,u_mand_factor,1,u_mand_factor,0.1,2,5,5,0.1,0.5,0.7,0.6,0.2,0.9,35.419998,40,13,9.200001,50.599998,4.286667,1,0,1001,0,heuristic_v5a,solved,1,94.310907,35.33717,2.668887,0.002811,,,0.002811,0.002932,3,0,0
u_mand_factor\set01\u_mand_factor_0.2.py,u_mand_factor,1,u_mand_factor,0.2,2,5,5,0.2,0.5,0.7,0.6,0.4,0.8,38.640004,40,13,18.400001,55.200006,8.573334,1,0,1001,0,heuristic_v5a,solved,1,73.88515,37.654762,1.962173,0.00256,,,0.00256,0.0027,3,0,0
u_mand_factor\set01\u_mand_factor_0.3.py,u_mand_factor,1,u_mand_factor,0.3,2,5,5,0.3,0.5,0.7,0.6,0.6,0.7,41.860003,40,13,27.6,59.800005,12.86,1,1,1001,0,heuristic_v5a,solved,1,52.441086,41.856563,1.252876,0.002675,,,0.002675,0.002949,3,0,0
u_mand_factor\set01\u_mand_factor_0.4.py,u_mand_factor,1,u_mand_factor,0.4,2,5,5,0.4,0.5,0.7,0.6,0.8,0.6,45.079998,40,13,36.800001,64.399998,17.146667,1,1,1001,0,heuristic_v5a,solved,1,47.974943,44.774192,1.071487,0.002772,,,0.002772,0.003685,3,0,0
u_mand_factor\set01\u_mand_factor_0.5.py,u_mand_factor,1,u_mand_factor,0.5,2,5,5,0.5,0.5,0.7,0.6,1.0,0.5,48.300007,40,13,46.000002,69.00001,21.433334,1,1,1001,0,heuristic_v5a,solved,1,39.069917,48.270566,0.809394,0.002725,,,0.002725,0.002821,3,0,0
u_mand_factor\set01\u_mand_factor_0.6.py,u_mand_factor,1,u_mand_factor,0.6,2,5,5,0.6,0.5,0.7,0.6,1.2,0.4,51.519999,40,13,55.200003,73.599999,25.720002,1,1,1001,0,heuristic_v5a,solved,1,23.912902,50.971434,0.469143,0.002921,,,0.002921,0.003369,3,0,0
u_mand_factor\set01\u_mand_factor_0.7.py,u_mand_factor,1,u_mand_factor,0.7,2,5,5,0.7,0.5,0.7,0.6,1.4,0.3,54.740001,40,13,64.399995,78.200001,30.006665,1,1,1001,0,heuristic_v5a,solved,1,4.463216,54.678908,0.081626,0.005619,,,0.005619,0.006402,3,0,0
u_mand_factor\set01\u_mand_factor_0.8.py,u_mand_factor,1,u_mand_factor,0.8,2,5,5,0.8,0.5,0.7,0.6,1.6,0.2,57.960002,40,13,73.600001,82.800003,34.293334,1,1,1001,0,heuristic_v5a,infeasible,0,,64.702339,,0.003647,,over budget: E=64.7023 > B=57.9600,0.003647,0.003807,3,0,0
u_mand_factor\set01\u_mand_factor_0.9.py,u_mand_factor,1,u_mand_factor,0.9,2,5,5,0.9,0.5,0.7,0.6,1.8,0.1,61.179999,40,13,82.800002,87.399999,38.580001,1,1,1001,0,heuristic_v5a,infeasible,0,,76.004568,,0.003232,,over budget: E=76.0046 > B=61.1800,0.003232,0.003317,3,0,0
u_mand_factor\set02\u_mand_factor_0.1.py,u_mand_factor,2,u_mand_factor,0.1,2,5,5,0.1,0.5,0.7,0.6,0.2,0.9,35.420002,40,11,9.200002,50.600003,4.280001,1,0,1002,0,heuristic_v5a,solved,1,140.480047,34.557423,4.065119,0.001375,,,0.001375,0.001697,3,0,0
u_mand_factor\set02\u_mand_factor_0.2.py,u_mand_factor,2,u_mand_factor,0.2,2,5,5,0.2,0.5,0.7,0.6,0.4,0.8,38.639998,40,11,18.4,55.199998,8.56,1,0,1002,0,heuristic_v5a,solved,1,88.667231,38.118291,2.326107,0.001663,,,0.001663,0.001843,3,0,0
u_mand_factor\set02\u_mand_factor_0.3.py,u_mand_factor,2,u_mand_factor,0.3,2,5,5,0.3,0.5,0.7,0.6,0.6,0.7,41.859995,40,11,27.599997,59.799993,12.839998,1,1,1002,0,heuristic_v5a,solved,1,71.90335,41.237799,1.743627,0.001581,,,0.001581,0.001975,3,0,0
u_mand_factor\set02\u_mand_factor_0.4.py,u_mand_factor,2,u_mand_factor,0.4,2,5,5,0.4,0.5,0.7,0.6,0.8,0.6,45.079999,40,11,36.799999,64.399999,17.119999,1,1,1002,0,heuristic_v5a,solved,1,73.212702,44.67385,1.638827,0.00204,,,0.00204,0.002626,3,0,0
u_mand_factor\set02\u_mand_factor_0.5.py,u_mand_factor,2,u_mand_factor,0.5,2,5,5,0.5,0.5,0.7,0.6,1.0,0.5,48.300001,40,11,46.000001,69.000001,21.400001,1,1,1002,0,heuristic_v5a,solved,1,43.807632,47.509133,0.922089,0.001234,,,0.001234,0.001357,3,0,0
u_mand_factor\set02\u_mand_factor_0.6.py,u_mand_factor,2,u_mand_factor,0.6,2,5,5,0.6,0.5,0.7,0.6,1.2,0.4,51.520001,40,11,55.199999,73.600001,25.679999,1,1,1002,0,heuristic_v5a,solved,1,31.802127,50.134067,0.634342,0.001781,,,0.001781,0.002114,3,0,0
u_mand_factor\set02\u_mand_factor_0.7.py,u_mand_factor,2,u_mand_factor,0.7,2,5,5,0.7,0.5,0.7,0.6,1.4,0.3,54.739999,40,11,64.4,78.199999,29.96,1,1,1002,0,heuristic_v5a,solved,1,13.052475,54.261228,0.240549,0.002208,,,0.002208,0.002276,3,0,0
u_mand_factor\set02\u_mand_factor_0.8.py,u_mand_factor,2,u_mand_factor,0.8,2,5,5,0.8,0.5,0.7,0.6,1.6,0.2,57.960001,40,11,73.6,82.800001,34.24,1,1,1002,0,heuristic_v5a,infeasible,0,,60.434286,,0.002605,,over budget: E=60.4343 > B=57.9600,0.002605,0.002686,3,0,0
u_mand_factor\set02\u_mand_factor_0.9.py,u_mand_factor,2,u_mand_factor,0.9,2,5,5,0.9,0.5,0.7,0.6,1.8,0.1,61.180003,40,13,82.8,87.400005,38.58,1,1,1002,2,heuristic_v5a,infeasible,0,,72.630802,,0.003407,,over budget: E=72.6308 > B=61.1800,0.003407,0.003567,3,0,0
u_mand_factor\set03\u_mand_factor_0.1.py,u_mand_factor,3,u_mand_factor,0.1,2,5,5,0.1,0.5,0.7,0.6,0.2,0.9,35.419999,40,10,9.200001,50.599999,4.286667,1,0,1003,0,heuristic_v5a,solved,1,105.991709,34.516738,3.070734,0.001308,,,0.001308,0.001532,3,0,0
u_mand_factor\set03\u_mand_factor_0.2.py,u_mand_factor,3,u_mand_factor,0.2,2,5,5,0.2,0.5,0.7,0.6,0.4,0.8,38.639999,40,10,18.399999,55.199999,8.573333,1,0,1003,0,heuristic_v5a,solved,1,66.541,32.175336,2.068075,0.001518,,,0.001518,0.00175,3,0,0
u_mand_factor\set03\u_mand_factor_0.3.py,u_mand_factor,3,u_mand_factor,0.3,2,5,5,0.3,0.5,0.7,0.6,0.6,0.7,41.860001,40,10,27.6,59.800001,12.86,1,1,1003,0,heuristic_v5a,solved,1,59.990575,41.653574,1.440226,0.001485,,,0.001485,0.001624,3,0,0
u_mand_factor\set03\u_mand_factor_0.4.py,u_mand_factor,3,u_mand_factor,0.4,2,5,5,0.4,0.5,0.7,0.6,0.8,0.6,45.080001,40,10,36.799999,64.400001,17.146666,1,1,1003,0,heuristic_v5a,solved,1,65.384036,44.840697,1.45814,0.001933,,,0.001933,0.002034,3,0,0
u_mand_factor\set03\u_mand_factor_0.5.py,u_mand_factor,3,u_mand_factor,0.5,2,5,5,0.5,0.5,0.7,0.6,1.0,0.5,48.299999,40,10,46.0,68.999999,21.433333,1,1,1003,0,heuristic_v5a,solved,1,64.263979,48.094001,1.336216,0.001807,,,0.001807,0.00205,3,0,0
u_mand_factor\set03\u_mand_factor_0.6.py,u_mand_factor,3,u_mand_factor,0.6,2,5,5,0.6,0.5,0.7,0.6,1.2,0.4,51.519998,40,10,55.199998,73.599997,25.719999,1,1,1003,0,heuristic_v5a,solved,1,45.73314,51.49551,0.8881,0.003249,,,0.003249,0.003422,3,0,0
u_mand_factor\set03\u_mand_factor_0.7.py,u_mand_factor,3,u_mand_factor,0.7,2,5,5,0.7,0.5,0.7,0.6,1.4,0.3,54.739999,40,10,64.399999,78.199999,30.006666,1,1,1003,0,heuristic_v5a,solved,1,13.981229,54.526478,0.256412,0.001847,,,0.001847,0.001925,3,0,0
u_mand_factor\set03\u_mand_factor_0.8.py,u_mand_factor,3,u_mand_factor,0.8,2,5,5,0.8,0.5,0.7,0.6,1.6,0.2,57.959994,40,10,73.599998,82.799991,34.293332,1,1,1003,0,heuristic_v5a,infeasible,0,,58.46205,,0.001746,,over budget: E=58.4620 > B=57.9600,0.001746,0.001888,3,0,0
u_mand_factor\set03\u_mand_factor_0.9.py,u_mand_factor,3,u_mand_factor,0.9,2,5,5,0.9,0.5,0.7,0.6,1.8,0.1,61.180004,40,10,82.799998,87.400006,38.579999,1,1,1003,0,heuristic_v5a,infeasible,0,,76.611463,,0.002199,,over budget: E=76.6115 > B=61.1800,0.002199,0.002317,3,0,0
u_mand_factor\set04\u_mand_factor_0.1.py,u_mand_factor,4,u_mand_factor,0.1,2,5,5,0.1,0.5,0.7,0.6,0.2,0.9,35.420004,40,13,9.200002,50.600006,4.408573,1,0,1004,0,heuristic_v5a,solved,1,102.421137,33.550004,3.052791,0.002231,,,0.002231,0.002317,3,0,0
u_mand_factor\set04\u_mand_factor_0.2.py,u_mand_factor,4,u_mand_factor,0.2,2,5,5,0.2,0.5,0.7,0.6,0.4,0.8,38.639999,40,13,18.399999,55.199999,8.817142,1,0,1004,0,heuristic_v5a,solved,1,97.421344,35.758134,2.724453,0.002148,,,0.002148,0.002258,3,0,0
u_mand_factor\set04\u_mand_factor_0.3.py,u_mand_factor,4,u_mand_factor,0.3,2,5,5,0.3,0.5,0.7,0.6,0.6,0.7,41.860009,40,13,27.600003,59.800013,13.225716,1,1,1004,0,heuristic_v5a,solved,1,83.426381,41.838812,1.993995,0.002599,,,0.002599,0.00313,3,0,0
u_mand_factor\set04\u_mand_factor_0.4.py,u_mand_factor,4,u_mand_factor,0.4,2,5,5,0.4,0.5,0.7,0.6,0.8,0.6,45.079999,40,13,36.800002,64.399999,17.634287,1,1,1004,0,heuristic_v5a,solved,1,68.459905,43.111684,1.587966,0.002455,,,0.002455,0.003048,3,0,0
u_mand_factor\set04\u_mand_factor_0.5.py,u_mand_factor,4,u_mand_factor,0.5,2,5,5,0.5,0.5,0.7,0.6,1.0,0.5,48.3,40,13,46.000002,69.0,22.042858,1,1,1004,0,heuristic_v5a,solved,1,48.593571,48.113555,1.009977,0.003063,,,0.003063,0.004302,3,0,0
u_mand_factor\set04\u_mand_factor_0.6.py,u_mand_factor,4,u_mand_factor,0.6,2,5,5,0.6,0.5,0.7,0.6,1.2,0.4,51.519998,40,13,55.199999,73.599997,26.451428,1,1,1004,0,heuristic_v5a,solved,1,34.673491,51.358774,0.675123,0.002713,,,0.002713,0.002844,3,0,0
u_mand_factor\set04\u_mand_factor_0.7.py,u_mand_factor,4,u_mand_factor,0.7,2,5,5,0.7,0.5,0.7,0.6,1.4,0.3,54.739997,40,13,64.400001,78.199995,30.860001,1,1,1004,0,heuristic_v5a,solved,1,12.040778,54.142526,0.22239,0.002553,,,0.002553,0.00259,3,0,0
u_mand_factor\set04\u_mand_factor_0.8.py,u_mand_factor,4,u_mand_factor,0.8,2,5,5,0.8,0.5,0.7,0.6,1.6,0.2,57.960002,40,13,73.600002,82.800002,35.268573,1,1,1004,0,heuristic_v5a,infeasible,0,,60.274853,,0.0036,,over budget: E=60.2749 > B=57.9600,0.0036,0.003748,3,0,0
u_mand_factor\set04\u_mand_factor_0.9.py,u_mand_factor,4,u_mand_factor,0.9,2,5,5,0.9,0.5,0.7,0.6,1.8,0.1,61.180002,40,13,82.800003,87.400002,39.677145,1,1,1004,0,heuristic_v5a,infeasible,0,,76.678243,,0.004511,,over budget: E=76.6782 > B=61.1800,0.004511,0.00501,3,0,0
u_mand_factor\set00\u_mand_factor_0.1.py,u_mand_factor,0,u_mand_factor,0.1,2,5,5,0.1,0.5,0.7,0.6,0.2,0.9,35.420002,40,13,9.200002,50.600002,4.408573,1,0,1000,0,heuristic_v5b,solved,1,123.877307,35.216053,3.517637,0.002608,,,0.002608,0.002734,3,0,0
u_mand_factor\set00\u_mand_factor_0.2.py,u_mand_factor,0,u_mand_factor,0.2,2,5,5,0.2,0.5,0.7,0.6,0.4,0.8,38.639999,40,13,18.400001,55.199999,8.817143,1,0,1000,0,heuristic_v5b,solved,1,114.775308,38.511248,2.980306,0.002437,,,0.002437,0.002649,3,0,0
u_mand_factor\set00\u_mand_factor_0.3.py,u_mand_factor,0,u_mand_factor,0.3,2,5,5,0.3,0.5,0.7,0.6,0.6,0.7,41.859996,40,13,27.600001,59.799994,13.225715,1,1,1000,0,heuristic_v5b,solved,1,98.676193,41.503186,2.377557,0.002582,,,0.002582,0.003587,3,0,0
u_mand_factor\set00\u_mand_factor_0.4.py,u_mand_factor,0,u_mand_factor,0.4,2,5,5,0.4,0.5,0.7,0.6,0.8,0.6,45.079998,40,13,36.800002,64.399997,17.634287,1,1,1000,0,heuristic_v5b,solved,1,79.823892,44.485061,1.794398,0.002571,,,0.002571,0.002696,3,0,0
u_mand_factor\set00\u_mand_factor_0.5.py,u_mand_factor,0,u_mand_factor,0.5,2,5,5,0.5,0.5,0.7,0.6,1.0,0.5,48.300003,40,13,46.000002,69.000005,22.042858,1,1,1000,0,heuristic_v5b,solved,1,60.294133,47.770172,1.262171,0.002433,,,0.002433,0.002834,3,0,0
u_mand_factor\set00\u_mand_factor_0.6.py,u_mand_factor,0,u_mand_factor,0.6,2,5,5,0.6,0.5,0.7,0.6,1.2,0.4,51.520002,40,13,55.200003,73.600002,26.45143,1,1,1000,0,heuristic_v5b,solved,1,41.427889,51.097819,0.810757,0.003784,,,0.003784,0.003973,3,0,0
u_mand_factor\set00\u_mand_factor_0.7.py,u_mand_factor,0,u_mand_factor,0.7,2,5,5,0.7,0.5,0.7,0.6,1.4,0.3,54.740004,40,13,64.399999,78.200006,30.859999,1,1,1000,0,heuristic_v5b,solved,1,21.647734,54.686618,0.395851,0.003106,,,0.003106,0.003178,3,0,0
u_mand_factor\set00\u_mand_factor_0.8.py,u_mand_factor,0,u_mand_factor,0.8,2,5,5,0.8,0.5,0.7,0.6,1.6,0.2,57.959999,40,13,73.6,82.799999,35.268571,1,1,1000,0,heuristic_v5b,solved,1,1.719853,57.93885,0.029684,0.003979,,,0.003979,0.005185,3,0,0
u_mand_factor\set00\u_mand_factor_0.9.py,u_mand_factor,0,u_mand_factor,0.9,2,5,5,0.9,0.5,0.7,0.6,1.8,0.1,61.180001,40,13,82.8,87.400001,39.677143,1,1,1000,0,heuristic_v5b,infeasible,0,,74.702953,,0.004545,,over budget: E=74.7030 > B=61.1800,0.004545,0.005413,3,0,0
u_mand_factor\set01\u_mand_factor_0.1.py,u_mand_factor,1,u_mand_factor,0.1,2,5,5,0.1,0.5,0.7,0.6,0.2,0.9,35.419998,40,13,9.200001,50.599998,4.286667,1,0,1001,0,heuristic_v5b,solved,1,94.310907,35.33717,2.668887,0.002592,,,0.002592,0.003553,3,0,0
u_mand_factor\set01\u_mand_factor_0.2.py,u_mand_factor,1,u_mand_factor,0.2,2,5,5,0.2,0.5,0.7,0.6,0.4,0.8,38.640004,40,13,18.400001,55.200006,8.573334,1,0,1001,0,heuristic_v5b,solved,1,73.88515,37.654762,1.962173,0.002818,,,0.002818,0.003027,3,0,0
u_mand_factor\set01\u_mand_factor_0.3.py,u_mand_factor,1,u_mand_factor,0.3,2,5,5,0.3,0.5,0.7,0.6,0.6,0.7,41.860003,40,13,27.6,59.800005,12.86,1,1,1001,0,heuristic_v5b,solved,1,52.441086,41.856563,1.252876,0.003272,,,0.003272,0.003318,3,0,0
u_mand_factor\set01\u_mand_factor_0.4.py,u_mand_factor,1,u_mand_factor,0.4,2,5,5,0.4,0.5,0.7,0.6,0.8,0.6,45.079998,40,13,36.800001,64.399998,17.146667,1,1,1001,0,heuristic_v5b,solved,1,47.974943,44.774192,1.071487,0.003151,,,0.003151,0.003479,3,0,0
u_mand_factor\set01\u_mand_factor_0.5.py,u_mand_factor,1,u_mand_factor,0.5,2,5,5,0.5,0.5,0.7,0.6,1.0,0.5,48.300007,40,13,46.000002,69.00001,21.433334,1,1,1001,0,heuristic_v5b,solved,1,39.069917,48.270566,0.809394,0.002962,,,0.002962,0.003098,3,0,0
u_mand_factor\set01\u_mand_factor_0.6.py,u_mand_factor,1,u_mand_factor,0.6,2,5,5,0.6,0.5,0.7,0.6,1.2,0.4,51.519999,40,13,55.200003,73.599999,25.720002,1,1,1001,0,heuristic_v5b,solved,1,23.912902,50.971434,0.469143,0.003289,,,0.003289,0.003433,3,0,0
u_mand_factor\set01\u_mand_factor_0.7.py,u_mand_factor,1,u_mand_factor,0.7,2,5,5,0.7,0.5,0.7,0.6,1.4,0.3,54.740001,40,13,64.399995,78.200001,30.006665,1,1,1001,0,heuristic_v5b,solved,1,4.463216,54.678908,0.081626,0.006547,,,0.006547,0.006767,3,0,0
u_mand_factor\set01\u_mand_factor_0.8.py,u_mand_factor,1,u_mand_factor,0.8,2,5,5,0.8,0.5,0.7,0.6,1.6,0.2,57.960002,40,13,73.600001,82.800003,34.293334,1,1,1001,0,heuristic_v5b,infeasible,0,,64.702339,,0.00414,,over budget: E=64.7023 > B=57.9600,0.00414,0.004176,3,0,0
u_mand_factor\set01\u_mand_factor_0.9.py,u_mand_factor,1,u_mand_factor,0.9,2,5,5,0.9,0.5,0.7,0.6,1.8,0.1,61.179999,40,13,82.800002,87.399999,38.580001,1,1,1001,0,heuristic_v5b,infeasible,0,,76.004568,,0.003744,,over budget: E=76.0046 > B=61.1800,0.003744,0.003945,3,0,0
u_mand_factor\set02\u_mand_factor_0.1.py,u_mand_factor,2,u_mand_factor,0.1,2,5,5,0.1,0.5,0.7,0.6,0.2,0.9,35.420002,40,11,9.200002,50.600003,4.280001,1,0,1002,0,heuristic_v5b,solved,1,140.480047,34.557423,4.065119,0.001427,,,0.001427,0.001619,3,0,0
u_mand_factor\set02\u_mand_factor_0.2.py,u_mand_factor,2,u_mand_factor,0.2,2,5,5,0.2,0.5,0.7,0.6,0.4,0.8,38.639998,40,11,18.4,55.199998,8.56,1,0,1002,0,heuristic_v5b,solved,1,93.375505,38.417822,2.430526,0.00146,,,0.00146,0.001821,3,0,0
u_mand_factor\set02\u_mand_factor_0.3.py,u_mand_factor,2,u_mand_factor,0.3,2,5,5,0.3,0.5,0.7,0.6,0.6,0.7,41.859995,40,11,27.599997,59.799993,12.839998,1,1,1002,0,heuristic_v5b,solved,1,81.953478,40.374977,2.029809,0.001312,,,0.001312,0.001401,3,0,0
u_mand_factor\set02\u_mand_factor_0.4.py,u_mand_factor,2,u_mand_factor,0.4,2,5,5,0.4,0.5,0.7,0.6,0.8,0.6,45.079999,40,11,36.799999,64.399999,17.119999,1,1,1002,0,heuristic_v5b,solved,1,73.212702,44.67385,1.638827,0.001899,,,0.001899,0.001988,3,0,0
u_mand_factor\set02\u_mand_factor_0.5.py,u_mand_factor,2,u_mand_factor,0.5,2,5,5,0.5,0.5,0.7,0.6,1.0,0.5,48.300001,40,11,46.000001,69.000001,21.400001,1,1,1002,0,heuristic_v5b,solved,1,43.807632,47.509133,0.922089,0.001381,,,0.001381,0.002021,3,0,0
u_mand_factor\set02\u_mand_factor_0.6.py,u_mand_factor,2,u_mand_factor,0.6,2,5,5,0.6,0.5,0.7,0.6,1.2,0.4,51.520001,40,11,55.199999,73.600001,25.679999,1,1,1002,0,heuristic_v5b,solved,1,31.802127,50.134067,0.634342,0.001682,,,0.001682,0.001856,3,0,0
u_mand_factor\set02\u_mand_factor_0.7.py,u_mand_factor,2,u_mand_factor,0.7,2,5,5,0.7,0.5,0.7,0.6,1.4,0.3,54.739999,40,11,64.4,78.199999,29.96,1,1,1002,0,heuristic_v5b,solved,1,25.888432,54.566636,0.474437,0.001618,,,0.001618,0.001774,3,0,0
u_mand_factor\set02\u_mand_factor_0.8.py,u_mand_factor,2,u_mand_factor,0.8,2,5,5,0.8,0.5,0.7,0.6,1.6,0.2,57.960001,40,11,73.6,82.800001,34.24,1,1,1002,0,heuristic_v5b,infeasible,0,,60.434286,,0.002765,,over budget: E=60.4343 > B=57.9600,0.002765,0.003024,3,0,0
u_mand_factor\set02\u_mand_factor_0.9.py,u_mand_factor,2,u_mand_factor,0.9,2,5,5,0.9,0.5,0.7,0.6,1.8,0.1,61.180003,40,13,82.8,87.400005,38.58,1,1,1002,2,heuristic_v5b,infeasible,0,,72.630802,,0.003738,,over budget: E=72.6308 > B=61.1800,0.003738,0.003947,3,0,0
u_mand_factor\set03\u_mand_factor_0.1.py,u_mand_factor,3,u_mand_factor,0.1,2,5,5,0.1,0.5,0.7,0.6,0.2,0.9,35.419999,40,10,9.200001,50.599999,4.286667,1,0,1003,0,heuristic_v5b,solved,1,109.876627,30.988571,3.545715,0.001261,,,0.001261,0.001407,3,0,0
u_mand_factor\set03\u_mand_factor_0.2.py,u_mand_factor,3,u_mand_factor,0.2,2,5,5,0.2,0.5,0.7,0.6,0.4,0.8,38.639999,40,10,18.399999,55.199999,8.573333,1,0,1003,0,heuristic_v5b,solved,1,66.541,32.175336,2.068075,0.001453,,,0.001453,0.001525,3,0,0
u_mand_factor\set03\u_mand_factor_0.3.py,u_mand_factor,3,u_mand_factor,0.3,2,5,5,0.3,0.5,0.7,0.6,0.6,0.7,41.860001,40,10,27.6,59.800001,12.86,1,1,1003,0,heuristic_v5b,solved,1,59.990575,41.653574,1.440226,0.001466,,,0.001466,0.001601,3,0,0
u_mand_factor\set03\u_mand_factor_0.4.py,u_mand_factor,3,u_mand_factor,0.4,2,5,5,0.4,0.5,0.7,0.6,0.8,0.6,45.080001,40,10,36.799999,64.400001,17.146666,1,1,1003,0,heuristic_v5b,solved,1,60.697202,44.966227,1.34984,0.001598,,,0.001598,0.001816,3,0,0
u_mand_factor\set03\u_mand_factor_0.5.py,u_mand_factor,3,u_mand_factor,0.5,2,5,5,0.5,0.5,0.7,0.6,1.0,0.5,48.299999,40,10,46.0,68.999999,21.433333,1,1,1003,0,heuristic_v5b,solved,1,64.263979,48.094001,1.336216,0.001732,,,0.001732,0.00179,3,0,0
u_mand_factor\set03\u_mand_factor_0.6.py,u_mand_factor,3,u_mand_factor,0.6,2,5,5,0.6,0.5,0.7,0.6,1.2,0.4,51.519998,40,10,55.199998,73.599997,25.719999,1,1,1003,0,heuristic_v5b,solved,1,45.73314,51.49551,0.8881,0.003304,,,0.003304,0.003399,3,0,0
u_mand_factor\set03\u_mand_factor_0.7.py,u_mand_factor,3,u_mand_factor,0.7,2,5,5,0.7,0.5,0.7,0.6,1.4,0.3,54.739999,40,10,64.399999,78.199999,30.006666,1,1,1003,0,heuristic_v5b,solved,1,13.981229,54.526478,0.256412,0.00193,,,0.00193,0.002336,3,0,0
u_mand_factor\set03\u_mand_factor_0.8.py,u_mand_factor,3,u_mand_factor,0.8,2,5,5,0.8,0.5,0.7,0.6,1.6,0.2,57.959994,40,10,73.599998,82.799991,34.293332,1,1,1003,0,heuristic_v5b,infeasible,0,,58.46205,,0.00184,,over budget: E=58.4620 > B=57.9600,0.00184,0.001958,3,0,0
u_mand_factor\set03\u_mand_factor_0.9.py,u_mand_factor,3,u_mand_factor,0.9,2,5,5,0.9,0.5,0.7,0.6,1.8,0.1,61.180004,40,10,82.799998,87.400006,38.579999,1,1,1003,0,heuristic_v5b,infeasible,0,,76.611463,,0.002441,,over budget: E=76.6115 > B=61.1800,0.002441,0.003018,3,0,0
u_mand_factor\set04\u_mand_factor_0.1.py,u_mand_factor,4,u_mand_factor,0.1,2,5,5,0.1,0.5,0.7,0.6,0.2,0.9,35.420004,40,13,9.200002,50.600006,4.408573,1,0,1004,0,heuristic_v5b,solved,1,102.421137,33.550004,3.052791,0.002048,,,0.002048,0.002204,3,0,0
u_mand_factor\set04\u_mand_factor_0.2.py,u_mand_factor,4,u_mand_factor,0.2,2,5,5,0.2,0.5,0.7,0.6,0.4,0.8,38.639999,40,13,18.399999,55.199999,8.817142,1,0,1004,0,heuristic_v5b,solved,1,96.831311,38.479624,2.516431,0.002501,,,0.002501,0.002599,3,0,0
u_mand_factor\set04\u_mand_factor_0.3.py,u_mand_factor,4,u_mand_factor,0.3,2,5,5,0.3,0.5,0.7,0.6,0.6,0.7,41.860009,40,13,27.600003,59.800013,13.225716,1,1,1004,0,heuristic_v5b,solved,1,83.426381,41.838812,1.993995,0.002437,,,0.002437,0.002531,3,0,0
u_mand_factor\set04\u_mand_factor_0.4.py,u_mand_factor,4,u_mand_factor,0.4,2,5,5,0.4,0.5,0.7,0.6,0.8,0.6,45.079999,40,13,36.800002,64.399999,17.634287,1,1,1004,0,heuristic_v5b,solved,1,68.459905,43.111684,1.587966,0.002262,,,0.002262,0.002804,3,0,0
u_mand_factor\set04\u_mand_factor_0.5.py,u_mand_factor,4,u_mand_factor,0.5,2,5,5,0.5,0.5,0.7,0.6,1.0,0.5,48.3,40,13,46.000002,69.0,22.042858,1,1,1004,0,heuristic_v5b,solved,1,48.593571,48.113555,1.009977,0.003181,,,0.003181,0.003526,3,0,0
u_mand_factor\set04\u_mand_factor_0.6.py,u_mand_factor,4,u_mand_factor,0.6,2,5,5,0.6,0.5,0.7,0.6,1.2,0.4,51.519998,40,13,55.199999,73.599997,26.451428,1,1,1004,0,heuristic_v5b,solved,1,35.266759,51.404738,0.68606,0.002831,,,0.002831,0.003067,3,0,0
u_mand_factor\set04\u_mand_factor_0.7.py,u_mand_factor,4,u_mand_factor,0.7,2,5,5,0.7,0.5,0.7,0.6,1.4,0.3,54.739997,40,13,64.400001,78.199995,30.860001,1,1,1004,0,heuristic_v5b,solved,1,12.040778,54.142526,0.22239,0.002649,,,0.002649,0.002989,3,0,0
u_mand_factor\set04\u_mand_factor_0.8.py,u_mand_factor,4,u_mand_factor,0.8,2,5,5,0.8,0.5,0.7,0.6,1.6,0.2,57.960002,40,13,73.600002,82.800002,35.268573,1,1,1004,0,heuristic_v5b,infeasible,0,,60.274853,,0.003922,,over budget: E=60.2749 > B=57.9600,0.003922,0.004,3,0,0
u_mand_factor\set04\u_mand_factor_0.9.py,u_mand_factor,4,u_mand_factor,0.9,2,5,5,0.9,0.5,0.7,0.6,1.8,0.1,61.180002,40,13,82.800003,87.400002,39.677145,1,1,1004,0,heuristic_v5b,infeasible,0,,76.678243,,0.004828,,over budget: E=76.6782 > B=61.1800,0.004828,0.006019,3,0,0
u_mand_factor\set00\u_mand_factor_0.1.py,u_mand_factor,0,u_mand_factor,0.1,2,5,5,0.1,0.5,0.7,0.6,0.2,0.9,35.420002,40,13,9.200002,50.600002,4.408573,1,0,1000,0,heuristic_v6,solved,1,123.877307,35.216053,3.517637,0.027338,,,0.027338,0.029963,3,0,0
u_mand_factor\set00\u_mand_factor_0.2.py,u_mand_factor,0,u_mand_factor,0.2,2,5,5,0.2,0.5,0.7,0.6,0.4,0.8,38.639999,40,13,18.400001,55.199999,8.817143,1,0,1000,0,heuristic_v6,solved,1,114.775308,38.511248,2.980306,0.026194,,,0.026194,0.028028,3,0,0
u_mand_factor\set00\u_mand_factor_0.3.py,u_mand_factor,0,u_mand_factor,0.3,2,5,5,0.3,0.5,0.7,0.6,0.6,0.7,41.859996,40,13,27.600001,59.799994,13.225715,1,1,1000,0,heuristic_v6,solved,1,98.676193,41.503186,2.377557,0.030017,,,0.030017,0.032936,3,0,0
u_mand_factor\set00\u_mand_factor_0.4.py,u_mand_factor,0,u_mand_factor,0.4,2,5,5,0.4,0.5,0.7,0.6,0.8,0.6,45.079998,40,13,36.800002,64.399997,17.634287,1,1,1000,0,heuristic_v6,solved,1,82.72616,44.301175,1.867358,0.062267,,,0.062267,0.063587,3,0,0
u_mand_factor\set00\u_mand_factor_0.5.py,u_mand_factor,0,u_mand_factor,0.5,2,5,5,0.5,0.5,0.7,0.6,1.0,0.5,48.300003,40,13,46.000002,69.000005,22.042858,1,1,1000,0,heuristic_v6,solved,1,67.365432,47.602778,1.415158,0.064228,,,0.064228,0.068555,3,0,0
u_mand_factor\set00\u_mand_factor_0.6.py,u_mand_factor,0,u_mand_factor,0.6,2,5,5,0.6,0.5,0.7,0.6,1.2,0.4,51.520002,40,13,55.200003,73.600002,26.45143,1,1,1000,0,heuristic_v6,solved,1,48.255904,51.457571,0.93778,0.092036,,,0.092036,0.094682,3,0,0
u_mand_factor\set00\u_mand_factor_0.7.py,u_mand_factor,0,u_mand_factor,0.7,2,5,5,0.7,0.5,0.7,0.6,1.4,0.3,54.740004,40,13,64.399999,78.200006,30.859999,1,1,1000,0,heuristic_v6,solved,1,29.330931,54.701554,0.536199,0.100131,,,0.100131,0.10578,3,0,0
u_mand_factor\set00\u_mand_factor_0.8.py,u_mand_factor,0,u_mand_factor,0.8,2,5,5,0.8,0.5,0.7,0.6,1.6,0.2,57.959999,40,13,73.6,82.799999,35.268571,1,1,1000,0,heuristic_v6,solved,1,7.503149,57.952885,0.12947,0.085511,,,0.085511,0.091097,3,0,0
u_mand_factor\set00\u_mand_factor_0.9.py,u_mand_factor,0,u_mand_factor,0.9,2,5,5,0.9,0.5,0.7,0.6,1.8,0.1,61.180001,40,13,82.8,87.400001,39.677143,1,1,1000,0,heuristic_v6,infeasible,0,,74.698384,,0.014866,,over budget: E=74.6984 > B=61.1800,0.014866,0.016519,3,0,0
u_mand_factor\set01\u_mand_factor_0.1.py,u_mand_factor,1,u_mand_factor,0.1,2,5,5,0.1,0.5,0.7,0.6,0.2,0.9,35.419998,40,13,9.200001,50.599998,4.286667,1,0,1001,0,heuristic_v6,solved,1,95.235298,33.554889,2.838194,0.035215,,,0.035215,0.038106,3,0,0
u_mand_factor\set01\u_mand_factor_0.2.py,u_mand_factor,1,u_mand_factor,0.2,2,5,5,0.2,0.5,0.7,0.6,0.4,0.8,38.640004,40,13,18.400001,55.200006,8.573334,1,0,1001,0,heuristic_v6,solved,1,75.750399,37.494007,2.020334,0.060497,,,0.060497,0.061286,3,0,0
u_mand_factor\set01\u_mand_factor_0.3.py,u_mand_factor,1,u_mand_factor,0.3,2,5,5,0.3,0.5,0.7,0.6,0.6,0.7,41.860003,40,13,27.6,59.800005,12.86,1,1,1001,0,heuristic_v6,solved,1,52.441086,41.856563,1.252876,0.033711,,,0.033711,0.034835,3,0,0
u_mand_factor\set01\u_mand_factor_0.4.py,u_mand_factor,1,u_mand_factor,0.4,2,5,5,0.4,0.5,0.7,0.6,0.8,0.6,45.079998,40,13,36.800001,64.399998,17.146667,1,1,1001,0,heuristic_v6,solved,1,48.006256,44.779082,1.072069,0.072994,,,0.072994,0.074813,3,0,0
u_mand_factor\set01\u_mand_factor_0.5.py,u_mand_factor,1,u_mand_factor,0.5,2,5,5,0.5,0.5,0.7,0.6,1.0,0.5,48.300007,40,13,46.000002,69.00001,21.433334,1,1,1001,0,heuristic_v6,solved,1,44.924209,48.237359,0.931316,0.080268,,,0.080268,0.089418,3,0,0
u_mand_factor\set01\u_mand_factor_0.6.py,u_mand_factor,1,u_mand_factor,0.6,2,5,5,0.6,0.5,0.7,0.6,1.2,0.4,51.519999,40,13,55.200003,73.599999,25.720002,1,1,1001,0,heuristic_v6,solved,1,29.455111,51.420095,0.572833,0.117717,,,0.117717,0.133083,3,0,0
u_mand_factor\set01\u_mand_factor_0.7.py,u_mand_factor,1,u_mand_factor,0.7,2,5,5,0.7,0.5,0.7,0.6,1.4,0.3,54.740001,40,13,64.399995,78.200001,30.006665,1,1,1001,0,heuristic_v6,solved,1,13.208677,54.685163,0.24154,0.093364,,,0.093364,0.100443,3,0,0
u_mand_factor\set01\u_mand_factor_0.8.py,u_mand_factor,1,u_mand_factor,0.8,2,5,5,0.8,0.5,0.7,0.6,1.6,0.2,57.960002,40,13,73.600001,82.800003,34.293334,1,1,1001,0,heuristic_v6,infeasible,0,,62.934894,,0.013769,,over budget: E=62.9349 > B=57.9600,0.013769,0.014556,3,0,0
u_mand_factor\set01\u_mand_factor_0.9.py,u_mand_factor,1,u_mand_factor,0.9,2,5,5,0.9,0.5,0.7,0.6,1.8,0.1,61.179999,40,13,82.800002,87.399999,38.580001,1,1,1001,0,heuristic_v6,infeasible,0,,75.987921,,0.01123,,over budget: E=75.9879 > B=61.1800,0.01123,0.011726,3,0,0
u_mand_factor\set02\u_mand_factor_0.1.py,u_mand_factor,2,u_mand_factor,0.1,2,5,5,0.1,0.5,0.7,0.6,0.2,0.9,35.420002,40,11,9.200002,50.600003,4.280001,1,0,1002,0,heuristic_v6,solved,1,140.480047,34.557423,4.065119,0.011823,,,0.011823,0.013092,3,0,0
u_mand_factor\set02\u_mand_factor_0.2.py,u_mand_factor,2,u_mand_factor,0.2,2,5,5,0.2,0.5,0.7,0.6,0.4,0.8,38.639998,40,11,18.4,55.199998,8.56,1,0,1002,0,heuristic_v6,solved,1,96.062126,33.51959,2.86585,0.01271,,,0.01271,0.01297,3,0,0
u_mand_factor\set02\u_mand_factor_0.3.py,u_mand_factor,2,u_mand_factor,0.3,2,5,5,0.3,0.5,0.7,0.6,0.6,0.7,41.859995,40,11,27.599997,59.799993,12.839998,1,1,1002,0,heuristic_v6,solved,1,86.85486,38.198037,2.273804,0.014366,,,0.014366,0.015202,3,0,0
u_mand_factor\set02\u_mand_factor_0.4.py,u_mand_factor,2,u_mand_factor,0.4,2,5,5,0.4,0.5,0.7,0.6,0.8,0.6,45.079999,40,11,36.799999,64.399999,17.119999,1,1,1002,0,heuristic_v6,solved,1,79.977973,45.013177,1.776768,0.025113,,,0.025113,0.026333,3,0,0
u_mand_factor\set02\u_mand_factor_0.5.py,u_mand_factor,2,u_mand_factor,0.5,2,5,5,0.5,0.5,0.7,0.6,1.0,0.5,48.300001,40,11,46.000001,69.000001,21.400001,1,1,1002,0,heuristic_v6,solved,1,68.404718,46.110381,1.483499,0.023806,,,0.023806,0.025393,3,0,0
u_mand_factor\set02\u_mand_factor_0.6.py,u_mand_factor,2,u_mand_factor,0.6,2,5,5,0.6,0.5,0.7,0.6,1.2,0.4,51.520001,40,11,55.199999,73.600001,25.679999,1,1,1002,0,heuristic_v6,solved,1,47.114229,51.306593,0.918288,0.02341,,,0.02341,0.024275,3,0,0
u_mand_factor\set02\u_mand_factor_0.7.py,u_mand_factor,2,u_mand_factor,0.7,2,5,5,0.7,0.5,0.7,0.6,1.4,0.3,54.739999,40,11,64.4,78.199999,29.96,1,1,1002,0,heuristic_v6,solved,1,31.148733,54.734611,0.569087,0.029994,,,0.029994,0.032338,3,0,0
u_mand_factor\set02\u_mand_factor_0.8.py,u_mand_factor,2,u_mand_factor,0.8,2,5,5,0.8,0.5,0.7,0.6,1.6,0.2,57.960001,40,11,73.6,82.800001,34.24,1,1,1002,0,heuristic_v6,infeasible,0,,63.80898,,0.008787,,over budget: E=63.8090 > B=57.9600,0.008787,0.009183,3,0,0
u_mand_factor\set02\u_mand_factor_0.9.py,u_mand_factor,2,u_mand_factor,0.9,2,5,5,0.9,0.5,0.7,0.6,1.8,0.1,61.180003,40,13,82.8,87.400005,38.58,1,1,1002,2,heuristic_v6,infeasible,0,,72.152404,,0.01172,,over budget: E=72.1524 > B=61.1800,0.01172,0.012285,3,0,0
u_mand_factor\set03\u_mand_factor_0.1.py,u_mand_factor,3,u_mand_factor,0.1,2,5,5,0.1,0.5,0.7,0.6,0.2,0.9,35.419999,40,10,9.200001,50.599999,4.286667,1,0,1003,0,heuristic_v6,solved,1,109.876627,30.988571,3.545715,0.011464,,,0.011464,0.013357,3,0,0
u_mand_factor\set03\u_mand_factor_0.2.py,u_mand_factor,3,u_mand_factor,0.2,2,5,5,0.2,0.5,0.7,0.6,0.4,0.8,38.639999,40,10,18.399999,55.199999,8.573333,1,0,1003,0,heuristic_v6,solved,1,74.251285,33.805714,2.196412,0.024196,,,0.024196,0.026053,3,0,0
u_mand_factor\set03\u_mand_factor_0.3.py,u_mand_factor,3,u_mand_factor,0.3,2,5,5,0.3,0.5,0.7,0.6,0.6,0.7,41.860001,40,10,27.6,59.800001,12.86,1,1,1003,0,heuristic_v6,solved,1,65.416311,34.334212,1.905281,0.023856,,,0.023856,0.025276,3,0,0
u_mand_factor\set03\u_mand_factor_0.4.py,u_mand_factor,3,u_mand_factor,0.4,2,5,5,0.4,0.5,0.7,0.6,0.8,0.6,45.080001,40,10,36.799999,64.400001,17.146666,1,1,1003,0,heuristic_v6,solved,1,65.752299,44.956607,1.462573,0.015962,,,0.015962,0.017429,3,0,0
u_mand_factor\set03\u_mand_factor_0.5.py,u_mand_factor,3,u_mand_factor,0.5,2,5,5,0.5,0.5,0.7,0.6,1.0,0.5,48.299999,40,10,46.0,68.999999,21.433333,1,1,1003,0,heuristic_v6,solved,1,65.507858,47.90385,1.367486,0.034351,,,0.034351,0.035899,3,0,0
u_mand_factor\set03\u_mand_factor_0.6.py,u_mand_factor,3,u_mand_factor,0.6,2,5,5,0.6,0.5,0.7,0.6,1.2,0.4,51.519998,40,10,55.199998,73.599997,25.719999,1,1,1003,0,heuristic_v6,solved,1,45.73314,51.49551,0.8881,0.040788,,,0.040788,0.04471,3,0,0
u_mand_factor\set03\u_mand_factor_0.7.py,u_mand_factor,3,u_mand_factor,0.7,2,5,5,0.7,0.5,0.7,0.6,1.4,0.3,54.739999,40,10,64.399999,78.199999,30.006666,1,1,1003,0,heuristic_v6,solved,1,24.349431,54.732581,0.44488,0.034897,,,0.034897,0.040703,3,0,0
u_mand_factor\set03\u_mand_factor_0.8.py,u_mand_factor,3,u_mand_factor,0.8,2,5,5,0.8,0.5,0.7,0.6,1.6,0.2,57.959994,40,10,73.599998,82.799991,34.293332,1,1,1003,0,heuristic_v6,infeasible,0,,58.46205,,0.004865,,over budget: E=58.4620 > B=57.9600,0.004865,0.005247,3,0,0
u_mand_factor\set03\u_mand_factor_0.9.py,u_mand_factor,3,u_mand_factor,0.9,2,5,5,0.9,0.5,0.7,0.6,1.8,0.1,61.180004,40,10,82.799998,87.400006,38.579999,1,1,1003,0,heuristic_v6,infeasible,0,,76.611463,,0.006228,,over budget: E=76.6115 > B=61.1800,0.006228,0.006763,3,0,0
u_mand_factor\set04\u_mand_factor_0.1.py,u_mand_factor,4,u_mand_factor,0.1,2,5,5,0.1,0.5,0.7,0.6,0.2,0.9,35.420004,40,13,9.200002,50.600006,4.408573,1,0,1004,0,heuristic_v6,solved,1,102.421137,33.550004,3.052791,0.021588,,,0.021588,0.023857,3,0,0
u_mand_factor\set04\u_mand_factor_0.2.py,u_mand_factor,4,u_mand_factor,0.2,2,5,5,0.2,0.5,0.7,0.6,0.4,0.8,38.639999,40,13,18.399999,55.199999,8.817142,1,0,1004,0,heuristic_v6,solved,1,101.898633,35.960667,2.833614,0.025774,,,0.025774,0.028733,3,0,0
u_mand_factor\set04\u_mand_factor_0.3.py,u_mand_factor,4,u_mand_factor,0.3,2,5,5,0.3,0.5,0.7,0.6,0.6,0.7,41.860009,40,13,27.600003,59.800013,13.225716,1,1,1004,0,heuristic_v6,solved,1,87.519658,39.650008,2.207305,0.034288,,,0.034288,0.037845,3,0,0
u_mand_factor\set04\u_mand_factor_0.4.py,u_mand_factor,4,u_mand_factor,0.4,2,5,5,0.4,0.5,0.7,0.6,0.8,0.6,45.079999,40,13,36.800002,64.399999,17.634287,1,1,1004,0,heuristic_v6,solved,1,68.459905,43.111684,1.587966,0.029587,,,0.029587,0.032757,3,0,0
u_mand_factor\set04\u_mand_factor_0.5.py,u_mand_factor,4,u_mand_factor,0.5,2,5,5,0.5,0.5,0.7,0.6,1.0,0.5,48.3,40,13,46.000002,69.0,22.042858,1,1,1004,0,heuristic_v6,solved,1,55.042981,48.021177,1.146223,0.066794,,,0.066794,0.077316,3,0,0
u_mand_factor\set04\u_mand_factor_0.6.py,u_mand_factor,4,u_mand_factor,0.6,2,5,5,0.6,0.5,0.7,0.6,1.2,0.4,51.519998,40,13,55.199999,73.599997,26.451428,1,1,1004,0,heuristic_v6,solved,1,42.665171,51.4211,0.829721,0.073608,,,0.073608,0.078424,3,0,0
u_mand_factor\set04\u_mand_factor_0.7.py,u_mand_factor,4,u_mand_factor,0.7,2,5,5,0.7,0.5,0.7,0.6,1.4,0.3,54.739997,40,13,64.400001,78.199995,30.860001,1,1,1004,0,heuristic_v6,solved,1,23.122661,54.713643,0.422612,0.055844,,,0.055844,0.059068,3,0,0
u_mand_factor\set04\u_mand_factor_0.8.py,u_mand_factor,4,u_mand_factor,0.8,2,5,5,0.8,0.5,0.7,0.6,1.6,0.2,57.960002,40,13,73.600002,82.800002,35.268573,1,1,1004,0,heuristic_v6,infeasible,0,,60.290542,,0.012882,,over budget: E=60.2905 > B=57.9600,0.012882,0.013381,3,0,0
u_mand_factor\set04\u_mand_factor_0.9.py,u_mand_factor,4,u_mand_factor,0.9,2,5,5,0.9,0.5,0.7,0.6,1.8,0.1,61.180002,40,13,82.800003,87.400002,39.677145,1,1,1004,0,heuristic_v6,infeasible,0,,74.918202,,0.012247,,over budget: E=74.9182 > B=61.1800,0.012247,0.012574,3,0,0
u_mand_factor\set00\u_mand_factor_0.1.py,u_mand_factor,0,u_mand_factor,0.1,2,5,5,0.1,0.5,0.7,0.6,0.2,0.9,35.420002,40,13,9.200002,50.600002,4.408573,1,0,1000,0,heuristic_v7,solved,1,123.877307,35.216053,3.517637,0.016993,,,0.016993,0.019766,3,0,0
u_mand_factor\set00\u_mand_factor_0.2.py,u_mand_factor,0,u_mand_factor,0.2,2,5,5,0.2,0.5,0.7,0.6,0.4,0.8,38.639999,40,13,18.400001,55.199999,8.817143,1,0,1000,0,heuristic_v7,solved,1,114.775308,38.511248,2.980306,0.017099,,,0.017099,0.018576,3,0,0
u_mand_factor\set00\u_mand_factor_0.3.py,u_mand_factor,0,u_mand_factor,0.3,2,5,5,0.3,0.5,0.7,0.6,0.6,0.7,41.859996,40,13,27.600001,59.799994,13.225715,1,1,1000,0,heuristic_v7,solved,1,98.676193,41.503186,2.377557,0.021556,,,0.021556,0.022019,3,0,0
u_mand_factor\set00\u_mand_factor_0.4.py,u_mand_factor,0,u_mand_factor,0.4,2,5,5,0.4,0.5,0.7,0.6,0.8,0.6,45.079998,40,13,36.800002,64.399997,17.634287,1,1,1000,0,heuristic_v7,solved,1,82.72616,43.473902,1.902892,0.027545,,,0.027545,0.031377,3,0,0
u_mand_factor\set00\u_mand_factor_0.5.py,u_mand_factor,0,u_mand_factor,0.5,2,5,5,0.5,0.5,0.7,0.6,1.0,0.5,48.300003,40,13,46.000002,69.000005,22.042858,1,1,1000,0,heuristic_v7,solved,1,62.96496,48.296842,1.303708,0.024762,,,0.024762,0.026485,3,0,0
u_mand_factor\set00\u_mand_factor_0.6.py,u_mand_factor,0,u_mand_factor,0.6,2,5,5,0.6,0.5,0.7,0.6,1.2,0.4,51.520002,40,13,55.200003,73.600002,26.45143,1,1,1000,0,heuristic_v7,solved,1,46.555263,51.05176,0.911923,0.039585,,,0.039585,0.044156,3,0,0
u_mand_factor\set00\u_mand_factor_0.7.py,u_mand_factor,0,u_mand_factor,0.7,2,5,5,0.7,0.5,0.7,0.6,1.4,0.3,54.740004,40,13,64.399999,78.200006,30.859999,1,1,1000,0,heuristic_v7,solved,1,27.321735,54.736024,0.499155,0.039256,,,0.039256,0.040752,3,0,0
u_mand_factor\set00\u_mand_factor_0.8.py,u_mand_factor,0,u_mand_factor,0.8,2,5,5,0.8,0.5,0.7,0.6,1.6,0.2,57.959999,40,13,73.6,82.799999,35.268571,1,1,1000,0,heuristic_v7,solved,1,7.393819,57.792914,0.127936,0.037951,,,0.037951,0.040157,3,0,0
u_mand_factor\set00\u_mand_factor_0.9.py,u_mand_factor,0,u_mand_factor,0.9,2,5,5,0.9,0.5,0.7,0.6,1.8,0.1,61.180001,40,13,82.8,87.400001,39.677143,1,1,1000,0,heuristic_v7,infeasible,0,,74.698384,,0.020259,,over budget: E=74.6984 > B=61.1800,0.020259,0.021373,3,0,0
u_mand_factor\set01\u_mand_factor_0.1.py,u_mand_factor,1,u_mand_factor,0.1,2,5,5,0.1,0.5,0.7,0.6,0.2,0.9,35.419998,40,13,9.200001,50.599998,4.286667,1,0,1001,0,heuristic_v7,solved,1,95.235298,33.554889,2.838194,0.020893,,,0.020893,0.023459,3,0,0
u_mand_factor\set01\u_mand_factor_0.2.py,u_mand_factor,1,u_mand_factor,0.2,2,5,5,0.2,0.5,0.7,0.6,0.4,0.8,38.640004,40,13,18.400001,55.200006,8.573334,1,0,1001,0,heuristic_v7,solved,1,73.88515,37.654762,1.962173,0.017828,,,0.017828,0.017954,3,0,0
u_mand_factor\set01\u_mand_factor_0.3.py,u_mand_factor,1,u_mand_factor,0.3,2,5,5,0.3,0.5,0.7,0.6,0.6,0.7,41.860003,40,13,27.6,59.800005,12.86,1,1,1001,0,heuristic_v7,solved,1,52.441086,41.856563,1.252876,0.025322,,,0.025322,0.028606,3,0,0
u_mand_factor\set01\u_mand_factor_0.4.py,u_mand_factor,1,u_mand_factor,0.4,2,5,5,0.4,0.5,0.7,0.6,0.8,0.6,45.079998,40,13,36.800001,64.399998,17.146667,1,1,1001,0,heuristic_v7,solved,1,47.974943,44.774192,1.071487,0.029349,,,0.029349,0.030728,3,0,0
u_mand_factor\set01\u_mand_factor_0.5.py,u_mand_factor,1,u_mand_factor,0.5,2,5,5,0.5,0.5,0.7,0.6,1.0,0.5,48.300007,40,13,46.000002,69.00001,21.433334,1,1,1001,0,heuristic_v7,solved,1,43.629795,48.284373,0.903601,0.048455,,,0.048455,0.051786,3,0,0
u_mand_factor\set01\u_mand_factor_0.6.py,u_mand_factor,1,u_mand_factor,0.6,2,5,5,0.6,0.5,0.7,0.6,1.2,0.4,51.519999,40,13,55.200003,73.599999,25.720002,1,1,1001,0,heuristic_v7,solved,1,27.260489,51.114342,0.533324,0.042232,,,0.042232,0.045266,3,0,0
u_mand_factor\set01\u_mand_factor_0.7.py,u_mand_factor,1,u_mand_factor,0.7,2,5,5,0.7,0.5,0.7,0.6,1.4,0.3,54.740001,40,13,64.399995,78.200001,30.006665,1,1,1001,0,heuristic_v7,solved,1,12.39002,54.705716,0.226485,0.040032,,,0.040032,0.051762,3,0,0
u_mand_factor\set01\u_mand_factor_0.8.py,u_mand_factor,1,u_mand_factor,0.8,2,5,5,0.8,0.5,0.7,0.6,1.6,0.2,57.960002,40,13,73.600001,82.800003,34.293334,1,1,1001,0,heuristic_v7,infeasible,0,,62.934894,,0.025628,,over budget: E=62.9349 > B=57.9600,0.025628,0.033232,3,0,0
u_mand_factor\set01\u_mand_factor_0.9.py,u_mand_factor,1,u_mand_factor,0.9,2,5,5,0.9,0.5,0.7,0.6,1.8,0.1,61.179999,40,13,82.800002,87.399999,38.580001,1,1,1001,0,heuristic_v7,infeasible,0,,75.987921,,0.022919,,over budget: E=75.9879 > B=61.1800,0.022919,0.027815,3,0,0
u_mand_factor\set02\u_mand_factor_0.1.py,u_mand_factor,2,u_mand_factor,0.1,2,5,5,0.1,0.5,0.7,0.6,0.2,0.9,35.420002,40,11,9.200002,50.600003,4.280001,1,0,1002,0,heuristic_v7,solved,1,140.480047,34.557423,4.065119,0.007397,,,0.007397,0.00885,3,0,0
u_mand_factor\set02\u_mand_factor_0.2.py,u_mand_factor,2,u_mand_factor,0.2,2,5,5,0.2,0.5,0.7,0.6,0.4,0.8,38.639998,40,11,18.4,55.199998,8.56,1,0,1002,0,heuristic_v7,solved,1,96.062126,38.570819,2.490539,0.00917,,,0.00917,0.009291,3,0,0
u_mand_factor\set02\u_mand_factor_0.3.py,u_mand_factor,2,u_mand_factor,0.3,2,5,5,0.3,0.5,0.7,0.6,0.6,0.7,41.859995,40,11,27.599997,59.799993,12.839998,1,1,1002,0,heuristic_v7,solved,1,86.85486,38.198037,2.273804,0.010149,,,0.010149,0.010186,3,0,0
u_mand_factor\set02\u_mand_factor_0.4.py,u_mand_factor,2,u_mand_factor,0.4,2,5,5,0.4,0.5,0.7,0.6,0.8,0.6,45.079999,40,11,36.799999,64.399999,17.119999,1,1,1002,0,heuristic_v7,solved,1,78.28548,42.293598,1.851001,0.016636,,,0.016636,0.021487,3,0,0
u_mand_factor\set02\u_mand_factor_0.5.py,u_mand_factor,2,u_mand_factor,0.5,2,5,5,0.5,0.5,0.7,0.6,1.0,0.5,48.300001,40,11,46.000001,69.000001,21.400001,1,1,1002,0,heuristic_v7,solved,1,68.404718,46.110381,1.483499,0.011565,,,0.011565,0.012409,3,0,0
u_mand_factor\set02\u_mand_factor_0.6.py,u_mand_factor,2,u_mand_factor,0.6,2,5,5,0.6,0.5,0.7,0.6,1.2,0.4,51.520001,40,11,55.199999,73.600001,25.679999,1,1,1002,0,heuristic_v7,solved,1,47.114229,51.268836,0.918964,0.015114,,,0.015114,0.01599,3,0,0
u_mand_factor\set02\u_mand_factor_0.7.py,u_mand_factor,2,u_mand_factor,0.7,2,5,5,0.7,0.5,0.7,0.6,1.4,0.3,54.739999,40,11,64.4,78.199999,29.96,1,1,1002,0,heuristic_v7,solved,1,25.888432,54.566636,0.474437,0.017485,,,0.017485,0.017845,3,0,0
u_mand_factor\set02\u_mand_factor_0.8.py,u_mand_factor,2,u_mand_factor,0.8,2,5,5,0.8,0.5,0.7,0.6,1.6,0.2,57.960001,40,11,73.6,82.800001,34.24,1,1,1002,0,heuristic_v7,infeasible,0,,63.80898,,0.012219,,over budget: E=63.8090 > B=57.9600,0.012219,0.013092,3,0,0
u_mand_factor\set02\u_mand_factor_0.9.py,u_mand_factor,2,u_mand_factor,0.9,2,5,5,0.9,0.5,0.7,0.6,1.8,0.1,61.180003,40,13,82.8,87.400005,38.58,1,1,1002,2,heuristic_v7,infeasible,0,,72.152404,,0.018191,,over budget: E=72.1524 > B=61.1800,0.018191,0.02017,3,0,0
u_mand_factor\set03\u_mand_factor_0.1.py,u_mand_factor,3,u_mand_factor,0.1,2,5,5,0.1,0.5,0.7,0.6,0.2,0.9,35.419999,40,10,9.200001,50.599999,4.286667,1,0,1003,0,heuristic_v7,solved,1,109.876627,30.988571,3.545715,0.009614,,,0.009614,0.010114,3,0,0
u_mand_factor\set03\u_mand_factor_0.2.py,u_mand_factor,3,u_mand_factor,0.2,2,5,5,0.2,0.5,0.7,0.6,0.4,0.8,38.639999,40,10,18.399999,55.199999,8.573333,1,0,1003,0,heuristic_v7,solved,1,74.251285,33.805714,2.196412,0.009634,,,0.009634,0.009809,3,0,0
u_mand_factor\set03\u_mand_factor_0.3.py,u_mand_factor,3,u_mand_factor,0.3,2,5,5,0.3,0.5,0.7,0.6,0.6,0.7,41.860001,40,10,27.6,59.800001,12.86,1,1,1003,0,heuristic_v7,solved,1,71.978877,36.622858,1.965409,0.009994,,,0.009994,0.011232,3,0,0
u_mand_factor\set03\u_mand_factor_0.4.py,u_mand_factor,3,u_mand_factor,0.4,2,5,5,0.4,0.5,0.7,0.6,0.8,0.6,45.080001,40,10,36.799999,64.400001,17.146666,1,1,1003,0,heuristic_v7,solved,1,69.44445,44.819757,1.549416,0.009543,,,0.009543,0.010251,3,0,0
u_mand_factor\set03\u_mand_factor_0.5.py,u_mand_factor,3,u_mand_factor,0.5,2,5,5,0.5,0.5,0.7,0.6,1.0,0.5,48.299999,40,10,46.0,68.999999,21.433333,1,1,1003,0,heuristic_v7,solved,1,65.507858,47.90385,1.367486,0.015463,,,0.015463,0.016473,3,0,0
u_mand_factor\set03\u_mand_factor_0.6.py,u_mand_factor,3,u_mand_factor,0.6,2,5,5,0.6,0.5,0.7,0.6,1.2,0.4,51.519998,40,10,55.199998,73.599997,25.719999,1,1,1003,0,heuristic_v7,solved,1,48.709293,51.205463,0.951252,0.018185,,,0.018185,0.019433,3,0,0
u_mand_factor\set03\u_mand_factor_0.7.py,u_mand_factor,3,u_mand_factor,0.7,2,5,5,0.7,0.5,0.7,0.6,1.4,0.3,54.739999,40,10,64.399999,78.199999,30.006666,1,1,1003,0,heuristic_v7,solved,1,23.290004,54.705038,0.425738,0.021665,,,0.021665,0.028694,3,0,0
u_mand_factor\set03\u_mand_factor_0.8.py,u_mand_factor,3,u_mand_factor,0.8,2,5,5,0.8,0.5,0.7,0.6,1.6,0.2,57.959994,40,10,73.599998,82.799991,34.293332,1,1,1003,0,heuristic_v7,infeasible,0,,58.46205,,0.013115,,over budget: E=58.4620 > B=57.9600,0.013115,0.013564,3,0,0
u_mand_factor\set03\u_mand_factor_0.9.py,u_mand_factor,3,u_mand_factor,0.9,2,5,5,0.9,0.5,0.7,0.6,1.8,0.1,61.180004,40,10,82.799998,87.400006,38.579999,1,1,1003,0,heuristic_v7,infeasible,0,,76.611463,,0.014831,,over budget: E=76.6115 > B=61.1800,0.014831,0.015692,3,0,0
u_mand_factor\set04\u_mand_factor_0.1.py,u_mand_factor,4,u_mand_factor,0.1,2,5,5,0.1,0.5,0.7,0.6,0.2,0.9,35.420004,40,13,9.200002,50.600006,4.408573,1,0,1004,0,heuristic_v7,solved,1,102.421137,33.550004,3.052791,0.019329,,,0.019329,0.0203,3,0,0
u_mand_factor\set04\u_mand_factor_0.2.py,u_mand_factor,4,u_mand_factor,0.2,2,5,5,0.2,0.5,0.7,0.6,0.4,0.8,38.639999,40,13,18.399999,55.199999,8.817142,1,0,1004,0,heuristic_v7,solved,1,101.898633,35.960667,2.833614,0.022178,,,0.022178,0.022494,3,0,0
u_mand_factor\set04\u_mand_factor_0.3.py,u_mand_factor,4,u_mand_factor,0.3,2,5,5,0.3,0.5,0.7,0.6,0.6,0.7,41.860009,40,13,27.600003,59.800013,13.225716,1,1,1004,0,heuristic_v7,solved,1,87.519658,39.650008,2.207305,0.016789,,,0.016789,0.018012,3,0,0
u_mand_factor\set04\u_mand_factor_0.4.py,u_mand_factor,4,u_mand_factor,0.4,2,5,5,0.4,0.5,0.7,0.6,0.8,0.6,45.079999,40,13,36.800002,64.399999,17.634287,1,1,1004,0,heuristic_v7,solved,1,68.459905,42.699999,1.603276,0.021244,,,0.021244,0.022454,3,0,0
u_mand_factor\set04\u_mand_factor_0.5.py,u_mand_factor,4,u_mand_factor,0.5,2,5,5,0.5,0.5,0.7,0.6,1.0,0.5,48.3,40,13,46.000002,69.0,22.042858,1,1,1004,0,heuristic_v7,solved,1,52.901529,48.235321,1.096738,0.026071,,,0.026071,0.026818,3,0,0
u_mand_factor\set04\u_mand_factor_0.6.py,u_mand_factor,4,u_mand_factor,0.6,2,5,5,0.6,0.5,0.7,0.6,1.2,0.4,51.519998,40,13,55.199999,73.599997,26.451428,1,1,1004,0,heuristic_v7,solved,1,42.665171,51.4211,0.829721,0.035279,,,0.035279,0.036927,3,0,0
u_mand_factor\set04\u_mand_factor_0.7.py,u_mand_factor,4,u_mand_factor,0.7,2,5,5,0.7,0.5,0.7,0.6,1.4,0.3,54.739997,40,13,64.400001,78.199995,30.860001,1,1,1004,0,heuristic_v7,solved,1,20.316917,54.738509,0.371163,0.029575,,,0.029575,0.032012,3,0,0
u_mand_factor\set04\u_mand_factor_0.8.py,u_mand_factor,4,u_mand_factor,0.8,2,5,5,0.8,0.5,0.7,0.6,1.6,0.2,57.960002,40,13,73.600002,82.800002,35.268573,1,1,1004,0,heuristic_v7,solved,1,2.345343,57.943249,0.040477,0.03279,,,0.03279,0.033756,3,0,0
u_mand_factor\set04\u_mand_factor_0.9.py,u_mand_factor,4,u_mand_factor,0.9,2,5,5,0.9,0.5,0.7,0.6,1.8,0.1,61.180002,40,13,82.800003,87.400002,39.677145,1,1,1004,0,heuristic_v7,infeasible,0,,74.918202,,0.027087,,over budget: E=74.9182 > B=61.1800,0.027087,0.030658,3,0,0
u_mand_factor\set00\u_mand_factor_0.1.py,u_mand_factor,0,u_mand_factor,0.1,2,5,5,0.1,0.5,0.7,0.6,0.2,0.9,35.420002,40,13,9.200002,50.600002,4.408573,1,0,1000,0,heuristic_claudeoptimal,solved,1,123.877307,35.216053,3.517637,0.004803,,,0.004803,0.005959,3,0,0
u_mand_factor\set00\u_mand_factor_0.2.py,u_mand_factor,0,u_mand_factor,0.2,2,5,5,0.2,0.5,0.7,0.6,0.4,0.8,38.639999,40,13,18.400001,55.199999,8.817143,1,0,1000,0,heuristic_claudeoptimal,solved,1,114.775308,38.511248,2.980306,0.004572,,,0.004572,0.004696,3,0,0
u_mand_factor\set00\u_mand_factor_0.3.py,u_mand_factor,0,u_mand_factor,0.3,2,5,5,0.3,0.5,0.7,0.6,0.6,0.7,41.859996,40,13,27.600001,59.799994,13.225715,1,1,1000,0,heuristic_claudeoptimal,solved,1,98.676193,41.503186,2.377557,0.004412,,,0.004412,0.005051,3,0,0
u_mand_factor\set00\u_mand_factor_0.4.py,u_mand_factor,0,u_mand_factor,0.4,2,5,5,0.4,0.5,0.7,0.6,0.8,0.6,45.079998,40,13,36.800002,64.399997,17.634287,1,1,1000,0,heuristic_claudeoptimal,solved,1,79.823892,44.485061,1.794398,0.005318,,,0.005318,0.005675,3,0,0
u_mand_factor\set00\u_mand_factor_0.5.py,u_mand_factor,0,u_mand_factor,0.5,2,5,5,0.5,0.5,0.7,0.6,1.0,0.5,48.300003,40,13,46.000002,69.000005,22.042858,1,1,1000,0,heuristic_claudeoptimal,solved,1,61.204256,47.921683,1.277173,0.005884,,,0.005884,0.006095,3,0,0
u_mand_factor\set00\u_mand_factor_0.6.py,u_mand_factor,0,u_mand_factor,0.6,2,5,5,0.6,0.5,0.7,0.6,1.2,0.4,51.520002,40,13,55.200003,73.600002,26.45143,1,1,1000,0,heuristic_claudeoptimal,solved,1,43.093089,51.513899,0.836533,0.017181,,,0.017181,0.017379,3,0,0
u_mand_factor\set00\u_mand_factor_0.7.py,u_mand_factor,0,u_mand_factor,0.7,2,5,5,0.7,0.5,0.7,0.6,1.4,0.3,54.740004,40,13,64.399999,78.200006,30.859999,1,1,1000,0,heuristic_claudeoptimal,solved,1,25.46861,54.265163,0.469336,0.01719,,,0.01719,0.01822,3,0,0
u_mand_factor\set00\u_mand_factor_0.8.py,u_mand_factor,0,u_mand_factor,0.8,2,5,5,0.8,0.5,0.7,0.6,1.6,0.2,57.959999,40,13,73.6,82.799999,35.268571,1,1,1000,0,heuristic_claudeoptimal,solved,1,1.719853,57.93885,0.029684,0.024389,,,0.024389,0.024817,3,0,0
u_mand_factor\set00\u_mand_factor_0.9.py,u_mand_factor,0,u_mand_factor,0.9,2,5,5,0.9,0.5,0.7,0.6,1.8,0.1,61.180001,40,13,82.8,87.400001,39.677143,1,1,1000,0,heuristic_claudeoptimal,infeasible,0,,74.698384,,0.004195,,over budget: E=74.6984 > B=61.1800,0.004195,0.004376,3,0,0
u_mand_factor\set01\u_mand_factor_0.1.py,u_mand_factor,1,u_mand_factor,0.1,2,5,5,0.1,0.5,0.7,0.6,0.2,0.9,35.419998,40,13,9.200001,50.599998,4.286667,1,0,1001,0,heuristic_claudeoptimal,solved,1,95.235298,34.472808,2.762621,0.006096,,,0.006096,0.007263,3,0,0
u_mand_factor\set01\u_mand_factor_0.2.py,u_mand_factor,1,u_mand_factor,0.2,2,5,5,0.2,0.5,0.7,0.6,0.4,0.8,38.640004,40,13,18.400001,55.200006,8.573334,1,0,1001,0,heuristic_claudeoptimal,solved,1,74.281007,38.5674,1.926005,0.008865,,,0.008865,0.009004,3,0,0
u_mand_factor\set01\u_mand_factor_0.3.py,u_mand_factor,1,u_mand_factor,0.3,2,5,5,0.3,0.5,0.7,0.6,0.6,0.7,41.860003,40,13,27.6,59.800005,12.86,1,1,1001,0,heuristic_claudeoptimal,solved,1,55.275194,41.849262,1.320816,0.006397,,,0.006397,0.006668,3,0,0
u_mand_factor\set01\u_mand_factor_0.4.py,u_mand_factor,1,u_mand_factor,0.4,2,5,5,0.4,0.5,0.7,0.6,0.8,0.6,45.079998,40,13,36.800001,64.399998,17.146667,1,1,1001,0,heuristic_claudeoptimal,solved,1,46.374888,45.029542,1.029877,0.018105,,,0.018105,0.019412,3,0,0
u_mand_factor\set01\u_mand_factor_0.5.py,u_mand_factor,1,u_mand_factor,0.5,2,5,5,0.5,0.5,0.7,0.6,1.0,0.5,48.300007,40,13,46.000002,69.00001,21.433334,1,1,1001,0,heuristic_claudeoptimal,solved,1,39.877901,48.170893,0.827842,0.009437,,,0.009437,0.009477,3,0,0
u_mand_factor\set01\u_mand_factor_0.6.py,u_mand_factor,1,u_mand_factor,0.6,2,5,5,0.6,0.5,0.7,0.6,1.2,0.4,51.519999,40,13,55.200003,73.599999,25.720002,1,1,1001,0,heuristic_claudeoptimal,solved,1,26.548617,51.504749,0.51546,0.047002,,,0.047002,0.049426,3,0,0
u_mand_factor\set01\u_mand_factor_0.7.py,u_mand_factor,1,u_mand_factor,0.7,2,5,5,0.7,0.5,0.7,0.6,1.4,0.3,54.740001,40,13,64.399995,78.200001,30.006665,1,1,1001,0,heuristic_claudeoptimal,solved,1,12.480712,54.690547,0.228206,0.010478,,,0.010478,0.011313,3,0,0
u_mand_factor\set01\u_mand_factor_0.8.py,u_mand_factor,1,u_mand_factor,0.8,2,5,5,0.8,0.5,0.7,0.6,1.6,0.2,57.960002,40,13,73.600001,82.800003,34.293334,1,1,1001,0,heuristic_claudeoptimal,infeasible,0,,62.934894,,0.004012,,over budget: E=62.9349 > B=57.9600,0.004012,0.004168,3,0,0
u_mand_factor\set01\u_mand_factor_0.9.py,u_mand_factor,1,u_mand_factor,0.9,2,5,5,0.9,0.5,0.7,0.6,1.8,0.1,61.179999,40,13,82.800002,87.399999,38.580001,1,1,1001,0,heuristic_claudeoptimal,infeasible,0,,75.987921,,0.003052,,over budget: E=75.9879 > B=61.1800,0.003052,0.003326,3,0,0
u_mand_factor\set02\u_mand_factor_0.1.py,u_mand_factor,2,u_mand_factor,0.1,2,5,5,0.1,0.5,0.7,0.6,0.2,0.9,35.420002,40,11,9.200002,50.600003,4.280001,1,0,1002,0,heuristic_claudeoptimal,solved,1,140.480047,34.557423,4.065119,0.002327,,,0.002327,0.002716,3,0,0
u_mand_factor\set02\u_mand_factor_0.2.py,u_mand_factor,2,u_mand_factor,0.2,2,5,5,0.2,0.5,0.7,0.6,0.4,0.8,38.639998,40,11,18.4,55.199998,8.56,1,0,1002,0,heuristic_claudeoptimal,solved,1,96.062126,38.570819,2.490539,0.002461,,,0.002461,0.002501,3,0,0
u_mand_factor\set02\u_mand_factor_0.3.py,u_mand_factor,2,u_mand_factor,0.3,2,5,5,0.3,0.5,0.7,0.6,0.6,0.7,41.859995,40,11,27.599997,59.799993,12.839998,1,1,1002,0,heuristic_claudeoptimal,solved,1,86.85486,38.198037,2.273804,0.00252,,,0.00252,0.002754,3,0,0
u_mand_factor\set02\u_mand_factor_0.4.py,u_mand_factor,2,u_mand_factor,0.4,2,5,5,0.4,0.5,0.7,0.6,0.8,0.6,45.079999,40,11,36.799999,64.399999,17.119999,1,1,1002,0,heuristic_claudeoptimal,solved,1,71.896484,44.849674,1.603055,0.003838,,,0.003838,0.004182,3,0,0
u_mand_factor\set02\u_mand_factor_0.5.py,u_mand_factor,2,u_mand_factor,0.5,2,5,5,0.5,0.5,0.7,0.6,1.0,0.5,48.300001,40,11,46.000001,69.000001,21.400001,1,1,1002,0,heuristic_claudeoptimal,solved,1,65.644495,48.017426,1.367097,0.002764,,,0.002764,0.002865,3,0,0
u_mand_factor\set02\u_mand_factor_0.6.py,u_mand_factor,2,u_mand_factor,0.6,2,5,5,0.6,0.5,0.7,0.6,1.2,0.4,51.520001,40,11,55.199999,73.600001,25.679999,1,1,1002,0,heuristic_claudeoptimal,solved,1,47.874578,51.156274,0.93585,0.003682,,,0.003682,0.004248,3,0,0
u_mand_factor\set02\u_mand_factor_0.7.py,u_mand_factor,2,u_mand_factor,0.7,2,5,5,0.7,0.5,0.7,0.6,1.4,0.3,54.739999,40,11,64.4,78.199999,29.96,1,1,1002,0,heuristic_claudeoptimal,solved,1,19.369237,54.651659,0.354413,0.007888,,,0.007888,0.008482,3,0,0
u_mand_factor\set02\u_mand_factor_0.8.py,u_mand_factor,2,u_mand_factor,0.8,2,5,5,0.8,0.5,0.7,0.6,1.6,0.2,57.960001,40,11,73.6,82.800001,34.24,1,1,1002,0,heuristic_claudeoptimal,infeasible,0,,63.80898,,0.002865,,over budget: E=63.8090 > B=57.9600,0.002865,0.003073,3,0,0
u_mand_factor\set02\u_mand_factor_0.9.py,u_mand_factor,2,u_mand_factor,0.9,2,5,5,0.9,0.5,0.7,0.6,1.8,0.1,61.180003,40,13,82.8,87.400005,38.58,1,1,1002,2,heuristic_claudeoptimal,infeasible,0,,72.152404,,0.003579,,over budget: E=72.1524 > B=61.1800,0.003579,0.003905,3,0,0
u_mand_factor\set03\u_mand_factor_0.1.py,u_mand_factor,3,u_mand_factor,0.1,2,5,5,0.1,0.5,0.7,0.6,0.2,0.9,35.419999,40,10,9.200001,50.599999,4.286667,1,0,1003,0,heuristic_claudeoptimal,solved,1,109.876627,30.988571,3.545715,0.002262,,,0.002262,0.002395,3,0,0
u_mand_factor\set03\u_mand_factor_0.2.py,u_mand_factor,3,u_mand_factor,0.2,2,5,5,0.2,0.5,0.7,0.6,0.4,0.8,38.639999,40,10,18.399999,55.199999,8.573333,1,0,1003,0,heuristic_claudeoptimal,solved,1,66.541,32.175336,2.068075,0.0032,,,0.0032,0.003486,3,0,0
u_mand_factor\set03\u_mand_factor_0.3.py,u_mand_factor,3,u_mand_factor,0.3,2,5,5,0.3,0.5,0.7,0.6,0.6,0.7,41.860001,40,10,27.6,59.800001,12.86,1,1,1003,0,heuristic_claudeoptimal,solved,1,59.990575,41.653574,1.440226,0.00685,,,0.00685,0.009681,3,0,0
u_mand_factor\set03\u_mand_factor_0.4.py,u_mand_factor,3,u_mand_factor,0.4,2,5,5,0.4,0.5,0.7,0.6,0.8,0.6,45.080001,40,10,36.799999,64.400001,17.146666,1,1,1003,0,heuristic_claudeoptimal,solved,1,62.699738,39.378452,1.592235,0.003126,,,0.003126,0.004056,3,0,0
u_mand_factor\set03\u_mand_factor_0.5.py,u_mand_factor,3,u_mand_factor,0.5,2,5,5,0.5,0.5,0.7,0.6,1.0,0.5,48.299999,40,10,46.0,68.999999,21.433333,1,1,1003,0,heuristic_claudeoptimal,solved,1,64.875848,48.285199,1.343597,0.007662,,,0.007662,0.008318,3,0,0
u_mand_factor\set03\u_mand_factor_0.6.py,u_mand_factor,3,u_mand_factor,0.6,2,5,5,0.6,0.5,0.7,0.6,1.2,0.4,51.519998,40,10,55.199998,73.599997,25.719999,1,1,1003,0,heuristic_claudeoptimal,solved,1,28.672119,51.44528,0.557332,0.006666,,,0.006666,0.007185,3,0,0
u_mand_factor\set03\u_mand_factor_0.7.py,u_mand_factor,3,u_mand_factor,0.7,2,5,5,0.7,0.5,0.7,0.6,1.4,0.3,54.739999,40,10,64.399999,78.199999,30.006666,1,1,1003,0,heuristic_claudeoptimal,solved,1,13.974658,54.720334,0.255383,0.007068,,,0.007068,0.008246,3,0,0
u_mand_factor\set03\u_mand_factor_0.8.py,u_mand_factor,3,u_mand_factor,0.8,2,5,5,0.8,0.5,0.7,0.6,1.6,0.2,57.959994,40,10,73.599998,82.799991,34.293332,1,1,1003,0,heuristic_claudeoptimal,infeasible,0,,58.46205,,0.001951,,over budget: E=58.4620 > B=57.9600,0.001951,0.002303,3,0,0
u_mand_factor\set03\u_mand_factor_0.9.py,u_mand_factor,3,u_mand_factor,0.9,2,5,5,0.9,0.5,0.7,0.6,1.8,0.1,61.180004,40,10,82.799998,87.400006,38.579999,1,1,1003,0,heuristic_claudeoptimal,infeasible,0,,76.611463,,0.002323,,over budget: E=76.6115 > B=61.1800,0.002323,0.002452,3,0,0
u_mand_factor\set04\u_mand_factor_0.1.py,u_mand_factor,4,u_mand_factor,0.1,2,5,5,0.1,0.5,0.7,0.6,0.2,0.9,35.420004,40,13,9.200002,50.600006,4.408573,1,0,1004,0,heuristic_claudeoptimal,solved,1,102.421137,33.550004,3.052791,0.004193,,,0.004193,0.00487,3,0,0
u_mand_factor\set04\u_mand_factor_0.2.py,u_mand_factor,4,u_mand_factor,0.2,2,5,5,0.2,0.5,0.7,0.6,0.4,0.8,38.639999,40,13,18.399999,55.199999,8.817142,1,0,1004,0,heuristic_claudeoptimal,solved,1,101.898633,35.960667,2.833614,0.004416,,,0.004416,0.004794,3,0,0
u_mand_factor\set04\u_mand_factor_0.3.py,u_mand_factor,4,u_mand_factor,0.3,2,5,5,0.3,0.5,0.7,0.6,0.6,0.7,41.860009,40,13,27.600003,59.800013,13.225716,1,1,1004,0,heuristic_claudeoptimal,solved,1,87.519658,39.650008,2.207305,0.004488,,,0.004488,0.005474,3,0,0
u_mand_factor\set04\u_mand_factor_0.4.py,u_mand_factor,4,u_mand_factor,0.4,2,5,5,0.4,0.5,0.7,0.6,0.8,0.6,45.079999,40,13,36.800002,64.399999,17.634287,1,1,1004,0,heuristic_claudeoptimal,solved,1,68.459905,42.699999,1.603276,0.004673,,,0.004673,0.004912,3,0,0
u_mand_factor\set04\u_mand_factor_0.5.py,u_mand_factor,4,u_mand_factor,0.5,2,5,5,0.5,0.5,0.7,0.6,1.0,0.5,48.3,40,13,46.000002,69.0,22.042858,1,1,1004,0,heuristic_claudeoptimal,solved,1,52.901529,48.235321,1.096738,0.011583,,,0.011583,0.01256,3,0,0
u_mand_factor\set04\u_mand_factor_0.6.py,u_mand_factor,4,u_mand_factor,0.6,2,5,5,0.6,0.5,0.7,0.6,1.2,0.4,51.519998,40,13,55.199999,73.599997,26.451428,1,1,1004,0,heuristic_claudeoptimal,solved,1,35.266759,51.404738,0.68606,0.005828,,,0.005828,0.006895,3,0,0
u_mand_factor\set04\u_mand_factor_0.7.py,u_mand_factor,4,u_mand_factor,0.7,2,5,5,0.7,0.5,0.7,0.6,1.4,0.3,54.739997,40,13,64.400001,78.199995,30.860001,1,1,1004,0,heuristic_claudeoptimal,solved,1,14.72428,54.604794,0.269652,0.008262,,,0.008262,0.0095,3,0,0
u_mand_factor\set04\u_mand_factor_0.8.py,u_mand_factor,4,u_mand_factor,0.8,2,5,5,0.8,0.5,0.7,0.6,1.6,0.2,57.960002,40,13,73.600002,82.800002,35.268573,1,1,1004,0,heuristic_claudeoptimal,infeasible,0,,60.290542,,0.003841,,over budget: E=60.2905 > B=57.9600,0.003841,0.004024,3,0,0
u_mand_factor\set04\u_mand_factor_0.9.py,u_mand_factor,4,u_mand_factor,0.9,2,5,5,0.9,0.5,0.7,0.6,1.8,0.1,61.180002,40,13,82.800003,87.400002,39.677145,1,1,1004,0,heuristic_claudeoptimal,infeasible,0,,74.918202,,0.003773,,over budget: E=74.9182 > B=61.1800,0.003773,0.004013,3,0,0
