file,sweep,set,factor,value,n_prc,n_tsk,n_frq,u_mand_factor,u_opt_factor,rho,xi,U_M,U_O,B,H,J,e_mand_fmax,e_full_fmax,e_mand_min,feasible,donate_ok,seed,redraws
u_opt_factor\set00\u_opt_factor_0.1.py,u_opt_factor,0,u_opt_factor,0.1,2,5,5,0.5,0.1,0.7,0.6,1.0,0.1,35.420005,40,13,46.000002,50.600007,22.042858,1,1,1000,0
u_opt_factor\set00\u_opt_factor_0.2.py,u_opt_factor,0,u_opt_factor,0.2,2,5,5,0.5,0.2,0.7,0.6,1.0,0.2,38.640001,40,13,46.000002,55.200001,22.042858,1,1,1000,0
u_opt_factor\set00\u_opt_factor_0.3.py,u_opt_factor,0,u_opt_factor,0.3,2,5,5,0.5,0.3,0.7,0.6,1.0,0.3,41.860002,40,13,46.000002,59.800003,22.042858,1,1,1000,0
u_opt_factor\set00\u_opt_factor_0.4.py,u_opt_factor,0,u_opt_factor,0.4,2,5,5,0.5,0.4,0.7,0.6,1.0,0.4,45.080003,40,13,46.000002,64.400005,22.042858,1,1,1000,0
u_opt_factor\set00\u_opt_factor_0.5.py,u_opt_factor,0,u_opt_factor,0.5,2,5,5,0.5,0.5,0.7,0.6,1.0,0.5,48.300003,40,13,46.000002,69.000005,22.042858,1,1,1000,0
u_opt_factor\set00\u_opt_factor_0.6.py,u_opt_factor,0,u_opt_factor,0.6,2,5,5,0.5,0.6,0.7,0.6,1.0,0.6,51.520002,40,13,46.000002,73.600003,22.042858,1,1,1000,0
u_opt_factor\set00\u_opt_factor_0.7.py,u_opt_factor,0,u_opt_factor,0.7,2,5,5,0.5,0.7,0.7,0.6,1.0,0.7,54.740001,40,13,46.000002,78.200001,22.042858,1,1,1000,0
u_opt_factor\set00\u_opt_factor_0.8.py,u_opt_factor,0,u_opt_factor,0.8,2,5,5,0.5,0.8,0.7,0.6,1.0,0.8,57.960003,40,13,46.000002,82.800005,22.042858,1,1,1000,0
u_opt_factor\set00\u_opt_factor_0.9.py,u_opt_factor,0,u_opt_factor,0.9,2,5,5,0.5,0.9,0.7,0.6,1.0,0.9,61.180003,40,13,46.000002,87.400005,22.042858,1,1,1000,0
u_opt_factor\set01\u_opt_factor_0.1.py,u_opt_factor,1,u_opt_factor,0.1,2,5,5,0.5,0.1,0.7,0.6,1.0,0.1,35.420001,40,13,46.000002,50.600001,21.433334,1,1,1001,0
u_opt_factor\set01\u_opt_factor_0.2.py,u_opt_factor,1,u_opt_factor,0.2,2,5,5,0.5,0.2,0.7,0.6,1.0,0.2,38.640003,40,13,46.000002,55.200005,21.433334,1,1,1001,0
u_opt_factor\set01\u_opt_factor_0.3.py,u_opt_factor,1,u_opt_factor,0.3,2,5,5,0.5,0.3,0.7,0.6,1.0,0.3,41.860002,40,13,46.000002,59.800003,21.433334,1,1,1001,0
u_opt_factor\set01\u_opt_factor_0.4.py,u_opt_factor,1,u_opt_factor,0.4,2,5,5,0.5,0.4,0.7,0.6,1.0,0.4,45.079999,40,13,46.000002,64.399999,21.433334,1,1,1001,0
u_opt_factor\set01\u_opt_factor_0.5.py,u_opt_factor,1,u_opt_factor,0.5,2,5,5,0.5,0.5,0.7,0.6,1.0,0.5,48.300002,40,13,46.000002,69.000003,21.433334,1,1,1001,0
u_opt_factor\set01\u_opt_factor_0.6.py,u_opt_factor,1,u_opt_factor,0.6,2,5,5,0.5,0.6,0.7,0.6,1.0,0.6,51.519998,40,13,46.000002,73.599997,21.433334,1,1,1001,0
u_opt_factor\set01\u_opt_factor_0.7.py,u_opt_factor,1,u_opt_factor,0.7,2,5,5,0.5,0.7,0.7,0.6,1.0,0.7,54.740002,40,13,46.000002,78.200003,21.433334,1,1,1001,0
u_opt_factor\set01\u_opt_factor_0.8.py,u_opt_factor,1,u_opt_factor,0.8,2,5,5,0.5,0.8,0.7,0.6,1.0,0.8,57.959999,40,13,46.000002,82.799999,21.433334,1,1,1001,0
u_opt_factor\set01\u_opt_factor_0.9.py,u_opt_factor,1,u_opt_factor,0.9,2,5,5,0.5,0.9,0.7,0.6,1.0,0.9,61.180001,40,13,46.000002,87.400001,21.433334,1,1,1001,0
u_opt_factor\set02\u_opt_factor_0.1.py,u_opt_factor,2,u_opt_factor,0.1,2,5,5,0.5,0.1,0.7,0.6,1.0,0.1,35.420002,40,11,46.000001,50.600003,21.400001,1,1,1002,0
u_opt_factor\set02\u_opt_factor_0.2.py,u_opt_factor,2,u_opt_factor,0.2,2,5,5,0.5,0.2,0.7,0.6,1.0,0.2,38.639998,40,11,46.000001,55.199998,21.400001,1,1,1002,0
u_opt_factor\set02\u_opt_factor_0.3.py,u_opt_factor,2,u_opt_factor,0.3,2,5,5,0.5,0.3,0.7,0.6,1.0,0.3,41.860002,40,11,46.000001,59.800003,21.400001,1,1,1002,0
u_opt_factor\set02\u_opt_factor_0.4.py,u_opt_factor,2,u_opt_factor,0.4,2,5,5,0.5,0.4,0.7,0.6,1.0,0.4,45.080001,40,11,46.000001,64.400001,21.400001,1,1,1002,0
u_opt_factor\set02\u_opt_factor_0.5.py,u_opt_factor,2,u_opt_factor,0.5,2,5,5,0.5,0.5,0.7,0.6,1.0,0.5,48.299998,40,11,46.000001,68.999997,21.400001,1,1,1002,0
u_opt_factor\set02\u_opt_factor_0.6.py,u_opt_factor,2,u_opt_factor,0.6,2,5,5,0.5,0.6,0.7,0.6,1.0,0.6,51.519998,40,11,46.000001,73.599998,21.400001,1,1,1002,0
u_opt_factor\set02\u_opt_factor_0.7.py,u_opt_factor,2,u_opt_factor,0.7,2,5,5,0.5,0.7,0.7,0.6,1.0,0.7,54.740001,40,11,46.000001,78.200001,21.400001,1,1,1002,0
u_opt_factor\set02\u_opt_factor_0.8.py,u_opt_factor,2,u_opt_factor,0.8,2,5,5,0.5,0.8,0.7,0.6,1.0,0.8,57.96,40,11,46.000001,82.8,21.400001,1,1,1002,0
u_opt_factor\set02\u_opt_factor_0.9.py,u_opt_factor,2,u_opt_factor,0.9,2,5,5,0.5,0.9,0.7,0.6,1.0,0.9,61.180002,40,11,46.000001,87.400002,21.400001,1,1,1002,0
u_opt_factor\set03\u_opt_factor_0.1.py,u_opt_factor,3,u_opt_factor,0.1,2,5,5,0.5,0.1,0.7,0.6,1.0,0.1,35.42,40,10,46.0,50.6,21.433333,1,1,1003,0
u_opt_factor\set03\u_opt_factor_0.2.py,u_opt_factor,3,u_opt_factor,0.2,2,5,5,0.5,0.2,0.7,0.6,1.0,0.2,38.639999,40,10,46.0,55.199999,21.433333,1,1,1003,0
u_opt_factor\set03\u_opt_factor_0.3.py,u_opt_factor,3,u_opt_factor,0.3,2,5,5,0.5,0.3,0.7,0.6,1.0,0.3,41.859999,40,10,46.0,59.799999,21.433333,1,1,1003,0
u_opt_factor\set03\u_opt_factor_0.4.py,u_opt_factor,3,u_opt_factor,0.4,2,5,5,0.5,0.4,0.7,0.6,1.0,0.4,45.08,40,10,46.0,64.4,21.433333,1,1,1003,0
u_opt_factor\set03\u_opt_factor_0.5.py,u_opt_factor,3,u_opt_factor,0.5,2,5,5,0.5,0.5,0.7,0.6,1.0,0.5,48.299999,40,10,46.0,68.999999,21.433333,1,1,1003,0
u_opt_factor\set03\u_opt_factor_0.6.py,u_opt_factor,3,u_opt_factor,0.6,2,5,5,0.5,0.6,0.7,0.6,1.0,0.6,51.520002,40,10,46.0,73.600002,21.433333,1,1,1003,0
u_opt_factor\set03\u_opt_factor_0.7.py,u_opt_factor,3,u_opt_factor,0.7,2,5,5,0.5,0.7,0.7,0.6,1.0,0.7,54.740002,40,10,46.0,78.200003,21.433333,1,1,1003,0
u_opt_factor\set03\u_opt_factor_0.8.py,u_opt_factor,3,u_opt_factor,0.8,2,5,5,0.5,0.8,0.7,0.6,1.0,0.8,57.96,40,10,46.0,82.8,21.433333,1,1,1003,0
u_opt_factor\set03\u_opt_factor_0.9.py,u_opt_factor,3,u_opt_factor,0.9,2,5,5,0.5,0.9,0.7,0.6,1.0,0.9,61.180001,40,10,46.0,87.400001,21.433333,1,1,1003,0
u_opt_factor\set04\u_opt_factor_0.1.py,u_opt_factor,4,u_opt_factor,0.1,2,5,5,0.5,0.1,0.7,0.6,1.0,0.1,35.420001,40,13,46.000002,50.600001,22.042858,1,1,1004,0
u_opt_factor\set04\u_opt_factor_0.2.py,u_opt_factor,4,u_opt_factor,0.2,2,5,5,0.5,0.2,0.7,0.6,1.0,0.2,38.640002,40,13,46.000002,55.200003,22.042858,1,1,1004,0
u_opt_factor\set04\u_opt_factor_0.3.py,u_opt_factor,4,u_opt_factor,0.3,2,5,5,0.5,0.3,0.7,0.6,1.0,0.3,41.860002,40,13,46.000002,59.800002,22.042858,1,1,1004,0
u_opt_factor\set04\u_opt_factor_0.4.py,u_opt_factor,4,u_opt_factor,0.4,2,5,5,0.5,0.4,0.7,0.6,1.0,0.4,45.080005,40,13,46.000002,64.400007,22.042858,1,1,1004,0
u_opt_factor\set04\u_opt_factor_0.5.py,u_opt_factor,4,u_opt_factor,0.5,2,5,5,0.5,0.5,0.7,0.6,1.0,0.5,48.300002,40,13,46.000002,69.000003,22.042858,1,1,1004,0
u_opt_factor\set04\u_opt_factor_0.6.py,u_opt_factor,4,u_opt_factor,0.6,2,5,5,0.5,0.6,0.7,0.6,1.0,0.6,51.520002,40,13,46.000002,73.600003,22.042858,1,1,1004,0
u_opt_factor\set04\u_opt_factor_0.7.py,u_opt_factor,4,u_opt_factor,0.7,2,5,5,0.5,0.7,0.7,0.6,1.0,0.7,54.740002,40,13,46.000002,78.200002,22.042858,1,1,1004,0
u_opt_factor\set04\u_opt_factor_0.8.py,u_opt_factor,4,u_opt_factor,0.8,2,5,5,0.5,0.8,0.7,0.6,1.0,0.8,57.960003,40,13,46.000002,82.800005,22.042858,1,1,1004,0
u_opt_factor\set04\u_opt_factor_0.9.py,u_opt_factor,4,u_opt_factor,0.9,2,5,5,0.5,0.9,0.7,0.6,1.0,0.9,61.180002,40,13,46.000002,87.400003,22.042858,1,1,1004,0
u_opt_factor\set05\u_opt_factor_0.1.py,u_opt_factor,5,u_opt_factor,0.1,2,5,5,0.5,0.1,0.7,0.6,1.0,0.1,35.419998,40,10,46.0,50.599997,24.4,1,1,1005,0
u_opt_factor\set05\u_opt_factor_0.2.py,u_opt_factor,5,u_opt_factor,0.2,2,5,5,0.5,0.2,0.7,0.6,1.0,0.2,38.639999,40,10,46.0,55.199999,24.4,1,1,1005,0
u_opt_factor\set05\u_opt_factor_0.3.py,u_opt_factor,5,u_opt_factor,0.3,2,5,5,0.5,0.3,0.7,0.6,1.0,0.3,41.860002,40,10,46.0,59.800002,24.4,1,1,1005,0
u_opt_factor\set05\u_opt_factor_0.4.py,u_opt_factor,5,u_opt_factor,0.4,2,5,5,0.5,0.4,0.7,0.6,1.0,0.4,45.080002,40,10,46.0,64.400002,24.4,1,1,1005,0
u_opt_factor\set05\u_opt_factor_0.5.py,u_opt_factor,5,u_opt_factor,0.5,2,5,5,0.5,0.5,0.7,0.6,1.0,0.5,48.299999,40,10,46.0,68.999999,24.4,1,1,1005,0
u_opt_factor\set05\u_opt_factor_0.6.py,u_opt_factor,5,u_opt_factor,0.6,2,5,5,0.5,0.6,0.7,0.6,1.0,0.6,51.519999,40,10,46.0,73.599999,24.4,1,1,1005,0
u_opt_factor\set05\u_opt_factor_0.7.py,u_opt_factor,5,u_opt_factor,0.7,2,5,5,0.5,0.7,0.7,0.6,1.0,0.7,54.739998,40,10,46.0,78.199998,24.4,1,1,1005,0
u_opt_factor\set05\u_opt_factor_0.8.py,u_opt_factor,5,u_opt_factor,0.8,2,5,5,0.5,0.8,0.7,0.6,1.0,0.8,57.960001,40,10,46.0,82.800001,24.4,1,1,1005,0
u_opt_factor\set05\u_opt_factor_0.9.py,u_opt_factor,5,u_opt_factor,0.9,2,5,5,0.5,0.9,0.7,0.6,1.0,0.9,61.18,40,10,46.0,87.4,24.4,1,1,1005,0
u_opt_factor\set06\u_opt_factor_0.1.py,u_opt_factor,6,u_opt_factor,0.1,2,5,5,0.5,0.1,0.7,0.6,1.0,0.1,35.420003,40,10,46.000002,50.600005,21.433334,1,1,1006,0
u_opt_factor\set06\u_opt_factor_0.2.py,u_opt_factor,6,u_opt_factor,0.2,2,5,5,0.5,0.2,0.7,0.6,1.0,0.2,38.640002,40,10,46.000002,55.200002,21.433334,1,1,1006,0
u_opt_factor\set06\u_opt_factor_0.3.py,u_opt_factor,6,u_opt_factor,0.3,2,5,5,0.5,0.3,0.7,0.6,1.0,0.3,41.860003,40,10,46.000002,59.800005,21.433334,1,1,1006,0
u_opt_factor\set06\u_opt_factor_0.4.py,u_opt_factor,6,u_opt_factor,0.4,2,5,5,0.5,0.4,0.7,0.6,1.0,0.4,45.08,40,10,46.000002,64.4,21.433334,1,1,1006,0
u_opt_factor\set06\u_opt_factor_0.5.py,u_opt_factor,6,u_opt_factor,0.5,2,5,5,0.5,0.5,0.7,0.6,1.0,0.5,48.300002,40,10,46.000002,69.000002,21.433334,1,1,1006,0
u_opt_factor\set06\u_opt_factor_0.6.py,u_opt_factor,6,u_opt_factor,0.6,2,5,5,0.5,0.6,0.7,0.6,1.0,0.6,51.520002,40,10,46.000002,73.600002,21.433334,1,1,1006,0
u_opt_factor\set06\u_opt_factor_0.7.py,u_opt_factor,6,u_opt_factor,0.7,2,5,5,0.5,0.7,0.7,0.6,1.0,0.7,54.740004,40,10,46.000002,78.200006,21.433334,1,1,1006,0
u_opt_factor\set06\u_opt_factor_0.8.py,u_opt_factor,6,u_opt_factor,0.8,2,5,5,0.5,0.8,0.7,0.6,1.0,0.8,57.960002,40,10,46.000002,82.800003,21.433334,1,1,1006,0
u_opt_factor\set06\u_opt_factor_0.9.py,u_opt_factor,6,u_opt_factor,0.9,2,5,5,0.5,0.9,0.7,0.6,1.0,0.9,61.180001,40,10,46.000002,87.400001,21.433334,1,1,1006,0
u_opt_factor\set07\u_opt_factor_0.1.py,u_opt_factor,7,u_opt_factor,0.1,2,5,5,0.5,0.1,0.7,0.6,1.0,0.1,35.42,40,9,45.999999,50.6,21.399999,1,1,1007,0
u_opt_factor\set07\u_opt_factor_0.2.py,u_opt_factor,7,u_opt_factor,0.2,2,5,5,0.5,0.2,0.7,0.6,1.0,0.2,38.64,40,9,45.999999,55.2,21.399999,1,1,1007,0
u_opt_factor\set07\u_opt_factor_0.3.py,u_opt_factor,7,u_opt_factor,0.3,2,5,5,0.5,0.3,0.7,0.6,1.0,0.3,41.859998,40,9,45.999999,59.799997,21.399999,1,1,1007,0
u_opt_factor\set07\u_opt_factor_0.4.py,u_opt_factor,7,u_opt_factor,0.4,2,5,5,0.5,0.4,0.7,0.6,1.0,0.4,45.079998,40,9,45.999999,64.399998,21.399999,1,1,1007,0
u_opt_factor\set07\u_opt_factor_0.5.py,u_opt_factor,7,u_opt_factor,0.5,2,5,5,0.5,0.5,0.7,0.6,1.0,0.5,48.299998,40,9,45.999999,68.999997,21.399999,1,1,1007,0
u_opt_factor\set07\u_opt_factor_0.6.py,u_opt_factor,7,u_opt_factor,0.6,2,5,5,0.5,0.6,0.7,0.6,1.0,0.6,51.519999,40,9,45.999999,73.599999,21.399999,1,1,1007,0
u_opt_factor\set07\u_opt_factor_0.7.py,u_opt_factor,7,u_opt_factor,0.7,2,5,5,0.5,0.7,0.7,0.6,1.0,0.7,54.740001,40,9,45.999999,78.200001,21.399999,1,1,1007,0
u_opt_factor\set07\u_opt_factor_0.8.py,u_opt_factor,7,u_opt_factor,0.8,2,5,5,0.5,0.8,0.7,0.6,1.0,0.8,57.959998,40,9,45.999999,82.799998,21.399999,1,1,1007,0
u_opt_factor\set07\u_opt_factor_0.9.py,u_opt_factor,7,u_opt_factor,0.9,2,5,5,0.5,0.9,0.7,0.6,1.0,0.9,61.179998,40,9,45.999999,87.399997,21.399999,1,1,1007,0
u_opt_factor\set08\u_opt_factor_0.1.py,u_opt_factor,8,u_opt_factor,0.1,2,5,5,0.5,0.1,0.7,0.6,1.0,0.1,35.420002,40,9,46.000002,50.600002,22.042858,1,1,1008,0
u_opt_factor\set08\u_opt_factor_0.2.py,u_opt_factor,8,u_opt_factor,0.2,2,5,5,0.5,0.2,0.7,0.6,1.0,0.2,38.64,40,9,46.000002,55.2,22.042858,1,1,1008,0
u_opt_factor\set08\u_opt_factor_0.3.py,u_opt_factor,8,u_opt_factor,0.3,2,5,5,0.5,0.3,0.7,0.6,1.0,0.3,41.860002,40,9,46.000002,59.800002,22.042858,1,1,1008,0
u_opt_factor\set08\u_opt_factor_0.4.py,u_opt_factor,8,u_opt_factor,0.4,2,5,5,0.5,0.4,0.7,0.6,1.0,0.4,45.080002,40,9,46.000002,64.400003,22.042858,1,1,1008,0
u_opt_factor\set08\u_opt_factor_0.5.py,u_opt_factor,8,u_opt_factor,0.5,2,5,5,0.5,0.5,0.7,0.6,1.0,0.5,48.3,40,9,46.000002,69.0,22.042858,1,1,1008,0
u_opt_factor\set08\u_opt_factor_0.6.py,u_opt_factor,8,u_opt_factor,0.6,2,5,5,0.5,0.6,0.7,0.6,1.0,0.6,51.520002,40,9,46.000002,73.600002,22.042858,1,1,1008,0
u_opt_factor\set08\u_opt_factor_0.7.py,u_opt_factor,8,u_opt_factor,0.7,2,5,5,0.5,0.7,0.7,0.6,1.0,0.7,54.740002,40,9,46.000002,78.200002,22.042858,1,1,1008,0
u_opt_factor\set08\u_opt_factor_0.8.py,u_opt_factor,8,u_opt_factor,0.8,2,5,5,0.5,0.8,0.7,0.6,1.0,0.8,57.960001,40,9,46.000002,82.800001,22.042858,1,1,1008,0
u_opt_factor\set08\u_opt_factor_0.9.py,u_opt_factor,8,u_opt_factor,0.9,2,5,5,0.5,0.9,0.7,0.6,1.0,0.9,61.180002,40,9,46.000002,87.400002,22.042858,1,1,1008,0
u_opt_factor\set09\u_opt_factor_0.1.py,u_opt_factor,9,u_opt_factor,0.1,2,5,5,0.5,0.1,0.7,0.6,1.0,0.1,35.419997,40,12,45.999999,50.599995,21.399999,1,1,1009,0
u_opt_factor\set09\u_opt_factor_0.2.py,u_opt_factor,9,u_opt_factor,0.2,2,5,5,0.5,0.2,0.7,0.6,1.0,0.2,38.640002,40,12,45.999999,55.200002,21.399999,1,1,1009,0
u_opt_factor\set09\u_opt_factor_0.3.py,u_opt_factor,9,u_opt_factor,0.3,2,5,5,0.5,0.3,0.7,0.6,1.0,0.3,41.859998,40,12,45.999999,59.799997,21.399999,1,1,1009,0
u_opt_factor\set09\u_opt_factor_0.4.py,u_opt_factor,9,u_opt_factor,0.4,2,5,5,0.5,0.4,0.7,0.6,1.0,0.4,45.08,40,12,45.999999,64.4,21.399999,1,1,1009,0
u_opt_factor\set09\u_opt_factor_0.5.py,u_opt_factor,9,u_opt_factor,0.5,2,5,5,0.5,0.5,0.7,0.6,1.0,0.5,48.299997,40,12,45.999999,68.999995,21.399999,1,1,1009,0
u_opt_factor\set09\u_opt_factor_0.6.py,u_opt_factor,9,u_opt_factor,0.6,2,5,5,0.5,0.6,0.7,0.6,1.0,0.6,51.519998,40,12,45.999999,73.599997,21.399999,1,1,1009,0
u_opt_factor\set09\u_opt_factor_0.7.py,u_opt_factor,9,u_opt_factor,0.7,2,5,5,0.5,0.7,0.7,0.6,1.0,0.7,54.739997,40,12,45.999999,78.199995,21.399999,1,1,1009,0
u_opt_factor\set09\u_opt_factor_0.8.py,u_opt_factor,9,u_opt_factor,0.8,2,5,5,0.5,0.8,0.7,0.6,1.0,0.8,57.959998,40,12,45.999999,82.799997,21.399999,1,1,1009,0
u_opt_factor\set09\u_opt_factor_0.9.py,u_opt_factor,9,u_opt_factor,0.9,2,5,5,0.5,0.9,0.7,0.6,1.0,0.9,61.179998,40,12,45.999999,87.399998,21.399999,1,1,1009,0
u_opt_factor\set10\u_opt_factor_0.1.py,u_opt_factor,10,u_opt_factor,0.1,2,5,5,0.5,0.1,0.7,0.6,1.0,0.1,35.42,40,11,45.999998,50.6,21.433332,1,1,1010,0
u_opt_factor\set10\u_opt_factor_0.2.py,u_opt_factor,10,u_opt_factor,0.2,2,5,5,0.5,0.2,0.7,0.6,1.0,0.2,38.639994,40,11,45.999998,55.199991,21.433332,1,1,1010,0
u_opt_factor\set10\u_opt_factor_0.3.py,u_opt_factor,10,u_opt_factor,0.3,2,5,5,0.5,0.3,0.7,0.6,1.0,0.3,41.859998,40,11,45.999998,59.799998,21.433332,1,1,1010,0
u_opt_factor\set10\u_opt_factor_0.4.py,u_opt_factor,10,u_opt_factor,0.4,2,5,5,0.5,0.4,0.7,0.6,1.0,0.4,45.079997,40,11,45.999998,64.399995,21.433332,1,1,1010,0
u_opt_factor\set10\u_opt_factor_0.5.py,u_opt_factor,10,u_opt_factor,0.5,2,5,5,0.5,0.5,0.7,0.6,1.0,0.5,48.299997,40,11,45.999998,68.999995,21.433332,1,1,1010,0
u_opt_factor\set10\u_opt_factor_0.6.py,u_opt_factor,10,u_opt_factor,0.6,2,5,5,0.5,0.6,0.7,0.6,1.0,0.6,51.519998,40,11,45.999998,73.599997,21.433332,1,1,1010,0
u_opt_factor\set10\u_opt_factor_0.7.py,u_opt_factor,10,u_opt_factor,0.7,2,5,5,0.5,0.7,0.7,0.6,1.0,0.7,54.740002,40,11,45.999998,78.200003,21.433332,1,1,1010,0
u_opt_factor\set10\u_opt_factor_0.8.py,u_opt_factor,10,u_opt_factor,0.8,2,5,5,0.5,0.8,0.7,0.6,1.0,0.8,57.959999,40,11,45.999998,82.799999,21.433332,1,1,1010,0
u_opt_factor\set10\u_opt_factor_0.9.py,u_opt_factor,10,u_opt_factor,0.9,2,5,5,0.5,0.9,0.7,0.6,1.0,0.9,61.179996,40,11,45.999998,87.399994,21.433332,1,1,1010,0
u_opt_factor\set11\u_opt_factor_0.1.py,u_opt_factor,11,u_opt_factor,0.1,2,5,5,0.5,0.1,0.7,0.6,1.0,0.1,35.419998,40,10,46.000001,50.599998,21.400001,1,1,1011,0
u_opt_factor\set11\u_opt_factor_0.2.py,u_opt_factor,11,u_opt_factor,0.2,2,5,5,0.5,0.2,0.7,0.6,1.0,0.2,38.640002,40,10,46.000001,55.200003,21.400001,1,1,1011,0
u_opt_factor\set11\u_opt_factor_0.3.py,u_opt_factor,11,u_opt_factor,0.3,2,5,5,0.5,0.3,0.7,0.6,1.0,0.3,41.859998,40,10,46.000001,59.799998,21.400001,1,1,1011,0
u_opt_factor\set11\u_opt_factor_0.4.py,u_opt_factor,11,u_opt_factor,0.4,2,5,5,0.5,0.4,0.7,0.6,1.0,0.4,45.08,40,10,46.000001,64.4,21.400001,1,1,1011,0
u_opt_factor\set11\u_opt_factor_0.5.py,u_opt_factor,11,u_opt_factor,0.5,2,5,5,0.5,0.5,0.7,0.6,1.0,0.5,48.299999,40,10,46.000001,68.999999,21.400001,1,1,1011,0
u_opt_factor\set11\u_opt_factor_0.6.py,u_opt_factor,11,u_opt_factor,0.6,2,5,5,0.5,0.6,0.7,0.6,1.0,0.6,51.520003,40,10,46.000001,73.600005,21.400001,1,1,1011,0
u_opt_factor\set11\u_opt_factor_0.7.py,u_opt_factor,11,u_opt_factor,0.7,2,5,5,0.5,0.7,0.7,0.6,1.0,0.7,54.739999,40,10,46.000001,78.199999,21.400001,1,1,1011,0
u_opt_factor\set11\u_opt_factor_0.8.py,u_opt_factor,11,u_opt_factor,0.8,2,5,5,0.5,0.8,0.7,0.6,1.0,0.8,57.960001,40,10,46.000001,82.800001,21.400001,1,1,1011,0
u_opt_factor\set11\u_opt_factor_0.9.py,u_opt_factor,11,u_opt_factor,0.9,2,5,5,0.5,0.9,0.7,0.6,1.0,0.9,61.179999,40,10,46.000001,87.399999,21.400001,1,1,1011,0
u_opt_factor\set12\u_opt_factor_0.1.py,u_opt_factor,12,u_opt_factor,0.1,2,5,5,0.5,0.1,0.7,0.6,1.0,0.1,35.419999,40,11,46.000001,50.599999,21.400001,1,1,1012,0
u_opt_factor\set12\u_opt_factor_0.2.py,u_opt_factor,12,u_opt_factor,0.2,2,5,5,0.5,0.2,0.7,0.6,1.0,0.2,38.639999,40,11,46.000001,55.199999,21.400001,1,1,1012,0
u_opt_factor\set12\u_opt_factor_0.3.py,u_opt_factor,12,u_opt_factor,0.3,2,5,5,0.5,0.3,0.7,0.6,1.0,0.3,41.860006,40,11,46.000001,59.800008,21.400001,1,1,1012,0
u_opt_factor\set12\u_opt_factor_0.4.py,u_opt_factor,12,u_opt_factor,0.4,2,5,5,0.5,0.4,0.7,0.6,1.0,0.4,45.080002,40,11,46.000001,64.400002,21.400001,1,1,1012,0
u_opt_factor\set12\u_opt_factor_0.5.py,u_opt_factor,12,u_opt_factor,0.5,2,5,5,0.5,0.5,0.7,0.6,1.0,0.5,48.300002,40,11,46.000001,69.000002,21.400001,1,1,1012,0
u_opt_factor\set12\u_opt_factor_0.6.py,u_opt_factor,12,u_opt_factor,0.6,2,5,5,0.5,0.6,0.7,0.6,1.0,0.6,51.52,40,11,46.000001,73.6,21.400001,1,1,1012,0
u_opt_factor\set12\u_opt_factor_0.7.py,u_opt_factor,12,u_opt_factor,0.7,2,5,5,0.5,0.7,0.7,0.6,1.0,0.7,54.739998,40,11,46.000001,78.199998,21.400001,1,1,1012,0
u_opt_factor\set12\u_opt_factor_0.8.py,u_opt_factor,12,u_opt_factor,0.8,2,5,5,0.5,0.8,0.7,0.6,1.0,0.8,57.960002,40,11,46.000001,82.800002,21.400001,1,1,1012,0
u_opt_factor\set12\u_opt_factor_0.9.py,u_opt_factor,12,u_opt_factor,0.9,2,5,5,0.5,0.9,0.7,0.6,1.0,0.9,61.180003,40,11,46.000001,87.400005,21.400001,1,1,1012,0
u_opt_factor\set13\u_opt_factor_0.1.py,u_opt_factor,13,u_opt_factor,0.1,2,5,5,0.5,0.1,0.7,0.6,1.0,0.1,35.419997,40,13,46.0,50.599995,21.4,1,1,1013,0
u_opt_factor\set13\u_opt_factor_0.2.py,u_opt_factor,13,u_opt_factor,0.2,2,5,5,0.5,0.2,0.7,0.6,1.0,0.2,38.639996,40,13,46.0,55.199994,21.4,1,1,1013,0
u_opt_factor\set13\u_opt_factor_0.3.py,u_opt_factor,13,u_opt_factor,0.3,2,5,5,0.5,0.3,0.7,0.6,1.0,0.3,41.859999,40,13,46.0,59.799999,21.4,1,1,1013,0
u_opt_factor\set13\u_opt_factor_0.4.py,u_opt_factor,13,u_opt_factor,0.4,2,5,5,0.5,0.4,0.7,0.6,1.0,0.4,45.08,40,13,46.0,64.4,21.4,1,1,1013,0
u_opt_factor\set13\u_opt_factor_0.5.py,u_opt_factor,13,u_opt_factor,0.5,2,5,5,0.5,0.5,0.7,0.6,1.0,0.5,48.3,40,13,46.0,69.0,21.4,1,1,1013,0
u_opt_factor\set13\u_opt_factor_0.6.py,u_opt_factor,13,u_opt_factor,0.6,2,5,5,0.5,0.6,0.7,0.6,1.0,0.6,51.519999,40,13,46.0,73.599999,21.4,1,1,1013,0
u_opt_factor\set13\u_opt_factor_0.7.py,u_opt_factor,13,u_opt_factor,0.7,2,5,5,0.5,0.7,0.7,0.6,1.0,0.7,54.739999,40,13,46.0,78.199999,21.4,1,1,1013,0
u_opt_factor\set13\u_opt_factor_0.8.py,u_opt_factor,13,u_opt_factor,0.8,2,5,5,0.5,0.8,0.7,0.6,1.0,0.8,57.96,40,13,46.0,82.8,21.4,1,1,1013,0
u_opt_factor\set13\u_opt_factor_0.9.py,u_opt_factor,13,u_opt_factor,0.9,2,5,5,0.5,0.9,0.7,0.6,1.0,0.9,61.18,40,13,46.0,87.4,21.4,1,1,1013,0
u_opt_factor\set14\u_opt_factor_0.1.py,u_opt_factor,14,u_opt_factor,0.1,2,5,5,0.5,0.1,0.7,0.6,1.0,0.1,35.419998,40,10,46.0,50.599998,21.433333,1,1,1014,0
u_opt_factor\set14\u_opt_factor_0.2.py,u_opt_factor,14,u_opt_factor,0.2,2,5,5,0.5,0.2,0.7,0.6,1.0,0.2,38.639998,40,10,46.0,55.199997,21.433333,1,1,1014,0
u_opt_factor\set14\u_opt_factor_0.3.py,u_opt_factor,14,u_opt_factor,0.3,2,5,5,0.5,0.3,0.7,0.6,1.0,0.3,41.860001,40,10,46.0,59.800001,21.433333,1,1,1014,0
u_opt_factor\set14\u_opt_factor_0.4.py,u_opt_factor,14,u_opt_factor,0.4,2,5,5,0.5,0.4,0.7,0.6,1.0,0.4,45.080001,40,10,46.0,64.400001,21.433333,1,1,1014,0
u_opt_factor\set14\u_opt_factor_0.5.py,u_opt_factor,14,u_opt_factor,0.5,2,5,5,0.5,0.5,0.7,0.6,1.0,0.5,48.299999,40,10,46.0,68.999999,21.433333,1,1,1014,0
u_opt_factor\set14\u_opt_factor_0.6.py,u_opt_factor,14,u_opt_factor,0.6,2,5,5,0.5,0.6,0.7,0.6,1.0,0.6,51.519998,40,10,46.0,73.599997,21.433333,1,1,1014,0
u_opt_factor\set14\u_opt_factor_0.7.py,u_opt_factor,14,u_opt_factor,0.7,2,5,5,0.5,0.7,0.7,0.6,1.0,0.7,54.74,40,10,46.0,78.2,21.433333,1,1,1014,0
u_opt_factor\set14\u_opt_factor_0.8.py,u_opt_factor,14,u_opt_factor,0.8,2,5,5,0.5,0.8,0.7,0.6,1.0,0.8,57.960001,40,10,46.0,82.800001,21.433333,1,1,1014,0
u_opt_factor\set14\u_opt_factor_0.9.py,u_opt_factor,14,u_opt_factor,0.9,2,5,5,0.5,0.9,0.7,0.6,1.0,0.9,61.18,40,10,46.0,87.4,21.433333,1,1,1014,0
u_opt_factor\set15\u_opt_factor_0.1.py,u_opt_factor,15,u_opt_factor,0.1,2,5,5,0.5,0.1,0.7,0.6,1.0,0.1,35.419998,40,11,45.999999,50.599998,21.999999,1,1,1015,0
u_opt_factor\set15\u_opt_factor_0.2.py,u_opt_factor,15,u_opt_factor,0.2,2,5,5,0.5,0.2,0.7,0.6,1.0,0.2,38.64,40,11,45.999999,55.2,21.999999,1,1,1015,0
u_opt_factor\set15\u_opt_factor_0.3.py,u_opt_factor,15,u_opt_factor,0.3,2,5,5,0.5,0.3,0.7,0.6,1.0,0.3,41.859999,40,11,45.999999,59.799999,21.999999,1,1,1015,0
u_opt_factor\set15\u_opt_factor_0.4.py,u_opt_factor,15,u_opt_factor,0.4,2,5,5,0.5,0.4,0.7,0.6,1.0,0.4,45.08,40,11,45.999999,64.4,21.999999,1,1,1015,0
u_opt_factor\set15\u_opt_factor_0.5.py,u_opt_factor,15,u_opt_factor,0.5,2,5,5,0.5,0.5,0.7,0.6,1.0,0.5,48.300002,40,11,45.999999,69.000003,21.999999,1,1,1015,0
u_opt_factor\set15\u_opt_factor_0.6.py,u_opt_factor,15,u_opt_factor,0.6,2,5,5,0.5,0.6,0.7,0.6,1.0,0.6,51.519996,40,11,45.999999,73.599994,21.999999,1,1,1015,0
u_opt_factor\set15\u_opt_factor_0.7.py,u_opt_factor,15,u_opt_factor,0.7,2,5,5,0.5,0.7,0.7,0.6,1.0,0.7,54.739998,40,11,45.999999,78.199998,21.999999,1,1,1015,0
u_opt_factor\set15\u_opt_factor_0.8.py,u_opt_factor,15,u_opt_factor,0.8,2,5,5,0.5,0.8,0.7,0.6,1.0,0.8,57.959998,40,11,45.999999,82.799998,21.999999,1,1,1015,0
u_opt_factor\set15\u_opt_factor_0.9.py,u_opt_factor,15,u_opt_factor,0.9,2,5,5,0.5,0.9,0.7,0.6,1.0,0.9,61.179999,40,11,45.999999,87.399999,21.999999,1,1,1015,0
u_opt_factor\set16\u_opt_factor_0.1.py,u_opt_factor,16,u_opt_factor,0.1,2,5,5,0.5,0.1,0.7,0.6,1.0,0.1,35.419998,40,9,45.999999,50.599998,23.00909,1,1,1016,0
u_opt_factor\set16\u_opt_factor_0.2.py,u_opt_factor,16,u_opt_factor,0.2,2,5,5,0.5,0.2,0.7,0.6,1.0,0.2,38.640001,40,9,45.999999,55.200001,23.00909,1,1,1016,0
u_opt_factor\set16\u_opt_factor_0.3.py,u_opt_factor,16,u_opt_factor,0.3,2,5,5,0.5,0.3,0.7,0.6,1.0,0.3,41.859999,40,9,45.999999,59.799999,23.00909,1,1,1016,0
u_opt_factor\set16\u_opt_factor_0.4.py,u_opt_factor,16,u_opt_factor,0.4,2,5,5,0.5,0.4,0.7,0.6,1.0,0.4,45.08,40,9,45.999999,64.4,23.00909,1,1,1016,0
u_opt_factor\set16\u_opt_factor_0.5.py,u_opt_factor,16,u_opt_factor,0.5,2,5,5,0.5,0.5,0.7,0.6,1.0,0.5,48.299998,40,9,45.999999,68.999997,23.00909,1,1,1016,0
u_opt_factor\set16\u_opt_factor_0.6.py,u_opt_factor,16,u_opt_factor,0.6,2,5,5,0.5,0.6,0.7,0.6,1.0,0.6,51.520002,40,9,45.999999,73.600002,23.00909,1,1,1016,0
u_opt_factor\set16\u_opt_factor_0.7.py,u_opt_factor,16,u_opt_factor,0.7,2,5,5,0.5,0.7,0.7,0.6,1.0,0.7,54.739996,40,9,45.999999,78.199994,23.00909,1,1,1016,0
u_opt_factor\set16\u_opt_factor_0.8.py,u_opt_factor,16,u_opt_factor,0.8,2,5,5,0.5,0.8,0.7,0.6,1.0,0.8,57.959999,40,9,45.999999,82.799999,23.00909,1,1,1016,0
u_opt_factor\set16\u_opt_factor_0.9.py,u_opt_factor,16,u_opt_factor,0.9,2,5,5,0.5,0.9,0.7,0.6,1.0,0.9,61.179998,40,9,45.999999,87.399998,23.00909,1,1,1016,0
u_opt_factor\set17\u_opt_factor_0.1.py,u_opt_factor,17,u_opt_factor,0.1,2,5,5,0.5,0.1,0.7,0.6,1.0,0.1,35.419998,40,13,46.000002,50.599998,21.433334,1,1,1017,0
u_opt_factor\set17\u_opt_factor_0.2.py,u_opt_factor,17,u_opt_factor,0.2,2,5,5,0.5,0.2,0.7,0.6,1.0,0.2,38.640003,40,13,46.000002,55.200005,21.433334,1,1,1017,0
u_opt_factor\set17\u_opt_factor_0.3.py,u_opt_factor,17,u_opt_factor,0.3,2,5,5,0.5,0.3,0.7,0.6,1.0,0.3,41.86,40,13,46.000002,59.8,21.433334,1,1,1017,0
u_opt_factor\set17\u_opt_factor_0.4.py,u_opt_factor,17,u_opt_factor,0.4,2,5,5,0.5,0.4,0.7,0.6,1.0,0.4,45.080003,40,13,46.000002,64.400005,21.433334,1,1,1017,0
u_opt_factor\set17\u_opt_factor_0.5.py,u_opt_factor,17,u_opt_factor,0.5,2,5,5,0.5,0.5,0.7,0.6,1.0,0.5,48.300002,40,13,46.000002,69.000002,21.433334,1,1,1017,0
u_opt_factor\set17\u_opt_factor_0.6.py,u_opt_factor,17,u_opt_factor,0.6,2,5,5,0.5,0.6,0.7,0.6,1.0,0.6,51.519999,40,13,46.000002,73.599999,21.433334,1,1,1017,0
u_opt_factor\set17\u_opt_factor_0.7.py,u_opt_factor,17,u_opt_factor,0.7,2,5,5,0.5,0.7,0.7,0.6,1.0,0.7,54.739999,40,13,46.000002,78.199999,21.433334,1,1,1017,0
u_opt_factor\set17\u_opt_factor_0.8.py,u_opt_factor,17,u_opt_factor,0.8,2,5,5,0.5,0.8,0.7,0.6,1.0,0.8,57.960002,40,13,46.000002,82.800003,21.433334,1,1,1017,0
u_opt_factor\set17\u_opt_factor_0.9.py,u_opt_factor,17,u_opt_factor,0.9,2,5,5,0.5,0.9,0.7,0.6,1.0,0.9,61.180002,40,13,46.000002,87.400003,21.433334,1,1,1017,0
u_opt_factor\set18\u_opt_factor_0.1.py,u_opt_factor,18,u_opt_factor,0.1,2,5,5,0.5,0.1,0.7,0.6,1.0,0.1,35.420002,40,10,46.000003,50.600002,22.042859,1,1,1018,0
u_opt_factor\set18\u_opt_factor_0.2.py,u_opt_factor,18,u_opt_factor,0.2,2,5,5,0.5,0.2,0.7,0.6,1.0,0.2,38.640003,40,10,46.000003,55.200005,22.042859,1,1,1018,0
u_opt_factor\set18\u_opt_factor_0.3.py,u_opt_factor,18,u_opt_factor,0.3,2,5,5,0.5,0.3,0.7,0.6,1.0,0.3,41.860006,40,10,46.000003,59.800008,22.042859,1,1,1018,0
u_opt_factor\set18\u_opt_factor_0.4.py,u_opt_factor,18,u_opt_factor,0.4,2,5,5,0.5,0.4,0.7,0.6,1.0,0.4,45.080004,40,10,46.000003,64.400006,22.042859,1,1,1018,0
u_opt_factor\set18\u_opt_factor_0.5.py,u_opt_factor,18,u_opt_factor,0.5,2,5,5,0.5,0.5,0.7,0.6,1.0,0.5,48.300003,40,10,46.000003,69.000005,22.042859,1,1,1018,0
u_opt_factor\set18\u_opt_factor_0.6.py,u_opt_factor,18,u_opt_factor,0.6,2,5,5,0.5,0.6,0.7,0.6,1.0,0.6,51.520005,40,10,46.000003,73.600007,22.042859,1,1,1018,0
u_opt_factor\set18\u_opt_factor_0.7.py,u_opt_factor,18,u_opt_factor,0.7,2,5,5,0.5,0.7,0.7,0.6,1.0,0.7,54.740001,40,10,46.000003,78.200001,22.042859,1,1,1018,0
u_opt_factor\set18\u_opt_factor_0.8.py,u_opt_factor,18,u_opt_factor,0.8,2,5,5,0.5,0.8,0.7,0.6,1.0,0.8,57.960002,40,10,46.000003,82.800003,22.042859,1,1,1018,0
u_opt_factor\set18\u_opt_factor_0.9.py,u_opt_factor,18,u_opt_factor,0.9,2,5,5,0.5,0.9,0.7,0.6,1.0,0.9,61.18,40,10,46.000003,87.4,22.042859,1,1,1018,0
u_opt_factor\set19\u_opt_factor_0.1.py,u_opt_factor,19,u_opt_factor,0.1,2,5,5,0.5,0.1,0.7,0.6,1.0,0.1,35.42,40,9,46.0,50.6,21.433333,1,1,1019,0
u_opt_factor\set19\u_opt_factor_0.2.py,u_opt_factor,19,u_opt_factor,0.2,2,5,5,0.5,0.2,0.7,0.6,1.0,0.2,38.64,40,9,46.0,55.2,21.433333,1,1,1019,0
u_opt_factor\set19\u_opt_factor_0.3.py,u_opt_factor,19,u_opt_factor,0.3,2,5,5,0.5,0.3,0.7,0.6,1.0,0.3,41.860001,40,9,46.0,59.800001,21.433333,1,1,1019,0
u_opt_factor\set19\u_opt_factor_0.4.py,u_opt_factor,19,u_opt_factor,0.4,2,5,5,0.5,0.4,0.7,0.6,1.0,0.4,45.080001,40,9,46.0,64.400001,21.433333,1,1,1019,0
u_opt_factor\set19\u_opt_factor_0.5.py,u_opt_factor,19,u_opt_factor,0.5,2,5,5,0.5,0.5,0.7,0.6,1.0,0.5,48.299999,40,9,46.0,68.999999,21.433333,1,1,1019,0
u_opt_factor\set19\u_opt_factor_0.6.py,u_opt_factor,19,u_opt_factor,0.6,2,5,5,0.5,0.6,0.7,0.6,1.0,0.6,51.519999,40,9,46.0,73.599999,21.433333,1,1,1019,0
u_opt_factor\set19\u_opt_factor_0.7.py,u_opt_factor,19,u_opt_factor,0.7,2,5,5,0.5,0.7,0.7,0.6,1.0,0.7,54.740001,40,9,46.0,78.200001,21.433333,1,1,1019,0
u_opt_factor\set19\u_opt_factor_0.8.py,u_opt_factor,19,u_opt_factor,0.8,2,5,5,0.5,0.8,0.7,0.6,1.0,0.8,57.96,40,9,46.0,82.8,21.433333,1,1,1019,0
u_opt_factor\set19\u_opt_factor_0.9.py,u_opt_factor,19,u_opt_factor,0.9,2,5,5,0.5,0.9,0.7,0.6,1.0,0.9,61.18,40,9,46.0,87.4,21.433333,1,1,1019,0
u_opt_factor\set20\u_opt_factor_0.1.py,u_opt_factor,20,u_opt_factor,0.1,2,5,5,0.5,0.1,0.7,0.6,1.0,0.1,35.420001,40,13,45.999999,50.600001,22.042857,1,1,1020,0
u_opt_factor\set20\u_opt_factor_0.2.py,u_opt_factor,20,u_opt_factor,0.2,2,5,5,0.5,0.2,0.7,0.6,1.0,0.2,38.640001,40,13,45.999999,55.200001,22.042857,1,1,1020,0
u_opt_factor\set20\u_opt_factor_0.3.py,u_opt_factor,20,u_opt_factor,0.3,2,5,5,0.5,0.3,0.7,0.6,1.0,0.3,41.859999,40,13,45.999999,59.799999,22.042857,1,1,1020,0
u_opt_factor\set20\u_opt_factor_0.4.py,u_opt_factor,20,u_opt_factor,0.4,2,5,5,0.5,0.4,0.7,0.6,1.0,0.4,45.08,40,13,45.999999,64.4,22.042857,1,1,1020,0
u_opt_factor\set20\u_opt_factor_0.5.py,u_opt_factor,20,u_opt_factor,0.5,2,5,5,0.5,0.5,0.7,0.6,1.0,0.5,48.300002,40,13,45.999999,69.000002,22.042857,1,1,1020,0
u_opt_factor\set20\u_opt_factor_0.6.py,u_opt_factor,20,u_opt_factor,0.6,2,5,5,0.5,0.6,0.7,0.6,1.0,0.6,51.520002,40,13,45.999999,73.600002,22.042857,1,1,1020,0
u_opt_factor\set20\u_opt_factor_0.7.py,u_opt_factor,20,u_opt_factor,0.7,2,5,5,0.5,0.7,0.7,0.6,1.0,0.7,54.74,40,13,45.999999,78.2,22.042857,1,1,1020,0
u_opt_factor\set20\u_opt_factor_0.8.py,u_opt_factor,20,u_opt_factor,0.8,2,5,5,0.5,0.8,0.7,0.6,1.0,0.8,57.959998,40,13,45.999999,82.799997,22.042857,1,1,1020,0
u_opt_factor\set20\u_opt_factor_0.9.py,u_opt_factor,20,u_opt_factor,0.9,2,5,5,0.5,0.9,0.7,0.6,1.0,0.9,61.179998,40,13,45.999999,87.399998,22.042857,1,1,1020,0
u_opt_factor\set21\u_opt_factor_0.1.py,u_opt_factor,21,u_opt_factor,0.1,2,5,5,0.5,0.1,0.7,0.6,1.0,0.1,35.42,40,10,45.999999,50.6,21.399999,1,1,1021,0
u_opt_factor\set21\u_opt_factor_0.2.py,u_opt_factor,21,u_opt_factor,0.2,2,5,5,0.5,0.2,0.7,0.6,1.0,0.2,38.639998,40,10,45.999999,55.199998,21.399999,1,1,1021,0
u_opt_factor\set21\u_opt_factor_0.3.py,u_opt_factor,21,u_opt_factor,0.3,2,5,5,0.5,0.3,0.7,0.6,1.0,0.3,41.859999,40,10,45.999999,59.799999,21.399999,1,1,1021,0
u_opt_factor\set21\u_opt_factor_0.4.py,u_opt_factor,21,u_opt_factor,0.4,2,5,5,0.5,0.4,0.7,0.6,1.0,0.4,45.080001,40,10,45.999999,64.400001,21.399999,1,1,1021,0
u_opt_factor\set21\u_opt_factor_0.5.py,u_opt_factor,21,u_opt_factor,0.5,2,5,5,0.5,0.5,0.7,0.6,1.0,0.5,48.299998,40,10,45.999999,68.999998,21.399999,1,1,1021,0
u_opt_factor\set21\u_opt_factor_0.6.py,u_opt_factor,21,u_opt_factor,0.6,2,5,5,0.5,0.6,0.7,0.6,1.0,0.6,51.519999,40,10,45.999999,73.599999,21.399999,1,1,1021,0
u_opt_factor\set21\u_opt_factor_0.7.py,u_opt_factor,21,u_opt_factor,0.7,2,5,5,0.5,0.7,0.7,0.6,1.0,0.7,54.739999,40,10,45.999999,78.199999,21.399999,1,1,1021,0
u_opt_factor\set21\u_opt_factor_0.8.py,u_opt_factor,21,u_opt_factor,0.8,2,5,5,0.5,0.8,0.7,0.6,1.0,0.8,57.960002,40,10,45.999999,82.800002,21.399999,1,1,1021,0
u_opt_factor\set21\u_opt_factor_0.9.py,u_opt_factor,21,u_opt_factor,0.9,2,5,5,0.5,0.9,0.7,0.6,1.0,0.9,61.180001,40,10,45.999999,87.400001,21.399999,1,1,1021,0
u_opt_factor\set22\u_opt_factor_0.1.py,u_opt_factor,22,u_opt_factor,0.1,2,5,5,0.5,0.1,0.7,0.6,1.0,0.1,35.419998,40,9,46.0,50.599998,21.4,1,1,1022,0
u_opt_factor\set22\u_opt_factor_0.2.py,u_opt_factor,22,u_opt_factor,0.2,2,5,5,0.5,0.2,0.7,0.6,1.0,0.2,38.640002,40,9,46.0,55.200002,21.4,1,1,1022,0
u_opt_factor\set22\u_opt_factor_0.3.py,u_opt_factor,22,u_opt_factor,0.3,2,5,5,0.5,0.3,0.7,0.6,1.0,0.3,41.86,40,9,46.0,59.8,21.4,1,1,1022,0
u_opt_factor\set22\u_opt_factor_0.4.py,u_opt_factor,22,u_opt_factor,0.4,2,5,5,0.5,0.4,0.7,0.6,1.0,0.4,45.079998,40,9,46.0,64.399998,21.4,1,1,1022,0
u_opt_factor\set22\u_opt_factor_0.5.py,u_opt_factor,22,u_opt_factor,0.5,2,5,5,0.5,0.5,0.7,0.6,1.0,0.5,48.300002,40,9,46.0,69.000002,21.4,1,1,1022,0
u_opt_factor\set22\u_opt_factor_0.6.py,u_opt_factor,22,u_opt_factor,0.6,2,5,5,0.5,0.6,0.7,0.6,1.0,0.6,51.52,40,9,46.0,73.6,21.4,1,1,1022,0
u_opt_factor\set22\u_opt_factor_0.7.py,u_opt_factor,22,u_opt_factor,0.7,2,5,5,0.5,0.7,0.7,0.6,1.0,0.7,54.740002,40,9,46.0,78.200002,21.4,1,1,1022,0
u_opt_factor\set22\u_opt_factor_0.8.py,u_opt_factor,22,u_opt_factor,0.8,2,5,5,0.5,0.8,0.7,0.6,1.0,0.8,57.960001,40,9,46.0,82.800001,21.4,1,1,1022,0
u_opt_factor\set22\u_opt_factor_0.9.py,u_opt_factor,22,u_opt_factor,0.9,2,5,5,0.5,0.9,0.7,0.6,1.0,0.9,61.180001,40,9,46.0,87.400001,21.4,1,1,1022,0
u_opt_factor\set23\u_opt_factor_0.1.py,u_opt_factor,23,u_opt_factor,0.1,2,5,5,0.5,0.1,0.7,0.6,1.0,0.1,35.419994,40,13,45.999998,50.599992,21.399999,1,1,1023,0
u_opt_factor\set23\u_opt_factor_0.2.py,u_opt_factor,23,u_opt_factor,0.2,2,5,5,0.5,0.2,0.7,0.6,1.0,0.2,38.639998,40,13,45.999998,55.199997,21.399999,1,1,1023,0
u_opt_factor\set23\u_opt_factor_0.3.py,u_opt_factor,23,u_opt_factor,0.3,2,5,5,0.5,0.3,0.7,0.6,1.0,0.3,41.859997,40,13,45.999998,59.799995,21.399999,1,1,1023,0
u_opt_factor\set23\u_opt_factor_0.4.py,u_opt_factor,23,u_opt_factor,0.4,2,5,5,0.5,0.4,0.7,0.6,1.0,0.4,45.079998,40,13,45.999998,64.399997,21.399999,1,1,1023,0
u_opt_factor\set23\u_opt_factor_0.5.py,u_opt_factor,23,u_opt_factor,0.5,2,5,5,0.5,0.5,0.7,0.6,1.0,0.5,48.299998,40,13,45.999998,68.999998,21.399999,1,1,1023,0
u_opt_factor\set23\u_opt_factor_0.6.py,u_opt_factor,23,u_opt_factor,0.6,2,5,5,0.5,0.6,0.7,0.6,1.0,0.6,51.519996,40,13,45.999998,73.599994,21.399999,1,1,1023,0
u_opt_factor\set23\u_opt_factor_0.7.py,u_opt_factor,23,u_opt_factor,0.7,2,5,5,0.5,0.7,0.7,0.6,1.0,0.7,54.739996,40,13,45.999998,78.199994,21.399999,1,1,1023,0
u_opt_factor\set23\u_opt_factor_0.8.py,u_opt_factor,23,u_opt_factor,0.8,2,5,5,0.5,0.8,0.7,0.6,1.0,0.8,57.960002,40,13,45.999998,82.800002,21.399999,1,1,1023,0
u_opt_factor\set23\u_opt_factor_0.9.py,u_opt_factor,23,u_opt_factor,0.9,2,5,5,0.5,0.9,0.7,0.6,1.0,0.9,61.179996,40,13,45.999998,87.399994,21.399999,1,1,1023,0
u_opt_factor\set24\u_opt_factor_0.1.py,u_opt_factor,24,u_opt_factor,0.1,2,5,5,0.5,0.1,0.7,0.6,1.0,0.1,35.420002,40,10,46.000001,50.600003,23.009091,1,1,1024,0
u_opt_factor\set24\u_opt_factor_0.2.py,u_opt_factor,24,u_opt_factor,0.2,2,5,5,0.5,0.2,0.7,0.6,1.0,0.2,38.64,40,10,46.000001,55.2,23.009091,1,1,1024,0
u_opt_factor\set24\u_opt_factor_0.3.py,u_opt_factor,24,u_opt_factor,0.3,2,5,5,0.5,0.3,0.7,0.6,1.0,0.3,41.86,40,10,46.000001,59.8,23.009091,1,1,1024,0
u_opt_factor\set24\u_opt_factor_0.4.py,u_opt_factor,24,u_opt_factor,0.4,2,5,5,0.5,0.4,0.7,0.6,1.0,0.4,45.079999,40,10,46.000001,64.399999,23.009091,1,1,1024,0
u_opt_factor\set24\u_opt_factor_0.5.py,u_opt_factor,24,u_opt_factor,0.5,2,5,5,0.5,0.5,0.7,0.6,1.0,0.5,48.299999,40,10,46.000001,68.999999,23.009091,1,1,1024,0
u_opt_factor\set24\u_opt_factor_0.6.py,u_opt_factor,24,u_opt_factor,0.6,2,5,5,0.5,0.6,0.7,0.6,1.0,0.6,51.52,40,10,46.000001,73.6,23.009091,1,1,1024,0
u_opt_factor\set24\u_opt_factor_0.7.py,u_opt_factor,24,u_opt_factor,0.7,2,5,5,0.5,0.7,0.7,0.6,1.0,0.7,54.739998,40,10,46.000001,78.199998,23.009091,1,1,1024,0
u_opt_factor\set24\u_opt_factor_0.8.py,u_opt_factor,24,u_opt_factor,0.8,2,5,5,0.5,0.8,0.7,0.6,1.0,0.8,57.960001,40,10,46.000001,82.800001,23.009091,1,1,1024,0
u_opt_factor\set24\u_opt_factor_0.9.py,u_opt_factor,24,u_opt_factor,0.9,2,5,5,0.5,0.9,0.7,0.6,1.0,0.9,61.179999,40,10,46.000001,87.399999,23.009091,1,1,1024,0
u_opt_factor\set25\u_opt_factor_0.1.py,u_opt_factor,25,u_opt_factor,0.1,2,5,5,0.5,0.1,0.7,0.6,1.0,0.1,35.420003,40,9,46.000001,50.600005,21.433334,1,1,1025,0
u_opt_factor\set25\u_opt_factor_0.2.py,u_opt_factor,25,u_opt_factor,0.2,2,5,5,0.5,0.2,0.7,0.6,1.0,0.2,38.640002,40,9,46.000001,55.200003,21.433334,1,1,1025,0
u_opt_factor\set25\u_opt_factor_0.3.py,u_opt_factor,25,u_opt_factor,0.3,2,5,5,0.5,0.3,0.7,0.6,1.0,0.3,41.860002,40,9,46.000001,59.800002,21.433334,1,1,1025,0
u_opt_factor\set25\u_opt_factor_0.4.py,u_opt_factor,25,u_opt_factor,0.4,2,5,5,0.5,0.4,0.7,0.6,1.0,0.4,45.080002,40,9,46.000001,64.400003,21.433334,1,1,1025,0
u_opt_factor\set25\u_opt_factor_0.5.py,u_opt_factor,25,u_opt_factor,0.5,2,5,5,0.5,0.5,0.7,0.6,1.0,0.5,48.299998,40,9,46.000001,68.999997,21.433334,1,1,1025,0
u_opt_factor\set25\u_opt_factor_0.6.py,u_opt_factor,25,u_opt_factor,0.6,2,5,5,0.5,0.6,0.7,0.6,1.0,0.6,51.520001,40,9,46.000001,73.600001,21.433334,1,1,1025,0
u_opt_factor\set25\u_opt_factor_0.7.py,u_opt_factor,25,u_opt_factor,0.7,2,5,5,0.5,0.7,0.7,0.6,1.0,0.7,54.739998,40,9,46.000001,78.199998,21.433334,1,1,1025,0
u_opt_factor\set25\u_opt_factor_0.8.py,u_opt_factor,25,u_opt_factor,0.8,2,5,5,0.5,0.8,0.7,0.6,1.0,0.8,57.960001,40,9,46.000001,82.800001,21.433334,1,1,1025,0
u_opt_factor\set25\u_opt_factor_0.9.py,u_opt_factor,25,u_opt_factor,0.9,2,5,5,0.5,0.9,0.7,0.6,1.0,0.9,61.179998,40,9,46.000001,87.399998,21.433334,1,1,1025,0
u_opt_factor\set26\u_opt_factor_0.1.py,u_opt_factor,26,u_opt_factor,0.1,2,5,5,0.5,0.1,0.7,0.6,1.0,0.1,35.420003,40,10,46.000003,50.600005,22.000002,1,1,1026,0
u_opt_factor\set26\u_opt_factor_0.2.py,u_opt_factor,26,u_opt_factor,0.2,2,5,5,0.5,0.2,0.7,0.6,1.0,0.2,38.640004,40,10,46.000003,55.200006,22.000002,1,1,1026,0
u_opt_factor\set26\u_opt_factor_0.3.py,u_opt_factor,26,u_opt_factor,0.3,2,5,5,0.5,0.3,0.7,0.6,1.0,0.3,41.86,40,10,46.000003,59.8,22.000002,1,1,1026,0
u_opt_factor\set26\u_opt_factor_0.4.py,u_opt_factor,26,u_opt_factor,0.4,2,5,5,0.5,0.4,0.7,0.6,1.0,0.4,45.080003,40,10,46.000003,64.400005,22.000002,1,1,1026,0
u_opt_factor\set26\u_opt_factor_0.5.py,u_opt_factor,26,u_opt_factor,0.5,2,5,5,0.5,0.5,0.7,0.6,1.0,0.5,48.300002,40,10,46.000003,69.000003,22.000002,1,1,1026,0
u_opt_factor\set26\u_opt_factor_0.6.py,u_opt_factor,26,u_opt_factor,0.6,2,5,5,0.5,0.6,0.7,0.6,1.0,0.6,51.520005,40,10,46.000003,73.600007,22.000002,1,1,1026,0
u_opt_factor\set26\u_opt_factor_0.7.py,u_opt_factor,26,u_opt_factor,0.7,2,5,5,0.5,0.7,0.7,0.6,1.0,0.7,54.740002,40,10,46.000003,78.200003,22.000002,1,1,1026,0
u_opt_factor\set26\u_opt_factor_0.8.py,u_opt_factor,26,u_opt_factor,0.8,2,5,5,0.5,0.8,0.7,0.6,1.0,0.8,57.959999,40,10,46.000003,82.799999,22.000002,1,1,1026,0
u_opt_factor\set26\u_opt_factor_0.9.py,u_opt_factor,26,u_opt_factor,0.9,2,5,5,0.5,0.9,0.7,0.6,1.0,0.9,61.180002,40,10,46.000003,87.400003,22.000002,1,1,1026,0
u_opt_factor\set27\u_opt_factor_0.1.py,u_opt_factor,27,u_opt_factor,0.1,2,5,5,0.5,0.1,0.7,0.6,1.0,0.1,35.42,40,12,45.999998,50.6,22.042856,1,1,1027,0
u_opt_factor\set27\u_opt_factor_0.2.py,u_opt_factor,27,u_opt_factor,0.2,2,5,5,0.5,0.2,0.7,0.6,1.0,0.2,38.639997,40,12,45.999998,55.199995,22.042856,1,1,1027,0
u_opt_factor\set27\u_opt_factor_0.3.py,u_opt_factor,27,u_opt_factor,0.3,2,5,5,0.5,0.3,0.7,0.6,1.0,0.3,41.859998,40,12,45.999998,59.799998,22.042856,1,1,1027,0
u_opt_factor\set27\u_opt_factor_0.4.py,u_opt_factor,27,u_opt_factor,0.4,2,5,5,0.5,0.4,0.7,0.6,1.0,0.4,45.079999,40,12,45.999998,64.399999,22.042856,1,1,1027,0
u_opt_factor\set27\u_opt_factor_0.5.py,u_opt_factor,27,u_opt_factor,0.5,2,5,5,0.5,0.5,0.7,0.6,1.0,0.5,48.3,40,12,45.999998,69.0,22.042856,1,1,1027,0
u_opt_factor\set27\u_opt_factor_0.6.py,u_opt_factor,27,u_opt_factor,0.6,2,5,5,0.5,0.6,0.7,0.6,1.0,0.6,51.519998,40,12,45.999998,73.599998,22.042856,1,1,1027,0
u_opt_factor\set27\u_opt_factor_0.7.py,u_opt_factor,27,u_opt_factor,0.7,2,5,5,0.5,0.7,0.7,0.6,1.0,0.7,54.739998,40,12,45.999998,78.199998,22.042856,1,1,1027,0
u_opt_factor\set27\u_opt_factor_0.8.py,u_opt_factor,27,u_opt_factor,0.8,2,5,5,0.5,0.8,0.7,0.6,1.0,0.8,57.959998,40,12,45.999998,82.799997,22.042856,1,1,1027,0
u_opt_factor\set27\u_opt_factor_0.9.py,u_opt_factor,27,u_opt_factor,0.9,2,5,5,0.5,0.9,0.7,0.6,1.0,0.9,61.179996,40,12,45.999998,87.399994,22.042856,1,1,1027,0
u_opt_factor\set28\u_opt_factor_0.1.py,u_opt_factor,28,u_opt_factor,0.1,2,5,5,0.5,0.1,0.7,0.6,1.0,0.1,35.420002,40,11,46.0,50.600002,22.0,1,1,1028,0
u_opt_factor\set28\u_opt_factor_0.2.py,u_opt_factor,28,u_opt_factor,0.2,2,5,5,0.5,0.2,0.7,0.6,1.0,0.2,38.639998,40,11,46.0,55.199997,22.0,1,1,1028,0
u_opt_factor\set28\u_opt_factor_0.3.py,u_opt_factor,28,u_opt_factor,0.3,2,5,5,0.5,0.3,0.7,0.6,1.0,0.3,41.86,40,11,46.0,59.8,22.0,1,1,1028,0
u_opt_factor\set28\u_opt_factor_0.4.py,u_opt_factor,28,u_opt_factor,0.4,2,5,5,0.5,0.4,0.7,0.6,1.0,0.4,45.080001,40,11,46.0,64.400001,22.0,1,1,1028,0
u_opt_factor\set28\u_opt_factor_0.5.py,u_opt_factor,28,u_opt_factor,0.5,2,5,5,0.5,0.5,0.7,0.6,1.0,0.5,48.300001,40,11,46.0,69.000001,22.0,1,1,1028,0
u_opt_factor\set28\u_opt_factor_0.6.py,u_opt_factor,28,u_opt_factor,0.6,2,5,5,0.5,0.6,0.7,0.6,1.0,0.6,51.519999,40,11,46.0,73.599999,22.0,1,1,1028,0
u_opt_factor\set28\u_opt_factor_0.7.py,u_opt_factor,28,u_opt_factor,0.7,2,5,5,0.5,0.7,0.7,0.6,1.0,0.7,54.740001,40,11,46.0,78.200001,22.0,1,1,1028,0
u_opt_factor\set28\u_opt_factor_0.8.py,u_opt_factor,28,u_opt_factor,0.8,2,5,5,0.5,0.8,0.7,0.6,1.0,0.8,57.96,40,11,46.0,82.8,22.0,1,1,1028,0
u_opt_factor\set28\u_opt_factor_0.9.py,u_opt_factor,28,u_opt_factor,0.9,2,5,5,0.5,0.9,0.7,0.6,1.0,0.9,61.179998,40,11,46.0,87.399998,22.0,1,1,1028,0
u_opt_factor\set29\u_opt_factor_0.1.py,u_opt_factor,29,u_opt_factor,0.1,2,5,5,0.5,0.1,0.7,0.6,1.0,0.1,35.420002,40,9,46.000001,50.600003,22.000001,1,1,1029,0
u_opt_factor\set29\u_opt_factor_0.2.py,u_opt_factor,29,u_opt_factor,0.2,2,5,5,0.5,0.2,0.7,0.6,1.0,0.2,38.64,40,9,46.000001,55.2,22.000001,1,1,1029,0
u_opt_factor\set29\u_opt_factor_0.3.py,u_opt_factor,29,u_opt_factor,0.3,2,5,5,0.5,0.3,0.7,0.6,1.0,0.3,41.860002,40,9,46.000001,59.800003,22.000001,1,1,1029,0
u_opt_factor\set29\u_opt_factor_0.4.py,u_opt_factor,29,u_opt_factor,0.4,2,5,5,0.5,0.4,0.7,0.6,1.0,0.4,45.080002,40,9,46.000001,64.400002,22.000001,1,1,1029,0
u_opt_factor\set29\u_opt_factor_0.5.py,u_opt_factor,29,u_opt_factor,0.5,2,5,5,0.5,0.5,0.7,0.6,1.0,0.5,48.300001,40,9,46.000001,69.000001,22.000001,1,1,1029,0
u_opt_factor\set29\u_opt_factor_0.6.py,u_opt_factor,29,u_opt_factor,0.6,2,5,5,0.5,0.6,0.7,0.6,1.0,0.6,51.520002,40,9,46.000001,73.600003,22.000001,1,1,1029,0
u_opt_factor\set29\u_opt_factor_0.7.py,u_opt_factor,29,u_opt_factor,0.7,2,5,5,0.5,0.7,0.7,0.6,1.0,0.7,54.740001,40,9,46.000001,78.200001,22.000001,1,1,1029,0
u_opt_factor\set29\u_opt_factor_0.8.py,u_opt_factor,29,u_opt_factor,0.8,2,5,5,0.5,0.8,0.7,0.6,1.0,0.8,57.96,40,9,46.000001,82.8,22.000001,1,1,1029,0
u_opt_factor\set29\u_opt_factor_0.9.py,u_opt_factor,29,u_opt_factor,0.9,2,5,5,0.5,0.9,0.7,0.6,1.0,0.9,61.18,40,9,46.000001,87.4,22.000001,1,1,1029,0
u_opt_factor\set30\u_opt_factor_0.1.py,u_opt_factor,30,u_opt_factor,0.1,2,5,5,0.5,0.1,0.7,0.6,1.0,0.1,35.419997,40,10,45.999997,50.599995,21.399998,1,1,1030,0
u_opt_factor\set30\u_opt_factor_0.2.py,u_opt_factor,30,u_opt_factor,0.2,2,5,5,0.5,0.2,0.7,0.6,1.0,0.2,38.639999,40,10,45.999997,55.199999,21.399998,1,1,1030,0
u_opt_factor\set30\u_opt_factor_0.3.py,u_opt_factor,30,u_opt_factor,0.3,2,5,5,0.5,0.3,0.7,0.6,1.0,0.3,41.859998,40,10,45.999997,59.799998,21.399998,1,1,1030,0
u_opt_factor\set30\u_opt_factor_0.4.py,u_opt_factor,30,u_opt_factor,0.4,2,5,5,0.5,0.4,0.7,0.6,1.0,0.4,45.079995,40,10,45.999997,64.399993,21.399998,1,1,1030,0
u_opt_factor\set30\u_opt_factor_0.5.py,u_opt_factor,30,u_opt_factor,0.5,2,5,5,0.5,0.5,0.7,0.6,1.0,0.5,48.299998,40,10,45.999997,68.999997,21.399998,1,1,1030,0
u_opt_factor\set30\u_opt_factor_0.6.py,u_opt_factor,30,u_opt_factor,0.6,2,5,5,0.5,0.6,0.7,0.6,1.0,0.6,51.52,40,10,45.999997,73.6,21.399998,1,1,1030,0
u_opt_factor\set30\u_opt_factor_0.7.py,u_opt_factor,30,u_opt_factor,0.7,2,5,5,0.5,0.7,0.7,0.6,1.0,0.7,54.739997,40,10,45.999997,78.199995,21.399998,1,1,1030,0
u_opt_factor\set30\u_opt_factor_0.8.py,u_opt_factor,30,u_opt_factor,0.8,2,5,5,0.5,0.8,0.7,0.6,1.0,0.8,57.96,40,10,45.999997,82.8,21.399998,1,1,1030,0
u_opt_factor\set30\u_opt_factor_0.9.py,u_opt_factor,30,u_opt_factor,0.9,2,5,5,0.5,0.9,0.7,0.6,1.0,0.9,61.179998,40,10,45.999997,87.399998,21.399998,1,1,1030,0
u_opt_factor\set31\u_opt_factor_0.1.py,u_opt_factor,31,u_opt_factor,0.1,2,5,5,0.5,0.1,0.7,0.6,1.0,0.1,35.419998,40,13,46.0,50.599998,23.6,1,1,1031,0
u_opt_factor\set31\u_opt_factor_0.2.py,u_opt_factor,31,u_opt_factor,0.2,2,5,5,0.5,0.2,0.7,0.6,1.0,0.2,38.639997,40,13,46.0,55.199995,23.6,1,1,1031,0
u_opt_factor\set31\u_opt_factor_0.3.py,u_opt_factor,31,u_opt_factor,0.3,2,5,5,0.5,0.3,0.7,0.6,1.0,0.3,41.859998,40,13,46.0,59.799997,23.6,1,1,1031,0
u_opt_factor\set31\u_opt_factor_0.4.py,u_opt_factor,31,u_opt_factor,0.4,2,5,5,0.5,0.4,0.7,0.6,1.0,0.4,45.079999,40,13,46.0,64.399999,23.6,1,1,1031,0
u_opt_factor\set31\u_opt_factor_0.5.py,u_opt_factor,31,u_opt_factor,0.5,2,5,5,0.5,0.5,0.7,0.6,1.0,0.5,48.299998,40,13,46.0,68.999997,23.6,1,1,1031,0
u_opt_factor\set31\u_opt_factor_0.6.py,u_opt_factor,31,u_opt_factor,0.6,2,5,5,0.5,0.6,0.7,0.6,1.0,0.6,51.519999,40,13,46.0,73.599999,23.6,1,1,1031,0
u_opt_factor\set31\u_opt_factor_0.7.py,u_opt_factor,31,u_opt_factor,0.7,2,5,5,0.5,0.7,0.7,0.6,1.0,0.7,54.739994,40,13,46.0,78.199992,23.6,1,1,1031,0
u_opt_factor\set31\u_opt_factor_0.8.py,u_opt_factor,31,u_opt_factor,0.8,2,5,5,0.5,0.8,0.7,0.6,1.0,0.8,57.960004,40,13,46.0,82.800006,23.6,1,1,1031,0
u_opt_factor\set31\u_opt_factor_0.9.py,u_opt_factor,31,u_opt_factor,0.9,2,5,5,0.5,0.9,0.7,0.6,1.0,0.9,61.179998,40,13,46.0,87.399998,23.6,1,1,1031,0
u_opt_factor\set32\u_opt_factor_0.1.py,u_opt_factor,32,u_opt_factor,0.1,2,5,5,0.5,0.1,0.7,0.6,1.0,0.1,35.419998,40,13,45.999997,50.599998,21.399998,1,1,1032,0
u_opt_factor\set32\u_opt_factor_0.2.py,u_opt_factor,32,u_opt_factor,0.2,2,5,5,0.5,0.2,0.7,0.6,1.0,0.2,38.639996,40,13,45.999997,55.199994,21.399998,1,1,1032,0
u_opt_factor\set32\u_opt_factor_0.3.py,u_opt_factor,32,u_opt_factor,0.3,2,5,5,0.5,0.3,0.7,0.6,1.0,0.3,41.859997,40,13,45.999997,59.799995,21.399998,1,1,1032,0
u_opt_factor\set32\u_opt_factor_0.4.py,u_opt_factor,32,u_opt_factor,0.4,2,5,5,0.5,0.4,0.7,0.6,1.0,0.4,45.079995,40,13,45.999997,64.399993,21.399998,1,1,1032,0
u_opt_factor\set32\u_opt_factor_0.5.py,u_opt_factor,32,u_opt_factor,0.5,2,5,5,0.5,0.5,0.7,0.6,1.0,0.5,48.299998,40,13,45.999997,68.999998,21.399998,1,1,1032,0
u_opt_factor\set32\u_opt_factor_0.6.py,u_opt_factor,32,u_opt_factor,0.6,2,5,5,0.5,0.6,0.7,0.6,1.0,0.6,51.519998,40,13,45.999997,73.599998,21.399998,1,1,1032,0
u_opt_factor\set32\u_opt_factor_0.7.py,u_opt_factor,32,u_opt_factor,0.7,2,5,5,0.5,0.7,0.7,0.6,1.0,0.7,54.739995,40,13,45.999997,78.199993,21.399998,1,1,1032,0
u_opt_factor\set32\u_opt_factor_0.8.py,u_opt_factor,32,u_opt_factor,0.8,2,5,5,0.5,0.8,0.7,0.6,1.0,0.8,57.959994,40,13,45.999997,82.799991,21.399998,1,1,1032,0
u_opt_factor\set32\u_opt_factor_0.9.py,u_opt_factor,32,u_opt_factor,0.9,2,5,5,0.5,0.9,0.7,0.6,1.0,0.9,61.179998,40,13,45.999997,87.399998,21.399998,1,1,1032,0
u_opt_factor\set33\u_opt_factor_0.1.py,u_opt_factor,33,u_opt_factor,0.1,2,5,5,0.5,0.1,0.7,0.6,1.0,0.1,35.420004,40,12,46.000002,50.600006,21.433334,1,1,1033,0
u_opt_factor\set33\u_opt_factor_0.2.py,u_opt_factor,33,u_opt_factor,0.2,2,5,5,0.5,0.2,0.7,0.6,1.0,0.2,38.640003,40,12,46.000002,55.200005,21.433334,1,1,1033,0
u_opt_factor\set33\u_opt_factor_0.3.py,u_opt_factor,33,u_opt_factor,0.3,2,5,5,0.5,0.3,0.7,0.6,1.0,0.3,41.860002,40,12,46.000002,59.800003,21.433334,1,1,1033,0
u_opt_factor\set33\u_opt_factor_0.4.py,u_opt_factor,33,u_opt_factor,0.4,2,5,5,0.5,0.4,0.7,0.6,1.0,0.4,45.080003,40,12,46.000002,64.400005,21.433334,1,1,1033,0
u_opt_factor\set33\u_opt_factor_0.5.py,u_opt_factor,33,u_opt_factor,0.5,2,5,5,0.5,0.5,0.7,0.6,1.0,0.5,48.300002,40,12,46.000002,69.000003,21.433334,1,1,1033,0
u_opt_factor\set33\u_opt_factor_0.6.py,u_opt_factor,33,u_opt_factor,0.6,2,5,5,0.5,0.6,0.7,0.6,1.0,0.6,51.520002,40,12,46.000002,73.600003,21.433334,1,1,1033,0
u_opt_factor\set33\u_opt_factor_0.7.py,u_opt_factor,33,u_opt_factor,0.7,2,5,5,0.5,0.7,0.7,0.6,1.0,0.7,54.740002,40,12,46.000002,78.200002,21.433334,1,1,1033,0
u_opt_factor\set33\u_opt_factor_0.8.py,u_opt_factor,33,u_opt_factor,0.8,2,5,5,0.5,0.8,0.7,0.6,1.0,0.8,57.960002,40,12,46.000002,82.800002,21.433334,1,1,1033,0
u_opt_factor\set33\u_opt_factor_0.9.py,u_opt_factor,33,u_opt_factor,0.9,2,5,5,0.5,0.9,0.7,0.6,1.0,0.9,61.180002,40,12,46.000002,87.400003,21.433334,1,1,1033,0
u_opt_factor\set34\u_opt_factor_0.1.py,u_opt_factor,34,u_opt_factor,0.1,2,5,5,0.5,0.1,0.7,0.6,1.0,0.1,35.419998,40,13,45.999997,50.599998,22.042855,1,1,1034,0
u_opt_factor\set34\u_opt_factor_0.2.py,u_opt_factor,34,u_opt_factor,0.2,2,5,5,0.5,0.2,0.7,0.6,1.0,0.2,38.639998,40,13,45.999997,55.199998,22.042855,1,1,1034,0
u_opt_factor\set34\u_opt_factor_0.3.py,u_opt_factor,34,u_opt_factor,0.3,2,5,5,0.5,0.3,0.7,0.6,1.0,0.3,41.859998,40,13,45.999997,59.799998,22.042855,1,1,1034,0
u_opt_factor\set34\u_opt_factor_0.4.py,u_opt_factor,34,u_opt_factor,0.4,2,5,5,0.5,0.4,0.7,0.6,1.0,0.4,45.080002,40,13,45.999997,64.400002,22.042855,1,1,1034,0
u_opt_factor\set34\u_opt_factor_0.5.py,u_opt_factor,34,u_opt_factor,0.5,2,5,5,0.5,0.5,0.7,0.6,1.0,0.5,48.299998,40,13,45.999997,68.999998,22.042855,1,1,1034,0
u_opt_factor\set34\u_opt_factor_0.6.py,u_opt_factor,34,u_opt_factor,0.6,2,5,5,0.5,0.6,0.7,0.6,1.0,0.6,51.519997,40,13,45.999997,73.599995,22.042855,1,1,1034,0
u_opt_factor\set34\u_opt_factor_0.7.py,u_opt_factor,34,u_opt_factor,0.7,2,5,5,0.5,0.7,0.7,0.6,1.0,0.7,54.740002,40,13,45.999997,78.200002,22.042855,1,1,1034,0
u_opt_factor\set34\u_opt_factor_0.8.py,u_opt_factor,34,u_opt_factor,0.8,2,5,5,0.5,0.8,0.7,0.6,1.0,0.8,57.959997,40,13,45.999997,82.799995,22.042855,1,1,1034,0
u_opt_factor\set34\u_opt_factor_0.9.py,u_opt_factor,34,u_opt_factor,0.9,2,5,5,0.5,0.9,0.7,0.6,1.0,0.9,61.180002,40,13,45.999997,87.400002,22.042855,1,1,1034,0
u_opt_factor\set35\u_opt_factor_0.1.py,u_opt_factor,35,u_opt_factor,0.1,2,5,5,0.5,0.1,0.7,0.6,1.0,0.1,35.42,40,15,46.000001,50.6,21.400001,1,1,1035,0
u_opt_factor\set35\u_opt_factor_0.2.py,u_opt_factor,35,u_opt_factor,0.2,2,5,5,0.5,0.2,0.7,0.6,1.0,0.2,38.639999,40,15,46.000001,55.199999,21.400001,1,1,1035,0
u_opt_factor\set35\u_opt_factor_0.3.py,u_opt_factor,35,u_opt_factor,0.3,2,5,5,0.5,0.3,0.7,0.6,1.0,0.3,41.860002,40,15,46.000001,59.800002,21.400001,1,1,1035,0
u_opt_factor\set35\u_opt_factor_0.4.py,u_opt_factor,35,u_opt_factor,0.4,2,5,5,0.5,0.4,0.7,0.6,1.0,0.4,45.080003,40,15,46.000001,64.400005,21.400001,1,1,1035,0
u_opt_factor\set35\u_opt_factor_0.5.py,u_opt_factor,35,u_opt_factor,0.5,2,5,5,0.5,0.5,0.7,0.6,1.0,0.5,48.300002,40,15,46.000001,69.000003,21.400001,1,1,1035,0
u_opt_factor\set35\u_opt_factor_0.6.py,u_opt_factor,35,u_opt_factor,0.6,2,5,5,0.5,0.6,0.7,0.6,1.0,0.6,51.520001,40,15,46.000001,73.600001,21.400001,1,1,1035,0
u_opt_factor\set35\u_opt_factor_0.7.py,u_opt_factor,35,u_opt_factor,0.7,2,5,5,0.5,0.7,0.7,0.6,1.0,0.7,54.739998,40,15,46.000001,78.199998,21.400001,1,1,1035,0
u_opt_factor\set35\u_opt_factor_0.8.py,u_opt_factor,35,u_opt_factor,0.8,2,5,5,0.5,0.8,0.7,0.6,1.0,0.8,57.960001,40,15,46.000001,82.800001,21.400001,1,1,1035,0
u_opt_factor\set35\u_opt_factor_0.9.py,u_opt_factor,35,u_opt_factor,0.9,2,5,5,0.5,0.9,0.7,0.6,1.0,0.9,61.180006,40,15,46.000001,87.400008,21.400001,1,1,1035,0
u_opt_factor\set36\u_opt_factor_0.1.py,u_opt_factor,36,u_opt_factor,0.1,2,5,5,0.5,0.1,0.7,0.6,1.0,0.1,35.42,40,15,46.000002,50.6,22.042858,1,1,1036,0
u_opt_factor\set36\u_opt_factor_0.2.py,u_opt_factor,36,u_opt_factor,0.2,2,5,5,0.5,0.2,0.7,0.6,1.0,0.2,38.640004,40,15,46.000002,55.200006,22.042858,1,1,1036,0
u_opt_factor\set36\u_opt_factor_0.3.py,u_opt_factor,36,u_opt_factor,0.3,2,5,5,0.5,0.3,0.7,0.6,1.0,0.3,41.859999,40,15,46.000002,59.799999,22.042858,1,1,1036,0
u_opt_factor\set36\u_opt_factor_0.4.py,u_opt_factor,36,u_opt_factor,0.4,2,5,5,0.5,0.4,0.7,0.6,1.0,0.4,45.079999,40,15,46.000002,64.399999,22.042858,1,1,1036,0
u_opt_factor\set36\u_opt_factor_0.5.py,u_opt_factor,36,u_opt_factor,0.5,2,5,5,0.5,0.5,0.7,0.6,1.0,0.5,48.299998,40,15,46.000002,68.999998,22.042858,1,1,1036,0
u_opt_factor\set36\u_opt_factor_0.6.py,u_opt_factor,36,u_opt_factor,0.6,2,5,5,0.5,0.6,0.7,0.6,1.0,0.6,51.520002,40,15,46.000002,73.600002,22.042858,1,1,1036,0
u_opt_factor\set36\u_opt_factor_0.7.py,u_opt_factor,36,u_opt_factor,0.7,2,5,5,0.5,0.7,0.7,0.6,1.0,0.7,54.740003,40,15,46.000002,78.200005,22.042858,1,1,1036,0
u_opt_factor\set36\u_opt_factor_0.8.py,u_opt_factor,36,u_opt_factor,0.8,2,5,5,0.5,0.8,0.7,0.6,1.0,0.8,57.960001,40,15,46.000002,82.800001,22.042858,1,1,1036,0
u_opt_factor\set36\u_opt_factor_0.9.py,u_opt_factor,36,u_opt_factor,0.9,2,5,5,0.5,0.9,0.7,0.6,1.0,0.9,61.179999,40,15,46.000002,87.399999,22.042858,1,1,1036,0
u_opt_factor\set37\u_opt_factor_0.1.py,u_opt_factor,37,u_opt_factor,0.1,2,5,5,0.5,0.1,0.7,0.6,1.0,0.1,35.419999,40,15,46.000001,50.599999,22.042858,1,1,1037,0
u_opt_factor\set37\u_opt_factor_0.2.py,u_opt_factor,37,u_opt_factor,0.2,2,5,5,0.5,0.2,0.7,0.6,1.0,0.2,38.64,40,15,46.000001,55.2,22.042858,1,1,1037,0
u_opt_factor\set37\u_opt_factor_0.3.py,u_opt_factor,37,u_opt_factor,0.3,2,5,5,0.5,0.3,0.7,0.6,1.0,0.3,41.859997,40,15,46.000001,59.799995,22.042858,1,1,1037,0
u_opt_factor\set37\u_opt_factor_0.4.py,u_opt_factor,37,u_opt_factor,0.4,2,5,5,0.5,0.4,0.7,0.6,1.0,0.4,45.080003,40,15,46.000001,64.400005,22.042858,1,1,1037,0
u_opt_factor\set37\u_opt_factor_0.5.py,u_opt_factor,37,u_opt_factor,0.5,2,5,5,0.5,0.5,0.7,0.6,1.0,0.5,48.300002,40,15,46.000001,69.000002,22.042858,1,1,1037,0
u_opt_factor\set37\u_opt_factor_0.6.py,u_opt_factor,37,u_opt_factor,0.6,2,5,5,0.5,0.6,0.7,0.6,1.0,0.6,51.52,40,15,46.000001,73.6,22.042858,1,1,1037,0
u_opt_factor\set37\u_opt_factor_0.7.py,u_opt_factor,37,u_opt_factor,0.7,2,5,5,0.5,0.7,0.7,0.6,1.0,0.7,54.739998,40,15,46.000001,78.199998,22.042858,1,1,1037,0
u_opt_factor\set37\u_opt_factor_0.8.py,u_opt_factor,37,u_opt_factor,0.8,2,5,5,0.5,0.8,0.7,0.6,1.0,0.8,57.960002,40,15,46.000001,82.800002,22.042858,1,1,1037,0
u_opt_factor\set37\u_opt_factor_0.9.py,u_opt_factor,37,u_opt_factor,0.9,2,5,5,0.5,0.9,0.7,0.6,1.0,0.9,61.179999,40,15,46.000001,87.399999,22.042858,1,1,1037,0
u_opt_factor\set38\u_opt_factor_0.1.py,u_opt_factor,38,u_opt_factor,0.1,2,5,5,0.5,0.1,0.7,0.6,1.0,0.1,35.420004,40,13,46.000002,50.600006,21.400001,1,1,1038,0
u_opt_factor\set38\u_opt_factor_0.2.py,u_opt_factor,38,u_opt_factor,0.2,2,5,5,0.5,0.2,0.7,0.6,1.0,0.2,38.640002,40,13,46.000002,55.200003,21.400001,1,1,1038,0
u_opt_factor\set38\u_opt_factor_0.3.py,u_opt_factor,38,u_opt_factor,0.3,2,5,5,0.5,0.3,0.7,0.6,1.0,0.3,41.860004,40,13,46.000002,59.800006,21.400001,1,1,1038,0
u_opt_factor\set38\u_opt_factor_0.4.py,u_opt_factor,38,u_opt_factor,0.4,2,5,5,0.5,0.4,0.7,0.6,1.0,0.4,45.080002,40,13,46.000002,64.400003,21.400001,1,1,1038,0
u_opt_factor\set38\u_opt_factor_0.5.py,u_opt_factor,38,u_opt_factor,0.5,2,5,5,0.5,0.5,0.7,0.6,1.0,0.5,48.300002,40,13,46.000002,69.000003,21.400001,1,1,1038,0
u_opt_factor\set38\u_opt_factor_0.6.py,u_opt_factor,38,u_opt_factor,0.6,2,5,5,0.5,0.6,0.7,0.6,1.0,0.6,51.520002,40,13,46.000002,73.600003,21.400001,1,1,1038,0
u_opt_factor\set38\u_opt_factor_0.7.py,u_opt_factor,38,u_opt_factor,0.7,2,5,5,0.5,0.7,0.7,0.6,1.0,0.7,54.740004,40,13,46.000002,78.200006,21.400001,1,1,1038,0
u_opt_factor\set38\u_opt_factor_0.8.py,u_opt_factor,38,u_opt_factor,0.8,2,5,5,0.5,0.8,0.7,0.6,1.0,0.8,57.960002,40,13,46.000002,82.800003,21.400001,1,1,1038,0
u_opt_factor\set38\u_opt_factor_0.9.py,u_opt_factor,38,u_opt_factor,0.9,2,5,5,0.5,0.9,0.7,0.6,1.0,0.9,61.180002,40,13,46.000002,87.400003,21.400001,1,1,1038,0
u_opt_factor\set39\u_opt_factor_0.1.py,u_opt_factor,39,u_opt_factor,0.1,2,5,5,0.5,0.1,0.7,0.6,1.0,0.1,35.42,40,15,46.000001,50.6,21.400001,1,1,1039,0
u_opt_factor\set39\u_opt_factor_0.2.py,u_opt_factor,39,u_opt_factor,0.2,2,5,5,0.5,0.2,0.7,0.6,1.0,0.2,38.640002,40,15,46.000001,55.200003,21.400001,1,1,1039,0
u_opt_factor\set39\u_opt_factor_0.3.py,u_opt_factor,39,u_opt_factor,0.3,2,5,5,0.5,0.3,0.7,0.6,1.0,0.3,41.86,40,15,46.000001,59.8,21.400001,1,1,1039,0
u_opt_factor\set39\u_opt_factor_0.4.py,u_opt_factor,39,u_opt_factor,0.4,2,5,5,0.5,0.4,0.7,0.6,1.0,0.4,45.079997,40,15,46.000001,64.399995,21.400001,1,1,1039,0
u_opt_factor\set39\u_opt_factor_0.5.py,u_opt_factor,39,u_opt_factor,0.5,2,5,5,0.5,0.5,0.7,0.6,1.0,0.5,48.299999,40,15,46.000001,68.999999,21.400001,1,1,1039,0
u_opt_factor\set39\u_opt_factor_0.6.py,u_opt_factor,39,u_opt_factor,0.6,2,5,5,0.5,0.6,0.7,0.6,1.0,0.6,51.520002,40,15,46.000001,73.600003,21.400001,1,1,1039,0
u_opt_factor\set39\u_opt_factor_0.7.py,u_opt_factor,39,u_opt_factor,0.7,2,5,5,0.5,0.7,0.7,0.6,1.0,0.7,54.74,40,15,46.000001,78.2,21.400001,1,1,1039,0
u_opt_factor\set39\u_opt_factor_0.8.py,u_opt_factor,39,u_opt_factor,0.8,2,5,5,0.5,0.8,0.7,0.6,1.0,0.8,57.960002,40,15,46.000001,82.800003,21.400001,1,1,1039,0
u_opt_factor\set39\u_opt_factor_0.9.py,u_opt_factor,39,u_opt_factor,0.9,2,5,5,0.5,0.9,0.7,0.6,1.0,0.9,61.18,40,15,46.000001,87.4,21.400001,1,1,1039,0
u_opt_factor\set40\u_opt_factor_0.1.py,u_opt_factor,40,u_opt_factor,0.1,2,5,5,0.5,0.1,0.7,0.6,1.0,0.1,35.420001,40,13,46.000001,50.600001,21.400001,1,1,1040,0
u_opt_factor\set40\u_opt_factor_0.2.py,u_opt_factor,40,u_opt_factor,0.2,2,5,5,0.5,0.2,0.7,0.6,1.0,0.2,38.639998,40,13,46.000001,55.199997,21.400001,1,1,1040,0
u_opt_factor\set40\u_opt_factor_0.3.py,u_opt_factor,40,u_opt_factor,0.3,2,5,5,0.5,0.3,0.7,0.6,1.0,0.3,41.860002,40,13,46.000001,59.800003,21.400001,1,1,1040,0
u_opt_factor\set40\u_opt_factor_0.4.py,u_opt_factor,40,u_opt_factor,0.4,2,5,5,0.5,0.4,0.7,0.6,1.0,0.4,45.080004,40,13,46.000001,64.400006,21.400001,1,1,1040,0
u_opt_factor\set40\u_opt_factor_0.5.py,u_opt_factor,40,u_opt_factor,0.5,2,5,5,0.5,0.5,0.7,0.6,1.0,0.5,48.300001,40,13,46.000001,69.000001,21.400001,1,1,1040,0
u_opt_factor\set40\u_opt_factor_0.6.py,u_opt_factor,40,u_opt_factor,0.6,2,5,5,0.5,0.6,0.7,0.6,1.0,0.6,51.519998,40,13,46.000001,73.599998,21.400001,1,1,1040,0
u_opt_factor\set40\u_opt_factor_0.7.py,u_opt_factor,40,u_opt_factor,0.7,2,5,5,0.5,0.7,0.7,0.6,1.0,0.7,54.739998,40,13,46.000001,78.199998,21.400001,1,1,1040,0
u_opt_factor\set40\u_opt_factor_0.8.py,u_opt_factor,40,u_opt_factor,0.8,2,5,5,0.5,0.8,0.7,0.6,1.0,0.8,57.960001,40,13,46.000001,82.800001,21.400001,1,1,1040,0
u_opt_factor\set40\u_opt_factor_0.9.py,u_opt_factor,40,u_opt_factor,0.9,2,5,5,0.5,0.9,0.7,0.6,1.0,0.9,61.180001,40,13,46.000001,87.400001,21.400001,1,1,1040,0
u_opt_factor\set41\u_opt_factor_0.1.py,u_opt_factor,41,u_opt_factor,0.1,2,5,5,0.5,0.1,0.7,0.6,1.0,0.1,35.419994,40,15,45.999995,50.599992,21.399998,1,1,1041,0
u_opt_factor\set41\u_opt_factor_0.2.py,u_opt_factor,41,u_opt_factor,0.2,2,5,5,0.5,0.2,0.7,0.6,1.0,0.2,38.639992,40,15,45.999995,55.199989,21.399998,1,1,1041,0
u_opt_factor\set41\u_opt_factor_0.3.py,u_opt_factor,41,u_opt_factor,0.3,2,5,5,0.5,0.3,0.7,0.6,1.0,0.3,41.860001,40,15,45.999995,59.800001,21.399998,1,1,1041,0
u_opt_factor\set41\u_opt_factor_0.4.py,u_opt_factor,41,u_opt_factor,0.4,2,5,5,0.5,0.4,0.7,0.6,1.0,0.4,45.080003,40,15,45.999995,64.400005,21.399998,1,1,1041,0
u_opt_factor\set41\u_opt_factor_0.5.py,u_opt_factor,41,u_opt_factor,0.5,2,5,5,0.5,0.5,0.7,0.6,1.0,0.5,48.299998,40,15,45.999995,68.999997,21.399998,1,1,1041,0
u_opt_factor\set41\u_opt_factor_0.6.py,u_opt_factor,41,u_opt_factor,0.6,2,5,5,0.5,0.6,0.7,0.6,1.0,0.6,51.51999,40,15,45.999995,73.599986,21.399998,1,1,1041,0
u_opt_factor\set41\u_opt_factor_0.7.py,u_opt_factor,41,u_opt_factor,0.7,2,5,5,0.5,0.7,0.7,0.6,1.0,0.7,54.739994,40,15,45.999995,78.199992,21.399998,1,1,1041,0
u_opt_factor\set41\u_opt_factor_0.8.py,u_opt_factor,41,u_opt_factor,0.8,2,5,5,0.5,0.8,0.7,0.6,1.0,0.8,57.959998,40,15,45.999995,82.799997,21.399998,1,1,1041,0
u_opt_factor\set41\u_opt_factor_0.9.py,u_opt_factor,41,u_opt_factor,0.9,2,5,5,0.5,0.9,0.7,0.6,1.0,0.9,61.179998,40,15,45.999995,87.399997,21.399998,1,1,1041,0
u_opt_factor\set42\u_opt_factor_0.1.py,u_opt_factor,42,u_opt_factor,0.1,2,5,5,0.5,0.1,0.7,0.6,1.0,0.1,35.42,40,11,45.999998,50.6,21.399999,1,1,1042,0
u_opt_factor\set42\u_opt_factor_0.2.py,u_opt_factor,42,u_opt_factor,0.2,2,5,5,0.5,0.2,0.7,0.6,1.0,0.2,38.639999,40,11,45.999998,55.199999,21.399999,1,1,1042,0
u_opt_factor\set42\u_opt_factor_0.3.py,u_opt_factor,42,u_opt_factor,0.3,2,5,5,0.5,0.3,0.7,0.6,1.0,0.3,41.859999,40,11,45.999998,59.799999,21.399999,1,1,1042,0
u_opt_factor\set42\u_opt_factor_0.4.py,u_opt_factor,42,u_opt_factor,0.4,2,5,5,0.5,0.4,0.7,0.6,1.0,0.4,45.079998,40,11,45.999998,64.399998,21.399999,1,1,1042,0
u_opt_factor\set42\u_opt_factor_0.5.py,u_opt_factor,42,u_opt_factor,0.5,2,5,5,0.5,0.5,0.7,0.6,1.0,0.5,48.3,40,11,45.999998,69.0,21.399999,1,1,1042,0
u_opt_factor\set42\u_opt_factor_0.6.py,u_opt_factor,42,u_opt_factor,0.6,2,5,5,0.5,0.6,0.7,0.6,1.0,0.6,51.520001,40,11,45.999998,73.600001,21.399999,1,1,1042,0
u_opt_factor\set42\u_opt_factor_0.7.py,u_opt_factor,42,u_opt_factor,0.7,2,5,5,0.5,0.7,0.7,0.6,1.0,0.7,54.739999,40,11,45.999998,78.199999,21.399999,1,1,1042,0
u_opt_factor\set42\u_opt_factor_0.8.py,u_opt_factor,42,u_opt_factor,0.8,2,5,5,0.5,0.8,0.7,0.6,1.0,0.8,57.960002,40,11,45.999998,82.800002,21.399999,1,1,1042,0
u_opt_factor\set42\u_opt_factor_0.9.py,u_opt_factor,42,u_opt_factor,0.9,2,5,5,0.5,0.9,0.7,0.6,1.0,0.9,61.18,40,11,45.999998,87.4,21.399999,1,1,1042,0
u_opt_factor\set43\u_opt_factor_0.1.py,u_opt_factor,43,u_opt_factor,0.1,2,5,5,0.5,0.1,0.7,0.6,1.0,0.1,35.420002,40,13,46.000001,50.600002,21.433334,1,1,1043,0
u_opt_factor\set43\u_opt_factor_0.2.py,u_opt_factor,43,u_opt_factor,0.2,2,5,5,0.5,0.2,0.7,0.6,1.0,0.2,38.64,40,13,46.000001,55.2,21.433334,1,1,1043,0
u_opt_factor\set43\u_opt_factor_0.3.py,u_opt_factor,43,u_opt_factor,0.3,2,5,5,0.5,0.3,0.7,0.6,1.0,0.3,41.859998,40,13,46.000001,59.799997,21.433334,1,1,1043,0
u_opt_factor\set43\u_opt_factor_0.4.py,u_opt_factor,43,u_opt_factor,0.4,2,5,5,0.5,0.4,0.7,0.6,1.0,0.4,45.08,40,13,46.000001,64.4,21.433334,1,1,1043,0
u_opt_factor\set43\u_opt_factor_0.5.py,u_opt_factor,43,u_opt_factor,0.5,2,5,5,0.5,0.5,0.7,0.6,1.0,0.5,48.3,40,13,46.000001,69.0,21.433334,1,1,1043,0
u_opt_factor\set43\u_opt_factor_0.6.py,u_opt_factor,43,u_opt_factor,0.6,2,5,5,0.5,0.6,0.7,0.6,1.0,0.6,51.520002,40,13,46.000001,73.600002,21.433334,1,1,1043,0
u_opt_factor\set43\u_opt_factor_0.7.py,u_opt_factor,43,u_opt_factor,0.7,2,5,5,0.5,0.7,0.7,0.6,1.0,0.7,54.740004,40,13,46.000001,78.200006,21.433334,1,1,1043,0
u_opt_factor\set43\u_opt_factor_0.8.py,u_opt_factor,43,u_opt_factor,0.8,2,5,5,0.5,0.8,0.7,0.6,1.0,0.8,57.960001,40,13,46.000001,82.800001,21.433334,1,1,1043,0
u_opt_factor\set43\u_opt_factor_0.9.py,u_opt_factor,43,u_opt_factor,0.9,2,5,5,0.5,0.9,0.7,0.6,1.0,0.9,61.18,40,13,46.000001,87.4,21.433334,1,1,1043,0
u_opt_factor\set44\u_opt_factor_0.1.py,u_opt_factor,44,u_opt_factor,0.1,2,5,5,0.5,0.1,0.7,0.6,1.0,0.1,35.42,40,12,45.999999,50.6,21.433333,1,1,1044,0
u_opt_factor\set44\u_opt_factor_0.2.py,u_opt_factor,44,u_opt_factor,0.2,2,5,5,0.5,0.2,0.7,0.6,1.0,0.2,38.639997,40,12,45.999999,55.199995,21.433333,1,1,1044,0
u_opt_factor\set44\u_opt_factor_0.3.py,u_opt_factor,44,u_opt_factor,0.3,2,5,5,0.5,0.3,0.7,0.6,1.0,0.3,41.859998,40,12,45.999999,59.799997,21.433333,1,1,1044,0
u_opt_factor\set44\u_opt_factor_0.4.py,u_opt_factor,44,u_opt_factor,0.4,2,5,5,0.5,0.4,0.7,0.6,1.0,0.4,45.079998,40,12,45.999999,64.399997,21.433333,1,1,1044,0
u_opt_factor\set44\u_opt_factor_0.5.py,u_opt_factor,44,u_opt_factor,0.5,2,5,5,0.5,0.5,0.7,0.6,1.0,0.5,48.3,40,12,45.999999,69.0,21.433333,1,1,1044,0
u_opt_factor\set44\u_opt_factor_0.6.py,u_opt_factor,44,u_opt_factor,0.6,2,5,5,0.5,0.6,0.7,0.6,1.0,0.6,51.519999,40,12,45.999999,73.599999,21.433333,1,1,1044,0
u_opt_factor\set44\u_opt_factor_0.7.py,u_opt_factor,44,u_opt_factor,0.7,2,5,5,0.5,0.7,0.7,0.6,1.0,0.7,54.740002,40,12,45.999999,78.200002,21.433333,1,1,1044,0
u_opt_factor\set44\u_opt_factor_0.8.py,u_opt_factor,44,u_opt_factor,0.8,2,5,5,0.5,0.8,0.7,0.6,1.0,0.8,57.959999,40,12,45.999999,82.799999,21.433333,1,1,1044,0
u_opt_factor\set44\u_opt_factor_0.9.py,u_opt_factor,44,u_opt_factor,0.9,2,5,5,0.5,0.9,0.7,0.6,1.0,0.9,61.180001,40,12,45.999999,87.400001,21.433333,1,1,1044,0
u_opt_factor\set45\u_opt_factor_0.1.py,u_opt_factor,45,u_opt_factor,0.1,2,5,5,0.5,0.1,0.7,0.6,1.0,0.1,35.419998,40,11,45.999998,50.599997,23.599999,1,1,1045,0
u_opt_factor\set45\u_opt_factor_0.2.py,u_opt_factor,45,u_opt_factor,0.2,2,5,5,0.5,0.2,0.7,0.6,1.0,0.2,38.639997,40,11,45.999998,55.199995,23.599999,1,1,1045,0
u_opt_factor\set45\u_opt_factor_0.3.py,u_opt_factor,45,u_opt_factor,0.3,2,5,5,0.5,0.3,0.7,0.6,1.0,0.3,41.859998,40,11,45.999998,59.799997,23.599999,1,1,1045,0
u_opt_factor\set45\u_opt_factor_0.4.py,u_opt_factor,45,u_opt_factor,0.4,2,5,5,0.5,0.4,0.7,0.6,1.0,0.4,45.079998,40,11,45.999998,64.399998,23.599999,1,1,1045,0
u_opt_factor\set45\u_opt_factor_0.5.py,u_opt_factor,45,u_opt_factor,0.5,2,5,5,0.5,0.5,0.7,0.6,1.0,0.5,48.299998,40,11,45.999998,68.999997,23.599999,1,1,1045,0
u_opt_factor\set45\u_opt_factor_0.6.py,u_opt_factor,45,u_opt_factor,0.6,2,5,5,0.5,0.6,0.7,0.6,1.0,0.6,51.519998,40,11,45.999998,73.599998,23.599999,1,1,1045,0
u_opt_factor\set45\u_opt_factor_0.7.py,u_opt_factor,45,u_opt_factor,0.7,2,5,5,0.5,0.7,0.7,0.6,1.0,0.7,54.739998,40,11,45.999998,78.199997,23.599999,1,1,1045,0
u_opt_factor\set45\u_opt_factor_0.8.py,u_opt_factor,45,u_opt_factor,0.8,2,5,5,0.5,0.8,0.7,0.6,1.0,0.8,57.959998,40,11,45.999998,82.799998,23.599999,1,1,1045,0
u_opt_factor\set45\u_opt_factor_0.9.py,u_opt_factor,45,u_opt_factor,0.9,2,5,5,0.5,0.9,0.7,0.6,1.0,0.9,61.179998,40,11,45.999998,87.399998,23.599999,1,1,1045,0
u_opt_factor\set46\u_opt_factor_0.1.py,u_opt_factor,46,u_opt_factor,0.1,2,5,5,0.5,0.1,0.7,0.6,1.0,0.1,35.419997,40,13,46.0,50.599995,22.042857,1,1,1046,0
u_opt_factor\set46\u_opt_factor_0.2.py,u_opt_factor,46,u_opt_factor,0.2,2,5,5,0.5,0.2,0.7,0.6,1.0,0.2,38.640002,40,13,46.0,55.200002,22.042857,1,1,1046,0
u_opt_factor\set46\u_opt_factor_0.3.py,u_opt_factor,46,u_opt_factor,0.3,2,5,5,0.5,0.3,0.7,0.6,1.0,0.3,41.860002,40,13,46.0,59.800003,22.042857,1,1,1046,0
u_opt_factor\set46\u_opt_factor_0.4.py,u_opt_factor,46,u_opt_factor,0.4,2,5,5,0.5,0.4,0.7,0.6,1.0,0.4,45.08,40,13,46.0,64.4,22.042857,1,1,1046,0
u_opt_factor\set46\u_opt_factor_0.5.py,u_opt_factor,46,u_opt_factor,0.5,2,5,5,0.5,0.5,0.7,0.6,1.0,0.5,48.300001,40,13,46.0,69.000001,22.042857,1,1,1046,0
u_opt_factor\set46\u_opt_factor_0.6.py,u_opt_factor,46,u_opt_factor,0.6,2,5,5,0.5,0.6,0.7,0.6,1.0,0.6,51.520003,40,13,46.0,73.600005,22.042857,1,1,1046,0
u_opt_factor\set46\u_opt_factor_0.7.py,u_opt_factor,46,u_opt_factor,0.7,2,5,5,0.5,0.7,0.7,0.6,1.0,0.7,54.74,40,13,46.0,78.2,22.042857,1,1,1046,0
u_opt_factor\set46\u_opt_factor_0.8.py,u_opt_factor,46,u_opt_factor,0.8,2,5,5,0.5,0.8,0.7,0.6,1.0,0.8,57.960001,40,13,46.0,82.800001,22.042857,1,1,1046,0
u_opt_factor\set46\u_opt_factor_0.9.py,u_opt_factor,46,u_opt_factor,0.9,2,5,5,0.5,0.9,0.7,0.6,1.0,0.9,61.179999,40,13,46.0,87.399999,22.042857,1,1,1046,0
u_opt_factor\set47\u_opt_factor_0.1.py,u_opt_factor,47,u_opt_factor,0.1,2,5,5,0.5,0.1,0.7,0.6,1.0,0.1,35.420002,40,13,46.000002,50.600002,22.000001,1,1,1047,0
u_opt_factor\set47\u_opt_factor_0.2.py,u_opt_factor,47,u_opt_factor,0.2,2,5,5,0.5,0.2,0.7,0.6,1.0,0.2,38.640004,40,13,46.000002,55.200006,22.000001,1,1,1047,0
u_opt_factor\set47\u_opt_factor_0.3.py,u_opt_factor,47,u_opt_factor,0.3,2,5,5,0.5,0.3,0.7,0.6,1.0,0.3,41.860002,40,13,46.000002,59.800003,22.000001,1,1,1047,0
u_opt_factor\set47\u_opt_factor_0.4.py,u_opt_factor,47,u_opt_factor,0.4,2,5,5,0.5,0.4,0.7,0.6,1.0,0.4,45.080001,40,13,46.000002,64.400001,22.000001,1,1,1047,0
u_opt_factor\set47\u_opt_factor_0.5.py,u_opt_factor,47,u_opt_factor,0.5,2,5,5,0.5,0.5,0.7,0.6,1.0,0.5,48.300002,40,13,46.000002,69.000002,22.000001,1,1,1047,0
u_opt_factor\set47\u_opt_factor_0.6.py,u_opt_factor,47,u_opt_factor,0.6,2,5,5,0.5,0.6,0.7,0.6,1.0,0.6,51.520005,40,13,46.000002,73.600007,22.000001,1,1,1047,0
u_opt_factor\set47\u_opt_factor_0.7.py,u_opt_factor,47,u_opt_factor,0.7,2,5,5,0.5,0.7,0.7,0.6,1.0,0.7,54.740001,40,13,46.000002,78.200001,22.000001,1,1,1047,0
u_opt_factor\set47\u_opt_factor_0.8.py,u_opt_factor,47,u_opt_factor,0.8,2,5,5,0.5,0.8,0.7,0.6,1.0,0.8,57.960002,40,13,46.000002,82.800003,22.000001,1,1,1047,0
u_opt_factor\set47\u_opt_factor_0.9.py,u_opt_factor,47,u_opt_factor,0.9,2,5,5,0.5,0.9,0.7,0.6,1.0,0.9,61.180006,40,13,46.000002,87.400008,22.000001,1,1,1047,0
u_opt_factor\set48\u_opt_factor_0.1.py,u_opt_factor,48,u_opt_factor,0.1,2,5,5,0.5,0.1,0.7,0.6,1.0,0.1,35.419998,40,13,45.999997,50.599998,21.399998,1,1,1048,0
u_opt_factor\set48\u_opt_factor_0.2.py,u_opt_factor,48,u_opt_factor,0.2,2,5,5,0.5,0.2,0.7,0.6,1.0,0.2,38.639998,40,13,45.999997,55.199997,21.399998,1,1,1048,0
u_opt_factor\set48\u_opt_factor_0.3.py,u_opt_factor,48,u_opt_factor,0.3,2,5,5,0.5,0.3,0.7,0.6,1.0,0.3,41.859999,40,13,45.999997,59.799999,21.399998,1,1,1048,0
u_opt_factor\set48\u_opt_factor_0.4.py,u_opt_factor,48,u_opt_factor,0.4,2,5,5,0.5,0.4,0.7,0.6,1.0,0.4,45.080001,40,13,45.999997,64.400001,21.399998,1,1,1048,0
u_opt_factor\set48\u_opt_factor_0.5.py,u_opt_factor,48,u_opt_factor,0.5,2,5,5,0.5,0.5,0.7,0.6,1.0,0.5,48.299998,40,13,45.999997,68.999997,21.399998,1,1,1048,0
u_opt_factor\set48\u_opt_factor_0.6.py,u_opt_factor,48,u_opt_factor,0.6,2,5,5,0.5,0.6,0.7,0.6,1.0,0.6,51.519999,40,13,45.999997,73.599999,21.399998,1,1,1048,0
u_opt_factor\set48\u_opt_factor_0.7.py,u_opt_factor,48,u_opt_factor,0.7,2,5,5,0.5,0.7,0.7,0.6,1.0,0.7,54.74,40,13,45.999997,78.2,21.399998,1,1,1048,0
u_opt_factor\set48\u_opt_factor_0.8.py,u_opt_factor,48,u_opt_factor,0.8,2,5,5,0.5,0.8,0.7,0.6,1.0,0.8,57.960001,40,13,45.999997,82.800001,21.399998,1,1,1048,0
u_opt_factor\set48\u_opt_factor_0.9.py,u_opt_factor,48,u_opt_factor,0.9,2,5,5,0.5,0.9,0.7,0.6,1.0,0.9,61.179999,40,13,45.999997,87.399999,21.399998,1,1,1048,0
u_opt_factor\set49\u_opt_factor_0.1.py,u_opt_factor,49,u_opt_factor,0.1,2,5,5,0.5,0.1,0.7,0.6,1.0,0.1,35.419998,40,11,45.999998,50.599998,23.599999,1,1,1049,0
u_opt_factor\set49\u_opt_factor_0.2.py,u_opt_factor,49,u_opt_factor,0.2,2,5,5,0.5,0.2,0.7,0.6,1.0,0.2,38.639998,40,11,45.999998,55.199997,23.599999,1,1,1049,0
u_opt_factor\set49\u_opt_factor_0.3.py,u_opt_factor,49,u_opt_factor,0.3,2,5,5,0.5,0.3,0.7,0.6,1.0,0.3,41.86,40,11,45.999998,59.8,23.599999,1,1,1049,0
u_opt_factor\set49\u_opt_factor_0.4.py,u_opt_factor,49,u_opt_factor,0.4,2,5,5,0.5,0.4,0.7,0.6,1.0,0.4,45.080001,40,11,45.999998,64.400001,23.599999,1,1,1049,0
u_opt_factor\set49\u_opt_factor_0.5.py,u_opt_factor,49,u_opt_factor,0.5,2,5,5,0.5,0.5,0.7,0.6,1.0,0.5,48.300002,40,11,45.999998,69.000002,23.599999,1,1,1049,0
u_opt_factor\set49\u_opt_factor_0.6.py,u_opt_factor,49,u_opt_factor,0.6,2,5,5,0.5,0.6,0.7,0.6,1.0,0.6,51.520002,40,11,45.999998,73.600002,23.599999,1,1,1049,0
u_opt_factor\set49\u_opt_factor_0.7.py,u_opt_factor,49,u_opt_factor,0.7,2,5,5,0.5,0.7,0.7,0.6,1.0,0.7,54.74,40,11,45.999998,78.2,23.599999,1,1,1049,0
u_opt_factor\set49\u_opt_factor_0.8.py,u_opt_factor,49,u_opt_factor,0.8,2,5,5,0.5,0.8,0.7,0.6,1.0,0.8,57.959998,40,11,45.999998,82.799997,23.599999,1,1,1049,0
u_opt_factor\set49\u_opt_factor_0.9.py,u_opt_factor,49,u_opt_factor,0.9,2,5,5,0.5,0.9,0.7,0.6,1.0,0.9,61.18,40,11,45.999998,87.4,23.599999,1,1,1049,0
u_opt_factor\set50\u_opt_factor_0.1.py,u_opt_factor,50,u_opt_factor,0.1,2,5,5,0.5,0.1,0.7,0.6,1.0,0.1,35.420002,40,15,46.000003,50.600002,23.009093,1,1,1050,0
u_opt_factor\set50\u_opt_factor_0.2.py,u_opt_factor,50,u_opt_factor,0.2,2,5,5,0.5,0.2,0.7,0.6,1.0,0.2,38.640004,40,15,46.000003,55.200006,23.009093,1,1,1050,0
u_opt_factor\set50\u_opt_factor_0.3.py,u_opt_factor,50,u_opt_factor,0.3,2,5,5,0.5,0.3,0.7,0.6,1.0,0.3,41.86,40,15,46.000003,59.8,23.009093,1,1,1050,0
u_opt_factor\set50\u_opt_factor_0.4.py,u_opt_factor,50,u_opt_factor,0.4,2,5,5,0.5,0.4,0.7,0.6,1.0,0.4,45.080002,40,15,46.000003,64.400003,23.009093,1,1,1050,0
u_opt_factor\set50\u_opt_factor_0.5.py,u_opt_factor,50,u_opt_factor,0.5,2,5,5,0.5,0.5,0.7,0.6,1.0,0.5,48.299998,40,15,46.000003,68.999998,23.009093,1,1,1050,0
u_opt_factor\set50\u_opt_factor_0.6.py,u_opt_factor,50,u_opt_factor,0.6,2,5,5,0.5,0.6,0.7,0.6,1.0,0.6,51.520004,40,15,46.000003,73.600006,23.009093,1,1,1050,0
u_opt_factor\set50\u_opt_factor_0.7.py,u_opt_factor,50,u_opt_factor,0.7,2,5,5,0.5,0.7,0.7,0.6,1.0,0.7,54.74,40,15,46.000003,78.2,23.009093,1,1,1050,0
u_opt_factor\set50\u_opt_factor_0.8.py,u_opt_factor,50,u_opt_factor,0.8,2,5,5,0.5,0.8,0.7,0.6,1.0,0.8,57.960002,40,15,46.000003,82.800003,23.009093,1,1,1050,0
u_opt_factor\set50\u_opt_factor_0.9.py,u_opt_factor,50,u_opt_factor,0.9,2,5,5,0.5,0.9,0.7,0.6,1.0,0.9,61.180005,40,15,46.000003,87.400007,23.009093,1,1,1050,0
u_opt_factor\set51\u_opt_factor_0.1.py,u_opt_factor,51,u_opt_factor,0.1,2,5,5,0.5,0.1,0.7,0.6,1.0,0.1,35.419999,40,11,45.999998,50.599999,21.999999,1,1,1051,0
u_opt_factor\set51\u_opt_factor_0.2.py,u_opt_factor,51,u_opt_factor,0.2,2,5,5,0.5,0.2,0.7,0.6,1.0,0.2,38.639995,40,11,45.999998,55.199993,21.999999,1,1,1051,0
u_opt_factor\set51\u_opt_factor_0.3.py,u_opt_factor,51,u_opt_factor,0.3,2,5,5,0.5,0.3,0.7,0.6,1.0,0.3,41.859999,40,11,45.999998,59.799999,21.999999,1,1,1051,0
u_opt_factor\set51\u_opt_factor_0.4.py,u_opt_factor,51,u_opt_factor,0.4,2,5,5,0.5,0.4,0.7,0.6,1.0,0.4,45.079999,40,11,45.999998,64.399999,21.999999,1,1,1051,0
u_opt_factor\set51\u_opt_factor_0.5.py,u_opt_factor,51,u_opt_factor,0.5,2,5,5,0.5,0.5,0.7,0.6,1.0,0.5,48.299998,40,11,45.999998,68.999998,21.999999,1,1,1051,0
u_opt_factor\set51\u_opt_factor_0.6.py,u_opt_factor,51,u_opt_factor,0.6,2,5,5,0.5,0.6,0.7,0.6,1.0,0.6,51.519998,40,11,45.999998,73.599997,21.999999,1,1,1051,0
u_opt_factor\set51\u_opt_factor_0.7.py,u_opt_factor,51,u_opt_factor,0.7,2,5,5,0.5,0.7,0.7,0.6,1.0,0.7,54.739998,40,11,45.999998,78.199998,21.999999,1,1,1051,0
u_opt_factor\set51\u_opt_factor_0.8.py,u_opt_factor,51,u_opt_factor,0.8,2,5,5,0.5,0.8,0.7,0.6,1.0,0.8,57.960002,40,11,45.999998,82.800003,21.999999,1,1,1051,0
u_opt_factor\set51\u_opt_factor_0.9.py,u_opt_factor,51,u_opt_factor,0.9,2,5,5,0.5,0.9,0.7,0.6,1.0,0.9,61.179996,40,11,45.999998,87.399994,21.999999,1,1,1051,0
u_opt_factor\set52\u_opt_factor_0.1.py,u_opt_factor,52,u_opt_factor,0.1,2,5,5,0.5,0.1,0.7,0.6,1.0,0.1,35.419998,40,11,45.999997,50.599998,21.399998,1,1,1052,0
u_opt_factor\set52\u_opt_factor_0.2.py,u_opt_factor,52,u_opt_factor,0.2,2,5,5,0.5,0.2,0.7,0.6,1.0,0.2,38.639997,40,11,45.999997,55.199995,21.399998,1,1,1052,0
u_opt_factor\set52\u_opt_factor_0.3.py,u_opt_factor,52,u_opt_factor,0.3,2,5,5,0.5,0.3,0.7,0.6,1.0,0.3,41.859997,40,11,45.999997,59.799995,21.399998,1,1,1052,0
u_opt_factor\set52\u_opt_factor_0.4.py,u_opt_factor,52,u_opt_factor,0.4,2,5,5,0.5,0.4,0.7,0.6,1.0,0.4,45.079997,40,11,45.999997,64.399995,21.399998,1,1,1052,0
u_opt_factor\set52\u_opt_factor_0.5.py,u_opt_factor,52,u_opt_factor,0.5,2,5,5,0.5,0.5,0.7,0.6,1.0,0.5,48.299998,40,11,45.999997,68.999997,21.399998,1,1,1052,0
u_opt_factor\set52\u_opt_factor_0.6.py,u_opt_factor,52,u_opt_factor,0.6,2,5,5,0.5,0.6,0.7,0.6,1.0,0.6,51.519994,40,11,45.999997,73.599992,21.399998,1,1,1052,0
u_opt_factor\set52\u_opt_factor_0.7.py,u_opt_factor,52,u_opt_factor,0.7,2,5,5,0.5,0.7,0.7,0.6,1.0,0.7,54.739995,40,11,45.999997,78.199993,21.399998,1,1,1052,0
u_opt_factor\set52\u_opt_factor_0.8.py,u_opt_factor,52,u_opt_factor,0.8,2,5,5,0.5,0.8,0.7,0.6,1.0,0.8,57.959996,40,11,45.999997,82.799994,21.399998,1,1,1052,0
u_opt_factor\set52\u_opt_factor_0.9.py,u_opt_factor,52,u_opt_factor,0.9,2,5,5,0.5,0.9,0.7,0.6,1.0,0.9,61.18,40,11,45.999997,87.4,21.399998,1,1,1052,0
u_opt_factor\set53\u_opt_factor_0.1.py,u_opt_factor,53,u_opt_factor,0.1,2,5,5,0.5,0.1,0.7,0.6,1.0,0.1,35.419998,40,9,45.999998,50.599997,23.00909,1,1,1053,0
u_opt_factor\set53\u_opt_factor_0.2.py,u_opt_factor,53,u_opt_factor,0.2,2,5,5,0.5,0.2,0.7,0.6,1.0,0.2,38.639996,40,9,45.999998,55.199994,23.00909,1,1,1053,0
u_opt_factor\set53\u_opt_factor_0.3.py,u_opt_factor,53,u_opt_factor,0.3,2,5,5,0.5,0.3,0.7,0.6,1.0,0.3,41.859998,40,9,45.999998,59.799998,23.00909,1,1,1053,0
u_opt_factor\set53\u_opt_factor_0.4.py,u_opt_factor,53,u_opt_factor,0.4,2,5,5,0.5,0.4,0.7,0.6,1.0,0.4,45.079999,40,9,45.999998,64.399999,23.00909,1,1,1053,0
u_opt_factor\set53\u_opt_factor_0.5.py,u_opt_factor,53,u_opt_factor,0.5,2,5,5,0.5,0.5,0.7,0.6,1.0,0.5,48.299997,40,9,45.999998,68.999995,23.00909,1,1,1053,0
u_opt_factor\set53\u_opt_factor_0.6.py,u_opt_factor,53,u_opt_factor,0.6,2,5,5,0.5,0.6,0.7,0.6,1.0,0.6,51.519996,40,9,45.999998,73.599994,23.00909,1,1,1053,0
u_opt_factor\set53\u_opt_factor_0.7.py,u_opt_factor,53,u_opt_factor,0.7,2,5,5,0.5,0.7,0.7,0.6,1.0,0.7,54.74,40,9,45.999998,78.2,23.00909,1,1,1053,0
u_opt_factor\set53\u_opt_factor_0.8.py,u_opt_factor,53,u_opt_factor,0.8,2,5,5,0.5,0.8,0.7,0.6,1.0,0.8,57.96,40,9,45.999998,82.8,23.00909,1,1,1053,0
u_opt_factor\set53\u_opt_factor_0.9.py,u_opt_factor,53,u_opt_factor,0.9,2,5,5,0.5,0.9,0.7,0.6,1.0,0.9,61.179999,40,9,45.999998,87.399999,23.00909,1,1,1053,0
u_opt_factor\set54\u_opt_factor_0.1.py,u_opt_factor,54,u_opt_factor,0.1,2,5,5,0.5,0.1,0.7,0.6,1.0,0.1,35.42,40,13,45.999999,50.6,22.042857,1,1,1054,0
u_opt_factor\set54\u_opt_factor_0.2.py,u_opt_factor,54,u_opt_factor,0.2,2,5,5,0.5,0.2,0.7,0.6,1.0,0.2,38.640002,40,13,45.999999,55.200002,22.042857,1,1,1054,0
u_opt_factor\set54\u_opt_factor_0.3.py,u_opt_factor,54,u_opt_factor,0.3,2,5,5,0.5,0.3,0.7,0.6,1.0,0.3,41.860003,40,13,45.999999,59.800005,22.042857,1,1,1054,0
u_opt_factor\set54\u_opt_factor_0.4.py,u_opt_factor,54,u_opt_factor,0.4,2,5,5,0.5,0.4,0.7,0.6,1.0,0.4,45.079995,40,13,45.999999,64.399993,22.042857,1,1,1054,0
u_opt_factor\set54\u_opt_factor_0.5.py,u_opt_factor,54,u_opt_factor,0.5,2,5,5,0.5,0.5,0.7,0.6,1.0,0.5,48.299998,40,13,45.999999,68.999997,22.042857,1,1,1054,0
u_opt_factor\set54\u_opt_factor_0.6.py,u_opt_factor,54,u_opt_factor,0.6,2,5,5,0.5,0.6,0.7,0.6,1.0,0.6,51.519998,40,13,45.999999,73.599998,22.042857,1,1,1054,0
u_opt_factor\set54\u_opt_factor_0.7.py,u_opt_factor,54,u_opt_factor,0.7,2,5,5,0.5,0.7,0.7,0.6,1.0,0.7,54.74,40,13,45.999999,78.2,22.042857,1,1,1054,0
u_opt_factor\set54\u_opt_factor_0.8.py,u_opt_factor,54,u_opt_factor,0.8,2,5,5,0.5,0.8,0.7,0.6,1.0,0.8,57.960005,40,13,45.999999,82.800007,22.042857,1,1,1054,0
u_opt_factor\set54\u_opt_factor_0.9.py,u_opt_factor,54,u_opt_factor,0.9,2,5,5,0.5,0.9,0.7,0.6,1.0,0.9,61.179999,40,13,45.999999,87.399999,22.042857,1,1,1054,0
u_opt_factor\set55\u_opt_factor_0.1.py,u_opt_factor,55,u_opt_factor,0.1,2,5,5,0.5,0.1,0.7,0.6,1.0,0.1,35.419998,40,11,45.999999,50.599997,22.042857,1,1,1055,0
u_opt_factor\set55\u_opt_factor_0.2.py,u_opt_factor,55,u_opt_factor,0.2,2,5,5,0.5,0.2,0.7,0.6,1.0,0.2,38.640001,40,11,45.999999,55.200001,22.042857,1,1,1055,0
u_opt_factor\set55\u_opt_factor_0.3.py,u_opt_factor,55,u_opt_factor,0.3,2,5,5,0.5,0.3,0.7,0.6,1.0,0.3,41.859999,40,11,45.999999,59.799999,22.042857,1,1,1055,0
u_opt_factor\set55\u_opt_factor_0.4.py,u_opt_factor,55,u_opt_factor,0.4,2,5,5,0.5,0.4,0.7,0.6,1.0,0.4,45.079998,40,11,45.999999,64.399998,22.042857,1,1,1055,0
u_opt_factor\set55\u_opt_factor_0.5.py,u_opt_factor,55,u_opt_factor,0.5,2,5,5,0.5,0.5,0.7,0.6,1.0,0.5,48.300002,40,11,45.999999,69.000002,22.042857,1,1,1055,0
u_opt_factor\set55\u_opt_factor_0.6.py,u_opt_factor,55,u_opt_factor,0.6,2,5,5,0.5,0.6,0.7,0.6,1.0,0.6,51.519998,40,11,45.999999,73.599998,22.042857,1,1,1055,0
u_opt_factor\set55\u_opt_factor_0.7.py,u_opt_factor,55,u_opt_factor,0.7,2,5,5,0.5,0.7,0.7,0.6,1.0,0.7,54.739998,40,11,45.999999,78.199998,22.042857,1,1,1055,0
u_opt_factor\set55\u_opt_factor_0.8.py,u_opt_factor,55,u_opt_factor,0.8,2,5,5,0.5,0.8,0.7,0.6,1.0,0.8,57.959998,40,11,45.999999,82.799998,22.042857,1,1,1055,0
u_opt_factor\set55\u_opt_factor_0.9.py,u_opt_factor,55,u_opt_factor,0.9,2,5,5,0.5,0.9,0.7,0.6,1.0,0.9,61.18,40,11,45.999999,87.4,22.042857,1,1,1055,0
u_opt_factor\set56\u_opt_factor_0.1.py,u_opt_factor,56,u_opt_factor,0.1,2,5,5,0.5,0.1,0.7,0.6,1.0,0.1,35.420002,40,10,45.999999,50.600002,21.399999,1,1,1056,0
u_opt_factor\set56\u_opt_factor_0.2.py,u_opt_factor,56,u_opt_factor,0.2,2,5,5,0.5,0.2,0.7,0.6,1.0,0.2,38.64,40,10,45.999999,55.2,21.399999,1,1,1056,0
u_opt_factor\set56\u_opt_factor_0.3.py,u_opt_factor,56,u_opt_factor,0.3,2,5,5,0.5,0.3,0.7,0.6,1.0,0.3,41.859998,40,10,45.999999,59.799997,21.399999,1,1,1056,0
u_opt_factor\set56\u_opt_factor_0.4.py,u_opt_factor,56,u_opt_factor,0.4,2,5,5,0.5,0.4,0.7,0.6,1.0,0.4,45.079999,40,10,45.999999,64.399999,21.399999,1,1,1056,0
u_opt_factor\set56\u_opt_factor_0.5.py,u_opt_factor,56,u_opt_factor,0.5,2,5,5,0.5,0.5,0.7,0.6,1.0,0.5,48.299998,40,10,45.999999,68.999998,21.399999,1,1,1056,0
u_opt_factor\set56\u_opt_factor_0.6.py,u_opt_factor,56,u_opt_factor,0.6,2,5,5,0.5,0.6,0.7,0.6,1.0,0.6,51.519998,40,10,45.999999,73.599998,21.399999,1,1,1056,0
u_opt_factor\set56\u_opt_factor_0.7.py,u_opt_factor,56,u_opt_factor,0.7,2,5,5,0.5,0.7,0.7,0.6,1.0,0.7,54.739999,40,10,45.999999,78.199999,21.399999,1,1,1056,0
u_opt_factor\set56\u_opt_factor_0.8.py,u_opt_factor,56,u_opt_factor,0.8,2,5,5,0.5,0.8,0.7,0.6,1.0,0.8,57.959998,40,10,45.999999,82.799997,21.399999,1,1,1056,0
u_opt_factor\set56\u_opt_factor_0.9.py,u_opt_factor,56,u_opt_factor,0.9,2,5,5,0.5,0.9,0.7,0.6,1.0,0.9,61.179998,40,10,45.999999,87.399998,21.399999,1,1,1056,0
u_opt_factor\set57\u_opt_factor_0.1.py,u_opt_factor,57,u_opt_factor,0.1,2,5,5,0.5,0.1,0.7,0.6,1.0,0.1,35.419994,40,15,46.0,50.599991,21.4,1,1,1057,0
u_opt_factor\set57\u_opt_factor_0.2.py,u_opt_factor,57,u_opt_factor,0.2,2,5,5,0.5,0.2,0.7,0.6,1.0,0.2,38.640001,40,15,46.0,55.200001,21.4,1,1,1057,0
u_opt_factor\set57\u_opt_factor_0.3.py,u_opt_factor,57,u_opt_factor,0.3,2,5,5,0.5,0.3,0.7,0.6,1.0,0.3,41.859998,40,15,46.0,59.799997,21.4,1,1,1057,0
u_opt_factor\set57\u_opt_factor_0.4.py,u_opt_factor,57,u_opt_factor,0.4,2,5,5,0.5,0.4,0.7,0.6,1.0,0.4,45.079999,40,15,46.0,64.399999,21.4,1,1,1057,0
u_opt_factor\set57\u_opt_factor_0.5.py,u_opt_factor,57,u_opt_factor,0.5,2,5,5,0.5,0.5,0.7,0.6,1.0,0.5,48.299998,40,15,46.0,68.999997,21.4,1,1,1057,0
u_opt_factor\set57\u_opt_factor_0.6.py,u_opt_factor,57,u_opt_factor,0.6,2,5,5,0.5,0.6,0.7,0.6,1.0,0.6,51.519998,40,15,46.0,73.599998,21.4,1,1,1057,0
u_opt_factor\set57\u_opt_factor_0.7.py,u_opt_factor,57,u_opt_factor,0.7,2,5,5,0.5,0.7,0.7,0.6,1.0,0.7,54.739997,40,15,46.0,78.199995,21.4,1,1,1057,0
u_opt_factor\set57\u_opt_factor_0.8.py,u_opt_factor,57,u_opt_factor,0.8,2,5,5,0.5,0.8,0.7,0.6,1.0,0.8,57.96,40,15,46.0,82.8,21.4,1,1,1057,0
u_opt_factor\set57\u_opt_factor_0.9.py,u_opt_factor,57,u_opt_factor,0.9,2,5,5,0.5,0.9,0.7,0.6,1.0,0.9,61.18,40,15,46.0,87.4,21.4,1,1,1057,0
u_opt_factor\set58\u_opt_factor_0.1.py,u_opt_factor,58,u_opt_factor,0.1,2,5,5,0.5,0.1,0.7,0.6,1.0,0.1,35.420002,40,15,46.000001,50.600002,21.400001,1,1,1058,0
u_opt_factor\set58\u_opt_factor_0.2.py,u_opt_factor,58,u_opt_factor,0.2,2,5,5,0.5,0.2,0.7,0.6,1.0,0.2,38.639998,40,15,46.000001,55.199997,21.400001,1,1,1058,0
u_opt_factor\set58\u_opt_factor_0.3.py,u_opt_factor,58,u_opt_factor,0.3,2,5,5,0.5,0.3,0.7,0.6,1.0,0.3,41.86,40,15,46.000001,59.8,21.400001,1,1,1058,0
u_opt_factor\set58\u_opt_factor_0.4.py,u_opt_factor,58,u_opt_factor,0.4,2,5,5,0.5,0.4,0.7,0.6,1.0,0.4,45.080003,40,15,46.000001,64.400005,21.400001,1,1,1058,0
u_opt_factor\set58\u_opt_factor_0.5.py,u_opt_factor,58,u_opt_factor,0.5,2,5,5,0.5,0.5,0.7,0.6,1.0,0.5,48.3,40,15,46.000001,69.0,21.400001,1,1,1058,0
u_opt_factor\set58\u_opt_factor_0.6.py,u_opt_factor,58,u_opt_factor,0.6,2,5,5,0.5,0.6,0.7,0.6,1.0,0.6,51.520002,40,15,46.000001,73.600002,21.400001,1,1,1058,0
u_opt_factor\set58\u_opt_factor_0.7.py,u_opt_factor,58,u_opt_factor,0.7,2,5,5,0.5,0.7,0.7,0.6,1.0,0.7,54.740002,40,15,46.000001,78.200002,21.400001,1,1,1058,0
u_opt_factor\set58\u_opt_factor_0.8.py,u_opt_factor,58,u_opt_factor,0.8,2,5,5,0.5,0.8,0.7,0.6,1.0,0.8,57.959998,40,15,46.000001,82.799998,21.400001,1,1,1058,0
u_opt_factor\set58\u_opt_factor_0.9.py,u_opt_factor,58,u_opt_factor,0.9,2,5,5,0.5,0.9,0.7,0.6,1.0,0.9,61.179998,40,15,46.000001,87.399998,21.400001,1,1,1058,0
u_opt_factor\set59\u_opt_factor_0.1.py,u_opt_factor,59,u_opt_factor,0.1,2,5,5,0.5,0.1,0.7,0.6,1.0,0.1,35.42,40,10,45.999999,50.6,21.433333,1,1,1059,0
u_opt_factor\set59\u_opt_factor_0.2.py,u_opt_factor,59,u_opt_factor,0.2,2,5,5,0.5,0.2,0.7,0.6,1.0,0.2,38.640001,40,10,45.999999,55.200001,21.433333,1,1,1059,0
u_opt_factor\set59\u_opt_factor_0.3.py,u_opt_factor,59,u_opt_factor,0.3,2,5,5,0.5,0.3,0.7,0.6,1.0,0.3,41.859998,40,10,45.999999,59.799998,21.433333,1,1,1059,0
u_opt_factor\set59\u_opt_factor_0.4.py,u_opt_factor,59,u_opt_factor,0.4,2,5,5,0.5,0.4,0.7,0.6,1.0,0.4,45.079996,40,10,45.999999,64.399994,21.433333,1,1,1059,0
u_opt_factor\set59\u_opt_factor_0.5.py,u_opt_factor,59,u_opt_factor,0.5,2,5,5,0.5,0.5,0.7,0.6,1.0,0.5,48.299999,40,10,45.999999,68.999999,21.433333,1,1,1059,0
u_opt_factor\set59\u_opt_factor_0.6.py,u_opt_factor,59,u_opt_factor,0.6,2,5,5,0.5,0.6,0.7,0.6,1.0,0.6,51.519999,40,10,45.999999,73.599999,21.433333,1,1,1059,0
u_opt_factor\set59\u_opt_factor_0.7.py,u_opt_factor,59,u_opt_factor,0.7,2,5,5,0.5,0.7,0.7,0.6,1.0,0.7,54.739998,40,10,45.999999,78.199998,21.433333,1,1,1059,0
u_opt_factor\set59\u_opt_factor_0.8.py,u_opt_factor,59,u_opt_factor,0.8,2,5,5,0.5,0.8,0.7,0.6,1.0,0.8,57.959999,40,10,45.999999,82.799999,21.433333,1,1,1059,0
u_opt_factor\set59\u_opt_factor_0.9.py,u_opt_factor,59,u_opt_factor,0.9,2,5,5,0.5,0.9,0.7,0.6,1.0,0.9,61.180002,40,10,45.999999,87.400002,21.433333,1,1,1059,0
u_opt_factor\set60\u_opt_factor_0.1.py,u_opt_factor,60,u_opt_factor,0.1,2,5,5,0.5,0.1,0.7,0.6,1.0,0.1,35.420001,40,15,45.999999,50.600001,21.433333,1,1,1060,0
u_opt_factor\set60\u_opt_factor_0.2.py,u_opt_factor,60,u_opt_factor,0.2,2,5,5,0.5,0.2,0.7,0.6,1.0,0.2,38.639999,40,15,45.999999,55.199999,21.433333,1,1,1060,0
u_opt_factor\set60\u_opt_factor_0.3.py,u_opt_factor,60,u_opt_factor,0.3,2,5,5,0.5,0.3,0.7,0.6,1.0,0.3,41.859997,40,15,45.999999,59.799995,21.433333,1,1,1060,0
u_opt_factor\set60\u_opt_factor_0.4.py,u_opt_factor,60,u_opt_factor,0.4,2,5,5,0.5,0.4,0.7,0.6,1.0,0.4,45.079996,40,15,45.999999,64.399994,21.433333,1,1,1060,0
u_opt_factor\set60\u_opt_factor_0.5.py,u_opt_factor,60,u_opt_factor,0.5,2,5,5,0.5,0.5,0.7,0.6,1.0,0.5,48.299997,40,15,45.999999,68.999995,21.433333,1,1,1060,0
u_opt_factor\set60\u_opt_factor_0.6.py,u_opt_factor,60,u_opt_factor,0.6,2,5,5,0.5,0.6,0.7,0.6,1.0,0.6,51.519997,40,15,45.999999,73.599995,21.433333,1,1,1060,0
u_opt_factor\set60\u_opt_factor_0.7.py,u_opt_factor,60,u_opt_factor,0.7,2,5,5,0.5,0.7,0.7,0.6,1.0,0.7,54.739997,40,15,45.999999,78.199995,21.433333,1,1,1060,0
u_opt_factor\set60\u_opt_factor_0.8.py,u_opt_factor,60,u_opt_factor,0.8,2,5,5,0.5,0.8,0.7,0.6,1.0,0.8,57.959995,40,15,45.999999,82.799993,21.433333,1,1,1060,0
u_opt_factor\set60\u_opt_factor_0.9.py,u_opt_factor,60,u_opt_factor,0.9,2,5,5,0.5,0.9,0.7,0.6,1.0,0.9,61.179997,40,15,45.999999,87.399995,21.433333,1,1,1060,0
u_opt_factor\set61\u_opt_factor_0.1.py,u_opt_factor,61,u_opt_factor,0.1,2,5,5,0.5,0.1,0.7,0.6,1.0,0.1,35.42,40,12,45.999999,50.6,21.399999,1,1,1061,0
u_opt_factor\set61\u_opt_factor_0.2.py,u_opt_factor,61,u_opt_factor,0.2,2,5,5,0.5,0.2,0.7,0.6,1.0,0.2,38.639999,40,12,45.999999,55.199999,21.399999,1,1,1061,0
u_opt_factor\set61\u_opt_factor_0.3.py,u_opt_factor,61,u_opt_factor,0.3,2,5,5,0.5,0.3,0.7,0.6,1.0,0.3,41.859999,40,12,45.999999,59.799999,21.399999,1,1,1061,0
u_opt_factor\set61\u_opt_factor_0.4.py,u_opt_factor,61,u_opt_factor,0.4,2,5,5,0.5,0.4,0.7,0.6,1.0,0.4,45.079998,40,12,45.999999,64.399997,21.399999,1,1,1061,0
u_opt_factor\set61\u_opt_factor_0.5.py,u_opt_factor,61,u_opt_factor,0.5,2,5,5,0.5,0.5,0.7,0.6,1.0,0.5,48.299999,40,12,45.999999,68.999999,21.399999,1,1,1061,0
u_opt_factor\set61\u_opt_factor_0.6.py,u_opt_factor,61,u_opt_factor,0.6,2,5,5,0.5,0.6,0.7,0.6,1.0,0.6,51.520001,40,12,45.999999,73.600001,21.399999,1,1,1061,0
u_opt_factor\set61\u_opt_factor_0.7.py,u_opt_factor,61,u_opt_factor,0.7,2,5,5,0.5,0.7,0.7,0.6,1.0,0.7,54.739998,40,12,45.999999,78.199997,21.399999,1,1,1061,0
u_opt_factor\set61\u_opt_factor_0.8.py,u_opt_factor,61,u_opt_factor,0.8,2,5,5,0.5,0.8,0.7,0.6,1.0,0.8,57.959998,40,12,45.999999,82.799998,21.399999,1,1,1061,0
u_opt_factor\set61\u_opt_factor_0.9.py,u_opt_factor,61,u_opt_factor,0.9,2,5,5,0.5,0.9,0.7,0.6,1.0,0.9,61.179997,40,12,45.999999,87.399995,21.399999,1,1,1061,0
u_opt_factor\set62\u_opt_factor_0.1.py,u_opt_factor,62,u_opt_factor,0.1,2,5,5,0.5,0.1,0.7,0.6,1.0,0.1,35.420001,40,10,46.000003,50.600001,21.433335,1,1,1062,0
u_opt_factor\set62\u_opt_factor_0.2.py,u_opt_factor,62,u_opt_factor,0.2,2,5,5,0.5,0.2,0.7,0.6,1.0,0.2,38.64,40,10,46.000003,55.2,21.433335,1,1,1062,0
u_opt_factor\set62\u_opt_factor_0.3.py,u_opt_factor,62,u_opt_factor,0.3,2,5,5,0.5,0.3,0.7,0.6,1.0,0.3,41.860003,40,10,46.000003,59.800005,21.433335,1,1,1062,0
u_opt_factor\set62\u_opt_factor_0.4.py,u_opt_factor,62,u_opt_factor,0.4,2,5,5,0.5,0.4,0.7,0.6,1.0,0.4,45.080004,40,10,46.000003,64.400006,21.433335,1,1,1062,0
u_opt_factor\set62\u_opt_factor_0.5.py,u_opt_factor,62,u_opt_factor,0.5,2,5,5,0.5,0.5,0.7,0.6,1.0,0.5,48.300001,40,10,46.000003,69.000001,21.433335,1,1,1062,0
u_opt_factor\set62\u_opt_factor_0.6.py,u_opt_factor,62,u_opt_factor,0.6,2,5,5,0.5,0.6,0.7,0.6,1.0,0.6,51.520002,40,10,46.000003,73.600002,21.433335,1,1,1062,0
u_opt_factor\set62\u_opt_factor_0.7.py,u_opt_factor,62,u_opt_factor,0.7,2,5,5,0.5,0.7,0.7,0.6,1.0,0.7,54.74,40,10,46.000003,78.2,21.433335,1,1,1062,0
u_opt_factor\set62\u_opt_factor_0.8.py,u_opt_factor,62,u_opt_factor,0.8,2,5,5,0.5,0.8,0.7,0.6,1.0,0.8,57.960003,40,10,46.000003,82.800005,21.433335,1,1,1062,0
u_opt_factor\set62\u_opt_factor_0.9.py,u_opt_factor,62,u_opt_factor,0.9,2,5,5,0.5,0.9,0.7,0.6,1.0,0.9,61.180002,40,10,46.000003,87.400003,21.433335,1,1,1062,0
u_opt_factor\set63\u_opt_factor_0.1.py,u_opt_factor,63,u_opt_factor,0.1,2,5,5,0.5,0.1,0.7,0.6,1.0,0.1,35.419998,40,10,46.000001,50.599998,21.400001,1,1,1063,0
u_opt_factor\set63\u_opt_factor_0.2.py,u_opt_factor,63,u_opt_factor,0.2,2,5,5,0.5,0.2,0.7,0.6,1.0,0.2,38.640001,40,10,46.000001,55.200001,21.400001,1,1,1063,0
u_opt_factor\set63\u_opt_factor_0.3.py,u_opt_factor,63,u_opt_factor,0.3,2,5,5,0.5,0.3,0.7,0.6,1.0,0.3,41.860002,40,10,46.000001,59.800002,21.400001,1,1,1063,0
u_opt_factor\set63\u_opt_factor_0.4.py,u_opt_factor,63,u_opt_factor,0.4,2,5,5,0.5,0.4,0.7,0.6,1.0,0.4,45.08,40,10,46.000001,64.4,21.400001,1,1,1063,0
u_opt_factor\set63\u_opt_factor_0.5.py,u_opt_factor,63,u_opt_factor,0.5,2,5,5,0.5,0.5,0.7,0.6,1.0,0.5,48.300002,40,10,46.000001,69.000002,21.400001,1,1,1063,0
u_opt_factor\set63\u_opt_factor_0.6.py,u_opt_factor,63,u_opt_factor,0.6,2,5,5,0.5,0.6,0.7,0.6,1.0,0.6,51.519999,40,10,46.000001,73.599999,21.400001,1,1,1063,0
u_opt_factor\set63\u_opt_factor_0.7.py,u_opt_factor,63,u_opt_factor,0.7,2,5,5,0.5,0.7,0.7,0.6,1.0,0.7,54.740003,40,10,46.000001,78.200005,21.400001,1,1,1063,0
u_opt_factor\set63\u_opt_factor_0.8.py,u_opt_factor,63,u_opt_factor,0.8,2,5,5,0.5,0.8,0.7,0.6,1.0,0.8,57.960002,40,10,46.000001,82.800003,21.400001,1,1,1063,0
u_opt_factor\set63\u_opt_factor_0.9.py,u_opt_factor,63,u_opt_factor,0.9,2,5,5,0.5,0.9,0.7,0.6,1.0,0.9,61.18,40,10,46.000001,87.4,21.400001,1,1,1063,0
u_opt_factor\set64\u_opt_factor_0.1.py,u_opt_factor,64,u_opt_factor,0.1,2,5,5,0.5,0.1,0.7,0.6,1.0,0.1,35.419998,40,13,46.0,50.599998,21.433333,1,1,1064,0
u_opt_factor\set64\u_opt_factor_0.2.py,u_opt_factor,64,u_opt_factor,0.2,2,5,5,0.5,0.2,0.7,0.6,1.0,0.2,38.64,40,13,46.0,55.2,21.433333,1,1,1064,0
u_opt_factor\set64\u_opt_factor_0.3.py,u_opt_factor,64,u_opt_factor,0.3,2,5,5,0.5,0.3,0.7,0.6,1.0,0.3,41.86,40,13,46.0,59.8,21.433333,1,1,1064,0
u_opt_factor\set64\u_opt_factor_0.4.py,u_opt_factor,64,u_opt_factor,0.4,2,5,5,0.5,0.4,0.7,0.6,1.0,0.4,45.080002,40,13,46.0,64.400002,21.433333,1,1,1064,0
u_opt_factor\set64\u_opt_factor_0.5.py,u_opt_factor,64,u_opt_factor,0.5,2,5,5,0.5,0.5,0.7,0.6,1.0,0.5,48.299998,40,13,46.0,68.999998,21.433333,1,1,1064,0
u_opt_factor\set64\u_opt_factor_0.6.py,u_opt_factor,64,u_opt_factor,0.6,2,5,5,0.5,0.6,0.7,0.6,1.0,0.6,51.519997,40,13,46.0,73.599995,21.433333,1,1,1064,0
u_opt_factor\set64\u_opt_factor_0.7.py,u_opt_factor,64,u_opt_factor,0.7,2,5,5,0.5,0.7,0.7,0.6,1.0,0.7,54.740002,40,13,46.0,78.200002,21.433333,1,1,1064,0
u_opt_factor\set64\u_opt_factor_0.8.py,u_opt_factor,64,u_opt_factor,0.8,2,5,5,0.5,0.8,0.7,0.6,1.0,0.8,57.960002,40,13,46.0,82.800002,21.433333,1,1,1064,0
u_opt_factor\set64\u_opt_factor_0.9.py,u_opt_factor,64,u_opt_factor,0.9,2,5,5,0.5,0.9,0.7,0.6,1.0,0.9,61.18,40,13,46.0,87.4,21.433333,1,1,1064,0
u_opt_factor\set65\u_opt_factor_0.1.py,u_opt_factor,65,u_opt_factor,0.1,2,5,5,0.5,0.1,0.7,0.6,1.0,0.1,35.419994,40,13,45.999997,50.599992,21.433332,1,1,1065,0
u_opt_factor\set65\u_opt_factor_0.2.py,u_opt_factor,65,u_opt_factor,0.2,2,5,5,0.5,0.2,0.7,0.6,1.0,0.2,38.639998,40,13,45.999997,55.199998,21.433332,1,1,1065,0
u_opt_factor\set65\u_opt_factor_0.3.py,u_opt_factor,65,u_opt_factor,0.3,2,5,5,0.5,0.3,0.7,0.6,1.0,0.3,41.859997,40,13,45.999997,59.799995,21.433332,1,1,1065,0
u_opt_factor\set65\u_opt_factor_0.4.py,u_opt_factor,65,u_opt_factor,0.4,2,5,5,0.5,0.4,0.7,0.6,1.0,0.4,45.079997,40,13,45.999997,64.399995,21.433332,1,1,1065,0
u_opt_factor\set65\u_opt_factor_0.5.py,u_opt_factor,65,u_opt_factor,0.5,2,5,5,0.5,0.5,0.7,0.6,1.0,0.5,48.299999,40,13,45.999997,68.999999,21.433332,1,1,1065,0
u_opt_factor\set65\u_opt_factor_0.6.py,u_opt_factor,65,u_opt_factor,0.6,2,5,5,0.5,0.6,0.7,0.6,1.0,0.6,51.519996,40,13,45.999997,73.599994,21.433332,1,1,1065,0
u_opt_factor\set65\u_opt_factor_0.7.py,u_opt_factor,65,u_opt_factor,0.7,2,5,5,0.5,0.7,0.7,0.6,1.0,0.7,54.739996,40,13,45.999997,78.199994,21.433332,1,1,1065,0
u_opt_factor\set65\u_opt_factor_0.8.py,u_opt_factor,65,u_opt_factor,0.8,2,5,5,0.5,0.8,0.7,0.6,1.0,0.8,57.959998,40,13,45.999997,82.799998,21.433332,1,1,1065,0
u_opt_factor\set65\u_opt_factor_0.9.py,u_opt_factor,65,u_opt_factor,0.9,2,5,5,0.5,0.9,0.7,0.6,1.0,0.9,61.179998,40,13,45.999997,87.399998,21.433332,1,1,1065,0
u_opt_factor\set66\u_opt_factor_0.1.py,u_opt_factor,66,u_opt_factor,0.1,2,5,5,0.5,0.1,0.7,0.6,1.0,0.1,35.419996,40,9,45.999999,50.599994,26.130769,1,1,1066,0
u_opt_factor\set66\u_opt_factor_0.2.py,u_opt_factor,66,u_opt_factor,0.2,2,5,5,0.5,0.2,0.7,0.6,1.0,0.2,38.64,40,9,45.999999,55.2,26.130769,1,1,1066,0
u_opt_factor\set66\u_opt_factor_0.3.py,u_opt_factor,66,u_opt_factor,0.3,2,5,5,0.5,0.3,0.7,0.6,1.0,0.3,41.860001,40,9,45.999999,59.800001,26.130769,1,1,1066,0
u_opt_factor\set66\u_opt_factor_0.4.py,u_opt_factor,66,u_opt_factor,0.4,2,5,5,0.5,0.4,0.7,0.6,1.0,0.4,45.080001,40,9,45.999999,64.400001,26.130769,1,1,1066,0
u_opt_factor\set66\u_opt_factor_0.5.py,u_opt_factor,66,u_opt_factor,0.5,2,5,5,0.5,0.5,0.7,0.6,1.0,0.5,48.299998,40,9,45.999999,68.999998,26.130769,1,1,1066,0
u_opt_factor\set66\u_opt_factor_0.6.py,u_opt_factor,66,u_opt_factor,0.6,2,5,5,0.5,0.6,0.7,0.6,1.0,0.6,51.52,40,9,45.999999,73.6,26.130769,1,1,1066,0
u_opt_factor\set66\u_opt_factor_0.7.py,u_opt_factor,66,u_opt_factor,0.7,2,5,5,0.5,0.7,0.7,0.6,1.0,0.7,54.74,40,9,45.999999,78.2,26.130769,1,1,1066,0
u_opt_factor\set66\u_opt_factor_0.8.py,u_opt_factor,66,u_opt_factor,0.8,2,5,5,0.5,0.8,0.7,0.6,1.0,0.8,57.960001,40,9,45.999999,82.800001,26.130769,1,1,1066,0
u_opt_factor\set66\u_opt_factor_0.9.py,u_opt_factor,66,u_opt_factor,0.9,2,5,5,0.5,0.9,0.7,0.6,1.0,0.9,61.180001,40,9,45.999999,87.400001,26.130769,1,1,1066,0
u_opt_factor\set67\u_opt_factor_0.1.py,u_opt_factor,67,u_opt_factor,0.1,2,5,5,0.5,0.1,0.7,0.6,1.0,0.1,35.419999,40,11,45.999998,50.599999,21.399999,1,1,1067,0
u_opt_factor\set67\u_opt_factor_0.2.py,u_opt_factor,67,u_opt_factor,0.2,2,5,5,0.5,0.2,0.7,0.6,1.0,0.2,38.639998,40,11,45.999998,55.199997,21.399999,1,1,1067,0
u_opt_factor\set67\u_opt_factor_0.3.py,u_opt_factor,67,u_opt_factor,0.3,2,5,5,0.5,0.3,0.7,0.6,1.0,0.3,41.859999,40,11,45.999998,59.799999,21.399999,1,1,1067,0
u_opt_factor\set67\u_opt_factor_0.4.py,u_opt_factor,67,u_opt_factor,0.4,2,5,5,0.5,0.4,0.7,0.6,1.0,0.4,45.079999,40,11,45.999998,64.399999,21.399999,1,1,1067,0
u_opt_factor\set67\u_opt_factor_0.5.py,u_opt_factor,67,u_opt_factor,0.5,2,5,5,0.5,0.5,0.7,0.6,1.0,0.5,48.299998,40,11,45.999998,68.999998,21.399999,1,1,1067,0
u_opt_factor\set67\u_opt_factor_0.6.py,u_opt_factor,67,u_opt_factor,0.6,2,5,5,0.5,0.6,0.7,0.6,1.0,0.6,51.519998,40,11,45.999998,73.599997,21.399999,1,1,1067,0
u_opt_factor\set67\u_opt_factor_0.7.py,u_opt_factor,67,u_opt_factor,0.7,2,5,5,0.5,0.7,0.7,0.6,1.0,0.7,54.739999,40,11,45.999998,78.199999,21.399999,1,1,1067,0
u_opt_factor\set67\u_opt_factor_0.8.py,u_opt_factor,67,u_opt_factor,0.8,2,5,5,0.5,0.8,0.7,0.6,1.0,0.8,57.959998,40,11,45.999998,82.799998,21.399999,1,1,1067,0
u_opt_factor\set67\u_opt_factor_0.9.py,u_opt_factor,67,u_opt_factor,0.9,2,5,5,0.5,0.9,0.7,0.6,1.0,0.9,61.180001,40,11,45.999998,87.400001,21.399999,1,1,1067,0
u_opt_factor\set68\u_opt_factor_0.1.py,u_opt_factor,68,u_opt_factor,0.1,2,5,5,0.5,0.1,0.7,0.6,1.0,0.1,35.419999,40,10,45.999999,50.599999,21.433333,1,1,1068,0
u_opt_factor\set68\u_opt_factor_0.2.py,u_opt_factor,68,u_opt_factor,0.2,2,5,5,0.5,0.2,0.7,0.6,1.0,0.2,38.64,40,10,45.999999,55.2,21.433333,1,1,1068,0
u_opt_factor\set68\u_opt_factor_0.3.py,u_opt_factor,68,u_opt_factor,0.3,2,5,5,0.5,0.3,0.7,0.6,1.0,0.3,41.859999,40,10,45.999999,59.799999,21.433333,1,1,1068,0
u_opt_factor\set68\u_opt_factor_0.4.py,u_opt_factor,68,u_opt_factor,0.4,2,5,5,0.5,0.4,0.7,0.6,1.0,0.4,45.079996,40,10,45.999999,64.399994,21.433333,1,1,1068,0
u_opt_factor\set68\u_opt_factor_0.5.py,u_opt_factor,68,u_opt_factor,0.5,2,5,5,0.5,0.5,0.7,0.6,1.0,0.5,48.3,40,10,45.999999,69.0,21.433333,1,1,1068,0
u_opt_factor\set68\u_opt_factor_0.6.py,u_opt_factor,68,u_opt_factor,0.6,2,5,5,0.5,0.6,0.7,0.6,1.0,0.6,51.520002,40,10,45.999999,73.600003,21.433333,1,1,1068,0
u_opt_factor\set68\u_opt_factor_0.7.py,u_opt_factor,68,u_opt_factor,0.7,2,5,5,0.5,0.7,0.7,0.6,1.0,0.7,54.740001,40,10,45.999999,78.200001,21.433333,1,1,1068,0
u_opt_factor\set68\u_opt_factor_0.8.py,u_opt_factor,68,u_opt_factor,0.8,2,5,5,0.5,0.8,0.7,0.6,1.0,0.8,57.960001,40,10,45.999999,82.800001,21.433333,1,1,1068,0
u_opt_factor\set68\u_opt_factor_0.9.py,u_opt_factor,68,u_opt_factor,0.9,2,5,5,0.5,0.9,0.7,0.6,1.0,0.9,61.18,40,10,45.999999,87.4,21.433333,1,1,1068,0
u_opt_factor\set69\u_opt_factor_0.1.py,u_opt_factor,69,u_opt_factor,0.1,2,5,5,0.5,0.1,0.7,0.6,1.0,0.1,35.420001,40,15,46.000001,50.600001,21.400001,1,1,1069,0
u_opt_factor\set69\u_opt_factor_0.2.py,u_opt_factor,69,u_opt_factor,0.2,2,5,5,0.5,0.2,0.7,0.6,1.0,0.2,38.640002,40,15,46.000001,55.200003,21.400001,1,1,1069,0
u_opt_factor\set69\u_opt_factor_0.3.py,u_opt_factor,69,u_opt_factor,0.3,2,5,5,0.5,0.3,0.7,0.6,1.0,0.3,41.860001,40,15,46.000001,59.800001,21.400001,1,1,1069,0
u_opt_factor\set69\u_opt_factor_0.4.py,u_opt_factor,69,u_opt_factor,0.4,2,5,5,0.5,0.4,0.7,0.6,1.0,0.4,45.079998,40,15,46.000001,64.399998,21.400001,1,1,1069,0
u_opt_factor\set69\u_opt_factor_0.5.py,u_opt_factor,69,u_opt_factor,0.5,2,5,5,0.5,0.5,0.7,0.6,1.0,0.5,48.300004,40,15,46.000001,69.000006,21.400001,1,1,1069,0
u_opt_factor\set69\u_opt_factor_0.6.py,u_opt_factor,69,u_opt_factor,0.6,2,5,5,0.5,0.6,0.7,0.6,1.0,0.6,51.520002,40,15,46.000001,73.600002,21.400001,1,1,1069,0
u_opt_factor\set69\u_opt_factor_0.7.py,u_opt_factor,69,u_opt_factor,0.7,2,5,5,0.5,0.7,0.7,0.6,1.0,0.7,54.740001,40,15,46.000001,78.200001,21.400001,1,1,1069,0
u_opt_factor\set69\u_opt_factor_0.8.py,u_opt_factor,69,u_opt_factor,0.8,2,5,5,0.5,0.8,0.7,0.6,1.0,0.8,57.960001,40,15,46.000001,82.800001,21.400001,1,1,1069,0
u_opt_factor\set69\u_opt_factor_0.9.py,u_opt_factor,69,u_opt_factor,0.9,2,5,5,0.5,0.9,0.7,0.6,1.0,0.9,61.180003,40,15,46.000001,87.400005,21.400001,1,1,1069,0
u_opt_factor\set70\u_opt_factor_0.1.py,u_opt_factor,70,u_opt_factor,0.1,2,5,5,0.5,0.1,0.7,0.6,1.0,0.1,35.419998,40,15,45.999995,50.599997,22.042855,1,1,1070,0
u_opt_factor\set70\u_opt_factor_0.2.py,u_opt_factor,70,u_opt_factor,0.2,2,5,5,0.5,0.2,0.7,0.6,1.0,0.2,38.639998,40,15,45.999995,55.199998,22.042855,1,1,1070,0
u_opt_factor\set70\u_opt_factor_0.3.py,u_opt_factor,70,u_opt_factor,0.3,2,5,5,0.5,0.3,0.7,0.6,1.0,0.3,41.859996,40,15,45.999995,59.799994,22.042855,1,1,1070,0
u_opt_factor\set70\u_opt_factor_0.4.py,u_opt_factor,70,u_opt_factor,0.4,2,5,5,0.5,0.4,0.7,0.6,1.0,0.4,45.079997,40,15,45.999995,64.399995,22.042855,1,1,1070,0
u_opt_factor\set70\u_opt_factor_0.5.py,u_opt_factor,70,u_opt_factor,0.5,2,5,5,0.5,0.5,0.7,0.6,1.0,0.5,48.299998,40,15,45.999995,68.999997,22.042855,1,1,1070,0
u_opt_factor\set70\u_opt_factor_0.6.py,u_opt_factor,70,u_opt_factor,0.6,2,5,5,0.5,0.6,0.7,0.6,1.0,0.6,51.520003,40,15,45.999995,73.600005,22.042855,1,1,1070,0
u_opt_factor\set70\u_opt_factor_0.7.py,u_opt_factor,70,u_opt_factor,0.7,2,5,5,0.5,0.7,0.7,0.6,1.0,0.7,54.739996,40,15,45.999995,78.199994,22.042855,1,1,1070,0
u_opt_factor\set70\u_opt_factor_0.8.py,u_opt_factor,70,u_opt_factor,0.8,2,5,5,0.5,0.8,0.7,0.6,1.0,0.8,57.959997,40,15,45.999995,82.799995,22.042855,1,1,1070,0
u_opt_factor\set70\u_opt_factor_0.9.py,u_opt_factor,70,u_opt_factor,0.9,2,5,5,0.5,0.9,0.7,0.6,1.0,0.9,61.179998,40,15,45.999995,87.399998,22.042855,1,1,1070,0
u_opt_factor\set71\u_opt_factor_0.1.py,u_opt_factor,71,u_opt_factor,0.1,2,5,5,0.5,0.1,0.7,0.6,1.0,0.1,35.419997,40,9,45.999999,50.599995,22.042857,1,1,1071,0
u_opt_factor\set71\u_opt_factor_0.2.py,u_opt_factor,71,u_opt_factor,0.2,2,5,5,0.5,0.2,0.7,0.6,1.0,0.2,38.640002,40,9,45.999999,55.200002,22.042857,1,1,1071,0
u_opt_factor\set71\u_opt_factor_0.3.py,u_opt_factor,71,u_opt_factor,0.3,2,5,5,0.5,0.3,0.7,0.6,1.0,0.3,41.859998,40,9,45.999999,59.799998,22.042857,1,1,1071,0
u_opt_factor\set71\u_opt_factor_0.4.py,u_opt_factor,71,u_opt_factor,0.4,2,5,5,0.5,0.4,0.7,0.6,1.0,0.4,45.079996,40,9,45.999999,64.399994,22.042857,1,1,1071,0
u_opt_factor\set71\u_opt_factor_0.5.py,u_opt_factor,71,u_opt_factor,0.5,2,5,5,0.5,0.5,0.7,0.6,1.0,0.5,48.299999,40,9,45.999999,68.999999,22.042857,1,1,1071,0
u_opt_factor\set71\u_opt_factor_0.6.py,u_opt_factor,71,u_opt_factor,0.6,2,5,5,0.5,0.6,0.7,0.6,1.0,0.6,51.519997,40,9,45.999999,73.599995,22.042857,1,1,1071,0
u_opt_factor\set71\u_opt_factor_0.7.py,u_opt_factor,71,u_opt_factor,0.7,2,5,5,0.5,0.7,0.7,0.6,1.0,0.7,54.739998,40,9,45.999999,78.199997,22.042857,1,1,1071,0
u_opt_factor\set71\u_opt_factor_0.8.py,u_opt_factor,71,u_opt_factor,0.8,2,5,5,0.5,0.8,0.7,0.6,1.0,0.8,57.959995,40,9,45.999999,82.799993,22.042857,1,1,1071,0
u_opt_factor\set71\u_opt_factor_0.9.py,u_opt_factor,71,u_opt_factor,0.9,2,5,5,0.5,0.9,0.7,0.6,1.0,0.9,61.179997,40,9,45.999999,87.399995,22.042857,1,1,1071,0
u_opt_factor\set72\u_opt_factor_0.1.py,u_opt_factor,72,u_opt_factor,0.1,2,5,5,0.5,0.1,0.7,0.6,1.0,0.1,35.419996,40,13,46.0,50.599994,23.6,1,1,1072,0
u_opt_factor\set72\u_opt_factor_0.2.py,u_opt_factor,72,u_opt_factor,0.2,2,5,5,0.5,0.2,0.7,0.6,1.0,0.2,38.639999,40,13,46.0,55.199999,23.6,1,1,1072,0
u_opt_factor\set72\u_opt_factor_0.3.py,u_opt_factor,72,u_opt_factor,0.3,2,5,5,0.5,0.3,0.7,0.6,1.0,0.3,41.860001,40,13,46.0,59.800001,23.6,1,1,1072,0
u_opt_factor\set72\u_opt_factor_0.4.py,u_opt_factor,72,u_opt_factor,0.4,2,5,5,0.5,0.4,0.7,0.6,1.0,0.4,45.08,40,13,46.0,64.4,23.6,1,1,1072,0
u_opt_factor\set72\u_opt_factor_0.5.py,u_opt_factor,72,u_opt_factor,0.5,2,5,5,0.5,0.5,0.7,0.6,1.0,0.5,48.299996,40,13,46.0,68.999994,23.6,1,1,1072,0
u_opt_factor\set72\u_opt_factor_0.6.py,u_opt_factor,72,u_opt_factor,0.6,2,5,5,0.5,0.6,0.7,0.6,1.0,0.6,51.520004,40,13,46.0,73.600006,23.6,1,1,1072,0
u_opt_factor\set72\u_opt_factor_0.7.py,u_opt_factor,72,u_opt_factor,0.7,2,5,5,0.5,0.7,0.7,0.6,1.0,0.7,54.740003,40,13,46.0,78.200005,23.6,1,1,1072,0
u_opt_factor\set72\u_opt_factor_0.8.py,u_opt_factor,72,u_opt_factor,0.8,2,5,5,0.5,0.8,0.7,0.6,1.0,0.8,57.960002,40,13,46.0,82.800003,23.6,1,1,1072,0
u_opt_factor\set72\u_opt_factor_0.9.py,u_opt_factor,72,u_opt_factor,0.9,2,5,5,0.5,0.9,0.7,0.6,1.0,0.9,61.180001,40,13,46.0,87.400001,23.6,1,1,1072,0
u_opt_factor\set73\u_opt_factor_0.1.py,u_opt_factor,73,u_opt_factor,0.1,2,5,5,0.5,0.1,0.7,0.6,1.0,0.1,35.420001,40,9,45.999998,50.600001,23.00909,1,1,1073,0
u_opt_factor\set73\u_opt_factor_0.2.py,u_opt_factor,73,u_opt_factor,0.2,2,5,5,0.5,0.2,0.7,0.6,1.0,0.2,38.639998,40,9,45.999998,55.199997,23.00909,1,1,1073,0
u_opt_factor\set73\u_opt_factor_0.3.py,u_opt_factor,73,u_opt_factor,0.3,2,5,5,0.5,0.3,0.7,0.6,1.0,0.3,41.859999,40,9,45.999998,59.799999,23.00909,1,1,1073,0
u_opt_factor\set73\u_opt_factor_0.4.py,u_opt_factor,73,u_opt_factor,0.4,2,5,5,0.5,0.4,0.7,0.6,1.0,0.4,45.079997,40,9,45.999998,64.399995,23.00909,1,1,1073,0
u_opt_factor\set73\u_opt_factor_0.5.py,u_opt_factor,73,u_opt_factor,0.5,2,5,5,0.5,0.5,0.7,0.6,1.0,0.5,48.299999,40,9,45.999998,68.999999,23.00909,1,1,1073,0
u_opt_factor\set73\u_opt_factor_0.6.py,u_opt_factor,73,u_opt_factor,0.6,2,5,5,0.5,0.6,0.7,0.6,1.0,0.6,51.519998,40,9,45.999998,73.599997,23.00909,1,1,1073,0
u_opt_factor\set73\u_opt_factor_0.7.py,u_opt_factor,73,u_opt_factor,0.7,2,5,5,0.5,0.7,0.7,0.6,1.0,0.7,54.739998,40,9,45.999998,78.199998,23.00909,1,1,1073,0
u_opt_factor\set73\u_opt_factor_0.8.py,u_opt_factor,73,u_opt_factor,0.8,2,5,5,0.5,0.8,0.7,0.6,1.0,0.8,57.959998,40,9,45.999998,82.799997,23.00909,1,1,1073,0
u_opt_factor\set73\u_opt_factor_0.9.py,u_opt_factor,73,u_opt_factor,0.9,2,5,5,0.5,0.9,0.7,0.6,1.0,0.9,61.179998,40,9,45.999998,87.399997,23.00909,1,1,1073,0
u_opt_factor\set74\u_opt_factor_0.1.py,u_opt_factor,74,u_opt_factor,0.1,2,5,5,0.5,0.1,0.7,0.6,1.0,0.1,35.420001,40,9,45.999999,50.600001,21.399999,1,1,1074,0
u_opt_factor\set74\u_opt_factor_0.2.py,u_opt_factor,74,u_opt_factor,0.2,2,5,5,0.5,0.2,0.7,0.6,1.0,0.2,38.639996,40,9,45.999999,55.199994,21.399999,1,1,1074,0
u_opt_factor\set74\u_opt_factor_0.3.py,u_opt_factor,74,u_opt_factor,0.3,2,5,5,0.5,0.3,0.7,0.6,1.0,0.3,41.859997,40,9,45.999999,59.799995,21.399999,1,1,1074,0
u_opt_factor\set74\u_opt_factor_0.4.py,u_opt_factor,74,u_opt_factor,0.4,2,5,5,0.5,0.4,0.7,0.6,1.0,0.4,45.079998,40,9,45.999999,64.399998,21.399999,1,1,1074,0
u_opt_factor\set74\u_opt_factor_0.5.py,u_opt_factor,74,u_opt_factor,0.5,2,5,5,0.5,0.5,0.7,0.6,1.0,0.5,48.299999,40,9,45.999999,68.999999,21.399999,1,1,1074,0
u_opt_factor\set74\u_opt_factor_0.6.py,u_opt_factor,74,u_opt_factor,0.6,2,5,5,0.5,0.6,0.7,0.6,1.0,0.6,51.519998,40,9,45.999999,73.599998,21.399999,1,1,1074,0
u_opt_factor\set74\u_opt_factor_0.7.py,u_opt_factor,74,u_opt_factor,0.7,2,5,5,0.5,0.7,0.7,0.6,1.0,0.7,54.739999,40,9,45.999999,78.199999,21.399999,1,1,1074,0
u_opt_factor\set74\u_opt_factor_0.8.py,u_opt_factor,74,u_opt_factor,0.8,2,5,5,0.5,0.8,0.7,0.6,1.0,0.8,57.960001,40,9,45.999999,82.800001,21.399999,1,1,1074,0
u_opt_factor\set74\u_opt_factor_0.9.py,u_opt_factor,74,u_opt_factor,0.9,2,5,5,0.5,0.9,0.7,0.6,1.0,0.9,61.180001,40,9,45.999999,87.400001,21.399999,1,1,1074,0
u_opt_factor\set75\u_opt_factor_0.1.py,u_opt_factor,75,u_opt_factor,0.1,2,5,5,0.5,0.1,0.7,0.6,1.0,0.1,35.420002,40,9,46.0,50.600002,21.433333,1,1,1075,0
u_opt_factor\set75\u_opt_factor_0.2.py,u_opt_factor,75,u_opt_factor,0.2,2,5,5,0.5,0.2,0.7,0.6,1.0,0.2,38.640001,40,9,46.0,55.200001,21.433333,1,1,1075,0
u_opt_factor\set75\u_opt_factor_0.3.py,u_opt_factor,75,u_opt_factor,0.3,2,5,5,0.5,0.3,0.7,0.6,1.0,0.3,41.859999,40,9,46.0,59.799999,21.433333,1,1,1075,0
u_opt_factor\set75\u_opt_factor_0.4.py,u_opt_factor,75,u_opt_factor,0.4,2,5,5,0.5,0.4,0.7,0.6,1.0,0.4,45.08,40,9,46.0,64.4,21.433333,1,1,1075,0
u_opt_factor\set75\u_opt_factor_0.5.py,u_opt_factor,75,u_opt_factor,0.5,2,5,5,0.5,0.5,0.7,0.6,1.0,0.5,48.299999,40,9,46.0,68.999999,21.433333,1,1,1075,0
u_opt_factor\set75\u_opt_factor_0.6.py,u_opt_factor,75,u_opt_factor,0.6,2,5,5,0.5,0.6,0.7,0.6,1.0,0.6,51.52,40,9,46.0,73.6,21.433333,1,1,1075,0
u_opt_factor\set75\u_opt_factor_0.7.py,u_opt_factor,75,u_opt_factor,0.7,2,5,5,0.5,0.7,0.7,0.6,1.0,0.7,54.74,40,9,46.0,78.2,21.433333,1,1,1075,0
u_opt_factor\set75\u_opt_factor_0.8.py,u_opt_factor,75,u_opt_factor,0.8,2,5,5,0.5,0.8,0.7,0.6,1.0,0.8,57.959999,40,9,46.0,82.799999,21.433333,1,1,1075,0
u_opt_factor\set75\u_opt_factor_0.9.py,u_opt_factor,75,u_opt_factor,0.9,2,5,5,0.5,0.9,0.7,0.6,1.0,0.9,61.179999,40,9,46.0,87.399999,21.433333,1,1,1075,0
u_opt_factor\set76\u_opt_factor_0.1.py,u_opt_factor,76,u_opt_factor,0.1,2,5,5,0.5,0.1,0.7,0.6,1.0,0.1,35.420002,40,12,46.0,50.600002,21.4,1,1,1076,0
u_opt_factor\set76\u_opt_factor_0.2.py,u_opt_factor,76,u_opt_factor,0.2,2,5,5,0.5,0.2,0.7,0.6,1.0,0.2,38.639998,40,12,46.0,55.199997,21.4,1,1,1076,0
u_opt_factor\set76\u_opt_factor_0.3.py,u_opt_factor,76,u_opt_factor,0.3,2,5,5,0.5,0.3,0.7,0.6,1.0,0.3,41.860004,40,12,46.0,59.800006,21.4,1,1,1076,0
u_opt_factor\set76\u_opt_factor_0.4.py,u_opt_factor,76,u_opt_factor,0.4,2,5,5,0.5,0.4,0.7,0.6,1.0,0.4,45.080003,40,12,46.0,64.400005,21.4,1,1,1076,0
u_opt_factor\set76\u_opt_factor_0.5.py,u_opt_factor,76,u_opt_factor,0.5,2,5,5,0.5,0.5,0.7,0.6,1.0,0.5,48.300002,40,12,46.0,69.000003,21.4,1,1,1076,0
u_opt_factor\set76\u_opt_factor_0.6.py,u_opt_factor,76,u_opt_factor,0.6,2,5,5,0.5,0.6,0.7,0.6,1.0,0.6,51.519998,40,12,46.0,73.599998,21.4,1,1,1076,0
u_opt_factor\set76\u_opt_factor_0.7.py,u_opt_factor,76,u_opt_factor,0.7,2,5,5,0.5,0.7,0.7,0.6,1.0,0.7,54.740001,40,12,46.0,78.200001,21.4,1,1,1076,0
u_opt_factor\set76\u_opt_factor_0.8.py,u_opt_factor,76,u_opt_factor,0.8,2,5,5,0.5,0.8,0.7,0.6,1.0,0.8,57.960001,40,12,46.0,82.800001,21.4,1,1,1076,0
u_opt_factor\set76\u_opt_factor_0.9.py,u_opt_factor,76,u_opt_factor,0.9,2,5,5,0.5,0.9,0.7,0.6,1.0,0.9,61.180002,40,12,46.0,87.400002,21.4,1,1,1076,0
u_opt_factor\set77\u_opt_factor_0.1.py,u_opt_factor,77,u_opt_factor,0.1,2,5,5,0.5,0.1,0.7,0.6,1.0,0.1,35.420004,40,13,46.000002,50.600006,21.433334,1,1,1077,0
u_opt_factor\set77\u_opt_factor_0.2.py,u_opt_factor,77,u_opt_factor,0.2,2,5,5,0.5,0.2,0.7,0.6,1.0,0.2,38.640003,40,13,46.000002,55.200005,21.433334,1,1,1077,0
u_opt_factor\set77\u_opt_factor_0.3.py,u_opt_factor,77,u_opt_factor,0.3,2,5,5,0.5,0.3,0.7,0.6,1.0,0.3,41.860005,40,13,46.000002,59.800007,21.433334,1,1,1077,0
u_opt_factor\set77\u_opt_factor_0.4.py,u_opt_factor,77,u_opt_factor,0.4,2,5,5,0.5,0.4,0.7,0.6,1.0,0.4,45.080004,40,13,46.000002,64.400006,21.433334,1,1,1077,0
u_opt_factor\set77\u_opt_factor_0.5.py,u_opt_factor,77,u_opt_factor,0.5,2,5,5,0.5,0.5,0.7,0.6,1.0,0.5,48.300005,40,13,46.000002,69.000007,21.433334,1,1,1077,0
u_opt_factor\set77\u_opt_factor_0.6.py,u_opt_factor,77,u_opt_factor,0.6,2,5,5,0.5,0.6,0.7,0.6,1.0,0.6,51.519999,40,13,46.000002,73.599999,21.433334,1,1,1077,0
u_opt_factor\set77\u_opt_factor_0.7.py,u_opt_factor,77,u_opt_factor,0.7,2,5,5,0.5,0.7,0.7,0.6,1.0,0.7,54.740003,40,13,46.000002,78.200005,21.433334,1,1,1077,0
u_opt_factor\set77\u_opt_factor_0.8.py,u_opt_factor,77,u_opt_factor,0.8,2,5,5,0.5,0.8,0.7,0.6,1.0,0.8,57.959998,40,13,46.000002,82.799998,21.433334,1,1,1077,0
u_opt_factor\set77\u_opt_factor_0.9.py,u_opt_factor,77,u_opt_factor,0.9,2,5,5,0.5,0.9,0.7,0.6,1.0,0.9,61.180002,40,13,46.000002,87.400003,21.433334,1,1,1077,0
u_opt_factor\set78\u_opt_factor_0.1.py,u_opt_factor,78,u_opt_factor,0.1,2,5,5,0.5,0.1,0.7,0.6,1.0,0.1,35.419999,40,11,45.999999,50.599999,21.399999,1,1,1078,0
u_opt_factor\set78\u_opt_factor_0.2.py,u_opt_factor,78,u_opt_factor,0.2,2,5,5,0.5,0.2,0.7,0.6,1.0,0.2,38.640002,40,11,45.999999,55.200002,21.399999,1,1,1078,0
u_opt_factor\set78\u_opt_factor_0.3.py,u_opt_factor,78,u_opt_factor,0.3,2,5,5,0.5,0.3,0.7,0.6,1.0,0.3,41.859998,40,11,45.999999,59.799998,21.399999,1,1,1078,0
u_opt_factor\set78\u_opt_factor_0.4.py,u_opt_factor,78,u_opt_factor,0.4,2,5,5,0.5,0.4,0.7,0.6,1.0,0.4,45.079999,40,11,45.999999,64.399999,21.399999,1,1,1078,0
u_opt_factor\set78\u_opt_factor_0.5.py,u_opt_factor,78,u_opt_factor,0.5,2,5,5,0.5,0.5,0.7,0.6,1.0,0.5,48.299998,40,11,45.999999,68.999998,21.399999,1,1,1078,0
u_opt_factor\set78\u_opt_factor_0.6.py,u_opt_factor,78,u_opt_factor,0.6,2,5,5,0.5,0.6,0.7,0.6,1.0,0.6,51.520002,40,11,45.999999,73.600002,21.399999,1,1,1078,0
u_opt_factor\set78\u_opt_factor_0.7.py,u_opt_factor,78,u_opt_factor,0.7,2,5,5,0.5,0.7,0.7,0.6,1.0,0.7,54.739998,40,11,45.999999,78.199998,21.399999,1,1,1078,0
u_opt_factor\set78\u_opt_factor_0.8.py,u_opt_factor,78,u_opt_factor,0.8,2,5,5,0.5,0.8,0.7,0.6,1.0,0.8,57.959997,40,11,45.999999,82.799995,21.399999,1,1,1078,0
u_opt_factor\set78\u_opt_factor_0.9.py,u_opt_factor,78,u_opt_factor,0.9,2,5,5,0.5,0.9,0.7,0.6,1.0,0.9,61.179997,40,11,45.999999,87.399995,21.399999,1,1,1078,0
u_opt_factor\set79\u_opt_factor_0.1.py,u_opt_factor,79,u_opt_factor,0.1,2,5,5,0.5,0.1,0.7,0.6,1.0,0.1,35.419998,40,10,46.000001,50.599998,21.400001,1,1,1079,0
u_opt_factor\set79\u_opt_factor_0.2.py,u_opt_factor,79,u_opt_factor,0.2,2,5,5,0.5,0.2,0.7,0.6,1.0,0.2,38.640004,40,10,46.000001,55.200006,21.400001,1,1,1079,0
u_opt_factor\set79\u_opt_factor_0.3.py,u_opt_factor,79,u_opt_factor,0.3,2,5,5,0.5,0.3,0.7,0.6,1.0,0.3,41.859999,40,10,46.000001,59.799999,21.400001,1,1,1079,0
u_opt_factor\set79\u_opt_factor_0.4.py,u_opt_factor,79,u_opt_factor,0.4,2,5,5,0.5,0.4,0.7,0.6,1.0,0.4,45.080002,40,10,46.000001,64.400002,21.400001,1,1,1079,0
u_opt_factor\set79\u_opt_factor_0.5.py,u_opt_factor,79,u_opt_factor,0.5,2,5,5,0.5,0.5,0.7,0.6,1.0,0.5,48.299998,40,10,46.000001,68.999998,21.400001,1,1,1079,0
u_opt_factor\set79\u_opt_factor_0.6.py,u_opt_factor,79,u_opt_factor,0.6,2,5,5,0.5,0.6,0.7,0.6,1.0,0.6,51.520005,40,10,46.000001,73.600007,21.400001,1,1,1079,0
u_opt_factor\set79\u_opt_factor_0.7.py,u_opt_factor,79,u_opt_factor,0.7,2,5,5,0.5,0.7,0.7,0.6,1.0,0.7,54.739997,40,10,46.000001,78.199995,21.400001,1,1,1079,0
u_opt_factor\set79\u_opt_factor_0.8.py,u_opt_factor,79,u_opt_factor,0.8,2,5,5,0.5,0.8,0.7,0.6,1.0,0.8,57.959999,40,10,46.000001,82.799999,21.400001,1,1,1079,0
u_opt_factor\set79\u_opt_factor_0.9.py,u_opt_factor,79,u_opt_factor,0.9,2,5,5,0.5,0.9,0.7,0.6,1.0,0.9,61.18,40,10,46.000001,87.4,21.400001,1,1,1079,0
u_opt_factor\set80\u_opt_factor_0.1.py,u_opt_factor,80,u_opt_factor,0.1,2,5,5,0.5,0.1,0.7,0.6,1.0,0.1,35.419998,40,13,46.0,50.599998,22.0,1,1,1080,0
u_opt_factor\set80\u_opt_factor_0.2.py,u_opt_factor,80,u_opt_factor,0.2,2,5,5,0.5,0.2,0.7,0.6,1.0,0.2,38.639998,40,13,46.0,55.199997,22.0,1,1,1080,0
u_opt_factor\set80\u_opt_factor_0.3.py,u_opt_factor,80,u_opt_factor,0.3,2,5,5,0.5,0.3,0.7,0.6,1.0,0.3,41.859994,40,13,46.0,59.799992,22.0,1,1,1080,0
u_opt_factor\set80\u_opt_factor_0.4.py,u_opt_factor,80,u_opt_factor,0.4,2,5,5,0.5,0.4,0.7,0.6,1.0,0.4,45.08,40,13,46.0,64.4,22.0,1,1,1080,0
u_opt_factor\set80\u_opt_factor_0.5.py,u_opt_factor,80,u_opt_factor,0.5,2,5,5,0.5,0.5,0.7,0.6,1.0,0.5,48.3,40,13,46.0,69.0,22.0,1,1,1080,0
u_opt_factor\set80\u_opt_factor_0.6.py,u_opt_factor,80,u_opt_factor,0.6,2,5,5,0.5,0.6,0.7,0.6,1.0,0.6,51.519996,40,13,46.0,73.599994,22.0,1,1,1080,0
u_opt_factor\set80\u_opt_factor_0.7.py,u_opt_factor,80,u_opt_factor,0.7,2,5,5,0.5,0.7,0.7,0.6,1.0,0.7,54.739998,40,13,46.0,78.199997,22.0,1,1,1080,0
u_opt_factor\set80\u_opt_factor_0.8.py,u_opt_factor,80,u_opt_factor,0.8,2,5,5,0.5,0.8,0.7,0.6,1.0,0.8,57.960001,40,13,46.0,82.800001,22.0,1,1,1080,0
u_opt_factor\set80\u_opt_factor_0.9.py,u_opt_factor,80,u_opt_factor,0.9,2,5,5,0.5,0.9,0.7,0.6,1.0,0.9,61.179997,40,13,46.0,87.399995,22.0,1,1,1080,0
u_opt_factor\set81\u_opt_factor_0.1.py,u_opt_factor,81,u_opt_factor,0.1,2,5,5,0.5,0.1,0.7,0.6,1.0,0.1,35.419991,40,12,45.999997,50.599987,21.999998,1,1,1081,0
u_opt_factor\set81\u_opt_factor_0.2.py,u_opt_factor,81,u_opt_factor,0.2,2,5,5,0.5,0.2,0.7,0.6,1.0,0.2,38.64,40,12,45.999997,55.2,21.999998,1,1,1081,0
u_opt_factor\set81\u_opt_factor_0.3.py,u_opt_factor,81,u_opt_factor,0.3,2,5,5,0.5,0.3,0.7,0.6,1.0,0.3,41.859997,40,12,45.999997,59.799995,21.999998,1,1,1081,0
u_opt_factor\set81\u_opt_factor_0.4.py,u_opt_factor,81,u_opt_factor,0.4,2,5,5,0.5,0.4,0.7,0.6,1.0,0.4,45.079996,40,12,45.999997,64.399994,21.999998,1,1,1081,0
u_opt_factor\set81\u_opt_factor_0.5.py,u_opt_factor,81,u_opt_factor,0.5,2,5,5,0.5,0.5,0.7,0.6,1.0,0.5,48.299996,40,12,45.999997,68.999994,21.999998,1,1,1081,0
u_opt_factor\set81\u_opt_factor_0.6.py,u_opt_factor,81,u_opt_factor,0.6,2,5,5,0.5,0.6,0.7,0.6,1.0,0.6,51.519996,40,12,45.999997,73.599994,21.999998,1,1,1081,0
u_opt_factor\set81\u_opt_factor_0.7.py,u_opt_factor,81,u_opt_factor,0.7,2,5,5,0.5,0.7,0.7,0.6,1.0,0.7,54.739995,40,12,45.999997,78.199993,21.999998,1,1,1081,0
u_opt_factor\set81\u_opt_factor_0.8.py,u_opt_factor,81,u_opt_factor,0.8,2,5,5,0.5,0.8,0.7,0.6,1.0,0.8,57.959996,40,12,45.999997,82.799994,21.999998,1,1,1081,0
u_opt_factor\set81\u_opt_factor_0.9.py,u_opt_factor,81,u_opt_factor,0.9,2,5,5,0.5,0.9,0.7,0.6,1.0,0.9,61.179996,40,12,45.999997,87.399994,21.999998,1,1,1081,0
u_opt_factor\set82\u_opt_factor_0.1.py,u_opt_factor,82,u_opt_factor,0.1,2,5,5,0.5,0.1,0.7,0.6,1.0,0.1,35.420001,40,10,45.999999,50.600001,21.433333,1,1,1082,0
u_opt_factor\set82\u_opt_factor_0.2.py,u_opt_factor,82,u_opt_factor,0.2,2,5,5,0.5,0.2,0.7,0.6,1.0,0.2,38.639997,40,10,45.999999,55.199995,21.433333,1,1,1082,0
u_opt_factor\set82\u_opt_factor_0.3.py,u_opt_factor,82,u_opt_factor,0.3,2,5,5,0.5,0.3,0.7,0.6,1.0,0.3,41.859998,40,10,45.999999,59.799998,21.433333,1,1,1082,0
u_opt_factor\set82\u_opt_factor_0.4.py,u_opt_factor,82,u_opt_factor,0.4,2,5,5,0.5,0.4,0.7,0.6,1.0,0.4,45.079998,40,10,45.999999,64.399997,21.433333,1,1,1082,0
u_opt_factor\set82\u_opt_factor_0.5.py,u_opt_factor,82,u_opt_factor,0.5,2,5,5,0.5,0.5,0.7,0.6,1.0,0.5,48.299998,40,10,45.999999,68.999998,21.433333,1,1,1082,0
u_opt_factor\set82\u_opt_factor_0.6.py,u_opt_factor,82,u_opt_factor,0.6,2,5,5,0.5,0.6,0.7,0.6,1.0,0.6,51.519999,40,10,45.999999,73.599999,21.433333,1,1,1082,0
u_opt_factor\set82\u_opt_factor_0.7.py,u_opt_factor,82,u_opt_factor,0.7,2,5,5,0.5,0.7,0.7,0.6,1.0,0.7,54.739998,40,10,45.999999,78.199998,21.433333,1,1,1082,0
u_opt_factor\set82\u_opt_factor_0.8.py,u_opt_factor,82,u_opt_factor,0.8,2,5,5,0.5,0.8,0.7,0.6,1.0,0.8,57.96,40,10,45.999999,82.8,21.433333,1,1,1082,0
u_opt_factor\set82\u_opt_factor_0.9.py,u_opt_factor,82,u_opt_factor,0.9,2,5,5,0.5,0.9,0.7,0.6,1.0,0.9,61.179997,40,10,45.999999,87.399995,21.433333,1,1,1082,0
u_opt_factor\set83\u_opt_factor_0.1.py,u_opt_factor,83,u_opt_factor,0.1,2,5,5,0.5,0.1,0.7,0.6,1.0,0.1,35.419997,40,15,45.999998,50.599995,21.433332,1,1,1083,0
u_opt_factor\set83\u_opt_factor_0.2.py,u_opt_factor,83,u_opt_factor,0.2,2,5,5,0.5,0.2,0.7,0.6,1.0,0.2,38.639998,40,15,45.999998,55.199997,21.433332,1,1,1083,0
u_opt_factor\set83\u_opt_factor_0.3.py,u_opt_factor,83,u_opt_factor,0.3,2,5,5,0.5,0.3,0.7,0.6,1.0,0.3,41.859999,40,15,45.999998,59.799999,21.433332,1,1,1083,0
u_opt_factor\set83\u_opt_factor_0.4.py,u_opt_factor,83,u_opt_factor,0.4,2,5,5,0.5,0.4,0.7,0.6,1.0,0.4,45.08,40,15,45.999998,64.4,21.433332,1,1,1083,0
u_opt_factor\set83\u_opt_factor_0.5.py,u_opt_factor,83,u_opt_factor,0.5,2,5,5,0.5,0.5,0.7,0.6,1.0,0.5,48.299995,40,15,45.999998,68.999993,21.433332,1,1,1083,0
u_opt_factor\set83\u_opt_factor_0.6.py,u_opt_factor,83,u_opt_factor,0.6,2,5,5,0.5,0.6,0.7,0.6,1.0,0.6,51.519997,40,15,45.999998,73.599995,21.433332,1,1,1083,0
u_opt_factor\set83\u_opt_factor_0.7.py,u_opt_factor,83,u_opt_factor,0.7,2,5,5,0.5,0.7,0.7,0.6,1.0,0.7,54.739995,40,15,45.999998,78.199993,21.433332,1,1,1083,0
u_opt_factor\set83\u_opt_factor_0.8.py,u_opt_factor,83,u_opt_factor,0.8,2,5,5,0.5,0.8,0.7,0.6,1.0,0.8,57.959997,40,15,45.999998,82.799995,21.433332,1,1,1083,0
u_opt_factor\set83\u_opt_factor_0.9.py,u_opt_factor,83,u_opt_factor,0.9,2,5,5,0.5,0.9,0.7,0.6,1.0,0.9,61.179995,40,15,45.999998,87.399993,21.433332,1,1,1083,0
u_opt_factor\set84\u_opt_factor_0.1.py,u_opt_factor,84,u_opt_factor,0.1,2,5,5,0.5,0.1,0.7,0.6,1.0,0.1,35.420001,40,12,46.0,50.600001,23.6,1,1,1084,0
u_opt_factor\set84\u_opt_factor_0.2.py,u_opt_factor,84,u_opt_factor,0.2,2,5,5,0.5,0.2,0.7,0.6,1.0,0.2,38.640002,40,12,46.0,55.200002,23.6,1,1,1084,0
u_opt_factor\set84\u_opt_factor_0.3.py,u_opt_factor,84,u_opt_factor,0.3,2,5,5,0.5,0.3,0.7,0.6,1.0,0.3,41.86,40,12,46.0,59.8,23.6,1,1,1084,0
u_opt_factor\set84\u_opt_factor_0.4.py,u_opt_factor,84,u_opt_factor,0.4,2,5,5,0.5,0.4,0.7,0.6,1.0,0.4,45.080002,40,12,46.0,64.400003,23.6,1,1,1084,0
u_opt_factor\set84\u_opt_factor_0.5.py,u_opt_factor,84,u_opt_factor,0.5,2,5,5,0.5,0.5,0.7,0.6,1.0,0.5,48.300002,40,12,46.0,69.000002,23.6,1,1,1084,0
u_opt_factor\set84\u_opt_factor_0.6.py,u_opt_factor,84,u_opt_factor,0.6,2,5,5,0.5,0.6,0.7,0.6,1.0,0.6,51.519999,40,12,46.0,73.599999,23.6,1,1,1084,0
u_opt_factor\set84\u_opt_factor_0.7.py,u_opt_factor,84,u_opt_factor,0.7,2,5,5,0.5,0.7,0.7,0.6,1.0,0.7,54.739996,40,12,46.0,78.199994,23.6,1,1,1084,0
u_opt_factor\set84\u_opt_factor_0.8.py,u_opt_factor,84,u_opt_factor,0.8,2,5,5,0.5,0.8,0.7,0.6,1.0,0.8,57.960001,40,12,46.0,82.800001,23.6,1,1,1084,0
u_opt_factor\set84\u_opt_factor_0.9.py,u_opt_factor,84,u_opt_factor,0.9,2,5,5,0.5,0.9,0.7,0.6,1.0,0.9,61.179998,40,12,46.0,87.399998,23.6,1,1,1084,0
u_opt_factor\set85\u_opt_factor_0.1.py,u_opt_factor,85,u_opt_factor,0.1,2,5,5,0.5,0.1,0.7,0.6,1.0,0.1,35.419999,40,12,45.999999,50.599999,33.099999,1,1,1085,0
u_opt_factor\set85\u_opt_factor_0.2.py,u_opt_factor,85,u_opt_factor,0.2,2,5,5,0.5,0.2,0.7,0.6,1.0,0.2,38.639998,40,12,45.999999,55.199997,33.099999,1,1,1085,0
u_opt_factor\set85\u_opt_factor_0.3.py,u_opt_factor,85,u_opt_factor,0.3,2,5,5,0.5,0.3,0.7,0.6,1.0,0.3,41.860001,40,12,45.999999,59.800001,33.099999,1,1,1085,0
u_opt_factor\set85\u_opt_factor_0.4.py,u_opt_factor,85,u_opt_factor,0.4,2,5,5,0.5,0.4,0.7,0.6,1.0,0.4,45.080001,40,12,45.999999,64.400001,33.099999,1,1,1085,0
u_opt_factor\set85\u_opt_factor_0.5.py,u_opt_factor,85,u_opt_factor,0.5,2,5,5,0.5,0.5,0.7,0.6,1.0,0.5,48.300001,40,12,45.999999,69.000001,33.099999,1,1,1085,0
u_opt_factor\set85\u_opt_factor_0.6.py,u_opt_factor,85,u_opt_factor,0.6,2,5,5,0.5,0.6,0.7,0.6,1.0,0.6,51.519997,40,12,45.999999,73.599995,33.099999,1,1,1085,0
u_opt_factor\set85\u_opt_factor_0.7.py,u_opt_factor,85,u_opt_factor,0.7,2,5,5,0.5,0.7,0.7,0.6,1.0,0.7,54.739998,40,12,45.999999,78.199998,33.099999,1,1,1085,0
u_opt_factor\set85\u_opt_factor_0.8.py,u_opt_factor,85,u_opt_factor,0.8,2,5,5,0.5,0.8,0.7,0.6,1.0,0.8,57.959998,40,12,45.999999,82.799998,33.099999,1,1,1085,0
u_opt_factor\set85\u_opt_factor_0.9.py,u_opt_factor,85,u_opt_factor,0.9,2,5,5,0.5,0.9,0.7,0.6,1.0,0.9,61.179997,40,12,45.999999,87.399995,33.099999,1,1,1085,0
u_opt_factor\set86\u_opt_factor_0.1.py,u_opt_factor,86,u_opt_factor,0.1,2,5,5,0.5,0.1,0.7,0.6,1.0,0.1,35.420004,40,10,46.000001,50.600006,24.400001,1,1,1086,0
u_opt_factor\set86\u_opt_factor_0.2.py,u_opt_factor,86,u_opt_factor,0.2,2,5,5,0.5,0.2,0.7,0.6,1.0,0.2,38.640002,40,10,46.000001,55.200002,24.400001,1,1,1086,0
u_opt_factor\set86\u_opt_factor_0.3.py,u_opt_factor,86,u_opt_factor,0.3,2,5,5,0.5,0.3,0.7,0.6,1.0,0.3,41.860006,40,10,46.000001,59.800008,24.400001,1,1,1086,0
u_opt_factor\set86\u_opt_factor_0.4.py,u_opt_factor,86,u_opt_factor,0.4,2,5,5,0.5,0.4,0.7,0.6,1.0,0.4,45.080001,40,10,46.000001,64.400001,24.400001,1,1,1086,0
u_opt_factor\set86\u_opt_factor_0.5.py,u_opt_factor,86,u_opt_factor,0.5,2,5,5,0.5,0.5,0.7,0.6,1.0,0.5,48.300005,40,10,46.000001,69.000007,24.400001,1,1,1086,0
u_opt_factor\set86\u_opt_factor_0.6.py,u_opt_factor,86,u_opt_factor,0.6,2,5,5,0.5,0.6,0.7,0.6,1.0,0.6,51.52,40,10,46.000001,73.6,24.400001,1,1,1086,0
u_opt_factor\set86\u_opt_factor_0.7.py,u_opt_factor,86,u_opt_factor,0.7,2,5,5,0.5,0.7,0.7,0.6,1.0,0.7,54.740001,40,10,46.000001,78.200001,24.400001,1,1,1086,0
u_opt_factor\set86\u_opt_factor_0.8.py,u_opt_factor,86,u_opt_factor,0.8,2,5,5,0.5,0.8,0.7,0.6,1.0,0.8,57.960002,40,10,46.000001,82.800002,24.400001,1,1,1086,0
u_opt_factor\set86\u_opt_factor_0.9.py,u_opt_factor,86,u_opt_factor,0.9,2,5,5,0.5,0.9,0.7,0.6,1.0,0.9,61.180002,40,10,46.000001,87.400002,24.400001,1,1,1086,0
u_opt_factor\set87\u_opt_factor_0.1.py,u_opt_factor,87,u_opt_factor,0.1,2,5,5,0.5,0.1,0.7,0.6,1.0,0.1,35.420001,40,13,46.000002,50.600001,21.433334,1,1,1087,0
u_opt_factor\set87\u_opt_factor_0.2.py,u_opt_factor,87,u_opt_factor,0.2,2,5,5,0.5,0.2,0.7,0.6,1.0,0.2,38.640002,40,13,46.000002,55.200002,21.433334,1,1,1087,0
u_opt_factor\set87\u_opt_factor_0.3.py,u_opt_factor,87,u_opt_factor,0.3,2,5,5,0.5,0.3,0.7,0.6,1.0,0.3,41.860001,40,13,46.000002,59.800001,21.433334,1,1,1087,0
u_opt_factor\set87\u_opt_factor_0.4.py,u_opt_factor,87,u_opt_factor,0.4,2,5,5,0.5,0.4,0.7,0.6,1.0,0.4,45.080001,40,13,46.000002,64.400001,21.433334,1,1,1087,0
u_opt_factor\set87\u_opt_factor_0.5.py,u_opt_factor,87,u_opt_factor,0.5,2,5,5,0.5,0.5,0.7,0.6,1.0,0.5,48.3,40,13,46.000002,69.0,21.433334,1,1,1087,0
u_opt_factor\set87\u_opt_factor_0.6.py,u_opt_factor,87,u_opt_factor,0.6,2,5,5,0.5,0.6,0.7,0.6,1.0,0.6,51.52,40,13,46.000002,73.6,21.433334,1,1,1087,0
u_opt_factor\set87\u_opt_factor_0.7.py,u_opt_factor,87,u_opt_factor,0.7,2,5,5,0.5,0.7,0.7,0.6,1.0,0.7,54.740001,40,13,46.000002,78.200001,21.433334,1,1,1087,0
u_opt_factor\set87\u_opt_factor_0.8.py,u_opt_factor,87,u_opt_factor,0.8,2,5,5,0.5,0.8,0.7,0.6,1.0,0.8,57.960001,40,13,46.000002,82.800001,21.433334,1,1,1087,0
u_opt_factor\set87\u_opt_factor_0.9.py,u_opt_factor,87,u_opt_factor,0.9,2,5,5,0.5,0.9,0.7,0.6,1.0,0.9,61.180001,40,13,46.000002,87.400001,21.433334,1,1,1087,0
u_opt_factor\set88\u_opt_factor_0.1.py,u_opt_factor,88,u_opt_factor,0.1,2,5,5,0.5,0.1,0.7,0.6,1.0,0.1,35.42,40,13,45.999999,50.6,23.00909,1,1,1088,0
u_opt_factor\set88\u_opt_factor_0.2.py,u_opt_factor,88,u_opt_factor,0.2,2,5,5,0.5,0.2,0.7,0.6,1.0,0.2,38.640001,40,13,45.999999,55.200001,23.00909,1,1,1088,0
u_opt_factor\set88\u_opt_factor_0.3.py,u_opt_factor,88,u_opt_factor,0.3,2,5,5,0.5,0.3,0.7,0.6,1.0,0.3,41.859998,40,13,45.999999,59.799998,23.00909,1,1,1088,0
u_opt_factor\set88\u_opt_factor_0.4.py,u_opt_factor,88,u_opt_factor,0.4,2,5,5,0.5,0.4,0.7,0.6,1.0,0.4,45.079997,40,13,45.999999,64.399995,23.00909,1,1,1088,0
u_opt_factor\set88\u_opt_factor_0.5.py,u_opt_factor,88,u_opt_factor,0.5,2,5,5,0.5,0.5,0.7,0.6,1.0,0.5,48.300001,40,13,45.999999,69.000001,23.00909,1,1,1088,0
u_opt_factor\set88\u_opt_factor_0.6.py,u_opt_factor,88,u_opt_factor,0.6,2,5,5,0.5,0.6,0.7,0.6,1.0,0.6,51.519998,40,13,45.999999,73.599998,23.00909,1,1,1088,0
u_opt_factor\set88\u_opt_factor_0.7.py,u_opt_factor,88,u_opt_factor,0.7,2,5,5,0.5,0.7,0.7,0.6,1.0,0.7,54.740002,40,13,45.999999,78.200003,23.00909,1,1,1088,0
u_opt_factor\set88\u_opt_factor_0.8.py,u_opt_factor,88,u_opt_factor,0.8,2,5,5,0.5,0.8,0.7,0.6,1.0,0.8,57.960002,40,13,45.999999,82.800002,23.00909,1,1,1088,0
u_opt_factor\set88\u_opt_factor_0.9.py,u_opt_factor,88,u_opt_factor,0.9,2,5,5,0.5,0.9,0.7,0.6,1.0,0.9,61.179999,40,13,45.999999,87.399999,23.00909,1,1,1088,0
u_opt_factor\set89\u_opt_factor_0.1.py,u_opt_factor,89,u_opt_factor,0.1,2,5,5,0.5,0.1,0.7,0.6,1.0,0.1,35.420002,40,13,45.999999,50.600002,23.00909,1,1,1089,0
u_opt_factor\set89\u_opt_factor_0.2.py,u_opt_factor,89,u_opt_factor,0.2,2,5,5,0.5,0.2,0.7,0.6,1.0,0.2,38.639997,40,13,45.999999,55.199995,23.00909,1,1,1089,0
u_opt_factor\set89\u_opt_factor_0.3.py,u_opt_factor,89,u_opt_factor,0.3,2,5,5,0.5,0.3,0.7,0.6,1.0,0.3,41.859998,40,13,45.999999,59.799997,23.00909,1,1,1089,0
u_opt_factor\set89\u_opt_factor_0.4.py,u_opt_factor,89,u_opt_factor,0.4,2,5,5,0.5,0.4,0.7,0.6,1.0,0.4,45.079999,40,13,45.999999,64.399999,23.00909,1,1,1089,0
u_opt_factor\set89\u_opt_factor_0.5.py,u_opt_factor,89,u_opt_factor,0.5,2,5,5,0.5,0.5,0.7,0.6,1.0,0.5,48.300001,40,13,45.999999,69.000001,23.00909,1,1,1089,0
u_opt_factor\set89\u_opt_factor_0.6.py,u_opt_factor,89,u_opt_factor,0.6,2,5,5,0.5,0.6,0.7,0.6,1.0,0.6,51.519996,40,13,45.999999,73.599994,23.00909,1,1,1089,0
u_opt_factor\set89\u_opt_factor_0.7.py,u_opt_factor,89,u_opt_factor,0.7,2,5,5,0.5,0.7,0.7,0.6,1.0,0.7,54.739999,40,13,45.999999,78.199999,23.00909,1,1,1089,0
u_opt_factor\set89\u_opt_factor_0.8.py,u_opt_factor,89,u_opt_factor,0.8,2,5,5,0.5,0.8,0.7,0.6,1.0,0.8,57.959999,40,13,45.999999,82.799999,23.00909,1,1,1089,0
u_opt_factor\set89\u_opt_factor_0.9.py,u_opt_factor,89,u_opt_factor,0.9,2,5,5,0.5,0.9,0.7,0.6,1.0,0.9,61.179999,40,13,45.999999,87.399999,23.00909,1,1,1089,0
u_opt_factor\set90\u_opt_factor_0.1.py,u_opt_factor,90,u_opt_factor,0.1,2,5,5,0.5,0.1,0.7,0.6,1.0,0.1,35.420001,40,12,46.000002,50.600001,21.400001,1,1,1090,0
u_opt_factor\set90\u_opt_factor_0.2.py,u_opt_factor,90,u_opt_factor,0.2,2,5,5,0.5,0.2,0.7,0.6,1.0,0.2,38.640006,40,12,46.000002,55.200008,21.400001,1,1,1090,0
u_opt_factor\set90\u_opt_factor_0.3.py,u_opt_factor,90,u_opt_factor,0.3,2,5,5,0.5,0.3,0.7,0.6,1.0,0.3,41.860002,40,12,46.000002,59.800002,21.400001,1,1,1090,0
u_opt_factor\set90\u_opt_factor_0.4.py,u_opt_factor,90,u_opt_factor,0.4,2,5,5,0.5,0.4,0.7,0.6,1.0,0.4,45.080001,40,12,46.000002,64.400001,21.400001,1,1,1090,0
u_opt_factor\set90\u_opt_factor_0.5.py,u_opt_factor,90,u_opt_factor,0.5,2,5,5,0.5,0.5,0.7,0.6,1.0,0.5,48.300001,40,12,46.000002,69.000001,21.400001,1,1,1090,0
u_opt_factor\set90\u_opt_factor_0.6.py,u_opt_factor,90,u_opt_factor,0.6,2,5,5,0.5,0.6,0.7,0.6,1.0,0.6,51.520003,40,12,46.000002,73.600005,21.400001,1,1,1090,0
u_opt_factor\set90\u_opt_factor_0.7.py,u_opt_factor,90,u_opt_factor,0.7,2,5,5,0.5,0.7,0.7,0.6,1.0,0.7,54.740003,40,12,46.000002,78.200005,21.400001,1,1,1090,0
u_opt_factor\set90\u_opt_factor_0.8.py,u_opt_factor,90,u_opt_factor,0.8,2,5,5,0.5,0.8,0.7,0.6,1.0,0.8,57.960002,40,12,46.000002,82.800002,21.400001,1,1,1090,0
u_opt_factor\set90\u_opt_factor_0.9.py,u_opt_factor,90,u_opt_factor,0.9,2,5,5,0.5,0.9,0.7,0.6,1.0,0.9,61.180001,40,12,46.000002,87.400001,21.400001,1,1,1090,0
u_opt_factor\set91\u_opt_factor_0.1.py,u_opt_factor,91,u_opt_factor,0.1,2,5,5,0.5,0.1,0.7,0.6,1.0,0.1,35.42,40,10,46.0,50.6,22.0,1,1,1091,0
u_opt_factor\set91\u_opt_factor_0.2.py,u_opt_factor,91,u_opt_factor,0.2,2,5,5,0.5,0.2,0.7,0.6,1.0,0.2,38.64,40,10,46.0,55.2,22.0,1,1,1091,0
u_opt_factor\set91\u_opt_factor_0.3.py,u_opt_factor,91,u_opt_factor,0.3,2,5,5,0.5,0.3,0.7,0.6,1.0,0.3,41.859998,40,10,46.0,59.799997,22.0,1,1,1091,0
u_opt_factor\set91\u_opt_factor_0.4.py,u_opt_factor,91,u_opt_factor,0.4,2,5,5,0.5,0.4,0.7,0.6,1.0,0.4,45.079996,40,10,46.0,64.399994,22.0,1,1,1091,0
u_opt_factor\set91\u_opt_factor_0.5.py,u_opt_factor,91,u_opt_factor,0.5,2,5,5,0.5,0.5,0.7,0.6,1.0,0.5,48.300002,40,10,46.0,69.000003,22.0,1,1,1091,0
u_opt_factor\set91\u_opt_factor_0.6.py,u_opt_factor,91,u_opt_factor,0.6,2,5,5,0.5,0.6,0.7,0.6,1.0,0.6,51.520002,40,10,46.0,73.600003,22.0,1,1,1091,0
u_opt_factor\set91\u_opt_factor_0.7.py,u_opt_factor,91,u_opt_factor,0.7,2,5,5,0.5,0.7,0.7,0.6,1.0,0.7,54.740001,40,10,46.0,78.200001,22.0,1,1,1091,0
u_opt_factor\set91\u_opt_factor_0.8.py,u_opt_factor,91,u_opt_factor,0.8,2,5,5,0.5,0.8,0.7,0.6,1.0,0.8,57.959999,40,10,46.0,82.799999,22.0,1,1,1091,0
u_opt_factor\set91\u_opt_factor_0.9.py,u_opt_factor,91,u_opt_factor,0.9,2,5,5,0.5,0.9,0.7,0.6,1.0,0.9,61.18,40,10,46.0,87.4,22.0,1,1,1091,0
u_opt_factor\set92\u_opt_factor_0.1.py,u_opt_factor,92,u_opt_factor,0.1,2,5,5,0.5,0.1,0.7,0.6,1.0,0.1,35.420001,40,10,46.000003,50.600001,21.433335,1,1,1092,0
u_opt_factor\set92\u_opt_factor_0.2.py,u_opt_factor,92,u_opt_factor,0.2,2,5,5,0.5,0.2,0.7,0.6,1.0,0.2,38.640002,40,10,46.000003,55.200002,21.433335,1,1,1092,0
u_opt_factor\set92\u_opt_factor_0.3.py,u_opt_factor,92,u_opt_factor,0.3,2,5,5,0.5,0.3,0.7,0.6,1.0,0.3,41.860005,40,10,46.000003,59.800007,21.433335,1,1,1092,0
u_opt_factor\set92\u_opt_factor_0.4.py,u_opt_factor,92,u_opt_factor,0.4,2,5,5,0.5,0.4,0.7,0.6,1.0,0.4,45.080006,40,10,46.000003,64.400009,21.433335,1,1,1092,0
u_opt_factor\set92\u_opt_factor_0.5.py,u_opt_factor,92,u_opt_factor,0.5,2,5,5,0.5,0.5,0.7,0.6,1.0,0.5,48.300003,40,10,46.000003,69.000005,21.433335,1,1,1092,0
u_opt_factor\set92\u_opt_factor_0.6.py,u_opt_factor,92,u_opt_factor,0.6,2,5,5,0.5,0.6,0.7,0.6,1.0,0.6,51.520002,40,10,46.000003,73.600002,21.433335,1,1,1092,0
u_opt_factor\set92\u_opt_factor_0.7.py,u_opt_factor,92,u_opt_factor,0.7,2,5,5,0.5,0.7,0.7,0.6,1.0,0.7,54.740001,40,10,46.000003,78.200001,21.433335,1,1,1092,0
u_opt_factor\set92\u_opt_factor_0.8.py,u_opt_factor,92,u_opt_factor,0.8,2,5,5,0.5,0.8,0.7,0.6,1.0,0.8,57.960002,40,10,46.000003,82.800003,21.433335,1,1,1092,0
u_opt_factor\set92\u_opt_factor_0.9.py,u_opt_factor,92,u_opt_factor,0.9,2,5,5,0.5,0.9,0.7,0.6,1.0,0.9,61.180002,40,10,46.000003,87.400002,21.433335,1,1,1092,0
u_opt_factor\set93\u_opt_factor_0.1.py,u_opt_factor,93,u_opt_factor,0.1,2,5,5,0.5,0.1,0.7,0.6,1.0,0.1,35.419999,40,10,46.000001,50.599999,23.009091,1,1,1093,0
u_opt_factor\set93\u_opt_factor_0.2.py,u_opt_factor,93,u_opt_factor,0.2,2,5,5,0.5,0.2,0.7,0.6,1.0,0.2,38.639999,40,10,46.000001,55.199999,23.009091,1,1,1093,0
u_opt_factor\set93\u_opt_factor_0.3.py,u_opt_factor,93,u_opt_factor,0.3,2,5,5,0.5,0.3,0.7,0.6,1.0,0.3,41.859998,40,10,46.000001,59.799997,23.009091,1,1,1093,0
u_opt_factor\set93\u_opt_factor_0.4.py,u_opt_factor,93,u_opt_factor,0.4,2,5,5,0.5,0.4,0.7,0.6,1.0,0.4,45.080004,40,10,46.000001,64.400006,23.009091,1,1,1093,0
u_opt_factor\set93\u_opt_factor_0.5.py,u_opt_factor,93,u_opt_factor,0.5,2,5,5,0.5,0.5,0.7,0.6,1.0,0.5,48.300001,40,10,46.000001,69.000001,23.009091,1,1,1093,0
u_opt_factor\set93\u_opt_factor_0.6.py,u_opt_factor,93,u_opt_factor,0.6,2,5,5,0.5,0.6,0.7,0.6,1.0,0.6,51.520001,40,10,46.000001,73.600001,23.009091,1,1,1093,0
u_opt_factor\set93\u_opt_factor_0.7.py,u_opt_factor,93,u_opt_factor,0.7,2,5,5,0.5,0.7,0.7,0.6,1.0,0.7,54.740001,40,10,46.000001,78.200001,23.009091,1,1,1093,0
u_opt_factor\set93\u_opt_factor_0.8.py,u_opt_factor,93,u_opt_factor,0.8,2,5,5,0.5,0.8,0.7,0.6,1.0,0.8,57.960002,40,10,46.000001,82.800003,23.009091,1,1,1093,0
u_opt_factor\set93\u_opt_factor_0.9.py,u_opt_factor,93,u_opt_factor,0.9,2,5,5,0.5,0.9,0.7,0.6,1.0,0.9,61.180002,40,10,46.000001,87.400003,23.009091,1,1,1093,0
u_opt_factor\set94\u_opt_factor_0.1.py,u_opt_factor,94,u_opt_factor,0.1,2,5,5,0.5,0.1,0.7,0.6,1.0,0.1,35.420001,40,13,46.0,50.600001,23.009091,1,1,1094,0
u_opt_factor\set94\u_opt_factor_0.2.py,u_opt_factor,94,u_opt_factor,0.2,2,5,5,0.5,0.2,0.7,0.6,1.0,0.2,38.639999,40,13,46.0,55.199999,23.009091,1,1,1094,0
u_opt_factor\set94\u_opt_factor_0.3.py,u_opt_factor,94,u_opt_factor,0.3,2,5,5,0.5,0.3,0.7,0.6,1.0,0.3,41.86,40,13,46.0,59.8,23.009091,1,1,1094,0
u_opt_factor\set94\u_opt_factor_0.4.py,u_opt_factor,94,u_opt_factor,0.4,2,5,5,0.5,0.4,0.7,0.6,1.0,0.4,45.080002,40,13,46.0,64.400003,23.009091,1,1,1094,0
u_opt_factor\set94\u_opt_factor_0.5.py,u_opt_factor,94,u_opt_factor,0.5,2,5,5,0.5,0.5,0.7,0.6,1.0,0.5,48.299999,40,13,46.0,68.999999,23.009091,1,1,1094,0
u_opt_factor\set94\u_opt_factor_0.6.py,u_opt_factor,94,u_opt_factor,0.6,2,5,5,0.5,0.6,0.7,0.6,1.0,0.6,51.52,40,13,46.0,73.6,23.009091,1,1,1094,0
u_opt_factor\set94\u_opt_factor_0.7.py,u_opt_factor,94,u_opt_factor,0.7,2,5,5,0.5,0.7,0.7,0.6,1.0,0.7,54.739999,40,13,46.0,78.199999,23.009091,1,1,1094,0
u_opt_factor\set94\u_opt_factor_0.8.py,u_opt_factor,94,u_opt_factor,0.8,2,5,5,0.5,0.8,0.7,0.6,1.0,0.8,57.960001,40,13,46.0,82.800001,23.009091,1,1,1094,0
u_opt_factor\set94\u_opt_factor_0.9.py,u_opt_factor,94,u_opt_factor,0.9,2,5,5,0.5,0.9,0.7,0.6,1.0,0.9,61.180001,40,13,46.0,87.400001,23.009091,1,1,1094,0
u_opt_factor\set95\u_opt_factor_0.1.py,u_opt_factor,95,u_opt_factor,0.1,2,5,5,0.5,0.1,0.7,0.6,1.0,0.1,35.420002,40,12,45.999999,50.600002,21.433333,1,1,1095,0
u_opt_factor\set95\u_opt_factor_0.2.py,u_opt_factor,95,u_opt_factor,0.2,2,5,5,0.5,0.2,0.7,0.6,1.0,0.2,38.639998,40,12,45.999999,55.199998,21.433333,1,1,1095,0
u_opt_factor\set95\u_opt_factor_0.3.py,u_opt_factor,95,u_opt_factor,0.3,2,5,5,0.5,0.3,0.7,0.6,1.0,0.3,41.860004,40,12,45.999999,59.800006,21.433333,1,1,1095,0
u_opt_factor\set95\u_opt_factor_0.4.py,u_opt_factor,95,u_opt_factor,0.4,2,5,5,0.5,0.4,0.7,0.6,1.0,0.4,45.080002,40,12,45.999999,64.400002,21.433333,1,1,1095,0
u_opt_factor\set95\u_opt_factor_0.5.py,u_opt_factor,95,u_opt_factor,0.5,2,5,5,0.5,0.5,0.7,0.6,1.0,0.5,48.3,40,12,45.999999,69.0,21.433333,1,1,1095,0
u_opt_factor\set95\u_opt_factor_0.6.py,u_opt_factor,95,u_opt_factor,0.6,2,5,5,0.5,0.6,0.7,0.6,1.0,0.6,51.519997,40,12,45.999999,73.599995,21.433333,1,1,1095,0
u_opt_factor\set95\u_opt_factor_0.7.py,u_opt_factor,95,u_opt_factor,0.7,2,5,5,0.5,0.7,0.7,0.6,1.0,0.7,54.739998,40,12,45.999999,78.199998,21.433333,1,1,1095,0
u_opt_factor\set95\u_opt_factor_0.8.py,u_opt_factor,95,u_opt_factor,0.8,2,5,5,0.5,0.8,0.7,0.6,1.0,0.8,57.959997,40,12,45.999999,82.799995,21.433333,1,1,1095,0
u_opt_factor\set95\u_opt_factor_0.9.py,u_opt_factor,95,u_opt_factor,0.9,2,5,5,0.5,0.9,0.7,0.6,1.0,0.9,61.180002,40,12,45.999999,87.400002,21.433333,1,1,1095,0
u_opt_factor\set96\u_opt_factor_0.1.py,u_opt_factor,96,u_opt_factor,0.1,2,5,5,0.5,0.1,0.7,0.6,1.0,0.1,35.419997,40,11,46.0,50.599995,22.042857,1,1,1096,0
u_opt_factor\set96\u_opt_factor_0.2.py,u_opt_factor,96,u_opt_factor,0.2,2,5,5,0.5,0.2,0.7,0.6,1.0,0.2,38.64,40,11,46.0,55.2,22.042857,1,1,1096,0
u_opt_factor\set96\u_opt_factor_0.3.py,u_opt_factor,96,u_opt_factor,0.3,2,5,5,0.5,0.3,0.7,0.6,1.0,0.3,41.859998,40,11,46.0,59.799998,22.042857,1,1,1096,0
u_opt_factor\set96\u_opt_factor_0.4.py,u_opt_factor,96,u_opt_factor,0.4,2,5,5,0.5,0.4,0.7,0.6,1.0,0.4,45.080004,40,11,46.0,64.400006,22.042857,1,1,1096,0
u_opt_factor\set96\u_opt_factor_0.5.py,u_opt_factor,96,u_opt_factor,0.5,2,5,5,0.5,0.5,0.7,0.6,1.0,0.5,48.299999,40,11,46.0,68.999999,22.042857,1,1,1096,0
u_opt_factor\set96\u_opt_factor_0.6.py,u_opt_factor,96,u_opt_factor,0.6,2,5,5,0.5,0.6,0.7,0.6,1.0,0.6,51.519999,40,11,46.0,73.599999,22.042857,1,1,1096,0
u_opt_factor\set96\u_opt_factor_0.7.py,u_opt_factor,96,u_opt_factor,0.7,2,5,5,0.5,0.7,0.7,0.6,1.0,0.7,54.739999,40,11,46.0,78.199999,22.042857,1,1,1096,0
u_opt_factor\set96\u_opt_factor_0.8.py,u_opt_factor,96,u_opt_factor,0.8,2,5,5,0.5,0.8,0.7,0.6,1.0,0.8,57.960001,40,11,46.0,82.800001,22.042857,1,1,1096,0
u_opt_factor\set96\u_opt_factor_0.9.py,u_opt_factor,96,u_opt_factor,0.9,2,5,5,0.5,0.9,0.7,0.6,1.0,0.9,61.179998,40,11,46.0,87.399997,22.042857,1,1,1096,0
u_opt_factor\set97\u_opt_factor_0.1.py,u_opt_factor,97,u_opt_factor,0.1,2,5,5,0.5,0.1,0.7,0.6,1.0,0.1,35.419998,40,9,45.999999,50.599998,22.042857,1,1,1097,0
u_opt_factor\set97\u_opt_factor_0.2.py,u_opt_factor,97,u_opt_factor,0.2,2,5,5,0.5,0.2,0.7,0.6,1.0,0.2,38.639999,40,9,45.999999,55.199999,22.042857,1,1,1097,0
u_opt_factor\set97\u_opt_factor_0.3.py,u_opt_factor,97,u_opt_factor,0.3,2,5,5,0.5,0.3,0.7,0.6,1.0,0.3,41.859998,40,9,45.999999,59.799998,22.042857,1,1,1097,0
u_opt_factor\set97\u_opt_factor_0.4.py,u_opt_factor,97,u_opt_factor,0.4,2,5,5,0.5,0.4,0.7,0.6,1.0,0.4,45.080001,40,9,45.999999,64.400001,22.042857,1,1,1097,0
u_opt_factor\set97\u_opt_factor_0.5.py,u_opt_factor,97,u_opt_factor,0.5,2,5,5,0.5,0.5,0.7,0.6,1.0,0.5,48.299999,40,9,45.999999,68.999999,22.042857,1,1,1097,0
u_opt_factor\set97\u_opt_factor_0.6.py,u_opt_factor,97,u_opt_factor,0.6,2,5,5,0.5,0.6,0.7,0.6,1.0,0.6,51.520002,40,9,45.999999,73.600002,22.042857,1,1,1097,0
u_opt_factor\set97\u_opt_factor_0.7.py,u_opt_factor,97,u_opt_factor,0.7,2,5,5,0.5,0.7,0.7,0.6,1.0,0.7,54.74,40,9,45.999999,78.2,22.042857,1,1,1097,0
u_opt_factor\set97\u_opt_factor_0.8.py,u_opt_factor,97,u_opt_factor,0.8,2,5,5,0.5,0.8,0.7,0.6,1.0,0.8,57.959998,40,9,45.999999,82.799997,22.042857,1,1,1097,0
u_opt_factor\set97\u_opt_factor_0.9.py,u_opt_factor,97,u_opt_factor,0.9,2,5,5,0.5,0.9,0.7,0.6,1.0,0.9,61.18,40,9,45.999999,87.4,22.042857,1,1,1097,0
u_opt_factor\set98\u_opt_factor_0.1.py,u_opt_factor,98,u_opt_factor,0.1,2,5,5,0.5,0.1,0.7,0.6,1.0,0.1,35.419998,40,15,46.000001,50.599998,21.400001,1,1,1098,0
u_opt_factor\set98\u_opt_factor_0.2.py,u_opt_factor,98,u_opt_factor,0.2,2,5,5,0.5,0.2,0.7,0.6,1.0,0.2,38.64,40,15,46.000001,55.2,21.400001,1,1,1098,0
u_opt_factor\set98\u_opt_factor_0.3.py,u_opt_factor,98,u_opt_factor,0.3,2,5,5,0.5,0.3,0.7,0.6,1.0,0.3,41.860004,40,15,46.000001,59.800006,21.400001,1,1,1098,0
u_opt_factor\set98\u_opt_factor_0.4.py,u_opt_factor,98,u_opt_factor,0.4,2,5,5,0.5,0.4,0.7,0.6,1.0,0.4,45.080001,40,15,46.000001,64.400001,21.400001,1,1,1098,0
u_opt_factor\set98\u_opt_factor_0.5.py,u_opt_factor,98,u_opt_factor,0.5,2,5,5,0.5,0.5,0.7,0.6,1.0,0.5,48.3,40,15,46.000001,69.0,21.400001,1,1,1098,0
u_opt_factor\set98\u_opt_factor_0.6.py,u_opt_factor,98,u_opt_factor,0.6,2,5,5,0.5,0.6,0.7,0.6,1.0,0.6,51.519998,40,15,46.000001,73.599998,21.400001,1,1,1098,0
u_opt_factor\set98\u_opt_factor_0.7.py,u_opt_factor,98,u_opt_factor,0.7,2,5,5,0.5,0.7,0.7,0.6,1.0,0.7,54.739999,40,15,46.000001,78.199999,21.400001,1,1,1098,0
u_opt_factor\set98\u_opt_factor_0.8.py,u_opt_factor,98,u_opt_factor,0.8,2,5,5,0.5,0.8,0.7,0.6,1.0,0.8,57.959998,40,15,46.000001,82.799998,21.400001,1,1,1098,0
u_opt_factor\set98\u_opt_factor_0.9.py,u_opt_factor,98,u_opt_factor,0.9,2,5,5,0.5,0.9,0.7,0.6,1.0,0.9,61.180005,40,15,46.000001,87.400007,21.400001,1,1,1098,0
u_opt_factor\set99\u_opt_factor_0.1.py,u_opt_factor,99,u_opt_factor,0.1,2,5,5,0.5,0.1,0.7,0.6,1.0,0.1,35.42,40,11,45.999998,50.6,21.433332,1,1,1099,0
u_opt_factor\set99\u_opt_factor_0.2.py,u_opt_factor,99,u_opt_factor,0.2,2,5,5,0.5,0.2,0.7,0.6,1.0,0.2,38.639998,40,11,45.999998,55.199997,21.433332,1,1,1099,0
u_opt_factor\set99\u_opt_factor_0.3.py,u_opt_factor,99,u_opt_factor,0.3,2,5,5,0.5,0.3,0.7,0.6,1.0,0.3,41.859999,40,11,45.999998,59.799999,21.433332,1,1,1099,0
u_opt_factor\set99\u_opt_factor_0.4.py,u_opt_factor,99,u_opt_factor,0.4,2,5,5,0.5,0.4,0.7,0.6,1.0,0.4,45.08,40,11,45.999998,64.4,21.433332,1,1,1099,0
u_opt_factor\set99\u_opt_factor_0.5.py,u_opt_factor,99,u_opt_factor,0.5,2,5,5,0.5,0.5,0.7,0.6,1.0,0.5,48.299998,40,11,45.999998,68.999998,21.433332,1,1,1099,0
u_opt_factor\set99\u_opt_factor_0.6.py,u_opt_factor,99,u_opt_factor,0.6,2,5,5,0.5,0.6,0.7,0.6,1.0,0.6,51.52,40,11,45.999998,73.6,21.433332,1,1,1099,0
u_opt_factor\set99\u_opt_factor_0.7.py,u_opt_factor,99,u_opt_factor,0.7,2,5,5,0.5,0.7,0.7,0.6,1.0,0.7,54.739998,40,11,45.999998,78.199998,21.433332,1,1,1099,0
u_opt_factor\set99\u_opt_factor_0.8.py,u_opt_factor,99,u_opt_factor,0.8,2,5,5,0.5,0.8,0.7,0.6,1.0,0.8,57.959998,40,11,45.999998,82.799998,21.433332,1,1,1099,0
u_opt_factor\set99\u_opt_factor_0.9.py,u_opt_factor,99,u_opt_factor,0.9,2,5,5,0.5,0.9,0.7,0.6,1.0,0.9,61.179998,40,11,45.999998,87.399998,21.433332,1,1,1099,0
