file,sweep,set,factor,value,n_prc,n_tsk,n_frq,u_mand_factor,u_opt_factor,rho,xi,U_M,U_O,B,H,J,e_mand_fmax,e_full_fmax,e_mand_min,feasible,donate_ok,seed,redraws,model,status,model_feasible,utility,energy,util_per_energy,runtime,gap,error,runtime_best,runtime_worst,repeats,censored,nondeterministic
u_mand_factor\set00\u_mand_factor_0.1.py,u_mand_factor,0,u_mand_factor,0.1,2,5,5,0.1,0.5,0.7,0.6,0.2,0.9,35.420002,40,13,9.200002,50.600002,4.408573,1,0,1000,0,ilp_v2,optimal,1,123.877307,32.349018,3.829399,0.006418,0.0,,0.006418,0.007681,3,0,0
u_mand_factor\set00\u_mand_factor_0.1.py,u_mand_factor,0,u_mand_factor,0.1,2,5,5,0.1,0.5,0.7,0.6,0.2,0.9,35.420002,40,13,9.200002,50.600002,4.408573,1,0,1000,0,ilp_v3,optimal,1,123.877307,35.076233,3.531659,0.007736,0.0,,0.007736,0.008169,3,0,0
u_mand_factor\set00\u_mand_factor_0.1.py,u_mand_factor,0,u_mand_factor,0.1,2,5,5,0.1,0.5,0.7,0.6,0.2,0.9,35.420002,40,13,9.200002,50.600002,4.408573,1,0,1000,0,ilp_v4,optimal,1,123.877307,35.279505,3.511311,0.028437,0.0,,0.028437,0.028865,3,0,0
u_mand_factor\set00\u_mand_factor_0.1.py,u_mand_factor,0,u_mand_factor,0.1,2,5,5,0.1,0.5,0.7,0.6,0.2,0.9,35.420002,40,13,9.200002,50.600002,4.408573,1,0,1000,0,greedy_sps_baseline,solved,1,83.865632,35.38495,2.370093,0.002509,,,0.002509,0.00327,3,0,0
u_mand_factor\set00\u_mand_factor_0.2.py,u_mand_factor,0,u_mand_factor,0.2,2,5,5,0.2,0.5,0.7,0.6,0.4,0.8,38.639999,40,13,18.400001,55.199999,8.817143,1,0,1000,0,ilp_v2,optimal,1,114.775308,38.457037,2.984507,0.006591,0.0,,0.006591,0.0074,3,0,0
u_mand_factor\set00\u_mand_factor_0.2.py,u_mand_factor,0,u_mand_factor,0.2,2,5,5,0.2,0.5,0.7,0.6,0.4,0.8,38.639999,40,13,18.400001,55.199999,8.817143,1,0,1000,0,ilp_v3,optimal,1,114.775308,36.135745,3.176226,0.012117,0.0,,0.012117,0.012859,3,0,0
u_mand_factor\set00\u_mand_factor_0.2.py,u_mand_factor,0,u_mand_factor,0.2,2,5,5,0.2,0.5,0.7,0.6,0.4,0.8,38.639999,40,13,18.400001,55.199999,8.817143,1,0,1000,0,ilp_v4,optimal,1,114.775308,38.457037,2.984507,0.028266,0.0,,0.028266,0.029221,3,0,0
u_mand_factor\set00\u_mand_factor_0.2.py,u_mand_factor,0,u_mand_factor,0.2,2,5,5,0.2,0.5,0.7,0.6,0.4,0.8,38.639999,40,13,18.400001,55.199999,8.817143,1,0,1000,0,greedy_sps_baseline,solved,1,71.287545,38.557226,1.848876,0.002025,,,0.002025,0.002462,3,0,0
u_mand_factor\set00\u_mand_factor_0.3.py,u_mand_factor,0,u_mand_factor,0.3,2,5,5,0.3,0.5,0.7,0.6,0.6,0.7,41.859996,40,13,27.600001,59.799994,13.225715,1,1,1000,0,ilp_v2,optimal,1,98.676193,39.969708,2.468774,0.006998,0.0,,0.006998,0.008708,3,0,0
u_mand_factor\set00\u_mand_factor_0.3.py,u_mand_factor,0,u_mand_factor,0.3,2,5,5,0.3,0.5,0.7,0.6,0.6,0.7,41.859996,40,13,27.600001,59.799994,13.225715,1,1,1000,0,ilp_v3,optimal,1,98.676193,41.357538,2.38593,0.007313,0.0,,0.007313,0.008143,3,0,0
u_mand_factor\set00\u_mand_factor_0.3.py,u_mand_factor,0,u_mand_factor,0.3,2,5,5,0.3,0.5,0.7,0.6,0.6,0.7,41.859996,40,13,27.600001,59.799994,13.225715,1,1,1000,0,ilp_v4,optimal,1,98.676193,39.246588,2.514262,0.031186,0.0,,0.031186,0.032333,3,0,0
u_mand_factor\set00\u_mand_factor_0.3.py,u_mand_factor,0,u_mand_factor,0.3,2,5,5,0.3,0.5,0.7,0.6,0.6,0.7,41.859996,40,13,27.600001,59.799994,13.225715,1,1,1000,0,greedy_sps_baseline,solved,1,49.127309,41.469251,1.184668,0.002081,,,0.002081,0.002295,3,0,0
u_mand_factor\set00\u_mand_factor_0.4.py,u_mand_factor,0,u_mand_factor,0.4,2,5,5,0.4,0.5,0.7,0.6,0.8,0.6,45.079998,40,13,36.800002,64.399997,17.634287,1,1,1000,0,ilp_v2,optimal,1,82.72616,44.766837,1.847934,0.006909,0.0,,0.006909,0.007149,3,0,0
u_mand_factor\set00\u_mand_factor_0.4.py,u_mand_factor,0,u_mand_factor,0.4,2,5,5,0.4,0.5,0.7,0.6,0.8,0.6,45.079998,40,13,36.800002,64.399997,17.634287,1,1,1000,0,ilp_v3,optimal,1,82.72616,44.972196,1.839496,0.006462,0.0,,0.006462,0.007471,3,0,0
u_mand_factor\set00\u_mand_factor_0.4.py,u_mand_factor,0,u_mand_factor,0.4,2,5,5,0.4,0.5,0.7,0.6,0.8,0.6,45.079998,40,13,36.800002,64.399997,17.634287,1,1,1000,0,ilp_v4,optimal,1,82.72616,44.898462,1.842517,0.055171,0.0,,0.055171,0.057387,3,0,0
u_mand_factor\set00\u_mand_factor_0.4.py,u_mand_factor,0,u_mand_factor,0.4,2,5,5,0.4,0.5,0.7,0.6,0.8,0.6,45.079998,40,13,36.800002,64.399997,17.634287,1,1,1000,0,greedy_sps_baseline,solved,1,29.748223,44.894821,0.66262,0.001402,,,0.001402,0.001568,3,0,0
u_mand_factor\set00\u_mand_factor_0.5.py,u_mand_factor,0,u_mand_factor,0.5,2,5,5,0.5,0.5,0.7,0.6,1.0,0.5,48.300003,40,13,46.000002,69.000005,22.042858,1,1,1000,0,ilp_v2,optimal,1,64.70866,48.292486,1.339932,0.025179,0.0,,0.025179,0.026669,3,0,0
u_mand_factor\set00\u_mand_factor_0.5.py,u_mand_factor,0,u_mand_factor,0.5,2,5,5,0.5,0.5,0.7,0.6,1.0,0.5,48.300003,40,13,46.000002,69.000005,22.042858,1,1,1000,0,ilp_v3,optimal,1,61.915628,47.940817,1.291501,0.053398,0.0,,0.053398,0.060772,3,0,0
u_mand_factor\set00\u_mand_factor_0.5.py,u_mand_factor,0,u_mand_factor,0.5,2,5,5,0.5,0.5,0.7,0.6,1.0,0.5,48.300003,40,13,46.000002,69.000005,22.042858,1,1,1000,0,ilp_v4,optimal,1,67.365432,47.602778,1.415158,0.063064,0.0,,0.063064,0.070668,3,0,0
u_mand_factor\set00\u_mand_factor_0.5.py,u_mand_factor,0,u_mand_factor,0.5,2,5,5,0.5,0.5,0.7,0.6,1.0,0.5,48.300003,40,13,46.000002,69.000005,22.042858,1,1,1000,0,greedy_sps_baseline,solved,1,8.364274,48.284027,0.173231,0.000878,,,0.000878,0.001031,3,0,0
u_mand_factor\set00\u_mand_factor_0.6.py,u_mand_factor,0,u_mand_factor,0.6,2,5,5,0.6,0.5,0.7,0.6,1.2,0.4,51.520002,40,13,55.200003,73.600002,26.45143,1,1,1000,0,ilp_v2,optimal,1,44.714462,51.506634,0.86813,0.028115,0.0,,0.028115,0.029785,3,0,0
u_mand_factor\set00\u_mand_factor_0.6.py,u_mand_factor,0,u_mand_factor,0.6,2,5,5,0.6,0.5,0.7,0.6,1.2,0.4,51.520002,40,13,55.200003,73.600002,26.45143,1,1,1000,0,ilp_v3,optimal,1,44.79373,51.518944,0.869461,0.071351,0.0,,0.071351,0.086515,3,0,0
u_mand_factor\set00\u_mand_factor_0.6.py,u_mand_factor,0,u_mand_factor,0.6,2,5,5,0.6,0.5,0.7,0.6,1.2,0.4,51.520002,40,13,55.200003,73.600002,26.45143,1,1,1000,0,ilp_v4,optimal,1,48.631073,51.514155,0.944033,0.292303,0.0,,0.292303,0.302485,3,0,0
u_mand_factor\set00\u_mand_factor_0.6.py,u_mand_factor,0,u_mand_factor,0.6,2,5,5,0.6,0.5,0.7,0.6,1.2,0.4,51.520002,40,13,55.200003,73.600002,26.45143,1,1,1000,0,greedy_sps_baseline,infeasible,0,,55.200003,,0.000424,,over budget: E=55.2000 > B=51.5200,0.000424,0.000661,3,0,0
u_mand_factor\set00\u_mand_factor_0.7.py,u_mand_factor,0,u_mand_factor,0.7,2,5,5,0.7,0.5,0.7,0.6,1.4,0.3,54.740004,40,13,64.399999,78.200006,30.859999,1,1,1000,0,ilp_v2,optimal,1,26.325087,54.703198,0.481235,0.03868,0.0,,0.03868,0.039895,3,0,0
u_mand_factor\set00\u_mand_factor_0.7.py,u_mand_factor,0,u_mand_factor,0.7,2,5,5,0.7,0.5,0.7,0.6,1.4,0.3,54.740004,40,13,64.399999,78.200006,30.859999,1,1,1000,0,ilp_v3,optimal,1,26.325087,54.703198,0.481235,0.034018,0.0,,0.034018,0.046081,3,0,0
u_mand_factor\set00\u_mand_factor_0.7.py,u_mand_factor,0,u_mand_factor,0.7,2,5,5,0.7,0.5,0.7,0.6,1.4,0.3,54.740004,40,13,64.399999,78.200006,30.859999,1,1,1000,0,ilp_v4,optimal,1,30.716156,54.637462,0.562181,0.226611,0.0,,0.226611,0.239568,3,0,0
u_mand_factor\set00\u_mand_factor_0.7.py,u_mand_factor,0,u_mand_factor,0.7,2,5,5,0.7,0.5,0.7,0.6,1.4,0.3,54.740004,40,13,64.399999,78.200006,30.859999,1,1,1000,0,greedy_sps_baseline,infeasible,0,,64.399999,,0.000427,,over budget: E=64.4000 > B=54.7400,0.000427,0.000542,3,0,0
u_mand_factor\set00\u_mand_factor_0.8.py,u_mand_factor,0,u_mand_factor,0.8,2,5,5,0.8,0.5,0.7,0.6,1.6,0.2,57.959999,40,13,73.6,82.799999,35.268571,1,1,1000,0,ilp_v2,optimal,1,2.695019,57.937338,0.046516,0.113581,0.0,,0.113581,0.130607,3,0,0
u_mand_factor\set00\u_mand_factor_0.8.py,u_mand_factor,0,u_mand_factor,0.8,2,5,5,0.8,0.5,0.7,0.6,1.6,0.2,57.959999,40,13,73.6,82.799999,35.268571,1,1,1000,0,ilp_v3,optimal,1,2.695019,57.937338,0.046516,0.118025,0.0,,0.118025,0.128183,3,0,0
u_mand_factor\set00\u_mand_factor_0.8.py,u_mand_factor,0,u_mand_factor,0.8,2,5,5,0.8,0.5,0.7,0.6,1.6,0.2,57.959999,40,13,73.6,82.799999,35.268571,1,1,1000,0,ilp_v4,optimal,1,8.403357,57.941403,0.145032,0.203246,0.0,,0.203246,0.217049,3,0,0
u_mand_factor\set00\u_mand_factor_0.8.py,u_mand_factor,0,u_mand_factor,0.8,2,5,5,0.8,0.5,0.7,0.6,1.6,0.2,57.959999,40,13,73.6,82.799999,35.268571,1,1,1000,0,greedy_sps_baseline,infeasible,0,,73.6,,0.000432,,over budget: E=73.6000 > B=57.9600,0.000432,0.000528,3,0,0
u_mand_factor\set00\u_mand_factor_0.9.py,u_mand_factor,0,u_mand_factor,0.9,2,5,5,0.9,0.5,0.7,0.6,1.8,0.1,61.180001,40,13,82.8,87.400001,39.677143,1,1,1000,0,ilp_v2,infeasible,0,,,,0.003443,,,0.003443,0.003634,3,0,0
u_mand_factor\set00\u_mand_factor_0.9.py,u_mand_factor,0,u_mand_factor,0.9,2,5,5,0.9,0.5,0.7,0.6,1.8,0.1,61.180001,40,13,82.8,87.400001,39.677143,1,1,1000,0,ilp_v3,infeasible,0,,,,0.004195,,,0.004195,0.004268,3,0,0
u_mand_factor\set00\u_mand_factor_0.9.py,u_mand_factor,0,u_mand_factor,0.9,2,5,5,0.9,0.5,0.7,0.6,1.8,0.1,61.180001,40,13,82.8,87.400001,39.677143,1,1,1000,0,ilp_v4,infeasible,0,,,,0.013743,,,0.013743,0.014443,3,0,0
u_mand_factor\set00\u_mand_factor_0.9.py,u_mand_factor,0,u_mand_factor,0.9,2,5,5,0.9,0.5,0.7,0.6,1.8,0.1,61.180001,40,13,82.8,87.400001,39.677143,1,1,1000,0,greedy_sps_baseline,infeasible,0,,82.8,,0.000389,,over budget: E=82.8000 > B=61.1800,0.000389,0.000587,3,0,0
u_mand_factor\set01\u_mand_factor_0.1.py,u_mand_factor,1,u_mand_factor,0.1,2,5,5,0.1,0.5,0.7,0.6,0.2,0.9,35.419998,40,13,9.200001,50.599998,4.286667,1,0,1001,0,ilp_v2,optimal,1,95.235298,34.79073,2.737376,0.007459,0.0,,0.007459,0.008012,3,0,0
u_mand_factor\set01\u_mand_factor_0.1.py,u_mand_factor,1,u_mand_factor,0.1,2,5,5,0.1,0.5,0.7,0.6,0.2,0.9,35.419998,40,13,9.200001,50.599998,4.286667,1,0,1001,0,ilp_v3,optimal,1,95.235298,35.164338,2.708292,0.007001,0.0,,0.007001,0.007353,3,0,0
u_mand_factor\set01\u_mand_factor_0.1.py,u_mand_factor,1,u_mand_factor,0.1,2,5,5,0.1,0.5,0.7,0.6,0.2,0.9,35.419998,40,13,9.200001,50.599998,4.286667,1,0,1001,0,ilp_v4,optimal,1,95.235298,35.326035,2.695895,0.037011,0.0,,0.037011,0.040309,3,0,0
u_mand_factor\set01\u_mand_factor_0.1.py,u_mand_factor,1,u_mand_factor,0.1,2,5,5,0.1,0.5,0.7,0.6,0.2,0.9,35.419998,40,13,9.200001,50.599998,4.286667,1,0,1001,0,greedy_sps_baseline,solved,1,66.891418,34.594157,1.933604,0.004052,,,0.004052,0.004583,3,0,0
u_mand_factor\set01\u_mand_factor_0.2.py,u_mand_factor,1,u_mand_factor,0.2,2,5,5,0.2,0.5,0.7,0.6,0.4,0.8,38.640004,40,13,18.400001,55.200006,8.573334,1,0,1001,0,ilp_v2,optimal,1,75.750399,38.516091,1.966721,0.006503,0.0,,0.006503,0.007224,3,0,0
u_mand_factor\set01\u_mand_factor_0.2.py,u_mand_factor,1,u_mand_factor,0.2,2,5,5,0.2,0.5,0.7,0.6,0.4,0.8,38.640004,40,13,18.400001,55.200006,8.573334,1,0,1001,0,ilp_v3,optimal,1,73.88515,37.963741,1.946203,0.014269,0.0,,0.014269,0.01657,3,0,0
u_mand_factor\set01\u_mand_factor_0.2.py,u_mand_factor,1,u_mand_factor,0.2,2,5,5,0.2,0.5,0.7,0.6,0.4,0.8,38.640004,40,13,18.400001,55.200006,8.573334,1,0,1001,0,ilp_v4,optimal,1,75.750399,37.494007,2.020334,0.05589,0.0,,0.05589,0.058742,3,0,0
u_mand_factor\set01\u_mand_factor_0.2.py,u_mand_factor,1,u_mand_factor,0.2,2,5,5,0.2,0.5,0.7,0.6,0.4,0.8,38.640004,40,13,18.400001,55.200006,8.573334,1,0,1001,0,greedy_sps_baseline,solved,1,52.846564,38.219983,1.382695,0.003826,,,0.003826,0.004073,3,0,0
u_mand_factor\set01\u_mand_factor_0.3.py,u_mand_factor,1,u_mand_factor,0.3,2,5,5,0.3,0.5,0.7,0.6,0.6,0.7,41.860003,40,13,27.6,59.800005,12.86,1,1,1001,0,ilp_v2,optimal,1,55.275194,41.849262,1.320816,0.017802,0.0,,0.017802,0.017895,3,0,0
u_mand_factor\set01\u_mand_factor_0.3.py,u_mand_factor,1,u_mand_factor,0.3,2,5,5,0.3,0.5,0.7,0.6,0.6,0.7,41.860003,40,13,27.6,59.800005,12.86,1,1,1001,0,ilp_v3,optimal,1,52.506731,41.697772,1.259222,0.008093,0.0,,0.008093,0.008476,3,0,0
u_mand_factor\set01\u_mand_factor_0.3.py,u_mand_factor,1,u_mand_factor,0.3,2,5,5,0.3,0.5,0.7,0.6,0.6,0.7,41.860003,40,13,27.6,59.800005,12.86,1,1,1001,0,ilp_v4,optimal,1,55.275194,41.849262,1.320816,0.043121,0.0,,0.043121,0.047043,3,0,0
u_mand_factor\set01\u_mand_factor_0.3.py,u_mand_factor,1,u_mand_factor,0.3,2,5,5,0.3,0.5,0.7,0.6,0.6,0.7,41.860003,40,13,27.6,59.800005,12.86,1,1,1001,0,greedy_sps_baseline,solved,1,31.077254,40.821929,0.761288,0.003865,,,0.003865,0.00397,3,0,0
u_mand_factor\set01\u_mand_factor_0.4.py,u_mand_factor,1,u_mand_factor,0.4,2,5,5,0.4,0.5,0.7,0.6,0.8,0.6,45.079998,40,13,36.800001,64.399998,17.146667,1,1,1001,0,ilp_v2,optimal,1,47.248783,45.038528,1.049075,0.050412,0.0,,0.050412,0.05362,3,0,0
u_mand_factor\set01\u_mand_factor_0.4.py,u_mand_factor,1,u_mand_factor,0.4,2,5,5,0.4,0.5,0.7,0.6,0.8,0.6,45.079998,40,13,36.800001,64.399998,17.146667,1,1,1001,0,ilp_v3,optimal,1,47.758445,45.000405,1.061289,0.009737,0.0,,0.009737,0.010304,3,0,0
u_mand_factor\set01\u_mand_factor_0.4.py,u_mand_factor,1,u_mand_factor,0.4,2,5,5,0.4,0.5,0.7,0.6,0.8,0.6,45.079998,40,13,36.800001,64.399998,17.146667,1,1,1001,0,ilp_v4,optimal,1,49.389808,45.078636,1.095637,0.073026,0.0,,0.073026,0.079822,3,0,0
u_mand_factor\set01\u_mand_factor_0.4.py,u_mand_factor,1,u_mand_factor,0.4,2,5,5,0.4,0.5,0.7,0.6,0.8,0.6,45.079998,40,13,36.800001,64.399998,17.146667,1,1,1001,0,greedy_sps_baseline,solved,1,20.024582,45.054664,0.444451,0.003672,,,0.003672,0.003815,3,0,0
u_mand_factor\set01\u_mand_factor_0.5.py,u_mand_factor,1,u_mand_factor,0.5,2,5,5,0.5,0.5,0.7,0.6,1.0,0.5,48.300007,40,13,46.000002,69.00001,21.433334,1,1,1001,0,ilp_v2,optimal,1,44.434702,48.263013,0.920678,0.028255,0.0,,0.028255,0.029666,3,0,0
u_mand_factor\set01\u_mand_factor_0.5.py,u_mand_factor,1,u_mand_factor,0.5,2,5,5,0.5,0.5,0.7,0.6,1.0,0.5,48.300007,40,13,46.000002,69.00001,21.433334,1,1,1001,0,ilp_v3,optimal,1,38.281158,48.280096,0.792897,0.163651,0.0,,0.163651,0.165435,3,0,0
u_mand_factor\set01\u_mand_factor_0.5.py,u_mand_factor,1,u_mand_factor,0.5,2,5,5,0.5,0.5,0.7,0.6,1.0,0.5,48.300007,40,13,46.000002,69.00001,21.433334,1,1,1001,0,ilp_v4,optimal,1,45.172125,48.226295,0.93667,0.116773,0.0,,0.116773,0.119235,3,0,0
u_mand_factor\set01\u_mand_factor_0.5.py,u_mand_factor,1,u_mand_factor,0.5,2,5,5,0.5,0.5,0.7,0.6,1.0,0.5,48.300007,40,13,46.000002,69.00001,21.433334,1,1,1001,0,greedy_sps_baseline,solved,1,6.057065,48.182155,0.125712,0.00304,,,0.00304,0.003401,3,0,0
u_mand_factor\set01\u_mand_factor_0.6.py,u_mand_factor,1,u_mand_factor,0.6,2,5,5,0.6,0.5,0.7,0.6,1.2,0.4,51.519999,40,13,55.200003,73.599999,25.720002,1,1,1001,0,ilp_v2,optimal,1,30.154299,51.3364,0.587386,0.059214,0.0,,0.059214,0.064604,3,0,0
u_mand_factor\set01\u_mand_factor_0.6.py,u_mand_factor,1,u_mand_factor,0.6,2,5,5,0.6,0.5,0.7,0.6,1.2,0.4,51.519999,40,13,55.200003,73.599999,25.720002,1,1,1001,0,ilp_v3,optimal,1,28.708685,51.519414,0.55724,0.065962,0.0,,0.065962,0.070653,3,0,0
u_mand_factor\set01\u_mand_factor_0.6.py,u_mand_factor,1,u_mand_factor,0.6,2,5,5,0.6,0.5,0.7,0.6,1.2,0.4,51.519999,40,13,55.200003,73.599999,25.720002,1,1,1001,0,ilp_v4,optimal,1,30.010666,51.517174,0.582537,0.112846,2.9e-05,,0.112846,0.12445,3,0,0
u_mand_factor\set01\u_mand_factor_0.6.py,u_mand_factor,1,u_mand_factor,0.6,2,5,5,0.6,0.5,0.7,0.6,1.2,0.4,51.519999,40,13,55.200003,73.599999,25.720002,1,1,1001,0,greedy_sps_baseline,infeasible,0,,55.200003,,0.000324,,over budget: E=55.2000 > B=51.5200,0.000324,0.000429,3,0,0
u_mand_factor\set01\u_mand_factor_0.7.py,u_mand_factor,1,u_mand_factor,0.7,2,5,5,0.7,0.5,0.7,0.6,1.4,0.3,54.740001,40,13,64.399995,78.200001,30.006665,1,1,1001,0,ilp_v2,optimal,1,14.068327,54.555107,0.257874,0.051422,0.0,,0.051422,0.05371,3,0,0
u_mand_factor\set01\u_mand_factor_0.7.py,u_mand_factor,1,u_mand_factor,0.7,2,5,5,0.7,0.5,0.7,0.6,1.4,0.3,54.740001,40,13,64.399995,78.200001,30.006665,1,1,1001,0,ilp_v3,optimal,1,10.83066,54.738607,0.197861,0.171925,0.0,,0.171925,0.181529,3,0,0
u_mand_factor\set01\u_mand_factor_0.7.py,u_mand_factor,1,u_mand_factor,0.7,2,5,5,0.7,0.5,0.7,0.6,1.4,0.3,54.740001,40,13,64.399995,78.200001,30.006665,1,1,1001,0,ilp_v4,optimal,1,13.21953,54.739719,0.241498,0.212081,0.0,,0.212081,0.219917,3,0,0
u_mand_factor\set01\u_mand_factor_0.7.py,u_mand_factor,1,u_mand_factor,0.7,2,5,5,0.7,0.5,0.7,0.6,1.4,0.3,54.740001,40,13,64.399995,78.200001,30.006665,1,1,1001,0,greedy_sps_baseline,infeasible,0,,64.399995,,0.000338,,over budget: E=64.4000 > B=54.7400,0.000338,0.000449,3,0,0
u_mand_factor\set01\u_mand_factor_0.8.py,u_mand_factor,1,u_mand_factor,0.8,2,5,5,0.8,0.5,0.7,0.6,1.6,0.2,57.960002,40,13,73.600001,82.800003,34.293334,1,1,1001,0,ilp_v2,infeasible,0,,,,0.007498,,,0.007498,0.007726,3,0,0
u_mand_factor\set01\u_mand_factor_0.8.py,u_mand_factor,1,u_mand_factor,0.8,2,5,5,0.8,0.5,0.7,0.6,1.6,0.2,57.960002,40,13,73.600001,82.800003,34.293334,1,1,1001,0,ilp_v3,infeasible,0,,,,0.008477,,,0.008477,0.008571,3,0,0
u_mand_factor\set01\u_mand_factor_0.8.py,u_mand_factor,1,u_mand_factor,0.8,2,5,5,0.8,0.5,0.7,0.6,1.6,0.2,57.960002,40,13,73.600001,82.800003,34.293334,1,1,1001,0,ilp_v4,infeasible,0,,,,0.017264,,,0.017264,0.01835,3,0,0
u_mand_factor\set01\u_mand_factor_0.8.py,u_mand_factor,1,u_mand_factor,0.8,2,5,5,0.8,0.5,0.7,0.6,1.6,0.2,57.960002,40,13,73.600001,82.800003,34.293334,1,1,1001,0,greedy_sps_baseline,infeasible,0,,73.600001,,0.000341,,over budget: E=73.6000 > B=57.9600,0.000341,0.00046,3,0,0
u_mand_factor\set01\u_mand_factor_0.9.py,u_mand_factor,1,u_mand_factor,0.9,2,5,5,0.9,0.5,0.7,0.6,1.8,0.1,61.179999,40,13,82.800002,87.399999,38.580001,1,1,1001,0,ilp_v2,infeasible,0,,,,0.003469,,,0.003469,0.004085,3,0,0
u_mand_factor\set01\u_mand_factor_0.9.py,u_mand_factor,1,u_mand_factor,0.9,2,5,5,0.9,0.5,0.7,0.6,1.8,0.1,61.179999,40,13,82.800002,87.399999,38.580001,1,1,1001,0,ilp_v3,infeasible,0,,,,0.016311,,,0.016311,0.018102,3,0,0
u_mand_factor\set01\u_mand_factor_0.9.py,u_mand_factor,1,u_mand_factor,0.9,2,5,5,0.9,0.5,0.7,0.6,1.8,0.1,61.179999,40,13,82.800002,87.399999,38.580001,1,1,1001,0,ilp_v4,infeasible,0,,,,0.010427,,,0.010427,0.011016,3,0,0
u_mand_factor\set01\u_mand_factor_0.9.py,u_mand_factor,1,u_mand_factor,0.9,2,5,5,0.9,0.5,0.7,0.6,1.8,0.1,61.179999,40,13,82.800002,87.399999,38.580001,1,1,1001,0,greedy_sps_baseline,infeasible,0,,82.800002,,0.000442,,over budget: E=82.8000 > B=61.1800,0.000442,0.000477,3,0,0
u_mand_factor\set02\u_mand_factor_0.1.py,u_mand_factor,2,u_mand_factor,0.1,2,5,5,0.1,0.5,0.7,0.6,0.2,0.9,35.420002,40,11,9.200002,50.600003,4.280001,1,0,1002,0,ilp_v2,optimal,1,140.480047,35.326759,3.97659,0.004803,0.0,,0.004803,0.005664,3,0,0
u_mand_factor\set02\u_mand_factor_0.1.py,u_mand_factor,2,u_mand_factor,0.1,2,5,5,0.1,0.5,0.7,0.6,0.2,0.9,35.420002,40,11,9.200002,50.600003,4.280001,1,0,1002,0,ilp_v3,optimal,1,140.480047,34.539264,4.067257,0.005088,0.0,,0.005088,0.006292,3,0,0
u_mand_factor\set02\u_mand_factor_0.1.py,u_mand_factor,2,u_mand_factor,0.1,2,5,5,0.1,0.5,0.7,0.6,0.2,0.9,35.420002,40,11,9.200002,50.600003,4.280001,1,0,1002,0,ilp_v4,optimal,1,140.480047,35.326759,3.97659,0.013997,0.0,,0.013997,0.014899,3,0,0
u_mand_factor\set02\u_mand_factor_0.1.py,u_mand_factor,2,u_mand_factor,0.1,2,5,5,0.1,0.5,0.7,0.6,0.2,0.9,35.420002,40,11,9.200002,50.600003,4.280001,1,0,1002,0,greedy_sps_baseline,solved,1,102.685025,35.172982,2.919429,0.001056,,,0.001056,0.00118,3,0,0
u_mand_factor\set02\u_mand_factor_0.2.py,u_mand_factor,2,u_mand_factor,0.2,2,5,5,0.2,0.5,0.7,0.6,0.4,0.8,38.639998,40,11,18.4,55.199998,8.56,1,0,1002,0,ilp_v2,optimal,1,96.062126,36.437838,2.636329,0.004836,0.0,,0.004836,0.005062,3,0,0
u_mand_factor\set02\u_mand_factor_0.2.py,u_mand_factor,2,u_mand_factor,0.2,2,5,5,0.2,0.5,0.7,0.6,0.4,0.8,38.639998,40,11,18.4,55.199998,8.56,1,0,1002,0,ilp_v3,optimal,1,96.062126,36.437838,2.636329,0.004935,0.0,,0.004935,0.00513,3,0,0
u_mand_factor\set02\u_mand_factor_0.2.py,u_mand_factor,2,u_mand_factor,0.2,2,5,5,0.2,0.5,0.7,0.6,0.4,0.8,38.639998,40,11,18.4,55.199998,8.56,1,0,1002,0,ilp_v4,optimal,1,96.062126,33.446562,2.872108,0.015377,0.0,,0.015377,0.017358,3,0,0
u_mand_factor\set02\u_mand_factor_0.2.py,u_mand_factor,2,u_mand_factor,0.2,2,5,5,0.2,0.5,0.7,0.6,0.4,0.8,38.639998,40,11,18.4,55.199998,8.56,1,0,1002,0,greedy_sps_baseline,solved,1,71.470769,38.636802,1.849811,0.001298,,,0.001298,0.001644,3,0,0
u_mand_factor\set02\u_mand_factor_0.3.py,u_mand_factor,2,u_mand_factor,0.3,2,5,5,0.3,0.5,0.7,0.6,0.6,0.7,41.859995,40,11,27.599997,59.799993,12.839998,1,1,1002,0,ilp_v2,optimal,1,86.85486,41.234121,2.106383,0.004894,0.0,,0.004894,0.005397,3,0,0
u_mand_factor\set02\u_mand_factor_0.3.py,u_mand_factor,2,u_mand_factor,0.3,2,5,5,0.3,0.5,0.7,0.6,0.6,0.7,41.859995,40,11,27.599997,59.799993,12.839998,1,1,1002,0,ilp_v3,optimal,1,81.953478,40.975923,2.00004,0.011616,0.0,,0.011616,0.01271,3,0,0
u_mand_factor\set02\u_mand_factor_0.3.py,u_mand_factor,2,u_mand_factor,0.3,2,5,5,0.3,0.5,0.7,0.6,0.6,0.7,41.859995,40,11,27.599997,59.799993,12.839998,1,1,1002,0,ilp_v4,optimal,1,86.85486,41.234121,2.106383,0.015899,0.0,,0.015899,0.01654,3,0,0
u_mand_factor\set02\u_mand_factor_0.3.py,u_mand_factor,2,u_mand_factor,0.3,2,5,5,0.3,0.5,0.7,0.6,0.6,0.7,41.859995,40,11,27.599997,59.799993,12.839998,1,1,1002,0,greedy_sps_baseline,solved,1,48.431755,41.060445,1.179523,0.001226,,,0.001226,0.001366,3,0,0
u_mand_factor\set02\u_mand_factor_0.4.py,u_mand_factor,2,u_mand_factor,0.4,2,5,5,0.4,0.5,0.7,0.6,0.8,0.6,45.079999,40,11,36.799999,64.399999,17.119999,1,1,1002,0,ilp_v2,optimal,1,79.977973,44.516152,1.796606,0.00467,0.0,,0.00467,0.005163,3,0,0
u_mand_factor\set02\u_mand_factor_0.4.py,u_mand_factor,2,u_mand_factor,0.4,2,5,5,0.4,0.5,0.7,0.6,0.8,0.6,45.079999,40,11,36.799999,64.399999,17.119999,1,1,1002,0,ilp_v3,optimal,1,74.237943,44.329956,1.674668,0.01496,0.0,,0.01496,0.015514,3,0,0
u_mand_factor\set02\u_mand_factor_0.4.py,u_mand_factor,2,u_mand_factor,0.4,2,5,5,0.4,0.5,0.7,0.6,0.8,0.6,45.079999,40,11,36.799999,64.399999,17.119999,1,1,1002,0,ilp_v4,optimal,1,79.977973,44.918401,1.780517,0.027645,0.0,,0.027645,0.028742,3,0,0
u_mand_factor\set02\u_mand_factor_0.4.py,u_mand_factor,2,u_mand_factor,0.4,2,5,5,0.4,0.5,0.7,0.6,0.8,0.6,45.079999,40,11,36.799999,64.399999,17.119999,1,1,1002,0,greedy_sps_baseline,solved,1,29.536048,44.657245,0.661394,0.001033,,,0.001033,0.001158,3,0,0
u_mand_factor\set02\u_mand_factor_0.5.py,u_mand_factor,2,u_mand_factor,0.5,2,5,5,0.5,0.5,0.7,0.6,1.0,0.5,48.300001,40,11,46.000001,69.000001,21.400001,1,1,1002,0,ilp_v2,optimal,1,68.404718,47.739505,1.432874,0.013352,0.0,,0.013352,0.014326,3,0,0
u_mand_factor\set02\u_mand_factor_0.5.py,u_mand_factor,2,u_mand_factor,0.5,2,5,5,0.5,0.5,0.7,0.6,1.0,0.5,48.300001,40,11,46.000001,69.000001,21.400001,1,1,1002,0,ilp_v3,optimal,1,60.599474,48.298349,1.25469,0.018825,5.8e-05,,0.018825,0.019714,3,0,0
u_mand_factor\set02\u_mand_factor_0.5.py,u_mand_factor,2,u_mand_factor,0.5,2,5,5,0.5,0.5,0.7,0.6,1.0,0.5,48.300001,40,11,46.000001,69.000001,21.400001,1,1,1002,0,ilp_v4,optimal,1,69.490474,47.197065,1.472347,0.028429,0.0,,0.028429,0.029799,3,0,0
u_mand_factor\set02\u_mand_factor_0.5.py,u_mand_factor,2,u_mand_factor,0.5,2,5,5,0.5,0.5,0.7,0.6,1.0,0.5,48.300001,40,11,46.000001,69.000001,21.400001,1,1,1002,0,greedy_sps_baseline,solved,1,8.500133,48.282551,0.17605,0.000514,,,0.000514,0.000785,3,0,0
u_mand_factor\set02\u_mand_factor_0.6.py,u_mand_factor,2,u_mand_factor,0.6,2,5,5,0.6,0.5,0.7,0.6,1.2,0.4,51.520001,40,11,55.199999,73.600001,25.679999,1,1,1002,0,ilp_v2,optimal,1,53.322499,51.213668,1.041177,0.011699,0.0,,0.011699,0.012414,3,0,0
u_mand_factor\set02\u_mand_factor_0.6.py,u_mand_factor,2,u_mand_factor,0.6,2,5,5,0.6,0.5,0.7,0.6,1.2,0.4,51.520001,40,11,55.199999,73.600001,25.679999,1,1,1002,0,ilp_v3,optimal,1,53.322499,51.213668,1.041177,0.012076,0.0,,0.012076,0.012589,3,0,0
u_mand_factor\set02\u_mand_factor_0.6.py,u_mand_factor,2,u_mand_factor,0.6,2,5,5,0.6,0.5,0.7,0.6,1.2,0.4,51.520001,40,11,55.199999,73.600001,25.679999,1,1,1002,0,ilp_v4,optimal,1,48.476994,51.488595,0.941509,0.053893,0.0,,0.053893,0.055884,3,0,0
u_mand_factor\set02\u_mand_factor_0.6.py,u_mand_factor,2,u_mand_factor,0.6,2,5,5,0.6,0.5,0.7,0.6,1.2,0.4,51.520001,40,11,55.199999,73.600001,25.679999,1,1,1002,0,greedy_sps_baseline,infeasible,0,,55.199999,,0.000295,,over budget: E=55.2000 > B=51.5200,0.000295,0.000483,3,0,0
u_mand_factor\set02\u_mand_factor_0.7.py,u_mand_factor,2,u_mand_factor,0.7,2,5,5,0.7,0.5,0.7,0.6,1.4,0.3,54.739999,40,11,64.4,78.199999,29.96,1,1,1002,0,ilp_v2,optimal,1,23.13709,54.690308,0.423056,0.071599,0.0,,0.071599,0.076774,3,0,0
u_mand_factor\set02\u_mand_factor_0.7.py,u_mand_factor,2,u_mand_factor,0.7,2,5,5,0.7,0.5,0.7,0.6,1.4,0.3,54.739999,40,11,64.4,78.199999,29.96,1,1,1002,0,ilp_v3,optimal,1,23.13709,54.690308,0.423056,0.068291,0.0,,0.068291,0.07066,3,0,0
u_mand_factor\set02\u_mand_factor_0.7.py,u_mand_factor,2,u_mand_factor,0.7,2,5,5,0.7,0.5,0.7,0.6,1.4,0.3,54.739999,40,11,64.4,78.199999,29.96,1,1,1002,0,ilp_v4,optimal,1,31.494992,54.718612,0.575581,0.047511,0.0,,0.047511,0.049587,3,0,0
u_mand_factor\set02\u_mand_factor_0.7.py,u_mand_factor,2,u_mand_factor,0.7,2,5,5,0.7,0.5,0.7,0.6,1.4,0.3,54.739999,40,11,64.4,78.199999,29.96,1,1,1002,0,greedy_sps_baseline,infeasible,0,,64.4,,0.000339,,over budget: E=64.4000 > B=54.7400,0.000339,0.000551,3,0,0
u_mand_factor\set02\u_mand_factor_0.8.py,u_mand_factor,2,u_mand_factor,0.8,2,5,5,0.8,0.5,0.7,0.6,1.6,0.2,57.960001,40,11,73.6,82.800001,34.24,1,1,1002,0,ilp_v2,infeasible,0,,,,0.005199,,,0.005199,0.005598,3,0,0
u_mand_factor\set02\u_mand_factor_0.8.py,u_mand_factor,2,u_mand_factor,0.8,2,5,5,0.8,0.5,0.7,0.6,1.6,0.2,57.960001,40,11,73.6,82.800001,34.24,1,1,1002,0,ilp_v3,infeasible,0,,,,0.00585,,,0.00585,0.006606,3,0,0
u_mand_factor\set02\u_mand_factor_0.8.py,u_mand_factor,2,u_mand_factor,0.8,2,5,5,0.8,0.5,0.7,0.6,1.6,0.2,57.960001,40,11,73.6,82.800001,34.24,1,1,1002,0,ilp_v4,infeasible,0,,,,0.008271,,,0.008271,0.009006,3,0,0
u_mand_factor\set02\u_mand_factor_0.8.py,u_mand_factor,2,u_mand_factor,0.8,2,5,5,0.8,0.5,0.7,0.6,1.6,0.2,57.960001,40,11,73.6,82.800001,34.24,1,1,1002,0,greedy_sps_baseline,infeasible,0,,,,0.00335,,,0.00335,0.004333,3,0,0
u_mand_factor\set02\u_mand_factor_0.9.py,u_mand_factor,2,u_mand_factor,0.9,2,5,5,0.9,0.5,0.7,0.6,1.8,0.1,61.180003,40,13,82.8,87.400005,38.58,1,1,1002,2,ilp_v2,infeasible,0,,,,0.007695,,,0.007695,0.00831,3,0,0
u_mand_factor\set02\u_mand_factor_0.9.py,u_mand_factor,2,u_mand_factor,0.9,2,5,5,0.9,0.5,0.7,0.6,1.8,0.1,61.180003,40,13,82.8,87.400005,38.58,1,1,1002,2,ilp_v3,infeasible,0,,,,0.007584,,,0.007584,0.009135,3,0,0
u_mand_factor\set02\u_mand_factor_0.9.py,u_mand_factor,2,u_mand_factor,0.9,2,5,5,0.9,0.5,0.7,0.6,1.8,0.1,61.180003,40,13,82.8,87.400005,38.58,1,1,1002,2,ilp_v4,infeasible,0,,,,0.011022,,,0.011022,0.012314,3,0,0
u_mand_factor\set02\u_mand_factor_0.9.py,u_mand_factor,2,u_mand_factor,0.9,2,5,5,0.9,0.5,0.7,0.6,1.8,0.1,61.180003,40,13,82.8,87.400005,38.58,1,1,1002,2,greedy_sps_baseline,infeasible,0,,,,0.004284,,,0.004284,0.005118,3,0,0
u_mand_factor\set03\u_mand_factor_0.1.py,u_mand_factor,3,u_mand_factor,0.1,2,5,5,0.1,0.5,0.7,0.6,0.2,0.9,35.419999,40,10,9.200001,50.599999,4.286667,1,0,1003,0,ilp_v2,optimal,1,109.876627,31.292535,3.511273,0.004638,0.0,,0.004638,0.005031,3,0,0
u_mand_factor\set03\u_mand_factor_0.1.py,u_mand_factor,3,u_mand_factor,0.1,2,5,5,0.1,0.5,0.7,0.6,0.2,0.9,35.419999,40,10,9.200001,50.599999,4.286667,1,0,1003,0,ilp_v3,optimal,1,109.876627,34.399849,3.194102,0.004808,0.0,,0.004808,0.005116,3,0,0
u_mand_factor\set03\u_mand_factor_0.1.py,u_mand_factor,3,u_mand_factor,0.1,2,5,5,0.1,0.5,0.7,0.6,0.2,0.9,35.419999,40,10,9.200001,50.599999,4.286667,1,0,1003,0,ilp_v4,optimal,1,109.876627,28.117732,3.907734,0.014278,0.0,,0.014278,0.01489,3,0,0
u_mand_factor\set03\u_mand_factor_0.1.py,u_mand_factor,3,u_mand_factor,0.1,2,5,5,0.1,0.5,0.7,0.6,0.2,0.9,35.419999,40,10,9.200001,50.599999,4.286667,1,0,1003,0,greedy_sps_baseline,solved,1,84.276239,35.34675,2.384271,0.000855,,,0.000855,0.00104,3,0,0
u_mand_factor\set03\u_mand_factor_0.2.py,u_mand_factor,3,u_mand_factor,0.2,2,5,5,0.2,0.5,0.7,0.6,0.4,0.8,38.639999,40,10,18.399999,55.199999,8.573333,1,0,1003,0,ilp_v2,optimal,1,68.92345,31.090316,2.216878,0.011098,0.0,,0.011098,0.012237,3,0,0
u_mand_factor\set03\u_mand_factor_0.2.py,u_mand_factor,3,u_mand_factor,0.2,2,5,5,0.2,0.5,0.7,0.6,0.4,0.8,38.639999,40,10,18.399999,55.199999,8.573333,1,0,1003,0,ilp_v3,optimal,1,68.848794,31.051279,2.217261,0.006596,0.0,,0.006596,0.007916,3,0,0
u_mand_factor\set03\u_mand_factor_0.2.py,u_mand_factor,3,u_mand_factor,0.2,2,5,5,0.2,0.5,0.7,0.6,0.4,0.8,38.639999,40,10,18.399999,55.199999,8.573333,1,0,1003,0,ilp_v4,optimal,1,74.251285,32.766529,2.266071,0.026267,0.0,,0.026267,0.028332,3,0,0
u_mand_factor\set03\u_mand_factor_0.2.py,u_mand_factor,3,u_mand_factor,0.2,2,5,5,0.2,0.5,0.7,0.6,0.4,0.8,38.639999,40,10,18.399999,55.199999,8.573333,1,0,1003,0,greedy_sps_baseline,solved,1,46.688271,38.461235,1.213905,0.001213,,,0.001213,0.001338,3,0,0
u_mand_factor\set03\u_mand_factor_0.3.py,u_mand_factor,3,u_mand_factor,0.3,2,5,5,0.3,0.5,0.7,0.6,0.6,0.7,41.860001,40,10,27.6,59.800001,12.86,1,1,1003,0,ilp_v2,optimal,1,65.416311,41.435327,1.578757,0.006754,0.0,,0.006754,0.00881,3,0,0
u_mand_factor\set03\u_mand_factor_0.3.py,u_mand_factor,3,u_mand_factor,0.3,2,5,5,0.3,0.5,0.7,0.6,0.6,0.7,41.860001,40,10,27.6,59.800001,12.86,1,1,1003,0,ilp_v3,optimal,1,65.416311,41.394646,1.580308,0.006025,0.0,,0.006025,0.006553,3,0,0
u_mand_factor\set03\u_mand_factor_0.3.py,u_mand_factor,3,u_mand_factor,0.3,2,5,5,0.3,0.5,0.7,0.6,0.6,0.7,41.860001,40,10,27.6,59.800001,12.86,1,1,1003,0,ilp_v4,optimal,1,65.416311,41.161416,1.589263,0.027641,0.0,,0.027641,0.029655,3,0,0
u_mand_factor\set03\u_mand_factor_0.3.py,u_mand_factor,3,u_mand_factor,0.3,2,5,5,0.3,0.5,0.7,0.6,0.6,0.7,41.860001,40,10,27.6,59.800001,12.86,1,1,1003,0,greedy_sps_baseline,solved,1,41.079264,41.794172,0.982895,0.001094,,,0.001094,0.001143,3,0,0
u_mand_factor\set03\u_mand_factor_0.4.py,u_mand_factor,3,u_mand_factor,0.4,2,5,5,0.4,0.5,0.7,0.6,0.8,0.6,45.080001,40,10,36.799999,64.400001,17.146666,1,1,1003,0,ilp_v2,optimal,1,65.763328,45.009385,1.461103,0.025114,0.0,,0.025114,0.025288,3,0,0
u_mand_factor\set03\u_mand_factor_0.4.py,u_mand_factor,3,u_mand_factor,0.4,2,5,5,0.4,0.5,0.7,0.6,0.8,0.6,45.080001,40,10,36.799999,64.400001,17.146666,1,1,1003,0,ilp_v3,optimal,1,65.752299,45.048134,1.459601,0.015633,0.0,,0.015633,0.01628,3,0,0
u_mand_factor\set03\u_mand_factor_0.4.py,u_mand_factor,3,u_mand_factor,0.4,2,5,5,0.4,0.5,0.7,0.6,0.8,0.6,45.080001,40,10,36.799999,64.400001,17.146666,1,1,1003,0,ilp_v4,optimal,1,65.752299,44.908344,1.464144,0.022251,0.0,,0.022251,0.02403,3,0,0
u_mand_factor\set03\u_mand_factor_0.4.py,u_mand_factor,3,u_mand_factor,0.4,2,5,5,0.4,0.5,0.7,0.6,0.8,0.6,45.080001,40,10,36.799999,64.400001,17.146666,1,1,1003,0,greedy_sps_baseline,solved,1,27.663048,45.049075,0.614065,0.00051,,,0.00051,0.000633,3,0,0
u_mand_factor\set03\u_mand_factor_0.5.py,u_mand_factor,3,u_mand_factor,0.5,2,5,5,0.5,0.5,0.7,0.6,1.0,0.5,48.299999,40,10,46.0,68.999999,21.433333,1,1,1003,0,ilp_v2,optimal,1,65.652181,48.288722,1.359576,0.018777,0.0,,0.018777,0.019115,3,0,0
u_mand_factor\set03\u_mand_factor_0.5.py,u_mand_factor,3,u_mand_factor,0.5,2,5,5,0.5,0.5,0.7,0.6,1.0,0.5,48.299999,40,10,46.0,68.999999,21.433333,1,1,1003,0,ilp_v3,optimal,1,62.894954,48.298718,1.302208,0.047544,0.0,,0.047544,0.048035,3,0,0
u_mand_factor\set03\u_mand_factor_0.5.py,u_mand_factor,3,u_mand_factor,0.5,2,5,5,0.5,0.5,0.7,0.6,1.0,0.5,48.299999,40,10,46.0,68.999999,21.433333,1,1,1003,0,ilp_v4,optimal,1,65.814743,48.274164,1.363353,0.042984,0.0,,0.042984,0.048079,3,0,0
u_mand_factor\set03\u_mand_factor_0.5.py,u_mand_factor,3,u_mand_factor,0.5,2,5,5,0.5,0.5,0.7,0.6,1.0,0.5,48.299999,40,10,46.0,68.999999,21.433333,1,1,1003,0,greedy_sps_baseline,solved,1,3.970118,48.2699,0.082248,0.000707,,,0.000707,0.000835,3,0,0
u_mand_factor\set03\u_mand_factor_0.6.py,u_mand_factor,3,u_mand_factor,0.6,2,5,5,0.6,0.5,0.7,0.6,1.2,0.4,51.519998,40,10,55.199998,73.599997,25.719999,1,1,1003,0,ilp_v2,optimal,1,35.631526,51.495104,0.69194,0.049311,0.0,,0.049311,0.053385,3,0,0
u_mand_factor\set03\u_mand_factor_0.6.py,u_mand_factor,3,u_mand_factor,0.6,2,5,5,0.6,0.5,0.7,0.6,1.2,0.4,51.519998,40,10,55.199998,73.599997,25.719999,1,1,1003,0,ilp_v3,optimal,1,35.631526,51.495104,0.69194,0.051603,0.0,,0.051603,0.054816,3,0,0
u_mand_factor\set03\u_mand_factor_0.6.py,u_mand_factor,3,u_mand_factor,0.6,2,5,5,0.6,0.5,0.7,0.6,1.2,0.4,51.519998,40,10,55.199998,73.599997,25.719999,1,1,1003,0,ilp_v4,optimal,1,48.640865,51.126137,0.951389,0.082373,0.0,,0.082373,0.085193,3,0,0
u_mand_factor\set03\u_mand_factor_0.6.py,u_mand_factor,3,u_mand_factor,0.6,2,5,5,0.6,0.5,0.7,0.6,1.2,0.4,51.519998,40,10,55.199998,73.599997,25.719999,1,1,1003,0,greedy_sps_baseline,infeasible,0,,55.199998,,0.000274,,over budget: E=55.2000 > B=51.5200,0.000274,0.000384,3,0,0
u_mand_factor\set03\u_mand_factor_0.7.py,u_mand_factor,3,u_mand_factor,0.7,2,5,5,0.7,0.5,0.7,0.6,1.4,0.3,54.739999,40,10,64.399999,78.199999,30.006666,1,1,1003,0,ilp_v2,optimal,1,17.131735,54.727088,0.313039,0.018628,0.0,,0.018628,0.019766,3,0,0
u_mand_factor\set03\u_mand_factor_0.7.py,u_mand_factor,3,u_mand_factor,0.7,2,5,5,0.7,0.5,0.7,0.6,1.4,0.3,54.739999,40,10,64.399999,78.199999,30.006666,1,1,1003,0,ilp_v3,optimal,1,17.131735,54.727088,0.313039,0.018125,0.0,,0.018125,0.019759,3,0,0
u_mand_factor\set03\u_mand_factor_0.7.py,u_mand_factor,3,u_mand_factor,0.7,2,5,5,0.7,0.5,0.7,0.6,1.4,0.3,54.739999,40,10,64.399999,78.199999,30.006666,1,1,1003,0,ilp_v4,optimal,1,26.579258,54.732509,0.485621,0.052075,0.0,,0.052075,0.054344,3,0,0
u_mand_factor\set03\u_mand_factor_0.7.py,u_mand_factor,3,u_mand_factor,0.7,2,5,5,0.7,0.5,0.7,0.6,1.4,0.3,54.739999,40,10,64.399999,78.199999,30.006666,1,1,1003,0,greedy_sps_baseline,infeasible,0,,64.399999,,0.000269,,over budget: E=64.4000 > B=54.7400,0.000269,0.000383,3,0,0
u_mand_factor\set03\u_mand_factor_0.8.py,u_mand_factor,3,u_mand_factor,0.8,2,5,5,0.8,0.5,0.7,0.6,1.6,0.2,57.959994,40,10,73.599998,82.799991,34.293332,1,1,1003,0,ilp_v2,infeasible,0,,,,0.008726,,,0.008726,0.008948,3,0,0
u_mand_factor\set03\u_mand_factor_0.8.py,u_mand_factor,3,u_mand_factor,0.8,2,5,5,0.8,0.5,0.7,0.6,1.6,0.2,57.959994,40,10,73.599998,82.799991,34.293332,1,1,1003,0,ilp_v3,infeasible,0,,,,0.009393,,,0.009393,0.009785,3,0,0
u_mand_factor\set03\u_mand_factor_0.8.py,u_mand_factor,3,u_mand_factor,0.8,2,5,5,0.8,0.5,0.7,0.6,1.6,0.2,57.959994,40,10,73.599998,82.799991,34.293332,1,1,1003,0,ilp_v4,infeasible,0,,,,0.012416,,,0.012416,0.012633,3,0,0
u_mand_factor\set03\u_mand_factor_0.8.py,u_mand_factor,3,u_mand_factor,0.8,2,5,5,0.8,0.5,0.7,0.6,1.6,0.2,57.959994,40,10,73.599998,82.799991,34.293332,1,1,1003,0,greedy_sps_baseline,infeasible,0,,73.599998,,0.000292,,over budget: E=73.6000 > B=57.9600,0.000292,0.000419,3,0,0
u_mand_factor\set03\u_mand_factor_0.9.py,u_mand_factor,3,u_mand_factor,0.9,2,5,5,0.9,0.5,0.7,0.6,1.8,0.1,61.180004,40,10,82.799998,87.400006,38.579999,1,1,1003,0,ilp_v2,infeasible,0,,,,0.005277,,,0.005277,0.00578,3,0,0
u_mand_factor\set03\u_mand_factor_0.9.py,u_mand_factor,3,u_mand_factor,0.9,2,5,5,0.9,0.5,0.7,0.6,1.8,0.1,61.180004,40,10,82.799998,87.400006,38.579999,1,1,1003,0,ilp_v3,infeasible,0,,,,0.014943,,,0.014943,0.016495,3,0,0
u_mand_factor\set03\u_mand_factor_0.9.py,u_mand_factor,3,u_mand_factor,0.9,2,5,5,0.9,0.5,0.7,0.6,1.8,0.1,61.180004,40,10,82.799998,87.400006,38.579999,1,1,1003,0,ilp_v4,infeasible,0,,,,0.006975,,,0.006975,0.009416,3,0,0
u_mand_factor\set03\u_mand_factor_0.9.py,u_mand_factor,3,u_mand_factor,0.9,2,5,5,0.9,0.5,0.7,0.6,1.8,0.1,61.180004,40,10,82.799998,87.400006,38.579999,1,1,1003,0,greedy_sps_baseline,infeasible,0,,,,0.003004,,,0.003004,0.003656,3,0,0
u_mand_factor\set04\u_mand_factor_0.1.py,u_mand_factor,4,u_mand_factor,0.1,2,5,5,0.1,0.5,0.7,0.6,0.2,0.9,35.420004,40,13,9.200002,50.600006,4.408573,1,0,1004,0,ilp_v2,optimal,1,102.421137,34.056636,3.007377,0.007374,0.0,,0.007374,0.008056,3,0,0
u_mand_factor\set04\u_mand_factor_0.1.py,u_mand_factor,4,u_mand_factor,0.1,2,5,5,0.1,0.5,0.7,0.6,0.2,0.9,35.420004,40,13,9.200002,50.600006,4.408573,1,0,1004,0,ilp_v3,optimal,1,102.421137,34.354554,2.981297,0.007502,0.0,,0.007502,0.008335,3,0,0
u_mand_factor\set04\u_mand_factor_0.1.py,u_mand_factor,4,u_mand_factor,0.1,2,5,5,0.1,0.5,0.7,0.6,0.2,0.9,35.420004,40,13,9.200002,50.600006,4.408573,1,0,1004,0,ilp_v4,optimal,1,102.421137,34.692207,2.952281,0.026035,0.0,,0.026035,0.029252,3,0,0
u_mand_factor\set04\u_mand_factor_0.1.py,u_mand_factor,4,u_mand_factor,0.1,2,5,5,0.1,0.5,0.7,0.6,0.2,0.9,35.420004,40,13,9.200002,50.600006,4.408573,1,0,1004,0,greedy_sps_baseline,solved,1,84.553518,35.246114,2.398946,0.003018,,,0.003018,0.003146,3,0,0
u_mand_factor\set04\u_mand_factor_0.2.py,u_mand_factor,4,u_mand_factor,0.2,2,5,5,0.2,0.5,0.7,0.6,0.4,0.8,38.639999,40,13,18.399999,55.199999,8.817142,1,0,1004,0,ilp_v2,optimal,1,101.898633,35.833389,2.843678,0.00753,0.0,,0.00753,0.008362,3,0,0
u_mand_factor\set04\u_mand_factor_0.2.py,u_mand_factor,4,u_mand_factor,0.2,2,5,5,0.2,0.5,0.7,0.6,0.4,0.8,38.639999,40,13,18.399999,55.199999,8.817142,1,0,1004,0,ilp_v3,optimal,1,101.898633,35.833389,2.843678,0.007377,0.0,,0.007377,0.008699,3,0,0
u_mand_factor\set04\u_mand_factor_0.2.py,u_mand_factor,4,u_mand_factor,0.2,2,5,5,0.2,0.5,0.7,0.6,0.4,0.8,38.639999,40,13,18.399999,55.199999,8.817142,1,0,1004,0,ilp_v4,optimal,1,101.898633,35.833389,2.843678,0.031701,0.0,,0.031701,0.032801,3,0,0
u_mand_factor\set04\u_mand_factor_0.2.py,u_mand_factor,4,u_mand_factor,0.2,2,5,5,0.2,0.5,0.7,0.6,0.4,0.8,38.639999,40,13,18.399999,55.199999,8.817142,1,0,1004,0,greedy_sps_baseline,solved,1,70.684012,38.630408,1.829751,0.001758,,,0.001758,0.001925,3,0,0
u_mand_factor\set04\u_mand_factor_0.3.py,u_mand_factor,4,u_mand_factor,0.3,2,5,5,0.3,0.5,0.7,0.6,0.6,0.7,41.860009,40,13,27.600003,59.800013,13.225716,1,1,1004,0,ilp_v2,optimal,1,87.519658,37.4573,2.336518,0.007124,0.0,,0.007124,0.008292,3,0,0
u_mand_factor\set04\u_mand_factor_0.3.py,u_mand_factor,4,u_mand_factor,0.3,2,5,5,0.3,0.5,0.7,0.6,0.6,0.7,41.860009,40,13,27.600003,59.800013,13.225716,1,1,1004,0,ilp_v3,optimal,1,87.519658,37.4573,2.336518,0.008027,0.0,,0.008027,0.008878,3,0,0
u_mand_factor\set04\u_mand_factor_0.3.py,u_mand_factor,4,u_mand_factor,0.3,2,5,5,0.3,0.5,0.7,0.6,0.6,0.7,41.860009,40,13,27.600003,59.800013,13.225716,1,1,1004,0,ilp_v4,optimal,1,87.519658,37.4573,2.336518,0.033561,0.0,,0.033561,0.036241,3,0,0
u_mand_factor\set04\u_mand_factor_0.3.py,u_mand_factor,4,u_mand_factor,0.3,2,5,5,0.3,0.5,0.7,0.6,0.6,0.7,41.860009,40,13,27.600003,59.800013,13.225716,1,1,1004,0,greedy_sps_baseline,solved,1,49.047269,41.853617,1.171876,0.001539,,,0.001539,0.001791,3,0,0
u_mand_factor\set04\u_mand_factor_0.4.py,u_mand_factor,4,u_mand_factor,0.4,2,5,5,0.4,0.5,0.7,0.6,0.8,0.6,45.079999,40,13,36.800002,64.399999,17.634287,1,1,1004,0,ilp_v2,optimal,1,68.459905,41.746227,1.639906,0.008059,0.0,,0.008059,0.009873,3,0,0
u_mand_factor\set04\u_mand_factor_0.4.py,u_mand_factor,4,u_mand_factor,0.4,2,5,5,0.4,0.5,0.7,0.6,0.8,0.6,45.079999,40,13,36.800002,64.399999,17.634287,1,1,1004,0,ilp_v3,optimal,1,68.459905,41.746227,1.639906,0.007855,0.0,,0.007855,0.008485,3,0,0
u_mand_factor\set04\u_mand_factor_0.4.py,u_mand_factor,4,u_mand_factor,0.4,2,5,5,0.4,0.5,0.7,0.6,0.8,0.6,45.079999,40,13,36.800002,64.399999,17.634287,1,1,1004,0,ilp_v4,optimal,1,68.459905,44.700955,1.531509,0.030879,0.0,,0.030879,0.036786,3,0,0
u_mand_factor\set04\u_mand_factor_0.4.py,u_mand_factor,4,u_mand_factor,0.4,2,5,5,0.4,0.5,0.7,0.6,0.8,0.6,45.079999,40,13,36.800002,64.399999,17.634287,1,1,1004,0,greedy_sps_baseline,solved,1,27.669327,44.94191,0.615669,0.001394,,,0.001394,0.001761,3,0,0
u_mand_factor\set04\u_mand_factor_0.5.py,u_mand_factor,4,u_mand_factor,0.5,2,5,5,0.5,0.5,0.7,0.6,1.0,0.5,48.3,40,13,46.000002,69.0,22.042858,1,1,1004,0,ilp_v2,optimal,1,54.907754,48.120775,1.141041,0.025309,3.6e-05,,0.025309,0.026075,3,0,0
u_mand_factor\set04\u_mand_factor_0.5.py,u_mand_factor,4,u_mand_factor,0.5,2,5,5,0.5,0.5,0.7,0.6,1.0,0.5,48.3,40,13,46.000002,69.0,22.042858,1,1,1004,0,ilp_v3,optimal,1,56.271351,47.64706,1.181004,0.010519,0.0,,0.010519,0.010819,3,0,0
u_mand_factor\set04\u_mand_factor_0.5.py,u_mand_factor,4,u_mand_factor,0.5,2,5,5,0.5,0.5,0.7,0.6,1.0,0.5,48.3,40,13,46.000002,69.0,22.042858,1,1,1004,0,ilp_v4,optimal,1,56.483065,48.270237,1.170143,0.088825,0.0,,0.088825,0.090577,3,0,0
u_mand_factor\set04\u_mand_factor_0.5.py,u_mand_factor,4,u_mand_factor,0.5,2,5,5,0.5,0.5,0.7,0.6,1.0,0.5,48.3,40,13,46.000002,69.0,22.042858,1,1,1004,0,greedy_sps_baseline,solved,1,7.79982,48.211926,0.161782,0.00062,,,0.00062,0.000859,3,0,0
u_mand_factor\set04\u_mand_factor_0.6.py,u_mand_factor,4,u_mand_factor,0.6,2,5,5,0.6,0.5,0.7,0.6,1.2,0.4,51.519998,40,13,55.199999,73.599997,26.451428,1,1,1004,0,ilp_v2,optimal,1,40.152938,51.502426,0.779632,0.052023,0.0,,0.052023,0.056898,3,0,0
u_mand_factor\set04\u_mand_factor_0.6.py,u_mand_factor,4,u_mand_factor,0.6,2,5,5,0.6,0.5,0.7,0.6,1.2,0.4,51.519998,40,13,55.199999,73.599997,26.451428,1,1,1004,0,ilp_v3,optimal,1,39.710907,51.51537,0.770856,0.038338,7.8e-05,,0.038338,0.040702,3,0,0
u_mand_factor\set04\u_mand_factor_0.6.py,u_mand_factor,4,u_mand_factor,0.6,2,5,5,0.6,0.5,0.7,0.6,1.2,0.4,51.519998,40,13,55.199999,73.599997,26.451428,1,1,1004,0,ilp_v4,optimal,1,43.08123,51.477617,0.836892,0.091934,0.0,,0.091934,0.098229,3,0,0
u_mand_factor\set04\u_mand_factor_0.6.py,u_mand_factor,4,u_mand_factor,0.6,2,5,5,0.6,0.5,0.7,0.6,1.2,0.4,51.519998,40,13,55.199999,73.599997,26.451428,1,1,1004,0,greedy_sps_baseline,infeasible,0,,55.199999,,0.000321,,over budget: E=55.2000 > B=51.5200,0.000321,0.00045,3,0,0
u_mand_factor\set04\u_mand_factor_0.7.py,u_mand_factor,4,u_mand_factor,0.7,2,5,5,0.7,0.5,0.7,0.6,1.4,0.3,54.739997,40,13,64.400001,78.199995,30.860001,1,1,1004,0,ilp_v2,optimal,1,23.586694,54.708857,0.431131,0.021701,0.0,,0.021701,0.023315,3,0,0
u_mand_factor\set04\u_mand_factor_0.7.py,u_mand_factor,4,u_mand_factor,0.7,2,5,5,0.7,0.5,0.7,0.6,1.4,0.3,54.739997,40,13,64.400001,78.199995,30.860001,1,1,1004,0,ilp_v3,optimal,1,23.586694,54.708857,0.431131,0.021825,0.0,,0.021825,0.023058,3,0,0
u_mand_factor\set04\u_mand_factor_0.7.py,u_mand_factor,4,u_mand_factor,0.7,2,5,5,0.7,0.5,0.7,0.6,1.4,0.3,54.739997,40,13,64.400001,78.199995,30.860001,1,1,1004,0,ilp_v4,optimal,1,27.946382,54.73995,0.51053,0.103647,3.9e-05,,0.103647,0.114445,3,0,0
u_mand_factor\set04\u_mand_factor_0.7.py,u_mand_factor,4,u_mand_factor,0.7,2,5,5,0.7,0.5,0.7,0.6,1.4,0.3,54.739997,40,13,64.400001,78.199995,30.860001,1,1,1004,0,greedy_sps_baseline,infeasible,0,,64.400001,,0.000388,,over budget: E=64.4000 > B=54.7400,0.000388,0.000567,3,0,0
u_mand_factor\set04\u_mand_factor_0.8.py,u_mand_factor,4,u_mand_factor,0.8,2,5,5,0.8,0.5,0.7,0.6,1.6,0.2,57.960002,40,13,73.600002,82.800002,35.268573,1,1,1004,0,ilp_v2,infeasible,0,,,,0.007231,,,0.007231,0.007966,3,0,0
u_mand_factor\set04\u_mand_factor_0.8.py,u_mand_factor,4,u_mand_factor,0.8,2,5,5,0.8,0.5,0.7,0.6,1.6,0.2,57.960002,40,13,73.600002,82.800002,35.268573,1,1,1004,0,ilp_v3,infeasible,0,,,,0.007696,,,0.007696,0.007759,3,0,0
u_mand_factor\set04\u_mand_factor_0.8.py,u_mand_factor,4,u_mand_factor,0.8,2,5,5,0.8,0.5,0.7,0.6,1.6,0.2,57.960002,40,13,73.600002,82.800002,35.268573,1,1,1004,0,ilp_v4,infeasible,0,,,,0.016082,,,0.016082,0.017207,3,0,0
u_mand_factor\set04\u_mand_factor_0.8.py,u_mand_factor,4,u_mand_factor,0.8,2,5,5,0.8,0.5,0.7,0.6,1.6,0.2,57.960002,40,13,73.600002,82.800002,35.268573,1,1,1004,0,greedy_sps_baseline,infeasible,0,,73.600002,,0.000419,,over budget: E=73.6000 > B=57.9600,0.000419,0.000533,3,0,0
u_mand_factor\set04\u_mand_factor_0.9.py,u_mand_factor,4,u_mand_factor,0.9,2,5,5,0.9,0.5,0.7,0.6,1.8,0.1,61.180002,40,13,82.800003,87.400002,39.677145,1,1,1004,0,ilp_v2,infeasible,0,,,,0.003497,,,0.003497,0.003786,3,0,0
u_mand_factor\set04\u_mand_factor_0.9.py,u_mand_factor,4,u_mand_factor,0.9,2,5,5,0.9,0.5,0.7,0.6,1.8,0.1,61.180002,40,13,82.800003,87.400002,39.677145,1,1,1004,0,ilp_v3,infeasible,0,,,,0.003945,,,0.003945,0.004533,3,0,0
u_mand_factor\set04\u_mand_factor_0.9.py,u_mand_factor,4,u_mand_factor,0.9,2,5,5,0.9,0.5,0.7,0.6,1.8,0.1,61.180002,40,13,82.800003,87.400002,39.677145,1,1,1004,0,ilp_v4,infeasible,0,,,,0.012597,,,0.012597,0.012911,3,0,0
u_mand_factor\set04\u_mand_factor_0.9.py,u_mand_factor,4,u_mand_factor,0.9,2,5,5,0.9,0.5,0.7,0.6,1.8,0.1,61.180002,40,13,82.800003,87.400002,39.677145,1,1,1004,0,greedy_sps_baseline,infeasible,0,,82.800003,,0.000349,,over budget: E=82.8000 > B=61.1800,0.000349,0.000474,3,0,0
u_mand_factor\set00\u_mand_factor_0.1.py,u_mand_factor,0,u_mand_factor,0.1,2,5,5,0.1,0.5,0.7,0.6,0.2,0.9,35.420002,40,13,9.200002,50.600002,4.408573,1,0,1000,0,ilp_v1,optimal,1,123.877307,34.983754,3.540995,0.015358,0.0,,0.015358,0.016866,3,0,0
u_mand_factor\set00\u_mand_factor_0.2.py,u_mand_factor,0,u_mand_factor,0.2,2,5,5,0.2,0.5,0.7,0.6,0.4,0.8,38.639999,40,13,18.400001,55.199999,8.817143,1,0,1000,0,ilp_v1,optimal,1,114.775308,38.057746,3.01582,0.017332,0.0,,0.017332,0.01832,3,0,0
u_mand_factor\set00\u_mand_factor_0.3.py,u_mand_factor,0,u_mand_factor,0.3,2,5,5,0.3,0.5,0.7,0.6,0.6,0.7,41.859996,40,13,27.600001,59.799994,13.225715,1,1,1000,0,ilp_v1,optimal,1,98.676193,41.858067,2.3574,0.01716,0.0,,0.01716,0.017345,3,0,0
u_mand_factor\set00\u_mand_factor_0.4.py,u_mand_factor,0,u_mand_factor,0.4,2,5,5,0.4,0.5,0.7,0.6,0.8,0.6,45.079998,40,13,36.800002,64.399997,17.634287,1,1,1000,0,ilp_v1,optimal,1,82.72616,44.554479,1.856742,0.017503,0.0,,0.017503,0.01901,3,0,0
u_mand_factor\set00\u_mand_factor_0.5.py,u_mand_factor,0,u_mand_factor,0.5,2,5,5,0.5,0.5,0.7,0.6,1.0,0.5,48.300003,40,13,46.000002,69.000005,22.042858,1,1,1000,0,ilp_v1,optimal,1,67.365432,48.25283,1.396093,0.046728,0.0,,0.046728,0.05408,3,0,0
u_mand_factor\set00\u_mand_factor_0.6.py,u_mand_factor,0,u_mand_factor,0.6,2,5,5,0.6,0.5,0.7,0.6,1.2,0.4,51.520002,40,13,55.200003,73.600002,26.45143,1,1,1000,0,ilp_v1,optimal,1,49.374597,51.500247,0.958725,1.242271,0.0,,1.242271,1.300808,3,0,0
u_mand_factor\set00\u_mand_factor_0.7.py,u_mand_factor,0,u_mand_factor,0.7,2,5,5,0.7,0.5,0.7,0.6,1.4,0.3,54.740004,40,13,64.399999,78.200006,30.859999,1,1,1000,0,ilp_v1,optimal,1,30.770338,54.607464,0.563482,1.414132,0.0,,1.414132,1.441273,3,0,0
u_mand_factor\set00\u_mand_factor_0.8.py,u_mand_factor,0,u_mand_factor,0.8,2,5,5,0.8,0.5,0.7,0.6,1.6,0.2,57.959999,40,13,73.6,82.799999,35.268571,1,1,1000,0,ilp_v1,optimal,1,8.908124,57.948196,0.153726,1.052114,0.0,,1.052114,1.108821,3,0,0
u_mand_factor\set00\u_mand_factor_0.9.py,u_mand_factor,0,u_mand_factor,0.9,2,5,5,0.9,0.5,0.7,0.6,1.8,0.1,61.180001,40,13,82.8,87.400001,39.677143,1,1,1000,0,ilp_v1,infeasible,0,,,,0.023121,,,0.023121,0.026924,3,0,0
u_mand_factor\set01\u_mand_factor_0.1.py,u_mand_factor,1,u_mand_factor,0.1,2,5,5,0.1,0.5,0.7,0.6,0.2,0.9,35.419998,40,13,9.200001,50.599998,4.286667,1,0,1001,0,ilp_v1,optimal,1,95.235298,33.276445,2.861943,0.026727,0.0,,0.026727,0.029089,3,0,0
u_mand_factor\set01\u_mand_factor_0.2.py,u_mand_factor,1,u_mand_factor,0.2,2,5,5,0.2,0.5,0.7,0.6,0.4,0.8,38.640004,40,13,18.400001,55.200006,8.573334,1,0,1001,0,ilp_v1,optimal,1,75.750399,38.418998,1.971691,0.024162,0.0,,0.024162,0.032658,3,0,0
u_mand_factor\set01\u_mand_factor_0.3.py,u_mand_factor,1,u_mand_factor,0.3,2,5,5,0.3,0.5,0.7,0.6,0.6,0.7,41.860003,40,13,27.6,59.800005,12.86,1,1,1001,0,ilp_v1,optimal,1,55.588017,41.800072,1.329855,0.521648,0.0,,0.521648,0.539655,3,0,0
u_mand_factor\set01\u_mand_factor_0.4.py,u_mand_factor,1,u_mand_factor,0.4,2,5,5,0.4,0.5,0.7,0.6,0.8,0.6,45.079998,40,13,36.800001,64.399998,17.146667,1,1,1001,0,ilp_v1,optimal,1,49.809713,44.995987,1.106981,1.069707,0.0,,1.069707,1.076437,3,0,0
u_mand_factor\set01\u_mand_factor_0.5.py,u_mand_factor,1,u_mand_factor,0.5,2,5,5,0.5,0.5,0.7,0.6,1.0,0.5,48.300007,40,13,46.000002,69.00001,21.433334,1,1,1001,0,ilp_v1,optimal,1,45.337307,48.245554,0.93972,3.83052,0.0,,3.83052,3.911549,3,0,0
u_mand_factor\set01\u_mand_factor_0.6.py,u_mand_factor,1,u_mand_factor,0.6,2,5,5,0.6,0.5,0.7,0.6,1.2,0.4,51.519999,40,13,55.200003,73.599999,25.720002,1,1,1001,0,ilp_v1,optimal,1,30.42551,51.514362,0.590622,0.549612,0.0,,0.549612,0.558999,3,0,0
u_mand_factor\set01\u_mand_factor_0.7.py,u_mand_factor,1,u_mand_factor,0.7,2,5,5,0.7,0.5,0.7,0.6,1.4,0.3,54.740001,40,13,64.399995,78.200001,30.006665,1,1,1001,0,ilp_v1,optimal,1,14.068327,54.555107,0.257874,6.218122,0.0,,6.218122,6.257701,3,0,0
u_mand_factor\set01\u_mand_factor_0.8.py,u_mand_factor,1,u_mand_factor,0.8,2,5,5,0.8,0.5,0.7,0.6,1.6,0.2,57.960002,40,13,73.600001,82.800003,34.293334,1,1,1001,0,ilp_v1,infeasible,0,,,,0.030496,,,0.030496,0.035147,3,0,0
u_mand_factor\set01\u_mand_factor_0.9.py,u_mand_factor,1,u_mand_factor,0.9,2,5,5,0.9,0.5,0.7,0.6,1.8,0.1,61.179999,40,13,82.800002,87.399999,38.580001,1,1,1001,0,ilp_v1,infeasible,0,,,,0.022864,,,0.022864,0.024138,3,0,0
u_mand_factor\set02\u_mand_factor_0.1.py,u_mand_factor,2,u_mand_factor,0.1,2,5,5,0.1,0.5,0.7,0.6,0.2,0.9,35.420002,40,11,9.200002,50.600003,4.280001,1,0,1002,0,ilp_v1,optimal,1,140.480047,34.854781,4.030438,0.012464,0.0,,0.012464,0.014001,3,0,0
u_mand_factor\set02\u_mand_factor_0.2.py,u_mand_factor,2,u_mand_factor,0.2,2,5,5,0.2,0.5,0.7,0.6,0.4,0.8,38.639998,40,11,18.4,55.199998,8.56,1,0,1002,0,ilp_v1,optimal,1,96.062126,37.645255,2.551772,0.013183,0.0,,0.013183,0.015478,3,0,0
u_mand_factor\set02\u_mand_factor_0.3.py,u_mand_factor,2,u_mand_factor,0.3,2,5,5,0.3,0.5,0.7,0.6,0.6,0.7,41.859995,40,11,27.599997,59.799993,12.839998,1,1,1002,0,ilp_v1,optimal,1,86.85486,41.840191,2.075872,0.013011,0.0,,0.013011,0.013423,3,0,0
u_mand_factor\set02\u_mand_factor_0.4.py,u_mand_factor,2,u_mand_factor,0.4,2,5,5,0.4,0.5,0.7,0.6,0.8,0.6,45.079999,40,11,36.799999,64.399999,17.119999,1,1,1002,0,ilp_v1,optimal,1,79.977973,44.790388,1.785606,0.015715,0.0,,0.015715,0.017154,3,0,0
u_mand_factor\set02\u_mand_factor_0.5.py,u_mand_factor,2,u_mand_factor,0.5,2,5,5,0.5,0.5,0.7,0.6,1.0,0.5,48.300001,40,11,46.000001,69.000001,21.400001,1,1,1002,0,ilp_v1,optimal,1,69.490474,48.181047,1.442278,0.119349,0.0,,0.119349,0.123224,3,0,0
u_mand_factor\set02\u_mand_factor_0.6.py,u_mand_factor,2,u_mand_factor,0.6,2,5,5,0.6,0.5,0.7,0.6,1.2,0.4,51.520001,40,11,55.199999,73.600001,25.679999,1,1,1002,0,ilp_v1,optimal,1,53.533422,51.445901,1.040577,0.378778,0.0,,0.378778,0.393413,3,0,0
u_mand_factor\set02\u_mand_factor_0.7.py,u_mand_factor,2,u_mand_factor,0.7,2,5,5,0.7,0.5,0.7,0.6,1.4,0.3,54.739999,40,11,64.4,78.199999,29.96,1,1,1002,0,ilp_v1,optimal,1,31.697925,54.643388,0.580087,1.461851,0.0,,1.461851,1.506219,3,0,0
u_mand_factor\set02\u_mand_factor_0.8.py,u_mand_factor,2,u_mand_factor,0.8,2,5,5,0.8,0.5,0.7,0.6,1.6,0.2,57.960001,40,11,73.6,82.800001,34.24,1,1,1002,0,ilp_v1,infeasible,0,,,,2.729938,,,2.729938,2.829586,3,0,0
u_mand_factor\set02\u_mand_factor_0.9.py,u_mand_factor,2,u_mand_factor,0.9,2,5,5,0.9,0.5,0.7,0.6,1.8,0.1,61.180003,40,13,82.8,87.400005,38.58,1,1,1002,2,ilp_v1,infeasible,0,,,,0.026752,,,0.026752,0.033225,3,0,0
u_mand_factor\set03\u_mand_factor_0.1.py,u_mand_factor,3,u_mand_factor,0.1,2,5,5,0.1,0.5,0.7,0.6,0.2,0.9,35.419999,40,10,9.200001,50.599999,4.286667,1,0,1003,0,ilp_v1,optimal,1,109.876627,32.00279,3.433345,0.016287,0.0,,0.016287,0.019899,3,0,0
u_mand_factor\set03\u_mand_factor_0.2.py,u_mand_factor,3,u_mand_factor,0.2,2,5,5,0.2,0.5,0.7,0.6,0.4,0.8,38.639999,40,10,18.399999,55.199999,8.573333,1,0,1003,0,ilp_v1,optimal,1,74.251285,34.003148,2.183659,0.015325,0.0,,0.015325,0.017817,3,0,0
u_mand_factor\set03\u_mand_factor_0.3.py,u_mand_factor,3,u_mand_factor,0.3,2,5,5,0.3,0.5,0.7,0.6,0.6,0.7,41.860001,40,10,27.6,59.800001,12.86,1,1,1003,0,ilp_v1,optimal,1,71.978877,38.009997,1.893683,0.022042,0.0,,0.022042,0.022943,3,0,0
u_mand_factor\set03\u_mand_factor_0.4.py,u_mand_factor,3,u_mand_factor,0.4,2,5,5,0.4,0.5,0.7,0.6,0.8,0.6,45.080001,40,10,36.799999,64.400001,17.146666,1,1,1003,0,ilp_v1,optimal,1,69.44445,44.150405,1.572906,0.02249,0.0,,0.02249,0.025304,3,0,0
u_mand_factor\set03\u_mand_factor_0.5.py,u_mand_factor,3,u_mand_factor,0.5,2,5,5,0.5,0.5,0.7,0.6,1.0,0.5,48.299999,40,10,46.0,68.999999,21.433333,1,1,1003,0,ilp_v1,optimal,1,66.121629,48.27213,1.369768,0.054598,0.0,,0.054598,0.057681,3,0,0
u_mand_factor\set03\u_mand_factor_0.6.py,u_mand_factor,3,u_mand_factor,0.6,2,5,5,0.6,0.5,0.7,0.6,1.2,0.4,51.519998,40,10,55.199998,73.599997,25.719999,1,1,1003,0,ilp_v1,optimal,1,49.0636,51.485353,0.952962,2.589767,0.0,,2.589767,2.642231,3,0,0
u_mand_factor\set03\u_mand_factor_0.7.py,u_mand_factor,3,u_mand_factor,0.7,2,5,5,0.7,0.5,0.7,0.6,1.4,0.3,54.739999,40,10,64.399999,78.199999,30.006666,1,1,1003,0,ilp_v1,optimal,1,26.579261,54.732509,0.485621,3.233571,0.0,,3.233571,3.288955,3,0,0
u_mand_factor\set03\u_mand_factor_0.8.py,u_mand_factor,3,u_mand_factor,0.8,2,5,5,0.8,0.5,0.7,0.6,1.6,0.2,57.959994,40,10,73.599998,82.799991,34.293332,1,1,1003,0,ilp_v1,optimal,1,0.664801,57.954656,0.011471,19.729104,0.0,,19.729104,20.421924,2,0,0
u_mand_factor\set03\u_mand_factor_0.9.py,u_mand_factor,3,u_mand_factor,0.9,2,5,5,0.9,0.5,0.7,0.6,1.8,0.1,61.180004,40,10,82.799998,87.400006,38.579999,1,1,1003,0,ilp_v1,infeasible,0,,,,0.022528,,,0.022528,0.0264,3,0,0
u_mand_factor\set04\u_mand_factor_0.1.py,u_mand_factor,4,u_mand_factor,0.1,2,5,5,0.1,0.5,0.7,0.6,0.2,0.9,35.420004,40,13,9.200002,50.600006,4.408573,1,0,1004,0,ilp_v1,optimal,1,102.421137,35.047346,2.922365,0.022689,0.0,,0.022689,0.037733,3,0,0
u_mand_factor\set04\u_mand_factor_0.2.py,u_mand_factor,4,u_mand_factor,0.2,2,5,5,0.2,0.5,0.7,0.6,0.4,0.8,38.639999,40,13,18.399999,55.199999,8.817142,1,0,1004,0,ilp_v1,optimal,1,101.898633,33.917064,3.004347,0.028267,0.0,,0.028267,0.029292,3,0,0
u_mand_factor\set04\u_mand_factor_0.3.py,u_mand_factor,4,u_mand_factor,0.3,2,5,5,0.3,0.5,0.7,0.6,0.6,0.7,41.860009,40,13,27.600003,59.800013,13.225716,1,1,1004,0,ilp_v1,optimal,1,87.519658,40.396152,2.166535,0.023157,0.0,,0.023157,0.023838,3,0,0
u_mand_factor\set04\u_mand_factor_0.4.py,u_mand_factor,4,u_mand_factor,0.4,2,5,5,0.4,0.5,0.7,0.6,0.8,0.6,45.079999,40,13,36.800002,64.399999,17.634287,1,1,1004,0,ilp_v1,optimal,1,68.459905,45.070638,1.518947,0.016912,0.0,,0.016912,0.018413,3,0,0
u_mand_factor\set04\u_mand_factor_0.5.py,u_mand_factor,4,u_mand_factor,0.5,2,5,5,0.5,0.5,0.7,0.6,1.0,0.5,48.3,40,13,46.000002,69.0,22.042858,1,1,1004,0,ilp_v1,optimal,1,56.900624,48.235125,1.179651,0.023916,0.0,,0.023916,0.025393,3,0,0
u_mand_factor\set04\u_mand_factor_0.6.py,u_mand_factor,4,u_mand_factor,0.6,2,5,5,0.6,0.5,0.7,0.6,1.2,0.4,51.519998,40,13,55.199999,73.599997,26.451428,1,1,1004,0,ilp_v1,optimal,1,43.422788,51.518234,0.842863,0.970751,0.0,,0.970751,1.017822,3,0,0
u_mand_factor\set04\u_mand_factor_0.7.py,u_mand_factor,4,u_mand_factor,0.7,2,5,5,0.7,0.5,0.7,0.6,1.4,0.3,54.739997,40,13,64.400001,78.199995,30.860001,1,1,1004,0,ilp_v1,optimal,1,28.493344,54.732079,0.520597,2.580524,0.0,,2.580524,2.711758,3,0,0
u_mand_factor\set04\u_mand_factor_0.8.py,u_mand_factor,4,u_mand_factor,0.8,2,5,5,0.8,0.5,0.7,0.6,1.6,0.2,57.960002,40,13,73.600002,82.800002,35.268573,1,1,1004,0,ilp_v1,optimal,1,4.201721,57.828237,0.072659,40.455815,0.0,,40.455815,40.455815,1,0,0
u_mand_factor\set04\u_mand_factor_0.9.py,u_mand_factor,4,u_mand_factor,0.9,2,5,5,0.9,0.5,0.7,0.6,1.8,0.1,61.180002,40,13,82.800003,87.400002,39.677145,1,1,1004,0,ilp_v1,infeasible,0,,,,0.027556,,,0.027556,0.034406,3,0,0
u_mand_factor\set00\u_mand_factor_0.1.py,u_mand_factor,0,u_mand_factor,0.1,2,5,5,0.1,0.5,0.7,0.6,0.2,0.9,35.420002,40,13,9.200002,50.600002,4.408573,1,0,1000,0,heuristic_v3,solved,1,123.877307,35.216053,3.517637,0.004071,,,0.004071,0.004677,3,0,0
u_mand_factor\set00\u_mand_factor_0.2.py,u_mand_factor,0,u_mand_factor,0.2,2,5,5,0.2,0.5,0.7,0.6,0.4,0.8,38.639999,40,13,18.400001,55.199999,8.817143,1,0,1000,0,heuristic_v3,solved,1,114.775308,38.511248,2.980306,0.005532,,,0.005532,0.005691,3,0,0
u_mand_factor\set00\u_mand_factor_0.3.py,u_mand_factor,0,u_mand_factor,0.3,2,5,5,0.3,0.5,0.7,0.6,0.6,0.7,41.859996,40,13,27.600001,59.799994,13.225715,1,1,1000,0,heuristic_v3,solved,1,98.676193,41.503186,2.377557,0.005208,,,0.005208,0.006165,3,0,0
u_mand_factor\set00\u_mand_factor_0.4.py,u_mand_factor,0,u_mand_factor,0.4,2,5,5,0.4,0.5,0.7,0.6,0.8,0.6,45.079998,40,13,36.800002,64.399997,17.634287,1,1,1000,0,heuristic_v3,solved,1,79.823892,44.485061,1.794398,0.00814,,,0.00814,0.013765,3,0,0
u_mand_factor\set00\u_mand_factor_0.5.py,u_mand_factor,0,u_mand_factor,0.5,2,5,5,0.5,0.5,0.7,0.6,1.0,0.5,48.300003,40,13,46.000002,69.000005,22.042858,1,1,1000,0,heuristic_v3,solved,1,60.294133,47.770172,1.262171,0.005683,,,0.005683,0.006908,3,0,0
u_mand_factor\set00\u_mand_factor_0.6.py,u_mand_factor,0,u_mand_factor,0.6,2,5,5,0.6,0.5,0.7,0.6,1.2,0.4,51.520002,40,13,55.200003,73.600002,26.45143,1,1,1000,0,heuristic_v3,solved,1,41.182336,50.73072,0.811783,0.005841,,,0.005841,0.006372,3,0,0
u_mand_factor\set00\u_mand_factor_0.7.py,u_mand_factor,0,u_mand_factor,0.7,2,5,5,0.7,0.5,0.7,0.6,1.4,0.3,54.740004,40,13,64.399999,78.200006,30.859999,1,1,1000,0,heuristic_v3,solved,1,21.633759,54.683902,0.395615,0.006471,,,0.006471,0.031175,3,0,0
u_mand_factor\set00\u_mand_factor_0.8.py,u_mand_factor,0,u_mand_factor,0.8,2,5,5,0.8,0.5,0.7,0.6,1.6,0.2,57.959999,40,13,73.6,82.799999,35.268571,1,1,1000,0,heuristic_v3,solved,1,1.719853,57.93885,0.029684,0.009378,,,0.009378,0.013984,3,0,0
u_mand_factor\set00\u_mand_factor_0.9.py,u_mand_factor,0,u_mand_factor,0.9,2,5,5,0.9,0.5,0.7,0.6,1.8,0.1,61.180001,40,13,82.8,87.400001,39.677143,1,1,1000,0,heuristic_v3,infeasible,0,,74.698384,,0.008104,,over budget: E=74.6984 > B=61.1800,0.008104,0.008598,3,0,0
u_mand_factor\set01\u_mand_factor_0.1.py,u_mand_factor,1,u_mand_factor,0.1,2,5,5,0.1,0.5,0.7,0.6,0.2,0.9,35.419998,40,13,9.200001,50.599998,4.286667,1,0,1001,0,heuristic_v3,solved,1,90.923834,34.783102,2.614023,0.007883,,,0.007883,0.021799,3,0,0
u_mand_factor\set01\u_mand_factor_0.2.py,u_mand_factor,1,u_mand_factor,0.2,2,5,5,0.2,0.5,0.7,0.6,0.4,0.8,38.640004,40,13,18.400001,55.200006,8.573334,1,0,1001,0,heuristic_v3,solved,1,73.88515,37.654762,1.962173,0.006004,,,0.006004,0.00829,3,0,0
u_mand_factor\set01\u_mand_factor_0.3.py,u_mand_factor,1,u_mand_factor,0.3,2,5,5,0.3,0.5,0.7,0.6,0.6,0.7,41.860003,40,13,27.6,59.800005,12.86,1,1,1001,0,heuristic_v3,solved,1,52.433667,41.855405,1.252733,0.004511,,,0.004511,0.004771,3,0,0
u_mand_factor\set01\u_mand_factor_0.4.py,u_mand_factor,1,u_mand_factor,0.4,2,5,5,0.4,0.5,0.7,0.6,0.8,0.6,45.079998,40,13,36.800001,64.399998,17.146667,1,1,1001,0,heuristic_v3,solved,1,45.693141,44.6003,1.024503,0.005718,,,0.005718,0.0071,3,0,0
u_mand_factor\set01\u_mand_factor_0.5.py,u_mand_factor,1,u_mand_factor,0.5,2,5,5,0.5,0.5,0.7,0.6,1.0,0.5,48.300007,40,13,46.000002,69.00001,21.433334,1,1,1001,0,heuristic_v3,solved,1,37.582906,47.285342,0.794811,0.005661,,,0.005661,0.011817,3,0,0
u_mand_factor\set01\u_mand_factor_0.6.py,u_mand_factor,1,u_mand_factor,0.6,2,5,5,0.6,0.5,0.7,0.6,1.2,0.4,51.519999,40,13,55.200003,73.599999,25.720002,1,1,1001,0,heuristic_v3,solved,1,24.813019,51.445276,0.482319,0.00825,,,0.00825,0.02356,3,0,0
u_mand_factor\set01\u_mand_factor_0.7.py,u_mand_factor,1,u_mand_factor,0.7,2,5,5,0.7,0.5,0.7,0.6,1.4,0.3,54.740001,40,13,64.399995,78.200001,30.006665,1,1,1001,0,heuristic_v3,solved,1,12.124846,54.693182,0.221688,0.006207,,,0.006207,0.007527,3,0,0
u_mand_factor\set01\u_mand_factor_0.8.py,u_mand_factor,1,u_mand_factor,0.8,2,5,5,0.8,0.5,0.7,0.6,1.6,0.2,57.960002,40,13,73.600001,82.800003,34.293334,1,1,1001,0,heuristic_v3,infeasible,0,,62.934894,,0.006718,,over budget: E=62.9349 > B=57.9600,0.006718,0.007035,3,0,0
u_mand_factor\set01\u_mand_factor_0.9.py,u_mand_factor,1,u_mand_factor,0.9,2,5,5,0.9,0.5,0.7,0.6,1.8,0.1,61.179999,40,13,82.800002,87.399999,38.580001,1,1,1001,0,heuristic_v3,infeasible,0,,75.987921,,0.00764,,over budget: E=75.9879 > B=61.1800,0.00764,0.020188,3,0,0
u_mand_factor\set02\u_mand_factor_0.1.py,u_mand_factor,2,u_mand_factor,0.1,2,5,5,0.1,0.5,0.7,0.6,0.2,0.9,35.420002,40,11,9.200002,50.600003,4.280001,1,0,1002,0,heuristic_v3,solved,1,140.480047,34.557423,4.065119,0.00272,,,0.00272,0.003377,3,0,0
u_mand_factor\set02\u_mand_factor_0.2.py,u_mand_factor,2,u_mand_factor,0.2,2,5,5,0.2,0.5,0.7,0.6,0.4,0.8,38.639998,40,11,18.4,55.199998,8.56,1,0,1002,0,heuristic_v3,solved,1,96.062126,38.570819,2.490539,0.002371,,,0.002371,0.003055,3,0,0
u_mand_factor\set02\u_mand_factor_0.3.py,u_mand_factor,2,u_mand_factor,0.3,2,5,5,0.3,0.5,0.7,0.6,0.6,0.7,41.859995,40,11,27.599997,59.799993,12.839998,1,1,1002,0,heuristic_v3,solved,1,79.600685,41.792301,1.904673,0.002356,,,0.002356,0.003141,3,0,0
u_mand_factor\set02\u_mand_factor_0.4.py,u_mand_factor,2,u_mand_factor,0.4,2,5,5,0.4,0.5,0.7,0.6,0.8,0.6,45.079999,40,11,36.799999,64.399999,17.119999,1,1,1002,0,heuristic_v3,solved,1,71.896484,44.849674,1.603055,0.003408,,,0.003408,0.003676,3,0,0
u_mand_factor\set02\u_mand_factor_0.5.py,u_mand_factor,2,u_mand_factor,0.5,2,5,5,0.5,0.5,0.7,0.6,1.0,0.5,48.300001,40,11,46.000001,69.000001,21.400001,1,1,1002,0,heuristic_v3,solved,1,65.644495,48.017426,1.367097,0.002709,,,0.002709,0.00295,3,0,0
u_mand_factor\set02\u_mand_factor_0.6.py,u_mand_factor,2,u_mand_factor,0.6,2,5,5,0.6,0.5,0.7,0.6,1.2,0.4,51.520001,40,11,55.199999,73.600001,25.679999,1,1,1002,0,heuristic_v3,solved,1,45.602878,51.093932,0.89253,0.001911,,,0.001911,0.001995,3,0,0
u_mand_factor\set02\u_mand_factor_0.7.py,u_mand_factor,2,u_mand_factor,0.7,2,5,5,0.7,0.5,0.7,0.6,1.4,0.3,54.739999,40,11,64.4,78.199999,29.96,1,1,1002,0,heuristic_v3,solved,1,19.356998,54.509254,0.355114,0.002276,,,0.002276,0.002501,3,0,0
u_mand_factor\set02\u_mand_factor_0.8.py,u_mand_factor,2,u_mand_factor,0.8,2,5,5,0.8,0.5,0.7,0.6,1.6,0.2,57.960001,40,11,73.6,82.800001,34.24,1,1,1002,0,heuristic_v3,infeasible,0,,,,0.010735,,,0.010735,0.034118,3,0,0
u_mand_factor\set02\u_mand_factor_0.9.py,u_mand_factor,2,u_mand_factor,0.9,2,5,5,0.9,0.5,0.7,0.6,1.8,0.1,61.180003,40,13,82.8,87.400005,38.58,1,1,1002,2,heuristic_v3,infeasible,0,,,,0.011323,,,0.011323,0.012298,3,0,0
u_mand_factor\set03\u_mand_factor_0.1.py,u_mand_factor,3,u_mand_factor,0.1,2,5,5,0.1,0.5,0.7,0.6,0.2,0.9,35.419999,40,10,9.200001,50.599999,4.286667,1,0,1003,0,heuristic_v3,solved,1,109.876627,30.988571,3.545715,0.002028,,,0.002028,0.002281,3,0,0
u_mand_factor\set03\u_mand_factor_0.2.py,u_mand_factor,3,u_mand_factor,0.2,2,5,5,0.2,0.5,0.7,0.6,0.4,0.8,38.639999,40,10,18.399999,55.199999,8.573333,1,0,1003,0,heuristic_v3,solved,1,66.541,32.175336,2.068075,0.002285,,,0.002285,0.014819,3,0,0
u_mand_factor\set03\u_mand_factor_0.3.py,u_mand_factor,3,u_mand_factor,0.3,2,5,5,0.3,0.5,0.7,0.6,0.6,0.7,41.860001,40,10,27.6,59.800001,12.86,1,1,1003,0,heuristic_v3,solved,1,59.990575,41.653574,1.440226,0.003747,,,0.003747,0.00779,3,0,0
u_mand_factor\set03\u_mand_factor_0.4.py,u_mand_factor,3,u_mand_factor,0.4,2,5,5,0.4,0.5,0.7,0.6,0.8,0.6,45.080001,40,10,36.799999,64.400001,17.146666,1,1,1003,0,heuristic_v3,solved,1,62.699738,39.378452,1.592235,0.002896,,,0.002896,0.003998,3,0,0
u_mand_factor\set03\u_mand_factor_0.5.py,u_mand_factor,3,u_mand_factor,0.5,2,5,5,0.5,0.5,0.7,0.6,1.0,0.5,48.299999,40,10,46.0,68.999999,21.433333,1,1,1003,0,heuristic_v3,solved,1,64.658947,48.293011,1.338888,0.003214,,,0.003214,0.003616,3,0,0
u_mand_factor\set03\u_mand_factor_0.6.py,u_mand_factor,3,u_mand_factor,0.6,2,5,5,0.6,0.5,0.7,0.6,1.2,0.4,51.519998,40,10,55.199998,73.599997,25.719999,1,1,1003,0,heuristic_v3,solved,1,21.066532,51.310847,0.410567,0.004432,,,0.004432,0.004769,3,0,0
u_mand_factor\set03\u_mand_factor_0.7.py,u_mand_factor,3,u_mand_factor,0.7,2,5,5,0.7,0.5,0.7,0.6,1.4,0.3,54.739999,40,10,64.399999,78.199999,30.006666,1,1,1003,0,heuristic_v3,solved,1,11.564054,54.544172,0.212013,0.003672,,,0.003672,0.003933,3,0,0
u_mand_factor\set03\u_mand_factor_0.8.py,u_mand_factor,3,u_mand_factor,0.8,2,5,5,0.8,0.5,0.7,0.6,1.6,0.2,57.959994,40,10,73.599998,82.799991,34.293332,1,1,1003,0,heuristic_v3,infeasible,0,,58.46205,,0.00267,,over budget: E=58.4620 > B=57.9600,0.00267,0.002889,3,0,0
u_mand_factor\set03\u_mand_factor_0.9.py,u_mand_factor,3,u_mand_factor,0.9,2,5,5,0.9,0.5,0.7,0.6,1.8,0.1,61.180004,40,10,82.799998,87.400006,38.579999,1,1,1003,0,heuristic_v3,infeasible,0,,,,0.010762,,,0.010762,0.017815,3,0,0
u_mand_factor\set04\u_mand_factor_0.1.py,u_mand_factor,4,u_mand_factor,0.1,2,5,5,0.1,0.5,0.7,0.6,0.2,0.9,35.420004,40,13,9.200002,50.600006,4.408573,1,0,1004,0,heuristic_v3,solved,1,102.421137,33.550004,3.052791,0.003862,,,0.003862,0.004689,3,0,0
u_mand_factor\set04\u_mand_factor_0.2.py,u_mand_factor,4,u_mand_factor,0.2,2,5,5,0.2,0.5,0.7,0.6,0.4,0.8,38.639999,40,13,18.399999,55.199999,8.817142,1,0,1004,0,heuristic_v3,solved,1,101.898633,35.960667,2.833614,0.003461,,,0.003461,0.00385,3,0,0
u_mand_factor\set04\u_mand_factor_0.3.py,u_mand_factor,4,u_mand_factor,0.3,2,5,5,0.3,0.5,0.7,0.6,0.6,0.7,41.860009,40,13,27.600003,59.800013,13.225716,1,1,1004,0,heuristic_v3,solved,1,87.519658,39.650008,2.207305,0.004791,,,0.004791,0.005146,3,0,0
u_mand_factor\set04\u_mand_factor_0.4.py,u_mand_factor,4,u_mand_factor,0.4,2,5,5,0.4,0.5,0.7,0.6,0.8,0.6,45.079999,40,13,36.800002,64.399999,17.634287,1,1,1004,0,heuristic_v3,solved,1,68.459905,42.699999,1.603276,0.003304,,,0.003304,0.00405,3,0,0
u_mand_factor\set04\u_mand_factor_0.5.py,u_mand_factor,4,u_mand_factor,0.5,2,5,5,0.5,0.5,0.7,0.6,1.0,0.5,48.3,40,13,46.000002,69.0,22.042858,1,1,1004,0,heuristic_v3,solved,1,50.189787,48.232085,1.040589,0.00626,,,0.00626,0.017268,3,0,0
u_mand_factor\set04\u_mand_factor_0.6.py,u_mand_factor,4,u_mand_factor,0.6,2,5,5,0.6,0.5,0.7,0.6,1.2,0.4,51.519998,40,13,55.199999,73.599997,26.451428,1,1,1004,0,heuristic_v3,solved,1,32.129247,51.442743,0.624563,0.004075,,,0.004075,0.005778,3,0,0
u_mand_factor\set04\u_mand_factor_0.7.py,u_mand_factor,4,u_mand_factor,0.7,2,5,5,0.7,0.5,0.7,0.6,1.4,0.3,54.739997,40,13,64.400001,78.199995,30.860001,1,1,1004,0,heuristic_v3,solved,1,14.72428,54.604794,0.269652,0.00334,,,0.00334,0.003767,3,0,0
u_mand_factor\set04\u_mand_factor_0.8.py,u_mand_factor,4,u_mand_factor,0.8,2,5,5,0.8,0.5,0.7,0.6,1.6,0.2,57.960002,40,13,73.600002,82.800002,35.268573,1,1,1004,0,heuristic_v3,infeasible,0,,60.290542,,0.006963,,over budget: E=60.2905 > B=57.9600,0.006963,0.012752,3,0,0
u_mand_factor\set04\u_mand_factor_0.9.py,u_mand_factor,4,u_mand_factor,0.9,2,5,5,0.9,0.5,0.7,0.6,1.8,0.1,61.180002,40,13,82.800003,87.400002,39.677145,1,1,1004,0,heuristic_v3,infeasible,0,,74.918202,,0.008866,,over budget: E=74.9182 > B=61.1800,0.008866,0.014458,3,0,0
u_mand_factor\set00\u_mand_factor_0.1.py,u_mand_factor,0,u_mand_factor,0.1,2,5,5,0.1,0.5,0.7,0.6,0.2,0.9,35.420002,40,13,9.200002,50.600002,4.408573,1,0,1000,0,heuristic_v4,solved,1,123.877307,35.216053,3.517637,0.004798,,,0.004798,0.007087,3,0,0
u_mand_factor\set00\u_mand_factor_0.2.py,u_mand_factor,0,u_mand_factor,0.2,2,5,5,0.2,0.5,0.7,0.6,0.4,0.8,38.639999,40,13,18.400001,55.199999,8.817143,1,0,1000,0,heuristic_v4,solved,1,114.775308,38.511248,2.980306,0.006051,,,0.006051,0.013369,3,0,0
u_mand_factor\set00\u_mand_factor_0.3.py,u_mand_factor,0,u_mand_factor,0.3,2,5,5,0.3,0.5,0.7,0.6,0.6,0.7,41.859996,40,13,27.600001,59.799994,13.225715,1,1,1000,0,heuristic_v4,solved,1,98.676193,41.503186,2.377557,0.007252,,,0.007252,0.014035,3,0,0
u_mand_factor\set00\u_mand_factor_0.4.py,u_mand_factor,0,u_mand_factor,0.4,2,5,5,0.4,0.5,0.7,0.6,0.8,0.6,45.079998,40,13,36.800002,64.399997,17.634287,1,1,1000,0,heuristic_v4,solved,1,79.823892,44.485061,1.794398,0.005472,,,0.005472,0.0057,3,0,0
u_mand_factor\set00\u_mand_factor_0.5.py,u_mand_factor,0,u_mand_factor,0.5,2,5,5,0.5,0.5,0.7,0.6,1.0,0.5,48.300003,40,13,46.000002,69.000005,22.042858,1,1,1000,0,heuristic_v4,solved,1,60.294133,47.770172,1.262171,0.00527,,,0.00527,0.006541,3,0,0
u_mand_factor\set00\u_mand_factor_0.6.py,u_mand_factor,0,u_mand_factor,0.6,2,5,5,0.6,0.5,0.7,0.6,1.2,0.4,51.520002,40,13,55.200003,73.600002,26.45143,1,1,1000,0,heuristic_v4,solved,1,41.427889,51.097819,0.810757,0.008886,,,0.008886,0.011816,3,0,0
u_mand_factor\set00\u_mand_factor_0.7.py,u_mand_factor,0,u_mand_factor,0.7,2,5,5,0.7,0.5,0.7,0.6,1.4,0.3,54.740004,40,13,64.399999,78.200006,30.859999,1,1,1000,0,heuristic_v4,solved,1,21.647734,54.686618,0.395851,0.00726,,,0.00726,0.008832,3,0,0
u_mand_factor\set00\u_mand_factor_0.8.py,u_mand_factor,0,u_mand_factor,0.8,2,5,5,0.8,0.5,0.7,0.6,1.6,0.2,57.959999,40,13,73.6,82.799999,35.268571,1,1,1000,0,heuristic_v4,solved,1,1.719853,57.93885,0.029684,0.008299,,,0.008299,0.01065,3,0,0
u_mand_factor\set00\u_mand_factor_0.9.py,u_mand_factor,0,u_mand_factor,0.9,2,5,5,0.9,0.5,0.7,0.6,1.8,0.1,61.180001,40,13,82.8,87.400001,39.677143,1,1,1000,0,heuristic_v4,infeasible,0,,74.698384,,0.011433,,over budget: E=74.6984 > B=61.1800,0.011433,0.014704,3,0,0
u_mand_factor\set01\u_mand_factor_0.1.py,u_mand_factor,1,u_mand_factor,0.1,2,5,5,0.1,0.5,0.7,0.6,0.2,0.9,35.419998,40,13,9.200001,50.599998,4.286667,1,0,1001,0,heuristic_v4,solved,1,91.406685,35.230225,2.594553,0.006185,,,0.006185,0.0085,3,0,0
u_mand_factor\set01\u_mand_factor_0.2.py,u_mand_factor,1,u_mand_factor,0.2,2,5,5,0.2,0.5,0.7,0.6,0.4,0.8,38.640004,40,13,18.400001,55.200006,8.573334,1,0,1001,0,heuristic_v4,solved,1,73.88515,37.654762,1.962173,0.005545,,,0.005545,0.006729,3,0,0
u_mand_factor\set01\u_mand_factor_0.3.py,u_mand_factor,1,u_mand_factor,0.3,2,5,5,0.3,0.5,0.7,0.6,0.6,0.7,41.860003,40,13,27.6,59.800005,12.86,1,1,1001,0,heuristic_v4,solved,1,52.441086,41.856563,1.252876,0.007441,,,0.007441,0.009537,3,0,0
u_mand_factor\set01\u_mand_factor_0.4.py,u_mand_factor,1,u_mand_factor,0.4,2,5,5,0.4,0.5,0.7,0.6,0.8,0.6,45.079998,40,13,36.800001,64.399998,17.146667,1,1,1001,0,heuristic_v4,solved,1,46.374888,45.029542,1.029877,0.007053,,,0.007053,0.008619,3,0,0
u_mand_factor\set01\u_mand_factor_0.5.py,u_mand_factor,1,u_mand_factor,0.5,2,5,5,0.5,0.5,0.7,0.6,1.0,0.5,48.300007,40,13,46.000002,69.00001,21.433334,1,1,1001,0,heuristic_v4,solved,1,37.582906,47.285342,0.794811,0.004807,,,0.004807,0.01254,3,0,0
u_mand_factor\set01\u_mand_factor_0.6.py,u_mand_factor,1,u_mand_factor,0.6,2,5,5,0.6,0.5,0.7,0.6,1.2,0.4,51.519999,40,13,55.200003,73.599999,25.720002,1,1,1001,0,heuristic_v4,solved,1,25.647153,51.462305,0.498368,0.010635,,,0.010635,0.014446,3,0,0
u_mand_factor\set01\u_mand_factor_0.7.py,u_mand_factor,1,u_mand_factor,0.7,2,5,5,0.7,0.5,0.7,0.6,1.4,0.3,54.740001,40,13,64.399995,78.200001,30.006665,1,1,1001,0,heuristic_v4,solved,1,12.145963,54.706477,0.222021,0.00761,,,0.00761,0.010144,3,0,0
u_mand_factor\set01\u_mand_factor_0.8.py,u_mand_factor,1,u_mand_factor,0.8,2,5,5,0.8,0.5,0.7,0.6,1.6,0.2,57.960002,40,13,73.600001,82.800003,34.293334,1,1,1001,0,heuristic_v4,infeasible,0,,62.934894,,0.009969,,over budget: E=62.9349 > B=57.9600,0.009969,0.01176,3,0,0
u_mand_factor\set01\u_mand_factor_0.9.py,u_mand_factor,1,u_mand_factor,0.9,2,5,5,0.9,0.5,0.7,0.6,1.8,0.1,61.179999,40,13,82.800002,87.399999,38.580001,1,1,1001,0,heuristic_v4,infeasible,0,,75.987921,,0.006085,,over budget: E=75.9879 > B=61.1800,0.006085,0.024204,3,0,0
u_mand_factor\set02\u_mand_factor_0.1.py,u_mand_factor,2,u_mand_factor,0.1,2,5,5,0.1,0.5,0.7,0.6,0.2,0.9,35.420002,40,11,9.200002,50.600003,4.280001,1,0,1002,0,heuristic_v4,solved,1,140.480047,34.557423,4.065119,0.002739,,,0.002739,0.003401,3,0,0
u_mand_factor\set02\u_mand_factor_0.2.py,u_mand_factor,2,u_mand_factor,0.2,2,5,5,0.2,0.5,0.7,0.6,0.4,0.8,38.639998,40,11,18.4,55.199998,8.56,1,0,1002,0,heuristic_v4,solved,1,96.062126,38.570819,2.490539,0.00367,,,0.00367,0.007987,3,0,0
u_mand_factor\set02\u_mand_factor_0.3.py,u_mand_factor,2,u_mand_factor,0.3,2,5,5,0.3,0.5,0.7,0.6,0.6,0.7,41.859995,40,11,27.599997,59.799993,12.839998,1,1,1002,0,heuristic_v4,solved,1,79.600685,41.792301,1.904673,0.002702,,,0.002702,0.003452,3,0,0
u_mand_factor\set02\u_mand_factor_0.4.py,u_mand_factor,2,u_mand_factor,0.4,2,5,5,0.4,0.5,0.7,0.6,0.8,0.6,45.079999,40,11,36.799999,64.399999,17.119999,1,1,1002,0,heuristic_v4,solved,1,71.896484,44.849674,1.603055,0.00272,,,0.00272,0.003278,3,0,0
u_mand_factor\set02\u_mand_factor_0.5.py,u_mand_factor,2,u_mand_factor,0.5,2,5,5,0.5,0.5,0.7,0.6,1.0,0.5,48.300001,40,11,46.000001,69.000001,21.400001,1,1,1002,0,heuristic_v4,solved,1,65.644495,48.017426,1.367097,0.003556,,,0.003556,0.015179,3,0,0
u_mand_factor\set02\u_mand_factor_0.6.py,u_mand_factor,2,u_mand_factor,0.6,2,5,5,0.6,0.5,0.7,0.6,1.2,0.4,51.520001,40,11,55.199999,73.600001,25.679999,1,1,1002,0,heuristic_v4,solved,1,45.602878,51.093932,0.89253,0.002275,,,0.002275,0.002669,3,0,0
u_mand_factor\set02\u_mand_factor_0.7.py,u_mand_factor,2,u_mand_factor,0.7,2,5,5,0.7,0.5,0.7,0.6,1.4,0.3,54.739999,40,11,64.4,78.199999,29.96,1,1,1002,0,heuristic_v4,solved,1,19.369237,54.651659,0.354413,0.004327,,,0.004327,0.014038,3,0,0
u_mand_factor\set02\u_mand_factor_0.8.py,u_mand_factor,2,u_mand_factor,0.8,2,5,5,0.8,0.5,0.7,0.6,1.6,0.2,57.960001,40,11,73.6,82.800001,34.24,1,1,1002,0,heuristic_v4,infeasible,0,,,,0.010864,,,0.010864,0.015064,3,0,0
u_mand_factor\set02\u_mand_factor_0.9.py,u_mand_factor,2,u_mand_factor,0.9,2,5,5,0.9,0.5,0.7,0.6,1.8,0.1,61.180003,40,13,82.8,87.400005,38.58,1,1,1002,2,heuristic_v4,infeasible,0,,,,0.011074,,,0.011074,0.024249,3,0,0
u_mand_factor\set03\u_mand_factor_0.1.py,u_mand_factor,3,u_mand_factor,0.1,2,5,5,0.1,0.5,0.7,0.6,0.2,0.9,35.419999,40,10,9.200001,50.599999,4.286667,1,0,1003,0,heuristic_v4,solved,1,109.876627,30.988571,3.545715,0.002292,,,0.002292,0.002514,3,0,0
u_mand_factor\set03\u_mand_factor_0.2.py,u_mand_factor,3,u_mand_factor,0.2,2,5,5,0.2,0.5,0.7,0.6,0.4,0.8,38.639999,40,10,18.399999,55.199999,8.573333,1,0,1003,0,heuristic_v4,solved,1,66.541,32.175336,2.068075,0.002551,,,0.002551,0.002958,3,0,0
u_mand_factor\set03\u_mand_factor_0.3.py,u_mand_factor,3,u_mand_factor,0.3,2,5,5,0.3,0.5,0.7,0.6,0.6,0.7,41.860001,40,10,27.6,59.800001,12.86,1,1,1003,0,heuristic_v4,solved,1,59.990575,41.653574,1.440226,0.002615,,,0.002615,0.003803,3,0,0
u_mand_factor\set03\u_mand_factor_0.4.py,u_mand_factor,3,u_mand_factor,0.4,2,5,5,0.4,0.5,0.7,0.6,0.8,0.6,45.080001,40,10,36.799999,64.400001,17.146666,1,1,1003,0,heuristic_v4,solved,1,62.699738,39.378452,1.592235,0.003279,,,0.003279,0.003338,3,0,0
u_mand_factor\set03\u_mand_factor_0.5.py,u_mand_factor,3,u_mand_factor,0.5,2,5,5,0.5,0.5,0.7,0.6,1.0,0.5,48.299999,40,10,46.0,68.999999,21.433333,1,1,1003,0,heuristic_v4,solved,1,64.658947,48.293011,1.338888,0.004391,,,0.004391,0.00441,3,0,0
u_mand_factor\set03\u_mand_factor_0.6.py,u_mand_factor,3,u_mand_factor,0.6,2,5,5,0.6,0.5,0.7,0.6,1.2,0.4,51.519998,40,10,55.199998,73.599997,25.719999,1,1,1003,0,heuristic_v4,solved,1,28.426612,50.373963,0.564312,0.006361,,,0.006361,0.008154,3,0,0
u_mand_factor\set03\u_mand_factor_0.7.py,u_mand_factor,3,u_mand_factor,0.7,2,5,5,0.7,0.5,0.7,0.6,1.4,0.3,54.739999,40,10,64.399999,78.199999,30.006666,1,1,1003,0,heuristic_v4,solved,1,13.974658,54.720334,0.255383,0.004268,,,0.004268,0.004417,3,0,0
u_mand_factor\set03\u_mand_factor_0.8.py,u_mand_factor,3,u_mand_factor,0.8,2,5,5,0.8,0.5,0.7,0.6,1.6,0.2,57.959994,40,10,73.599998,82.799991,34.293332,1,1,1003,0,heuristic_v4,infeasible,0,,58.46205,,0.002746,,over budget: E=58.4620 > B=57.9600,0.002746,0.002831,3,0,0
u_mand_factor\set03\u_mand_factor_0.9.py,u_mand_factor,3,u_mand_factor,0.9,2,5,5,0.9,0.5,0.7,0.6,1.8,0.1,61.180004,40,10,82.799998,87.400006,38.579999,1,1,1003,0,heuristic_v4,infeasible,0,,,,0.006799,,,0.006799,0.008097,3,0,0
u_mand_factor\set04\u_mand_factor_0.1.py,u_mand_factor,4,u_mand_factor,0.1,2,5,5,0.1,0.5,0.7,0.6,0.2,0.9,35.420004,40,13,9.200002,50.600006,4.408573,1,0,1004,0,heuristic_v4,solved,1,102.421137,33.550004,3.052791,0.003309,,,0.003309,0.003339,3,0,0
u_mand_factor\set04\u_mand_factor_0.2.py,u_mand_factor,4,u_mand_factor,0.2,2,5,5,0.2,0.5,0.7,0.6,0.4,0.8,38.639999,40,13,18.399999,55.199999,8.817142,1,0,1004,0,heuristic_v4,solved,1,101.898633,35.960667,2.833614,0.004507,,,0.004507,0.004662,3,0,0
u_mand_factor\set04\u_mand_factor_0.3.py,u_mand_factor,4,u_mand_factor,0.3,2,5,5,0.3,0.5,0.7,0.6,0.6,0.7,41.860009,40,13,27.600003,59.800013,13.225716,1,1,1004,0,heuristic_v4,solved,1,87.519658,39.650008,2.207305,0.003576,,,0.003576,0.004609,3,0,0
u_mand_factor\set04\u_mand_factor_0.4.py,u_mand_factor,4,u_mand_factor,0.4,2,5,5,0.4,0.5,0.7,0.6,0.8,0.6,45.079999,40,13,36.800002,64.399999,17.634287,1,1,1004,0,heuristic_v4,solved,1,68.459905,42.699999,1.603276,0.003365,,,0.003365,0.003809,3,0,0
u_mand_factor\set04\u_mand_factor_0.5.py,u_mand_factor,4,u_mand_factor,0.5,2,5,5,0.5,0.5,0.7,0.6,1.0,0.5,48.3,40,13,46.000002,69.0,22.042858,1,1,1004,0,heuristic_v4,solved,1,52.901529,48.235321,1.096738,0.005378,,,0.005378,0.007142,3,0,0
u_mand_factor\set04\u_mand_factor_0.6.py,u_mand_factor,4,u_mand_factor,0.6,2,5,5,0.6,0.5,0.7,0.6,1.2,0.4,51.519998,40,13,55.199999,73.599997,26.451428,1,1,1004,0,heuristic_v4,solved,1,34.673491,51.358774,0.675123,0.005034,,,0.005034,0.006239,3,0,0
u_mand_factor\set04\u_mand_factor_0.7.py,u_mand_factor,4,u_mand_factor,0.7,2,5,5,0.7,0.5,0.7,0.6,1.4,0.3,54.739997,40,13,64.400001,78.199995,30.860001,1,1,1004,0,heuristic_v4,solved,1,14.72428,54.604794,0.269652,0.004129,,,0.004129,0.005308,3,0,0
u_mand_factor\set04\u_mand_factor_0.8.py,u_mand_factor,4,u_mand_factor,0.8,2,5,5,0.8,0.5,0.7,0.6,1.6,0.2,57.960002,40,13,73.600002,82.800002,35.268573,1,1,1004,0,heuristic_v4,infeasible,0,,60.290542,,0.008672,,over budget: E=60.2905 > B=57.9600,0.008672,0.008856,3,0,0
u_mand_factor\set04\u_mand_factor_0.9.py,u_mand_factor,4,u_mand_factor,0.9,2,5,5,0.9,0.5,0.7,0.6,1.8,0.1,61.180002,40,13,82.800003,87.400002,39.677145,1,1,1004,0,heuristic_v4,infeasible,0,,74.918202,,0.007538,,over budget: E=74.9182 > B=61.1800,0.007538,0.008537,3,0,0
u_mand_factor\set00\u_mand_factor_0.1.py,u_mand_factor,0,u_mand_factor,0.1,2,5,5,0.1,0.5,0.7,0.6,0.2,0.9,35.420002,40,13,9.200002,50.600002,4.408573,1,0,1000,0,heuristic_v5a,solved,1,123.877307,35.216053,3.517637,0.005362,,,0.005362,0.009238,3,0,0
u_mand_factor\set00\u_mand_factor_0.2.py,u_mand_factor,0,u_mand_factor,0.2,2,5,5,0.2,0.5,0.7,0.6,0.4,0.8,38.639999,40,13,18.400001,55.199999,8.817143,1,0,1000,0,heuristic_v5a,solved,1,114.775308,38.511248,2.980306,0.006432,,,0.006432,0.009196,3,0,0
u_mand_factor\set00\u_mand_factor_0.3.py,u_mand_factor,0,u_mand_factor,0.3,2,5,5,0.3,0.5,0.7,0.6,0.6,0.7,41.859996,40,13,27.600001,59.799994,13.225715,1,1,1000,0,heuristic_v5a,solved,1,98.676193,41.503186,2.377557,0.005361,,,0.005361,0.00741,3,0,0
u_mand_factor\set00\u_mand_factor_0.4.py,u_mand_factor,0,u_mand_factor,0.4,2,5,5,0.4,0.5,0.7,0.6,0.8,0.6,45.079998,40,13,36.800002,64.399997,17.634287,1,1,1000,0,heuristic_v5a,solved,1,79.823892,44.485061,1.794398,0.005411,,,0.005411,0.007223,3,0,0
u_mand_factor\set00\u_mand_factor_0.5.py,u_mand_factor,0,u_mand_factor,0.5,2,5,5,0.5,0.5,0.7,0.6,1.0,0.5,48.300003,40,13,46.000002,69.000005,22.042858,1,1,1000,0,heuristic_v5a,solved,1,60.294133,47.770172,1.262171,0.004991,,,0.004991,0.006779,3,0,0
u_mand_factor\set00\u_mand_factor_0.6.py,u_mand_factor,0,u_mand_factor,0.6,2,5,5,0.6,0.5,0.7,0.6,1.2,0.4,51.520002,40,13,55.200003,73.600002,26.45143,1,1,1000,0,heuristic_v5a,solved,1,41.427889,51.097819,0.810757,0.007587,,,0.007587,0.016808,3,0,0
u_mand_factor\set00\u_mand_factor_0.7.py,u_mand_factor,0,u_mand_factor,0.7,2,5,5,0.7,0.5,0.7,0.6,1.4,0.3,54.740004,40,13,64.399999,78.200006,30.859999,1,1,1000,0,heuristic_v5a,solved,1,21.647734,54.686618,0.395851,0.005865,,,0.005865,0.016239,3,0,0
u_mand_factor\set00\u_mand_factor_0.8.py,u_mand_factor,0,u_mand_factor,0.8,2,5,5,0.8,0.5,0.7,0.6,1.6,0.2,57.959999,40,13,73.6,82.799999,35.268571,1,1,1000,0,heuristic_v5a,solved,1,1.719853,57.93885,0.029684,0.007733,,,0.007733,0.008381,3,0,0
u_mand_factor\set00\u_mand_factor_0.9.py,u_mand_factor,0,u_mand_factor,0.9,2,5,5,0.9,0.5,0.7,0.6,1.8,0.1,61.180001,40,13,82.8,87.400001,39.677143,1,1,1000,0,heuristic_v5a,infeasible,0,,74.702953,,0.012683,,over budget: E=74.7030 > B=61.1800,0.012683,0.022258,3,0,0
u_mand_factor\set01\u_mand_factor_0.1.py,u_mand_factor,1,u_mand_factor,0.1,2,5,5,0.1,0.5,0.7,0.6,0.2,0.9,35.419998,40,13,9.200001,50.599998,4.286667,1,0,1001,0,heuristic_v5a,solved,1,94.310907,35.33717,2.668887,0.005307,,,0.005307,0.006352,3,0,0
u_mand_factor\set01\u_mand_factor_0.2.py,u_mand_factor,1,u_mand_factor,0.2,2,5,5,0.2,0.5,0.7,0.6,0.4,0.8,38.640004,40,13,18.400001,55.200006,8.573334,1,0,1001,0,heuristic_v5a,solved,1,73.88515,37.654762,1.962173,0.005961,,,0.005961,0.006623,3,0,0
u_mand_factor\set01\u_mand_factor_0.3.py,u_mand_factor,1,u_mand_factor,0.3,2,5,5,0.3,0.5,0.7,0.6,0.6,0.7,41.860003,40,13,27.6,59.800005,12.86,1,1,1001,0,heuristic_v5a,solved,1,52.441086,41.856563,1.252876,0.006868,,,0.006868,0.007155,3,0,0
u_mand_factor\set01\u_mand_factor_0.4.py,u_mand_factor,1,u_mand_factor,0.4,2,5,5,0.4,0.5,0.7,0.6,0.8,0.6,45.079998,40,13,36.800001,64.399998,17.146667,1,1,1001,0,heuristic_v5a,solved,1,47.974943,44.774192,1.071487,0.00821,,,0.00821,0.010692,3,0,0
u_mand_factor\set01\u_mand_factor_0.5.py,u_mand_factor,1,u_mand_factor,0.5,2,5,5,0.5,0.5,0.7,0.6,1.0,0.5,48.300007,40,13,46.000002,69.00001,21.433334,1,1,1001,0,heuristic_v5a,solved,1,39.069917,48.270566,0.809394,0.005942,,,0.005942,0.007597,3,0,0
u_mand_factor\set01\u_mand_factor_0.6.py,u_mand_factor,1,u_mand_factor,0.6,2,5,5,0.6,0.5,0.7,0.6,1.2,0.4,51.519999,40,13,55.200003,73.599999,25.720002,1,1,1001,0,heuristic_v5a,solved,1,23.912902,50.971434,0.469143,0.005477,,,0.005477,0.018912,3,0,0
u_mand_factor\set01\u_mand_factor_0.7.py,u_mand_factor,1,u_mand_factor,0.7,2,5,5,0.7,0.5,0.7,0.6,1.4,0.3,54.740001,40,13,64.399995,78.200001,30.006665,1,1,1001,0,heuristic_v5a,solved,1,4.463216,54.678908,0.081626,0.012146,,,0.012146,0.023264,3,0,0
u_mand_factor\set01\u_mand_factor_0.8.py,u_mand_factor,1,u_mand_factor,0.8,2,5,5,0.8,0.5,0.7,0.6,1.6,0.2,57.960002,40,13,73.600001,82.800003,34.293334,1,1,1001,0,heuristic_v5a,infeasible,0,,64.702339,,0.00836,,over budget: E=64.7023 > B=57.9600,0.00836,0.014775,3,0,0
u_mand_factor\set01\u_mand_factor_0.9.py,u_mand_factor,1,u_mand_factor,0.9,2,5,5,0.9,0.5,0.7,0.6,1.8,0.1,61.179999,40,13,82.800002,87.399999,38.580001,1,1,1001,0,heuristic_v5a,infeasible,0,,76.004568,,0.006381,,over budget: E=76.0046 > B=61.1800,0.006381,0.006695,3,0,0
u_mand_factor\set02\u_mand_factor_0.1.py,u_mand_factor,2,u_mand_factor,0.1,2,5,5,0.1,0.5,0.7,0.6,0.2,0.9,35.420002,40,11,9.200002,50.600003,4.280001,1,0,1002,0,heuristic_v5a,solved,1,140.480047,34.557423,4.065119,0.002375,,,0.002375,0.002634,3,0,0
u_mand_factor\set02\u_mand_factor_0.2.py,u_mand_factor,2,u_mand_factor,0.2,2,5,5,0.2,0.5,0.7,0.6,0.4,0.8,38.639998,40,11,18.4,55.199998,8.56,1,0,1002,0,heuristic_v5a,solved,1,88.667231,38.118291,2.326107,0.005458,,,0.005458,0.01119,3,0,0
u_mand_factor\set02\u_mand_factor_0.3.py,u_mand_factor,2,u_mand_factor,0.3,2,5,5,0.3,0.5,0.7,0.6,0.6,0.7,41.859995,40,11,27.599997,59.799993,12.839998,1,1,1002,0,heuristic_v5a,solved,1,71.90335,41.237799,1.743627,0.004269,,,0.004269,0.004878,3,0,0
u_mand_factor\set02\u_mand_factor_0.4.py,u_mand_factor,2,u_mand_factor,0.4,2,5,5,0.4,0.5,0.7,0.6,0.8,0.6,45.079999,40,11,36.799999,64.399999,17.119999,1,1,1002,0,heuristic_v5a,solved,1,73.212702,44.67385,1.638827,0.003559,,,0.003559,0.004179,3,0,0
u_mand_factor\set02\u_mand_factor_0.5.py,u_mand_factor,2,u_mand_factor,0.5,2,5,5,0.5,0.5,0.7,0.6,1.0,0.5,48.300001,40,11,46.000001,69.000001,21.400001,1,1,1002,0,heuristic_v5a,solved,1,43.807632,47.509133,0.922089,0.002243,,,0.002243,0.002343,3,0,0
u_mand_factor\set02\u_mand_factor_0.6.py,u_mand_factor,2,u_mand_factor,0.6,2,5,5,0.6,0.5,0.7,0.6,1.2,0.4,51.520001,40,11,55.199999,73.600001,25.679999,1,1,1002,0,heuristic_v5a,solved,1,31.802127,50.134067,0.634342,0.00299,,,0.00299,0.003355,3,0,0
u_mand_factor\set02\u_mand_factor_0.7.py,u_mand_factor,2,u_mand_factor,0.7,2,5,5,0.7,0.5,0.7,0.6,1.4,0.3,54.739999,40,11,64.4,78.199999,29.96,1,1,1002,0,heuristic_v5a,solved,1,13.052475,54.261228,0.240549,0.005494,,,0.005494,0.028217,3,0,0
u_mand_factor\set02\u_mand_factor_0.8.py,u_mand_factor,2,u_mand_factor,0.8,2,5,5,0.8,0.5,0.7,0.6,1.6,0.2,57.960001,40,11,73.6,82.800001,34.24,1,1,1002,0,heuristic_v5a,infeasible,0,,,,0.008681,,,0.008681,0.010804,3,0,0
u_mand_factor\set02\u_mand_factor_0.9.py,u_mand_factor,2,u_mand_factor,0.9,2,5,5,0.9,0.5,0.7,0.6,1.8,0.1,61.180003,40,13,82.8,87.400005,38.58,1,1,1002,2,heuristic_v5a,infeasible,0,,,,0.01393,,,0.01393,0.02668,3,0,0
u_mand_factor\set03\u_mand_factor_0.1.py,u_mand_factor,3,u_mand_factor,0.1,2,5,5,0.1,0.5,0.7,0.6,0.2,0.9,35.419999,40,10,9.200001,50.599999,4.286667,1,0,1003,0,heuristic_v5a,solved,1,105.991709,34.516738,3.070734,0.002406,,,0.002406,0.002698,3,0,0
u_mand_factor\set03\u_mand_factor_0.2.py,u_mand_factor,3,u_mand_factor,0.2,2,5,5,0.2,0.5,0.7,0.6,0.4,0.8,38.639999,40,10,18.399999,55.199999,8.573333,1,0,1003,0,heuristic_v5a,solved,1,66.541,32.175336,2.068075,0.002827,,,0.002827,0.002975,3,0,0
u_mand_factor\set03\u_mand_factor_0.3.py,u_mand_factor,3,u_mand_factor,0.3,2,5,5,0.3,0.5,0.7,0.6,0.6,0.7,41.860001,40,10,27.6,59.800001,12.86,1,1,1003,0,heuristic_v5a,solved,1,59.990575,41.653574,1.440226,0.002624,,,0.002624,0.002917,3,0,0
u_mand_factor\set03\u_mand_factor_0.4.py,u_mand_factor,3,u_mand_factor,0.4,2,5,5,0.4,0.5,0.7,0.6,0.8,0.6,45.080001,40,10,36.799999,64.400001,17.146666,1,1,1003,0,heuristic_v5a,solved,1,65.384036,44.840697,1.45814,0.006361,,,0.006361,0.018986,3,0,0
u_mand_factor\set03\u_mand_factor_0.5.py,u_mand_factor,3,u_mand_factor,0.5,2,5,5,0.5,0.5,0.7,0.6,1.0,0.5,48.299999,40,10,46.0,68.999999,21.433333,1,1,1003,0,heuristic_v5a,solved,1,64.263979,48.094001,1.336216,0.003534,,,0.003534,0.003824,3,0,0
u_mand_factor\set03\u_mand_factor_0.6.py,u_mand_factor,3,u_mand_factor,0.6,2,5,5,0.6,0.5,0.7,0.6,1.2,0.4,51.519998,40,10,55.199998,73.599997,25.719999,1,1,1003,0,heuristic_v5a,solved,1,45.73314,51.49551,0.8881,0.006267,,,0.006267,0.006736,3,0,0
u_mand_factor\set03\u_mand_factor_0.7.py,u_mand_factor,3,u_mand_factor,0.7,2,5,5,0.7,0.5,0.7,0.6,1.4,0.3,54.739999,40,10,64.399999,78.199999,30.006666,1,1,1003,0,heuristic_v5a,solved,1,13.981229,54.526478,0.256412,0.006119,,,0.006119,0.012209,3,0,0
u_mand_factor\set03\u_mand_factor_0.8.py,u_mand_factor,3,u_mand_factor,0.8,2,5,5,0.8,0.5,0.7,0.6,1.6,0.2,57.959994,40,10,73.599998,82.799991,34.293332,1,1,1003,0,heuristic_v5a,infeasible,0,,58.46205,,0.004648,,over budget: E=58.4620 > B=57.9600,0.004648,0.005316,3,0,0
u_mand_factor\set03\u_mand_factor_0.9.py,u_mand_factor,3,u_mand_factor,0.9,2,5,5,0.9,0.5,0.7,0.6,1.8,0.1,61.180004,40,10,82.799998,87.400006,38.579999,1,1,1003,0,heuristic_v5a,infeasible,0,,,,0.008738,,,0.008738,0.01584,3,0,0
u_mand_factor\set04\u_mand_factor_0.1.py,u_mand_factor,4,u_mand_factor,0.1,2,5,5,0.1,0.5,0.7,0.6,0.2,0.9,35.420004,40,13,9.200002,50.600006,4.408573,1,0,1004,0,heuristic_v5a,solved,1,102.421137,33.550004,3.052791,0.005611,,,0.005611,0.005728,3,0,0
u_mand_factor\set04\u_mand_factor_0.2.py,u_mand_factor,4,u_mand_factor,0.2,2,5,5,0.2,0.5,0.7,0.6,0.4,0.8,38.639999,40,13,18.399999,55.199999,8.817142,1,0,1004,0,heuristic_v5a,solved,1,97.421344,35.758134,2.724453,0.004945,,,0.004945,0.005585,3,0,0
u_mand_factor\set04\u_mand_factor_0.3.py,u_mand_factor,4,u_mand_factor,0.3,2,5,5,0.3,0.5,0.7,0.6,0.6,0.7,41.860009,40,13,27.600003,59.800013,13.225716,1,1,1004,0,heuristic_v5a,solved,1,83.426381,41.838812,1.993995,0.005889,,,0.005889,0.012184,3,0,0
u_mand_factor\set04\u_mand_factor_0.4.py,u_mand_factor,4,u_mand_factor,0.4,2,5,5,0.4,0.5,0.7,0.6,0.8,0.6,45.079999,40,13,36.800002,64.399999,17.634287,1,1,1004,0,heuristic_v5a,solved,1,68.459905,43.111684,1.587966,0.007083,,,0.007083,0.009077,3,0,0
u_mand_factor\set04\u_mand_factor_0.5.py,u_mand_factor,4,u_mand_factor,0.5,2,5,5,0.5,0.5,0.7,0.6,1.0,0.5,48.3,40,13,46.000002,69.0,22.042858,1,1,1004,0,heuristic_v5a,solved,1,48.593571,48.113555,1.009977,0.007594,,,0.007594,0.008581,3,0,0
u_mand_factor\set04\u_mand_factor_0.6.py,u_mand_factor,4,u_mand_factor,0.6,2,5,5,0.6,0.5,0.7,0.6,1.2,0.4,51.519998,40,13,55.199999,73.599997,26.451428,1,1,1004,0,heuristic_v5a,solved,1,34.673491,51.358774,0.675123,0.006343,,,0.006343,0.020276,3,0,0
u_mand_factor\set04\u_mand_factor_0.7.py,u_mand_factor,4,u_mand_factor,0.7,2,5,5,0.7,0.5,0.7,0.6,1.4,0.3,54.739997,40,13,64.400001,78.199995,30.860001,1,1,1004,0,heuristic_v5a,solved,1,12.040778,54.142526,0.22239,0.005504,,,0.005504,0.008181,3,0,0
u_mand_factor\set04\u_mand_factor_0.8.py,u_mand_factor,4,u_mand_factor,0.8,2,5,5,0.8,0.5,0.7,0.6,1.6,0.2,57.960002,40,13,73.600002,82.800002,35.268573,1,1,1004,0,heuristic_v5a,infeasible,0,,60.274853,,0.009921,,over budget: E=60.2749 > B=57.9600,0.009921,0.010806,3,0,0
u_mand_factor\set04\u_mand_factor_0.9.py,u_mand_factor,4,u_mand_factor,0.9,2,5,5,0.9,0.5,0.7,0.6,1.8,0.1,61.180002,40,13,82.800003,87.400002,39.677145,1,1,1004,0,heuristic_v5a,infeasible,0,,76.678243,,0.010605,,over budget: E=76.6782 > B=61.1800,0.010605,0.022789,3,0,0
u_mand_factor\set00\u_mand_factor_0.1.py,u_mand_factor,0,u_mand_factor,0.1,2,5,5,0.1,0.5,0.7,0.6,0.2,0.9,35.420002,40,13,9.200002,50.600002,4.408573,1,0,1000,0,heuristic_v5b,solved,1,123.877307,35.216053,3.517637,0.005591,,,0.005591,0.005699,3,0,0
u_mand_factor\set00\u_mand_factor_0.2.py,u_mand_factor,0,u_mand_factor,0.2,2,5,5,0.2,0.5,0.7,0.6,0.4,0.8,38.639999,40,13,18.400001,55.199999,8.817143,1,0,1000,0,heuristic_v5b,solved,1,114.775308,38.511248,2.980306,0.005235,,,0.005235,0.005407,3,0,0
u_mand_factor\set00\u_mand_factor_0.3.py,u_mand_factor,0,u_mand_factor,0.3,2,5,5,0.3,0.5,0.7,0.6,0.6,0.7,41.859996,40,13,27.600001,59.799994,13.225715,1,1,1000,0,heuristic_v5b,solved,1,98.676193,41.503186,2.377557,0.0044,,,0.0044,0.005153,3,0,0
u_mand_factor\set00\u_mand_factor_0.4.py,u_mand_factor,0,u_mand_factor,0.4,2,5,5,0.4,0.5,0.7,0.6,0.8,0.6,45.079998,40,13,36.800002,64.399997,17.634287,1,1,1000,0,heuristic_v5b,solved,1,79.823892,44.485061,1.794398,0.005476,,,0.005476,0.006352,3,0,0
u_mand_factor\set00\u_mand_factor_0.5.py,u_mand_factor,0,u_mand_factor,0.5,2,5,5,0.5,0.5,0.7,0.6,1.0,0.5,48.300003,40,13,46.000002,69.000005,22.042858,1,1,1000,0,heuristic_v5b,solved,1,60.294133,47.770172,1.262171,0.004618,,,0.004618,0.005854,3,0,0
u_mand_factor\set00\u_mand_factor_0.6.py,u_mand_factor,0,u_mand_factor,0.6,2,5,5,0.6,0.5,0.7,0.6,1.2,0.4,51.520002,40,13,55.200003,73.600002,26.45143,1,1,1000,0,heuristic_v5b,solved,1,41.427889,51.097819,0.810757,0.00867,,,0.00867,0.010745,3,0,0
u_mand_factor\set00\u_mand_factor_0.7.py,u_mand_factor,0,u_mand_factor,0.7,2,5,5,0.7,0.5,0.7,0.6,1.4,0.3,54.740004,40,13,64.399999,78.200006,30.859999,1,1,1000,0,heuristic_v5b,solved,1,21.647734,54.686618,0.395851,0.00638,,,0.00638,0.015854,3,0,0
u_mand_factor\set00\u_mand_factor_0.8.py,u_mand_factor,0,u_mand_factor,0.8,2,5,5,0.8,0.5,0.7,0.6,1.6,0.2,57.959999,40,13,73.6,82.799999,35.268571,1,1,1000,0,heuristic_v5b,solved,1,1.719853,57.93885,0.029684,0.008095,,,0.008095,0.008589,3,0,0
u_mand_factor\set00\u_mand_factor_0.9.py,u_mand_factor,0,u_mand_factor,0.9,2,5,5,0.9,0.5,0.7,0.6,1.8,0.1,61.180001,40,13,82.8,87.400001,39.677143,1,1,1000,0,heuristic_v5b,infeasible,0,,74.702953,,0.009536,,over budget: E=74.7030 > B=61.1800,0.009536,0.011341,3,0,0
u_mand_factor\set01\u_mand_factor_0.1.py,u_mand_factor,1,u_mand_factor,0.1,2,5,5,0.1,0.5,0.7,0.6,0.2,0.9,35.419998,40,13,9.200001,50.599998,4.286667,1,0,1001,0,heuristic_v5b,solved,1,94.310907,35.33717,2.668887,0.004504,,,0.004504,0.006361,3,0,0
u_mand_factor\set01\u_mand_factor_0.2.py,u_mand_factor,1,u_mand_factor,0.2,2,5,5,0.2,0.5,0.7,0.6,0.4,0.8,38.640004,40,13,18.400001,55.200006,8.573334,1,0,1001,0,heuristic_v5b,solved,1,73.88515,37.654762,1.962173,0.004866,,,0.004866,0.005331,3,0,0
u_mand_factor\set01\u_mand_factor_0.3.py,u_mand_factor,1,u_mand_factor,0.3,2,5,5,0.3,0.5,0.7,0.6,0.6,0.7,41.860003,40,13,27.6,59.800005,12.86,1,1,1001,0,heuristic_v5b,solved,1,52.441086,41.856563,1.252876,0.004817,,,0.004817,0.005002,3,0,0
u_mand_factor\set01\u_mand_factor_0.4.py,u_mand_factor,1,u_mand_factor,0.4,2,5,5,0.4,0.5,0.7,0.6,0.8,0.6,45.079998,40,13,36.800001,64.399998,17.146667,1,1,1001,0,heuristic_v5b,solved,1,47.974943,44.774192,1.071487,0.005307,,,0.005307,0.007097,3,0,0
u_mand_factor\set01\u_mand_factor_0.5.py,u_mand_factor,1,u_mand_factor,0.5,2,5,5,0.5,0.5,0.7,0.6,1.0,0.5,48.300007,40,13,46.000002,69.00001,21.433334,1,1,1001,0,heuristic_v5b,solved,1,39.069917,48.270566,0.809394,0.006755,,,0.006755,0.007138,3,0,0
u_mand_factor\set01\u_mand_factor_0.6.py,u_mand_factor,1,u_mand_factor,0.6,2,5,5,0.6,0.5,0.7,0.6,1.2,0.4,51.519999,40,13,55.200003,73.599999,25.720002,1,1,1001,0,heuristic_v5b,solved,1,23.912902,50.971434,0.469143,0.005813,,,0.005813,0.007116,3,0,0
u_mand_factor\set01\u_mand_factor_0.7.py,u_mand_factor,1,u_mand_factor,0.7,2,5,5,0.7,0.5,0.7,0.6,1.4,0.3,54.740001,40,13,64.399995,78.200001,30.006665,1,1,1001,0,heuristic_v5b,solved,1,4.463216,54.678908,0.081626,0.011523,,,0.011523,0.013438,3,0,0
u_mand_factor\set01\u_mand_factor_0.8.py,u_mand_factor,1,u_mand_factor,0.8,2,5,5,0.8,0.5,0.7,0.6,1.6,0.2,57.960002,40,13,73.600001,82.800003,34.293334,1,1,1001,0,heuristic_v5b,infeasible,0,,64.702339,,0.007046,,over budget: E=64.7023 > B=57.9600,0.007046,0.00711,3,0,0
u_mand_factor\set01\u_mand_factor_0.9.py,u_mand_factor,1,u_mand_factor,0.9,2,5,5,0.9,0.5,0.7,0.6,1.8,0.1,61.179999,40,13,82.800002,87.399999,38.580001,1,1,1001,0,heuristic_v5b,infeasible,0,,76.004568,,0.007814,,over budget: E=76.0046 > B=61.1800,0.007814,0.008757,3,0,0
u_mand_factor\set02\u_mand_factor_0.1.py,u_mand_factor,2,u_mand_factor,0.1,2,5,5,0.1,0.5,0.7,0.6,0.2,0.9,35.420002,40,11,9.200002,50.600003,4.280001,1,0,1002,0,heuristic_v5b,solved,1,140.480047,34.557423,4.065119,0.002175,,,0.002175,0.002938,3,0,0
u_mand_factor\set02\u_mand_factor_0.2.py,u_mand_factor,2,u_mand_factor,0.2,2,5,5,0.2,0.5,0.7,0.6,0.4,0.8,38.639998,40,11,18.4,55.199998,8.56,1,0,1002,0,heuristic_v5b,solved,1,93.375505,38.417822,2.430526,0.002269,,,0.002269,0.002387,3,0,0
u_mand_factor\set02\u_mand_factor_0.3.py,u_mand_factor,2,u_mand_factor,0.3,2,5,5,0.3,0.5,0.7,0.6,0.6,0.7,41.859995,40,11,27.599997,59.799993,12.839998,1,1,1002,0,heuristic_v5b,solved,1,81.953478,40.374977,2.029809,0.002116,,,0.002116,0.002253,3,0,0
u_mand_factor\set02\u_mand_factor_0.4.py,u_mand_factor,2,u_mand_factor,0.4,2,5,5,0.4,0.5,0.7,0.6,0.8,0.6,45.079999,40,11,36.799999,64.399999,17.119999,1,1,1002,0,heuristic_v5b,solved,1,73.212702,44.67385,1.638827,0.003647,,,0.003647,0.004364,3,0,0
u_mand_factor\set02\u_mand_factor_0.5.py,u_mand_factor,2,u_mand_factor,0.5,2,5,5,0.5,0.5,0.7,0.6,1.0,0.5,48.300001,40,11,46.000001,69.000001,21.400001,1,1,1002,0,heuristic_v5b,solved,1,43.807632,47.509133,0.922089,0.002025,,,0.002025,0.002162,3,0,0
u_mand_factor\set02\u_mand_factor_0.6.py,u_mand_factor,2,u_mand_factor,0.6,2,5,5,0.6,0.5,0.7,0.6,1.2,0.4,51.520001,40,11,55.199999,73.600001,25.679999,1,1,1002,0,heuristic_v5b,solved,1,31.802127,50.134067,0.634342,0.002846,,,0.002846,0.003021,3,0,0
u_mand_factor\set02\u_mand_factor_0.7.py,u_mand_factor,2,u_mand_factor,0.7,2,5,5,0.7,0.5,0.7,0.6,1.4,0.3,54.739999,40,11,64.4,78.199999,29.96,1,1,1002,0,heuristic_v5b,solved,1,25.888432,54.566636,0.474437,0.00254,,,0.00254,0.002795,3,0,0
u_mand_factor\set02\u_mand_factor_0.8.py,u_mand_factor,2,u_mand_factor,0.8,2,5,5,0.8,0.5,0.7,0.6,1.6,0.2,57.960001,40,11,73.6,82.800001,34.24,1,1,1002,0,heuristic_v5b,infeasible,0,,,,0.007747,,,0.007747,0.010888,3,0,0
u_mand_factor\set02\u_mand_factor_0.9.py,u_mand_factor,2,u_mand_factor,0.9,2,5,5,0.9,0.5,0.7,0.6,1.8,0.1,61.180003,40,13,82.8,87.400005,38.58,1,1,1002,2,heuristic_v5b,infeasible,0,,,,0.009618,,,0.009618,0.012999,3,0,0
u_mand_factor\set03\u_mand_factor_0.1.py,u_mand_factor,3,u_mand_factor,0.1,2,5,5,0.1,0.5,0.7,0.6,0.2,0.9,35.419999,40,10,9.200001,50.599999,4.286667,1,0,1003,0,heuristic_v5b,solved,1,109.876627,30.988571,3.545715,0.002063,,,0.002063,0.002218,3,0,0
u_mand_factor\set03\u_mand_factor_0.2.py,u_mand_factor,3,u_mand_factor,0.2,2,5,5,0.2,0.5,0.7,0.6,0.4,0.8,38.639999,40,10,18.399999,55.199999,8.573333,1,0,1003,0,heuristic_v5b,solved,1,66.541,32.175336,2.068075,0.003344,,,0.003344,0.003493,3,0,0
u_mand_factor\set03\u_mand_factor_0.3.py,u_mand_factor,3,u_mand_factor,0.3,2,5,5,0.3,0.5,0.7,0.6,0.6,0.7,41.860001,40,10,27.6,59.800001,12.86,1,1,1003,0,heuristic_v5b,solved,1,59.990575,41.653574,1.440226,0.003094,,,0.003094,0.003658,3,0,0
u_mand_factor\set03\u_mand_factor_0.4.py,u_mand_factor,3,u_mand_factor,0.4,2,5,5,0.4,0.5,0.7,0.6,0.8,0.6,45.080001,40,10,36.799999,64.400001,17.146666,1,1,1003,0,heuristic_v5b,solved,1,60.697202,44.966227,1.34984,0.002822,,,0.002822,0.003352,3,0,0
u_mand_factor\set03\u_mand_factor_0.5.py,u_mand_factor,3,u_mand_factor,0.5,2,5,5,0.5,0.5,0.7,0.6,1.0,0.5,48.299999,40,10,46.0,68.999999,21.433333,1,1,1003,0,heuristic_v5b,solved,1,64.263979,48.094001,1.336216,0.002962,,,0.002962,0.003307,3,0,0
u_mand_factor\set03\u_mand_factor_0.6.py,u_mand_factor,3,u_mand_factor,0.6,2,5,5,0.6,0.5,0.7,0.6,1.2,0.4,51.519998,40,10,55.199998,73.599997,25.719999,1,1,1003,0,heuristic_v5b,solved,1,45.73314,51.49551,0.8881,0.007567,,,0.007567,0.016975,3,0,0
u_mand_factor\set03\u_mand_factor_0.7.py,u_mand_factor,3,u_mand_factor,0.7,2,5,5,0.7,0.5,0.7,0.6,1.4,0.3,54.739999,40,10,64.399999,78.199999,30.006666,1,1,1003,0,heuristic_v5b,solved,1,13.981229,54.526478,0.256412,0.003507,,,0.003507,0.025955,3,0,0
u_mand_factor\set03\u_mand_factor_0.8.py,u_mand_factor,3,u_mand_factor,0.8,2,5,5,0.8,0.5,0.7,0.6,1.6,0.2,57.959994,40,10,73.599998,82.799991,34.293332,1,1,1003,0,heuristic_v5b,infeasible,0,,58.46205,,0.003913,,over budget: E=58.4620 > B=57.9600,0.003913,0.006382,3,0,0
u_mand_factor\set03\u_mand_factor_0.9.py,u_mand_factor,3,u_mand_factor,0.9,2,5,5,0.9,0.5,0.7,0.6,1.8,0.1,61.180004,40,10,82.799998,87.400006,38.579999,1,1,1003,0,heuristic_v5b,infeasible,0,,,,0.008475,,,0.008475,0.019137,3,0,0
u_mand_factor\set04\u_mand_factor_0.1.py,u_mand_factor,4,u_mand_factor,0.1,2,5,5,0.1,0.5,0.7,0.6,0.2,0.9,35.420004,40,13,9.200002,50.600006,4.408573,1,0,1004,0,heuristic_v5b,solved,1,102.421137,33.550004,3.052791,0.005661,,,0.005661,0.015539,3,0,0
u_mand_factor\set04\u_mand_factor_0.2.py,u_mand_factor,4,u_mand_factor,0.2,2,5,5,0.2,0.5,0.7,0.6,0.4,0.8,38.639999,40,13,18.399999,55.199999,8.817142,1,0,1004,0,heuristic_v5b,solved,1,96.831311,38.479624,2.516431,0.004802,,,0.004802,0.007222,3,0,0
u_mand_factor\set04\u_mand_factor_0.3.py,u_mand_factor,4,u_mand_factor,0.3,2,5,5,0.3,0.5,0.7,0.6,0.6,0.7,41.860009,40,13,27.600003,59.800013,13.225716,1,1,1004,0,heuristic_v5b,solved,1,83.426381,41.838812,1.993995,0.007225,,,0.007225,0.016434,3,0,0
u_mand_factor\set04\u_mand_factor_0.4.py,u_mand_factor,4,u_mand_factor,0.4,2,5,5,0.4,0.5,0.7,0.6,0.8,0.6,45.079999,40,13,36.800002,64.399999,17.634287,1,1,1004,0,heuristic_v5b,solved,1,68.459905,43.111684,1.587966,0.006258,,,0.006258,0.006377,3,0,0
u_mand_factor\set04\u_mand_factor_0.5.py,u_mand_factor,4,u_mand_factor,0.5,2,5,5,0.5,0.5,0.7,0.6,1.0,0.5,48.3,40,13,46.000002,69.0,22.042858,1,1,1004,0,heuristic_v5b,solved,1,48.593571,48.113555,1.009977,0.009148,,,0.009148,0.012791,3,0,0
u_mand_factor\set04\u_mand_factor_0.6.py,u_mand_factor,4,u_mand_factor,0.6,2,5,5,0.6,0.5,0.7,0.6,1.2,0.4,51.519998,40,13,55.199999,73.599997,26.451428,1,1,1004,0,heuristic_v5b,solved,1,35.266759,51.404738,0.68606,0.006894,,,0.006894,0.021361,3,0,0
u_mand_factor\set04\u_mand_factor_0.7.py,u_mand_factor,4,u_mand_factor,0.7,2,5,5,0.7,0.5,0.7,0.6,1.4,0.3,54.739997,40,13,64.400001,78.199995,30.860001,1,1,1004,0,heuristic_v5b,solved,1,12.040778,54.142526,0.22239,0.006076,,,0.006076,0.007127,3,0,0
u_mand_factor\set04\u_mand_factor_0.8.py,u_mand_factor,4,u_mand_factor,0.8,2,5,5,0.8,0.5,0.7,0.6,1.6,0.2,57.960002,40,13,73.600002,82.800002,35.268573,1,1,1004,0,heuristic_v5b,infeasible,0,,60.274853,,0.010402,,over budget: E=60.2749 > B=57.9600,0.010402,0.021146,3,0,0
u_mand_factor\set04\u_mand_factor_0.9.py,u_mand_factor,4,u_mand_factor,0.9,2,5,5,0.9,0.5,0.7,0.6,1.8,0.1,61.180002,40,13,82.800003,87.400002,39.677145,1,1,1004,0,heuristic_v5b,infeasible,0,,76.678243,,0.011537,,over budget: E=76.6782 > B=61.1800,0.011537,0.033094,3,0,0
u_mand_factor\set00\u_mand_factor_0.1.py,u_mand_factor,0,u_mand_factor,0.1,2,5,5,0.1,0.5,0.7,0.6,0.2,0.9,35.420002,40,13,9.200002,50.600002,4.408573,1,0,1000,0,heuristic_claudeoptimal,solved,1,123.877307,35.216053,3.517637,0.010751,,,0.010751,0.015304,3,0,0
u_mand_factor\set00\u_mand_factor_0.2.py,u_mand_factor,0,u_mand_factor,0.2,2,5,5,0.2,0.5,0.7,0.6,0.4,0.8,38.639999,40,13,18.400001,55.199999,8.817143,1,0,1000,0,heuristic_claudeoptimal,solved,1,114.775308,38.511248,2.980306,0.010009,,,0.010009,0.016173,3,0,0
u_mand_factor\set00\u_mand_factor_0.3.py,u_mand_factor,0,u_mand_factor,0.3,2,5,5,0.3,0.5,0.7,0.6,0.6,0.7,41.859996,40,13,27.600001,59.799994,13.225715,1,1,1000,0,heuristic_claudeoptimal,solved,1,98.676193,41.503186,2.377557,0.01267,,,0.01267,0.014675,3,0,0
u_mand_factor\set00\u_mand_factor_0.4.py,u_mand_factor,0,u_mand_factor,0.4,2,5,5,0.4,0.5,0.7,0.6,0.8,0.6,45.079998,40,13,36.800002,64.399997,17.634287,1,1,1000,0,heuristic_claudeoptimal,solved,1,79.823892,44.485061,1.794398,0.012213,,,0.012213,0.027826,3,0,0
u_mand_factor\set00\u_mand_factor_0.5.py,u_mand_factor,0,u_mand_factor,0.5,2,5,5,0.5,0.5,0.7,0.6,1.0,0.5,48.300003,40,13,46.000002,69.000005,22.042858,1,1,1000,0,heuristic_claudeoptimal,solved,1,61.204256,47.921683,1.277173,0.011789,,,0.011789,0.012718,3,0,0
u_mand_factor\set00\u_mand_factor_0.6.py,u_mand_factor,0,u_mand_factor,0.6,2,5,5,0.6,0.5,0.7,0.6,1.2,0.4,51.520002,40,13,55.200003,73.600002,26.45143,1,1,1000,0,heuristic_claudeoptimal,solved,1,43.093089,51.513899,0.836533,0.036701,,,0.036701,0.040277,3,0,0
u_mand_factor\set00\u_mand_factor_0.7.py,u_mand_factor,0,u_mand_factor,0.7,2,5,5,0.7,0.5,0.7,0.6,1.4,0.3,54.740004,40,13,64.399999,78.200006,30.859999,1,1,1000,0,heuristic_claudeoptimal,solved,1,25.46861,54.265163,0.469336,0.040693,,,0.040693,0.044517,3,0,0
u_mand_factor\set00\u_mand_factor_0.8.py,u_mand_factor,0,u_mand_factor,0.8,2,5,5,0.8,0.5,0.7,0.6,1.6,0.2,57.959999,40,13,73.6,82.799999,35.268571,1,1,1000,0,heuristic_claudeoptimal,solved,1,1.719853,57.93885,0.029684,0.05266,,,0.05266,0.059037,3,0,0
u_mand_factor\set00\u_mand_factor_0.9.py,u_mand_factor,0,u_mand_factor,0.9,2,5,5,0.9,0.5,0.7,0.6,1.8,0.1,61.180001,40,13,82.8,87.400001,39.677143,1,1,1000,0,heuristic_claudeoptimal,infeasible,0,,74.698384,,0.010458,,over budget: E=74.6984 > B=61.1800,0.010458,0.010498,3,0,0
u_mand_factor\set01\u_mand_factor_0.1.py,u_mand_factor,1,u_mand_factor,0.1,2,5,5,0.1,0.5,0.7,0.6,0.2,0.9,35.419998,40,13,9.200001,50.599998,4.286667,1,0,1001,0,heuristic_claudeoptimal,solved,1,95.235298,34.472808,2.762621,0.013154,,,0.013154,0.015581,3,0,0
u_mand_factor\set01\u_mand_factor_0.2.py,u_mand_factor,1,u_mand_factor,0.2,2,5,5,0.2,0.5,0.7,0.6,0.4,0.8,38.640004,40,13,18.400001,55.200006,8.573334,1,0,1001,0,heuristic_claudeoptimal,solved,1,74.281007,38.5674,1.926005,0.016911,,,0.016911,0.018658,3,0,0
u_mand_factor\set01\u_mand_factor_0.3.py,u_mand_factor,1,u_mand_factor,0.3,2,5,5,0.3,0.5,0.7,0.6,0.6,0.7,41.860003,40,13,27.6,59.800005,12.86,1,1,1001,0,heuristic_claudeoptimal,solved,1,55.275194,41.849262,1.320816,0.01325,,,0.01325,0.016151,3,0,0
u_mand_factor\set01\u_mand_factor_0.4.py,u_mand_factor,1,u_mand_factor,0.4,2,5,5,0.4,0.5,0.7,0.6,0.8,0.6,45.079998,40,13,36.800001,64.399998,17.146667,1,1,1001,0,heuristic_claudeoptimal,solved,1,46.374888,45.029542,1.029877,0.032438,,,0.032438,0.041095,3,0,0
u_mand_factor\set01\u_mand_factor_0.5.py,u_mand_factor,1,u_mand_factor,0.5,2,5,5,0.5,0.5,0.7,0.6,1.0,0.5,48.300007,40,13,46.000002,69.00001,21.433334,1,1,1001,0,heuristic_claudeoptimal,solved,1,39.877901,48.170893,0.827842,0.019224,,,0.019224,0.023014,3,0,0
u_mand_factor\set01\u_mand_factor_0.6.py,u_mand_factor,1,u_mand_factor,0.6,2,5,5,0.6,0.5,0.7,0.6,1.2,0.4,51.519999,40,13,55.200003,73.599999,25.720002,1,1,1001,0,heuristic_claudeoptimal,solved,1,26.548617,51.504749,0.51546,0.09053,,,0.09053,0.145754,3,0,0
u_mand_factor\set01\u_mand_factor_0.7.py,u_mand_factor,1,u_mand_factor,0.7,2,5,5,0.7,0.5,0.7,0.6,1.4,0.3,54.740001,40,13,64.399995,78.200001,30.006665,1,1,1001,0,heuristic_claudeoptimal,solved,1,12.480712,54.690547,0.228206,0.035732,,,0.035732,0.041346,3,0,0
u_mand_factor\set01\u_mand_factor_0.8.py,u_mand_factor,1,u_mand_factor,0.8,2,5,5,0.8,0.5,0.7,0.6,1.6,0.2,57.960002,40,13,73.600001,82.800003,34.293334,1,1,1001,0,heuristic_claudeoptimal,infeasible,0,,62.934894,,0.009151,,over budget: E=62.9349 > B=57.9600,0.009151,0.010697,3,0,0
u_mand_factor\set01\u_mand_factor_0.9.py,u_mand_factor,1,u_mand_factor,0.9,2,5,5,0.9,0.5,0.7,0.6,1.8,0.1,61.179999,40,13,82.800002,87.399999,38.580001,1,1,1001,0,heuristic_claudeoptimal,infeasible,0,,75.987921,,0.006601,,over budget: E=75.9879 > B=61.1800,0.006601,0.014213,3,0,0
u_mand_factor\set02\u_mand_factor_0.1.py,u_mand_factor,2,u_mand_factor,0.1,2,5,5,0.1,0.5,0.7,0.6,0.2,0.9,35.420002,40,11,9.200002,50.600003,4.280001,1,0,1002,0,heuristic_claudeoptimal,solved,1,140.480047,34.557423,4.065119,0.004928,,,0.004928,0.00506,3,0,0
u_mand_factor\set02\u_mand_factor_0.2.py,u_mand_factor,2,u_mand_factor,0.2,2,5,5,0.2,0.5,0.7,0.6,0.4,0.8,38.639998,40,11,18.4,55.199998,8.56,1,0,1002,0,heuristic_claudeoptimal,solved,1,96.062126,38.570819,2.490539,0.008387,,,0.008387,0.012054,3,0,0
u_mand_factor\set02\u_mand_factor_0.3.py,u_mand_factor,2,u_mand_factor,0.3,2,5,5,0.3,0.5,0.7,0.6,0.6,0.7,41.859995,40,11,27.599997,59.799993,12.839998,1,1,1002,0,heuristic_claudeoptimal,solved,1,86.85486,38.198037,2.273804,0.00511,,,0.00511,0.005315,3,0,0
u_mand_factor\set02\u_mand_factor_0.4.py,u_mand_factor,2,u_mand_factor,0.4,2,5,5,0.4,0.5,0.7,0.6,0.8,0.6,45.079999,40,11,36.799999,64.399999,17.119999,1,1,1002,0,heuristic_claudeoptimal,solved,1,71.896484,44.849674,1.603055,0.009133,,,0.009133,0.027206,3,0,0
u_mand_factor\set02\u_mand_factor_0.5.py,u_mand_factor,2,u_mand_factor,0.5,2,5,5,0.5,0.5,0.7,0.6,1.0,0.5,48.300001,40,11,46.000001,69.000001,21.400001,1,1,1002,0,heuristic_claudeoptimal,solved,1,65.644495,48.017426,1.367097,0.006735,,,0.006735,0.008683,3,0,0
u_mand_factor\set02\u_mand_factor_0.6.py,u_mand_factor,2,u_mand_factor,0.6,2,5,5,0.6,0.5,0.7,0.6,1.2,0.4,51.520001,40,11,55.199999,73.600001,25.679999,1,1,1002,0,heuristic_claudeoptimal,solved,1,47.874578,51.156274,0.93585,0.012987,,,0.012987,0.028922,3,0,0
u_mand_factor\set02\u_mand_factor_0.7.py,u_mand_factor,2,u_mand_factor,0.7,2,5,5,0.7,0.5,0.7,0.6,1.4,0.3,54.739999,40,11,64.4,78.199999,29.96,1,1,1002,0,heuristic_claudeoptimal,solved,1,19.369237,54.651659,0.354413,0.020779,,,0.020779,0.040273,3,0,0
u_mand_factor\set02\u_mand_factor_0.8.py,u_mand_factor,2,u_mand_factor,0.8,2,5,5,0.8,0.5,0.7,0.6,1.6,0.2,57.960001,40,11,73.6,82.800001,34.24,1,1,1002,0,heuristic_claudeoptimal,infeasible,0,,,,0.010516,,,0.010516,0.011253,3,0,0
u_mand_factor\set02\u_mand_factor_0.9.py,u_mand_factor,2,u_mand_factor,0.9,2,5,5,0.9,0.5,0.7,0.6,1.8,0.1,61.180003,40,13,82.8,87.400005,38.58,1,1,1002,2,heuristic_claudeoptimal,infeasible,0,,,,0.011811,,,0.011811,0.037717,3,0,0
u_mand_factor\set03\u_mand_factor_0.1.py,u_mand_factor,3,u_mand_factor,0.1,2,5,5,0.1,0.5,0.7,0.6,0.2,0.9,35.419999,40,10,9.200001,50.599999,4.286667,1,0,1003,0,heuristic_claudeoptimal,solved,1,109.876627,30.988571,3.545715,0.004506,,,0.004506,0.006394,3,0,0
u_mand_factor\set03\u_mand_factor_0.2.py,u_mand_factor,3,u_mand_factor,0.2,2,5,5,0.2,0.5,0.7,0.6,0.4,0.8,38.639999,40,10,18.399999,55.199999,8.573333,1,0,1003,0,heuristic_claudeoptimal,solved,1,66.541,32.175336,2.068075,0.008801,,,0.008801,0.021534,3,0,0
u_mand_factor\set03\u_mand_factor_0.3.py,u_mand_factor,3,u_mand_factor,0.3,2,5,5,0.3,0.5,0.7,0.6,0.6,0.7,41.860001,40,10,27.6,59.800001,12.86,1,1,1003,0,heuristic_claudeoptimal,solved,1,59.990575,41.653574,1.440226,0.014718,,,0.014718,0.030287,3,0,0
u_mand_factor\set03\u_mand_factor_0.4.py,u_mand_factor,3,u_mand_factor,0.4,2,5,5,0.4,0.5,0.7,0.6,0.8,0.6,45.080001,40,10,36.799999,64.400001,17.146666,1,1,1003,0,heuristic_claudeoptimal,solved,1,62.699738,39.378452,1.592235,0.006913,,,0.006913,0.008226,3,0,0
u_mand_factor\set03\u_mand_factor_0.5.py,u_mand_factor,3,u_mand_factor,0.5,2,5,5,0.5,0.5,0.7,0.6,1.0,0.5,48.299999,40,10,46.0,68.999999,21.433333,1,1,1003,0,heuristic_claudeoptimal,solved,1,64.875848,48.285199,1.343597,0.017399,,,0.017399,0.025849,3,0,0
u_mand_factor\set03\u_mand_factor_0.6.py,u_mand_factor,3,u_mand_factor,0.6,2,5,5,0.6,0.5,0.7,0.6,1.2,0.4,51.519998,40,10,55.199998,73.599997,25.719999,1,1,1003,0,heuristic_claudeoptimal,solved,1,28.672119,51.44528,0.557332,0.014931,,,0.014931,0.030517,3,0,0
u_mand_factor\set03\u_mand_factor_0.7.py,u_mand_factor,3,u_mand_factor,0.7,2,5,5,0.7,0.5,0.7,0.6,1.4,0.3,54.739999,40,10,64.399999,78.199999,30.006666,1,1,1003,0,heuristic_claudeoptimal,solved,1,13.974658,54.720334,0.255383,0.013743,,,0.013743,0.028473,3,0,0
u_mand_factor\set03\u_mand_factor_0.8.py,u_mand_factor,3,u_mand_factor,0.8,2,5,5,0.8,0.5,0.7,0.6,1.6,0.2,57.959994,40,10,73.599998,82.799991,34.293332,1,1,1003,0,heuristic_claudeoptimal,infeasible,0,,58.46205,,0.003714,,over budget: E=58.4620 > B=57.9600,0.003714,0.004382,3,0,0
u_mand_factor\set03\u_mand_factor_0.9.py,u_mand_factor,3,u_mand_factor,0.9,2,5,5,0.9,0.5,0.7,0.6,1.8,0.1,61.180004,40,10,82.799998,87.400006,38.579999,1,1,1003,0,heuristic_claudeoptimal,infeasible,0,,,,0.008699,,,0.008699,0.01006,3,0,0
u_mand_factor\set04\u_mand_factor_0.1.py,u_mand_factor,4,u_mand_factor,0.1,2,5,5,0.1,0.5,0.7,0.6,0.2,0.9,35.420004,40,13,9.200002,50.600006,4.408573,1,0,1004,0,heuristic_claudeoptimal,solved,1,102.421137,33.550004,3.052791,0.010311,,,0.010311,0.011362,3,0,0
u_mand_factor\set04\u_mand_factor_0.2.py,u_mand_factor,4,u_mand_factor,0.2,2,5,5,0.2,0.5,0.7,0.6,0.4,0.8,38.639999,40,13,18.399999,55.199999,8.817142,1,0,1004,0,heuristic_claudeoptimal,solved,1,101.898633,35.960667,2.833614,0.00869,,,0.00869,0.034446,3,0,0
u_mand_factor\set04\u_mand_factor_0.3.py,u_mand_factor,4,u_mand_factor,0.3,2,5,5,0.3,0.5,0.7,0.6,0.6,0.7,41.860009,40,13,27.600003,59.800013,13.225716,1,1,1004,0,heuristic_claudeoptimal,solved,1,87.519658,39.650008,2.207305,0.00895,,,0.00895,0.009951,3,0,0
u_mand_factor\set04\u_mand_factor_0.4.py,u_mand_factor,4,u_mand_factor,0.4,2,5,5,0.4,0.5,0.7,0.6,0.8,0.6,45.079999,40,13,36.800002,64.399999,17.634287,1,1,1004,0,heuristic_claudeoptimal,solved,1,68.459905,42.699999,1.603276,0.00844,,,0.00844,0.008988,3,0,0
u_mand_factor\set04\u_mand_factor_0.5.py,u_mand_factor,4,u_mand_factor,0.5,2,5,5,0.5,0.5,0.7,0.6,1.0,0.5,48.3,40,13,46.000002,69.0,22.042858,1,1,1004,0,heuristic_claudeoptimal,solved,1,52.901529,48.235321,1.096738,0.023927,,,0.023927,0.041403,3,0,0
u_mand_factor\set04\u_mand_factor_0.6.py,u_mand_factor,4,u_mand_factor,0.6,2,5,5,0.6,0.5,0.7,0.6,1.2,0.4,51.519998,40,13,55.199999,73.599997,26.451428,1,1,1004,0,heuristic_claudeoptimal,solved,1,35.266759,51.404738,0.68606,0.013561,,,0.013561,0.014071,3,0,0
u_mand_factor\set04\u_mand_factor_0.7.py,u_mand_factor,4,u_mand_factor,0.7,2,5,5,0.7,0.5,0.7,0.6,1.4,0.3,54.739997,40,13,64.400001,78.199995,30.860001,1,1,1004,0,heuristic_claudeoptimal,solved,1,14.72428,54.604794,0.269652,0.01666,,,0.01666,0.040904,3,0,0
u_mand_factor\set04\u_mand_factor_0.8.py,u_mand_factor,4,u_mand_factor,0.8,2,5,5,0.8,0.5,0.7,0.6,1.6,0.2,57.960002,40,13,73.600002,82.800002,35.268573,1,1,1004,0,heuristic_claudeoptimal,infeasible,0,,60.290542,,0.008237,,over budget: E=60.2905 > B=57.9600,0.008237,0.02042,3,0,0
u_mand_factor\set04\u_mand_factor_0.9.py,u_mand_factor,4,u_mand_factor,0.9,2,5,5,0.9,0.5,0.7,0.6,1.8,0.1,61.180002,40,13,82.800003,87.400002,39.677145,1,1,1004,0,heuristic_claudeoptimal,infeasible,0,,74.918202,,0.010163,,over budget: E=74.9182 > B=61.1800,0.010163,0.010764,3,0,0
u_mand_factor\set00\u_mand_factor_0.1.py,u_mand_factor,0,u_mand_factor,0.1,2,5,5,0.1,0.5,0.7,0.6,0.2,0.9,35.420002,40,13,9.200002,50.600002,4.408573,1,0,1000,0,heuristic_v6,solved,1,123.877307,35.216053,3.517637,0.040686,,,0.040686,0.058457,3,0,0
u_mand_factor\set00\u_mand_factor_0.2.py,u_mand_factor,0,u_mand_factor,0.2,2,5,5,0.2,0.5,0.7,0.6,0.4,0.8,38.639999,40,13,18.400001,55.199999,8.817143,1,0,1000,0,heuristic_v6,solved,1,114.775308,38.511248,2.980306,0.047959,,,0.047959,0.056087,3,0,0
u_mand_factor\set00\u_mand_factor_0.3.py,u_mand_factor,0,u_mand_factor,0.3,2,5,5,0.3,0.5,0.7,0.6,0.6,0.7,41.859996,40,13,27.600001,59.799994,13.225715,1,1,1000,0,heuristic_v6,solved,1,98.676193,41.503186,2.377557,0.063583,,,0.063583,0.070468,3,0,0
u_mand_factor\set00\u_mand_factor_0.4.py,u_mand_factor,0,u_mand_factor,0.4,2,5,5,0.4,0.5,0.7,0.6,0.8,0.6,45.079998,40,13,36.800002,64.399997,17.634287,1,1,1000,0,heuristic_v6,solved,1,82.72616,44.301175,1.867358,0.108525,,,0.108525,0.141153,3,0,0
u_mand_factor\set00\u_mand_factor_0.5.py,u_mand_factor,0,u_mand_factor,0.5,2,5,5,0.5,0.5,0.7,0.6,1.0,0.5,48.300003,40,13,46.000002,69.000005,22.042858,1,1,1000,0,heuristic_v6,solved,1,67.365432,47.602778,1.415158,0.146461,,,0.146461,0.178102,3,0,0
u_mand_factor\set00\u_mand_factor_0.6.py,u_mand_factor,0,u_mand_factor,0.6,2,5,5,0.6,0.5,0.7,0.6,1.2,0.4,51.520002,40,13,55.200003,73.600002,26.45143,1,1,1000,0,heuristic_v6,solved,1,48.255904,51.457571,0.93778,0.193567,,,0.193567,0.205234,3,0,0
u_mand_factor\set00\u_mand_factor_0.7.py,u_mand_factor,0,u_mand_factor,0.7,2,5,5,0.7,0.5,0.7,0.6,1.4,0.3,54.740004,40,13,64.399999,78.200006,30.859999,1,1,1000,0,heuristic_v6,solved,1,29.330931,54.701554,0.536199,0.174794,,,0.174794,0.23281,3,0,0
u_mand_factor\set00\u_mand_factor_0.8.py,u_mand_factor,0,u_mand_factor,0.8,2,5,5,0.8,0.5,0.7,0.6,1.6,0.2,57.959999,40,13,73.6,82.799999,35.268571,1,1,1000,0,heuristic_v6,solved,1,7.503149,57.952885,0.12947,0.152014,,,0.152014,0.200508,3,0,0
u_mand_factor\set00\u_mand_factor_0.9.py,u_mand_factor,0,u_mand_factor,0.9,2,5,5,0.9,0.5,0.7,0.6,1.8,0.1,61.180001,40,13,82.8,87.400001,39.677143,1,1,1000,0,heuristic_v6,infeasible,0,,74.698384,,0.033081,,over budget: E=74.6984 > B=61.1800,0.033081,0.037239,3,0,0
u_mand_factor\set01\u_mand_factor_0.1.py,u_mand_factor,1,u_mand_factor,0.1,2,5,5,0.1,0.5,0.7,0.6,0.2,0.9,35.419998,40,13,9.200001,50.599998,4.286667,1,0,1001,0,heuristic_v6,solved,1,95.235298,33.554889,2.838194,0.064879,,,0.064879,0.083657,3,0,0
u_mand_factor\set01\u_mand_factor_0.2.py,u_mand_factor,1,u_mand_factor,0.2,2,5,5,0.2,0.5,0.7,0.6,0.4,0.8,38.640004,40,13,18.400001,55.200006,8.573334,1,0,1001,0,heuristic_v6,solved,1,75.750399,37.494007,2.020334,0.10805,,,0.10805,0.13477,3,0,0
u_mand_factor\set01\u_mand_factor_0.3.py,u_mand_factor,1,u_mand_factor,0.3,2,5,5,0.3,0.5,0.7,0.6,0.6,0.7,41.860003,40,13,27.6,59.800005,12.86,1,1,1001,0,heuristic_v6,solved,1,52.441086,41.856563,1.252876,0.053524,,,0.053524,0.060248,3,0,0
u_mand_factor\set01\u_mand_factor_0.4.py,u_mand_factor,1,u_mand_factor,0.4,2,5,5,0.4,0.5,0.7,0.6,0.8,0.6,45.079998,40,13,36.800001,64.399998,17.146667,1,1,1001,0,heuristic_v6,solved,1,48.006256,44.779082,1.072069,0.135833,,,0.135833,0.164626,3,0,0
u_mand_factor\set01\u_mand_factor_0.5.py,u_mand_factor,1,u_mand_factor,0.5,2,5,5,0.5,0.5,0.7,0.6,1.0,0.5,48.300007,40,13,46.000002,69.00001,21.433334,1,1,1001,0,heuristic_v6,solved,1,44.924209,48.237359,0.931316,0.143337,,,0.143337,0.181742,3,0,0
u_mand_factor\set01\u_mand_factor_0.6.py,u_mand_factor,1,u_mand_factor,0.6,2,5,5,0.6,0.5,0.7,0.6,1.2,0.4,51.519999,40,13,55.200003,73.599999,25.720002,1,1,1001,0,heuristic_v6,solved,1,29.455111,51.420095,0.572833,0.248963,,,0.248963,0.345303,3,0,0
u_mand_factor\set01\u_mand_factor_0.7.py,u_mand_factor,1,u_mand_factor,0.7,2,5,5,0.7,0.5,0.7,0.6,1.4,0.3,54.740001,40,13,64.399995,78.200001,30.006665,1,1,1001,0,heuristic_v6,solved,1,13.208677,54.685163,0.24154,0.149687,,,0.149687,0.221507,3,0,0
u_mand_factor\set01\u_mand_factor_0.8.py,u_mand_factor,1,u_mand_factor,0.8,2,5,5,0.8,0.5,0.7,0.6,1.6,0.2,57.960002,40,13,73.600001,82.800003,34.293334,1,1,1001,0,heuristic_v6,infeasible,0,,62.934894,,0.023585,,over budget: E=62.9349 > B=57.9600,0.023585,0.024857,3,0,0
u_mand_factor\set01\u_mand_factor_0.9.py,u_mand_factor,1,u_mand_factor,0.9,2,5,5,0.9,0.5,0.7,0.6,1.8,0.1,61.179999,40,13,82.800002,87.399999,38.580001,1,1,1001,0,heuristic_v6,infeasible,0,,75.987921,,0.016308,,over budget: E=75.9879 > B=61.1800,0.016308,0.022087,3,0,0
u_mand_factor\set02\u_mand_factor_0.1.py,u_mand_factor,2,u_mand_factor,0.1,2,5,5,0.1,0.5,0.7,0.6,0.2,0.9,35.420002,40,11,9.200002,50.600003,4.280001,1,0,1002,0,heuristic_v6,solved,1,140.480047,34.557423,4.065119,0.01748,,,0.01748,0.021259,3,0,0
u_mand_factor\set02\u_mand_factor_0.2.py,u_mand_factor,2,u_mand_factor,0.2,2,5,5,0.2,0.5,0.7,0.6,0.4,0.8,38.639998,40,11,18.4,55.199998,8.56,1,0,1002,0,heuristic_v6,solved,1,96.062126,33.51959,2.86585,0.021937,,,0.021937,0.043706,3,0,0
u_mand_factor\set02\u_mand_factor_0.3.py,u_mand_factor,2,u_mand_factor,0.3,2,5,5,0.3,0.5,0.7,0.6,0.6,0.7,41.859995,40,11,27.599997,59.799993,12.839998,1,1,1002,0,heuristic_v6,solved,1,86.85486,38.198037,2.273804,0.029537,,,0.029537,0.038062,3,0,0
u_mand_factor\set02\u_mand_factor_0.4.py,u_mand_factor,2,u_mand_factor,0.4,2,5,5,0.4,0.5,0.7,0.6,0.8,0.6,45.079999,40,11,36.799999,64.399999,17.119999,1,1,1002,0,heuristic_v6,solved,1,79.977973,45.013177,1.776768,0.06797,,,0.06797,0.075433,3,0,0
u_mand_factor\set02\u_mand_factor_0.5.py,u_mand_factor,2,u_mand_factor,0.5,2,5,5,0.5,0.5,0.7,0.6,1.0,0.5,48.300001,40,11,46.000001,69.000001,21.400001,1,1,1002,0,heuristic_v6,solved,1,68.404718,46.110381,1.483499,0.078847,,,0.078847,0.082356,3,0,0
u_mand_factor\set02\u_mand_factor_0.6.py,u_mand_factor,2,u_mand_factor,0.6,2,5,5,0.6,0.5,0.7,0.6,1.2,0.4,51.520001,40,11,55.199999,73.600001,25.679999,1,1,1002,0,heuristic_v6,solved,1,47.114229,51.306593,0.918288,0.06166,,,0.06166,0.087396,3,0,0
u_mand_factor\set02\u_mand_factor_0.7.py,u_mand_factor,2,u_mand_factor,0.7,2,5,5,0.7,0.5,0.7,0.6,1.4,0.3,54.739999,40,11,64.4,78.199999,29.96,1,1,1002,0,heuristic_v6,solved,1,31.148733,54.734611,0.569087,0.071876,,,0.071876,0.095923,3,0,0
u_mand_factor\set02\u_mand_factor_0.8.py,u_mand_factor,2,u_mand_factor,0.8,2,5,5,0.8,0.5,0.7,0.6,1.6,0.2,57.960001,40,11,73.6,82.800001,34.24,1,1,1002,0,heuristic_v6,infeasible,0,,,,0.005478,,,0.005478,0.005803,3,0,0
u_mand_factor\set02\u_mand_factor_0.9.py,u_mand_factor,2,u_mand_factor,0.9,2,5,5,0.9,0.5,0.7,0.6,1.8,0.1,61.180003,40,13,82.8,87.400005,38.58,1,1,1002,2,heuristic_v6,infeasible,0,,,,0.007044,,,0.007044,0.007326,3,0,0
u_mand_factor\set03\u_mand_factor_0.1.py,u_mand_factor,3,u_mand_factor,0.1,2,5,5,0.1,0.5,0.7,0.6,0.2,0.9,35.419999,40,10,9.200001,50.599999,4.286667,1,0,1003,0,heuristic_v6,solved,1,109.876627,30.988571,3.545715,0.018322,,,0.018322,0.020002,3,0,0
u_mand_factor\set03\u_mand_factor_0.2.py,u_mand_factor,3,u_mand_factor,0.2,2,5,5,0.2,0.5,0.7,0.6,0.4,0.8,38.639999,40,10,18.399999,55.199999,8.573333,1,0,1003,0,heuristic_v6,solved,1,74.251285,33.805714,2.196412,0.047005,,,0.047005,0.054104,3,0,0
u_mand_factor\set03\u_mand_factor_0.3.py,u_mand_factor,3,u_mand_factor,0.3,2,5,5,0.3,0.5,0.7,0.6,0.6,0.7,41.860001,40,10,27.6,59.800001,12.86,1,1,1003,0,heuristic_v6,solved,1,65.416311,34.334212,1.905281,0.03936,,,0.03936,0.055106,3,0,0
u_mand_factor\set03\u_mand_factor_0.4.py,u_mand_factor,3,u_mand_factor,0.4,2,5,5,0.4,0.5,0.7,0.6,0.8,0.6,45.080001,40,10,36.799999,64.400001,17.146666,1,1,1003,0,heuristic_v6,solved,1,65.752299,44.956607,1.462573,0.02931,,,0.02931,0.036703,3,0,0
u_mand_factor\set03\u_mand_factor_0.5.py,u_mand_factor,3,u_mand_factor,0.5,2,5,5,0.5,0.5,0.7,0.6,1.0,0.5,48.299999,40,10,46.0,68.999999,21.433333,1,1,1003,0,heuristic_v6,solved,1,65.507858,47.90385,1.367486,0.068211,,,0.068211,0.075986,3,0,0
u_mand_factor\set03\u_mand_factor_0.6.py,u_mand_factor,3,u_mand_factor,0.6,2,5,5,0.6,0.5,0.7,0.6,1.2,0.4,51.519998,40,10,55.199998,73.599997,25.719999,1,1,1003,0,heuristic_v6,solved,1,45.73314,51.49551,0.8881,0.071015,,,0.071015,0.098647,3,0,0
u_mand_factor\set03\u_mand_factor_0.7.py,u_mand_factor,3,u_mand_factor,0.7,2,5,5,0.7,0.5,0.7,0.6,1.4,0.3,54.739999,40,10,64.399999,78.199999,30.006666,1,1,1003,0,heuristic_v6,solved,1,24.349431,54.732581,0.44488,0.076837,,,0.076837,0.088611,3,0,0
u_mand_factor\set03\u_mand_factor_0.8.py,u_mand_factor,3,u_mand_factor,0.8,2,5,5,0.8,0.5,0.7,0.6,1.6,0.2,57.959994,40,10,73.599998,82.799991,34.293332,1,1,1003,0,heuristic_v6,infeasible,0,,58.46205,,0.011796,,over budget: E=58.4620 > B=57.9600,0.011796,0.013422,3,0,0
u_mand_factor\set03\u_mand_factor_0.9.py,u_mand_factor,3,u_mand_factor,0.9,2,5,5,0.9,0.5,0.7,0.6,1.8,0.1,61.180004,40,10,82.799998,87.400006,38.579999,1,1,1003,0,heuristic_v6,infeasible,0,,,,0.008295,,,0.008295,0.008763,3,0,0
u_mand_factor\set04\u_mand_factor_0.1.py,u_mand_factor,4,u_mand_factor,0.1,2,5,5,0.1,0.5,0.7,0.6,0.2,0.9,35.420004,40,13,9.200002,50.600006,4.408573,1,0,1004,0,heuristic_v6,solved,1,102.421137,33.550004,3.052791,0.056287,,,0.056287,0.064529,3,0,0
u_mand_factor\set04\u_mand_factor_0.2.py,u_mand_factor,4,u_mand_factor,0.2,2,5,5,0.2,0.5,0.7,0.6,0.4,0.8,38.639999,40,13,18.399999,55.199999,8.817142,1,0,1004,0,heuristic_v6,solved,1,101.898633,35.960667,2.833614,0.065816,,,0.065816,0.094612,3,0,0
u_mand_factor\set04\u_mand_factor_0.3.py,u_mand_factor,4,u_mand_factor,0.3,2,5,5,0.3,0.5,0.7,0.6,0.6,0.7,41.860009,40,13,27.600003,59.800013,13.225716,1,1,1004,0,heuristic_v6,solved,1,87.519658,39.650008,2.207305,0.07138,,,0.07138,0.131185,3,0,0
u_mand_factor\set04\u_mand_factor_0.4.py,u_mand_factor,4,u_mand_factor,0.4,2,5,5,0.4,0.5,0.7,0.6,0.8,0.6,45.079999,40,13,36.800002,64.399999,17.634287,1,1,1004,0,heuristic_v6,solved,1,68.459905,43.111684,1.587966,0.049457,,,0.049457,0.05242,3,0,0
u_mand_factor\set04\u_mand_factor_0.5.py,u_mand_factor,4,u_mand_factor,0.5,2,5,5,0.5,0.5,0.7,0.6,1.0,0.5,48.3,40,13,46.000002,69.0,22.042858,1,1,1004,0,heuristic_v6,solved,1,55.042981,48.021177,1.146223,0.116996,,,0.116996,0.146362,3,0,0
u_mand_factor\set04\u_mand_factor_0.6.py,u_mand_factor,4,u_mand_factor,0.6,2,5,5,0.6,0.5,0.7,0.6,1.2,0.4,51.519998,40,13,55.199999,73.599997,26.451428,1,1,1004,0,heuristic_v6,solved,1,42.665171,51.4211,0.829721,0.147999,,,0.147999,0.16133,3,0,0
u_mand_factor\set04\u_mand_factor_0.7.py,u_mand_factor,4,u_mand_factor,0.7,2,5,5,0.7,0.5,0.7,0.6,1.4,0.3,54.739997,40,13,64.400001,78.199995,30.860001,1,1,1004,0,heuristic_v6,solved,1,23.122661,54.713643,0.422612,0.109788,,,0.109788,0.146233,3,0,0
u_mand_factor\set04\u_mand_factor_0.8.py,u_mand_factor,4,u_mand_factor,0.8,2,5,5,0.8,0.5,0.7,0.6,1.6,0.2,57.960002,40,13,73.600002,82.800002,35.268573,1,1,1004,0,heuristic_v6,infeasible,0,,60.290542,,0.032321,,over budget: E=60.2905 > B=57.9600,0.032321,0.03861,3,0,0
u_mand_factor\set04\u_mand_factor_0.9.py,u_mand_factor,4,u_mand_factor,0.9,2,5,5,0.9,0.5,0.7,0.6,1.8,0.1,61.180002,40,13,82.800003,87.400002,39.677145,1,1,1004,0,heuristic_v6,infeasible,0,,74.918202,,0.018149,,over budget: E=74.9182 > B=61.1800,0.018149,0.029416,3,0,0
u_mand_factor\set00\u_mand_factor_0.1.py,u_mand_factor,0,u_mand_factor,0.1,2,5,5,0.1,0.5,0.7,0.6,0.2,0.9,35.420002,40,13,9.200002,50.600002,4.408573,1,0,1000,0,heuristic_v7,solved,1,123.877307,35.216053,3.517637,0.027361,,,0.027361,0.03278,3,0,0
u_mand_factor\set00\u_mand_factor_0.2.py,u_mand_factor,0,u_mand_factor,0.2,2,5,5,0.2,0.5,0.7,0.6,0.4,0.8,38.639999,40,13,18.400001,55.199999,8.817143,1,0,1000,0,heuristic_v7,solved,1,114.775308,38.511248,2.980306,0.024198,,,0.024198,0.029247,3,0,0
u_mand_factor\set00\u_mand_factor_0.3.py,u_mand_factor,0,u_mand_factor,0.3,2,5,5,0.3,0.5,0.7,0.6,0.6,0.7,41.859996,40,13,27.600001,59.799994,13.225715,1,1,1000,0,heuristic_v7,solved,1,98.676193,41.503186,2.377557,0.036466,,,0.036466,0.042004,3,0,0
u_mand_factor\set00\u_mand_factor_0.4.py,u_mand_factor,0,u_mand_factor,0.4,2,5,5,0.4,0.5,0.7,0.6,0.8,0.6,45.079998,40,13,36.800002,64.399997,17.634287,1,1,1000,0,heuristic_v7,solved,1,82.72616,43.473902,1.902892,0.059068,,,0.059068,0.069357,3,0,0
u_mand_factor\set00\u_mand_factor_0.5.py,u_mand_factor,0,u_mand_factor,0.5,2,5,5,0.5,0.5,0.7,0.6,1.0,0.5,48.300003,40,13,46.000002,69.000005,22.042858,1,1,1000,0,heuristic_v7,solved,1,62.96496,48.296842,1.303708,0.051653,,,0.051653,0.053604,3,0,0
u_mand_factor\set00\u_mand_factor_0.6.py,u_mand_factor,0,u_mand_factor,0.6,2,5,5,0.6,0.5,0.7,0.6,1.2,0.4,51.520002,40,13,55.200003,73.600002,26.45143,1,1,1000,0,heuristic_v7,solved,1,46.555263,51.05176,0.911923,0.06658,,,0.06658,0.102133,3,0,0
u_mand_factor\set00\u_mand_factor_0.7.py,u_mand_factor,0,u_mand_factor,0.7,2,5,5,0.7,0.5,0.7,0.6,1.4,0.3,54.740004,40,13,64.399999,78.200006,30.859999,1,1,1000,0,heuristic_v7,solved,1,27.321735,54.736024,0.499155,0.108416,,,0.108416,0.132528,3,0,0
u_mand_factor\set00\u_mand_factor_0.8.py,u_mand_factor,0,u_mand_factor,0.8,2,5,5,0.8,0.5,0.7,0.6,1.6,0.2,57.959999,40,13,73.6,82.799999,35.268571,1,1,1000,0,heuristic_v7,solved,1,7.393819,57.792914,0.127936,0.106961,,,0.106961,0.119405,3,0,0
u_mand_factor\set00\u_mand_factor_0.9.py,u_mand_factor,0,u_mand_factor,0.9,2,5,5,0.9,0.5,0.7,0.6,1.8,0.1,61.180001,40,13,82.8,87.400001,39.677143,1,1,1000,0,heuristic_v7,infeasible,0,,74.698384,,0.047753,,over budget: E=74.6984 > B=61.1800,0.047753,0.057612,3,0,0
u_mand_factor\set01\u_mand_factor_0.1.py,u_mand_factor,1,u_mand_factor,0.1,2,5,5,0.1,0.5,0.7,0.6,0.2,0.9,35.419998,40,13,9.200001,50.599998,4.286667,1,0,1001,0,heuristic_v7,solved,1,95.235298,33.554889,2.838194,0.068035,,,0.068035,0.099486,3,0,0
u_mand_factor\set01\u_mand_factor_0.2.py,u_mand_factor,1,u_mand_factor,0.2,2,5,5,0.2,0.5,0.7,0.6,0.4,0.8,38.640004,40,13,18.400001,55.200006,8.573334,1,0,1001,0,heuristic_v7,solved,1,73.88515,37.654762,1.962173,0.055846,,,0.055846,0.066259,3,0,0
u_mand_factor\set01\u_mand_factor_0.3.py,u_mand_factor,1,u_mand_factor,0.3,2,5,5,0.3,0.5,0.7,0.6,0.6,0.7,41.860003,40,13,27.6,59.800005,12.86,1,1,1001,0,heuristic_v7,solved,1,52.441086,41.856563,1.252876,0.06062,,,0.06062,0.085154,3,0,0
u_mand_factor\set01\u_mand_factor_0.4.py,u_mand_factor,1,u_mand_factor,0.4,2,5,5,0.4,0.5,0.7,0.6,0.8,0.6,45.079998,40,13,36.800001,64.399998,17.146667,1,1,1001,0,heuristic_v7,solved,1,47.974943,44.774192,1.071487,0.078481,,,0.078481,0.087819,3,0,0
u_mand_factor\set01\u_mand_factor_0.5.py,u_mand_factor,1,u_mand_factor,0.5,2,5,5,0.5,0.5,0.7,0.6,1.0,0.5,48.300007,40,13,46.000002,69.00001,21.433334,1,1,1001,0,heuristic_v7,solved,1,43.629795,48.284373,0.903601,0.104162,,,0.104162,0.171096,3,0,0
u_mand_factor\set01\u_mand_factor_0.6.py,u_mand_factor,1,u_mand_factor,0.6,2,5,5,0.6,0.5,0.7,0.6,1.2,0.4,51.519999,40,13,55.200003,73.599999,25.720002,1,1,1001,0,heuristic_v7,solved,1,27.260489,51.114342,0.533324,0.081559,,,0.081559,0.094215,3,0,0
u_mand_factor\set01\u_mand_factor_0.7.py,u_mand_factor,1,u_mand_factor,0.7,2,5,5,0.7,0.5,0.7,0.6,1.4,0.3,54.740001,40,13,64.399995,78.200001,30.006665,1,1,1001,0,heuristic_v7,solved,1,12.39002,54.705716,0.226485,0.094313,,,0.094313,0.104684,3,0,0
u_mand_factor\set01\u_mand_factor_0.8.py,u_mand_factor,1,u_mand_factor,0.8,2,5,5,0.8,0.5,0.7,0.6,1.6,0.2,57.960002,40,13,73.600001,82.800003,34.293334,1,1,1001,0,heuristic_v7,infeasible,0,,62.934894,,0.062335,,over budget: E=62.9349 > B=57.9600,0.062335,0.084009,3,0,0
u_mand_factor\set01\u_mand_factor_0.9.py,u_mand_factor,1,u_mand_factor,0.9,2,5,5,0.9,0.5,0.7,0.6,1.8,0.1,61.179999,40,13,82.800002,87.399999,38.580001,1,1,1001,0,heuristic_v7,infeasible,0,,75.987921,,0.062484,,over budget: E=75.9879 > B=61.1800,0.062484,0.082189,3,0,0
u_mand_factor\set02\u_mand_factor_0.1.py,u_mand_factor,2,u_mand_factor,0.1,2,5,5,0.1,0.5,0.7,0.6,0.2,0.9,35.420002,40,11,9.200002,50.600003,4.280001,1,0,1002,0,heuristic_v7,solved,1,140.480047,34.557423,4.065119,0.018797,,,0.018797,0.028104,3,0,0
u_mand_factor\set02\u_mand_factor_0.2.py,u_mand_factor,2,u_mand_factor,0.2,2,5,5,0.2,0.5,0.7,0.6,0.4,0.8,38.639998,40,11,18.4,55.199998,8.56,1,0,1002,0,heuristic_v7,solved,1,96.062126,38.570819,2.490539,0.019665,,,0.019665,0.023565,3,0,0
u_mand_factor\set02\u_mand_factor_0.3.py,u_mand_factor,2,u_mand_factor,0.3,2,5,5,0.3,0.5,0.7,0.6,0.6,0.7,41.859995,40,11,27.599997,59.799993,12.839998,1,1,1002,0,heuristic_v7,solved,1,86.85486,38.198037,2.273804,0.016,,,0.016,0.02191,3,0,0
u_mand_factor\set02\u_mand_factor_0.4.py,u_mand_factor,2,u_mand_factor,0.4,2,5,5,0.4,0.5,0.7,0.6,0.8,0.6,45.079999,40,11,36.799999,64.399999,17.119999,1,1,1002,0,heuristic_v7,solved,1,78.28548,42.293598,1.851001,0.026874,,,0.026874,0.028835,3,0,0
u_mand_factor\set02\u_mand_factor_0.5.py,u_mand_factor,2,u_mand_factor,0.5,2,5,5,0.5,0.5,0.7,0.6,1.0,0.5,48.300001,40,11,46.000001,69.000001,21.400001,1,1,1002,0,heuristic_v7,solved,1,68.404718,46.110381,1.483499,0.018823,,,0.018823,0.020601,3,0,0
u_mand_factor\set02\u_mand_factor_0.6.py,u_mand_factor,2,u_mand_factor,0.6,2,5,5,0.6,0.5,0.7,0.6,1.2,0.4,51.520001,40,11,55.199999,73.600001,25.679999,1,1,1002,0,heuristic_v7,solved,1,47.114229,51.268836,0.918964,0.024212,,,0.024212,0.02508,3,0,0
u_mand_factor\set02\u_mand_factor_0.7.py,u_mand_factor,2,u_mand_factor,0.7,2,5,5,0.7,0.5,0.7,0.6,1.4,0.3,54.739999,40,11,64.4,78.199999,29.96,1,1,1002,0,heuristic_v7,solved,1,25.888432,54.566636,0.474437,0.027225,,,0.027225,0.032726,3,0,0
u_mand_factor\set02\u_mand_factor_0.8.py,u_mand_factor,2,u_mand_factor,0.8,2,5,5,0.8,0.5,0.7,0.6,1.6,0.2,57.960001,40,11,73.6,82.800001,34.24,1,1,1002,0,heuristic_v7,infeasible,0,,,,0.008909,,,0.008909,0.010239,3,0,0
u_mand_factor\set02\u_mand_factor_0.9.py,u_mand_factor,2,u_mand_factor,0.9,2,5,5,0.9,0.5,0.7,0.6,1.8,0.1,61.180003,40,13,82.8,87.400005,38.58,1,1,1002,2,heuristic_v7,infeasible,0,,,,0.011461,,,0.011461,0.012165,3,0,0
u_mand_factor\set03\u_mand_factor_0.1.py,u_mand_factor,3,u_mand_factor,0.1,2,5,5,0.1,0.5,0.7,0.6,0.2,0.9,35.419999,40,10,9.200001,50.599999,4.286667,1,0,1003,0,heuristic_v7,solved,1,109.876627,30.988571,3.545715,0.020212,,,0.020212,0.022518,3,0,0
u_mand_factor\set03\u_mand_factor_0.2.py,u_mand_factor,3,u_mand_factor,0.2,2,5,5,0.2,0.5,0.7,0.6,0.4,0.8,38.639999,40,10,18.399999,55.199999,8.573333,1,0,1003,0,heuristic_v7,solved,1,74.251285,33.805714,2.196412,0.015338,,,0.015338,0.024449,3,0,0
u_mand_factor\set03\u_mand_factor_0.3.py,u_mand_factor,3,u_mand_factor,0.3,2,5,5,0.3,0.5,0.7,0.6,0.6,0.7,41.860001,40,10,27.6,59.800001,12.86,1,1,1003,0,heuristic_v7,solved,1,71.978877,36.622858,1.965409,0.018653,,,0.018653,0.026309,3,0,0
u_mand_factor\set03\u_mand_factor_0.4.py,u_mand_factor,3,u_mand_factor,0.4,2,5,5,0.4,0.5,0.7,0.6,0.8,0.6,45.080001,40,10,36.799999,64.400001,17.146666,1,1,1003,0,heuristic_v7,solved,1,69.44445,44.819757,1.549416,0.021573,,,0.021573,0.025033,3,0,0
u_mand_factor\set03\u_mand_factor_0.5.py,u_mand_factor,3,u_mand_factor,0.5,2,5,5,0.5,0.5,0.7,0.6,1.0,0.5,48.299999,40,10,46.0,68.999999,21.433333,1,1,1003,0,heuristic_v7,solved,1,65.507858,47.90385,1.367486,0.034475,,,0.034475,0.040448,3,0,0
u_mand_factor\set03\u_mand_factor_0.6.py,u_mand_factor,3,u_mand_factor,0.6,2,5,5,0.6,0.5,0.7,0.6,1.2,0.4,51.519998,40,10,55.199998,73.599997,25.719999,1,1,1003,0,heuristic_v7,solved,1,48.709293,51.205463,0.951252,0.039319,,,0.039319,0.042909,3,0,0
u_mand_factor\set03\u_mand_factor_0.7.py,u_mand_factor,3,u_mand_factor,0.7,2,5,5,0.7,0.5,0.7,0.6,1.4,0.3,54.739999,40,10,64.399999,78.199999,30.006666,1,1,1003,0,heuristic_v7,solved,1,23.290004,54.705038,0.425738,0.047609,,,0.047609,0.060618,3,0,0
u_mand_factor\set03\u_mand_factor_0.8.py,u_mand_factor,3,u_mand_factor,0.8,2,5,5,0.8,0.5,0.7,0.6,1.6,0.2,57.959994,40,10,73.599998,82.799991,34.293332,1,1,1003,0,heuristic_v7,infeasible,0,,58.46205,,0.032139,,over budget: E=58.4620 > B=57.9600,0.032139,0.036853,3,0,0
u_mand_factor\set03\u_mand_factor_0.9.py,u_mand_factor,3,u_mand_factor,0.9,2,5,5,0.9,0.5,0.7,0.6,1.8,0.1,61.180004,40,10,82.799998,87.400006,38.579999,1,1,1003,0,heuristic_v7,infeasible,0,,,,0.009008,,,0.009008,0.013256,3,0,0
u_mand_factor\set04\u_mand_factor_0.1.py,u_mand_factor,4,u_mand_factor,0.1,2,5,5,0.1,0.5,0.7,0.6,0.2,0.9,35.420004,40,13,9.200002,50.600006,4.408573,1,0,1004,0,heuristic_v7,solved,1,102.421137,33.550004,3.052791,0.052821,,,0.052821,0.06666,3,0,0
u_mand_factor\set04\u_mand_factor_0.2.py,u_mand_factor,4,u_mand_factor,0.2,2,5,5,0.2,0.5,0.7,0.6,0.4,0.8,38.639999,40,13,18.399999,55.199999,8.817142,1,0,1004,0,heuristic_v7,solved,1,101.898633,35.960667,2.833614,0.042075,,,0.042075,0.044718,3,0,0
u_mand_factor\set04\u_mand_factor_0.3.py,u_mand_factor,4,u_mand_factor,0.3,2,5,5,0.3,0.5,0.7,0.6,0.6,0.7,41.860009,40,13,27.600003,59.800013,13.225716,1,1,1004,0,heuristic_v7,solved,1,87.519658,39.650008,2.207305,0.042956,,,0.042956,0.049394,3,0,0
u_mand_factor\set04\u_mand_factor_0.4.py,u_mand_factor,4,u_mand_factor,0.4,2,5,5,0.4,0.5,0.7,0.6,0.8,0.6,45.079999,40,13,36.800002,64.399999,17.634287,1,1,1004,0,heuristic_v7,solved,1,68.459905,42.699999,1.603276,0.048938,,,0.048938,0.063663,3,0,0
u_mand_factor\set04\u_mand_factor_0.5.py,u_mand_factor,4,u_mand_factor,0.5,2,5,5,0.5,0.5,0.7,0.6,1.0,0.5,48.3,40,13,46.000002,69.0,22.042858,1,1,1004,0,heuristic_v7,solved,1,52.901529,48.235321,1.096738,0.073528,,,0.073528,0.094387,3,0,0
u_mand_factor\set04\u_mand_factor_0.6.py,u_mand_factor,4,u_mand_factor,0.6,2,5,5,0.6,0.5,0.7,0.6,1.2,0.4,51.519998,40,13,55.199999,73.599997,26.451428,1,1,1004,0,heuristic_v7,solved,1,42.665171,51.4211,0.829721,0.104733,,,0.104733,0.127427,3,0,0
u_mand_factor\set04\u_mand_factor_0.7.py,u_mand_factor,4,u_mand_factor,0.7,2,5,5,0.7,0.5,0.7,0.6,1.4,0.3,54.739997,40,13,64.400001,78.199995,30.860001,1,1,1004,0,heuristic_v7,solved,1,20.316917,54.738509,0.371163,0.079983,,,0.079983,0.092685,3,0,0
u_mand_factor\set04\u_mand_factor_0.8.py,u_mand_factor,4,u_mand_factor,0.8,2,5,5,0.8,0.5,0.7,0.6,1.6,0.2,57.960002,40,13,73.600002,82.800002,35.268573,1,1,1004,0,heuristic_v7,solved,1,2.345343,57.943249,0.040477,0.084085,,,0.084085,0.098135,3,0,0
u_mand_factor\set04\u_mand_factor_0.9.py,u_mand_factor,4,u_mand_factor,0.9,2,5,5,0.9,0.5,0.7,0.6,1.8,0.1,61.180002,40,13,82.800003,87.400002,39.677145,1,1,1004,0,heuristic_v7,infeasible,0,,74.918202,,0.053216,,over budget: E=74.9182 > B=61.1800,0.053216,0.085826,3,0,0
