file,sweep,set,factor,value,n_prc,n_tsk,n_frq,u_mand_factor,u_opt_factor,rho,xi,U_M,U_O,B,H,J,e_mand_fmax,e_full_fmax,e_mand_min,feasible,donate_ok,seed,redraws
rho\set00\rho_0.2.py,rho,0,rho,0.2,2,8,5,0.5,0.5,0.2,0.6,1.0,0.5,27.600002,80,29,91.999999,138.00001,44.085714,1,1,1000,0
rho\set00\rho_0.3.py,rho,0,rho,0.3,2,8,5,0.5,0.5,0.3,0.6,1.0,0.5,41.400003,80,29,91.999999,138.00001,44.085714,1,1,1000,0
rho\set00\rho_0.4.py,rho,0,rho,0.4,2,8,5,0.5,0.5,0.4,0.6,1.0,0.5,55.200004,80,29,91.999999,138.00001,44.085714,1,1,1000,0
rho\set00\rho_0.5.py,rho,0,rho,0.5,2,8,5,0.5,0.5,0.5,0.6,1.0,0.5,69.000005,80,29,91.999999,138.00001,44.085714,1,1,1000,0
rho\set00\rho_0.6.py,rho,0,rho,0.6,2,8,5,0.5,0.5,0.6,0.6,1.0,0.5,82.800006,80,29,91.999999,138.00001,44.085714,1,1,1000,0
rho\set00\rho_0.7.py,rho,0,rho,0.7,2,8,5,0.5,0.5,0.7,0.6,1.0,0.5,96.600007,80,29,91.999999,138.00001,44.085714,1,1,1000,0
rho\set00\rho_0.8.py,rho,0,rho,0.8,2,8,5,0.5,0.5,0.8,0.6,1.0,0.5,110.400008,80,29,91.999999,138.00001,44.085714,1,1,1000,0
rho\set00\rho_0.9.py,rho,0,rho,0.9,2,8,5,0.5,0.5,0.9,0.6,1.0,0.5,124.200009,80,29,91.999999,138.00001,44.085714,1,1,1000,0
rho\set00\rho_1.py,rho,0,rho,1,2,8,5,0.5,0.5,1.0,0.6,1.0,0.5,138.00001,80,29,91.999999,138.00001,44.085714,1,1,1000,0
rho\set01\rho_0.2.py,rho,1,rho,0.2,2,8,5,0.5,0.5,0.2,0.6,1.0,0.5,27.600001,80,23,92.000007,138.000006,42.86667,1,1,1001,0
rho\set01\rho_0.3.py,rho,1,rho,0.3,2,8,5,0.5,0.5,0.3,0.6,1.0,0.5,41.400002,80,23,92.000007,138.000006,42.86667,1,1,1001,0
rho\set01\rho_0.4.py,rho,1,rho,0.4,2,8,5,0.5,0.5,0.4,0.6,1.0,0.5,55.200002,80,23,92.000007,138.000006,42.86667,1,1,1001,0
rho\set01\rho_0.5.py,rho,1,rho,0.5,2,8,5,0.5,0.5,0.5,0.6,1.0,0.5,69.000003,80,23,92.000007,138.000006,42.86667,1,1,1001,0
rho\set01\rho_0.6.py,rho,1,rho,0.6,2,8,5,0.5,0.5,0.6,0.6,1.0,0.5,82.800003,80,23,92.000007,138.000006,42.86667,1,1,1001,0
rho\set01\rho_0.7.py,rho,1,rho,0.7,2,8,5,0.5,0.5,0.7,0.6,1.0,0.5,96.600004,80,23,92.000007,138.000006,42.86667,1,1,1001,0
rho\set01\rho_0.8.py,rho,1,rho,0.8,2,8,5,0.5,0.5,0.8,0.6,1.0,0.5,110.400005,80,23,92.000007,138.000006,42.86667,1,1,1001,0
rho\set01\rho_0.9.py,rho,1,rho,0.9,2,8,5,0.5,0.5,0.9,0.6,1.0,0.5,124.200005,80,23,92.000007,138.000006,42.86667,1,1,1001,0
rho\set01\rho_1.py,rho,1,rho,1,2,8,5,0.5,0.5,1.0,0.6,1.0,0.5,138.000006,80,23,92.000007,138.000006,42.86667,1,1,1001,0
rho\set02\rho_0.2.py,rho,2,rho,0.2,2,8,5,0.5,0.5,0.2,0.6,1.0,0.5,27.599999,80,30,91.999999,137.999993,42.799999,1,1,1002,0
rho\set02\rho_0.3.py,rho,2,rho,0.3,2,8,5,0.5,0.5,0.3,0.6,1.0,0.5,41.399998,80,30,91.999999,137.999993,42.799999,1,1,1002,0
rho\set02\rho_0.4.py,rho,2,rho,0.4,2,8,5,0.5,0.5,0.4,0.6,1.0,0.5,55.199997,80,30,91.999999,137.999993,42.799999,1,1,1002,0
rho\set02\rho_0.5.py,rho,2,rho,0.5,2,8,5,0.5,0.5,0.5,0.6,1.0,0.5,68.999997,80,30,91.999999,137.999993,42.799999,1,1,1002,0
rho\set02\rho_0.6.py,rho,2,rho,0.6,2,8,5,0.5,0.5,0.6,0.6,1.0,0.5,82.799996,80,30,91.999999,137.999993,42.799999,1,1,1002,0
rho\set02\rho_0.7.py,rho,2,rho,0.7,2,8,5,0.5,0.5,0.7,0.6,1.0,0.5,96.599995,80,30,91.999999,137.999993,42.799999,1,1,1002,0
rho\set02\rho_0.8.py,rho,2,rho,0.8,2,8,5,0.5,0.5,0.8,0.6,1.0,0.5,110.399994,80,30,91.999999,137.999993,42.799999,1,1,1002,0
rho\set02\rho_0.9.py,rho,2,rho,0.9,2,8,5,0.5,0.5,0.9,0.6,1.0,0.5,124.199994,80,30,91.999999,137.999993,42.799999,1,1,1002,0
rho\set02\rho_1.py,rho,2,rho,1,2,8,5,0.5,0.5,1.0,0.6,1.0,0.5,137.999993,80,30,91.999999,137.999993,42.799999,1,1,1002,0
rho\set03\rho_0.2.py,rho,3,rho,0.2,2,8,5,0.5,0.5,0.2,0.6,1.0,0.5,27.6,80,27,92.000005,138.0,42.866669,1,1,1003,0
rho\set03\rho_0.3.py,rho,3,rho,0.3,2,8,5,0.5,0.5,0.3,0.6,1.0,0.5,41.4,80,27,92.000005,138.0,42.866669,1,1,1003,0
rho\set03\rho_0.4.py,rho,3,rho,0.4,2,8,5,0.5,0.5,0.4,0.6,1.0,0.5,55.2,80,27,92.000005,138.0,42.866669,1,1,1003,0
rho\set03\rho_0.5.py,rho,3,rho,0.5,2,8,5,0.5,0.5,0.5,0.6,1.0,0.5,69.0,80,27,92.000005,138.0,42.866669,1,1,1003,0
rho\set03\rho_0.6.py,rho,3,rho,0.6,2,8,5,0.5,0.5,0.6,0.6,1.0,0.5,82.8,80,27,92.000005,138.0,42.866669,1,1,1003,0
rho\set03\rho_0.7.py,rho,3,rho,0.7,2,8,5,0.5,0.5,0.7,0.6,1.0,0.5,96.6,80,27,92.000005,138.0,42.866669,1,1,1003,0
rho\set03\rho_0.8.py,rho,3,rho,0.8,2,8,5,0.5,0.5,0.8,0.6,1.0,0.5,110.4,80,27,92.000005,138.0,42.866669,1,1,1003,0
rho\set03\rho_0.9.py,rho,3,rho,0.9,2,8,5,0.5,0.5,0.9,0.6,1.0,0.5,124.2,80,27,92.000005,138.0,42.866669,1,1,1003,0
rho\set03\rho_1.py,rho,3,rho,1,2,8,5,0.5,0.5,1.0,0.6,1.0,0.5,138.0,80,27,92.000005,138.0,42.866669,1,1,1003,0
rho\set04\rho_0.2.py,rho,4,rho,0.2,2,8,5,0.5,0.5,0.2,0.6,1.0,0.5,27.6,80,33,92.000002,138.0,44.085715,1,1,1004,0
rho\set04\rho_0.3.py,rho,4,rho,0.3,2,8,5,0.5,0.5,0.3,0.6,1.0,0.5,41.4,80,33,92.000002,138.0,44.085715,1,1,1004,0
rho\set04\rho_0.4.py,rho,4,rho,0.4,2,8,5,0.5,0.5,0.4,0.6,1.0,0.5,55.2,80,33,92.000002,138.0,44.085715,1,1,1004,0
rho\set04\rho_0.5.py,rho,4,rho,0.5,2,8,5,0.5,0.5,0.5,0.6,1.0,0.5,69.0,80,33,92.000002,138.0,44.085715,1,1,1004,0
rho\set04\rho_0.6.py,rho,4,rho,0.6,2,8,5,0.5,0.5,0.6,0.6,1.0,0.5,82.8,80,33,92.000002,138.0,44.085715,1,1,1004,0
rho\set04\rho_0.7.py,rho,4,rho,0.7,2,8,5,0.5,0.5,0.7,0.6,1.0,0.5,96.6,80,33,92.000002,138.0,44.085715,1,1,1004,0
rho\set04\rho_0.8.py,rho,4,rho,0.8,2,8,5,0.5,0.5,0.8,0.6,1.0,0.5,110.4,80,33,92.000002,138.0,44.085715,1,1,1004,0
rho\set04\rho_0.9.py,rho,4,rho,0.9,2,8,5,0.5,0.5,0.9,0.6,1.0,0.5,124.2,80,33,92.000002,138.0,44.085715,1,1,1004,0
rho\set04\rho_1.py,rho,4,rho,1,2,8,5,0.5,0.5,1.0,0.6,1.0,0.5,138.0,80,33,92.000002,138.0,44.085715,1,1,1004,0
rho\set05\rho_0.2.py,rho,5,rho,0.2,2,8,5,0.5,0.5,0.2,0.6,1.0,0.5,27.600001,80,30,92.000001,138.000005,48.800001,1,1,1005,0
rho\set05\rho_0.3.py,rho,5,rho,0.3,2,8,5,0.5,0.5,0.3,0.6,1.0,0.5,41.400001,80,30,92.000001,138.000005,48.800001,1,1,1005,0
rho\set05\rho_0.4.py,rho,5,rho,0.4,2,8,5,0.5,0.5,0.4,0.6,1.0,0.5,55.200002,80,30,92.000001,138.000005,48.800001,1,1,1005,0
rho\set05\rho_0.5.py,rho,5,rho,0.5,2,8,5,0.5,0.5,0.5,0.6,1.0,0.5,69.000002,80,30,92.000001,138.000005,48.800001,1,1,1005,0
rho\set05\rho_0.6.py,rho,5,rho,0.6,2,8,5,0.5,0.5,0.6,0.6,1.0,0.5,82.800003,80,30,92.000001,138.000005,48.800001,1,1,1005,0
rho\set05\rho_0.7.py,rho,5,rho,0.7,2,8,5,0.5,0.5,0.7,0.6,1.0,0.5,96.600003,80,30,92.000001,138.000005,48.800001,1,1,1005,0
rho\set05\rho_0.8.py,rho,5,rho,0.8,2,8,5,0.5,0.5,0.8,0.6,1.0,0.5,110.400004,80,30,92.000001,138.000005,48.800001,1,1,1005,0
rho\set05\rho_0.9.py,rho,5,rho,0.9,2,8,5,0.5,0.5,0.9,0.6,1.0,0.5,124.200004,80,30,92.000001,138.000005,48.800001,1,1,1005,0
rho\set05\rho_1.py,rho,5,rho,1,2,8,5,0.5,0.5,1.0,0.6,1.0,0.5,138.000005,80,30,92.000001,138.000005,48.800001,1,1,1005,0
rho\set06\rho_0.2.py,rho,6,rho,0.2,2,8,5,0.5,0.5,0.2,0.6,1.0,0.5,27.599999,80,31,91.999998,137.999993,42.866666,1,1,1006,0
rho\set06\rho_0.3.py,rho,6,rho,0.3,2,8,5,0.5,0.5,0.3,0.6,1.0,0.5,41.399998,80,31,91.999998,137.999993,42.866666,1,1,1006,0
rho\set06\rho_0.4.py,rho,6,rho,0.4,2,8,5,0.5,0.5,0.4,0.6,1.0,0.5,55.199997,80,31,91.999998,137.999993,42.866666,1,1,1006,0
rho\set06\rho_0.5.py,rho,6,rho,0.5,2,8,5,0.5,0.5,0.5,0.6,1.0,0.5,68.999997,80,31,91.999998,137.999993,42.866666,1,1,1006,0
rho\set06\rho_0.6.py,rho,6,rho,0.6,2,8,5,0.5,0.5,0.6,0.6,1.0,0.5,82.799996,80,31,91.999998,137.999993,42.866666,1,1,1006,0
rho\set06\rho_0.7.py,rho,6,rho,0.7,2,8,5,0.5,0.5,0.7,0.6,1.0,0.5,96.599995,80,31,91.999998,137.999993,42.866666,1,1,1006,0
rho\set06\rho_0.8.py,rho,6,rho,0.8,2,8,5,0.5,0.5,0.8,0.6,1.0,0.5,110.399994,80,31,91.999998,137.999993,42.866666,1,1,1006,0
rho\set06\rho_0.9.py,rho,6,rho,0.9,2,8,5,0.5,0.5,0.9,0.6,1.0,0.5,124.199994,80,31,91.999998,137.999993,42.866666,1,1,1006,0
rho\set06\rho_1.py,rho,6,rho,1,2,8,5,0.5,0.5,1.0,0.6,1.0,0.5,137.999993,80,31,91.999998,137.999993,42.866666,1,1,1006,0
rho\set07\rho_0.2.py,rho,7,rho,0.2,2,8,5,0.5,0.5,0.2,0.6,1.0,0.5,27.6,80,35,91.999999,138.0,42.799999,1,1,1007,0
rho\set07\rho_0.3.py,rho,7,rho,0.3,2,8,5,0.5,0.5,0.3,0.6,1.0,0.5,41.4,80,35,91.999999,138.0,42.799999,1,1,1007,0
rho\set07\rho_0.4.py,rho,7,rho,0.4,2,8,5,0.5,0.5,0.4,0.6,1.0,0.5,55.2,80,35,91.999999,138.0,42.799999,1,1,1007,0
rho\set07\rho_0.5.py,rho,7,rho,0.5,2,8,5,0.5,0.5,0.5,0.6,1.0,0.5,69.0,80,35,91.999999,138.0,42.799999,1,1,1007,0
rho\set07\rho_0.6.py,rho,7,rho,0.6,2,8,5,0.5,0.5,0.6,0.6,1.0,0.5,82.8,80,35,91.999999,138.0,42.799999,1,1,1007,0
rho\set07\rho_0.7.py,rho,7,rho,0.7,2,8,5,0.5,0.5,0.7,0.6,1.0,0.5,96.6,80,35,91.999999,138.0,42.799999,1,1,1007,0
rho\set07\rho_0.8.py,rho,7,rho,0.8,2,8,5,0.5,0.5,0.8,0.6,1.0,0.5,110.4,80,35,91.999999,138.0,42.799999,1,1,1007,0
rho\set07\rho_0.9.py,rho,7,rho,0.9,2,8,5,0.5,0.5,0.9,0.6,1.0,0.5,124.2,80,35,91.999999,138.0,42.799999,1,1,1007,0
rho\set07\rho_1.py,rho,7,rho,1,2,8,5,0.5,0.5,1.0,0.6,1.0,0.5,138.0,80,35,91.999999,138.0,42.799999,1,1,1007,0
rho\set08\rho_0.2.py,rho,8,rho,0.2,2,8,5,0.5,0.5,0.2,0.6,1.0,0.5,27.600001,80,37,91.999995,138.000003,44.085712,1,1,1008,0
rho\set08\rho_0.3.py,rho,8,rho,0.3,2,8,5,0.5,0.5,0.3,0.6,1.0,0.5,41.400001,80,37,91.999995,138.000003,44.085712,1,1,1008,0
rho\set08\rho_0.4.py,rho,8,rho,0.4,2,8,5,0.5,0.5,0.4,0.6,1.0,0.5,55.200001,80,37,91.999995,138.000003,44.085712,1,1,1008,0
rho\set08\rho_0.5.py,rho,8,rho,0.5,2,8,5,0.5,0.5,0.5,0.6,1.0,0.5,69.000002,80,37,91.999995,138.000003,44.085712,1,1,1008,0
rho\set08\rho_0.6.py,rho,8,rho,0.6,2,8,5,0.5,0.5,0.6,0.6,1.0,0.5,82.800002,80,37,91.999995,138.000003,44.085712,1,1,1008,0
rho\set08\rho_0.7.py,rho,8,rho,0.7,2,8,5,0.5,0.5,0.7,0.6,1.0,0.5,96.600002,80,37,91.999995,138.000003,44.085712,1,1,1008,0
rho\set08\rho_0.8.py,rho,8,rho,0.8,2,8,5,0.5,0.5,0.8,0.6,1.0,0.5,110.400003,80,37,91.999995,138.000003,44.085712,1,1,1008,0
rho\set08\rho_0.9.py,rho,8,rho,0.9,2,8,5,0.5,0.5,0.9,0.6,1.0,0.5,124.200003,80,37,91.999995,138.000003,44.085712,1,1,1008,0
rho\set08\rho_1.py,rho,8,rho,1,2,8,5,0.5,0.5,1.0,0.6,1.0,0.5,138.000003,80,37,91.999995,138.000003,44.085712,1,1,1008,0
rho\set09\rho_0.2.py,rho,9,rho,0.2,2,8,5,0.5,0.5,0.2,0.6,1.0,0.5,27.599999,80,29,91.999999,137.999995,42.799999,1,1,1009,0
rho\set09\rho_0.3.py,rho,9,rho,0.3,2,8,5,0.5,0.5,0.3,0.6,1.0,0.5,41.399999,80,29,91.999999,137.999995,42.799999,1,1,1009,0
rho\set09\rho_0.4.py,rho,9,rho,0.4,2,8,5,0.5,0.5,0.4,0.6,1.0,0.5,55.199998,80,29,91.999999,137.999995,42.799999,1,1,1009,0
rho\set09\rho_0.5.py,rho,9,rho,0.5,2,8,5,0.5,0.5,0.5,0.6,1.0,0.5,68.999998,80,29,91.999999,137.999995,42.799999,1,1,1009,0
rho\set09\rho_0.6.py,rho,9,rho,0.6,2,8,5,0.5,0.5,0.6,0.6,1.0,0.5,82.799997,80,29,91.999999,137.999995,42.799999,1,1,1009,0
rho\set09\rho_0.7.py,rho,9,rho,0.7,2,8,5,0.5,0.5,0.7,0.6,1.0,0.5,96.599997,80,29,91.999999,137.999995,42.799999,1,1,1009,0
rho\set09\rho_0.8.py,rho,9,rho,0.8,2,8,5,0.5,0.5,0.8,0.6,1.0,0.5,110.399996,80,29,91.999999,137.999995,42.799999,1,1,1009,0
rho\set09\rho_0.9.py,rho,9,rho,0.9,2,8,5,0.5,0.5,0.9,0.6,1.0,0.5,124.199996,80,29,91.999999,137.999995,42.799999,1,1,1009,0
rho\set09\rho_1.py,rho,9,rho,1,2,8,5,0.5,0.5,1.0,0.6,1.0,0.5,137.999995,80,29,91.999999,137.999995,42.799999,1,1,1009,0
rho\set10\rho_0.2.py,rho,10,rho,0.2,2,8,5,0.5,0.5,0.2,0.6,1.0,0.5,27.600001,80,25,92.0,138.000006,42.866667,1,1,1010,0
rho\set10\rho_0.3.py,rho,10,rho,0.3,2,8,5,0.5,0.5,0.3,0.6,1.0,0.5,41.400002,80,25,92.0,138.000006,42.866667,1,1,1010,0
rho\set10\rho_0.4.py,rho,10,rho,0.4,2,8,5,0.5,0.5,0.4,0.6,1.0,0.5,55.200002,80,25,92.0,138.000006,42.866667,1,1,1010,0
rho\set10\rho_0.5.py,rho,10,rho,0.5,2,8,5,0.5,0.5,0.5,0.6,1.0,0.5,69.000003,80,25,92.0,138.000006,42.866667,1,1,1010,0
rho\set10\rho_0.6.py,rho,10,rho,0.6,2,8,5,0.5,0.5,0.6,0.6,1.0,0.5,82.800003,80,25,92.0,138.000006,42.866667,1,1,1010,0
rho\set10\rho_0.7.py,rho,10,rho,0.7,2,8,5,0.5,0.5,0.7,0.6,1.0,0.5,96.600004,80,25,92.0,138.000006,42.866667,1,1,1010,0
rho\set10\rho_0.8.py,rho,10,rho,0.8,2,8,5,0.5,0.5,0.8,0.6,1.0,0.5,110.400005,80,25,92.0,138.000006,42.866667,1,1,1010,0
rho\set10\rho_0.9.py,rho,10,rho,0.9,2,8,5,0.5,0.5,0.9,0.6,1.0,0.5,124.200005,80,25,92.0,138.000006,42.866667,1,1,1010,0
rho\set10\rho_1.py,rho,10,rho,1,2,8,5,0.5,0.5,1.0,0.6,1.0,0.5,138.000006,80,25,92.0,138.000006,42.866667,1,1,1010,0
rho\set11\rho_0.2.py,rho,11,rho,0.2,2,8,5,0.5,0.5,0.2,0.6,1.0,0.5,27.599999,80,23,91.999994,137.999993,42.799997,1,1,1011,0
rho\set11\rho_0.3.py,rho,11,rho,0.3,2,8,5,0.5,0.5,0.3,0.6,1.0,0.5,41.399998,80,23,91.999994,137.999993,42.799997,1,1,1011,0
rho\set11\rho_0.4.py,rho,11,rho,0.4,2,8,5,0.5,0.5,0.4,0.6,1.0,0.5,55.199997,80,23,91.999994,137.999993,42.799997,1,1,1011,0
rho\set11\rho_0.5.py,rho,11,rho,0.5,2,8,5,0.5,0.5,0.5,0.6,1.0,0.5,68.999997,80,23,91.999994,137.999993,42.799997,1,1,1011,0
rho\set11\rho_0.6.py,rho,11,rho,0.6,2,8,5,0.5,0.5,0.6,0.6,1.0,0.5,82.799996,80,23,91.999994,137.999993,42.799997,1,1,1011,0
rho\set11\rho_0.7.py,rho,11,rho,0.7,2,8,5,0.5,0.5,0.7,0.6,1.0,0.5,96.599995,80,23,91.999994,137.999993,42.799997,1,1,1011,0
rho\set11\rho_0.8.py,rho,11,rho,0.8,2,8,5,0.5,0.5,0.8,0.6,1.0,0.5,110.399994,80,23,91.999994,137.999993,42.799997,1,1,1011,0
rho\set11\rho_0.9.py,rho,11,rho,0.9,2,8,5,0.5,0.5,0.9,0.6,1.0,0.5,124.199994,80,23,91.999994,137.999993,42.799997,1,1,1011,0
rho\set11\rho_1.py,rho,11,rho,1,2,8,5,0.5,0.5,1.0,0.6,1.0,0.5,137.999993,80,23,91.999994,137.999993,42.799997,1,1,1011,0
rho\set12\rho_0.2.py,rho,12,rho,0.2,2,8,5,0.5,0.5,0.2,0.6,1.0,0.5,27.600001,80,24,91.999998,138.000007,42.799999,1,1,1012,0
rho\set12\rho_0.3.py,rho,12,rho,0.3,2,8,5,0.5,0.5,0.3,0.6,1.0,0.5,41.400002,80,24,91.999998,138.000007,42.799999,1,1,1012,0
rho\set12\rho_0.4.py,rho,12,rho,0.4,2,8,5,0.5,0.5,0.4,0.6,1.0,0.5,55.200003,80,24,91.999998,138.000007,42.799999,1,1,1012,0
rho\set12\rho_0.5.py,rho,12,rho,0.5,2,8,5,0.5,0.5,0.5,0.6,1.0,0.5,69.000003,80,24,91.999998,138.000007,42.799999,1,1,1012,0
rho\set12\rho_0.6.py,rho,12,rho,0.6,2,8,5,0.5,0.5,0.6,0.6,1.0,0.5,82.800004,80,24,91.999998,138.000007,42.799999,1,1,1012,0
rho\set12\rho_0.7.py,rho,12,rho,0.7,2,8,5,0.5,0.5,0.7,0.6,1.0,0.5,96.600005,80,24,91.999998,138.000007,42.799999,1,1,1012,0
rho\set12\rho_0.8.py,rho,12,rho,0.8,2,8,5,0.5,0.5,0.8,0.6,1.0,0.5,110.400006,80,24,91.999998,138.000007,42.799999,1,1,1012,0
rho\set12\rho_0.9.py,rho,12,rho,0.9,2,8,5,0.5,0.5,0.9,0.6,1.0,0.5,124.200006,80,24,91.999998,138.000007,42.799999,1,1,1012,0
rho\set12\rho_1.py,rho,12,rho,1,2,8,5,0.5,0.5,1.0,0.6,1.0,0.5,138.000007,80,24,91.999998,138.000007,42.799999,1,1,1012,0
rho\set13\rho_0.2.py,rho,13,rho,0.2,2,8,5,0.5,0.5,0.2,0.6,1.0,0.5,27.6,80,29,91.999998,138.000001,42.799999,1,1,1013,0
rho\set13\rho_0.3.py,rho,13,rho,0.3,2,8,5,0.5,0.5,0.3,0.6,1.0,0.5,41.4,80,29,91.999998,138.000001,42.799999,1,1,1013,0
rho\set13\rho_0.4.py,rho,13,rho,0.4,2,8,5,0.5,0.5,0.4,0.6,1.0,0.5,55.2,80,29,91.999998,138.000001,42.799999,1,1,1013,0
rho\set13\rho_0.5.py,rho,13,rho,0.5,2,8,5,0.5,0.5,0.5,0.6,1.0,0.5,69.000001,80,29,91.999998,138.000001,42.799999,1,1,1013,0
rho\set13\rho_0.6.py,rho,13,rho,0.6,2,8,5,0.5,0.5,0.6,0.6,1.0,0.5,82.800001,80,29,91.999998,138.000001,42.799999,1,1,1013,0
rho\set13\rho_0.7.py,rho,13,rho,0.7,2,8,5,0.5,0.5,0.7,0.6,1.0,0.5,96.600001,80,29,91.999998,138.000001,42.799999,1,1,1013,0
rho\set13\rho_0.8.py,rho,13,rho,0.8,2,8,5,0.5,0.5,0.8,0.6,1.0,0.5,110.400001,80,29,91.999998,138.000001,42.799999,1,1,1013,0
rho\set13\rho_0.9.py,rho,13,rho,0.9,2,8,5,0.5,0.5,0.9,0.6,1.0,0.5,124.200001,80,29,91.999998,138.000001,42.799999,1,1,1013,0
rho\set13\rho_1.py,rho,13,rho,1,2,8,5,0.5,0.5,1.0,0.6,1.0,0.5,138.000001,80,29,91.999998,138.000001,42.799999,1,1,1013,0
rho\set14\rho_0.2.py,rho,14,rho,0.2,2,8,5,0.5,0.5,0.2,0.6,1.0,0.5,27.6,80,22,92.000003,138.000002,42.866668,1,1,1014,0
rho\set14\rho_0.3.py,rho,14,rho,0.3,2,8,5,0.5,0.5,0.3,0.6,1.0,0.5,41.400001,80,22,92.000003,138.000002,42.866668,1,1,1014,0
rho\set14\rho_0.4.py,rho,14,rho,0.4,2,8,5,0.5,0.5,0.4,0.6,1.0,0.5,55.200001,80,22,92.000003,138.000002,42.866668,1,1,1014,0
rho\set14\rho_0.5.py,rho,14,rho,0.5,2,8,5,0.5,0.5,0.5,0.6,1.0,0.5,69.000001,80,22,92.000003,138.000002,42.866668,1,1,1014,0
rho\set14\rho_0.6.py,rho,14,rho,0.6,2,8,5,0.5,0.5,0.6,0.6,1.0,0.5,82.800001,80,22,92.000003,138.000002,42.866668,1,1,1014,0
rho\set14\rho_0.7.py,rho,14,rho,0.7,2,8,5,0.5,0.5,0.7,0.6,1.0,0.5,96.600002,80,22,92.000003,138.000002,42.866668,1,1,1014,0
rho\set14\rho_0.8.py,rho,14,rho,0.8,2,8,5,0.5,0.5,0.8,0.6,1.0,0.5,110.400002,80,22,92.000003,138.000002,42.866668,1,1,1014,0
rho\set14\rho_0.9.py,rho,14,rho,0.9,2,8,5,0.5,0.5,0.9,0.6,1.0,0.5,124.200002,80,22,92.000003,138.000002,42.866668,1,1,1014,0
rho\set14\rho_1.py,rho,14,rho,1,2,8,5,0.5,0.5,1.0,0.6,1.0,0.5,138.000002,80,22,92.000003,138.000002,42.866668,1,1,1014,0
rho\set15\rho_0.2.py,rho,15,rho,0.2,2,8,5,0.5,0.5,0.2,0.6,1.0,0.5,27.600002,80,21,92.000002,138.000008,44.000001,1,1,1015,0
rho\set15\rho_0.3.py,rho,15,rho,0.3,2,8,5,0.5,0.5,0.3,0.6,1.0,0.5,41.400002,80,21,92.000002,138.000008,44.000001,1,1,1015,0
rho\set15\rho_0.4.py,rho,15,rho,0.4,2,8,5,0.5,0.5,0.4,0.6,1.0,0.5,55.200003,80,21,92.000002,138.000008,44.000001,1,1,1015,0
rho\set15\rho_0.5.py,rho,15,rho,0.5,2,8,5,0.5,0.5,0.5,0.6,1.0,0.5,69.000004,80,21,92.000002,138.000008,44.000001,1,1,1015,0
rho\set15\rho_0.6.py,rho,15,rho,0.6,2,8,5,0.5,0.5,0.6,0.6,1.0,0.5,82.800005,80,21,92.000002,138.000008,44.000001,1,1,1015,0
rho\set15\rho_0.7.py,rho,15,rho,0.7,2,8,5,0.5,0.5,0.7,0.6,1.0,0.5,96.600006,80,21,92.000002,138.000008,44.000001,1,1,1015,0
rho\set15\rho_0.8.py,rho,15,rho,0.8,2,8,5,0.5,0.5,0.8,0.6,1.0,0.5,110.400006,80,21,92.000002,138.000008,44.000001,1,1,1015,0
rho\set15\rho_0.9.py,rho,15,rho,0.9,2,8,5,0.5,0.5,0.9,0.6,1.0,0.5,124.200007,80,21,92.000002,138.000008,44.000001,1,1,1015,0
rho\set15\rho_1.py,rho,15,rho,1,2,8,5,0.5,0.5,1.0,0.6,1.0,0.5,138.000008,80,21,92.000002,138.000008,44.000001,1,1,1015,0
rho\set16\rho_0.2.py,rho,16,rho,0.2,2,8,5,0.5,0.5,0.2,0.6,1.0,0.5,27.6,80,34,91.999997,137.999998,46.01818,1,1,1016,0
rho\set16\rho_0.3.py,rho,16,rho,0.3,2,8,5,0.5,0.5,0.3,0.6,1.0,0.5,41.399999,80,34,91.999997,137.999998,46.01818,1,1,1016,0
rho\set16\rho_0.4.py,rho,16,rho,0.4,2,8,5,0.5,0.5,0.4,0.6,1.0,0.5,55.199999,80,34,91.999997,137.999998,46.01818,1,1,1016,0
rho\set16\rho_0.5.py,rho,16,rho,0.5,2,8,5,0.5,0.5,0.5,0.6,1.0,0.5,68.999999,80,34,91.999997,137.999998,46.01818,1,1,1016,0
rho\set16\rho_0.6.py,rho,16,rho,0.6,2,8,5,0.5,0.5,0.6,0.6,1.0,0.5,82.799999,80,34,91.999997,137.999998,46.01818,1,1,1016,0
rho\set16\rho_0.7.py,rho,16,rho,0.7,2,8,5,0.5,0.5,0.7,0.6,1.0,0.5,96.599998,80,34,91.999997,137.999998,46.01818,1,1,1016,0
rho\set16\rho_0.8.py,rho,16,rho,0.8,2,8,5,0.5,0.5,0.8,0.6,1.0,0.5,110.399998,80,34,91.999997,137.999998,46.01818,1,1,1016,0
rho\set16\rho_0.9.py,rho,16,rho,0.9,2,8,5,0.5,0.5,0.9,0.6,1.0,0.5,124.199998,80,34,91.999997,137.999998,46.01818,1,1,1016,0
rho\set16\rho_1.py,rho,16,rho,1,2,8,5,0.5,0.5,1.0,0.6,1.0,0.5,137.999998,80,34,91.999997,137.999998,46.01818,1,1,1016,0
rho\set17\rho_0.2.py,rho,17,rho,0.2,2,8,5,0.5,0.5,0.2,0.6,1.0,0.5,27.6,80,29,92.000003,137.999998,42.866668,1,1,1017,0
rho\set17\rho_0.3.py,rho,17,rho,0.3,2,8,5,0.5,0.5,0.3,0.6,1.0,0.5,41.399999,80,29,92.000003,137.999998,42.866668,1,1,1017,0
rho\set17\rho_0.4.py,rho,17,rho,0.4,2,8,5,0.5,0.5,0.4,0.6,1.0,0.5,55.199999,80,29,92.000003,137.999998,42.866668,1,1,1017,0
rho\set17\rho_0.5.py,rho,17,rho,0.5,2,8,5,0.5,0.5,0.5,0.6,1.0,0.5,68.999999,80,29,92.000003,137.999998,42.866668,1,1,1017,0
rho\set17\rho_0.6.py,rho,17,rho,0.6,2,8,5,0.5,0.5,0.6,0.6,1.0,0.5,82.799999,80,29,92.000003,137.999998,42.866668,1,1,1017,0
rho\set17\rho_0.7.py,rho,17,rho,0.7,2,8,5,0.5,0.5,0.7,0.6,1.0,0.5,96.599998,80,29,92.000003,137.999998,42.866668,1,1,1017,0
rho\set17\rho_0.8.py,rho,17,rho,0.8,2,8,5,0.5,0.5,0.8,0.6,1.0,0.5,110.399998,80,29,92.000003,137.999998,42.866668,1,1,1017,0
rho\set17\rho_0.9.py,rho,17,rho,0.9,2,8,5,0.5,0.5,0.9,0.6,1.0,0.5,124.199998,80,29,92.000003,137.999998,42.866668,1,1,1017,0
rho\set17\rho_1.py,rho,17,rho,1,2,8,5,0.5,0.5,1.0,0.6,1.0,0.5,137.999998,80,29,92.000003,137.999998,42.866668,1,1,1017,0
rho\set18\rho_0.2.py,rho,18,rho,0.2,2,8,5,0.5,0.5,0.2,0.6,1.0,0.5,27.599999,80,26,91.999995,137.999997,44.085712,1,1,1018,0
rho\set18\rho_0.3.py,rho,18,rho,0.3,2,8,5,0.5,0.5,0.3,0.6,1.0,0.5,41.399999,80,26,91.999995,137.999997,44.085712,1,1,1018,0
rho\set18\rho_0.4.py,rho,18,rho,0.4,2,8,5,0.5,0.5,0.4,0.6,1.0,0.5,55.199999,80,26,91.999995,137.999997,44.085712,1,1,1018,0
rho\set18\rho_0.5.py,rho,18,rho,0.5,2,8,5,0.5,0.5,0.5,0.6,1.0,0.5,68.999998,80,26,91.999995,137.999997,44.085712,1,1,1018,0
rho\set18\rho_0.6.py,rho,18,rho,0.6,2,8,5,0.5,0.5,0.6,0.6,1.0,0.5,82.799998,80,26,91.999995,137.999997,44.085712,1,1,1018,0
rho\set18\rho_0.7.py,rho,18,rho,0.7,2,8,5,0.5,0.5,0.7,0.6,1.0,0.5,96.599998,80,26,91.999995,137.999997,44.085712,1,1,1018,0
rho\set18\rho_0.8.py,rho,18,rho,0.8,2,8,5,0.5,0.5,0.8,0.6,1.0,0.5,110.399997,80,26,91.999995,137.999997,44.085712,1,1,1018,0
rho\set18\rho_0.9.py,rho,18,rho,0.9,2,8,5,0.5,0.5,0.9,0.6,1.0,0.5,124.199997,80,26,91.999995,137.999997,44.085712,1,1,1018,0
rho\set18\rho_1.py,rho,18,rho,1,2,8,5,0.5,0.5,1.0,0.6,1.0,0.5,137.999997,80,26,91.999995,137.999997,44.085712,1,1,1018,0
rho\set19\rho_0.2.py,rho,19,rho,0.2,2,8,5,0.5,0.5,0.2,0.6,1.0,0.5,27.600001,80,23,91.999999,138.000003,42.866666,1,1,1019,0
rho\set19\rho_0.3.py,rho,19,rho,0.3,2,8,5,0.5,0.5,0.3,0.6,1.0,0.5,41.400001,80,23,91.999999,138.000003,42.866666,1,1,1019,0
rho\set19\rho_0.4.py,rho,19,rho,0.4,2,8,5,0.5,0.5,0.4,0.6,1.0,0.5,55.200001,80,23,91.999999,138.000003,42.866666,1,1,1019,0
rho\set19\rho_0.5.py,rho,19,rho,0.5,2,8,5,0.5,0.5,0.5,0.6,1.0,0.5,69.000002,80,23,91.999999,138.000003,42.866666,1,1,1019,0
rho\set19\rho_0.6.py,rho,19,rho,0.6,2,8,5,0.5,0.5,0.6,0.6,1.0,0.5,82.800002,80,23,91.999999,138.000003,42.866666,1,1,1019,0
rho\set19\rho_0.7.py,rho,19,rho,0.7,2,8,5,0.5,0.5,0.7,0.6,1.0,0.5,96.600002,80,23,91.999999,138.000003,42.866666,1,1,1019,0
rho\set19\rho_0.8.py,rho,19,rho,0.8,2,8,5,0.5,0.5,0.8,0.6,1.0,0.5,110.400003,80,23,91.999999,138.000003,42.866666,1,1,1019,0
rho\set19\rho_0.9.py,rho,19,rho,0.9,2,8,5,0.5,0.5,0.9,0.6,1.0,0.5,124.200003,80,23,91.999999,138.000003,42.866666,1,1,1019,0
rho\set19\rho_1.py,rho,19,rho,1,2,8,5,0.5,0.5,1.0,0.6,1.0,0.5,138.000003,80,23,91.999999,138.000003,42.866666,1,1,1019,0
rho\set20\rho_0.2.py,rho,20,rho,0.2,2,8,5,0.5,0.5,0.2,0.6,1.0,0.5,27.600001,80,25,92.000005,138.000003,44.085716,1,1,1020,0
rho\set20\rho_0.3.py,rho,20,rho,0.3,2,8,5,0.5,0.5,0.3,0.6,1.0,0.5,41.400001,80,25,92.000005,138.000003,44.085716,1,1,1020,0
rho\set20\rho_0.4.py,rho,20,rho,0.4,2,8,5,0.5,0.5,0.4,0.6,1.0,0.5,55.200001,80,25,92.000005,138.000003,44.085716,1,1,1020,0
rho\set20\rho_0.5.py,rho,20,rho,0.5,2,8,5,0.5,0.5,0.5,0.6,1.0,0.5,69.000002,80,25,92.000005,138.000003,44.085716,1,1,1020,0
rho\set20\rho_0.6.py,rho,20,rho,0.6,2,8,5,0.5,0.5,0.6,0.6,1.0,0.5,82.800002,80,25,92.000005,138.000003,44.085716,1,1,1020,0
rho\set20\rho_0.7.py,rho,20,rho,0.7,2,8,5,0.5,0.5,0.7,0.6,1.0,0.5,96.600002,80,25,92.000005,138.000003,44.085716,1,1,1020,0
rho\set20\rho_0.8.py,rho,20,rho,0.8,2,8,5,0.5,0.5,0.8,0.6,1.0,0.5,110.400003,80,25,92.000005,138.000003,44.085716,1,1,1020,0
rho\set20\rho_0.9.py,rho,20,rho,0.9,2,8,5,0.5,0.5,0.9,0.6,1.0,0.5,124.200003,80,25,92.000005,138.000003,44.085716,1,1,1020,0
rho\set20\rho_1.py,rho,20,rho,1,2,8,5,0.5,0.5,1.0,0.6,1.0,0.5,138.000003,80,25,92.000005,138.000003,44.085716,1,1,1020,0
rho\set21\rho_0.2.py,rho,21,rho,0.2,2,8,5,0.5,0.5,0.2,0.6,1.0,0.5,27.599998,80,20,91.999994,137.999989,42.799997,1,1,1021,0
rho\set21\rho_0.3.py,rho,21,rho,0.3,2,8,5,0.5,0.5,0.3,0.6,1.0,0.5,41.399997,80,20,91.999994,137.999989,42.799997,1,1,1021,0
rho\set21\rho_0.4.py,rho,21,rho,0.4,2,8,5,0.5,0.5,0.4,0.6,1.0,0.5,55.199995,80,20,91.999994,137.999989,42.799997,1,1,1021,0
rho\set21\rho_0.5.py,rho,21,rho,0.5,2,8,5,0.5,0.5,0.5,0.6,1.0,0.5,68.999994,80,20,91.999994,137.999989,42.799997,1,1,1021,0
rho\set21\rho_0.6.py,rho,21,rho,0.6,2,8,5,0.5,0.5,0.6,0.6,1.0,0.5,82.799993,80,20,91.999994,137.999989,42.799997,1,1,1021,0
rho\set21\rho_0.7.py,rho,21,rho,0.7,2,8,5,0.5,0.5,0.7,0.6,1.0,0.5,96.599992,80,20,91.999994,137.999989,42.799997,1,1,1021,0
rho\set21\rho_0.8.py,rho,21,rho,0.8,2,8,5,0.5,0.5,0.8,0.6,1.0,0.5,110.399991,80,20,91.999994,137.999989,42.799997,1,1,1021,0
rho\set21\rho_0.9.py,rho,21,rho,0.9,2,8,5,0.5,0.5,0.9,0.6,1.0,0.5,124.19999,80,20,91.999994,137.999989,42.799997,1,1,1021,0
rho\set21\rho_1.py,rho,21,rho,1,2,8,5,0.5,0.5,1.0,0.6,1.0,0.5,137.999989,80,20,91.999994,137.999989,42.799997,1,1,1021,0
rho\set22\rho_0.2.py,rho,22,rho,0.2,2,8,5,0.5,0.5,0.2,0.6,1.0,0.5,27.600001,80,30,91.999999,138.000007,42.799999,1,1,1022,0
rho\set22\rho_0.3.py,rho,22,rho,0.3,2,8,5,0.5,0.5,0.3,0.6,1.0,0.5,41.400002,80,30,91.999999,138.000007,42.799999,1,1,1022,0
rho\set22\rho_0.4.py,rho,22,rho,0.4,2,8,5,0.5,0.5,0.4,0.6,1.0,0.5,55.200003,80,30,91.999999,138.000007,42.799999,1,1,1022,0
rho\set22\rho_0.5.py,rho,22,rho,0.5,2,8,5,0.5,0.5,0.5,0.6,1.0,0.5,69.000003,80,30,91.999999,138.000007,42.799999,1,1,1022,0
rho\set22\rho_0.6.py,rho,22,rho,0.6,2,8,5,0.5,0.5,0.6,0.6,1.0,0.5,82.800004,80,30,91.999999,138.000007,42.799999,1,1,1022,0
rho\set22\rho_0.7.py,rho,22,rho,0.7,2,8,5,0.5,0.5,0.7,0.6,1.0,0.5,96.600005,80,30,91.999999,138.000007,42.799999,1,1,1022,0
rho\set22\rho_0.8.py,rho,22,rho,0.8,2,8,5,0.5,0.5,0.8,0.6,1.0,0.5,110.400006,80,30,91.999999,138.000007,42.799999,1,1,1022,0
rho\set22\rho_0.9.py,rho,22,rho,0.9,2,8,5,0.5,0.5,0.9,0.6,1.0,0.5,124.200006,80,30,91.999999,138.000007,42.799999,1,1,1022,0
rho\set22\rho_1.py,rho,22,rho,1,2,8,5,0.5,0.5,1.0,0.6,1.0,0.5,138.000007,80,30,91.999999,138.000007,42.799999,1,1,1022,0
rho\set23\rho_0.2.py,rho,23,rho,0.2,2,8,5,0.5,0.5,0.2,0.6,1.0,0.5,27.600002,80,28,91.999999,138.000008,42.799999,1,1,1023,0
rho\set23\rho_0.3.py,rho,23,rho,0.3,2,8,5,0.5,0.5,0.3,0.6,1.0,0.5,41.400002,80,28,91.999999,138.000008,42.799999,1,1,1023,0
rho\set23\rho_0.4.py,rho,23,rho,0.4,2,8,5,0.5,0.5,0.4,0.6,1.0,0.5,55.200003,80,28,91.999999,138.000008,42.799999,1,1,1023,0
rho\set23\rho_0.5.py,rho,23,rho,0.5,2,8,5,0.5,0.5,0.5,0.6,1.0,0.5,69.000004,80,28,91.999999,138.000008,42.799999,1,1,1023,0
rho\set23\rho_0.6.py,rho,23,rho,0.6,2,8,5,0.5,0.5,0.6,0.6,1.0,0.5,82.800005,80,28,91.999999,138.000008,42.799999,1,1,1023,0
rho\set23\rho_0.7.py,rho,23,rho,0.7,2,8,5,0.5,0.5,0.7,0.6,1.0,0.5,96.600006,80,28,91.999999,138.000008,42.799999,1,1,1023,0
rho\set23\rho_0.8.py,rho,23,rho,0.8,2,8,5,0.5,0.5,0.8,0.6,1.0,0.5,110.400006,80,28,91.999999,138.000008,42.799999,1,1,1023,0
rho\set23\rho_0.9.py,rho,23,rho,0.9,2,8,5,0.5,0.5,0.9,0.6,1.0,0.5,124.200007,80,28,91.999999,138.000008,42.799999,1,1,1023,0
rho\set23\rho_1.py,rho,23,rho,1,2,8,5,0.5,0.5,1.0,0.6,1.0,0.5,138.000008,80,28,91.999999,138.000008,42.799999,1,1,1023,0
rho\set24\rho_0.2.py,rho,24,rho,0.2,2,8,5,0.5,0.5,0.2,0.6,1.0,0.5,27.6,80,21,91.999998,138.000001,46.018181,1,1,1024,0
rho\set24\rho_0.3.py,rho,24,rho,0.3,2,8,5,0.5,0.5,0.3,0.6,1.0,0.5,41.4,80,21,91.999998,138.000001,46.018181,1,1,1024,0
rho\set24\rho_0.4.py,rho,24,rho,0.4,2,8,5,0.5,0.5,0.4,0.6,1.0,0.5,55.2,80,21,91.999998,138.000001,46.018181,1,1,1024,0
rho\set24\rho_0.5.py,rho,24,rho,0.5,2,8,5,0.5,0.5,0.5,0.6,1.0,0.5,69.000001,80,21,91.999998,138.000001,46.018181,1,1,1024,0
rho\set24\rho_0.6.py,rho,24,rho,0.6,2,8,5,0.5,0.5,0.6,0.6,1.0,0.5,82.800001,80,21,91.999998,138.000001,46.018181,1,1,1024,0
rho\set24\rho_0.7.py,rho,24,rho,0.7,2,8,5,0.5,0.5,0.7,0.6,1.0,0.5,96.600001,80,21,91.999998,138.000001,46.018181,1,1,1024,0
rho\set24\rho_0.8.py,rho,24,rho,0.8,2,8,5,0.5,0.5,0.8,0.6,1.0,0.5,110.400001,80,21,91.999998,138.000001,46.018181,1,1,1024,0
rho\set24\rho_0.9.py,rho,24,rho,0.9,2,8,5,0.5,0.5,0.9,0.6,1.0,0.5,124.200001,80,21,91.999998,138.000001,46.018181,1,1,1024,0
rho\set24\rho_1.py,rho,24,rho,1,2,8,5,0.5,0.5,1.0,0.6,1.0,0.5,138.000001,80,21,91.999998,138.000001,46.018181,1,1,1024,0
rho\set25\rho_0.2.py,rho,25,rho,0.2,2,8,5,0.5,0.5,0.2,0.6,1.0,0.5,27.6,80,23,91.999995,138.0,42.866665,1,1,1025,0
rho\set25\rho_0.3.py,rho,25,rho,0.3,2,8,5,0.5,0.5,0.3,0.6,1.0,0.5,41.4,80,23,91.999995,138.0,42.866665,1,1,1025,0
rho\set25\rho_0.4.py,rho,25,rho,0.4,2,8,5,0.5,0.5,0.4,0.6,1.0,0.5,55.2,80,23,91.999995,138.0,42.866665,1,1,1025,0
rho\set25\rho_0.5.py,rho,25,rho,0.5,2,8,5,0.5,0.5,0.5,0.6,1.0,0.5,69.0,80,23,91.999995,138.0,42.866665,1,1,1025,0
rho\set25\rho_0.6.py,rho,25,rho,0.6,2,8,5,0.5,0.5,0.6,0.6,1.0,0.5,82.8,80,23,91.999995,138.0,42.866665,1,1,1025,0
rho\set25\rho_0.7.py,rho,25,rho,0.7,2,8,5,0.5,0.5,0.7,0.6,1.0,0.5,96.6,80,23,91.999995,138.0,42.866665,1,1,1025,0
rho\set25\rho_0.8.py,rho,25,rho,0.8,2,8,5,0.5,0.5,0.8,0.6,1.0,0.5,110.4,80,23,91.999995,138.0,42.866665,1,1,1025,0
rho\set25\rho_0.9.py,rho,25,rho,0.9,2,8,5,0.5,0.5,0.9,0.6,1.0,0.5,124.2,80,23,91.999995,138.0,42.866665,1,1,1025,0
rho\set25\rho_1.py,rho,25,rho,1,2,8,5,0.5,0.5,1.0,0.6,1.0,0.5,138.0,80,23,91.999995,138.0,42.866665,1,1,1025,0
rho\set26\rho_0.2.py,rho,26,rho,0.2,2,8,5,0.5,0.5,0.2,0.6,1.0,0.5,27.6,80,27,92.000007,137.999998,44.000003,1,1,1026,0
rho\set26\rho_0.3.py,rho,26,rho,0.3,2,8,5,0.5,0.5,0.3,0.6,1.0,0.5,41.399999,80,27,92.000007,137.999998,44.000003,1,1,1026,0
rho\set26\rho_0.4.py,rho,26,rho,0.4,2,8,5,0.5,0.5,0.4,0.6,1.0,0.5,55.199999,80,27,92.000007,137.999998,44.000003,1,1,1026,0
rho\set26\rho_0.5.py,rho,26,rho,0.5,2,8,5,0.5,0.5,0.5,0.6,1.0,0.5,68.999999,80,27,92.000007,137.999998,44.000003,1,1,1026,0
rho\set26\rho_0.6.py,rho,26,rho,0.6,2,8,5,0.5,0.5,0.6,0.6,1.0,0.5,82.799999,80,27,92.000007,137.999998,44.000003,1,1,1026,0
rho\set26\rho_0.7.py,rho,26,rho,0.7,2,8,5,0.5,0.5,0.7,0.6,1.0,0.5,96.599998,80,27,92.000007,137.999998,44.000003,1,1,1026,0
rho\set26\rho_0.8.py,rho,26,rho,0.8,2,8,5,0.5,0.5,0.8,0.6,1.0,0.5,110.399998,80,27,92.000007,137.999998,44.000003,1,1,1026,0
rho\set26\rho_0.9.py,rho,26,rho,0.9,2,8,5,0.5,0.5,0.9,0.6,1.0,0.5,124.199998,80,27,92.000007,137.999998,44.000003,1,1,1026,0
rho\set26\rho_1.py,rho,26,rho,1,2,8,5,0.5,0.5,1.0,0.6,1.0,0.5,137.999998,80,27,92.000007,137.999998,44.000003,1,1,1026,0
rho\set27\rho_0.2.py,rho,27,rho,0.2,2,8,5,0.5,0.5,0.2,0.6,1.0,0.5,27.600002,80,40,92.000005,138.000008,44.085716,1,1,1027,0
rho\set27\rho_0.3.py,rho,27,rho,0.3,2,8,5,0.5,0.5,0.3,0.6,1.0,0.5,41.400002,80,40,92.000005,138.000008,44.085716,1,1,1027,0
rho\set27\rho_0.4.py,rho,27,rho,0.4,2,8,5,0.5,0.5,0.4,0.6,1.0,0.5,55.200003,80,40,92.000005,138.000008,44.085716,1,1,1027,0
rho\set27\rho_0.5.py,rho,27,rho,0.5,2,8,5,0.5,0.5,0.5,0.6,1.0,0.5,69.000004,80,40,92.000005,138.000008,44.085716,1,1,1027,0
rho\set27\rho_0.6.py,rho,27,rho,0.6,2,8,5,0.5,0.5,0.6,0.6,1.0,0.5,82.800005,80,40,92.000005,138.000008,44.085716,1,1,1027,0
rho\set27\rho_0.7.py,rho,27,rho,0.7,2,8,5,0.5,0.5,0.7,0.6,1.0,0.5,96.600006,80,40,92.000005,138.000008,44.085716,1,1,1027,0
rho\set27\rho_0.8.py,rho,27,rho,0.8,2,8,5,0.5,0.5,0.8,0.6,1.0,0.5,110.400006,80,40,92.000005,138.000008,44.085716,1,1,1027,0
rho\set27\rho_0.9.py,rho,27,rho,0.9,2,8,5,0.5,0.5,0.9,0.6,1.0,0.5,124.200007,80,40,92.000005,138.000008,44.085716,1,1,1027,0
rho\set27\rho_1.py,rho,27,rho,1,2,8,5,0.5,0.5,1.0,0.6,1.0,0.5,138.000008,80,40,92.000005,138.000008,44.085716,1,1,1027,0
rho\set28\rho_0.2.py,rho,28,rho,0.2,2,8,5,0.5,0.5,0.2,0.6,1.0,0.5,27.599999,80,23,91.999995,137.999993,43.999998,1,1,1028,0
rho\set28\rho_0.3.py,rho,28,rho,0.3,2,8,5,0.5,0.5,0.3,0.6,1.0,0.5,41.399998,80,23,91.999995,137.999993,43.999998,1,1,1028,0
rho\set28\rho_0.4.py,rho,28,rho,0.4,2,8,5,0.5,0.5,0.4,0.6,1.0,0.5,55.199997,80,23,91.999995,137.999993,43.999998,1,1,1028,0
rho\set28\rho_0.5.py,rho,28,rho,0.5,2,8,5,0.5,0.5,0.5,0.6,1.0,0.5,68.999997,80,23,91.999995,137.999993,43.999998,1,1,1028,0
rho\set28\rho_0.6.py,rho,28,rho,0.6,2,8,5,0.5,0.5,0.6,0.6,1.0,0.5,82.799996,80,23,91.999995,137.999993,43.999998,1,1,1028,0
rho\set28\rho_0.7.py,rho,28,rho,0.7,2,8,5,0.5,0.5,0.7,0.6,1.0,0.5,96.599995,80,23,91.999995,137.999993,43.999998,1,1,1028,0
rho\set28\rho_0.8.py,rho,28,rho,0.8,2,8,5,0.5,0.5,0.8,0.6,1.0,0.5,110.399994,80,23,91.999995,137.999993,43.999998,1,1,1028,0
rho\set28\rho_0.9.py,rho,28,rho,0.9,2,8,5,0.5,0.5,0.9,0.6,1.0,0.5,124.199994,80,23,91.999995,137.999993,43.999998,1,1,1028,0
rho\set28\rho_1.py,rho,28,rho,1,2,8,5,0.5,0.5,1.0,0.6,1.0,0.5,137.999993,80,23,91.999995,137.999993,43.999998,1,1,1028,0
rho\set29\rho_0.2.py,rho,29,rho,0.2,2,8,5,0.5,0.5,0.2,0.6,1.0,0.5,27.600001,80,21,91.999999,138.000005,43.999999,1,1,1029,0
rho\set29\rho_0.3.py,rho,29,rho,0.3,2,8,5,0.5,0.5,0.3,0.6,1.0,0.5,41.400001,80,21,91.999999,138.000005,43.999999,1,1,1029,0
rho\set29\rho_0.4.py,rho,29,rho,0.4,2,8,5,0.5,0.5,0.4,0.6,1.0,0.5,55.200002,80,21,91.999999,138.000005,43.999999,1,1,1029,0
rho\set29\rho_0.5.py,rho,29,rho,0.5,2,8,5,0.5,0.5,0.5,0.6,1.0,0.5,69.000002,80,21,91.999999,138.000005,43.999999,1,1,1029,0
rho\set29\rho_0.6.py,rho,29,rho,0.6,2,8,5,0.5,0.5,0.6,0.6,1.0,0.5,82.800003,80,21,91.999999,138.000005,43.999999,1,1,1029,0
rho\set29\rho_0.7.py,rho,29,rho,0.7,2,8,5,0.5,0.5,0.7,0.6,1.0,0.5,96.600003,80,21,91.999999,138.000005,43.999999,1,1,1029,0
rho\set29\rho_0.8.py,rho,29,rho,0.8,2,8,5,0.5,0.5,0.8,0.6,1.0,0.5,110.400004,80,21,91.999999,138.000005,43.999999,1,1,1029,0
rho\set29\rho_0.9.py,rho,29,rho,0.9,2,8,5,0.5,0.5,0.9,0.6,1.0,0.5,124.200004,80,21,91.999999,138.000005,43.999999,1,1,1029,0
rho\set29\rho_1.py,rho,29,rho,1,2,8,5,0.5,0.5,1.0,0.6,1.0,0.5,138.000005,80,21,91.999999,138.000005,43.999999,1,1,1029,0
rho\set30\rho_0.2.py,rho,30,rho,0.2,2,8,5,0.5,0.5,0.2,0.6,1.0,0.5,27.6,80,26,91.999999,138.0,42.799999,1,1,1030,0
rho\set30\rho_0.3.py,rho,30,rho,0.3,2,8,5,0.5,0.5,0.3,0.6,1.0,0.5,41.4,80,26,91.999999,138.0,42.799999,1,1,1030,0
rho\set30\rho_0.4.py,rho,30,rho,0.4,2,8,5,0.5,0.5,0.4,0.6,1.0,0.5,55.2,80,26,91.999999,138.0,42.799999,1,1,1030,0
rho\set30\rho_0.5.py,rho,30,rho,0.5,2,8,5,0.5,0.5,0.5,0.6,1.0,0.5,69.0,80,26,91.999999,138.0,42.799999,1,1,1030,0
rho\set30\rho_0.6.py,rho,30,rho,0.6,2,8,5,0.5,0.5,0.6,0.6,1.0,0.5,82.8,80,26,91.999999,138.0,42.799999,1,1,1030,0
rho\set30\rho_0.7.py,rho,30,rho,0.7,2,8,5,0.5,0.5,0.7,0.6,1.0,0.5,96.6,80,26,91.999999,138.0,42.799999,1,1,1030,0
rho\set30\rho_0.8.py,rho,30,rho,0.8,2,8,5,0.5,0.5,0.8,0.6,1.0,0.5,110.4,80,26,91.999999,138.0,42.799999,1,1,1030,0
rho\set30\rho_0.9.py,rho,30,rho,0.9,2,8,5,0.5,0.5,0.9,0.6,1.0,0.5,124.2,80,26,91.999999,138.0,42.799999,1,1,1030,0
rho\set30\rho_1.py,rho,30,rho,1,2,8,5,0.5,0.5,1.0,0.6,1.0,0.5,138.0,80,26,91.999999,138.0,42.799999,1,1,1030,0
rho\set31\rho_0.2.py,rho,31,rho,0.2,2,8,5,0.5,0.5,0.2,0.6,1.0,0.5,27.599998,80,29,91.999997,137.999988,47.199998,1,1,1031,0
rho\set31\rho_0.3.py,rho,31,rho,0.3,2,8,5,0.5,0.5,0.3,0.6,1.0,0.5,41.399997,80,29,91.999997,137.999988,47.199998,1,1,1031,0
rho\set31\rho_0.4.py,rho,31,rho,0.4,2,8,5,0.5,0.5,0.4,0.6,1.0,0.5,55.199995,80,29,91.999997,137.999988,47.199998,1,1,1031,0
rho\set31\rho_0.5.py,rho,31,rho,0.5,2,8,5,0.5,0.5,0.5,0.6,1.0,0.5,68.999994,80,29,91.999997,137.999988,47.199998,1,1,1031,0
rho\set31\rho_0.6.py,rho,31,rho,0.6,2,8,5,0.5,0.5,0.6,0.6,1.0,0.5,82.799993,80,29,91.999997,137.999988,47.199998,1,1,1031,0
rho\set31\rho_0.7.py,rho,31,rho,0.7,2,8,5,0.5,0.5,0.7,0.6,1.0,0.5,96.599992,80,29,91.999997,137.999988,47.199998,1,1,1031,0
rho\set31\rho_0.8.py,rho,31,rho,0.8,2,8,5,0.5,0.5,0.8,0.6,1.0,0.5,110.399991,80,29,91.999997,137.999988,47.199998,1,1,1031,0
rho\set31\rho_0.9.py,rho,31,rho,0.9,2,8,5,0.5,0.5,0.9,0.6,1.0,0.5,124.19999,80,29,91.999997,137.999988,47.199998,1,1,1031,0
rho\set31\rho_1.py,rho,31,rho,1,2,8,5,0.5,0.5,1.0,0.6,1.0,0.5,137.999988,80,29,91.999997,137.999988,47.199998,1,1,1031,0
rho\set32\rho_0.2.py,rho,32,rho,0.2,2,8,5,0.5,0.5,0.2,0.6,1.0,0.5,27.600001,80,26,92.000001,138.000007,42.800001,1,1,1032,0
rho\set32\rho_0.3.py,rho,32,rho,0.3,2,8,5,0.5,0.5,0.3,0.6,1.0,0.5,41.400002,80,26,92.000001,138.000007,42.800001,1,1,1032,0
rho\set32\rho_0.4.py,rho,32,rho,0.4,2,8,5,0.5,0.5,0.4,0.6,1.0,0.5,55.200003,80,26,92.000001,138.000007,42.800001,1,1,1032,0
rho\set32\rho_0.5.py,rho,32,rho,0.5,2,8,5,0.5,0.5,0.5,0.6,1.0,0.5,69.000003,80,26,92.000001,138.000007,42.800001,1,1,1032,0
rho\set32\rho_0.6.py,rho,32,rho,0.6,2,8,5,0.5,0.5,0.6,0.6,1.0,0.5,82.800004,80,26,92.000001,138.000007,42.800001,1,1,1032,0
rho\set32\rho_0.7.py,rho,32,rho,0.7,2,8,5,0.5,0.5,0.7,0.6,1.0,0.5,96.600005,80,26,92.000001,138.000007,42.800001,1,1,1032,0
rho\set32\rho_0.8.py,rho,32,rho,0.8,2,8,5,0.5,0.5,0.8,0.6,1.0,0.5,110.400006,80,26,92.000001,138.000007,42.800001,1,1,1032,0
rho\set32\rho_0.9.py,rho,32,rho,0.9,2,8,5,0.5,0.5,0.9,0.6,1.0,0.5,124.200006,80,26,92.000001,138.000007,42.800001,1,1,1032,0
rho\set32\rho_1.py,rho,32,rho,1,2,8,5,0.5,0.5,1.0,0.6,1.0,0.5,138.000007,80,26,92.000001,138.000007,42.800001,1,1,1032,0
rho\set33\rho_0.2.py,rho,33,rho,0.2,2,8,5,0.5,0.5,0.2,0.6,1.0,0.5,27.6,80,36,91.999998,138.0,42.866666,1,1,1033,0
rho\set33\rho_0.3.py,rho,33,rho,0.3,2,8,5,0.5,0.5,0.3,0.6,1.0,0.5,41.4,80,36,91.999998,138.0,42.866666,1,1,1033,0
rho\set33\rho_0.4.py,rho,33,rho,0.4,2,8,5,0.5,0.5,0.4,0.6,1.0,0.5,55.2,80,36,91.999998,138.0,42.866666,1,1,1033,0
rho\set33\rho_0.5.py,rho,33,rho,0.5,2,8,5,0.5,0.5,0.5,0.6,1.0,0.5,69.0,80,36,91.999998,138.0,42.866666,1,1,1033,0
rho\set33\rho_0.6.py,rho,33,rho,0.6,2,8,5,0.5,0.5,0.6,0.6,1.0,0.5,82.8,80,36,91.999998,138.0,42.866666,1,1,1033,0
rho\set33\rho_0.7.py,rho,33,rho,0.7,2,8,5,0.5,0.5,0.7,0.6,1.0,0.5,96.6,80,36,91.999998,138.0,42.866666,1,1,1033,0
rho\set33\rho_0.8.py,rho,33,rho,0.8,2,8,5,0.5,0.5,0.8,0.6,1.0,0.5,110.4,80,36,91.999998,138.0,42.866666,1,1,1033,0
rho\set33\rho_0.9.py,rho,33,rho,0.9,2,8,5,0.5,0.5,0.9,0.6,1.0,0.5,124.2,80,36,91.999998,138.0,42.866666,1,1,1033,0
rho\set33\rho_1.py,rho,33,rho,1,2,8,5,0.5,0.5,1.0,0.6,1.0,0.5,138.0,80,36,91.999998,138.0,42.866666,1,1,1033,0
rho\set34\rho_0.2.py,rho,34,rho,0.2,2,8,5,0.5,0.5,0.2,0.6,1.0,0.5,27.599999,80,29,92.000003,137.999995,44.085716,1,1,1034,0
rho\set34\rho_0.3.py,rho,34,rho,0.3,2,8,5,0.5,0.5,0.3,0.6,1.0,0.5,41.399999,80,29,92.000003,137.999995,44.085716,1,1,1034,0
rho\set34\rho_0.4.py,rho,34,rho,0.4,2,8,5,0.5,0.5,0.4,0.6,1.0,0.5,55.199998,80,29,92.000003,137.999995,44.085716,1,1,1034,0
rho\set34\rho_0.5.py,rho,34,rho,0.5,2,8,5,0.5,0.5,0.5,0.6,1.0,0.5,68.999998,80,29,92.000003,137.999995,44.085716,1,1,1034,0
rho\set34\rho_0.6.py,rho,34,rho,0.6,2,8,5,0.5,0.5,0.6,0.6,1.0,0.5,82.799997,80,29,92.000003,137.999995,44.085716,1,1,1034,0
rho\set34\rho_0.7.py,rho,34,rho,0.7,2,8,5,0.5,0.5,0.7,0.6,1.0,0.5,96.599997,80,29,92.000003,137.999995,44.085716,1,1,1034,0
rho\set34\rho_0.8.py,rho,34,rho,0.8,2,8,5,0.5,0.5,0.8,0.6,1.0,0.5,110.399996,80,29,92.000003,137.999995,44.085716,1,1,1034,0
rho\set34\rho_0.9.py,rho,34,rho,0.9,2,8,5,0.5,0.5,0.9,0.6,1.0,0.5,124.199996,80,29,92.000003,137.999995,44.085716,1,1,1034,0
rho\set34\rho_1.py,rho,34,rho,1,2,8,5,0.5,0.5,1.0,0.6,1.0,0.5,137.999995,80,29,92.000003,137.999995,44.085716,1,1,1034,0
rho\set35\rho_0.2.py,rho,35,rho,0.2,2,8,5,0.5,0.5,0.2,0.6,1.0,0.5,27.6,80,36,92.000003,137.999999,42.800002,1,1,1035,0
rho\set35\rho_0.3.py,rho,35,rho,0.3,2,8,5,0.5,0.5,0.3,0.6,1.0,0.5,41.4,80,36,92.000003,137.999999,42.800002,1,1,1035,0
rho\set35\rho_0.4.py,rho,35,rho,0.4,2,8,5,0.5,0.5,0.4,0.6,1.0,0.5,55.2,80,36,92.000003,137.999999,42.800002,1,1,1035,0
rho\set35\rho_0.5.py,rho,35,rho,0.5,2,8,5,0.5,0.5,0.5,0.6,1.0,0.5,68.999999,80,36,92.000003,137.999999,42.800002,1,1,1035,0
rho\set35\rho_0.6.py,rho,35,rho,0.6,2,8,5,0.5,0.5,0.6,0.6,1.0,0.5,82.799999,80,36,92.000003,137.999999,42.800002,1,1,1035,0
rho\set35\rho_0.7.py,rho,35,rho,0.7,2,8,5,0.5,0.5,0.7,0.6,1.0,0.5,96.599999,80,36,92.000003,137.999999,42.800002,1,1,1035,0
rho\set35\rho_0.8.py,rho,35,rho,0.8,2,8,5,0.5,0.5,0.8,0.6,1.0,0.5,110.399999,80,36,92.000003,137.999999,42.800002,1,1,1035,0
rho\set35\rho_0.9.py,rho,35,rho,0.9,2,8,5,0.5,0.5,0.9,0.6,1.0,0.5,124.199999,80,36,92.000003,137.999999,42.800002,1,1,1035,0
rho\set35\rho_1.py,rho,35,rho,1,2,8,5,0.5,0.5,1.0,0.6,1.0,0.5,137.999999,80,36,92.000003,137.999999,42.800002,1,1,1035,0
rho\set36\rho_0.2.py,rho,36,rho,0.2,2,8,5,0.5,0.5,0.2,0.6,1.0,0.5,27.6,80,34,92.000006,138.000002,44.085717,1,1,1036,0
rho\set36\rho_0.3.py,rho,36,rho,0.3,2,8,5,0.5,0.5,0.3,0.6,1.0,0.5,41.400001,80,34,92.000006,138.000002,44.085717,1,1,1036,0
rho\set36\rho_0.4.py,rho,36,rho,0.4,2,8,5,0.5,0.5,0.4,0.6,1.0,0.5,55.200001,80,34,92.000006,138.000002,44.085717,1,1,1036,0
rho\set36\rho_0.5.py,rho,36,rho,0.5,2,8,5,0.5,0.5,0.5,0.6,1.0,0.5,69.000001,80,34,92.000006,138.000002,44.085717,1,1,1036,0
rho\set36\rho_0.6.py,rho,36,rho,0.6,2,8,5,0.5,0.5,0.6,0.6,1.0,0.5,82.800001,80,34,92.000006,138.000002,44.085717,1,1,1036,0
rho\set36\rho_0.7.py,rho,36,rho,0.7,2,8,5,0.5,0.5,0.7,0.6,1.0,0.5,96.600002,80,34,92.000006,138.000002,44.085717,1,1,1036,0
rho\set36\rho_0.8.py,rho,36,rho,0.8,2,8,5,0.5,0.5,0.8,0.6,1.0,0.5,110.400002,80,34,92.000006,138.000002,44.085717,1,1,1036,0
rho\set36\rho_0.9.py,rho,36,rho,0.9,2,8,5,0.5,0.5,0.9,0.6,1.0,0.5,124.200002,80,34,92.000006,138.000002,44.085717,1,1,1036,0
rho\set36\rho_1.py,rho,36,rho,1,2,8,5,0.5,0.5,1.0,0.6,1.0,0.5,138.000002,80,34,92.000006,138.000002,44.085717,1,1,1036,0
rho\set37\rho_0.2.py,rho,37,rho,0.2,2,8,5,0.5,0.5,0.2,0.6,1.0,0.5,27.600003,80,35,92.000008,138.000015,44.085718,1,1,1037,0
rho\set37\rho_0.3.py,rho,37,rho,0.3,2,8,5,0.5,0.5,0.3,0.6,1.0,0.5,41.400004,80,35,92.000008,138.000015,44.085718,1,1,1037,0
rho\set37\rho_0.4.py,rho,37,rho,0.4,2,8,5,0.5,0.5,0.4,0.6,1.0,0.5,55.200006,80,35,92.000008,138.000015,44.085718,1,1,1037,0
rho\set37\rho_0.5.py,rho,37,rho,0.5,2,8,5,0.5,0.5,0.5,0.6,1.0,0.5,69.000007,80,35,92.000008,138.000015,44.085718,1,1,1037,0
rho\set37\rho_0.6.py,rho,37,rho,0.6,2,8,5,0.5,0.5,0.6,0.6,1.0,0.5,82.800009,80,35,92.000008,138.000015,44.085718,1,1,1037,0
rho\set37\rho_0.7.py,rho,37,rho,0.7,2,8,5,0.5,0.5,0.7,0.6,1.0,0.5,96.60001,80,35,92.000008,138.000015,44.085718,1,1,1037,0
rho\set37\rho_0.8.py,rho,37,rho,0.8,2,8,5,0.5,0.5,0.8,0.6,1.0,0.5,110.400012,80,35,92.000008,138.000015,44.085718,1,1,1037,0
rho\set37\rho_0.9.py,rho,37,rho,0.9,2,8,5,0.5,0.5,0.9,0.6,1.0,0.5,124.200013,80,35,92.000008,138.000015,44.085718,1,1,1037,0
rho\set37\rho_1.py,rho,37,rho,1,2,8,5,0.5,0.5,1.0,0.6,1.0,0.5,138.000015,80,35,92.000008,138.000015,44.085718,1,1,1037,0
rho\set38\rho_0.2.py,rho,38,rho,0.2,2,8,5,0.5,0.5,0.2,0.6,1.0,0.5,27.600002,80,26,91.999997,138.00001,42.799998,1,1,1038,0
rho\set38\rho_0.3.py,rho,38,rho,0.3,2,8,5,0.5,0.5,0.3,0.6,1.0,0.5,41.400003,80,26,91.999997,138.00001,42.799998,1,1,1038,0
rho\set38\rho_0.4.py,rho,38,rho,0.4,2,8,5,0.5,0.5,0.4,0.6,1.0,0.5,55.200004,80,26,91.999997,138.00001,42.799998,1,1,1038,0
rho\set38\rho_0.5.py,rho,38,rho,0.5,2,8,5,0.5,0.5,0.5,0.6,1.0,0.5,69.000005,80,26,91.999997,138.00001,42.799998,1,1,1038,0
rho\set38\rho_0.6.py,rho,38,rho,0.6,2,8,5,0.5,0.5,0.6,0.6,1.0,0.5,82.800006,80,26,91.999997,138.00001,42.799998,1,1,1038,0
rho\set38\rho_0.7.py,rho,38,rho,0.7,2,8,5,0.5,0.5,0.7,0.6,1.0,0.5,96.600007,80,26,91.999997,138.00001,42.799998,1,1,1038,0
rho\set38\rho_0.8.py,rho,38,rho,0.8,2,8,5,0.5,0.5,0.8,0.6,1.0,0.5,110.400008,80,26,91.999997,138.00001,42.799998,1,1,1038,0
rho\set38\rho_0.9.py,rho,38,rho,0.9,2,8,5,0.5,0.5,0.9,0.6,1.0,0.5,124.200009,80,26,91.999997,138.00001,42.799998,1,1,1038,0
rho\set38\rho_1.py,rho,38,rho,1,2,8,5,0.5,0.5,1.0,0.6,1.0,0.5,138.00001,80,26,91.999997,138.00001,42.799998,1,1,1038,0
rho\set39\rho_0.2.py,rho,39,rho,0.2,2,8,5,0.5,0.5,0.2,0.6,1.0,0.5,27.599999,80,36,91.999989,137.999997,42.799995,1,1,1039,0
rho\set39\rho_0.3.py,rho,39,rho,0.3,2,8,5,0.5,0.5,0.3,0.6,1.0,0.5,41.399999,80,36,91.999989,137.999997,42.799995,1,1,1039,0
rho\set39\rho_0.4.py,rho,39,rho,0.4,2,8,5,0.5,0.5,0.4,0.6,1.0,0.5,55.199999,80,36,91.999989,137.999997,42.799995,1,1,1039,0
rho\set39\rho_0.5.py,rho,39,rho,0.5,2,8,5,0.5,0.5,0.5,0.6,1.0,0.5,68.999998,80,36,91.999989,137.999997,42.799995,1,1,1039,0
rho\set39\rho_0.6.py,rho,39,rho,0.6,2,8,5,0.5,0.5,0.6,0.6,1.0,0.5,82.799998,80,36,91.999989,137.999997,42.799995,1,1,1039,0
rho\set39\rho_0.7.py,rho,39,rho,0.7,2,8,5,0.5,0.5,0.7,0.6,1.0,0.5,96.599998,80,36,91.999989,137.999997,42.799995,1,1,1039,0
rho\set39\rho_0.8.py,rho,39,rho,0.8,2,8,5,0.5,0.5,0.8,0.6,1.0,0.5,110.399997,80,36,91.999989,137.999997,42.799995,1,1,1039,0
rho\set39\rho_0.9.py,rho,39,rho,0.9,2,8,5,0.5,0.5,0.9,0.6,1.0,0.5,124.199997,80,36,91.999989,137.999997,42.799995,1,1,1039,0
rho\set39\rho_1.py,rho,39,rho,1,2,8,5,0.5,0.5,1.0,0.6,1.0,0.5,137.999997,80,36,91.999989,137.999997,42.799995,1,1,1039,0
rho\set40\rho_0.2.py,rho,40,rho,0.2,2,8,5,0.5,0.5,0.2,0.6,1.0,0.5,27.599998,80,29,92.000003,137.999991,42.800002,1,1,1040,0
rho\set40\rho_0.3.py,rho,40,rho,0.3,2,8,5,0.5,0.5,0.3,0.6,1.0,0.5,41.399997,80,29,92.000003,137.999991,42.800002,1,1,1040,0
rho\set40\rho_0.4.py,rho,40,rho,0.4,2,8,5,0.5,0.5,0.4,0.6,1.0,0.5,55.199996,80,29,92.000003,137.999991,42.800002,1,1,1040,0
rho\set40\rho_0.5.py,rho,40,rho,0.5,2,8,5,0.5,0.5,0.5,0.6,1.0,0.5,68.999995,80,29,92.000003,137.999991,42.800002,1,1,1040,0
rho\set40\rho_0.6.py,rho,40,rho,0.6,2,8,5,0.5,0.5,0.6,0.6,1.0,0.5,82.799994,80,29,92.000003,137.999991,42.800002,1,1,1040,0
rho\set40\rho_0.7.py,rho,40,rho,0.7,2,8,5,0.5,0.5,0.7,0.6,1.0,0.5,96.599994,80,29,92.000003,137.999991,42.800002,1,1,1040,0
rho\set40\rho_0.8.py,rho,40,rho,0.8,2,8,5,0.5,0.5,0.8,0.6,1.0,0.5,110.399993,80,29,92.000003,137.999991,42.800002,1,1,1040,0
rho\set40\rho_0.9.py,rho,40,rho,0.9,2,8,5,0.5,0.5,0.9,0.6,1.0,0.5,124.199992,80,29,92.000003,137.999991,42.800002,1,1,1040,0
rho\set40\rho_1.py,rho,40,rho,1,2,8,5,0.5,0.5,1.0,0.6,1.0,0.5,137.999991,80,29,92.000003,137.999991,42.800002,1,1,1040,0
rho\set41\rho_0.2.py,rho,41,rho,0.2,2,8,5,0.5,0.5,0.2,0.6,1.0,0.5,27.599995,80,36,91.999995,137.999974,42.799998,1,1,1041,0
rho\set41\rho_0.3.py,rho,41,rho,0.3,2,8,5,0.5,0.5,0.3,0.6,1.0,0.5,41.399992,80,36,91.999995,137.999974,42.799998,1,1,1041,0
rho\set41\rho_0.4.py,rho,41,rho,0.4,2,8,5,0.5,0.5,0.4,0.6,1.0,0.5,55.199989,80,36,91.999995,137.999974,42.799998,1,1,1041,0
rho\set41\rho_0.5.py,rho,41,rho,0.5,2,8,5,0.5,0.5,0.5,0.6,1.0,0.5,68.999987,80,36,91.999995,137.999974,42.799998,1,1,1041,0
rho\set41\rho_0.6.py,rho,41,rho,0.6,2,8,5,0.5,0.5,0.6,0.6,1.0,0.5,82.799984,80,36,91.999995,137.999974,42.799998,1,1,1041,0
rho\set41\rho_0.7.py,rho,41,rho,0.7,2,8,5,0.5,0.5,0.7,0.6,1.0,0.5,96.599981,80,36,91.999995,137.999974,42.799998,1,1,1041,0
rho\set41\rho_0.8.py,rho,41,rho,0.8,2,8,5,0.5,0.5,0.8,0.6,1.0,0.5,110.399979,80,36,91.999995,137.999974,42.799998,1,1,1041,0
rho\set41\rho_0.9.py,rho,41,rho,0.9,2,8,5,0.5,0.5,0.9,0.6,1.0,0.5,124.199976,80,36,91.999995,137.999974,42.799998,1,1,1041,0
rho\set41\rho_1.py,rho,41,rho,1,2,8,5,0.5,0.5,1.0,0.6,1.0,0.5,137.999974,80,36,91.999995,137.999974,42.799998,1,1,1041,0
rho\set42\rho_0.2.py,rho,42,rho,0.2,2,8,5,0.5,0.5,0.2,0.6,1.0,0.5,27.600001,80,23,92.000002,138.000006,42.800001,1,1,1042,0
rho\set42\rho_0.3.py,rho,42,rho,0.3,2,8,5,0.5,0.5,0.3,0.6,1.0,0.5,41.400002,80,23,92.000002,138.000006,42.800001,1,1,1042,0
rho\set42\rho_0.4.py,rho,42,rho,0.4,2,8,5,0.5,0.5,0.4,0.6,1.0,0.5,55.200002,80,23,92.000002,138.000006,42.800001,1,1,1042,0
rho\set42\rho_0.5.py,rho,42,rho,0.5,2,8,5,0.5,0.5,0.5,0.6,1.0,0.5,69.000003,80,23,92.000002,138.000006,42.800001,1,1,1042,0
rho\set42\rho_0.6.py,rho,42,rho,0.6,2,8,5,0.5,0.5,0.6,0.6,1.0,0.5,82.800003,80,23,92.000002,138.000006,42.800001,1,1,1042,0
rho\set42\rho_0.7.py,rho,42,rho,0.7,2,8,5,0.5,0.5,0.7,0.6,1.0,0.5,96.600004,80,23,92.000002,138.000006,42.800001,1,1,1042,0
rho\set42\rho_0.8.py,rho,42,rho,0.8,2,8,5,0.5,0.5,0.8,0.6,1.0,0.5,110.400005,80,23,92.000002,138.000006,42.800001,1,1,1042,0
rho\set42\rho_0.9.py,rho,42,rho,0.9,2,8,5,0.5,0.5,0.9,0.6,1.0,0.5,124.200005,80,23,92.000002,138.000006,42.800001,1,1,1042,0
rho\set42\rho_1.py,rho,42,rho,1,2,8,5,0.5,0.5,1.0,0.6,1.0,0.5,138.000006,80,23,92.000002,138.000006,42.800001,1,1,1042,0
rho\set43\rho_0.2.py,rho,43,rho,0.2,2,8,5,0.5,0.5,0.2,0.6,1.0,0.5,27.599999,80,31,91.999994,137.999994,42.866664,1,1,1043,0
rho\set43\rho_0.3.py,rho,43,rho,0.3,2,8,5,0.5,0.5,0.3,0.6,1.0,0.5,41.399998,80,31,91.999994,137.999994,42.866664,1,1,1043,0
rho\set43\rho_0.4.py,rho,43,rho,0.4,2,8,5,0.5,0.5,0.4,0.6,1.0,0.5,55.199998,80,31,91.999994,137.999994,42.866664,1,1,1043,0
rho\set43\rho_0.5.py,rho,43,rho,0.5,2,8,5,0.5,0.5,0.5,0.6,1.0,0.5,68.999997,80,31,91.999994,137.999994,42.866664,1,1,1043,0
rho\set43\rho_0.6.py,rho,43,rho,0.6,2,8,5,0.5,0.5,0.6,0.6,1.0,0.5,82.799997,80,31,91.999994,137.999994,42.866664,1,1,1043,0
rho\set43\rho_0.7.py,rho,43,rho,0.7,2,8,5,0.5,0.5,0.7,0.6,1.0,0.5,96.599996,80,31,91.999994,137.999994,42.866664,1,1,1043,0
rho\set43\rho_0.8.py,rho,43,rho,0.8,2,8,5,0.5,0.5,0.8,0.6,1.0,0.5,110.399995,80,31,91.999994,137.999994,42.866664,1,1,1043,0
rho\set43\rho_0.9.py,rho,43,rho,0.9,2,8,5,0.5,0.5,0.9,0.6,1.0,0.5,124.199995,80,31,91.999994,137.999994,42.866664,1,1,1043,0
rho\set43\rho_1.py,rho,43,rho,1,2,8,5,0.5,0.5,1.0,0.6,1.0,0.5,137.999994,80,31,91.999994,137.999994,42.866664,1,1,1043,0
rho\set44\rho_0.2.py,rho,44,rho,0.2,2,8,5,0.5,0.5,0.2,0.6,1.0,0.5,27.599999,80,31,92.000001,137.999995,42.866667,1,1,1044,0
rho\set44\rho_0.3.py,rho,44,rho,0.3,2,8,5,0.5,0.5,0.3,0.6,1.0,0.5,41.399999,80,31,92.000001,137.999995,42.866667,1,1,1044,0
rho\set44\rho_0.4.py,rho,44,rho,0.4,2,8,5,0.5,0.5,0.4,0.6,1.0,0.5,55.199998,80,31,92.000001,137.999995,42.866667,1,1,1044,0
rho\set44\rho_0.5.py,rho,44,rho,0.5,2,8,5,0.5,0.5,0.5,0.6,1.0,0.5,68.999998,80,31,92.000001,137.999995,42.866667,1,1,1044,0
rho\set44\rho_0.6.py,rho,44,rho,0.6,2,8,5,0.5,0.5,0.6,0.6,1.0,0.5,82.799997,80,31,92.000001,137.999995,42.866667,1,1,1044,0
rho\set44\rho_0.7.py,rho,44,rho,0.7,2,8,5,0.5,0.5,0.7,0.6,1.0,0.5,96.599997,80,31,92.000001,137.999995,42.866667,1,1,1044,0
rho\set44\rho_0.8.py,rho,44,rho,0.8,2,8,5,0.5,0.5,0.8,0.6,1.0,0.5,110.399996,80,31,92.000001,137.999995,42.866667,1,1,1044,0
rho\set44\rho_0.9.py,rho,44,rho,0.9,2,8,5,0.5,0.5,0.9,0.6,1.0,0.5,124.199996,80,31,92.000001,137.999995,42.866667,1,1,1044,0
rho\set44\rho_1.py,rho,44,rho,1,2,8,5,0.5,0.5,1.0,0.6,1.0,0.5,137.999995,80,31,92.000001,137.999995,42.866667,1,1,1044,0
rho\set45\rho_0.2.py,rho,45,rho,0.2,2,8,5,0.5,0.5,0.2,0.6,1.0,0.5,27.6,80,26,92.000005,138.000001,47.200002,1,1,1045,0
rho\set45\rho_0.3.py,rho,45,rho,0.3,2,8,5,0.5,0.5,0.3,0.6,1.0,0.5,41.4,80,26,92.000005,138.000001,47.200002,1,1,1045,0
rho\set45\rho_0.4.py,rho,45,rho,0.4,2,8,5,0.5,0.5,0.4,0.6,1.0,0.5,55.2,80,26,92.000005,138.000001,47.200002,1,1,1045,0
rho\set45\rho_0.5.py,rho,45,rho,0.5,2,8,5,0.5,0.5,0.5,0.6,1.0,0.5,69.000001,80,26,92.000005,138.000001,47.200002,1,1,1045,0
rho\set45\rho_0.6.py,rho,45,rho,0.6,2,8,5,0.5,0.5,0.6,0.6,1.0,0.5,82.800001,80,26,92.000005,138.000001,47.200002,1,1,1045,0
rho\set45\rho_0.7.py,rho,45,rho,0.7,2,8,5,0.5,0.5,0.7,0.6,1.0,0.5,96.600001,80,26,92.000005,138.000001,47.200002,1,1,1045,0
rho\set45\rho_0.8.py,rho,45,rho,0.8,2,8,5,0.5,0.5,0.8,0.6,1.0,0.5,110.400001,80,26,92.000005,138.000001,47.200002,1,1,1045,0
rho\set45\rho_0.9.py,rho,45,rho,0.9,2,8,5,0.5,0.5,0.9,0.6,1.0,0.5,124.200001,80,26,92.000005,138.000001,47.200002,1,1,1045,0
rho\set45\rho_1.py,rho,45,rho,1,2,8,5,0.5,0.5,1.0,0.6,1.0,0.5,138.000001,80,26,92.000005,138.000001,47.200002,1,1,1045,0
rho\set46\rho_0.2.py,rho,46,rho,0.2,2,8,5,0.5,0.5,0.2,0.6,1.0,0.5,27.600001,80,33,92.0,138.000006,44.085714,1,1,1046,0
rho\set46\rho_0.3.py,rho,46,rho,0.3,2,8,5,0.5,0.5,0.3,0.6,1.0,0.5,41.400002,80,33,92.0,138.000006,44.085714,1,1,1046,0
rho\set46\rho_0.4.py,rho,46,rho,0.4,2,8,5,0.5,0.5,0.4,0.6,1.0,0.5,55.200002,80,33,92.0,138.000006,44.085714,1,1,1046,0
rho\set46\rho_0.5.py,rho,46,rho,0.5,2,8,5,0.5,0.5,0.5,0.6,1.0,0.5,69.000003,80,33,92.0,138.000006,44.085714,1,1,1046,0
rho\set46\rho_0.6.py,rho,46,rho,0.6,2,8,5,0.5,0.5,0.6,0.6,1.0,0.5,82.800003,80,33,92.0,138.000006,44.085714,1,1,1046,0
rho\set46\rho_0.7.py,rho,46,rho,0.7,2,8,5,0.5,0.5,0.7,0.6,1.0,0.5,96.600004,80,33,92.0,138.000006,44.085714,1,1,1046,0
rho\set46\rho_0.8.py,rho,46,rho,0.8,2,8,5,0.5,0.5,0.8,0.6,1.0,0.5,110.400005,80,33,92.0,138.000006,44.085714,1,1,1046,0
rho\set46\rho_0.9.py,rho,46,rho,0.9,2,8,5,0.5,0.5,0.9,0.6,1.0,0.5,124.200005,80,33,92.0,138.000006,44.085714,1,1,1046,0
rho\set46\rho_1.py,rho,46,rho,1,2,8,5,0.5,0.5,1.0,0.6,1.0,0.5,138.000006,80,33,92.0,138.000006,44.085714,1,1,1046,0
rho\set47\rho_0.2.py,rho,47,rho,0.2,2,8,5,0.5,0.5,0.2,0.6,1.0,0.5,27.600001,80,26,92.000005,138.000005,44.000002,1,1,1047,0
rho\set47\rho_0.3.py,rho,47,rho,0.3,2,8,5,0.5,0.5,0.3,0.6,1.0,0.5,41.400001,80,26,92.000005,138.000005,44.000002,1,1,1047,0
rho\set47\rho_0.4.py,rho,47,rho,0.4,2,8,5,0.5,0.5,0.4,0.6,1.0,0.5,55.200002,80,26,92.000005,138.000005,44.000002,1,1,1047,0
rho\set47\rho_0.5.py,rho,47,rho,0.5,2,8,5,0.5,0.5,0.5,0.6,1.0,0.5,69.000002,80,26,92.000005,138.000005,44.000002,1,1,1047,0
rho\set47\rho_0.6.py,rho,47,rho,0.6,2,8,5,0.5,0.5,0.6,0.6,1.0,0.5,82.800003,80,26,92.000005,138.000005,44.000002,1,1,1047,0
rho\set47\rho_0.7.py,rho,47,rho,0.7,2,8,5,0.5,0.5,0.7,0.6,1.0,0.5,96.600003,80,26,92.000005,138.000005,44.000002,1,1,1047,0
rho\set47\rho_0.8.py,rho,47,rho,0.8,2,8,5,0.5,0.5,0.8,0.6,1.0,0.5,110.400004,80,26,92.000005,138.000005,44.000002,1,1,1047,0
rho\set47\rho_0.9.py,rho,47,rho,0.9,2,8,5,0.5,0.5,0.9,0.6,1.0,0.5,124.200004,80,26,92.000005,138.000005,44.000002,1,1,1047,0
rho\set47\rho_1.py,rho,47,rho,1,2,8,5,0.5,0.5,1.0,0.6,1.0,0.5,138.000005,80,26,92.000005,138.000005,44.000002,1,1,1047,0
rho\set48\rho_0.2.py,rho,48,rho,0.2,2,8,5,0.5,0.5,0.2,0.6,1.0,0.5,27.600002,80,30,92.000009,138.00001,42.800004,1,1,1048,0
rho\set48\rho_0.3.py,rho,48,rho,0.3,2,8,5,0.5,0.5,0.3,0.6,1.0,0.5,41.400003,80,30,92.000009,138.00001,42.800004,1,1,1048,0
rho\set48\rho_0.4.py,rho,48,rho,0.4,2,8,5,0.5,0.5,0.4,0.6,1.0,0.5,55.200004,80,30,92.000009,138.00001,42.800004,1,1,1048,0
rho\set48\rho_0.5.py,rho,48,rho,0.5,2,8,5,0.5,0.5,0.5,0.6,1.0,0.5,69.000005,80,30,92.000009,138.00001,42.800004,1,1,1048,0
rho\set48\rho_0.6.py,rho,48,rho,0.6,2,8,5,0.5,0.5,0.6,0.6,1.0,0.5,82.800006,80,30,92.000009,138.00001,42.800004,1,1,1048,0
rho\set48\rho_0.7.py,rho,48,rho,0.7,2,8,5,0.5,0.5,0.7,0.6,1.0,0.5,96.600007,80,30,92.000009,138.00001,42.800004,1,1,1048,0
rho\set48\rho_0.8.py,rho,48,rho,0.8,2,8,5,0.5,0.5,0.8,0.6,1.0,0.5,110.400008,80,30,92.000009,138.00001,42.800004,1,1,1048,0
rho\set48\rho_0.9.py,rho,48,rho,0.9,2,8,5,0.5,0.5,0.9,0.6,1.0,0.5,124.200009,80,30,92.000009,138.00001,42.800004,1,1,1048,0
rho\set48\rho_1.py,rho,48,rho,1,2,8,5,0.5,0.5,1.0,0.6,1.0,0.5,138.00001,80,30,92.000009,138.00001,42.800004,1,1,1048,0
rho\set49\rho_0.2.py,rho,49,rho,0.2,2,8,5,0.5,0.5,0.2,0.6,1.0,0.5,27.600002,80,24,92.000007,138.00001,47.200004,1,1,1049,0
rho\set49\rho_0.3.py,rho,49,rho,0.3,2,8,5,0.5,0.5,0.3,0.6,1.0,0.5,41.400003,80,24,92.000007,138.00001,47.200004,1,1,1049,0
rho\set49\rho_0.4.py,rho,49,rho,0.4,2,8,5,0.5,0.5,0.4,0.6,1.0,0.5,55.200004,80,24,92.000007,138.00001,47.200004,1,1,1049,0
rho\set49\rho_0.5.py,rho,49,rho,0.5,2,8,5,0.5,0.5,0.5,0.6,1.0,0.5,69.000005,80,24,92.000007,138.00001,47.200004,1,1,1049,0
rho\set49\rho_0.6.py,rho,49,rho,0.6,2,8,5,0.5,0.5,0.6,0.6,1.0,0.5,82.800006,80,24,92.000007,138.00001,47.200004,1,1,1049,0
rho\set49\rho_0.7.py,rho,49,rho,0.7,2,8,5,0.5,0.5,0.7,0.6,1.0,0.5,96.600007,80,24,92.000007,138.00001,47.200004,1,1,1049,0
rho\set49\rho_0.8.py,rho,49,rho,0.8,2,8,5,0.5,0.5,0.8,0.6,1.0,0.5,110.400008,80,24,92.000007,138.00001,47.200004,1,1,1049,0
rho\set49\rho_0.9.py,rho,49,rho,0.9,2,8,5,0.5,0.5,0.9,0.6,1.0,0.5,124.200009,80,24,92.000007,138.00001,47.200004,1,1,1049,0
rho\set49\rho_1.py,rho,49,rho,1,2,8,5,0.5,0.5,1.0,0.6,1.0,0.5,138.00001,80,24,92.000007,138.00001,47.200004,1,1,1049,0
rho\set50\rho_0.2.py,rho,50,rho,0.2,2,8,5,0.5,0.5,0.2,0.6,1.0,0.5,27.599999,80,36,91.999998,137.999995,46.018181,1,1,1050,0
rho\set50\rho_0.3.py,rho,50,rho,0.3,2,8,5,0.5,0.5,0.3,0.6,1.0,0.5,41.399999,80,36,91.999998,137.999995,46.018181,1,1,1050,0
rho\set50\rho_0.4.py,rho,50,rho,0.4,2,8,5,0.5,0.5,0.4,0.6,1.0,0.5,55.199998,80,36,91.999998,137.999995,46.018181,1,1,1050,0
rho\set50\rho_0.5.py,rho,50,rho,0.5,2,8,5,0.5,0.5,0.5,0.6,1.0,0.5,68.999998,80,36,91.999998,137.999995,46.018181,1,1,1050,0
rho\set50\rho_0.6.py,rho,50,rho,0.6,2,8,5,0.5,0.5,0.6,0.6,1.0,0.5,82.799997,80,36,91.999998,137.999995,46.018181,1,1,1050,0
rho\set50\rho_0.7.py,rho,50,rho,0.7,2,8,5,0.5,0.5,0.7,0.6,1.0,0.5,96.599997,80,36,91.999998,137.999995,46.018181,1,1,1050,0
rho\set50\rho_0.8.py,rho,50,rho,0.8,2,8,5,0.5,0.5,0.8,0.6,1.0,0.5,110.399996,80,36,91.999998,137.999995,46.018181,1,1,1050,0
rho\set50\rho_0.9.py,rho,50,rho,0.9,2,8,5,0.5,0.5,0.9,0.6,1.0,0.5,124.199996,80,36,91.999998,137.999995,46.018181,1,1,1050,0
rho\set50\rho_1.py,rho,50,rho,1,2,8,5,0.5,0.5,1.0,0.6,1.0,0.5,137.999995,80,36,91.999998,137.999995,46.018181,1,1,1050,0
rho\set51\rho_0.2.py,rho,51,rho,0.2,2,8,5,0.5,0.5,0.2,0.6,1.0,0.5,27.599999,80,34,91.999988,137.999997,43.999994,1,1,1051,0
rho\set51\rho_0.3.py,rho,51,rho,0.3,2,8,5,0.5,0.5,0.3,0.6,1.0,0.5,41.399999,80,34,91.999988,137.999997,43.999994,1,1,1051,0
rho\set51\rho_0.4.py,rho,51,rho,0.4,2,8,5,0.5,0.5,0.4,0.6,1.0,0.5,55.199999,80,34,91.999988,137.999997,43.999994,1,1,1051,0
rho\set51\rho_0.5.py,rho,51,rho,0.5,2,8,5,0.5,0.5,0.5,0.6,1.0,0.5,68.999998,80,34,91.999988,137.999997,43.999994,1,1,1051,0
rho\set51\rho_0.6.py,rho,51,rho,0.6,2,8,5,0.5,0.5,0.6,0.6,1.0,0.5,82.799998,80,34,91.999988,137.999997,43.999994,1,1,1051,0
rho\set51\rho_0.7.py,rho,51,rho,0.7,2,8,5,0.5,0.5,0.7,0.6,1.0,0.5,96.599998,80,34,91.999988,137.999997,43.999994,1,1,1051,0
rho\set51\rho_0.8.py,rho,51,rho,0.8,2,8,5,0.5,0.5,0.8,0.6,1.0,0.5,110.399997,80,34,91.999988,137.999997,43.999994,1,1,1051,0
rho\set51\rho_0.9.py,rho,51,rho,0.9,2,8,5,0.5,0.5,0.9,0.6,1.0,0.5,124.199997,80,34,91.999988,137.999997,43.999994,1,1,1051,0
rho\set51\rho_1.py,rho,51,rho,1,2,8,5,0.5,0.5,1.0,0.6,1.0,0.5,137.999997,80,34,91.999988,137.999997,43.999994,1,1,1051,0
rho\set52\rho_0.2.py,rho,52,rho,0.2,2,8,5,0.5,0.5,0.2,0.6,1.0,0.5,27.600001,80,23,91.999998,138.000006,42.799999,1,1,1052,0
rho\set52\rho_0.3.py,rho,52,rho,0.3,2,8,5,0.5,0.5,0.3,0.6,1.0,0.5,41.400002,80,23,91.999998,138.000006,42.799999,1,1,1052,0
rho\set52\rho_0.4.py,rho,52,rho,0.4,2,8,5,0.5,0.5,0.4,0.6,1.0,0.5,55.200002,80,23,91.999998,138.000006,42.799999,1,1,1052,0
rho\set52\rho_0.5.py,rho,52,rho,0.5,2,8,5,0.5,0.5,0.5,0.6,1.0,0.5,69.000003,80,23,91.999998,138.000006,42.799999,1,1,1052,0
rho\set52\rho_0.6.py,rho,52,rho,0.6,2,8,5,0.5,0.5,0.6,0.6,1.0,0.5,82.800003,80,23,91.999998,138.000006,42.799999,1,1,1052,0
rho\set52\rho_0.7.py,rho,52,rho,0.7,2,8,5,0.5,0.5,0.7,0.6,1.0,0.5,96.600004,80,23,91.999998,138.000006,42.799999,1,1,1052,0
rho\set52\rho_0.8.py,rho,52,rho,0.8,2,8,5,0.5,0.5,0.8,0.6,1.0,0.5,110.400005,80,23,91.999998,138.000006,42.799999,1,1,1052,0
rho\set52\rho_0.9.py,rho,52,rho,0.9,2,8,5,0.5,0.5,0.9,0.6,1.0,0.5,124.200005,80,23,91.999998,138.000006,42.799999,1,1,1052,0
rho\set52\rho_1.py,rho,52,rho,1,2,8,5,0.5,0.5,1.0,0.6,1.0,0.5,138.000006,80,23,91.999998,138.000006,42.799999,1,1,1052,0
rho\set53\rho_0.2.py,rho,53,rho,0.2,2,8,5,0.5,0.5,0.2,0.6,1.0,0.5,27.6,80,24,91.999998,138.0,46.018181,1,1,1053,0
rho\set53\rho_0.3.py,rho,53,rho,0.3,2,8,5,0.5,0.5,0.3,0.6,1.0,0.5,41.4,80,24,91.999998,138.0,46.018181,1,1,1053,0
rho\set53\rho_0.4.py,rho,53,rho,0.4,2,8,5,0.5,0.5,0.4,0.6,1.0,0.5,55.2,80,24,91.999998,138.0,46.018181,1,1,1053,0
rho\set53\rho_0.5.py,rho,53,rho,0.5,2,8,5,0.5,0.5,0.5,0.6,1.0,0.5,69.0,80,24,91.999998,138.0,46.018181,1,1,1053,0
rho\set53\rho_0.6.py,rho,53,rho,0.6,2,8,5,0.5,0.5,0.6,0.6,1.0,0.5,82.8,80,24,91.999998,138.0,46.018181,1,1,1053,0
rho\set53\rho_0.7.py,rho,53,rho,0.7,2,8,5,0.5,0.5,0.7,0.6,1.0,0.5,96.6,80,24,91.999998,138.0,46.018181,1,1,1053,0
rho\set53\rho_0.8.py,rho,53,rho,0.8,2,8,5,0.5,0.5,0.8,0.6,1.0,0.5,110.4,80,24,91.999998,138.0,46.018181,1,1,1053,0
rho\set53\rho_0.9.py,rho,53,rho,0.9,2,8,5,0.5,0.5,0.9,0.6,1.0,0.5,124.2,80,24,91.999998,138.0,46.018181,1,1,1053,0
rho\set53\rho_1.py,rho,53,rho,1,2,8,5,0.5,0.5,1.0,0.6,1.0,0.5,138.0,80,24,91.999998,138.0,46.018181,1,1,1053,0
rho\set54\rho_0.2.py,rho,54,rho,0.2,2,8,5,0.5,0.5,0.2,0.6,1.0,0.5,27.600002,80,24,92.000001,138.000011,44.085715,1,1,1054,0
rho\set54\rho_0.3.py,rho,54,rho,0.3,2,8,5,0.5,0.5,0.3,0.6,1.0,0.5,41.400003,80,24,92.000001,138.000011,44.085715,1,1,1054,0
rho\set54\rho_0.4.py,rho,54,rho,0.4,2,8,5,0.5,0.5,0.4,0.6,1.0,0.5,55.200005,80,24,92.000001,138.000011,44.085715,1,1,1054,0
rho\set54\rho_0.5.py,rho,54,rho,0.5,2,8,5,0.5,0.5,0.5,0.6,1.0,0.5,69.000006,80,24,92.000001,138.000011,44.085715,1,1,1054,0
rho\set54\rho_0.6.py,rho,54,rho,0.6,2,8,5,0.5,0.5,0.6,0.6,1.0,0.5,82.800007,80,24,92.000001,138.000011,44.085715,1,1,1054,0
rho\set54\rho_0.7.py,rho,54,rho,0.7,2,8,5,0.5,0.5,0.7,0.6,1.0,0.5,96.600008,80,24,92.000001,138.000011,44.085715,1,1,1054,0
rho\set54\rho_0.8.py,rho,54,rho,0.8,2,8,5,0.5,0.5,0.8,0.6,1.0,0.5,110.400009,80,24,92.000001,138.000011,44.085715,1,1,1054,0
rho\set54\rho_0.9.py,rho,54,rho,0.9,2,8,5,0.5,0.5,0.9,0.6,1.0,0.5,124.20001,80,24,92.000001,138.000011,44.085715,1,1,1054,0
rho\set54\rho_1.py,rho,54,rho,1,2,8,5,0.5,0.5,1.0,0.6,1.0,0.5,138.000011,80,24,92.000001,138.000011,44.085715,1,1,1054,0
rho\set55\rho_0.2.py,rho,55,rho,0.2,2,8,5,0.5,0.5,0.2,0.6,1.0,0.5,27.600001,80,19,92.0,138.000005,44.085714,1,1,1055,0
rho\set55\rho_0.3.py,rho,55,rho,0.3,2,8,5,0.5,0.5,0.3,0.6,1.0,0.5,41.400001,80,19,92.0,138.000005,44.085714,1,1,1055,0
rho\set55\rho_0.4.py,rho,55,rho,0.4,2,8,5,0.5,0.5,0.4,0.6,1.0,0.5,55.200002,80,19,92.0,138.000005,44.085714,1,1,1055,0
rho\set55\rho_0.5.py,rho,55,rho,0.5,2,8,5,0.5,0.5,0.5,0.6,1.0,0.5,69.000002,80,19,92.0,138.000005,44.085714,1,1,1055,0
rho\set55\rho_0.6.py,rho,55,rho,0.6,2,8,5,0.5,0.5,0.6,0.6,1.0,0.5,82.800003,80,19,92.0,138.000005,44.085714,1,1,1055,0
rho\set55\rho_0.7.py,rho,55,rho,0.7,2,8,5,0.5,0.5,0.7,0.6,1.0,0.5,96.600003,80,19,92.0,138.000005,44.085714,1,1,1055,0
rho\set55\rho_0.8.py,rho,55,rho,0.8,2,8,5,0.5,0.5,0.8,0.6,1.0,0.5,110.400004,80,19,92.0,138.000005,44.085714,1,1,1055,0
rho\set55\rho_0.9.py,rho,55,rho,0.9,2,8,5,0.5,0.5,0.9,0.6,1.0,0.5,124.200004,80,19,92.0,138.000005,44.085714,1,1,1055,0
rho\set55\rho_1.py,rho,55,rho,1,2,8,5,0.5,0.5,1.0,0.6,1.0,0.5,138.000005,80,19,92.0,138.000005,44.085714,1,1,1055,0
rho\set56\rho_0.2.py,rho,56,rho,0.2,2,8,5,0.5,0.5,0.2,0.6,1.0,0.5,27.600001,80,29,92.000006,138.000005,42.800003,1,1,1056,0
rho\set56\rho_0.3.py,rho,56,rho,0.3,2,8,5,0.5,0.5,0.3,0.6,1.0,0.5,41.400001,80,29,92.000006,138.000005,42.800003,1,1,1056,0
rho\set56\rho_0.4.py,rho,56,rho,0.4,2,8,5,0.5,0.5,0.4,0.6,1.0,0.5,55.200002,80,29,92.000006,138.000005,42.800003,1,1,1056,0
rho\set56\rho_0.5.py,rho,56,rho,0.5,2,8,5,0.5,0.5,0.5,0.6,1.0,0.5,69.000002,80,29,92.000006,138.000005,42.800003,1,1,1056,0
rho\set56\rho_0.6.py,rho,56,rho,0.6,2,8,5,0.5,0.5,0.6,0.6,1.0,0.5,82.800003,80,29,92.000006,138.000005,42.800003,1,1,1056,0
rho\set56\rho_0.7.py,rho,56,rho,0.7,2,8,5,0.5,0.5,0.7,0.6,1.0,0.5,96.600003,80,29,92.000006,138.000005,42.800003,1,1,1056,0
rho\set56\rho_0.8.py,rho,56,rho,0.8,2,8,5,0.5,0.5,0.8,0.6,1.0,0.5,110.400004,80,29,92.000006,138.000005,42.800003,1,1,1056,0
rho\set56\rho_0.9.py,rho,56,rho,0.9,2,8,5,0.5,0.5,0.9,0.6,1.0,0.5,124.200004,80,29,92.000006,138.000005,42.800003,1,1,1056,0
rho\set56\rho_1.py,rho,56,rho,1,2,8,5,0.5,0.5,1.0,0.6,1.0,0.5,138.000005,80,29,92.000006,138.000005,42.800003,1,1,1056,0
rho\set57\rho_0.2.py,rho,57,rho,0.2,2,8,5,0.5,0.5,0.2,0.6,1.0,0.5,27.6,80,26,91.999997,137.999999,42.799998,1,1,1057,0
rho\set57\rho_0.3.py,rho,57,rho,0.3,2,8,5,0.5,0.5,0.3,0.6,1.0,0.5,41.4,80,26,91.999997,137.999999,42.799998,1,1,1057,0
rho\set57\rho_0.4.py,rho,57,rho,0.4,2,8,5,0.5,0.5,0.4,0.6,1.0,0.5,55.2,80,26,91.999997,137.999999,42.799998,1,1,1057,0
rho\set57\rho_0.5.py,rho,57,rho,0.5,2,8,5,0.5,0.5,0.5,0.6,1.0,0.5,68.999999,80,26,91.999997,137.999999,42.799998,1,1,1057,0
rho\set57\rho_0.6.py,rho,57,rho,0.6,2,8,5,0.5,0.5,0.6,0.6,1.0,0.5,82.799999,80,26,91.999997,137.999999,42.799998,1,1,1057,0
rho\set57\rho_0.7.py,rho,57,rho,0.7,2,8,5,0.5,0.5,0.7,0.6,1.0,0.5,96.599999,80,26,91.999997,137.999999,42.799998,1,1,1057,0
rho\set57\rho_0.8.py,rho,57,rho,0.8,2,8,5,0.5,0.5,0.8,0.6,1.0,0.5,110.399999,80,26,91.999997,137.999999,42.799998,1,1,1057,0
rho\set57\rho_0.9.py,rho,57,rho,0.9,2,8,5,0.5,0.5,0.9,0.6,1.0,0.5,124.199999,80,26,91.999997,137.999999,42.799998,1,1,1057,0
rho\set57\rho_1.py,rho,57,rho,1,2,8,5,0.5,0.5,1.0,0.6,1.0,0.5,137.999999,80,26,91.999997,137.999999,42.799998,1,1,1057,0
rho\set58\rho_0.2.py,rho,58,rho,0.2,2,8,5,0.5,0.5,0.2,0.6,1.0,0.5,27.600002,80,39,92.000012,138.00001,42.800005,1,1,1058,0
rho\set58\rho_0.3.py,rho,58,rho,0.3,2,8,5,0.5,0.5,0.3,0.6,1.0,0.5,41.400003,80,39,92.000012,138.00001,42.800005,1,1,1058,0
rho\set58\rho_0.4.py,rho,58,rho,0.4,2,8,5,0.5,0.5,0.4,0.6,1.0,0.5,55.200004,80,39,92.000012,138.00001,42.800005,1,1,1058,0
rho\set58\rho_0.5.py,rho,58,rho,0.5,2,8,5,0.5,0.5,0.5,0.6,1.0,0.5,69.000005,80,39,92.000012,138.00001,42.800005,1,1,1058,0
rho\set58\rho_0.6.py,rho,58,rho,0.6,2,8,5,0.5,0.5,0.6,0.6,1.0,0.5,82.800006,80,39,92.000012,138.00001,42.800005,1,1,1058,0
rho\set58\rho_0.7.py,rho,58,rho,0.7,2,8,5,0.5,0.5,0.7,0.6,1.0,0.5,96.600007,80,39,92.000012,138.00001,42.800005,1,1,1058,0
rho\set58\rho_0.8.py,rho,58,rho,0.8,2,8,5,0.5,0.5,0.8,0.6,1.0,0.5,110.400008,80,39,92.000012,138.00001,42.800005,1,1,1058,0
rho\set58\rho_0.9.py,rho,58,rho,0.9,2,8,5,0.5,0.5,0.9,0.6,1.0,0.5,124.200009,80,39,92.000012,138.00001,42.800005,1,1,1058,0
rho\set58\rho_1.py,rho,58,rho,1,2,8,5,0.5,0.5,1.0,0.6,1.0,0.5,138.00001,80,39,92.000012,138.00001,42.800005,1,1,1058,0
rho\set59\rho_0.2.py,rho,59,rho,0.2,2,8,5,0.5,0.5,0.2,0.6,1.0,0.5,27.6,80,34,91.999998,138.0,42.866666,1,1,1059,0
rho\set59\rho_0.3.py,rho,59,rho,0.3,2,8,5,0.5,0.5,0.3,0.6,1.0,0.5,41.4,80,34,91.999998,138.0,42.866666,1,1,1059,0
rho\set59\rho_0.4.py,rho,59,rho,0.4,2,8,5,0.5,0.5,0.4,0.6,1.0,0.5,55.2,80,34,91.999998,138.0,42.866666,1,1,1059,0
rho\set59\rho_0.5.py,rho,59,rho,0.5,2,8,5,0.5,0.5,0.5,0.6,1.0,0.5,69.0,80,34,91.999998,138.0,42.866666,1,1,1059,0
rho\set59\rho_0.6.py,rho,59,rho,0.6,2,8,5,0.5,0.5,0.6,0.6,1.0,0.5,82.8,80,34,91.999998,138.0,42.866666,1,1,1059,0
rho\set59\rho_0.7.py,rho,59,rho,0.7,2,8,5,0.5,0.5,0.7,0.6,1.0,0.5,96.6,80,34,91.999998,138.0,42.866666,1,1,1059,0
rho\set59\rho_0.8.py,rho,59,rho,0.8,2,8,5,0.5,0.5,0.8,0.6,1.0,0.5,110.4,80,34,91.999998,138.0,42.866666,1,1,1059,0
rho\set59\rho_0.9.py,rho,59,rho,0.9,2,8,5,0.5,0.5,0.9,0.6,1.0,0.5,124.2,80,34,91.999998,138.0,42.866666,1,1,1059,0
rho\set59\rho_1.py,rho,59,rho,1,2,8,5,0.5,0.5,1.0,0.6,1.0,0.5,138.0,80,34,91.999998,138.0,42.866666,1,1,1059,0
rho\set60\rho_0.2.py,rho,60,rho,0.2,2,8,5,0.5,0.5,0.2,0.6,1.0,0.5,27.600002,80,33,91.999998,138.000008,42.866666,1,1,1060,0
rho\set60\rho_0.3.py,rho,60,rho,0.3,2,8,5,0.5,0.5,0.3,0.6,1.0,0.5,41.400002,80,33,91.999998,138.000008,42.866666,1,1,1060,0
rho\set60\rho_0.4.py,rho,60,rho,0.4,2,8,5,0.5,0.5,0.4,0.6,1.0,0.5,55.200003,80,33,91.999998,138.000008,42.866666,1,1,1060,0
rho\set60\rho_0.5.py,rho,60,rho,0.5,2,8,5,0.5,0.5,0.5,0.6,1.0,0.5,69.000004,80,33,91.999998,138.000008,42.866666,1,1,1060,0
rho\set60\rho_0.6.py,rho,60,rho,0.6,2,8,5,0.5,0.5,0.6,0.6,1.0,0.5,82.800005,80,33,91.999998,138.000008,42.866666,1,1,1060,0
rho\set60\rho_0.7.py,rho,60,rho,0.7,2,8,5,0.5,0.5,0.7,0.6,1.0,0.5,96.600006,80,33,91.999998,138.000008,42.866666,1,1,1060,0
rho\set60\rho_0.8.py,rho,60,rho,0.8,2,8,5,0.5,0.5,0.8,0.6,1.0,0.5,110.400006,80,33,91.999998,138.000008,42.866666,1,1,1060,0
rho\set60\rho_0.9.py,rho,60,rho,0.9,2,8,5,0.5,0.5,0.9,0.6,1.0,0.5,124.200007,80,33,91.999998,138.000008,42.866666,1,1,1060,0
rho\set60\rho_1.py,rho,60,rho,1,2,8,5,0.5,0.5,1.0,0.6,1.0,0.5,138.000008,80,33,91.999998,138.000008,42.866666,1,1,1060,0
rho\set61\rho_0.2.py,rho,61,rho,0.2,2,8,5,0.5,0.5,0.2,0.6,1.0,0.5,27.599997,80,36,92.000006,137.999984,42.800003,1,1,1061,0
rho\set61\rho_0.3.py,rho,61,rho,0.3,2,8,5,0.5,0.5,0.3,0.6,1.0,0.5,41.399995,80,36,92.000006,137.999984,42.800003,1,1,1061,0
rho\set61\rho_0.4.py,rho,61,rho,0.4,2,8,5,0.5,0.5,0.4,0.6,1.0,0.5,55.199994,80,36,92.000006,137.999984,42.800003,1,1,1061,0
rho\set61\rho_0.5.py,rho,61,rho,0.5,2,8,5,0.5,0.5,0.5,0.6,1.0,0.5,68.999992,80,36,92.000006,137.999984,42.800003,1,1,1061,0
rho\set61\rho_0.6.py,rho,61,rho,0.6,2,8,5,0.5,0.5,0.6,0.6,1.0,0.5,82.79999,80,36,92.000006,137.999984,42.800003,1,1,1061,0
rho\set61\rho_0.7.py,rho,61,rho,0.7,2,8,5,0.5,0.5,0.7,0.6,1.0,0.5,96.599989,80,36,92.000006,137.999984,42.800003,1,1,1061,0
rho\set61\rho_0.8.py,rho,61,rho,0.8,2,8,5,0.5,0.5,0.8,0.6,1.0,0.5,110.399987,80,36,92.000006,137.999984,42.800003,1,1,1061,0
rho\set61\rho_0.9.py,rho,61,rho,0.9,2,8,5,0.5,0.5,0.9,0.6,1.0,0.5,124.199986,80,36,92.000006,137.999984,42.800003,1,1,1061,0
rho\set61\rho_1.py,rho,61,rho,1,2,8,5,0.5,0.5,1.0,0.6,1.0,0.5,137.999984,80,36,92.000006,137.999984,42.800003,1,1,1061,0
rho\set62\rho_0.2.py,rho,62,rho,0.2,2,8,5,0.5,0.5,0.2,0.6,1.0,0.5,27.599998,80,40,92.000002,137.999992,42.866668,1,1,1062,0
rho\set62\rho_0.3.py,rho,62,rho,0.3,2,8,5,0.5,0.5,0.3,0.6,1.0,0.5,41.399998,80,40,92.000002,137.999992,42.866668,1,1,1062,0
rho\set62\rho_0.4.py,rho,62,rho,0.4,2,8,5,0.5,0.5,0.4,0.6,1.0,0.5,55.199997,80,40,92.000002,137.999992,42.866668,1,1,1062,0
rho\set62\rho_0.5.py,rho,62,rho,0.5,2,8,5,0.5,0.5,0.5,0.6,1.0,0.5,68.999996,80,40,92.000002,137.999992,42.866668,1,1,1062,0
rho\set62\rho_0.6.py,rho,62,rho,0.6,2,8,5,0.5,0.5,0.6,0.6,1.0,0.5,82.799995,80,40,92.000002,137.999992,42.866668,1,1,1062,0
rho\set62\rho_0.7.py,rho,62,rho,0.7,2,8,5,0.5,0.5,0.7,0.6,1.0,0.5,96.599994,80,40,92.000002,137.999992,42.866668,1,1,1062,0
rho\set62\rho_0.8.py,rho,62,rho,0.8,2,8,5,0.5,0.5,0.8,0.6,1.0,0.5,110.399994,80,40,92.000002,137.999992,42.866668,1,1,1062,0
rho\set62\rho_0.9.py,rho,62,rho,0.9,2,8,5,0.5,0.5,0.9,0.6,1.0,0.5,124.199993,80,40,92.000002,137.999992,42.866668,1,1,1062,0
rho\set62\rho_1.py,rho,62,rho,1,2,8,5,0.5,0.5,1.0,0.6,1.0,0.5,137.999992,80,40,92.000002,137.999992,42.866668,1,1,1062,0
rho\set63\rho_0.2.py,rho,63,rho,0.2,2,8,5,0.5,0.5,0.2,0.6,1.0,0.5,27.6,80,21,91.999999,137.999999,42.799999,1,1,1063,0
rho\set63\rho_0.3.py,rho,63,rho,0.3,2,8,5,0.5,0.5,0.3,0.6,1.0,0.5,41.4,80,21,91.999999,137.999999,42.799999,1,1,1063,0
rho\set63\rho_0.4.py,rho,63,rho,0.4,2,8,5,0.5,0.5,0.4,0.6,1.0,0.5,55.2,80,21,91.999999,137.999999,42.799999,1,1,1063,0
rho\set63\rho_0.5.py,rho,63,rho,0.5,2,8,5,0.5,0.5,0.5,0.6,1.0,0.5,68.999999,80,21,91.999999,137.999999,42.799999,1,1,1063,0
rho\set63\rho_0.6.py,rho,63,rho,0.6,2,8,5,0.5,0.5,0.6,0.6,1.0,0.5,82.799999,80,21,91.999999,137.999999,42.799999,1,1,1063,0
rho\set63\rho_0.7.py,rho,63,rho,0.7,2,8,5,0.5,0.5,0.7,0.6,1.0,0.5,96.599999,80,21,91.999999,137.999999,42.799999,1,1,1063,0
rho\set63\rho_0.8.py,rho,63,rho,0.8,2,8,5,0.5,0.5,0.8,0.6,1.0,0.5,110.399999,80,21,91.999999,137.999999,42.799999,1,1,1063,0
rho\set63\rho_0.9.py,rho,63,rho,0.9,2,8,5,0.5,0.5,0.9,0.6,1.0,0.5,124.199999,80,21,91.999999,137.999999,42.799999,1,1,1063,0
rho\set63\rho_1.py,rho,63,rho,1,2,8,5,0.5,0.5,1.0,0.6,1.0,0.5,137.999999,80,21,91.999999,137.999999,42.799999,1,1,1063,0
rho\set64\rho_0.2.py,rho,64,rho,0.2,2,8,5,0.5,0.5,0.2,0.6,1.0,0.5,27.6,80,32,92.000003,138.000001,42.866668,1,1,1064,0
rho\set64\rho_0.3.py,rho,64,rho,0.3,2,8,5,0.5,0.5,0.3,0.6,1.0,0.5,41.4,80,32,92.000003,138.000001,42.866668,1,1,1064,0
rho\set64\rho_0.4.py,rho,64,rho,0.4,2,8,5,0.5,0.5,0.4,0.6,1.0,0.5,55.2,80,32,92.000003,138.000001,42.866668,1,1,1064,0
rho\set64\rho_0.5.py,rho,64,rho,0.5,2,8,5,0.5,0.5,0.5,0.6,1.0,0.5,69.000001,80,32,92.000003,138.000001,42.866668,1,1,1064,0
rho\set64\rho_0.6.py,rho,64,rho,0.6,2,8,5,0.5,0.5,0.6,0.6,1.0,0.5,82.800001,80,32,92.000003,138.000001,42.866668,1,1,1064,0
rho\set64\rho_0.7.py,rho,64,rho,0.7,2,8,5,0.5,0.5,0.7,0.6,1.0,0.5,96.600001,80,32,92.000003,138.000001,42.866668,1,1,1064,0
rho\set64\rho_0.8.py,rho,64,rho,0.8,2,8,5,0.5,0.5,0.8,0.6,1.0,0.5,110.400001,80,32,92.000003,138.000001,42.866668,1,1,1064,0
rho\set64\rho_0.9.py,rho,64,rho,0.9,2,8,5,0.5,0.5,0.9,0.6,1.0,0.5,124.200001,80,32,92.000003,138.000001,42.866668,1,1,1064,0
rho\set64\rho_1.py,rho,64,rho,1,2,8,5,0.5,0.5,1.0,0.6,1.0,0.5,138.000001,80,32,92.000003,138.000001,42.866668,1,1,1064,0
rho\set65\rho_0.2.py,rho,65,rho,0.2,2,8,5,0.5,0.5,0.2,0.6,1.0,0.5,27.600002,80,25,91.999999,138.000008,42.866666,1,1,1065,0
rho\set65\rho_0.3.py,rho,65,rho,0.3,2,8,5,0.5,0.5,0.3,0.6,1.0,0.5,41.400002,80,25,91.999999,138.000008,42.866666,1,1,1065,0
rho\set65\rho_0.4.py,rho,65,rho,0.4,2,8,5,0.5,0.5,0.4,0.6,1.0,0.5,55.200003,80,25,91.999999,138.000008,42.866666,1,1,1065,0
rho\set65\rho_0.5.py,rho,65,rho,0.5,2,8,5,0.5,0.5,0.5,0.6,1.0,0.5,69.000004,80,25,91.999999,138.000008,42.866666,1,1,1065,0
rho\set65\rho_0.6.py,rho,65,rho,0.6,2,8,5,0.5,0.5,0.6,0.6,1.0,0.5,82.800005,80,25,91.999999,138.000008,42.866666,1,1,1065,0
rho\set65\rho_0.7.py,rho,65,rho,0.7,2,8,5,0.5,0.5,0.7,0.6,1.0,0.5,96.600006,80,25,91.999999,138.000008,42.866666,1,1,1065,0
rho\set65\rho_0.8.py,rho,65,rho,0.8,2,8,5,0.5,0.5,0.8,0.6,1.0,0.5,110.400006,80,25,91.999999,138.000008,42.866666,1,1,1065,0
rho\set65\rho_0.9.py,rho,65,rho,0.9,2,8,5,0.5,0.5,0.9,0.6,1.0,0.5,124.200007,80,25,91.999999,138.000008,42.866666,1,1,1065,0
rho\set65\rho_1.py,rho,65,rho,1,2,8,5,0.5,0.5,1.0,0.6,1.0,0.5,138.000008,80,25,91.999999,138.000008,42.866666,1,1,1065,0
rho\set66\rho_0.2.py,rho,66,rho,0.2,2,8,5,0.5,0.5,0.2,0.6,1.0,0.5,27.599997,80,30,91.999997,137.999987,52.261537,1,1,1066,0
rho\set66\rho_0.3.py,rho,66,rho,0.3,2,8,5,0.5,0.5,0.3,0.6,1.0,0.5,41.399996,80,30,91.999997,137.999987,52.261537,1,1,1066,0
rho\set66\rho_0.4.py,rho,66,rho,0.4,2,8,5,0.5,0.5,0.4,0.6,1.0,0.5,55.199995,80,30,91.999997,137.999987,52.261537,1,1,1066,0
rho\set66\rho_0.5.py,rho,66,rho,0.5,2,8,5,0.5,0.5,0.5,0.6,1.0,0.5,68.999994,80,30,91.999997,137.999987,52.261537,1,1,1066,0
rho\set66\rho_0.6.py,rho,66,rho,0.6,2,8,5,0.5,0.5,0.6,0.6,1.0,0.5,82.799992,80,30,91.999997,137.999987,52.261537,1,1,1066,0
rho\set66\rho_0.7.py,rho,66,rho,0.7,2,8,5,0.5,0.5,0.7,0.6,1.0,0.5,96.599991,80,30,91.999997,137.999987,52.261537,1,1,1066,0
rho\set66\rho_0.8.py,rho,66,rho,0.8,2,8,5,0.5,0.5,0.8,0.6,1.0,0.5,110.39999,80,30,91.999997,137.999987,52.261537,1,1,1066,0
rho\set66\rho_0.9.py,rho,66,rho,0.9,2,8,5,0.5,0.5,0.9,0.6,1.0,0.5,124.199989,80,30,91.999997,137.999987,52.261537,1,1,1066,0
rho\set66\rho_1.py,rho,66,rho,1,2,8,5,0.5,0.5,1.0,0.6,1.0,0.5,137.999987,80,30,91.999997,137.999987,52.261537,1,1,1066,0
rho\set67\rho_0.2.py,rho,67,rho,0.2,2,8,5,0.5,0.5,0.2,0.6,1.0,0.5,27.6,80,23,92.0,138.000001,42.8,1,1,1067,0
rho\set67\rho_0.3.py,rho,67,rho,0.3,2,8,5,0.5,0.5,0.3,0.6,1.0,0.5,41.4,80,23,92.0,138.000001,42.8,1,1,1067,0
rho\set67\rho_0.4.py,rho,67,rho,0.4,2,8,5,0.5,0.5,0.4,0.6,1.0,0.5,55.2,80,23,92.0,138.000001,42.8,1,1,1067,0
rho\set67\rho_0.5.py,rho,67,rho,0.5,2,8,5,0.5,0.5,0.5,0.6,1.0,0.5,69.000001,80,23,92.0,138.000001,42.8,1,1,1067,0
rho\set67\rho_0.6.py,rho,67,rho,0.6,2,8,5,0.5,0.5,0.6,0.6,1.0,0.5,82.800001,80,23,92.0,138.000001,42.8,1,1,1067,0
rho\set67\rho_0.7.py,rho,67,rho,0.7,2,8,5,0.5,0.5,0.7,0.6,1.0,0.5,96.600001,80,23,92.0,138.000001,42.8,1,1,1067,0
rho\set67\rho_0.8.py,rho,67,rho,0.8,2,8,5,0.5,0.5,0.8,0.6,1.0,0.5,110.400001,80,23,92.0,138.000001,42.8,1,1,1067,0
rho\set67\rho_0.9.py,rho,67,rho,0.9,2,8,5,0.5,0.5,0.9,0.6,1.0,0.5,124.200001,80,23,92.0,138.000001,42.8,1,1,1067,0
rho\set67\rho_1.py,rho,67,rho,1,2,8,5,0.5,0.5,1.0,0.6,1.0,0.5,138.000001,80,23,92.0,138.000001,42.8,1,1,1067,0
rho\set68\rho_0.2.py,rho,68,rho,0.2,2,8,5,0.5,0.5,0.2,0.6,1.0,0.5,27.599997,80,30,92.000006,137.999986,42.866669,1,1,1068,0
rho\set68\rho_0.3.py,rho,68,rho,0.3,2,8,5,0.5,0.5,0.3,0.6,1.0,0.5,41.399996,80,30,92.000006,137.999986,42.866669,1,1,1068,0
rho\set68\rho_0.4.py,rho,68,rho,0.4,2,8,5,0.5,0.5,0.4,0.6,1.0,0.5,55.199994,80,30,92.000006,137.999986,42.866669,1,1,1068,0
rho\set68\rho_0.5.py,rho,68,rho,0.5,2,8,5,0.5,0.5,0.5,0.6,1.0,0.5,68.999993,80,30,92.000006,137.999986,42.866669,1,1,1068,0
rho\set68\rho_0.6.py,rho,68,rho,0.6,2,8,5,0.5,0.5,0.6,0.6,1.0,0.5,82.799992,80,30,92.000006,137.999986,42.866669,1,1,1068,0
rho\set68\rho_0.7.py,rho,68,rho,0.7,2,8,5,0.5,0.5,0.7,0.6,1.0,0.5,96.59999,80,30,92.000006,137.999986,42.866669,1,1,1068,0
rho\set68\rho_0.8.py,rho,68,rho,0.8,2,8,5,0.5,0.5,0.8,0.6,1.0,0.5,110.399989,80,30,92.000006,137.999986,42.866669,1,1,1068,0
rho\set68\rho_0.9.py,rho,68,rho,0.9,2,8,5,0.5,0.5,0.9,0.6,1.0,0.5,124.199988,80,30,92.000006,137.999986,42.866669,1,1,1068,0
rho\set68\rho_1.py,rho,68,rho,1,2,8,5,0.5,0.5,1.0,0.6,1.0,0.5,137.999986,80,30,92.000006,137.999986,42.866669,1,1,1068,0
rho\set69\rho_0.2.py,rho,69,rho,0.2,2,8,5,0.5,0.5,0.2,0.6,1.0,0.5,27.6,80,36,92.000001,138.000001,42.800001,1,1,1069,0
rho\set69\rho_0.3.py,rho,69,rho,0.3,2,8,5,0.5,0.5,0.3,0.6,1.0,0.5,41.4,80,36,92.000001,138.000001,42.800001,1,1,1069,0
rho\set69\rho_0.4.py,rho,69,rho,0.4,2,8,5,0.5,0.5,0.4,0.6,1.0,0.5,55.2,80,36,92.000001,138.000001,42.800001,1,1,1069,0
rho\set69\rho_0.5.py,rho,69,rho,0.5,2,8,5,0.5,0.5,0.5,0.6,1.0,0.5,69.000001,80,36,92.000001,138.000001,42.800001,1,1,1069,0
rho\set69\rho_0.6.py,rho,69,rho,0.6,2,8,5,0.5,0.5,0.6,0.6,1.0,0.5,82.800001,80,36,92.000001,138.000001,42.800001,1,1,1069,0
rho\set69\rho_0.7.py,rho,69,rho,0.7,2,8,5,0.5,0.5,0.7,0.6,1.0,0.5,96.600001,80,36,92.000001,138.000001,42.800001,1,1,1069,0
rho\set69\rho_0.8.py,rho,69,rho,0.8,2,8,5,0.5,0.5,0.8,0.6,1.0,0.5,110.400001,80,36,92.000001,138.000001,42.800001,1,1,1069,0
rho\set69\rho_0.9.py,rho,69,rho,0.9,2,8,5,0.5,0.5,0.9,0.6,1.0,0.5,124.200001,80,36,92.000001,138.000001,42.800001,1,1,1069,0
rho\set69\rho_1.py,rho,69,rho,1,2,8,5,0.5,0.5,1.0,0.6,1.0,0.5,138.000001,80,36,92.000001,138.000001,42.800001,1,1,1069,0
rho\set70\rho_0.2.py,rho,70,rho,0.2,2,8,5,0.5,0.5,0.2,0.6,1.0,0.5,27.6,80,32,91.999994,137.999998,44.085712,1,1,1070,0
rho\set70\rho_0.3.py,rho,70,rho,0.3,2,8,5,0.5,0.5,0.3,0.6,1.0,0.5,41.399999,80,32,91.999994,137.999998,44.085712,1,1,1070,0
rho\set70\rho_0.4.py,rho,70,rho,0.4,2,8,5,0.5,0.5,0.4,0.6,1.0,0.5,55.199999,80,32,91.999994,137.999998,44.085712,1,1,1070,0
rho\set70\rho_0.5.py,rho,70,rho,0.5,2,8,5,0.5,0.5,0.5,0.6,1.0,0.5,68.999999,80,32,91.999994,137.999998,44.085712,1,1,1070,0
rho\set70\rho_0.6.py,rho,70,rho,0.6,2,8,5,0.5,0.5,0.6,0.6,1.0,0.5,82.799999,80,32,91.999994,137.999998,44.085712,1,1,1070,0
rho\set70\rho_0.7.py,rho,70,rho,0.7,2,8,5,0.5,0.5,0.7,0.6,1.0,0.5,96.599998,80,32,91.999994,137.999998,44.085712,1,1,1070,0
rho\set70\rho_0.8.py,rho,70,rho,0.8,2,8,5,0.5,0.5,0.8,0.6,1.0,0.5,110.399998,80,32,91.999994,137.999998,44.085712,1,1,1070,0
rho\set70\rho_0.9.py,rho,70,rho,0.9,2,8,5,0.5,0.5,0.9,0.6,1.0,0.5,124.199998,80,32,91.999994,137.999998,44.085712,1,1,1070,0
rho\set70\rho_1.py,rho,70,rho,1,2,8,5,0.5,0.5,1.0,0.6,1.0,0.5,137.999998,80,32,91.999994,137.999998,44.085712,1,1,1070,0
rho\set71\rho_0.2.py,rho,71,rho,0.2,2,8,5,0.5,0.5,0.2,0.6,1.0,0.5,27.600001,80,36,91.999993,138.000007,44.085711,1,1,1071,0
rho\set71\rho_0.3.py,rho,71,rho,0.3,2,8,5,0.5,0.5,0.3,0.6,1.0,0.5,41.400002,80,36,91.999993,138.000007,44.085711,1,1,1071,0
rho\set71\rho_0.4.py,rho,71,rho,0.4,2,8,5,0.5,0.5,0.4,0.6,1.0,0.5,55.200003,80,36,91.999993,138.000007,44.085711,1,1,1071,0
rho\set71\rho_0.5.py,rho,71,rho,0.5,2,8,5,0.5,0.5,0.5,0.6,1.0,0.5,69.000003,80,36,91.999993,138.000007,44.085711,1,1,1071,0
rho\set71\rho_0.6.py,rho,71,rho,0.6,2,8,5,0.5,0.5,0.6,0.6,1.0,0.5,82.800004,80,36,91.999993,138.000007,44.085711,1,1,1071,0
rho\set71\rho_0.7.py,rho,71,rho,0.7,2,8,5,0.5,0.5,0.7,0.6,1.0,0.5,96.600005,80,36,91.999993,138.000007,44.085711,1,1,1071,0
rho\set71\rho_0.8.py,rho,71,rho,0.8,2,8,5,0.5,0.5,0.8,0.6,1.0,0.5,110.400006,80,36,91.999993,138.000007,44.085711,1,1,1071,0
rho\set71\rho_0.9.py,rho,71,rho,0.9,2,8,5,0.5,0.5,0.9,0.6,1.0,0.5,124.200006,80,36,91.999993,138.000007,44.085711,1,1,1071,0
rho\set71\rho_1.py,rho,71,rho,1,2,8,5,0.5,0.5,1.0,0.6,1.0,0.5,138.000007,80,36,91.999993,138.000007,44.085711,1,1,1071,0
rho\set72\rho_0.2.py,rho,72,rho,0.2,2,8,5,0.5,0.5,0.2,0.6,1.0,0.5,27.6,80,30,92.000006,138.000001,47.200003,1,1,1072,0
rho\set72\rho_0.3.py,rho,72,rho,0.3,2,8,5,0.5,0.5,0.3,0.6,1.0,0.5,41.4,80,30,92.000006,138.000001,47.200003,1,1,1072,0
rho\set72\rho_0.4.py,rho,72,rho,0.4,2,8,5,0.5,0.5,0.4,0.6,1.0,0.5,55.2,80,30,92.000006,138.000001,47.200003,1,1,1072,0
rho\set72\rho_0.5.py,rho,72,rho,0.5,2,8,5,0.5,0.5,0.5,0.6,1.0,0.5,69.000001,80,30,92.000006,138.000001,47.200003,1,1,1072,0
rho\set72\rho_0.6.py,rho,72,rho,0.6,2,8,5,0.5,0.5,0.6,0.6,1.0,0.5,82.800001,80,30,92.000006,138.000001,47.200003,1,1,1072,0
rho\set72\rho_0.7.py,rho,72,rho,0.7,2,8,5,0.5,0.5,0.7,0.6,1.0,0.5,96.600001,80,30,92.000006,138.000001,47.200003,1,1,1072,0
rho\set72\rho_0.8.py,rho,72,rho,0.8,2,8,5,0.5,0.5,0.8,0.6,1.0,0.5,110.400001,80,30,92.000006,138.000001,47.200003,1,1,1072,0
rho\set72\rho_0.9.py,rho,72,rho,0.9,2,8,5,0.5,0.5,0.9,0.6,1.0,0.5,124.200001,80,30,92.000006,138.000001,47.200003,1,1,1072,0
rho\set72\rho_1.py,rho,72,rho,1,2,8,5,0.5,0.5,1.0,0.6,1.0,0.5,138.000001,80,30,92.000006,138.000001,47.200003,1,1,1072,0
rho\set73\rho_0.2.py,rho,73,rho,0.2,2,8,5,0.5,0.5,0.2,0.6,1.0,0.5,27.600001,80,29,91.999997,138.000006,46.01818,1,1,1073,0
rho\set73\rho_0.3.py,rho,73,rho,0.3,2,8,5,0.5,0.5,0.3,0.6,1.0,0.5,41.400002,80,29,91.999997,138.000006,46.01818,1,1,1073,0
rho\set73\rho_0.4.py,rho,73,rho,0.4,2,8,5,0.5,0.5,0.4,0.6,1.0,0.5,55.200002,80,29,91.999997,138.000006,46.01818,1,1,1073,0
rho\set73\rho_0.5.py,rho,73,rho,0.5,2,8,5,0.5,0.5,0.5,0.6,1.0,0.5,69.000003,80,29,91.999997,138.000006,46.01818,1,1,1073,0
rho\set73\rho_0.6.py,rho,73,rho,0.6,2,8,5,0.5,0.5,0.6,0.6,1.0,0.5,82.800003,80,29,91.999997,138.000006,46.01818,1,1,1073,0
rho\set73\rho_0.7.py,rho,73,rho,0.7,2,8,5,0.5,0.5,0.7,0.6,1.0,0.5,96.600004,80,29,91.999997,138.000006,46.01818,1,1,1073,0
rho\set73\rho_0.8.py,rho,73,rho,0.8,2,8,5,0.5,0.5,0.8,0.6,1.0,0.5,110.400005,80,29,91.999997,138.000006,46.01818,1,1,1073,0
rho\set73\rho_0.9.py,rho,73,rho,0.9,2,8,5,0.5,0.5,0.9,0.6,1.0,0.5,124.200005,80,29,91.999997,138.000006,46.01818,1,1,1073,0
rho\set73\rho_1.py,rho,73,rho,1,2,8,5,0.5,0.5,1.0,0.6,1.0,0.5,138.000006,80,29,91.999997,138.000006,46.01818,1,1,1073,0
rho\set74\rho_0.2.py,rho,74,rho,0.2,2,8,5,0.5,0.5,0.2,0.6,1.0,0.5,27.599999,80,36,91.999998,137.999994,42.799999,1,1,1074,0
rho\set74\rho_0.3.py,rho,74,rho,0.3,2,8,5,0.5,0.5,0.3,0.6,1.0,0.5,41.399998,80,36,91.999998,137.999994,42.799999,1,1,1074,0
rho\set74\rho_0.4.py,rho,74,rho,0.4,2,8,5,0.5,0.5,0.4,0.6,1.0,0.5,55.199998,80,36,91.999998,137.999994,42.799999,1,1,1074,0
rho\set74\rho_0.5.py,rho,74,rho,0.5,2,8,5,0.5,0.5,0.5,0.6,1.0,0.5,68.999997,80,36,91.999998,137.999994,42.799999,1,1,1074,0
rho\set74\rho_0.6.py,rho,74,rho,0.6,2,8,5,0.5,0.5,0.6,0.6,1.0,0.5,82.799997,80,36,91.999998,137.999994,42.799999,1,1,1074,0
rho\set74\rho_0.7.py,rho,74,rho,0.7,2,8,5,0.5,0.5,0.7,0.6,1.0,0.5,96.599996,80,36,91.999998,137.999994,42.799999,1,1,1074,0
rho\set74\rho_0.8.py,rho,74,rho,0.8,2,8,5,0.5,0.5,0.8,0.6,1.0,0.5,110.399995,80,36,91.999998,137.999994,42.799999,1,1,1074,0
rho\set74\rho_0.9.py,rho,74,rho,0.9,2,8,5,0.5,0.5,0.9,0.6,1.0,0.5,124.199995,80,36,91.999998,137.999994,42.799999,1,1,1074,0
rho\set74\rho_1.py,rho,74,rho,1,2,8,5,0.5,0.5,1.0,0.6,1.0,0.5,137.999994,80,36,91.999998,137.999994,42.799999,1,1,1074,0
rho\set75\rho_0.2.py,rho,75,rho,0.2,2,8,5,0.5,0.5,0.2,0.6,1.0,0.5,27.599997,80,31,91.999998,137.999984,42.866666,1,1,1075,0
rho\set75\rho_0.3.py,rho,75,rho,0.3,2,8,5,0.5,0.5,0.3,0.6,1.0,0.5,41.399995,80,31,91.999998,137.999984,42.866666,1,1,1075,0
rho\set75\rho_0.4.py,rho,75,rho,0.4,2,8,5,0.5,0.5,0.4,0.6,1.0,0.5,55.199994,80,31,91.999998,137.999984,42.866666,1,1,1075,0
rho\set75\rho_0.5.py,rho,75,rho,0.5,2,8,5,0.5,0.5,0.5,0.6,1.0,0.5,68.999992,80,31,91.999998,137.999984,42.866666,1,1,1075,0
rho\set75\rho_0.6.py,rho,75,rho,0.6,2,8,5,0.5,0.5,0.6,0.6,1.0,0.5,82.79999,80,31,91.999998,137.999984,42.866666,1,1,1075,0
rho\set75\rho_0.7.py,rho,75,rho,0.7,2,8,5,0.5,0.5,0.7,0.6,1.0,0.5,96.599989,80,31,91.999998,137.999984,42.866666,1,1,1075,0
rho\set75\rho_0.8.py,rho,75,rho,0.8,2,8,5,0.5,0.5,0.8,0.6,1.0,0.5,110.399987,80,31,91.999998,137.999984,42.866666,1,1,1075,0
rho\set75\rho_0.9.py,rho,75,rho,0.9,2,8,5,0.5,0.5,0.9,0.6,1.0,0.5,124.199986,80,31,91.999998,137.999984,42.866666,1,1,1075,0
rho\set75\rho_1.py,rho,75,rho,1,2,8,5,0.5,0.5,1.0,0.6,1.0,0.5,137.999984,80,31,91.999998,137.999984,42.866666,1,1,1075,0
rho\set76\rho_0.2.py,rho,76,rho,0.2,2,8,5,0.5,0.5,0.2,0.6,1.0,0.5,27.599999,80,32,91.999995,137.999993,42.799998,1,1,1076,0
rho\set76\rho_0.3.py,rho,76,rho,0.3,2,8,5,0.5,0.5,0.3,0.6,1.0,0.5,41.399998,80,32,91.999995,137.999993,42.799998,1,1,1076,0
rho\set76\rho_0.4.py,rho,76,rho,0.4,2,8,5,0.5,0.5,0.4,0.6,1.0,0.5,55.199997,80,32,91.999995,137.999993,42.799998,1,1,1076,0
rho\set76\rho_0.5.py,rho,76,rho,0.5,2,8,5,0.5,0.5,0.5,0.6,1.0,0.5,68.999997,80,32,91.999995,137.999993,42.799998,1,1,1076,0
rho\set76\rho_0.6.py,rho,76,rho,0.6,2,8,5,0.5,0.5,0.6,0.6,1.0,0.5,82.799996,80,32,91.999995,137.999993,42.799998,1,1,1076,0
rho\set76\rho_0.7.py,rho,76,rho,0.7,2,8,5,0.5,0.5,0.7,0.6,1.0,0.5,96.599995,80,32,91.999995,137.999993,42.799998,1,1,1076,0
rho\set76\rho_0.8.py,rho,76,rho,0.8,2,8,5,0.5,0.5,0.8,0.6,1.0,0.5,110.399994,80,32,91.999995,137.999993,42.799998,1,1,1076,0
rho\set76\rho_0.9.py,rho,76,rho,0.9,2,8,5,0.5,0.5,0.9,0.6,1.0,0.5,124.199994,80,32,91.999995,137.999993,42.799998,1,1,1076,0
rho\set76\rho_1.py,rho,76,rho,1,2,8,5,0.5,0.5,1.0,0.6,1.0,0.5,137.999993,80,32,91.999995,137.999993,42.799998,1,1,1076,0
rho\set77\rho_0.2.py,rho,77,rho,0.2,2,8,5,0.5,0.5,0.2,0.6,1.0,0.5,27.599999,80,23,91.999998,137.999994,42.866666,1,1,1077,0
rho\set77\rho_0.3.py,rho,77,rho,0.3,2,8,5,0.5,0.5,0.3,0.6,1.0,0.5,41.399998,80,23,91.999998,137.999994,42.866666,1,1,1077,0
rho\set77\rho_0.4.py,rho,77,rho,0.4,2,8,5,0.5,0.5,0.4,0.6,1.0,0.5,55.199998,80,23,91.999998,137.999994,42.866666,1,1,1077,0
rho\set77\rho_0.5.py,rho,77,rho,0.5,2,8,5,0.5,0.5,0.5,0.6,1.0,0.5,68.999997,80,23,91.999998,137.999994,42.866666,1,1,1077,0
rho\set77\rho_0.6.py,rho,77,rho,0.6,2,8,5,0.5,0.5,0.6,0.6,1.0,0.5,82.799997,80,23,91.999998,137.999994,42.866666,1,1,1077,0
rho\set77\rho_0.7.py,rho,77,rho,0.7,2,8,5,0.5,0.5,0.7,0.6,1.0,0.5,96.599996,80,23,91.999998,137.999994,42.866666,1,1,1077,0
rho\set77\rho_0.8.py,rho,77,rho,0.8,2,8,5,0.5,0.5,0.8,0.6,1.0,0.5,110.399995,80,23,91.999998,137.999994,42.866666,1,1,1077,0
rho\set77\rho_0.9.py,rho,77,rho,0.9,2,8,5,0.5,0.5,0.9,0.6,1.0,0.5,124.199995,80,23,91.999998,137.999994,42.866666,1,1,1077,0
rho\set77\rho_1.py,rho,77,rho,1,2,8,5,0.5,0.5,1.0,0.6,1.0,0.5,137.999994,80,23,91.999998,137.999994,42.866666,1,1,1077,0
rho\set78\rho_0.2.py,rho,78,rho,0.2,2,8,5,0.5,0.5,0.2,0.6,1.0,0.5,27.599998,80,27,91.999999,137.999991,42.799999,1,1,1078,0
rho\set78\rho_0.3.py,rho,78,rho,0.3,2,8,5,0.5,0.5,0.3,0.6,1.0,0.5,41.399997,80,27,91.999999,137.999991,42.799999,1,1,1078,0
rho\set78\rho_0.4.py,rho,78,rho,0.4,2,8,5,0.5,0.5,0.4,0.6,1.0,0.5,55.199996,80,27,91.999999,137.999991,42.799999,1,1,1078,0
rho\set78\rho_0.5.py,rho,78,rho,0.5,2,8,5,0.5,0.5,0.5,0.6,1.0,0.5,68.999995,80,27,91.999999,137.999991,42.799999,1,1,1078,0
rho\set78\rho_0.6.py,rho,78,rho,0.6,2,8,5,0.5,0.5,0.6,0.6,1.0,0.5,82.799994,80,27,91.999999,137.999991,42.799999,1,1,1078,0
rho\set78\rho_0.7.py,rho,78,rho,0.7,2,8,5,0.5,0.5,0.7,0.6,1.0,0.5,96.599994,80,27,91.999999,137.999991,42.799999,1,1,1078,0
rho\set78\rho_0.8.py,rho,78,rho,0.8,2,8,5,0.5,0.5,0.8,0.6,1.0,0.5,110.399993,80,27,91.999999,137.999991,42.799999,1,1,1078,0
rho\set78\rho_0.9.py,rho,78,rho,0.9,2,8,5,0.5,0.5,0.9,0.6,1.0,0.5,124.199992,80,27,91.999999,137.999991,42.799999,1,1,1078,0
rho\set78\rho_1.py,rho,78,rho,1,2,8,5,0.5,0.5,1.0,0.6,1.0,0.5,137.999991,80,27,91.999999,137.999991,42.799999,1,1,1078,0
rho\set79\rho_0.2.py,rho,79,rho,0.2,2,8,5,0.5,0.5,0.2,0.6,1.0,0.5,27.6,80,20,91.999999,137.999998,42.799999,1,1,1079,0
rho\set79\rho_0.3.py,rho,79,rho,0.3,2,8,5,0.5,0.5,0.3,0.6,1.0,0.5,41.399999,80,20,91.999999,137.999998,42.799999,1,1,1079,0
rho\set79\rho_0.4.py,rho,79,rho,0.4,2,8,5,0.5,0.5,0.4,0.6,1.0,0.5,55.199999,80,20,91.999999,137.999998,42.799999,1,1,1079,0
rho\set79\rho_0.5.py,rho,79,rho,0.5,2,8,5,0.5,0.5,0.5,0.6,1.0,0.5,68.999999,80,20,91.999999,137.999998,42.799999,1,1,1079,0
rho\set79\rho_0.6.py,rho,79,rho,0.6,2,8,5,0.5,0.5,0.6,0.6,1.0,0.5,82.799999,80,20,91.999999,137.999998,42.799999,1,1,1079,0
rho\set79\rho_0.7.py,rho,79,rho,0.7,2,8,5,0.5,0.5,0.7,0.6,1.0,0.5,96.599998,80,20,91.999999,137.999998,42.799999,1,1,1079,0
rho\set79\rho_0.8.py,rho,79,rho,0.8,2,8,5,0.5,0.5,0.8,0.6,1.0,0.5,110.399998,80,20,91.999999,137.999998,42.799999,1,1,1079,0
rho\set79\rho_0.9.py,rho,79,rho,0.9,2,8,5,0.5,0.5,0.9,0.6,1.0,0.5,124.199998,80,20,91.999999,137.999998,42.799999,1,1,1079,0
rho\set79\rho_1.py,rho,79,rho,1,2,8,5,0.5,0.5,1.0,0.6,1.0,0.5,137.999998,80,20,91.999999,137.999998,42.799999,1,1,1079,0
rho\set80\rho_0.2.py,rho,80,rho,0.2,2,8,5,0.5,0.5,0.2,0.6,1.0,0.5,27.600002,80,25,92.000008,138.000009,44.000004,1,1,1080,0
rho\set80\rho_0.3.py,rho,80,rho,0.3,2,8,5,0.5,0.5,0.3,0.6,1.0,0.5,41.400003,80,25,92.000008,138.000009,44.000004,1,1,1080,0
rho\set80\rho_0.4.py,rho,80,rho,0.4,2,8,5,0.5,0.5,0.4,0.6,1.0,0.5,55.200004,80,25,92.000008,138.000009,44.000004,1,1,1080,0
rho\set80\rho_0.5.py,rho,80,rho,0.5,2,8,5,0.5,0.5,0.5,0.6,1.0,0.5,69.000005,80,25,92.000008,138.000009,44.000004,1,1,1080,0
rho\set80\rho_0.6.py,rho,80,rho,0.6,2,8,5,0.5,0.5,0.6,0.6,1.0,0.5,82.800006,80,25,92.000008,138.000009,44.000004,1,1,1080,0
rho\set80\rho_0.7.py,rho,80,rho,0.7,2,8,5,0.5,0.5,0.7,0.6,1.0,0.5,96.600006,80,25,92.000008,138.000009,44.000004,1,1,1080,0
rho\set80\rho_0.8.py,rho,80,rho,0.8,2,8,5,0.5,0.5,0.8,0.6,1.0,0.5,110.400007,80,25,92.000008,138.000009,44.000004,1,1,1080,0
rho\set80\rho_0.9.py,rho,80,rho,0.9,2,8,5,0.5,0.5,0.9,0.6,1.0,0.5,124.200008,80,25,92.000008,138.000009,44.000004,1,1,1080,0
rho\set80\rho_1.py,rho,80,rho,1,2,8,5,0.5,0.5,1.0,0.6,1.0,0.5,138.000009,80,25,92.000008,138.000009,44.000004,1,1,1080,0
rho\set81\rho_0.2.py,rho,81,rho,0.2,2,8,5,0.5,0.5,0.2,0.6,1.0,0.5,27.600002,80,24,92.000001,138.00001,44.000001,1,1,1081,0
rho\set81\rho_0.3.py,rho,81,rho,0.3,2,8,5,0.5,0.5,0.3,0.6,1.0,0.5,41.400003,80,24,92.000001,138.00001,44.000001,1,1,1081,0
rho\set81\rho_0.4.py,rho,81,rho,0.4,2,8,5,0.5,0.5,0.4,0.6,1.0,0.5,55.200004,80,24,92.000001,138.00001,44.000001,1,1,1081,0
rho\set81\rho_0.5.py,rho,81,rho,0.5,2,8,5,0.5,0.5,0.5,0.6,1.0,0.5,69.000005,80,24,92.000001,138.00001,44.000001,1,1,1081,0
rho\set81\rho_0.6.py,rho,81,rho,0.6,2,8,5,0.5,0.5,0.6,0.6,1.0,0.5,82.800006,80,24,92.000001,138.00001,44.000001,1,1,1081,0
rho\set81\rho_0.7.py,rho,81,rho,0.7,2,8,5,0.5,0.5,0.7,0.6,1.0,0.5,96.600007,80,24,92.000001,138.00001,44.000001,1,1,1081,0
rho\set81\rho_0.8.py,rho,81,rho,0.8,2,8,5,0.5,0.5,0.8,0.6,1.0,0.5,110.400008,80,24,92.000001,138.00001,44.000001,1,1,1081,0
rho\set81\rho_0.9.py,rho,81,rho,0.9,2,8,5,0.5,0.5,0.9,0.6,1.0,0.5,124.200009,80,24,92.000001,138.00001,44.000001,1,1,1081,0
rho\set81\rho_1.py,rho,81,rho,1,2,8,5,0.5,0.5,1.0,0.6,1.0,0.5,138.00001,80,24,92.000001,138.00001,44.000001,1,1,1081,0
rho\set82\rho_0.2.py,rho,82,rho,0.2,2,8,5,0.5,0.5,0.2,0.6,1.0,0.5,27.600002,80,35,92.000005,138.00001,42.866669,1,1,1082,0
rho\set82\rho_0.3.py,rho,82,rho,0.3,2,8,5,0.5,0.5,0.3,0.6,1.0,0.5,41.400003,80,35,92.000005,138.00001,42.866669,1,1,1082,0
rho\set82\rho_0.4.py,rho,82,rho,0.4,2,8,5,0.5,0.5,0.4,0.6,1.0,0.5,55.200004,80,35,92.000005,138.00001,42.866669,1,1,1082,0
rho\set82\rho_0.5.py,rho,82,rho,0.5,2,8,5,0.5,0.5,0.5,0.6,1.0,0.5,69.000005,80,35,92.000005,138.00001,42.866669,1,1,1082,0
rho\set82\rho_0.6.py,rho,82,rho,0.6,2,8,5,0.5,0.5,0.6,0.6,1.0,0.5,82.800006,80,35,92.000005,138.00001,42.866669,1,1,1082,0
rho\set82\rho_0.7.py,rho,82,rho,0.7,2,8,5,0.5,0.5,0.7,0.6,1.0,0.5,96.600007,80,35,92.000005,138.00001,42.866669,1,1,1082,0
rho\set82\rho_0.8.py,rho,82,rho,0.8,2,8,5,0.5,0.5,0.8,0.6,1.0,0.5,110.400008,80,35,92.000005,138.00001,42.866669,1,1,1082,0
rho\set82\rho_0.9.py,rho,82,rho,0.9,2,8,5,0.5,0.5,0.9,0.6,1.0,0.5,124.200009,80,35,92.000005,138.00001,42.866669,1,1,1082,0
rho\set82\rho_1.py,rho,82,rho,1,2,8,5,0.5,0.5,1.0,0.6,1.0,0.5,138.00001,80,35,92.000005,138.00001,42.866669,1,1,1082,0
rho\set83\rho_0.2.py,rho,83,rho,0.2,2,8,5,0.5,0.5,0.2,0.6,1.0,0.5,27.600001,80,26,92.000007,138.000003,42.86667,1,1,1083,0
rho\set83\rho_0.3.py,rho,83,rho,0.3,2,8,5,0.5,0.5,0.3,0.6,1.0,0.5,41.400001,80,26,92.000007,138.000003,42.86667,1,1,1083,0
rho\set83\rho_0.4.py,rho,83,rho,0.4,2,8,5,0.5,0.5,0.4,0.6,1.0,0.5,55.200001,80,26,92.000007,138.000003,42.86667,1,1,1083,0
rho\set83\rho_0.5.py,rho,83,rho,0.5,2,8,5,0.5,0.5,0.5,0.6,1.0,0.5,69.000002,80,26,92.000007,138.000003,42.86667,1,1,1083,0
rho\set83\rho_0.6.py,rho,83,rho,0.6,2,8,5,0.5,0.5,0.6,0.6,1.0,0.5,82.800002,80,26,92.000007,138.000003,42.86667,1,1,1083,0
rho\set83\rho_0.7.py,rho,83,rho,0.7,2,8,5,0.5,0.5,0.7,0.6,1.0,0.5,96.600002,80,26,92.000007,138.000003,42.86667,1,1,1083,0
rho\set83\rho_0.8.py,rho,83,rho,0.8,2,8,5,0.5,0.5,0.8,0.6,1.0,0.5,110.400003,80,26,92.000007,138.000003,42.86667,1,1,1083,0
rho\set83\rho_0.9.py,rho,83,rho,0.9,2,8,5,0.5,0.5,0.9,0.6,1.0,0.5,124.200003,80,26,92.000007,138.000003,42.86667,1,1,1083,0
rho\set83\rho_1.py,rho,83,rho,1,2,8,5,0.5,0.5,1.0,0.6,1.0,0.5,138.000003,80,26,92.000007,138.000003,42.86667,1,1,1083,0
rho\set84\rho_0.2.py,rho,84,rho,0.2,2,8,5,0.5,0.5,0.2,0.6,1.0,0.5,27.599999,80,32,91.999998,137.999993,47.199999,1,1,1084,0
rho\set84\rho_0.3.py,rho,84,rho,0.3,2,8,5,0.5,0.5,0.3,0.6,1.0,0.5,41.399998,80,32,91.999998,137.999993,47.199999,1,1,1084,0
rho\set84\rho_0.4.py,rho,84,rho,0.4,2,8,5,0.5,0.5,0.4,0.6,1.0,0.5,55.199997,80,32,91.999998,137.999993,47.199999,1,1,1084,0
rho\set84\rho_0.5.py,rho,84,rho,0.5,2,8,5,0.5,0.5,0.5,0.6,1.0,0.5,68.999997,80,32,91.999998,137.999993,47.199999,1,1,1084,0
rho\set84\rho_0.6.py,rho,84,rho,0.6,2,8,5,0.5,0.5,0.6,0.6,1.0,0.5,82.799996,80,32,91.999998,137.999993,47.199999,1,1,1084,0
rho\set84\rho_0.7.py,rho,84,rho,0.7,2,8,5,0.5,0.5,0.7,0.6,1.0,0.5,96.599995,80,32,91.999998,137.999993,47.199999,1,1,1084,0
rho\set84\rho_0.8.py,rho,84,rho,0.8,2,8,5,0.5,0.5,0.8,0.6,1.0,0.5,110.399994,80,32,91.999998,137.999993,47.199999,1,1,1084,0
rho\set84\rho_0.9.py,rho,84,rho,0.9,2,8,5,0.5,0.5,0.9,0.6,1.0,0.5,124.199994,80,32,91.999998,137.999993,47.199999,1,1,1084,0
rho\set84\rho_1.py,rho,84,rho,1,2,8,5,0.5,0.5,1.0,0.6,1.0,0.5,137.999993,80,32,91.999998,137.999993,47.199999,1,1,1084,0
rho\set85\rho_0.2.py,rho,85,rho,0.2,2,8,5,0.5,0.5,0.2,0.6,1.0,0.5,27.599999,80,37,91.999997,137.999995,66.199998,1,1,1085,0
rho\set85\rho_0.3.py,rho,85,rho,0.3,2,8,5,0.5,0.5,0.3,0.6,1.0,0.5,41.399999,80,37,91.999997,137.999995,66.199998,1,1,1085,0
rho\set85\rho_0.4.py,rho,85,rho,0.4,2,8,5,0.5,0.5,0.4,0.6,1.0,0.5,55.199998,80,37,91.999997,137.999995,66.199998,1,1,1085,0
rho\set85\rho_0.5.py,rho,85,rho,0.5,2,8,5,0.5,0.5,0.5,0.6,1.0,0.5,68.999998,80,37,91.999997,137.999995,66.199998,1,1,1085,0
rho\set85\rho_0.6.py,rho,85,rho,0.6,2,8,5,0.5,0.5,0.6,0.6,1.0,0.5,82.799997,80,37,91.999997,137.999995,66.199998,1,1,1085,0
rho\set85\rho_0.7.py,rho,85,rho,0.7,2,8,5,0.5,0.5,0.7,0.6,1.0,0.5,96.599997,80,37,91.999997,137.999995,66.199998,1,1,1085,0
rho\set85\rho_0.8.py,rho,85,rho,0.8,2,8,5,0.5,0.5,0.8,0.6,1.0,0.5,110.399996,80,37,91.999997,137.999995,66.199998,1,1,1085,0
rho\set85\rho_0.9.py,rho,85,rho,0.9,2,8,5,0.5,0.5,0.9,0.6,1.0,0.5,124.199996,80,37,91.999997,137.999995,66.199998,1,1,1085,0
rho\set85\rho_1.py,rho,85,rho,1,2,8,5,0.5,0.5,1.0,0.6,1.0,0.5,137.999995,80,37,91.999997,137.999995,66.199998,1,1,1085,0
rho\set86\rho_0.2.py,rho,86,rho,0.2,2,8,5,0.5,0.5,0.2,0.6,1.0,0.5,27.6,80,26,92.000006,138.000002,48.800003,1,1,1086,0
rho\set86\rho_0.3.py,rho,86,rho,0.3,2,8,5,0.5,0.5,0.3,0.6,1.0,0.5,41.400001,80,26,92.000006,138.000002,48.800003,1,1,1086,0
rho\set86\rho_0.4.py,rho,86,rho,0.4,2,8,5,0.5,0.5,0.4,0.6,1.0,0.5,55.200001,80,26,92.000006,138.000002,48.800003,1,1,1086,0
rho\set86\rho_0.5.py,rho,86,rho,0.5,2,8,5,0.5,0.5,0.5,0.6,1.0,0.5,69.000001,80,26,92.000006,138.000002,48.800003,1,1,1086,0
rho\set86\rho_0.6.py,rho,86,rho,0.6,2,8,5,0.5,0.5,0.6,0.6,1.0,0.5,82.800001,80,26,92.000006,138.000002,48.800003,1,1,1086,0
rho\set86\rho_0.7.py,rho,86,rho,0.7,2,8,5,0.5,0.5,0.7,0.6,1.0,0.5,96.600002,80,26,92.000006,138.000002,48.800003,1,1,1086,0
rho\set86\rho_0.8.py,rho,86,rho,0.8,2,8,5,0.5,0.5,0.8,0.6,1.0,0.5,110.400002,80,26,92.000006,138.000002,48.800003,1,1,1086,0
rho\set86\rho_0.9.py,rho,86,rho,0.9,2,8,5,0.5,0.5,0.9,0.6,1.0,0.5,124.200002,80,26,92.000006,138.000002,48.800003,1,1,1086,0
rho\set86\rho_1.py,rho,86,rho,1,2,8,5,0.5,0.5,1.0,0.6,1.0,0.5,138.000002,80,26,92.000006,138.000002,48.800003,1,1,1086,0
rho\set87\rho_0.2.py,rho,87,rho,0.2,2,8,5,0.5,0.5,0.2,0.6,1.0,0.5,27.599998,80,33,91.999992,137.999992,42.866663,1,1,1087,0
rho\set87\rho_0.3.py,rho,87,rho,0.3,2,8,5,0.5,0.5,0.3,0.6,1.0,0.5,41.399998,80,33,91.999992,137.999992,42.866663,1,1,1087,0
rho\set87\rho_0.4.py,rho,87,rho,0.4,2,8,5,0.5,0.5,0.4,0.6,1.0,0.5,55.199997,80,33,91.999992,137.999992,42.866663,1,1,1087,0
rho\set87\rho_0.5.py,rho,87,rho,0.5,2,8,5,0.5,0.5,0.5,0.6,1.0,0.5,68.999996,80,33,91.999992,137.999992,42.866663,1,1,1087,0
rho\set87\rho_0.6.py,rho,87,rho,0.6,2,8,5,0.5,0.5,0.6,0.6,1.0,0.5,82.799995,80,33,91.999992,137.999992,42.866663,1,1,1087,0
rho\set87\rho_0.7.py,rho,87,rho,0.7,2,8,5,0.5,0.5,0.7,0.6,1.0,0.5,96.599994,80,33,91.999992,137.999992,42.866663,1,1,1087,0
rho\set87\rho_0.8.py,rho,87,rho,0.8,2,8,5,0.5,0.5,0.8,0.6,1.0,0.5,110.399994,80,33,91.999992,137.999992,42.866663,1,1,1087,0
rho\set87\rho_0.9.py,rho,87,rho,0.9,2,8,5,0.5,0.5,0.9,0.6,1.0,0.5,124.199993,80,33,91.999992,137.999992,42.866663,1,1,1087,0
rho\set87\rho_1.py,rho,87,rho,1,2,8,5,0.5,0.5,1.0,0.6,1.0,0.5,137.999992,80,33,91.999992,137.999992,42.866663,1,1,1087,0
rho\set88\rho_0.2.py,rho,88,rho,0.2,2,8,5,0.5,0.5,0.2,0.6,1.0,0.5,27.599998,80,25,91.999998,137.999992,46.018181,1,1,1088,0
rho\set88\rho_0.3.py,rho,88,rho,0.3,2,8,5,0.5,0.5,0.3,0.6,1.0,0.5,41.399998,80,25,91.999998,137.999992,46.018181,1,1,1088,0
rho\set88\rho_0.4.py,rho,88,rho,0.4,2,8,5,0.5,0.5,0.4,0.6,1.0,0.5,55.199997,80,25,91.999998,137.999992,46.018181,1,1,1088,0
rho\set88\rho_0.5.py,rho,88,rho,0.5,2,8,5,0.5,0.5,0.5,0.6,1.0,0.5,68.999996,80,25,91.999998,137.999992,46.018181,1,1,1088,0
rho\set88\rho_0.6.py,rho,88,rho,0.6,2,8,5,0.5,0.5,0.6,0.6,1.0,0.5,82.799995,80,25,91.999998,137.999992,46.018181,1,1,1088,0
rho\set88\rho_0.7.py,rho,88,rho,0.7,2,8,5,0.5,0.5,0.7,0.6,1.0,0.5,96.599994,80,25,91.999998,137.999992,46.018181,1,1,1088,0
rho\set88\rho_0.8.py,rho,88,rho,0.8,2,8,5,0.5,0.5,0.8,0.6,1.0,0.5,110.399994,80,25,91.999998,137.999992,46.018181,1,1,1088,0
rho\set88\rho_0.9.py,rho,88,rho,0.9,2,8,5,0.5,0.5,0.9,0.6,1.0,0.5,124.199993,80,25,91.999998,137.999992,46.018181,1,1,1088,0
rho\set88\rho_1.py,rho,88,rho,1,2,8,5,0.5,0.5,1.0,0.6,1.0,0.5,137.999992,80,25,91.999998,137.999992,46.018181,1,1,1088,0
rho\set89\rho_0.2.py,rho,89,rho,0.2,2,8,5,0.5,0.5,0.2,0.6,1.0,0.5,27.599999,80,37,91.999993,137.999993,46.018178,1,1,1089,0
rho\set89\rho_0.3.py,rho,89,rho,0.3,2,8,5,0.5,0.5,0.3,0.6,1.0,0.5,41.399998,80,37,91.999993,137.999993,46.018178,1,1,1089,0
rho\set89\rho_0.4.py,rho,89,rho,0.4,2,8,5,0.5,0.5,0.4,0.6,1.0,0.5,55.199997,80,37,91.999993,137.999993,46.018178,1,1,1089,0
rho\set89\rho_0.5.py,rho,89,rho,0.5,2,8,5,0.5,0.5,0.5,0.6,1.0,0.5,68.999997,80,37,91.999993,137.999993,46.018178,1,1,1089,0
rho\set89\rho_0.6.py,rho,89,rho,0.6,2,8,5,0.5,0.5,0.6,0.6,1.0,0.5,82.799996,80,37,91.999993,137.999993,46.018178,1,1,1089,0
rho\set89\rho_0.7.py,rho,89,rho,0.7,2,8,5,0.5,0.5,0.7,0.6,1.0,0.5,96.599995,80,37,91.999993,137.999993,46.018178,1,1,1089,0
rho\set89\rho_0.8.py,rho,89,rho,0.8,2,8,5,0.5,0.5,0.8,0.6,1.0,0.5,110.399994,80,37,91.999993,137.999993,46.018178,1,1,1089,0
rho\set89\rho_0.9.py,rho,89,rho,0.9,2,8,5,0.5,0.5,0.9,0.6,1.0,0.5,124.199994,80,37,91.999993,137.999993,46.018178,1,1,1089,0
rho\set89\rho_1.py,rho,89,rho,1,2,8,5,0.5,0.5,1.0,0.6,1.0,0.5,137.999993,80,37,91.999993,137.999993,46.018178,1,1,1089,0
rho\set90\rho_0.2.py,rho,90,rho,0.2,2,8,5,0.5,0.5,0.2,0.6,1.0,0.5,27.599999,80,40,92.0,137.999995,42.8,1,1,1090,0
rho\set90\rho_0.3.py,rho,90,rho,0.3,2,8,5,0.5,0.5,0.3,0.6,1.0,0.5,41.399999,80,40,92.0,137.999995,42.8,1,1,1090,0
rho\set90\rho_0.4.py,rho,90,rho,0.4,2,8,5,0.5,0.5,0.4,0.6,1.0,0.5,55.199998,80,40,92.0,137.999995,42.8,1,1,1090,0
rho\set90\rho_0.5.py,rho,90,rho,0.5,2,8,5,0.5,0.5,0.5,0.6,1.0,0.5,68.999998,80,40,92.0,137.999995,42.8,1,1,1090,0
rho\set90\rho_0.6.py,rho,90,rho,0.6,2,8,5,0.5,0.5,0.6,0.6,1.0,0.5,82.799997,80,40,92.0,137.999995,42.8,1,1,1090,0
rho\set90\rho_0.7.py,rho,90,rho,0.7,2,8,5,0.5,0.5,0.7,0.6,1.0,0.5,96.599997,80,40,92.0,137.999995,42.8,1,1,1090,0
rho\set90\rho_0.8.py,rho,90,rho,0.8,2,8,5,0.5,0.5,0.8,0.6,1.0,0.5,110.399996,80,40,92.0,137.999995,42.8,1,1,1090,0
rho\set90\rho_0.9.py,rho,90,rho,0.9,2,8,5,0.5,0.5,0.9,0.6,1.0,0.5,124.199996,80,40,92.0,137.999995,42.8,1,1,1090,0
rho\set90\rho_1.py,rho,90,rho,1,2,8,5,0.5,0.5,1.0,0.6,1.0,0.5,137.999995,80,40,92.0,137.999995,42.8,1,1,1090,0
rho\set91\rho_0.2.py,rho,91,rho,0.2,2,8,5,0.5,0.5,0.2,0.6,1.0,0.5,27.599997,80,27,91.999995,137.999987,43.999998,1,1,1091,0
rho\set91\rho_0.3.py,rho,91,rho,0.3,2,8,5,0.5,0.5,0.3,0.6,1.0,0.5,41.399996,80,27,91.999995,137.999987,43.999998,1,1,1091,0
rho\set91\rho_0.4.py,rho,91,rho,0.4,2,8,5,0.5,0.5,0.4,0.6,1.0,0.5,55.199995,80,27,91.999995,137.999987,43.999998,1,1,1091,0
rho\set91\rho_0.5.py,rho,91,rho,0.5,2,8,5,0.5,0.5,0.5,0.6,1.0,0.5,68.999994,80,27,91.999995,137.999987,43.999998,1,1,1091,0
rho\set91\rho_0.6.py,rho,91,rho,0.6,2,8,5,0.5,0.5,0.6,0.6,1.0,0.5,82.799992,80,27,91.999995,137.999987,43.999998,1,1,1091,0
rho\set91\rho_0.7.py,rho,91,rho,0.7,2,8,5,0.5,0.5,0.7,0.6,1.0,0.5,96.599991,80,27,91.999995,137.999987,43.999998,1,1,1091,0
rho\set91\rho_0.8.py,rho,91,rho,0.8,2,8,5,0.5,0.5,0.8,0.6,1.0,0.5,110.39999,80,27,91.999995,137.999987,43.999998,1,1,1091,0
rho\set91\rho_0.9.py,rho,91,rho,0.9,2,8,5,0.5,0.5,0.9,0.6,1.0,0.5,124.199989,80,27,91.999995,137.999987,43.999998,1,1,1091,0
rho\set91\rho_1.py,rho,91,rho,1,2,8,5,0.5,0.5,1.0,0.6,1.0,0.5,137.999987,80,27,91.999995,137.999987,43.999998,1,1,1091,0
rho\set92\rho_0.2.py,rho,92,rho,0.2,2,8,5,0.5,0.5,0.2,0.6,1.0,0.5,27.599998,80,28,91.999991,137.999992,42.866662,1,1,1092,0
rho\set92\rho_0.3.py,rho,92,rho,0.3,2,8,5,0.5,0.5,0.3,0.6,1.0,0.5,41.399998,80,28,91.999991,137.999992,42.866662,1,1,1092,0
rho\set92\rho_0.4.py,rho,92,rho,0.4,2,8,5,0.5,0.5,0.4,0.6,1.0,0.5,55.199997,80,28,91.999991,137.999992,42.866662,1,1,1092,0
rho\set92\rho_0.5.py,rho,92,rho,0.5,2,8,5,0.5,0.5,0.5,0.6,1.0,0.5,68.999996,80,28,91.999991,137.999992,42.866662,1,1,1092,0
rho\set92\rho_0.6.py,rho,92,rho,0.6,2,8,5,0.5,0.5,0.6,0.6,1.0,0.5,82.799995,80,28,91.999991,137.999992,42.866662,1,1,1092,0
rho\set92\rho_0.7.py,rho,92,rho,0.7,2,8,5,0.5,0.5,0.7,0.6,1.0,0.5,96.599994,80,28,91.999991,137.999992,42.866662,1,1,1092,0
rho\set92\rho_0.8.py,rho,92,rho,0.8,2,8,5,0.5,0.5,0.8,0.6,1.0,0.5,110.399994,80,28,91.999991,137.999992,42.866662,1,1,1092,0
rho\set92\rho_0.9.py,rho,92,rho,0.9,2,8,5,0.5,0.5,0.9,0.6,1.0,0.5,124.199993,80,28,91.999991,137.999992,42.866662,1,1,1092,0
rho\set92\rho_1.py,rho,92,rho,1,2,8,5,0.5,0.5,1.0,0.6,1.0,0.5,137.999992,80,28,91.999991,137.999992,42.866662,1,1,1092,0
rho\set93\rho_0.2.py,rho,93,rho,0.2,2,8,5,0.5,0.5,0.2,0.6,1.0,0.5,27.599998,80,29,92.000007,137.999992,46.018185,1,1,1093,0
rho\set93\rho_0.3.py,rho,93,rho,0.3,2,8,5,0.5,0.5,0.3,0.6,1.0,0.5,41.399998,80,29,92.000007,137.999992,46.018185,1,1,1093,0
rho\set93\rho_0.4.py,rho,93,rho,0.4,2,8,5,0.5,0.5,0.4,0.6,1.0,0.5,55.199997,80,29,92.000007,137.999992,46.018185,1,1,1093,0
rho\set93\rho_0.5.py,rho,93,rho,0.5,2,8,5,0.5,0.5,0.5,0.6,1.0,0.5,68.999996,80,29,92.000007,137.999992,46.018185,1,1,1093,0
rho\set93\rho_0.6.py,rho,93,rho,0.6,2,8,5,0.5,0.5,0.6,0.6,1.0,0.5,82.799995,80,29,92.000007,137.999992,46.018185,1,1,1093,0
rho\set93\rho_0.7.py,rho,93,rho,0.7,2,8,5,0.5,0.5,0.7,0.6,1.0,0.5,96.599994,80,29,92.000007,137.999992,46.018185,1,1,1093,0
rho\set93\rho_0.8.py,rho,93,rho,0.8,2,8,5,0.5,0.5,0.8,0.6,1.0,0.5,110.399994,80,29,92.000007,137.999992,46.018185,1,1,1093,0
rho\set93\rho_0.9.py,rho,93,rho,0.9,2,8,5,0.5,0.5,0.9,0.6,1.0,0.5,124.199993,80,29,92.000007,137.999992,46.018185,1,1,1093,0
rho\set93\rho_1.py,rho,93,rho,1,2,8,5,0.5,0.5,1.0,0.6,1.0,0.5,137.999992,80,29,92.000007,137.999992,46.018185,1,1,1093,0
rho\set94\rho_0.2.py,rho,94,rho,0.2,2,8,5,0.5,0.5,0.2,0.6,1.0,0.5,27.6,80,27,92.000002,138.000002,46.018183,1,1,1094,0
rho\set94\rho_0.3.py,rho,94,rho,0.3,2,8,5,0.5,0.5,0.3,0.6,1.0,0.5,41.400001,80,27,92.000002,138.000002,46.018183,1,1,1094,0
rho\set94\rho_0.4.py,rho,94,rho,0.4,2,8,5,0.5,0.5,0.4,0.6,1.0,0.5,55.200001,80,27,92.000002,138.000002,46.018183,1,1,1094,0
rho\set94\rho_0.5.py,rho,94,rho,0.5,2,8,5,0.5,0.5,0.5,0.6,1.0,0.5,69.000001,80,27,92.000002,138.000002,46.018183,1,1,1094,0
rho\set94\rho_0.6.py,rho,94,rho,0.6,2,8,5,0.5,0.5,0.6,0.6,1.0,0.5,82.800001,80,27,92.000002,138.000002,46.018183,1,1,1094,0
rho\set94\rho_0.7.py,rho,94,rho,0.7,2,8,5,0.5,0.5,0.7,0.6,1.0,0.5,96.600002,80,27,92.000002,138.000002,46.018183,1,1,1094,0
rho\set94\rho_0.8.py,rho,94,rho,0.8,2,8,5,0.5,0.5,0.8,0.6,1.0,0.5,110.400002,80,27,92.000002,138.000002,46.018183,1,1,1094,0
rho\set94\rho_0.9.py,rho,94,rho,0.9,2,8,5,0.5,0.5,0.9,0.6,1.0,0.5,124.200002,80,27,92.000002,138.000002,46.018183,1,1,1094,0
rho\set94\rho_1.py,rho,94,rho,1,2,8,5,0.5,0.5,1.0,0.6,1.0,0.5,138.000002,80,27,92.000002,138.000002,46.018183,1,1,1094,0
rho\set95\rho_0.2.py,rho,95,rho,0.2,2,8,5,0.5,0.5,0.2,0.6,1.0,0.5,27.599998,80,23,91.999997,137.999991,42.866665,1,1,1095,0
rho\set95\rho_0.3.py,rho,95,rho,0.3,2,8,5,0.5,0.5,0.3,0.6,1.0,0.5,41.399997,80,23,91.999997,137.999991,42.866665,1,1,1095,0
rho\set95\rho_0.4.py,rho,95,rho,0.4,2,8,5,0.5,0.5,0.4,0.6,1.0,0.5,55.199996,80,23,91.999997,137.999991,42.866665,1,1,1095,0
rho\set95\rho_0.5.py,rho,95,rho,0.5,2,8,5,0.5,0.5,0.5,0.6,1.0,0.5,68.999995,80,23,91.999997,137.999991,42.866665,1,1,1095,0
rho\set95\rho_0.6.py,rho,95,rho,0.6,2,8,5,0.5,0.5,0.6,0.6,1.0,0.5,82.799994,80,23,91.999997,137.999991,42.866665,1,1,1095,0
rho\set95\rho_0.7.py,rho,95,rho,0.7,2,8,5,0.5,0.5,0.7,0.6,1.0,0.5,96.599994,80,23,91.999997,137.999991,42.866665,1,1,1095,0
rho\set95\rho_0.8.py,rho,95,rho,0.8,2,8,5,0.5,0.5,0.8,0.6,1.0,0.5,110.399993,80,23,91.999997,137.999991,42.866665,1,1,1095,0
rho\set95\rho_0.9.py,rho,95,rho,0.9,2,8,5,0.5,0.5,0.9,0.6,1.0,0.5,124.199992,80,23,91.999997,137.999991,42.866665,1,1,1095,0
rho\set95\rho_1.py,rho,95,rho,1,2,8,5,0.5,0.5,1.0,0.6,1.0,0.5,137.999991,80,23,91.999997,137.999991,42.866665,1,1,1095,0
rho\set96\rho_0.2.py,rho,96,rho,0.2,2,8,5,0.5,0.5,0.2,0.6,1.0,0.5,27.600001,80,28,92.000003,138.000003,44.085716,1,1,1096,0
rho\set96\rho_0.3.py,rho,96,rho,0.3,2,8,5,0.5,0.5,0.3,0.6,1.0,0.5,41.400001,80,28,92.000003,138.000003,44.085716,1,1,1096,0
rho\set96\rho_0.4.py,rho,96,rho,0.4,2,8,5,0.5,0.5,0.4,0.6,1.0,0.5,55.200001,80,28,92.000003,138.000003,44.085716,1,1,1096,0
rho\set96\rho_0.5.py,rho,96,rho,0.5,2,8,5,0.5,0.5,0.5,0.6,1.0,0.5,69.000002,80,28,92.000003,138.000003,44.085716,1,1,1096,0
rho\set96\rho_0.6.py,rho,96,rho,0.6,2,8,5,0.5,0.5,0.6,0.6,1.0,0.5,82.800002,80,28,92.000003,138.000003,44.085716,1,1,1096,0
rho\set96\rho_0.7.py,rho,96,rho,0.7,2,8,5,0.5,0.5,0.7,0.6,1.0,0.5,96.600002,80,28,92.000003,138.000003,44.085716,1,1,1096,0
rho\set96\rho_0.8.py,rho,96,rho,0.8,2,8,5,0.5,0.5,0.8,0.6,1.0,0.5,110.400003,80,28,92.000003,138.000003,44.085716,1,1,1096,0
rho\set96\rho_0.9.py,rho,96,rho,0.9,2,8,5,0.5,0.5,0.9,0.6,1.0,0.5,124.200003,80,28,92.000003,138.000003,44.085716,1,1,1096,0
rho\set96\rho_1.py,rho,96,rho,1,2,8,5,0.5,0.5,1.0,0.6,1.0,0.5,138.000003,80,28,92.000003,138.000003,44.085716,1,1,1096,0
rho\set97\rho_0.2.py,rho,97,rho,0.2,2,8,5,0.5,0.5,0.2,0.6,1.0,0.5,27.600002,80,24,92.000007,138.00001,44.085718,1,1,1097,0
rho\set97\rho_0.3.py,rho,97,rho,0.3,2,8,5,0.5,0.5,0.3,0.6,1.0,0.5,41.400003,80,24,92.000007,138.00001,44.085718,1,1,1097,0
rho\set97\rho_0.4.py,rho,97,rho,0.4,2,8,5,0.5,0.5,0.4,0.6,1.0,0.5,55.200004,80,24,92.000007,138.00001,44.085718,1,1,1097,0
rho\set97\rho_0.5.py,rho,97,rho,0.5,2,8,5,0.5,0.5,0.5,0.6,1.0,0.5,69.000005,80,24,92.000007,138.00001,44.085718,1,1,1097,0
rho\set97\rho_0.6.py,rho,97,rho,0.6,2,8,5,0.5,0.5,0.6,0.6,1.0,0.5,82.800006,80,24,92.000007,138.00001,44.085718,1,1,1097,0
rho\set97\rho_0.7.py,rho,97,rho,0.7,2,8,5,0.5,0.5,0.7,0.6,1.0,0.5,96.600007,80,24,92.000007,138.00001,44.085718,1,1,1097,0
rho\set97\rho_0.8.py,rho,97,rho,0.8,2,8,5,0.5,0.5,0.8,0.6,1.0,0.5,110.400008,80,24,92.000007,138.00001,44.085718,1,1,1097,0
rho\set97\rho_0.9.py,rho,97,rho,0.9,2,8,5,0.5,0.5,0.9,0.6,1.0,0.5,124.200009,80,24,92.000007,138.00001,44.085718,1,1,1097,0
rho\set97\rho_1.py,rho,97,rho,1,2,8,5,0.5,0.5,1.0,0.6,1.0,0.5,138.00001,80,24,92.000007,138.00001,44.085718,1,1,1097,0
rho\set98\rho_0.2.py,rho,98,rho,0.2,2,8,5,0.5,0.5,0.2,0.6,1.0,0.5,27.599999,80,36,92.0,137.999993,42.8,1,1,1098,0
rho\set98\rho_0.3.py,rho,98,rho,0.3,2,8,5,0.5,0.5,0.3,0.6,1.0,0.5,41.399998,80,36,92.0,137.999993,42.8,1,1,1098,0
rho\set98\rho_0.4.py,rho,98,rho,0.4,2,8,5,0.5,0.5,0.4,0.6,1.0,0.5,55.199997,80,36,92.0,137.999993,42.8,1,1,1098,0
rho\set98\rho_0.5.py,rho,98,rho,0.5,2,8,5,0.5,0.5,0.5,0.6,1.0,0.5,68.999997,80,36,92.0,137.999993,42.8,1,1,1098,0
rho\set98\rho_0.6.py,rho,98,rho,0.6,2,8,5,0.5,0.5,0.6,0.6,1.0,0.5,82.799996,80,36,92.0,137.999993,42.8,1,1,1098,0
rho\set98\rho_0.7.py,rho,98,rho,0.7,2,8,5,0.5,0.5,0.7,0.6,1.0,0.5,96.599995,80,36,92.0,137.999993,42.8,1,1,1098,0
rho\set98\rho_0.8.py,rho,98,rho,0.8,2,8,5,0.5,0.5,0.8,0.6,1.0,0.5,110.399994,80,36,92.0,137.999993,42.8,1,1,1098,0
rho\set98\rho_0.9.py,rho,98,rho,0.9,2,8,5,0.5,0.5,0.9,0.6,1.0,0.5,124.199994,80,36,92.0,137.999993,42.8,1,1,1098,0
rho\set98\rho_1.py,rho,98,rho,1,2,8,5,0.5,0.5,1.0,0.6,1.0,0.5,137.999993,80,36,92.0,137.999993,42.8,1,1,1098,0
rho\set99\rho_0.2.py,rho,99,rho,0.2,2,8,5,0.5,0.5,0.2,0.6,1.0,0.5,27.599997,80,33,91.999999,137.999985,42.866666,1,1,1099,0
rho\set99\rho_0.3.py,rho,99,rho,0.3,2,8,5,0.5,0.5,0.3,0.6,1.0,0.5,41.399996,80,33,91.999999,137.999985,42.866666,1,1,1099,0
rho\set99\rho_0.4.py,rho,99,rho,0.4,2,8,5,0.5,0.5,0.4,0.6,1.0,0.5,55.199994,80,33,91.999999,137.999985,42.866666,1,1,1099,0
rho\set99\rho_0.5.py,rho,99,rho,0.5,2,8,5,0.5,0.5,0.5,0.6,1.0,0.5,68.999993,80,33,91.999999,137.999985,42.866666,1,1,1099,0
rho\set99\rho_0.6.py,rho,99,rho,0.6,2,8,5,0.5,0.5,0.6,0.6,1.0,0.5,82.799991,80,33,91.999999,137.999985,42.866666,1,1,1099,0
rho\set99\rho_0.7.py,rho,99,rho,0.7,2,8,5,0.5,0.5,0.7,0.6,1.0,0.5,96.59999,80,33,91.999999,137.999985,42.866666,1,1,1099,0
rho\set99\rho_0.8.py,rho,99,rho,0.8,2,8,5,0.5,0.5,0.8,0.6,1.0,0.5,110.399988,80,33,91.999999,137.999985,42.866666,1,1,1099,0
rho\set99\rho_0.9.py,rho,99,rho,0.9,2,8,5,0.5,0.5,0.9,0.6,1.0,0.5,124.199987,80,33,91.999999,137.999985,42.866666,1,1,1099,0
rho\set99\rho_1.py,rho,99,rho,1,2,8,5,0.5,0.5,1.0,0.6,1.0,0.5,137.999985,80,33,91.999999,137.999985,42.866666,1,1,1099,0
